YEAR,MONTH,DAY,DAY_OF_WEEK,AIRLINE,FLIGHT_NUMBER,TAIL_NUMBER,ORIGIN_AIRPORT,DESTINATION_AIRPORT,SCHEDULED_DEPARTURE,DEPARTURE_TIME,DEPARTURE_DELAY,TAXI_OUT,WHEELS_OFF,SCHEDULED_TIME,ELAPSED_TIME,AIR_TIME,DISTANCE,WHEELS_ON,TAXI_IN,SCHEDULED_ARRIVAL,ARRIVAL_TIME,ARRIVAL_DELAY,DIVERTED,CANCELLED,CANCELLATION_REASON,AIR_SYSTEM_DELAY,SECURITY_DELAY,AIRLINE_DELAY,LATE_AIRCRAFT_DELAY,WEATHER_DELAY,date,flight_depart_delayed,AIR_SYSTEM_DELAY_pct,SECURITY_DELAY_pct,AIRLINE_DELAY_pct,LATE_AIRCRAFT_DELAY_pct,WEATHER_DELAY_pct
2015,8,20,4,WN,1569,N490WN,RDU,DEN,1505,1727.0,142.0,14.0,1741.0,225.0,220.0,200.0,1436,1901.0,6.0,1650,1907.0,137.0,0,0,,0.0,0.0,0.0,137.0,0.0,2015-08-20,1,0.0,0.0,0.0,96.48,0.0
2015,8,13,4,WN,1940,N7708E,LAS,AUS,730,728.0,-2.0,19.0,747.0,160.0,169.0,145.0,1090,1212.0,5.0,1210,1217.0,7.0,0,0,,0.0,0.0,0.0,0.0,0.0,2015-08-13,0,0.0,0.0,0.0,0.0,0.0
2015,8,26,3,EV,4241,N11184,DCA,EWR,825,817.0,-8.0,13.0,830.0,66.0,60.0,34.0,199,904.0,13.0,931,917.0,-14.0,0,0,,0.0,0.0,0.0,0.0,0.0,2015-08-26,0,0.0,0.0,0.0,0.0,0.0
2015,8,13,4,DL,1588,N930DL,MYR,ATL,655,652.0,-3.0,11.0,703.0,77.0,68.0,52.0,317,755.0,5.0,812,800.0,-12.0,0,0,,0.0,0.0,0.0,0.0,0.0,2015-08-13,0,0.0,0.0,0.0,0.0,0.0
2015,8,21,5,UA,1753,N34222,BOS,ORD,1312,1802.0,290.0,24.0,1826.0,165.0,163.0,126.0,867,1932.0,13.0,1457,1945.0,288.0,0,0,,0.0,0.0,288.0,0.0,0.0,2015-08-21,1,0.0,0.0,99.31,0.0,0.0
2015,7,24,5,UA,1252,N38458,SFO,MCO,947,946.0,-1.0,18.0,1004.0,329.0,310.0,286.0,2446,1750.0,6.0,1816,1756.0,-20.0,0,0,,0.0,0.0,0.0,0.0,0.0,2015-07-24,0,0.0,0.0,0.0,0.0,0.0
2015,8,25,2,EV,4395,N14904,EWR,IND,635,629.0,-6.0,18.0,647.0,131.0,130.0,103.0,645,830.0,9.0,846,839.0,-7.0,0,0,,0.0,0.0,0.0,0.0,0.0,2015-08-25,0,0.0,0.0,0.0,0.0,0.0
2015,8,26,3,AA,2127,N816AW,BOS,DCA,700,653.0,-7.0,12.0,705.0,90.0,94.0,66.0,399,811.0,16.0,830,827.0,-3.0,0,0,,0.0,0.0,0.0,0.0,0.0,2015-08-26,0,0.0,0.0,0.0,0.0,0.0
2015,8,12,3,MQ,3188,N512MQ,CLE,ORD,1843,2102.0,139.0,13.0,2115.0,91.0,82.0,52.0,315,2107.0,17.0,1914,2124.0,130.0,0,0,,0.0,0.0,0.0,130.0,0.0,2015-08-12,1,0.0,0.0,0.0,93.53,0.0
2015,8,22,6,MQ,3512,N1EAMQ,DFW,ASE,1035,1030.0,-5.0,15.0,1045.0,133.0,123.0,105.0,701,1130.0,3.0,1148,1133.0,-15.0,0,0,,0.0,0.0,0.0,0.0,0.0,2015-08-22,0,0.0,0.0,0.0,0.0,0.0
2015,8,13,4,EV,4708,N14993,IAH,CRP,1250,1248.0,-2.0,16.0,1304.0,59.0,56.0,35.0,201,1339.0,5.0,1349,1344.0,-5.0,0,0,,0.0,0.0,0.0,0.0,0.0,2015-08-13,0,0.0,0.0,0.0,0.0,0.0
2015,8,9,7,AA,2478,N466AA,DFW,SMF,1710,1709.0,-1.0,15.0,1724.0,225.0,209.0,188.0,1431,1832.0,6.0,1855,1838.0,-17.0,0,0,,0.0,0.0,0.0,0.0,0.0,2015-08-09,0,0.0,0.0,0.0,0.0,0.0
2015,7,26,7,WN,611,N8655D,LAS,AUS,2000,2039.0,39.0,9.0,2048.0,160.0,153.0,138.0,1090,106.0,6.0,40,112.0,32.0,0,0,,0.0,0.0,2.0,30.0,0.0,2015-07-26,1,0.0,0.0,5.13,76.92,0.0
2015,8,18,2,UA,1474,N13248,ORD,DCA,1802,1805.0,3.0,42.0,1847.0,120.0,137.0,91.0,612,2118.0,4.0,2102,2122.0,20.0,0,0,,20.0,0.0,0.0,0.0,0.0,2015-08-18,0,666.67,0.0,0.0,0.0,0.0
2015,8,7,5,AA,307,N3MLAA,LGA,ORD,659,708.0,9.0,26.0,734.0,151.0,144.0,105.0,733,819.0,13.0,830,832.0,2.0,0,0,,0.0,0.0,0.0,0.0,0.0,2015-08-07,0,0.0,0.0,0.0,0.0,0.0
2015,7,28,2,OO,2874,N863AS,LAX,SMF,2115,2113.0,-2.0,11.0,2124.0,90.0,79.0,62.0,373,2226.0,6.0,2245,2232.0,-13.0,0,0,,0.0,0.0,0.0,0.0,0.0,2015-07-28,0,0.0,0.0,0.0,0.0,0.0
2015,8,30,7,DL,1328,N958AT,VPS,ATL,1559,1605.0,6.0,8.0,1613.0,82.0,61.0,41.0,250,1754.0,12.0,1821,1806.0,-15.0,0,0,,0.0,0.0,0.0,0.0,0.0,2015-08-30,0,0.0,0.0,0.0,0.0,0.0
2015,7,25,6,DL,1635,N983AT,FLL,JFK,725,720.0,-5.0,12.0,732.0,170.0,161.0,140.0,1069,952.0,9.0,1015,1001.0,-14.0,0,0,,0.0,0.0,0.0,0.0,0.0,2015-07-25,0,0.0,0.0,0.0,0.0,0.0
2015,7,30,4,DL,1195,N354NW,ATL,IAD,1459,1457.0,-2.0,18.0,1515.0,120.0,108.0,87.0,534,1642.0,3.0,1659,1645.0,-14.0,0,0,,0.0,0.0,0.0,0.0,0.0,2015-07-30,0,0.0,0.0,0.0,0.0,0.0
2015,8,18,2,WN,3048,N511SW,AMA,DAL,600,556.0,-4.0,9.0,605.0,65.0,67.0,52.0,323,657.0,6.0,705,703.0,-2.0,0,0,,0.0,0.0,0.0,0.0,0.0,2015-08-18,0,0.0,0.0,0.0,0.0,0.0
2015,8,19,3,DL,1657,N581NW,ATL,FLL,2045,2105.0,20.0,23.0,2128.0,111.0,109.0,83.0,581,2251.0,3.0,2236,2254.0,18.0,0,0,,0.0,0.0,0.0,0.0,18.0,2015-08-19,1,0.0,0.0,0.0,0.0,90.0
2015,8,16,7,B6,1169,N358JB,RIC,MCO,825,823.0,-2.0,10.0,833.0,117.0,120.0,94.0,667,1007.0,16.0,1022,1023.0,1.0,0,0,,0.0,0.0,0.0,0.0,0.0,2015-08-16,0,0.0,0.0,0.0,0.0,0.0
2015,8,9,7,WN,2092,N720WN,LGA,BNA,1130,1123.0,-7.0,16.0,1139.0,155.0,130.0,108.0,764,1227.0,6.0,1305,1233.0,-32.0,0,0,,0.0,0.0,0.0,0.0,0.0,2015-08-09,0,0.0,0.0,0.0,0.0,0.0
2015,8,5,3,MQ,3459,N809MQ,DFW,SPS,930,923.0,-7.0,16.0,939.0,52.0,49.0,28.0,113,1007.0,5.0,1022,1012.0,-10.0,0,0,,0.0,0.0,0.0,0.0,0.0,2015-08-05,0,0.0,0.0,0.0,0.0,0.0
2015,8,18,2,DL,921,N591NW,MKE,MSP,920,918.0,-2.0,12.0,930.0,75.0,76.0,57.0,297,1027.0,7.0,1035,1034.0,-1.0,0,0,,0.0,0.0,0.0,0.0,0.0,2015-08-18,0,0.0,0.0,0.0,0.0,0.0
2015,8,8,6,EV,3262,N14902,IAH,ATL,715,712.0,-3.0,14.0,726.0,135.0,121.0,98.0,689,1004.0,9.0,1030,1013.0,-17.0,0,0,,0.0,0.0,0.0,0.0,0.0,2015-08-08,0,0.0,0.0,0.0,0.0,0.0
2015,8,11,2,MQ,3496,N923MQ,ORD,CMH,1150,1146.0,-4.0,14.0,1200.0,86.0,75.0,48.0,296,1348.0,13.0,1416,1401.0,-15.0,0,0,,0.0,0.0,0.0,0.0,0.0,2015-08-11,0,0.0,0.0,0.0,0.0,0.0
2015,8,5,3,B6,844,N266JB,CHS,DCA,1331,1317.0,-14.0,11.0,1328.0,86.0,74.0,60.0,444,1428.0,3.0,1457,1431.0,-26.0,0,0,,0.0,0.0,0.0,0.0,0.0,2015-08-05,0,0.0,0.0,0.0,0.0,0.0
2015,7,29,3,EV,6011,N14923,ABE,ORD,1154,1146.0,-8.0,9.0,1155.0,124.0,114.0,96.0,654,1231.0,9.0,1258,1240.0,-18.0,0,0,,0.0,0.0,0.0,0.0,0.0,2015-07-29,0,0.0,0.0,0.0,0.0,0.0
2015,8,14,5,EV,4209,N12528,BTR,IAH,525,523.0,-2.0,13.0,536.0,66.0,63.0,46.0,253,622.0,4.0,631,626.0,-5.0,0,0,,0.0,0.0,0.0,0.0,0.0,2015-08-14,0,0.0,0.0,0.0,0.0,0.0
2015,8,25,2,AA,1107,N3CYAA,LGA,DFW,620,619.0,-1.0,12.0,631.0,227.0,210.0,187.0,1389,838.0,11.0,907,849.0,-18.0,0,0,,0.0,0.0,0.0,0.0,0.0,2015-08-25,0,0.0,0.0,0.0,0.0,0.0
2015,7,22,3,AA,596,N655AW,PHX,MCI,1855,1848.0,-7.0,21.0,1909.0,156.0,152.0,124.0,1044,2313.0,7.0,2331,2320.0,-11.0,0,0,,0.0,0.0,0.0,0.0,0.0,2015-07-22,0,0.0,0.0,0.0,0.0,0.0
2015,8,5,3,MQ,3241,N647MQ,ORD,MLI,1656,1657.0,1.0,27.0,1724.0,65.0,59.0,28.0,139,1752.0,4.0,1801,1756.0,-5.0,0,0,,0.0,0.0,0.0,0.0,0.0,2015-08-05,0,0.0,0.0,0.0,0.0,0.0
2015,8,16,7,AA,416,N820AW,RNO,PHX,930,924.0,-6.0,13.0,937.0,102.0,99.0,83.0,601,1100.0,3.0,1112,1103.0,-9.0,0,0,,0.0,0.0,0.0,0.0,0.0,2015-08-16,0,0.0,0.0,0.0,0.0,0.0
2015,8,26,3,UA,1669,N38417,SFO,ORD,1330,1328.0,-2.0,28.0,1356.0,261.0,256.0,213.0,1846,1929.0,15.0,1951,1944.0,-7.0,0,0,,0.0,0.0,0.0,0.0,0.0,2015-08-26,0,0.0,0.0,0.0,0.0,0.0
2015,7,26,7,OO,5585,N795SK,SFO,OKC,1041,1037.0,-4.0,25.0,1102.0,204.0,202.0,171.0,1384,1553.0,6.0,1605,1559.0,-6.0,0,0,,0.0,0.0,0.0,0.0,0.0,2015-07-26,0,0.0,0.0,0.0,0.0,0.0
2015,8,26,3,F9,1287,N229FR,ORD,DEN,1530,1530.0,0.0,22.0,1552.0,160.0,159.0,132.0,888,1704.0,5.0,1710,1709.0,-1.0,0,0,,0.0,0.0,0.0,0.0,0.0,2015-08-26,0,0.0,0.0,0.0,0.0,0.0
2015,8,8,6,UA,371,N825UA,PHL,IAH,1113,1109.0,-4.0,14.0,1123.0,206.0,194.0,168.0,1325,1311.0,12.0,1339,1323.0,-16.0,0,0,,0.0,0.0,0.0,0.0,0.0,2015-08-08,0,0.0,0.0,0.0,0.0,0.0
2015,7,26,7,EV,4363,N14158,IAH,ELP,2113,2110.0,-3.0,13.0,2123.0,111.0,103.0,87.0,667,2150.0,3.0,2204,2153.0,-11.0,0,0,,0.0,0.0,0.0,0.0,0.0,2015-07-26,0,0.0,0.0,0.0,0.0,0.0
2015,8,15,6,AA,2066,N746UW,CLT,LGA,1305,1405.0,60.0,12.0,1417.0,107.0,139.0,120.0,544,1617.0,7.0,1452,1624.0,92.0,0,0,,32.0,0.0,0.0,60.0,0.0,2015-08-15,1,53.33,0.0,0.0,100.0,0.0
2015,8,2,7,WN,4721,N8658A,BOS,BWI,645,956.0,191.0,22.0,1018.0,95.0,83.0,58.0,369,1116.0,3.0,820,1119.0,179.0,0,0,,0.0,0.0,179.0,0.0,0.0,2015-08-02,1,0.0,0.0,93.72,0.0,0.0
2015,8,11,2,AA,778,N656AW,IAH,PHX,805,802.0,-3.0,19.0,821.0,176.0,170.0,129.0,1009,830.0,22.0,901,852.0,-9.0,0,0,,0.0,0.0,0.0,0.0,0.0,2015-08-11,0,0.0,0.0,0.0,0.0,0.0
2015,7,29,3,DL,2526,N808DN,BZN,SLC,625,616.0,-9.0,22.0,638.0,70.0,81.0,49.0,347,727.0,10.0,735,737.0,2.0,0,0,,0.0,0.0,0.0,0.0,0.0,2015-07-29,0,0.0,0.0,0.0,0.0,0.0
2015,8,10,1,OO,5427,N507CA,SFO,RDD,1426,1414.0,-12.0,16.0,1430.0,64.0,63.0,43.0,199,1513.0,4.0,1530,1517.0,-13.0,0,0,,0.0,0.0,0.0,0.0,0.0,2015-08-10,0,0.0,0.0,0.0,0.0,0.0
2015,8,1,6,WN,2024,N356SW,SEA,LAS,1645,1646.0,1.0,15.0,1701.0,150.0,146.0,125.0,867,1906.0,6.0,1915,1912.0,-3.0,0,0,,0.0,0.0,0.0,0.0,0.0,2015-08-01,0,0.0,0.0,0.0,0.0,0.0
2015,8,14,5,EV,5342,N842AS,ATL,EVV,1648,1644.0,-4.0,20.0,1704.0,82.0,83.0,59.0,350,1703.0,4.0,1710,1707.0,-3.0,0,0,,0.0,0.0,0.0,0.0,0.0,2015-08-14,0,0.0,0.0,0.0,0.0,0.0
2015,8,18,2,OO,6260,N719SK,JAC,SFO,700,657.0,-3.0,24.0,721.0,146.0,141.0,110.0,737,811.0,7.0,826,818.0,-8.0,0,0,,0.0,0.0,0.0,0.0,0.0,2015-08-18,0,0.0,0.0,0.0,0.0,0.0
2015,7,24,5,OO,6534,N962SW,DEN,IDA,1106,1110.0,4.0,14.0,1124.0,97.0,94.0,75.0,458,1239.0,5.0,1243,1244.0,1.0,0,0,,0.0,0.0,0.0,0.0,0.0,2015-07-24,0,0.0,0.0,0.0,0.0,0.0
2015,8,16,7,EV,4888,N695CA,IAH,MSP,745,743.0,-2.0,16.0,759.0,170.0,160.0,138.0,1034,1017.0,6.0,1035,1023.0,-12.0,0,0,,0.0,0.0,0.0,0.0,0.0,2015-08-16,0,0.0,0.0,0.0,0.0,0.0
2015,8,13,4,B6,308,N324JB,JFK,PWM,1329,1320.0,-9.0,16.0,1336.0,81.0,63.0,45.0,273,1421.0,2.0,1450,1423.0,-27.0,0,0,,0.0,0.0,0.0,0.0,0.0,2015-08-13,0,0.0,0.0,0.0,0.0,0.0
2015,8,13,4,UA,577,N411UA,IAH,EWR,1250,1325.0,35.0,14.0,1339.0,234.0,206.0,183.0,1400,1742.0,9.0,1744,1751.0,7.0,0,0,,0.0,0.0,0.0,0.0,0.0,2015-08-13,1,0.0,0.0,0.0,0.0,0.0
2015,8,8,6,WN,156,N8329B,HOU,LAS,1425,1425.0,0.0,7.0,1432.0,185.0,175.0,162.0,1235,1514.0,6.0,1530,1520.0,-10.0,0,0,,0.0,0.0,0.0,0.0,0.0,2015-08-08,0,0.0,0.0,0.0,0.0,0.0
2015,7,28,2,AA,2330,N4YPAA,DFW,ORD,1905,1919.0,14.0,9.0,1928.0,156.0,124.0,107.0,802,2115.0,8.0,2141,2123.0,-18.0,0,0,,0.0,0.0,0.0,0.0,0.0,2015-07-28,0,0.0,0.0,0.0,0.0,0.0
2015,7,30,4,WN,4123,N8659D,MCO,DEN,1750,1757.0,7.0,18.0,1815.0,240.0,226.0,203.0,1546,1938.0,5.0,1950,1943.0,-7.0,0,0,,0.0,0.0,0.0,0.0,0.0,2015-07-30,0,0.0,0.0,0.0,0.0,0.0
2015,8,25,2,AA,186,N3JLAA,ORD,BOS,1155,1150.0,-5.0,12.0,1202.0,147.0,122.0,105.0,867,1447.0,5.0,1522,1452.0,-30.0,0,0,,0.0,0.0,0.0,0.0,0.0,2015-08-25,0,0.0,0.0,0.0,0.0,0.0
2015,8,22,6,DL,1344,N905DL,MCI,DTW,800,804.0,4.0,14.0,818.0,114.0,116.0,96.0,629,1054.0,6.0,1054,1100.0,6.0,0,0,,0.0,0.0,0.0,0.0,0.0,2015-08-22,0,0.0,0.0,0.0,0.0,0.0
2015,8,8,6,DL,2826,N325US,SLC,LAS,1123,1117.0,-6.0,14.0,1131.0,79.0,79.0,56.0,368,1127.0,9.0,1142,1136.0,-6.0,0,0,,0.0,0.0,0.0,0.0,0.0,2015-08-08,0,0.0,0.0,0.0,0.0,0.0
2015,8,13,4,OO,5315,N918SW,DEN,JMS,1000,955.0,-5.0,33.0,1028.0,110.0,118.0,80.0,573,1248.0,5.0,1250,1253.0,3.0,0,0,,0.0,0.0,0.0,0.0,0.0,2015-08-13,0,0.0,0.0,0.0,0.0,0.0
2015,8,9,7,OO,6531,N705SK,SAT,LAX,1237,1247.0,10.0,18.0,1305.0,196.0,186.0,155.0,1211,1340.0,13.0,1353,1353.0,0.0,0,0,,0.0,0.0,0.0,0.0,0.0,2015-08-09,0,0.0,0.0,0.0,0.0,0.0
2015,7,31,5,DL,2524,N362NW,SLC,GEG,1131,1136.0,5.0,10.0,1146.0,98.0,89.0,75.0,546,1201.0,4.0,1209,1205.0,-4.0,0,0,,0.0,0.0,0.0,0.0,0.0,2015-07-31,0,0.0,0.0,0.0,0.0,0.0
2015,8,11,2,AA,1853,N114UW,CLT,RSW,955,953.0,-2.0,37.0,1030.0,120.0,121.0,81.0,600,1151.0,3.0,1155,1154.0,-1.0,0,0,,0.0,0.0,0.0,0.0,0.0,2015-08-11,0,0.0,0.0,0.0,0.0,0.0
2015,8,22,6,AA,1937,N176UW,CLT,BOS,1130,1132.0,2.0,24.0,1156.0,131.0,130.0,98.0,728,1334.0,8.0,1341,1342.0,1.0,0,0,,0.0,0.0,0.0,0.0,0.0,2015-08-22,0,0.0,0.0,0.0,0.0,0.0
2015,8,17,1,EV,5058,N538CA,MSP,CLE,1912,1911.0,-1.0,19.0,1930.0,111.0,106.0,80.0,622,2150.0,7.0,2203,2157.0,-6.0,0,0,,0.0,0.0,0.0,0.0,0.0,2015-08-17,0,0.0,0.0,0.0,0.0,0.0
2015,8,14,5,HA,342,N485HA,HNL,ITO,806,758.0,-8.0,11.0,809.0,50.0,56.0,39.0,216,848.0,6.0,856,854.0,-2.0,0,0,,0.0,0.0,0.0,0.0,0.0,2015-08-14,0,0.0,0.0,0.0,0.0,0.0
2015,8,24,1,B6,162,N537JB,SMF,JFK,2240,2318.0,38.0,11.0,2329.0,320.0,312.0,296.0,2521,725.0,5.0,700,730.0,30.0,0,0,,0.0,0.0,0.0,30.0,0.0,2015-08-24,1,0.0,0.0,0.0,78.95,0.0
2015,8,7,5,WN,701,N752SW,BWI,IND,2215,2235.0,20.0,15.0,2250.0,100.0,98.0,76.0,516,6.0,7.0,2355,13.0,18.0,0,0,,0.0,0.0,0.0,18.0,0.0,2015-08-07,1,0.0,0.0,0.0,90.0,0.0
2015,8,13,4,AA,2214,N469AA,DFW,ABQ,905,858.0,-7.0,14.0,912.0,114.0,99.0,78.0,569,930.0,7.0,959,937.0,-22.0,0,0,,0.0,0.0,0.0,0.0,0.0,2015-08-13,0,0.0,0.0,0.0,0.0,0.0
2015,8,21,5,WN,384,N285WN,SAT,ELP,625,620.0,-5.0,11.0,631.0,90.0,90.0,69.0,496,640.0,10.0,655,650.0,-5.0,0,0,,0.0,0.0,0.0,0.0,0.0,2015-08-21,0,0.0,0.0,0.0,0.0,0.0
2015,8,10,1,HA,529,N480HA,OGG,HNL,1256,1253.0,-3.0,9.0,1302.0,36.0,38.0,21.0,100,1323.0,8.0,1332,1331.0,-1.0,0,0,,0.0,0.0,0.0,0.0,0.0,2015-08-10,0,0.0,0.0,0.0,0.0,0.0
2015,8,27,4,DL,2329,N803DN,SEA,ANC,1735,1733.0,-2.0,18.0,1751.0,207.0,222.0,200.0,1448,2011.0,4.0,2002,2015.0,13.0,0,0,,0.0,0.0,0.0,0.0,0.0,2015-08-27,0,0.0,0.0,0.0,0.0,0.0
2015,8,4,2,MQ,3321,N691MQ,DFW,ROW,1520,1519.0,-1.0,10.0,1529.0,95.0,78.0,66.0,435,1535.0,2.0,1555,1537.0,-18.0,0,0,,0.0,0.0,0.0,0.0,0.0,2015-08-04,0,0.0,0.0,0.0,0.0,0.0
2015,8,24,1,WN,581,N767SW,DEN,STL,820,818.0,-2.0,14.0,832.0,115.0,109.0,91.0,770,1103.0,4.0,1115,1107.0,-8.0,0,0,,0.0,0.0,0.0,0.0,0.0,2015-08-24,0,0.0,0.0,0.0,0.0,0.0
2015,8,6,4,AA,111,N3GXAA,ORD,LAX,1710,1712.0,2.0,22.0,1734.0,284.0,276.0,249.0,1744,1943.0,5.0,1954,1948.0,-6.0,0,0,,0.0,0.0,0.0,0.0,0.0,2015-08-06,0,0.0,0.0,0.0,0.0,0.0
2015,7,31,5,DL,2504,N959DL,ATL,HSV,1926,2126.0,120.0,21.0,2147.0,63.0,59.0,31.0,151,2118.0,7.0,1929,2125.0,116.0,0,0,,116.0,0.0,0.0,0.0,0.0,2015-07-31,1,96.67,0.0,0.0,0.0,0.0
2015,7,31,5,NK,500,N523NK,IAH,ORD,1839,1834.0,-5.0,10.0,1844.0,156.0,149.0,124.0,925,2048.0,15.0,2115,2103.0,-12.0,0,0,,0.0,0.0,0.0,0.0,0.0,2015-07-31,0,0.0,0.0,0.0,0.0,0.0
2015,8,27,4,WN,1265,N8309C,FLL,DAL,1730,1930.0,120.0,9.0,1939.0,190.0,160.0,146.0,1108,2105.0,5.0,1940,2110.0,90.0,0,0,,0.0,0.0,90.0,0.0,0.0,2015-08-27,1,0.0,0.0,75.0,0.0,0.0
2015,7,24,5,EV,4277,N10575,IAH,ICT,1250,1245.0,-5.0,11.0,1256.0,108.0,114.0,80.0,542,1416.0,23.0,1438,1439.0,1.0,0,0,,0.0,0.0,0.0,0.0,0.0,2015-07-24,0,0.0,0.0,0.0,0.0,0.0
2015,8,19,3,WN,1564,N797MX,MDW,IAD,1400,1359.0,-1.0,27.0,1426.0,110.0,115.0,84.0,577,1650.0,4.0,1650,1654.0,4.0,0,0,,0.0,0.0,0.0,0.0,0.0,2015-08-19,0,0.0,0.0,0.0,0.0,0.0
2015,7,24,5,UA,1588,N69847,ORD,PDX,913,914.0,1.0,28.0,942.0,264.0,267.0,235.0,1739,1137.0,4.0,1137,1141.0,4.0,0,0,,0.0,0.0,0.0,0.0,0.0,2015-07-24,0,0.0,0.0,0.0,0.0,0.0
2015,8,4,2,OO,4778,N603QX,GEG,SEA,1630,1624.0,-6.0,13.0,1637.0,64.0,69.0,43.0,224,1720.0,13.0,1734,1733.0,-1.0,0,0,,0.0,0.0,0.0,0.0,0.0,2015-08-04,0,0.0,0.0,0.0,0.0,0.0
2015,7,23,4,AA,1133,N3ADAA,MIA,LGA,705,703.0,-2.0,23.0,726.0,177.0,180.0,149.0,1096,955.0,8.0,1002,1003.0,1.0,0,0,,0.0,0.0,0.0,0.0,0.0,2015-07-23,0,0.0,0.0,0.0,0.0,0.0
2015,7,26,7,EV,4684,N13969,PNS,IAH,1852,1842.0,-10.0,12.0,1854.0,97.0,94.0,74.0,489,2008.0,8.0,2029,2016.0,-13.0,0,0,,0.0,0.0,0.0,0.0,0.0,2015-07-26,0,0.0,0.0,0.0,0.0,0.0
2015,8,18,2,MQ,3581,N8EGMQ,RDU,LGA,1248,1242.0,-6.0,26.0,1308.0,102.0,120.0,71.0,431,1419.0,23.0,1430,1442.0,12.0,0,0,,0.0,0.0,0.0,0.0,0.0,2015-08-18,0,0.0,0.0,0.0,0.0,0.0
2015,8,20,4,EV,4869,N937EV,TRI,ATL,1806,1755.0,-11.0,12.0,1807.0,67.0,69.0,43.0,227,1850.0,14.0,1913,1904.0,-9.0,0,0,,0.0,0.0,0.0,0.0,0.0,2015-08-20,0,0.0,0.0,0.0,0.0,0.0
2015,8,4,2,WN,622,N776WN,SNA,SJC,1335,1345.0,10.0,9.0,1354.0,70.0,67.0,54.0,342,1448.0,4.0,1445,1452.0,7.0,0,0,,0.0,0.0,0.0,0.0,0.0,2015-08-04,0,0.0,0.0,0.0,0.0,0.0
2015,8,19,3,DL,1756,N909DA,ATL,MLB,2116,2135.0,19.0,23.0,2158.0,94.0,91.0,63.0,442,2301.0,5.0,2250,2306.0,16.0,0,0,,0.0,0.0,0.0,0.0,16.0,2015-08-19,1,0.0,0.0,0.0,0.0,84.21
2015,8,7,5,DL,1221,N906DE,OKC,ATL,1546,1541.0,-5.0,9.0,1550.0,132.0,113.0,97.0,761,1827.0,7.0,1858,1834.0,-24.0,0,0,,0.0,0.0,0.0,0.0,0.0,2015-08-07,0,0.0,0.0,0.0,0.0,0.0
2015,8,18,2,AA,1269,N021AA,MIA,MSY,1220,1241.0,21.0,17.0,1258.0,118.0,121.0,102.0,675,1340.0,2.0,1318,1342.0,24.0,0,0,,3.0,0.0,9.0,12.0,0.0,2015-08-18,1,14.29,0.0,42.86,57.14,0.0
2015,8,14,5,DL,2529,N967DL,ATL,CLE,2204,2302.0,58.0,9.0,2311.0,108.0,96.0,78.0,554,29.0,9.0,2352,38.0,46.0,0,0,,0.0,0.0,46.0,0.0,0.0,2015-08-14,1,0.0,0.0,79.31,0.0,0.0
2015,8,21,5,WN,1894,N716SW,OAK,LAS,605,605.0,0.0,11.0,616.0,90.0,79.0,63.0,407,719.0,5.0,735,724.0,-11.0,0,0,,0.0,0.0,0.0,0.0,0.0,2015-08-21,0,0.0,0.0,0.0,0.0,0.0
2015,8,24,1,MQ,3251,N923MQ,BIS,ORD,1512,1524.0,12.0,11.0,1535.0,137.0,114.0,92.0,716,1707.0,11.0,1729,1718.0,-11.0,0,0,,0.0,0.0,0.0,0.0,0.0,2015-08-24,0,0.0,0.0,0.0,0.0,0.0
2015,8,21,5,WN,1905,N290WN,LAS,SJC,740,735.0,-5.0,13.0,748.0,85.0,98.0,81.0,386,909.0,4.0,905,913.0,8.0,0,0,,0.0,0.0,0.0,0.0,0.0,2015-08-21,0,0.0,0.0,0.0,0.0,0.0
2015,8,14,5,MQ,3309,N6EAMQ,ORD,ATL,810,805.0,-5.0,11.0,816.0,120.0,98.0,79.0,606,1035.0,8.0,1110,1043.0,-27.0,0,0,,0.0,0.0,0.0,0.0,0.0,2015-08-14,0,0.0,0.0,0.0,0.0,0.0
2015,8,20,4,DL,1828,N894AT,ATL,SAV,839,837.0,-2.0,19.0,856.0,56.0,62.0,39.0,214,935.0,4.0,935,939.0,4.0,0,0,,0.0,0.0,0.0,0.0,0.0,2015-08-20,0,0.0,0.0,0.0,0.0,0.0
2015,8,9,7,WN,3681,N560WN,LAX,SJC,1350,1349.0,-1.0,10.0,1359.0,70.0,63.0,50.0,308,1449.0,3.0,1500,1452.0,-8.0,0,0,,0.0,0.0,0.0,0.0,0.0,2015-08-09,0,0.0,0.0,0.0,0.0,0.0
2015,7,30,4,MQ,3603,N657MQ,BHM,MIA,535,532.0,-3.0,16.0,548.0,117.0,118.0,98.0,661,826.0,4.0,832,830.0,-2.0,0,0,,0.0,0.0,0.0,0.0,0.0,2015-07-30,0,0.0,0.0,0.0,0.0,0.0
2015,8,17,1,AS,558,N590AS,PDX,LAX,640,641.0,1.0,12.0,653.0,150.0,138.0,116.0,834,849.0,10.0,910,859.0,-11.0,0,0,,0.0,0.0,0.0,0.0,0.0,2015-08-17,0,0.0,0.0,0.0,0.0,0.0
2015,8,30,7,EV,4900,N719EV,FWA,DTW,1340,1332.0,-8.0,7.0,1339.0,59.0,51.0,35.0,128,1414.0,9.0,1439,1423.0,-16.0,0,0,,0.0,0.0,0.0,0.0,0.0,2015-08-30,0,0.0,0.0,0.0,0.0,0.0
2015,8,15,6,WN,995,N435WN,GEG,DEN,615,614.0,-1.0,9.0,623.0,130.0,119.0,105.0,836,908.0,5.0,925,913.0,-12.0,0,0,,0.0,0.0,0.0,0.0,0.0,2015-08-15,0,0.0,0.0,0.0,0.0,0.0
2015,7,23,4,B6,216,N763JB,LGB,AUS,710,700.0,-10.0,10.0,710.0,171.0,170.0,155.0,1226,1145.0,5.0,1201,1150.0,-11.0,0,0,,0.0,0.0,0.0,0.0,0.0,2015-07-23,0,0.0,0.0,0.0,0.0,0.0
2015,8,18,2,DL,2035,N996DL,ATL,MKE,1505,1529.0,24.0,15.0,1544.0,124.0,111.0,92.0,669,1616.0,4.0,1609,1620.0,11.0,0,0,,0.0,0.0,0.0,0.0,0.0,2015-08-18,1,0.0,0.0,0.0,0.0,0.0
2015,8,11,2,DL,514,N943DL,ATL,BDL,1755,1751.0,-4.0,53.0,1844.0,153.0,173.0,112.0,859,2036.0,8.0,2028,2044.0,16.0,0,0,,16.0,0.0,0.0,0.0,0.0,2015-08-11,0,-400.0,-0.0,-0.0,-0.0,-0.0
2015,7,24,5,MQ,3256,N622MQ,AZO,ORD,613,608.0,-5.0,8.0,616.0,50.0,45.0,31.0,122,547.0,6.0,603,553.0,-10.0,0,0,,0.0,0.0,0.0,0.0,0.0,2015-07-24,0,0.0,0.0,0.0,0.0,0.0
2015,8,12,3,EV,5922,N14916,SCE,ORD,1711,1714.0,3.0,7.0,1721.0,108.0,103.0,81.0,528,1742.0,15.0,1759,1757.0,-2.0,0,0,,0.0,0.0,0.0,0.0,0.0,2015-08-12,0,0.0,0.0,0.0,0.0,0.0
2015,7,26,7,AA,492,N197UW,PHL,DFW,2050,2055.0,5.0,51.0,2146.0,215.0,224.0,167.0,1303,2333.0,6.0,2325,2339.0,14.0,0,0,,0.0,0.0,0.0,0.0,0.0,2015-07-26,0,0.0,0.0,0.0,0.0,0.0
2015,8,4,2,WN,682,N427WN,BOS,BWI,915,917.0,2.0,37.0,954.0,90.0,108.0,67.0,369,1101.0,4.0,1045,1105.0,20.0,0,0,,20.0,0.0,0.0,0.0,0.0,2015-08-04,0,1000.0,0.0,0.0,0.0,0.0
2015,8,2,7,AA,966,N3EXAA,MIA,EWR,1825,1825.0,0.0,14.0,1839.0,181.0,182.0,164.0,1085,2123.0,4.0,2126,2127.0,1.0,0,0,,0.0,0.0,0.0,0.0,0.0,2015-08-02,0,0.0,0.0,0.0,0.0,0.0
2015,7,27,1,UA,493,N528UA,PHL,ORD,2005,1957.0,-8.0,14.0,2011.0,140.0,125.0,97.0,678,2048.0,14.0,2125,2102.0,-23.0,0,0,,0.0,0.0,0.0,0.0,0.0,2015-07-27,0,0.0,0.0,0.0,0.0,0.0
2015,8,17,1,AA,255,N789AA,JFK,LAX,1000,1016.0,16.0,26.0,1042.0,368.0,351.0,320.0,2475,1302.0,5.0,1308,1307.0,-1.0,0,0,,0.0,0.0,0.0,0.0,0.0,2015-08-17,1,0.0,0.0,0.0,0.0,0.0
2015,7,30,4,DL,1873,N927DA,ATL,MIA,1735,1733.0,-2.0,13.0,1746.0,125.0,111.0,91.0,594,1917.0,7.0,1940,1924.0,-16.0,0,0,,0.0,0.0,0.0,0.0,0.0,2015-07-30,0,0.0,0.0,0.0,0.0,0.0
2015,7,26,7,B6,593,N306JB,ACK,DCA,1745,1738.0,-7.0,18.0,1756.0,93.0,94.0,73.0,405,1909.0,3.0,1918,1912.0,-6.0,0,0,,0.0,0.0,0.0,0.0,0.0,2015-07-26,0,0.0,0.0,0.0,0.0,0.0
2015,8,12,3,AS,145,N459AS,ORD,ANC,945,943.0,-2.0,14.0,957.0,403.0,400.0,381.0,2846,1318.0,5.0,1328,1323.0,-5.0,0,0,,0.0,0.0,0.0,0.0,0.0,2015-08-12,0,0.0,0.0,0.0,0.0,0.0
2015,7,24,5,NK,412,N617NK,MYR,LBE,1234,1225.0,-9.0,9.0,1234.0,88.0,82.0,67.0,456,1341.0,6.0,1402,1347.0,-15.0,0,0,,0.0,0.0,0.0,0.0,0.0,2015-07-24,0,0.0,0.0,0.0,0.0,0.0
2015,8,22,6,B6,223,N942JB,JFK,LAX,929,928.0,-1.0,22.0,950.0,359.0,346.0,319.0,2475,1209.0,5.0,1228,1214.0,-14.0,0,0,,0.0,0.0,0.0,0.0,0.0,2015-08-22,0,0.0,0.0,0.0,0.0,0.0
2015,8,9,7,F9,1291,N920FR,RDU,ORD,1710,1723.0,13.0,12.0,1735.0,130.0,121.0,97.0,646,1812.0,12.0,1820,1824.0,4.0,0,0,,0.0,0.0,0.0,0.0,0.0,2015-08-09,0,0.0,0.0,0.0,0.0,0.0
2015,8,26,3,AA,545,N575UW,LAX,PHX,1620,1706.0,46.0,20.0,1726.0,98.0,90.0,62.0,370,1828.0,8.0,1758,1836.0,38.0,0,0,,0.0,0.0,0.0,38.0,0.0,2015-08-26,1,0.0,0.0,0.0,82.61,0.0
2015,8,29,6,AA,1497,N3JWAA,DFW,RNO,1710,1709.0,-1.0,16.0,1725.0,210.0,202.0,181.0,1345,1826.0,5.0,1840,1831.0,-9.0,0,0,,0.0,0.0,0.0,0.0,0.0,2015-08-29,0,0.0,0.0,0.0,0.0,0.0
2015,7,29,3,MQ,3413,N843MQ,DCA,JFK,1235,1230.0,-5.0,11.0,1241.0,84.0,60.0,43.0,213,1324.0,6.0,1359,1330.0,-29.0,0,0,,0.0,0.0,0.0,0.0,0.0,2015-07-29,0,0.0,0.0,0.0,0.0,0.0
2015,8,9,7,DL,1661,N911DA,ATL,PHL,1520,1540.0,20.0,19.0,1559.0,135.0,115.0,93.0,666,1732.0,3.0,1735,1735.0,0.0,0,0,,0.0,0.0,0.0,0.0,0.0,2015-08-09,1,0.0,0.0,0.0,0.0,0.0
2015,8,1,6,OO,4577,N910EV,DTW,PLN,1945,1946.0,1.0,23.0,2009.0,69.0,71.0,44.0,243,2053.0,4.0,2054,2057.0,3.0,0,0,,0.0,0.0,0.0,0.0,0.0,2015-08-01,0,0.0,0.0,0.0,0.0,0.0
2015,7,25,6,NK,109,N514NK,BOS,DTW,2135,2118.0,-17.0,16.0,2134.0,131.0,120.0,93.0,632,2307.0,11.0,2346,2318.0,-28.0,0,0,,0.0,0.0,0.0,0.0,0.0,2015-07-25,0,0.0,0.0,0.0,0.0,0.0
2015,7,24,5,AS,858,N563AS,LIH,SAN,1035,1026.0,-9.0,12.0,1038.0,332.0,330.0,315.0,2676,1853.0,3.0,1907,1856.0,-11.0,0,0,,0.0,0.0,0.0,0.0,0.0,2015-07-24,0,0.0,0.0,0.0,0.0,0.0
2015,8,21,5,MQ,3146,N935MQ,BMI,ORD,1822,1814.0,-8.0,5.0,1819.0,59.0,49.0,29.0,116,1848.0,15.0,1921,1903.0,-18.0,0,0,,0.0,0.0,0.0,0.0,0.0,2015-08-21,0,0.0,0.0,0.0,0.0,0.0
2015,7,27,1,DL,1287,N368NB,DTW,BNA,1520,1515.0,-5.0,23.0,1538.0,89.0,89.0,61.0,456,1539.0,5.0,1549,1544.0,-5.0,0,0,,0.0,0.0,0.0,0.0,0.0,2015-07-27,0,0.0,0.0,0.0,0.0,0.0
2015,8,24,1,DL,2208,N902DE,IAH,ATL,1653,1725.0,32.0,9.0,1734.0,132.0,105.0,92.0,689,2006.0,4.0,2005,2010.0,5.0,0,0,,0.0,0.0,0.0,0.0,0.0,2015-08-24,1,0.0,0.0,0.0,0.0,0.0
2015,8,9,7,WN,1942,N567WN,ATL,BOS,820,817.0,-3.0,15.0,832.0,160.0,154.0,129.0,946,1041.0,10.0,1100,1051.0,-9.0,0,0,,0.0,0.0,0.0,0.0,0.0,2015-08-09,0,0.0,0.0,0.0,0.0,0.0
2015,8,12,3,HA,137,N489HA,KOA,HNL,1341,1338.0,-3.0,7.0,1345.0,44.0,45.0,32.0,163,1417.0,6.0,1425,1423.0,-2.0,0,0,,0.0,0.0,0.0,0.0,0.0,2015-08-12,0,0.0,0.0,0.0,0.0,0.0
2015,8,20,4,B6,669,N590JB,JFK,SJC,1835,1834.0,-1.0,64.0,1938.0,391.0,415.0,340.0,2569,2218.0,11.0,2206,2229.0,23.0,0,0,,23.0,0.0,0.0,0.0,0.0,2015-08-20,0,-2300.0,-0.0,-0.0,-0.0,-0.0
2015,7,30,4,AA,1057,N3BKAA,BOS,DFW,500,452.0,-8.0,11.0,503.0,247.0,226.0,201.0,1562,724.0,14.0,807,738.0,-29.0,0,0,,0.0,0.0,0.0,0.0,0.0,2015-07-30,0,0.0,0.0,0.0,0.0,0.0
2015,8,2,7,AA,1794,N769US,IAH,PHL,1236,1312.0,36.0,27.0,1339.0,214.0,203.0,173.0,1325,1732.0,3.0,1710,1735.0,25.0,0,0,,0.0,0.0,0.0,25.0,0.0,2015-08-02,1,0.0,0.0,0.0,69.44,0.0
2015,8,20,4,WN,511,N939WN,CLT,BWI,1910,2124.0,134.0,17.0,2141.0,95.0,85.0,64.0,361,2245.0,4.0,2045,2249.0,124.0,0,0,,0.0,0.0,2.0,122.0,0.0,2015-08-20,1,0.0,0.0,1.49,91.04,0.0
2015,8,5,3,EV,3274,N21197,ERI,ORD,1745,1742.0,-3.0,13.0,1755.0,96.0,94.0,69.0,398,1804.0,12.0,1821,1816.0,-5.0,0,0,,0.0,0.0,0.0,0.0,0.0,2015-08-05,0,0.0,0.0,0.0,0.0,0.0
2015,8,4,2,AA,351,N570AA,DFW,IAH,1359,1356.0,-3.0,11.0,1407.0,74.0,54.0,38.0,224,1445.0,5.0,1513,1450.0,-23.0,0,0,,0.0,0.0,0.0,0.0,0.0,2015-08-04,0,0.0,0.0,0.0,0.0,0.0
2015,8,13,4,AS,812,N513AS,OGG,SJC,1340,1329.0,-11.0,16.0,1345.0,291.0,286.0,267.0,2355,2112.0,3.0,2131,2115.0,-16.0,0,0,,0.0,0.0,0.0,0.0,0.0,2015-08-13,0,0.0,0.0,0.0,0.0,0.0
2015,8,3,1,B6,1801,N607JB,JFK,FLL,1553,1647.0,54.0,30.0,1717.0,205.0,205.0,167.0,1069,2004.0,8.0,1918,2012.0,54.0,0,0,,0.0,0.0,35.0,19.0,0.0,2015-08-03,1,0.0,0.0,64.81,35.19,0.0
2015,8,7,5,WN,100,N243WN,MCO,BDL,1300,1419.0,79.0,33.0,1452.0,160.0,188.0,150.0,1050,1722.0,5.0,1540,1727.0,107.0,0,0,,28.0,0.0,0.0,57.0,22.0,2015-08-07,1,35.44,0.0,0.0,72.15,27.85
2015,7,26,7,WN,707,N8311Q,BWI,HOU,745,745.0,0.0,8.0,753.0,190.0,173.0,159.0,1246,932.0,6.0,955,938.0,-17.0,0,0,,0.0,0.0,0.0,0.0,0.0,2015-07-26,0,0.0,0.0,0.0,0.0,0.0
2015,8,25,2,EV,5457,N852AS,BGM,DTW,610,608.0,-2.0,22.0,630.0,84.0,92.0,67.0,378,737.0,3.0,734,740.0,6.0,0,0,,0.0,0.0,0.0,0.0,0.0,2015-08-25,0,0.0,0.0,0.0,0.0,0.0
2015,7,26,7,B6,3,N535JB,JFK,SJU,800,756.0,-4.0,17.0,813.0,235.0,210.0,190.0,1598,1123.0,3.0,1155,1126.0,-29.0,0,0,,0.0,0.0,0.0,0.0,0.0,2015-07-26,0,0.0,0.0,0.0,0.0,0.0
2015,8,1,6,EV,4557,N12569,IAH,MEM,853,852.0,-1.0,11.0,903.0,99.0,95.0,71.0,468,1014.0,13.0,1032,1027.0,-5.0,0,0,,0.0,0.0,0.0,0.0,0.0,2015-08-01,0,0.0,0.0,0.0,0.0,0.0
2015,8,25,2,OO,4977,N751SK,IAH,DFW,1734,1850.0,76.0,11.0,1901.0,76.0,59.0,43.0,224,1944.0,5.0,1850,1949.0,59.0,0,0,,0.0,0.0,0.0,59.0,0.0,2015-08-25,1,0.0,0.0,0.0,77.63,0.0
2015,8,21,5,UA,1796,N76503,BOS,SFO,725,732.0,7.0,21.0,753.0,395.0,392.0,364.0,2704,1057.0,7.0,1100,1104.0,4.0,0,0,,0.0,0.0,0.0,0.0,0.0,2015-08-21,0,0.0,0.0,0.0,0.0,0.0
2015,8,25,2,UA,1194,N14230,OMA,DEN,617,614.0,-3.0,12.0,626.0,99.0,90.0,71.0,472,637.0,7.0,656,644.0,-12.0,0,0,,0.0,0.0,0.0,0.0,0.0,2015-08-25,0,0.0,0.0,0.0,0.0,0.0
2015,7,27,1,DL,988,N900DE,DTW,JAX,2024,2021.0,-3.0,15.0,2036.0,136.0,132.0,103.0,813,2219.0,14.0,2240,2233.0,-7.0,0,0,,0.0,0.0,0.0,0.0,0.0,2015-07-27,0,0.0,0.0,0.0,0.0,0.0
2015,8,14,5,OO,5364,N905SW,MKE,ORD,1420,1412.0,-8.0,14.0,1426.0,49.0,39.0,18.0,67,1444.0,7.0,1509,1451.0,-18.0,0,0,,0.0,0.0,0.0,0.0,0.0,2015-08-14,0,0.0,0.0,0.0,0.0,0.0
2015,8,1,6,EV,4500,N11544,EWR,RIC,1759,1757.0,-2.0,16.0,1813.0,83.0,73.0,51.0,277,1904.0,6.0,1922,1910.0,-12.0,0,0,,0.0,0.0,0.0,0.0,0.0,2015-08-01,0,0.0,0.0,0.0,0.0,0.0
2015,7,23,4,AA,325,N3JPAA,LGA,ORD,905,905.0,0.0,45.0,950.0,159.0,164.0,113.0,733,1043.0,6.0,1044,1049.0,5.0,0,0,,0.0,0.0,0.0,0.0,0.0,2015-07-23,0,0.0,0.0,0.0,0.0,0.0
2015,8,14,5,DL,2290,N331NW,PIT,ATL,630,629.0,-1.0,10.0,639.0,108.0,95.0,76.0,526,755.0,9.0,818,804.0,-14.0,0,0,,0.0,0.0,0.0,0.0,0.0,2015-08-14,0,0.0,0.0,0.0,0.0,0.0
2015,8,5,3,B6,224,N923JB,LAX,JFK,1035,1043.0,8.0,13.0,1056.0,337.0,300.0,281.0,2475,1837.0,6.0,1912,1843.0,-29.0,0,0,,0.0,0.0,0.0,0.0,0.0,2015-08-05,0,0.0,0.0,0.0,0.0,0.0
2015,8,15,6,WN,3565,N7706A,SJC,ONT,1220,1235.0,15.0,9.0,1244.0,70.0,63.0,50.0,333,1334.0,4.0,1330,1338.0,8.0,0,0,,0.0,0.0,0.0,0.0,0.0,2015-08-15,0,0.0,0.0,0.0,0.0,0.0
2015,7,23,4,DL,1406,N129DL,LAX,DTW,2310,2339.0,29.0,39.0,18.0,265.0,269.0,222.0,1979,700.0,8.0,635,708.0,33.0,0,0,,4.0,0.0,0.0,29.0,0.0,2015-07-23,1,13.79,0.0,0.0,100.0,0.0
2015,8,6,4,WN,2704,N8320J,BWI,PHX,1520,1519.0,-1.0,8.0,1527.0,295.0,266.0,254.0,1999,1641.0,4.0,1715,1645.0,-30.0,0,0,,0.0,0.0,0.0,0.0,0.0,2015-08-06,0,0.0,0.0,0.0,0.0,0.0
2015,7,31,5,EV,6021,N19554,ABE,ORD,644,639.0,-5.0,10.0,649.0,123.0,124.0,105.0,654,734.0,9.0,747,743.0,-4.0,0,0,,0.0,0.0,0.0,0.0,0.0,2015-07-31,0,0.0,0.0,0.0,0.0,0.0
2015,8,14,5,EV,2658,N687JS,VPS,DFW,1240,1240.0,0.0,11.0,1251.0,128.0,117.0,97.0,641,1428.0,9.0,1448,1437.0,-11.0,0,0,,0.0,0.0,0.0,0.0,0.0,2015-08-14,0,0.0,0.0,0.0,0.0,0.0
2015,8,23,7,EV,4267,N11184,RDU,ORD,1340,1417.0,37.0,12.0,1429.0,136.0,122.0,102.0,646,1511.0,8.0,1456,1519.0,23.0,0,0,,23.0,0.0,0.0,0.0,0.0,2015-08-23,1,62.16,0.0,0.0,0.0,0.0
2015,7,23,4,OO,5294,N969SW,RKS,DEN,1635,1633.0,-2.0,15.0,1648.0,72.0,64.0,41.0,260,1729.0,8.0,1747,1737.0,-10.0,0,0,,0.0,0.0,0.0,0.0,0.0,2015-07-23,0,0.0,0.0,0.0,0.0,0.0
2015,8,18,2,OO,4668,N825SK,DEN,SLC,1145,1138.0,-7.0,15.0,1153.0,90.0,83.0,63.0,391,1256.0,5.0,1315,1301.0,-14.0,0,0,,0.0,0.0,0.0,0.0,0.0,2015-08-18,0,0.0,0.0,0.0,0.0,0.0
2015,8,30,7,EV,4243,N25134,BWI,EWR,610,605.0,-5.0,16.0,621.0,66.0,62.0,37.0,169,658.0,9.0,716,707.0,-9.0,0,0,,0.0,0.0,0.0,0.0,0.0,2015-08-30,0,0.0,0.0,0.0,0.0,0.0
2015,8,8,6,VX,1645,N855VA,LAS,SFO,2125,2139.0,14.0,9.0,2148.0,90.0,84.0,67.0,414,2255.0,8.0,2255,2303.0,8.0,0,0,,0.0,0.0,0.0,0.0,0.0,2015-08-08,0,0.0,0.0,0.0,0.0,0.0
2015,8,20,4,UA,1049,N38268,EWR,MIA,2000,2013.0,13.0,19.0,2032.0,188.0,165.0,142.0,1085,2254.0,4.0,2308,2258.0,-10.0,0,0,,0.0,0.0,0.0,0.0,0.0,2015-08-20,0,0.0,0.0,0.0,0.0,0.0
2015,8,4,2,OO,4554,N910EV,DTW,FWA,847,843.0,-4.0,30.0,913.0,59.0,61.0,26.0,128,939.0,5.0,946,944.0,-2.0,0,0,,0.0,0.0,0.0,0.0,0.0,2015-08-04,0,0.0,0.0,0.0,0.0,0.0
2015,8,24,1,EV,4446,N13992,TYR,IAH,1422,1415.0,-7.0,12.0,1427.0,61.0,55.0,37.0,163,1504.0,6.0,1523,1510.0,-13.0,0,0,,0.0,0.0,0.0,0.0,0.0,2015-08-24,0,0.0,0.0,0.0,0.0,0.0
2015,8,22,6,B6,512,N653JB,AUS,FLL,1036,1227.0,111.0,12.0,1239.0,164.0,158.0,141.0,1105,1600.0,5.0,1420,1605.0,105.0,0,0,,0.0,0.0,0.0,105.0,0.0,2015-08-22,1,0.0,0.0,0.0,94.59,0.0
2015,8,21,5,MQ,3479,N656MQ,MLI,ORD,959,953.0,-6.0,13.0,1006.0,58.0,59.0,31.0,139,1037.0,15.0,1057,1052.0,-5.0,0,0,,0.0,0.0,0.0,0.0,0.0,2015-08-21,0,0.0,0.0,0.0,0.0,0.0
2015,8,21,5,B6,2802,N192JB,JFK,BUF,605,604.0,-1.0,50.0,654.0,76.0,104.0,53.0,301,747.0,1.0,721,748.0,27.0,0,0,,27.0,0.0,0.0,0.0,0.0,2015-08-21,0,-2700.0,-0.0,-0.0,-0.0,-0.0
2015,8,25,2,WN,1680,N257WN,LAS,OAK,1245,1255.0,10.0,10.0,1305.0,90.0,79.0,64.0,407,1409.0,5.0,1415,1414.0,-1.0,0,0,,0.0,0.0,0.0,0.0,0.0,2015-08-25,0,0.0,0.0,0.0,0.0,0.0
2015,8,3,1,EV,3264,N15555,ORD,ELM,1350,1349.0,-1.0,14.0,1403.0,105.0,91.0,73.0,566,1616.0,4.0,1635,1620.0,-15.0,0,0,,0.0,0.0,0.0,0.0,0.0,2015-08-03,0,0.0,0.0,0.0,0.0,0.0
2015,8,18,2,MQ,3562,N669MQ,TOL,ORD,1050,1042.0,-8.0,8.0,1050.0,75.0,56.0,39.0,213,1029.0,9.0,1105,1038.0,-27.0,0,0,,0.0,0.0,0.0,0.0,0.0,2015-08-18,0,0.0,0.0,0.0,0.0,0.0
2015,8,1,6,UA,706,N451UA,IAH,DCA,1608,1642.0,34.0,20.0,1702.0,195.0,167.0,143.0,1208,2025.0,4.0,2023,2029.0,6.0,0,0,,0.0,0.0,0.0,0.0,0.0,2015-08-01,1,0.0,0.0,0.0,0.0,0.0
2015,8,5,3,AA,285,N5ECAA,LAX,LIH,1730,1730.0,0.0,20.0,1750.0,361.0,363.0,338.0,2615,2028.0,5.0,2031,2033.0,2.0,0,0,,0.0,0.0,0.0,0.0,0.0,2015-08-05,0,0.0,0.0,0.0,0.0,0.0
2015,7,24,5,WN,4576,N718SW,BNA,MDW,1540,1611.0,31.0,9.0,1620.0,85.0,79.0,65.0,395,1725.0,5.0,1705,1730.0,25.0,0,0,,0.0,0.0,25.0,0.0,0.0,2015-07-24,1,0.0,0.0,80.65,0.0,0.0
2015,8,3,1,WN,881,N703SW,DEN,LAX,1350,1411.0,21.0,12.0,1423.0,145.0,149.0,126.0,862,1529.0,11.0,1515,1540.0,25.0,0,0,,4.0,0.0,1.0,20.0,0.0,2015-08-03,1,19.05,0.0,4.76,95.24,0.0
2015,8,27,4,WN,2949,N244WN,OKC,ATL,620,616.0,-4.0,8.0,624.0,125.0,121.0,105.0,761,909.0,8.0,925,917.0,-8.0,0,0,,0.0,0.0,0.0,0.0,0.0,2015-08-27,0,0.0,0.0,0.0,0.0,0.0
2015,8,8,6,UA,1763,N38257,LAS,ORD,2329,2358.0,29.0,14.0,12.0,217.0,190.0,173.0,1514,505.0,3.0,506,508.0,2.0,0,0,,0.0,0.0,0.0,0.0,0.0,2015-08-08,1,0.0,0.0,0.0,0.0,0.0
2015,8,3,1,WN,580,N967WN,STL,DAL,1935,2124.0,109.0,9.0,2133.0,90.0,86.0,73.0,546,2246.0,4.0,2105,2250.0,105.0,0,0,,0.0,0.0,0.0,105.0,0.0,2015-08-03,1,0.0,0.0,0.0,96.33,0.0
2015,8,23,7,WN,3741,N7744A,PHX,MDW,820,820.0,0.0,8.0,828.0,205.0,204.0,171.0,1444,1319.0,25.0,1345,1344.0,-1.0,0,0,,0.0,0.0,0.0,0.0,0.0,2015-08-23,0,0.0,0.0,0.0,0.0,0.0
2015,8,11,2,DL,1355,N304DQ,EYW,ATL,1214,1211.0,-3.0,12.0,1223.0,123.0,122.0,99.0,646,1402.0,11.0,1417,1413.0,-4.0,0,0,,0.0,0.0,0.0,0.0,0.0,2015-08-11,0,0.0,0.0,0.0,0.0,0.0
2015,8,5,3,WN,1341,N627SW,BWI,ATL,1830,1827.0,-3.0,10.0,1837.0,115.0,117.0,86.0,577,2003.0,21.0,2025,2024.0,-1.0,0,0,,0.0,0.0,0.0,0.0,0.0,2015-08-05,0,0.0,0.0,0.0,0.0,0.0
2015,8,28,5,DL,1914,N990DL,BHM,ATL,645,644.0,-1.0,34.0,718.0,63.0,80.0,36.0,134,854.0,10.0,848,904.0,16.0,0,0,,16.0,0.0,0.0,0.0,0.0,2015-08-28,0,-1600.0,-0.0,-0.0,-0.0,-0.0
2015,8,18,2,WN,1510,N8668A,LAS,BUF,1720,1804.0,44.0,8.0,1812.0,255.0,233.0,220.0,1986,52.0,5.0,35,57.0,22.0,0,0,,0.0,0.0,21.0,1.0,0.0,2015-08-18,1,0.0,0.0,47.73,2.27,0.0
2015,8,15,6,DL,1644,N128DL,DTW,LAX,2009,2034.0,25.0,13.0,2047.0,301.0,265.0,239.0,1979,2146.0,13.0,2210,2159.0,-11.0,0,0,,0.0,0.0,0.0,0.0,0.0,2015-08-15,1,0.0,0.0,0.0,0.0,0.0
2015,8,16,7,DL,1145,N342NB,LGA,DTW,1232,1250.0,18.0,17.0,1307.0,128.0,105.0,84.0,502,1431.0,4.0,1440,1435.0,-5.0,0,0,,0.0,0.0,0.0,0.0,0.0,2015-08-16,1,0.0,0.0,0.0,0.0,0.0
2015,8,5,3,AA,1143,N5ECAA,SFO,LAX,1427,1420.0,-7.0,22.0,1442.0,93.0,92.0,60.0,337,1542.0,10.0,1600,1552.0,-8.0,0,0,,0.0,0.0,0.0,0.0,0.0,2015-08-05,0,0.0,0.0,0.0,0.0,0.0
2015,8,30,7,AS,667,N471AS,DFW,SEA,1955,1948.0,-7.0,16.0,2004.0,245.0,242.0,222.0,1660,2146.0,4.0,2200,2150.0,-10.0,0,0,,0.0,0.0,0.0,0.0,0.0,2015-08-30,0,0.0,0.0,0.0,0.0,0.0
2015,8,10,1,EV,2658,N680AE,VPS,DFW,1240,1232.0,-8.0,8.0,1240.0,128.0,123.0,98.0,641,1418.0,17.0,1448,1435.0,-13.0,0,0,,0.0,0.0,0.0,0.0,0.0,2015-08-10,0,0.0,0.0,0.0,0.0,0.0
2015,8,16,7,DL,1227,N686DA,PHX,JFK,2240,2240.0,0.0,11.0,2251.0,295.0,308.0,287.0,2153,638.0,10.0,635,648.0,13.0,0,0,,0.0,0.0,0.0,0.0,0.0,2015-08-16,0,0.0,0.0,0.0,0.0,0.0
2015,8,14,5,MQ,3238,N645MQ,ORD,GRB,2023,2014.0,-9.0,30.0,2044.0,66.0,71.0,38.0,173,2122.0,3.0,2129,2125.0,-4.0,0,0,,0.0,0.0,0.0,0.0,0.0,2015-08-14,0,0.0,0.0,0.0,0.0,0.0
2015,8,10,1,UA,1774,N38454,IAD,LAX,2014,2014.0,0.0,11.0,2025.0,331.0,325.0,295.0,2288,2220.0,19.0,2245,2239.0,-6.0,0,0,,0.0,0.0,0.0,0.0,0.0,2015-08-10,0,0.0,0.0,0.0,0.0,0.0
2015,8,24,1,EV,4881,N612QX,MSP,ORF,1917,1917.0,0.0,12.0,1929.0,164.0,142.0,124.0,1045,2233.0,6.0,2301,2239.0,-22.0,0,0,,0.0,0.0,0.0,0.0,0.0,2015-08-24,0,0.0,0.0,0.0,0.0,0.0
2015,8,26,3,WN,16,N921WN,DAL,ATL,1130,1144.0,14.0,9.0,1153.0,135.0,113.0,93.0,721,1426.0,11.0,1445,1437.0,-8.0,0,0,,0.0,0.0,0.0,0.0,0.0,2015-08-26,0,0.0,0.0,0.0,0.0,0.0
2015,8,3,1,OO,4857,N823SK,OAK,LAX,600,600.0,0.0,13.0,613.0,90.0,76.0,55.0,337,708.0,8.0,730,716.0,-14.0,0,0,,0.0,0.0,0.0,0.0,0.0,2015-08-03,0,0.0,0.0,0.0,0.0,0.0
2015,8,14,5,WN,1289,N203WN,LAX,ABQ,1840,2035.0,115.0,15.0,2050.0,105.0,111.0,90.0,677,2320.0,6.0,2125,2326.0,121.0,0,0,,6.0,0.0,115.0,0.0,0.0,2015-08-14,1,5.22,0.0,100.0,0.0,0.0
2015,8,19,3,DL,1893,N587NW,DTW,ATL,835,831.0,-4.0,15.0,846.0,121.0,102.0,83.0,594,1009.0,4.0,1036,1013.0,-23.0,0,0,,0.0,0.0,0.0,0.0,0.0,2015-08-19,0,0.0,0.0,0.0,0.0,0.0
2015,8,23,7,AS,337,N713AS,PSP,SFO,1720,1759.0,39.0,17.0,1816.0,88.0,89.0,67.0,421,1923.0,5.0,1848,1928.0,40.0,0,0,,1.0,0.0,0.0,39.0,0.0,2015-08-23,1,2.56,0.0,0.0,100.0,0.0
2015,8,27,4,DL,495,N818DA,JFK,SEA,2100,2058.0,-2.0,51.0,2149.0,379.0,370.0,310.0,2422,2359.0,9.0,19,8.0,-11.0,0,0,,0.0,0.0,0.0,0.0,0.0,2015-08-27,0,0.0,0.0,0.0,0.0,0.0
2015,7,25,6,DL,2029,N964DN,LGA,ATL,1400,1357.0,-3.0,22.0,1419.0,160.0,134.0,104.0,762,1603.0,8.0,1640,1611.0,-29.0,0,0,,0.0,0.0,0.0,0.0,0.0,2015-07-25,0,0.0,0.0,0.0,0.0,0.0
2015,7,27,1,WN,1419,N7734H,SAN,OAK,825,820.0,-5.0,14.0,834.0,85.0,87.0,66.0,446,940.0,7.0,950,947.0,-3.0,0,0,,0.0,0.0,0.0,0.0,0.0,2015-07-27,0,0.0,0.0,0.0,0.0,0.0
2015,8,19,3,UA,1114,N68452,ORD,LAX,1400,1355.0,-5.0,25.0,1420.0,269.0,276.0,229.0,1744,1609.0,22.0,1629,1631.0,2.0,0,0,,0.0,0.0,0.0,0.0,0.0,2015-08-19,0,0.0,0.0,0.0,0.0,0.0
2015,7,26,7,UA,736,N453UA,PDX,SFO,1626,1624.0,-2.0,9.0,1633.0,106.0,97.0,85.0,550,1758.0,3.0,1812,1801.0,-11.0,0,0,,0.0,0.0,0.0,0.0,0.0,2015-07-26,0,0.0,0.0,0.0,0.0,0.0
2015,8,27,4,AA,1943,N182UW,CLT,SEA,930,926.0,-4.0,20.0,946.0,333.0,330.0,302.0,2279,1148.0,8.0,1203,1156.0,-7.0,0,0,,0.0,0.0,0.0,0.0,0.0,2015-08-27,0,0.0,0.0,0.0,0.0,0.0
2015,7,24,5,B6,52,N612JB,MCO,BOS,705,656.0,-9.0,17.0,713.0,171.0,178.0,151.0,1121,944.0,10.0,956,954.0,-2.0,0,0,,0.0,0.0,0.0,0.0,0.0,2015-07-24,0,0.0,0.0,0.0,0.0,0.0
2015,8,25,2,WN,597,N927WN,LAS,DAL,1340,1350.0,10.0,7.0,1357.0,165.0,145.0,132.0,1067,1809.0,6.0,1825,1815.0,-10.0,0,0,,0.0,0.0,0.0,0.0,0.0,2015-08-25,0,0.0,0.0,0.0,0.0,0.0
2015,8,20,4,AA,1841,N737US,DCA,TPA,1530,1529.0,-1.0,16.0,1545.0,145.0,140.0,118.0,814,1743.0,6.0,1755,1749.0,-6.0,0,0,,0.0,0.0,0.0,0.0,0.0,2015-08-20,0,0.0,0.0,0.0,0.0,0.0
2015,7,26,7,AA,5,N4YLAA,OKC,DFW,700,700.0,0.0,20.0,720.0,64.0,60.0,32.0,175,752.0,8.0,804,800.0,-4.0,0,0,,0.0,0.0,0.0,0.0,0.0,2015-07-26,0,0.0,0.0,0.0,0.0,0.0
2015,8,1,6,DL,1083,N675DL,ATL,RDU,2210,2210.0,0.0,13.0,2223.0,85.0,69.0,52.0,356,2315.0,4.0,2335,2319.0,-16.0,0,0,,0.0,0.0,0.0,0.0,0.0,2015-08-01,0,0.0,0.0,0.0,0.0,0.0
2015,7,29,3,MQ,3326,N514MQ,MQT,ORD,858,856.0,-2.0,22.0,918.0,97.0,97.0,61.0,303,919.0,14.0,935,933.0,-2.0,0,0,,0.0,0.0,0.0,0.0,0.0,2015-07-29,0,0.0,0.0,0.0,0.0,0.0
2015,8,8,6,B6,1083,N905JB,JFK,MCO,2129,2242.0,73.0,31.0,2313.0,177.0,150.0,113.0,944,106.0,6.0,26,112.0,46.0,0,0,,0.0,0.0,20.0,26.0,0.0,2015-08-08,1,0.0,0.0,27.4,35.62,0.0
2015,7,23,4,AA,2388,N015AA,MIA,ATL,2100,2242.0,102.0,13.0,2255.0,120.0,115.0,87.0,594,22.0,15.0,2300,37.0,97.0,0,0,,0.0,0.0,19.0,78.0,0.0,2015-07-23,1,0.0,0.0,18.63,76.47,0.0
2015,8,6,4,DL,2075,N938DN,ATL,MCI,1035,1034.0,-1.0,14.0,1048.0,129.0,122.0,103.0,692,1131.0,5.0,1144,1136.0,-8.0,0,0,,0.0,0.0,0.0,0.0,0.0,2015-08-06,0,0.0,0.0,0.0,0.0,0.0
2015,8,22,6,EV,5013,N136EV,FSD,MSP,1521,1516.0,-5.0,8.0,1524.0,58.0,49.0,34.0,196,1558.0,7.0,1619,1605.0,-14.0,0,0,,0.0,0.0,0.0,0.0,0.0,2015-08-22,0,0.0,0.0,0.0,0.0,0.0
2015,8,18,2,MQ,3215,N918MQ,ROW,DFW,700,659.0,-1.0,10.0,709.0,95.0,101.0,68.0,435,917.0,23.0,935,940.0,5.0,0,0,,0.0,0.0,0.0,0.0,0.0,2015-08-18,0,0.0,0.0,0.0,0.0,0.0
2015,8,19,3,EV,5527,N916EV,BQK,ATL,1640,1635.0,-5.0,39.0,1714.0,73.0,106.0,43.0,238,1757.0,24.0,1753,1821.0,28.0,0,0,,28.0,0.0,0.0,0.0,0.0,2015-08-19,0,-560.0,-0.0,-0.0,-0.0,-0.0
2015,8,6,4,WN,4658,N934WN,PHX,IND,1115,1233.0,78.0,12.0,1245.0,200.0,188.0,172.0,1488,1837.0,4.0,1735,1841.0,66.0,0,0,,0.0,0.0,66.0,0.0,0.0,2015-08-06,1,0.0,0.0,84.62,0.0,0.0
2015,7,29,3,UA,356,N498UA,EWR,FLL,1900,1912.0,12.0,42.0,1954.0,187.0,178.0,133.0,1065,2207.0,3.0,2207,2210.0,3.0,0,0,,0.0,0.0,0.0,0.0,0.0,2015-07-29,0,0.0,0.0,0.0,0.0,0.0
2015,8,23,7,B6,1024,N937JB,LAX,JFK,2305,2313.0,8.0,12.0,2325.0,327.0,308.0,289.0,2475,714.0,7.0,732,721.0,-11.0,0,0,,0.0,0.0,0.0,0.0,0.0,2015-08-23,0,0.0,0.0,0.0,0.0,0.0
2015,8,28,5,AS,500,N512AS,SEA,SNA,1245,1242.0,-3.0,11.0,1253.0,158.0,155.0,138.0,978,1511.0,6.0,1523,1517.0,-6.0,0,0,,0.0,0.0,0.0,0.0,0.0,2015-08-28,0,0.0,0.0,0.0,0.0,0.0
2015,8,16,7,EV,5673,N11539,ORD,LNK,1613,1607.0,-6.0,15.0,1622.0,95.0,110.0,66.0,466,1728.0,29.0,1748,1757.0,9.0,0,0,,0.0,0.0,0.0,0.0,0.0,2015-08-16,0,0.0,0.0,0.0,0.0,0.0
2015,7,25,6,OO,6288,N780SK,DEN,LAS,1855,1859.0,4.0,13.0,1912.0,116.0,110.0,90.0,628,1942.0,7.0,1951,1949.0,-2.0,0,0,,0.0,0.0,0.0,0.0,0.0,2015-07-25,0,0.0,0.0,0.0,0.0,0.0
2015,8,2,7,WN,288,N570WN,SAN,SJC,1645,1653.0,8.0,9.0,1702.0,75.0,71.0,58.0,417,1800.0,4.0,1800,1804.0,4.0,0,0,,0.0,0.0,0.0,0.0,0.0,2015-08-02,0,0.0,0.0,0.0,0.0,0.0
2015,8,23,7,WN,347,N8609A,LGA,DAL,1215,1210.0,-5.0,15.0,1225.0,240.0,243.0,181.0,1381,1426.0,47.0,1515,1513.0,-2.0,0,0,,0.0,0.0,0.0,0.0,0.0,2015-08-23,0,0.0,0.0,0.0,0.0,0.0
2015,8,23,7,OO,6245,N780SK,SFO,BUR,1655,1656.0,1.0,15.0,1711.0,78.0,71.0,53.0,326,1804.0,3.0,1813,1807.0,-6.0,0,0,,0.0,0.0,0.0,0.0,0.0,2015-08-23,0,0.0,0.0,0.0,0.0,0.0
2015,8,23,7,UA,397,N421UA,IAD,ORD,1236,1235.0,-1.0,12.0,1247.0,119.0,144.0,115.0,589,1342.0,17.0,1335,1359.0,24.0,0,0,,24.0,0.0,0.0,0.0,0.0,2015-08-23,0,-2400.0,-0.0,-0.0,-0.0,-0.0
2015,8,23,7,WN,2953,N938WN,SJC,ONT,2020,2022.0,2.0,10.0,2032.0,70.0,69.0,54.0,333,2126.0,5.0,2130,2131.0,1.0,0,0,,0.0,0.0,0.0,0.0,0.0,2015-08-23,0,0.0,0.0,0.0,0.0,0.0
2015,8,23,7,B6,404,N568JB,LGB,BOS,2130,2123.0,-7.0,9.0,2132.0,320.0,308.0,293.0,2602,525.0,6.0,550,531.0,-19.0,0,0,,0.0,0.0,0.0,0.0,0.0,2015-08-23,0,0.0,0.0,0.0,0.0,0.0
2015,7,27,1,HA,118,N488HA,HNL,KOA,705,657.0,-8.0,11.0,708.0,43.0,44.0,28.0,163,736.0,5.0,748,741.0,-7.0,0,0,,0.0,0.0,0.0,0.0,0.0,2015-07-27,0,0.0,0.0,0.0,0.0,0.0
2015,7,28,2,B6,532,N796JB,LGB,SLC,1429,1425.0,-4.0,13.0,1438.0,100.0,97.0,79.0,588,1657.0,5.0,1709,1702.0,-7.0,0,0,,0.0,0.0,0.0,0.0,0.0,2015-07-28,0,0.0,0.0,0.0,0.0,0.0
2015,8,5,3,OO,4780,N607SK,SEA,GEG,1834,1830.0,-4.0,17.0,1847.0,64.0,59.0,38.0,224,1925.0,4.0,1938,1929.0,-9.0,0,0,,0.0,0.0,0.0,0.0,0.0,2015-08-05,0,0.0,0.0,0.0,0.0,0.0
2015,8,29,6,AA,645,N207UW,OGG,PHX,2230,2233.0,3.0,12.0,2245.0,340.0,324.0,307.0,2845,652.0,5.0,710,657.0,-13.0,0,0,,0.0,0.0,0.0,0.0,0.0,2015-08-29,0,0.0,0.0,0.0,0.0,0.0
2015,8,5,3,OO,5171,N135SY,ORD,MSP,1910,1903.0,-7.0,36.0,1939.0,89.0,115.0,74.0,334,2053.0,5.0,2039,2058.0,19.0,0,0,,19.0,0.0,0.0,0.0,0.0,2015-08-05,0,-271.43,-0.0,-0.0,-0.0,-0.0
2015,8,28,5,UA,519,N453UA,ORD,LAS,1225,1222.0,-3.0,43.0,1305.0,237.0,247.0,197.0,1514,1422.0,7.0,1422,1429.0,7.0,0,0,,0.0,0.0,0.0,0.0,0.0,2015-08-28,0,0.0,0.0,0.0,0.0,0.0
2015,8,27,4,WN,439,N441WN,HOU,MSY,1345,1340.0,-5.0,10.0,1350.0,65.0,60.0,47.0,302,1437.0,3.0,1450,1440.0,-10.0,0,0,,0.0,0.0,0.0,0.0,0.0,2015-08-27,0,0.0,0.0,0.0,0.0,0.0
2015,8,2,7,UA,661,N471UA,CLE,EWR,1354,1346.0,-8.0,13.0,1359.0,99.0,82.0,63.0,404,1502.0,6.0,1533,1508.0,-25.0,0,0,,0.0,0.0,0.0,0.0,0.0,2015-08-02,0,0.0,0.0,0.0,0.0,0.0
2015,8,2,7,MQ,3140,N641MQ,DFW,GJT,855,850.0,-5.0,16.0,906.0,138.0,136.0,116.0,773,1002.0,4.0,1013,1006.0,-7.0,0,0,,0.0,0.0,0.0,0.0,0.0,2015-08-02,0,0.0,0.0,0.0,0.0,0.0
2015,8,8,6,WN,4374,N552WN,ATL,IND,2130,2142.0,12.0,10.0,2152.0,95.0,81.0,65.0,432,2257.0,6.0,2305,2303.0,-2.0,0,0,,0.0,0.0,0.0,0.0,0.0,2015-08-08,0,0.0,0.0,0.0,0.0,0.0
2015,8,4,2,UA,1210,N66803,EWR,LAS,1300,1310.0,10.0,13.0,1323.0,324.0,318.0,297.0,2227,1520.0,8.0,1524,1528.0,4.0,0,0,,0.0,0.0,0.0,0.0,0.0,2015-08-04,0,0.0,0.0,0.0,0.0,0.0
2015,8,8,6,AA,52,N3LXAA,LAX,DCA,1310,1304.0,-6.0,19.0,1323.0,314.0,282.0,258.0,2311,2041.0,5.0,2124,2046.0,-38.0,0,0,,0.0,0.0,0.0,0.0,0.0,2015-08-08,0,0.0,0.0,0.0,0.0,0.0
2015,8,21,5,EV,4169,N12530,IAH,BRO,1445,1439.0,-6.0,16.0,1455.0,75.0,82.0,60.0,308,1555.0,6.0,1600,1601.0,1.0,0,0,,0.0,0.0,0.0,0.0,0.0,2015-08-21,0,0.0,0.0,0.0,0.0,0.0
2015,8,30,7,AA,1059,N3JGAA,ONT,DFW,913,908.0,-5.0,8.0,916.0,182.0,171.0,151.0,1188,1347.0,12.0,1415,1359.0,-16.0,0,0,,0.0,0.0,0.0,0.0,0.0,2015-08-30,0,0.0,0.0,0.0,0.0,0.0
2015,8,17,1,UA,1169,N17139,IAH,LAX,725,725.0,0.0,22.0,747.0,218.0,228.0,187.0,1379,854.0,19.0,903,913.0,10.0,0,0,,0.0,0.0,0.0,0.0,0.0,2015-08-17,0,0.0,0.0,0.0,0.0,0.0
2015,8,21,5,WN,2892,N632SW,RDU,BWI,1145,1145.0,0.0,9.0,1154.0,60.0,51.0,39.0,255,1233.0,3.0,1245,1236.0,-9.0,0,0,,0.0,0.0,0.0,0.0,0.0,2015-08-21,0,0.0,0.0,0.0,0.0,0.0
2015,8,6,4,WN,325,N946WN,PHX,LAX,1625,1641.0,16.0,13.0,1654.0,80.0,72.0,54.0,370,1748.0,5.0,1745,1753.0,8.0,0,0,,0.0,0.0,0.0,0.0,0.0,2015-08-06,1,0.0,0.0,0.0,0.0,0.0
2015,8,3,1,WN,4754,N299WN,OMA,MDW,1930,1936.0,6.0,6.0,1942.0,85.0,77.0,66.0,423,2048.0,5.0,2055,2053.0,-2.0,0,0,,0.0,0.0,0.0,0.0,0.0,2015-08-03,0,0.0,0.0,0.0,0.0,0.0
2015,8,24,1,EV,4491,N14174,EVV,ORD,641,635.0,-6.0,37.0,712.0,75.0,101.0,56.0,272,808.0,8.0,756,816.0,20.0,0,0,,20.0,0.0,0.0,0.0,0.0,2015-08-24,0,-333.33,-0.0,-0.0,-0.0,-0.0
2015,8,28,5,F9,1125,N208FR,IAD,LAS,2135,2125.0,-10.0,12.0,2137.0,300.0,300.0,260.0,2065,2257.0,28.0,2335,2325.0,-10.0,0,0,,0.0,0.0,0.0,0.0,0.0,2015-08-28,0,0.0,0.0,0.0,0.0,0.0
2015,8,5,3,DL,1833,N3768,CVG,LAX,1608,1608.0,0.0,11.0,1619.0,277.0,270.0,245.0,1900,1724.0,14.0,1745,1738.0,-7.0,0,0,,0.0,0.0,0.0,0.0,0.0,2015-08-05,0,0.0,0.0,0.0,0.0,0.0
2015,8,24,1,DL,1996,N970DL,MSP,LGA,700,658.0,-2.0,20.0,718.0,164.0,160.0,132.0,1020,1030.0,8.0,1044,1038.0,-6.0,0,0,,0.0,0.0,0.0,0.0,0.0,2015-08-24,0,0.0,0.0,0.0,0.0,0.0
2015,8,4,2,MQ,3119,N645MQ,BTR,DFW,1351,1428.0,37.0,9.0,1437.0,89.0,83.0,61.0,383,1538.0,13.0,1520,1551.0,31.0,0,0,,0.0,0.0,0.0,31.0,0.0,2015-08-04,1,0.0,0.0,0.0,83.78,0.0
2015,8,11,2,AA,168,N4YEAA,RDU,DFW,1855,2030.0,95.0,19.0,2049.0,179.0,167.0,143.0,1061,2212.0,5.0,2054,2217.0,83.0,0,0,,0.0,0.0,0.0,83.0,0.0,2015-08-11,1,0.0,0.0,0.0,87.37,0.0
2015,8,23,7,WN,2063,N950WN,PDX,OAK,1200,1208.0,8.0,11.0,1219.0,100.0,101.0,82.0,543,1341.0,8.0,1340,1349.0,9.0,0,0,,0.0,0.0,0.0,0.0,0.0,2015-08-23,0,0.0,0.0,0.0,0.0,0.0
2015,8,8,6,EV,4527,N16919,EWR,SYR,1706,1832.0,86.0,31.0,1903.0,79.0,70.0,34.0,195,1937.0,5.0,1825,1942.0,77.0,0,0,,0.0,0.0,77.0,0.0,0.0,2015-08-08,1,0.0,0.0,89.53,0.0,0.0
2015,8,20,4,WN,1346,N475WN,DEN,MCI,1300,1300.0,0.0,7.0,1307.0,90.0,82.0,71.0,533,1518.0,4.0,1530,1522.0,-8.0,0,0,,0.0,0.0,0.0,0.0,0.0,2015-08-20,0,0.0,0.0,0.0,0.0,0.0
2015,8,9,7,OO,5490,N593ML,MSO,DEN,1241,1218.0,-23.0,11.0,1229.0,119.0,117.0,100.0,679,1409.0,6.0,1440,1415.0,-25.0,0,0,,0.0,0.0,0.0,0.0,0.0,2015-08-09,0,0.0,0.0,0.0,0.0,0.0
2015,7,26,7,DL,478,N942DL,ATL,JFK,1205,1245.0,40.0,14.0,1259.0,148.0,133.0,109.0,760,1448.0,10.0,1433,1458.0,25.0,0,0,,0.0,0.0,25.0,0.0,0.0,2015-07-26,1,0.0,0.0,62.5,0.0,0.0
2015,7,31,5,UA,1195,N38417,ORD,BOS,1925,1930.0,5.0,18.0,1948.0,144.0,127.0,104.0,867,2232.0,5.0,2249,2237.0,-12.0,0,0,,0.0,0.0,0.0,0.0,0.0,2015-07-31,0,0.0,0.0,0.0,0.0,0.0
2015,8,15,6,AS,509,N536AS,SNA,SEA,1120,1120.0,0.0,7.0,1127.0,149.0,148.0,133.0,978,1340.0,8.0,1349,1348.0,-1.0,0,0,,0.0,0.0,0.0,0.0,0.0,2015-08-15,0,0.0,0.0,0.0,0.0,0.0
2015,7,27,1,EV,2707,N667GB,DFW,SHV,2030,2022.0,-8.0,24.0,2046.0,62.0,68.0,37.0,190,2123.0,7.0,2132,2130.0,-2.0,0,0,,0.0,0.0,0.0,0.0,0.0,2015-07-27,0,0.0,0.0,0.0,0.0,0.0
2015,8,8,6,OO,2965,N496CA,FLG,PHX,1700,1648.0,-12.0,10.0,1658.0,51.0,46.0,28.0,119,1726.0,8.0,1751,1734.0,-17.0,0,0,,0.0,0.0,0.0,0.0,0.0,2015-08-08,0,0.0,0.0,0.0,0.0,0.0
2015,8,23,7,AS,596,N513AS,SEA,LAS,955,951.0,-4.0,21.0,1012.0,144.0,154.0,126.0,867,1218.0,7.0,1219,1225.0,6.0,0,0,,0.0,0.0,0.0,0.0,0.0,2015-08-23,0,0.0,0.0,0.0,0.0,0.0
2015,8,13,4,AA,2248,N3FXAA,SNA,ORD,850,853.0,3.0,11.0,904.0,241.0,244.0,215.0,1726,1439.0,18.0,1451,1457.0,6.0,0,0,,0.0,0.0,0.0,0.0,0.0,2015-08-13,0,0.0,0.0,0.0,0.0,0.0
2015,8,22,6,WN,4822,N641SW,DEN,OAK,855,852.0,-3.0,15.0,907.0,160.0,155.0,126.0,957,1013.0,14.0,1035,1027.0,-8.0,0,0,,0.0,0.0,0.0,0.0,0.0,2015-08-22,0,0.0,0.0,0.0,0.0,0.0
2015,8,22,6,B6,390,N354JB,DCA,BOS,1119,1116.0,-3.0,12.0,1128.0,84.0,79.0,61.0,399,1229.0,6.0,1243,1235.0,-8.0,0,0,,0.0,0.0,0.0,0.0,0.0,2015-08-22,0,0.0,0.0,0.0,0.0,0.0
2015,8,13,4,AA,2065,N104UW,CLT,IAH,1120,1118.0,-2.0,14.0,1132.0,151.0,134.0,115.0,912,1227.0,5.0,1251,1232.0,-19.0,0,0,,0.0,0.0,0.0,0.0,0.0,2015-08-13,0,0.0,0.0,0.0,0.0,0.0
2015,8,8,6,WN,194,N8316H,STL,DTW,1530,1530.0,0.0,8.0,1538.0,85.0,81.0,67.0,440,1745.0,6.0,1755,1751.0,-4.0,0,0,,0.0,0.0,0.0,0.0,0.0,2015-08-08,0,0.0,0.0,0.0,0.0,0.0
2015,8,29,6,MQ,3381,N635MQ,DFW,MOB,1655,1647.0,-8.0,13.0,1700.0,103.0,91.0,75.0,539,1815.0,3.0,1838,1818.0,-20.0,0,0,,0.0,0.0,0.0,0.0,0.0,2015-08-29,0,0.0,0.0,0.0,0.0,0.0
2015,7,25,6,WN,2275,N207WN,DCA,STL,730,726.0,-4.0,11.0,737.0,130.0,115.0,100.0,719,817.0,4.0,840,821.0,-19.0,0,0,,0.0,0.0,0.0,0.0,0.0,2015-07-25,0,0.0,0.0,0.0,0.0,0.0
2015,8,29,6,MQ,3652,N856MQ,DFW,MGM,1155,1153.0,-2.0,24.0,1217.0,115.0,115.0,89.0,622,1346.0,2.0,1350,1348.0,-2.0,0,0,,0.0,0.0,0.0,0.0,0.0,2015-08-29,0,0.0,0.0,0.0,0.0,0.0
2015,8,10,1,B6,1415,N945JB,JFK,SFO,2030,2033.0,3.0,31.0,2104.0,397.0,397.0,347.0,2586,2351.0,19.0,7,10.0,3.0,0,0,,0.0,0.0,0.0,0.0,0.0,2015-08-10,0,0.0,0.0,0.0,0.0,0.0
2015,8,23,7,WN,3103,N430WN,MCO,BDL,1820,1815.0,-5.0,12.0,1827.0,160.0,155.0,137.0,1050,2044.0,6.0,2100,2050.0,-10.0,0,0,,0.0,0.0,0.0,0.0,0.0,2015-08-23,0,0.0,0.0,0.0,0.0,0.0
2015,8,2,7,UA,1273,N27239,MCO,SFO,920,918.0,-2.0,15.0,933.0,347.0,345.0,321.0,2446,1154.0,9.0,1207,1203.0,-4.0,0,0,,0.0,0.0,0.0,0.0,0.0,2015-08-02,0,0.0,0.0,0.0,0.0,0.0
2015,8,3,1,AA,457,N563UW,PHX,SLC,1005,1003.0,-2.0,34.0,1037.0,99.0,108.0,67.0,507,1244.0,7.0,1244,1251.0,7.0,0,0,,0.0,0.0,0.0,0.0,0.0,2015-08-03,0,0.0,0.0,0.0,0.0,0.0
2015,8,26,3,AA,234,N3KKAA,MIA,BWI,2120,2330.0,130.0,28.0,2358.0,157.0,156.0,122.0,946,200.0,6.0,2357,206.0,129.0,0,0,,0.0,0.0,0.0,67.0,62.0,2015-08-26,1,0.0,0.0,0.0,51.54,47.69
2015,7,28,2,AA,2120,N747UW,BOS,DCA,1900,1857.0,-3.0,19.0,1916.0,98.0,87.0,64.0,399,2020.0,4.0,2038,2024.0,-14.0,0,0,,0.0,0.0,0.0,0.0,0.0,2015-07-28,0,0.0,0.0,0.0,0.0,0.0
2015,8,29,6,WN,3816,N748SW,MCI,ATL,650,647.0,-3.0,7.0,654.0,120.0,108.0,93.0,692,927.0,8.0,950,935.0,-15.0,0,0,,0.0,0.0,0.0,0.0,0.0,2015-08-29,0,0.0,0.0,0.0,0.0,0.0
2015,8,29,6,WN,4214,N213WN,RNO,LAX,1555,1552.0,-3.0,9.0,1601.0,90.0,80.0,67.0,391,1708.0,4.0,1725,1712.0,-13.0,0,0,,0.0,0.0,0.0,0.0,0.0,2015-08-29,0,0.0,0.0,0.0,0.0,0.0
2015,8,18,2,DL,2330,N932DN,ATL,TPA,1225,1221.0,-4.0,26.0,1247.0,86.0,92.0,60.0,406,1347.0,6.0,1351,1353.0,2.0,0,0,,0.0,0.0,0.0,0.0,0.0,2015-08-18,0,0.0,0.0,0.0,0.0,0.0
2015,8,25,2,OO,5388,N905SW,PAH,ORD,1542,1535.0,-7.0,14.0,1549.0,94.0,100.0,75.0,342,1704.0,11.0,1716,1715.0,-1.0,0,0,,0.0,0.0,0.0,0.0,0.0,2015-08-25,0,0.0,0.0,0.0,0.0,0.0
2015,8,22,6,AA,474,N831AW,PHX,MSP,845,836.0,-9.0,11.0,847.0,187.0,168.0,153.0,1276,1320.0,4.0,1352,1324.0,-28.0,0,0,,0.0,0.0,0.0,0.0,0.0,2015-08-22,0,0.0,0.0,0.0,0.0,0.0
2015,8,14,5,DL,307,N326NB,BHM,ATL,1035,1030.0,-5.0,14.0,1044.0,59.0,51.0,30.0,134,1214.0,7.0,1234,1221.0,-13.0,0,0,,0.0,0.0,0.0,0.0,0.0,2015-08-14,0,0.0,0.0,0.0,0.0,0.0
2015,7,29,3,MQ,3406,N638MQ,EVV,ORD,1730,1725.0,-5.0,20.0,1745.0,89.0,89.0,52.0,272,1837.0,17.0,1859,1854.0,-5.0,0,0,,0.0,0.0,0.0,0.0,0.0,2015-07-29,0,0.0,0.0,0.0,0.0,0.0
2015,8,12,3,OO,4522,N915EV,SLC,FCA,1113,1109.0,-4.0,27.0,1136.0,106.0,106.0,75.0,531,1251.0,4.0,1259,1255.0,-4.0,0,0,,0.0,0.0,0.0,0.0,0.0,2015-08-12,0,0.0,0.0,0.0,0.0,0.0
2015,8,9,7,UA,994,N841UA,SAT,EWR,1155,1149.0,-6.0,11.0,1200.0,243.0,239.0,223.0,1569,1643.0,5.0,1658,1648.0,-10.0,0,0,,0.0,0.0,0.0,0.0,0.0,2015-08-09,0,0.0,0.0,0.0,0.0,0.0
2015,7,28,2,AA,2371,N4YSAA,STL,DFW,1909,1908.0,-1.0,10.0,1918.0,116.0,103.0,78.0,550,2036.0,15.0,2105,2051.0,-14.0,0,0,,0.0,0.0,0.0,0.0,0.0,2015-07-28,0,0.0,0.0,0.0,0.0,0.0
2015,8,9,7,DL,1935,N964AT,LGA,TPA,1510,1517.0,7.0,27.0,1544.0,193.0,164.0,134.0,1010,1758.0,3.0,1823,1801.0,-22.0,0,0,,0.0,0.0,0.0,0.0,0.0,2015-08-09,0,0.0,0.0,0.0,0.0,0.0
2015,7,25,6,WN,2117,N437WN,PHX,ELP,2020,2046.0,26.0,8.0,2054.0,70.0,72.0,59.0,347,2253.0,5.0,2230,2258.0,28.0,0,0,,2.0,0.0,0.0,26.0,0.0,2015-07-25,1,7.69,0.0,0.0,100.0,0.0
2015,8,12,3,MQ,3355,N819MQ,DFW,GGG,1700,1711.0,11.0,17.0,1728.0,58.0,57.0,36.0,140,1804.0,4.0,1758,1808.0,10.0,0,0,,0.0,0.0,0.0,0.0,0.0,2015-08-12,0,0.0,0.0,0.0,0.0,0.0
2015,8,7,5,OO,5524,N507CA,FAR,DEN,608,606.0,-2.0,9.0,615.0,119.0,105.0,89.0,627,644.0,7.0,707,651.0,-16.0,0,0,,0.0,0.0,0.0,0.0,0.0,2015-08-07,0,0.0,0.0,0.0,0.0,0.0
2015,7,24,5,AA,1402,N856AA,DFW,SEA,845,843.0,-2.0,21.0,904.0,251.0,260.0,224.0,1660,1048.0,15.0,1056,1103.0,7.0,0,0,,0.0,0.0,0.0,0.0,0.0,2015-07-24,0,0.0,0.0,0.0,0.0,0.0
2015,8,28,5,DL,1670,N302DQ,ATL,CHS,827,826.0,-1.0,32.0,858.0,66.0,84.0,46.0,259,944.0,6.0,933,950.0,17.0,0,0,,17.0,0.0,0.0,0.0,0.0,2015-08-28,0,-1700.0,-0.0,-0.0,-0.0,-0.0
2015,7,26,7,WN,1983,N446WN,CMH,STL,2055,2101.0,6.0,9.0,2110.0,80.0,78.0,64.0,409,2114.0,5.0,2115,2119.0,4.0,0,0,,0.0,0.0,0.0,0.0,0.0,2015-07-26,0,0.0,0.0,0.0,0.0,0.0
2015,7,29,3,WN,1120,N481WN,MDW,MCI,800,759.0,-1.0,9.0,808.0,80.0,81.0,66.0,405,914.0,6.0,920,920.0,0.0,0,0,,0.0,0.0,0.0,0.0,0.0,2015-07-29,0,0.0,0.0,0.0,0.0,0.0
2015,8,17,1,AA,1202,N3LCAA,MIA,DCA,1115,1115.0,0.0,12.0,1127.0,156.0,145.0,128.0,919,1335.0,5.0,1351,1340.0,-11.0,0,0,,0.0,0.0,0.0,0.0,0.0,2015-08-17,0,0.0,0.0,0.0,0.0,0.0
2015,8,7,5,DL,1482,N6703D,RDU,ATL,715,713.0,-2.0,47.0,800.0,94.0,127.0,66.0,356,906.0,14.0,849,920.0,31.0,0,0,,31.0,0.0,0.0,0.0,0.0,2015-08-07,0,-1550.0,-0.0,-0.0,-0.0,-0.0
2015,8,21,5,DL,1922,N319NB,SLC,SAT,2000,2005.0,5.0,17.0,2022.0,163.0,157.0,136.0,1087,2338.0,4.0,2343,2342.0,-1.0,0,0,,0.0,0.0,0.0,0.0,0.0,2015-08-21,0,0.0,0.0,0.0,0.0,0.0
2015,7,26,7,NK,676,N628NK,FLL,MCO,2018,2016.0,-2.0,11.0,2027.0,61.0,75.0,34.0,177,2101.0,30.0,2119,2131.0,12.0,0,0,,0.0,0.0,0.0,0.0,0.0,2015-07-26,0,0.0,0.0,0.0,0.0,0.0
2015,8,16,7,DL,462,N3732J,JFK,SJU,910,915.0,5.0,31.0,946.0,240.0,258.0,224.0,1598,1330.0,3.0,1310,1333.0,23.0,0,0,,23.0,0.0,0.0,0.0,0.0,2015-08-16,0,460.0,0.0,0.0,0.0,0.0
2015,8,21,5,B6,1894,N274JB,MCO,HPN,1720,1738.0,18.0,12.0,1750.0,169.0,151.0,135.0,972,2005.0,4.0,2009,2009.0,0.0,0,0,,0.0,0.0,0.0,0.0,0.0,2015-08-21,1,0.0,0.0,0.0,0.0,0.0
2015,7,26,7,OO,5454,N495CA,SFO,SMF,1040,1035.0,-5.0,29.0,1104.0,51.0,56.0,23.0,86,1127.0,4.0,1131,1131.0,0.0,0,0,,0.0,0.0,0.0,0.0,0.0,2015-07-26,0,0.0,0.0,0.0,0.0,0.0
2015,7,28,2,EV,4384,N12530,IAH,AEX,1023,1019.0,-4.0,13.0,1032.0,59.0,54.0,37.0,190,1109.0,4.0,1122,1113.0,-9.0,0,0,,0.0,0.0,0.0,0.0,0.0,2015-07-28,0,0.0,0.0,0.0,0.0,0.0
2015,8,3,1,EV,4943,N873AS,FAY,ATL,1800,1835.0,35.0,10.0,1845.0,86.0,78.0,60.0,331,1945.0,8.0,1926,1953.0,27.0,0,0,,0.0,0.0,0.0,27.0,0.0,2015-08-03,1,0.0,0.0,0.0,77.14,0.0
2015,8,9,7,EV,3264,N11544,GRB,ORD,1041,1038.0,-3.0,22.0,1100.0,59.0,84.0,50.0,173,1150.0,12.0,1140,1202.0,22.0,0,0,,22.0,0.0,0.0,0.0,0.0,2015-08-09,0,-733.33,-0.0,-0.0,-0.0,-0.0
2015,8,18,2,DL,583,N331NW,LGA,DTW,900,909.0,9.0,30.0,939.0,130.0,128.0,89.0,502,1108.0,9.0,1110,1117.0,7.0,0,0,,0.0,0.0,0.0,0.0,0.0,2015-08-18,0,0.0,0.0,0.0,0.0,0.0
2015,8,22,6,AA,525,N545UW,CLT,FLL,731,725.0,-6.0,14.0,739.0,115.0,107.0,90.0,632,909.0,3.0,926,912.0,-14.0,0,0,,0.0,0.0,0.0,0.0,0.0,2015-08-22,0,0.0,0.0,0.0,0.0,0.0
2015,8,6,4,AA,1756,N815AW,STL,CLT,559,558.0,-1.0,16.0,614.0,107.0,107.0,83.0,575,837.0,8.0,846,845.0,-1.0,0,0,,0.0,0.0,0.0,0.0,0.0,2015-08-06,0,0.0,0.0,0.0,0.0,0.0
2015,8,9,7,WN,1606,N7714B,MSY,DEN,1905,1900.0,-5.0,6.0,1906.0,170.0,187.0,174.0,1062,2100.0,7.0,2055,2107.0,12.0,0,0,,0.0,0.0,0.0,0.0,0.0,2015-08-09,0,0.0,0.0,0.0,0.0,0.0
2015,8,18,2,DL,2380,N902DA,JAX,ATL,1030,1106.0,36.0,9.0,1115.0,73.0,56.0,43.0,270,1158.0,4.0,1143,1202.0,19.0,0,0,,0.0,0.0,0.0,19.0,0.0,2015-08-18,1,0.0,0.0,0.0,52.78,0.0
2015,7,30,4,AA,575,N121UW,PHX,TPA,2350,2347.0,-3.0,13.0,2400.0,236.0,235.0,219.0,1788,639.0,3.0,646,642.0,-4.0,0,0,,0.0,0.0,0.0,0.0,0.0,2015-07-30,0,0.0,0.0,0.0,0.0,0.0
2015,7,29,3,AS,71,N713AS,SEA,JNU,1405,1356.0,-9.0,26.0,1422.0,150.0,162.0,124.0,909,1526.0,12.0,1535,1538.0,3.0,0,0,,0.0,0.0,0.0,0.0,0.0,2015-07-29,0,0.0,0.0,0.0,0.0,0.0
2015,8,25,2,AA,893,N725UW,BWI,CLT,1035,1024.0,-11.0,15.0,1039.0,83.0,83.0,62.0,361,1141.0,6.0,1158,1147.0,-11.0,0,0,,0.0,0.0,0.0,0.0,0.0,2015-08-25,0,0.0,0.0,0.0,0.0,0.0
2015,8,10,1,B6,701,N535JB,FLL,LAX,1158,1209.0,11.0,13.0,1222.0,321.0,295.0,266.0,2343,1348.0,16.0,1419,1404.0,-15.0,0,0,,0.0,0.0,0.0,0.0,0.0,2015-08-10,0,0.0,0.0,0.0,0.0,0.0
2015,7,25,6,OO,4579,N685BR,SBN,MSP,1145,1135.0,-10.0,9.0,1144.0,92.0,85.0,69.0,411,1153.0,7.0,1217,1200.0,-17.0,0,0,,0.0,0.0,0.0,0.0,0.0,2015-07-25,0,0.0,0.0,0.0,0.0,0.0
2015,8,28,5,DL,1198,N925DL,RIC,ATL,1917,1918.0,1.0,9.0,1927.0,108.0,97.0,71.0,481,2038.0,17.0,2105,2055.0,-10.0,0,0,,0.0,0.0,0.0,0.0,0.0,2015-08-28,0,0.0,0.0,0.0,0.0,0.0
2015,8,28,5,AA,636,N919US,DFW,PHX,1520,1519.0,-1.0,18.0,1537.0,155.0,144.0,118.0,868,1535.0,8.0,1555,1543.0,-12.0,0,0,,0.0,0.0,0.0,0.0,0.0,2015-08-28,0,0.0,0.0,0.0,0.0,0.0
2015,7,29,3,DL,2626,N3767,SLC,MSO,2200,2211.0,11.0,10.0,2221.0,84.0,73.0,58.0,436,2319.0,5.0,2324,2324.0,0.0,0,0,,0.0,0.0,0.0,0.0,0.0,2015-07-29,0,0.0,0.0,0.0,0.0,0.0
2015,8,11,2,AS,672,N479AS,SEA,DEN,1100,1100.0,0.0,16.0,1116.0,158.0,154.0,132.0,1024,1428.0,6.0,1438,1434.0,-4.0,0,0,,0.0,0.0,0.0,0.0,0.0,2015-08-11,0,0.0,0.0,0.0,0.0,0.0
2015,8,13,4,NK,970,N615NK,DEN,FLL,2330,2356.0,26.0,10.0,6.0,228.0,214.0,197.0,1703,523.0,7.0,518,530.0,12.0,0,0,,0.0,0.0,0.0,0.0,0.0,2015-08-13,1,0.0,0.0,0.0,0.0,0.0
2015,8,20,4,F9,796,N228FR,PDX,DEN,600,552.0,-8.0,16.0,608.0,150.0,153.0,129.0,991,917.0,8.0,930,925.0,-5.0,0,0,,0.0,0.0,0.0,0.0,0.0,2015-08-20,0,0.0,0.0,0.0,0.0,0.0
2015,8,2,7,WN,1572,N635SW,OAK,LAS,910,915.0,5.0,9.0,924.0,85.0,82.0,68.0,407,1032.0,5.0,1035,1037.0,2.0,0,0,,0.0,0.0,0.0,0.0,0.0,2015-08-02,0,0.0,0.0,0.0,0.0,0.0
2015,8,19,3,WN,1588,N356SW,AMA,DAL,940,943.0,3.0,9.0,952.0,65.0,67.0,51.0,323,1043.0,7.0,1045,1050.0,5.0,0,0,,0.0,0.0,0.0,0.0,0.0,2015-08-19,0,0.0,0.0,0.0,0.0,0.0
2015,7,29,3,AS,572,N612AS,PDX,SAN,1205,1200.0,-5.0,17.0,1217.0,145.0,150.0,129.0,933,1426.0,4.0,1430,1430.0,0.0,0,0,,0.0,0.0,0.0,0.0,0.0,2015-07-29,0,0.0,0.0,0.0,0.0,0.0
2015,8,28,5,DL,1480,N337NB,BDL,DTW,600,556.0,-4.0,8.0,604.0,113.0,95.0,83.0,549,727.0,4.0,753,731.0,-22.0,0,0,,0.0,0.0,0.0,0.0,0.0,2015-08-28,0,0.0,0.0,0.0,0.0,0.0
2015,7,28,2,DL,1342,N968DL,ATL,IND,1050,1048.0,-2.0,12.0,1100.0,86.0,80.0,64.0,432,1204.0,4.0,1216,1208.0,-8.0,0,0,,0.0,0.0,0.0,0.0,0.0,2015-07-28,0,0.0,0.0,0.0,0.0,0.0
2015,8,8,6,AA,1614,N3EVAA,MIA,EWR,715,710.0,-5.0,24.0,734.0,180.0,178.0,145.0,1085,959.0,9.0,1015,1008.0,-7.0,0,0,,0.0,0.0,0.0,0.0,0.0,2015-08-08,0,0.0,0.0,0.0,0.0,0.0
2015,8,22,6,WN,5289,N249WN,DAL,OKC,845,842.0,-3.0,13.0,855.0,50.0,55.0,37.0,181,932.0,5.0,935,937.0,2.0,0,0,,0.0,0.0,0.0,0.0,0.0,2015-08-22,0,0.0,0.0,0.0,0.0,0.0
2015,8,30,7,DL,2432,N326US,AUS,SLC,1415,1412.0,-3.0,13.0,1425.0,172.0,159.0,142.0,1086,1547.0,4.0,1607,1551.0,-16.0,0,0,,0.0,0.0,0.0,0.0,0.0,2015-08-30,0,0.0,0.0,0.0,0.0,0.0
2015,7,24,5,UA,1585,N35260,ORD,DEN,1220,1219.0,-1.0,31.0,1250.0,157.0,166.0,129.0,888,1359.0,6.0,1357,1405.0,8.0,0,0,,0.0,0.0,0.0,0.0,0.0,2015-07-24,0,0.0,0.0,0.0,0.0,0.0
2015,8,14,5,UA,261,N548UA,LAX,MCO,709,703.0,-6.0,16.0,719.0,305.0,294.0,274.0,2218,1453.0,4.0,1514,1457.0,-17.0,0,0,,0.0,0.0,0.0,0.0,0.0,2015-08-14,0,0.0,0.0,0.0,0.0,0.0
2015,8,18,2,OO,6338,N106SY,SAN,SFO,1825,1817.0,-8.0,20.0,1837.0,92.0,95.0,71.0,447,1948.0,4.0,1957,1952.0,-5.0,0,0,,0.0,0.0,0.0,0.0,0.0,2015-08-18,0,0.0,0.0,0.0,0.0,0.0
2015,7,24,5,UA,1573,N37255,EWR,IAH,520,525.0,5.0,11.0,536.0,217.0,198.0,179.0,1400,735.0,8.0,757,743.0,-14.0,0,0,,0.0,0.0,0.0,0.0,0.0,2015-07-24,0,0.0,0.0,0.0,0.0,0.0
2015,8,28,5,EV,5961,N11544,SCE,ORD,702,649.0,-13.0,11.0,700.0,113.0,97.0,77.0,528,717.0,9.0,755,726.0,-29.0,0,0,,0.0,0.0,0.0,0.0,0.0,2015-08-28,0,0.0,0.0,0.0,0.0,0.0
2015,8,7,5,DL,2339,N831DN,SEA,ATL,50,49.0,-1.0,10.0,59.0,278.0,254.0,241.0,2182,800.0,3.0,828,803.0,-25.0,0,0,,0.0,0.0,0.0,0.0,0.0,2015-08-07,0,0.0,0.0,0.0,0.0,0.0
2015,7,25,6,OO,5345,N984CA,FWA,ORD,1457,1455.0,-2.0,9.0,1504.0,62.0,47.0,31.0,157,1435.0,7.0,1459,1442.0,-17.0,0,0,,0.0,0.0,0.0,0.0,0.0,2015-07-25,0,0.0,0.0,0.0,0.0,0.0
2015,7,22,3,EV,5205,N718EV,RDU,CLE,1910,1917.0,7.0,19.0,1936.0,89.0,106.0,70.0,416,2046.0,17.0,2039,2103.0,24.0,0,0,,17.0,0.0,7.0,0.0,0.0,2015-07-22,0,242.86,0.0,100.0,0.0,0.0
2015,8,28,5,OO,6288,N980SW,GTF,DEN,1440,1435.0,-5.0,11.0,1446.0,114.0,109.0,87.0,624,1613.0,11.0,1634,1624.0,-10.0,0,0,,0.0,0.0,0.0,0.0,0.0,2015-08-28,0,0.0,0.0,0.0,0.0,0.0
2015,7,26,7,WN,752,N8601C,MDW,HOU,810,812.0,2.0,9.0,821.0,155.0,143.0,127.0,937,1028.0,7.0,1045,1035.0,-10.0,0,0,,0.0,0.0,0.0,0.0,0.0,2015-07-26,0,0.0,0.0,0.0,0.0,0.0
2015,8,14,5,AA,479,N766US,IAH,PHX,2125,2135.0,10.0,14.0,2149.0,160.0,159.0,140.0,1009,2209.0,5.0,2205,2214.0,9.0,0,0,,0.0,0.0,0.0,0.0,0.0,2015-08-14,0,0.0,0.0,0.0,0.0,0.0
2015,8,25,2,OO,6197,N103SY,BUR,SFO,1035,1027.0,-8.0,14.0,1041.0,84.0,89.0,53.0,326,1134.0,22.0,1159,1156.0,-3.0,0,0,,0.0,0.0,0.0,0.0,0.0,2015-08-25,0,0.0,0.0,0.0,0.0,0.0
2015,8,5,3,NK,731,N614NK,ORD,LAX,1706,1730.0,24.0,16.0,1746.0,259.0,260.0,227.0,1744,1933.0,17.0,1925,1950.0,25.0,0,0,,25.0,0.0,0.0,0.0,0.0,2015-08-05,1,104.17,0.0,0.0,0.0,0.0
2015,8,14,5,UA,1573,N37267,EWR,IAH,640,658.0,18.0,10.0,708.0,220.0,199.0,173.0,1400,901.0,16.0,920,917.0,-3.0,0,0,,0.0,0.0,0.0,0.0,0.0,2015-08-14,1,0.0,0.0,0.0,0.0,0.0
2015,8,7,5,UA,1146,N37253,DEN,IAH,956,953.0,-3.0,10.0,1003.0,147.0,136.0,112.0,862,1255.0,14.0,1323,1309.0,-14.0,0,0,,0.0,0.0,0.0,0.0,0.0,2015-08-07,0,0.0,0.0,0.0,0.0,0.0
2015,8,2,7,MQ,3405,N641MQ,DFW,CVG,1815,1949.0,94.0,16.0,2005.0,140.0,139.0,109.0,812,2254.0,14.0,2135,2308.0,93.0,0,0,,0.0,0.0,93.0,0.0,0.0,2015-08-02,1,0.0,0.0,98.94,0.0,0.0
2015,8,18,2,OO,4533,N611SK,PHX,SEA,1815,1814.0,-1.0,13.0,1827.0,184.0,185.0,165.0,1107,2112.0,7.0,2119,2119.0,0.0,0,0,,0.0,0.0,0.0,0.0,0.0,2015-08-18,0,0.0,0.0,0.0,0.0,0.0
2015,8,2,7,AA,1286,N4WKAA,DFW,OMA,1330,1326.0,-4.0,13.0,1339.0,109.0,103.0,84.0,583,1503.0,6.0,1519,1509.0,-10.0,0,0,,0.0,0.0,0.0,0.0,0.0,2015-08-02,0,0.0,0.0,0.0,0.0,0.0
2015,8,17,1,OO,6212,N916SW,DRO,DEN,1934,1928.0,-6.0,19.0,1947.0,72.0,82.0,51.0,250,2038.0,12.0,2046,2050.0,4.0,0,0,,0.0,0.0,0.0,0.0,0.0,2015-08-17,0,0.0,0.0,0.0,0.0,0.0
2015,8,7,5,EV,5274,N197PQ,ATL,MSN,1454,1508.0,14.0,21.0,1529.0,129.0,120.0,96.0,707,1605.0,3.0,1603,1608.0,5.0,0,0,,0.0,0.0,0.0,0.0,0.0,2015-08-07,0,0.0,0.0,0.0,0.0,0.0
2015,8,3,1,B6,471,N621JB,BOS,SJC,1645,1648.0,3.0,15.0,1703.0,386.0,381.0,362.0,2689,2005.0,4.0,2011,2009.0,-2.0,0,0,,0.0,0.0,0.0,0.0,0.0,2015-08-03,0,0.0,0.0,0.0,0.0,0.0
2015,8,20,4,OO,5585,N779SK,SFO,OKC,1051,1203.0,72.0,28.0,1231.0,197.0,190.0,157.0,1384,1708.0,5.0,1608,1713.0,65.0,0,0,,0.0,0.0,0.0,65.0,0.0,2015-08-20,1,0.0,0.0,0.0,90.28,0.0
2015,7,23,4,EV,6026,N16559,ORD,SCE,1840,1835.0,-5.0,27.0,1902.0,103.0,112.0,78.0,528,2120.0,7.0,2123,2127.0,4.0,0,0,,0.0,0.0,0.0,0.0,0.0,2015-07-23,0,0.0,0.0,0.0,0.0,0.0
2015,8,21,5,OO,7415,N439SW,RHI,IMT,2121,2110.0,-11.0,17.0,2127.0,34.0,39.0,19.0,67,2146.0,3.0,2155,2149.0,-6.0,0,0,,0.0,0.0,0.0,0.0,0.0,2015-08-21,0,0.0,0.0,0.0,0.0,0.0
2015,8,20,4,EV,6186,N13978,EWR,BWI,2159,2346.0,107.0,16.0,2.0,66.0,60.0,36.0,169,38.0,8.0,2305,46.0,101.0,0,0,,0.0,0.0,0.0,101.0,0.0,2015-08-20,1,0.0,0.0,0.0,94.39,0.0
2015,8,27,4,DL,1846,N312US,GEG,SLC,1635,1630.0,-5.0,9.0,1639.0,98.0,90.0,75.0,546,1854.0,6.0,1913,1900.0,-13.0,0,0,,0.0,0.0,0.0,0.0,0.0,2015-08-27,0,0.0,0.0,0.0,0.0,0.0
2015,8,24,1,WN,899,N758SW,JAX,BWI,705,721.0,16.0,14.0,735.0,120.0,106.0,87.0,663,902.0,5.0,905,907.0,2.0,0,0,,0.0,0.0,0.0,0.0,0.0,2015-08-24,1,0.0,0.0,0.0,0.0,0.0
2015,8,15,6,EV,4671,N16999,HRL,IAH,526,516.0,-10.0,26.0,542.0,73.0,86.0,50.0,295,632.0,10.0,639,642.0,3.0,0,0,,0.0,0.0,0.0,0.0,0.0,2015-08-15,0,0.0,0.0,0.0,0.0,0.0
2015,8,29,6,DL,1587,N327NW,ATL,MCI,1926,1926.0,0.0,27.0,1953.0,129.0,132.0,97.0,692,2030.0,8.0,2035,2038.0,3.0,0,0,,0.0,0.0,0.0,0.0,0.0,2015-08-29,0,0.0,0.0,0.0,0.0,0.0
2015,7,29,3,MQ,3200,N644MQ,IND,ORD,1542,1537.0,-5.0,14.0,1551.0,71.0,59.0,39.0,177,1530.0,6.0,1553,1536.0,-17.0,0,0,,0.0,0.0,0.0,0.0,0.0,2015-07-29,0,0.0,0.0,0.0,0.0,0.0
2015,8,25,2,UA,1758,N39463,ORD,MSP,730,729.0,-1.0,25.0,754.0,90.0,85.0,56.0,334,850.0,4.0,900,854.0,-6.0,0,0,,0.0,0.0,0.0,0.0,0.0,2015-08-25,0,0.0,0.0,0.0,0.0,0.0
2015,8,5,3,EV,4321,N12166,EWR,SYR,2130,2256.0,86.0,20.0,2316.0,71.0,60.0,36.0,195,2352.0,4.0,2241,2356.0,75.0,0,0,,0.0,0.0,0.0,75.0,0.0,2015-08-05,1,0.0,0.0,0.0,87.21,0.0
2015,8,21,5,EV,5356,N695CA,ATL,PHF,943,959.0,16.0,18.0,1017.0,102.0,91.0,70.0,508,1127.0,3.0,1125,1130.0,5.0,0,0,,0.0,0.0,0.0,0.0,0.0,2015-08-21,1,0.0,0.0,0.0,0.0,0.0
2015,8,14,5,MQ,3448,N508MQ,ORD,OKC,1700,1720.0,20.0,14.0,1734.0,135.0,102.0,84.0,693,1858.0,4.0,1915,1902.0,-13.0,0,0,,0.0,0.0,0.0,0.0,0.0,2015-08-14,1,0.0,0.0,0.0,0.0,0.0
2015,8,27,4,AA,1971,N118US,IAH,CLT,1735,1732.0,-3.0,9.0,1741.0,154.0,151.0,125.0,912,2046.0,17.0,2109,2103.0,-6.0,0,0,,0.0,0.0,0.0,0.0,0.0,2015-08-27,0,0.0,0.0,0.0,0.0,0.0
2015,7,24,5,OO,4832,N815SK,OAK,LAX,1847,1906.0,19.0,58.0,2004.0,93.0,130.0,57.0,337,2101.0,15.0,2020,2116.0,56.0,0,0,,37.0,0.0,0.0,19.0,0.0,2015-07-24,1,194.74,0.0,0.0,100.0,0.0
2015,7,25,6,WN,2327,N253WN,BWI,BUF,1420,1427.0,7.0,8.0,1435.0,65.0,59.0,48.0,281,1523.0,3.0,1525,1526.0,1.0,0,0,,0.0,0.0,0.0,0.0,0.0,2015-07-25,0,0.0,0.0,0.0,0.0,0.0
2015,8,15,6,B6,817,N552JB,BOS,JFK,844,839.0,-5.0,14.0,853.0,81.0,58.0,39.0,187,932.0,5.0,1005,937.0,-28.0,0,0,,0.0,0.0,0.0,0.0,0.0,2015-08-15,0,0.0,0.0,0.0,0.0,0.0
2015,7,25,6,WN,1091,N560WN,STL,MCO,700,651.0,-9.0,15.0,706.0,135.0,129.0,108.0,882,954.0,6.0,1015,1000.0,-15.0,0,0,,0.0,0.0,0.0,0.0,0.0,2015-07-25,0,0.0,0.0,0.0,0.0,0.0
2015,8,4,2,WN,3497,N7823A,SNA,PHX,1120,1127.0,7.0,7.0,1134.0,70.0,69.0,55.0,338,1229.0,7.0,1230,1236.0,6.0,0,0,,0.0,0.0,0.0,0.0,0.0,2015-08-04,0,0.0,0.0,0.0,0.0,0.0
2015,8,26,3,DL,1073,N3771K,MSP,PDX,1117,1114.0,-3.0,13.0,1127.0,213.0,209.0,195.0,1426,1242.0,1.0,1250,1243.0,-7.0,0,0,,0.0,0.0,0.0,0.0,0.0,2015-08-26,0,0.0,0.0,0.0,0.0,0.0
2015,7,24,5,UA,1476,N79279,ORD,EWR,2100,2102.0,2.0,20.0,2122.0,132.0,119.0,91.0,719,2353.0,8.0,12,1.0,-11.0,0,0,,0.0,0.0,0.0,0.0,0.0,2015-07-24,0,0.0,0.0,0.0,0.0,0.0
2015,8,19,3,WN,1530,N7742B,PDX,DEN,940,935.0,-5.0,12.0,947.0,150.0,142.0,122.0,991,1249.0,8.0,1310,1257.0,-13.0,0,0,,0.0,0.0,0.0,0.0,0.0,2015-08-19,0,0.0,0.0,0.0,0.0,0.0
2015,8,5,3,EV,6037,N13995,IAH,AMA,1430,1426.0,-4.0,17.0,1443.0,102.0,101.0,77.0,517,1600.0,7.0,1612,1607.0,-5.0,0,0,,0.0,0.0,0.0,0.0,0.0,2015-08-05,0,0.0,0.0,0.0,0.0,0.0
2015,8,19,3,AA,1824,N950UW,BOS,PHL,830,834.0,4.0,19.0,853.0,90.0,86.0,57.0,280,950.0,10.0,1000,1000.0,0.0,0,0,,0.0,0.0,0.0,0.0,0.0,2015-08-19,0,0.0,0.0,0.0,0.0,0.0
2015,8,24,1,WN,3115,N7731A,DEN,ABQ,1445,1442.0,-3.0,12.0,1454.0,70.0,66.0,50.0,349,1544.0,4.0,1555,1548.0,-7.0,0,0,,0.0,0.0,0.0,0.0,0.0,2015-08-24,0,0.0,0.0,0.0,0.0,0.0
2015,8,18,2,UA,1650,N35271,ORD,BWI,2055,2154.0,59.0,65.0,2259.0,118.0,157.0,84.0,622,123.0,8.0,2353,131.0,98.0,0,0,,39.0,0.0,0.0,0.0,59.0,2015-08-18,1,66.1,0.0,0.0,0.0,100.0
2015,8,19,3,UA,883,N436UA,LGA,DEN,1757,1809.0,12.0,68.0,1917.0,268.0,288.0,211.0,1620,2048.0,9.0,2025,2057.0,32.0,0,0,,20.0,0.0,12.0,0.0,0.0,2015-08-19,0,166.67,0.0,100.0,0.0,0.0
2015,8,15,6,WN,33,N521SW,TUL,HOU,1555,1552.0,-3.0,11.0,1603.0,95.0,82.0,67.0,453,1710.0,4.0,1730,1714.0,-16.0,0,0,,0.0,0.0,0.0,0.0,0.0,2015-08-15,0,0.0,0.0,0.0,0.0,0.0
2015,7,23,4,WN,4569,N772SW,PIT,BNA,800,758.0,-2.0,12.0,810.0,90.0,86.0,69.0,462,819.0,5.0,830,824.0,-6.0,0,0,,0.0,0.0,0.0,0.0,0.0,2015-07-23,0,0.0,0.0,0.0,0.0,0.0
2015,8,20,4,UA,1740,N73256,DEN,IAD,2007,2006.0,-1.0,34.0,2040.0,204.0,206.0,163.0,1452,123.0,9.0,131,132.0,1.0,0,0,,0.0,0.0,0.0,0.0,0.0,2015-08-20,0,0.0,0.0,0.0,0.0,0.0
2015,8,22,6,B6,231,N794JB,SLC,LGB,1129,1147.0,18.0,13.0,1200.0,106.0,105.0,88.0,588,1228.0,4.0,1215,1232.0,17.0,0,0,,0.0,0.0,11.0,6.0,0.0,2015-08-22,1,0.0,0.0,61.11,33.33,0.0
2015,8,9,7,AS,554,N551AS,PDX,LAX,1715,1758.0,43.0,30.0,1828.0,149.0,165.0,126.0,834,2034.0,9.0,1944,2043.0,59.0,0,0,,59.0,0.0,0.0,0.0,0.0,2015-08-09,1,137.21,0.0,0.0,0.0,0.0
2015,8,18,2,DL,2184,N304DQ,ATL,SDF,1501,1501.0,0.0,17.0,1518.0,82.0,75.0,52.0,321,1610.0,6.0,1623,1616.0,-7.0,0,0,,0.0,0.0,0.0,0.0,0.0,2015-08-18,0,0.0,0.0,0.0,0.0,0.0
2015,7,25,6,WN,4545,N375SW,SEA,PHX,1645,1645.0,0.0,11.0,1656.0,170.0,167.0,150.0,1107,1926.0,6.0,1935,1932.0,-3.0,0,0,,0.0,0.0,0.0,0.0,0.0,2015-07-25,0,0.0,0.0,0.0,0.0,0.0
2015,8,3,1,AA,2160,N810AW,BOS,DCA,900,856.0,-4.0,33.0,929.0,89.0,98.0,61.0,399,1030.0,4.0,1029,1034.0,5.0,0,0,,0.0,0.0,0.0,0.0,0.0,2015-08-03,0,0.0,0.0,0.0,0.0,0.0
2015,7,25,6,DL,1053,N974DL,PBI,ATL,1920,1937.0,17.0,13.0,1950.0,115.0,102.0,75.0,545,2105.0,14.0,2115,2119.0,4.0,0,0,,0.0,0.0,0.0,0.0,0.0,2015-07-25,1,0.0,0.0,0.0,0.0,0.0
2015,8,20,4,EV,4164,N11140,DCA,CLE,1030,1020.0,-10.0,40.0,1100.0,85.0,106.0,59.0,310,1159.0,7.0,1155,1206.0,11.0,0,0,,0.0,0.0,0.0,0.0,0.0,2015-08-20,0,0.0,0.0,0.0,0.0,0.0
2015,7,23,4,DL,1332,N329NB,GRB,DTW,1057,1054.0,-3.0,17.0,1111.0,71.0,72.0,46.0,287,1257.0,9.0,1308,1306.0,-2.0,0,0,,0.0,0.0,0.0,0.0,0.0,2015-07-23,0,0.0,0.0,0.0,0.0,0.0
2015,7,29,3,DL,419,N711ZX,JFK,SEA,1545,1551.0,6.0,23.0,1614.0,390.0,386.0,356.0,2422,1910.0,7.0,1915,1917.0,2.0,0,0,,0.0,0.0,0.0,0.0,0.0,2015-07-29,0,0.0,0.0,0.0,0.0,0.0
2015,8,2,7,AA,1725,N550UW,CLT,MCO,740,809.0,29.0,22.0,831.0,97.0,96.0,67.0,468,938.0,7.0,917,945.0,28.0,0,0,,0.0,0.0,28.0,0.0,0.0,2015-08-02,1,0.0,0.0,96.55,0.0,0.0
2015,8,13,4,DL,422,N705TW,JFK,LAX,929,924.0,-5.0,34.0,958.0,376.0,351.0,302.0,2475,1200.0,15.0,1245,1215.0,-30.0,0,0,,0.0,0.0,0.0,0.0,0.0,2015-08-13,0,0.0,0.0,0.0,0.0,0.0
2015,8,26,3,AA,562,N195UW,LAX,PHX,1240,1234.0,-6.0,21.0,1255.0,93.0,93.0,60.0,370,1355.0,12.0,1413,1407.0,-6.0,0,0,,0.0,0.0,0.0,0.0,0.0,2015-08-26,0,0.0,0.0,0.0,0.0,0.0
2015,8,25,2,B6,802,N655JB,SLC,MCO,2350,2340.0,-10.0,9.0,2349.0,262.0,235.0,216.0,1931,525.0,10.0,612,535.0,-37.0,0,0,,0.0,0.0,0.0,0.0,0.0,2015-08-25,0,0.0,0.0,0.0,0.0,0.0
2015,8,8,6,DL,2224,N323NB,MSP,BIL,915,910.0,-5.0,15.0,925.0,123.0,139.0,118.0,748,1023.0,6.0,1018,1029.0,11.0,0,0,,0.0,0.0,0.0,0.0,0.0,2015-08-08,0,0.0,0.0,0.0,0.0,0.0
2015,7,28,2,OO,5545,N143SY,DTW,ORD,600,553.0,-7.0,17.0,610.0,74.0,67.0,45.0,235,555.0,5.0,614,600.0,-14.0,0,0,,0.0,0.0,0.0,0.0,0.0,2015-07-28,0,0.0,0.0,0.0,0.0,0.0
2015,8,18,2,WN,1116,N709SW,RNO,LAS,1840,1840.0,0.0,10.0,1850.0,75.0,78.0,53.0,345,1943.0,15.0,1955,1958.0,3.0,0,0,,0.0,0.0,0.0,0.0,0.0,2015-08-18,0,0.0,0.0,0.0,0.0,0.0
2015,8,1,6,F9,1414,N943FR,STL,MCO,1700,1650.0,-10.0,15.0,1705.0,135.0,131.0,109.0,882,1954.0,7.0,2015,2001.0,-14.0,0,0,,0.0,0.0,0.0,0.0,0.0,2015-08-01,0,0.0,0.0,0.0,0.0,0.0
2015,7,28,2,DL,1371,N825DN,LAX,MSP,1740,1736.0,-4.0,17.0,1753.0,213.0,195.0,174.0,1535,2247.0,4.0,2313,2251.0,-22.0,0,0,,0.0,0.0,0.0,0.0,0.0,2015-07-28,0,0.0,0.0,0.0,0.0,0.0
2015,8,12,3,UA,464,N486UA,DEN,MCO,1725,1730.0,5.0,27.0,1757.0,228.0,213.0,181.0,1546,2258.0,5.0,2313,2303.0,-10.0,0,0,,0.0,0.0,0.0,0.0,0.0,2015-08-12,0,0.0,0.0,0.0,0.0,0.0
2015,8,16,7,NK,863,N611NK,LBE,MCO,1826,1818.0,-8.0,17.0,1835.0,134.0,133.0,106.0,824,2021.0,10.0,2040,2031.0,-9.0,0,0,,0.0,0.0,0.0,0.0,0.0,2015-08-16,0,0.0,0.0,0.0,0.0,0.0
2015,8,28,5,WN,277,N205WN,STL,AUS,2155,2150.0,-5.0,9.0,2159.0,130.0,106.0,93.0,721,2332.0,4.0,5,2336.0,-29.0,0,0,,0.0,0.0,0.0,0.0,0.0,2015-08-28,0,0.0,0.0,0.0,0.0,0.0
2015,7,29,3,DL,2598,N121DE,PDX,ATL,1300,1300.0,0.0,14.0,1314.0,290.0,270.0,249.0,2172,2023.0,7.0,2050,2030.0,-20.0,0,0,,0.0,0.0,0.0,0.0,0.0,2015-07-29,0,0.0,0.0,0.0,0.0,0.0
2015,8,14,5,DL,1119,N359NW,ATL,MSY,1155,1152.0,-3.0,11.0,1203.0,87.0,85.0,64.0,425,1207.0,10.0,1222,1217.0,-5.0,0,0,,0.0,0.0,0.0,0.0,0.0,2015-08-14,0,0.0,0.0,0.0,0.0,0.0
2015,8,3,1,UA,743,N529UA,ORD,SFO,1800,1820.0,20.0,18.0,1838.0,278.0,266.0,241.0,1846,2039.0,7.0,2038,2046.0,8.0,0,0,,0.0,0.0,0.0,0.0,0.0,2015-08-03,1,0.0,0.0,0.0,0.0,0.0
2015,8,9,7,DL,345,N935AT,ATL,SHV,1548,1544.0,-4.0,12.0,1556.0,107.0,90.0,72.0,551,1608.0,6.0,1635,1614.0,-21.0,0,0,,0.0,0.0,0.0,0.0,0.0,2015-08-09,0,0.0,0.0,0.0,0.0,0.0
2015,7,31,5,UA,1717,N37434,SFO,ORD,2313,2344.0,31.0,15.0,2359.0,247.0,229.0,204.0,1846,523.0,10.0,520,533.0,13.0,0,0,,0.0,0.0,0.0,0.0,0.0,2015-07-31,1,0.0,0.0,0.0,0.0,0.0
2015,8,9,7,UA,594,N405UA,DEN,PHX,1920,1936.0,16.0,30.0,2006.0,116.0,122.0,87.0,602,2033.0,5.0,2016,2038.0,22.0,0,0,,6.0,0.0,0.0,0.0,16.0,2015-08-09,1,37.5,0.0,0.0,0.0,100.0
2015,8,19,3,AA,1509,N3DHAA,BOS,MIA,1105,1106.0,1.0,14.0,1120.0,211.0,189.0,170.0,1258,1410.0,5.0,1436,1415.0,-21.0,0,0,,0.0,0.0,0.0,0.0,0.0,2015-08-19,0,0.0,0.0,0.0,0.0,0.0
2015,8,21,5,F9,721,N208FR,DCA,DEN,715,709.0,-6.0,22.0,731.0,228.0,234.0,205.0,1476,856.0,7.0,903,903.0,0.0,0,0,,0.0,0.0,0.0,0.0,0.0,2015-08-21,0,0.0,0.0,0.0,0.0,0.0
2015,8,21,5,WN,285,N7815L,DEN,ATL,1530,1543.0,13.0,12.0,1555.0,175.0,165.0,146.0,1199,2021.0,7.0,2025,2028.0,3.0,0,0,,0.0,0.0,0.0,0.0,0.0,2015-08-21,0,0.0,0.0,0.0,0.0,0.0
2015,7,30,4,DL,2351,N357NW,ATL,RDU,728,727.0,-1.0,11.0,738.0,77.0,76.0,61.0,356,839.0,4.0,845,843.0,-2.0,0,0,,0.0,0.0,0.0,0.0,0.0,2015-07-30,0,0.0,0.0,0.0,0.0,0.0
2015,7,24,5,B6,1209,N294JB,BOS,JAX,1801,1757.0,-4.0,18.0,1815.0,165.0,152.0,131.0,1010,2026.0,3.0,2046,2029.0,-17.0,0,0,,0.0,0.0,0.0,0.0,0.0,2015-07-24,0,0.0,0.0,0.0,0.0,0.0
2015,8,3,1,DL,2233,N949DL,ALB,ATL,1200,1227.0,27.0,42.0,1309.0,159.0,177.0,125.0,853,1514.0,10.0,1439,1524.0,45.0,0,0,,18.0,0.0,27.0,0.0,0.0,2015-08-03,1,66.67,0.0,100.0,0.0,0.0
2015,7,31,5,UA,1964,N76502,ORD,SEA,2005,2013.0,8.0,62.0,2115.0,268.0,309.0,234.0,1721,2309.0,13.0,2233,2322.0,49.0,0,0,,41.0,0.0,8.0,0.0,0.0,2015-07-31,0,512.5,0.0,100.0,0.0,0.0
2015,7,30,4,AA,2260,N4XHAA,DFW,PSP,1705,1732.0,27.0,13.0,1745.0,183.0,163.0,144.0,1126,1809.0,6.0,1808,1815.0,7.0,0,0,,0.0,0.0,0.0,0.0,0.0,2015-07-30,1,0.0,0.0,0.0,0.0,0.0
2015,8,9,7,MQ,3298,N8EGMQ,CMH,ORD,555,552.0,-3.0,13.0,605.0,84.0,72.0,52.0,296,557.0,7.0,619,604.0,-15.0,0,0,,0.0,0.0,0.0,0.0,0.0,2015-08-09,0,0.0,0.0,0.0,0.0,0.0
2015,8,8,6,OO,5601,N905SW,BHM,IAH,1100,1200.0,60.0,8.0,1208.0,109.0,100.0,85.0,562,1333.0,7.0,1249,1340.0,51.0,0,0,,0.0,0.0,0.0,51.0,0.0,2015-08-08,1,0.0,0.0,0.0,85.0,0.0
2015,8,3,1,OO,6360,N477CA,SMX,SFO,1407,1407.0,0.0,16.0,1423.0,66.0,81.0,42.0,216,1505.0,23.0,1513,1528.0,15.0,0,0,,15.0,0.0,0.0,0.0,0.0,2015-08-03,0,inf,0.0,0.0,0.0,0.0
2015,8,10,1,WN,1648,N383SW,LAX,OAK,1905,1905.0,0.0,8.0,1913.0,70.0,65.0,53.0,337,2006.0,4.0,2015,2010.0,-5.0,0,0,,0.0,0.0,0.0,0.0,0.0,2015-08-10,0,0.0,0.0,0.0,0.0,0.0
2015,8,19,3,WN,274,N742SW,LAS,SAN,2135,2130.0,-5.0,21.0,2151.0,60.0,66.0,42.0,258,2233.0,3.0,2235,2236.0,1.0,0,0,,0.0,0.0,0.0,0.0,0.0,2015-08-19,0,0.0,0.0,0.0,0.0,0.0
2015,8,21,5,OO,6382,N142SY,SFO,BOI,900,949.0,49.0,17.0,1006.0,104.0,93.0,73.0,522,1219.0,3.0,1144,1222.0,38.0,0,0,,0.0,0.0,38.0,0.0,0.0,2015-08-21,1,0.0,0.0,77.55,0.0,0.0
2015,8,27,4,DL,2764,N929AT,LAX,SFO,1305,1304.0,-1.0,23.0,1327.0,80.0,78.0,52.0,337,1419.0,3.0,1425,1422.0,-3.0,0,0,,0.0,0.0,0.0,0.0,0.0,2015-08-27,0,0.0,0.0,0.0,0.0,0.0
2015,8,13,4,OO,4450,N823SK,SLC,ONT,2205,2204.0,-1.0,9.0,2213.0,106.0,89.0,76.0,558,2229.0,4.0,2251,2233.0,-18.0,0,0,,0.0,0.0,0.0,0.0,0.0,2015-08-13,0,0.0,0.0,0.0,0.0,0.0
2015,8,27,4,EV,4531,N22909,AEX,IAH,540,530.0,-10.0,12.0,542.0,58.0,50.0,30.0,190,612.0,8.0,638,620.0,-18.0,0,0,,0.0,0.0,0.0,0.0,0.0,2015-08-27,0,0.0,0.0,0.0,0.0,0.0
2015,8,16,7,DL,171,N953DN,PHX,MSP,1125,1124.0,-1.0,15.0,1139.0,184.0,185.0,166.0,1276,1625.0,4.0,1629,1629.0,0.0,0,0,,0.0,0.0,0.0,0.0,0.0,2015-08-16,0,0.0,0.0,0.0,0.0,0.0
2015,8,18,2,EV,4869,N884AS,TRI,ATL,1806,2049.0,163.0,10.0,2059.0,67.0,69.0,43.0,227,2142.0,16.0,1913,2158.0,165.0,0,0,,2.0,0.0,122.0,41.0,0.0,2015-08-18,1,1.23,0.0,74.85,25.15,0.0
2015,8,2,7,WN,376,N939WN,DTW,BWI,1150,1145.0,-5.0,8.0,1153.0,85.0,73.0,61.0,409,1254.0,4.0,1315,1258.0,-17.0,0,0,,0.0,0.0,0.0,0.0,0.0,2015-08-02,0,0.0,0.0,0.0,0.0,0.0
2015,8,23,7,WN,1267,N749SW,LAS,DEN,1030,1028.0,-2.0,12.0,1040.0,105.0,102.0,83.0,628,1303.0,7.0,1315,1310.0,-5.0,0,0,,0.0,0.0,0.0,0.0,0.0,2015-08-23,0,0.0,0.0,0.0,0.0,0.0
2015,8,27,4,UA,1928,N37277,ATL,EWR,2037,2120.0,43.0,19.0,2139.0,138.0,115.0,89.0,746,2308.0,7.0,2255,2315.0,20.0,0,0,,0.0,0.0,20.0,0.0,0.0,2015-08-27,1,0.0,0.0,46.51,0.0,0.0
2015,8,29,6,B6,477,N729JB,JFK,JAX,1429,1429.0,0.0,22.0,1451.0,156.0,147.0,120.0,828,1651.0,5.0,1705,1656.0,-9.0,0,0,,0.0,0.0,0.0,0.0,0.0,2015-08-29,0,0.0,0.0,0.0,0.0,0.0
2015,8,17,1,DL,2780,N966AT,SFO,LAX,1300,1358.0,58.0,21.0,1419.0,90.0,85.0,54.0,337,1513.0,10.0,1430,1523.0,53.0,0,0,,0.0,0.0,0.0,53.0,0.0,2015-08-17,1,0.0,0.0,0.0,91.38,0.0
2015,7,25,6,WN,4324,N772SW,BWI,MDW,755,755.0,0.0,11.0,806.0,120.0,111.0,93.0,611,839.0,7.0,855,846.0,-9.0,0,0,,0.0,0.0,0.0,0.0,0.0,2015-07-25,0,0.0,0.0,0.0,0.0,0.0
2015,8,30,7,DL,1816,N550NW,ATL,DEN,815,811.0,-4.0,14.0,825.0,185.0,169.0,149.0,1199,854.0,6.0,920,900.0,-20.0,0,0,,0.0,0.0,0.0,0.0,0.0,2015-08-30,0,0.0,0.0,0.0,0.0,0.0
2015,8,25,2,UA,1723,N66814,SFO,KOA,1703,1656.0,-7.0,18.0,1714.0,327.0,317.0,294.0,2367,1908.0,5.0,1930,1913.0,-17.0,0,0,,0.0,0.0,0.0,0.0,0.0,2015-08-25,0,0.0,0.0,0.0,0.0,0.0
2015,7,23,4,EV,2607,N673AE,DFW,AMA,1600,1713.0,73.0,20.0,1733.0,69.0,75.0,50.0,312,1823.0,5.0,1709,1828.0,79.0,0,0,,6.0,0.0,73.0,0.0,0.0,2015-07-23,1,8.22,0.0,100.0,0.0,0.0
2015,8,23,7,UA,1010,N69885,IAH,DEN,2150,2142.0,-8.0,15.0,2157.0,152.0,142.0,121.0,862,2258.0,6.0,2322,2304.0,-18.0,0,0,,0.0,0.0,0.0,0.0,0.0,2015-08-23,0,0.0,0.0,0.0,0.0,0.0
2015,8,1,6,DL,1878,N978AT,ATL,EWR,1743,1741.0,-2.0,20.0,1801.0,151.0,126.0,100.0,746,1941.0,6.0,2014,1947.0,-27.0,0,0,,0.0,0.0,0.0,0.0,0.0,2015-08-01,0,0.0,0.0,0.0,0.0,0.0
2015,8,15,6,EV,4482,N25134,SAV,EWR,1047,1240.0,113.0,13.0,1253.0,132.0,178.0,156.0,708,1529.0,9.0,1259,1538.0,159.0,0,0,,155.0,0.0,4.0,0.0,0.0,2015-08-15,1,137.17,0.0,3.54,0.0,0.0
2015,8,22,6,B6,1145,N328JB,RIC,FLL,1250,1246.0,-4.0,8.0,1254.0,137.0,125.0,111.0,805,1445.0,6.0,1507,1451.0,-16.0,0,0,,0.0,0.0,0.0,0.0,0.0,2015-08-22,0,0.0,0.0,0.0,0.0,0.0
2015,7,26,7,WN,4531,N954WN,MDW,HOU,1635,1630.0,-5.0,12.0,1642.0,160.0,159.0,142.0,937,1904.0,5.0,1915,1909.0,-6.0,0,0,,0.0,0.0,0.0,0.0,0.0,2015-07-26,0,0.0,0.0,0.0,0.0,0.0
2015,8,22,6,DL,2506,N933DL,ATL,ECP,1355,1354.0,-1.0,17.0,1411.0,69.0,64.0,42.0,240,1353.0,5.0,1404,1358.0,-6.0,0,0,,0.0,0.0,0.0,0.0,0.0,2015-08-22,0,0.0,0.0,0.0,0.0,0.0
2015,7,26,7,EV,5924,N11199,ORD,TYS,1345,1453.0,68.0,23.0,1516.0,96.0,94.0,68.0,475,1724.0,3.0,1621,1727.0,66.0,0,0,,0.0,0.0,0.0,66.0,0.0,2015-07-26,1,0.0,0.0,0.0,97.06,0.0
2015,8,8,6,AA,1274,N5ELAA,BOS,MIA,800,1100.0,180.0,24.0,1124.0,209.0,210.0,181.0,1258,1425.0,5.0,1129,1430.0,181.0,0,0,,1.0,0.0,180.0,0.0,0.0,2015-08-08,1,0.56,0.0,100.0,0.0,0.0
2015,8,30,7,AA,674,N804AW,ONT,PHX,1925,1919.0,-6.0,7.0,1926.0,72.0,64.0,52.0,325,2018.0,5.0,2037,2023.0,-14.0,0,0,,0.0,0.0,0.0,0.0,0.0,2015-08-30,0,0.0,0.0,0.0,0.0,0.0
2015,8,5,3,OO,4705,N821SK,OAK,LAX,2105,2200.0,55.0,14.0,2214.0,95.0,110.0,62.0,337,2316.0,34.0,2240,2350.0,70.0,0,0,,15.0,0.0,0.0,55.0,0.0,2015-08-05,1,27.27,0.0,0.0,100.0,0.0
2015,8,17,1,UA,652,N425UA,EWR,BOS,841,934.0,53.0,14.0,948.0,75.0,68.0,50.0,200,1038.0,4.0,956,1042.0,46.0,0,0,,0.0,0.0,46.0,0.0,0.0,2015-08-17,1,0.0,0.0,86.79,0.0,0.0
2015,7,31,5,OO,4721,N817SK,LAX,SJC,1435,1432.0,-3.0,19.0,1451.0,80.0,70.0,47.0,308,1538.0,4.0,1555,1542.0,-13.0,0,0,,0.0,0.0,0.0,0.0,0.0,2015-07-31,0,0.0,0.0,0.0,0.0,0.0
2015,8,18,2,NK,109,N503NK,BOS,DTW,2135,2142.0,7.0,22.0,2204.0,131.0,128.0,91.0,632,2335.0,15.0,2346,2350.0,4.0,0,0,,0.0,0.0,0.0,0.0,0.0,2015-08-18,0,0.0,0.0,0.0,0.0,0.0
2015,8,20,4,OO,6453,N788SK,LAX,SMF,2215,2213.0,-2.0,13.0,2226.0,83.0,75.0,57.0,373,2323.0,5.0,2338,2328.0,-10.0,0,0,,0.0,0.0,0.0,0.0,0.0,2015-08-20,0,0.0,0.0,0.0,0.0,0.0
2015,8,18,2,MQ,3303,N688MQ,GRK,DFW,1155,1155.0,0.0,10.0,1205.0,55.0,51.0,31.0,134,1236.0,10.0,1250,1246.0,-4.0,0,0,,0.0,0.0,0.0,0.0,0.0,2015-08-18,0,0.0,0.0,0.0,0.0,0.0
2015,7,31,5,OO,3474,N218AG,SEA,FAT,1400,1358.0,-2.0,23.0,1421.0,124.0,138.0,108.0,748,1609.0,7.0,1604,1616.0,12.0,0,0,,0.0,0.0,0.0,0.0,0.0,2015-07-31,0,0.0,0.0,0.0,0.0,0.0
2015,8,19,3,UA,1192,N68805,DEN,ORD,910,904.0,-6.0,12.0,916.0,153.0,131.0,106.0,888,1202.0,13.0,1243,1215.0,-28.0,0,0,,0.0,0.0,0.0,0.0,0.0,2015-08-19,0,0.0,0.0,0.0,0.0,0.0
2015,7,23,4,DL,721,N900DE,ATL,MSP,1635,1652.0,17.0,14.0,1706.0,166.0,148.0,130.0,907,1816.0,4.0,1821,1820.0,-1.0,0,0,,0.0,0.0,0.0,0.0,0.0,2015-07-23,1,0.0,0.0,0.0,0.0,0.0
2015,8,23,7,AA,1840,N764US,MCI,CLT,1345,1340.0,-5.0,13.0,1353.0,137.0,141.0,111.0,808,1644.0,17.0,1702,1701.0,-1.0,0,0,,0.0,0.0,0.0,0.0,0.0,2015-08-23,0,0.0,0.0,0.0,0.0,0.0
2015,7,24,5,DL,1196,N535US,LAX,OGG,830,828.0,-2.0,19.0,847.0,344.0,323.0,299.0,2486,1046.0,5.0,1114,1051.0,-23.0,0,0,,0.0,0.0,0.0,0.0,0.0,2015-07-24,0,0.0,0.0,0.0,0.0,0.0
2015,8,2,7,VX,927,N621VA,LAX,SFO,1050,1229.0,99.0,20.0,1249.0,75.0,78.0,52.0,337,1341.0,6.0,1205,1347.0,102.0,0,0,,99.0,0.0,0.0,0.0,3.0,2015-08-02,1,100.0,0.0,0.0,0.0,3.03
2015,8,6,4,OO,4470,N693CA,OMA,SLC,1745,1737.0,-8.0,11.0,1748.0,150.0,143.0,125.0,840,1853.0,7.0,1915,1900.0,-15.0,0,0,,0.0,0.0,0.0,0.0,0.0,2015-08-06,0,0.0,0.0,0.0,0.0,0.0
2015,8,15,6,B6,95,N827JB,BOS,PDX,1831,1829.0,-2.0,72.0,1941.0,367.0,410.0,332.0,2537,2213.0,6.0,2138,2219.0,41.0,0,0,,41.0,0.0,0.0,0.0,0.0,2015-08-15,0,-2050.0,-0.0,-0.0,-0.0,-0.0
2015,8,14,5,DL,1992,N688DL,MSP,MCO,1311,1311.0,0.0,18.0,1329.0,190.0,202.0,164.0,1310,1713.0,20.0,1721,1733.0,12.0,0,0,,0.0,0.0,0.0,0.0,0.0,2015-08-14,0,0.0,0.0,0.0,0.0,0.0
2015,8,28,5,EV,5425,N884AS,CRW,ATL,1408,1407.0,-1.0,14.0,1421.0,82.0,86.0,64.0,363,1525.0,8.0,1530,1533.0,3.0,0,0,,0.0,0.0,0.0,0.0,0.0,2015-08-28,0,0.0,0.0,0.0,0.0,0.0
2015,8,14,5,OO,6197,N937SW,BUR,SFO,1120,1114.0,-6.0,14.0,1128.0,79.0,75.0,54.0,326,1222.0,7.0,1239,1229.0,-10.0,0,0,,0.0,0.0,0.0,0.0,0.0,2015-08-14,0,0.0,0.0,0.0,0.0,0.0
2015,8,19,3,EV,4928,N882AS,PIA,ATL,600,552.0,-8.0,31.0,623.0,106.0,138.0,99.0,565,902.0,8.0,846,910.0,24.0,0,0,,24.0,0.0,0.0,0.0,0.0,2015-08-19,0,-300.0,-0.0,-0.0,-0.0,-0.0
2015,7,26,7,AA,1176,N3JRAA,DFW,LGA,1905,1859.0,-6.0,16.0,1915.0,219.0,204.0,185.0,1389,2320.0,3.0,2344,2323.0,-21.0,0,0,,0.0,0.0,0.0,0.0,0.0,2015-07-26,0,0.0,0.0,0.0,0.0,0.0
2015,8,2,7,WN,3337,N207WN,CMH,MCO,1740,1743.0,3.0,9.0,1752.0,130.0,122.0,107.0,802,1939.0,6.0,1950,1945.0,-5.0,0,0,,0.0,0.0,0.0,0.0,0.0,2015-08-02,0,0.0,0.0,0.0,0.0,0.0
2015,7,27,1,UA,1175,N36272,LGA,DEN,759,801.0,2.0,13.0,814.0,261.0,239.0,218.0,1620,952.0,8.0,1020,1000.0,-20.0,0,0,,0.0,0.0,0.0,0.0,0.0,2015-07-27,0,0.0,0.0,0.0,0.0,0.0
2015,8,29,6,AA,1279,N3BWAA,LAS,MIA,1500,1454.0,-6.0,15.0,1509.0,294.0,304.0,282.0,2174,2251.0,7.0,2254,2258.0,4.0,0,0,,0.0,0.0,0.0,0.0,0.0,2015-08-29,0,0.0,0.0,0.0,0.0,0.0
2015,8,11,2,DL,1175,N318NB,DEN,MSP,915,915.0,0.0,13.0,928.0,114.0,108.0,91.0,680,1159.0,4.0,1209,1203.0,-6.0,0,0,,0.0,0.0,0.0,0.0,0.0,2015-08-11,0,0.0,0.0,0.0,0.0,0.0
2015,8,14,5,UA,1227,N67812,SFO,EWR,1533,1735.0,122.0,13.0,1748.0,330.0,326.0,302.0,2565,150.0,11.0,3,201.0,118.0,0,0,,0.0,0.0,12.0,106.0,0.0,2015-08-14,1,0.0,0.0,9.84,86.89,0.0
2015,7,27,1,DL,2187,N696DL,SLC,PDX,832,825.0,-7.0,21.0,846.0,109.0,113.0,90.0,630,916.0,2.0,921,918.0,-3.0,0,0,,0.0,0.0,0.0,0.0,0.0,2015-07-27,0,0.0,0.0,0.0,0.0,0.0
2015,7,30,4,OO,6534,N951SW,DEN,IDA,1106,1120.0,14.0,14.0,1134.0,97.0,88.0,70.0,458,1244.0,4.0,1243,1248.0,5.0,0,0,,0.0,0.0,0.0,0.0,0.0,2015-07-30,0,0.0,0.0,0.0,0.0,0.0
2015,7,29,3,NK,339,N615NK,FLL,LAX,2135,2152.0,17.0,14.0,2206.0,315.0,326.0,278.0,2343,2344.0,34.0,2350,18.0,28.0,0,0,,27.0,0.0,1.0,0.0,0.0,2015-07-29,1,158.82,0.0,5.88,0.0,0.0
2015,8,15,6,EV,4431,N15985,MEM,IAH,1107,1055.0,-12.0,12.0,1107.0,103.0,95.0,75.0,468,1222.0,8.0,1250,1230.0,-20.0,0,0,,0.0,0.0,0.0,0.0,0.0,2015-08-15,0,0.0,0.0,0.0,0.0,0.0
2015,8,1,6,OO,5371,N984CA,LAX,SBP,1241,1239.0,-2.0,16.0,1255.0,59.0,47.0,27.0,156,1322.0,4.0,1340,1326.0,-14.0,0,0,,0.0,0.0,0.0,0.0,0.0,2015-08-01,0,0.0,0.0,0.0,0.0,0.0
2015,7,27,1,AA,1667,N571AA,DEN,DFW,1110,1104.0,-6.0,19.0,1123.0,116.0,118.0,87.0,641,1350.0,12.0,1406,1402.0,-4.0,0,0,,0.0,0.0,0.0,0.0,0.0,2015-07-27,0,0.0,0.0,0.0,0.0,0.0
2015,8,28,5,F9,122,N949FR,DEN,DFW,1640,1641.0,1.0,12.0,1653.0,109.0,103.0,84.0,641,1917.0,7.0,1929,1924.0,-5.0,0,0,,0.0,0.0,0.0,0.0,0.0,2015-08-28,0,0.0,0.0,0.0,0.0,0.0
2015,8,25,2,AA,1946,N172US,CLT,ORD,945,943.0,-2.0,21.0,1004.0,132.0,120.0,90.0,599,1034.0,9.0,1057,1043.0,-14.0,0,0,,0.0,0.0,0.0,0.0,0.0,2015-08-25,0,0.0,0.0,0.0,0.0,0.0
2015,8,29,6,OO,6516,N763SK,IAH,SHV,1916,1916.0,0.0,33.0,1949.0,56.0,74.0,35.0,192,2024.0,6.0,2012,2030.0,18.0,0,0,,18.0,0.0,0.0,0.0,0.0,2015-08-29,0,inf,0.0,0.0,0.0,0.0
2015,8,17,1,EV,5582,N878AS,CRW,ATL,1143,1142.0,-1.0,11.0,1153.0,81.0,85.0,69.0,363,1302.0,5.0,1304,1307.0,3.0,0,0,,0.0,0.0,0.0,0.0,0.0,2015-08-17,0,0.0,0.0,0.0,0.0,0.0
2015,8,23,7,OO,4626,N452SW,SLC,MSO,1700,1700.0,0.0,22.0,1722.0,95.0,97.0,71.0,436,1833.0,4.0,1835,1837.0,2.0,0,0,,0.0,0.0,0.0,0.0,0.0,2015-08-23,0,0.0,0.0,0.0,0.0,0.0
2015,7,27,1,WN,3041,N756SA,MSP,MDW,1830,1829.0,-1.0,9.0,1838.0,90.0,95.0,64.0,349,1942.0,22.0,2000,2004.0,4.0,0,0,,0.0,0.0,0.0,0.0,0.0,2015-07-27,0,0.0,0.0,0.0,0.0,0.0
2015,7,24,5,WN,4478,N7716A,MSP,DEN,1800,1802.0,2.0,8.0,1810.0,125.0,114.0,98.0,680,1848.0,8.0,1905,1856.0,-9.0,0,0,,0.0,0.0,0.0,0.0,0.0,2015-07-24,0,0.0,0.0,0.0,0.0,0.0
2015,7,31,5,WN,2674,N297WN,SJC,DEN,2055,2051.0,-4.0,9.0,2100.0,145.0,133.0,118.0,948,2358.0,6.0,20,4.0,-16.0,0,0,,0.0,0.0,0.0,0.0,0.0,2015-07-31,0,0.0,0.0,0.0,0.0,0.0
2015,8,26,3,NK,954,N632NK,LAS,FLL,2249,2248.0,-1.0,12.0,2300.0,286.0,271.0,250.0,2173,610.0,9.0,635,619.0,-16.0,0,0,,0.0,0.0,0.0,0.0,0.0,2015-08-26,0,0.0,0.0,0.0,0.0,0.0
2015,8,17,1,EV,5039,N937EV,SHV,ATL,1248,1250.0,2.0,14.0,1304.0,108.0,110.0,86.0,551,1530.0,10.0,1536,1540.0,4.0,0,0,,0.0,0.0,0.0,0.0,0.0,2015-08-17,0,0.0,0.0,0.0,0.0,0.0
2015,8,1,6,DL,1190,N982AT,ATL,CAK,905,903.0,-2.0,33.0,936.0,95.0,109.0,72.0,528,1048.0,4.0,1040,1052.0,12.0,0,0,,0.0,0.0,0.0,0.0,0.0,2015-08-01,0,0.0,0.0,0.0,0.0,0.0
2015,8,23,7,AA,2091,N186US,CLT,DFW,725,719.0,-6.0,11.0,730.0,153.0,145.0,128.0,936,838.0,6.0,858,844.0,-14.0,0,0,,0.0,0.0,0.0,0.0,0.0,2015-08-23,0,0.0,0.0,0.0,0.0,0.0
2015,8,25,2,EV,3935,N11184,ICT,ORD,1454,1450.0,-4.0,7.0,1457.0,116.0,114.0,91.0,588,1628.0,16.0,1650,1644.0,-6.0,0,0,,0.0,0.0,0.0,0.0,0.0,2015-08-25,0,0.0,0.0,0.0,0.0,0.0
2015,8,16,7,MQ,3258,N670MQ,TUL,ORD,857,852.0,-5.0,12.0,904.0,121.0,124.0,98.0,585,1042.0,14.0,1058,1056.0,-2.0,0,0,,0.0,0.0,0.0,0.0,0.0,2015-08-16,0,0.0,0.0,0.0,0.0,0.0
2015,8,7,5,WN,910,N233LV,DEN,HOU,2150,2323.0,93.0,8.0,2331.0,135.0,126.0,111.0,883,222.0,7.0,105,229.0,84.0,0,0,,0.0,0.0,33.0,51.0,0.0,2015-08-07,1,0.0,0.0,35.48,54.84,0.0
2015,7,23,4,UA,1660,N36280,SFO,DEN,939,935.0,-4.0,25.0,1000.0,153.0,144.0,111.0,967,1251.0,8.0,1312,1259.0,-13.0,0,0,,0.0,0.0,0.0,0.0,0.0,2015-07-23,0,0.0,0.0,0.0,0.0,0.0
2015,8,6,4,EV,5973,N12921,ORD,TUL,1619,1614.0,-5.0,42.0,1656.0,119.0,130.0,85.0,585,1821.0,3.0,1818,1824.0,6.0,0,0,,0.0,0.0,0.0,0.0,0.0,2015-08-06,0,0.0,0.0,0.0,0.0,0.0
2015,7,24,5,UA,319,N817UA,BOS,EWR,847,841.0,-6.0,14.0,855.0,82.0,66.0,46.0,200,941.0,6.0,1009,947.0,-22.0,0,0,,0.0,0.0,0.0,0.0,0.0,2015-07-24,0,0.0,0.0,0.0,0.0,0.0
2015,7,30,4,DL,699,N345NW,DCA,ATL,959,1007.0,8.0,12.0,1019.0,108.0,90.0,74.0,547,1133.0,4.0,1147,1137.0,-10.0,0,0,,0.0,0.0,0.0,0.0,0.0,2015-07-30,0,0.0,0.0,0.0,0.0,0.0
2015,8,8,6,B6,553,N565JB,JFK,PBI,1359,1356.0,-3.0,23.0,1419.0,180.0,164.0,138.0,1028,1637.0,3.0,1659,1640.0,-19.0,0,0,,0.0,0.0,0.0,0.0,0.0,2015-08-08,0,0.0,0.0,0.0,0.0,0.0
2015,8,3,1,EV,5978,N13550,ORD,TVC,1215,1214.0,-1.0,13.0,1227.0,69.0,59.0,42.0,224,1409.0,4.0,1424,1413.0,-11.0,0,0,,0.0,0.0,0.0,0.0,0.0,2015-08-03,0,0.0,0.0,0.0,0.0,0.0
2015,8,8,6,DL,2810,N624AG,JFK,PIT,1600,1620.0,20.0,27.0,1647.0,111.0,88.0,57.0,340,1744.0,4.0,1751,1748.0,-3.0,0,0,,0.0,0.0,0.0,0.0,0.0,2015-08-08,1,0.0,0.0,0.0,0.0,0.0
2015,8,22,6,MQ,3359,N643MQ,ORD,LEX,1210,1207.0,-3.0,13.0,1220.0,88.0,82.0,50.0,323,1410.0,19.0,1438,1429.0,-9.0,0,0,,0.0,0.0,0.0,0.0,0.0,2015-08-22,0,0.0,0.0,0.0,0.0,0.0
2015,8,12,3,WN,2365,N8652B,MKE,SEA,940,1013.0,33.0,10.0,1023.0,260.0,257.0,236.0,1694,1219.0,11.0,1200,1230.0,30.0,0,0,,0.0,0.0,30.0,0.0,0.0,2015-08-12,1,0.0,0.0,90.91,0.0,0.0
2015,7,26,7,UA,1618,N33286,LAS,SFO,1942,1959.0,17.0,13.0,2012.0,110.0,96.0,69.0,414,2121.0,14.0,2132,2135.0,3.0,0,0,,0.0,0.0,0.0,0.0,0.0,2015-07-26,1,0.0,0.0,0.0,0.0,0.0
2015,8,13,4,DL,2376,N958DN,ATL,TPA,1735,1740.0,5.0,20.0,1800.0,92.0,86.0,60.0,406,1900.0,6.0,1907,1906.0,-1.0,0,0,,0.0,0.0,0.0,0.0,0.0,2015-08-13,0,0.0,0.0,0.0,0.0,0.0
2015,8,13,4,B6,218,N353JB,CLT,JFK,1011,1010.0,-1.0,25.0,1035.0,112.0,113.0,82.0,541,1157.0,6.0,1203,1203.0,0.0,0,0,,0.0,0.0,0.0,0.0,0.0,2015-08-13,0,0.0,0.0,0.0,0.0,0.0
2015,8,10,1,OO,4556,N815SK,MSP,BNA,1330,1326.0,-4.0,18.0,1344.0,123.0,109.0,87.0,695,1511.0,4.0,1533,1515.0,-18.0,0,0,,0.0,0.0,0.0,0.0,0.0,2015-08-10,0,0.0,0.0,0.0,0.0,0.0
2015,8,7,5,HA,17,N391HA,LAS,HNL,155,202.0,7.0,13.0,215.0,365.0,390.0,373.0,2762,528.0,4.0,500,532.0,32.0,0,0,,0.0,0.0,32.0,0.0,0.0,2015-08-07,0,0.0,0.0,457.14,0.0,0.0
2015,7,29,3,DL,1134,N951DN,ATL,PBI,834,826.0,-8.0,23.0,849.0,104.0,110.0,82.0,545,1011.0,5.0,1018,1016.0,-2.0,0,0,,0.0,0.0,0.0,0.0,0.0,2015-07-29,0,0.0,0.0,0.0,0.0,0.0
2015,8,23,7,DL,2251,N987DL,ATL,CLT,1005,1127.0,82.0,20.0,1147.0,75.0,70.0,43.0,226,1230.0,7.0,1120,1237.0,77.0,0,0,,0.0,0.0,77.0,0.0,0.0,2015-08-23,1,0.0,0.0,93.9,0.0,0.0
2015,7,23,4,DL,2145,N833DN,ATL,SFO,1750,1750.0,0.0,19.0,1809.0,311.0,295.0,272.0,2139,1941.0,4.0,2001,1945.0,-16.0,0,0,,0.0,0.0,0.0,0.0,0.0,2015-07-23,0,0.0,0.0,0.0,0.0,0.0
2015,7,28,2,OO,4974,N716SK,DEN,DFW,831,827.0,-4.0,14.0,841.0,120.0,116.0,89.0,641,1110.0,13.0,1131,1123.0,-8.0,0,0,,0.0,0.0,0.0,0.0,0.0,2015-07-28,0,0.0,0.0,0.0,0.0,0.0
2015,8,27,4,AA,1735,N568UW,MCO,CLT,835,842.0,7.0,16.0,858.0,101.0,95.0,72.0,468,1010.0,7.0,1016,1017.0,1.0,0,0,,0.0,0.0,0.0,0.0,0.0,2015-08-27,0,0.0,0.0,0.0,0.0,0.0
2015,8,20,4,WN,2356,N475WN,PHX,MDW,1855,1858.0,3.0,21.0,1919.0,195.0,197.0,170.0,1444,9.0,6.0,10,15.0,5.0,0,0,,0.0,0.0,0.0,0.0,0.0,2015-08-20,0,0.0,0.0,0.0,0.0,0.0
2015,8,23,7,EV,4540,N16559,MAF,IAH,1329,1320.0,-9.0,11.0,1331.0,91.0,89.0,69.0,429,1440.0,9.0,1500,1449.0,-11.0,0,0,,0.0,0.0,0.0,0.0,0.0,2015-08-23,0,0.0,0.0,0.0,0.0,0.0
2015,8,11,2,DL,1265,N938DL,ATL,SAV,1248,1247.0,-1.0,15.0,1302.0,62.0,62.0,39.0,214,1341.0,8.0,1350,1349.0,-1.0,0,0,,0.0,0.0,0.0,0.0,0.0,2015-08-11,0,0.0,0.0,0.0,0.0,0.0
2015,7,29,3,AA,1913,N830AW,CLT,PHL,635,632.0,-3.0,14.0,646.0,96.0,94.0,75.0,449,801.0,5.0,811,806.0,-5.0,0,0,,0.0,0.0,0.0,0.0,0.0,2015-07-29,0,0.0,0.0,0.0,0.0,0.0
2015,8,20,4,OO,6524,N964SW,GTF,DEN,1721,1716.0,-5.0,18.0,1734.0,109.0,120.0,94.0,624,1908.0,8.0,1910,1916.0,6.0,0,0,,0.0,0.0,0.0,0.0,0.0,2015-08-20,0,0.0,0.0,0.0,0.0,0.0
2015,8,11,2,OO,4620,N429SW,BUR,SLC,1629,1623.0,-6.0,15.0,1638.0,108.0,113.0,91.0,574,1909.0,7.0,1917,1916.0,-1.0,0,0,,0.0,0.0,0.0,0.0,0.0,2015-08-11,0,0.0,0.0,0.0,0.0,0.0
2015,8,4,2,DL,1604,N835DN,DTW,FLL,735,730.0,-5.0,21.0,751.0,174.0,165.0,141.0,1127,1012.0,3.0,1029,1015.0,-14.0,0,0,,0.0,0.0,0.0,0.0,0.0,2015-08-04,0,0.0,0.0,0.0,0.0,0.0
2015,8,1,6,WN,4446,N935WN,SMF,DEN,1310,1353.0,43.0,13.0,1406.0,140.0,136.0,117.0,909,1703.0,6.0,1630,1709.0,39.0,0,0,,0.0,0.0,15.0,24.0,0.0,2015-08-01,1,0.0,0.0,34.88,55.81,0.0
2015,7,27,1,WN,417,N557WN,BUR,LAS,1450,1445.0,-5.0,12.0,1457.0,60.0,61.0,43.0,223,1540.0,6.0,1550,1546.0,-4.0,0,0,,0.0,0.0,0.0,0.0,0.0,2015-07-27,0,0.0,0.0,0.0,0.0,0.0
2015,8,25,2,AA,1479,N3FGAA,CLT,DFW,759,751.0,-8.0,16.0,807.0,170.0,158.0,131.0,936,918.0,11.0,949,929.0,-20.0,0,0,,0.0,0.0,0.0,0.0,0.0,2015-08-25,0,0.0,0.0,0.0,0.0,0.0
2015,8,9,7,EV,6129,N12564,ORD,CWA,2103,2104.0,1.0,16.0,2120.0,62.0,59.0,40.0,212,2200.0,3.0,2205,2203.0,-2.0,0,0,,0.0,0.0,0.0,0.0,0.0,2015-08-09,0,0.0,0.0,0.0,0.0,0.0
2015,7,29,3,WN,651,N224WN,MCO,CMH,1615,1629.0,14.0,15.0,1644.0,130.0,131.0,111.0,802,1835.0,5.0,1825,1840.0,15.0,0,0,,1.0,0.0,3.0,11.0,0.0,2015-07-29,0,7.14,0.0,21.43,78.57,0.0
2015,7,25,6,DL,1796,N934AT,ECP,ATL,1700,1658.0,-2.0,12.0,1710.0,78.0,68.0,40.0,240,1850.0,16.0,1918,1906.0,-12.0,0,0,,0.0,0.0,0.0,0.0,0.0,2015-07-25,0,0.0,0.0,0.0,0.0,0.0
2015,8,8,6,OO,6399,N908SW,BIS,DEN,1300,1252.0,-8.0,11.0,1303.0,100.0,99.0,83.0,516,1326.0,5.0,1340,1331.0,-9.0,0,0,,0.0,0.0,0.0,0.0,0.0,2015-08-08,0,0.0,0.0,0.0,0.0,0.0
2015,8,1,6,DL,1978,N921DN,ATL,RIC,2216,2215.0,-1.0,13.0,2228.0,95.0,86.0,66.0,481,2334.0,7.0,2351,2341.0,-10.0,0,0,,0.0,0.0,0.0,0.0,0.0,2015-08-01,0,0.0,0.0,0.0,0.0,0.0
2015,7,26,7,EV,5128,N839AS,MGM,ATL,545,542.0,-3.0,6.0,548.0,48.0,39.0,29.0,147,717.0,4.0,733,721.0,-12.0,0,0,,0.0,0.0,0.0,0.0,0.0,2015-07-26,0,0.0,0.0,0.0,0.0,0.0
2015,8,13,4,AA,1535,N4XRAA,DFW,MCI,1655,1652.0,-3.0,14.0,1706.0,98.0,90.0,70.0,460,1816.0,6.0,1833,1822.0,-11.0,0,0,,0.0,0.0,0.0,0.0,0.0,2015-08-13,0,0.0,0.0,0.0,0.0,0.0
2015,7,24,5,UA,983,N537UA,JAC,ORD,725,725.0,0.0,12.0,737.0,174.0,165.0,141.0,1162,1058.0,12.0,1119,1110.0,-9.0,0,0,,0.0,0.0,0.0,0.0,0.0,2015-07-24,0,0.0,0.0,0.0,0.0,0.0
2015,8,2,7,AA,785,N543UW,PHX,LAS,2240,2306.0,26.0,10.0,2316.0,64.0,57.0,40.0,255,2356.0,7.0,2344,3.0,19.0,0,0,,0.0,0.0,19.0,0.0,0.0,2015-08-02,1,0.0,0.0,73.08,0.0,0.0
2015,8,21,5,WN,1510,N8667D,LAS,BUF,1720,1724.0,4.0,12.0,1736.0,255.0,245.0,228.0,1986,24.0,5.0,35,29.0,-6.0,0,0,,0.0,0.0,0.0,0.0,0.0,2015-08-21,0,0.0,0.0,0.0,0.0,0.0
2015,7,29,3,OO,4764,N429SW,SLC,MSO,1536,1532.0,-4.0,17.0,1549.0,91.0,95.0,69.0,436,1658.0,9.0,1707,1707.0,0.0,0,0,,0.0,0.0,0.0,0.0,0.0,2015-07-29,0,0.0,0.0,0.0,0.0,0.0
2015,8,10,1,WN,586,N550WN,OAK,LAX,820,820.0,0.0,8.0,828.0,80.0,77.0,61.0,337,929.0,8.0,940,937.0,-3.0,0,0,,0.0,0.0,0.0,0.0,0.0,2015-08-10,0,0.0,0.0,0.0,0.0,0.0
2015,8,20,4,B6,216,N517JB,LGB,AUS,710,710.0,0.0,12.0,722.0,171.0,183.0,155.0,1226,1157.0,16.0,1201,1213.0,12.0,0,0,,0.0,0.0,0.0,0.0,0.0,2015-08-20,0,0.0,0.0,0.0,0.0,0.0
2015,7,26,7,WN,4365,N451WN,DAL,AUS,710,705.0,-5.0,13.0,718.0,50.0,51.0,32.0,189,750.0,6.0,800,756.0,-4.0,0,0,,0.0,0.0,0.0,0.0,0.0,2015-07-26,0,0.0,0.0,0.0,0.0,0.0
2015,7,26,7,OO,4748,N8965E,SLC,LWS,2200,2154.0,-6.0,13.0,2207.0,83.0,79.0,61.0,461,2208.0,5.0,2223,2213.0,-10.0,0,0,,0.0,0.0,0.0,0.0,0.0,2015-07-26,0,0.0,0.0,0.0,0.0,0.0
2015,8,27,4,DL,1298,N581NW,KOA,LAX,2124,2124.0,0.0,16.0,2140.0,311.0,291.0,268.0,2504,508.0,7.0,535,515.0,-20.0,0,0,,0.0,0.0,0.0,0.0,0.0,2015-08-27,0,0.0,0.0,0.0,0.0,0.0
2015,7,25,6,AA,194,N3EJAA,MIA,BWI,1520,1922.0,242.0,9.0,1931.0,154.0,148.0,133.0,946,2144.0,6.0,1754,2150.0,236.0,0,0,,0.0,0.0,16.0,220.0,0.0,2015-07-25,1,0.0,0.0,6.61,90.91,0.0
2015,8,27,4,DL,2797,N977AT,XNA,ATL,1800,1754.0,-6.0,12.0,1806.0,112.0,99.0,82.0,589,2028.0,5.0,2052,2033.0,-19.0,0,0,,0.0,0.0,0.0,0.0,0.0,2015-08-27,0,0.0,0.0,0.0,0.0,0.0
2015,7,24,5,EV,5110,N691CA,ATL,OMA,814,826.0,12.0,24.0,850.0,139.0,140.0,114.0,821,944.0,2.0,933,946.0,13.0,0,0,,0.0,0.0,0.0,0.0,0.0,2015-07-24,0,0.0,0.0,0.0,0.0,0.0
2015,7,28,2,DL,1961,N973DL,RIC,ATL,700,654.0,-6.0,14.0,708.0,104.0,87.0,68.0,481,816.0,5.0,844,821.0,-23.0,0,0,,0.0,0.0,0.0,0.0,0.0,2015-07-28,0,0.0,0.0,0.0,0.0,0.0
2015,8,17,1,NK,315,N525NK,TPA,IAH,2029,2031.0,2.0,11.0,2042.0,136.0,127.0,106.0,787,2128.0,10.0,2145,2138.0,-7.0,0,0,,0.0,0.0,0.0,0.0,0.0,2015-08-17,0,0.0,0.0,0.0,0.0,0.0
2015,8,27,4,DL,2134,N948DN,MSP,PHX,1125,1119.0,-6.0,15.0,1134.0,189.0,179.0,160.0,1276,1214.0,4.0,1234,1218.0,-16.0,0,0,,0.0,0.0,0.0,0.0,0.0,2015-08-27,0,0.0,0.0,0.0,0.0,0.0
2015,8,4,2,EV,4694,N14158,CLE,BOS,1621,1711.0,50.0,11.0,1722.0,109.0,102.0,85.0,563,1847.0,6.0,1810,1853.0,43.0,0,0,,43.0,0.0,0.0,0.0,0.0,2015-08-04,1,86.0,0.0,0.0,0.0,0.0
2015,8,3,1,AA,644,N804AW,OMA,PHX,1500,1453.0,-7.0,11.0,1504.0,160.0,157.0,141.0,1037,1525.0,5.0,1540,1530.0,-10.0,0,0,,0.0,0.0,0.0,0.0,0.0,2015-08-03,0,0.0,0.0,0.0,0.0,0.0
2015,8,14,5,AA,1753,N705UW,CLT,JAX,1145,1152.0,7.0,36.0,1228.0,83.0,95.0,54.0,328,1322.0,5.0,1308,1327.0,19.0,0,0,,12.0,0.0,7.0,0.0,0.0,2015-08-14,0,171.43,0.0,100.0,0.0,0.0
2015,8,26,3,B6,76,N805JB,MSY,JFK,854,846.0,-8.0,9.0,855.0,183.0,152.0,137.0,1182,1212.0,6.0,1257,1218.0,-39.0,0,0,,0.0,0.0,0.0,0.0,0.0,2015-08-26,0,0.0,0.0,0.0,0.0,0.0
2015,8,9,7,WN,264,N919WN,DEN,CAK,1750,1749.0,-1.0,10.0,1759.0,165.0,150.0,137.0,1224,2216.0,3.0,2235,2219.0,-16.0,0,0,,0.0,0.0,0.0,0.0,0.0,2015-08-09,0,0.0,0.0,0.0,0.0,0.0
2015,7,30,4,UA,587,N406UA,IAH,SFO,1438,1450.0,12.0,18.0,1508.0,248.0,231.0,207.0,1635,1635.0,6.0,1646,1641.0,-5.0,0,0,,0.0,0.0,0.0,0.0,0.0,2015-07-30,0,0.0,0.0,0.0,0.0,0.0
2015,8,26,3,UA,744,N448UA,LGA,DEN,859,850.0,-9.0,25.0,915.0,259.0,246.0,212.0,1620,1047.0,9.0,1118,1056.0,-22.0,0,0,,0.0,0.0,0.0,0.0,0.0,2015-08-26,0,0.0,0.0,0.0,0.0,0.0
2015,8,3,1,HA,341,N476HA,ITO,HNL,925,1013.0,48.0,7.0,1020.0,51.0,52.0,40.0,216,1100.0,5.0,1016,1105.0,49.0,0,0,,0.0,0.0,1.0,48.0,0.0,2015-08-03,1,0.0,0.0,2.08,100.0,0.0
2015,8,26,3,EV,5565,N979EV,ATL,OAJ,1610,1608.0,-2.0,21.0,1629.0,88.0,95.0,70.0,399,1739.0,4.0,1738,1743.0,5.0,0,0,,0.0,0.0,0.0,0.0,0.0,2015-08-26,0,0.0,0.0,0.0,0.0,0.0
2015,8,9,7,AA,1961,N581UW,CLT,FLL,1150,1145.0,-5.0,15.0,1200.0,124.0,105.0,84.0,632,1324.0,6.0,1354,1330.0,-24.0,0,0,,0.0,0.0,0.0,0.0,0.0,2015-08-09,0,0.0,0.0,0.0,0.0,0.0
2015,8,3,1,UA,12,N76528,PIT,ORD,1731,1728.0,-3.0,15.0,1743.0,99.0,86.0,65.0,413,1748.0,6.0,1810,1754.0,-16.0,0,0,,0.0,0.0,0.0,0.0,0.0,2015-08-03,0,0.0,0.0,0.0,0.0,0.0
2015,7,28,2,WN,133,N947WN,SNA,SJC,1855,1859.0,4.0,11.0,1910.0,70.0,70.0,56.0,342,2006.0,3.0,2005,2009.0,4.0,0,0,,0.0,0.0,0.0,0.0,0.0,2015-07-28,0,0.0,0.0,0.0,0.0,0.0
2015,8,13,4,DL,2139,N949DN,RDU,MSP,625,621.0,-4.0,12.0,633.0,170.0,158.0,141.0,980,754.0,5.0,815,759.0,-16.0,0,0,,0.0,0.0,0.0,0.0,0.0,2015-08-13,0,0.0,0.0,0.0,0.0,0.0
2015,8,30,7,DL,2287,N321NB,BZN,MSP,1105,1100.0,-5.0,11.0,1111.0,134.0,125.0,109.0,874,1400.0,5.0,1419,1405.0,-14.0,0,0,,0.0,0.0,0.0,0.0,0.0,2015-08-30,0,0.0,0.0,0.0,0.0,0.0
2015,8,27,4,UA,1400,N425UA,DEN,ICT,1759,1755.0,-4.0,23.0,1818.0,83.0,80.0,52.0,420,2010.0,5.0,2022,2015.0,-7.0,0,0,,0.0,0.0,0.0,0.0,0.0,2015-08-27,0,0.0,0.0,0.0,0.0,0.0
2015,7,25,6,UA,1675,N17752,ORD,LGA,1605,1600.0,-5.0,29.0,1629.0,146.0,132.0,96.0,733,1905.0,7.0,1931,1912.0,-19.0,0,0,,0.0,0.0,0.0,0.0,0.0,2015-07-25,0,0.0,0.0,0.0,0.0,0.0
2015,7,23,4,AA,2253,N3LRAA,BOS,ORD,945,938.0,-7.0,14.0,952.0,168.0,155.0,129.0,867,1101.0,12.0,1133,1113.0,-20.0,0,0,,0.0,0.0,0.0,0.0,0.0,2015-07-23,0,0.0,0.0,0.0,0.0,0.0
2015,7,24,5,OO,4731,N452SW,CVG,CLT,1600,1556.0,-4.0,21.0,1617.0,90.0,92.0,65.0,335,1722.0,6.0,1730,1728.0,-2.0,0,0,,0.0,0.0,0.0,0.0,0.0,2015-07-24,0,0.0,0.0,0.0,0.0,0.0
2015,8,25,2,AA,2056,N111US,RSW,CLT,1315,1315.0,0.0,12.0,1327.0,113.0,111.0,86.0,600,1453.0,13.0,1508,1506.0,-2.0,0,0,,0.0,0.0,0.0,0.0,0.0,2015-08-25,0,0.0,0.0,0.0,0.0,0.0
2015,8,19,3,AS,516,N523AS,SEA,SNA,600,554.0,-6.0,18.0,612.0,164.0,163.0,138.0,978,830.0,7.0,844,837.0,-7.0,0,0,,0.0,0.0,0.0,0.0,0.0,2015-08-19,0,0.0,0.0,0.0,0.0,0.0
2015,7,25,6,NK,235,N633NK,ACY,FLL,1230,1228.0,-2.0,10.0,1238.0,154.0,151.0,136.0,977,1454.0,5.0,1504,1459.0,-5.0,0,0,,0.0,0.0,0.0,0.0,0.0,2015-07-25,0,0.0,0.0,0.0,0.0,0.0
2015,8,23,7,WN,1838,N8315C,MCO,STL,1355,1355.0,0.0,12.0,1407.0,145.0,135.0,118.0,882,1505.0,5.0,1520,1510.0,-10.0,0,0,,0.0,0.0,0.0,0.0,0.0,2015-08-23,0,0.0,0.0,0.0,0.0,0.0
2015,8,3,1,WN,2496,N943WN,BWI,ABQ,2145,2301.0,76.0,13.0,2314.0,250.0,249.0,229.0,1670,103.0,7.0,2355,110.0,75.0,0,0,,0.0,0.0,75.0,0.0,0.0,2015-08-03,1,0.0,0.0,98.68,0.0,0.0
2015,8,30,7,AA,1942,N738US,CLT,BUF,925,957.0,32.0,22.0,1019.0,99.0,103.0,78.0,546,1137.0,3.0,1104,1140.0,36.0,0,0,,4.0,0.0,32.0,0.0,0.0,2015-08-30,1,12.5,0.0,100.0,0.0,0.0
2015,8,18,2,WN,701,N763SW,GEG,PHX,1135,1133.0,-2.0,8.0,1141.0,160.0,138.0,124.0,1020,1345.0,6.0,1415,1351.0,-24.0,0,0,,0.0,0.0,0.0,0.0,0.0,2015-08-18,0,0.0,0.0,0.0,0.0,0.0
2015,7,28,2,WN,200,N765SW,CAK,BOS,1645,1641.0,-4.0,6.0,1647.0,100.0,104.0,82.0,549,1809.0,16.0,1825,1825.0,0.0,0,0,,0.0,0.0,0.0,0.0,0.0,2015-07-28,0,0.0,0.0,0.0,0.0,0.0
2015,7,23,4,MQ,3228,N909MQ,GCK,DFW,1607,1557.0,-10.0,8.0,1605.0,88.0,76.0,59.0,404,1704.0,9.0,1735,1713.0,-22.0,0,0,,0.0,0.0,0.0,0.0,0.0,2015-07-23,0,0.0,0.0,0.0,0.0,0.0
2015,7,25,6,AS,557,N593AS,LAX,PDX,1245,1253.0,8.0,17.0,1310.0,135.0,131.0,110.0,834,1500.0,4.0,1500,1504.0,4.0,0,0,,0.0,0.0,0.0,0.0,0.0,2015-07-25,0,0.0,0.0,0.0,0.0,0.0
2015,8,24,1,EV,5061,N614QX,LGA,RDU,1720,1712.0,-8.0,33.0,1745.0,121.0,115.0,68.0,431,1853.0,14.0,1921,1907.0,-14.0,0,0,,0.0,0.0,0.0,0.0,0.0,2015-08-24,0,0.0,0.0,0.0,0.0,0.0
2015,8,13,4,MQ,3054,N609MQ,DFW,MOB,2020,2026.0,6.0,22.0,2048.0,107.0,111.0,81.0,539,2209.0,8.0,2207,2217.0,10.0,0,0,,0.0,0.0,0.0,0.0,0.0,2015-08-13,0,0.0,0.0,0.0,0.0,0.0
2015,8,7,5,DL,1125,N320NB,ATL,IAD,1233,1230.0,-3.0,21.0,1251.0,109.0,102.0,76.0,534,1407.0,5.0,1422,1412.0,-10.0,0,0,,0.0,0.0,0.0,0.0,0.0,2015-08-07,0,0.0,0.0,0.0,0.0,0.0
2015,8,15,6,AA,528,N820AW,PHX,RNO,2005,2004.0,-1.0,12.0,2016.0,108.0,92.0,78.0,601,2134.0,2.0,2153,2136.0,-17.0,0,0,,0.0,0.0,0.0,0.0,0.0,2015-08-15,0,0.0,0.0,0.0,0.0,0.0
2015,8,14,5,MQ,3141,N650MQ,BWI,JFK,1245,1242.0,-3.0,13.0,1255.0,71.0,64.0,44.0,184,1339.0,7.0,1356,1346.0,-10.0,0,0,,0.0,0.0,0.0,0.0,0.0,2015-08-14,0,0.0,0.0,0.0,0.0,0.0
2015,7,27,1,WN,134,N752SW,ATL,PBI,2215,2229.0,14.0,14.0,2243.0,110.0,104.0,81.0,545,4.0,9.0,5,13.0,8.0,0,0,,0.0,0.0,0.0,0.0,0.0,2015-07-27,0,0.0,0.0,0.0,0.0,0.0
2015,8,1,6,WN,1862,N564WN,MDW,OAK,1905,2019.0,74.0,8.0,2027.0,275.0,260.0,245.0,1844,2232.0,7.0,2140,2239.0,59.0,0,0,,0.0,0.0,54.0,5.0,0.0,2015-08-01,1,0.0,0.0,72.97,6.76,0.0
2015,8,22,6,WN,956,N8634A,SJC,LAX,1650,1652.0,2.0,8.0,1700.0,75.0,73.0,58.0,308,1758.0,7.0,1805,1805.0,0.0,0,0,,0.0,0.0,0.0,0.0,0.0,2015-08-22,0,0.0,0.0,0.0,0.0,0.0
2015,8,15,6,WN,4987,N212WN,RSW,MDW,1615,1756.0,101.0,9.0,1805.0,175.0,201.0,154.0,1105,1939.0,38.0,1810,2017.0,127.0,0,0,,26.0,0.0,100.0,1.0,0.0,2015-08-15,1,25.74,0.0,99.01,0.99,0.0
2015,8,12,3,EV,5174,N760EV,BUF,DTW,1000,957.0,-3.0,11.0,1008.0,74.0,74.0,57.0,241,1105.0,6.0,1114,1111.0,-3.0,0,0,,0.0,0.0,0.0,0.0,0.0,2015-08-12,0,0.0,0.0,0.0,0.0,0.0
2015,7,28,2,AA,2154,N963UW,LGA,DCA,1300,1259.0,-1.0,36.0,1335.0,81.0,95.0,47.0,214,1422.0,12.0,1421,1434.0,13.0,0,0,,0.0,0.0,0.0,0.0,0.0,2015-07-28,0,0.0,0.0,0.0,0.0,0.0
2015,8,29,6,EV,4540,N14177,IAH,PNS,1535,1530.0,-5.0,7.0,1537.0,91.0,81.0,69.0,489,1646.0,5.0,1706,1651.0,-15.0,0,0,,0.0,0.0,0.0,0.0,0.0,2015-08-29,0,0.0,0.0,0.0,0.0,0.0
2015,8,12,3,MQ,3686,N602MQ,ORD,XNA,952,1006.0,14.0,19.0,1025.0,99.0,97.0,74.0,522,1139.0,4.0,1131,1143.0,12.0,0,0,,0.0,0.0,0.0,0.0,0.0,2015-08-12,0,0.0,0.0,0.0,0.0,0.0
2015,8,7,5,EV,5823,N13123,TYS,ORD,1424,1416.0,-8.0,16.0,1432.0,101.0,98.0,77.0,475,1449.0,5.0,1505,1454.0,-11.0,0,0,,0.0,0.0,0.0,0.0,0.0,2015-08-07,0,0.0,0.0,0.0,0.0,0.0
2015,7,30,4,MQ,3511,N856MQ,AZO,ORD,1140,1124.0,-16.0,14.0,1138.0,57.0,84.0,29.0,122,1107.0,41.0,1137,1148.0,11.0,0,0,,0.0,0.0,0.0,0.0,0.0,2015-07-30,0,0.0,0.0,0.0,0.0,0.0
2015,8,19,3,WN,329,N8316H,DEN,STL,1950,1949.0,-1.0,10.0,1959.0,120.0,108.0,91.0,770,2230.0,7.0,2250,2237.0,-13.0,0,0,,0.0,0.0,0.0,0.0,0.0,2015-08-19,0,0.0,0.0,0.0,0.0,0.0
2015,8,9,7,AA,547,N191UW,PHX,DFW,2010,2008.0,-2.0,15.0,2023.0,144.0,133.0,113.0,868,16.0,5.0,34,21.0,-13.0,0,0,,0.0,0.0,0.0,0.0,0.0,2015-08-09,0,0.0,0.0,0.0,0.0,0.0
2015,8,12,3,WN,2676,N421LV,SAN,SMF,2135,2133.0,-2.0,8.0,2141.0,90.0,76.0,64.0,480,2245.0,4.0,2305,2249.0,-16.0,0,0,,0.0,0.0,0.0,0.0,0.0,2015-08-12,0,0.0,0.0,0.0,0.0,0.0
2015,8,4,2,B6,1451,N526JB,BOS,MCO,1930,2023.0,53.0,19.0,2042.0,180.0,202.0,179.0,1121,2341.0,4.0,2230,2345.0,75.0,0,0,,22.0,0.0,22.0,31.0,0.0,2015-08-04,1,41.51,0.0,41.51,58.49,0.0
2015,8,10,1,WN,44,N567WN,HOU,DAL,1700,1659.0,-1.0,6.0,1705.0,60.0,53.0,41.0,239,1746.0,6.0,1800,1752.0,-8.0,0,0,,0.0,0.0,0.0,0.0,0.0,2015-08-10,0,0.0,0.0,0.0,0.0,0.0
2015,8,26,3,WN,2362,N952WN,HOU,SAT,1445,1443.0,-2.0,8.0,1451.0,50.0,45.0,34.0,192,1525.0,3.0,1535,1528.0,-7.0,0,0,,0.0,0.0,0.0,0.0,0.0,2015-08-26,0,0.0,0.0,0.0,0.0,0.0
2015,8,6,4,AA,2487,N468AA,CMH,DFW,800,801.0,1.0,11.0,812.0,160.0,147.0,125.0,926,917.0,11.0,940,928.0,-12.0,0,0,,0.0,0.0,0.0,0.0,0.0,2015-08-06,0,0.0,0.0,0.0,0.0,0.0
2015,8,15,6,EV,2656,N667GB,DFW,TYR,1348,1345.0,-3.0,14.0,1359.0,50.0,43.0,21.0,102,1420.0,8.0,1438,1428.0,-10.0,0,0,,0.0,0.0,0.0,0.0,0.0,2015-08-15,0,0.0,0.0,0.0,0.0,0.0
2015,8,24,1,OO,4628,N816SK,LAX,OAK,2040,2033.0,-7.0,20.0,2053.0,86.0,77.0,53.0,337,2146.0,4.0,2206,2150.0,-16.0,0,0,,0.0,0.0,0.0,0.0,0.0,2015-08-24,0,0.0,0.0,0.0,0.0,0.0
2015,8,24,1,DL,1332,N991AT,ATL,CAE,826,823.0,-3.0,11.0,834.0,54.0,50.0,35.0,192,909.0,4.0,920,913.0,-7.0,0,0,,0.0,0.0,0.0,0.0,0.0,2015-08-24,0,0.0,0.0,0.0,0.0,0.0
2015,8,19,3,WN,3072,N403WN,DAL,SEA,840,841.0,1.0,14.0,855.0,250.0,255.0,229.0,1670,1044.0,12.0,1050,1056.0,6.0,0,0,,0.0,0.0,0.0,0.0,0.0,2015-08-19,0,0.0,0.0,0.0,0.0,0.0
2015,8,30,7,AA,2493,N3BUAA,MIA,JFK,725,755.0,30.0,28.0,823.0,184.0,174.0,140.0,1089,1043.0,6.0,1029,1049.0,20.0,0,0,,0.0,0.0,0.0,0.0,20.0,2015-08-30,1,0.0,0.0,0.0,0.0,66.67
2015,8,26,3,DL,1726,N824DN,FLL,ATL,1657,1730.0,33.0,60.0,1830.0,121.0,156.0,85.0,581,1955.0,11.0,1858,2006.0,68.0,0,0,,35.0,0.0,0.0,19.0,14.0,2015-08-26,1,106.06,0.0,0.0,57.58,42.42
2015,8,4,2,WN,925,N260WN,PHX,SJC,2110,2122.0,12.0,7.0,2129.0,105.0,97.0,86.0,621,2255.0,4.0,2255,2259.0,4.0,0,0,,0.0,0.0,0.0,0.0,0.0,2015-08-04,0,0.0,0.0,0.0,0.0,0.0
2015,8,1,6,AA,1933,N947UW,DTW,PHL,711,711.0,0.0,10.0,721.0,109.0,86.0,73.0,453,834.0,3.0,900,837.0,-23.0,0,0,,0.0,0.0,0.0,0.0,0.0,2015-08-01,0,0.0,0.0,0.0,0.0,0.0
2015,8,1,6,NK,630,N629NK,LAX,DEN,935,1008.0,33.0,18.0,1026.0,139.0,142.0,115.0,862,1321.0,9.0,1254,1330.0,36.0,0,0,,36.0,0.0,0.0,0.0,0.0,2015-08-01,1,109.09,0.0,0.0,0.0,0.0
2015,7,24,5,EV,4966,N738EV,BHM,LGA,1630,1727.0,57.0,17.0,1744.0,155.0,148.0,125.0,866,2049.0,6.0,2005,2055.0,50.0,0,0,,0.0,0.0,0.0,50.0,0.0,2015-07-24,1,0.0,0.0,0.0,87.72,0.0
2015,7,29,3,WN,1883,N430WN,FLL,DAL,1825,1835.0,10.0,16.0,1851.0,180.0,166.0,146.0,1108,2017.0,4.0,2025,2021.0,-4.0,0,0,,0.0,0.0,0.0,0.0,0.0,2015-07-29,0,0.0,0.0,0.0,0.0,0.0
2015,8,30,7,WN,225,N788SA,AUS,BWI,1620,1623.0,3.0,10.0,1633.0,195.0,186.0,160.0,1342,2013.0,16.0,2035,2029.0,-6.0,0,0,,0.0,0.0,0.0,0.0,0.0,2015-08-30,0,0.0,0.0,0.0,0.0,0.0
2015,8,11,2,DL,744,N940DN,MSP,ATL,1005,1003.0,-2.0,10.0,1013.0,145.0,130.0,112.0,907,1305.0,8.0,1330,1313.0,-17.0,0,0,,0.0,0.0,0.0,0.0,0.0,2015-08-11,0,0.0,0.0,0.0,0.0,0.0
2015,8,7,5,OO,5302,N958SW,SMF,SFO,1730,1726.0,-4.0,17.0,1743.0,47.0,49.0,28.0,86,1811.0,4.0,1817,1815.0,-2.0,0,0,,0.0,0.0,0.0,0.0,0.0,2015-08-07,0,0.0,0.0,0.0,0.0,0.0
2015,8,12,3,AA,501,N660AW,BOS,PHX,620,637.0,17.0,22.0,659.0,344.0,324.0,289.0,2300,848.0,13.0,904,901.0,-3.0,0,0,,0.0,0.0,0.0,0.0,0.0,2015-08-12,1,0.0,0.0,0.0,0.0,0.0
2015,8,25,2,B6,1503,N715JB,JFK,SJU,2359,23.0,24.0,23.0,46.0,227.0,245.0,218.0,1598,424.0,4.0,346,428.0,42.0,0,0,,18.0,0.0,24.0,0.0,0.0,2015-08-25,1,75.0,0.0,100.0,0.0,0.0
2015,8,28,5,UA,1630,N68836,LAX,BOS,2226,2221.0,-5.0,18.0,2239.0,336.0,328.0,306.0,2611,645.0,4.0,702,649.0,-13.0,0,0,,0.0,0.0,0.0,0.0,0.0,2015-08-28,0,0.0,0.0,0.0,0.0,0.0
2015,8,8,6,MQ,3503,N843MQ,RST,ORD,931,923.0,-8.0,9.0,932.0,79.0,60.0,43.0,268,1015.0,8.0,1050,1023.0,-27.0,0,0,,0.0,0.0,0.0,0.0,0.0,2015-08-08,0,0.0,0.0,0.0,0.0,0.0
2015,8,20,4,WN,28,N929WN,DTW,BWI,2010,2137.0,87.0,9.0,2146.0,90.0,81.0,61.0,409,2247.0,11.0,2140,2258.0,78.0,0,0,,61.0,0.0,0.0,17.0,0.0,2015-08-20,1,70.11,0.0,0.0,19.54,0.0
2015,8,27,4,WN,15,N493WN,DAL,HOU,1000,958.0,-2.0,19.0,1017.0,60.0,62.0,40.0,239,1057.0,3.0,1100,1100.0,0.0,0,0,,0.0,0.0,0.0,0.0,0.0,2015-08-27,0,0.0,0.0,0.0,0.0,0.0
2015,8,1,6,AA,222,N3HDAA,DFW,SNA,1215,1222.0,7.0,33.0,1255.0,192.0,191.0,153.0,1205,1328.0,5.0,1327,1333.0,6.0,0,0,,0.0,0.0,0.0,0.0,0.0,2015-08-01,0,0.0,0.0,0.0,0.0,0.0
2015,7,27,1,AA,2050,N560UW,CLT,LGA,1610,1610.0,0.0,27.0,1637.0,109.0,125.0,90.0,544,1807.0,8.0,1759,1815.0,16.0,0,0,,16.0,0.0,0.0,0.0,0.0,2015-07-27,0,inf,0.0,0.0,0.0,0.0
2015,8,29,6,OO,4741,N685BR,DAY,MSP,705,659.0,-6.0,13.0,712.0,116.0,119.0,100.0,574,752.0,6.0,801,758.0,-3.0,0,0,,0.0,0.0,0.0,0.0,0.0,2015-08-29,0,0.0,0.0,0.0,0.0,0.0
2015,7,25,6,WN,2008,N201LV,BNA,BWI,1510,1506.0,-4.0,11.0,1517.0,100.0,107.0,84.0,587,1741.0,12.0,1750,1753.0,3.0,0,0,,0.0,0.0,0.0,0.0,0.0,2015-07-25,0,0.0,0.0,0.0,0.0,0.0
2015,7,31,5,EV,4312,N11181,EWR,DCA,1931,1929.0,-2.0,23.0,1952.0,78.0,72.0,43.0,199,2035.0,6.0,2049,2041.0,-8.0,0,0,,0.0,0.0,0.0,0.0,0.0,2015-07-31,0,0.0,0.0,0.0,0.0,0.0
2015,8,25,2,OO,4849,N433SW,MSP,MOT,2144,2135.0,-9.0,17.0,2152.0,92.0,89.0,68.0,449,2300.0,4.0,2316,2304.0,-12.0,0,0,,0.0,0.0,0.0,0.0,0.0,2015-08-25,0,0.0,0.0,0.0,0.0,0.0
2015,8,29,6,AA,1206,N471AA,DFW,MSP,1825,1820.0,-5.0,10.0,1830.0,149.0,139.0,122.0,852,2032.0,7.0,2054,2039.0,-15.0,0,0,,0.0,0.0,0.0,0.0,0.0,2015-08-29,0,0.0,0.0,0.0,0.0,0.0
2015,8,22,6,AS,682,N612AS,SEA,DEN,1400,1355.0,-5.0,17.0,1412.0,166.0,149.0,127.0,1024,1719.0,5.0,1746,1724.0,-22.0,0,0,,0.0,0.0,0.0,0.0,0.0,2015-08-22,0,0.0,0.0,0.0,0.0,0.0
2015,7,25,6,HA,244,N480HA,LIH,OGG,1209,1207.0,-2.0,10.0,1217.0,45.0,49.0,33.0,201,1250.0,6.0,1254,1256.0,2.0,0,0,,0.0,0.0,0.0,0.0,0.0,2015-07-25,0,0.0,0.0,0.0,0.0,0.0
2015,8,23,7,EV,5079,N882AS,PIA,DTW,645,639.0,-6.0,13.0,652.0,87.0,81.0,57.0,346,849.0,11.0,912,900.0,-12.0,0,0,,0.0,0.0,0.0,0.0,0.0,2015-08-23,0,0.0,0.0,0.0,0.0,0.0
2015,8,28,5,AS,64,N768AS,JNU,PSG,1456,1447.0,-9.0,14.0,1501.0,42.0,47.0,30.0,123,1531.0,3.0,1538,1534.0,-4.0,0,0,,0.0,0.0,0.0,0.0,0.0,2015-08-28,0,0.0,0.0,0.0,0.0,0.0
2015,8,23,7,AA,292,N799AA,LAX,JFK,600,553.0,-7.0,16.0,609.0,340.0,319.0,292.0,2475,1401.0,11.0,1440,1412.0,-28.0,0,0,,0.0,0.0,0.0,0.0,0.0,2015-08-23,0,0.0,0.0,0.0,0.0,0.0
2015,8,1,6,WN,3013,N601WN,BUR,OAK,1540,1538.0,-2.0,8.0,1546.0,70.0,61.0,49.0,325,1635.0,4.0,1650,1639.0,-11.0,0,0,,0.0,0.0,0.0,0.0,0.0,2015-08-01,0,0.0,0.0,0.0,0.0,0.0
2015,8,18,2,EV,5024,N147PQ,ATL,AGS,1344,1353.0,9.0,18.0,1411.0,57.0,49.0,28.0,143,1439.0,3.0,1441,1442.0,1.0,0,0,,0.0,0.0,0.0,0.0,0.0,2015-08-18,0,0.0,0.0,0.0,0.0,0.0
2015,8,2,7,NK,708,N516NK,ORD,BOS,1339,1421.0,42.0,99.0,1600.0,146.0,219.0,114.0,867,1854.0,6.0,1705,1900.0,115.0,0,0,,115.0,0.0,0.0,0.0,0.0,2015-08-02,1,273.81,0.0,0.0,0.0,0.0
2015,8,7,5,DL,1843,N667DN,SLC,BOS,1715,1738.0,23.0,15.0,1753.0,275.0,256.0,234.0,2105,2347.0,7.0,2350,2354.0,4.0,0,0,,0.0,0.0,0.0,0.0,0.0,2015-08-07,1,0.0,0.0,0.0,0.0,0.0
2015,7,29,3,EV,4163,N26545,IAH,MCI,1748,1747.0,-1.0,14.0,1801.0,126.0,114.0,92.0,643,1933.0,8.0,1954,1941.0,-13.0,0,0,,0.0,0.0,0.0,0.0,0.0,2015-07-29,0,0.0,0.0,0.0,0.0,0.0
2015,7,24,5,DL,1338,N658DL,SLC,SAN,1650,1651.0,1.0,21.0,1712.0,110.0,119.0,94.0,626,1746.0,4.0,1740,1750.0,10.0,0,0,,0.0,0.0,0.0,0.0,0.0,2015-07-24,0,0.0,0.0,0.0,0.0,0.0
2015,8,21,5,HA,168,N476HA,HNL,KOA,936,934.0,-2.0,12.0,946.0,43.0,44.0,28.0,163,1014.0,4.0,1019,1018.0,-1.0,0,0,,0.0,0.0,0.0,0.0,0.0,2015-08-21,0,0.0,0.0,0.0,0.0,0.0
2015,8,3,1,DL,1179,N6706Q,STL,ATL,600,558.0,-2.0,13.0,611.0,95.0,84.0,65.0,484,816.0,6.0,835,822.0,-13.0,0,0,,0.0,0.0,0.0,0.0,0.0,2015-08-03,0,0.0,0.0,0.0,0.0,0.0
2015,8,14,5,WN,614,N7742B,GEG,BOI,625,624.0,-1.0,9.0,633.0,60.0,58.0,46.0,287,819.0,3.0,825,822.0,-3.0,0,0,,0.0,0.0,0.0,0.0,0.0,2015-08-14,0,0.0,0.0,0.0,0.0,0.0
2015,8,12,3,MQ,3616,N642MQ,DFW,SAV,2010,2003.0,-7.0,23.0,2026.0,155.0,146.0,117.0,925,2323.0,6.0,2345,2329.0,-16.0,0,0,,0.0,0.0,0.0,0.0,0.0,2015-08-12,0,0.0,0.0,0.0,0.0,0.0
2015,8,25,2,OO,5436,N959SW,ORD,EAU,911,857.0,-14.0,14.0,911.0,76.0,70.0,52.0,268,1003.0,4.0,1027,1007.0,-20.0,0,0,,0.0,0.0,0.0,0.0,0.0,2015-08-25,0,0.0,0.0,0.0,0.0,0.0
2015,8,26,3,NK,719,N623NK,LAS,LAX,1955,1941.0,-14.0,35.0,2016.0,73.0,89.0,43.0,236,2059.0,11.0,2108,2110.0,2.0,0,0,,0.0,0.0,0.0,0.0,0.0,2015-08-26,0,0.0,0.0,0.0,0.0,0.0
2015,8,26,3,DL,1716,N533US,DEN,MSP,620,616.0,-4.0,31.0,647.0,111.0,126.0,87.0,680,914.0,8.0,911,922.0,11.0,0,0,,0.0,0.0,0.0,0.0,0.0,2015-08-26,0,0.0,0.0,0.0,0.0,0.0
2015,8,14,5,AA,1351,N3ACAA,BWI,DFW,701,810.0,69.0,12.0,822.0,199.0,168.0,151.0,1217,953.0,5.0,920,958.0,38.0,0,0,,0.0,0.0,38.0,0.0,0.0,2015-08-14,1,0.0,0.0,55.07,0.0,0.0
2015,8,14,5,EV,4122,N14158,EWR,CLT,1659,1712.0,13.0,16.0,1728.0,124.0,99.0,72.0,529,1840.0,11.0,1903,1851.0,-12.0,0,0,,0.0,0.0,0.0,0.0,0.0,2015-08-14,0,0.0,0.0,0.0,0.0,0.0
2015,8,27,4,WN,301,N207WN,SNA,LAS,1515,1553.0,38.0,6.0,1559.0,65.0,56.0,46.0,226,1645.0,4.0,1620,1649.0,29.0,0,0,,15.0,0.0,0.0,14.0,0.0,2015-08-27,1,39.47,0.0,0.0,36.84,0.0
2015,8,1,6,UA,2002,N494UA,IAD,TPA,820,837.0,17.0,15.0,852.0,136.0,125.0,107.0,811,1039.0,3.0,1036,1042.0,6.0,0,0,,0.0,0.0,0.0,0.0,0.0,2015-08-01,1,0.0,0.0,0.0,0.0,0.0
2015,7,30,4,AA,622,N573UW,PHX,JFK,1530,1658.0,88.0,18.0,1716.0,296.0,288.0,253.0,2153,29.0,17.0,2326,46.0,80.0,0,0,,80.0,0.0,0.0,0.0,0.0,2015-07-30,1,90.91,0.0,0.0,0.0,0.0
2015,8,20,4,UA,353,N479UA,PDX,SFO,1224,1223.0,-1.0,11.0,1234.0,110.0,99.0,81.0,550,1355.0,7.0,1414,1402.0,-12.0,0,0,,0.0,0.0,0.0,0.0,0.0,2015-08-20,0,0.0,0.0,0.0,0.0,0.0
2015,8,14,5,MQ,3669,N620MQ,FWA,ORD,1913,1913.0,0.0,6.0,1919.0,62.0,45.0,30.0,157,1849.0,9.0,1915,1858.0,-17.0,0,0,,0.0,0.0,0.0,0.0,0.0,2015-08-14,0,0.0,0.0,0.0,0.0,0.0
2015,8,14,5,AS,612,N407AS,SEA,LAS,700,654.0,-6.0,23.0,717.0,149.0,162.0,129.0,867,926.0,10.0,929,936.0,7.0,0,0,,0.0,0.0,0.0,0.0,0.0,2015-08-14,0,0.0,0.0,0.0,0.0,0.0
2015,8,21,5,DL,1472,N967DL,ATL,TPA,835,831.0,-4.0,25.0,856.0,82.0,91.0,63.0,406,959.0,3.0,957,1002.0,5.0,0,0,,0.0,0.0,0.0,0.0,0.0,2015-08-21,0,0.0,0.0,0.0,0.0,0.0
2015,7,30,4,WN,809,N458WN,TPA,LAS,605,600.0,-5.0,14.0,614.0,275.0,259.0,240.0,1984,714.0,5.0,740,719.0,-21.0,0,0,,0.0,0.0,0.0,0.0,0.0,2015-07-30,0,0.0,0.0,0.0,0.0,0.0
2015,7,23,4,AA,2234,N4XWAA,MCI,ORD,1735,1731.0,-4.0,17.0,1748.0,92.0,84.0,61.0,403,1849.0,6.0,1907,1855.0,-12.0,0,0,,0.0,0.0,0.0,0.0,0.0,2015-07-23,0,0.0,0.0,0.0,0.0,0.0
2015,7,28,2,MQ,3520,N692MQ,SDF,ORD,1159,1150.0,-9.0,11.0,1201.0,89.0,74.0,56.0,287,1157.0,7.0,1228,1204.0,-24.0,0,0,,0.0,0.0,0.0,0.0,0.0,2015-07-28,0,0.0,0.0,0.0,0.0,0.0
2015,8,5,3,AS,518,N520AS,SEA,SNA,1945,1943.0,-2.0,14.0,1957.0,154.0,161.0,143.0,978,2220.0,4.0,2219,2224.0,5.0,0,0,,0.0,0.0,0.0,0.0,0.0,2015-08-05,0,0.0,0.0,0.0,0.0,0.0
2015,8,27,4,AA,2143,N945UW,DCA,LGA,1300,1259.0,-1.0,66.0,1405.0,87.0,110.0,40.0,214,1445.0,4.0,1427,1449.0,22.0,0,0,,22.0,0.0,0.0,0.0,0.0,2015-08-27,0,-2200.0,-0.0,-0.0,-0.0,-0.0
2015,8,27,4,EV,6011,N13994,ABE,ORD,1158,1150.0,-8.0,13.0,1203.0,127.0,120.0,100.0,654,1243.0,7.0,1305,1250.0,-15.0,0,0,,0.0,0.0,0.0,0.0,0.0,2015-08-27,0,0.0,0.0,0.0,0.0,0.0
2015,8,5,3,UA,552,N405UA,MSN,ORD,1405,1352.0,-13.0,15.0,1407.0,54.0,50.0,24.0,108,1431.0,11.0,1459,1442.0,-17.0,0,0,,0.0,0.0,0.0,0.0,0.0,2015-08-05,0,0.0,0.0,0.0,0.0,0.0
2015,8,17,1,WN,2664,N7743B,SJC,LAS,1935,1931.0,-4.0,8.0,1939.0,80.0,75.0,61.0,386,2040.0,6.0,2055,2046.0,-9.0,0,0,,0.0,0.0,0.0,0.0,0.0,2015-08-17,0,0.0,0.0,0.0,0.0,0.0
2015,8,14,5,EV,5816,N14902,DCA,EWR,1959,1952.0,-7.0,24.0,2016.0,75.0,82.0,46.0,199,2102.0,12.0,2114,2114.0,0.0,0,0,,0.0,0.0,0.0,0.0,0.0,2015-08-14,0,0.0,0.0,0.0,0.0,0.0
2015,7,26,7,WN,1113,N631SW,BWI,MCO,725,724.0,-1.0,17.0,741.0,135.0,136.0,111.0,787,932.0,8.0,940,940.0,0.0,0,0,,0.0,0.0,0.0,0.0,0.0,2015-07-26,0,0.0,0.0,0.0,0.0,0.0
2015,7,25,6,WN,2810,N288WN,MDW,EWR,1955,2037.0,42.0,15.0,2052.0,120.0,109.0,86.0,711,2318.0,8.0,2255,2326.0,31.0,0,0,,0.0,0.0,31.0,0.0,0.0,2015-07-25,1,0.0,0.0,73.81,0.0,0.0
2015,8,12,3,DL,927,N933DN,MKE,MSP,1920,1917.0,-3.0,12.0,1929.0,69.0,72.0,55.0,297,2024.0,5.0,2029,2029.0,0.0,0,0,,0.0,0.0,0.0,0.0,0.0,2015-08-12,0,0.0,0.0,0.0,0.0,0.0
2015,8,30,7,WN,1065,N360SW,LAS,SFO,1755,1811.0,16.0,10.0,1821.0,90.0,80.0,66.0,414,1927.0,4.0,1925,1931.0,6.0,0,0,,0.0,0.0,0.0,0.0,0.0,2015-08-30,1,0.0,0.0,0.0,0.0,0.0
2015,8,6,4,DL,1808,N3765,FCA,SLC,609,606.0,-3.0,14.0,620.0,96.0,89.0,70.0,531,730.0,5.0,745,735.0,-10.0,0,0,,0.0,0.0,0.0,0.0,0.0,2015-08-06,0,0.0,0.0,0.0,0.0,0.0
2015,8,2,7,DL,1281,N301NB,ATL,MEM,1500,1504.0,4.0,13.0,1517.0,84.0,74.0,57.0,332,1514.0,4.0,1524,1518.0,-6.0,0,0,,0.0,0.0,0.0,0.0,0.0,2015-08-02,0,0.0,0.0,0.0,0.0,0.0
2015,7,30,4,OO,3420,N173SY,SEA,SLC,1905,1918.0,13.0,10.0,1928.0,124.0,115.0,101.0,689,2209.0,4.0,2209,2213.0,4.0,0,0,,0.0,0.0,0.0,0.0,0.0,2015-07-30,0,0.0,0.0,0.0,0.0,0.0
2015,8,21,5,WN,27,N365SW,MCI,DAL,1100,1059.0,-1.0,8.0,1107.0,85.0,81.0,69.0,460,1216.0,4.0,1225,1220.0,-5.0,0,0,,0.0,0.0,0.0,0.0,0.0,2015-08-21,0,0.0,0.0,0.0,0.0,0.0
2015,8,23,7,B6,1223,N265JB,DCA,MCO,925,918.0,-7.0,25.0,943.0,131.0,148.0,116.0,759,1139.0,7.0,1136,1146.0,10.0,0,0,,0.0,0.0,0.0,0.0,0.0,2015-08-23,0,0.0,0.0,0.0,0.0,0.0
2015,8,18,2,DL,2388,N907DA,ATL,MSP,2200,2220.0,20.0,16.0,2236.0,157.0,147.0,125.0,907,2341.0,6.0,2337,2347.0,10.0,0,0,,0.0,0.0,0.0,0.0,0.0,2015-08-18,1,0.0,0.0,0.0,0.0,0.0
2015,8,27,4,EV,4685,N14125,IAH,PIT,715,710.0,-5.0,14.0,724.0,172.0,176.0,155.0,1117,1059.0,7.0,1107,1106.0,-1.0,0,0,,0.0,0.0,0.0,0.0,0.0,2015-08-27,0,0.0,0.0,0.0,0.0,0.0
2015,7,28,2,HA,35,N583HA,PHX,HNL,800,800.0,0.0,13.0,813.0,390.0,404.0,387.0,2917,1140.0,4.0,1130,1144.0,14.0,0,0,,0.0,0.0,0.0,0.0,0.0,2015-07-28,0,0.0,0.0,0.0,0.0,0.0
2015,8,28,5,WN,1894,N963WN,OAK,LAS,605,604.0,-1.0,11.0,615.0,90.0,80.0,63.0,407,718.0,6.0,735,724.0,-11.0,0,0,,0.0,0.0,0.0,0.0,0.0,2015-08-28,0,0.0,0.0,0.0,0.0,0.0
2015,8,23,7,EV,4477,N14204,CLE,IAH,1445,1516.0,31.0,7.0,1523.0,185.0,178.0,152.0,1091,1655.0,19.0,1650,1714.0,24.0,0,0,,0.0,0.0,0.0,24.0,0.0,2015-08-23,1,0.0,0.0,0.0,77.42,0.0
2015,7,29,3,DL,1678,N349NB,SLC,RNO,1700,1654.0,-6.0,15.0,1709.0,90.0,81.0,59.0,422,1708.0,7.0,1730,1715.0,-15.0,0,0,,0.0,0.0,0.0,0.0,0.0,2015-07-29,0,0.0,0.0,0.0,0.0,0.0
2015,8,26,3,EV,4964,N873AS,LEX,ATL,1403,1406.0,3.0,15.0,1421.0,88.0,88.0,63.0,304,1524.0,10.0,1531,1534.0,3.0,0,0,,0.0,0.0,0.0,0.0,0.0,2015-08-26,0,0.0,0.0,0.0,0.0,0.0
2015,8,22,6,DL,1357,N967AT,TUL,ATL,1100,1057.0,-3.0,11.0,1108.0,119.0,102.0,88.0,674,1336.0,3.0,1359,1339.0,-20.0,0,0,,0.0,0.0,0.0,0.0,0.0,2015-08-22,0,0.0,0.0,0.0,0.0,0.0
2015,8,21,5,EV,3931,N14198,ORD,ICT,922,1000.0,38.0,14.0,1014.0,116.0,99.0,79.0,588,1133.0,6.0,1118,1139.0,21.0,0,0,,0.0,0.0,0.0,21.0,0.0,2015-08-21,1,0.0,0.0,0.0,55.26,0.0
2015,8,15,6,AA,2190,N468AA,MFE,DFW,1559,1613.0,14.0,11.0,1624.0,101.0,100.0,74.0,469,1738.0,15.0,1740,1753.0,13.0,0,0,,0.0,0.0,0.0,0.0,0.0,2015-08-15,0,0.0,0.0,0.0,0.0,0.0
2015,8,7,5,WN,133,N723SW,SJC,LAS,2040,2047.0,7.0,11.0,2058.0,80.0,76.0,58.0,386,2156.0,7.0,2200,2203.0,3.0,0,0,,0.0,0.0,0.0,0.0,0.0,2015-08-07,0,0.0,0.0,0.0,0.0,0.0
2015,7,26,7,F9,800,N933FR,DEN,MEM,1450,1609.0,79.0,20.0,1629.0,131.0,143.0,116.0,872,1925.0,7.0,1801,1932.0,91.0,0,0,,12.0,0.0,0.0,79.0,0.0,2015-07-26,1,15.19,0.0,0.0,100.0,0.0
2015,8,12,3,B6,135,N516JB,JFK,PHX,2000,2049.0,49.0,24.0,2113.0,332.0,294.0,266.0,2153,2239.0,4.0,2232,2243.0,11.0,0,0,,0.0,0.0,0.0,0.0,0.0,2015-08-12,1,0.0,0.0,0.0,0.0,0.0
2015,8,3,1,MQ,3369,N925MQ,ORD,RST,2030,2033.0,3.0,35.0,2108.0,83.0,82.0,44.0,268,2152.0,3.0,2153,2155.0,2.0,0,0,,0.0,0.0,0.0,0.0,0.0,2015-08-03,0,0.0,0.0,0.0,0.0,0.0
2015,8,3,1,OO,5233,N718SK,ORD,ASE,1815,2111.0,176.0,17.0,2128.0,170.0,154.0,134.0,1013,2242.0,3.0,2005,2245.0,160.0,0,0,,0.0,0.0,160.0,0.0,0.0,2015-08-03,1,0.0,0.0,90.91,0.0,0.0
2015,8,27,4,OO,2910,N863AS,SLC,LAX,1855,1931.0,36.0,30.0,2001.0,122.0,132.0,92.0,590,2033.0,10.0,1957,2043.0,46.0,0,0,,46.0,0.0,0.0,0.0,0.0,2015-08-27,1,127.78,0.0,0.0,0.0,0.0
2015,7,30,4,WN,3928,N629SW,BWI,RSW,2050,2346.0,176.0,18.0,4.0,155.0,145.0,122.0,919,206.0,5.0,2325,211.0,166.0,0,0,,0.0,0.0,66.0,100.0,0.0,2015-07-30,1,0.0,0.0,37.5,56.82,0.0
2015,8,20,4,DL,2315,N341NW,CVG,ATL,710,706.0,-4.0,9.0,715.0,91.0,84.0,69.0,373,824.0,6.0,841,830.0,-11.0,0,0,,0.0,0.0,0.0,0.0,0.0,2015-08-20,0,0.0,0.0,0.0,0.0,0.0
2015,7,24,5,DL,1784,N530US,ABQ,ATL,1310,1301.0,-9.0,12.0,1313.0,191.0,172.0,155.0,1269,1748.0,5.0,1821,1753.0,-28.0,0,0,,0.0,0.0,0.0,0.0,0.0,2015-07-24,0,0.0,0.0,0.0,0.0,0.0
2015,7,30,4,AA,664,N910AW,PHX,HNL,1045,1040.0,-5.0,32.0,1112.0,398.0,410.0,367.0,2917,1419.0,11.0,1423,1430.0,7.0,0,0,,0.0,0.0,0.0,0.0,0.0,2015-07-30,0,0.0,0.0,0.0,0.0,0.0
2015,8,25,2,EV,4454,N13992,IAH,HSV,1556,1742.0,106.0,13.0,1755.0,109.0,104.0,86.0,595,1921.0,5.0,1745,1926.0,101.0,0,0,,0.0,0.0,101.0,0.0,0.0,2015-08-25,1,0.0,0.0,95.28,0.0,0.0
2015,8,27,4,DL,1160,N802DN,SEA,ATL,2345,2345.0,0.0,13.0,2358.0,275.0,271.0,251.0,2182,709.0,7.0,720,716.0,-4.0,0,0,,0.0,0.0,0.0,0.0,0.0,2015-08-27,0,0.0,0.0,0.0,0.0,0.0
2015,8,5,3,EV,4594,N11526,LIT,IAH,1502,1453.0,-9.0,15.0,1508.0,93.0,100.0,62.0,374,1610.0,23.0,1635,1633.0,-2.0,0,0,,0.0,0.0,0.0,0.0,0.0,2015-08-05,0,0.0,0.0,0.0,0.0,0.0
2015,8,7,5,WN,346,N402WN,SAN,LAS,630,628.0,-2.0,24.0,652.0,80.0,74.0,45.0,258,737.0,5.0,750,742.0,-8.0,0,0,,0.0,0.0,0.0,0.0,0.0,2015-08-07,0,0.0,0.0,0.0,0.0,0.0
2015,8,25,2,DL,1410,N373NW,DEN,DTW,1600,1607.0,7.0,15.0,1622.0,174.0,166.0,144.0,1123,2046.0,7.0,2054,2053.0,-1.0,0,0,,0.0,0.0,0.0,0.0,0.0,2015-08-25,0,0.0,0.0,0.0,0.0,0.0
2015,7,25,6,AS,559,N587AS,LAX,PDX,1640,1645.0,5.0,13.0,1658.0,139.0,126.0,110.0,834,1848.0,3.0,1859,1851.0,-8.0,0,0,,0.0,0.0,0.0,0.0,0.0,2015-07-25,0,0.0,0.0,0.0,0.0,0.0
2015,8,1,6,AA,354,N4XLAA,ORD,TUS,2010,2105.0,55.0,16.0,2121.0,222.0,215.0,188.0,1437,2229.0,11.0,2152,2240.0,48.0,0,0,,0.0,0.0,24.0,24.0,0.0,2015-08-01,1,0.0,0.0,43.64,43.64,0.0
2015,8,28,5,AA,2506,N3CLAA,DFW,SNA,855,1228.0,213.0,19.0,1247.0,188.0,185.0,161.0,1205,1328.0,5.0,1003,1333.0,210.0,0,0,,0.0,0.0,3.0,207.0,0.0,2015-08-28,1,0.0,0.0,1.41,97.18,0.0
2015,7,31,5,WN,2170,N389SW,LAX,SJC,2035,2131.0,56.0,7.0,2138.0,65.0,57.0,47.0,308,2225.0,3.0,2140,2228.0,48.0,0,0,,0.0,0.0,0.0,48.0,0.0,2015-07-31,1,0.0,0.0,0.0,85.71,0.0
2015,8,19,3,VX,954,N641VA,SFO,SAN,1205,1200.0,-5.0,11.0,1211.0,90.0,84.0,70.0,447,1321.0,3.0,1335,1324.0,-11.0,0,0,,0.0,0.0,0.0,0.0,0.0,2015-08-19,0,0.0,0.0,0.0,0.0,0.0
2015,8,17,1,AA,2522,N006AA,MIA,STL,2005,2015.0,10.0,29.0,2044.0,171.0,182.0,146.0,1068,2210.0,7.0,2156,2217.0,21.0,0,0,,11.0,0.0,10.0,0.0,0.0,2015-08-17,0,110.0,0.0,100.0,0.0,0.0
2015,8,12,3,WN,2107,N756SA,PHX,BUR,835,831.0,-4.0,10.0,841.0,90.0,79.0,66.0,369,947.0,3.0,1005,950.0,-15.0,0,0,,0.0,0.0,0.0,0.0,0.0,2015-08-12,0,0.0,0.0,0.0,0.0,0.0
2015,8,12,3,OO,4733,N632SK,SEA,SJC,1635,1634.0,-1.0,22.0,1656.0,129.0,137.0,111.0,697,1847.0,4.0,1844,1851.0,7.0,0,0,,0.0,0.0,0.0,0.0,0.0,2015-08-12,0,0.0,0.0,0.0,0.0,0.0
2015,7,24,5,AA,687,N675AW,PHX,EWR,840,835.0,-5.0,22.0,857.0,289.0,296.0,264.0,2133,1621.0,10.0,1629,1631.0,2.0,0,0,,0.0,0.0,0.0,0.0,0.0,2015-07-24,0,0.0,0.0,0.0,0.0,0.0
2015,7,28,2,WN,4032,N635SW,ONT,PHX,2210,2208.0,-2.0,8.0,2216.0,70.0,64.0,50.0,325,2306.0,6.0,2320,2312.0,-8.0,0,0,,0.0,0.0,0.0,0.0,0.0,2015-07-28,0,0.0,0.0,0.0,0.0,0.0
2015,8,19,3,EV,5038,N759EV,CID,DTW,1628,1633.0,5.0,15.0,1648.0,95.0,88.0,67.0,430,1855.0,6.0,1903,1901.0,-2.0,0,0,,0.0,0.0,0.0,0.0,0.0,2015-08-19,0,0.0,0.0,0.0,0.0,0.0
2015,8,22,6,AA,569,N834AW,RDU,LAX,700,659.0,-1.0,17.0,716.0,328.0,326.0,298.0,2239,914.0,11.0,928,925.0,-3.0,0,0,,0.0,0.0,0.0,0.0,0.0,2015-08-22,0,0.0,0.0,0.0,0.0,0.0
2015,7,25,6,UA,1633,N17730,GRR,ORD,626,907.0,161.0,15.0,922.0,56.0,50.0,26.0,137,848.0,9.0,622,857.0,155.0,0,0,,0.0,0.0,155.0,0.0,0.0,2015-07-25,1,0.0,0.0,96.27,0.0,0.0
2015,7,27,1,AA,518,N519UW,LAS,PHX,2115,2117.0,2.0,37.0,2154.0,70.0,89.0,47.0,255,2241.0,5.0,2225,2246.0,21.0,0,0,,19.0,0.0,2.0,0.0,0.0,2015-07-27,0,950.0,0.0,100.0,0.0,0.0
2015,8,11,2,NK,877,N503NK,ATL,FLL,1002,1012.0,10.0,15.0,1027.0,108.0,111.0,91.0,581,1158.0,5.0,1150,1203.0,13.0,0,0,,0.0,0.0,0.0,0.0,0.0,2015-08-11,0,0.0,0.0,0.0,0.0,0.0
2015,8,10,1,DL,1983,N997AT,ATL,SAV,1509,1507.0,-2.0,13.0,1520.0,70.0,57.0,38.0,214,1558.0,6.0,1619,1604.0,-15.0,0,0,,0.0,0.0,0.0,0.0,0.0,2015-08-10,0,0.0,0.0,0.0,0.0,0.0
2015,8,14,5,UA,1616,N36247,LAX,LAS,600,601.0,1.0,18.0,619.0,81.0,72.0,48.0,236,707.0,6.0,721,713.0,-8.0,0,0,,0.0,0.0,0.0,0.0,0.0,2015-08-14,0,0.0,0.0,0.0,0.0,0.0
2015,7,27,1,DL,2122,N316NB,BDL,DTW,1145,1133.0,-12.0,10.0,1143.0,114.0,96.0,82.0,549,1305.0,4.0,1339,1309.0,-30.0,0,0,,0.0,0.0,0.0,0.0,0.0,2015-07-27,0,0.0,0.0,0.0,0.0,0.0
2015,8,10,1,AA,2163,N817AW,DCA,LGA,800,754.0,-6.0,18.0,812.0,80.0,72.0,48.0,214,900.0,6.0,920,906.0,-14.0,0,0,,0.0,0.0,0.0,0.0,0.0,2015-08-10,0,0.0,0.0,0.0,0.0,0.0
2015,8,14,5,AA,1377,N3GNAA,ORD,MIA,845,859.0,14.0,17.0,916.0,195.0,173.0,148.0,1197,1244.0,8.0,1300,1252.0,-8.0,0,0,,0.0,0.0,0.0,0.0,0.0,2015-08-14,0,0.0,0.0,0.0,0.0,0.0
2015,7,26,7,OO,4676,N806SK,PSC,MSP,715,706.0,-9.0,13.0,719.0,173.0,165.0,148.0,1254,1147.0,4.0,1208,1151.0,-17.0,0,0,,0.0,0.0,0.0,0.0,0.0,2015-07-26,0,0.0,0.0,0.0,0.0,0.0
2015,8,25,2,AA,2364,N4XPAA,CLE,DFW,605,601.0,-4.0,15.0,616.0,165.0,168.0,141.0,1021,737.0,12.0,750,749.0,-1.0,0,0,,0.0,0.0,0.0,0.0,0.0,2015-08-25,0,0.0,0.0,0.0,0.0,0.0
2015,7,27,1,OO,6397,N946SW,ORD,OMA,1747,1745.0,-2.0,21.0,1806.0,93.0,93.0,66.0,416,1912.0,6.0,1920,1918.0,-2.0,0,0,,0.0,0.0,0.0,0.0,0.0,2015-07-27,0,0.0,0.0,0.0,0.0,0.0
2015,8,16,7,DL,2780,N990AT,SFO,LAX,1300,1350.0,50.0,33.0,1423.0,90.0,100.0,58.0,337,1521.0,9.0,1430,1530.0,60.0,0,0,,10.0,0.0,1.0,49.0,0.0,2015-08-16,1,20.0,0.0,2.0,98.0,0.0
2015,8,8,6,AA,142,N5DFAA,HNL,LAX,2230,2224.0,-6.0,24.0,2248.0,330.0,310.0,282.0,2556,630.0,4.0,700,634.0,-26.0,0,0,,0.0,0.0,0.0,0.0,0.0,2015-08-08,0,0.0,0.0,0.0,0.0,0.0
2015,8,26,3,WN,2701,N709SW,DEN,MKE,1925,1926.0,1.0,13.0,1939.0,135.0,131.0,113.0,896,2232.0,5.0,2240,2237.0,-3.0,0,0,,0.0,0.0,0.0,0.0,0.0,2015-08-26,0,0.0,0.0,0.0,0.0,0.0
2015,8,18,2,AA,1997,N716UW,CLT,PHL,900,857.0,-3.0,14.0,911.0,95.0,95.0,69.0,449,1020.0,12.0,1035,1032.0,-3.0,0,0,,0.0,0.0,0.0,0.0,0.0,2015-08-18,0,0.0,0.0,0.0,0.0,0.0
2015,8,4,2,EV,4384,N14174,ELP,IAH,630,625.0,-5.0,12.0,637.0,124.0,124.0,101.0,667,918.0,11.0,934,929.0,-5.0,0,0,,0.0,0.0,0.0,0.0,0.0,2015-08-04,0,0.0,0.0,0.0,0.0,0.0
2015,7,29,3,AA,1091,N4UBAA,DFW,ORD,1425,1450.0,25.0,23.0,1513.0,147.0,157.0,107.0,802,1700.0,27.0,1652,1727.0,35.0,0,0,,10.0,0.0,25.0,0.0,0.0,2015-07-29,1,40.0,0.0,100.0,0.0,0.0
2015,8,2,7,DL,1816,N6701,DEN,ATL,1015,1019.0,4.0,25.0,1044.0,185.0,169.0,135.0,1199,1459.0,9.0,1520,1508.0,-12.0,0,0,,0.0,0.0,0.0,0.0,0.0,2015-08-02,0,0.0,0.0,0.0,0.0,0.0
2015,8,1,6,VX,878,N528VA,LAX,DAL,1225,1244.0,19.0,13.0,1257.0,185.0,183.0,166.0,1246,1743.0,4.0,1730,1747.0,17.0,0,0,,0.0,0.0,2.0,15.0,0.0,2015-08-01,1,0.0,0.0,10.53,78.95,0.0
2015,8,8,6,HA,21,N389HA,SEA,HNL,855,853.0,-2.0,14.0,907.0,355.0,368.0,338.0,2677,1145.0,16.0,1150,1201.0,11.0,0,0,,0.0,0.0,0.0,0.0,0.0,2015-08-08,0,0.0,0.0,0.0,0.0,0.0
2015,8,5,3,DL,1162,N198DN,LAX,JFK,2130,2138.0,8.0,26.0,2204.0,325.0,313.0,278.0,2475,542.0,9.0,555,551.0,-4.0,0,0,,0.0,0.0,0.0,0.0,0.0,2015-08-05,0,0.0,0.0,0.0,0.0,0.0
2015,7,29,3,OO,6350,N930SW,DEN,ISN,1952,1951.0,-1.0,15.0,2006.0,106.0,100.0,79.0,576,2225.0,6.0,2238,2231.0,-7.0,0,0,,0.0,0.0,0.0,0.0,0.0,2015-07-29,0,0.0,0.0,0.0,0.0,0.0
2015,7,25,6,OO,5171,N119SY,CLT,ORD,1728,1805.0,37.0,38.0,1843.0,130.0,150.0,97.0,599,1920.0,15.0,1838,1935.0,57.0,0,0,,57.0,0.0,0.0,0.0,0.0,2015-07-25,1,154.05,0.0,0.0,0.0,0.0
2015,8,23,7,AA,397,N3JCAA,SJU,MIA,1310,1256.0,-14.0,20.0,1316.0,168.0,178.0,141.0,1045,1537.0,17.0,1558,1554.0,-4.0,0,0,,0.0,0.0,0.0,0.0,0.0,2015-08-23,0,0.0,0.0,0.0,0.0,0.0
2015,8,8,6,EV,4387,N14570,LBB,IAH,1047,1040.0,-7.0,11.0,1051.0,98.0,96.0,75.0,458,1206.0,10.0,1225,1216.0,-9.0,0,0,,0.0,0.0,0.0,0.0,0.0,2015-08-08,0,0.0,0.0,0.0,0.0,0.0
2015,8,27,4,AA,368,N3CWAA,ORD,LGA,1346,1426.0,40.0,14.0,1440.0,134.0,140.0,117.0,733,1737.0,9.0,1700,1746.0,46.0,0,0,,6.0,0.0,0.0,40.0,0.0,2015-08-27,1,15.0,0.0,0.0,100.0,0.0
2015,8,23,7,OO,5307,N919SW,SFO,ONT,1053,1101.0,8.0,19.0,1120.0,87.0,82.0,60.0,363,1220.0,3.0,1220,1223.0,3.0,0,0,,0.0,0.0,0.0,0.0,0.0,2015-08-23,0,0.0,0.0,0.0,0.0,0.0
2015,8,17,1,AA,1700,N835AW,CLT,BDL,1429,1435.0,6.0,13.0,1448.0,115.0,110.0,94.0,644,1622.0,3.0,1624,1625.0,1.0,0,0,,0.0,0.0,0.0,0.0,0.0,2015-08-17,0,0.0,0.0,0.0,0.0,0.0
2015,7,26,7,OO,6473,N962SW,DEN,EUG,1132,1117.0,-15.0,17.0,1134.0,170.0,165.0,144.0,996,1258.0,4.0,1322,1302.0,-20.0,0,0,,0.0,0.0,0.0,0.0,0.0,2015-07-26,0,0.0,0.0,0.0,0.0,0.0
2015,8,2,7,DL,2808,N6708D,SMF,ATL,2325,2325.0,0.0,13.0,2338.0,265.0,252.0,230.0,2092,628.0,9.0,650,637.0,-13.0,0,0,,0.0,0.0,0.0,0.0,0.0,2015-08-02,0,0.0,0.0,0.0,0.0,0.0
2015,8,6,4,HA,394,N484HA,LIH,HNL,1336,1336.0,0.0,7.0,1343.0,34.0,33.0,20.0,102,1403.0,6.0,1410,1409.0,-1.0,0,0,,0.0,0.0,0.0,0.0,0.0,2015-08-06,0,0.0,0.0,0.0,0.0,0.0
2015,8,4,2,EV,2694,N624AE,DFW,ACT,2200,2202.0,2.0,12.0,2214.0,44.0,38.0,21.0,89,2235.0,5.0,2244,2240.0,-4.0,0,0,,0.0,0.0,0.0,0.0,0.0,2015-08-04,0,0.0,0.0,0.0,0.0,0.0
2015,8,17,1,UA,1475,N54241,DEN,IAH,1244,1244.0,0.0,17.0,1301.0,147.0,143.0,110.0,862,1551.0,16.0,1611,1607.0,-4.0,0,0,,0.0,0.0,0.0,0.0,0.0,2015-08-17,0,0.0,0.0,0.0,0.0,0.0
2015,8,5,3,DL,1205,N919DE,ATL,SDF,1915,1912.0,-3.0,17.0,1929.0,88.0,75.0,52.0,321,2021.0,6.0,2043,2027.0,-16.0,0,0,,0.0,0.0,0.0,0.0,0.0,2015-08-05,0,0.0,0.0,0.0,0.0,0.0
2015,8,9,7,DL,2495,N924AT,TPA,JFK,1502,1545.0,43.0,23.0,1608.0,177.0,214.0,140.0,1005,1828.0,51.0,1759,1919.0,80.0,0,0,,80.0,0.0,0.0,0.0,0.0,2015-08-09,1,186.05,0.0,0.0,0.0,0.0
2015,7,28,2,WN,876,N298WN,LAS,ABQ,1530,1537.0,7.0,13.0,1550.0,85.0,85.0,67.0,486,1757.0,5.0,1755,1802.0,7.0,0,0,,0.0,0.0,0.0,0.0,0.0,2015-07-28,0,0.0,0.0,0.0,0.0,0.0
2015,8,24,1,WN,3183,N340LV,GEG,OAK,740,734.0,-6.0,8.0,742.0,130.0,124.0,110.0,723,932.0,6.0,950,938.0,-12.0,0,0,,0.0,0.0,0.0,0.0,0.0,2015-08-24,0,0.0,0.0,0.0,0.0,0.0
2015,7,25,6,WN,2022,N740SW,OAK,SAN,1350,1357.0,7.0,7.0,1404.0,85.0,81.0,68.0,446,1512.0,6.0,1515,1518.0,3.0,0,0,,0.0,0.0,0.0,0.0,0.0,2015-07-25,0,0.0,0.0,0.0,0.0,0.0
2015,7,27,1,MQ,3333,N690MQ,ORD,IND,958,952.0,-6.0,20.0,1012.0,58.0,56.0,33.0,177,1145.0,3.0,1156,1148.0,-8.0,0,0,,0.0,0.0,0.0,0.0,0.0,2015-07-27,0,0.0,0.0,0.0,0.0,0.0
2015,7,28,2,DL,2645,N3768,SLC,FCA,2155,2148.0,-7.0,16.0,2204.0,97.0,96.0,76.0,531,2320.0,4.0,2332,2324.0,-8.0,0,0,,0.0,0.0,0.0,0.0,0.0,2015-07-28,0,0.0,0.0,0.0,0.0,0.0
2015,8,12,3,AA,1421,N202AA,TPA,ORD,1740,1736.0,-4.0,10.0,1746.0,175.0,166.0,147.0,1012,1913.0,9.0,1935,1922.0,-13.0,0,0,,0.0,0.0,0.0,0.0,0.0,2015-08-12,0,0.0,0.0,0.0,0.0,0.0
2015,8,21,5,UA,1557,N76526,OGG,SFO,2132,2131.0,-1.0,7.0,2138.0,298.0,283.0,271.0,2338,509.0,5.0,530,514.0,-16.0,0,0,,0.0,0.0,0.0,0.0,0.0,2015-08-21,0,0.0,0.0,0.0,0.0,0.0
2015,7,28,2,NK,107,N533NK,DFW,SAN,855,847.0,-8.0,19.0,906.0,173.0,176.0,149.0,1171,935.0,8.0,948,943.0,-5.0,0,0,,0.0,0.0,0.0,0.0,0.0,2015-07-28,0,0.0,0.0,0.0,0.0,0.0
2015,7,23,4,UA,1125,N19117,LAX,IAH,715,725.0,10.0,12.0,737.0,201.0,193.0,172.0,1379,1229.0,9.0,1236,1238.0,2.0,0,0,,0.0,0.0,0.0,0.0,0.0,2015-07-23,0,0.0,0.0,0.0,0.0,0.0
2015,8,4,2,DL,1659,N356NW,SLC,PDX,2021,2017.0,-4.0,14.0,2031.0,111.0,102.0,86.0,630,2057.0,2.0,2112,2059.0,-13.0,0,0,,0.0,0.0,0.0,0.0,0.0,2015-08-04,0,0.0,0.0,0.0,0.0,0.0
2015,7,26,7,OO,6328,N946SW,RAP,ORD,1650,1702.0,12.0,9.0,1711.0,135.0,129.0,109.0,779,2000.0,11.0,2005,2011.0,6.0,0,0,,0.0,0.0,0.0,0.0,0.0,2015-07-26,0,0.0,0.0,0.0,0.0,0.0
2015,8,17,1,WN,216,N649SW,IND,BOS,1610,1606.0,-4.0,10.0,1616.0,125.0,134.0,117.0,818,1813.0,7.0,1815,1820.0,5.0,0,0,,0.0,0.0,0.0,0.0,0.0,2015-08-17,0,0.0,0.0,0.0,0.0,0.0
2015,7,29,3,B6,384,N712JB,MCO,JFK,2025,2030.0,5.0,28.0,2058.0,158.0,162.0,130.0,944,2308.0,4.0,2303,2312.0,9.0,0,0,,0.0,0.0,0.0,0.0,0.0,2015-07-29,0,0.0,0.0,0.0,0.0,0.0
2015,8,29,6,MQ,3352,N658MQ,EYW,MIA,1218,1219.0,1.0,9.0,1228.0,42.0,39.0,25.0,125,1253.0,5.0,1300,1258.0,-2.0,0,0,,0.0,0.0,0.0,0.0,0.0,2015-08-29,0,0.0,0.0,0.0,0.0,0.0
2015,8,17,1,B6,1121,N834JB,PDX,LGB,710,706.0,-4.0,15.0,721.0,141.0,134.0,116.0,846,917.0,3.0,931,920.0,-11.0,0,0,,0.0,0.0,0.0,0.0,0.0,2015-08-17,0,0.0,0.0,0.0,0.0,0.0
2015,8,15,6,DL,2604,N705TW,SFO,JFK,1225,1247.0,22.0,14.0,1301.0,351.0,355.0,325.0,2586,2126.0,16.0,2116,2142.0,26.0,0,0,,4.0,0.0,22.0,0.0,0.0,2015-08-15,1,18.18,0.0,100.0,0.0,0.0
2015,7,26,7,WN,474,N8661A,MHT,BWI,800,757.0,-3.0,8.0,805.0,100.0,80.0,65.0,377,910.0,7.0,940,917.0,-23.0,0,0,,0.0,0.0,0.0,0.0,0.0,2015-07-26,0,0.0,0.0,0.0,0.0,0.0
2015,8,11,2,EV,4911,N724EV,DTW,RDU,1728,1725.0,-3.0,11.0,1736.0,103.0,111.0,96.0,501,1912.0,4.0,1911,1916.0,5.0,0,0,,0.0,0.0,0.0,0.0,0.0,2015-08-11,0,0.0,0.0,0.0,0.0,0.0
2015,8,21,5,OO,5485,N782SK,DEN,OKC,1240,1234.0,-6.0,18.0,1252.0,97.0,92.0,68.0,495,1500.0,6.0,1517,1506.0,-11.0,0,0,,0.0,0.0,0.0,0.0,0.0,2015-08-21,0,0.0,0.0,0.0,0.0,0.0
2015,7,23,4,OO,4647,N455CA,GTF,SLC,1140,1133.0,-7.0,13.0,1146.0,92.0,96.0,77.0,463,1303.0,6.0,1312,1309.0,-3.0,0,0,,0.0,0.0,0.0,0.0,0.0,2015-07-23,0,0.0,0.0,0.0,0.0,0.0
2015,8,30,7,AS,748,N319AS,SEA,STL,1205,1211.0,6.0,35.0,1246.0,225.0,245.0,203.0,1709,1809.0,7.0,1750,1816.0,26.0,0,0,,20.0,0.0,0.0,6.0,0.0,2015-08-30,0,333.33,0.0,0.0,100.0,0.0
2015,8,29,6,WN,2067,N7703A,DEN,MCO,700,744.0,44.0,11.0,755.0,215.0,211.0,193.0,1546,1308.0,7.0,1235,1315.0,40.0,0,0,,0.0,0.0,40.0,0.0,0.0,2015-08-29,1,0.0,0.0,90.91,0.0,0.0
2015,8,9,7,WN,350,N239WN,STL,BNA,2115,2217.0,62.0,10.0,2227.0,60.0,56.0,40.0,272,2307.0,6.0,2215,2313.0,58.0,0,0,,0.0,0.0,0.0,58.0,0.0,2015-08-09,1,0.0,0.0,0.0,93.55,0.0
2015,7,22,3,MQ,3279,N698MQ,DFW,SGF,1840,1838.0,-2.0,15.0,1853.0,86.0,74.0,56.0,364,1949.0,3.0,2006,1952.0,-14.0,0,0,,0.0,0.0,0.0,0.0,0.0,2015-07-22,0,0.0,0.0,0.0,0.0,0.0
2015,7,23,4,EV,2647,N626AE,TYR,DFW,1016,1006.0,-10.0,15.0,1021.0,53.0,60.0,28.0,102,1049.0,17.0,1109,1106.0,-3.0,0,0,,0.0,0.0,0.0,0.0,0.0,2015-07-23,0,0.0,0.0,0.0,0.0,0.0
2015,7,30,4,AA,1312,N3JTAA,PHX,JFK,1235,1840.0,365.0,16.0,1856.0,301.0,270.0,243.0,2153,159.0,11.0,2036,210.0,334.0,0,0,,46.0,0.0,0.0,288.0,0.0,2015-07-30,1,12.6,0.0,0.0,78.9,0.0
2015,8,5,3,MQ,3119,N603MQ,DFW,BTR,1154,1159.0,5.0,20.0,1219.0,88.0,85.0,58.0,383,1317.0,7.0,1322,1324.0,2.0,0,0,,0.0,0.0,0.0,0.0,0.0,2015-08-05,0,0.0,0.0,0.0,0.0,0.0
2015,8,7,5,OO,6233,N976SW,GTF,DEN,700,650.0,-10.0,12.0,702.0,113.0,105.0,84.0,624,826.0,9.0,853,835.0,-18.0,0,0,,0.0,0.0,0.0,0.0,0.0,2015-08-07,0,0.0,0.0,0.0,0.0,0.0
2015,8,27,4,WN,55,N665WN,HOU,CRP,2145,2202.0,17.0,10.0,2212.0,50.0,43.0,28.0,187,2240.0,5.0,2235,2245.0,10.0,0,0,,0.0,0.0,0.0,0.0,0.0,2015-08-27,1,0.0,0.0,0.0,0.0,0.0
2015,8,7,5,EV,2670,N633AE,SPI,DFW,1420,1402.0,-18.0,11.0,1413.0,119.0,124.0,95.0,630,1548.0,18.0,1619,1606.0,-13.0,0,0,,0.0,0.0,0.0,0.0,0.0,2015-08-07,0,0.0,0.0,0.0,0.0,0.0
2015,8,8,6,DL,1640,N959DL,ATL,XNA,2053,2053.0,0.0,10.0,2103.0,113.0,99.0,85.0,589,2128.0,4.0,2146,2132.0,-14.0,0,0,,0.0,0.0,0.0,0.0,0.0,2015-08-08,0,0.0,0.0,0.0,0.0,0.0
2015,8,30,7,WN,978,N600WN,SMF,LAS,945,944.0,-1.0,10.0,954.0,80.0,74.0,59.0,397,1053.0,5.0,1105,1058.0,-7.0,0,0,,0.0,0.0,0.0,0.0,0.0,2015-08-30,0,0.0,0.0,0.0,0.0,0.0
2015,7,29,3,EV,4626,N12528,IAH,LRD,1447,1441.0,-6.0,10.0,1451.0,70.0,62.0,50.0,301,1541.0,2.0,1557,1543.0,-14.0,0,0,,0.0,0.0,0.0,0.0,0.0,2015-07-29,0,0.0,0.0,0.0,0.0,0.0
2015,8,10,1,AA,1847,N802AW,CLE,CLT,830,823.0,-7.0,13.0,836.0,101.0,86.0,62.0,430,938.0,11.0,1011,949.0,-22.0,0,0,,0.0,0.0,0.0,0.0,0.0,2015-08-10,0,0.0,0.0,0.0,0.0,0.0
2015,8,26,3,DL,2674,N955AT,LGA,BOS,1100,1055.0,-5.0,30.0,1125.0,76.0,73.0,34.0,184,1159.0,9.0,1216,1208.0,-8.0,0,0,,0.0,0.0,0.0,0.0,0.0,2015-08-26,0,0.0,0.0,0.0,0.0,0.0
2015,7,26,7,WN,549,N430WN,FLL,MSY,535,532.0,-3.0,11.0,543.0,120.0,107.0,91.0,674,614.0,5.0,635,619.0,-16.0,0,0,,0.0,0.0,0.0,0.0,0.0,2015-07-26,0,0.0,0.0,0.0,0.0,0.0
2015,7,27,1,AA,1006,N3KJAA,BOS,MIA,1350,1355.0,5.0,16.0,1411.0,207.0,189.0,167.0,1258,1658.0,6.0,1717,1704.0,-13.0,0,0,,0.0,0.0,0.0,0.0,0.0,2015-07-27,0,0.0,0.0,0.0,0.0,0.0
2015,7,30,4,AS,178,N520AS,KTN,SEA,1210,1305.0,55.0,6.0,1311.0,114.0,104.0,92.0,680,1543.0,6.0,1504,1549.0,45.0,0,0,,0.0,0.0,45.0,0.0,0.0,2015-07-30,1,0.0,0.0,81.82,0.0,0.0
2015,8,22,6,DL,2185,N981AT,CHA,ATL,1325,1319.0,-6.0,25.0,1344.0,57.0,63.0,32.0,106,1416.0,6.0,1422,1422.0,0.0,0,0,,0.0,0.0,0.0,0.0,0.0,2015-08-22,0,0.0,0.0,0.0,0.0,0.0
2015,8,3,1,B6,262,N821JB,SJU,BOS,640,637.0,-3.0,12.0,649.0,241.0,233.0,214.0,1674,1023.0,7.0,1041,1030.0,-11.0,0,0,,0.0,0.0,0.0,0.0,0.0,2015-08-03,0,0.0,0.0,0.0,0.0,0.0
2015,8,9,7,AA,184,N3ACAA,SEA,ORD,500,500.0,0.0,18.0,518.0,240.0,239.0,207.0,1721,1045.0,14.0,1100,1059.0,-1.0,0,0,,0.0,0.0,0.0,0.0,0.0,2015-08-09,0,0.0,0.0,0.0,0.0,0.0
2015,8,17,1,OO,4701,N446SW,GRB,MSP,1925,1914.0,-11.0,9.0,1923.0,64.0,60.0,46.0,252,2009.0,5.0,2029,2014.0,-15.0,0,0,,0.0,0.0,0.0,0.0,0.0,2015-08-17,0,0.0,0.0,0.0,0.0,0.0
2015,8,13,4,DL,1737,N398DA,DTW,BWI,745,739.0,-6.0,14.0,753.0,94.0,88.0,64.0,409,857.0,10.0,919,907.0,-12.0,0,0,,0.0,0.0,0.0,0.0,0.0,2015-08-13,0,0.0,0.0,0.0,0.0,0.0
2015,8,17,1,EV,4554,N14171,IAH,TYS,1927,1922.0,-5.0,22.0,1944.0,133.0,129.0,104.0,771,2228.0,3.0,2240,2231.0,-9.0,0,0,,0.0,0.0,0.0,0.0,0.0,2015-08-17,0,0.0,0.0,0.0,0.0,0.0
2015,7,25,6,WN,4327,N665WN,ORF,BWI,1810,1817.0,7.0,15.0,1832.0,55.0,64.0,42.0,159,1914.0,7.0,1905,1921.0,16.0,0,0,,9.0,0.0,7.0,0.0,0.0,2015-07-25,0,128.57,0.0,100.0,0.0,0.0
2015,7,29,3,OO,6368,N941SW,DEN,BIS,1723,1723.0,0.0,12.0,1735.0,98.0,85.0,69.0,516,1944.0,4.0,2001,1948.0,-13.0,0,0,,0.0,0.0,0.0,0.0,0.0,2015-07-29,0,0.0,0.0,0.0,0.0,0.0
2015,8,7,5,EV,2681,N879AS,DFW,JAN,1835,1909.0,34.0,14.0,1923.0,91.0,79.0,61.0,408,2024.0,4.0,2006,2028.0,22.0,0,0,,0.0,0.0,3.0,19.0,0.0,2015-08-07,1,0.0,0.0,8.82,55.88,0.0
2015,8,18,2,B6,164,N249JB,SRQ,JFK,1109,1102.0,-7.0,14.0,1116.0,170.0,159.0,140.0,1041,1336.0,5.0,1359,1341.0,-18.0,0,0,,0.0,0.0,0.0,0.0,0.0,2015-08-18,0,0.0,0.0,0.0,0.0,0.0
2015,7,29,3,B6,424,N947JB,LAX,JFK,1339,1420.0,41.0,43.0,1503.0,341.0,373.0,325.0,2475,2328.0,5.0,2220,2333.0,73.0,0,0,,73.0,0.0,0.0,0.0,0.0,2015-07-29,1,178.05,0.0,0.0,0.0,0.0
2015,7,30,4,WN,659,N224WN,LAS,DEN,1910,2109.0,119.0,11.0,2120.0,110.0,104.0,85.0,628,2345.0,8.0,2200,2353.0,113.0,0,0,,0.0,0.0,113.0,0.0,0.0,2015-07-30,1,0.0,0.0,94.96,0.0,0.0
2015,8,14,5,UA,528,N546UA,LAX,BOS,830,827.0,-3.0,12.0,839.0,333.0,339.0,322.0,2611,1701.0,5.0,1703,1706.0,3.0,0,0,,0.0,0.0,0.0,0.0,0.0,2015-08-14,0,0.0,0.0,0.0,0.0,0.0
2015,8,4,2,WN,193,N412WN,TPA,BUF,2050,2117.0,27.0,9.0,2126.0,160.0,151.0,138.0,1053,2344.0,4.0,2330,2348.0,18.0,0,0,,0.0,0.0,10.0,8.0,0.0,2015-08-04,1,0.0,0.0,37.04,29.63,0.0
2015,8,23,7,DL,1496,N908DA,MSP,LGA,1302,1259.0,-3.0,10.0,1309.0,161.0,145.0,128.0,1020,1617.0,7.0,1643,1624.0,-19.0,0,0,,0.0,0.0,0.0,0.0,0.0,2015-08-23,0,0.0,0.0,0.0,0.0,0.0
2015,8,26,3,EV,4360,N16559,MAF,IAH,1935,1920.0,-15.0,9.0,1929.0,87.0,82.0,63.0,429,2032.0,10.0,2102,2042.0,-20.0,0,0,,0.0,0.0,0.0,0.0,0.0,2015-08-26,0,0.0,0.0,0.0,0.0,0.0
2015,8,17,1,AA,451,N576UW,CLT,SLC,1815,1923.0,68.0,13.0,1936.0,266.0,260.0,242.0,1727,2138.0,5.0,2041,2143.0,62.0,0,0,,0.0,0.0,0.0,62.0,0.0,2015-08-17,1,0.0,0.0,0.0,91.18,0.0
2015,7,29,3,WN,792,N450WN,OKC,STL,1755,1756.0,1.0,7.0,1803.0,80.0,75.0,65.0,462,1908.0,3.0,1915,1911.0,-4.0,0,0,,0.0,0.0,0.0,0.0,0.0,2015-07-29,0,0.0,0.0,0.0,0.0,0.0
2015,8,5,3,AA,1443,N3FAAA,JFK,BOS,1225,1219.0,-6.0,21.0,1240.0,70.0,66.0,40.0,187,1320.0,5.0,1335,1325.0,-10.0,0,0,,0.0,0.0,0.0,0.0,0.0,2015-08-05,0,0.0,0.0,0.0,0.0,0.0
2015,8,28,5,EV,4725,N28529,BTR,IAH,1424,1411.0,-13.0,7.0,1418.0,73.0,59.0,46.0,253,1504.0,6.0,1537,1510.0,-27.0,0,0,,0.0,0.0,0.0,0.0,0.0,2015-08-28,0,0.0,0.0,0.0,0.0,0.0
2015,8,4,2,MQ,3336,N9EAMQ,DFW,OKC,715,740.0,25.0,14.0,754.0,64.0,54.0,37.0,175,831.0,3.0,819,834.0,15.0,0,0,,0.0,0.0,1.0,14.0,0.0,2015-08-04,1,0.0,0.0,4.0,56.0,0.0
2015,8,21,5,AA,1426,N3CAAA,PIT,DFW,1528,1528.0,0.0,15.0,1543.0,177.0,180.0,142.0,1067,1705.0,23.0,1725,1728.0,3.0,0,0,,0.0,0.0,0.0,0.0,0.0,2015-08-21,0,0.0,0.0,0.0,0.0,0.0
2015,7,30,4,WN,2674,N746SW,PIT,MDW,1525,1519.0,-6.0,7.0,1526.0,85.0,76.0,65.0,402,1531.0,4.0,1550,1535.0,-15.0,0,0,,0.0,0.0,0.0,0.0,0.0,2015-07-30,0,0.0,0.0,0.0,0.0,0.0
2015,8,3,1,AA,943,N635AA,MIA,STT,1055,1055.0,0.0,18.0,1113.0,165.0,162.0,140.0,1107,1333.0,4.0,1340,1337.0,-3.0,0,0,,0.0,0.0,0.0,0.0,0.0,2015-08-03,0,0.0,0.0,0.0,0.0,0.0
2015,8,3,1,WN,848,N701GS,STL,MDW,1800,1800.0,0.0,7.0,1807.0,65.0,60.0,44.0,251,1851.0,9.0,1905,1900.0,-5.0,0,0,,0.0,0.0,0.0,0.0,0.0,2015-08-03,0,0.0,0.0,0.0,0.0,0.0
2015,8,23,7,WN,1762,N492WN,SFO,PHX,2015,2015.0,0.0,7.0,2022.0,115.0,101.0,91.0,651,2153.0,3.0,2210,2156.0,-14.0,0,0,,0.0,0.0,0.0,0.0,0.0,2015-08-23,0,0.0,0.0,0.0,0.0,0.0
2015,8,3,1,EV,3949,N12160,ORF,IAH,1754,1744.0,-10.0,8.0,1752.0,199.0,177.0,160.0,1201,1932.0,9.0,2013,1941.0,-32.0,0,0,,0.0,0.0,0.0,0.0,0.0,2015-08-03,0,0.0,0.0,0.0,0.0,0.0
2015,8,11,2,WN,379,N685SW,LBB,DAL,1325,1319.0,-6.0,7.0,1326.0,65.0,70.0,51.0,293,1417.0,12.0,1430,1429.0,-1.0,0,0,,0.0,0.0,0.0,0.0,0.0,2015-08-11,0,0.0,0.0,0.0,0.0,0.0
2015,8,19,3,WN,438,N271LV,PHX,DEN,1610,1614.0,4.0,8.0,1622.0,105.0,95.0,80.0,602,1842.0,7.0,1855,1849.0,-6.0,0,0,,0.0,0.0,0.0,0.0,0.0,2015-08-19,0,0.0,0.0,0.0,0.0,0.0
2015,8,7,5,AA,1482,N4XLAA,DFW,LAS,1348,1350.0,2.0,12.0,1402.0,175.0,169.0,149.0,1055,1431.0,8.0,1443,1439.0,-4.0,0,0,,0.0,0.0,0.0,0.0,0.0,2015-08-07,0,0.0,0.0,0.0,0.0,0.0
2015,8,2,7,OO,6382,N145SY,SFO,BOI,900,858.0,-2.0,16.0,914.0,102.0,96.0,76.0,522,1130.0,4.0,1142,1134.0,-8.0,0,0,,0.0,0.0,0.0,0.0,0.0,2015-08-02,0,0.0,0.0,0.0,0.0,0.0
2015,7,31,5,DL,2631,N332NB,ATL,SGF,1924,1924.0,0.0,48.0,2012.0,112.0,130.0,78.0,563,2030.0,4.0,2016,2034.0,18.0,0,0,,18.0,0.0,0.0,0.0,0.0,2015-07-31,0,inf,0.0,0.0,0.0,0.0
2015,7,29,3,DL,1895,N918DE,PHL,ATL,1245,1244.0,-1.0,9.0,1253.0,130.0,104.0,85.0,666,1418.0,10.0,1455,1428.0,-27.0,0,0,,0.0,0.0,0.0,0.0,0.0,2015-07-29,0,0.0,0.0,0.0,0.0,0.0
2015,8,21,5,OO,4777,N679CA,SLC,PSC,1015,1106.0,51.0,12.0,1118.0,102.0,91.0,76.0,521,1134.0,3.0,1057,1137.0,40.0,0,0,,0.0,0.0,39.0,1.0,0.0,2015-08-21,1,0.0,0.0,76.47,1.96,0.0
2015,8,11,2,AA,564,N754UW,SMF,PHX,953,945.0,-8.0,12.0,957.0,107.0,119.0,104.0,647,1141.0,3.0,1140,1144.0,4.0,0,0,,0.0,0.0,0.0,0.0,0.0,2015-08-11,0,0.0,0.0,0.0,0.0,0.0
2015,8,26,3,UA,584,N831UA,MSY,IAH,1332,1344.0,12.0,10.0,1354.0,76.0,70.0,55.0,305,1449.0,5.0,1448,1454.0,6.0,0,0,,0.0,0.0,0.0,0.0,0.0,2015-08-26,0,0.0,0.0,0.0,0.0,0.0
2015,8,2,7,WN,1451,N485WN,BDL,BWI,1215,1233.0,18.0,8.0,1241.0,70.0,60.0,47.0,283,1328.0,5.0,1325,1333.0,8.0,0,0,,0.0,0.0,0.0,0.0,0.0,2015-08-02,1,0.0,0.0,0.0,0.0,0.0
2015,8,19,3,UA,1744,N68452,LAS,ORD,704,658.0,-6.0,17.0,715.0,221.0,225.0,183.0,1514,1218.0,25.0,1245,1243.0,-2.0,0,0,,0.0,0.0,0.0,0.0,0.0,2015-08-19,0,0.0,0.0,0.0,0.0,0.0
2015,8,5,3,AA,891,N520UW,ORD,CLT,1035,1024.0,-11.0,22.0,1046.0,120.0,129.0,79.0,599,1305.0,28.0,1335,1333.0,-2.0,0,0,,0.0,0.0,0.0,0.0,0.0,2015-08-05,0,0.0,0.0,0.0,0.0,0.0
2015,7,29,3,OO,3006,N899SK,SBA,PHX,955,949.0,-6.0,13.0,1002.0,90.0,88.0,67.0,455,1109.0,8.0,1125,1117.0,-8.0,0,0,,0.0,0.0,0.0,0.0,0.0,2015-07-29,0,0.0,0.0,0.0,0.0,0.0
2015,7,27,1,DL,399,N929DN,ATL,MKE,2220,2231.0,11.0,18.0,2249.0,124.0,112.0,89.0,669,2318.0,5.0,2324,2323.0,-1.0,0,0,,0.0,0.0,0.0,0.0,0.0,2015-07-27,0,0.0,0.0,0.0,0.0,0.0
2015,8,13,4,AA,481,N582UW,DEN,PHL,1105,1101.0,-4.0,19.0,1120.0,223.0,210.0,187.0,1558,1627.0,4.0,1648,1631.0,-17.0,0,0,,0.0,0.0,0.0,0.0,0.0,2015-08-13,0,0.0,0.0,0.0,0.0,0.0
2015,8,6,4,WN,1728,N485WN,PHX,ABQ,1715,1715.0,0.0,8.0,1723.0,65.0,58.0,45.0,328,1908.0,5.0,1920,1913.0,-7.0,0,0,,0.0,0.0,0.0,0.0,0.0,2015-08-06,0,0.0,0.0,0.0,0.0,0.0
2015,8,27,4,WN,317,N962WN,SEA,DEN,820,844.0,24.0,14.0,858.0,160.0,148.0,127.0,1024,1205.0,7.0,1200,1212.0,12.0,0,0,,0.0,0.0,0.0,0.0,0.0,2015-08-27,1,0.0,0.0,0.0,0.0,0.0
2015,8,9,7,DL,1776,N310NW,MSO,MSP,1435,1441.0,6.0,14.0,1455.0,149.0,148.0,129.0,1013,1804.0,5.0,1804,1809.0,5.0,0,0,,0.0,0.0,0.0,0.0,0.0,2015-08-09,0,0.0,0.0,0.0,0.0,0.0
2015,8,28,5,WN,2100,N768SW,LAS,LAX,1320,1319.0,-1.0,11.0,1330.0,70.0,60.0,40.0,236,1410.0,9.0,1430,1419.0,-11.0,0,0,,0.0,0.0,0.0,0.0,0.0,2015-08-28,0,0.0,0.0,0.0,0.0,0.0
2015,8,20,4,WN,317,N957WN,PHX,SAN,1410,1421.0,11.0,6.0,1427.0,65.0,56.0,47.0,304,1514.0,3.0,1515,1517.0,2.0,0,0,,0.0,0.0,0.0,0.0,0.0,2015-08-20,0,0.0,0.0,0.0,0.0,0.0
2015,8,19,3,WN,16,N905WN,DTW,MDW,1805,1858.0,53.0,11.0,1909.0,70.0,61.0,44.0,228,1853.0,6.0,1815,1859.0,44.0,0,0,,0.0,0.0,2.0,42.0,0.0,2015-08-19,1,0.0,0.0,3.77,79.25,0.0
2015,8,23,7,F9,297,N923FR,TPA,DEN,1310,1303.0,-7.0,12.0,1315.0,220.0,212.0,194.0,1506,1429.0,6.0,1450,1435.0,-15.0,0,0,,0.0,0.0,0.0,0.0,0.0,2015-08-23,0,0.0,0.0,0.0,0.0,0.0
2015,8,16,7,EV,6082,N14998,ORD,CLE,752,748.0,-4.0,12.0,800.0,79.0,73.0,54.0,315,954.0,7.0,1011,1001.0,-10.0,0,0,,0.0,0.0,0.0,0.0,0.0,2015-08-16,0,0.0,0.0,0.0,0.0,0.0
2015,8,30,7,HA,34,N396HA,OGG,LAX,1530,1527.0,-3.0,11.0,1538.0,310.0,302.0,279.0,2486,2317.0,12.0,2340,2329.0,-11.0,0,0,,0.0,0.0,0.0,0.0,0.0,2015-08-30,0,0.0,0.0,0.0,0.0,0.0
2015,8,27,4,WN,211,N903WN,BNA,BWI,1850,1844.0,-6.0,8.0,1852.0,105.0,91.0,80.0,587,2112.0,3.0,2135,2115.0,-20.0,0,0,,0.0,0.0,0.0,0.0,0.0,2015-08-27,0,0.0,0.0,0.0,0.0,0.0
2015,8,27,4,AA,2068,N576UW,CLT,LGA,1425,1428.0,3.0,14.0,1442.0,108.0,89.0,70.0,544,1552.0,5.0,1613,1557.0,-16.0,0,0,,0.0,0.0,0.0,0.0,0.0,2015-08-27,0,0.0,0.0,0.0,0.0,0.0
2015,8,13,4,WN,1674,N8313F,SFO,MDW,1200,1311.0,71.0,15.0,1326.0,250.0,238.0,217.0,1855,1903.0,6.0,1810,1909.0,59.0,0,0,,0.0,0.0,36.0,23.0,0.0,2015-08-13,1,0.0,0.0,50.7,32.39,0.0
2015,7,27,1,WN,2761,N765SW,JAX,BWI,1400,1357.0,-3.0,9.0,1406.0,110.0,115.0,100.0,663,1546.0,6.0,1550,1552.0,2.0,0,0,,0.0,0.0,0.0,0.0,0.0,2015-07-27,0,0.0,0.0,0.0,0.0,0.0
2015,8,5,3,AS,629,N615AS,LAS,PDX,650,639.0,-11.0,12.0,651.0,125.0,125.0,109.0,763,840.0,4.0,855,844.0,-11.0,0,0,,0.0,0.0,0.0,0.0,0.0,2015-08-05,0,0.0,0.0,0.0,0.0,0.0
2015,8,6,4,WN,183,N473WN,SJC,SNA,1350,1354.0,4.0,8.0,1402.0,75.0,72.0,60.0,342,1502.0,4.0,1505,1506.0,1.0,0,0,,0.0,0.0,0.0,0.0,0.0,2015-08-06,0,0.0,0.0,0.0,0.0,0.0
2015,7,25,6,DL,1559,N595NW,LAX,HNL,1445,1445.0,0.0,18.0,1503.0,340.0,329.0,308.0,2556,1711.0,3.0,1725,1714.0,-11.0,0,0,,0.0,0.0,0.0,0.0,0.0,2015-07-25,0,0.0,0.0,0.0,0.0,0.0
2015,8,29,6,DL,1742,N928AT,ATL,FAY,2050,2048.0,-2.0,13.0,2101.0,78.0,64.0,46.0,331,2147.0,5.0,2208,2152.0,-16.0,0,0,,0.0,0.0,0.0,0.0,0.0,2015-08-29,0,0.0,0.0,0.0,0.0,0.0
2015,8,19,3,AA,1704,N912UY,CLT,BDL,2209,152.0,223.0,16.0,208.0,109.0,110.0,89.0,644,337.0,5.0,2358,342.0,224.0,0,0,,1.0,0.0,217.0,6.0,0.0,2015-08-19,1,0.45,0.0,97.31,2.69,0.0
2015,8,1,6,EV,4914,N873AS,ATL,FSM,1344,1459.0,75.0,15.0,1514.0,110.0,106.0,84.0,579,1538.0,7.0,1434,1545.0,71.0,0,0,,0.0,0.0,0.0,71.0,0.0,2015-08-01,1,0.0,0.0,0.0,94.67,0.0
2015,8,26,3,OO,4830,N416SW,ISN,MSP,1230,1210.0,-20.0,16.0,1226.0,104.0,99.0,79.0,546,1345.0,4.0,1414,1349.0,-25.0,0,0,,0.0,0.0,0.0,0.0,0.0,2015-08-26,0,0.0,0.0,0.0,0.0,0.0
2015,8,13,4,WN,1882,N436WN,BNA,DEN,1530,1527.0,-3.0,9.0,1536.0,170.0,154.0,137.0,1014,1653.0,8.0,1720,1701.0,-19.0,0,0,,0.0,0.0,0.0,0.0,0.0,2015-08-13,0,0.0,0.0,0.0,0.0,0.0
2015,8,28,5,WN,575,N7708E,DAL,ATL,1810,2022.0,132.0,8.0,2030.0,135.0,109.0,95.0,721,2305.0,6.0,2125,2311.0,106.0,0,0,,0.0,0.0,20.0,86.0,0.0,2015-08-28,1,0.0,0.0,15.15,65.15,0.0
2015,8,2,7,WN,60,N244WN,HOU,DAL,2100,2100.0,0.0,7.0,2107.0,55.0,52.0,42.0,239,2149.0,3.0,2155,2152.0,-3.0,0,0,,0.0,0.0,0.0,0.0,0.0,2015-08-02,0,0.0,0.0,0.0,0.0,0.0
2015,8,4,2,AA,1733,N192UW,MCO,PHX,2040,2044.0,4.0,16.0,2100.0,259.0,252.0,229.0,1849,2149.0,7.0,2159,2156.0,-3.0,0,0,,0.0,0.0,0.0,0.0,0.0,2015-08-04,0,0.0,0.0,0.0,0.0,0.0
2015,7,27,1,AA,2053,N561UW,TPA,PHL,1420,1447.0,27.0,13.0,1500.0,155.0,144.0,128.0,920,1708.0,3.0,1655,1711.0,16.0,0,0,,0.0,0.0,16.0,0.0,0.0,2015-07-27,1,0.0,0.0,59.26,0.0,0.0
2015,7,27,1,AA,111,N3GMAA,ORD,LAX,1710,1710.0,0.0,18.0,1728.0,284.0,267.0,229.0,1744,1917.0,20.0,1954,1937.0,-17.0,0,0,,0.0,0.0,0.0,0.0,0.0,2015-07-27,0,0.0,0.0,0.0,0.0,0.0
2015,8,23,7,DL,1093,N302DQ,LEX,ATL,720,720.0,0.0,9.0,729.0,91.0,88.0,56.0,304,825.0,23.0,851,848.0,-3.0,0,0,,0.0,0.0,0.0,0.0,0.0,2015-08-23,0,0.0,0.0,0.0,0.0,0.0
2015,8,25,2,WN,147,N743SW,LAS,SAT,1315,1320.0,5.0,13.0,1333.0,160.0,152.0,134.0,1069,1747.0,5.0,1755,1752.0,-3.0,0,0,,0.0,0.0,0.0,0.0,0.0,2015-08-25,0,0.0,0.0,0.0,0.0,0.0
2015,7,24,5,EV,4962,N937EV,DTW,ABE,2012,2006.0,-6.0,15.0,2021.0,90.0,83.0,65.0,425,2126.0,3.0,2142,2129.0,-13.0,0,0,,0.0,0.0,0.0,0.0,0.0,2015-07-24,0,0.0,0.0,0.0,0.0,0.0
2015,8,13,4,WN,293,N8324A,DAL,SAN,915,913.0,-2.0,7.0,920.0,180.0,173.0,150.0,1182,950.0,16.0,1015,1006.0,-9.0,0,0,,0.0,0.0,0.0,0.0,0.0,2015-08-13,0,0.0,0.0,0.0,0.0,0.0
2015,8,12,3,OO,4739,N442SW,IAD,DTW,945,942.0,-3.0,12.0,954.0,89.0,83.0,67.0,383,1101.0,4.0,1114,1105.0,-9.0,0,0,,0.0,0.0,0.0,0.0,0.0,2015-08-12,0,0.0,0.0,0.0,0.0,0.0
2015,7,30,4,UA,656,N841UA,ORD,BUF,1422,1423.0,1.0,18.0,1441.0,102.0,84.0,61.0,473,1642.0,5.0,1704,1647.0,-17.0,0,0,,0.0,0.0,0.0,0.0,0.0,2015-07-30,0,0.0,0.0,0.0,0.0,0.0
2015,8,15,6,UA,1263,N68843,SFO,LAX,2235,2233.0,-2.0,12.0,2245.0,95.0,83.0,59.0,337,2344.0,12.0,10,2356.0,-14.0,0,0,,0.0,0.0,0.0,0.0,0.0,2015-08-15,0,0.0,0.0,0.0,0.0,0.0
2015,8,8,6,UA,1079,N39423,PHX,IAH,500,456.0,-4.0,9.0,505.0,155.0,150.0,129.0,1009,914.0,12.0,935,926.0,-9.0,0,0,,0.0,0.0,0.0,0.0,0.0,2015-08-08,0,0.0,0.0,0.0,0.0,0.0
2015,8,26,3,OO,4465,N416SW,MSP,BIS,1940,1938.0,-2.0,12.0,1950.0,84.0,75.0,59.0,386,2049.0,4.0,2104,2053.0,-11.0,0,0,,0.0,0.0,0.0,0.0,0.0,2015-08-26,0,0.0,0.0,0.0,0.0,0.0
2015,7,30,4,OO,6504,N984CA,DEN,CID,1325,1314.0,-11.0,13.0,1327.0,111.0,105.0,87.0,692,1554.0,5.0,1616,1559.0,-17.0,0,0,,0.0,0.0,0.0,0.0,0.0,2015-07-30,0,0.0,0.0,0.0,0.0,0.0
2015,7,27,1,UA,1919,N76504,MSY,ORD,1303,1259.0,-4.0,9.0,1308.0,153.0,148.0,126.0,837,1514.0,13.0,1536,1527.0,-9.0,0,0,,0.0,0.0,0.0,0.0,0.0,2015-07-27,0,0.0,0.0,0.0,0.0,0.0
2015,8,22,6,WN,4675,N358SW,DEN,LAS,1325,1354.0,29.0,8.0,1402.0,115.0,103.0,88.0,628,1430.0,7.0,1420,1437.0,17.0,0,0,,17.0,0.0,0.0,0.0,0.0,2015-08-22,1,58.62,0.0,0.0,0.0,0.0
2015,8,24,1,EV,2663,N626AE,DFW,GRK,1520,1517.0,-3.0,13.0,1530.0,55.0,46.0,30.0,134,1600.0,3.0,1615,1603.0,-12.0,0,0,,0.0,0.0,0.0,0.0,0.0,2015-08-24,0,0.0,0.0,0.0,0.0,0.0
2015,7,27,1,AA,299,N3KTAA,FLL,DFW,1837,1834.0,-3.0,20.0,1854.0,188.0,172.0,148.0,1119,2022.0,4.0,2045,2026.0,-19.0,0,0,,0.0,0.0,0.0,0.0,0.0,2015-07-27,0,0.0,0.0,0.0,0.0,0.0
2015,8,23,7,OO,6376,N108SY,MSP,SFO,1759,1805.0,6.0,44.0,1849.0,261.0,271.0,222.0,1589,2031.0,5.0,2020,2036.0,16.0,0,0,,10.0,0.0,0.0,6.0,0.0,2015-08-23,0,166.67,0.0,0.0,100.0,0.0
2015,8,24,1,WN,3223,N799SW,CMH,MDW,1455,1449.0,-6.0,10.0,1459.0,70.0,67.0,52.0,283,1451.0,5.0,1505,1456.0,-9.0,0,0,,0.0,0.0,0.0,0.0,0.0,2015-08-24,0,0.0,0.0,0.0,0.0,0.0
2015,8,16,7,AA,149,N586AA,ELP,DFW,1146,1205.0,19.0,12.0,1217.0,108.0,98.0,77.0,551,1434.0,9.0,1434,1443.0,9.0,0,0,,0.0,0.0,0.0,0.0,0.0,2015-08-16,1,0.0,0.0,0.0,0.0,0.0
2015,8,5,3,AA,1708,N126UW,PHL,BOS,2115,2207.0,52.0,11.0,2218.0,86.0,67.0,51.0,280,2309.0,5.0,2241,2314.0,33.0,0,0,,0.0,0.0,33.0,0.0,0.0,2015-08-05,1,0.0,0.0,63.46,0.0,0.0
2015,8,26,3,DL,1759,N804DN,IND,ATL,822,817.0,-5.0,9.0,826.0,96.0,76.0,63.0,432,929.0,4.0,958,933.0,-25.0,0,0,,0.0,0.0,0.0,0.0,0.0,2015-08-26,0,0.0,0.0,0.0,0.0,0.0
2015,8,19,3,AA,551,N167US,PHX,DFW,1500,1527.0,27.0,13.0,1540.0,141.0,139.0,114.0,868,1934.0,12.0,1921,1946.0,25.0,0,0,,0.0,0.0,25.0,0.0,0.0,2015-08-19,1,0.0,0.0,92.59,0.0,0.0
2015,7,23,4,OO,5410,N937SW,EAU,ORD,1853,1848.0,-5.0,10.0,1858.0,77.0,72.0,46.0,268,1944.0,16.0,2010,2000.0,-10.0,0,0,,0.0,0.0,0.0,0.0,0.0,2015-07-23,0,0.0,0.0,0.0,0.0,0.0
2015,8,28,5,DL,1441,N315US,ATL,CLT,2306,2306.0,0.0,19.0,2325.0,70.0,65.0,39.0,226,4.0,7.0,16,11.0,-5.0,0,0,,0.0,0.0,0.0,0.0,0.0,2015-08-28,0,0.0,0.0,0.0,0.0,0.0
2015,7,27,1,WN,1629,N227WN,LAS,LBB,2025,2031.0,6.0,9.0,2040.0,115.0,112.0,99.0,775,19.0,4.0,20,23.0,3.0,0,0,,0.0,0.0,0.0,0.0,0.0,2015-07-27,0,0.0,0.0,0.0,0.0,0.0
2015,8,10,1,WN,290,N609SW,RSW,BWI,1225,1301.0,36.0,11.0,1312.0,145.0,147.0,130.0,919,1522.0,6.0,1450,1528.0,38.0,0,0,,2.0,0.0,5.0,31.0,0.0,2015-08-10,1,5.56,0.0,13.89,86.11,0.0
2015,8,22,6,DL,2037,N937DN,MSP,BZN,2142,2200.0,18.0,13.0,2213.0,147.0,139.0,122.0,874,2315.0,4.0,2309,2319.0,10.0,0,0,,0.0,0.0,0.0,0.0,0.0,2015-08-22,1,0.0,0.0,0.0,0.0,0.0
2015,8,18,2,EV,2681,N905EV,DFW,JAN,1835,1833.0,-2.0,12.0,1845.0,91.0,75.0,57.0,408,1942.0,6.0,2006,1948.0,-18.0,0,0,,0.0,0.0,0.0,0.0,0.0,2015-08-18,0,0.0,0.0,0.0,0.0,0.0
2015,8,19,3,AA,499,N172US,PHL,CLT,1935,2139.0,124.0,14.0,2153.0,112.0,95.0,70.0,449,2303.0,11.0,2127,2314.0,107.0,0,0,,0.0,0.0,0.0,0.0,107.0,2015-08-19,1,0.0,0.0,0.0,0.0,86.29
2015,8,25,2,AA,524,N198UW,SEA,PHL,2215,2213.0,-2.0,14.0,2227.0,299.0,296.0,271.0,2378,558.0,11.0,614,609.0,-5.0,0,0,,0.0,0.0,0.0,0.0,0.0,2015-08-25,0,0.0,0.0,0.0,0.0,0.0
2015,8,13,4,OO,7393,N441SW,SGU,SLC,1140,1131.0,-9.0,13.0,1144.0,68.0,65.0,46.0,272,1230.0,6.0,1248,1236.0,-12.0,0,0,,0.0,0.0,0.0,0.0,0.0,2015-08-13,0,0.0,0.0,0.0,0.0,0.0
2015,8,21,5,EV,4217,N28529,BRO,IAH,1052,1058.0,6.0,24.0,1122.0,79.0,92.0,59.0,308,1221.0,9.0,1211,1230.0,19.0,0,0,,13.0,0.0,6.0,0.0,0.0,2015-08-21,0,216.67,0.0,100.0,0.0,0.0
2015,8,1,6,EV,5356,N695CA,ATL,PHF,943,1005.0,22.0,21.0,1026.0,101.0,93.0,69.0,508,1135.0,3.0,1124,1138.0,14.0,0,0,,0.0,0.0,0.0,0.0,0.0,2015-08-01,1,0.0,0.0,0.0,0.0,0.0
2015,8,19,3,AA,368,N3HDAA,ORD,LGA,1346,1343.0,-3.0,11.0,1354.0,134.0,116.0,101.0,733,1635.0,4.0,1700,1639.0,-21.0,0,0,,0.0,0.0,0.0,0.0,0.0,2015-08-19,0,0.0,0.0,0.0,0.0,0.0
2015,8,7,5,UA,1928,N34282,SFO,ORD,30,32.0,2.0,13.0,45.0,256.0,241.0,213.0,1846,618.0,15.0,646,633.0,-13.0,0,0,,0.0,0.0,0.0,0.0,0.0,2015-08-07,0,0.0,0.0,0.0,0.0,0.0
2015,8,20,4,F9,607,N214FR,ATL,IND,1630,1627.0,-3.0,18.0,1645.0,85.0,90.0,64.0,432,1749.0,8.0,1755,1757.0,2.0,0,0,,0.0,0.0,0.0,0.0,0.0,2015-08-20,0,0.0,0.0,0.0,0.0,0.0
2015,7,30,4,B6,803,N712JB,JFK,SJU,1716,2013.0,177.0,50.0,2103.0,253.0,255.0,200.0,1598,23.0,5.0,2129,28.0,179.0,0,0,,2.0,0.0,7.0,170.0,0.0,2015-07-30,1,1.13,0.0,3.95,96.05,0.0
2015,7,27,1,OO,4793,N817SK,PHX,LAX,1005,1002.0,-3.0,22.0,1024.0,95.0,110.0,64.0,370,1128.0,24.0,1140,1152.0,12.0,0,0,,0.0,0.0,0.0,0.0,0.0,2015-07-27,0,0.0,0.0,0.0,0.0,0.0
2015,7,30,4,MQ,3437,N813MQ,ORD,PIA,845,840.0,-5.0,16.0,856.0,58.0,45.0,26.0,130,922.0,3.0,943,925.0,-18.0,0,0,,0.0,0.0,0.0,0.0,0.0,2015-07-30,0,0.0,0.0,0.0,0.0,0.0
2015,8,27,4,B6,842,N587JB,SAV,JFK,1134,1127.0,-7.0,10.0,1137.0,129.0,108.0,88.0,718,1305.0,10.0,1343,1315.0,-28.0,0,0,,0.0,0.0,0.0,0.0,0.0,2015-08-27,0,0.0,0.0,0.0,0.0,0.0
2015,8,18,2,AA,397,N3BJAA,SJU,MIA,1310,1307.0,-3.0,8.0,1315.0,168.0,147.0,132.0,1045,1527.0,7.0,1558,1534.0,-24.0,0,0,,0.0,0.0,0.0,0.0,0.0,2015-08-18,0,0.0,0.0,0.0,0.0,0.0
2015,7,31,5,DL,2623,N958DN,DTW,STL,1538,1533.0,-5.0,23.0,1556.0,96.0,94.0,67.0,440,1603.0,4.0,1614,1607.0,-7.0,0,0,,0.0,0.0,0.0,0.0,0.0,2015-07-31,0,0.0,0.0,0.0,0.0,0.0
2015,8,25,2,AS,602,N611AS,SEA,LAS,605,557.0,-8.0,19.0,616.0,140.0,159.0,131.0,867,827.0,9.0,825,836.0,11.0,0,0,,0.0,0.0,0.0,0.0,0.0,2015-08-25,0,0.0,0.0,0.0,0.0,0.0
2015,8,3,1,EV,2642,N677AE,DFW,MLU,1215,1211.0,-4.0,31.0,1242.0,77.0,82.0,46.0,293,1328.0,5.0,1332,1333.0,1.0,0,0,,0.0,0.0,0.0,0.0,0.0,2015-08-03,0,0.0,0.0,0.0,0.0,0.0
2015,8,30,7,OO,6460,N768SK,TUS,DEN,615,608.0,-7.0,15.0,623.0,117.0,116.0,93.0,639,856.0,8.0,912,904.0,-8.0,0,0,,0.0,0.0,0.0,0.0,0.0,2015-08-30,0,0.0,0.0,0.0,0.0,0.0
2015,7,29,3,NK,630,N619NK,LAX,DEN,935,959.0,24.0,7.0,1006.0,139.0,121.0,108.0,862,1254.0,6.0,1254,1300.0,6.0,0,0,,0.0,0.0,0.0,0.0,0.0,2015-07-29,1,0.0,0.0,0.0,0.0,0.0
2015,8,15,6,WN,1087,N797MX,DEN,OKC,1855,1855.0,0.0,19.0,1914.0,85.0,101.0,76.0,495,2130.0,6.0,2120,2136.0,16.0,0,0,,16.0,0.0,0.0,0.0,0.0,2015-08-15,0,inf,0.0,0.0,0.0,0.0
2015,8,15,6,DL,1725,N918DL,SRQ,ATL,1431,1459.0,28.0,12.0,1511.0,100.0,88.0,68.0,444,1619.0,8.0,1611,1627.0,16.0,0,0,,0.0,0.0,3.0,4.0,9.0,2015-08-15,1,0.0,0.0,10.71,14.29,32.14
2015,7,25,6,AA,443,N649AW,PHX,IAH,1230,1226.0,-4.0,12.0,1238.0,161.0,154.0,136.0,1009,1654.0,6.0,1711,1700.0,-11.0,0,0,,0.0,0.0,0.0,0.0,0.0,2015-07-25,0,0.0,0.0,0.0,0.0,0.0
2015,7,28,2,UA,1558,N45440,IAD,SFO,1038,1033.0,-5.0,13.0,1046.0,343.0,329.0,308.0,2419,1254.0,8.0,1321,1302.0,-19.0,0,0,,0.0,0.0,0.0,0.0,0.0,2015-07-28,0,0.0,0.0,0.0,0.0,0.0
2015,8,1,6,UA,526,N415UA,SFO,DEN,1534,1529.0,-5.0,13.0,1542.0,156.0,147.0,129.0,967,1851.0,5.0,1910,1856.0,-14.0,0,0,,0.0,0.0,0.0,0.0,0.0,2015-08-01,0,0.0,0.0,0.0,0.0,0.0
2015,8,11,2,NK,821,N510NK,BWI,ATL,900,913.0,13.0,16.0,929.0,105.0,109.0,86.0,577,1055.0,7.0,1045,1102.0,17.0,0,0,,9.0,0.0,8.0,0.0,0.0,2015-08-11,0,69.23,0.0,61.54,0.0,0.0
2015,8,24,1,EV,2734,N830AS,PIB,DFW,1540,1529.0,-11.0,9.0,1538.0,100.0,84.0,70.0,462,1648.0,5.0,1720,1653.0,-27.0,0,0,,0.0,0.0,0.0,0.0,0.0,2015-08-24,0,0.0,0.0,0.0,0.0,0.0
2015,8,11,2,DL,842,N345NW,SLC,CVG,941,940.0,-1.0,23.0,1003.0,204.0,197.0,170.0,1450,1453.0,4.0,1505,1457.0,-8.0,0,0,,0.0,0.0,0.0,0.0,0.0,2015-08-11,0,0.0,0.0,0.0,0.0,0.0
2015,8,22,6,EV,4144,N14998,CHS,EWR,1643,1649.0,6.0,11.0,1700.0,121.0,107.0,89.0,628,1829.0,7.0,1844,1836.0,-8.0,0,0,,0.0,0.0,0.0,0.0,0.0,2015-08-22,0,0.0,0.0,0.0,0.0,0.0
2015,7,31,5,AA,244,N3GCAA,SNA,DFW,800,759.0,-1.0,11.0,810.0,182.0,180.0,161.0,1205,1251.0,8.0,1302,1259.0,-3.0,0,0,,0.0,0.0,0.0,0.0,0.0,2015-07-31,0,0.0,0.0,0.0,0.0,0.0
2015,7,30,4,OO,4593,N692CA,DTW,IAH,849,851.0,2.0,22.0,913.0,184.0,168.0,142.0,1075,1035.0,4.0,1053,1039.0,-14.0,0,0,,0.0,0.0,0.0,0.0,0.0,2015-07-30,0,0.0,0.0,0.0,0.0,0.0
2015,8,11,2,UA,1489,N69840,LAX,EWR,2046,2123.0,37.0,14.0,2137.0,318.0,300.0,279.0,2454,516.0,7.0,504,523.0,19.0,0,0,,0.0,0.0,9.0,10.0,0.0,2015-08-11,1,0.0,0.0,24.32,27.03,0.0
2015,7,31,5,WN,1263,N933WN,PHX,ELP,2005,2107.0,62.0,8.0,2115.0,70.0,64.0,51.0,347,2306.0,5.0,2215,2311.0,56.0,0,0,,0.0,0.0,0.0,56.0,0.0,2015-07-31,1,0.0,0.0,0.0,90.32,0.0
2015,7,28,2,F9,718,N207FR,DEN,DCA,1055,1043.0,-12.0,14.0,1057.0,200.0,212.0,194.0,1476,1611.0,4.0,1615,1615.0,0.0,0,0,,0.0,0.0,0.0,0.0,0.0,2015-07-28,0,0.0,0.0,0.0,0.0,0.0
2015,8,12,3,B6,121,N796JB,BOS,PBI,819,813.0,-6.0,17.0,830.0,189.0,197.0,174.0,1197,1124.0,6.0,1128,1130.0,2.0,0,0,,0.0,0.0,0.0,0.0,0.0,2015-08-12,0,0.0,0.0,0.0,0.0,0.0
2015,7,27,1,WN,3412,N605SW,STL,MSP,1440,1437.0,-3.0,10.0,1447.0,85.0,85.0,71.0,448,1558.0,4.0,1605,1602.0,-3.0,0,0,,0.0,0.0,0.0,0.0,0.0,2015-07-27,0,0.0,0.0,0.0,0.0,0.0
2015,8,28,5,OO,3007,N885AS,PSP,PHX,1025,1123.0,58.0,12.0,1135.0,66.0,63.0,43.0,261,1218.0,8.0,1131,1226.0,55.0,0,0,,0.0,0.0,55.0,0.0,0.0,2015-08-28,1,0.0,0.0,94.83,0.0,0.0
2015,7,30,4,B6,316,N937JB,SFO,JFK,1115,1203.0,48.0,28.0,1231.0,353.0,331.0,294.0,2586,2025.0,9.0,2008,2034.0,26.0,0,0,,26.0,0.0,0.0,0.0,0.0,2015-07-30,1,54.17,0.0,0.0,0.0,0.0
2015,7,29,3,B6,928,N608JB,MCO,EWR,1325,1321.0,-4.0,15.0,1336.0,165.0,183.0,129.0,937,1545.0,39.0,1610,1624.0,14.0,0,0,,0.0,0.0,0.0,0.0,0.0,2015-07-29,0,0.0,0.0,0.0,0.0,0.0
2015,8,12,3,AA,545,N542UW,PHX,DFW,1855,1856.0,1.0,19.0,1915.0,144.0,150.0,118.0,868,2313.0,13.0,2319,2326.0,7.0,0,0,,0.0,0.0,0.0,0.0,0.0,2015-08-12,0,0.0,0.0,0.0,0.0,0.0
2015,7,23,4,OO,2896,N955SW,RNO,LAX,1702,1652.0,-10.0,14.0,1706.0,95.0,97.0,68.0,391,1814.0,15.0,1837,1829.0,-8.0,0,0,,0.0,0.0,0.0,0.0,0.0,2015-07-23,0,0.0,0.0,0.0,0.0,0.0
2015,8,22,6,AS,83,N553AS,SEA,ANC,805,804.0,-1.0,23.0,827.0,214.0,210.0,183.0,1448,1030.0,4.0,1039,1034.0,-5.0,0,0,,0.0,0.0,0.0,0.0,0.0,2015-08-22,0,0.0,0.0,0.0,0.0,0.0
2015,8,20,4,OO,4690,N631SK,SEA,GEG,945,941.0,-4.0,21.0,1002.0,65.0,64.0,38.0,224,1040.0,5.0,1050,1045.0,-5.0,0,0,,0.0,0.0,0.0,0.0,0.0,2015-08-20,0,0.0,0.0,0.0,0.0,0.0
2015,8,12,3,B6,81,N821JB,JFK,RNO,1951,1945.0,-6.0,31.0,2016.0,377.0,355.0,320.0,2411,2236.0,4.0,2308,2240.0,-28.0,0,0,,0.0,0.0,0.0,0.0,0.0,2015-08-12,0,0.0,0.0,0.0,0.0,0.0
2015,8,6,4,DL,1182,N909DA,STL,MSP,700,650.0,-10.0,21.0,711.0,87.0,100.0,73.0,448,824.0,6.0,827,830.0,3.0,0,0,,0.0,0.0,0.0,0.0,0.0,2015-08-06,0,0.0,0.0,0.0,0.0,0.0
2015,8,15,6,DL,2841,N942AT,JFK,TPA,1130,1528.0,238.0,35.0,1603.0,171.0,182.0,145.0,1005,1828.0,2.0,1421,1830.0,249.0,0,0,,249.0,0.0,0.0,0.0,0.0,2015-08-15,1,104.62,0.0,0.0,0.0,0.0
2015,8,4,2,DL,813,N997DL,ATL,PHL,2204,2202.0,-2.0,11.0,2213.0,127.0,109.0,92.0,666,2345.0,6.0,11,2351.0,-20.0,0,0,,0.0,0.0,0.0,0.0,0.0,2015-08-04,0,0.0,0.0,0.0,0.0,0.0
2015,7,24,5,UA,410,N849UA,ATL,IAH,1848,1845.0,-3.0,12.0,1857.0,143.0,107.0,89.0,689,1926.0,6.0,2011,1932.0,-39.0,0,0,,0.0,0.0,0.0,0.0,0.0,2015-07-24,0,0.0,0.0,0.0,0.0,0.0
2015,8,8,6,AA,1622,N5EGAA,BOS,DFW,615,616.0,1.0,12.0,628.0,250.0,221.0,196.0,1562,844.0,13.0,925,857.0,-28.0,0,0,,0.0,0.0,0.0,0.0,0.0,2015-08-08,0,0.0,0.0,0.0,0.0,0.0
2015,8,2,7,EV,4611,N16170,ORD,CID,1026,1037.0,11.0,24.0,1101.0,63.0,68.0,37.0,196,1138.0,7.0,1129,1145.0,16.0,0,0,,5.0,0.0,11.0,0.0,0.0,2015-08-02,0,45.45,0.0,100.0,0.0,0.0
2015,8,17,1,AA,1083,N3KDAA,SLC,DFW,600,600.0,0.0,12.0,612.0,159.0,141.0,120.0,989,912.0,9.0,939,921.0,-18.0,0,0,,0.0,0.0,0.0,0.0,0.0,2015-08-17,0,0.0,0.0,0.0,0.0,0.0
2015,8,17,1,OO,6208,N494CA,DEN,MOT,1435,1501.0,26.0,25.0,1526.0,110.0,110.0,81.0,604,1747.0,4.0,1725,1751.0,26.0,0,0,,0.0,0.0,0.0,26.0,0.0,2015-08-17,1,0.0,0.0,0.0,100.0,0.0
2015,7,28,2,MQ,3410,N617MQ,ORD,TOL,1645,1652.0,7.0,20.0,1712.0,67.0,55.0,33.0,213,1845.0,2.0,1852,1847.0,-5.0,0,0,,0.0,0.0,0.0,0.0,0.0,2015-07-28,0,0.0,0.0,0.0,0.0,0.0
2015,8,13,4,AA,398,N3LWAA,ORD,LGA,630,626.0,-4.0,8.0,634.0,123.0,119.0,97.0,733,911.0,14.0,933,925.0,-8.0,0,0,,0.0,0.0,0.0,0.0,0.0,2015-08-13,0,0.0,0.0,0.0,0.0,0.0
2015,8,18,2,OO,2870,N495CA,FAT,LAX,1051,1158.0,67.0,15.0,1213.0,73.0,64.0,40.0,209,1253.0,9.0,1204,1302.0,58.0,0,0,,0.0,0.0,58.0,0.0,0.0,2015-08-18,1,0.0,0.0,86.57,0.0,0.0
2015,8,8,6,WN,1865,N272WN,PHX,RNO,1645,1641.0,-4.0,7.0,1648.0,100.0,94.0,83.0,601,1811.0,4.0,1825,1815.0,-10.0,0,0,,0.0,0.0,0.0,0.0,0.0,2015-08-08,0,0.0,0.0,0.0,0.0,0.0
2015,8,6,4,AA,1277,N3LJAA,CLT,MIA,2220,2224.0,4.0,14.0,2238.0,119.0,106.0,86.0,650,4.0,6.0,19,10.0,-9.0,0,0,,0.0,0.0,0.0,0.0,0.0,2015-08-06,0,0.0,0.0,0.0,0.0,0.0
2015,8,12,3,AA,574,N659AW,PDX,PHX,1115,1110.0,-5.0,13.0,1123.0,154.0,159.0,141.0,1009,1344.0,5.0,1349,1349.0,0.0,0,0,,0.0,0.0,0.0,0.0,0.0,2015-08-12,0,0.0,0.0,0.0,0.0,0.0
2015,8,29,6,WN,4623,N759GS,MCI,LAS,1500,1457.0,-3.0,9.0,1506.0,185.0,155.0,141.0,1139,1527.0,5.0,1605,1532.0,-33.0,0,0,,0.0,0.0,0.0,0.0,0.0,2015-08-29,0,0.0,0.0,0.0,0.0,0.0
2015,8,28,5,F9,904,N954FR,FLL,TTN,1000,1006.0,6.0,13.0,1019.0,165.0,154.0,135.0,1026,1234.0,6.0,1245,1240.0,-5.0,0,0,,0.0,0.0,0.0,0.0,0.0,2015-08-28,0,0.0,0.0,0.0,0.0,0.0
2015,8,19,3,DL,1979,N3742C,LAS,DTW,2315,2323.0,8.0,14.0,2337.0,235.0,221.0,197.0,1749,554.0,10.0,610,604.0,-6.0,0,0,,0.0,0.0,0.0,0.0,0.0,2015-08-19,0,0.0,0.0,0.0,0.0,0.0
2015,8,7,5,UA,1142,N73276,EWR,BOS,650,749.0,59.0,12.0,801.0,76.0,55.0,35.0,200,836.0,8.0,806,844.0,38.0,0,0,,0.0,0.0,38.0,0.0,0.0,2015-08-07,1,0.0,0.0,64.41,0.0,0.0
2015,8,6,4,UA,1072,N36247,EWR,DFW,1851,1918.0,27.0,19.0,1937.0,226.0,205.0,181.0,1372,2138.0,5.0,2137,2143.0,6.0,0,0,,0.0,0.0,0.0,0.0,0.0,2015-08-06,1,0.0,0.0,0.0,0.0,0.0
2015,8,5,3,HA,9,N383HA,LAX,HNL,1800,1803.0,3.0,13.0,1816.0,360.0,360.0,338.0,2556,2054.0,9.0,2100,2103.0,3.0,0,0,,0.0,0.0,0.0,0.0,0.0,2015-08-05,0,0.0,0.0,0.0,0.0,0.0
2015,8,28,5,DL,1968,N333NB,GRB,DTW,1632,1622.0,-10.0,12.0,1634.0,81.0,67.0,47.0,287,1821.0,8.0,1853,1829.0,-24.0,0,0,,0.0,0.0,0.0,0.0,0.0,2015-08-28,0,0.0,0.0,0.0,0.0,0.0
2015,8,4,2,NK,708,N523NK,MSP,ORD,1133,1229.0,56.0,17.0,1246.0,86.0,84.0,51.0,334,1337.0,16.0,1259,1353.0,54.0,0,0,,0.0,0.0,0.0,54.0,0.0,2015-08-04,1,0.0,0.0,0.0,96.43,0.0
2015,8,30,7,AA,1883,N124US,PHL,TPA,1800,1755.0,-5.0,34.0,1829.0,169.0,212.0,175.0,920,2124.0,3.0,2049,2127.0,38.0,0,0,,38.0,0.0,0.0,0.0,0.0,2015-08-30,0,-760.0,-0.0,-0.0,-0.0,-0.0
2015,8,15,6,NK,640,N521NK,LAS,BOS,2321,2318.0,-3.0,22.0,2340.0,313.0,321.0,291.0,2381,731.0,8.0,734,739.0,5.0,0,0,,0.0,0.0,0.0,0.0,0.0,2015-08-15,0,0.0,0.0,0.0,0.0,0.0
2015,8,2,7,UA,1028,N12238,ORD,DCA,2050,2142.0,52.0,28.0,2210.0,117.0,109.0,77.0,612,27.0,4.0,2347,31.0,44.0,0,0,,0.0,0.0,44.0,0.0,0.0,2015-08-02,1,0.0,0.0,84.62,0.0,0.0
2015,7,26,7,DL,2110,N929DL,DFW,ATL,1325,1319.0,-6.0,11.0,1330.0,137.0,119.0,98.0,731,1608.0,10.0,1642,1618.0,-24.0,0,0,,0.0,0.0,0.0,0.0,0.0,2015-07-26,0,0.0,0.0,0.0,0.0,0.0
2015,7,26,7,B6,574,N585JB,TPA,EWR,1948,1945.0,-3.0,14.0,1959.0,161.0,158.0,138.0,997,2217.0,6.0,2229,2223.0,-6.0,0,0,,0.0,0.0,0.0,0.0,0.0,2015-07-26,0,0.0,0.0,0.0,0.0,0.0
2015,8,30,7,WN,2103,N275WN,SFO,SNA,1230,1227.0,-3.0,7.0,1234.0,85.0,73.0,62.0,372,1336.0,4.0,1355,1340.0,-15.0,0,0,,0.0,0.0,0.0,0.0,0.0,2015-08-30,0,0.0,0.0,0.0,0.0,0.0
2015,7,29,3,DL,2144,N967AT,DTW,DCA,1725,1836.0,71.0,23.0,1859.0,87.0,89.0,60.0,405,1959.0,6.0,1852,2005.0,73.0,0,0,,49.0,0.0,0.0,24.0,0.0,2015-07-29,1,69.01,0.0,0.0,33.8,0.0
2015,8,9,7,WN,1098,N455WN,DCA,MKE,2055,2310.0,135.0,11.0,2321.0,120.0,114.0,99.0,634,2400.0,4.0,2155,4.0,129.0,0,0,,0.0,0.0,4.0,125.0,0.0,2015-08-09,1,0.0,0.0,2.96,92.59,0.0
2015,8,1,6,B6,398,N559JB,MCO,LGA,1401,1745.0,224.0,29.0,1814.0,162.0,163.0,129.0,950,2023.0,5.0,1643,2028.0,225.0,0,0,,1.0,0.0,224.0,0.0,0.0,2015-08-01,1,0.45,0.0,100.0,0.0,0.0
2015,8,13,4,F9,702,N905FR,DEN,MSY,1255,1247.0,-8.0,12.0,1259.0,151.0,142.0,126.0,1062,1605.0,4.0,1626,1609.0,-17.0,0,0,,0.0,0.0,0.0,0.0,0.0,2015-08-13,0,0.0,0.0,0.0,0.0,0.0
2015,8,5,3,EV,4451,N16911,IAH,ECP,1151,1150.0,-1.0,10.0,1200.0,115.0,100.0,86.0,572,1326.0,4.0,1346,1330.0,-16.0,0,0,,0.0,0.0,0.0,0.0,0.0,2015-08-05,0,0.0,0.0,0.0,0.0,0.0
2015,8,20,4,WN,759,N360SW,HRL,HOU,1725,1759.0,34.0,10.0,1809.0,65.0,61.0,42.0,277,1851.0,9.0,1830,1900.0,30.0,0,0,,0.0,0.0,0.0,30.0,0.0,2015-08-20,1,0.0,0.0,0.0,88.24,0.0
2015,7,26,7,WN,4121,N943WN,PDX,DEN,1200,1202.0,2.0,10.0,1212.0,145.0,140.0,123.0,991,1515.0,7.0,1525,1522.0,-3.0,0,0,,0.0,0.0,0.0,0.0,0.0,2015-07-26,0,0.0,0.0,0.0,0.0,0.0
2015,8,9,7,AS,412,N513AS,SEA,PDX,630,632.0,2.0,14.0,646.0,53.0,44.0,27.0,129,713.0,3.0,723,716.0,-7.0,0,0,,0.0,0.0,0.0,0.0,0.0,2015-08-09,0,0.0,0.0,0.0,0.0,0.0
2015,8,30,7,DL,1701,N664DN,ATL,LAS,1355,1353.0,-2.0,19.0,1412.0,255.0,242.0,219.0,1747,1451.0,4.0,1510,1455.0,-15.0,0,0,,0.0,0.0,0.0,0.0,0.0,2015-08-30,0,0.0,0.0,0.0,0.0,0.0
2015,8,24,1,AS,61,N796AS,JNU,YAK,1000,958.0,-2.0,11.0,1009.0,55.0,46.0,32.0,199,1041.0,3.0,1055,1044.0,-11.0,0,0,,0.0,0.0,0.0,0.0,0.0,2015-08-24,0,0.0,0.0,0.0,0.0,0.0
2015,7,24,5,MQ,3547,N648MQ,GRB,ORD,1004,957.0,-7.0,9.0,1006.0,61.0,50.0,33.0,173,1039.0,8.0,1105,1047.0,-18.0,0,0,,0.0,0.0,0.0,0.0,0.0,2015-07-24,0,0.0,0.0,0.0,0.0,0.0
2015,8,23,7,WN,485,N633SW,SAN,PHX,645,644.0,-1.0,11.0,655.0,75.0,65.0,49.0,304,744.0,5.0,800,749.0,-11.0,0,0,,0.0,0.0,0.0,0.0,0.0,2015-08-23,0,0.0,0.0,0.0,0.0,0.0
2015,8,7,5,WN,314,N917WN,BWI,DEN,2105,2158.0,53.0,16.0,2214.0,240.0,230.0,207.0,1491,2341.0,7.0,2305,2348.0,43.0,0,0,,0.0,0.0,43.0,0.0,0.0,2015-08-07,1,0.0,0.0,81.13,0.0,0.0
2015,7,22,3,WN,4462,N640SW,MSY,DAL,2105,2100.0,-5.0,6.0,2106.0,80.0,77.0,62.0,436,2208.0,9.0,2225,2217.0,-8.0,0,0,,0.0,0.0,0.0,0.0,0.0,2015-07-22,0,0.0,0.0,0.0,0.0,0.0
2015,8,5,3,F9,1083,N207FR,IAD,MSP,1500,1500.0,0.0,12.0,1512.0,158.0,149.0,130.0,908,1622.0,7.0,1638,1629.0,-9.0,0,0,,0.0,0.0,0.0,0.0,0.0,2015-08-05,0,0.0,0.0,0.0,0.0,0.0
2015,8,10,1,OO,7384,N459SW,SLC,CPR,2005,2001.0,-4.0,10.0,2011.0,69.0,57.0,44.0,320,2055.0,3.0,2114,2058.0,-16.0,0,0,,0.0,0.0,0.0,0.0,0.0,2015-08-10,0,0.0,0.0,0.0,0.0,0.0
2015,8,26,3,AS,4,N516AS,SEA,DCA,800,758.0,-2.0,25.0,823.0,304.0,295.0,268.0,2329,1551.0,2.0,1604,1553.0,-11.0,0,0,,0.0,0.0,0.0,0.0,0.0,2015-08-26,0,0.0,0.0,0.0,0.0,0.0
2015,8,7,5,WN,1515,N7727A,DCA,MDW,1355,1352.0,-3.0,11.0,1403.0,125.0,105.0,89.0,601,1432.0,5.0,1500,1437.0,-23.0,0,0,,0.0,0.0,0.0,0.0,0.0,2015-08-07,0,0.0,0.0,0.0,0.0,0.0
2015,8,4,2,EV,5281,N758EV,VPS,ATL,914,909.0,-5.0,9.0,918.0,75.0,64.0,47.0,250,1105.0,8.0,1129,1113.0,-16.0,0,0,,0.0,0.0,0.0,0.0,0.0,2015-08-04,0,0.0,0.0,0.0,0.0,0.0
2015,8,14,5,AA,1221,N028AA,AUS,DFW,1845,1838.0,-7.0,12.0,1850.0,77.0,52.0,36.0,190,1926.0,4.0,2002,1930.0,-32.0,0,0,,0.0,0.0,0.0,0.0,0.0,2015-08-14,0,0.0,0.0,0.0,0.0,0.0
2015,8,7,5,OO,2876,N862AS,LAX,SAN,1240,1246.0,6.0,12.0,1258.0,55.0,44.0,29.0,109,1327.0,3.0,1335,1330.0,-5.0,0,0,,0.0,0.0,0.0,0.0,0.0,2015-08-07,0,0.0,0.0,0.0,0.0,0.0
2015,7,27,1,WN,2501,N8622A,DEN,MDW,1345,1341.0,-4.0,9.0,1350.0,135.0,127.0,114.0,895,1644.0,4.0,1700,1648.0,-12.0,0,0,,0.0,0.0,0.0,0.0,0.0,2015-07-27,0,0.0,0.0,0.0,0.0,0.0
2015,8,21,5,EV,4178,N26141,RDU,IAH,1435,1621.0,106.0,19.0,1640.0,177.0,189.0,161.0,1042,1821.0,9.0,1632,1830.0,118.0,0,0,,12.0,0.0,37.0,69.0,0.0,2015-08-21,1,11.32,0.0,34.91,65.09,0.0
2015,8,27,4,DL,1192,N920AT,MYR,ATL,1141,1133.0,-8.0,17.0,1150.0,77.0,86.0,57.0,317,1247.0,12.0,1258,1259.0,1.0,0,0,,0.0,0.0,0.0,0.0,0.0,2015-08-27,0,0.0,0.0,0.0,0.0,0.0
2015,8,25,2,WN,2516,N276WN,HOU,LAX,1535,1640.0,65.0,7.0,1647.0,210.0,191.0,175.0,1390,1742.0,9.0,1705,1751.0,46.0,0,0,,0.0,0.0,13.0,33.0,0.0,2015-08-25,1,0.0,0.0,20.0,50.77,0.0
2015,8,21,5,DL,1694,N891AT,ORD,ATL,1010,1007.0,-3.0,11.0,1018.0,118.0,107.0,91.0,606,1249.0,5.0,1308,1254.0,-14.0,0,0,,0.0,0.0,0.0,0.0,0.0,2015-08-21,0,0.0,0.0,0.0,0.0,0.0
2015,7,29,3,OO,4845,N820SK,LAX,SAN,1835,1909.0,34.0,23.0,1932.0,59.0,56.0,29.0,109,2001.0,4.0,1934,2005.0,31.0,0,0,,0.0,0.0,0.0,31.0,0.0,2015-07-29,1,0.0,0.0,0.0,91.18,0.0
2015,8,14,5,UA,1131,N76516,ORD,IAD,1927,1927.0,0.0,22.0,1949.0,118.0,111.0,83.0,589,2212.0,6.0,2225,2218.0,-7.0,0,0,,0.0,0.0,0.0,0.0,0.0,2015-08-14,0,0.0,0.0,0.0,0.0,0.0
2015,8,8,6,WN,1407,N704SW,OAK,LAX,1700,1741.0,41.0,12.0,1753.0,80.0,77.0,58.0,337,1851.0,7.0,1820,1858.0,38.0,0,0,,0.0,0.0,0.0,38.0,0.0,2015-08-08,1,0.0,0.0,0.0,92.68,0.0
2015,8,24,1,DL,2454,N341NB,JFK,MSP,1625,1709.0,44.0,38.0,1747.0,202.0,201.0,159.0,1029,1926.0,4.0,1847,1930.0,43.0,0,0,,43.0,0.0,0.0,0.0,0.0,2015-08-24,1,97.73,0.0,0.0,0.0,0.0
2015,7,29,3,WN,2593,N438WN,DTW,ATL,655,653.0,-2.0,9.0,702.0,115.0,107.0,82.0,594,824.0,16.0,850,840.0,-10.0,0,0,,0.0,0.0,0.0,0.0,0.0,2015-07-29,0,0.0,0.0,0.0,0.0,0.0
2015,8,11,2,AA,2061,N708UW,TPA,CLT,510,506.0,-4.0,10.0,516.0,95.0,91.0,76.0,507,632.0,5.0,645,637.0,-8.0,0,0,,0.0,0.0,0.0,0.0,0.0,2015-08-11,0,0.0,0.0,0.0,0.0,0.0
2015,7,24,5,B6,972,N598JB,FLL,LGA,721,711.0,-10.0,11.0,722.0,166.0,152.0,137.0,1076,939.0,4.0,1007,943.0,-24.0,0,0,,0.0,0.0,0.0,0.0,0.0,2015-07-24,0,0.0,0.0,0.0,0.0,0.0
2015,8,14,5,HA,516,N476HA,HNL,OGG,2149,2139.0,-10.0,11.0,2150.0,36.0,38.0,22.0,100,2212.0,5.0,2225,2217.0,-8.0,0,0,,0.0,0.0,0.0,0.0,0.0,2015-08-14,0,0.0,0.0,0.0,0.0,0.0
2015,8,2,7,WN,4550,N751SW,BUR,LAS,1120,1116.0,-4.0,11.0,1127.0,60.0,57.0,40.0,223,1207.0,6.0,1220,1213.0,-7.0,0,0,,0.0,0.0,0.0,0.0,0.0,2015-08-02,0,0.0,0.0,0.0,0.0,0.0
2015,8,27,4,DL,1941,N959DL,MHT,ATL,640,643.0,3.0,22.0,705.0,173.0,184.0,155.0,952,940.0,7.0,933,947.0,14.0,0,0,,0.0,0.0,0.0,0.0,0.0,2015-08-27,0,0.0,0.0,0.0,0.0,0.0
2015,8,10,1,B6,1307,N266JB,JFK,IAD,727,722.0,-5.0,29.0,751.0,79.0,73.0,41.0,228,832.0,3.0,846,835.0,-11.0,0,0,,0.0,0.0,0.0,0.0,0.0,2015-08-10,0,0.0,0.0,0.0,0.0,0.0
2015,8,14,5,DL,1767,N907DL,ATL,FNT,934,943.0,9.0,9.0,952.0,110.0,108.0,95.0,645,1127.0,4.0,1124,1131.0,7.0,0,0,,0.0,0.0,0.0,0.0,0.0,2015-08-14,0,0.0,0.0,0.0,0.0,0.0
2015,7,22,3,HA,466,N592HA,PPG,HNL,2320,2315.0,-5.0,9.0,2324.0,320.0,329.0,313.0,2599,537.0,7.0,540,544.0,4.0,0,0,,0.0,0.0,0.0,0.0,0.0,2015-07-22,0,0.0,0.0,0.0,0.0,0.0
2015,8,4,2,UA,248,N846UA,ORD,PIT,1840,2009.0,89.0,12.0,2021.0,95.0,74.0,57.0,413,2218.0,5.0,2115,2223.0,68.0,0,0,,0.0,0.0,1.0,67.0,0.0,2015-08-04,1,0.0,0.0,1.12,75.28,0.0
2015,8,10,1,WN,2918,N413WN,SJC,SNA,815,809.0,-6.0,8.0,817.0,75.0,72.0,60.0,342,917.0,4.0,930,921.0,-9.0,0,0,,0.0,0.0,0.0,0.0,0.0,2015-08-10,0,0.0,0.0,0.0,0.0,0.0
2015,7,26,7,WN,3327,N904WN,ATL,MSY,1525,1526.0,1.0,12.0,1538.0,100.0,75.0,60.0,425,1538.0,3.0,1605,1541.0,-24.0,0,0,,0.0,0.0,0.0,0.0,0.0,2015-07-26,0,0.0,0.0,0.0,0.0,0.0
2015,8,9,7,WN,458,N249WN,BHM,BWI,620,615.0,-5.0,7.0,622.0,115.0,124.0,103.0,682,905.0,14.0,915,919.0,4.0,0,0,,0.0,0.0,0.0,0.0,0.0,2015-08-09,0,0.0,0.0,0.0,0.0,0.0
2015,8,10,1,EV,4594,N18556,LIT,IAH,1502,1455.0,-7.0,12.0,1507.0,93.0,84.0,62.0,374,1609.0,10.0,1635,1619.0,-16.0,0,0,,0.0,0.0,0.0,0.0,0.0,2015-08-10,0,0.0,0.0,0.0,0.0,0.0
2015,8,12,3,AA,1703,N199UW,CLT,DFW,610,608.0,-2.0,12.0,620.0,154.0,151.0,128.0,936,728.0,11.0,744,739.0,-5.0,0,0,,0.0,0.0,0.0,0.0,0.0,2015-08-12,0,0.0,0.0,0.0,0.0,0.0
2015,8,19,3,WN,49,N445WN,BWI,MEM,1420,1421.0,1.0,13.0,1434.0,150.0,129.0,111.0,787,1525.0,5.0,1550,1530.0,-20.0,0,0,,0.0,0.0,0.0,0.0,0.0,2015-08-19,0,0.0,0.0,0.0,0.0,0.0
2015,8,22,6,B6,326,N569JB,TPA,JFK,840,940.0,60.0,10.0,950.0,166.0,156.0,132.0,1005,1202.0,14.0,1126,1216.0,50.0,0,0,,0.0,0.0,50.0,0.0,0.0,2015-08-22,1,0.0,0.0,83.33,0.0,0.0
2015,7,27,1,EV,5472,N924EV,SHV,ATL,730,725.0,-5.0,8.0,733.0,105.0,102.0,85.0,551,958.0,9.0,1015,1007.0,-8.0,0,0,,0.0,0.0,0.0,0.0,0.0,2015-07-27,0,0.0,0.0,0.0,0.0,0.0
2015,8,9,7,B6,2092,N197JB,ACK,JFK,1644,2001.0,197.0,18.0,2019.0,76.0,74.0,50.0,199,2109.0,6.0,1800,2115.0,195.0,0,0,,0.0,0.0,9.0,186.0,0.0,2015-08-09,1,0.0,0.0,4.57,94.42,0.0
2015,8,11,2,UA,1690,N24729,EWR,RDU,1442,1625.0,103.0,26.0,1651.0,96.0,95.0,64.0,416,1755.0,5.0,1618,1800.0,102.0,0,0,,0.0,0.0,22.0,80.0,0.0,2015-08-11,1,0.0,0.0,21.36,77.67,0.0
2015,8,9,7,DL,2489,N967AT,PHL,DTW,550,547.0,-3.0,8.0,555.0,94.0,84.0,70.0,453,705.0,6.0,724,711.0,-13.0,0,0,,0.0,0.0,0.0,0.0,0.0,2015-08-09,0,0.0,0.0,0.0,0.0,0.0
2015,8,1,6,UA,276,N449UA,SFO,EWR,701,655.0,-6.0,20.0,715.0,328.0,342.0,302.0,2565,1517.0,20.0,1529,1537.0,8.0,0,0,,0.0,0.0,0.0,0.0,0.0,2015-08-01,0,0.0,0.0,0.0,0.0,0.0
2015,8,21,5,WN,481,N246LV,BNA,LAS,630,627.0,-3.0,11.0,638.0,240.0,231.0,216.0,1587,814.0,4.0,830,818.0,-12.0,0,0,,0.0,0.0,0.0,0.0,0.0,2015-08-21,0,0.0,0.0,0.0,0.0,0.0
2015,8,2,7,AA,10,N794AA,LAX,JFK,2155,2146.0,-9.0,14.0,2200.0,334.0,307.0,284.0,2475,544.0,9.0,629,553.0,-36.0,0,0,,0.0,0.0,0.0,0.0,0.0,2015-08-02,0,0.0,0.0,0.0,0.0,0.0
2015,8,5,3,B6,1013,N655JB,JFK,LGB,1823,1820.0,-3.0,18.0,1838.0,371.0,354.0,333.0,2465,2111.0,3.0,2134,2114.0,-20.0,0,0,,0.0,0.0,0.0,0.0,0.0,2015-08-05,0,0.0,0.0,0.0,0.0,0.0
2015,8,12,3,DL,817,N360NW,BIL,SLC,630,628.0,-2.0,15.0,643.0,77.0,78.0,59.0,387,742.0,4.0,747,746.0,-1.0,0,0,,0.0,0.0,0.0,0.0,0.0,2015-08-12,0,0.0,0.0,0.0,0.0,0.0
2015,7,31,5,OO,5592,N693BR,CPR,DEN,604,556.0,-8.0,16.0,612.0,62.0,61.0,37.0,230,649.0,8.0,706,657.0,-9.0,0,0,,0.0,0.0,0.0,0.0,0.0,2015-07-31,0,0.0,0.0,0.0,0.0,0.0
2015,8,26,3,F9,326,N906FR,MSP,PHL,940,933.0,-7.0,12.0,945.0,150.0,145.0,127.0,980,1252.0,6.0,1310,1258.0,-12.0,0,0,,0.0,0.0,0.0,0.0,0.0,2015-08-26,0,0.0,0.0,0.0,0.0,0.0
2015,7,29,3,WN,3228,N956WN,ONT,PHX,1735,1743.0,8.0,7.0,1750.0,75.0,69.0,55.0,325,1845.0,7.0,1850,1852.0,2.0,0,0,,0.0,0.0,0.0,0.0,0.0,2015-07-29,0,0.0,0.0,0.0,0.0,0.0
2015,8,8,6,DL,826,N945DN,ATL,CLT,1625,1619.0,-6.0,14.0,1633.0,77.0,58.0,36.0,226,1709.0,8.0,1742,1717.0,-25.0,0,0,,0.0,0.0,0.0,0.0,0.0,2015-08-08,0,0.0,0.0,0.0,0.0,0.0
2015,8,17,1,EV,5056,N849AS,ATL,SHV,815,810.0,-5.0,21.0,831.0,105.0,114.0,89.0,551,900.0,4.0,900,904.0,4.0,0,0,,0.0,0.0,0.0,0.0,0.0,2015-08-17,0,0.0,0.0,0.0,0.0,0.0
2015,8,27,4,WN,2493,N460WN,PHX,SEA,705,707.0,2.0,10.0,717.0,180.0,171.0,154.0,1107,951.0,7.0,1005,958.0,-7.0,0,0,,0.0,0.0,0.0,0.0,0.0,2015-08-27,0,0.0,0.0,0.0,0.0,0.0
2015,8,28,5,UA,659,N442UA,SAT,IAH,600,550.0,-10.0,13.0,603.0,60.0,52.0,32.0,191,635.0,7.0,700,642.0,-18.0,0,0,,0.0,0.0,0.0,0.0,0.0,2015-08-28,0,0.0,0.0,0.0,0.0,0.0
2015,7,26,7,OO,7388,N915EV,SLC,EKO,2000,1955.0,-5.0,12.0,2007.0,52.0,48.0,32.0,200,1939.0,4.0,1952,1943.0,-9.0,0,0,,0.0,0.0,0.0,0.0,0.0,2015-07-26,0,0.0,0.0,0.0,0.0,0.0
2015,8,11,2,EV,4933,N925EV,CHA,ATL,700,654.0,-6.0,12.0,706.0,46.0,46.0,28.0,106,734.0,6.0,746,740.0,-6.0,0,0,,0.0,0.0,0.0,0.0,0.0,2015-08-11,0,0.0,0.0,0.0,0.0,0.0
2015,8,25,2,DL,2357,N921DL,DTW,MKE,1200,1217.0,17.0,25.0,1242.0,75.0,70.0,40.0,237,1222.0,5.0,1215,1227.0,12.0,0,0,,0.0,0.0,0.0,0.0,0.0,2015-08-25,1,0.0,0.0,0.0,0.0,0.0
2015,7,23,4,WN,306,N368SW,LAS,TUS,1930,2015.0,45.0,12.0,2027.0,75.0,68.0,52.0,365,2119.0,4.0,2045,2123.0,38.0,0,0,,0.0,0.0,0.0,38.0,0.0,2015-07-23,1,0.0,0.0,0.0,84.44,0.0
2015,8,19,3,AA,1839,N805AW,MSP,PHL,700,657.0,-3.0,12.0,709.0,151.0,152.0,126.0,980,1015.0,14.0,1031,1029.0,-2.0,0,0,,0.0,0.0,0.0,0.0,0.0,2015-08-19,0,0.0,0.0,0.0,0.0,0.0
2015,8,24,1,DL,2293,N302NB,ATL,ELP,1941,1941.0,0.0,17.0,1958.0,195.0,181.0,160.0,1282,2038.0,4.0,2056,2042.0,-14.0,0,0,,0.0,0.0,0.0,0.0,0.0,2015-08-24,0,0.0,0.0,0.0,0.0,0.0
2015,8,12,3,AA,259,N3EFAA,DFW,SFO,1105,1059.0,-6.0,20.0,1119.0,225.0,210.0,186.0,1464,1225.0,4.0,1250,1229.0,-21.0,0,0,,0.0,0.0,0.0,0.0,0.0,2015-08-12,0,0.0,0.0,0.0,0.0,0.0
2015,8,5,3,UA,1987,N17719,MSP,DEN,600,558.0,-2.0,16.0,614.0,129.0,120.0,94.0,680,648.0,10.0,709,658.0,-11.0,0,0,,0.0,0.0,0.0,0.0,0.0,2015-08-05,0,0.0,0.0,0.0,0.0,0.0
2015,8,3,1,EV,5523,N181PQ,GRB,ATL,600,557.0,-3.0,8.0,605.0,124.0,120.0,104.0,774,849.0,8.0,904,857.0,-7.0,0,0,,0.0,0.0,0.0,0.0,0.0,2015-08-03,0,0.0,0.0,0.0,0.0,0.0
2015,7,23,4,WN,845,N205WN,MSY,MCI,2200,2155.0,-5.0,7.0,2202.0,115.0,105.0,94.0,689,2336.0,4.0,2355,2340.0,-15.0,0,0,,0.0,0.0,0.0,0.0,0.0,2015-07-23,0,0.0,0.0,0.0,0.0,0.0
2015,8,21,5,DL,52,N324US,DTW,MSP,845,842.0,-3.0,14.0,856.0,111.0,101.0,83.0,528,919.0,4.0,936,923.0,-13.0,0,0,,0.0,0.0,0.0,0.0,0.0,2015-08-21,0,0.0,0.0,0.0,0.0,0.0
2015,8,19,3,AA,1102,N434AA,AUS,DFW,505,458.0,-7.0,10.0,508.0,62.0,51.0,38.0,190,546.0,3.0,607,549.0,-18.0,0,0,,0.0,0.0,0.0,0.0,0.0,2015-08-19,0,0.0,0.0,0.0,0.0,0.0
2015,8,22,6,OO,5547,N701SK,SMF,LAX,1352,1407.0,15.0,14.0,1421.0,90.0,87.0,65.0,373,1526.0,8.0,1522,1534.0,12.0,0,0,,0.0,0.0,0.0,0.0,0.0,2015-08-22,0,0.0,0.0,0.0,0.0,0.0
2015,8,4,2,WN,1321,N740SW,SNA,LAS,1050,1050.0,0.0,11.0,1101.0,60.0,61.0,44.0,226,1145.0,6.0,1150,1151.0,1.0,0,0,,0.0,0.0,0.0,0.0,0.0,2015-08-04,0,0.0,0.0,0.0,0.0,0.0
2015,7,27,1,MQ,3530,N527MQ,ORD,DSM,2155,2152.0,-3.0,15.0,2207.0,78.0,66.0,45.0,299,2252.0,6.0,2313,2258.0,-15.0,0,0,,0.0,0.0,0.0,0.0,0.0,2015-07-27,0,0.0,0.0,0.0,0.0,0.0
2015,8,4,2,AA,1218,N027AA,MIA,IAH,710,707.0,-3.0,23.0,730.0,163.0,159.0,128.0,964,838.0,8.0,853,846.0,-7.0,0,0,,0.0,0.0,0.0,0.0,0.0,2015-08-04,0,0.0,0.0,0.0,0.0,0.0
2015,7,28,2,AA,359,N3FTAA,LGA,ORD,1920,2034.0,74.0,32.0,2106.0,159.0,159.0,112.0,733,2158.0,15.0,2059,2213.0,74.0,0,0,,0.0,0.0,0.0,74.0,0.0,2015-07-28,1,0.0,0.0,0.0,100.0,0.0
2015,8,13,4,B6,553,N589JB,JFK,PBI,1359,1402.0,3.0,24.0,1426.0,180.0,234.0,164.0,1028,1710.0,46.0,1659,1756.0,57.0,0,0,,54.0,0.0,3.0,0.0,0.0,2015-08-13,0,1800.0,0.0,100.0,0.0,0.0
2015,8,22,6,AA,1433,N4WLAA,SAT,DFW,700,652.0,-8.0,13.0,705.0,75.0,69.0,51.0,247,756.0,5.0,815,801.0,-14.0,0,0,,0.0,0.0,0.0,0.0,0.0,2015-08-22,0,0.0,0.0,0.0,0.0,0.0
2015,8,29,6,DL,2205,N371NW,MSP,JFK,1112,1108.0,-4.0,13.0,1121.0,167.0,156.0,131.0,1029,1432.0,12.0,1459,1444.0,-15.0,0,0,,0.0,0.0,0.0,0.0,0.0,2015-08-29,0,0.0,0.0,0.0,0.0,0.0
2015,8,6,4,WN,2254,N483WN,SAN,OAK,1500,1509.0,9.0,9.0,1518.0,85.0,74.0,60.0,446,1618.0,5.0,1625,1623.0,-2.0,0,0,,0.0,0.0,0.0,0.0,0.0,2015-08-06,0,0.0,0.0,0.0,0.0,0.0
2015,8,3,1,WN,691,N450WN,DEN,OKC,1140,1258.0,78.0,9.0,1307.0,90.0,82.0,69.0,495,1516.0,4.0,1410,1520.0,70.0,0,0,,0.0,0.0,4.0,66.0,0.0,2015-08-03,1,0.0,0.0,5.13,84.62,0.0
2015,8,14,5,AA,1313,N200AA,ORD,EWR,1927,1921.0,-6.0,12.0,1933.0,123.0,119.0,101.0,719,2214.0,6.0,2230,2220.0,-10.0,0,0,,0.0,0.0,0.0,0.0,0.0,2015-08-14,0,0.0,0.0,0.0,0.0,0.0
2015,8,12,3,WN,1128,N563WN,SJC,SAN,800,756.0,-4.0,9.0,805.0,80.0,79.0,66.0,417,911.0,4.0,920,915.0,-5.0,0,0,,0.0,0.0,0.0,0.0,0.0,2015-08-12,0,0.0,0.0,0.0,0.0,0.0
2015,8,9,7,EV,5034,N922EV,VLD,ATL,1154,1149.0,-5.0,15.0,1204.0,63.0,72.0,48.0,208,1252.0,9.0,1257,1301.0,4.0,0,0,,0.0,0.0,0.0,0.0,0.0,2015-08-09,0,0.0,0.0,0.0,0.0,0.0
2015,8,22,6,WN,3598,N527SW,HOU,DAL,1430,1425.0,-5.0,8.0,1433.0,60.0,65.0,27.0,239,1500.0,30.0,1530,1530.0,0.0,0,0,,0.0,0.0,0.0,0.0,0.0,2015-08-22,0,0.0,0.0,0.0,0.0,0.0
2015,8,20,4,B6,1521,N625JB,PDX,LGB,1357,1403.0,6.0,19.0,1422.0,142.0,134.0,113.0,846,1615.0,2.0,1619,1617.0,-2.0,0,0,,0.0,0.0,0.0,0.0,0.0,2015-08-20,0,0.0,0.0,0.0,0.0,0.0
2015,8,2,7,WN,1495,N511SW,MAF,DAL,1645,1644.0,-1.0,11.0,1655.0,70.0,65.0,50.0,319,1745.0,4.0,1755,1749.0,-6.0,0,0,,0.0,0.0,0.0,0.0,0.0,2015-08-02,0,0.0,0.0,0.0,0.0,0.0
2015,8,4,2,DL,730,N341NW,BOS,ATL,955,953.0,-2.0,29.0,1022.0,167.0,170.0,136.0,946,1238.0,5.0,1242,1243.0,1.0,0,0,,0.0,0.0,0.0,0.0,0.0,2015-08-04,0,0.0,0.0,0.0,0.0,0.0
2015,8,17,1,MQ,3313,N693MQ,DFW,AEX,2145,2218.0,33.0,20.0,2238.0,69.0,68.0,46.0,285,2324.0,2.0,2254,2326.0,32.0,0,0,,0.0,0.0,4.0,28.0,0.0,2015-08-17,1,0.0,0.0,12.12,84.85,0.0
2015,8,9,7,EV,4149,N14562,FNT,ORD,615,608.0,-7.0,10.0,618.0,70.0,59.0,43.0,223,601.0,6.0,625,607.0,-18.0,0,0,,0.0,0.0,0.0,0.0,0.0,2015-08-09,0,0.0,0.0,0.0,0.0,0.0
2015,8,1,6,WN,2738,N958WN,DEN,STL,1135,1144.0,9.0,11.0,1155.0,115.0,110.0,96.0,770,1431.0,3.0,1430,1434.0,4.0,0,0,,0.0,0.0,0.0,0.0,0.0,2015-08-01,0,0.0,0.0,0.0,0.0,0.0
2015,8,14,5,OO,5313,N979SW,SGU,DEN,1322,1319.0,-3.0,12.0,1331.0,104.0,98.0,78.0,517,1449.0,8.0,1506,1457.0,-9.0,0,0,,0.0,0.0,0.0,0.0,0.0,2015-08-14,0,0.0,0.0,0.0,0.0,0.0
2015,8,11,2,WN,3029,N389SW,PHX,AUS,1045,1433.0,228.0,12.0,1445.0,135.0,163.0,116.0,872,1841.0,35.0,1500,1916.0,256.0,0,0,,28.0,0.0,8.0,220.0,0.0,2015-08-11,1,12.28,0.0,3.51,96.49,0.0
2015,8,15,6,DL,1475,N920DE,ATL,SAV,1638,1638.0,0.0,11.0,1649.0,69.0,52.0,36.0,214,1725.0,5.0,1747,1730.0,-17.0,0,0,,0.0,0.0,0.0,0.0,0.0,2015-08-15,0,0.0,0.0,0.0,0.0,0.0
2015,8,2,7,OO,7394,N431SW,SGU,SLC,1140,1139.0,-1.0,9.0,1148.0,68.0,58.0,44.0,272,1232.0,5.0,1248,1237.0,-11.0,0,0,,0.0,0.0,0.0,0.0,0.0,2015-08-02,0,0.0,0.0,0.0,0.0,0.0
2015,8,17,1,WN,1009,N211WN,LAX,ELP,1205,1210.0,5.0,16.0,1226.0,110.0,119.0,92.0,715,1458.0,11.0,1455,1509.0,14.0,0,0,,0.0,0.0,0.0,0.0,0.0,2015-08-17,0,0.0,0.0,0.0,0.0,0.0
2015,8,29,6,DL,2653,N957DL,MCO,JFK,1647,1653.0,6.0,10.0,1703.0,178.0,164.0,123.0,944,1906.0,31.0,1945,1937.0,-8.0,0,0,,0.0,0.0,0.0,0.0,0.0,2015-08-29,0,0.0,0.0,0.0,0.0,0.0
2015,8,21,5,AA,2239,N3CWAA,DFW,DCA,1505,1503.0,-2.0,12.0,1515.0,184.0,154.0,138.0,1192,1833.0,4.0,1909,1837.0,-32.0,0,0,,0.0,0.0,0.0,0.0,0.0,2015-08-21,0,0.0,0.0,0.0,0.0,0.0
2015,8,7,5,OO,3455,N217AG,BUR,PDX,1500,1449.0,-11.0,18.0,1507.0,127.0,127.0,106.0,817,1653.0,3.0,1707,1656.0,-11.0,0,0,,0.0,0.0,0.0,0.0,0.0,2015-08-07,0,0.0,0.0,0.0,0.0,0.0
2015,8,24,1,B6,144,N267JB,CHS,DCA,745,740.0,-5.0,26.0,806.0,83.0,102.0,71.0,444,917.0,5.0,908,922.0,14.0,0,0,,0.0,0.0,0.0,0.0,0.0,2015-08-24,0,0.0,0.0,0.0,0.0,0.0
2015,7,23,4,AA,1704,N552UW,CLT,BDL,2209,2204.0,-5.0,15.0,2219.0,109.0,103.0,85.0,644,2344.0,3.0,2358,2347.0,-11.0,0,0,,0.0,0.0,0.0,0.0,0.0,2015-07-23,0,0.0,0.0,0.0,0.0,0.0
2015,8,9,7,DL,2147,N945DL,ATL,CLE,950,946.0,-4.0,20.0,1006.0,110.0,100.0,76.0,554,1122.0,4.0,1140,1126.0,-14.0,0,0,,0.0,0.0,0.0,0.0,0.0,2015-08-09,0,0.0,0.0,0.0,0.0,0.0
2015,8,14,5,NK,446,N641NK,LAS,ORD,815,854.0,39.0,14.0,908.0,220.0,209.0,187.0,1514,1415.0,8.0,1355,1423.0,28.0,0,0,,28.0,0.0,0.0,0.0,0.0,2015-08-14,1,71.79,0.0,0.0,0.0,0.0
2015,7,23,4,WN,171,N488WN,MCO,ATL,1345,1559.0,134.0,56.0,1655.0,90.0,134.0,72.0,404,1807.0,6.0,1515,1813.0,178.0,0,0,,44.0,0.0,0.0,4.0,130.0,2015-07-23,1,32.84,0.0,0.0,2.99,97.01
2015,8,9,7,B6,2001,N193JB,BUF,JFK,544,541.0,-3.0,8.0,549.0,83.0,79.0,62.0,301,651.0,9.0,707,700.0,-7.0,0,0,,0.0,0.0,0.0,0.0,0.0,2015-08-09,0,0.0,0.0,0.0,0.0,0.0
2015,8,6,4,AA,1497,N3GBAA,MIA,DFW,1400,1425.0,25.0,13.0,1438.0,186.0,168.0,148.0,1121,1606.0,7.0,1606,1613.0,7.0,0,0,,0.0,0.0,0.0,0.0,0.0,2015-08-06,1,0.0,0.0,0.0,0.0,0.0
2015,8,17,1,UA,1469,N12216,SFO,EWR,1004,1006.0,2.0,15.0,1021.0,341.0,327.0,293.0,2565,1814.0,19.0,1845,1833.0,-12.0,0,0,,0.0,0.0,0.0,0.0,0.0,2015-08-17,0,0.0,0.0,0.0,0.0,0.0
2015,8,1,6,AA,1375,N3KFAA,MIA,LAS,700,657.0,-3.0,16.0,713.0,308.0,284.0,263.0,2174,836.0,5.0,908,841.0,-27.0,0,0,,0.0,0.0,0.0,0.0,0.0,2015-08-01,0,0.0,0.0,0.0,0.0,0.0
2015,7,30,4,AA,64,N870AA,MIA,JFK,1240,1236.0,-4.0,24.0,1300.0,184.0,178.0,148.0,1089,1528.0,6.0,1544,1534.0,-10.0,0,0,,0.0,0.0,0.0,0.0,0.0,2015-07-30,0,0.0,0.0,0.0,0.0,0.0
2015,8,5,3,WN,439,N388SW,ATL,PHL,1535,1531.0,-4.0,32.0,1603.0,125.0,142.0,103.0,666,1746.0,7.0,1740,1753.0,13.0,0,0,,0.0,0.0,0.0,0.0,0.0,2015-08-05,0,0.0,0.0,0.0,0.0,0.0
2015,8,28,5,MQ,3404,N664MQ,SUX,ORD,1531,1537.0,6.0,5.0,1542.0,104.0,113.0,91.0,436,1713.0,17.0,1715,1730.0,15.0,0,0,,9.0,0.0,6.0,0.0,0.0,2015-08-28,0,150.0,0.0,100.0,0.0,0.0
2015,8,21,5,OO,4762,N452SW,PSP,SLC,620,619.0,-1.0,17.0,636.0,100.0,110.0,88.0,541,904.0,5.0,900,909.0,9.0,0,0,,0.0,0.0,0.0,0.0,0.0,2015-08-21,0,0.0,0.0,0.0,0.0,0.0
2015,8,6,4,B6,327,N635JB,EWR,MCO,1700,1748.0,48.0,33.0,1821.0,163.0,175.0,130.0,937,2031.0,12.0,1943,2043.0,60.0,0,0,,12.0,0.0,48.0,0.0,0.0,2015-08-06,1,25.0,0.0,100.0,0.0,0.0
2015,7,29,3,MQ,3076,N928MQ,ORD,MSN,1646,1644.0,-2.0,35.0,1719.0,59.0,67.0,29.0,108,1748.0,3.0,1745,1751.0,6.0,0,0,,0.0,0.0,0.0,0.0,0.0,2015-07-29,0,0.0,0.0,0.0,0.0,0.0
2015,8,13,4,OO,6321,N133SY,SAN,LAX,756,755.0,-1.0,12.0,807.0,56.0,44.0,26.0,109,833.0,6.0,852,839.0,-13.0,0,0,,0.0,0.0,0.0,0.0,0.0,2015-08-13,0,0.0,0.0,0.0,0.0,0.0
2015,8,20,4,WN,735,N940WN,LAX,LAS,1425,1426.0,1.0,12.0,1438.0,70.0,80.0,43.0,236,1521.0,25.0,1535,1546.0,11.0,0,0,,0.0,0.0,0.0,0.0,0.0,2015-08-20,0,0.0,0.0,0.0,0.0,0.0
2015,8,8,6,WN,3372,N361SW,DEN,GEG,1225,1222.0,-3.0,10.0,1232.0,135.0,130.0,115.0,836,1327.0,5.0,1340,1332.0,-8.0,0,0,,0.0,0.0,0.0,0.0,0.0,2015-08-08,0,0.0,0.0,0.0,0.0,0.0
2015,8,2,7,WN,476,N233LV,LGA,DEN,1005,954.0,-11.0,23.0,1017.0,265.0,245.0,217.0,1620,1154.0,5.0,1230,1159.0,-31.0,0,0,,0.0,0.0,0.0,0.0,0.0,2015-08-02,0,0.0,0.0,0.0,0.0,0.0
2015,8,9,7,DL,2582,N681DA,PHX,DTW,2325,2319.0,-6.0,13.0,2332.0,225.0,209.0,192.0,1671,544.0,4.0,610,548.0,-22.0,0,0,,0.0,0.0,0.0,0.0,0.0,2015-08-09,0,0.0,0.0,0.0,0.0,0.0
2015,8,11,2,UA,308,N460UA,ORD,LGA,945,943.0,-2.0,24.0,1007.0,134.0,126.0,97.0,733,1244.0,5.0,1259,1249.0,-10.0,0,0,,0.0,0.0,0.0,0.0,0.0,2015-08-11,0,0.0,0.0,0.0,0.0,0.0
2015,8,11,2,AA,450,N191UW,BOS,PHX,1005,1008.0,3.0,23.0,1031.0,330.0,316.0,290.0,2300,1221.0,3.0,1235,1224.0,-11.0,0,0,,0.0,0.0,0.0,0.0,0.0,2015-08-11,0,0.0,0.0,0.0,0.0,0.0
2015,8,17,1,EV,3947,N12921,MSN,ORD,1214,1205.0,-9.0,6.0,1211.0,51.0,62.0,30.0,108,1241.0,26.0,1305,1307.0,2.0,0,0,,0.0,0.0,0.0,0.0,0.0,2015-08-17,0,0.0,0.0,0.0,0.0,0.0
2015,8,7,5,EV,3940,N11189,ORD,PNS,946,945.0,-1.0,12.0,957.0,142.0,124.0,105.0,794,1142.0,7.0,1208,1149.0,-19.0,0,0,,0.0,0.0,0.0,0.0,0.0,2015-08-07,0,0.0,0.0,0.0,0.0,0.0
2015,8,17,1,WN,2733,N7725A,SAT,ATL,1755,1931.0,96.0,6.0,1937.0,145.0,130.0,113.0,874,2230.0,11.0,2120,2241.0,81.0,0,0,,81.0,0.0,0.0,0.0,0.0,2015-08-17,1,84.38,0.0,0.0,0.0,0.0
2015,8,19,3,AA,1175,N3AFAA,LGA,MIA,1228,1229.0,1.0,21.0,1250.0,201.0,179.0,149.0,1096,1519.0,9.0,1549,1528.0,-21.0,0,0,,0.0,0.0,0.0,0.0,0.0,2015-08-19,0,0.0,0.0,0.0,0.0,0.0
2015,8,2,7,OO,7391,N441SW,GCC,SLC,1700,1652.0,-8.0,13.0,1705.0,91.0,86.0,67.0,410,1812.0,6.0,1831,1818.0,-13.0,0,0,,0.0,0.0,0.0,0.0,0.0,2015-08-02,0,0.0,0.0,0.0,0.0,0.0
2015,7,27,1,DL,1889,N327NW,BOS,SLC,1730,1744.0,14.0,20.0,1804.0,330.0,308.0,284.0,2105,2048.0,4.0,2100,2052.0,-8.0,0,0,,0.0,0.0,0.0,0.0,0.0,2015-07-27,0,0.0,0.0,0.0,0.0,0.0
2015,8,3,1,DL,2474,N3773D,JFK,MCO,810,805.0,-5.0,31.0,836.0,167.0,173.0,134.0,944,1050.0,8.0,1057,1058.0,1.0,0,0,,0.0,0.0,0.0,0.0,0.0,2015-08-03,0,0.0,0.0,0.0,0.0,0.0
2015,8,25,2,MQ,3121,N681MQ,DFW,DRO,900,858.0,-2.0,14.0,912.0,130.0,113.0,95.0,674,947.0,4.0,1010,951.0,-19.0,0,0,,0.0,0.0,0.0,0.0,0.0,2015-08-25,0,0.0,0.0,0.0,0.0,0.0
2015,8,14,5,AA,311,N3HDAA,LAS,MIA,2220,2218.0,-2.0,15.0,2233.0,282.0,281.0,259.0,2174,552.0,7.0,602,559.0,-3.0,0,0,,0.0,0.0,0.0,0.0,0.0,2015-08-14,0,0.0,0.0,0.0,0.0,0.0
2015,8,9,7,OO,5238,N960SW,CID,ORD,530,527.0,-3.0,15.0,542.0,72.0,64.0,41.0,196,623.0,8.0,642,631.0,-11.0,0,0,,0.0,0.0,0.0,0.0,0.0,2015-08-09,0,0.0,0.0,0.0,0.0,0.0
2015,7,27,1,OO,4567,N685BR,MSP,GRB,1320,1316.0,-4.0,13.0,1329.0,64.0,59.0,40.0,252,1409.0,6.0,1424,1415.0,-9.0,0,0,,0.0,0.0,0.0,0.0,0.0,2015-07-27,0,0.0,0.0,0.0,0.0,0.0
2015,7,30,4,UA,1956,N14120,LAX,EWR,1216,1237.0,21.0,19.0,1256.0,329.0,341.0,313.0,2454,2109.0,9.0,2045,2118.0,33.0,0,0,,33.0,0.0,0.0,0.0,0.0,2015-07-30,1,157.14,0.0,0.0,0.0,0.0
2015,8,22,6,B6,590,N334JB,DCA,BOS,1359,1349.0,-10.0,9.0,1358.0,86.0,70.0,56.0,399,1454.0,5.0,1525,1459.0,-26.0,0,0,,0.0,0.0,0.0,0.0,0.0,2015-08-22,0,0.0,0.0,0.0,0.0,0.0
2015,8,7,5,AS,55,N517AS,ANC,SCC,735,728.0,-7.0,9.0,737.0,102.0,97.0,85.0,627,902.0,3.0,917,905.0,-12.0,0,0,,0.0,0.0,0.0,0.0,0.0,2015-08-07,0,0.0,0.0,0.0,0.0,0.0
2015,8,24,1,EV,5187,N849AS,GTR,ATL,645,641.0,-4.0,7.0,648.0,70.0,62.0,46.0,241,834.0,9.0,855,843.0,-12.0,0,0,,0.0,0.0,0.0,0.0,0.0,2015-08-24,0,0.0,0.0,0.0,0.0,0.0
2015,8,20,4,DL,1489,N980DL,ATL,IAH,1350,1443.0,53.0,25.0,1508.0,130.0,131.0,94.0,689,1542.0,12.0,1500,1554.0,54.0,0,0,,54.0,0.0,0.0,0.0,0.0,2015-08-20,1,101.89,0.0,0.0,0.0,0.0
2015,7,24,5,HA,21,N386HA,SEA,HNL,855,850.0,-5.0,14.0,904.0,355.0,359.0,333.0,2677,1137.0,12.0,1150,1149.0,-1.0,0,0,,0.0,0.0,0.0,0.0,0.0,2015-07-24,0,0.0,0.0,0.0,0.0,0.0
2015,8,10,1,MQ,3121,N609MQ,DRO,DFW,1036,1031.0,-5.0,8.0,1039.0,120.0,106.0,91.0,674,1310.0,7.0,1336,1317.0,-19.0,0,0,,0.0,0.0,0.0,0.0,0.0,2015-08-10,0,0.0,0.0,0.0,0.0,0.0
2015,7,24,5,DL,827,N6715C,FLL,ATL,645,640.0,-5.0,16.0,656.0,111.0,110.0,79.0,581,815.0,15.0,836,830.0,-6.0,0,0,,0.0,0.0,0.0,0.0,0.0,2015-07-24,0,0.0,0.0,0.0,0.0,0.0
2015,8,17,1,WN,2847,N8324A,MDW,OMA,1930,1934.0,4.0,8.0,1942.0,85.0,83.0,72.0,423,2054.0,3.0,2055,2057.0,2.0,0,0,,0.0,0.0,0.0,0.0,0.0,2015-08-17,0,0.0,0.0,0.0,0.0,0.0
2015,7,25,6,AA,1524,N4XDAA,DFW,SAT,1510,1504.0,-6.0,13.0,1517.0,71.0,57.0,40.0,247,1557.0,4.0,1621,1601.0,-20.0,0,0,,0.0,0.0,0.0,0.0,0.0,2015-07-25,0,0.0,0.0,0.0,0.0,0.0
2015,8,19,3,WN,261,N361SW,SAT,DAL,1400,1423.0,23.0,7.0,1430.0,60.0,58.0,45.0,248,1515.0,6.0,1500,1521.0,21.0,0,0,,0.0,0.0,19.0,2.0,0.0,2015-08-19,1,0.0,0.0,82.61,8.7,0.0
2015,8,10,1,UA,1425,N54711,LGA,ORD,759,756.0,-3.0,14.0,810.0,154.0,147.0,120.0,733,910.0,13.0,933,923.0,-10.0,0,0,,0.0,0.0,0.0,0.0,0.0,2015-08-10,0,0.0,0.0,0.0,0.0,0.0
2015,7,30,4,WN,2433,N499WN,SMF,LAX,1600,1632.0,32.0,22.0,1654.0,80.0,93.0,62.0,373,1756.0,9.0,1720,1805.0,45.0,0,0,,13.0,0.0,0.0,32.0,0.0,2015-07-30,1,40.62,0.0,0.0,100.0,0.0
2015,7,24,5,MQ,3319,N608MQ,PNS,DFW,1234,1233.0,-1.0,12.0,1245.0,126.0,113.0,90.0,604,1415.0,11.0,1440,1426.0,-14.0,0,0,,0.0,0.0,0.0,0.0,0.0,2015-07-24,0,0.0,0.0,0.0,0.0,0.0
2015,7,24,5,WN,3839,N659SW,BWI,MHT,1625,1621.0,-4.0,16.0,1637.0,80.0,85.0,62.0,377,1739.0,7.0,1745,1746.0,1.0,0,0,,0.0,0.0,0.0,0.0,0.0,2015-07-24,0,0.0,0.0,0.0,0.0,0.0
2015,8,3,1,UA,405,N849UA,DEN,SNA,1550,1547.0,-3.0,11.0,1558.0,148.0,137.0,121.0,846,1659.0,5.0,1718,1704.0,-14.0,0,0,,0.0,0.0,0.0,0.0,0.0,2015-08-03,0,0.0,0.0,0.0,0.0,0.0
2015,8,2,7,NK,847,N612NK,LGA,ORD,835,835.0,0.0,11.0,846.0,150.0,136.0,110.0,733,936.0,15.0,1005,951.0,-14.0,0,0,,0.0,0.0,0.0,0.0,0.0,2015-08-02,0,0.0,0.0,0.0,0.0,0.0
2015,7,25,6,WN,1585,N605SW,MDW,CMH,1315,1316.0,1.0,10.0,1326.0,65.0,60.0,44.0,283,1510.0,6.0,1520,1516.0,-4.0,0,0,,0.0,0.0,0.0,0.0,0.0,2015-07-25,0,0.0,0.0,0.0,0.0,0.0
2015,8,26,3,B6,623,N929JB,JFK,LAX,1840,1835.0,-5.0,35.0,1910.0,375.0,355.0,312.0,2475,2122.0,8.0,2155,2130.0,-25.0,0,0,,0.0,0.0,0.0,0.0,0.0,2015-08-26,0,0.0,0.0,0.0,0.0,0.0
2015,8,26,3,DL,2455,N338NB,GRR,MSP,1816,1824.0,8.0,19.0,1843.0,89.0,83.0,60.0,408,1843.0,4.0,1845,1847.0,2.0,0,0,,0.0,0.0,0.0,0.0,0.0,2015-08-26,0,0.0,0.0,0.0,0.0,0.0
2015,8,4,2,UA,1932,N16732,IAH,SEA,1130,1129.0,-1.0,21.0,1150.0,279.0,283.0,251.0,1874,1401.0,11.0,1409,1412.0,3.0,0,0,,0.0,0.0,0.0,0.0,0.0,2015-08-04,0,0.0,0.0,0.0,0.0,0.0
2015,8,2,7,UA,688,N805UA,ORD,BOS,1551,1603.0,12.0,46.0,1649.0,151.0,163.0,110.0,867,1939.0,7.0,1922,1946.0,24.0,0,0,,12.0,0.0,0.0,0.0,12.0,2015-08-02,0,100.0,0.0,0.0,0.0,100.0
2015,7,29,3,OO,7423,N8923A,BRD,MSP,650,646.0,-4.0,8.0,654.0,64.0,38.0,24.0,114,718.0,6.0,754,724.0,-30.0,0,0,,0.0,0.0,0.0,0.0,0.0,2015-07-29,0,0.0,0.0,0.0,0.0,0.0
2015,8,18,2,WN,618,N515SW,HRL,HOU,1445,1439.0,-6.0,9.0,1448.0,60.0,59.0,44.0,277,1532.0,6.0,1545,1538.0,-7.0,0,0,,0.0,0.0,0.0,0.0,0.0,2015-08-18,0,0.0,0.0,0.0,0.0,0.0
2015,8,13,4,UA,1928,N73251,SFO,ORD,30,112.0,42.0,11.0,123.0,256.0,226.0,210.0,1846,653.0,5.0,646,658.0,12.0,0,0,,0.0,0.0,0.0,0.0,0.0,2015-08-13,1,0.0,0.0,0.0,0.0,0.0
2015,8,3,1,AA,1497,N3DGAA,MIA,DFW,1400,1400.0,0.0,21.0,1421.0,186.0,181.0,147.0,1121,1548.0,13.0,1606,1601.0,-5.0,0,0,,0.0,0.0,0.0,0.0,0.0,2015-08-03,0,0.0,0.0,0.0,0.0,0.0
2015,8,25,2,WN,824,N943WN,MCI,MSP,2050,2046.0,-4.0,6.0,2052.0,80.0,69.0,59.0,393,2151.0,4.0,2210,2155.0,-15.0,0,0,,0.0,0.0,0.0,0.0,0.0,2015-08-25,0,0.0,0.0,0.0,0.0,0.0
2015,7,23,4,AA,349,N022AA,MIA,ATL,1829,2051.0,142.0,10.0,2101.0,120.0,110.0,87.0,594,2228.0,13.0,2029,2241.0,132.0,0,0,,0.0,0.0,14.0,118.0,0.0,2015-07-23,1,0.0,0.0,9.86,83.1,0.0
2015,8,18,2,VX,358,N641VA,SFO,BOS,2130,2141.0,11.0,8.0,2149.0,340.0,316.0,302.0,2704,551.0,6.0,610,557.0,-13.0,0,0,,0.0,0.0,0.0,0.0,0.0,2015-08-18,0,0.0,0.0,0.0,0.0,0.0
2015,8,17,1,WN,1674,N8324A,SFO,MDW,1200,1157.0,-3.0,15.0,1212.0,250.0,235.0,213.0,1855,1745.0,7.0,1810,1752.0,-18.0,0,0,,0.0,0.0,0.0,0.0,0.0,2015-08-17,0,0.0,0.0,0.0,0.0,0.0
2015,8,20,4,WN,3173,N8609A,DEN,MSP,1955,2009.0,14.0,14.0,2023.0,110.0,108.0,89.0,680,2252.0,5.0,2245,2257.0,12.0,0,0,,0.0,0.0,0.0,0.0,0.0,2015-08-20,0,0.0,0.0,0.0,0.0,0.0
2015,7,26,7,WN,4733,N440LV,MDW,ALB,1335,1409.0,34.0,8.0,1417.0,115.0,98.0,87.0,717,1644.0,3.0,1630,1647.0,17.0,0,0,,0.0,0.0,9.0,8.0,0.0,2015-07-26,1,0.0,0.0,26.47,23.53,0.0
2015,8,26,3,DL,1999,N699DL,MCO,SLC,730,725.0,-5.0,21.0,746.0,275.0,283.0,252.0,1931,958.0,10.0,1005,1008.0,3.0,0,0,,0.0,0.0,0.0,0.0,0.0,2015-08-26,0,0.0,0.0,0.0,0.0,0.0
2015,8,16,7,OO,5642,N788SK,DEN,ASE,1329,1335.0,6.0,13.0,1348.0,50.0,47.0,30.0,125,1418.0,4.0,1419,1422.0,3.0,0,0,,0.0,0.0,0.0,0.0,0.0,2015-08-16,0,0.0,0.0,0.0,0.0,0.0
2015,8,9,7,WN,438,N422WN,PHX,DEN,1610,1635.0,25.0,6.0,1641.0,105.0,98.0,76.0,602,1857.0,16.0,1855,1913.0,18.0,0,0,,0.0,0.0,11.0,7.0,0.0,2015-08-09,1,0.0,0.0,44.0,28.0,0.0
2015,8,14,5,DL,2783,N966AT,LAX,SFO,2000,2037.0,37.0,17.0,2054.0,85.0,74.0,51.0,337,2145.0,6.0,2125,2151.0,26.0,0,0,,0.0,0.0,2.0,24.0,0.0,2015-08-14,1,0.0,0.0,5.41,64.86,0.0
2015,8,10,1,EV,5041,N920EV,CHA,ATL,1500,1455.0,-5.0,58.0,1553.0,59.0,116.0,50.0,106,1643.0,8.0,1559,1651.0,52.0,0,0,,52.0,0.0,0.0,0.0,0.0,2015-08-10,0,-1040.0,-0.0,-0.0,-0.0,-0.0
2015,8,7,5,AA,2459,N3GDAA,LAX,DFW,1910,1908.0,-2.0,17.0,1925.0,188.0,179.0,156.0,1235,1.0,6.0,18,7.0,-11.0,0,0,,0.0,0.0,0.0,0.0,0.0,2015-08-07,0,0.0,0.0,0.0,0.0,0.0
2015,8,10,1,DL,1761,N974DL,ATL,PHL,1242,1242.0,0.0,17.0,1259.0,127.0,120.0,96.0,666,1435.0,7.0,1449,1442.0,-7.0,0,0,,0.0,0.0,0.0,0.0,0.0,2015-08-10,0,0.0,0.0,0.0,0.0,0.0
2015,7,25,6,OO,4719,N781CA,FWA,MSP,740,803.0,23.0,7.0,810.0,105.0,89.0,78.0,488,828.0,4.0,825,832.0,7.0,0,0,,0.0,0.0,0.0,0.0,0.0,2015-07-25,1,0.0,0.0,0.0,0.0,0.0
2015,8,5,3,OO,5389,N962SW,LAX,SBA,1448,1444.0,-4.0,21.0,1505.0,50.0,46.0,20.0,89,1525.0,5.0,1538,1530.0,-8.0,0,0,,0.0,0.0,0.0,0.0,0.0,2015-08-05,0,0.0,0.0,0.0,0.0,0.0
2015,8,16,7,DL,2173,N952DL,ATL,MIA,1109,1108.0,-1.0,17.0,1125.0,120.0,115.0,86.0,594,1251.0,12.0,1309,1303.0,-6.0,0,0,,0.0,0.0,0.0,0.0,0.0,2015-08-16,0,0.0,0.0,0.0,0.0,0.0
2015,8,17,1,AS,311,N413AS,PSP,SFO,640,631.0,-9.0,13.0,644.0,88.0,81.0,61.0,421,745.0,7.0,808,752.0,-16.0,0,0,,0.0,0.0,0.0,0.0,0.0,2015-08-17,0,0.0,0.0,0.0,0.0,0.0
2015,7,30,4,UA,1727,N38268,EWR,SFO,1010,1027.0,17.0,25.0,1052.0,370.0,372.0,340.0,2565,1332.0,7.0,1320,1339.0,19.0,0,0,,2.0,0.0,17.0,0.0,0.0,2015-07-30,1,11.76,0.0,100.0,0.0,0.0
2015,8,28,5,OO,4649,N8942A,SLC,BZN,1536,1531.0,-5.0,15.0,1546.0,79.0,77.0,57.0,347,1643.0,5.0,1655,1648.0,-7.0,0,0,,0.0,0.0,0.0,0.0,0.0,2015-08-28,0,0.0,0.0,0.0,0.0,0.0
2015,8,10,1,WN,2691,N601WN,LAS,SMF,745,745.0,0.0,11.0,756.0,85.0,78.0,62.0,397,858.0,5.0,910,903.0,-7.0,0,0,,0.0,0.0,0.0,0.0,0.0,2015-08-10,0,0.0,0.0,0.0,0.0,0.0
2015,8,7,5,WN,874,N941WN,PHX,AUS,1305,1324.0,19.0,10.0,1334.0,140.0,132.0,117.0,872,1731.0,5.0,1725,1736.0,11.0,0,0,,0.0,0.0,0.0,0.0,0.0,2015-08-07,1,0.0,0.0,0.0,0.0,0.0
2015,8,2,7,OO,5505,N978SW,ONT,DEN,600,551.0,-9.0,20.0,611.0,142.0,140.0,116.0,819,907.0,4.0,922,911.0,-11.0,0,0,,0.0,0.0,0.0,0.0,0.0,2015-08-02,0,0.0,0.0,0.0,0.0,0.0
2015,7,29,3,WN,3739,N570WN,TPA,MDW,1040,1034.0,-6.0,13.0,1047.0,160.0,146.0,126.0,997,1153.0,7.0,1220,1200.0,-20.0,0,0,,0.0,0.0,0.0,0.0,0.0,2015-07-29,0,0.0,0.0,0.0,0.0,0.0
2015,8,5,3,WN,1814,N211WN,MSY,HOU,2120,2118.0,-2.0,6.0,2124.0,70.0,63.0,46.0,302,2210.0,11.0,2230,2221.0,-9.0,0,0,,0.0,0.0,0.0,0.0,0.0,2015-08-05,0,0.0,0.0,0.0,0.0,0.0
2015,8,1,6,WN,1121,N718SW,IAD,DEN,1525,1522.0,-3.0,20.0,1542.0,240.0,234.0,208.0,1452,1710.0,6.0,1725,1716.0,-9.0,0,0,,0.0,0.0,0.0,0.0,0.0,2015-08-01,0,0.0,0.0,0.0,0.0,0.0
2015,8,21,5,AA,1179,N4YEAA,MSY,DFW,1445,1435.0,-10.0,23.0,1458.0,95.0,100.0,68.0,447,1606.0,9.0,1620,1615.0,-5.0,0,0,,0.0,0.0,0.0,0.0,0.0,2015-08-21,0,0.0,0.0,0.0,0.0,0.0
2015,7,30,4,WN,466,N8616C,SMF,LAS,1050,1055.0,5.0,23.0,1118.0,80.0,94.0,65.0,397,1223.0,6.0,1210,1229.0,19.0,0,0,,19.0,0.0,0.0,0.0,0.0,2015-07-30,0,380.0,0.0,0.0,0.0,0.0
2015,8,11,2,WN,416,N907WN,ABQ,PHX,545,541.0,-4.0,9.0,550.0,75.0,69.0,52.0,328,542.0,8.0,600,550.0,-10.0,0,0,,0.0,0.0,0.0,0.0,0.0,2015-08-11,0,0.0,0.0,0.0,0.0,0.0
2015,8,12,3,HA,307,N481HA,KOA,HNL,2013,2012.0,-1.0,11.0,2023.0,43.0,44.0,27.0,163,2050.0,6.0,2056,2056.0,0.0,0,0,,0.0,0.0,0.0,0.0,0.0,2015-08-12,0,0.0,0.0,0.0,0.0,0.0
2015,8,6,4,AA,2305,N4XXAA,ORD,DFW,645,643.0,-2.0,19.0,702.0,147.0,131.0,101.0,802,843.0,11.0,912,854.0,-18.0,0,0,,0.0,0.0,0.0,0.0,0.0,2015-08-06,0,0.0,0.0,0.0,0.0,0.0
2015,7,31,5,AA,2083,N742PS,STL,PHX,2045,2036.0,-9.0,9.0,2045.0,193.0,186.0,174.0,1262,2139.0,3.0,2158,2142.0,-16.0,0,0,,0.0,0.0,0.0,0.0,0.0,2015-07-31,0,0.0,0.0,0.0,0.0,0.0
2015,8,13,4,WN,676,N215WN,BWI,DTW,740,739.0,-1.0,12.0,751.0,95.0,85.0,67.0,409,858.0,6.0,915,904.0,-11.0,0,0,,0.0,0.0,0.0,0.0,0.0,2015-08-13,0,0.0,0.0,0.0,0.0,0.0
2015,7,28,2,OO,5422,N960SW,SMF,SFO,2039,2033.0,-6.0,18.0,2051.0,54.0,55.0,30.0,86,2121.0,7.0,2133,2128.0,-5.0,0,0,,0.0,0.0,0.0,0.0,0.0,2015-07-28,0,0.0,0.0,0.0,0.0,0.0
2015,7,24,5,AS,792,N468AS,SEA,DTW,820,822.0,2.0,19.0,841.0,250.0,247.0,220.0,1927,1521.0,8.0,1530,1529.0,-1.0,0,0,,0.0,0.0,0.0,0.0,0.0,2015-07-24,0,0.0,0.0,0.0,0.0,0.0
2015,7,25,6,AS,734,N467AS,SEA,BOS,1545,1542.0,-3.0,10.0,1552.0,308.0,297.0,279.0,2496,2331.0,8.0,2353,2339.0,-14.0,0,0,,0.0,0.0,0.0,0.0,0.0,2015-07-25,0,0.0,0.0,0.0,0.0,0.0
2015,8,1,6,DL,1078,N687DL,PNS,ATL,720,837.0,77.0,14.0,851.0,78.0,61.0,42.0,271,1033.0,5.0,938,1038.0,60.0,0,0,,0.0,0.0,60.0,0.0,0.0,2015-08-01,1,0.0,0.0,77.92,0.0,0.0
2015,8,7,5,WN,330,N8622A,SAN,DEN,1625,1641.0,16.0,11.0,1652.0,140.0,123.0,104.0,853,1936.0,8.0,1945,1944.0,-1.0,0,0,,0.0,0.0,0.0,0.0,0.0,2015-08-07,1,0.0,0.0,0.0,0.0,0.0
2015,8,10,1,EV,2617,N675AE,TXK,DFW,1015,1600.0,345.0,1.0,1601.0,60.0,41.0,39.0,181,1640.0,1.0,1115,1641.0,326.0,0,0,,0.0,0.0,326.0,0.0,0.0,2015-08-10,1,0.0,0.0,94.49,0.0,0.0
2015,8,26,3,WN,1546,N917WN,ELP,PHX,1415,1409.0,-6.0,22.0,1431.0,75.0,80.0,51.0,347,1422.0,7.0,1430,1429.0,-1.0,0,0,,0.0,0.0,0.0,0.0,0.0,2015-08-26,0,0.0,0.0,0.0,0.0,0.0
2015,8,30,7,AA,895,N179UW,PDX,PHX,855,855.0,0.0,10.0,905.0,153.0,146.0,132.0,1009,1117.0,4.0,1128,1121.0,-7.0,0,0,,0.0,0.0,0.0,0.0,0.0,2015-08-30,0,0.0,0.0,0.0,0.0,0.0
2015,7,23,4,WN,3511,N731SA,DEN,LAX,600,559.0,-1.0,10.0,609.0,140.0,143.0,123.0,862,712.0,10.0,720,722.0,2.0,0,0,,0.0,0.0,0.0,0.0,0.0,2015-07-23,0,0.0,0.0,0.0,0.0,0.0
2015,8,28,5,UA,229,N413UA,IAD,SAN,825,815.0,-10.0,15.0,830.0,320.0,299.0,281.0,2253,1011.0,3.0,1045,1014.0,-31.0,0,0,,0.0,0.0,0.0,0.0,0.0,2015-08-28,0,0.0,0.0,0.0,0.0,0.0
2015,8,25,2,DL,1791,N3749D,CHS,ATL,1705,1702.0,-3.0,15.0,1717.0,83.0,69.0,42.0,259,1759.0,12.0,1828,1811.0,-17.0,0,0,,0.0,0.0,0.0,0.0,0.0,2015-08-25,0,0.0,0.0,0.0,0.0,0.0
2015,8,14,5,AA,2048,N834AW,PHL,IND,1750,1804.0,14.0,26.0,1830.0,129.0,110.0,78.0,588,1948.0,6.0,1959,1954.0,-5.0,0,0,,0.0,0.0,0.0,0.0,0.0,2015-08-14,0,0.0,0.0,0.0,0.0,0.0
2015,8,25,2,WN,534,N567WN,CHS,BWI,735,730.0,-5.0,9.0,739.0,100.0,92.0,68.0,472,847.0,15.0,915,902.0,-13.0,0,0,,0.0,0.0,0.0,0.0,0.0,2015-08-25,0,0.0,0.0,0.0,0.0,0.0
2015,8,5,3,DL,2627,N710TW,JFK,PDX,800,759.0,-1.0,27.0,826.0,365.0,362.0,333.0,2454,1059.0,2.0,1105,1101.0,-4.0,0,0,,0.0,0.0,0.0,0.0,0.0,2015-08-05,0,0.0,0.0,0.0,0.0,0.0
2015,8,11,2,AA,1748,N938UW,MCO,PHL,1708,1754.0,46.0,19.0,1813.0,161.0,174.0,152.0,861,2045.0,3.0,1949,2048.0,59.0,0,0,,13.0,0.0,46.0,0.0,0.0,2015-08-11,1,28.26,0.0,100.0,0.0,0.0
2015,8,8,6,AA,623,N554UW,MCO,PHX,735,729.0,-6.0,16.0,745.0,273.0,279.0,236.0,1849,841.0,27.0,908,908.0,0.0,0,0,,0.0,0.0,0.0,0.0,0.0,2015-08-08,0,0.0,0.0,0.0,0.0,0.0
2015,8,8,6,DL,2830,N552NW,MSP,LAS,1446,1441.0,-5.0,15.0,1456.0,191.0,189.0,166.0,1299,1542.0,8.0,1557,1550.0,-7.0,0,0,,0.0,0.0,0.0,0.0,0.0,2015-08-08,0,0.0,0.0,0.0,0.0,0.0
2015,8,17,1,DL,1278,N957AT,ATL,BTR,1355,1352.0,-3.0,13.0,1405.0,100.0,84.0,68.0,448,1413.0,3.0,1435,1416.0,-19.0,0,0,,0.0,0.0,0.0,0.0,0.0,2015-08-17,0,0.0,0.0,0.0,0.0,0.0
2015,8,17,1,OO,4979,N785SK,DTW,IAH,1451,1501.0,10.0,11.0,1512.0,178.0,160.0,143.0,1075,1635.0,6.0,1649,1641.0,-8.0,0,0,,0.0,0.0,0.0,0.0,0.0,2015-08-17,0,0.0,0.0,0.0,0.0,0.0
2015,8,25,2,OO,5516,N917SW,DEN,FAT,802,801.0,-1.0,22.0,823.0,148.0,146.0,120.0,844,923.0,4.0,930,927.0,-3.0,0,0,,0.0,0.0,0.0,0.0,0.0,2015-08-25,0,0.0,0.0,0.0,0.0,0.0
2015,8,8,6,WN,1849,N708SW,AUS,DAL,1405,1402.0,-3.0,6.0,1408.0,55.0,47.0,37.0,189,1445.0,4.0,1500,1449.0,-11.0,0,0,,0.0,0.0,0.0,0.0,0.0,2015-08-08,0,0.0,0.0,0.0,0.0,0.0
2015,8,5,3,DL,2520,N138DL,SFO,DTW,1305,1336.0,31.0,18.0,1354.0,281.0,253.0,229.0,2079,2043.0,6.0,2046,2049.0,3.0,0,0,,0.0,0.0,0.0,0.0,0.0,2015-08-05,1,0.0,0.0,0.0,0.0,0.0
2015,8,10,1,AS,690,N793AS,SEA,GEG,800,757.0,-3.0,20.0,817.0,60.0,64.0,40.0,224,857.0,4.0,900,901.0,1.0,0,0,,0.0,0.0,0.0,0.0,0.0,2015-08-10,0,0.0,0.0,0.0,0.0,0.0
2015,8,28,5,EV,5594,N136EV,MLI,ATL,600,554.0,-6.0,7.0,601.0,106.0,102.0,84.0,633,825.0,11.0,846,836.0,-10.0,0,0,,0.0,0.0,0.0,0.0,0.0,2015-08-28,0,0.0,0.0,0.0,0.0,0.0
2015,8,6,4,WN,2597,N780SW,LAS,OKC,1220,1239.0,19.0,20.0,1259.0,145.0,146.0,119.0,986,1658.0,7.0,1645,1705.0,20.0,0,0,,1.0,0.0,6.0,13.0,0.0,2015-08-06,1,5.26,0.0,31.58,68.42,0.0
2015,8,12,3,DL,2275,N375NC,ATL,ORF,2055,2051.0,-4.0,31.0,2122.0,102.0,103.0,69.0,516,2231.0,3.0,2237,2234.0,-3.0,0,0,,0.0,0.0,0.0,0.0,0.0,2015-08-12,0,0.0,0.0,0.0,0.0,0.0
2015,7,27,1,DL,1977,N906DA,ORD,ATL,1810,1804.0,-6.0,24.0,1828.0,130.0,118.0,80.0,606,2048.0,14.0,2120,2102.0,-18.0,0,0,,0.0,0.0,0.0,0.0,0.0,2015-07-27,0,0.0,0.0,0.0,0.0,0.0
2015,8,9,7,DL,2212,N686DA,ATL,PNS,810,804.0,-6.0,18.0,822.0,64.0,64.0,42.0,271,804.0,4.0,814,808.0,-6.0,0,0,,0.0,0.0,0.0,0.0,0.0,2015-08-09,0,0.0,0.0,0.0,0.0,0.0
2015,8,8,6,UA,1220,N16703,EWR,ORD,655,656.0,1.0,16.0,712.0,144.0,138.0,106.0,719,758.0,16.0,819,814.0,-5.0,0,0,,0.0,0.0,0.0,0.0,0.0,2015-08-08,0,0.0,0.0,0.0,0.0,0.0
2015,7,28,2,DL,1787,N909DE,ATL,CVG,2215,2213.0,-2.0,13.0,2226.0,88.0,74.0,55.0,373,2321.0,6.0,2343,2327.0,-16.0,0,0,,0.0,0.0,0.0,0.0,0.0,2015-07-28,0,0.0,0.0,0.0,0.0,0.0
2015,8,6,4,WN,4927,N8664J,SAN,AUS,700,655.0,-5.0,17.0,712.0,175.0,166.0,144.0,1164,1136.0,5.0,1155,1141.0,-14.0,0,0,,0.0,0.0,0.0,0.0,0.0,2015-08-06,0,0.0,0.0,0.0,0.0,0.0
2015,8,4,2,NK,231,N528NK,ATL,FLL,750,800.0,10.0,12.0,812.0,109.0,103.0,86.0,581,938.0,5.0,939,943.0,4.0,0,0,,0.0,0.0,0.0,0.0,0.0,2015-08-04,0,0.0,0.0,0.0,0.0,0.0
2015,8,11,2,DL,1593,N822DN,MSP,SFO,1430,1428.0,-2.0,12.0,1440.0,234.0,222.0,205.0,1589,1605.0,5.0,1624,1610.0,-14.0,0,0,,0.0,0.0,0.0,0.0,0.0,2015-08-11,0,0.0,0.0,0.0,0.0,0.0
2015,7,23,4,EV,4726,N36915,TYS,ORD,1651,1648.0,-3.0,8.0,1656.0,109.0,91.0,77.0,475,1713.0,6.0,1740,1719.0,-21.0,0,0,,0.0,0.0,0.0,0.0,0.0,2015-07-23,0,0.0,0.0,0.0,0.0,0.0
2015,7,26,7,DL,2400,N355NB,OMA,ATL,1244,1240.0,-4.0,11.0,1251.0,138.0,131.0,111.0,821,1542.0,9.0,1602,1551.0,-11.0,0,0,,0.0,0.0,0.0,0.0,0.0,2015-07-26,0,0.0,0.0,0.0,0.0,0.0
2015,8,11,2,AA,1284,N3ABAA,MIA,ORD,1520,1535.0,15.0,16.0,1551.0,200.0,205.0,169.0,1197,1740.0,20.0,1740,1800.0,20.0,0,0,,5.0,0.0,7.0,8.0,0.0,2015-08-11,0,33.33,0.0,46.67,53.33,0.0
2015,8,17,1,OO,5483,N926SW,DEN,SLC,1845,1845.0,0.0,19.0,1904.0,90.0,86.0,64.0,391,2008.0,3.0,2015,2011.0,-4.0,0,0,,0.0,0.0,0.0,0.0,0.0,2015-08-17,0,0.0,0.0,0.0,0.0,0.0
2015,8,2,7,DL,1374,N319US,SLC,OAK,1500,1456.0,-4.0,13.0,1509.0,115.0,97.0,80.0,588,1529.0,4.0,1555,1533.0,-22.0,0,0,,0.0,0.0,0.0,0.0,0.0,2015-08-02,0,0.0,0.0,0.0,0.0,0.0
2015,8,18,2,OO,5619,N707SK,LIT,DEN,1649,1702.0,13.0,10.0,1712.0,139.0,123.0,109.0,771,1801.0,4.0,1808,1805.0,-3.0,0,0,,0.0,0.0,0.0,0.0,0.0,2015-08-18,0,0.0,0.0,0.0,0.0,0.0
2015,8,27,4,UA,292,N444UA,EWR,DFW,637,633.0,-4.0,17.0,650.0,228.0,205.0,175.0,1372,845.0,13.0,925,858.0,-27.0,0,0,,0.0,0.0,0.0,0.0,0.0,2015-08-27,0,0.0,0.0,0.0,0.0,0.0
2015,8,20,4,AA,2504,N200AA,ORD,TPA,1825,1825.0,0.0,19.0,1844.0,165.0,156.0,133.0,1012,2157.0,4.0,2210,2201.0,-9.0,0,0,,0.0,0.0,0.0,0.0,0.0,2015-08-20,0,0.0,0.0,0.0,0.0,0.0
2015,8,29,6,EV,5071,N884AS,ATL,LFT,1259,1257.0,-2.0,10.0,1307.0,95.0,87.0,73.0,503,1320.0,4.0,1334,1324.0,-10.0,0,0,,0.0,0.0,0.0,0.0,0.0,2015-08-29,0,0.0,0.0,0.0,0.0,0.0
2015,8,17,1,DL,2301,N3741S,FCA,MSP,545,548.0,3.0,16.0,604.0,149.0,148.0,124.0,1026,908.0,8.0,914,916.0,2.0,0,0,,0.0,0.0,0.0,0.0,0.0,2015-08-17,0,0.0,0.0,0.0,0.0,0.0
2015,8,5,3,HA,297,N480HA,KOA,HNL,1631,1625.0,-6.0,10.0,1635.0,44.0,54.0,32.0,163,1707.0,12.0,1715,1719.0,4.0,0,0,,0.0,0.0,0.0,0.0,0.0,2015-08-05,0,0.0,0.0,0.0,0.0,0.0
2015,8,29,6,WN,4774,N8303R,TPA,BWI,1810,1846.0,36.0,8.0,1854.0,140.0,119.0,104.0,842,2038.0,7.0,2030,2045.0,15.0,0,0,,0.0,0.0,0.0,15.0,0.0,2015-08-29,1,0.0,0.0,0.0,41.67,0.0
2015,7,26,7,B6,1182,N324JB,RIC,BOS,1346,1344.0,-2.0,12.0,1356.0,88.0,87.0,71.0,474,1507.0,4.0,1514,1511.0,-3.0,0,0,,0.0,0.0,0.0,0.0,0.0,2015-07-26,0,0.0,0.0,0.0,0.0,0.0
2015,8,12,3,AS,200,N532AS,SEA,SJC,610,610.0,0.0,13.0,623.0,125.0,130.0,112.0,697,815.0,5.0,815,820.0,5.0,0,0,,0.0,0.0,0.0,0.0,0.0,2015-08-12,0,0.0,0.0,0.0,0.0,0.0
2015,8,13,4,AA,2516,N3DSAA,ORD,DEN,1715,1718.0,3.0,16.0,1734.0,170.0,146.0,122.0,888,1836.0,8.0,1905,1844.0,-21.0,0,0,,0.0,0.0,0.0,0.0,0.0,2015-08-13,0,0.0,0.0,0.0,0.0,0.0
2015,8,18,2,WN,1901,N370SW,ONT,PHX,1100,1106.0,6.0,6.0,1112.0,70.0,65.0,53.0,325,1205.0,6.0,1210,1211.0,1.0,0,0,,0.0,0.0,0.0,0.0,0.0,2015-08-18,0,0.0,0.0,0.0,0.0,0.0
2015,7,25,6,WN,4305,N478WN,SNA,OAK,1605,1614.0,9.0,8.0,1622.0,80.0,73.0,59.0,371,1721.0,6.0,1725,1727.0,2.0,0,0,,0.0,0.0,0.0,0.0,0.0,2015-07-25,0,0.0,0.0,0.0,0.0,0.0
2015,8,15,6,UA,1224,N75851,LAX,HNL,1105,1100.0,-5.0,14.0,1114.0,345.0,366.0,325.0,2556,1339.0,27.0,1350,1406.0,16.0,0,0,,16.0,0.0,0.0,0.0,0.0,2015-08-15,0,-320.0,-0.0,-0.0,-0.0,-0.0
2015,8,11,2,DL,116,N305DQ,BHM,ATL,1445,1503.0,18.0,18.0,1521.0,71.0,60.0,32.0,134,1653.0,10.0,1656,1703.0,7.0,0,0,,0.0,0.0,0.0,0.0,0.0,2015-08-11,1,0.0,0.0,0.0,0.0,0.0
2015,8,5,3,AA,255,N792AA,JFK,LAX,1000,1100.0,60.0,26.0,1126.0,368.0,363.0,331.0,2475,1357.0,6.0,1308,1403.0,55.0,0,0,,0.0,0.0,55.0,0.0,0.0,2015-08-05,1,0.0,0.0,91.67,0.0,0.0
2015,8,25,2,EV,4698,N13979,IAH,MEM,1359,1535.0,96.0,22.0,1557.0,99.0,96.0,69.0,468,1706.0,5.0,1538,1711.0,93.0,0,0,,0.0,0.0,12.0,81.0,0.0,2015-08-25,1,0.0,0.0,12.5,84.38,0.0
2015,8,2,7,DL,95,N310DE,BNA,ATL,915,917.0,2.0,12.0,929.0,68.0,55.0,34.0,214,1103.0,9.0,1123,1112.0,-11.0,0,0,,0.0,0.0,0.0,0.0,0.0,2015-08-02,0,0.0,0.0,0.0,0.0,0.0
2015,8,27,4,OO,7416,N441SW,MSP,RHI,1420,1415.0,-5.0,15.0,1430.0,62.0,50.0,31.0,190,1501.0,4.0,1522,1505.0,-17.0,0,0,,0.0,0.0,0.0,0.0,0.0,2015-08-27,0,0.0,0.0,0.0,0.0,0.0
2015,8,18,2,OO,6211,N797SK,SAT,LAX,1730,1726.0,-4.0,19.0,1745.0,191.0,198.0,172.0,1211,1837.0,7.0,1841,1844.0,3.0,0,0,,0.0,0.0,0.0,0.0,0.0,2015-08-18,0,0.0,0.0,0.0,0.0,0.0
2015,8,9,7,WN,925,N665WN,RDU,BWI,1550,1548.0,-2.0,9.0,1557.0,65.0,56.0,42.0,255,1639.0,5.0,1655,1644.0,-11.0,0,0,,0.0,0.0,0.0,0.0,0.0,2015-08-09,0,0.0,0.0,0.0,0.0,0.0
2015,8,9,7,UA,1230,N66841,ORD,MCO,1041,1042.0,1.0,20.0,1102.0,168.0,154.0,126.0,1005,1408.0,8.0,1429,1416.0,-13.0,0,0,,0.0,0.0,0.0,0.0,0.0,2015-08-09,0,0.0,0.0,0.0,0.0,0.0
2015,8,2,7,WN,3569,N768SW,MSY,BWI,1730,1724.0,-6.0,8.0,1732.0,160.0,152.0,122.0,998,2034.0,22.0,2110,2056.0,-14.0,0,0,,0.0,0.0,0.0,0.0,0.0,2015-08-02,0,0.0,0.0,0.0,0.0,0.0
2015,8,12,3,UA,226,N843UA,EWR,CLE,2128,2126.0,-2.0,17.0,2143.0,107.0,87.0,65.0,404,2248.0,5.0,2315,2253.0,-22.0,0,0,,0.0,0.0,0.0,0.0,0.0,2015-08-12,0,0.0,0.0,0.0,0.0,0.0
2015,8,30,7,B6,403,N948JB,JFK,SJU,1329,1327.0,-2.0,21.0,1348.0,240.0,227.0,200.0,1598,1708.0,6.0,1729,1714.0,-15.0,0,0,,0.0,0.0,0.0,0.0,0.0,2015-08-30,0,0.0,0.0,0.0,0.0,0.0
2015,8,5,3,DL,2601,N893AT,JFK,FLL,1100,1054.0,-6.0,31.0,1125.0,185.0,181.0,145.0,1069,1350.0,5.0,1405,1355.0,-10.0,0,0,,0.0,0.0,0.0,0.0,0.0,2015-08-05,0,0.0,0.0,0.0,0.0,0.0
2015,8,7,5,NK,847,N625NK,DEN,LAX,1320,1340.0,20.0,10.0,1350.0,151.0,138.0,122.0,862,1452.0,6.0,1451,1458.0,7.0,0,0,,0.0,0.0,0.0,0.0,0.0,2015-08-07,1,0.0,0.0,0.0,0.0,0.0
2015,8,14,5,AS,92,N462AS,ANC,SEA,1425,1434.0,9.0,11.0,1445.0,200.0,199.0,179.0,1448,1844.0,9.0,1845,1853.0,8.0,0,0,,0.0,0.0,0.0,0.0,0.0,2015-08-14,0,0.0,0.0,0.0,0.0,0.0
2015,8,24,1,OO,4564,N685BR,MSP,MOT,859,858.0,-1.0,17.0,915.0,93.0,95.0,74.0,449,1029.0,4.0,1032,1033.0,1.0,0,0,,0.0,0.0,0.0,0.0,0.0,2015-08-24,0,0.0,0.0,0.0,0.0,0.0
2015,7,27,1,WN,544,N246LV,DAL,SAT,1235,1249.0,14.0,12.0,1301.0,60.0,58.0,42.0,248,1343.0,4.0,1335,1347.0,12.0,0,0,,0.0,0.0,0.0,0.0,0.0,2015-07-27,0,0.0,0.0,0.0,0.0,0.0
2015,8,20,4,AA,428,N167US,CLT,DEN,734,734.0,0.0,17.0,751.0,209.0,224.0,199.0,1337,910.0,8.0,903,918.0,15.0,0,0,,15.0,0.0,0.0,0.0,0.0,2015-08-20,0,inf,0.0,0.0,0.0,0.0
2015,7,23,4,UA,1690,N24729,ATL,EWR,950,953.0,3.0,17.0,1010.0,135.0,126.0,100.0,746,1150.0,9.0,1205,1159.0,-6.0,0,0,,0.0,0.0,0.0,0.0,0.0,2015-07-23,0,0.0,0.0,0.0,0.0,0.0
2015,8,16,7,UA,1242,N69813,EWR,SFO,1831,1901.0,30.0,39.0,1940.0,383.0,360.0,314.0,2565,2154.0,7.0,2154,2201.0,7.0,0,0,,0.0,0.0,0.0,0.0,0.0,2015-08-16,1,0.0,0.0,0.0,0.0,0.0
2015,8,23,7,WN,2103,N436WN,ALB,LAS,700,654.0,-6.0,7.0,701.0,330.0,313.0,296.0,2237,857.0,10.0,930,907.0,-23.0,0,0,,0.0,0.0,0.0,0.0,0.0,2015-08-23,0,0.0,0.0,0.0,0.0,0.0
2015,8,4,2,OO,5294,N913SW,RKS,DEN,1635,1627.0,-8.0,15.0,1642.0,72.0,68.0,45.0,260,1727.0,8.0,1747,1735.0,-12.0,0,0,,0.0,0.0,0.0,0.0,0.0,2015-08-04,0,0.0,0.0,0.0,0.0,0.0
2015,8,17,1,HA,391,N476HA,ITO,HNL,2021,2018.0,-3.0,10.0,2028.0,49.0,54.0,37.0,216,2105.0,7.0,2110,2112.0,2.0,0,0,,0.0,0.0,0.0,0.0,0.0,2015-08-17,0,0.0,0.0,0.0,0.0,0.0
2015,8,19,3,UA,1905,N37427,BOS,DEN,1149,1205.0,16.0,17.0,1222.0,276.0,251.0,226.0,1754,1408.0,8.0,1425,1416.0,-9.0,0,0,,0.0,0.0,0.0,0.0,0.0,2015-08-19,1,0.0,0.0,0.0,0.0,0.0
2015,8,22,6,EV,4265,N14173,EWR,RDU,1216,1210.0,-6.0,11.0,1221.0,95.0,90.0,71.0,416,1332.0,8.0,1351,1340.0,-11.0,0,0,,0.0,0.0,0.0,0.0,0.0,2015-08-22,0,0.0,0.0,0.0,0.0,0.0
2015,8,16,7,EV,2633,N877AS,DFW,LRD,850,857.0,7.0,24.0,921.0,85.0,82.0,55.0,396,1016.0,3.0,1015,1019.0,4.0,0,0,,0.0,0.0,0.0,0.0,0.0,2015-08-16,0,0.0,0.0,0.0,0.0,0.0
2015,8,6,4,DL,956,N603AT,GPT,ATL,1300,1406.0,66.0,9.0,1415.0,87.0,72.0,55.0,352,1610.0,8.0,1527,1618.0,51.0,0,0,,45.0,0.0,4.0,2.0,0.0,2015-08-06,1,68.18,0.0,6.06,3.03,0.0
2015,8,6,4,WN,4307,N436WN,SNA,OAK,835,830.0,-5.0,10.0,840.0,80.0,74.0,58.0,371,938.0,6.0,955,944.0,-11.0,0,0,,0.0,0.0,0.0,0.0,0.0,2015-08-06,0,0.0,0.0,0.0,0.0,0.0
2015,8,12,3,AA,1471,N3HPAA,MIA,PHX,2005,2017.0,12.0,18.0,2035.0,292.0,267.0,245.0,1972,2140.0,4.0,2157,2144.0,-13.0,0,0,,0.0,0.0,0.0,0.0,0.0,2015-08-12,0,0.0,0.0,0.0,0.0,0.0
2015,8,18,2,AS,727,N468AS,IAH,SEA,510,458.0,-12.0,13.0,511.0,280.0,270.0,248.0,1874,719.0,9.0,750,728.0,-22.0,0,0,,0.0,0.0,0.0,0.0,0.0,2015-08-18,0,0.0,0.0,0.0,0.0,0.0
2015,8,18,2,OO,2891,N869AS,LAX,SMF,800,759.0,-1.0,41.0,840.0,93.0,108.0,62.0,373,942.0,5.0,933,947.0,14.0,0,0,,0.0,0.0,0.0,0.0,0.0,2015-08-18,0,0.0,0.0,0.0,0.0,0.0
2015,8,7,5,EV,5114,N900EV,ATL,EVV,949,1001.0,12.0,27.0,1028.0,80.0,86.0,55.0,350,1023.0,4.0,1009,1027.0,18.0,0,0,,6.0,0.0,5.0,7.0,0.0,2015-08-07,0,50.0,0.0,41.67,58.33,0.0
2015,8,28,5,DL,1791,N3763D,CHS,ATL,1705,1705.0,0.0,16.0,1721.0,83.0,80.0,53.0,259,1814.0,11.0,1828,1825.0,-3.0,0,0,,0.0,0.0,0.0,0.0,0.0,2015-08-28,0,0.0,0.0,0.0,0.0,0.0
2015,8,4,2,DL,1423,N990DL,STL,ATL,1258,1249.0,-9.0,9.0,1258.0,97.0,77.0,65.0,484,1503.0,3.0,1535,1506.0,-29.0,0,0,,0.0,0.0,0.0,0.0,0.0,2015-08-04,0,0.0,0.0,0.0,0.0,0.0
2015,8,8,6,OO,4619,N452SW,SLC,IDA,1132,1122.0,-10.0,17.0,1139.0,60.0,73.0,53.0,188,1232.0,3.0,1232,1235.0,3.0,0,0,,0.0,0.0,0.0,0.0,0.0,2015-08-08,0,0.0,0.0,0.0,0.0,0.0
2015,8,29,6,OO,4795,N603QX,SMF,SEA,950,1019.0,29.0,20.0,1039.0,105.0,140.0,112.0,605,1231.0,8.0,1135,1239.0,64.0,0,0,,35.0,0.0,25.0,4.0,0.0,2015-08-29,1,120.69,0.0,86.21,13.79,0.0
2015,8,26,3,DL,1385,N319NB,TVC,DTW,1346,1355.0,9.0,9.0,1404.0,62.0,52.0,35.0,207,1439.0,8.0,1448,1447.0,-1.0,0,0,,0.0,0.0,0.0,0.0,0.0,2015-08-26,0,0.0,0.0,0.0,0.0,0.0
2015,7,24,5,AS,311,N408AS,SFO,SEA,905,858.0,-7.0,19.0,917.0,124.0,127.0,98.0,679,1055.0,10.0,1109,1105.0,-4.0,0,0,,0.0,0.0,0.0,0.0,0.0,2015-07-24,0,0.0,0.0,0.0,0.0,0.0
2015,8,2,7,WN,646,N8646B,OAK,SEA,2100,2059.0,-1.0,8.0,2107.0,110.0,100.0,84.0,672,2231.0,8.0,2250,2239.0,-11.0,0,0,,0.0,0.0,0.0,0.0,0.0,2015-08-02,0,0.0,0.0,0.0,0.0,0.0
2015,8,26,3,DL,979,N3750D,LAX,MSY,1210,1207.0,-3.0,11.0,1218.0,231.0,210.0,196.0,1670,1734.0,3.0,1801,1737.0,-24.0,0,0,,0.0,0.0,0.0,0.0,0.0,2015-08-26,0,0.0,0.0,0.0,0.0,0.0
2015,8,30,7,B6,844,N231JB,CHS,DCA,1331,1512.0,101.0,17.0,1529.0,86.0,89.0,69.0,444,1638.0,3.0,1457,1641.0,104.0,0,0,,3.0,0.0,12.0,89.0,0.0,2015-08-30,1,2.97,0.0,11.88,88.12,0.0
2015,8,23,7,DL,2304,N998DL,ATL,TPA,2205,2207.0,2.0,19.0,2226.0,86.0,85.0,62.0,406,2328.0,4.0,2331,2332.0,1.0,0,0,,0.0,0.0,0.0,0.0,0.0,2015-08-23,0,0.0,0.0,0.0,0.0,0.0
2015,8,9,7,NK,968,N634NK,ORD,BWI,2120,2301.0,101.0,10.0,2311.0,112.0,93.0,76.0,622,127.0,7.0,12,134.0,82.0,0,0,,0.0,0.0,0.0,82.0,0.0,2015-08-09,1,0.0,0.0,0.0,81.19,0.0
2015,8,9,7,OO,5192,N957SW,BDL,ORD,1153,1150.0,-3.0,13.0,1203.0,155.0,151.0,127.0,783,1310.0,11.0,1328,1321.0,-7.0,0,0,,0.0,0.0,0.0,0.0,0.0,2015-08-09,0,0.0,0.0,0.0,0.0,0.0
2015,8,7,5,EV,5004,N867AS,LFT,ATL,1804,1753.0,-11.0,12.0,1805.0,103.0,94.0,77.0,503,2022.0,5.0,2047,2027.0,-20.0,0,0,,0.0,0.0,0.0,0.0,0.0,2015-08-07,0,0.0,0.0,0.0,0.0,0.0
2015,8,23,7,WN,121,N7748A,FLL,ATL,540,534.0,-6.0,13.0,547.0,115.0,98.0,79.0,581,706.0,6.0,735,712.0,-23.0,0,0,,0.0,0.0,0.0,0.0,0.0,2015-08-23,0,0.0,0.0,0.0,0.0,0.0
2015,8,17,1,UA,1614,N57862,LAX,IAH,55,102.0,7.0,13.0,115.0,192.0,183.0,162.0,1379,557.0,8.0,607,605.0,-2.0,0,0,,0.0,0.0,0.0,0.0,0.0,2015-08-17,0,0.0,0.0,0.0,0.0,0.0
2015,8,22,6,WN,3197,N942WN,TPA,PHX,1710,1709.0,-1.0,11.0,1720.0,260.0,238.0,222.0,1788,1802.0,5.0,1830,1807.0,-23.0,0,0,,0.0,0.0,0.0,0.0,0.0,2015-08-22,0,0.0,0.0,0.0,0.0,0.0
2015,7,25,6,UA,1925,N18223,IAH,FLL,1113,1136.0,23.0,19.0,1155.0,159.0,185.0,159.0,966,1534.0,7.0,1452,1541.0,49.0,0,0,,26.0,0.0,0.0,23.0,0.0,2015-07-25,1,113.04,0.0,0.0,100.0,0.0
2015,8,19,3,UA,10,N23721,EWR,DEN,1052,1100.0,8.0,11.0,1111.0,253.0,235.0,218.0,1605,1249.0,6.0,1305,1255.0,-10.0,0,0,,0.0,0.0,0.0,0.0,0.0,2015-08-19,0,0.0,0.0,0.0,0.0,0.0
2015,8,26,3,AA,265,N5DKAA,LAX,LIH,915,909.0,-6.0,17.0,926.0,373.0,369.0,346.0,2615,1212.0,6.0,1228,1218.0,-10.0,0,0,,0.0,0.0,0.0,0.0,0.0,2015-08-26,0,0.0,0.0,0.0,0.0,0.0
2015,7,24,5,UA,623,N456UA,BWI,IAH,550,556.0,6.0,10.0,606.0,189.0,174.0,160.0,1235,746.0,4.0,759,750.0,-9.0,0,0,,0.0,0.0,0.0,0.0,0.0,2015-07-24,0,0.0,0.0,0.0,0.0,0.0
2015,8,10,1,AA,2429,N425AA,DFW,SAT,1855,1852.0,-3.0,11.0,1903.0,74.0,55.0,41.0,247,1944.0,3.0,2009,1947.0,-22.0,0,0,,0.0,0.0,0.0,0.0,0.0,2015-08-10,0,0.0,0.0,0.0,0.0,0.0
2015,7,23,4,AA,2454,N3HFAA,BOS,MIA,500,532.0,32.0,12.0,544.0,202.0,183.0,167.0,1258,831.0,4.0,822,835.0,13.0,0,0,,0.0,0.0,0.0,0.0,0.0,2015-07-23,1,0.0,0.0,0.0,0.0,0.0
2015,8,13,4,OO,4983,N120SY,ORD,STL,2244,2243.0,-1.0,17.0,2300.0,74.0,64.0,43.0,258,2343.0,4.0,2358,2347.0,-11.0,0,0,,0.0,0.0,0.0,0.0,0.0,2015-08-13,0,0.0,0.0,0.0,0.0,0.0
2015,8,26,3,UA,1644,N75861,IAH,MCO,1555,1839.0,164.0,22.0,1901.0,143.0,146.0,113.0,854,2154.0,11.0,1918,2205.0,167.0,0,0,,167.0,0.0,0.0,0.0,0.0,2015-08-26,1,101.83,0.0,0.0,0.0,0.0
2015,8,5,3,UA,570,N442UA,EWR,IAH,729,729.0,0.0,19.0,748.0,222.0,209.0,184.0,1400,952.0,6.0,1011,958.0,-13.0,0,0,,0.0,0.0,0.0,0.0,0.0,2015-08-05,0,0.0,0.0,0.0,0.0,0.0
2015,8,17,1,AA,955,N3CDAA,RDU,MIA,615,613.0,-2.0,15.0,628.0,126.0,117.0,97.0,700,805.0,5.0,821,810.0,-11.0,0,0,,0.0,0.0,0.0,0.0,0.0,2015-08-17,0,0.0,0.0,0.0,0.0,0.0
2015,8,12,3,WN,105,N7815L,PIT,MDW,1420,1418.0,-2.0,13.0,1431.0,85.0,80.0,64.0,402,1435.0,3.0,1445,1438.0,-7.0,0,0,,0.0,0.0,0.0,0.0,0.0,2015-08-12,0,0.0,0.0,0.0,0.0,0.0
2015,7,28,2,DL,1390,N902DE,TRI,ATL,720,719.0,-1.0,14.0,733.0,65.0,60.0,38.0,227,811.0,8.0,825,819.0,-6.0,0,0,,0.0,0.0,0.0,0.0,0.0,2015-07-28,0,0.0,0.0,0.0,0.0,0.0
2015,8,1,6,EV,2625,N680AE,GPT,DFW,600,600.0,0.0,9.0,609.0,108.0,102.0,79.0,500,728.0,14.0,748,742.0,-6.0,0,0,,0.0,0.0,0.0,0.0,0.0,2015-08-01,0,0.0,0.0,0.0,0.0,0.0
2015,8,5,3,WN,2504,N8669B,PHX,MDW,1510,1520.0,10.0,9.0,1529.0,210.0,191.0,177.0,1444,2026.0,5.0,2040,2031.0,-9.0,0,0,,0.0,0.0,0.0,0.0,0.0,2015-08-05,0,0.0,0.0,0.0,0.0,0.0
2015,8,9,7,HA,185,N488HA,OGG,HNL,1219,1217.0,-2.0,6.0,1223.0,36.0,37.0,23.0,100,1246.0,8.0,1255,1254.0,-1.0,0,0,,0.0,0.0,0.0,0.0,0.0,2015-08-09,0,0.0,0.0,0.0,0.0,0.0
2015,8,26,3,AS,238,N559AS,SEA,SAN,645,643.0,-2.0,14.0,657.0,158.0,166.0,149.0,1050,926.0,3.0,923,929.0,6.0,0,0,,0.0,0.0,0.0,0.0,0.0,2015-08-26,0,0.0,0.0,0.0,0.0,0.0
2015,8,4,2,WN,1451,N767SW,BDL,BWI,1215,1310.0,55.0,12.0,1322.0,70.0,70.0,55.0,283,1417.0,3.0,1325,1420.0,55.0,0,0,,0.0,0.0,55.0,0.0,0.0,2015-08-04,1,0.0,0.0,100.0,0.0,0.0
2015,8,15,6,EV,4160,N27200,JAX,EWR,555,552.0,-3.0,9.0,601.0,144.0,142.0,113.0,820,754.0,20.0,819,814.0,-5.0,0,0,,0.0,0.0,0.0,0.0,0.0,2015-08-15,0,0.0,0.0,0.0,0.0,0.0
2015,8,14,5,WN,1003,N916WN,LAX,SAT,1450,1456.0,6.0,8.0,1504.0,170.0,170.0,159.0,1211,1943.0,3.0,1940,1946.0,6.0,0,0,,0.0,0.0,0.0,0.0,0.0,2015-08-14,0,0.0,0.0,0.0,0.0,0.0
2015,8,4,2,EV,4765,N13994,MCI,ORD,515,505.0,-10.0,20.0,525.0,93.0,108.0,75.0,403,640.0,13.0,648,653.0,5.0,0,0,,0.0,0.0,0.0,0.0,0.0,2015-08-04,0,0.0,0.0,0.0,0.0,0.0
2015,8,20,4,DL,2340,N925DN,BOS,ATL,1445,1449.0,4.0,16.0,1505.0,173.0,154.0,130.0,946,1715.0,8.0,1738,1723.0,-15.0,0,0,,0.0,0.0,0.0,0.0,0.0,2015-08-20,0,0.0,0.0,0.0,0.0,0.0
2015,7,29,3,EV,4973,N927EV,GTR,ATL,1600,1637.0,37.0,4.0,1641.0,69.0,68.0,58.0,241,1839.0,6.0,1809,1845.0,36.0,0,0,,0.0,0.0,0.0,36.0,0.0,2015-07-29,1,0.0,0.0,0.0,97.3,0.0
2015,7,30,4,AA,2137,N953UW,LGA,DCA,800,754.0,-6.0,32.0,826.0,80.0,82.0,43.0,214,909.0,7.0,920,916.0,-4.0,0,0,,0.0,0.0,0.0,0.0,0.0,2015-07-30,0,0.0,0.0,0.0,0.0,0.0
2015,8,16,7,AA,162,N5FDAA,HNL,LAX,1226,1222.0,-4.0,20.0,1242.0,337.0,329.0,299.0,2556,2041.0,10.0,2103,2051.0,-12.0,0,0,,0.0,0.0,0.0,0.0,0.0,2015-08-16,0,0.0,0.0,0.0,0.0,0.0
2015,7,25,6,DL,1815,N920DN,MSP,ATL,910,913.0,3.0,15.0,928.0,142.0,140.0,115.0,907,1223.0,10.0,1232,1233.0,1.0,0,0,,0.0,0.0,0.0,0.0,0.0,2015-07-25,0,0.0,0.0,0.0,0.0,0.0
2015,7,23,4,DL,969,N803DN,TPA,ATL,830,827.0,-3.0,12.0,839.0,100.0,83.0,62.0,406,941.0,9.0,1010,950.0,-20.0,0,0,,0.0,0.0,0.0,0.0,0.0,2015-07-23,0,0.0,0.0,0.0,0.0,0.0
2015,7,24,5,WN,2554,N217JC,DEN,FLL,715,708.0,-7.0,11.0,719.0,230.0,237.0,212.0,1703,1251.0,14.0,1305,1305.0,0.0,0,0,,0.0,0.0,0.0,0.0,0.0,2015-07-24,0,0.0,0.0,0.0,0.0,0.0
2015,8,24,1,DL,749,N3734B,MIA,ATL,900,855.0,-5.0,14.0,909.0,113.0,97.0,80.0,594,1029.0,3.0,1053,1032.0,-21.0,0,0,,0.0,0.0,0.0,0.0,0.0,2015-08-24,0,0.0,0.0,0.0,0.0,0.0
2015,8,1,6,WN,2243,N732SW,DEN,SLC,1420,1449.0,29.0,10.0,1459.0,80.0,69.0,56.0,391,1555.0,3.0,1540,1558.0,18.0,0,0,,0.0,0.0,7.0,11.0,0.0,2015-08-01,1,0.0,0.0,24.14,37.93,0.0
2015,8,29,6,AA,2398,N4WNAA,BNA,DFW,1247,1236.0,-11.0,10.0,1246.0,119.0,110.0,89.0,631,1415.0,11.0,1446,1426.0,-20.0,0,0,,0.0,0.0,0.0,0.0,0.0,2015-08-29,0,0.0,0.0,0.0,0.0,0.0
2015,8,29,6,WN,1337,N8606C,MSY,MDW,1730,1722.0,-8.0,13.0,1735.0,135.0,131.0,112.0,825,1927.0,6.0,1945,1933.0,-12.0,0,0,,0.0,0.0,0.0,0.0,0.0,2015-08-29,0,0.0,0.0,0.0,0.0,0.0
2015,7,25,6,DL,2405,N398DA,JFK,PHX,1929,2034.0,65.0,37.0,2111.0,333.0,317.0,275.0,2153,2246.0,5.0,2202,2251.0,49.0,0,0,,0.0,0.0,0.0,49.0,0.0,2015-07-25,1,0.0,0.0,0.0,75.38,0.0
2015,8,26,3,WN,2852,N563WN,SNA,HOU,1415,1418.0,3.0,7.0,1425.0,190.0,180.0,169.0,1357,1914.0,4.0,1925,1918.0,-7.0,0,0,,0.0,0.0,0.0,0.0,0.0,2015-08-26,0,0.0,0.0,0.0,0.0,0.0
2015,7,25,6,F9,565,N933FR,DEN,RDU,2355,10.0,15.0,13.0,23.0,195.0,180.0,163.0,1436,506.0,4.0,510,510.0,0.0,0,0,,0.0,0.0,0.0,0.0,0.0,2015-07-25,0,0.0,0.0,0.0,0.0,0.0
2015,8,23,7,UA,601,N820UA,AUS,SFO,1251,1246.0,-5.0,12.0,1258.0,238.0,213.0,196.0,1504,1414.0,5.0,1449,1419.0,-30.0,0,0,,0.0,0.0,0.0,0.0,0.0,2015-08-23,0,0.0,0.0,0.0,0.0,0.0
2015,8,1,6,AA,1489,N3CKAA,SEA,DFW,1007,1003.0,-4.0,22.0,1025.0,233.0,258.0,203.0,1660,1548.0,33.0,1600,1621.0,21.0,0,0,,21.0,0.0,0.0,0.0,0.0,2015-08-01,0,-525.0,-0.0,-0.0,-0.0,-0.0
2015,7,24,5,MQ,3076,N662MQ,ORD,MSN,1646,1645.0,-1.0,13.0,1658.0,59.0,41.0,26.0,108,1724.0,2.0,1745,1726.0,-19.0,0,0,,0.0,0.0,0.0,0.0,0.0,2015-07-24,0,0.0,0.0,0.0,0.0,0.0
2015,8,14,5,AA,595,N583UW,PHX,DCA,844,842.0,-2.0,22.0,904.0,268.0,275.0,247.0,1979,1611.0,6.0,1612,1617.0,5.0,0,0,,0.0,0.0,0.0,0.0,0.0,2015-08-14,0,0.0,0.0,0.0,0.0,0.0
2015,7,26,7,DL,1700,N3769L,LAX,SLC,1140,1151.0,11.0,14.0,1205.0,108.0,101.0,81.0,590,1426.0,6.0,1428,1432.0,4.0,0,0,,0.0,0.0,0.0,0.0,0.0,2015-07-26,0,0.0,0.0,0.0,0.0,0.0
2015,7,29,3,OO,4518,N549CA,DTW,MSN,1737,1805.0,28.0,18.0,1823.0,76.0,67.0,46.0,311,1809.0,3.0,1753,1812.0,19.0,0,0,,0.0,0.0,0.0,19.0,0.0,2015-07-29,1,0.0,0.0,0.0,67.86,0.0
2015,8,15,6,WN,956,N8329B,PDX,DEN,600,557.0,-3.0,8.0,605.0,150.0,136.0,122.0,991,907.0,6.0,930,913.0,-17.0,0,0,,0.0,0.0,0.0,0.0,0.0,2015-08-15,0,0.0,0.0,0.0,0.0,0.0
2015,8,2,7,AA,499,N572UW,BOS,CLT,1910,1922.0,12.0,47.0,2009.0,144.0,161.0,104.0,728,2153.0,10.0,2134,2203.0,29.0,0,0,,17.0,0.0,0.0,12.0,0.0,2015-08-02,0,141.67,0.0,0.0,100.0,0.0
2015,8,8,6,AA,2479,N5DKAA,DFW,LAX,1355,1410.0,15.0,14.0,1424.0,202.0,181.0,158.0,1235,1502.0,9.0,1517,1511.0,-6.0,0,0,,0.0,0.0,0.0,0.0,0.0,2015-08-08,0,0.0,0.0,0.0,0.0,0.0
2015,8,25,2,WN,2463,N491WN,MDW,CMH,2205,2156.0,-9.0,17.0,2213.0,65.0,62.0,40.0,283,2353.0,5.0,10,2358.0,-12.0,0,0,,0.0,0.0,0.0,0.0,0.0,2015-08-25,0,0.0,0.0,0.0,0.0,0.0
2015,8,7,5,OO,5602,N732SK,IAH,AUS,1044,1039.0,-5.0,24.0,1103.0,57.0,61.0,29.0,140,1132.0,8.0,1141,1140.0,-1.0,0,0,,0.0,0.0,0.0,0.0,0.0,2015-08-07,0,0.0,0.0,0.0,0.0,0.0
2015,8,4,2,AA,1841,N702UW,TPA,DCA,1840,1902.0,22.0,16.0,1918.0,132.0,141.0,121.0,814,2119.0,4.0,2052,2123.0,31.0,0,0,,9.0,0.0,11.0,11.0,0.0,2015-08-04,1,40.91,0.0,50.0,50.0,0.0
2015,7,24,5,EV,4457,N26545,LEX,IAH,1843,1826.0,-17.0,8.0,1834.0,141.0,125.0,109.0,828,1923.0,8.0,2004,1931.0,-33.0,0,0,,0.0,0.0,0.0,0.0,0.0,2015-07-24,0,0.0,0.0,0.0,0.0,0.0
2015,8,20,4,F9,1389,N207FR,CLE,RSW,1630,1645.0,15.0,11.0,1656.0,158.0,163.0,146.0,1025,1922.0,6.0,1908,1928.0,20.0,0,0,,5.0,0.0,8.0,7.0,0.0,2015-08-20,0,33.33,0.0,53.33,46.67,0.0
2015,8,3,1,WN,528,N7709A,FLL,ATL,1055,1053.0,-2.0,20.0,1113.0,120.0,117.0,87.0,581,1240.0,10.0,1255,1250.0,-5.0,0,0,,0.0,0.0,0.0,0.0,0.0,2015-08-03,0,0.0,0.0,0.0,0.0,0.0
2015,7,29,3,EV,4992,N761ND,DTW,IND,1346,1353.0,7.0,27.0,1420.0,71.0,71.0,41.0,231,1501.0,3.0,1457,1504.0,7.0,0,0,,0.0,0.0,0.0,0.0,0.0,2015-07-29,0,0.0,0.0,0.0,0.0,0.0
2015,8,5,3,OO,5300,N930SW,ORD,MKE,2050,2051.0,1.0,11.0,2102.0,52.0,31.0,16.0,67,2118.0,4.0,2142,2122.0,-20.0,0,0,,0.0,0.0,0.0,0.0,0.0,2015-08-05,0,0.0,0.0,0.0,0.0,0.0
2015,7,30,4,WN,376,N356SW,STL,DTW,845,844.0,-1.0,16.0,900.0,90.0,92.0,68.0,440,1108.0,8.0,1115,1116.0,1.0,0,0,,0.0,0.0,0.0,0.0,0.0,2015-07-30,0,0.0,0.0,0.0,0.0,0.0
2015,8,17,1,WN,2953,N7735A,SJC,ONT,2020,2015.0,-5.0,10.0,2025.0,70.0,68.0,53.0,333,2118.0,5.0,2130,2123.0,-7.0,0,0,,0.0,0.0,0.0,0.0,0.0,2015-08-17,0,0.0,0.0,0.0,0.0,0.0
2015,7,24,5,UA,687,N845UA,EWR,IAH,1903,1932.0,29.0,15.0,1947.0,237.0,192.0,172.0,1400,2139.0,5.0,2200,2144.0,-16.0,0,0,,0.0,0.0,0.0,0.0,0.0,2015-07-24,1,0.0,0.0,0.0,0.0,0.0
2015,8,17,1,DL,1903,N331NB,DTW,BOS,1210,1205.0,-5.0,11.0,1216.0,118.0,108.0,87.0,632,1343.0,10.0,1408,1353.0,-15.0,0,0,,0.0,0.0,0.0,0.0,0.0,2015-08-17,0,0.0,0.0,0.0,0.0,0.0
2015,7,25,6,WN,1481,N448WN,BUR,OAK,1315,1323.0,8.0,9.0,1332.0,70.0,63.0,48.0,325,1420.0,6.0,1425,1426.0,1.0,0,0,,0.0,0.0,0.0,0.0,0.0,2015-07-25,0,0.0,0.0,0.0,0.0,0.0
2015,8,28,5,WN,553,N207WN,LAS,SAN,625,621.0,-4.0,12.0,633.0,65.0,60.0,42.0,258,715.0,6.0,730,721.0,-9.0,0,0,,0.0,0.0,0.0,0.0,0.0,2015-08-28,0,0.0,0.0,0.0,0.0,0.0
2015,8,23,7,EV,2656,N685AE,TYS,DFW,1138,1128.0,-10.0,10.0,1138.0,141.0,144.0,120.0,772,1238.0,14.0,1259,1252.0,-7.0,0,0,,0.0,0.0,0.0,0.0,0.0,2015-08-23,0,0.0,0.0,0.0,0.0,0.0
2015,8,1,6,EV,5474,N868AS,CSG,ATL,1731,1727.0,-4.0,7.0,1734.0,48.0,42.0,20.0,83,1754.0,15.0,1819,1809.0,-10.0,0,0,,0.0,0.0,0.0,0.0,0.0,2015-08-01,0,0.0,0.0,0.0,0.0,0.0
2015,8,11,2,AS,580,N530AS,PDX,SNA,1135,1126.0,-9.0,13.0,1139.0,145.0,151.0,134.0,859,1353.0,4.0,1400,1357.0,-3.0,0,0,,0.0,0.0,0.0,0.0,0.0,2015-08-11,0,0.0,0.0,0.0,0.0,0.0
2015,8,28,5,DL,1440,N347NB,SLC,MSP,555,550.0,-5.0,10.0,600.0,148.0,138.0,124.0,991,904.0,4.0,923,908.0,-15.0,0,0,,0.0,0.0,0.0,0.0,0.0,2015-08-28,0,0.0,0.0,0.0,0.0,0.0
2015,7,23,4,AA,1747,N119US,CLT,PIT,1959,2001.0,2.0,16.0,2017.0,80.0,77.0,55.0,366,2112.0,6.0,2119,2118.0,-1.0,0,0,,0.0,0.0,0.0,0.0,0.0,2015-07-23,0,0.0,0.0,0.0,0.0,0.0
2015,8,10,1,B6,1521,N644JB,PDX,LGB,1357,1430.0,33.0,12.0,1442.0,142.0,140.0,125.0,846,1647.0,3.0,1619,1650.0,31.0,0,0,,0.0,0.0,11.0,20.0,0.0,2015-08-10,1,0.0,0.0,33.33,60.61,0.0
2015,8,27,4,WN,656,N743SW,BWI,BOS,605,603.0,-2.0,11.0,614.0,85.0,74.0,52.0,369,706.0,11.0,730,717.0,-13.0,0,0,,0.0,0.0,0.0,0.0,0.0,2015-08-27,0,0.0,0.0,0.0,0.0,0.0
2015,8,2,7,OO,5416,N976SW,ONT,SFO,2101,2052.0,-9.0,16.0,2108.0,87.0,84.0,55.0,363,2203.0,13.0,2228,2216.0,-12.0,0,0,,0.0,0.0,0.0,0.0,0.0,2015-08-02,0,0.0,0.0,0.0,0.0,0.0
2015,8,27,4,UA,442,N484UA,ORD,BDL,1740,1738.0,-2.0,47.0,1825.0,128.0,148.0,96.0,783,2101.0,5.0,2048,2106.0,18.0,0,0,,18.0,0.0,0.0,0.0,0.0,2015-08-27,0,-900.0,-0.0,-0.0,-0.0,-0.0
2015,8,2,7,WN,352,N945WN,OAK,SNA,2050,2053.0,3.0,10.0,2103.0,85.0,80.0,65.0,371,2208.0,5.0,2215,2213.0,-2.0,0,0,,0.0,0.0,0.0,0.0,0.0,2015-08-02,0,0.0,0.0,0.0,0.0,0.0
2015,8,25,2,DL,1603,N608AT,JAN,ATL,1720,1717.0,-3.0,14.0,1731.0,97.0,83.0,53.0,341,1924.0,16.0,1957,1940.0,-17.0,0,0,,0.0,0.0,0.0,0.0,0.0,2015-08-25,0,0.0,0.0,0.0,0.0,0.0
2015,8,28,5,EV,4749,N29906,STL,EWR,1251,1253.0,2.0,13.0,1306.0,144.0,145.0,124.0,872,1610.0,8.0,1615,1618.0,3.0,0,0,,0.0,0.0,0.0,0.0,0.0,2015-08-28,0,0.0,0.0,0.0,0.0,0.0
2015,8,10,1,OO,4491,N607SK,BOI,SEA,1045,1038.0,-7.0,21.0,1059.0,87.0,104.0,64.0,399,1103.0,19.0,1112,1122.0,10.0,0,0,,0.0,0.0,0.0,0.0,0.0,2015-08-10,0,0.0,0.0,0.0,0.0,0.0
2015,8,23,7,F9,1173,N921FR,IAD,MCO,1740,1735.0,-5.0,17.0,1752.0,130.0,148.0,122.0,758,1954.0,9.0,1950,2003.0,13.0,0,0,,0.0,0.0,0.0,0.0,0.0,2015-08-23,0,0.0,0.0,0.0,0.0,0.0
2015,7,30,4,B6,672,N659JB,FLL,LGA,1750,1926.0,96.0,14.0,1940.0,178.0,185.0,160.0,1076,2220.0,11.0,2048,2231.0,103.0,0,0,,70.0,0.0,0.0,33.0,0.0,2015-07-30,1,72.92,0.0,0.0,34.38,0.0
2015,7,23,4,EV,5294,N200PQ,GRB,ATL,1649,1701.0,12.0,9.0,1710.0,130.0,117.0,101.0,774,1951.0,7.0,1959,1958.0,-1.0,0,0,,0.0,0.0,0.0,0.0,0.0,2015-07-23,0,0.0,0.0,0.0,0.0,0.0
2015,8,11,2,DL,1566,N912DL,DAB,ATL,530,527.0,-3.0,12.0,539.0,79.0,70.0,53.0,366,632.0,5.0,649,637.0,-12.0,0,0,,0.0,0.0,0.0,0.0,0.0,2015-08-11,0,0.0,0.0,0.0,0.0,0.0
2015,8,21,5,EV,3925,N14905,BTR,IAH,1710,1656.0,-14.0,9.0,1705.0,72.0,67.0,48.0,253,1753.0,10.0,1822,1803.0,-19.0,0,0,,0.0,0.0,0.0,0.0,0.0,2015-08-21,0,0.0,0.0,0.0,0.0,0.0
2015,8,6,4,AA,2292,N865AA,DFW,LAS,2025,2019.0,-6.0,27.0,2046.0,178.0,174.0,140.0,1055,2106.0,7.0,2123,2113.0,-10.0,0,0,,0.0,0.0,0.0,0.0,0.0,2015-08-06,0,0.0,0.0,0.0,0.0,0.0
2015,8,18,2,DL,2455,N365NB,GRR,MSP,1816,1856.0,40.0,10.0,1906.0,89.0,82.0,65.0,408,1911.0,7.0,1845,1918.0,33.0,0,0,,33.0,0.0,0.0,0.0,0.0,2015-08-18,1,82.5,0.0,0.0,0.0,0.0
2015,7,27,1,DL,2508,N922AT,TVC,DTW,1025,1019.0,-6.0,14.0,1033.0,59.0,63.0,43.0,207,1116.0,6.0,1124,1122.0,-2.0,0,0,,0.0,0.0,0.0,0.0,0.0,2015-07-27,0,0.0,0.0,0.0,0.0,0.0
2015,8,4,2,AS,559,N564AS,LAX,PDX,1640,1632.0,-8.0,19.0,1651.0,139.0,134.0,112.0,834,1843.0,3.0,1859,1846.0,-13.0,0,0,,0.0,0.0,0.0,0.0,0.0,2015-08-04,0,0.0,0.0,0.0,0.0,0.0
2015,8,6,4,WN,28,N363SW,CLT,HOU,1045,1227.0,102.0,14.0,1241.0,160.0,144.0,125.0,920,1346.0,5.0,1225,1351.0,86.0,0,0,,0.0,0.0,9.0,77.0,0.0,2015-08-06,1,0.0,0.0,8.82,75.49,0.0
2015,7,31,5,MQ,3495,N602MQ,BHM,DFW,1544,2306.0,442.0,8.0,2314.0,125.0,99.0,87.0,597,41.0,4.0,1749,45.0,416.0,0,0,,0.0,0.0,0.0,416.0,0.0,2015-07-31,1,0.0,0.0,0.0,94.12,0.0
2015,8,26,3,EV,5932,N13550,GSO,ORD,701,651.0,-10.0,11.0,702.0,118.0,110.0,93.0,589,735.0,6.0,759,741.0,-18.0,0,0,,0.0,0.0,0.0,0.0,0.0,2015-08-26,0,0.0,0.0,0.0,0.0,0.0
2015,8,13,4,WN,3175,N791SW,HOU,STL,540,537.0,-3.0,11.0,548.0,115.0,113.0,98.0,687,726.0,4.0,735,730.0,-5.0,0,0,,0.0,0.0,0.0,0.0,0.0,2015-08-13,0,0.0,0.0,0.0,0.0,0.0
2015,7,28,2,EV,4149,N17196,FNT,ORD,618,616.0,-2.0,7.0,623.0,70.0,60.0,44.0,223,607.0,9.0,628,616.0,-12.0,0,0,,0.0,0.0,0.0,0.0,0.0,2015-07-28,0,0.0,0.0,0.0,0.0,0.0
2015,7,23,4,DL,1519,N931DN,ATL,SRQ,1834,1830.0,-4.0,27.0,1857.0,97.0,96.0,66.0,444,2003.0,3.0,2011,2006.0,-5.0,0,0,,0.0,0.0,0.0,0.0,0.0,2015-07-23,0,0.0,0.0,0.0,0.0,0.0
2015,8,22,6,WN,4121,N479WN,LAS,MDW,1305,1455.0,110.0,12.0,1507.0,215.0,203.0,185.0,1521,2012.0,6.0,1840,2018.0,98.0,0,0,,0.0,0.0,98.0,0.0,0.0,2015-08-22,1,0.0,0.0,89.09,0.0,0.0
2015,7,27,1,DL,2451,N978AT,ATL,MEM,1344,1343.0,-1.0,18.0,1401.0,89.0,72.0,50.0,332,1351.0,4.0,1413,1355.0,-18.0,0,0,,0.0,0.0,0.0,0.0,0.0,2015-07-27,0,0.0,0.0,0.0,0.0,0.0
2015,8,27,4,DL,1511,N376NW,DTW,DEN,830,825.0,-5.0,18.0,843.0,183.0,181.0,155.0,1123,918.0,8.0,933,926.0,-7.0,0,0,,0.0,0.0,0.0,0.0,0.0,2015-08-27,0,0.0,0.0,0.0,0.0,0.0
2015,8,13,4,UA,1073,N36444,SEA,SFO,854,1024.0,90.0,18.0,1042.0,136.0,134.0,111.0,679,1233.0,5.0,1110,1238.0,88.0,0,0,,88.0,0.0,0.0,0.0,0.0,2015-08-13,1,97.78,0.0,0.0,0.0,0.0
2015,8,24,1,WN,676,N441WN,BWI,DTW,740,738.0,-2.0,12.0,750.0,95.0,89.0,71.0,409,901.0,6.0,915,907.0,-8.0,0,0,,0.0,0.0,0.0,0.0,0.0,2015-08-24,0,0.0,0.0,0.0,0.0,0.0
2015,7,25,6,UA,390,N411UA,SFO,ORD,1521,1517.0,-4.0,12.0,1529.0,261.0,228.0,199.0,1846,2048.0,17.0,2142,2105.0,-37.0,0,0,,0.0,0.0,0.0,0.0,0.0,2015-07-25,0,0.0,0.0,0.0,0.0,0.0
2015,8,29,6,DL,1482,N386DA,RDU,ATL,715,708.0,-7.0,33.0,741.0,90.0,102.0,63.0,356,844.0,6.0,845,850.0,5.0,0,0,,0.0,0.0,0.0,0.0,0.0,2015-08-29,0,0.0,0.0,0.0,0.0,0.0
2015,8,9,7,EV,4329,N12167,GSO,EWR,1519,1523.0,4.0,19.0,1542.0,100.0,110.0,76.0,445,1658.0,15.0,1659,1713.0,14.0,0,0,,0.0,0.0,0.0,0.0,0.0,2015-08-09,0,0.0,0.0,0.0,0.0,0.0
2015,8,14,5,DL,1163,N924AT,JAN,ATL,1143,1140.0,-3.0,30.0,1210.0,97.0,92.0,51.0,341,1401.0,11.0,1420,1412.0,-8.0,0,0,,0.0,0.0,0.0,0.0,0.0,2015-08-14,0,0.0,0.0,0.0,0.0,0.0
2015,8,11,2,MQ,3365,N530MQ,SYR,ORD,1140,1134.0,-6.0,15.0,1149.0,121.0,123.0,89.0,607,1218.0,19.0,1241,1237.0,-4.0,0,0,,0.0,0.0,0.0,0.0,0.0,2015-08-11,0,0.0,0.0,0.0,0.0,0.0
2015,8,3,1,UA,1417,N12221,FLL,EWR,1328,1323.0,-5.0,14.0,1337.0,190.0,176.0,154.0,1065,1611.0,8.0,1638,1619.0,-19.0,0,0,,0.0,0.0,0.0,0.0,0.0,2015-08-03,0,0.0,0.0,0.0,0.0,0.0
2015,8,13,4,NK,1064,N640NK,MCO,CLE,1140,1151.0,11.0,19.0,1210.0,147.0,146.0,118.0,895,1408.0,9.0,1407,1417.0,10.0,0,0,,0.0,0.0,0.0,0.0,0.0,2015-08-13,0,0.0,0.0,0.0,0.0,0.0
2015,8,7,5,OO,6340,N472CA,SMX,SFO,600,550.0,-10.0,14.0,604.0,66.0,55.0,38.0,216,642.0,3.0,706,645.0,-21.0,0,0,,0.0,0.0,0.0,0.0,0.0,2015-08-07,0,0.0,0.0,0.0,0.0,0.0
2015,7,30,4,OO,6412,N146SY,SFO,EUG,2250,2336.0,46.0,15.0,2351.0,97.0,83.0,63.0,451,54.0,5.0,27,59.0,32.0,0,0,,0.0,0.0,32.0,0.0,0.0,2015-07-30,1,0.0,0.0,69.57,0.0,0.0
2015,8,4,2,AA,2337,N4XTAA,ORD,DFW,840,852.0,12.0,31.0,923.0,154.0,152.0,114.0,802,1117.0,7.0,1114,1124.0,10.0,0,0,,0.0,0.0,0.0,0.0,0.0,2015-08-04,0,0.0,0.0,0.0,0.0,0.0
2015,8,10,1,OO,7428,N441SW,PIH,SLC,700,700.0,0.0,10.0,710.0,45.0,43.0,28.0,150,738.0,5.0,745,743.0,-2.0,0,0,,0.0,0.0,0.0,0.0,0.0,2015-08-10,0,0.0,0.0,0.0,0.0,0.0
2015,8,17,1,B6,2184,N348JB,RDU,BOS,900,846.0,-14.0,9.0,855.0,109.0,115.0,101.0,612,1036.0,5.0,1049,1041.0,-8.0,0,0,,0.0,0.0,0.0,0.0,0.0,2015-08-17,0,0.0,0.0,0.0,0.0,0.0
2015,8,10,1,AA,2123,N958UW,LGA,DCA,700,656.0,-4.0,31.0,727.0,59.0,88.0,46.0,214,813.0,11.0,759,824.0,25.0,0,0,,25.0,0.0,0.0,0.0,0.0,2015-08-10,0,-625.0,-0.0,-0.0,-0.0,-0.0
2015,8,22,6,WN,3668,N969WN,DEN,PHX,1320,1324.0,4.0,12.0,1336.0,110.0,106.0,87.0,602,1403.0,7.0,1410,1410.0,0.0,0,0,,0.0,0.0,0.0,0.0,0.0,2015-08-22,0,0.0,0.0,0.0,0.0,0.0
2015,8,23,7,EV,4555,N11181,IAH,BRO,907,1009.0,62.0,13.0,1022.0,75.0,63.0,47.0,308,1109.0,3.0,1022,1112.0,50.0,0,0,,0.0,0.0,50.0,0.0,0.0,2015-08-23,1,0.0,0.0,80.65,0.0,0.0
2015,8,10,1,MQ,3691,N843MQ,EVV,ORD,615,606.0,-9.0,8.0,614.0,93.0,68.0,53.0,272,707.0,7.0,748,714.0,-34.0,0,0,,0.0,0.0,0.0,0.0,0.0,2015-08-10,0,0.0,0.0,0.0,0.0,0.0
2015,8,4,2,WN,1532,N522SW,MSY,DAL,955,949.0,-6.0,12.0,1001.0,80.0,86.0,69.0,436,1110.0,5.0,1115,1115.0,0.0,0,0,,0.0,0.0,0.0,0.0,0.0,2015-08-04,0,0.0,0.0,0.0,0.0,0.0
2015,8,14,5,DL,1447,N908DL,LGA,ATL,600,558.0,-2.0,39.0,637.0,145.0,159.0,106.0,762,823.0,14.0,825,837.0,12.0,0,0,,0.0,0.0,0.0,0.0,0.0,2015-08-14,0,0.0,0.0,0.0,0.0,0.0
2015,7,26,7,WN,296,N8657B,TPA,SJU,1110,1105.0,-5.0,9.0,1114.0,180.0,173.0,156.0,1237,1350.0,8.0,1410,1358.0,-12.0,0,0,,0.0,0.0,0.0,0.0,0.0,2015-07-26,0,0.0,0.0,0.0,0.0,0.0
2015,8,20,4,UA,521,N465UA,CLT,ORD,1026,1035.0,9.0,10.0,1045.0,123.0,107.0,95.0,599,1120.0,2.0,1129,1122.0,-7.0,0,0,,0.0,0.0,0.0,0.0,0.0,2015-08-20,0,0.0,0.0,0.0,0.0,0.0
2015,8,28,5,MQ,3245,N665MQ,FWA,DFW,1443,1439.0,-4.0,8.0,1447.0,151.0,134.0,114.0,859,1541.0,12.0,1614,1553.0,-21.0,0,0,,0.0,0.0,0.0,0.0,0.0,2015-08-28,0,0.0,0.0,0.0,0.0,0.0
2015,8,16,7,WN,1450,N773SA,DEN,LAX,925,954.0,29.0,13.0,1007.0,150.0,139.0,115.0,862,1102.0,11.0,1055,1113.0,18.0,0,0,,0.0,0.0,18.0,0.0,0.0,2015-08-16,1,0.0,0.0,62.07,0.0,0.0
2015,7,29,3,AS,554,N609AS,PDX,LAX,1715,1810.0,55.0,18.0,1828.0,149.0,164.0,117.0,834,2025.0,29.0,1944,2054.0,70.0,0,0,,70.0,0.0,0.0,0.0,0.0,2015-07-29,1,127.27,0.0,0.0,0.0,0.0
2015,7,25,6,EV,4747,N12167,BRO,IAH,1655,1648.0,-7.0,8.0,1656.0,79.0,73.0,56.0,308,1752.0,9.0,1814,1801.0,-13.0,0,0,,0.0,0.0,0.0,0.0,0.0,2015-07-25,0,0.0,0.0,0.0,0.0,0.0
2015,7,30,4,DL,1692,N125DL,SAN,ATL,1035,1030.0,-5.0,27.0,1057.0,270.0,287.0,250.0,1892,1807.0,10.0,1805,1817.0,12.0,0,0,,0.0,0.0,0.0,0.0,0.0,2015-07-30,0,0.0,0.0,0.0,0.0,0.0
2015,7,30,4,F9,776,N924FR,LAS,DEN,1615,1602.0,-13.0,12.0,1614.0,112.0,99.0,80.0,628,1834.0,7.0,1907,1841.0,-26.0,0,0,,0.0,0.0,0.0,0.0,0.0,2015-07-30,0,0.0,0.0,0.0,0.0,0.0
2015,8,26,3,AA,1717,N680AW,BWI,CLT,1915,1914.0,-1.0,12.0,1926.0,85.0,88.0,62.0,361,2028.0,14.0,2040,2042.0,2.0,0,0,,0.0,0.0,0.0,0.0,0.0,2015-08-26,0,0.0,0.0,0.0,0.0,0.0
2015,7,27,1,WN,2168,N233LV,RSW,BWI,615,609.0,-6.0,13.0,622.0,145.0,149.0,127.0,919,829.0,9.0,840,838.0,-2.0,0,0,,0.0,0.0,0.0,0.0,0.0,2015-07-27,0,0.0,0.0,0.0,0.0,0.0
2015,8,3,1,AA,609,N176UW,CLT,SEA,1810,1803.0,-7.0,22.0,1825.0,336.0,321.0,291.0,2279,2016.0,8.0,2046,2024.0,-22.0,0,0,,0.0,0.0,0.0,0.0,0.0,2015-08-03,0,0.0,0.0,0.0,0.0,0.0
2015,7,30,4,EV,4626,N14998,IAH,LRD,1447,1440.0,-7.0,9.0,1449.0,70.0,61.0,49.0,301,1538.0,3.0,1557,1541.0,-16.0,0,0,,0.0,0.0,0.0,0.0,0.0,2015-07-30,0,0.0,0.0,0.0,0.0,0.0
2015,8,13,4,DL,1456,N523US,RDU,ATL,600,600.0,0.0,14.0,614.0,82.0,79.0,56.0,356,710.0,9.0,722,719.0,-3.0,0,0,,0.0,0.0,0.0,0.0,0.0,2015-08-13,0,0.0,0.0,0.0,0.0,0.0
2015,8,16,7,AA,2311,N482AA,DFW,ORD,1335,1607.0,152.0,9.0,1616.0,149.0,133.0,114.0,802,1810.0,10.0,1604,1820.0,136.0,0,0,,0.0,0.0,77.0,59.0,0.0,2015-08-16,1,0.0,0.0,50.66,38.82,0.0
2015,8,3,1,WN,164,N236WN,TPA,FLL,900,1153.0,173.0,11.0,1204.0,55.0,48.0,34.0,197,1238.0,3.0,955,1241.0,166.0,0,0,,0.0,0.0,0.0,166.0,0.0,2015-08-03,1,0.0,0.0,0.0,95.95,0.0
2015,8,6,4,DL,2556,N919AT,DCA,DTW,600,559.0,-1.0,21.0,620.0,89.0,95.0,62.0,405,722.0,12.0,729,734.0,5.0,0,0,,0.0,0.0,0.0,0.0,0.0,2015-08-06,0,0.0,0.0,0.0,0.0,0.0
2015,8,5,3,UA,260,N438UA,EWR,SEA,913,912.0,-1.0,38.0,950.0,371.0,378.0,328.0,2402,1218.0,12.0,1224,1230.0,6.0,0,0,,0.0,0.0,0.0,0.0,0.0,2015-08-05,0,0.0,0.0,0.0,0.0,0.0
2015,8,3,1,WN,4273,N522SW,DAL,SAT,2140,2223.0,43.0,7.0,2230.0,60.0,48.0,38.0,248,2308.0,3.0,2240,2311.0,31.0,0,0,,0.0,0.0,0.0,31.0,0.0,2015-08-03,1,0.0,0.0,0.0,72.09,0.0
2015,8,26,3,AA,1815,N758US,LGA,CLT,845,841.0,-4.0,25.0,906.0,123.0,125.0,95.0,544,1041.0,5.0,1048,1046.0,-2.0,0,0,,0.0,0.0,0.0,0.0,0.0,2015-08-26,0,0.0,0.0,0.0,0.0,0.0
2015,8,5,3,WN,1143,N919WN,BWI,MKE,1620,1623.0,3.0,15.0,1638.0,120.0,122.0,102.0,641,1720.0,5.0,1720,1725.0,5.0,0,0,,0.0,0.0,0.0,0.0,0.0,2015-08-05,0,0.0,0.0,0.0,0.0,0.0
2015,8,13,4,AA,2146,N963UW,BOS,LGA,1600,1554.0,-6.0,34.0,1628.0,86.0,93.0,43.0,184,1711.0,16.0,1726,1727.0,1.0,0,0,,0.0,0.0,0.0,0.0,0.0,2015-08-13,0,0.0,0.0,0.0,0.0,0.0
2015,8,20,4,AA,2388,N001AA,MIA,ATL,2100,2058.0,-2.0,17.0,2115.0,120.0,109.0,85.0,594,2240.0,7.0,2300,2247.0,-13.0,0,0,,0.0,0.0,0.0,0.0,0.0,2015-08-20,0,0.0,0.0,0.0,0.0,0.0
2015,8,7,5,DL,2052,N917DN,ATL,CLT,1918,1915.0,-3.0,18.0,1933.0,80.0,66.0,39.0,226,2012.0,9.0,2038,2021.0,-17.0,0,0,,0.0,0.0,0.0,0.0,0.0,2015-08-07,0,0.0,0.0,0.0,0.0,0.0
2015,8,17,1,AA,2457,N571AA,DFW,TPA,1022,1019.0,-3.0,14.0,1033.0,153.0,140.0,123.0,929,1336.0,3.0,1355,1339.0,-16.0,0,0,,0.0,0.0,0.0,0.0,0.0,2015-08-17,0,0.0,0.0,0.0,0.0,0.0
2015,8,11,2,AA,629,N585UW,ORD,PHX,1710,1750.0,40.0,30.0,1820.0,233.0,217.0,183.0,1440,1923.0,4.0,1903,1927.0,24.0,0,0,,0.0,0.0,24.0,0.0,0.0,2015-08-11,1,0.0,0.0,60.0,0.0,0.0
2015,7,27,1,AS,855,N413AS,SJC,HNL,900,855.0,-5.0,15.0,910.0,329.0,327.0,306.0,2417,1116.0,6.0,1129,1122.0,-7.0,0,0,,0.0,0.0,0.0,0.0,0.0,2015-07-27,0,0.0,0.0,0.0,0.0,0.0
2015,8,17,1,WN,1208,N244WN,AUS,DAL,1845,1956.0,71.0,7.0,2003.0,55.0,47.0,37.0,189,2040.0,3.0,1940,2043.0,63.0,0,0,,0.0,0.0,0.0,63.0,0.0,2015-08-17,1,0.0,0.0,0.0,88.73,0.0
2015,8,28,5,WN,1065,N687SW,ABQ,PHX,1510,1516.0,6.0,7.0,1523.0,75.0,63.0,51.0,328,1514.0,5.0,1525,1519.0,-6.0,0,0,,0.0,0.0,0.0,0.0,0.0,2015-08-28,0,0.0,0.0,0.0,0.0,0.0
2015,7,29,3,WN,4552,N8651A,LAS,DEN,2015,2012.0,-3.0,13.0,2025.0,110.0,117.0,82.0,628,2247.0,22.0,2305,2309.0,4.0,0,0,,0.0,0.0,0.0,0.0,0.0,2015-07-29,0,0.0,0.0,0.0,0.0,0.0
2015,8,24,1,DL,804,N303DQ,ATL,CMH,1625,1621.0,-4.0,21.0,1642.0,100.0,91.0,65.0,447,1747.0,5.0,1805,1752.0,-13.0,0,0,,0.0,0.0,0.0,0.0,0.0,2015-08-24,0,0.0,0.0,0.0,0.0,0.0
2015,8,23,7,DL,2003,N997DL,LGA,MIA,705,703.0,-2.0,13.0,716.0,189.0,161.0,145.0,1096,941.0,3.0,1014,944.0,-30.0,0,0,,0.0,0.0,0.0,0.0,0.0,2015-08-23,0,0.0,0.0,0.0,0.0,0.0
2015,7,25,6,EV,5924,N16987,ORD,OKC,1220,1221.0,1.0,17.0,1238.0,135.0,121.0,98.0,693,1416.0,6.0,1435,1422.0,-13.0,0,0,,0.0,0.0,0.0,0.0,0.0,2015-07-25,0,0.0,0.0,0.0,0.0,0.0
2015,8,10,1,UA,1593,N17244,SFO,EWR,600,556.0,-4.0,15.0,611.0,345.0,320.0,278.0,2565,1349.0,27.0,1445,1416.0,-29.0,0,0,,0.0,0.0,0.0,0.0,0.0,2015-08-10,0,0.0,0.0,0.0,0.0,0.0
2015,8,21,5,AA,261,N3LPAA,MCO,LAX,750,850.0,60.0,16.0,906.0,309.0,318.0,289.0,2218,1055.0,13.0,959,1108.0,69.0,0,0,,9.0,0.0,60.0,0.0,0.0,2015-08-21,1,15.0,0.0,100.0,0.0,0.0
2015,8,1,6,AA,190,N4YRAA,DFW,SAT,1625,1647.0,22.0,14.0,1701.0,64.0,58.0,41.0,247,1742.0,3.0,1729,1745.0,16.0,0,0,,0.0,0.0,3.0,13.0,0.0,2015-08-01,1,0.0,0.0,13.64,59.09,0.0
2015,8,4,2,AS,383,N524AS,SFO,PDX,910,906.0,-4.0,17.0,923.0,103.0,96.0,75.0,550,1038.0,4.0,1053,1042.0,-11.0,0,0,,0.0,0.0,0.0,0.0,0.0,2015-08-04,0,0.0,0.0,0.0,0.0,0.0
2015,8,17,1,EV,2631,N879AS,DFW,SHV,845,1005.0,80.0,11.0,1016.0,59.0,48.0,34.0,190,1050.0,3.0,944,1053.0,69.0,0,0,,0.0,0.0,69.0,0.0,0.0,2015-08-17,1,0.0,0.0,86.25,0.0,0.0
2015,8,16,7,AS,832,N564AS,LIH,SEA,1305,1252.0,-13.0,16.0,1308.0,344.0,360.0,321.0,2701,2129.0,23.0,2149,2152.0,3.0,0,0,,0.0,0.0,0.0,0.0,0.0,2015-08-16,0,0.0,0.0,0.0,0.0,0.0
2015,8,27,4,AA,2293,N473AA,DFW,IAD,1832,1826.0,-6.0,18.0,1844.0,185.0,174.0,151.0,1172,2215.0,5.0,2237,2220.0,-17.0,0,0,,0.0,0.0,0.0,0.0,0.0,2015-08-27,0,0.0,0.0,0.0,0.0,0.0
2015,8,16,7,DL,2496,N991AT,SDF,ATL,1507,1502.0,-5.0,10.0,1512.0,90.0,69.0,52.0,321,1604.0,7.0,1637,1611.0,-26.0,0,0,,0.0,0.0,0.0,0.0,0.0,2015-08-16,0,0.0,0.0,0.0,0.0,0.0
2015,8,19,3,WN,338,N426WN,ATL,LAX,1530,1544.0,14.0,67.0,1651.0,290.0,337.0,261.0,1947,1812.0,9.0,1720,1821.0,61.0,0,0,,47.0,0.0,14.0,0.0,0.0,2015-08-19,0,335.71,0.0,100.0,0.0,0.0
2015,8,14,5,UA,1614,N20904,IAH,SFO,720,727.0,7.0,18.0,745.0,234.0,236.0,205.0,1635,910.0,13.0,914,923.0,9.0,0,0,,0.0,0.0,0.0,0.0,0.0,2015-08-14,0,0.0,0.0,0.0,0.0,0.0
2015,8,4,2,UA,1752,N27205,ORD,LAX,1000,1008.0,8.0,16.0,1024.0,261.0,297.0,238.0,1744,1222.0,43.0,1221,1305.0,44.0,0,0,,36.0,0.0,8.0,0.0,0.0,2015-08-04,0,450.0,0.0,100.0,0.0,0.0
2015,8,27,4,OO,5338,N943SW,LAX,MRY,1528,1525.0,-3.0,26.0,1551.0,70.0,72.0,43.0,266,1634.0,3.0,1638,1637.0,-1.0,0,0,,0.0,0.0,0.0,0.0,0.0,2015-08-27,0,0.0,0.0,0.0,0.0,0.0
2015,8,4,2,AA,1292,N3FHAA,TUL,DFW,1430,1424.0,-6.0,13.0,1437.0,73.0,76.0,39.0,237,1516.0,24.0,1543,1540.0,-3.0,0,0,,0.0,0.0,0.0,0.0,0.0,2015-08-04,0,0.0,0.0,0.0,0.0,0.0
2015,7,24,5,OO,2995,N886AS,PHX,PSP,1955,1950.0,-5.0,16.0,2006.0,67.0,63.0,41.0,261,2047.0,6.0,2102,2053.0,-9.0,0,0,,0.0,0.0,0.0,0.0,0.0,2015-07-24,0,0.0,0.0,0.0,0.0,0.0
2015,8,6,4,MQ,3352,N600MQ,MIA,EYW,1055,1052.0,-3.0,9.0,1101.0,49.0,40.0,28.0,125,1129.0,3.0,1144,1132.0,-12.0,0,0,,0.0,0.0,0.0,0.0,0.0,2015-08-06,0,0.0,0.0,0.0,0.0,0.0
2015,8,21,5,UA,1152,N77520,LIH,SFO,1300,1304.0,4.0,9.0,1313.0,310.0,316.0,292.0,2447,2105.0,15.0,2110,2120.0,10.0,0,0,,0.0,0.0,0.0,0.0,0.0,2015-08-21,0,0.0,0.0,0.0,0.0,0.0
2015,7,26,7,WN,604,N8670A,BNA,FLL,800,801.0,1.0,13.0,814.0,135.0,131.0,111.0,793,1105.0,7.0,1115,1112.0,-3.0,0,0,,0.0,0.0,0.0,0.0,0.0,2015-07-26,0,0.0,0.0,0.0,0.0,0.0
2015,8,13,4,DL,545,N3766,LAX,CVG,2245,2243.0,-2.0,28.0,2311.0,260.0,258.0,224.0,1900,555.0,6.0,605,601.0,-4.0,0,0,,0.0,0.0,0.0,0.0,0.0,2015-08-13,0,0.0,0.0,0.0,0.0,0.0
2015,7,29,3,AA,1246,N3LWAA,STL,MIA,1635,1704.0,29.0,14.0,1718.0,172.0,178.0,157.0,1068,2055.0,7.0,2027,2102.0,35.0,0,0,,6.0,0.0,0.0,29.0,0.0,2015-07-29,1,20.69,0.0,0.0,100.0,0.0
2015,7,29,3,DL,2807,N922AT,ATL,XNA,1100,1056.0,-4.0,17.0,1113.0,109.0,98.0,78.0,589,1131.0,3.0,1149,1134.0,-15.0,0,0,,0.0,0.0,0.0,0.0,0.0,2015-07-29,0,0.0,0.0,0.0,0.0,0.0
2015,8,5,3,DL,344,N997AT,DTW,TVC,1015,1010.0,-5.0,33.0,1043.0,65.0,81.0,42.0,207,1125.0,6.0,1120,1131.0,11.0,0,0,,0.0,0.0,0.0,0.0,0.0,2015-08-05,0,0.0,0.0,0.0,0.0,0.0
2015,8,8,6,UA,1977,N78506,SEA,ORD,2317,2323.0,6.0,15.0,2338.0,226.0,222.0,201.0,1721,459.0,6.0,503,505.0,2.0,0,0,,0.0,0.0,0.0,0.0,0.0,2015-08-08,0,0.0,0.0,0.0,0.0,0.0
2015,8,14,5,DL,1660,N314NB,DTW,EWR,1945,1959.0,14.0,33.0,2032.0,104.0,109.0,72.0,488,2144.0,4.0,2129,2148.0,19.0,0,0,,5.0,0.0,0.0,14.0,0.0,2015-08-14,0,35.71,0.0,0.0,100.0,0.0
2015,8,24,1,WN,1911,N8305E,LAS,PHX,2125,2122.0,-3.0,11.0,2133.0,65.0,61.0,44.0,255,2217.0,6.0,2230,2223.0,-7.0,0,0,,0.0,0.0,0.0,0.0,0.0,2015-08-24,0,0.0,0.0,0.0,0.0,0.0
2015,8,5,3,AA,384,N585AA,DFW,PNS,1816,1817.0,1.0,14.0,1831.0,108.0,96.0,79.0,604,1950.0,3.0,2004,1953.0,-11.0,0,0,,0.0,0.0,0.0,0.0,0.0,2015-08-05,0,0.0,0.0,0.0,0.0,0.0
2015,8,21,5,DL,2680,N985AT,LGA,BOS,659,703.0,4.0,26.0,729.0,72.0,69.0,31.0,184,800.0,12.0,811,812.0,1.0,0,0,,0.0,0.0,0.0,0.0,0.0,2015-08-21,0,0.0,0.0,0.0,0.0,0.0
2015,8,27,4,AA,1852,N724UW,CLT,BWI,800,750.0,-10.0,49.0,839.0,90.0,111.0,55.0,361,934.0,7.0,930,941.0,11.0,0,0,,0.0,0.0,0.0,0.0,0.0,2015-08-27,0,0.0,0.0,0.0,0.0,0.0
2015,8,13,4,AA,1194,N3FBAA,DFW,SAN,1545,1542.0,-3.0,14.0,1556.0,182.0,164.0,147.0,1171,1623.0,3.0,1647,1626.0,-21.0,0,0,,0.0,0.0,0.0,0.0,0.0,2015-08-13,0,0.0,0.0,0.0,0.0,0.0
2015,8,29,6,WN,4052,N436WN,MCO,MDW,1440,1456.0,16.0,13.0,1509.0,170.0,149.0,129.0,990,1618.0,7.0,1630,1625.0,-5.0,0,0,,0.0,0.0,0.0,0.0,0.0,2015-08-29,1,0.0,0.0,0.0,0.0,0.0
2015,8,20,4,OO,5237,N122SY,ORD,DCA,700,700.0,0.0,36.0,736.0,116.0,127.0,87.0,612,1003.0,4.0,956,1007.0,11.0,0,0,,0.0,0.0,0.0,0.0,0.0,2015-08-20,0,0.0,0.0,0.0,0.0,0.0
2015,8,17,1,OO,2967,N506CA,PHX,PSP,1630,1649.0,19.0,21.0,1710.0,65.0,69.0,43.0,261,1753.0,5.0,1735,1758.0,23.0,0,0,,4.0,0.0,19.0,0.0,0.0,2015-08-17,1,21.05,0.0,100.0,0.0,0.0
2015,8,10,1,WN,976,N271LV,EWR,MDW,2050,2136.0,46.0,19.0,2155.0,145.0,133.0,107.0,711,2242.0,7.0,2215,2249.0,34.0,0,0,,0.0,0.0,0.0,1.0,33.0,2015-08-10,1,0.0,0.0,0.0,2.17,71.74
2015,7,29,3,WN,211,N785SW,STL,PHX,1820,1820.0,0.0,10.0,1830.0,195.0,211.0,195.0,1262,1945.0,6.0,1935,1951.0,16.0,0,0,,16.0,0.0,0.0,0.0,0.0,2015-07-29,0,inf,0.0,0.0,0.0,0.0
2015,8,24,1,AA,654,N150UW,JFK,PHX,1330,1401.0,31.0,24.0,1425.0,316.0,314.0,284.0,2153,1609.0,6.0,1546,1615.0,29.0,0,0,,0.0,0.0,29.0,0.0,0.0,2015-08-24,1,0.0,0.0,93.55,0.0,0.0
2015,7,24,5,OO,6201,N783SK,PHX,DEN,1623,1628.0,5.0,18.0,1646.0,107.0,103.0,80.0,602,1906.0,5.0,1910,1911.0,1.0,0,0,,0.0,0.0,0.0,0.0,0.0,2015-07-24,0,0.0,0.0,0.0,0.0,0.0
2015,7,24,5,AA,1484,N4XHAA,DFW,AUS,900,856.0,-4.0,19.0,915.0,64.0,55.0,32.0,190,947.0,4.0,1004,951.0,-13.0,0,0,,0.0,0.0,0.0,0.0,0.0,2015-07-24,0,0.0,0.0,0.0,0.0,0.0
2015,8,28,5,B6,684,N715JB,MCO,JFK,1048,1046.0,-2.0,13.0,1059.0,161.0,137.0,120.0,944,1259.0,4.0,1329,1303.0,-26.0,0,0,,0.0,0.0,0.0,0.0,0.0,2015-08-28,0,0.0,0.0,0.0,0.0,0.0
2015,8,23,7,WN,575,N264LV,LAS,ABQ,1155,1159.0,4.0,10.0,1209.0,90.0,77.0,63.0,486,1412.0,4.0,1425,1416.0,-9.0,0,0,,0.0,0.0,0.0,0.0,0.0,2015-08-23,0,0.0,0.0,0.0,0.0,0.0
2015,7,25,6,AA,839,N667AW,PHL,MCO,2050,2047.0,-3.0,15.0,2102.0,154.0,132.0,110.0,861,2252.0,7.0,2324,2259.0,-25.0,0,0,,0.0,0.0,0.0,0.0,0.0,2015-07-25,0,0.0,0.0,0.0,0.0,0.0
2015,8,19,3,EV,5995,N14991,CAK,ORD,1026,1025.0,-1.0,12.0,1037.0,85.0,78.0,56.0,343,1033.0,10.0,1051,1043.0,-8.0,0,0,,0.0,0.0,0.0,0.0,0.0,2015-08-19,0,0.0,0.0,0.0,0.0,0.0
2015,8,25,2,MQ,3677,N3AEMQ,SYR,ORD,1813,1805.0,-8.0,10.0,1815.0,137.0,122.0,92.0,607,1847.0,20.0,1930,1907.0,-23.0,0,0,,0.0,0.0,0.0,0.0,0.0,2015-08-25,0,0.0,0.0,0.0,0.0,0.0
2015,7,31,5,NK,185,N626NK,CLE,LAX,1718,1712.0,-6.0,10.0,1722.0,302.0,302.0,283.0,2052,1905.0,9.0,1920,1914.0,-6.0,0,0,,0.0,0.0,0.0,0.0,0.0,2015-07-31,0,0.0,0.0,0.0,0.0,0.0
2015,8,26,3,AA,2450,N5FBAA,LAX,DFW,835,833.0,-2.0,21.0,854.0,197.0,179.0,153.0,1235,1327.0,5.0,1352,1332.0,-20.0,0,0,,0.0,0.0,0.0,0.0,0.0,2015-08-26,0,0.0,0.0,0.0,0.0,0.0
2015,8,19,3,EV,4360,N16999,MAF,IAH,1935,2115.0,100.0,8.0,2123.0,87.0,79.0,62.0,429,2225.0,9.0,2102,2234.0,92.0,0,0,,0.0,0.0,0.0,92.0,0.0,2015-08-19,1,0.0,0.0,0.0,92.0,0.0
2015,8,21,5,AS,669,N596AS,DEN,SEA,600,552.0,-8.0,14.0,606.0,160.0,167.0,147.0,1024,733.0,6.0,740,739.0,-1.0,0,0,,0.0,0.0,0.0,0.0,0.0,2015-08-21,0,0.0,0.0,0.0,0.0,0.0
2015,7,29,3,WN,311,N260WN,MDW,CLE,1815,1826.0,11.0,13.0,1839.0,65.0,67.0,49.0,307,2028.0,5.0,2020,2033.0,13.0,0,0,,0.0,0.0,0.0,0.0,0.0,2015-07-29,0,0.0,0.0,0.0,0.0,0.0
2015,8,3,1,AA,2139,N756US,BOS,DCA,1200,1157.0,-3.0,21.0,1218.0,89.0,105.0,79.0,399,1337.0,5.0,1329,1342.0,13.0,0,0,,0.0,0.0,0.0,0.0,0.0,2015-08-03,0,0.0,0.0,0.0,0.0,0.0
2015,8,12,3,DL,333,N125DL,LAX,DTW,1130,1208.0,38.0,21.0,1229.0,275.0,266.0,235.0,1979,1924.0,10.0,1905,1934.0,29.0,0,0,,0.0,0.0,28.0,1.0,0.0,2015-08-12,1,0.0,0.0,73.68,2.63,0.0
2015,7,28,2,DL,1970,N953AT,MSY,ATL,915,908.0,-7.0,32.0,940.0,85.0,100.0,63.0,425,1143.0,5.0,1140,1148.0,8.0,0,0,,0.0,0.0,0.0,0.0,0.0,2015-07-28,0,0.0,0.0,0.0,0.0,0.0
2015,7,30,4,OO,4746,N426SW,MOT,MSP,630,620.0,-10.0,21.0,641.0,91.0,89.0,62.0,449,743.0,6.0,801,749.0,-12.0,0,0,,0.0,0.0,0.0,0.0,0.0,2015-07-30,0,0.0,0.0,0.0,0.0,0.0
2015,8,11,2,DL,1659,N329NW,SLC,PDX,2021,2109.0,48.0,12.0,2121.0,111.0,98.0,82.0,630,2143.0,4.0,2112,2147.0,35.0,0,0,,0.0,0.0,0.0,35.0,0.0,2015-08-11,1,0.0,0.0,0.0,72.92,0.0
2015,7,28,2,B6,284,N586JB,MCO,JFK,1315,1352.0,37.0,14.0,1406.0,165.0,146.0,130.0,944,1616.0,2.0,1600,1618.0,18.0,0,0,,0.0,0.0,13.0,5.0,0.0,2015-07-28,1,0.0,0.0,35.14,13.51,0.0
2015,8,16,7,WN,2265,N8661A,MDW,MHT,1340,1341.0,1.0,19.0,1400.0,125.0,135.0,111.0,838,1651.0,5.0,1645,1656.0,11.0,0,0,,0.0,0.0,0.0,0.0,0.0,2015-08-16,0,0.0,0.0,0.0,0.0,0.0
2015,8,4,2,DL,506,N612DL,SJU,ATL,1419,1425.0,6.0,15.0,1440.0,238.0,212.0,189.0,1547,1749.0,8.0,1817,1757.0,-20.0,0,0,,0.0,0.0,0.0,0.0,0.0,2015-08-04,0,0.0,0.0,0.0,0.0,0.0
2015,7,27,1,EV,4937,N132EV,MSP,RST,2207,2202.0,-5.0,25.0,2227.0,46.0,45.0,18.0,76,2245.0,2.0,2253,2247.0,-6.0,0,0,,0.0,0.0,0.0,0.0,0.0,2015-07-27,0,0.0,0.0,0.0,0.0,0.0
2015,8,29,6,AA,2051,N155UW,PHL,MIA,1000,955.0,-5.0,27.0,1022.0,181.0,173.0,142.0,1013,1244.0,4.0,1301,1248.0,-13.0,0,0,,0.0,0.0,0.0,0.0,0.0,2015-08-29,0,0.0,0.0,0.0,0.0,0.0
2015,7,28,2,AA,159,N5DVAA,SFO,DFW,1009,1005.0,-4.0,14.0,1019.0,213.0,199.0,180.0,1464,1519.0,5.0,1542,1524.0,-18.0,0,0,,0.0,0.0,0.0,0.0,0.0,2015-07-28,0,0.0,0.0,0.0,0.0,0.0
2015,8,2,7,DL,2236,N320US,ATL,PHL,1345,1344.0,-1.0,19.0,1403.0,132.0,112.0,88.0,666,1531.0,5.0,1557,1536.0,-21.0,0,0,,0.0,0.0,0.0,0.0,0.0,2015-08-02,0,0.0,0.0,0.0,0.0,0.0
2015,8,28,5,EV,5785,N16911,MLU,IAH,1053,1043.0,-10.0,7.0,1050.0,72.0,60.0,45.0,262,1135.0,8.0,1205,1143.0,-22.0,0,0,,0.0,0.0,0.0,0.0,0.0,2015-08-28,0,0.0,0.0,0.0,0.0,0.0
2015,8,28,5,EV,5449,N750EV,ELM,DTW,1535,1536.0,1.0,9.0,1545.0,74.0,66.0,54.0,332,1639.0,3.0,1649,1642.0,-7.0,0,0,,0.0,0.0,0.0,0.0,0.0,2015-08-28,0,0.0,0.0,0.0,0.0,0.0
2015,8,27,4,EV,4945,N843AS,SCE,DTW,1722,1716.0,-6.0,10.0,1726.0,77.0,74.0,57.0,301,1823.0,7.0,1839,1830.0,-9.0,0,0,,0.0,0.0,0.0,0.0,0.0,2015-08-27,0,0.0,0.0,0.0,0.0,0.0
2015,8,5,3,WN,739,N758SW,MDW,BHM,855,855.0,0.0,11.0,906.0,95.0,89.0,74.0,570,1020.0,4.0,1030,1024.0,-6.0,0,0,,0.0,0.0,0.0,0.0,0.0,2015-08-05,0,0.0,0.0,0.0,0.0,0.0
2015,7,22,3,EV,4237,N14905,ORD,JAN,1940,1942.0,2.0,17.0,1959.0,121.0,120.0,93.0,677,2132.0,10.0,2141,2142.0,1.0,0,0,,0.0,0.0,0.0,0.0,0.0,2015-07-22,0,0.0,0.0,0.0,0.0,0.0
2015,8,27,4,DL,2319,N341NW,LGA,MSP,959,949.0,-10.0,41.0,1030.0,191.0,198.0,152.0,1020,1202.0,5.0,1210,1207.0,-3.0,0,0,,0.0,0.0,0.0,0.0,0.0,2015-08-27,0,0.0,0.0,0.0,0.0,0.0
2015,8,21,5,WN,384,N285WN,SDF,BWI,1740,1741.0,1.0,7.0,1748.0,95.0,82.0,70.0,495,1858.0,5.0,1915,1903.0,-12.0,0,0,,0.0,0.0,0.0,0.0,0.0,2015-08-21,0,0.0,0.0,0.0,0.0,0.0
2015,8,12,3,AA,1268,N403AA,DFW,SAT,2015,2026.0,11.0,12.0,2038.0,72.0,60.0,43.0,247,2121.0,5.0,2127,2126.0,-1.0,0,0,,0.0,0.0,0.0,0.0,0.0,2015-08-12,0,0.0,0.0,0.0,0.0,0.0
2015,7,29,3,AA,372,N565AA,DEN,DFW,1256,1250.0,-6.0,16.0,1306.0,117.0,112.0,85.0,641,1531.0,11.0,1553,1542.0,-11.0,0,0,,0.0,0.0,0.0,0.0,0.0,2015-07-29,0,0.0,0.0,0.0,0.0,0.0
2015,8,25,2,DL,996,N936DN,ATL,DEN,1935,1935.0,0.0,27.0,2002.0,203.0,195.0,158.0,1199,2040.0,10.0,2058,2050.0,-8.0,0,0,,0.0,0.0,0.0,0.0,0.0,2015-08-25,0,0.0,0.0,0.0,0.0,0.0
2015,7,23,4,F9,424,N931FR,ATL,CLE,1935,2048.0,73.0,17.0,2105.0,105.0,98.0,76.0,554,2221.0,5.0,2120,2226.0,66.0,0,0,,0.0,0.0,48.0,18.0,0.0,2015-07-23,1,0.0,0.0,65.75,24.66,0.0
2015,8,29,6,WN,3360,N257WN,BNA,CMH,1900,1905.0,5.0,8.0,1913.0,70.0,66.0,52.0,337,2105.0,6.0,2110,2111.0,1.0,0,0,,0.0,0.0,0.0,0.0,0.0,2015-08-29,0,0.0,0.0,0.0,0.0,0.0
2015,8,29,6,MQ,3458,N632MQ,CHA,ORD,1518,1510.0,-8.0,8.0,1518.0,112.0,97.0,84.0,501,1542.0,5.0,1610,1547.0,-23.0,0,0,,0.0,0.0,0.0,0.0,0.0,2015-08-29,0,0.0,0.0,0.0,0.0,0.0
2015,7,23,4,MQ,3662,N526MQ,BNA,LGA,940,937.0,-3.0,11.0,948.0,135.0,120.0,93.0,764,1221.0,16.0,1255,1237.0,-18.0,0,0,,0.0,0.0,0.0,0.0,0.0,2015-07-23,0,0.0,0.0,0.0,0.0,0.0
2015,8,2,7,UA,528,N588UA,LAX,BOS,730,725.0,-5.0,11.0,736.0,333.0,321.0,306.0,2611,1542.0,4.0,1603,1546.0,-17.0,0,0,,0.0,0.0,0.0,0.0,0.0,2015-08-02,0,0.0,0.0,0.0,0.0,0.0
2015,8,17,1,NK,1105,N604NK,DEN,SAN,710,706.0,-4.0,12.0,718.0,147.0,134.0,118.0,853,816.0,4.0,837,820.0,-17.0,0,0,,0.0,0.0,0.0,0.0,0.0,2015-08-17,0,0.0,0.0,0.0,0.0,0.0
2015,8,23,7,OO,3497,N224AG,COS,SEA,1210,1222.0,12.0,23.0,1245.0,180.0,191.0,151.0,1068,1416.0,17.0,1410,1433.0,23.0,0,0,,11.0,0.0,0.0,12.0,0.0,2015-08-23,0,91.67,0.0,0.0,100.0,0.0
2015,8,3,1,DL,2033,N920DL,ALB,ATL,1824,1916.0,52.0,11.0,1927.0,163.0,145.0,125.0,853,2132.0,9.0,2107,2141.0,34.0,0,0,,0.0,0.0,2.0,32.0,0.0,2015-08-03,1,0.0,0.0,3.85,61.54,0.0
2015,8,4,2,HA,327,N481HA,KOA,HNL,1703,1700.0,-3.0,9.0,1709.0,44.0,46.0,29.0,163,1738.0,8.0,1747,1746.0,-1.0,0,0,,0.0,0.0,0.0,0.0,0.0,2015-08-04,0,0.0,0.0,0.0,0.0,0.0
2015,8,17,1,WN,17,N527SW,DAL,HOU,1100,1054.0,-6.0,7.0,1101.0,60.0,59.0,43.0,239,1144.0,9.0,1200,1153.0,-7.0,0,0,,0.0,0.0,0.0,0.0,0.0,2015-08-17,0,0.0,0.0,0.0,0.0,0.0
2015,8,26,3,WN,2302,N7720F,MDW,MSY,730,728.0,-2.0,7.0,735.0,135.0,119.0,107.0,825,922.0,5.0,945,927.0,-18.0,0,0,,0.0,0.0,0.0,0.0,0.0,2015-08-26,0,0.0,0.0,0.0,0.0,0.0
2015,8,12,3,AS,300,N517AS,SEA,SFO,2140,2137.0,-3.0,18.0,2155.0,129.0,132.0,107.0,679,2342.0,7.0,2349,2349.0,0.0,0,0,,0.0,0.0,0.0,0.0,0.0,2015-08-12,0,0.0,0.0,0.0,0.0,0.0
2015,7,29,3,OO,2999,N496CA,FLG,PHX,700,652.0,-8.0,12.0,704.0,49.0,45.0,27.0,119,731.0,6.0,749,737.0,-12.0,0,0,,0.0,0.0,0.0,0.0,0.0,2015-07-29,0,0.0,0.0,0.0,0.0,0.0
2015,8,23,7,DL,1484,N6706Q,MSP,GEG,1130,1135.0,5.0,11.0,1146.0,182.0,175.0,161.0,1175,1227.0,3.0,1232,1230.0,-2.0,0,0,,0.0,0.0,0.0,0.0,0.0,2015-08-23,0,0.0,0.0,0.0,0.0,0.0
2015,8,23,7,WN,3775,N788SA,OAK,SNA,1440,1441.0,1.0,11.0,1452.0,80.0,82.0,67.0,371,1559.0,4.0,1600,1603.0,3.0,0,0,,0.0,0.0,0.0,0.0,0.0,2015-08-23,0,0.0,0.0,0.0,0.0,0.0
2015,8,23,7,DL,936,N984DL,ATL,DFW,2040,2045.0,5.0,15.0,2100.0,135.0,119.0,100.0,731,2140.0,4.0,2155,2144.0,-11.0,0,0,,0.0,0.0,0.0,0.0,0.0,2015-08-23,0,0.0,0.0,0.0,0.0,0.0
2015,8,6,4,EV,4602,N14180,XNA,EWR,1532,1519.0,-13.0,16.0,1535.0,177.0,180.0,156.0,1131,1911.0,8.0,1929,1919.0,-10.0,0,0,,0.0,0.0,0.0,0.0,0.0,2015-08-06,0,0.0,0.0,0.0,0.0,0.0
2015,8,23,7,UA,1618,N68811,DEN,LAS,1517,1518.0,1.0,11.0,1529.0,119.0,102.0,87.0,628,1556.0,4.0,1616,1600.0,-16.0,0,0,,0.0,0.0,0.0,0.0,0.0,2015-08-23,0,0.0,0.0,0.0,0.0,0.0
2015,8,10,1,B6,1583,N281JB,BOS,RDU,1717,1712.0,-5.0,29.0,1741.0,120.0,125.0,88.0,612,1909.0,8.0,1917,1917.0,0.0,0,0,,0.0,0.0,0.0,0.0,0.0,2015-08-10,0,0.0,0.0,0.0,0.0,0.0
2015,8,26,3,B6,1198,N565JB,MCO,LGA,1617,1621.0,4.0,10.0,1631.0,162.0,139.0,125.0,950,1836.0,4.0,1859,1840.0,-19.0,0,0,,0.0,0.0,0.0,0.0,0.0,2015-08-26,0,0.0,0.0,0.0,0.0,0.0
2015,8,3,1,DL,2224,N330NB,MSP,BIL,915,910.0,-5.0,16.0,926.0,124.0,127.0,106.0,748,1012.0,5.0,1019,1017.0,-2.0,0,0,,0.0,0.0,0.0,0.0,0.0,2015-08-03,0,0.0,0.0,0.0,0.0,0.0
2015,7,26,7,EV,4562,N13914,JAN,IAH,917,909.0,-8.0,10.0,919.0,74.0,70.0,53.0,351,1012.0,7.0,1031,1019.0,-12.0,0,0,,0.0,0.0,0.0,0.0,0.0,2015-07-26,0,0.0,0.0,0.0,0.0,0.0
2015,7,24,5,UA,1763,N38467,BOS,EWR,700,658.0,-2.0,17.0,715.0,83.0,75.0,49.0,200,804.0,9.0,823,813.0,-10.0,0,0,,0.0,0.0,0.0,0.0,0.0,2015-07-24,0,0.0,0.0,0.0,0.0,0.0
2015,7,26,7,EV,4420,N14171,ORF,EWR,755,800.0,5.0,8.0,808.0,88.0,74.0,59.0,284,907.0,7.0,923,914.0,-9.0,0,0,,0.0,0.0,0.0,0.0,0.0,2015-07-26,0,0.0,0.0,0.0,0.0,0.0
2015,8,19,3,NK,614,N519NK,MSP,ORD,1835,1833.0,-2.0,24.0,1857.0,90.0,94.0,57.0,334,1954.0,13.0,2005,2007.0,2.0,0,0,,0.0,0.0,0.0,0.0,0.0,2015-08-19,0,0.0,0.0,0.0,0.0,0.0
2015,7,27,1,UA,789,N816UA,PDX,DEN,530,526.0,-4.0,9.0,535.0,152.0,140.0,125.0,991,840.0,6.0,902,846.0,-16.0,0,0,,0.0,0.0,0.0,0.0,0.0,2015-07-27,0,0.0,0.0,0.0,0.0,0.0
2015,7,26,7,UA,1252,N37462,MCO,IAD,1854,1909.0,15.0,18.0,1927.0,140.0,129.0,104.0,758,2111.0,7.0,2114,2118.0,4.0,0,0,,0.0,0.0,0.0,0.0,0.0,2015-07-26,0,0.0,0.0,0.0,0.0,0.0
2015,8,12,3,AA,1129,N4XXAA,IND,DFW,1615,1614.0,-1.0,17.0,1631.0,139.0,142.0,107.0,761,1718.0,18.0,1734,1736.0,2.0,0,0,,0.0,0.0,0.0,0.0,0.0,2015-08-12,0,0.0,0.0,0.0,0.0,0.0
2015,8,11,2,DL,1272,N317US,ATL,MCI,810,809.0,-1.0,11.0,820.0,125.0,116.0,99.0,692,859.0,6.0,915,905.0,-10.0,0,0,,0.0,0.0,0.0,0.0,0.0,2015-08-11,0,0.0,0.0,0.0,0.0,0.0
2015,7,27,1,UA,741,N828UA,LGA,ORD,1600,1604.0,4.0,15.0,1619.0,175.0,140.0,111.0,733,1710.0,14.0,1755,1724.0,-31.0,0,0,,0.0,0.0,0.0,0.0,0.0,2015-07-27,0,0.0,0.0,0.0,0.0,0.0
2015,8,8,6,WN,2926,N7714B,OAK,DEN,1430,1440.0,10.0,6.0,1446.0,145.0,124.0,112.0,957,1738.0,6.0,1755,1744.0,-11.0,0,0,,0.0,0.0,0.0,0.0,0.0,2015-08-08,0,0.0,0.0,0.0,0.0,0.0
2015,8,25,2,DL,2624,N365NB,IND,MSP,1800,1815.0,15.0,29.0,1844.0,108.0,110.0,78.0,503,1902.0,3.0,1848,1905.0,17.0,0,0,,17.0,0.0,0.0,0.0,0.0,2015-08-25,0,113.33,0.0,0.0,0.0,0.0
2015,8,21,5,DL,749,N970DL,MIA,ATL,900,1006.0,66.0,29.0,1035.0,114.0,116.0,82.0,594,1157.0,5.0,1054,1202.0,68.0,0,0,,2.0,0.0,66.0,0.0,0.0,2015-08-21,1,3.03,0.0,100.0,0.0,0.0
2015,8,4,2,NK,823,N620NK,MYR,DFW,1202,1200.0,-2.0,12.0,1212.0,163.0,169.0,139.0,1048,1331.0,18.0,1345,1349.0,4.0,0,0,,0.0,0.0,0.0,0.0,0.0,2015-08-04,0,0.0,0.0,0.0,0.0,0.0
2015,8,6,4,WN,688,N251WN,CMH,BWI,2155,2148.0,-7.0,7.0,2155.0,80.0,64.0,54.0,337,2249.0,3.0,2315,2252.0,-23.0,0,0,,0.0,0.0,0.0,0.0,0.0,2015-08-06,0,0.0,0.0,0.0,0.0,0.0
2015,7,23,4,AA,202,N3AAAA,LAX,BOS,1230,1233.0,3.0,18.0,1251.0,340.0,329.0,295.0,2611,2046.0,16.0,2110,2102.0,-8.0,0,0,,0.0,0.0,0.0,0.0,0.0,2015-07-23,0,0.0,0.0,0.0,0.0,0.0
2015,8,10,1,WN,200,N929WN,LAS,SAN,1230,1223.0,-7.0,12.0,1235.0,70.0,62.0,45.0,258,1320.0,5.0,1340,1325.0,-15.0,0,0,,0.0,0.0,0.0,0.0,0.0,2015-08-10,0,0.0,0.0,0.0,0.0,0.0
2015,8,27,4,WN,2889,N8633A,BUF,MDW,635,634.0,-1.0,24.0,658.0,105.0,103.0,74.0,468,712.0,5.0,720,717.0,-3.0,0,0,,0.0,0.0,0.0,0.0,0.0,2015-08-27,0,0.0,0.0,0.0,0.0,0.0
2015,7,29,3,OO,4593,N548CA,DTW,IAH,849,952.0,63.0,25.0,1017.0,184.0,160.0,131.0,1075,1128.0,4.0,1053,1132.0,39.0,0,0,,0.0,0.0,0.0,39.0,0.0,2015-07-29,1,0.0,0.0,0.0,61.9,0.0
2015,7,31,5,WN,4989,N248WN,BUR,SMF,705,700.0,-5.0,13.0,713.0,75.0,71.0,54.0,358,807.0,4.0,820,811.0,-9.0,0,0,,0.0,0.0,0.0,0.0,0.0,2015-07-31,0,0.0,0.0,0.0,0.0,0.0
2015,8,1,6,HA,123,N476HA,HNL,LIH,727,726.0,-1.0,13.0,739.0,37.0,39.0,22.0,102,801.0,4.0,804,805.0,1.0,0,0,,0.0,0.0,0.0,0.0,0.0,2015-08-01,0,0.0,0.0,0.0,0.0,0.0
2015,8,4,2,WN,780,N780SW,MDW,RNO,1155,1219.0,24.0,11.0,1230.0,250.0,240.0,226.0,1680,1416.0,3.0,1405,1419.0,14.0,0,0,,0.0,0.0,0.0,0.0,0.0,2015-08-04,1,0.0,0.0,0.0,0.0,0.0
2015,8,16,7,WN,2895,N259WN,BNA,LAX,1800,1758.0,-2.0,9.0,1807.0,265.0,250.0,236.0,1797,2003.0,5.0,2025,2008.0,-17.0,0,0,,0.0,0.0,0.0,0.0,0.0,2015-08-16,0,0.0,0.0,0.0,0.0,0.0
2015,7,31,5,UA,1150,N24706,IAH,SAN,900,853.0,-7.0,13.0,906.0,192.0,179.0,162.0,1303,948.0,4.0,1012,952.0,-20.0,0,0,,0.0,0.0,0.0,0.0,0.0,2015-07-31,0,0.0,0.0,0.0,0.0,0.0
2015,7,23,4,UA,692,N472UA,ORD,LGA,1805,1812.0,7.0,18.0,1830.0,142.0,127.0,105.0,733,2115.0,4.0,2127,2119.0,-8.0,0,0,,0.0,0.0,0.0,0.0,0.0,2015-07-23,0,0.0,0.0,0.0,0.0,0.0
2015,7,31,5,WN,1874,N8313F,BUF,LAS,815,818.0,3.0,9.0,827.0,285.0,271.0,258.0,1986,945.0,4.0,1000,949.0,-11.0,0,0,,0.0,0.0,0.0,0.0,0.0,2015-07-31,0,0.0,0.0,0.0,0.0,0.0
2015,8,19,3,OO,5160,N730SK,IAH,ONT,918,919.0,1.0,36.0,955.0,206.0,205.0,163.0,1334,1038.0,6.0,1044,1044.0,0.0,0,0,,0.0,0.0,0.0,0.0,0.0,2015-08-19,0,0.0,0.0,0.0,0.0,0.0
2015,8,4,2,AA,936,N5FJAA,STT,JFK,1305,1330.0,25.0,8.0,1338.0,264.0,225.0,212.0,1623,1710.0,5.0,1729,1715.0,-14.0,0,0,,0.0,0.0,0.0,0.0,0.0,2015-08-04,1,0.0,0.0,0.0,0.0,0.0
2015,8,1,6,WN,4045,N8630B,DEN,SJC,2120,2113.0,-7.0,8.0,2121.0,150.0,139.0,127.0,948,2228.0,4.0,2250,2232.0,-18.0,0,0,,0.0,0.0,0.0,0.0,0.0,2015-08-01,0,0.0,0.0,0.0,0.0,0.0
2015,8,16,7,EV,4999,N856AS,MOB,ATL,1148,1145.0,-3.0,20.0,1205.0,77.0,91.0,56.0,302,1401.0,15.0,1405,1416.0,11.0,0,0,,0.0,0.0,0.0,0.0,0.0,2015-08-16,0,0.0,0.0,0.0,0.0,0.0
2015,7,26,7,DL,1311,N354NB,BNA,DTW,630,626.0,-4.0,12.0,638.0,99.0,87.0,65.0,456,843.0,10.0,909,853.0,-16.0,0,0,,0.0,0.0,0.0,0.0,0.0,2015-07-26,0,0.0,0.0,0.0,0.0,0.0
2015,8,23,7,WN,1564,N252WN,MSP,MDW,1155,1214.0,19.0,13.0,1227.0,90.0,75.0,57.0,349,1324.0,5.0,1325,1329.0,4.0,0,0,,0.0,0.0,0.0,0.0,0.0,2015-08-23,1,0.0,0.0,0.0,0.0,0.0
2015,8,21,5,WN,1493,N8313F,TPA,PHX,1800,1800.0,0.0,11.0,1811.0,260.0,243.0,224.0,1788,1855.0,8.0,1920,1903.0,-17.0,0,0,,0.0,0.0,0.0,0.0,0.0,2015-08-21,0,0.0,0.0,0.0,0.0,0.0
2015,8,6,4,AA,1741,N758US,DCA,PBI,1655,1653.0,-2.0,15.0,1708.0,153.0,161.0,141.0,857,1929.0,5.0,1928,1934.0,6.0,0,0,,0.0,0.0,0.0,0.0,0.0,2015-08-06,0,0.0,0.0,0.0,0.0,0.0
2015,8,19,3,WN,511,N946WN,OMA,DEN,645,717.0,32.0,10.0,727.0,95.0,84.0,69.0,472,736.0,5.0,720,741.0,21.0,0,0,,0.0,0.0,21.0,0.0,0.0,2015-08-19,1,0.0,0.0,65.62,0.0,0.0
2015,8,10,1,WN,2767,N966WN,OAK,ONT,2105,2122.0,17.0,7.0,2129.0,75.0,68.0,57.0,362,2226.0,4.0,2220,2230.0,10.0,0,0,,0.0,0.0,0.0,0.0,0.0,2015-08-10,1,0.0,0.0,0.0,0.0,0.0
2015,8,4,2,DL,1513,N938AT,ATL,DAL,1050,1049.0,-1.0,10.0,1059.0,133.0,112.0,97.0,721,1136.0,5.0,1203,1141.0,-22.0,0,0,,0.0,0.0,0.0,0.0,0.0,2015-08-04,0,0.0,0.0,0.0,0.0,0.0
2015,8,16,7,EV,5608,N712EV,ATL,GSO,1051,1056.0,5.0,16.0,1112.0,82.0,71.0,52.0,306,1204.0,3.0,1213,1207.0,-6.0,0,0,,0.0,0.0,0.0,0.0,0.0,2015-08-16,0,0.0,0.0,0.0,0.0,0.0
2015,8,23,7,DL,2229,N957AT,ATL,AGS,1736,1733.0,-3.0,13.0,1746.0,60.0,47.0,29.0,143,1815.0,5.0,1836,1820.0,-16.0,0,0,,0.0,0.0,0.0,0.0,0.0,2015-08-23,0,0.0,0.0,0.0,0.0,0.0
2015,8,23,7,OO,5640,N915SW,SBA,SFO,1235,1229.0,-6.0,11.0,1240.0,70.0,57.0,43.0,262,1323.0,3.0,1345,1326.0,-19.0,0,0,,0.0,0.0,0.0,0.0,0.0,2015-08-23,0,0.0,0.0,0.0,0.0,0.0
2015,8,10,1,EV,4456,N11539,CRP,IAH,707,700.0,-7.0,15.0,715.0,63.0,65.0,42.0,201,757.0,8.0,810,805.0,-5.0,0,0,,0.0,0.0,0.0,0.0,0.0,2015-08-10,0,0.0,0.0,0.0,0.0,0.0
2015,8,13,4,UA,1075,N13716,EWR,SNA,1900,1857.0,-3.0,25.0,1922.0,358.0,333.0,302.0,2434,2124.0,6.0,2158,2130.0,-28.0,0,0,,0.0,0.0,0.0,0.0,0.0,2015-08-13,0,0.0,0.0,0.0,0.0,0.0
2015,7,31,5,EV,6176,N14902,IAD,EWR,815,820.0,5.0,19.0,839.0,74.0,74.0,44.0,212,923.0,11.0,929,934.0,5.0,0,0,,0.0,0.0,0.0,0.0,0.0,2015-07-31,0,0.0,0.0,0.0,0.0,0.0
2015,8,26,3,UA,271,N850UA,DEN,JAC,1858,1905.0,7.0,15.0,1920.0,85.0,84.0,66.0,406,2026.0,3.0,2023,2029.0,6.0,0,0,,0.0,0.0,0.0,0.0,0.0,2015-08-26,0,0.0,0.0,0.0,0.0,0.0
2015,8,2,7,DL,871,N329NB,JAN,ATL,720,712.0,-8.0,18.0,730.0,84.0,80.0,51.0,341,921.0,11.0,944,932.0,-12.0,0,0,,0.0,0.0,0.0,0.0,0.0,2015-08-02,0,0.0,0.0,0.0,0.0,0.0
2015,7,30,4,WN,619,N207WN,MDW,FLL,1715,1838.0,83.0,8.0,1846.0,175.0,163.0,150.0,1167,2216.0,5.0,2110,2221.0,71.0,0,0,,0.0,0.0,71.0,0.0,0.0,2015-07-30,1,0.0,0.0,85.54,0.0,0.0
2015,8,20,4,OO,6435,N780SK,SAT,LAX,710,704.0,-6.0,16.0,720.0,198.0,199.0,168.0,1211,808.0,15.0,828,823.0,-5.0,0,0,,0.0,0.0,0.0,0.0,0.0,2015-08-20,0,0.0,0.0,0.0,0.0,0.0
2015,8,16,7,VX,1354,N851VA,SFO,BOS,1445,1448.0,3.0,13.0,1501.0,340.0,330.0,310.0,2704,2311.0,7.0,2325,2318.0,-7.0,0,0,,0.0,0.0,0.0,0.0,0.0,2015-08-16,0,0.0,0.0,0.0,0.0,0.0
2015,8,14,5,AS,531,N528AS,BUR,SEA,700,659.0,-1.0,18.0,717.0,145.0,138.0,115.0,937,912.0,5.0,925,917.0,-8.0,0,0,,0.0,0.0,0.0,0.0,0.0,2015-08-14,0,0.0,0.0,0.0,0.0,0.0
2015,7,22,3,AA,2498,N3BWAA,MIA,IAH,2110,2351.0,161.0,18.0,9.0,165.0,141.0,117.0,964,106.0,6.0,2255,112.0,137.0,0,0,,0.0,0.0,14.0,123.0,0.0,2015-07-22,1,0.0,0.0,8.7,76.4,0.0
2015,8,15,6,WN,4589,N615SW,PHX,ONT,1045,1045.0,0.0,15.0,1100.0,70.0,72.0,49.0,325,1149.0,8.0,1155,1157.0,2.0,0,0,,0.0,0.0,0.0,0.0,0.0,2015-08-15,0,0.0,0.0,0.0,0.0,0.0
2015,7,25,6,UA,1764,N74856,IAH,MCO,850,856.0,6.0,21.0,917.0,146.0,143.0,116.0,854,1213.0,6.0,1216,1219.0,3.0,0,0,,0.0,0.0,0.0,0.0,0.0,2015-07-25,0,0.0,0.0,0.0,0.0,0.0
2015,7,24,5,DL,1408,N322US,OAK,SLC,605,604.0,-1.0,11.0,615.0,107.0,92.0,73.0,588,828.0,8.0,852,836.0,-16.0,0,0,,0.0,0.0,0.0,0.0,0.0,2015-07-24,0,0.0,0.0,0.0,0.0,0.0
2015,8,8,6,AA,2280,N3GYAA,DFW,LAX,1715,1712.0,-3.0,22.0,1734.0,207.0,187.0,158.0,1235,1812.0,7.0,1842,1819.0,-23.0,0,0,,0.0,0.0,0.0,0.0,0.0,2015-08-08,0,0.0,0.0,0.0,0.0,0.0
2015,8,16,7,AA,241,N3LXAA,ORD,SFO,1358,1355.0,-3.0,14.0,1409.0,283.0,262.0,245.0,1846,1614.0,3.0,1641,1617.0,-24.0,0,0,,0.0,0.0,0.0,0.0,0.0,2015-08-16,0,0.0,0.0,0.0,0.0,0.0
2015,7,30,4,UA,1079,N38417,PHX,IAH,500,501.0,1.0,10.0,511.0,155.0,149.0,134.0,1009,925.0,5.0,935,930.0,-5.0,0,0,,0.0,0.0,0.0,0.0,0.0,2015-07-30,0,0.0,0.0,0.0,0.0,0.0
2015,8,10,1,DL,1681,N904DE,ATL,CMH,746,745.0,-1.0,11.0,756.0,87.0,85.0,69.0,447,905.0,5.0,913,910.0,-3.0,0,0,,0.0,0.0,0.0,0.0,0.0,2015-08-10,0,0.0,0.0,0.0,0.0,0.0
2015,8,13,4,DL,2175,N343NW,JFK,MSP,830,826.0,-4.0,34.0,900.0,197.0,182.0,142.0,1029,1022.0,6.0,1047,1028.0,-19.0,0,0,,0.0,0.0,0.0,0.0,0.0,2015-08-13,0,0.0,0.0,0.0,0.0,0.0
2015,7,26,7,OO,6417,N792SK,SFO,SNA,1556,1740.0,104.0,14.0,1754.0,98.0,87.0,67.0,372,1901.0,6.0,1734,1907.0,93.0,0,0,,0.0,0.0,93.0,0.0,0.0,2015-07-26,1,0.0,0.0,89.42,0.0,0.0
2015,8,26,3,OO,6477,N124SY,MIA,ORD,1232,1228.0,-4.0,25.0,1253.0,205.0,212.0,171.0,1197,1444.0,16.0,1457,1500.0,3.0,0,0,,0.0,0.0,0.0,0.0,0.0,2015-08-26,0,0.0,0.0,0.0,0.0,0.0
2015,8,30,7,AA,563,N554UW,MCO,PHX,1740,1736.0,-4.0,15.0,1751.0,263.0,260.0,239.0,1849,1850.0,6.0,1903,1856.0,-7.0,0,0,,0.0,0.0,0.0,0.0,0.0,2015-08-30,0,0.0,0.0,0.0,0.0,0.0
2015,8,16,7,AA,1652,N4XGAA,STL,ORD,505,500.0,-5.0,16.0,516.0,77.0,75.0,50.0,258,606.0,9.0,622,615.0,-7.0,0,0,,0.0,0.0,0.0,0.0,0.0,2015-08-16,0,0.0,0.0,0.0,0.0,0.0
2015,7,25,6,WN,4416,N788SA,OMA,MDW,1315,1311.0,-4.0,6.0,1317.0,85.0,70.0,59.0,423,1416.0,5.0,1440,1421.0,-19.0,0,0,,0.0,0.0,0.0,0.0,0.0,2015-07-25,0,0.0,0.0,0.0,0.0,0.0
2015,7,31,5,AA,1623,N472AA,IAH,DFW,500,453.0,-7.0,12.0,505.0,72.0,58.0,42.0,224,547.0,4.0,612,551.0,-21.0,0,0,,0.0,0.0,0.0,0.0,0.0,2015-07-31,0,0.0,0.0,0.0,0.0,0.0
2015,8,15,6,OO,2998,N496CA,PSP,PHX,750,741.0,-9.0,10.0,751.0,82.0,90.0,45.0,261,836.0,35.0,912,911.0,-1.0,0,0,,0.0,0.0,0.0,0.0,0.0,2015-08-15,0,0.0,0.0,0.0,0.0,0.0
2015,7,24,5,OO,5209,N969SW,COS,DEN,745,736.0,-9.0,18.0,754.0,47.0,49.0,19.0,73,813.0,12.0,832,825.0,-7.0,0,0,,0.0,0.0,0.0,0.0,0.0,2015-07-24,0,0.0,0.0,0.0,0.0,0.0
2015,8,11,2,WN,202,N776WN,PHX,PDX,2035,2048.0,13.0,12.0,2100.0,165.0,138.0,122.0,1009,2302.0,4.0,2320,2306.0,-14.0,0,0,,0.0,0.0,0.0,0.0,0.0,2015-08-11,0,0.0,0.0,0.0,0.0,0.0
2015,8,22,6,F9,1214,N910FR,MCO,PHL,840,830.0,-10.0,17.0,847.0,145.0,148.0,116.0,861,1043.0,15.0,1105,1058.0,-7.0,0,0,,0.0,0.0,0.0,0.0,0.0,2015-08-22,0,0.0,0.0,0.0,0.0,0.0
2015,7,26,7,EV,5051,N611QX,CID,ATL,1643,1638.0,-5.0,19.0,1657.0,119.0,119.0,90.0,694,1927.0,10.0,1942,1937.0,-5.0,0,0,,0.0,0.0,0.0,0.0,0.0,2015-07-26,0,0.0,0.0,0.0,0.0,0.0
2015,7,29,3,AA,2518,N3BKAA,ORD,MCO,1214,1212.0,-2.0,10.0,1222.0,168.0,148.0,130.0,1005,1532.0,8.0,1602,1540.0,-22.0,0,0,,0.0,0.0,0.0,0.0,0.0,2015-07-29,0,0.0,0.0,0.0,0.0,0.0
2015,8,17,1,AA,2456,N4XTAA,TPA,DFW,1246,1239.0,-7.0,16.0,1255.0,159.0,157.0,136.0,929,1411.0,5.0,1425,1416.0,-9.0,0,0,,0.0,0.0,0.0,0.0,0.0,2015-08-17,0,0.0,0.0,0.0,0.0,0.0
2015,8,17,1,UA,1576,N15751,MCI,ORD,1820,2052.0,152.0,90.0,2222.0,99.0,171.0,69.0,403,2331.0,12.0,1959,2343.0,224.0,0,0,,196.0,0.0,0.0,28.0,0.0,2015-08-17,1,128.95,0.0,0.0,18.42,0.0
2015,8,5,3,DL,2454,N937AT,ATL,GSP,1659,1657.0,-2.0,31.0,1728.0,64.0,67.0,33.0,153,1801.0,3.0,1803,1804.0,1.0,0,0,,0.0,0.0,0.0,0.0,0.0,2015-08-05,0,0.0,0.0,0.0,0.0,0.0
2015,8,10,1,OO,2922,N928EV,MKE,ORD,948,929.0,-19.0,14.0,943.0,51.0,56.0,25.0,67,1008.0,17.0,1039,1025.0,-14.0,0,0,,0.0,0.0,0.0,0.0,0.0,2015-08-10,0,0.0,0.0,0.0,0.0,0.0
2015,8,1,6,WN,1554,N684WN,MCO,STL,815,838.0,23.0,12.0,850.0,140.0,147.0,128.0,882,958.0,7.0,935,1005.0,30.0,0,0,,7.0,0.0,23.0,0.0,0.0,2015-08-01,1,30.43,0.0,100.0,0.0,0.0
2015,7,27,1,UA,1676,N79402,ORD,RSW,754,748.0,-6.0,34.0,822.0,176.0,180.0,143.0,1120,1145.0,3.0,1150,1148.0,-2.0,0,0,,0.0,0.0,0.0,0.0,0.0,2015-07-27,0,0.0,0.0,0.0,0.0,0.0
2015,8,3,1,OO,4521,N816SK,MSP,PSC,1126,1121.0,-5.0,10.0,1131.0,202.0,184.0,168.0,1254,1219.0,6.0,1248,1225.0,-23.0,0,0,,0.0,0.0,0.0,0.0,0.0,2015-08-03,0,0.0,0.0,0.0,0.0,0.0
2015,8,24,1,NK,812,N639NK,DFW,TPA,755,751.0,-4.0,12.0,803.0,150.0,138.0,119.0,929,1102.0,7.0,1125,1109.0,-16.0,0,0,,0.0,0.0,0.0,0.0,0.0,2015-08-24,0,0.0,0.0,0.0,0.0,0.0
2015,8,8,6,WN,4194,N7823A,TPA,PHL,1045,1045.0,0.0,7.0,1052.0,155.0,145.0,132.0,920,1304.0,6.0,1320,1310.0,-10.0,0,0,,0.0,0.0,0.0,0.0,0.0,2015-08-08,0,0.0,0.0,0.0,0.0,0.0
2015,8,25,2,DL,1086,N957DN,ATL,LGA,845,843.0,-2.0,17.0,900.0,133.0,128.0,102.0,762,1042.0,9.0,1058,1051.0,-7.0,0,0,,0.0,0.0,0.0,0.0,0.0,2015-08-25,0,0.0,0.0,0.0,0.0,0.0
2015,7,30,4,AA,683,N601AW,PHX,EWR,1520,1630.0,70.0,11.0,1641.0,284.0,259.0,241.0,2133,2342.0,7.0,2304,2349.0,45.0,0,0,,0.0,0.0,45.0,0.0,0.0,2015-07-30,1,0.0,0.0,64.29,0.0,0.0
2015,7,28,2,AA,2232,N424AA,SJC,DFW,1150,1216.0,26.0,12.0,1228.0,214.0,212.0,186.0,1438,1734.0,14.0,1724,1748.0,24.0,0,0,,0.0,0.0,6.0,18.0,0.0,2015-07-28,1,0.0,0.0,23.08,69.23,0.0
2015,8,2,7,AA,379,N4YPAA,DFW,MKE,1515,1507.0,-8.0,18.0,1525.0,148.0,137.0,112.0,853,1717.0,7.0,1743,1724.0,-19.0,0,0,,0.0,0.0,0.0,0.0,0.0,2015-08-02,0,0.0,0.0,0.0,0.0,0.0
2015,8,16,7,MQ,3239,N641MQ,DFW,SGF,2010,2004.0,-6.0,10.0,2014.0,87.0,72.0,58.0,364,2112.0,4.0,2137,2116.0,-21.0,0,0,,0.0,0.0,0.0,0.0,0.0,2015-08-16,0,0.0,0.0,0.0,0.0,0.0
2015,7,31,5,MQ,3404,N632MQ,SUX,ORD,1528,1522.0,-6.0,12.0,1534.0,104.0,91.0,68.0,436,1642.0,11.0,1712,1653.0,-19.0,0,0,,0.0,0.0,0.0,0.0,0.0,2015-07-31,0,0.0,0.0,0.0,0.0,0.0
2015,7,24,5,AA,624,N553UW,SEA,CLT,2210,2215.0,5.0,21.0,2236.0,291.0,282.0,252.0,2279,548.0,9.0,601,557.0,-4.0,0,0,,0.0,0.0,0.0,0.0,0.0,2015-07-24,0,0.0,0.0,0.0,0.0,0.0
2015,7,23,4,WN,285,N527SW,AUS,DAL,925,925.0,0.0,12.0,937.0,55.0,53.0,38.0,189,1015.0,3.0,1020,1018.0,-2.0,0,0,,0.0,0.0,0.0,0.0,0.0,2015-07-23,0,0.0,0.0,0.0,0.0,0.0
2015,7,23,4,WN,559,N7721E,SFO,SNA,1400,1538.0,98.0,16.0,1554.0,90.0,84.0,64.0,372,1658.0,4.0,1530,1702.0,92.0,0,0,,0.0,0.0,7.0,85.0,0.0,2015-07-23,1,0.0,0.0,7.14,86.73,0.0
2015,8,18,2,DL,2287,N943DN,MSP,BZN,858,856.0,-2.0,12.0,908.0,146.0,139.0,121.0,874,1009.0,6.0,1024,1015.0,-9.0,0,0,,0.0,0.0,0.0,0.0,0.0,2015-08-18,0,0.0,0.0,0.0,0.0,0.0
2015,8,25,2,B6,201,N323JB,JFK,FLL,1840,1837.0,-3.0,43.0,1920.0,199.0,221.0,163.0,1069,2203.0,15.0,2159,2218.0,19.0,0,0,,19.0,0.0,0.0,0.0,0.0,2015-08-25,0,-633.33,-0.0,-0.0,-0.0,-0.0
2015,7,29,3,HA,110,N484HA,LIH,HNL,700,656.0,-4.0,6.0,702.0,32.0,34.0,21.0,102,723.0,7.0,732,730.0,-2.0,0,0,,0.0,0.0,0.0,0.0,0.0,2015-07-29,0,0.0,0.0,0.0,0.0,0.0
2015,8,19,3,WN,2249,N799SW,MCO,SDF,1225,1224.0,-1.0,6.0,1230.0,125.0,108.0,97.0,719,1407.0,5.0,1430,1412.0,-18.0,0,0,,0.0,0.0,0.0,0.0,0.0,2015-08-19,0,0.0,0.0,0.0,0.0,0.0
2015,8,24,1,WN,852,N8322X,DEN,BWI,615,618.0,3.0,12.0,630.0,205.0,185.0,170.0,1491,1120.0,3.0,1140,1123.0,-17.0,0,0,,0.0,0.0,0.0,0.0,0.0,2015-08-24,0,0.0,0.0,0.0,0.0,0.0
2015,8,27,4,B6,153,N643JB,JFK,PBI,1859,1908.0,9.0,15.0,1923.0,189.0,165.0,145.0,1028,2148.0,5.0,2208,2153.0,-15.0,0,0,,0.0,0.0,0.0,0.0,0.0,2015-08-27,0,0.0,0.0,0.0,0.0,0.0
2015,8,12,3,F9,295,N938FR,TPA,DEN,730,724.0,-6.0,12.0,736.0,221.0,222.0,203.0,1506,859.0,7.0,911,906.0,-5.0,0,0,,0.0,0.0,0.0,0.0,0.0,2015-08-12,0,0.0,0.0,0.0,0.0,0.0
2015,8,8,6,WN,1499,N435WN,ATL,PBI,1100,1150.0,50.0,23.0,1213.0,115.0,104.0,75.0,545,1328.0,6.0,1255,1334.0,39.0,0,0,,0.0,0.0,0.0,0.0,39.0,2015-08-08,1,0.0,0.0,0.0,0.0,78.0
2015,8,12,3,MQ,3437,N918MQ,PIA,ORD,1017,1008.0,-9.0,10.0,1018.0,58.0,55.0,34.0,130,1052.0,11.0,1115,1103.0,-12.0,0,0,,0.0,0.0,0.0,0.0,0.0,2015-08-12,0,0.0,0.0,0.0,0.0,0.0
2015,8,19,3,UA,349,N434UA,AUS,IAD,718,712.0,-6.0,10.0,722.0,196.0,172.0,158.0,1297,1100.0,4.0,1134,1104.0,-30.0,0,0,,0.0,0.0,0.0,0.0,0.0,2015-08-19,0,0.0,0.0,0.0,0.0,0.0
2015,7,25,6,DL,719,N922AT,DTW,STL,1219,1215.0,-4.0,17.0,1232.0,95.0,95.0,73.0,440,1245.0,5.0,1254,1250.0,-4.0,0,0,,0.0,0.0,0.0,0.0,0.0,2015-07-25,0,0.0,0.0,0.0,0.0,0.0
2015,8,18,2,WN,1986,N480WN,LAS,DEN,1840,1853.0,13.0,9.0,1902.0,105.0,103.0,82.0,628,2124.0,12.0,2125,2136.0,11.0,0,0,,0.0,0.0,0.0,0.0,0.0,2015-08-18,0,0.0,0.0,0.0,0.0,0.0
2015,7,31,5,AA,2455,N855AA,DFW,LAX,2150,944.0,714.0,18.0,1002.0,202.0,175.0,149.0,1235,1031.0,8.0,2312,1039.0,687.0,0,0,,0.0,0.0,580.0,107.0,0.0,2015-07-31,1,0.0,0.0,81.23,14.99,0.0
2015,8,23,7,AA,32,N792AA,LAX,JFK,1415,1421.0,6.0,29.0,1450.0,344.0,337.0,299.0,2475,2249.0,9.0,2259,2258.0,-1.0,0,0,,0.0,0.0,0.0,0.0,0.0,2015-08-23,0,0.0,0.0,0.0,0.0,0.0
2015,8,8,6,OO,2923,N498CA,MKE,ORD,1538,1544.0,6.0,13.0,1557.0,51.0,49.0,23.0,67,1620.0,13.0,1629,1633.0,4.0,0,0,,0.0,0.0,0.0,0.0,0.0,2015-08-08,0,0.0,0.0,0.0,0.0,0.0
2015,8,26,3,OO,6229,N138SY,ORD,ATL,1740,1743.0,3.0,20.0,1803.0,124.0,111.0,79.0,606,2022.0,12.0,2044,2034.0,-10.0,0,0,,0.0,0.0,0.0,0.0,0.0,2015-08-26,0,0.0,0.0,0.0,0.0,0.0
2015,8,2,7,HA,8,N374HA,HNL,LAS,2235,2223.0,-12.0,19.0,2242.0,335.0,333.0,307.0,2762,649.0,7.0,710,656.0,-14.0,0,0,,0.0,0.0,0.0,0.0,0.0,2015-08-02,0,0.0,0.0,0.0,0.0,0.0
2015,8,19,3,DL,679,N975AT,PDX,LAX,651,649.0,-2.0,10.0,659.0,149.0,134.0,117.0,834,856.0,7.0,920,903.0,-17.0,0,0,,0.0,0.0,0.0,0.0,0.0,2015-08-19,0,0.0,0.0,0.0,0.0,0.0
2015,8,7,5,DL,1772,N665DN,PHX,ATL,1304,1305.0,1.0,13.0,1318.0,233.0,217.0,198.0,1587,1936.0,6.0,1957,1942.0,-15.0,0,0,,0.0,0.0,0.0,0.0,0.0,2015-08-07,0,0.0,0.0,0.0,0.0,0.0
2015,8,24,1,WN,2135,N7702A,CMH,BWI,1155,1149.0,-6.0,7.0,1156.0,70.0,67.0,55.0,337,1251.0,5.0,1305,1256.0,-9.0,0,0,,0.0,0.0,0.0,0.0,0.0,2015-08-24,0,0.0,0.0,0.0,0.0,0.0
2015,7,27,1,WN,657,N208WN,PVD,MCO,1145,1200.0,15.0,7.0,1207.0,175.0,157.0,143.0,1072,1430.0,7.0,1440,1437.0,-3.0,0,0,,0.0,0.0,0.0,0.0,0.0,2015-07-27,0,0.0,0.0,0.0,0.0,0.0
2015,8,21,5,UA,418,N407UA,LAS,EWR,627,622.0,-5.0,13.0,635.0,298.0,283.0,265.0,2227,1400.0,5.0,1425,1405.0,-20.0,0,0,,0.0,0.0,0.0,0.0,0.0,2015-08-21,0,0.0,0.0,0.0,0.0,0.0
2015,8,9,7,DL,1549,N554NW,MSP,ATL,1735,1739.0,4.0,20.0,1759.0,150.0,139.0,109.0,907,2048.0,10.0,2105,2058.0,-7.0,0,0,,0.0,0.0,0.0,0.0,0.0,2015-08-09,0,0.0,0.0,0.0,0.0,0.0
2015,8,2,7,UA,576,N839UA,DEN,ICT,1725,1731.0,6.0,9.0,1740.0,89.0,68.0,55.0,420,1935.0,4.0,1954,1939.0,-15.0,0,0,,0.0,0.0,0.0,0.0,0.0,2015-08-02,0,0.0,0.0,0.0,0.0,0.0
2015,8,3,1,NK,202,N613NK,DFW,BWI,1330,1335.0,5.0,18.0,1353.0,185.0,170.0,145.0,1217,1718.0,7.0,1735,1725.0,-10.0,0,0,,0.0,0.0,0.0,0.0,0.0,2015-08-03,0,0.0,0.0,0.0,0.0,0.0
2015,8,19,3,EV,5333,N744EV,MSP,FSD,1520,1543.0,23.0,22.0,1605.0,63.0,59.0,34.0,196,1639.0,3.0,1623,1642.0,19.0,0,0,,0.0,0.0,0.0,19.0,0.0,2015-08-19,1,0.0,0.0,0.0,82.61,0.0
2015,7,29,3,OO,5516,N959SW,LNK,DEN,654,645.0,-9.0,9.0,654.0,91.0,83.0,67.0,423,701.0,7.0,725,708.0,-17.0,0,0,,0.0,0.0,0.0,0.0,0.0,2015-07-29,0,0.0,0.0,0.0,0.0,0.0
2015,8,11,2,AA,469,N919US,CLT,ATL,755,751.0,-4.0,25.0,816.0,79.0,78.0,41.0,226,857.0,12.0,914,909.0,-5.0,0,0,,0.0,0.0,0.0,0.0,0.0,2015-08-11,0,0.0,0.0,0.0,0.0,0.0
2015,8,14,5,AS,617,N562AS,LAS,SEA,920,1012.0,52.0,23.0,1035.0,147.0,179.0,121.0,867,1236.0,35.0,1147,1311.0,84.0,0,0,,84.0,0.0,0.0,0.0,0.0,2015-08-14,1,161.54,0.0,0.0,0.0,0.0
2015,8,8,6,AA,2443,N3HBAA,MIA,DEN,1415,1422.0,7.0,13.0,1435.0,260.0,230.0,211.0,1709,1606.0,6.0,1635,1612.0,-23.0,0,0,,0.0,0.0,0.0,0.0,0.0,2015-08-08,0,0.0,0.0,0.0,0.0,0.0
2015,7,26,7,OO,6533,N903SW,SJC,DEN,1003,1012.0,9.0,10.0,1022.0,157.0,149.0,132.0,948,1334.0,7.0,1340,1341.0,1.0,0,0,,0.0,0.0,0.0,0.0,0.0,2015-07-26,0,0.0,0.0,0.0,0.0,0.0
2015,8,7,5,WN,1257,N931WN,DCA,HOU,1150,1144.0,-6.0,17.0,1201.0,195.0,180.0,157.0,1218,1338.0,6.0,1405,1344.0,-21.0,0,0,,0.0,0.0,0.0,0.0,0.0,2015-08-07,0,0.0,0.0,0.0,0.0,0.0
2015,8,24,1,AA,919,N020AA,MIA,TPA,2000,2000.0,0.0,21.0,2021.0,68.0,64.0,39.0,204,2100.0,4.0,2108,2104.0,-4.0,0,0,,0.0,0.0,0.0,0.0,0.0,2015-08-24,0,0.0,0.0,0.0,0.0,0.0
2015,8,13,4,B6,1417,N520JB,AUS,LGB,1704,1810.0,66.0,11.0,1821.0,175.0,166.0,150.0,1226,1851.0,5.0,1759,1856.0,57.0,0,0,,0.0,0.0,23.0,34.0,0.0,2015-08-13,1,0.0,0.0,34.85,51.52,0.0
2015,8,10,1,OO,4545,N457SW,SLC,TUS,2005,2007.0,2.0,18.0,2025.0,113.0,114.0,91.0,601,2056.0,5.0,2058,2101.0,3.0,0,0,,0.0,0.0,0.0,0.0,0.0,2015-08-10,0,0.0,0.0,0.0,0.0,0.0
2015,8,29,6,UA,1963,N57863,LAX,IAH,1230,1229.0,-1.0,14.0,1243.0,197.0,189.0,166.0,1379,1729.0,9.0,1747,1738.0,-9.0,0,0,,0.0,0.0,0.0,0.0,0.0,2015-08-29,0,0.0,0.0,0.0,0.0,0.0
2015,8,7,5,AA,1715,N755US,BDL,CLT,1255,1251.0,-4.0,15.0,1306.0,128.0,124.0,103.0,644,1449.0,6.0,1503,1455.0,-8.0,0,0,,0.0,0.0,0.0,0.0,0.0,2015-08-07,0,0.0,0.0,0.0,0.0,0.0
2015,8,30,7,WN,453,N959WN,BWI,MCO,1615,1617.0,2.0,12.0,1629.0,140.0,135.0,116.0,787,1825.0,7.0,1835,1832.0,-3.0,0,0,,0.0,0.0,0.0,0.0,0.0,2015-08-30,0,0.0,0.0,0.0,0.0,0.0
2015,8,15,6,DL,1116,N997AT,ATL,MDW,1400,1358.0,-2.0,15.0,1413.0,123.0,103.0,81.0,591,1434.0,7.0,1503,1441.0,-22.0,0,0,,0.0,0.0,0.0,0.0,0.0,2015-08-15,0,0.0,0.0,0.0,0.0,0.0
2015,8,10,1,WN,1750,N355SW,MKE,BOS,1925,2025.0,60.0,12.0,2037.0,130.0,125.0,107.0,860,2324.0,6.0,2235,2330.0,55.0,0,0,,0.0,0.0,50.0,5.0,0.0,2015-08-10,1,0.0,0.0,83.33,8.33,0.0
2015,8,3,1,B6,2802,N258JB,JFK,BUF,605,705.0,60.0,22.0,727.0,76.0,78.0,51.0,301,818.0,5.0,721,823.0,62.0,0,0,,2.0,60.0,0.0,0.0,0.0,2015-08-03,1,3.33,100.0,0.0,0.0,0.0
2015,8,24,1,EV,4576,N14905,BNA,EWR,1559,1542.0,-17.0,13.0,1555.0,137.0,140.0,111.0,748,1846.0,16.0,1916,1902.0,-14.0,0,0,,0.0,0.0,0.0,0.0,0.0,2015-08-24,0,0.0,0.0,0.0,0.0,0.0
2015,7,29,3,WN,1090,N200WN,MSY,LAX,835,834.0,-1.0,7.0,841.0,235.0,230.0,204.0,1670,1005.0,19.0,1030,1024.0,-6.0,0,0,,0.0,0.0,0.0,0.0,0.0,2015-07-29,0,0.0,0.0,0.0,0.0,0.0
2015,8,10,1,WN,274,N7752B,PDX,LAS,1845,1844.0,-1.0,10.0,1854.0,130.0,133.0,117.0,763,2051.0,6.0,2055,2057.0,2.0,0,0,,0.0,0.0,0.0,0.0,0.0,2015-08-10,0,0.0,0.0,0.0,0.0,0.0
2015,7,28,2,DL,1171,N981DL,ATL,DFW,1230,1227.0,-3.0,15.0,1242.0,138.0,123.0,100.0,731,1322.0,8.0,1348,1330.0,-18.0,0,0,,0.0,0.0,0.0,0.0,0.0,2015-07-28,0,0.0,0.0,0.0,0.0,0.0
2015,8,7,5,UA,1082,N37281,SEA,EWR,600,551.0,-9.0,16.0,607.0,314.0,294.0,271.0,2402,1338.0,7.0,1414,1345.0,-29.0,0,0,,0.0,0.0,0.0,0.0,0.0,2015-08-07,0,0.0,0.0,0.0,0.0,0.0
2015,8,16,7,UA,1464,N78524,DEN,LAX,1300,1256.0,-4.0,12.0,1308.0,146.0,133.0,116.0,862,1404.0,5.0,1426,1409.0,-17.0,0,0,,0.0,0.0,0.0,0.0,0.0,2015-08-16,0,0.0,0.0,0.0,0.0,0.0
2015,7,29,3,EV,4234,N15912,ORD,MLI,1222,1221.0,-1.0,36.0,1257.0,50.0,68.0,27.0,139,1324.0,5.0,1312,1329.0,17.0,0,0,,17.0,0.0,0.0,0.0,0.0,2015-07-29,0,-1700.0,-0.0,-0.0,-0.0,-0.0
2015,8,30,7,AA,450,N658AW,BOS,PHX,1010,1029.0,19.0,15.0,1044.0,330.0,312.0,293.0,2300,1237.0,4.0,1240,1241.0,1.0,0,0,,0.0,0.0,0.0,0.0,0.0,2015-08-30,1,0.0,0.0,0.0,0.0,0.0
2015,8,8,6,AS,356,N457AS,SEA,OAK,2145,2140.0,-5.0,19.0,2159.0,125.0,122.0,97.0,672,2336.0,6.0,2350,2342.0,-8.0,0,0,,0.0,0.0,0.0,0.0,0.0,2015-08-08,0,0.0,0.0,0.0,0.0,0.0
2015,8,17,1,AA,294,N455AA,DFW,ORF,1029,1134.0,65.0,10.0,1144.0,184.0,159.0,145.0,1212,1509.0,4.0,1433,1513.0,40.0,0,0,,0.0,0.0,1.0,39.0,0.0,2015-08-17,1,0.0,0.0,1.54,60.0,0.0
2015,8,16,7,DL,2023,N304DQ,CHS,ATL,530,530.0,0.0,8.0,538.0,68.0,58.0,45.0,259,623.0,5.0,638,628.0,-10.0,0,0,,0.0,0.0,0.0,0.0,0.0,2015-08-16,0,0.0,0.0,0.0,0.0,0.0
2015,8,5,3,EV,4371,N15527,HSV,IAH,612,602.0,-10.0,9.0,611.0,113.0,106.0,90.0,595,741.0,7.0,805,748.0,-17.0,0,0,,0.0,0.0,0.0,0.0,0.0,2015-08-05,0,0.0,0.0,0.0,0.0,0.0
2015,8,3,1,DL,1907,N683DA,ATL,MCI,2010,2006.0,-4.0,18.0,2024.0,131.0,120.0,95.0,692,2059.0,7.0,2121,2106.0,-15.0,0,0,,0.0,0.0,0.0,0.0,0.0,2015-08-03,0,0.0,0.0,0.0,0.0,0.0
2015,8,24,1,AS,505,N552AS,SNA,SEA,1945,1936.0,-9.0,10.0,1946.0,150.0,171.0,137.0,978,2203.0,24.0,2215,2227.0,12.0,0,0,,0.0,0.0,0.0,0.0,0.0,2015-08-24,0,0.0,0.0,0.0,0.0,0.0
2015,8,18,2,DL,1305,N960DN,DTW,RDU,2017,2003.0,-14.0,27.0,2030.0,106.0,103.0,71.0,501,2141.0,5.0,2203,2146.0,-17.0,0,0,,0.0,0.0,0.0,0.0,0.0,2015-08-18,0,0.0,0.0,0.0,0.0,0.0
2015,7,27,1,WN,32,N514SW,HRL,HOU,1215,1209.0,-6.0,11.0,1220.0,60.0,61.0,45.0,277,1305.0,5.0,1315,1310.0,-5.0,0,0,,0.0,0.0,0.0,0.0,0.0,2015-07-27,0,0.0,0.0,0.0,0.0,0.0
2015,8,3,1,OO,5362,N975SW,LAX,SBA,1137,1240.0,63.0,18.0,1258.0,50.0,45.0,21.0,89,1319.0,6.0,1227,1325.0,58.0,0,0,,0.0,0.0,0.0,58.0,0.0,2015-08-03,1,0.0,0.0,0.0,92.06,0.0
2015,7,30,4,UA,1956,N69835,IAD,IAH,545,705.0,80.0,10.0,715.0,183.0,161.0,147.0,1190,842.0,4.0,748,846.0,58.0,0,0,,0.0,0.0,58.0,0.0,0.0,2015-07-30,1,0.0,0.0,72.5,0.0,0.0
2015,8,9,7,EV,3825,N16183,ORD,DSM,1859,1905.0,6.0,16.0,1921.0,81.0,71.0,51.0,299,2012.0,4.0,2020,2016.0,-4.0,0,0,,0.0,0.0,0.0,0.0,0.0,2015-08-09,0,0.0,0.0,0.0,0.0,0.0
2015,8,9,7,WN,3063,N630WN,MDW,STL,1525,1541.0,16.0,15.0,1556.0,60.0,61.0,43.0,251,1639.0,3.0,1625,1642.0,17.0,0,0,,1.0,0.0,16.0,0.0,0.0,2015-08-09,1,6.25,0.0,100.0,0.0,0.0
2015,8,29,6,AS,28,N588AS,SEA,MSP,1840,1848.0,8.0,12.0,1900.0,195.0,179.0,163.0,1399,2343.0,4.0,2355,2347.0,-8.0,0,0,,0.0,0.0,0.0,0.0,0.0,2015-08-29,0,0.0,0.0,0.0,0.0,0.0
2015,7,30,4,DL,1862,N371NB,MSY,ATL,1515,1512.0,-3.0,27.0,1539.0,97.0,103.0,67.0,425,1746.0,9.0,1752,1755.0,3.0,0,0,,0.0,0.0,0.0,0.0,0.0,2015-07-30,0,0.0,0.0,0.0,0.0,0.0
2015,7,29,3,DL,2418,N347NB,DTW,BWI,1520,1540.0,20.0,37.0,1617.0,92.0,112.0,69.0,409,1726.0,6.0,1652,1732.0,40.0,0,0,,20.0,0.0,8.0,12.0,0.0,2015-07-29,1,100.0,0.0,40.0,60.0,0.0
2015,7,31,5,MQ,3198,N679MQ,FAR,DFW,655,651.0,-4.0,11.0,702.0,165.0,148.0,131.0,968,913.0,6.0,940,919.0,-21.0,0,0,,0.0,0.0,0.0,0.0,0.0,2015-07-31,0,0.0,0.0,0.0,0.0,0.0
2015,8,9,7,MQ,3082,N627MQ,ORD,MEM,2012,2006.0,-6.0,9.0,2015.0,111.0,86.0,74.0,491,2129.0,3.0,2203,2132.0,-31.0,0,0,,0.0,0.0,0.0,0.0,0.0,2015-08-09,0,0.0,0.0,0.0,0.0,0.0
2015,8,4,2,WN,1549,N708SW,LAS,SLC,2140,2153.0,13.0,12.0,2205.0,75.0,70.0,54.0,368,2359.0,4.0,2355,3.0,8.0,0,0,,0.0,0.0,0.0,0.0,0.0,2015-08-04,0,0.0,0.0,0.0,0.0,0.0
2015,7,23,4,WN,311,N765SW,PHX,AUS,1015,1015.0,0.0,16.0,1031.0,135.0,134.0,114.0,872,1425.0,4.0,1430,1429.0,-1.0,0,0,,0.0,0.0,0.0,0.0,0.0,2015-07-23,0,0.0,0.0,0.0,0.0,0.0
2015,7,23,4,WN,4309,N7733B,DEN,SJC,1755,1756.0,1.0,13.0,1809.0,155.0,151.0,135.0,948,1924.0,3.0,1930,1927.0,-3.0,0,0,,0.0,0.0,0.0,0.0,0.0,2015-07-23,0,0.0,0.0,0.0,0.0,0.0
2015,7,30,4,UA,369,N827UA,IAH,LGA,1745,1940.0,115.0,36.0,2016.0,227.0,212.0,172.0,1416,8.0,4.0,2232,12.0,100.0,0,0,,0.0,0.0,32.0,68.0,0.0,2015-07-30,1,0.0,0.0,27.83,59.13,0.0
2015,7,27,1,DL,1891,N940DN,ATL,TPA,935,934.0,-1.0,11.0,945.0,85.0,83.0,68.0,406,1053.0,4.0,1100,1057.0,-3.0,0,0,,0.0,0.0,0.0,0.0,0.0,2015-07-27,0,0.0,0.0,0.0,0.0,0.0
2015,8,28,5,DL,1711,N951DL,ATL,DFW,2215,2215.0,0.0,21.0,2236.0,133.0,127.0,102.0,731,2318.0,4.0,2328,2322.0,-6.0,0,0,,0.0,0.0,0.0,0.0,0.0,2015-08-28,0,0.0,0.0,0.0,0.0,0.0
2015,8,29,6,WN,4987,N719SW,RSW,MDW,1615,1638.0,23.0,7.0,1645.0,175.0,148.0,135.0,1105,1800.0,6.0,1810,1806.0,-4.0,0,0,,0.0,0.0,0.0,0.0,0.0,2015-08-29,1,0.0,0.0,0.0,0.0,0.0
2015,8,16,7,DL,2560,N374NW,BWI,SLC,750,744.0,-6.0,12.0,756.0,279.0,264.0,240.0,1865,956.0,12.0,1029,1008.0,-21.0,0,0,,0.0,0.0,0.0,0.0,0.0,2015-08-16,0,0.0,0.0,0.0,0.0,0.0
2015,8,5,3,EV,5295,N920EV,VLD,ATL,1625,1647.0,22.0,16.0,1703.0,71.0,66.0,42.0,208,1745.0,8.0,1736,1753.0,17.0,0,0,,0.0,0.0,0.0,17.0,0.0,2015-08-05,1,0.0,0.0,0.0,77.27,0.0
2015,7,27,1,NK,303,N624NK,MCO,FLL,2102,2056.0,-6.0,11.0,2107.0,61.0,49.0,35.0,177,2142.0,3.0,2203,2145.0,-18.0,0,0,,0.0,0.0,0.0,0.0,0.0,2015-07-27,0,0.0,0.0,0.0,0.0,0.0
2015,8,4,2,DL,2123,N522US,JAX,ATL,830,826.0,-4.0,14.0,840.0,77.0,65.0,43.0,270,923.0,8.0,947,931.0,-16.0,0,0,,0.0,0.0,0.0,0.0,0.0,2015-08-04,0,0.0,0.0,0.0,0.0,0.0
2015,8,30,7,B6,630,N703JB,BQN,MCO,1242,1307.0,25.0,15.0,1322.0,169.0,180.0,155.0,1129,1557.0,10.0,1531,1607.0,36.0,0,0,,11.0,0.0,10.0,15.0,0.0,2015-08-30,1,44.0,0.0,40.0,60.0,0.0
2015,7,25,6,B6,1621,N729JB,PDX,LGB,1841,1836.0,-5.0,12.0,1848.0,138.0,127.0,112.0,846,2040.0,3.0,2059,2043.0,-16.0,0,0,,0.0,0.0,0.0,0.0,0.0,2015-07-25,0,0.0,0.0,0.0,0.0,0.0
2015,8,8,6,B6,1125,N228JB,RDU,FLL,1137,1127.0,-10.0,15.0,1142.0,123.0,115.0,96.0,680,1318.0,4.0,1340,1322.0,-18.0,0,0,,0.0,0.0,0.0,0.0,0.0,2015-08-08,0,0.0,0.0,0.0,0.0,0.0
2015,8,25,2,WN,2287,N8655D,MDW,LGA,2000,2018.0,18.0,10.0,2028.0,120.0,110.0,94.0,725,2302.0,6.0,2300,2308.0,8.0,0,0,,0.0,0.0,0.0,0.0,0.0,2015-08-25,1,0.0,0.0,0.0,0.0,0.0
2015,8,14,5,OO,5298,N874AS,MKE,ORD,1737,1738.0,1.0,11.0,1749.0,53.0,41.0,20.0,67,1809.0,10.0,1830,1819.0,-11.0,0,0,,0.0,0.0,0.0,0.0,0.0,2015-08-14,0,0.0,0.0,0.0,0.0,0.0
2015,8,28,5,DL,424,N152DL,JFK,LAX,720,720.0,0.0,21.0,741.0,375.0,353.0,319.0,2475,1000.0,13.0,1035,1013.0,-22.0,0,0,,0.0,0.0,0.0,0.0,0.0,2015-08-28,0,0.0,0.0,0.0,0.0,0.0
2015,8,16,7,AA,2216,N3CYAA,PHX,MIA,59,59.0,0.0,14.0,113.0,265.0,280.0,244.0,1972,817.0,22.0,824,839.0,15.0,0,0,,15.0,0.0,0.0,0.0,0.0,2015-08-16,0,inf,0.0,0.0,0.0,0.0
2015,8,15,6,WN,53,N464WN,DEN,SMF,2050,2056.0,6.0,14.0,2110.0,150.0,150.0,132.0,909,2222.0,4.0,2220,2226.0,6.0,0,0,,0.0,0.0,0.0,0.0,0.0,2015-08-15,0,0.0,0.0,0.0,0.0,0.0
2015,7,23,4,AA,110,N3BAAA,LAX,ORD,930,929.0,-1.0,17.0,946.0,259.0,235.0,203.0,1744,1509.0,15.0,1549,1524.0,-25.0,0,0,,0.0,0.0,0.0,0.0,0.0,2015-07-23,0,0.0,0.0,0.0,0.0,0.0
2015,7,31,5,AA,1920,N716UW,MSY,CLT,1620,1616.0,-4.0,9.0,1625.0,119.0,109.0,91.0,651,1856.0,9.0,1919,1905.0,-14.0,0,0,,0.0,0.0,0.0,0.0,0.0,2015-07-31,0,0.0,0.0,0.0,0.0,0.0
2015,8,15,6,B6,94,N316JB,MCO,HPN,1042,1038.0,-4.0,12.0,1050.0,162.0,181.0,165.0,972,1335.0,4.0,1324,1339.0,15.0,0,0,,15.0,0.0,0.0,0.0,0.0,2015-08-15,0,-375.0,-0.0,-0.0,-0.0,-0.0
2015,7,29,3,UA,791,N418UA,LGA,IAH,1650,1649.0,-1.0,14.0,1703.0,236.0,202.0,185.0,1416,1908.0,3.0,1946,1911.0,-35.0,0,0,,0.0,0.0,0.0,0.0,0.0,2015-07-29,0,0.0,0.0,0.0,0.0,0.0
2015,8,28,5,DL,2387,N978DL,ATL,DAB,930,932.0,2.0,10.0,942.0,83.0,73.0,58.0,366,1040.0,5.0,1053,1045.0,-8.0,0,0,,0.0,0.0,0.0,0.0,0.0,2015-08-28,0,0.0,0.0,0.0,0.0,0.0
2015,8,28,5,B6,527,N579JB,EWR,MCO,2125,2127.0,2.0,28.0,2155.0,153.0,164.0,129.0,937,4.0,7.0,2358,11.0,13.0,0,0,,0.0,0.0,0.0,0.0,0.0,2015-08-28,0,0.0,0.0,0.0,0.0,0.0
2015,7,28,2,NK,242,N522NK,ATL,CLE,835,844.0,9.0,20.0,904.0,112.0,104.0,77.0,554,1021.0,7.0,1027,1028.0,1.0,0,0,,0.0,0.0,0.0,0.0,0.0,2015-07-28,0,0.0,0.0,0.0,0.0,0.0
2015,8,15,6,DL,1985,N315NB,MSP,MSO,1937,1931.0,-6.0,12.0,1943.0,172.0,169.0,152.0,1013,2115.0,5.0,2129,2120.0,-9.0,0,0,,0.0,0.0,0.0,0.0,0.0,2015-08-15,0,0.0,0.0,0.0,0.0,0.0
2015,8,13,4,B6,324,N935JB,LAX,JFK,1235,1226.0,-9.0,14.0,1240.0,341.0,316.0,297.0,2475,2037.0,5.0,2116,2042.0,-34.0,0,0,,0.0,0.0,0.0,0.0,0.0,2015-08-13,0,0.0,0.0,0.0,0.0,0.0
2015,8,14,5,DL,2586,N809DN,MCO,ATL,1830,1959.0,89.0,13.0,2012.0,110.0,85.0,62.0,404,2114.0,10.0,2020,2124.0,64.0,0,0,,0.0,0.0,0.0,0.0,64.0,2015-08-14,1,0.0,0.0,0.0,0.0,71.91
2015,8,29,6,AA,2520,N3GBAA,MIA,TPA,944,940.0,-4.0,29.0,1009.0,72.0,65.0,33.0,204,1042.0,3.0,1056,1045.0,-11.0,0,0,,0.0,0.0,0.0,0.0,0.0,2015-08-29,0,0.0,0.0,0.0,0.0,0.0
2015,8,13,4,WN,2246,N740SW,HOU,DCA,1515,1517.0,2.0,10.0,1527.0,180.0,176.0,161.0,1218,1908.0,5.0,1915,1913.0,-2.0,0,0,,0.0,0.0,0.0,0.0,0.0,2015-08-13,0,0.0,0.0,0.0,0.0,0.0
2015,8,8,6,DL,679,N928AT,PDX,LAX,630,626.0,-4.0,16.0,642.0,150.0,142.0,116.0,834,838.0,10.0,900,848.0,-12.0,0,0,,0.0,0.0,0.0,0.0,0.0,2015-08-08,0,0.0,0.0,0.0,0.0,0.0
2015,8,25,2,DL,2477,N343NB,DTW,MKE,1742,1736.0,-6.0,14.0,1750.0,72.0,58.0,39.0,237,1729.0,5.0,1754,1734.0,-20.0,0,0,,0.0,0.0,0.0,0.0,0.0,2015-08-25,0,0.0,0.0,0.0,0.0,0.0
2015,8,10,1,WN,2032,N658SW,OAK,LAX,635,638.0,3.0,11.0,649.0,80.0,75.0,59.0,337,748.0,5.0,755,753.0,-2.0,0,0,,0.0,0.0,0.0,0.0,0.0,2015-08-10,0,0.0,0.0,0.0,0.0,0.0
2015,8,13,4,AA,565,N703UW,PHL,DFW,715,708.0,-7.0,18.0,726.0,206.0,193.0,163.0,1303,909.0,12.0,941,921.0,-20.0,0,0,,0.0,0.0,0.0,0.0,0.0,2015-08-13,0,0.0,0.0,0.0,0.0,0.0
2015,7,29,3,B6,111,N597JB,BOS,ORD,800,758.0,-2.0,16.0,814.0,162.0,153.0,122.0,867,916.0,15.0,942,931.0,-11.0,0,0,,0.0,0.0,0.0,0.0,0.0,2015-07-29,0,0.0,0.0,0.0,0.0,0.0
2015,8,27,4,DL,1111,N934DN,ATL,ROC,2056,2051.0,-5.0,9.0,2100.0,134.0,109.0,96.0,749,2236.0,4.0,2310,2240.0,-30.0,0,0,,0.0,0.0,0.0,0.0,0.0,2015-08-27,0,0.0,0.0,0.0,0.0,0.0
2015,8,14,5,DL,2394,N923DL,ATL,PHL,1750,1803.0,13.0,14.0,1817.0,135.0,118.0,99.0,666,1956.0,5.0,2005,2001.0,-4.0,0,0,,0.0,0.0,0.0,0.0,0.0,2015-08-14,0,0.0,0.0,0.0,0.0,0.0
2015,8,5,3,EV,4943,N917EV,FAY,ATL,1800,1755.0,-5.0,9.0,1804.0,86.0,76.0,59.0,331,1903.0,8.0,1926,1911.0,-15.0,0,0,,0.0,0.0,0.0,0.0,0.0,2015-08-05,0,0.0,0.0,0.0,0.0,0.0
2015,8,15,6,EV,6064,N12922,ORD,ATW,913,924.0,11.0,17.0,941.0,57.0,50.0,29.0,160,1010.0,4.0,1010,1014.0,4.0,0,0,,0.0,0.0,0.0,0.0,0.0,2015-08-15,0,0.0,0.0,0.0,0.0,0.0
2015,8,15,6,EV,5170,N917EV,ATL,TRI,1205,1203.0,-2.0,15.0,1218.0,62.0,61.0,42.0,227,1300.0,4.0,1307,1304.0,-3.0,0,0,,0.0,0.0,0.0,0.0,0.0,2015-08-15,0,0.0,0.0,0.0,0.0,0.0
2015,8,23,7,OO,4987,N133SY,ORD,PIT,1600,1600.0,0.0,35.0,1635.0,88.0,103.0,63.0,413,1838.0,5.0,1828,1843.0,15.0,0,0,,15.0,0.0,0.0,0.0,0.0,2015-08-23,0,inf,0.0,0.0,0.0,0.0
2015,7,30,4,WN,1355,N653SW,BWI,MHT,1305,1436.0,91.0,70.0,1546.0,75.0,142.0,69.0,377,1655.0,3.0,1420,1658.0,158.0,0,0,,67.0,0.0,0.0,17.0,74.0,2015-07-30,1,73.63,0.0,0.0,18.68,81.32
2015,8,9,7,AA,1920,N730US,MSY,CLT,1615,1610.0,-5.0,8.0,1618.0,119.0,119.0,101.0,651,1859.0,10.0,1914,1909.0,-5.0,0,0,,0.0,0.0,0.0,0.0,0.0,2015-08-09,0,0.0,0.0,0.0,0.0,0.0
2015,8,17,1,AA,1965,N548UW,SFO,CLT,5,10.0,5.0,16.0,26.0,303.0,280.0,256.0,2296,742.0,8.0,808,750.0,-18.0,0,0,,0.0,0.0,0.0,0.0,0.0,2015-08-17,0,0.0,0.0,0.0,0.0,0.0
2015,7,27,1,WN,785,N8604K,PDX,MDW,1435,1436.0,1.0,9.0,1445.0,245.0,237.0,224.0,1751,2029.0,4.0,2040,2033.0,-7.0,0,0,,0.0,0.0,0.0,0.0,0.0,2015-07-27,0,0.0,0.0,0.0,0.0,0.0
2015,8,6,4,DL,2279,N934DN,MSP,SJC,1742,1801.0,19.0,18.0,1819.0,234.0,236.0,214.0,1576,1953.0,4.0,1936,1957.0,21.0,0,0,,2.0,0.0,2.0,17.0,0.0,2015-08-06,1,10.53,0.0,10.53,89.47,0.0
2015,8,28,5,AA,2119,N815AW,BOS,DCA,1600,1552.0,-8.0,12.0,1604.0,90.0,76.0,60.0,399,1704.0,4.0,1730,1708.0,-22.0,0,0,,0.0,0.0,0.0,0.0,0.0,2015-08-28,0,0.0,0.0,0.0,0.0,0.0
2015,8,11,2,EV,4326,N14168,EWR,DCA,2139,2327.0,108.0,18.0,2345.0,71.0,63.0,37.0,199,22.0,8.0,2250,30.0,100.0,0,0,,0.0,0.0,0.0,100.0,0.0,2015-08-11,1,0.0,0.0,0.0,92.59,0.0
2015,7,23,4,MQ,3443,N691MQ,DFW,GRK,1340,1336.0,-4.0,8.0,1344.0,50.0,37.0,27.0,134,1411.0,2.0,1430,1413.0,-17.0,0,0,,0.0,0.0,0.0,0.0,0.0,2015-07-23,0,0.0,0.0,0.0,0.0,0.0
2015,8,4,2,AA,2209,N470AA,OMA,DFW,600,555.0,-5.0,10.0,605.0,114.0,102.0,82.0,583,727.0,10.0,754,737.0,-17.0,0,0,,0.0,0.0,0.0,0.0,0.0,2015-08-04,0,0.0,0.0,0.0,0.0,0.0
2015,8,21,5,AA,767,N556UW,PHL,MCO,1820,1820.0,0.0,30.0,1850.0,170.0,156.0,121.0,861,2051.0,5.0,2110,2056.0,-14.0,0,0,,0.0,0.0,0.0,0.0,0.0,2015-08-21,0,0.0,0.0,0.0,0.0,0.0
2015,7,25,6,WN,3359,N8318F,MDW,EWR,1405,1424.0,19.0,10.0,1434.0,125.0,106.0,89.0,711,1703.0,7.0,1710,1710.0,0.0,0,0,,0.0,0.0,0.0,0.0,0.0,2015-07-25,1,0.0,0.0,0.0,0.0,0.0
2015,8,20,4,WN,266,N8605E,MDW,CLE,1335,1338.0,3.0,12.0,1350.0,70.0,63.0,45.0,307,1535.0,6.0,1545,1541.0,-4.0,0,0,,0.0,0.0,0.0,0.0,0.0,2015-08-20,0,0.0,0.0,0.0,0.0,0.0
2015,8,28,5,AA,209,N3FXAA,LAX,SFO,1630,1631.0,1.0,26.0,1657.0,86.0,81.0,52.0,337,1749.0,3.0,1756,1752.0,-4.0,0,0,,0.0,0.0,0.0,0.0,0.0,2015-08-28,0,0.0,0.0,0.0,0.0,0.0
2015,8,17,1,MQ,3363,N620MQ,LEX,ORD,1832,2002.0,90.0,40.0,2042.0,97.0,99.0,51.0,323,2033.0,8.0,1909,2041.0,92.0,0,0,,2.0,0.0,0.0,90.0,0.0,2015-08-17,1,2.22,0.0,0.0,100.0,0.0
2015,7,26,7,AA,1129,N4XKAA,IND,DFW,1615,1616.0,1.0,14.0,1630.0,139.0,132.0,106.0,761,1716.0,12.0,1734,1728.0,-6.0,0,0,,0.0,0.0,0.0,0.0,0.0,2015-07-26,0,0.0,0.0,0.0,0.0,0.0
2015,8,18,2,UA,1258,N57857,LAX,IAH,600,603.0,3.0,12.0,615.0,197.0,190.0,168.0,1379,1103.0,10.0,1117,1113.0,-4.0,0,0,,0.0,0.0,0.0,0.0,0.0,2015-08-18,0,0.0,0.0,0.0,0.0,0.0
2015,8,30,7,UA,1403,N77258,ORD,IAH,1353,1350.0,-3.0,26.0,1416.0,171.0,155.0,124.0,925,1620.0,5.0,1644,1625.0,-19.0,0,0,,0.0,0.0,0.0,0.0,0.0,2015-08-30,0,0.0,0.0,0.0,0.0,0.0
2015,8,30,7,DL,1930,N950DL,DTW,PBI,1010,1004.0,-6.0,15.0,1019.0,175.0,178.0,159.0,1086,1258.0,4.0,1305,1302.0,-3.0,0,0,,0.0,0.0,0.0,0.0,0.0,2015-08-30,0,0.0,0.0,0.0,0.0,0.0
2015,8,14,5,UA,529,N417UA,MSP,EWR,635,624.0,-11.0,13.0,637.0,163.0,150.0,131.0,1008,948.0,6.0,1018,954.0,-24.0,0,0,,0.0,0.0,0.0,0.0,0.0,2015-08-14,0,0.0,0.0,0.0,0.0,0.0
2015,8,23,7,WN,2603,N687SW,BWI,STL,625,623.0,-2.0,12.0,635.0,135.0,124.0,109.0,738,724.0,3.0,740,727.0,-13.0,0,0,,0.0,0.0,0.0,0.0,0.0,2015-08-23,0,0.0,0.0,0.0,0.0,0.0
2015,8,10,1,AA,248,N4YPAA,DFW,BNA,700,657.0,-3.0,12.0,709.0,112.0,104.0,86.0,631,835.0,6.0,852,841.0,-11.0,0,0,,0.0,0.0,0.0,0.0,0.0,2015-08-10,0,0.0,0.0,0.0,0.0,0.0
2015,8,7,5,OO,4596,N816SK,GTF,MSP,600,554.0,-6.0,13.0,607.0,134.0,125.0,108.0,887,855.0,4.0,914,859.0,-15.0,0,0,,0.0,0.0,0.0,0.0,0.0,2015-08-07,0,0.0,0.0,0.0,0.0,0.0
2015,8,21,5,VX,67,N631VA,IAD,SFO,720,709.0,-11.0,14.0,723.0,340.0,334.0,317.0,2419,940.0,3.0,1000,943.0,-17.0,0,0,,0.0,0.0,0.0,0.0,0.0,2015-08-21,0,0.0,0.0,0.0,0.0,0.0
2015,8,3,1,UA,1107,N12109,MCO,EWR,1527,1526.0,-1.0,16.0,1542.0,188.0,159.0,127.0,937,1749.0,16.0,1835,1805.0,-30.0,0,0,,0.0,0.0,0.0,0.0,0.0,2015-08-03,0,0.0,0.0,0.0,0.0,0.0
2015,8,5,3,DL,2597,N908DE,CLT,ATL,1430,1430.0,0.0,19.0,1449.0,80.0,65.0,39.0,226,1528.0,7.0,1550,1535.0,-15.0,0,0,,0.0,0.0,0.0,0.0,0.0,2015-08-05,0,0.0,0.0,0.0,0.0,0.0
2015,8,26,3,B6,1586,N179JB,MCO,BUF,1735,1820.0,45.0,22.0,1842.0,155.0,151.0,126.0,1011,2048.0,3.0,2010,2051.0,41.0,0,0,,0.0,0.0,0.0,27.0,14.0,2015-08-26,1,0.0,0.0,0.0,60.0,31.11
2015,7,27,1,WN,2421,N567WN,MDW,DTW,1345,1341.0,-4.0,13.0,1354.0,75.0,70.0,44.0,228,1538.0,13.0,1600,1551.0,-9.0,0,0,,0.0,0.0,0.0,0.0,0.0,2015-07-27,0,0.0,0.0,0.0,0.0,0.0
2015,8,4,2,DL,1138,N802DN,ATL,CVG,1620,1622.0,2.0,17.0,1639.0,90.0,81.0,59.0,373,1738.0,5.0,1750,1743.0,-7.0,0,0,,0.0,0.0,0.0,0.0,0.0,2015-08-04,0,0.0,0.0,0.0,0.0,0.0
2015,8,23,7,AA,1665,N555AA,DFW,SLC,1255,1249.0,-6.0,17.0,1306.0,163.0,158.0,136.0,989,1422.0,5.0,1438,1427.0,-11.0,0,0,,0.0,0.0,0.0,0.0,0.0,2015-08-23,0,0.0,0.0,0.0,0.0,0.0
2015,8,15,6,AS,75,N560AS,SEA,JNU,1145,1136.0,-9.0,31.0,1207.0,140.0,160.0,126.0,909,1313.0,3.0,1305,1316.0,11.0,0,0,,0.0,0.0,0.0,0.0,0.0,2015-08-15,0,0.0,0.0,0.0,0.0,0.0
2015,7,27,1,WN,651,N7812G,MDW,ATL,1025,1017.0,-8.0,8.0,1025.0,110.0,96.0,82.0,591,1247.0,6.0,1315,1253.0,-22.0,0,0,,0.0,0.0,0.0,0.0,0.0,2015-07-27,0,0.0,0.0,0.0,0.0,0.0
2015,8,7,5,UA,351,N806UA,SFO,SEA,2253,2252.0,-1.0,27.0,2319.0,127.0,122.0,89.0,679,48.0,6.0,100,54.0,-6.0,0,0,,0.0,0.0,0.0,0.0,0.0,2015-08-07,0,0.0,0.0,0.0,0.0,0.0
2015,8,1,6,OO,4668,N806SK,SLC,DEN,940,938.0,-2.0,15.0,953.0,90.0,86.0,63.0,391,1056.0,8.0,1110,1104.0,-6.0,0,0,,0.0,0.0,0.0,0.0,0.0,2015-08-01,0,0.0,0.0,0.0,0.0,0.0
2015,8,19,3,DL,1641,N542US,ATL,SAT,831,829.0,-2.0,18.0,847.0,138.0,145.0,119.0,874,946.0,8.0,949,954.0,5.0,0,0,,0.0,0.0,0.0,0.0,0.0,2015-08-19,0,0.0,0.0,0.0,0.0,0.0
2015,8,29,6,OO,5182,N796SK,DFW,IAH,1915,1918.0,3.0,12.0,1930.0,70.0,58.0,38.0,224,2008.0,8.0,2025,2016.0,-9.0,0,0,,0.0,0.0,0.0,0.0,0.0,2015-08-29,0,0.0,0.0,0.0,0.0,0.0
2015,7,30,4,EV,2694,N685AE,DFW,ACT,2200,2315.0,75.0,9.0,2324.0,41.0,29.0,17.0,89,2341.0,3.0,2241,2344.0,63.0,0,0,,0.0,0.0,0.0,63.0,0.0,2015-07-30,1,0.0,0.0,0.0,84.0,0.0
2015,8,26,3,WN,338,N7725A,LAX,SJC,1800,1756.0,-4.0,10.0,1806.0,65.0,62.0,47.0,308,1853.0,5.0,1905,1858.0,-7.0,0,0,,0.0,0.0,0.0,0.0,0.0,2015-08-26,0,0.0,0.0,0.0,0.0,0.0
2015,7,28,2,UA,271,N846UA,PHL,DEN,1537,1533.0,-4.0,13.0,1546.0,274.0,218.0,201.0,1558,1707.0,4.0,1811,1711.0,-60.0,0,0,,0.0,0.0,0.0,0.0,0.0,2015-07-28,0,0.0,0.0,0.0,0.0,0.0
2015,8,30,7,OO,5339,N909SW,ORD,MKE,1300,1310.0,10.0,13.0,1323.0,46.0,36.0,18.0,67,1341.0,5.0,1346,1346.0,0.0,0,0,,0.0,0.0,0.0,0.0,0.0,2015-08-30,0,0.0,0.0,0.0,0.0,0.0
2015,7,24,5,UA,1120,N36207,SFO,IAH,1709,1732.0,23.0,23.0,1755.0,234.0,231.0,198.0,1635,2313.0,10.0,2303,2323.0,20.0,0,0,,0.0,0.0,20.0,0.0,0.0,2015-07-24,1,0.0,0.0,86.96,0.0,0.0
2015,8,13,4,MQ,3506,N8EGMQ,ORD,BNA,2145,2142.0,-3.0,10.0,2152.0,88.0,68.0,55.0,409,2247.0,3.0,2313,2250.0,-23.0,0,0,,0.0,0.0,0.0,0.0,0.0,2015-08-13,0,0.0,0.0,0.0,0.0,0.0
2015,8,28,5,EV,4963,N398CA,RIC,LGA,1510,1510.0,0.0,12.0,1522.0,95.0,79.0,60.0,292,1622.0,7.0,1645,1629.0,-16.0,0,0,,0.0,0.0,0.0,0.0,0.0,2015-08-28,0,0.0,0.0,0.0,0.0,0.0
2015,8,6,4,WN,328,N931WN,MKE,DCA,1810,2000.0,110.0,12.0,2012.0,105.0,102.0,85.0,634,2237.0,5.0,2055,2242.0,107.0,0,0,,0.0,0.0,91.0,16.0,0.0,2015-08-06,1,0.0,0.0,82.73,14.55,0.0
2015,7,31,5,AA,2177,N4WNAA,MEM,DFW,811,808.0,-3.0,14.0,822.0,93.0,91.0,61.0,431,923.0,16.0,944,939.0,-5.0,0,0,,0.0,0.0,0.0,0.0,0.0,2015-07-31,0,0.0,0.0,0.0,0.0,0.0
2015,8,26,3,DL,2390,N998AT,PHL,DTW,1640,1720.0,40.0,12.0,1732.0,110.0,100.0,81.0,453,1853.0,7.0,1830,1900.0,30.0,0,0,,0.0,0.0,1.0,29.0,0.0,2015-08-26,1,0.0,0.0,2.5,72.5,0.0
2015,8,4,2,UA,1221,N73860,HNL,LAX,1130,1134.0,4.0,23.0,1157.0,340.0,316.0,283.0,2556,1940.0,10.0,2010,1950.0,-20.0,0,0,,0.0,0.0,0.0,0.0,0.0,2015-08-04,0,0.0,0.0,0.0,0.0,0.0
2015,8,30,7,UA,1932,N14214,SEA,EWR,1549,1733.0,104.0,15.0,1748.0,310.0,301.0,278.0,2402,126.0,8.0,2359,134.0,95.0,0,0,,0.0,0.0,90.0,5.0,0.0,2015-08-30,1,0.0,0.0,86.54,4.81,0.0
2015,8,6,4,EV,5098,N868AS,ATL,AGS,1516,1514.0,-2.0,16.0,1530.0,61.0,50.0,30.0,143,1600.0,4.0,1617,1604.0,-13.0,0,0,,0.0,0.0,0.0,0.0,0.0,2015-08-06,0,0.0,0.0,0.0,0.0,0.0
2015,8,20,4,DL,2354,N375DA,SLC,JFK,1414,1413.0,-1.0,15.0,1428.0,285.0,309.0,283.0,1990,2111.0,11.0,2059,2122.0,23.0,0,0,,23.0,0.0,0.0,0.0,0.0,2015-08-20,0,-2300.0,-0.0,-0.0,-0.0,-0.0
2015,8,17,1,EV,4364,N11150,SDF,EWR,600,550.0,-10.0,22.0,612.0,126.0,135.0,104.0,642,756.0,9.0,806,805.0,-1.0,0,0,,0.0,0.0,0.0,0.0,0.0,2015-08-17,0,0.0,0.0,0.0,0.0,0.0
2015,8,3,1,DL,751,N348NB,ATL,GRR,1100,1058.0,-2.0,25.0,1123.0,113.0,118.0,90.0,640,1253.0,3.0,1253,1256.0,3.0,0,0,,0.0,0.0,0.0,0.0,0.0,2015-08-03,0,0.0,0.0,0.0,0.0,0.0
2015,7,25,6,UA,1636,N57862,HNL,LAX,1505,1519.0,14.0,17.0,1536.0,325.0,315.0,289.0,2556,2325.0,9.0,2330,2334.0,4.0,0,0,,0.0,0.0,0.0,0.0,0.0,2015-07-25,0,0.0,0.0,0.0,0.0,0.0
2015,7,23,4,UA,424,N834UA,ORD,DTW,2110,2101.0,-9.0,18.0,2119.0,87.0,67.0,43.0,235,2302.0,6.0,2337,2308.0,-29.0,0,0,,0.0,0.0,0.0,0.0,0.0,2015-07-23,0,0.0,0.0,0.0,0.0,0.0
2015,8,26,3,AA,597,N659AW,EWR,PHX,1029,1022.0,-7.0,12.0,1034.0,303.0,285.0,268.0,2133,1202.0,5.0,1232,1207.0,-25.0,0,0,,0.0,0.0,0.0,0.0,0.0,2015-08-26,0,0.0,0.0,0.0,0.0,0.0
2015,8,24,1,EV,4451,N14105,BHM,IAH,615,611.0,-4.0,9.0,620.0,115.0,98.0,79.0,562,739.0,10.0,810,749.0,-21.0,0,0,,0.0,0.0,0.0,0.0,0.0,2015-08-24,0,0.0,0.0,0.0,0.0,0.0
2015,8,29,6,DL,2231,N935DL,LGA,DTW,1630,1624.0,-6.0,28.0,1652.0,129.0,110.0,77.0,502,1809.0,5.0,1839,1814.0,-25.0,0,0,,0.0,0.0,0.0,0.0,0.0,2015-08-29,0,0.0,0.0,0.0,0.0,0.0
2015,8,16,7,DL,2372,N904DA,TPA,ATL,1545,1540.0,-5.0,8.0,1548.0,98.0,80.0,66.0,406,1654.0,6.0,1723,1700.0,-23.0,0,0,,0.0,0.0,0.0,0.0,0.0,2015-08-16,0,0.0,0.0,0.0,0.0,0.0
2015,7,31,5,DL,753,N949AT,LAX,PDX,955,1043.0,48.0,14.0,1057.0,141.0,123.0,105.0,834,1242.0,4.0,1216,1246.0,30.0,0,0,,0.0,0.0,0.0,30.0,0.0,2015-07-31,1,0.0,0.0,0.0,62.5,0.0
2015,8,13,4,DL,2800,N961DL,LGA,PBI,1845,2041.0,116.0,15.0,2056.0,193.0,159.0,139.0,1035,2315.0,5.0,2158,2320.0,82.0,0,0,,0.0,0.0,6.0,76.0,0.0,2015-08-13,1,0.0,0.0,5.17,65.52,0.0
2015,7,22,3,EV,5787,N14562,TUL,IAH,1945,1935.0,-10.0,13.0,1948.0,88.0,86.0,67.0,429,2055.0,6.0,2113,2101.0,-12.0,0,0,,0.0,0.0,0.0,0.0,0.0,2015-07-22,0,0.0,0.0,0.0,0.0,0.0
2015,8,30,7,UA,1493,N54241,PBI,EWR,808,801.0,-7.0,15.0,816.0,172.0,159.0,136.0,1023,1032.0,8.0,1100,1040.0,-20.0,0,0,,0.0,0.0,0.0,0.0,0.0,2015-08-30,0,0.0,0.0,0.0,0.0,0.0
2015,8,8,6,AA,1841,N756US,TPA,CLT,1855,1849.0,-6.0,13.0,1902.0,101.0,106.0,77.0,507,2019.0,16.0,2036,2035.0,-1.0,0,0,,0.0,0.0,0.0,0.0,0.0,2015-08-08,0,0.0,0.0,0.0,0.0,0.0
2015,8,28,5,DL,2426,N972DL,MSY,ATL,1815,1810.0,-5.0,14.0,1824.0,94.0,86.0,60.0,425,2024.0,12.0,2049,2036.0,-13.0,0,0,,0.0,0.0,0.0,0.0,0.0,2015-08-28,0,0.0,0.0,0.0,0.0,0.0
2015,7,23,4,B6,583,N905JB,JFK,MCO,559,556.0,-3.0,17.0,613.0,154.0,153.0,125.0,944,818.0,11.0,833,829.0,-4.0,0,0,,0.0,0.0,0.0,0.0,0.0,2015-07-23,0,0.0,0.0,0.0,0.0,0.0
2015,8,2,7,EV,2721,N675AE,TYS,ORD,633,640.0,7.0,10.0,650.0,110.0,103.0,86.0,475,716.0,7.0,723,723.0,0.0,0,0,,0.0,0.0,0.0,0.0,0.0,2015-08-02,0,0.0,0.0,0.0,0.0,0.0
2015,8,12,3,WN,2761,N428WN,MDW,HOU,830,829.0,-1.0,10.0,839.0,160.0,143.0,117.0,937,1036.0,16.0,1110,1052.0,-18.0,0,0,,0.0,0.0,0.0,0.0,0.0,2015-08-12,0,0.0,0.0,0.0,0.0,0.0
2015,8,23,7,AA,64,N871AA,MIA,JFK,1240,1241.0,1.0,14.0,1255.0,184.0,167.0,145.0,1089,1520.0,8.0,1544,1528.0,-16.0,0,0,,0.0,0.0,0.0,0.0,0.0,2015-08-23,0,0.0,0.0,0.0,0.0,0.0
2015,8,6,4,MQ,3247,N900MQ,FNT,ORD,537,535.0,-2.0,18.0,553.0,82.0,74.0,45.0,223,538.0,11.0,559,549.0,-10.0,0,0,,0.0,0.0,0.0,0.0,0.0,2015-08-06,0,0.0,0.0,0.0,0.0,0.0
2015,8,13,4,EV,4446,N16149,IND,IAH,1850,1846.0,-4.0,8.0,1854.0,153.0,135.0,119.0,844,1953.0,8.0,2023,2001.0,-22.0,0,0,,0.0,0.0,0.0,0.0,0.0,2015-08-13,0,0.0,0.0,0.0,0.0,0.0
2015,8,24,1,AA,2285,N3DWAA,MCO,JFK,1855,1847.0,-8.0,16.0,1903.0,169.0,136.0,114.0,944,2057.0,6.0,2144,2103.0,-41.0,0,0,,0.0,0.0,0.0,0.0,0.0,2015-08-24,0,0.0,0.0,0.0,0.0,0.0
2015,8,23,7,OO,5359,N939SW,ORD,AVL,1350,1347.0,-3.0,28.0,1415.0,106.0,106.0,74.0,536,1629.0,4.0,1636,1633.0,-3.0,0,0,,0.0,0.0,0.0,0.0,0.0,2015-08-23,0,0.0,0.0,0.0,0.0,0.0
2015,8,25,2,WN,1632,N776WN,HOU,LGA,825,823.0,-2.0,7.0,830.0,215.0,191.0,174.0,1428,1224.0,10.0,1300,1234.0,-26.0,0,0,,0.0,0.0,0.0,0.0,0.0,2015-08-25,0,0.0,0.0,0.0,0.0,0.0
2015,8,24,1,EV,5425,N925EV,CRW,ATL,1408,1406.0,-2.0,9.0,1415.0,82.0,81.0,57.0,363,1512.0,15.0,1530,1527.0,-3.0,0,0,,0.0,0.0,0.0,0.0,0.0,2015-08-24,0,0.0,0.0,0.0,0.0,0.0
2015,8,13,4,WN,5589,N918WN,FLL,PIT,1900,1857.0,-3.0,22.0,1919.0,160.0,161.0,134.0,994,2133.0,5.0,2140,2138.0,-2.0,0,0,,0.0,0.0,0.0,0.0,0.0,2015-08-13,0,0.0,0.0,0.0,0.0,0.0
2015,8,7,5,B6,1503,N952JB,JFK,SJU,2359,1.0,2.0,17.0,18.0,227.0,216.0,194.0,1598,332.0,5.0,346,337.0,-9.0,0,0,,0.0,0.0,0.0,0.0,0.0,2015-08-07,0,0.0,0.0,0.0,0.0,0.0
2015,8,28,5,AA,646,N602AW,BOI,PHX,700,656.0,-4.0,11.0,707.0,120.0,115.0,100.0,735,747.0,4.0,800,751.0,-9.0,0,0,,0.0,0.0,0.0,0.0,0.0,2015-08-28,0,0.0,0.0,0.0,0.0,0.0
2015,8,20,4,WN,149,N651SW,MCI,LAS,610,606.0,-4.0,13.0,619.0,180.0,179.0,160.0,1139,659.0,6.0,710,705.0,-5.0,0,0,,0.0,0.0,0.0,0.0,0.0,2015-08-20,0,0.0,0.0,0.0,0.0,0.0
2015,8,7,5,OO,4983,N141SY,ORD,STL,2244,2249.0,5.0,16.0,2305.0,74.0,63.0,42.0,258,2347.0,5.0,2358,2352.0,-6.0,0,0,,0.0,0.0,0.0,0.0,0.0,2015-08-07,0,0.0,0.0,0.0,0.0,0.0
2015,8,20,4,WN,317,N957WN,SAN,SJC,1550,1549.0,-1.0,9.0,1558.0,75.0,72.0,60.0,417,1658.0,3.0,1705,1701.0,-4.0,0,0,,0.0,0.0,0.0,0.0,0.0,2015-08-20,0,0.0,0.0,0.0,0.0,0.0
2015,8,26,3,UA,1643,N73283,DFW,EWR,1350,1350.0,0.0,17.0,1407.0,214.0,204.0,173.0,1372,1800.0,14.0,1824,1814.0,-10.0,0,0,,0.0,0.0,0.0,0.0,0.0,2015-08-26,0,0.0,0.0,0.0,0.0,0.0
2015,8,12,3,OO,4631,N810SK,MSP,MSN,710,858.0,108.0,27.0,925.0,67.0,66.0,36.0,228,1001.0,3.0,817,1004.0,107.0,0,0,,0.0,0.0,105.0,2.0,0.0,2015-08-12,1,0.0,0.0,97.22,1.85,0.0
2015,7,31,5,B6,841,N603JB,JFK,SAV,841,955.0,74.0,30.0,1025.0,142.0,131.0,97.0,718,1202.0,4.0,1103,1206.0,63.0,0,0,,0.0,0.0,13.0,50.0,0.0,2015-07-31,1,0.0,0.0,17.57,67.57,0.0
2015,8,17,1,B6,759,N284JB,BOS,PHL,1210,1252.0,42.0,13.0,1305.0,94.0,72.0,55.0,280,1400.0,4.0,1344,1404.0,20.0,0,0,,0.0,0.0,20.0,0.0,0.0,2015-08-17,1,0.0,0.0,47.62,0.0,0.0
2015,8,13,4,UA,675,N440UA,ORD,DEN,725,721.0,-4.0,16.0,737.0,157.0,142.0,120.0,888,837.0,6.0,902,843.0,-19.0,0,0,,0.0,0.0,0.0,0.0,0.0,2015-08-13,0,0.0,0.0,0.0,0.0,0.0
2015,8,17,1,MQ,3600,N648MQ,TUL,DFW,935,929.0,-6.0,12.0,941.0,72.0,62.0,39.0,237,1020.0,11.0,1047,1031.0,-16.0,0,0,,0.0,0.0,0.0,0.0,0.0,2015-08-17,0,0.0,0.0,0.0,0.0,0.0
2015,7,29,3,AA,2371,N501AA,DFW,STL,1645,1647.0,2.0,11.0,1658.0,104.0,92.0,79.0,550,1817.0,2.0,1829,1819.0,-10.0,0,0,,0.0,0.0,0.0,0.0,0.0,2015-07-29,0,0.0,0.0,0.0,0.0,0.0
2015,7,24,5,NK,770,N521NK,ATL,DTW,1725,1725.0,0.0,11.0,1736.0,120.0,106.0,89.0,594,1905.0,6.0,1925,1911.0,-14.0,0,0,,0.0,0.0,0.0,0.0,0.0,2015-07-24,0,0.0,0.0,0.0,0.0,0.0
2015,8,4,2,OO,6448,N730SK,LAX,AUS,1835,1834.0,-1.0,10.0,1844.0,188.0,165.0,151.0,1242,2315.0,4.0,2343,2319.0,-24.0,0,0,,0.0,0.0,0.0,0.0,0.0,2015-08-04,0,0.0,0.0,0.0,0.0,0.0
2015,8,6,4,VX,899,N838VA,LAS,SFO,2235,2344.0,69.0,15.0,2359.0,84.0,89.0,68.0,414,107.0,6.0,2359,113.0,74.0,0,0,,5.0,0.0,1.0,68.0,0.0,2015-08-06,1,7.25,0.0,1.45,98.55,0.0
2015,8,20,4,WN,466,N930WN,DAL,SAT,1325,1341.0,16.0,18.0,1359.0,60.0,77.0,56.0,248,1455.0,3.0,1425,1458.0,33.0,0,0,,21.0,0.0,0.0,12.0,0.0,2015-08-20,1,131.25,0.0,0.0,75.0,0.0
2015,7,23,4,OO,7405,N8923A,TWF,SLC,1828,1820.0,-8.0,10.0,1830.0,52.0,51.0,36.0,175,1906.0,5.0,1920,1911.0,-9.0,0,0,,0.0,0.0,0.0,0.0,0.0,2015-07-23,0,0.0,0.0,0.0,0.0,0.0
2015,7,28,2,NK,720,N630NK,LAS,DEN,1726,1728.0,2.0,12.0,1740.0,111.0,103.0,81.0,628,2001.0,10.0,2017,2011.0,-6.0,0,0,,0.0,0.0,0.0,0.0,0.0,2015-07-28,0,0.0,0.0,0.0,0.0,0.0
2015,8,17,1,UA,1002,N62884,ORD,SAN,913,911.0,-2.0,14.0,925.0,255.0,241.0,225.0,1723,1110.0,2.0,1128,1112.0,-16.0,0,0,,0.0,0.0,0.0,0.0,0.0,2015-08-17,0,0.0,0.0,0.0,0.0,0.0
2015,8,11,2,AA,2167,N953UW,DCA,LGA,1800,1802.0,2.0,27.0,1829.0,87.0,74.0,43.0,214,1912.0,4.0,1927,1916.0,-11.0,0,0,,0.0,0.0,0.0,0.0,0.0,2015-08-11,0,0.0,0.0,0.0,0.0,0.0
2015,8,4,2,AA,1412,N471AA,ONT,DFW,735,805.0,30.0,9.0,814.0,185.0,172.0,155.0,1188,1249.0,8.0,1240,1257.0,17.0,0,0,,0.0,0.0,17.0,0.0,0.0,2015-08-04,1,0.0,0.0,56.67,0.0,0.0
2015,8,30,7,WN,3074,N7727A,SAT,HOU,1155,1151.0,-4.0,11.0,1202.0,55.0,50.0,33.0,192,1235.0,6.0,1250,1241.0,-9.0,0,0,,0.0,0.0,0.0,0.0,0.0,2015-08-30,0,0.0,0.0,0.0,0.0,0.0
2015,8,4,2,B6,1262,N595JB,PBI,LGA,1841,1838.0,-3.0,10.0,1848.0,169.0,154.0,131.0,1035,2059.0,13.0,2130,2112.0,-18.0,0,0,,0.0,0.0,0.0,0.0,0.0,2015-08-04,0,0.0,0.0,0.0,0.0,0.0
2015,8,9,7,HA,177,N479HA,KOA,HNL,1155,1153.0,-2.0,10.0,1203.0,44.0,47.0,30.0,163,1233.0,7.0,1239,1240.0,1.0,0,0,,0.0,0.0,0.0,0.0,0.0,2015-08-09,0,0.0,0.0,0.0,0.0,0.0
2015,8,8,6,AA,1269,N014AA,MIA,MSY,1220,1237.0,17.0,23.0,1300.0,118.0,122.0,93.0,675,1333.0,6.0,1318,1339.0,21.0,0,0,,4.0,0.0,12.0,5.0,0.0,2015-08-08,1,23.53,0.0,70.59,29.41,0.0
2015,8,17,1,MQ,3543,N637MQ,CLL,DFW,1009,1007.0,-2.0,9.0,1016.0,60.0,59.0,36.0,164,1052.0,14.0,1109,1106.0,-3.0,0,0,,0.0,0.0,0.0,0.0,0.0,2015-08-17,0,0.0,0.0,0.0,0.0,0.0
2015,8,3,1,MQ,3439,N625MQ,DFW,MOB,1205,1202.0,-3.0,23.0,1225.0,107.0,101.0,75.0,539,1340.0,3.0,1352,1343.0,-9.0,0,0,,0.0,0.0,0.0,0.0,0.0,2015-08-03,0,0.0,0.0,0.0,0.0,0.0
2015,7,23,4,MQ,3658,N639MQ,ORD,CVG,1742,1741.0,-1.0,24.0,1805.0,76.0,70.0,41.0,265,1946.0,5.0,1958,1951.0,-7.0,0,0,,0.0,0.0,0.0,0.0,0.0,2015-07-23,0,0.0,0.0,0.0,0.0,0.0
2015,8,8,6,OO,4822,N442SW,ATL,SBN,1516,1513.0,-3.0,18.0,1531.0,117.0,113.0,89.0,566,1700.0,6.0,1713,1706.0,-7.0,0,0,,0.0,0.0,0.0,0.0,0.0,2015-08-08,0,0.0,0.0,0.0,0.0,0.0
2015,8,12,3,AA,62,N029AA,IAH,MIA,1210,1206.0,-4.0,15.0,1221.0,153.0,144.0,122.0,964,1523.0,7.0,1543,1530.0,-13.0,0,0,,0.0,0.0,0.0,0.0,0.0,2015-08-12,0,0.0,0.0,0.0,0.0,0.0
2015,8,8,6,AS,79,N520AS,SEA,JNU,2005,2002.0,-3.0,13.0,2015.0,145.0,132.0,115.0,909,2110.0,4.0,2130,2114.0,-16.0,0,0,,0.0,0.0,0.0,0.0,0.0,2015-08-08,0,0.0,0.0,0.0,0.0,0.0
2015,8,23,7,B6,1512,N729JB,RSW,EWR,1204,1201.0,-3.0,11.0,1212.0,173.0,154.0,135.0,1068,1427.0,8.0,1457,1435.0,-22.0,0,0,,0.0,0.0,0.0,0.0,0.0,2015-08-23,0,0.0,0.0,0.0,0.0,0.0
2015,8,2,7,WN,2673,N756SA,SNA,AUS,1540,1629.0,49.0,10.0,1639.0,180.0,163.0,147.0,1209,2106.0,6.0,2040,2112.0,32.0,0,0,,0.0,0.0,0.0,32.0,0.0,2015-08-02,1,0.0,0.0,0.0,65.31,0.0
2015,8,17,1,HA,258,N478HA,HNL,KOA,1204,1201.0,-3.0,23.0,1224.0,44.0,56.0,28.0,163,1252.0,5.0,1248,1257.0,9.0,0,0,,0.0,0.0,0.0,0.0,0.0,2015-08-17,0,0.0,0.0,0.0,0.0,0.0
2015,8,20,4,AA,849,N703UW,ATL,PHL,1945,2034.0,49.0,14.0,2048.0,125.0,119.0,97.0,666,2225.0,8.0,2150,2233.0,43.0,0,0,,0.0,0.0,0.0,43.0,0.0,2015-08-20,1,0.0,0.0,0.0,87.76,0.0
2015,8,1,6,DL,1665,N339NB,SLC,DFW,950,950.0,0.0,12.0,1002.0,156.0,148.0,127.0,989,1309.0,9.0,1326,1318.0,-8.0,0,0,,0.0,0.0,0.0,0.0,0.0,2015-08-01,0,0.0,0.0,0.0,0.0,0.0
2015,8,12,3,OO,5356,N507CA,SFO,SBP,1910,2047.0,97.0,26.0,2113.0,64.0,79.0,49.0,190,2202.0,4.0,2014,2206.0,112.0,0,0,,15.0,0.0,97.0,0.0,0.0,2015-08-12,1,15.46,0.0,100.0,0.0,0.0
2015,8,22,6,DL,2846,N3730B,JFK,PHX,830,829.0,-1.0,33.0,902.0,321.0,316.0,280.0,2153,1042.0,3.0,1051,1045.0,-6.0,0,0,,0.0,0.0,0.0,0.0,0.0,2015-08-22,0,0.0,0.0,0.0,0.0,0.0
2015,8,15,6,UA,1569,N37470,DEN,AUS,1001,957.0,-4.0,9.0,1006.0,130.0,112.0,97.0,775,1243.0,6.0,1311,1249.0,-22.0,0,0,,0.0,0.0,0.0,0.0,0.0,2015-08-15,0,0.0,0.0,0.0,0.0,0.0
2015,8,25,2,NK,470,N641NK,SAN,LAS,926,922.0,-4.0,57.0,1019.0,71.0,115.0,49.0,258,1108.0,9.0,1037,1117.0,40.0,0,0,,40.0,0.0,0.0,0.0,0.0,2015-08-25,0,-1000.0,-0.0,-0.0,-0.0,-0.0
2015,7,27,1,WN,156,N8606C,RNO,LAS,700,657.0,-3.0,11.0,708.0,85.0,66.0,51.0,345,759.0,4.0,825,803.0,-22.0,0,0,,0.0,0.0,0.0,0.0,0.0,2015-07-27,0,0.0,0.0,0.0,0.0,0.0
2015,7,30,4,DL,1560,N323NB,PIT,ATL,1625,1621.0,-4.0,9.0,1630.0,120.0,89.0,70.0,526,1740.0,10.0,1825,1750.0,-35.0,0,0,,0.0,0.0,0.0,0.0,0.0,2015-07-30,0,0.0,0.0,0.0,0.0,0.0
2015,7,29,3,WN,1079,N7722B,OAK,GEG,1930,1946.0,16.0,9.0,1955.0,110.0,110.0,96.0,723,2131.0,5.0,2120,2136.0,16.0,0,0,,0.0,0.0,16.0,0.0,0.0,2015-07-29,1,0.0,0.0,100.0,0.0,0.0
2015,8,18,2,WN,1573,N754SW,MDW,BNA,1325,1328.0,3.0,6.0,1334.0,75.0,65.0,55.0,395,1429.0,4.0,1440,1433.0,-7.0,0,0,,0.0,0.0,0.0,0.0,0.0,2015-08-18,0,0.0,0.0,0.0,0.0,0.0
2015,8,16,7,DL,1999,N6709,MCO,SLC,730,725.0,-5.0,17.0,742.0,275.0,270.0,243.0,1931,945.0,10.0,1005,955.0,-10.0,0,0,,0.0,0.0,0.0,0.0,0.0,2015-08-16,0,0.0,0.0,0.0,0.0,0.0
2015,8,16,7,WN,1874,N521SW,DAL,AUS,745,743.0,-2.0,13.0,756.0,50.0,49.0,31.0,189,827.0,5.0,835,832.0,-3.0,0,0,,0.0,0.0,0.0,0.0,0.0,2015-08-16,0,0.0,0.0,0.0,0.0,0.0
2015,8,9,7,UA,307,N851UA,AUS,DEN,1939,1941.0,2.0,11.0,1952.0,152.0,154.0,138.0,775,2110.0,5.0,2111,2115.0,4.0,0,0,,0.0,0.0,0.0,0.0,0.0,2015-08-09,0,0.0,0.0,0.0,0.0,0.0
2015,8,28,5,UA,793,N412UA,IAH,AUS,735,748.0,13.0,19.0,807.0,61.0,52.0,27.0,140,834.0,6.0,836,840.0,4.0,0,0,,0.0,0.0,0.0,0.0,0.0,2015-08-28,0,0.0,0.0,0.0,0.0,0.0
2015,8,3,1,EV,4540,N16999,IAH,PNS,1650,1645.0,-5.0,14.0,1659.0,92.0,90.0,73.0,489,1812.0,3.0,1822,1815.0,-7.0,0,0,,0.0,0.0,0.0,0.0,0.0,2015-08-03,0,0.0,0.0,0.0,0.0,0.0
2015,8,19,3,F9,140,N905FR,SEA,DEN,1515,1511.0,-4.0,28.0,1539.0,155.0,163.0,124.0,1024,1843.0,11.0,1850,1854.0,4.0,0,0,,0.0,0.0,0.0,0.0,0.0,2015-08-19,0,0.0,0.0,0.0,0.0,0.0
2015,8,25,2,OO,6416,N701SK,SFO,ABQ,1100,1057.0,-3.0,21.0,1118.0,143.0,141.0,115.0,896,1413.0,5.0,1423,1418.0,-5.0,0,0,,0.0,0.0,0.0,0.0,0.0,2015-08-25,0,0.0,0.0,0.0,0.0,0.0
2015,7,27,1,B6,1184,N653JB,MCO,JFK,600,557.0,-3.0,9.0,606.0,155.0,136.0,124.0,944,810.0,3.0,835,813.0,-22.0,0,0,,0.0,0.0,0.0,0.0,0.0,2015-07-27,0,0.0,0.0,0.0,0.0,0.0
2015,8,22,6,WN,1722,N924WN,DEN,BOI,1240,1240.0,0.0,20.0,1300.0,115.0,115.0,92.0,649,1432.0,3.0,1435,1435.0,0.0,0,0,,0.0,0.0,0.0,0.0,0.0,2015-08-22,0,0.0,0.0,0.0,0.0,0.0
2015,7,23,4,EV,4278,N12921,ORD,ATW,1559,1552.0,-7.0,27.0,1619.0,57.0,69.0,38.0,160,1657.0,4.0,1656,1701.0,5.0,0,0,,0.0,0.0,0.0,0.0,0.0,2015-07-23,0,0.0,0.0,0.0,0.0,0.0
2015,7,26,7,AS,88,N453AS,ANC,SEA,600,609.0,9.0,9.0,618.0,205.0,191.0,170.0,1448,1008.0,12.0,1025,1020.0,-5.0,0,0,,0.0,0.0,0.0,0.0,0.0,2015-07-26,0,0.0,0.0,0.0,0.0,0.0
2015,7,29,3,MQ,3668,N512MQ,XNA,LGA,1705,1656.0,-9.0,11.0,1707.0,177.0,176.0,160.0,1147,2047.0,5.0,2102,2052.0,-10.0,0,0,,0.0,0.0,0.0,0.0,0.0,2015-07-29,0,0.0,0.0,0.0,0.0,0.0
2015,8,27,4,AA,683,N659AW,PHX,EWR,1520,1518.0,-2.0,27.0,1545.0,284.0,288.0,255.0,2133,2300.0,6.0,2304,2306.0,2.0,0,0,,0.0,0.0,0.0,0.0,0.0,2015-08-27,0,0.0,0.0,0.0,0.0,0.0
2015,7,23,4,WN,206,N7702A,BUR,DEN,750,747.0,-3.0,11.0,758.0,130.0,120.0,103.0,850,1041.0,6.0,1100,1047.0,-13.0,0,0,,0.0,0.0,0.0,0.0,0.0,2015-07-23,0,0.0,0.0,0.0,0.0,0.0
2015,8,7,5,F9,800,N910FR,DEN,MEM,1450,1504.0,14.0,11.0,1515.0,131.0,123.0,106.0,872,1801.0,6.0,1801,1807.0,6.0,0,0,,0.0,0.0,0.0,0.0,0.0,2015-08-07,0,0.0,0.0,0.0,0.0,0.0
2015,8,27,4,HA,345,N478HA,HNL,LIH,1009,1005.0,-4.0,13.0,1018.0,40.0,41.0,24.0,102,1042.0,4.0,1049,1046.0,-3.0,0,0,,0.0,0.0,0.0,0.0,0.0,2015-08-27,0,0.0,0.0,0.0,0.0,0.0
2015,7,31,5,WN,660,N623SW,DEN,OMA,2045,2052.0,7.0,10.0,2102.0,85.0,70.0,56.0,472,2258.0,4.0,2310,2302.0,-8.0,0,0,,0.0,0.0,0.0,0.0,0.0,2015-07-31,0,0.0,0.0,0.0,0.0,0.0
2015,8,13,4,WN,1557,N279WN,FNT,BWI,1800,1800.0,0.0,10.0,1810.0,90.0,86.0,71.0,452,1921.0,5.0,1930,1926.0,-4.0,0,0,,0.0,0.0,0.0,0.0,0.0,2015-08-13,0,0.0,0.0,0.0,0.0,0.0
2015,8,22,6,OO,6236,N973SW,MSN,DEN,1540,1536.0,-4.0,12.0,1548.0,151.0,153.0,137.0,826,1705.0,4.0,1711,1709.0,-2.0,0,0,,0.0,0.0,0.0,0.0,0.0,2015-08-22,0,0.0,0.0,0.0,0.0,0.0
2015,7,29,3,EV,5020,N611QX,RIC,BOS,1220,1213.0,-7.0,10.0,1223.0,98.0,93.0,71.0,474,1334.0,12.0,1358,1346.0,-12.0,0,0,,0.0,0.0,0.0,0.0,0.0,2015-07-29,0,0.0,0.0,0.0,0.0,0.0
2015,8,2,7,F9,796,N205FR,PDX,DEN,600,558.0,-2.0,14.0,612.0,150.0,145.0,121.0,991,913.0,10.0,930,923.0,-7.0,0,0,,0.0,0.0,0.0,0.0,0.0,2015-08-02,0,0.0,0.0,0.0,0.0,0.0
2015,8,27,4,OO,4695,N783CA,DAY,MSP,2006,2005.0,-1.0,18.0,2023.0,109.0,117.0,94.0,574,2057.0,5.0,2055,2102.0,7.0,0,0,,0.0,0.0,0.0,0.0,0.0,2015-08-27,0,0.0,0.0,0.0,0.0,0.0
2015,8,26,3,AA,477,N176UW,SFO,PHX,1545,1539.0,-6.0,15.0,1554.0,123.0,119.0,94.0,651,1728.0,10.0,1748,1738.0,-10.0,0,0,,0.0,0.0,0.0,0.0,0.0,2015-08-26,0,0.0,0.0,0.0,0.0,0.0
2015,8,21,5,EV,4220,N11192,IAH,XNA,1557,1647.0,50.0,9.0,1656.0,95.0,75.0,62.0,438,1758.0,4.0,1732,1802.0,30.0,0,0,,0.0,0.0,30.0,0.0,0.0,2015-08-21,1,0.0,0.0,60.0,0.0,0.0
2015,7,31,5,WN,4208,N7708E,SMF,LAX,1725,1725.0,0.0,10.0,1735.0,80.0,95.0,62.0,373,1837.0,23.0,1845,1900.0,15.0,0,0,,15.0,0.0,0.0,0.0,0.0,2015-07-31,0,inf,0.0,0.0,0.0,0.0
2015,7,26,7,B6,1226,N328JB,BWI,BOS,833,825.0,-8.0,13.0,838.0,84.0,82.0,63.0,369,941.0,6.0,957,947.0,-10.0,0,0,,0.0,0.0,0.0,0.0,0.0,2015-07-26,0,0.0,0.0,0.0,0.0,0.0
2015,8,20,4,AS,712,N508AS,SEA,STL,1810,1807.0,-3.0,22.0,1829.0,223.0,233.0,204.0,1709,2353.0,7.0,2353,2400.0,7.0,0,0,,0.0,0.0,0.0,0.0,0.0,2015-08-20,0,0.0,0.0,0.0,0.0,0.0
2015,8,4,2,B6,1,N638JB,JFK,FLL,946,950.0,4.0,37.0,1027.0,186.0,207.0,166.0,1069,1313.0,4.0,1252,1317.0,25.0,0,0,,21.0,0.0,4.0,0.0,0.0,2015-08-04,0,525.0,0.0,100.0,0.0,0.0
2015,8,2,7,AA,1178,N3APAA,DFW,ATL,2030,2132.0,62.0,11.0,2143.0,140.0,120.0,94.0,731,17.0,15.0,2350,32.0,42.0,0,0,,0.0,0.0,7.0,35.0,0.0,2015-08-02,1,0.0,0.0,11.29,56.45,0.0
2015,8,24,1,MQ,3121,N600MQ,DRO,DFW,1036,1027.0,-9.0,7.0,1034.0,120.0,107.0,92.0,674,1306.0,8.0,1336,1314.0,-22.0,0,0,,0.0,0.0,0.0,0.0,0.0,2015-08-24,0,0.0,0.0,0.0,0.0,0.0
2015,7,26,7,WN,4064,N654SW,BWI,GSP,810,806.0,-4.0,14.0,820.0,90.0,85.0,67.0,426,927.0,4.0,940,931.0,-9.0,0,0,,0.0,0.0,0.0,0.0,0.0,2015-07-26,0,0.0,0.0,0.0,0.0,0.0
2015,8,15,6,WN,4886,N8657B,BNA,FLL,835,828.0,-7.0,10.0,838.0,130.0,130.0,106.0,793,1124.0,14.0,1145,1138.0,-7.0,0,0,,0.0,0.0,0.0,0.0,0.0,2015-08-15,0,0.0,0.0,0.0,0.0,0.0
2015,8,12,3,F9,521,N203FR,CLE,DEN,750,813.0,23.0,13.0,826.0,187.0,177.0,157.0,1201,903.0,7.0,857,910.0,13.0,0,0,,0.0,0.0,0.0,0.0,0.0,2015-08-12,1,0.0,0.0,0.0,0.0,0.0
2015,8,5,3,WN,4017,N732SW,HOU,STL,1140,1144.0,4.0,11.0,1155.0,115.0,115.0,99.0,687,1334.0,5.0,1335,1339.0,4.0,0,0,,0.0,0.0,0.0,0.0,0.0,2015-08-05,0,0.0,0.0,0.0,0.0,0.0
2015,7,31,5,AA,2218,N3ACAA,DCA,DFW,2100,2054.0,-6.0,21.0,2115.0,193.0,203.0,176.0,1192,2311.0,6.0,2313,2317.0,4.0,0,0,,0.0,0.0,0.0,0.0,0.0,2015-07-31,0,0.0,0.0,0.0,0.0,0.0
2015,8,2,7,UA,254,N459UA,MIA,EWR,1127,1123.0,-4.0,11.0,1134.0,191.0,172.0,151.0,1085,1405.0,10.0,1438,1415.0,-23.0,0,0,,0.0,0.0,0.0,0.0,0.0,2015-08-02,0,0.0,0.0,0.0,0.0,0.0
2015,8,2,7,WN,3150,N754SW,ATL,LAX,1620,1615.0,-5.0,20.0,1635.0,290.0,284.0,253.0,1947,1748.0,11.0,1810,1759.0,-11.0,0,0,,0.0,0.0,0.0,0.0,0.0,2015-08-02,0,0.0,0.0,0.0,0.0,0.0
2015,8,26,3,MQ,3483,N933MQ,JAN,DFW,1349,1348.0,-1.0,10.0,1358.0,93.0,80.0,65.0,408,1503.0,5.0,1522,1508.0,-14.0,0,0,,0.0,0.0,0.0,0.0,0.0,2015-08-26,0,0.0,0.0,0.0,0.0,0.0
2015,8,3,1,MQ,3416,N519MQ,LGA,RDU,1630,1628.0,-2.0,21.0,1649.0,112.0,91.0,67.0,431,1756.0,3.0,1822,1759.0,-23.0,0,0,,0.0,0.0,0.0,0.0,0.0,2015-08-03,0,0.0,0.0,0.0,0.0,0.0
2015,8,27,4,WN,1433,N370SW,DEN,SEA,1445,1540.0,55.0,23.0,1603.0,170.0,184.0,158.0,1024,1741.0,3.0,1635,1744.0,69.0,0,0,,14.0,0.0,55.0,0.0,0.0,2015-08-27,1,25.45,0.0,100.0,0.0,0.0
2015,7,25,6,AS,805,N589AS,SEA,SMF,650,647.0,-3.0,15.0,702.0,108.0,103.0,83.0,605,825.0,5.0,838,830.0,-8.0,0,0,,0.0,0.0,0.0,0.0,0.0,2015-07-25,0,0.0,0.0,0.0,0.0,0.0
2015,8,29,6,OO,4790,N617QX,PDX,SEA,1551,1740.0,109.0,16.0,1756.0,51.0,58.0,36.0,129,1832.0,6.0,1642,1838.0,116.0,0,0,,7.0,0.0,0.0,109.0,0.0,2015-08-29,1,6.42,0.0,0.0,100.0,0.0
2015,8,14,5,EV,6188,N24128,ORD,CRW,1345,1351.0,6.0,29.0,1420.0,95.0,98.0,66.0,416,1626.0,3.0,1620,1629.0,9.0,0,0,,0.0,0.0,0.0,0.0,0.0,2015-08-14,0,0.0,0.0,0.0,0.0,0.0
2015,7,29,3,EV,5541,N759EV,ATL,AGS,905,909.0,4.0,13.0,922.0,55.0,50.0,32.0,143,954.0,5.0,1000,959.0,-1.0,0,0,,0.0,0.0,0.0,0.0,0.0,2015-07-29,0,0.0,0.0,0.0,0.0,0.0
2015,8,27,4,AA,96,N4WKAA,RIC,DFW,709,708.0,-1.0,9.0,717.0,185.0,168.0,151.0,1158,848.0,8.0,914,856.0,-18.0,0,0,,0.0,0.0,0.0,0.0,0.0,2015-08-27,0,0.0,0.0,0.0,0.0,0.0
2015,8,17,1,DL,1935,N985AT,LGA,TPA,1510,1507.0,-3.0,40.0,1547.0,193.0,178.0,135.0,1010,1802.0,3.0,1823,1805.0,-18.0,0,0,,0.0,0.0,0.0,0.0,0.0,2015-08-17,0,0.0,0.0,0.0,0.0,0.0
2015,7,24,5,DL,1775,N137DL,ATL,SFO,1630,1643.0,13.0,27.0,1710.0,313.0,293.0,259.0,2139,1829.0,7.0,1843,1836.0,-7.0,0,0,,0.0,0.0,0.0,0.0,0.0,2015-07-24,0,0.0,0.0,0.0,0.0,0.0
2015,8,8,6,MQ,3065,N906MQ,DCA,SYR,1000,1013.0,13.0,26.0,1039.0,75.0,87.0,56.0,298,1135.0,5.0,1115,1140.0,25.0,0,0,,12.0,0.0,13.0,0.0,0.0,2015-08-08,0,92.31,0.0,100.0,0.0,0.0
2015,8,19,3,AA,2198,N3EXAA,DFW,TPA,2020,2027.0,7.0,41.0,2108.0,155.0,168.0,122.0,929,10.0,5.0,2355,15.0,20.0,0,0,,13.0,0.0,7.0,0.0,0.0,2015-08-19,0,185.71,0.0,100.0,0.0,0.0
2015,7,23,4,DL,1799,N891AT,MDW,ATL,1928,1921.0,-7.0,13.0,1934.0,119.0,104.0,82.0,591,2156.0,9.0,2227,2205.0,-22.0,0,0,,0.0,0.0,0.0,0.0,0.0,2015-07-23,0,0.0,0.0,0.0,0.0,0.0
2015,8,17,1,WN,1564,N406WN,MSP,MDW,1155,1202.0,7.0,12.0,1214.0,90.0,80.0,64.0,349,1318.0,4.0,1325,1322.0,-3.0,0,0,,0.0,0.0,0.0,0.0,0.0,2015-08-17,0,0.0,0.0,0.0,0.0,0.0
2015,7,26,7,WN,215,N8637A,PHX,HOU,1500,1458.0,-2.0,7.0,1505.0,150.0,147.0,133.0,1020,1918.0,7.0,1930,1925.0,-5.0,0,0,,0.0,0.0,0.0,0.0,0.0,2015-07-26,0,0.0,0.0,0.0,0.0,0.0
2015,8,13,4,AS,83,N526AS,SEA,ANC,805,805.0,0.0,19.0,824.0,214.0,216.0,193.0,1448,1037.0,4.0,1039,1041.0,2.0,0,0,,0.0,0.0,0.0,0.0,0.0,2015-08-13,0,0.0,0.0,0.0,0.0,0.0
2015,7,26,7,UA,1553,N67815,EWR,MCO,1950,1954.0,4.0,21.0,2015.0,169.0,148.0,119.0,937,2214.0,8.0,2239,2222.0,-17.0,0,0,,0.0,0.0,0.0,0.0,0.0,2015-07-26,0,0.0,0.0,0.0,0.0,0.0
2015,7,24,5,DL,2224,N344NB,MSP,BIL,915,916.0,1.0,36.0,952.0,124.0,155.0,115.0,748,1047.0,4.0,1019,1051.0,32.0,0,0,,32.0,0.0,0.0,0.0,0.0,2015-07-24,0,3200.0,0.0,0.0,0.0,0.0
2015,8,22,6,UA,1184,N66825,DEN,ORD,1516,1533.0,17.0,17.0,1550.0,151.0,144.0,115.0,888,1845.0,12.0,1847,1857.0,10.0,0,0,,0.0,0.0,0.0,0.0,0.0,2015-08-22,1,0.0,0.0,0.0,0.0,0.0
2015,8,16,7,DL,707,N323US,ORD,SLC,1830,1829.0,-1.0,21.0,1850.0,213.0,221.0,194.0,1250,2104.0,6.0,2103,2110.0,7.0,0,0,,0.0,0.0,0.0,0.0,0.0,2015-08-16,0,0.0,0.0,0.0,0.0,0.0
2015,7,30,4,EV,5082,N134EV,BMI,ATL,1141,1135.0,-6.0,11.0,1146.0,93.0,94.0,75.0,533,1401.0,8.0,1414,1409.0,-5.0,0,0,,0.0,0.0,0.0,0.0,0.0,2015-07-30,0,0.0,0.0,0.0,0.0,0.0
2015,8,5,3,MQ,3258,N608MQ,ORD,BWI,1132,1130.0,-2.0,14.0,1144.0,119.0,106.0,88.0,622,1412.0,4.0,1431,1416.0,-15.0,0,0,,0.0,0.0,0.0,0.0,0.0,2015-08-05,0,0.0,0.0,0.0,0.0,0.0
2015,8,15,6,NK,381,N519NK,MSP,DEN,1444,1750.0,186.0,19.0,1809.0,126.0,114.0,90.0,680,1839.0,5.0,1550,1844.0,174.0,0,0,,160.0,0.0,14.0,0.0,0.0,2015-08-15,1,86.02,0.0,7.53,0.0,0.0
2015,7,24,5,NK,630,N619NK,ORD,LGA,1759,1757.0,-2.0,12.0,1809.0,131.0,114.0,95.0,733,2044.0,7.0,2110,2051.0,-19.0,0,0,,0.0,0.0,0.0,0.0,0.0,2015-07-24,0,0.0,0.0,0.0,0.0,0.0
2015,8,20,4,UA,414,N423UA,EWR,AUS,1915,2222.0,187.0,27.0,2249.0,245.0,241.0,209.0,1504,118.0,5.0,2220,123.0,183.0,0,0,,0.0,0.0,183.0,0.0,0.0,2015-08-20,1,0.0,0.0,97.86,0.0,0.0
2015,7,27,1,OO,5159,N959SW,ICT,DEN,1259,1246.0,-13.0,9.0,1255.0,91.0,84.0,68.0,420,1303.0,7.0,1330,1310.0,-20.0,0,0,,0.0,0.0,0.0,0.0,0.0,2015-07-27,0,0.0,0.0,0.0,0.0,0.0
2015,8,6,4,WN,1279,N281WN,SAN,SMF,2055,2053.0,-2.0,13.0,2106.0,90.0,83.0,66.0,480,2212.0,4.0,2225,2216.0,-9.0,0,0,,0.0,0.0,0.0,0.0,0.0,2015-08-06,0,0.0,0.0,0.0,0.0,0.0
2015,7,24,5,EV,4262,N13992,IAH,AUS,1535,1535.0,0.0,11.0,1546.0,59.0,50.0,27.0,140,1613.0,12.0,1634,1625.0,-9.0,0,0,,0.0,0.0,0.0,0.0,0.0,2015-07-24,0,0.0,0.0,0.0,0.0,0.0
2015,7,29,3,OO,4699,N781CA,MSP,RAP,1120,1118.0,-2.0,32.0,1150.0,107.0,137.0,100.0,489,1230.0,5.0,1207,1235.0,28.0,0,0,,28.0,0.0,0.0,0.0,0.0,2015-07-29,0,-1400.0,-0.0,-0.0,-0.0,-0.0
2015,8,25,2,OO,4701,N460SW,ATW,DTW,1436,1429.0,-7.0,17.0,1446.0,77.0,78.0,52.0,296,1638.0,9.0,1653,1647.0,-6.0,0,0,,0.0,0.0,0.0,0.0,0.0,2015-08-25,0,0.0,0.0,0.0,0.0,0.0
2015,8,18,2,OO,2967,N468CA,PHX,PSP,1630,1707.0,37.0,21.0,1728.0,65.0,67.0,41.0,261,1809.0,5.0,1735,1814.0,39.0,0,0,,2.0,0.0,35.0,2.0,0.0,2015-08-18,1,5.41,0.0,94.59,5.41,0.0
2015,8,3,1,MQ,3199,N647MQ,ORD,ALO,2006,2010.0,4.0,15.0,2025.0,72.0,55.0,37.0,234,2102.0,3.0,2118,2105.0,-13.0,0,0,,0.0,0.0,0.0,0.0,0.0,2015-08-03,0,0.0,0.0,0.0,0.0,0.0
2015,8,17,1,WN,824,N458WN,MDW,AUS,1410,1422.0,12.0,22.0,1444.0,155.0,150.0,123.0,972,1647.0,5.0,1645,1652.0,7.0,0,0,,0.0,0.0,0.0,0.0,0.0,2015-08-17,0,0.0,0.0,0.0,0.0,0.0
2015,8,10,1,AA,2069,N119US,JFK,CLT,1159,1310.0,71.0,18.0,1328.0,124.0,99.0,74.0,541,1442.0,7.0,1403,1449.0,46.0,0,0,,0.0,0.0,4.0,42.0,0.0,2015-08-10,1,0.0,0.0,5.63,59.15,0.0
2015,7,27,1,WN,1778,N463WN,DCA,STL,1215,1235.0,20.0,11.0,1246.0,130.0,118.0,103.0,719,1329.0,4.0,1325,1333.0,8.0,0,0,,0.0,0.0,0.0,0.0,0.0,2015-07-27,1,0.0,0.0,0.0,0.0,0.0
2015,8,18,2,WN,277,N227WN,MDW,JAX,1440,1449.0,9.0,11.0,1500.0,130.0,131.0,112.0,849,1752.0,8.0,1750,1800.0,10.0,0,0,,0.0,0.0,0.0,0.0,0.0,2015-08-18,0,0.0,0.0,0.0,0.0,0.0
2015,8,17,1,WN,1861,N8653A,DAL,LGA,705,705.0,0.0,10.0,715.0,205.0,189.0,175.0,1381,1110.0,4.0,1130,1114.0,-16.0,0,0,,0.0,0.0,0.0,0.0,0.0,2015-08-17,0,0.0,0.0,0.0,0.0,0.0
2015,8,14,5,UA,664,N811UA,ORD,PHL,1345,1651.0,186.0,53.0,1744.0,132.0,147.0,90.0,678,2014.0,4.0,1657,2018.0,201.0,0,0,,15.0,0.0,11.0,175.0,0.0,2015-08-14,1,8.06,0.0,5.91,94.09,0.0
2015,8,13,4,OO,2882,N864AS,ELP,LAX,1205,1157.0,-8.0,28.0,1225.0,127.0,130.0,95.0,715,1300.0,7.0,1312,1307.0,-5.0,0,0,,0.0,0.0,0.0,0.0,0.0,2015-08-13,0,0.0,0.0,0.0,0.0,0.0
2015,8,28,5,AA,595,N904AW,PHX,DCA,844,903.0,19.0,26.0,929.0,268.0,260.0,228.0,1979,1617.0,6.0,1612,1623.0,11.0,0,0,,0.0,0.0,0.0,0.0,0.0,2015-08-28,1,0.0,0.0,0.0,0.0,0.0
2015,8,9,7,WN,1044,N481WN,HOU,LAX,830,828.0,-2.0,9.0,837.0,210.0,192.0,173.0,1390,930.0,10.0,1000,940.0,-20.0,0,0,,0.0,0.0,0.0,0.0,0.0,2015-08-09,0,0.0,0.0,0.0,0.0,0.0
2015,8,2,7,OO,6213,N122SY,ORD,CMH,1129,1135.0,6.0,16.0,1151.0,77.0,78.0,55.0,296,1346.0,7.0,1346,1353.0,7.0,0,0,,0.0,0.0,0.0,0.0,0.0,2015-08-02,0,0.0,0.0,0.0,0.0,0.0
2015,8,19,3,AA,645,N902AW,OGG,PHX,2230,2234.0,4.0,9.0,2243.0,340.0,330.0,318.0,2845,701.0,3.0,710,704.0,-6.0,0,0,,0.0,0.0,0.0,0.0,0.0,2015-08-19,0,0.0,0.0,0.0,0.0,0.0
2015,7,24,5,DL,1525,N957DN,BWI,ATL,1910,1909.0,-1.0,13.0,1922.0,126.0,111.0,74.0,577,2036.0,24.0,2116,2100.0,-16.0,0,0,,0.0,0.0,0.0,0.0,0.0,2015-07-24,0,0.0,0.0,0.0,0.0,0.0
2015,8,29,6,EV,5790,N29917,IAH,OKC,1420,1418.0,-2.0,14.0,1432.0,94.0,79.0,59.0,395,1531.0,6.0,1554,1537.0,-17.0,0,0,,0.0,0.0,0.0,0.0,0.0,2015-08-29,0,0.0,0.0,0.0,0.0,0.0
2015,7,26,7,DL,518,N375DA,LAX,MIA,1005,1003.0,-2.0,11.0,1014.0,310.0,306.0,283.0,2342,1757.0,12.0,1815,1809.0,-6.0,0,0,,0.0,0.0,0.0,0.0,0.0,2015-07-26,0,0.0,0.0,0.0,0.0,0.0
2015,8,13,4,WN,150,N408WN,LAX,STL,1915,2033.0,78.0,10.0,2043.0,220.0,210.0,197.0,1592,200.0,3.0,55,203.0,68.0,0,0,,0.0,0.0,51.0,17.0,0.0,2015-08-13,1,0.0,0.0,65.38,21.79,0.0
2015,8,28,5,OO,6376,N143SY,MSP,SFO,1759,1753.0,-6.0,18.0,1811.0,261.0,248.0,220.0,1589,1951.0,10.0,2020,2001.0,-19.0,0,0,,0.0,0.0,0.0,0.0,0.0,2015-08-28,0,0.0,0.0,0.0,0.0,0.0
2015,8,21,5,DL,1474,N958DL,ATL,CLE,951,949.0,-2.0,11.0,1000.0,109.0,94.0,76.0,554,1116.0,7.0,1140,1123.0,-17.0,0,0,,0.0,0.0,0.0,0.0,0.0,2015-08-21,0,0.0,0.0,0.0,0.0,0.0
2015,8,15,6,OO,5521,N779SK,SEA,DEN,1056,1104.0,8.0,30.0,1134.0,161.0,159.0,123.0,1024,1437.0,6.0,1437,1443.0,6.0,0,0,,0.0,0.0,0.0,0.0,0.0,2015-08-15,0,0.0,0.0,0.0,0.0,0.0
2015,8,6,4,WN,1102,N217JC,SDF,MDW,545,544.0,-1.0,7.0,551.0,70.0,59.0,49.0,271,540.0,3.0,555,543.0,-12.0,0,0,,0.0,0.0,0.0,0.0,0.0,2015-08-06,0,0.0,0.0,0.0,0.0,0.0
2015,8,30,7,AA,1509,N3BFAA,BOS,MIA,1105,1106.0,1.0,15.0,1121.0,211.0,232.0,213.0,1258,1454.0,4.0,1436,1458.0,22.0,0,0,,22.0,0.0,0.0,0.0,0.0,2015-08-30,0,2200.0,0.0,0.0,0.0,0.0
2015,8,19,3,WN,241,N8634A,DTW,LAS,1540,1546.0,6.0,10.0,1556.0,265.0,254.0,227.0,1749,1643.0,17.0,1705,1700.0,-5.0,0,0,,0.0,0.0,0.0,0.0,0.0,2015-08-19,0,0.0,0.0,0.0,0.0,0.0
2015,8,29,6,WN,1483,N416WN,HOU,LAX,1950,1948.0,-2.0,11.0,1959.0,210.0,198.0,182.0,1390,2101.0,5.0,2120,2106.0,-14.0,0,0,,0.0,0.0,0.0,0.0,0.0,2015-08-29,0,0.0,0.0,0.0,0.0,0.0
2015,8,4,2,WN,609,N742SW,DAL,MCI,735,735.0,0.0,9.0,744.0,85.0,77.0,66.0,460,850.0,2.0,900,852.0,-8.0,0,0,,0.0,0.0,0.0,0.0,0.0,2015-08-04,0,0.0,0.0,0.0,0.0,0.0
2015,8,25,2,WN,1451,N474WN,LAX,SJC,2100,2126.0,26.0,8.0,2134.0,65.0,58.0,46.0,308,2220.0,4.0,2205,2224.0,19.0,0,0,,0.0,0.0,0.0,19.0,0.0,2015-08-25,1,0.0,0.0,0.0,73.08,0.0
2015,8,12,3,EV,3925,N12922,IAH,BTR,1431,1425.0,-6.0,15.0,1440.0,67.0,73.0,41.0,253,1521.0,17.0,1538,1538.0,0.0,0,0,,0.0,0.0,0.0,0.0,0.0,2015-08-12,0,0.0,0.0,0.0,0.0,0.0
2015,8,23,7,WN,1862,N480WN,LAS,GEG,1935,1937.0,2.0,11.0,1948.0,140.0,123.0,109.0,806,2137.0,3.0,2155,2140.0,-15.0,0,0,,0.0,0.0,0.0,0.0,0.0,2015-08-23,0,0.0,0.0,0.0,0.0,0.0
2015,8,25,2,WN,342,N391SW,HOU,PNS,1400,1728.0,208.0,12.0,1740.0,85.0,84.0,69.0,488,1849.0,3.0,1525,1852.0,207.0,0,0,,0.0,0.0,26.0,181.0,0.0,2015-08-25,1,0.0,0.0,12.5,87.02,0.0
2015,8,17,1,EV,4890,N606LR,MSP,FSD,2204,2207.0,3.0,14.0,2221.0,63.0,54.0,37.0,196,2258.0,3.0,2307,2301.0,-6.0,0,0,,0.0,0.0,0.0,0.0,0.0,2015-08-17,0,0.0,0.0,0.0,0.0,0.0
2015,8,19,3,OO,7419,N460SW,MSP,ABR,2148,2143.0,-5.0,12.0,2155.0,71.0,58.0,42.0,257,2237.0,4.0,2259,2241.0,-18.0,0,0,,0.0,0.0,0.0,0.0,0.0,2015-08-19,0,0.0,0.0,0.0,0.0,0.0
2015,8,22,6,WN,998,N913WN,RNO,SAN,1200,1155.0,-5.0,8.0,1203.0,85.0,81.0,71.0,488,1314.0,2.0,1325,1316.0,-9.0,0,0,,0.0,0.0,0.0,0.0,0.0,2015-08-22,0,0.0,0.0,0.0,0.0,0.0
2015,8,30,7,WN,49,N378SW,BWI,MEM,1420,1501.0,41.0,10.0,1511.0,150.0,124.0,110.0,787,1601.0,4.0,1550,1605.0,15.0,0,0,,0.0,0.0,5.0,10.0,0.0,2015-08-30,1,0.0,0.0,12.2,24.39,0.0
2015,8,14,5,DL,1250,N911DA,ATL,MCI,1205,1208.0,3.0,10.0,1218.0,127.0,118.0,102.0,692,1300.0,6.0,1312,1306.0,-6.0,0,0,,0.0,0.0,0.0,0.0,0.0,2015-08-14,0,0.0,0.0,0.0,0.0,0.0
2015,8,27,4,DL,425,N389DA,JFK,SAN,840,833.0,-7.0,70.0,943.0,354.0,393.0,318.0,2446,1201.0,5.0,1134,1206.0,32.0,0,0,,32.0,0.0,0.0,0.0,0.0,2015-08-27,0,-457.14,-0.0,-0.0,-0.0,-0.0
2015,7,27,1,AA,386,N4XKAA,DFW,JAX,1505,1502.0,-3.0,15.0,1517.0,149.0,142.0,122.0,918,1819.0,5.0,1834,1824.0,-10.0,0,0,,0.0,0.0,0.0,0.0,0.0,2015-07-27,0,0.0,0.0,0.0,0.0,0.0
2015,7,24,5,DL,723,N336NB,BUF,ATL,1309,1309.0,0.0,16.0,1325.0,128.0,113.0,90.0,712,1455.0,7.0,1517,1502.0,-15.0,0,0,,0.0,0.0,0.0,0.0,0.0,2015-07-24,0,0.0,0.0,0.0,0.0,0.0
2015,8,23,7,DL,1236,N941DN,PNS,ATL,1835,1828.0,-7.0,12.0,1840.0,78.0,64.0,44.0,271,2024.0,8.0,2053,2032.0,-21.0,0,0,,0.0,0.0,0.0,0.0,0.0,2015-08-23,0,0.0,0.0,0.0,0.0,0.0
2015,7,25,6,DL,2408,N970DL,ATL,JAX,1949,2001.0,12.0,11.0,2012.0,72.0,55.0,40.0,270,2052.0,4.0,2101,2056.0,-5.0,0,0,,0.0,0.0,0.0,0.0,0.0,2015-07-25,0,0.0,0.0,0.0,0.0,0.0
2015,7,26,7,UA,663,N768UA,SFO,HNL,905,907.0,2.0,17.0,924.0,325.0,318.0,289.0,2398,1113.0,12.0,1130,1125.0,-5.0,0,0,,0.0,0.0,0.0,0.0,0.0,2015-07-26,0,0.0,0.0,0.0,0.0,0.0
2015,8,21,5,OO,2860,N862AS,SAF,LAX,835,930.0,55.0,25.0,955.0,129.0,133.0,103.0,710,1038.0,5.0,944,1043.0,59.0,0,0,,4.0,0.0,55.0,0.0,0.0,2015-08-21,1,7.27,0.0,100.0,0.0,0.0
2015,8,30,7,WN,1335,N715SW,SDF,BWI,1345,1341.0,-4.0,7.0,1348.0,90.0,80.0,69.0,495,1457.0,4.0,1515,1501.0,-14.0,0,0,,0.0,0.0,0.0,0.0,0.0,2015-08-30,0,0.0,0.0,0.0,0.0,0.0
2015,7,24,5,AA,394,N3ELAA,ORD,LGA,715,715.0,0.0,13.0,728.0,133.0,122.0,97.0,733,1005.0,12.0,1028,1017.0,-11.0,0,0,,0.0,0.0,0.0,0.0,0.0,2015-07-24,0,0.0,0.0,0.0,0.0,0.0
2015,8,14,5,WN,202,N214WN,MSP,MDW,835,836.0,1.0,12.0,848.0,85.0,81.0,61.0,349,949.0,8.0,1000,957.0,-3.0,0,0,,0.0,0.0,0.0,0.0,0.0,2015-08-14,0,0.0,0.0,0.0,0.0,0.0
2015,8,25,2,OO,2870,N866AS,LAX,FAT,920,940.0,20.0,16.0,956.0,66.0,58.0,39.0,209,1035.0,3.0,1026,1038.0,12.0,0,0,,0.0,0.0,0.0,0.0,0.0,2015-08-25,1,0.0,0.0,0.0,0.0,0.0
2015,8,1,6,AA,335,N496AA,ORD,MSP,1359,1354.0,-5.0,16.0,1410.0,93.0,76.0,57.0,334,1507.0,3.0,1532,1510.0,-22.0,0,0,,0.0,0.0,0.0,0.0,0.0,2015-08-01,0,0.0,0.0,0.0,0.0,0.0
2015,8,28,5,AA,1346,N574AA,TUS,DFW,950,943.0,-7.0,21.0,1004.0,140.0,141.0,108.0,813,1352.0,12.0,1410,1404.0,-6.0,0,0,,0.0,0.0,0.0,0.0,0.0,2015-08-28,0,0.0,0.0,0.0,0.0,0.0
2015,8,11,2,AA,942,N3AVAA,JFK,MIA,1120,1252.0,92.0,18.0,1310.0,188.0,171.0,145.0,1089,1535.0,8.0,1428,1543.0,75.0,0,0,,0.0,0.0,4.0,71.0,0.0,2015-08-11,1,0.0,0.0,4.35,77.17,0.0
2015,8,20,4,WN,614,N410WN,PHX,SAT,1425,1435.0,10.0,9.0,1444.0,130.0,115.0,104.0,843,1828.0,2.0,1835,1830.0,-5.0,0,0,,0.0,0.0,0.0,0.0,0.0,2015-08-20,0,0.0,0.0,0.0,0.0,0.0
2015,7,29,3,UA,1138,N28457,EWR,RSW,2028,2048.0,20.0,20.0,2108.0,186.0,151.0,126.0,1068,2314.0,5.0,2334,2319.0,-15.0,0,0,,0.0,0.0,0.0,0.0,0.0,2015-07-29,1,0.0,0.0,0.0,0.0,0.0
2015,8,22,6,WN,4045,N417WN,LAS,MSY,720,713.0,-7.0,10.0,723.0,205.0,188.0,174.0,1500,1217.0,4.0,1245,1221.0,-24.0,0,0,,0.0,0.0,0.0,0.0,0.0,2015-08-22,0,0.0,0.0,0.0,0.0,0.0
2015,8,29,6,DL,1111,N928DN,ATL,ROC,2056,2052.0,-4.0,32.0,2124.0,130.0,124.0,88.0,749,2252.0,4.0,2306,2256.0,-10.0,0,0,,0.0,0.0,0.0,0.0,0.0,2015-08-29,0,0.0,0.0,0.0,0.0,0.0
2015,8,5,3,B6,759,N317JB,BOS,PHL,1210,1215.0,5.0,16.0,1231.0,94.0,80.0,59.0,280,1330.0,5.0,1344,1335.0,-9.0,0,0,,0.0,0.0,0.0,0.0,0.0,2015-08-05,0,0.0,0.0,0.0,0.0,0.0
2015,8,11,2,B6,1884,N524JB,MCO,JFK,1611,1855.0,164.0,13.0,1908.0,173.0,195.0,175.0,944,2203.0,7.0,1904,2210.0,186.0,0,0,,157.0,0.0,0.0,29.0,0.0,2015-08-11,1,95.73,0.0,0.0,17.68,0.0
2015,8,30,7,AA,2511,N467AA,ABQ,DFW,1435,1431.0,-4.0,9.0,1440.0,106.0,102.0,85.0,569,1705.0,8.0,1721,1713.0,-8.0,0,0,,0.0,0.0,0.0,0.0,0.0,2015-08-30,0,0.0,0.0,0.0,0.0,0.0
2015,8,15,6,UA,1285,N76516,IAD,SJU,807,806.0,-1.0,10.0,816.0,230.0,217.0,202.0,1571,1138.0,5.0,1157,1143.0,-14.0,0,0,,0.0,0.0,0.0,0.0,0.0,2015-08-15,0,0.0,0.0,0.0,0.0,0.0
2015,8,2,7,VX,753,N522VA,SEA,SFO,1020,1117.0,57.0,44.0,1201.0,130.0,158.0,105.0,679,1346.0,9.0,1230,1355.0,85.0,0,0,,85.0,0.0,0.0,0.0,0.0,2015-08-02,1,149.12,0.0,0.0,0.0,0.0
2015,8,28,5,AS,794,N627AS,SEA,ABQ,1135,1128.0,-7.0,18.0,1146.0,185.0,172.0,146.0,1180,1512.0,8.0,1540,1520.0,-20.0,0,0,,0.0,0.0,0.0,0.0,0.0,2015-08-28,0,0.0,0.0,0.0,0.0,0.0
2015,8,17,1,B6,1883,N520JB,JFK,MCO,1416,1442.0,26.0,18.0,1500.0,180.0,165.0,124.0,944,1704.0,23.0,1716,1727.0,11.0,0,0,,0.0,0.0,0.0,0.0,0.0,2015-08-17,1,0.0,0.0,0.0,0.0,0.0
2015,8,24,1,UA,249,N665UA,IAD,IAH,1708,1729.0,21.0,18.0,1747.0,202.0,182.0,160.0,1190,1927.0,4.0,1930,1931.0,1.0,0,0,,0.0,0.0,0.0,0.0,0.0,2015-08-24,1,0.0,0.0,0.0,0.0,0.0
2015,8,27,4,MQ,3237,N1EAMQ,LGA,ATL,929,1044.0,75.0,54.0,1138.0,149.0,176.0,114.0,762,1332.0,8.0,1158,1340.0,102.0,0,0,,27.0,0.0,8.0,67.0,0.0,2015-08-27,1,36.0,0.0,10.67,89.33,0.0
2015,8,3,1,WN,183,N228WN,BOS,MCI,720,719.0,-1.0,22.0,741.0,210.0,210.0,183.0,1256,944.0,5.0,950,949.0,-1.0,0,0,,0.0,0.0,0.0,0.0,0.0,2015-08-03,0,0.0,0.0,0.0,0.0,0.0
2015,8,20,4,UA,350,N830UA,RDU,ORD,1705,2029.0,204.0,21.0,2050.0,138.0,115.0,91.0,646,2121.0,3.0,1823,2124.0,181.0,0,0,,0.0,0.0,17.0,164.0,0.0,2015-08-20,1,0.0,0.0,8.33,80.39,0.0
2015,8,23,7,F9,326,N947FR,MSP,PHL,940,930.0,-10.0,13.0,943.0,150.0,139.0,119.0,980,1242.0,7.0,1310,1249.0,-21.0,0,0,,0.0,0.0,0.0,0.0,0.0,2015-08-23,0,0.0,0.0,0.0,0.0,0.0
2015,8,29,6,MQ,3259,N639MQ,DTW,ORD,2040,2040.0,0.0,13.0,2053.0,75.0,70.0,45.0,235,2038.0,12.0,2055,2050.0,-5.0,0,0,,0.0,0.0,0.0,0.0,0.0,2015-08-29,0,0.0,0.0,0.0,0.0,0.0
2015,7,26,7,OO,4749,N822SK,SLC,ONT,1506,1512.0,6.0,22.0,1534.0,107.0,107.0,82.0,558,1556.0,3.0,1553,1559.0,6.0,0,0,,0.0,0.0,0.0,0.0,0.0,2015-07-26,0,0.0,0.0,0.0,0.0,0.0
2015,8,2,7,DL,2445,N608AT,ATL,DAL,1636,1636.0,0.0,9.0,1645.0,138.0,114.0,101.0,721,1726.0,4.0,1754,1730.0,-24.0,0,0,,0.0,0.0,0.0,0.0,0.0,2015-08-02,0,0.0,0.0,0.0,0.0,0.0
2015,8,10,1,WN,494,N405WN,HOU,BHM,2005,2005.0,0.0,9.0,2014.0,95.0,98.0,85.0,570,2139.0,4.0,2140,2143.0,3.0,0,0,,0.0,0.0,0.0,0.0,0.0,2015-08-10,0,0.0,0.0,0.0,0.0,0.0
2015,7,31,5,UA,1748,N27722,AUS,DEN,1939,2001.0,22.0,13.0,2014.0,148.0,128.0,106.0,775,2100.0,9.0,2107,2109.0,2.0,0,0,,0.0,0.0,0.0,0.0,0.0,2015-07-31,1,0.0,0.0,0.0,0.0,0.0
2015,8,21,5,MQ,3090,N695MQ,ORD,CMI,1649,1651.0,2.0,18.0,1709.0,59.0,45.0,25.0,135,1734.0,2.0,1748,1736.0,-12.0,0,0,,0.0,0.0,0.0,0.0,0.0,2015-08-21,0,0.0,0.0,0.0,0.0,0.0
2015,8,20,4,MQ,3325,N665MQ,RIC,ORD,1501,1530.0,29.0,11.0,1541.0,142.0,144.0,99.0,642,1620.0,34.0,1623,1654.0,31.0,0,0,,2.0,0.0,20.0,9.0,0.0,2015-08-20,1,6.9,0.0,68.97,31.03,0.0
2015,8,25,2,AS,46,N765AS,BET,ANC,2110,2119.0,9.0,4.0,2123.0,65.0,60.0,51.0,399,2214.0,5.0,2215,2219.0,4.0,0,0,,0.0,0.0,0.0,0.0,0.0,2015-08-25,0,0.0,0.0,0.0,0.0,0.0
2015,8,16,7,WN,2249,N277WN,MCO,SDF,1225,1220.0,-5.0,12.0,1232.0,125.0,116.0,98.0,719,1410.0,6.0,1430,1416.0,-14.0,0,0,,0.0,0.0,0.0,0.0,0.0,2015-08-16,0,0.0,0.0,0.0,0.0,0.0
2015,8,23,7,WN,2142,N7702A,MCO,BWI,825,833.0,8.0,14.0,847.0,130.0,121.0,103.0,787,1030.0,4.0,1035,1034.0,-1.0,0,0,,0.0,0.0,0.0,0.0,0.0,2015-08-23,0,0.0,0.0,0.0,0.0,0.0
2015,8,15,6,AA,1425,N571AA,STL,ORD,1754,1821.0,27.0,16.0,1837.0,70.0,78.0,50.0,258,1927.0,12.0,1904,1939.0,35.0,0,0,,8.0,0.0,27.0,0.0,0.0,2015-08-15,1,29.63,0.0,100.0,0.0,0.0
2015,8,10,1,B6,749,N317JB,DCA,TPA,1930,2133.0,123.0,10.0,2143.0,140.0,124.0,108.0,814,2331.0,6.0,2150,2337.0,107.0,0,0,,0.0,0.0,90.0,17.0,0.0,2015-08-10,1,0.0,0.0,73.17,13.82,0.0
2015,8,9,7,WN,7,N625SW,DAL,HOU,830,831.0,1.0,10.0,841.0,65.0,67.0,50.0,239,931.0,7.0,935,938.0,3.0,0,0,,0.0,0.0,0.0,0.0,0.0,2015-08-09,0,0.0,0.0,0.0,0.0,0.0
2015,7,27,1,B6,828,N709JB,MCO,EWR,1802,1800.0,-2.0,24.0,1824.0,162.0,185.0,154.0,937,2058.0,7.0,2044,2105.0,21.0,0,0,,21.0,0.0,0.0,0.0,0.0,2015-07-27,0,-1050.0,-0.0,-0.0,-0.0,-0.0
2015,8,22,6,AA,1557,N3LWAA,ORD,BOS,2146,2135.0,-11.0,14.0,2149.0,142.0,126.0,108.0,867,37.0,4.0,108,41.0,-27.0,0,0,,0.0,0.0,0.0,0.0,0.0,2015-08-22,0,0.0,0.0,0.0,0.0,0.0
2015,8,24,1,WN,611,N705SW,RNO,MDW,1410,1423.0,13.0,18.0,1441.0,225.0,222.0,196.0,1680,1957.0,8.0,1955,2005.0,10.0,0,0,,0.0,0.0,0.0,0.0,0.0,2015-08-24,0,0.0,0.0,0.0,0.0,0.0
2015,7,29,3,EV,4504,N11551,XNA,IAH,1830,1823.0,-7.0,11.0,1834.0,100.0,112.0,89.0,438,2003.0,12.0,2010,2015.0,5.0,0,0,,0.0,0.0,0.0,0.0,0.0,2015-07-29,0,0.0,0.0,0.0,0.0,0.0
2015,8,18,2,AA,1644,N3DLAA,ORD,SNA,1206,1300.0,54.0,11.0,1311.0,264.0,242.0,225.0,1726,1456.0,6.0,1430,1502.0,32.0,0,0,,0.0,0.0,32.0,0.0,0.0,2015-08-18,1,0.0,0.0,59.26,0.0,0.0
2015,8,23,7,B6,106,N306JB,ORD,JFK,600,603.0,3.0,14.0,617.0,132.0,118.0,98.0,740,855.0,6.0,912,901.0,-11.0,0,0,,0.0,0.0,0.0,0.0,0.0,2015-08-23,0,0.0,0.0,0.0,0.0,0.0
2015,8,23,7,WN,1796,N8657B,BWI,DEN,1815,1818.0,3.0,14.0,1832.0,245.0,224.0,204.0,1491,1956.0,6.0,2020,2002.0,-18.0,0,0,,0.0,0.0,0.0,0.0,0.0,2015-08-23,0,0.0,0.0,0.0,0.0,0.0
2015,7,29,3,WN,436,N912WN,BOS,HOU,650,649.0,-1.0,13.0,702.0,255.0,212.0,192.0,1609,914.0,7.0,1005,921.0,-44.0,0,0,,0.0,0.0,0.0,0.0,0.0,2015-07-29,0,0.0,0.0,0.0,0.0,0.0
2015,8,3,1,F9,1031,N920FR,PHL,CLT,1020,1008.0,-12.0,39.0,1047.0,105.0,117.0,68.0,449,1155.0,10.0,1205,1205.0,0.0,0,0,,0.0,0.0,0.0,0.0,0.0,2015-08-03,0,0.0,0.0,0.0,0.0,0.0
2015,8,7,5,OO,6256,N745SK,DEN,FSD,1948,1946.0,-2.0,19.0,2005.0,93.0,89.0,66.0,483,2211.0,4.0,2221,2215.0,-6.0,0,0,,0.0,0.0,0.0,0.0,0.0,2015-08-07,0,0.0,0.0,0.0,0.0,0.0
2015,7,24,5,AA,471,N576UW,PHX,MSP,1210,1234.0,24.0,15.0,1249.0,183.0,168.0,149.0,1276,1718.0,4.0,1713,1722.0,9.0,0,0,,0.0,0.0,0.0,0.0,0.0,2015-07-24,1,0.0,0.0,0.0,0.0,0.0
2015,8,14,5,WN,120,N609SW,MCI,TPA,1610,1607.0,-3.0,15.0,1622.0,155.0,167.0,134.0,1048,1936.0,18.0,1945,1954.0,9.0,0,0,,0.0,0.0,0.0,0.0,0.0,2015-08-14,0,0.0,0.0,0.0,0.0,0.0
2015,8,1,6,HA,354,N481HA,LIH,HNL,1607,1615.0,8.0,5.0,1620.0,33.0,29.0,19.0,102,1639.0,5.0,1640,1644.0,4.0,0,0,,0.0,0.0,0.0,0.0,0.0,2015-08-01,0,0.0,0.0,0.0,0.0,0.0
2015,8,9,7,AS,67,N786AS,SIT,JNU,1852,1851.0,-1.0,9.0,1900.0,34.0,36.0,24.0,95,1924.0,3.0,1926,1927.0,1.0,0,0,,0.0,0.0,0.0,0.0,0.0,2015-08-09,0,0.0,0.0,0.0,0.0,0.0
2015,8,9,7,DL,1799,N895AT,ATL,MDW,1744,1742.0,-2.0,16.0,1758.0,128.0,106.0,86.0,591,1824.0,4.0,1852,1828.0,-24.0,0,0,,0.0,0.0,0.0,0.0,0.0,2015-08-09,0,0.0,0.0,0.0,0.0,0.0
2015,8,23,7,EV,4719,N16178,ORD,ALB,755,751.0,-4.0,10.0,801.0,121.0,108.0,91.0,723,1032.0,7.0,1056,1039.0,-17.0,0,0,,0.0,0.0,0.0,0.0,0.0,2015-08-23,0,0.0,0.0,0.0,0.0,0.0
2015,7,27,1,UA,1122,N57862,SFO,HNL,1055,1113.0,18.0,17.0,1130.0,324.0,327.0,297.0,2398,1327.0,13.0,1319,1340.0,21.0,0,0,,3.0,0.0,14.0,4.0,0.0,2015-07-27,1,16.67,0.0,77.78,22.22,0.0
2015,7,29,3,AA,457,N198UW,PHX,SLC,1005,1006.0,1.0,20.0,1026.0,99.0,91.0,66.0,507,1232.0,5.0,1244,1237.0,-7.0,0,0,,0.0,0.0,0.0,0.0,0.0,2015-07-29,0,0.0,0.0,0.0,0.0,0.0
2015,8,20,4,UA,436,N486UA,LGA,ORD,1001,957.0,-4.0,48.0,1045.0,151.0,166.0,114.0,733,1139.0,4.0,1132,1143.0,11.0,0,0,,0.0,0.0,0.0,0.0,0.0,2015-08-20,0,0.0,0.0,0.0,0.0,0.0
2015,7,24,5,VX,29,N840VA,JFK,SFO,1855,1850.0,-5.0,35.0,1925.0,395.0,373.0,334.0,2586,2159.0,4.0,2230,2203.0,-27.0,0,0,,0.0,0.0,0.0,0.0,0.0,2015-07-24,0,0.0,0.0,0.0,0.0,0.0
2015,8,11,2,F9,822,N919FR,DEN,MCI,1940,2330.0,230.0,14.0,2344.0,93.0,91.0,68.0,533,152.0,9.0,2213,201.0,228.0,0,0,,0.0,0.0,67.0,161.0,0.0,2015-08-11,1,0.0,0.0,29.13,70.0,0.0
2015,8,10,1,F9,1463,N947FR,LGA,ATL,940,931.0,-9.0,50.0,1021.0,155.0,163.0,104.0,762,1205.0,9.0,1215,1214.0,-1.0,0,0,,0.0,0.0,0.0,0.0,0.0,2015-08-10,0,0.0,0.0,0.0,0.0,0.0
2015,8,25,2,AA,546,N197UW,DFW,PHX,2020,2015.0,-5.0,13.0,2028.0,156.0,135.0,117.0,868,2025.0,5.0,2056,2030.0,-26.0,0,0,,0.0,0.0,0.0,0.0,0.0,2015-08-25,0,0.0,0.0,0.0,0.0,0.0
2015,8,29,6,WN,3141,N282WN,PVD,BWI,600,555.0,-5.0,20.0,615.0,85.0,80.0,56.0,327,711.0,4.0,725,715.0,-10.0,0,0,,0.0,0.0,0.0,0.0,0.0,2015-08-29,0,0.0,0.0,0.0,0.0,0.0
2015,8,6,4,DL,2382,N345NB,MDW,MSP,909,903.0,-6.0,20.0,923.0,92.0,91.0,66.0,349,1029.0,5.0,1041,1034.0,-7.0,0,0,,0.0,0.0,0.0,0.0,0.0,2015-08-06,0,0.0,0.0,0.0,0.0,0.0
2015,7,31,5,VX,797,N628VA,LAX,SEA,1835,1833.0,-2.0,10.0,1843.0,150.0,141.0,122.0,954,2045.0,9.0,2105,2054.0,-11.0,0,0,,0.0,0.0,0.0,0.0,0.0,2015-07-31,0,0.0,0.0,0.0,0.0,0.0
2015,8,2,7,WN,368,N404WN,TPA,BHM,1300,1258.0,-2.0,8.0,1306.0,85.0,76.0,65.0,459,1311.0,3.0,1325,1314.0,-11.0,0,0,,0.0,0.0,0.0,0.0,0.0,2015-08-02,0,0.0,0.0,0.0,0.0,0.0
2015,8,4,2,UA,646,N433UA,MCO,CLE,1119,1110.0,-9.0,11.0,1121.0,145.0,144.0,124.0,895,1325.0,9.0,1344,1334.0,-10.0,0,0,,0.0,0.0,0.0,0.0,0.0,2015-08-04,0,0.0,0.0,0.0,0.0,0.0
2015,8,20,4,WN,221,N933WN,ALB,BWI,925,920.0,-5.0,18.0,938.0,75.0,78.0,56.0,289,1034.0,4.0,1040,1038.0,-2.0,0,0,,0.0,0.0,0.0,0.0,0.0,2015-08-20,0,0.0,0.0,0.0,0.0,0.0
2015,8,3,1,DL,1212,N592NW,HNL,LAX,2120,2124.0,4.0,19.0,2143.0,315.0,303.0,276.0,2556,519.0,8.0,535,527.0,-8.0,0,0,,0.0,0.0,0.0,0.0,0.0,2015-08-03,0,0.0,0.0,0.0,0.0,0.0
2015,8,16,7,OO,2891,N864AS,SMF,LAX,959,945.0,-14.0,18.0,1003.0,91.0,97.0,66.0,373,1109.0,13.0,1130,1122.0,-8.0,0,0,,0.0,0.0,0.0,0.0,0.0,2015-08-16,0,0.0,0.0,0.0,0.0,0.0
2015,8,15,6,EV,2629,N880AS,CHA,DFW,605,556.0,-9.0,10.0,606.0,127.0,119.0,99.0,695,645.0,10.0,712,655.0,-17.0,0,0,,0.0,0.0,0.0,0.0,0.0,2015-08-15,0,0.0,0.0,0.0,0.0,0.0
2015,8,13,4,EV,3931,N14920,ORD,ICT,913,916.0,3.0,43.0,959.0,119.0,133.0,85.0,588,1124.0,5.0,1112,1129.0,17.0,0,0,,14.0,0.0,3.0,0.0,0.0,2015-08-13,0,466.67,0.0,100.0,0.0,0.0
2015,8,3,1,MQ,3083,N526MQ,ORD,STL,1246,1256.0,10.0,11.0,1307.0,76.0,64.0,44.0,258,1351.0,9.0,1402,1400.0,-2.0,0,0,,0.0,0.0,0.0,0.0,0.0,2015-08-03,0,0.0,0.0,0.0,0.0,0.0
2015,8,11,2,OO,5550,N973SW,COD,DEN,727,718.0,-9.0,38.0,756.0,88.0,105.0,61.0,391,857.0,6.0,855,903.0,8.0,0,0,,0.0,0.0,0.0,0.0,0.0,2015-08-11,0,0.0,0.0,0.0,0.0,0.0
2015,8,20,4,DL,132,N995DL,MSY,DTW,1059,1056.0,-3.0,15.0,1111.0,156.0,143.0,119.0,926,1410.0,9.0,1435,1419.0,-16.0,0,0,,0.0,0.0,0.0,0.0,0.0,2015-08-20,0,0.0,0.0,0.0,0.0,0.0
2015,8,10,1,AA,1252,N566AA,DFW,PIT,814,810.0,-4.0,25.0,835.0,161.0,175.0,145.0,1067,1200.0,5.0,1155,1205.0,10.0,0,0,,0.0,0.0,0.0,0.0,0.0,2015-08-10,0,0.0,0.0,0.0,0.0,0.0
2015,8,12,3,AA,2053,N150UW,IAH,CLT,700,659.0,-1.0,14.0,713.0,153.0,146.0,120.0,912,1013.0,12.0,1033,1025.0,-8.0,0,0,,0.0,0.0,0.0,0.0,0.0,2015-08-12,0,0.0,0.0,0.0,0.0,0.0
2015,8,5,3,WN,1978,N551WN,LAS,SFO,1320,1320.0,0.0,14.0,1334.0,90.0,84.0,66.0,414,1440.0,4.0,1450,1444.0,-6.0,0,0,,0.0,0.0,0.0,0.0,0.0,2015-08-05,0,0.0,0.0,0.0,0.0,0.0
2015,7,26,7,WN,2597,N645SW,OKC,DAL,1720,1720.0,0.0,8.0,1728.0,50.0,47.0,36.0,181,1804.0,3.0,1810,1807.0,-3.0,0,0,,0.0,0.0,0.0,0.0,0.0,2015-07-26,0,0.0,0.0,0.0,0.0,0.0
2015,8,25,2,DL,2269,N534US,ATL,MCO,1155,1155.0,0.0,11.0,1206.0,85.0,75.0,57.0,404,1303.0,7.0,1320,1310.0,-10.0,0,0,,0.0,0.0,0.0,0.0,0.0,2015-08-25,0,0.0,0.0,0.0,0.0,0.0
2015,8,5,3,DL,1696,N986DL,BDL,ATL,1249,1252.0,3.0,12.0,1304.0,161.0,142.0,120.0,859,1504.0,10.0,1530,1514.0,-16.0,0,0,,0.0,0.0,0.0,0.0,0.0,2015-08-05,0,0.0,0.0,0.0,0.0,0.0
2015,8,11,2,WN,1813,N963WN,MDW,ROC,1330,1325.0,-5.0,11.0,1336.0,90.0,84.0,68.0,523,1544.0,5.0,1600,1549.0,-11.0,0,0,,0.0,0.0,0.0,0.0,0.0,2015-08-11,0,0.0,0.0,0.0,0.0,0.0
2015,8,6,4,B6,1165,N608JB,BOS,RSW,655,655.0,0.0,21.0,716.0,204.0,199.0,172.0,1249,1008.0,6.0,1019,1014.0,-5.0,0,0,,0.0,0.0,0.0,0.0,0.0,2015-08-06,0,0.0,0.0,0.0,0.0,0.0
2015,8,2,7,WN,1535,N8609A,PIT,MDW,725,719.0,-6.0,9.0,728.0,95.0,89.0,63.0,402,731.0,17.0,800,748.0,-12.0,0,0,,0.0,0.0,0.0,0.0,0.0,2015-08-02,0,0.0,0.0,0.0,0.0,0.0
2015,8,2,7,DL,86,N823DN,SAN,DTW,1118,1116.0,-2.0,26.0,1142.0,267.0,263.0,229.0,1956,1831.0,8.0,1845,1839.0,-6.0,0,0,,0.0,0.0,0.0,0.0,0.0,2015-08-02,0,0.0,0.0,0.0,0.0,0.0
2015,8,20,4,EV,2663,N673AE,SHV,DFW,1324,1450.0,86.0,18.0,1508.0,65.0,82.0,47.0,190,1555.0,17.0,1429,1612.0,103.0,0,0,,17.0,0.0,18.0,68.0,0.0,2015-08-20,1,19.77,0.0,20.93,79.07,0.0
2015,8,9,7,VX,719,N852VA,LGA,DAL,1540,1542.0,2.0,20.0,1602.0,220.0,210.0,182.0,1381,1804.0,8.0,1820,1812.0,-8.0,0,0,,0.0,0.0,0.0,0.0,0.0,2015-08-09,0,0.0,0.0,0.0,0.0,0.0
2015,7,26,7,UA,298,N451UA,MSY,ORD,1738,1732.0,-6.0,10.0,1742.0,150.0,135.0,117.0,837,1939.0,8.0,2008,1947.0,-21.0,0,0,,0.0,0.0,0.0,0.0,0.0,2015-07-26,0,0.0,0.0,0.0,0.0,0.0
2015,7,27,1,WN,603,N7704B,STL,LAX,600,556.0,-4.0,11.0,607.0,240.0,221.0,204.0,1592,731.0,6.0,800,737.0,-23.0,0,0,,0.0,0.0,0.0,0.0,0.0,2015-07-27,0,0.0,0.0,0.0,0.0,0.0
2015,8,22,6,OO,6386,N507CA,SFO,SMX,1232,1313.0,41.0,15.0,1328.0,71.0,61.0,41.0,216,1409.0,5.0,1343,1414.0,31.0,0,0,,0.0,0.0,11.0,20.0,0.0,2015-08-22,1,0.0,0.0,26.83,48.78,0.0
2015,8,1,6,AA,1773,N958UW,PIT,PHL,915,908.0,-7.0,11.0,919.0,73.0,63.0,48.0,268,1007.0,4.0,1028,1011.0,-17.0,0,0,,0.0,0.0,0.0,0.0,0.0,2015-08-01,0,0.0,0.0,0.0,0.0,0.0
2015,8,28,5,DL,2617,N896AT,ATL,AVL,905,905.0,0.0,19.0,924.0,51.0,58.0,34.0,164,958.0,5.0,956,1003.0,7.0,0,0,,0.0,0.0,0.0,0.0,0.0,2015-08-28,0,0.0,0.0,0.0,0.0,0.0
2015,8,30,7,B6,50,N247JB,SAV,BOS,1415,1359.0,-16.0,10.0,1409.0,138.0,129.0,114.0,901,1603.0,5.0,1633,1608.0,-25.0,0,0,,0.0,0.0,0.0,0.0,0.0,2015-08-30,0,0.0,0.0,0.0,0.0,0.0
2015,8,19,3,WN,1289,N784SW,LAX,ABQ,1840,1950.0,70.0,6.0,1956.0,105.0,96.0,86.0,677,2222.0,4.0,2125,2226.0,61.0,0,0,,0.0,0.0,0.0,61.0,0.0,2015-08-19,1,0.0,0.0,0.0,87.14,0.0
2015,7,26,7,MQ,3313,N908MQ,DFW,AEX,2145,2138.0,-7.0,14.0,2152.0,66.0,67.0,49.0,285,2241.0,4.0,2251,2245.0,-6.0,0,0,,0.0,0.0,0.0,0.0,0.0,2015-07-26,0,0.0,0.0,0.0,0.0,0.0
2015,7,31,5,WN,2160,N669SW,BNA,DTW,2115,2139.0,24.0,14.0,2153.0,90.0,93.0,70.0,456,3.0,9.0,2345,12.0,27.0,0,0,,3.0,0.0,24.0,0.0,0.0,2015-07-31,1,12.5,0.0,100.0,0.0,0.0
2015,8,7,5,WN,4551,N646SW,ELP,AUS,530,525.0,-5.0,14.0,539.0,90.0,94.0,75.0,528,754.0,5.0,800,759.0,-1.0,0,0,,0.0,0.0,0.0,0.0,0.0,2015-08-07,0,0.0,0.0,0.0,0.0,0.0
2015,7,26,7,AS,44,N763AS,BET,ANC,1325,1313.0,-12.0,5.0,1318.0,70.0,80.0,56.0,399,1414.0,19.0,1435,1433.0,-2.0,0,0,,0.0,0.0,0.0,0.0,0.0,2015-07-26,0,0.0,0.0,0.0,0.0,0.0
2015,8,8,6,WN,1956,N461WN,SFO,SNA,1755,1806.0,11.0,13.0,1819.0,85.0,74.0,57.0,372,1916.0,4.0,1920,1920.0,0.0,0,0,,0.0,0.0,0.0,0.0,0.0,2015-08-08,0,0.0,0.0,0.0,0.0,0.0
2015,8,21,5,WN,256,N456WN,ATL,MSY,2210,2210.0,0.0,17.0,2227.0,95.0,82.0,62.0,425,2229.0,3.0,2245,2232.0,-13.0,0,0,,0.0,0.0,0.0,0.0,0.0,2015-08-21,0,0.0,0.0,0.0,0.0,0.0
2015,8,14,5,EV,5981,N14573,ORD,OMA,2225,2223.0,-2.0,81.0,2344.0,96.0,147.0,60.0,416,44.0,6.0,1,50.0,49.0,0,0,,49.0,0.0,0.0,0.0,0.0,2015-08-14,0,-2450.0,-0.0,-0.0,-0.0,-0.0
2015,8,10,1,MQ,3560,N638MQ,LIT,ORD,1220,1227.0,7.0,16.0,1243.0,120.0,127.0,92.0,552,1415.0,19.0,1420,1434.0,14.0,0,0,,0.0,0.0,0.0,0.0,0.0,2015-08-10,0,0.0,0.0,0.0,0.0,0.0
2015,7,29,3,AA,506,N837AW,LAX,PHX,720,719.0,-1.0,19.0,738.0,108.0,114.0,58.0,370,836.0,37.0,908,913.0,5.0,0,0,,0.0,0.0,0.0,0.0,0.0,2015-07-29,0,0.0,0.0,0.0,0.0,0.0
2015,8,19,3,WN,3185,N244WN,FLL,SJU,1955,2003.0,8.0,13.0,2016.0,155.0,151.0,132.0,1046,2228.0,6.0,2230,2234.0,4.0,0,0,,0.0,0.0,0.0,0.0,0.0,2015-08-19,0,0.0,0.0,0.0,0.0,0.0
2015,8,17,1,OO,7380,N429SW,SLC,CDC,1700,1654.0,-6.0,13.0,1707.0,50.0,54.0,37.0,221,1744.0,4.0,1750,1748.0,-2.0,0,0,,0.0,0.0,0.0,0.0,0.0,2015-08-17,0,0.0,0.0,0.0,0.0,0.0
2015,8,21,5,AS,98,N548AS,ANC,SEA,1620,1628.0,8.0,8.0,1636.0,200.0,191.0,174.0,1448,2030.0,9.0,2040,2039.0,-1.0,0,0,,0.0,0.0,0.0,0.0,0.0,2015-08-21,0,0.0,0.0,0.0,0.0,0.0
2015,8,8,6,AA,1147,N3HLAA,MIA,LAX,2125,31.0,186.0,13.0,44.0,331.0,305.0,285.0,2342,229.0,7.0,2356,236.0,160.0,0,0,,0.0,0.0,0.0,114.0,46.0,2015-08-08,1,0.0,0.0,0.0,61.29,24.73
2015,8,5,3,DL,1411,N838DN,MSP,PDX,1740,1740.0,0.0,14.0,1754.0,211.0,204.0,188.0,1426,1902.0,2.0,1911,1904.0,-7.0,0,0,,0.0,0.0,0.0,0.0,0.0,2015-08-05,0,0.0,0.0,0.0,0.0,0.0
2015,7,26,7,DL,1494,N975DL,ATL,PHL,845,843.0,-2.0,11.0,854.0,120.0,115.0,98.0,666,1032.0,6.0,1045,1038.0,-7.0,0,0,,0.0,0.0,0.0,0.0,0.0,2015-07-26,0,0.0,0.0,0.0,0.0,0.0
2015,8,24,1,AA,2144,N951UW,DCA,LGA,700,653.0,-7.0,15.0,708.0,75.0,68.0,45.0,214,753.0,8.0,815,801.0,-14.0,0,0,,0.0,0.0,0.0,0.0,0.0,2015-08-24,0,0.0,0.0,0.0,0.0,0.0
2015,8,5,3,OO,2883,N492SW,LAX,SAN,1915,1910.0,-5.0,14.0,1924.0,56.0,45.0,27.0,109,1951.0,4.0,2011,1955.0,-16.0,0,0,,0.0,0.0,0.0,0.0,0.0,2015-08-05,0,0.0,0.0,0.0,0.0,0.0
2015,8,20,4,B6,124,N943JB,LAX,JFK,830,849.0,19.0,14.0,903.0,333.0,322.0,306.0,2475,1709.0,2.0,1703,1711.0,8.0,0,0,,0.0,0.0,0.0,0.0,0.0,2015-08-20,1,0.0,0.0,0.0,0.0,0.0
2015,8,5,3,AA,1052,N4YCAA,RDU,DFW,1545,1539.0,-6.0,22.0,1601.0,176.0,216.0,149.0,1061,1730.0,45.0,1741,1815.0,34.0,0,0,,34.0,0.0,0.0,0.0,0.0,2015-08-05,0,-566.67,-0.0,-0.0,-0.0,-0.0
2015,7,27,1,EV,4543,N12163,EWR,DSM,2010,2059.0,49.0,21.0,2120.0,181.0,164.0,133.0,1017,2233.0,10.0,2211,2243.0,32.0,0,0,,0.0,0.0,0.0,32.0,0.0,2015-07-27,1,0.0,0.0,0.0,65.31,0.0
2015,8,23,7,EV,2657,N671AE,SHV,DFW,1159,1139.0,-20.0,4.0,1143.0,61.0,66.0,42.0,190,1225.0,20.0,1300,1245.0,-15.0,0,0,,0.0,0.0,0.0,0.0,0.0,2015-08-23,0,0.0,0.0,0.0,0.0,0.0
2015,8,12,3,WN,596,N8321D,RDU,BNA,725,721.0,-4.0,8.0,729.0,95.0,95.0,70.0,442,739.0,17.0,800,756.0,-4.0,0,0,,0.0,0.0,0.0,0.0,0.0,2015-08-12,0,0.0,0.0,0.0,0.0,0.0
2015,8,22,6,DL,1057,N953AT,DTW,PHL,1230,1225.0,-5.0,20.0,1245.0,100.0,103.0,69.0,453,1354.0,14.0,1410,1408.0,-2.0,0,0,,0.0,0.0,0.0,0.0,0.0,2015-08-22,0,0.0,0.0,0.0,0.0,0.0
2015,8,30,7,WN,314,N565WN,SDF,MDW,2000,1955.0,-5.0,13.0,2008.0,75.0,68.0,49.0,271,1957.0,6.0,2015,2003.0,-12.0,0,0,,0.0,0.0,0.0,0.0,0.0,2015-08-30,0,0.0,0.0,0.0,0.0,0.0
2015,8,2,7,AA,989,N3KWAA,LAS,MIA,1231,1308.0,37.0,19.0,1327.0,296.0,295.0,270.0,2174,2057.0,6.0,2027,2103.0,36.0,0,0,,0.0,0.0,2.0,34.0,0.0,2015-08-02,1,0.0,0.0,5.41,91.89,0.0
2015,8,14,5,EV,5004,N841AS,ATL,LFT,1653,1652.0,-1.0,15.0,1707.0,106.0,95.0,75.0,503,1722.0,5.0,1739,1727.0,-12.0,0,0,,0.0,0.0,0.0,0.0,0.0,2015-08-14,0,0.0,0.0,0.0,0.0,0.0
2015,8,2,7,OO,6495,N905SW,COS,LAX,725,734.0,9.0,20.0,754.0,161.0,158.0,128.0,833,902.0,10.0,906,912.0,6.0,0,0,,0.0,0.0,0.0,0.0,0.0,2015-08-02,0,0.0,0.0,0.0,0.0,0.0
2015,8,5,3,OO,6215,N795SK,DEN,OTH,1120,1112.0,-8.0,21.0,1133.0,174.0,175.0,149.0,1040,1302.0,5.0,1314,1307.0,-7.0,0,0,,0.0,0.0,0.0,0.0,0.0,2015-08-05,0,0.0,0.0,0.0,0.0,0.0
2015,8,18,2,DL,743,N964DN,ATL,RDU,1741,1810.0,29.0,89.0,1939.0,89.0,150.0,57.0,356,2036.0,4.0,1910,2040.0,90.0,0,0,,61.0,0.0,29.0,0.0,0.0,2015-08-18,1,210.34,0.0,100.0,0.0,0.0
2015,7,30,4,B6,658,N784JB,FLL,CLE,1113,1111.0,-2.0,13.0,1124.0,170.0,159.0,140.0,1062,1344.0,6.0,1403,1350.0,-13.0,0,0,,0.0,0.0,0.0,0.0,0.0,2015-07-30,0,0.0,0.0,0.0,0.0,0.0
2015,8,18,2,EV,5779,N28529,IAH,LIT,1300,1257.0,-3.0,17.0,1314.0,83.0,77.0,55.0,374,1409.0,5.0,1423,1414.0,-9.0,0,0,,0.0,0.0,0.0,0.0,0.0,2015-08-18,0,0.0,0.0,0.0,0.0,0.0
2015,7,28,2,WN,4114,N959WN,DEN,BWI,1555,1607.0,12.0,10.0,1617.0,210.0,205.0,183.0,1491,2120.0,12.0,2125,2132.0,7.0,0,0,,0.0,0.0,0.0,0.0,0.0,2015-07-28,0,0.0,0.0,0.0,0.0,0.0
2015,8,14,5,HA,23,N587HA,OAK,OGG,700,655.0,-5.0,12.0,707.0,310.0,328.0,309.0,2349,916.0,7.0,910,923.0,13.0,0,0,,0.0,0.0,0.0,0.0,0.0,2015-08-14,0,0.0,0.0,0.0,0.0,0.0
2015,7,26,7,DL,2539,N904DA,MKE,ATL,705,702.0,-3.0,16.0,718.0,123.0,118.0,94.0,669,952.0,8.0,1008,1000.0,-8.0,0,0,,0.0,0.0,0.0,0.0,0.0,2015-07-26,0,0.0,0.0,0.0,0.0,0.0
2015,8,25,2,HA,326,N483HA,HNL,OGG,1652,1712.0,20.0,13.0,1725.0,37.0,40.0,22.0,100,1747.0,5.0,1729,1752.0,23.0,0,0,,0.0,0.0,7.0,16.0,0.0,2015-08-25,1,0.0,0.0,35.0,80.0,0.0
2015,7,25,6,AA,1523,N3CTAA,FLL,DFW,1515,1514.0,-1.0,13.0,1527.0,188.0,181.0,144.0,1119,1651.0,24.0,1723,1715.0,-8.0,0,0,,0.0,0.0,0.0,0.0,0.0,2015-07-25,0,0.0,0.0,0.0,0.0,0.0
2015,8,12,3,UA,439,N803UA,MSP,ORD,2001,1959.0,-2.0,13.0,2012.0,97.0,74.0,51.0,334,2103.0,10.0,2138,2113.0,-25.0,0,0,,0.0,0.0,0.0,0.0,0.0,2015-08-12,0,0.0,0.0,0.0,0.0,0.0
2015,8,3,1,WN,2852,N793SA,ATL,DCA,1800,1756.0,-4.0,22.0,1818.0,110.0,103.0,77.0,547,1935.0,4.0,1950,1939.0,-11.0,0,0,,0.0,0.0,0.0,0.0,0.0,2015-08-03,0,0.0,0.0,0.0,0.0,0.0
2015,8,14,5,OO,4644,N614SK,SLC,LGB,835,832.0,-3.0,26.0,858.0,121.0,121.0,90.0,588,928.0,5.0,936,933.0,-3.0,0,0,,0.0,0.0,0.0,0.0,0.0,2015-08-14,0,0.0,0.0,0.0,0.0,0.0
2015,7,30,4,B6,842,N531JB,SAV,JFK,1134,1131.0,-3.0,31.0,1202.0,129.0,132.0,97.0,718,1339.0,4.0,1343,1343.0,0.0,0,0,,0.0,0.0,0.0,0.0,0.0,2015-07-30,0,0.0,0.0,0.0,0.0,0.0
2015,8,25,2,WN,438,N345SA,DEN,TUL,1935,1946.0,11.0,16.0,2002.0,95.0,92.0,71.0,541,2213.0,5.0,2210,2218.0,8.0,0,0,,0.0,0.0,0.0,0.0,0.0,2015-08-25,0,0.0,0.0,0.0,0.0,0.0
2015,8,12,3,MQ,3518,N827MQ,LGA,RIC,1707,1802.0,55.0,37.0,1839.0,93.0,93.0,50.0,292,1929.0,6.0,1840,1935.0,55.0,0,0,,0.0,0.0,27.0,28.0,0.0,2015-08-12,1,0.0,0.0,49.09,50.91,0.0
2015,8,27,4,UA,502,N510UA,SFO,JFK,1625,1620.0,-5.0,21.0,1641.0,330.0,320.0,296.0,2586,37.0,3.0,55,40.0,-15.0,0,0,,0.0,0.0,0.0,0.0,0.0,2015-08-27,0,0.0,0.0,0.0,0.0,0.0
2015,8,13,4,AA,47,N3LVAA,PDX,ORD,1310,1314.0,4.0,11.0,1325.0,243.0,234.0,203.0,1739,1848.0,20.0,1913,1908.0,-5.0,0,0,,0.0,0.0,0.0,0.0,0.0,2015-08-13,0,0.0,0.0,0.0,0.0,0.0
2015,8,1,6,B6,2,N556JB,FLL,JFK,704,702.0,-2.0,16.0,718.0,175.0,163.0,143.0,1069,941.0,4.0,959,945.0,-14.0,0,0,,0.0,0.0,0.0,0.0,0.0,2015-08-01,0,0.0,0.0,0.0,0.0,0.0
2015,7,29,3,DL,915,N891AT,TUL,ATL,1516,1512.0,-4.0,13.0,1525.0,124.0,126.0,104.0,674,1809.0,9.0,1820,1818.0,-2.0,0,0,,0.0,0.0,0.0,0.0,0.0,2015-07-29,0,0.0,0.0,0.0,0.0,0.0
2015,8,8,6,DL,1466,N3769L,PHX,SLC,1024,1020.0,-4.0,22.0,1042.0,96.0,91.0,64.0,507,1246.0,5.0,1300,1251.0,-9.0,0,0,,0.0,0.0,0.0,0.0,0.0,2015-08-08,0,0.0,0.0,0.0,0.0,0.0
2015,8,16,7,UA,1201,N63820,LAX,ORD,600,603.0,3.0,14.0,617.0,251.0,241.0,215.0,1744,1152.0,12.0,1211,1204.0,-7.0,0,0,,0.0,0.0,0.0,0.0,0.0,2015-08-16,0,0.0,0.0,0.0,0.0,0.0
2015,8,30,7,UA,1771,N75435,DEN,EWR,955,1008.0,13.0,19.0,1027.0,229.0,224.0,195.0,1605,1542.0,10.0,1544,1552.0,8.0,0,0,,0.0,0.0,0.0,0.0,0.0,2015-08-30,0,0.0,0.0,0.0,0.0,0.0
2015,8,9,7,DL,723,N358NB,ATL,BUF,1030,1024.0,-6.0,12.0,1036.0,120.0,113.0,97.0,712,1213.0,4.0,1230,1217.0,-13.0,0,0,,0.0,0.0,0.0,0.0,0.0,2015-08-09,0,0.0,0.0,0.0,0.0,0.0
2015,8,22,6,F9,1275,N905FR,ORD,ATL,1445,1459.0,14.0,15.0,1514.0,125.0,114.0,88.0,606,1742.0,11.0,1750,1753.0,3.0,0,0,,0.0,0.0,0.0,0.0,0.0,2015-08-22,0,0.0,0.0,0.0,0.0,0.0
2015,8,29,6,MQ,3105,N654MQ,DFW,DRO,2035,2014.0,-21.0,17.0,2031.0,130.0,117.0,98.0,674,2109.0,2.0,2145,2111.0,-34.0,0,0,,0.0,0.0,0.0,0.0,0.0,2015-08-29,0,0.0,0.0,0.0,0.0,0.0
2015,8,2,7,B6,885,N569JB,JFK,RDU,743,739.0,-4.0,18.0,757.0,106.0,94.0,69.0,427,906.0,7.0,929,913.0,-16.0,0,0,,0.0,0.0,0.0,0.0,0.0,2015-08-02,0,0.0,0.0,0.0,0.0,0.0
2015,8,14,5,OO,6467,N744SK,IAH,ICT,1825,1825.0,0.0,13.0,1838.0,100.0,101.0,82.0,542,2000.0,6.0,2005,2006.0,1.0,0,0,,0.0,0.0,0.0,0.0,0.0,2015-08-14,0,0.0,0.0,0.0,0.0,0.0
2015,8,30,7,AA,1646,N3FCAA,TUL,DFW,1749,1740.0,-9.0,12.0,1752.0,70.0,56.0,40.0,237,1832.0,4.0,1859,1836.0,-23.0,0,0,,0.0,0.0,0.0,0.0,0.0,2015-08-30,0,0.0,0.0,0.0,0.0,0.0
2015,8,4,2,B6,428,N651JB,MCO,EWR,2120,2136.0,16.0,12.0,2148.0,151.0,139.0,122.0,937,2350.0,5.0,2351,2355.0,4.0,0,0,,0.0,0.0,0.0,0.0,0.0,2015-08-04,1,0.0,0.0,0.0,0.0,0.0
2015,7,27,1,DL,64,N129DL,SFO,ATL,730,729.0,-1.0,15.0,744.0,287.0,264.0,243.0,2139,1447.0,6.0,1517,1453.0,-24.0,0,0,,0.0,0.0,0.0,0.0,0.0,2015-07-27,0,0.0,0.0,0.0,0.0,0.0
2015,8,25,2,MQ,3464,N662MQ,BWI,ORD,1758,1751.0,-7.0,9.0,1800.0,141.0,114.0,98.0,622,1838.0,7.0,1919,1845.0,-34.0,0,0,,0.0,0.0,0.0,0.0,0.0,2015-08-25,0,0.0,0.0,0.0,0.0,0.0
2015,8,18,2,EV,5039,N861AS,CAK,DTW,1940,1934.0,-6.0,9.0,1943.0,54.0,44.0,29.0,133,2012.0,6.0,2034,2018.0,-16.0,0,0,,0.0,0.0,0.0,0.0,0.0,2015-08-18,0,0.0,0.0,0.0,0.0,0.0
2015,7,31,5,WN,711,N905WN,LAS,BOI,755,757.0,2.0,10.0,807.0,95.0,92.0,79.0,519,1026.0,3.0,1030,1029.0,-1.0,0,0,,0.0,0.0,0.0,0.0,0.0,2015-07-31,0,0.0,0.0,0.0,0.0,0.0
2015,8,8,6,DL,583,N357NW,LGA,DTW,900,854.0,-6.0,17.0,911.0,134.0,101.0,80.0,502,1031.0,4.0,1114,1035.0,-39.0,0,0,,0.0,0.0,0.0,0.0,0.0,2015-08-08,0,0.0,0.0,0.0,0.0,0.0
2015,8,25,2,AA,600,N523UW,JFK,CLT,1830,1828.0,-2.0,17.0,1845.0,144.0,133.0,87.0,541,2012.0,29.0,2054,2041.0,-13.0,0,0,,0.0,0.0,0.0,0.0,0.0,2015-08-25,0,0.0,0.0,0.0,0.0,0.0
2015,8,23,7,DL,1590,N993AT,CAE,ATL,700,700.0,0.0,8.0,708.0,61.0,48.0,36.0,192,744.0,4.0,801,748.0,-13.0,0,0,,0.0,0.0,0.0,0.0,0.0,2015-08-23,0,0.0,0.0,0.0,0.0,0.0
2015,8,15,6,OO,6450,N912SW,LAX,RNO,700,654.0,-6.0,26.0,720.0,90.0,90.0,58.0,391,818.0,6.0,830,824.0,-6.0,0,0,,0.0,0.0,0.0,0.0,0.0,2015-08-15,0,0.0,0.0,0.0,0.0,0.0
2015,8,2,7,WN,102,N606SW,SMF,ONT,2200,2243.0,43.0,11.0,2254.0,75.0,77.0,62.0,390,2356.0,4.0,2315,2400.0,45.0,0,0,,2.0,0.0,0.0,43.0,0.0,2015-08-02,1,4.65,0.0,0.0,100.0,0.0
2015,8,18,2,UA,1947,N78438,LAX,EWR,600,601.0,1.0,26.0,627.0,332.0,330.0,296.0,2454,1423.0,8.0,1432,1431.0,-1.0,0,0,,0.0,0.0,0.0,0.0,0.0,2015-08-18,0,0.0,0.0,0.0,0.0,0.0
2015,8,8,6,WN,1811,N281WN,MDW,RSW,1925,1938.0,13.0,11.0,1949.0,170.0,148.0,133.0,1105,2302.0,4.0,2315,2306.0,-9.0,0,0,,0.0,0.0,0.0,0.0,0.0,2015-08-08,0,0.0,0.0,0.0,0.0,0.0
2015,7,26,7,AA,1573,N4YRAA,DFW,ABQ,1030,1024.0,-6.0,20.0,1044.0,114.0,105.0,74.0,569,1058.0,11.0,1124,1109.0,-15.0,0,0,,0.0,0.0,0.0,0.0,0.0,2015-07-26,0,0.0,0.0,0.0,0.0,0.0
2015,8,21,5,MQ,3606,N699MQ,CLE,MIA,1732,1725.0,-7.0,8.0,1733.0,175.0,161.0,149.0,1080,2002.0,4.0,2027,2006.0,-21.0,0,0,,0.0,0.0,0.0,0.0,0.0,2015-08-21,0,0.0,0.0,0.0,0.0,0.0
2015,8,21,5,F9,604,N202FR,DEN,IND,850,849.0,-1.0,20.0,909.0,142.0,150.0,122.0,977,1311.0,8.0,1312,1319.0,7.0,0,0,,0.0,0.0,0.0,0.0,0.0,2015-08-21,0,0.0,0.0,0.0,0.0,0.0
2015,7,30,4,WN,255,N969WN,MHT,BWI,900,855.0,-5.0,8.0,903.0,90.0,75.0,63.0,377,1006.0,4.0,1030,1010.0,-20.0,0,0,,0.0,0.0,0.0,0.0,0.0,2015-07-30,0,0.0,0.0,0.0,0.0,0.0
2015,8,17,1,OO,4858,N614SK,SEA,BZN,2140,2133.0,-7.0,18.0,2151.0,101.0,89.0,67.0,543,2358.0,4.0,21,2.0,-19.0,0,0,,0.0,0.0,0.0,0.0,0.0,2015-08-17,0,0.0,0.0,0.0,0.0,0.0
2015,8,3,1,MQ,3562,N651MQ,TOL,ORD,1050,1052.0,2.0,8.0,1100.0,75.0,56.0,42.0,213,1042.0,6.0,1105,1048.0,-17.0,0,0,,0.0,0.0,0.0,0.0,0.0,2015-08-03,0,0.0,0.0,0.0,0.0,0.0
2015,8,4,2,WN,4302,N204WN,ATL,SAN,955,954.0,-1.0,29.0,1023.0,280.0,273.0,238.0,1892,1121.0,6.0,1135,1127.0,-8.0,0,0,,0.0,0.0,0.0,0.0,0.0,2015-08-04,0,0.0,0.0,0.0,0.0,0.0
2015,8,16,7,AS,73,N703AS,JNU,ANC,727,712.0,-15.0,10.0,722.0,102.0,114.0,101.0,571,903.0,3.0,909,906.0,-3.0,0,0,,0.0,0.0,0.0,0.0,0.0,2015-08-16,0,0.0,0.0,0.0,0.0,0.0
2015,7,26,7,WN,810,N514SW,SAT,HOU,1835,1834.0,-1.0,11.0,1845.0,55.0,53.0,36.0,192,1921.0,6.0,1930,1927.0,-3.0,0,0,,0.0,0.0,0.0,0.0,0.0,2015-07-26,0,0.0,0.0,0.0,0.0,0.0
2015,7,26,7,WN,728,N317WN,BNA,CMH,950,946.0,-4.0,10.0,956.0,70.0,67.0,53.0,337,1149.0,4.0,1200,1153.0,-7.0,0,0,,0.0,0.0,0.0,0.0,0.0,2015-07-26,0,0.0,0.0,0.0,0.0,0.0
2015,8,7,5,WN,2324,N607SW,SMF,PHX,2200,2212.0,12.0,9.0,2221.0,110.0,100.0,86.0,647,2347.0,5.0,2350,2352.0,2.0,0,0,,0.0,0.0,0.0,0.0,0.0,2015-08-07,0,0.0,0.0,0.0,0.0,0.0
2015,8,18,2,MQ,3636,N646MQ,DFW,CID,1148,1143.0,-5.0,14.0,1157.0,124.0,129.0,104.0,685,1341.0,11.0,1352,1352.0,0.0,0,0,,0.0,0.0,0.0,0.0,0.0,2015-08-18,0,0.0,0.0,0.0,0.0,0.0
2015,8,12,3,WN,3173,N8604K,DEN,MSP,1955,2009.0,14.0,16.0,2025.0,110.0,109.0,86.0,680,2251.0,7.0,2245,2258.0,13.0,0,0,,0.0,0.0,0.0,0.0,0.0,2015-08-12,0,0.0,0.0,0.0,0.0,0.0
2015,8,24,1,DL,1196,N537US,OGG,LAX,1232,1230.0,-2.0,15.0,1245.0,323.0,321.0,300.0,2486,2045.0,6.0,2055,2051.0,-4.0,0,0,,0.0,0.0,0.0,0.0,0.0,2015-08-24,0,0.0,0.0,0.0,0.0,0.0
2015,7,28,2,NK,892,N587NK,SJU,MCO,1425,1422.0,-3.0,12.0,1434.0,181.0,184.0,156.0,1189,1710.0,16.0,1726,1726.0,0.0,0,0,,0.0,0.0,0.0,0.0,0.0,2015-07-28,0,0.0,0.0,0.0,0.0,0.0
2015,8,21,5,NK,138,N625NK,FLL,MCO,745,740.0,-5.0,14.0,754.0,57.0,65.0,35.0,177,829.0,16.0,842,845.0,3.0,0,0,,0.0,0.0,0.0,0.0,0.0,2015-08-21,0,0.0,0.0,0.0,0.0,0.0
2015,7,23,4,WN,3224,N273WN,DEN,SMF,1725,1730.0,5.0,11.0,1741.0,150.0,145.0,129.0,909,1850.0,5.0,1855,1855.0,0.0,0,0,,0.0,0.0,0.0,0.0,0.0,2015-07-23,0,0.0,0.0,0.0,0.0,0.0
2015,8,2,7,WN,2672,N968WN,ATL,LGA,610,605.0,-5.0,10.0,615.0,140.0,122.0,101.0,762,756.0,11.0,830,807.0,-23.0,0,0,,0.0,0.0,0.0,0.0,0.0,2015-08-02,0,0.0,0.0,0.0,0.0,0.0
2015,7,22,3,WN,5545,N8635F,FLL,MDW,1845,1845.0,0.0,10.0,1855.0,200.0,169.0,154.0,1167,2029.0,5.0,2105,2034.0,-31.0,0,0,,0.0,0.0,0.0,0.0,0.0,2015-07-22,0,0.0,0.0,0.0,0.0,0.0
2015,8,27,4,MQ,3094,N636MQ,GRR,ORD,916,921.0,5.0,16.0,937.0,61.0,58.0,29.0,137,906.0,13.0,917,919.0,2.0,0,0,,0.0,0.0,0.0,0.0,0.0,2015-08-27,0,0.0,0.0,0.0,0.0,0.0
2015,7,26,7,OO,5300,N910SW,SPI,ORD,1719,1729.0,10.0,17.0,1746.0,64.0,98.0,36.0,174,1822.0,45.0,1823,1907.0,44.0,0,0,,34.0,0.0,5.0,5.0,0.0,2015-07-26,0,340.0,0.0,50.0,50.0,0.0
2015,7,27,1,OO,4741,N692CA,MSN,MSP,930,921.0,-9.0,18.0,939.0,71.0,78.0,47.0,228,1026.0,13.0,1041,1039.0,-2.0,0,0,,0.0,0.0,0.0,0.0,0.0,2015-07-27,0,0.0,0.0,0.0,0.0,0.0
2015,8,16,7,AA,23,N3KLAA,LAS,LAX,2015,2117.0,62.0,46.0,2203.0,88.0,113.0,40.0,236,2243.0,27.0,2143,2310.0,87.0,0,0,,87.0,0.0,0.0,0.0,0.0,2015-08-16,1,140.32,0.0,0.0,0.0,0.0
2015,7,26,7,EV,4933,N868AS,CHA,ATL,700,659.0,-1.0,12.0,711.0,46.0,49.0,29.0,106,740.0,8.0,746,748.0,2.0,0,0,,0.0,0.0,0.0,0.0,0.0,2015-07-26,0,0.0,0.0,0.0,0.0,0.0
2015,7,28,2,OO,4701,N781CA,MSP,GRB,1750,1827.0,37.0,12.0,1839.0,67.0,59.0,41.0,252,1920.0,6.0,1857,1926.0,29.0,0,0,,0.0,0.0,7.0,22.0,0.0,2015-07-28,1,0.0,0.0,18.92,59.46,0.0
2015,8,24,1,UA,508,N222UA,LAX,IAD,730,726.0,-4.0,13.0,739.0,289.0,272.0,252.0,2288,1451.0,7.0,1519,1458.0,-21.0,0,0,,0.0,0.0,0.0,0.0,0.0,2015-08-24,0,0.0,0.0,0.0,0.0,0.0
2015,8,25,2,WN,1417,N232WN,HOU,DEN,815,810.0,-5.0,11.0,821.0,150.0,141.0,121.0,883,922.0,9.0,945,931.0,-14.0,0,0,,0.0,0.0,0.0,0.0,0.0,2015-08-25,0,0.0,0.0,0.0,0.0,0.0
2015,8,2,7,DL,1548,N352NB,DTW,LGA,1158,1156.0,-2.0,12.0,1208.0,111.0,89.0,71.0,502,1319.0,6.0,1349,1325.0,-24.0,0,0,,0.0,0.0,0.0,0.0,0.0,2015-08-02,0,0.0,0.0,0.0,0.0,0.0
2015,8,21,5,WN,2753,N228WN,BUF,BWI,1200,1207.0,7.0,8.0,1215.0,70.0,69.0,50.0,281,1305.0,11.0,1310,1316.0,6.0,0,0,,0.0,0.0,0.0,0.0,0.0,2015-08-21,0,0.0,0.0,0.0,0.0,0.0
2015,8,6,4,UA,238,N828UA,DCA,IAH,1400,1354.0,-6.0,17.0,1411.0,201.0,187.0,165.0,1208,1556.0,5.0,1621,1601.0,-20.0,0,0,,0.0,0.0,0.0,0.0,0.0,2015-08-06,0,0.0,0.0,0.0,0.0,0.0
2015,8,10,1,AS,486,N579AS,SEA,SAN,1425,1422.0,-3.0,14.0,1436.0,163.0,173.0,156.0,1050,1712.0,3.0,1708,1715.0,7.0,0,0,,0.0,0.0,0.0,0.0,0.0,2015-08-10,0,0.0,0.0,0.0,0.0,0.0
2015,8,15,6,HA,509,N481HA,HNL,LIH,905,858.0,-7.0,15.0,913.0,42.0,42.0,22.0,102,935.0,5.0,947,940.0,-7.0,0,0,,0.0,0.0,0.0,0.0,0.0,2015-08-15,0,0.0,0.0,0.0,0.0,0.0
2015,7,25,6,DL,2175,N994AT,JFK,MSP,830,824.0,-6.0,58.0,922.0,197.0,205.0,145.0,1029,1047.0,2.0,1047,1049.0,2.0,0,0,,0.0,0.0,0.0,0.0,0.0,2015-07-25,0,0.0,0.0,0.0,0.0,0.0
2015,8,25,2,DL,1728,N378DA,LAS,JFK,1615,1612.0,-3.0,12.0,1624.0,299.0,282.0,265.0,2248,2349.0,5.0,14,2354.0,-20.0,0,0,,0.0,0.0,0.0,0.0,0.0,2015-08-25,0,0.0,0.0,0.0,0.0,0.0
2015,7,29,3,AA,2380,N3BXAA,PHX,ORD,535,536.0,1.0,15.0,551.0,211.0,205.0,182.0,1440,1053.0,8.0,1106,1101.0,-5.0,0,0,,0.0,0.0,0.0,0.0,0.0,2015-07-29,0,0.0,0.0,0.0,0.0,0.0
2015,7,30,4,AS,311,N792AS,PSP,SFO,640,633.0,-7.0,14.0,647.0,88.0,81.0,62.0,421,749.0,5.0,808,754.0,-14.0,0,0,,0.0,0.0,0.0,0.0,0.0,2015-07-30,0,0.0,0.0,0.0,0.0,0.0
2015,8,21,5,OO,6367,N960SW,ORD,BHM,1913,1909.0,-4.0,14.0,1923.0,108.0,105.0,85.0,584,2048.0,6.0,2101,2054.0,-7.0,0,0,,0.0,0.0,0.0,0.0,0.0,2015-08-21,0,0.0,0.0,0.0,0.0,0.0
2015,8,11,2,AA,1613,N3GKAA,MIA,SJU,1235,1426.0,111.0,10.0,1436.0,160.0,151.0,134.0,1045,1650.0,7.0,1515,1657.0,102.0,0,0,,0.0,0.0,102.0,0.0,0.0,2015-08-11,1,0.0,0.0,91.89,0.0,0.0
2015,7,27,1,WN,4478,N244WN,MSP,DEN,1800,1804.0,4.0,14.0,1818.0,125.0,117.0,98.0,680,1856.0,5.0,1905,1901.0,-4.0,0,0,,0.0,0.0,0.0,0.0,0.0,2015-07-27,0,0.0,0.0,0.0,0.0,0.0
2015,7,30,4,MQ,3170,N694MQ,FAR,ORD,1537,2122.0,345.0,15.0,2137.0,114.0,93.0,75.0,557,2252.0,3.0,1731,2255.0,324.0,0,0,,0.0,0.0,293.0,31.0,0.0,2015-07-30,1,0.0,0.0,84.93,8.99,0.0
2015,8,11,2,DL,2377,N823DN,LAX,SLC,725,725.0,0.0,14.0,739.0,110.0,101.0,80.0,590,959.0,7.0,1015,1006.0,-9.0,0,0,,0.0,0.0,0.0,0.0,0.0,2015-08-11,0,0.0,0.0,0.0,0.0,0.0
2015,8,3,1,DL,1285,N355NW,ATL,PBI,1912,1911.0,-1.0,16.0,1927.0,112.0,103.0,83.0,545,2050.0,4.0,2104,2054.0,-10.0,0,0,,0.0,0.0,0.0,0.0,0.0,2015-08-03,0,0.0,0.0,0.0,0.0,0.0
2015,8,22,6,DL,966,N357NW,PHX,SLC,1325,1319.0,-6.0,12.0,1331.0,92.0,87.0,69.0,507,1540.0,6.0,1557,1546.0,-11.0,0,0,,0.0,0.0,0.0,0.0,0.0,2015-08-22,0,0.0,0.0,0.0,0.0,0.0
2015,8,11,2,AA,606,N539UW,PHX,ONT,2250,15.0,85.0,10.0,25.0,67.0,63.0,47.0,325,112.0,6.0,2357,118.0,81.0,0,0,,0.0,0.0,10.0,71.0,0.0,2015-08-11,1,0.0,0.0,11.76,83.53,0.0
2015,7,29,3,OO,6294,N788SK,MFR,SFO,1750,1746.0,-4.0,8.0,1754.0,78.0,70.0,58.0,329,1852.0,4.0,1908,1856.0,-12.0,0,0,,0.0,0.0,0.0,0.0,0.0,2015-07-29,0,0.0,0.0,0.0,0.0,0.0
2015,8,2,7,DL,2113,N344NB,MSP,MCI,1940,1939.0,-1.0,25.0,2004.0,84.0,86.0,56.0,393,2100.0,5.0,2104,2105.0,1.0,0,0,,0.0,0.0,0.0,0.0,0.0,2015-08-02,0,0.0,0.0,0.0,0.0,0.0
2015,8,12,3,OO,2978,N885AS,DRO,PHX,625,615.0,-10.0,10.0,625.0,77.0,74.0,57.0,353,622.0,7.0,642,629.0,-13.0,0,0,,0.0,0.0,0.0,0.0,0.0,2015-08-12,0,0.0,0.0,0.0,0.0,0.0
2015,8,23,7,DL,2068,N751AT,OGG,SEA,2144,1540.0,1076.0,14.0,1554.0,331.0,313.0,294.0,2640,2348.0,5.0,615,2353.0,1058.0,0,0,,0.0,0.0,1058.0,0.0,0.0,2015-08-23,1,0.0,0.0,98.33,0.0,0.0
2015,8,22,6,EV,5680,N11192,EWR,ORF,1029,1122.0,53.0,16.0,1138.0,80.0,72.0,50.0,284,1228.0,6.0,1149,1234.0,45.0,0,0,,45.0,0.0,0.0,0.0,0.0,2015-08-22,1,84.91,0.0,0.0,0.0,0.0
2015,8,8,6,WN,3731,N7816B,BWI,ABQ,1240,1508.0,148.0,13.0,1521.0,245.0,242.0,225.0,1670,1706.0,4.0,1445,1710.0,145.0,0,0,,0.0,0.0,141.0,4.0,0.0,2015-08-08,1,0.0,0.0,95.27,2.7,0.0
2015,8,22,6,NK,116,N611NK,PHX,DEN,1152,1150.0,-2.0,10.0,1200.0,103.0,104.0,85.0,602,1425.0,9.0,1435,1434.0,-1.0,0,0,,0.0,0.0,0.0,0.0,0.0,2015-08-22,0,0.0,0.0,0.0,0.0,0.0
2015,8,1,6,MQ,3518,N815MQ,LGA,RIC,1712,1701.0,-11.0,18.0,1719.0,93.0,77.0,47.0,292,1806.0,12.0,1845,1818.0,-27.0,0,0,,0.0,0.0,0.0,0.0,0.0,2015-08-01,0,0.0,0.0,0.0,0.0,0.0
2015,8,18,2,WN,2110,N618WN,MKE,MSP,955,953.0,-2.0,8.0,1001.0,75.0,65.0,51.0,297,1052.0,6.0,1110,1058.0,-12.0,0,0,,0.0,0.0,0.0,0.0,0.0,2015-08-18,0,0.0,0.0,0.0,0.0,0.0
2015,8,15,6,B6,2184,N368JB,RDU,BOS,900,849.0,-11.0,11.0,900.0,109.0,111.0,88.0,612,1028.0,12.0,1049,1040.0,-9.0,0,0,,0.0,0.0,0.0,0.0,0.0,2015-08-15,0,0.0,0.0,0.0,0.0,0.0
2015,7,31,5,OO,4718,N8968E,MSP,FWA,1910,1906.0,-4.0,16.0,1922.0,95.0,87.0,60.0,488,2122.0,11.0,2145,2133.0,-12.0,0,0,,0.0,0.0,0.0,0.0,0.0,2015-07-31,0,0.0,0.0,0.0,0.0,0.0
2015,8,3,1,WN,3310,N8611F,LAS,MDW,645,703.0,18.0,13.0,716.0,210.0,198.0,176.0,1521,1212.0,9.0,1215,1221.0,6.0,0,0,,0.0,0.0,0.0,0.0,0.0,2015-08-03,1,0.0,0.0,0.0,0.0,0.0
2015,8,13,4,EV,2661,N879AS,DFW,CAE,1510,1506.0,-4.0,13.0,1519.0,154.0,139.0,123.0,922,1822.0,3.0,1844,1825.0,-19.0,0,0,,0.0,0.0,0.0,0.0,0.0,2015-08-13,0,0.0,0.0,0.0,0.0,0.0
2015,8,26,3,WN,3077,N7726A,LAS,LAX,1115,1113.0,-2.0,14.0,1127.0,75.0,71.0,43.0,236,1210.0,14.0,1230,1224.0,-6.0,0,0,,0.0,0.0,0.0,0.0,0.0,2015-08-26,0,0.0,0.0,0.0,0.0,0.0
2015,8,18,2,OO,5180,N116SY,ORD,DFW,912,912.0,0.0,44.0,956.0,149.0,176.0,120.0,802,1156.0,12.0,1141,1208.0,27.0,0,0,,27.0,0.0,0.0,0.0,0.0,2015-08-18,0,inf,0.0,0.0,0.0,0.0
2015,8,18,2,OO,4613,N607SK,PDX,SEA,600,554.0,-6.0,27.0,621.0,54.0,61.0,27.0,129,648.0,7.0,654,655.0,1.0,0,0,,0.0,0.0,0.0,0.0,0.0,2015-08-18,0,0.0,0.0,0.0,0.0,0.0
2015,8,9,7,DL,1728,N3740C,LAS,JFK,1610,1628.0,18.0,13.0,1641.0,299.0,269.0,245.0,2248,2346.0,11.0,9,2357.0,-12.0,0,0,,0.0,0.0,0.0,0.0,0.0,2015-08-09,1,0.0,0.0,0.0,0.0,0.0
2015,8,24,1,MQ,3052,N838MQ,FSM,DFW,1340,1339.0,-1.0,14.0,1353.0,63.0,61.0,42.0,227,1435.0,5.0,1443,1440.0,-3.0,0,0,,0.0,0.0,0.0,0.0,0.0,2015-08-24,0,0.0,0.0,0.0,0.0,0.0
2015,8,5,3,NK,892,N587NK,SJU,MCO,1425,1429.0,4.0,19.0,1448.0,181.0,178.0,153.0,1189,1721.0,6.0,1726,1727.0,1.0,0,0,,0.0,0.0,0.0,0.0,0.0,2015-08-05,0,0.0,0.0,0.0,0.0,0.0
2015,8,11,2,OO,6520,N706SK,DEN,MCI,957,955.0,-2.0,12.0,1007.0,96.0,90.0,71.0,533,1218.0,7.0,1233,1225.0,-8.0,0,0,,0.0,0.0,0.0,0.0,0.0,2015-08-11,0,0.0,0.0,0.0,0.0,0.0
2015,7,27,1,UA,1554,N77258,EWR,IAH,1529,1532.0,3.0,21.0,1553.0,219.0,212.0,179.0,1400,1752.0,12.0,1808,1804.0,-4.0,0,0,,0.0,0.0,0.0,0.0,0.0,2015-07-27,0,0.0,0.0,0.0,0.0,0.0
2015,8,7,5,EV,4113,N17146,EWR,DTW,1826,1822.0,-4.0,27.0,1849.0,121.0,115.0,76.0,488,2005.0,12.0,2027,2017.0,-10.0,0,0,,0.0,0.0,0.0,0.0,0.0,2015-08-07,0,0.0,0.0,0.0,0.0,0.0
2015,8,26,3,AA,1279,N3GFAA,LAX,LAS,1230,1221.0,-9.0,15.0,1236.0,78.0,63.0,43.0,236,1319.0,5.0,1348,1324.0,-24.0,0,0,,0.0,0.0,0.0,0.0,0.0,2015-08-26,0,0.0,0.0,0.0,0.0,0.0
2015,8,21,5,B6,185,N353JB,ROC,JFK,539,527.0,-12.0,6.0,533.0,81.0,62.0,50.0,264,623.0,6.0,700,629.0,-31.0,0,0,,0.0,0.0,0.0,0.0,0.0,2015-08-21,0,0.0,0.0,0.0,0.0,0.0
2015,7,25,6,WN,2729,N630WN,MHT,BWI,605,558.0,-7.0,11.0,609.0,95.0,78.0,62.0,377,711.0,5.0,740,716.0,-24.0,0,0,,0.0,0.0,0.0,0.0,0.0,2015-07-25,0,0.0,0.0,0.0,0.0,0.0
2015,8,12,3,OO,4485,N806SK,IDA,MSP,1328,1328.0,0.0,13.0,1341.0,139.0,139.0,124.0,939,1645.0,2.0,1647,1647.0,0.0,0,0,,0.0,0.0,0.0,0.0,0.0,2015-08-12,0,0.0,0.0,0.0,0.0,0.0
2015,8,18,2,NK,112,N522NK,IAH,BWI,745,744.0,-1.0,18.0,802.0,185.0,177.0,153.0,1235,1135.0,6.0,1150,1141.0,-9.0,0,0,,0.0,0.0,0.0,0.0,0.0,2015-08-18,0,0.0,0.0,0.0,0.0,0.0
2015,8,6,4,UA,590,N474UA,PIT,ORD,1043,1036.0,-7.0,18.0,1054.0,94.0,93.0,68.0,413,1102.0,7.0,1117,1109.0,-8.0,0,0,,0.0,0.0,0.0,0.0,0.0,2015-08-06,0,0.0,0.0,0.0,0.0,0.0
2015,8,19,3,MQ,3185,N3AEMQ,CID,ORD,623,756.0,93.0,9.0,805.0,77.0,71.0,48.0,196,853.0,14.0,740,907.0,87.0,0,0,,0.0,0.0,87.0,0.0,0.0,2015-08-19,1,0.0,0.0,93.55,0.0,0.0
2015,7,24,5,OO,3496,N223AG,SEA,FAT,900,854.0,-6.0,21.0,915.0,125.0,120.0,93.0,748,1048.0,6.0,1105,1054.0,-11.0,0,0,,0.0,0.0,0.0,0.0,0.0,2015-07-24,0,0.0,0.0,0.0,0.0,0.0
2015,8,9,7,WN,2191,N219WN,MDW,CMH,1540,1534.0,-6.0,10.0,1544.0,65.0,59.0,45.0,283,1729.0,4.0,1745,1733.0,-12.0,0,0,,0.0,0.0,0.0,0.0,0.0,2015-08-09,0,0.0,0.0,0.0,0.0,0.0
2015,8,3,1,WN,775,N246LV,BHM,HOU,1845,1844.0,-1.0,8.0,1852.0,105.0,94.0,81.0,570,2013.0,5.0,2030,2018.0,-12.0,0,0,,0.0,0.0,0.0,0.0,0.0,2015-08-03,0,0.0,0.0,0.0,0.0,0.0
2015,7,28,2,DL,1364,N6710E,ATL,MCI,1620,1626.0,6.0,34.0,1700.0,129.0,143.0,97.0,692,1737.0,12.0,1729,1749.0,20.0,0,0,,14.0,0.0,4.0,2.0,0.0,2015-07-28,0,233.33,0.0,66.67,33.33,0.0
2015,8,29,6,B6,1001,N190JB,BUF,JFK,2058,2046.0,-12.0,10.0,2056.0,91.0,76.0,55.0,301,2151.0,11.0,2229,2202.0,-27.0,0,0,,0.0,0.0,0.0,0.0,0.0,2015-08-29,0,0.0,0.0,0.0,0.0,0.0
2015,7,26,7,B6,108,N190JB,JFK,PWM,2245,2337.0,52.0,30.0,7.0,81.0,77.0,45.0,273,52.0,2.0,6,54.0,48.0,0,0,,0.0,0.0,9.0,39.0,0.0,2015-07-26,1,0.0,0.0,17.31,75.0,0.0
2015,8,2,7,VX,755,N623VA,SEA,SFO,1700,1702.0,2.0,8.0,1710.0,125.0,122.0,106.0,679,1856.0,8.0,1905,1904.0,-1.0,0,0,,0.0,0.0,0.0,0.0,0.0,2015-08-02,0,0.0,0.0,0.0,0.0,0.0
2015,8,16,7,WN,156,N291WN,MDW,HOU,1625,1625.0,0.0,8.0,1633.0,155.0,150.0,135.0,937,1848.0,7.0,1900,1855.0,-5.0,0,0,,0.0,0.0,0.0,0.0,0.0,2015-08-16,0,0.0,0.0,0.0,0.0,0.0
2015,8,22,6,WN,2825,N783SW,DEN,ATL,1045,1050.0,5.0,20.0,1110.0,175.0,169.0,142.0,1199,1532.0,7.0,1540,1539.0,-1.0,0,0,,0.0,0.0,0.0,0.0,0.0,2015-08-22,0,0.0,0.0,0.0,0.0,0.0
2015,8,26,3,AS,320,N302AS,SEA,SFO,605,554.0,-11.0,25.0,619.0,128.0,140.0,108.0,679,807.0,7.0,813,814.0,1.0,0,0,,0.0,0.0,0.0,0.0,0.0,2015-08-26,0,0.0,0.0,0.0,0.0,0.0
2015,7,29,3,AA,1778,N945UW,PHL,BOS,1315,1312.0,-3.0,11.0,1323.0,73.0,75.0,56.0,280,1419.0,8.0,1428,1427.0,-1.0,0,0,,0.0,0.0,0.0,0.0,0.0,2015-07-29,0,0.0,0.0,0.0,0.0,0.0
2015,8,28,5,WN,611,N717SA,LAS,RNO,1220,1220.0,0.0,9.0,1229.0,80.0,70.0,56.0,345,1325.0,5.0,1340,1330.0,-10.0,0,0,,0.0,0.0,0.0,0.0,0.0,2015-08-28,0,0.0,0.0,0.0,0.0,0.0
2015,8,26,3,AA,1815,N758US,CLT,PIT,1140,1131.0,-9.0,14.0,1145.0,89.0,76.0,58.0,366,1243.0,4.0,1309,1247.0,-22.0,0,0,,0.0,0.0,0.0,0.0,0.0,2015-08-26,0,0.0,0.0,0.0,0.0,0.0
2015,7,27,1,OO,5431,N983SW,ORD,MBS,1345,1339.0,-6.0,27.0,1406.0,70.0,73.0,40.0,222,1546.0,6.0,1555,1552.0,-3.0,0,0,,0.0,0.0,0.0,0.0,0.0,2015-07-27,0,0.0,0.0,0.0,0.0,0.0
2015,8,9,7,WN,2523,N730SW,CMH,MCO,1630,1624.0,-6.0,8.0,1632.0,135.0,124.0,100.0,802,1812.0,16.0,1845,1828.0,-17.0,0,0,,0.0,0.0,0.0,0.0,0.0,2015-08-09,0,0.0,0.0,0.0,0.0,0.0
2015,8,14,5,AA,721,N548UW,CLT,LAX,1800,1839.0,39.0,21.0,1900.0,313.0,293.0,263.0,2125,2023.0,9.0,2013,2032.0,19.0,0,0,,0.0,19.0,0.0,0.0,0.0,2015-08-14,1,0.0,48.72,0.0,0.0,0.0
2015,7,25,6,AA,1489,N3HTAA,SEA,DFW,1007,1015.0,8.0,13.0,1028.0,233.0,225.0,197.0,1660,1545.0,15.0,1600,1600.0,0.0,0,0,,0.0,0.0,0.0,0.0,0.0,2015-07-25,0,0.0,0.0,0.0,0.0,0.0
2015,7,28,2,B6,69,N292JB,BOS,FLL,1457,1457.0,0.0,17.0,1514.0,197.0,223.0,185.0,1237,1819.0,21.0,1814,1840.0,26.0,0,0,,26.0,0.0,0.0,0.0,0.0,2015-07-28,0,inf,0.0,0.0,0.0,0.0
2015,7,26,7,UA,207,N811UA,EWR,BOS,744,738.0,-6.0,13.0,751.0,76.0,63.0,45.0,200,836.0,5.0,900,841.0,-19.0,0,0,,0.0,0.0,0.0,0.0,0.0,2015-07-26,0,0.0,0.0,0.0,0.0,0.0
2015,8,19,3,WN,317,N489WN,OAK,SEA,545,725.0,100.0,12.0,737.0,120.0,111.0,91.0,672,908.0,8.0,745,916.0,91.0,0,0,,0.0,0.0,91.0,0.0,0.0,2015-08-19,1,0.0,0.0,91.0,0.0,0.0
2015,8,19,3,OO,5436,N938SW,FWA,ORD,706,658.0,-8.0,7.0,705.0,60.0,46.0,30.0,157,635.0,9.0,706,644.0,-22.0,0,0,,0.0,0.0,0.0,0.0,0.0,2015-08-19,0,0.0,0.0,0.0,0.0,0.0
2015,7,28,2,WN,4966,N7747C,MDW,LGA,1715,1715.0,0.0,9.0,1724.0,125.0,118.0,103.0,725,2007.0,6.0,2020,2013.0,-7.0,0,0,,0.0,0.0,0.0,0.0,0.0,2015-07-28,0,0.0,0.0,0.0,0.0,0.0
2015,8,3,1,DL,1241,N662DN,ATL,DFW,730,725.0,-5.0,13.0,738.0,130.0,124.0,105.0,731,823.0,6.0,840,829.0,-11.0,0,0,,0.0,0.0,0.0,0.0,0.0,2015-08-03,0,0.0,0.0,0.0,0.0,0.0
2015,7,30,4,WN,651,N246LV,ORF,BWI,540,539.0,-1.0,10.0,549.0,60.0,48.0,33.0,159,622.0,5.0,640,627.0,-13.0,0,0,,0.0,0.0,0.0,0.0,0.0,2015-07-30,0,0.0,0.0,0.0,0.0,0.0
2015,8,28,5,F9,521,N229FR,CLE,DEN,750,1121.0,211.0,15.0,1136.0,187.0,183.0,159.0,1201,1215.0,9.0,857,1224.0,207.0,0,0,,0.0,0.0,0.0,207.0,0.0,2015-08-28,1,0.0,0.0,0.0,98.1,0.0
2015,8,18,2,DL,1525,N907DL,ATL,BWI,1631,1641.0,10.0,16.0,1657.0,118.0,112.0,91.0,577,1828.0,5.0,1829,1833.0,4.0,0,0,,0.0,0.0,0.0,0.0,0.0,2015-08-18,0,0.0,0.0,0.0,0.0,0.0
2015,7,22,3,DL,903,N342NW,ATL,BOS,2155,2243.0,48.0,29.0,2312.0,157.0,149.0,113.0,946,105.0,7.0,32,112.0,40.0,0,0,,7.0,0.0,0.0,33.0,0.0,2015-07-22,1,14.58,0.0,0.0,68.75,0.0
2015,8,5,3,OO,4478,N804SK,ORD,SLC,800,759.0,-1.0,18.0,817.0,210.0,208.0,181.0,1250,1018.0,9.0,1030,1027.0,-3.0,0,0,,0.0,0.0,0.0,0.0,0.0,2015-08-05,0,0.0,0.0,0.0,0.0,0.0
2015,7,22,3,DL,1426,N616DL,ATL,STL,2221,2306.0,45.0,15.0,2321.0,102.0,96.0,74.0,484,2335.0,7.0,2303,2342.0,39.0,0,0,,0.0,0.0,36.0,3.0,0.0,2015-07-22,1,0.0,0.0,80.0,6.67,0.0
2015,8,30,7,EV,4673,N14125,CHS,ORD,1019,1019.0,0.0,12.0,1031.0,140.0,123.0,105.0,760,1116.0,6.0,1139,1122.0,-17.0,0,0,,0.0,0.0,0.0,0.0,0.0,2015-08-30,0,0.0,0.0,0.0,0.0,0.0
2015,8,4,2,UA,1075,N69885,LAS,EWR,725,714.0,-11.0,11.0,725.0,304.0,280.0,247.0,2227,1432.0,22.0,1529,1454.0,-35.0,0,0,,0.0,0.0,0.0,0.0,0.0,2015-08-04,0,0.0,0.0,0.0,0.0,0.0
2015,8,28,5,DL,941,N319US,MCI,ATL,600,556.0,-4.0,18.0,614.0,119.0,130.0,100.0,692,854.0,12.0,859,906.0,7.0,0,0,,0.0,0.0,0.0,0.0,0.0,2015-08-28,0,0.0,0.0,0.0,0.0,0.0
2015,8,1,6,WN,1740,N384SW,BNA,CLE,1035,1034.0,-1.0,13.0,1047.0,85.0,82.0,65.0,448,1252.0,4.0,1300,1256.0,-4.0,0,0,,0.0,0.0,0.0,0.0,0.0,2015-08-01,0,0.0,0.0,0.0,0.0,0.0
2015,8,21,5,WN,2546,N7744A,MDW,RDU,940,935.0,-5.0,10.0,945.0,110.0,103.0,89.0,632,1214.0,4.0,1230,1218.0,-12.0,0,0,,0.0,0.0,0.0,0.0,0.0,2015-08-21,0,0.0,0.0,0.0,0.0,0.0
2015,7,28,2,EV,5449,N861AS,DTW,ELM,1350,1347.0,-3.0,12.0,1359.0,70.0,69.0,54.0,332,1453.0,3.0,1500,1456.0,-4.0,0,0,,0.0,0.0,0.0,0.0,0.0,2015-07-28,0,0.0,0.0,0.0,0.0,0.0
2015,8,11,2,WN,683,N477WN,STL,SAT,1010,1010.0,0.0,6.0,1016.0,130.0,110.0,101.0,786,1157.0,3.0,1220,1200.0,-20.0,0,0,,0.0,0.0,0.0,0.0,0.0,2015-08-11,0,0.0,0.0,0.0,0.0,0.0
2015,8,2,7,NK,605,N626NK,DTW,RSW,720,723.0,3.0,8.0,731.0,160.0,140.0,128.0,1084,939.0,4.0,1000,943.0,-17.0,0,0,,0.0,0.0,0.0,0.0,0.0,2015-08-02,0,0.0,0.0,0.0,0.0,0.0
2015,8,5,3,DL,1203,N902DA,BZN,MSP,600,558.0,-2.0,27.0,625.0,133.0,140.0,110.0,874,915.0,3.0,913,918.0,5.0,0,0,,0.0,0.0,0.0,0.0,0.0,2015-08-05,0,0.0,0.0,0.0,0.0,0.0
2015,7,26,7,B6,1006,N789JB,LGB,SEA,1355,1354.0,-1.0,12.0,1406.0,149.0,150.0,126.0,965,1612.0,12.0,1624,1624.0,0.0,0,0,,0.0,0.0,0.0,0.0,0.0,2015-07-26,0,0.0,0.0,0.0,0.0,0.0
2015,8,2,7,UA,383,N211UA,HNL,DEN,2020,2046.0,26.0,19.0,2105.0,393.0,386.0,357.0,3365,702.0,10.0,653,712.0,19.0,0,0,,0.0,0.0,19.0,0.0,0.0,2015-08-02,1,0.0,0.0,73.08,0.0,0.0
2015,8,17,1,F9,186,N927FR,DEN,OMA,1600,1731.0,91.0,25.0,1756.0,84.0,123.0,94.0,472,2030.0,4.0,1824,2034.0,130.0,0,0,,130.0,0.0,0.0,0.0,0.0,2015-08-17,1,142.86,0.0,0.0,0.0,0.0
2015,8,20,4,WN,1335,N948WN,MDW,SDF,1115,1111.0,-4.0,8.0,1119.0,60.0,56.0,45.0,271,1304.0,3.0,1315,1307.0,-8.0,0,0,,0.0,0.0,0.0,0.0,0.0,2015-08-20,0,0.0,0.0,0.0,0.0,0.0
2015,7,30,4,AS,728,N528AS,SEA,IAD,935,933.0,-2.0,24.0,957.0,304.0,291.0,259.0,2306,1716.0,8.0,1739,1724.0,-15.0,0,0,,0.0,0.0,0.0,0.0,0.0,2015-07-30,0,0.0,0.0,0.0,0.0,0.0
2015,7,31,5,DL,2814,N803DN,ANC,SEA,44,40.0,-4.0,10.0,50.0,201.0,192.0,176.0,1448,446.0,6.0,505,452.0,-13.0,0,0,,0.0,0.0,0.0,0.0,0.0,2015-07-31,0,0.0,0.0,0.0,0.0,0.0
2015,8,18,2,B6,1105,N554JB,JFK,ORD,1043,1044.0,1.0,21.0,1105.0,153.0,137.0,105.0,740,1150.0,11.0,1216,1201.0,-15.0,0,0,,0.0,0.0,0.0,0.0,0.0,2015-08-18,0,0.0,0.0,0.0,0.0,0.0
2015,8,12,3,AA,1078,N3HXAA,MIA,EWR,715,711.0,-4.0,14.0,725.0,180.0,166.0,142.0,1085,947.0,10.0,1015,957.0,-18.0,0,0,,0.0,0.0,0.0,0.0,0.0,2015-08-12,0,0.0,0.0,0.0,0.0,0.0
2015,8,5,3,EV,4915,N750EV,LGA,MKE,710,705.0,-5.0,27.0,732.0,156.0,156.0,125.0,738,837.0,4.0,846,841.0,-5.0,0,0,,0.0,0.0,0.0,0.0,0.0,2015-08-05,0,0.0,0.0,0.0,0.0,0.0
2015,7,22,3,WN,910,N791SW,OKC,DEN,2030,2033.0,3.0,8.0,2041.0,100.0,92.0,77.0,495,2058.0,7.0,2110,2105.0,-5.0,0,0,,0.0,0.0,0.0,0.0,0.0,2015-07-22,0,0.0,0.0,0.0,0.0,0.0
2015,8,14,5,AA,1925,N662AW,TPA,PHL,1215,1213.0,-2.0,10.0,1223.0,151.0,147.0,134.0,920,1437.0,3.0,1446,1440.0,-6.0,0,0,,0.0,0.0,0.0,0.0,0.0,2015-08-14,0,0.0,0.0,0.0,0.0,0.0
2015,8,4,2,AA,1242,N4XXAA,DEN,DFW,1539,1534.0,-5.0,13.0,1547.0,115.0,112.0,84.0,641,1811.0,15.0,1834,1826.0,-8.0,0,0,,0.0,0.0,0.0,0.0,0.0,2015-08-04,0,0.0,0.0,0.0,0.0,0.0
2015,8,7,5,F9,300,N951FR,DEN,TPA,2359,59.0,60.0,14.0,113.0,204.0,211.0,190.0,1506,623.0,7.0,523,630.0,67.0,0,0,,12.0,0.0,1.0,54.0,0.0,2015-08-07,1,20.0,0.0,1.67,90.0,0.0
2015,8,23,7,WN,3154,N8318F,PHX,BWI,700,705.0,5.0,9.0,714.0,265.0,246.0,228.0,1999,1402.0,9.0,1425,1411.0,-14.0,0,0,,0.0,0.0,0.0,0.0,0.0,2015-08-23,0,0.0,0.0,0.0,0.0,0.0
2015,7,28,2,DL,840,N3762Y,PHX,DTW,1130,1124.0,-6.0,13.0,1137.0,235.0,219.0,198.0,1671,1755.0,8.0,1825,1803.0,-22.0,0,0,,0.0,0.0,0.0,0.0,0.0,2015-07-28,0,0.0,0.0,0.0,0.0,0.0
2015,8,8,6,B6,1586,N183JB,MCO,BUF,1735,1732.0,-3.0,15.0,1747.0,155.0,163.0,144.0,1011,2011.0,4.0,2010,2015.0,5.0,0,0,,0.0,0.0,0.0,0.0,0.0,2015-08-08,0,0.0,0.0,0.0,0.0,0.0
2015,8,4,2,NK,357,N630NK,ORD,LAS,810,856.0,46.0,12.0,908.0,229.0,212.0,194.0,1514,1022.0,6.0,959,1028.0,29.0,0,0,,29.0,0.0,0.0,0.0,0.0,2015-08-04,1,63.04,0.0,0.0,0.0,0.0
2015,8,26,3,AS,712,N474AS,SEA,STL,1810,1806.0,-4.0,11.0,1817.0,229.0,221.0,205.0,1709,2342.0,5.0,2359,2347.0,-12.0,0,0,,0.0,0.0,0.0,0.0,0.0,2015-08-26,0,0.0,0.0,0.0,0.0,0.0
2015,8,9,7,MQ,3287,N638MQ,ORD,GRR,1325,1342.0,17.0,20.0,1402.0,57.0,52.0,29.0,137,1531.0,3.0,1522,1534.0,12.0,0,0,,0.0,0.0,0.0,0.0,0.0,2015-08-09,1,0.0,0.0,0.0,0.0,0.0
2015,8,19,3,AA,2406,N365AA,LAX,DFW,15,41.0,26.0,12.0,53.0,181.0,175.0,157.0,1235,530.0,6.0,516,536.0,20.0,0,0,,0.0,0.0,20.0,0.0,0.0,2015-08-19,1,0.0,0.0,76.92,0.0,0.0
2015,7,24,5,DL,1958,N825DN,LAX,TPA,2230,2303.0,33.0,29.0,2332.0,288.0,294.0,262.0,2158,654.0,3.0,618,657.0,39.0,0,0,,6.0,0.0,9.0,24.0,0.0,2015-07-24,1,18.18,0.0,27.27,72.73,0.0
2015,7,26,7,OO,5532,N121SY,SFO,AUS,830,836.0,6.0,35.0,911.0,223.0,231.0,192.0,1504,1423.0,4.0,1413,1427.0,14.0,0,0,,0.0,0.0,0.0,0.0,0.0,2015-07-26,0,0.0,0.0,0.0,0.0,0.0
2015,8,14,5,WN,463,N426WN,MCO,ATL,1015,1014.0,-1.0,14.0,1028.0,95.0,85.0,63.0,404,1131.0,8.0,1150,1139.0,-11.0,0,0,,0.0,0.0,0.0,0.0,0.0,2015-08-14,0,0.0,0.0,0.0,0.0,0.0
2015,7,23,4,AA,1807,N188US,LGA,CLT,1445,1443.0,-2.0,48.0,1531.0,131.0,136.0,83.0,544,1654.0,5.0,1656,1659.0,3.0,0,0,,0.0,0.0,0.0,0.0,0.0,2015-07-23,0,0.0,0.0,0.0,0.0,0.0
2015,8,1,6,WN,1199,N903WN,ATL,MSP,855,903.0,8.0,10.0,913.0,165.0,152.0,139.0,907,1032.0,3.0,1040,1035.0,-5.0,0,0,,0.0,0.0,0.0,0.0,0.0,2015-08-01,0,0.0,0.0,0.0,0.0,0.0
2015,8,5,3,WN,3747,N230WN,SAN,SMF,930,930.0,0.0,10.0,940.0,85.0,91.0,73.0,480,1053.0,8.0,1055,1101.0,6.0,0,0,,0.0,0.0,0.0,0.0,0.0,2015-08-05,0,0.0,0.0,0.0,0.0,0.0
2015,8,12,3,EV,4740,N12160,ORD,COS,908,903.0,-5.0,25.0,928.0,158.0,154.0,123.0,911,1031.0,6.0,1046,1037.0,-9.0,0,0,,0.0,0.0,0.0,0.0,0.0,2015-08-12,0,0.0,0.0,0.0,0.0,0.0
2015,8,16,7,DL,1489,N337NB,ATL,IAH,1350,1347.0,-3.0,11.0,1358.0,131.0,116.0,100.0,689,1438.0,5.0,1501,1443.0,-18.0,0,0,,0.0,0.0,0.0,0.0,0.0,2015-08-16,0,0.0,0.0,0.0,0.0,0.0
2015,8,19,3,EV,5211,N153PQ,MSP,FSD,2144,2142.0,-2.0,26.0,2208.0,62.0,61.0,31.0,196,2239.0,4.0,2246,2243.0,-3.0,0,0,,0.0,0.0,0.0,0.0,0.0,2015-08-19,0,0.0,0.0,0.0,0.0,0.0
2015,8,20,4,UA,1906,N61886,MCO,IAH,1205,1210.0,5.0,16.0,1226.0,154.0,146.0,122.0,854,1328.0,8.0,1339,1336.0,-3.0,0,0,,0.0,0.0,0.0,0.0,0.0,2015-08-20,0,0.0,0.0,0.0,0.0,0.0
2015,8,15,6,AA,1804,N965UW,IAH,PHL,1455,1513.0,18.0,28.0,1541.0,210.0,206.0,176.0,1325,1937.0,2.0,1925,1939.0,14.0,0,0,,0.0,0.0,0.0,0.0,0.0,2015-08-15,1,0.0,0.0,0.0,0.0,0.0
2015,7,23,4,AA,1206,N4UCAA,DFW,MSP,1825,1838.0,13.0,11.0,1849.0,149.0,131.0,116.0,852,2045.0,4.0,2054,2049.0,-5.0,0,0,,0.0,0.0,0.0,0.0,0.0,2015-07-23,0,0.0,0.0,0.0,0.0,0.0
2015,7,31,5,WN,3398,N953WN,PIT,MDW,1820,1832.0,12.0,6.0,1838.0,85.0,76.0,66.0,402,1844.0,4.0,1845,1848.0,3.0,0,0,,0.0,0.0,0.0,0.0,0.0,2015-07-31,0,0.0,0.0,0.0,0.0,0.0
2015,8,27,4,DL,1739,N917DN,ATL,TUS,1944,1941.0,-3.0,13.0,1954.0,230.0,214.0,197.0,1541,2011.0,4.0,2034,2015.0,-19.0,0,0,,0.0,0.0,0.0,0.0,0.0,2015-08-27,0,0.0,0.0,0.0,0.0,0.0
2015,8,19,3,EV,4762,N14180,GRR,EWR,1005,953.0,-12.0,17.0,1010.0,110.0,111.0,88.0,605,1138.0,6.0,1155,1144.0,-11.0,0,0,,0.0,0.0,0.0,0.0,0.0,2015-08-19,0,0.0,0.0,0.0,0.0,0.0
2015,8,13,4,AA,676,N547UW,PHL,LAS,1755,1752.0,-3.0,19.0,1811.0,325.0,292.0,265.0,2176,1936.0,8.0,2020,1944.0,-36.0,0,0,,0.0,0.0,0.0,0.0,0.0,2015-08-13,0,0.0,0.0,0.0,0.0,0.0
2015,8,19,3,WN,5,N418WN,HOU,MDW,940,952.0,12.0,7.0,959.0,150.0,145.0,134.0,937,1213.0,4.0,1210,1217.0,7.0,0,0,,0.0,0.0,0.0,0.0,0.0,2015-08-19,0,0.0,0.0,0.0,0.0,0.0
2015,8,14,5,OO,3004,N506CA,YUM,PHX,1030,1022.0,-8.0,15.0,1037.0,54.0,54.0,31.0,160,1108.0,8.0,1124,1116.0,-8.0,0,0,,0.0,0.0,0.0,0.0,0.0,2015-08-14,0,0.0,0.0,0.0,0.0,0.0
2015,8,1,6,EV,4381,N12175,DTW,EWR,1815,1812.0,-3.0,19.0,1831.0,109.0,95.0,69.0,488,1940.0,7.0,2004,1947.0,-17.0,0,0,,0.0,0.0,0.0,0.0,0.0,2015-08-01,0,0.0,0.0,0.0,0.0,0.0
2015,8,3,1,OO,6231,N713SK,ORD,SBN,1600,1651.0,51.0,23.0,1714.0,48.0,47.0,20.0,84,1834.0,4.0,1748,1838.0,50.0,0,0,,0.0,0.0,50.0,0.0,0.0,2015-08-03,1,0.0,0.0,98.04,0.0,0.0
2015,8,19,3,UA,1105,N36472,EWR,MIA,1430,1441.0,11.0,46.0,1527.0,187.0,222.0,162.0,1085,1809.0,14.0,1737,1823.0,46.0,0,0,,35.0,0.0,11.0,0.0,0.0,2015-08-19,0,318.18,0.0,100.0,0.0,0.0
2015,8,9,7,EV,5797,N27152,EWR,BTV,1212,1213.0,1.0,16.0,1229.0,76.0,71.0,50.0,266,1319.0,5.0,1328,1324.0,-4.0,0,0,,0.0,0.0,0.0,0.0,0.0,2015-08-09,0,0.0,0.0,0.0,0.0,0.0
2015,8,7,5,EV,6167,N14993,CWA,ORD,1543,1617.0,34.0,10.0,1627.0,67.0,63.0,41.0,212,1708.0,12.0,1650,1720.0,30.0,0,0,,0.0,0.0,0.0,30.0,0.0,2015-08-07,1,0.0,0.0,0.0,88.24,0.0
2015,8,8,6,UA,1267,N17752,CMH,DEN,1701,1714.0,13.0,11.0,1725.0,191.0,177.0,158.0,1154,1803.0,8.0,1812,1811.0,-1.0,0,0,,0.0,0.0,0.0,0.0,0.0,2015-08-08,0,0.0,0.0,0.0,0.0,0.0
2015,8,19,3,B6,223,N935JB,JFK,LAX,929,928.0,-1.0,37.0,1005.0,359.0,359.0,315.0,2475,1220.0,7.0,1228,1227.0,-1.0,0,0,,0.0,0.0,0.0,0.0,0.0,2015-08-19,0,0.0,0.0,0.0,0.0,0.0
2015,8,28,5,MQ,3291,N855MQ,SPS,DFW,1049,1043.0,-6.0,11.0,1054.0,49.0,46.0,25.0,113,1119.0,10.0,1138,1129.0,-9.0,0,0,,0.0,0.0,0.0,0.0,0.0,2015-08-28,0,0.0,0.0,0.0,0.0,0.0
2015,8,29,6,B6,589,N283JB,BOS,DCA,1100,1051.0,-9.0,14.0,1105.0,94.0,94.0,71.0,399,1216.0,9.0,1234,1225.0,-9.0,0,0,,0.0,0.0,0.0,0.0,0.0,2015-08-29,0,0.0,0.0,0.0,0.0,0.0
2015,8,30,7,B6,471,N796JB,BOS,SJC,1645,1639.0,-6.0,29.0,1708.0,386.0,375.0,343.0,2689,1951.0,3.0,2011,1954.0,-17.0,0,0,,0.0,0.0,0.0,0.0,0.0,2015-08-30,0,0.0,0.0,0.0,0.0,0.0
2015,7,25,6,AA,767,N185UW,CLT,SJU,1310,1413.0,63.0,15.0,1428.0,229.0,205.0,184.0,1475,1732.0,6.0,1659,1738.0,39.0,0,0,,0.0,0.0,4.0,35.0,0.0,2015-07-25,1,0.0,0.0,6.35,55.56,0.0
2015,8,18,2,DL,1646,N927DA,ATL,MIA,1905,2054.0,109.0,37.0,2131.0,120.0,124.0,84.0,594,2255.0,3.0,2105,2258.0,113.0,0,0,,4.0,0.0,0.0,8.0,101.0,2015-08-18,1,3.67,0.0,0.0,7.34,92.66
2015,8,30,7,DL,723,N318NB,ATL,BUF,1025,1031.0,6.0,16.0,1047.0,120.0,112.0,92.0,712,1219.0,4.0,1225,1223.0,-2.0,0,0,,0.0,0.0,0.0,0.0,0.0,2015-08-30,0,0.0,0.0,0.0,0.0,0.0
2015,7,30,4,WN,1549,N289CT,LAS,SLC,2140,28.0,168.0,9.0,37.0,75.0,64.0,52.0,368,229.0,3.0,2355,232.0,157.0,0,0,,0.0,0.0,11.0,146.0,0.0,2015-07-30,1,0.0,0.0,6.55,86.9,0.0
2015,7,28,2,AA,2495,N3EFAA,DFW,LAX,2025,2120.0,55.0,15.0,2135.0,207.0,173.0,152.0,1235,2207.0,6.0,2152,2213.0,21.0,0,0,,0.0,0.0,0.0,21.0,0.0,2015-07-28,1,0.0,0.0,0.0,38.18,0.0
2015,7,31,5,EV,4882,N852AS,AGS,ATL,800,752.0,-8.0,18.0,810.0,63.0,59.0,31.0,143,841.0,10.0,903,851.0,-12.0,0,0,,0.0,0.0,0.0,0.0,0.0,2015-07-31,0,0.0,0.0,0.0,0.0,0.0
2015,8,19,3,WN,347,N8311Q,LGA,DAL,1215,1225.0,10.0,20.0,1245.0,240.0,219.0,196.0,1381,1501.0,3.0,1515,1504.0,-11.0,0,0,,0.0,0.0,0.0,0.0,0.0,2015-08-19,0,0.0,0.0,0.0,0.0,0.0
2015,8,5,3,AS,123,N549AS,SEA,FAI,1350,1400.0,10.0,15.0,1415.0,225.0,217.0,198.0,1533,1633.0,4.0,1635,1637.0,2.0,0,0,,0.0,0.0,0.0,0.0,0.0,2015-08-05,0,0.0,0.0,0.0,0.0,0.0
2015,7,27,1,DL,1999,N655DL,MCO,SLC,730,725.0,-5.0,15.0,740.0,275.0,262.0,238.0,1931,938.0,9.0,1005,947.0,-18.0,0,0,,0.0,0.0,0.0,0.0,0.0,2015-07-27,0,0.0,0.0,0.0,0.0,0.0
2015,8,29,6,B6,1237,N658JB,BOS,DTW,1615,1618.0,3.0,15.0,1633.0,134.0,119.0,99.0,632,1812.0,5.0,1829,1817.0,-12.0,0,0,,0.0,0.0,0.0,0.0,0.0,2015-08-29,0,0.0,0.0,0.0,0.0,0.0
2015,8,27,4,WN,8,N524SW,DAL,SAT,945,946.0,1.0,10.0,956.0,60.0,55.0,41.0,248,1037.0,4.0,1045,1041.0,-4.0,0,0,,0.0,0.0,0.0,0.0,0.0,2015-08-27,0,0.0,0.0,0.0,0.0,0.0
2015,8,13,4,WN,1131,N636WN,LAX,SMF,1340,1340.0,0.0,12.0,1352.0,75.0,75.0,56.0,373,1448.0,7.0,1455,1455.0,0.0,0,0,,0.0,0.0,0.0,0.0,0.0,2015-08-13,0,0.0,0.0,0.0,0.0,0.0
2015,7,25,6,DL,42,N965DL,MIA,JFK,1445,1442.0,-3.0,20.0,1502.0,194.0,177.0,148.0,1089,1730.0,9.0,1759,1739.0,-20.0,0,0,,0.0,0.0,0.0,0.0,0.0,2015-07-25,0,0.0,0.0,0.0,0.0,0.0
2015,7,25,6,WN,1019,N8627B,LAX,MCI,1410,1412.0,2.0,14.0,1426.0,190.0,180.0,159.0,1363,1905.0,7.0,1920,1912.0,-8.0,0,0,,0.0,0.0,0.0,0.0,0.0,2015-07-25,0,0.0,0.0,0.0,0.0,0.0
2015,8,13,4,EV,4451,N13132,IAH,ECP,1151,1146.0,-5.0,20.0,1206.0,115.0,107.0,86.0,572,1332.0,1.0,1346,1333.0,-13.0,0,0,,0.0,0.0,0.0,0.0,0.0,2015-08-13,0,0.0,0.0,0.0,0.0,0.0
2015,8,25,2,UA,1704,N17752,DEN,AUS,1734,1732.0,-2.0,14.0,1746.0,134.0,122.0,101.0,775,2027.0,7.0,2048,2034.0,-14.0,0,0,,0.0,0.0,0.0,0.0,0.0,2015-08-25,0,0.0,0.0,0.0,0.0,0.0
2015,8,18,2,DL,825,N673DL,ATL,PNS,2230,110.0,160.0,15.0,125.0,68.0,61.0,41.0,271,106.0,5.0,2238,111.0,153.0,0,0,,0.0,0.0,153.0,0.0,0.0,2015-08-18,1,0.0,0.0,95.62,0.0,0.0
2015,8,26,3,VX,90,N625VA,SFO,IAD,1445,1445.0,0.0,13.0,1458.0,305.0,303.0,283.0,2419,2241.0,7.0,2250,2248.0,-2.0,0,0,,0.0,0.0,0.0,0.0,0.0,2015-08-26,0,0.0,0.0,0.0,0.0,0.0
2015,8,15,6,UA,3,N17752,SNA,IAH,1236,1229.0,-7.0,9.0,1238.0,204.0,188.0,172.0,1346,1730.0,7.0,1800,1737.0,-23.0,0,0,,0.0,0.0,0.0,0.0,0.0,2015-08-15,0,0.0,0.0,0.0,0.0,0.0
2015,7,28,2,EV,5225,N760EV,MSP,GRB,957,1144.0,107.0,21.0,1205.0,68.0,66.0,42.0,252,1247.0,3.0,1105,1250.0,105.0,0,0,,0.0,0.0,0.0,105.0,0.0,2015-07-28,1,0.0,0.0,0.0,98.13,0.0
2015,8,14,5,DL,1500,N910DE,ATL,BOS,1345,1344.0,-1.0,14.0,1358.0,164.0,153.0,126.0,946,1604.0,13.0,1629,1617.0,-12.0,0,0,,0.0,0.0,0.0,0.0,0.0,2015-08-14,0,0.0,0.0,0.0,0.0,0.0
2015,8,26,3,AA,460,N663AW,SJC,PHX,620,614.0,-6.0,19.0,633.0,115.0,112.0,84.0,621,757.0,9.0,815,806.0,-9.0,0,0,,0.0,0.0,0.0,0.0,0.0,2015-08-26,0,0.0,0.0,0.0,0.0,0.0
2015,8,2,7,DL,490,N399DA,JFK,LAS,1100,1054.0,-6.0,28.0,1122.0,324.0,327.0,293.0,2248,1315.0,6.0,1324,1321.0,-3.0,0,0,,0.0,0.0,0.0,0.0,0.0,2015-08-02,0,0.0,0.0,0.0,0.0,0.0
2015,8,17,1,WN,2951,N446WN,MCI,IND,925,920.0,-5.0,10.0,930.0,80.0,77.0,62.0,451,1132.0,5.0,1145,1137.0,-8.0,0,0,,0.0,0.0,0.0,0.0,0.0,2015-08-17,0,0.0,0.0,0.0,0.0,0.0
2015,8,16,7,AA,983,N3JPAA,MIA,IAD,2020,2014.0,-6.0,29.0,2043.0,152.0,163.0,129.0,921,2252.0,5.0,2252,2257.0,5.0,0,0,,0.0,0.0,0.0,0.0,0.0,2015-08-16,0,0.0,0.0,0.0,0.0,0.0
2015,8,25,2,MQ,3413,N822MQ,DCA,JFK,1234,1229.0,-5.0,17.0,1246.0,85.0,64.0,42.0,213,1328.0,5.0,1359,1333.0,-26.0,0,0,,0.0,0.0,0.0,0.0,0.0,2015-08-25,0,0.0,0.0,0.0,0.0,0.0
2015,8,16,7,OO,5252,N479CA,DEN,DSM,1657,1652.0,-5.0,25.0,1717.0,103.0,130.0,97.0,589,1954.0,8.0,1940,2002.0,22.0,0,0,,22.0,0.0,0.0,0.0,0.0,2015-08-16,0,-440.0,-0.0,-0.0,-0.0,-0.0
2015,8,16,7,EV,4906,N608QX,SAV,LGA,1820,1932.0,72.0,11.0,1943.0,130.0,119.0,101.0,722,2124.0,7.0,2030,2131.0,61.0,0,0,,0.0,0.0,0.0,61.0,0.0,2015-08-16,1,0.0,0.0,0.0,84.72,0.0
2015,8,12,3,WN,1208,N292WN,DAL,MKE,2025,2048.0,23.0,8.0,2056.0,140.0,136.0,122.0,850,2258.0,6.0,2245,2304.0,19.0,0,0,,0.0,0.0,19.0,0.0,0.0,2015-08-12,1,0.0,0.0,82.61,0.0,0.0
2015,8,17,1,EV,5583,N922EV,CHA,ATL,600,553.0,-7.0,11.0,604.0,41.0,41.0,24.0,106,628.0,6.0,641,634.0,-7.0,0,0,,0.0,0.0,0.0,0.0,0.0,2015-08-17,0,0.0,0.0,0.0,0.0,0.0
2015,8,19,3,WN,3062,7819A,MEM,BWI,1730,1728.0,-2.0,8.0,1736.0,130.0,117.0,102.0,787,2018.0,7.0,2040,2025.0,-15.0,0,0,,0.0,0.0,0.0,0.0,0.0,2015-08-19,0,0.0,0.0,0.0,0.0,0.0
2015,8,5,3,AA,311,N3BFAA,LAS,MIA,2220,2219.0,-1.0,22.0,2241.0,282.0,281.0,254.0,2174,555.0,5.0,602,600.0,-2.0,0,0,,0.0,0.0,0.0,0.0,0.0,2015-08-05,0,0.0,0.0,0.0,0.0,0.0
2015,8,27,4,DL,2161,N998DL,ATL,PHL,1631,1641.0,10.0,17.0,1658.0,134.0,113.0,92.0,666,1830.0,4.0,1845,1834.0,-11.0,0,0,,0.0,0.0,0.0,0.0,0.0,2015-08-27,0,0.0,0.0,0.0,0.0,0.0
2015,7,29,3,DL,1807,N398DA,CVG,SEA,935,930.0,-5.0,13.0,943.0,285.0,287.0,264.0,1965,1107.0,10.0,1120,1117.0,-3.0,0,0,,0.0,0.0,0.0,0.0,0.0,2015-07-29,0,0.0,0.0,0.0,0.0,0.0
2015,8,22,6,UA,1905,N27908,DEN,IAH,1505,1508.0,3.0,15.0,1523.0,138.0,129.0,105.0,862,1808.0,9.0,1823,1817.0,-6.0,0,0,,0.0,0.0,0.0,0.0,0.0,2015-08-22,0,0.0,0.0,0.0,0.0,0.0
2015,8,26,3,AA,408,N661AW,FLL,PHX,715,710.0,-5.0,12.0,722.0,296.0,304.0,258.0,1972,840.0,34.0,911,914.0,3.0,0,0,,0.0,0.0,0.0,0.0,0.0,2015-08-26,0,0.0,0.0,0.0,0.0,0.0
2015,8,23,7,EV,4923,N842AS,ATL,CHA,2306,2304.0,-2.0,13.0,2317.0,43.0,39.0,22.0,106,2339.0,4.0,2349,2343.0,-6.0,0,0,,0.0,0.0,0.0,0.0,0.0,2015-08-23,0,0.0,0.0,0.0,0.0,0.0
2015,8,13,4,AA,2372,N4XSAA,CMH,DFW,610,603.0,-7.0,14.0,617.0,159.0,145.0,117.0,926,714.0,14.0,749,728.0,-21.0,0,0,,0.0,0.0,0.0,0.0,0.0,2015-08-13,0,0.0,0.0,0.0,0.0,0.0
2015,8,30,7,F9,1173,N923FR,IAD,MCO,1740,1736.0,-4.0,23.0,1759.0,130.0,139.0,110.0,758,1949.0,6.0,1950,1955.0,5.0,0,0,,0.0,0.0,0.0,0.0,0.0,2015-08-30,0,0.0,0.0,0.0,0.0,0.0
2015,7,23,4,B6,2116,N348JB,JAX,DCA,1025,1015.0,-10.0,14.0,1029.0,115.0,105.0,85.0,634,1154.0,6.0,1220,1200.0,-20.0,0,0,,0.0,0.0,0.0,0.0,0.0,2015-07-23,0,0.0,0.0,0.0,0.0,0.0
2015,8,8,6,UA,1030,N79521,DEN,SEA,1850,1926.0,36.0,12.0,1938.0,173.0,171.0,146.0,1024,2104.0,13.0,2043,2117.0,34.0,0,0,,0.0,0.0,18.0,16.0,0.0,2015-08-08,1,0.0,0.0,50.0,44.44,0.0
2015,8,18,2,DL,1517,N921DN,DEN,ATL,630,629.0,-1.0,15.0,644.0,174.0,190.0,167.0,1199,1131.0,8.0,1124,1139.0,15.0,0,0,,15.0,0.0,0.0,0.0,0.0,2015-08-18,0,-1500.0,-0.0,-0.0,-0.0,-0.0
2015,7,26,7,DL,694,N978DL,FLL,LGA,1855,1853.0,-2.0,11.0,1904.0,181.0,169.0,150.0,1076,2134.0,8.0,2156,2142.0,-14.0,0,0,,0.0,0.0,0.0,0.0,0.0,2015-07-26,0,0.0,0.0,0.0,0.0,0.0
2015,7,24,5,AS,149,N471AS,LAX,ANC,1955,1949.0,-6.0,22.0,2011.0,320.0,325.0,299.0,2345,10.0,4.0,15,14.0,-1.0,0,0,,0.0,0.0,0.0,0.0,0.0,2015-07-24,0,0.0,0.0,0.0,0.0,0.0
2015,7,29,3,AS,444,N625AS,SEA,LAX,2025,2042.0,17.0,11.0,2053.0,164.0,166.0,139.0,954,2312.0,16.0,2309,2328.0,19.0,0,0,,19.0,0.0,0.0,0.0,0.0,2015-07-29,1,111.76,0.0,0.0,0.0,0.0
2015,8,19,3,OO,2894,N862AS,FAT,LAX,1915,2304.0,229.0,20.0,2324.0,78.0,73.0,42.0,209,6.0,11.0,2033,17.0,224.0,0,0,,224.0,0.0,0.0,0.0,0.0,2015-08-19,1,97.82,0.0,0.0,0.0,0.0
2015,7,27,1,EV,4752,N13997,ORD,GRB,2230,2220.0,-10.0,18.0,2238.0,58.0,52.0,30.0,173,2308.0,4.0,2328,2312.0,-16.0,0,0,,0.0,0.0,0.0,0.0,0.0,2015-07-27,0,0.0,0.0,0.0,0.0,0.0
2015,7,28,2,F9,754,N947FR,PHX,DEN,1651,1645.0,-6.0,14.0,1659.0,104.0,101.0,78.0,602,1917.0,9.0,1935,1926.0,-9.0,0,0,,0.0,0.0,0.0,0.0,0.0,2015-07-28,0,0.0,0.0,0.0,0.0,0.0
2015,8,26,3,AA,342,N3JRAA,ORD,MIA,1630,1727.0,57.0,16.0,1743.0,193.0,176.0,156.0,1197,2119.0,4.0,2043,2123.0,40.0,0,0,,0.0,0.0,0.0,0.0,40.0,2015-08-26,1,0.0,0.0,0.0,0.0,70.18
2015,8,5,3,F9,1219,N948FR,PHL,MCO,530,524.0,-6.0,15.0,539.0,145.0,143.0,121.0,861,740.0,7.0,755,747.0,-8.0,0,0,,0.0,0.0,0.0,0.0,0.0,2015-08-05,0,0.0,0.0,0.0,0.0,0.0
2015,7,28,2,AA,1831,N922US,BWI,CLT,850,849.0,-1.0,14.0,903.0,91.0,80.0,52.0,361,955.0,14.0,1021,1009.0,-12.0,0,0,,0.0,0.0,0.0,0.0,0.0,2015-07-28,0,0.0,0.0,0.0,0.0,0.0
2015,8,11,2,WN,1312,N435WN,OAK,LAX,1245,1257.0,12.0,10.0,1307.0,80.0,79.0,63.0,337,1410.0,6.0,1405,1416.0,11.0,0,0,,0.0,0.0,0.0,0.0,0.0,2015-08-11,0,0.0,0.0,0.0,0.0,0.0
2015,8,26,3,WN,36,N265WN,MDW,SDF,2040,2030.0,-10.0,10.0,2040.0,65.0,60.0,46.0,271,2226.0,4.0,2245,2230.0,-15.0,0,0,,0.0,0.0,0.0,0.0,0.0,2015-08-26,0,0.0,0.0,0.0,0.0,0.0
2015,8,20,4,DL,2274,N330NW,DTW,RDU,1415,1415.0,0.0,11.0,1426.0,104.0,91.0,74.0,501,1540.0,6.0,1559,1546.0,-13.0,0,0,,0.0,0.0,0.0,0.0,0.0,2015-08-20,0,0.0,0.0,0.0,0.0,0.0
2015,8,4,2,MQ,3349,N522MQ,ATL,LGA,1605,1628.0,23.0,21.0,1649.0,146.0,146.0,104.0,762,1833.0,21.0,1831,1854.0,23.0,0,0,,0.0,0.0,13.0,10.0,0.0,2015-08-04,1,0.0,0.0,56.52,43.48,0.0
2015,7,28,2,AA,834,N951UW,ATL,PHL,1245,1308.0,23.0,10.0,1318.0,126.0,121.0,101.0,666,1459.0,10.0,1451,1509.0,18.0,0,0,,0.0,0.0,2.0,16.0,0.0,2015-07-28,1,0.0,0.0,8.7,69.57,0.0
2015,8,5,3,AA,309,N3HKAA,MSP,MIA,645,644.0,-1.0,13.0,657.0,218.0,214.0,185.0,1501,1102.0,16.0,1123,1118.0,-5.0,0,0,,0.0,0.0,0.0,0.0,0.0,2015-08-05,0,0.0,0.0,0.0,0.0,0.0
2015,8,16,7,WN,1588,N969WN,LAS,DEN,1420,1641.0,141.0,15.0,1656.0,110.0,101.0,81.0,628,1917.0,5.0,1710,1922.0,132.0,0,0,,0.0,0.0,132.0,0.0,0.0,2015-08-16,1,0.0,0.0,93.62,0.0,0.0
2015,8,7,5,WN,655,N7733B,MCO,BDL,2030,2032.0,2.0,7.0,2039.0,160.0,149.0,137.0,1050,2256.0,5.0,2310,2301.0,-9.0,0,0,,0.0,0.0,0.0,0.0,0.0,2015-08-07,0,0.0,0.0,0.0,0.0,0.0
2015,8,23,7,DL,663,N953DN,BOS,ATL,1600,1646.0,46.0,11.0,1657.0,173.0,146.0,126.0,946,1903.0,9.0,1853,1912.0,19.0,0,0,,0.0,0.0,2.0,17.0,0.0,2015-08-23,1,0.0,0.0,4.35,36.96,0.0
2015,8,25,2,NK,440,N506NK,CLE,BOS,1835,1902.0,27.0,11.0,1913.0,112.0,97.0,77.0,563,2030.0,9.0,2027,2039.0,12.0,0,0,,0.0,0.0,0.0,0.0,0.0,2015-08-25,1,0.0,0.0,0.0,0.0,0.0
2015,7,27,1,MQ,3650,N663MQ,ORD,TYS,1505,1459.0,-6.0,15.0,1514.0,101.0,83.0,65.0,475,1719.0,3.0,1746,1722.0,-24.0,0,0,,0.0,0.0,0.0,0.0,0.0,2015-07-27,0,0.0,0.0,0.0,0.0,0.0
2015,7,24,5,DL,1967,N316NB,RAP,MSP,635,626.0,-9.0,11.0,637.0,91.0,82.0,68.0,489,845.0,3.0,906,848.0,-18.0,0,0,,0.0,0.0,0.0,0.0,0.0,2015-07-24,0,0.0,0.0,0.0,0.0,0.0
2015,8,17,1,EV,4996,N607LR,HOU,ATL,810,802.0,-8.0,16.0,818.0,119.0,114.0,92.0,696,1050.0,6.0,1109,1056.0,-13.0,0,0,,0.0,0.0,0.0,0.0,0.0,2015-08-17,0,0.0,0.0,0.0,0.0,0.0
2015,8,16,7,DL,477,N196DN,JFK,LAX,1531,1549.0,18.0,23.0,1612.0,399.0,330.0,294.0,2475,1806.0,13.0,1910,1819.0,-51.0,0,0,,0.0,0.0,0.0,0.0,0.0,2015-08-16,1,0.0,0.0,0.0,0.0,0.0
2015,8,30,7,EV,4220,N12528,IAH,XNA,1625,1618.0,-7.0,15.0,1633.0,95.0,89.0,70.0,438,1743.0,4.0,1800,1747.0,-13.0,0,0,,0.0,0.0,0.0,0.0,0.0,2015-08-30,0,0.0,0.0,0.0,0.0,0.0
2015,8,8,6,UA,843,N813UA,BUF,ORD,1355,1348.0,-7.0,10.0,1358.0,105.0,87.0,74.0,473,1412.0,3.0,1440,1415.0,-25.0,0,0,,0.0,0.0,0.0,0.0,0.0,2015-08-08,0,0.0,0.0,0.0,0.0,0.0
2015,8,5,3,UA,1645,N77261,SFO,IAD,545,542.0,-3.0,12.0,554.0,320.0,289.0,269.0,2419,1323.0,8.0,1405,1331.0,-34.0,0,0,,0.0,0.0,0.0,0.0,0.0,2015-08-05,0,0.0,0.0,0.0,0.0,0.0
2015,7,22,3,AS,729,N577AS,IAD,SEA,1840,1851.0,11.0,17.0,1908.0,365.0,347.0,322.0,2306,2130.0,8.0,2145,2138.0,-7.0,0,0,,0.0,0.0,0.0,0.0,0.0,2015-07-22,0,0.0,0.0,0.0,0.0,0.0
2015,8,30,7,AA,2406,N5DJAA,LAX,DFW,15,11.0,-4.0,17.0,28.0,181.0,176.0,154.0,1235,502.0,5.0,516,507.0,-9.0,0,0,,0.0,0.0,0.0,0.0,0.0,2015-08-30,0,0.0,0.0,0.0,0.0,0.0
2015,7,26,7,AS,249,N570AS,SAN,PDX,1825,1825.0,0.0,12.0,1837.0,139.0,144.0,129.0,933,2046.0,3.0,2044,2049.0,5.0,0,0,,0.0,0.0,0.0,0.0,0.0,2015-07-26,0,0.0,0.0,0.0,0.0,0.0
2015,7,25,6,AA,2257,N3MLAA,ORD,SNA,2005,2003.0,-2.0,12.0,2015.0,258.0,245.0,228.0,1726,2203.0,5.0,2223,2208.0,-15.0,0,0,,0.0,0.0,0.0,0.0,0.0,2015-07-25,0,0.0,0.0,0.0,0.0,0.0
2015,8,11,2,OO,4690,N679CA,GEG,SEA,1124,1117.0,-7.0,14.0,1131.0,66.0,71.0,48.0,224,1219.0,9.0,1230,1228.0,-2.0,0,0,,0.0,0.0,0.0,0.0,0.0,2015-08-11,0,0.0,0.0,0.0,0.0,0.0
2015,8,21,5,DL,899,N922DX,PHX,MSP,1603,1638.0,35.0,13.0,1651.0,182.0,170.0,155.0,1276,2126.0,2.0,2105,2128.0,23.0,0,0,,0.0,0.0,6.0,17.0,0.0,2015-08-21,1,0.0,0.0,17.14,48.57,0.0
2015,8,23,7,AA,2201,N4XXAA,AUS,ORD,1807,1802.0,-5.0,10.0,1812.0,166.0,151.0,129.0,978,2021.0,12.0,2053,2033.0,-20.0,0,0,,0.0,0.0,0.0,0.0,0.0,2015-08-23,0,0.0,0.0,0.0,0.0,0.0
2015,8,28,5,OO,6363,N732SK,ORD,SLC,1000,959.0,-1.0,21.0,1020.0,209.0,189.0,165.0,1250,1205.0,3.0,1229,1208.0,-21.0,0,0,,0.0,0.0,0.0,0.0,0.0,2015-08-28,0,0.0,0.0,0.0,0.0,0.0
2015,8,20,4,AA,976,N513AA,IAH,DFW,1450,1538.0,48.0,15.0,1553.0,75.0,78.0,48.0,224,1641.0,15.0,1605,1656.0,51.0,0,0,,3.0,0.0,0.0,48.0,0.0,2015-08-20,1,6.25,0.0,0.0,100.0,0.0
2015,8,19,3,WN,2843,N246LV,MDW,LGA,550,549.0,-1.0,9.0,558.0,125.0,125.0,106.0,725,844.0,10.0,855,854.0,-1.0,0,0,,0.0,0.0,0.0,0.0,0.0,2015-08-19,0,0.0,0.0,0.0,0.0,0.0
2015,7,29,3,OO,4493,N457SW,CHO,ATL,1700,1655.0,-5.0,6.0,1701.0,94.0,97.0,81.0,457,1822.0,10.0,1834,1832.0,-2.0,0,0,,0.0,0.0,0.0,0.0,0.0,2015-07-29,0,0.0,0.0,0.0,0.0,0.0
2015,8,7,5,EV,4557,N13550,IAH,MEM,847,1014.0,87.0,15.0,1029.0,99.0,98.0,76.0,468,1145.0,7.0,1026,1152.0,86.0,0,0,,6.0,0.0,0.0,80.0,0.0,2015-08-07,1,6.9,0.0,0.0,91.95,0.0
2015,8,24,1,AA,131,N3KLAA,JFK,ORD,1705,1705.0,0.0,29.0,1734.0,186.0,177.0,127.0,740,1841.0,21.0,1911,1902.0,-9.0,0,0,,0.0,0.0,0.0,0.0,0.0,2015-08-24,0,0.0,0.0,0.0,0.0,0.0
2015,7,27,1,AA,1888,N701UW,MSY,PHL,1436,1430.0,-6.0,9.0,1439.0,169.0,163.0,146.0,1089,1805.0,8.0,1825,1813.0,-12.0,0,0,,0.0,0.0,0.0,0.0,0.0,2015-07-27,0,0.0,0.0,0.0,0.0,0.0
2015,8,7,5,B6,933,N368JB,MCO,SJU,600,556.0,-4.0,13.0,609.0,170.0,166.0,149.0,1189,838.0,4.0,850,842.0,-8.0,0,0,,0.0,0.0,0.0,0.0,0.0,2015-08-07,0,0.0,0.0,0.0,0.0,0.0
2015,8,6,4,AA,437,N562UW,SLC,PHX,1340,1336.0,-4.0,10.0,1346.0,97.0,94.0,73.0,507,1359.0,11.0,1417,1410.0,-7.0,0,0,,0.0,0.0,0.0,0.0,0.0,2015-08-06,0,0.0,0.0,0.0,0.0,0.0
2015,8,8,6,AA,1948,N956UW,ORD,PHL,1650,1650.0,0.0,17.0,1707.0,136.0,108.0,86.0,678,1933.0,5.0,2006,1938.0,-28.0,0,0,,0.0,0.0,0.0,0.0,0.0,2015-08-08,0,0.0,0.0,0.0,0.0,0.0
2015,8,3,1,UA,1748,N37290,DEN,PDX,2219,2259.0,40.0,11.0,2310.0,160.0,144.0,129.0,991,19.0,4.0,2359,23.0,24.0,0,0,,0.0,0.0,6.0,18.0,0.0,2015-08-03,1,0.0,0.0,15.0,45.0,0.0
2015,8,18,2,AA,734,N571UW,LAS,PHL,1100,1058.0,-2.0,14.0,1112.0,295.0,275.0,247.0,2176,1819.0,14.0,1855,1833.0,-22.0,0,0,,0.0,0.0,0.0,0.0,0.0,2015-08-18,0,0.0,0.0,0.0,0.0,0.0
2015,8,29,6,NK,813,N643NK,TPA,DFW,1213,1206.0,-7.0,12.0,1218.0,152.0,147.0,126.0,929,1324.0,9.0,1345,1333.0,-12.0,0,0,,0.0,0.0,0.0,0.0,0.0,2015-08-29,0,0.0,0.0,0.0,0.0,0.0
2015,7,29,3,WN,2761,N761RR,BWI,MSY,1630,1634.0,4.0,14.0,1648.0,165.0,148.0,130.0,998,1758.0,4.0,1815,1802.0,-13.0,0,0,,0.0,0.0,0.0,0.0,0.0,2015-07-29,0,0.0,0.0,0.0,0.0,0.0
2015,8,29,6,DL,2599,N934AT,ATL,BNA,1510,1506.0,-4.0,14.0,1520.0,70.0,59.0,39.0,214,1459.0,6.0,1520,1505.0,-15.0,0,0,,0.0,0.0,0.0,0.0,0.0,2015-08-29,0,0.0,0.0,0.0,0.0,0.0
2015,8,24,1,B6,472,N509JB,SJC,BOS,2105,204.0,299.0,12.0,216.0,328.0,323.0,306.0,2689,1022.0,5.0,533,1027.0,294.0,0,0,,0.0,0.0,1.0,293.0,0.0,2015-08-24,1,0.0,0.0,0.33,97.99,0.0
2015,8,28,5,EV,4124,N13553,IAH,CLT,1920,1916.0,-4.0,25.0,1941.0,148.0,165.0,127.0,912,2248.0,13.0,2248,2301.0,13.0,0,0,,0.0,0.0,0.0,0.0,0.0,2015-08-28,0,0.0,0.0,0.0,0.0,0.0
2015,8,2,7,WN,326,N243WN,LAS,ONT,2220,2217.0,-3.0,9.0,2226.0,50.0,47.0,33.0,197,2259.0,5.0,2310,2304.0,-6.0,0,0,,0.0,0.0,0.0,0.0,0.0,2015-08-02,0,0.0,0.0,0.0,0.0,0.0
2015,8,9,7,B6,341,N203JB,STX,SJU,1531,1518.0,-13.0,11.0,1529.0,46.0,36.0,22.0,94,1551.0,3.0,1617,1554.0,-23.0,0,0,,0.0,0.0,0.0,0.0,0.0,2015-08-09,0,0.0,0.0,0.0,0.0,0.0
2015,7,31,5,UA,1635,N66848,LAS,SFO,1324,1320.0,-4.0,17.0,1337.0,111.0,88.0,63.0,414,1440.0,8.0,1515,1448.0,-27.0,0,0,,0.0,0.0,0.0,0.0,0.0,2015-07-31,0,0.0,0.0,0.0,0.0,0.0
2015,8,22,6,DL,2305,N822DN,MSP,SFO,900,858.0,-2.0,19.0,917.0,238.0,249.0,221.0,1589,1058.0,9.0,1058,1107.0,9.0,0,0,,0.0,0.0,0.0,0.0,0.0,2015-08-22,0,0.0,0.0,0.0,0.0,0.0
2015,8,23,7,UA,226,N411UA,MSP,ORD,1737,1733.0,-4.0,26.0,1759.0,93.0,86.0,50.0,334,1849.0,10.0,1910,1859.0,-11.0,0,0,,0.0,0.0,0.0,0.0,0.0,2015-08-23,0,0.0,0.0,0.0,0.0,0.0
2015,8,26,3,MQ,3301,N515MQ,ORD,GRR,2150,2150.0,0.0,18.0,2208.0,57.0,48.0,26.0,137,2334.0,4.0,2347,2338.0,-9.0,0,0,,0.0,0.0,0.0,0.0,0.0,2015-08-26,0,0.0,0.0,0.0,0.0,0.0
2015,7,26,7,DL,788,N974AT,FAY,ATL,1251,1246.0,-5.0,13.0,1259.0,89.0,85.0,57.0,331,1356.0,15.0,1420,1411.0,-9.0,0,0,,0.0,0.0,0.0,0.0,0.0,2015-07-26,0,0.0,0.0,0.0,0.0,0.0
2015,8,12,3,WN,321,N618WN,TPA,BDL,1300,1329.0,29.0,15.0,1344.0,170.0,162.0,143.0,1111,1607.0,4.0,1550,1611.0,21.0,0,0,,0.0,0.0,6.0,15.0,0.0,2015-08-12,1,0.0,0.0,20.69,51.72,0.0
2015,8,24,1,WN,152,N8649A,SAN,SJC,1900,1904.0,4.0,8.0,1912.0,80.0,79.0,57.0,417,2009.0,14.0,2020,2023.0,3.0,0,0,,0.0,0.0,0.0,0.0,0.0,2015-08-24,0,0.0,0.0,0.0,0.0,0.0
2015,8,5,3,OO,4790,N616QX,PDX,SEA,1550,1548.0,-2.0,13.0,1601.0,50.0,51.0,32.0,129,1633.0,6.0,1640,1639.0,-1.0,0,0,,0.0,0.0,0.0,0.0,0.0,2015-08-05,0,0.0,0.0,0.0,0.0,0.0
2015,8,12,3,WN,1724,N395SW,IND,HOU,2040,2037.0,-3.0,13.0,2050.0,150.0,148.0,113.0,861,2143.0,22.0,2210,2205.0,-5.0,0,0,,0.0,0.0,0.0,0.0,0.0,2015-08-12,0,0.0,0.0,0.0,0.0,0.0
2015,8,24,1,DL,2019,N954AT,ATL,TLH,1350,1415.0,25.0,16.0,1431.0,70.0,56.0,37.0,223,1508.0,3.0,1500,1511.0,11.0,0,0,,0.0,0.0,0.0,0.0,0.0,2015-08-24,1,0.0,0.0,0.0,0.0,0.0
2015,8,27,4,HA,43,N581HA,SJC,HNL,910,903.0,-7.0,13.0,916.0,330.0,350.0,334.0,2417,1150.0,3.0,1140,1153.0,13.0,0,0,,0.0,0.0,0.0,0.0,0.0,2015-08-27,0,0.0,0.0,0.0,0.0,0.0
2015,8,1,6,DL,943,N3737C,ANC,SEA,1515,1522.0,7.0,12.0,1534.0,204.0,212.0,177.0,1448,1931.0,23.0,1939,1954.0,15.0,0,0,,8.0,0.0,6.0,1.0,0.0,2015-08-01,0,114.29,0.0,85.71,14.29,0.0
2015,7,27,1,WN,178,N600WN,DAL,AUS,1910,1912.0,2.0,9.0,1921.0,50.0,48.0,33.0,189,1954.0,6.0,2000,2000.0,0.0,0,0,,0.0,0.0,0.0,0.0,0.0,2015-07-27,0,0.0,0.0,0.0,0.0,0.0
2015,7,29,3,AA,1350,N5CFAA,STT,MIA,810,758.0,-12.0,8.0,806.0,174.0,150.0,138.0,1107,1024.0,4.0,1104,1028.0,-36.0,0,0,,0.0,0.0,0.0,0.0,0.0,2015-07-29,0,0.0,0.0,0.0,0.0,0.0
2015,7,26,7,F9,337,N948FR,ATL,MSP,615,610.0,-5.0,11.0,621.0,155.0,152.0,134.0,907,735.0,7.0,750,742.0,-8.0,0,0,,0.0,0.0,0.0,0.0,0.0,2015-07-26,0,0.0,0.0,0.0,0.0,0.0
2015,8,16,7,DL,1744,N363NB,DTW,DCA,1023,1019.0,-4.0,19.0,1038.0,87.0,98.0,76.0,405,1154.0,3.0,1150,1157.0,7.0,0,0,,0.0,0.0,0.0,0.0,0.0,2015-08-16,0,0.0,0.0,0.0,0.0,0.0
2015,7,27,1,MQ,3547,N614MQ,GRB,ORD,1004,1007.0,3.0,10.0,1017.0,61.0,62.0,40.0,173,1057.0,12.0,1105,1109.0,4.0,0,0,,0.0,0.0,0.0,0.0,0.0,2015-07-27,0,0.0,0.0,0.0,0.0,0.0
2015,8,16,7,EV,5192,N708EV,ATL,MLI,1530,1527.0,-3.0,14.0,1541.0,115.0,115.0,98.0,633,1619.0,3.0,1625,1622.0,-3.0,0,0,,0.0,0.0,0.0,0.0,0.0,2015-08-16,0,0.0,0.0,0.0,0.0,0.0
2015,8,20,4,EV,5033,N923EV,ABE,ATL,1200,1216.0,16.0,16.0,1232.0,128.0,135.0,110.0,692,1422.0,9.0,1408,1431.0,23.0,0,0,,7.0,0.0,16.0,0.0,0.0,2015-08-20,1,43.75,0.0,100.0,0.0,0.0
2015,8,12,3,WN,1456,N709SW,SJC,DEN,1320,1326.0,6.0,11.0,1337.0,145.0,146.0,124.0,948,1641.0,11.0,1645,1652.0,7.0,0,0,,0.0,0.0,0.0,0.0,0.0,2015-08-12,0,0.0,0.0,0.0,0.0,0.0
2015,8,15,6,HA,121,N493HA,ITO,HNL,849,845.0,-4.0,9.0,854.0,50.0,57.0,37.0,216,931.0,11.0,939,942.0,3.0,0,0,,0.0,0.0,0.0,0.0,0.0,2015-08-15,0,0.0,0.0,0.0,0.0,0.0
2015,8,12,3,UA,1735,N12109,MCO,EWR,1745,1926.0,101.0,15.0,1941.0,179.0,158.0,123.0,937,2144.0,20.0,2044,2204.0,80.0,0,0,,0.0,0.0,1.0,79.0,0.0,2015-08-12,1,0.0,0.0,0.99,78.22,0.0
2015,8,23,7,EV,4993,N744EV,DTW,ORF,1206,1159.0,-7.0,15.0,1214.0,108.0,106.0,86.0,529,1340.0,5.0,1354,1345.0,-9.0,0,0,,0.0,0.0,0.0,0.0,0.0,2015-08-23,0,0.0,0.0,0.0,0.0,0.0
2015,7,31,5,OO,5223,N105SY,SLC,SFO,852,856.0,4.0,24.0,920.0,133.0,129.0,101.0,599,1001.0,4.0,1005,1005.0,0.0,0,0,,0.0,0.0,0.0,0.0,0.0,2015-07-31,0,0.0,0.0,0.0,0.0,0.0
2015,8,22,6,WN,691,N231WN,LAS,SDF,1035,1029.0,-6.0,16.0,1045.0,220.0,209.0,188.0,1624,1653.0,5.0,1715,1658.0,-17.0,0,0,,0.0,0.0,0.0,0.0,0.0,2015-08-22,0,0.0,0.0,0.0,0.0,0.0
2015,7,27,1,UA,1106,N39450,SAN,SFO,615,617.0,2.0,28.0,645.0,97.0,96.0,63.0,447,748.0,5.0,752,753.0,1.0,0,0,,0.0,0.0,0.0,0.0,0.0,2015-07-27,0,0.0,0.0,0.0,0.0,0.0
2015,8,11,2,OO,4663,N440SW,MSP,ISN,1120,1117.0,-3.0,9.0,1126.0,113.0,98.0,85.0,546,1251.0,4.0,1313,1255.0,-18.0,0,0,,0.0,0.0,0.0,0.0,0.0,2015-08-11,0,0.0,0.0,0.0,0.0,0.0
2015,8,23,7,AA,1268,N493AA,DFW,SAT,2015,2012.0,-3.0,16.0,2028.0,72.0,61.0,40.0,247,2108.0,5.0,2127,2113.0,-14.0,0,0,,0.0,0.0,0.0,0.0,0.0,2015-08-23,0,0.0,0.0,0.0,0.0,0.0
2015,8,8,6,UA,1236,N69840,IAH,FLL,1535,1533.0,-2.0,13.0,1546.0,155.0,148.0,131.0,966,1857.0,4.0,1910,1901.0,-9.0,0,0,,0.0,0.0,0.0,0.0,0.0,2015-08-08,0,0.0,0.0,0.0,0.0,0.0
2015,8,17,1,DL,1469,N654DL,ATL,MCO,2055,2104.0,9.0,15.0,2119.0,87.0,81.0,57.0,404,2216.0,9.0,2222,2225.0,3.0,0,0,,0.0,0.0,0.0,0.0,0.0,2015-08-17,0,0.0,0.0,0.0,0.0,0.0
2015,8,27,4,WN,3145,N7730A,LAS,SNA,1545,1546.0,1.0,10.0,1556.0,65.0,55.0,41.0,226,1637.0,4.0,1650,1641.0,-9.0,0,0,,0.0,0.0,0.0,0.0,0.0,2015-08-27,0,0.0,0.0,0.0,0.0,0.0
2015,8,24,1,EV,4988,N676CA,ORF,DTW,1105,1056.0,-9.0,9.0,1105.0,110.0,105.0,88.0,529,1233.0,8.0,1255,1241.0,-14.0,0,0,,0.0,0.0,0.0,0.0,0.0,2015-08-24,0,0.0,0.0,0.0,0.0,0.0
2015,8,1,6,WN,1049,N562WN,LAS,BUR,1750,1807.0,17.0,9.0,1816.0,65.0,55.0,42.0,223,1858.0,4.0,1855,1902.0,7.0,0,0,,0.0,0.0,0.0,0.0,0.0,2015-08-01,1,0.0,0.0,0.0,0.0,0.0
2015,7,24,5,WN,1752,N460WN,LAX,LAS,1555,1553.0,-2.0,14.0,1607.0,60.0,63.0,45.0,236,1652.0,4.0,1655,1656.0,1.0,0,0,,0.0,0.0,0.0,0.0,0.0,2015-07-24,0,0.0,0.0,0.0,0.0,0.0
2015,7,25,6,AA,2361,N3MFAA,DFW,BWI,1520,1519.0,-1.0,11.0,1530.0,190.0,177.0,159.0,1217,1909.0,7.0,1930,1916.0,-14.0,0,0,,0.0,0.0,0.0,0.0,0.0,2015-07-25,0,0.0,0.0,0.0,0.0,0.0
2015,7,26,7,OO,4598,N430SW,CVG,BNA,2009,2052.0,43.0,12.0,2104.0,66.0,58.0,41.0,230,2045.0,5.0,2015,2050.0,35.0,0,0,,0.0,0.0,0.0,35.0,0.0,2015-07-26,1,0.0,0.0,0.0,81.4,0.0
2015,8,30,7,DL,1851,N678DL,LAS,MSP,902,853.0,-9.0,28.0,921.0,181.0,185.0,154.0,1299,1355.0,3.0,1403,1358.0,-5.0,0,0,,0.0,0.0,0.0,0.0,0.0,2015-08-30,0,0.0,0.0,0.0,0.0,0.0
2015,8,5,3,WN,829,N7727A,BWI,ORF,2210,2306.0,56.0,9.0,2315.0,50.0,42.0,29.0,159,2344.0,4.0,2300,2348.0,48.0,0,0,,0.0,0.0,12.0,36.0,0.0,2015-08-05,1,0.0,0.0,21.43,64.29,0.0
2015,8,12,3,OO,2981,N886AS,BFL,PHX,630,621.0,-9.0,15.0,636.0,94.0,93.0,73.0,425,749.0,5.0,804,754.0,-10.0,0,0,,0.0,0.0,0.0,0.0,0.0,2015-08-12,0,0.0,0.0,0.0,0.0,0.0
2015,8,28,5,MQ,3304,N808MQ,ORD,PIA,1650,1645.0,-5.0,20.0,1705.0,64.0,51.0,27.0,130,1732.0,4.0,1754,1736.0,-18.0,0,0,,0.0,0.0,0.0,0.0,0.0,2015-08-28,0,0.0,0.0,0.0,0.0,0.0
2015,8,25,2,OO,4670,N817SK,LEX,DTW,625,618.0,-7.0,21.0,639.0,79.0,85.0,57.0,296,736.0,7.0,744,743.0,-1.0,0,0,,0.0,0.0,0.0,0.0,0.0,2015-08-25,0,0.0,0.0,0.0,0.0,0.0
2015,8,25,2,NK,1104,N601NK,SAN,DEN,2030,2150.0,80.0,15.0,2205.0,138.0,134.0,109.0,853,54.0,10.0,2348,104.0,76.0,0,0,,0.0,0.0,76.0,0.0,0.0,2015-08-25,1,0.0,0.0,95.0,0.0,0.0
2015,7,28,2,UA,594,N468UA,DCA,DEN,1610,1557.0,-13.0,24.0,1621.0,245.0,228.0,192.0,1476,1733.0,12.0,1815,1745.0,-30.0,0,0,,0.0,0.0,0.0,0.0,0.0,2015-07-28,0,0.0,0.0,0.0,0.0,0.0
2015,8,13,4,AA,1223,N3AYAA,DFW,SEA,1850,1859.0,9.0,15.0,1914.0,259.0,234.0,213.0,1660,2047.0,6.0,2109,2053.0,-16.0,0,0,,0.0,0.0,0.0,0.0,0.0,2015-08-13,0,0.0,0.0,0.0,0.0,0.0
2015,8,20,4,DL,2563,N322NB,SLC,SNA,1501,1511.0,10.0,13.0,1524.0,114.0,99.0,81.0,588,1545.0,5.0,1555,1550.0,-5.0,0,0,,0.0,0.0,0.0,0.0,0.0,2015-08-20,0,0.0,0.0,0.0,0.0,0.0
2015,8,4,2,AA,1910,N163US,CLT,LGA,955,950.0,-5.0,23.0,1013.0,116.0,110.0,79.0,544,1132.0,8.0,1151,1140.0,-11.0,0,0,,0.0,0.0,0.0,0.0,0.0,2015-08-04,0,0.0,0.0,0.0,0.0,0.0
2015,7,27,1,AA,1568,N3KXAA,MCI,DFW,1625,1625.0,0.0,15.0,1640.0,99.0,96.0,71.0,460,1751.0,10.0,1804,1801.0,-3.0,0,0,,0.0,0.0,0.0,0.0,0.0,2015-07-27,0,0.0,0.0,0.0,0.0,0.0
2015,8,27,4,WN,538,N7724A,LAS,MCI,945,943.0,-2.0,9.0,952.0,165.0,151.0,137.0,1139,1409.0,5.0,1430,1414.0,-16.0,0,0,,0.0,0.0,0.0,0.0,0.0,2015-08-27,0,0.0,0.0,0.0,0.0,0.0
2015,8,18,2,OO,5169,N791SK,MKE,IAH,1332,1341.0,9.0,17.0,1358.0,167.0,183.0,153.0,984,1631.0,13.0,1619,1644.0,25.0,0,0,,16.0,0.0,9.0,0.0,0.0,2015-08-18,0,177.78,0.0,100.0,0.0,0.0
2015,8,7,5,F9,612,N206FR,DEN,MIA,2305,2309.0,4.0,11.0,2320.0,230.0,233.0,214.0,1709,454.0,8.0,455,502.0,7.0,0,0,,0.0,0.0,0.0,0.0,0.0,2015-08-07,0,0.0,0.0,0.0,0.0,0.0
2015,8,12,3,UA,544,N493UA,DEN,IAH,1656,1654.0,-2.0,11.0,1705.0,149.0,135.0,119.0,862,2004.0,5.0,2025,2009.0,-16.0,0,0,,0.0,0.0,0.0,0.0,0.0,2015-08-12,0,0.0,0.0,0.0,0.0,0.0
2015,8,3,1,EV,5975,N12201,ORD,PWM,1742,1743.0,1.0,19.0,1802.0,143.0,142.0,117.0,900,2059.0,6.0,2105,2105.0,0.0,0,0,,0.0,0.0,0.0,0.0,0.0,2015-08-03,0,0.0,0.0,0.0,0.0,0.0
2015,8,24,1,DL,348,N3772H,SJU,JFK,1955,1949.0,-6.0,16.0,2005.0,239.0,221.0,195.0,1598,2320.0,10.0,2354,2330.0,-24.0,0,0,,0.0,0.0,0.0,0.0,0.0,2015-08-24,0,0.0,0.0,0.0,0.0,0.0
2015,8,16,7,WN,2016,N455WN,SFO,LAS,810,808.0,-2.0,5.0,813.0,90.0,75.0,65.0,414,918.0,5.0,940,923.0,-17.0,0,0,,0.0,0.0,0.0,0.0,0.0,2015-08-16,0,0.0,0.0,0.0,0.0,0.0
2015,8,10,1,DL,393,N910DE,ORD,ATL,1230,1244.0,14.0,16.0,1300.0,123.0,113.0,92.0,606,1532.0,5.0,1533,1537.0,4.0,0,0,,0.0,0.0,0.0,0.0,0.0,2015-08-10,0,0.0,0.0,0.0,0.0,0.0
2015,8,3,1,WN,912,N396SW,ATL,MDW,1750,1745.0,-5.0,13.0,1758.0,125.0,111.0,92.0,591,1830.0,6.0,1855,1836.0,-19.0,0,0,,0.0,0.0,0.0,0.0,0.0,2015-08-03,0,0.0,0.0,0.0,0.0,0.0
2015,8,26,3,AA,263,N570AA,DFW,SJC,1040,1034.0,-6.0,27.0,1101.0,223.0,220.0,189.0,1438,1210.0,4.0,1223,1214.0,-9.0,0,0,,0.0,0.0,0.0,0.0,0.0,2015-08-26,0,0.0,0.0,0.0,0.0,0.0
2015,8,18,2,B6,94,N368JB,MCO,HPN,1042,1040.0,-2.0,12.0,1052.0,162.0,152.0,137.0,972,1309.0,3.0,1324,1312.0,-12.0,0,0,,0.0,0.0,0.0,0.0,0.0,2015-08-18,0,0.0,0.0,0.0,0.0,0.0
2015,8,15,6,OO,6226,N124SY,ORD,STL,1640,1920.0,160.0,11.0,1931.0,80.0,58.0,43.0,258,2014.0,4.0,1800,2018.0,138.0,0,0,,0.0,0.0,0.0,33.0,105.0,2015-08-15,1,0.0,0.0,0.0,20.62,65.62
2015,8,28,5,DL,950,N920DN,TPA,ATL,1745,1738.0,-7.0,20.0,1758.0,97.0,90.0,64.0,406,1902.0,6.0,1922,1908.0,-14.0,0,0,,0.0,0.0,0.0,0.0,0.0,2015-08-28,0,0.0,0.0,0.0,0.0,0.0
2015,8,6,4,UA,72,N78060,HNL,SFO,625,625.0,0.0,24.0,649.0,307.0,303.0,270.0,2398,1419.0,9.0,1432,1428.0,-4.0,0,0,,0.0,0.0,0.0,0.0,0.0,2015-08-06,0,0.0,0.0,0.0,0.0,0.0
2015,7,30,4,B6,655,N351JB,SYR,MCO,720,711.0,-9.0,8.0,719.0,161.0,145.0,134.0,1053,933.0,3.0,1001,936.0,-25.0,0,0,,0.0,0.0,0.0,0.0,0.0,2015-07-30,0,0.0,0.0,0.0,0.0,0.0
2015,8,18,2,UA,1232,N65832,DEN,LAX,1537,1536.0,-1.0,11.0,1547.0,145.0,143.0,114.0,862,1641.0,18.0,1702,1659.0,-3.0,0,0,,0.0,0.0,0.0,0.0,0.0,2015-08-18,0,0.0,0.0,0.0,0.0,0.0
2015,8,30,7,AA,1923,N828AW,CLT,DTW,1120,1112.0,-8.0,18.0,1130.0,106.0,104.0,79.0,500,1249.0,7.0,1306,1256.0,-10.0,0,0,,0.0,0.0,0.0,0.0,0.0,2015-08-30,0,0.0,0.0,0.0,0.0,0.0
2015,8,26,3,WN,31,N490WN,STL,MDW,800,756.0,-4.0,16.0,812.0,70.0,69.0,45.0,251,857.0,8.0,910,905.0,-5.0,0,0,,0.0,0.0,0.0,0.0,0.0,2015-08-26,0,0.0,0.0,0.0,0.0,0.0
2015,8,3,1,DL,612,N1501P,HNL,LAX,1142,1140.0,-2.0,23.0,1203.0,338.0,313.0,281.0,2556,1944.0,9.0,2020,1953.0,-27.0,0,0,,0.0,0.0,0.0,0.0,0.0,2015-08-03,0,0.0,0.0,0.0,0.0,0.0
2015,8,8,6,B6,326,N597JB,TPA,JFK,840,833.0,-7.0,14.0,847.0,166.0,159.0,142.0,1005,1109.0,3.0,1126,1112.0,-14.0,0,0,,0.0,0.0,0.0,0.0,0.0,2015-08-08,0,0.0,0.0,0.0,0.0,0.0
2015,8,6,4,DL,2260,N914DN,BUF,MSP,705,703.0,-2.0,9.0,712.0,127.0,120.0,105.0,735,757.0,6.0,812,803.0,-9.0,0,0,,0.0,0.0,0.0,0.0,0.0,2015-08-06,0,0.0,0.0,0.0,0.0,0.0
2015,8,22,6,EV,4371,N11165,HSV,IAH,612,610.0,-2.0,11.0,621.0,118.0,107.0,90.0,595,751.0,6.0,810,757.0,-13.0,0,0,,0.0,0.0,0.0,0.0,0.0,2015-08-22,0,0.0,0.0,0.0,0.0,0.0
2015,8,3,1,WN,4924,N796SW,DEN,AUS,1230,1228.0,-2.0,9.0,1237.0,120.0,112.0,99.0,775,1516.0,4.0,1530,1520.0,-10.0,0,0,,0.0,0.0,0.0,0.0,0.0,2015-08-03,0,0.0,0.0,0.0,0.0,0.0
2015,8,22,6,MQ,3290,N517MQ,ORD,ELP,2030,2027.0,-3.0,23.0,2050.0,195.0,183.0,155.0,1236,2225.0,5.0,2245,2230.0,-15.0,0,0,,0.0,0.0,0.0,0.0,0.0,2015-08-22,0,0.0,0.0,0.0,0.0,0.0
2015,7,28,2,EV,5385,N606LR,DTW,IAH,1743,2004.0,141.0,12.0,2016.0,176.0,154.0,138.0,1075,2134.0,4.0,1939,2138.0,119.0,0,0,,0.0,0.0,0.0,119.0,0.0,2015-07-28,1,0.0,0.0,0.0,84.4,0.0
2015,7,28,2,DL,2191,N368NB,DCA,DTW,1727,1743.0,16.0,20.0,1803.0,98.0,85.0,62.0,405,1905.0,3.0,1905,1908.0,3.0,0,0,,0.0,0.0,0.0,0.0,0.0,2015-07-28,1,0.0,0.0,0.0,0.0,0.0
2015,8,21,5,AA,1550,N3KUAA,BWI,MIA,1200,1156.0,-4.0,11.0,1207.0,163.0,142.0,126.0,946,1413.0,5.0,1443,1418.0,-25.0,0,0,,0.0,0.0,0.0,0.0,0.0,2015-08-21,0,0.0,0.0,0.0,0.0,0.0
2015,7,22,3,UA,1910,N66803,ORD,IAD,2055,2111.0,16.0,14.0,2125.0,112.0,97.0,75.0,589,2340.0,8.0,2347,2348.0,1.0,0,0,,0.0,0.0,0.0,0.0,0.0,2015-07-22,1,0.0,0.0,0.0,0.0,0.0
2015,8,1,6,DL,1432,N355NB,ATL,LIT,2230,2228.0,-2.0,8.0,2236.0,91.0,82.0,66.0,453,2242.0,8.0,2301,2250.0,-11.0,0,0,,0.0,0.0,0.0,0.0,0.0,2015-08-01,0,0.0,0.0,0.0,0.0,0.0
2015,8,27,4,OO,5245,N121SY,ORD,BNA,1621,1620.0,-1.0,16.0,1636.0,88.0,81.0,60.0,409,1736.0,5.0,1749,1741.0,-8.0,0,0,,0.0,0.0,0.0,0.0,0.0,2015-08-27,0,0.0,0.0,0.0,0.0,0.0
2015,8,23,7,DL,2517,N891AT,VPS,ATL,525,523.0,-2.0,10.0,533.0,67.0,62.0,46.0,250,719.0,6.0,732,725.0,-7.0,0,0,,0.0,0.0,0.0,0.0,0.0,2015-08-23,0,0.0,0.0,0.0,0.0,0.0
2015,8,23,7,AA,460,N680AW,PHX,IND,1010,1004.0,-6.0,17.0,1021.0,210.0,194.0,172.0,1488,1613.0,5.0,1640,1618.0,-22.0,0,0,,0.0,0.0,0.0,0.0,0.0,2015-08-23,0,0.0,0.0,0.0,0.0,0.0
2015,8,19,3,WN,2875,N759GS,PDX,SJC,1100,1056.0,-4.0,8.0,1104.0,105.0,94.0,81.0,569,1225.0,5.0,1245,1230.0,-15.0,0,0,,0.0,0.0,0.0,0.0,0.0,2015-08-19,0,0.0,0.0,0.0,0.0,0.0
2015,8,27,4,EV,5545,N200PQ,IAH,MSP,1032,1051.0,19.0,14.0,1105.0,167.0,173.0,153.0,1034,1338.0,6.0,1319,1344.0,25.0,0,0,,6.0,0.0,19.0,0.0,0.0,2015-08-27,1,31.58,0.0,100.0,0.0,0.0
2015,8,29,6,AA,1620,N564AA,DFW,DEN,850,842.0,-8.0,17.0,859.0,126.0,116.0,91.0,641,930.0,8.0,956,938.0,-18.0,0,0,,0.0,0.0,0.0,0.0,0.0,2015-08-29,0,0.0,0.0,0.0,0.0,0.0
2015,7,29,3,WN,1031,N720WN,MKE,STL,2000,2034.0,34.0,9.0,2043.0,75.0,67.0,53.0,317,2136.0,5.0,2115,2141.0,26.0,0,0,,0.0,0.0,0.0,26.0,0.0,2015-07-29,1,0.0,0.0,0.0,76.47,0.0
2015,8,8,6,NK,851,N601NK,DTW,MYR,1227,1223.0,-4.0,13.0,1236.0,107.0,102.0,85.0,636,1401.0,4.0,1414,1405.0,-9.0,0,0,,0.0,0.0,0.0,0.0,0.0,2015-08-08,0,0.0,0.0,0.0,0.0,0.0
2015,8,3,1,DL,1648,N957AT,ATL,MDW,1050,1052.0,2.0,17.0,1109.0,114.0,113.0,89.0,591,1138.0,7.0,1144,1145.0,1.0,0,0,,0.0,0.0,0.0,0.0,0.0,2015-08-03,0,0.0,0.0,0.0,0.0,0.0
2015,8,18,2,DL,1663,N965DL,ATL,MKE,1631,1629.0,-2.0,30.0,1659.0,126.0,129.0,94.0,669,1733.0,5.0,1737,1738.0,1.0,0,0,,0.0,0.0,0.0,0.0,0.0,2015-08-18,0,0.0,0.0,0.0,0.0,0.0
2015,8,19,3,EV,5807,N16149,CMH,EWR,2043,2245.0,122.0,12.0,2257.0,102.0,98.0,79.0,463,16.0,7.0,2225,23.0,118.0,0,0,,0.0,0.0,0.0,99.0,19.0,2015-08-19,1,0.0,0.0,0.0,81.15,15.57
2015,7,27,1,EV,4614,N12530,HOB,IAH,1151,1240.0,49.0,16.0,1256.0,99.0,99.0,77.0,501,1513.0,6.0,1430,1519.0,49.0,0,0,,0.0,0.0,0.0,49.0,0.0,2015-07-27,1,0.0,0.0,0.0,100.0,0.0
2015,8,2,7,MQ,3270,N665MQ,IND,ORD,912,923.0,11.0,12.0,935.0,74.0,66.0,41.0,177,916.0,13.0,926,929.0,3.0,0,0,,0.0,0.0,0.0,0.0,0.0,2015-08-02,0,0.0,0.0,0.0,0.0,0.0
2015,8,19,3,WN,443,N8650F,SAT,MCO,1210,1206.0,-4.0,7.0,1213.0,165.0,146.0,134.0,1041,1527.0,5.0,1555,1532.0,-23.0,0,0,,0.0,0.0,0.0,0.0,0.0,2015-08-19,0,0.0,0.0,0.0,0.0,0.0
2015,7,25,6,EV,5168,N135EV,ATL,HOU,2209,2201.0,-8.0,23.0,2224.0,126.0,117.0,89.0,696,2253.0,5.0,2315,2258.0,-17.0,0,0,,0.0,0.0,0.0,0.0,0.0,2015-07-25,0,0.0,0.0,0.0,0.0,0.0
2015,8,3,1,AA,452,N581UW,PHX,SAN,746,739.0,-7.0,13.0,752.0,74.0,69.0,52.0,304,844.0,4.0,900,848.0,-12.0,0,0,,0.0,0.0,0.0,0.0,0.0,2015-08-03,0,0.0,0.0,0.0,0.0,0.0
2015,8,16,7,AA,2373,N863AA,LAX,DFW,1805,1845.0,40.0,13.0,1858.0,190.0,173.0,153.0,1235,2331.0,7.0,2315,2338.0,23.0,0,0,,0.0,0.0,2.0,21.0,0.0,2015-08-16,1,0.0,0.0,5.0,52.5,0.0
2015,8,30,7,AA,443,N805AW,PHX,IAH,1230,1224.0,-6.0,15.0,1239.0,161.0,156.0,134.0,1009,1653.0,7.0,1711,1700.0,-11.0,0,0,,0.0,0.0,0.0,0.0,0.0,2015-08-30,0,0.0,0.0,0.0,0.0,0.0
2015,8,15,6,EV,5563,N754EV,MSP,ORF,1917,1916.0,-1.0,13.0,1929.0,163.0,152.0,136.0,1045,2245.0,3.0,2300,2248.0,-12.0,0,0,,0.0,0.0,0.0,0.0,0.0,2015-08-15,0,0.0,0.0,0.0,0.0,0.0
2015,8,28,5,DL,2016,N919DN,ATL,DEN,1516,1515.0,-1.0,28.0,1543.0,201.0,196.0,162.0,1199,1625.0,6.0,1637,1631.0,-6.0,0,0,,0.0,0.0,0.0,0.0,0.0,2015-08-28,0,0.0,0.0,0.0,0.0,0.0
2015,8,21,5,DL,1307,N925DL,RIC,ATL,1759,1804.0,5.0,13.0,1817.0,108.0,97.0,74.0,481,1931.0,10.0,1947,1941.0,-6.0,0,0,,0.0,0.0,0.0,0.0,0.0,2015-08-21,0,0.0,0.0,0.0,0.0,0.0
2015,8,23,7,AA,1779,N184US,DFW,CLT,2015,2046.0,31.0,18.0,2104.0,163.0,140.0,116.0,936,2400.0,6.0,2358,6.0,8.0,0,0,,0.0,0.0,0.0,0.0,0.0,2015-08-23,1,0.0,0.0,0.0,0.0,0.0
2015,8,8,6,HA,280,N491HA,LIH,OGG,1016,1008.0,-8.0,5.0,1013.0,45.0,45.0,35.0,201,1048.0,5.0,1101,1053.0,-8.0,0,0,,0.0,0.0,0.0,0.0,0.0,2015-08-08,0,0.0,0.0,0.0,0.0,0.0
2015,8,12,3,UA,1281,N73860,OGG,LAX,2056,2048.0,-8.0,10.0,2058.0,301.0,291.0,271.0,2486,429.0,10.0,457,439.0,-18.0,0,0,,0.0,0.0,0.0,0.0,0.0,2015-08-12,0,0.0,0.0,0.0,0.0,0.0
2015,8,13,4,F9,1383,N227FR,CLE,LAS,2210,2233.0,23.0,33.0,2306.0,260.0,269.0,221.0,1824,2347.0,15.0,2330,2.0,32.0,0,0,,32.0,0.0,0.0,0.0,0.0,2015-08-13,1,139.13,0.0,0.0,0.0,0.0
2015,8,9,7,NK,562,N630NK,LAS,DEN,807,805.0,-2.0,15.0,820.0,107.0,101.0,80.0,628,1040.0,6.0,1054,1046.0,-8.0,0,0,,0.0,0.0,0.0,0.0,0.0,2015-08-09,0,0.0,0.0,0.0,0.0,0.0
2015,8,11,2,AS,140,N453AS,ANC,PDX,1140,1135.0,-5.0,13.0,1148.0,214.0,203.0,186.0,1542,1554.0,4.0,1614,1558.0,-16.0,0,0,,0.0,0.0,0.0,0.0,0.0,2015-08-11,0,0.0,0.0,0.0,0.0,0.0
2015,8,1,6,OO,5600,N145SY,SFO,MFR,2236,2259.0,23.0,22.0,2321.0,82.0,88.0,55.0,329,16.0,11.0,2358,27.0,29.0,0,0,,6.0,0.0,6.0,17.0,0.0,2015-08-01,1,26.09,0.0,26.09,73.91,0.0
2015,8,9,7,MQ,3210,N523MQ,DFW,MAF,1620,1617.0,-3.0,12.0,1629.0,67.0,61.0,46.0,309,1715.0,3.0,1727,1718.0,-9.0,0,0,,0.0,0.0,0.0,0.0,0.0,2015-08-09,0,0.0,0.0,0.0,0.0,0.0
2015,8,11,2,B6,1054,N709JB,SJU,FLL,1137,1147.0,10.0,7.0,1154.0,163.0,141.0,130.0,1046,1404.0,4.0,1420,1408.0,-12.0,0,0,,0.0,0.0,0.0,0.0,0.0,2015-08-11,0,0.0,0.0,0.0,0.0,0.0
2015,7,23,4,WN,700,N465WN,HOU,EWR,655,659.0,4.0,8.0,707.0,215.0,184.0,169.0,1411,1056.0,7.0,1130,1103.0,-27.0,0,0,,0.0,0.0,0.0,0.0,0.0,2015-07-23,0,0.0,0.0,0.0,0.0,0.0
2015,8,14,5,UA,1194,N73275,DFW,DEN,753,804.0,11.0,29.0,833.0,127.0,129.0,91.0,641,904.0,9.0,900,913.0,13.0,0,0,,0.0,0.0,0.0,0.0,0.0,2015-08-14,0,0.0,0.0,0.0,0.0,0.0
2015,8,29,6,AA,781,N549UW,PHL,LAX,1350,1348.0,-2.0,14.0,1402.0,347.0,322.0,293.0,2402,1555.0,15.0,1637,1610.0,-27.0,0,0,,0.0,0.0,0.0,0.0,0.0,2015-08-29,0,0.0,0.0,0.0,0.0,0.0
2015,8,15,6,MQ,3381,N670MQ,DFW,MOB,1655,1654.0,-1.0,15.0,1709.0,103.0,93.0,75.0,539,1824.0,3.0,1838,1827.0,-11.0,0,0,,0.0,0.0,0.0,0.0,0.0,2015-08-15,0,0.0,0.0,0.0,0.0,0.0
2015,8,29,6,WN,3410,N965WN,CLE,MDW,1025,1024.0,-1.0,5.0,1029.0,70.0,60.0,50.0,307,1019.0,5.0,1035,1024.0,-11.0,0,0,,0.0,0.0,0.0,0.0,0.0,2015-08-29,0,0.0,0.0,0.0,0.0,0.0
2015,8,11,2,AA,159,N5CHAA,SFO,DFW,1009,1004.0,-5.0,13.0,1017.0,213.0,208.0,183.0,1464,1520.0,12.0,1542,1532.0,-10.0,0,0,,0.0,0.0,0.0,0.0,0.0,2015-08-11,0,0.0,0.0,0.0,0.0,0.0
2015,8,18,2,AA,1052,N502AA,RDU,DFW,1545,1538.0,-7.0,11.0,1549.0,176.0,168.0,145.0,1061,1714.0,12.0,1741,1726.0,-15.0,0,0,,0.0,0.0,0.0,0.0,0.0,2015-08-18,0,0.0,0.0,0.0,0.0,0.0
2015,7,31,5,UA,1265,N38443,RSW,ORD,1245,1240.0,-5.0,10.0,1250.0,185.0,170.0,153.0,1120,1423.0,7.0,1450,1430.0,-20.0,0,0,,0.0,0.0,0.0,0.0,0.0,2015-07-31,0,0.0,0.0,0.0,0.0,0.0
2015,7,24,5,AA,1230,N3FBAA,SEA,DFW,25,23.0,-2.0,13.0,36.0,233.0,213.0,197.0,1660,553.0,3.0,618,556.0,-22.0,0,0,,0.0,0.0,0.0,0.0,0.0,2015-07-24,0,0.0,0.0,0.0,0.0,0.0
2015,8,10,1,AA,1069,N3CJAA,DFW,DTW,2025,2049.0,24.0,14.0,2103.0,171.0,147.0,124.0,986,7.0,9.0,16,16.0,0.0,0,0,,0.0,0.0,0.0,0.0,0.0,2015-08-10,1,0.0,0.0,0.0,0.0,0.0
2015,7,28,2,WN,662,N750SA,HOU,TPA,1100,1059.0,-1.0,8.0,1107.0,125.0,127.0,112.0,781,1359.0,7.0,1405,1406.0,1.0,0,0,,0.0,0.0,0.0,0.0,0.0,2015-07-28,0,0.0,0.0,0.0,0.0,0.0
2015,8,11,2,UA,310,N451UA,SEA,IAH,1148,1142.0,-6.0,12.0,1154.0,263.0,253.0,231.0,1874,1745.0,10.0,1811,1755.0,-16.0,0,0,,0.0,0.0,0.0,0.0,0.0,2015-08-11,0,0.0,0.0,0.0,0.0,0.0
2015,8,29,6,HA,174,N478HA,HNL,OGG,925,920.0,-5.0,9.0,929.0,37.0,39.0,25.0,100,954.0,5.0,1002,959.0,-3.0,0,0,,0.0,0.0,0.0,0.0,0.0,2015-08-29,0,0.0,0.0,0.0,0.0,0.0
2015,8,2,7,EV,4438,N15985,IAH,TUL,1302,1303.0,1.0,14.0,1317.0,94.0,88.0,69.0,429,1426.0,5.0,1436,1431.0,-5.0,0,0,,0.0,0.0,0.0,0.0,0.0,2015-08-02,0,0.0,0.0,0.0,0.0,0.0
2015,8,18,2,HA,124,N488HA,LIH,HNL,832,827.0,-5.0,7.0,834.0,32.0,38.0,23.0,102,857.0,8.0,904,905.0,1.0,0,0,,0.0,0.0,0.0,0.0,0.0,2015-08-18,0,0.0,0.0,0.0,0.0,0.0
2015,8,24,1,AA,853,N833AW,IAH,CLT,1159,1226.0,27.0,11.0,1237.0,151.0,144.0,121.0,912,1538.0,12.0,1530,1550.0,20.0,0,0,,0.0,0.0,20.0,0.0,0.0,2015-08-24,1,0.0,0.0,74.07,0.0,0.0
2015,8,14,5,NK,806,N526NK,LAS,ATL,2330,2347.0,17.0,16.0,3.0,238.0,239.0,215.0,1747,638.0,8.0,628,646.0,18.0,0,0,,1.0,0.0,17.0,0.0,0.0,2015-08-14,1,5.88,0.0,100.0,0.0,0.0
2015,7,27,1,EV,5203,N759EV,MYR,DTW,1110,1750.0,400.0,13.0,1803.0,124.0,107.0,91.0,636,1934.0,3.0,1314,1937.0,383.0,0,0,,0.0,0.0,378.0,5.0,0.0,2015-07-27,1,0.0,0.0,94.5,1.25,0.0
2015,7,31,5,B6,46,N796JB,PDX,ANC,2049,2046.0,-3.0,15.0,2101.0,220.0,216.0,198.0,1542,2319.0,3.0,2329,2322.0,-7.0,0,0,,0.0,0.0,0.0,0.0,0.0,2015-07-31,0,0.0,0.0,0.0,0.0,0.0
2015,8,11,2,DL,1373,N364NW,TPA,ATL,1340,1335.0,-5.0,13.0,1348.0,100.0,101.0,67.0,406,1455.0,21.0,1520,1516.0,-4.0,0,0,,0.0,0.0,0.0,0.0,0.0,2015-08-11,0,0.0,0.0,0.0,0.0,0.0
2015,8,3,1,AS,70,N796AS,ANC,JNU,2000,2004.0,4.0,8.0,2012.0,95.0,97.0,81.0,571,2133.0,8.0,2135,2141.0,6.0,0,0,,0.0,0.0,0.0,0.0,0.0,2015-08-03,0,0.0,0.0,0.0,0.0,0.0
2015,8,17,1,DL,2310,N944DL,ATL,DFW,851,848.0,-3.0,16.0,904.0,134.0,131.0,107.0,731,951.0,8.0,1005,959.0,-6.0,0,0,,0.0,0.0,0.0,0.0,0.0,2015-08-17,0,0.0,0.0,0.0,0.0,0.0
2015,8,6,4,AA,1220,N3AGAA,DFW,SEA,1715,1713.0,-2.0,14.0,1727.0,258.0,239.0,221.0,1660,1908.0,4.0,1933,1912.0,-21.0,0,0,,0.0,0.0,0.0,0.0,0.0,2015-08-06,0,0.0,0.0,0.0,0.0,0.0
2015,7,27,1,AA,1804,N819AW,ATL,PHL,820,816.0,-4.0,25.0,841.0,130.0,147.0,116.0,666,1037.0,6.0,1030,1043.0,13.0,0,0,,0.0,0.0,0.0,0.0,0.0,2015-07-27,0,0.0,0.0,0.0,0.0,0.0
2015,7,25,6,MQ,3681,N537MQ,OKC,DFW,1005,1002.0,-3.0,12.0,1014.0,63.0,65.0,35.0,175,1049.0,18.0,1108,1107.0,-1.0,0,0,,0.0,0.0,0.0,0.0,0.0,2015-07-25,0,0.0,0.0,0.0,0.0,0.0
2015,8,24,1,OO,5298,N965SW,MKE,ORD,1738,1734.0,-4.0,11.0,1745.0,49.0,53.0,25.0,67,1810.0,17.0,1827,1827.0,0.0,0,0,,0.0,0.0,0.0,0.0,0.0,2015-08-24,0,0.0,0.0,0.0,0.0,0.0
2015,8,2,7,OO,6220,N121SY,DFW,SFO,1930,1937.0,7.0,19.0,1956.0,241.0,238.0,214.0,1464,2130.0,5.0,2131,2135.0,4.0,0,0,,0.0,0.0,0.0,0.0,0.0,2015-08-02,0,0.0,0.0,0.0,0.0,0.0
2015,8,27,4,DL,1521,N917DN,DAY,ATL,1022,1024.0,2.0,9.0,1033.0,97.0,88.0,71.0,432,1144.0,8.0,1159,1152.0,-7.0,0,0,,0.0,0.0,0.0,0.0,0.0,2015-08-27,0,0.0,0.0,0.0,0.0,0.0
2015,7,26,7,AA,1052,N4YTAA,ORD,RDU,1157,1156.0,-1.0,13.0,1209.0,122.0,101.0,86.0,646,1435.0,2.0,1459,1437.0,-22.0,0,0,,0.0,0.0,0.0,0.0,0.0,2015-07-26,0,0.0,0.0,0.0,0.0,0.0
2015,8,11,2,AA,1605,N862AA,MIA,DFW,1525,1541.0,16.0,16.0,1557.0,186.0,195.0,168.0,1121,1745.0,11.0,1731,1756.0,25.0,0,0,,9.0,0.0,5.0,11.0,0.0,2015-08-11,1,56.25,0.0,31.25,68.75,0.0
2015,8,17,1,WN,2923,N921WN,SNA,SJC,1200,1159.0,-1.0,6.0,1205.0,70.0,64.0,53.0,342,1258.0,5.0,1310,1303.0,-7.0,0,0,,0.0,0.0,0.0,0.0,0.0,2015-08-17,0,0.0,0.0,0.0,0.0,0.0
2015,8,4,2,OO,7391,N429SW,SLC,GCC,1508,1502.0,-6.0,20.0,1522.0,85.0,80.0,54.0,410,1616.0,6.0,1633,1622.0,-11.0,0,0,,0.0,0.0,0.0,0.0,0.0,2015-08-04,0,0.0,0.0,0.0,0.0,0.0
2015,7,27,1,UA,776,N445UA,ORD,MCO,1040,1102.0,22.0,14.0,1116.0,167.0,145.0,126.0,1005,1422.0,5.0,1427,1427.0,0.0,0,0,,0.0,0.0,0.0,0.0,0.0,2015-07-27,1,0.0,0.0,0.0,0.0,0.0
2015,7,24,5,AA,244,N3ATAA,DFW,EWR,1405,1416.0,11.0,12.0,1428.0,213.0,205.0,183.0,1372,1831.0,10.0,1838,1841.0,3.0,0,0,,0.0,0.0,0.0,0.0,0.0,2015-07-24,0,0.0,0.0,0.0,0.0,0.0
2015,8,11,2,WN,1067,N790SW,SLC,OAK,1605,1615.0,10.0,13.0,1628.0,105.0,105.0,88.0,588,1656.0,4.0,1650,1700.0,10.0,0,0,,0.0,0.0,0.0,0.0,0.0,2015-08-11,0,0.0,0.0,0.0,0.0,0.0
2015,8,14,5,EV,5110,N538CA,ATL,OMA,814,811.0,-3.0,18.0,829.0,139.0,137.0,118.0,821,927.0,1.0,933,928.0,-5.0,0,0,,0.0,0.0,0.0,0.0,0.0,2015-08-14,0,0.0,0.0,0.0,0.0,0.0
2015,8,22,6,WN,4635,N912WN,SJC,SEA,1140,1135.0,-5.0,15.0,1150.0,125.0,122.0,94.0,697,1324.0,13.0,1345,1337.0,-8.0,0,0,,0.0,0.0,0.0,0.0,0.0,2015-08-22,0,0.0,0.0,0.0,0.0,0.0
2015,7,26,7,UA,1682,N79521,EWR,SJU,2037,2324.0,167.0,13.0,2337.0,236.0,217.0,198.0,1608,255.0,6.0,33,301.0,148.0,0,0,,0.0,0.0,39.0,109.0,0.0,2015-07-26,1,0.0,0.0,23.35,65.27,0.0
2015,7,31,5,AA,145,N3JEAA,AUS,LAX,720,715.0,-5.0,10.0,725.0,192.0,172.0,156.0,1242,801.0,6.0,832,807.0,-25.0,0,0,,0.0,0.0,0.0,0.0,0.0,2015-07-31,0,0.0,0.0,0.0,0.0,0.0
2015,7,27,1,WN,870,N391SW,MCO,STL,810,804.0,-6.0,8.0,812.0,140.0,134.0,122.0,882,914.0,4.0,930,918.0,-12.0,0,0,,0.0,0.0,0.0,0.0,0.0,2015-07-27,0,0.0,0.0,0.0,0.0,0.0
2015,7,29,3,EV,4713,N11539,ORD,ERI,2105,2057.0,-8.0,25.0,2122.0,84.0,89.0,59.0,398,2321.0,5.0,2329,2326.0,-3.0,0,0,,0.0,0.0,0.0,0.0,0.0,2015-07-29,0,0.0,0.0,0.0,0.0,0.0
2015,8,1,6,UA,248,N825UA,ORD,PIT,1745,1745.0,0.0,39.0,1824.0,95.0,100.0,55.0,413,2019.0,6.0,2020,2025.0,5.0,0,0,,0.0,0.0,0.0,0.0,0.0,2015-08-01,0,0.0,0.0,0.0,0.0,0.0
2015,8,8,6,AA,1829,N555AY,LAX,CLT,845,844.0,-1.0,22.0,906.0,300.0,284.0,248.0,2125,1614.0,14.0,1645,1628.0,-17.0,0,0,,0.0,0.0,0.0,0.0,0.0,2015-08-08,0,0.0,0.0,0.0,0.0,0.0
2015,8,17,1,OO,5586,N113SY,ORD,DTW,745,742.0,-3.0,16.0,758.0,83.0,67.0,47.0,235,945.0,4.0,1008,949.0,-19.0,0,0,,0.0,0.0,0.0,0.0,0.0,2015-08-17,0,0.0,0.0,0.0,0.0,0.0
2015,7,27,1,WN,2950,N469WN,DEN,AUS,1025,1033.0,8.0,15.0,1048.0,125.0,122.0,103.0,775,1331.0,4.0,1330,1335.0,5.0,0,0,,0.0,0.0,0.0,0.0,0.0,2015-07-27,0,0.0,0.0,0.0,0.0,0.0
2015,8,22,6,AA,563,N923US,PHX,SAN,2010,2007.0,-3.0,13.0,2020.0,71.0,62.0,46.0,304,2106.0,3.0,2121,2109.0,-12.0,0,0,,0.0,0.0,0.0,0.0,0.0,2015-08-22,0,0.0,0.0,0.0,0.0,0.0
2015,8,8,6,B6,448,N796JB,LGB,OAK,1900,1850.0,-10.0,9.0,1859.0,75.0,71.0,57.0,353,1956.0,5.0,2015,2001.0,-14.0,0,0,,0.0,0.0,0.0,0.0,0.0,2015-08-08,0,0.0,0.0,0.0,0.0,0.0
2015,8,13,4,B6,1225,N323JB,MVY,BOS,1530,1545.0,15.0,7.0,1552.0,44.0,35.0,23.0,70,1615.0,5.0,1614,1620.0,6.0,0,0,,0.0,0.0,0.0,0.0,0.0,2015-08-13,0,0.0,0.0,0.0,0.0,0.0
2015,8,25,2,AA,1667,N569AA,DFW,DEN,920,916.0,-4.0,24.0,940.0,126.0,132.0,103.0,641,1023.0,5.0,1026,1028.0,2.0,0,0,,0.0,0.0,0.0,0.0,0.0,2015-08-25,0,0.0,0.0,0.0,0.0,0.0
2015,8,7,5,B6,63,N793JB,JFK,SEA,901,907.0,6.0,31.0,938.0,370.0,374.0,329.0,2422,1207.0,14.0,1211,1221.0,10.0,0,0,,0.0,0.0,0.0,0.0,0.0,2015-08-07,0,0.0,0.0,0.0,0.0,0.0
2015,8,20,4,OO,4647,N779CA,GTF,SLC,1140,1137.0,-3.0,11.0,1148.0,92.0,94.0,77.0,463,1305.0,6.0,1312,1311.0,-1.0,0,0,,0.0,0.0,0.0,0.0,0.0,2015-08-20,0,0.0,0.0,0.0,0.0,0.0
2015,8,17,1,AA,1913,N808AW,CLT,PHL,635,629.0,-6.0,18.0,647.0,96.0,103.0,72.0,449,759.0,13.0,811,812.0,1.0,0,0,,0.0,0.0,0.0,0.0,0.0,2015-08-17,0,0.0,0.0,0.0,0.0,0.0
2015,8,27,4,WN,2352,N211WN,CMH,MDW,1640,1639.0,-1.0,6.0,1645.0,70.0,69.0,59.0,283,1644.0,4.0,1650,1648.0,-2.0,0,0,,0.0,0.0,0.0,0.0,0.0,2015-08-27,0,0.0,0.0,0.0,0.0,0.0
2015,7,24,5,UA,1146,N73278,DEN,IAH,1120,1128.0,8.0,9.0,1137.0,143.0,128.0,114.0,862,1431.0,5.0,1443,1436.0,-7.0,0,0,,0.0,0.0,0.0,0.0,0.0,2015-07-24,0,0.0,0.0,0.0,0.0,0.0
2015,8,10,1,WN,2838,N557WN,ONT,SMF,1855,1900.0,5.0,7.0,1907.0,75.0,67.0,56.0,390,2003.0,4.0,2010,2007.0,-3.0,0,0,,0.0,0.0,0.0,0.0,0.0,2015-08-10,0,0.0,0.0,0.0,0.0,0.0
2015,8,23,7,B6,1435,N603JB,SFO,LGB,1230,1242.0,12.0,8.0,1250.0,89.0,75.0,64.0,354,1354.0,3.0,1359,1357.0,-2.0,0,0,,0.0,0.0,0.0,0.0,0.0,2015-08-23,0,0.0,0.0,0.0,0.0,0.0
2015,8,11,2,VX,251,N853VA,JFK,LAS,930,943.0,13.0,55.0,1038.0,335.0,358.0,294.0,2248,1232.0,9.0,1205,1241.0,36.0,0,0,,23.0,0.0,0.0,3.0,10.0,2015-08-11,0,176.92,0.0,0.0,23.08,76.92
2015,8,27,4,DL,2035,N988DL,ATL,MKE,1505,1503.0,-2.0,23.0,1526.0,124.0,122.0,96.0,669,1602.0,3.0,1609,1605.0,-4.0,0,0,,0.0,0.0,0.0,0.0,0.0,2015-08-27,0,0.0,0.0,0.0,0.0,0.0
2015,8,12,3,AA,156,N3FKAA,SAN,ORD,1025,1023.0,-2.0,18.0,1041.0,249.0,268.0,215.0,1723,1616.0,35.0,1634,1651.0,17.0,0,0,,17.0,0.0,0.0,0.0,0.0,2015-08-12,0,-850.0,-0.0,-0.0,-0.0,-0.0
2015,7,22,3,EV,4893,N176PQ,ATL,GRK,1951,2035.0,44.0,28.0,2103.0,133.0,131.0,101.0,803,2144.0,2.0,2104,2146.0,42.0,0,0,,0.0,0.0,42.0,0.0,0.0,2015-07-22,1,0.0,0.0,95.45,0.0,0.0
2015,8,5,3,DL,2019,N923DN,SAN,MSP,830,826.0,-4.0,18.0,844.0,215.0,208.0,184.0,1532,1348.0,6.0,1405,1354.0,-11.0,0,0,,0.0,0.0,0.0,0.0,0.0,2015-08-05,0,0.0,0.0,0.0,0.0,0.0
2015,7,30,4,AA,1567,N4YLAA,STL,LAX,800,815.0,15.0,11.0,826.0,244.0,229.0,210.0,1592,956.0,8.0,1004,1004.0,0.0,0,0,,0.0,0.0,0.0,0.0,0.0,2015-07-30,0,0.0,0.0,0.0,0.0,0.0
2015,8,20,4,EV,4670,N12924,PIA,ORD,1042,1035.0,-7.0,8.0,1043.0,56.0,51.0,33.0,130,1116.0,10.0,1138,1126.0,-12.0,0,0,,0.0,0.0,0.0,0.0,0.0,2015-08-20,0,0.0,0.0,0.0,0.0,0.0
2015,7,28,2,WN,2509,N7706A,SMF,ONT,1940,1938.0,-2.0,7.0,1945.0,75.0,69.0,58.0,390,2043.0,4.0,2055,2047.0,-8.0,0,0,,0.0,0.0,0.0,0.0,0.0,2015-07-28,0,0.0,0.0,0.0,0.0,0.0
2015,8,2,7,UA,769,N458UA,ROC,ORD,600,612.0,12.0,9.0,621.0,109.0,100.0,82.0,528,643.0,9.0,649,652.0,3.0,0,0,,0.0,0.0,0.0,0.0,0.0,2015-08-02,0,0.0,0.0,0.0,0.0,0.0
2015,7,31,5,WN,876,N555LV,ABQ,DAL,1830,1828.0,-2.0,7.0,1835.0,100.0,104.0,93.0,580,2108.0,4.0,2110,2112.0,2.0,0,0,,0.0,0.0,0.0,0.0,0.0,2015-07-31,0,0.0,0.0,0.0,0.0,0.0
2015,8,27,4,WN,1695,N520SW,MAF,HOU,635,631.0,-4.0,10.0,641.0,80.0,86.0,68.0,441,749.0,8.0,755,757.0,2.0,0,0,,0.0,0.0,0.0,0.0,0.0,2015-08-27,0,0.0,0.0,0.0,0.0,0.0
2015,7,31,5,AA,1273,N3JWAA,SJU,DFW,1610,1608.0,-2.0,9.0,1617.0,304.0,278.0,263.0,2165,1940.0,6.0,2014,1946.0,-28.0,0,0,,0.0,0.0,0.0,0.0,0.0,2015-07-31,0,0.0,0.0,0.0,0.0,0.0
2015,7,31,5,AA,835,N918US,CLT,SJU,955,954.0,-1.0,25.0,1019.0,234.0,235.0,204.0,1475,1343.0,6.0,1349,1349.0,0.0,0,0,,0.0,0.0,0.0,0.0,0.0,2015-07-31,0,0.0,0.0,0.0,0.0,0.0
2015,8,13,4,OO,6460,N787SK,TUS,DEN,609,558.0,-11.0,11.0,609.0,116.0,106.0,88.0,639,837.0,7.0,905,844.0,-21.0,0,0,,0.0,0.0,0.0,0.0,0.0,2015-08-13,0,0.0,0.0,0.0,0.0,0.0
2015,8,17,1,AA,410,N652AW,DEN,PHX,545,544.0,-1.0,12.0,556.0,110.0,100.0,82.0,602,618.0,6.0,635,624.0,-11.0,0,0,,0.0,0.0,0.0,0.0,0.0,2015-08-17,0,0.0,0.0,0.0,0.0,0.0
2015,8,17,1,DL,2256,N919DL,MCI,ATL,1652,1718.0,26.0,17.0,1735.0,128.0,119.0,95.0,692,2010.0,7.0,2000,2017.0,17.0,0,0,,17.0,0.0,0.0,0.0,0.0,2015-08-17,1,65.38,0.0,0.0,0.0,0.0
2015,8,17,1,EV,4899,N882AS,ATL,AGS,2104,2204.0,60.0,17.0,2221.0,53.0,52.0,31.0,143,2252.0,4.0,2157,2256.0,59.0,0,0,,0.0,0.0,0.0,59.0,0.0,2015-08-17,1,0.0,0.0,0.0,98.33,0.0
2015,8,21,5,UA,1478,N79402,IAH,BOS,1747,1817.0,30.0,18.0,1835.0,239.0,209.0,180.0,1597,2235.0,11.0,2246,2246.0,0.0,0,0,,0.0,0.0,0.0,0.0,0.0,2015-08-21,1,0.0,0.0,0.0,0.0,0.0
2015,8,5,3,WN,339,N362SW,FLL,BNA,1925,1924.0,-1.0,17.0,1941.0,135.0,135.0,113.0,793,2034.0,5.0,2040,2039.0,-1.0,0,0,,0.0,0.0,0.0,0.0,0.0,2015-08-05,0,0.0,0.0,0.0,0.0,0.0
2015,7,30,4,B6,1271,N566JB,LGA,FLL,1945,2142.0,117.0,13.0,2155.0,182.0,151.0,132.0,1076,7.0,6.0,2247,13.0,86.0,0,0,,0.0,0.0,10.0,76.0,0.0,2015-07-30,1,0.0,0.0,8.55,64.96,0.0
2015,7,24,5,AA,1938,N705UW,IAH,CLT,1010,1005.0,-5.0,11.0,1016.0,153.0,142.0,122.0,912,1318.0,9.0,1343,1327.0,-16.0,0,0,,0.0,0.0,0.0,0.0,0.0,2015-07-24,0,0.0,0.0,0.0,0.0,0.0
2015,7,25,6,B6,626,N339JB,BWI,BOS,1010,1003.0,-7.0,11.0,1014.0,79.0,69.0,54.0,369,1108.0,4.0,1129,1112.0,-17.0,0,0,,0.0,0.0,0.0,0.0,0.0,2015-07-25,0,0.0,0.0,0.0,0.0,0.0
2015,8,16,7,OO,5245,N788SK,TUS,IAH,505,500.0,-5.0,7.0,507.0,150.0,150.0,123.0,936,910.0,20.0,935,930.0,-5.0,0,0,,0.0,0.0,0.0,0.0,0.0,2015-08-16,0,0.0,0.0,0.0,0.0,0.0
2015,8,28,5,OO,2945,N907SW,GJT,PHX,1215,1213.0,-2.0,17.0,1230.0,96.0,97.0,74.0,438,1244.0,6.0,1251,1250.0,-1.0,0,0,,0.0,0.0,0.0,0.0,0.0,2015-08-28,0,0.0,0.0,0.0,0.0,0.0
2015,8,16,7,B6,453,N284JB,JFK,PBI,620,745.0,85.0,10.0,755.0,164.0,154.0,142.0,1028,1017.0,2.0,904,1019.0,75.0,0,0,,0.0,0.0,75.0,0.0,0.0,2015-08-16,1,0.0,0.0,88.24,0.0,0.0
2015,8,10,1,EV,5781,N17196,IAH,LFT,1343,1336.0,-7.0,13.0,1349.0,61.0,51.0,33.0,201,1422.0,5.0,1444,1427.0,-17.0,0,0,,0.0,0.0,0.0,0.0,0.0,2015-08-10,0,0.0,0.0,0.0,0.0,0.0
2015,8,10,1,F9,903,N938FR,TTN,FLL,630,622.0,-8.0,12.0,634.0,165.0,147.0,131.0,1026,845.0,4.0,915,849.0,-26.0,0,0,,0.0,0.0,0.0,0.0,0.0,2015-08-10,0,0.0,0.0,0.0,0.0,0.0
2015,8,27,4,WN,1927,N701GS,PHX,LAX,1455,1504.0,9.0,9.0,1513.0,80.0,75.0,56.0,370,1609.0,10.0,1615,1619.0,4.0,0,0,,0.0,0.0,0.0,0.0,0.0,2015-08-27,0,0.0,0.0,0.0,0.0,0.0
2015,8,28,5,EV,4626,N22909,TUL,IAH,1021,1011.0,-10.0,11.0,1022.0,99.0,85.0,69.0,429,1131.0,5.0,1200,1136.0,-24.0,0,0,,0.0,0.0,0.0,0.0,0.0,2015-08-28,0,0.0,0.0,0.0,0.0,0.0
2015,7,24,5,EV,5391,N608QX,MDW,DTW,1835,1834.0,-1.0,15.0,1849.0,72.0,68.0,49.0,228,2038.0,4.0,2047,2042.0,-5.0,0,0,,0.0,0.0,0.0,0.0,0.0,2015-07-24,0,0.0,0.0,0.0,0.0,0.0
2015,8,2,7,WN,2878,N704SW,LAX,OAK,1550,1549.0,-1.0,8.0,1557.0,70.0,64.0,51.0,337,1648.0,5.0,1700,1653.0,-7.0,0,0,,0.0,0.0,0.0,0.0,0.0,2015-08-02,0,0.0,0.0,0.0,0.0,0.0
2015,8,21,5,DL,1251,N350NA,LGA,DTW,1650,1713.0,23.0,53.0,1806.0,129.0,137.0,76.0,502,1922.0,8.0,1859,1930.0,31.0,0,0,,8.0,0.0,11.0,12.0,0.0,2015-08-21,1,34.78,0.0,47.83,52.17,0.0
2015,7,24,5,AA,74,N514AA,DFW,LAS,1705,1703.0,-2.0,27.0,1730.0,178.0,170.0,136.0,1055,1746.0,7.0,1803,1753.0,-10.0,0,0,,0.0,0.0,0.0,0.0,0.0,2015-07-24,0,0.0,0.0,0.0,0.0,0.0
2015,7,31,5,OO,2908,N955SW,EUG,LAX,710,704.0,-6.0,12.0,716.0,143.0,145.0,120.0,748,916.0,13.0,933,929.0,-4.0,0,0,,0.0,0.0,0.0,0.0,0.0,2015-07-31,0,0.0,0.0,0.0,0.0,0.0
2015,7,26,7,EV,6177,N16541,EWR,IAD,600,554.0,-6.0,23.0,617.0,79.0,73.0,41.0,212,658.0,9.0,719,707.0,-12.0,0,0,,0.0,0.0,0.0,0.0,0.0,2015-07-26,0,0.0,0.0,0.0,0.0,0.0
2015,7,30,4,WN,1372,N233LV,SNA,PHX,715,715.0,0.0,16.0,731.0,80.0,71.0,50.0,338,821.0,5.0,835,826.0,-9.0,0,0,,0.0,0.0,0.0,0.0,0.0,2015-07-30,0,0.0,0.0,0.0,0.0,0.0
2015,8,11,2,OO,4573,N820SK,SFO,SLC,1637,1645.0,8.0,17.0,1702.0,110.0,110.0,89.0,599,1931.0,4.0,1927,1935.0,8.0,0,0,,0.0,0.0,0.0,0.0,0.0,2015-08-11,0,0.0,0.0,0.0,0.0,0.0
2015,8,7,5,OO,4610,N783CA,LAN,MSP,1308,1314.0,6.0,26.0,1340.0,96.0,111.0,81.0,455,1401.0,4.0,1344,1405.0,21.0,0,0,,15.0,0.0,3.0,3.0,0.0,2015-08-07,0,250.0,0.0,50.0,50.0,0.0
2015,8,14,5,WN,3211,N525SW,ELP,DAL,1820,1821.0,1.0,15.0,1836.0,95.0,104.0,84.0,562,2100.0,5.0,2055,2105.0,10.0,0,0,,0.0,0.0,0.0,0.0,0.0,2015-08-14,0,0.0,0.0,0.0,0.0,0.0
2015,8,3,1,VX,202,N843VA,SFO,ORD,705,656.0,-9.0,15.0,711.0,250.0,261.0,220.0,1846,1251.0,26.0,1315,1317.0,2.0,0,0,,0.0,0.0,0.0,0.0,0.0,2015-08-03,0,0.0,0.0,0.0,0.0,0.0
2015,8,4,2,NK,197,N631NK,LGA,FLL,1050,1056.0,6.0,21.0,1117.0,184.0,185.0,159.0,1076,1356.0,5.0,1354,1401.0,7.0,0,0,,0.0,0.0,0.0,0.0,0.0,2015-08-04,0,0.0,0.0,0.0,0.0,0.0
2015,7,24,5,EV,4755,N13914,ORD,CAE,1800,1800.0,0.0,17.0,1817.0,123.0,111.0,90.0,667,2047.0,4.0,2103,2051.0,-12.0,0,0,,0.0,0.0,0.0,0.0,0.0,2015-07-24,0,0.0,0.0,0.0,0.0,0.0
2015,8,12,3,AA,1797,N830AW,LAX,BNA,35,56.0,21.0,23.0,119.0,250.0,240.0,213.0,1797,652.0,4.0,645,656.0,11.0,0,0,,0.0,0.0,0.0,0.0,0.0,2015-08-12,1,0.0,0.0,0.0,0.0,0.0
2015,8,8,6,NK,655,N517NK,ORD,PDX,2045,2049.0,4.0,15.0,2104.0,258.0,253.0,233.0,1739,2257.0,5.0,2303,2302.0,-1.0,0,0,,0.0,0.0,0.0,0.0,0.0,2015-08-08,0,0.0,0.0,0.0,0.0,0.0
2015,8,28,5,WN,2423,N370SW,SMF,LAS,1800,1758.0,-2.0,10.0,1808.0,80.0,75.0,62.0,397,1910.0,3.0,1920,1913.0,-7.0,0,0,,0.0,0.0,0.0,0.0,0.0,2015-08-28,0,0.0,0.0,0.0,0.0,0.0
2015,7,30,4,DL,2576,N320US,LAS,DTW,943,1634.0,411.0,14.0,1648.0,239.0,210.0,192.0,1749,2300.0,4.0,1642,2304.0,382.0,0,0,,0.0,0.0,233.0,149.0,0.0,2015-07-30,1,0.0,0.0,56.69,36.25,0.0
2015,8,23,7,MQ,3402,N698MQ,GRI,DFW,600,558.0,-2.0,11.0,609.0,109.0,114.0,82.0,561,731.0,21.0,749,752.0,3.0,0,0,,0.0,0.0,0.0,0.0,0.0,2015-08-23,0,0.0,0.0,0.0,0.0,0.0
2015,8,4,2,DL,29,N914DL,ATL,DFW,1920,1926.0,6.0,23.0,1949.0,138.0,147.0,111.0,731,2040.0,13.0,2038,2053.0,15.0,0,0,,9.0,0.0,0.0,6.0,0.0,2015-08-04,0,150.0,0.0,0.0,100.0,0.0
2015,8,25,2,AA,2374,N4WMAA,DEN,DFW,925,917.0,-8.0,12.0,929.0,116.0,109.0,84.0,641,1153.0,13.0,1221,1206.0,-15.0,0,0,,0.0,0.0,0.0,0.0,0.0,2015-08-25,0,0.0,0.0,0.0,0.0,0.0
2015,8,15,6,F9,1271,N208FR,ORD,LAX,2120,2150.0,30.0,21.0,2211.0,270.0,244.0,209.0,1744,2340.0,14.0,2350,2354.0,4.0,0,0,,0.0,0.0,0.0,0.0,0.0,2015-08-15,1,0.0,0.0,0.0,0.0,0.0
2015,7,26,7,AA,550,N549UW,PHX,BOS,2359,8.0,9.0,17.0,25.0,294.0,313.0,287.0,2300,812.0,9.0,753,821.0,28.0,0,0,,19.0,0.0,0.0,9.0,0.0,2015-07-26,0,211.11,0.0,0.0,100.0,0.0
2015,8,10,1,WN,3119,N8656B,MHT,MDW,550,553.0,3.0,10.0,603.0,155.0,132.0,118.0,838,701.0,4.0,725,705.0,-20.0,0,0,,0.0,0.0,0.0,0.0,0.0,2015-08-10,0,0.0,0.0,0.0,0.0,0.0
2015,8,14,5,AA,149,N4UBAA,DFW,ELP,1020,1018.0,-2.0,12.0,1030.0,105.0,86.0,72.0,551,1042.0,2.0,1105,1044.0,-21.0,0,0,,0.0,0.0,0.0,0.0,0.0,2015-08-14,0,0.0,0.0,0.0,0.0,0.0
2015,8,19,3,WN,1708,N7814B,ECP,HOU,1400,1400.0,0.0,8.0,1408.0,110.0,118.0,97.0,571,1545.0,13.0,1550,1558.0,8.0,0,0,,0.0,0.0,0.0,0.0,0.0,2015-08-19,0,0.0,0.0,0.0,0.0,0.0
2015,8,12,3,DL,779,N3745B,SLC,LAS,2020,2015.0,-5.0,22.0,2037.0,80.0,79.0,51.0,368,2028.0,6.0,2040,2034.0,-6.0,0,0,,0.0,0.0,0.0,0.0,0.0,2015-08-12,0,0.0,0.0,0.0,0.0,0.0
2015,8,23,7,MQ,3269,N824MQ,ORD,CID,1414,1410.0,-4.0,23.0,1433.0,65.0,65.0,36.0,196,1509.0,6.0,1519,1515.0,-4.0,0,0,,0.0,0.0,0.0,0.0,0.0,2015-08-23,0,0.0,0.0,0.0,0.0,0.0
2015,8,1,6,B6,1895,N646JB,HPN,MCO,815,817.0,2.0,19.0,836.0,159.0,163.0,133.0,972,1049.0,11.0,1054,1100.0,6.0,0,0,,0.0,0.0,0.0,0.0,0.0,2015-08-01,0,0.0,0.0,0.0,0.0,0.0
2015,7,25,6,WN,4416,N788SA,DEN,ABQ,2125,2120.0,-5.0,10.0,2130.0,75.0,66.0,50.0,349,2220.0,6.0,2240,2226.0,-14.0,0,0,,0.0,0.0,0.0,0.0,0.0,2015-07-25,0,0.0,0.0,0.0,0.0,0.0
2015,8,24,1,EV,4715,N14920,HOB,IAH,640,633.0,-7.0,8.0,641.0,101.0,102.0,80.0,501,901.0,14.0,921,915.0,-6.0,0,0,,0.0,0.0,0.0,0.0,0.0,2015-08-24,0,0.0,0.0,0.0,0.0,0.0
2015,8,28,5,EV,4703,N21537,IAH,BRO,2110,2101.0,-9.0,10.0,2111.0,73.0,61.0,46.0,308,2157.0,5.0,2223,2202.0,-21.0,0,0,,0.0,0.0,0.0,0.0,0.0,2015-08-28,0,0.0,0.0,0.0,0.0,0.0
2015,8,16,7,UA,1977,N37281,LAX,IAH,1047,1048.0,1.0,16.0,1104.0,210.0,205.0,178.0,1379,1602.0,11.0,1617,1613.0,-4.0,0,0,,0.0,0.0,0.0,0.0,0.0,2015-08-16,0,0.0,0.0,0.0,0.0,0.0
2015,7,25,6,UA,599,N488UA,SFO,BOS,600,556.0,-4.0,19.0,615.0,344.0,311.0,284.0,2704,1359.0,8.0,1444,1407.0,-37.0,0,0,,0.0,0.0,0.0,0.0,0.0,2015-07-25,0,0.0,0.0,0.0,0.0,0.0
2015,8,5,3,DL,1124,N816DN,ATL,SLC,1905,1905.0,0.0,30.0,1935.0,240.0,246.0,211.0,1590,2106.0,5.0,2105,2111.0,6.0,0,0,,0.0,0.0,0.0,0.0,0.0,2015-08-05,0,0.0,0.0,0.0,0.0,0.0
2015,7,30,4,UA,1230,N38451,MCO,IAH,1520,1525.0,5.0,14.0,1539.0,147.0,139.0,119.0,854,1638.0,6.0,1647,1644.0,-3.0,0,0,,0.0,0.0,0.0,0.0,0.0,2015-07-30,0,0.0,0.0,0.0,0.0,0.0
2015,8,8,6,HA,141,N489HA,ITO,HNL,1758,1750.0,-8.0,7.0,1757.0,51.0,50.0,36.0,216,1833.0,7.0,1849,1840.0,-9.0,0,0,,0.0,0.0,0.0,0.0,0.0,2015-08-08,0,0.0,0.0,0.0,0.0,0.0
2015,8,5,3,WN,334,N274WN,PHX,DAL,1810,1816.0,6.0,8.0,1824.0,135.0,124.0,112.0,879,2216.0,4.0,2225,2220.0,-5.0,0,0,,0.0,0.0,0.0,0.0,0.0,2015-08-05,0,0.0,0.0,0.0,0.0,0.0
2015,8,12,3,UA,611,N544UA,ORD,SFO,1330,1333.0,3.0,17.0,1350.0,276.0,258.0,236.0,1846,1546.0,5.0,1606,1551.0,-15.0,0,0,,0.0,0.0,0.0,0.0,0.0,2015-08-12,0,0.0,0.0,0.0,0.0,0.0
2015,8,29,6,AA,69,N3KBAA,MIA,LAX,1705,1706.0,1.0,17.0,1723.0,332.0,338.0,296.0,2342,1919.0,25.0,1937,1944.0,7.0,0,0,,0.0,0.0,0.0,0.0,0.0,2015-08-29,0,0.0,0.0,0.0,0.0,0.0
2015,7,26,7,WN,457,N264LV,BHM,TPA,1400,1408.0,8.0,10.0,1418.0,85.0,81.0,68.0,459,1626.0,3.0,1625,1629.0,4.0,0,0,,0.0,0.0,0.0,0.0,0.0,2015-07-26,0,0.0,0.0,0.0,0.0,0.0
2015,7,31,5,UA,514,N587UA,JFK,SFO,1832,1826.0,-6.0,38.0,1904.0,394.0,400.0,356.0,2586,2200.0,6.0,2206,2206.0,0.0,0,0,,0.0,0.0,0.0,0.0,0.0,2015-07-31,0,0.0,0.0,0.0,0.0,0.0
2015,8,24,1,UA,621,N417UA,ORF,ORD,946,941.0,-5.0,10.0,951.0,129.0,114.0,100.0,717,1031.0,4.0,1055,1035.0,-20.0,0,0,,0.0,0.0,0.0,0.0,0.0,2015-08-24,0,0.0,0.0,0.0,0.0,0.0
2015,8,13,4,UA,1108,N69816,SEA,EWR,2249,2322.0,33.0,18.0,2340.0,310.0,301.0,271.0,2402,711.0,12.0,659,723.0,24.0,0,0,,0.0,0.0,15.0,9.0,0.0,2015-08-13,1,0.0,0.0,45.45,27.27,0.0
2015,8,8,6,DL,1131,N911DL,LGA,FLL,1105,1100.0,-5.0,26.0,1126.0,198.0,178.0,150.0,1076,1356.0,2.0,1423,1358.0,-25.0,0,0,,0.0,0.0,0.0,0.0,0.0,2015-08-08,0,0.0,0.0,0.0,0.0,0.0
2015,8,28,5,WN,3183,N357SW,BOI,GEG,630,626.0,-4.0,9.0,635.0,65.0,59.0,46.0,287,621.0,4.0,635,625.0,-10.0,0,0,,0.0,0.0,0.0,0.0,0.0,2015-08-28,0,0.0,0.0,0.0,0.0,0.0
2015,7,23,4,MQ,3305,N907MQ,EVV,ORD,1430,1423.0,-7.0,9.0,1432.0,89.0,74.0,56.0,272,1528.0,9.0,1559,1537.0,-22.0,0,0,,0.0,0.0,0.0,0.0,0.0,2015-07-23,0,0.0,0.0,0.0,0.0,0.0
2015,8,24,1,OO,5460,N874AS,RDD,SFO,504,458.0,-6.0,18.0,516.0,70.0,65.0,43.0,199,559.0,4.0,614,603.0,-11.0,0,0,,0.0,0.0,0.0,0.0,0.0,2015-08-24,0,0.0,0.0,0.0,0.0,0.0
2015,8,12,3,OO,6318,N916SW,DEN,FAR,1536,1533.0,-3.0,14.0,1547.0,112.0,102.0,84.0,627,1811.0,4.0,1828,1815.0,-13.0,0,0,,0.0,0.0,0.0,0.0,0.0,2015-08-12,0,0.0,0.0,0.0,0.0,0.0
2015,8,24,1,AA,91,N548AA,ORD,DFW,2215,2212.0,-3.0,16.0,2228.0,152.0,123.0,104.0,802,12.0,3.0,47,15.0,-32.0,0,0,,0.0,0.0,0.0,0.0,0.0,2015-08-24,0,0.0,0.0,0.0,0.0,0.0
2015,8,9,7,DL,1131,N980DL,LGA,FLL,1105,1110.0,5.0,21.0,1131.0,200.0,157.0,130.0,1076,1341.0,6.0,1425,1347.0,-38.0,0,0,,0.0,0.0,0.0,0.0,0.0,2015-08-09,0,0.0,0.0,0.0,0.0,0.0
2015,8,27,4,NK,380,N657NK,FLL,DTW,2020,2020.0,0.0,12.0,2032.0,175.0,157.0,138.0,1127,2250.0,7.0,2315,2257.0,-18.0,0,0,,0.0,0.0,0.0,0.0,0.0,2015-08-27,0,0.0,0.0,0.0,0.0,0.0
2015,8,21,5,DL,1500,N997DL,ATL,BOS,1345,1345.0,0.0,17.0,1402.0,161.0,154.0,124.0,946,1606.0,13.0,1626,1619.0,-7.0,0,0,,0.0,0.0,0.0,0.0,0.0,2015-08-21,0,0.0,0.0,0.0,0.0,0.0
2015,7,22,3,UA,1926,N33289,DFW,DEN,2012,2003.0,-9.0,14.0,2017.0,125.0,116.0,93.0,641,2050.0,9.0,2117,2059.0,-18.0,0,0,,0.0,0.0,0.0,0.0,0.0,2015-07-22,0,0.0,0.0,0.0,0.0,0.0
2015,8,28,5,OO,4806,N161PQ,OAK,LAX,1435,1430.0,-5.0,10.0,1440.0,85.0,78.0,59.0,337,1539.0,9.0,1600,1548.0,-12.0,0,0,,0.0,0.0,0.0,0.0,0.0,2015-08-28,0,0.0,0.0,0.0,0.0,0.0
2015,7,25,6,DL,1860,N911DE,ATL,MIA,1625,1627.0,2.0,13.0,1640.0,122.0,117.0,96.0,594,1816.0,8.0,1827,1824.0,-3.0,0,0,,0.0,0.0,0.0,0.0,0.0,2015-07-25,0,0.0,0.0,0.0,0.0,0.0
2015,7,26,7,DL,1427,N692DL,ATL,FLL,1815,1818.0,3.0,21.0,1839.0,116.0,109.0,83.0,581,2002.0,5.0,2011,2007.0,-4.0,0,0,,0.0,0.0,0.0,0.0,0.0,2015-07-26,0,0.0,0.0,0.0,0.0,0.0
2015,7,31,5,UA,342,N851UA,MSP,IAH,510,506.0,-4.0,9.0,515.0,172.0,154.0,139.0,1034,734.0,6.0,802,740.0,-22.0,0,0,,0.0,0.0,0.0,0.0,0.0,2015-07-31,0,0.0,0.0,0.0,0.0,0.0
2015,8,17,1,WN,3061,N8629A,MDW,SEA,1935,1958.0,23.0,22.0,2020.0,270.0,269.0,237.0,1733,2217.0,10.0,2205,2227.0,22.0,0,0,,0.0,0.0,0.0,22.0,0.0,2015-08-17,1,0.0,0.0,0.0,95.65,0.0
2015,8,24,1,OO,4611,N418SW,MSP,SBN,1312,1309.0,-3.0,35.0,1344.0,90.0,97.0,57.0,411,1541.0,5.0,1542,1546.0,4.0,0,0,,0.0,0.0,0.0,0.0,0.0,2015-08-24,0,0.0,0.0,0.0,0.0,0.0
2015,8,8,6,B6,657,N615JB,CLE,FLL,1445,1445.0,0.0,13.0,1458.0,164.0,182.0,154.0,1062,1732.0,15.0,1729,1747.0,18.0,0,0,,18.0,0.0,0.0,0.0,0.0,2015-08-08,0,inf,0.0,0.0,0.0,0.0
2015,7,27,1,MQ,3578,N935MQ,MIA,CVG,1820,1820.0,0.0,16.0,1836.0,159.0,154.0,134.0,948,2050.0,4.0,2059,2054.0,-5.0,0,0,,0.0,0.0,0.0,0.0,0.0,2015-07-27,0,0.0,0.0,0.0,0.0,0.0
2015,8,16,7,AA,1119,N3JNAA,MIA,BOS,2100,2118.0,18.0,13.0,2131.0,197.0,184.0,166.0,1258,17.0,5.0,17,22.0,5.0,0,0,,0.0,0.0,0.0,0.0,0.0,2015-08-16,1,0.0,0.0,0.0,0.0,0.0
2015,7,27,1,DL,2275,N357NW,ATL,ORF,2055,2127.0,32.0,21.0,2148.0,102.0,105.0,80.0,516,2308.0,4.0,2237,2312.0,35.0,0,0,,3.0,0.0,19.0,13.0,0.0,2015-07-27,1,9.38,0.0,59.38,40.62,0.0
2015,8,13,4,MQ,3150,N827MQ,LGA,CHO,1235,1231.0,-4.0,16.0,1247.0,88.0,70.0,48.0,305,1335.0,6.0,1403,1341.0,-22.0,0,0,,0.0,0.0,0.0,0.0,0.0,2015-08-13,0,0.0,0.0,0.0,0.0,0.0
2015,7,24,5,AA,1258,N4YCAA,STL,LAX,1229,1230.0,1.0,10.0,1240.0,241.0,219.0,202.0,1592,1402.0,7.0,1430,1409.0,-21.0,0,0,,0.0,0.0,0.0,0.0,0.0,2015-07-24,0,0.0,0.0,0.0,0.0,0.0
2015,7,26,7,DL,1053,N908DE,ATL,PBI,1640,1638.0,-2.0,10.0,1648.0,118.0,94.0,81.0,545,1809.0,3.0,1838,1812.0,-26.0,0,0,,0.0,0.0,0.0,0.0,0.0,2015-07-26,0,0.0,0.0,0.0,0.0,0.0
2015,8,5,3,OO,5504,N750SK,MFR,SFO,1330,1337.0,7.0,12.0,1349.0,86.0,75.0,57.0,329,1446.0,6.0,1456,1452.0,-4.0,0,0,,0.0,0.0,0.0,0.0,0.0,2015-08-05,0,0.0,0.0,0.0,0.0,0.0
2015,8,24,1,UA,1524,N68801,DEN,SEA,1126,1127.0,1.0,13.0,1140.0,171.0,164.0,143.0,1024,1303.0,8.0,1317,1311.0,-6.0,0,0,,0.0,0.0,0.0,0.0,0.0,2015-08-24,0,0.0,0.0,0.0,0.0,0.0
2015,8,1,6,UA,643,N466UA,PIT,ORD,720,719.0,-1.0,17.0,736.0,92.0,95.0,70.0,413,746.0,8.0,752,754.0,2.0,0,0,,0.0,0.0,0.0,0.0,0.0,2015-08-01,0,0.0,0.0,0.0,0.0,0.0
2015,8,7,5,DL,770,N378DA,SLC,MSP,2015,2258.0,163.0,16.0,2314.0,147.0,134.0,113.0,991,207.0,5.0,2342,212.0,150.0,0,0,,0.0,0.0,10.0,140.0,0.0,2015-08-07,1,0.0,0.0,6.13,85.89,0.0
2015,8,29,6,WN,1087,N560WN,DEN,OKC,1855,1857.0,2.0,12.0,1909.0,85.0,83.0,67.0,495,2116.0,4.0,2120,2120.0,0.0,0,0,,0.0,0.0,0.0,0.0,0.0,2015-08-29,0,0.0,0.0,0.0,0.0,0.0
2015,8,4,2,WN,441,N8606C,SEA,PHX,1730,1730.0,0.0,18.0,1748.0,175.0,167.0,140.0,1107,2008.0,9.0,2025,2017.0,-8.0,0,0,,0.0,0.0,0.0,0.0,0.0,2015-08-04,0,0.0,0.0,0.0,0.0,0.0
2015,8,5,3,EV,4443,N14174,EWR,PWM,2125,2145.0,20.0,34.0,2219.0,80.0,87.0,49.0,284,2308.0,4.0,2245,2312.0,27.0,0,0,,7.0,0.0,5.0,15.0,0.0,2015-08-05,1,35.0,0.0,25.0,75.0,0.0
2015,8,22,6,AS,38,N528AS,SEA,FLL,850,847.0,-3.0,18.0,905.0,355.0,337.0,315.0,2717,1720.0,4.0,1745,1724.0,-21.0,0,0,,0.0,0.0,0.0,0.0,0.0,2015-08-22,0,0.0,0.0,0.0,0.0,0.0
2015,7,27,1,WN,1249,N916WN,PHX,BUR,1330,1327.0,-3.0,8.0,1335.0,80.0,77.0,66.0,369,1441.0,3.0,1450,1444.0,-6.0,0,0,,0.0,0.0,0.0,0.0,0.0,2015-07-27,0,0.0,0.0,0.0,0.0,0.0
2015,7,30,4,F9,793,N902FR,DEN,PDX,1655,1651.0,-4.0,8.0,1659.0,153.0,152.0,139.0,991,1818.0,5.0,1828,1823.0,-5.0,0,0,,0.0,0.0,0.0,0.0,0.0,2015-07-30,0,0.0,0.0,0.0,0.0,0.0
2015,7,26,7,AS,247,N546AS,SFO,PDX,2020,2016.0,-4.0,19.0,2035.0,98.0,100.0,77.0,550,2152.0,4.0,2158,2156.0,-2.0,0,0,,0.0,0.0,0.0,0.0,0.0,2015-07-26,0,0.0,0.0,0.0,0.0,0.0
2015,8,1,6,MQ,3066,N639MQ,ORD,CMI,2020,2028.0,8.0,15.0,2043.0,61.0,41.0,23.0,135,2106.0,3.0,2121,2109.0,-12.0,0,0,,0.0,0.0,0.0,0.0,0.0,2015-08-01,0,0.0,0.0,0.0,0.0,0.0
2015,8,7,5,WN,839,N340LV,MCO,MKE,1525,1639.0,74.0,44.0,1723.0,170.0,218.0,170.0,1066,1913.0,4.0,1715,1917.0,122.0,0,0,,48.0,0.0,0.0,74.0,0.0,2015-08-07,1,64.86,0.0,0.0,100.0,0.0
2015,8,23,7,OO,6271,N752SK,COS,DEN,1634,1704.0,30.0,17.0,1721.0,46.0,38.0,16.0,73,1737.0,5.0,1720,1742.0,22.0,0,0,,0.0,0.0,0.0,22.0,0.0,2015-08-23,1,0.0,0.0,0.0,73.33,0.0
2015,7,25,6,WN,1218,N463WN,SAN,SMF,1850,1851.0,1.0,9.0,1900.0,85.0,81.0,69.0,480,2009.0,3.0,2015,2012.0,-3.0,0,0,,0.0,0.0,0.0,0.0,0.0,2015-07-25,0,0.0,0.0,0.0,0.0,0.0
2015,8,30,7,OO,5635,N951SW,LAX,SMF,809,841.0,32.0,23.0,904.0,92.0,93.0,64.0,373,1008.0,6.0,941,1014.0,33.0,0,0,,1.0,0.0,32.0,0.0,0.0,2015-08-30,1,3.12,0.0,100.0,0.0,0.0
2015,8,26,3,WN,2570,N726SW,MCI,BOS,1950,1943.0,-7.0,6.0,1949.0,180.0,160.0,148.0,1256,2317.0,6.0,2350,2323.0,-27.0,0,0,,0.0,0.0,0.0,0.0,0.0,2015-08-26,0,0.0,0.0,0.0,0.0,0.0
2015,8,24,1,WN,2674,N413WN,BOI,OAK,1930,1925.0,-5.0,7.0,1932.0,105.0,95.0,82.0,512,1954.0,6.0,2015,2000.0,-15.0,0,0,,0.0,0.0,0.0,0.0,0.0,2015-08-24,0,0.0,0.0,0.0,0.0,0.0
2015,8,24,1,AA,198,N3KLAA,BOS,JFK,1440,1433.0,-7.0,15.0,1448.0,86.0,88.0,41.0,187,1529.0,32.0,1606,1601.0,-5.0,0,0,,0.0,0.0,0.0,0.0,0.0,2015-08-24,0,0.0,0.0,0.0,0.0,0.0
2015,7,23,4,EV,4169,N11140,IAH,BRO,1505,1458.0,-7.0,26.0,1524.0,71.0,88.0,55.0,308,1619.0,7.0,1616,1626.0,10.0,0,0,,0.0,0.0,0.0,0.0,0.0,2015-07-23,0,0.0,0.0,0.0,0.0,0.0
2015,8,1,6,EV,5064,N608QX,CLE,DTW,1335,1329.0,-6.0,35.0,1404.0,62.0,65.0,26.0,95,1430.0,4.0,1437,1434.0,-3.0,0,0,,0.0,0.0,0.0,0.0,0.0,2015-08-01,0,0.0,0.0,0.0,0.0,0.0
2015,8,21,5,DL,2016,N941DN,ATL,DEN,1516,1515.0,-1.0,23.0,1538.0,201.0,186.0,159.0,1199,1617.0,4.0,1637,1621.0,-16.0,0,0,,0.0,0.0,0.0,0.0,0.0,2015-08-21,0,0.0,0.0,0.0,0.0,0.0
2015,8,22,6,DL,2518,N998AT,ATL,LIT,1345,1343.0,-2.0,14.0,1357.0,96.0,84.0,65.0,453,1402.0,5.0,1421,1407.0,-14.0,0,0,,0.0,0.0,0.0,0.0,0.0,2015-08-22,0,0.0,0.0,0.0,0.0,0.0
2015,7,31,5,DL,1688,N361NW,DEN,SLC,1915,1909.0,-6.0,21.0,1930.0,92.0,97.0,71.0,391,2041.0,5.0,2047,2046.0,-1.0,0,0,,0.0,0.0,0.0,0.0,0.0,2015-07-31,0,0.0,0.0,0.0,0.0,0.0
2015,8,17,1,WN,2148,N384SW,MCO,ROC,1450,1708.0,138.0,27.0,1735.0,160.0,180.0,147.0,1033,2002.0,6.0,1730,2008.0,158.0,0,0,,20.0,0.0,0.0,0.0,138.0,2015-08-17,1,14.49,0.0,0.0,0.0,100.0
2015,8,19,3,AA,1033,N3MPAA,DFW,DCA,600,555.0,-5.0,16.0,611.0,177.0,184.0,162.0,1192,953.0,6.0,957,959.0,2.0,0,0,,0.0,0.0,0.0,0.0,0.0,2015-08-19,0,0.0,0.0,0.0,0.0,0.0
2015,8,24,1,WN,848,N7735A,DCA,FLL,1200,1211.0,11.0,16.0,1227.0,160.0,143.0,124.0,899,1431.0,3.0,1440,1434.0,-6.0,0,0,,0.0,0.0,0.0,0.0,0.0,2015-08-24,0,0.0,0.0,0.0,0.0,0.0
2015,7,27,1,WN,1708,N731SA,MDW,TUS,2020,2030.0,10.0,25.0,2055.0,215.0,219.0,189.0,1440,2204.0,5.0,2155,2209.0,14.0,0,0,,0.0,0.0,0.0,0.0,0.0,2015-07-27,0,0.0,0.0,0.0,0.0,0.0
2015,8,2,7,EV,2635,N672AE,SHV,DFW,635,626.0,-9.0,13.0,639.0,63.0,71.0,43.0,190,722.0,15.0,738,737.0,-1.0,0,0,,0.0,0.0,0.0,0.0,0.0,2015-08-02,0,0.0,0.0,0.0,0.0,0.0
2015,7,29,3,WN,2156,N8641B,MDW,LAX,1645,1658.0,13.0,9.0,1707.0,255.0,259.0,234.0,1750,1901.0,16.0,1900,1917.0,17.0,0,0,,4.0,0.0,13.0,0.0,0.0,2015-07-29,0,30.77,0.0,100.0,0.0,0.0
2015,8,24,1,DL,2296,N915DN,MSP,LGA,1740,1734.0,-6.0,27.0,1801.0,160.0,162.0,123.0,1020,2104.0,12.0,2120,2116.0,-4.0,0,0,,0.0,0.0,0.0,0.0,0.0,2015-08-24,0,0.0,0.0,0.0,0.0,0.0
2015,8,24,1,WN,828,N246LV,LAX,LAS,735,734.0,-1.0,9.0,743.0,65.0,58.0,44.0,236,827.0,5.0,840,832.0,-8.0,0,0,,0.0,0.0,0.0,0.0,0.0,2015-08-24,0,0.0,0.0,0.0,0.0,0.0
2015,7,23,4,WN,669,N8654B,MCO,DAL,1810,1820.0,10.0,33.0,1853.0,160.0,165.0,125.0,973,1958.0,7.0,1950,2005.0,15.0,0,0,,5.0,0.0,0.0,10.0,0.0,2015-07-23,0,50.0,0.0,0.0,100.0,0.0
2015,8,26,3,WN,6526,N410WN,MDW,OKC,820,813.0,-7.0,6.0,819.0,125.0,97.0,88.0,691,947.0,3.0,1025,950.0,-35.0,0,0,,0.0,0.0,0.0,0.0,0.0,2015-08-26,0,0.0,0.0,0.0,0.0,0.0
2015,8,16,7,DL,1868,N916DN,AUS,ATL,1030,1028.0,-2.0,10.0,1038.0,137.0,117.0,102.0,813,1320.0,5.0,1347,1325.0,-22.0,0,0,,0.0,0.0,0.0,0.0,0.0,2015-08-16,0,0.0,0.0,0.0,0.0,0.0
2015,7,28,2,WN,2317,N266WN,ONT,OAK,1015,1012.0,-3.0,10.0,1022.0,70.0,69.0,53.0,362,1115.0,6.0,1125,1121.0,-4.0,0,0,,0.0,0.0,0.0,0.0,0.0,2015-07-28,0,0.0,0.0,0.0,0.0,0.0
2015,8,3,1,DL,1547,N955DL,MKE,DTW,1636,1632.0,-4.0,10.0,1642.0,77.0,63.0,41.0,237,1823.0,12.0,1853,1835.0,-18.0,0,0,,0.0,0.0,0.0,0.0,0.0,2015-08-03,0,0.0,0.0,0.0,0.0,0.0
2015,7,31,5,DL,1253,N329NW,SLC,OAK,2200,2158.0,-2.0,17.0,2215.0,114.0,119.0,96.0,588,2251.0,6.0,2254,2257.0,3.0,0,0,,0.0,0.0,0.0,0.0,0.0,2015-07-31,0,0.0,0.0,0.0,0.0,0.0
2015,7,30,4,F9,1150,N910FR,ATL,MCO,1215,1209.0,-6.0,18.0,1227.0,85.0,95.0,65.0,404,1332.0,12.0,1340,1344.0,4.0,0,0,,0.0,0.0,0.0,0.0,0.0,2015-07-30,0,0.0,0.0,0.0,0.0,0.0
2015,7,27,1,AS,31,N468AS,PHL,SEA,1805,1803.0,-2.0,12.0,1815.0,374.0,359.0,339.0,2378,2054.0,8.0,2119,2102.0,-17.0,0,0,,0.0,0.0,0.0,0.0,0.0,2015-07-27,0,0.0,0.0,0.0,0.0,0.0
2015,8,21,5,EV,4231,N12175,IAH,BTR,2116,2109.0,-7.0,11.0,2120.0,61.0,56.0,37.0,253,2157.0,8.0,2217,2205.0,-12.0,0,0,,0.0,0.0,0.0,0.0,0.0,2015-08-21,0,0.0,0.0,0.0,0.0,0.0
2015,8,4,2,AA,2171,N952UW,BOS,LGA,700,701.0,1.0,56.0,757.0,78.0,108.0,46.0,184,843.0,6.0,818,849.0,31.0,0,0,,30.0,0.0,1.0,0.0,0.0,2015-08-04,0,3000.0,0.0,100.0,0.0,0.0
2015,8,10,1,WN,927,N618WN,SAT,DAL,1035,1033.0,-2.0,7.0,1040.0,60.0,58.0,48.0,248,1128.0,3.0,1135,1131.0,-4.0,0,0,,0.0,0.0,0.0,0.0,0.0,2015-08-10,0,0.0,0.0,0.0,0.0,0.0
2015,8,6,4,WN,3398,N411WN,LAS,ELP,2145,2221.0,36.0,22.0,2243.0,100.0,102.0,76.0,583,59.0,4.0,25,103.0,38.0,0,0,,2.0,0.0,2.0,34.0,0.0,2015-08-06,1,5.56,0.0,5.56,94.44,0.0
2015,8,7,5,OO,6366,N915SW,BUR,SFO,1659,1701.0,2.0,13.0,1714.0,81.0,70.0,54.0,326,1808.0,3.0,1820,1811.0,-9.0,0,0,,0.0,0.0,0.0,0.0,0.0,2015-08-07,0,0.0,0.0,0.0,0.0,0.0
2015,7,24,5,DL,2085,N316US,GEG,SLC,615,609.0,-6.0,12.0,621.0,100.0,94.0,72.0,546,833.0,10.0,855,843.0,-12.0,0,0,,0.0,0.0,0.0,0.0,0.0,2015-07-24,0,0.0,0.0,0.0,0.0,0.0
2015,8,26,3,AS,457,N619AS,LAX,SEA,1735,1728.0,-7.0,24.0,1752.0,155.0,154.0,123.0,954,1955.0,7.0,2010,2002.0,-8.0,0,0,,0.0,0.0,0.0,0.0,0.0,2015-08-26,0,0.0,0.0,0.0,0.0,0.0
2015,8,11,2,DL,2652,N924AT,TPA,JFK,1900,2242.0,222.0,16.0,2258.0,180.0,149.0,124.0,1005,102.0,9.0,2200,111.0,191.0,0,0,,0.0,0.0,0.0,191.0,0.0,2015-08-11,1,0.0,0.0,0.0,86.04,0.0
2015,8,27,4,AA,1386,N4YPAA,DFW,AUS,1350,1347.0,-3.0,13.0,1400.0,62.0,47.0,30.0,190,1430.0,4.0,1452,1434.0,-18.0,0,0,,0.0,0.0,0.0,0.0,0.0,2015-08-27,0,0.0,0.0,0.0,0.0,0.0
2015,8,23,7,B6,133,N603JB,BOS,SFO,810,819.0,9.0,19.0,838.0,388.0,395.0,367.0,2704,1145.0,9.0,1138,1154.0,16.0,0,0,,7.0,0.0,9.0,0.0,0.0,2015-08-23,0,77.78,0.0,100.0,0.0,0.0
2015,7,30,4,WN,2882,N8321D,SEA,DEN,540,541.0,1.0,12.0,553.0,155.0,150.0,131.0,1024,904.0,7.0,915,911.0,-4.0,0,0,,0.0,0.0,0.0,0.0,0.0,2015-07-30,0,0.0,0.0,0.0,0.0,0.0
2015,7,31,5,EV,5373,N937EV,ATL,MGM,2312,2307.0,-5.0,17.0,2324.0,51.0,46.0,27.0,147,2251.0,2.0,2303,2253.0,-10.0,0,0,,0.0,0.0,0.0,0.0,0.0,2015-07-31,0,0.0,0.0,0.0,0.0,0.0
2015,8,20,4,MQ,3354,N820MQ,DFW,ABI,1345,1341.0,-4.0,8.0,1349.0,56.0,42.0,29.0,158,1418.0,5.0,1441,1423.0,-18.0,0,0,,0.0,0.0,0.0,0.0,0.0,2015-08-20,0,0.0,0.0,0.0,0.0,0.0
2015,8,28,5,MQ,3433,N663MQ,DAY,ORD,1917,1915.0,-2.0,12.0,1927.0,78.0,118.0,44.0,240,1911.0,62.0,1935,2013.0,38.0,0,0,,38.0,0.0,0.0,0.0,0.0,2015-08-28,0,-1900.0,-0.0,-0.0,-0.0,-0.0
2015,8,25,2,AA,681,N560UW,EWR,CLT,1829,1821.0,-8.0,21.0,1842.0,124.0,126.0,81.0,529,2003.0,24.0,2033,2027.0,-6.0,0,0,,0.0,0.0,0.0,0.0,0.0,2015-08-25,0,0.0,0.0,0.0,0.0,0.0
2015,8,23,7,AA,350,N3LVAA,ORD,LGA,1945,2025.0,40.0,20.0,2045.0,128.0,120.0,96.0,733,2321.0,4.0,2253,2325.0,32.0,0,0,,0.0,0.0,32.0,0.0,0.0,2015-08-23,1,0.0,0.0,80.0,0.0,0.0
2015,8,29,6,UA,540,N835UA,SFO,IAH,734,730.0,-4.0,12.0,742.0,234.0,223.0,200.0,1635,1302.0,11.0,1328,1313.0,-15.0,0,0,,0.0,0.0,0.0,0.0,0.0,2015-08-29,0,0.0,0.0,0.0,0.0,0.0
2015,8,12,3,VX,24,N626VA,SFO,JFK,1320,1318.0,-2.0,13.0,1331.0,340.0,336.0,308.0,2586,2139.0,15.0,2200,2154.0,-6.0,0,0,,0.0,0.0,0.0,0.0,0.0,2015-08-12,0,0.0,0.0,0.0,0.0,0.0
2015,8,7,5,UA,779,N589UA,LAX,JFK,1018,1022.0,4.0,13.0,1035.0,342.0,307.0,284.0,2475,1819.0,10.0,1900,1829.0,-31.0,0,0,,0.0,0.0,0.0,0.0,0.0,2015-08-07,0,0.0,0.0,0.0,0.0,0.0
2015,7,29,3,EV,5924,N14204,MDT,ORD,1022,1024.0,2.0,11.0,1035.0,115.0,110.0,89.0,594,1104.0,10.0,1117,1114.0,-3.0,0,0,,0.0,0.0,0.0,0.0,0.0,2015-07-29,0,0.0,0.0,0.0,0.0,0.0
2015,8,10,1,HA,56,N383HA,OGG,LAX,2140,2141.0,1.0,9.0,2150.0,310.0,283.0,269.0,2486,519.0,5.0,550,524.0,-26.0,0,0,,0.0,0.0,0.0,0.0,0.0,2015-08-10,0,0.0,0.0,0.0,0.0,0.0
2015,8,21,5,DL,1800,N902DA,ATL,BOS,1625,1639.0,14.0,24.0,1703.0,170.0,153.0,120.0,946,1903.0,9.0,1915,1912.0,-3.0,0,0,,0.0,0.0,0.0,0.0,0.0,2015-08-21,0,0.0,0.0,0.0,0.0,0.0
2015,8,10,1,MQ,3479,N855MQ,MLI,ORD,959,959.0,0.0,11.0,1010.0,58.0,57.0,37.0,139,1047.0,9.0,1057,1056.0,-1.0,0,0,,0.0,0.0,0.0,0.0,0.0,2015-08-10,0,0.0,0.0,0.0,0.0,0.0
2015,8,18,2,EV,5531,N135EV,ATL,HSV,856,932.0,36.0,14.0,946.0,55.0,48.0,30.0,151,916.0,4.0,851,920.0,29.0,0,0,,0.0,0.0,29.0,0.0,0.0,2015-08-18,1,0.0,0.0,80.56,0.0,0.0
2015,8,1,6,DL,89,N368NW,SAN,SLC,1300,1307.0,7.0,18.0,1325.0,110.0,108.0,85.0,626,1550.0,5.0,1550,1555.0,5.0,0,0,,0.0,0.0,0.0,0.0,0.0,2015-08-01,0,0.0,0.0,0.0,0.0,0.0
2015,7,27,1,DL,653,N970AT,ATL,EWR,1120,1118.0,-2.0,15.0,1133.0,137.0,125.0,106.0,746,1319.0,4.0,1337,1323.0,-14.0,0,0,,0.0,0.0,0.0,0.0,0.0,2015-07-27,0,0.0,0.0,0.0,0.0,0.0
2015,8,10,1,AA,1705,N705UW,PHL,PIT,1615,1611.0,-4.0,36.0,1647.0,81.0,87.0,48.0,268,1735.0,3.0,1736,1738.0,2.0,0,0,,0.0,0.0,0.0,0.0,0.0,2015-08-10,0,0.0,0.0,0.0,0.0,0.0
2015,8,30,7,DL,1765,N902DE,ATL,RSW,1220,1218.0,-2.0,10.0,1228.0,101.0,89.0,75.0,515,1343.0,4.0,1401,1347.0,-14.0,0,0,,0.0,0.0,0.0,0.0,0.0,2015-08-30,0,0.0,0.0,0.0,0.0,0.0
2015,8,22,6,WN,1533,N652SW,BWI,STL,1455,1454.0,-1.0,9.0,1503.0,130.0,122.0,109.0,738,1552.0,4.0,1605,1556.0,-9.0,0,0,,0.0,0.0,0.0,0.0,0.0,2015-08-22,0,0.0,0.0,0.0,0.0,0.0
2015,7,27,1,AA,1469,N4XVAA,DFW,DAY,710,704.0,-6.0,11.0,715.0,145.0,134.0,119.0,861,1014.0,4.0,1035,1018.0,-17.0,0,0,,0.0,0.0,0.0,0.0,0.0,2015-07-27,0,0.0,0.0,0.0,0.0,0.0
2015,8,29,6,HA,101,N480HA,ITO,HNL,621,725.0,64.0,8.0,733.0,49.0,49.0,34.0,216,807.0,7.0,710,814.0,64.0,0,0,,0.0,0.0,64.0,0.0,0.0,2015-08-29,1,0.0,0.0,100.0,0.0,0.0
2015,8,4,2,MQ,3073,N506MQ,MDT,ORD,802,751.0,-11.0,9.0,800.0,123.0,109.0,93.0,594,833.0,7.0,905,840.0,-25.0,0,0,,0.0,0.0,0.0,0.0,0.0,2015-08-04,0,0.0,0.0,0.0,0.0,0.0
2015,8,18,2,WN,16,N643SW,ATL,DTW,1525,1534.0,9.0,14.0,1548.0,120.0,107.0,87.0,594,1715.0,6.0,1725,1721.0,-4.0,0,0,,0.0,0.0,0.0,0.0,0.0,2015-08-18,0,0.0,0.0,0.0,0.0,0.0
2015,8,6,4,AA,1646,N3ALAA,TUL,DFW,1749,1744.0,-5.0,12.0,1756.0,70.0,59.0,41.0,237,1837.0,6.0,1859,1843.0,-16.0,0,0,,0.0,0.0,0.0,0.0,0.0,2015-08-06,0,0.0,0.0,0.0,0.0,0.0
2015,8,22,6,OO,5565,N954SW,CID,DEN,1628,1618.0,-10.0,13.0,1631.0,134.0,132.0,114.0,692,1725.0,5.0,1742,1730.0,-12.0,0,0,,0.0,0.0,0.0,0.0,0.0,2015-08-22,0,0.0,0.0,0.0,0.0,0.0
2015,8,5,3,EV,5222,N712EV,CLE,DTW,1015,1014.0,-1.0,13.0,1027.0,47.0,45.0,27.0,95,1054.0,5.0,1102,1059.0,-3.0,0,0,,0.0,0.0,0.0,0.0,0.0,2015-08-05,0,0.0,0.0,0.0,0.0,0.0
2015,7,22,3,AA,1464,N481AA,DFW,TUL,1959,2017.0,18.0,17.0,2034.0,66.0,62.0,42.0,237,2116.0,3.0,2105,2119.0,14.0,0,0,,0.0,0.0,0.0,0.0,0.0,2015-07-22,1,0.0,0.0,0.0,0.0,0.0
2015,7,31,5,WN,539,N267WN,IAD,DEN,1920,1916.0,-4.0,10.0,1926.0,245.0,236.0,215.0,1452,2101.0,11.0,2125,2112.0,-13.0,0,0,,0.0,0.0,0.0,0.0,0.0,2015-07-31,0,0.0,0.0,0.0,0.0,0.0
2015,7,31,5,AA,400,N835AW,BWI,PHX,710,714.0,4.0,19.0,733.0,299.0,296.0,270.0,1999,903.0,7.0,909,910.0,1.0,0,0,,0.0,0.0,0.0,0.0,0.0,2015-07-31,0,0.0,0.0,0.0,0.0,0.0
2015,8,9,7,WN,525,N7751A,SJC,SNA,1020,1018.0,-2.0,7.0,1025.0,75.0,74.0,63.0,342,1128.0,4.0,1135,1132.0,-3.0,0,0,,0.0,0.0,0.0,0.0,0.0,2015-08-09,0,0.0,0.0,0.0,0.0,0.0
2015,8,1,6,WN,4267,N554WN,MHT,TPA,1435,1609.0,94.0,20.0,1629.0,190.0,206.0,178.0,1204,1927.0,8.0,1745,1935.0,110.0,0,0,,16.0,0.0,0.0,24.0,70.0,2015-08-01,1,17.02,0.0,0.0,25.53,74.47
2015,8,25,2,AA,1359,N3BMAA,DCA,ORD,1020,1021.0,1.0,17.0,1038.0,121.0,120.0,96.0,612,1114.0,7.0,1121,1121.0,0.0,0,0,,0.0,0.0,0.0,0.0,0.0,2015-08-25,0,0.0,0.0,0.0,0.0,0.0
2015,8,6,4,WN,537,N725SW,LAS,SFO,2205,2231.0,26.0,26.0,2257.0,90.0,99.0,65.0,414,2.0,8.0,2335,10.0,35.0,0,0,,9.0,0.0,9.0,17.0,0.0,2015-08-06,1,34.62,0.0,34.62,65.38,0.0
2015,8,15,6,DL,2197,N961DL,CMH,ATL,600,557.0,-3.0,9.0,606.0,90.0,85.0,68.0,447,714.0,8.0,730,722.0,-8.0,0,0,,0.0,0.0,0.0,0.0,0.0,2015-08-15,0,0.0,0.0,0.0,0.0,0.0
2015,8,3,1,DL,1573,N959AT,ATL,CAE,2200,2158.0,-2.0,14.0,2212.0,60.0,54.0,33.0,192,2245.0,7.0,2300,2252.0,-8.0,0,0,,0.0,0.0,0.0,0.0,0.0,2015-08-03,0,0.0,0.0,0.0,0.0,0.0
2015,8,14,5,OO,4833,N689CA,LAX,SJC,610,610.0,0.0,29.0,639.0,79.0,83.0,50.0,308,729.0,4.0,729,733.0,4.0,0,0,,0.0,0.0,0.0,0.0,0.0,2015-08-14,0,0.0,0.0,0.0,0.0,0.0
2015,8,28,5,WN,1806,N609SW,DEN,MSP,1200,1201.0,1.0,10.0,1211.0,115.0,104.0,90.0,680,1441.0,4.0,1455,1445.0,-10.0,0,0,,0.0,0.0,0.0,0.0,0.0,2015-08-28,0,0.0,0.0,0.0,0.0,0.0
2015,8,6,4,WN,1451,N7738A,BWI,SDF,1400,1539.0,99.0,10.0,1549.0,100.0,93.0,78.0,495,1707.0,5.0,1540,1712.0,92.0,0,0,,0.0,0.0,41.0,51.0,0.0,2015-08-06,1,0.0,0.0,41.41,51.52,0.0
2015,7,24,5,OO,6282,N908SW,MSO,SFO,1355,1355.0,0.0,20.0,1415.0,148.0,147.0,122.0,769,1517.0,5.0,1523,1522.0,-1.0,0,0,,0.0,0.0,0.0,0.0,0.0,2015-07-24,0,0.0,0.0,0.0,0.0,0.0
2015,8,24,1,WN,3233,N456WN,BWI,CLE,925,926.0,1.0,11.0,937.0,75.0,68.0,53.0,314,1030.0,4.0,1040,1034.0,-6.0,0,0,,0.0,0.0,0.0,0.0,0.0,2015-08-24,0,0.0,0.0,0.0,0.0,0.0
2015,7,23,4,WN,862,N8624J,SJC,SEA,2100,2216.0,76.0,11.0,2227.0,115.0,113.0,98.0,697,5.0,4.0,2255,9.0,74.0,0,0,,0.0,0.0,74.0,0.0,0.0,2015-07-23,1,0.0,0.0,97.37,0.0,0.0
2015,8,20,4,EV,4642,N11544,EVV,ORD,1024,1021.0,-3.0,7.0,1028.0,75.0,71.0,57.0,272,1125.0,7.0,1139,1132.0,-7.0,0,0,,0.0,0.0,0.0,0.0,0.0,2015-08-20,0,0.0,0.0,0.0,0.0,0.0
2015,8,27,4,EV,5932,N36915,GSO,ORD,701,654.0,-7.0,11.0,705.0,118.0,109.0,92.0,589,737.0,6.0,759,743.0,-16.0,0,0,,0.0,0.0,0.0,0.0,0.0,2015-08-27,0,0.0,0.0,0.0,0.0,0.0
2015,8,20,4,UA,1754,N78506,SFO,EWR,1317,1351.0,34.0,28.0,1419.0,336.0,372.0,334.0,2565,2253.0,10.0,2153,2303.0,70.0,0,0,,70.0,0.0,0.0,0.0,0.0,2015-08-20,1,205.88,0.0,0.0,0.0,0.0
2015,7,30,4,B6,1012,N509JB,ORD,BOS,1025,1019.0,-6.0,15.0,1034.0,135.0,124.0,103.0,867,1317.0,6.0,1340,1323.0,-17.0,0,0,,0.0,0.0,0.0,0.0,0.0,2015-07-30,0,0.0,0.0,0.0,0.0,0.0
2015,8,19,3,AA,1341,N3GYAA,MIA,SJU,659,656.0,-3.0,17.0,713.0,158.0,153.0,131.0,1045,924.0,5.0,937,929.0,-8.0,0,0,,0.0,0.0,0.0,0.0,0.0,2015-08-19,0,0.0,0.0,0.0,0.0,0.0
2015,8,22,6,OO,4667,N443SW,MSP,FAR,926,924.0,-2.0,10.0,934.0,62.0,62.0,47.0,223,1021.0,5.0,1028,1026.0,-2.0,0,0,,0.0,0.0,0.0,0.0,0.0,2015-08-22,0,0.0,0.0,0.0,0.0,0.0
2015,7,30,4,WN,2881,N708SW,BNA,PNS,830,830.0,0.0,13.0,843.0,75.0,73.0,56.0,391,939.0,4.0,945,943.0,-2.0,0,0,,0.0,0.0,0.0,0.0,0.0,2015-07-30,0,0.0,0.0,0.0,0.0,0.0
2015,8,26,3,WN,596,N8644C,SAN,DEN,1200,1157.0,-3.0,8.0,1205.0,135.0,123.0,109.0,853,1454.0,6.0,1515,1500.0,-15.0,0,0,,0.0,0.0,0.0,0.0,0.0,2015-08-26,0,0.0,0.0,0.0,0.0,0.0
2015,8,28,5,WN,446,N494WN,BDL,LAS,750,1152.0,242.0,12.0,1204.0,335.0,322.0,305.0,2297,1409.0,5.0,1025,1414.0,229.0,0,0,,0.0,0.0,0.0,0.0,229.0,2015-08-28,1,0.0,0.0,0.0,0.0,94.63
2015,8,30,7,AA,1418,N4XDAA,DFW,DTW,1825,1823.0,-2.0,23.0,1846.0,169.0,160.0,127.0,986,2153.0,10.0,2214,2203.0,-11.0,0,0,,0.0,0.0,0.0,0.0,0.0,2015-08-30,0,0.0,0.0,0.0,0.0,0.0
2015,8,7,5,OO,6286,N965SW,SBA,SFO,1048,1121.0,33.0,21.0,1142.0,74.0,70.0,47.0,262,1229.0,2.0,1202,1231.0,29.0,0,0,,0.0,0.0,16.0,13.0,0.0,2015-08-07,1,0.0,0.0,48.48,39.39,0.0
2015,8,20,4,WN,2029,N920WN,MSY,PHX,1610,1628.0,18.0,11.0,1639.0,200.0,186.0,170.0,1300,1729.0,5.0,1730,1734.0,4.0,0,0,,0.0,0.0,0.0,0.0,0.0,2015-08-20,1,0.0,0.0,0.0,0.0,0.0
2015,7,31,5,WN,723,N352SW,BNA,TPA,1435,1450.0,15.0,9.0,1459.0,100.0,100.0,85.0,612,1724.0,6.0,1715,1730.0,15.0,0,0,,0.0,0.0,14.0,1.0,0.0,2015-07-31,0,0.0,0.0,93.33,6.67,0.0
2015,8,7,5,DL,2170,N3764D,SLC,LAX,945,945.0,0.0,19.0,1004.0,125.0,126.0,92.0,590,1036.0,15.0,1050,1051.0,1.0,0,0,,0.0,0.0,0.0,0.0,0.0,2015-08-07,0,0.0,0.0,0.0,0.0,0.0
2015,7,30,4,DL,2226,N803DN,ATL,FLL,800,800.0,0.0,11.0,811.0,105.0,98.0,83.0,581,934.0,4.0,945,938.0,-7.0,0,0,,0.0,0.0,0.0,0.0,0.0,2015-07-30,0,0.0,0.0,0.0,0.0,0.0
2015,8,4,2,UA,1252,N77430,MCO,IAD,1900,2056.0,116.0,15.0,2111.0,140.0,119.0,98.0,758,2249.0,6.0,2120,2255.0,95.0,0,0,,0.0,0.0,0.0,95.0,0.0,2015-08-04,1,0.0,0.0,0.0,81.9,0.0
2015,8,28,5,UA,1197,N57863,SFO,IAH,45,52.0,7.0,11.0,103.0,215.0,216.0,194.0,1635,617.0,11.0,620,628.0,8.0,0,0,,0.0,0.0,0.0,0.0,0.0,2015-08-28,0,0.0,0.0,0.0,0.0,0.0
2015,8,7,5,WN,1529,N763SW,MDW,RDU,1030,1030.0,0.0,12.0,1042.0,105.0,103.0,86.0,632,1308.0,5.0,1315,1313.0,-2.0,0,0,,0.0,0.0,0.0,0.0,0.0,2015-08-07,0,0.0,0.0,0.0,0.0,0.0
2015,8,18,2,MQ,3299,N836MQ,GSO,LGA,1056,1309.0,133.0,16.0,1325.0,96.0,102.0,75.0,461,1440.0,11.0,1232,1451.0,139.0,0,0,,6.0,0.0,0.0,133.0,0.0,2015-08-18,1,4.51,0.0,0.0,100.0,0.0
2015,8,2,7,VX,1916,N854VA,SFO,LAS,1910,1905.0,-5.0,12.0,1917.0,90.0,89.0,66.0,414,2023.0,11.0,2040,2034.0,-6.0,0,0,,0.0,0.0,0.0,0.0,0.0,2015-08-02,0,0.0,0.0,0.0,0.0,0.0
2015,8,11,2,DL,1789,N3761R,ATL,JAX,1746,1746.0,0.0,26.0,1812.0,76.0,72.0,41.0,270,1853.0,5.0,1902,1858.0,-4.0,0,0,,0.0,0.0,0.0,0.0,0.0,2015-08-11,0,0.0,0.0,0.0,0.0,0.0
2015,8,22,6,WN,2015,N285WN,BWI,ISP,1130,1130.0,0.0,19.0,1149.0,65.0,67.0,43.0,220,1232.0,5.0,1235,1237.0,2.0,0,0,,0.0,0.0,0.0,0.0,0.0,2015-08-22,0,0.0,0.0,0.0,0.0,0.0
2015,8,17,1,WN,640,N472WN,BWI,HOU,825,821.0,-4.0,14.0,835.0,200.0,199.0,173.0,1246,1028.0,12.0,1045,1040.0,-5.0,0,0,,0.0,0.0,0.0,0.0,0.0,2015-08-17,0,0.0,0.0,0.0,0.0,0.0
2015,8,28,5,DL,87,N840DN,DTW,SAN,1959,1953.0,-6.0,23.0,2016.0,282.0,269.0,243.0,1956,2119.0,3.0,2141,2122.0,-19.0,0,0,,0.0,0.0,0.0,0.0,0.0,2015-08-28,0,0.0,0.0,0.0,0.0,0.0
2015,8,15,6,F9,935,N941FR,TTN,MSP,1730,1848.0,78.0,14.0,1902.0,163.0,147.0,124.0,989,2006.0,9.0,1913,2015.0,62.0,0,0,,0.0,0.0,13.0,49.0,0.0,2015-08-15,1,0.0,0.0,16.67,62.82,0.0
2015,8,26,3,UA,1154,N69838,BOS,IAD,545,537.0,-8.0,9.0,546.0,96.0,89.0,72.0,413,658.0,8.0,721,706.0,-15.0,0,0,,0.0,0.0,0.0,0.0,0.0,2015-08-26,0,0.0,0.0,0.0,0.0,0.0
2015,8,5,3,OO,6194,N778SK,DEN,DAY,1946,1954.0,8.0,28.0,2022.0,164.0,161.0,128.0,1085,30.0,5.0,30,35.0,5.0,0,0,,0.0,0.0,0.0,0.0,0.0,2015-08-05,0,0.0,0.0,0.0,0.0,0.0
2015,8,4,2,MQ,3671,N638MQ,GRR,ORD,2104,2059.0,-5.0,9.0,2108.0,61.0,51.0,27.0,137,2035.0,15.0,2105,2050.0,-15.0,0,0,,0.0,0.0,0.0,0.0,0.0,2015-08-04,0,0.0,0.0,0.0,0.0,0.0
2015,8,27,4,AA,768,N157UW,MCO,PHL,1410,1448.0,38.0,13.0,1501.0,152.0,131.0,113.0,861,1654.0,5.0,1642,1659.0,17.0,0,0,,0.0,0.0,0.0,0.0,17.0,2015-08-27,1,0.0,0.0,0.0,0.0,44.74
2015,7,28,2,EV,5166,N856AS,BTR,ATL,1005,1000.0,-5.0,13.0,1013.0,88.0,94.0,72.0,448,1225.0,9.0,1233,1234.0,1.0,0,0,,0.0,0.0,0.0,0.0,0.0,2015-07-28,0,0.0,0.0,0.0,0.0,0.0
2015,8,17,1,AA,1724,N950UW,PHL,BOS,715,710.0,-5.0,10.0,720.0,76.0,74.0,58.0,280,818.0,6.0,831,824.0,-7.0,0,0,,0.0,0.0,0.0,0.0,0.0,2015-08-17,0,0.0,0.0,0.0,0.0,0.0
2015,8,26,3,OO,4563,N8965E,FWA,DTW,1557,1548.0,-9.0,28.0,1616.0,56.0,68.0,31.0,128,1647.0,9.0,1653,1656.0,3.0,0,0,,0.0,0.0,0.0,0.0,0.0,2015-08-26,0,0.0,0.0,0.0,0.0,0.0
2015,7,30,4,UA,1117,N63820,MSY,IAH,645,639.0,-6.0,18.0,657.0,73.0,75.0,52.0,305,749.0,5.0,758,754.0,-4.0,0,0,,0.0,0.0,0.0,0.0,0.0,2015-07-30,0,0.0,0.0,0.0,0.0,0.0
2015,8,2,7,EV,4255,N14568,EWR,CHS,1009,1002.0,-7.0,18.0,1020.0,124.0,118.0,95.0,628,1155.0,5.0,1213,1200.0,-13.0,0,0,,0.0,0.0,0.0,0.0,0.0,2015-08-02,0,0.0,0.0,0.0,0.0,0.0
2015,8,26,3,AA,2300,N3MPAA,DFW,DCA,1655,1653.0,-2.0,15.0,1708.0,185.0,169.0,151.0,1192,2039.0,3.0,2100,2042.0,-18.0,0,0,,0.0,0.0,0.0,0.0,0.0,2015-08-26,0,0.0,0.0,0.0,0.0,0.0
2015,7,30,4,AA,1472,N505AA,EWR,ORD,1929,2123.0,114.0,21.0,2144.0,160.0,141.0,114.0,719,2238.0,6.0,2109,2244.0,95.0,0,0,,0.0,0.0,10.0,85.0,0.0,2015-07-30,1,0.0,0.0,8.77,74.56,0.0
2015,8,14,5,NK,469,N608NK,FLL,DFW,745,744.0,-1.0,13.0,757.0,169.0,171.0,151.0,1119,928.0,7.0,934,935.0,1.0,0,0,,0.0,0.0,0.0,0.0,0.0,2015-08-14,0,0.0,0.0,0.0,0.0,0.0
2015,8,16,7,NK,868,N629NK,LAX,DFW,2010,2008.0,-2.0,13.0,2021.0,179.0,172.0,153.0,1235,54.0,6.0,109,100.0,-9.0,0,0,,0.0,0.0,0.0,0.0,0.0,2015-08-16,0,0.0,0.0,0.0,0.0,0.0
2015,7,28,2,AS,631,N551AS,PHX,SEA,600,548.0,-12.0,13.0,601.0,164.0,167.0,146.0,1107,827.0,8.0,844,835.0,-9.0,0,0,,0.0,0.0,0.0,0.0,0.0,2015-07-28,0,0.0,0.0,0.0,0.0,0.0
2015,8,15,6,EV,4676,N26141,EWR,BNA,854,851.0,-3.0,33.0,924.0,145.0,150.0,107.0,748,1011.0,10.0,1019,1021.0,2.0,0,0,,0.0,0.0,0.0,0.0,0.0,2015-08-15,0,0.0,0.0,0.0,0.0,0.0
2015,7,23,4,UA,682,N407UA,DEN,ORD,800,753.0,-7.0,11.0,804.0,148.0,130.0,111.0,888,1055.0,8.0,1128,1103.0,-25.0,0,0,,0.0,0.0,0.0,0.0,0.0,2015-07-23,0,0.0,0.0,0.0,0.0,0.0
2015,8,15,6,F9,1016,N920FR,TPA,PHL,1900,2056.0,116.0,8.0,2104.0,150.0,135.0,118.0,920,2302.0,9.0,2130,2311.0,101.0,0,0,,14.0,0.0,0.0,87.0,0.0,2015-08-15,1,12.07,0.0,0.0,75.0,0.0
2015,8,3,1,MQ,3128,N692MQ,ORD,CVG,1833,1834.0,1.0,21.0,1855.0,84.0,68.0,42.0,265,2037.0,5.0,2057,2042.0,-15.0,0,0,,0.0,0.0,0.0,0.0,0.0,2015-08-03,0,0.0,0.0,0.0,0.0,0.0
2015,7,31,5,DL,1283,N819DN,MSP,LAX,2132,2132.0,0.0,11.0,2143.0,238.0,249.0,193.0,1535,2256.0,45.0,2330,2341.0,11.0,0,0,,0.0,0.0,0.0,0.0,0.0,2015-07-31,0,0.0,0.0,0.0,0.0,0.0
2015,7,26,7,DL,1593,N815DN,MSP,SFO,1430,1429.0,-1.0,14.0,1443.0,234.0,231.0,213.0,1589,1616.0,4.0,1624,1620.0,-4.0,0,0,,0.0,0.0,0.0,0.0,0.0,2015-07-26,0,0.0,0.0,0.0,0.0,0.0
2015,8,12,3,AS,45,N762AS,ANC,BET,1915,1909.0,-6.0,10.0,1919.0,70.0,72.0,59.0,399,2018.0,3.0,2025,2021.0,-4.0,0,0,,0.0,0.0,0.0,0.0,0.0,2015-08-12,0,0.0,0.0,0.0,0.0,0.0
2015,7,29,3,B6,263,N562JB,JFK,SEA,1736,1816.0,40.0,31.0,1847.0,383.0,375.0,337.0,2422,2124.0,7.0,2059,2131.0,32.0,0,0,,0.0,0.0,10.0,22.0,0.0,2015-07-29,1,0.0,0.0,25.0,55.0,0.0
2015,8,3,1,UA,1626,N24202,LAS,EWR,2341,2338.0,-3.0,13.0,2351.0,290.0,285.0,264.0,2227,715.0,8.0,731,723.0,-8.0,0,0,,0.0,0.0,0.0,0.0,0.0,2015-08-03,0,0.0,0.0,0.0,0.0,0.0
2015,7,24,5,WN,962,N965WN,PDX,DAL,1340,1340.0,0.0,10.0,1350.0,220.0,221.0,202.0,1626,1912.0,9.0,1920,1921.0,1.0,0,0,,0.0,0.0,0.0,0.0,0.0,2015-07-24,0,0.0,0.0,0.0,0.0,0.0
2015,7,23,4,DL,1192,N938AT,ATL,MYR,955,953.0,-2.0,22.0,1015.0,76.0,73.0,48.0,317,1103.0,3.0,1111,1106.0,-5.0,0,0,,0.0,0.0,0.0,0.0,0.0,2015-07-23,0,0.0,0.0,0.0,0.0,0.0
2015,8,23,7,WN,1621,N782SA,SNA,SJC,2105,2105.0,0.0,8.0,2113.0,70.0,66.0,54.0,342,2207.0,4.0,2215,2211.0,-4.0,0,0,,0.0,0.0,0.0,0.0,0.0,2015-08-23,0,0.0,0.0,0.0,0.0,0.0
2015,8,8,6,AA,1582,N565AA,DFW,CLE,2010,2006.0,-4.0,10.0,2016.0,166.0,138.0,125.0,1021,2321.0,3.0,2356,2324.0,-32.0,0,0,,0.0,0.0,0.0,0.0,0.0,2015-08-08,0,0.0,0.0,0.0,0.0,0.0
2015,8,9,7,F9,262,N951FR,SNA,DEN,1230,1228.0,-2.0,8.0,1236.0,133.0,120.0,106.0,846,1522.0,6.0,1543,1528.0,-15.0,0,0,,0.0,0.0,0.0,0.0,0.0,2015-08-09,0,0.0,0.0,0.0,0.0,0.0
2015,8,23,7,AA,943,N5CKAA,MIA,STT,1055,1048.0,-7.0,14.0,1102.0,165.0,164.0,145.0,1107,1327.0,5.0,1340,1332.0,-8.0,0,0,,0.0,0.0,0.0,0.0,0.0,2015-08-23,0,0.0,0.0,0.0,0.0,0.0
2015,8,24,1,AA,799,N942UW,PHL,MCO,1600,1616.0,16.0,33.0,1649.0,158.0,165.0,122.0,861,1851.0,10.0,1838,1901.0,23.0,0,0,,7.0,0.0,16.0,0.0,0.0,2015-08-24,1,43.75,0.0,100.0,0.0,0.0
2015,8,8,6,EV,4374,N11199,EWR,ROC,835,831.0,-4.0,21.0,852.0,85.0,69.0,41.0,246,933.0,7.0,1000,940.0,-20.0,0,0,,0.0,0.0,0.0,0.0,0.0,2015-08-08,0,0.0,0.0,0.0,0.0,0.0
2015,8,22,6,EV,4901,N605QX,MSP,CLE,1726,1721.0,-5.0,21.0,1742.0,111.0,107.0,80.0,622,2002.0,6.0,2017,2008.0,-9.0,0,0,,0.0,0.0,0.0,0.0,0.0,2015-08-22,0,0.0,0.0,0.0,0.0,0.0
2015,7,30,4,AA,151,N3DVAA,DEN,ORD,1730,1727.0,-3.0,14.0,1741.0,150.0,157.0,107.0,888,2028.0,36.0,2100,2104.0,4.0,0,0,,0.0,0.0,0.0,0.0,0.0,2015-07-30,0,0.0,0.0,0.0,0.0,0.0
2015,8,5,3,AA,2055,N578UW,MIA,CLT,1130,1127.0,-3.0,14.0,1141.0,128.0,135.0,100.0,650,1321.0,21.0,1338,1342.0,4.0,0,0,,0.0,0.0,0.0,0.0,0.0,2015-08-05,0,0.0,0.0,0.0,0.0,0.0
2015,7,26,7,WN,4634,N205WN,BUF,PHX,750,749.0,-1.0,8.0,757.0,280.0,268.0,253.0,1912,910.0,7.0,930,917.0,-13.0,0,0,,0.0,0.0,0.0,0.0,0.0,2015-07-26,0,0.0,0.0,0.0,0.0,0.0
2015,8,25,2,WN,1218,N274WN,LIT,DAL,700,657.0,-3.0,12.0,709.0,70.0,78.0,45.0,296,754.0,21.0,810,815.0,5.0,0,0,,0.0,0.0,0.0,0.0,0.0,2015-08-25,0,0.0,0.0,0.0,0.0,0.0
2015,7,24,5,DL,1691,N314NB,DTW,MSN,1542,1538.0,-4.0,18.0,1556.0,76.0,67.0,47.0,311,1543.0,2.0,1558,1545.0,-13.0,0,0,,0.0,0.0,0.0,0.0,0.0,2015-07-24,0,0.0,0.0,0.0,0.0,0.0
2015,8,12,3,HA,291,N481HA,ITO,HNL,1500,1459.0,-1.0,8.0,1507.0,52.0,51.0,37.0,216,1544.0,6.0,1552,1550.0,-2.0,0,0,,0.0,0.0,0.0,0.0,0.0,2015-08-12,0,0.0,0.0,0.0,0.0,0.0
2015,7,23,4,DL,1768,N623DL,ATL,FLL,2309,2311.0,2.0,13.0,2324.0,107.0,102.0,83.0,581,47.0,6.0,56,53.0,-3.0,0,0,,0.0,0.0,0.0,0.0,0.0,2015-07-23,0,0.0,0.0,0.0,0.0,0.0
2015,7,30,4,AA,2368,N4UBAA,DEN,ORD,1216,1220.0,4.0,13.0,1233.0,149.0,134.0,104.0,888,1517.0,17.0,1545,1534.0,-11.0,0,0,,0.0,0.0,0.0,0.0,0.0,2015-07-30,0,0.0,0.0,0.0,0.0,0.0
2015,8,26,3,EV,5917,N13979,JAN,ORD,732,726.0,-6.0,13.0,739.0,140.0,130.0,111.0,677,930.0,6.0,952,936.0,-16.0,0,0,,0.0,0.0,0.0,0.0,0.0,2015-08-26,0,0.0,0.0,0.0,0.0,0.0
2015,8,29,6,DL,707,N331NB,SLC,SAN,1415,1410.0,-5.0,10.0,1420.0,115.0,101.0,88.0,626,1448.0,3.0,1510,1451.0,-19.0,0,0,,0.0,0.0,0.0,0.0,0.0,2015-08-29,0,0.0,0.0,0.0,0.0,0.0
2015,8,18,2,VX,913,N836VA,LAS,SFO,1445,1444.0,-1.0,12.0,1456.0,95.0,88.0,70.0,414,1606.0,6.0,1620,1612.0,-8.0,0,0,,0.0,0.0,0.0,0.0,0.0,2015-08-18,0,0.0,0.0,0.0,0.0,0.0
2015,8,13,4,OO,7420,N460SW,IMT,MSP,1303,1258.0,-5.0,13.0,1311.0,79.0,64.0,44.0,257,1355.0,7.0,1422,1402.0,-20.0,0,0,,0.0,0.0,0.0,0.0,0.0,2015-08-13,0,0.0,0.0,0.0,0.0,0.0
2015,8,8,6,OO,5196,N110SY,SFO,SAN,1245,1243.0,-2.0,18.0,1301.0,97.0,93.0,72.0,447,1413.0,3.0,1422,1416.0,-6.0,0,0,,0.0,0.0,0.0,0.0,0.0,2015-08-08,0,0.0,0.0,0.0,0.0,0.0
2015,7,31,5,UA,1451,N75432,IAH,FLL,1307,1909.0,362.0,10.0,1919.0,158.0,137.0,123.0,966,2222.0,4.0,1645,2226.0,341.0,0,0,,0.0,0.0,341.0,0.0,0.0,2015-07-31,1,0.0,0.0,94.2,0.0,0.0
2015,8,16,7,DL,2204,N6705Y,LAX,SLC,1310,1317.0,7.0,27.0,1344.0,110.0,107.0,77.0,590,1601.0,3.0,1600,1604.0,4.0,0,0,,0.0,0.0,0.0,0.0,0.0,2015-08-16,0,0.0,0.0,0.0,0.0,0.0
2015,8,1,6,EV,4925,N391CA,DTW,MDT,1544,1553.0,9.0,12.0,1605.0,84.0,72.0,56.0,371,1701.0,4.0,1708,1705.0,-3.0,0,0,,0.0,0.0,0.0,0.0,0.0,2015-08-01,0,0.0,0.0,0.0,0.0,0.0
2015,8,13,4,AA,1788,N558UW,CLT,ORD,2220,2213.0,-7.0,22.0,2235.0,123.0,113.0,84.0,599,2259.0,7.0,2323,2306.0,-17.0,0,0,,0.0,0.0,0.0,0.0,0.0,2015-08-13,0,0.0,0.0,0.0,0.0,0.0
2015,8,11,2,HA,206,N492HA,HNL,OGG,505,500.0,-5.0,8.0,508.0,36.0,36.0,21.0,100,529.0,7.0,541,536.0,-5.0,0,0,,0.0,0.0,0.0,0.0,0.0,2015-08-11,0,0.0,0.0,0.0,0.0,0.0
2015,8,1,6,DL,2639,N965DN,SJC,MSP,630,625.0,-5.0,25.0,650.0,220.0,219.0,190.0,1576,1200.0,4.0,1210,1204.0,-6.0,0,0,,0.0,0.0,0.0,0.0,0.0,2015-08-01,0,0.0,0.0,0.0,0.0,0.0
2015,8,11,2,WN,2839,N914WN,PVD,MCO,610,607.0,-3.0,21.0,628.0,175.0,177.0,151.0,1072,859.0,5.0,905,904.0,-1.0,0,0,,0.0,0.0,0.0,0.0,0.0,2015-08-11,0,0.0,0.0,0.0,0.0,0.0
2015,8,20,4,MQ,3325,N905MQ,ORD,TUL,1705,1731.0,26.0,12.0,1743.0,129.0,106.0,91.0,585,1914.0,3.0,1914,1917.0,3.0,0,0,,0.0,0.0,0.0,0.0,0.0,2015-08-20,1,0.0,0.0,0.0,0.0,0.0
2015,8,21,5,OO,2867,N862AS,LAX,SAN,1020,1143.0,83.0,37.0,1220.0,59.0,66.0,25.0,109,1245.0,4.0,1119,1249.0,90.0,0,0,,7.0,0.0,24.0,59.0,0.0,2015-08-21,1,8.43,0.0,28.92,71.08,0.0
2015,8,8,6,NK,858,N608NK,SAN,IAH,800,755.0,-5.0,14.0,809.0,186.0,193.0,168.0,1303,1257.0,11.0,1306,1308.0,2.0,0,0,,0.0,0.0,0.0,0.0,0.0,2015-08-08,0,0.0,0.0,0.0,0.0,0.0
2015,8,22,6,AA,291,N3GWAA,JFK,MCO,1455,1458.0,3.0,16.0,1514.0,191.0,184.0,134.0,944,1728.0,34.0,1806,1802.0,-4.0,0,0,,0.0,0.0,0.0,0.0,0.0,2015-08-22,0,0.0,0.0,0.0,0.0,0.0
2015,8,26,3,AA,555,N658AW,RSW,PHL,1359,1408.0,9.0,10.0,1418.0,161.0,143.0,127.0,993,1625.0,6.0,1640,1631.0,-9.0,0,0,,0.0,0.0,0.0,0.0,0.0,2015-08-26,0,0.0,0.0,0.0,0.0,0.0
2015,8,20,4,AS,686,N317AS,PDX,ORD,1030,1024.0,-6.0,16.0,1040.0,236.0,241.0,205.0,1739,1605.0,20.0,1626,1625.0,-1.0,0,0,,0.0,0.0,0.0,0.0,0.0,2015-08-20,0,0.0,0.0,0.0,0.0,0.0
2015,8,30,7,DL,1052,N925DN,MKE,ATL,1355,1350.0,-5.0,14.0,1404.0,121.0,117.0,92.0,669,1636.0,11.0,1656,1647.0,-9.0,0,0,,0.0,0.0,0.0,0.0,0.0,2015-08-30,0,0.0,0.0,0.0,0.0,0.0
2015,8,24,1,WN,2919,N293WN,BNA,BWI,830,826.0,-4.0,8.0,834.0,100.0,87.0,76.0,587,1050.0,3.0,1110,1053.0,-17.0,0,0,,0.0,0.0,0.0,0.0,0.0,2015-08-24,0,0.0,0.0,0.0,0.0,0.0
2015,8,27,4,DL,1911,N3733Z,ATL,COS,1815,2008.0,113.0,14.0,2022.0,192.0,175.0,156.0,1184,2058.0,5.0,1927,2103.0,96.0,0,0,,0.0,0.0,96.0,0.0,0.0,2015-08-27,1,0.0,0.0,84.96,0.0,0.0
2015,7,28,2,WN,31,N717SA,CMH,MDW,915,911.0,-4.0,10.0,921.0,70.0,61.0,49.0,283,910.0,2.0,925,912.0,-13.0,0,0,,0.0,0.0,0.0,0.0,0.0,2015-07-28,0,0.0,0.0,0.0,0.0,0.0
2015,7,24,5,AS,75,N506AS,SEA,JNU,1145,1156.0,11.0,24.0,1220.0,142.0,148.0,120.0,909,1320.0,4.0,1307,1324.0,17.0,0,0,,6.0,0.0,0.0,11.0,0.0,2015-07-24,0,54.55,0.0,0.0,100.0,0.0
2015,8,23,7,AS,73,N703AS,SIT,JNU,600,551.0,-9.0,11.0,602.0,36.0,37.0,22.0,95,624.0,4.0,636,628.0,-8.0,0,0,,0.0,0.0,0.0,0.0,0.0,2015-08-23,0,0.0,0.0,0.0,0.0,0.0
2015,8,4,2,WN,1695,N905WN,LGA,DAL,1030,1025.0,-5.0,30.0,1055.0,235.0,223.0,189.0,1381,1304.0,4.0,1325,1308.0,-17.0,0,0,,0.0,0.0,0.0,0.0,0.0,2015-08-04,0,0.0,0.0,0.0,0.0,0.0
2015,8,13,4,B6,1290,N554JB,SJU,EWR,1908,1924.0,16.0,12.0,1936.0,240.0,240.0,218.0,1608,2314.0,10.0,2308,2324.0,16.0,0,0,,16.0,0.0,0.0,0.0,0.0,2015-08-13,1,100.0,0.0,0.0,0.0,0.0
2015,8,7,5,EV,4213,N14993,HPN,ORD,1200,1157.0,-3.0,10.0,1207.0,150.0,126.0,110.0,738,1257.0,6.0,1330,1303.0,-27.0,0,0,,0.0,0.0,0.0,0.0,0.0,2015-08-07,0,0.0,0.0,0.0,0.0,0.0
2015,7,31,5,B6,96,N598JB,PDX,BOS,2358,31.0,33.0,14.0,45.0,311.0,293.0,272.0,2537,817.0,7.0,809,824.0,15.0,0,0,,0.0,0.0,0.0,15.0,0.0,2015-07-31,1,0.0,0.0,0.0,45.45,0.0
2015,7,28,2,WN,585,N663SW,LAS,LAX,2225,2239.0,14.0,10.0,2249.0,65.0,68.0,39.0,236,2328.0,19.0,2330,2347.0,17.0,0,0,,3.0,0.0,14.0,0.0,0.0,2015-07-28,0,21.43,0.0,100.0,0.0,0.0
2015,8,13,4,EV,4625,N17196,ORD,MHT,1331,1405.0,34.0,29.0,1434.0,137.0,145.0,112.0,843,1726.0,4.0,1648,1730.0,42.0,0,0,,42.0,0.0,0.0,0.0,0.0,2015-08-13,1,123.53,0.0,0.0,0.0,0.0
2015,8,28,5,AA,851,N926UW,MCO,PHL,1459,1507.0,8.0,10.0,1517.0,152.0,173.0,121.0,861,1718.0,42.0,1731,1800.0,29.0,0,0,,21.0,0.0,8.0,0.0,0.0,2015-08-28,0,262.5,0.0,100.0,0.0,0.0
2015,8,27,4,WN,35,N7816B,TPA,STL,1040,1041.0,1.0,11.0,1052.0,140.0,129.0,115.0,869,1147.0,3.0,1200,1150.0,-10.0,0,0,,0.0,0.0,0.0,0.0,0.0,2015-08-27,0,0.0,0.0,0.0,0.0,0.0
2015,8,6,4,OO,5168,N984CA,DEN,LIT,1945,2003.0,18.0,24.0,2027.0,126.0,127.0,95.0,771,2302.0,8.0,2251,2310.0,19.0,0,0,,1.0,0.0,17.0,1.0,0.0,2015-08-06,1,5.56,0.0,94.44,5.56,0.0
2015,8,8,6,MQ,3419,N854MQ,ORD,RST,1710,1708.0,-2.0,15.0,1723.0,86.0,64.0,47.0,268,1810.0,2.0,1836,1812.0,-24.0,0,0,,0.0,0.0,0.0,0.0,0.0,2015-08-08,0,0.0,0.0,0.0,0.0,0.0
2015,8,9,7,WN,256,N763SW,STL,ATL,1845,1845.0,0.0,8.0,1853.0,95.0,91.0,65.0,484,2058.0,18.0,2120,2116.0,-4.0,0,0,,0.0,0.0,0.0,0.0,0.0,2015-08-09,0,0.0,0.0,0.0,0.0,0.0
2015,8,4,2,AA,1201,N4YFAA,FAT,DFW,600,557.0,-3.0,8.0,605.0,193.0,175.0,158.0,1313,1043.0,9.0,1113,1052.0,-21.0,0,0,,0.0,0.0,0.0,0.0,0.0,2015-08-04,0,0.0,0.0,0.0,0.0,0.0
2015,8,9,7,UA,338,N427UA,FLL,DEN,1548,1723.0,95.0,10.0,1733.0,255.0,232.0,216.0,1703,1909.0,6.0,1803,1915.0,72.0,0,0,,0.0,0.0,8.0,64.0,0.0,2015-08-09,1,0.0,0.0,8.42,67.37,0.0
2015,8,28,5,B6,2170,N729JB,FLL,BOS,1043,1043.0,0.0,12.0,1055.0,191.0,168.0,151.0,1237,1326.0,5.0,1354,1331.0,-23.0,0,0,,0.0,0.0,0.0,0.0,0.0,2015-08-28,0,0.0,0.0,0.0,0.0,0.0
2015,7,27,1,DL,1682,N326NB,SLC,BOI,845,842.0,-3.0,19.0,901.0,70.0,66.0,44.0,290,945.0,3.0,955,948.0,-7.0,0,0,,0.0,0.0,0.0,0.0,0.0,2015-07-27,0,0.0,0.0,0.0,0.0,0.0
2015,7,30,4,WN,3385,N8615E,DEN,SMF,1145,1148.0,3.0,10.0,1158.0,155.0,141.0,125.0,909,1303.0,6.0,1320,1309.0,-11.0,0,0,,0.0,0.0,0.0,0.0,0.0,2015-07-30,0,0.0,0.0,0.0,0.0,0.0
2015,8,4,2,WN,590,N958WN,MDW,CMH,2225,2239.0,14.0,6.0,2245.0,65.0,50.0,41.0,283,26.0,3.0,30,29.0,-1.0,0,0,,0.0,0.0,0.0,0.0,0.0,2015-08-04,0,0.0,0.0,0.0,0.0,0.0
2015,8,12,3,WN,261,N687SW,MCI,STL,1740,1740.0,0.0,9.0,1749.0,55.0,53.0,39.0,237,1828.0,5.0,1835,1833.0,-2.0,0,0,,0.0,0.0,0.0,0.0,0.0,2015-08-12,0,0.0,0.0,0.0,0.0,0.0
2015,7,29,3,WN,2796,N433LV,BWI,CLE,925,927.0,2.0,12.0,939.0,70.0,68.0,52.0,314,1031.0,4.0,1035,1035.0,0.0,0,0,,0.0,0.0,0.0,0.0,0.0,2015-07-29,0,0.0,0.0,0.0,0.0,0.0
2015,7,29,3,AA,183,N3FVAA,LAS,LAX,700,719.0,19.0,23.0,742.0,76.0,95.0,42.0,236,824.0,30.0,816,854.0,38.0,0,0,,38.0,0.0,0.0,0.0,0.0,2015-07-29,1,200.0,0.0,0.0,0.0,0.0
2015,8,18,2,UA,766,N588UA,JFK,SFO,1200,1154.0,-6.0,19.0,1213.0,379.0,365.0,327.0,2586,1440.0,19.0,1519,1459.0,-20.0,0,0,,0.0,0.0,0.0,0.0,0.0,2015-08-18,0,0.0,0.0,0.0,0.0,0.0
2015,8,2,7,WN,193,N7821L,TPA,BUF,2050,2050.0,0.0,18.0,2108.0,160.0,160.0,139.0,1053,2327.0,3.0,2330,2330.0,0.0,0,0,,0.0,0.0,0.0,0.0,0.0,2015-08-02,0,0.0,0.0,0.0,0.0,0.0
2015,8,9,7,AA,1235,N4WMAA,DFW,DSM,1150,1144.0,-6.0,13.0,1157.0,118.0,99.0,83.0,624,1320.0,3.0,1348,1323.0,-25.0,0,0,,0.0,0.0,0.0,0.0,0.0,2015-08-09,0,0.0,0.0,0.0,0.0,0.0
2015,8,15,6,WN,3522,N8621A,BNA,LAS,1440,1444.0,4.0,9.0,1453.0,240.0,219.0,197.0,1587,1610.0,13.0,1640,1623.0,-17.0,0,0,,0.0,0.0,0.0,0.0,0.0,2015-08-15,0,0.0,0.0,0.0,0.0,0.0
2015,7,30,4,AA,1149,N3JFAA,ORD,RNO,1059,1055.0,-4.0,11.0,1106.0,252.0,249.0,235.0,1671,1301.0,3.0,1311,1304.0,-7.0,0,0,,0.0,0.0,0.0,0.0,0.0,2015-07-30,0,0.0,0.0,0.0,0.0,0.0
2015,7,28,2,EV,5313,N916EV,EWN,ATL,600,555.0,-5.0,10.0,605.0,86.0,83.0,67.0,433,712.0,6.0,726,718.0,-8.0,0,0,,0.0,0.0,0.0,0.0,0.0,2015-07-28,0,0.0,0.0,0.0,0.0,0.0
2015,8,3,1,WN,1149,N468WN,HOU,CLT,2045,2230.0,105.0,5.0,2235.0,145.0,123.0,114.0,920,129.0,4.0,10,133.0,83.0,0,0,,5.0,0.0,0.0,78.0,0.0,2015-08-03,1,4.76,0.0,0.0,74.29,0.0
2015,7,26,7,WN,2060,N288WN,EWR,MSY,730,725.0,-5.0,40.0,805.0,185.0,192.0,148.0,1167,933.0,4.0,935,937.0,2.0,0,0,,0.0,0.0,0.0,0.0,0.0,2015-07-26,0,0.0,0.0,0.0,0.0,0.0
2015,7,24,5,WN,1105,N728SW,SNA,LAS,745,740.0,-5.0,10.0,750.0,70.0,60.0,46.0,226,836.0,4.0,855,840.0,-15.0,0,0,,0.0,0.0,0.0,0.0,0.0,2015-07-24,0,0.0,0.0,0.0,0.0,0.0
2015,7,26,7,MQ,3620,N692MQ,CVG,JFK,1240,1328.0,48.0,9.0,1337.0,128.0,109.0,94.0,589,1511.0,6.0,1448,1517.0,29.0,0,0,,0.0,0.0,29.0,0.0,0.0,2015-07-26,1,0.0,0.0,60.42,0.0,0.0
2015,8,12,3,EV,5082,N538CA,BMI,ATL,1141,1147.0,6.0,9.0,1156.0,93.0,93.0,76.0,533,1412.0,8.0,1414,1420.0,6.0,0,0,,0.0,0.0,0.0,0.0,0.0,2015-08-12,0,0.0,0.0,0.0,0.0,0.0
2015,7,28,2,WN,622,N7737E,MSY,DEN,915,912.0,-3.0,8.0,920.0,165.0,151.0,137.0,1062,1037.0,6.0,1100,1043.0,-17.0,0,0,,0.0,0.0,0.0,0.0,0.0,2015-07-28,0,0.0,0.0,0.0,0.0,0.0
2015,8,14,5,DL,2400,N334NB,OMA,ATL,1244,1241.0,-3.0,12.0,1253.0,138.0,121.0,102.0,821,1535.0,7.0,1602,1542.0,-20.0,0,0,,0.0,0.0,0.0,0.0,0.0,2015-08-14,0,0.0,0.0,0.0,0.0,0.0
2015,7,25,6,UA,497,N827UA,SFO,SLC,1235,1231.0,-4.0,23.0,1254.0,120.0,108.0,80.0,599,1514.0,5.0,1535,1519.0,-16.0,0,0,,0.0,0.0,0.0,0.0,0.0,2015-07-25,0,0.0,0.0,0.0,0.0,0.0
2015,7,25,6,AS,515,N644AS,SNA,SEA,1740,1732.0,-8.0,14.0,1746.0,152.0,159.0,138.0,978,2004.0,7.0,2012,2011.0,-1.0,0,0,,0.0,0.0,0.0,0.0,0.0,2015-07-25,0,0.0,0.0,0.0,0.0,0.0
2015,7,29,3,WN,3414,N373SW,LAS,PHX,2225,2212.0,-13.0,10.0,2222.0,65.0,58.0,44.0,255,2306.0,4.0,2330,2310.0,-20.0,0,0,,0.0,0.0,0.0,0.0,0.0,2015-07-29,0,0.0,0.0,0.0,0.0,0.0
2015,8,11,2,UA,1240,N36272,SFO,SNA,1959,1956.0,-3.0,14.0,2010.0,93.0,84.0,65.0,372,2115.0,5.0,2132,2120.0,-12.0,0,0,,0.0,0.0,0.0,0.0,0.0,2015-08-11,0,0.0,0.0,0.0,0.0,0.0
2015,8,12,3,UA,1249,N79521,DEN,PDX,1126,1205.0,39.0,11.0,1216.0,159.0,137.0,124.0,991,1320.0,2.0,1305,1322.0,17.0,0,0,,0.0,0.0,3.0,14.0,0.0,2015-08-12,1,0.0,0.0,7.69,35.9,0.0
2015,8,8,6,B6,1698,N588JB,SEA,BOS,2129,2150.0,21.0,14.0,2204.0,313.0,301.0,282.0,2496,546.0,5.0,542,551.0,9.0,0,0,,0.0,0.0,0.0,0.0,0.0,2015-08-08,1,0.0,0.0,0.0,0.0,0.0
2015,8,22,6,AA,483,N925UY,PHL,SEA,1555,1553.0,-2.0,13.0,1606.0,359.0,339.0,316.0,2378,1822.0,10.0,1854,1832.0,-22.0,0,0,,0.0,0.0,0.0,0.0,0.0,2015-08-22,0,0.0,0.0,0.0,0.0,0.0
2015,8,27,4,VX,904,N526VA,SFO,LAS,1020,1016.0,-4.0,11.0,1027.0,90.0,87.0,67.0,414,1134.0,9.0,1150,1143.0,-7.0,0,0,,0.0,0.0,0.0,0.0,0.0,2015-08-27,0,0.0,0.0,0.0,0.0,0.0
2015,8,15,6,AA,1179,N470AA,MSY,DFW,1445,1515.0,30.0,12.0,1527.0,95.0,81.0,65.0,447,1632.0,4.0,1620,1636.0,16.0,0,0,,0.0,0.0,0.0,16.0,0.0,2015-08-15,1,0.0,0.0,0.0,53.33,0.0
2015,7,28,2,NK,382,N526NK,DEN,MSP,1630,1729.0,59.0,17.0,1746.0,115.0,109.0,86.0,680,2012.0,6.0,1925,2018.0,53.0,0,0,,0.0,0.0,0.0,53.0,0.0,2015-07-28,1,0.0,0.0,0.0,89.83,0.0
2015,8,18,2,AA,2225,N3LWAA,ORD,LAX,1825,1913.0,48.0,15.0,1928.0,278.0,270.0,250.0,1744,2138.0,5.0,2103,2143.0,40.0,0,0,,0.0,0.0,0.0,40.0,0.0,2015-08-18,1,0.0,0.0,0.0,83.33,0.0
2015,8,7,5,WN,2493,N8637A,LAX,MDW,1125,1125.0,0.0,17.0,1142.0,235.0,245.0,205.0,1750,1707.0,23.0,1720,1730.0,10.0,0,0,,0.0,0.0,0.0,0.0,0.0,2015-08-07,0,0.0,0.0,0.0,0.0,0.0
2015,8,10,1,MQ,3661,N620MQ,BDL,ORD,1108,1148.0,40.0,10.0,1158.0,154.0,139.0,123.0,783,1301.0,6.0,1242,1307.0,25.0,0,0,,0.0,0.0,10.0,15.0,0.0,2015-08-10,1,0.0,0.0,25.0,37.5,0.0
2015,7,25,6,AS,239,N409AS,SAN,SEA,1950,1948.0,-2.0,15.0,2003.0,155.0,155.0,136.0,1050,2219.0,4.0,2225,2223.0,-2.0,0,0,,0.0,0.0,0.0,0.0,0.0,2015-07-25,0,0.0,0.0,0.0,0.0,0.0
2015,8,28,5,AA,610,N187US,SFO,PHX,600,557.0,-3.0,13.0,610.0,122.0,112.0,91.0,651,741.0,8.0,802,749.0,-13.0,0,0,,0.0,0.0,0.0,0.0,0.0,2015-08-28,0,0.0,0.0,0.0,0.0,0.0
2015,8,14,5,OO,4531,N803SK,SLC,IDA,2151,2213.0,22.0,14.0,2227.0,50.0,52.0,34.0,188,2301.0,4.0,2241,2305.0,24.0,0,0,,2.0,0.0,0.0,22.0,0.0,2015-08-14,1,9.09,0.0,0.0,100.0,0.0
2015,7,24,5,UA,248,N812UA,ORD,PIT,1840,1923.0,43.0,21.0,1944.0,95.0,88.0,64.0,413,2148.0,3.0,2115,2151.0,36.0,0,0,,0.0,0.0,11.0,25.0,0.0,2015-07-24,1,0.0,0.0,25.58,58.14,0.0
2015,7,26,7,UA,710,N548UA,SFO,DEN,930,952.0,22.0,17.0,1009.0,151.0,133.0,112.0,967,1301.0,4.0,1301,1305.0,4.0,0,0,,0.0,0.0,0.0,0.0,0.0,2015-07-26,1,0.0,0.0,0.0,0.0,0.0
2015,8,9,7,OO,5396,N960SW,ORD,MKE,736,732.0,-4.0,28.0,800.0,50.0,51.0,18.0,67,818.0,5.0,826,823.0,-3.0,0,0,,0.0,0.0,0.0,0.0,0.0,2015-08-09,0,0.0,0.0,0.0,0.0,0.0
2015,8,13,4,UA,1483,N69840,ORD,BWI,1410,1407.0,-3.0,32.0,1439.0,122.0,125.0,88.0,622,1707.0,5.0,1712,1712.0,0.0,0,0,,0.0,0.0,0.0,0.0,0.0,2015-08-13,0,0.0,0.0,0.0,0.0,0.0
2015,8,30,7,EV,6082,N16981,ORD,CLE,741,734.0,-7.0,18.0,752.0,79.0,77.0,54.0,315,946.0,5.0,1000,951.0,-9.0,0,0,,0.0,0.0,0.0,0.0,0.0,2015-08-30,0,0.0,0.0,0.0,0.0,0.0
2015,8,8,6,WN,12,N380SW,HRL,HOU,720,715.0,-5.0,8.0,723.0,60.0,61.0,46.0,277,809.0,7.0,820,816.0,-4.0,0,0,,0.0,0.0,0.0,0.0,0.0,2015-08-08,0,0.0,0.0,0.0,0.0,0.0
2015,8,1,6,UA,1955,N78285,IAH,DCA,1909,1933.0,24.0,12.0,1945.0,188.0,165.0,149.0,1208,2314.0,4.0,2317,2318.0,1.0,0,0,,0.0,0.0,0.0,0.0,0.0,2015-08-01,1,0.0,0.0,0.0,0.0,0.0
2015,8,20,4,DL,2201,N378DA,PHX,JFK,1410,1427.0,17.0,18.0,1445.0,303.0,276.0,252.0,2153,2157.0,6.0,2213,2203.0,-10.0,0,0,,0.0,0.0,0.0,0.0,0.0,2015-08-20,1,0.0,0.0,0.0,0.0,0.0
2015,7,25,6,WN,1715,N751SW,RDU,MDW,1125,1121.0,-4.0,9.0,1130.0,115.0,109.0,95.0,632,1205.0,5.0,1220,1210.0,-10.0,0,0,,0.0,0.0,0.0,0.0,0.0,2015-07-25,0,0.0,0.0,0.0,0.0,0.0
2015,7,31,5,MQ,3081,N649MQ,DFW,GSP,2005,2002.0,-3.0,15.0,2017.0,143.0,138.0,119.0,862,2316.0,4.0,2328,2320.0,-8.0,0,0,,0.0,0.0,0.0,0.0,0.0,2015-07-31,0,0.0,0.0,0.0,0.0,0.0
2015,7,23,4,WN,1606,N7731A,MCO,STL,2030,2052.0,22.0,18.0,2110.0,145.0,145.0,124.0,882,2214.0,3.0,2155,2217.0,22.0,0,0,,0.0,0.0,0.0,22.0,0.0,2015-07-23,1,0.0,0.0,0.0,100.0,0.0
2015,8,8,6,DL,1628,N967DL,RSW,ATL,1911,1902.0,-9.0,12.0,1914.0,112.0,102.0,77.0,515,2031.0,13.0,2103,2044.0,-19.0,0,0,,0.0,0.0,0.0,0.0,0.0,2015-08-08,0,0.0,0.0,0.0,0.0,0.0
2015,8,16,7,WN,1578,N234WN,EWR,MSY,745,748.0,3.0,15.0,803.0,200.0,176.0,158.0,1167,941.0,3.0,1005,944.0,-21.0,0,0,,0.0,0.0,0.0,0.0,0.0,2015-08-16,0,0.0,0.0,0.0,0.0,0.0
2015,8,3,1,WN,559,N245WN,MSP,MDW,530,525.0,-5.0,9.0,534.0,85.0,76.0,60.0,349,634.0,7.0,655,641.0,-14.0,0,0,,0.0,0.0,0.0,0.0,0.0,2015-08-03,0,0.0,0.0,0.0,0.0,0.0
2015,7,30,4,AS,89,N586AS,SEA,ANC,2225,2221.0,-4.0,18.0,2239.0,208.0,211.0,189.0,1448,48.0,4.0,53,52.0,-1.0,0,0,,0.0,0.0,0.0,0.0,0.0,2015-07-30,0,0.0,0.0,0.0,0.0,0.0
2015,8,5,3,OO,5162,N791SK,CVG,IAH,630,629.0,-1.0,15.0,644.0,147.0,143.0,119.0,871,743.0,9.0,757,752.0,-5.0,0,0,,0.0,0.0,0.0,0.0,0.0,2015-08-05,0,0.0,0.0,0.0,0.0,0.0
2015,8,4,2,DL,1891,N949DN,ATL,TPA,935,934.0,-1.0,10.0,944.0,85.0,71.0,57.0,406,1041.0,4.0,1100,1045.0,-15.0,0,0,,0.0,0.0,0.0,0.0,0.0,2015-08-04,0,0.0,0.0,0.0,0.0,0.0
2015,7,23,4,AA,1230,N3KMAA,SEA,DFW,25,24.0,-1.0,12.0,36.0,233.0,218.0,201.0,1660,557.0,5.0,618,602.0,-16.0,0,0,,0.0,0.0,0.0,0.0,0.0,2015-07-23,0,0.0,0.0,0.0,0.0,0.0
2015,7,29,3,WN,1694,N749SW,SNA,SJC,950,949.0,-1.0,11.0,1000.0,70.0,69.0,52.0,342,1052.0,6.0,1100,1058.0,-2.0,0,0,,0.0,0.0,0.0,0.0,0.0,2015-07-29,0,0.0,0.0,0.0,0.0,0.0
2015,7,29,3,B6,395,N184JB,HPN,MCO,1134,1131.0,-3.0,18.0,1149.0,159.0,151.0,123.0,972,1352.0,10.0,1413,1402.0,-11.0,0,0,,0.0,0.0,0.0,0.0,0.0,2015-07-29,0,0.0,0.0,0.0,0.0,0.0
2015,7,27,1,AA,1505,N485AA,DFW,ONT,1225,1220.0,-5.0,18.0,1238.0,187.0,175.0,152.0,1188,1310.0,5.0,1332,1315.0,-17.0,0,0,,0.0,0.0,0.0,0.0,0.0,2015-07-27,0,0.0,0.0,0.0,0.0,0.0
2015,8,5,3,WN,475,N717SA,PHX,HOU,615,641.0,26.0,7.0,648.0,155.0,142.0,130.0,1020,1058.0,5.0,1050,1103.0,13.0,0,0,,0.0,0.0,0.0,0.0,0.0,2015-08-05,1,0.0,0.0,0.0,0.0,0.0
2015,8,14,5,AA,1133,N3CCAA,MIA,LGA,705,702.0,-3.0,17.0,719.0,177.0,169.0,147.0,1096,946.0,5.0,1002,951.0,-11.0,0,0,,0.0,0.0,0.0,0.0,0.0,2015-08-14,0,0.0,0.0,0.0,0.0,0.0
2015,8,16,7,UA,2000,N408UA,PHX,ORD,1425,1424.0,-1.0,10.0,1434.0,212.0,209.0,182.0,1440,1936.0,17.0,1957,1953.0,-4.0,0,0,,0.0,0.0,0.0,0.0,0.0,2015-08-16,0,0.0,0.0,0.0,0.0,0.0
2015,8,3,1,VX,182,N853VA,SFO,EWR,2135,2132.0,-3.0,13.0,2145.0,320.0,304.0,285.0,2565,530.0,6.0,555,536.0,-19.0,0,0,,0.0,0.0,0.0,0.0,0.0,2015-08-03,0,0.0,0.0,0.0,0.0,0.0
2015,8,17,1,UA,816,N408UA,SEA,SFO,1316,1314.0,-2.0,15.0,1329.0,139.0,148.0,96.0,679,1505.0,37.0,1535,1542.0,7.0,0,0,,0.0,0.0,0.0,0.0,0.0,2015-08-17,0,0.0,0.0,0.0,0.0,0.0
2015,7,29,3,B6,672,N794JB,FLL,LGA,1750,1743.0,-7.0,20.0,1803.0,178.0,187.0,157.0,1076,2040.0,10.0,2048,2050.0,2.0,0,0,,0.0,0.0,0.0,0.0,0.0,2015-07-29,0,0.0,0.0,0.0,0.0,0.0
2015,8,6,4,MQ,3058,N514MQ,ABQ,ORD,1355,1351.0,-4.0,18.0,1409.0,173.0,165.0,134.0,1118,1723.0,13.0,1748,1736.0,-12.0,0,0,,0.0,0.0,0.0,0.0,0.0,2015-08-06,0,0.0,0.0,0.0,0.0,0.0
2015,8,15,6,AS,416,N760AS,SEA,GEG,1110,1117.0,7.0,28.0,1145.0,56.0,69.0,38.0,224,1223.0,3.0,1206,1226.0,20.0,0,0,,13.0,0.0,7.0,0.0,0.0,2015-08-15,0,185.71,0.0,100.0,0.0,0.0
2015,8,24,1,WN,3126,N7727A,TPA,ATL,1925,1919.0,-6.0,14.0,1933.0,100.0,92.0,67.0,406,2040.0,11.0,2105,2051.0,-14.0,0,0,,0.0,0.0,0.0,0.0,0.0,2015-08-24,0,0.0,0.0,0.0,0.0,0.0
2015,8,30,7,OO,4774,N427SW,MSP,TUL,1417,1415.0,-2.0,20.0,1435.0,116.0,110.0,85.0,615,1600.0,5.0,1613,1605.0,-8.0,0,0,,0.0,0.0,0.0,0.0,0.0,2015-08-30,0,0.0,0.0,0.0,0.0,0.0
2015,8,13,4,DL,2596,N324NB,CHS,ATL,1835,1835.0,0.0,8.0,1843.0,83.0,69.0,48.0,259,1931.0,13.0,1958,1944.0,-14.0,0,0,,0.0,0.0,0.0,0.0,0.0,2015-08-13,0,0.0,0.0,0.0,0.0,0.0
2015,8,27,4,WN,60,N478WN,HOU,DAL,2100,2221.0,81.0,9.0,2230.0,55.0,57.0,42.0,239,2312.0,6.0,2155,2318.0,83.0,0,0,,2.0,0.0,4.0,77.0,0.0,2015-08-27,1,2.47,0.0,4.94,95.06,0.0
2015,8,23,7,WN,380,N450WN,BNA,PNS,950,948.0,-2.0,6.0,954.0,75.0,62.0,53.0,391,1047.0,3.0,1105,1050.0,-15.0,0,0,,0.0,0.0,0.0,0.0,0.0,2015-08-23,0,0.0,0.0,0.0,0.0,0.0
2015,7,28,2,UA,1122,N57863,BOS,SFO,600,600.0,0.0,25.0,625.0,385.0,377.0,343.0,2704,908.0,9.0,925,917.0,-8.0,0,0,,0.0,0.0,0.0,0.0,0.0,2015-07-28,0,0.0,0.0,0.0,0.0,0.0
2015,7,24,5,EV,4976,N132EV,IAH,MSP,1515,1510.0,-5.0,18.0,1528.0,170.0,162.0,138.0,1034,1746.0,6.0,1805,1752.0,-13.0,0,0,,0.0,0.0,0.0,0.0,0.0,2015-07-24,0,0.0,0.0,0.0,0.0,0.0
2015,7,31,5,DL,2492,N968AT,DCA,JFK,600,610.0,10.0,13.0,623.0,73.0,59.0,42.0,213,705.0,4.0,713,709.0,-4.0,0,0,,0.0,0.0,0.0,0.0,0.0,2015-07-31,0,0.0,0.0,0.0,0.0,0.0
2015,7,27,1,WN,2957,N8646B,ABQ,MCI,1135,1201.0,26.0,8.0,1209.0,110.0,107.0,94.0,718,1443.0,5.0,1425,1448.0,23.0,0,0,,0.0,0.0,0.0,23.0,0.0,2015-07-27,1,0.0,0.0,0.0,88.46,0.0
2015,8,2,7,WN,876,N948WN,ABQ,DAL,1830,1837.0,7.0,8.0,1845.0,100.0,93.0,79.0,580,2104.0,6.0,2110,2110.0,0.0,0,0,,0.0,0.0,0.0,0.0,0.0,2015-08-02,0,0.0,0.0,0.0,0.0,0.0
2015,8,18,2,AA,1875,N701UW,CLT,PVD,1630,1629.0,-1.0,20.0,1649.0,123.0,128.0,102.0,683,1831.0,6.0,1833,1837.0,4.0,0,0,,0.0,0.0,0.0,0.0,0.0,2015-08-18,0,0.0,0.0,0.0,0.0,0.0
2015,8,5,3,UA,1675,N17719,ORD,LGA,1700,1701.0,1.0,32.0,1733.0,139.0,144.0,109.0,733,2022.0,3.0,2019,2025.0,6.0,0,0,,0.0,0.0,0.0,0.0,0.0,2015-08-05,0,0.0,0.0,0.0,0.0,0.0
2015,8,14,5,MQ,3617,N646MQ,ORD,MEM,701,702.0,1.0,29.0,731.0,109.0,107.0,74.0,491,845.0,4.0,850,849.0,-1.0,0,0,,0.0,0.0,0.0,0.0,0.0,2015-08-14,0,0.0,0.0,0.0,0.0,0.0
2015,8,22,6,AA,155,N3JCAA,DFW,CLT,1145,1146.0,1.0,10.0,1156.0,156.0,141.0,121.0,936,1457.0,10.0,1521,1507.0,-14.0,0,0,,0.0,0.0,0.0,0.0,0.0,2015-08-22,0,0.0,0.0,0.0,0.0,0.0
2015,8,27,4,DL,1581,N317NB,BDL,DTW,1140,1132.0,-8.0,9.0,1141.0,114.0,107.0,91.0,549,1312.0,7.0,1334,1319.0,-15.0,0,0,,0.0,0.0,0.0,0.0,0.0,2015-08-27,0,0.0,0.0,0.0,0.0,0.0
2015,8,26,3,DL,1665,N366NW,DFW,SLC,1420,1414.0,-6.0,16.0,1430.0,163.0,156.0,135.0,989,1545.0,5.0,1603,1550.0,-13.0,0,0,,0.0,0.0,0.0,0.0,0.0,2015-08-26,0,0.0,0.0,0.0,0.0,0.0
2015,7,27,1,MQ,3661,N517MQ,ORD,BDL,725,724.0,-1.0,19.0,743.0,133.0,126.0,103.0,783,1026.0,4.0,1038,1030.0,-8.0,0,0,,0.0,0.0,0.0,0.0,0.0,2015-07-27,0,0.0,0.0,0.0,0.0,0.0
2015,8,23,7,AS,15,N403AS,BOS,SEA,1855,1851.0,-4.0,29.0,1920.0,369.0,363.0,328.0,2496,2148.0,6.0,2204,2154.0,-10.0,0,0,,0.0,0.0,0.0,0.0,0.0,2015-08-23,0,0.0,0.0,0.0,0.0,0.0
2015,8,1,6,EV,5925,N17169,FSD,ORD,700,653.0,-7.0,14.0,707.0,100.0,98.0,66.0,462,813.0,18.0,840,831.0,-9.0,0,0,,0.0,0.0,0.0,0.0,0.0,2015-08-01,0,0.0,0.0,0.0,0.0,0.0
2015,7,29,3,VX,490,N625VA,LAX,LAS,2045,2042.0,-3.0,10.0,2052.0,65.0,66.0,49.0,236,2141.0,7.0,2150,2148.0,-2.0,0,0,,0.0,0.0,0.0,0.0,0.0,2015-07-29,0,0.0,0.0,0.0,0.0,0.0
2015,8,27,4,OO,6244,N760SK,BZN,LAX,1350,1340.0,-10.0,10.0,1350.0,162.0,155.0,134.0,902,1504.0,11.0,1532,1515.0,-17.0,0,0,,0.0,0.0,0.0,0.0,0.0,2015-08-27,0,0.0,0.0,0.0,0.0,0.0
2015,8,25,2,WN,1159,N8324A,LAS,BWI,1650,1650.0,0.0,14.0,1704.0,270.0,258.0,240.0,2106,4.0,4.0,20,8.0,-12.0,0,0,,0.0,0.0,0.0,0.0,0.0,2015-08-25,0,0.0,0.0,0.0,0.0,0.0
2015,8,16,7,MQ,3126,N856MQ,DFW,SAF,1200,1157.0,-3.0,19.0,1216.0,114.0,104.0,81.0,551,1237.0,4.0,1254,1241.0,-13.0,0,0,,0.0,0.0,0.0,0.0,0.0,2015-08-16,0,0.0,0.0,0.0,0.0,0.0
2015,8,21,5,MQ,3488,N520MQ,ORD,BNA,1825,1825.0,0.0,20.0,1845.0,94.0,84.0,60.0,409,1945.0,4.0,1959,1949.0,-10.0,0,0,,0.0,0.0,0.0,0.0,0.0,2015-08-21,0,0.0,0.0,0.0,0.0,0.0
2015,8,1,6,AA,2485,N857AA,DFW,LAX,1150,1153.0,3.0,13.0,1206.0,204.0,172.0,153.0,1235,1239.0,6.0,1314,1245.0,-29.0,0,0,,0.0,0.0,0.0,0.0,0.0,2015-08-01,0,0.0,0.0,0.0,0.0,0.0
2015,8,25,2,DL,2093,N824DN,SEA,ATL,2230,2230.0,0.0,15.0,2245.0,278.0,264.0,245.0,2182,550.0,4.0,608,554.0,-14.0,0,0,,0.0,0.0,0.0,0.0,0.0,2015-08-25,0,0.0,0.0,0.0,0.0,0.0
2015,8,24,1,OO,3491,N217AG,FAT,SEA,1700,1701.0,1.0,21.0,1722.0,125.0,126.0,95.0,748,1857.0,10.0,1905,1907.0,2.0,0,0,,0.0,0.0,0.0,0.0,0.0,2015-08-24,0,0.0,0.0,0.0,0.0,0.0
2015,7,24,5,DL,2637,N972DL,ATL,BWI,2214,2222.0,8.0,18.0,2240.0,116.0,108.0,83.0,577,3.0,7.0,10,10.0,0.0,0,0,,0.0,0.0,0.0,0.0,0.0,2015-07-24,0,0.0,0.0,0.0,0.0,0.0
2015,8,11,2,AA,1292,N3EEAA,DFW,TUL,1225,1230.0,5.0,26.0,1256.0,73.0,71.0,38.0,237,1334.0,7.0,1338,1341.0,3.0,0,0,,0.0,0.0,0.0,0.0,0.0,2015-08-11,0,0.0,0.0,0.0,0.0,0.0
2015,8,27,4,AA,913,N3CKAA,DCA,MIA,600,552.0,-8.0,16.0,608.0,157.0,175.0,154.0,919,842.0,5.0,837,847.0,10.0,0,0,,0.0,0.0,0.0,0.0,0.0,2015-08-27,0,0.0,0.0,0.0,0.0,0.0
2015,8,5,3,AA,596,N663AW,PHX,MCI,1855,1852.0,-3.0,18.0,1910.0,156.0,153.0,128.0,1044,2318.0,7.0,2331,2325.0,-6.0,0,0,,0.0,0.0,0.0,0.0,0.0,2015-08-05,0,0.0,0.0,0.0,0.0,0.0
2015,8,30,7,WN,200,N737JW,SAN,SJC,1420,1435.0,15.0,8.0,1443.0,75.0,71.0,60.0,417,1543.0,3.0,1535,1546.0,11.0,0,0,,0.0,0.0,0.0,0.0,0.0,2015-08-30,0,0.0,0.0,0.0,0.0,0.0
2015,8,28,5,AA,1934,N753US,CLT,RDU,1430,1429.0,-1.0,18.0,1447.0,54.0,55.0,31.0,130,1518.0,6.0,1524,1524.0,0.0,0,0,,0.0,0.0,0.0,0.0,0.0,2015-08-28,0,0.0,0.0,0.0,0.0,0.0
2015,8,6,4,B6,1888,N192JB,MCO,ORH,730,726.0,-4.0,12.0,738.0,165.0,156.0,141.0,1091,959.0,3.0,1015,1002.0,-13.0,0,0,,0.0,0.0,0.0,0.0,0.0,2015-08-06,0,0.0,0.0,0.0,0.0,0.0
2015,8,8,6,WN,2799,N457WN,PDX,MCI,1115,1118.0,3.0,10.0,1128.0,200.0,188.0,174.0,1482,1622.0,4.0,1635,1626.0,-9.0,0,0,,0.0,0.0,0.0,0.0,0.0,2015-08-08,0,0.0,0.0,0.0,0.0,0.0
2015,8,18,2,WN,338,N414WN,LAX,SJC,1800,1807.0,7.0,9.0,1816.0,65.0,62.0,48.0,308,1904.0,5.0,1905,1909.0,4.0,0,0,,0.0,0.0,0.0,0.0,0.0,2015-08-18,0,0.0,0.0,0.0,0.0,0.0
2015,8,1,6,DL,1699,N326NB,DTW,GRB,2020,2016.0,-4.0,17.0,2033.0,75.0,72.0,52.0,287,2025.0,3.0,2035,2028.0,-7.0,0,0,,0.0,0.0,0.0,0.0,0.0,2015-08-01,0,0.0,0.0,0.0,0.0,0.0
2015,8,27,4,AA,374,N3DTAA,ORD,LGA,1245,1330.0,45.0,18.0,1348.0,131.0,133.0,97.0,733,1625.0,18.0,1556,1643.0,47.0,0,0,,2.0,0.0,0.0,45.0,0.0,2015-08-27,1,4.44,0.0,0.0,100.0,0.0
2015,8,17,1,AS,140,N435AS,ANC,PDX,1140,1212.0,32.0,17.0,1229.0,214.0,200.0,179.0,1542,1628.0,4.0,1614,1632.0,18.0,0,0,,0.0,0.0,0.0,18.0,0.0,2015-08-17,1,0.0,0.0,0.0,56.25,0.0
2015,8,9,7,OO,6477,N145SY,ORD,DFW,1615,1615.0,0.0,24.0,1639.0,149.0,142.0,112.0,802,1831.0,6.0,1844,1837.0,-7.0,0,0,,0.0,0.0,0.0,0.0,0.0,2015-08-09,0,0.0,0.0,0.0,0.0,0.0
2015,8,21,5,OO,4586,N821SK,SLC,SJC,835,831.0,-4.0,11.0,842.0,125.0,113.0,97.0,584,919.0,5.0,940,924.0,-16.0,0,0,,0.0,0.0,0.0,0.0,0.0,2015-08-21,0,0.0,0.0,0.0,0.0,0.0
2015,8,9,7,DL,2241,N3755D,ATL,ORD,2050,2113.0,23.0,12.0,2125.0,131.0,120.0,88.0,606,2153.0,20.0,2201,2213.0,12.0,0,0,,0.0,0.0,0.0,0.0,0.0,2015-08-09,1,0.0,0.0,0.0,0.0,0.0
2015,8,12,3,WN,2048,N714CB,SJC,SAN,925,939.0,14.0,9.0,948.0,80.0,74.0,63.0,417,1051.0,2.0,1045,1053.0,8.0,0,0,,0.0,0.0,0.0,0.0,0.0,2015-08-12,0,0.0,0.0,0.0,0.0,0.0
2015,8,19,3,MQ,3269,N824MQ,ORD,CID,1414,1409.0,-5.0,17.0,1426.0,65.0,60.0,37.0,196,1503.0,6.0,1519,1509.0,-10.0,0,0,,0.0,0.0,0.0,0.0,0.0,2015-08-19,0,0.0,0.0,0.0,0.0,0.0
2015,8,7,5,DL,1401,N955DL,MSP,TPA,910,936.0,26.0,19.0,955.0,187.0,178.0,156.0,1306,1331.0,3.0,1317,1334.0,17.0,0,0,,0.0,0.0,16.0,1.0,0.0,2015-08-07,1,0.0,0.0,61.54,3.85,0.0
2015,8,4,2,EV,4370,N14573,EWR,CHS,2056,2049.0,-7.0,38.0,2127.0,124.0,135.0,94.0,628,2301.0,3.0,2300,2304.0,4.0,0,0,,0.0,0.0,0.0,0.0,0.0,2015-08-04,0,0.0,0.0,0.0,0.0,0.0
2015,8,4,2,AA,2302,N489AA,MSP,DFW,1825,1820.0,-5.0,18.0,1838.0,150.0,159.0,122.0,852,2040.0,19.0,2055,2059.0,4.0,0,0,,0.0,0.0,0.0,0.0,0.0,2015-08-04,0,0.0,0.0,0.0,0.0,0.0
2015,8,16,7,OO,6336,N143SY,SFO,MSP,1250,1301.0,11.0,24.0,1325.0,236.0,227.0,196.0,1589,1841.0,7.0,1846,1848.0,2.0,0,0,,0.0,0.0,0.0,0.0,0.0,2015-08-16,0,0.0,0.0,0.0,0.0,0.0
2015,8,26,3,UA,1206,N69816,DFW,DEN,904,900.0,-4.0,33.0,933.0,136.0,141.0,100.0,641,1013.0,8.0,1020,1021.0,1.0,0,0,,0.0,0.0,0.0,0.0,0.0,2015-08-26,0,0.0,0.0,0.0,0.0,0.0
2015,8,20,4,UA,322,N849UA,SFO,SEA,1050,1305.0,135.0,12.0,1317.0,136.0,118.0,96.0,679,1453.0,10.0,1306,1503.0,117.0,0,0,,9.0,0.0,0.0,108.0,0.0,2015-08-20,1,6.67,0.0,0.0,80.0,0.0
2015,7,23,4,WN,901,N7814B,MDW,DEN,940,939.0,-1.0,8.0,947.0,150.0,138.0,123.0,895,1050.0,7.0,1110,1057.0,-13.0,0,0,,0.0,0.0,0.0,0.0,0.0,2015-07-23,0,0.0,0.0,0.0,0.0,0.0
2015,8,25,2,WN,2338,N224WN,MDW,MSP,845,842.0,-3.0,16.0,858.0,85.0,79.0,59.0,349,957.0,4.0,1010,1001.0,-9.0,0,0,,0.0,0.0,0.0,0.0,0.0,2015-08-25,0,0.0,0.0,0.0,0.0,0.0
2015,8,10,1,B6,1282,N368JB,RIC,BOS,1945,1955.0,10.0,9.0,2004.0,89.0,88.0,72.0,474,2116.0,7.0,2114,2123.0,9.0,0,0,,0.0,0.0,0.0,0.0,0.0,2015-08-10,0,0.0,0.0,0.0,0.0,0.0
2015,8,21,5,AA,306,N513AA,DFW,IND,802,806.0,4.0,12.0,818.0,125.0,122.0,102.0,761,1100.0,8.0,1107,1108.0,1.0,0,0,,0.0,0.0,0.0,0.0,0.0,2015-08-21,0,0.0,0.0,0.0,0.0,0.0
2015,8,20,4,EV,4874,N741EV,DTW,RIC,1006,1040.0,34.0,15.0,1055.0,99.0,90.0,71.0,456,1206.0,4.0,1145,1210.0,25.0,0,0,,0.0,0.0,25.0,0.0,0.0,2015-08-20,1,0.0,0.0,73.53,0.0,0.0
2015,8,23,7,AA,2408,N876AA,LAX,DFW,1200,1159.0,-1.0,24.0,1223.0,196.0,192.0,152.0,1235,1655.0,16.0,1716,1711.0,-5.0,0,0,,0.0,0.0,0.0,0.0,0.0,2015-08-23,0,0.0,0.0,0.0,0.0,0.0
2015,8,18,2,EV,4999,N900EV,MOB,ATL,1150,1147.0,-3.0,34.0,1221.0,77.0,110.0,66.0,302,1427.0,10.0,1407,1437.0,30.0,0,0,,30.0,0.0,0.0,0.0,0.0,2015-08-18,0,-1000.0,-0.0,-0.0,-0.0,-0.0
2015,8,26,3,AA,2130,N820AW,DCA,BOS,730,721.0,-9.0,23.0,744.0,84.0,87.0,59.0,399,843.0,5.0,854,848.0,-6.0,0,0,,0.0,0.0,0.0,0.0,0.0,2015-08-26,0,0.0,0.0,0.0,0.0,0.0
2015,8,2,7,AA,2520,N3AMAA,MIA,TPA,939,943.0,4.0,23.0,1006.0,68.0,69.0,42.0,204,1048.0,4.0,1047,1052.0,5.0,0,0,,0.0,0.0,0.0,0.0,0.0,2015-08-02,0,0.0,0.0,0.0,0.0,0.0
2015,8,21,5,MQ,3078,N933MQ,ORD,GRR,1655,1709.0,14.0,10.0,1719.0,65.0,38.0,25.0,137,1844.0,3.0,1900,1847.0,-13.0,0,0,,0.0,0.0,0.0,0.0,0.0,2015-08-21,0,0.0,0.0,0.0,0.0,0.0
2015,7,31,5,EV,4327,N12922,EWR,DTW,630,630.0,0.0,15.0,645.0,118.0,107.0,86.0,488,811.0,6.0,828,817.0,-11.0,0,0,,0.0,0.0,0.0,0.0,0.0,2015-07-31,0,0.0,0.0,0.0,0.0,0.0
2015,7,25,6,AA,703,N565UW,CLT,BWI,1740,1740.0,0.0,13.0,1753.0,83.0,84.0,66.0,361,1859.0,5.0,1903,1904.0,1.0,0,0,,0.0,0.0,0.0,0.0,0.0,2015-07-25,0,0.0,0.0,0.0,0.0,0.0
2015,7,24,5,DL,2351,N318US,RDU,ATL,925,929.0,4.0,14.0,943.0,85.0,75.0,55.0,356,1038.0,6.0,1050,1044.0,-6.0,0,0,,0.0,0.0,0.0,0.0,0.0,2015-07-24,0,0.0,0.0,0.0,0.0,0.0
2015,8,21,5,NK,381,N519NK,MSP,DEN,1444,1818.0,214.0,73.0,1931.0,126.0,174.0,95.0,680,2006.0,6.0,1550,2012.0,262.0,0,0,,48.0,0.0,35.0,179.0,0.0,2015-08-21,1,22.43,0.0,16.36,83.64,0.0
2015,7,29,3,DL,1798,N960AT,ATL,EWR,1007,1005.0,-2.0,17.0,1022.0,141.0,134.0,113.0,746,1215.0,4.0,1228,1219.0,-9.0,0,0,,0.0,0.0,0.0,0.0,0.0,2015-07-29,0,0.0,0.0,0.0,0.0,0.0
2015,8,28,5,DL,2275,N688DL,ATL,ORF,2105,2114.0,9.0,12.0,2126.0,100.0,80.0,63.0,516,2229.0,5.0,2245,2234.0,-11.0,0,0,,0.0,0.0,0.0,0.0,0.0,2015-08-28,0,0.0,0.0,0.0,0.0,0.0
2015,8,18,2,WN,3224,N494WN,PHX,STL,725,723.0,-2.0,17.0,740.0,175.0,164.0,144.0,1262,1204.0,3.0,1220,1207.0,-13.0,0,0,,0.0,0.0,0.0,0.0,0.0,2015-08-18,0,0.0,0.0,0.0,0.0,0.0
2015,8,16,7,DL,2237,N757AT,MSP,SEA,1435,1425.0,-10.0,17.0,1442.0,213.0,217.0,193.0,1399,1555.0,7.0,1608,1602.0,-6.0,0,0,,0.0,0.0,0.0,0.0,0.0,2015-08-16,0,0.0,0.0,0.0,0.0,0.0
2015,8,13,4,WN,586,N438WN,OAK,LAX,820,824.0,4.0,12.0,836.0,80.0,76.0,57.0,337,933.0,7.0,940,940.0,0.0,0,0,,0.0,0.0,0.0,0.0,0.0,2015-08-13,0,0.0,0.0,0.0,0.0,0.0
2015,8,11,2,VX,413,N851VA,JFK,LAX,1655,1918.0,143.0,88.0,2046.0,370.0,414.0,317.0,2475,2303.0,9.0,2005,2312.0,187.0,0,0,,44.0,0.0,41.0,102.0,0.0,2015-08-11,1,30.77,0.0,28.67,71.33,0.0
2015,7,31,5,WN,1261,N7750A,LAS,LAX,2135,2149.0,14.0,10.0,2159.0,65.0,56.0,40.0,236,2239.0,6.0,2240,2245.0,5.0,0,0,,0.0,0.0,0.0,0.0,0.0,2015-07-31,0,0.0,0.0,0.0,0.0,0.0
2015,8,1,6,UA,1039,N38443,EWR,SAN,1929,2059.0,90.0,13.0,2112.0,359.0,320.0,303.0,2425,2315.0,4.0,2228,2319.0,51.0,0,0,,0.0,0.0,51.0,0.0,0.0,2015-08-01,1,0.0,0.0,56.67,0.0,0.0
2015,8,21,5,UA,643,N421UA,ORD,TPA,859,858.0,-1.0,15.0,913.0,164.0,155.0,137.0,1012,1230.0,3.0,1243,1233.0,-10.0,0,0,,0.0,0.0,0.0,0.0,0.0,2015-08-21,0,0.0,0.0,0.0,0.0,0.0
2015,8,30,7,WN,2466,N640SW,LAS,SAN,605,603.0,-2.0,15.0,618.0,65.0,62.0,44.0,258,702.0,3.0,710,705.0,-5.0,0,0,,0.0,0.0,0.0,0.0,0.0,2015-08-30,0,0.0,0.0,0.0,0.0,0.0
2015,8,7,5,WN,1988,N253WN,DTW,ATL,1800,1804.0,4.0,15.0,1819.0,110.0,109.0,84.0,594,1943.0,10.0,1950,1953.0,3.0,0,0,,0.0,0.0,0.0,0.0,0.0,2015-08-07,0,0.0,0.0,0.0,0.0,0.0
2015,8,21,5,NK,419,N524NK,CLE,FLL,1219,1226.0,7.0,8.0,1234.0,173.0,160.0,145.0,1062,1459.0,7.0,1512,1506.0,-6.0,0,0,,0.0,0.0,0.0,0.0,0.0,2015-08-21,0,0.0,0.0,0.0,0.0,0.0
2015,8,25,2,DL,1136,N947DN,ATL,RSW,1410,1408.0,-2.0,15.0,1423.0,106.0,93.0,76.0,515,1539.0,2.0,1556,1541.0,-15.0,0,0,,0.0,0.0,0.0,0.0,0.0,2015-08-25,0,0.0,0.0,0.0,0.0,0.0
2015,7,27,1,EV,4718,N11536,MSY,IAH,1916,1913.0,-3.0,13.0,1926.0,74.0,68.0,48.0,305,2014.0,7.0,2030,2021.0,-9.0,0,0,,0.0,0.0,0.0,0.0,0.0,2015-07-27,0,0.0,0.0,0.0,0.0,0.0
2015,8,2,7,OO,5338,N709BR,LAX,MRY,1726,1722.0,-4.0,28.0,1750.0,79.0,75.0,44.0,266,1834.0,3.0,1845,1837.0,-8.0,0,0,,0.0,0.0,0.0,0.0,0.0,2015-08-02,0,0.0,0.0,0.0,0.0,0.0
2015,8,23,7,EV,4442,N14920,IAH,HOB,1756,1754.0,-2.0,20.0,1814.0,103.0,100.0,74.0,501,1828.0,6.0,1839,1834.0,-5.0,0,0,,0.0,0.0,0.0,0.0,0.0,2015-08-23,0,0.0,0.0,0.0,0.0,0.0
2015,8,14,5,AA,688,N833AW,OAK,PHX,610,608.0,-2.0,12.0,620.0,119.0,111.0,93.0,646,753.0,6.0,809,759.0,-10.0,0,0,,0.0,0.0,0.0,0.0,0.0,2015-08-14,0,0.0,0.0,0.0,0.0,0.0
2015,8,19,3,OO,5625,N938SW,EUG,SFO,1345,1359.0,14.0,12.0,1411.0,98.0,95.0,73.0,451,1524.0,10.0,1523,1534.0,11.0,0,0,,0.0,0.0,0.0,0.0,0.0,2015-08-19,0,0.0,0.0,0.0,0.0,0.0
2015,8,8,6,UA,540,N428UA,DEN,SMF,1850,1913.0,23.0,15.0,1928.0,154.0,145.0,125.0,909,2033.0,5.0,2024,2038.0,14.0,0,0,,0.0,0.0,0.0,0.0,0.0,2015-08-08,1,0.0,0.0,0.0,0.0,0.0
2015,8,3,1,AA,1872,N810AW,MCO,DCA,1435,1453.0,18.0,15.0,1508.0,133.0,135.0,110.0,759,1658.0,10.0,1648,1708.0,20.0,0,0,,2.0,0.0,0.0,18.0,0.0,2015-08-03,1,11.11,0.0,0.0,100.0,0.0
2015,8,21,5,UA,1177,N17719,IAH,AUS,904,902.0,-2.0,17.0,919.0,62.0,57.0,34.0,140,953.0,6.0,1006,959.0,-7.0,0,0,,0.0,0.0,0.0,0.0,0.0,2015-08-21,0,0.0,0.0,0.0,0.0,0.0
2015,8,14,5,AA,2160,N765US,DCA,BOS,630,625.0,-5.0,13.0,638.0,81.0,82.0,63.0,399,741.0,6.0,751,747.0,-4.0,0,0,,0.0,0.0,0.0,0.0,0.0,2015-08-14,0,0.0,0.0,0.0,0.0,0.0
2015,8,8,6,OO,6243,N142SY,ORD,CVG,2120,2116.0,-4.0,18.0,2134.0,78.0,76.0,44.0,265,2318.0,14.0,2338,2332.0,-6.0,0,0,,0.0,0.0,0.0,0.0,0.0,2015-08-08,0,0.0,0.0,0.0,0.0,0.0
2015,8,19,3,WN,366,N718SW,PHX,ATL,1450,1451.0,1.0,7.0,1458.0,215.0,239.0,204.0,1587,2122.0,28.0,2125,2150.0,25.0,0,0,,25.0,0.0,0.0,0.0,0.0,2015-08-19,0,2500.0,0.0,0.0,0.0,0.0
2015,8,14,5,UA,1412,N72405,PHX,ORD,1034,1100.0,26.0,10.0,1110.0,210.0,204.0,177.0,1440,1607.0,17.0,1604,1624.0,20.0,0,0,,11.0,0.0,0.0,9.0,0.0,2015-08-14,1,42.31,0.0,0.0,34.62,0.0
2015,7,23,4,EV,5969,N16559,TYS,ORD,956,950.0,-6.0,10.0,1000.0,107.0,91.0,76.0,475,1016.0,5.0,1043,1021.0,-22.0,0,0,,0.0,0.0,0.0,0.0,0.0,2015-07-23,0,0.0,0.0,0.0,0.0,0.0
2015,8,19,3,MQ,3122,N806MQ,SAF,DFW,559,551.0,-8.0,10.0,601.0,105.0,112.0,92.0,551,833.0,10.0,844,843.0,-1.0,0,0,,0.0,0.0,0.0,0.0,0.0,2015-08-19,0,0.0,0.0,0.0,0.0,0.0
2015,8,30,7,AA,1777,N817AW,IAD,LAX,1705,1702.0,-3.0,45.0,1747.0,345.0,343.0,288.0,2288,1935.0,10.0,1950,1945.0,-5.0,0,0,,0.0,0.0,0.0,0.0,0.0,2015-08-30,0,0.0,0.0,0.0,0.0,0.0
2015,8,23,7,AA,625,N190UW,PHX,BOI,940,956.0,16.0,17.0,1013.0,124.0,124.0,103.0,735,1256.0,4.0,1244,1300.0,16.0,0,0,,0.0,0.0,0.0,16.0,0.0,2015-08-23,1,0.0,0.0,0.0,100.0,0.0
2015,8,10,1,UA,1620,N15751,ORD,LGA,900,857.0,-3.0,19.0,916.0,136.0,124.0,101.0,733,1157.0,4.0,1216,1201.0,-15.0,0,0,,0.0,0.0,0.0,0.0,0.0,2015-08-10,0,0.0,0.0,0.0,0.0,0.0
2015,8,5,3,WN,745,N752SW,OAK,BUR,1130,1126.0,-4.0,9.0,1135.0,65.0,63.0,51.0,325,1226.0,3.0,1235,1229.0,-6.0,0,0,,0.0,0.0,0.0,0.0,0.0,2015-08-05,0,0.0,0.0,0.0,0.0,0.0
2015,7,30,4,OO,6196,N753SK,MKE,IAH,720,710.0,-10.0,16.0,726.0,164.0,149.0,129.0,984,935.0,4.0,1004,939.0,-25.0,0,0,,0.0,0.0,0.0,0.0,0.0,2015-07-30,0,0.0,0.0,0.0,0.0,0.0
2015,8,2,7,OO,5344,N983SW,ORD,MBS,656,655.0,-1.0,12.0,707.0,69.0,58.0,42.0,222,849.0,4.0,905,853.0,-12.0,0,0,,0.0,0.0,0.0,0.0,0.0,2015-08-02,0,0.0,0.0,0.0,0.0,0.0
2015,8,30,7,AS,603,N306AS,LAS,SEA,1110,1102.0,-8.0,17.0,1119.0,150.0,157.0,132.0,867,1331.0,8.0,1340,1339.0,-1.0,0,0,,0.0,0.0,0.0,0.0,0.0,2015-08-30,0,0.0,0.0,0.0,0.0,0.0
2015,7,31,5,WN,1728,N7750A,SMF,PHX,1440,1454.0,14.0,8.0,1502.0,115.0,136.0,115.0,647,1657.0,13.0,1635,1710.0,35.0,0,0,,21.0,0.0,10.0,4.0,0.0,2015-07-31,0,150.0,0.0,71.43,28.57,0.0
2015,8,30,7,DL,1819,N980AT,LIT,ATL,1841,1836.0,-5.0,32.0,1908.0,99.0,106.0,66.0,453,2114.0,8.0,2120,2122.0,2.0,0,0,,0.0,0.0,0.0,0.0,0.0,2015-08-30,0,0.0,0.0,0.0,0.0,0.0
2015,8,14,5,OO,6259,N928SW,FAR,DEN,1958,1945.0,-13.0,12.0,1957.0,121.0,112.0,92.0,627,2029.0,8.0,2059,2037.0,-22.0,0,0,,0.0,0.0,0.0,0.0,0.0,2015-08-14,0,0.0,0.0,0.0,0.0,0.0
2015,8,17,1,DL,1162,N199DN,LAX,JFK,2130,2124.0,-6.0,14.0,2138.0,325.0,312.0,286.0,2475,524.0,12.0,555,536.0,-19.0,0,0,,0.0,0.0,0.0,0.0,0.0,2015-08-17,0,0.0,0.0,0.0,0.0,0.0
2015,8,11,2,AA,343,N3LCAA,LGA,ORD,1555,1833.0,158.0,16.0,1849.0,168.0,152.0,115.0,733,1944.0,21.0,1743,2005.0,142.0,0,0,,122.0,0.0,0.0,20.0,0.0,2015-08-11,1,77.22,0.0,0.0,12.66,0.0
2015,8,19,3,OO,6280,N789SK,GJT,DEN,745,822.0,37.0,17.0,839.0,68.0,66.0,44.0,212,923.0,5.0,853,928.0,35.0,0,0,,0.0,0.0,35.0,0.0,0.0,2015-08-19,1,0.0,0.0,94.59,0.0,0.0
2015,7,26,7,B6,1567,N206JB,HPN,PBI,1021,1014.0,-7.0,10.0,1024.0,167.0,150.0,137.0,1056,1241.0,3.0,1308,1244.0,-24.0,0,0,,0.0,0.0,0.0,0.0,0.0,2015-07-26,0,0.0,0.0,0.0,0.0,0.0
2015,8,12,3,OO,6245,N108SY,SFO,BUR,1643,1640.0,-3.0,17.0,1657.0,85.0,75.0,56.0,326,1753.0,2.0,1808,1755.0,-13.0,0,0,,0.0,0.0,0.0,0.0,0.0,2015-08-12,0,0.0,0.0,0.0,0.0,0.0
2015,8,18,2,WN,15,N405WN,DCA,CAK,1615,1616.0,1.0,15.0,1631.0,70.0,63.0,44.0,274,1715.0,4.0,1725,1719.0,-6.0,0,0,,0.0,0.0,0.0,0.0,0.0,2015-08-18,0,0.0,0.0,0.0,0.0,0.0
2015,8,26,3,MQ,3504,N516MQ,ORD,PIT,845,837.0,-8.0,28.0,905.0,92.0,93.0,60.0,413,1105.0,5.0,1117,1110.0,-7.0,0,0,,0.0,0.0,0.0,0.0,0.0,2015-08-26,0,0.0,0.0,0.0,0.0,0.0
2015,8,16,7,WN,9,N511SW,DAL,HOU,900,858.0,-2.0,8.0,906.0,60.0,54.0,41.0,239,947.0,5.0,1000,952.0,-8.0,0,0,,0.0,0.0,0.0,0.0,0.0,2015-08-16,0,0.0,0.0,0.0,0.0,0.0
2015,7,28,2,AA,1193,N455AA,BNA,DFW,1114,1108.0,-6.0,8.0,1116.0,118.0,108.0,89.0,631,1245.0,11.0,1312,1256.0,-16.0,0,0,,0.0,0.0,0.0,0.0,0.0,2015-07-28,0,0.0,0.0,0.0,0.0,0.0
2015,8,6,4,OO,2952,N506CA,PHX,BFL,1015,1005.0,-10.0,22.0,1027.0,96.0,94.0,66.0,425,1133.0,6.0,1151,1139.0,-12.0,0,0,,0.0,0.0,0.0,0.0,0.0,2015-08-06,0,0.0,0.0,0.0,0.0,0.0
2015,8,5,3,DL,1884,N909DE,ATL,IAH,1551,1645.0,54.0,27.0,1712.0,139.0,123.0,94.0,689,1746.0,2.0,1710,1748.0,38.0,0,0,,0.0,0.0,38.0,0.0,0.0,2015-08-05,1,0.0,0.0,70.37,0.0,0.0
2015,8,11,2,WN,199,N552WN,SMF,LAS,1610,1609.0,-1.0,6.0,1615.0,85.0,95.0,80.0,397,1735.0,9.0,1735,1744.0,9.0,0,0,,0.0,0.0,0.0,0.0,0.0,2015-08-11,0,0.0,0.0,0.0,0.0,0.0
2015,8,13,4,DL,332,N3737C,SJU,JFK,1720,1716.0,-4.0,15.0,1731.0,250.0,234.0,197.0,1598,2048.0,22.0,2130,2110.0,-20.0,0,0,,0.0,0.0,0.0,0.0,0.0,2015-08-13,0,0.0,0.0,0.0,0.0,0.0
2015,8,12,3,DL,1581,N369NB,BDL,MSP,1746,1747.0,1.0,13.0,1800.0,176.0,165.0,145.0,1050,1925.0,7.0,1942,1932.0,-10.0,0,0,,0.0,0.0,0.0,0.0,0.0,2015-08-12,0,0.0,0.0,0.0,0.0,0.0
2015,7,27,1,WN,789,N416WN,SLC,LAS,600,555.0,-5.0,7.0,602.0,75.0,69.0,57.0,368,559.0,5.0,615,604.0,-11.0,0,0,,0.0,0.0,0.0,0.0,0.0,2015-07-27,0,0.0,0.0,0.0,0.0,0.0
2015,8,23,7,WN,1146,N8655D,MDW,DAL,1415,1440.0,25.0,8.0,1448.0,140.0,121.0,107.0,793,1635.0,6.0,1635,1641.0,6.0,0,0,,0.0,0.0,0.0,0.0,0.0,2015-08-23,1,0.0,0.0,0.0,0.0,0.0
2015,8,5,3,OO,5240,N767SK,ASE,ORD,752,747.0,-5.0,8.0,755.0,157.0,152.0,133.0,1013,1108.0,11.0,1129,1119.0,-10.0,0,0,,0.0,0.0,0.0,0.0,0.0,2015-08-05,0,0.0,0.0,0.0,0.0,0.0
2015,7,28,2,WN,547,N7750A,MCO,BWI,1545,1541.0,-4.0,43.0,1624.0,135.0,172.0,122.0,787,1826.0,7.0,1800,1833.0,33.0,0,0,,33.0,0.0,0.0,0.0,0.0,2015-07-28,0,-825.0,-0.0,-0.0,-0.0,-0.0
2015,8,7,5,B6,1011,N348JB,BOS,ORD,1650,1646.0,-4.0,14.0,1700.0,167.0,153.0,124.0,867,1804.0,15.0,1837,1819.0,-18.0,0,0,,0.0,0.0,0.0,0.0,0.0,2015-08-07,0,0.0,0.0,0.0,0.0,0.0
2015,8,14,5,DL,2389,N681DA,SLC,PDX,1650,1724.0,34.0,14.0,1738.0,106.0,102.0,85.0,630,1803.0,3.0,1736,1806.0,30.0,0,0,,0.0,0.0,0.0,30.0,0.0,2015-08-14,1,0.0,0.0,0.0,88.24,0.0
2015,8,13,4,EV,5583,N924EV,CHA,ATL,600,814.0,134.0,23.0,837.0,41.0,55.0,25.0,106,902.0,7.0,641,909.0,148.0,0,0,,14.0,0.0,103.0,31.0,0.0,2015-08-13,1,10.45,0.0,76.87,23.13,0.0
2015,8,13,4,AA,2213,N3CBAA,DFW,LGA,605,620.0,15.0,9.0,629.0,206.0,189.0,175.0,1389,1024.0,5.0,1031,1029.0,-2.0,0,0,,0.0,0.0,0.0,0.0,0.0,2015-08-13,0,0.0,0.0,0.0,0.0,0.0
2015,7,28,2,AA,1355,N3KUAA,DFW,PDX,1045,1038.0,-7.0,27.0,1105.0,243.0,237.0,207.0,1616,1232.0,3.0,1248,1235.0,-13.0,0,0,,0.0,0.0,0.0,0.0,0.0,2015-07-28,0,0.0,0.0,0.0,0.0,0.0
2015,7,30,4,UA,489,N479UA,OMA,DEN,825,816.0,-9.0,12.0,828.0,99.0,92.0,72.0,472,840.0,8.0,904,848.0,-16.0,0,0,,0.0,0.0,0.0,0.0,0.0,2015-07-30,0,0.0,0.0,0.0,0.0,0.0
2015,8,26,3,WN,2226,N457WN,MDW,PHX,645,640.0,-5.0,8.0,648.0,225.0,204.0,191.0,1444,759.0,5.0,830,804.0,-26.0,0,0,,0.0,0.0,0.0,0.0,0.0,2015-08-26,0,0.0,0.0,0.0,0.0,0.0
2015,7,27,1,B6,381,N258JB,BOS,RIC,2048,2052.0,4.0,18.0,2110.0,101.0,97.0,73.0,474,2223.0,6.0,2229,2229.0,0.0,0,0,,0.0,0.0,0.0,0.0,0.0,2015-07-27,0,0.0,0.0,0.0,0.0,0.0
2015,8,15,6,EV,4145,N22909,TYS,IAH,1655,1651.0,-4.0,8.0,1659.0,142.0,139.0,120.0,771,1759.0,11.0,1817,1810.0,-7.0,0,0,,0.0,0.0,0.0,0.0,0.0,2015-08-15,0,0.0,0.0,0.0,0.0,0.0
2015,7,25,6,MQ,3310,N636MQ,DFW,SJT,1445,1543.0,58.0,14.0,1557.0,55.0,53.0,37.0,229,1634.0,2.0,1540,1636.0,56.0,0,0,,0.0,0.0,52.0,4.0,0.0,2015-07-25,1,0.0,0.0,89.66,6.9,0.0
2015,8,23,7,WN,28,N637SW,DAL,MDW,1435,1505.0,30.0,11.0,1516.0,135.0,124.0,108.0,793,1704.0,5.0,1650,1709.0,19.0,0,0,,0.0,0.0,19.0,0.0,0.0,2015-08-23,1,0.0,0.0,63.33,0.0,0.0
2015,8,19,3,UA,1714,N76522,FLL,IAH,1834,1907.0,33.0,16.0,1923.0,169.0,158.0,135.0,966,2038.0,7.0,2023,2045.0,22.0,0,0,,0.0,0.0,2.0,20.0,0.0,2015-08-19,1,0.0,0.0,6.06,60.61,0.0
2015,8,30,7,OO,3443,N217AG,SLC,SEA,605,559.0,-6.0,18.0,617.0,124.0,131.0,102.0,689,659.0,11.0,709,710.0,1.0,0,0,,0.0,0.0,0.0,0.0,0.0,2015-08-30,0,0.0,0.0,0.0,0.0,0.0
2015,8,29,6,AA,750,N668AW,DFW,PHL,1255,1255.0,0.0,18.0,1313.0,202.0,187.0,166.0,1303,1659.0,3.0,1717,1702.0,-15.0,0,0,,0.0,0.0,0.0,0.0,0.0,2015-08-29,0,0.0,0.0,0.0,0.0,0.0
2015,8,1,6,WN,1673,N355SW,ELP,LAS,1505,1505.0,0.0,14.0,1519.0,105.0,96.0,78.0,583,1537.0,4.0,1550,1541.0,-9.0,0,0,,0.0,0.0,0.0,0.0,0.0,2015-08-01,0,0.0,0.0,0.0,0.0,0.0
2015,8,3,1,MQ,3681,N508MQ,OKC,DFW,1008,1200.0,112.0,9.0,1209.0,60.0,56.0,32.0,175,1241.0,15.0,1108,1256.0,108.0,0,0,,0.0,0.0,10.0,98.0,0.0,2015-08-03,1,0.0,0.0,8.93,87.5,0.0
2015,8,26,3,OO,4637,N810SK,SEA,DEN,1940,1942.0,2.0,20.0,2002.0,166.0,155.0,129.0,1024,2311.0,6.0,2326,2317.0,-9.0,0,0,,0.0,0.0,0.0,0.0,0.0,2015-08-26,0,0.0,0.0,0.0,0.0,0.0
2015,8,13,4,AA,1079,N4WPAA,DFW,TUS,1040,1035.0,-5.0,17.0,1052.0,141.0,123.0,103.0,813,1035.0,3.0,1101,1038.0,-23.0,0,0,,0.0,0.0,0.0,0.0,0.0,2015-08-13,0,0.0,0.0,0.0,0.0,0.0
2015,7,27,1,B6,1186,N296JB,RDU,JFK,1954,1950.0,-4.0,40.0,2030.0,111.0,112.0,69.0,427,2139.0,3.0,2145,2142.0,-3.0,0,0,,0.0,0.0,0.0,0.0,0.0,2015-07-27,0,0.0,0.0,0.0,0.0,0.0
2015,7,23,4,DL,883,N607AT,BNA,DTW,1141,1138.0,-3.0,17.0,1155.0,100.0,101.0,73.0,456,1408.0,11.0,1421,1419.0,-2.0,0,0,,0.0,0.0,0.0,0.0,0.0,2015-07-23,0,0.0,0.0,0.0,0.0,0.0
2015,8,27,4,WN,2179,N357SW,DEN,MSP,1600,1601.0,1.0,14.0,1615.0,115.0,111.0,91.0,680,1846.0,6.0,1855,1852.0,-3.0,0,0,,0.0,0.0,0.0,0.0,0.0,2015-08-27,0,0.0,0.0,0.0,0.0,0.0
2015,8,6,4,OO,4578,N437SW,LAN,MSP,1810,1840.0,30.0,9.0,1849.0,95.0,90.0,77.0,455,1906.0,4.0,1845,1910.0,25.0,0,0,,0.0,0.0,0.0,25.0,0.0,2015-08-06,1,0.0,0.0,0.0,83.33,0.0
2015,8,3,1,AA,2209,N494AA,OMA,DFW,600,558.0,-2.0,14.0,612.0,114.0,103.0,82.0,583,734.0,7.0,754,741.0,-13.0,0,0,,0.0,0.0,0.0,0.0,0.0,2015-08-03,0,0.0,0.0,0.0,0.0,0.0
2015,7,28,2,DL,770,N330NW,SLC,MSP,2020,2017.0,-3.0,14.0,2031.0,150.0,134.0,116.0,991,2327.0,4.0,2350,2331.0,-19.0,0,0,,0.0,0.0,0.0,0.0,0.0,2015-07-28,0,0.0,0.0,0.0,0.0,0.0
2015,8,9,7,EV,4612,N13553,MHT,EWR,1735,1722.0,-13.0,13.0,1735.0,79.0,80.0,52.0,209,1827.0,15.0,1854,1842.0,-12.0,0,0,,0.0,0.0,0.0,0.0,0.0,2015-08-09,0,0.0,0.0,0.0,0.0,0.0
2015,8,15,6,DL,1676,N927AT,BNA,ATL,1440,1435.0,-5.0,19.0,1454.0,76.0,62.0,36.0,214,1630.0,7.0,1656,1637.0,-19.0,0,0,,0.0,0.0,0.0,0.0,0.0,2015-08-15,0,0.0,0.0,0.0,0.0,0.0
2015,8,17,1,EV,5791,N15555,BHM,IAH,1058,1053.0,-5.0,17.0,1110.0,111.0,111.0,85.0,562,1235.0,9.0,1249,1244.0,-5.0,0,0,,0.0,0.0,0.0,0.0,0.0,2015-08-17,0,0.0,0.0,0.0,0.0,0.0
2015,7,31,5,WN,21,N752SW,SEA,DAL,530,533.0,3.0,13.0,546.0,230.0,226.0,207.0,1670,1113.0,6.0,1120,1119.0,-1.0,0,0,,0.0,0.0,0.0,0.0,0.0,2015-07-31,0,0.0,0.0,0.0,0.0,0.0
2015,7,30,4,UA,640,N497UA,EWR,AUS,1753,2254.0,301.0,17.0,2311.0,248.0,201.0,181.0,1504,112.0,3.0,2101,115.0,254.0,0,0,,0.0,0.0,228.0,26.0,0.0,2015-07-30,1,0.0,0.0,75.75,8.64,0.0
2015,8,16,7,WN,2648,N629SW,BWI,MHT,1320,1325.0,5.0,12.0,1337.0,80.0,80.0,64.0,377,1441.0,4.0,1440,1445.0,5.0,0,0,,0.0,0.0,0.0,0.0,0.0,2015-08-16,0,0.0,0.0,0.0,0.0,0.0
2015,8,20,4,AA,1839,N751UW,MSP,PHL,700,654.0,-6.0,16.0,710.0,151.0,158.0,130.0,980,1020.0,12.0,1031,1032.0,1.0,0,0,,0.0,0.0,0.0,0.0,0.0,2015-08-20,0,0.0,0.0,0.0,0.0,0.0
2015,8,25,2,WN,1968,N7823A,SJC,LAX,1935,1943.0,8.0,9.0,1952.0,80.0,69.0,54.0,308,2046.0,6.0,2055,2052.0,-3.0,0,0,,0.0,0.0,0.0,0.0,0.0,2015-08-25,0,0.0,0.0,0.0,0.0,0.0
2015,8,12,3,AS,17,N413AS,EWR,SEA,705,657.0,-8.0,17.0,714.0,355.0,337.0,315.0,2402,929.0,5.0,1000,934.0,-26.0,0,0,,0.0,0.0,0.0,0.0,0.0,2015-08-12,0,0.0,0.0,0.0,0.0,0.0
2015,8,12,3,WN,1677,N760SW,HOU,SNA,835,834.0,-1.0,10.0,844.0,205.0,187.0,165.0,1357,929.0,12.0,1000,941.0,-19.0,0,0,,0.0,0.0,0.0,0.0,0.0,2015-08-12,0,0.0,0.0,0.0,0.0,0.0
2015,8,10,1,DL,2325,N973DL,BWI,ATL,1345,1403.0,18.0,12.0,1415.0,120.0,103.0,80.0,577,1535.0,11.0,1545,1546.0,1.0,0,0,,0.0,0.0,0.0,0.0,0.0,2015-08-10,1,0.0,0.0,0.0,0.0,0.0
2015,8,15,6,NK,356,N615NK,SAN,LAS,1520,1517.0,-3.0,14.0,1531.0,71.0,72.0,53.0,258,1624.0,5.0,1631,1629.0,-2.0,0,0,,0.0,0.0,0.0,0.0,0.0,2015-08-15,0,0.0,0.0,0.0,0.0,0.0
2015,8,19,3,WN,788,N556WN,BWI,MHT,645,642.0,-3.0,9.0,651.0,80.0,73.0,58.0,377,749.0,6.0,805,755.0,-10.0,0,0,,0.0,0.0,0.0,0.0,0.0,2015-08-19,0,0.0,0.0,0.0,0.0,0.0
2015,7,29,3,VX,938,N361VA,SFO,LAX,1830,1920.0,50.0,29.0,1949.0,80.0,94.0,59.0,337,2048.0,6.0,1950,2054.0,64.0,0,0,,41.0,0.0,0.0,23.0,0.0,2015-07-29,1,82.0,0.0,0.0,46.0,0.0
2015,8,7,5,AA,1200,N3DAAA,DFW,DCA,705,701.0,-4.0,21.0,722.0,182.0,184.0,157.0,1192,1059.0,6.0,1107,1105.0,-2.0,0,0,,0.0,0.0,0.0,0.0,0.0,2015-08-07,0,0.0,0.0,0.0,0.0,0.0
2015,8,11,2,WN,3095,N905WN,DEN,RDU,1150,1156.0,6.0,20.0,1216.0,195.0,193.0,168.0,1436,1704.0,5.0,1705,1709.0,4.0,0,0,,0.0,0.0,0.0,0.0,0.0,2015-08-11,0,0.0,0.0,0.0,0.0,0.0
2015,8,11,2,EV,5319,N750EV,ORF,DTW,1111,1108.0,-3.0,12.0,1120.0,111.0,103.0,85.0,529,1245.0,6.0,1302,1251.0,-11.0,0,0,,0.0,0.0,0.0,0.0,0.0,2015-08-11,0,0.0,0.0,0.0,0.0,0.0
2015,8,19,3,AA,1457,N3LMAA,PHL,ORD,510,506.0,-4.0,20.0,526.0,135.0,132.0,99.0,678,605.0,13.0,625,618.0,-7.0,0,0,,0.0,0.0,0.0,0.0,0.0,2015-08-19,0,0.0,0.0,0.0,0.0,0.0
2015,8,18,2,EV,4312,N11181,EWR,DCA,1933,1932.0,-1.0,32.0,2004.0,81.0,95.0,57.0,199,2101.0,6.0,2054,2107.0,13.0,0,0,,0.0,0.0,0.0,0.0,0.0,2015-08-18,0,0.0,0.0,0.0,0.0,0.0
2015,8,24,1,EV,4358,N12569,ORD,BHM,656,652.0,-4.0,22.0,714.0,104.0,116.0,89.0,584,843.0,5.0,840,848.0,8.0,0,0,,0.0,0.0,0.0,0.0,0.0,2015-08-24,0,0.0,0.0,0.0,0.0,0.0
2015,8,6,4,AA,72,N869AA,MCO,DFW,1055,1052.0,-3.0,16.0,1108.0,166.0,160.0,135.0,985,1223.0,9.0,1241,1232.0,-9.0,0,0,,0.0,0.0,0.0,0.0,0.0,2015-08-06,0,0.0,0.0,0.0,0.0,0.0
2015,7,30,4,AS,106,N433AS,ANC,SEA,2350,2349.0,-1.0,12.0,1.0,204.0,196.0,179.0,1448,400.0,5.0,414,405.0,-9.0,0,0,,0.0,0.0,0.0,0.0,0.0,2015-07-30,0,0.0,0.0,0.0,0.0,0.0
2015,8,13,4,WN,2733,N7713A,SAN,SAT,1240,1258.0,18.0,14.0,1312.0,160.0,165.0,147.0,1129,1739.0,4.0,1720,1743.0,23.0,0,0,,5.0,0.0,16.0,2.0,0.0,2015-08-13,1,27.78,0.0,88.89,11.11,0.0
2015,7,31,5,AA,312,N5FEAA,MIA,JFK,2000,2016.0,16.0,22.0,2038.0,189.0,174.0,147.0,1089,2305.0,5.0,2309,2310.0,1.0,0,0,,0.0,0.0,0.0,0.0,0.0,2015-07-31,1,0.0,0.0,0.0,0.0,0.0
2015,8,8,6,MQ,3673,N601MQ,DFW,CLL,1510,1508.0,-2.0,10.0,1518.0,58.0,44.0,30.0,164,1548.0,4.0,1608,1552.0,-16.0,0,0,,0.0,0.0,0.0,0.0,0.0,2015-08-08,0,0.0,0.0,0.0,0.0,0.0
2015,8,2,7,NK,863,N616NK,LBE,MCO,1826,2022.0,116.0,8.0,2030.0,134.0,121.0,104.0,824,2214.0,9.0,2040,2223.0,103.0,0,0,,103.0,0.0,0.0,0.0,0.0,2015-08-02,1,88.79,0.0,0.0,0.0,0.0
2015,8,27,4,OO,4588,N449SW,FAR,MSP,1925,1915.0,-10.0,14.0,1929.0,59.0,58.0,40.0,223,2009.0,4.0,2024,2013.0,-11.0,0,0,,0.0,0.0,0.0,0.0,0.0,2015-08-27,0,0.0,0.0,0.0,0.0,0.0
2015,8,3,1,EV,4452,N14542,IAH,VPS,902,901.0,-1.0,18.0,919.0,104.0,106.0,77.0,528,1036.0,11.0,1046,1047.0,1.0,0,0,,0.0,0.0,0.0,0.0,0.0,2015-08-03,0,0.0,0.0,0.0,0.0,0.0
2015,8,21,5,DL,1140,N353NW,SLC,SAN,1650,1644.0,-6.0,14.0,1658.0,110.0,112.0,95.0,626,1733.0,3.0,1740,1736.0,-4.0,0,0,,0.0,0.0,0.0,0.0,0.0,2015-08-21,0,0.0,0.0,0.0,0.0,0.0
2015,8,24,1,AA,2508,N3FUAA,DFW,BWI,705,702.0,-3.0,10.0,712.0,184.0,159.0,145.0,1217,1037.0,4.0,1109,1041.0,-28.0,0,0,,0.0,0.0,0.0,0.0,0.0,2015-08-24,0,0.0,0.0,0.0,0.0,0.0
2015,7,24,5,WN,51,N522SW,DAL,HOU,1900,1904.0,4.0,7.0,1911.0,65.0,76.0,43.0,239,1954.0,26.0,2005,2020.0,15.0,0,0,,15.0,0.0,0.0,0.0,0.0,2015-07-24,0,375.0,0.0,0.0,0.0,0.0
2015,8,28,5,UA,1951,N73278,ORD,SEA,907,906.0,-1.0,16.0,922.0,276.0,268.0,240.0,1721,1122.0,12.0,1143,1134.0,-9.0,0,0,,0.0,0.0,0.0,0.0,0.0,2015-08-28,0,0.0,0.0,0.0,0.0,0.0
2015,8,12,3,WN,1050,N950WN,MDW,ORF,1340,1354.0,14.0,29.0,1423.0,120.0,127.0,95.0,704,1658.0,3.0,1640,1701.0,21.0,0,0,,7.0,0.0,14.0,0.0,0.0,2015-08-12,0,50.0,0.0,100.0,0.0,0.0
2015,8,24,1,UA,753,N428UA,SEA,SFO,900,933.0,33.0,21.0,954.0,147.0,129.0,106.0,679,1140.0,2.0,1127,1142.0,15.0,0,0,,15.0,0.0,0.0,0.0,0.0,2015-08-24,1,45.45,0.0,0.0,0.0,0.0
2015,8,19,3,DL,2137,N396DA,TPA,ATL,730,727.0,-3.0,9.0,736.0,95.0,86.0,69.0,406,845.0,8.0,905,853.0,-12.0,0,0,,0.0,0.0,0.0,0.0,0.0,2015-08-19,0,0.0,0.0,0.0,0.0,0.0
2015,8,6,4,DL,2243,N972DL,TPA,MSP,1214,1217.0,3.0,12.0,1229.0,196.0,202.0,183.0,1306,1432.0,7.0,1430,1439.0,9.0,0,0,,0.0,0.0,0.0,0.0,0.0,2015-08-06,0,0.0,0.0,0.0,0.0,0.0
2015,8,9,7,DL,2411,N996AT,ATL,AGS,1921,2002.0,41.0,9.0,2011.0,55.0,41.0,28.0,143,2039.0,4.0,2016,2043.0,27.0,0,0,,0.0,0.0,27.0,0.0,0.0,2015-08-09,1,0.0,0.0,65.85,0.0,0.0
2015,8,29,6,MQ,3199,N650MQ,ORD,ALO,1710,1706.0,-4.0,14.0,1720.0,83.0,64.0,43.0,234,1803.0,7.0,1833,1810.0,-23.0,0,0,,0.0,0.0,0.0,0.0,0.0,2015-08-29,0,0.0,0.0,0.0,0.0,0.0
2015,8,3,1,UA,1523,N69826,SFO,SEA,2120,2125.0,5.0,12.0,2137.0,124.0,118.0,90.0,679,2307.0,16.0,2324,2323.0,-1.0,0,0,,0.0,0.0,0.0,0.0,0.0,2015-08-03,0,0.0,0.0,0.0,0.0,0.0
2015,8,13,4,EV,4717,N14905,MCI,IAH,600,627.0,27.0,15.0,642.0,125.0,116.0,92.0,643,814.0,9.0,805,823.0,18.0,0,0,,0.0,0.0,18.0,0.0,0.0,2015-08-13,1,0.0,0.0,66.67,0.0,0.0
2015,8,17,1,EV,5336,N916EV,FSM,ATL,700,652.0,-8.0,19.0,711.0,107.0,106.0,82.0,579,933.0,5.0,947,938.0,-9.0,0,0,,0.0,0.0,0.0,0.0,0.0,2015-08-17,0,0.0,0.0,0.0,0.0,0.0
2015,8,21,5,WN,644,N924WN,IND,RSW,1650,1647.0,-3.0,7.0,1654.0,145.0,133.0,122.0,945,1856.0,4.0,1915,1900.0,-15.0,0,0,,0.0,0.0,0.0,0.0,0.0,2015-08-21,0,0.0,0.0,0.0,0.0,0.0
2015,8,13,4,AS,631,N796AS,PHX,SEA,600,605.0,5.0,12.0,617.0,164.0,167.0,146.0,1107,843.0,9.0,844,852.0,8.0,0,0,,0.0,0.0,0.0,0.0,0.0,2015-08-13,0,0.0,0.0,0.0,0.0,0.0
2015,8,23,7,DL,1796,N907DE,MSP,LGA,1000,1017.0,17.0,13.0,1030.0,159.0,146.0,127.0,1020,1337.0,6.0,1339,1343.0,4.0,0,0,,0.0,0.0,0.0,0.0,0.0,2015-08-23,1,0.0,0.0,0.0,0.0,0.0
2015,8,19,3,WN,55,N635SW,HOU,CRP,2145,2230.0,45.0,6.0,2236.0,50.0,46.0,36.0,187,2312.0,4.0,2235,2316.0,41.0,0,0,,0.0,0.0,22.0,19.0,0.0,2015-08-19,1,0.0,0.0,48.89,42.22,0.0
2015,8,2,7,AA,2403,N4YLAA,LAX,STL,1515,1507.0,-8.0,14.0,1521.0,225.0,223.0,199.0,1592,2040.0,10.0,2100,2050.0,-10.0,0,0,,0.0,0.0,0.0,0.0,0.0,2015-08-02,0,0.0,0.0,0.0,0.0,0.0
2015,8,4,2,AA,126,N3AUAA,LAX,ORD,755,753.0,-2.0,15.0,808.0,254.0,242.0,214.0,1744,1342.0,13.0,1409,1355.0,-14.0,0,0,,0.0,0.0,0.0,0.0,0.0,2015-08-04,0,0.0,0.0,0.0,0.0,0.0
2015,8,30,7,AA,559,N275AY,CLT,PHL,1600,1821.0,141.0,27.0,1848.0,98.0,119.0,78.0,449,2006.0,14.0,1738,2020.0,162.0,0,0,,21.0,0.0,0.0,141.0,0.0,2015-08-30,1,14.89,0.0,0.0,100.0,0.0
2015,7,25,6,WN,1807,N8647A,MDW,MCO,1330,1336.0,6.0,9.0,1345.0,165.0,197.0,157.0,990,1722.0,31.0,1715,1753.0,38.0,0,0,,32.0,0.0,6.0,0.0,0.0,2015-07-25,0,533.33,0.0,100.0,0.0,0.0
2015,8,2,7,DL,2574,N811DZ,ATL,SAN,1926,1924.0,-2.0,12.0,1936.0,270.0,252.0,237.0,1892,2033.0,3.0,2056,2036.0,-20.0,0,0,,0.0,0.0,0.0,0.0,0.0,2015-08-02,0,0.0,0.0,0.0,0.0,0.0
2015,8,24,1,UA,398,N828UA,IAH,SMF,907,902.0,-5.0,29.0,931.0,248.0,244.0,209.0,1609,1100.0,6.0,1115,1106.0,-9.0,0,0,,0.0,0.0,0.0,0.0,0.0,2015-08-24,0,0.0,0.0,0.0,0.0,0.0
2015,8,30,7,AS,876,N518AS,KOA,SEA,1300,1257.0,-3.0,18.0,1315.0,349.0,360.0,333.0,2688,2148.0,9.0,2149,2157.0,8.0,0,0,,0.0,0.0,0.0,0.0,0.0,2015-08-30,0,0.0,0.0,0.0,0.0,0.0
2015,8,20,4,EV,5166,N841AS,ATL,BTR,912,908.0,-4.0,19.0,927.0,88.0,95.0,73.0,448,940.0,3.0,940,943.0,3.0,0,0,,0.0,0.0,0.0,0.0,0.0,2015-08-20,0,0.0,0.0,0.0,0.0,0.0
2015,7,27,1,EV,4748,N16147,DCA,EWR,2119,2122.0,3.0,15.0,2137.0,70.0,64.0,43.0,199,2220.0,6.0,2229,2226.0,-3.0,0,0,,0.0,0.0,0.0,0.0,0.0,2015-07-27,0,0.0,0.0,0.0,0.0,0.0
2015,7,24,5,DL,522,N368NW,SLC,CLT,1705,1713.0,8.0,15.0,1728.0,241.0,223.0,197.0,1727,2245.0,11.0,2306,2256.0,-10.0,0,0,,0.0,0.0,0.0,0.0,0.0,2015-07-24,0,0.0,0.0,0.0,0.0,0.0
2015,8,1,6,DL,1487,N911DE,ATL,PBI,925,930.0,5.0,15.0,945.0,105.0,99.0,78.0,545,1103.0,6.0,1110,1109.0,-1.0,0,0,,0.0,0.0,0.0,0.0,0.0,2015-08-01,0,0.0,0.0,0.0,0.0,0.0
2015,8,19,3,HA,153,N475HA,HNL,LIH,1320,1319.0,-1.0,17.0,1336.0,39.0,45.0,24.0,102,1400.0,4.0,1359,1404.0,5.0,0,0,,0.0,0.0,0.0,0.0,0.0,2015-08-19,0,0.0,0.0,0.0,0.0,0.0
2015,8,7,5,UA,640,N813UA,ORD,EWR,1125,1148.0,23.0,17.0,1205.0,138.0,121.0,100.0,719,1445.0,4.0,1443,1449.0,6.0,0,0,,0.0,0.0,0.0,0.0,0.0,2015-08-07,1,0.0,0.0,0.0,0.0,0.0
2015,8,6,4,WN,989,N232WN,PHX,SAT,1935,1940.0,5.0,9.0,1949.0,130.0,120.0,107.0,843,2336.0,4.0,2345,2340.0,-5.0,0,0,,0.0,0.0,0.0,0.0,0.0,2015-08-06,0,0.0,0.0,0.0,0.0,0.0
2015,7,27,1,AA,695,N177US,TPA,CLT,1140,1133.0,-7.0,11.0,1144.0,103.0,99.0,75.0,507,1259.0,13.0,1323,1312.0,-11.0,0,0,,0.0,0.0,0.0,0.0,0.0,2015-07-27,0,0.0,0.0,0.0,0.0,0.0
2015,8,15,6,WN,1084,N7811F,FLL,MSY,1430,1454.0,24.0,21.0,1515.0,125.0,127.0,103.0,674,1558.0,3.0,1535,1601.0,26.0,0,0,,8.0,0.0,0.0,18.0,0.0,2015-08-15,1,33.33,0.0,0.0,75.0,0.0
2015,8,30,7,EV,4944,N843AS,SCE,DTW,1156,1154.0,-2.0,4.0,1158.0,77.0,65.0,58.0,301,1256.0,3.0,1313,1259.0,-14.0,0,0,,0.0,0.0,0.0,0.0,0.0,2015-08-30,0,0.0,0.0,0.0,0.0,0.0
2015,8,27,4,EV,5390,N717EV,MDW,DTW,900,853.0,-7.0,9.0,902.0,70.0,60.0,42.0,228,1044.0,9.0,1110,1053.0,-17.0,0,0,,0.0,0.0,0.0,0.0,0.0,2015-08-27,0,0.0,0.0,0.0,0.0,0.0
2015,7,26,7,AS,69,N703AS,SEA,KTN,1845,1900.0,15.0,23.0,1923.0,116.0,134.0,107.0,680,2010.0,4.0,1941,2014.0,33.0,0,0,,18.0,0.0,15.0,0.0,0.0,2015-07-26,0,120.0,0.0,100.0,0.0,0.0
2015,7,25,6,AA,232,N3FRAA,DFW,ATL,1515,1550.0,35.0,18.0,1608.0,139.0,126.0,99.0,731,1847.0,9.0,1834,1856.0,22.0,0,0,,0.0,0.0,22.0,0.0,0.0,2015-07-25,1,0.0,0.0,62.86,0.0,0.0
2015,8,19,3,AA,1874,N725UW,MCO,DCA,1759,1804.0,5.0,30.0,1834.0,129.0,166.0,122.0,759,2036.0,14.0,2008,2050.0,42.0,0,0,,37.0,0.0,5.0,0.0,0.0,2015-08-19,0,740.0,0.0,100.0,0.0,0.0
2015,8,11,2,WN,908,N8612K,LAX,BWI,655,711.0,16.0,11.0,722.0,300.0,282.0,265.0,2329,1447.0,6.0,1455,1453.0,-2.0,0,0,,0.0,0.0,0.0,0.0,0.0,2015-08-11,1,0.0,0.0,0.0,0.0,0.0
2015,8,15,6,AA,212,N5DGAA,OGG,LAX,1534,1944.0,250.0,11.0,1955.0,311.0,299.0,281.0,2486,336.0,7.0,2345,343.0,238.0,0,0,,0.0,0.0,105.0,133.0,0.0,2015-08-15,1,0.0,0.0,42.0,53.2,0.0
2015,8,30,7,WN,2840,N272WN,MCO,SAT,1520,1525.0,5.0,11.0,1536.0,165.0,154.0,139.0,1041,1655.0,4.0,1705,1659.0,-6.0,0,0,,0.0,0.0,0.0,0.0,0.0,2015-08-30,0,0.0,0.0,0.0,0.0,0.0
2015,8,13,4,WN,612,N708SW,OAK,ONT,1850,1910.0,20.0,6.0,1916.0,75.0,77.0,67.0,362,2023.0,4.0,2005,2027.0,22.0,0,0,,2.0,0.0,19.0,1.0,0.0,2015-08-13,1,10.0,0.0,95.0,5.0,0.0
2015,8,1,6,UA,239,N440UA,LAX,SFO,1000,955.0,-5.0,22.0,1017.0,92.0,81.0,54.0,337,1111.0,5.0,1132,1116.0,-16.0,0,0,,0.0,0.0,0.0,0.0,0.0,2015-08-01,0,0.0,0.0,0.0,0.0,0.0
2015,8,20,4,UA,1463,N54711,CLE,ORD,1036,1034.0,-2.0,11.0,1045.0,91.0,72.0,56.0,315,1041.0,5.0,1107,1046.0,-21.0,0,0,,0.0,0.0,0.0,0.0,0.0,2015-08-20,0,0.0,0.0,0.0,0.0,0.0
2015,8,22,6,WN,630,N554WN,PHX,SFO,1730,1730.0,0.0,7.0,1737.0,115.0,102.0,90.0,651,1907.0,5.0,1925,1912.0,-13.0,0,0,,0.0,0.0,0.0,0.0,0.0,2015-08-22,0,0.0,0.0,0.0,0.0,0.0
2015,8,8,6,MQ,3263,N908MQ,ORD,TUL,708,706.0,-2.0,9.0,715.0,119.0,97.0,86.0,585,841.0,2.0,907,843.0,-24.0,0,0,,0.0,0.0,0.0,0.0,0.0,2015-08-08,0,0.0,0.0,0.0,0.0,0.0
2015,8,18,2,NK,417,N602NK,DTW,FLL,630,627.0,-3.0,9.0,636.0,174.0,167.0,150.0,1127,906.0,8.0,924,914.0,-10.0,0,0,,0.0,0.0,0.0,0.0,0.0,2015-08-18,0,0.0,0.0,0.0,0.0,0.0
2015,8,5,3,EV,4931,N398CA,PWM,DTW,1631,1626.0,-5.0,22.0,1648.0,124.0,137.0,110.0,668,1838.0,5.0,1835,1843.0,8.0,0,0,,0.0,0.0,0.0,0.0,0.0,2015-08-05,0,0.0,0.0,0.0,0.0,0.0
2015,8,10,1,EV,4237,N14977,ORF,ORD,1644,1932.0,168.0,10.0,1942.0,135.0,149.0,117.0,717,2039.0,22.0,1759,2101.0,182.0,0,0,,182.0,0.0,0.0,0.0,0.0,2015-08-10,1,108.33,0.0,0.0,0.0,0.0
2015,8,20,4,AA,2517,N390AA,MCO,MIA,906,902.0,-4.0,13.0,915.0,64.0,73.0,38.0,192,953.0,22.0,1010,1015.0,5.0,0,0,,0.0,0.0,0.0,0.0,0.0,2015-08-20,0,0.0,0.0,0.0,0.0,0.0
2015,8,19,3,AA,895,N576UW,PHX,ORD,1230,1231.0,1.0,11.0,1242.0,213.0,191.0,170.0,1440,1732.0,10.0,1803,1742.0,-21.0,0,0,,0.0,0.0,0.0,0.0,0.0,2015-08-19,0,0.0,0.0,0.0,0.0,0.0
2015,8,1,6,WN,3873,N557WN,SAT,DEN,620,617.0,-3.0,8.0,625.0,135.0,125.0,111.0,794,716.0,6.0,735,722.0,-13.0,0,0,,0.0,0.0,0.0,0.0,0.0,2015-08-01,0,0.0,0.0,0.0,0.0,0.0
2015,8,20,4,WN,49,N913WN,HOU,BNA,2015,2132.0,77.0,8.0,2140.0,110.0,98.0,82.0,670,2302.0,8.0,2205,2310.0,65.0,0,0,,0.0,0.0,49.0,16.0,0.0,2015-08-20,1,0.0,0.0,63.64,20.78,0.0
2015,8,20,4,WN,44,N559WN,HOU,DAL,1700,1713.0,13.0,12.0,1725.0,60.0,65.0,43.0,239,1808.0,10.0,1800,1818.0,18.0,0,0,,5.0,0.0,13.0,0.0,0.0,2015-08-20,0,38.46,0.0,100.0,0.0,0.0
2015,8,9,7,B6,26,N715JB,TPA,JFK,1542,1541.0,-1.0,21.0,1602.0,177.0,176.0,151.0,1005,1833.0,4.0,1839,1837.0,-2.0,0,0,,0.0,0.0,0.0,0.0,0.0,2015-08-09,0,0.0,0.0,0.0,0.0,0.0
2015,8,22,6,AA,720,N569UW,PHX,CLT,1000,957.0,-3.0,11.0,1008.0,248.0,248.0,204.0,1773,1632.0,33.0,1708,1705.0,-3.0,0,0,,0.0,0.0,0.0,0.0,0.0,2015-08-22,0,0.0,0.0,0.0,0.0,0.0
2015,8,5,3,DL,1626,N960AT,ATL,BHM,1525,1524.0,-1.0,14.0,1538.0,60.0,43.0,24.0,134,1502.0,5.0,1525,1507.0,-18.0,0,0,,0.0,0.0,0.0,0.0,0.0,2015-08-05,0,0.0,0.0,0.0,0.0,0.0
2015,7,28,2,EV,6144,N14570,ABE,ORD,1725,1726.0,1.0,10.0,1736.0,124.0,143.0,120.0,654,1836.0,13.0,1829,1849.0,20.0,0,0,,19.0,0.0,1.0,0.0,0.0,2015-07-28,0,1900.0,0.0,100.0,0.0,0.0
2015,8,14,5,WN,1215,N470WN,SMF,DAL,615,615.0,0.0,8.0,623.0,205.0,191.0,179.0,1442,1122.0,4.0,1140,1126.0,-14.0,0,0,,0.0,0.0,0.0,0.0,0.0,2015-08-14,0,0.0,0.0,0.0,0.0,0.0
2015,8,18,2,DL,835,N914DE,ATL,GSO,2115,2156.0,41.0,26.0,2222.0,79.0,100.0,70.0,306,2332.0,4.0,2234,2336.0,62.0,0,0,,21.0,0.0,0.0,37.0,4.0,2015-08-18,1,51.22,0.0,0.0,90.24,9.76
2015,8,27,4,WN,187,N7748A,MDW,CHS,850,938.0,48.0,7.0,945.0,120.0,113.0,97.0,745,1222.0,9.0,1150,1231.0,41.0,0,0,,0.0,0.0,41.0,0.0,0.0,2015-08-27,1,0.0,0.0,85.42,0.0,0.0
2015,7,30,4,EV,5121,N712EV,LGA,BNA,759,755.0,-4.0,28.0,823.0,144.0,138.0,106.0,764,909.0,4.0,923,913.0,-10.0,0,0,,0.0,0.0,0.0,0.0,0.0,2015-07-30,0,0.0,0.0,0.0,0.0,0.0
2015,8,26,3,AS,699,N796AS,GEG,SEA,600,557.0,-3.0,13.0,610.0,59.0,67.0,45.0,224,655.0,9.0,659,704.0,5.0,0,0,,0.0,0.0,0.0,0.0,0.0,2015-08-26,0,0.0,0.0,0.0,0.0,0.0
2015,8,27,4,F9,573,N908FR,DEN,SLC,810,807.0,-3.0,12.0,819.0,84.0,83.0,65.0,391,924.0,6.0,934,930.0,-4.0,0,0,,0.0,0.0,0.0,0.0,0.0,2015-08-27,0,0.0,0.0,0.0,0.0,0.0
2015,7,29,3,OO,4694,N807SK,HLN,MSP,600,554.0,-6.0,13.0,607.0,144.0,146.0,120.0,913,907.0,13.0,924,920.0,-4.0,0,0,,0.0,0.0,0.0,0.0,0.0,2015-07-29,0,0.0,0.0,0.0,0.0,0.0
2015,8,19,3,OO,2964,N886AS,PHX,GJT,1500,1456.0,-4.0,14.0,1510.0,86.0,93.0,73.0,438,1723.0,6.0,1726,1729.0,3.0,0,0,,0.0,0.0,0.0,0.0,0.0,2015-08-19,0,0.0,0.0,0.0,0.0,0.0
2015,8,23,7,DL,2527,N3740C,CVG,FLL,937,933.0,-4.0,11.0,944.0,147.0,135.0,121.0,932,1145.0,3.0,1204,1148.0,-16.0,0,0,,0.0,0.0,0.0,0.0,0.0,2015-08-23,0,0.0,0.0,0.0,0.0,0.0
2015,8,24,1,EV,3947,N11192,MSN,ORD,1211,1206.0,-5.0,12.0,1218.0,52.0,49.0,27.0,108,1245.0,10.0,1303,1255.0,-8.0,0,0,,0.0,0.0,0.0,0.0,0.0,2015-08-24,0,0.0,0.0,0.0,0.0,0.0
2015,7,30,4,WN,2954,N649SW,PHX,ELP,1425,1431.0,6.0,9.0,1440.0,70.0,63.0,50.0,347,1630.0,4.0,1635,1634.0,-1.0,0,0,,0.0,0.0,0.0,0.0,0.0,2015-07-30,0,0.0,0.0,0.0,0.0,0.0
2015,8,5,3,DL,2648,N896AT,ATL,CAE,2305,2303.0,-2.0,11.0,2314.0,54.0,51.0,36.0,192,2350.0,4.0,2359,2354.0,-5.0,0,0,,0.0,0.0,0.0,0.0,0.0,2015-08-05,0,0.0,0.0,0.0,0.0,0.0
2015,8,29,6,AA,2046,N542UW,CLT,RSW,1620,1617.0,-3.0,21.0,1638.0,116.0,115.0,90.0,600,1808.0,4.0,1816,1812.0,-4.0,0,0,,0.0,0.0,0.0,0.0,0.0,2015-08-29,0,0.0,0.0,0.0,0.0,0.0
2015,8,30,7,OO,2953,N944SW,PHX,TUS,1025,1015.0,-10.0,20.0,1035.0,59.0,52.0,26.0,110,1101.0,6.0,1124,1107.0,-17.0,0,0,,0.0,0.0,0.0,0.0,0.0,2015-08-30,0,0.0,0.0,0.0,0.0,0.0
2015,8,25,2,AA,2261,N4UCAA,DFW,TPA,1510,1521.0,11.0,15.0,1536.0,153.0,142.0,124.0,929,1840.0,3.0,1843,1843.0,0.0,0,0,,0.0,0.0,0.0,0.0,0.0,2015-08-25,0,0.0,0.0,0.0,0.0,0.0
2015,8,1,6,AS,530,N520AS,SEA,ONT,700,700.0,0.0,30.0,730.0,154.0,161.0,127.0,956,937.0,4.0,934,941.0,7.0,0,0,,0.0,0.0,0.0,0.0,0.0,2015-08-01,0,0.0,0.0,0.0,0.0,0.0
2015,8,27,4,EV,2664,N830AS,GRK,DFW,1330,1315.0,-15.0,16.0,1331.0,54.0,55.0,31.0,134,1402.0,8.0,1424,1410.0,-14.0,0,0,,0.0,0.0,0.0,0.0,0.0,2015-08-27,0,0.0,0.0,0.0,0.0,0.0
2015,8,6,4,EV,2627,N629AE,DFW,BRO,900,850.0,-10.0,23.0,913.0,101.0,96.0,69.0,482,1022.0,4.0,1041,1026.0,-15.0,0,0,,0.0,0.0,0.0,0.0,0.0,2015-08-06,0,0.0,0.0,0.0,0.0,0.0
2015,8,11,2,WN,168,N757LV,OMA,PHX,1555,1554.0,-1.0,9.0,1603.0,170.0,157.0,143.0,1037,1626.0,5.0,1645,1631.0,-14.0,0,0,,0.0,0.0,0.0,0.0,0.0,2015-08-11,0,0.0,0.0,0.0,0.0,0.0
2015,8,9,7,DL,2206,N354NB,ORF,ATL,1627,1620.0,-7.0,11.0,1631.0,113.0,90.0,74.0,516,1745.0,5.0,1820,1750.0,-30.0,0,0,,0.0,0.0,0.0,0.0,0.0,2015-08-09,0,0.0,0.0,0.0,0.0,0.0
2015,7,26,7,AA,1373,N025AA,DFW,JAX,1155,1236.0,41.0,13.0,1249.0,151.0,134.0,116.0,918,1545.0,5.0,1526,1550.0,24.0,0,0,,0.0,0.0,2.0,22.0,0.0,2015-07-26,1,0.0,0.0,4.88,53.66,0.0
2015,8,14,5,AA,1087,N021AA,ATL,DFW,1725,1721.0,-4.0,7.0,1728.0,143.0,131.0,104.0,731,1812.0,20.0,1848,1832.0,-16.0,0,0,,0.0,0.0,0.0,0.0,0.0,2015-08-14,0,0.0,0.0,0.0,0.0,0.0
2015,8,29,6,UA,1640,N17104,LAX,EWR,747,744.0,-3.0,12.0,756.0,328.0,332.0,303.0,2454,1559.0,17.0,1615,1616.0,1.0,0,0,,0.0,0.0,0.0,0.0,0.0,2015-08-29,0,0.0,0.0,0.0,0.0,0.0
2015,8,15,6,OO,5345,N920SW,ORD,MBS,1720,1728.0,8.0,34.0,1802.0,70.0,78.0,40.0,222,1942.0,4.0,1930,1946.0,16.0,0,0,,8.0,0.0,0.0,0.0,8.0,2015-08-15,0,100.0,0.0,0.0,0.0,100.0
2015,8,5,3,UA,1402,N76519,DEN,PDX,1910,2301.0,231.0,10.0,2311.0,160.0,155.0,142.0,991,33.0,3.0,2050,36.0,226.0,0,0,,0.0,0.0,1.0,225.0,0.0,2015-08-05,1,0.0,0.0,0.43,97.4,0.0
2015,8,30,7,AA,2040,N169UW,MCO,PHL,615,613.0,-2.0,20.0,633.0,142.0,155.0,124.0,861,837.0,11.0,837,848.0,11.0,0,0,,0.0,0.0,0.0,0.0,0.0,2015-08-30,0,0.0,0.0,0.0,0.0,0.0
2015,8,16,7,AA,17,N006AA,LAX,AUS,625,621.0,-4.0,19.0,640.0,192.0,183.0,158.0,1242,1118.0,6.0,1137,1124.0,-13.0,0,0,,0.0,0.0,0.0,0.0,0.0,2015-08-16,0,0.0,0.0,0.0,0.0,0.0
2015,8,3,1,WN,4062,N444WN,STL,MCI,2150,2343.0,113.0,6.0,2349.0,60.0,55.0,42.0,237,31.0,7.0,2250,38.0,108.0,0,0,,0.0,0.0,0.0,108.0,0.0,2015-08-03,1,0.0,0.0,0.0,95.58,0.0
2015,7,30,4,AS,66,N765AS,ANC,CDV,1527,1522.0,-5.0,11.0,1533.0,46.0,46.0,31.0,160,1604.0,4.0,1613,1608.0,-5.0,0,0,,0.0,0.0,0.0,0.0,0.0,2015-07-30,0,0.0,0.0,0.0,0.0,0.0
2015,7,30,4,EV,5130,N605QX,ATL,CAE,1025,1018.0,-7.0,16.0,1034.0,60.0,57.0,37.0,192,1111.0,4.0,1125,1115.0,-10.0,0,0,,0.0,0.0,0.0,0.0,0.0,2015-07-30,0,0.0,0.0,0.0,0.0,0.0
2015,7,31,5,DL,2329,N821DN,SEA,ANC,1718,1803.0,45.0,34.0,1837.0,208.0,228.0,192.0,1448,2049.0,2.0,1946,2051.0,65.0,0,0,,20.0,0.0,45.0,0.0,0.0,2015-07-31,1,44.44,0.0,100.0,0.0,0.0
2015,7,23,4,DL,2371,N363NW,MSP,SMF,1747,1829.0,42.0,10.0,1839.0,227.0,224.0,211.0,1517,2010.0,3.0,1934,2013.0,39.0,0,0,,0.0,0.0,39.0,0.0,0.0,2015-07-23,1,0.0,0.0,92.86,0.0,0.0
2015,8,9,7,WN,931,N966WN,BWI,FLL,1325,1323.0,-2.0,12.0,1335.0,155.0,125.0,109.0,925,1524.0,4.0,1600,1528.0,-32.0,0,0,,0.0,0.0,0.0,0.0,0.0,2015-08-09,0,0.0,0.0,0.0,0.0,0.0
2015,8,27,4,DL,1832,N972AT,DTW,STL,1223,1221.0,-2.0,15.0,1236.0,100.0,87.0,66.0,440,1242.0,6.0,1303,1248.0,-15.0,0,0,,0.0,0.0,0.0,0.0,0.0,2015-08-27,0,0.0,0.0,0.0,0.0,0.0
2015,7,29,3,UA,1604,N17752,LGA,ORD,705,705.0,0.0,20.0,725.0,149.0,137.0,109.0,733,814.0,8.0,834,822.0,-12.0,0,0,,0.0,0.0,0.0,0.0,0.0,2015-07-29,0,0.0,0.0,0.0,0.0,0.0
2015,7,23,4,AA,1824,N965UW,BOS,PHL,830,825.0,-5.0,15.0,840.0,90.0,79.0,56.0,280,936.0,8.0,1000,944.0,-16.0,0,0,,0.0,0.0,0.0,0.0,0.0,2015-07-23,0,0.0,0.0,0.0,0.0,0.0
2015,7,25,6,WN,931,N659SW,ATL,STL,2010,2017.0,7.0,11.0,2028.0,110.0,90.0,76.0,484,2044.0,3.0,2100,2047.0,-13.0,0,0,,0.0,0.0,0.0,0.0,0.0,2015-07-25,0,0.0,0.0,0.0,0.0,0.0
2015,8,4,2,DL,332,N3741S,SJU,JFK,1720,1712.0,-8.0,14.0,1726.0,250.0,222.0,199.0,1598,2045.0,9.0,2130,2054.0,-36.0,0,0,,0.0,0.0,0.0,0.0,0.0,2015-08-04,0,0.0,0.0,0.0,0.0,0.0
2015,8,4,2,WN,4385,N233LV,STL,DCA,830,826.0,-4.0,10.0,836.0,115.0,105.0,90.0,719,1106.0,5.0,1125,1111.0,-14.0,0,0,,0.0,0.0,0.0,0.0,0.0,2015-08-04,0,0.0,0.0,0.0,0.0,0.0
2015,8,22,6,AA,1812,N762US,IAH,CLT,1735,1727.0,-8.0,10.0,1737.0,154.0,139.0,120.0,912,2037.0,9.0,2109,2046.0,-23.0,0,0,,0.0,0.0,0.0,0.0,0.0,2015-08-22,0,0.0,0.0,0.0,0.0,0.0
2015,7,28,2,WN,829,N613SW,DAL,AUS,1545,1602.0,17.0,15.0,1617.0,50.0,52.0,32.0,189,1649.0,5.0,1635,1654.0,19.0,0,0,,2.0,0.0,12.0,5.0,0.0,2015-07-28,1,11.76,0.0,70.59,29.41,0.0
2015,8,2,7,AA,1745,N748UW,DTW,CLT,1350,1348.0,-2.0,13.0,1401.0,110.0,96.0,77.0,500,1518.0,6.0,1540,1524.0,-16.0,0,0,,0.0,0.0,0.0,0.0,0.0,2015-08-02,0,0.0,0.0,0.0,0.0,0.0
2015,7,25,6,MQ,3199,N601MQ,ORD,ALO,1710,1734.0,24.0,35.0,1809.0,83.0,83.0,40.0,234,1849.0,8.0,1833,1857.0,24.0,0,0,,0.0,0.0,24.0,0.0,0.0,2015-07-25,1,0.0,0.0,100.0,0.0,0.0
2015,7,27,1,B6,678,N508JB,JAX,JFK,1050,1058.0,8.0,12.0,1110.0,143.0,123.0,107.0,828,1257.0,4.0,1313,1301.0,-12.0,0,0,,0.0,0.0,0.0,0.0,0.0,2015-07-27,0,0.0,0.0,0.0,0.0,0.0
2015,8,3,1,AA,2347,N567AA,DFW,CMH,1155,1200.0,5.0,24.0,1224.0,154.0,151.0,121.0,926,1525.0,6.0,1529,1531.0,2.0,0,0,,0.0,0.0,0.0,0.0,0.0,2015-08-03,0,0.0,0.0,0.0,0.0,0.0
2015,8,8,6,DL,1218,N328NB,DCA,DTW,940,938.0,-2.0,9.0,947.0,88.0,74.0,59.0,405,1046.0,6.0,1108,1052.0,-16.0,0,0,,0.0,0.0,0.0,0.0,0.0,2015-08-08,0,0.0,0.0,0.0,0.0,0.0
2015,8,23,7,DL,2075,N933DL,MCI,ATL,1224,1241.0,17.0,8.0,1249.0,124.0,109.0,93.0,692,1522.0,8.0,1528,1530.0,2.0,0,0,,0.0,0.0,0.0,0.0,0.0,2015-08-23,1,0.0,0.0,0.0,0.0,0.0
2015,8,9,7,OO,2954,N468CA,PHX,TUS,1215,1218.0,3.0,19.0,1237.0,50.0,48.0,23.0,110,1300.0,6.0,1305,1306.0,1.0,0,0,,0.0,0.0,0.0,0.0,0.0,2015-08-09,0,0.0,0.0,0.0,0.0,0.0
2015,7,29,3,AA,683,N680AW,SMF,PHX,1230,1233.0,3.0,10.0,1243.0,110.0,107.0,91.0,647,1414.0,6.0,1420,1420.0,0.0,0,0,,0.0,0.0,0.0,0.0,0.0,2015-07-29,0,0.0,0.0,0.0,0.0,0.0
2015,7,31,5,DL,1925,N937DL,BWI,ATL,1000,957.0,-3.0,13.0,1010.0,112.0,100.0,82.0,577,1132.0,5.0,1152,1137.0,-15.0,0,0,,0.0,0.0,0.0,0.0,0.0,2015-07-31,0,0.0,0.0,0.0,0.0,0.0
2015,8,21,5,AA,1943,N173US,MCO,CLT,640,640.0,0.0,38.0,718.0,100.0,120.0,77.0,468,835.0,5.0,820,840.0,20.0,0,0,,20.0,0.0,0.0,0.0,0.0,2015-08-21,0,inf,0.0,0.0,0.0,0.0
2015,8,8,6,AS,400,N318AS,PDX,SFO,1325,1323.0,-2.0,11.0,1334.0,110.0,104.0,85.0,550,1459.0,8.0,1515,1507.0,-8.0,0,0,,0.0,0.0,0.0,0.0,0.0,2015-08-08,0,0.0,0.0,0.0,0.0,0.0
2015,8,8,6,AA,2394,N3HRAA,SLC,MIA,2355,2344.0,-11.0,12.0,2356.0,285.0,267.0,249.0,2088,605.0,6.0,640,611.0,-29.0,0,0,,0.0,0.0,0.0,0.0,0.0,2015-08-08,0,0.0,0.0,0.0,0.0,0.0
2015,8,15,6,AS,62,N756AS,SIT,KTN,1144,1131.0,-13.0,14.0,1145.0,51.0,48.0,30.0,183,1215.0,4.0,1235,1219.0,-16.0,0,0,,0.0,0.0,0.0,0.0,0.0,2015-08-15,0,0.0,0.0,0.0,0.0,0.0
2015,8,12,3,DL,2511,N837DN,SLC,ANC,2042,2038.0,-4.0,13.0,2051.0,288.0,282.0,265.0,2125,2316.0,4.0,2330,2320.0,-10.0,0,0,,0.0,0.0,0.0,0.0,0.0,2015-08-12,0,0.0,0.0,0.0,0.0,0.0
2015,8,2,7,WN,1355,N609SW,MCO,BWI,1015,1016.0,1.0,10.0,1026.0,130.0,122.0,109.0,787,1215.0,3.0,1225,1218.0,-7.0,0,0,,0.0,0.0,0.0,0.0,0.0,2015-08-02,0,0.0,0.0,0.0,0.0,0.0
2015,8,28,5,EV,5005,N608QX,MKE,LGA,1105,1056.0,-9.0,9.0,1105.0,129.0,134.0,110.0,738,1355.0,15.0,1414,1410.0,-4.0,0,0,,0.0,0.0,0.0,0.0,0.0,2015-08-28,0,0.0,0.0,0.0,0.0,0.0
2015,8,15,6,WN,4110,N249WN,LAS,RNO,1320,1324.0,4.0,11.0,1335.0,80.0,69.0,53.0,345,1428.0,5.0,1440,1433.0,-7.0,0,0,,0.0,0.0,0.0,0.0,0.0,2015-08-15,0,0.0,0.0,0.0,0.0,0.0
2015,8,12,3,DL,1079,N334NW,BIL,MSP,600,554.0,-6.0,10.0,604.0,114.0,110.0,91.0,748,835.0,9.0,854,844.0,-10.0,0,0,,0.0,0.0,0.0,0.0,0.0,2015-08-12,0,0.0,0.0,0.0,0.0,0.0
2015,7,31,5,B6,1516,N273JB,JFK,SYR,1559,1714.0,75.0,43.0,1757.0,94.0,85.0,39.0,209,1836.0,3.0,1733,1839.0,66.0,0,0,,0.0,0.0,7.0,59.0,0.0,2015-07-31,1,0.0,0.0,9.33,78.67,0.0
2015,7,22,3,UA,1209,N33262,FAI,ORD,2015,2342.0,207.0,10.0,2352.0,351.0,345.0,326.0,2785,818.0,9.0,506,827.0,201.0,0,0,,0.0,0.0,15.0,186.0,0.0,2015-07-22,1,0.0,0.0,7.25,89.86,0.0
2015,8,14,5,DL,1463,N324NB,ATL,CHS,1056,1051.0,-5.0,17.0,1108.0,71.0,68.0,43.0,259,1151.0,8.0,1207,1159.0,-8.0,0,0,,0.0,0.0,0.0,0.0,0.0,2015-08-14,0,0.0,0.0,0.0,0.0,0.0
2015,8,22,6,B6,928,N638JB,MCO,EWR,1325,1325.0,0.0,15.0,1340.0,165.0,144.0,120.0,937,1540.0,9.0,1610,1549.0,-21.0,0,0,,0.0,0.0,0.0,0.0,0.0,2015-08-22,0,0.0,0.0,0.0,0.0,0.0
2015,7,27,1,WN,2060,N7818L,MCO,FNT,1325,1352.0,27.0,19.0,1411.0,155.0,161.0,138.0,1011,1629.0,4.0,1600,1633.0,33.0,0,0,,6.0,0.0,14.0,13.0,0.0,2015-07-27,1,22.22,0.0,51.85,48.15,0.0
2015,8,6,4,WN,2068,N386SW,SAN,LAS,1900,1938.0,38.0,11.0,1949.0,70.0,68.0,50.0,258,2039.0,7.0,2010,2046.0,36.0,0,0,,10.0,0.0,0.0,26.0,0.0,2015-08-06,1,26.32,0.0,0.0,68.42,0.0
2015,8,23,7,DL,1586,N909DA,ATL,LGA,1345,1349.0,4.0,16.0,1405.0,146.0,120.0,98.0,762,1543.0,6.0,1611,1549.0,-22.0,0,0,,0.0,0.0,0.0,0.0,0.0,2015-08-23,0,0.0,0.0,0.0,0.0,0.0
2015,7,25,6,WN,1141,N354SW,DEN,LAS,2115,2110.0,-5.0,8.0,2118.0,105.0,104.0,92.0,628,2150.0,4.0,2200,2154.0,-6.0,0,0,,0.0,0.0,0.0,0.0,0.0,2015-07-25,0,0.0,0.0,0.0,0.0,0.0
2015,8,17,1,MQ,3046,N668MQ,BMI,ORD,1015,1004.0,-11.0,8.0,1012.0,55.0,48.0,31.0,116,1043.0,9.0,1110,1052.0,-18.0,0,0,,0.0,0.0,0.0,0.0,0.0,2015-08-17,0,0.0,0.0,0.0,0.0,0.0
2015,7,31,5,WN,930,N261WN,HOU,MCO,2010,2048.0,38.0,6.0,2054.0,135.0,128.0,116.0,849,2350.0,6.0,2325,2356.0,31.0,0,0,,0.0,0.0,20.0,11.0,0.0,2015-07-31,1,0.0,0.0,52.63,28.95,0.0
2015,8,11,2,DL,826,N353NW,CLT,ATL,1825,1909.0,44.0,32.0,1941.0,89.0,82.0,41.0,226,2022.0,9.0,1954,2031.0,37.0,0,0,,0.0,0.0,0.0,37.0,0.0,2015-08-11,1,0.0,0.0,0.0,84.09,0.0
2015,8,5,3,WN,955,N8630B,MDW,BWI,1625,1623.0,-2.0,20.0,1643.0,115.0,104.0,80.0,611,1903.0,4.0,1920,1907.0,-13.0,0,0,,0.0,0.0,0.0,0.0,0.0,2015-08-05,0,0.0,0.0,0.0,0.0,0.0
2015,8,30,7,WN,1856,N213WN,LAX,SJC,1800,1756.0,-4.0,15.0,1811.0,65.0,67.0,48.0,308,1859.0,4.0,1905,1903.0,-2.0,0,0,,0.0,0.0,0.0,0.0,0.0,2015-08-30,0,0.0,0.0,0.0,0.0,0.0
2015,8,30,7,UA,1150,N14242,SAN,EWR,1115,1114.0,-1.0,15.0,1129.0,321.0,330.0,300.0,2425,1929.0,15.0,1936,1944.0,8.0,0,0,,0.0,0.0,0.0,0.0,0.0,2015-08-30,0,0.0,0.0,0.0,0.0,0.0
2015,8,27,4,B6,683,N595JB,JFK,MCO,710,706.0,-4.0,37.0,743.0,168.0,194.0,144.0,944,1007.0,13.0,958,1020.0,22.0,0,0,,22.0,0.0,0.0,0.0,0.0,2015-08-27,0,-550.0,-0.0,-0.0,-0.0,-0.0
2015,8,6,4,DL,850,N920DE,MSN,DTW,1233,1222.0,-11.0,20.0,1242.0,77.0,88.0,58.0,311,1440.0,10.0,1450,1450.0,0.0,0,0,,0.0,0.0,0.0,0.0,0.0,2015-08-06,0,0.0,0.0,0.0,0.0,0.0
2015,8,29,6,AA,375,N4XYAA,DFW,MKE,2015,2013.0,-2.0,13.0,2026.0,149.0,139.0,117.0,853,2223.0,9.0,2244,2232.0,-12.0,0,0,,0.0,0.0,0.0,0.0,0.0,2015-08-29,0,0.0,0.0,0.0,0.0,0.0
2015,7,30,4,AA,1839,N749US,MSP,PHL,700,1053.0,233.0,16.0,1109.0,151.0,187.0,160.0,980,1449.0,11.0,1031,1500.0,269.0,0,0,,36.0,0.0,233.0,0.0,0.0,2015-07-30,1,15.45,0.0,100.0,0.0,0.0
2015,8,9,7,OO,4491,N603SK,SEA,BOI,740,739.0,-1.0,25.0,804.0,88.0,86.0,57.0,399,1001.0,4.0,1008,1005.0,-3.0,0,0,,0.0,0.0,0.0,0.0,0.0,2015-08-09,0,0.0,0.0,0.0,0.0,0.0
2015,8,12,3,WN,457,N7749B,SEA,SAN,1200,1251.0,51.0,25.0,1316.0,160.0,179.0,151.0,1050,1547.0,3.0,1440,1550.0,70.0,0,0,,19.0,0.0,0.0,0.0,51.0,2015-08-12,1,37.25,0.0,0.0,0.0,100.0
2015,8,28,5,WN,140,N449WN,PDX,LAX,535,530.0,-5.0,9.0,539.0,150.0,127.0,113.0,834,732.0,5.0,805,737.0,-28.0,0,0,,0.0,0.0,0.0,0.0,0.0,2015-08-28,0,0.0,0.0,0.0,0.0,0.0
2015,8,6,4,WN,28,N954WN,HOU,DAL,1300,1336.0,36.0,6.0,1342.0,60.0,53.0,42.0,239,1424.0,5.0,1400,1429.0,29.0,0,0,,0.0,0.0,0.0,29.0,0.0,2015-08-06,1,0.0,0.0,0.0,80.56,0.0
2015,7,28,2,MQ,3577,N632MQ,JAX,MIA,1610,1609.0,-1.0,15.0,1624.0,75.0,90.0,68.0,335,1732.0,7.0,1725,1739.0,14.0,0,0,,0.0,0.0,0.0,0.0,0.0,2015-07-28,0,0.0,0.0,0.0,0.0,0.0
2015,7,23,4,OO,4522,N601XJ,FCA,SLC,1330,1321.0,-9.0,14.0,1335.0,103.0,98.0,78.0,531,1453.0,6.0,1513,1459.0,-14.0,0,0,,0.0,0.0,0.0,0.0,0.0,2015-07-23,0,0.0,0.0,0.0,0.0,0.0
2015,7,24,5,WN,1074,N654SW,STL,BNA,805,759.0,-6.0,9.0,808.0,60.0,57.0,43.0,272,851.0,5.0,905,856.0,-9.0,0,0,,0.0,0.0,0.0,0.0,0.0,2015-07-24,0,0.0,0.0,0.0,0.0,0.0
2015,8,23,7,UA,1936,N37408,SJU,IAH,640,637.0,-3.0,12.0,649.0,285.0,257.0,240.0,2007,949.0,5.0,1025,954.0,-31.0,0,0,,0.0,0.0,0.0,0.0,0.0,2015-08-23,0,0.0,0.0,0.0,0.0,0.0
2015,8,6,4,WN,589,N8607M,BWI,SJU,1955,2241.0,166.0,11.0,2252.0,240.0,238.0,218.0,1565,230.0,9.0,2355,239.0,164.0,0,0,,0.0,0.0,164.0,0.0,0.0,2015-08-06,1,0.0,0.0,98.8,0.0,0.0
2015,8,1,6,WN,1020,N461WN,ALB,FLL,635,630.0,-5.0,7.0,637.0,190.0,181.0,170.0,1204,927.0,4.0,945,931.0,-14.0,0,0,,0.0,0.0,0.0,0.0,0.0,2015-08-01,0,0.0,0.0,0.0,0.0,0.0
2015,8,15,6,EV,4542,N14174,IAH,HDN,1745,1741.0,-4.0,14.0,1755.0,170.0,150.0,133.0,985,1908.0,3.0,1935,1911.0,-24.0,0,0,,0.0,0.0,0.0,0.0,0.0,2015-08-15,0,0.0,0.0,0.0,0.0,0.0
2015,8,17,1,B6,451,N183JB,BOS,MCO,1130,1145.0,15.0,13.0,1158.0,184.0,166.0,145.0,1121,1423.0,8.0,1434,1431.0,-3.0,0,0,,0.0,0.0,0.0,0.0,0.0,2015-08-17,0,0.0,0.0,0.0,0.0,0.0
2015,8,1,6,AA,2324,N4UCAA,RIC,DFW,1840,1847.0,7.0,12.0,1859.0,190.0,183.0,158.0,1158,2037.0,13.0,2050,2050.0,0.0,0,0,,0.0,0.0,0.0,0.0,0.0,2015-08-01,0,0.0,0.0,0.0,0.0,0.0
2015,8,30,7,AS,36,N506AS,SEA,MSP,1000,955.0,-5.0,20.0,1015.0,195.0,191.0,166.0,1399,1501.0,5.0,1515,1506.0,-9.0,0,0,,0.0,0.0,0.0,0.0,0.0,2015-08-30,0,0.0,0.0,0.0,0.0,0.0
2015,8,7,5,AA,327,N3LEAA,DCA,DFW,1533,1536.0,3.0,17.0,1553.0,199.0,185.0,158.0,1192,1731.0,10.0,1752,1741.0,-11.0,0,0,,0.0,0.0,0.0,0.0,0.0,2015-08-07,0,0.0,0.0,0.0,0.0,0.0
2015,8,24,1,AA,2315,N3EUAA,MIA,MCO,1705,1706.0,1.0,25.0,1731.0,69.0,73.0,36.0,192,1807.0,12.0,1814,1819.0,5.0,0,0,,0.0,0.0,0.0,0.0,0.0,2015-08-24,0,0.0,0.0,0.0,0.0,0.0
2015,8,1,6,DL,1136,N942DN,RSW,ATL,1626,1658.0,32.0,13.0,1711.0,113.0,101.0,83.0,515,1834.0,5.0,1819,1839.0,20.0,0,0,,0.0,0.0,4.0,16.0,0.0,2015-08-01,1,0.0,0.0,12.5,50.0,0.0
2015,8,25,2,WN,2933,N938WN,ATL,HOU,2035,2031.0,-4.0,13.0,2044.0,130.0,144.0,95.0,696,2119.0,36.0,2145,2155.0,10.0,0,0,,0.0,0.0,0.0,0.0,0.0,2015-08-25,0,0.0,0.0,0.0,0.0,0.0
2015,8,17,1,AS,614,N459AS,SEA,LAS,1145,1141.0,-4.0,15.0,1156.0,145.0,136.0,114.0,867,1350.0,7.0,1410,1357.0,-13.0,0,0,,0.0,0.0,0.0,0.0,0.0,2015-08-17,0,0.0,0.0,0.0,0.0,0.0
2015,7,31,5,DL,2852,N674DL,ATL,MSP,2045,2053.0,8.0,35.0,2128.0,156.0,170.0,129.0,907,2237.0,6.0,2221,2243.0,22.0,0,0,,14.0,0.0,0.0,0.0,8.0,2015-07-31,0,175.0,0.0,0.0,0.0,100.0
2015,8,1,6,DL,966,N373DA,SLC,PHX,1130,1133.0,3.0,10.0,1143.0,93.0,83.0,70.0,507,1153.0,3.0,1203,1156.0,-7.0,0,0,,0.0,0.0,0.0,0.0,0.0,2015-08-01,0,0.0,0.0,0.0,0.0,0.0
2015,8,25,2,MQ,3335,N813MQ,ORD,AZO,1215,1215.0,0.0,16.0,1231.0,61.0,45.0,28.0,122,1359.0,1.0,1416,1400.0,-16.0,0,0,,0.0,0.0,0.0,0.0,0.0,2015-08-25,0,0.0,0.0,0.0,0.0,0.0
2015,7,26,7,MQ,3344,N525MQ,DTW,ORD,1854,1854.0,0.0,15.0,1909.0,82.0,70.0,43.0,235,1852.0,12.0,1916,1904.0,-12.0,0,0,,0.0,0.0,0.0,0.0,0.0,2015-07-26,0,0.0,0.0,0.0,0.0,0.0
2015,8,15,6,DL,1188,N953AT,DTW,EWR,1215,1225.0,10.0,11.0,1236.0,103.0,85.0,69.0,488,1345.0,5.0,1358,1350.0,-8.0,0,0,,0.0,0.0,0.0,0.0,0.0,2015-08-15,0,0.0,0.0,0.0,0.0,0.0
2015,8,4,2,OO,5323,N969SW,ORD,EAU,1707,1702.0,-5.0,13.0,1715.0,76.0,70.0,54.0,268,1809.0,3.0,1823,1812.0,-11.0,0,0,,0.0,0.0,0.0,0.0,0.0,2015-08-04,0,0.0,0.0,0.0,0.0,0.0
2015,8,7,5,UA,1454,N37281,SFO,DEN,1954,1951.0,-3.0,20.0,2011.0,146.0,141.0,116.0,967,2307.0,5.0,2320,2312.0,-8.0,0,0,,0.0,0.0,0.0,0.0,0.0,2015-08-07,0,0.0,0.0,0.0,0.0,0.0
2015,8,11,2,F9,1294,N211FR,ORD,MCO,1410,1426.0,16.0,29.0,1455.0,160.0,158.0,120.0,1005,1755.0,9.0,1750,1804.0,14.0,0,0,,0.0,0.0,0.0,0.0,0.0,2015-08-11,1,0.0,0.0,0.0,0.0,0.0
2015,8,1,6,DL,1416,N533US,ATL,JAX,1500,1458.0,-2.0,12.0,1510.0,71.0,59.0,43.0,270,1553.0,4.0,1611,1557.0,-14.0,0,0,,0.0,0.0,0.0,0.0,0.0,2015-08-01,0,0.0,0.0,0.0,0.0,0.0
2015,8,17,1,B6,405,N712JB,BOS,LGB,1725,1725.0,0.0,15.0,1740.0,374.0,364.0,346.0,2602,2026.0,3.0,2039,2029.0,-10.0,0,0,,0.0,0.0,0.0,0.0,0.0,2015-08-17,0,0.0,0.0,0.0,0.0,0.0
2015,8,24,1,WN,2250,N710SW,TPA,ALB,1735,1735.0,0.0,9.0,1744.0,170.0,155.0,142.0,1130,2006.0,4.0,2025,2010.0,-15.0,0,0,,0.0,0.0,0.0,0.0,0.0,2015-08-24,0,0.0,0.0,0.0,0.0,0.0
2015,8,30,7,NK,261,N532NK,PHL,ORD,610,606.0,-4.0,10.0,616.0,134.0,123.0,100.0,678,656.0,13.0,724,709.0,-15.0,0,0,,0.0,0.0,0.0,0.0,0.0,2015-08-30,0,0.0,0.0,0.0,0.0,0.0
2015,7,27,1,AA,244,N3HHAA,SNA,DFW,800,756.0,-4.0,12.0,808.0,182.0,177.0,152.0,1205,1240.0,13.0,1302,1253.0,-9.0,0,0,,0.0,0.0,0.0,0.0,0.0,2015-07-27,0,0.0,0.0,0.0,0.0,0.0
2015,8,30,7,DL,783,N338NW,MSP,ATL,630,626.0,-4.0,10.0,636.0,140.0,134.0,117.0,907,933.0,7.0,950,940.0,-10.0,0,0,,0.0,0.0,0.0,0.0,0.0,2015-08-30,0,0.0,0.0,0.0,0.0,0.0
2015,8,3,1,MQ,3462,N6EAMQ,DFW,LIT,835,833.0,-2.0,13.0,846.0,70.0,64.0,47.0,304,933.0,4.0,945,937.0,-8.0,0,0,,0.0,0.0,0.0,0.0,0.0,2015-08-03,0,0.0,0.0,0.0,0.0,0.0
2015,8,16,7,UA,424,N806UA,ORD,DTW,2110,2108.0,-2.0,26.0,2134.0,87.0,75.0,44.0,235,2318.0,5.0,2337,2323.0,-14.0,0,0,,0.0,0.0,0.0,0.0,0.0,2015-08-16,0,0.0,0.0,0.0,0.0,0.0
2015,8,13,4,AA,1330,N503AA,ELP,DFW,1327,1323.0,-4.0,8.0,1331.0,108.0,98.0,77.0,551,1548.0,13.0,1615,1601.0,-14.0,0,0,,0.0,0.0,0.0,0.0,0.0,2015-08-13,0,0.0,0.0,0.0,0.0,0.0
2015,7,25,6,OO,4972,N106SY,ORD,MIA,740,733.0,-7.0,18.0,751.0,195.0,192.0,167.0,1197,1138.0,7.0,1155,1145.0,-10.0,0,0,,0.0,0.0,0.0,0.0,0.0,2015-07-25,0,0.0,0.0,0.0,0.0,0.0
2015,7,31,5,WN,3686,N8608N,DAL,LAX,1445,1444.0,-1.0,8.0,1452.0,190.0,178.0,161.0,1246,1533.0,9.0,1555,1542.0,-13.0,0,0,,0.0,0.0,0.0,0.0,0.0,2015-07-31,0,0.0,0.0,0.0,0.0,0.0
2015,8,6,4,DL,1080,N679DA,STL,ATL,705,708.0,3.0,19.0,727.0,95.0,103.0,75.0,484,942.0,9.0,940,951.0,11.0,0,0,,0.0,0.0,0.0,0.0,0.0,2015-08-06,0,0.0,0.0,0.0,0.0,0.0
2015,8,29,6,OO,5231,N471CA,DEN,SLC,1439,1434.0,-5.0,15.0,1449.0,96.0,85.0,63.0,391,1552.0,7.0,1615,1559.0,-16.0,0,0,,0.0,0.0,0.0,0.0,0.0,2015-08-29,0,0.0,0.0,0.0,0.0,0.0
2015,7,26,7,WN,4143,N7738A,PHX,LAS,1620,1621.0,1.0,6.0,1627.0,60.0,53.0,44.0,255,1711.0,3.0,1720,1714.0,-6.0,0,0,,0.0,0.0,0.0,0.0,0.0,2015-07-26,0,0.0,0.0,0.0,0.0,0.0
2015,7,30,4,DL,1078,N698DL,PNS,ATL,720,715.0,-5.0,13.0,728.0,78.0,72.0,44.0,271,912.0,15.0,938,927.0,-11.0,0,0,,0.0,0.0,0.0,0.0,0.0,2015-07-30,0,0.0,0.0,0.0,0.0,0.0
2015,8,28,5,DL,1158,N341NW,MCO,SLC,1647,1852.0,125.0,27.0,1919.0,281.0,280.0,245.0,1931,2124.0,8.0,1928,2132.0,124.0,0,0,,0.0,0.0,0.0,0.0,124.0,2015-08-28,1,0.0,0.0,0.0,0.0,99.2
2015,7,24,5,F9,1309,N203FR,ORD,PHX,1135,1128.0,-7.0,11.0,1139.0,220.0,197.0,181.0,1440,1240.0,5.0,1315,1245.0,-30.0,0,0,,0.0,0.0,0.0,0.0,0.0,2015-07-24,0,0.0,0.0,0.0,0.0,0.0
2015,8,2,7,NK,904,N625NK,DFW,MCO,1055,1052.0,-3.0,18.0,1110.0,156.0,165.0,141.0,985,1431.0,6.0,1431,1437.0,6.0,0,0,,0.0,0.0,0.0,0.0,0.0,2015-08-02,0,0.0,0.0,0.0,0.0,0.0
2015,7,29,3,AA,2461,N3FEAA,MIA,MCO,2349,53.0,64.0,12.0,105.0,66.0,56.0,35.0,192,140.0,9.0,55,149.0,54.0,0,0,,0.0,0.0,54.0,0.0,0.0,2015-07-29,1,0.0,0.0,84.38,0.0,0.0
2015,8,28,5,DL,1138,N963AT,BNA,DTW,1821,1829.0,8.0,9.0,1838.0,96.0,96.0,81.0,456,2059.0,6.0,2057,2105.0,8.0,0,0,,0.0,0.0,0.0,0.0,0.0,2015-08-28,0,0.0,0.0,0.0,0.0,0.0
2015,7,28,2,HA,174,N475HA,HNL,OGG,925,915.0,-10.0,13.0,928.0,37.0,41.0,21.0,100,949.0,7.0,1002,956.0,-6.0,0,0,,0.0,0.0,0.0,0.0,0.0,2015-07-28,0,0.0,0.0,0.0,0.0,0.0
2015,8,9,7,AA,456,N926UW,PHX,SLC,1655,1653.0,-2.0,11.0,1704.0,94.0,83.0,67.0,507,1911.0,5.0,1929,1916.0,-13.0,0,0,,0.0,0.0,0.0,0.0,0.0,2015-08-09,0,0.0,0.0,0.0,0.0,0.0
2015,7,28,2,AA,1061,N3GFAA,MIA,MCO,1230,1227.0,-3.0,19.0,1246.0,67.0,71.0,39.0,192,1325.0,13.0,1337,1338.0,1.0,0,0,,0.0,0.0,0.0,0.0,0.0,2015-07-28,0,0.0,0.0,0.0,0.0,0.0
2015,7,27,1,DL,719,N361NB,ATL,HSV,2059,2054.0,-5.0,20.0,2114.0,60.0,56.0,30.0,151,2044.0,6.0,2059,2050.0,-9.0,0,0,,0.0,0.0,0.0,0.0,0.0,2015-07-27,0,0.0,0.0,0.0,0.0,0.0
2015,8,15,6,WN,4789,N463WN,RDU,ATL,630,629.0,-1.0,10.0,639.0,85.0,75.0,57.0,356,736.0,8.0,755,744.0,-11.0,0,0,,0.0,0.0,0.0,0.0,0.0,2015-08-15,0,0.0,0.0,0.0,0.0,0.0
2015,7,31,5,DL,2105,N827DN,SFO,MSP,1515,1509.0,-6.0,12.0,1521.0,213.0,193.0,179.0,1589,2020.0,2.0,2048,2022.0,-26.0,0,0,,0.0,0.0,0.0,0.0,0.0,2015-07-31,0,0.0,0.0,0.0,0.0,0.0
2015,7,27,1,WN,4632,N944WN,SJC,SAN,1635,1632.0,-3.0,8.0,1640.0,80.0,74.0,63.0,417,1743.0,3.0,1755,1746.0,-9.0,0,0,,0.0,0.0,0.0,0.0,0.0,2015-07-27,0,0.0,0.0,0.0,0.0,0.0
2015,8,26,3,OO,5415,N976SW,MKE,ORD,725,721.0,-4.0,17.0,738.0,50.0,61.0,28.0,67,806.0,16.0,815,822.0,7.0,0,0,,0.0,0.0,0.0,0.0,0.0,2015-08-26,0,0.0,0.0,0.0,0.0,0.0
2015,8,17,1,B6,1039,N179JB,BOS,AUS,648,647.0,-1.0,24.0,711.0,252.0,241.0,214.0,1698,945.0,3.0,1000,948.0,-12.0,0,0,,0.0,0.0,0.0,0.0,0.0,2015-08-17,0,0.0,0.0,0.0,0.0,0.0
2015,8,5,3,WN,950,N384SW,BWI,FLL,930,936.0,6.0,12.0,948.0,150.0,145.0,128.0,925,1156.0,5.0,1200,1201.0,1.0,0,0,,0.0,0.0,0.0,0.0,0.0,2015-08-05,0,0.0,0.0,0.0,0.0,0.0
2015,8,20,4,OO,5256,N787SK,COS,IAH,1521,1523.0,2.0,13.0,1536.0,134.0,128.0,102.0,809,1818.0,13.0,1835,1831.0,-4.0,0,0,,0.0,0.0,0.0,0.0,0.0,2015-08-20,0,0.0,0.0,0.0,0.0,0.0
2015,8,16,7,WN,931,N466WN,BWI,FLL,1325,1342.0,17.0,11.0,1353.0,155.0,138.0,123.0,925,1556.0,4.0,1600,1600.0,0.0,0,0,,0.0,0.0,0.0,0.0,0.0,2015-08-16,1,0.0,0.0,0.0,0.0,0.0
2015,8,5,3,WN,637,N931WN,STL,LGA,1920,1928.0,8.0,9.0,1937.0,145.0,128.0,112.0,888,2229.0,7.0,2245,2236.0,-9.0,0,0,,0.0,0.0,0.0,0.0,0.0,2015-08-05,0,0.0,0.0,0.0,0.0,0.0
2015,8,18,2,AA,2337,N4YPAA,ORD,DFW,840,836.0,-4.0,14.0,850.0,154.0,140.0,113.0,802,1043.0,13.0,1114,1056.0,-18.0,0,0,,0.0,0.0,0.0,0.0,0.0,2015-08-18,0,0.0,0.0,0.0,0.0,0.0
2015,8,26,3,WN,2211,N728SW,FLL,ALB,1140,1139.0,-1.0,10.0,1149.0,180.0,168.0,154.0,1204,1423.0,4.0,1440,1427.0,-13.0,0,0,,0.0,0.0,0.0,0.0,0.0,2015-08-26,0,0.0,0.0,0.0,0.0,0.0
2015,7,24,5,EV,4344,N12540,CRP,IAH,1906,1853.0,-13.0,10.0,1903.0,62.0,65.0,48.0,201,1951.0,7.0,2008,1958.0,-10.0,0,0,,0.0,0.0,0.0,0.0,0.0,2015-07-24,0,0.0,0.0,0.0,0.0,0.0
2015,8,16,7,UA,708,N45956,ORD,SFO,905,909.0,4.0,22.0,931.0,263.0,261.0,225.0,1846,1116.0,14.0,1128,1130.0,2.0,0,0,,0.0,0.0,0.0,0.0,0.0,2015-08-16,0,0.0,0.0,0.0,0.0,0.0
2015,8,9,7,AA,341,N3CGAA,MIA,MSY,2135,2216.0,41.0,22.0,2238.0,121.0,112.0,87.0,675,2305.0,3.0,2236,2308.0,32.0,0,0,,0.0,0.0,0.0,0.0,32.0,2015-08-09,1,0.0,0.0,0.0,0.0,78.05
2015,8,16,7,AA,276,N3FAAA,ORD,LGA,600,706.0,66.0,13.0,719.0,125.0,125.0,108.0,733,1007.0,4.0,905,1011.0,66.0,0,0,,0.0,0.0,66.0,0.0,0.0,2015-08-16,1,0.0,0.0,100.0,0.0,0.0
2015,8,23,7,DL,407,N988DL,MCO,JFK,1437,1431.0,-6.0,15.0,1446.0,173.0,150.0,125.0,944,1651.0,10.0,1730,1701.0,-29.0,0,0,,0.0,0.0,0.0,0.0,0.0,2015-08-23,0,0.0,0.0,0.0,0.0,0.0
2015,8,5,3,NK,968,N605NK,ORD,BWI,2120,2142.0,22.0,25.0,2207.0,112.0,114.0,81.0,622,28.0,8.0,12,36.0,24.0,0,0,,24.0,0.0,0.0,0.0,0.0,2015-08-05,1,109.09,0.0,0.0,0.0,0.0
2015,8,17,1,AA,334,N397AA,ORD,MIA,1145,1222.0,37.0,15.0,1237.0,194.0,183.0,160.0,1197,1617.0,8.0,1559,1625.0,26.0,0,0,,0.0,0.0,26.0,0.0,0.0,2015-08-17,1,0.0,0.0,70.27,0.0,0.0
2015,8,4,2,WN,1119,N670SW,MKE,DAL,1800,1829.0,29.0,12.0,1841.0,145.0,140.0,124.0,850,2045.0,4.0,2025,2049.0,24.0,0,0,,0.0,0.0,0.0,24.0,0.0,2015-08-04,1,0.0,0.0,0.0,82.76,0.0
2015,8,9,7,WN,1493,N8609A,TPA,PHX,1800,1803.0,3.0,15.0,1818.0,260.0,243.0,219.0,1788,1857.0,9.0,1920,1906.0,-14.0,0,0,,0.0,0.0,0.0,0.0,0.0,2015-08-09,0,0.0,0.0,0.0,0.0,0.0
2015,8,14,5,UA,1539,N68801,ORD,LAX,555,552.0,-3.0,13.0,605.0,265.0,239.0,209.0,1744,734.0,17.0,820,751.0,-29.0,0,0,,0.0,0.0,0.0,0.0,0.0,2015-08-14,0,0.0,0.0,0.0,0.0,0.0
2015,8,24,1,DL,914,N67171,PDX,SLC,1011,1014.0,3.0,12.0,1026.0,104.0,104.0,84.0,630,1250.0,8.0,1255,1258.0,3.0,0,0,,0.0,0.0,0.0,0.0,0.0,2015-08-24,0,0.0,0.0,0.0,0.0,0.0
2015,7,29,3,HA,131,N487HA,ITO,HNL,1631,1703.0,32.0,10.0,1713.0,52.0,53.0,37.0,216,1750.0,6.0,1723,1756.0,33.0,0,0,,0.0,0.0,1.0,32.0,0.0,2015-07-29,1,0.0,0.0,3.12,100.0,0.0
2015,8,4,2,MQ,3661,N507MQ,BDL,ORD,1108,1104.0,-4.0,9.0,1113.0,154.0,147.0,126.0,783,1219.0,12.0,1242,1231.0,-11.0,0,0,,0.0,0.0,0.0,0.0,0.0,2015-08-04,0,0.0,0.0,0.0,0.0,0.0
2015,8,21,5,DL,1193,N318NB,GSO,ATL,815,811.0,-4.0,12.0,823.0,84.0,64.0,47.0,306,910.0,5.0,939,915.0,-24.0,0,0,,0.0,0.0,0.0,0.0,0.0,2015-08-21,0,0.0,0.0,0.0,0.0,0.0
2015,8,4,2,UA,529,N835UA,SNA,SFO,1647,1640.0,-7.0,8.0,1648.0,93.0,72.0,58.0,372,1746.0,6.0,1820,1752.0,-28.0,0,0,,0.0,0.0,0.0,0.0,0.0,2015-08-04,0,0.0,0.0,0.0,0.0,0.0
2015,8,8,6,WN,4521,N8616C,DEN,SMF,830,828.0,-2.0,10.0,838.0,150.0,137.0,122.0,909,940.0,5.0,1000,945.0,-15.0,0,0,,0.0,0.0,0.0,0.0,0.0,2015-08-08,0,0.0,0.0,0.0,0.0,0.0
2015,7,30,4,WN,3481,N251WN,TPA,STL,1950,2025.0,35.0,8.0,2033.0,140.0,126.0,114.0,869,2127.0,4.0,2110,2131.0,21.0,0,0,,0.0,0.0,0.0,21.0,0.0,2015-07-30,1,0.0,0.0,0.0,60.0,0.0
2015,8,28,5,AA,2312,N528AA,ORD,DFW,1020,1014.0,-6.0,11.0,1025.0,152.0,127.0,106.0,802,1211.0,10.0,1252,1221.0,-31.0,0,0,,0.0,0.0,0.0,0.0,0.0,2015-08-28,0,0.0,0.0,0.0,0.0,0.0
2015,8,1,6,WN,1467,N8613K,PDX,DEN,1250,1250.0,0.0,10.0,1300.0,150.0,140.0,123.0,991,1603.0,7.0,1620,1610.0,-10.0,0,0,,0.0,0.0,0.0,0.0,0.0,2015-08-01,0,0.0,0.0,0.0,0.0,0.0
2015,8,19,3,WN,586,N252WN,LAX,SAT,1015,1015.0,0.0,12.0,1027.0,170.0,162.0,146.0,1211,1453.0,4.0,1505,1457.0,-8.0,0,0,,0.0,0.0,0.0,0.0,0.0,2015-08-19,0,0.0,0.0,0.0,0.0,0.0
2015,8,22,6,AA,1799,N544UW,CLT,SFO,1805,1808.0,3.0,25.0,1833.0,328.0,331.0,299.0,2296,2032.0,7.0,2033,2039.0,6.0,0,0,,0.0,0.0,0.0,0.0,0.0,2015-08-22,0,0.0,0.0,0.0,0.0,0.0
2015,8,19,3,DL,2495,N3747D,MIA,JFK,1856,1856.0,0.0,24.0,1920.0,185.0,180.0,148.0,1089,2148.0,8.0,2201,2156.0,-5.0,0,0,,0.0,0.0,0.0,0.0,0.0,2015-08-19,0,0.0,0.0,0.0,0.0,0.0
2015,8,20,4,WN,301,N409WN,PHX,PDX,735,747.0,12.0,24.0,811.0,165.0,176.0,148.0,1009,1039.0,4.0,1020,1043.0,23.0,0,0,,11.0,0.0,12.0,0.0,0.0,2015-08-20,0,91.67,0.0,100.0,0.0,0.0
2015,8,28,5,WN,736,N557WN,STL,HOU,1620,1623.0,3.0,8.0,1631.0,125.0,106.0,91.0,687,1802.0,7.0,1825,1809.0,-16.0,0,0,,0.0,0.0,0.0,0.0,0.0,2015-08-28,0,0.0,0.0,0.0,0.0,0.0
2015,8,7,5,AA,625,N768US,PHX,BOI,940,1003.0,23.0,21.0,1024.0,124.0,132.0,107.0,735,1311.0,4.0,1244,1315.0,31.0,0,0,,8.0,0.0,23.0,0.0,0.0,2015-08-07,1,34.78,0.0,100.0,0.0,0.0
2015,8,28,5,DL,2116,N545US,LAX,MSP,810,807.0,-3.0,14.0,821.0,210.0,206.0,188.0,1535,1329.0,4.0,1340,1333.0,-7.0,0,0,,0.0,0.0,0.0,0.0,0.0,2015-08-28,0,0.0,0.0,0.0,0.0,0.0
2015,8,5,3,DL,1314,N899AT,ATL,CMH,1745,1744.0,-1.0,64.0,1848.0,101.0,138.0,68.0,447,1956.0,6.0,1926,2002.0,36.0,0,0,,36.0,0.0,0.0,0.0,0.0,2015-08-05,0,-3600.0,-0.0,-0.0,-0.0,-0.0
2015,8,11,2,OO,2951,N898SK,PHX,SBP,1000,956.0,-4.0,72.0,1108.0,105.0,154.0,78.0,509,1226.0,4.0,1145,1230.0,45.0,0,0,,45.0,0.0,0.0,0.0,0.0,2015-08-11,0,-1125.0,-0.0,-0.0,-0.0,-0.0
2015,7,28,2,DL,1971,N919DE,ATL,CHS,1808,1806.0,-2.0,26.0,1832.0,75.0,72.0,41.0,259,1913.0,5.0,1923,1918.0,-5.0,0,0,,0.0,0.0,0.0,0.0,0.0,2015-07-28,0,0.0,0.0,0.0,0.0,0.0
2015,8,7,5,WN,2082,N669SW,SJC,LAS,1155,1215.0,20.0,12.0,1227.0,80.0,79.0,60.0,386,1327.0,7.0,1315,1334.0,19.0,0,0,,0.0,0.0,0.0,19.0,0.0,2015-08-07,1,0.0,0.0,0.0,95.0,0.0
2015,7,27,1,EV,3828,N12201,STL,ORD,1138,1128.0,-10.0,35.0,1203.0,77.0,90.0,47.0,258,1250.0,8.0,1255,1258.0,3.0,0,0,,0.0,0.0,0.0,0.0,0.0,2015-07-27,0,0.0,0.0,0.0,0.0,0.0
2015,8,26,3,EV,4656,N11164,GSP,ORD,1727,1810.0,43.0,7.0,1817.0,118.0,100.0,88.0,578,1845.0,5.0,1825,1850.0,25.0,0,0,,0.0,0.0,0.0,25.0,0.0,2015-08-26,1,0.0,0.0,0.0,58.14,0.0
2015,8,24,1,UA,671,N461UA,DEN,LGA,1727,1723.0,-4.0,25.0,1748.0,228.0,220.0,191.0,1620,2259.0,4.0,2315,2303.0,-12.0,0,0,,0.0,0.0,0.0,0.0,0.0,2015-08-24,0,0.0,0.0,0.0,0.0,0.0
2015,8,23,7,DL,581,N6711M,SLC,SEA,1650,1655.0,5.0,23.0,1718.0,120.0,133.0,99.0,689,1757.0,11.0,1750,1808.0,18.0,0,0,,18.0,0.0,0.0,0.0,0.0,2015-08-23,0,360.0,0.0,0.0,0.0,0.0
2015,8,26,3,WN,2895,N705SW,BNA,LAX,1800,1830.0,30.0,9.0,1839.0,265.0,245.0,227.0,1797,2026.0,9.0,2025,2035.0,10.0,0,0,,0.0,0.0,0.0,0.0,0.0,2015-08-26,1,0.0,0.0,0.0,0.0,0.0
2015,8,27,4,OO,4772,N602XJ,SBN,DTW,1012,1001.0,-11.0,15.0,1016.0,62.0,54.0,31.0,157,1047.0,8.0,1114,1055.0,-19.0,0,0,,0.0,0.0,0.0,0.0,0.0,2015-08-27,0,0.0,0.0,0.0,0.0,0.0
2015,8,29,6,MQ,3511,N643MQ,AZO,ORD,1130,1118.0,-12.0,8.0,1126.0,57.0,81.0,34.0,122,1100.0,39.0,1127,1139.0,12.0,0,0,,0.0,0.0,0.0,0.0,0.0,2015-08-29,0,0.0,0.0,0.0,0.0,0.0
2015,8,30,7,AA,1719,N640AW,CLT,FLL,1615,1609.0,-6.0,18.0,1627.0,118.0,124.0,104.0,632,1811.0,2.0,1813,1813.0,0.0,0,0,,0.0,0.0,0.0,0.0,0.0,2015-08-30,0,0.0,0.0,0.0,0.0,0.0
2015,8,6,4,B6,761,N634JB,LGA,PBI,1955,2318.0,203.0,22.0,2340.0,175.0,166.0,139.0,1035,159.0,5.0,2250,204.0,194.0,0,0,,0.0,0.0,10.0,184.0,0.0,2015-08-06,1,0.0,0.0,4.93,90.64,0.0
2015,7,31,5,AA,1850,N105UW,MCO,PHL,1020,1018.0,-2.0,19.0,1037.0,141.0,143.0,119.0,861,1236.0,5.0,1241,1241.0,0.0,0,0,,0.0,0.0,0.0,0.0,0.0,2015-07-31,0,0.0,0.0,0.0,0.0,0.0
2015,8,26,3,DL,1562,N923AT,BOS,JFK,900,853.0,-7.0,15.0,908.0,77.0,63.0,42.0,187,950.0,6.0,1017,956.0,-21.0,0,0,,0.0,0.0,0.0,0.0,0.0,2015-08-26,0,0.0,0.0,0.0,0.0,0.0
2015,7,27,1,WN,3598,N7719A,TPA,MSY,630,628.0,-2.0,9.0,637.0,90.0,77.0,65.0,488,642.0,3.0,700,645.0,-15.0,0,0,,0.0,0.0,0.0,0.0,0.0,2015-07-27,0,0.0,0.0,0.0,0.0,0.0
2015,8,20,4,WN,1753,N262WN,BUF,BWI,710,710.0,0.0,8.0,718.0,70.0,65.0,51.0,281,809.0,6.0,820,815.0,-5.0,0,0,,0.0,0.0,0.0,0.0,0.0,2015-08-20,0,0.0,0.0,0.0,0.0,0.0
2015,8,4,2,B6,218,N348JB,CLT,JFK,1011,1009.0,-2.0,24.0,1033.0,112.0,105.0,77.0,541,1150.0,4.0,1203,1154.0,-9.0,0,0,,0.0,0.0,0.0,0.0,0.0,2015-08-04,0,0.0,0.0,0.0,0.0,0.0
2015,7,23,4,DL,2266,N952DN,ATL,DEN,1745,1828.0,43.0,21.0,1849.0,206.0,185.0,159.0,1199,1928.0,5.0,1911,1933.0,22.0,0,0,,0.0,0.0,9.0,13.0,0.0,2015-07-23,1,0.0,0.0,20.93,30.23,0.0
2015,8,29,6,DL,1532,N958DL,ATL,GSP,1630,1642.0,12.0,13.0,1655.0,60.0,45.0,28.0,153,1723.0,4.0,1730,1727.0,-3.0,0,0,,0.0,0.0,0.0,0.0,0.0,2015-08-29,0,0.0,0.0,0.0,0.0,0.0
2015,8,23,7,AA,1915,N712US,CLT,RDU,1815,1813.0,-2.0,15.0,1828.0,58.0,49.0,31.0,130,1859.0,3.0,1913,1902.0,-11.0,0,0,,0.0,0.0,0.0,0.0,0.0,2015-08-23,0,0.0,0.0,0.0,0.0,0.0
2015,8,4,2,AA,17,N012AA,AUS,LAX,1220,1220.0,0.0,10.0,1230.0,190.0,193.0,155.0,1242,1305.0,28.0,1330,1333.0,3.0,0,0,,0.0,0.0,0.0,0.0,0.0,2015-08-04,0,0.0,0.0,0.0,0.0,0.0
2015,8,24,1,AA,890,N520UW,CLT,DFW,2215,2213.0,-2.0,21.0,2234.0,152.0,154.0,127.0,936,2341.0,6.0,2347,2347.0,0.0,0,0,,0.0,0.0,0.0,0.0,0.0,2015-08-24,0,0.0,0.0,0.0,0.0,0.0
2015,8,25,2,WN,2568,N7747C,LAX,HOU,1940,1938.0,-2.0,7.0,1945.0,190.0,183.0,173.0,1390,38.0,3.0,50,41.0,-9.0,0,0,,0.0,0.0,0.0,0.0,0.0,2015-08-25,0,0.0,0.0,0.0,0.0,0.0
2015,8,22,6,OO,4500,N554CA,MSP,MSN,958,955.0,-3.0,17.0,1012.0,62.0,60.0,40.0,228,1052.0,3.0,1100,1055.0,-5.0,0,0,,0.0,0.0,0.0,0.0,0.0,2015-08-22,0,0.0,0.0,0.0,0.0,0.0
2015,8,24,1,OO,5568,N494CA,PSP,DEN,1552,1738.0,106.0,14.0,1752.0,137.0,124.0,106.0,776,2038.0,4.0,1909,2042.0,93.0,0,0,,0.0,0.0,93.0,0.0,0.0,2015-08-24,1,0.0,0.0,87.74,0.0,0.0
2015,7,27,1,UA,1247,N37437,IAD,LAX,1458,1455.0,-3.0,38.0,1533.0,327.0,344.0,292.0,2288,1725.0,14.0,1725,1739.0,14.0,0,0,,0.0,0.0,0.0,0.0,0.0,2015-07-27,0,0.0,0.0,0.0,0.0,0.0
2015,8,2,7,B6,711,N948JB,JFK,LAS,1923,1923.0,0.0,39.0,2002.0,352.0,376.0,295.0,2248,2157.0,42.0,2215,2239.0,24.0,0,0,,24.0,0.0,0.0,0.0,0.0,2015-08-02,0,inf,0.0,0.0,0.0,0.0
2015,8,10,1,AA,1896,N191UW,PHX,PHL,1210,1211.0,1.0,18.0,1229.0,277.0,260.0,235.0,2075,1924.0,7.0,1947,1931.0,-16.0,0,0,,0.0,0.0,0.0,0.0,0.0,2015-08-10,0,0.0,0.0,0.0,0.0,0.0
2015,8,16,7,DL,1370,N912DE,ROC,ATL,1204,1159.0,-5.0,9.0,1208.0,136.0,118.0,100.0,749,1348.0,9.0,1420,1357.0,-23.0,0,0,,0.0,0.0,0.0,0.0,0.0,2015-08-16,0,0.0,0.0,0.0,0.0,0.0
2015,8,29,6,UA,750,N480UA,FLL,IAH,1153,1150.0,-3.0,16.0,1206.0,161.0,147.0,127.0,966,1313.0,4.0,1334,1317.0,-17.0,0,0,,0.0,0.0,0.0,0.0,0.0,2015-08-29,0,0.0,0.0,0.0,0.0,0.0
2015,7,30,4,AA,281,N5CEAA,MIA,DFW,600,554.0,-6.0,16.0,610.0,186.0,182.0,150.0,1121,740.0,16.0,806,756.0,-10.0,0,0,,0.0,0.0,0.0,0.0,0.0,2015-07-30,0,0.0,0.0,0.0,0.0,0.0
2015,7,23,4,EV,4392,N13538,STL,IAH,1003,959.0,-4.0,14.0,1013.0,127.0,139.0,100.0,667,1153.0,25.0,1210,1218.0,8.0,0,0,,0.0,0.0,0.0,0.0,0.0,2015-07-23,0,0.0,0.0,0.0,0.0,0.0
2015,8,14,5,DL,1442,N910AT,ATL,IAD,1635,1643.0,8.0,14.0,1657.0,116.0,97.0,79.0,534,1816.0,4.0,1831,1820.0,-11.0,0,0,,0.0,0.0,0.0,0.0,0.0,2015-08-14,0,0.0,0.0,0.0,0.0,0.0
2015,8,1,6,OO,6268,N946SW,DSM,DEN,1321,1319.0,-2.0,12.0,1331.0,117.0,109.0,89.0,589,1400.0,8.0,1418,1408.0,-10.0,0,0,,0.0,0.0,0.0,0.0,0.0,2015-08-01,0,0.0,0.0,0.0,0.0,0.0
2015,8,28,5,EV,4623,N11189,CLE,LGA,851,847.0,-4.0,13.0,900.0,97.0,82.0,65.0,419,1005.0,4.0,1028,1009.0,-19.0,0,0,,0.0,0.0,0.0,0.0,0.0,2015-08-28,0,0.0,0.0,0.0,0.0,0.0
2015,8,11,2,WN,469,N405WN,BHM,HOU,555,550.0,-5.0,9.0,559.0,110.0,97.0,82.0,570,721.0,6.0,745,727.0,-18.0,0,0,,0.0,0.0,0.0,0.0,0.0,2015-08-11,0,0.0,0.0,0.0,0.0,0.0
2015,8,3,1,DL,2652,N964AT,TPA,JFK,1900,1856.0,-4.0,15.0,1911.0,180.0,160.0,136.0,1005,2127.0,9.0,2200,2136.0,-24.0,0,0,,0.0,0.0,0.0,0.0,0.0,2015-08-03,0,0.0,0.0,0.0,0.0,0.0
2015,7,30,4,OO,3454,N215AG,PDX,BUR,1215,1206.0,-9.0,9.0,1215.0,131.0,132.0,119.0,817,1414.0,4.0,1426,1418.0,-8.0,0,0,,0.0,0.0,0.0,0.0,0.0,2015-07-30,0,0.0,0.0,0.0,0.0,0.0
2015,8,26,3,EV,4391,N11547,IAH,CRP,1735,1725.0,-10.0,24.0,1749.0,65.0,68.0,40.0,201,1829.0,4.0,1840,1833.0,-7.0,0,0,,0.0,0.0,0.0,0.0,0.0,2015-08-26,0,0.0,0.0,0.0,0.0,0.0
2015,7,24,5,AA,1874,N833AW,DCA,MCO,1450,1509.0,19.0,15.0,1524.0,144.0,132.0,102.0,759,1706.0,15.0,1714,1721.0,7.0,0,0,,0.0,0.0,0.0,0.0,0.0,2015-07-24,1,0.0,0.0,0.0,0.0,0.0
2015,8,25,2,AA,462,N769US,DEN,PHL,1610,1605.0,-5.0,19.0,1624.0,214.0,204.0,181.0,1558,2125.0,4.0,2144,2129.0,-15.0,0,0,,0.0,0.0,0.0,0.0,0.0,2015-08-25,0,0.0,0.0,0.0,0.0,0.0
2015,8,10,1,WN,1058,N468WN,RSW,IND,1145,1144.0,-1.0,8.0,1152.0,150.0,144.0,129.0,945,1401.0,7.0,1415,1408.0,-7.0,0,0,,0.0,0.0,0.0,0.0,0.0,2015-08-10,0,0.0,0.0,0.0,0.0,0.0
2015,8,29,6,AS,615,N565AS,LAS,SEA,650,645.0,-5.0,13.0,658.0,150.0,142.0,121.0,867,859.0,8.0,920,907.0,-13.0,0,0,,0.0,0.0,0.0,0.0,0.0,2015-08-29,0,0.0,0.0,0.0,0.0,0.0
2015,8,6,4,DL,754,N946DL,MSY,ATL,1215,1210.0,-5.0,23.0,1233.0,94.0,132.0,93.0,425,1506.0,16.0,1449,1522.0,33.0,0,0,,33.0,0.0,0.0,0.0,0.0,2015-08-06,0,-660.0,-0.0,-0.0,-0.0,-0.0
2015,8,8,6,B6,562,N643JB,SJU,BOS,1045,1145.0,60.0,12.0,1157.0,240.0,267.0,248.0,1674,1605.0,7.0,1445,1612.0,87.0,0,0,,27.0,0.0,19.0,41.0,0.0,2015-08-08,1,45.0,0.0,31.67,68.33,0.0
2015,7,26,7,OO,4652,N679CA,DTW,MSN,831,826.0,-5.0,15.0,841.0,80.0,70.0,51.0,311,832.0,4.0,851,836.0,-15.0,0,0,,0.0,0.0,0.0,0.0,0.0,2015-07-26,0,0.0,0.0,0.0,0.0,0.0
2015,8,13,4,AA,2205,N3ACAA,SAN,DFW,700,657.0,-3.0,33.0,730.0,186.0,193.0,149.0,1171,1159.0,11.0,1206,1210.0,4.0,0,0,,0.0,0.0,0.0,0.0,0.0,2015-08-13,0,0.0,0.0,0.0,0.0,0.0
2015,8,23,7,DL,708,N911DL,LGA,FLL,1945,1957.0,12.0,31.0,2028.0,196.0,178.0,143.0,1076,2251.0,4.0,2301,2255.0,-6.0,0,0,,0.0,0.0,0.0,0.0,0.0,2015-08-23,0,0.0,0.0,0.0,0.0,0.0
2015,7,25,6,EV,5904,N14148,CMH,ORD,1442,1438.0,-4.0,22.0,1500.0,84.0,83.0,51.0,296,1451.0,10.0,1506,1501.0,-5.0,0,0,,0.0,0.0,0.0,0.0,0.0,2015-07-25,0,0.0,0.0,0.0,0.0,0.0
2015,8,4,2,WN,379,N520SW,MSY,HOU,920,921.0,1.0,8.0,929.0,70.0,64.0,50.0,302,1019.0,6.0,1030,1025.0,-5.0,0,0,,0.0,0.0,0.0,0.0,0.0,2015-08-04,0,0.0,0.0,0.0,0.0,0.0
2015,8,18,2,EV,2671,N908EV,LEX,DFW,1423,1414.0,-9.0,10.0,1424.0,142.0,131.0,111.0,785,1515.0,10.0,1545,1525.0,-20.0,0,0,,0.0,0.0,0.0,0.0,0.0,2015-08-18,0,0.0,0.0,0.0,0.0,0.0
2015,7,28,2,UA,1126,N37298,DEN,ANC,1123,1129.0,6.0,16.0,1145.0,332.0,324.0,304.0,2405,1449.0,4.0,1455,1453.0,-2.0,0,0,,0.0,0.0,0.0,0.0,0.0,2015-07-28,0,0.0,0.0,0.0,0.0,0.0
2015,8,16,7,EV,5132,N860AS,ILM,ATL,1524,1519.0,-5.0,8.0,1527.0,88.0,90.0,70.0,377,1637.0,12.0,1652,1649.0,-3.0,0,0,,0.0,0.0,0.0,0.0,0.0,2015-08-16,0,0.0,0.0,0.0,0.0,0.0
2015,7,31,5,EV,3260,N14905,CLT,IAH,1530,1600.0,30.0,27.0,1627.0,159.0,198.0,128.0,912,1735.0,43.0,1709,1818.0,69.0,0,0,,39.0,0.0,26.0,4.0,0.0,2015-07-31,1,130.0,0.0,86.67,13.33,0.0
2015,8,15,6,AA,592,N824AW,PHX,MCI,1610,1632.0,22.0,8.0,1640.0,152.0,151.0,137.0,1044,2057.0,6.0,2042,2103.0,21.0,0,0,,0.0,18.0,0.0,3.0,0.0,2015-08-15,1,0.0,81.82,0.0,13.64,0.0
2015,8,9,7,F9,137,N223FR,DEN,SEA,745,832.0,47.0,10.0,842.0,165.0,169.0,147.0,1024,1009.0,12.0,930,1021.0,51.0,0,0,,4.0,0.0,47.0,0.0,0.0,2015-08-09,1,8.51,0.0,100.0,0.0,0.0
2015,8,21,5,OO,6219,N718SK,GRR,DEN,1708,1712.0,4.0,13.0,1725.0,168.0,156.0,136.0,1015,1741.0,7.0,1756,1748.0,-8.0,0,0,,0.0,0.0,0.0,0.0,0.0,2015-08-21,0,0.0,0.0,0.0,0.0,0.0
2015,8,26,3,AA,558,N944UW,IAH,PHL,1725,1720.0,-5.0,14.0,1734.0,207.0,189.0,163.0,1325,2117.0,12.0,2152,2129.0,-23.0,0,0,,0.0,0.0,0.0,0.0,0.0,2015-08-26,0,0.0,0.0,0.0,0.0,0.0
2015,8,26,3,WN,492,N283WN,MDW,BHM,745,743.0,-2.0,14.0,757.0,95.0,93.0,76.0,570,913.0,3.0,920,916.0,-4.0,0,0,,0.0,0.0,0.0,0.0,0.0,2015-08-26,0,0.0,0.0,0.0,0.0,0.0
2015,8,29,6,AS,527,N548AS,SNA,SEA,810,845.0,35.0,27.0,912.0,159.0,167.0,136.0,978,1128.0,4.0,1049,1132.0,43.0,0,0,,43.0,0.0,0.0,0.0,0.0,2015-08-29,1,122.86,0.0,0.0,0.0,0.0
2015,8,8,6,WN,4236,N929WN,BWI,MDW,1525,1555.0,30.0,10.0,1605.0,115.0,112.0,96.0,611,1641.0,6.0,1620,1647.0,27.0,0,0,,0.0,0.0,27.0,0.0,0.0,2015-08-08,1,0.0,0.0,90.0,0.0,0.0
2015,8,30,7,MQ,3257,N5PBMQ,ORD,TUL,956,955.0,-1.0,14.0,1009.0,110.0,96.0,77.0,585,1126.0,5.0,1146,1131.0,-15.0,0,0,,0.0,0.0,0.0,0.0,0.0,2015-08-30,0,0.0,0.0,0.0,0.0,0.0
2015,8,3,1,UA,1201,N38417,ORD,ROC,1354,1532.0,98.0,15.0,1547.0,104.0,87.0,64.0,528,1751.0,8.0,1638,1759.0,81.0,0,0,,0.0,0.0,9.0,72.0,0.0,2015-08-03,1,0.0,0.0,9.18,73.47,0.0
2015,8,13,4,OO,5528,N982SW,RAP,DEN,1120,1109.0,-11.0,33.0,1142.0,78.0,90.0,52.0,300,1234.0,5.0,1238,1239.0,1.0,0,0,,0.0,0.0,0.0,0.0,0.0,2015-08-13,0,0.0,0.0,0.0,0.0,0.0
2015,8,11,2,HA,8,N389HA,HNL,LAS,2235,2229.0,-6.0,16.0,2245.0,335.0,333.0,303.0,2762,648.0,14.0,710,702.0,-8.0,0,0,,0.0,0.0,0.0,0.0,0.0,2015-08-11,0,0.0,0.0,0.0,0.0,0.0
2015,8,24,1,WN,322,N271LV,SJC,LAS,815,812.0,-3.0,11.0,823.0,80.0,82.0,62.0,386,925.0,9.0,935,934.0,-1.0,0,0,,0.0,0.0,0.0,0.0,0.0,2015-08-24,0,0.0,0.0,0.0,0.0,0.0
2015,8,11,2,EV,4500,N24128,EWR,RIC,1810,1926.0,76.0,26.0,1952.0,83.0,90.0,60.0,277,2052.0,4.0,1933,2056.0,83.0,0,0,,83.0,0.0,0.0,0.0,0.0,2015-08-11,1,109.21,0.0,0.0,0.0,0.0
2015,8,8,6,AA,599,N672AW,PHX,SJC,1640,1643.0,3.0,16.0,1659.0,107.0,110.0,88.0,621,1827.0,6.0,1827,1833.0,6.0,0,0,,0.0,0.0,0.0,0.0,0.0,2015-08-08,0,0.0,0.0,0.0,0.0,0.0
2015,8,12,3,AA,520,N673AW,PHX,BWI,850,849.0,-1.0,18.0,907.0,277.0,257.0,234.0,1999,1601.0,5.0,1627,1606.0,-21.0,0,0,,0.0,0.0,0.0,0.0,0.0,2015-08-12,0,0.0,0.0,0.0,0.0,0.0
2015,7,26,7,DL,1354,N1611B,LAX,ATL,2210,2211.0,1.0,21.0,2232.0,259.0,250.0,222.0,1947,514.0,7.0,529,521.0,-8.0,0,0,,0.0,0.0,0.0,0.0,0.0,2015-07-26,0,0.0,0.0,0.0,0.0,0.0
2015,7,29,3,AA,562,N677AW,PHX,BOS,1515,1513.0,-2.0,21.0,1534.0,299.0,287.0,261.0,2300,2255.0,5.0,2314,2300.0,-14.0,0,0,,0.0,0.0,0.0,0.0,0.0,2015-07-29,0,0.0,0.0,0.0,0.0,0.0
2015,7,30,4,AA,1919,N128UW,JFK,CLT,1704,1821.0,77.0,101.0,2002.0,140.0,186.0,80.0,541,2122.0,5.0,1924,2127.0,123.0,0,0,,46.0,0.0,0.0,20.0,57.0,2015-07-30,1,59.74,0.0,0.0,25.97,74.03
2015,8,5,3,AA,1336,N4XBAA,ORD,DFW,957,956.0,-1.0,14.0,1010.0,147.0,156.0,128.0,802,1218.0,14.0,1224,1232.0,8.0,0,0,,0.0,0.0,0.0,0.0,0.0,2015-08-05,0,0.0,0.0,0.0,0.0,0.0
2015,7,28,2,NK,620,N502NK,LAX,MCI,1255,1252.0,-3.0,8.0,1300.0,186.0,175.0,160.0,1363,1740.0,7.0,1801,1747.0,-14.0,0,0,,0.0,0.0,0.0,0.0,0.0,2015-07-28,0,0.0,0.0,0.0,0.0,0.0
2015,8,11,2,AS,124,N471AS,FAI,SEA,1730,1759.0,29.0,9.0,1808.0,216.0,220.0,202.0,1533,2230.0,9.0,2206,2239.0,33.0,0,0,,4.0,0.0,5.0,24.0,0.0,2015-08-11,1,13.79,0.0,17.24,82.76,0.0
2015,7,28,2,UA,1431,N75435,DEN,LAX,1117,1115.0,-2.0,10.0,1125.0,146.0,133.0,116.0,862,1221.0,7.0,1243,1228.0,-15.0,0,0,,0.0,0.0,0.0,0.0,0.0,2015-07-28,0,0.0,0.0,0.0,0.0,0.0
2015,7,25,6,OO,5508,N125SY,ATL,ORD,1024,1018.0,-6.0,14.0,1032.0,134.0,116.0,99.0,606,1111.0,3.0,1138,1114.0,-24.0,0,0,,0.0,0.0,0.0,0.0,0.0,2015-07-25,0,0.0,0.0,0.0,0.0,0.0
2015,8,24,1,WN,2170,N399WN,ATL,MCO,1415,1505.0,50.0,20.0,1525.0,90.0,94.0,67.0,404,1632.0,7.0,1545,1639.0,54.0,0,0,,4.0,0.0,0.0,50.0,0.0,2015-08-24,1,8.0,0.0,0.0,100.0,0.0
2015,7,27,1,VX,407,N853VA,JFK,LAX,905,903.0,-2.0,52.0,955.0,355.0,369.0,306.0,2475,1201.0,11.0,1200,1212.0,12.0,0,0,,0.0,0.0,0.0,0.0,0.0,2015-07-27,0,0.0,0.0,0.0,0.0,0.0
2015,8,19,3,AA,320,N4YDAA,SAT,DFW,1251,1250.0,-1.0,16.0,1306.0,73.0,73.0,44.0,247,1350.0,13.0,1404,1403.0,-1.0,0,0,,0.0,0.0,0.0,0.0,0.0,2015-08-19,0,0.0,0.0,0.0,0.0,0.0
2015,8,5,3,WN,1751,N448WN,LAX,RNO,2130,2146.0,16.0,8.0,2154.0,75.0,66.0,55.0,391,2249.0,3.0,2245,2252.0,7.0,0,0,,0.0,0.0,0.0,0.0,0.0,2015-08-05,1,0.0,0.0,0.0,0.0,0.0
2015,8,9,7,WN,1131,N473WN,LAX,SMF,1340,1340.0,0.0,14.0,1354.0,75.0,75.0,57.0,373,1451.0,4.0,1455,1455.0,0.0,0,0,,0.0,0.0,0.0,0.0,0.0,2015-08-09,0,0.0,0.0,0.0,0.0,0.0
2015,8,15,6,DL,1360,N330NB,CMH,ATL,1310,1305.0,-5.0,15.0,1320.0,106.0,97.0,73.0,447,1433.0,9.0,1456,1442.0,-14.0,0,0,,0.0,0.0,0.0,0.0,0.0,2015-08-15,0,0.0,0.0,0.0,0.0,0.0
2015,8,6,4,UA,1649,N37464,ORD,IAH,2100,2107.0,7.0,22.0,2129.0,162.0,145.0,116.0,925,2325.0,7.0,2342,2332.0,-10.0,0,0,,0.0,0.0,0.0,0.0,0.0,2015-08-06,0,0.0,0.0,0.0,0.0,0.0
2015,7,27,1,WN,4282,N7750A,ROC,MCO,1340,1344.0,4.0,8.0,1352.0,165.0,142.0,128.0,1033,1600.0,6.0,1625,1606.0,-19.0,0,0,,0.0,0.0,0.0,0.0,0.0,2015-07-27,0,0.0,0.0,0.0,0.0,0.0
2015,8,19,3,OO,4439,N631SK,BOI,SEA,630,622.0,-8.0,14.0,636.0,90.0,95.0,72.0,399,648.0,9.0,700,657.0,-3.0,0,0,,0.0,0.0,0.0,0.0,0.0,2015-08-19,0,0.0,0.0,0.0,0.0,0.0
2015,8,9,7,DL,2116,N752AT,LAX,MSP,800,754.0,-6.0,17.0,811.0,215.0,191.0,171.0,1535,1302.0,3.0,1335,1305.0,-30.0,0,0,,0.0,0.0,0.0,0.0,0.0,2015-08-09,0,0.0,0.0,0.0,0.0,0.0
2015,8,10,1,WN,570,N641SW,BWI,BUF,1400,1426.0,26.0,8.0,1434.0,65.0,60.0,47.0,281,1521.0,5.0,1505,1526.0,21.0,0,0,,0.0,0.0,0.0,21.0,0.0,2015-08-10,1,0.0,0.0,0.0,80.77,0.0
2015,8,9,7,DL,1158,N313US,SLC,MCO,941,940.0,-1.0,18.0,958.0,268.0,265.0,236.0,1931,1554.0,11.0,1609,1605.0,-4.0,0,0,,0.0,0.0,0.0,0.0,0.0,2015-08-09,0,0.0,0.0,0.0,0.0,0.0
2015,8,14,5,AA,2045,N763US,JAX,CLT,1210,1209.0,-1.0,11.0,1220.0,79.0,89.0,69.0,328,1329.0,9.0,1329,1338.0,9.0,0,0,,0.0,0.0,0.0,0.0,0.0,2015-08-14,0,0.0,0.0,0.0,0.0,0.0
2015,8,20,4,OO,5329,N973SW,SPI,ORD,1404,1408.0,4.0,22.0,1430.0,66.0,72.0,37.0,174,1507.0,13.0,1510,1520.0,10.0,0,0,,0.0,0.0,0.0,0.0,0.0,2015-08-20,0,0.0,0.0,0.0,0.0,0.0
2015,7,31,5,EV,6142,N11192,EWR,CHS,659,657.0,-2.0,17.0,714.0,122.0,119.0,94.0,628,848.0,8.0,901,856.0,-5.0,0,0,,0.0,0.0,0.0,0.0,0.0,2015-07-31,0,0.0,0.0,0.0,0.0,0.0
2015,7,28,2,AA,1068,N3BLAA,PHL,MIA,1405,1359.0,-6.0,15.0,1414.0,173.0,156.0,133.0,1013,1627.0,8.0,1658,1635.0,-23.0,0,0,,0.0,0.0,0.0,0.0,0.0,2015-07-28,0,0.0,0.0,0.0,0.0,0.0
2015,8,17,1,DL,2121,N803DN,PDX,MSP,1315,1314.0,-1.0,10.0,1324.0,192.0,193.0,177.0,1426,1821.0,6.0,1827,1827.0,0.0,0,0,,0.0,0.0,0.0,0.0,0.0,2015-08-17,0,0.0,0.0,0.0,0.0,0.0
2015,7,29,3,AA,1853,N109UW,CLT,RSW,955,949.0,-6.0,15.0,1004.0,120.0,104.0,87.0,600,1131.0,2.0,1155,1133.0,-22.0,0,0,,0.0,0.0,0.0,0.0,0.0,2015-07-29,0,0.0,0.0,0.0,0.0,0.0
2015,7,29,3,MQ,3079,N618MQ,ORD,CID,1753,1818.0,25.0,16.0,1834.0,66.0,55.0,34.0,196,1908.0,5.0,1859,1913.0,14.0,0,0,,0.0,0.0,0.0,0.0,0.0,2015-07-29,1,0.0,0.0,0.0,0.0,0.0
2015,8,7,5,WN,28,N670SW,CLT,HOU,1045,1126.0,41.0,12.0,1138.0,160.0,138.0,122.0,920,1240.0,4.0,1225,1244.0,19.0,0,0,,0.0,0.0,6.0,13.0,0.0,2015-08-07,1,0.0,0.0,14.63,31.71,0.0
2015,8,28,5,WN,2841,N478WN,LAS,SEA,735,732.0,-3.0,11.0,743.0,155.0,158.0,139.0,867,1002.0,8.0,1010,1010.0,0.0,0,0,,0.0,0.0,0.0,0.0,0.0,2015-08-28,0,0.0,0.0,0.0,0.0,0.0
2015,8,19,3,AA,300,N569AA,ORD,LAS,1330,1328.0,-2.0,20.0,1348.0,240.0,233.0,203.0,1514,1511.0,10.0,1530,1521.0,-9.0,0,0,,0.0,0.0,0.0,0.0,0.0,2015-08-19,0,0.0,0.0,0.0,0.0,0.0
2015,8,1,6,AA,163,N798AA,JFK,SFO,2000,2026.0,26.0,19.0,2045.0,399.0,370.0,346.0,2586,2331.0,5.0,2339,2336.0,-3.0,0,0,,0.0,0.0,0.0,0.0,0.0,2015-08-01,1,0.0,0.0,0.0,0.0,0.0
2015,8,11,2,MQ,3359,N831MQ,LEX,ORD,1510,1521.0,11.0,10.0,1531.0,90.0,92.0,71.0,323,1542.0,11.0,1540,1553.0,13.0,0,0,,0.0,0.0,0.0,0.0,0.0,2015-08-11,0,0.0,0.0,0.0,0.0,0.0
2015,8,7,5,WN,2151,N403WN,HOU,MSY,535,531.0,-4.0,7.0,538.0,65.0,55.0,45.0,302,623.0,3.0,640,626.0,-14.0,0,0,,0.0,0.0,0.0,0.0,0.0,2015-08-07,0,0.0,0.0,0.0,0.0,0.0
2015,7,31,5,DL,1250,N901DA,ATL,MCI,1205,1200.0,-5.0,7.0,1207.0,127.0,118.0,100.0,692,1247.0,11.0,1312,1258.0,-14.0,0,0,,0.0,0.0,0.0,0.0,0.0,2015-07-31,0,0.0,0.0,0.0,0.0,0.0
2015,8,10,1,WN,2565,N764SW,PVD,TPA,730,724.0,-6.0,8.0,732.0,185.0,161.0,150.0,1136,1002.0,3.0,1035,1005.0,-30.0,0,0,,0.0,0.0,0.0,0.0,0.0,2015-08-10,0,0.0,0.0,0.0,0.0,0.0
2015,8,19,3,AA,1759,N952UW,BOS,PHL,1730,1727.0,-3.0,36.0,1803.0,102.0,93.0,54.0,280,1857.0,3.0,1912,1900.0,-12.0,0,0,,0.0,0.0,0.0,0.0,0.0,2015-08-19,0,0.0,0.0,0.0,0.0,0.0
2015,8,20,4,AA,609,N169UW,ATL,CLT,1535,1536.0,1.0,24.0,1600.0,87.0,78.0,45.0,226,1645.0,9.0,1702,1654.0,-8.0,0,0,,0.0,0.0,0.0,0.0,0.0,2015-08-20,0,0.0,0.0,0.0,0.0,0.0
2015,8,16,7,DL,1119,N358NW,MSY,ATL,1315,1312.0,-3.0,18.0,1330.0,95.0,87.0,61.0,425,1531.0,8.0,1550,1539.0,-11.0,0,0,,0.0,0.0,0.0,0.0,0.0,2015-08-16,0,0.0,0.0,0.0,0.0,0.0
2015,8,20,4,UA,739,N481UA,LAX,EWR,1140,1140.0,0.0,14.0,1154.0,333.0,327.0,296.0,2454,1950.0,17.0,2013,2007.0,-6.0,0,0,,0.0,0.0,0.0,0.0,0.0,2015-08-20,0,0.0,0.0,0.0,0.0,0.0
2015,8,19,3,B6,737,N583JB,BDL,MCO,1010,1000.0,-10.0,9.0,1009.0,167.0,151.0,136.0,1050,1225.0,6.0,1257,1231.0,-26.0,0,0,,0.0,0.0,0.0,0.0,0.0,2015-08-19,0,0.0,0.0,0.0,0.0,0.0
2015,8,7,5,WN,31,N417WN,ICT,DAL,1215,1214.0,-1.0,10.0,1224.0,70.0,69.0,54.0,333,1318.0,5.0,1325,1323.0,-2.0,0,0,,0.0,0.0,0.0,0.0,0.0,2015-08-07,0,0.0,0.0,0.0,0.0,0.0
2015,7,24,5,DL,1664,N342NW,MSP,DCA,1523,1518.0,-5.0,7.0,1525.0,140.0,122.0,112.0,931,1817.0,3.0,1843,1820.0,-23.0,0,0,,0.0,0.0,0.0,0.0,0.0,2015-07-24,0,0.0,0.0,0.0,0.0,0.0
2015,8,18,2,DL,1463,N325NB,ATL,CHS,1056,1053.0,-3.0,12.0,1105.0,71.0,75.0,53.0,259,1158.0,10.0,1207,1208.0,1.0,0,0,,0.0,0.0,0.0,0.0,0.0,2015-08-18,0,0.0,0.0,0.0,0.0,0.0
2015,8,4,2,WN,4125,N557WN,SNA,SFO,1540,1543.0,3.0,23.0,1606.0,80.0,94.0,66.0,372,1712.0,5.0,1700,1717.0,17.0,0,0,,17.0,0.0,0.0,0.0,0.0,2015-08-04,0,566.67,0.0,0.0,0.0,0.0
2015,8,6,4,WN,351,N606SW,PDX,SMF,2005,2024.0,19.0,13.0,2037.0,85.0,88.0,72.0,479,2149.0,3.0,2130,2152.0,22.0,0,0,,3.0,0.0,0.0,19.0,0.0,2015-08-06,1,15.79,0.0,0.0,100.0,0.0
2015,7,26,7,OO,7396,N823AS,TWF,SLC,628,808.0,100.0,12.0,820.0,52.0,50.0,32.0,175,852.0,6.0,720,858.0,98.0,0,0,,0.0,0.0,98.0,0.0,0.0,2015-07-26,1,0.0,0.0,98.0,0.0,0.0
2015,8,15,6,DL,2269,N555NW,ATL,MCO,1155,1221.0,26.0,17.0,1238.0,85.0,86.0,60.0,404,1338.0,9.0,1320,1347.0,27.0,0,0,,1.0,0.0,26.0,0.0,0.0,2015-08-15,1,3.85,0.0,100.0,0.0,0.0
2015,8,16,7,DL,1632,N921DN,ORD,MSP,904,903.0,-1.0,25.0,928.0,88.0,83.0,54.0,334,1022.0,4.0,1032,1026.0,-6.0,0,0,,0.0,0.0,0.0,0.0,0.0,2015-08-16,0,0.0,0.0,0.0,0.0,0.0
2015,8,8,6,EV,4416,N16561,EWR,CHS,1430,1434.0,4.0,11.0,1445.0,124.0,112.0,92.0,628,1617.0,9.0,1634,1626.0,-8.0,0,0,,0.0,0.0,0.0,0.0,0.0,2015-08-08,0,0.0,0.0,0.0,0.0,0.0
2015,8,13,4,EV,4957,N751EV,GSO,LGA,604,559.0,-5.0,10.0,609.0,86.0,81.0,67.0,461,716.0,4.0,730,720.0,-10.0,0,0,,0.0,0.0,0.0,0.0,0.0,2015-08-13,0,0.0,0.0,0.0,0.0,0.0
2015,8,7,5,AA,1212,N585AA,MCO,DFW,1929,2027.0,58.0,16.0,2043.0,165.0,166.0,141.0,985,2204.0,9.0,2114,2213.0,59.0,0,0,,1.0,0.0,1.0,57.0,0.0,2015-08-07,1,1.72,0.0,1.72,98.28,0.0
2015,8,4,2,EV,4205,N11187,RSW,IAH,1829,1821.0,-8.0,9.0,1830.0,163.0,147.0,131.0,861,1941.0,7.0,2012,1948.0,-24.0,0,0,,0.0,0.0,0.0,0.0,0.0,2015-08-04,0,0.0,0.0,0.0,0.0,0.0
2015,8,22,6,AS,135,N469AS,ORD,ANC,2355,2.0,7.0,16.0,18.0,403.0,382.0,363.0,2846,321.0,3.0,338,324.0,-14.0,0,0,,0.0,0.0,0.0,0.0,0.0,2015-08-22,0,0.0,0.0,0.0,0.0,0.0
2015,8,13,4,AA,546,N179UW,DFW,PHX,2020,2035.0,15.0,21.0,2056.0,156.0,146.0,115.0,868,2051.0,10.0,2056,2101.0,5.0,0,0,,0.0,0.0,0.0,0.0,0.0,2015-08-13,0,0.0,0.0,0.0,0.0,0.0
2015,8,7,5,OO,2861,N864AS,LAX,MRY,1620,1647.0,27.0,16.0,1703.0,73.0,63.0,43.0,266,1746.0,4.0,1733,1750.0,17.0,0,0,,0.0,0.0,0.0,17.0,0.0,2015-08-07,1,0.0,0.0,0.0,62.96,0.0
2015,8,10,1,HA,16,N391HA,HNL,SAN,1340,1348.0,8.0,20.0,1408.0,320.0,307.0,283.0,2614,2151.0,4.0,2200,2155.0,-5.0,0,0,,0.0,0.0,0.0,0.0,0.0,2015-08-10,0,0.0,0.0,0.0,0.0,0.0
2015,8,16,7,WN,2027,N410WN,MDW,RNO,1305,1304.0,-1.0,12.0,1316.0,255.0,243.0,228.0,1680,1504.0,3.0,1520,1507.0,-13.0,0,0,,0.0,0.0,0.0,0.0,0.0,2015-08-16,0,0.0,0.0,0.0,0.0,0.0
2015,8,14,5,WN,1088,N433LV,DAL,DCA,635,631.0,-4.0,10.0,641.0,170.0,180.0,164.0,1184,1025.0,6.0,1025,1031.0,6.0,0,0,,0.0,0.0,0.0,0.0,0.0,2015-08-14,0,0.0,0.0,0.0,0.0,0.0
2015,8,28,5,AA,1937,N560UW,TPA,CLT,830,824.0,-6.0,14.0,838.0,108.0,109.0,74.0,507,952.0,21.0,1018,1013.0,-5.0,0,0,,0.0,0.0,0.0,0.0,0.0,2015-08-28,0,0.0,0.0,0.0,0.0,0.0
2015,8,12,3,AA,1304,N4YBAA,DFW,OKC,850,843.0,-7.0,12.0,855.0,63.0,47.0,30.0,175,925.0,5.0,953,930.0,-23.0,0,0,,0.0,0.0,0.0,0.0,0.0,2015-08-12,0,0.0,0.0,0.0,0.0,0.0
2015,7,28,2,DL,1233,N317NB,ATL,ORF,1030,1026.0,-4.0,15.0,1041.0,99.0,94.0,75.0,516,1156.0,4.0,1209,1200.0,-9.0,0,0,,0.0,0.0,0.0,0.0,0.0,2015-07-28,0,0.0,0.0,0.0,0.0,0.0
2015,8,21,5,NK,217,N640NK,IAH,LAX,608,654.0,46.0,10.0,704.0,197.0,193.0,176.0,1379,800.0,7.0,725,807.0,42.0,0,0,,42.0,0.0,0.0,0.0,0.0,2015-08-21,1,91.3,0.0,0.0,0.0,0.0
2015,8,24,1,DL,2385,N915DL,DTW,MSY,1520,1530.0,10.0,13.0,1543.0,147.0,142.0,124.0,926,1647.0,5.0,1647,1652.0,5.0,0,0,,0.0,0.0,0.0,0.0,0.0,2015-08-24,0,0.0,0.0,0.0,0.0,0.0
2015,8,3,1,DL,1991,N658DL,MSP,ATL,520,521.0,1.0,16.0,537.0,140.0,130.0,104.0,907,821.0,10.0,840,831.0,-9.0,0,0,,0.0,0.0,0.0,0.0,0.0,2015-08-03,0,0.0,0.0,0.0,0.0,0.0
2015,7,23,4,DL,1499,N958DL,MEM,ATL,600,600.0,0.0,11.0,611.0,77.0,70.0,53.0,332,804.0,6.0,817,810.0,-7.0,0,0,,0.0,0.0,0.0,0.0,0.0,2015-07-23,0,0.0,0.0,0.0,0.0,0.0
2015,8,11,2,WN,481,N958WN,LAS,BOI,920,915.0,-5.0,11.0,926.0,105.0,98.0,83.0,519,1149.0,4.0,1205,1153.0,-12.0,0,0,,0.0,0.0,0.0,0.0,0.0,2015-08-11,0,0.0,0.0,0.0,0.0,0.0
2015,7,31,5,WN,4596,N244WN,PHX,ELP,2215,2228.0,13.0,12.0,2240.0,70.0,66.0,51.0,347,31.0,3.0,25,34.0,9.0,0,0,,0.0,0.0,0.0,0.0,0.0,2015-07-31,0,0.0,0.0,0.0,0.0,0.0
2015,8,10,1,EV,5242,N842AS,ROA,ATL,1355,1355.0,0.0,14.0,1409.0,87.0,91.0,64.0,357,1513.0,13.0,1522,1526.0,4.0,0,0,,0.0,0.0,0.0,0.0,0.0,2015-08-10,0,0.0,0.0,0.0,0.0,0.0
2015,7,30,4,OO,5585,N788SK,SFO,OKC,1041,1038.0,-3.0,22.0,1100.0,204.0,196.0,168.0,1384,1548.0,6.0,1605,1554.0,-11.0,0,0,,0.0,0.0,0.0,0.0,0.0,2015-07-30,0,0.0,0.0,0.0,0.0,0.0
2015,8,17,1,WN,561,N8640D,DEN,SMF,1220,1219.0,-1.0,9.0,1228.0,150.0,150.0,135.0,909,1343.0,6.0,1350,1349.0,-1.0,0,0,,0.0,0.0,0.0,0.0,0.0,2015-08-17,0,0.0,0.0,0.0,0.0,0.0
2015,8,21,5,AA,2147,N945UW,DCA,LGA,1000,1035.0,35.0,43.0,1118.0,82.0,87.0,39.0,214,1157.0,5.0,1122,1202.0,40.0,0,0,,5.0,35.0,0.0,0.0,0.0,2015-08-21,1,14.29,100.0,0.0,0.0,0.0
2015,8,9,7,EV,5970,N15980,ORD,BHM,1550,1541.0,-9.0,20.0,1601.0,113.0,106.0,80.0,584,1721.0,6.0,1743,1727.0,-16.0,0,0,,0.0,0.0,0.0,0.0,0.0,2015-08-09,0,0.0,0.0,0.0,0.0,0.0
2015,8,19,3,DL,2525,N896AT,BHM,ATL,1852,1908.0,16.0,16.0,1924.0,66.0,69.0,32.0,134,2056.0,21.0,2058,2117.0,19.0,0,0,,3.0,0.0,0.0,16.0,0.0,2015-08-19,1,18.75,0.0,0.0,100.0,0.0
2015,8,14,5,B6,264,N562JB,SEA,JFK,2150,2156.0,6.0,23.0,2219.0,309.0,306.0,278.0,2422,557.0,5.0,559,602.0,3.0,0,0,,0.0,0.0,0.0,0.0,0.0,2015-08-14,0,0.0,0.0,0.0,0.0,0.0
2015,8,28,5,AA,2045,N725UW,JAX,CLT,1210,1203.0,-7.0,12.0,1215.0,79.0,70.0,52.0,328,1307.0,6.0,1329,1313.0,-16.0,0,0,,0.0,0.0,0.0,0.0,0.0,2015-08-28,0,0.0,0.0,0.0,0.0,0.0
2015,8,26,3,EV,6068,N16999,ORD,TYS,1951,1944.0,-7.0,15.0,1959.0,94.0,84.0,64.0,475,2203.0,5.0,2225,2208.0,-17.0,0,0,,0.0,0.0,0.0,0.0,0.0,2015-08-26,0,0.0,0.0,0.0,0.0,0.0
2015,7,31,5,B6,1678,N632JB,JAX,JFK,600,555.0,-5.0,13.0,608.0,139.0,126.0,106.0,828,754.0,7.0,819,801.0,-18.0,0,0,,0.0,0.0,0.0,0.0,0.0,2015-07-31,0,0.0,0.0,0.0,0.0,0.0
2015,8,16,7,AA,1319,N3FUAA,LAX,IND,1105,1102.0,-3.0,15.0,1117.0,254.0,249.0,227.0,1814,1804.0,7.0,1819,1811.0,-8.0,0,0,,0.0,0.0,0.0,0.0,0.0,2015-08-16,0,0.0,0.0,0.0,0.0,0.0
2015,8,20,4,DL,1375,N915DL,SRQ,ATL,1715,1711.0,-4.0,9.0,1720.0,99.0,85.0,67.0,444,1827.0,9.0,1854,1836.0,-18.0,0,0,,0.0,0.0,0.0,0.0,0.0,2015-08-20,0,0.0,0.0,0.0,0.0,0.0
2015,7,26,7,NK,562,N617NK,LAS,DEN,812,823.0,11.0,14.0,837.0,107.0,104.0,82.0,628,1059.0,8.0,1059,1107.0,8.0,0,0,,0.0,0.0,0.0,0.0,0.0,2015-07-26,0,0.0,0.0,0.0,0.0,0.0
2015,8,23,7,WN,575,N264LV,ABQ,DAL,1455,1500.0,5.0,6.0,1506.0,100.0,92.0,82.0,580,1728.0,4.0,1735,1732.0,-3.0,0,0,,0.0,0.0,0.0,0.0,0.0,2015-08-23,0,0.0,0.0,0.0,0.0,0.0
2015,8,24,1,DL,2203,N687DL,ATL,LAS,816,813.0,-3.0,20.0,833.0,248.0,239.0,214.0,1747,907.0,5.0,924,912.0,-12.0,0,0,,0.0,0.0,0.0,0.0,0.0,2015-08-24,0,0.0,0.0,0.0,0.0,0.0
2015,8,14,5,AA,1146,N3CGAA,LGA,DFW,1630,1629.0,-1.0,26.0,1655.0,245.0,214.0,180.0,1389,1855.0,8.0,1935,1903.0,-32.0,0,0,,0.0,0.0,0.0,0.0,0.0,2015-08-14,0,0.0,0.0,0.0,0.0,0.0
2015,8,1,6,OO,4454,N445SW,BZN,SLC,1145,1140.0,-5.0,13.0,1153.0,76.0,76.0,56.0,347,1249.0,7.0,1301,1256.0,-5.0,0,0,,0.0,0.0,0.0,0.0,0.0,2015-08-01,0,0.0,0.0,0.0,0.0,0.0
2015,8,11,2,MQ,3681,N524MQ,OKC,DFW,1008,1002.0,-6.0,12.0,1014.0,60.0,80.0,47.0,175,1101.0,21.0,1108,1122.0,14.0,0,0,,0.0,0.0,0.0,0.0,0.0,2015-08-11,0,0.0,0.0,0.0,0.0,0.0
2015,8,11,2,WN,146,N7733B,OAK,SAN,1850,1903.0,13.0,10.0,1913.0,85.0,85.0,72.0,446,2025.0,3.0,2015,2028.0,13.0,0,0,,0.0,0.0,0.0,0.0,0.0,2015-08-11,0,0.0,0.0,0.0,0.0,0.0
2015,8,30,7,AA,1791,N122US,IAH,CLT,1159,1250.0,51.0,15.0,1305.0,151.0,147.0,114.0,912,1559.0,18.0,1530,1617.0,47.0,0,0,,0.0,0.0,0.0,47.0,0.0,2015-08-30,1,0.0,0.0,0.0,92.16,0.0
2015,8,12,3,EV,5065,N846AS,SGF,ATL,1759,1756.0,-3.0,10.0,1806.0,108.0,92.0,79.0,563,2025.0,3.0,2047,2028.0,-19.0,0,0,,0.0,0.0,0.0,0.0,0.0,2015-08-12,0,0.0,0.0,0.0,0.0,0.0
2015,7,31,5,AA,1118,N3ATAA,DFW,LGA,1250,1250.0,0.0,16.0,1306.0,210.0,200.0,181.0,1389,1707.0,3.0,1720,1710.0,-10.0,0,0,,0.0,0.0,0.0,0.0,0.0,2015-07-31,0,0.0,0.0,0.0,0.0,0.0
2015,8,21,5,AA,1701,N704US,PIT,CLT,1910,1902.0,-8.0,10.0,1912.0,84.0,83.0,63.0,366,2015.0,10.0,2034,2025.0,-9.0,0,0,,0.0,0.0,0.0,0.0,0.0,2015-08-21,0,0.0,0.0,0.0,0.0,0.0
2015,8,16,7,EV,5597,N186PQ,ATL,LFT,1005,958.0,-7.0,24.0,1022.0,104.0,108.0,81.0,503,1043.0,3.0,1049,1046.0,-3.0,0,0,,0.0,0.0,0.0,0.0,0.0,2015-08-16,0,0.0,0.0,0.0,0.0,0.0
2015,7,27,1,WN,4030,N240WN,STL,MDW,745,741.0,-4.0,11.0,752.0,65.0,58.0,42.0,251,834.0,5.0,850,839.0,-11.0,0,0,,0.0,0.0,0.0,0.0,0.0,2015-07-27,0,0.0,0.0,0.0,0.0,0.0
2015,8,21,5,AA,660,N654AW,FLL,CLT,810,807.0,-3.0,16.0,823.0,123.0,120.0,93.0,632,956.0,11.0,1013,1007.0,-6.0,0,0,,0.0,0.0,0.0,0.0,0.0,2015-08-21,0,0.0,0.0,0.0,0.0,0.0
2015,7,27,1,EV,4627,N15912,IND,EWR,2000,1954.0,-6.0,13.0,2007.0,120.0,120.0,98.0,645,2145.0,9.0,2200,2154.0,-6.0,0,0,,0.0,0.0,0.0,0.0,0.0,2015-07-27,0,0.0,0.0,0.0,0.0,0.0
2015,7,26,7,AS,706,N526AS,SEA,SLC,1355,1349.0,-6.0,22.0,1411.0,123.0,118.0,92.0,689,1643.0,4.0,1658,1647.0,-11.0,0,0,,0.0,0.0,0.0,0.0,0.0,2015-07-26,0,0.0,0.0,0.0,0.0,0.0
2015,7,24,5,DL,916,N315NB,PVD,DTW,1623,1619.0,-4.0,14.0,1633.0,127.0,118.0,91.0,615,1804.0,13.0,1830,1817.0,-13.0,0,0,,0.0,0.0,0.0,0.0,0.0,2015-07-24,0,0.0,0.0,0.0,0.0,0.0
2015,7,25,6,WN,1436,N777QC,MSP,MCI,710,703.0,-7.0,14.0,717.0,80.0,79.0,60.0,393,817.0,5.0,830,822.0,-8.0,0,0,,0.0,0.0,0.0,0.0,0.0,2015-07-25,0,0.0,0.0,0.0,0.0,0.0
2015,8,24,1,B6,777,N561JB,BOS,LAS,2018,2014.0,-4.0,13.0,2027.0,343.0,331.0,313.0,2381,2240.0,5.0,2301,2245.0,-16.0,0,0,,0.0,0.0,0.0,0.0,0.0,2015-08-24,0,0.0,0.0,0.0,0.0,0.0
2015,8,16,7,DL,2042,N948AT,ATL,EWR,1350,1359.0,9.0,13.0,1412.0,151.0,123.0,105.0,746,1557.0,5.0,1621,1602.0,-19.0,0,0,,0.0,0.0,0.0,0.0,0.0,2015-08-16,0,0.0,0.0,0.0,0.0,0.0
2015,8,25,2,EV,4966,N744EV,RDU,MSP,858,853.0,-5.0,15.0,908.0,162.0,156.0,136.0,980,1024.0,5.0,1040,1029.0,-11.0,0,0,,0.0,0.0,0.0,0.0,0.0,2015-08-25,0,0.0,0.0,0.0,0.0,0.0
2015,8,22,6,DL,1671,N952DL,MIA,JFK,1200,1202.0,2.0,13.0,1215.0,186.0,159.0,138.0,1089,1433.0,8.0,1506,1441.0,-25.0,0,0,,0.0,0.0,0.0,0.0,0.0,2015-08-22,0,0.0,0.0,0.0,0.0,0.0
2015,8,26,3,UA,516,N431UA,SFO,IAD,1053,1150.0,57.0,20.0,1210.0,308.0,296.0,273.0,2419,1943.0,3.0,1901,1946.0,45.0,0,0,,0.0,0.0,45.0,0.0,0.0,2015-08-26,1,0.0,0.0,78.95,0.0,0.0
2015,7,30,4,DL,1424,N663DN,DTW,MCO,845,855.0,10.0,21.0,916.0,147.0,148.0,120.0,957,1116.0,7.0,1112,1123.0,11.0,0,0,,0.0,0.0,0.0,0.0,0.0,2015-07-30,0,0.0,0.0,0.0,0.0,0.0
2015,7,24,5,B6,1070,N183JB,FLL,BOS,1850,2131.0,161.0,22.0,2153.0,190.0,196.0,170.0,1237,43.0,4.0,2200,47.0,167.0,0,0,,6.0,0.0,19.0,142.0,0.0,2015-07-24,1,3.73,0.0,11.8,88.2,0.0
2015,8,17,1,DL,2354,N329NW,LGA,DTW,1655,1703.0,8.0,19.0,1722.0,135.0,101.0,79.0,502,1841.0,3.0,1910,1844.0,-26.0,0,0,,0.0,0.0,0.0,0.0,0.0,2015-08-17,0,0.0,0.0,0.0,0.0,0.0
2015,8,9,7,OO,4450,N805SK,SLC,ONT,2205,2200.0,-5.0,15.0,2215.0,106.0,97.0,79.0,558,2234.0,3.0,2251,2237.0,-14.0,0,0,,0.0,0.0,0.0,0.0,0.0,2015-08-09,0,0.0,0.0,0.0,0.0,0.0
2015,8,20,4,AA,1294,N5DEAA,LAX,SFO,650,644.0,-6.0,20.0,704.0,88.0,77.0,53.0,337,757.0,4.0,818,801.0,-17.0,0,0,,0.0,0.0,0.0,0.0,0.0,2015-08-20,0,0.0,0.0,0.0,0.0,0.0
2015,8,9,7,WN,3235,N780SW,SAT,LAX,1650,1647.0,-3.0,11.0,1658.0,190.0,175.0,154.0,1211,1732.0,10.0,1800,1742.0,-18.0,0,0,,0.0,0.0,0.0,0.0,0.0,2015-08-09,0,0.0,0.0,0.0,0.0,0.0
2015,8,29,6,WN,1993,N787SA,OAK,SNA,1040,1040.0,0.0,10.0,1050.0,85.0,79.0,65.0,371,1155.0,4.0,1205,1159.0,-6.0,0,0,,0.0,0.0,0.0,0.0,0.0,2015-08-29,0,0.0,0.0,0.0,0.0,0.0
2015,7,28,2,VX,350,N846VA,SFO,BOS,700,656.0,-4.0,10.0,706.0,335.0,344.0,326.0,2704,1532.0,8.0,1535,1540.0,5.0,0,0,,0.0,0.0,0.0,0.0,0.0,2015-07-28,0,0.0,0.0,0.0,0.0,0.0
2015,8,4,2,UA,650,N470UA,SAN,SFO,1101,1244.0,103.0,18.0,1302.0,101.0,86.0,63.0,447,1405.0,5.0,1242,1410.0,88.0,0,0,,88.0,0.0,0.0,0.0,0.0,2015-08-04,1,85.44,0.0,0.0,0.0,0.0
2015,7,27,1,OO,4712,N783CA,FAR,MSP,1930,1924.0,-6.0,14.0,1938.0,59.0,56.0,38.0,223,2016.0,4.0,2029,2020.0,-9.0,0,0,,0.0,0.0,0.0,0.0,0.0,2015-07-27,0,0.0,0.0,0.0,0.0,0.0
2015,8,18,2,OO,4702,N440SW,MSP,FWA,1910,1937.0,27.0,24.0,2001.0,95.0,110.0,80.0,488,2221.0,6.0,2145,2227.0,42.0,0,0,,15.0,0.0,0.0,27.0,0.0,2015-08-18,1,55.56,0.0,0.0,100.0,0.0
2015,8,22,6,WN,56,N282WN,ALB,BWI,1355,1349.0,-6.0,11.0,1400.0,80.0,71.0,53.0,289,1453.0,7.0,1515,1500.0,-15.0,0,0,,0.0,0.0,0.0,0.0,0.0,2015-08-22,0,0.0,0.0,0.0,0.0,0.0
2015,8,28,5,WN,3001,N434WN,ATL,DEN,1505,1505.0,0.0,14.0,1519.0,205.0,176.0,156.0,1199,1555.0,6.0,1630,1601.0,-29.0,0,0,,0.0,0.0,0.0,0.0,0.0,2015-08-28,0,0.0,0.0,0.0,0.0,0.0
2015,8,24,1,EV,4477,N13133,CLE,IAH,1445,1442.0,-3.0,9.0,1451.0,185.0,172.0,155.0,1091,1626.0,8.0,1650,1634.0,-16.0,0,0,,0.0,0.0,0.0,0.0,0.0,2015-08-24,0,0.0,0.0,0.0,0.0,0.0
2015,8,5,3,DL,981,N909DE,BOS,ATL,1330,1325.0,-5.0,20.0,1345.0,173.0,158.0,129.0,946,1554.0,9.0,1623,1603.0,-20.0,0,0,,0.0,0.0,0.0,0.0,0.0,2015-08-05,0,0.0,0.0,0.0,0.0,0.0
2015,8,27,4,WN,1945,N455WN,MCI,MDW,850,846.0,-4.0,9.0,855.0,85.0,78.0,62.0,405,957.0,7.0,1015,1004.0,-11.0,0,0,,0.0,0.0,0.0,0.0,0.0,2015-08-27,0,0.0,0.0,0.0,0.0,0.0
2015,7,30,4,NK,310,N637NK,LAX,FLL,2050,2058.0,8.0,9.0,2107.0,305.0,300.0,283.0,2343,450.0,8.0,455,458.0,3.0,0,0,,0.0,0.0,0.0,0.0,0.0,2015-07-30,0,0.0,0.0,0.0,0.0,0.0
2015,7,26,7,DL,221,N902DA,LGA,ATL,1700,1655.0,-5.0,37.0,1732.0,172.0,149.0,103.0,762,1915.0,9.0,1952,1924.0,-28.0,0,0,,0.0,0.0,0.0,0.0,0.0,2015-07-26,0,0.0,0.0,0.0,0.0,0.0
2015,7,23,4,WN,1155,N939WN,LAS,TUS,1210,1217.0,7.0,13.0,1230.0,75.0,69.0,53.0,365,1323.0,3.0,1325,1326.0,1.0,0,0,,0.0,0.0,0.0,0.0,0.0,2015-07-23,0,0.0,0.0,0.0,0.0,0.0
2015,8,7,5,WN,374,N642WN,DEN,TUL,1050,1053.0,3.0,14.0,1107.0,90.0,90.0,72.0,541,1319.0,4.0,1320,1323.0,3.0,0,0,,0.0,0.0,0.0,0.0,0.0,2015-08-07,0,0.0,0.0,0.0,0.0,0.0
2015,8,18,2,OO,4978,N796SK,BOI,IAH,737,730.0,-7.0,12.0,742.0,208.0,189.0,173.0,1482,1135.0,4.0,1205,1139.0,-26.0,0,0,,0.0,0.0,0.0,0.0,0.0,2015-08-18,0,0.0,0.0,0.0,0.0,0.0
2015,8,27,4,WN,617,N224WN,BOS,CMH,650,649.0,-1.0,27.0,716.0,135.0,128.0,96.0,640,852.0,5.0,905,857.0,-8.0,0,0,,0.0,0.0,0.0,0.0,0.0,2015-08-27,0,0.0,0.0,0.0,0.0,0.0
2015,8,15,6,WN,2080,N791SW,ATL,BOS,835,830.0,-5.0,11.0,841.0,160.0,149.0,124.0,946,1045.0,14.0,1115,1059.0,-16.0,0,0,,0.0,0.0,0.0,0.0,0.0,2015-08-15,0,0.0,0.0,0.0,0.0,0.0
2015,7,25,6,MQ,3211,N637MQ,DFW,AMA,1035,1032.0,-3.0,16.0,1048.0,77.0,66.0,46.0,312,1134.0,4.0,1152,1138.0,-14.0,0,0,,0.0,0.0,0.0,0.0,0.0,2015-07-25,0,0.0,0.0,0.0,0.0,0.0
2015,8,5,3,DL,1592,N802DN,SAN,ATL,615,613.0,-2.0,23.0,636.0,271.0,253.0,226.0,1892,1322.0,4.0,1346,1326.0,-20.0,0,0,,0.0,0.0,0.0,0.0,0.0,2015-08-05,0,0.0,0.0,0.0,0.0,0.0
2015,8,18,2,DL,2188,N3751B,SEA,JNU,1949,2039.0,50.0,13.0,2052.0,148.0,145.0,128.0,909,2200.0,4.0,2117,2204.0,47.0,0,0,,0.0,0.0,3.0,44.0,0.0,2015-08-18,1,0.0,0.0,6.0,88.0,0.0
2015,7,26,7,EV,5508,N391CA,RDU,DTW,930,929.0,-1.0,12.0,941.0,105.0,103.0,80.0,501,1101.0,11.0,1115,1112.0,-3.0,0,0,,0.0,0.0,0.0,0.0,0.0,2015-07-26,0,0.0,0.0,0.0,0.0,0.0
2015,8,27,4,NK,470,N612NK,DFW,FLL,1649,1654.0,5.0,16.0,1710.0,176.0,164.0,140.0,1119,2030.0,8.0,2045,2038.0,-7.0,0,0,,0.0,0.0,0.0,0.0,0.0,2015-08-27,0,0.0,0.0,0.0,0.0,0.0
2015,7,28,2,AA,241,N3LVAA,ORD,SFO,1358,1358.0,0.0,23.0,1421.0,283.0,276.0,248.0,1846,1629.0,5.0,1641,1634.0,-7.0,0,0,,0.0,0.0,0.0,0.0,0.0,2015-07-28,0,0.0,0.0,0.0,0.0,0.0
2015,8,29,6,DL,281,N382DA,DTW,SEA,1200,1159.0,-1.0,14.0,1213.0,293.0,307.0,283.0,1927,1356.0,10.0,1353,1406.0,13.0,0,0,,0.0,0.0,0.0,0.0,0.0,2015-08-29,0,0.0,0.0,0.0,0.0,0.0
2015,8,14,5,AA,57,N3JUAA,MIA,DEN,2015,2111.0,56.0,20.0,2131.0,264.0,246.0,218.0,1709,2309.0,8.0,2239,2317.0,38.0,0,0,,0.0,0.0,0.0,0.0,38.0,2015-08-14,1,0.0,0.0,0.0,0.0,67.86
2015,8,4,2,WN,164,N773SA,BWI,PWM,1610,1609.0,-1.0,9.0,1618.0,85.0,103.0,63.0,452,1721.0,31.0,1735,1752.0,17.0,0,0,,17.0,0.0,0.0,0.0,0.0,2015-08-04,0,-1700.0,-0.0,-0.0,-0.0,-0.0
2015,8,24,1,WN,824,N761RR,MCI,MSP,2050,2148.0,58.0,7.0,2155.0,80.0,70.0,58.0,393,2253.0,5.0,2210,2258.0,48.0,0,0,,0.0,0.0,18.0,30.0,0.0,2015-08-24,1,0.0,0.0,31.03,51.72,0.0
2015,8,27,4,DL,1789,N935DN,JAX,ATL,1945,1941.0,-4.0,12.0,1953.0,78.0,72.0,44.0,270,2037.0,16.0,2103,2053.0,-10.0,0,0,,0.0,0.0,0.0,0.0,0.0,2015-08-27,0,0.0,0.0,0.0,0.0,0.0
2015,7,26,7,EV,4294,N14168,EWR,JAX,2117,2117.0,0.0,27.0,2144.0,148.0,147.0,114.0,820,2338.0,6.0,2345,2344.0,-1.0,0,0,,0.0,0.0,0.0,0.0,0.0,2015-07-26,0,0.0,0.0,0.0,0.0,0.0
2015,8,16,7,DL,2365,N349NB,MSP,FCA,1155,1149.0,-6.0,12.0,1201.0,168.0,161.0,146.0,1026,1327.0,3.0,1343,1330.0,-13.0,0,0,,0.0,0.0,0.0,0.0,0.0,2015-08-16,0,0.0,0.0,0.0,0.0,0.0
2015,8,4,2,AS,65,N792AS,SEA,KTN,740,739.0,-1.0,15.0,754.0,126.0,118.0,99.0,680,833.0,4.0,846,837.0,-9.0,0,0,,0.0,0.0,0.0,0.0,0.0,2015-08-04,0,0.0,0.0,0.0,0.0,0.0
2015,8,29,6,B6,916,N943JB,SFO,JFK,2125,2123.0,-2.0,13.0,2136.0,324.0,313.0,295.0,2586,531.0,5.0,549,536.0,-13.0,0,0,,0.0,0.0,0.0,0.0,0.0,2015-08-29,0,0.0,0.0,0.0,0.0,0.0
2015,8,27,4,EV,4874,N738EV,DTW,RIC,1006,959.0,-7.0,11.0,1010.0,99.0,86.0,71.0,456,1121.0,4.0,1145,1125.0,-20.0,0,0,,0.0,0.0,0.0,0.0,0.0,2015-08-27,0,0.0,0.0,0.0,0.0,0.0
2015,8,12,3,WN,1783,N7715E,IND,LAS,1130,1130.0,0.0,11.0,1141.0,245.0,227.0,211.0,1590,1212.0,5.0,1235,1217.0,-18.0,0,0,,0.0,0.0,0.0,0.0,0.0,2015-08-12,0,0.0,0.0,0.0,0.0,0.0
2015,8,5,3,DL,831,N939DL,LGA,DTW,710,707.0,-3.0,19.0,726.0,123.0,110.0,85.0,502,851.0,6.0,913,857.0,-16.0,0,0,,0.0,0.0,0.0,0.0,0.0,2015-08-05,0,0.0,0.0,0.0,0.0,0.0
2015,8,20,4,WN,570,N385SW,BWI,BUF,1400,1419.0,19.0,46.0,1505.0,65.0,96.0,47.0,281,1552.0,3.0,1505,1555.0,50.0,0,0,,31.0,0.0,0.0,17.0,2.0,2015-08-20,1,163.16,0.0,0.0,89.47,10.53
2015,8,28,5,UA,1945,N16713,EWR,ORD,2019,2020.0,1.0,9.0,2029.0,163.0,121.0,107.0,719,2116.0,5.0,2202,2121.0,-41.0,0,0,,0.0,0.0,0.0,0.0,0.0,2015-08-28,0,0.0,0.0,0.0,0.0,0.0
2015,8,24,1,UA,1779,N69819,SAN,IAH,1524,1532.0,8.0,14.0,1546.0,185.0,185.0,166.0,1303,2032.0,5.0,2029,2037.0,8.0,0,0,,0.0,0.0,0.0,0.0,0.0,2015-08-24,0,0.0,0.0,0.0,0.0,0.0
2015,8,5,3,OO,4470,N693CA,OMA,SLC,1745,1738.0,-7.0,13.0,1751.0,150.0,146.0,129.0,840,1900.0,4.0,1915,1904.0,-11.0,0,0,,0.0,0.0,0.0,0.0,0.0,2015-08-05,0,0.0,0.0,0.0,0.0,0.0
2015,8,18,2,WN,396,N8316H,MDW,CLE,1525,1519.0,-6.0,9.0,1528.0,70.0,61.0,49.0,307,1717.0,3.0,1735,1720.0,-15.0,0,0,,0.0,0.0,0.0,0.0,0.0,2015-08-18,0,0.0,0.0,0.0,0.0,0.0
2015,8,20,4,AA,2380,N3FUAA,PHX,ORD,535,529.0,-6.0,16.0,545.0,211.0,210.0,179.0,1440,1044.0,15.0,1106,1059.0,-7.0,0,0,,0.0,0.0,0.0,0.0,0.0,2015-08-20,0,0.0,0.0,0.0,0.0,0.0
2015,7,31,5,VX,77,N621VA,IAD,SFO,1855,1853.0,-2.0,17.0,1910.0,350.0,346.0,322.0,2419,2132.0,7.0,2145,2139.0,-6.0,0,0,,0.0,0.0,0.0,0.0,0.0,2015-07-31,0,0.0,0.0,0.0,0.0,0.0
2015,8,20,4,OO,5550,N930SW,DEN,TUS,1145,1145.0,0.0,19.0,1204.0,124.0,123.0,98.0,639,1242.0,6.0,1249,1248.0,-1.0,0,0,,0.0,0.0,0.0,0.0,0.0,2015-08-20,0,0.0,0.0,0.0,0.0,0.0
2015,8,16,7,WN,2238,N670SW,SFO,SAN,1555,1555.0,0.0,13.0,1608.0,90.0,85.0,70.0,447,1718.0,2.0,1725,1720.0,-5.0,0,0,,0.0,0.0,0.0,0.0,0.0,2015-08-16,0,0.0,0.0,0.0,0.0,0.0
2015,7,28,2,WN,403,N934WN,BWI,ALB,1905,1918.0,13.0,12.0,1930.0,75.0,67.0,51.0,289,2021.0,4.0,2020,2025.0,5.0,0,0,,0.0,0.0,0.0,0.0,0.0,2015-07-28,0,0.0,0.0,0.0,0.0,0.0
2015,8,24,1,DL,895,N387DA,DTW,LAX,1345,1342.0,-3.0,15.0,1357.0,290.0,281.0,256.0,1979,1513.0,10.0,1535,1523.0,-12.0,0,0,,0.0,0.0,0.0,0.0,0.0,2015-08-24,0,0.0,0.0,0.0,0.0,0.0
2015,7,28,2,DL,1530,N302DQ,ATL,BNA,1235,1245.0,10.0,15.0,1300.0,66.0,64.0,41.0,214,1241.0,8.0,1241,1249.0,8.0,0,0,,0.0,0.0,0.0,0.0,0.0,2015-07-28,0,0.0,0.0,0.0,0.0,0.0
2015,8,26,3,OO,5159,N874AS,DEN,TUS,1530,1533.0,3.0,39.0,1612.0,127.0,145.0,102.0,639,1654.0,4.0,1637,1658.0,21.0,0,0,,18.0,0.0,3.0,0.0,0.0,2015-08-26,0,600.0,0.0,100.0,0.0,0.0
2015,7,25,6,AA,455,N663AW,PHX,SLC,730,727.0,-3.0,14.0,741.0,99.0,95.0,71.0,507,952.0,10.0,1009,1002.0,-7.0,0,0,,0.0,0.0,0.0,0.0,0.0,2015-07-25,0,0.0,0.0,0.0,0.0,0.0
2015,8,4,2,UA,488,N463UA,IAH,SFO,1735,1849.0,74.0,18.0,1907.0,247.0,234.0,210.0,1635,2037.0,6.0,1942,2043.0,61.0,0,0,,0.0,0.0,61.0,0.0,0.0,2015-08-04,1,0.0,0.0,82.43,0.0,0.0
2015,8,18,2,AA,444,N702UW,RSW,CLT,1015,1009.0,-6.0,14.0,1023.0,113.0,114.0,89.0,600,1152.0,11.0,1208,1203.0,-5.0,0,0,,0.0,0.0,0.0,0.0,0.0,2015-08-18,0,0.0,0.0,0.0,0.0,0.0
2015,8,23,7,AA,72,N3CNAA,MCO,DFW,1055,1054.0,-1.0,16.0,1110.0,166.0,155.0,130.0,985,1220.0,9.0,1241,1229.0,-12.0,0,0,,0.0,0.0,0.0,0.0,0.0,2015-08-23,0,0.0,0.0,0.0,0.0,0.0
2015,7,25,6,AS,355,N588AS,SMF,SEA,1155,1150.0,-5.0,12.0,1202.0,102.0,99.0,80.0,605,1322.0,7.0,1337,1329.0,-8.0,0,0,,0.0,0.0,0.0,0.0,0.0,2015-07-25,0,0.0,0.0,0.0,0.0,0.0
2015,8,13,4,DL,849,N316NB,MSY,ATL,615,1415.0,480.0,13.0,1428.0,90.0,91.0,65.0,425,1633.0,13.0,845,1646.0,481.0,0,0,,1.0,0.0,480.0,0.0,0.0,2015-08-13,1,0.21,0.0,100.0,0.0,0.0
2015,7,24,5,DL,2106,N377NW,BOI,SLC,1310,1307.0,-3.0,8.0,1315.0,68.0,56.0,42.0,290,1357.0,6.0,1418,1403.0,-15.0,0,0,,0.0,0.0,0.0,0.0,0.0,2015-07-24,0,0.0,0.0,0.0,0.0,0.0
2015,7,29,3,EV,4169,N14173,IAH,BRO,1505,1500.0,-5.0,17.0,1517.0,71.0,74.0,51.0,308,1608.0,6.0,1616,1614.0,-2.0,0,0,,0.0,0.0,0.0,0.0,0.0,2015-07-29,0,0.0,0.0,0.0,0.0,0.0
2015,8,27,4,OO,6357,N121SY,DAY,ORD,805,802.0,-3.0,12.0,814.0,72.0,63.0,44.0,240,758.0,7.0,817,805.0,-12.0,0,0,,0.0,0.0,0.0,0.0,0.0,2015-08-27,0,0.0,0.0,0.0,0.0,0.0
2015,8,15,6,B6,918,N236JB,JFK,BOS,1759,2037.0,158.0,32.0,2109.0,95.0,82.0,47.0,187,2156.0,3.0,1934,2159.0,145.0,0,0,,0.0,0.0,0.0,0.0,145.0,2015-08-15,1,0.0,0.0,0.0,0.0,91.77
2015,8,30,7,AA,1332,N3DPAA,LAX,ORD,1435,1704.0,149.0,37.0,1741.0,257.0,251.0,208.0,1744,2309.0,6.0,2052,2315.0,143.0,0,0,,0.0,0.0,0.0,143.0,0.0,2015-08-30,1,0.0,0.0,0.0,95.97,0.0
2015,8,10,1,UA,1176,N57862,HNL,SFO,1435,1459.0,24.0,18.0,1517.0,307.0,315.0,288.0,2398,2305.0,9.0,2242,2314.0,32.0,0,0,,23.0,0.0,0.0,9.0,0.0,2015-08-10,1,95.83,0.0,0.0,37.5,0.0
2015,7,29,3,DL,2250,N957AT,GSP,ATL,1200,1158.0,-2.0,26.0,1224.0,70.0,65.0,30.0,153,1254.0,9.0,1310,1303.0,-7.0,0,0,,0.0,0.0,0.0,0.0,0.0,2015-07-29,0,0.0,0.0,0.0,0.0,0.0
2015,7,30,4,MQ,3133,N831MQ,DAY,ORD,608,559.0,-9.0,15.0,614.0,76.0,80.0,56.0,240,610.0,9.0,624,619.0,-5.0,0,0,,0.0,0.0,0.0,0.0,0.0,2015-07-30,0,0.0,0.0,0.0,0.0,0.0
2015,8,25,2,DL,1872,N918DH,TPA,ATL,630,626.0,-4.0,10.0,636.0,85.0,79.0,65.0,406,741.0,4.0,755,745.0,-10.0,0,0,,0.0,0.0,0.0,0.0,0.0,2015-08-25,0,0.0,0.0,0.0,0.0,0.0
2015,8,8,6,OO,4679,N447SW,DTW,CIU,1200,1158.0,-2.0,16.0,1214.0,70.0,70.0,48.0,284,1302.0,6.0,1310,1308.0,-2.0,0,0,,0.0,0.0,0.0,0.0,0.0,2015-08-08,0,0.0,0.0,0.0,0.0,0.0
2015,7,26,7,B6,1967,N784JB,HPN,PBI,1500,1500.0,0.0,47.0,1547.0,168.0,185.0,132.0,1056,1759.0,6.0,1748,1805.0,17.0,0,0,,17.0,0.0,0.0,0.0,0.0,2015-07-26,0,inf,0.0,0.0,0.0,0.0
2015,8,14,5,DL,1856,N980AT,MLB,ATL,1127,1124.0,-3.0,14.0,1138.0,97.0,89.0,64.0,442,1242.0,11.0,1304,1253.0,-11.0,0,0,,0.0,0.0,0.0,0.0,0.0,2015-08-14,0,0.0,0.0,0.0,0.0,0.0
2015,8,28,5,WN,269,N453WN,SMF,BUR,1705,1713.0,8.0,7.0,1720.0,65.0,62.0,53.0,358,1813.0,2.0,1810,1815.0,5.0,0,0,,0.0,0.0,0.0,0.0,0.0,2015-08-28,0,0.0,0.0,0.0,0.0,0.0
2015,8,24,1,UA,746,N486UA,DEN,LAX,1524,1529.0,5.0,13.0,1542.0,144.0,133.0,115.0,862,1637.0,5.0,1648,1642.0,-6.0,0,0,,0.0,0.0,0.0,0.0,0.0,2015-08-24,0,0.0,0.0,0.0,0.0,0.0
2015,8,1,6,EV,2658,N684JW,DFW,TYS,1540,1559.0,19.0,13.0,1612.0,135.0,132.0,101.0,772,1853.0,18.0,1855,1911.0,16.0,0,0,,0.0,0.0,0.0,16.0,0.0,2015-08-01,1,0.0,0.0,0.0,84.21,0.0
2015,8,12,3,WN,660,N477WN,BWI,FNT,2215,2214.0,-1.0,14.0,2228.0,90.0,88.0,69.0,452,2337.0,5.0,2345,2342.0,-3.0,0,0,,0.0,0.0,0.0,0.0,0.0,2015-08-12,0,0.0,0.0,0.0,0.0,0.0
2015,8,28,5,WN,3228,N7820J,RIC,ATL,555,553.0,-2.0,12.0,605.0,110.0,100.0,77.0,481,722.0,11.0,745,733.0,-12.0,0,0,,0.0,0.0,0.0,0.0,0.0,2015-08-28,0,0.0,0.0,0.0,0.0,0.0
2015,8,5,3,UA,562,N487UA,ICT,DEN,1728,1723.0,-5.0,10.0,1733.0,92.0,86.0,62.0,420,1735.0,14.0,1800,1749.0,-11.0,0,0,,0.0,0.0,0.0,0.0,0.0,2015-08-05,0,0.0,0.0,0.0,0.0,0.0
2015,7,29,3,AA,1317,N3JBAA,ORD,MIA,705,705.0,0.0,10.0,715.0,194.0,189.0,154.0,1197,1049.0,25.0,1119,1114.0,-5.0,0,0,,0.0,0.0,0.0,0.0,0.0,2015-07-29,0,0.0,0.0,0.0,0.0,0.0
2015,8,6,4,NK,113,N512NK,BWI,IAH,1240,1243.0,3.0,9.0,1252.0,191.0,183.0,164.0,1235,1436.0,10.0,1451,1446.0,-5.0,0,0,,0.0,0.0,0.0,0.0,0.0,2015-08-06,0,0.0,0.0,0.0,0.0,0.0
2015,8,6,4,WN,232,N7713A,HOU,MCI,1800,1807.0,7.0,13.0,1820.0,110.0,111.0,95.0,666,1955.0,3.0,1950,1958.0,8.0,0,0,,0.0,0.0,0.0,0.0,0.0,2015-08-06,0,0.0,0.0,0.0,0.0,0.0
2015,8,7,5,UA,1260,N16701,LGA,ORD,1310,1319.0,9.0,33.0,1352.0,157.0,149.0,102.0,733,1434.0,14.0,1447,1448.0,1.0,0,0,,0.0,0.0,0.0,0.0,0.0,2015-08-07,0,0.0,0.0,0.0,0.0,0.0
2015,8,17,1,UA,1231,N87513,LAX,ORD,1906,2013.0,67.0,11.0,2024.0,240.0,219.0,201.0,1744,145.0,7.0,106,152.0,46.0,0,0,,0.0,0.0,5.0,41.0,0.0,2015-08-17,1,0.0,0.0,7.46,61.19,0.0
2015,8,27,4,MQ,3132,N808MQ,CID,ORD,1219,1241.0,22.0,9.0,1250.0,74.0,57.0,37.0,196,1327.0,11.0,1333,1338.0,5.0,0,0,,0.0,0.0,0.0,0.0,0.0,2015-08-27,1,0.0,0.0,0.0,0.0,0.0
2015,8,23,7,UA,390,N835UA,RDU,EWR,1744,1811.0,27.0,30.0,1841.0,101.0,114.0,71.0,416,1952.0,13.0,1925,2005.0,40.0,0,0,,13.0,0.0,0.0,27.0,0.0,2015-08-23,1,48.15,0.0,0.0,100.0,0.0
2015,7,31,5,EV,2707,N684JW,DFW,SHV,2030,2142.0,72.0,13.0,2155.0,62.0,52.0,32.0,190,2227.0,7.0,2132,2234.0,62.0,0,0,,0.0,0.0,0.0,62.0,0.0,2015-07-31,1,0.0,0.0,0.0,86.11,0.0
2015,8,20,4,EV,5104,N850AS,DTW,BHM,1411,1408.0,-3.0,12.0,1420.0,119.0,112.0,97.0,625,1457.0,3.0,1510,1500.0,-10.0,0,0,,0.0,0.0,0.0,0.0,0.0,2015-08-20,0,0.0,0.0,0.0,0.0,0.0
2015,7,25,6,UA,1108,N14704,DEN,ABQ,1850,1852.0,2.0,13.0,1905.0,81.0,68.0,50.0,349,1955.0,5.0,2011,2000.0,-11.0,0,0,,0.0,0.0,0.0,0.0,0.0,2015-07-25,0,0.0,0.0,0.0,0.0,0.0
2015,7,27,1,B6,1435,N594JB,SFO,LGB,1230,1237.0,7.0,14.0,1251.0,89.0,78.0,61.0,354,1352.0,3.0,1359,1355.0,-4.0,0,0,,0.0,0.0,0.0,0.0,0.0,2015-07-27,0,0.0,0.0,0.0,0.0,0.0
2015,7,24,5,WN,2761,N268WN,MSY,MCO,1850,1910.0,20.0,5.0,1915.0,105.0,100.0,88.0,551,2143.0,7.0,2135,2150.0,15.0,0,0,,0.0,0.0,0.0,15.0,0.0,2015-07-24,1,0.0,0.0,0.0,75.0,0.0
2015,8,8,6,UA,73,N59053,SFO,HNL,1605,1625.0,20.0,12.0,1637.0,329.0,321.0,303.0,2398,1840.0,6.0,1834,1846.0,12.0,0,0,,0.0,0.0,0.0,0.0,0.0,2015-08-08,1,0.0,0.0,0.0,0.0,0.0
2015,8,7,5,DL,1331,N352NB,DTW,MCI,2022,2029.0,7.0,12.0,2041.0,122.0,105.0,87.0,629,2108.0,6.0,2124,2114.0,-10.0,0,0,,0.0,0.0,0.0,0.0,0.0,2015-08-07,0,0.0,0.0,0.0,0.0,0.0
2015,8,13,4,B6,577,N593JB,FLL,SFO,1041,1038.0,-3.0,17.0,1055.0,359.0,342.0,317.0,2584,1312.0,8.0,1340,1320.0,-20.0,0,0,,0.0,0.0,0.0,0.0,0.0,2015-08-13,0,0.0,0.0,0.0,0.0,0.0
2015,8,14,5,AS,851,N593AS,SEA,HNL,935,930.0,-5.0,22.0,952.0,373.0,358.0,333.0,2677,1225.0,3.0,1248,1228.0,-20.0,0,0,,0.0,0.0,0.0,0.0,0.0,2015-08-14,0,0.0,0.0,0.0,0.0,0.0
2015,7,30,4,AA,1106,N3BYAA,DFW,RNO,2155,2242.0,47.0,19.0,2301.0,205.0,205.0,182.0,1345,3.0,4.0,2320,7.0,47.0,0,0,,0.0,0.0,2.0,45.0,0.0,2015-07-30,1,0.0,0.0,4.26,95.74,0.0
2015,8,30,7,MQ,3123,N902MQ,ORD,BNA,1712,1708.0,-4.0,14.0,1722.0,103.0,82.0,59.0,409,1821.0,9.0,1855,1830.0,-25.0,0,0,,0.0,0.0,0.0,0.0,0.0,2015-08-30,0,0.0,0.0,0.0,0.0,0.0
2015,7,23,4,AS,487,N461AS,SAN,SEA,1445,1437.0,-8.0,11.0,1448.0,156.0,148.0,130.0,1050,1658.0,7.0,1721,1705.0,-16.0,0,0,,0.0,0.0,0.0,0.0,0.0,2015-07-23,0,0.0,0.0,0.0,0.0,0.0
2015,8,25,2,DL,87,N805DN,DTW,SAN,1959,1953.0,-6.0,14.0,2007.0,282.0,257.0,240.0,1956,2107.0,3.0,2141,2110.0,-31.0,0,0,,0.0,0.0,0.0,0.0,0.0,2015-08-25,0,0.0,0.0,0.0,0.0,0.0
2015,8,10,1,DL,1201,N906DE,ATL,IAD,2159,2216.0,17.0,27.0,2243.0,110.0,112.0,79.0,534,2.0,6.0,2349,8.0,19.0,0,0,,2.0,0.0,17.0,0.0,0.0,2015-08-10,1,11.76,0.0,100.0,0.0,0.0
2015,7,30,4,DL,1353,N920DL,ATL,PNS,1055,1049.0,-6.0,26.0,1115.0,73.0,76.0,47.0,271,1102.0,3.0,1108,1105.0,-3.0,0,0,,0.0,0.0,0.0,0.0,0.0,2015-07-30,0,0.0,0.0,0.0,0.0,0.0
2015,8,30,7,DL,831,N950DL,LGA,DTW,725,721.0,-4.0,13.0,734.0,115.0,103.0,82.0,502,856.0,8.0,920,904.0,-16.0,0,0,,0.0,0.0,0.0,0.0,0.0,2015-08-30,0,0.0,0.0,0.0,0.0,0.0
2015,8,19,3,EV,4704,N11194,CHS,IAH,1836,1834.0,-2.0,11.0,1845.0,164.0,156.0,137.0,925,2002.0,8.0,2020,2010.0,-10.0,0,0,,0.0,0.0,0.0,0.0,0.0,2015-08-19,0,0.0,0.0,0.0,0.0,0.0
2015,8,23,7,AA,2168,N944UW,BOS,LGA,1400,1350.0,-10.0,16.0,1406.0,82.0,69.0,48.0,184,1454.0,5.0,1522,1459.0,-23.0,0,0,,0.0,0.0,0.0,0.0,0.0,2015-08-23,0,0.0,0.0,0.0,0.0,0.0
2015,8,14,5,DL,1988,N6711M,EWR,SLC,1730,1745.0,15.0,17.0,1802.0,311.0,267.0,244.0,1969,2006.0,6.0,2041,2012.0,-29.0,0,0,,0.0,0.0,0.0,0.0,0.0,2015-08-14,0,0.0,0.0,0.0,0.0,0.0
2015,7,24,5,AA,1213,N468AA,SAT,DFW,1001,951.0,-10.0,13.0,1004.0,73.0,70.0,44.0,247,1048.0,13.0,1114,1101.0,-13.0,0,0,,0.0,0.0,0.0,0.0,0.0,2015-07-24,0,0.0,0.0,0.0,0.0,0.0
2015,8,2,7,AA,823,N712US,BNA,CLT,625,620.0,-5.0,15.0,635.0,78.0,82.0,59.0,328,834.0,8.0,843,842.0,-1.0,0,0,,0.0,0.0,0.0,0.0,0.0,2015-08-02,0,0.0,0.0,0.0,0.0,0.0
2015,7,27,1,AA,931,N3MNAA,SFO,MIA,1415,1413.0,-2.0,23.0,1436.0,343.0,347.0,319.0,2585,2255.0,5.0,2258,2300.0,2.0,0,0,,0.0,0.0,0.0,0.0,0.0,2015-07-27,0,0.0,0.0,0.0,0.0,0.0
2015,8,30,7,AA,2302,N528AA,MSP,DFW,1825,1824.0,-1.0,12.0,1836.0,150.0,128.0,106.0,852,2022.0,10.0,2055,2032.0,-23.0,0,0,,0.0,0.0,0.0,0.0,0.0,2015-08-30,0,0.0,0.0,0.0,0.0,0.0
2015,8,1,6,EV,6053,N13997,ORD,CVG,1346,1345.0,-1.0,23.0,1408.0,76.0,72.0,43.0,265,1551.0,6.0,1602,1557.0,-5.0,0,0,,0.0,0.0,0.0,0.0,0.0,2015-08-01,0,0.0,0.0,0.0,0.0,0.0
2015,8,6,4,F9,757,N910FR,DEN,PHX,2015,2008.0,-7.0,16.0,2024.0,107.0,110.0,88.0,602,2052.0,6.0,2102,2058.0,-4.0,0,0,,0.0,0.0,0.0,0.0,0.0,2015-08-06,0,0.0,0.0,0.0,0.0,0.0
2015,8,3,1,MQ,3552,N650MQ,ORD,IND,1824,1821.0,-3.0,20.0,1841.0,68.0,53.0,29.0,177,2010.0,4.0,2032,2014.0,-18.0,0,0,,0.0,0.0,0.0,0.0,0.0,2015-08-03,0,0.0,0.0,0.0,0.0,0.0
2015,8,15,6,OO,4684,N802SK,MSP,HLN,1723,1719.0,-4.0,15.0,1734.0,152.0,150.0,130.0,913,1844.0,5.0,1855,1849.0,-6.0,0,0,,0.0,0.0,0.0,0.0,0.0,2015-08-15,0,0.0,0.0,0.0,0.0,0.0
2015,8,10,1,B6,1639,N655JB,LGA,RSW,935,934.0,-1.0,34.0,1008.0,190.0,176.0,136.0,1080,1224.0,6.0,1245,1230.0,-15.0,0,0,,0.0,0.0,0.0,0.0,0.0,2015-08-10,0,0.0,0.0,0.0,0.0,0.0
2015,8,22,6,OO,5566,N967SW,MEM,ORD,1630,1624.0,-6.0,16.0,1640.0,112.0,104.0,79.0,491,1759.0,9.0,1822,1808.0,-14.0,0,0,,0.0,0.0,0.0,0.0,0.0,2015-08-22,0,0.0,0.0,0.0,0.0,0.0
2015,8,26,3,AA,1954,N173US,PHX,CLT,1210,1209.0,-1.0,14.0,1223.0,246.0,246.0,223.0,1773,1906.0,9.0,1916,1915.0,-1.0,0,0,,0.0,0.0,0.0,0.0,0.0,2015-08-26,0,0.0,0.0,0.0,0.0,0.0
2015,8,20,4,OO,4589,N821SK,SLC,LGB,1110,1107.0,-3.0,22.0,1129.0,119.0,115.0,86.0,588,1155.0,7.0,1209,1202.0,-7.0,0,0,,0.0,0.0,0.0,0.0,0.0,2015-08-20,0,0.0,0.0,0.0,0.0,0.0
2015,8,4,2,EV,5888,N15555,BOS,CLE,2025,2106.0,41.0,22.0,2128.0,123.0,125.0,97.0,563,2305.0,6.0,2228,2311.0,43.0,0,0,,2.0,0.0,0.0,41.0,0.0,2015-08-04,1,4.88,0.0,0.0,100.0,0.0
2015,8,4,2,DL,1080,N679DA,STL,ATL,705,656.0,-9.0,14.0,710.0,95.0,92.0,64.0,484,914.0,14.0,940,928.0,-12.0,0,0,,0.0,0.0,0.0,0.0,0.0,2015-08-04,0,0.0,0.0,0.0,0.0,0.0
2015,8,14,5,DL,2051,N998AT,CLE,ATL,1028,1020.0,-8.0,12.0,1032.0,107.0,93.0,76.0,554,1148.0,5.0,1215,1153.0,-22.0,0,0,,0.0,0.0,0.0,0.0,0.0,2015-08-14,0,0.0,0.0,0.0,0.0,0.0
2015,8,2,7,AA,1019,N475AA,DFW,COS,1835,1831.0,-4.0,20.0,1851.0,121.0,128.0,100.0,592,1931.0,8.0,1936,1939.0,3.0,0,0,,0.0,0.0,0.0,0.0,0.0,2015-08-02,0,0.0,0.0,0.0,0.0,0.0
2015,8,1,6,EV,4736,N14188,ORD,MSN,1220,1216.0,-4.0,16.0,1232.0,52.0,53.0,28.0,108,1300.0,9.0,1312,1309.0,-3.0,0,0,,0.0,0.0,0.0,0.0,0.0,2015-08-01,0,0.0,0.0,0.0,0.0,0.0
2015,8,23,7,DL,1279,N930AT,DAL,ATL,1000,1114.0,74.0,8.0,1122.0,130.0,114.0,97.0,721,1359.0,9.0,1310,1408.0,58.0,0,0,,0.0,0.0,5.0,53.0,0.0,2015-08-23,1,0.0,0.0,6.76,71.62,0.0
2015,7,25,6,AA,1346,N4YUAA,TUS,DFW,950,1000.0,10.0,10.0,1010.0,140.0,135.0,116.0,813,1406.0,9.0,1410,1415.0,5.0,0,0,,0.0,0.0,0.0,0.0,0.0,2015-07-25,0,0.0,0.0,0.0,0.0,0.0
2015,7,25,6,DL,1731,N333NB,IAH,SLC,1855,1848.0,-7.0,10.0,1858.0,188.0,183.0,150.0,1195,2028.0,23.0,2103,2051.0,-12.0,0,0,,0.0,0.0,0.0,0.0,0.0,2015-07-25,0,0.0,0.0,0.0,0.0,0.0
2015,8,17,1,DL,2480,N322NB,MDT,ATL,700,655.0,-5.0,25.0,720.0,116.0,126.0,96.0,620,856.0,5.0,856,901.0,5.0,0,0,,0.0,0.0,0.0,0.0,0.0,2015-08-17,0,0.0,0.0,0.0,0.0,0.0
2015,8,21,5,AA,2306,N3LMAA,PBI,DFW,1344,1342.0,-2.0,27.0,1409.0,179.0,191.0,155.0,1102,1544.0,9.0,1543,1553.0,10.0,0,0,,0.0,0.0,0.0,0.0,0.0,2015-08-21,0,0.0,0.0,0.0,0.0,0.0
2015,8,9,7,DL,1338,N553NW,SLC,SAN,1650,1657.0,7.0,19.0,1716.0,110.0,113.0,89.0,626,1745.0,5.0,1740,1750.0,10.0,0,0,,0.0,0.0,0.0,0.0,0.0,2015-08-09,0,0.0,0.0,0.0,0.0,0.0
2015,8,12,3,OO,4997,N134SY,ORD,ATL,1124,1123.0,-1.0,19.0,1142.0,124.0,111.0,82.0,606,1404.0,10.0,1428,1414.0,-14.0,0,0,,0.0,0.0,0.0,0.0,0.0,2015-08-12,0,0.0,0.0,0.0,0.0,0.0
2015,8,23,7,DL,1649,N979DL,DCA,ATL,1259,1412.0,73.0,11.0,1423.0,114.0,98.0,81.0,547,1544.0,6.0,1453,1550.0,57.0,0,0,,0.0,0.0,0.0,57.0,0.0,2015-08-23,1,0.0,0.0,0.0,78.08,0.0
2015,8,12,3,DL,1310,N954AT,VPS,ATL,1432,1457.0,25.0,12.0,1509.0,86.0,64.0,43.0,250,1652.0,9.0,1658,1701.0,3.0,0,0,,0.0,0.0,0.0,0.0,0.0,2015-08-12,1,0.0,0.0,0.0,0.0,0.0
2015,8,27,4,AA,547,N177US,SFO,PHX,1705,1704.0,-1.0,54.0,1758.0,124.0,154.0,94.0,651,1932.0,6.0,1909,1938.0,29.0,0,0,,29.0,0.0,0.0,0.0,0.0,2015-08-27,0,-2900.0,-0.0,-0.0,-0.0,-0.0
2015,8,23,7,DL,876,N905DA,MSP,CLT,1915,1913.0,-2.0,12.0,1925.0,148.0,134.0,113.0,930,2218.0,9.0,2243,2227.0,-16.0,0,0,,0.0,0.0,0.0,0.0,0.0,2015-08-23,0,0.0,0.0,0.0,0.0,0.0
2015,8,20,4,AA,209,N871AA,SFO,LAX,1850,1935.0,45.0,32.0,2007.0,102.0,90.0,54.0,337,2101.0,4.0,2032,2105.0,33.0,0,0,,33.0,0.0,0.0,0.0,0.0,2015-08-20,1,73.33,0.0,0.0,0.0,0.0
2015,8,23,7,OO,4591,N685BR,GRB,MSP,1125,1119.0,-6.0,15.0,1134.0,65.0,72.0,52.0,252,1226.0,5.0,1230,1231.0,1.0,0,0,,0.0,0.0,0.0,0.0,0.0,2015-08-23,0,0.0,0.0,0.0,0.0,0.0
2015,8,19,3,DL,905,N918DE,PBI,LGA,1826,2112.0,166.0,15.0,2127.0,174.0,165.0,139.0,1035,2346.0,11.0,2120,2357.0,157.0,0,0,,0.0,0.0,118.0,39.0,0.0,2015-08-19,1,0.0,0.0,71.08,23.49,0.0
2015,7,31,5,UA,688,N841UA,BZN,ORD,843,1050.0,127.0,12.0,1102.0,175.0,159.0,137.0,1186,1419.0,10.0,1238,1429.0,111.0,0,0,,0.0,0.0,111.0,0.0,0.0,2015-07-31,1,0.0,0.0,87.4,0.0,0.0
2015,8,2,7,DL,2117,N935AT,BHM,ATL,1740,1741.0,1.0,38.0,1819.0,77.0,78.0,29.0,134,1948.0,11.0,1957,1959.0,2.0,0,0,,0.0,0.0,0.0,0.0,0.0,2015-08-02,0,0.0,0.0,0.0,0.0,0.0
2015,8,10,1,EV,4562,N14174,IAH,CLE,1300,1258.0,-2.0,15.0,1313.0,173.0,172.0,149.0,1091,1642.0,8.0,1653,1650.0,-3.0,0,0,,0.0,0.0,0.0,0.0,0.0,2015-08-10,0,0.0,0.0,0.0,0.0,0.0
2015,8,1,6,UA,317,N475UA,SFO,IND,1543,1548.0,5.0,16.0,1604.0,256.0,245.0,223.0,1943,2247.0,6.0,2259,2253.0,-6.0,0,0,,0.0,0.0,0.0,0.0,0.0,2015-08-01,0,0.0,0.0,0.0,0.0,0.0
2015,8,15,6,EV,5110,N186PQ,OMA,ATL,1003,1028.0,25.0,11.0,1039.0,126.0,116.0,101.0,821,1320.0,4.0,1309,1324.0,15.0,0,0,,0.0,0.0,0.0,15.0,0.0,2015-08-15,1,0.0,0.0,0.0,60.0,0.0
2015,7,31,5,WN,530,N741SA,MDW,DAL,545,544.0,-1.0,12.0,556.0,130.0,123.0,106.0,793,742.0,5.0,755,747.0,-8.0,0,0,,0.0,0.0,0.0,0.0,0.0,2015-07-31,0,0.0,0.0,0.0,0.0,0.0
2015,8,27,4,B6,948,N636JB,LAS,JFK,2107,2140.0,33.0,13.0,2153.0,293.0,300.0,282.0,2248,535.0,5.0,500,540.0,40.0,0,0,,7.0,0.0,0.0,33.0,0.0,2015-08-27,1,21.21,0.0,0.0,100.0,0.0
2015,7,26,7,MQ,3367,N699MQ,LFT,DFW,622,619.0,-3.0,10.0,629.0,92.0,88.0,65.0,351,734.0,13.0,754,747.0,-7.0,0,0,,0.0,0.0,0.0,0.0,0.0,2015-07-26,0,0.0,0.0,0.0,0.0,0.0
2015,8,10,1,WN,1322,N969WN,STL,EWR,850,849.0,-1.0,8.0,857.0,145.0,147.0,118.0,872,1155.0,21.0,1215,1216.0,1.0,0,0,,0.0,0.0,0.0,0.0,0.0,2015-08-10,0,0.0,0.0,0.0,0.0,0.0
2015,8,24,1,AA,175,N3ADAA,DCA,DFW,659,724.0,25.0,24.0,748.0,193.0,196.0,167.0,1192,935.0,5.0,912,940.0,28.0,0,0,,3.0,0.0,25.0,0.0,0.0,2015-08-24,1,12.0,0.0,100.0,0.0,0.0
2015,8,10,1,DL,2229,N915DL,BOS,ATL,1955,1956.0,1.0,24.0,2020.0,180.0,158.0,130.0,946,2230.0,4.0,2255,2234.0,-21.0,0,0,,0.0,0.0,0.0,0.0,0.0,2015-08-10,0,0.0,0.0,0.0,0.0,0.0
2015,7,31,5,UA,464,N854UA,PDX,DEN,1103,1133.0,30.0,10.0,1143.0,157.0,139.0,122.0,991,1445.0,7.0,1440,1452.0,12.0,0,0,,0.0,0.0,0.0,0.0,0.0,2015-07-31,1,0.0,0.0,0.0,0.0,0.0
2015,8,15,6,DL,1925,N984DL,ATL,BWI,730,741.0,11.0,15.0,756.0,109.0,97.0,76.0,577,912.0,6.0,919,918.0,-1.0,0,0,,0.0,0.0,0.0,0.0,0.0,2015-08-15,0,0.0,0.0,0.0,0.0,0.0
2015,8,4,2,MQ,3491,N819MQ,DFW,MSN,2100,2100.0,0.0,17.0,2117.0,135.0,130.0,111.0,821,2308.0,2.0,2315,2310.0,-5.0,0,0,,0.0,0.0,0.0,0.0,0.0,2015-08-04,0,0.0,0.0,0.0,0.0,0.0
2015,8,29,6,AA,1571,N3AUAA,ORD,LAX,955,951.0,-4.0,25.0,1016.0,268.0,255.0,221.0,1744,1157.0,9.0,1223,1206.0,-17.0,0,0,,0.0,0.0,0.0,0.0,0.0,2015-08-29,0,0.0,0.0,0.0,0.0,0.0
2015,8,16,7,AA,699,N826AW,LAX,RDU,1020,1014.0,-6.0,30.0,1044.0,305.0,310.0,274.0,2239,1818.0,6.0,1825,1824.0,-1.0,0,0,,0.0,0.0,0.0,0.0,0.0,2015-08-16,0,0.0,0.0,0.0,0.0,0.0
2015,8,12,3,AA,1447,N4YFAA,PIT,DFW,1840,1842.0,2.0,11.0,1853.0,180.0,156.0,139.0,1067,2012.0,6.0,2040,2018.0,-22.0,0,0,,0.0,0.0,0.0,0.0,0.0,2015-08-12,0,0.0,0.0,0.0,0.0,0.0
2015,8,9,7,EV,4889,N867AS,ATL,FAY,1302,1257.0,-5.0,12.0,1309.0,73.0,71.0,55.0,331,1404.0,4.0,1415,1408.0,-7.0,0,0,,0.0,0.0,0.0,0.0,0.0,2015-08-09,0,0.0,0.0,0.0,0.0,0.0
2015,8,3,1,AA,2419,N5DFAA,LAX,DFW,1115,1151.0,36.0,20.0,1211.0,197.0,183.0,155.0,1235,1646.0,8.0,1632,1654.0,22.0,0,0,,0.0,0.0,0.0,22.0,0.0,2015-08-03,1,0.0,0.0,0.0,61.11,0.0
2015,8,13,4,DL,1470,N3748Y,SEA,LAX,1855,2039.0,104.0,14.0,2053.0,165.0,164.0,136.0,954,2309.0,14.0,2140,2323.0,103.0,0,0,,103.0,0.0,0.0,0.0,0.0,2015-08-13,1,99.04,0.0,0.0,0.0,0.0
2015,8,30,7,WN,1976,N665WN,LAS,SAN,835,834.0,-1.0,13.0,847.0,65.0,60.0,43.0,258,930.0,4.0,940,934.0,-6.0,0,0,,0.0,0.0,0.0,0.0,0.0,2015-08-30,0,0.0,0.0,0.0,0.0,0.0
2015,8,10,1,EV,4961,N847AS,GNV,ATL,1244,1240.0,-4.0,39.0,1319.0,80.0,107.0,51.0,300,1410.0,17.0,1404,1427.0,23.0,0,0,,23.0,0.0,0.0,0.0,0.0,2015-08-10,0,-575.0,-0.0,-0.0,-0.0,-0.0
2015,8,10,1,AA,713,N182UW,PHL,CLT,635,634.0,-1.0,20.0,654.0,100.0,102.0,71.0,449,805.0,11.0,815,816.0,1.0,0,0,,0.0,0.0,0.0,0.0,0.0,2015-08-10,0,0.0,0.0,0.0,0.0,0.0
2015,7,22,3,WN,580,N783SW,STL,DAL,1935,1934.0,-1.0,7.0,1941.0,90.0,85.0,74.0,546,2055.0,4.0,2105,2059.0,-6.0,0,0,,0.0,0.0,0.0,0.0,0.0,2015-07-22,0,0.0,0.0,0.0,0.0,0.0
2015,7,30,4,WN,1292,N7752B,EWR,MDW,1630,1801.0,91.0,18.0,1819.0,145.0,128.0,105.0,711,1904.0,5.0,1755,1909.0,74.0,0,0,,0.0,0.0,10.0,64.0,0.0,2015-07-30,1,0.0,0.0,10.99,70.33,0.0
2015,8,18,2,AA,398,N3BVAA,ORD,LGA,630,624.0,-6.0,9.0,633.0,123.0,116.0,100.0,733,913.0,7.0,933,920.0,-13.0,0,0,,0.0,0.0,0.0,0.0,0.0,2015-08-18,0,0.0,0.0,0.0,0.0,0.0
2015,8,21,5,AS,355,N309AS,SMF,SEA,1155,1233.0,38.0,32.0,1305.0,102.0,133.0,92.0,605,1437.0,9.0,1337,1446.0,69.0,0,0,,31.0,0.0,0.0,38.0,0.0,2015-08-21,1,81.58,0.0,0.0,100.0,0.0
2015,7,29,3,MQ,3446,N621MQ,ORD,ROC,1943,1940.0,-3.0,19.0,1959.0,102.0,105.0,80.0,528,2219.0,6.0,2225,2225.0,0.0,0,0,,0.0,0.0,0.0,0.0,0.0,2015-07-29,0,0.0,0.0,0.0,0.0,0.0
2015,8,19,3,EV,4869,N857AS,ATL,TRI,1636,1637.0,1.0,51.0,1728.0,65.0,95.0,39.0,227,1807.0,5.0,1741,1812.0,31.0,0,0,,30.0,0.0,1.0,0.0,0.0,2015-08-19,0,3000.0,0.0,100.0,0.0,0.0
2015,7,27,1,AA,1590,N5ENAA,DFW,LAS,910,912.0,2.0,19.0,931.0,176.0,162.0,134.0,1055,945.0,9.0,1006,954.0,-12.0,0,0,,0.0,0.0,0.0,0.0,0.0,2015-07-27,0,0.0,0.0,0.0,0.0,0.0
2015,8,26,3,MQ,3505,N809MQ,DFW,SAF,2205,2159.0,-6.0,13.0,2212.0,110.0,105.0,87.0,551,2239.0,5.0,2255,2244.0,-11.0,0,0,,0.0,0.0,0.0,0.0,0.0,2015-08-26,0,0.0,0.0,0.0,0.0,0.0
2015,7,31,5,DL,2527,N3750D,CVG,FLL,936,932.0,-4.0,15.0,947.0,148.0,147.0,128.0,932,1155.0,4.0,1204,1159.0,-5.0,0,0,,0.0,0.0,0.0,0.0,0.0,2015-07-31,0,0.0,0.0,0.0,0.0,0.0
2015,8,17,1,WN,8,N521SW,MSY,HOU,555,556.0,1.0,12.0,608.0,75.0,69.0,51.0,302,659.0,6.0,710,705.0,-5.0,0,0,,0.0,0.0,0.0,0.0,0.0,2015-08-17,0,0.0,0.0,0.0,0.0,0.0
2015,8,28,5,WN,847,N397SW,CMH,ATL,1920,1910.0,-10.0,23.0,1933.0,100.0,103.0,69.0,447,2042.0,11.0,2100,2053.0,-7.0,0,0,,0.0,0.0,0.0,0.0,0.0,2015-08-28,0,0.0,0.0,0.0,0.0,0.0
2015,8,20,4,VX,420,N853VA,LAX,JFK,2255,2253.0,-2.0,11.0,2304.0,330.0,324.0,294.0,2475,658.0,19.0,725,717.0,-8.0,0,0,,0.0,0.0,0.0,0.0,0.0,2015-08-20,0,0.0,0.0,0.0,0.0,0.0
2015,7,29,3,MQ,3160,N822MQ,SAF,DFW,1642,1634.0,-8.0,8.0,1642.0,108.0,98.0,79.0,551,1901.0,11.0,1930,1912.0,-18.0,0,0,,0.0,0.0,0.0,0.0,0.0,2015-07-29,0,0.0,0.0,0.0,0.0,0.0
2015,7,23,4,F9,1225,N906FR,MCO,LAS,2055,2038.0,-17.0,26.0,2104.0,280.0,283.0,246.0,2039,2210.0,11.0,2235,2221.0,-14.0,0,0,,0.0,0.0,0.0,0.0,0.0,2015-07-23,0,0.0,0.0,0.0,0.0,0.0
2015,8,30,7,WN,2045,N785SW,SAN,LAS,740,734.0,-6.0,9.0,743.0,75.0,65.0,49.0,258,832.0,7.0,855,839.0,-16.0,0,0,,0.0,0.0,0.0,0.0,0.0,2015-08-30,0,0.0,0.0,0.0,0.0,0.0
2015,7,23,4,AA,1538,N862AA,LAX,MIA,2335,2334.0,-1.0,48.0,22.0,314.0,341.0,287.0,2342,809.0,6.0,749,815.0,26.0,0,0,,26.0,0.0,0.0,0.0,0.0,2015-07-23,0,-2600.0,-0.0,-0.0,-0.0,-0.0
2015,7,24,5,UA,1273,N76503,MCO,SFO,920,922.0,2.0,12.0,934.0,347.0,337.0,318.0,2446,1152.0,7.0,1207,1159.0,-8.0,0,0,,0.0,0.0,0.0,0.0,0.0,2015-07-24,0,0.0,0.0,0.0,0.0,0.0
2015,8,9,7,WN,1016,N913WN,PHX,BUR,2030,2045.0,15.0,7.0,2052.0,85.0,72.0,62.0,369,2154.0,3.0,2155,2157.0,2.0,0,0,,0.0,0.0,0.0,0.0,0.0,2015-08-09,0,0.0,0.0,0.0,0.0,0.0
2015,7,25,6,AA,1079,N4YSAA,DFW,TUS,1040,1044.0,4.0,16.0,1100.0,141.0,123.0,103.0,813,1043.0,4.0,1101,1047.0,-14.0,0,0,,0.0,0.0,0.0,0.0,0.0,2015-07-25,0,0.0,0.0,0.0,0.0,0.0
2015,8,30,7,DL,2156,N902DA,ATL,SYR,906,905.0,-1.0,10.0,915.0,129.0,114.0,100.0,794,1055.0,4.0,1115,1059.0,-16.0,0,0,,0.0,0.0,0.0,0.0,0.0,2015-08-30,0,0.0,0.0,0.0,0.0,0.0
2015,8,22,6,AA,679,N174US,PHX,SAN,1400,1400.0,0.0,10.0,1410.0,70.0,78.0,64.0,304,1514.0,4.0,1510,1518.0,8.0,0,0,,0.0,0.0,0.0,0.0,0.0,2015-08-22,0,0.0,0.0,0.0,0.0,0.0
2015,8,14,5,AA,1404,N3JAAA,BOS,ORD,1557,1554.0,-3.0,15.0,1609.0,168.0,154.0,127.0,867,1716.0,12.0,1745,1728.0,-17.0,0,0,,0.0,0.0,0.0,0.0,0.0,2015-08-14,0,0.0,0.0,0.0,0.0,0.0
2015,8,22,6,EV,5582,N849AS,ATL,CRW,950,945.0,-5.0,20.0,1005.0,77.0,88.0,65.0,363,1110.0,3.0,1107,1113.0,6.0,0,0,,0.0,0.0,0.0,0.0,0.0,2015-08-22,0,0.0,0.0,0.0,0.0,0.0
2015,8,23,7,NK,410,N620NK,FLL,BWI,705,708.0,3.0,14.0,722.0,150.0,148.0,122.0,925,924.0,12.0,935,936.0,1.0,0,0,,0.0,0.0,0.0,0.0,0.0,2015-08-23,0,0.0,0.0,0.0,0.0,0.0
2015,8,4,2,AA,2245,N3JBAA,MIA,SAN,1945,2354.0,249.0,12.0,6.0,305.0,285.0,270.0,2267,136.0,3.0,2150,139.0,229.0,0,0,,0.0,0.0,28.0,201.0,0.0,2015-08-04,1,0.0,0.0,11.24,80.72,0.0
2015,8,22,6,WN,715,N278WN,MDW,STL,1605,1611.0,6.0,5.0,1616.0,60.0,54.0,45.0,251,1701.0,4.0,1705,1705.0,0.0,0,0,,0.0,0.0,0.0,0.0,0.0,2015-08-22,0,0.0,0.0,0.0,0.0,0.0
2015,7,24,5,WN,238,N741SA,MSY,AUS,1040,1037.0,-3.0,7.0,1044.0,80.0,76.0,62.0,444,1146.0,7.0,1200,1153.0,-7.0,0,0,,0.0,0.0,0.0,0.0,0.0,2015-07-24,0,0.0,0.0,0.0,0.0,0.0
2015,8,25,2,NK,720,N612NK,LAS,DEN,1726,1719.0,-7.0,11.0,1730.0,111.0,99.0,80.0,628,1950.0,8.0,2017,1958.0,-19.0,0,0,,0.0,0.0,0.0,0.0,0.0,2015-08-25,0,0.0,0.0,0.0,0.0,0.0
2015,8,3,1,WN,169,N366SW,RDU,STL,1735,1736.0,1.0,13.0,1749.0,120.0,121.0,104.0,667,1833.0,4.0,1835,1837.0,2.0,0,0,,0.0,0.0,0.0,0.0,0.0,2015-08-03,0,0.0,0.0,0.0,0.0,0.0
2015,8,30,7,NK,107,N528NK,DFW,SAN,855,850.0,-5.0,17.0,907.0,173.0,172.0,149.0,1171,936.0,6.0,948,942.0,-6.0,0,0,,0.0,0.0,0.0,0.0,0.0,2015-08-30,0,0.0,0.0,0.0,0.0,0.0
2015,7,31,5,AA,2423,N3GMAA,MSP,DFW,1520,1514.0,-6.0,12.0,1526.0,147.0,133.0,111.0,852,1717.0,10.0,1747,1727.0,-20.0,0,0,,0.0,0.0,0.0,0.0,0.0,2015-07-31,0,0.0,0.0,0.0,0.0,0.0
2015,8,6,4,AA,1989,N717UW,CLT,RSW,735,731.0,-4.0,15.0,746.0,110.0,108.0,90.0,600,916.0,3.0,925,919.0,-6.0,0,0,,0.0,0.0,0.0,0.0,0.0,2015-08-06,0,0.0,0.0,0.0,0.0,0.0
2015,8,15,6,OO,6531,N794SK,SAT,LAX,1234,1227.0,-7.0,11.0,1238.0,196.0,169.0,152.0,1211,1310.0,6.0,1350,1316.0,-34.0,0,0,,0.0,0.0,0.0,0.0,0.0,2015-08-15,0,0.0,0.0,0.0,0.0,0.0
2015,8,18,2,MQ,3360,N535MQ,ORD,BNA,1216,1215.0,-1.0,16.0,1231.0,97.0,79.0,58.0,409,1329.0,5.0,1353,1334.0,-19.0,0,0,,0.0,0.0,0.0,0.0,0.0,2015-08-18,0,0.0,0.0,0.0,0.0,0.0
2015,8,11,2,MQ,3672,N681MQ,MIA,BHM,2130,2134.0,4.0,18.0,2152.0,120.0,117.0,94.0,661,2226.0,5.0,2230,2231.0,1.0,0,0,,0.0,0.0,0.0,0.0,0.0,2015-08-11,0,0.0,0.0,0.0,0.0,0.0
2015,8,28,5,DL,1682,N906AT,IND,DTW,1020,1014.0,-6.0,19.0,1033.0,68.0,79.0,52.0,231,1125.0,8.0,1128,1133.0,5.0,0,0,,0.0,0.0,0.0,0.0,0.0,2015-08-28,0,0.0,0.0,0.0,0.0,0.0
2015,8,6,4,AA,2228,N487AA,SMF,DFW,1155,1147.0,-8.0,8.0,1155.0,208.0,176.0,165.0,1431,1640.0,3.0,1723,1643.0,-40.0,0,0,,0.0,0.0,0.0,0.0,0.0,2015-08-06,0,0.0,0.0,0.0,0.0,0.0
2015,8,12,3,UA,424,N827UA,ORD,DTW,2110,2108.0,-2.0,17.0,2125.0,87.0,69.0,49.0,235,2314.0,3.0,2337,2317.0,-20.0,0,0,,0.0,0.0,0.0,0.0,0.0,2015-08-12,0,0.0,0.0,0.0,0.0,0.0
2015,8,10,1,DL,2457,N995DL,ATL,BDL,725,724.0,-1.0,14.0,738.0,139.0,141.0,123.0,859,941.0,4.0,944,945.0,1.0,0,0,,0.0,0.0,0.0,0.0,0.0,2015-08-10,0,0.0,0.0,0.0,0.0,0.0
2015,8,13,4,AA,2133,N956UW,DCA,LGA,900,909.0,9.0,62.0,1011.0,90.0,107.0,40.0,214,1051.0,5.0,1030,1056.0,26.0,0,0,,17.0,0.0,0.0,9.0,0.0,2015-08-13,0,188.89,0.0,0.0,100.0,0.0
2015,8,10,1,WN,2701,N7713A,BNA,TPA,1330,1326.0,-4.0,10.0,1336.0,100.0,95.0,81.0,612,1557.0,4.0,1610,1601.0,-9.0,0,0,,0.0,0.0,0.0,0.0,0.0,2015-08-10,0,0.0,0.0,0.0,0.0,0.0
2015,8,12,3,AA,2339,N437AA,ORD,DFW,1531,1528.0,-3.0,17.0,1545.0,154.0,156.0,123.0,802,1748.0,16.0,1805,1804.0,-1.0,0,0,,0.0,0.0,0.0,0.0,0.0,2015-08-12,0,0.0,0.0,0.0,0.0,0.0
2015,7,28,2,AA,2437,N021AA,ATL,LAX,1230,1221.0,-9.0,28.0,1249.0,281.0,289.0,247.0,1947,1356.0,14.0,1411,1410.0,-1.0,0,0,,0.0,0.0,0.0,0.0,0.0,2015-07-28,0,0.0,0.0,0.0,0.0,0.0
2015,8,23,7,DL,1454,N399DA,LAX,ATL,1620,1621.0,1.0,20.0,1641.0,262.0,253.0,227.0,1947,2328.0,6.0,2342,2334.0,-8.0,0,0,,0.0,0.0,0.0,0.0,0.0,2015-08-23,0,0.0,0.0,0.0,0.0,0.0
2015,7,26,7,WN,367,N237WN,BDL,MCO,1620,1615.0,-5.0,24.0,1639.0,175.0,169.0,136.0,1050,1855.0,9.0,1915,1904.0,-11.0,0,0,,0.0,0.0,0.0,0.0,0.0,2015-07-26,0,0.0,0.0,0.0,0.0,0.0
2015,8,26,3,DL,1323,N917DL,CMH,ATL,1645,1701.0,16.0,14.0,1715.0,98.0,93.0,70.0,447,1825.0,9.0,1823,1834.0,11.0,0,0,,0.0,0.0,0.0,0.0,0.0,2015-08-26,1,0.0,0.0,0.0,0.0,0.0
2015,7,23,4,UA,676,N668UA,IAH,EWR,1200,1218.0,18.0,22.0,1240.0,225.0,216.0,185.0,1400,1645.0,9.0,1645,1654.0,9.0,0,0,,0.0,0.0,0.0,0.0,0.0,2015-07-23,1,0.0,0.0,0.0,0.0,0.0
2015,7,24,5,WN,610,N933WN,LAS,SNA,1320,1316.0,-4.0,8.0,1324.0,65.0,54.0,41.0,226,1405.0,5.0,1425,1410.0,-15.0,0,0,,0.0,0.0,0.0,0.0,0.0,2015-07-24,0,0.0,0.0,0.0,0.0,0.0
2015,8,17,1,DL,1125,N365NB,ATL,IAD,1233,1327.0,54.0,12.0,1339.0,109.0,93.0,75.0,534,1454.0,6.0,1422,1500.0,38.0,0,0,,0.0,0.0,32.0,6.0,0.0,2015-08-17,1,0.0,0.0,59.26,11.11,0.0
2015,8,1,6,UA,1560,N67827,ORD,MCO,625,633.0,8.0,12.0,645.0,155.0,138.0,121.0,1005,946.0,5.0,1000,951.0,-9.0,0,0,,0.0,0.0,0.0,0.0,0.0,2015-08-01,0,0.0,0.0,0.0,0.0,0.0
2015,8,15,6,WN,4456,N8644C,MDW,LAX,1925,2056.0,91.0,7.0,2103.0,270.0,223.0,209.0,1750,2232.0,7.0,2155,2239.0,44.0,0,0,,0.0,0.0,0.0,44.0,0.0,2015-08-15,1,0.0,0.0,0.0,48.35,0.0
2015,7,22,3,WN,4924,N725SW,OAK,ABQ,1930,1956.0,26.0,11.0,2007.0,135.0,127.0,109.0,889,2256.0,7.0,2245,2303.0,18.0,0,0,,0.0,0.0,0.0,18.0,0.0,2015-07-22,1,0.0,0.0,0.0,69.23,0.0
2015,8,8,6,EV,5117,N200PQ,ATL,TLH,1350,1348.0,-2.0,18.0,1406.0,68.0,56.0,34.0,223,1440.0,4.0,1458,1444.0,-14.0,0,0,,0.0,0.0,0.0,0.0,0.0,2015-08-08,0,0.0,0.0,0.0,0.0,0.0
2015,8,24,1,AA,514,N837AW,GEG,PHX,1510,1502.0,-8.0,14.0,1516.0,157.0,159.0,140.0,1020,1736.0,5.0,1747,1741.0,-6.0,0,0,,0.0,0.0,0.0,0.0,0.0,2015-08-24,0,0.0,0.0,0.0,0.0,0.0
2015,7,24,5,DL,2161,N908DL,ATL,PHL,1635,1633.0,-2.0,22.0,1655.0,135.0,126.0,99.0,666,1834.0,5.0,1850,1839.0,-11.0,0,0,,0.0,0.0,0.0,0.0,0.0,2015-07-24,0,0.0,0.0,0.0,0.0,0.0
2015,7,27,1,B6,916,N923JB,SFO,JFK,2125,2159.0,34.0,16.0,2215.0,324.0,336.0,301.0,2586,616.0,19.0,549,635.0,46.0,0,0,,12.0,0.0,7.0,27.0,0.0,2015-07-27,1,35.29,0.0,20.59,79.41,0.0
2015,8,26,3,HA,334,N484HA,HNL,OGG,1502,1457.0,-5.0,11.0,1508.0,37.0,43.0,21.0,100,1529.0,11.0,1539,1540.0,1.0,0,0,,0.0,0.0,0.0,0.0,0.0,2015-08-26,0,0.0,0.0,0.0,0.0,0.0
2015,7,25,6,UA,1079,N12225,BOS,IAH,943,1000.0,17.0,10.0,1010.0,240.0,222.0,200.0,1597,1230.0,12.0,1243,1242.0,-1.0,0,0,,0.0,0.0,0.0,0.0,0.0,2015-07-25,1,0.0,0.0,0.0,0.0,0.0
2015,8,30,7,AA,1724,N948UW,PHL,BOS,1615,1612.0,-3.0,23.0,1635.0,91.0,82.0,53.0,280,1728.0,6.0,1746,1734.0,-12.0,0,0,,0.0,0.0,0.0,0.0,0.0,2015-08-30,0,0.0,0.0,0.0,0.0,0.0
2015,8,21,5,MQ,3592,N644MQ,RDU,DCA,1940,1940.0,0.0,17.0,1957.0,66.0,59.0,39.0,227,2036.0,3.0,2046,2039.0,-7.0,0,0,,0.0,0.0,0.0,0.0,0.0,2015-08-21,0,0.0,0.0,0.0,0.0,0.0
2015,7,23,4,F9,1295,N214FR,DEN,ORD,1005,1004.0,-1.0,24.0,1028.0,140.0,146.0,114.0,888,1322.0,8.0,1325,1330.0,5.0,0,0,,0.0,0.0,0.0,0.0,0.0,2015-07-23,0,0.0,0.0,0.0,0.0,0.0
2015,8,3,1,AA,2490,N5DKAA,LAX,DFW,730,725.0,-5.0,12.0,737.0,194.0,177.0,154.0,1235,1211.0,11.0,1244,1222.0,-22.0,0,0,,0.0,0.0,0.0,0.0,0.0,2015-08-03,0,0.0,0.0,0.0,0.0,0.0
2015,8,30,7,DL,1717,N932DN,ORD,MSP,1734,1750.0,16.0,17.0,1807.0,90.0,86.0,56.0,334,1903.0,13.0,1904,1916.0,12.0,0,0,,0.0,0.0,0.0,0.0,0.0,2015-08-30,1,0.0,0.0,0.0,0.0,0.0
2015,8,2,7,AA,1904,N725UW,CLT,PIT,755,807.0,12.0,18.0,825.0,86.0,78.0,56.0,366,921.0,4.0,921,925.0,4.0,0,0,,0.0,0.0,0.0,0.0,0.0,2015-08-02,0,0.0,0.0,0.0,0.0,0.0
2015,8,4,2,OO,4832,N821SK,LAX,OAK,1650,1643.0,-7.0,39.0,1722.0,82.0,99.0,55.0,337,1817.0,5.0,1812,1822.0,10.0,0,0,,0.0,0.0,0.0,0.0,0.0,2015-08-04,0,0.0,0.0,0.0,0.0,0.0
2015,8,28,5,UA,1122,N35204,SFO,SEA,1240,1408.0,88.0,15.0,1423.0,125.0,113.0,92.0,679,1555.0,6.0,1445,1601.0,76.0,0,0,,0.0,0.0,10.0,66.0,0.0,2015-08-28,1,0.0,0.0,11.36,75.0,0.0
2015,8,18,2,DL,672,N946DN,ORD,ATL,1350,1419.0,29.0,33.0,1452.0,130.0,128.0,90.0,606,1722.0,5.0,1700,1727.0,27.0,0,0,,0.0,0.0,7.0,20.0,0.0,2015-08-18,1,0.0,0.0,24.14,68.97,0.0
2015,8,20,4,MQ,3228,N925MQ,GCK,DFW,1610,1629.0,19.0,9.0,1638.0,85.0,90.0,74.0,404,1752.0,7.0,1735,1759.0,24.0,0,0,,5.0,0.0,19.0,0.0,0.0,2015-08-20,1,26.32,0.0,100.0,0.0,0.0
2015,8,11,2,WN,1385,N400WN,BUR,PHX,1100,1147.0,47.0,17.0,1204.0,80.0,81.0,59.0,369,1303.0,5.0,1220,1308.0,48.0,0,0,,48.0,0.0,0.0,0.0,0.0,2015-08-11,1,102.13,0.0,0.0,0.0,0.0
2015,8,8,6,AA,1781,N840AW,LGA,CLT,1546,1549.0,3.0,37.0,1626.0,139.0,120.0,77.0,544,1743.0,6.0,1805,1749.0,-16.0,0,0,,0.0,0.0,0.0,0.0,0.0,2015-08-08,0,0.0,0.0,0.0,0.0,0.0
2015,7,27,1,MQ,3251,N647MQ,ORD,BIS,1215,1212.0,-3.0,20.0,1232.0,146.0,136.0,112.0,716,1424.0,4.0,1441,1428.0,-13.0,0,0,,0.0,0.0,0.0,0.0,0.0,2015-07-27,0,0.0,0.0,0.0,0.0,0.0
2015,8,14,5,AA,2421,N5ELAA,MIA,STT,1215,1211.0,-4.0,11.0,1222.0,162.0,150.0,136.0,1107,1438.0,3.0,1457,1441.0,-16.0,0,0,,0.0,0.0,0.0,0.0,0.0,2015-08-14,0,0.0,0.0,0.0,0.0,0.0
2015,8,1,6,WN,1916,N8664J,DEN,MDW,1420,1420.0,0.0,12.0,1432.0,140.0,143.0,112.0,895,1724.0,19.0,1740,1743.0,3.0,0,0,,0.0,0.0,0.0,0.0,0.0,2015-08-01,0,0.0,0.0,0.0,0.0,0.0
2015,8,20,4,AA,1439,N3HFAA,DFW,BNA,1500,1500.0,0.0,21.0,1521.0,114.0,108.0,81.0,631,1642.0,6.0,1654,1648.0,-6.0,0,0,,0.0,0.0,0.0,0.0,0.0,2015-08-20,0,0.0,0.0,0.0,0.0,0.0
2015,7,31,5,AA,715,N950UW,PHL,BOS,1715,1711.0,-4.0,10.0,1721.0,81.0,81.0,64.0,280,1825.0,7.0,1836,1832.0,-4.0,0,0,,0.0,0.0,0.0,0.0,0.0,2015-07-31,0,0.0,0.0,0.0,0.0,0.0
2015,8,7,5,OO,4742,N824SK,SNA,SLC,705,701.0,-4.0,23.0,724.0,120.0,115.0,83.0,588,947.0,9.0,1005,956.0,-9.0,0,0,,0.0,0.0,0.0,0.0,0.0,2015-08-07,0,0.0,0.0,0.0,0.0,0.0
2015,8,19,3,DL,1884,N967DL,ATL,IAH,1602,1607.0,5.0,46.0,1653.0,137.0,156.0,103.0,689,1736.0,7.0,1719,1743.0,24.0,0,0,,24.0,0.0,0.0,0.0,0.0,2015-08-19,0,480.0,0.0,0.0,0.0,0.0
2015,7,24,5,WN,4107,N284WN,FLL,BWI,705,703.0,-2.0,7.0,710.0,150.0,155.0,127.0,925,917.0,21.0,935,938.0,3.0,0,0,,0.0,0.0,0.0,0.0,0.0,2015-07-24,0,0.0,0.0,0.0,0.0,0.0
2015,8,13,4,OO,5616,N702BR,DEN,ISN,959,1010.0,11.0,25.0,1035.0,109.0,116.0,85.0,576,1300.0,6.0,1248,1306.0,18.0,0,0,,7.0,0.0,0.0,0.0,11.0,2015-08-13,0,63.64,0.0,0.0,0.0,100.0
2015,7,27,1,MQ,3394,N654MQ,CMI,ORD,959,1050.0,51.0,20.0,1110.0,63.0,68.0,34.0,135,1144.0,14.0,1102,1158.0,56.0,0,0,,5.0,0.0,0.0,49.0,2.0,2015-07-27,1,9.8,0.0,0.0,96.08,3.92
2015,7,24,5,MQ,3483,N636MQ,JAN,DFW,1346,1343.0,-3.0,9.0,1352.0,96.0,81.0,67.0,408,1459.0,5.0,1522,1504.0,-18.0,0,0,,0.0,0.0,0.0,0.0,0.0,2015-07-24,0,0.0,0.0,0.0,0.0,0.0
2015,8,26,3,UA,340,N404UA,BOS,IAD,1443,1442.0,-1.0,18.0,1500.0,102.0,96.0,75.0,413,1615.0,3.0,1625,1618.0,-7.0,0,0,,0.0,0.0,0.0,0.0,0.0,2015-08-26,0,0.0,0.0,0.0,0.0,0.0
2015,8,27,4,VX,161,N641VA,EWR,LAX,905,857.0,-8.0,37.0,934.0,355.0,362.0,319.0,2454,1153.0,6.0,1200,1159.0,-1.0,0,0,,0.0,0.0,0.0,0.0,0.0,2015-08-27,0,0.0,0.0,0.0,0.0,0.0
2015,7,30,4,AA,623,N925UY,DEN,PHX,800,806.0,6.0,15.0,821.0,128.0,118.0,88.0,602,849.0,15.0,908,904.0,-4.0,0,0,,0.0,0.0,0.0,0.0,0.0,2015-07-30,0,0.0,0.0,0.0,0.0,0.0
2015,8,20,4,WN,21,N624SW,DAL,HOU,1200,1421.0,141.0,34.0,1455.0,60.0,115.0,75.0,239,1610.0,6.0,1300,1616.0,196.0,0,0,,55.0,0.0,65.0,76.0,0.0,2015-08-20,1,39.01,0.0,46.1,53.9,0.0
2015,8,4,2,DL,1888,N933DL,DTW,ATL,1630,1623.0,-7.0,18.0,1641.0,115.0,109.0,83.0,594,1804.0,8.0,1825,1812.0,-13.0,0,0,,0.0,0.0,0.0,0.0,0.0,2015-08-04,0,0.0,0.0,0.0,0.0,0.0
2015,8,15,6,EV,2652,N907EV,LRD,DFW,1050,1039.0,-11.0,12.0,1051.0,85.0,82.0,66.0,396,1157.0,4.0,1215,1201.0,-14.0,0,0,,0.0,0.0,0.0,0.0,0.0,2015-08-15,0,0.0,0.0,0.0,0.0,0.0
2015,8,1,6,AA,699,N758US,LAX,RDU,1020,1045.0,25.0,18.0,1103.0,305.0,283.0,263.0,2239,1826.0,2.0,1825,1828.0,3.0,0,0,,0.0,0.0,0.0,0.0,0.0,2015-08-01,1,0.0,0.0,0.0,0.0,0.0
2015,8,26,3,EV,5322,N841AS,AVL,ATL,1316,1310.0,-6.0,19.0,1329.0,69.0,63.0,34.0,164,1403.0,10.0,1425,1413.0,-12.0,0,0,,0.0,0.0,0.0,0.0,0.0,2015-08-26,0,0.0,0.0,0.0,0.0,0.0
2015,8,9,7,MQ,3499,N836MQ,DAY,LGA,1645,1645.0,0.0,49.0,1734.0,114.0,134.0,82.0,549,1856.0,3.0,1839,1859.0,20.0,0,0,,20.0,0.0,0.0,0.0,0.0,2015-08-09,0,inf,0.0,0.0,0.0,0.0
2015,8,30,7,WN,173,N224WN,SMF,SAN,1725,1723.0,-2.0,8.0,1731.0,85.0,81.0,69.0,480,1840.0,4.0,1850,1844.0,-6.0,0,0,,0.0,0.0,0.0,0.0,0.0,2015-08-30,0,0.0,0.0,0.0,0.0,0.0
2015,7,28,2,DL,2265,N124DE,ATL,SFO,955,954.0,-1.0,14.0,1008.0,310.0,282.0,256.0,2139,1124.0,12.0,1205,1136.0,-29.0,0,0,,0.0,0.0,0.0,0.0,0.0,2015-07-28,0,0.0,0.0,0.0,0.0,0.0
2015,8,23,7,WN,2010,N793SA,LAX,SFO,1920,2110.0,110.0,11.0,2121.0,75.0,68.0,52.0,337,2213.0,5.0,2035,2218.0,103.0,0,0,,0.0,0.0,0.0,103.0,0.0,2015-08-23,1,0.0,0.0,0.0,93.64,0.0
2015,8,19,3,DL,748,N911DA,ATL,DTW,1050,1103.0,13.0,18.0,1121.0,121.0,111.0,86.0,594,1247.0,7.0,1251,1254.0,3.0,0,0,,0.0,0.0,0.0,0.0,0.0,2015-08-19,0,0.0,0.0,0.0,0.0,0.0
2015,8,9,7,AA,1908,N163US,DEN,CLT,1155,1159.0,4.0,19.0,1218.0,197.0,189.0,153.0,1337,1651.0,17.0,1712,1708.0,-4.0,0,0,,0.0,0.0,0.0,0.0,0.0,2015-08-09,0,0.0,0.0,0.0,0.0,0.0
2015,8,15,6,EV,5047,N924EV,ATL,ROA,1454,1502.0,8.0,46.0,1548.0,85.0,102.0,53.0,357,1641.0,3.0,1619,1644.0,25.0,0,0,,17.0,0.0,8.0,0.0,0.0,2015-08-15,0,212.5,0.0,100.0,0.0,0.0
2015,8,20,4,WN,2522,N399WN,PHX,SAN,835,833.0,-2.0,14.0,847.0,75.0,67.0,51.0,304,938.0,2.0,950,940.0,-10.0,0,0,,0.0,0.0,0.0,0.0,0.0,2015-08-20,0,0.0,0.0,0.0,0.0,0.0
2015,8,6,4,AA,2206,N3DGAA,DCA,MIA,2020,2016.0,-4.0,17.0,2033.0,150.0,168.0,137.0,919,2250.0,14.0,2250,2304.0,14.0,0,0,,0.0,0.0,0.0,0.0,0.0,2015-08-06,0,0.0,0.0,0.0,0.0,0.0
2015,8,24,1,B6,1034,N635JB,SJU,MCO,1642,1656.0,14.0,8.0,1704.0,177.0,165.0,154.0,1189,1938.0,3.0,1939,1941.0,2.0,0,0,,0.0,0.0,0.0,0.0,0.0,2015-08-24,0,0.0,0.0,0.0,0.0,0.0
2015,7,28,2,AA,1289,N3ARAA,SFO,DFW,645,642.0,-3.0,14.0,656.0,216.0,205.0,179.0,1464,1155.0,12.0,1221,1207.0,-14.0,0,0,,0.0,0.0,0.0,0.0,0.0,2015-07-28,0,0.0,0.0,0.0,0.0,0.0
2015,7,26,7,AS,322,N612AS,SEA,SJC,1605,1559.0,-6.0,10.0,1609.0,122.0,120.0,107.0,697,1756.0,3.0,1807,1759.0,-8.0,0,0,,0.0,0.0,0.0,0.0,0.0,2015-07-26,0,0.0,0.0,0.0,0.0,0.0
2015,8,24,1,DL,1979,N399DA,LAS,DTW,2315,2302.0,-13.0,16.0,2318.0,235.0,219.0,197.0,1749,535.0,6.0,610,541.0,-29.0,0,0,,0.0,0.0,0.0,0.0,0.0,2015-08-24,0,0.0,0.0,0.0,0.0,0.0
2015,7,23,4,AA,1637,N381AA,MIA,MCO,700,654.0,-6.0,9.0,703.0,67.0,56.0,37.0,192,740.0,10.0,807,750.0,-17.0,0,0,,0.0,0.0,0.0,0.0,0.0,2015-07-23,0,0.0,0.0,0.0,0.0,0.0
2015,8,11,2,UA,1750,N78285,PHL,SFO,1812,1829.0,17.0,18.0,1847.0,365.0,349.0,324.0,2521,2111.0,7.0,2117,2118.0,1.0,0,0,,0.0,0.0,0.0,0.0,0.0,2015-08-11,1,0.0,0.0,0.0,0.0,0.0
2015,7,23,4,MQ,3648,N531MQ,XNA,ORD,1222,1213.0,-9.0,11.0,1224.0,108.0,96.0,77.0,522,1341.0,8.0,1410,1349.0,-21.0,0,0,,0.0,0.0,0.0,0.0,0.0,2015-07-23,0,0.0,0.0,0.0,0.0,0.0
2015,8,5,3,WN,134,N950WN,SAN,PHX,1255,1254.0,-1.0,12.0,1306.0,70.0,74.0,55.0,304,1401.0,7.0,1405,1408.0,3.0,0,0,,0.0,0.0,0.0,0.0,0.0,2015-08-05,0,0.0,0.0,0.0,0.0,0.0
2015,8,2,7,EV,5903,N48901,LIT,ORD,1051,1100.0,9.0,16.0,1116.0,118.0,118.0,93.0,552,1249.0,9.0,1249,1258.0,9.0,0,0,,0.0,0.0,0.0,0.0,0.0,2015-08-02,0,0.0,0.0,0.0,0.0,0.0
2015,8,2,7,OO,4462,N806SK,ABQ,SLC,1220,1215.0,-5.0,10.0,1225.0,100.0,85.0,69.0,493,1334.0,6.0,1400,1340.0,-20.0,0,0,,0.0,0.0,0.0,0.0,0.0,2015-08-02,0,0.0,0.0,0.0,0.0,0.0
2015,7,23,4,F9,908,N927FR,RDU,TTN,1535,1538.0,3.0,11.0,1549.0,79.0,76.0,59.0,373,1648.0,6.0,1654,1654.0,0.0,0,0,,0.0,0.0,0.0,0.0,0.0,2015-07-23,0,0.0,0.0,0.0,0.0,0.0
2015,8,23,7,EV,2709,N676AE,DFW,GPT,1658,1651.0,-7.0,24.0,1715.0,100.0,99.0,71.0,500,1826.0,4.0,1838,1830.0,-8.0,0,0,,0.0,0.0,0.0,0.0,0.0,2015-08-23,0,0.0,0.0,0.0,0.0,0.0
2015,7,29,3,UA,1038,N13718,LGA,ORD,1102,1101.0,-1.0,19.0,1120.0,158.0,138.0,108.0,733,1208.0,11.0,1240,1219.0,-21.0,0,0,,0.0,0.0,0.0,0.0,0.0,2015-07-29,0,0.0,0.0,0.0,0.0,0.0
2015,8,23,7,OO,5621,N712SK,TUS,IAH,506,459.0,-7.0,8.0,507.0,142.0,131.0,117.0,936,904.0,6.0,928,910.0,-18.0,0,0,,0.0,0.0,0.0,0.0,0.0,2015-08-23,0,0.0,0.0,0.0,0.0,0.0
2015,8,6,4,F9,1126,N203FR,LAS,IAD,15,39.0,24.0,10.0,49.0,280.0,263.0,244.0,2065,753.0,9.0,755,802.0,7.0,0,0,,0.0,0.0,0.0,0.0,0.0,2015-08-06,1,0.0,0.0,0.0,0.0,0.0
2015,8,4,2,AA,1763,N573UW,SMF,CLT,2305,2316.0,11.0,11.0,2327.0,285.0,272.0,248.0,2244,635.0,13.0,650,648.0,-2.0,0,0,,0.0,0.0,0.0,0.0,0.0,2015-08-04,0,0.0,0.0,0.0,0.0,0.0
2015,8,18,2,WN,3055,N715SW,MCO,DEN,655,650.0,-5.0,7.0,657.0,235.0,213.0,201.0,1546,818.0,5.0,850,823.0,-27.0,0,0,,0.0,0.0,0.0,0.0,0.0,2015-08-18,0,0.0,0.0,0.0,0.0,0.0
2015,8,24,1,WN,2214,N731SA,MDW,MSP,640,637.0,-3.0,12.0,649.0,85.0,90.0,67.0,349,756.0,11.0,805,807.0,2.0,0,0,,0.0,0.0,0.0,0.0,0.0,2015-08-24,0,0.0,0.0,0.0,0.0,0.0
2015,8,8,6,WN,2563,N8313F,EWR,MDW,1755,1751.0,-4.0,19.0,1810.0,165.0,129.0,105.0,711,1855.0,5.0,1940,1900.0,-40.0,0,0,,0.0,0.0,0.0,0.0,0.0,2015-08-08,0,0.0,0.0,0.0,0.0,0.0
2015,8,10,1,WN,1481,N787SA,OAK,HOU,610,616.0,6.0,9.0,625.0,230.0,224.0,211.0,1642,1156.0,4.0,1200,1200.0,0.0,0,0,,0.0,0.0,0.0,0.0,0.0,2015-08-10,0,0.0,0.0,0.0,0.0,0.0
2015,8,27,4,B6,883,N509JB,JFK,MCO,2001,1959.0,-2.0,39.0,2038.0,179.0,178.0,135.0,944,2253.0,4.0,2300,2257.0,-3.0,0,0,,0.0,0.0,0.0,0.0,0.0,2015-08-27,0,0.0,0.0,0.0,0.0,0.0
2015,8,12,3,DL,1989,N358NW,DTW,CLT,1955,2003.0,8.0,12.0,2015.0,107.0,90.0,72.0,500,2127.0,6.0,2142,2133.0,-9.0,0,0,,0.0,0.0,0.0,0.0,0.0,2015-08-12,0,0.0,0.0,0.0,0.0,0.0
2015,7,23,4,UA,1242,N79279,EWR,SFO,1851,1939.0,48.0,21.0,2000.0,383.0,373.0,347.0,2565,2247.0,5.0,2214,2252.0,38.0,0,0,,0.0,0.0,38.0,0.0,0.0,2015-07-23,1,0.0,0.0,79.17,0.0,0.0
2015,8,18,2,DL,1979,N3753,LAS,DTW,2315,2304.0,-11.0,12.0,2316.0,235.0,214.0,197.0,1749,533.0,5.0,610,538.0,-32.0,0,0,,0.0,0.0,0.0,0.0,0.0,2015-08-18,0,0.0,0.0,0.0,0.0,0.0
2015,8,25,2,DL,1921,N3764D,DTW,PHX,840,839.0,-1.0,18.0,857.0,246.0,236.0,215.0,1671,932.0,3.0,946,935.0,-11.0,0,0,,0.0,0.0,0.0,0.0,0.0,2015-08-25,0,0.0,0.0,0.0,0.0,0.0
2015,7,29,3,EV,4308,N14171,IAD,EWR,1453,1450.0,-3.0,23.0,1513.0,81.0,75.0,42.0,212,1555.0,10.0,1614,1605.0,-9.0,0,0,,0.0,0.0,0.0,0.0,0.0,2015-07-29,0,0.0,0.0,0.0,0.0,0.0
2015,8,24,1,AA,2457,N4WTAA,TPA,DFW,1436,1425.0,-11.0,11.0,1436.0,159.0,165.0,143.0,929,1559.0,11.0,1615,1610.0,-5.0,0,0,,0.0,0.0,0.0,0.0,0.0,2015-08-24,0,0.0,0.0,0.0,0.0,0.0
2015,7,25,6,B6,288,N520JB,LAX,BOS,739,732.0,-7.0,12.0,744.0,333.0,307.0,288.0,2611,1532.0,7.0,1612,1539.0,-33.0,0,0,,0.0,0.0,0.0,0.0,0.0,2015-07-25,0,0.0,0.0,0.0,0.0,0.0
2015,8,26,3,EV,2626,N673AE,MLU,DFW,610,604.0,-6.0,12.0,616.0,76.0,72.0,52.0,293,708.0,8.0,726,716.0,-10.0,0,0,,0.0,0.0,0.0,0.0,0.0,2015-08-26,0,0.0,0.0,0.0,0.0,0.0
2015,8,17,1,AA,695,N914UY,TPA,CLT,1140,1138.0,-2.0,11.0,1149.0,103.0,106.0,79.0,507,1308.0,16.0,1323,1324.0,1.0,0,0,,0.0,0.0,0.0,0.0,0.0,2015-08-17,0,0.0,0.0,0.0,0.0,0.0
2015,7,28,2,DL,1690,N963DN,MCI,ATL,800,757.0,-3.0,12.0,809.0,120.0,115.0,98.0,692,1047.0,5.0,1100,1052.0,-8.0,0,0,,0.0,0.0,0.0,0.0,0.0,2015-07-28,0,0.0,0.0,0.0,0.0,0.0
2015,8,2,7,EV,4266,N16981,IAH,GSP,949,949.0,0.0,11.0,1000.0,140.0,137.0,121.0,837,1301.0,5.0,1309,1306.0,-3.0,0,0,,0.0,0.0,0.0,0.0,0.0,2015-08-02,0,0.0,0.0,0.0,0.0,0.0
2015,8,24,1,AA,1260,N541AA,DFW,DTW,1343,1339.0,-4.0,12.0,1351.0,168.0,144.0,123.0,986,1654.0,9.0,1731,1703.0,-28.0,0,0,,0.0,0.0,0.0,0.0,0.0,2015-08-24,0,0.0,0.0,0.0,0.0,0.0
2015,8,2,7,WN,126,N8654B,OAK,GEG,905,900.0,-5.0,7.0,907.0,110.0,99.0,89.0,723,1036.0,3.0,1055,1039.0,-16.0,0,0,,0.0,0.0,0.0,0.0,0.0,2015-08-02,0,0.0,0.0,0.0,0.0,0.0
2015,7,26,7,AA,1285,N032AA,MSY,DFW,1400,1418.0,18.0,9.0,1427.0,95.0,83.0,69.0,447,1536.0,5.0,1535,1541.0,6.0,0,0,,0.0,0.0,0.0,0.0,0.0,2015-07-26,1,0.0,0.0,0.0,0.0,0.0
2015,8,9,7,WN,277,N630WN,ECP,BNA,900,949.0,49.0,13.0,1002.0,80.0,79.0,62.0,401,1104.0,4.0,1020,1108.0,48.0,0,0,,0.0,0.0,48.0,0.0,0.0,2015-08-09,1,0.0,0.0,97.96,0.0,0.0
2015,8,28,5,WN,2736,N711HK,LAX,OAK,1320,1318.0,-2.0,13.0,1331.0,70.0,69.0,51.0,337,1422.0,5.0,1430,1427.0,-3.0,0,0,,0.0,0.0,0.0,0.0,0.0,2015-08-28,0,0.0,0.0,0.0,0.0,0.0
2015,8,20,4,DL,1808,N351NW,FCA,SLC,610,605.0,-5.0,11.0,616.0,100.0,86.0,70.0,531,726.0,5.0,750,731.0,-19.0,0,0,,0.0,0.0,0.0,0.0,0.0,2015-08-20,0,0.0,0.0,0.0,0.0,0.0
2015,8,25,2,UA,1958,N36472,ORD,SFO,1813,1811.0,-2.0,15.0,1826.0,285.0,265.0,243.0,1846,2029.0,7.0,2058,2036.0,-22.0,0,0,,0.0,0.0,0.0,0.0,0.0,2015-08-25,0,0.0,0.0,0.0,0.0,0.0
2015,8,27,4,AA,506,N765US,BWI,PHX,710,704.0,-6.0,12.0,716.0,299.0,277.0,262.0,1999,838.0,3.0,909,841.0,-28.0,0,0,,0.0,0.0,0.0,0.0,0.0,2015-08-27,0,0.0,0.0,0.0,0.0,0.0
2015,8,25,2,DL,159,N904DL,BOS,DTW,1240,1319.0,39.0,30.0,1349.0,130.0,128.0,93.0,632,1522.0,5.0,1450,1527.0,37.0,0,0,,0.0,0.0,0.0,37.0,0.0,2015-08-25,1,0.0,0.0,0.0,94.87,0.0
2015,8,14,5,VX,1653,N838VA,LAS,SFO,35,104.0,29.0,8.0,112.0,90.0,75.0,61.0,414,213.0,6.0,205,219.0,14.0,0,0,,0.0,0.0,0.0,0.0,0.0,2015-08-14,1,0.0,0.0,0.0,0.0,0.0
2015,8,8,6,B6,15,N934JB,JFK,SFO,700,654.0,-6.0,14.0,708.0,377.0,388.0,366.0,2586,1014.0,8.0,1017,1022.0,5.0,0,0,,0.0,0.0,0.0,0.0,0.0,2015-08-08,0,0.0,0.0,0.0,0.0,0.0
2015,8,28,5,UA,1907,N73860,SFO,EWR,2346,2343.0,-3.0,13.0,2356.0,314.0,319.0,291.0,2565,747.0,15.0,800,802.0,2.0,0,0,,0.0,0.0,0.0,0.0,0.0,2015-08-28,0,0.0,0.0,0.0,0.0,0.0
2015,7,30,4,AA,16,N796AA,SFO,JFK,1235,1407.0,92.0,50.0,1457.0,353.0,349.0,287.0,2586,2244.0,12.0,2128,2256.0,88.0,0,0,,88.0,0.0,0.0,0.0,0.0,2015-07-30,1,95.65,0.0,0.0,0.0,0.0
2015,7,28,2,AA,493,N744P,PHX,OAK,945,942.0,-3.0,10.0,952.0,117.0,107.0,91.0,646,1123.0,6.0,1142,1129.0,-13.0,0,0,,0.0,0.0,0.0,0.0,0.0,2015-07-28,0,0.0,0.0,0.0,0.0,0.0
2015,8,15,6,MQ,3604,N631MQ,FSD,ORD,557,550.0,-7.0,11.0,601.0,101.0,90.0,68.0,462,709.0,11.0,738,720.0,-18.0,0,0,,0.0,0.0,0.0,0.0,0.0,2015-08-15,0,0.0,0.0,0.0,0.0,0.0
2015,8,12,3,DL,1429,N607AT,ATL,TUL,1102,1101.0,-1.0,24.0,1125.0,120.0,122.0,92.0,674,1157.0,6.0,1202,1203.0,1.0,0,0,,0.0,0.0,0.0,0.0,0.0,2015-08-12,0,0.0,0.0,0.0,0.0,0.0
2015,8,6,4,AA,2002,N832AW,CLT,BOS,1415,1455.0,40.0,64.0,1559.0,126.0,182.0,111.0,728,1750.0,7.0,1621,1757.0,96.0,0,0,,56.0,0.0,0.0,40.0,0.0,2015-08-06,1,140.0,0.0,0.0,100.0,0.0
2015,8,5,3,EV,4878,N710EV,BTV,DTW,1240,1234.0,-6.0,12.0,1246.0,112.0,108.0,92.0,537,1418.0,4.0,1432,1422.0,-10.0,0,0,,0.0,0.0,0.0,0.0,0.0,2015-08-05,0,0.0,0.0,0.0,0.0,0.0
2015,8,28,5,OO,4985,N710SK,IAH,MSY,1540,1542.0,2.0,18.0,1600.0,73.0,67.0,46.0,305,1646.0,3.0,1653,1649.0,-4.0,0,0,,0.0,0.0,0.0,0.0,0.0,2015-08-28,0,0.0,0.0,0.0,0.0,0.0
2015,8,29,6,MQ,3426,N654MQ,LFT,DFW,1252,1246.0,-6.0,11.0,1257.0,87.0,94.0,64.0,351,1401.0,19.0,1419,1420.0,1.0,0,0,,0.0,0.0,0.0,0.0,0.0,2015-08-29,0,0.0,0.0,0.0,0.0,0.0
2015,8,26,3,DL,1626,N963AT,BHM,ATL,1600,1556.0,-4.0,9.0,1605.0,74.0,46.0,30.0,134,1735.0,7.0,1814,1742.0,-32.0,0,0,,0.0,0.0,0.0,0.0,0.0,2015-08-26,0,0.0,0.0,0.0,0.0,0.0
2015,8,4,2,MQ,3547,N922MQ,ORD,GRB,835,832.0,-3.0,15.0,847.0,61.0,48.0,31.0,173,918.0,2.0,936,920.0,-16.0,0,0,,0.0,0.0,0.0,0.0,0.0,2015-08-04,0,0.0,0.0,0.0,0.0,0.0
2015,7,25,6,DL,513,N947DN,MSP,SAN,1136,1130.0,-6.0,18.0,1148.0,220.0,223.0,200.0,1532,1308.0,5.0,1316,1313.0,-3.0,0,0,,0.0,0.0,0.0,0.0,0.0,2015-07-25,0,0.0,0.0,0.0,0.0,0.0
2015,8,27,4,AA,112,N3KVAA,MCO,MIA,1450,1515.0,25.0,12.0,1527.0,71.0,67.0,46.0,192,1613.0,9.0,1601,1622.0,21.0,0,0,,0.0,0.0,0.0,12.0,9.0,2015-08-27,1,0.0,0.0,0.0,48.0,36.0
2015,8,12,3,OO,4601,N641CA,BZN,SEA,605,600.0,-5.0,12.0,612.0,108.0,97.0,78.0,543,630.0,7.0,653,637.0,-16.0,0,0,,0.0,0.0,0.0,0.0,0.0,2015-08-12,0,0.0,0.0,0.0,0.0,0.0
2015,8,19,3,DL,2270,N961DN,MSP,BUF,1923,1940.0,17.0,13.0,1953.0,118.0,119.0,101.0,735,2234.0,5.0,2221,2239.0,18.0,0,0,,1.0,0.0,17.0,0.0,0.0,2015-08-19,1,5.88,0.0,100.0,0.0,0.0
2015,7,23,4,AA,658,N917UY,CLT,LAS,759,755.0,-4.0,39.0,834.0,281.0,299.0,253.0,1916,947.0,7.0,940,954.0,14.0,0,0,,0.0,0.0,0.0,0.0,0.0,2015-07-23,0,0.0,0.0,0.0,0.0,0.0
2015,8,2,7,EV,2648,N877AS,GRK,DFW,1021,1009.0,-12.0,10.0,1019.0,54.0,55.0,35.0,134,1054.0,10.0,1115,1104.0,-11.0,0,0,,0.0,0.0,0.0,0.0,0.0,2015-08-02,0,0.0,0.0,0.0,0.0,0.0
2015,7,27,1,AA,326,N002AA,DFW,STL,1146,1143.0,-3.0,12.0,1155.0,104.0,97.0,77.0,550,1312.0,8.0,1330,1320.0,-10.0,0,0,,0.0,0.0,0.0,0.0,0.0,2015-07-27,0,0.0,0.0,0.0,0.0,0.0
2015,7,24,5,B6,2416,N529JB,AUS,MCO,1454,1500.0,6.0,10.0,1510.0,156.0,154.0,140.0,994,1830.0,4.0,1830,1834.0,4.0,0,0,,0.0,0.0,0.0,0.0,0.0,2015-07-24,0,0.0,0.0,0.0,0.0,0.0
2015,8,24,1,OO,3486,N216AG,SEA,OAK,1600,1621.0,21.0,15.0,1636.0,124.0,128.0,105.0,672,1821.0,8.0,1804,1829.0,25.0,0,0,,4.0,0.0,20.0,1.0,0.0,2015-08-24,1,19.05,0.0,95.24,4.76,0.0
2015,8,3,1,DL,504,N603AT,ATL,EWR,1930,1927.0,-3.0,24.0,1951.0,143.0,135.0,105.0,746,2136.0,6.0,2153,2142.0,-11.0,0,0,,0.0,0.0,0.0,0.0,0.0,2015-08-03,0,0.0,0.0,0.0,0.0,0.0
2015,7,28,2,DL,1472,N971DL,TPA,ATL,1040,1033.0,-7.0,11.0,1044.0,93.0,81.0,66.0,406,1150.0,4.0,1213,1154.0,-19.0,0,0,,0.0,0.0,0.0,0.0,0.0,2015-07-28,0,0.0,0.0,0.0,0.0,0.0
2015,8,14,5,EV,2667,N685AE,DFW,BRO,1524,1518.0,-6.0,24.0,1542.0,101.0,102.0,74.0,482,1656.0,4.0,1705,1700.0,-5.0,0,0,,0.0,0.0,0.0,0.0,0.0,2015-08-14,0,0.0,0.0,0.0,0.0,0.0
2015,8,19,3,DL,208,N917DL,JFK,MCO,1915,2011.0,56.0,51.0,2102.0,181.0,196.0,138.0,944,2320.0,7.0,2216,2327.0,71.0,0,0,,15.0,0.0,6.0,50.0,0.0,2015-08-19,1,26.79,0.0,10.71,89.29,0.0
2015,8,7,5,DL,1227,N692DL,PHX,JFK,2240,2238.0,-2.0,13.0,2251.0,295.0,282.0,261.0,2153,612.0,8.0,635,620.0,-15.0,0,0,,0.0,0.0,0.0,0.0,0.0,2015-08-07,0,0.0,0.0,0.0,0.0,0.0
2015,7,30,4,WN,1249,N232WN,PHX,BUR,1330,1326.0,-4.0,18.0,1344.0,80.0,86.0,65.0,369,1449.0,3.0,1450,1452.0,2.0,0,0,,0.0,0.0,0.0,0.0,0.0,2015-07-30,0,0.0,0.0,0.0,0.0,0.0
2015,8,27,4,EV,4241,N27152,DCA,EWR,825,816.0,-9.0,14.0,830.0,66.0,59.0,37.0,199,907.0,8.0,931,915.0,-16.0,0,0,,0.0,0.0,0.0,0.0,0.0,2015-08-27,0,0.0,0.0,0.0,0.0,0.0
2015,8,12,3,DL,2329,N818DA,ATL,SEA,1355,1357.0,2.0,30.0,1427.0,325.0,314.0,273.0,2182,1600.0,11.0,1620,1611.0,-9.0,0,0,,0.0,0.0,0.0,0.0,0.0,2015-08-12,0,0.0,0.0,0.0,0.0,0.0
2015,8,20,4,WN,342,N389SW,BNA,STL,1755,1954.0,119.0,15.0,2009.0,65.0,65.0,45.0,272,2054.0,5.0,1900,2059.0,119.0,0,0,,0.0,0.0,53.0,66.0,0.0,2015-08-20,1,0.0,0.0,44.54,55.46,0.0
2015,8,5,3,WN,3229,N438WN,BUR,OAK,935,935.0,0.0,9.0,944.0,70.0,65.0,50.0,325,1034.0,6.0,1045,1040.0,-5.0,0,0,,0.0,0.0,0.0,0.0,0.0,2015-08-05,0,0.0,0.0,0.0,0.0,0.0
2015,8,14,5,B6,1927,N267JB,BOS,BWI,1051,1049.0,-2.0,15.0,1104.0,86.0,76.0,56.0,369,1200.0,5.0,1217,1205.0,-12.0,0,0,,0.0,0.0,0.0,0.0,0.0,2015-08-14,0,0.0,0.0,0.0,0.0,0.0
2015,8,14,5,DL,1681,N991DL,ATL,CMH,746,746.0,0.0,8.0,754.0,87.0,80.0,68.0,447,902.0,4.0,913,906.0,-7.0,0,0,,0.0,0.0,0.0,0.0,0.0,2015-08-14,0,0.0,0.0,0.0,0.0,0.0
2015,8,7,5,MQ,3592,N906MQ,DCA,RDU,1804,1759.0,-5.0,17.0,1816.0,70.0,68.0,46.0,227,1902.0,5.0,1914,1907.0,-7.0,0,0,,0.0,0.0,0.0,0.0,0.0,2015-08-07,0,0.0,0.0,0.0,0.0,0.0
2015,8,19,3,DL,1758,N817DN,ATL,TPA,2308,2335.0,27.0,14.0,2349.0,82.0,75.0,58.0,406,47.0,3.0,30,50.0,20.0,0,0,,0.0,0.0,0.0,19.0,1.0,2015-08-19,1,0.0,0.0,0.0,70.37,3.7
2015,8,17,1,MQ,3440,N902MQ,ORD,HSV,2200,2324.0,84.0,17.0,2341.0,103.0,111.0,88.0,510,109.0,6.0,2343,115.0,92.0,0,0,,8.0,0.0,0.0,84.0,0.0,2015-08-17,1,9.52,0.0,0.0,100.0,0.0
2015,8,21,5,OO,4675,N805SK,LAX,PHX,1700,1708.0,8.0,31.0,1739.0,90.0,100.0,60.0,370,1839.0,9.0,1830,1848.0,18.0,0,0,,10.0,0.0,6.0,2.0,0.0,2015-08-21,0,125.0,0.0,75.0,25.0,0.0
2015,8,2,7,DL,803,N948DL,CVG,MCO,930,929.0,-1.0,10.0,939.0,125.0,114.0,99.0,757,1118.0,5.0,1135,1123.0,-12.0,0,0,,0.0,0.0,0.0,0.0,0.0,2015-08-02,0,0.0,0.0,0.0,0.0,0.0
2015,7,24,5,UA,626,N431UA,IND,ORD,1637,1907.0,150.0,18.0,1925.0,73.0,63.0,32.0,177,1857.0,13.0,1650,1910.0,140.0,0,0,,0.0,0.0,0.0,140.0,0.0,2015-07-24,1,0.0,0.0,0.0,93.33,0.0
2015,8,18,2,WN,1592,N209WN,SAN,OAK,905,901.0,-4.0,7.0,908.0,85.0,76.0,65.0,446,1013.0,4.0,1030,1017.0,-13.0,0,0,,0.0,0.0,0.0,0.0,0.0,2015-08-18,0,0.0,0.0,0.0,0.0,0.0
2015,7,28,2,EV,2677,N908EV,DFW,CHA,1835,1830.0,-5.0,15.0,1845.0,127.0,113.0,95.0,695,2120.0,3.0,2142,2123.0,-19.0,0,0,,0.0,0.0,0.0,0.0,0.0,2015-07-28,0,0.0,0.0,0.0,0.0,0.0
2015,8,4,2,WN,2744,N364SW,BUF,BWI,1845,1928.0,43.0,11.0,1939.0,70.0,80.0,48.0,281,2027.0,21.0,1955,2048.0,53.0,0,0,,10.0,0.0,5.0,38.0,0.0,2015-08-04,1,23.26,0.0,11.63,88.37,0.0
2015,8,26,3,UA,1424,N76526,SAN,SFO,1326,1320.0,-6.0,12.0,1332.0,95.0,85.0,64.0,447,1436.0,9.0,1501,1445.0,-16.0,0,0,,0.0,0.0,0.0,0.0,0.0,2015-08-26,0,0.0,0.0,0.0,0.0,0.0
2015,8,11,2,B6,670,N821JB,SJC,JFK,2259,2253.0,-6.0,12.0,2305.0,331.0,313.0,297.0,2569,702.0,4.0,730,706.0,-24.0,0,0,,0.0,0.0,0.0,0.0,0.0,2015-08-11,0,0.0,0.0,0.0,0.0,0.0
2015,7,24,5,EV,2642,N687JS,CID,DFW,927,916.0,-11.0,11.0,927.0,130.0,126.0,97.0,685,1104.0,18.0,1137,1122.0,-15.0,0,0,,0.0,0.0,0.0,0.0,0.0,2015-07-24,0,0.0,0.0,0.0,0.0,0.0
2015,8,17,1,DL,1507,N16065,ATL,SLC,1215,1214.0,-1.0,17.0,1231.0,235.0,236.0,212.0,1590,1403.0,7.0,1410,1410.0,0.0,0,0,,0.0,0.0,0.0,0.0,0.0,2015-08-17,0,0.0,0.0,0.0,0.0,0.0
2015,8,17,1,AA,834,N958UW,PHL,SAT,1545,1539.0,-6.0,14.0,1553.0,233.0,204.0,188.0,1496,1801.0,2.0,1838,1803.0,-35.0,0,0,,0.0,0.0,0.0,0.0,0.0,2015-08-17,0,0.0,0.0,0.0,0.0,0.0
2015,8,30,7,AA,1569,N483AA,DFW,DEN,1725,1832.0,67.0,15.0,1847.0,128.0,116.0,94.0,641,1921.0,7.0,1833,1928.0,55.0,0,0,,0.0,0.0,55.0,0.0,0.0,2015-08-30,1,0.0,0.0,82.09,0.0,0.0
2015,8,1,6,WN,3904,N772SW,HOU,PIT,1405,1525.0,80.0,8.0,1533.0,165.0,157.0,143.0,1131,1856.0,6.0,1750,1902.0,72.0,0,0,,0.0,0.0,56.0,16.0,0.0,2015-08-01,1,0.0,0.0,70.0,20.0,0.0
2015,7,31,5,B6,1895,N608JB,HPN,MCO,815,807.0,-8.0,11.0,818.0,159.0,146.0,132.0,972,1030.0,3.0,1054,1033.0,-21.0,0,0,,0.0,0.0,0.0,0.0,0.0,2015-07-31,0,0.0,0.0,0.0,0.0,0.0
2015,8,26,3,EV,5103,N723EV,SAV,LGA,1820,1816.0,-4.0,14.0,1830.0,130.0,120.0,92.0,722,2002.0,14.0,2030,2016.0,-14.0,0,0,,0.0,0.0,0.0,0.0,0.0,2015-08-26,0,0.0,0.0,0.0,0.0,0.0
2015,8,17,1,UA,549,N816UA,IAH,SLC,1438,1437.0,-1.0,13.0,1450.0,192.0,182.0,166.0,1195,1636.0,3.0,1650,1639.0,-11.0,0,0,,0.0,0.0,0.0,0.0,0.0,2015-08-17,0,0.0,0.0,0.0,0.0,0.0
2015,7,25,6,WN,3516,N957WN,MCO,RIC,1845,1919.0,34.0,11.0,1930.0,115.0,116.0,100.0,667,2110.0,5.0,2040,2115.0,35.0,0,0,,1.0,0.0,14.0,20.0,0.0,2015-07-25,1,2.94,0.0,41.18,58.82,0.0
2015,8,14,5,WN,498,N7711N,PIT,MDW,835,843.0,8.0,8.0,851.0,90.0,75.0,59.0,402,850.0,8.0,905,858.0,-7.0,0,0,,0.0,0.0,0.0,0.0,0.0,2015-08-14,0,0.0,0.0,0.0,0.0,0.0
2015,7,30,4,EV,4962,N867AS,DTW,ABE,2012,2007.0,-5.0,19.0,2026.0,90.0,81.0,59.0,425,2125.0,3.0,2142,2128.0,-14.0,0,0,,0.0,0.0,0.0,0.0,0.0,2015-07-30,0,0.0,0.0,0.0,0.0,0.0
2015,8,18,2,DL,1478,N6715C,ATL,PHL,725,814.0,49.0,18.0,832.0,119.0,126.0,92.0,666,1004.0,16.0,924,1020.0,56.0,0,0,,7.0,0.0,49.0,0.0,0.0,2015-08-18,1,14.29,0.0,100.0,0.0,0.0
2015,8,8,6,DL,2489,N911DL,PHL,DTW,550,549.0,-1.0,16.0,605.0,93.0,97.0,69.0,453,714.0,12.0,723,726.0,3.0,0,0,,0.0,0.0,0.0,0.0,0.0,2015-08-08,0,0.0,0.0,0.0,0.0,0.0
2015,8,23,7,OO,5539,N791SK,SLC,IAH,1429,1427.0,-2.0,18.0,1445.0,180.0,190.0,166.0,1195,1831.0,6.0,1829,1837.0,8.0,0,0,,0.0,0.0,0.0,0.0,0.0,2015-08-23,0,0.0,0.0,0.0,0.0,0.0
2015,7,26,7,B6,1119,N190JB,JFK,CLT,1706,1728.0,22.0,37.0,1805.0,140.0,117.0,75.0,541,1920.0,5.0,1926,1925.0,-1.0,0,0,,0.0,0.0,0.0,0.0,0.0,2015-07-26,1,0.0,0.0,0.0,0.0,0.0
2015,8,10,1,AA,323,N598AA,STL,DFW,925,1013.0,48.0,14.0,1027.0,110.0,114.0,94.0,550,1201.0,6.0,1115,1207.0,52.0,0,0,,4.0,0.0,0.0,48.0,0.0,2015-08-10,1,8.33,0.0,0.0,100.0,0.0
2015,8,9,7,OO,5571,N744SK,GJT,DEN,600,552.0,-8.0,12.0,604.0,65.0,58.0,38.0,212,642.0,8.0,705,650.0,-15.0,0,0,,0.0,0.0,0.0,0.0,0.0,2015-08-09,0,0.0,0.0,0.0,0.0,0.0
2015,8,1,6,WN,2167,N8656B,ISP,MCO,705,701.0,-4.0,9.0,710.0,160.0,151.0,136.0,971,926.0,6.0,945,932.0,-13.0,0,0,,0.0,0.0,0.0,0.0,0.0,2015-08-01,0,0.0,0.0,0.0,0.0,0.0
2015,8,18,2,AS,38,N538AS,SEA,FLL,850,849.0,-1.0,18.0,907.0,355.0,349.0,322.0,2717,1729.0,9.0,1745,1738.0,-7.0,0,0,,0.0,0.0,0.0,0.0,0.0,2015-08-18,0,0.0,0.0,0.0,0.0,0.0
2015,8,18,2,B6,112,N283JB,ORD,BOS,1913,2250.0,217.0,50.0,2340.0,142.0,163.0,108.0,867,228.0,5.0,2235,233.0,238.0,0,0,,21.0,0.0,53.0,164.0,0.0,2015-08-18,1,9.68,0.0,24.42,75.58,0.0
2015,8,12,3,AS,897,N508AS,SJC,KOA,1835,1828.0,-7.0,23.0,1851.0,324.0,344.0,318.0,2384,2109.0,3.0,2059,2112.0,13.0,0,0,,0.0,0.0,0.0,0.0,0.0,2015-08-12,0,0.0,0.0,0.0,0.0,0.0
2015,8,16,7,B6,593,N192JB,ACK,DCA,1745,1806.0,21.0,16.0,1822.0,93.0,87.0,68.0,405,1930.0,3.0,1918,1933.0,15.0,0,0,,0.0,0.0,7.0,8.0,0.0,2015-08-16,1,0.0,0.0,33.33,38.1,0.0
2015,7,26,7,WN,1795,N754SW,MCO,PIT,1320,1319.0,-1.0,10.0,1329.0,135.0,128.0,114.0,834,1523.0,4.0,1535,1527.0,-8.0,0,0,,0.0,0.0,0.0,0.0,0.0,2015-07-26,0,0.0,0.0,0.0,0.0,0.0
2015,8,6,4,WN,878,N361SW,OAK,SAN,1640,1711.0,31.0,7.0,1718.0,85.0,86.0,77.0,446,1835.0,2.0,1805,1837.0,32.0,0,0,,1.0,0.0,18.0,13.0,0.0,2015-08-06,1,3.23,0.0,58.06,41.94,0.0
2015,8,15,6,AA,2067,N810AW,CLT,DTW,1800,1757.0,-3.0,25.0,1822.0,111.0,104.0,72.0,500,1934.0,7.0,1951,1941.0,-10.0,0,0,,0.0,0.0,0.0,0.0,0.0,2015-08-15,0,0.0,0.0,0.0,0.0,0.0
2015,8,23,7,MQ,3289,N822MQ,DAY,LGA,1650,1644.0,-6.0,10.0,1654.0,114.0,104.0,86.0,549,1820.0,8.0,1844,1828.0,-16.0,0,0,,0.0,0.0,0.0,0.0,0.0,2015-08-23,0,0.0,0.0,0.0,0.0,0.0
2015,8,27,4,WN,1764,N214WN,ICT,MDW,605,601.0,-4.0,8.0,609.0,105.0,100.0,86.0,589,735.0,6.0,750,741.0,-9.0,0,0,,0.0,0.0,0.0,0.0,0.0,2015-08-27,0,0.0,0.0,0.0,0.0,0.0
2015,8,11,2,WN,298,N715SW,LAX,MCI,1235,1240.0,5.0,6.0,1246.0,190.0,175.0,164.0,1363,1730.0,5.0,1745,1735.0,-10.0,0,0,,0.0,0.0,0.0,0.0,0.0,2015-08-11,0,0.0,0.0,0.0,0.0,0.0
2015,8,26,3,WN,2836,N8670A,BUF,LAS,1655,1652.0,-3.0,9.0,1701.0,295.0,282.0,250.0,1986,1811.0,23.0,1850,1834.0,-16.0,0,0,,0.0,0.0,0.0,0.0,0.0,2015-08-26,0,0.0,0.0,0.0,0.0,0.0
2015,8,30,7,EV,4368,N14570,EWR,MKE,1300,1405.0,65.0,15.0,1420.0,140.0,130.0,112.0,725,1512.0,3.0,1420,1515.0,55.0,0,0,,0.0,0.0,55.0,0.0,0.0,2015-08-30,1,0.0,0.0,84.62,0.0,0.0
2015,8,18,2,OO,6446,N726SK,IAD,ORD,2206,2256.0,50.0,23.0,2319.0,119.0,119.0,84.0,589,2343.0,12.0,2305,2355.0,50.0,0,0,,0.0,0.0,0.0,50.0,0.0,2015-08-18,1,0.0,0.0,0.0,100.0,0.0
2015,8,24,1,WN,2736,N230WN,MDW,AUS,815,816.0,1.0,11.0,827.0,155.0,139.0,122.0,972,1029.0,6.0,1050,1035.0,-15.0,0,0,,0.0,0.0,0.0,0.0,0.0,2015-08-24,0,0.0,0.0,0.0,0.0,0.0
2015,7,31,5,DL,1641,N680DA,SAT,ATL,1030,1026.0,-4.0,17.0,1043.0,154.0,147.0,118.0,874,1341.0,12.0,1404,1353.0,-11.0,0,0,,0.0,0.0,0.0,0.0,0.0,2015-07-31,0,0.0,0.0,0.0,0.0,0.0
2015,8,29,6,AA,2057,N912UY,CLT,LAX,945,945.0,0.0,22.0,1007.0,315.0,299.0,268.0,2125,1135.0,9.0,1200,1144.0,-16.0,0,0,,0.0,0.0,0.0,0.0,0.0,2015-08-29,0,0.0,0.0,0.0,0.0,0.0
2015,8,7,5,WN,3397,N720WN,BOI,DEN,1535,1544.0,9.0,9.0,1553.0,110.0,104.0,89.0,649,1722.0,6.0,1725,1728.0,3.0,0,0,,0.0,0.0,0.0,0.0,0.0,2015-08-07,0,0.0,0.0,0.0,0.0,0.0
2015,8,13,4,DL,1829,N532US,DTW,MIA,738,746.0,8.0,13.0,759.0,177.0,177.0,150.0,1145,1029.0,14.0,1035,1043.0,8.0,0,0,,0.0,0.0,0.0,0.0,0.0,2015-08-13,0,0.0,0.0,0.0,0.0,0.0
2015,8,9,7,DL,1704,N963DN,FLL,DTW,1750,1925.0,95.0,11.0,1936.0,184.0,168.0,148.0,1127,2204.0,9.0,2054,2213.0,79.0,0,0,,0.0,0.0,79.0,0.0,0.0,2015-08-09,1,0.0,0.0,83.16,0.0,0.0
2015,8,25,2,DL,1942,N993AT,EWR,ATL,1530,1527.0,-3.0,18.0,1545.0,148.0,127.0,103.0,746,1728.0,6.0,1758,1734.0,-24.0,0,0,,0.0,0.0,0.0,0.0,0.0,2015-08-25,0,0.0,0.0,0.0,0.0,0.0
2015,7,27,1,WN,3846,N452WN,LGA,MKE,800,801.0,1.0,17.0,818.0,140.0,131.0,110.0,738,908.0,4.0,920,912.0,-8.0,0,0,,0.0,0.0,0.0,0.0,0.0,2015-07-27,0,0.0,0.0,0.0,0.0,0.0
2015,8,27,4,AA,1725,N537UW,CLT,MCO,740,734.0,-6.0,31.0,805.0,97.0,112.0,69.0,468,914.0,12.0,917,926.0,9.0,0,0,,0.0,0.0,0.0,0.0,0.0,2015-08-27,0,0.0,0.0,0.0,0.0,0.0
2015,8,19,3,EV,4327,N11164,EWR,MSY,851,851.0,0.0,21.0,912.0,196.0,196.0,166.0,1167,1058.0,9.0,1107,1107.0,0.0,0,0,,0.0,0.0,0.0,0.0,0.0,2015-08-19,0,0.0,0.0,0.0,0.0,0.0
2015,8,29,6,NK,217,N629NK,IAH,LAX,608,604.0,-4.0,11.0,615.0,197.0,194.0,175.0,1379,710.0,8.0,725,718.0,-7.0,0,0,,0.0,0.0,0.0,0.0,0.0,2015-08-29,0,0.0,0.0,0.0,0.0,0.0
2015,8,15,6,B6,2479,N368JB,BOS,EWR,1126,1126.0,0.0,21.0,1147.0,93.0,84.0,47.0,200,1234.0,16.0,1259,1250.0,-9.0,0,0,,0.0,0.0,0.0,0.0,0.0,2015-08-15,0,0.0,0.0,0.0,0.0,0.0
2015,8,7,5,AS,80,N513AS,ANC,SEA,1000,956.0,-4.0,14.0,1010.0,210.0,211.0,190.0,1448,1420.0,7.0,1430,1427.0,-3.0,0,0,,0.0,0.0,0.0,0.0,0.0,2015-08-07,0,0.0,0.0,0.0,0.0,0.0
2015,7,30,4,OO,3476,N216AG,BZN,PDX,1645,1632.0,-13.0,8.0,1640.0,110.0,89.0,77.0,554,1657.0,4.0,1735,1701.0,-34.0,0,0,,0.0,0.0,0.0,0.0,0.0,2015-07-30,0,0.0,0.0,0.0,0.0,0.0
2015,8,27,4,WN,3181,N258WN,MDW,BDL,900,857.0,-3.0,7.0,904.0,120.0,111.0,98.0,777,1142.0,6.0,1200,1148.0,-12.0,0,0,,0.0,0.0,0.0,0.0,0.0,2015-08-27,0,0.0,0.0,0.0,0.0,0.0
2015,8,11,2,WN,1791,N252WN,SMF,LAX,1630,1628.0,-2.0,12.0,1640.0,80.0,85.0,68.0,373,1748.0,5.0,1750,1753.0,3.0,0,0,,0.0,0.0,0.0,0.0,0.0,2015-08-11,0,0.0,0.0,0.0,0.0,0.0
2015,7,23,4,WN,466,N8612K,MCO,SJU,2130,2240.0,70.0,7.0,2247.0,165.0,162.0,149.0,1189,116.0,6.0,15,122.0,67.0,0,0,,0.0,0.0,67.0,0.0,0.0,2015-07-23,1,0.0,0.0,95.71,0.0,0.0
2015,8,24,1,EV,2690,N907EV,DFW,FSM,2150,2159.0,9.0,21.0,2220.0,65.0,64.0,40.0,227,2300.0,3.0,2255,2303.0,8.0,0,0,,0.0,0.0,0.0,0.0,0.0,2015-08-24,0,0.0,0.0,0.0,0.0,0.0
2015,7,30,4,AA,452,N544UW,PHX,SAN,746,738.0,-8.0,17.0,755.0,74.0,68.0,48.0,304,843.0,3.0,900,846.0,-14.0,0,0,,0.0,0.0,0.0,0.0,0.0,2015-07-30,0,0.0,0.0,0.0,0.0,0.0
2015,7,26,7,AS,479,N618AS,LAX,SEA,1610,1603.0,-7.0,18.0,1621.0,156.0,156.0,131.0,954,1832.0,7.0,1846,1839.0,-7.0,0,0,,0.0,0.0,0.0,0.0,0.0,2015-07-26,0,0.0,0.0,0.0,0.0,0.0
2015,8,4,2,WN,613,N218WN,MCI,MDW,1130,1126.0,-4.0,10.0,1136.0,80.0,91.0,67.0,405,1243.0,14.0,1250,1257.0,7.0,0,0,,0.0,0.0,0.0,0.0,0.0,2015-08-04,0,0.0,0.0,0.0,0.0,0.0
2015,7,24,5,UA,1640,N67134,LAX,EWR,745,744.0,-1.0,14.0,758.0,327.0,301.0,276.0,2454,1534.0,11.0,1612,1545.0,-27.0,0,0,,0.0,0.0,0.0,0.0,0.0,2015-07-24,0,0.0,0.0,0.0,0.0,0.0
2015,8,10,1,AA,2171,N951UW,BOS,LGA,700,704.0,4.0,30.0,734.0,78.0,78.0,40.0,184,814.0,8.0,818,822.0,4.0,0,0,,0.0,0.0,0.0,0.0,0.0,2015-08-10,0,0.0,0.0,0.0,0.0,0.0
2015,8,9,7,WN,2987,N7722B,PHX,HOU,1240,1237.0,-3.0,12.0,1249.0,155.0,155.0,135.0,1020,1704.0,8.0,1715,1712.0,-3.0,0,0,,0.0,0.0,0.0,0.0,0.0,2015-08-09,0,0.0,0.0,0.0,0.0,0.0
2015,7,28,2,DL,519,N806DN,ATL,PHX,2205,2205.0,0.0,40.0,2245.0,235.0,255.0,207.0,1587,2312.0,8.0,2300,2320.0,20.0,0,0,,20.0,0.0,0.0,0.0,0.0,2015-07-28,0,inf,0.0,0.0,0.0,0.0
2015,8,24,1,AA,2462,N865AA,DFW,LAX,905,907.0,2.0,19.0,926.0,206.0,194.0,162.0,1235,1008.0,13.0,1031,1021.0,-10.0,0,0,,0.0,0.0,0.0,0.0,0.0,2015-08-24,0,0.0,0.0,0.0,0.0,0.0
2015,8,26,3,OO,5160,N743SK,LIT,IAH,615,613.0,-2.0,15.0,628.0,91.0,78.0,55.0,374,723.0,8.0,746,731.0,-15.0,0,0,,0.0,0.0,0.0,0.0,0.0,2015-08-26,0,0.0,0.0,0.0,0.0,0.0
2015,8,17,1,OO,4502,N817SK,IAH,DTW,1702,1710.0,8.0,32.0,1742.0,175.0,195.0,155.0,1075,2117.0,8.0,2057,2125.0,28.0,0,0,,20.0,0.0,0.0,8.0,0.0,2015-08-17,0,250.0,0.0,0.0,100.0,0.0
2015,8,20,4,AS,540,N528AS,PDX,SNA,640,633.0,-7.0,16.0,649.0,145.0,143.0,122.0,859,851.0,5.0,905,856.0,-9.0,0,0,,0.0,0.0,0.0,0.0,0.0,2015-08-20,0,0.0,0.0,0.0,0.0,0.0
2015,7,24,5,DL,2111,N980DL,MSP,MCI,1305,1304.0,-1.0,9.0,1313.0,79.0,70.0,57.0,393,1410.0,4.0,1424,1414.0,-10.0,0,0,,0.0,0.0,0.0,0.0,0.0,2015-07-24,0,0.0,0.0,0.0,0.0,0.0
2015,8,11,2,AA,2326,N029AA,IAH,MIA,1930,1933.0,3.0,22.0,1955.0,155.0,159.0,130.0,964,2305.0,7.0,2305,2312.0,7.0,0,0,,0.0,0.0,0.0,0.0,0.0,2015-08-11,0,0.0,0.0,0.0,0.0,0.0
2015,8,9,7,AA,1035,N3CSAA,DCA,DFW,550,550.0,0.0,23.0,613.0,197.0,192.0,156.0,1192,749.0,13.0,807,802.0,-5.0,0,0,,0.0,0.0,0.0,0.0,0.0,2015-08-09,0,0.0,0.0,0.0,0.0,0.0
2015,7,27,1,B6,2091,N247JB,JFK,ACK,1440,1438.0,-2.0,22.0,1500.0,80.0,85.0,39.0,199,1539.0,24.0,1600,1603.0,3.0,0,0,,0.0,0.0,0.0,0.0,0.0,2015-07-27,0,0.0,0.0,0.0,0.0,0.0
2015,8,11,2,AA,562,N660AW,PHX,BOS,1515,1518.0,3.0,20.0,1538.0,299.0,290.0,266.0,2300,2304.0,4.0,2314,2308.0,-6.0,0,0,,0.0,0.0,0.0,0.0,0.0,2015-08-11,0,0.0,0.0,0.0,0.0,0.0
2015,7,26,7,DL,958,N960DN,CLT,MSP,830,823.0,-7.0,21.0,844.0,163.0,161.0,136.0,930,1000.0,4.0,1013,1004.0,-9.0,0,0,,0.0,0.0,0.0,0.0,0.0,2015-07-26,0,0.0,0.0,0.0,0.0,0.0
2015,7,30,4,AA,1317,N3BPAA,ORD,MIA,705,713.0,8.0,14.0,727.0,194.0,202.0,151.0,1197,1058.0,37.0,1119,1135.0,16.0,0,0,,8.0,0.0,8.0,0.0,0.0,2015-07-30,0,100.0,0.0,100.0,0.0,0.0
2015,8,23,7,AA,1496,N3JBAA,LAS,ORD,35,25.0,-10.0,15.0,40.0,205.0,203.0,179.0,1514,539.0,9.0,600,548.0,-12.0,0,0,,0.0,0.0,0.0,0.0,0.0,2015-08-23,0,0.0,0.0,0.0,0.0,0.0
2015,8,5,3,AA,1121,N3FHAA,LGA,DFW,757,748.0,-9.0,12.0,800.0,227.0,207.0,187.0,1389,1007.0,8.0,1044,1015.0,-29.0,0,0,,0.0,0.0,0.0,0.0,0.0,2015-08-05,0,0.0,0.0,0.0,0.0,0.0
2015,8,18,2,WN,589,N649SW,ATL,AUS,2040,2254.0,134.0,12.0,2306.0,145.0,129.0,110.0,813,2356.0,7.0,2205,3.0,118.0,0,0,,0.0,0.0,67.0,51.0,0.0,2015-08-18,1,0.0,0.0,50.0,38.06,0.0
2015,8,12,3,VX,878,N521VA,LAX,DAL,1225,1227.0,2.0,16.0,1243.0,185.0,199.0,164.0,1246,1727.0,19.0,1730,1746.0,16.0,0,0,,0.0,0.0,0.0,2.0,14.0,2015-08-12,0,0.0,0.0,0.0,100.0,700.0
2015,8,1,6,UA,694,N522UA,ORD,ANC,911,910.0,-1.0,27.0,937.0,391.0,428.0,398.0,2846,1315.0,3.0,1242,1318.0,36.0,0,0,,36.0,0.0,0.0,0.0,0.0,2015-08-01,0,-3600.0,-0.0,-0.0,-0.0,-0.0
2015,8,18,2,DL,1328,N970AT,VPS,ATL,1559,1557.0,-2.0,24.0,1621.0,82.0,77.0,45.0,250,1806.0,8.0,1821,1814.0,-7.0,0,0,,0.0,0.0,0.0,0.0,0.0,2015-08-18,0,0.0,0.0,0.0,0.0,0.0
2015,8,14,5,WN,532,N8649A,DEN,TPA,1145,1144.0,-1.0,12.0,1156.0,205.0,194.0,177.0,1506,1653.0,5.0,1710,1658.0,-12.0,0,0,,0.0,0.0,0.0,0.0,0.0,2015-08-14,0,0.0,0.0,0.0,0.0,0.0
2015,8,17,1,UA,330,N801UA,AUS,EWR,1618,1616.0,-2.0,16.0,1632.0,237.0,228.0,204.0,1504,2056.0,8.0,2115,2104.0,-11.0,0,0,,0.0,0.0,0.0,0.0,0.0,2015-08-17,0,0.0,0.0,0.0,0.0,0.0
2015,8,17,1,OO,4991,N122SY,STL,ORD,555,606.0,11.0,12.0,618.0,75.0,72.0,46.0,258,704.0,14.0,710,718.0,8.0,0,0,,0.0,0.0,0.0,0.0,0.0,2015-08-17,0,0.0,0.0,0.0,0.0,0.0
2015,8,1,6,AA,976,N571AA,IAH,DFW,1450,1446.0,-4.0,14.0,1500.0,75.0,71.0,44.0,224,1544.0,13.0,1605,1557.0,-8.0,0,0,,0.0,0.0,0.0,0.0,0.0,2015-08-01,0,0.0,0.0,0.0,0.0,0.0
2015,8,19,3,WN,583,N949WN,DEN,LAX,1355,1402.0,7.0,13.0,1415.0,145.0,136.0,114.0,862,1509.0,9.0,1520,1518.0,-2.0,0,0,,0.0,0.0,0.0,0.0,0.0,2015-08-19,0,0.0,0.0,0.0,0.0,0.0
2015,7,23,4,OO,5320,N903SW,SGU,DEN,1322,1336.0,14.0,10.0,1346.0,104.0,94.0,74.0,517,1500.0,10.0,1506,1510.0,4.0,0,0,,0.0,0.0,0.0,0.0,0.0,2015-07-23,0,0.0,0.0,0.0,0.0,0.0
2015,8,17,1,DL,1644,N126DL,DTW,LAX,2007,2012.0,5.0,20.0,2032.0,303.0,292.0,265.0,1979,2157.0,7.0,2210,2204.0,-6.0,0,0,,0.0,0.0,0.0,0.0,0.0,2015-08-17,0,0.0,0.0,0.0,0.0,0.0
2015,8,26,3,UA,646,N826UA,MCI,ORD,1124,1116.0,-8.0,12.0,1128.0,96.0,94.0,73.0,403,1241.0,9.0,1300,1250.0,-10.0,0,0,,0.0,0.0,0.0,0.0,0.0,2015-08-26,0,0.0,0.0,0.0,0.0,0.0
2015,8,24,1,EV,5171,N860AS,ATL,TRI,832,829.0,-3.0,22.0,851.0,66.0,76.0,50.0,227,941.0,4.0,938,945.0,7.0,0,0,,0.0,0.0,0.0,0.0,0.0,2015-08-24,0,0.0,0.0,0.0,0.0,0.0
2015,8,5,3,WN,3496,N438WN,OAK,LAX,1130,1140.0,10.0,6.0,1146.0,80.0,69.0,57.0,337,1243.0,6.0,1250,1249.0,-1.0,0,0,,0.0,0.0,0.0,0.0,0.0,2015-08-05,0,0.0,0.0,0.0,0.0,0.0
2015,8,24,1,AA,1205,N3LEAA,ORD,BOS,1700,1657.0,-3.0,15.0,1712.0,154.0,132.0,106.0,867,1958.0,11.0,2034,2009.0,-25.0,0,0,,0.0,0.0,0.0,0.0,0.0,2015-08-24,0,0.0,0.0,0.0,0.0,0.0
2015,8,19,3,WN,439,N7725A,MSY,DAL,1525,1836.0,191.0,9.0,1845.0,85.0,78.0,65.0,436,1950.0,4.0,1650,1954.0,184.0,0,0,,0.0,0.0,0.0,184.0,0.0,2015-08-19,1,0.0,0.0,0.0,96.34,0.0
2015,8,24,1,DL,1825,N321US,ATL,BWI,630,648.0,18.0,13.0,701.0,107.0,94.0,75.0,577,816.0,6.0,817,822.0,5.0,0,0,,0.0,0.0,0.0,0.0,0.0,2015-08-24,1,0.0,0.0,0.0,0.0,0.0
2015,7,26,7,OO,5221,N746SK,BIL,ORD,620,640.0,20.0,14.0,654.0,155.0,148.0,125.0,1060,959.0,9.0,955,1008.0,13.0,0,0,,0.0,0.0,0.0,0.0,0.0,2015-07-26,1,0.0,0.0,0.0,0.0,0.0
2015,8,21,5,EV,5782,N14902,LIT,IAH,615,610.0,-5.0,13.0,623.0,92.0,85.0,65.0,374,728.0,7.0,747,735.0,-12.0,0,0,,0.0,0.0,0.0,0.0,0.0,2015-08-21,0,0.0,0.0,0.0,0.0,0.0
2015,8,7,5,DL,2053,N974DL,ATL,FNT,1449,1454.0,5.0,14.0,1508.0,123.0,104.0,86.0,645,1634.0,4.0,1652,1638.0,-14.0,0,0,,0.0,0.0,0.0,0.0,0.0,2015-08-07,0,0.0,0.0,0.0,0.0,0.0
2015,8,28,5,WN,1322,N565WN,EWR,PHX,1250,1248.0,-2.0,14.0,1302.0,320.0,289.0,269.0,2133,1431.0,6.0,1510,1437.0,-33.0,0,0,,0.0,0.0,0.0,0.0,0.0,2015-08-28,0,0.0,0.0,0.0,0.0,0.0
2015,8,2,7,OO,6290,N121SY,SFO,LAX,2230,2227.0,-3.0,39.0,2306.0,95.0,111.0,59.0,337,5.0,13.0,5,18.0,13.0,0,0,,0.0,0.0,0.0,0.0,0.0,2015-08-02,0,0.0,0.0,0.0,0.0,0.0
2015,8,4,2,DL,2538,N972DL,ATL,DCA,820,816.0,-4.0,19.0,835.0,102.0,101.0,78.0,547,953.0,4.0,1002,957.0,-5.0,0,0,,0.0,0.0,0.0,0.0,0.0,2015-08-04,0,0.0,0.0,0.0,0.0,0.0
2015,8,16,7,OO,5611,N120SY,LAX,SAN,2300,2259.0,-1.0,31.0,2330.0,55.0,65.0,31.0,109,1.0,3.0,2355,4.0,9.0,0,0,,0.0,0.0,0.0,0.0,0.0,2015-08-16,0,0.0,0.0,0.0,0.0,0.0
2015,8,6,4,B6,1184,N784JB,MCO,JFK,600,558.0,-2.0,13.0,611.0,155.0,139.0,121.0,944,812.0,5.0,835,817.0,-18.0,0,0,,0.0,0.0,0.0,0.0,0.0,2015-08-06,0,0.0,0.0,0.0,0.0,0.0
2015,8,5,3,AA,1777,N746UW,IAD,LAX,1705,1703.0,-2.0,15.0,1718.0,345.0,317.0,289.0,2288,1907.0,13.0,1950,1920.0,-30.0,0,0,,0.0,0.0,0.0,0.0,0.0,2015-08-05,0,0.0,0.0,0.0,0.0,0.0
2015,8,3,1,MQ,3173,N686MQ,ORD,CVG,737,734.0,-3.0,17.0,751.0,77.0,66.0,43.0,265,934.0,6.0,954,940.0,-14.0,0,0,,0.0,0.0,0.0,0.0,0.0,2015-08-03,0,0.0,0.0,0.0,0.0,0.0
2015,8,6,4,WN,845,N207WN,BWI,MDW,1515,1523.0,8.0,10.0,1533.0,115.0,104.0,91.0,611,1604.0,3.0,1610,1607.0,-3.0,0,0,,0.0,0.0,0.0,0.0,0.0,2015-08-06,0,0.0,0.0,0.0,0.0,0.0
2015,8,19,3,DL,1519,N321US,ONT,SLC,605,601.0,-4.0,12.0,613.0,109.0,112.0,95.0,558,848.0,5.0,854,853.0,-1.0,0,0,,0.0,0.0,0.0,0.0,0.0,2015-08-19,0,0.0,0.0,0.0,0.0,0.0
2015,8,28,5,AA,28,N3FWAA,LAX,MIA,1215,1233.0,18.0,12.0,1245.0,320.0,309.0,282.0,2342,2027.0,15.0,2035,2042.0,7.0,0,0,,0.0,0.0,0.0,0.0,0.0,2015-08-28,1,0.0,0.0,0.0,0.0,0.0
2015,8,18,2,AS,614,N569AS,SEA,LAS,1145,1143.0,-2.0,12.0,1155.0,145.0,133.0,115.0,867,1350.0,6.0,1410,1356.0,-14.0,0,0,,0.0,0.0,0.0,0.0,0.0,2015-08-18,0,0.0,0.0,0.0,0.0,0.0
2015,8,23,7,AA,654,N161UW,PHX,SAN,1700,1702.0,2.0,15.0,1717.0,67.0,66.0,48.0,304,1805.0,3.0,1807,1808.0,1.0,0,0,,0.0,0.0,0.0,0.0,0.0,2015-08-23,0,0.0,0.0,0.0,0.0,0.0
2015,8,25,2,B6,282,N228JB,HOU,JFK,1046,1044.0,-2.0,8.0,1052.0,223.0,188.0,177.0,1428,1449.0,3.0,1529,1452.0,-37.0,0,0,,0.0,0.0,0.0,0.0,0.0,2015-08-25,0,0.0,0.0,0.0,0.0,0.0
2015,8,18,2,AA,2152,N947UW,LGA,BOS,700,653.0,-7.0,14.0,707.0,68.0,58.0,41.0,184,748.0,3.0,808,751.0,-17.0,0,0,,0.0,0.0,0.0,0.0,0.0,2015-08-18,0,0.0,0.0,0.0,0.0,0.0
2015,8,5,3,WN,4480,N219WN,DEN,GEG,2215,2225.0,10.0,11.0,2236.0,135.0,128.0,114.0,836,2330.0,3.0,2330,2333.0,3.0,0,0,,0.0,0.0,0.0,0.0,0.0,2015-08-05,0,0.0,0.0,0.0,0.0,0.0
2015,8,22,6,AA,1949,N824AW,PIT,PHX,1735,1754.0,19.0,13.0,1807.0,264.0,262.0,242.0,1814,1909.0,7.0,1859,1916.0,17.0,0,0,,0.0,0.0,17.0,0.0,0.0,2015-08-22,1,0.0,0.0,89.47,0.0,0.0
2015,8,20,4,UA,1736,N62883,SFO,DEN,525,524.0,-1.0,16.0,540.0,154.0,143.0,122.0,967,842.0,5.0,859,847.0,-12.0,0,0,,0.0,0.0,0.0,0.0,0.0,2015-08-20,0,0.0,0.0,0.0,0.0,0.0
2015,8,16,7,OO,3009,N896SK,PHX,TUS,1515,1519.0,4.0,23.0,1542.0,49.0,51.0,25.0,110,1607.0,3.0,1604,1610.0,6.0,0,0,,0.0,0.0,0.0,0.0,0.0,2015-08-16,0,0.0,0.0,0.0,0.0,0.0
2015,8,23,7,WN,803,N726SW,PVD,FLL,815,811.0,-4.0,10.0,821.0,190.0,173.0,159.0,1188,1100.0,4.0,1125,1104.0,-21.0,0,0,,0.0,0.0,0.0,0.0,0.0,2015-08-23,0,0.0,0.0,0.0,0.0,0.0
2015,8,30,7,OO,4830,N454SW,MSP,ISN,1007,1002.0,-5.0,25.0,1027.0,118.0,117.0,85.0,546,1152.0,7.0,1205,1159.0,-6.0,0,0,,0.0,0.0,0.0,0.0,0.0,2015-08-30,0,0.0,0.0,0.0,0.0,0.0
2015,7,24,5,WN,2579,N947WN,MSY,TPA,1400,1358.0,-2.0,6.0,1404.0,90.0,78.0,68.0,488,1612.0,4.0,1630,1616.0,-14.0,0,0,,0.0,0.0,0.0,0.0,0.0,2015-07-24,0,0.0,0.0,0.0,0.0,0.0
2015,8,13,4,AA,1976,N188US,CLT,EWR,2005,2032.0,27.0,20.0,2052.0,106.0,104.0,77.0,529,2209.0,7.0,2151,2216.0,25.0,0,0,,0.0,0.0,25.0,0.0,0.0,2015-08-13,1,0.0,0.0,92.59,0.0,0.0
2015,7,23,4,WN,2503,N8309C,BWI,BUF,2205,2239.0,34.0,21.0,2300.0,65.0,74.0,47.0,281,2347.0,6.0,2310,2353.0,43.0,0,0,,9.0,0.0,34.0,0.0,0.0,2015-07-23,1,26.47,0.0,100.0,0.0,0.0
2015,7,26,7,AA,1822,N748UW,RSW,PHL,600,604.0,4.0,48.0,652.0,158.0,190.0,138.0,993,910.0,4.0,838,914.0,36.0,0,0,,32.0,0.0,4.0,0.0,0.0,2015-07-26,0,800.0,0.0,100.0,0.0,0.0
2015,8,8,6,B6,271,N608JB,LGA,FLL,930,928.0,-2.0,20.0,948.0,182.0,173.0,148.0,1076,1216.0,5.0,1232,1221.0,-11.0,0,0,,0.0,0.0,0.0,0.0,0.0,2015-08-08,0,0.0,0.0,0.0,0.0,0.0
2015,8,22,6,AA,1151,N3LHAA,TPA,ORD,1406,1420.0,14.0,12.0,1432.0,173.0,155.0,133.0,1012,1545.0,10.0,1559,1555.0,-4.0,0,0,,0.0,0.0,0.0,0.0,0.0,2015-08-22,0,0.0,0.0,0.0,0.0,0.0
2015,8,28,5,MQ,3082,N660MQ,ORD,MEM,2012,2010.0,-2.0,19.0,2029.0,111.0,100.0,78.0,491,2147.0,3.0,2203,2150.0,-13.0,0,0,,0.0,0.0,0.0,0.0,0.0,2015-08-28,0,0.0,0.0,0.0,0.0,0.0
2015,8,8,6,DL,1134,N936DN,ATL,PBI,840,839.0,-1.0,29.0,908.0,104.0,111.0,76.0,545,1024.0,6.0,1024,1030.0,6.0,0,0,,0.0,0.0,0.0,0.0,0.0,2015-08-08,0,0.0,0.0,0.0,0.0,0.0
2015,7,29,3,OO,5364,N916SW,ORD,MKG,1655,1704.0,9.0,18.0,1722.0,55.0,47.0,25.0,118,1847.0,4.0,1850,1851.0,1.0,0,0,,0.0,0.0,0.0,0.0,0.0,2015-07-29,0,0.0,0.0,0.0,0.0,0.0
2015,8,16,7,WN,1815,N7744A,MDW,BNA,2200,2159.0,-1.0,17.0,2216.0,80.0,81.0,58.0,395,2314.0,6.0,2320,2320.0,0.0,0,0,,0.0,0.0,0.0,0.0,0.0,2015-08-16,0,0.0,0.0,0.0,0.0,0.0
2015,7,28,2,F9,1120,N912FR,LAS,CVG,2245,2328.0,43.0,11.0,2339.0,225.0,221.0,201.0,1678,600.0,9.0,530,609.0,39.0,0,0,,5.0,0.0,3.0,31.0,0.0,2015-07-28,1,11.63,0.0,6.98,72.09,0.0
2015,8,10,1,B6,1730,N827JB,RSW,JFK,1939,1931.0,-8.0,9.0,1940.0,179.0,157.0,143.0,1074,2203.0,5.0,2238,2208.0,-30.0,0,0,,0.0,0.0,0.0,0.0,0.0,2015-08-10,0,0.0,0.0,0.0,0.0,0.0
2015,8,27,4,AA,1801,N121UW,CLT,PIT,945,941.0,-4.0,39.0,1020.0,87.0,104.0,61.0,366,1121.0,4.0,1112,1125.0,13.0,0,0,,0.0,0.0,0.0,0.0,0.0,2015-08-27,0,0.0,0.0,0.0,0.0,0.0
2015,8,28,5,AA,1864,N715UW,PHL,CLT,1355,1355.0,0.0,27.0,1422.0,105.0,105.0,72.0,449,1534.0,6.0,1540,1540.0,0.0,0,0,,0.0,0.0,0.0,0.0,0.0,2015-08-28,0,0.0,0.0,0.0,0.0,0.0
2015,8,21,5,HA,392,N485HA,HNL,ITO,1902,2012.0,70.0,10.0,2022.0,50.0,58.0,41.0,216,2103.0,7.0,1952,2110.0,78.0,0,0,,0.0,0.0,11.0,67.0,0.0,2015-08-21,1,0.0,0.0,15.71,95.71,0.0
2015,8,27,4,OO,7423,N675BR,BRD,MSP,654,644.0,-10.0,8.0,652.0,64.0,34.0,22.0,114,714.0,4.0,758,718.0,-40.0,0,0,,0.0,0.0,0.0,0.0,0.0,2015-08-27,0,0.0,0.0,0.0,0.0,0.0
2015,8,4,2,HA,396,N493HA,HNL,OGG,1159,1154.0,-5.0,13.0,1207.0,39.0,41.0,22.0,100,1229.0,6.0,1238,1235.0,-3.0,0,0,,0.0,0.0,0.0,0.0,0.0,2015-08-04,0,0.0,0.0,0.0,0.0,0.0
2015,8,12,3,DL,1742,N910AT,ATL,FAY,2101,2059.0,-2.0,29.0,2128.0,81.0,83.0,49.0,331,2217.0,5.0,2222,2222.0,0.0,0,0,,0.0,0.0,0.0,0.0,0.0,2015-08-12,0,0.0,0.0,0.0,0.0,0.0
2015,8,8,6,WN,1861,N232WN,MHT,MDW,1130,1303.0,93.0,11.0,1314.0,145.0,135.0,119.0,838,1413.0,5.0,1255,1418.0,83.0,0,0,,0.0,0.0,36.0,47.0,0.0,2015-08-08,1,0.0,0.0,38.71,50.54,0.0
2015,8,5,3,UA,498,N421UA,SFO,SAN,2230,2227.0,-3.0,19.0,2246.0,95.0,94.0,71.0,447,2357.0,4.0,5,1.0,-4.0,0,0,,0.0,0.0,0.0,0.0,0.0,2015-08-05,0,0.0,0.0,0.0,0.0,0.0
2015,8,18,2,WN,239,N448WN,ATL,MKE,945,936.0,-9.0,17.0,953.0,125.0,115.0,93.0,669,1026.0,5.0,1050,1031.0,-19.0,0,0,,0.0,0.0,0.0,0.0,0.0,2015-08-18,0,0.0,0.0,0.0,0.0,0.0
2015,7,25,6,WN,2003,N905WN,MDW,ATL,730,727.0,-3.0,14.0,741.0,110.0,107.0,81.0,591,1002.0,12.0,1020,1014.0,-6.0,0,0,,0.0,0.0,0.0,0.0,0.0,2015-07-25,0,0.0,0.0,0.0,0.0,0.0
2015,8,18,2,WN,2617,N718SW,OAK,LAX,1840,1900.0,20.0,11.0,1911.0,80.0,84.0,59.0,337,2010.0,14.0,2000,2024.0,24.0,0,0,,4.0,0.0,0.0,20.0,0.0,2015-08-18,1,20.0,0.0,0.0,100.0,0.0
2015,7,26,7,AA,1572,N3CNAA,MIA,LAS,1850,1849.0,-1.0,18.0,1907.0,310.0,287.0,261.0,2174,2028.0,8.0,2100,2036.0,-24.0,0,0,,0.0,0.0,0.0,0.0,0.0,2015-07-26,0,0.0,0.0,0.0,0.0,0.0
2015,8,14,5,AS,408,N626AS,PDX,SJC,1115,1107.0,-8.0,12.0,1119.0,105.0,110.0,93.0,569,1252.0,5.0,1300,1257.0,-3.0,0,0,,0.0,0.0,0.0,0.0,0.0,2015-08-14,0,0.0,0.0,0.0,0.0,0.0
2015,8,1,6,NK,710,N588NK,FLL,LGA,2006,2037.0,31.0,16.0,2053.0,173.0,166.0,144.0,1076,2317.0,6.0,2259,2323.0,24.0,0,0,,24.0,0.0,0.0,0.0,0.0,2015-08-01,1,77.42,0.0,0.0,0.0,0.0
2015,8,5,3,WN,4206,N720WN,MSP,MDW,735,728.0,-7.0,11.0,739.0,90.0,106.0,64.0,349,843.0,31.0,905,914.0,9.0,0,0,,0.0,0.0,0.0,0.0,0.0,2015-08-05,0,0.0,0.0,0.0,0.0,0.0
2015,8,18,2,F9,705,N935FR,MSY,DEN,2040,2116.0,36.0,13.0,2129.0,170.0,165.0,146.0,1062,2255.0,6.0,2230,2301.0,31.0,0,0,,0.0,0.0,0.0,31.0,0.0,2015-08-18,1,0.0,0.0,0.0,86.11,0.0
2015,8,2,7,WN,819,N7740A,DEN,MSP,2050,2102.0,12.0,13.0,2115.0,115.0,108.0,90.0,680,2345.0,5.0,2345,2350.0,5.0,0,0,,0.0,0.0,0.0,0.0,0.0,2015-08-02,0,0.0,0.0,0.0,0.0,0.0
2015,8,11,2,AA,2354,N3DFAA,ORD,LAS,703,659.0,-4.0,9.0,708.0,238.0,213.0,198.0,1514,826.0,6.0,901,832.0,-29.0,0,0,,0.0,0.0,0.0,0.0,0.0,2015-08-11,0,0.0,0.0,0.0,0.0,0.0
2015,8,20,4,NK,940,N623NK,DFW,ORD,610,614.0,4.0,11.0,625.0,140.0,145.0,106.0,802,811.0,28.0,830,839.0,9.0,0,0,,0.0,0.0,0.0,0.0,0.0,2015-08-20,0,0.0,0.0,0.0,0.0,0.0
2015,7,31,5,DL,198,N395DN,SEA,LAX,1420,1425.0,5.0,15.0,1440.0,170.0,160.0,135.0,954,1655.0,10.0,1710,1705.0,-5.0,0,0,,0.0,0.0,0.0,0.0,0.0,2015-07-31,0,0.0,0.0,0.0,0.0,0.0
2015,8,13,4,MQ,3475,N652MQ,DFW,HOU,1850,1908.0,18.0,12.0,1920.0,78.0,68.0,47.0,247,2007.0,9.0,2008,2016.0,8.0,0,0,,0.0,0.0,0.0,0.0,0.0,2015-08-13,1,0.0,0.0,0.0,0.0,0.0
2015,8,6,4,EV,5998,N11192,ORD,LIT,1601,1556.0,-5.0,34.0,1630.0,118.0,123.0,83.0,552,1753.0,6.0,1759,1759.0,0.0,0,0,,0.0,0.0,0.0,0.0,0.0,2015-08-06,0,0.0,0.0,0.0,0.0,0.0
2015,8,13,4,WN,2254,N912WN,MDW,EWR,930,927.0,-3.0,6.0,933.0,125.0,120.0,104.0,711,1217.0,10.0,1235,1227.0,-8.0,0,0,,0.0,0.0,0.0,0.0,0.0,2015-08-13,0,0.0,0.0,0.0,0.0,0.0
2015,8,7,5,WN,42,N498WN,HOU,DAL,1630,1704.0,34.0,9.0,1713.0,60.0,57.0,42.0,239,1755.0,6.0,1730,1801.0,31.0,0,0,,0.0,0.0,0.0,31.0,0.0,2015-08-07,1,0.0,0.0,0.0,91.18,0.0
2015,7,23,4,WN,2494,N927WN,OAK,MDW,1440,1459.0,19.0,7.0,1506.0,250.0,223.0,211.0,1844,2037.0,5.0,2050,2042.0,-8.0,0,0,,0.0,0.0,0.0,0.0,0.0,2015-07-23,1,0.0,0.0,0.0,0.0,0.0
2015,8,10,1,EV,4593,N12563,HRL,IAH,1050,1053.0,3.0,11.0,1104.0,77.0,75.0,55.0,295,1159.0,9.0,1207,1208.0,1.0,0,0,,0.0,0.0,0.0,0.0,0.0,2015-08-10,0,0.0,0.0,0.0,0.0,0.0
2015,7,26,7,WN,1695,N229WN,LGA,DAL,1030,1025.0,-5.0,20.0,1045.0,235.0,204.0,175.0,1381,1240.0,9.0,1325,1249.0,-36.0,0,0,,0.0,0.0,0.0,0.0,0.0,2015-07-26,0,0.0,0.0,0.0,0.0,0.0
2015,8,29,6,DL,2228,N676DL,ABQ,ATL,830,826.0,-4.0,13.0,839.0,184.0,177.0,154.0,1269,1313.0,10.0,1334,1323.0,-11.0,0,0,,0.0,0.0,0.0,0.0,0.0,2015-08-29,0,0.0,0.0,0.0,0.0,0.0
2015,8,15,6,DL,2153,N364NB,DTW,IAH,856,854.0,-2.0,27.0,921.0,181.0,173.0,137.0,1075,1038.0,9.0,1057,1047.0,-10.0,0,0,,0.0,0.0,0.0,0.0,0.0,2015-08-15,0,0.0,0.0,0.0,0.0,0.0
2015,7,23,4,AA,1823,N941UW,PHL,PHX,1555,1551.0,-4.0,14.0,1605.0,308.0,284.0,266.0,2075,1731.0,4.0,1803,1735.0,-28.0,0,0,,0.0,0.0,0.0,0.0,0.0,2015-07-23,0,0.0,0.0,0.0,0.0,0.0
2015,8,1,6,DL,801,N945DL,RSW,ATL,1021,1018.0,-3.0,10.0,1028.0,99.0,97.0,80.0,515,1148.0,7.0,1200,1155.0,-5.0,0,0,,0.0,0.0,0.0,0.0,0.0,2015-08-01,0,0.0,0.0,0.0,0.0,0.0
2015,7,30,4,UA,1262,N73275,DEN,SEA,756,751.0,-5.0,12.0,803.0,170.0,173.0,148.0,1024,931.0,13.0,946,944.0,-2.0,0,0,,0.0,0.0,0.0,0.0,0.0,2015-07-30,0,0.0,0.0,0.0,0.0,0.0
2015,8,7,5,OO,6395,N758SK,BNA,ORD,1317,1459.0,102.0,24.0,1523.0,100.0,105.0,71.0,409,1634.0,10.0,1457,1644.0,107.0,0,0,,5.0,0.0,102.0,0.0,0.0,2015-08-07,1,4.9,0.0,100.0,0.0,0.0
2015,8,10,1,AA,141,N5FDAA,LAX,HNL,1330,1327.0,-3.0,13.0,1340.0,357.0,352.0,333.0,2556,1613.0,6.0,1627,1619.0,-8.0,0,0,,0.0,0.0,0.0,0.0,0.0,2015-08-10,0,0.0,0.0,0.0,0.0,0.0
2015,8,25,2,WN,1264,N8603F,OAK,DAL,645,645.0,0.0,8.0,653.0,210.0,192.0,178.0,1468,1151.0,6.0,1215,1157.0,-18.0,0,0,,0.0,0.0,0.0,0.0,0.0,2015-08-25,0,0.0,0.0,0.0,0.0,0.0
2015,8,10,1,EV,4626,N16987,IAH,LRD,1447,1447.0,0.0,11.0,1458.0,70.0,64.0,49.0,301,1547.0,4.0,1557,1551.0,-6.0,0,0,,0.0,0.0,0.0,0.0,0.0,2015-08-10,0,0.0,0.0,0.0,0.0,0.0
2015,7,30,4,AA,1762,N740UW,TPA,DCA,710,703.0,-7.0,12.0,715.0,136.0,141.0,125.0,814,920.0,4.0,926,924.0,-2.0,0,0,,0.0,0.0,0.0,0.0,0.0,2015-07-30,0,0.0,0.0,0.0,0.0,0.0
2015,8,27,4,AA,1867,N768US,STL,CLT,1610,1605.0,-5.0,13.0,1618.0,117.0,110.0,88.0,575,1846.0,9.0,1907,1855.0,-12.0,0,0,,0.0,0.0,0.0,0.0,0.0,2015-08-27,0,0.0,0.0,0.0,0.0,0.0
2015,8,29,6,UA,364,N845UA,LAX,LAS,1301,1301.0,0.0,17.0,1318.0,79.0,71.0,45.0,236,1403.0,9.0,1420,1412.0,-8.0,0,0,,0.0,0.0,0.0,0.0,0.0,2015-08-29,0,0.0,0.0,0.0,0.0,0.0
2015,8,27,4,EV,4564,N13975,CHS,EWR,1522,1555.0,33.0,8.0,1603.0,119.0,103.0,83.0,628,1726.0,12.0,1721,1738.0,17.0,0,0,,0.0,0.0,0.0,17.0,0.0,2015-08-27,1,0.0,0.0,0.0,51.52,0.0
2015,8,6,4,AA,1196,N3CSAA,EWR,DFW,1805,1804.0,-1.0,36.0,1840.0,235.0,225.0,178.0,1372,2038.0,11.0,2100,2049.0,-11.0,0,0,,0.0,0.0,0.0,0.0,0.0,2015-08-06,0,0.0,0.0,0.0,0.0,0.0
2015,8,4,2,AS,368,N786AS,SEA,SMF,1955,1954.0,-1.0,16.0,2010.0,108.0,106.0,84.0,605,2134.0,6.0,2143,2140.0,-3.0,0,0,,0.0,0.0,0.0,0.0,0.0,2015-08-04,0,0.0,0.0,0.0,0.0,0.0
2015,8,1,6,DL,2228,N921DN,DTW,ATL,1200,1155.0,-5.0,19.0,1214.0,122.0,107.0,81.0,594,1335.0,7.0,1402,1342.0,-20.0,0,0,,0.0,0.0,0.0,0.0,0.0,2015-08-01,0,0.0,0.0,0.0,0.0,0.0
2015,7,29,3,OO,2952,N821AS,BFL,PHX,1220,1430.0,130.0,12.0,1442.0,96.0,97.0,74.0,425,1556.0,11.0,1356,1607.0,131.0,0,0,,1.0,0.0,0.0,130.0,0.0,2015-07-29,1,0.77,0.0,0.0,100.0,0.0
2015,8,12,3,VX,752,N621VA,SFO,SEA,2045,2131.0,46.0,25.0,2156.0,115.0,117.0,83.0,679,2319.0,9.0,2240,2328.0,48.0,0,0,,2.0,0.0,46.0,0.0,0.0,2015-08-12,1,4.35,0.0,100.0,0.0,0.0
2015,7,27,1,EV,5608,N761ND,GSO,ATL,1248,1248.0,0.0,24.0,1312.0,75.0,83.0,52.0,306,1404.0,7.0,1403,1411.0,8.0,0,0,,0.0,0.0,0.0,0.0,0.0,2015-07-27,0,0.0,0.0,0.0,0.0,0.0
2015,8,27,4,DL,1383,N698DL,ATL,MSP,1500,1503.0,3.0,31.0,1534.0,162.0,170.0,134.0,907,1648.0,5.0,1642,1653.0,11.0,0,0,,0.0,0.0,0.0,0.0,0.0,2015-08-27,0,0.0,0.0,0.0,0.0,0.0
2015,8,4,2,B6,219,N348JB,JFK,CLT,736,744.0,8.0,29.0,813.0,119.0,114.0,78.0,541,931.0,7.0,935,938.0,3.0,0,0,,0.0,0.0,0.0,0.0,0.0,2015-08-04,0,0.0,0.0,0.0,0.0,0.0
2015,7,25,6,EV,4899,N921EV,ATL,FAY,1506,1500.0,-6.0,15.0,1515.0,79.0,73.0,53.0,331,1608.0,5.0,1625,1613.0,-12.0,0,0,,0.0,0.0,0.0,0.0,0.0,2015-07-25,0,0.0,0.0,0.0,0.0,0.0
2015,8,2,7,MQ,3053,N628MQ,DFW,AMA,1438,1434.0,-4.0,8.0,1442.0,71.0,67.0,54.0,312,1536.0,5.0,1549,1541.0,-8.0,0,0,,0.0,0.0,0.0,0.0,0.0,2015-08-02,0,0.0,0.0,0.0,0.0,0.0
2015,7,27,1,WN,3237,N272WN,DEN,ATL,1640,1641.0,1.0,8.0,1649.0,170.0,178.0,146.0,1199,2115.0,24.0,2130,2139.0,9.0,0,0,,0.0,0.0,0.0,0.0,0.0,2015-07-27,0,0.0,0.0,0.0,0.0,0.0
2015,8,19,3,MQ,3587,N658MQ,MSN,ORD,1000,1051.0,51.0,7.0,1058.0,56.0,51.0,32.0,108,1130.0,12.0,1056,1142.0,46.0,0,0,,0.0,0.0,6.0,40.0,0.0,2015-08-19,1,0.0,0.0,11.76,78.43,0.0
2015,8,10,1,DL,1400,N917DN,ATL,BOS,1235,1234.0,-1.0,21.0,1255.0,159.0,156.0,128.0,946,1503.0,7.0,1514,1510.0,-4.0,0,0,,0.0,0.0,0.0,0.0,0.0,2015-08-10,0,0.0,0.0,0.0,0.0,0.0
2015,8,18,2,WN,2558,N7734H,MSY,DEN,935,956.0,21.0,11.0,1007.0,170.0,160.0,142.0,1062,1129.0,7.0,1125,1136.0,11.0,0,0,,0.0,0.0,0.0,0.0,0.0,2015-08-18,1,0.0,0.0,0.0,0.0,0.0
2015,8,3,1,AA,1284,N3FNAA,MIA,ORD,1520,1538.0,18.0,10.0,1548.0,200.0,197.0,163.0,1197,1731.0,24.0,1740,1755.0,15.0,0,0,,0.0,0.0,0.0,15.0,0.0,2015-08-03,1,0.0,0.0,0.0,83.33,0.0
2015,8,13,4,WN,2859,N402WN,LAX,ATL,550,559.0,9.0,16.0,615.0,260.0,258.0,234.0,1947,1309.0,8.0,1310,1317.0,7.0,0,0,,0.0,0.0,0.0,0.0,0.0,2015-08-13,0,0.0,0.0,0.0,0.0,0.0
2015,8,13,4,DL,1596,N319US,MSP,LGA,1914,1911.0,-3.0,11.0,1922.0,164.0,156.0,130.0,1020,2232.0,15.0,2258,2247.0,-11.0,0,0,,0.0,0.0,0.0,0.0,0.0,2015-08-13,0,0.0,0.0,0.0,0.0,0.0
2015,8,19,3,B6,544,N536JB,PBI,EWR,1108,1106.0,-2.0,12.0,1118.0,171.0,164.0,147.0,1023,1345.0,5.0,1359,1350.0,-9.0,0,0,,0.0,0.0,0.0,0.0,0.0,2015-08-19,0,0.0,0.0,0.0,0.0,0.0
2015,7,26,7,EV,4391,N15986,IAH,CRP,1735,1734.0,-1.0,15.0,1749.0,61.0,61.0,41.0,201,1830.0,5.0,1836,1835.0,-1.0,0,0,,0.0,0.0,0.0,0.0,0.0,2015-07-26,0,0.0,0.0,0.0,0.0,0.0
2015,8,2,7,WN,224,N491WN,SEA,SMF,1800,1801.0,1.0,13.0,1814.0,105.0,105.0,89.0,605,1943.0,3.0,1945,1946.0,1.0,0,0,,0.0,0.0,0.0,0.0,0.0,2015-08-02,0,0.0,0.0,0.0,0.0,0.0
2015,8,4,2,UA,704,N598UA,SFO,JFK,2100,2058.0,-2.0,14.0,2112.0,332.0,307.0,282.0,2586,454.0,11.0,532,505.0,-27.0,0,0,,0.0,0.0,0.0,0.0,0.0,2015-08-04,0,0.0,0.0,0.0,0.0,0.0
2015,8,26,3,WN,253,N714CB,STL,MCI,1525,1521.0,-4.0,8.0,1529.0,60.0,52.0,39.0,237,1608.0,5.0,1625,1613.0,-12.0,0,0,,0.0,0.0,0.0,0.0,0.0,2015-08-26,0,0.0,0.0,0.0,0.0,0.0
2015,8,2,7,DL,2159,N934DL,IAH,DTW,720,1622.0,542.0,13.0,1635.0,175.0,161.0,139.0,1075,1954.0,9.0,1115,2003.0,528.0,0,0,,0.0,0.0,528.0,0.0,0.0,2015-08-02,1,0.0,0.0,97.42,0.0,0.0
2015,8,8,6,B6,838,N527JB,BQN,JFK,445,440.0,-5.0,11.0,451.0,232.0,222.0,202.0,1576,813.0,9.0,837,822.0,-15.0,0,0,,0.0,0.0,0.0,0.0,0.0,2015-08-08,0,0.0,0.0,0.0,0.0,0.0
2015,7,31,5,UA,995,N466UA,PDX,SFO,1911,1909.0,-2.0,10.0,1919.0,108.0,104.0,90.0,550,2049.0,4.0,2059,2053.0,-6.0,0,0,,0.0,0.0,0.0,0.0,0.0,2015-07-31,0,0.0,0.0,0.0,0.0,0.0
2015,8,9,7,UA,1162,N35260,BQN,EWR,149,157.0,8.0,11.0,208.0,235.0,216.0,196.0,1585,524.0,9.0,544,533.0,-11.0,0,0,,0.0,0.0,0.0,0.0,0.0,2015-08-09,0,0.0,0.0,0.0,0.0,0.0
2015,7,28,2,OO,7432,N8982A,TWF,SLC,1223,1216.0,-7.0,9.0,1225.0,52.0,55.0,39.0,175,1304.0,7.0,1315,1311.0,-4.0,0,0,,0.0,0.0,0.0,0.0,0.0,2015-07-28,0,0.0,0.0,0.0,0.0,0.0
2015,7,27,1,AA,2116,N839AW,DCA,BOS,1730,1843.0,73.0,34.0,1917.0,95.0,106.0,67.0,399,2024.0,5.0,1905,2029.0,84.0,0,0,,11.0,0.0,0.0,73.0,0.0,2015-07-27,1,15.07,0.0,0.0,100.0,0.0
2015,8,21,5,UA,1723,N13227,PDX,SFO,1331,1329.0,-2.0,13.0,1342.0,108.0,98.0,79.0,550,1501.0,6.0,1519,1507.0,-12.0,0,0,,0.0,0.0,0.0,0.0,0.0,2015-08-21,0,0.0,0.0,0.0,0.0,0.0
2015,7,29,3,WN,3574,N394SW,STL,RDU,2000,2135.0,95.0,8.0,2143.0,105.0,101.0,89.0,667,12.0,4.0,2245,16.0,91.0,0,0,,0.0,0.0,0.0,91.0,0.0,2015-07-29,1,0.0,0.0,0.0,95.79,0.0
2015,8,27,4,WN,419,N400WN,PHX,ONT,1350,1344.0,-6.0,7.0,1351.0,70.0,66.0,54.0,325,1445.0,5.0,1500,1450.0,-10.0,0,0,,0.0,0.0,0.0,0.0,0.0,2015-08-27,0,0.0,0.0,0.0,0.0,0.0
2015,7,28,2,HA,46,N594HA,OGG,SJC,1315,1313.0,-2.0,8.0,1321.0,290.0,275.0,264.0,2355,2045.0,3.0,2105,2048.0,-17.0,0,0,,0.0,0.0,0.0,0.0,0.0,2015-07-28,0,0.0,0.0,0.0,0.0,0.0
2015,8,17,1,AA,1137,N4UBAA,DFW,MFE,1520,1603.0,43.0,16.0,1619.0,97.0,88.0,68.0,469,1727.0,4.0,1657,1731.0,34.0,0,0,,0.0,0.0,34.0,0.0,0.0,2015-08-17,1,0.0,0.0,79.07,0.0,0.0
2015,8,2,7,WN,2791,N719SW,HOU,DEN,1615,1629.0,14.0,6.0,1635.0,150.0,136.0,125.0,883,1740.0,5.0,1745,1745.0,0.0,0,0,,0.0,0.0,0.0,0.0,0.0,2015-08-02,0,0.0,0.0,0.0,0.0,0.0
2015,8,30,7,AA,564,N768US,PHX,MCI,1235,1350.0,75.0,13.0,1403.0,156.0,158.0,139.0,1044,1822.0,6.0,1711,1828.0,77.0,0,0,,2.0,0.0,75.0,0.0,0.0,2015-08-30,1,2.67,0.0,100.0,0.0,0.0
2015,8,28,5,AA,1809,N721UW,CLT,BNA,1805,1803.0,-2.0,23.0,1826.0,83.0,82.0,55.0,328,1821.0,4.0,1828,1825.0,-3.0,0,0,,0.0,0.0,0.0,0.0,0.0,2015-08-28,0,0.0,0.0,0.0,0.0,0.0
2015,8,26,3,WN,1290,N558WN,STL,DAL,535,540.0,5.0,7.0,547.0,100.0,90.0,73.0,546,700.0,10.0,715,710.0,-5.0,0,0,,0.0,0.0,0.0,0.0,0.0,2015-08-26,0,0.0,0.0,0.0,0.0,0.0
2015,7,24,5,AA,8,N383AA,HNL,DFW,1740,1727.0,-13.0,27.0,1754.0,459.0,463.0,429.0,3784,603.0,7.0,619,610.0,-9.0,0,0,,0.0,0.0,0.0,0.0,0.0,2015-07-24,0,0.0,0.0,0.0,0.0,0.0
2015,8,16,7,MQ,3075,N625MQ,MSN,ORD,1230,1220.0,-10.0,12.0,1232.0,55.0,51.0,31.0,108,1303.0,8.0,1325,1311.0,-14.0,0,0,,0.0,0.0,0.0,0.0,0.0,2015-08-16,0,0.0,0.0,0.0,0.0,0.0
2015,8,18,2,UA,1745,N27239,DEN,SAN,1116,1118.0,2.0,11.0,1129.0,137.0,127.0,113.0,853,1222.0,3.0,1233,1225.0,-8.0,0,0,,0.0,0.0,0.0,0.0,0.0,2015-08-18,0,0.0,0.0,0.0,0.0,0.0
2015,8,5,3,WN,4819,N227WN,PHX,MKE,1835,2029.0,114.0,11.0,2040.0,200.0,189.0,173.0,1460,133.0,5.0,2355,138.0,103.0,0,0,,0.0,0.0,103.0,0.0,0.0,2015-08-05,1,0.0,0.0,90.35,0.0,0.0
2015,8,2,7,WN,2439,N930WN,SAT,ELP,1445,1456.0,11.0,7.0,1503.0,85.0,77.0,65.0,496,1508.0,5.0,1510,1513.0,3.0,0,0,,0.0,0.0,0.0,0.0,0.0,2015-08-02,0,0.0,0.0,0.0,0.0,0.0
2015,8,27,4,B6,716,N279JB,JAX,DCA,1305,1300.0,-5.0,14.0,1314.0,115.0,96.0,80.0,634,1434.0,2.0,1500,1436.0,-24.0,0,0,,0.0,0.0,0.0,0.0,0.0,2015-08-27,0,0.0,0.0,0.0,0.0,0.0
2015,8,5,3,AA,2307,N860AA,DFW,MIA,1025,1022.0,-3.0,16.0,1038.0,180.0,168.0,143.0,1121,1401.0,9.0,1425,1410.0,-15.0,0,0,,0.0,0.0,0.0,0.0,0.0,2015-08-05,0,0.0,0.0,0.0,0.0,0.0
2015,8,27,4,OO,5589,N980SW,ORD,RAP,1231,1226.0,-5.0,47.0,1313.0,143.0,172.0,120.0,779,1413.0,5.0,1354,1418.0,24.0,0,0,,24.0,0.0,0.0,0.0,0.0,2015-08-27,0,-480.0,-0.0,-0.0,-0.0,-0.0
2015,8,13,4,MQ,3366,N640MQ,LSE,ORD,625,838.0,133.0,12.0,850.0,78.0,72.0,42.0,215,932.0,18.0,743,950.0,127.0,0,0,,0.0,0.0,127.0,0.0,0.0,2015-08-13,1,0.0,0.0,95.49,0.0,0.0
2015,8,21,5,OO,5617,N963SW,DEN,TUL,958,958.0,0.0,32.0,1030.0,101.0,115.0,79.0,541,1249.0,4.0,1239,1253.0,14.0,0,0,,0.0,0.0,0.0,0.0,0.0,2015-08-21,0,0.0,0.0,0.0,0.0,0.0
2015,8,7,5,MQ,3480,N0EGMQ,DSM,ORD,1237,1230.0,-7.0,6.0,1236.0,82.0,59.0,48.0,299,1324.0,5.0,1359,1329.0,-30.0,0,0,,0.0,0.0,0.0,0.0,0.0,2015-08-07,0,0.0,0.0,0.0,0.0,0.0
2015,8,29,6,WN,870,N7735A,FNT,BWI,605,558.0,-7.0,6.0,604.0,90.0,87.0,75.0,452,719.0,6.0,735,725.0,-10.0,0,0,,0.0,0.0,0.0,0.0,0.0,2015-08-29,0,0.0,0.0,0.0,0.0,0.0
2015,8,5,3,DL,374,N335NW,ATL,DCA,2040,2127.0,47.0,20.0,2147.0,112.0,99.0,77.0,547,2304.0,2.0,2232,2306.0,34.0,0,0,,0.0,0.0,34.0,0.0,0.0,2015-08-05,1,0.0,0.0,72.34,0.0,0.0
2015,8,13,4,WN,1536,N920WN,BDL,FLL,1320,1317.0,-3.0,5.0,1322.0,190.0,179.0,171.0,1173,1613.0,3.0,1630,1616.0,-14.0,0,0,,0.0,0.0,0.0,0.0,0.0,2015-08-13,0,0.0,0.0,0.0,0.0,0.0
2015,8,29,6,AS,408,N607AS,PDX,SJC,1110,1103.0,-7.0,8.0,1111.0,103.0,101.0,89.0,569,1240.0,4.0,1253,1244.0,-9.0,0,0,,0.0,0.0,0.0,0.0,0.0,2015-08-29,0,0.0,0.0,0.0,0.0,0.0
2015,8,29,6,UA,376,N417UA,IAH,FLL,1024,1015.0,-9.0,9.0,1024.0,154.0,153.0,141.0,966,1345.0,3.0,1358,1348.0,-10.0,0,0,,0.0,0.0,0.0,0.0,0.0,2015-08-29,0,0.0,0.0,0.0,0.0,0.0
2015,7,26,7,UA,817,N477UA,ALB,ORD,1210,1204.0,-6.0,9.0,1213.0,139.0,114.0,98.0,723,1251.0,7.0,1329,1258.0,-31.0,0,0,,0.0,0.0,0.0,0.0,0.0,2015-07-26,0,0.0,0.0,0.0,0.0,0.0
2015,8,28,5,OO,4807,N915EV,HLN,SLC,1300,1252.0,-8.0,13.0,1305.0,86.0,82.0,63.0,402,1408.0,6.0,1426,1414.0,-12.0,0,0,,0.0,0.0,0.0,0.0,0.0,2015-08-28,0,0.0,0.0,0.0,0.0,0.0
2015,7,23,4,AS,671,N303AS,AUS,SEA,1855,1844.0,-11.0,10.0,1854.0,245.0,237.0,223.0,1770,2037.0,4.0,2100,2041.0,-19.0,0,0,,0.0,0.0,0.0,0.0,0.0,2015-07-23,0,0.0,0.0,0.0,0.0,0.0
2015,8,16,7,WN,1057,N935WN,MCI,MCO,820,820.0,0.0,9.0,829.0,160.0,154.0,137.0,1072,1146.0,8.0,1200,1154.0,-6.0,0,0,,0.0,0.0,0.0,0.0,0.0,2015-08-16,0,0.0,0.0,0.0,0.0,0.0
2015,8,20,4,OO,5428,N934SW,HYS,DEN,1016,1009.0,-7.0,8.0,1017.0,74.0,83.0,66.0,298,1023.0,9.0,1030,1032.0,2.0,0,0,,0.0,0.0,0.0,0.0,0.0,2015-08-20,0,0.0,0.0,0.0,0.0,0.0
2015,8,14,5,EV,4319,N14173,MKE,EWR,1954,2059.0,65.0,14.0,2113.0,134.0,137.0,113.0,725,6.0,10.0,2308,16.0,68.0,0,0,,3.0,0.0,0.0,0.0,65.0,2015-08-14,1,4.62,0.0,0.0,0.0,100.0
2015,8,5,3,F9,916,N902FR,DEN,ORD,600,558.0,-2.0,13.0,611.0,140.0,153.0,118.0,888,909.0,22.0,920,931.0,11.0,0,0,,0.0,0.0,0.0,0.0,0.0,2015-08-05,0,0.0,0.0,0.0,0.0,0.0
2015,8,19,3,WN,1326,N7735A,DCA,TPA,1200,1155.0,-5.0,11.0,1206.0,145.0,122.0,107.0,814,1353.0,4.0,1425,1357.0,-28.0,0,0,,0.0,0.0,0.0,0.0,0.0,2015-08-19,0,0.0,0.0,0.0,0.0,0.0
2015,8,22,6,WN,4663,N239WN,TUS,LAX,1215,1213.0,-2.0,7.0,1220.0,95.0,88.0,67.0,451,1327.0,14.0,1350,1341.0,-9.0,0,0,,0.0,0.0,0.0,0.0,0.0,2015-08-22,0,0.0,0.0,0.0,0.0,0.0
2015,8,12,3,UA,1724,N68842,KOA,SFO,2055,2108.0,13.0,12.0,2120.0,309.0,280.0,264.0,2367,444.0,4.0,504,448.0,-16.0,0,0,,0.0,0.0,0.0,0.0,0.0,2015-08-12,0,0.0,0.0,0.0,0.0,0.0
2015,8,26,3,DL,959,N950DN,MSP,MCI,1505,1502.0,-3.0,15.0,1517.0,78.0,74.0,54.0,393,1611.0,5.0,1623,1616.0,-7.0,0,0,,0.0,0.0,0.0,0.0,0.0,2015-08-26,0,0.0,0.0,0.0,0.0,0.0
2015,8,21,5,B6,1011,N193JB,BOS,ORD,1650,1707.0,17.0,22.0,1729.0,167.0,157.0,123.0,867,1832.0,12.0,1837,1844.0,7.0,0,0,,0.0,0.0,0.0,0.0,0.0,2015-08-21,1,0.0,0.0,0.0,0.0,0.0
2015,8,9,7,DL,725,N988AT,DTW,OKC,1520,1515.0,-5.0,16.0,1531.0,150.0,137.0,117.0,900,1628.0,4.0,1650,1632.0,-18.0,0,0,,0.0,0.0,0.0,0.0,0.0,2015-08-09,0,0.0,0.0,0.0,0.0,0.0
2015,8,3,1,OO,4502,N817SK,IAH,DTW,1702,1702.0,0.0,33.0,1735.0,175.0,178.0,137.0,1075,2052.0,8.0,2057,2100.0,3.0,0,0,,0.0,0.0,0.0,0.0,0.0,2015-08-03,0,0.0,0.0,0.0,0.0,0.0
2015,8,21,5,OO,4853,N821SK,LAX,SMF,1700,1720.0,20.0,26.0,1746.0,90.0,97.0,64.0,373,1850.0,7.0,1830,1857.0,27.0,0,0,,7.0,0.0,1.0,19.0,0.0,2015-08-21,1,35.0,0.0,5.0,95.0,0.0
2015,8,28,5,WN,3045,N8670A,LAS,BWI,1205,1204.0,-1.0,18.0,1222.0,280.0,269.0,246.0,2106,1928.0,5.0,1945,1933.0,-12.0,0,0,,0.0,0.0,0.0,0.0,0.0,2015-08-28,0,0.0,0.0,0.0,0.0,0.0
2015,7,26,7,OO,2936,N498CA,ORD,CHO,1455,1453.0,-2.0,32.0,1525.0,117.0,116.0,80.0,567,1745.0,4.0,1752,1749.0,-3.0,0,0,,0.0,0.0,0.0,0.0,0.0,2015-07-26,0,0.0,0.0,0.0,0.0,0.0
2015,8,4,2,WN,840,N227WN,DEN,MCI,530,525.0,-5.0,12.0,537.0,90.0,84.0,68.0,533,745.0,4.0,800,749.0,-11.0,0,0,,0.0,0.0,0.0,0.0,0.0,2015-08-04,0,0.0,0.0,0.0,0.0,0.0
2015,8,22,6,NK,293,N633NK,PDX,LAS,1925,1929.0,4.0,8.0,1937.0,125.0,118.0,106.0,763,2123.0,4.0,2130,2127.0,-3.0,0,0,,0.0,0.0,0.0,0.0,0.0,2015-08-22,0,0.0,0.0,0.0,0.0,0.0
2015,8,1,6,WN,4618,N420WN,MDW,SMF,655,654.0,-1.0,9.0,703.0,265.0,255.0,242.0,1790,905.0,4.0,920,909.0,-11.0,0,0,,0.0,0.0,0.0,0.0,0.0,2015-08-01,0,0.0,0.0,0.0,0.0,0.0
2015,7,28,2,WN,2505,N391SW,TPA,BWI,755,756.0,1.0,10.0,806.0,135.0,139.0,124.0,842,1010.0,5.0,1010,1015.0,5.0,0,0,,0.0,0.0,0.0,0.0,0.0,2015-07-28,0,0.0,0.0,0.0,0.0,0.0
2015,8,17,1,AA,1168,N3LUAA,ORD,MIA,1015,1017.0,2.0,14.0,1031.0,192.0,176.0,155.0,1197,1406.0,7.0,1427,1413.0,-14.0,0,0,,0.0,0.0,0.0,0.0,0.0,2015-08-17,0,0.0,0.0,0.0,0.0,0.0
2015,8,14,5,AA,192,N3MJAA,LAX,BOS,2130,2131.0,1.0,17.0,2148.0,337.0,340.0,313.0,2611,601.0,10.0,607,611.0,4.0,0,0,,0.0,0.0,0.0,0.0,0.0,2015-08-14,0,0.0,0.0,0.0,0.0,0.0
2015,7,29,3,OO,2889,N863AS,LAX,SLC,1215,1330.0,75.0,13.0,1343.0,116.0,101.0,84.0,590,1607.0,4.0,1511,1611.0,60.0,0,0,,0.0,0.0,60.0,0.0,0.0,2015-07-29,1,0.0,0.0,80.0,0.0,0.0
2015,8,28,5,DL,583,N318US,LGA,DTW,900,854.0,-6.0,23.0,917.0,130.0,107.0,75.0,502,1032.0,9.0,1110,1041.0,-29.0,0,0,,0.0,0.0,0.0,0.0,0.0,2015-08-28,0,0.0,0.0,0.0,0.0,0.0
2015,8,1,6,EV,3838,N14972,ORD,ROA,1353,1348.0,-5.0,24.0,1412.0,107.0,108.0,70.0,531,1622.0,14.0,1640,1636.0,-4.0,0,0,,0.0,0.0,0.0,0.0,0.0,2015-08-01,0,0.0,0.0,0.0,0.0,0.0
2015,7,24,5,AA,176,N3MHAA,DFW,DCA,1200,1156.0,-4.0,16.0,1212.0,189.0,181.0,160.0,1192,1552.0,5.0,1609,1557.0,-12.0,0,0,,0.0,0.0,0.0,0.0,0.0,2015-07-24,0,0.0,0.0,0.0,0.0,0.0
2015,8,27,4,WN,2136,N8622A,LAS,CMH,1000,1019.0,19.0,14.0,1033.0,240.0,226.0,207.0,1771,1700.0,5.0,1700,1705.0,5.0,0,0,,0.0,0.0,0.0,0.0,0.0,2015-08-27,1,0.0,0.0,0.0,0.0,0.0
2015,8,3,1,WN,4543,N8616C,HOU,FLL,1550,1602.0,12.0,8.0,1610.0,145.0,144.0,129.0,957,1919.0,7.0,1915,1926.0,11.0,0,0,,0.0,0.0,0.0,0.0,0.0,2015-08-03,0,0.0,0.0,0.0,0.0,0.0
2015,8,26,3,EV,4896,N197PQ,ATL,HOU,1050,1052.0,2.0,21.0,1113.0,129.0,118.0,94.0,696,1147.0,3.0,1159,1150.0,-9.0,0,0,,0.0,0.0,0.0,0.0,0.0,2015-08-26,0,0.0,0.0,0.0,0.0,0.0
2015,8,23,7,EV,5247,N878AS,ATL,BTR,2205,2321.0,76.0,12.0,2333.0,89.0,79.0,64.0,448,2337.0,3.0,2234,2340.0,66.0,0,0,,0.0,0.0,66.0,0.0,0.0,2015-08-23,1,0.0,0.0,86.84,0.0,0.0
2015,8,16,7,WN,1219,N217JC,MDW,LAX,1345,1411.0,26.0,9.0,1420.0,265.0,240.0,219.0,1750,1559.0,12.0,1610,1611.0,1.0,0,0,,0.0,0.0,0.0,0.0,0.0,2015-08-16,1,0.0,0.0,0.0,0.0,0.0
2015,7,23,4,DL,583,N309US,LGA,DTW,900,857.0,-3.0,42.0,939.0,135.0,127.0,80.0,502,1059.0,5.0,1115,1104.0,-11.0,0,0,,0.0,0.0,0.0,0.0,0.0,2015-07-23,0,0.0,0.0,0.0,0.0,0.0
2015,8,16,7,HA,392,N489HA,HNL,ITO,1902,1859.0,-3.0,9.0,1908.0,50.0,50.0,35.0,216,1943.0,6.0,1952,1949.0,-3.0,0,0,,0.0,0.0,0.0,0.0,0.0,2015-08-16,0,0.0,0.0,0.0,0.0,0.0
2015,8,3,1,MQ,3053,N608MQ,DFW,AMA,1438,1434.0,-4.0,11.0,1445.0,71.0,68.0,52.0,312,1537.0,5.0,1549,1542.0,-7.0,0,0,,0.0,0.0,0.0,0.0,0.0,2015-08-03,0,0.0,0.0,0.0,0.0,0.0
2015,7,24,5,WN,2161,N225WN,BWI,SEA,1400,1358.0,-2.0,10.0,1408.0,345.0,330.0,315.0,2335,1623.0,5.0,1645,1628.0,-17.0,0,0,,0.0,0.0,0.0,0.0,0.0,2015-07-24,0,0.0,0.0,0.0,0.0,0.0
2015,8,3,1,MQ,3251,N650MQ,BIS,ORD,1512,1541.0,29.0,11.0,1552.0,137.0,114.0,90.0,716,1722.0,13.0,1729,1735.0,6.0,0,0,,0.0,0.0,0.0,0.0,0.0,2015-08-03,1,0.0,0.0,0.0,0.0,0.0
2015,8,14,5,AA,1442,N202AA,STL,DFW,800,756.0,-4.0,21.0,817.0,111.0,102.0,75.0,550,932.0,6.0,951,938.0,-13.0,0,0,,0.0,0.0,0.0,0.0,0.0,2015-08-14,0,0.0,0.0,0.0,0.0,0.0
2015,8,20,4,UA,775,N535UA,ORD,DEN,1228,1240.0,12.0,23.0,1303.0,156.0,151.0,119.0,888,1402.0,9.0,1404,1411.0,7.0,0,0,,0.0,0.0,0.0,0.0,0.0,2015-08-20,0,0.0,0.0,0.0,0.0,0.0
2015,7,29,3,AS,368,N793AS,SEA,SMF,1955,1948.0,-7.0,16.0,2004.0,108.0,109.0,86.0,605,2130.0,7.0,2143,2137.0,-6.0,0,0,,0.0,0.0,0.0,0.0,0.0,2015-07-29,0,0.0,0.0,0.0,0.0,0.0
2015,8,2,7,WN,741,N603SW,IND,ATL,1315,1331.0,16.0,11.0,1342.0,95.0,81.0,63.0,432,1445.0,7.0,1450,1452.0,2.0,0,0,,0.0,0.0,0.0,0.0,0.0,2015-08-02,1,0.0,0.0,0.0,0.0,0.0
2015,8,3,1,WN,3040,N639SW,SJC,LAX,1245,1305.0,20.0,39.0,1344.0,80.0,100.0,52.0,308,1436.0,9.0,1405,1445.0,40.0,0,0,,20.0,0.0,0.0,20.0,0.0,2015-08-03,1,100.0,0.0,0.0,100.0,0.0
2015,8,26,3,WN,824,N7707C,PVD,MDW,1200,1155.0,-5.0,8.0,1203.0,150.0,153.0,120.0,842,1303.0,25.0,1330,1328.0,-2.0,0,0,,0.0,0.0,0.0,0.0,0.0,2015-08-26,0,0.0,0.0,0.0,0.0,0.0
2015,8,4,2,OO,5394,N965SW,OTH,SFO,1500,1533.0,33.0,14.0,1547.0,95.0,88.0,70.0,412,1657.0,4.0,1635,1701.0,26.0,0,0,,0.0,0.0,0.0,26.0,0.0,2015-08-04,1,0.0,0.0,0.0,78.79,0.0
2015,8,25,2,AA,2281,N3LUAA,ORD,SJC,1755,1751.0,-4.0,18.0,1809.0,276.0,269.0,247.0,1829,2016.0,4.0,2031,2020.0,-11.0,0,0,,0.0,0.0,0.0,0.0,0.0,2015-08-25,0,0.0,0.0,0.0,0.0,0.0
2015,8,22,6,UA,677,N821UA,DEN,SEA,1917,1917.0,0.0,10.0,1927.0,173.0,160.0,143.0,1024,2050.0,7.0,2110,2057.0,-13.0,0,0,,0.0,0.0,0.0,0.0,0.0,2015-08-22,0,0.0,0.0,0.0,0.0,0.0
2015,8,12,3,EV,5780,N14168,CLE,IAH,1443,1439.0,-4.0,13.0,1452.0,184.0,191.0,162.0,1091,1634.0,16.0,1647,1650.0,3.0,0,0,,0.0,0.0,0.0,0.0,0.0,2015-08-12,0,0.0,0.0,0.0,0.0,0.0
2015,7,27,1,B6,735,N834JB,SFO,LGB,600,605.0,5.0,15.0,620.0,85.0,79.0,59.0,354,719.0,5.0,725,724.0,-1.0,0,0,,0.0,0.0,0.0,0.0,0.0,2015-07-27,0,0.0,0.0,0.0,0.0,0.0
2015,7,25,6,B6,1054,N643JB,SJU,FLL,1137,1135.0,-2.0,7.0,1142.0,163.0,141.0,131.0,1046,1353.0,3.0,1420,1356.0,-24.0,0,0,,0.0,0.0,0.0,0.0,0.0,2015-07-25,0,0.0,0.0,0.0,0.0,0.0
2015,8,27,4,UA,640,N810UA,ORD,PHL,2053,2101.0,8.0,20.0,2121.0,126.0,113.0,86.0,678,2347.0,7.0,2359,2354.0,-5.0,0,0,,0.0,0.0,0.0,0.0,0.0,2015-08-27,0,0.0,0.0,0.0,0.0,0.0
2015,7,30,4,EV,5789,N14543,IAH,JAN,1044,1037.0,-7.0,17.0,1054.0,83.0,77.0,56.0,351,1150.0,4.0,1207,1154.0,-13.0,0,0,,0.0,0.0,0.0,0.0,0.0,2015-07-30,0,0.0,0.0,0.0,0.0,0.0
2015,8,6,4,UA,1446,N67827,PDX,SFO,1631,1645.0,14.0,7.0,1652.0,104.0,97.0,83.0,550,1815.0,7.0,1815,1822.0,7.0,0,0,,0.0,0.0,0.0,0.0,0.0,2015-08-06,0,0.0,0.0,0.0,0.0,0.0
2015,7,29,3,DL,2565,N387DA,MSP,LAX,1729,1724.0,-5.0,15.0,1739.0,237.0,238.0,210.0,1535,1909.0,13.0,1926,1922.0,-4.0,0,0,,0.0,0.0,0.0,0.0,0.0,2015-07-29,0,0.0,0.0,0.0,0.0,0.0
2015,8,26,3,AS,811,N533AS,OAK,OGG,735,731.0,-4.0,15.0,746.0,320.0,325.0,305.0,2349,951.0,5.0,955,956.0,1.0,0,0,,0.0,0.0,0.0,0.0,0.0,2015-08-26,0,0.0,0.0,0.0,0.0,0.0
2015,7,31,5,UA,1057,N16713,ABQ,DEN,1703,1657.0,-6.0,12.0,1709.0,82.0,77.0,57.0,349,1806.0,8.0,1825,1814.0,-11.0,0,0,,0.0,0.0,0.0,0.0,0.0,2015-07-31,0,0.0,0.0,0.0,0.0,0.0
2015,8,11,2,WN,2386,N463WN,OAK,SAN,705,703.0,-2.0,12.0,715.0,85.0,92.0,75.0,446,830.0,5.0,830,835.0,5.0,0,0,,0.0,0.0,0.0,0.0,0.0,2015-08-11,0,0.0,0.0,0.0,0.0,0.0
2015,8,10,1,DL,2305,N826DN,MSP,SFO,900,857.0,-3.0,21.0,918.0,240.0,245.0,219.0,1589,1057.0,5.0,1100,1102.0,2.0,0,0,,0.0,0.0,0.0,0.0,0.0,2015-08-10,0,0.0,0.0,0.0,0.0,0.0
2015,8,30,7,AA,1780,N751UW,DTW,CLT,655,650.0,-5.0,16.0,706.0,106.0,103.0,80.0,500,826.0,7.0,841,833.0,-8.0,0,0,,0.0,0.0,0.0,0.0,0.0,2015-08-30,0,0.0,0.0,0.0,0.0,0.0
2015,8,2,7,DL,466,N376DA,SLC,JFK,830,829.0,-1.0,16.0,845.0,280.0,258.0,235.0,1990,1440.0,7.0,1510,1447.0,-23.0,0,0,,0.0,0.0,0.0,0.0,0.0,2015-08-02,0,0.0,0.0,0.0,0.0,0.0
2015,8,9,7,OO,4629,N809SK,SJC,LAX,620,616.0,-4.0,26.0,642.0,90.0,94.0,58.0,308,740.0,10.0,750,750.0,0.0,0,0,,0.0,0.0,0.0,0.0,0.0,2015-08-09,0,0.0,0.0,0.0,0.0,0.0
2015,8,9,7,DL,1254,N535US,LAX,ATL,2359,31.0,32.0,24.0,55.0,257.0,253.0,224.0,1947,739.0,5.0,716,744.0,28.0,0,0,,0.0,0.0,7.0,21.0,0.0,2015-08-09,1,0.0,0.0,21.88,65.62,0.0
2015,8,24,1,DL,814,N916DN,ORD,MSP,645,643.0,-2.0,22.0,705.0,85.0,97.0,70.0,334,815.0,5.0,810,820.0,10.0,0,0,,0.0,0.0,0.0,0.0,0.0,2015-08-24,0,0.0,0.0,0.0,0.0,0.0
2015,8,18,2,DL,2024,N312US,ATL,BWI,1915,2017.0,62.0,49.0,2106.0,118.0,135.0,80.0,577,2226.0,6.0,2113,2232.0,79.0,0,0,,17.0,0.0,0.0,0.0,62.0,2015-08-18,1,27.42,0.0,0.0,0.0,100.0
2015,8,27,4,UA,305,N822UA,DEN,DFW,1727,1731.0,4.0,14.0,1745.0,124.0,105.0,84.0,641,2009.0,7.0,2031,2016.0,-15.0,0,0,,0.0,0.0,0.0,0.0,0.0,2015-08-27,0,0.0,0.0,0.0,0.0,0.0
2015,7,27,1,EV,4968,N852AS,ATL,MGM,1145,1151.0,6.0,12.0,1203.0,50.0,43.0,30.0,147,1133.0,1.0,1135,1134.0,-1.0,0,0,,0.0,0.0,0.0,0.0,0.0,2015-07-27,0,0.0,0.0,0.0,0.0,0.0
2015,8,17,1,DL,375,N907DL,MSP,LGA,1515,1507.0,-8.0,13.0,1520.0,161.0,178.0,138.0,1020,1838.0,27.0,1856,1905.0,9.0,0,0,,0.0,0.0,0.0,0.0,0.0,2015-08-17,0,0.0,0.0,0.0,0.0,0.0
2015,8,26,3,AS,71,N760AS,SEA,JNU,1410,1400.0,-10.0,28.0,1428.0,149.0,151.0,121.0,909,1529.0,2.0,1539,1531.0,-8.0,0,0,,0.0,0.0,0.0,0.0,0.0,2015-08-26,0,0.0,0.0,0.0,0.0,0.0
2015,7,29,3,DL,993,N324NB,ATL,CRW,2045,2102.0,17.0,28.0,2130.0,86.0,84.0,55.0,363,2225.0,1.0,2211,2226.0,15.0,0,0,,0.0,0.0,15.0,0.0,0.0,2015-07-29,1,0.0,0.0,88.24,0.0,0.0
2015,8,19,3,OO,6448,N791SK,DFW,LAX,1621,1640.0,19.0,18.0,1658.0,203.0,184.0,160.0,1235,1738.0,6.0,1744,1744.0,0.0,0,0,,0.0,0.0,0.0,0.0,0.0,2015-08-19,1,0.0,0.0,0.0,0.0,0.0
2015,8,5,3,EV,4150,N13118,EWR,CVG,629,617.0,-12.0,16.0,633.0,124.0,127.0,103.0,569,816.0,8.0,833,824.0,-9.0,0,0,,0.0,0.0,0.0,0.0,0.0,2015-08-05,0,0.0,0.0,0.0,0.0,0.0
2015,8,4,2,AA,1829,N122US,TPA,PHX,2050,2049.0,-1.0,10.0,2059.0,249.0,235.0,217.0,1788,2136.0,8.0,2159,2144.0,-15.0,0,0,,0.0,0.0,0.0,0.0,0.0,2015-08-04,0,0.0,0.0,0.0,0.0,0.0
2015,8,22,6,AA,1920,N705UW,CLT,BWI,2015,2019.0,4.0,18.0,2037.0,85.0,81.0,57.0,361,2134.0,6.0,2140,2140.0,0.0,0,0,,0.0,0.0,0.0,0.0,0.0,2015-08-22,0,0.0,0.0,0.0,0.0,0.0
2015,8,25,2,B6,544,N768JB,PBI,EWR,1108,1109.0,1.0,19.0,1128.0,171.0,165.0,138.0,1023,1346.0,8.0,1359,1354.0,-5.0,0,0,,0.0,0.0,0.0,0.0,0.0,2015-08-25,0,0.0,0.0,0.0,0.0,0.0
2015,8,14,5,NK,742,N633NK,DFW,MSP,1537,1547.0,10.0,16.0,1603.0,143.0,146.0,124.0,852,1807.0,6.0,1800,1813.0,13.0,0,0,,0.0,0.0,0.0,0.0,0.0,2015-08-14,0,0.0,0.0,0.0,0.0,0.0
2015,8,19,3,AA,2334,N475AA,ORD,DFW,1205,1208.0,3.0,12.0,1220.0,158.0,151.0,134.0,802,1434.0,5.0,1443,1439.0,-4.0,0,0,,0.0,0.0,0.0,0.0,0.0,2015-08-19,0,0.0,0.0,0.0,0.0,0.0
2015,8,15,6,AA,126,N3MLAA,LAX,ORD,755,749.0,-6.0,17.0,806.0,254.0,249.0,211.0,1744,1337.0,21.0,1409,1358.0,-11.0,0,0,,0.0,0.0,0.0,0.0,0.0,2015-08-15,0,0.0,0.0,0.0,0.0,0.0
2015,8,1,6,NK,298,N614NK,LAS,IAH,3,55.0,52.0,12.0,107.0,177.0,173.0,153.0,1222,540.0,8.0,500,548.0,48.0,0,0,,48.0,0.0,0.0,0.0,0.0,2015-08-01,1,92.31,0.0,0.0,0.0,0.0
2015,8,2,7,NK,412,N620NK,MYR,LBE,1234,1511.0,157.0,9.0,1520.0,88.0,93.0,72.0,456,1632.0,12.0,1402,1644.0,162.0,0,0,,162.0,0.0,0.0,0.0,0.0,2015-08-02,1,103.18,0.0,0.0,0.0,0.0
2015,7,30,4,AA,2299,N4XLAA,DFW,TPA,1820,1829.0,9.0,18.0,1847.0,153.0,150.0,128.0,929,2155.0,4.0,2153,2159.0,6.0,0,0,,0.0,0.0,0.0,0.0,0.0,2015-07-30,0,0.0,0.0,0.0,0.0,0.0
2015,7,25,6,MQ,3482,N531MQ,COU,ORD,500,459.0,-1.0,13.0,512.0,85.0,89.0,70.0,315,622.0,6.0,625,628.0,3.0,0,0,,0.0,0.0,0.0,0.0,0.0,2015-07-25,0,0.0,0.0,0.0,0.0,0.0
2015,8,20,4,VX,219,N628VA,AUS,SFO,700,700.0,0.0,12.0,712.0,209.0,223.0,203.0,1504,835.0,8.0,829,843.0,14.0,0,0,,0.0,0.0,0.0,0.0,0.0,2015-08-20,0,0.0,0.0,0.0,0.0,0.0
2015,8,12,3,WN,1086,N514SW,AUS,DAL,2000,2004.0,4.0,7.0,2011.0,55.0,48.0,37.0,189,2048.0,4.0,2055,2052.0,-3.0,0,0,,0.0,0.0,0.0,0.0,0.0,2015-08-12,0,0.0,0.0,0.0,0.0,0.0
2015,8,3,1,DL,2028,N523US,DTW,MCO,1221,1217.0,-4.0,27.0,1244.0,158.0,158.0,122.0,957,1446.0,9.0,1459,1455.0,-4.0,0,0,,0.0,0.0,0.0,0.0,0.0,2015-08-03,0,0.0,0.0,0.0,0.0,0.0
2015,8,23,7,OO,5301,N984CA,MKE,DEN,840,846.0,6.0,12.0,858.0,160.0,164.0,142.0,896,1020.0,10.0,1020,1030.0,10.0,0,0,,0.0,0.0,0.0,0.0,0.0,2015-08-23,0,0.0,0.0,0.0,0.0,0.0
2015,8,11,2,NK,298,N633NK,LAS,IAH,3,11.0,8.0,13.0,24.0,177.0,182.0,159.0,1222,503.0,10.0,500,513.0,13.0,0,0,,0.0,0.0,0.0,0.0,0.0,2015-08-11,0,0.0,0.0,0.0,0.0,0.0
2015,8,3,1,EV,2648,N906EV,DFW,TYR,1205,1158.0,-7.0,16.0,1214.0,52.0,43.0,22.0,102,1236.0,5.0,1257,1241.0,-16.0,0,0,,0.0,0.0,0.0,0.0,0.0,2015-08-03,0,0.0,0.0,0.0,0.0,0.0
2015,8,20,4,EV,4579,N21129,ECP,IAH,610,602.0,-8.0,10.0,612.0,120.0,132.0,113.0,572,805.0,9.0,810,814.0,4.0,0,0,,0.0,0.0,0.0,0.0,0.0,2015-08-20,0,0.0,0.0,0.0,0.0,0.0
2015,8,22,6,OO,3489,N227AG,FAT,SEA,600,554.0,-6.0,13.0,607.0,122.0,119.0,96.0,748,743.0,10.0,802,753.0,-9.0,0,0,,0.0,0.0,0.0,0.0,0.0,2015-08-22,0,0.0,0.0,0.0,0.0,0.0
2015,8,15,6,B6,536,N324JB,FLL,SWF,1931,2345.0,254.0,14.0,2359.0,182.0,167.0,146.0,1118,225.0,7.0,2233,232.0,239.0,0,0,,0.0,0.0,0.0,136.0,103.0,2015-08-15,1,0.0,0.0,0.0,53.54,40.55
2015,8,29,6,WN,3322,N601WN,BHM,MCO,1750,1947.0,117.0,9.0,1956.0,90.0,101.0,86.0,479,2222.0,6.0,2020,2228.0,128.0,0,0,,11.0,0.0,0.0,117.0,0.0,2015-08-29,1,9.4,0.0,0.0,100.0,0.0
2015,7,25,6,EV,5179,N153PQ,HPN,ATL,720,719.0,-1.0,19.0,738.0,131.0,137.0,113.0,780,931.0,5.0,931,936.0,5.0,0,0,,0.0,0.0,0.0,0.0,0.0,2015-07-25,0,0.0,0.0,0.0,0.0,0.0
2015,7,26,7,NK,242,N533NK,ATL,CLE,835,848.0,13.0,11.0,859.0,112.0,95.0,78.0,554,1017.0,6.0,1027,1023.0,-4.0,0,0,,0.0,0.0,0.0,0.0,0.0,2015-07-26,0,0.0,0.0,0.0,0.0,0.0
2015,8,29,6,EV,2705,N908EV,DFW,LEX,1020,1017.0,-3.0,18.0,1035.0,138.0,130.0,108.0,785,1323.0,4.0,1338,1327.0,-11.0,0,0,,0.0,0.0,0.0,0.0,0.0,2015-08-29,0,0.0,0.0,0.0,0.0,0.0
2015,8,8,6,MQ,3039,N603MQ,DFW,HSV,1020,1015.0,-5.0,22.0,1037.0,117.0,115.0,87.0,603,1204.0,6.0,1217,1210.0,-7.0,0,0,,0.0,0.0,0.0,0.0,0.0,2015-08-08,0,0.0,0.0,0.0,0.0,0.0
2015,8,16,7,OO,7377,N8942A,BTM,SLC,1145,1141.0,-4.0,15.0,1156.0,82.0,81.0,57.0,358,1253.0,9.0,1307,1302.0,-5.0,0,0,,0.0,0.0,0.0,0.0,0.0,2015-08-16,0,0.0,0.0,0.0,0.0,0.0
2015,8,17,1,DL,1412,N371NB,BNA,ATL,1200,1206.0,6.0,24.0,1230.0,85.0,68.0,36.0,214,1406.0,8.0,1425,1414.0,-11.0,0,0,,0.0,0.0,0.0,0.0,0.0,2015-08-17,0,0.0,0.0,0.0,0.0,0.0
2015,8,3,1,DL,2256,N908DA,ATL,MCI,1449,1453.0,4.0,8.0,1501.0,135.0,120.0,102.0,692,1543.0,10.0,1604,1553.0,-11.0,0,0,,0.0,0.0,0.0,0.0,0.0,2015-08-03,0,0.0,0.0,0.0,0.0,0.0
2015,7,30,4,DL,1942,N938AT,EWR,ATL,1535,1547.0,12.0,49.0,1636.0,150.0,156.0,98.0,746,1814.0,9.0,1805,1823.0,18.0,0,0,,13.0,0.0,3.0,2.0,0.0,2015-07-30,0,108.33,0.0,25.0,16.67,0.0
2015,7,25,6,WN,3451,N448WN,SJC,BUR,1150,1150.0,0.0,15.0,1205.0,60.0,65.0,48.0,296,1253.0,2.0,1250,1255.0,5.0,0,0,,0.0,0.0,0.0,0.0,0.0,2015-07-25,0,0.0,0.0,0.0,0.0,0.0
2015,7,31,5,DL,1154,N127DL,LAX,ATL,54,58.0,4.0,17.0,115.0,261.0,254.0,231.0,1947,806.0,6.0,815,812.0,-3.0,0,0,,0.0,0.0,0.0,0.0,0.0,2015-07-31,0,0.0,0.0,0.0,0.0,0.0
2015,8,29,6,AA,598,N578UW,LAX,PHL,620,613.0,-7.0,19.0,632.0,328.0,311.0,287.0,2402,1419.0,5.0,1448,1424.0,-24.0,0,0,,0.0,0.0,0.0,0.0,0.0,2015-08-29,0,0.0,0.0,0.0,0.0,0.0
2015,8,6,4,WN,1752,N439WN,LAX,LAS,1555,1725.0,90.0,10.0,1735.0,60.0,67.0,53.0,236,1828.0,4.0,1655,1832.0,97.0,0,0,,7.0,0.0,0.0,90.0,0.0,2015-08-06,1,7.78,0.0,0.0,100.0,0.0
2015,8,10,1,WN,1770,N8654B,DAL,OAK,1740,1748.0,8.0,9.0,1757.0,225.0,216.0,191.0,1468,1908.0,16.0,1925,1924.0,-1.0,0,0,,0.0,0.0,0.0,0.0,0.0,2015-08-10,0,0.0,0.0,0.0,0.0,0.0
2015,8,20,4,AA,454,N553UW,LAX,PHX,1740,1855.0,75.0,17.0,1912.0,96.0,80.0,59.0,370,2011.0,4.0,1916,2015.0,59.0,0,0,,0.0,0.0,0.0,59.0,0.0,2015-08-20,1,0.0,0.0,0.0,78.67,0.0
2015,8,14,5,WN,577,N749SW,BNA,MCO,805,809.0,4.0,9.0,818.0,105.0,99.0,85.0,616,1043.0,5.0,1050,1048.0,-2.0,0,0,,0.0,0.0,0.0,0.0,0.0,2015-08-14,0,0.0,0.0,0.0,0.0,0.0
2015,8,5,3,DL,2106,N326US,BOI,SLC,1310,1307.0,-3.0,12.0,1319.0,68.0,64.0,44.0,290,1403.0,8.0,1418,1411.0,-7.0,0,0,,0.0,0.0,0.0,0.0,0.0,2015-08-05,0,0.0,0.0,0.0,0.0,0.0
2015,7,29,3,AS,327,N592AS,SJC,SEA,1000,959.0,-1.0,10.0,1009.0,121.0,122.0,100.0,697,1149.0,12.0,1201,1201.0,0.0,0,0,,0.0,0.0,0.0,0.0,0.0,2015-07-29,0,0.0,0.0,0.0,0.0,0.0
2015,8,23,7,WN,1509,N8642E,SEA,DEN,530,531.0,1.0,11.0,542.0,160.0,158.0,133.0,1024,855.0,14.0,910,909.0,-1.0,0,0,,0.0,0.0,0.0,0.0,0.0,2015-08-23,0,0.0,0.0,0.0,0.0,0.0
2015,8,15,6,AS,117,N477AS,SEA,FAI,1950,2004.0,14.0,12.0,2016.0,216.0,218.0,201.0,1533,2237.0,5.0,2226,2242.0,16.0,0,0,,2.0,0.0,14.0,0.0,0.0,2015-08-15,0,14.29,0.0,100.0,0.0,0.0
2015,8,10,1,DL,2061,N984DL,PHL,ATL,745,752.0,7.0,28.0,820.0,137.0,127.0,93.0,666,953.0,6.0,1002,959.0,-3.0,0,0,,0.0,0.0,0.0,0.0,0.0,2015-08-10,0,0.0,0.0,0.0,0.0,0.0
2015,8,11,2,MQ,3198,N933MQ,FAR,DFW,658,656.0,-2.0,11.0,707.0,162.0,158.0,137.0,968,924.0,10.0,940,934.0,-6.0,0,0,,0.0,0.0,0.0,0.0,0.0,2015-08-11,0,0.0,0.0,0.0,0.0,0.0
2015,8,19,3,WN,1985,N355SW,ELP,DAL,855,852.0,-3.0,10.0,902.0,95.0,104.0,90.0,562,1132.0,4.0,1130,1136.0,6.0,0,0,,0.0,0.0,0.0,0.0,0.0,2015-08-19,0,0.0,0.0,0.0,0.0,0.0
2015,8,9,7,EV,4518,N15985,EWR,MKE,806,803.0,-3.0,16.0,819.0,137.0,152.0,125.0,725,924.0,11.0,923,935.0,12.0,0,0,,0.0,0.0,0.0,0.0,0.0,2015-08-09,0,0.0,0.0,0.0,0.0,0.0
2015,8,29,6,UA,542,N443UA,SNA,IAH,1244,1235.0,-9.0,13.0,1248.0,196.0,193.0,167.0,1346,1735.0,13.0,1800,1748.0,-12.0,0,0,,0.0,0.0,0.0,0.0,0.0,2015-08-29,0,0.0,0.0,0.0,0.0,0.0
2015,8,15,6,UA,1114,N69847,PHL,ORD,835,839.0,4.0,15.0,854.0,139.0,123.0,97.0,678,931.0,11.0,954,942.0,-12.0,0,0,,0.0,0.0,0.0,0.0,0.0,2015-08-15,0,0.0,0.0,0.0,0.0,0.0
2015,7,23,4,AS,98,N796AS,ANC,SEA,1620,1617.0,-3.0,8.0,1625.0,200.0,210.0,194.0,1448,2039.0,8.0,2040,2047.0,7.0,0,0,,0.0,0.0,0.0,0.0,0.0,2015-07-23,0,0.0,0.0,0.0,0.0,0.0
2015,8,21,5,DL,2599,N608AT,BNA,ATL,1600,1557.0,-3.0,17.0,1614.0,75.0,60.0,38.0,214,1752.0,5.0,1815,1757.0,-18.0,0,0,,0.0,0.0,0.0,0.0,0.0,2015-08-21,0,0.0,0.0,0.0,0.0,0.0
2015,8,23,7,UA,1542,N68801,PHL,ORD,1641,1713.0,32.0,17.0,1730.0,140.0,139.0,113.0,678,1823.0,9.0,1801,1832.0,31.0,0,0,,0.0,0.0,20.0,11.0,0.0,2015-08-23,1,0.0,0.0,62.5,34.38,0.0
2015,8,10,1,OO,4468,N431SW,SLC,HLN,1550,1546.0,-4.0,19.0,1605.0,87.0,81.0,56.0,402,1701.0,6.0,1717,1707.0,-10.0,0,0,,0.0,0.0,0.0,0.0,0.0,2015-08-10,0,0.0,0.0,0.0,0.0,0.0
2015,8,16,7,WN,1560,N356SW,LAS,OAK,1515,1514.0,-1.0,11.0,1525.0,90.0,83.0,67.0,407,1632.0,5.0,1645,1637.0,-8.0,0,0,,0.0,0.0,0.0,0.0,0.0,2015-08-16,0,0.0,0.0,0.0,0.0,0.0
2015,8,7,5,AS,19,N468AS,MCO,SEA,1855,1850.0,-5.0,11.0,1901.0,360.0,366.0,339.0,2554,2140.0,16.0,2155,2156.0,1.0,0,0,,0.0,0.0,0.0,0.0,0.0,2015-08-07,0,0.0,0.0,0.0,0.0,0.0
2015,8,23,7,DL,2674,N978AT,LGA,BOS,1100,1055.0,-5.0,30.0,1125.0,76.0,76.0,38.0,184,1203.0,8.0,1216,1211.0,-5.0,0,0,,0.0,0.0,0.0,0.0,0.0,2015-08-23,0,0.0,0.0,0.0,0.0,0.0
2015,8,30,7,WN,1235,N299WN,DAL,LAX,1920,1918.0,-2.0,9.0,1927.0,195.0,186.0,164.0,1246,2011.0,13.0,2035,2024.0,-11.0,0,0,,0.0,0.0,0.0,0.0,0.0,2015-08-30,0,0.0,0.0,0.0,0.0,0.0
2015,8,18,2,UA,529,N839UA,MSP,EWR,640,634.0,-6.0,12.0,646.0,162.0,146.0,127.0,1008,953.0,7.0,1022,1000.0,-22.0,0,0,,0.0,0.0,0.0,0.0,0.0,2015-08-18,0,0.0,0.0,0.0,0.0,0.0
2015,8,10,1,AA,836,N575UW,SJU,CLT,1450,1445.0,-5.0,14.0,1459.0,232.0,201.0,177.0,1475,1756.0,10.0,1842,1806.0,-36.0,0,0,,0.0,0.0,0.0,0.0,0.0,2015-08-10,0,0.0,0.0,0.0,0.0,0.0
2015,8,22,6,AA,1097,N002AA,IAH,MIA,800,758.0,-2.0,11.0,809.0,153.0,156.0,123.0,964,1112.0,22.0,1133,1134.0,1.0,0,0,,0.0,0.0,0.0,0.0,0.0,2015-08-22,0,0.0,0.0,0.0,0.0,0.0
2015,8,25,2,B6,96,N712JB,PDX,BOS,2358,10.0,12.0,13.0,23.0,311.0,308.0,290.0,2537,813.0,5.0,809,818.0,9.0,0,0,,0.0,0.0,0.0,0.0,0.0,2015-08-25,0,0.0,0.0,0.0,0.0,0.0
2015,8,16,7,EV,5068,N712EV,ATL,CID,1444,1513.0,29.0,16.0,1529.0,128.0,113.0,90.0,694,1559.0,7.0,1552,1606.0,14.0,0,0,,0.0,0.0,0.0,0.0,0.0,2015-08-16,1,0.0,0.0,0.0,0.0,0.0
2015,8,3,1,WN,4105,N756SA,DEN,LAS,535,544.0,9.0,11.0,555.0,110.0,102.0,88.0,628,623.0,3.0,625,626.0,1.0,0,0,,0.0,0.0,0.0,0.0,0.0,2015-08-03,0,0.0,0.0,0.0,0.0,0.0
2015,7,23,4,EV,3807,N12166,PBI,IAH,1705,1706.0,1.0,16.0,1722.0,164.0,159.0,134.0,956,1836.0,9.0,1849,1845.0,-4.0,0,0,,0.0,0.0,0.0,0.0,0.0,2015-07-23,0,0.0,0.0,0.0,0.0,0.0
2015,8,13,4,AA,98,N854AA,DFW,PHX,1400,1355.0,-5.0,15.0,1410.0,154.0,137.0,116.0,868,1406.0,6.0,1434,1412.0,-22.0,0,0,,0.0,0.0,0.0,0.0,0.0,2015-08-13,0,0.0,0.0,0.0,0.0,0.0
2015,7,31,5,EV,4611,N13903,ATW,ORD,550,547.0,-3.0,15.0,602.0,60.0,54.0,30.0,160,632.0,9.0,650,641.0,-9.0,0,0,,0.0,0.0,0.0,0.0,0.0,2015-07-31,0,0.0,0.0,0.0,0.0,0.0
2015,8,15,6,OO,5159,N702SK,DEN,ASE,1520,1606.0,46.0,9.0,1615.0,51.0,39.0,27.0,125,1642.0,3.0,1611,1645.0,34.0,0,0,,0.0,0.0,0.0,34.0,0.0,2015-08-15,1,0.0,0.0,0.0,73.91,0.0
2015,8,10,1,OO,5594,N746SK,SFO,SEA,1452,1527.0,35.0,27.0,1554.0,126.0,119.0,83.0,679,1717.0,9.0,1658,1726.0,28.0,0,0,,0.0,0.0,28.0,0.0,0.0,2015-08-10,1,0.0,0.0,80.0,0.0,0.0
2015,8,26,3,EV,3944,N17115,PNS,IAH,1503,1507.0,4.0,10.0,1517.0,106.0,104.0,83.0,489,1640.0,11.0,1649,1651.0,2.0,0,0,,0.0,0.0,0.0,0.0,0.0,2015-08-26,0,0.0,0.0,0.0,0.0,0.0
2015,7,30,4,MQ,3103,N855MQ,DFW,LFT,2155,2154.0,-1.0,15.0,2209.0,79.0,78.0,59.0,351,2308.0,4.0,2314,2312.0,-2.0,0,0,,0.0,0.0,0.0,0.0,0.0,2015-07-30,0,0.0,0.0,0.0,0.0,0.0
2015,8,3,1,DL,2230,N998DL,DTW,LGA,1725,1722.0,-3.0,23.0,1745.0,104.0,114.0,81.0,502,1906.0,10.0,1909,1916.0,7.0,0,0,,0.0,0.0,0.0,0.0,0.0,2015-08-03,0,0.0,0.0,0.0,0.0,0.0
2015,8,27,4,HA,155,N476HA,OGG,HNL,816,809.0,-7.0,8.0,817.0,35.0,36.0,23.0,100,840.0,5.0,851,845.0,-6.0,0,0,,0.0,0.0,0.0,0.0,0.0,2015-08-27,0,0.0,0.0,0.0,0.0,0.0
2015,8,12,3,WN,3235,N7729A,SAT,LAX,1650,1709.0,19.0,6.0,1715.0,190.0,188.0,151.0,1211,1746.0,31.0,1800,1817.0,17.0,0,0,,0.0,0.0,17.0,0.0,0.0,2015-08-12,1,0.0,0.0,89.47,0.0,0.0
2015,8,16,7,AA,3,N799AA,JFK,LAX,1245,1239.0,-6.0,26.0,1305.0,364.0,336.0,294.0,2475,1459.0,16.0,1549,1515.0,-34.0,0,0,,0.0,0.0,0.0,0.0,0.0,2015-08-16,0,0.0,0.0,0.0,0.0,0.0
2015,8,3,1,AA,248,N567AA,BNA,DFW,932,923.0,-9.0,9.0,932.0,118.0,107.0,89.0,631,1101.0,9.0,1130,1110.0,-20.0,0,0,,0.0,0.0,0.0,0.0,0.0,2015-08-03,0,0.0,0.0,0.0,0.0,0.0
2015,7,28,2,HA,216,N487HA,HNL,OGG,1358,1353.0,-5.0,24.0,1417.0,39.0,51.0,22.0,100,1439.0,5.0,1437,1444.0,7.0,0,0,,0.0,0.0,0.0,0.0,0.0,2015-07-28,0,0.0,0.0,0.0,0.0,0.0
2015,8,14,5,UA,841,N568UA,JFK,LAX,1430,1423.0,-7.0,26.0,1449.0,377.0,341.0,309.0,2475,1658.0,6.0,1747,1704.0,-43.0,0,0,,0.0,0.0,0.0,0.0,0.0,2015-08-14,0,0.0,0.0,0.0,0.0,0.0
2015,8,6,4,EV,2638,N633AE,SHV,DFW,804,757.0,-7.0,11.0,808.0,66.0,68.0,40.0,190,848.0,17.0,910,905.0,-5.0,0,0,,0.0,0.0,0.0,0.0,0.0,2015-08-06,0,0.0,0.0,0.0,0.0,0.0
2015,8,8,6,WN,1021,N943WN,BWI,PIT,1555,1600.0,5.0,14.0,1614.0,60.0,57.0,37.0,210,1651.0,6.0,1655,1657.0,2.0,0,0,,0.0,0.0,0.0,0.0,0.0,2015-08-08,0,0.0,0.0,0.0,0.0,0.0
2015,8,13,4,OO,6268,N766SK,DEN,FAT,1515,1525.0,10.0,28.0,1553.0,143.0,151.0,119.0,844,1652.0,4.0,1638,1656.0,18.0,0,0,,8.0,0.0,10.0,0.0,0.0,2015-08-13,0,80.0,0.0,100.0,0.0,0.0
2015,8,11,2,DL,1961,N903DA,RIC,ATL,700,655.0,-5.0,17.0,712.0,104.0,95.0,73.0,481,825.0,5.0,844,830.0,-14.0,0,0,,0.0,0.0,0.0,0.0,0.0,2015-08-11,0,0.0,0.0,0.0,0.0,0.0
2015,7,23,4,UA,352,N824UA,MSY,IAH,926,917.0,-9.0,12.0,929.0,73.0,79.0,50.0,305,1019.0,17.0,1039,1036.0,-3.0,0,0,,0.0,0.0,0.0,0.0,0.0,2015-07-23,0,0.0,0.0,0.0,0.0,0.0
2015,7,28,2,WN,868,N263WN,CLE,BWI,1540,1617.0,37.0,11.0,1628.0,70.0,70.0,49.0,314,1717.0,10.0,1650,1727.0,37.0,0,0,,0.0,0.0,9.0,28.0,0.0,2015-07-28,1,0.0,0.0,24.32,75.68,0.0
2015,8,17,1,AA,158,N3GRAA,DEN,DFW,625,625.0,0.0,13.0,638.0,120.0,117.0,91.0,641,909.0,13.0,925,922.0,-3.0,0,0,,0.0,0.0,0.0,0.0,0.0,2015-08-17,0,0.0,0.0,0.0,0.0,0.0
2015,7,27,1,WN,3763,N442WN,MDW,PDX,1235,1239.0,4.0,18.0,1257.0,260.0,251.0,229.0,1751,1446.0,4.0,1455,1450.0,-5.0,0,0,,0.0,0.0,0.0,0.0,0.0,2015-07-27,0,0.0,0.0,0.0,0.0,0.0
2015,8,28,5,UA,486,N479UA,SFO,IAD,1608,1614.0,6.0,13.0,1627.0,307.0,289.0,271.0,2419,2358.0,5.0,15,3.0,-12.0,0,0,,0.0,0.0,0.0,0.0,0.0,2015-08-28,0,0.0,0.0,0.0,0.0,0.0
2015,8,3,1,AA,490,N919US,DFW,PHL,1515,1529.0,14.0,26.0,1555.0,208.0,209.0,179.0,1303,1954.0,4.0,1943,1958.0,15.0,0,0,,1.0,0.0,14.0,0.0,0.0,2015-08-03,0,7.14,0.0,100.0,0.0,0.0
2015,8,4,2,B6,1883,N507JB,JFK,MCO,1420,1420.0,0.0,28.0,1448.0,180.0,174.0,132.0,944,1700.0,14.0,1720,1714.0,-6.0,0,0,,0.0,0.0,0.0,0.0,0.0,2015-08-04,0,0.0,0.0,0.0,0.0,0.0
2015,8,18,2,DL,1619,N752AT,DTW,SAN,1548,1608.0,20.0,19.0,1627.0,279.0,268.0,245.0,1956,1732.0,4.0,1727,1736.0,9.0,0,0,,0.0,0.0,0.0,0.0,0.0,2015-08-18,1,0.0,0.0,0.0,0.0,0.0
2015,8,7,5,AA,640,N565UW,DTW,PHX,1750,1744.0,-6.0,9.0,1753.0,253.0,252.0,235.0,1671,1848.0,8.0,1903,1856.0,-7.0,0,0,,0.0,0.0,0.0,0.0,0.0,2015-08-07,0,0.0,0.0,0.0,0.0,0.0
2015,8,9,7,WN,2029,N705SW,MSY,PHX,1610,1613.0,3.0,7.0,1620.0,200.0,176.0,164.0,1300,1704.0,5.0,1730,1709.0,-21.0,0,0,,0.0,0.0,0.0,0.0,0.0,2015-08-09,0,0.0,0.0,0.0,0.0,0.0
2015,7,30,4,UA,789,N451UA,EWR,SAN,1925,2246.0,201.0,21.0,2307.0,357.0,330.0,298.0,2425,105.0,11.0,2222,116.0,174.0,0,0,,0.0,0.0,22.0,152.0,0.0,2015-07-30,1,0.0,0.0,10.95,75.62,0.0
2015,8,18,2,DL,1284,N804DN,LGA,ATL,700,656.0,-4.0,17.0,713.0,145.0,127.0,104.0,762,857.0,6.0,925,903.0,-22.0,0,0,,0.0,0.0,0.0,0.0,0.0,2015-08-18,0,0.0,0.0,0.0,0.0,0.0
2015,8,16,7,EV,4288,N14916,RIC,ORD,658,706.0,8.0,8.0,714.0,123.0,112.0,94.0,642,748.0,10.0,801,758.0,-3.0,0,0,,0.0,0.0,0.0,0.0,0.0,2015-08-16,0,0.0,0.0,0.0,0.0,0.0
2015,7,30,4,F9,424,N943FR,ATL,CLE,1935,1949.0,14.0,34.0,2023.0,105.0,120.0,77.0,554,2140.0,9.0,2120,2149.0,29.0,0,0,,26.0,0.0,3.0,0.0,0.0,2015-07-30,0,185.71,0.0,21.43,0.0,0.0
2015,8,28,5,OO,2950,N875AS,YUM,PHX,1155,1143.0,-12.0,15.0,1158.0,60.0,51.0,31.0,160,1229.0,5.0,1255,1234.0,-21.0,0,0,,0.0,0.0,0.0,0.0,0.0,2015-08-28,0,0.0,0.0,0.0,0.0,0.0
2015,8,28,5,AA,2286,N486AA,DFW,ORD,1205,1202.0,-3.0,16.0,1218.0,155.0,134.0,110.0,802,1408.0,8.0,1440,1416.0,-24.0,0,0,,0.0,0.0,0.0,0.0,0.0,2015-08-28,0,0.0,0.0,0.0,0.0,0.0
2015,7,24,5,DL,925,N927AT,ORD,MSP,2059,2059.0,0.0,26.0,2125.0,93.0,88.0,58.0,334,2223.0,4.0,2232,2227.0,-5.0,0,0,,0.0,0.0,0.0,0.0,0.0,2015-07-24,0,0.0,0.0,0.0,0.0,0.0
2015,7,28,2,WN,4098,N799SW,BOS,ATL,615,615.0,0.0,24.0,639.0,170.0,153.0,121.0,946,840.0,8.0,905,848.0,-17.0,0,0,,0.0,0.0,0.0,0.0,0.0,2015-07-28,0,0.0,0.0,0.0,0.0,0.0
2015,8,13,4,NK,822,N635NK,DFW,MYR,745,742.0,-3.0,19.0,801.0,157.0,157.0,132.0,1048,1113.0,6.0,1122,1119.0,-3.0,0,0,,0.0,0.0,0.0,0.0,0.0,2015-08-13,0,0.0,0.0,0.0,0.0,0.0
2015,7,26,7,MQ,3591,N695MQ,HOU,DFW,1102,1054.0,-8.0,10.0,1104.0,75.0,66.0,46.0,247,1150.0,10.0,1217,1200.0,-17.0,0,0,,0.0,0.0,0.0,0.0,0.0,2015-07-26,0,0.0,0.0,0.0,0.0,0.0
2015,7,24,5,MQ,3109,N941MQ,SGF,ORD,1150,1142.0,-8.0,14.0,1156.0,99.0,94.0,68.0,438,1304.0,12.0,1329,1316.0,-13.0,0,0,,0.0,0.0,0.0,0.0,0.0,2015-07-24,0,0.0,0.0,0.0,0.0,0.0
2015,7,24,5,MQ,3199,N649MQ,ORD,ALO,2006,2000.0,-6.0,23.0,2023.0,72.0,78.0,46.0,234,2109.0,9.0,2118,2118.0,0.0,0,0,,0.0,0.0,0.0,0.0,0.0,2015-07-24,0,0.0,0.0,0.0,0.0,0.0
2015,8,7,5,DL,2511,N837DN,SLC,ANC,2042,2337.0,175.0,13.0,2350.0,288.0,271.0,255.0,2125,205.0,3.0,2330,208.0,158.0,0,0,,0.0,0.0,0.0,139.0,19.0,2015-08-07,1,0.0,0.0,0.0,79.43,10.86
2015,8,23,7,WN,2018,N570WN,ATL,PHX,905,933.0,28.0,30.0,1003.0,250.0,242.0,206.0,1587,1029.0,6.0,1015,1035.0,20.0,0,0,,0.0,0.0,0.0,0.0,20.0,2015-08-23,1,0.0,0.0,0.0,0.0,71.43
2015,8,17,1,WN,1557,N451WN,LAS,FNT,1035,1033.0,-2.0,11.0,1044.0,230.0,214.0,198.0,1733,1702.0,5.0,1725,1707.0,-18.0,0,0,,0.0,0.0,0.0,0.0,0.0,2015-08-17,0,0.0,0.0,0.0,0.0,0.0
2015,8,24,1,AA,2512,N017AA,MIA,ATL,1955,1950.0,-5.0,12.0,2002.0,120.0,111.0,89.0,594,2131.0,10.0,2155,2141.0,-14.0,0,0,,0.0,0.0,0.0,0.0,0.0,2015-08-24,0,0.0,0.0,0.0,0.0,0.0
2015,8,24,1,DL,966,N369NW,SLC,PHX,1136,1133.0,-3.0,9.0,1142.0,97.0,81.0,69.0,507,1151.0,3.0,1213,1154.0,-19.0,0,0,,0.0,0.0,0.0,0.0,0.0,2015-08-24,0,0.0,0.0,0.0,0.0,0.0
2015,8,22,6,HA,332,N485HA,HNL,ITO,647,643.0,-4.0,12.0,655.0,53.0,58.0,41.0,216,736.0,5.0,740,741.0,1.0,0,0,,0.0,0.0,0.0,0.0,0.0,2015-08-22,0,0.0,0.0,0.0,0.0,0.0
2015,7,31,5,AS,752,N309AS,SEA,MCI,1020,1018.0,-2.0,14.0,1032.0,200.0,186.0,168.0,1489,1520.0,4.0,1540,1524.0,-16.0,0,0,,0.0,0.0,0.0,0.0,0.0,2015-07-31,0,0.0,0.0,0.0,0.0,0.0
2015,7,27,1,AA,718,N563UW,SFO,PHL,825,1005.0,100.0,17.0,1022.0,331.0,328.0,305.0,2521,1827.0,6.0,1656,1833.0,97.0,0,0,,0.0,0.0,97.0,0.0,0.0,2015-07-27,1,0.0,0.0,97.0,0.0,0.0
2015,8,11,2,DL,2600,N395DN,JFK,MCO,1300,1300.0,0.0,17.0,1317.0,171.0,150.0,128.0,944,1525.0,5.0,1551,1530.0,-21.0,0,0,,0.0,0.0,0.0,0.0,0.0,2015-08-11,0,0.0,0.0,0.0,0.0,0.0
2015,8,5,3,MQ,3230,N656MQ,DFW,MLI,1640,1642.0,2.0,11.0,1653.0,122.0,118.0,102.0,691,1835.0,5.0,1842,1840.0,-2.0,0,0,,0.0,0.0,0.0,0.0,0.0,2015-08-05,0,0.0,0.0,0.0,0.0,0.0
2015,8,19,3,DL,1314,N905DE,ATL,CMH,1736,1733.0,-3.0,42.0,1815.0,99.0,108.0,61.0,447,1916.0,5.0,1915,1921.0,6.0,0,0,,0.0,0.0,0.0,0.0,0.0,2015-08-19,0,0.0,0.0,0.0,0.0,0.0
2015,8,26,3,WN,3171,N658SW,SAN,OAK,650,645.0,-5.0,14.0,659.0,90.0,84.0,63.0,446,802.0,7.0,820,809.0,-11.0,0,0,,0.0,0.0,0.0,0.0,0.0,2015-08-26,0,0.0,0.0,0.0,0.0,0.0
2015,8,15,6,WN,3808,N434WN,DEN,BDL,1030,1027.0,-3.0,8.0,1035.0,225.0,214.0,203.0,1671,1558.0,3.0,1615,1601.0,-14.0,0,0,,0.0,0.0,0.0,0.0,0.0,2015-08-15,0,0.0,0.0,0.0,0.0,0.0
2015,8,22,6,OO,5484,N718SK,SFO,SUN,1620,1716.0,56.0,24.0,1740.0,107.0,104.0,77.0,587,1957.0,3.0,1907,2000.0,53.0,0,0,,53.0,0.0,0.0,0.0,0.0,2015-08-22,1,94.64,0.0,0.0,0.0,0.0
2015,8,24,1,WN,499,N7724A,MKE,DCA,1310,1306.0,-4.0,7.0,1313.0,110.0,97.0,84.0,634,1537.0,6.0,1600,1543.0,-17.0,0,0,,0.0,0.0,0.0,0.0,0.0,2015-08-24,0,0.0,0.0,0.0,0.0,0.0
2015,8,11,2,WN,2857,N8322X,BWI,ABQ,1510,1535.0,25.0,11.0,1546.0,255.0,238.0,221.0,1670,1727.0,6.0,1725,1733.0,8.0,0,0,,0.0,0.0,0.0,0.0,0.0,2015-08-11,1,0.0,0.0,0.0,0.0,0.0
2015,8,7,5,WN,696,N439WN,MCO,ABQ,1010,1010.0,0.0,11.0,1021.0,220.0,215.0,198.0,1553,1139.0,6.0,1150,1145.0,-5.0,0,0,,0.0,0.0,0.0,0.0,0.0,2015-08-07,0,0.0,0.0,0.0,0.0,0.0
2015,8,30,7,B6,127,N636JB,EWR,MCO,1129,1123.0,-6.0,16.0,1139.0,151.0,161.0,141.0,937,1400.0,4.0,1400,1404.0,4.0,0,0,,0.0,0.0,0.0,0.0,0.0,2015-08-30,0,0.0,0.0,0.0,0.0,0.0
2015,8,29,6,AA,324,N3KEAA,DCA,ORD,1510,1506.0,-4.0,17.0,1523.0,132.0,118.0,90.0,612,1553.0,11.0,1622,1604.0,-18.0,0,0,,0.0,0.0,0.0,0.0,0.0,2015-08-29,0,0.0,0.0,0.0,0.0,0.0
2015,8,28,5,AA,1425,N585AA,STL,ORD,1754,1754.0,0.0,13.0,1807.0,70.0,74.0,45.0,258,1852.0,16.0,1904,1908.0,4.0,0,0,,0.0,0.0,0.0,0.0,0.0,2015-08-28,0,0.0,0.0,0.0,0.0,0.0
2015,7,31,5,OO,4767,N816SK,LAX,SJC,830,830.0,0.0,26.0,856.0,81.0,76.0,46.0,308,942.0,4.0,951,946.0,-5.0,0,0,,0.0,0.0,0.0,0.0,0.0,2015-07-31,0,0.0,0.0,0.0,0.0,0.0
2015,8,30,7,UA,601,N811UA,ORD,AUS,907,903.0,-4.0,30.0,933.0,174.0,160.0,125.0,978,1138.0,5.0,1201,1143.0,-18.0,0,0,,0.0,0.0,0.0,0.0,0.0,2015-08-30,0,0.0,0.0,0.0,0.0,0.0
2015,8,21,5,DL,738,N997AT,AVL,ATL,625,622.0,-3.0,27.0,649.0,59.0,63.0,31.0,164,720.0,5.0,724,725.0,1.0,0,0,,0.0,0.0,0.0,0.0,0.0,2015-08-21,0,0.0,0.0,0.0,0.0,0.0
2015,7,24,5,WN,3038,N7711N,ATL,RSW,1340,1352.0,12.0,44.0,1436.0,100.0,125.0,77.0,515,1553.0,4.0,1520,1557.0,37.0,0,0,,25.0,0.0,12.0,0.0,0.0,2015-07-24,0,208.33,0.0,100.0,0.0,0.0
2015,7,26,7,MQ,3488,N9EAMQ,OMA,ORD,1545,1551.0,6.0,25.0,1616.0,96.0,94.0,61.0,416,1717.0,8.0,1721,1725.0,4.0,0,0,,0.0,0.0,0.0,0.0,0.0,2015-07-26,0,0.0,0.0,0.0,0.0,0.0
2015,7,28,2,DL,2064,N998DL,ATL,SDF,1620,1619.0,-1.0,32.0,1651.0,86.0,93.0,53.0,321,1744.0,8.0,1746,1752.0,6.0,0,0,,0.0,0.0,0.0,0.0,0.0,2015-07-28,0,0.0,0.0,0.0,0.0,0.0
2015,8,6,4,DL,2306,N916DE,GSP,ATL,830,828.0,-2.0,21.0,849.0,68.0,58.0,32.0,153,921.0,5.0,938,926.0,-12.0,0,0,,0.0,0.0,0.0,0.0,0.0,2015-08-06,0,0.0,0.0,0.0,0.0,0.0
2015,8,6,4,OO,4550,N8828D,BIS,MSP,1713,1717.0,4.0,34.0,1751.0,81.0,100.0,62.0,386,1853.0,4.0,1834,1857.0,23.0,0,0,,19.0,0.0,0.0,4.0,0.0,2015-08-06,0,475.0,0.0,0.0,100.0,0.0
2015,8,27,4,B6,1636,N535JB,LGB,SFO,2111,2101.0,-10.0,25.0,2126.0,80.0,87.0,56.0,354,2222.0,6.0,2231,2228.0,-3.0,0,0,,0.0,0.0,0.0,0.0,0.0,2015-08-27,0,0.0,0.0,0.0,0.0,0.0
2015,7,28,2,AA,1273,N3CLAA,SJU,DFW,1610,1604.0,-6.0,10.0,1614.0,304.0,276.0,257.0,2165,1931.0,9.0,2014,1940.0,-34.0,0,0,,0.0,0.0,0.0,0.0,0.0,2015-07-28,0,0.0,0.0,0.0,0.0,0.0
2015,7,30,4,UA,397,N833UA,ORD,LGA,1200,1201.0,1.0,21.0,1222.0,136.0,158.0,126.0,733,1528.0,11.0,1516,1539.0,23.0,0,0,,23.0,0.0,0.0,0.0,0.0,2015-07-30,0,2300.0,0.0,0.0,0.0,0.0
2015,8,10,1,VX,23,N840VA,JFK,SFO,1030,1024.0,-6.0,22.0,1046.0,375.0,380.0,352.0,2586,1338.0,6.0,1345,1344.0,-1.0,0,0,,0.0,0.0,0.0,0.0,0.0,2015-08-10,0,0.0,0.0,0.0,0.0,0.0
2015,8,27,4,EV,5987,N36915,ORD,EVV,834,827.0,-7.0,9.0,836.0,80.0,55.0,41.0,272,917.0,5.0,954,922.0,-32.0,0,0,,0.0,0.0,0.0,0.0,0.0,2015-08-27,0,0.0,0.0,0.0,0.0,0.0
2015,8,4,2,B6,823,N236JB,DCA,MCO,1440,1433.0,-7.0,19.0,1452.0,137.0,168.0,136.0,759,1708.0,13.0,1657,1721.0,24.0,0,0,,24.0,0.0,0.0,0.0,0.0,2015-08-04,0,-342.86,-0.0,-0.0,-0.0,-0.0
2015,7,31,5,EV,4897,N873AS,ATL,ROA,1804,1758.0,-6.0,23.0,1821.0,84.0,81.0,54.0,357,1915.0,4.0,1928,1919.0,-9.0,0,0,,0.0,0.0,0.0,0.0,0.0,2015-07-31,0,0.0,0.0,0.0,0.0,0.0
2015,8,5,3,WN,900,N724SW,SAN,IAD,1520,1535.0,15.0,7.0,1542.0,295.0,270.0,256.0,2253,2258.0,7.0,2315,2305.0,-10.0,0,0,,0.0,0.0,0.0,0.0,0.0,2015-08-05,0,0.0,0.0,0.0,0.0,0.0
2015,8,18,2,DL,2542,N982AT,ATL,JAN,2222,2329.0,67.0,17.0,2346.0,78.0,77.0,54.0,341,2340.0,6.0,2240,2346.0,66.0,0,0,,0.0,0.0,0.0,56.0,10.0,2015-08-18,1,0.0,0.0,0.0,83.58,14.93
2015,8,14,5,AA,1930,N918US,PDX,CLT,2215,2213.0,-2.0,14.0,2227.0,287.0,285.0,266.0,2282,553.0,5.0,602,558.0,-4.0,0,0,,0.0,0.0,0.0,0.0,0.0,2015-08-14,0,0.0,0.0,0.0,0.0,0.0
2015,8,9,7,B6,544,N592JB,PBI,EWR,1108,1104.0,-4.0,11.0,1115.0,171.0,166.0,146.0,1023,1341.0,9.0,1359,1350.0,-9.0,0,0,,0.0,0.0,0.0,0.0,0.0,2015-08-09,0,0.0,0.0,0.0,0.0,0.0
2015,8,29,6,DL,2304,N829DN,ATL,TPA,2205,2202.0,-3.0,21.0,2223.0,85.0,85.0,62.0,406,2325.0,2.0,2330,2327.0,-3.0,0,0,,0.0,0.0,0.0,0.0,0.0,2015-08-29,0,0.0,0.0,0.0,0.0,0.0
2015,8,14,5,B6,65,N632JB,JFK,ABQ,2000,1954.0,-6.0,40.0,2034.0,298.0,271.0,225.0,1826,2219.0,6.0,2258,2225.0,-33.0,0,0,,0.0,0.0,0.0,0.0,0.0,2015-08-14,0,0.0,0.0,0.0,0.0,0.0
2015,7,24,5,EV,4871,N925EV,BTR,ATL,830,915.0,45.0,10.0,925.0,90.0,87.0,71.0,448,1136.0,6.0,1100,1142.0,42.0,0,0,,0.0,0.0,42.0,0.0,0.0,2015-07-24,1,0.0,0.0,93.33,0.0,0.0
2015,8,27,4,MQ,3572,N902MQ,CMH,MIA,1812,1809.0,-3.0,14.0,1823.0,166.0,171.0,151.0,990,2054.0,6.0,2058,2100.0,2.0,0,0,,0.0,0.0,0.0,0.0,0.0,2015-08-27,0,0.0,0.0,0.0,0.0,0.0
2015,7,30,4,EV,2664,N904EV,GRK,DFW,1327,1329.0,2.0,8.0,1337.0,57.0,43.0,30.0,134,1407.0,5.0,1424,1412.0,-12.0,0,0,,0.0,0.0,0.0,0.0,0.0,2015-07-30,0,0.0,0.0,0.0,0.0,0.0
2015,8,13,4,UA,461,N815UA,SNA,DEN,701,654.0,-7.0,15.0,709.0,148.0,142.0,119.0,846,1008.0,8.0,1029,1016.0,-13.0,0,0,,0.0,0.0,0.0,0.0,0.0,2015-08-13,0,0.0,0.0,0.0,0.0,0.0
2015,7,26,7,WN,1114,N437WN,TPA,MDW,1400,1411.0,11.0,14.0,1425.0,160.0,154.0,138.0,997,1543.0,2.0,1540,1545.0,5.0,0,0,,0.0,0.0,0.0,0.0,0.0,2015-07-26,0,0.0,0.0,0.0,0.0,0.0
2015,8,1,6,AS,238,N318AS,SEA,SAN,645,642.0,-3.0,15.0,657.0,163.0,164.0,145.0,1050,922.0,4.0,928,926.0,-2.0,0,0,,0.0,0.0,0.0,0.0,0.0,2015-08-01,0,0.0,0.0,0.0,0.0,0.0
2015,8,6,4,MQ,3342,N854MQ,DFW,GRI,1150,1150.0,0.0,17.0,1207.0,114.0,103.0,83.0,561,1330.0,3.0,1344,1333.0,-11.0,0,0,,0.0,0.0,0.0,0.0,0.0,2015-08-06,0,0.0,0.0,0.0,0.0,0.0
2015,8,4,2,WN,1985,N514SW,DAL,AMA,1230,1229.0,-1.0,8.0,1237.0,65.0,64.0,52.0,323,1329.0,4.0,1335,1333.0,-2.0,0,0,,0.0,0.0,0.0,0.0,0.0,2015-08-04,0,0.0,0.0,0.0,0.0,0.0
2015,8,3,1,EV,4893,N133EV,ATL,GRK,1951,2118.0,87.0,17.0,2135.0,133.0,127.0,106.0,803,2221.0,4.0,2104,2225.0,81.0,0,0,,0.0,0.0,0.0,81.0,0.0,2015-08-03,1,0.0,0.0,0.0,93.1,0.0
2015,7,26,7,DL,1692,N130DL,SAN,ATL,1035,1034.0,-1.0,18.0,1052.0,270.0,250.0,221.0,1892,1733.0,11.0,1805,1744.0,-21.0,0,0,,0.0,0.0,0.0,0.0,0.0,2015-07-26,0,0.0,0.0,0.0,0.0,0.0
2015,8,2,7,AA,160,N3DXAA,BOS,ORD,900,853.0,-7.0,13.0,906.0,168.0,146.0,127.0,867,1013.0,6.0,1048,1019.0,-29.0,0,0,,0.0,0.0,0.0,0.0,0.0,2015-08-02,0,0.0,0.0,0.0,0.0,0.0
2015,8,2,7,MQ,3321,N681MQ,DFW,ROW,1520,1515.0,-5.0,14.0,1529.0,95.0,89.0,70.0,435,1539.0,5.0,1555,1544.0,-11.0,0,0,,0.0,0.0,0.0,0.0,0.0,2015-08-02,0,0.0,0.0,0.0,0.0,0.0
2015,8,15,6,DL,2077,N309DE,ATL,CHS,1715,1714.0,-1.0,12.0,1726.0,76.0,56.0,40.0,259,1806.0,4.0,1831,1810.0,-21.0,0,0,,0.0,0.0,0.0,0.0,0.0,2015-08-15,0,0.0,0.0,0.0,0.0,0.0
2015,8,18,2,VX,69,N639VA,IAD,SFO,1015,1014.0,-1.0,11.0,1025.0,340.0,347.0,325.0,2419,1250.0,11.0,1255,1301.0,6.0,0,0,,0.0,0.0,0.0,0.0,0.0,2015-08-18,0,0.0,0.0,0.0,0.0,0.0
2015,7,26,7,AA,322,N3JUAA,SJU,DFW,630,627.0,-3.0,10.0,637.0,303.0,274.0,258.0,2165,955.0,6.0,1033,1001.0,-32.0,0,0,,0.0,0.0,0.0,0.0,0.0,2015-07-26,0,0.0,0.0,0.0,0.0,0.0
2015,8,12,3,WN,1690,N200WN,LAS,MDW,1915,1928.0,13.0,8.0,1936.0,205.0,192.0,180.0,1521,36.0,4.0,40,40.0,0.0,0,0,,0.0,0.0,0.0,0.0,0.0,2015-08-12,0,0.0,0.0,0.0,0.0,0.0
2015,8,13,4,DL,370,N837DN,ATL,LAX,1500,1502.0,2.0,32.0,1534.0,285.0,274.0,236.0,1947,1630.0,6.0,1645,1636.0,-9.0,0,0,,0.0,0.0,0.0,0.0,0.0,2015-08-13,0,0.0,0.0,0.0,0.0,0.0
2015,8,10,1,EV,2617,N675AE,DFW,TXK,850,840.0,-10.0,19.0,859.0,58.0,61.0,38.0,181,937.0,4.0,948,941.0,-7.0,0,0,,0.0,0.0,0.0,0.0,0.0,2015-08-10,0,0.0,0.0,0.0,0.0,0.0
2015,8,9,7,AA,1165,N3HPAA,DFW,PHX,855,852.0,-3.0,38.0,930.0,154.0,168.0,125.0,868,935.0,5.0,929,940.0,11.0,0,0,,0.0,0.0,0.0,0.0,0.0,2015-08-09,0,0.0,0.0,0.0,0.0,0.0
2015,8,25,2,OO,6373,N135SY,SFO,DFW,800,752.0,-8.0,25.0,817.0,224.0,228.0,194.0,1464,1331.0,9.0,1344,1340.0,-4.0,0,0,,0.0,0.0,0.0,0.0,0.0,2015-08-25,0,0.0,0.0,0.0,0.0,0.0
2015,8,9,7,EV,4158,N11193,BOS,CLE,1301,1339.0,38.0,10.0,1349.0,124.0,101.0,87.0,563,1516.0,4.0,1505,1520.0,15.0,0,0,,0.0,0.0,0.0,15.0,0.0,2015-08-09,1,0.0,0.0,0.0,39.47,0.0
2015,7,24,5,AA,2153,N705UW,DCA,LGA,1700,1655.0,-5.0,17.0,1712.0,85.0,67.0,43.0,214,1755.0,7.0,1825,1802.0,-23.0,0,0,,0.0,0.0,0.0,0.0,0.0,2015-07-24,0,0.0,0.0,0.0,0.0,0.0
2015,8,29,6,AS,140,N797AS,ANC,PDX,1135,1128.0,-7.0,10.0,1138.0,210.0,223.0,209.0,1542,1607.0,4.0,1605,1611.0,6.0,0,0,,0.0,0.0,0.0,0.0,0.0,2015-08-29,0,0.0,0.0,0.0,0.0,0.0
2015,8,16,7,AA,1812,N155UW,CLT,BOS,2215,2214.0,-1.0,11.0,2225.0,123.0,124.0,102.0,728,7.0,11.0,18,18.0,0.0,0,0,,0.0,0.0,0.0,0.0,0.0,2015-08-16,0,0.0,0.0,0.0,0.0,0.0
2015,8,6,4,WN,4531,N608SW,RDU,MDW,1500,1536.0,36.0,17.0,1553.0,115.0,133.0,99.0,632,1632.0,17.0,1555,1649.0,54.0,0,0,,18.0,0.0,0.0,0.0,36.0,2015-08-06,1,50.0,0.0,0.0,0.0,100.0
2015,7,26,7,UA,468,N419UA,PDX,EWR,2138,2136.0,-2.0,14.0,2150.0,308.0,296.0,276.0,2434,526.0,6.0,546,532.0,-14.0,0,0,,0.0,0.0,0.0,0.0,0.0,2015-07-26,0,0.0,0.0,0.0,0.0,0.0
2015,8,13,4,DL,2839,N347NB,MIA,LGA,730,731.0,1.0,15.0,746.0,182.0,164.0,145.0,1096,1011.0,4.0,1032,1015.0,-17.0,0,0,,0.0,0.0,0.0,0.0,0.0,2015-08-13,0,0.0,0.0,0.0,0.0,0.0
2015,8,17,1,DL,150,N911DA,ATL,DCA,1220,1218.0,-2.0,9.0,1227.0,111.0,89.0,76.0,547,1343.0,4.0,1411,1347.0,-24.0,0,0,,0.0,0.0,0.0,0.0,0.0,2015-08-17,0,0.0,0.0,0.0,0.0,0.0
2015,8,21,5,DL,2821,N959AT,SDF,ATL,1947,1935.0,-12.0,19.0,1954.0,93.0,95.0,55.0,321,2049.0,21.0,2120,2110.0,-10.0,0,0,,0.0,0.0,0.0,0.0,0.0,2015-08-21,0,0.0,0.0,0.0,0.0,0.0
2015,8,7,5,UA,195,N76523,IAH,LAS,901,903.0,2.0,15.0,918.0,193.0,189.0,167.0,1222,1005.0,7.0,1014,1012.0,-2.0,0,0,,0.0,0.0,0.0,0.0,0.0,2015-08-07,0,0.0,0.0,0.0,0.0,0.0
2015,8,16,7,WN,2603,N653SW,BWI,STL,625,624.0,-1.0,17.0,641.0,135.0,118.0,98.0,738,719.0,3.0,740,722.0,-18.0,0,0,,0.0,0.0,0.0,0.0,0.0,2015-08-16,0,0.0,0.0,0.0,0.0,0.0
2015,7,31,5,NK,714,N616NK,MYR,PHL,1000,947.0,-13.0,9.0,956.0,90.0,82.0,69.0,473,1105.0,4.0,1130,1109.0,-21.0,0,0,,0.0,0.0,0.0,0.0,0.0,2015-07-31,0,0.0,0.0,0.0,0.0,0.0
2015,7,30,4,AA,143,N3DRAA,SEA,DFW,1315,1312.0,-3.0,29.0,1341.0,235.0,244.0,200.0,1660,1901.0,15.0,1910,1916.0,6.0,0,0,,0.0,0.0,0.0,0.0,0.0,2015-07-30,0,0.0,0.0,0.0,0.0,0.0
2015,8,17,1,DL,1988,N681DA,SLC,EWR,956,956.0,0.0,19.0,1015.0,268.0,263.0,240.0,1969,1615.0,4.0,1624,1619.0,-5.0,0,0,,0.0,0.0,0.0,0.0,0.0,2015-08-17,0,0.0,0.0,0.0,0.0,0.0
2015,8,11,2,DL,1113,N902DA,ORF,ATL,940,1027.0,47.0,14.0,1041.0,104.0,98.0,79.0,516,1200.0,5.0,1124,1205.0,41.0,0,0,,0.0,0.0,1.0,40.0,0.0,2015-08-11,1,0.0,0.0,2.13,85.11,0.0
2015,8,14,5,B6,124,N946JB,LAX,JFK,830,826.0,-4.0,10.0,836.0,333.0,314.0,300.0,2475,1636.0,4.0,1703,1640.0,-23.0,0,0,,0.0,0.0,0.0,0.0,0.0,2015-08-14,0,0.0,0.0,0.0,0.0,0.0
2015,8,19,3,OO,6223,N718SK,CVG,ORD,938,941.0,3.0,12.0,953.0,77.0,63.0,45.0,265,938.0,6.0,955,944.0,-11.0,0,0,,0.0,0.0,0.0,0.0,0.0,2015-08-19,0,0.0,0.0,0.0,0.0,0.0
2015,8,30,7,AA,149,N4UBAA,ELP,DFW,1146,1151.0,5.0,11.0,1202.0,108.0,99.0,78.0,551,1420.0,10.0,1434,1430.0,-4.0,0,0,,0.0,0.0,0.0,0.0,0.0,2015-08-30,0,0.0,0.0,0.0,0.0,0.0
2015,7,27,1,WN,347,N8325D,SLC,BWI,745,745.0,0.0,9.0,754.0,250.0,229.0,214.0,1865,1328.0,6.0,1355,1334.0,-21.0,0,0,,0.0,0.0,0.0,0.0,0.0,2015-07-27,0,0.0,0.0,0.0,0.0,0.0
2015,8,14,5,OO,5456,N593ML,SFO,ONT,830,822.0,-8.0,14.0,836.0,91.0,83.0,66.0,363,942.0,3.0,1001,945.0,-16.0,0,0,,0.0,0.0,0.0,0.0,0.0,2015-08-14,0,0.0,0.0,0.0,0.0,0.0
2015,8,7,5,EV,6026,N15910,ORD,SCE,1840,1845.0,5.0,34.0,1919.0,103.0,114.0,72.0,528,2131.0,8.0,2123,2139.0,16.0,0,0,,11.0,0.0,5.0,0.0,0.0,2015-08-07,0,220.0,0.0,100.0,0.0,0.0
2015,7,27,1,UA,1192,N35204,SFO,LAX,1900,1932.0,32.0,35.0,2007.0,104.0,103.0,55.0,337,2102.0,13.0,2044,2115.0,31.0,0,0,,31.0,0.0,0.0,0.0,0.0,2015-07-27,1,96.88,0.0,0.0,0.0,0.0
2015,7,29,3,DL,1473,N841DN,SEA,JFK,1115,1141.0,26.0,21.0,1202.0,330.0,307.0,276.0,2422,1938.0,10.0,1945,1948.0,3.0,0,0,,0.0,0.0,0.0,0.0,0.0,2015-07-29,1,0.0,0.0,0.0,0.0,0.0
2015,7,31,5,WN,251,N511SW,AMA,DAL,1405,1421.0,16.0,8.0,1429.0,65.0,65.0,54.0,323,1523.0,3.0,1510,1526.0,16.0,0,0,,0.0,0.0,3.0,13.0,0.0,2015-07-31,1,0.0,0.0,18.75,81.25,0.0
2015,8,2,7,DL,808,N931DN,MSP,BOS,657,655.0,-2.0,11.0,706.0,164.0,155.0,138.0,1124,1024.0,6.0,1041,1030.0,-11.0,0,0,,0.0,0.0,0.0,0.0,0.0,2015-08-02,0,0.0,0.0,0.0,0.0,0.0
2015,8,28,5,WN,2125,N408WN,MCI,LAS,1330,1324.0,-6.0,10.0,1334.0,185.0,177.0,160.0,1139,1414.0,7.0,1435,1421.0,-14.0,0,0,,0.0,0.0,0.0,0.0,0.0,2015-08-28,0,0.0,0.0,0.0,0.0,0.0
2015,8,8,6,DL,1695,N940DL,CMH,ATL,1645,1648.0,3.0,8.0,1656.0,98.0,77.0,64.0,447,1800.0,5.0,1823,1805.0,-18.0,0,0,,0.0,0.0,0.0,0.0,0.0,2015-08-08,0,0.0,0.0,0.0,0.0,0.0
2015,8,6,4,DL,1295,N318NB,ATL,PIT,910,907.0,-3.0,17.0,924.0,96.0,95.0,71.0,526,1035.0,7.0,1046,1042.0,-4.0,0,0,,0.0,0.0,0.0,0.0,0.0,2015-08-06,0,0.0,0.0,0.0,0.0,0.0
2015,8,28,5,AA,873,N575UW,CLT,ATL,1319,1315.0,-4.0,27.0,1342.0,83.0,81.0,49.0,226,1431.0,5.0,1442,1436.0,-6.0,0,0,,0.0,0.0,0.0,0.0,0.0,2015-08-28,0,0.0,0.0,0.0,0.0,0.0
2015,8,25,2,OO,5548,N144SY,DEN,MCI,1240,1242.0,2.0,15.0,1257.0,100.0,101.0,78.0,533,1515.0,8.0,1520,1523.0,3.0,0,0,,0.0,0.0,0.0,0.0,0.0,2015-08-25,0,0.0,0.0,0.0,0.0,0.0
2015,8,1,6,AA,122,N873AA,DFW,MCO,1015,1055.0,40.0,13.0,1108.0,160.0,194.0,143.0,985,1431.0,38.0,1355,1509.0,74.0,0,0,,34.0,0.0,40.0,0.0,0.0,2015-08-01,1,85.0,0.0,100.0,0.0,0.0
2015,8,23,7,WN,169,N229WN,PHX,MKE,1725,1834.0,69.0,11.0,1845.0,195.0,192.0,174.0,1460,2339.0,7.0,2240,2346.0,66.0,0,0,,0.0,0.0,66.0,0.0,0.0,2015-08-23,1,0.0,0.0,95.65,0.0,0.0
2015,7,23,4,EV,4991,N232PQ,AVP,ATL,600,1259.0,419.0,10.0,1309.0,120.0,173.0,152.0,714,1541.0,11.0,800,1552.0,472.0,0,0,,53.0,0.0,419.0,0.0,0.0,2015-07-23,1,12.65,0.0,100.0,0.0,0.0
2015,7,23,4,AS,20,N303AS,SEA,ORD,55,48.0,-7.0,11.0,59.0,225.0,232.0,208.0,1721,627.0,13.0,640,640.0,0.0,0,0,,0.0,0.0,0.0,0.0,0.0,2015-07-23,0,0.0,0.0,0.0,0.0,0.0
2015,8,13,4,AA,2452,N3LLAA,SJC,ORD,1430,1422.0,-8.0,10.0,1432.0,255.0,239.0,215.0,1829,2007.0,14.0,2045,2021.0,-24.0,0,0,,0.0,0.0,0.0,0.0,0.0,2015-08-13,0,0.0,0.0,0.0,0.0,0.0
2015,8,7,5,AA,573,N741UW,RSW,PHL,600,553.0,-7.0,17.0,610.0,158.0,170.0,148.0,993,838.0,5.0,838,843.0,5.0,0,0,,0.0,0.0,0.0,0.0,0.0,2015-08-07,0,0.0,0.0,0.0,0.0,0.0
2015,7,30,4,NK,847,N640NK,ORD,DEN,1055,1048.0,-7.0,9.0,1057.0,149.0,150.0,135.0,888,1212.0,6.0,1224,1218.0,-6.0,0,0,,0.0,0.0,0.0,0.0,0.0,2015-07-30,0,0.0,0.0,0.0,0.0,0.0
2015,8,9,7,B6,211,N646JB,LAS,LGB,948,951.0,3.0,19.0,1010.0,64.0,64.0,41.0,231,1051.0,4.0,1052,1055.0,3.0,0,0,,0.0,0.0,0.0,0.0,0.0,2015-08-09,0,0.0,0.0,0.0,0.0,0.0
2015,8,11,2,B6,1433,N296JB,MCO,SJU,2330,2342.0,12.0,10.0,2352.0,169.0,163.0,149.0,1189,221.0,4.0,219,225.0,6.0,0,0,,0.0,0.0,0.0,0.0,0.0,2015-08-11,0,0.0,0.0,0.0,0.0,0.0
2015,8,12,3,WN,927,N7705A,FLL,HOU,605,609.0,4.0,14.0,623.0,160.0,145.0,121.0,957,724.0,10.0,745,734.0,-11.0,0,0,,0.0,0.0,0.0,0.0,0.0,2015-08-12,0,0.0,0.0,0.0,0.0,0.0
2015,7,25,6,OO,5205,N971SW,BNA,ORD,1100,1044.0,-16.0,14.0,1058.0,100.0,93.0,73.0,409,1211.0,6.0,1240,1217.0,-23.0,0,0,,0.0,0.0,0.0,0.0,0.0,2015-07-25,0,0.0,0.0,0.0,0.0,0.0
2015,7,29,3,DL,54,N937DL,IAH,ATL,1750,1745.0,-5.0,14.0,1759.0,134.0,118.0,94.0,689,2033.0,10.0,2104,2043.0,-21.0,0,0,,0.0,0.0,0.0,0.0,0.0,2015-07-29,0,0.0,0.0,0.0,0.0,0.0
2015,8,28,5,WN,966,N655WN,TPA,ATL,1345,1342.0,-3.0,10.0,1352.0,100.0,89.0,65.0,406,1457.0,14.0,1525,1511.0,-14.0,0,0,,0.0,0.0,0.0,0.0,0.0,2015-08-28,0,0.0,0.0,0.0,0.0,0.0
2015,8,14,5,AA,2368,N4WJAA,DEN,ORD,1216,1214.0,-2.0,28.0,1242.0,149.0,161.0,120.0,888,1542.0,13.0,1545,1555.0,10.0,0,0,,0.0,0.0,0.0,0.0,0.0,2015-08-14,0,0.0,0.0,0.0,0.0,0.0
2015,8,21,5,AA,1156,N3HVAA,DFW,LGA,1640,1644.0,4.0,14.0,1658.0,211.0,202.0,182.0,1389,2100.0,6.0,2111,2106.0,-5.0,0,0,,0.0,0.0,0.0,0.0,0.0,2015-08-21,0,0.0,0.0,0.0,0.0,0.0
2015,7,27,1,WN,1257,N426WN,HOU,ABQ,1440,1512.0,32.0,7.0,1519.0,125.0,107.0,95.0,759,1554.0,5.0,1545,1559.0,14.0,0,0,,0.0,0.0,0.0,0.0,0.0,2015-07-27,1,0.0,0.0,0.0,0.0,0.0
2015,8,17,1,WN,1770,N8618N,LAS,BNA,835,830.0,-5.0,13.0,843.0,215.0,211.0,190.0,1587,1353.0,8.0,1410,1401.0,-9.0,0,0,,0.0,0.0,0.0,0.0,0.0,2015-08-17,0,0.0,0.0,0.0,0.0,0.0
2015,8,10,1,F9,241,N922FR,BNA,DEN,1330,1326.0,-4.0,9.0,1335.0,163.0,160.0,142.0,1014,1457.0,9.0,1513,1506.0,-7.0,0,0,,0.0,0.0,0.0,0.0,0.0,2015-08-10,0,0.0,0.0,0.0,0.0,0.0
2015,7,29,3,HA,288,N484HA,HNL,KOA,1550,1549.0,-1.0,10.0,1559.0,43.0,43.0,28.0,163,1627.0,5.0,1633,1632.0,-1.0,0,0,,0.0,0.0,0.0,0.0,0.0,2015-07-29,0,0.0,0.0,0.0,0.0,0.0
2015,8,19,3,DL,1276,N937DL,CMH,ATL,1220,1214.0,-6.0,9.0,1223.0,104.0,86.0,72.0,447,1335.0,5.0,1404,1340.0,-24.0,0,0,,0.0,0.0,0.0,0.0,0.0,2015-08-19,0,0.0,0.0,0.0,0.0,0.0
2015,8,7,5,DL,2282,N552NW,MCO,MSP,1848,1906.0,18.0,19.0,1925.0,204.0,210.0,185.0,1310,2130.0,6.0,2112,2136.0,24.0,0,0,,6.0,0.0,0.0,18.0,0.0,2015-08-07,1,33.33,0.0,0.0,100.0,0.0
2015,7,23,4,UA,1946,N27421,SFO,BOS,600,558.0,-2.0,15.0,613.0,346.0,322.0,302.0,2704,1415.0,5.0,1446,1420.0,-26.0,0,0,,0.0,0.0,0.0,0.0,0.0,2015-07-23,0,0.0,0.0,0.0,0.0,0.0
2015,8,8,6,F9,607,N206FR,MIA,ATL,1340,1354.0,14.0,16.0,1410.0,125.0,117.0,89.0,594,1539.0,12.0,1545,1551.0,6.0,0,0,,0.0,0.0,0.0,0.0,0.0,2015-08-08,0,0.0,0.0,0.0,0.0,0.0
2015,8,3,1,UA,672,N474UA,LGA,IAH,1450,1451.0,1.0,15.0,1506.0,236.0,228.0,189.0,1416,1715.0,24.0,1746,1739.0,-7.0,0,0,,0.0,0.0,0.0,0.0,0.0,2015-08-03,0,0.0,0.0,0.0,0.0,0.0
2015,8,11,2,MQ,3579,N628MQ,ORD,CLE,825,828.0,3.0,8.0,836.0,79.0,85.0,53.0,315,1029.0,24.0,1044,1053.0,9.0,0,0,,0.0,0.0,0.0,0.0,0.0,2015-08-11,0,0.0,0.0,0.0,0.0,0.0
2015,8,9,7,WN,2490,N967WN,BWI,PBI,825,825.0,0.0,7.0,832.0,155.0,115.0,105.0,883,1017.0,3.0,1100,1020.0,-40.0,0,0,,0.0,0.0,0.0,0.0,0.0,2015-08-09,0,0.0,0.0,0.0,0.0,0.0
2015,7,24,5,EV,4184,N22909,TUL,ORD,1740,1750.0,10.0,13.0,1803.0,120.0,111.0,86.0,585,1929.0,12.0,1940,1941.0,1.0,0,0,,0.0,0.0,0.0,0.0,0.0,2015-07-24,0,0.0,0.0,0.0,0.0,0.0
2015,8,28,5,DL,863,N972DL,ATL,BHM,830,826.0,-4.0,22.0,848.0,50.0,54.0,29.0,134,817.0,3.0,820,820.0,0.0,0,0,,0.0,0.0,0.0,0.0,0.0,2015-08-28,0,0.0,0.0,0.0,0.0,0.0
2015,8,15,6,EV,4555,N15986,IAH,BRO,906,902.0,-4.0,14.0,916.0,75.0,72.0,48.0,308,1004.0,10.0,1021,1014.0,-7.0,0,0,,0.0,0.0,0.0,0.0,0.0,2015-08-15,0,0.0,0.0,0.0,0.0,0.0
2015,8,22,6,DL,1293,N969DL,ATL,MSY,1500,1500.0,0.0,16.0,1516.0,92.0,86.0,63.0,425,1519.0,7.0,1532,1526.0,-6.0,0,0,,0.0,0.0,0.0,0.0,0.0,2015-08-22,0,0.0,0.0,0.0,0.0,0.0
2015,8,13,4,OO,4512,N912EV,DTW,CVG,1356,1351.0,-5.0,16.0,1407.0,71.0,62.0,43.0,229,1450.0,3.0,1507,1453.0,-14.0,0,0,,0.0,0.0,0.0,0.0,0.0,2015-08-13,0,0.0,0.0,0.0,0.0,0.0
2015,7,27,1,AA,1489,N3FTAA,SEA,DFW,1007,1002.0,-5.0,11.0,1013.0,233.0,219.0,195.0,1660,1528.0,13.0,1600,1541.0,-19.0,0,0,,0.0,0.0,0.0,0.0,0.0,2015-07-27,0,0.0,0.0,0.0,0.0,0.0
2015,8,13,4,AA,1774,N114UW,CLT,DTW,2215,2210.0,-5.0,19.0,2229.0,102.0,99.0,74.0,500,2343.0,6.0,2357,2349.0,-8.0,0,0,,0.0,0.0,0.0,0.0,0.0,2015-08-13,0,0.0,0.0,0.0,0.0,0.0
2015,7,30,4,DL,1934,N917DE,PBI,ATL,1340,1332.0,-8.0,18.0,1350.0,115.0,123.0,93.0,545,1523.0,12.0,1535,1535.0,0.0,0,0,,0.0,0.0,0.0,0.0,0.0,2015-07-30,0,0.0,0.0,0.0,0.0,0.0
2015,7,29,3,WN,4120,N936WN,SAN,SMF,820,817.0,-3.0,7.0,824.0,90.0,76.0,64.0,480,928.0,5.0,950,933.0,-17.0,0,0,,0.0,0.0,0.0,0.0,0.0,2015-07-29,0,0.0,0.0,0.0,0.0,0.0
2015,8,10,1,EV,5070,N754EV,FSD,MSP,1654,1647.0,-7.0,9.0,1656.0,66.0,51.0,36.0,196,1732.0,6.0,1800,1738.0,-22.0,0,0,,0.0,0.0,0.0,0.0,0.0,2015-08-10,0,0.0,0.0,0.0,0.0,0.0
2015,8,24,1,MQ,3479,N670MQ,ORD,MLI,835,834.0,-1.0,21.0,855.0,58.0,52.0,27.0,139,922.0,4.0,933,926.0,-7.0,0,0,,0.0,0.0,0.0,0.0,0.0,2015-08-24,0,0.0,0.0,0.0,0.0,0.0
2015,8,19,3,WN,818,N370SW,MKE,ATL,1655,1701.0,6.0,29.0,1730.0,120.0,142.0,106.0,669,2016.0,7.0,1955,2023.0,28.0,0,0,,22.0,0.0,1.0,5.0,0.0,2015-08-19,0,366.67,0.0,16.67,83.33,0.0
2015,7,28,2,WN,2867,N264LV,FLL,PVD,1120,1120.0,0.0,6.0,1126.0,185.0,181.0,170.0,1188,1416.0,5.0,1425,1421.0,-4.0,0,0,,0.0,0.0,0.0,0.0,0.0,2015-07-28,0,0.0,0.0,0.0,0.0,0.0
2015,8,27,4,AA,1323,N502AA,ORD,STL,1846,1848.0,2.0,18.0,1906.0,83.0,64.0,40.0,258,1946.0,6.0,2009,1952.0,-17.0,0,0,,0.0,0.0,0.0,0.0,0.0,2015-08-27,0,0.0,0.0,0.0,0.0,0.0
2015,8,3,1,WN,319,N479WN,TPA,ATL,1855,1850.0,-5.0,9.0,1859.0,90.0,90.0,69.0,406,2008.0,12.0,2025,2020.0,-5.0,0,0,,0.0,0.0,0.0,0.0,0.0,2015-08-03,0,0.0,0.0,0.0,0.0,0.0
2015,7,26,7,MQ,3506,N520MQ,ORD,BNA,2145,2150.0,5.0,20.0,2210.0,88.0,93.0,70.0,409,2320.0,3.0,2313,2323.0,10.0,0,0,,0.0,0.0,0.0,0.0,0.0,2015-07-26,0,0.0,0.0,0.0,0.0,0.0
2015,8,27,4,WN,1295,N469WN,SAN,DEN,2025,2027.0,2.0,9.0,2036.0,135.0,120.0,106.0,853,2322.0,5.0,2340,2327.0,-13.0,0,0,,0.0,0.0,0.0,0.0,0.0,2015-08-27,0,0.0,0.0,0.0,0.0,0.0
2015,8,28,5,F9,1082,N208FR,MSP,IAD,1720,1714.0,-6.0,12.0,1726.0,139.0,132.0,113.0,908,2019.0,7.0,2039,2026.0,-13.0,0,0,,0.0,0.0,0.0,0.0,0.0,2015-08-28,0,0.0,0.0,0.0,0.0,0.0
2015,8,5,3,WN,3401,N637SW,OAK,LAX,1500,1457.0,-3.0,9.0,1506.0,80.0,70.0,55.0,337,1601.0,6.0,1620,1607.0,-13.0,0,0,,0.0,0.0,0.0,0.0,0.0,2015-08-05,0,0.0,0.0,0.0,0.0,0.0
2015,8,2,7,WN,574,N406WN,SJC,SEA,1330,1334.0,4.0,12.0,1346.0,120.0,113.0,92.0,697,1518.0,9.0,1530,1527.0,-3.0,0,0,,0.0,0.0,0.0,0.0,0.0,2015-08-02,0,0.0,0.0,0.0,0.0,0.0
2015,8,12,3,AA,2450,N5FDAA,LAX,DFW,835,842.0,7.0,19.0,901.0,197.0,193.0,163.0,1235,1344.0,11.0,1352,1355.0,3.0,0,0,,0.0,0.0,0.0,0.0,0.0,2015-08-12,0,0.0,0.0,0.0,0.0,0.0
2015,7,27,1,AA,1628,N3BVAA,SEA,ORD,1054,1046.0,-8.0,21.0,1107.0,240.0,242.0,205.0,1721,1632.0,16.0,1654,1648.0,-6.0,0,0,,0.0,0.0,0.0,0.0,0.0,2015-07-27,0,0.0,0.0,0.0,0.0,0.0
2015,8,14,5,EV,4264,N14570,IAH,HRL,910,901.0,-9.0,9.0,910.0,68.0,58.0,46.0,295,956.0,3.0,1018,959.0,-19.0,0,0,,0.0,0.0,0.0,0.0,0.0,2015-08-14,0,0.0,0.0,0.0,0.0,0.0
2015,8,22,6,B6,1208,N183JB,IAD,JFK,645,636.0,-9.0,11.0,647.0,78.0,67.0,45.0,228,732.0,11.0,803,743.0,-20.0,0,0,,0.0,0.0,0.0,0.0,0.0,2015-08-22,0,0.0,0.0,0.0,0.0,0.0
2015,8,27,4,DL,2282,N692DL,MSP,MCO,1316,1311.0,-5.0,28.0,1339.0,192.0,202.0,163.0,1310,1722.0,11.0,1728,1733.0,5.0,0,0,,0.0,0.0,0.0,0.0,0.0,2015-08-27,0,0.0,0.0,0.0,0.0,0.0
2015,8,5,3,DL,2557,N329NB,ORF,ATL,530,528.0,-2.0,11.0,539.0,101.0,94.0,75.0,516,654.0,8.0,711,702.0,-9.0,0,0,,0.0,0.0,0.0,0.0,0.0,2015-08-05,0,0.0,0.0,0.0,0.0,0.0
2015,7,30,4,AA,1300,N3GDAA,MSY,DFW,1748,1802.0,14.0,15.0,1817.0,97.0,91.0,68.0,447,1925.0,8.0,1925,1933.0,8.0,0,0,,0.0,0.0,0.0,0.0,0.0,2015-07-30,0,0.0,0.0,0.0,0.0,0.0
2015,8,11,2,DL,943,N3769L,SEA,ANC,1210,1210.0,0.0,13.0,1223.0,205.0,213.0,192.0,1448,1435.0,8.0,1435,1443.0,8.0,0,0,,0.0,0.0,0.0,0.0,0.0,2015-08-11,0,0.0,0.0,0.0,0.0,0.0
2015,8,1,6,UA,478,N440UA,SFO,LAX,710,704.0,-6.0,17.0,721.0,100.0,93.0,59.0,337,820.0,17.0,850,837.0,-13.0,0,0,,0.0,0.0,0.0,0.0,0.0,2015-08-01,0,0.0,0.0,0.0,0.0,0.0
2015,8,15,6,WN,1483,N245WN,HOU,LAX,1950,2152.0,122.0,7.0,2159.0,210.0,193.0,174.0,1390,2253.0,12.0,2120,2305.0,105.0,0,0,,0.0,0.0,14.0,91.0,0.0,2015-08-15,1,0.0,0.0,11.48,74.59,0.0
2015,8,24,1,UA,607,N487UA,BOS,EWR,1110,1108.0,-2.0,27.0,1135.0,94.0,81.0,50.0,200,1225.0,4.0,1244,1229.0,-15.0,0,0,,0.0,0.0,0.0,0.0,0.0,2015-08-24,0,0.0,0.0,0.0,0.0,0.0
2015,8,27,4,AA,2354,N3BGAA,ORD,LAS,707,813.0,66.0,8.0,821.0,238.0,206.0,194.0,1514,935.0,4.0,905,939.0,34.0,0,0,,0.0,0.0,34.0,0.0,0.0,2015-08-27,1,0.0,0.0,51.52,0.0,0.0
2015,8,11,2,MQ,3265,N625MQ,PNS,MIA,600,639.0,39.0,10.0,649.0,106.0,99.0,83.0,530,912.0,6.0,846,918.0,32.0,0,0,,0.0,0.0,32.0,0.0,0.0,2015-08-11,1,0.0,0.0,82.05,0.0,0.0
2015,8,16,7,B6,1348,N645JB,SJU,DCA,1811,2009.0,118.0,13.0,2022.0,228.0,223.0,206.0,1554,2348.0,4.0,2159,2352.0,113.0,0,0,,0.0,0.0,8.0,105.0,0.0,2015-08-16,1,0.0,0.0,6.78,88.98,0.0
2015,8,22,6,WN,1613,N606SW,TUS,DEN,1510,1504.0,-6.0,11.0,1515.0,110.0,104.0,87.0,639,1742.0,6.0,1800,1748.0,-12.0,0,0,,0.0,0.0,0.0,0.0,0.0,2015-08-22,0,0.0,0.0,0.0,0.0,0.0
2015,7,22,3,WN,841,N298WN,JAX,BNA,2005,2008.0,3.0,7.0,2015.0,90.0,83.0,71.0,483,2026.0,5.0,2035,2031.0,-4.0,0,0,,0.0,0.0,0.0,0.0,0.0,2015-07-22,0,0.0,0.0,0.0,0.0,0.0
2015,8,1,6,EV,2624,N675AE,BRO,DFW,600,550.0,-10.0,16.0,606.0,104.0,98.0,76.0,482,722.0,6.0,744,728.0,-16.0,0,0,,0.0,0.0,0.0,0.0,0.0,2015-08-01,0,0.0,0.0,0.0,0.0,0.0
2015,8,21,5,B6,698,N583JB,MCO,LGA,1916,1932.0,16.0,19.0,1951.0,163.0,163.0,129.0,950,2200.0,15.0,2159,2215.0,16.0,0,0,,0.0,0.0,16.0,0.0,0.0,2015-08-21,1,0.0,0.0,100.0,0.0,0.0
2015,7,30,4,MQ,3310,N679MQ,SJT,DFW,1625,1623.0,-2.0,13.0,1636.0,69.0,64.0,43.0,229,1719.0,8.0,1734,1727.0,-7.0,0,0,,0.0,0.0,0.0,0.0,0.0,2015-07-30,0,0.0,0.0,0.0,0.0,0.0
2015,8,22,6,DL,2379,N949DN,PDX,MSP,45,42.0,-3.0,10.0,52.0,188.0,178.0,163.0,1426,535.0,5.0,553,540.0,-13.0,0,0,,0.0,0.0,0.0,0.0,0.0,2015-08-22,0,0.0,0.0,0.0,0.0,0.0
2015,8,14,5,AA,1764,N831AW,DCA,MCI,1020,1014.0,-6.0,20.0,1034.0,164.0,150.0,124.0,949,1138.0,6.0,1204,1144.0,-20.0,0,0,,0.0,0.0,0.0,0.0,0.0,2015-08-14,0,0.0,0.0,0.0,0.0,0.0
2015,8,4,2,AA,17,N012AA,LAX,AUS,625,621.0,-4.0,16.0,637.0,192.0,188.0,167.0,1242,1124.0,5.0,1137,1129.0,-8.0,0,0,,0.0,0.0,0.0,0.0,0.0,2015-08-04,0,0.0,0.0,0.0,0.0,0.0
2015,8,12,3,UA,470,N485UA,LAX,DEN,1306,1303.0,-3.0,7.0,1310.0,146.0,121.0,110.0,862,1600.0,4.0,1632,1604.0,-28.0,0,0,,0.0,0.0,0.0,0.0,0.0,2015-08-12,0,0.0,0.0,0.0,0.0,0.0
2015,8,9,7,DL,1576,N907DL,CLT,ATL,1045,1037.0,-8.0,14.0,1051.0,70.0,60.0,39.0,226,1130.0,7.0,1155,1137.0,-18.0,0,0,,0.0,0.0,0.0,0.0,0.0,2015-08-09,0,0.0,0.0,0.0,0.0,0.0
2015,8,4,2,EV,4606,N14125,IAH,AEX,1545,1623.0,38.0,20.0,1643.0,62.0,56.0,34.0,190,1717.0,2.0,1647,1719.0,32.0,0,0,,0.0,0.0,32.0,0.0,0.0,2015-08-04,1,0.0,0.0,84.21,0.0,0.0
2015,8,27,4,WN,1545,N363SW,TUL,LAS,1155,1237.0,42.0,8.0,1245.0,175.0,160.0,145.0,1076,1310.0,7.0,1250,1317.0,27.0,0,0,,0.0,0.0,0.0,27.0,0.0,2015-08-27,1,0.0,0.0,0.0,64.29,0.0
2015,8,11,2,UA,1596,N77261,IAH,DCA,1430,1559.0,89.0,44.0,1643.0,192.0,196.0,148.0,1208,2011.0,4.0,1842,2015.0,93.0,0,0,,4.0,0.0,19.0,70.0,0.0,2015-08-11,1,4.49,0.0,21.35,78.65,0.0
2015,8,27,4,VX,1652,N855VA,SFO,LAS,2220,2218.0,-2.0,9.0,2227.0,90.0,78.0,61.0,414,2328.0,8.0,2350,2336.0,-14.0,0,0,,0.0,0.0,0.0,0.0,0.0,2015-08-27,0,0.0,0.0,0.0,0.0,0.0
2015,8,5,3,AA,1847,N770UW,PHL,MSP,1345,1339.0,-6.0,12.0,1351.0,166.0,163.0,145.0,980,1516.0,6.0,1531,1522.0,-9.0,0,0,,0.0,0.0,0.0,0.0,0.0,2015-08-05,0,0.0,0.0,0.0,0.0,0.0
2015,8,27,4,EV,2623,N676AE,TYR,DFW,530,523.0,-7.0,7.0,530.0,51.0,49.0,28.0,102,558.0,14.0,621,612.0,-9.0,0,0,,0.0,0.0,0.0,0.0,0.0,2015-08-27,0,0.0,0.0,0.0,0.0,0.0
2015,8,10,1,DL,159,N319NB,BOS,DTW,1234,1230.0,-4.0,14.0,1244.0,130.0,119.0,100.0,632,1424.0,5.0,1444,1429.0,-15.0,0,0,,0.0,0.0,0.0,0.0,0.0,2015-08-10,0,0.0,0.0,0.0,0.0,0.0
2015,7,25,6,WN,2080,N8314L,MDW,SLC,1910,1928.0,18.0,16.0,1944.0,205.0,205.0,185.0,1259,2149.0,4.0,2135,2153.0,18.0,0,0,,0.0,0.0,18.0,0.0,0.0,2015-07-25,1,0.0,0.0,100.0,0.0,0.0
2015,8,2,7,OO,4447,N689CA,LAX,SJC,1825,1824.0,-1.0,19.0,1843.0,76.0,69.0,47.0,308,1930.0,3.0,1941,1933.0,-8.0,0,0,,0.0,0.0,0.0,0.0,0.0,2015-08-02,0,0.0,0.0,0.0,0.0,0.0
2015,8,29,6,MQ,3250,N822MQ,RIC,LGA,930,1000.0,30.0,15.0,1015.0,92.0,73.0,51.0,292,1106.0,7.0,1102,1113.0,11.0,0,0,,0.0,0.0,0.0,0.0,0.0,2015-08-29,1,0.0,0.0,0.0,0.0,0.0
2015,8,5,3,DL,946,N906DE,DTW,MSP,1536,1538.0,2.0,24.0,1602.0,116.0,112.0,85.0,528,1627.0,3.0,1632,1630.0,-2.0,0,0,,0.0,0.0,0.0,0.0,0.0,2015-08-05,0,0.0,0.0,0.0,0.0,0.0
2015,7,29,3,UA,445,N596UA,JFK,LAX,1959,2007.0,8.0,30.0,2037.0,371.0,377.0,320.0,2475,2257.0,27.0,2310,2324.0,14.0,0,0,,0.0,0.0,0.0,0.0,0.0,2015-07-29,0,0.0,0.0,0.0,0.0,0.0
2015,8,6,4,AS,506,N534AS,SEA,SNA,740,737.0,-3.0,19.0,756.0,168.0,161.0,137.0,978,1013.0,5.0,1028,1018.0,-10.0,0,0,,0.0,0.0,0.0,0.0,0.0,2015-08-06,0,0.0,0.0,0.0,0.0,0.0
2015,8,11,2,MQ,3512,N516MQ,DFW,ASE,855,854.0,-1.0,21.0,915.0,130.0,118.0,96.0,701,951.0,1.0,1005,952.0,-13.0,0,0,,0.0,0.0,0.0,0.0,0.0,2015-08-11,0,0.0,0.0,0.0,0.0,0.0
2015,7,27,1,B6,2807,N190JB,PWM,JFK,535,533.0,-2.0,12.0,545.0,75.0,71.0,52.0,273,637.0,7.0,650,644.0,-6.0,0,0,,0.0,0.0,0.0,0.0,0.0,2015-07-27,0,0.0,0.0,0.0,0.0,0.0
2015,8,5,3,UA,634,N833UA,ORD,EWR,730,724.0,-6.0,13.0,737.0,127.0,110.0,91.0,719,1008.0,6.0,1037,1014.0,-23.0,0,0,,0.0,0.0,0.0,0.0,0.0,2015-08-05,0,0.0,0.0,0.0,0.0,0.0
2015,8,15,6,WN,4213,N450WN,LAX,LAS,1800,1800.0,0.0,13.0,1813.0,65.0,76.0,44.0,236,1857.0,19.0,1905,1916.0,11.0,0,0,,0.0,0.0,0.0,0.0,0.0,2015-08-15,0,0.0,0.0,0.0,0.0,0.0
2015,8,30,7,AS,65,N767AS,WRG,PSG,1110,1146.0,36.0,8.0,1154.0,22.0,25.0,14.0,31,1208.0,3.0,1132,1211.0,39.0,0,0,,3.0,12.0,0.0,24.0,0.0,2015-08-30,1,8.33,33.33,0.0,66.67,0.0
2015,8,27,4,VX,902,N638VA,SFO,LAS,900,856.0,-4.0,10.0,906.0,90.0,86.0,68.0,414,1014.0,8.0,1030,1022.0,-8.0,0,0,,0.0,0.0,0.0,0.0,0.0,2015-08-27,0,0.0,0.0,0.0,0.0,0.0
2015,8,25,2,F9,326,N934FR,MSP,PHL,940,937.0,-3.0,11.0,948.0,150.0,138.0,120.0,980,1248.0,7.0,1310,1255.0,-15.0,0,0,,0.0,0.0,0.0,0.0,0.0,2015-08-25,0,0.0,0.0,0.0,0.0,0.0
2015,8,17,1,EV,2626,N685AE,DFW,TYS,810,807.0,-3.0,21.0,828.0,126.0,139.0,114.0,772,1122.0,4.0,1116,1126.0,10.0,0,0,,0.0,0.0,0.0,0.0,0.0,2015-08-17,0,0.0,0.0,0.0,0.0,0.0
2015,8,1,6,EV,4726,N14558,TYS,ORD,1707,1713.0,6.0,12.0,1725.0,109.0,98.0,81.0,475,1746.0,5.0,1756,1751.0,-5.0,0,0,,0.0,0.0,0.0,0.0,0.0,2015-08-01,0,0.0,0.0,0.0,0.0,0.0
2015,8,12,3,DL,2226,N818DA,ATL,FLL,800,758.0,-2.0,12.0,810.0,105.0,103.0,87.0,581,937.0,4.0,945,941.0,-4.0,0,0,,0.0,0.0,0.0,0.0,0.0,2015-08-12,0,0.0,0.0,0.0,0.0,0.0
2015,7,27,1,F9,1468,N934FR,MSP,ATL,1620,1606.0,-14.0,16.0,1622.0,150.0,139.0,114.0,907,1916.0,9.0,1950,1925.0,-25.0,0,0,,0.0,0.0,0.0,0.0,0.0,2015-07-27,0,0.0,0.0,0.0,0.0,0.0
2015,7,27,1,NK,711,N641NK,LGA,DTW,1657,1651.0,-6.0,21.0,1712.0,121.0,106.0,79.0,502,1831.0,6.0,1858,1837.0,-21.0,0,0,,0.0,0.0,0.0,0.0,0.0,2015-07-27,0,0.0,0.0,0.0,0.0,0.0
2015,8,8,6,UA,617,N460UA,ORD,LAX,2238,2236.0,-2.0,16.0,2252.0,266.0,261.0,237.0,1744,49.0,8.0,104,57.0,-7.0,0,0,,0.0,0.0,0.0,0.0,0.0,2015-08-08,0,0.0,0.0,0.0,0.0,0.0
2015,8,19,3,WN,502,N289CT,DAL,ELP,2115,2143.0,28.0,12.0,2155.0,100.0,98.0,81.0,562,2216.0,5.0,2155,2221.0,26.0,0,0,,0.0,0.0,5.0,21.0,0.0,2015-08-19,1,0.0,0.0,17.86,75.0,0.0
2015,8,26,3,EV,2667,N629AE,ACT,DFW,1341,1336.0,-5.0,8.0,1344.0,52.0,45.0,29.0,89,1413.0,8.0,1433,1421.0,-12.0,0,0,,0.0,0.0,0.0,0.0,0.0,2015-08-26,0,0.0,0.0,0.0,0.0,0.0
2015,8,15,6,EV,4479,N12530,IAH,SDF,1300,1256.0,-4.0,14.0,1310.0,141.0,147.0,125.0,788,1615.0,8.0,1621,1623.0,2.0,0,0,,0.0,0.0,0.0,0.0,0.0,2015-08-15,0,0.0,0.0,0.0,0.0,0.0
2015,8,13,4,AS,895,N587AS,SAN,HNL,1125,1113.0,-12.0,15.0,1128.0,360.0,369.0,351.0,2614,1419.0,3.0,1425,1422.0,-3.0,0,0,,0.0,0.0,0.0,0.0,0.0,2015-08-13,0,0.0,0.0,0.0,0.0,0.0
2015,8,28,5,AA,1212,N3HLAA,MCO,DFW,1924,2020.0,56.0,21.0,2041.0,165.0,153.0,127.0,985,2148.0,5.0,2109,2153.0,44.0,0,0,,0.0,0.0,0.0,43.0,1.0,2015-08-28,1,0.0,0.0,0.0,76.79,1.79
2015,8,5,3,EV,4246,N15910,DTW,EWR,858,851.0,-7.0,21.0,912.0,110.0,95.0,65.0,488,1017.0,9.0,1048,1026.0,-22.0,0,0,,0.0,0.0,0.0,0.0,0.0,2015-08-05,0,0.0,0.0,0.0,0.0,0.0
2015,8,23,7,OO,5581,N738SK,LAX,LAS,1126,1149.0,23.0,23.0,1212.0,77.0,75.0,40.0,236,1252.0,12.0,1243,1304.0,21.0,0,0,,0.0,0.0,1.0,20.0,0.0,2015-08-23,1,0.0,0.0,4.35,86.96,0.0
2015,8,30,7,OO,4843,N601XJ,SLC,PSP,1110,1103.0,-7.0,11.0,1114.0,105.0,99.0,84.0,541,1138.0,4.0,1155,1142.0,-13.0,0,0,,0.0,0.0,0.0,0.0,0.0,2015-08-30,0,0.0,0.0,0.0,0.0,0.0
2015,8,28,5,WN,2372,N745SW,OAK,ONT,655,653.0,-2.0,8.0,701.0,75.0,68.0,56.0,362,757.0,4.0,810,801.0,-9.0,0,0,,0.0,0.0,0.0,0.0,0.0,2015-08-28,0,0.0,0.0,0.0,0.0,0.0
2015,8,3,1,EV,5439,N937EV,SHV,ATL,630,625.0,-5.0,10.0,635.0,105.0,98.0,79.0,551,854.0,9.0,915,903.0,-12.0,0,0,,0.0,0.0,0.0,0.0,0.0,2015-08-03,0,0.0,0.0,0.0,0.0,0.0
2015,8,15,6,B6,428,N634JB,MCO,EWR,2120,2215.0,55.0,15.0,2230.0,151.0,145.0,126.0,937,36.0,4.0,2351,40.0,49.0,0,0,,0.0,0.0,0.0,32.0,17.0,2015-08-15,1,0.0,0.0,0.0,58.18,30.91
2015,8,30,7,WN,2097,N7746C,LGA,ATL,1005,1012.0,7.0,19.0,1031.0,165.0,146.0,116.0,762,1227.0,11.0,1250,1238.0,-12.0,0,0,,0.0,0.0,0.0,0.0,0.0,2015-08-30,0,0.0,0.0,0.0,0.0,0.0
2015,8,17,1,DL,1530,N308DE,ATL,BNA,1235,1240.0,5.0,15.0,1255.0,66.0,59.0,38.0,214,1233.0,6.0,1241,1239.0,-2.0,0,0,,0.0,0.0,0.0,0.0,0.0,2015-08-17,0,0.0,0.0,0.0,0.0,0.0
2015,7,22,3,EV,2690,N903EV,DFW,FSM,2150,2147.0,-3.0,10.0,2157.0,62.0,52.0,40.0,227,2237.0,2.0,2252,2239.0,-13.0,0,0,,0.0,0.0,0.0,0.0,0.0,2015-07-22,0,0.0,0.0,0.0,0.0,0.0
2015,8,3,1,DL,936,N804DN,SFO,DTW,2345,2358.0,13.0,13.0,11.0,274.0,261.0,240.0,2079,711.0,8.0,719,719.0,0.0,0,0,,0.0,0.0,0.0,0.0,0.0,2015-08-03,0,0.0,0.0,0.0,0.0,0.0
2015,7,23,4,DL,2574,N813DN,ATL,SAN,1926,1931.0,5.0,18.0,1949.0,270.0,246.0,225.0,1892,2034.0,3.0,2056,2037.0,-19.0,0,0,,0.0,0.0,0.0,0.0,0.0,2015-07-23,0,0.0,0.0,0.0,0.0,0.0
2015,8,28,5,B6,629,N608JB,MCO,BQN,916,914.0,-2.0,14.0,928.0,165.0,164.0,144.0,1129,1152.0,6.0,1201,1158.0,-3.0,0,0,,0.0,0.0,0.0,0.0,0.0,2015-08-28,0,0.0,0.0,0.0,0.0,0.0
2015,8,17,1,OO,5176,N479CA,DEN,CPR,2202,2157.0,-5.0,13.0,2210.0,64.0,60.0,44.0,230,2254.0,3.0,2306,2257.0,-9.0,0,0,,0.0,0.0,0.0,0.0,0.0,2015-08-17,0,0.0,0.0,0.0,0.0,0.0
2015,8,14,5,OO,7393,N629BR,SLC,SGU,952,950.0,-2.0,25.0,1015.0,62.0,78.0,48.0,272,1103.0,5.0,1054,1108.0,14.0,0,0,,0.0,0.0,0.0,0.0,0.0,2015-08-14,0,0.0,0.0,0.0,0.0,0.0
2015,8,21,5,B6,1094,N265JB,AUS,JFK,1137,1135.0,-2.0,12.0,1147.0,233.0,205.0,190.0,1521,1557.0,3.0,1630,1600.0,-30.0,0,0,,0.0,0.0,0.0,0.0,0.0,2015-08-21,0,0.0,0.0,0.0,0.0,0.0
2015,8,25,2,B6,1968,N635JB,PBI,HPN,1740,1748.0,8.0,9.0,1757.0,167.0,148.0,137.0,1056,2014.0,2.0,2027,2016.0,-11.0,0,0,,0.0,0.0,0.0,0.0,0.0,2015-08-25,0,0.0,0.0,0.0,0.0,0.0
2015,8,18,2,UA,277,N465UA,DEN,SFO,800,757.0,-3.0,11.0,808.0,164.0,149.0,132.0,967,920.0,6.0,944,926.0,-18.0,0,0,,0.0,0.0,0.0,0.0,0.0,2015-08-18,0,0.0,0.0,0.0,0.0,0.0
2015,8,30,7,DL,1120,N962DL,BDL,DTW,910,905.0,-5.0,11.0,916.0,111.0,111.0,93.0,549,1049.0,7.0,1101,1056.0,-5.0,0,0,,0.0,0.0,0.0,0.0,0.0,2015-08-30,0,0.0,0.0,0.0,0.0,0.0
2015,8,15,6,DL,2251,N913DL,ATL,CLT,1000,958.0,-2.0,16.0,1014.0,76.0,60.0,39.0,226,1053.0,5.0,1116,1058.0,-18.0,0,0,,0.0,0.0,0.0,0.0,0.0,2015-08-15,0,0.0,0.0,0.0,0.0,0.0
2015,7,28,2,EV,5097,N867AS,BGM,DTW,1532,1528.0,-4.0,13.0,1541.0,83.0,78.0,62.0,378,1643.0,3.0,1655,1646.0,-9.0,0,0,,0.0,0.0,0.0,0.0,0.0,2015-07-28,0,0.0,0.0,0.0,0.0,0.0
2015,8,7,5,EV,4538,N16571,GRR,EWR,2011,2008.0,-3.0,16.0,2024.0,112.0,110.0,85.0,605,2149.0,9.0,2203,2158.0,-5.0,0,0,,0.0,0.0,0.0,0.0,0.0,2015-08-07,0,0.0,0.0,0.0,0.0,0.0
2015,8,1,6,MQ,3187,N692MQ,DBQ,ORD,1136,1131.0,-5.0,14.0,1145.0,62.0,56.0,31.0,147,1216.0,11.0,1238,1227.0,-11.0,0,0,,0.0,0.0,0.0,0.0,0.0,2015-08-01,0,0.0,0.0,0.0,0.0,0.0
2015,8,14,5,UA,983,N493UA,ORD,GRR,1420,1427.0,7.0,29.0,1456.0,60.0,66.0,32.0,137,1628.0,5.0,1620,1633.0,13.0,0,0,,0.0,0.0,0.0,0.0,0.0,2015-08-14,0,0.0,0.0,0.0,0.0,0.0
2015,8,21,5,AA,327,N3FYAA,DEN,ORD,705,659.0,-6.0,13.0,712.0,149.0,137.0,115.0,888,1007.0,9.0,1034,1016.0,-18.0,0,0,,0.0,0.0,0.0,0.0,0.0,2015-08-21,0,0.0,0.0,0.0,0.0,0.0
2015,7,31,5,DL,1971,N922DL,ATL,CHS,1808,1807.0,-1.0,23.0,1830.0,75.0,77.0,47.0,259,1917.0,7.0,1923,1924.0,1.0,0,0,,0.0,0.0,0.0,0.0,0.0,2015-07-31,0,0.0,0.0,0.0,0.0,0.0
2015,7,25,6,WN,4549,N8660A,PHL,PHX,1350,1350.0,0.0,17.0,1407.0,305.0,283.0,259.0,2075,1526.0,7.0,1555,1533.0,-22.0,0,0,,0.0,0.0,0.0,0.0,0.0,2015-07-25,0,0.0,0.0,0.0,0.0,0.0
2015,8,1,6,AA,2314,N3DHAA,RNO,DFW,1403,1436.0,33.0,10.0,1446.0,197.0,184.0,169.0,1345,1935.0,5.0,1920,1940.0,20.0,0,0,,0.0,0.0,2.0,18.0,0.0,2015-08-01,1,0.0,0.0,6.06,54.55,0.0
2015,8,2,7,WN,903,N763SW,DEN,LAS,1820,1821.0,1.0,12.0,1833.0,115.0,100.0,84.0,628,1857.0,4.0,1915,1901.0,-14.0,0,0,,0.0,0.0,0.0,0.0,0.0,2015-08-02,0,0.0,0.0,0.0,0.0,0.0
2015,8,22,6,OO,5211,N961SW,CID,DEN,1327,1323.0,-4.0,11.0,1334.0,128.0,126.0,110.0,692,1424.0,5.0,1435,1429.0,-6.0,0,0,,0.0,0.0,0.0,0.0,0.0,2015-08-22,0,0.0,0.0,0.0,0.0,0.0
2015,8,16,7,HA,345,N486HA,HNL,LIH,1009,1009.0,0.0,15.0,1024.0,40.0,47.0,26.0,102,1050.0,6.0,1049,1056.0,7.0,0,0,,0.0,0.0,0.0,0.0,0.0,2015-08-16,0,0.0,0.0,0.0,0.0,0.0
2015,8,5,3,DL,95,N309DE,BNA,ATL,915,924.0,9.0,13.0,937.0,68.0,59.0,36.0,214,1113.0,10.0,1123,1123.0,0.0,0,0,,0.0,0.0,0.0,0.0,0.0,2015-08-05,0,0.0,0.0,0.0,0.0,0.0
2015,7,25,6,MQ,3113,N649MQ,ORD,RIC,805,802.0,-3.0,11.0,813.0,119.0,109.0,91.0,642,1044.0,7.0,1104,1051.0,-13.0,0,0,,0.0,0.0,0.0,0.0,0.0,2015-07-25,0,0.0,0.0,0.0,0.0,0.0
2015,8,27,4,DL,2466,N127DL,PDX,ATL,850,848.0,-2.0,15.0,903.0,281.0,271.0,248.0,2172,1611.0,8.0,1631,1619.0,-12.0,0,0,,0.0,0.0,0.0,0.0,0.0,2015-08-27,0,0.0,0.0,0.0,0.0,0.0
2015,8,19,3,WN,3115,N475WN,SAN,LAS,630,623.0,-7.0,20.0,643.0,75.0,78.0,53.0,258,736.0,5.0,745,741.0,-4.0,0,0,,0.0,0.0,0.0,0.0,0.0,2015-08-19,0,0.0,0.0,0.0,0.0,0.0
2015,7,25,6,WN,2095,N514SW,CRP,HOU,1705,1759.0,54.0,9.0,1808.0,50.0,47.0,33.0,187,1841.0,5.0,1755,1846.0,51.0,0,0,,0.0,0.0,51.0,0.0,0.0,2015-07-25,1,0.0,0.0,94.44,0.0,0.0
2015,7,24,5,WN,421,N278WN,DCA,DAL,1610,1605.0,-5.0,21.0,1626.0,185.0,174.0,146.0,1184,1752.0,7.0,1815,1759.0,-16.0,0,0,,0.0,0.0,0.0,0.0,0.0,2015-07-24,0,0.0,0.0,0.0,0.0,0.0
2015,8,9,7,B6,266,N562JB,LGB,SMF,1523,1514.0,-9.0,11.0,1525.0,78.0,77.0,61.0,387,1626.0,5.0,1641,1631.0,-10.0,0,0,,0.0,0.0,0.0,0.0,0.0,2015-08-09,0,0.0,0.0,0.0,0.0,0.0
2015,7,27,1,MQ,3657,N625MQ,DFW,MSN,1602,1608.0,6.0,17.0,1625.0,133.0,144.0,125.0,821,1830.0,2.0,1815,1832.0,17.0,0,0,,11.0,0.0,0.0,6.0,0.0,2015-07-27,0,183.33,0.0,0.0,100.0,0.0
2015,8,3,1,OO,5307,N958SW,SFO,ONT,1200,1353.0,113.0,22.0,1415.0,89.0,82.0,57.0,363,1512.0,3.0,1329,1515.0,106.0,0,0,,0.0,0.0,25.0,81.0,0.0,2015-08-03,1,0.0,0.0,22.12,71.68,0.0
2015,8,1,6,UA,717,N401UA,LAX,MCO,2345,2341.0,-4.0,15.0,2356.0,297.0,276.0,257.0,2218,713.0,4.0,742,717.0,-25.0,0,0,,0.0,0.0,0.0,0.0,0.0,2015-08-01,0,0.0,0.0,0.0,0.0,0.0
2015,8,21,5,MQ,3410,N656MQ,ORD,TOL,1645,1707.0,22.0,16.0,1723.0,67.0,52.0,35.0,213,1858.0,1.0,1852,1859.0,7.0,0,0,,0.0,0.0,0.0,0.0,0.0,2015-08-21,1,0.0,0.0,0.0,0.0,0.0
2015,7,27,1,WN,2606,N225WN,ALB,BWI,1150,1146.0,-4.0,8.0,1154.0,70.0,70.0,56.0,289,1250.0,6.0,1300,1256.0,-4.0,0,0,,0.0,0.0,0.0,0.0,0.0,2015-07-27,0,0.0,0.0,0.0,0.0,0.0
2015,8,25,2,AA,1341,N3KVAA,SJU,MIA,1025,1014.0,-11.0,16.0,1030.0,168.0,152.0,128.0,1045,1238.0,8.0,1313,1246.0,-27.0,0,0,,0.0,0.0,0.0,0.0,0.0,2015-08-25,0,0.0,0.0,0.0,0.0,0.0
2015,7,26,7,AA,2354,N3JBAA,ORD,LAS,703,702.0,-1.0,13.0,715.0,238.0,225.0,204.0,1514,839.0,8.0,901,847.0,-14.0,0,0,,0.0,0.0,0.0,0.0,0.0,2015-07-26,0,0.0,0.0,0.0,0.0,0.0
2015,8,17,1,DL,1872,N951DN,TPA,ATL,630,625.0,-5.0,12.0,637.0,88.0,83.0,63.0,406,740.0,8.0,758,748.0,-10.0,0,0,,0.0,0.0,0.0,0.0,0.0,2015-08-17,0,0.0,0.0,0.0,0.0,0.0
2015,8,3,1,DL,1979,N3743H,LAS,DTW,2327,2326.0,-1.0,17.0,2343.0,232.0,216.0,192.0,1749,555.0,7.0,619,602.0,-17.0,0,0,,0.0,0.0,0.0,0.0,0.0,2015-08-03,0,0.0,0.0,0.0,0.0,0.0
2015,7,28,2,OO,6330,N905SW,ORD,BNA,2104,2102.0,-2.0,18.0,2120.0,90.0,90.0,64.0,409,2224.0,8.0,2234,2232.0,-2.0,0,0,,0.0,0.0,0.0,0.0,0.0,2015-07-28,0,0.0,0.0,0.0,0.0,0.0
2015,7,31,5,WN,294,N788SA,RDU,ATL,1145,1142.0,-3.0,22.0,1204.0,80.0,90.0,63.0,356,1307.0,5.0,1305,1312.0,7.0,0,0,,0.0,0.0,0.0,0.0,0.0,2015-07-31,0,0.0,0.0,0.0,0.0,0.0
2015,8,11,2,DL,1437,N992DL,MIA,ATL,1130,1133.0,3.0,19.0,1152.0,120.0,107.0,82.0,594,1314.0,6.0,1330,1320.0,-10.0,0,0,,0.0,0.0,0.0,0.0,0.0,2015-08-11,0,0.0,0.0,0.0,0.0,0.0
2015,8,10,1,WN,289,N769SW,CAK,TPA,1215,1213.0,-2.0,8.0,1221.0,140.0,123.0,110.0,894,1411.0,5.0,1435,1416.0,-19.0,0,0,,0.0,0.0,0.0,0.0,0.0,2015-08-10,0,0.0,0.0,0.0,0.0,0.0
2015,7,26,7,UA,790,N466UA,AUS,ORD,1356,1349.0,-7.0,11.0,1400.0,163.0,160.0,132.0,978,1612.0,17.0,1639,1629.0,-10.0,0,0,,0.0,0.0,0.0,0.0,0.0,2015-07-26,0,0.0,0.0,0.0,0.0,0.0
2015,8,16,7,AA,2504,N202AA,ORD,TPA,1825,1913.0,48.0,25.0,1938.0,165.0,162.0,133.0,1012,2251.0,4.0,2210,2255.0,45.0,0,0,,0.0,0.0,45.0,0.0,0.0,2015-08-16,1,0.0,0.0,93.75,0.0,0.0
2015,8,6,4,OO,4679,N438SW,CIU,DTW,1335,1322.0,-13.0,24.0,1346.0,75.0,94.0,58.0,284,1444.0,12.0,1450,1456.0,6.0,0,0,,0.0,0.0,0.0,0.0,0.0,2015-08-06,0,0.0,0.0,0.0,0.0,0.0
2015,8,4,2,DL,551,N340NB,IND,MSP,1302,1256.0,-6.0,12.0,1308.0,107.0,100.0,84.0,503,1332.0,4.0,1349,1336.0,-13.0,0,0,,0.0,0.0,0.0,0.0,0.0,2015-08-04,0,0.0,0.0,0.0,0.0,0.0
2015,8,28,5,EV,5356,N200PQ,ATL,PHF,943,947.0,4.0,21.0,1008.0,102.0,95.0,70.0,508,1118.0,4.0,1125,1122.0,-3.0,0,0,,0.0,0.0,0.0,0.0,0.0,2015-08-28,0,0.0,0.0,0.0,0.0,0.0
2015,8,23,7,B6,953,N537JB,FLL,SJU,1650,1718.0,28.0,13.0,1731.0,161.0,151.0,135.0,1046,1946.0,3.0,1931,1949.0,18.0,0,0,,0.0,0.0,18.0,0.0,0.0,2015-08-23,1,0.0,0.0,64.29,0.0,0.0
2015,7,26,7,WN,815,N478WN,GEG,DEN,540,539.0,-1.0,9.0,548.0,130.0,120.0,104.0,836,832.0,7.0,850,839.0,-11.0,0,0,,0.0,0.0,0.0,0.0,0.0,2015-07-26,0,0.0,0.0,0.0,0.0,0.0
2015,8,28,5,EV,4904,N606LR,MSP,SAT,910,909.0,-1.0,17.0,926.0,174.0,168.0,146.0,1097,1152.0,5.0,1204,1157.0,-7.0,0,0,,0.0,0.0,0.0,0.0,0.0,2015-08-28,0,0.0,0.0,0.0,0.0,0.0
2015,8,29,6,HA,172,N486HA,LIH,HNL,1509,1508.0,-1.0,6.0,1514.0,33.0,32.0,20.0,102,1534.0,6.0,1542,1540.0,-2.0,0,0,,0.0,0.0,0.0,0.0,0.0,2015-08-29,0,0.0,0.0,0.0,0.0,0.0
2015,7,24,5,OO,6281,N930SW,DEN,ONT,1128,1124.0,-4.0,13.0,1137.0,142.0,137.0,120.0,819,1237.0,4.0,1250,1241.0,-9.0,0,0,,0.0,0.0,0.0,0.0,0.0,2015-07-24,0,0.0,0.0,0.0,0.0,0.0
2015,8,11,2,EV,5862,N13133,ROA,ORD,1714,1733.0,19.0,14.0,1747.0,113.0,136.0,88.0,531,1815.0,34.0,1807,1849.0,42.0,0,0,,23.0,0.0,19.0,0.0,0.0,2015-08-11,1,121.05,0.0,100.0,0.0,0.0
2015,8,13,4,WN,585,N481WN,DAL,CLT,1015,1011.0,-4.0,8.0,1019.0,150.0,146.0,127.0,926,1326.0,11.0,1345,1337.0,-8.0,0,0,,0.0,0.0,0.0,0.0,0.0,2015-08-13,0,0.0,0.0,0.0,0.0,0.0
2015,8,23,7,B6,966,N535JB,RSW,BOS,1100,1102.0,2.0,8.0,1110.0,182.0,175.0,163.0,1249,1353.0,4.0,1402,1357.0,-5.0,0,0,,0.0,0.0,0.0,0.0,0.0,2015-08-23,0,0.0,0.0,0.0,0.0,0.0
2015,8,22,6,DL,2353,N945DN,CAK,ATL,630,627.0,-3.0,11.0,638.0,107.0,90.0,74.0,528,752.0,5.0,817,757.0,-20.0,0,0,,0.0,0.0,0.0,0.0,0.0,2015-08-22,0,0.0,0.0,0.0,0.0,0.0
2015,8,17,1,F9,755,N919FR,DEN,PHX,1420,1412.0,-8.0,10.0,1422.0,106.0,109.0,93.0,602,1455.0,6.0,1506,1501.0,-5.0,0,0,,0.0,0.0,0.0,0.0,0.0,2015-08-17,0,0.0,0.0,0.0,0.0,0.0
2015,8,6,4,UA,1736,N37408,IAH,MSY,1535,1531.0,-4.0,13.0,1544.0,72.0,68.0,51.0,305,1635.0,4.0,1647,1639.0,-8.0,0,0,,0.0,0.0,0.0,0.0,0.0,2015-08-06,0,0.0,0.0,0.0,0.0,0.0
2015,7,29,3,EV,6186,N17115,MSP,EWR,2011,2009.0,-2.0,26.0,2035.0,164.0,162.0,131.0,1008,2346.0,5.0,2355,2351.0,-4.0,0,0,,0.0,0.0,0.0,0.0,0.0,2015-07-29,0,0.0,0.0,0.0,0.0,0.0
2015,8,12,3,B6,760,N329JB,PHL,BOS,2059,2041.0,-18.0,21.0,2102.0,78.0,77.0,53.0,280,2155.0,3.0,2217,2158.0,-19.0,0,0,,0.0,0.0,0.0,0.0,0.0,2015-08-12,0,0.0,0.0,0.0,0.0,0.0
2015,8,10,1,UA,229,N821UA,MSY,IAH,807,800.0,-7.0,10.0,810.0,78.0,69.0,51.0,305,901.0,8.0,925,909.0,-16.0,0,0,,0.0,0.0,0.0,0.0,0.0,2015-08-10,0,0.0,0.0,0.0,0.0,0.0
2015,8,30,7,OO,4684,N607SK,SEA,LAS,1505,1531.0,26.0,17.0,1548.0,154.0,138.0,114.0,867,1742.0,7.0,1739,1749.0,10.0,0,0,,0.0,0.0,0.0,0.0,0.0,2015-08-30,1,0.0,0.0,0.0,0.0,0.0
2015,8,12,3,WN,591,N255WN,PHX,MDW,1410,1433.0,23.0,12.0,1445.0,200.0,218.0,174.0,1444,1939.0,32.0,1930,2011.0,41.0,0,0,,18.0,0.0,1.0,22.0,0.0,2015-08-12,1,78.26,0.0,4.35,95.65,0.0
2015,7,27,1,AA,1003,N504AA,DFW,IAD,715,739.0,24.0,11.0,750.0,183.0,169.0,154.0,1172,1124.0,4.0,1118,1128.0,10.0,0,0,,0.0,0.0,0.0,0.0,0.0,2015-07-27,1,0.0,0.0,0.0,0.0,0.0
2015,8,10,1,DL,2064,N993DL,SDF,ATL,1826,1821.0,-5.0,10.0,1831.0,99.0,73.0,51.0,321,1922.0,12.0,2005,1934.0,-31.0,0,0,,0.0,0.0,0.0,0.0,0.0,2015-08-10,0,0.0,0.0,0.0,0.0,0.0
2015,8,12,3,VX,449,N525VA,DAL,AUS,2000,2005.0,5.0,15.0,2020.0,50.0,57.0,33.0,189,2053.0,9.0,2050,2102.0,12.0,0,0,,0.0,0.0,0.0,0.0,0.0,2015-08-12,0,0.0,0.0,0.0,0.0,0.0
2015,8,23,7,DL,1954,N967DL,DFW,ATL,815,814.0,-1.0,21.0,835.0,128.0,137.0,105.0,731,1120.0,11.0,1123,1131.0,8.0,0,0,,0.0,0.0,0.0,0.0,0.0,2015-08-23,0,0.0,0.0,0.0,0.0,0.0
2015,8,19,3,UA,1221,N57857,HNL,LAX,1110,1101.0,-9.0,20.0,1121.0,334.0,342.0,309.0,2556,1930.0,13.0,1944,1943.0,-1.0,0,0,,0.0,0.0,0.0,0.0,0.0,2015-08-19,0,0.0,0.0,0.0,0.0,0.0
2015,8,19,3,EV,5285,N153PQ,SAT,DTW,1245,1245.0,0.0,13.0,1258.0,189.0,186.0,160.0,1214,1638.0,13.0,1654,1651.0,-3.0,0,0,,0.0,0.0,0.0,0.0,0.0,2015-08-19,0,0.0,0.0,0.0,0.0,0.0
2015,8,3,1,AS,833,N536AS,PDX,HNL,705,704.0,-1.0,13.0,717.0,350.0,335.0,317.0,2603,934.0,5.0,955,939.0,-16.0,0,0,,0.0,0.0,0.0,0.0,0.0,2015-08-03,0,0.0,0.0,0.0,0.0,0.0
2015,8,5,3,B6,762,N570JB,PBI,LGA,600,556.0,-4.0,15.0,611.0,164.0,150.0,130.0,1035,821.0,5.0,844,826.0,-18.0,0,0,,0.0,0.0,0.0,0.0,0.0,2015-08-05,0,0.0,0.0,0.0,0.0,0.0
2015,8,24,1,DL,1834,N301NB,STL,ATL,1820,1815.0,-5.0,9.0,1824.0,96.0,86.0,69.0,484,2033.0,8.0,2056,2041.0,-15.0,0,0,,0.0,0.0,0.0,0.0,0.0,2015-08-24,0,0.0,0.0,0.0,0.0,0.0
2015,8,7,5,OO,6489,N702SK,COS,IAH,611,602.0,-9.0,23.0,625.0,135.0,143.0,112.0,809,917.0,8.0,926,925.0,-1.0,0,0,,0.0,0.0,0.0,0.0,0.0,2015-08-07,0,0.0,0.0,0.0,0.0,0.0
2015,8,28,5,UA,322,N802UA,SNA,SFO,827,820.0,-7.0,9.0,829.0,95.0,76.0,58.0,372,927.0,9.0,1002,936.0,-26.0,0,0,,0.0,0.0,0.0,0.0,0.0,2015-08-28,0,0.0,0.0,0.0,0.0,0.0
2015,8,4,2,DL,1090,N317US,PWM,ATL,1221,1220.0,-1.0,10.0,1230.0,177.0,163.0,148.0,1027,1458.0,5.0,1518,1503.0,-15.0,0,0,,0.0,0.0,0.0,0.0,0.0,2015-08-04,0,0.0,0.0,0.0,0.0,0.0
2015,8,7,5,WN,3213,N500WR,DAL,LGA,705,706.0,1.0,10.0,716.0,210.0,188.0,172.0,1381,1108.0,6.0,1135,1114.0,-21.0,0,0,,0.0,0.0,0.0,0.0,0.0,2015-08-07,0,0.0,0.0,0.0,0.0,0.0
2015,7,23,4,OO,5478,N472CA,DEN,LAR,2210,2203.0,-7.0,10.0,2213.0,55.0,36.0,22.0,113,2235.0,4.0,2305,2239.0,-26.0,0,0,,0.0,0.0,0.0,0.0,0.0,2015-07-23,0,0.0,0.0,0.0,0.0,0.0
2015,8,2,7,WN,2777,N205WN,LAS,TPA,805,800.0,-5.0,17.0,817.0,265.0,260.0,239.0,1984,1516.0,4.0,1530,1520.0,-10.0,0,0,,0.0,0.0,0.0,0.0,0.0,2015-08-02,0,0.0,0.0,0.0,0.0,0.0
2015,8,15,6,WN,4777,N8316H,ONT,LAS,700,700.0,0.0,11.0,711.0,65.0,59.0,41.0,197,752.0,7.0,805,759.0,-6.0,0,0,,0.0,0.0,0.0,0.0,0.0,2015-08-15,0,0.0,0.0,0.0,0.0,0.0
2015,8,23,7,AA,2149,N953UW,DCA,BOS,1430,1425.0,-5.0,47.0,1512.0,85.0,112.0,59.0,399,1611.0,6.0,1555,1617.0,22.0,0,0,,22.0,0.0,0.0,0.0,0.0,2015-08-23,0,-440.0,-0.0,-0.0,-0.0,-0.0
2015,7,25,6,WN,2028,N233LV,MSY,DAL,1550,1545.0,-5.0,7.0,1552.0,85.0,72.0,62.0,436,1654.0,3.0,1715,1657.0,-18.0,0,0,,0.0,0.0,0.0,0.0,0.0,2015-07-25,0,0.0,0.0,0.0,0.0,0.0
2015,8,21,5,B6,354,N183JB,PBI,JFK,945,957.0,12.0,8.0,1005.0,165.0,177.0,158.0,1028,1243.0,11.0,1230,1254.0,24.0,0,0,,12.0,0.0,12.0,0.0,0.0,2015-08-21,0,100.0,0.0,100.0,0.0,0.0
2015,7,24,5,WN,839,N352SW,MCO,MKE,1525,1529.0,4.0,9.0,1538.0,170.0,158.0,145.0,1066,1703.0,4.0,1715,1707.0,-8.0,0,0,,0.0,0.0,0.0,0.0,0.0,2015-07-24,0,0.0,0.0,0.0,0.0,0.0
2015,8,1,6,WN,2810,N952WN,MDW,EWR,1955,1950.0,-5.0,8.0,1958.0,120.0,102.0,87.0,711,2225.0,7.0,2255,2232.0,-23.0,0,0,,0.0,0.0,0.0,0.0,0.0,2015-08-01,0,0.0,0.0,0.0,0.0,0.0
2015,8,21,5,MQ,3590,N625MQ,MIA,GNV,2140,2135.0,-5.0,20.0,2155.0,74.0,75.0,52.0,294,2247.0,3.0,2254,2250.0,-4.0,0,0,,0.0,0.0,0.0,0.0,0.0,2015-08-21,0,0.0,0.0,0.0,0.0,0.0
2015,8,21,5,AA,1846,N763US,DCA,TPA,1155,1151.0,-4.0,19.0,1210.0,137.0,135.0,113.0,814,1403.0,3.0,1412,1406.0,-6.0,0,0,,0.0,0.0,0.0,0.0,0.0,2015-08-21,0,0.0,0.0,0.0,0.0,0.0
2015,7,28,2,DL,2212,N616DL,PNS,ATL,904,906.0,2.0,11.0,917.0,76.0,71.0,47.0,271,1104.0,13.0,1120,1117.0,-3.0,0,0,,0.0,0.0,0.0,0.0,0.0,2015-07-28,0,0.0,0.0,0.0,0.0,0.0
2015,7,31,5,DL,2390,N344NW,PHL,DTW,1714,1708.0,-6.0,10.0,1718.0,108.0,92.0,77.0,453,1835.0,5.0,1902,1840.0,-22.0,0,0,,0.0,0.0,0.0,0.0,0.0,2015-07-31,0,0.0,0.0,0.0,0.0,0.0
2015,8,4,2,EV,4150,N14203,EWR,CVG,630,627.0,-3.0,18.0,645.0,124.0,122.0,95.0,569,820.0,9.0,834,829.0,-5.0,0,0,,0.0,0.0,0.0,0.0,0.0,2015-08-04,0,0.0,0.0,0.0,0.0,0.0
2015,8,5,3,EV,4524,N15986,LFT,IAH,702,654.0,-8.0,17.0,711.0,63.0,63.0,39.0,201,750.0,7.0,805,757.0,-8.0,0,0,,0.0,0.0,0.0,0.0,0.0,2015-08-05,0,0.0,0.0,0.0,0.0,0.0
2015,8,19,3,MQ,3397,N691MQ,ORD,BWI,845,843.0,-2.0,24.0,907.0,123.0,125.0,90.0,622,1137.0,11.0,1148,1148.0,0.0,0,0,,0.0,0.0,0.0,0.0,0.0,2015-08-19,0,0.0,0.0,0.0,0.0,0.0
2015,7,30,4,DL,2297,N6705Y,ATL,JAX,1340,1338.0,-2.0,11.0,1349.0,75.0,63.0,46.0,270,1435.0,6.0,1455,1441.0,-14.0,0,0,,0.0,0.0,0.0,0.0,0.0,2015-07-30,0,0.0,0.0,0.0,0.0,0.0
2015,7,28,2,B6,890,N236JB,DCA,BOS,1826,1820.0,-6.0,41.0,1901.0,93.0,108.0,61.0,399,2002.0,6.0,1959,2008.0,9.0,0,0,,0.0,0.0,0.0,0.0,0.0,2015-07-28,0,0.0,0.0,0.0,0.0,0.0
2015,8,9,7,UA,1292,N73406,PHL,IAH,1747,1749.0,2.0,15.0,1804.0,221.0,188.0,164.0,1325,1948.0,9.0,2028,1957.0,-31.0,0,0,,0.0,0.0,0.0,0.0,0.0,2015-08-09,0,0.0,0.0,0.0,0.0,0.0
2015,8,1,6,WN,599,N283WN,SAT,DAL,1950,2015.0,25.0,4.0,2019.0,60.0,52.0,40.0,248,2059.0,8.0,2050,2107.0,17.0,0,0,,0.0,0.0,17.0,0.0,0.0,2015-08-01,1,0.0,0.0,68.0,0.0,0.0
2015,8,2,7,DL,1078,N676DL,PNS,ATL,720,715.0,-5.0,14.0,729.0,78.0,61.0,43.0,271,912.0,4.0,938,916.0,-22.0,0,0,,0.0,0.0,0.0,0.0,0.0,2015-08-02,0,0.0,0.0,0.0,0.0,0.0
2015,7,27,1,AA,300,N484AA,TUS,ORD,710,700.0,-10.0,12.0,712.0,209.0,199.0,176.0,1437,1208.0,11.0,1239,1219.0,-20.0,0,0,,0.0,0.0,0.0,0.0,0.0,2015-07-27,0,0.0,0.0,0.0,0.0,0.0
2015,8,23,7,AA,1988,N723UW,RIC,CLT,920,918.0,-2.0,17.0,935.0,79.0,66.0,43.0,257,1018.0,6.0,1039,1024.0,-15.0,0,0,,0.0,0.0,0.0,0.0,0.0,2015-08-23,0,0.0,0.0,0.0,0.0,0.0
2015,7,23,4,OO,6454,N934SW,SFO,TUS,1922,1917.0,-5.0,26.0,1943.0,131.0,143.0,107.0,751,2130.0,10.0,2133,2140.0,7.0,0,0,,0.0,0.0,0.0,0.0,0.0,2015-07-23,0,0.0,0.0,0.0,0.0,0.0
2015,8,20,4,AA,2045,N713UW,JAX,CLT,1210,1207.0,-3.0,16.0,1223.0,79.0,83.0,57.0,328,1320.0,10.0,1329,1330.0,1.0,0,0,,0.0,0.0,0.0,0.0,0.0,2015-08-20,0,0.0,0.0,0.0,0.0,0.0
2015,8,13,4,DL,2463,N919DL,ATL,ICT,910,921.0,11.0,10.0,931.0,129.0,121.0,105.0,782,1016.0,6.0,1019,1022.0,3.0,0,0,,0.0,0.0,0.0,0.0,0.0,2015-08-13,0,0.0,0.0,0.0,0.0,0.0
2015,8,1,6,VX,1935,N846VA,LAX,SFO,900,917.0,17.0,11.0,928.0,75.0,66.0,49.0,337,1017.0,6.0,1015,1023.0,8.0,0,0,,0.0,0.0,0.0,0.0,0.0,2015-08-01,1,0.0,0.0,0.0,0.0,0.0
2015,7,31,5,AA,2462,N858AA,DFW,LAX,915,918.0,3.0,27.0,945.0,206.0,186.0,153.0,1235,1018.0,6.0,1041,1024.0,-17.0,0,0,,0.0,0.0,0.0,0.0,0.0,2015-07-31,0,0.0,0.0,0.0,0.0,0.0
2015,8,4,2,MQ,3353,N691MQ,ABI,DFW,1016,1009.0,-7.0,5.0,1014.0,58.0,42.0,30.0,158,1044.0,7.0,1114,1051.0,-23.0,0,0,,0.0,0.0,0.0,0.0,0.0,2015-08-04,0,0.0,0.0,0.0,0.0,0.0
2015,8,11,2,WN,1444,N687SW,DEN,ONT,835,832.0,-3.0,14.0,846.0,135.0,131.0,112.0,819,938.0,5.0,950,943.0,-7.0,0,0,,0.0,0.0,0.0,0.0,0.0,2015-08-11,0,0.0,0.0,0.0,0.0,0.0
2015,8,6,4,B6,1374,N593JB,CHS,JFK,1640,1733.0,53.0,14.0,1747.0,124.0,108.0,91.0,636,1918.0,3.0,1844,1921.0,37.0,0,0,,37.0,0.0,0.0,0.0,0.0,2015-08-06,1,69.81,0.0,0.0,0.0,0.0
2015,8,27,4,OO,4604,N162PQ,SLC,ORD,1650,1700.0,10.0,28.0,1728.0,188.0,188.0,149.0,1250,2057.0,11.0,2058,2108.0,10.0,0,0,,0.0,0.0,0.0,0.0,0.0,2015-08-27,0,0.0,0.0,0.0,0.0,0.0
2015,7,25,6,WN,4237,N7722B,SAT,LAS,1140,1135.0,-5.0,7.0,1142.0,160.0,148.0,134.0,1069,1156.0,7.0,1220,1203.0,-17.0,0,0,,0.0,0.0,0.0,0.0,0.0,2015-07-25,0,0.0,0.0,0.0,0.0,0.0
2015,7,27,1,EV,4336,N14543,EWR,IAD,1016,1011.0,-5.0,10.0,1021.0,79.0,58.0,41.0,212,1102.0,7.0,1135,1109.0,-26.0,0,0,,0.0,0.0,0.0,0.0,0.0,2015-07-27,0,0.0,0.0,0.0,0.0,0.0
2015,8,2,7,DL,1899,N355NB,ATL,AVL,1625,1624.0,-1.0,11.0,1635.0,64.0,46.0,32.0,164,1707.0,3.0,1729,1710.0,-19.0,0,0,,0.0,0.0,0.0,0.0,0.0,2015-08-02,0,0.0,0.0,0.0,0.0,0.0
2015,8,11,2,UA,637,N518UA,SFO,JFK,1253,1540.0,167.0,11.0,1551.0,347.0,311.0,293.0,2586,2344.0,7.0,2140,2351.0,131.0,0,0,,113.0,0.0,0.0,18.0,0.0,2015-08-11,1,67.66,0.0,0.0,10.78,0.0
2015,8,16,7,DL,557,N3745B,MSP,DTW,655,652.0,-3.0,12.0,704.0,95.0,90.0,72.0,528,916.0,6.0,930,922.0,-8.0,0,0,,0.0,0.0,0.0,0.0,0.0,2015-08-16,0,0.0,0.0,0.0,0.0,0.0
2015,8,5,3,WN,3,N7744A,HOU,MDW,900,909.0,9.0,12.0,921.0,145.0,141.0,124.0,937,1125.0,5.0,1125,1130.0,5.0,0,0,,0.0,0.0,0.0,0.0,0.0,2015-08-05,0,0.0,0.0,0.0,0.0,0.0
2015,8,20,4,UA,1572,N38424,SFO,SAN,2110,2113.0,3.0,17.0,2130.0,92.0,93.0,70.0,447,2240.0,6.0,2242,2246.0,4.0,0,0,,0.0,0.0,0.0,0.0,0.0,2015-08-20,0,0.0,0.0,0.0,0.0,0.0
2015,8,18,2,WN,1958,N8612K,LAS,SLC,905,904.0,-1.0,14.0,918.0,80.0,73.0,54.0,368,1112.0,5.0,1125,1117.0,-8.0,0,0,,0.0,0.0,0.0,0.0,0.0,2015-08-18,0,0.0,0.0,0.0,0.0,0.0
2015,8,19,3,B6,382,N324JB,RIC,BOS,630,622.0,-8.0,12.0,634.0,90.0,91.0,75.0,474,749.0,4.0,800,753.0,-7.0,0,0,,0.0,0.0,0.0,0.0,0.0,2015-08-19,0,0.0,0.0,0.0,0.0,0.0
2015,8,6,4,MQ,3599,N670MQ,DFW,XNA,1015,1009.0,-6.0,14.0,1023.0,71.0,70.0,51.0,280,1114.0,5.0,1126,1119.0,-7.0,0,0,,0.0,0.0,0.0,0.0,0.0,2015-08-06,0,0.0,0.0,0.0,0.0,0.0
2015,8,23,7,VX,77,N839VA,IAD,SFO,1855,1852.0,-3.0,10.0,1902.0,350.0,338.0,319.0,2419,2121.0,9.0,2145,2130.0,-15.0,0,0,,0.0,0.0,0.0,0.0,0.0,2015-08-23,0,0.0,0.0,0.0,0.0,0.0
2015,8,1,6,WN,4246,N7704B,MSY,BNA,835,908.0,33.0,8.0,916.0,85.0,79.0,66.0,471,1022.0,5.0,1000,1027.0,27.0,0,0,,0.0,0.0,0.0,27.0,0.0,2015-08-01,1,0.0,0.0,0.0,81.82,0.0
2015,8,6,4,WN,858,N601WN,DEN,SEA,2220,2218.0,-2.0,15.0,2233.0,165.0,165.0,143.0,1024,2356.0,7.0,5,3.0,-2.0,0,0,,0.0,0.0,0.0,0.0,0.0,2015-08-06,0,0.0,0.0,0.0,0.0,0.0
2015,8,30,7,UA,486,N471UA,SFO,IAD,1608,1656.0,48.0,16.0,1712.0,307.0,293.0,273.0,2419,45.0,4.0,15,49.0,34.0,0,0,,0.0,0.0,34.0,0.0,0.0,2015-08-30,1,0.0,0.0,70.83,0.0,0.0
2015,8,6,4,F9,1250,N947FR,ORD,PHL,1915,1909.0,-6.0,33.0,1942.0,125.0,129.0,89.0,678,2211.0,7.0,2220,2218.0,-2.0,0,0,,0.0,0.0,0.0,0.0,0.0,2015-08-06,0,0.0,0.0,0.0,0.0,0.0
2015,8,5,3,MQ,3275,N3AEMQ,ORD,BNA,1959,2003.0,4.0,13.0,2016.0,87.0,75.0,56.0,409,2112.0,6.0,2126,2118.0,-8.0,0,0,,0.0,0.0,0.0,0.0,0.0,2015-08-05,0,0.0,0.0,0.0,0.0,0.0
2015,8,5,3,EV,6043,N21537,XNA,ORD,600,554.0,-6.0,14.0,608.0,105.0,104.0,79.0,522,727.0,11.0,745,738.0,-7.0,0,0,,0.0,0.0,0.0,0.0,0.0,2015-08-05,0,0.0,0.0,0.0,0.0,0.0
2015,8,19,3,AA,1857,N912UY,SEA,PHX,825,818.0,-7.0,20.0,838.0,166.0,165.0,141.0,1107,1059.0,4.0,1111,1103.0,-8.0,0,0,,0.0,0.0,0.0,0.0,0.0,2015-08-19,0,0.0,0.0,0.0,0.0,0.0
2015,8,25,2,MQ,3355,N908MQ,GGG,DFW,1829,1834.0,5.0,9.0,1843.0,61.0,48.0,30.0,140,1913.0,9.0,1930,1922.0,-8.0,0,0,,0.0,0.0,0.0,0.0,0.0,2015-08-25,0,0.0,0.0,0.0,0.0,0.0
2015,8,1,6,EV,3940,N11193,ORD,PNS,1046,1039.0,-7.0,18.0,1057.0,142.0,124.0,102.0,794,1239.0,4.0,1308,1243.0,-25.0,0,0,,0.0,0.0,0.0,0.0,0.0,2015-08-01,0,0.0,0.0,0.0,0.0,0.0
2015,8,15,6,AA,1605,N4WLAA,DFW,ONT,1840,1835.0,-5.0,14.0,1849.0,189.0,171.0,153.0,1188,1922.0,4.0,1949,1926.0,-23.0,0,0,,0.0,0.0,0.0,0.0,0.0,2015-08-15,0,0.0,0.0,0.0,0.0,0.0
2015,8,9,7,UA,1763,N33286,EWR,TPA,1000,955.0,-5.0,12.0,1007.0,166.0,140.0,124.0,997,1211.0,4.0,1246,1215.0,-31.0,0,0,,0.0,0.0,0.0,0.0,0.0,2015-08-09,0,0.0,0.0,0.0,0.0,0.0
2015,7,28,2,WN,685,N8629A,LAS,HOU,1555,1600.0,5.0,8.0,1608.0,180.0,176.0,163.0,1235,2051.0,5.0,2055,2056.0,1.0,0,0,,0.0,0.0,0.0,0.0,0.0,2015-07-28,0,0.0,0.0,0.0,0.0,0.0
2015,8,20,4,DL,711,N921AT,TPA,JFK,1600,1720.0,80.0,12.0,1732.0,174.0,200.0,181.0,1005,2033.0,7.0,1854,2040.0,106.0,0,0,,106.0,0.0,0.0,0.0,0.0,2015-08-20,1,132.5,0.0,0.0,0.0,0.0
2015,8,17,1,DL,1326,N943DL,OMA,ATL,700,654.0,-6.0,13.0,707.0,135.0,130.0,108.0,821,955.0,9.0,1015,1004.0,-11.0,0,0,,0.0,0.0,0.0,0.0,0.0,2015-08-17,0,0.0,0.0,0.0,0.0,0.0
2015,7,23,4,EV,4166,N14568,GSP,EWR,1105,1057.0,-8.0,10.0,1107.0,114.0,100.0,82.0,594,1229.0,8.0,1259,1237.0,-22.0,0,0,,0.0,0.0,0.0,0.0,0.0,2015-07-23,0,0.0,0.0,0.0,0.0,0.0
2015,8,12,3,EV,5078,N176PQ,GSP,ATL,1653,1649.0,-4.0,10.0,1659.0,60.0,45.0,31.0,153,1730.0,4.0,1753,1734.0,-19.0,0,0,,0.0,0.0,0.0,0.0,0.0,2015-08-12,0,0.0,0.0,0.0,0.0,0.0
2015,7,29,3,DL,2541,N926AT,DSM,ATL,1145,1144.0,-1.0,7.0,1151.0,132.0,109.0,97.0,743,1428.0,5.0,1457,1433.0,-24.0,0,0,,0.0,0.0,0.0,0.0,0.0,2015-07-29,0,0.0,0.0,0.0,0.0,0.0
2015,8,29,6,EV,4641,N14907,EWR,PIT,1038,1037.0,-1.0,12.0,1049.0,86.0,75.0,57.0,319,1146.0,6.0,1204,1152.0,-12.0,0,0,,0.0,0.0,0.0,0.0,0.0,2015-08-29,0,0.0,0.0,0.0,0.0,0.0
2015,8,30,7,DL,1061,N379DA,MCO,LAX,1912,1911.0,-1.0,14.0,1925.0,318.0,307.0,273.0,2218,2058.0,20.0,2130,2118.0,-12.0,0,0,,0.0,0.0,0.0,0.0,0.0,2015-08-30,0,0.0,0.0,0.0,0.0,0.0
2015,8,17,1,AA,1911,N826AW,LAX,IAD,755,749.0,-6.0,21.0,810.0,305.0,295.0,267.0,2288,1537.0,7.0,1600,1544.0,-16.0,0,0,,0.0,0.0,0.0,0.0,0.0,2015-08-17,0,0.0,0.0,0.0,0.0,0.0
2015,8,18,2,AA,1320,N3EYAA,JFK,PHX,959,958.0,-1.0,18.0,1016.0,334.0,306.0,277.0,2153,1153.0,11.0,1233,1204.0,-29.0,0,0,,0.0,0.0,0.0,0.0,0.0,2015-08-18,0,0.0,0.0,0.0,0.0,0.0
2015,8,11,2,DL,1097,N3755D,CMH,LAX,645,639.0,-6.0,10.0,649.0,280.0,273.0,250.0,1995,759.0,13.0,825,812.0,-13.0,0,0,,0.0,0.0,0.0,0.0,0.0,2015-08-11,0,0.0,0.0,0.0,0.0,0.0
2015,7,31,5,DL,2408,N695DL,ATL,JAX,1949,2247.0,178.0,28.0,2315.0,76.0,81.0,47.0,270,2.0,6.0,2105,8.0,183.0,0,0,,5.0,0.0,20.0,0.0,158.0,2015-07-31,1,2.81,0.0,11.24,0.0,88.76
2015,8,3,1,DL,796,N937DN,ATL,IND,740,736.0,-4.0,14.0,750.0,87.0,86.0,66.0,432,856.0,6.0,907,902.0,-5.0,0,0,,0.0,0.0,0.0,0.0,0.0,2015-08-03,0,0.0,0.0,0.0,0.0,0.0
2015,8,9,7,WN,1208,N7726A,DAL,MKE,2025,2022.0,-3.0,9.0,2031.0,140.0,122.0,108.0,850,2219.0,5.0,2245,2224.0,-21.0,0,0,,0.0,0.0,0.0,0.0,0.0,2015-08-09,0,0.0,0.0,0.0,0.0,0.0
2015,8,10,1,WN,540,N948WN,DTW,BNA,700,658.0,-2.0,8.0,706.0,90.0,79.0,66.0,456,712.0,5.0,730,717.0,-13.0,0,0,,0.0,0.0,0.0,0.0,0.0,2015-08-10,0,0.0,0.0,0.0,0.0,0.0
2015,7,25,6,AA,1508,N3LPAA,DCA,MIA,835,832.0,-3.0,22.0,854.0,164.0,149.0,121.0,919,1055.0,6.0,1119,1101.0,-18.0,0,0,,0.0,0.0,0.0,0.0,0.0,2015-07-25,0,0.0,0.0,0.0,0.0,0.0
2015,8,29,6,AA,1081,N3BWAA,ORD,LAX,850,848.0,-2.0,18.0,906.0,275.0,244.0,218.0,1744,1044.0,8.0,1125,1052.0,-33.0,0,0,,0.0,0.0,0.0,0.0,0.0,2015-08-29,0,0.0,0.0,0.0,0.0,0.0
2015,7,22,3,WN,4106,N280WN,MDW,SMF,1910,1935.0,25.0,9.0,1944.0,265.0,255.0,242.0,1790,2146.0,4.0,2135,2150.0,15.0,0,0,,0.0,0.0,15.0,0.0,0.0,2015-07-22,1,0.0,0.0,60.0,0.0,0.0
2015,8,9,7,DL,2313,N923DL,MSP,CMH,1318,1314.0,-4.0,22.0,1336.0,105.0,106.0,79.0,626,1555.0,5.0,1603,1600.0,-3.0,0,0,,0.0,0.0,0.0,0.0,0.0,2015-08-09,0,0.0,0.0,0.0,0.0,0.0
2015,8,7,5,F9,718,N211FR,DEN,DCA,1055,1048.0,-7.0,12.0,1100.0,200.0,190.0,172.0,1476,1552.0,6.0,1615,1558.0,-17.0,0,0,,0.0,0.0,0.0,0.0,0.0,2015-08-07,0,0.0,0.0,0.0,0.0,0.0
2015,8,26,3,EV,4154,N14171,ORD,DAY,730,725.0,-5.0,22.0,747.0,70.0,66.0,40.0,240,927.0,4.0,940,931.0,-9.0,0,0,,0.0,0.0,0.0,0.0,0.0,2015-08-26,0,0.0,0.0,0.0,0.0,0.0
2015,8,23,7,B6,1137,N206JB,BOS,DTW,736,732.0,-4.0,18.0,750.0,135.0,113.0,88.0,632,918.0,7.0,951,925.0,-26.0,0,0,,0.0,0.0,0.0,0.0,0.0,2015-08-23,0,0.0,0.0,0.0,0.0,0.0
2015,8,26,3,DL,2451,N919AT,MEM,ATL,1442,1450.0,8.0,13.0,1503.0,87.0,71.0,50.0,332,1653.0,8.0,1709,1701.0,-8.0,0,0,,0.0,0.0,0.0,0.0,0.0,2015-08-26,0,0.0,0.0,0.0,0.0,0.0
2015,8,19,3,MQ,3554,N692MQ,DFW,CVG,1505,1502.0,-3.0,25.0,1527.0,141.0,178.0,125.0,812,1832.0,28.0,1826,1900.0,34.0,0,0,,34.0,0.0,0.0,0.0,0.0,2015-08-19,0,-1133.33,-0.0,-0.0,-0.0,-0.0
2015,7,27,1,F9,212,N202FR,DEN,AUS,725,719.0,-6.0,10.0,729.0,122.0,123.0,104.0,775,1013.0,9.0,1027,1022.0,-5.0,0,0,,0.0,0.0,0.0,0.0,0.0,2015-07-27,0,0.0,0.0,0.0,0.0,0.0
2015,7,22,3,WN,3848,N906WN,BNA,DAL,1840,1843.0,3.0,9.0,1852.0,110.0,102.0,85.0,623,2017.0,8.0,2030,2025.0,-5.0,0,0,,0.0,0.0,0.0,0.0,0.0,2015-07-22,0,0.0,0.0,0.0,0.0,0.0
2015,8,19,3,DL,2173,N965DL,ATL,MIA,1100,1131.0,31.0,16.0,1147.0,119.0,107.0,84.0,594,1311.0,7.0,1259,1318.0,19.0,0,0,,0.0,0.0,0.0,19.0,0.0,2015-08-19,1,0.0,0.0,0.0,61.29,0.0
2015,8,23,7,AA,2287,N5CHAA,DFW,ANC,1530,1526.0,-4.0,17.0,1543.0,414.0,400.0,380.0,3043,1903.0,3.0,1924,1906.0,-18.0,0,0,,0.0,0.0,0.0,0.0,0.0,2015-08-23,0,0.0,0.0,0.0,0.0,0.0
2015,8,25,2,OO,6520,N732SK,SUN,DEN,715,712.0,-3.0,12.0,724.0,103.0,103.0,82.0,557,846.0,9.0,858,855.0,-3.0,0,0,,0.0,0.0,0.0,0.0,0.0,2015-08-25,0,0.0,0.0,0.0,0.0,0.0
2015,8,3,1,EV,5796,N12163,EWR,SAV,2002,1952.0,-10.0,30.0,2022.0,133.0,141.0,106.0,708,2208.0,5.0,2215,2213.0,-2.0,0,0,,0.0,0.0,0.0,0.0,0.0,2015-08-03,0,0.0,0.0,0.0,0.0,0.0
2015,7,27,1,UA,1143,N18220,LAX,IAH,1540,1554.0,14.0,10.0,1604.0,207.0,192.0,174.0,1379,2058.0,8.0,2107,2106.0,-1.0,0,0,,0.0,0.0,0.0,0.0,0.0,2015-07-27,0,0.0,0.0,0.0,0.0,0.0
2015,8,25,2,AA,1999,N172US,CLT,BOS,1610,1633.0,23.0,12.0,1645.0,130.0,114.0,90.0,728,1815.0,12.0,1820,1827.0,7.0,0,0,,0.0,0.0,0.0,0.0,0.0,2015-08-25,1,0.0,0.0,0.0,0.0,0.0
2015,8,8,6,WN,1414,N611SW,MDW,MSP,1535,1642.0,67.0,12.0,1654.0,80.0,83.0,67.0,349,1801.0,4.0,1655,1805.0,70.0,0,0,,3.0,0.0,25.0,42.0,0.0,2015-08-08,1,4.48,0.0,37.31,62.69,0.0
2015,8,10,1,UA,1259,N76516,EWR,CLE,1531,1551.0,20.0,11.0,1602.0,97.0,75.0,58.0,404,1700.0,6.0,1708,1706.0,-2.0,0,0,,0.0,0.0,0.0,0.0,0.0,2015-08-10,1,0.0,0.0,0.0,0.0,0.0
2015,8,23,7,DL,991,N672DL,ATL,DTW,1205,1241.0,36.0,20.0,1301.0,118.0,111.0,86.0,594,1427.0,5.0,1403,1432.0,29.0,0,0,,0.0,0.0,0.0,22.0,7.0,2015-08-23,1,0.0,0.0,0.0,61.11,19.44
2015,8,8,6,OO,5570,N718SK,DFW,IAH,1928,2058.0,90.0,23.0,2121.0,67.0,68.0,40.0,224,2201.0,5.0,2035,2206.0,91.0,0,0,,1.0,0.0,0.0,90.0,0.0,2015-08-08,1,1.11,0.0,0.0,100.0,0.0
2015,7,26,7,WN,3207,N7741C,ATL,CMH,2210,2205.0,-5.0,12.0,2217.0,95.0,91.0,65.0,447,2322.0,14.0,2345,2336.0,-9.0,0,0,,0.0,0.0,0.0,0.0,0.0,2015-07-26,0,0.0,0.0,0.0,0.0,0.0
2015,8,27,4,OO,4642,N814SK,DEN,CVG,1051,1127.0,36.0,15.0,1142.0,159.0,153.0,133.0,1069,1555.0,5.0,1530,1600.0,30.0,0,0,,0.0,0.0,0.0,30.0,0.0,2015-08-27,1,0.0,0.0,0.0,83.33,0.0
2015,8,28,5,AA,1193,N426AA,BNA,DFW,1114,1108.0,-6.0,8.0,1116.0,118.0,100.0,88.0,631,1244.0,4.0,1312,1248.0,-24.0,0,0,,0.0,0.0,0.0,0.0,0.0,2015-08-28,0,0.0,0.0,0.0,0.0,0.0
2015,7,25,6,AA,1447,N4XEAA,DFW,PIT,1345,1341.0,-4.0,13.0,1354.0,169.0,153.0,135.0,1067,1709.0,5.0,1734,1714.0,-20.0,0,0,,0.0,0.0,0.0,0.0,0.0,2015-07-25,0,0.0,0.0,0.0,0.0,0.0
2015,8,4,2,AA,2452,N3LFAA,ORD,SJC,1016,1021.0,5.0,9.0,1030.0,274.0,258.0,245.0,1829,1235.0,4.0,1250,1239.0,-11.0,0,0,,0.0,0.0,0.0,0.0,0.0,2015-08-04,0,0.0,0.0,0.0,0.0,0.0
2015,7,30,4,DL,2573,N363NB,ATL,MDW,1224,1223.0,-1.0,12.0,1235.0,114.0,105.0,87.0,591,1302.0,6.0,1318,1308.0,-10.0,0,0,,0.0,0.0,0.0,0.0,0.0,2015-07-30,0,0.0,0.0,0.0,0.0,0.0
2015,8,8,6,OO,2902,N863AS,SJC,LAX,1945,2027.0,42.0,14.0,2041.0,93.0,77.0,54.0,308,2135.0,9.0,2118,2144.0,26.0,0,0,,0.0,0.0,0.0,26.0,0.0,2015-08-08,1,0.0,0.0,0.0,61.9,0.0
2015,8,6,4,EV,5075,N695CA,CAE,ATL,1000,955.0,-5.0,9.0,1004.0,64.0,56.0,38.0,192,1042.0,9.0,1104,1051.0,-13.0,0,0,,0.0,0.0,0.0,0.0,0.0,2015-08-06,0,0.0,0.0,0.0,0.0,0.0
2015,8,3,1,AA,2464,N861AA,MIA,MCO,1355,1421.0,26.0,15.0,1436.0,64.0,70.0,44.0,192,1520.0,11.0,1459,1531.0,32.0,0,0,,11.0,0.0,0.0,21.0,0.0,2015-08-03,1,42.31,0.0,0.0,80.77,0.0
2015,8,23,7,AA,573,N744P,RSW,PHL,600,555.0,-5.0,14.0,609.0,158.0,149.0,130.0,993,819.0,5.0,838,824.0,-14.0,0,0,,0.0,0.0,0.0,0.0,0.0,2015-08-23,0,0.0,0.0,0.0,0.0,0.0
2015,8,7,5,DL,898,N302NB,PBI,LGA,1159,1158.0,-1.0,11.0,1209.0,170.0,168.0,145.0,1035,1434.0,12.0,1449,1446.0,-3.0,0,0,,0.0,0.0,0.0,0.0,0.0,2015-08-07,0,0.0,0.0,0.0,0.0,0.0
2015,7,31,5,WN,912,N257WN,MCI,DAL,1140,1138.0,-2.0,7.0,1145.0,85.0,74.0,63.0,460,1248.0,4.0,1305,1252.0,-13.0,0,0,,0.0,0.0,0.0,0.0,0.0,2015-07-31,0,0.0,0.0,0.0,0.0,0.0
2015,8,14,5,DL,1361,N950DN,MSP,BWI,1515,1515.0,0.0,16.0,1531.0,146.0,141.0,119.0,936,1830.0,6.0,1841,1836.0,-5.0,0,0,,0.0,0.0,0.0,0.0,0.0,2015-08-14,0,0.0,0.0,0.0,0.0,0.0
2015,7,23,4,EV,5243,N878AS,TLH,ATL,1954,2139.0,105.0,9.0,2148.0,70.0,59.0,42.0,223,2230.0,8.0,2104,2238.0,94.0,0,0,,0.0,0.0,79.0,15.0,0.0,2015-07-23,1,0.0,0.0,75.24,14.29,0.0
2015,8,10,1,WN,277,N403WN,JAX,ATL,1830,2047.0,137.0,17.0,2104.0,80.0,76.0,49.0,270,2153.0,10.0,1950,2203.0,133.0,0,0,,102.0,0.0,0.0,31.0,0.0,2015-08-10,1,74.45,0.0,0.0,22.63,0.0
2015,8,17,1,WN,3026,N392SW,SJC,SAN,630,629.0,-1.0,10.0,639.0,80.0,105.0,91.0,417,810.0,4.0,750,814.0,24.0,0,0,,24.0,0.0,0.0,0.0,0.0,2015-08-17,0,-2400.0,-0.0,-0.0,-0.0,-0.0
2015,7,23,4,WN,3223,N478WN,PHX,LAX,1130,1135.0,5.0,12.0,1147.0,80.0,76.0,57.0,370,1244.0,7.0,1250,1251.0,1.0,0,0,,0.0,0.0,0.0,0.0,0.0,2015-07-23,0,0.0,0.0,0.0,0.0,0.0
2015,8,8,6,NK,511,N604NK,DTW,LAS,1110,1151.0,41.0,10.0,1201.0,253.0,253.0,238.0,1749,1259.0,5.0,1223,1304.0,41.0,0,0,,0.0,0.0,12.0,29.0,0.0,2015-08-08,1,0.0,0.0,29.27,70.73,0.0
2015,8,12,3,OO,6372,N975SW,DEN,BZN,800,751.0,-9.0,16.0,807.0,105.0,100.0,79.0,524,926.0,5.0,945,931.0,-14.0,0,0,,0.0,0.0,0.0,0.0,0.0,2015-08-12,0,0.0,0.0,0.0,0.0,0.0
2015,8,15,6,EV,5924,N13994,MDT,ORD,952,1018.0,26.0,6.0,1024.0,115.0,104.0,90.0,594,1054.0,8.0,1047,1102.0,15.0,0,0,,0.0,0.0,0.0,15.0,0.0,2015-08-15,1,0.0,0.0,0.0,57.69,0.0
2015,8,25,2,OO,6533,N926SW,SJC,DEN,1007,1001.0,-6.0,16.0,1017.0,155.0,158.0,134.0,948,1331.0,8.0,1342,1339.0,-3.0,0,0,,0.0,0.0,0.0,0.0,0.0,2015-08-25,0,0.0,0.0,0.0,0.0,0.0
2015,8,8,6,VX,90,N637VA,SFO,IAD,1445,1440.0,-5.0,9.0,1449.0,305.0,274.0,258.0,2419,2207.0,7.0,2250,2214.0,-36.0,0,0,,0.0,0.0,0.0,0.0,0.0,2015-08-08,0,0.0,0.0,0.0,0.0,0.0
2015,7,30,4,WN,3238,N8323C,SEA,OAK,725,736.0,11.0,14.0,750.0,135.0,120.0,101.0,672,931.0,5.0,940,936.0,-4.0,0,0,,0.0,0.0,0.0,0.0,0.0,2015-07-30,0,0.0,0.0,0.0,0.0,0.0
2015,8,11,2,AS,136,N564AS,ANC,SEA,205,201.0,-4.0,11.0,212.0,205.0,192.0,174.0,1448,606.0,7.0,630,613.0,-17.0,0,0,,0.0,0.0,0.0,0.0,0.0,2015-08-11,0,0.0,0.0,0.0,0.0,0.0
2015,8,14,5,EV,4691,N14916,DAY,EWR,1104,1054.0,-10.0,10.0,1104.0,110.0,103.0,83.0,533,1227.0,10.0,1254,1237.0,-17.0,0,0,,0.0,0.0,0.0,0.0,0.0,2015-08-14,0,0.0,0.0,0.0,0.0,0.0
2015,8,23,7,WN,1711,N392SW,DAL,MAF,1325,1324.0,-1.0,14.0,1338.0,70.0,66.0,49.0,319,1427.0,3.0,1435,1430.0,-5.0,0,0,,0.0,0.0,0.0,0.0,0.0,2015-08-23,0,0.0,0.0,0.0,0.0,0.0
2015,8,8,6,DL,1826,N801DZ,FLL,ATL,1550,1610.0,20.0,16.0,1626.0,123.0,112.0,86.0,581,1752.0,10.0,1753,1802.0,9.0,0,0,,0.0,0.0,0.0,0.0,0.0,2015-08-08,1,0.0,0.0,0.0,0.0,0.0
2015,8,2,7,DL,1094,N324US,SLC,ABQ,2151,2156.0,5.0,11.0,2207.0,94.0,84.0,67.0,493,2314.0,6.0,2325,2320.0,-5.0,0,0,,0.0,0.0,0.0,0.0,0.0,2015-08-02,0,0.0,0.0,0.0,0.0,0.0
2015,8,3,1,EV,4995,N710EV,ALB,DTW,603,603.0,0.0,33.0,636.0,105.0,116.0,79.0,489,755.0,4.0,748,759.0,11.0,0,0,,0.0,0.0,0.0,0.0,0.0,2015-08-03,0,0.0,0.0,0.0,0.0,0.0
2015,7,28,2,WN,678,N273WN,IND,TPA,1550,1546.0,-4.0,8.0,1554.0,130.0,133.0,110.0,837,1744.0,15.0,1800,1759.0,-1.0,0,0,,0.0,0.0,0.0,0.0,0.0,2015-07-28,0,0.0,0.0,0.0,0.0,0.0
