YEAR,MONTH,DAY,DAY_OF_WEEK,AIRLINE,FLIGHT_NUMBER,TAIL_NUMBER,ORIGIN_AIRPORT,DESTINATION_AIRPORT,SCHEDULED_DEPARTURE,DEPARTURE_TIME,DEPARTURE_DELAY,TAXI_OUT,WHEELS_OFF,SCHEDULED_TIME,ELAPSED_TIME,AIR_TIME,DISTANCE,WHEELS_ON,TAXI_IN,SCHEDULED_ARRIVAL,ARRIVAL_TIME,ARRIVAL_DELAY,DIVERTED,CANCELLED,CANCELLATION_REASON,AIR_SYSTEM_DELAY,SECURITY_DELAY,AIRLINE_DELAY,LATE_AIRCRAFT_DELAY,WEATHER_DELAY,date,flight_depart_delayed,AIR_SYSTEM_DELAY_pct,SECURITY_DELAY_pct,AIRLINE_DELAY_pct,LATE_AIRCRAFT_DELAY_pct,WEATHER_DELAY_pct
2015,11,7,6,WN,3010,N754SW,LAS,ELP,1855,1850.0,-5.0,10.0,1900.0,95.0,94.0,76.0,583,2116.0,8.0,2130,2124.0,-6.0,0,0,,0.0,0.0,0.0,0.0,0.0,2015-11-07,0,0.0,0.0,0.0,0.0,0.0
2015,11,4,3,UA,1904,N75436,EWR,PHX,730,725.0,-5.0,13.0,738.0,341.0,319.0,299.0,2133,1037.0,7.0,1111,1044.0,-27.0,0,0,,0.0,0.0,0.0,0.0,0.0,2015-11-04,0,0.0,0.0,0.0,0.0,0.0
2015,11,2,1,OO,5525,N978SW,DEN,TUS,2200,2150.0,-10.0,9.0,2159.0,126.0,108.0,94.0,639,2333.0,5.0,6,2338.0,-28.0,0,0,,0.0,0.0,0.0,0.0,0.0,2015-11-02,0,0.0,0.0,0.0,0.0,0.0
2015,10,12,1,EV,5355,N605QX,10785,11433,600,558.0,-2.0,22.0,620.0,117.0,115.0,81.0,537,741.0,12.0,757,753.0,-4.0,0,0,,0.0,0.0,0.0,0.0,0.0,2015-10-12,0,0.0,0.0,0.0,0.0,0.0
2015,10,16,5,AA,851,N186US,14100,11292,1835,1831.0,-4.0,19.0,1850.0,265.0,256.0,227.0,1558,2037.0,10.0,2100,2047.0,-13.0,0,0,,0.0,0.0,0.0,0.0,0.0,2015-10-16,0,0.0,0.0,0.0,0.0,0.0
2015,10,27,2,EV,4396,N12201,15919,12266,1157,1151.0,-6.0,10.0,1201.0,105.0,104.0,78.0,438,1319.0,16.0,1342,1335.0,-7.0,0,0,,0.0,0.0,0.0,0.0,0.0,2015-10-27,0,0.0,0.0,0.0,0.0,0.0
2015,10,12,1,AA,120,N3GFAA,12889,12478,1110,1103.0,-7.0,18.0,1121.0,314.0,294.0,269.0,2248,1850.0,7.0,1924,1857.0,-27.0,0,0,,0.0,0.0,0.0,0.0,0.0,2015-10-12,0,0.0,0.0,0.0,0.0,0.0
2015,10,11,7,DL,1104,N140LL,12173,14869,2100,2056.0,-4.0,25.0,2121.0,375.0,365.0,335.0,2994,656.0,5.0,715,701.0,-14.0,0,0,,0.0,0.0,0.0,0.0,0.0,2015-10-11,0,0.0,0.0,0.0,0.0,0.0
2015,10,21,3,DL,1174,N981AT,12953,14027,1025,1020.0,-5.0,21.0,1041.0,187.0,161.0,135.0,1035,1256.0,5.0,1332,1301.0,-31.0,0,0,,0.0,0.0,0.0,0.0,0.0,2015-10-21,0,0.0,0.0,0.0,0.0,0.0
2015,10,26,1,DL,699,N319US,11433,10397,1905,1901.0,-4.0,9.0,1910.0,118.0,115.0,97.0,594,2047.0,9.0,2103,2056.0,-7.0,0,0,,0.0,0.0,0.0,0.0,0.0,2015-10-26,0,0.0,0.0,0.0,0.0,0.0
2015,11,4,3,WN,1718,N446WN,STL,MSY,2125,2158.0,33.0,10.0,2208.0,105.0,91.0,78.0,604,2326.0,3.0,2310,2329.0,19.0,0,0,,0.0,0.0,19.0,0.0,0.0,2015-11-04,1,0.0,0.0,57.58,0.0,0.0
2015,11,4,3,DL,1163,N921AT,JAN,ATL,1146,1140.0,-6.0,27.0,1207.0,91.0,85.0,50.0,341,1357.0,8.0,1417,1405.0,-12.0,0,0,,0.0,0.0,0.0,0.0,0.0,2015-11-04,0,0.0,0.0,0.0,0.0,0.0
2015,11,17,2,DL,1758,N818DA,ATL,TPA,1905,1903.0,-2.0,11.0,1914.0,86.0,72.0,58.0,406,2012.0,3.0,2031,2015.0,-16.0,0,0,,0.0,0.0,0.0,0.0,0.0,2015-11-17,0,0.0,0.0,0.0,0.0,0.0
2015,10,13,2,WN,2148,N635SW,14576,10821,1810,1808.0,-2.0,7.0,1815.0,70.0,58.0,47.0,277,1902.0,4.0,1920,1906.0,-14.0,0,0,,0.0,0.0,0.0,0.0,0.0,2015-10-13,0,0.0,0.0,0.0,0.0,0.0
2015,10,20,2,DL,1767,N938DL,11721,10397,1205,1158.0,-7.0,10.0,1208.0,130.0,116.0,98.0,645,1346.0,8.0,1415,1354.0,-21.0,0,0,,0.0,0.0,0.0,0.0,0.0,2015-10-20,0,0.0,0.0,0.0,0.0,0.0
2015,11,15,7,WN,1939,N7828A,LAS,BUF,1740,1842.0,62.0,14.0,1856.0,250.0,245.0,225.0,1986,141.0,6.0,50,147.0,57.0,0,0,,0.0,0.0,25.0,32.0,0.0,2015-11-15,1,0.0,0.0,40.32,51.61,0.0
2015,11,12,4,DL,1324,N909DE,BNA,ATL,800,813.0,13.0,11.0,824.0,75.0,62.0,45.0,214,1009.0,6.0,1015,1015.0,0.0,0,0,,0.0,0.0,0.0,0.0,0.0,2015-11-12,0,0.0,0.0,0.0,0.0,0.0
2015,11,18,3,OO,2893,N866AS,LAX,SLC,1344,1358.0,14.0,19.0,1417.0,115.0,112.0,86.0,590,1643.0,7.0,1639,1650.0,11.0,0,0,,0.0,0.0,0.0,0.0,0.0,2015-11-18,0,0.0,0.0,0.0,0.0,0.0
2015,11,18,3,OO,5355,N983CA,LAX,SBA,1629,1627.0,-2.0,13.0,1640.0,48.0,39.0,21.0,89,1701.0,5.0,1717,1706.0,-11.0,0,0,,0.0,0.0,0.0,0.0,0.0,2015-11-18,0,0.0,0.0,0.0,0.0,0.0
2015,11,1,7,WN,1110,N385SW,CLE,BWI,1435,1441.0,6.0,10.0,1451.0,75.0,68.0,52.0,314,1543.0,6.0,1550,1549.0,-1.0,0,0,,0.0,0.0,0.0,0.0,0.0,2015-11-01,0,0.0,0.0,0.0,0.0,0.0
2015,11,7,6,WN,3274,N446WN,MDW,RSW,830,829.0,-1.0,10.0,839.0,175.0,166.0,148.0,1105,1207.0,8.0,1225,1215.0,-10.0,0,0,,0.0,0.0,0.0,0.0,0.0,2015-11-07,0,0.0,0.0,0.0,0.0,0.0
2015,10,13,2,B6,124,N934JB,12892,12478,900,901.0,1.0,17.0,918.0,327.0,317.0,290.0,2475,1708.0,10.0,1727,1718.0,-9.0,0,0,,0.0,0.0,0.0,0.0,0.0,2015-10-13,0,0.0,0.0,0.0,0.0,0.0
2015,10,30,5,DL,2699,N972AT,10721,12953,630,627.0,-3.0,21.0,648.0,80.0,71.0,40.0,184,728.0,10.0,750,738.0,-12.0,0,0,,0.0,0.0,0.0,0.0,0.0,2015-10-30,0,0.0,0.0,0.0,0.0,0.0
2015,11,7,6,WN,4075,N952WN,ALB,FLL,835,830.0,-5.0,16.0,846.0,205.0,217.0,171.0,1204,1137.0,30.0,1200,1207.0,7.0,0,0,,0.0,0.0,0.0,0.0,0.0,2015-11-07,0,0.0,0.0,0.0,0.0,0.0
2015,11,5,4,WN,1240,N260WN,SMF,BUR,1210,1208.0,-2.0,7.0,1215.0,65.0,65.0,54.0,358,1309.0,4.0,1315,1313.0,-2.0,0,0,,0.0,0.0,0.0,0.0,0.0,2015-11-05,0,0.0,0.0,0.0,0.0,0.0
2015,11,18,3,WN,119,N401WN,MCI,STL,610,607.0,-3.0,10.0,617.0,65.0,51.0,38.0,237,655.0,3.0,715,658.0,-17.0,0,0,,0.0,0.0,0.0,0.0,0.0,2015-11-18,0,0.0,0.0,0.0,0.0,0.0
2015,11,18,3,DL,926,N664DN,STT,ATL,1530,1544.0,14.0,26.0,1610.0,245.0,246.0,208.0,1599,1838.0,12.0,1835,1850.0,15.0,0,0,,1.0,0.0,0.0,14.0,0.0,2015-11-18,0,7.14,0.0,0.0,100.0,0.0
2015,11,13,5,AS,1,N592AS,DCA,SEA,800,750.0,-10.0,14.0,804.0,360.0,359.0,339.0,2329,1043.0,6.0,1100,1049.0,-11.0,0,0,,0.0,0.0,0.0,0.0,0.0,2015-11-13,0,0.0,0.0,0.0,0.0,0.0
2015,11,3,2,WN,2072,N569WN,RNO,SAN,930,928.0,-2.0,8.0,936.0,90.0,85.0,73.0,488,1049.0,4.0,1100,1053.0,-7.0,0,0,,0.0,0.0,0.0,0.0,0.0,2015-11-03,0,0.0,0.0,0.0,0.0,0.0
2015,11,5,4,OO,5358,N910SW,LAX,SBA,1334,1327.0,-7.0,18.0,1345.0,52.0,42.0,19.0,89,1404.0,5.0,1426,1409.0,-17.0,0,0,,0.0,0.0,0.0,0.0,0.0,2015-11-05,0,0.0,0.0,0.0,0.0,0.0
2015,10,25,7,UA,408,N776UA,14771,12264,725,728.0,3.0,19.0,747.0,295.0,282.0,253.0,2419,1500.0,10.0,1520,1510.0,-10.0,0,0,,0.0,0.0,0.0,0.0,0.0,2015-10-25,0,0.0,0.0,0.0,0.0,0.0
2015,10,12,1,AA,772,N165US,14843,14100,1445,1505.0,20.0,14.0,1519.0,237.0,255.0,236.0,1576,1915.0,5.0,1842,1920.0,38.0,0,0,,18.0,0.0,11.0,9.0,0.0,2015-10-12,1,90.0,0.0,55.0,45.0,0.0
2015,10,27,2,WN,16,N737JW,12191,11259,1000,958.0,-2.0,9.0,1007.0,55.0,53.0,40.0,239,1047.0,4.0,1055,1051.0,-4.0,0,0,,0.0,0.0,0.0,0.0,0.0,2015-10-27,0,0.0,0.0,0.0,0.0,0.0
2015,11,2,1,OO,5429,N910SW,ORD,MKG,910,903.0,-7.0,23.0,926.0,55.0,56.0,29.0,118,1055.0,4.0,1105,1059.0,-6.0,0,0,,0.0,0.0,0.0,0.0,0.0,2015-11-02,0,0.0,0.0,0.0,0.0,0.0
2015,10,12,1,DL,1116,N998AT,10397,13232,1341,1340.0,-1.0,11.0,1351.0,124.0,101.0,84.0,591,1415.0,6.0,1445,1421.0,-24.0,0,0,,0.0,0.0,0.0,0.0,0.0,2015-10-12,0,0.0,0.0,0.0,0.0,0.0
2015,11,3,2,WN,2880,N418WN,BUF,MCO,625,622.0,-3.0,10.0,632.0,175.0,148.0,129.0,1011,841.0,9.0,920,850.0,-30.0,0,0,,0.0,0.0,0.0,0.0,0.0,2015-11-03,0,0.0,0.0,0.0,0.0,0.0
2015,10,22,4,OO,5610,N732SK,12266,10140,2121,2130.0,9.0,22.0,2152.0,135.0,135.0,107.0,744,2239.0,6.0,2236,2245.0,9.0,0,0,,0.0,0.0,0.0,0.0,0.0,2015-10-22,0,0.0,0.0,0.0,0.0,0.0
2015,10,25,7,NK,113,N524NK,10821,12266,1445,1436.0,-9.0,34.0,1510.0,198.0,236.0,189.0,1235,1719.0,13.0,1703,1732.0,29.0,0,0,,29.0,0.0,0.0,0.0,0.0,2015-10-25,0,-322.22,-0.0,-0.0,-0.0,-0.0
2015,11,13,5,UA,1958,N27733,IAH,LGA,1546,1710.0,84.0,15.0,1725.0,212.0,183.0,161.0,1416,2106.0,7.0,2018,2113.0,55.0,0,0,,55.0,0.0,0.0,0.0,0.0,2015-11-13,1,65.48,0.0,0.0,0.0,0.0
2015,10,12,1,WN,2892,N435WN,13204,14492,935,930.0,-5.0,16.0,946.0,95.0,95.0,75.0,534,1101.0,4.0,1110,1105.0,-5.0,0,0,,0.0,0.0,0.0,0.0,0.0,2015-10-12,0,0.0,0.0,0.0,0.0,0.0
2015,11,10,2,OO,2925,N862AS,ORD,ICT,1325,1411.0,46.0,30.0,1441.0,119.0,126.0,91.0,588,1612.0,5.0,1524,1617.0,53.0,0,0,,7.0,0.0,46.0,0.0,0.0,2015-11-10,1,15.22,0.0,100.0,0.0,0.0
2015,10,16,5,UA,1771,N76254,11618,10423,1907,1903.0,-4.0,24.0,1927.0,247.0,240.0,211.0,1504,2158.0,5.0,2214,2203.0,-11.0,0,0,,0.0,0.0,0.0,0.0,0.0,2015-10-16,0,0.0,0.0,0.0,0.0,0.0
2015,11,16,1,WN,2124,N291WN,DAL,PIT,2005,2034.0,29.0,10.0,2044.0,155.0,138.0,121.0,1060,2345.0,7.0,2340,2352.0,12.0,0,0,,0.0,0.0,0.0,0.0,0.0,2015-11-16,1,0.0,0.0,0.0,0.0,0.0
2015,10,29,4,UA,436,N35271,13930,11618,1605,1612.0,7.0,19.0,1631.0,131.0,121.0,94.0,719,1905.0,8.0,1916,1913.0,-3.0,0,0,,0.0,0.0,0.0,0.0,0.0,2015-10-29,0,0.0,0.0,0.0,0.0,0.0
2015,10,28,3,MQ,3097,N906MQ,11298,14588,2150,2154.0,4.0,19.0,2213.0,92.0,97.0,69.0,435,2222.0,9.0,2222,2231.0,9.0,0,0,,0.0,0.0,0.0,0.0,0.0,2015-10-28,0,0.0,0.0,0.0,0.0,0.0
2015,11,1,7,AA,2326,N023AA,IAH,MIA,1930,1927.0,-3.0,14.0,1941.0,149.0,143.0,119.0,964,2240.0,10.0,2259,2250.0,-9.0,0,0,,0.0,0.0,0.0,0.0,0.0,2015-11-01,0,0.0,0.0,0.0,0.0,0.0
2015,11,13,5,EV,5088,N755EV,CLE,LGA,700,659.0,-1.0,25.0,724.0,105.0,111.0,67.0,419,831.0,19.0,845,850.0,5.0,0,0,,0.0,0.0,0.0,0.0,0.0,2015-11-13,0,0.0,0.0,0.0,0.0,0.0
2015,10,20,2,EV,5915,N21537,13422,13930,1322,1313.0,-9.0,16.0,1329.0,148.0,153.0,132.0,778,1541.0,5.0,1550,1546.0,-4.0,0,0,,0.0,0.0,0.0,0.0,0.0,2015-10-20,0,0.0,0.0,0.0,0.0,0.0
2015,11,10,2,AA,1395,N4XSAA,MSP,DFW,620,616.0,-4.0,13.0,629.0,168.0,161.0,126.0,852,835.0,22.0,908,857.0,-11.0,0,0,,0.0,0.0,0.0,0.0,0.0,2015-11-10,0,0.0,0.0,0.0,0.0,0.0
2015,11,6,5,WN,3197,N403WN,MCI,BNA,1300,1308.0,8.0,11.0,1319.0,85.0,83.0,64.0,491,1423.0,8.0,1425,1431.0,6.0,0,0,,0.0,0.0,0.0,0.0,0.0,2015-11-06,0,0.0,0.0,0.0,0.0,0.0
2015,10,23,5,EV,4504,N14203,12266,15370,2000,2151.0,111.0,10.0,2201.0,88.0,101.0,87.0,429,2328.0,4.0,2128,2332.0,124.0,0,0,,113.0,0.0,11.0,0.0,0.0,2015-10-23,1,101.8,0.0,9.91,0.0,0.0
2015,10,20,2,UA,1124,N66808,13204,13930,1044,1041.0,-3.0,11.0,1052.0,176.0,165.0,138.0,1005,1210.0,16.0,1240,1226.0,-14.0,0,0,,0.0,0.0,0.0,0.0,0.0,2015-10-20,0,0.0,0.0,0.0,0.0,0.0
2015,10,16,5,AS,80,N440AS,10299,14747,1000,1001.0,1.0,15.0,1016.0,200.0,221.0,200.0,1448,1436.0,6.0,1420,1442.0,22.0,0,0,,22.0,0.0,0.0,0.0,0.0,2015-10-16,0,2200.0,0.0,0.0,0.0,0.0
2015,10,15,4,WN,752,N935WN,13232,11057,2150,2154.0,4.0,23.0,2217.0,100.0,102.0,74.0,584,31.0,5.0,30,36.0,6.0,0,0,,0.0,0.0,0.0,0.0,0.0,2015-10-15,0,0.0,0.0,0.0,0.0,0.0
2015,10,23,5,DL,1496,N936DN,13487,12953,1300,1339.0,39.0,24.0,1403.0,165.0,162.0,130.0,1020,1713.0,8.0,1645,1721.0,36.0,0,0,,36.0,0.0,0.0,0.0,0.0,2015-10-23,1,92.31,0.0,0.0,0.0,0.0
2015,10,13,2,WN,2607,N663SW,14771,12892,1025,1020.0,-5.0,9.0,1029.0,85.0,79.0,58.0,337,1127.0,12.0,1150,1139.0,-11.0,0,0,,0.0,0.0,0.0,0.0,0.0,2015-10-13,0,0.0,0.0,0.0,0.0,0.0
2015,11,4,3,EV,4399,N12563,IAH,OKC,1257,1253.0,-4.0,11.0,1304.0,93.0,81.0,64.0,395,1408.0,6.0,1430,1414.0,-16.0,0,0,,0.0,0.0,0.0,0.0,0.0,2015-11-04,0,0.0,0.0,0.0,0.0,0.0
2015,11,16,1,AS,820,N597AS,OGG,SEA,1435,1421.0,-14.0,11.0,1432.0,337.0,359.0,340.0,2640,2212.0,8.0,2212,2220.0,8.0,0,0,,0.0,0.0,0.0,0.0,0.0,2015-11-16,0,0.0,0.0,0.0,0.0,0.0
2015,11,9,1,DL,2342,N931DL,JAX,ATL,1330,1325.0,-5.0,13.0,1338.0,84.0,73.0,50.0,270,1428.0,10.0,1454,1438.0,-16.0,0,0,,0.0,0.0,0.0,0.0,0.0,2015-11-09,0,0.0,0.0,0.0,0.0,0.0
2015,11,17,2,WN,910,N515SW,LBB,DAL,1625,2057.0,272.0,11.0,2108.0,65.0,72.0,48.0,293,2156.0,13.0,1730,2209.0,279.0,0,0,,7.0,0.0,0.0,272.0,0.0,2015-11-17,1,2.57,0.0,0.0,100.0,0.0
2015,11,9,1,WN,2500,N794SW,MCI,DEN,2030,2027.0,-3.0,9.0,2036.0,110.0,106.0,92.0,533,2108.0,5.0,2120,2113.0,-7.0,0,0,,0.0,0.0,0.0,0.0,0.0,2015-11-09,0,0.0,0.0,0.0,0.0,0.0
2015,11,15,7,AA,799,N578UW,PHL,MIA,1735,1738.0,3.0,17.0,1755.0,172.0,170.0,144.0,1013,2019.0,9.0,2027,2028.0,1.0,0,0,,0.0,0.0,0.0,0.0,0.0,2015-11-15,0,0.0,0.0,0.0,0.0,0.0
2015,10,12,1,WN,1780,N473WN,10693,11042,1055,1054.0,-1.0,9.0,1103.0,85.0,77.0,62.0,448,1305.0,6.0,1320,1311.0,-9.0,0,0,,0.0,0.0,0.0,0.0,0.0,2015-10-12,0,0.0,0.0,0.0,0.0,0.0
2015,10,24,6,AS,670,N408AS,14747,10423,1135,1128.0,-7.0,35.0,1203.0,235.0,259.0,221.0,1770,1744.0,3.0,1730,1747.0,17.0,0,0,,17.0,0.0,0.0,0.0,0.0,2015-10-24,0,-242.86,-0.0,-0.0,-0.0,-0.0
2015,11,12,4,DL,2018,N67171,ATL,MCO,855,855.0,0.0,33.0,928.0,88.0,103.0,61.0,404,1029.0,9.0,1023,1038.0,15.0,0,0,,15.0,0.0,0.0,0.0,0.0,2015-11-12,0,inf,0.0,0.0,0.0,0.0
2015,11,3,2,B6,2783,N183JB,BOS,RDU,1620,1617.0,-3.0,19.0,1636.0,125.0,118.0,96.0,612,1812.0,3.0,1825,1815.0,-10.0,0,0,,0.0,0.0,0.0,0.0,0.0,2015-11-03,0,0.0,0.0,0.0,0.0,0.0
2015,11,18,3,DL,859,N928DN,BOS,MSP,1431,1432.0,1.0,14.0,1446.0,203.0,174.0,152.0,1124,1618.0,8.0,1654,1626.0,-28.0,0,0,,0.0,0.0,0.0,0.0,0.0,2015-11-18,0,0.0,0.0,0.0,0.0,0.0
2015,10,22,4,MQ,3405,N604MQ,11298,11193,1815,1847.0,32.0,32.0,1919.0,138.0,144.0,106.0,812,2205.0,6.0,2133,2211.0,38.0,0,0,,6.0,0.0,0.0,23.0,9.0,2015-10-22,1,18.75,0.0,0.0,71.88,28.12
2015,10,19,1,AA,524,N192UW,11298,14107,1515,1519.0,4.0,13.0,1532.0,156.0,141.0,123.0,868,1535.0,5.0,1551,1540.0,-11.0,0,0,,0.0,0.0,0.0,0.0,0.0,2015-10-19,0,0.0,0.0,0.0,0.0,0.0
2015,11,4,3,UA,887,N14230,SFO,LAX,2115,2126.0,11.0,16.0,2142.0,103.0,89.0,47.0,337,2229.0,26.0,2258,2255.0,-3.0,0,0,,0.0,0.0,0.0,0.0,0.0,2015-11-04,0,0.0,0.0,0.0,0.0,0.0
2015,10,19,1,EV,5491,N844AS,13795,10397,600,635.0,35.0,30.0,705.0,88.0,102.0,65.0,399,810.0,7.0,728,817.0,49.0,0,0,,14.0,0.0,35.0,0.0,0.0,2015-10-19,1,40.0,0.0,100.0,0.0,0.0
2015,10,29,4,MQ,3512,N539MQ,11433,13930,1438,1459.0,21.0,13.0,1512.0,81.0,74.0,47.0,235,1459.0,14.0,1459,1513.0,14.0,0,0,,0.0,0.0,0.0,0.0,0.0,2015-10-29,1,0.0,0.0,0.0,0.0,0.0
2015,11,3,2,WN,140,N7737E,ATL,MDW,740,734.0,-6.0,13.0,747.0,115.0,102.0,83.0,591,810.0,6.0,835,816.0,-19.0,0,0,,0.0,0.0,0.0,0.0,0.0,2015-11-03,0,0.0,0.0,0.0,0.0,0.0
2015,10,15,4,B6,80,N605JB,14570,12478,2359,27.0,28.0,11.0,38.0,311.0,286.0,269.0,2411,807.0,6.0,810,813.0,3.0,0,0,,0.0,0.0,0.0,0.0,0.0,2015-10-15,1,0.0,0.0,0.0,0.0,0.0
2015,10,30,5,WN,313,N789SW,11042,13232,1630,1627.0,-3.0,11.0,1638.0,75.0,70.0,54.0,307,1632.0,5.0,1645,1637.0,-8.0,0,0,,0.0,0.0,0.0,0.0,0.0,2015-10-30,0,0.0,0.0,0.0,0.0,0.0
2015,11,3,2,OO,5320,N920SW,SBP,LAX,1356,1402.0,6.0,18.0,1420.0,66.0,61.0,33.0,156,1453.0,10.0,1502,1503.0,1.0,0,0,,0.0,0.0,0.0,0.0,0.0,2015-11-03,0,0.0,0.0,0.0,0.0,0.0
2015,10,24,6,OO,2924,N417SW,12278,13930,1217,1240.0,23.0,10.0,1250.0,118.0,108.0,85.0,588,1415.0,13.0,1415,1428.0,13.0,0,0,,0.0,0.0,0.0,0.0,0.0,2015-10-24,1,0.0,0.0,0.0,0.0,0.0
2015,10,11,7,AS,153,N764AS,13970,13873,1858,1845.0,-13.0,8.0,1853.0,42.0,48.0,35.0,183,1928.0,5.0,1940,1933.0,-7.0,0,0,,0.0,0.0,0.0,0.0,0.0,2015-10-11,0,0.0,0.0,0.0,0.0,0.0
2015,11,20,5,UA,1805,N407UA,IAH,LGA,715,715.0,0.0,15.0,730.0,208.0,232.0,192.0,1416,1142.0,25.0,1143,1207.0,24.0,0,0,,24.0,0.0,0.0,0.0,0.0,2015-11-20,0,inf,0.0,0.0,0.0,0.0
2015,10,18,7,AA,421,N579UW,14107,14057,2255,2253.0,-2.0,15.0,2308.0,157.0,154.0,135.0,1009,123.0,4.0,132,127.0,-5.0,0,0,,0.0,0.0,0.0,0.0,0.0,2015-10-18,0,0.0,0.0,0.0,0.0,0.0
2015,10,11,7,DL,1875,N933AT,12953,15304,1110,1116.0,6.0,22.0,1138.0,195.0,154.0,129.0,1010,1347.0,3.0,1425,1350.0,-35.0,0,0,,0.0,0.0,0.0,0.0,0.0,2015-10-11,0,0.0,0.0,0.0,0.0,0.0
2015,11,3,2,WN,996,N8610A,HOU,MCI,800,801.0,1.0,11.0,812.0,120.0,105.0,90.0,666,942.0,4.0,1000,946.0,-14.0,0,0,,0.0,0.0,0.0,0.0,0.0,2015-11-03,0,0.0,0.0,0.0,0.0,0.0
2015,11,18,3,F9,124,N928FR,DEN,DFW,645,641.0,-4.0,9.0,650.0,120.0,109.0,84.0,641,914.0,16.0,945,930.0,-15.0,0,0,,0.0,0.0,0.0,0.0,0.0,2015-11-18,0,0.0,0.0,0.0,0.0,0.0
2015,11,18,3,WN,251,N8652B,MDW,LAS,615,608.0,-7.0,16.0,624.0,240.0,223.0,202.0,1521,746.0,5.0,815,751.0,-24.0,0,0,,0.0,0.0,0.0,0.0,0.0,2015-11-18,0,0.0,0.0,0.0,0.0,0.0
2015,10,27,2,OO,5427,N938SW,14893,14771,1045,1039.0,-6.0,15.0,1054.0,52.0,58.0,33.0,86,1127.0,10.0,1137,1137.0,0.0,0,0,,0.0,0.0,0.0,0.0,0.0,2015-10-27,0,0.0,0.0,0.0,0.0,0.0
2015,11,15,7,B6,1374,N768JB,CHS,JFK,1915,1921.0,6.0,17.0,1938.0,113.0,131.0,96.0,636,2114.0,18.0,2108,2132.0,24.0,0,0,,18.0,0.0,6.0,0.0,0.0,2015-11-15,0,300.0,0.0,100.0,0.0,0.0
2015,11,18,3,WN,2994,N520SW,HOU,MSY,1735,1730.0,-5.0,9.0,1739.0,65.0,57.0,43.0,302,1822.0,5.0,1840,1827.0,-13.0,0,0,,0.0,0.0,0.0,0.0,0.0,2015-11-18,0,0.0,0.0,0.0,0.0,0.0
2015,10,19,1,DL,1542,N813DN,14747,12478,2240,2242.0,2.0,17.0,2259.0,310.0,321.0,294.0,2422,653.0,10.0,650,703.0,13.0,0,0,,0.0,0.0,0.0,0.0,0.0,2015-10-19,0,0.0,0.0,0.0,0.0,0.0
2015,10,18,7,AA,1107,N3BCAA,12953,11298,600,558.0,-2.0,14.0,612.0,236.0,222.0,194.0,1389,826.0,14.0,856,840.0,-16.0,0,0,,0.0,0.0,0.0,0.0,0.0,2015-10-18,0,0.0,0.0,0.0,0.0,0.0
2015,11,10,2,OO,4741,N495CA,GFK,MSP,800,1041.0,161.0,14.0,1055.0,81.0,63.0,47.0,284,1142.0,2.0,921,1144.0,143.0,0,0,,0.0,0.0,0.0,0.0,143.0,2015-11-10,1,0.0,0.0,0.0,0.0,88.82
2015,10,23,5,WN,295,N298WN,11259,13198,2030,2133.0,63.0,10.0,2143.0,85.0,74.0,60.0,460,2243.0,4.0,2155,2247.0,52.0,0,0,,0.0,0.0,0.0,52.0,0.0,2015-10-23,1,0.0,0.0,0.0,82.54,0.0
2015,10,15,4,AS,851,N568AS,14747,12173,945,945.0,0.0,28.0,1013.0,365.0,393.0,362.0,2677,1315.0,3.0,1250,1318.0,28.0,0,0,,28.0,0.0,0.0,0.0,0.0,2015-10-15,0,inf,0.0,0.0,0.0,0.0
2015,10,19,1,WN,2826,N569WN,14679,10140,1925,1927.0,2.0,8.0,1935.0,100.0,90.0,78.0,628,2153.0,4.0,2205,2157.0,-8.0,0,0,,0.0,0.0,0.0,0.0,0.0,2015-10-19,0,0.0,0.0,0.0,0.0,0.0
2015,10,14,3,AS,838,N514AS,12173,13796,1350,1351.0,1.0,16.0,1407.0,316.0,310.0,289.0,2409,2156.0,5.0,2206,2201.0,-5.0,0,0,,0.0,0.0,0.0,0.0,0.0,2015-10-14,0,0.0,0.0,0.0,0.0,0.0
2015,10,21,3,EV,5269,N718EV,10397,14633,1350,1344.0,-6.0,19.0,1403.0,151.0,141.0,118.0,831,1501.0,4.0,1521,1505.0,-16.0,0,0,,0.0,0.0,0.0,0.0,0.0,2015-10-21,0,0.0,0.0,0.0,0.0,0.0
2015,10,22,4,HA,239,N486HA,12173,12982,1726,1728.0,2.0,11.0,1739.0,40.0,37.0,21.0,102,1800.0,5.0,1806,1805.0,-1.0,0,0,,0.0,0.0,0.0,0.0,0.0,2015-10-22,0,0.0,0.0,0.0,0.0,0.0
2015,10,11,7,UA,1474,N78506,13930,14771,1226,1223.0,-3.0,30.0,1253.0,285.0,277.0,239.0,1846,1452.0,8.0,1511,1500.0,-11.0,0,0,,0.0,0.0,0.0,0.0,0.0,2015-10-11,0,0.0,0.0,0.0,0.0,0.0
2015,10,23,5,EV,4588,N16999,11973,12266,635,626.0,-9.0,16.0,642.0,88.0,95.0,73.0,376,755.0,6.0,803,801.0,-2.0,0,0,,0.0,0.0,0.0,0.0,0.0,2015-10-23,0,0.0,0.0,0.0,0.0,0.0
2015,10,14,3,HA,183,N492HA,12173,12982,1609,1609.0,0.0,13.0,1622.0,40.0,40.0,23.0,102,1645.0,4.0,1649,1649.0,0.0,0,0,,0.0,0.0,0.0,0.0,0.0,2015-10-14,0,0.0,0.0,0.0,0.0,0.0
2015,11,17,2,EV,4457,N14923,LEX,IAH,1844,1836.0,-8.0,10.0,1846.0,156.0,184.0,150.0,828,2016.0,24.0,2020,2040.0,20.0,0,0,,20.0,0.0,0.0,0.0,0.0,2015-11-17,0,-250.0,-0.0,-0.0,-0.0,-0.0
2015,10,21,3,WN,159,N396SW,13796,14747,1150,1215.0,25.0,34.0,1249.0,115.0,142.0,98.0,672,1427.0,10.0,1345,1437.0,52.0,0,0,,27.0,0.0,24.0,1.0,0.0,2015-10-21,1,108.0,0.0,96.0,4.0,0.0
2015,10,29,4,NK,398,N604NK,12889,12266,1016,1029.0,13.0,16.0,1045.0,174.0,169.0,145.0,1222,1510.0,8.0,1510,1518.0,8.0,0,0,,0.0,0.0,0.0,0.0,0.0,2015-10-29,0,0.0,0.0,0.0,0.0,0.0
2015,11,17,2,B6,1654,N527JB,SJU,FLL,1717,1722.0,5.0,9.0,1731.0,169.0,158.0,140.0,1046,1851.0,9.0,1906,1900.0,-6.0,0,0,,0.0,0.0,0.0,0.0,0.0,2015-11-17,0,0.0,0.0,0.0,0.0,0.0
2015,10,29,4,DL,828,N585NW,13204,11433,1831,1825.0,-6.0,14.0,1839.0,153.0,151.0,131.0,957,2050.0,6.0,2104,2056.0,-8.0,0,0,,0.0,0.0,0.0,0.0,0.0,2015-10-29,0,0.0,0.0,0.0,0.0,0.0
2015,11,5,4,DL,1990,N918DE,ATL,SAV,944,959.0,15.0,40.0,1039.0,62.0,79.0,34.0,214,1113.0,5.0,1046,1118.0,32.0,0,0,,17.0,0.0,0.0,15.0,0.0,2015-11-05,0,113.33,0.0,0.0,100.0,0.0
2015,10,16,5,OO,6372,N744SK,11775,11292,630,631.0,1.0,21.0,652.0,100.0,97.0,72.0,483,704.0,4.0,710,708.0,-2.0,0,0,,0.0,0.0,0.0,0.0,0.0,2015-10-16,0,0.0,0.0,0.0,0.0,0.0
2015,11,20,5,OO,7385,N429SW,EKO,SLC,605,558.0,-7.0,6.0,604.0,54.0,44.0,35.0,200,739.0,3.0,759,742.0,-17.0,0,0,,0.0,0.0,0.0,0.0,0.0,2015-11-20,0,0.0,0.0,0.0,0.0,0.0
2015,11,19,4,NK,388,N638NK,LAS,DTW,1050,1437.0,227.0,12.0,1449.0,234.0,215.0,192.0,1749,2101.0,11.0,1744,2112.0,208.0,0,0,,0.0,0.0,0.0,208.0,0.0,2015-11-19,1,0.0,0.0,0.0,91.63,0.0
2015,10,28,3,EV,2854,N667GB,15624,11298,1902,1848.0,-14.0,10.0,1858.0,138.0,126.0,102.0,641,2040.0,14.0,2120,2054.0,-26.0,0,0,,0.0,0.0,0.0,0.0,0.0,2015-10-28,0,0.0,0.0,0.0,0.0,0.0
2015,11,5,4,DL,2362,N721TW,LAX,JFK,1615,1625.0,10.0,17.0,1642.0,312.0,288.0,265.0,2475,7.0,6.0,27,13.0,-14.0,0,0,,0.0,0.0,0.0,0.0,0.0,2015-11-05,0,0.0,0.0,0.0,0.0,0.0
2015,11,3,2,DL,414,N722TW,SFO,JFK,615,611.0,-4.0,15.0,626.0,328.0,306.0,285.0,2586,1411.0,6.0,1443,1417.0,-26.0,0,0,,0.0,0.0,0.0,0.0,0.0,2015-11-03,0,0.0,0.0,0.0,0.0,0.0
2015,11,18,3,WN,966,N685SW,SAT,HOU,2120,2118.0,-2.0,9.0,2127.0,55.0,56.0,32.0,192,2159.0,15.0,2215,2214.0,-1.0,0,0,,0.0,0.0,0.0,0.0,0.0,2015-11-18,0,0.0,0.0,0.0,0.0,0.0
2015,10,16,5,WN,698,N618WN,12892,14107,1900,1855.0,-5.0,12.0,1907.0,80.0,74.0,58.0,370,2005.0,4.0,2020,2009.0,-11.0,0,0,,0.0,0.0,0.0,0.0,0.0,2015-10-16,0,0.0,0.0,0.0,0.0,0.0
2015,11,12,4,OO,4651,N679CA,SLC,SNA,2005,2000.0,-5.0,21.0,2021.0,120.0,109.0,83.0,588,2044.0,5.0,2105,2049.0,-16.0,0,0,,0.0,0.0,0.0,0.0,0.0,2015-11-12,0,0.0,0.0,0.0,0.0,0.0
2015,10,18,7,DL,2038,N907DA,10397,11278,1520,1521.0,1.0,14.0,1535.0,116.0,98.0,80.0,547,1655.0,4.0,1716,1659.0,-17.0,0,0,,0.0,0.0,0.0,0.0,0.0,2015-10-18,0,0.0,0.0,0.0,0.0,0.0
2015,10,27,2,WN,294,N8660A,12889,14057,1955,1952.0,-3.0,11.0,2003.0,135.0,124.0,109.0,763,2152.0,4.0,2210,2156.0,-14.0,0,0,,0.0,0.0,0.0,0.0,0.0,2015-10-27,0,0.0,0.0,0.0,0.0,0.0
2015,10,30,5,DL,799,N982DL,10397,12448,1730,1727.0,-3.0,12.0,1739.0,83.0,69.0,52.0,341,1731.0,5.0,1753,1736.0,-17.0,0,0,,0.0,0.0,0.0,0.0,0.0,2015-10-30,0,0.0,0.0,0.0,0.0,0.0
2015,11,2,1,DL,1153,N924DN,BWI,ATL,1500,1530.0,30.0,16.0,1546.0,121.0,118.0,96.0,577,1722.0,6.0,1701,1728.0,27.0,0,0,,0.0,0.0,1.0,26.0,0.0,2015-11-02,1,0.0,0.0,3.33,86.67,0.0
2015,10,18,7,DL,2615,N821DN,11433,14679,2011,2010.0,-1.0,21.0,2031.0,296.0,278.0,252.0,1956,2143.0,5.0,2207,2148.0,-19.0,0,0,,0.0,0.0,0.0,0.0,0.0,2015-10-18,0,0.0,0.0,0.0,0.0,0.0
2015,11,12,4,UA,1636,N76519,HNL,LAX,1620,1627.0,7.0,17.0,1644.0,339.0,326.0,293.0,2556,2337.0,16.0,2359,2353.0,-6.0,0,0,,0.0,0.0,0.0,0.0,0.0,2015-11-12,0,0.0,0.0,0.0,0.0,0.0
2015,10,21,3,EV,5941,N16919,13930,10434,1352,1346.0,-6.0,22.0,1408.0,109.0,108.0,83.0,632,1631.0,3.0,1641,1634.0,-7.0,0,0,,0.0,0.0,0.0,0.0,0.0,2015-10-21,0,0.0,0.0,0.0,0.0,0.0
2015,11,11,3,DL,2166,N828DN,PHX,MSP,1245,1244.0,-1.0,15.0,1259.0,180.0,177.0,157.0,1276,1636.0,5.0,1645,1641.0,-4.0,0,0,,0.0,0.0,0.0,0.0,0.0,2015-11-11,0,0.0,0.0,0.0,0.0,0.0
2015,11,7,6,AA,1564,N3FKAA,DFW,EWR,1645,1644.0,-1.0,17.0,1701.0,191.0,172.0,150.0,1372,2031.0,5.0,2056,2036.0,-20.0,0,0,,0.0,0.0,0.0,0.0,0.0,2015-11-07,0,0.0,0.0,0.0,0.0,0.0
2015,11,18,3,B6,432,N630JB,SRQ,LGA,1850,1949.0,59.0,11.0,2000.0,161.0,148.0,132.0,1047,2212.0,5.0,2131,2217.0,46.0,0,0,,0.0,0.0,46.0,0.0,0.0,2015-11-18,1,0.0,0.0,77.97,0.0,0.0
2015,11,6,5,WN,347,N7745A,STL,ATL,1620,1630.0,10.0,7.0,1637.0,90.0,87.0,72.0,484,1849.0,8.0,1850,1857.0,7.0,0,0,,0.0,0.0,0.0,0.0,0.0,2015-11-06,0,0.0,0.0,0.0,0.0,0.0
2015,10,11,7,AA,41,N3BNAA,13930,14747,1705,1722.0,17.0,18.0,1740.0,277.0,258.0,236.0,1721,1936.0,4.0,1942,1940.0,-2.0,0,0,,0.0,0.0,0.0,0.0,0.0,2015-10-11,1,0.0,0.0,0.0,0.0,0.0
2015,10,23,5,AA,326,N565AA,15016,11298,1410,1404.0,-6.0,45.0,1449.0,115.0,169.0,95.0,550,1624.0,29.0,1605,1653.0,48.0,0,0,,48.0,0.0,0.0,0.0,0.0,2015-10-23,0,-800.0,-0.0,-0.0,-0.0,-0.0
2015,11,1,7,NK,815,N632NK,ORD,MSY,810,1001.0,111.0,15.0,1016.0,133.0,154.0,135.0,837,1231.0,4.0,1023,1235.0,132.0,0,0,,132.0,0.0,0.0,0.0,0.0,2015-11-01,1,118.92,0.0,0.0,0.0,0.0
2015,10,21,3,WN,1122,N398SW,12896,11259,930,930.0,0.0,11.0,941.0,65.0,66.0,50.0,293,1031.0,5.0,1035,1036.0,1.0,0,0,,0.0,0.0,0.0,0.0,0.0,2015-10-21,0,0.0,0.0,0.0,0.0,0.0
2015,10,21,3,UA,1453,N75410,12266,13495,1914,1924.0,10.0,16.0,1940.0,71.0,62.0,44.0,305,2024.0,2.0,2025,2026.0,1.0,0,0,,0.0,0.0,0.0,0.0,0.0,2015-10-21,0,0.0,0.0,0.0,0.0,0.0
2015,10,16,5,OO,5321,N912SW,13342,13930,2039,2147.0,68.0,11.0,2158.0,52.0,44.0,24.0,67,2222.0,9.0,2131,2231.0,60.0,0,0,,0.0,0.0,0.0,60.0,0.0,2015-10-16,1,0.0,0.0,0.0,88.24,0.0
2015,10,17,6,OO,6221,N983SW,13264,14771,1515,1505.0,-10.0,9.0,1514.0,85.0,74.0,61.0,329,1615.0,4.0,1640,1619.0,-21.0,0,0,,0.0,0.0,0.0,0.0,0.0,2015-10-17,0,0.0,0.0,0.0,0.0,0.0
2015,10,20,2,WN,2133,N491WN,10397,10874,1000,958.0,-2.0,18.0,1016.0,100.0,97.0,75.0,528,1131.0,4.0,1140,1135.0,-5.0,0,0,,0.0,0.0,0.0,0.0,0.0,2015-10-20,0,0.0,0.0,0.0,0.0,0.0
2015,10,24,6,AS,450,N548AS,14747,12892,2055,2118.0,23.0,15.0,2133.0,162.0,158.0,135.0,954,2348.0,8.0,2337,2356.0,19.0,0,0,,0.0,0.0,19.0,0.0,0.0,2015-10-24,1,0.0,0.0,82.61,0.0,0.0
2015,11,12,4,WN,1139,N7710A,FLL,ISP,1205,1200.0,-5.0,15.0,1215.0,170.0,158.0,139.0,1092,1434.0,4.0,1455,1438.0,-17.0,0,0,,0.0,0.0,0.0,0.0,0.0,2015-11-12,0,0.0,0.0,0.0,0.0,0.0
2015,10,27,2,MQ,3260,N925MQ,12478,11066,1530,1519.0,-11.0,21.0,1540.0,118.0,102.0,77.0,483,1657.0,4.0,1728,1701.0,-27.0,0,0,,0.0,0.0,0.0,0.0,0.0,2015-10-27,0,0.0,0.0,0.0,0.0,0.0
2015,11,20,5,WN,2855,N8323C,SAN,MDW,630,628.0,-2.0,23.0,651.0,240.0,229.0,200.0,1728,1211.0,6.0,1230,1217.0,-13.0,0,0,,0.0,0.0,0.0,0.0,0.0,2015-11-20,0,0.0,0.0,0.0,0.0,0.0
2015,11,2,1,UA,214,N68843,SFO,ORD,2232,2235.0,3.0,18.0,2253.0,248.0,229.0,202.0,1846,415.0,9.0,440,424.0,-16.0,0,0,,0.0,0.0,0.0,0.0,0.0,2015-11-02,0,0.0,0.0,0.0,0.0,0.0
2015,10,12,1,WN,2685,N570WN,14679,14107,2120,2115.0,-5.0,7.0,2122.0,70.0,64.0,52.0,304,2214.0,5.0,2230,2219.0,-11.0,0,0,,0.0,0.0,0.0,0.0,0.0,2015-10-12,0,0.0,0.0,0.0,0.0,0.0
2015,11,19,4,EV,4975,N719EV,SDF,DTW,1320,1456.0,96.0,9.0,1505.0,82.0,66.0,52.0,306,1557.0,5.0,1442,1602.0,80.0,0,0,,0.0,0.0,0.0,80.0,0.0,2015-11-19,1,0.0,0.0,0.0,83.33,0.0
2015,11,15,7,DL,2334,N663DN,ATL,FLL,1704,1701.0,-3.0,13.0,1714.0,111.0,96.0,80.0,581,1834.0,3.0,1855,1837.0,-18.0,0,0,,0.0,0.0,0.0,0.0,0.0,2015-11-15,0,0.0,0.0,0.0,0.0,0.0
2015,11,13,5,DL,2023,N540US,ATL,TPA,1331,1330.0,-1.0,13.0,1343.0,83.0,80.0,64.0,406,1447.0,3.0,1454,1450.0,-4.0,0,0,,0.0,0.0,0.0,0.0,0.0,2015-11-13,0,0.0,0.0,0.0,0.0,0.0
2015,10,21,3,DL,1518,N683DA,13204,10397,615,611.0,-4.0,13.0,624.0,89.0,87.0,68.0,404,732.0,6.0,744,738.0,-6.0,0,0,,0.0,0.0,0.0,0.0,0.0,2015-10-21,0,0.0,0.0,0.0,0.0,0.0
2015,11,13,5,DL,2574,N950DL,LGA,TPA,800,759.0,-1.0,17.0,816.0,188.0,179.0,158.0,1010,1054.0,4.0,1108,1058.0,-10.0,0,0,,0.0,0.0,0.0,0.0,0.0,2015-11-13,0,0.0,0.0,0.0,0.0,0.0
2015,10,18,7,WN,207,N7716A,12953,11259,1030,1032.0,2.0,10.0,1042.0,245.0,202.0,187.0,1381,1249.0,5.0,1335,1254.0,-41.0,0,0,,0.0,0.0,0.0,0.0,0.0,2015-10-18,0,0.0,0.0,0.0,0.0,0.0
2015,10,27,2,EV,5038,N923EV,13422,10397,1555,1546.0,-9.0,12.0,1558.0,72.0,75.0,48.0,302,1746.0,15.0,1807,1801.0,-6.0,0,0,,0.0,0.0,0.0,0.0,0.0,2015-10-27,0,0.0,0.0,0.0,0.0,0.0
2015,11,18,3,AA,1949,N813AW,STL,PHX,1750,1747.0,-3.0,11.0,1758.0,207.0,195.0,175.0,1262,1953.0,9.0,2017,2002.0,-15.0,0,0,,0.0,0.0,0.0,0.0,0.0,2015-11-18,0,0.0,0.0,0.0,0.0,0.0
2015,10,15,4,DL,1198,N903DE,10397,14524,1647,1645.0,-2.0,17.0,1702.0,92.0,89.0,66.0,481,1808.0,6.0,1819,1814.0,-5.0,0,0,,0.0,0.0,0.0,0.0,0.0,2015-10-15,0,0.0,0.0,0.0,0.0,0.0
2015,10,21,3,EV,4480,N11150,12266,11146,1341,1337.0,-4.0,13.0,1350.0,152.0,139.0,120.0,975,1650.0,6.0,1713,1656.0,-17.0,0,0,,0.0,0.0,0.0,0.0,0.0,2015-10-21,0,0.0,0.0,0.0,0.0,0.0
2015,10,15,4,EV,2778,N676AE,11298,15624,1015,1005.0,-10.0,13.0,1018.0,117.0,105.0,87.0,641,1145.0,5.0,1212,1150.0,-22.0,0,0,,0.0,0.0,0.0,0.0,0.0,2015-10-15,0,0.0,0.0,0.0,0.0,0.0
2015,11,18,3,AA,2091,N587UW,DFW,CLT,959,953.0,-6.0,20.0,1013.0,143.0,154.0,120.0,936,1313.0,14.0,1322,1327.0,5.0,0,0,,0.0,0.0,0.0,0.0,0.0,2015-11-18,0,0.0,0.0,0.0,0.0,0.0
2015,10,16,5,WN,2997,N772SW,10140,12191,1240,1251.0,11.0,10.0,1301.0,120.0,116.0,100.0,759,1541.0,6.0,1540,1547.0,7.0,0,0,,0.0,0.0,0.0,0.0,0.0,2015-10-16,0,0.0,0.0,0.0,0.0,0.0
2015,11,17,2,WN,411,N551WN,SLC,PHX,935,931.0,-4.0,7.0,938.0,100.0,77.0,66.0,507,1044.0,4.0,1115,1048.0,-27.0,0,0,,0.0,0.0,0.0,0.0,0.0,2015-11-17,0,0.0,0.0,0.0,0.0,0.0
2015,10,18,7,B6,1634,N183JB,12478,10785,950,946.0,-4.0,16.0,1002.0,68.0,69.0,48.0,266,1050.0,5.0,1058,1055.0,-3.0,0,0,,0.0,0.0,0.0,0.0,0.0,2015-10-18,0,0.0,0.0,0.0,0.0,0.0
2015,11,1,7,AA,1704,N925UY,CLT,BDL,2209,2229.0,20.0,15.0,2244.0,108.0,101.0,83.0,644,7.0,3.0,2357,10.0,13.0,0,0,,0.0,0.0,0.0,0.0,0.0,2015-11-01,1,0.0,0.0,0.0,0.0,0.0
2015,11,11,3,WN,2322,N737JW,LGA,IND,1155,1152.0,-3.0,42.0,1234.0,135.0,155.0,106.0,660,1420.0,7.0,1410,1427.0,17.0,0,0,,17.0,0.0,0.0,0.0,0.0,2015-11-11,0,-566.67,-0.0,-0.0,-0.0,-0.0
2015,11,12,4,DL,1309,N925DN,LGA,ATL,1359,1358.0,-1.0,19.0,1417.0,165.0,149.0,124.0,762,1621.0,6.0,1644,1627.0,-17.0,0,0,,0.0,0.0,0.0,0.0,0.0,2015-11-12,0,0.0,0.0,0.0,0.0,0.0
2015,11,7,6,AA,786,N191UW,SJU,PHL,915,910.0,-5.0,14.0,924.0,241.0,237.0,220.0,1576,1204.0,3.0,1216,1207.0,-9.0,0,0,,0.0,0.0,0.0,0.0,0.0,2015-11-07,0,0.0,0.0,0.0,0.0,0.0
2015,11,18,3,OO,6471,N957SW,ABQ,LAX,1809,1813.0,4.0,22.0,1835.0,130.0,126.0,98.0,677,1913.0,6.0,1919,1919.0,0.0,0,0,,0.0,0.0,0.0,0.0,0.0,2015-11-18,0,0.0,0.0,0.0,0.0,0.0
2015,11,11,3,WN,2519,N8620H,PHX,TUL,1305,1301.0,-4.0,7.0,1308.0,130.0,111.0,100.0,935,1548.0,4.0,1615,1552.0,-23.0,0,0,,0.0,0.0,0.0,0.0,0.0,2015-11-11,0,0.0,0.0,0.0,0.0,0.0
2015,10,13,2,AA,1160,N479AA,14492,13930,1127,1121.0,-6.0,11.0,1132.0,133.0,125.0,101.0,646,1213.0,13.0,1240,1226.0,-14.0,0,0,,0.0,0.0,0.0,0.0,0.0,2015-10-13,0,0.0,0.0,0.0,0.0,0.0
2015,10,31,6,WN,1099,N265WN,13232,14307,1400,1358.0,-2.0,9.0,1407.0,135.0,108.0,94.0,842,1641.0,5.0,1715,1646.0,-29.0,0,0,,0.0,0.0,0.0,0.0,0.0,2015-10-31,0,0.0,0.0,0.0,0.0,0.0
2015,11,6,5,EV,3260,N11526,TYR,IAH,1418,1411.0,-7.0,11.0,1422.0,57.0,59.0,40.0,163,1502.0,8.0,1515,1510.0,-5.0,0,0,,0.0,0.0,0.0,0.0,0.0,2015-11-06,0,0.0,0.0,0.0,0.0,0.0
2015,11,4,3,B6,1099,N632JB,LGA,MCO,600,552.0,-8.0,21.0,613.0,164.0,150.0,124.0,950,817.0,5.0,844,822.0,-22.0,0,0,,0.0,0.0,0.0,0.0,0.0,2015-11-04,0,0.0,0.0,0.0,0.0,0.0
2015,10,16,5,AA,2050,N550UW,11057,12953,1614,1608.0,-6.0,12.0,1620.0,107.0,85.0,69.0,544,1729.0,4.0,1801,1733.0,-28.0,0,0,,0.0,0.0,0.0,0.0,0.0,2015-10-16,0,0.0,0.0,0.0,0.0,0.0
2015,11,7,6,EV,2816,N684JW,LAW,DFW,1514,1529.0,15.0,7.0,1536.0,59.0,43.0,27.0,140,1603.0,9.0,1613,1612.0,-1.0,0,0,,0.0,0.0,0.0,0.0,0.0,2015-11-07,0,0.0,0.0,0.0,0.0,0.0
2015,11,18,3,B6,400,N639JB,MSY,BOS,1320,1337.0,17.0,9.0,1346.0,187.0,182.0,168.0,1368,1734.0,5.0,1727,1739.0,12.0,0,0,,0.0,0.0,0.0,0.0,0.0,2015-11-18,1,0.0,0.0,0.0,0.0,0.0
2015,10,17,6,DL,2346,N982AT,10397,13232,1914,1910.0,-4.0,25.0,1935.0,123.0,122.0,92.0,591,2007.0,5.0,2017,2012.0,-5.0,0,0,,0.0,0.0,0.0,0.0,0.0,2015-10-17,0,0.0,0.0,0.0,0.0,0.0
2015,10,23,5,UA,1854,N27733,14747,11292,1039,1049.0,10.0,17.0,1106.0,160.0,147.0,121.0,1024,1407.0,9.0,1419,1416.0,-3.0,0,0,,0.0,0.0,0.0,0.0,0.0,2015-10-23,0,0.0,0.0,0.0,0.0,0.0
2015,10,11,7,UA,307,N412UA,12892,12266,1616,1639.0,23.0,18.0,1657.0,194.0,201.0,167.0,1379,2144.0,16.0,2130,2200.0,30.0,0,0,,7.0,0.0,0.0,0.0,23.0,2015-10-11,1,30.43,0.0,0.0,0.0,100.0
2015,11,8,7,EV,4404,N12552,EWR,ROC,2129,2131.0,2.0,28.0,2159.0,78.0,81.0,45.0,246,2244.0,8.0,2247,2252.0,5.0,0,0,,0.0,0.0,0.0,0.0,0.0,2015-11-08,0,0.0,0.0,0.0,0.0,0.0
2015,11,13,5,AA,1024,N3GKAA,DFW,IAH,2030,2134.0,64.0,12.0,2146.0,72.0,59.0,41.0,224,2227.0,6.0,2142,2233.0,51.0,0,0,,0.0,0.0,0.0,51.0,0.0,2015-11-13,1,0.0,0.0,0.0,79.69,0.0
2015,11,1,7,DL,1473,N722TW,SEA,JFK,1115,1119.0,4.0,21.0,1140.0,314.0,292.0,264.0,2422,1904.0,7.0,1929,1911.0,-18.0,0,0,,0.0,0.0,0.0,0.0,0.0,2015-11-01,0,0.0,0.0,0.0,0.0,0.0
2015,10,21,3,AA,1249,N028AA,12892,10397,1000,954.0,-6.0,15.0,1009.0,261.0,265.0,239.0,1947,1708.0,11.0,1721,1719.0,-2.0,0,0,,0.0,0.0,0.0,0.0,0.0,2015-10-21,0,0.0,0.0,0.0,0.0,0.0
2015,10,28,3,WN,2126,N968WN,13796,12892,1720,1725.0,5.0,20.0,1745.0,80.0,82.0,53.0,337,1838.0,9.0,1840,1847.0,7.0,0,0,,0.0,0.0,0.0,0.0,0.0,2015-10-28,0,0.0,0.0,0.0,0.0,0.0
2015,10,23,5,WN,520,N421LV,11292,13796,825,821.0,-4.0,9.0,830.0,160.0,140.0,125.0,957,935.0,6.0,1005,941.0,-24.0,0,0,,0.0,0.0,0.0,0.0,0.0,2015-10-23,0,0.0,0.0,0.0,0.0,0.0
2015,10,20,2,B6,2001,N187JB,10792,12478,545,538.0,-7.0,12.0,550.0,78.0,85.0,66.0,301,656.0,7.0,703,703.0,0.0,0,0,,0.0,0.0,0.0,0.0,0.0,2015-10-20,0,0.0,0.0,0.0,0.0,0.0
2015,10,27,2,DL,978,N635DL,14679,14869,615,614.0,-1.0,19.0,633.0,115.0,110.0,87.0,626,900.0,4.0,910,904.0,-6.0,0,0,,0.0,0.0,0.0,0.0,0.0,2015-10-27,0,0.0,0.0,0.0,0.0,0.0
2015,11,18,3,WN,292,N626SW,MCI,DAL,1110,1113.0,3.0,14.0,1127.0,95.0,86.0,69.0,460,1236.0,3.0,1245,1239.0,-6.0,0,0,,0.0,0.0,0.0,0.0,0.0,2015-11-18,0,0.0,0.0,0.0,0.0,0.0
2015,11,1,7,MQ,3248,N522MQ,DCA,ORD,1320,1325.0,5.0,12.0,1337.0,135.0,117.0,97.0,612,1414.0,8.0,1435,1422.0,-13.0,0,0,,0.0,0.0,0.0,0.0,0.0,2015-11-01,0,0.0,0.0,0.0,0.0,0.0
2015,10,11,7,UA,1886,N87531,14831,11292,1749,1740.0,-9.0,12.0,1752.0,151.0,144.0,126.0,948,2058.0,6.0,2120,2104.0,-16.0,0,0,,0.0,0.0,0.0,0.0,0.0,2015-10-11,0,0.0,0.0,0.0,0.0,0.0
2015,11,17,2,WN,838,N279WN,DEN,ONT,815,815.0,0.0,23.0,838.0,135.0,127.0,99.0,819,917.0,5.0,930,922.0,-8.0,0,0,,0.0,0.0,0.0,0.0,0.0,2015-11-17,0,0.0,0.0,0.0,0.0,0.0
2015,10,30,5,HA,8,N399HA,12173,12889,2230,2226.0,-4.0,14.0,2240.0,340.0,338.0,311.0,2762,651.0,13.0,710,704.0,-6.0,0,0,,0.0,0.0,0.0,0.0,0.0,2015-10-30,0,0.0,0.0,0.0,0.0,0.0
2015,11,2,1,WN,3149,N658SW,FLL,TPA,1235,1246.0,11.0,15.0,1301.0,60.0,58.0,38.0,197,1339.0,5.0,1335,1344.0,9.0,0,0,,0.0,0.0,0.0,0.0,0.0,2015-11-02,0,0.0,0.0,0.0,0.0,0.0
2015,11,13,5,UA,1710,N433UA,BOS,EWR,944,943.0,-1.0,17.0,1000.0,84.0,73.0,52.0,200,1052.0,4.0,1108,1056.0,-12.0,0,0,,0.0,0.0,0.0,0.0,0.0,2015-11-13,0,0.0,0.0,0.0,0.0,0.0
2015,11,18,3,AA,1044,N004AA,IAH,MIA,515,521.0,6.0,18.0,539.0,144.0,151.0,122.0,964,841.0,11.0,839,852.0,13.0,0,0,,0.0,0.0,0.0,0.0,0.0,2015-11-18,0,0.0,0.0,0.0,0.0,0.0
2015,10,16,5,AA,1494,N3EEAA,11298,11278,1955,1950.0,-5.0,13.0,2003.0,181.0,152.0,137.0,1192,2320.0,2.0,2356,2322.0,-34.0,0,0,,0.0,0.0,0.0,0.0,0.0,2015-10-16,0,0.0,0.0,0.0,0.0,0.0
2015,10,27,2,UA,1856,N27722,11618,11292,1205,1200.0,-5.0,13.0,1213.0,268.0,252.0,230.0,1605,1403.0,9.0,1433,1412.0,-21.0,0,0,,0.0,0.0,0.0,0.0,0.0,2015-10-27,0,0.0,0.0,0.0,0.0,0.0
2015,10,21,3,WN,577,N444WN,10693,13204,805,803.0,-2.0,9.0,812.0,105.0,96.0,81.0,616,1033.0,6.0,1050,1039.0,-11.0,0,0,,0.0,0.0,0.0,0.0,0.0,2015-10-21,0,0.0,0.0,0.0,0.0,0.0
2015,11,8,7,WN,3173,N609SW,SFO,PHX,940,940.0,0.0,8.0,948.0,110.0,102.0,87.0,651,1215.0,7.0,1230,1222.0,-8.0,0,0,,0.0,0.0,0.0,0.0,0.0,2015-11-08,0,0.0,0.0,0.0,0.0,0.0
2015,11,19,4,UA,1260,N28478,RDU,SFO,1805,1818.0,13.0,14.0,1832.0,367.0,369.0,349.0,2400,2121.0,6.0,2112,2127.0,15.0,0,0,,2.0,0.0,13.0,0.0,0.0,2015-11-19,0,15.38,0.0,100.0,0.0,0.0
2015,10,15,4,AA,113,N5EDAA,13303,13204,1820,1817.0,-3.0,18.0,1835.0,64.0,76.0,37.0,192,1912.0,21.0,1924,1933.0,9.0,0,0,,0.0,0.0,0.0,0.0,0.0,2015-10-15,0,0.0,0.0,0.0,0.0,0.0
2015,11,6,5,WN,1382,N616SW,HOU,ECP,1015,1034.0,19.0,12.0,1046.0,95.0,92.0,77.0,571,1203.0,3.0,1150,1206.0,16.0,0,0,,0.0,0.0,16.0,0.0,0.0,2015-11-06,1,0.0,0.0,84.21,0.0,0.0
2015,11,15,7,B6,401,N703JB,BOS,MSY,940,937.0,-3.0,17.0,954.0,232.0,208.0,188.0,1368,1202.0,3.0,1232,1205.0,-27.0,0,0,,0.0,0.0,0.0,0.0,0.0,2015-11-15,0,0.0,0.0,0.0,0.0,0.0
2015,10,21,3,MQ,3065,N682MQ,14783,13930,600,556.0,-4.0,13.0,609.0,101.0,94.0,65.0,438,714.0,16.0,741,730.0,-11.0,0,0,,0.0,0.0,0.0,0.0,0.0,2015-10-21,0,0.0,0.0,0.0,0.0,0.0
2015,11,11,3,AA,188,N3DJAA,DFW,RSW,1415,1422.0,7.0,34.0,1456.0,144.0,161.0,123.0,1017,1759.0,4.0,1739,1803.0,24.0,0,0,,17.0,0.0,0.0,7.0,0.0,2015-11-11,0,242.86,0.0,0.0,100.0,0.0
2015,11,6,5,MQ,3449,N6EAMQ,BNA,ORD,1228,1224.0,-4.0,11.0,1235.0,105.0,87.0,66.0,409,1341.0,10.0,1413,1351.0,-22.0,0,0,,0.0,0.0,0.0,0.0,0.0,2015-11-06,0,0.0,0.0,0.0,0.0,0.0
2015,11,18,3,WN,2470,N8625A,DAL,LAS,2010,2011.0,1.0,11.0,2022.0,180.0,173.0,158.0,1067,2100.0,4.0,2110,2104.0,-6.0,0,0,,0.0,0.0,0.0,0.0,0.0,2015-11-18,0,0.0,0.0,0.0,0.0,0.0
2015,11,18,3,F9,659,N928FR,DEN,SFO,1215,1252.0,37.0,25.0,1317.0,158.0,175.0,137.0,967,1434.0,13.0,1353,1447.0,54.0,0,0,,44.0,0.0,8.0,2.0,0.0,2015-11-18,1,118.92,0.0,21.62,5.41,0.0
2015,10,16,5,DL,1120,N904DE,10529,11433,920,918.0,-2.0,10.0,928.0,115.0,105.0,89.0,549,1057.0,6.0,1115,1103.0,-12.0,0,0,,0.0,0.0,0.0,0.0,0.0,2015-10-16,0,0.0,0.0,0.0,0.0,0.0
2015,11,17,2,WN,2325,N425LV,BOI,DEN,1455,1716.0,141.0,6.0,1722.0,105.0,95.0,81.0,649,1843.0,8.0,1640,1851.0,131.0,0,0,,0.0,0.0,0.0,131.0,0.0,2015-11-17,1,0.0,0.0,0.0,92.91,0.0
2015,11,17,2,AS,19,N478AS,MCO,SEA,1855,1846.0,-9.0,16.0,1902.0,379.0,357.0,332.0,2554,2134.0,9.0,2214,2143.0,-31.0,0,0,,0.0,0.0,0.0,0.0,0.0,2015-11-17,0,0.0,0.0,0.0,0.0,0.0
2015,11,9,1,UA,607,N829UA,EWR,ATL,1727,1720.0,-7.0,26.0,1746.0,160.0,161.0,127.0,746,1953.0,8.0,2007,2001.0,-6.0,0,0,,0.0,0.0,0.0,0.0,0.0,2015-11-09,0,0.0,0.0,0.0,0.0,0.0
2015,10,19,1,UA,214,N458UA,12266,14908,909,906.0,-3.0,32.0,938.0,217.0,212.0,176.0,1346,1034.0,4.0,1046,1038.0,-8.0,0,0,,0.0,0.0,0.0,0.0,0.0,2015-10-19,0,0.0,0.0,0.0,0.0,0.0
2015,11,12,4,B6,325,N807JB,JFK,TPA,1855,2003.0,68.0,31.0,2034.0,184.0,185.0,148.0,1005,2302.0,6.0,2159,2308.0,69.0,0,0,,1.0,0.0,25.0,43.0,0.0,2015-11-12,1,1.47,0.0,36.76,63.24,0.0
2015,10,26,1,AA,244,N3BFAA,11298,11618,1401,1359.0,-2.0,13.0,1412.0,209.0,190.0,165.0,1372,1757.0,12.0,1830,1809.0,-21.0,0,0,,0.0,0.0,0.0,0.0,0.0,2015-10-26,0,0.0,0.0,0.0,0.0,0.0
2015,11,11,3,NK,417,N588NK,DTW,FLL,620,614.0,-6.0,12.0,626.0,172.0,166.0,146.0,1127,852.0,8.0,912,900.0,-12.0,0,0,,0.0,0.0,0.0,0.0,0.0,2015-11-11,0,0.0,0.0,0.0,0.0,0.0
2015,11,13,5,DL,285,N326NB,ATW,MSP,702,716.0,14.0,18.0,734.0,78.0,65.0,42.0,236,816.0,5.0,820,821.0,1.0,0,0,,0.0,0.0,0.0,0.0,0.0,2015-11-13,0,0.0,0.0,0.0,0.0,0.0
2015,10,22,4,AS,30,N471AS,14057,10721,750,749.0,-1.0,21.0,810.0,324.0,313.0,286.0,2537,1556.0,6.0,1614,1602.0,-12.0,0,0,,0.0,0.0,0.0,0.0,0.0,2015-10-22,0,0.0,0.0,0.0,0.0,0.0
2015,10,31,6,DL,1178,N925DN,10397,14524,1345,1339.0,-6.0,25.0,1404.0,98.0,93.0,61.0,481,1505.0,7.0,1523,1512.0,-11.0,0,0,,0.0,0.0,0.0,0.0,0.0,2015-10-31,0,0.0,0.0,0.0,0.0,0.0
2015,11,2,1,OO,4538,N806SK,MSP,BNA,1914,1914.0,0.0,19.0,1933.0,130.0,116.0,91.0,695,2104.0,6.0,2124,2110.0,-14.0,0,0,,0.0,0.0,0.0,0.0,0.0,2015-11-02,0,0.0,0.0,0.0,0.0,0.0
2015,11,19,4,WN,1664,N752SW,PHL,MCO,1715,1716.0,1.0,13.0,1729.0,155.0,152.0,131.0,861,1940.0,8.0,1950,1948.0,-2.0,0,0,,0.0,0.0,0.0,0.0,0.0,2015-11-19,0,0.0,0.0,0.0,0.0,0.0
2015,11,19,4,UA,1547,N62884,FLL,IAH,1440,1432.0,-8.0,16.0,1448.0,171.0,179.0,148.0,966,1616.0,15.0,1631,1631.0,0.0,0,0,,0.0,0.0,0.0,0.0,0.0,2015-11-19,0,0.0,0.0,0.0,0.0,0.0
2015,10,27,2,WN,287,N756SA,11292,11259,600,557.0,-3.0,11.0,608.0,110.0,102.0,87.0,651,835.0,4.0,850,839.0,-11.0,0,0,,0.0,0.0,0.0,0.0,0.0,2015-10-27,0,0.0,0.0,0.0,0.0,0.0
2015,10,21,3,AS,826,N569AS,12758,13796,1425,1422.0,-3.0,14.0,1436.0,306.0,315.0,296.0,2378,2232.0,5.0,2231,2237.0,6.0,0,0,,0.0,0.0,0.0,0.0,0.0,2015-10-21,0,0.0,0.0,0.0,0.0,0.0
2015,10,18,7,DL,2459,N913DL,10397,12278,1932,1923.0,-9.0,19.0,1942.0,146.0,135.0,111.0,782,2033.0,5.0,2058,2038.0,-20.0,0,0,,0.0,0.0,0.0,0.0,0.0,2015-10-18,0,0.0,0.0,0.0,0.0,0.0
2015,11,17,2,AA,1006,N871AA,MIA,BOS,920,1012.0,52.0,24.0,1036.0,194.0,193.0,163.0,1258,1319.0,6.0,1234,1325.0,51.0,0,0,,0.0,0.0,51.0,0.0,0.0,2015-11-17,1,0.0,0.0,98.08,0.0,0.0
2015,10,16,5,DL,1533,N323US,13487,13198,706,734.0,28.0,14.0,748.0,88.0,75.0,56.0,393,844.0,5.0,834,849.0,15.0,0,0,,0.0,0.0,15.0,0.0,0.0,2015-10-16,1,0.0,0.0,53.57,0.0,0.0
2015,10,24,6,UA,1522,N68061,11618,12266,759,800.0,1.0,22.0,822.0,217.0,224.0,194.0,1400,1036.0,8.0,1036,1044.0,8.0,0,0,,0.0,0.0,0.0,0.0,0.0,2015-10-24,0,0.0,0.0,0.0,0.0,0.0
2015,11,17,2,DL,2624,N919DN,IND,MSP,1609,1618.0,9.0,11.0,1629.0,106.0,102.0,83.0,503,1652.0,8.0,1655,1700.0,5.0,0,0,,0.0,0.0,0.0,0.0,0.0,2015-11-17,0,0.0,0.0,0.0,0.0,0.0
2015,10,15,4,AA,2263,N4WKAA,11066,11298,1122,1115.0,-7.0,9.0,1124.0,168.0,148.0,130.0,926,1234.0,9.0,1310,1243.0,-27.0,0,0,,0.0,0.0,0.0,0.0,0.0,2015-10-15,0,0.0,0.0,0.0,0.0,0.0
2015,10,18,7,UA,1929,N76508,14747,11618,600,621.0,21.0,16.0,637.0,319.0,318.0,298.0,2402,1435.0,4.0,1419,1439.0,20.0,0,0,,0.0,0.0,20.0,0.0,0.0,2015-10-18,1,0.0,0.0,95.24,0.0,0.0
2015,10,25,7,AA,1243,N3LUAA,13930,12892,710,710.0,0.0,12.0,722.0,280.0,251.0,234.0,1744,916.0,5.0,950,921.0,-29.0,0,0,,0.0,0.0,0.0,0.0,0.0,2015-10-25,0,0.0,0.0,0.0,0.0,0.0
2015,11,19,4,UA,1114,N512UA,RSW,EWR,1440,1446.0,6.0,18.0,1504.0,174.0,194.0,135.0,1068,1719.0,41.0,1734,1800.0,26.0,0,0,,26.0,0.0,0.0,0.0,0.0,2015-11-19,0,433.33,0.0,0.0,0.0,0.0
2015,10,15,4,WN,267,N205WN,14107,13891,1130,1127.0,-3.0,10.0,1137.0,70.0,63.0,49.0,325,1226.0,4.0,1240,1230.0,-10.0,0,0,,0.0,0.0,0.0,0.0,0.0,2015-10-15,0,0.0,0.0,0.0,0.0,0.0
2015,11,3,2,B6,619,N665JB,BOS,SAN,800,756.0,-4.0,21.0,817.0,387.0,373.0,348.0,2588,1105.0,4.0,1127,1109.0,-18.0,0,0,,0.0,0.0,0.0,0.0,0.0,2015-11-03,0,0.0,0.0,0.0,0.0,0.0
2015,10,30,5,DL,2436,N3732J,14869,11292,2015,2015.0,0.0,19.0,2034.0,87.0,82.0,56.0,391,2130.0,7.0,2142,2137.0,-5.0,0,0,,0.0,0.0,0.0,0.0,0.0,2015-10-30,0,0.0,0.0,0.0,0.0,0.0
2015,10,13,2,MQ,3262,N654MQ,11193,13930,827,821.0,-6.0,12.0,833.0,81.0,68.0,47.0,264,820.0,9.0,848,829.0,-19.0,0,0,,0.0,0.0,0.0,0.0,0.0,2015-10-13,0,0.0,0.0,0.0,0.0,0.0
2015,11,16,1,MQ,3415,N650MQ,CMH,ORD,1437,1431.0,-6.0,14.0,1445.0,93.0,95.0,65.0,296,1450.0,16.0,1510,1506.0,-4.0,0,0,,0.0,0.0,0.0,0.0,0.0,2015-11-16,0,0.0,0.0,0.0,0.0,0.0
2015,11,6,5,WN,2500,N387SW,MCI,DEN,2030,2130.0,60.0,10.0,2140.0,110.0,110.0,93.0,533,2213.0,7.0,2120,2220.0,60.0,0,0,,0.0,0.0,60.0,0.0,0.0,2015-11-06,1,0.0,0.0,100.0,0.0,0.0
2015,10,28,3,AA,1425,N482AA,15016,13930,1800,1800.0,0.0,12.0,1812.0,77.0,86.0,47.0,258,1859.0,27.0,1917,1926.0,9.0,0,0,,0.0,0.0,0.0,0.0,0.0,2015-10-28,0,0.0,0.0,0.0,0.0,0.0
2015,10,29,4,B6,51,N645JB,10721,13204,600,559.0,-1.0,17.0,616.0,195.0,179.0,158.0,1121,854.0,4.0,915,858.0,-17.0,0,0,,0.0,0.0,0.0,0.0,0.0,2015-10-29,0,0.0,0.0,0.0,0.0,0.0
2015,10,13,2,HA,34,N374HA,13830,12892,1540,1532.0,-8.0,8.0,1540.0,315.0,300.0,274.0,2486,2314.0,18.0,2355,2332.0,-23.0,0,0,,0.0,0.0,0.0,0.0,0.0,2015-10-13,0,0.0,0.0,0.0,0.0,0.0
2015,11,19,4,UA,680,N77430,SFO,ORD,14,40.0,26.0,14.0,54.0,258.0,238.0,212.0,1846,626.0,12.0,632,638.0,6.0,0,0,,0.0,0.0,0.0,0.0,0.0,2015-11-19,1,0.0,0.0,0.0,0.0,0.0
2015,11,16,1,DL,2226,N556NW,ATL,FLL,805,813.0,8.0,11.0,824.0,103.0,96.0,83.0,581,947.0,2.0,948,949.0,1.0,0,0,,0.0,0.0,0.0,0.0,0.0,2015-11-16,0,0.0,0.0,0.0,0.0,0.0
2015,10,29,4,MQ,3234,N649MQ,11298,12915,1606,1558.0,-8.0,16.0,1614.0,73.0,66.0,47.0,295,1701.0,3.0,1719,1704.0,-15.0,0,0,,0.0,0.0,0.0,0.0,0.0,2015-10-29,0,0.0,0.0,0.0,0.0,0.0
2015,11,9,1,EV,4313,N16541,BTR,IAH,1909,1907.0,-2.0,22.0,1929.0,68.0,75.0,47.0,253,2016.0,6.0,2017,2022.0,5.0,0,0,,0.0,0.0,0.0,0.0,0.0,2015-11-09,0,0.0,0.0,0.0,0.0,0.0
2015,11,5,4,B6,441,N284JB,BOS,CLE,645,634.0,-11.0,16.0,650.0,127.0,112.0,90.0,563,820.0,6.0,852,826.0,-26.0,0,0,,0.0,0.0,0.0,0.0,0.0,2015-11-05,0,0.0,0.0,0.0,0.0,0.0
2015,10,23,5,DL,2815,N974AT,12478,13930,1616,1622.0,6.0,30.0,1652.0,181.0,167.0,123.0,740,1755.0,14.0,1817,1809.0,-8.0,0,0,,0.0,0.0,0.0,0.0,0.0,2015-10-23,0,0.0,0.0,0.0,0.0,0.0
2015,10,23,5,WN,3185,N7725A,11697,14843,1955,1954.0,-1.0,13.0,2007.0,155.0,143.0,124.0,1046,2211.0,6.0,2230,2217.0,-13.0,0,0,,0.0,0.0,0.0,0.0,0.0,2015-10-23,0,0.0,0.0,0.0,0.0,0.0
2015,11,8,7,WN,5288,N488WN,MCI,LAS,1335,1530.0,115.0,5.0,1535.0,190.0,162.0,151.0,1139,1606.0,6.0,1445,1612.0,87.0,0,0,,0.0,0.0,87.0,0.0,0.0,2015-11-08,1,0.0,0.0,75.65,0.0,0.0
2015,10,17,6,WN,4417,N7718B,13487,14107,805,806.0,1.0,16.0,822.0,200.0,193.0,170.0,1276,912.0,7.0,925,919.0,-6.0,0,0,,0.0,0.0,0.0,0.0,0.0,2015-10-17,0,0.0,0.0,0.0,0.0,0.0
2015,10,28,3,WN,681,N949WN,10693,13232,1055,1055.0,0.0,12.0,1107.0,85.0,84.0,66.0,395,1213.0,6.0,1220,1219.0,-1.0,0,0,,0.0,0.0,0.0,0.0,0.0,2015-10-28,0,0.0,0.0,0.0,0.0,0.0
2015,10,21,3,EV,4239,N16999,12266,12448,1555,1550.0,-5.0,12.0,1602.0,79.0,72.0,57.0,351,1659.0,3.0,1714,1702.0,-12.0,0,0,,0.0,0.0,0.0,0.0,0.0,2015-10-21,0,0.0,0.0,0.0,0.0,0.0
2015,11,3,2,AA,491,N905AW,PHX,LAX,835,937.0,62.0,32.0,1009.0,92.0,114.0,63.0,370,1012.0,19.0,907,1031.0,84.0,0,0,,22.0,0.0,62.0,0.0,0.0,2015-11-03,1,35.48,0.0,100.0,0.0,0.0
2015,11,12,4,OO,5236,N108SY,DCA,ORD,1445,1443.0,-2.0,11.0,1454.0,134.0,134.0,115.0,612,1549.0,8.0,1559,1557.0,-2.0,0,0,,0.0,0.0,0.0,0.0,0.0,2015-11-12,0,0.0,0.0,0.0,0.0,0.0
2015,11,15,7,WN,462,N563WN,SMF,SNA,1230,1228.0,-2.0,9.0,1237.0,80.0,89.0,69.0,404,1346.0,11.0,1350,1357.0,7.0,0,0,,0.0,0.0,0.0,0.0,0.0,2015-11-15,0,0.0,0.0,0.0,0.0,0.0
2015,10,12,1,AA,435,N675AW,10397,14107,755,752.0,-3.0,12.0,804.0,260.0,247.0,207.0,1587,831.0,28.0,915,859.0,-16.0,0,0,,0.0,0.0,0.0,0.0,0.0,2015-10-12,0,0.0,0.0,0.0,0.0,0.0
2015,10,12,1,DL,2177,N362NW,14869,14057,2010,2014.0,4.0,23.0,2037.0,119.0,121.0,92.0,630,2109.0,6.0,2109,2115.0,6.0,0,0,,0.0,0.0,0.0,0.0,0.0,2015-10-12,0,0.0,0.0,0.0,0.0,0.0
2015,10,18,7,UA,1968,N38446,12264,11292,1553,1742.0,109.0,36.0,1818.0,232.0,236.0,192.0,1452,1930.0,8.0,1745,1938.0,113.0,0,0,,4.0,0.0,109.0,0.0,0.0,2015-10-18,1,3.67,0.0,100.0,0.0,0.0
2015,11,8,7,WN,2268,N480WN,PHX,SFO,1540,1731.0,111.0,12.0,1743.0,120.0,122.0,106.0,651,1829.0,4.0,1640,1833.0,113.0,0,0,,2.0,0.0,110.0,1.0,0.0,2015-11-08,1,1.8,0.0,99.1,0.9,0.0
2015,10,14,3,DL,2334,N541US,11697,10397,1945,1938.0,-7.0,14.0,1952.0,111.0,104.0,79.0,581,2111.0,11.0,2136,2122.0,-14.0,0,0,,0.0,0.0,0.0,0.0,0.0,2015-10-14,0,0.0,0.0,0.0,0.0,0.0
2015,11,15,7,EV,4970,N730EV,PIT,LGA,1723,1717.0,-6.0,9.0,1726.0,96.0,74.0,56.0,335,1822.0,9.0,1859,1831.0,-28.0,0,0,,0.0,0.0,0.0,0.0,0.0,2015-11-15,0,0.0,0.0,0.0,0.0,0.0
2015,11,12,4,AA,1891,N700UW,CLT,JAX,1755,1754.0,-1.0,12.0,1806.0,78.0,66.0,50.0,328,1856.0,4.0,1913,1900.0,-13.0,0,0,,0.0,0.0,0.0,0.0,0.0,2015-11-12,0,0.0,0.0,0.0,0.0,0.0
2015,11,8,7,EV,2739,N673AE,DFW,TYS,2005,1955.0,-10.0,24.0,2019.0,122.0,140.0,109.0,771,2308.0,7.0,2307,2315.0,8.0,0,0,,0.0,0.0,0.0,0.0,0.0,2015-11-08,0,0.0,0.0,0.0,0.0,0.0
2015,11,16,1,AA,1047,N3ALAA,SLC,DFW,720,718.0,-2.0,9.0,727.0,162.0,150.0,126.0,989,1033.0,15.0,1102,1048.0,-14.0,0,0,,0.0,0.0,0.0,0.0,0.0,2015-11-16,0,0.0,0.0,0.0,0.0,0.0
2015,10,31,6,MQ,3399,N636MQ,11203,13930,1819,2102.0,163.0,19.0,2121.0,73.0,84.0,57.0,213,2218.0,8.0,1932,2226.0,174.0,0,0,,11.0,0.0,0.0,163.0,0.0,2015-10-31,1,6.75,0.0,0.0,100.0,0.0
2015,11,8,7,VX,22,N845VA,PDX,SFO,645,643.0,-2.0,7.0,650.0,100.0,103.0,92.0,550,822.0,4.0,825,826.0,1.0,0,0,,0.0,0.0,0.0,0.0,0.0,2015-11-08,0,0.0,0.0,0.0,0.0,0.0
2015,11,10,2,DL,2080,N331NW,SLC,PHX,2015,2020.0,5.0,14.0,2034.0,99.0,90.0,73.0,507,2147.0,3.0,2154,2150.0,-4.0,0,0,,0.0,0.0,0.0,0.0,0.0,2015-11-10,0,0.0,0.0,0.0,0.0,0.0
2015,10,22,4,AA,248,N4XMAA,11298,10693,700,656.0,-4.0,17.0,713.0,109.0,102.0,80.0,631,833.0,5.0,849,838.0,-11.0,0,0,,0.0,0.0,0.0,0.0,0.0,2015-10-22,0,0.0,0.0,0.0,0.0,0.0
2015,10,26,1,OO,4443,N912EV,11193,13342,2005,1959.0,-6.0,13.0,2012.0,81.0,72.0,54.0,318,2006.0,5.0,2026,2011.0,-15.0,0,0,,0.0,0.0,0.0,0.0,0.0,2015-10-26,0,0.0,0.0,0.0,0.0,0.0
2015,11,3,2,OO,5493,N932EV,XNA,DEN,1330,1329.0,-1.0,20.0,1349.0,126.0,126.0,97.0,616,1426.0,9.0,1436,1435.0,-1.0,0,0,,0.0,0.0,0.0,0.0,0.0,2015-11-03,0,0.0,0.0,0.0,0.0,0.0
2015,11,9,1,AS,321,N459AS,SJC,SEA,630,628.0,-2.0,15.0,643.0,119.0,127.0,100.0,697,823.0,12.0,829,835.0,6.0,0,0,,0.0,0.0,0.0,0.0,0.0,2015-11-09,0,0.0,0.0,0.0,0.0,0.0
2015,10,26,1,OO,4486,N548CA,10693,13487,605,601.0,-4.0,24.0,625.0,135.0,138.0,105.0,695,810.0,9.0,820,819.0,-1.0,0,0,,0.0,0.0,0.0,0.0,0.0,2015-10-26,0,0.0,0.0,0.0,0.0,0.0
2015,11,13,5,WN,300,N709SW,BNA,DCA,940,951.0,11.0,8.0,959.0,95.0,78.0,65.0,562,1204.0,5.0,1215,1209.0,-6.0,0,0,,0.0,0.0,0.0,0.0,0.0,2015-11-13,0,0.0,0.0,0.0,0.0,0.0
2015,10,17,6,OO,3455,N223AG,10800,14057,1500,1458.0,-2.0,14.0,1512.0,130.0,121.0,103.0,817,1655.0,4.0,1710,1659.0,-11.0,0,0,,0.0,0.0,0.0,0.0,0.0,2015-10-17,0,0.0,0.0,0.0,0.0,0.0
2015,11,16,1,OO,4470,N170PQ,OMA,SLC,1740,1745.0,5.0,26.0,1811.0,158.0,165.0,132.0,840,1923.0,7.0,1918,1930.0,12.0,0,0,,0.0,0.0,0.0,0.0,0.0,2015-11-16,0,0.0,0.0,0.0,0.0,0.0
2015,11,4,3,WN,1527,N8612K,OAK,BOI,1925,1923.0,-2.0,8.0,1931.0,90.0,88.0,76.0,512,2147.0,4.0,2155,2151.0,-4.0,0,0,,0.0,0.0,0.0,0.0,0.0,2015-11-04,0,0.0,0.0,0.0,0.0,0.0
2015,10,23,5,B6,930,N618JB,14635,12478,1338,1420.0,42.0,9.0,1429.0,161.0,162.0,150.0,1074,1659.0,3.0,1619,1702.0,43.0,0,0,,1.0,0.0,19.0,23.0,0.0,2015-10-23,1,2.38,0.0,45.24,54.76,0.0
2015,11,16,1,OO,6448,N705SK,LAX,AUS,1838,1852.0,14.0,20.0,1912.0,176.0,170.0,145.0,1242,2337.0,5.0,2334,2342.0,8.0,0,0,,0.0,0.0,0.0,0.0,0.0,2015-11-16,0,0.0,0.0,0.0,0.0,0.0
2015,11,15,7,AA,10,N798AA,LAX,JFK,2130,2126.0,-4.0,15.0,2141.0,309.0,313.0,288.0,2475,529.0,10.0,539,539.0,0.0,0,0,,0.0,0.0,0.0,0.0,0.0,2015-11-15,0,0.0,0.0,0.0,0.0,0.0
2015,10,28,3,F9,265,N211FR,11292,14908,1635,1631.0,-4.0,11.0,1642.0,140.0,138.0,121.0,846,1743.0,6.0,1755,1749.0,-6.0,0,0,,0.0,0.0,0.0,0.0,0.0,2015-10-28,0,0.0,0.0,0.0,0.0,0.0
2015,10,24,6,AA,1415,N566AA,15376,11298,514,814.0,180.0,9.0,823.0,138.0,130.0,106.0,813,1209.0,15.0,932,1224.0,172.0,0,0,,0.0,0.0,172.0,0.0,0.0,2015-10-24,1,0.0,0.0,95.56,0.0,0.0
2015,11,2,1,DL,1434,N593NW,HNL,LAX,1537,1535.0,-2.0,19.0,1554.0,333.0,318.0,295.0,2556,2249.0,4.0,2310,2253.0,-17.0,0,0,,0.0,0.0,0.0,0.0,0.0,2015-11-02,0,0.0,0.0,0.0,0.0,0.0
2015,11,3,2,AA,460,N536UW,PHX,IND,955,947.0,-8.0,38.0,1025.0,213.0,209.0,166.0,1488,1511.0,5.0,1528,1516.0,-12.0,0,0,,0.0,0.0,0.0,0.0,0.0,2015-11-03,0,0.0,0.0,0.0,0.0,0.0
2015,10,27,2,OO,4818,N629BR,14150,11433,630,630.0,0.0,23.0,653.0,71.0,80.0,47.0,243,740.0,10.0,741,750.0,9.0,0,0,,0.0,0.0,0.0,0.0,0.0,2015-10-27,0,0.0,0.0,0.0,0.0,0.0
2015,10,26,1,OO,2967,N907SW,14689,14107,1620,1615.0,-5.0,10.0,1625.0,94.0,94.0,73.0,455,1738.0,11.0,1754,1749.0,-5.0,0,0,,0.0,0.0,0.0,0.0,0.0,2015-10-26,0,0.0,0.0,0.0,0.0,0.0
2015,11,12,4,DL,817,N938AT,CHO,ATL,600,558.0,-2.0,10.0,608.0,100.0,96.0,79.0,457,727.0,7.0,740,734.0,-6.0,0,0,,0.0,0.0,0.0,0.0,0.0,2015-11-12,0,0.0,0.0,0.0,0.0,0.0
2015,10,29,4,HA,182,N480HA,12173,12402,1123,1119.0,-4.0,34.0,1153.0,55.0,75.0,36.0,216,1229.0,5.0,1218,1234.0,16.0,0,0,,16.0,0.0,0.0,0.0,0.0,2015-10-29,0,-400.0,-0.0,-0.0,-0.0,-0.0
2015,11,19,4,DL,2813,N369NW,ATL,AUS,2229,2229.0,0.0,14.0,2243.0,149.0,134.0,113.0,813,2336.0,7.0,2358,2343.0,-15.0,0,0,,0.0,0.0,0.0,0.0,0.0,2015-11-19,0,0.0,0.0,0.0,0.0,0.0
2015,11,10,2,WN,2714,N455WN,TUS,LAX,600,557.0,-3.0,10.0,607.0,90.0,93.0,77.0,451,624.0,6.0,630,630.0,0.0,0,0,,0.0,0.0,0.0,0.0,0.0,2015-11-10,0,0.0,0.0,0.0,0.0,0.0
2015,11,11,3,EV,4712,N16149,IAH,TYS,1302,1255.0,-7.0,16.0,1311.0,126.0,119.0,99.0,771,1550.0,4.0,1608,1554.0,-14.0,0,0,,0.0,0.0,0.0,0.0,0.0,2015-11-11,0,0.0,0.0,0.0,0.0,0.0
2015,11,17,2,EV,2769,N905EV,BPT,DFW,1100,1120.0,20.0,13.0,1133.0,82.0,81.0,48.0,270,1221.0,20.0,1222,1241.0,19.0,0,0,,0.0,0.0,4.0,15.0,0.0,2015-11-17,1,0.0,0.0,20.0,75.0,0.0
2015,10,19,1,EV,4934,N854AS,10980,10397,1700,1652.0,-8.0,10.0,1702.0,54.0,41.0,27.0,106,1729.0,4.0,1754,1733.0,-21.0,0,0,,0.0,0.0,0.0,0.0,0.0,2015-10-19,0,0.0,0.0,0.0,0.0,0.0
2015,11,6,5,B6,1969,N531JB,BOS,FLL,1638,1633.0,-5.0,15.0,1648.0,211.0,218.0,174.0,1237,1942.0,29.0,2009,2011.0,2.0,0,0,,0.0,0.0,0.0,0.0,0.0,2015-11-06,0,0.0,0.0,0.0,0.0,0.0
2015,11,18,3,AA,2213,N3JKAA,DFW,LGA,640,635.0,-5.0,15.0,650.0,192.0,201.0,181.0,1389,1051.0,5.0,1052,1056.0,4.0,0,0,,0.0,0.0,0.0,0.0,0.0,2015-11-18,0,0.0,0.0,0.0,0.0,0.0
2015,11,16,1,DL,1479,N962DN,MSP,STL,1946,1944.0,-2.0,19.0,2003.0,97.0,93.0,67.0,448,2110.0,7.0,2123,2117.0,-6.0,0,0,,0.0,0.0,0.0,0.0,0.0,2015-11-16,0,0.0,0.0,0.0,0.0,0.0
2015,11,13,5,WN,42,N365SW,HOU,DAL,1630,1716.0,46.0,6.0,1722.0,60.0,51.0,42.0,239,1804.0,3.0,1730,1807.0,37.0,0,0,,0.0,0.0,36.0,1.0,0.0,2015-11-13,1,0.0,0.0,78.26,2.17,0.0
2015,11,15,7,DL,2152,N341NB,JFK,FLL,1530,1527.0,-3.0,45.0,1612.0,195.0,194.0,146.0,1069,1838.0,3.0,1845,1841.0,-4.0,0,0,,0.0,0.0,0.0,0.0,0.0,2015-11-15,0,0.0,0.0,0.0,0.0,0.0
2015,10,12,1,AA,1404,N3GVAA,10721,13930,1555,1659.0,64.0,16.0,1715.0,169.0,160.0,129.0,867,1824.0,15.0,1744,1839.0,55.0,0,0,,0.0,0.0,21.0,34.0,0.0,2015-10-12,1,0.0,0.0,32.81,53.12,0.0
2015,10,20,2,DL,816,N694DL,13487,13204,905,901.0,-4.0,22.0,923.0,190.0,190.0,160.0,1310,1303.0,8.0,1315,1311.0,-4.0,0,0,,0.0,0.0,0.0,0.0,0.0,2015-10-20,0,0.0,0.0,0.0,0.0,0.0
2015,10,11,7,EV,5452,N927EV,11433,11537,2014,2008.0,-6.0,12.0,2020.0,73.0,66.0,50.0,332,2110.0,4.0,2127,2114.0,-13.0,0,0,,0.0,0.0,0.0,0.0,0.0,2015-10-11,0,0.0,0.0,0.0,0.0,0.0
2015,10,21,3,VX,182,N839VA,14771,11618,2150,2150.0,0.0,11.0,2201.0,309.0,313.0,296.0,2565,557.0,6.0,559,603.0,4.0,0,0,,0.0,0.0,0.0,0.0,0.0,2015-10-21,0,0.0,0.0,0.0,0.0,0.0
2015,11,18,3,EV,3807,N12528,TYR,IAH,1911,1845.0,-26.0,10.0,1855.0,60.0,67.0,33.0,163,1928.0,24.0,2011,1952.0,-19.0,0,0,,0.0,0.0,0.0,0.0,0.0,2015-11-18,0,0.0,0.0,0.0,0.0,0.0
2015,10,14,3,EV,4451,N14143,12266,11481,1145,1141.0,-4.0,12.0,1153.0,113.0,104.0,84.0,572,1317.0,8.0,1338,1325.0,-13.0,0,0,,0.0,0.0,0.0,0.0,0.0,2015-10-14,0,0.0,0.0,0.0,0.0,0.0
2015,11,2,1,EV,5566,N925EV,CSG,ATL,1448,1500.0,12.0,15.0,1515.0,47.0,48.0,22.0,83,1537.0,11.0,1535,1548.0,13.0,0,0,,0.0,0.0,0.0,0.0,0.0,2015-11-02,0,0.0,0.0,0.0,0.0,0.0
2015,10,30,5,NK,446,N616NK,12889,13930,937,932.0,-5.0,12.0,944.0,216.0,196.0,177.0,1514,1441.0,7.0,1513,1448.0,-25.0,0,0,,0.0,0.0,0.0,0.0,0.0,2015-10-30,0,0.0,0.0,0.0,0.0,0.0
2015,10,27,2,UA,364,N68823,12892,12889,1305,1257.0,-8.0,15.0,1312.0,82.0,61.0,39.0,236,1351.0,7.0,1427,1358.0,-29.0,0,0,,0.0,0.0,0.0,0.0,0.0,2015-10-27,0,0.0,0.0,0.0,0.0,0.0
2015,10,18,7,WN,117,N430WN,13495,11278,1925,1926.0,1.0,8.0,1934.0,150.0,134.0,120.0,969,2234.0,6.0,2255,2240.0,-15.0,0,0,,0.0,0.0,0.0,0.0,0.0,2015-10-18,0,0.0,0.0,0.0,0.0,0.0
2015,10,18,7,WN,289,N227WN,12191,13495,1705,1704.0,-1.0,10.0,1714.0,65.0,56.0,43.0,302,1757.0,3.0,1810,1800.0,-10.0,0,0,,0.0,0.0,0.0,0.0,0.0,2015-10-18,0,0.0,0.0,0.0,0.0,0.0
2015,10,16,5,AA,2270,N504AA,13930,10423,1710,1721.0,11.0,14.0,1735.0,168.0,150.0,132.0,977,1947.0,4.0,1958,1951.0,-7.0,0,0,,0.0,0.0,0.0,0.0,0.0,2015-10-16,0,0.0,0.0,0.0,0.0,0.0
2015,10,29,4,EV,4209,N18556,12266,13158,715,709.0,-6.0,15.0,724.0,97.0,94.0,71.0,429,835.0,8.0,852,843.0,-9.0,0,0,,0.0,0.0,0.0,0.0,0.0,2015-10-29,0,0.0,0.0,0.0,0.0,0.0
2015,10,26,1,AS,321,N317AS,14831,14747,630,629.0,-1.0,11.0,640.0,124.0,126.0,107.0,697,827.0,8.0,834,835.0,1.0,0,0,,0.0,0.0,0.0,0.0,0.0,2015-10-26,0,0.0,0.0,0.0,0.0,0.0
2015,10,12,1,F9,561,N924FR,11292,14679,2150,2158.0,8.0,9.0,2207.0,147.0,124.0,111.0,853,2258.0,4.0,2317,2302.0,-15.0,0,0,,0.0,0.0,0.0,0.0,0.0,2015-10-12,0,0.0,0.0,0.0,0.0,0.0
2015,10,28,3,MQ,3438,N664MQ,13930,14633,1220,1219.0,-1.0,12.0,1231.0,80.0,58.0,43.0,268,1314.0,3.0,1340,1317.0,-23.0,0,0,,0.0,0.0,0.0,0.0,0.0,2015-10-28,0,0.0,0.0,0.0,0.0,0.0
2015,11,9,1,DL,1922,N993AT,PBI,LGA,1824,1819.0,-5.0,15.0,1834.0,176.0,160.0,136.0,1035,2050.0,9.0,2120,2059.0,-21.0,0,0,,0.0,0.0,0.0,0.0,0.0,2015-11-09,0,0.0,0.0,0.0,0.0,0.0
2015,11,16,1,UA,1189,N34137,EWR,MCO,1455,1453.0,-2.0,14.0,1507.0,172.0,153.0,129.0,937,1716.0,10.0,1747,1726.0,-21.0,0,0,,0.0,0.0,0.0,0.0,0.0,2015-11-16,0,0.0,0.0,0.0,0.0,0.0
2015,11,6,5,DL,1390,N993DL,ATL,MSP,2200,2158.0,-2.0,14.0,2212.0,160.0,140.0,122.0,907,2314.0,4.0,2340,2318.0,-22.0,0,0,,0.0,0.0,0.0,0.0,0.0,2015-11-06,0,0.0,0.0,0.0,0.0,0.0
2015,10,25,7,AA,2030,N963UW,14100,14122,1340,1334.0,-6.0,11.0,1345.0,70.0,62.0,46.0,268,1431.0,5.0,1450,1436.0,-14.0,0,0,,0.0,0.0,0.0,0.0,0.0,2015-10-25,0,0.0,0.0,0.0,0.0,0.0
2015,11,19,4,AA,2375,N3JVAA,ORD,DFW,1710,1709.0,-1.0,21.0,1730.0,163.0,159.0,118.0,802,1928.0,20.0,1953,1948.0,-5.0,0,0,,0.0,0.0,0.0,0.0,0.0,2015-11-19,0,0.0,0.0,0.0,0.0,0.0
2015,11,14,6,AA,618,N680AW,PHX,BWI,1615,1612.0,-3.0,18.0,1630.0,250.0,254.0,229.0,1999,2219.0,7.0,2225,2226.0,1.0,0,0,,0.0,0.0,0.0,0.0,0.0,2015-11-14,0,0.0,0.0,0.0,0.0,0.0
2015,10,11,7,HA,50,N393HA,12173,12478,1520,1519.0,-1.0,15.0,1534.0,575.0,557.0,532.0,4983,626.0,10.0,655,636.0,-19.0,0,0,,0.0,0.0,0.0,0.0,0.0,2015-10-11,0,0.0,0.0,0.0,0.0,0.0
2015,11,14,6,UA,436,N834UA,LGA,ORD,1030,1030.0,0.0,25.0,1055.0,159.0,138.0,110.0,733,1145.0,3.0,1209,1148.0,-21.0,0,0,,0.0,0.0,0.0,0.0,0.0,2015-11-14,0,0.0,0.0,0.0,0.0,0.0
2015,11,19,4,OO,5361,N908SW,FWA,ORD,958,959.0,1.0,13.0,1012.0,62.0,62.0,36.0,157,948.0,13.0,1000,1001.0,1.0,0,0,,0.0,0.0,0.0,0.0,0.0,2015-11-19,0,0.0,0.0,0.0,0.0,0.0
2015,11,18,3,UA,1881,N449UA,IAD,SFO,637,633.0,-4.0,10.0,643.0,369.0,332.0,315.0,2419,858.0,7.0,946,905.0,-41.0,0,0,,0.0,0.0,0.0,0.0,0.0,2015-11-18,0,0.0,0.0,0.0,0.0,0.0
2015,10,23,5,AA,1815,N819AW,11057,14122,1145,1144.0,-1.0,26.0,1210.0,88.0,89.0,58.0,366,1308.0,5.0,1313,1313.0,0.0,0,0,,0.0,0.0,0.0,0.0,0.0,2015-10-23,0,0.0,0.0,0.0,0.0,0.0
2015,11,9,1,AS,342,N468AS,SEA,OAK,605,600.0,-5.0,18.0,618.0,120.0,116.0,94.0,672,752.0,4.0,805,756.0,-9.0,0,0,,0.0,0.0,0.0,0.0,0.0,2015-11-09,0,0.0,0.0,0.0,0.0,0.0
2015,11,7,6,OO,4855,N161PQ,MSP,STL,1005,1002.0,-3.0,27.0,1029.0,91.0,95.0,64.0,448,1133.0,4.0,1136,1137.0,1.0,0,0,,0.0,0.0,0.0,0.0,0.0,2015-11-07,0,0.0,0.0,0.0,0.0,0.0
2015,11,4,3,F9,675,N926FR,MCO,DEN,1715,1715.0,0.0,11.0,1726.0,243.0,236.0,217.0,1546,1903.0,8.0,1918,1911.0,-7.0,0,0,,0.0,0.0,0.0,0.0,0.0,2015-11-04,0,0.0,0.0,0.0,0.0,0.0
2015,11,11,3,DL,2132,N612DL,SAT,ATL,1204,1159.0,-5.0,17.0,1216.0,136.0,131.0,106.0,874,1502.0,8.0,1520,1510.0,-10.0,0,0,,0.0,0.0,0.0,0.0,0.0,2015-11-11,0,0.0,0.0,0.0,0.0,0.0
2015,10,11,7,MQ,3064,N506MQ,11298,12992,2145,2141.0,-4.0,11.0,2152.0,71.0,59.0,43.0,304,2235.0,5.0,2256,2240.0,-16.0,0,0,,0.0,0.0,0.0,0.0,0.0,2015-10-11,0,0.0,0.0,0.0,0.0,0.0
2015,10,24,6,WN,1089,N643SW,10821,13342,1020,1013.0,-7.0,14.0,1027.0,120.0,117.0,97.0,641,1104.0,6.0,1120,1110.0,-10.0,0,0,,0.0,0.0,0.0,0.0,0.0,2015-10-24,0,0.0,0.0,0.0,0.0,0.0
2015,10,22,4,DL,1528,N315NB,11433,10529,1354,1348.0,-6.0,14.0,1402.0,102.0,86.0,69.0,549,1511.0,3.0,1536,1514.0,-22.0,0,0,,0.0,0.0,0.0,0.0,0.0,2015-10-22,0,0.0,0.0,0.0,0.0,0.0
2015,11,17,2,DL,1742,N978AT,ATL,FAY,2109,2106.0,-3.0,16.0,2122.0,80.0,68.0,48.0,331,2210.0,4.0,2229,2214.0,-15.0,0,0,,0.0,0.0,0.0,0.0,0.0,2015-11-17,0,0.0,0.0,0.0,0.0,0.0
2015,10,30,5,WN,102,N739GB,10140,11259,730,729.0,-1.0,14.0,743.0,95.0,111.0,91.0,580,1014.0,6.0,1005,1020.0,15.0,0,0,,15.0,0.0,0.0,0.0,0.0,2015-10-30,0,-1500.0,-0.0,-0.0,-0.0,-0.0
2015,10,13,2,WN,400,N279WN,13232,11278,1335,1331.0,-4.0,11.0,1342.0,110.0,110.0,95.0,601,1617.0,4.0,1625,1621.0,-4.0,0,0,,0.0,0.0,0.0,0.0,0.0,2015-10-13,0,0.0,0.0,0.0,0.0,0.0
2015,11,10,2,F9,618,N927FR,DEN,MIA,615,608.0,-7.0,10.0,618.0,225.0,217.0,199.0,1709,1137.0,8.0,1200,1145.0,-15.0,0,0,,0.0,0.0,0.0,0.0,0.0,2015-11-10,0,0.0,0.0,0.0,0.0,0.0
2015,10,27,2,AA,1904,N741UW,11278,11057,540,535.0,-5.0,13.0,548.0,82.0,81.0,62.0,331,650.0,6.0,702,656.0,-6.0,0,0,,0.0,0.0,0.0,0.0,0.0,2015-10-27,0,0.0,0.0,0.0,0.0,0.0
2015,10,31,6,B6,1933,N586JB,13204,14843,1001,954.0,-7.0,12.0,1006.0,168.0,157.0,141.0,1189,1227.0,4.0,1249,1231.0,-18.0,0,0,,0.0,0.0,0.0,0.0,0.0,2015-10-31,0,0.0,0.0,0.0,0.0,0.0
2015,10,18,7,WN,2529,N7717D,10599,11259,720,724.0,4.0,8.0,732.0,110.0,104.0,91.0,587,903.0,5.0,910,908.0,-2.0,0,0,,0.0,0.0,0.0,0.0,0.0,2015-10-18,0,0.0,0.0,0.0,0.0,0.0
2015,11,16,1,OO,5361,N593ML,FWA,ORD,958,950.0,-8.0,10.0,1000.0,62.0,49.0,32.0,157,932.0,7.0,1000,939.0,-21.0,0,0,,0.0,0.0,0.0,0.0,0.0,2015-11-16,0,0.0,0.0,0.0,0.0,0.0
2015,11,9,1,AA,2186,N3EEAA,SJU,DFW,1435,1433.0,-2.0,12.0,1445.0,329.0,302.0,277.0,2165,1722.0,13.0,1804,1735.0,-29.0,0,0,,0.0,0.0,0.0,0.0,0.0,2015-11-09,0,0.0,0.0,0.0,0.0,0.0
2015,11,17,2,WN,1866,N708SW,SAN,TUS,1610,1650.0,40.0,12.0,1702.0,70.0,66.0,51.0,368,1853.0,3.0,1820,1856.0,36.0,0,0,,0.0,0.0,7.0,29.0,0.0,2015-11-17,1,0.0,0.0,17.5,72.5,0.0
2015,10,17,6,AA,259,N861AA,11298,14771,1110,1139.0,29.0,17.0,1156.0,224.0,214.0,193.0,1464,1309.0,4.0,1254,1313.0,19.0,0,0,,0.0,0.0,19.0,0.0,0.0,2015-10-17,1,0.0,0.0,65.52,0.0,0.0
2015,11,13,5,F9,181,N910FR,OMA,DEN,1650,1651.0,1.0,15.0,1706.0,97.0,96.0,73.0,472,1719.0,8.0,1727,1727.0,0.0,0,0,,0.0,0.0,0.0,0.0,0.0,2015-11-13,0,0.0,0.0,0.0,0.0,0.0
2015,11,20,5,AA,1111,N3GPAA,PBI,ORD,649,644.0,-5.0,13.0,657.0,196.0,183.0,164.0,1144,841.0,6.0,905,847.0,-18.0,0,0,,0.0,0.0,0.0,0.0,0.0,2015-11-20,0,0.0,0.0,0.0,0.0,0.0
2015,11,4,3,MQ,3588,N942MQ,OKC,DFW,1947,1945.0,-2.0,10.0,1955.0,67.0,53.0,36.0,175,2031.0,7.0,2054,2038.0,-16.0,0,0,,0.0,0.0,0.0,0.0,0.0,2015-11-04,0,0.0,0.0,0.0,0.0,0.0
2015,11,5,4,DL,2636,N999DN,CLE,ATL,615,609.0,-6.0,16.0,625.0,115.0,111.0,86.0,554,751.0,9.0,810,800.0,-10.0,0,0,,0.0,0.0,0.0,0.0,0.0,2015-11-05,0,0.0,0.0,0.0,0.0,0.0
2015,10,19,1,AA,664,N676AW,13342,14107,1705,1704.0,-1.0,17.0,1721.0,227.0,215.0,192.0,1460,1833.0,6.0,1852,1839.0,-13.0,0,0,,0.0,0.0,0.0,0.0,0.0,2015-10-19,0,0.0,0.0,0.0,0.0,0.0
2015,11,9,1,WN,1549,N208WN,ATL,MDW,1715,1713.0,-2.0,15.0,1728.0,115.0,107.0,83.0,591,1751.0,9.0,1810,1800.0,-10.0,0,0,,0.0,0.0,0.0,0.0,0.0,2015-11-09,0,0.0,0.0,0.0,0.0,0.0
2015,11,6,5,F9,733,N908FR,CVG,DEN,605,607.0,2.0,17.0,624.0,196.0,196.0,169.0,1069,713.0,10.0,721,723.0,2.0,0,0,,0.0,0.0,0.0,0.0,0.0,2015-11-06,0,0.0,0.0,0.0,0.0,0.0
2015,11,10,2,DL,194,N385DN,SLC,PHL,1115,1133.0,18.0,27.0,1200.0,241.0,275.0,240.0,1927,1800.0,8.0,1716,1808.0,52.0,0,0,,52.0,0.0,0.0,0.0,0.0,2015-11-10,1,288.89,0.0,0.0,0.0,0.0
2015,11,13,5,DL,2340,N3754A,LAX,MSY,915,915.0,0.0,20.0,935.0,221.0,210.0,187.0,1670,1442.0,3.0,1456,1445.0,-11.0,0,0,,0.0,0.0,0.0,0.0,0.0,2015-11-13,0,0.0,0.0,0.0,0.0,0.0
2015,10,21,3,AA,2170,N708UW,10721,11278,1400,1358.0,-2.0,20.0,1418.0,93.0,99.0,69.0,399,1527.0,10.0,1533,1537.0,4.0,0,0,,0.0,0.0,0.0,0.0,0.0,2015-10-21,0,0.0,0.0,0.0,0.0,0.0
2015,11,6,5,AA,1954,N977UY,CLT,LGA,2020,2016.0,-4.0,22.0,2038.0,106.0,114.0,73.0,544,2151.0,19.0,2206,2210.0,4.0,0,0,,0.0,0.0,0.0,0.0,0.0,2015-11-06,0,0.0,0.0,0.0,0.0,0.0
2015,10,23,5,DL,158,N969AT,11433,10721,1207,1206.0,-1.0,12.0,1218.0,118.0,104.0,87.0,632,1345.0,5.0,1405,1350.0,-15.0,0,0,,0.0,0.0,0.0,0.0,0.0,2015-10-23,0,0.0,0.0,0.0,0.0,0.0
2015,11,17,2,DL,892,N832DN,SEA,MSP,715,714.0,-1.0,15.0,729.0,193.0,186.0,167.0,1399,1216.0,4.0,1228,1220.0,-8.0,0,0,,0.0,0.0,0.0,0.0,0.0,2015-11-17,0,0.0,0.0,0.0,0.0,0.0
2015,10,18,7,OO,6206,N954SW,11292,14457,759,753.0,-6.0,29.0,822.0,76.0,76.0,42.0,300,904.0,5.0,915,909.0,-6.0,0,0,,0.0,0.0,0.0,0.0,0.0,2015-10-18,0,0.0,0.0,0.0,0.0,0.0
2015,11,16,1,EV,5226,N858AS,AVL,ATL,1030,1028.0,-2.0,12.0,1040.0,60.0,56.0,35.0,164,1115.0,9.0,1130,1124.0,-6.0,0,0,,0.0,0.0,0.0,0.0,0.0,2015-11-16,0,0.0,0.0,0.0,0.0,0.0
2015,11,5,4,MQ,3251,N830MQ,BIS,ORD,1510,1507.0,-3.0,8.0,1515.0,139.0,124.0,104.0,716,1659.0,12.0,1729,1711.0,-18.0,0,0,,0.0,0.0,0.0,0.0,0.0,2015-11-05,0,0.0,0.0,0.0,0.0,0.0
2015,11,8,7,AA,2289,N5EPAA,SAN,DFW,750,753.0,3.0,14.0,807.0,175.0,155.0,137.0,1171,1224.0,4.0,1245,1228.0,-17.0,0,0,,0.0,0.0,0.0,0.0,0.0,2015-11-08,0,0.0,0.0,0.0,0.0,0.0
2015,11,16,1,WN,461,N781WN,ABQ,BWI,1450,1729.0,159.0,17.0,1746.0,215.0,224.0,202.0,1670,2308.0,5.0,2025,2313.0,168.0,0,0,,9.0,0.0,10.0,149.0,0.0,2015-11-16,1,5.66,0.0,6.29,93.71,0.0
2015,10,22,4,WN,2570,N626SW,12191,13198,1715,1736.0,21.0,9.0,1745.0,115.0,112.0,97.0,666,1922.0,6.0,1910,1928.0,18.0,0,0,,0.0,0.0,0.0,18.0,0.0,2015-10-22,1,0.0,0.0,0.0,85.71,0.0
2015,10,26,1,WN,2455,N280WN,15016,11278,2000,1957.0,-3.0,9.0,2006.0,115.0,105.0,93.0,719,2239.0,3.0,2255,2242.0,-13.0,0,0,,0.0,0.0,0.0,0.0,0.0,2015-10-26,0,0.0,0.0,0.0,0.0,0.0
2015,10,23,5,OO,5372,N954SW,13342,13930,1849,1904.0,15.0,14.0,1918.0,52.0,67.0,29.0,67,1947.0,24.0,1941,2011.0,30.0,0,0,,15.0,0.0,0.0,15.0,0.0,2015-10-23,0,100.0,0.0,0.0,100.0,0.0
2015,10,26,1,EV,4164,N14542,11042,12953,1324,1320.0,-4.0,26.0,1346.0,96.0,98.0,61.0,419,1447.0,11.0,1500,1458.0,-2.0,0,0,,0.0,0.0,0.0,0.0,0.0,2015-10-26,0,0.0,0.0,0.0,0.0,0.0
2015,11,14,6,MQ,3418,N537MQ,DFW,MKE,715,711.0,-4.0,21.0,732.0,140.0,138.0,113.0,853,925.0,4.0,935,929.0,-6.0,0,0,,0.0,0.0,0.0,0.0,0.0,2015-11-14,0,0.0,0.0,0.0,0.0,0.0
2015,10,19,1,AA,1823,N201UU,14100,14107,1550,1548.0,-2.0,33.0,1621.0,312.0,305.0,266.0,2075,1747.0,6.0,1802,1753.0,-9.0,0,0,,0.0,0.0,0.0,0.0,0.0,2015-10-19,0,0.0,0.0,0.0,0.0,0.0
2015,11,17,2,OO,2963,N821AS,PHX,YUM,1740,1732.0,-8.0,15.0,1747.0,55.0,56.0,32.0,160,1819.0,9.0,1835,1828.0,-7.0,0,0,,0.0,0.0,0.0,0.0,0.0,2015-11-17,0,0.0,0.0,0.0,0.0,0.0
2015,11,4,3,DL,1789,N998DL,JAX,ATL,1825,1820.0,-5.0,20.0,1840.0,86.0,84.0,50.0,270,1930.0,14.0,1951,1944.0,-7.0,0,0,,0.0,0.0,0.0,0.0,0.0,2015-11-04,0,0.0,0.0,0.0,0.0,0.0
2015,10,26,1,MQ,3492,N661MQ,13422,11298,615,611.0,-4.0,18.0,629.0,120.0,118.0,86.0,539,755.0,14.0,815,809.0,-6.0,0,0,,0.0,0.0,0.0,0.0,0.0,2015-10-26,0,0.0,0.0,0.0,0.0,0.0
2015,10,20,2,AA,156,N3LMAA,14679,13930,1045,1039.0,-6.0,25.0,1104.0,243.0,248.0,207.0,1723,1631.0,16.0,1648,1647.0,-1.0,0,0,,0.0,0.0,0.0,0.0,0.0,2015-10-20,0,0.0,0.0,0.0,0.0,0.0
2015,10,11,7,B6,827,N318JB,10721,10821,1630,1638.0,8.0,14.0,1652.0,90.0,85.0,66.0,369,1758.0,5.0,1800,1803.0,3.0,0,0,,0.0,0.0,0.0,0.0,0.0,2015-10-11,0,0.0,0.0,0.0,0.0,0.0
2015,10,15,4,VX,24,N845VA,14771,12478,1350,1347.0,-3.0,17.0,1404.0,339.0,349.0,300.0,2586,2204.0,32.0,2229,2236.0,7.0,0,0,,0.0,0.0,0.0,0.0,0.0,2015-10-15,0,0.0,0.0,0.0,0.0,0.0
2015,10,20,2,VX,34,N631VA,14771,12478,2320,2319.0,-1.0,10.0,2329.0,330.0,328.0,306.0,2586,735.0,12.0,750,747.0,-3.0,0,0,,0.0,0.0,0.0,0.0,0.0,2015-10-20,0,0.0,0.0,0.0,0.0,0.0
2015,10,27,2,UA,830,N473UA,11292,13930,1640,1637.0,-3.0,9.0,1646.0,147.0,146.0,120.0,888,1946.0,17.0,2007,2003.0,-4.0,0,0,,0.0,0.0,0.0,0.0,0.0,2015-10-27,0,0.0,0.0,0.0,0.0,0.0
2015,11,19,4,OO,6355,N908SW,CID,DEN,2008,2117.0,69.0,10.0,2127.0,137.0,123.0,107.0,692,2214.0,6.0,2125,2220.0,55.0,0,0,,0.0,0.0,0.0,55.0,0.0,2015-11-19,1,0.0,0.0,0.0,79.71,0.0
2015,11,7,6,AA,1505,N4WJAA,DFW,ONT,1230,1225.0,-5.0,18.0,1243.0,195.0,175.0,151.0,1188,1314.0,6.0,1345,1320.0,-25.0,0,0,,0.0,0.0,0.0,0.0,0.0,2015-11-07,0,0.0,0.0,0.0,0.0,0.0
2015,10,25,7,AA,2339,N550AA,11292,13930,1050,1046.0,-4.0,14.0,1100.0,146.0,137.0,109.0,888,1349.0,14.0,1416,1403.0,-13.0,0,0,,0.0,0.0,0.0,0.0,0.0,2015-10-25,0,0.0,0.0,0.0,0.0,0.0
2015,10,18,7,WN,1152,N8660A,12339,11292,1945,2004.0,19.0,15.0,2019.0,165.0,154.0,131.0,977,2030.0,8.0,2030,2038.0,8.0,0,0,,0.0,0.0,0.0,0.0,0.0,2015-10-18,1,0.0,0.0,0.0,0.0,0.0
2015,10,21,3,AA,187,N3LBAA,10721,13930,1235,1231.0,-4.0,10.0,1241.0,171.0,147.0,130.0,867,1351.0,7.0,1426,1358.0,-28.0,0,0,,0.0,0.0,0.0,0.0,0.0,2015-10-21,0,0.0,0.0,0.0,0.0,0.0
2015,11,9,1,EV,6097,N16911,MCI,IAH,1240,1234.0,-6.0,10.0,1244.0,125.0,114.0,96.0,643,1420.0,8.0,1445,1428.0,-17.0,0,0,,0.0,0.0,0.0,0.0,0.0,2015-11-09,0,0.0,0.0,0.0,0.0,0.0
2015,10,19,1,B6,2479,N354JB,10721,11618,1130,1127.0,-3.0,52.0,1219.0,88.0,103.0,43.0,200,1302.0,8.0,1258,1310.0,12.0,0,0,,0.0,0.0,0.0,0.0,0.0,2015-10-19,0,0.0,0.0,0.0,0.0,0.0
2015,10,18,7,AS,858,N513AS,12982,14679,1040,1043.0,3.0,8.0,1051.0,335.0,326.0,314.0,2676,1905.0,4.0,1915,1909.0,-6.0,0,0,,0.0,0.0,0.0,0.0,0.0,2015-10-18,0,0.0,0.0,0.0,0.0,0.0
2015,10,16,5,OO,4703,N608SK,11292,14747,800,757.0,-3.0,19.0,816.0,178.0,165.0,138.0,1024,934.0,8.0,958,942.0,-16.0,0,0,,0.0,0.0,0.0,0.0,0.0,2015-10-16,0,0.0,0.0,0.0,0.0,0.0
2015,10,18,7,OO,2882,N868CA,12892,11540,850,901.0,11.0,12.0,913.0,126.0,109.0,94.0,715,1147.0,3.0,1156,1150.0,-6.0,0,0,,0.0,0.0,0.0,0.0,0.0,2015-10-18,0,0.0,0.0,0.0,0.0,0.0
2015,10,19,1,OO,4516,N807SK,13487,10713,905,901.0,-4.0,23.0,924.0,188.0,190.0,162.0,1142,1106.0,5.0,1113,1111.0,-2.0,0,0,,0.0,0.0,0.0,0.0,0.0,2015-10-19,0,0.0,0.0,0.0,0.0,0.0
2015,10,14,3,EV,4282,N14543,13930,10785,1345,1422.0,37.0,17.0,1439.0,131.0,118.0,96.0,763,1715.0,5.0,1656,1720.0,24.0,0,0,,24.0,0.0,0.0,0.0,0.0,2015-10-14,1,64.86,0.0,0.0,0.0,0.0
2015,11,17,2,WN,2206,N8613K,DAL,MDW,855,928.0,33.0,16.0,944.0,125.0,114.0,95.0,793,1119.0,3.0,1100,1122.0,22.0,0,0,,9.0,0.0,0.0,13.0,0.0,2015-11-17,1,27.27,0.0,0.0,39.39,0.0
2015,11,5,4,AS,592,N546AS,PDX,SNA,1535,1613.0,38.0,7.0,1620.0,135.0,128.0,116.0,859,1816.0,5.0,1750,1821.0,31.0,0,0,,0.0,0.0,31.0,0.0,0.0,2015-11-05,1,0.0,0.0,81.58,0.0,0.0
2015,11,5,4,NK,403,N624NK,ATL,FLL,1850,1856.0,6.0,14.0,1910.0,110.0,102.0,83.0,581,2033.0,5.0,2040,2038.0,-2.0,0,0,,0.0,0.0,0.0,0.0,0.0,2015-11-05,0,0.0,0.0,0.0,0.0,0.0
2015,11,14,6,OO,6332,N138SY,LAS,LAX,1333,1330.0,-3.0,21.0,1351.0,78.0,72.0,43.0,236,1434.0,8.0,1451,1442.0,-9.0,0,0,,0.0,0.0,0.0,0.0,0.0,2015-11-14,0,0.0,0.0,0.0,0.0,0.0
2015,10,22,4,F9,1491,N924FR,10397,10423,1600,1554.0,-6.0,16.0,1610.0,150.0,177.0,127.0,813,1717.0,34.0,1730,1751.0,21.0,0,0,,21.0,0.0,0.0,0.0,0.0,2015-10-22,0,-350.0,-0.0,-0.0,-0.0,-0.0
2015,10,17,6,HA,143,N478HA,12173,12982,1143,1139.0,-4.0,13.0,1152.0,41.0,41.0,23.0,102,1215.0,5.0,1224,1220.0,-4.0,0,0,,0.0,0.0,0.0,0.0,0.0,2015-10-17,0,0.0,0.0,0.0,0.0,0.0
2015,10,18,7,DL,453,N3730B,12478,14869,1125,1125.0,0.0,22.0,1147.0,305.0,303.0,274.0,1990,1421.0,7.0,1430,1428.0,-2.0,0,0,,0.0,0.0,0.0,0.0,0.0,2015-10-18,0,0.0,0.0,0.0,0.0,0.0
2015,10,21,3,WN,824,N771SA,11042,10821,810,804.0,-6.0,11.0,815.0,75.0,79.0,65.0,314,920.0,3.0,925,923.0,-2.0,0,0,,0.0,0.0,0.0,0.0,0.0,2015-10-21,0,0.0,0.0,0.0,0.0,0.0
2015,11,2,1,EV,5122,N860AS,MLU,ATL,1406,1449.0,43.0,16.0,1505.0,86.0,94.0,64.0,448,1709.0,14.0,1632,1723.0,51.0,0,0,,8.0,0.0,7.0,36.0,0.0,2015-11-02,1,18.6,0.0,16.28,83.72,0.0
2015,11,14,6,AA,1830,N826AW,CLT,JFK,915,910.0,-5.0,12.0,922.0,105.0,93.0,75.0,541,1037.0,6.0,1100,1043.0,-17.0,0,0,,0.0,0.0,0.0,0.0,0.0,2015-11-14,0,0.0,0.0,0.0,0.0,0.0
2015,10,15,4,WN,456,N8309C,14107,13796,850,847.0,-3.0,14.0,901.0,125.0,115.0,90.0,646,1031.0,11.0,1055,1042.0,-13.0,0,0,,0.0,0.0,0.0,0.0,0.0,2015-10-15,0,0.0,0.0,0.0,0.0,0.0
2015,10,19,1,EV,4940,N881AS,10397,10135,1027,1022.0,-5.0,20.0,1042.0,123.0,123.0,100.0,692,1222.0,3.0,1230,1225.0,-5.0,0,0,,0.0,0.0,0.0,0.0,0.0,2015-10-19,0,0.0,0.0,0.0,0.0,0.0
2015,10,28,3,UA,1569,N81449,11618,15304,1900,1859.0,-1.0,38.0,1937.0,180.0,183.0,139.0,997,2156.0,6.0,2200,2202.0,2.0,0,0,,0.0,0.0,0.0,0.0,0.0,2015-10-28,0,0.0,0.0,0.0,0.0,0.0
2015,10,28,3,DL,1153,N937DN,10397,10821,1229,1225.0,-4.0,23.0,1248.0,111.0,122.0,92.0,577,1420.0,7.0,1420,1427.0,7.0,0,0,,0.0,0.0,0.0,0.0,0.0,2015-10-28,0,0.0,0.0,0.0,0.0,0.0
2015,11,14,6,WN,3556,N8314L,SAN,LAS,2000,1952.0,-8.0,10.0,2002.0,70.0,60.0,43.0,258,2045.0,7.0,2110,2052.0,-18.0,0,0,,0.0,0.0,0.0,0.0,0.0,2015-11-14,0,0.0,0.0,0.0,0.0,0.0
2015,11,1,7,DL,2492,N983AT,LAX,LAS,700,658.0,-2.0,15.0,713.0,69.0,66.0,42.0,236,755.0,9.0,809,804.0,-5.0,0,0,,0.0,0.0,0.0,0.0,0.0,2015-11-01,0,0.0,0.0,0.0,0.0,0.0
2015,11,10,2,WN,320,N7736A,GSP,HOU,1935,2009.0,34.0,8.0,2017.0,155.0,134.0,120.0,845,2117.0,6.0,2110,2123.0,13.0,0,0,,0.0,0.0,0.0,0.0,0.0,2015-11-10,1,0.0,0.0,0.0,0.0,0.0
2015,11,9,1,WN,243,N697SW,SJC,LAX,2125,2123.0,-2.0,8.0,2131.0,70.0,64.0,49.0,308,2220.0,7.0,2235,2227.0,-8.0,0,0,,0.0,0.0,0.0,0.0,0.0,2015-11-09,0,0.0,0.0,0.0,0.0,0.0
2015,11,2,1,F9,764,N206FR,LAS,DEN,1420,1419.0,-1.0,18.0,1437.0,107.0,114.0,80.0,628,1657.0,16.0,1707,1713.0,6.0,0,0,,0.0,0.0,0.0,0.0,0.0,2015-11-02,0,0.0,0.0,0.0,0.0,0.0
2015,10,20,2,NK,360,N605NK,12889,14057,1602,1603.0,1.0,10.0,1613.0,136.0,135.0,119.0,763,1812.0,6.0,1818,1818.0,0.0,0,0,,0.0,0.0,0.0,0.0,0.0,2015-10-20,0,0.0,0.0,0.0,0.0,0.0
2015,11,19,4,DL,1784,N909DA,ATL,ABQ,1102,1140.0,38.0,16.0,1156.0,213.0,200.0,177.0,1269,1253.0,7.0,1235,1300.0,25.0,0,0,,0.0,0.0,5.0,20.0,0.0,2015-11-19,1,0.0,0.0,13.16,52.63,0.0
2015,11,1,7,EV,4983,N868AS,DTW,CHA,832,833.0,1.0,25.0,858.0,106.0,106.0,76.0,505,1014.0,5.0,1018,1019.0,1.0,0,0,,0.0,0.0,0.0,0.0,0.0,2015-11-01,0,0.0,0.0,0.0,0.0,0.0
2015,11,19,4,AA,490,N155UW,PHL,SFO,2045,2042.0,-3.0,40.0,2122.0,377.0,413.0,366.0,2521,28.0,7.0,2,35.0,33.0,0,0,,33.0,0.0,0.0,0.0,0.0,2015-11-19,0,-1100.0,-0.0,-0.0,-0.0,-0.0
2015,10,23,5,DL,1318,N966DL,11433,14100,1555,1553.0,-2.0,12.0,1605.0,103.0,84.0,68.0,453,1713.0,4.0,1738,1717.0,-21.0,0,0,,0.0,0.0,0.0,0.0,0.0,2015-10-23,0,0.0,0.0,0.0,0.0,0.0
2015,10,29,4,UA,1456,N11206,12953,12266,729,728.0,-1.0,15.0,743.0,240.0,221.0,199.0,1416,1002.0,7.0,1029,1009.0,-20.0,0,0,,0.0,0.0,0.0,0.0,0.0,2015-10-29,0,0.0,0.0,0.0,0.0,0.0
2015,10,19,1,AS,434,N556AS,14057,12892,1315,1308.0,-7.0,13.0,1321.0,140.0,138.0,112.0,834,1513.0,13.0,1535,1526.0,-9.0,0,0,,0.0,0.0,0.0,0.0,0.0,2015-10-19,0,0.0,0.0,0.0,0.0,0.0
2015,10,17,6,AA,1840,N742PS,15304,11057,1535,1529.0,-6.0,12.0,1541.0,103.0,106.0,77.0,507,1658.0,17.0,1718,1715.0,-3.0,0,0,,0.0,0.0,0.0,0.0,0.0,2015-10-17,0,0.0,0.0,0.0,0.0,0.0
2015,11,7,6,DL,2564,N684DA,ATL,PBI,1145,1144.0,-1.0,12.0,1156.0,105.0,95.0,80.0,545,1316.0,3.0,1330,1319.0,-11.0,0,0,,0.0,0.0,0.0,0.0,0.0,2015-11-07,0,0.0,0.0,0.0,0.0,0.0
2015,10,15,4,EV,5114,N851AS,11433,11977,1942,1956.0,14.0,28.0,2024.0,80.0,85.0,54.0,287,2018.0,3.0,2002,2021.0,19.0,0,0,,5.0,0.0,14.0,0.0,0.0,2015-10-15,0,35.71,0.0,100.0,0.0,0.0
2015,11,11,3,DL,1187,N828DN,MSP,SEA,1740,1800.0,20.0,14.0,1814.0,230.0,214.0,189.0,1399,1923.0,11.0,1930,1934.0,4.0,0,0,,0.0,0.0,0.0,0.0,0.0,2015-11-11,1,0.0,0.0,0.0,0.0,0.0
2015,10,31,6,WN,3572,N914WN,11259,11540,1620,1649.0,29.0,7.0,1656.0,100.0,98.0,79.0,562,1715.0,12.0,1700,1727.0,27.0,0,0,,0.0,0.0,12.0,15.0,0.0,2015-10-31,1,0.0,0.0,41.38,51.72,0.0
2015,11,7,6,MQ,3305,N691MQ,EVV,ORD,1441,1533.0,52.0,12.0,1545.0,94.0,86.0,54.0,272,1639.0,20.0,1615,1659.0,44.0,0,0,,0.0,0.0,0.0,44.0,0.0,2015-11-07,1,0.0,0.0,0.0,84.62,0.0
2015,11,15,7,DL,2345,N326NB,EWR,MSP,830,956.0,86.0,24.0,1020.0,182.0,172.0,145.0,1008,1145.0,3.0,1032,1148.0,76.0,0,0,,0.0,0.0,76.0,0.0,0.0,2015-11-15,1,0.0,0.0,88.37,0.0,0.0
2015,10,26,1,WN,2826,N232WN,14679,10140,1925,1929.0,4.0,10.0,1939.0,100.0,93.0,78.0,628,2157.0,5.0,2205,2202.0,-3.0,0,0,,0.0,0.0,0.0,0.0,0.0,2015-10-26,0,0.0,0.0,0.0,0.0,0.0
2015,11,19,4,NK,821,N523NK,BWI,ATL,1955,1951.0,-4.0,10.0,2001.0,112.0,111.0,91.0,577,2132.0,10.0,2147,2142.0,-5.0,0,0,,0.0,0.0,0.0,0.0,0.0,2015-11-19,0,0.0,0.0,0.0,0.0,0.0
2015,11,16,1,DL,2325,N964DL,BWI,ATL,1345,1349.0,4.0,21.0,1410.0,124.0,111.0,83.0,577,1533.0,7.0,1549,1540.0,-9.0,0,0,,0.0,0.0,0.0,0.0,0.0,2015-11-16,0,0.0,0.0,0.0,0.0,0.0
2015,10,29,4,AA,1541,N3GEAA,13303,11298,700,658.0,-2.0,22.0,720.0,195.0,204.0,165.0,1121,905.0,17.0,915,922.0,7.0,0,0,,0.0,0.0,0.0,0.0,0.0,2015-10-29,0,0.0,0.0,0.0,0.0,0.0
2015,11,14,6,AS,331,N756AS,PSP,SFO,1530,1526.0,-4.0,15.0,1541.0,95.0,85.0,63.0,421,1644.0,7.0,1705,1651.0,-14.0,0,0,,0.0,0.0,0.0,0.0,0.0,2015-11-14,0,0.0,0.0,0.0,0.0,0.0
2015,10,17,6,HA,125,N477HA,13830,12173,2025,2017.0,-8.0,5.0,2022.0,36.0,35.0,25.0,100,2047.0,5.0,2101,2052.0,-9.0,0,0,,0.0,0.0,0.0,0.0,0.0,2015-10-17,0,0.0,0.0,0.0,0.0,0.0
2015,10,18,7,DL,2356,N993AT,10397,15249,918,914.0,-4.0,13.0,927.0,65.0,51.0,34.0,223,1001.0,4.0,1023,1005.0,-18.0,0,0,,0.0,0.0,0.0,0.0,0.0,2015-10-18,0,0.0,0.0,0.0,0.0,0.0
2015,10,20,2,WN,392,N758SW,12451,13232,1425,1422.0,-3.0,7.0,1429.0,145.0,133.0,121.0,849,1530.0,5.0,1550,1535.0,-15.0,0,0,,0.0,0.0,0.0,0.0,0.0,2015-10-20,0,0.0,0.0,0.0,0.0,0.0
2015,10,29,4,OO,7392,N438SW,14794,14869,637,633.0,-4.0,13.0,646.0,68.0,64.0,47.0,272,733.0,4.0,745,737.0,-8.0,0,0,,0.0,0.0,0.0,0.0,0.0,2015-10-29,0,0.0,0.0,0.0,0.0,0.0
2015,10,29,4,OO,4532,N8903A,11433,14696,1215,1212.0,-3.0,22.0,1234.0,57.0,59.0,33.0,157,1307.0,4.0,1312,1311.0,-1.0,0,0,,0.0,0.0,0.0,0.0,0.0,2015-10-29,0,0.0,0.0,0.0,0.0,0.0
2015,10,18,7,WN,55,N525SW,12191,11140,2145,2140.0,-5.0,8.0,2148.0,50.0,44.0,32.0,187,2220.0,4.0,2235,2224.0,-11.0,0,0,,0.0,0.0,0.0,0.0,0.0,2015-10-18,0,0.0,0.0,0.0,0.0,0.0
2015,11,1,7,DL,2541,N958AT,ATL,DSM,1000,955.0,-5.0,16.0,1011.0,135.0,137.0,114.0,743,1105.0,7.0,1115,1112.0,-3.0,0,0,,0.0,0.0,0.0,0.0,0.0,2015-11-01,0,0.0,0.0,0.0,0.0,0.0
2015,10,19,1,OO,7369,N447SW,11433,10333,842,838.0,-4.0,18.0,856.0,73.0,65.0,43.0,198,939.0,4.0,955,943.0,-12.0,0,0,,0.0,0.0,0.0,0.0,0.0,2015-10-19,0,0.0,0.0,0.0,0.0,0.0
2015,11,9,1,HA,556,N492HA,HNL,OGG,2000,1951.0,-9.0,14.0,2005.0,39.0,39.0,20.0,100,2025.0,5.0,2039,2030.0,-9.0,0,0,,0.0,0.0,0.0,0.0,0.0,2015-11-09,0,0.0,0.0,0.0,0.0,0.0
2015,11,2,1,HA,25,N381HA,PDX,HNL,1015,1014.0,-1.0,21.0,1035.0,370.0,356.0,328.0,2603,1403.0,7.0,1425,1410.0,-15.0,0,0,,0.0,0.0,0.0,0.0,0.0,2015-11-02,0,0.0,0.0,0.0,0.0,0.0
2015,10,28,3,WN,2298,N8619F,13232,14122,1825,1824.0,-1.0,12.0,1836.0,75.0,79.0,61.0,402,2037.0,6.0,2040,2043.0,3.0,0,0,,0.0,0.0,0.0,0.0,0.0,2015-10-28,0,0.0,0.0,0.0,0.0,0.0
2015,10,19,1,DL,896,N364NB,14869,12441,2015,2005.0,-10.0,20.0,2025.0,64.0,63.0,39.0,205,2104.0,4.0,2119,2108.0,-11.0,0,0,,0.0,0.0,0.0,0.0,0.0,2015-10-19,0,0.0,0.0,0.0,0.0,0.0
2015,10,12,1,WN,36,N902WN,13232,14730,2040,2034.0,-6.0,6.0,2040.0,65.0,57.0,44.0,271,2224.0,7.0,2245,2231.0,-14.0,0,0,,0.0,0.0,0.0,0.0,0.0,2015-10-12,0,0.0,0.0,0.0,0.0,0.0
2015,11,8,7,AA,478,N567UW,LAS,DCA,1315,1313.0,-2.0,18.0,1331.0,262.0,260.0,237.0,2089,2028.0,5.0,2037,2033.0,-4.0,0,0,,0.0,0.0,0.0,0.0,0.0,2015-11-08,0,0.0,0.0,0.0,0.0,0.0
2015,11,7,6,EV,4617,N15527,LBB,IAH,1051,1044.0,-7.0,8.0,1052.0,93.0,96.0,77.0,458,1209.0,11.0,1224,1220.0,-4.0,0,0,,0.0,0.0,0.0,0.0,0.0,2015-11-07,0,0.0,0.0,0.0,0.0,0.0
2015,10,17,6,NK,405,N658NK,13204,11298,1250,1250.0,0.0,10.0,1300.0,169.0,163.0,143.0,985,1423.0,10.0,1439,1433.0,-6.0,0,0,,0.0,0.0,0.0,0.0,0.0,2015-10-17,0,0.0,0.0,0.0,0.0,0.0
2015,11,5,4,VX,909,N282VA,LAS,SFO,1550,1547.0,-3.0,17.0,1604.0,90.0,92.0,67.0,414,1711.0,8.0,1720,1719.0,-1.0,0,0,,0.0,0.0,0.0,0.0,0.0,2015-11-05,0,0.0,0.0,0.0,0.0,0.0
2015,11,5,4,AA,1720,N708UW,CLT,MDT,1945,1941.0,-4.0,10.0,1951.0,84.0,79.0,66.0,413,2057.0,3.0,2109,2100.0,-9.0,0,0,,0.0,0.0,0.0,0.0,0.0,2015-11-05,0,0.0,0.0,0.0,0.0,0.0
2015,10,12,1,WN,1098,N200WN,15304,10397,1740,1740.0,0.0,16.0,1756.0,95.0,91.0,67.0,406,1903.0,8.0,1915,1911.0,-4.0,0,0,,0.0,0.0,0.0,0.0,0.0,2015-10-12,0,0.0,0.0,0.0,0.0,0.0
2015,11,3,2,AA,2153,N963UW,LGA,DCA,1900,1853.0,-7.0,15.0,1908.0,81.0,67.0,44.0,214,1952.0,8.0,2021,2000.0,-21.0,0,0,,0.0,0.0,0.0,0.0,0.0,2015-11-03,0,0.0,0.0,0.0,0.0,0.0
2015,11,19,4,DL,15,N548US,ATL,RSW,1659,1703.0,4.0,13.0,1716.0,99.0,93.0,74.0,515,1830.0,6.0,1838,1836.0,-2.0,0,0,,0.0,0.0,0.0,0.0,0.0,2015-11-19,0,0.0,0.0,0.0,0.0,0.0
2015,11,15,7,AA,623,N545UW,PHX,SAN,1115,1109.0,-6.0,27.0,1136.0,76.0,87.0,56.0,304,1132.0,4.0,1131,1136.0,5.0,0,0,,0.0,0.0,0.0,0.0,0.0,2015-11-15,0,0.0,0.0,0.0,0.0,0.0
2015,11,4,3,WN,1846,N933WN,PHX,BUR,1050,1054.0,4.0,11.0,1105.0,90.0,81.0,66.0,369,1111.0,4.0,1120,1115.0,-5.0,0,0,,0.0,0.0,0.0,0.0,0.0,2015-11-04,0,0.0,0.0,0.0,0.0,0.0
2015,10,20,2,AA,1543,N3GJAA,11697,11298,900,850.0,-10.0,16.0,906.0,192.0,198.0,164.0,1119,1050.0,18.0,1112,1108.0,-4.0,0,0,,0.0,0.0,0.0,0.0,0.0,2015-10-20,0,0.0,0.0,0.0,0.0,0.0
2015,11,18,3,OO,2921,N417SW,CHO,ORD,1133,1241.0,68.0,13.0,1254.0,132.0,128.0,105.0,566,1339.0,10.0,1245,1349.0,64.0,0,0,,50.0,0.0,0.0,14.0,0.0,2015-11-18,1,73.53,0.0,0.0,20.59,0.0
2015,10,31,6,F9,1251,N223FR,14100,13930,1800,1829.0,29.0,23.0,1852.0,140.0,156.0,119.0,678,1951.0,14.0,1920,2005.0,45.0,0,0,,16.0,0.0,29.0,0.0,0.0,2015-10-31,1,55.17,0.0,100.0,0.0,0.0
2015,10,13,2,EV,5315,N856AS,13277,10397,700,658.0,-2.0,36.0,734.0,61.0,81.0,35.0,147,909.0,10.0,901,919.0,18.0,0,0,,18.0,0.0,0.0,0.0,0.0,2015-10-13,0,-900.0,-0.0,-0.0,-0.0,-0.0
2015,11,10,2,DL,1466,N327NW,GSO,ATL,1658,1657.0,-1.0,20.0,1717.0,92.0,81.0,54.0,306,1811.0,7.0,1830,1818.0,-12.0,0,0,,0.0,0.0,0.0,0.0,0.0,2015-11-10,0,0.0,0.0,0.0,0.0,0.0
2015,11,13,5,WN,2720,N278WN,CLT,MDW,1640,1649.0,9.0,23.0,1712.0,120.0,118.0,90.0,584,1742.0,5.0,1740,1747.0,7.0,0,0,,0.0,0.0,0.0,0.0,0.0,2015-11-13,0,0.0,0.0,0.0,0.0,0.0
2015,11,12,4,WN,1669,N784SW,DCA,MDW,1330,1324.0,-6.0,12.0,1336.0,125.0,118.0,101.0,601,1417.0,5.0,1435,1422.0,-13.0,0,0,,0.0,0.0,0.0,0.0,0.0,2015-11-12,0,0.0,0.0,0.0,0.0,0.0
2015,10,12,1,OO,5223,N105SY,14869,14771,845,843.0,-2.0,19.0,902.0,136.0,124.0,102.0,599,944.0,3.0,1001,947.0,-14.0,0,0,,0.0,0.0,0.0,0.0,0.0,2015-10-12,0,0.0,0.0,0.0,0.0,0.0
2015,10,30,5,MQ,3286,N515MQ,12992,13930,600,557.0,-3.0,22.0,619.0,112.0,110.0,77.0,552,736.0,11.0,752,747.0,-5.0,0,0,,0.0,0.0,0.0,0.0,0.0,2015-10-30,0,0.0,0.0,0.0,0.0,0.0
2015,10,24,6,WN,3248,N653SW,13204,10397,1250,1251.0,1.0,13.0,1304.0,95.0,82.0,61.0,404,1405.0,8.0,1425,1413.0,-12.0,0,0,,0.0,0.0,0.0,0.0,0.0,2015-10-24,0,0.0,0.0,0.0,0.0,0.0
2015,10,25,7,WN,58,N523SW,11259,10279,2135,2126.0,-9.0,7.0,2133.0,70.0,61.0,50.0,323,2223.0,4.0,2245,2227.0,-18.0,0,0,,0.0,0.0,0.0,0.0,0.0,2015-10-25,0,0.0,0.0,0.0,0.0,0.0
2015,11,6,5,AS,653,N303AS,DFW,SEA,1320,1310.0,-10.0,10.0,1320.0,255.0,234.0,216.0,1660,1456.0,8.0,1535,1504.0,-31.0,0,0,,0.0,0.0,0.0,0.0,0.0,2015-11-06,0,0.0,0.0,0.0,0.0,0.0
2015,11,12,4,AA,1172,N5EXAA,BOS,MIA,1825,1909.0,44.0,14.0,1923.0,217.0,198.0,180.0,1258,2223.0,4.0,2202,2227.0,25.0,0,0,,0.0,0.0,8.0,17.0,0.0,2015-11-12,1,0.0,0.0,18.18,38.64,0.0
2015,10,11,7,VX,90,N638VA,14771,12264,1455,1513.0,18.0,29.0,1542.0,300.0,312.0,275.0,2419,2317.0,8.0,2255,2325.0,30.0,0,0,,30.0,0.0,0.0,0.0,0.0,2015-10-11,1,166.67,0.0,0.0,0.0,0.0
2015,11,9,1,HA,125,N479HA,OGG,HNL,2014,2010.0,-4.0,6.0,2016.0,34.0,33.0,20.0,100,2036.0,7.0,2048,2043.0,-5.0,0,0,,0.0,0.0,0.0,0.0,0.0,2015-11-09,0,0.0,0.0,0.0,0.0,0.0
2015,11,6,5,OO,5507,N705SK,DEN,FSD,1948,1947.0,-1.0,66.0,2053.0,91.0,136.0,66.0,483,2259.0,4.0,2219,2303.0,44.0,0,0,,44.0,0.0,0.0,0.0,0.0,2015-11-06,0,-4400.0,-0.0,-0.0,-0.0,-0.0
2015,10,11,7,UA,583,N429UA,12264,11292,1648,1650.0,2.0,16.0,1706.0,233.0,242.0,190.0,1452,1816.0,36.0,1841,1852.0,11.0,0,0,,0.0,0.0,0.0,0.0,0.0,2015-10-11,0,0.0,0.0,0.0,0.0,0.0
2015,11,7,6,EV,5295,N761ND,RIC,BOS,915,1017.0,62.0,10.0,1027.0,92.0,76.0,60.0,474,1127.0,6.0,1047,1133.0,46.0,0,0,,0.0,0.0,46.0,0.0,0.0,2015-11-07,1,0.0,0.0,74.19,0.0,0.0
2015,10,25,7,OO,4519,N439SW,13487,10627,1311,1307.0,-4.0,18.0,1325.0,89.0,86.0,66.0,386,1431.0,2.0,1440,1433.0,-7.0,0,0,,0.0,0.0,0.0,0.0,0.0,2015-10-25,0,0.0,0.0,0.0,0.0,0.0
2015,11,5,4,UA,410,N35260,SMF,DEN,535,535.0,0.0,11.0,546.0,143.0,141.0,116.0,909,842.0,14.0,858,856.0,-2.0,0,0,,0.0,0.0,0.0,0.0,0.0,2015-11-05,0,0.0,0.0,0.0,0.0,0.0
2015,11,19,4,B6,1516,N935JB,SFO,JFK,2110,439.0,449.0,9.0,448.0,315.0,280.0,268.0,2586,1216.0,3.0,525,1219.0,414.0,0,0,,0.0,0.0,306.0,108.0,0.0,2015-11-19,1,0.0,0.0,68.15,24.05,0.0
2015,10,28,3,WN,1070,N7734H,14730,13232,1115,1152.0,37.0,11.0,1203.0,70.0,61.0,45.0,271,1148.0,5.0,1125,1153.0,28.0,0,0,,0.0,0.0,1.0,27.0,0.0,2015-10-28,1,0.0,0.0,2.7,72.97,0.0
2015,10,24,6,WN,4990,N786SW,13232,13198,855,854.0,-1.0,6.0,900.0,90.0,86.0,75.0,405,1015.0,5.0,1025,1020.0,-5.0,0,0,,0.0,0.0,0.0,0.0,0.0,2015-10-24,0,0.0,0.0,0.0,0.0,0.0
2015,11,16,1,WN,946,N485WN,MDW,CMH,2200,2230.0,30.0,8.0,2238.0,65.0,54.0,41.0,283,19.0,5.0,5,24.0,19.0,0,0,,0.0,0.0,5.0,14.0,0.0,2015-11-16,1,0.0,0.0,16.67,46.67,0.0
2015,11,17,2,EV,4119,N12922,EWR,RIC,2205,2211.0,6.0,11.0,2222.0,82.0,67.0,47.0,277,2309.0,9.0,2327,2318.0,-9.0,0,0,,0.0,0.0,0.0,0.0,0.0,2015-11-17,0,0.0,0.0,0.0,0.0,0.0
2015,11,18,3,EV,4739,N16541,SDF,IAH,1633,1658.0,25.0,10.0,1708.0,152.0,148.0,131.0,788,1819.0,7.0,1805,1826.0,21.0,0,0,,21.0,0.0,0.0,0.0,0.0,2015-11-18,1,84.0,0.0,0.0,0.0,0.0
2015,11,16,1,WN,1153,N276WN,MDW,BNA,1905,1915.0,10.0,8.0,1923.0,80.0,76.0,61.0,395,2024.0,7.0,2025,2031.0,6.0,0,0,,0.0,0.0,0.0,0.0,0.0,2015-11-16,0,0.0,0.0,0.0,0.0,0.0
2015,11,15,7,UA,307,N37422,BWI,LAX,1815,1821.0,6.0,12.0,1833.0,364.0,353.0,329.0,2329,2102.0,12.0,2119,2114.0,-5.0,0,0,,0.0,0.0,0.0,0.0,0.0,2015-11-15,0,0.0,0.0,0.0,0.0,0.0
2015,10,11,7,HA,179,N478HA,12402,13830,1705,1706.0,1.0,9.0,1715.0,39.0,39.0,25.0,121,1740.0,5.0,1744,1745.0,1.0,0,0,,0.0,0.0,0.0,0.0,0.0,2015-10-11,0,0.0,0.0,0.0,0.0,0.0
2015,11,4,3,VX,352,N852VA,SFO,BOS,925,922.0,-3.0,15.0,937.0,340.0,348.0,312.0,2704,1749.0,21.0,1805,1810.0,5.0,0,0,,0.0,0.0,0.0,0.0,0.0,2015-11-04,0,0.0,0.0,0.0,0.0,0.0
2015,10,23,5,AA,416,N125UW,11057,11697,2020,2018.0,-2.0,39.0,2057.0,115.0,127.0,86.0,632,2223.0,2.0,2215,2225.0,10.0,0,0,,0.0,0.0,0.0,0.0,0.0,2015-10-23,0,0.0,0.0,0.0,0.0,0.0
2015,11,8,7,EV,4514,N15980,CID,ORD,1358,1359.0,1.0,15.0,1414.0,72.0,63.0,37.0,196,1451.0,11.0,1510,1502.0,-8.0,0,0,,0.0,0.0,0.0,0.0,0.0,2015-11-08,0,0.0,0.0,0.0,0.0,0.0
2015,11,13,5,UA,1861,N12116,EWR,LAX,1300,1302.0,2.0,17.0,1319.0,380.0,340.0,317.0,2454,1536.0,6.0,1620,1542.0,-38.0,0,0,,0.0,0.0,0.0,0.0,0.0,2015-11-13,0,0.0,0.0,0.0,0.0,0.0
2015,10,21,3,DL,15,N841DN,10397,14869,1641,1639.0,-2.0,16.0,1655.0,249.0,230.0,210.0,1590,1825.0,4.0,1850,1829.0,-21.0,0,0,,0.0,0.0,0.0,0.0,0.0,2015-10-21,0,0.0,0.0,0.0,0.0,0.0
2015,11,10,2,DL,1765,N952DN,TPA,MSP,800,756.0,-4.0,13.0,809.0,201.0,196.0,179.0,1306,1008.0,4.0,1021,1012.0,-9.0,0,0,,0.0,0.0,0.0,0.0,0.0,2015-11-10,0,0.0,0.0,0.0,0.0,0.0
2015,11,4,3,UA,675,N38727,ORD,DEN,716,709.0,-7.0,24.0,733.0,168.0,160.0,124.0,888,837.0,12.0,904,849.0,-15.0,0,0,,0.0,0.0,0.0,0.0,0.0,2015-11-04,0,0.0,0.0,0.0,0.0,0.0
2015,10,21,3,AA,562,N539UW,14107,10721,1515,1540.0,25.0,18.0,1558.0,294.0,294.0,266.0,2300,2324.0,10.0,2309,2334.0,25.0,0,0,,0.0,0.0,8.0,17.0,0.0,2015-10-21,1,0.0,0.0,32.0,68.0,0.0
2015,11,16,1,AA,459,N154UW,PHX,DEN,939,1009.0,30.0,20.0,1029.0,110.0,100.0,75.0,602,1144.0,5.0,1129,1149.0,20.0,0,0,,0.0,0.0,20.0,0.0,0.0,2015-11-16,1,0.0,0.0,66.67,0.0,0.0
2015,10,27,2,UA,833,N804UA,11042,12892,1826,1834.0,8.0,11.0,1845.0,326.0,287.0,270.0,2052,2015.0,6.0,2052,2021.0,-31.0,0,0,,0.0,0.0,0.0,0.0,0.0,2015-10-27,0,0.0,0.0,0.0,0.0,0.0
2015,11,16,1,WN,1472,N455WN,FLL,DCA,1625,1620.0,-5.0,15.0,1635.0,145.0,143.0,124.0,899,1839.0,4.0,1850,1843.0,-7.0,0,0,,0.0,0.0,0.0,0.0,0.0,2015-11-16,0,0.0,0.0,0.0,0.0,0.0
2015,11,14,6,AS,629,N302AS,LAS,PDX,650,636.0,-14.0,20.0,656.0,135.0,133.0,109.0,763,845.0,4.0,905,849.0,-16.0,0,0,,0.0,0.0,0.0,0.0,0.0,2015-11-14,0,0.0,0.0,0.0,0.0,0.0
2015,10,22,4,OO,4561,N675BR,14831,14869,1625,1622.0,-3.0,15.0,1637.0,114.0,120.0,99.0,584,1916.0,6.0,1919,1922.0,3.0,0,0,,0.0,0.0,0.0,0.0,0.0,2015-10-22,0,0.0,0.0,0.0,0.0,0.0
2015,10,20,2,EV,3265,N16561,12266,14685,744,734.0,-10.0,14.0,748.0,136.0,136.0,119.0,851,1047.0,3.0,1100,1050.0,-10.0,0,0,,0.0,0.0,0.0,0.0,0.0,2015-10-20,0,0.0,0.0,0.0,0.0,0.0
2015,10,26,1,F9,907,N927FR,15356,14492,1810,1802.0,-8.0,8.0,1810.0,82.0,82.0,68.0,373,1918.0,6.0,1932,1924.0,-8.0,0,0,,0.0,0.0,0.0,0.0,0.0,2015-10-26,0,0.0,0.0,0.0,0.0,0.0
2015,10,18,7,OO,6243,N758SK,11298,13930,1739,1820.0,41.0,16.0,1836.0,146.0,142.0,109.0,802,2025.0,17.0,2005,2042.0,37.0,0,0,,0.0,0.0,0.0,37.0,0.0,2015-10-18,1,0.0,0.0,0.0,90.24,0.0
2015,11,17,2,NK,763,N627NK,MSP,LAS,2210,2203.0,-7.0,10.0,2213.0,203.0,182.0,168.0,1299,2301.0,4.0,2333,2305.0,-28.0,0,0,,0.0,0.0,0.0,0.0,0.0,2015-11-17,0,0.0,0.0,0.0,0.0,0.0
2015,11,16,1,DL,1212,N591NW,HNL,LAX,2231,2230.0,-1.0,23.0,2253.0,322.0,323.0,292.0,2556,545.0,8.0,553,553.0,0.0,0,0,,0.0,0.0,0.0,0.0,0.0,2015-11-16,0,0.0,0.0,0.0,0.0,0.0
2015,11,13,5,AA,2383,N867AA,MCO,DFW,650,645.0,-5.0,15.0,700.0,181.0,165.0,140.0,985,820.0,10.0,851,830.0,-21.0,0,0,,0.0,0.0,0.0,0.0,0.0,2015-11-13,0,0.0,0.0,0.0,0.0,0.0
2015,10,15,4,DL,1915,N904DA,10397,13487,1910,1909.0,-1.0,19.0,1928.0,168.0,165.0,137.0,907,2045.0,9.0,2058,2054.0,-4.0,0,0,,0.0,0.0,0.0,0.0,0.0,2015-10-15,0,0.0,0.0,0.0,0.0,0.0
2015,11,12,4,WN,1401,N8649A,LAS,DAL,855,854.0,-1.0,15.0,909.0,160.0,142.0,123.0,1067,1312.0,4.0,1335,1316.0,-19.0,0,0,,0.0,0.0,0.0,0.0,0.0,2015-11-12,0,0.0,0.0,0.0,0.0,0.0
2015,10,17,6,UA,1599,N45440,12266,12889,1447,1456.0,9.0,14.0,1510.0,202.0,177.0,156.0,1222,1546.0,7.0,1609,1553.0,-16.0,0,0,,0.0,0.0,0.0,0.0,0.0,2015-10-17,0,0.0,0.0,0.0,0.0,0.0
2015,11,10,2,WN,2560,N712SW,ONT,PHX,1200,1212.0,12.0,7.0,1219.0,70.0,61.0,48.0,325,1407.0,6.0,1410,1413.0,3.0,0,0,,0.0,0.0,0.0,0.0,0.0,2015-11-10,0,0.0,0.0,0.0,0.0,0.0
2015,10,24,6,B6,1504,N789JB,14843,12478,600,554.0,-6.0,10.0,604.0,228.0,225.0,210.0,1598,934.0,5.0,948,939.0,-9.0,0,0,,0.0,0.0,0.0,0.0,0.0,2015-10-24,0,0.0,0.0,0.0,0.0,0.0
2015,11,7,6,UA,721,N68836,DEN,SFO,1126,1133.0,7.0,12.0,1145.0,175.0,142.0,126.0,967,1251.0,4.0,1321,1255.0,-26.0,0,0,,0.0,0.0,0.0,0.0,0.0,2015-11-07,0,0.0,0.0,0.0,0.0,0.0
2015,10,25,7,DL,1568,N371NB,10257,13487,630,628.0,-2.0,10.0,638.0,165.0,170.0,153.0,980,811.0,7.0,815,818.0,3.0,0,0,,0.0,0.0,0.0,0.0,0.0,2015-10-25,0,0.0,0.0,0.0,0.0,0.0
2015,11,11,3,WN,329,N491WN,HOU,MCO,1015,1011.0,-4.0,14.0,1025.0,130.0,126.0,107.0,849,1312.0,5.0,1325,1317.0,-8.0,0,0,,0.0,0.0,0.0,0.0,0.0,2015-11-11,0,0.0,0.0,0.0,0.0,0.0
2015,11,5,4,OO,5511,N796SK,ORD,COS,1921,1921.0,0.0,45.0,2006.0,159.0,190.0,141.0,911,2127.0,4.0,2100,2131.0,31.0,0,0,,31.0,0.0,0.0,0.0,0.0,2015-11-05,0,inf,0.0,0.0,0.0,0.0
2015,10,17,6,NK,734,N512NK,11298,11433,2015,2011.0,-4.0,18.0,2029.0,151.0,149.0,125.0,986,2334.0,6.0,2346,2340.0,-6.0,0,0,,0.0,0.0,0.0,0.0,0.0,2015-10-17,0,0.0,0.0,0.0,0.0,0.0
2015,11,19,4,OO,5170,N771SK,IAH,SAT,1016,1045.0,29.0,24.0,1109.0,65.0,65.0,38.0,191,1147.0,3.0,1121,1150.0,29.0,0,0,,0.0,0.0,29.0,0.0,0.0,2015-11-19,1,0.0,0.0,100.0,0.0,0.0
2015,10,14,3,OO,5424,N984CA,11292,12255,1510,1503.0,-7.0,12.0,1515.0,70.0,60.0,43.0,298,1658.0,5.0,1720,1703.0,-17.0,0,0,,0.0,0.0,0.0,0.0,0.0,2015-10-14,0,0.0,0.0,0.0,0.0,0.0
2015,10,19,1,OO,5412,N959SW,13342,13930,1937,1926.0,-11.0,15.0,1941.0,52.0,49.0,20.0,67,2001.0,14.0,2029,2015.0,-14.0,0,0,,0.0,0.0,0.0,0.0,0.0,2015-10-19,0,0.0,0.0,0.0,0.0,0.0
2015,10,19,1,EV,5999,N16919,15370,13930,1102,1102.0,0.0,13.0,1115.0,117.0,114.0,85.0,585,1240.0,16.0,1259,1256.0,-3.0,0,0,,0.0,0.0,0.0,0.0,0.0,2015-10-19,0,0.0,0.0,0.0,0.0,0.0
2015,10,31,6,UA,463,N832UA,12953,13930,800,752.0,-8.0,14.0,806.0,164.0,162.0,130.0,733,916.0,18.0,944,934.0,-10.0,0,0,,0.0,0.0,0.0,0.0,0.0,2015-10-31,0,0.0,0.0,0.0,0.0,0.0
2015,10,15,4,DL,323,N684DA,10397,14843,820,818.0,-2.0,13.0,831.0,214.0,201.0,183.0,1547,1134.0,5.0,1154,1139.0,-15.0,0,0,,0.0,0.0,0.0,0.0,0.0,2015-10-15,0,0.0,0.0,0.0,0.0,0.0
2015,11,1,7,DL,1694,N977AT,DTW,STL,1705,1701.0,-4.0,15.0,1716.0,110.0,94.0,73.0,440,1729.0,6.0,1755,1735.0,-20.0,0,0,,0.0,0.0,0.0,0.0,0.0,2015-11-01,0,0.0,0.0,0.0,0.0,0.0
2015,10,24,6,B6,1251,N273JB,12197,14635,700,743.0,43.0,16.0,759.0,179.0,171.0,151.0,1102,1030.0,4.0,959,1034.0,35.0,0,0,,0.0,0.0,35.0,0.0,0.0,2015-10-24,1,0.0,0.0,81.4,0.0,0.0
2015,11,19,4,AA,1756,N745VJ,CLT,BDL,955,1013.0,18.0,28.0,1041.0,122.0,116.0,85.0,644,1206.0,3.0,1157,1209.0,12.0,0,0,,0.0,0.0,0.0,0.0,0.0,2015-11-19,1,0.0,0.0,0.0,0.0,0.0
2015,11,6,5,EV,4494,N12135,AMA,IAH,749,925.0,96.0,13.0,938.0,103.0,95.0,76.0,517,1054.0,6.0,932,1100.0,88.0,0,0,,0.0,0.0,88.0,0.0,0.0,2015-11-06,1,0.0,0.0,91.67,0.0,0.0
2015,11,17,2,WN,1964,N732SW,MKE,LAS,530,529.0,-1.0,11.0,540.0,245.0,229.0,200.0,1524,700.0,18.0,735,718.0,-17.0,0,0,,0.0,0.0,0.0,0.0,0.0,2015-11-17,0,0.0,0.0,0.0,0.0,0.0
2015,10,17,6,AA,1942,N737US,14524,11057,655,655.0,0.0,11.0,706.0,77.0,67.0,50.0,257,756.0,6.0,812,802.0,-10.0,0,0,,0.0,0.0,0.0,0.0,0.0,2015-10-17,0,0.0,0.0,0.0,0.0,0.0
2015,10,29,4,WN,3059,N562WN,12889,14057,1510,1509.0,-1.0,13.0,1522.0,135.0,151.0,134.0,763,1736.0,4.0,1725,1740.0,15.0,0,0,,15.0,0.0,0.0,0.0,0.0,2015-10-29,0,-1500.0,-0.0,-0.0,-0.0,-0.0
2015,11,3,2,AA,1785,N725UW,CLT,ORF,2230,2223.0,-7.0,21.0,2244.0,66.0,69.0,45.0,290,2329.0,3.0,2336,2332.0,-4.0,0,0,,0.0,0.0,0.0,0.0,0.0,2015-11-03,0,0.0,0.0,0.0,0.0,0.0
2015,11,12,4,EV,4146,N25134,SHV,IAH,1716,1709.0,-7.0,16.0,1725.0,65.0,75.0,44.0,192,1809.0,15.0,1821,1824.0,3.0,0,0,,0.0,0.0,0.0,0.0,0.0,2015-11-12,0,0.0,0.0,0.0,0.0,0.0
2015,11,5,4,MQ,3307,N508MQ,DFW,XNA,1540,1617.0,37.0,24.0,1641.0,66.0,94.0,61.0,280,1742.0,9.0,1646,1751.0,65.0,0,0,,28.0,0.0,35.0,2.0,0.0,2015-11-05,1,75.68,0.0,94.59,5.41,0.0
2015,11,14,6,WN,1172,N949WN,STL,MKE,1310,1308.0,-2.0,7.0,1315.0,70.0,63.0,50.0,317,1405.0,6.0,1420,1411.0,-9.0,0,0,,0.0,0.0,0.0,0.0,0.0,2015-11-14,0,0.0,0.0,0.0,0.0,0.0
2015,10,15,4,F9,1161,N220FR,11042,13204,655,655.0,0.0,10.0,705.0,145.0,152.0,125.0,895,910.0,17.0,920,927.0,7.0,0,0,,0.0,0.0,0.0,0.0,0.0,2015-10-15,0,0.0,0.0,0.0,0.0,0.0
2015,11,17,2,WN,488,N921WN,SFO,SNA,1505,1504.0,-1.0,9.0,1513.0,90.0,76.0,63.0,372,1616.0,4.0,1635,1620.0,-15.0,0,0,,0.0,0.0,0.0,0.0,0.0,2015-11-17,0,0.0,0.0,0.0,0.0,0.0
2015,11,6,5,HA,211,N476HA,OGG,LIH,1129,1125.0,-4.0,10.0,1135.0,47.0,50.0,34.0,201,1209.0,6.0,1216,1215.0,-1.0,0,0,,0.0,0.0,0.0,0.0,0.0,2015-11-06,0,0.0,0.0,0.0,0.0,0.0
2015,11,19,4,DL,2117,N360NW,ATL,COS,1920,1930.0,10.0,19.0,1949.0,199.0,202.0,179.0,1184,2048.0,4.0,2039,2052.0,13.0,0,0,,0.0,0.0,0.0,0.0,0.0,2015-11-19,0,0.0,0.0,0.0,0.0,0.0
2015,10,22,4,WN,843,N8312C,11259,12889,1500,1456.0,-4.0,57.0,1553.0,175.0,226.0,162.0,1067,1635.0,7.0,1555,1642.0,47.0,0,0,,47.0,0.0,0.0,0.0,0.0,2015-10-22,0,-1175.0,-0.0,-0.0,-0.0,-0.0
2015,11,20,5,WN,3035,N717SA,OMA,LAS,700,755.0,55.0,7.0,802.0,180.0,176.0,165.0,1099,847.0,4.0,800,851.0,51.0,0,0,,0.0,0.0,51.0,0.0,0.0,2015-11-20,1,0.0,0.0,92.73,0.0,0.0
2015,10,31,6,DL,867,N995AT,10397,12264,1135,1133.0,-2.0,12.0,1145.0,101.0,95.0,80.0,534,1305.0,3.0,1316,1308.0,-8.0,0,0,,0.0,0.0,0.0,0.0,0.0,2015-10-31,0,0.0,0.0,0.0,0.0,0.0
2015,10,16,5,AA,1864,N730US,11057,11278,1640,1641.0,1.0,26.0,1707.0,85.0,80.0,48.0,331,1755.0,6.0,1805,1801.0,-4.0,0,0,,0.0,0.0,0.0,0.0,0.0,2015-10-16,0,0.0,0.0,0.0,0.0,0.0
2015,10,16,5,B6,1515,N929JB,12478,14771,1932,1926.0,-6.0,19.0,1945.0,386.0,382.0,355.0,2586,2240.0,8.0,2258,2248.0,-10.0,0,0,,0.0,0.0,0.0,0.0,0.0,2015-10-16,0,0.0,0.0,0.0,0.0,0.0
2015,10,20,2,OO,6531,N771SK,14683,12892,1235,1226.0,-9.0,14.0,1240.0,195.0,195.0,170.0,1211,1330.0,11.0,1350,1341.0,-9.0,0,0,,0.0,0.0,0.0,0.0,0.0,2015-10-20,0,0.0,0.0,0.0,0.0,0.0
2015,10,25,7,AS,164,N762AS,10299,10165,1450,1441.0,-9.0,8.0,1449.0,192.0,179.0,167.0,1192,1636.0,4.0,1702,1640.0,-22.0,0,0,,0.0,0.0,0.0,0.0,0.0,2015-10-25,0,0.0,0.0,0.0,0.0,0.0
2015,11,7,6,B6,298,N746JB,MCO,LGA,1010,1005.0,-5.0,16.0,1021.0,149.0,139.0,118.0,950,1219.0,5.0,1239,1224.0,-15.0,0,0,,0.0,0.0,0.0,0.0,0.0,2015-11-07,0,0.0,0.0,0.0,0.0,0.0
2015,11,8,7,UA,499,N826UA,MSY,ORD,1545,1539.0,-6.0,10.0,1549.0,156.0,143.0,112.0,837,1741.0,21.0,1821,1802.0,-19.0,0,0,,0.0,0.0,0.0,0.0,0.0,2015-11-08,0,0.0,0.0,0.0,0.0,0.0
2015,11,3,2,WN,1118,N251WN,RDU,FLL,1410,1407.0,-3.0,8.0,1415.0,120.0,106.0,93.0,680,1548.0,5.0,1610,1553.0,-17.0,0,0,,0.0,0.0,0.0,0.0,0.0,2015-11-03,0,0.0,0.0,0.0,0.0,0.0
2015,10,26,1,WN,2834,N941WN,14679,14831,750,746.0,-4.0,10.0,756.0,80.0,76.0,63.0,417,859.0,3.0,910,902.0,-8.0,0,0,,0.0,0.0,0.0,0.0,0.0,2015-10-26,0,0.0,0.0,0.0,0.0,0.0
2015,11,18,3,OO,4737,N447SW,MSP,DIK,1958,1955.0,-3.0,35.0,2030.0,111.0,109.0,70.0,481,2040.0,4.0,2049,2044.0,-5.0,0,0,,0.0,0.0,0.0,0.0,0.0,2015-11-18,0,0.0,0.0,0.0,0.0,0.0
2015,10,27,2,DL,354,N698DL,14747,14869,1130,1130.0,0.0,20.0,1150.0,114.0,111.0,87.0,689,1417.0,4.0,1424,1421.0,-3.0,0,0,,0.0,0.0,0.0,0.0,0.0,2015-10-27,0,0.0,0.0,0.0,0.0,0.0
2015,11,9,1,DL,1146,N541US,DAB,ATL,715,712.0,-3.0,13.0,725.0,86.0,82.0,59.0,366,824.0,10.0,841,834.0,-7.0,0,0,,0.0,0.0,0.0,0.0,0.0,2015-11-09,0,0.0,0.0,0.0,0.0,0.0
2015,10,29,4,DL,1685,N934DL,12953,13204,1134,1144.0,10.0,12.0,1156.0,185.0,163.0,144.0,950,1420.0,7.0,1439,1427.0,-12.0,0,0,,0.0,0.0,0.0,0.0,0.0,2015-10-29,0,0.0,0.0,0.0,0.0,0.0
2015,10,15,4,AS,124,N614AS,11630,14747,1715,1705.0,-10.0,10.0,1715.0,215.0,229.0,205.0,1533,2140.0,14.0,2150,2154.0,4.0,0,0,,0.0,0.0,0.0,0.0,0.0,2015-10-15,0,0.0,0.0,0.0,0.0,0.0
2015,11,7,6,AA,2027,N912UY,SEA,PHX,1500,1455.0,-5.0,17.0,1512.0,163.0,172.0,150.0,1107,1842.0,5.0,1843,1847.0,4.0,0,0,,0.0,0.0,0.0,0.0,0.0,2015-11-07,0,0.0,0.0,0.0,0.0,0.0
2015,11,14,6,UA,326,N66841,MCO,IAD,1426,1422.0,-4.0,16.0,1438.0,128.0,124.0,100.0,758,1618.0,8.0,1634,1626.0,-8.0,0,0,,0.0,0.0,0.0,0.0,0.0,2015-11-14,0,0.0,0.0,0.0,0.0,0.0
2015,10,29,4,DL,1761,N699DL,14100,10397,1535,1532.0,-3.0,30.0,1602.0,135.0,142.0,108.0,666,1750.0,4.0,1750,1754.0,4.0,0,0,,0.0,0.0,0.0,0.0,0.0,2015-10-29,0,0.0,0.0,0.0,0.0,0.0
2015,11,8,7,UA,599,N12225,BOS,ORD,1628,1626.0,-2.0,13.0,1639.0,174.0,167.0,129.0,867,1748.0,25.0,1822,1813.0,-9.0,0,0,,0.0,0.0,0.0,0.0,0.0,2015-11-08,0,0.0,0.0,0.0,0.0,0.0
2015,10,19,1,EV,5102,N138EV,10397,13277,1350,1351.0,1.0,15.0,1406.0,52.0,49.0,32.0,147,1338.0,2.0,1342,1340.0,-2.0,0,0,,0.0,0.0,0.0,0.0,0.0,2015-10-19,0,0.0,0.0,0.0,0.0,0.0
2015,10,27,2,DL,1803,N917DN,14492,10397,1330,1325.0,-5.0,25.0,1350.0,92.0,100.0,68.0,356,1458.0,7.0,1502,1505.0,3.0,0,0,,0.0,0.0,0.0,0.0,0.0,2015-10-27,0,0.0,0.0,0.0,0.0,0.0
2015,11,18,3,AA,1136,N555AA,DSM,DFW,544,540.0,-4.0,11.0,551.0,131.0,110.0,93.0,624,724.0,6.0,755,730.0,-25.0,0,0,,0.0,0.0,0.0,0.0,0.0,2015-11-18,0,0.0,0.0,0.0,0.0,0.0
2015,11,14,6,UA,1426,N69888,SJU,IAH,1659,1654.0,-5.0,12.0,1706.0,302.0,287.0,261.0,2007,1927.0,14.0,2001,1941.0,-20.0,0,0,,0.0,0.0,0.0,0.0,0.0,2015-11-14,0,0.0,0.0,0.0,0.0,0.0
2015,10,15,4,F9,527,N208FR,11042,11292,1655,1702.0,7.0,8.0,1710.0,199.0,203.0,188.0,1201,1818.0,7.0,1814,1825.0,11.0,0,0,,0.0,0.0,0.0,0.0,0.0,2015-10-15,0,0.0,0.0,0.0,0.0,0.0
2015,10,20,2,UA,1577,N38459,14843,11618,1445,1446.0,1.0,14.0,1500.0,255.0,242.0,219.0,1608,1839.0,9.0,1900,1848.0,-12.0,0,0,,0.0,0.0,0.0,0.0,0.0,2015-10-20,0,0.0,0.0,0.0,0.0,0.0
2015,10,17,6,B6,745,N784JB,12478,14254,2359,2355.0,-4.0,18.0,13.0,233.0,223.0,201.0,1617,334.0,4.0,352,338.0,-14.0,0,0,,0.0,0.0,0.0,0.0,0.0,2015-10-17,0,0.0,0.0,0.0,0.0,0.0
2015,11,6,5,DL,1128,N838DN,PHX,ATL,630,629.0,-1.0,15.0,644.0,208.0,190.0,171.0,1587,1135.0,4.0,1158,1139.0,-19.0,0,0,,0.0,0.0,0.0,0.0,0.0,2015-11-06,0,0.0,0.0,0.0,0.0,0.0
2015,11,2,1,DL,2804,N943DN,ATL,IND,2208,2203.0,-5.0,21.0,2224.0,93.0,86.0,61.0,432,2325.0,4.0,2341,2329.0,-12.0,0,0,,0.0,0.0,0.0,0.0,0.0,2015-11-02,0,0.0,0.0,0.0,0.0,0.0
2015,11,13,5,OO,6416,N702SK,SFO,ABQ,1101,1053.0,-8.0,25.0,1118.0,144.0,154.0,122.0,896,1420.0,7.0,1425,1427.0,2.0,0,0,,0.0,0.0,0.0,0.0,0.0,2015-11-13,0,0.0,0.0,0.0,0.0,0.0
2015,11,9,1,AA,496,N661AW,PHX,DEN,2255,2253.0,-2.0,11.0,2304.0,102.0,89.0,72.0,602,16.0,6.0,37,22.0,-15.0,0,0,,0.0,0.0,0.0,0.0,0.0,2015-11-09,0,0.0,0.0,0.0,0.0,0.0
2015,11,16,1,WN,4178,N7710A,SMF,PHX,1455,1500.0,5.0,8.0,1508.0,105.0,100.0,88.0,647,1736.0,4.0,1740,1740.0,0.0,0,0,,0.0,0.0,0.0,0.0,0.0,2015-11-16,0,0.0,0.0,0.0,0.0,0.0
2015,11,16,1,DL,1527,N664DN,FLL,ATL,1850,1848.0,-2.0,16.0,1904.0,121.0,117.0,87.0,581,2031.0,14.0,2051,2045.0,-6.0,0,0,,0.0,0.0,0.0,0.0,0.0,2015-11-16,0,0.0,0.0,0.0,0.0,0.0
2015,10,24,6,F9,903,N938FR,15356,11697,630,913.0,163.0,10.0,923.0,170.0,139.0,124.0,1026,1127.0,5.0,920,1132.0,132.0,0,0,,0.0,0.0,132.0,0.0,0.0,2015-10-24,1,0.0,0.0,80.98,0.0,0.0
2015,11,8,7,VX,321,N839VA,FLL,LAX,900,904.0,4.0,10.0,914.0,350.0,330.0,313.0,2343,1127.0,7.0,1150,1134.0,-16.0,0,0,,0.0,0.0,0.0,0.0,0.0,2015-11-08,0,0.0,0.0,0.0,0.0,0.0
2015,10,19,1,MQ,3297,N822MQ,13930,12197,1509,1509.0,0.0,13.0,1522.0,136.0,119.0,103.0,738,1805.0,3.0,1825,1808.0,-17.0,0,0,,0.0,0.0,0.0,0.0,0.0,2015-10-19,0,0.0,0.0,0.0,0.0,0.0
2015,11,3,2,DL,2379,N972DL,DCA,ATL,1800,1756.0,-4.0,18.0,1814.0,125.0,126.0,90.0,547,1944.0,18.0,2005,2002.0,-3.0,0,0,,0.0,0.0,0.0,0.0,0.0,2015-11-03,0,0.0,0.0,0.0,0.0,0.0
2015,10,23,5,MQ,3363,N665MQ,12945,13930,1841,1833.0,-8.0,12.0,1845.0,95.0,100.0,66.0,323,1851.0,22.0,1916,1913.0,-3.0,0,0,,0.0,0.0,0.0,0.0,0.0,2015-10-23,0,0.0,0.0,0.0,0.0,0.0
2015,11,18,3,EV,4152,N16999,RDU,EWR,2000,1956.0,-4.0,16.0,2012.0,99.0,102.0,71.0,416,2123.0,15.0,2139,2138.0,-1.0,0,0,,0.0,0.0,0.0,0.0,0.0,2015-11-18,0,0.0,0.0,0.0,0.0,0.0
2015,10,17,6,EV,4187,N12922,10693,11618,1101,1053.0,-8.0,24.0,1117.0,134.0,130.0,93.0,748,1350.0,13.0,1415,1403.0,-12.0,0,0,,0.0,0.0,0.0,0.0,0.0,2015-10-17,0,0.0,0.0,0.0,0.0,0.0
2015,10,19,1,B6,328,N632JB,13204,11618,2049,2046.0,-3.0,18.0,2104.0,150.0,164.0,128.0,937,2312.0,18.0,2319,2330.0,11.0,0,0,,0.0,0.0,0.0,0.0,0.0,2015-10-19,0,0.0,0.0,0.0,0.0,0.0
2015,11,12,4,B6,19,N655JB,BOS,SAN,1659,1700.0,1.0,16.0,1716.0,387.0,373.0,354.0,2588,2010.0,3.0,2026,2013.0,-13.0,0,0,,0.0,0.0,0.0,0.0,0.0,2015-11-12,0,0.0,0.0,0.0,0.0,0.0
2015,11,12,4,B6,1253,N705JB,FLL,SJU,1750,1800.0,10.0,12.0,1812.0,150.0,149.0,134.0,1046,2126.0,3.0,2120,2129.0,9.0,0,0,,0.0,0.0,0.0,0.0,0.0,2015-11-12,0,0.0,0.0,0.0,0.0,0.0
2015,10,27,2,WN,221,N559WN,14107,13487,945,940.0,-5.0,13.0,953.0,180.0,170.0,153.0,1276,1426.0,4.0,1445,1430.0,-15.0,0,0,,0.0,0.0,0.0,0.0,0.0,2015-10-27,0,0.0,0.0,0.0,0.0,0.0
2015,10,16,5,DL,2496,N893AT,10397,14730,1210,1208.0,-2.0,12.0,1220.0,80.0,68.0,53.0,321,1313.0,3.0,1330,1316.0,-14.0,0,0,,0.0,0.0,0.0,0.0,0.0,2015-10-16,0,0.0,0.0,0.0,0.0,0.0
2015,11,6,5,WN,446,N567WN,FLL,BWI,530,525.0,-5.0,13.0,538.0,150.0,149.0,132.0,925,750.0,4.0,800,754.0,-6.0,0,0,,0.0,0.0,0.0,0.0,0.0,2015-11-06,0,0.0,0.0,0.0,0.0,0.0
2015,10,20,2,OO,2961,N821AS,14107,16218,1000,959.0,-1.0,56.0,1055.0,64.0,95.0,36.0,160,1131.0,3.0,1104,1134.0,30.0,0,0,,30.0,0.0,0.0,0.0,0.0,2015-10-20,0,-3000.0,-0.0,-0.0,-0.0,-0.0
2015,10,30,5,WN,1983,N218WN,11066,15016,2010,2002.0,-8.0,11.0,2013.0,80.0,89.0,67.0,409,2020.0,11.0,2030,2031.0,1.0,0,0,,0.0,0.0,0.0,0.0,0.0,2015-10-30,0,0.0,0.0,0.0,0.0,0.0
2015,10,22,4,AS,373,N464AS,14893,14747,600,554.0,-6.0,11.0,605.0,109.0,104.0,84.0,605,729.0,9.0,749,738.0,-11.0,0,0,,0.0,0.0,0.0,0.0,0.0,2015-10-22,0,0.0,0.0,0.0,0.0,0.0
2015,10,12,1,DL,1987,N984DL,11193,10397,930,928.0,-2.0,9.0,937.0,90.0,78.0,62.0,373,1039.0,7.0,1100,1046.0,-14.0,0,0,,0.0,0.0,0.0,0.0,0.0,2015-10-12,0,0.0,0.0,0.0,0.0,0.0
2015,10,19,1,WN,1892,N360SW,12889,14107,1000,957.0,-3.0,13.0,1010.0,70.0,68.0,45.0,255,1055.0,10.0,1110,1105.0,-5.0,0,0,,0.0,0.0,0.0,0.0,0.0,2015-10-19,0,0.0,0.0,0.0,0.0,0.0
2015,10,29,4,WN,3130,N7829B,10397,12889,615,612.0,-3.0,15.0,627.0,275.0,261.0,236.0,1747,723.0,10.0,750,733.0,-17.0,0,0,,0.0,0.0,0.0,0.0,0.0,2015-10-29,0,0.0,0.0,0.0,0.0,0.0
2015,11,3,2,WN,2720,N7734H,STL,PHL,2010,2017.0,7.0,8.0,2025.0,120.0,114.0,101.0,814,2306.0,5.0,2310,2311.0,1.0,0,0,,0.0,0.0,0.0,0.0,0.0,2015-11-03,0,0.0,0.0,0.0,0.0,0.0
2015,11,6,5,AA,2109,N581UW,PHL,LAS,1555,1556.0,1.0,22.0,1618.0,337.0,339.0,310.0,2176,1828.0,7.0,1832,1835.0,3.0,0,0,,0.0,0.0,0.0,0.0,0.0,2015-11-06,0,0.0,0.0,0.0,0.0,0.0
2015,11,11,3,WN,1752,N563WN,BUR,LAS,1520,1534.0,14.0,11.0,1545.0,60.0,54.0,39.0,223,1624.0,4.0,1620,1628.0,8.0,0,0,,0.0,0.0,0.0,0.0,0.0,2015-11-11,0,0.0,0.0,0.0,0.0,0.0
2015,10,16,5,WN,312,N363SW,14771,14679,1240,1304.0,24.0,13.0,1317.0,90.0,88.0,72.0,447,1429.0,3.0,1410,1432.0,22.0,0,0,,0.0,0.0,0.0,22.0,0.0,2015-10-16,1,0.0,0.0,0.0,91.67,0.0
2015,11,14,6,DL,1137,N961DN,RDU,ATL,830,923.0,53.0,12.0,935.0,92.0,75.0,54.0,356,1029.0,9.0,1002,1038.0,36.0,0,0,,0.0,0.0,36.0,0.0,0.0,2015-11-14,1,0.0,0.0,67.92,0.0,0.0
2015,10,16,5,OO,7414,N430SW,14520,13487,715,715.0,0.0,30.0,745.0,64.0,76.0,39.0,190,824.0,7.0,819,831.0,12.0,0,0,,0.0,0.0,0.0,0.0,0.0,2015-10-16,0,0.0,0.0,0.0,0.0,0.0
2015,10,26,1,UA,1004,N24202,12892,12402,1714,1711.0,-3.0,11.0,1722.0,348.0,335.0,318.0,2449,1940.0,6.0,2002,1946.0,-16.0,0,0,,0.0,0.0,0.0,0.0,0.0,2015-10-26,0,0.0,0.0,0.0,0.0,0.0
2015,11,14,6,OO,6296,N728SK,ORD,ATL,1710,1721.0,11.0,26.0,1747.0,119.0,115.0,84.0,606,2011.0,5.0,2009,2016.0,7.0,0,0,,0.0,0.0,0.0,0.0,0.0,2015-11-14,0,0.0,0.0,0.0,0.0,0.0
2015,11,14,6,WN,866,N947WN,MCO,PVD,1130,1126.0,-4.0,12.0,1138.0,160.0,153.0,127.0,1072,1345.0,14.0,1410,1359.0,-11.0,0,0,,0.0,0.0,0.0,0.0,0.0,2015-11-14,0,0.0,0.0,0.0,0.0,0.0
2015,10,20,2,EV,5371,N608QX,14524,12953,1720,1714.0,-6.0,24.0,1738.0,85.0,85.0,47.0,292,1825.0,14.0,1845,1839.0,-6.0,0,0,,0.0,0.0,0.0,0.0,0.0,2015-10-20,0,0.0,0.0,0.0,0.0,0.0
2015,11,11,3,OO,6345,N109SY,BOI,ORD,1224,1222.0,-2.0,22.0,1244.0,206.0,213.0,179.0,1437,1643.0,12.0,1650,1655.0,5.0,0,0,,0.0,0.0,0.0,0.0,0.0,2015-11-11,0,0.0,0.0,0.0,0.0,0.0
2015,11,16,1,MQ,3067,N908MQ,ORD,MSN,1422,1419.0,-3.0,13.0,1432.0,56.0,41.0,26.0,108,1458.0,2.0,1518,1500.0,-18.0,0,0,,0.0,0.0,0.0,0.0,0.0,2015-11-16,0,0.0,0.0,0.0,0.0,0.0
2015,11,16,1,AA,2430,N4YFAA,DFW,CMH,1509,1513.0,4.0,10.0,1523.0,141.0,128.0,112.0,926,1815.0,6.0,1830,1821.0,-9.0,0,0,,0.0,0.0,0.0,0.0,0.0,2015-11-16,0,0.0,0.0,0.0,0.0,0.0
2015,11,14,6,HA,44,N590HA,HNL,SJC,1350,1345.0,-5.0,17.0,1402.0,305.0,306.0,285.0,2417,2047.0,4.0,2055,2051.0,-4.0,0,0,,0.0,0.0,0.0,0.0,0.0,2015-11-14,0,0.0,0.0,0.0,0.0,0.0
2015,10,16,5,OO,6383,N926SW,10157,14771,1012,1042.0,30.0,26.0,1108.0,70.0,76.0,45.0,250,1153.0,5.0,1122,1158.0,36.0,0,0,,36.0,0.0,0.0,0.0,0.0,2015-10-16,1,120.0,0.0,0.0,0.0,0.0
2015,11,1,7,WN,1762,N8606C,SMF,DEN,1345,1342.0,-3.0,7.0,1349.0,135.0,117.0,101.0,909,1630.0,9.0,1700,1639.0,-21.0,0,0,,0.0,0.0,0.0,0.0,0.0,2015-11-01,0,0.0,0.0,0.0,0.0,0.0
2015,10,27,2,UA,1228,N76269,14635,11618,1037,1032.0,-5.0,10.0,1042.0,173.0,157.0,138.0,1068,1300.0,9.0,1330,1309.0,-21.0,0,0,,0.0,0.0,0.0,0.0,0.0,2015-10-27,0,0.0,0.0,0.0,0.0,0.0
2015,10,20,2,WN,326,N206WN,11292,14107,905,918.0,13.0,15.0,933.0,115.0,114.0,92.0,602,1005.0,7.0,1000,1012.0,12.0,0,0,,0.0,0.0,0.0,0.0,0.0,2015-10-20,0,0.0,0.0,0.0,0.0,0.0
2015,10,21,3,UA,1647,N37462,11618,14771,600,555.0,-5.0,13.0,608.0,377.0,355.0,336.0,2565,844.0,6.0,917,850.0,-27.0,0,0,,0.0,0.0,0.0,0.0,0.0,2015-10-21,0,0.0,0.0,0.0,0.0,0.0
2015,11,15,7,UA,1958,N13716,IAH,LGA,1555,1549.0,-6.0,13.0,1602.0,212.0,204.0,182.0,1416,2004.0,9.0,2027,2013.0,-14.0,0,0,,0.0,0.0,0.0,0.0,0.0,2015-11-15,0,0.0,0.0,0.0,0.0,0.0
2015,11,16,1,DL,1168,N693DL,LAX,TPA,1015,1014.0,-1.0,20.0,1034.0,268.0,249.0,225.0,2158,1719.0,4.0,1743,1723.0,-20.0,0,0,,0.0,0.0,0.0,0.0,0.0,2015-11-16,0,0.0,0.0,0.0,0.0,0.0
2015,10,18,7,WN,799,N735SA,13204,11066,1000,955.0,-5.0,11.0,1006.0,130.0,130.0,113.0,802,1159.0,6.0,1210,1205.0,-5.0,0,0,,0.0,0.0,0.0,0.0,0.0,2015-10-18,0,0.0,0.0,0.0,0.0,0.0
2015,10,23,5,WN,2493,N474WN,14747,13232,1040,1206.0,86.0,19.0,1225.0,240.0,226.0,201.0,1733,1746.0,6.0,1640,1752.0,72.0,0,0,,0.0,0.0,4.0,68.0,0.0,2015-10-23,1,0.0,0.0,4.65,79.07,0.0
2015,10,18,7,UA,1648,N68817,13930,11618,1255,1253.0,-2.0,18.0,1311.0,138.0,122.0,95.0,719,1546.0,9.0,1613,1555.0,-18.0,0,0,,0.0,0.0,0.0,0.0,0.0,2015-10-18,0,0.0,0.0,0.0,0.0,0.0
2015,10,13,2,AA,2384,N3JKAA,12889,12892,1645,1638.0,-7.0,17.0,1655.0,75.0,63.0,41.0,236,1736.0,5.0,1800,1741.0,-19.0,0,0,,0.0,0.0,0.0,0.0,0.0,2015-10-13,0,0.0,0.0,0.0,0.0,0.0
2015,10,27,2,EV,4603,N27200,11618,12451,901,908.0,7.0,42.0,950.0,165.0,173.0,125.0,820,1155.0,6.0,1146,1201.0,15.0,0,0,,8.0,0.0,7.0,0.0,0.0,2015-10-27,0,114.29,0.0,100.0,0.0,0.0
2015,11,4,3,UA,1558,N666UA,IAH,EWR,1045,1104.0,19.0,16.0,1120.0,204.0,192.0,168.0,1400,1508.0,8.0,1509,1516.0,7.0,0,0,,0.0,0.0,0.0,0.0,0.0,2015-11-04,1,0.0,0.0,0.0,0.0,0.0
2015,10,21,3,DL,1962,N358NW,14100,11433,1240,1234.0,-6.0,11.0,1245.0,105.0,82.0,68.0,453,1353.0,3.0,1425,1356.0,-29.0,0,0,,0.0,0.0,0.0,0.0,0.0,2015-10-21,0,0.0,0.0,0.0,0.0,0.0
2015,10,21,3,WN,1208,N246LV,10423,11259,1845,1850.0,5.0,8.0,1858.0,55.0,49.0,38.0,189,1936.0,3.0,1940,1939.0,-1.0,0,0,,0.0,0.0,0.0,0.0,0.0,2015-10-21,0,0.0,0.0,0.0,0.0,0.0
2015,10,19,1,OO,4561,N8965E,14831,14869,1625,1621.0,-4.0,15.0,1636.0,114.0,117.0,97.0,584,1913.0,5.0,1919,1918.0,-1.0,0,0,,0.0,0.0,0.0,0.0,0.0,2015-10-19,0,0.0,0.0,0.0,0.0,0.0
2015,11,13,5,DL,2494,N967DL,PIT,DTW,620,611.0,-9.0,12.0,623.0,83.0,57.0,39.0,201,702.0,6.0,743,708.0,-35.0,0,0,,0.0,0.0,0.0,0.0,0.0,2015-11-13,0,0.0,0.0,0.0,0.0,0.0
2015,10,19,1,UA,1120,N26232,11618,14771,1059,1058.0,-1.0,9.0,1107.0,380.0,351.0,334.0,2565,1341.0,8.0,1419,1349.0,-30.0,0,0,,0.0,0.0,0.0,0.0,0.0,2015-10-19,0,0.0,0.0,0.0,0.0,0.0
2015,11,14,6,MQ,3503,N831MQ,ORD,RST,817,827.0,10.0,36.0,903.0,73.0,86.0,45.0,268,948.0,5.0,930,953.0,23.0,0,0,,13.0,0.0,10.0,0.0,0.0,2015-11-14,0,130.0,0.0,100.0,0.0,0.0
2015,11,1,7,WN,915,N205WN,MCO,CAK,2115,2108.0,-7.0,9.0,2117.0,140.0,126.0,111.0,861,2308.0,6.0,2335,2314.0,-21.0,0,0,,0.0,0.0,0.0,0.0,0.0,2015-11-01,0,0.0,0.0,0.0,0.0,0.0
2015,11,18,3,WN,1806,N457WN,SJC,SAN,1250,1250.0,0.0,7.0,1257.0,80.0,71.0,61.0,417,1358.0,3.0,1410,1401.0,-9.0,0,0,,0.0,0.0,0.0,0.0,0.0,2015-11-18,0,0.0,0.0,0.0,0.0,0.0
2015,10,18,7,B6,282,N368JB,12191,12478,1056,1102.0,6.0,15.0,1117.0,207.0,193.0,174.0,1428,1511.0,4.0,1523,1515.0,-8.0,0,0,,0.0,0.0,0.0,0.0,0.0,2015-10-18,0,0.0,0.0,0.0,0.0,0.0
2015,11,14,6,UA,1094,N13718,IAH,EWR,1130,1132.0,2.0,16.0,1148.0,209.0,192.0,169.0,1400,1537.0,7.0,1559,1544.0,-15.0,0,0,,0.0,0.0,0.0,0.0,0.0,2015-11-14,0,0.0,0.0,0.0,0.0,0.0
2015,11,1,7,EV,5286,N855AS,AEX,ATL,605,556.0,-9.0,32.0,628.0,95.0,120.0,75.0,500,843.0,13.0,840,856.0,16.0,0,0,,16.0,0.0,0.0,0.0,0.0,2015-11-01,0,-177.78,-0.0,-0.0,-0.0,-0.0
2015,10,18,7,EV,5072,N867AS,10397,11146,1710,1710.0,0.0,13.0,1723.0,80.0,82.0,66.0,363,1829.0,3.0,1830,1832.0,2.0,0,0,,0.0,0.0,0.0,0.0,0.0,2015-10-18,0,0.0,0.0,0.0,0.0,0.0
2015,10,31,6,OO,5514,N752SK,11986,13930,755,756.0,1.0,17.0,813.0,60.0,71.0,39.0,137,752.0,15.0,755,807.0,12.0,0,0,,0.0,0.0,0.0,0.0,0.0,2015-10-31,0,0.0,0.0,0.0,0.0,0.0
2015,10,26,1,B6,176,N793JB,14843,10529,1400,1408.0,8.0,10.0,1418.0,238.0,228.0,212.0,1666,1750.0,6.0,1758,1756.0,-2.0,0,0,,0.0,0.0,0.0,0.0,0.0,2015-10-26,0,0.0,0.0,0.0,0.0,0.0
2015,11,10,2,UA,622,N79279,ORD,DCA,1706,1759.0,53.0,33.0,1832.0,114.0,131.0,93.0,612,2105.0,5.0,2000,2110.0,70.0,0,0,,17.0,0.0,0.0,53.0,0.0,2015-11-10,1,32.08,0.0,0.0,100.0,0.0
2015,11,17,2,MQ,3206,N631MQ,CVG,ORD,1821,2007.0,106.0,13.0,2020.0,90.0,74.0,45.0,264,2005.0,16.0,1851,2021.0,90.0,0,0,,0.0,0.0,0.0,90.0,0.0,2015-11-17,1,0.0,0.0,0.0,84.91,0.0
2015,11,8,7,EV,4089,N13202,IAH,STL,1250,1246.0,-4.0,15.0,1301.0,127.0,110.0,90.0,667,1431.0,5.0,1457,1436.0,-21.0,0,0,,0.0,0.0,0.0,0.0,0.0,2015-11-08,0,0.0,0.0,0.0,0.0,0.0
2015,10,24,6,HA,195,N491HA,13830,12173,2044,2034.0,-10.0,6.0,2040.0,34.0,35.0,22.0,100,2102.0,7.0,2118,2109.0,-9.0,0,0,,0.0,0.0,0.0,0.0,0.0,2015-10-24,0,0.0,0.0,0.0,0.0,0.0
2015,10,31,6,DL,1931,N972DL,12448,10397,600,603.0,3.0,11.0,614.0,73.0,63.0,46.0,341,800.0,6.0,813,806.0,-7.0,0,0,,0.0,0.0,0.0,0.0,0.0,2015-10-31,0,0.0,0.0,0.0,0.0,0.0
2015,11,17,2,EV,5043,N882AS,LEX,ATL,1951,1947.0,-4.0,19.0,2006.0,85.0,90.0,62.0,304,2108.0,9.0,2116,2117.0,1.0,0,0,,0.0,0.0,0.0,0.0,0.0,2015-11-17,0,0.0,0.0,0.0,0.0,0.0
2015,11,16,1,DL,1793,N328NW,MSP,CLT,1503,1457.0,-6.0,17.0,1514.0,148.0,149.0,118.0,930,1812.0,14.0,1831,1826.0,-5.0,0,0,,0.0,0.0,0.0,0.0,0.0,2015-11-16,0,0.0,0.0,0.0,0.0,0.0
2015,11,19,4,WN,3057,N417WN,BUR,LAS,720,738.0,18.0,8.0,746.0,65.0,56.0,39.0,223,825.0,9.0,825,834.0,9.0,0,0,,0.0,0.0,0.0,0.0,0.0,2015-11-19,1,0.0,0.0,0.0,0.0,0.0
2015,10,25,7,AA,1891,N765US,13198,11057,1345,1340.0,-5.0,11.0,1351.0,135.0,131.0,101.0,808,1632.0,19.0,1700,1651.0,-9.0,0,0,,0.0,0.0,0.0,0.0,0.0,2015-10-25,0,0.0,0.0,0.0,0.0,0.0
2015,11,6,5,WN,476,N244WN,BWI,RDU,1400,1359.0,-1.0,14.0,1413.0,70.0,63.0,45.0,255,1458.0,4.0,1510,1502.0,-8.0,0,0,,0.0,0.0,0.0,0.0,0.0,2015-11-06,0,0.0,0.0,0.0,0.0,0.0
2015,11,1,7,DL,1233,N317NB,ORF,ATL,1241,1233.0,-8.0,17.0,1250.0,119.0,119.0,91.0,516,1421.0,11.0,1440,1432.0,-8.0,0,0,,0.0,0.0,0.0,0.0,0.0,2015-11-01,0,0.0,0.0,0.0,0.0,0.0
2015,11,14,6,WN,2988,N657SW,MCI,DEN,1330,1338.0,8.0,11.0,1349.0,105.0,101.0,82.0,533,1411.0,8.0,1415,1419.0,4.0,0,0,,0.0,0.0,0.0,0.0,0.0,2015-11-14,0,0.0,0.0,0.0,0.0,0.0
2015,10,30,5,WN,1854,N740SW,10800,13796,1320,1321.0,1.0,10.0,1331.0,70.0,70.0,54.0,325,1425.0,6.0,1430,1431.0,1.0,0,0,,0.0,0.0,0.0,0.0,0.0,2015-10-30,0,0.0,0.0,0.0,0.0,0.0
2015,10,15,4,MQ,3109,N698MQ,13930,14783,950,946.0,-4.0,13.0,959.0,101.0,85.0,68.0,438,1107.0,4.0,1131,1111.0,-20.0,0,0,,0.0,0.0,0.0,0.0,0.0,2015-10-15,0,0.0,0.0,0.0,0.0,0.0
2015,11,5,4,HA,3,N395HA,LAX,HNL,1000,956.0,-4.0,18.0,1014.0,355.0,348.0,324.0,2556,1338.0,6.0,1355,1344.0,-11.0,0,0,,0.0,0.0,0.0,0.0,0.0,2015-11-05,0,0.0,0.0,0.0,0.0,0.0
2015,11,16,1,DL,1917,N589NW,SEA,ATL,2231,2250.0,19.0,17.0,2307.0,269.0,279.0,255.0,2182,622.0,7.0,600,629.0,29.0,0,0,,10.0,0.0,19.0,0.0,0.0,2015-11-16,1,52.63,0.0,100.0,0.0,0.0
2015,10,31,6,AA,329,N3LPAA,12953,13930,1229,1226.0,-3.0,28.0,1254.0,164.0,167.0,126.0,733,1400.0,13.0,1413,1413.0,0.0,0,0,,0.0,0.0,0.0,0.0,0.0,2015-10-31,0,0.0,0.0,0.0,0.0,0.0
2015,10,14,3,UA,1716,N33264,12266,13495,2136,2131.0,-5.0,14.0,2145.0,71.0,63.0,45.0,305,2230.0,4.0,2247,2234.0,-13.0,0,0,,0.0,0.0,0.0,0.0,0.0,2015-10-14,0,0.0,0.0,0.0,0.0,0.0
2015,10,31,6,AA,1543,N3EUAA,11697,11298,900,856.0,-4.0,13.0,909.0,192.0,223.0,181.0,1119,1110.0,29.0,1112,1139.0,27.0,0,0,,27.0,0.0,0.0,0.0,0.0,2015-10-31,0,-675.0,-0.0,-0.0,-0.0,-0.0
2015,10,23,5,EV,2829,N671AE,11298,15411,2145,2222.0,37.0,14.0,2236.0,45.0,47.0,25.0,102,2301.0,8.0,2230,2309.0,39.0,0,0,,2.0,0.0,0.0,37.0,0.0,2015-10-23,1,5.41,0.0,0.0,100.0,0.0
2015,11,14,6,B6,917,N258JB,BOS,JFK,545,539.0,-6.0,11.0,550.0,71.0,56.0,41.0,187,631.0,4.0,656,635.0,-21.0,0,0,,0.0,0.0,0.0,0.0,0.0,2015-11-14,0,0.0,0.0,0.0,0.0,0.0
2015,10,12,1,MQ,3395,N692MQ,11423,13930,610,603.0,-7.0,11.0,614.0,84.0,83.0,56.0,299,710.0,16.0,734,726.0,-8.0,0,0,,0.0,0.0,0.0,0.0,0.0,2015-10-12,0,0.0,0.0,0.0,0.0,0.0
2015,10,21,3,WN,2223,N275WN,13232,10693,1700,1656.0,-4.0,7.0,1703.0,80.0,75.0,61.0,395,1804.0,7.0,1820,1811.0,-9.0,0,0,,0.0,0.0,0.0,0.0,0.0,2015-10-21,0,0.0,0.0,0.0,0.0,0.0
2015,10,13,2,AA,2521,N3JEAA,13303,15016,2005,2045.0,40.0,17.0,2102.0,172.0,170.0,148.0,1068,2230.0,5.0,2157,2235.0,38.0,0,0,,0.0,0.0,38.0,0.0,0.0,2015-10-13,1,0.0,0.0,95.0,0.0,0.0
2015,11,4,3,UA,1168,N39728,ORD,CMH,1139,1140.0,1.0,15.0,1155.0,77.0,71.0,49.0,296,1344.0,7.0,1356,1351.0,-5.0,0,0,,0.0,0.0,0.0,0.0,0.0,2015-11-04,0,0.0,0.0,0.0,0.0,0.0
2015,10,21,3,EV,5969,N13997,11721,13930,1006,949.0,-17.0,9.0,958.0,73.0,58.0,44.0,223,942.0,5.0,1019,947.0,-32.0,0,0,,0.0,0.0,0.0,0.0,0.0,2015-10-21,0,0.0,0.0,0.0,0.0,0.0
2015,11,14,6,B6,827,N318JB,BOS,BWI,1635,1629.0,-6.0,20.0,1649.0,96.0,87.0,61.0,369,1750.0,6.0,1811,1756.0,-15.0,0,0,,0.0,0.0,0.0,0.0,0.0,2015-11-14,0,0.0,0.0,0.0,0.0,0.0
2015,11,3,2,OO,5208,N121SY,DCA,ORD,1146,1138.0,-8.0,14.0,1152.0,129.0,117.0,95.0,612,1227.0,8.0,1255,1235.0,-20.0,0,0,,0.0,0.0,0.0,0.0,0.0,2015-11-03,0,0.0,0.0,0.0,0.0,0.0
2015,10,25,7,WN,1968,N7816B,14831,12892,1935,1946.0,11.0,8.0,1954.0,75.0,66.0,50.0,308,2044.0,8.0,2050,2052.0,2.0,0,0,,0.0,0.0,0.0,0.0,0.0,2015-10-25,0,0.0,0.0,0.0,0.0,0.0
2015,10,16,5,DL,2433,N949DL,13495,10397,1015,1010.0,-5.0,10.0,1020.0,83.0,80.0,61.0,425,1221.0,9.0,1238,1230.0,-8.0,0,0,,0.0,0.0,0.0,0.0,0.0,2015-10-16,0,0.0,0.0,0.0,0.0,0.0
2015,11,1,7,AA,1243,N3MHAA,SFO,ORD,55,51.0,-4.0,16.0,107.0,247.0,230.0,206.0,1846,533.0,8.0,602,541.0,-21.0,0,0,,0.0,0.0,0.0,0.0,0.0,2015-11-01,0,0.0,0.0,0.0,0.0,0.0
2015,10,22,4,DL,1066,N341NW,10397,10693,950,951.0,1.0,14.0,1005.0,70.0,59.0,40.0,214,945.0,5.0,1000,950.0,-10.0,0,0,,0.0,0.0,0.0,0.0,0.0,2015-10-22,0,0.0,0.0,0.0,0.0,0.0
2015,11,19,4,AA,781,N152UW,PHL,LAX,1340,1338.0,-2.0,15.0,1353.0,364.0,371.0,342.0,2402,1635.0,14.0,1644,1649.0,5.0,0,0,,0.0,0.0,0.0,0.0,0.0,2015-11-19,0,0.0,0.0,0.0,0.0,0.0
2015,11,15,7,DL,2212,N970AT,PNS,ATL,927,922.0,-5.0,13.0,935.0,69.0,67.0,43.0,271,1118.0,11.0,1136,1129.0,-7.0,0,0,,0.0,0.0,0.0,0.0,0.0,2015-11-15,0,0.0,0.0,0.0,0.0,0.0
2015,11,3,2,EV,4454,N12136,IAH,HSV,1546,1544.0,-2.0,15.0,1559.0,109.0,107.0,87.0,595,1726.0,5.0,1735,1731.0,-4.0,0,0,,0.0,0.0,0.0,0.0,0.0,2015-11-03,0,0.0,0.0,0.0,0.0,0.0
2015,10,16,5,DL,1338,N344NW,13495,14869,730,727.0,-3.0,9.0,736.0,224.0,208.0,188.0,1428,944.0,11.0,1014,955.0,-19.0,0,0,,0.0,0.0,0.0,0.0,0.0,2015-10-16,0,0.0,0.0,0.0,0.0,0.0
2015,11,12,4,WN,47,N492WN,HOU,BNA,1945,1946.0,1.0,13.0,1959.0,105.0,120.0,80.0,670,2119.0,27.0,2130,2146.0,16.0,0,0,,16.0,0.0,0.0,0.0,0.0,2015-11-12,0,1600.0,0.0,0.0,0.0,0.0
2015,10,19,1,WN,30,N609SW,11259,10423,1510,1509.0,-1.0,12.0,1521.0,50.0,52.0,33.0,189,1554.0,7.0,1600,1601.0,1.0,0,0,,0.0,0.0,0.0,0.0,0.0,2015-10-19,0,0.0,0.0,0.0,0.0,0.0
2015,10,24,6,DL,1676,N918DL,10693,10397,1430,1427.0,-3.0,18.0,1445.0,69.0,59.0,36.0,214,1621.0,5.0,1639,1626.0,-13.0,0,0,,0.0,0.0,0.0,0.0,0.0,2015-10-24,0,0.0,0.0,0.0,0.0,0.0
2015,10,26,1,DL,2336,N818DA,13487,13342,1945,1949.0,4.0,12.0,2001.0,73.0,62.0,44.0,297,2045.0,6.0,2058,2051.0,-7.0,0,0,,0.0,0.0,0.0,0.0,0.0,2015-10-26,0,0.0,0.0,0.0,0.0,0.0
2015,11,7,6,WN,2163,N453WN,LAS,PDX,1335,1329.0,-6.0,12.0,1341.0,145.0,127.0,112.0,763,1533.0,3.0,1600,1536.0,-24.0,0,0,,0.0,0.0,0.0,0.0,0.0,2015-11-07,0,0.0,0.0,0.0,0.0,0.0
2015,11,1,7,WN,4049,N738CB,LAS,BOI,1415,1409.0,-6.0,16.0,1425.0,105.0,103.0,84.0,519,1649.0,3.0,1700,1652.0,-8.0,0,0,,0.0,0.0,0.0,0.0,0.0,2015-11-01,0,0.0,0.0,0.0,0.0,0.0
2015,10,23,5,EV,4308,N27152,11618,14696,2000,2026.0,26.0,21.0,2047.0,126.0,128.0,97.0,637,2224.0,10.0,2206,2234.0,28.0,0,0,,2.0,0.0,0.0,26.0,0.0,2015-10-23,1,7.69,0.0,0.0,100.0,0.0
2015,11,4,3,DL,1591,N672DL,CLT,ATL,815,810.0,-5.0,24.0,834.0,81.0,84.0,50.0,226,924.0,10.0,936,934.0,-2.0,0,0,,0.0,0.0,0.0,0.0,0.0,2015-11-04,0,0.0,0.0,0.0,0.0,0.0
2015,11,17,2,WN,2935,N406WN,BWI,ATL,1910,1924.0,14.0,12.0,1936.0,125.0,113.0,90.0,577,2106.0,11.0,2115,2117.0,2.0,0,0,,0.0,0.0,0.0,0.0,0.0,2015-11-17,0,0.0,0.0,0.0,0.0,0.0
2015,11,16,1,EV,2774,N902EV,BTR,DFW,1248,1252.0,4.0,9.0,1301.0,96.0,89.0,72.0,383,1413.0,8.0,1424,1421.0,-3.0,0,0,,0.0,0.0,0.0,0.0,0.0,2015-11-16,0,0.0,0.0,0.0,0.0,0.0
2015,11,10,2,AA,1708,N704US,PHL,BOS,2115,2107.0,-8.0,21.0,2128.0,80.0,76.0,44.0,280,2212.0,11.0,2235,2223.0,-12.0,0,0,,0.0,0.0,0.0,0.0,0.0,2015-11-10,0,0.0,0.0,0.0,0.0,0.0
2015,10,19,1,WN,1119,N490WN,12892,14893,1140,1146.0,6.0,13.0,1159.0,75.0,74.0,57.0,373,1256.0,4.0,1255,1300.0,5.0,0,0,,0.0,0.0,0.0,0.0,0.0,2015-10-19,0,0.0,0.0,0.0,0.0,0.0
2015,10,31,6,UA,1151,N66828,11423,13930,500,500.0,0.0,20.0,520.0,85.0,82.0,46.0,299,606.0,16.0,625,622.0,-3.0,0,0,,0.0,0.0,0.0,0.0,0.0,2015-10-31,0,0.0,0.0,0.0,0.0,0.0
2015,10,26,1,MQ,3240,N827MQ,14108,13930,1500,1454.0,-6.0,13.0,1507.0,59.0,51.0,29.0,130,1536.0,9.0,1559,1545.0,-14.0,0,0,,0.0,0.0,0.0,0.0,0.0,2015-10-26,0,0.0,0.0,0.0,0.0,0.0
2015,11,14,6,AA,354,N3CPAA,FLL,ORD,840,837.0,-3.0,14.0,851.0,202.0,188.0,165.0,1182,1036.0,9.0,1102,1045.0,-17.0,0,0,,0.0,0.0,0.0,0.0,0.0,2015-11-14,0,0.0,0.0,0.0,0.0,0.0
2015,11,4,3,AA,1181,N567AA,DFW,DAY,2025,2022.0,-3.0,27.0,2049.0,143.0,143.0,109.0,861,2338.0,7.0,2348,2345.0,-3.0,0,0,,0.0,0.0,0.0,0.0,0.0,2015-11-04,0,0.0,0.0,0.0,0.0,0.0
2015,11,6,5,WN,704,N440LV,MDW,ATL,1830,1833.0,3.0,6.0,1839.0,110.0,110.0,96.0,591,2115.0,8.0,2120,2123.0,3.0,0,0,,0.0,0.0,0.0,0.0,0.0,2015-11-06,0,0.0,0.0,0.0,0.0,0.0
2015,11,11,3,DL,822,N3769L,SEA,SLC,600,605.0,5.0,35.0,640.0,116.0,128.0,89.0,689,909.0,4.0,856,913.0,17.0,0,0,,17.0,0.0,0.0,0.0,0.0,2015-11-11,0,340.0,0.0,0.0,0.0,0.0
2015,11,10,2,AA,1885,N763US,RIC,CLT,1755,1752.0,-3.0,14.0,1806.0,79.0,72.0,49.0,257,1855.0,9.0,1914,1904.0,-10.0,0,0,,0.0,0.0,0.0,0.0,0.0,2015-11-10,0,0.0,0.0,0.0,0.0,0.0
2015,10,20,2,EV,4711,N14923,11278,11618,709,701.0,-8.0,16.0,717.0,66.0,69.0,46.0,199,803.0,7.0,815,810.0,-5.0,0,0,,0.0,0.0,0.0,0.0,0.0,2015-10-20,0,0.0,0.0,0.0,0.0,0.0
2015,10,18,7,EV,4500,N14188,14730,11618,1256,1252.0,-4.0,8.0,1300.0,124.0,112.0,93.0,642,1433.0,11.0,1500,1444.0,-16.0,0,0,,0.0,0.0,0.0,0.0,0.0,2015-10-18,0,0.0,0.0,0.0,0.0,0.0
2015,11,6,5,OO,5705,N943SW,BNA,ORD,1312,1305.0,-7.0,14.0,1319.0,104.0,99.0,74.0,409,1433.0,11.0,1456,1444.0,-12.0,0,0,,0.0,0.0,0.0,0.0,0.0,2015-11-06,0,0.0,0.0,0.0,0.0,0.0
2015,10,27,2,DL,2404,N3734B,14679,12478,630,630.0,0.0,22.0,652.0,328.0,312.0,281.0,2446,1433.0,9.0,1458,1442.0,-16.0,0,0,,0.0,0.0,0.0,0.0,0.0,2015-10-27,0,0.0,0.0,0.0,0.0,0.0
2015,10,17,6,DL,2242,N989AT,14869,13198,945,944.0,-1.0,10.0,954.0,145.0,131.0,116.0,920,1250.0,5.0,1310,1255.0,-15.0,0,0,,0.0,0.0,0.0,0.0,0.0,2015-10-17,0,0.0,0.0,0.0,0.0,0.0
2015,11,18,3,WN,2865,N355SW,MEM,DAL,645,643.0,-2.0,6.0,649.0,95.0,86.0,77.0,423,806.0,3.0,820,809.0,-11.0,0,0,,0.0,0.0,0.0,0.0,0.0,2015-11-18,0,0.0,0.0,0.0,0.0,0.0
2015,11,4,3,DL,1594,N912DL,ATL,TUL,2114,2113.0,-1.0,21.0,2134.0,135.0,122.0,97.0,674,2211.0,4.0,2229,2215.0,-14.0,0,0,,0.0,0.0,0.0,0.0,0.0,2015-11-04,0,0.0,0.0,0.0,0.0,0.0
2015,11,1,7,OO,2882,N866AS,ELP,LAX,1221,1228.0,7.0,14.0,1242.0,133.0,120.0,100.0,715,1322.0,6.0,1334,1328.0,-6.0,0,0,,0.0,0.0,0.0,0.0,0.0,2015-11-01,0,0.0,0.0,0.0,0.0,0.0
2015,10,19,1,EV,4942,N751EV,14524,10721,1730,1722.0,-8.0,19.0,1741.0,93.0,96.0,71.0,474,1852.0,6.0,1903,1858.0,-5.0,0,0,,0.0,0.0,0.0,0.0,0.0,2015-10-19,0,0.0,0.0,0.0,0.0,0.0
2015,11,9,1,B6,1347,N634JB,DCA,SJU,859,857.0,-2.0,25.0,922.0,235.0,228.0,199.0,1554,1341.0,4.0,1354,1345.0,-9.0,0,0,,0.0,0.0,0.0,0.0,0.0,2015-11-09,0,0.0,0.0,0.0,0.0,0.0
2015,10,15,4,WN,2092,N768SW,10693,13204,1340,1338.0,-2.0,8.0,1346.0,110.0,93.0,81.0,616,1607.0,4.0,1630,1611.0,-19.0,0,0,,0.0,0.0,0.0,0.0,0.0,2015-10-15,0,0.0,0.0,0.0,0.0,0.0
2015,11,15,7,WN,461,N780SW,PHX,ABQ,1310,1306.0,-4.0,11.0,1317.0,65.0,58.0,41.0,328,1358.0,6.0,1415,1404.0,-11.0,0,0,,0.0,0.0,0.0,0.0,0.0,2015-11-15,0,0.0,0.0,0.0,0.0,0.0
2015,11,15,7,AA,1735,N979UY,CLT,LAS,1120,1119.0,-1.0,18.0,1137.0,294.0,291.0,266.0,1916,1303.0,7.0,1314,1310.0,-4.0,0,0,,0.0,0.0,0.0,0.0,0.0,2015-11-15,0,0.0,0.0,0.0,0.0,0.0
2015,10,12,1,AA,2398,N569AA,10693,11298,1247,1245.0,-2.0,7.0,1252.0,128.0,113.0,98.0,631,1430.0,8.0,1455,1438.0,-17.0,0,0,,0.0,0.0,0.0,0.0,0.0,2015-10-12,0,0.0,0.0,0.0,0.0,0.0
2015,11,13,5,OO,4706,N601XJ,DAY,DTW,1744,1739.0,-5.0,11.0,1750.0,64.0,65.0,50.0,166,1840.0,4.0,1848,1844.0,-4.0,0,0,,0.0,0.0,0.0,0.0,0.0,2015-11-13,0,0.0,0.0,0.0,0.0,0.0
2015,10,11,7,UA,1636,N13248,12173,12892,1511,1500.0,-11.0,13.0,1513.0,330.0,326.0,301.0,2556,2314.0,12.0,2341,2326.0,-15.0,0,0,,0.0,0.0,0.0,0.0,0.0,2015-10-11,0,0.0,0.0,0.0,0.0,0.0
2015,10,23,5,WN,988,N8637A,10821,14679,945,945.0,0.0,15.0,1000.0,335.0,315.0,297.0,2295,1157.0,3.0,1220,1200.0,-20.0,0,0,,0.0,0.0,0.0,0.0,0.0,2015-10-23,0,0.0,0.0,0.0,0.0,0.0
2015,10,25,7,B6,633,N809JB,10721,14771,1640,1644.0,4.0,13.0,1657.0,408.0,401.0,383.0,2704,2020.0,5.0,2028,2025.0,-3.0,0,0,,0.0,0.0,0.0,0.0,0.0,2015-10-25,0,0.0,0.0,0.0,0.0,0.0
2015,10,27,2,UA,394,N66825,14771,12889,1850,1841.0,-9.0,19.0,1900.0,96.0,92.0,59.0,414,1959.0,14.0,2026,2013.0,-13.0,0,0,,0.0,0.0,0.0,0.0,0.0,2015-10-27,0,0.0,0.0,0.0,0.0,0.0
2015,11,10,2,UA,1793,N75425,CLE,MCO,738,729.0,-9.0,12.0,741.0,152.0,141.0,122.0,895,943.0,7.0,1010,950.0,-20.0,0,0,,0.0,0.0,0.0,0.0,0.0,2015-11-10,0,0.0,0.0,0.0,0.0,0.0
2015,11,18,3,UA,1078,N58101,EWR,IAH,858,900.0,2.0,38.0,938.0,252.0,257.0,207.0,1400,1205.0,12.0,1210,1217.0,7.0,0,0,,0.0,0.0,0.0,0.0,0.0,2015-11-18,0,0.0,0.0,0.0,0.0,0.0
2015,11,1,7,DL,1307,N923DN,RIC,ATL,1759,1809.0,10.0,21.0,1830.0,114.0,120.0,89.0,481,1959.0,10.0,1953,2009.0,16.0,0,0,,6.0,0.0,0.0,10.0,0.0,2015-11-01,0,60.0,0.0,0.0,100.0,0.0
2015,11,3,2,UA,518,N37273,ROC,ORD,1720,1714.0,-6.0,17.0,1731.0,122.0,137.0,85.0,528,1756.0,35.0,1822,1831.0,9.0,0,0,,0.0,0.0,0.0,0.0,0.0,2015-11-03,0,0.0,0.0,0.0,0.0,0.0
2015,10,29,4,WN,714,N523SW,11259,10423,1820,1827.0,7.0,25.0,1852.0,50.0,63.0,34.0,189,1926.0,4.0,1910,1930.0,20.0,0,0,,13.0,0.0,7.0,0.0,0.0,2015-10-29,0,185.71,0.0,100.0,0.0,0.0
2015,11,6,5,WN,1928,N8635F,MCO,SJU,2025,2043.0,18.0,11.0,2054.0,165.0,164.0,147.0,1189,21.0,6.0,10,27.0,17.0,0,0,,0.0,0.0,17.0,0.0,0.0,2015-11-06,1,0.0,0.0,94.44,0.0,0.0
2015,10,19,1,B6,1035,N266JB,15024,14843,840,832.0,-8.0,12.0,844.0,36.0,36.0,20.0,68,904.0,4.0,916,908.0,-8.0,0,0,,0.0,0.0,0.0,0.0,0.0,2015-10-19,0,0.0,0.0,0.0,0.0,0.0
2015,11,3,2,AA,128,N3FYAA,DFW,MCO,2030,2023.0,-7.0,27.0,2050.0,160.0,165.0,126.0,985,2356.0,12.0,10,8.0,-2.0,0,0,,0.0,0.0,0.0,0.0,0.0,2015-11-03,0,0.0,0.0,0.0,0.0,0.0
2015,10,18,7,UA,205,N492UA,14771,14057,807,802.0,-5.0,14.0,816.0,111.0,98.0,80.0,550,936.0,4.0,958,940.0,-18.0,0,0,,0.0,0.0,0.0,0.0,0.0,2015-10-18,0,0.0,0.0,0.0,0.0,0.0
2015,10,22,4,EV,3936,N16147,12884,13930,1300,1247.0,-13.0,18.0,1305.0,65.0,78.0,48.0,179,1253.0,12.0,1305,1305.0,0.0,0,0,,0.0,0.0,0.0,0.0,0.0,2015-10-22,0,0.0,0.0,0.0,0.0,0.0
2015,11,3,2,UA,829,N849UA,BNA,DEN,1550,1540.0,-10.0,15.0,1555.0,182.0,166.0,142.0,1014,1717.0,9.0,1752,1726.0,-26.0,0,0,,0.0,0.0,0.0,0.0,0.0,2015-11-03,0,0.0,0.0,0.0,0.0,0.0
2015,11,10,2,NK,604,N642NK,FLL,LGA,709,658.0,-11.0,12.0,710.0,171.0,172.0,135.0,1076,925.0,25.0,1000,950.0,-10.0,0,0,,0.0,0.0,0.0,0.0,0.0,2015-11-10,0,0.0,0.0,0.0,0.0,0.0
2015,11,15,7,WN,5987,N369SW,HOU,DEN,605,603.0,-2.0,9.0,612.0,150.0,138.0,123.0,883,715.0,6.0,735,721.0,-14.0,0,0,,0.0,0.0,0.0,0.0,0.0,2015-11-15,0,0.0,0.0,0.0,0.0,0.0
2015,10,26,1,EV,4188,N12166,11618,11042,2127,2129.0,2.0,21.0,2150.0,95.0,92.0,65.0,404,2255.0,6.0,2302,2301.0,-1.0,0,0,,0.0,0.0,0.0,0.0,0.0,2015-10-26,0,0.0,0.0,0.0,0.0,0.0
2015,10,30,5,WN,207,N224WN,12953,11259,1030,1030.0,0.0,37.0,1107.0,245.0,243.0,201.0,1381,1328.0,5.0,1335,1333.0,-2.0,0,0,,0.0,0.0,0.0,0.0,0.0,2015-10-30,0,0.0,0.0,0.0,0.0,0.0
2015,11,5,4,DL,7,N591NW,ATL,MSP,835,833.0,-2.0,18.0,851.0,161.0,147.0,121.0,907,952.0,8.0,1016,1000.0,-16.0,0,0,,0.0,0.0,0.0,0.0,0.0,2015-11-05,0,0.0,0.0,0.0,0.0,0.0
2015,11,3,2,WN,412,N639SW,BUF,TPA,1130,1156.0,26.0,10.0,1206.0,165.0,151.0,137.0,1053,1423.0,4.0,1415,1427.0,12.0,0,0,,0.0,0.0,0.0,0.0,0.0,2015-11-03,1,0.0,0.0,0.0,0.0,0.0
2015,11,17,2,EV,5090,N852AS,DTW,BHM,1945,1940.0,-5.0,11.0,1951.0,123.0,115.0,100.0,625,2031.0,4.0,2048,2035.0,-13.0,0,0,,0.0,0.0,0.0,0.0,0.0,2015-11-17,0,0.0,0.0,0.0,0.0,0.0
2015,11,19,4,EV,3270,N21537,SAV,ORD,1002,1001.0,-1.0,13.0,1014.0,147.0,139.0,120.0,773,1114.0,6.0,1129,1120.0,-9.0,0,0,,0.0,0.0,0.0,0.0,0.0,2015-11-19,0,0.0,0.0,0.0,0.0,0.0
2015,11,16,1,MQ,3344,N542MQ,DTW,ORD,1845,1837.0,-8.0,14.0,1851.0,89.0,75.0,47.0,235,1838.0,14.0,1914,1852.0,-22.0,0,0,,0.0,0.0,0.0,0.0,0.0,2015-11-16,0,0.0,0.0,0.0,0.0,0.0
2015,11,17,2,DL,2441,N949DL,ATL,MEM,810,808.0,-2.0,7.0,815.0,85.0,68.0,56.0,332,811.0,5.0,835,816.0,-19.0,0,0,,0.0,0.0,0.0,0.0,0.0,2015-11-17,0,0.0,0.0,0.0,0.0,0.0
2015,10,24,6,OO,4689,N187PQ,14747,11292,1315,1315.0,0.0,15.0,1330.0,162.0,150.0,127.0,1024,1637.0,8.0,1657,1645.0,-12.0,0,0,,0.0,0.0,0.0,0.0,0.0,2015-10-24,0,0.0,0.0,0.0,0.0,0.0
2015,11,15,7,DL,1161,N934DL,ATL,DAY,1215,1212.0,-3.0,20.0,1232.0,89.0,86.0,63.0,432,1335.0,3.0,1344,1338.0,-6.0,0,0,,0.0,0.0,0.0,0.0,0.0,2015-11-15,0,0.0,0.0,0.0,0.0,0.0
2015,11,3,2,WN,412,N639SW,PBI,BWI,630,634.0,4.0,8.0,642.0,140.0,141.0,127.0,883,849.0,6.0,850,855.0,5.0,0,0,,0.0,0.0,0.0,0.0,0.0,2015-11-03,0,0.0,0.0,0.0,0.0,0.0
2015,10,23,5,DL,1521,N961DL,10397,11267,816,815.0,-1.0,12.0,827.0,89.0,80.0,63.0,432,930.0,5.0,945,935.0,-10.0,0,0,,0.0,0.0,0.0,0.0,0.0,2015-10-23,0,0.0,0.0,0.0,0.0,0.0
2015,10,16,5,WN,392,N212WN,13232,12889,1630,1631.0,1.0,8.0,1639.0,235.0,219.0,207.0,1521,1806.0,4.0,1825,1810.0,-15.0,0,0,,0.0,0.0,0.0,0.0,0.0,2015-10-16,0,0.0,0.0,0.0,0.0,0.0
2015,10,13,2,OO,2929,N423SW,13930,13342,1345,1340.0,-5.0,20.0,1400.0,55.0,43.0,18.0,67,1418.0,5.0,1440,1423.0,-17.0,0,0,,0.0,0.0,0.0,0.0,0.0,2015-10-13,0,0.0,0.0,0.0,0.0,0.0
2015,11,19,4,HA,189,N480HA,KOA,HNL,1620,1616.0,-4.0,7.0,1623.0,45.0,49.0,30.0,163,1653.0,12.0,1705,1705.0,0.0,0,0,,0.0,0.0,0.0,0.0,0.0,2015-11-19,0,0.0,0.0,0.0,0.0,0.0
2015,10,13,2,B6,1516,N216JB,12478,15096,1559,1639.0,40.0,16.0,1655.0,77.0,61.0,43.0,209,1738.0,2.0,1716,1740.0,24.0,0,0,,0.0,0.0,10.0,14.0,0.0,2015-10-13,1,0.0,0.0,25.0,35.0,0.0
2015,10,23,5,OO,4457,N912EV,13487,10627,912,911.0,-1.0,24.0,935.0,85.0,87.0,59.0,386,1034.0,4.0,1037,1038.0,1.0,0,0,,0.0,0.0,0.0,0.0,0.0,2015-10-23,0,0.0,0.0,0.0,0.0,0.0
2015,11,13,5,OO,5303,N962SW,ORD,MKE,742,741.0,-1.0,17.0,758.0,46.0,41.0,20.0,67,818.0,4.0,828,822.0,-6.0,0,0,,0.0,0.0,0.0,0.0,0.0,2015-11-13,0,0.0,0.0,0.0,0.0,0.0
2015,10,28,3,OO,5222,N705SK,14122,12266,600,600.0,0.0,19.0,619.0,199.0,194.0,166.0,1117,805.0,9.0,819,814.0,-5.0,0,0,,0.0,0.0,0.0,0.0,0.0,2015-10-28,0,0.0,0.0,0.0,0.0,0.0
2015,11,7,6,B6,2680,N351JB,EWR,BOS,2106,2046.0,-20.0,16.0,2102.0,66.0,59.0,35.0,200,2137.0,8.0,2212,2145.0,-27.0,0,0,,0.0,0.0,0.0,0.0,0.0,2015-11-07,0,0.0,0.0,0.0,0.0,0.0
2015,10,22,4,WN,333,N710SW,10821,14730,1740,1744.0,4.0,12.0,1756.0,105.0,95.0,78.0,495,1914.0,5.0,1925,1919.0,-6.0,0,0,,0.0,0.0,0.0,0.0,0.0,2015-10-22,0,0.0,0.0,0.0,0.0,0.0
2015,10,18,7,WN,2584,N387SW,15304,10821,1440,1702.0,142.0,10.0,1712.0,140.0,141.0,121.0,842,1913.0,10.0,1700,1923.0,143.0,0,0,,1.0,0.0,8.0,134.0,0.0,2015-10-18,1,0.7,0.0,5.63,94.37,0.0
2015,11,14,6,OO,5219,N939SW,DEN,SBA,1730,1814.0,44.0,20.0,1834.0,161.0,143.0,118.0,916,1932.0,5.0,1911,1937.0,26.0,0,0,,0.0,0.0,26.0,0.0,0.0,2015-11-14,1,0.0,0.0,59.09,0.0,0.0
2015,10,20,2,OO,5180,N712SK,12266,14869,1745,1740.0,-5.0,21.0,1801.0,189.0,177.0,152.0,1195,1933.0,4.0,1954,1937.0,-17.0,0,0,,0.0,0.0,0.0,0.0,0.0,2015-10-20,0,0.0,0.0,0.0,0.0,0.0
2015,11,14,6,AA,1676,N837AW,BNA,CLT,1259,1256.0,-3.0,17.0,1313.0,76.0,79.0,55.0,328,1508.0,7.0,1515,1515.0,0.0,0,0,,0.0,0.0,0.0,0.0,0.0,2015-11-14,0,0.0,0.0,0.0,0.0,0.0
2015,10,25,7,WN,120,N619SW,13296,10821,1130,1125.0,-5.0,8.0,1133.0,90.0,87.0,75.0,377,1248.0,4.0,1300,1252.0,-8.0,0,0,,0.0,0.0,0.0,0.0,0.0,2015-10-25,0,0.0,0.0,0.0,0.0,0.0
2015,11,7,6,DL,1472,N918DL,TPA,ATL,1045,1047.0,2.0,7.0,1054.0,87.0,75.0,63.0,406,1157.0,5.0,1212,1202.0,-10.0,0,0,,0.0,0.0,0.0,0.0,0.0,2015-11-07,0,0.0,0.0,0.0,0.0,0.0
2015,10,16,5,WN,795,N417WN,14570,12892,1710,1714.0,4.0,8.0,1722.0,90.0,75.0,62.0,391,1824.0,5.0,1840,1829.0,-11.0,0,0,,0.0,0.0,0.0,0.0,0.0,2015-10-16,0,0.0,0.0,0.0,0.0,0.0
2015,10,20,2,B6,886,N517JB,14492,12478,1010,1010.0,0.0,15.0,1025.0,86.0,95.0,71.0,427,1136.0,9.0,1136,1145.0,9.0,0,0,,0.0,0.0,0.0,0.0,0.0,2015-10-20,0,0.0,0.0,0.0,0.0,0.0
2015,11,16,1,OO,5627,N108SY,ORD,MSN,2235,2231.0,-4.0,19.0,2250.0,53.0,58.0,34.0,108,2324.0,5.0,2328,2329.0,1.0,0,0,,0.0,0.0,0.0,0.0,0.0,2015-11-16,0,0.0,0.0,0.0,0.0,0.0
2015,10,14,3,EV,4948,N723EV,14524,12953,1454,1446.0,-8.0,22.0,1508.0,80.0,70.0,43.0,292,1551.0,5.0,1614,1556.0,-18.0,0,0,,0.0,0.0,0.0,0.0,0.0,2015-10-14,0,0.0,0.0,0.0,0.0,0.0
2015,11,16,1,OO,3423,N171SY,MKE,SEA,1645,1641.0,-4.0,13.0,1654.0,270.0,262.0,240.0,1694,1854.0,9.0,1915,1903.0,-12.0,0,0,,0.0,0.0,0.0,0.0,0.0,2015-11-16,0,0.0,0.0,0.0,0.0,0.0
2015,10,19,1,VX,97,N642VA,12264,12892,1700,1704.0,4.0,21.0,1725.0,345.0,324.0,297.0,2288,1922.0,6.0,1945,1928.0,-17.0,0,0,,0.0,0.0,0.0,0.0,0.0,2015-10-19,0,0.0,0.0,0.0,0.0,0.0
2015,10,31,6,HA,148,N478HA,12173,12758,1307,1311.0,4.0,19.0,1330.0,47.0,51.0,27.0,163,1357.0,5.0,1354,1402.0,8.0,0,0,,0.0,0.0,0.0,0.0,0.0,2015-10-31,0,0.0,0.0,0.0,0.0,0.0
2015,11,9,1,UA,1153,N461UA,SFO,PHL,1053,1103.0,10.0,33.0,1136.0,326.0,322.0,281.0,2521,1917.0,8.0,1919,1925.0,6.0,0,0,,0.0,0.0,0.0,0.0,0.0,2015-11-09,0,0.0,0.0,0.0,0.0,0.0
2015,10,25,7,AS,399,N479AS,14831,14747,1245,1239.0,-6.0,9.0,1248.0,119.0,114.0,99.0,697,1427.0,6.0,1444,1433.0,-11.0,0,0,,0.0,0.0,0.0,0.0,0.0,2015-10-25,0,0.0,0.0,0.0,0.0,0.0
2015,11,6,5,OO,6410,N960SW,SFO,BUR,1514,1511.0,-3.0,16.0,1527.0,77.0,72.0,53.0,326,1620.0,3.0,1631,1623.0,-8.0,0,0,,0.0,0.0,0.0,0.0,0.0,2015-11-06,0,0.0,0.0,0.0,0.0,0.0
2015,10,13,2,DL,1268,N918DL,10693,11433,630,625.0,-5.0,12.0,637.0,94.0,96.0,71.0,456,848.0,13.0,904,901.0,-3.0,0,0,,0.0,0.0,0.0,0.0,0.0,2015-10-13,0,0.0,0.0,0.0,0.0,0.0
2015,10,23,5,DL,2627,N983AT,13198,13487,700,704.0,4.0,14.0,718.0,85.0,85.0,68.0,393,826.0,3.0,825,829.0,4.0,0,0,,0.0,0.0,0.0,0.0,0.0,2015-10-23,0,0.0,0.0,0.0,0.0,0.0
2015,11,19,4,WN,3178,N601WN,SAN,OAK,645,641.0,-4.0,14.0,655.0,95.0,88.0,68.0,446,803.0,6.0,820,809.0,-11.0,0,0,,0.0,0.0,0.0,0.0,0.0,2015-11-19,0,0.0,0.0,0.0,0.0,0.0
2015,11,4,3,DL,1073,N334NW,MSP,PDX,1115,1114.0,-1.0,7.0,1121.0,225.0,204.0,194.0,1426,1235.0,3.0,1300,1238.0,-22.0,0,0,,0.0,0.0,0.0,0.0,0.0,2015-11-04,0,0.0,0.0,0.0,0.0,0.0
2015,11,7,6,EV,4934,N847AS,MGM,ATL,1029,1024.0,-5.0,12.0,1036.0,55.0,49.0,31.0,147,1207.0,6.0,1224,1213.0,-11.0,0,0,,0.0,0.0,0.0,0.0,0.0,2015-11-07,0,0.0,0.0,0.0,0.0,0.0
2015,11,19,4,OO,6538,N971SW,DEN,IDA,1850,1845.0,-5.0,15.0,1900.0,102.0,108.0,88.0,458,2028.0,5.0,2032,2033.0,1.0,0,0,,0.0,0.0,0.0,0.0,0.0,2015-11-19,0,0.0,0.0,0.0,0.0,0.0
2015,11,6,5,WN,327,N796SW,BWI,PWM,2230,2226.0,-4.0,31.0,2257.0,85.0,96.0,61.0,452,2358.0,4.0,2355,2.0,7.0,0,0,,0.0,0.0,0.0,0.0,0.0,2015-11-06,0,0.0,0.0,0.0,0.0,0.0
2015,10,22,4,WN,408,N8632A,14831,10423,935,944.0,9.0,9.0,953.0,200.0,188.0,173.0,1476,1446.0,6.0,1455,1452.0,-3.0,0,0,,0.0,0.0,0.0,0.0,0.0,2015-10-22,0,0.0,0.0,0.0,0.0,0.0
2015,10,28,3,AA,863,N823AW,11042,11057,1530,1522.0,-8.0,9.0,1531.0,98.0,99.0,75.0,430,1646.0,15.0,1708,1701.0,-7.0,0,0,,0.0,0.0,0.0,0.0,0.0,2015-10-28,0,0.0,0.0,0.0,0.0,0.0
2015,11,16,1,EV,4671,N13903,MAF,IAH,510,505.0,-5.0,14.0,519.0,87.0,85.0,65.0,429,624.0,6.0,637,630.0,-7.0,0,0,,0.0,0.0,0.0,0.0,0.0,2015-11-16,0,0.0,0.0,0.0,0.0,0.0
2015,11,7,6,EV,6121,N16911,IAH,MSY,1015,1012.0,-3.0,15.0,1027.0,72.0,72.0,53.0,305,1120.0,4.0,1127,1124.0,-3.0,0,0,,0.0,0.0,0.0,0.0,0.0,2015-11-07,0,0.0,0.0,0.0,0.0,0.0
2015,10,25,7,DL,1643,N349NB,11057,13487,800,757.0,-3.0,15.0,812.0,170.0,167.0,149.0,930,941.0,3.0,950,944.0,-6.0,0,0,,0.0,0.0,0.0,0.0,0.0,2015-10-25,0,0.0,0.0,0.0,0.0,0.0
2015,10,22,4,AA,1282,N4WMAA,10140,11298,615,629.0,14.0,14.0,643.0,110.0,136.0,109.0,569,932.0,13.0,905,945.0,40.0,0,0,,40.0,0.0,0.0,0.0,0.0,2015-10-22,0,285.71,0.0,0.0,0.0,0.0
2015,10,29,4,AS,800,N513AS,14893,14747,1955,1944.0,-11.0,13.0,1957.0,108.0,134.0,108.0,605,2145.0,13.0,2143,2158.0,15.0,0,0,,15.0,0.0,0.0,0.0,0.0,2015-10-29,0,-136.36,-0.0,-0.0,-0.0,-0.0
2015,11,3,2,OO,3460,N215AG,PDX,ONT,640,635.0,-5.0,14.0,649.0,137.0,126.0,109.0,838,838.0,3.0,857,841.0,-16.0,0,0,,0.0,0.0,0.0,0.0,0.0,2015-11-03,0,0.0,0.0,0.0,0.0,0.0
2015,11,15,7,WN,168,N295WN,AUS,DAL,2005,2024.0,19.0,9.0,2033.0,55.0,52.0,38.0,189,2111.0,5.0,2100,2116.0,16.0,0,0,,0.0,0.0,6.0,10.0,0.0,2015-11-15,1,0.0,0.0,31.58,52.63,0.0
2015,11,10,2,MQ,3172,N644MQ,ORD,DBQ,1524,1523.0,-1.0,4.0,1527.0,58.0,40.0,32.0,147,1559.0,4.0,1622,1603.0,-19.0,0,0,,0.0,0.0,0.0,0.0,0.0,2015-11-10,0,0.0,0.0,0.0,0.0,0.0
2015,10,26,1,WN,916,N359SW,10821,14307,1135,1129.0,-6.0,14.0,1143.0,70.0,68.0,50.0,327,1233.0,4.0,1245,1237.0,-8.0,0,0,,0.0,0.0,0.0,0.0,0.0,2015-10-26,0,0.0,0.0,0.0,0.0,0.0
2015,10,24,6,OO,7384,N440SW,14869,11122,2010,1957.0,-13.0,18.0,2015.0,77.0,68.0,46.0,320,2101.0,4.0,2127,2105.0,-22.0,0,0,,0.0,0.0,0.0,0.0,0.0,2015-10-24,0,0.0,0.0,0.0,0.0,0.0
2015,10,15,4,WN,504,N483WN,11066,13204,1630,1626.0,-4.0,8.0,1634.0,135.0,121.0,108.0,802,1822.0,5.0,1845,1827.0,-18.0,0,0,,0.0,0.0,0.0,0.0,0.0,2015-10-15,0,0.0,0.0,0.0,0.0,0.0
2015,10,27,2,WN,1868,N771SA,12892,12889,615,613.0,-2.0,21.0,634.0,70.0,76.0,48.0,236,722.0,7.0,725,729.0,4.0,0,0,,0.0,0.0,0.0,0.0,0.0,2015-10-27,0,0.0,0.0,0.0,0.0,0.0
2015,11,14,6,AS,542,N483AS,SEA,LAX,1555,1553.0,-2.0,28.0,1621.0,155.0,174.0,142.0,954,1843.0,4.0,1830,1847.0,17.0,0,0,,17.0,0.0,0.0,0.0,0.0,2015-11-14,0,-850.0,-0.0,-0.0,-0.0,-0.0
2015,11,8,7,WN,1974,N390SW,ATL,BWI,2220,2239.0,19.0,11.0,2250.0,105.0,90.0,73.0,577,3.0,6.0,5,9.0,4.0,0,0,,0.0,0.0,0.0,0.0,0.0,2015-11-08,1,0.0,0.0,0.0,0.0,0.0
2015,10,26,1,WN,3043,N7829B,12892,14107,1300,1311.0,11.0,19.0,1330.0,80.0,77.0,54.0,370,1424.0,4.0,1420,1428.0,8.0,0,0,,0.0,0.0,0.0,0.0,0.0,2015-10-26,0,0.0,0.0,0.0,0.0,0.0
2015,10,27,2,WN,36,N707SA,11259,12278,1635,1723.0,48.0,8.0,1731.0,70.0,62.0,50.0,333,1821.0,4.0,1745,1825.0,40.0,0,0,,0.0,0.0,11.0,29.0,0.0,2015-10-27,1,0.0,0.0,22.92,60.42,0.0
2015,11,2,1,AA,256,N794AA,LAX,JFK,1300,1258.0,-2.0,18.0,1316.0,341.0,303.0,272.0,2475,2048.0,13.0,2141,2101.0,-40.0,0,0,,0.0,0.0,0.0,0.0,0.0,2015-11-02,0,0.0,0.0,0.0,0.0,0.0
2015,11,14,6,UA,641,N210UA,LAX,HNL,850,901.0,11.0,20.0,921.0,348.0,325.0,299.0,2556,1220.0,6.0,1238,1226.0,-12.0,0,0,,0.0,0.0,0.0,0.0,0.0,2015-11-14,0,0.0,0.0,0.0,0.0,0.0
2015,11,3,2,AS,511,N588AS,LAX,SEA,1515,1512.0,-3.0,18.0,1530.0,164.0,168.0,141.0,954,1751.0,9.0,1759,1800.0,1.0,0,0,,0.0,0.0,0.0,0.0,0.0,2015-11-03,0,0.0,0.0,0.0,0.0,0.0
2015,10,22,4,DL,2454,N612DL,14908,10397,645,642.0,-3.0,18.0,700.0,268.0,240.0,217.0,1919,1337.0,5.0,1413,1342.0,-31.0,0,0,,0.0,0.0,0.0,0.0,0.0,2015-10-22,0,0.0,0.0,0.0,0.0,0.0
2015,11,20,5,EV,4208,N13124,SHV,IAH,535,532.0,-3.0,5.0,537.0,61.0,49.0,36.0,192,613.0,8.0,636,621.0,-15.0,0,0,,0.0,0.0,0.0,0.0,0.0,2015-11-20,0,0.0,0.0,0.0,0.0,0.0
2015,11,17,2,AA,2259,N555AA,BNA,DFW,1903,1854.0,-9.0,23.0,1917.0,127.0,126.0,100.0,631,2057.0,3.0,2110,2100.0,-10.0,0,0,,0.0,0.0,0.0,0.0,0.0,2015-11-17,0,0.0,0.0,0.0,0.0,0.0
2015,10,31,6,OO,4522,N783CA,12003,14869,1430,1420.0,-10.0,12.0,1432.0,89.0,83.0,65.0,463,1537.0,6.0,1559,1543.0,-16.0,0,0,,0.0,0.0,0.0,0.0,0.0,2015-10-31,0,0.0,0.0,0.0,0.0,0.0
2015,10,26,1,EV,5214,N738EV,14633,13487,1557,1620.0,23.0,13.0,1633.0,48.0,40.0,25.0,76,1658.0,2.0,1645,1700.0,15.0,0,0,,0.0,0.0,0.0,15.0,0.0,2015-10-26,1,0.0,0.0,0.0,65.22,0.0
2015,10,15,4,WN,1570,N966WN,11292,12953,1735,1805.0,30.0,9.0,1814.0,230.0,190.0,171.0,1620,2305.0,10.0,2325,2315.0,-10.0,0,0,,0.0,0.0,0.0,0.0,0.0,2015-10-15,1,0.0,0.0,0.0,0.0,0.0
2015,10,15,4,WN,2985,N258WN,13232,13198,640,636.0,-4.0,9.0,645.0,85.0,80.0,66.0,405,751.0,5.0,805,756.0,-9.0,0,0,,0.0,0.0,0.0,0.0,0.0,2015-10-15,0,0.0,0.0,0.0,0.0,0.0
2015,11,11,3,WN,1001,N7751A,TPA,SAT,1545,1542.0,-3.0,9.0,1551.0,170.0,154.0,140.0,972,1711.0,5.0,1735,1716.0,-19.0,0,0,,0.0,0.0,0.0,0.0,0.0,2015-11-11,0,0.0,0.0,0.0,0.0,0.0
2015,11,4,3,AA,1765,N705UW,CLT,MCI,1614,1609.0,-5.0,11.0,1620.0,147.0,136.0,117.0,808,1717.0,8.0,1741,1725.0,-16.0,0,0,,0.0,0.0,0.0,0.0,0.0,2015-11-04,0,0.0,0.0,0.0,0.0,0.0
2015,11,2,1,WN,540,N969WN,CAK,ATL,1830,1825.0,-5.0,10.0,1835.0,110.0,107.0,88.0,528,2003.0,9.0,2020,2012.0,-8.0,0,0,,0.0,0.0,0.0,0.0,0.0,2015-11-02,0,0.0,0.0,0.0,0.0,0.0
2015,11,1,7,AA,1447,N4YTAA,DFW,PIT,1406,1415.0,9.0,11.0,1426.0,165.0,137.0,123.0,1067,1729.0,3.0,1751,1732.0,-19.0,0,0,,0.0,0.0,0.0,0.0,0.0,2015-11-01,0,0.0,0.0,0.0,0.0,0.0
2015,10,28,3,WN,1628,N525SW,11259,12191,600,559.0,-1.0,12.0,611.0,60.0,58.0,39.0,239,650.0,7.0,700,657.0,-3.0,0,0,,0.0,0.0,0.0,0.0,0.0,2015-10-28,0,0.0,0.0,0.0,0.0,0.0
2015,11,4,3,AA,1929,N752US,BUF,CLT,1150,1202.0,12.0,9.0,1211.0,112.0,103.0,89.0,546,1340.0,5.0,1342,1345.0,3.0,0,0,,0.0,0.0,0.0,0.0,0.0,2015-11-04,0,0.0,0.0,0.0,0.0,0.0
2015,11,9,1,AA,1511,N879AA,DFW,MIA,1510,1518.0,8.0,17.0,1535.0,165.0,263.0,133.0,1121,1848.0,113.0,1855,2041.0,106.0,0,0,,98.0,0.0,8.0,0.0,0.0,2015-11-09,0,1225.0,0.0,100.0,0.0,0.0
2015,10,21,3,DL,1379,N317NB,10397,10599,1050,1047.0,-3.0,15.0,1102.0,55.0,48.0,31.0,134,1033.0,2.0,1045,1035.0,-10.0,0,0,,0.0,0.0,0.0,0.0,0.0,2015-10-21,0,0.0,0.0,0.0,0.0,0.0
2015,10,20,2,WN,1958,N8616C,12889,14869,900,900.0,0.0,11.0,911.0,80.0,68.0,52.0,368,1103.0,5.0,1120,1108.0,-12.0,0,0,,0.0,0.0,0.0,0.0,0.0,2015-10-20,0,0.0,0.0,0.0,0.0,0.0
2015,11,16,1,MQ,3463,N939MQ,ORD,BUF,2201,2201.0,0.0,14.0,2215.0,92.0,81.0,63.0,474,18.0,4.0,33,22.0,-11.0,0,0,,0.0,0.0,0.0,0.0,0.0,2015-11-16,0,0.0,0.0,0.0,0.0,0.0
2015,10,13,2,WN,5025,N273WN,10423,11259,1630,1638.0,8.0,10.0,1648.0,55.0,55.0,41.0,189,1729.0,4.0,1725,1733.0,8.0,0,0,,0.0,0.0,0.0,0.0,0.0,2015-10-13,0,0.0,0.0,0.0,0.0,0.0
2015,11,9,1,UA,1696,N435UA,EWR,SEA,1807,1759.0,-8.0,24.0,1823.0,380.0,340.0,306.0,2402,2029.0,10.0,2127,2039.0,-48.0,0,0,,0.0,0.0,0.0,0.0,0.0,2015-11-09,0,0.0,0.0,0.0,0.0,0.0
2015,10,19,1,WN,718,N765SW,12191,13204,610,605.0,-5.0,6.0,611.0,135.0,114.0,103.0,849,854.0,5.0,925,859.0,-26.0,0,0,,0.0,0.0,0.0,0.0,0.0,2015-10-19,0,0.0,0.0,0.0,0.0,0.0
2015,11,16,1,WN,2946,N459WN,MDW,EWR,600,555.0,-5.0,9.0,604.0,120.0,108.0,92.0,711,836.0,7.0,900,843.0,-17.0,0,0,,0.0,0.0,0.0,0.0,0.0,2015-11-16,0,0.0,0.0,0.0,0.0,0.0
2015,10,22,4,DL,1201,N329NB,10397,12264,2205,2215.0,10.0,17.0,2232.0,109.0,98.0,75.0,534,2347.0,6.0,2354,2353.0,-1.0,0,0,,0.0,0.0,0.0,0.0,0.0,2015-10-22,0,0.0,0.0,0.0,0.0,0.0
2015,11,10,2,DL,2027,N957AT,LAX,SEA,840,830.0,-10.0,38.0,908.0,170.0,195.0,147.0,954,1135.0,10.0,1130,1145.0,15.0,0,0,,15.0,0.0,0.0,0.0,0.0,2015-11-10,0,-150.0,-0.0,-0.0,-0.0,-0.0
2015,11,1,7,AA,1319,N3MAAA,LAX,IND,1110,1113.0,3.0,12.0,1125.0,240.0,229.0,213.0,1814,1758.0,4.0,1810,1802.0,-8.0,0,0,,0.0,0.0,0.0,0.0,0.0,2015-11-01,0,0.0,0.0,0.0,0.0,0.0
2015,11,7,6,DL,1265,N990DL,SAV,ATL,1400,1355.0,-5.0,23.0,1418.0,73.0,68.0,40.0,214,1458.0,5.0,1513,1503.0,-10.0,0,0,,0.0,0.0,0.0,0.0,0.0,2015-11-07,0,0.0,0.0,0.0,0.0,0.0
2015,10,21,3,WN,3145,N477WN,12889,14908,1545,1554.0,9.0,11.0,1605.0,65.0,55.0,41.0,226,1646.0,3.0,1650,1649.0,-1.0,0,0,,0.0,0.0,0.0,0.0,0.0,2015-10-21,0,0.0,0.0,0.0,0.0,0.0
2015,10,25,7,B6,1371,N591JB,12953,11697,2132,2233.0,61.0,17.0,2250.0,175.0,168.0,145.0,1076,115.0,6.0,27,121.0,54.0,0,0,,0.0,0.0,17.0,37.0,0.0,2015-10-25,1,0.0,0.0,27.87,60.66,0.0
2015,11,14,6,WN,3192,N953WN,CMH,DEN,1010,1005.0,-5.0,8.0,1013.0,200.0,173.0,156.0,1154,1049.0,9.0,1130,1058.0,-32.0,0,0,,0.0,0.0,0.0,0.0,0.0,2015-11-14,0,0.0,0.0,0.0,0.0,0.0
2015,10,17,6,AS,315,N403AS,14771,14747,1620,1612.0,-8.0,10.0,1622.0,124.0,105.0,87.0,679,1749.0,8.0,1824,1757.0,-27.0,0,0,,0.0,0.0,0.0,0.0,0.0,2015-10-17,0,0.0,0.0,0.0,0.0,0.0
2015,11,15,7,UA,1700,N34455,IAH,PHX,905,858.0,-7.0,11.0,909.0,181.0,165.0,150.0,1009,1039.0,4.0,1106,1043.0,-23.0,0,0,,0.0,0.0,0.0,0.0,0.0,2015-11-15,0,0.0,0.0,0.0,0.0,0.0
2015,11,13,5,OO,2962,N464SW,PHX,PSP,1730,1725.0,-5.0,21.0,1746.0,67.0,70.0,45.0,261,1731.0,4.0,1737,1735.0,-2.0,0,0,,0.0,0.0,0.0,0.0,0.0,2015-11-13,0,0.0,0.0,0.0,0.0,0.0
2015,10,15,4,OO,4574,N629BR,13487,10627,1735,1935.0,120.0,29.0,2004.0,89.0,92.0,60.0,386,2104.0,3.0,1904,2107.0,123.0,0,0,,3.0,0.0,112.0,8.0,0.0,2015-10-15,1,2.5,0.0,93.33,6.67,0.0
2015,10,26,1,B6,315,N348JB,15096,12478,1110,1100.0,-10.0,8.0,1108.0,68.0,60.0,44.0,209,1152.0,8.0,1218,1200.0,-18.0,0,0,,0.0,0.0,0.0,0.0,0.0,2015-10-26,0,0.0,0.0,0.0,0.0,0.0
2015,11,17,2,DL,670,N985AT,ROC,DTW,610,605.0,-5.0,12.0,617.0,84.0,60.0,44.0,296,701.0,4.0,734,705.0,-29.0,0,0,,0.0,0.0,0.0,0.0,0.0,2015-11-17,0,0.0,0.0,0.0,0.0,0.0
2015,10,28,3,VX,406,N623VA,12892,12478,1040,1118.0,38.0,25.0,1143.0,325.0,329.0,296.0,2475,1939.0,8.0,1905,1947.0,42.0,0,0,,42.0,0.0,0.0,0.0,0.0,2015-10-28,1,110.53,0.0,0.0,0.0,0.0
2015,11,14,6,F9,612,N213FR,DEN,MIA,2300,2302.0,2.0,12.0,2314.0,225.0,227.0,208.0,1709,442.0,7.0,445,449.0,4.0,0,0,,0.0,0.0,0.0,0.0,0.0,2015-11-14,0,0.0,0.0,0.0,0.0,0.0
2015,11,2,1,DL,2226,N693DL,ATL,FLL,805,855.0,50.0,17.0,912.0,103.0,110.0,84.0,581,1036.0,9.0,948,1045.0,57.0,0,0,,7.0,0.0,0.0,0.0,50.0,2015-11-02,1,14.0,0.0,0.0,0.0,100.0
2015,10,17,6,WN,3668,N487WN,11278,13232,850,850.0,0.0,9.0,859.0,130.0,114.0,99.0,601,938.0,6.0,1000,944.0,-16.0,0,0,,0.0,0.0,0.0,0.0,0.0,2015-10-17,0,0.0,0.0,0.0,0.0,0.0
2015,11,19,4,F9,330,N201FR,DEN,MSP,1445,1441.0,-4.0,11.0,1452.0,112.0,101.0,85.0,680,1717.0,5.0,1737,1722.0,-15.0,0,0,,0.0,0.0,0.0,0.0,0.0,2015-11-19,0,0.0,0.0,0.0,0.0,0.0
2015,11,3,2,AA,1287,N3JXAA,MIA,ORD,655,654.0,-1.0,13.0,707.0,198.0,186.0,156.0,1197,843.0,17.0,913,900.0,-13.0,0,0,,0.0,0.0,0.0,0.0,0.0,2015-11-03,0,0.0,0.0,0.0,0.0,0.0
2015,11,13,5,AS,406,N558AS,PDX,SJC,600,557.0,-3.0,10.0,607.0,105.0,97.0,82.0,569,729.0,5.0,745,734.0,-11.0,0,0,,0.0,0.0,0.0,0.0,0.0,2015-11-13,0,0.0,0.0,0.0,0.0,0.0
2015,11,8,7,OO,5335,N983SW,ONT,SFO,815,831.0,16.0,13.0,844.0,87.0,77.0,58.0,363,942.0,6.0,942,948.0,6.0,0,0,,0.0,0.0,0.0,0.0,0.0,2015-11-08,1,0.0,0.0,0.0,0.0,0.0
2015,11,17,2,OO,6291,N962SW,FAT,SFO,645,637.0,-8.0,15.0,652.0,58.0,50.0,31.0,158,723.0,4.0,743,727.0,-16.0,0,0,,0.0,0.0,0.0,0.0,0.0,2015-11-17,0,0.0,0.0,0.0,0.0,0.0
2015,11,1,7,WN,2470,N8614M,DAL,LAS,2010,2007.0,-3.0,10.0,2017.0,180.0,162.0,148.0,1067,2045.0,4.0,2110,2049.0,-21.0,0,0,,0.0,0.0,0.0,0.0,0.0,2015-11-01,0,0.0,0.0,0.0,0.0,0.0
2015,10,23,5,WN,1605,N8623F,11259,13204,740,750.0,10.0,13.0,803.0,150.0,154.0,134.0,973,1117.0,7.0,1110,1124.0,14.0,0,0,,0.0,0.0,0.0,0.0,0.0,2015-10-23,0,0.0,0.0,0.0,0.0,0.0
2015,11,16,1,MQ,3638,N520MQ,ORD,XNA,1332,1328.0,-4.0,13.0,1341.0,110.0,96.0,80.0,522,1501.0,3.0,1522,1504.0,-18.0,0,0,,0.0,0.0,0.0,0.0,0.0,2015-11-16,0,0.0,0.0,0.0,0.0,0.0
2015,11,18,3,WN,1486,N7722B,BNA,AUS,810,803.0,-7.0,9.0,812.0,145.0,133.0,116.0,756,1008.0,8.0,1035,1016.0,-19.0,0,0,,0.0,0.0,0.0,0.0,0.0,2015-11-18,0,0.0,0.0,0.0,0.0,0.0
2015,10,22,4,EV,3964,N16561,15412,13930,1005,958.0,-7.0,10.0,1008.0,103.0,98.0,79.0,475,1027.0,9.0,1048,1036.0,-12.0,0,0,,0.0,0.0,0.0,0.0,0.0,2015-10-22,0,0.0,0.0,0.0,0.0,0.0
2015,11,11,3,DL,913,N673DL,ATL,SNA,2000,2017.0,17.0,22.0,2039.0,295.0,307.0,279.0,1919,2218.0,6.0,2155,2224.0,29.0,0,0,,12.0,0.0,17.0,0.0,0.0,2015-11-11,1,70.59,0.0,100.0,0.0,0.0
2015,10,22,4,WN,1094,N8317M,14635,15016,1210,1208.0,-2.0,8.0,1216.0,155.0,152.0,140.0,979,1336.0,4.0,1345,1340.0,-5.0,0,0,,0.0,0.0,0.0,0.0,0.0,2015-10-22,0,0.0,0.0,0.0,0.0,0.0
2015,10,21,3,MQ,3528,N608MQ,13290,11298,620,618.0,-2.0,11.0,629.0,100.0,88.0,67.0,431,736.0,10.0,800,746.0,-14.0,0,0,,0.0,0.0,0.0,0.0,0.0,2015-10-21,0,0.0,0.0,0.0,0.0,0.0
2015,11,4,3,OO,6224,N918SW,RDM,DEN,547,538.0,-9.0,17.0,555.0,146.0,148.0,123.0,898,858.0,8.0,913,906.0,-7.0,0,0,,0.0,0.0,0.0,0.0,0.0,2015-11-04,0,0.0,0.0,0.0,0.0,0.0
2015,10,28,3,DL,1742,N974AT,10397,11641,2106,2103.0,-3.0,14.0,2117.0,83.0,71.0,53.0,331,2210.0,4.0,2229,2214.0,-15.0,0,0,,0.0,0.0,0.0,0.0,0.0,2015-10-28,0,0.0,0.0,0.0,0.0,0.0
2015,10,27,2,AA,1326,N3LFAA,15370,13930,545,813.0,148.0,11.0,824.0,115.0,109.0,79.0,585,943.0,19.0,740,1002.0,142.0,0,0,,0.0,0.0,142.0,0.0,0.0,2015-10-27,1,0.0,0.0,95.95,0.0,0.0
2015,10,29,4,OO,2923,N417SW,12278,13930,528,524.0,-4.0,13.0,537.0,118.0,118.0,84.0,588,701.0,21.0,726,722.0,-4.0,0,0,,0.0,0.0,0.0,0.0,0.0,2015-10-29,0,0.0,0.0,0.0,0.0,0.0
2015,10,19,1,EV,4245,N17169,14730,11618,1955,1948.0,-7.0,10.0,1958.0,124.0,114.0,98.0,642,2136.0,6.0,2159,2142.0,-17.0,0,0,,0.0,0.0,0.0,0.0,0.0,2015-10-19,0,0.0,0.0,0.0,0.0,0.0
2015,11,6,5,AS,552,N315AS,PDX,SAN,1955,1947.0,-8.0,16.0,2003.0,141.0,145.0,125.0,933,2208.0,4.0,2216,2212.0,-4.0,0,0,,0.0,0.0,0.0,0.0,0.0,2015-11-06,0,0.0,0.0,0.0,0.0,0.0
2015,11,15,7,EV,4353,N16918,ORD,CLE,1920,1916.0,-4.0,15.0,1931.0,79.0,71.0,51.0,316,2122.0,5.0,2139,2127.0,-12.0,0,0,,0.0,0.0,0.0,0.0,0.0,2015-11-15,0,0.0,0.0,0.0,0.0,0.0
2015,10,27,2,VX,474,N841VA,12892,12889,900,858.0,-2.0,12.0,910.0,65.0,66.0,46.0,236,956.0,8.0,1005,1004.0,-1.0,0,0,,0.0,0.0,0.0,0.0,0.0,2015-10-27,0,0.0,0.0,0.0,0.0,0.0
2015,11,18,3,AA,2142,N742PS,BOS,DCA,1500,1453.0,-7.0,13.0,1506.0,97.0,100.0,79.0,399,1625.0,8.0,1637,1633.0,-4.0,0,0,,0.0,0.0,0.0,0.0,0.0,2015-11-18,0,0.0,0.0,0.0,0.0,0.0
2015,10,18,7,OO,4668,N803SK,14869,11292,940,935.0,-5.0,16.0,951.0,89.0,83.0,60.0,391,1051.0,7.0,1109,1058.0,-11.0,0,0,,0.0,0.0,0.0,0.0,0.0,2015-10-18,0,0.0,0.0,0.0,0.0,0.0
2015,11,2,1,EV,4628,N12175,EWR,STL,1234,1253.0,19.0,37.0,1330.0,170.0,172.0,132.0,872,1442.0,3.0,1424,1445.0,21.0,0,0,,2.0,0.0,19.0,0.0,0.0,2015-11-02,1,10.53,0.0,100.0,0.0,0.0
2015,10,25,7,DL,2560,N320US,10821,14869,730,727.0,-3.0,11.0,738.0,290.0,281.0,265.0,1865,1003.0,5.0,1020,1008.0,-12.0,0,0,,0.0,0.0,0.0,0.0,0.0,2015-10-25,0,0.0,0.0,0.0,0.0,0.0
2015,10,27,2,MQ,3372,N906MQ,11298,11193,710,708.0,-2.0,32.0,740.0,142.0,146.0,109.0,812,1029.0,5.0,1032,1034.0,2.0,0,0,,0.0,0.0,0.0,0.0,0.0,2015-10-27,0,0.0,0.0,0.0,0.0,0.0
2015,11,16,1,AA,87,N3MDAA,ORD,PDX,1741,1737.0,-4.0,15.0,1752.0,278.0,260.0,241.0,1739,1953.0,4.0,2019,1957.0,-22.0,0,0,,0.0,0.0,0.0,0.0,0.0,2015-11-16,0,0.0,0.0,0.0,0.0,0.0
2015,11,4,3,UA,1711,N801UA,AUS,IAH,615,900.0,165.0,16.0,916.0,63.0,53.0,33.0,140,949.0,4.0,718,953.0,155.0,0,0,,0.0,0.0,155.0,0.0,0.0,2015-11-04,1,0.0,0.0,93.94,0.0,0.0
2015,11,1,7,AA,327,N3JUAA,DEN,ORD,705,705.0,0.0,14.0,719.0,146.0,132.0,111.0,888,1010.0,7.0,1031,1017.0,-14.0,0,0,,0.0,0.0,0.0,0.0,0.0,2015-11-01,0,0.0,0.0,0.0,0.0,0.0
2015,11,19,4,WN,4050,N628SW,SLC,DEN,1145,1142.0,-3.0,8.0,1150.0,80.0,68.0,54.0,391,1244.0,6.0,1305,1250.0,-15.0,0,0,,0.0,0.0,0.0,0.0,0.0,2015-11-19,0,0.0,0.0,0.0,0.0,0.0
2015,10,21,3,DL,2393,N925DN,13487,10821,859,853.0,-6.0,11.0,904.0,150.0,136.0,121.0,936,1205.0,4.0,1229,1209.0,-20.0,0,0,,0.0,0.0,0.0,0.0,0.0,2015-10-21,0,0.0,0.0,0.0,0.0,0.0
2015,10,28,3,AA,168,N434AA,14492,11298,1855,1848.0,-7.0,12.0,1900.0,189.0,191.0,165.0,1061,2045.0,14.0,2104,2059.0,-5.0,0,0,,0.0,0.0,0.0,0.0,0.0,2015-10-28,0,0.0,0.0,0.0,0.0,0.0
2015,10,12,1,DL,1221,N915DL,13851,10397,1540,1535.0,-5.0,12.0,1547.0,125.0,109.0,92.0,761,1819.0,5.0,1845,1824.0,-21.0,0,0,,0.0,0.0,0.0,0.0,0.0,2015-10-12,0,0.0,0.0,0.0,0.0,0.0
2015,10,21,3,AA,1578,N3ALAA,10721,11298,1426,1424.0,-2.0,11.0,1435.0,259.0,274.0,218.0,1562,1713.0,45.0,1745,1758.0,13.0,0,0,,0.0,0.0,0.0,0.0,0.0,2015-10-21,0,0.0,0.0,0.0,0.0,0.0
2015,11,13,5,DL,979,N846DN,LAX,IND,2240,2237.0,-3.0,11.0,2248.0,235.0,226.0,212.0,1814,520.0,3.0,535,523.0,-12.0,0,0,,0.0,0.0,0.0,0.0,0.0,2015-11-13,0,0.0,0.0,0.0,0.0,0.0
2015,11,9,1,WN,877,N214WN,BNA,TPA,820,820.0,0.0,12.0,832.0,105.0,110.0,92.0,612,1104.0,6.0,1105,1110.0,5.0,0,0,,0.0,0.0,0.0,0.0,0.0,2015-11-09,0,0.0,0.0,0.0,0.0,0.0
2015,11,5,4,AA,315,N862AA,DFW,SAT,1225,1227.0,2.0,17.0,1244.0,74.0,66.0,46.0,247,1330.0,3.0,1339,1333.0,-6.0,0,0,,0.0,0.0,0.0,0.0,0.0,2015-11-05,0,0.0,0.0,0.0,0.0,0.0
2015,11,9,1,DL,918,N812DN,MCI,ATL,1655,1648.0,-7.0,14.0,1702.0,114.0,114.0,88.0,692,1930.0,12.0,1949,1942.0,-7.0,0,0,,0.0,0.0,0.0,0.0,0.0,2015-11-09,0,0.0,0.0,0.0,0.0,0.0
2015,11,8,7,DL,2159,N964AT,SLC,LAS,1655,1651.0,-4.0,15.0,1706.0,83.0,86.0,65.0,368,1711.0,6.0,1718,1717.0,-1.0,0,0,,0.0,0.0,0.0,0.0,0.0,2015-11-08,0,0.0,0.0,0.0,0.0,0.0
2015,11,3,2,WN,2941,N642WN,SEA,PHX,540,538.0,-2.0,16.0,554.0,165.0,170.0,150.0,1107,924.0,4.0,925,928.0,3.0,0,0,,0.0,0.0,0.0,0.0,0.0,2015-11-03,0,0.0,0.0,0.0,0.0,0.0
2015,11,6,5,DL,2552,N924AT,ATL,GNV,1508,1505.0,-3.0,23.0,1528.0,76.0,72.0,44.0,300,1612.0,5.0,1624,1617.0,-7.0,0,0,,0.0,0.0,0.0,0.0,0.0,2015-11-06,0,0.0,0.0,0.0,0.0,0.0
2015,11,3,2,EV,5174,N166PQ,ATL,IAH,730,728.0,-2.0,15.0,743.0,131.0,123.0,100.0,689,823.0,8.0,841,831.0,-10.0,0,0,,0.0,0.0,0.0,0.0,0.0,2015-11-03,0,0.0,0.0,0.0,0.0,0.0
2015,10,26,1,MQ,3290,N9EAMQ,13930,12451,2030,2024.0,-6.0,16.0,2040.0,152.0,137.0,114.0,864,2334.0,7.0,2,2341.0,-21.0,0,0,,0.0,0.0,0.0,0.0,0.0,2015-10-26,0,0.0,0.0,0.0,0.0,0.0
2015,10,19,1,WN,797,N568WN,12191,12892,2150,2209.0,19.0,7.0,2216.0,215.0,202.0,187.0,1390,2323.0,8.0,2325,2331.0,6.0,0,0,,0.0,0.0,0.0,0.0,0.0,2015-10-19,1,0.0,0.0,0.0,0.0,0.0
2015,11,3,2,MQ,3101,N534MQ,DTW,LGA,925,919.0,-6.0,12.0,931.0,119.0,93.0,73.0,502,1044.0,8.0,1124,1052.0,-32.0,0,0,,0.0,0.0,0.0,0.0,0.0,2015-11-03,0,0.0,0.0,0.0,0.0,0.0
2015,10,26,1,OO,3013,N468CA,14869,14107,820,810.0,-10.0,14.0,824.0,111.0,100.0,73.0,507,837.0,13.0,911,850.0,-21.0,0,0,,0.0,0.0,0.0,0.0,0.0,2015-10-26,0,0.0,0.0,0.0,0.0,0.0
2015,10,22,4,DL,1866,N553NW,11433,13204,1802,1802.0,0.0,14.0,1816.0,152.0,140.0,119.0,957,2015.0,7.0,2034,2022.0,-12.0,0,0,,0.0,0.0,0.0,0.0,0.0,2015-10-22,0,0.0,0.0,0.0,0.0,0.0
2015,11,6,5,EV,5534,N882AS,BTR,ATL,730,725.0,-5.0,20.0,745.0,91.0,104.0,71.0,448,956.0,13.0,1001,1009.0,8.0,0,0,,0.0,0.0,0.0,0.0,0.0,2015-11-06,0,0.0,0.0,0.0,0.0,0.0
2015,11,5,4,WN,3101,N294WN,ATL,RDU,1055,1106.0,11.0,21.0,1127.0,80.0,75.0,51.0,356,1218.0,3.0,1215,1221.0,6.0,0,0,,0.0,0.0,0.0,0.0,0.0,2015-11-05,0,0.0,0.0,0.0,0.0,0.0
2015,10,27,2,UA,1237,N37465,13930,11433,740,742.0,2.0,11.0,753.0,79.0,67.0,52.0,235,945.0,4.0,959,949.0,-10.0,0,0,,0.0,0.0,0.0,0.0,0.0,2015-10-27,0,0.0,0.0,0.0,0.0,0.0
2015,11,12,4,WN,695,N213WN,LGA,MKE,1455,1543.0,48.0,21.0,1604.0,155.0,144.0,117.0,738,1701.0,6.0,1630,1707.0,37.0,0,0,,0.0,0.0,4.0,33.0,0.0,2015-11-12,1,0.0,0.0,8.33,68.75,0.0
2015,10,31,6,B6,1883,N640JB,12478,13204,1459,1458.0,-1.0,24.0,1522.0,178.0,156.0,127.0,944,1729.0,5.0,1757,1734.0,-23.0,0,0,,0.0,0.0,0.0,0.0,0.0,2015-10-31,0,0.0,0.0,0.0,0.0,0.0
2015,10,29,4,F9,557,N938FR,11292,14679,1715,1710.0,-5.0,8.0,1718.0,137.0,124.0,112.0,853,1810.0,4.0,1832,1814.0,-18.0,0,0,,0.0,0.0,0.0,0.0,0.0,2015-10-29,0,0.0,0.0,0.0,0.0,0.0
2015,10,30,5,B6,885,N206JB,12478,14492,800,758.0,-2.0,17.0,815.0,106.0,97.0,74.0,427,929.0,6.0,946,935.0,-11.0,0,0,,0.0,0.0,0.0,0.0,0.0,2015-10-30,0,0.0,0.0,0.0,0.0,0.0
2015,11,17,2,EV,5934,N13566,ORD,SCE,1408,1400.0,-8.0,29.0,1429.0,97.0,106.0,72.0,528,1641.0,5.0,1645,1646.0,1.0,0,0,,0.0,0.0,0.0,0.0,0.0,2015-11-17,0,0.0,0.0,0.0,0.0,0.0
2015,10,20,2,MQ,3248,N527MQ,11066,12953,1735,1726.0,-9.0,10.0,1736.0,101.0,101.0,80.0,479,1856.0,11.0,1916,1907.0,-9.0,0,0,,0.0,0.0,0.0,0.0,0.0,2015-10-20,0,0.0,0.0,0.0,0.0,0.0
2015,11,4,3,MQ,3157,N0EGMQ,ORD,DSM,1150,1148.0,-2.0,10.0,1158.0,84.0,59.0,46.0,299,1244.0,3.0,1314,1247.0,-27.0,0,0,,0.0,0.0,0.0,0.0,0.0,2015-11-04,0,0.0,0.0,0.0,0.0,0.0
2015,10,27,2,WN,3108,N7813P,10693,12953,640,636.0,-4.0,13.0,649.0,135.0,122.0,98.0,764,927.0,11.0,955,938.0,-17.0,0,0,,0.0,0.0,0.0,0.0,0.0,2015-10-27,0,0.0,0.0,0.0,0.0,0.0
2015,10,11,7,AA,2472,N5FBAA,14679,11298,1230,1225.0,-5.0,13.0,1238.0,181.0,170.0,143.0,1171,1701.0,14.0,1731,1715.0,-16.0,0,0,,0.0,0.0,0.0,0.0,0.0,2015-10-11,0,0.0,0.0,0.0,0.0,0.0
2015,11,7,6,MQ,3170,N637MQ,FAR,ORD,1920,1908.0,-12.0,10.0,1918.0,119.0,99.0,83.0,557,2041.0,6.0,2119,2047.0,-32.0,0,0,,0.0,0.0,0.0,0.0,0.0,2015-11-07,0,0.0,0.0,0.0,0.0,0.0
2015,11,8,7,WN,12,N514SW,HOU,DAL,900,859.0,-1.0,11.0,910.0,60.0,53.0,37.0,239,947.0,5.0,1000,952.0,-8.0,0,0,,0.0,0.0,0.0,0.0,0.0,2015-11-08,0,0.0,0.0,0.0,0.0,0.0
2015,10,27,2,MQ,3319,N833MQ,12448,11298,1858,1850.0,-8.0,9.0,1859.0,102.0,98.0,73.0,408,2012.0,16.0,2040,2028.0,-12.0,0,0,,0.0,0.0,0.0,0.0,0.0,2015-10-27,0,0.0,0.0,0.0,0.0,0.0
2015,10,27,2,UA,258,N412UA,12889,14771,1027,1017.0,-10.0,13.0,1030.0,105.0,86.0,67.0,414,1137.0,6.0,1212,1143.0,-29.0,0,0,,0.0,0.0,0.0,0.0,0.0,2015-10-27,0,0.0,0.0,0.0,0.0,0.0
2015,10,22,4,EV,4162,N13914,13029,13930,805,800.0,-5.0,5.0,805.0,100.0,87.0,68.0,466,913.0,14.0,945,927.0,-18.0,0,0,,0.0,0.0,0.0,0.0,0.0,2015-10-22,0,0.0,0.0,0.0,0.0,0.0
2015,10,17,6,UA,1941,N23708,12266,10423,1535,1540.0,5.0,14.0,1554.0,60.0,47.0,27.0,140,1621.0,6.0,1635,1627.0,-8.0,0,0,,0.0,0.0,0.0,0.0,0.0,2015-10-17,0,0.0,0.0,0.0,0.0,0.0
2015,11,5,4,UA,451,N529UA,LAS,SFO,1846,2151.0,185.0,15.0,2206.0,105.0,81.0,62.0,414,2308.0,4.0,2031,2312.0,161.0,0,0,,0.0,0.0,0.0,161.0,0.0,2015-11-05,1,0.0,0.0,0.0,87.03,0.0
2015,11,11,3,OO,4609,N608SK,SEA,LAS,1500,1454.0,-6.0,22.0,1516.0,152.0,150.0,117.0,867,1713.0,11.0,1732,1724.0,-8.0,0,0,,0.0,0.0,0.0,0.0,0.0,2015-11-11,0,0.0,0.0,0.0,0.0,0.0
2015,11,3,2,DL,2063,N337NW,DCA,MSP,830,826.0,-4.0,15.0,841.0,173.0,159.0,136.0,931,957.0,8.0,1023,1005.0,-18.0,0,0,,0.0,0.0,0.0,0.0,0.0,2015-11-03,0,0.0,0.0,0.0,0.0,0.0
2015,10,31,6,DL,847,N371NW,12953,10397,1800,1807.0,7.0,17.0,1824.0,161.0,143.0,119.0,762,2023.0,7.0,2041,2030.0,-11.0,0,0,,0.0,0.0,0.0,0.0,0.0,2015-10-31,0,0.0,0.0,0.0,0.0,0.0
2015,10,13,2,WN,1578,N234WN,10397,12339,1355,1415.0,20.0,10.0,1425.0,90.0,83.0,67.0,432,1532.0,6.0,1525,1538.0,13.0,0,0,,0.0,0.0,0.0,0.0,0.0,2015-10-13,1,0.0,0.0,0.0,0.0,0.0
2015,10,14,3,NK,906,N613NK,12266,11433,710,718.0,8.0,19.0,737.0,160.0,167.0,139.0,1075,1056.0,9.0,1050,1105.0,15.0,0,0,,15.0,0.0,0.0,0.0,0.0,2015-10-14,0,187.5,0.0,0.0,0.0,0.0
2015,10,14,3,DL,2692,N957AT,12953,10721,1900,1907.0,7.0,52.0,1959.0,82.0,96.0,37.0,184,2036.0,7.0,2022,2043.0,21.0,0,0,,14.0,0.0,0.0,7.0,0.0,2015-10-14,0,200.0,0.0,0.0,100.0,0.0
2015,10,22,4,DL,1429,N397DA,12889,12478,2210,2209.0,-1.0,10.0,2219.0,292.0,279.0,259.0,2248,538.0,10.0,602,548.0,-14.0,0,0,,0.0,0.0,0.0,0.0,0.0,2015-10-22,0,0.0,0.0,0.0,0.0,0.0
2015,10,25,7,WN,348,N416WN,10821,15304,1815,1813.0,-2.0,16.0,1829.0,145.0,140.0,118.0,842,2027.0,6.0,2040,2033.0,-7.0,0,0,,0.0,0.0,0.0,0.0,0.0,2015-10-25,0,0.0,0.0,0.0,0.0,0.0
2015,11,17,2,UA,570,N457UA,IAH,SFO,911,908.0,-3.0,14.0,922.0,272.0,241.0,217.0,1635,1059.0,10.0,1143,1109.0,-34.0,0,0,,0.0,0.0,0.0,0.0,0.0,2015-11-17,0,0.0,0.0,0.0,0.0,0.0
2015,10,13,2,DL,793,N348NW,10874,10397,1525,1525.0,0.0,16.0,1541.0,110.0,97.0,74.0,528,1655.0,7.0,1715,1702.0,-13.0,0,0,,0.0,0.0,0.0,0.0,0.0,2015-10-13,0,0.0,0.0,0.0,0.0,0.0
2015,10,13,2,AS,18,N435AS,14747,12478,2125,2122.0,-3.0,21.0,2143.0,335.0,295.0,262.0,2422,505.0,12.0,600,517.0,-43.0,0,0,,0.0,0.0,0.0,0.0,0.0,2015-10-13,0,0.0,0.0,0.0,0.0,0.0
2015,11,7,6,UA,576,N833UA,DCA,ORD,1116,1108.0,-8.0,10.0,1118.0,134.0,115.0,102.0,612,1200.0,3.0,1230,1203.0,-27.0,0,0,,0.0,0.0,0.0,0.0,0.0,2015-11-07,0,0.0,0.0,0.0,0.0,0.0
2015,11,7,6,DL,1513,N895AT,DAL,ATL,1330,1330.0,0.0,12.0,1342.0,116.0,114.0,95.0,721,1617.0,7.0,1626,1624.0,-2.0,0,0,,0.0,0.0,0.0,0.0,0.0,2015-11-07,0,0.0,0.0,0.0,0.0,0.0
2015,11,17,2,AA,562,N582UW,PHX,BOS,1615,1613.0,-2.0,14.0,1627.0,282.0,310.0,291.0,2300,2318.0,5.0,2257,2323.0,26.0,0,0,,26.0,0.0,0.0,0.0,0.0,2015-11-17,0,-1300.0,-0.0,-0.0,-0.0,-0.0
2015,11,8,7,MQ,3309,N534MQ,OKC,ORD,530,523.0,-7.0,12.0,535.0,127.0,120.0,96.0,693,711.0,12.0,737,723.0,-14.0,0,0,,0.0,0.0,0.0,0.0,0.0,2015-11-08,0,0.0,0.0,0.0,0.0,0.0
2015,10,14,3,WN,577,N387SW,10693,13204,805,805.0,0.0,14.0,819.0,105.0,106.0,82.0,616,1041.0,10.0,1050,1051.0,1.0,0,0,,0.0,0.0,0.0,0.0,0.0,2015-10-14,0,0.0,0.0,0.0,0.0,0.0
2015,11,15,7,OO,6272,N908SW,DEN,BIS,1412,1406.0,-6.0,11.0,1417.0,100.0,84.0,69.0,516,1626.0,4.0,1652,1630.0,-22.0,0,0,,0.0,0.0,0.0,0.0,0.0,2015-11-15,0,0.0,0.0,0.0,0.0,0.0
2015,10,14,3,DL,950,N956DL,15304,10397,1745,1739.0,-6.0,14.0,1753.0,98.0,86.0,66.0,406,1859.0,6.0,1923,1905.0,-18.0,0,0,,0.0,0.0,0.0,0.0,0.0,2015-10-14,0,0.0,0.0,0.0,0.0,0.0
2015,10,26,1,EV,5366,N713EV,11433,13232,1536,1533.0,-3.0,29.0,1602.0,76.0,78.0,46.0,228,1548.0,3.0,1552,1551.0,-1.0,0,0,,0.0,0.0,0.0,0.0,0.0,2015-10-26,0,0.0,0.0,0.0,0.0,0.0
2015,11,6,5,F9,1125,N227FR,LAS,SFO,1900,1854.0,-6.0,15.0,1909.0,95.0,86.0,65.0,414,2014.0,6.0,2035,2020.0,-15.0,0,0,,0.0,0.0,0.0,0.0,0.0,2015-11-06,0,0.0,0.0,0.0,0.0,0.0
2015,10,13,2,AS,313,N478AS,14771,14747,645,641.0,-4.0,19.0,700.0,130.0,124.0,92.0,679,832.0,13.0,855,845.0,-10.0,0,0,,0.0,0.0,0.0,0.0,0.0,2015-10-13,0,0.0,0.0,0.0,0.0,0.0
2015,11,13,5,DL,877,N837DN,IND,LAX,640,648.0,8.0,11.0,659.0,280.0,268.0,249.0,1814,808.0,8.0,820,816.0,-4.0,0,0,,0.0,0.0,0.0,0.0,0.0,2015-11-13,0,0.0,0.0,0.0,0.0,0.0
2015,10,22,4,B6,701,N599JB,11697,12892,1140,1139.0,-1.0,18.0,1157.0,330.0,333.0,307.0,2343,1404.0,8.0,1410,1412.0,2.0,0,0,,0.0,0.0,0.0,0.0,0.0,2015-10-22,0,0.0,0.0,0.0,0.0,0.0
2015,11,15,7,WN,5525,N716SW,MCO,PHL,855,853.0,-2.0,8.0,901.0,140.0,128.0,114.0,861,1055.0,6.0,1115,1101.0,-14.0,0,0,,0.0,0.0,0.0,0.0,0.0,2015-11-15,0,0.0,0.0,0.0,0.0,0.0
2015,10,24,6,WN,1415,N248WN,15016,11986,1230,1228.0,-2.0,7.0,1235.0,75.0,71.0,57.0,382,1432.0,7.0,1445,1439.0,-6.0,0,0,,0.0,0.0,0.0,0.0,0.0,2015-10-24,0,0.0,0.0,0.0,0.0,0.0
2015,11,5,4,DL,763,N974AT,ORD,DTW,907,902.0,-5.0,16.0,918.0,77.0,73.0,50.0,235,1108.0,7.0,1124,1115.0,-9.0,0,0,,0.0,0.0,0.0,0.0,0.0,2015-11-05,0,0.0,0.0,0.0,0.0,0.0
2015,10,17,6,WN,3618,N8309C,14771,14107,1310,1308.0,-2.0,7.0,1315.0,115.0,100.0,88.0,651,1443.0,5.0,1505,1448.0,-17.0,0,0,,0.0,0.0,0.0,0.0,0.0,2015-10-17,0,0.0,0.0,0.0,0.0,0.0
2015,10,19,1,DL,2799,N972AT,12478,15304,1930,1926.0,-4.0,13.0,1939.0,190.0,151.0,135.0,1005,2154.0,3.0,2240,2157.0,-43.0,0,0,,0.0,0.0,0.0,0.0,0.0,2015-10-19,0,0.0,0.0,0.0,0.0,0.0
2015,11,3,2,B6,959,N593JB,BDL,FLL,832,828.0,-4.0,12.0,840.0,192.0,176.0,160.0,1173,1120.0,4.0,1144,1124.0,-20.0,0,0,,0.0,0.0,0.0,0.0,0.0,2015-11-03,0,0.0,0.0,0.0,0.0,0.0
2015,11,8,7,WN,3004,N493WN,STL,MDW,1740,1741.0,1.0,9.0,1750.0,65.0,65.0,50.0,251,1840.0,6.0,1845,1846.0,1.0,0,0,,0.0,0.0,0.0,0.0,0.0,2015-11-08,0,0.0,0.0,0.0,0.0,0.0
2015,10,12,1,VX,312,N631VA,12892,13204,855,854.0,-1.0,8.0,902.0,285.0,287.0,271.0,2218,1633.0,8.0,1640,1641.0,1.0,0,0,,0.0,0.0,0.0,0.0,0.0,2015-10-12,0,0.0,0.0,0.0,0.0,0.0
2015,10,15,4,WN,2141,N902WN,12191,15016,2100,2107.0,7.0,7.0,2114.0,115.0,105.0,93.0,687,2247.0,5.0,2255,2252.0,-3.0,0,0,,0.0,0.0,0.0,0.0,0.0,2015-10-15,0,0.0,0.0,0.0,0.0,0.0
2015,10,19,1,EV,5190,N846AS,10397,11150,1005,1013.0,8.0,14.0,1027.0,48.0,39.0,21.0,83,1048.0,4.0,1053,1052.0,-1.0,0,0,,0.0,0.0,0.0,0.0,0.0,2015-10-19,0,0.0,0.0,0.0,0.0,0.0
2015,10,21,3,WN,554,N269WN,10821,10792,2215,2228.0,13.0,8.0,2236.0,65.0,60.0,47.0,281,2323.0,5.0,2320,2328.0,8.0,0,0,,0.0,0.0,0.0,0.0,0.0,2015-10-21,0,0.0,0.0,0.0,0.0,0.0
2015,10,23,5,B6,14,N793JB,12954,12478,2108,2108.0,0.0,9.0,2117.0,311.0,297.0,284.0,2465,501.0,4.0,519,505.0,-14.0,0,0,,0.0,0.0,0.0,0.0,0.0,2015-10-23,0,0.0,0.0,0.0,0.0,0.0
2015,11,6,5,EV,6030,N14543,ORD,SBN,1551,1551.0,0.0,20.0,1611.0,48.0,58.0,22.0,84,1733.0,16.0,1739,1749.0,10.0,0,0,,0.0,0.0,0.0,0.0,0.0,2015-11-06,0,0.0,0.0,0.0,0.0,0.0
2015,10,13,2,AA,892,N561UW,14100,11057,1835,1830.0,-5.0,25.0,1855.0,125.0,96.0,67.0,449,2002.0,4.0,2040,2006.0,-34.0,0,0,,0.0,0.0,0.0,0.0,0.0,2015-10-13,0,0.0,0.0,0.0,0.0,0.0
2015,10,27,2,AA,2155,N949UW,11278,12953,2000,1955.0,-5.0,12.0,2007.0,93.0,57.0,43.0,214,2050.0,2.0,2133,2052.0,-41.0,0,0,,0.0,0.0,0.0,0.0,0.0,2015-10-27,0,0.0,0.0,0.0,0.0,0.0
2015,11,5,4,F9,660,N205FR,SFO,DEN,600,555.0,-5.0,16.0,611.0,152.0,158.0,132.0,967,923.0,10.0,932,933.0,1.0,0,0,,0.0,0.0,0.0,0.0,0.0,2015-11-05,0,0.0,0.0,0.0,0.0,0.0
2015,11,4,3,WN,901,N8310C,DEN,DAL,2005,2008.0,3.0,9.0,2017.0,110.0,108.0,95.0,651,2252.0,4.0,2255,2256.0,1.0,0,0,,0.0,0.0,0.0,0.0,0.0,2015-11-04,0,0.0,0.0,0.0,0.0,0.0
2015,11,6,5,DL,1916,N341NW,DEN,ATL,1321,1319.0,-2.0,9.0,1328.0,167.0,156.0,141.0,1199,1749.0,6.0,1808,1755.0,-13.0,0,0,,0.0,0.0,0.0,0.0,0.0,2015-11-06,0,0.0,0.0,0.0,0.0,0.0
2015,10,28,3,EV,5210,N861AS,10781,10397,630,628.0,-2.0,21.0,649.0,94.0,109.0,76.0,448,905.0,12.0,904,917.0,13.0,0,0,,0.0,0.0,0.0,0.0,0.0,2015-10-28,0,0.0,0.0,0.0,0.0,0.0
2015,10,29,4,WN,3147,N703SW,14679,11259,905,903.0,-2.0,12.0,915.0,180.0,163.0,147.0,1182,1342.0,4.0,1405,1346.0,-19.0,0,0,,0.0,0.0,0.0,0.0,0.0,2015-10-29,0,0.0,0.0,0.0,0.0,0.0
2015,11,8,7,F9,1392,N932FR,RSW,CLE,1025,1017.0,-8.0,12.0,1029.0,155.0,153.0,132.0,1025,1241.0,9.0,1300,1250.0,-10.0,0,0,,0.0,0.0,0.0,0.0,0.0,2015-11-08,0,0.0,0.0,0.0,0.0,0.0
2015,10,20,2,OO,5436,N913SW,11823,13930,700,652.0,-8.0,12.0,704.0,60.0,51.0,32.0,157,636.0,7.0,700,643.0,-17.0,0,0,,0.0,0.0,0.0,0.0,0.0,2015-10-20,0,0.0,0.0,0.0,0.0,0.0
2015,11,18,3,AS,402,N788AS,PDX,SJC,1620,1614.0,-6.0,11.0,1625.0,104.0,95.0,80.0,569,1745.0,4.0,1804,1749.0,-15.0,0,0,,0.0,0.0,0.0,0.0,0.0,2015-11-18,0,0.0,0.0,0.0,0.0,0.0
2015,11,17,2,WN,3143,N246LV,MKE,BWI,1425,1503.0,38.0,13.0,1516.0,110.0,103.0,85.0,641,1741.0,5.0,1715,1746.0,31.0,0,0,,0.0,0.0,8.0,23.0,0.0,2015-11-17,1,0.0,0.0,21.05,60.53,0.0
2015,10,28,3,AA,644,N769US,11423,14107,1445,1444.0,-1.0,13.0,1457.0,182.0,181.0,162.0,1149,1539.0,6.0,1547,1545.0,-2.0,0,0,,0.0,0.0,0.0,0.0,0.0,2015-10-28,0,0.0,0.0,0.0,0.0,0.0
2015,10,20,2,B6,715,N374JB,11278,12451,1901,1901.0,0.0,14.0,1915.0,118.0,110.0,93.0,634,2048.0,3.0,2059,2051.0,-8.0,0,0,,0.0,0.0,0.0,0.0,0.0,2015-10-20,0,0.0,0.0,0.0,0.0,0.0
2015,10,22,4,WN,701,N719SW,11884,14107,1135,1130.0,-5.0,8.0,1138.0,160.0,147.0,133.0,1020,1351.0,6.0,1415,1357.0,-18.0,0,0,,0.0,0.0,0.0,0.0,0.0,2015-10-22,0,0.0,0.0,0.0,0.0,0.0
2015,10,19,1,EV,5116,N759EV,12953,11042,1800,1837.0,37.0,23.0,1900.0,108.0,90.0,62.0,419,2002.0,5.0,1948,2007.0,19.0,0,0,,0.0,0.0,0.0,19.0,0.0,2015-10-19,1,0.0,0.0,0.0,51.35,0.0
2015,10,22,4,DL,2512,N974DL,12217,10397,640,637.0,-3.0,20.0,657.0,68.0,57.0,29.0,151,826.0,8.0,848,834.0,-14.0,0,0,,0.0,0.0,0.0,0.0,0.0,2015-10-22,0,0.0,0.0,0.0,0.0,0.0
2015,10,20,2,B6,122,N562JB,14027,10721,1942,1940.0,-2.0,9.0,1949.0,173.0,176.0,161.0,1197,2230.0,6.0,2235,2236.0,1.0,0,0,,0.0,0.0,0.0,0.0,0.0,2015-10-20,0,0.0,0.0,0.0,0.0,0.0
2015,10,18,7,EV,5066,N881AS,10397,11308,1729,1721.0,-8.0,12.0,1733.0,55.0,47.0,32.0,170,1705.0,3.0,1724,1708.0,-16.0,0,0,,0.0,0.0,0.0,0.0,0.0,2015-10-18,0,0.0,0.0,0.0,0.0,0.0
2015,10,11,7,WN,1940,N458WN,10423,13204,1245,1255.0,10.0,11.0,1306.0,150.0,150.0,133.0,994,1619.0,6.0,1615,1625.0,10.0,0,0,,0.0,0.0,0.0,0.0,0.0,2015-10-11,0,0.0,0.0,0.0,0.0,0.0
2015,10,16,5,EV,4208,N16178,14814,12266,535,530.0,-5.0,24.0,554.0,59.0,77.0,42.0,192,636.0,11.0,634,647.0,13.0,0,0,,0.0,0.0,0.0,0.0,0.0,2015-10-16,0,0.0,0.0,0.0,0.0,0.0
2015,10,18,7,DL,1458,N921DN,10397,14635,1102,1059.0,-3.0,12.0,1111.0,103.0,87.0,71.0,515,1222.0,4.0,1245,1226.0,-19.0,0,0,,0.0,0.0,0.0,0.0,0.0,2015-10-18,0,0.0,0.0,0.0,0.0,0.0
2015,10,23,5,DL,2610,N954DL,10397,13487,725,723.0,-2.0,10.0,733.0,160.0,138.0,125.0,907,838.0,3.0,905,841.0,-24.0,0,0,,0.0,0.0,0.0,0.0,0.0,2015-10-23,0,0.0,0.0,0.0,0.0,0.0
2015,11,19,4,F9,124,N908FR,DEN,DFW,645,637.0,-8.0,14.0,651.0,120.0,112.0,79.0,641,910.0,19.0,945,929.0,-16.0,0,0,,0.0,0.0,0.0,0.0,0.0,2015-11-19,0,0.0,0.0,0.0,0.0,0.0
2015,10,16,5,AA,1918,N950UW,10721,14100,1930,1924.0,-6.0,23.0,1947.0,89.0,93.0,63.0,280,2050.0,7.0,2059,2057.0,-2.0,0,0,,0.0,0.0,0.0,0.0,0.0,2015-10-16,0,0.0,0.0,0.0,0.0,0.0
2015,10,20,2,NK,163,N509NK,11298,10397,800,752.0,-8.0,13.0,805.0,128.0,119.0,90.0,731,1035.0,16.0,1108,1051.0,-17.0,0,0,,0.0,0.0,0.0,0.0,0.0,2015-10-20,0,0.0,0.0,0.0,0.0,0.0
2015,10,27,2,WN,1457,N8604K,11292,14747,830,829.0,-1.0,24.0,853.0,175.0,187.0,152.0,1024,1025.0,11.0,1025,1036.0,11.0,0,0,,0.0,0.0,0.0,0.0,0.0,2015-10-27,0,0.0,0.0,0.0,0.0,0.0
2015,11,10,2,OO,7380,N416SW,CDC,SLC,1815,1805.0,-10.0,35.0,1840.0,60.0,84.0,44.0,221,1924.0,5.0,1915,1929.0,14.0,0,0,,0.0,0.0,0.0,0.0,0.0,2015-11-10,0,0.0,0.0,0.0,0.0,0.0
2015,11,12,4,AA,673,N662AW,EWR,CLT,1713,1747.0,34.0,17.0,1804.0,117.0,110.0,87.0,529,1931.0,6.0,1910,1937.0,27.0,0,0,,0.0,0.0,2.0,25.0,0.0,2015-11-12,1,0.0,0.0,5.88,73.53,0.0
2015,10,18,7,WN,2606,N684WN,14679,14771,810,829.0,19.0,9.0,838.0,90.0,82.0,69.0,447,947.0,4.0,940,951.0,11.0,0,0,,0.0,0.0,0.0,0.0,0.0,2015-10-18,1,0.0,0.0,0.0,0.0,0.0
2015,10,30,5,DL,1416,N921DL,12451,10397,1330,1323.0,-7.0,15.0,1338.0,83.0,67.0,47.0,270,1425.0,5.0,1453,1430.0,-23.0,0,0,,0.0,0.0,0.0,0.0,0.0,2015-10-30,0,0.0,0.0,0.0,0.0,0.0
2015,11,2,1,VX,954,N855VA,SFO,SAN,1205,1235.0,30.0,13.0,1248.0,90.0,102.0,77.0,447,1405.0,12.0,1335,1417.0,42.0,0,0,,0.0,0.0,0.0,30.0,12.0,2015-11-02,1,0.0,0.0,0.0,100.0,40.0
2015,10,24,6,WN,4791,N670SW,10721,10821,725,723.0,-2.0,13.0,736.0,100.0,78.0,60.0,369,836.0,5.0,905,841.0,-24.0,0,0,,0.0,0.0,0.0,0.0,0.0,2015-10-24,0,0.0,0.0,0.0,0.0,0.0
2015,11,11,3,EV,5094,N716EV,ATL,CAE,1026,1023.0,-3.0,17.0,1040.0,58.0,56.0,36.0,192,1116.0,3.0,1124,1119.0,-5.0,0,0,,0.0,0.0,0.0,0.0,0.0,2015-11-11,0,0.0,0.0,0.0,0.0,0.0
2015,11,2,1,DL,1613,N902DA,ATL,IND,1207,1244.0,37.0,7.0,1251.0,92.0,72.0,59.0,432,1350.0,6.0,1339,1356.0,17.0,0,0,,0.0,0.0,0.0,12.0,5.0,2015-11-02,1,0.0,0.0,0.0,32.43,13.51
2015,11,4,3,OO,4780,N630SK,SEA,GEG,1810,1802.0,-8.0,27.0,1829.0,62.0,68.0,38.0,224,1907.0,3.0,1912,1910.0,-2.0,0,0,,0.0,0.0,0.0,0.0,0.0,2015-11-04,0,0.0,0.0,0.0,0.0,0.0
2015,10,12,1,EV,4991,N936EV,10397,12945,1655,1648.0,-7.0,14.0,1702.0,72.0,65.0,48.0,304,1750.0,3.0,1807,1753.0,-14.0,0,0,,0.0,0.0,0.0,0.0,0.0,2015-10-12,0,0.0,0.0,0.0,0.0,0.0
2015,10,16,5,OO,6489,N716SK,11109,12266,615,627.0,12.0,17.0,644.0,137.0,137.0,111.0,809,935.0,9.0,932,944.0,12.0,0,0,,0.0,0.0,0.0,0.0,0.0,2015-10-16,0,0.0,0.0,0.0,0.0,0.0
2015,11,16,1,AS,4,N529AS,SEA,DCA,805,802.0,-3.0,15.0,817.0,294.0,293.0,276.0,2329,1553.0,2.0,1559,1555.0,-4.0,0,0,,0.0,0.0,0.0,0.0,0.0,2015-11-16,0,0.0,0.0,0.0,0.0,0.0
2015,11,16,1,HA,285,N488HA,OGG,HNL,713,708.0,-5.0,6.0,714.0,35.0,33.0,22.0,100,736.0,5.0,748,741.0,-7.0,0,0,,0.0,0.0,0.0,0.0,0.0,2015-11-16,0,0.0,0.0,0.0,0.0,0.0
2015,11,4,3,DL,2542,N950DL,ATL,JAN,2210,2210.0,0.0,16.0,2226.0,81.0,77.0,56.0,341,2222.0,5.0,2231,2227.0,-4.0,0,0,,0.0,0.0,0.0,0.0,0.0,2015-11-04,0,0.0,0.0,0.0,0.0,0.0
2015,10,16,5,B6,157,N190JB,10721,12264,810,801.0,-9.0,26.0,827.0,97.0,121.0,90.0,413,957.0,5.0,947,1002.0,15.0,0,0,,15.0,0.0,0.0,0.0,0.0,2015-10-16,0,-166.67,-0.0,-0.0,-0.0,-0.0
2015,11,19,4,WN,182,N267WN,MDW,DCA,1910,1909.0,-1.0,9.0,1918.0,110.0,101.0,87.0,601,2145.0,5.0,2200,2150.0,-10.0,0,0,,0.0,0.0,0.0,0.0,0.0,2015-11-19,0,0.0,0.0,0.0,0.0,0.0
2015,10,14,3,EV,2778,N685AE,14814,11298,804,751.0,-13.0,9.0,800.0,80.0,69.0,43.0,190,843.0,17.0,924,900.0,-24.0,0,0,,0.0,0.0,0.0,0.0,0.0,2015-10-14,0,0.0,0.0,0.0,0.0,0.0
2015,11,1,7,EV,5308,N847AS,ATL,MGM,2046,2056.0,10.0,15.0,2111.0,51.0,60.0,42.0,147,2053.0,3.0,2037,2056.0,19.0,0,0,,9.0,0.0,0.0,10.0,0.0,2015-11-01,0,90.0,0.0,0.0,100.0,0.0
2015,10,11,7,DL,2335,N944DL,10397,13303,1909,1906.0,-3.0,15.0,1921.0,117.0,106.0,83.0,594,2044.0,8.0,2106,2052.0,-14.0,0,0,,0.0,0.0,0.0,0.0,0.0,2015-10-11,0,0.0,0.0,0.0,0.0,0.0
2015,10,28,3,OO,6441,N471CA,14771,10800,2007,1958.0,-9.0,19.0,2017.0,75.0,70.0,48.0,326,2105.0,3.0,2122,2108.0,-14.0,0,0,,0.0,0.0,0.0,0.0,0.0,2015-10-28,0,0.0,0.0,0.0,0.0,0.0
2015,11,8,7,DL,2778,N971AT,LAX,SFO,2000,2151.0,111.0,20.0,2211.0,90.0,110.0,53.0,337,2304.0,37.0,2130,2341.0,131.0,0,0,,20.0,0.0,4.0,107.0,0.0,2015-11-08,1,18.02,0.0,3.6,96.4,0.0
2015,11,18,3,WN,383,N617SW,FLL,ATL,1620,1613.0,-7.0,10.0,1623.0,115.0,143.0,122.0,581,1825.0,11.0,1815,1836.0,21.0,0,0,,21.0,0.0,0.0,0.0,0.0,2015-11-18,0,-300.0,-0.0,-0.0,-0.0,-0.0
2015,11,15,7,EV,5236,N849AS,ATL,MOB,1245,1242.0,-3.0,14.0,1256.0,75.0,77.0,60.0,302,1256.0,3.0,1300,1259.0,-1.0,0,0,,0.0,0.0,0.0,0.0,0.0,2015-11-15,0,0.0,0.0,0.0,0.0,0.0
2015,11,14,6,DL,2833,N993DL,JFK,MCO,1855,1850.0,-5.0,43.0,1933.0,183.0,187.0,128.0,944,2141.0,16.0,2158,2157.0,-1.0,0,0,,0.0,0.0,0.0,0.0,0.0,2015-11-14,0,0.0,0.0,0.0,0.0,0.0
2015,11,18,3,DL,1337,N931DN,ATL,PBI,2305,2333.0,28.0,11.0,2344.0,106.0,93.0,78.0,545,102.0,4.0,51,106.0,15.0,0,0,,0.0,0.0,0.0,11.0,4.0,2015-11-18,1,0.0,0.0,0.0,39.29,14.29
2015,11,13,5,MQ,3613,N534MQ,DTW,ORD,545,544.0,-1.0,12.0,556.0,89.0,71.0,51.0,235,547.0,8.0,614,555.0,-19.0,0,0,,0.0,0.0,0.0,0.0,0.0,2015-11-13,0,0.0,0.0,0.0,0.0,0.0
2015,11,3,2,WN,269,N259WN,DAL,MSY,1410,1419.0,9.0,6.0,1425.0,80.0,67.0,58.0,436,1523.0,3.0,1530,1526.0,-4.0,0,0,,0.0,0.0,0.0,0.0,0.0,2015-11-03,0,0.0,0.0,0.0,0.0,0.0
2015,11,18,3,B6,1031,N526JB,BOS,HOU,700,700.0,0.0,40.0,740.0,268.0,305.0,260.0,1609,1100.0,5.0,1028,1105.0,37.0,0,0,,37.0,0.0,0.0,0.0,0.0,2015-11-18,0,inf,0.0,0.0,0.0,0.0
2015,10,25,7,B6,595,N266JB,12197,13204,2040,2038.0,-2.0,15.0,2053.0,161.0,160.0,142.0,972,2315.0,3.0,2321,2318.0,-3.0,0,0,,0.0,0.0,0.0,0.0,0.0,2015-10-25,0,0.0,0.0,0.0,0.0,0.0
2015,11,2,1,EV,5982,N36915,TVC,ORD,1120,1114.0,-6.0,8.0,1122.0,78.0,62.0,43.0,224,1105.0,11.0,1138,1116.0,-22.0,0,0,,0.0,0.0,0.0,0.0,0.0,2015-11-02,0,0.0,0.0,0.0,0.0,0.0
2015,10,13,2,MQ,3451,N681MQ,13930,11003,1205,1202.0,-3.0,20.0,1222.0,71.0,58.0,34.0,196,1256.0,4.0,1316,1300.0,-16.0,0,0,,0.0,0.0,0.0,0.0,0.0,2015-10-13,0,0.0,0.0,0.0,0.0,0.0
2015,10,23,5,AS,848,N581AS,13830,14747,1245,1256.0,11.0,12.0,1308.0,330.0,317.0,298.0,2640,2106.0,7.0,2115,2113.0,-2.0,0,0,,0.0,0.0,0.0,0.0,0.0,2015-10-23,0,0.0,0.0,0.0,0.0,0.0
2015,10,18,7,DL,1463,N919DL,10397,10994,1052,1052.0,0.0,21.0,1113.0,73.0,68.0,42.0,259,1155.0,5.0,1205,1200.0,-5.0,0,0,,0.0,0.0,0.0,0.0,0.0,2015-10-18,0,0.0,0.0,0.0,0.0,0.0
2015,10,25,7,DL,332,N3773D,14843,12478,1648,1638.0,-10.0,13.0,1651.0,249.0,234.0,213.0,1598,2024.0,8.0,2057,2032.0,-25.0,0,0,,0.0,0.0,0.0,0.0,0.0,2015-10-25,0,0.0,0.0,0.0,0.0,0.0
2015,11,8,7,OO,5499,N752SK,SAT,IAH,1447,1439.0,-8.0,20.0,1459.0,68.0,62.0,36.0,191,1535.0,6.0,1555,1541.0,-14.0,0,0,,0.0,0.0,0.0,0.0,0.0,2015-11-08,0,0.0,0.0,0.0,0.0,0.0
2015,10,24,6,AA,705,N177US,11057,12889,1815,1813.0,-2.0,30.0,1843.0,290.0,290.0,254.0,1916,1957.0,6.0,2005,2003.0,-2.0,0,0,,0.0,0.0,0.0,0.0,0.0,2015-10-24,0,0.0,0.0,0.0,0.0,0.0
2015,10,29,4,WN,180,N634SW,11259,10423,2135,2134.0,-1.0,16.0,2150.0,50.0,55.0,34.0,189,2224.0,5.0,2225,2229.0,4.0,0,0,,0.0,0.0,0.0,0.0,0.0,2015-10-29,0,0.0,0.0,0.0,0.0,0.0
2015,11,8,7,UA,1493,N58101,EWR,LAX,1450,1450.0,0.0,12.0,1502.0,372.0,334.0,316.0,2454,1718.0,6.0,1802,1724.0,-38.0,0,0,,0.0,0.0,0.0,0.0,0.0,2015-11-08,0,0.0,0.0,0.0,0.0,0.0
2015,11,1,7,OO,6413,N958SW,MSO,DEN,1700,1731.0,31.0,12.0,1743.0,125.0,107.0,87.0,679,1910.0,8.0,1905,1918.0,13.0,0,0,,0.0,0.0,0.0,0.0,0.0,2015-11-01,1,0.0,0.0,0.0,0.0,0.0
2015,10,31,6,WN,23,N219WN,14908,14107,1415,1415.0,0.0,5.0,1420.0,70.0,77.0,55.0,338,1515.0,17.0,1525,1532.0,7.0,0,0,,0.0,0.0,0.0,0.0,0.0,2015-10-31,0,0.0,0.0,0.0,0.0,0.0
2015,11,9,1,AS,368,N305AS,SEA,SMF,1945,1938.0,-7.0,12.0,1950.0,104.0,98.0,79.0,605,2109.0,7.0,2129,2116.0,-13.0,0,0,,0.0,0.0,0.0,0.0,0.0,2015-11-09,0,0.0,0.0,0.0,0.0,0.0
2015,10,20,2,DL,1132,N905DL,10397,14321,1427,1424.0,-3.0,8.0,1432.0,158.0,151.0,129.0,1027,1641.0,14.0,1705,1655.0,-10.0,0,0,,0.0,0.0,0.0,0.0,0.0,2015-10-20,0,0.0,0.0,0.0,0.0,0.0
2015,11,20,5,UA,1689,N420UA,PIT,SFO,600,605.0,5.0,11.0,616.0,345.0,334.0,320.0,2254,836.0,3.0,845,839.0,-6.0,0,0,,0.0,0.0,0.0,0.0,0.0,2015-11-20,0,0.0,0.0,0.0,0.0,0.0
2015,11,10,2,EV,5807,N11109,CMH,EWR,2011,2052.0,41.0,17.0,2109.0,108.0,164.0,120.0,463,2309.0,27.0,2159,2336.0,97.0,0,0,,93.0,0.0,4.0,0.0,0.0,2015-11-10,1,226.83,0.0,9.76,0.0,0.0
2015,11,5,4,UA,626,N38417,ORD,PHL,1827,1829.0,2.0,15.0,1844.0,126.0,112.0,86.0,678,2110.0,11.0,2133,2121.0,-12.0,0,0,,0.0,0.0,0.0,0.0,0.0,2015-11-05,0,0.0,0.0,0.0,0.0,0.0
2015,11,5,4,WN,1373,N515SW,OKC,HOU,1210,1213.0,3.0,8.0,1221.0,85.0,87.0,75.0,419,1336.0,4.0,1335,1340.0,5.0,0,0,,0.0,0.0,0.0,0.0,0.0,2015-11-05,0,0.0,0.0,0.0,0.0,0.0
2015,10,27,2,WN,2879,N915WN,12191,13495,1520,1521.0,1.0,10.0,1531.0,65.0,58.0,44.0,302,1615.0,4.0,1625,1619.0,-6.0,0,0,,0.0,0.0,0.0,0.0,0.0,2015-10-27,0,0.0,0.0,0.0,0.0,0.0
2015,11,18,3,DL,1561,N930DN,PHL,ATL,1400,1357.0,-3.0,33.0,1430.0,137.0,146.0,105.0,666,1615.0,8.0,1617,1623.0,6.0,0,0,,0.0,0.0,0.0,0.0,0.0,2015-11-18,0,0.0,0.0,0.0,0.0,0.0
2015,10,27,2,AA,2499,N3FRAA,13930,14100,905,900.0,-5.0,15.0,915.0,132.0,108.0,84.0,678,1139.0,9.0,1217,1148.0,-29.0,0,0,,0.0,0.0,0.0,0.0,0.0,2015-10-27,0,0.0,0.0,0.0,0.0,0.0
2015,10,15,4,EV,4595,N15980,12266,13244,1910,1906.0,-4.0,21.0,1927.0,92.0,98.0,70.0,468,2037.0,7.0,2042,2044.0,2.0,0,0,,0.0,0.0,0.0,0.0,0.0,2015-10-15,0,0.0,0.0,0.0,0.0,0.0
2015,11,1,7,EV,2826,N905EV,CAE,DFW,802,801.0,-1.0,14.0,815.0,173.0,171.0,143.0,922,938.0,14.0,955,952.0,-3.0,0,0,,0.0,0.0,0.0,0.0,0.0,2015-11-01,0,0.0,0.0,0.0,0.0,0.0
2015,10,28,3,AA,2259,N439AA,10693,11298,1912,1907.0,-5.0,17.0,1924.0,126.0,127.0,100.0,631,2104.0,10.0,2118,2114.0,-4.0,0,0,,0.0,0.0,0.0,0.0,0.0,2015-10-28,0,0.0,0.0,0.0,0.0,0.0
2015,11,2,1,OO,4773,N913EV,PSC,SLC,1630,1625.0,-5.0,10.0,1635.0,94.0,94.0,76.0,521,1851.0,8.0,1904,1859.0,-5.0,0,0,,0.0,0.0,0.0,0.0,0.0,2015-11-02,0,0.0,0.0,0.0,0.0,0.0
2015,10,15,4,AA,1401,N477AA,11298,14683,2225,2219.0,-6.0,15.0,2234.0,68.0,59.0,41.0,247,2315.0,3.0,2333,2318.0,-15.0,0,0,,0.0,0.0,0.0,0.0,0.0,2015-10-15,0,0.0,0.0,0.0,0.0,0.0
2015,11,5,4,WN,1945,N796SW,MSP,MDW,540,537.0,-3.0,12.0,549.0,100.0,85.0,68.0,349,657.0,5.0,720,702.0,-18.0,0,0,,0.0,0.0,0.0,0.0,0.0,2015-11-05,0,0.0,0.0,0.0,0.0,0.0
2015,11,2,1,AA,2255,N3EYAA,DFW,MCO,655,650.0,-5.0,9.0,659.0,153.0,150.0,135.0,985,1014.0,6.0,1028,1020.0,-8.0,0,0,,0.0,0.0,0.0,0.0,0.0,2015-11-02,0,0.0,0.0,0.0,0.0,0.0
2015,10,14,3,WN,3092,N694SW,12892,14771,1705,1704.0,-1.0,6.0,1710.0,75.0,63.0,51.0,337,1801.0,6.0,1820,1807.0,-13.0,0,0,,0.0,0.0,0.0,0.0,0.0,2015-10-14,0,0.0,0.0,0.0,0.0,0.0
2015,10,19,1,UA,1132,N66841,13930,10721,600,700.0,60.0,19.0,719.0,144.0,137.0,114.0,867,1013.0,4.0,924,1017.0,53.0,0,0,,0.0,0.0,23.0,30.0,0.0,2015-10-19,1,0.0,0.0,38.33,50.0,0.0
2015,11,10,2,DL,954,N995AT,MHT,DTW,700,655.0,-5.0,10.0,705.0,128.0,112.0,93.0,610,838.0,9.0,908,847.0,-21.0,0,0,,0.0,0.0,0.0,0.0,0.0,2015-11-10,0,0.0,0.0,0.0,0.0,0.0
2015,10,19,1,UA,1743,N57869,12266,12892,1130,1138.0,8.0,18.0,1156.0,218.0,215.0,186.0,1379,1302.0,11.0,1308,1313.0,5.0,0,0,,0.0,0.0,0.0,0.0,0.0,2015-10-19,0,0.0,0.0,0.0,0.0,0.0
2015,10,21,3,EV,2765,N624AE,11973,11298,600,552.0,-8.0,13.0,605.0,114.0,110.0,87.0,500,732.0,10.0,754,742.0,-12.0,0,0,,0.0,0.0,0.0,0.0,0.0,2015-10-21,0,0.0,0.0,0.0,0.0,0.0
2015,10,27,2,DL,1823,N596NW,11433,14747,1945,2001.0,16.0,22.0,2023.0,292.0,278.0,249.0,1927,2132.0,7.0,2137,2139.0,2.0,0,0,,0.0,0.0,0.0,0.0,0.0,2015-10-27,1,0.0,0.0,0.0,0.0,0.0
2015,10,30,5,B6,602,N520JB,14107,10721,2140,2140.0,0.0,14.0,2154.0,274.0,269.0,252.0,2300,506.0,3.0,514,509.0,-5.0,0,0,,0.0,0.0,0.0,0.0,0.0,2015-10-30,0,0.0,0.0,0.0,0.0,0.0
2015,10,27,2,AA,1426,N477AA,14122,11298,1518,1511.0,-7.0,13.0,1524.0,186.0,179.0,157.0,1067,1701.0,9.0,1724,1710.0,-14.0,0,0,,0.0,0.0,0.0,0.0,0.0,2015-10-27,0,0.0,0.0,0.0,0.0,0.0
2015,11,20,5,UA,605,N18243,DCA,ORD,700,702.0,2.0,12.0,714.0,131.0,120.0,103.0,612,757.0,5.0,811,802.0,-9.0,0,0,,0.0,0.0,0.0,0.0,0.0,2015-11-20,0,0.0,0.0,0.0,0.0,0.0
2015,10,26,1,AA,8,N371AA,12173,11298,1740,1730.0,-10.0,13.0,1743.0,461.0,420.0,404.0,3784,527.0,3.0,621,530.0,-51.0,0,0,,0.0,0.0,0.0,0.0,0.0,2015-10-26,0,0.0,0.0,0.0,0.0,0.0
2015,11,4,3,DL,1199,N955DN,ATL,STL,1502,1511.0,9.0,18.0,1529.0,108.0,95.0,72.0,484,1541.0,5.0,1550,1546.0,-4.0,0,0,,0.0,0.0,0.0,0.0,0.0,2015-11-04,0,0.0,0.0,0.0,0.0,0.0
2015,11,20,5,DL,810,N953DL,IAH,ATL,710,706.0,-4.0,10.0,716.0,120.0,110.0,90.0,689,946.0,10.0,1010,956.0,-14.0,0,0,,0.0,0.0,0.0,0.0,0.0,2015-11-20,0,0.0,0.0,0.0,0.0,0.0
2015,10,19,1,AA,1879,N807AW,11057,10529,740,740.0,0.0,25.0,805.0,116.0,122.0,91.0,644,936.0,6.0,936,942.0,6.0,0,0,,0.0,0.0,0.0,0.0,0.0,2015-10-19,0,0.0,0.0,0.0,0.0,0.0
2015,11,7,6,DL,1741,N354NW,CVG,SLC,830,827.0,-3.0,14.0,841.0,238.0,230.0,202.0,1450,1003.0,14.0,1028,1017.0,-11.0,0,0,,0.0,0.0,0.0,0.0,0.0,2015-11-07,0,0.0,0.0,0.0,0.0,0.0
2015,10,13,2,EV,5112,N924EV,10397,10208,2111,2107.0,-4.0,23.0,2130.0,57.0,61.0,32.0,143,2202.0,6.0,2208,2208.0,0.0,0,0,,0.0,0.0,0.0,0.0,0.0,2015-10-13,0,0.0,0.0,0.0,0.0,0.0
2015,11,11,3,B6,416,N942JB,SFO,JFK,1150,1150.0,0.0,25.0,1215.0,328.0,317.0,289.0,2586,2004.0,3.0,2018,2007.0,-11.0,0,0,,0.0,0.0,0.0,0.0,0.0,2015-11-11,0,0.0,0.0,0.0,0.0,0.0
2015,11,6,5,EV,4431,N29917,SAV,EWR,645,640.0,-5.0,13.0,653.0,129.0,124.0,102.0,708,835.0,9.0,854,844.0,-10.0,0,0,,0.0,0.0,0.0,0.0,0.0,2015-11-06,0,0.0,0.0,0.0,0.0,0.0
2015,11,9,1,DL,1714,N815DN,MCO,MSP,1218,1213.0,-5.0,13.0,1226.0,207.0,182.0,166.0,1310,1412.0,3.0,1445,1415.0,-30.0,0,0,,0.0,0.0,0.0,0.0,0.0,2015-11-09,0,0.0,0.0,0.0,0.0,0.0
2015,10,21,3,WN,2132,N735SA,13796,14679,1535,1534.0,-1.0,6.0,1540.0,85.0,77.0,68.0,446,1648.0,3.0,1700,1651.0,-9.0,0,0,,0.0,0.0,0.0,0.0,0.0,2015-10-21,0,0.0,0.0,0.0,0.0,0.0
2015,10,27,2,AA,480,N677AW,14107,12266,905,903.0,-2.0,29.0,932.0,166.0,154.0,119.0,1009,1331.0,6.0,1351,1337.0,-14.0,0,0,,0.0,0.0,0.0,0.0,0.0,2015-10-27,0,0.0,0.0,0.0,0.0,0.0
2015,10,12,1,EV,5295,N856AS,15607,10397,1623,1623.0,0.0,5.0,1628.0,68.0,59.0,47.0,208,1715.0,7.0,1731,1722.0,-9.0,0,0,,0.0,0.0,0.0,0.0,0.0,2015-10-12,0,0.0,0.0,0.0,0.0,0.0
2015,10,22,4,UA,224,N412UA,10397,11618,633,628.0,-5.0,9.0,637.0,130.0,129.0,102.0,746,819.0,18.0,843,837.0,-6.0,0,0,,0.0,0.0,0.0,0.0,0.0,2015-10-22,0,0.0,0.0,0.0,0.0,0.0
2015,11,18,3,OO,6421,N927SW,SFO,BUR,1224,1224.0,0.0,12.0,1236.0,81.0,67.0,51.0,326,1327.0,4.0,1345,1331.0,-14.0,0,0,,0.0,0.0,0.0,0.0,0.0,2015-11-18,0,0.0,0.0,0.0,0.0,0.0
2015,11,5,4,DL,2812,N370NB,ATL,ELP,1402,1402.0,0.0,32.0,1434.0,210.0,217.0,181.0,1282,1535.0,4.0,1532,1539.0,7.0,0,0,,0.0,0.0,0.0,0.0,0.0,2015-11-05,0,0.0,0.0,0.0,0.0,0.0
2015,11,2,1,AA,2201,N541AA,AUS,ORD,1808,2147.0,219.0,9.0,2156.0,162.0,139.0,124.0,977,2400.0,6.0,2050,6.0,196.0,0,0,,0.0,0.0,0.0,196.0,0.0,2015-11-02,1,0.0,0.0,0.0,89.5,0.0
2015,10,31,6,F9,1276,N210FR,13930,10397,1935,1943.0,8.0,21.0,2004.0,110.0,117.0,87.0,606,2231.0,9.0,2225,2240.0,15.0,0,0,,10.0,0.0,5.0,0.0,0.0,2015-10-31,0,125.0,0.0,62.5,0.0,0.0
2015,11,1,7,HA,317,N483HA,KOA,HNL,1300,1249.0,-11.0,9.0,1258.0,47.0,45.0,30.0,163,1328.0,6.0,1347,1334.0,-13.0,0,0,,0.0,0.0,0.0,0.0,0.0,2015-11-01,0,0.0,0.0,0.0,0.0,0.0
2015,11,2,1,AA,1841,N740UW,TPA,DCA,1855,1851.0,-4.0,16.0,1907.0,129.0,127.0,103.0,814,2050.0,8.0,2104,2058.0,-6.0,0,0,,0.0,0.0,0.0,0.0,0.0,2015-11-02,0,0.0,0.0,0.0,0.0,0.0
2015,10,22,4,EV,5442,N852AS,10397,10185,1230,1328.0,58.0,9.0,1337.0,99.0,82.0,72.0,500,1349.0,1.0,1309,1350.0,41.0,0,0,,0.0,0.0,41.0,0.0,0.0,2015-10-22,1,0.0,0.0,70.69,0.0,0.0
2015,11,17,2,EV,4992,N847AS,BQK,ATL,1200,1747.0,347.0,4.0,1751.0,70.0,56.0,45.0,238,1836.0,7.0,1310,1843.0,333.0,0,0,,0.0,0.0,333.0,0.0,0.0,2015-11-17,1,0.0,0.0,95.97,0.0,0.0
2015,11,16,1,WN,1175,N909WN,TPA,BNA,950,947.0,-3.0,12.0,959.0,110.0,108.0,89.0,612,1028.0,7.0,1040,1035.0,-5.0,0,0,,0.0,0.0,0.0,0.0,0.0,2015-11-16,0,0.0,0.0,0.0,0.0,0.0
2015,10,26,1,AS,569,N769AS,12892,14057,605,558.0,-7.0,22.0,620.0,150.0,164.0,137.0,834,837.0,5.0,835,842.0,7.0,0,0,,0.0,0.0,0.0,0.0,0.0,2015-10-26,0,0.0,0.0,0.0,0.0,0.0
2015,11,1,7,DL,872,N913DN,DCA,ATL,700,657.0,-3.0,19.0,716.0,119.0,118.0,92.0,547,848.0,7.0,859,855.0,-4.0,0,0,,0.0,0.0,0.0,0.0,0.0,2015-11-01,0,0.0,0.0,0.0,0.0,0.0
2015,10,26,1,OO,5499,N762SK,13256,12266,907,936.0,29.0,16.0,952.0,76.0,73.0,53.0,316,1045.0,4.0,1023,1049.0,26.0,0,0,,0.0,0.0,0.0,26.0,0.0,2015-10-26,1,0.0,0.0,0.0,89.66,0.0
2015,11,3,2,WN,608,N8639B,DAL,MCO,805,805.0,0.0,25.0,830.0,150.0,161.0,123.0,973,1133.0,13.0,1135,1146.0,11.0,0,0,,0.0,0.0,0.0,0.0,0.0,2015-11-03,0,0.0,0.0,0.0,0.0,0.0
2015,11,13,5,WN,1517,N778SW,AUS,FLL,1050,1100.0,10.0,15.0,1115.0,150.0,152.0,133.0,1105,1428.0,4.0,1420,1432.0,12.0,0,0,,0.0,0.0,0.0,0.0,0.0,2015-11-13,0,0.0,0.0,0.0,0.0,0.0
2015,10,26,1,WN,2888,N7730A,12889,14908,635,631.0,-4.0,9.0,640.0,60.0,54.0,39.0,226,719.0,6.0,735,725.0,-10.0,0,0,,0.0,0.0,0.0,0.0,0.0,2015-10-26,0,0.0,0.0,0.0,0.0,0.0
2015,11,17,2,DL,1442,N991AT,IAD,ATL,1835,1830.0,-5.0,16.0,1846.0,119.0,118.0,93.0,534,2019.0,9.0,2034,2028.0,-6.0,0,0,,0.0,0.0,0.0,0.0,0.0,2015-11-17,0,0.0,0.0,0.0,0.0,0.0
2015,10,25,7,AA,2454,N3HKAA,10721,13303,500,455.0,-5.0,12.0,507.0,199.0,184.0,165.0,1258,752.0,7.0,819,759.0,-20.0,0,0,,0.0,0.0,0.0,0.0,0.0,2015-10-25,0,0.0,0.0,0.0,0.0,0.0
2015,10,31,6,EV,2847,N667GB,11298,14814,2020,2018.0,-2.0,21.0,2039.0,64.0,62.0,32.0,190,2111.0,9.0,2124,2120.0,-4.0,0,0,,0.0,0.0,0.0,0.0,0.0,2015-10-31,0,0.0,0.0,0.0,0.0,0.0
2015,11,14,6,AA,2232,N485AA,SJC,DFW,1146,1141.0,-5.0,10.0,1151.0,209.0,206.0,186.0,1438,1657.0,10.0,1715,1707.0,-8.0,0,0,,0.0,0.0,0.0,0.0,0.0,2015-11-14,0,0.0,0.0,0.0,0.0,0.0
2015,11,1,7,DL,1153,N942DN,BWI,ATL,1500,1503.0,3.0,11.0,1514.0,121.0,113.0,95.0,577,1649.0,7.0,1701,1656.0,-5.0,0,0,,0.0,0.0,0.0,0.0,0.0,2015-11-01,0,0.0,0.0,0.0,0.0,0.0
2015,11,12,4,AA,1722,N746UW,CLT,DCA,945,941.0,-4.0,23.0,1004.0,85.0,92.0,65.0,331,1109.0,4.0,1110,1113.0,3.0,0,0,,0.0,0.0,0.0,0.0,0.0,2015-11-12,0,0.0,0.0,0.0,0.0,0.0
2015,11,13,5,AA,982,N013AA,MIA,STL,1415,1405.0,-10.0,18.0,1423.0,172.0,171.0,149.0,1068,1552.0,4.0,1607,1556.0,-11.0,0,0,,0.0,0.0,0.0,0.0,0.0,2015-11-13,0,0.0,0.0,0.0,0.0,0.0
2015,10,28,3,WN,2123,N8608N,12191,15304,2000,2019.0,19.0,14.0,2033.0,120.0,113.0,94.0,781,2307.0,5.0,2300,2312.0,12.0,0,0,,0.0,0.0,0.0,0.0,0.0,2015-10-28,1,0.0,0.0,0.0,0.0,0.0
2015,11,4,3,DL,1448,N919DE,ATL,DTW,1905,1933.0,28.0,23.0,1956.0,124.0,116.0,85.0,594,2121.0,8.0,2109,2129.0,20.0,0,0,,0.0,0.0,12.0,8.0,0.0,2015-11-04,1,0.0,0.0,42.86,28.57,0.0
2015,10,18,7,F9,923,N938FR,15356,14635,630,630.0,0.0,13.0,643.0,181.0,176.0,158.0,1028,921.0,5.0,931,926.0,-5.0,0,0,,0.0,0.0,0.0,0.0,0.0,2015-10-18,0,0.0,0.0,0.0,0.0,0.0
2015,11,14,6,WN,2473,N8655D,MDW,CLT,1325,1349.0,24.0,8.0,1357.0,110.0,102.0,86.0,584,1623.0,8.0,1615,1631.0,16.0,0,0,,0.0,0.0,16.0,0.0,0.0,2015-11-14,1,0.0,0.0,66.67,0.0,0.0
2015,11,19,4,EV,4758,N15986,ORD,MEM,906,901.0,-5.0,23.0,924.0,114.0,119.0,90.0,491,1054.0,6.0,1100,1100.0,0.0,0,0,,0.0,0.0,0.0,0.0,0.0,2015-11-19,0,0.0,0.0,0.0,0.0,0.0
2015,10,12,1,DL,2368,N969AT,10994,12478,1100,1058.0,-2.0,12.0,1110.0,115.0,109.0,90.0,636,1240.0,7.0,1255,1247.0,-8.0,0,0,,0.0,0.0,0.0,0.0,0.0,2015-10-12,0,0.0,0.0,0.0,0.0,0.0
2015,10,23,5,OO,7364,N445SW,14869,14794,750,745.0,-5.0,26.0,811.0,62.0,69.0,40.0,272,851.0,3.0,852,854.0,2.0,0,0,,0.0,0.0,0.0,0.0,0.0,2015-10-23,0,0.0,0.0,0.0,0.0,0.0
2015,11,7,6,AA,2306,N3MMAA,PBI,DFW,1345,1419.0,34.0,12.0,1431.0,194.0,176.0,154.0,1102,1605.0,10.0,1559,1615.0,16.0,0,0,,0.0,0.0,2.0,14.0,0.0,2015-11-07,1,0.0,0.0,5.88,41.18,0.0
2015,11,1,7,UA,1704,N24202,DEN,IAH,2022,2022.0,0.0,9.0,2031.0,142.0,115.0,99.0,862,2310.0,7.0,2344,2317.0,-27.0,0,0,,0.0,0.0,0.0,0.0,0.0,2015-11-01,0,0.0,0.0,0.0,0.0,0.0
2015,10,23,5,OO,4705,N912EV,13487,13184,1923,2111.0,108.0,25.0,2136.0,95.0,94.0,64.0,463,2340.0,5.0,2158,2345.0,107.0,0,0,,0.0,0.0,2.0,105.0,0.0,2015-10-23,1,0.0,0.0,1.85,97.22,0.0
2015,11,3,2,HA,111,N493HA,ITO,OGG,800,750.0,-10.0,7.0,757.0,41.0,36.0,23.0,121,820.0,6.0,841,826.0,-15.0,0,0,,0.0,0.0,0.0,0.0,0.0,2015-11-03,0,0.0,0.0,0.0,0.0,0.0
2015,11,17,2,WN,127,N739GB,MDW,SFO,1955,2000.0,5.0,25.0,2025.0,295.0,266.0,236.0,1855,2221.0,5.0,2250,2226.0,-24.0,0,0,,0.0,0.0,0.0,0.0,0.0,2015-11-17,0,0.0,0.0,0.0,0.0,0.0
2015,10,20,2,UA,1979,N62889,14683,12266,650,641.0,-9.0,13.0,654.0,66.0,78.0,33.0,191,727.0,32.0,756,759.0,3.0,0,0,,0.0,0.0,0.0,0.0,0.0,2015-10-20,0,0.0,0.0,0.0,0.0,0.0
2015,10,17,6,VX,358,N853VA,14771,10721,2300,2254.0,-6.0,12.0,2306.0,340.0,339.0,321.0,2704,727.0,6.0,740,733.0,-7.0,0,0,,0.0,0.0,0.0,0.0,0.0,2015-10-17,0,0.0,0.0,0.0,0.0,0.0
2015,10,16,5,WN,2313,N8600F,11292,13204,1235,1257.0,22.0,9.0,1306.0,205.0,195.0,179.0,1546,1805.0,7.0,1800,1812.0,12.0,0,0,,0.0,0.0,0.0,0.0,0.0,2015-10-16,1,0.0,0.0,0.0,0.0,0.0
2015,10,16,5,B6,1165,N358JB,10721,14635,650,649.0,-1.0,15.0,704.0,212.0,213.0,194.0,1249,1018.0,4.0,1022,1022.0,0.0,0,0,,0.0,0.0,0.0,0.0,0.0,2015-10-16,0,0.0,0.0,0.0,0.0,0.0
2015,11,19,4,DL,2240,N1501P,SFO,JFK,2145,2138.0,-7.0,20.0,2158.0,327.0,305.0,278.0,2586,536.0,7.0,612,543.0,-29.0,0,0,,0.0,0.0,0.0,0.0,0.0,2015-11-19,0,0.0,0.0,0.0,0.0,0.0
2015,11,18,3,DL,838,N717JL,PHX,SEA,800,753.0,-7.0,14.0,807.0,192.0,207.0,183.0,1107,1010.0,10.0,1012,1020.0,8.0,0,0,,0.0,0.0,0.0,0.0,0.0,2015-11-18,0,0.0,0.0,0.0,0.0,0.0
2015,10,24,6,WN,4954,N735SA,10800,12889,1550,1544.0,-6.0,13.0,1557.0,65.0,56.0,40.0,223,1637.0,3.0,1655,1640.0,-15.0,0,0,,0.0,0.0,0.0,0.0,0.0,2015-10-24,0,0.0,0.0,0.0,0.0,0.0
2015,11,1,7,AA,2448,N3CDAA,MIA,CLT,1255,1248.0,-7.0,11.0,1259.0,126.0,117.0,99.0,650,1438.0,7.0,1501,1445.0,-16.0,0,0,,0.0,0.0,0.0,0.0,0.0,2015-11-01,0,0.0,0.0,0.0,0.0,0.0
2015,10,15,4,WN,342,N600WN,11292,12191,1005,1008.0,3.0,14.0,1022.0,140.0,134.0,116.0,883,1318.0,4.0,1325,1322.0,-3.0,0,0,,0.0,0.0,0.0,0.0,0.0,2015-10-15,0,0.0,0.0,0.0,0.0,0.0
2015,10,23,5,WN,643,N478WN,13342,10721,925,931.0,6.0,8.0,939.0,130.0,127.0,109.0,860,1228.0,10.0,1235,1238.0,3.0,0,0,,0.0,0.0,0.0,0.0,0.0,2015-10-23,0,0.0,0.0,0.0,0.0,0.0
2015,10,11,7,WN,1944,N248WN,13232,10721,1705,1719.0,14.0,6.0,1725.0,135.0,125.0,113.0,861,2018.0,6.0,2020,2024.0,4.0,0,0,,0.0,0.0,0.0,0.0,0.0,2015-10-11,0,0.0,0.0,0.0,0.0,0.0
2015,11,13,5,UA,432,N76514,MCO,DEN,1857,1856.0,-1.0,11.0,1907.0,243.0,234.0,215.0,1546,2042.0,8.0,2100,2050.0,-10.0,0,0,,0.0,0.0,0.0,0.0,0.0,2015-11-13,0,0.0,0.0,0.0,0.0,0.0
2015,11,18,3,EV,3271,N12528,IAH,TYR,1740,1732.0,-8.0,12.0,1744.0,61.0,50.0,31.0,163,1815.0,7.0,1841,1822.0,-19.0,0,0,,0.0,0.0,0.0,0.0,0.0,2015-11-18,0,0.0,0.0,0.0,0.0,0.0
2015,10,13,2,NK,858,N523NK,14679,12266,800,754.0,-6.0,18.0,812.0,186.0,182.0,158.0,1303,1250.0,6.0,1306,1256.0,-10.0,0,0,,0.0,0.0,0.0,0.0,0.0,2015-10-13,0,0.0,0.0,0.0,0.0,0.0
2015,10,30,5,EV,5217,N979EV,10868,12953,700,653.0,-7.0,16.0,709.0,117.0,130.0,85.0,617,834.0,29.0,857,903.0,6.0,0,0,,0.0,0.0,0.0,0.0,0.0,2015-10-30,0,0.0,0.0,0.0,0.0,0.0
2015,10,11,7,AS,764,N513AS,14057,11278,940,932.0,-8.0,18.0,950.0,304.0,281.0,260.0,2350,1710.0,3.0,1744,1713.0,-31.0,0,0,,0.0,0.0,0.0,0.0,0.0,2015-10-11,0,0.0,0.0,0.0,0.0,0.0
2015,10,19,1,UA,1707,N33209,10713,11292,1426,1421.0,-5.0,8.0,1429.0,119.0,105.0,87.0,649,1556.0,10.0,1625,1606.0,-19.0,0,0,,0.0,0.0,0.0,0.0,0.0,2015-10-19,0,0.0,0.0,0.0,0.0,0.0
2015,11,14,6,OO,5231,N941SW,DEN,SLC,1535,1527.0,-8.0,14.0,1541.0,94.0,72.0,55.0,391,1636.0,3.0,1709,1639.0,-30.0,0,0,,0.0,0.0,0.0,0.0,0.0,2015-11-14,0,0.0,0.0,0.0,0.0,0.0
2015,10,12,1,WN,2134,N266WN,12889,14107,1925,1922.0,-3.0,16.0,1938.0,65.0,73.0,44.0,255,2022.0,13.0,2030,2035.0,5.0,0,0,,0.0,0.0,0.0,0.0,0.0,2015-10-12,0,0.0,0.0,0.0,0.0,0.0
2015,10,29,4,WN,2887,N913WN,12191,13495,1025,1027.0,2.0,11.0,1038.0,65.0,60.0,42.0,302,1120.0,7.0,1130,1127.0,-3.0,0,0,,0.0,0.0,0.0,0.0,0.0,2015-10-29,0,0.0,0.0,0.0,0.0,0.0
2015,10,20,2,DL,1563,N926DL,13244,10397,815,811.0,-4.0,11.0,822.0,79.0,68.0,48.0,332,1010.0,9.0,1034,1019.0,-15.0,0,0,,0.0,0.0,0.0,0.0,0.0,2015-10-20,0,0.0,0.0,0.0,0.0,0.0
2015,11,17,2,DL,2835,N839DN,SEA,SLC,1621,1631.0,10.0,14.0,1645.0,111.0,116.0,89.0,689,1914.0,13.0,1912,1927.0,15.0,0,0,,5.0,0.0,10.0,0.0,0.0,2015-11-17,0,50.0,0.0,100.0,0.0,0.0
2015,10,16,5,DL,2481,N914DL,10397,13851,1030,1025.0,-5.0,18.0,1043.0,135.0,129.0,106.0,761,1129.0,5.0,1145,1134.0,-11.0,0,0,,0.0,0.0,0.0,0.0,0.0,2015-10-16,0,0.0,0.0,0.0,0.0,0.0
2015,10,14,3,EV,4972,N200PQ,11433,10994,1000,956.0,-4.0,15.0,1011.0,127.0,111.0,90.0,667,1141.0,6.0,1207,1147.0,-20.0,0,0,,0.0,0.0,0.0,0.0,0.0,2015-10-14,0,0.0,0.0,0.0,0.0,0.0
2015,11,16,1,WN,3026,N383SW,SFO,PHX,1720,1743.0,23.0,12.0,1755.0,115.0,109.0,90.0,651,2025.0,7.0,2015,2032.0,17.0,0,0,,0.0,0.0,3.0,14.0,0.0,2015-11-16,1,0.0,0.0,13.04,60.87,0.0
2015,10,23,5,OO,4617,N418SW,14696,10397,1655,1710.0,15.0,12.0,1722.0,116.0,104.0,86.0,566,1848.0,6.0,1851,1854.0,3.0,0,0,,0.0,0.0,0.0,0.0,0.0,2015-10-23,0,0.0,0.0,0.0,0.0,0.0
2015,10,20,2,OO,6227,N943SW,11638,11292,1547,1547.0,0.0,12.0,1559.0,138.0,140.0,124.0,844,1903.0,4.0,1905,1907.0,2.0,0,0,,0.0,0.0,0.0,0.0,0.0,2015-10-20,0,0.0,0.0,0.0,0.0,0.0
2015,11,19,4,UA,715,N823UA,STL,SFO,1739,1742.0,3.0,12.0,1754.0,274.0,260.0,243.0,1735,1957.0,5.0,2013,2002.0,-11.0,0,0,,0.0,0.0,0.0,0.0,0.0,2015-11-19,0,0.0,0.0,0.0,0.0,0.0
2015,10,15,4,WN,1292,N285WN,12191,12889,1255,1303.0,8.0,12.0,1315.0,195.0,178.0,161.0,1235,1356.0,5.0,1410,1401.0,-9.0,0,0,,0.0,0.0,0.0,0.0,0.0,2015-10-15,0,0.0,0.0,0.0,0.0,0.0
2015,11,8,7,OO,4734,N898SK,SJC,SLC,1325,1322.0,-3.0,14.0,1336.0,114.0,100.0,79.0,584,1555.0,7.0,1619,1602.0,-17.0,0,0,,0.0,0.0,0.0,0.0,0.0,2015-11-08,0,0.0,0.0,0.0,0.0,0.0
2015,11,16,1,AS,465,N481AS,LAX,SEA,1140,1138.0,-2.0,36.0,1214.0,169.0,197.0,153.0,954,1447.0,8.0,1429,1455.0,26.0,0,0,,26.0,0.0,0.0,0.0,0.0,2015-11-16,0,-1300.0,-0.0,-0.0,-0.0,-0.0
2015,11,13,5,EV,4993,N133EV,MHT,DTW,1630,1638.0,8.0,16.0,1654.0,132.0,120.0,97.0,610,1831.0,7.0,1842,1838.0,-4.0,0,0,,0.0,0.0,0.0,0.0,0.0,2015-11-13,0,0.0,0.0,0.0,0.0,0.0
2015,11,19,4,UA,422,N476UA,RNO,DEN,600,555.0,-5.0,17.0,612.0,132.0,119.0,94.0,804,846.0,8.0,912,854.0,-18.0,0,0,,0.0,0.0,0.0,0.0,0.0,2015-11-19,0,0.0,0.0,0.0,0.0,0.0
2015,10,23,5,EV,5669,N36915,11193,11618,1525,1536.0,11.0,19.0,1555.0,115.0,121.0,92.0,569,1727.0,10.0,1720,1737.0,17.0,0,0,,6.0,0.0,8.0,3.0,0.0,2015-10-23,0,54.55,0.0,72.73,27.27,0.0
2015,11,16,1,AA,1768,N714US,GSO,CLT,1759,1750.0,-9.0,14.0,1804.0,60.0,48.0,22.0,83,1826.0,12.0,1859,1838.0,-21.0,0,0,,0.0,0.0,0.0,0.0,0.0,2015-11-16,0,0.0,0.0,0.0,0.0,0.0
2015,10,13,2,AA,119,N382AA,11298,13830,1050,1045.0,-5.0,24.0,1109.0,492.0,511.0,480.0,3711,1409.0,7.0,1402,1416.0,14.0,0,0,,0.0,0.0,0.0,0.0,0.0,2015-10-13,0,0.0,0.0,0.0,0.0,0.0
2015,11,8,7,AA,1300,N3CUAA,MSY,DFW,1746,1816.0,30.0,13.0,1829.0,104.0,90.0,70.0,447,1939.0,7.0,1930,1946.0,16.0,0,0,,0.0,0.0,0.0,16.0,0.0,2015-11-08,1,0.0,0.0,0.0,53.33,0.0
2015,10,27,2,EV,3828,N12569,12266,13158,1912,1902.0,-10.0,9.0,1911.0,92.0,83.0,69.0,429,2020.0,5.0,2044,2025.0,-19.0,0,0,,0.0,0.0,0.0,0.0,0.0,2015-10-27,0,0.0,0.0,0.0,0.0,0.0
2015,10,27,2,OO,4990,N960SW,13930,12945,2105,2141.0,36.0,14.0,2155.0,79.0,74.0,54.0,323,2349.0,6.0,2324,2355.0,31.0,0,0,,0.0,0.0,31.0,0.0,0.0,2015-10-27,1,0.0,0.0,86.11,0.0,0.0
2015,11,7,6,AA,580,N768US,DSM,PHX,1445,1452.0,7.0,9.0,1501.0,188.0,163.0,148.0,1149,1629.0,6.0,1653,1635.0,-18.0,0,0,,0.0,0.0,0.0,0.0,0.0,2015-11-07,0,0.0,0.0,0.0,0.0,0.0
2015,11,12,4,NK,904,N641NK,DFW,MCO,1616,1610.0,-6.0,13.0,1623.0,147.0,149.0,125.0,985,1928.0,11.0,1943,1939.0,-4.0,0,0,,0.0,0.0,0.0,0.0,0.0,2015-11-12,0,0.0,0.0,0.0,0.0,0.0
2015,11,4,3,UA,487,N831UA,LAX,LAS,816,807.0,-9.0,37.0,844.0,79.0,89.0,42.0,236,926.0,10.0,935,936.0,1.0,0,0,,0.0,0.0,0.0,0.0,0.0,2015-11-04,0,0.0,0.0,0.0,0.0,0.0
2015,11,1,7,DL,1088,N6707A,MSP,ANC,1740,1742.0,2.0,14.0,1756.0,368.0,345.0,326.0,2519,2022.0,5.0,2048,2027.0,-21.0,0,0,,0.0,0.0,0.0,0.0,0.0,2015-11-01,0,0.0,0.0,0.0,0.0,0.0
2015,11,5,4,AA,686,N185UW,DEN,PHL,705,701.0,-4.0,73.0,814.0,208.0,256.0,176.0,1558,1310.0,7.0,1233,1317.0,44.0,0,0,,44.0,0.0,0.0,0.0,0.0,2015-11-05,0,-1100.0,-0.0,-0.0,-0.0,-0.0
2015,10,24,6,OO,5659,N121SY,11292,11298,1730,1727.0,-3.0,18.0,1745.0,124.0,126.0,97.0,641,2022.0,11.0,2034,2033.0,-1.0,0,0,,0.0,0.0,0.0,0.0,0.0,2015-10-24,0,0.0,0.0,0.0,0.0,0.0
2015,10,25,7,WN,2870,N618WN,13158,12191,1615,1648.0,33.0,7.0,1655.0,80.0,78.0,65.0,441,1800.0,6.0,1735,1806.0,31.0,0,0,,0.0,0.0,2.0,29.0,0.0,2015-10-25,1,0.0,0.0,6.06,87.88,0.0
2015,11,7,6,AA,1763,N826AW,BWI,CLT,1535,1531.0,-4.0,14.0,1545.0,92.0,88.0,69.0,361,1654.0,5.0,1707,1659.0,-8.0,0,0,,0.0,0.0,0.0,0.0,0.0,2015-11-07,0,0.0,0.0,0.0,0.0,0.0
2015,11,17,2,HA,368,N483HA,HNL,KOA,809,802.0,-7.0,16.0,818.0,46.0,50.0,28.0,163,846.0,6.0,855,852.0,-3.0,0,0,,0.0,0.0,0.0,0.0,0.0,2015-11-17,0,0.0,0.0,0.0,0.0,0.0
2015,11,3,2,F9,584,N951FR,SLC,DEN,1200,1149.0,-11.0,13.0,1202.0,79.0,79.0,56.0,391,1258.0,10.0,1319,1308.0,-11.0,0,0,,0.0,0.0,0.0,0.0,0.0,2015-11-03,0,0.0,0.0,0.0,0.0,0.0
2015,10,30,5,OO,6504,N919SW,11292,14783,1515,1507.0,-8.0,16.0,1523.0,109.0,108.0,88.0,637,1751.0,4.0,1804,1755.0,-9.0,0,0,,0.0,0.0,0.0,0.0,0.0,2015-10-30,0,0.0,0.0,0.0,0.0,0.0
2015,11,15,7,AS,362,N440AS,SEA,SMF,1500,1457.0,-3.0,31.0,1528.0,101.0,116.0,81.0,605,1649.0,4.0,1641,1653.0,12.0,0,0,,0.0,0.0,0.0,0.0,0.0,2015-11-15,0,0.0,0.0,0.0,0.0,0.0
2015,11,10,2,WN,2226,N560WN,ATL,PHX,2105,2101.0,-4.0,22.0,2123.0,265.0,272.0,246.0,1587,2329.0,4.0,2330,2333.0,3.0,0,0,,0.0,0.0,0.0,0.0,0.0,2015-11-10,0,0.0,0.0,0.0,0.0,0.0
2015,11,15,7,NK,252,N529NK,TPA,ATL,705,701.0,-4.0,11.0,712.0,85.0,88.0,65.0,406,817.0,12.0,830,829.0,-1.0,0,0,,0.0,0.0,0.0,0.0,0.0,2015-11-15,0,0.0,0.0,0.0,0.0,0.0
2015,10,11,7,B6,497,N827JB,10721,14747,1918,1928.0,10.0,22.0,1950.0,369.0,370.0,343.0,2496,2233.0,5.0,2227,2238.0,11.0,0,0,,0.0,0.0,0.0,0.0,0.0,2015-10-11,0,0.0,0.0,0.0,0.0,0.0
2015,10,31,6,UA,635,N492UA,10821,13930,646,650.0,4.0,13.0,703.0,129.0,123.0,103.0,622,746.0,7.0,755,753.0,-2.0,0,0,,0.0,0.0,0.0,0.0,0.0,2015-10-31,0,0.0,0.0,0.0,0.0,0.0
2015,10,12,1,DL,813,N681DA,10397,14100,2205,2201.0,-4.0,13.0,2214.0,125.0,113.0,93.0,666,2347.0,7.0,10,2354.0,-16.0,0,0,,0.0,0.0,0.0,0.0,0.0,2015-10-12,0,0.0,0.0,0.0,0.0,0.0
2015,11,9,1,UA,268,N62889,DEN,SFO,1003,1002.0,-1.0,28.0,1030.0,167.0,185.0,147.0,967,1157.0,10.0,1150,1207.0,17.0,0,0,,17.0,0.0,0.0,0.0,0.0,2015-11-09,0,-1700.0,-0.0,-0.0,-0.0,-0.0
2015,11,15,7,DL,1568,N949DN,MSP,DCA,1508,1505.0,-3.0,10.0,1515.0,143.0,129.0,114.0,931,1809.0,5.0,1831,1814.0,-17.0,0,0,,0.0,0.0,0.0,0.0,0.0,2015-11-15,0,0.0,0.0,0.0,0.0,0.0
2015,11,4,3,EV,5159,N133EV,ATL,IAH,1740,1738.0,-2.0,18.0,1756.0,133.0,127.0,99.0,689,1835.0,10.0,1853,1845.0,-8.0,0,0,,0.0,0.0,0.0,0.0,0.0,2015-11-04,0,0.0,0.0,0.0,0.0,0.0
2015,11,9,1,DL,2338,N953DN,ATL,DCA,1220,1221.0,1.0,14.0,1235.0,104.0,93.0,75.0,547,1350.0,4.0,1404,1354.0,-10.0,0,0,,0.0,0.0,0.0,0.0,0.0,2015-11-09,0,0.0,0.0,0.0,0.0,0.0
2015,11,10,2,AA,429,N110UW,PHL,SAN,740,739.0,-1.0,27.0,806.0,361.0,379.0,348.0,2370,1054.0,4.0,1041,1058.0,17.0,0,0,,17.0,0.0,0.0,0.0,0.0,2015-11-10,0,-1700.0,-0.0,-0.0,-0.0,-0.0
2015,11,10,2,HA,120,N492HA,HNL,KOA,841,836.0,-5.0,8.0,844.0,46.0,41.0,28.0,163,912.0,5.0,927,917.0,-10.0,0,0,,0.0,0.0,0.0,0.0,0.0,2015-11-10,0,0.0,0.0,0.0,0.0,0.0
2015,10,19,1,VX,114,N642VA,12892,12264,2355,2344.0,-11.0,9.0,2353.0,290.0,285.0,267.0,2288,720.0,9.0,745,729.0,-16.0,0,0,,0.0,0.0,0.0,0.0,0.0,2015-10-19,0,0.0,0.0,0.0,0.0,0.0
2015,10,20,2,WN,2646,N239WN,14747,13342,1000,1000.0,0.0,22.0,1022.0,225.0,229.0,202.0,1694,1544.0,5.0,1545,1549.0,4.0,0,0,,0.0,0.0,0.0,0.0,0.0,2015-10-20,0,0.0,0.0,0.0,0.0,0.0
2015,10,26,1,AA,247,N853AA,12892,12758,1800,1753.0,-7.0,16.0,1809.0,353.0,361.0,339.0,2504,2048.0,6.0,2053,2054.0,1.0,0,0,,0.0,0.0,0.0,0.0,0.0,2015-10-26,0,0.0,0.0,0.0,0.0,0.0
2015,11,1,7,WN,5854,N932WN,BWI,TPA,730,724.0,-6.0,12.0,736.0,155.0,143.0,123.0,842,939.0,8.0,1005,947.0,-18.0,0,0,,0.0,0.0,0.0,0.0,0.0,2015-11-01,0,0.0,0.0,0.0,0.0,0.0
2015,11,11,3,UA,1790,N12225,EWR,FLL,1431,1447.0,16.0,17.0,1504.0,188.0,159.0,138.0,1065,1722.0,4.0,1739,1726.0,-13.0,0,0,,0.0,0.0,0.0,0.0,0.0,2015-11-11,1,0.0,0.0,0.0,0.0,0.0
2015,10,30,5,OO,4822,N432SW,10397,14696,1530,1523.0,-7.0,22.0,1545.0,117.0,117.0,90.0,566,1715.0,5.0,1727,1720.0,-7.0,0,0,,0.0,0.0,0.0,0.0,0.0,2015-10-30,0,0.0,0.0,0.0,0.0,0.0
2015,10,25,7,EV,4393,N11150,12339,12266,1855,1853.0,-2.0,15.0,1908.0,156.0,161.0,133.0,844,2021.0,13.0,2031,2034.0,3.0,0,0,,0.0,0.0,0.0,0.0,0.0,2015-10-25,0,0.0,0.0,0.0,0.0,0.0
2015,11,14,6,AA,1297,N5ESAA,LAX,MIA,610,609.0,-1.0,20.0,629.0,291.0,296.0,267.0,2342,1356.0,9.0,1401,1405.0,4.0,0,0,,0.0,0.0,0.0,0.0,0.0,2015-11-14,0,0.0,0.0,0.0,0.0,0.0
2015,10,23,5,WN,3155,N8661A,14122,13232,1805,1803.0,-2.0,20.0,1823.0,95.0,110.0,66.0,402,1829.0,24.0,1840,1853.0,13.0,0,0,,0.0,0.0,0.0,0.0,0.0,2015-10-23,0,0.0,0.0,0.0,0.0,0.0
2015,11,18,3,OO,6416,N772SK,SFO,ABQ,1101,1056.0,-5.0,26.0,1122.0,144.0,141.0,107.0,896,1409.0,8.0,1425,1417.0,-8.0,0,0,,0.0,0.0,0.0,0.0,0.0,2015-11-18,0,0.0,0.0,0.0,0.0,0.0
2015,11,2,1,EV,4195,N11548,CLE,DCA,1545,1530.0,-15.0,14.0,1544.0,81.0,76.0,57.0,310,1641.0,5.0,1706,1646.0,-20.0,0,0,,0.0,0.0,0.0,0.0,0.0,2015-11-02,0,0.0,0.0,0.0,0.0,0.0
2015,11,11,3,AA,716,N573UW,LAX,PHL,845,839.0,-6.0,26.0,905.0,317.0,281.0,251.0,2402,1616.0,4.0,1702,1620.0,-42.0,0,0,,0.0,0.0,0.0,0.0,0.0,2015-11-11,0,0.0,0.0,0.0,0.0,0.0
2015,10,27,2,HA,125,N483HA,13830,12173,2025,2019.0,-6.0,6.0,2025.0,36.0,33.0,21.0,100,2046.0,6.0,2101,2052.0,-9.0,0,0,,0.0,0.0,0.0,0.0,0.0,2015-10-27,0,0.0,0.0,0.0,0.0,0.0
2015,10,17,6,B6,814,N591JB,11697,12197,1857,1852.0,-5.0,12.0,1904.0,170.0,160.0,145.0,1097,2129.0,3.0,2147,2132.0,-15.0,0,0,,0.0,0.0,0.0,0.0,0.0,2015-10-17,0,0.0,0.0,0.0,0.0,0.0
2015,11,7,6,DL,2497,N923AT,LFT,ATL,600,605.0,5.0,17.0,622.0,94.0,101.0,74.0,503,836.0,10.0,834,846.0,12.0,0,0,,0.0,0.0,0.0,0.0,0.0,2015-11-07,0,0.0,0.0,0.0,0.0,0.0
2015,10,20,2,DL,1458,N930DN,14635,10397,1325,1323.0,-2.0,11.0,1334.0,109.0,92.0,75.0,515,1449.0,6.0,1514,1455.0,-19.0,0,0,,0.0,0.0,0.0,0.0,0.0,2015-10-20,0,0.0,0.0,0.0,0.0,0.0
2015,11,14,6,WN,3777,N647SW,HOU,MCI,910,905.0,-5.0,9.0,914.0,115.0,106.0,92.0,666,1046.0,5.0,1105,1051.0,-14.0,0,0,,0.0,0.0,0.0,0.0,0.0,2015-11-14,0,0.0,0.0,0.0,0.0,0.0
2015,11,15,7,AA,1012,N3CJAA,RSW,DFW,726,723.0,-3.0,10.0,733.0,184.0,172.0,141.0,1017,854.0,21.0,930,915.0,-15.0,0,0,,0.0,0.0,0.0,0.0,0.0,2015-11-15,0,0.0,0.0,0.0,0.0,0.0
2015,11,6,5,OO,6253,N928EV,CPR,DEN,2019,2009.0,-10.0,7.0,2016.0,64.0,49.0,35.0,230,2051.0,7.0,2123,2058.0,-25.0,0,0,,0.0,0.0,0.0,0.0,0.0,2015-11-06,0,0.0,0.0,0.0,0.0,0.0
2015,11,17,2,DL,1443,N955AT,IAH,ATL,1110,1111.0,1.0,30.0,1141.0,122.0,130.0,92.0,689,1413.0,8.0,1412,1421.0,9.0,0,0,,0.0,0.0,0.0,0.0,0.0,2015-11-17,0,0.0,0.0,0.0,0.0,0.0
2015,10,29,4,DL,67,N685DA,10397,12889,1754,1753.0,-1.0,14.0,1807.0,272.0,254.0,235.0,1747,1902.0,5.0,1926,1907.0,-19.0,0,0,,0.0,0.0,0.0,0.0,0.0,2015-10-29,0,0.0,0.0,0.0,0.0,0.0
2015,10,30,5,EV,5121,N870AS,10397,12323,1642,1639.0,-3.0,23.0,1702.0,82.0,85.0,58.0,377,1800.0,4.0,1804,1804.0,0.0,0,0,,0.0,0.0,0.0,0.0,0.0,2015-10-30,0,0.0,0.0,0.0,0.0,0.0
2015,11,6,5,EV,4119,N11150,EWR,RIC,2205,2240.0,35.0,13.0,2253.0,82.0,68.0,51.0,277,2344.0,4.0,2327,2348.0,21.0,0,0,,0.0,0.0,0.0,21.0,0.0,2015-11-06,1,0.0,0.0,0.0,60.0,0.0
2015,10,19,1,WN,384,N943WN,14107,14730,1045,1041.0,-4.0,17.0,1058.0,205.0,192.0,170.0,1506,1648.0,5.0,1710,1653.0,-17.0,0,0,,0.0,0.0,0.0,0.0,0.0,2015-10-19,0,0.0,0.0,0.0,0.0,0.0
2015,11,11,3,MQ,3052,N831MQ,DFW,FSM,1154,1150.0,-4.0,31.0,1221.0,66.0,75.0,39.0,227,1300.0,5.0,1300,1305.0,5.0,0,0,,0.0,0.0,0.0,0.0,0.0,2015-11-11,0,0.0,0.0,0.0,0.0,0.0
2015,11,2,1,AA,1826,N755US,PHX,LAS,1455,1450.0,-5.0,18.0,1508.0,69.0,71.0,46.0,255,1454.0,7.0,1504,1501.0,-3.0,0,0,,0.0,0.0,0.0,0.0,0.0,2015-11-02,0,0.0,0.0,0.0,0.0,0.0
2015,11,2,1,AA,1840,N807AW,CLT,PIT,1810,1813.0,3.0,23.0,1836.0,86.0,83.0,56.0,366,1932.0,4.0,1936,1936.0,0.0,0,0,,0.0,0.0,0.0,0.0,0.0,2015-11-02,0,0.0,0.0,0.0,0.0,0.0
2015,10,13,2,UA,1905,N12218,10721,11292,1141,1146.0,5.0,14.0,1200.0,276.0,259.0,238.0,1754,1358.0,7.0,1417,1405.0,-12.0,0,0,,0.0,0.0,0.0,0.0,0.0,2015-10-13,0,0.0,0.0,0.0,0.0,0.0
2015,11,2,1,UA,218,N775UA,HNL,ORD,1655,1706.0,11.0,21.0,1727.0,487.0,475.0,445.0,4243,452.0,9.0,502,501.0,-1.0,0,0,,0.0,0.0,0.0,0.0,0.0,2015-11-02,0,0.0,0.0,0.0,0.0,0.0
2015,11,2,1,DL,1958,N368NB,CHA,ATL,1700,1721.0,21.0,39.0,1800.0,51.0,76.0,28.0,106,1828.0,9.0,1751,1837.0,46.0,0,0,,25.0,0.0,0.0,19.0,2.0,2015-11-02,1,119.05,0.0,0.0,90.48,9.52
2015,11,3,2,VX,29,N839VA,JFK,SFO,1850,1845.0,-5.0,18.0,1903.0,395.0,376.0,342.0,2586,2145.0,16.0,2225,2201.0,-24.0,0,0,,0.0,0.0,0.0,0.0,0.0,2015-11-03,0,0.0,0.0,0.0,0.0,0.0
2015,10,13,2,DL,1627,N952AT,11433,11986,1555,1552.0,-3.0,17.0,1609.0,46.0,46.0,26.0,120,1635.0,3.0,1641,1638.0,-3.0,0,0,,0.0,0.0,0.0,0.0,0.0,2015-10-13,0,0.0,0.0,0.0,0.0,0.0
2015,10,13,2,WN,1647,N603SW,14107,11540,1455,1454.0,-1.0,9.0,1503.0,65.0,65.0,51.0,347,1654.0,5.0,1700,1659.0,-1.0,0,0,,0.0,0.0,0.0,0.0,0.0,2015-10-13,0,0.0,0.0,0.0,0.0,0.0
2015,11,8,7,DL,651,N928AT,CLT,DTW,930,929.0,-1.0,22.0,951.0,120.0,99.0,71.0,500,1102.0,6.0,1130,1108.0,-22.0,0,0,,0.0,0.0,0.0,0.0,0.0,2015-11-08,0,0.0,0.0,0.0,0.0,0.0
2015,10,24,6,AA,849,N956UW,14122,14100,1525,1523.0,-2.0,36.0,1559.0,91.0,90.0,46.0,268,1645.0,8.0,1656,1653.0,-3.0,0,0,,0.0,0.0,0.0,0.0,0.0,2015-10-24,0,0.0,0.0,0.0,0.0,0.0
2015,11,14,6,WN,2827,N603SW,TPA,FLL,1615,1614.0,-1.0,7.0,1621.0,60.0,50.0,39.0,197,1700.0,4.0,1715,1704.0,-11.0,0,0,,0.0,0.0,0.0,0.0,0.0,2015-11-14,0,0.0,0.0,0.0,0.0,0.0
2015,10,23,5,AS,60,N706AS,12819,14747,849,841.0,-8.0,16.0,857.0,106.0,111.0,87.0,680,1124.0,8.0,1135,1132.0,-3.0,0,0,,0.0,0.0,0.0,0.0,0.0,2015-10-23,0,0.0,0.0,0.0,0.0,0.0
2015,11,2,1,OO,7399,N823AS,HIB,MSP,1244,1232.0,-12.0,11.0,1243.0,66.0,56.0,33.0,174,1316.0,12.0,1350,1328.0,-22.0,0,0,,0.0,0.0,0.0,0.0,0.0,2015-11-02,0,0.0,0.0,0.0,0.0,0.0
2015,11,8,7,DL,1758,N827DN,ATL,TPA,1905,1916.0,11.0,8.0,1924.0,86.0,72.0,61.0,406,2025.0,3.0,2031,2028.0,-3.0,0,0,,0.0,0.0,0.0,0.0,0.0,2015-11-08,0,0.0,0.0,0.0,0.0,0.0
2015,11,1,7,AA,2037,N713UW,PHL,JAX,1825,1818.0,-7.0,28.0,1846.0,150.0,136.0,104.0,742,2030.0,4.0,2055,2034.0,-21.0,0,0,,0.0,0.0,0.0,0.0,0.0,2015-11-01,0,0.0,0.0,0.0,0.0,0.0
2015,10,12,1,DL,31,N907DE,10397,13244,2155,2152.0,-3.0,10.0,2202.0,87.0,66.0,54.0,332,2156.0,2.0,2222,2158.0,-24.0,0,0,,0.0,0.0,0.0,0.0,0.0,2015-10-12,0,0.0,0.0,0.0,0.0,0.0
2015,11,6,5,AA,1578,N3BSAA,BOS,DFW,1425,1420.0,-5.0,10.0,1430.0,265.0,277.0,260.0,1562,1750.0,7.0,1750,1757.0,7.0,0,0,,0.0,0.0,0.0,0.0,0.0,2015-11-06,0,0.0,0.0,0.0,0.0,0.0
2015,10,28,3,AA,1856,N179UW,14107,14100,700,731.0,31.0,19.0,750.0,271.0,271.0,244.0,2075,1454.0,8.0,1431,1502.0,31.0,0,0,,0.0,31.0,0.0,0.0,0.0,2015-10-28,1,0.0,100.0,0.0,0.0,0.0
2015,10,17,6,AA,1489,N3CWAA,11298,14747,700,655.0,-5.0,15.0,710.0,258.0,239.0,214.0,1660,844.0,10.0,918,854.0,-24.0,0,0,,0.0,0.0,0.0,0.0,0.0,2015-10-17,0,0.0,0.0,0.0,0.0,0.0
2015,10,16,5,WN,728,N269WN,14747,14107,1530,1529.0,-1.0,11.0,1540.0,170.0,170.0,152.0,1107,1812.0,7.0,1820,1819.0,-1.0,0,0,,0.0,0.0,0.0,0.0,0.0,2015-10-16,0,0.0,0.0,0.0,0.0,0.0
2015,10,16,5,MQ,3396,N8EGMQ,11066,12953,1330,1326.0,-4.0,8.0,1334.0,101.0,94.0,78.0,479,1452.0,8.0,1511,1500.0,-11.0,0,0,,0.0,0.0,0.0,0.0,0.0,2015-10-16,0,0.0,0.0,0.0,0.0,0.0
2015,11,6,5,EV,4908,N849AS,SBN,ATL,1225,1224.0,-1.0,10.0,1234.0,115.0,128.0,112.0,566,1426.0,6.0,1420,1432.0,12.0,0,0,,0.0,0.0,0.0,0.0,0.0,2015-11-06,0,0.0,0.0,0.0,0.0,0.0
2015,11,14,6,DL,1128,N833DN,PHX,ATL,600,555.0,-5.0,15.0,610.0,207.0,192.0,172.0,1587,1102.0,5.0,1127,1107.0,-20.0,0,0,,0.0,0.0,0.0,0.0,0.0,2015-11-14,0,0.0,0.0,0.0,0.0,0.0
2015,11,7,6,AA,1576,N426AA,SAT,DFW,800,800.0,0.0,17.0,817.0,75.0,69.0,44.0,247,901.0,8.0,915,909.0,-6.0,0,0,,0.0,0.0,0.0,0.0,0.0,2015-11-07,0,0.0,0.0,0.0,0.0,0.0
2015,10,18,7,B6,440,N247JB,11042,10721,929,924.0,-5.0,10.0,934.0,100.0,97.0,81.0,563,1055.0,6.0,1109,1101.0,-8.0,0,0,,0.0,0.0,0.0,0.0,0.0,2015-10-18,0,0.0,0.0,0.0,0.0,0.0
2015,10,12,1,WN,614,N947WN,14908,14107,1230,1246.0,16.0,13.0,1259.0,70.0,79.0,57.0,338,1356.0,9.0,1340,1405.0,25.0,0,0,,9.0,0.0,16.0,0.0,0.0,2015-10-12,1,56.25,0.0,100.0,0.0,0.0
2015,10,22,4,WN,1189,N528SW,11540,11259,1525,1604.0,39.0,7.0,1611.0,100.0,89.0,77.0,562,1828.0,5.0,1805,1833.0,28.0,0,0,,0.0,0.0,0.0,28.0,0.0,2015-10-22,1,0.0,0.0,0.0,71.79,0.0
2015,10,22,4,WN,157,N297WN,15304,15016,1815,1814.0,-1.0,11.0,1825.0,140.0,141.0,126.0,869,1931.0,4.0,1935,1935.0,0.0,0,0,,0.0,0.0,0.0,0.0,0.0,2015-10-22,0,0.0,0.0,0.0,0.0,0.0
2015,11,2,1,AA,461,N509AY,EWR,CLT,615,608.0,-7.0,19.0,627.0,115.0,123.0,96.0,529,803.0,8.0,810,811.0,1.0,0,0,,0.0,0.0,0.0,0.0,0.0,2015-11-02,0,0.0,0.0,0.0,0.0,0.0
2015,10,26,1,HA,36,N583HA,12173,14107,1300,1308.0,8.0,19.0,1327.0,360.0,371.0,347.0,2917,2214.0,5.0,2200,2219.0,19.0,0,0,,0.0,0.0,19.0,0.0,0.0,2015-10-26,0,0.0,0.0,237.5,0.0,0.0
2015,10,21,3,VX,751,N625VA,14747,14771,700,652.0,-8.0,15.0,707.0,120.0,120.0,101.0,679,848.0,4.0,900,852.0,-8.0,0,0,,0.0,0.0,0.0,0.0,0.0,2015-10-21,0,0.0,0.0,0.0,0.0,0.0
2015,11,5,4,MQ,3298,N932MQ,DFW,MSN,1545,1543.0,-2.0,11.0,1554.0,132.0,118.0,105.0,821,1739.0,2.0,1757,1741.0,-16.0,0,0,,0.0,0.0,0.0,0.0,0.0,2015-11-05,0,0.0,0.0,0.0,0.0,0.0
2015,11,9,1,AA,594,N802AW,PHX,IAH,1705,1739.0,34.0,14.0,1753.0,149.0,145.0,117.0,1009,2050.0,14.0,2034,2104.0,30.0,0,0,,0.0,0.0,0.0,30.0,0.0,2015-11-09,1,0.0,0.0,0.0,88.24,0.0
2015,10,14,3,AA,1514,N436AA,13930,15304,828,826.0,-2.0,12.0,838.0,158.0,135.0,118.0,1012,1136.0,5.0,1206,1141.0,-25.0,0,0,,0.0,0.0,0.0,0.0,0.0,2015-10-14,0,0.0,0.0,0.0,0.0,0.0
2015,11,8,7,OO,5167,N109SY,ORD,DTW,1329,1327.0,-2.0,20.0,1347.0,83.0,77.0,48.0,235,1535.0,9.0,1552,1544.0,-8.0,0,0,,0.0,0.0,0.0,0.0,0.0,2015-11-08,0,0.0,0.0,0.0,0.0,0.0
2015,11,17,2,EV,5018,N740EV,EYW,ATL,700,658.0,-2.0,12.0,710.0,122.0,125.0,105.0,646,855.0,8.0,902,903.0,1.0,0,0,,0.0,0.0,0.0,0.0,0.0,2015-11-17,0,0.0,0.0,0.0,0.0,0.0
2015,11,17,2,DL,2577,N994AT,FLL,JFK,1525,1521.0,-4.0,17.0,1538.0,180.0,170.0,144.0,1069,1802.0,9.0,1825,1811.0,-14.0,0,0,,0.0,0.0,0.0,0.0,0.0,2015-11-17,0,0.0,0.0,0.0,0.0,0.0
2015,11,19,4,OO,6506,N119SY,SAN,SFO,1730,1733.0,3.0,26.0,1759.0,99.0,99.0,68.0,447,1907.0,5.0,1909,1912.0,3.0,0,0,,0.0,0.0,0.0,0.0,0.0,2015-11-19,0,0.0,0.0,0.0,0.0,0.0
2015,11,3,2,AS,123,N306AS,SEA,FAI,1355,1417.0,22.0,12.0,1429.0,237.0,228.0,212.0,1533,1701.0,4.0,1652,1705.0,13.0,0,0,,0.0,0.0,0.0,0.0,0.0,2015-11-03,1,0.0,0.0,0.0,0.0,0.0
2015,10,15,4,F9,1395,N952FR,11042,15304,600,607.0,7.0,12.0,619.0,150.0,145.0,124.0,927,823.0,9.0,830,832.0,2.0,0,0,,0.0,0.0,0.0,0.0,0.0,2015-10-15,0,0.0,0.0,0.0,0.0,0.0
2015,10,28,3,WN,2949,N714CB,13232,15016,1325,1331.0,6.0,12.0,1343.0,65.0,65.0,49.0,251,1432.0,4.0,1430,1436.0,6.0,0,0,,0.0,0.0,0.0,0.0,0.0,2015-10-28,0,0.0,0.0,0.0,0.0,0.0
2015,10,25,7,EV,4123,N13132,15412,12266,643,641.0,-2.0,10.0,651.0,147.0,158.0,141.0,771,812.0,7.0,810,819.0,9.0,0,0,,0.0,0.0,0.0,0.0,0.0,2015-10-25,0,0.0,0.0,0.0,0.0,0.0
2015,11,10,2,DL,1390,N980DL,ATL,MSP,2200,2201.0,1.0,19.0,2220.0,160.0,150.0,127.0,907,2327.0,4.0,2340,2331.0,-9.0,0,0,,0.0,0.0,0.0,0.0,0.0,2015-11-10,0,0.0,0.0,0.0,0.0,0.0
2015,11,6,5,EV,4274,N12167,EWR,CHS,923,917.0,-6.0,28.0,945.0,132.0,142.0,104.0,628,1129.0,10.0,1135,1139.0,4.0,0,0,,0.0,0.0,0.0,0.0,0.0,2015-11-06,0,0.0,0.0,0.0,0.0,0.0
2015,10,18,7,DL,2809,N916DL,13930,10397,1359,1400.0,1.0,33.0,1433.0,125.0,119.0,79.0,606,1652.0,7.0,1704,1659.0,-5.0,0,0,,0.0,0.0,0.0,0.0,0.0,2015-10-18,0,0.0,0.0,0.0,0.0,0.0
2015,10,21,3,DL,1439,N357NW,10397,13931,1215,1213.0,-2.0,9.0,1222.0,94.0,85.0,73.0,516,1335.0,3.0,1349,1338.0,-11.0,0,0,,0.0,0.0,0.0,0.0,0.0,2015-10-21,0,0.0,0.0,0.0,0.0,0.0
2015,11,14,6,WN,3321,N257WN,MDW,BHM,1405,1408.0,3.0,9.0,1417.0,100.0,87.0,76.0,570,1533.0,2.0,1545,1535.0,-10.0,0,0,,0.0,0.0,0.0,0.0,0.0,2015-11-14,0,0.0,0.0,0.0,0.0,0.0
2015,10,13,2,AS,731,N459AS,14747,10299,2130,2137.0,7.0,14.0,2151.0,223.0,220.0,203.0,1448,14.0,3.0,13,17.0,4.0,0,0,,0.0,0.0,0.0,0.0,0.0,2015-10-13,0,0.0,0.0,0.0,0.0,0.0
2015,11,1,7,AA,1462,N434AA,ONT,DFW,600,559.0,-1.0,17.0,616.0,190.0,178.0,154.0,1188,1050.0,7.0,1110,1057.0,-13.0,0,0,,0.0,0.0,0.0,0.0,0.0,2015-11-01,0,0.0,0.0,0.0,0.0,0.0
2015,10,30,5,AA,1974,N952UW,14100,11697,1750,1746.0,-4.0,15.0,1801.0,171.0,143.0,126.0,992,2007.0,2.0,2041,2009.0,-32.0,0,0,,0.0,0.0,0.0,0.0,0.0,2015-10-30,0,0.0,0.0,0.0,0.0,0.0
2015,11,3,2,UA,1445,N78506,IAD,DEN,1911,1901.0,-10.0,11.0,1912.0,238.0,218.0,200.0,1452,2032.0,7.0,2109,2039.0,-30.0,0,0,,0.0,0.0,0.0,0.0,0.0,2015-11-03,0,0.0,0.0,0.0,0.0,0.0
2015,11,5,4,UA,697,N66848,SFO,IAD,2226,2308.0,42.0,19.0,2327.0,308.0,286.0,259.0,2419,646.0,8.0,634,654.0,20.0,0,0,,0.0,0.0,20.0,0.0,0.0,2015-11-05,1,0.0,0.0,47.62,0.0,0.0
2015,10,11,7,UA,404,N831UA,13930,12266,2055,2057.0,2.0,27.0,2124.0,169.0,154.0,122.0,925,2326.0,5.0,2344,2331.0,-13.0,0,0,,0.0,0.0,0.0,0.0,0.0,2015-10-11,0,0.0,0.0,0.0,0.0,0.0
2015,11,6,5,UA,1807,N14115,LAX,EWR,1400,1410.0,10.0,22.0,1432.0,313.0,299.0,266.0,2454,2158.0,11.0,2213,2209.0,-4.0,0,0,,0.0,0.0,0.0,0.0,0.0,2015-11-06,0,0.0,0.0,0.0,0.0,0.0
2015,11,10,2,WN,110,N7741C,HOU,MDW,1635,1642.0,7.0,14.0,1656.0,145.0,140.0,120.0,937,1856.0,6.0,1900,1902.0,2.0,0,0,,0.0,0.0,0.0,0.0,0.0,2015-11-10,0,0.0,0.0,0.0,0.0,0.0
2015,10,28,3,WN,1354,N239WN,10423,11259,1515,1514.0,-1.0,10.0,1524.0,55.0,50.0,36.0,189,1600.0,4.0,1610,1604.0,-6.0,0,0,,0.0,0.0,0.0,0.0,0.0,2015-10-28,0,0.0,0.0,0.0,0.0,0.0
2015,11,10,2,AA,1469,N4YCAA,DFW,DAY,710,701.0,-9.0,10.0,711.0,135.0,124.0,109.0,861,1000.0,5.0,1025,1005.0,-20.0,0,0,,0.0,0.0,0.0,0.0,0.0,2015-11-10,0,0.0,0.0,0.0,0.0,0.0
2015,10,21,3,DL,1152,N919DL,11996,10397,550,547.0,-3.0,18.0,605.0,58.0,56.0,32.0,153,637.0,6.0,648,643.0,-5.0,0,0,,0.0,0.0,0.0,0.0,0.0,2015-10-21,0,0.0,0.0,0.0,0.0,0.0
2015,10,22,4,AA,2372,N493AA,11066,11298,601,558.0,-3.0,13.0,611.0,168.0,156.0,131.0,926,722.0,12.0,749,734.0,-15.0,0,0,,0.0,0.0,0.0,0.0,0.0,2015-10-22,0,0.0,0.0,0.0,0.0,0.0
2015,10,22,4,WN,3155,N8309C,12889,14122,1010,1031.0,21.0,15.0,1046.0,250.0,245.0,223.0,1910,1729.0,7.0,1720,1736.0,16.0,0,0,,0.0,0.0,16.0,0.0,0.0,2015-10-22,1,0.0,0.0,76.19,0.0,0.0
2015,10,26,1,UA,766,N832UA,14771,13495,1040,1041.0,1.0,14.0,1055.0,243.0,230.0,214.0,1911,1629.0,2.0,1643,1631.0,-12.0,0,0,,0.0,0.0,0.0,0.0,0.0,2015-10-26,0,0.0,0.0,0.0,0.0,0.0
2015,11,4,3,WN,2361,N219WN,SDF,TPA,535,531.0,-4.0,9.0,540.0,130.0,109.0,95.0,727,715.0,5.0,745,720.0,-25.0,0,0,,0.0,0.0,0.0,0.0,0.0,2015-11-04,0,0.0,0.0,0.0,0.0,0.0
2015,10,15,4,AA,1730,N712US,11057,11278,1135,1132.0,-3.0,25.0,1157.0,81.0,78.0,49.0,331,1246.0,4.0,1256,1250.0,-6.0,0,0,,0.0,0.0,0.0,0.0,0.0,2015-10-15,0,0.0,0.0,0.0,0.0,0.0
2015,11,10,2,WN,1175,N424WN,BNA,PHL,1115,1146.0,31.0,21.0,1207.0,115.0,128.0,100.0,675,1447.0,7.0,1410,1454.0,44.0,0,0,,44.0,0.0,0.0,0.0,0.0,2015-11-10,1,141.94,0.0,0.0,0.0,0.0
2015,10,18,7,EV,5582,N858AS,10397,11146,952,954.0,2.0,10.0,1004.0,82.0,72.0,60.0,363,1104.0,2.0,1114,1106.0,-8.0,0,0,,0.0,0.0,0.0,0.0,0.0,2015-10-18,0,0.0,0.0,0.0,0.0,0.0
2015,10,28,3,OO,3495,N218AG,11638,14747,1140,1129.0,-11.0,13.0,1142.0,129.0,126.0,107.0,748,1329.0,6.0,1349,1335.0,-14.0,0,0,,0.0,0.0,0.0,0.0,0.0,2015-10-28,0,0.0,0.0,0.0,0.0,0.0
2015,10,13,2,WN,509,N375SW,15304,12191,1945,1954.0,9.0,8.0,2002.0,140.0,125.0,112.0,781,2054.0,5.0,2105,2059.0,-6.0,0,0,,0.0,0.0,0.0,0.0,0.0,2015-10-13,0,0.0,0.0,0.0,0.0,0.0
2015,11,11,3,WN,1147,N909WN,LAX,SJC,845,842.0,-3.0,7.0,849.0,70.0,60.0,49.0,308,938.0,4.0,955,942.0,-13.0,0,0,,0.0,0.0,0.0,0.0,0.0,2015-11-11,0,0.0,0.0,0.0,0.0,0.0
2015,11,15,7,AA,1398,N3CAAA,LAS,DFW,1255,1406.0,71.0,19.0,1425.0,166.0,202.0,128.0,1055,1833.0,55.0,1741,1928.0,107.0,0,0,,36.0,0.0,6.0,65.0,0.0,2015-11-15,1,50.7,0.0,8.45,91.55,0.0
2015,10,23,5,DL,2464,N322NB,10529,13487,1750,1746.0,-4.0,7.0,1753.0,182.0,191.0,164.0,1050,1937.0,20.0,1952,1957.0,5.0,0,0,,0.0,0.0,0.0,0.0,0.0,2015-10-23,0,0.0,0.0,0.0,0.0,0.0
2015,10,28,3,AA,829,N733UW,10792,11057,620,615.0,-5.0,11.0,626.0,113.0,109.0,88.0,546,754.0,10.0,813,804.0,-9.0,0,0,,0.0,0.0,0.0,0.0,0.0,2015-10-28,0,0.0,0.0,0.0,0.0,0.0
2015,11,7,6,OO,5514,N743SK,GRR,ORD,755,752.0,-3.0,11.0,803.0,60.0,53.0,31.0,137,734.0,11.0,755,745.0,-10.0,0,0,,0.0,0.0,0.0,0.0,0.0,2015-11-07,0,0.0,0.0,0.0,0.0,0.0
2015,10,17,6,WN,2791,N7844A,10792,13204,1555,1614.0,19.0,11.0,1625.0,160.0,156.0,134.0,1011,1839.0,11.0,1835,1850.0,15.0,0,0,,0.0,0.0,9.0,6.0,0.0,2015-10-17,1,0.0,0.0,47.37,31.58,0.0
2015,10,25,7,UA,1106,N61886,14771,13204,1555,1552.0,-3.0,11.0,1603.0,316.0,298.0,282.0,2446,2345.0,5.0,11,2350.0,-21.0,0,0,,0.0,0.0,0.0,0.0,0.0,2015-10-25,0,0.0,0.0,0.0,0.0,0.0
2015,11,1,7,OO,4467,N814SK,BNA,SLC,730,731.0,1.0,16.0,747.0,237.0,219.0,197.0,1404,1004.0,6.0,1027,1010.0,-17.0,0,0,,0.0,0.0,0.0,0.0,0.0,2015-11-01,0,0.0,0.0,0.0,0.0,0.0
2015,10,20,2,WN,1117,N209WN,12892,13796,800,759.0,-1.0,9.0,808.0,75.0,70.0,55.0,337,903.0,6.0,915,909.0,-6.0,0,0,,0.0,0.0,0.0,0.0,0.0,2015-10-20,0,0.0,0.0,0.0,0.0,0.0
2015,10,25,7,MQ,3343,N660MQ,12478,11042,1455,1448.0,-7.0,13.0,1501.0,116.0,101.0,79.0,425,1620.0,9.0,1651,1629.0,-22.0,0,0,,0.0,0.0,0.0,0.0,0.0,2015-10-25,0,0.0,0.0,0.0,0.0,0.0
2015,11,3,2,MQ,3359,N647MQ,ORD,LEX,1210,1201.0,-9.0,23.0,1224.0,95.0,75.0,51.0,323,1415.0,1.0,1445,1416.0,-29.0,0,0,,0.0,0.0,0.0,0.0,0.0,2015-11-03,0,0.0,0.0,0.0,0.0,0.0
2015,10,20,2,WN,687,N8625A,10792,13204,800,758.0,-2.0,8.0,806.0,160.0,144.0,128.0,1011,1014.0,8.0,1040,1022.0,-18.0,0,0,,0.0,0.0,0.0,0.0,0.0,2015-10-20,0,0.0,0.0,0.0,0.0,0.0
2015,10,26,1,DL,1377,N935AT,11433,12953,1355,1353.0,-2.0,21.0,1414.0,114.0,95.0,69.0,502,1523.0,5.0,1549,1528.0,-21.0,0,0,,0.0,0.0,0.0,0.0,0.0,2015-10-26,0,0.0,0.0,0.0,0.0,0.0
2015,11,17,2,OO,6413,N905SW,DEN,FAR,1944,1959.0,15.0,36.0,2035.0,112.0,140.0,100.0,627,2315.0,4.0,2236,2319.0,43.0,0,0,,28.0,0.0,0.0,15.0,0.0,2015-11-17,0,186.67,0.0,0.0,100.0,0.0
2015,11,18,3,EV,5372,N850AS,GTR,ATL,1101,1102.0,1.0,17.0,1119.0,64.0,78.0,55.0,241,1314.0,6.0,1305,1320.0,15.0,0,0,,14.0,0.0,1.0,0.0,0.0,2015-11-18,0,1400.0,0.0,100.0,0.0,0.0
2015,10,19,1,AA,1748,N935UW,14100,13204,1355,1351.0,-4.0,16.0,1407.0,151.0,139.0,118.0,861,1605.0,5.0,1626,1610.0,-16.0,0,0,,0.0,0.0,0.0,0.0,0.0,2015-10-19,0,0.0,0.0,0.0,0.0,0.0
2015,10,31,6,F9,753,N953FR,11292,14107,1825,1822.0,-3.0,10.0,1832.0,109.0,108.0,80.0,602,1852.0,18.0,1914,1910.0,-4.0,0,0,,0.0,0.0,0.0,0.0,0.0,2015-10-31,0,0.0,0.0,0.0,0.0,0.0
2015,10,15,4,WN,1738,N554WN,15016,12953,1910,1913.0,3.0,6.0,1919.0,145.0,118.0,107.0,888,2206.0,5.0,2235,2211.0,-24.0,0,0,,0.0,0.0,0.0,0.0,0.0,2015-10-15,0,0.0,0.0,0.0,0.0,0.0
2015,11,6,5,B6,478,N641JB,JAX,JFK,1812,1827.0,15.0,8.0,1835.0,137.0,115.0,102.0,828,2017.0,5.0,2029,2022.0,-7.0,0,0,,0.0,0.0,0.0,0.0,0.0,2015-11-06,0,0.0,0.0,0.0,0.0,0.0
2015,10,23,5,UA,1962,N14120,12264,11292,1240,1250.0,10.0,22.0,1312.0,227.0,225.0,193.0,1452,1425.0,10.0,1427,1435.0,8.0,0,0,,0.0,0.0,0.0,0.0,0.0,2015-10-23,0,0.0,0.0,0.0,0.0,0.0
2015,10,13,2,F9,1358,N908FR,14107,12266,1925,1923.0,-2.0,13.0,1936.0,154.0,155.0,125.0,1009,2341.0,17.0,2359,2358.0,-1.0,0,0,,0.0,0.0,0.0,0.0,0.0,2015-10-13,0,0.0,0.0,0.0,0.0,0.0
2015,11,4,3,AA,2136,N944UW,BOS,LGA,1200,1157.0,-3.0,13.0,1210.0,75.0,70.0,50.0,184,1300.0,7.0,1315,1307.0,-8.0,0,0,,0.0,0.0,0.0,0.0,0.0,2015-11-04,0,0.0,0.0,0.0,0.0,0.0
2015,11,16,1,NK,135,N601NK,MSP,MCO,750,748.0,-2.0,19.0,807.0,197.0,192.0,164.0,1310,1151.0,9.0,1207,1200.0,-7.0,0,0,,0.0,0.0,0.0,0.0,0.0,2015-11-16,0,0.0,0.0,0.0,0.0,0.0
2015,10,30,5,AA,243,N486AA,14683,11298,1849,2147.0,178.0,11.0,2158.0,79.0,112.0,90.0,247,2328.0,11.0,2008,2339.0,211.0,0,0,,201.0,0.0,0.0,10.0,0.0,2015-10-30,1,112.92,0.0,0.0,5.62,0.0
2015,11,17,2,UA,1230,N77530,MCO,IAH,1449,1514.0,25.0,28.0,1542.0,155.0,203.0,167.0,854,1729.0,8.0,1624,1737.0,73.0,0,0,,73.0,0.0,0.0,0.0,0.0,2015-11-17,1,292.0,0.0,0.0,0.0,0.0
2015,11,4,3,DL,1113,N324US,ORF,ATL,934,937.0,3.0,9.0,946.0,113.0,104.0,83.0,516,1109.0,12.0,1127,1121.0,-6.0,0,0,,0.0,0.0,0.0,0.0,0.0,2015-11-04,0,0.0,0.0,0.0,0.0,0.0
2015,11,18,3,VX,51,N282VA,SFO,HNL,745,743.0,-2.0,11.0,754.0,340.0,323.0,305.0,2398,1059.0,7.0,1125,1106.0,-19.0,0,0,,0.0,0.0,0.0,0.0,0.0,2015-11-18,0,0.0,0.0,0.0,0.0,0.0
2015,10,16,5,WN,963,N495WN,10529,13232,1020,1015.0,-5.0,12.0,1027.0,145.0,148.0,122.0,777,1129.0,14.0,1145,1143.0,-2.0,0,0,,0.0,0.0,0.0,0.0,0.0,2015-10-16,0,0.0,0.0,0.0,0.0,0.0
2015,10,15,4,DL,669,N552NW,10397,15016,1930,1927.0,-3.0,19.0,1946.0,106.0,97.0,75.0,484,2001.0,3.0,2016,2004.0,-12.0,0,0,,0.0,0.0,0.0,0.0,0.0,2015-10-15,0,0.0,0.0,0.0,0.0,0.0
2015,10,29,4,UA,238,N66814,14679,12264,2224,2222.0,-2.0,14.0,2236.0,283.0,270.0,248.0,2253,544.0,8.0,607,552.0,-15.0,0,0,,0.0,0.0,0.0,0.0,0.0,2015-10-29,0,0.0,0.0,0.0,0.0,0.0
2015,10,17,6,DL,2269,N802DN,10397,13204,1155,1154.0,-1.0,12.0,1206.0,83.0,81.0,61.0,404,1307.0,8.0,1318,1315.0,-3.0,0,0,,0.0,0.0,0.0,0.0,0.0,2015-10-17,0,0.0,0.0,0.0,0.0,0.0
2015,11,8,7,EV,4950,N719EV,SDF,LGA,614,610.0,-4.0,14.0,624.0,141.0,108.0,88.0,659,752.0,6.0,835,758.0,-37.0,0,0,,0.0,0.0,0.0,0.0,0.0,2015-11-08,0,0.0,0.0,0.0,0.0,0.0
2015,11,10,2,EV,4946,N755EV,DTW,GRB,1624,1650.0,26.0,12.0,1702.0,82.0,61.0,46.0,287,1648.0,3.0,1646,1651.0,5.0,0,0,,0.0,0.0,0.0,0.0,0.0,2015-11-10,1,0.0,0.0,0.0,0.0,0.0
2015,10,14,3,AA,1858,N558UW,15304,11057,1905,1857.0,-8.0,13.0,1910.0,101.0,106.0,72.0,507,2022.0,21.0,2046,2043.0,-3.0,0,0,,0.0,0.0,0.0,0.0,0.0,2015-10-14,0,0.0,0.0,0.0,0.0,0.0
2015,10,16,5,OO,4463,N629BR,11721,13487,1258,1258.0,0.0,9.0,1307.0,101.0,101.0,86.0,491,1333.0,6.0,1339,1339.0,0.0,0,0,,0.0,0.0,0.0,0.0,0.0,2015-10-16,0,0.0,0.0,0.0,0.0,0.0
2015,11,4,3,WN,39,N526SW,AMA,DAL,1410,1409.0,-1.0,8.0,1417.0,65.0,64.0,52.0,323,1509.0,4.0,1515,1513.0,-2.0,0,0,,0.0,0.0,0.0,0.0,0.0,2015-11-04,0,0.0,0.0,0.0,0.0,0.0
2015,11,18,3,MQ,3499,N515MQ,ORD,BDL,1835,1837.0,2.0,18.0,1855.0,126.0,127.0,102.0,783,2137.0,7.0,2141,2144.0,3.0,0,0,,0.0,0.0,0.0,0.0,0.0,2015-11-18,0,0.0,0.0,0.0,0.0,0.0
2015,11,1,7,WN,1485,N8321D,PHX,BWI,1655,1653.0,-2.0,7.0,1700.0,250.0,237.0,224.0,1999,2244.0,6.0,2305,2250.0,-15.0,0,0,,0.0,0.0,0.0,0.0,0.0,2015-11-01,0,0.0,0.0,0.0,0.0,0.0
2015,11,12,4,WN,326,N8311Q,MCI,MCO,730,730.0,0.0,12.0,742.0,160.0,150.0,127.0,1072,1049.0,11.0,1110,1100.0,-10.0,0,0,,0.0,0.0,0.0,0.0,0.0,2015-11-12,0,0.0,0.0,0.0,0.0,0.0
2015,10,11,7,OO,5503,N796SK,12451,13930,1645,1652.0,7.0,14.0,1706.0,150.0,147.0,127.0,864,1813.0,6.0,1815,1819.0,4.0,0,0,,0.0,0.0,0.0,0.0,0.0,2015-10-11,0,0.0,0.0,0.0,0.0,0.0
2015,11,3,2,MQ,3351,N699MQ,IND,ORD,2100,2051.0,-9.0,15.0,2106.0,71.0,63.0,39.0,177,2045.0,9.0,2111,2054.0,-17.0,0,0,,0.0,0.0,0.0,0.0,0.0,2015-11-03,0,0.0,0.0,0.0,0.0,0.0
2015,11,14,6,DL,805,N905DA,PHL,ATL,845,839.0,-6.0,15.0,854.0,130.0,114.0,91.0,666,1025.0,8.0,1055,1033.0,-22.0,0,0,,0.0,0.0,0.0,0.0,0.0,2015-11-14,0,0.0,0.0,0.0,0.0,0.0
2015,11,5,4,EV,5004,N612QX,FAR,MSP,1315,1306.0,-9.0,21.0,1327.0,65.0,74.0,50.0,223,1417.0,3.0,1420,1420.0,0.0,0,0,,0.0,0.0,0.0,0.0,0.0,2015-11-05,0,0.0,0.0,0.0,0.0,0.0
2015,10,11,7,WN,2128,N550WN,14831,10800,2055,2118.0,23.0,8.0,2126.0,60.0,54.0,44.0,296,2210.0,2.0,2155,2212.0,17.0,0,0,,0.0,0.0,2.0,15.0,0.0,2015-10-11,1,0.0,0.0,8.7,65.22,0.0
2015,11,20,5,WN,268,N782SA,BNA,LGA,640,646.0,6.0,23.0,709.0,130.0,126.0,100.0,764,949.0,3.0,950,952.0,2.0,0,0,,0.0,0.0,0.0,0.0,0.0,2015-11-20,0,0.0,0.0,0.0,0.0,0.0
2015,10,13,2,AA,1729,N938UW,13204,11057,1355,1355.0,0.0,14.0,1409.0,97.0,93.0,76.0,468,1525.0,3.0,1532,1528.0,-4.0,0,0,,0.0,0.0,0.0,0.0,0.0,2015-10-13,0,0.0,0.0,0.0,0.0,0.0
2015,11,4,3,AA,2301,N426AA,ORD,DFW,500,458.0,-2.0,14.0,512.0,156.0,131.0,113.0,802,705.0,4.0,736,709.0,-27.0,0,0,,0.0,0.0,0.0,0.0,0.0,2015-11-04,0,0.0,0.0,0.0,0.0,0.0
2015,11,6,5,AA,1919,N119US,JFK,CLT,1705,1712.0,7.0,23.0,1735.0,129.0,114.0,84.0,541,1859.0,7.0,1914,1906.0,-8.0,0,0,,0.0,0.0,0.0,0.0,0.0,2015-11-06,0,0.0,0.0,0.0,0.0,0.0
2015,11,2,1,WN,262,N8324A,STL,MCI,2140,2133.0,-7.0,10.0,2143.0,60.0,56.0,41.0,237,2224.0,5.0,2240,2229.0,-11.0,0,0,,0.0,0.0,0.0,0.0,0.0,2015-11-02,0,0.0,0.0,0.0,0.0,0.0
2015,11,15,7,DL,1435,N368NB,BIL,MSP,1330,1323.0,-7.0,9.0,1332.0,118.0,115.0,104.0,748,1616.0,2.0,1628,1618.0,-10.0,0,0,,0.0,0.0,0.0,0.0,0.0,2015-11-15,0,0.0,0.0,0.0,0.0,0.0
2015,11,2,1,DL,802,N954DL,ATL,LGA,1545,1556.0,11.0,10.0,1606.0,142.0,120.0,96.0,762,1742.0,14.0,1807,1756.0,-11.0,0,0,,0.0,0.0,0.0,0.0,0.0,2015-11-02,0,0.0,0.0,0.0,0.0,0.0
2015,11,10,2,DL,1095,N904DL,ATL,CLT,1129,1128.0,-1.0,15.0,1143.0,69.0,60.0,37.0,226,1220.0,8.0,1238,1228.0,-10.0,0,0,,0.0,0.0,0.0,0.0,0.0,2015-11-10,0,0.0,0.0,0.0,0.0,0.0
2015,11,12,4,AA,2311,N472AA,DFW,ORD,1340,1343.0,3.0,12.0,1355.0,147.0,128.0,106.0,802,1541.0,10.0,1607,1551.0,-16.0,0,0,,0.0,0.0,0.0,0.0,0.0,2015-11-12,0,0.0,0.0,0.0,0.0,0.0
2015,10,14,3,AA,662,N571UW,11057,14771,730,723.0,-7.0,17.0,740.0,334.0,324.0,297.0,2296,937.0,10.0,1004,947.0,-17.0,0,0,,0.0,0.0,0.0,0.0,0.0,2015-10-14,0,0.0,0.0,0.0,0.0,0.0
2015,11,15,7,WN,331,N425LV,LAS,RNO,2135,2226.0,51.0,11.0,2237.0,75.0,68.0,54.0,345,2331.0,3.0,2250,2334.0,44.0,0,0,,0.0,0.0,29.0,15.0,0.0,2015-11-15,1,0.0,0.0,56.86,29.41,0.0
2015,10,16,5,OO,5226,N753SK,12266,11109,900,1351.0,291.0,16.0,1407.0,145.0,133.0,111.0,809,1458.0,6.0,1025,1504.0,279.0,0,0,,0.0,0.0,60.0,219.0,0.0,2015-10-16,1,0.0,0.0,20.62,75.26,0.0
2015,10,27,2,DL,691,N3768,11298,14869,1720,1719.0,-1.0,19.0,1738.0,163.0,175.0,152.0,989,1910.0,4.0,1903,1914.0,11.0,0,0,,0.0,0.0,0.0,0.0,0.0,2015-10-27,0,0.0,0.0,0.0,0.0,0.0
2015,11,18,3,B6,307,N373JB,PWM,JFK,1500,1503.0,3.0,12.0,1515.0,79.0,68.0,50.0,273,1605.0,6.0,1619,1611.0,-8.0,0,0,,0.0,0.0,0.0,0.0,0.0,2015-11-18,0,0.0,0.0,0.0,0.0,0.0
2015,11,16,1,NK,424,N635NK,LAX,MSP,922,940.0,18.0,14.0,954.0,210.0,207.0,188.0,1535,1502.0,5.0,1452,1507.0,15.0,0,0,,15.0,0.0,0.0,0.0,0.0,2015-11-16,1,83.33,0.0,0.0,0.0,0.0
2015,11,16,1,OO,4811,N8982A,BNA,CVG,638,633.0,-5.0,26.0,659.0,73.0,75.0,42.0,230,841.0,7.0,851,848.0,-3.0,0,0,,0.0,0.0,0.0,0.0,0.0,2015-11-16,0,0.0,0.0,0.0,0.0,0.0
2015,10,16,5,DL,2342,N955DN,12451,10397,1440,1439.0,-1.0,11.0,1450.0,86.0,72.0,54.0,270,1544.0,7.0,1606,1551.0,-15.0,0,0,,0.0,0.0,0.0,0.0,0.0,2015-10-16,0,0.0,0.0,0.0,0.0,0.0
2015,11,17,2,OO,4501,N813SK,ORD,CVG,620,611.0,-9.0,15.0,626.0,79.0,73.0,52.0,264,818.0,6.0,839,824.0,-15.0,0,0,,0.0,0.0,0.0,0.0,0.0,2015-11-17,0,0.0,0.0,0.0,0.0,0.0
2015,10,14,3,DL,1228,N975AT,10397,12448,1207,1206.0,-1.0,29.0,1235.0,78.0,84.0,51.0,341,1226.0,4.0,1225,1230.0,5.0,0,0,,0.0,0.0,0.0,0.0,0.0,2015-10-14,0,0.0,0.0,0.0,0.0,0.0
2015,11,15,7,OO,6338,N122SY,LAX,SAN,1604,1603.0,-1.0,31.0,1634.0,54.0,67.0,31.0,109,1705.0,5.0,1658,1710.0,12.0,0,0,,0.0,0.0,0.0,0.0,0.0,2015-11-15,0,0.0,0.0,0.0,0.0,0.0
2015,11,6,5,AS,629,N506AS,LAS,PDX,650,642.0,-8.0,16.0,658.0,135.0,134.0,114.0,763,852.0,4.0,905,856.0,-9.0,0,0,,0.0,0.0,0.0,0.0,0.0,2015-11-06,0,0.0,0.0,0.0,0.0,0.0
2015,10,11,7,WN,483,N965WN,12953,13232,1125,1139.0,14.0,9.0,1148.0,155.0,139.0,100.0,725,1228.0,30.0,1300,1258.0,-2.0,0,0,,0.0,0.0,0.0,0.0,0.0,2015-10-11,0,0.0,0.0,0.0,0.0,0.0
2015,10,23,5,WN,28,N242WN,12191,11259,1300,1339.0,39.0,75.0,1454.0,55.0,165.0,67.0,239,1601.0,23.0,1355,1624.0,149.0,0,0,,110.0,0.0,0.0,39.0,0.0,2015-10-23,1,282.05,0.0,0.0,100.0,0.0
2015,10,24,6,AA,1396,N4YTAA,11298,10693,1830,1928.0,58.0,11.0,1939.0,112.0,93.0,76.0,631,2055.0,6.0,2022,2101.0,39.0,0,0,,0.0,0.0,39.0,0.0,0.0,2015-10-24,1,0.0,0.0,67.24,0.0,0.0
2015,11,10,2,MQ,3617,N663MQ,ORD,MEM,700,658.0,-2.0,13.0,711.0,120.0,96.0,80.0,491,831.0,3.0,900,834.0,-26.0,0,0,,0.0,0.0,0.0,0.0,0.0,2015-11-10,0,0.0,0.0,0.0,0.0,0.0
2015,11,13,5,WN,845,N767SW,MCI,PHX,900,857.0,-3.0,8.0,905.0,180.0,167.0,154.0,1044,1039.0,5.0,1100,1044.0,-16.0,0,0,,0.0,0.0,0.0,0.0,0.0,2015-11-13,0,0.0,0.0,0.0,0.0,0.0
2015,11,11,3,WN,771,N8314L,DAL,LAX,1110,1111.0,1.0,19.0,1130.0,205.0,218.0,190.0,1246,1240.0,9.0,1235,1249.0,14.0,0,0,,0.0,0.0,0.0,0.0,0.0,2015-11-11,0,0.0,0.0,0.0,0.0,0.0
2015,11,12,4,DL,1239,N903DA,DCA,ATL,859,856.0,-3.0,24.0,920.0,125.0,120.0,90.0,547,1050.0,6.0,1104,1056.0,-8.0,0,0,,0.0,0.0,0.0,0.0,0.0,2015-11-12,0,0.0,0.0,0.0,0.0,0.0
2015,10,18,7,AA,2176,N502AA,11298,13495,901,855.0,-6.0,17.0,912.0,92.0,81.0,62.0,447,1014.0,2.0,1033,1016.0,-17.0,0,0,,0.0,0.0,0.0,0.0,0.0,2015-10-18,0,0.0,0.0,0.0,0.0,0.0
2015,10,12,1,HA,102,N478HA,12173,12402,500,455.0,-5.0,12.0,507.0,52.0,56.0,38.0,216,545.0,6.0,552,551.0,-1.0,0,0,,0.0,0.0,0.0,0.0,0.0,2015-10-12,0,0.0,0.0,0.0,0.0,0.0
2015,10,14,3,DL,2283,N586NW,11433,10397,600,551.0,-9.0,23.0,614.0,116.0,108.0,79.0,594,733.0,6.0,756,739.0,-17.0,0,0,,0.0,0.0,0.0,0.0,0.0,2015-10-14,0,0.0,0.0,0.0,0.0,0.0
2015,10,19,1,F9,1409,N932FR,11042,10397,1520,1524.0,4.0,10.0,1534.0,110.0,99.0,81.0,554,1655.0,8.0,1710,1703.0,-7.0,0,0,,0.0,0.0,0.0,0.0,0.0,2015-10-19,0,0.0,0.0,0.0,0.0,0.0
2015,11,13,5,OO,4823,N607SK,SMF,SLC,1039,1035.0,-4.0,14.0,1049.0,96.0,100.0,78.0,532,1307.0,8.0,1315,1315.0,0.0,0,0,,0.0,0.0,0.0,0.0,0.0,2015-11-13,0,0.0,0.0,0.0,0.0,0.0
2015,11,2,1,EV,4748,N15555,DCA,EWR,2130,2125.0,-5.0,13.0,2138.0,69.0,92.0,69.0,199,2247.0,10.0,2239,2257.0,18.0,0,0,,18.0,0.0,0.0,0.0,0.0,2015-11-02,0,-360.0,-0.0,-0.0,-0.0,-0.0
2015,10,18,7,WN,2195,N419WN,10821,13296,2155,2158.0,3.0,11.0,2209.0,80.0,83.0,67.0,377,2316.0,5.0,2315,2321.0,6.0,0,0,,0.0,0.0,0.0,0.0,0.0,2015-10-18,0,0.0,0.0,0.0,0.0,0.0
2015,10,16,5,AA,1433,N475AA,14683,11298,658,650.0,-8.0,16.0,706.0,72.0,71.0,45.0,247,751.0,10.0,810,801.0,-9.0,0,0,,0.0,0.0,0.0,0.0,0.0,2015-10-16,0,0.0,0.0,0.0,0.0,0.0
2015,11,10,2,OO,5695,N796SK,ABQ,IAH,1510,1504.0,-6.0,12.0,1516.0,127.0,121.0,96.0,744,1752.0,13.0,1817,1805.0,-12.0,0,0,,0.0,0.0,0.0,0.0,0.0,2015-11-10,0,0.0,0.0,0.0,0.0,0.0
2015,10,29,4,WN,2460,N431WN,14107,11618,1000,1000.0,0.0,10.0,1010.0,290.0,257.0,239.0,2133,1709.0,8.0,1750,1717.0,-33.0,0,0,,0.0,0.0,0.0,0.0,0.0,2015-10-29,0,0.0,0.0,0.0,0.0,0.0
2015,11,16,1,UA,714,N39728,BOS,ORD,1958,1957.0,-1.0,14.0,2011.0,177.0,157.0,136.0,867,2127.0,7.0,2155,2134.0,-21.0,0,0,,0.0,0.0,0.0,0.0,0.0,2015-11-16,0,0.0,0.0,0.0,0.0,0.0
2015,11,6,5,B6,366,N585JB,LGB,SMF,1425,1418.0,-7.0,17.0,1435.0,82.0,80.0,59.0,387,1534.0,4.0,1547,1538.0,-9.0,0,0,,0.0,0.0,0.0,0.0,0.0,2015-11-06,0,0.0,0.0,0.0,0.0,0.0
2015,10,21,3,WN,1530,N415WN,12889,14107,1815,1810.0,-5.0,9.0,1819.0,75.0,80.0,45.0,255,1904.0,26.0,1930,1930.0,0.0,0,0,,0.0,0.0,0.0,0.0,0.0,2015-10-21,0,0.0,0.0,0.0,0.0,0.0
2015,11,14,6,AA,435,N186US,LAS,PHX,800,751.0,-9.0,13.0,804.0,71.0,68.0,47.0,255,951.0,8.0,1011,959.0,-12.0,0,0,,0.0,0.0,0.0,0.0,0.0,2015-11-14,0,0.0,0.0,0.0,0.0,0.0
2015,11,6,5,WN,3049,N487WN,MAF,DAL,1400,1424.0,24.0,7.0,1431.0,65.0,57.0,47.0,319,1518.0,3.0,1505,1521.0,16.0,0,0,,0.0,0.0,3.0,13.0,0.0,2015-11-06,1,0.0,0.0,12.5,54.17,0.0
2015,11,17,2,UA,1762,N432UA,PHL,SFO,1821,2216.0,235.0,12.0,2228.0,379.0,324.0,307.0,2521,35.0,5.0,2140,40.0,180.0,0,0,,0.0,0.0,14.0,166.0,0.0,2015-11-17,1,0.0,0.0,5.96,70.64,0.0
2015,11,15,7,EV,5406,N615QX,ELM,DTW,605,603.0,-2.0,26.0,629.0,98.0,88.0,58.0,332,727.0,4.0,743,731.0,-12.0,0,0,,0.0,0.0,0.0,0.0,0.0,2015-11-15,0,0.0,0.0,0.0,0.0,0.0
2015,10,18,7,MQ,3540,N524MQ,13851,11298,1040,1034.0,-6.0,13.0,1047.0,68.0,56.0,34.0,175,1121.0,9.0,1148,1130.0,-18.0,0,0,,0.0,0.0,0.0,0.0,0.0,2015-10-18,0,0.0,0.0,0.0,0.0,0.0
2015,11,16,1,WN,289,N7702A,STL,MDW,1040,1053.0,13.0,9.0,1102.0,65.0,56.0,42.0,251,1144.0,5.0,1145,1149.0,4.0,0,0,,0.0,0.0,0.0,0.0,0.0,2015-11-16,0,0.0,0.0,0.0,0.0,0.0
2015,11,3,2,AS,410,N706AS,SEA,LAX,1315,1309.0,-6.0,12.0,1321.0,160.0,153.0,132.0,954,1533.0,9.0,1555,1542.0,-13.0,0,0,,0.0,0.0,0.0,0.0,0.0,2015-11-03,0,0.0,0.0,0.0,0.0,0.0
2015,11,15,7,NK,675,N601NK,MCO,FLL,836,842.0,6.0,9.0,851.0,62.0,55.0,39.0,177,930.0,7.0,938,937.0,-1.0,0,0,,0.0,0.0,0.0,0.0,0.0,2015-11-15,0,0.0,0.0,0.0,0.0,0.0
2015,10,24,6,EV,4893,N228PQ,10397,10408,1946,1937.0,-9.0,13.0,1950.0,138.0,116.0,100.0,765,2030.0,3.0,2104,2033.0,-31.0,0,0,,0.0,0.0,0.0,0.0,0.0,2015-10-24,0,0.0,0.0,0.0,0.0,0.0
2015,11,16,1,DL,956,N907DE,GPT,ATL,1310,1306.0,-4.0,15.0,1321.0,84.0,73.0,48.0,352,1509.0,10.0,1534,1519.0,-15.0,0,0,,0.0,0.0,0.0,0.0,0.0,2015-11-16,0,0.0,0.0,0.0,0.0,0.0
2015,10,28,3,DL,2007,N968AT,14685,10397,530,527.0,-3.0,12.0,539.0,62.0,63.0,39.0,214,618.0,12.0,632,630.0,-2.0,0,0,,0.0,0.0,0.0,0.0,0.0,2015-10-28,0,0.0,0.0,0.0,0.0,0.0
2015,11,10,2,WN,425,N954WN,FLL,ATL,1255,1304.0,9.0,11.0,1315.0,115.0,94.0,78.0,581,1433.0,5.0,1450,1438.0,-12.0,0,0,,0.0,0.0,0.0,0.0,0.0,2015-11-10,0,0.0,0.0,0.0,0.0,0.0
2015,11,15,7,OO,5483,N917SW,DEN,SLC,1702,1701.0,-1.0,18.0,1719.0,93.0,83.0,62.0,391,1821.0,3.0,1835,1824.0,-11.0,0,0,,0.0,0.0,0.0,0.0,0.0,2015-11-15,0,0.0,0.0,0.0,0.0,0.0
2015,10,18,7,WN,418,N783SW,15304,11278,1610,1616.0,6.0,12.0,1628.0,135.0,129.0,112.0,814,1820.0,5.0,1825,1825.0,0.0,0,0,,0.0,0.0,0.0,0.0,0.0,2015-10-18,0,0.0,0.0,0.0,0.0,0.0
2015,11,4,3,F9,137,N902FR,DEN,SEA,745,741.0,-4.0,8.0,749.0,173.0,153.0,137.0,1024,906.0,8.0,938,914.0,-24.0,0,0,,0.0,0.0,0.0,0.0,0.0,2015-11-04,0,0.0,0.0,0.0,0.0,0.0
2015,10,15,4,AA,1356,N437AA,10423,11298,1009,1003.0,-6.0,9.0,1012.0,71.0,65.0,41.0,190,1053.0,15.0,1120,1108.0,-12.0,0,0,,0.0,0.0,0.0,0.0,0.0,2015-10-15,0,0.0,0.0,0.0,0.0,0.0
2015,11,10,2,AA,625,N820AW,CLE,PHX,710,701.0,-9.0,21.0,722.0,284.0,304.0,274.0,1737,956.0,9.0,954,1005.0,11.0,0,0,,0.0,0.0,0.0,0.0,0.0,2015-11-10,0,0.0,0.0,0.0,0.0,0.0
2015,10,21,3,UA,1282,N63890,12266,13303,1026,1038.0,12.0,14.0,1052.0,154.0,128.0,110.0,964,1342.0,4.0,1400,1346.0,-14.0,0,0,,0.0,0.0,0.0,0.0,0.0,2015-10-21,0,0.0,0.0,0.0,0.0,0.0
2015,11,12,4,EV,5084,N752EV,ATL,TUL,825,830.0,5.0,40.0,910.0,128.0,144.0,101.0,674,951.0,3.0,933,954.0,21.0,0,0,,16.0,0.0,5.0,0.0,0.0,2015-11-12,0,320.0,0.0,100.0,0.0,0.0
2015,10,30,5,HA,102,N486HA,12173,12402,500,452.0,-8.0,11.0,503.0,52.0,51.0,35.0,216,538.0,5.0,552,543.0,-9.0,0,0,,0.0,0.0,0.0,0.0,0.0,2015-10-30,0,0.0,0.0,0.0,0.0,0.0
2015,11,14,6,WN,2040,N7750A,BOS,DEN,1630,1635.0,5.0,16.0,1651.0,305.0,262.0,240.0,1754,1851.0,6.0,1935,1857.0,-38.0,0,0,,0.0,0.0,0.0,0.0,0.0,2015-11-14,0,0.0,0.0,0.0,0.0,0.0
2015,11,19,4,OO,3423,N173SY,MKE,SEA,1645,1634.0,-11.0,15.0,1649.0,270.0,275.0,252.0,1694,1901.0,8.0,1915,1909.0,-6.0,0,0,,0.0,0.0,0.0,0.0,0.0,2015-11-19,0,0.0,0.0,0.0,0.0,0.0
2015,10,21,3,UA,1970,N57852,12892,12266,650,639.0,-11.0,11.0,650.0,199.0,203.0,171.0,1379,1141.0,21.0,1209,1202.0,-7.0,0,0,,0.0,0.0,0.0,0.0,0.0,2015-10-21,0,0.0,0.0,0.0,0.0,0.0
2015,10,27,2,AA,2326,N013AA,12266,13303,1930,1921.0,-9.0,27.0,1948.0,149.0,150.0,113.0,964,2241.0,10.0,2259,2251.0,-8.0,0,0,,0.0,0.0,0.0,0.0,0.0,2015-10-27,0,0.0,0.0,0.0,0.0,0.0
2015,10,17,6,WN,813,N646SW,14679,12889,1135,1141.0,6.0,15.0,1156.0,75.0,72.0,48.0,258,1244.0,9.0,1250,1253.0,3.0,0,0,,0.0,0.0,0.0,0.0,0.0,2015-10-17,0,0.0,0.0,0.0,0.0,0.0
2015,10,25,7,DL,2623,N348NW,11433,15016,1543,1539.0,-4.0,15.0,1554.0,97.0,91.0,71.0,440,1605.0,5.0,1620,1610.0,-10.0,0,0,,0.0,0.0,0.0,0.0,0.0,2015-10-25,0,0.0,0.0,0.0,0.0,0.0
2015,10,21,3,OO,4465,N8982A,13487,11898,915,910.0,-5.0,11.0,921.0,72.0,73.0,57.0,284,1018.0,5.0,1027,1023.0,-4.0,0,0,,0.0,0.0,0.0,0.0,0.0,2015-10-21,0,0.0,0.0,0.0,0.0,0.0
2015,11,10,2,OO,6319,N125SY,CLE,ORD,930,925.0,-5.0,11.0,936.0,90.0,81.0,55.0,316,931.0,15.0,1000,946.0,-14.0,0,0,,0.0,0.0,0.0,0.0,0.0,2015-11-10,0,0.0,0.0,0.0,0.0,0.0
2015,10,26,1,AA,551,N906AW,14107,11298,1500,1514.0,14.0,16.0,1530.0,143.0,140.0,111.0,868,1921.0,13.0,1923,1934.0,11.0,0,0,,0.0,0.0,0.0,0.0,0.0,2015-10-26,0,0.0,0.0,0.0,0.0,0.0
2015,10,24,6,AA,668,N717UW,10821,11057,515,517.0,2.0,18.0,535.0,83.0,78.0,57.0,361,632.0,3.0,638,635.0,-3.0,0,0,,0.0,0.0,0.0,0.0,0.0,2015-10-24,0,0.0,0.0,0.0,0.0,0.0
2015,11,13,5,EV,5821,N15986,ORD,GSP,1758,1906.0,68.0,25.0,1931.0,105.0,104.0,74.0,577,2145.0,5.0,2043,2150.0,67.0,0,0,,0.0,0.0,0.0,67.0,0.0,2015-11-13,1,0.0,0.0,0.0,98.53,0.0
2015,10,19,1,AS,70,N794AS,12523,14828,2222,2218.0,-4.0,7.0,2225.0,37.0,35.0,24.0,95,2249.0,4.0,2259,2253.0,-6.0,0,0,,0.0,0.0,0.0,0.0,0.0,2015-10-19,0,0.0,0.0,0.0,0.0,0.0
2015,10,20,2,DL,2107,N964DN,13487,13930,1955,1953.0,-2.0,28.0,2021.0,88.0,93.0,61.0,334,2122.0,4.0,2123,2126.0,3.0,0,0,,0.0,0.0,0.0,0.0,0.0,2015-10-20,0,0.0,0.0,0.0,0.0,0.0
2015,11,15,7,DL,2318,N958DL,ABQ,ATL,804,755.0,-9.0,26.0,821.0,177.0,181.0,146.0,1269,1247.0,9.0,1301,1256.0,-5.0,0,0,,0.0,0.0,0.0,0.0,0.0,2015-11-15,0,0.0,0.0,0.0,0.0,0.0
2015,10,11,7,B6,1668,N304JB,10994,10721,1430,1436.0,6.0,8.0,1444.0,129.0,135.0,117.0,818,1641.0,10.0,1639,1651.0,12.0,0,0,,0.0,0.0,0.0,0.0,0.0,2015-10-11,0,0.0,0.0,0.0,0.0,0.0
2015,10,17,6,WN,3438,N789SW,10529,10821,1300,1257.0,-3.0,7.0,1304.0,70.0,65.0,54.0,283,1358.0,4.0,1410,1402.0,-8.0,0,0,,0.0,0.0,0.0,0.0,0.0,2015-10-17,0,0.0,0.0,0.0,0.0,0.0
2015,10,25,7,AA,429,N567UW,14100,14679,740,736.0,-4.0,16.0,752.0,345.0,330.0,310.0,2370,1002.0,4.0,1025,1006.0,-19.0,0,0,,0.0,0.0,0.0,0.0,0.0,2015-10-25,0,0.0,0.0,0.0,0.0,0.0
2015,11,19,4,DL,1323,N929DL,DTW,BNA,725,722.0,-3.0,22.0,744.0,106.0,103.0,76.0,456,800.0,5.0,811,805.0,-6.0,0,0,,0.0,0.0,0.0,0.0,0.0,2015-11-19,0,0.0,0.0,0.0,0.0,0.0
2015,11,7,6,OO,6370,N107SY,LAS,SFO,1400,1351.0,-9.0,22.0,1413.0,109.0,101.0,71.0,414,1524.0,8.0,1549,1532.0,-17.0,0,0,,0.0,0.0,0.0,0.0,0.0,2015-11-07,0,0.0,0.0,0.0,0.0,0.0
2015,11,19,4,UA,1670,N69829,SFO,HNL,1845,1901.0,16.0,17.0,1918.0,350.0,325.0,301.0,2398,2219.0,7.0,2235,2226.0,-9.0,0,0,,0.0,0.0,0.0,0.0,0.0,2015-11-19,1,0.0,0.0,0.0,0.0,0.0
2015,10,30,5,OO,5487,N745SK,12266,10599,1015,1010.0,-5.0,29.0,1039.0,103.0,104.0,70.0,562,1149.0,5.0,1158,1154.0,-4.0,0,0,,0.0,0.0,0.0,0.0,0.0,2015-10-30,0,0.0,0.0,0.0,0.0,0.0
2015,10,31,6,UA,1283,N66837,13204,12892,1627,1625.0,-2.0,12.0,1637.0,341.0,304.0,285.0,2218,1822.0,7.0,1908,1829.0,-39.0,0,0,,0.0,0.0,0.0,0.0,0.0,2015-10-31,0,0.0,0.0,0.0,0.0,0.0
2015,11,6,5,WN,486,N616SW,GSP,BWI,1845,1846.0,1.0,11.0,1857.0,80.0,78.0,62.0,426,1959.0,5.0,2005,2004.0,-1.0,0,0,,0.0,0.0,0.0,0.0,0.0,2015-11-06,0,0.0,0.0,0.0,0.0,0.0
2015,11,19,4,B6,1035,N368JB,STT,SJU,908,911.0,3.0,13.0,924.0,37.0,38.0,21.0,68,945.0,4.0,945,949.0,4.0,0,0,,0.0,0.0,0.0,0.0,0.0,2015-11-19,0,0.0,0.0,0.0,0.0,0.0
2015,11,9,1,UA,1064,N17229,EWR,FLL,1657,1657.0,0.0,16.0,1713.0,188.0,172.0,154.0,1065,1947.0,2.0,2005,1949.0,-16.0,0,0,,0.0,0.0,0.0,0.0,0.0,2015-11-09,0,0.0,0.0,0.0,0.0,0.0
2015,10,19,1,AA,662,N569UW,11057,14771,730,735.0,5.0,17.0,752.0,334.0,314.0,292.0,2296,944.0,5.0,1004,949.0,-15.0,0,0,,0.0,0.0,0.0,0.0,0.0,2015-10-19,0,0.0,0.0,0.0,0.0,0.0
2015,11,8,7,MQ,3630,N602MQ,EYW,MIA,1525,1808.0,163.0,12.0,1820.0,42.0,44.0,25.0,125,1845.0,7.0,1607,1852.0,165.0,0,0,,2.0,0.0,0.0,163.0,0.0,2015-11-08,1,1.23,0.0,0.0,100.0,0.0
2015,11,2,1,UA,1153,N465UA,SFO,PHL,1053,1101.0,8.0,41.0,1142.0,326.0,312.0,266.0,2521,1908.0,5.0,1919,1913.0,-6.0,0,0,,0.0,0.0,0.0,0.0,0.0,2015-11-02,0,0.0,0.0,0.0,0.0,0.0
2015,11,11,3,AA,1840,N721UW,RDU,CLT,1605,1602.0,-3.0,17.0,1619.0,62.0,66.0,39.0,130,1658.0,10.0,1707,1708.0,1.0,0,0,,0.0,0.0,0.0,0.0,0.0,2015-11-11,0,0.0,0.0,0.0,0.0,0.0
2015,10,13,2,DL,1380,N993AT,12217,10397,1100,1053.0,-7.0,14.0,1107.0,59.0,54.0,36.0,151,1243.0,4.0,1259,1247.0,-12.0,0,0,,0.0,0.0,0.0,0.0,0.0,2015-10-13,0,0.0,0.0,0.0,0.0,0.0
2015,11,13,5,WN,1869,N923WN,MCI,MDW,920,916.0,-4.0,13.0,929.0,80.0,80.0,61.0,405,1030.0,6.0,1040,1036.0,-4.0,0,0,,0.0,0.0,0.0,0.0,0.0,2015-11-13,0,0.0,0.0,0.0,0.0,0.0
2015,11,16,1,AS,474,N627AS,SEA,LAX,1720,1716.0,-4.0,15.0,1731.0,165.0,153.0,111.0,954,1922.0,27.0,2005,1949.0,-16.0,0,0,,0.0,0.0,0.0,0.0,0.0,2015-11-16,0,0.0,0.0,0.0,0.0,0.0
2015,11,10,2,UA,1757,N35204,IAH,LAX,1431,1437.0,6.0,22.0,1459.0,232.0,232.0,201.0,1379,1620.0,9.0,1623,1629.0,6.0,0,0,,0.0,0.0,0.0,0.0,0.0,2015-11-10,0,0.0,0.0,0.0,0.0,0.0
2015,11,8,7,UA,1272,N38443,SFO,MCO,1555,1548.0,-7.0,13.0,1601.0,316.0,287.0,269.0,2446,2330.0,5.0,11,2335.0,-36.0,0,0,,0.0,0.0,0.0,0.0,0.0,2015-11-08,0,0.0,0.0,0.0,0.0,0.0
2015,10,24,6,WN,792,N796SW,11278,11259,1555,1642.0,47.0,11.0,1653.0,195.0,174.0,159.0,1184,1832.0,4.0,1810,1836.0,26.0,0,0,,0.0,0.0,0.0,26.0,0.0,2015-10-24,1,0.0,0.0,0.0,55.32,0.0
2015,11,6,5,AA,239,N3ABAA,DFW,MSP,2035,2031.0,-4.0,27.0,2058.0,143.0,133.0,102.0,852,2240.0,4.0,2258,2244.0,-14.0,0,0,,0.0,0.0,0.0,0.0,0.0,2015-11-06,0,0.0,0.0,0.0,0.0,0.0
2015,11,5,4,OO,4836,N606SK,SEA,BZN,2150,2149.0,-1.0,38.0,2227.0,100.0,112.0,69.0,543,36.0,5.0,30,41.0,11.0,0,0,,0.0,0.0,0.0,0.0,0.0,2015-11-05,0,0.0,0.0,0.0,0.0,0.0
2015,11,5,4,WN,520,N652SW,SDF,BWI,2000,1958.0,-2.0,13.0,2011.0,95.0,93.0,74.0,495,2125.0,6.0,2135,2131.0,-4.0,0,0,,0.0,0.0,0.0,0.0,0.0,2015-11-05,0,0.0,0.0,0.0,0.0,0.0
2015,10,28,3,DL,1414,N971AT,13198,14869,1415,1411.0,-4.0,11.0,1422.0,157.0,151.0,135.0,920,1537.0,5.0,1552,1542.0,-10.0,0,0,,0.0,0.0,0.0,0.0,0.0,2015-10-28,0,0.0,0.0,0.0,0.0,0.0
2015,10,11,7,B6,167,N608JB,12478,13796,940,947.0,7.0,17.0,1004.0,374.0,342.0,320.0,2576,1224.0,5.0,1254,1229.0,-25.0,0,0,,0.0,0.0,0.0,0.0,0.0,2015-10-11,0,0.0,0.0,0.0,0.0,0.0
2015,10,14,3,WN,1506,N947WN,14893,14679,1510,1510.0,0.0,10.0,1520.0,85.0,86.0,74.0,480,1634.0,2.0,1635,1636.0,1.0,0,0,,0.0,0.0,0.0,0.0,0.0,2015-10-14,0,0.0,0.0,0.0,0.0,0.0
2015,11,9,1,DL,1150,N539US,HNL,LAX,755,752.0,-3.0,21.0,813.0,330.0,328.0,292.0,2556,1505.0,15.0,1525,1520.0,-5.0,0,0,,0.0,0.0,0.0,0.0,0.0,2015-11-09,0,0.0,0.0,0.0,0.0,0.0
2015,11,17,2,OO,4591,N8942A,GRB,MSP,1155,1231.0,36.0,20.0,1251.0,67.0,82.0,59.0,252,1350.0,3.0,1302,1353.0,51.0,0,0,,15.0,0.0,0.0,36.0,0.0,2015-11-17,1,41.67,0.0,0.0,100.0,0.0
2015,11,4,3,UA,461,N76269,SNA,DEN,701,658.0,-3.0,28.0,726.0,147.0,143.0,102.0,846,1008.0,13.0,1028,1021.0,-7.0,0,0,,0.0,0.0,0.0,0.0,0.0,2015-11-04,0,0.0,0.0,0.0,0.0,0.0
2015,10,11,7,F9,1106,N953FR,14771,12266,905,856.0,-9.0,24.0,920.0,235.0,236.0,203.0,1635,1443.0,9.0,1500,1452.0,-8.0,0,0,,0.0,0.0,0.0,0.0,0.0,2015-10-11,0,0.0,0.0,0.0,0.0,0.0
2015,10,30,5,WN,1017,N634SW,10423,11259,600,608.0,8.0,13.0,621.0,55.0,59.0,40.0,189,701.0,6.0,655,707.0,12.0,0,0,,0.0,0.0,0.0,0.0,0.0,2015-10-30,0,0.0,0.0,0.0,0.0,0.0
2015,10,12,1,AA,2142,N822AW,10721,11278,1500,1456.0,-4.0,13.0,1509.0,94.0,84.0,68.0,399,1617.0,3.0,1634,1620.0,-14.0,0,0,,0.0,0.0,0.0,0.0,0.0,2015-10-12,0,0.0,0.0,0.0,0.0,0.0
2015,11,1,7,AA,710,N657AW,MIA,PHL,1400,1359.0,-1.0,14.0,1413.0,163.0,161.0,143.0,1013,1636.0,4.0,1643,1640.0,-3.0,0,0,,0.0,0.0,0.0,0.0,0.0,2015-11-01,0,0.0,0.0,0.0,0.0,0.0
2015,10,28,3,HA,3,N370HA,12892,12173,940,934.0,-6.0,15.0,949.0,360.0,330.0,307.0,2556,1156.0,8.0,1240,1204.0,-36.0,0,0,,0.0,0.0,0.0,0.0,0.0,2015-10-28,0,0.0,0.0,0.0,0.0,0.0
2015,11,10,2,B6,488,N636JB,LAX,BOS,1125,1123.0,-2.0,8.0,1131.0,319.0,289.0,275.0,2611,1906.0,6.0,1944,1912.0,-32.0,0,0,,0.0,0.0,0.0,0.0,0.0,2015-11-10,0,0.0,0.0,0.0,0.0,0.0
2015,11,13,5,UA,1049,N479UA,EWR,PHX,2000,2035.0,35.0,27.0,2102.0,342.0,319.0,286.0,2133,2348.0,6.0,2342,2354.0,12.0,0,0,,0.0,0.0,0.0,0.0,0.0,2015-11-13,1,0.0,0.0,0.0,0.0,0.0
2015,11,1,7,UA,492,N68805,IAD,SFO,629,626.0,-3.0,11.0,637.0,371.0,366.0,348.0,2419,925.0,7.0,940,932.0,-8.0,0,0,,0.0,0.0,0.0,0.0,0.0,2015-11-01,0,0.0,0.0,0.0,0.0,0.0
2015,11,7,6,MQ,3258,N1EAMQ,ORD,BWI,1147,1145.0,-2.0,14.0,1159.0,110.0,103.0,84.0,622,1423.0,5.0,1437,1428.0,-9.0,0,0,,0.0,0.0,0.0,0.0,0.0,2015-11-07,0,0.0,0.0,0.0,0.0,0.0
2015,11,1,7,WN,518,N719SW,RSW,CAK,1145,1139.0,-6.0,11.0,1150.0,150.0,138.0,123.0,991,1353.0,4.0,1415,1357.0,-18.0,0,0,,0.0,0.0,0.0,0.0,0.0,2015-11-01,0,0.0,0.0,0.0,0.0,0.0
2015,11,5,4,OO,4536,N162PQ,BOI,SLC,1140,1137.0,-3.0,12.0,1149.0,69.0,66.0,49.0,290,1238.0,5.0,1249,1243.0,-6.0,0,0,,0.0,0.0,0.0,0.0,0.0,2015-11-05,0,0.0,0.0,0.0,0.0,0.0
2015,11,13,5,OO,6466,N113SY,DEN,RDU,1725,1726.0,1.0,16.0,1742.0,210.0,195.0,171.0,1436,2233.0,8.0,2255,2241.0,-14.0,0,0,,0.0,0.0,0.0,0.0,0.0,2015-11-13,0,0.0,0.0,0.0,0.0,0.0
2015,10,11,7,WN,1330,N460WN,14679,14683,1240,1253.0,13.0,6.0,1259.0,160.0,148.0,138.0,1129,1717.0,4.0,1720,1721.0,1.0,0,0,,0.0,0.0,0.0,0.0,0.0,2015-10-11,0,0.0,0.0,0.0,0.0,0.0
2015,11,13,5,DL,2284,N309US,SMF,SLC,1351,1349.0,-2.0,11.0,1400.0,93.0,88.0,73.0,532,1613.0,4.0,1624,1617.0,-7.0,0,0,,0.0,0.0,0.0,0.0,0.0,2015-11-13,0,0.0,0.0,0.0,0.0,0.0
2015,11,15,7,AA,2064,N926UW,CLT,LGA,1145,1140.0,-5.0,18.0,1158.0,112.0,106.0,80.0,544,1318.0,8.0,1337,1326.0,-11.0,0,0,,0.0,0.0,0.0,0.0,0.0,2015-11-15,0,0.0,0.0,0.0,0.0,0.0
2015,11,18,3,AA,850,N807AW,CLT,BNA,1145,1138.0,-7.0,20.0,1158.0,91.0,91.0,66.0,328,1204.0,5.0,1216,1209.0,-7.0,0,0,,0.0,0.0,0.0,0.0,0.0,2015-11-18,0,0.0,0.0,0.0,0.0,0.0
2015,11,13,5,DL,1107,N694DL,LAS,ATL,1120,1131.0,11.0,14.0,1145.0,227.0,216.0,195.0,1747,1800.0,7.0,1807,1807.0,0.0,0,0,,0.0,0.0,0.0,0.0,0.0,2015-11-13,0,0.0,0.0,0.0,0.0,0.0
2015,11,4,3,UA,1239,N37456,IAH,ORD,1309,1306.0,-3.0,14.0,1320.0,171.0,148.0,121.0,925,1521.0,13.0,1600,1534.0,-26.0,0,0,,0.0,0.0,0.0,0.0,0.0,2015-11-04,0,0.0,0.0,0.0,0.0,0.0
2015,10,14,3,DL,1416,N996DL,12451,10397,1330,1328.0,-2.0,11.0,1339.0,83.0,65.0,45.0,270,1424.0,9.0,1453,1433.0,-20.0,0,0,,0.0,0.0,0.0,0.0,0.0,2015-10-14,0,0.0,0.0,0.0,0.0,0.0
2015,11,3,2,DL,575,N915DE,EWR,ATL,600,557.0,-3.0,13.0,610.0,153.0,138.0,118.0,746,808.0,7.0,833,815.0,-18.0,0,0,,0.0,0.0,0.0,0.0,0.0,2015-11-03,0,0.0,0.0,0.0,0.0,0.0
2015,11,18,3,AA,2133,N949UW,DCA,LGA,900,853.0,-7.0,30.0,923.0,90.0,80.0,44.0,214,1007.0,6.0,1030,1013.0,-17.0,0,0,,0.0,0.0,0.0,0.0,0.0,2015-11-18,0,0.0,0.0,0.0,0.0,0.0
2015,10,28,3,EV,5783,N28529,12266,12951,747,738.0,-9.0,21.0,759.0,61.0,60.0,34.0,201,833.0,5.0,848,838.0,-10.0,0,0,,0.0,0.0,0.0,0.0,0.0,2015-10-28,0,0.0,0.0,0.0,0.0,0.0
2015,10,16,5,NK,612,N633NK,12889,13487,5,2359.0,-6.0,12.0,11.0,177.0,176.0,159.0,1299,450.0,5.0,502,455.0,-7.0,0,0,,0.0,0.0,0.0,0.0,0.0,2015-10-16,0,0.0,0.0,0.0,0.0,0.0
2015,11,9,1,AS,838,N514AS,HNL,OAK,1505,1450.0,-15.0,19.0,1509.0,317.0,306.0,282.0,2409,2151.0,5.0,2222,2156.0,-26.0,0,0,,0.0,0.0,0.0,0.0,0.0,2015-11-09,0,0.0,0.0,0.0,0.0,0.0
2015,11,17,2,DL,1210,N324NB,DTW,RDU,1952,1950.0,-2.0,17.0,2007.0,108.0,95.0,75.0,501,2122.0,3.0,2140,2125.0,-15.0,0,0,,0.0,0.0,0.0,0.0,0.0,2015-11-17,0,0.0,0.0,0.0,0.0,0.0
2015,10,28,3,WN,17,N526SW,11259,12191,1100,1100.0,0.0,8.0,1108.0,60.0,62.0,50.0,239,1158.0,4.0,1200,1202.0,2.0,0,0,,0.0,0.0,0.0,0.0,0.0,2015-10-28,0,0.0,0.0,0.0,0.0,0.0
2015,10,29,4,WN,179,N959WN,14831,14107,2005,2028.0,23.0,6.0,2034.0,105.0,90.0,80.0,621,2154.0,4.0,2150,2158.0,8.0,0,0,,0.0,0.0,0.0,0.0,0.0,2015-10-29,1,0.0,0.0,0.0,0.0,0.0
2015,10,16,5,DL,2636,N959DL,11042,10397,640,639.0,-1.0,9.0,648.0,108.0,101.0,85.0,554,813.0,7.0,828,820.0,-8.0,0,0,,0.0,0.0,0.0,0.0,0.0,2015-10-16,0,0.0,0.0,0.0,0.0,0.0
2015,11,3,2,DL,1844,N367NW,DFW,DTW,1114,1109.0,-5.0,11.0,1120.0,156.0,142.0,124.0,986,1424.0,7.0,1450,1431.0,-19.0,0,0,,0.0,0.0,0.0,0.0,0.0,2015-11-03,0,0.0,0.0,0.0,0.0,0.0
2015,11,3,2,DL,1298,N596NW,MSP,LAX,1125,1128.0,3.0,14.0,1142.0,240.0,236.0,211.0,1535,1313.0,11.0,1325,1324.0,-1.0,0,0,,0.0,0.0,0.0,0.0,0.0,2015-11-03,0,0.0,0.0,0.0,0.0,0.0
2015,10,15,4,WN,42,N954WN,10693,14492,2030,2026.0,-4.0,12.0,2038.0,80.0,74.0,58.0,442,2236.0,4.0,2250,2240.0,-10.0,0,0,,0.0,0.0,0.0,0.0,0.0,2015-10-15,0,0.0,0.0,0.0,0.0,0.0
2015,11,7,6,WN,1894,N298WN,LAS,ICT,1805,1803.0,-2.0,19.0,1822.0,145.0,147.0,124.0,986,2226.0,4.0,2230,2230.0,0.0,0,0,,0.0,0.0,0.0,0.0,0.0,2015-11-07,0,0.0,0.0,0.0,0.0,0.0
2015,10,29,4,WN,1391,N439WN,13204,13495,1735,1731.0,-4.0,17.0,1748.0,105.0,111.0,90.0,551,1818.0,4.0,1820,1822.0,2.0,0,0,,0.0,0.0,0.0,0.0,0.0,2015-10-29,0,0.0,0.0,0.0,0.0,0.0
2015,10,26,1,WN,657,N269WN,10721,10821,810,803.0,-7.0,21.0,824.0,100.0,85.0,60.0,369,924.0,4.0,950,928.0,-22.0,0,0,,0.0,0.0,0.0,0.0,0.0,2015-10-26,0,0.0,0.0,0.0,0.0,0.0
2015,11,11,3,AA,2053,N582UW,TPA,PHL,1420,1414.0,-6.0,11.0,1425.0,153.0,143.0,127.0,920,1632.0,5.0,1653,1637.0,-16.0,0,0,,0.0,0.0,0.0,0.0,0.0,2015-11-11,0,0.0,0.0,0.0,0.0,0.0
2015,11,10,2,DL,896,N933DL,CMH,MSP,1720,1717.0,-3.0,14.0,1731.0,123.0,120.0,101.0,626,1812.0,5.0,1823,1817.0,-6.0,0,0,,0.0,0.0,0.0,0.0,0.0,2015-11-10,0,0.0,0.0,0.0,0.0,0.0
2015,10,15,4,UA,514,N512UA,12478,14771,1830,1833.0,3.0,15.0,1848.0,390.0,386.0,352.0,2586,2140.0,19.0,2200,2159.0,-1.0,0,0,,0.0,0.0,0.0,0.0,0.0,2015-10-15,0,0.0,0.0,0.0,0.0,0.0
2015,11,13,5,WN,539,N748SW,MDW,FLL,1630,1625.0,-5.0,7.0,1632.0,180.0,181.0,171.0,1167,2023.0,3.0,2030,2026.0,-4.0,0,0,,0.0,0.0,0.0,0.0,0.0,2015-11-13,0,0.0,0.0,0.0,0.0,0.0
2015,10,30,5,F9,1280,N948FR,11292,13930,708,707.0,-1.0,15.0,722.0,137.0,133.0,109.0,888,1011.0,9.0,1025,1020.0,-5.0,0,0,,0.0,0.0,0.0,0.0,0.0,2015-10-30,0,0.0,0.0,0.0,0.0,0.0
2015,11,19,4,DL,16,N801DZ,LAX,ATL,1000,1005.0,5.0,13.0,1018.0,250.0,233.0,212.0,1947,1650.0,8.0,1710,1658.0,-12.0,0,0,,0.0,0.0,0.0,0.0,0.0,2015-11-19,0,0.0,0.0,0.0,0.0,0.0
2015,11,11,3,AA,1143,N3MLAA,SFO,LAX,1830,1824.0,-6.0,13.0,1837.0,89.0,84.0,54.0,337,1931.0,17.0,1959,1948.0,-11.0,0,0,,0.0,0.0,0.0,0.0,0.0,2015-11-11,0,0.0,0.0,0.0,0.0,0.0
2015,10,17,6,DL,1097,N996DL,13495,10397,1615,1613.0,-2.0,12.0,1625.0,88.0,76.0,59.0,425,1824.0,5.0,1843,1829.0,-14.0,0,0,,0.0,0.0,0.0,0.0,0.0,2015-10-17,0,0.0,0.0,0.0,0.0,0.0
2015,11,13,5,WN,1591,N776WN,LAS,MDW,910,908.0,-2.0,20.0,928.0,210.0,207.0,179.0,1521,1427.0,8.0,1440,1435.0,-5.0,0,0,,0.0,0.0,0.0,0.0,0.0,2015-11-13,0,0.0,0.0,0.0,0.0,0.0
2015,10,27,2,UA,588,N69838,15304,13930,600,559.0,-1.0,11.0,610.0,169.0,164.0,138.0,1012,728.0,15.0,749,743.0,-6.0,0,0,,0.0,0.0,0.0,0.0,0.0,2015-10-27,0,0.0,0.0,0.0,0.0,0.0
2015,10,25,7,AA,614,N924US,12892,14107,1235,1246.0,11.0,20.0,1306.0,90.0,80.0,53.0,370,1359.0,7.0,1405,1406.0,1.0,0,0,,0.0,0.0,0.0,0.0,0.0,2015-10-25,0,0.0,0.0,0.0,0.0,0.0
2015,11,12,4,B6,465,N554JB,BOS,RSW,736,738.0,2.0,17.0,755.0,211.0,198.0,177.0,1249,1052.0,4.0,1107,1056.0,-11.0,0,0,,0.0,0.0,0.0,0.0,0.0,2015-11-12,0,0.0,0.0,0.0,0.0,0.0
2015,10,13,2,F9,581,N214FR,11292,14869,2225,2218.0,-7.0,11.0,2229.0,85.0,85.0,66.0,391,2335.0,8.0,2350,2343.0,-7.0,0,0,,0.0,0.0,0.0,0.0,0.0,2015-10-13,0,0.0,0.0,0.0,0.0,0.0
2015,10,22,4,EV,5501,N924EV,15607,10397,550,542.0,-8.0,15.0,557.0,60.0,63.0,43.0,208,640.0,5.0,650,645.0,-5.0,0,0,,0.0,0.0,0.0,0.0,0.0,2015-10-22,0,0.0,0.0,0.0,0.0,0.0
2015,11,17,2,DL,745,N813DN,DTW,SFO,835,832.0,-3.0,19.0,851.0,327.0,293.0,267.0,2079,1018.0,7.0,1102,1025.0,-37.0,0,0,,0.0,0.0,0.0,0.0,0.0,2015-11-17,0,0.0,0.0,0.0,0.0,0.0
2015,10,24,6,WN,649,N941WN,13204,14683,1340,1349.0,9.0,25.0,1414.0,170.0,183.0,152.0,1041,1546.0,6.0,1530,1552.0,22.0,0,0,,13.0,0.0,0.0,9.0,0.0,2015-10-24,0,144.44,0.0,0.0,100.0,0.0
2015,11,13,5,WN,2963,N8647A,MCO,MKE,1855,1852.0,-3.0,12.0,1904.0,175.0,169.0,149.0,1066,2033.0,8.0,2050,2041.0,-9.0,0,0,,0.0,0.0,0.0,0.0,0.0,2015-11-13,0,0.0,0.0,0.0,0.0,0.0
2015,10,16,5,EV,4186,N15572,12339,11618,2012,2017.0,5.0,10.0,2027.0,115.0,111.0,87.0,645,2154.0,14.0,2207,2208.0,1.0,0,0,,0.0,0.0,0.0,0.0,0.0,2015-10-16,0,0.0,0.0,0.0,0.0,0.0
2015,10,22,4,UA,1603,N12225,13930,15304,1735,1736.0,1.0,25.0,1801.0,165.0,156.0,124.0,1012,2105.0,7.0,2120,2112.0,-8.0,0,0,,0.0,0.0,0.0,0.0,0.0,2015-10-22,0,0.0,0.0,0.0,0.0,0.0
2015,10,22,4,DL,1541,N970AT,10397,11995,820,818.0,-2.0,17.0,835.0,75.0,66.0,46.0,306,921.0,3.0,935,924.0,-11.0,0,0,,0.0,0.0,0.0,0.0,0.0,2015-10-22,0,0.0,0.0,0.0,0.0,0.0
2015,10,21,3,VX,407,N631VA,12478,12892,930,928.0,-2.0,16.0,944.0,375.0,329.0,306.0,2475,1150.0,7.0,1245,1157.0,-48.0,0,0,,0.0,0.0,0.0,0.0,0.0,2015-10-21,0,0.0,0.0,0.0,0.0,0.0
2015,11,19,4,B6,1285,N229JB,BOS,PIT,625,616.0,-9.0,14.0,630.0,112.0,100.0,81.0,496,751.0,5.0,817,756.0,-21.0,0,0,,0.0,0.0,0.0,0.0,0.0,2015-11-19,0,0.0,0.0,0.0,0.0,0.0
2015,10,23,5,HA,545,N492HA,13830,12173,1828,1829.0,1.0,6.0,1835.0,37.0,34.0,23.0,100,1858.0,5.0,1905,1903.0,-2.0,0,0,,0.0,0.0,0.0,0.0,0.0,2015-10-23,0,0.0,0.0,0.0,0.0,0.0
2015,11,14,6,B6,298,N585JB,MCO,LGA,1010,1003.0,-7.0,18.0,1021.0,149.0,143.0,121.0,950,1222.0,4.0,1239,1226.0,-13.0,0,0,,0.0,0.0,0.0,0.0,0.0,2015-11-14,0,0.0,0.0,0.0,0.0,0.0
2015,10,28,3,OO,5631,N916SW,14771,10561,825,817.0,-8.0,15.0,832.0,73.0,65.0,46.0,238,918.0,4.0,938,922.0,-16.0,0,0,,0.0,0.0,0.0,0.0,0.0,2015-10-28,0,0.0,0.0,0.0,0.0,0.0
2015,11,8,7,AA,1159,N5EJAA,SAN,DFW,1550,1751.0,121.0,13.0,1804.0,181.0,149.0,126.0,1171,2210.0,10.0,2051,2220.0,89.0,0,0,,0.0,0.0,2.0,87.0,0.0,2015-11-08,1,0.0,0.0,1.65,71.9,0.0
2015,10,23,5,EV,4238,N11547,12266,13422,2110,2110.0,0.0,10.0,2120.0,81.0,78.0,63.0,427,2223.0,5.0,2231,2228.0,-3.0,0,0,,0.0,0.0,0.0,0.0,0.0,2015-10-23,0,0.0,0.0,0.0,0.0,0.0
2015,11,2,1,EV,5071,N843AS,ATL,LFT,1305,1314.0,9.0,22.0,1336.0,107.0,117.0,88.0,503,1404.0,7.0,1352,1411.0,19.0,0,0,,10.0,0.0,0.0,9.0,0.0,2015-11-02,0,111.11,0.0,0.0,100.0,0.0
2015,11,8,7,AA,351,N436AA,DFW,IAH,1412,1410.0,-2.0,12.0,1422.0,68.0,61.0,45.0,224,1507.0,4.0,1520,1511.0,-9.0,0,0,,0.0,0.0,0.0,0.0,0.0,2015-11-08,0,0.0,0.0,0.0,0.0,0.0
2015,11,16,1,EV,5034,N937EV,VLD,ATL,1215,1217.0,2.0,6.0,1223.0,63.0,57.0,44.0,208,1307.0,7.0,1318,1314.0,-4.0,0,0,,0.0,0.0,0.0,0.0,0.0,2015-11-16,0,0.0,0.0,0.0,0.0,0.0
2015,10,16,5,DL,1123,N6706Q,14869,10397,710,707.0,-3.0,15.0,722.0,212.0,209.0,190.0,1590,1232.0,4.0,1242,1236.0,-6.0,0,0,,0.0,0.0,0.0,0.0,0.0,2015-10-16,0,0.0,0.0,0.0,0.0,0.0
2015,11,6,5,DL,2486,N824DN,ATL,LGA,845,855.0,10.0,20.0,915.0,140.0,133.0,103.0,762,1058.0,10.0,1105,1108.0,3.0,0,0,,0.0,0.0,0.0,0.0,0.0,2015-11-06,0,0.0,0.0,0.0,0.0,0.0
2015,11,12,4,OO,4528,N548CA,MKE,DTW,545,546.0,1.0,18.0,604.0,75.0,79.0,50.0,237,754.0,11.0,800,805.0,5.0,0,0,,0.0,0.0,0.0,0.0,0.0,2015-11-12,0,0.0,0.0,0.0,0.0,0.0
2015,10,22,4,AA,1539,N434AA,14492,13930,700,654.0,-6.0,11.0,705.0,130.0,149.0,110.0,646,755.0,28.0,810,823.0,13.0,0,0,,0.0,0.0,0.0,0.0,0.0,2015-10-22,0,0.0,0.0,0.0,0.0,0.0
2015,10,14,3,DL,672,N907DA,11278,10397,1600,1554.0,-6.0,23.0,1617.0,118.0,110.0,79.0,547,1736.0,8.0,1758,1744.0,-14.0,0,0,,0.0,0.0,0.0,0.0,0.0,2015-10-14,0,0.0,0.0,0.0,0.0,0.0
2015,11,7,6,OO,5190,N748SK,SFO,AUS,1130,1156.0,26.0,17.0,1213.0,218.0,202.0,181.0,1504,1714.0,4.0,1708,1718.0,10.0,0,0,,0.0,0.0,0.0,0.0,0.0,2015-11-07,1,0.0,0.0,0.0,0.0,0.0
2015,10,15,4,DL,2109,N6715C,10397,14908,1005,1004.0,-1.0,25.0,1029.0,287.0,276.0,245.0,1919,1134.0,6.0,1152,1140.0,-12.0,0,0,,0.0,0.0,0.0,0.0,0.0,2015-10-15,0,0.0,0.0,0.0,0.0,0.0
2015,11,10,2,AA,175,N3LAAA,DCA,DFW,540,530.0,-10.0,10.0,540.0,222.0,194.0,170.0,1192,730.0,14.0,822,744.0,-38.0,0,0,,0.0,0.0,0.0,0.0,0.0,2015-11-10,0,0.0,0.0,0.0,0.0,0.0
2015,11,4,3,UA,1106,N37255,EWR,PBI,1523,1525.0,2.0,23.0,1548.0,176.0,164.0,137.0,1023,1805.0,4.0,1819,1809.0,-10.0,0,0,,0.0,0.0,0.0,0.0,0.0,2015-11-04,0,0.0,0.0,0.0,0.0,0.0
2015,10,20,2,MQ,3079,N647MQ,11003,13930,1935,1934.0,-1.0,10.0,1944.0,69.0,62.0,43.0,196,2027.0,9.0,2044,2036.0,-8.0,0,0,,0.0,0.0,0.0,0.0,0.0,2015-10-20,0,0.0,0.0,0.0,0.0,0.0
2015,11,9,1,EV,5060,N181PQ,ATL,AGS,2305,2304.0,-1.0,17.0,2321.0,50.0,52.0,30.0,143,2351.0,5.0,2355,2356.0,1.0,0,0,,0.0,0.0,0.0,0.0,0.0,2015-11-09,0,0.0,0.0,0.0,0.0,0.0
2015,10,30,5,DL,2119,N340NW,12953,13487,830,830.0,0.0,31.0,901.0,188.0,190.0,149.0,1020,1030.0,10.0,1038,1040.0,2.0,0,0,,0.0,0.0,0.0,0.0,0.0,2015-10-30,0,0.0,0.0,0.0,0.0,0.0
2015,11,2,1,B6,1106,N334JB,ORD,JFK,1725,1725.0,0.0,9.0,1734.0,135.0,117.0,98.0,740,2012.0,10.0,2040,2022.0,-18.0,0,0,,0.0,0.0,0.0,0.0,0.0,2015-11-02,0,0.0,0.0,0.0,0.0,0.0
2015,10,12,1,AA,1755,N945UW,14100,14492,2030,2030.0,0.0,15.0,2045.0,79.0,72.0,54.0,337,2139.0,3.0,2149,2142.0,-7.0,0,0,,0.0,0.0,0.0,0.0,0.0,2015-10-12,0,0.0,0.0,0.0,0.0,0.0
2015,10,12,1,DL,1908,N153DL,12892,12478,615,609.0,-6.0,15.0,624.0,329.0,307.0,286.0,2475,1410.0,6.0,1444,1416.0,-28.0,0,0,,0.0,0.0,0.0,0.0,0.0,2015-10-12,0,0.0,0.0,0.0,0.0,0.0
2015,11,10,2,UA,282,N58101,EWR,DEN,753,747.0,-6.0,13.0,800.0,267.0,262.0,223.0,1605,943.0,26.0,1020,1009.0,-11.0,0,0,,0.0,0.0,0.0,0.0,0.0,2015-11-10,0,0.0,0.0,0.0,0.0,0.0
2015,11,2,1,EV,4670,N19554,PIA,ORD,1041,1245.0,124.0,12.0,1257.0,59.0,49.0,28.0,130,1325.0,9.0,1140,1334.0,114.0,0,0,,0.0,0.0,0.0,114.0,0.0,2015-11-02,1,0.0,0.0,0.0,91.94,0.0
2015,11,1,7,UA,1581,N38443,SFO,HNL,705,735.0,30.0,17.0,752.0,350.0,330.0,307.0,2398,1059.0,6.0,1055,1105.0,10.0,0,0,,0.0,0.0,0.0,0.0,0.0,2015-11-01,1,0.0,0.0,0.0,0.0,0.0
2015,11,15,7,AA,2322,N3FHAA,DFW,PBI,2010,2015.0,5.0,14.0,2029.0,160.0,152.0,134.0,1102,2343.0,4.0,2350,2347.0,-3.0,0,0,,0.0,0.0,0.0,0.0,0.0,2015-11-15,0,0.0,0.0,0.0,0.0,0.0
2015,10,24,6,OO,4702,N689CA,13487,10713,1137,1132.0,-5.0,15.0,1147.0,184.0,183.0,164.0,1142,1331.0,4.0,1341,1335.0,-6.0,0,0,,0.0,0.0,0.0,0.0,0.0,2015-10-24,0,0.0,0.0,0.0,0.0,0.0
2015,11,19,4,F9,1227,N919FR,MKE,LAS,1840,1836.0,-4.0,10.0,1846.0,240.0,241.0,223.0,1524,2029.0,8.0,2040,2037.0,-3.0,0,0,,0.0,0.0,0.0,0.0,0.0,2015-11-19,0,0.0,0.0,0.0,0.0,0.0
2015,10,11,7,AS,2,N559AS,14747,11278,1355,1351.0,-4.0,12.0,1403.0,304.0,272.0,257.0,2329,2120.0,3.0,2159,2123.0,-36.0,0,0,,0.0,0.0,0.0,0.0,0.0,2015-10-11,0,0.0,0.0,0.0,0.0,0.0
2015,10,16,5,UA,321,N418UA,14100,12266,800,757.0,-3.0,26.0,823.0,211.0,216.0,182.0,1325,1025.0,8.0,1031,1033.0,2.0,0,0,,0.0,0.0,0.0,0.0,0.0,2015-10-16,0,0.0,0.0,0.0,0.0,0.0
2015,10,12,1,WN,1021,N7735A,13204,15016,1725,1725.0,0.0,15.0,1740.0,150.0,145.0,126.0,882,1846.0,4.0,1855,1850.0,-5.0,0,0,,0.0,0.0,0.0,0.0,0.0,2015-10-12,0,0.0,0.0,0.0,0.0,0.0
2015,11,16,1,AA,2135,N947UW,LGA,DCA,1400,1355.0,-5.0,23.0,1418.0,84.0,68.0,40.0,214,1458.0,5.0,1524,1503.0,-21.0,0,0,,0.0,0.0,0.0,0.0,0.0,2015-11-16,0,0.0,0.0,0.0,0.0,0.0
2015,10,11,7,OO,4564,N823AS,13433,13487,1102,1058.0,-4.0,11.0,1109.0,87.0,78.0,62.0,449,1211.0,5.0,1229,1216.0,-13.0,0,0,,0.0,0.0,0.0,0.0,0.0,2015-10-11,0,0.0,0.0,0.0,0.0,0.0
2015,10,30,5,WN,683,N467WN,11066,15016,905,902.0,-3.0,7.0,909.0,85.0,75.0,65.0,409,914.0,3.0,930,917.0,-13.0,0,0,,0.0,0.0,0.0,0.0,0.0,2015-10-30,0,0.0,0.0,0.0,0.0,0.0
2015,10,26,1,EV,5172,N748EV,12339,11433,1920,1912.0,-8.0,12.0,1924.0,75.0,61.0,40.0,231,2004.0,9.0,2035,2013.0,-22.0,0,0,,0.0,0.0,0.0,0.0,0.0,2015-10-26,0,0.0,0.0,0.0,0.0,0.0
2015,10,12,1,WN,3185,N472WN,14307,10821,1440,1436.0,-4.0,8.0,1444.0,80.0,66.0,54.0,327,1538.0,4.0,1600,1542.0,-18.0,0,0,,0.0,0.0,0.0,0.0,0.0,2015-10-12,0,0.0,0.0,0.0,0.0,0.0
2015,11,10,2,DL,1794,N363NW,ATL,PIT,1253,1250.0,-3.0,15.0,1305.0,97.0,97.0,75.0,526,1420.0,7.0,1430,1427.0,-3.0,0,0,,0.0,0.0,0.0,0.0,0.0,2015-11-10,0,0.0,0.0,0.0,0.0,0.0
2015,11,5,4,DL,2167,N336NW,ABQ,SLC,605,624.0,19.0,13.0,637.0,108.0,88.0,72.0,493,749.0,3.0,753,752.0,-1.0,0,0,,0.0,0.0,0.0,0.0,0.0,2015-11-05,1,0.0,0.0,0.0,0.0,0.0
2015,10,11,7,DL,1276,N905DE,10397,11066,1001,955.0,-6.0,27.0,1022.0,95.0,99.0,68.0,447,1130.0,4.0,1136,1134.0,-2.0,0,0,,0.0,0.0,0.0,0.0,0.0,2015-10-11,0,0.0,0.0,0.0,0.0,0.0
2015,10,19,1,NK,972,N643NK,14107,11298,100,59.0,-1.0,9.0,108.0,124.0,118.0,105.0,868,453.0,4.0,504,457.0,-7.0,0,0,,0.0,0.0,0.0,0.0,0.0,2015-10-19,0,0.0,0.0,0.0,0.0,0.0
2015,10,12,1,AA,437,N163US,13930,14100,2205,2157.0,-8.0,20.0,2217.0,137.0,119.0,90.0,678,47.0,9.0,122,56.0,-26.0,0,0,,0.0,0.0,0.0,0.0,0.0,2015-10-12,0,0.0,0.0,0.0,0.0,0.0
2015,11,4,3,AA,17,N002AA,LAX,AUS,635,717.0,42.0,21.0,738.0,179.0,180.0,152.0,1242,1210.0,7.0,1134,1217.0,43.0,0,0,,43.0,0.0,0.0,0.0,0.0,2015-11-04,1,102.38,0.0,0.0,0.0,0.0
2015,10,30,5,AA,1006,N876AA,10721,13303,1355,1356.0,1.0,16.0,1412.0,210.0,189.0,163.0,1258,1655.0,10.0,1725,1705.0,-20.0,0,0,,0.0,0.0,0.0,0.0,0.0,2015-10-30,0,0.0,0.0,0.0,0.0,0.0
2015,10,30,5,OO,6268,N916SW,11292,11638,1510,1459.0,-11.0,16.0,1515.0,150.0,137.0,109.0,844,1604.0,12.0,1640,1616.0,-24.0,0,0,,0.0,0.0,0.0,0.0,0.0,2015-10-30,0,0.0,0.0,0.0,0.0,0.0
2015,11,1,7,EV,5012,N750EV,LGA,CLT,900,854.0,-6.0,33.0,927.0,140.0,132.0,95.0,544,1102.0,4.0,1120,1106.0,-14.0,0,0,,0.0,0.0,0.0,0.0,0.0,2015-11-01,0,0.0,0.0,0.0,0.0,0.0
2015,11,6,5,WN,1340,N259WN,ELP,HOU,1100,1143.0,43.0,11.0,1154.0,105.0,102.0,86.0,677,1420.0,5.0,1345,1425.0,40.0,0,0,,0.0,0.0,6.0,34.0,0.0,2015-11-06,1,0.0,0.0,13.95,79.07,0.0
2015,11,4,3,WN,381,N374SW,MCI,MSP,1810,1824.0,14.0,11.0,1835.0,80.0,76.0,56.0,393,1931.0,9.0,1930,1940.0,10.0,0,0,,0.0,0.0,0.0,0.0,0.0,2015-11-04,0,0.0,0.0,0.0,0.0,0.0
2015,10,23,5,WN,2253,N8320J,12889,10257,1130,1128.0,-2.0,10.0,1138.0,285.0,262.0,247.0,2237,1845.0,5.0,1915,1850.0,-25.0,0,0,,0.0,0.0,0.0,0.0,0.0,2015-10-23,0,0.0,0.0,0.0,0.0,0.0
2015,11,13,5,AA,1833,N677AW,PHL,ATL,1815,1811.0,-4.0,30.0,1841.0,149.0,155.0,115.0,666,2036.0,10.0,2044,2046.0,2.0,0,0,,0.0,0.0,0.0,0.0,0.0,2015-11-13,0,0.0,0.0,0.0,0.0,0.0
2015,10,14,3,UA,1495,N14704,10721,11618,1428,1423.0,-5.0,39.0,1502.0,95.0,103.0,52.0,200,1554.0,12.0,1603,1606.0,3.0,0,0,,0.0,0.0,0.0,0.0,0.0,2015-10-14,0,0.0,0.0,0.0,0.0,0.0
2015,10,18,7,WN,1623,N382SW,15304,10693,930,928.0,-2.0,12.0,940.0,105.0,107.0,90.0,612,1010.0,5.0,1015,1015.0,0.0,0,0,,0.0,0.0,0.0,0.0,0.0,2015-10-18,0,0.0,0.0,0.0,0.0,0.0
2015,11,14,6,B6,1201,N952JB,JFK,FLL,1935,1937.0,2.0,59.0,2036.0,188.0,206.0,143.0,1069,2259.0,4.0,2243,2303.0,20.0,0,0,,18.0,0.0,2.0,0.0,0.0,2015-11-14,0,900.0,0.0,100.0,0.0,0.0
2015,10,31,6,WN,4906,N283WN,12889,13342,1205,1208.0,3.0,13.0,1221.0,210.0,201.0,182.0,1524,1723.0,6.0,1735,1729.0,-6.0,0,0,,0.0,0.0,0.0,0.0,0.0,2015-10-31,0,0.0,0.0,0.0,0.0,0.0
2015,10,12,1,WN,2140,N777QC,13204,13342,810,805.0,-5.0,17.0,822.0,175.0,169.0,146.0,1066,948.0,6.0,1005,954.0,-11.0,0,0,,0.0,0.0,0.0,0.0,0.0,2015-10-12,0,0.0,0.0,0.0,0.0,0.0
2015,10,30,5,WN,3137,N718SW,10821,13198,710,744.0,34.0,9.0,753.0,170.0,152.0,138.0,967,911.0,5.0,900,916.0,16.0,0,0,,0.0,0.0,16.0,0.0,0.0,2015-10-30,1,0.0,0.0,47.06,0.0,0.0
2015,10,13,2,OO,5547,N149SY,13891,11292,600,551.0,-9.0,13.0,604.0,140.0,144.0,122.0,819,906.0,9.0,920,915.0,-5.0,0,0,,0.0,0.0,0.0,0.0,0.0,2015-10-13,0,0.0,0.0,0.0,0.0,0.0
2015,10,13,2,OO,6230,N121SY,11109,11292,600,643.0,43.0,11.0,654.0,48.0,45.0,24.0,73,718.0,10.0,648,728.0,40.0,0,0,,0.0,0.0,40.0,0.0,0.0,2015-10-13,1,0.0,0.0,93.02,0.0,0.0
2015,10,30,5,VX,351,N839VA,10721,14771,900,900.0,0.0,15.0,915.0,405.0,377.0,356.0,2704,1211.0,6.0,1245,1217.0,-28.0,0,0,,0.0,0.0,0.0,0.0,0.0,2015-10-30,0,0.0,0.0,0.0,0.0,0.0
2015,10,14,3,AA,1735,N925UY,11057,12889,1120,1115.0,-5.0,14.0,1129.0,284.0,273.0,253.0,1916,1242.0,6.0,1304,1248.0,-16.0,0,0,,0.0,0.0,0.0,0.0,0.0,2015-10-14,0,0.0,0.0,0.0,0.0,0.0
2015,11,9,1,UA,1801,N467UA,EWR,IAH,1005,1006.0,1.0,16.0,1022.0,240.0,219.0,200.0,1400,1242.0,3.0,1305,1245.0,-20.0,0,0,,0.0,0.0,0.0,0.0,0.0,2015-11-09,0,0.0,0.0,0.0,0.0,0.0
2015,10,12,1,OO,5654,N767SK,11298,13930,1914,1906.0,-8.0,16.0,1922.0,138.0,139.0,105.0,802,2107.0,18.0,2132,2125.0,-7.0,0,0,,0.0,0.0,0.0,0.0,0.0,2015-10-12,0,0.0,0.0,0.0,0.0,0.0
2015,10,17,6,OO,4814,N431SW,12278,13487,620,612.0,-8.0,29.0,641.0,109.0,124.0,86.0,545,807.0,9.0,809,816.0,7.0,0,0,,0.0,0.0,0.0,0.0,0.0,2015-10-17,0,0.0,0.0,0.0,0.0,0.0
2015,11,17,2,AA,2367,N3CVAA,FLL,ORD,1955,1955.0,0.0,19.0,2014.0,197.0,182.0,153.0,1182,2147.0,10.0,2212,2157.0,-15.0,0,0,,0.0,0.0,0.0,0.0,0.0,2015-11-17,0,0.0,0.0,0.0,0.0,0.0
2015,11,1,7,WN,1472,N964WN,DCA,DAL,1930,1934.0,4.0,13.0,1947.0,210.0,195.0,171.0,1184,2138.0,11.0,2200,2149.0,-11.0,0,0,,0.0,0.0,0.0,0.0,0.0,2015-11-01,0,0.0,0.0,0.0,0.0,0.0
2015,11,17,2,AA,1024,N3DCAA,DFW,IAH,2030,2030.0,0.0,12.0,2042.0,72.0,87.0,44.0,224,2126.0,31.0,2142,2157.0,15.0,0,0,,15.0,0.0,0.0,0.0,0.0,2015-11-17,0,inf,0.0,0.0,0.0,0.0
2015,10,11,7,AA,1630,N3JGAA,11298,10821,1840,1836.0,-4.0,15.0,1851.0,186.0,178.0,158.0,1217,2229.0,5.0,2246,2234.0,-12.0,0,0,,0.0,0.0,0.0,0.0,0.0,2015-10-11,0,0.0,0.0,0.0,0.0,0.0
2015,10,19,1,MQ,3536,N602MQ,14108,13930,632,628.0,-4.0,15.0,643.0,60.0,67.0,30.0,130,713.0,22.0,732,735.0,3.0,0,0,,0.0,0.0,0.0,0.0,0.0,2015-10-19,0,0.0,0.0,0.0,0.0,0.0
2015,11,1,7,DL,1643,N360NB,MSP,SNA,1745,1742.0,-3.0,17.0,1759.0,244.0,229.0,207.0,1522,1926.0,5.0,1949,1931.0,-18.0,0,0,,0.0,0.0,0.0,0.0,0.0,2015-11-01,0,0.0,0.0,0.0,0.0,0.0
2015,11,15,7,F9,1296,N952FR,ORD,MCO,920,912.0,-8.0,26.0,938.0,155.0,167.0,135.0,1005,1253.0,6.0,1255,1259.0,4.0,0,0,,0.0,0.0,0.0,0.0,0.0,2015-11-15,0,0.0,0.0,0.0,0.0,0.0
2015,10,15,4,OO,5361,N945SW,11823,13930,1000,953.0,-7.0,12.0,1005.0,60.0,54.0,34.0,157,939.0,8.0,1000,947.0,-13.0,0,0,,0.0,0.0,0.0,0.0,0.0,2015-10-15,0,0.0,0.0,0.0,0.0,0.0
2015,10,26,1,WN,2951,N247WN,11292,13198,620,617.0,-3.0,10.0,627.0,90.0,86.0,70.0,533,837.0,6.0,850,843.0,-7.0,0,0,,0.0,0.0,0.0,0.0,0.0,2015-10-26,0,0.0,0.0,0.0,0.0,0.0
2015,10,27,2,UA,248,N37434,14107,13930,1106,1112.0,6.0,9.0,1121.0,208.0,195.0,175.0,1440,1616.0,11.0,1634,1627.0,-7.0,0,0,,0.0,0.0,0.0,0.0,0.0,2015-10-27,0,0.0,0.0,0.0,0.0,0.0
2015,11,2,1,AA,2053,N172US,TPA,PHL,1420,1415.0,-5.0,10.0,1425.0,151.0,138.0,123.0,920,1628.0,5.0,1651,1633.0,-18.0,0,0,,0.0,0.0,0.0,0.0,0.0,2015-11-02,0,0.0,0.0,0.0,0.0,0.0
2015,10,24,6,DL,1983,N943DL,10397,14685,1455,1508.0,13.0,15.0,1523.0,65.0,53.0,33.0,214,1556.0,5.0,1600,1601.0,1.0,0,0,,0.0,0.0,0.0,0.0,0.0,2015-10-24,0,0.0,0.0,0.0,0.0,0.0
2015,11,2,1,WN,3114,N472WN,SAN,SJC,1510,1510.0,0.0,18.0,1528.0,80.0,82.0,60.0,417,1628.0,4.0,1630,1632.0,2.0,0,0,,0.0,0.0,0.0,0.0,0.0,2015-11-02,0,0.0,0.0,0.0,0.0,0.0
2015,10,17,6,OO,5540,N965SW,15016,11292,855,852.0,-3.0,14.0,906.0,152.0,146.0,123.0,770,1009.0,9.0,1027,1018.0,-9.0,0,0,,0.0,0.0,0.0,0.0,0.0,2015-10-17,0,0.0,0.0,0.0,0.0,0.0
2015,10,27,2,OO,5501,N140SY,11267,13930,804,756.0,-8.0,14.0,810.0,81.0,75.0,52.0,240,802.0,9.0,825,811.0,-14.0,0,0,,0.0,0.0,0.0,0.0,0.0,2015-10-27,0,0.0,0.0,0.0,0.0,0.0
2015,10,31,6,OO,6537,N779SK,11292,10599,1010,1006.0,-4.0,23.0,1029.0,151.0,156.0,128.0,1083,1337.0,5.0,1341,1342.0,1.0,0,0,,0.0,0.0,0.0,0.0,0.0,2015-10-31,0,0.0,0.0,0.0,0.0,0.0
2015,10,20,2,UA,778,N437UA,11292,12266,1715,1713.0,-2.0,13.0,1726.0,140.0,134.0,116.0,862,2022.0,5.0,2035,2027.0,-8.0,0,0,,0.0,0.0,0.0,0.0,0.0,2015-10-20,0,0.0,0.0,0.0,0.0,0.0
2015,10,26,1,NK,221,N622NK,13930,10397,600,555.0,-5.0,18.0,613.0,110.0,127.0,88.0,606,841.0,21.0,850,902.0,12.0,0,0,,0.0,0.0,0.0,0.0,0.0,2015-10-26,0,0.0,0.0,0.0,0.0,0.0
2015,10,14,3,AA,2278,N3LUAA,12892,13930,500,457.0,-3.0,13.0,510.0,246.0,232.0,206.0,1744,1036.0,13.0,1106,1049.0,-17.0,0,0,,0.0,0.0,0.0,0.0,0.0,2015-10-14,0,0.0,0.0,0.0,0.0,0.0
2015,11,10,2,AA,470,N563UW,CLT,SAN,1815,1816.0,1.0,17.0,1833.0,317.0,325.0,305.0,2077,2038.0,3.0,2032,2041.0,9.0,0,0,,0.0,0.0,0.0,0.0,0.0,2015-11-10,0,0.0,0.0,0.0,0.0,0.0
2015,11,13,5,DL,1960,N975AT,PBI,LGA,1600,1726.0,86.0,18.0,1744.0,175.0,154.0,130.0,1035,1954.0,6.0,1855,2000.0,65.0,0,0,,46.0,0.0,4.0,15.0,0.0,2015-11-13,1,53.49,0.0,4.65,17.44,0.0
2015,10,16,5,DL,1810,N958DL,11298,10397,1830,1846.0,16.0,9.0,1855.0,124.0,110.0,94.0,731,2129.0,7.0,2134,2136.0,2.0,0,0,,0.0,0.0,0.0,0.0,0.0,2015-10-16,1,0.0,0.0,0.0,0.0,0.0
2015,11,17,2,WN,254,N946WN,DCA,BNA,1825,1844.0,19.0,17.0,1901.0,125.0,104.0,83.0,562,1924.0,4.0,1930,1928.0,-2.0,0,0,,0.0,0.0,0.0,0.0,0.0,2015-11-17,1,0.0,0.0,0.0,0.0,0.0
2015,11,19,4,AA,322,N4XEAA,STL,DFW,600,552.0,-8.0,12.0,604.0,125.0,111.0,92.0,550,736.0,7.0,805,743.0,-22.0,0,0,,0.0,0.0,0.0,0.0,0.0,2015-11-19,0,0.0,0.0,0.0,0.0,0.0
2015,10,15,4,DL,2845,N896AT,12478,11433,910,909.0,-1.0,21.0,930.0,123.0,112.0,84.0,509,1054.0,7.0,1113,1101.0,-12.0,0,0,,0.0,0.0,0.0,0.0,0.0,2015-10-15,0,0.0,0.0,0.0,0.0,0.0
2015,11,13,5,UA,739,N428UA,DEN,PHX,1134,1132.0,-2.0,11.0,1143.0,118.0,100.0,86.0,602,1309.0,3.0,1332,1312.0,-20.0,0,0,,0.0,0.0,0.0,0.0,0.0,2015-11-13,0,0.0,0.0,0.0,0.0,0.0
2015,10,25,7,WN,253,N956WN,13198,12191,1700,1714.0,14.0,7.0,1721.0,120.0,128.0,114.0,666,1915.0,7.0,1900,1922.0,22.0,0,0,,8.0,0.0,14.0,0.0,0.0,2015-10-25,0,57.14,0.0,100.0,0.0,0.0
2015,10,16,5,AA,677,N561UW,12889,14100,900,858.0,-2.0,9.0,907.0,287.0,265.0,253.0,2176,1620.0,3.0,1647,1623.0,-24.0,0,0,,0.0,0.0,0.0,0.0,0.0,2015-10-16,0,0.0,0.0,0.0,0.0,0.0
2015,11,10,2,WN,313,N915WN,MDW,STL,1600,1652.0,52.0,8.0,1700.0,65.0,58.0,46.0,251,1746.0,4.0,1705,1750.0,45.0,0,0,,0.0,0.0,28.0,17.0,0.0,2015-11-10,1,0.0,0.0,53.85,32.69,0.0
2015,11,6,5,VX,501,N635VA,JFK,FLL,755,753.0,-2.0,18.0,811.0,185.0,171.0,148.0,1069,1039.0,5.0,1100,1044.0,-16.0,0,0,,0.0,0.0,0.0,0.0,0.0,2015-11-06,0,0.0,0.0,0.0,0.0,0.0
2015,11,10,2,AA,1254,N3KNAA,SJU,MIA,1550,1614.0,24.0,14.0,1628.0,184.0,161.0,133.0,1045,1741.0,14.0,1754,1755.0,1.0,0,0,,0.0,0.0,0.0,0.0,0.0,2015-11-10,1,0.0,0.0,0.0,0.0,0.0
2015,11,19,4,WN,396,N611SW,GSP,BWI,1000,1013.0,13.0,14.0,1027.0,80.0,82.0,64.0,426,1131.0,4.0,1120,1135.0,15.0,0,0,,2.0,0.0,5.0,8.0,0.0,2015-11-19,0,15.38,0.0,38.46,61.54,0.0
2015,11,19,4,WN,4036,N724SW,MDW,DSM,1210,1224.0,14.0,9.0,1233.0,70.0,69.0,56.0,306,1329.0,4.0,1320,1333.0,13.0,0,0,,0.0,0.0,0.0,0.0,0.0,2015-11-19,0,0.0,0.0,0.0,0.0,0.0
2015,10,19,1,AA,1793,N558UW,11057,14122,2210,2207.0,-3.0,14.0,2221.0,76.0,76.0,58.0,366,2319.0,4.0,2326,2323.0,-3.0,0,0,,0.0,0.0,0.0,0.0,0.0,2015-10-19,0,0.0,0.0,0.0,0.0,0.0
2015,11,8,7,WN,2632,N727SW,PHX,OMA,1955,2141.0,106.0,9.0,2150.0,145.0,135.0,121.0,1037,51.0,5.0,2320,56.0,96.0,0,0,,0.0,0.0,96.0,0.0,0.0,2015-11-08,1,0.0,0.0,90.57,0.0,0.0
2015,11,16,1,UA,343,N73259,LGA,DEN,621,616.0,-5.0,11.0,627.0,278.0,244.0,224.0,1620,811.0,9.0,859,820.0,-39.0,0,0,,0.0,0.0,0.0,0.0,0.0,2015-11-16,0,0.0,0.0,0.0,0.0,0.0
2015,10,24,6,DL,1537,N317US,11433,14635,1211,1217.0,6.0,12.0,1229.0,175.0,156.0,140.0,1084,1449.0,4.0,1506,1453.0,-13.0,0,0,,0.0,0.0,0.0,0.0,0.0,2015-10-24,0,0.0,0.0,0.0,0.0,0.0
2015,11,9,1,WN,180,N376SW,AUS,LAX,750,911.0,81.0,10.0,921.0,205.0,205.0,181.0,1242,1022.0,14.0,915,1036.0,81.0,0,0,,0.0,0.0,81.0,0.0,0.0,2015-11-09,1,0.0,0.0,100.0,0.0,0.0
2015,11,14,6,AA,358,N4YRAA,STL,DFW,1055,1049.0,-6.0,8.0,1057.0,120.0,101.0,83.0,550,1220.0,10.0,1255,1230.0,-25.0,0,0,,0.0,0.0,0.0,0.0,0.0,2015-11-14,0,0.0,0.0,0.0,0.0,0.0
2015,11,15,7,OO,4845,N8903A,MGM,ATL,545,551.0,6.0,44.0,635.0,46.0,80.0,28.0,147,803.0,8.0,731,811.0,40.0,0,0,,34.0,0.0,0.0,0.0,6.0,2015-11-15,0,566.67,0.0,0.0,0.0,100.0
2015,10,28,3,WN,847,N653SW,10792,10821,1540,1555.0,15.0,14.0,1609.0,70.0,71.0,52.0,281,1701.0,5.0,1650,1706.0,16.0,0,0,,1.0,0.0,0.0,15.0,0.0,2015-10-28,0,6.67,0.0,0.0,100.0,0.0
2015,11,6,5,DL,2484,N3749D,DTW,PHL,700,742.0,42.0,16.0,758.0,112.0,99.0,79.0,453,917.0,4.0,852,921.0,29.0,0,0,,29.0,0.0,0.0,0.0,0.0,2015-11-06,1,69.05,0.0,0.0,0.0,0.0
2015,11,7,6,MQ,3075,N526MQ,ORD,MSN,1040,1054.0,14.0,11.0,1105.0,55.0,42.0,27.0,108,1132.0,4.0,1135,1136.0,1.0,0,0,,0.0,0.0,0.0,0.0,0.0,2015-11-07,0,0.0,0.0,0.0,0.0,0.0
2015,10,26,1,DL,1685,N980DL,12953,13204,1134,1126.0,-8.0,58.0,1224.0,185.0,204.0,134.0,950,1438.0,12.0,1439,1450.0,11.0,0,0,,0.0,0.0,0.0,0.0,0.0,2015-10-26,0,0.0,0.0,0.0,0.0,0.0
2015,10,15,4,UA,1098,N73259,13930,10721,1558,1603.0,5.0,29.0,1632.0,152.0,143.0,101.0,867,1913.0,13.0,1930,1926.0,-4.0,0,0,,0.0,0.0,0.0,0.0,0.0,2015-10-15,0,0.0,0.0,0.0,0.0,0.0
2015,10,14,3,UA,1136,N67827,11618,11292,1639,1638.0,-1.0,14.0,1652.0,271.0,260.0,229.0,1605,1841.0,17.0,1910,1858.0,-12.0,0,0,,0.0,0.0,0.0,0.0,0.0,2015-10-14,0,0.0,0.0,0.0,0.0,0.0
2015,11,2,1,WN,2990,N288WN,IND,LGA,605,601.0,-4.0,8.0,609.0,140.0,100.0,87.0,660,736.0,5.0,825,741.0,-44.0,0,0,,0.0,0.0,0.0,0.0,0.0,2015-11-02,0,0.0,0.0,0.0,0.0,0.0
2015,11,9,1,AA,403,N653AW,PHX,SFO,839,1444.0,365.0,13.0,1457.0,131.0,128.0,108.0,651,1545.0,7.0,950,1552.0,362.0,0,0,,362.0,0.0,0.0,0.0,0.0,2015-11-09,1,99.18,0.0,0.0,0.0,0.0
2015,10,24,6,WN,766,N217JC,14831,10800,1235,1247.0,12.0,7.0,1254.0,60.0,55.0,45.0,296,1339.0,3.0,1335,1342.0,7.0,0,0,,0.0,0.0,0.0,0.0,0.0,2015-10-24,0,0.0,0.0,0.0,0.0,0.0
2015,10,20,2,AA,1144,N3EVAA,12953,11298,1930,1924.0,-6.0,36.0,2000.0,240.0,230.0,182.0,1389,2202.0,12.0,2230,2214.0,-16.0,0,0,,0.0,0.0,0.0,0.0,0.0,2015-10-20,0,0.0,0.0,0.0,0.0,0.0
2015,11,17,2,AA,1711,N199UW,PBI,CLT,1450,1448.0,-2.0,10.0,1458.0,120.0,112.0,90.0,590,1628.0,12.0,1650,1640.0,-10.0,0,0,,0.0,0.0,0.0,0.0,0.0,2015-11-17,0,0.0,0.0,0.0,0.0,0.0
2015,10,20,2,NK,365,N519NK,13495,11298,1432,1424.0,-8.0,9.0,1433.0,95.0,96.0,75.0,447,1548.0,12.0,1607,1600.0,-7.0,0,0,,0.0,0.0,0.0,0.0,0.0,2015-10-20,0,0.0,0.0,0.0,0.0,0.0
2015,11,3,2,DL,2086,N962DN,ATL,LGA,1845,1843.0,-2.0,9.0,1852.0,139.0,117.0,98.0,762,2030.0,10.0,2104,2040.0,-24.0,0,0,,0.0,0.0,0.0,0.0,0.0,2015-11-03,0,0.0,0.0,0.0,0.0,0.0
2015,11,18,3,UA,737,N37468,DEN,SFO,1740,1742.0,2.0,13.0,1755.0,170.0,155.0,136.0,967,1911.0,6.0,1930,1917.0,-13.0,0,0,,0.0,0.0,0.0,0.0,0.0,2015-11-18,0,0.0,0.0,0.0,0.0,0.0
2015,10,28,3,WN,2433,N913WN,14107,14908,835,829.0,-6.0,15.0,844.0,80.0,74.0,55.0,338,939.0,4.0,955,943.0,-12.0,0,0,,0.0,0.0,0.0,0.0,0.0,2015-10-28,0,0.0,0.0,0.0,0.0,0.0
2015,10,22,4,AA,284,N861AA,12173,12892,1430,1415.0,-15.0,19.0,1434.0,344.0,326.0,297.0,2556,2231.0,10.0,2314,2241.0,-33.0,0,0,,0.0,0.0,0.0,0.0,0.0,2015-10-22,0,0.0,0.0,0.0,0.0,0.0
2015,11,9,1,OO,4549,N988CA,LSE,MSP,1740,1736.0,-4.0,22.0,1758.0,60.0,55.0,29.0,119,1827.0,4.0,1840,1831.0,-9.0,0,0,,0.0,0.0,0.0,0.0,0.0,2015-11-09,0,0.0,0.0,0.0,0.0,0.0
2015,10,18,7,MQ,3255,N833MQ,11905,11298,700,657.0,-3.0,10.0,707.0,63.0,77.0,38.0,140,745.0,29.0,803,814.0,11.0,0,0,,0.0,0.0,0.0,0.0,0.0,2015-10-18,0,0.0,0.0,0.0,0.0,0.0
2015,11,16,1,OO,4544,N679CA,SLC,IAH,1959,2023.0,24.0,19.0,2042.0,180.0,182.0,158.0,1195,20.0,5.0,2359,25.0,26.0,0,0,,2.0,0.0,24.0,0.0,0.0,2015-11-16,1,8.33,0.0,100.0,0.0,0.0
2015,10,27,2,UA,693,N828UA,12953,13930,1900,1848.0,-12.0,13.0,1901.0,172.0,145.0,122.0,733,2003.0,10.0,2052,2013.0,-39.0,0,0,,0.0,0.0,0.0,0.0,0.0,2015-10-27,0,0.0,0.0,0.0,0.0,0.0
2015,10,22,4,MQ,3332,N519MQ,10693,13930,730,725.0,-5.0,9.0,734.0,107.0,96.0,71.0,409,845.0,16.0,917,901.0,-16.0,0,0,,0.0,0.0,0.0,0.0,0.0,2015-10-22,0,0.0,0.0,0.0,0.0,0.0
2015,10,25,7,DL,2150,N829DN,14747,14869,1820,1816.0,-4.0,16.0,1832.0,115.0,108.0,88.0,689,2100.0,4.0,2115,2104.0,-11.0,0,0,,0.0,0.0,0.0,0.0,0.0,2015-10-25,0,0.0,0.0,0.0,0.0,0.0
2015,11,7,6,WN,3250,N372SW,SFO,LAX,840,839.0,-1.0,17.0,856.0,85.0,81.0,56.0,337,952.0,8.0,1005,1000.0,-5.0,0,0,,0.0,0.0,0.0,0.0,0.0,2015-11-07,0,0.0,0.0,0.0,0.0,0.0
2015,11,19,4,WN,665,N939WN,DAL,MDW,1115,1115.0,0.0,8.0,1123.0,125.0,128.0,103.0,793,1306.0,17.0,1320,1323.0,3.0,0,0,,0.0,0.0,0.0,0.0,0.0,2015-11-19,0,0.0,0.0,0.0,0.0,0.0
2015,10,30,5,WN,289,N968WN,10397,14100,2205,2200.0,-5.0,20.0,2220.0,125.0,119.0,91.0,666,2351.0,8.0,10,2359.0,-11.0,0,0,,0.0,0.0,0.0,0.0,0.0,2015-10-30,0,0.0,0.0,0.0,0.0,0.0
2015,10,18,7,NK,858,N505NK,12266,11697,1400,1357.0,-3.0,10.0,1407.0,143.0,126.0,112.0,966,1659.0,4.0,1723,1703.0,-20.0,0,0,,0.0,0.0,0.0,0.0,0.0,2015-10-18,0,0.0,0.0,0.0,0.0,0.0
2015,11,3,2,WN,644,N954WN,HOU,DEN,2150,2226.0,36.0,9.0,2235.0,150.0,127.0,113.0,883,2328.0,5.0,2320,2333.0,13.0,0,0,,0.0,0.0,0.0,0.0,0.0,2015-11-03,1,0.0,0.0,0.0,0.0,0.0
2015,10,29,4,WN,1344,N264LV,11292,11618,1115,1119.0,4.0,10.0,1129.0,230.0,208.0,190.0,1605,1639.0,8.0,1705,1647.0,-18.0,0,0,,0.0,0.0,0.0,0.0,0.0,2015-10-29,0,0.0,0.0,0.0,0.0,0.0
2015,10,13,2,DL,1632,N320US,13487,13930,700,659.0,-1.0,18.0,717.0,91.0,79.0,52.0,334,809.0,9.0,831,818.0,-13.0,0,0,,0.0,0.0,0.0,0.0,0.0,2015-10-13,0,0.0,0.0,0.0,0.0,0.0
2015,10,16,5,WN,2718,N478WN,12892,14107,1105,1110.0,5.0,14.0,1124.0,75.0,77.0,57.0,370,1221.0,6.0,1220,1227.0,7.0,0,0,,0.0,0.0,0.0,0.0,0.0,2015-10-16,0,0.0,0.0,0.0,0.0,0.0
2015,11,2,1,WN,5111,N415WN,DEN,MDW,740,735.0,-5.0,10.0,745.0,140.0,124.0,108.0,895,1033.0,6.0,1100,1039.0,-21.0,0,0,,0.0,0.0,0.0,0.0,0.0,2015-11-02,0,0.0,0.0,0.0,0.0,0.0
2015,10,16,5,WN,2408,N7750A,14908,14107,1055,1054.0,-1.0,8.0,1102.0,70.0,65.0,54.0,338,1156.0,3.0,1205,1159.0,-6.0,0,0,,0.0,0.0,0.0,0.0,0.0,2015-10-16,0,0.0,0.0,0.0,0.0,0.0
2015,11,16,1,EV,4965,N371CA,HPN,ATL,1233,1229.0,-4.0,19.0,1248.0,142.0,140.0,115.0,780,1443.0,6.0,1455,1449.0,-6.0,0,0,,0.0,0.0,0.0,0.0,0.0,2015-11-16,0,0.0,0.0,0.0,0.0,0.0
2015,10,20,2,WN,516,N788SA,13796,10800,710,706.0,-4.0,11.0,717.0,65.0,60.0,48.0,325,805.0,1.0,815,806.0,-9.0,0,0,,0.0,0.0,0.0,0.0,0.0,2015-10-20,0,0.0,0.0,0.0,0.0,0.0
2015,11,3,2,B6,1295,N354JB,JFK,AUS,2100,2227.0,87.0,20.0,2247.0,256.0,228.0,201.0,1521,108.0,7.0,16,115.0,59.0,0,0,,59.0,0.0,0.0,0.0,0.0,2015-11-03,1,67.82,0.0,0.0,0.0,0.0
2015,11,16,1,HA,51,N380HA,JFK,HNL,1000,955.0,-5.0,23.0,1018.0,675.0,650.0,624.0,4983,1542.0,3.0,1615,1545.0,-30.0,0,0,,0.0,0.0,0.0,0.0,0.0,2015-11-16,0,0.0,0.0,0.0,0.0,0.0
2015,10,31,6,UA,814,N814UA,11042,13930,1611,1602.0,-9.0,9.0,1611.0,91.0,71.0,57.0,316,1608.0,5.0,1642,1613.0,-29.0,0,0,,0.0,0.0,0.0,0.0,0.0,2015-10-31,0,0.0,0.0,0.0,0.0,0.0
2015,11,20,5,VX,22,N847VA,PDX,SFO,645,641.0,-4.0,9.0,650.0,100.0,99.0,86.0,550,816.0,4.0,825,820.0,-5.0,0,0,,0.0,0.0,0.0,0.0,0.0,2015-11-20,0,0.0,0.0,0.0,0.0,0.0
2015,10,26,1,AA,1445,N860AA,11298,14679,1225,1221.0,-4.0,15.0,1236.0,187.0,183.0,164.0,1171,1320.0,4.0,1332,1324.0,-8.0,0,0,,0.0,0.0,0.0,0.0,0.0,2015-10-26,0,0.0,0.0,0.0,0.0,0.0
2015,11,1,7,AA,1728,N128UW,MCO,PHL,1200,1155.0,-5.0,21.0,1216.0,145.0,143.0,115.0,861,1411.0,7.0,1425,1418.0,-7.0,0,0,,0.0,0.0,0.0,0.0,0.0,2015-11-01,0,0.0,0.0,0.0,0.0,0.0
2015,11,8,7,WN,2969,N645SW,PHX,OAK,945,944.0,-1.0,11.0,955.0,130.0,115.0,101.0,646,1036.0,3.0,1055,1039.0,-16.0,0,0,,0.0,0.0,0.0,0.0,0.0,2015-11-08,0,0.0,0.0,0.0,0.0,0.0
2015,10,30,5,HA,192,N487HA,12173,12402,1543,1540.0,-3.0,11.0,1551.0,53.0,52.0,36.0,216,1627.0,5.0,1636,1632.0,-4.0,0,0,,0.0,0.0,0.0,0.0,0.0,2015-10-30,0,0.0,0.0,0.0,0.0,0.0
2015,11,6,5,DL,2141,N318US,ORF,ATL,1434,1458.0,24.0,12.0,1510.0,116.0,102.0,81.0,516,1631.0,9.0,1630,1640.0,10.0,0,0,,0.0,0.0,0.0,0.0,0.0,2015-11-06,1,0.0,0.0,0.0,0.0,0.0
2015,10,23,5,EV,5135,N853AS,14098,10397,1427,1427.0,0.0,7.0,1434.0,108.0,95.0,83.0,508,1557.0,5.0,1615,1602.0,-13.0,0,0,,0.0,0.0,0.0,0.0,0.0,2015-10-23,0,0.0,0.0,0.0,0.0,0.0
2015,10,25,7,EV,5195,N755EV,11433,14524,1013,1007.0,-6.0,13.0,1020.0,95.0,84.0,66.0,456,1126.0,5.0,1148,1131.0,-17.0,0,0,,0.0,0.0,0.0,0.0,0.0,2015-10-25,0,0.0,0.0,0.0,0.0,0.0
2015,10,13,2,VX,416,N624VA,12892,12478,1545,1546.0,1.0,9.0,1555.0,314.0,305.0,279.0,2475,2334.0,17.0,2359,2351.0,-8.0,0,0,,0.0,0.0,0.0,0.0,0.0,2015-10-13,0,0.0,0.0,0.0,0.0,0.0
2015,10,17,6,WN,1123,N787SA,11292,12264,1715,1735.0,20.0,19.0,1754.0,200.0,193.0,168.0,1452,2242.0,6.0,2235,2248.0,13.0,0,0,,0.0,0.0,0.0,0.0,0.0,2015-10-17,1,0.0,0.0,0.0,0.0,0.0
2015,11,2,1,DL,953,N982DL,ATL,PIT,2005,1959.0,-6.0,17.0,2016.0,103.0,90.0,69.0,526,2125.0,4.0,2148,2129.0,-19.0,0,0,,0.0,0.0,0.0,0.0,0.0,2015-11-02,0,0.0,0.0,0.0,0.0,0.0
2015,10,13,2,UA,1641,N37273,14679,11618,615,615.0,0.0,25.0,640.0,329.0,317.0,285.0,2425,1425.0,7.0,1444,1432.0,-12.0,0,0,,0.0,0.0,0.0,0.0,0.0,2015-10-13,0,0.0,0.0,0.0,0.0,0.0
2015,10,23,5,B6,287,N809JB,10721,12892,730,729.0,-1.0,26.0,755.0,374.0,383.0,349.0,2611,1044.0,8.0,1044,1052.0,8.0,0,0,,0.0,0.0,0.0,0.0,0.0,2015-10-23,0,0.0,0.0,0.0,0.0,0.0
2015,11,18,3,DL,960,N942DN,IND,ATL,600,557.0,-3.0,12.0,609.0,93.0,91.0,73.0,432,722.0,6.0,733,728.0,-5.0,0,0,,0.0,0.0,0.0,0.0,0.0,2015-11-18,0,0.0,0.0,0.0,0.0,0.0
2015,11,16,1,AA,1724,N949UW,BOS,PHL,930,925.0,-5.0,17.0,942.0,97.0,76.0,56.0,280,1038.0,3.0,1107,1041.0,-26.0,0,0,,0.0,0.0,0.0,0.0,0.0,2015-11-16,0,0.0,0.0,0.0,0.0,0.0
2015,10,19,1,DL,2752,N961AT,12892,14771,700,655.0,-5.0,21.0,716.0,85.0,77.0,53.0,337,809.0,3.0,825,812.0,-13.0,0,0,,0.0,0.0,0.0,0.0,0.0,2015-10-19,0,0.0,0.0,0.0,0.0,0.0
2015,10,25,7,DL,2379,N364NW,14869,13495,2010,2007.0,-3.0,20.0,2027.0,196.0,200.0,176.0,1428,23.0,4.0,26,27.0,1.0,0,0,,0.0,0.0,0.0,0.0,0.0,2015-10-25,0,0.0,0.0,0.0,0.0,0.0
2015,11,14,6,AA,1004,N564AA,AUS,DFW,846,831.0,-15.0,10.0,841.0,69.0,55.0,39.0,190,920.0,6.0,955,926.0,-29.0,0,0,,0.0,0.0,0.0,0.0,0.0,2015-11-14,0,0.0,0.0,0.0,0.0,0.0
2015,10,20,2,WN,367,N278WN,15370,12191,1925,1919.0,-6.0,14.0,1933.0,95.0,92.0,72.0,453,2045.0,6.0,2100,2051.0,-9.0,0,0,,0.0,0.0,0.0,0.0,0.0,2015-10-20,0,0.0,0.0,0.0,0.0,0.0
2015,10,30,5,UA,517,N77518,14771,12264,1652,1648.0,-4.0,13.0,1701.0,308.0,286.0,269.0,2419,30.0,4.0,100,34.0,-26.0,0,0,,0.0,0.0,0.0,0.0,0.0,2015-10-30,0,0.0,0.0,0.0,0.0,0.0
2015,11,17,2,AA,514,N675AW,BOI,PHX,1332,1336.0,4.0,13.0,1349.0,116.0,107.0,89.0,735,1518.0,5.0,1528,1523.0,-5.0,0,0,,0.0,0.0,0.0,0.0,0.0,2015-11-17,0,0.0,0.0,0.0,0.0,0.0
2015,10,12,1,WN,1813,N969WN,13232,14576,1335,1328.0,-7.0,12.0,1340.0,90.0,86.0,68.0,523,1548.0,6.0,1605,1554.0,-11.0,0,0,,0.0,0.0,0.0,0.0,0.0,2015-10-12,0,0.0,0.0,0.0,0.0,0.0
2015,10,30,5,WN,1873,N632SW,11292,13796,1825,1829.0,4.0,12.0,1841.0,155.0,146.0,127.0,957,1948.0,7.0,2000,1955.0,-5.0,0,0,,0.0,0.0,0.0,0.0,0.0,2015-10-30,0,0.0,0.0,0.0,0.0,0.0
2015,10,13,2,UA,1601,N75429,11618,14771,1515,1540.0,25.0,24.0,1604.0,375.0,358.0,329.0,2565,1833.0,5.0,1830,1838.0,8.0,0,0,,0.0,0.0,0.0,0.0,0.0,2015-10-13,1,0.0,0.0,0.0,0.0,0.0
2015,11,1,7,OO,5462,N984CA,ORD,DLH,918,957.0,39.0,25.0,1022.0,95.0,93.0,64.0,397,1126.0,4.0,1053,1130.0,37.0,0,0,,0.0,0.0,37.0,0.0,0.0,2015-11-01,1,0.0,0.0,94.87,0.0,0.0
2015,11,7,6,AS,663,N469AS,PHX,PDX,700,653.0,-7.0,11.0,704.0,166.0,148.0,134.0,1009,818.0,3.0,846,821.0,-25.0,0,0,,0.0,0.0,0.0,0.0,0.0,2015-11-07,0,0.0,0.0,0.0,0.0,0.0
2015,10,30,5,AS,37,N611AS,13487,14747,1605,1550.0,-15.0,14.0,1604.0,215.0,235.0,217.0,1399,1741.0,4.0,1740,1745.0,5.0,0,0,,0.0,0.0,0.0,0.0,0.0,2015-10-30,0,0.0,0.0,0.0,0.0,0.0
2015,10,29,4,EV,5947,N17159,13930,10434,2100,2055.0,-5.0,21.0,2116.0,106.0,103.0,79.0,632,2335.0,3.0,2346,2338.0,-8.0,0,0,,0.0,0.0,0.0,0.0,0.0,2015-10-29,0,0.0,0.0,0.0,0.0,0.0
2015,10,24,6,AA,104,N3ETAA,11278,12478,1800,1759.0,-1.0,23.0,1822.0,98.0,78.0,45.0,213,1907.0,10.0,1938,1917.0,-21.0,0,0,,0.0,0.0,0.0,0.0,0.0,2015-10-24,0,0.0,0.0,0.0,0.0,0.0
2015,10,11,7,UA,1995,N13113,13930,11618,1600,1607.0,7.0,27.0,1634.0,143.0,141.0,100.0,719,1914.0,14.0,1923,1928.0,5.0,0,0,,0.0,0.0,0.0,0.0,0.0,2015-10-11,0,0.0,0.0,0.0,0.0,0.0
2015,10,13,2,WN,824,N7721E,10423,11259,1720,1724.0,4.0,7.0,1731.0,55.0,51.0,40.0,189,1811.0,4.0,1815,1815.0,0.0,0,0,,0.0,0.0,0.0,0.0,0.0,2015-10-13,0,0.0,0.0,0.0,0.0,0.0
2015,11,10,2,WN,1087,N493WN,SMF,LAX,1425,1432.0,7.0,18.0,1450.0,80.0,81.0,57.0,373,1547.0,6.0,1545,1553.0,8.0,0,0,,0.0,0.0,0.0,0.0,0.0,2015-11-10,0,0.0,0.0,0.0,0.0,0.0
2015,11,5,4,AA,2423,N4XGAA,DFW,MSP,1200,1153.0,-7.0,11.0,1204.0,144.0,135.0,118.0,852,1402.0,6.0,1424,1408.0,-16.0,0,0,,0.0,0.0,0.0,0.0,0.0,2015-11-05,0,0.0,0.0,0.0,0.0,0.0
2015,10,27,2,EV,5102,N186PQ,10397,13277,1350,1346.0,-4.0,13.0,1359.0,52.0,52.0,37.0,147,1336.0,2.0,1342,1338.0,-4.0,0,0,,0.0,0.0,0.0,0.0,0.0,2015-10-27,0,0.0,0.0,0.0,0.0,0.0
2015,11,13,5,WN,575,N270WN,LAX,TUS,1255,1254.0,-1.0,6.0,1300.0,80.0,72.0,63.0,451,1503.0,3.0,1515,1506.0,-9.0,0,0,,0.0,0.0,0.0,0.0,0.0,2015-11-13,0,0.0,0.0,0.0,0.0,0.0
2015,11,1,7,DL,803,N362NW,CVG,MCO,945,1055.0,70.0,20.0,1115.0,134.0,125.0,101.0,757,1256.0,4.0,1159,1300.0,61.0,0,0,,0.0,0.0,61.0,0.0,0.0,2015-11-01,1,0.0,0.0,87.14,0.0,0.0
2015,11,13,5,EV,5040,N166PQ,HPN,ATL,1900,1853.0,-7.0,14.0,1907.0,137.0,151.0,130.0,780,2117.0,7.0,2117,2124.0,7.0,0,0,,0.0,0.0,0.0,0.0,0.0,2015-11-13,0,0.0,0.0,0.0,0.0,0.0
2015,11,8,7,EV,4743,N17984,ORD,ICT,1220,1214.0,-6.0,17.0,1231.0,119.0,106.0,80.0,588,1351.0,9.0,1419,1400.0,-19.0,0,0,,0.0,0.0,0.0,0.0,0.0,2015-11-08,0,0.0,0.0,0.0,0.0,0.0
2015,11,17,2,OO,5363,N927SW,ONT,SFO,1800,1752.0,-8.0,14.0,1806.0,87.0,78.0,61.0,363,1907.0,3.0,1927,1910.0,-17.0,0,0,,0.0,0.0,0.0,0.0,0.0,2015-11-17,0,0.0,0.0,0.0,0.0,0.0
2015,11,8,7,HA,306,N492HA,HNL,OGG,741,739.0,-2.0,9.0,748.0,39.0,38.0,22.0,100,810.0,7.0,820,817.0,-3.0,0,0,,0.0,0.0,0.0,0.0,0.0,2015-11-08,0,0.0,0.0,0.0,0.0,0.0
2015,11,6,5,AS,609,N403AS,LAS,SEA,1510,1510.0,0.0,12.0,1522.0,160.0,149.0,129.0,867,1731.0,8.0,1750,1739.0,-11.0,0,0,,0.0,0.0,0.0,0.0,0.0,2015-11-06,0,0.0,0.0,0.0,0.0,0.0
2015,11,4,3,B6,123,N929JB,JFK,LAX,830,828.0,-2.0,34.0,902.0,380.0,375.0,336.0,2475,1138.0,5.0,1150,1143.0,-7.0,0,0,,0.0,0.0,0.0,0.0,0.0,2015-11-04,0,0.0,0.0,0.0,0.0,0.0
2015,11,10,2,WN,1639,N7739A,MEM,HOU,540,535.0,-5.0,8.0,543.0,110.0,84.0,71.0,484,654.0,5.0,730,659.0,-31.0,0,0,,0.0,0.0,0.0,0.0,0.0,2015-11-10,0,0.0,0.0,0.0,0.0,0.0
2015,10,17,6,AA,1902,N730US,13204,11278,710,708.0,-2.0,17.0,725.0,132.0,122.0,100.0,759,905.0,5.0,922,910.0,-12.0,0,0,,0.0,0.0,0.0,0.0,0.0,2015-10-17,0,0.0,0.0,0.0,0.0,0.0
2015,11,8,7,AA,892,N127UW,PHL,CLT,1830,1829.0,-1.0,21.0,1850.0,120.0,111.0,72.0,449,2002.0,18.0,2030,2020.0,-10.0,0,0,,0.0,0.0,0.0,0.0,0.0,2015-11-08,0,0.0,0.0,0.0,0.0,0.0
2015,10,15,4,DL,2800,N330NW,11433,10721,1345,1342.0,-3.0,15.0,1357.0,114.0,99.0,76.0,632,1513.0,8.0,1539,1521.0,-18.0,0,0,,0.0,0.0,0.0,0.0,0.0,2015-10-15,0,0.0,0.0,0.0,0.0,0.0
2015,11,13,5,WN,2796,N797MX,BDL,MCO,1305,1259.0,-6.0,9.0,1308.0,180.0,173.0,161.0,1050,1549.0,3.0,1605,1552.0,-13.0,0,0,,0.0,0.0,0.0,0.0,0.0,2015-11-13,0,0.0,0.0,0.0,0.0,0.0
2015,10,25,7,DL,671,N584NW,14747,10397,2245,2239.0,-6.0,15.0,2254.0,278.0,271.0,247.0,2182,601.0,9.0,623,610.0,-13.0,0,0,,0.0,0.0,0.0,0.0,0.0,2015-10-25,0,0.0,0.0,0.0,0.0,0.0
2015,11,4,3,WN,3023,N280WN,ATL,DTW,1555,1555.0,0.0,10.0,1605.0,115.0,102.0,85.0,594,1730.0,7.0,1750,1737.0,-13.0,0,0,,0.0,0.0,0.0,0.0,0.0,2015-11-04,0,0.0,0.0,0.0,0.0,0.0
2015,11,17,2,AA,1988,N741UW,RDU,CLT,930,927.0,-3.0,11.0,938.0,71.0,51.0,36.0,130,1014.0,4.0,1041,1018.0,-23.0,0,0,,0.0,0.0,0.0,0.0,0.0,2015-11-17,0,0.0,0.0,0.0,0.0,0.0
2015,10,16,5,WN,2213,N918WN,14893,13891,1950,1950.0,0.0,5.0,1955.0,75.0,68.0,59.0,390,2054.0,4.0,2105,2058.0,-7.0,0,0,,0.0,0.0,0.0,0.0,0.0,2015-10-16,0,0.0,0.0,0.0,0.0,0.0
2015,11,5,4,DL,2438,N919DE,ATL,DCA,920,919.0,-1.0,19.0,938.0,99.0,104.0,80.0,547,1058.0,5.0,1059,1103.0,4.0,0,0,,0.0,0.0,0.0,0.0,0.0,2015-11-05,0,0.0,0.0,0.0,0.0,0.0
2015,10,15,4,EV,5014,N754EV,11537,11433,930,922.0,-8.0,12.0,934.0,75.0,81.0,61.0,332,1035.0,8.0,1045,1043.0,-2.0,0,0,,0.0,0.0,0.0,0.0,0.0,2015-10-15,0,0.0,0.0,0.0,0.0,0.0
2015,10,11,7,NK,362,N618NK,12266,10397,1140,1135.0,-5.0,12.0,1147.0,119.0,113.0,94.0,689,1421.0,7.0,1439,1428.0,-11.0,0,0,,0.0,0.0,0.0,0.0,0.0,2015-10-11,0,0.0,0.0,0.0,0.0,0.0
2015,10,12,1,WN,580,N277WN,13204,12339,1830,1824.0,-6.0,9.0,1833.0,140.0,130.0,116.0,829,2029.0,5.0,2050,2034.0,-16.0,0,0,,0.0,0.0,0.0,0.0,0.0,2015-10-12,0,0.0,0.0,0.0,0.0,0.0
2015,11,8,7,AA,1461,N3EEAA,MIA,TPA,705,659.0,-6.0,19.0,718.0,63.0,62.0,40.0,204,758.0,3.0,808,801.0,-7.0,0,0,,0.0,0.0,0.0,0.0,0.0,2015-11-08,0,0.0,0.0,0.0,0.0,0.0
2015,10,12,1,AA,2236,N4XWAA,13871,11298,1913,1952.0,39.0,11.0,2003.0,117.0,96.0,77.0,583,2120.0,8.0,2110,2128.0,18.0,0,0,,0.0,0.0,0.0,18.0,0.0,2015-10-12,1,0.0,0.0,0.0,46.15,0.0
2015,10,24,6,WN,4487,N8608N,13232,11042,1320,1342.0,22.0,7.0,1349.0,70.0,60.0,48.0,307,1537.0,5.0,1530,1542.0,12.0,0,0,,0.0,0.0,0.0,0.0,0.0,2015-10-24,1,0.0,0.0,0.0,0.0,0.0
2015,10,30,5,DL,2244,N316NB,11433,11278,1209,1207.0,-2.0,9.0,1216.0,92.0,73.0,61.0,405,1317.0,3.0,1341,1320.0,-21.0,0,0,,0.0,0.0,0.0,0.0,0.0,2015-10-30,0,0.0,0.0,0.0,0.0,0.0
2015,11,6,5,B6,1208,N334JB,IAD,JFK,630,624.0,-6.0,11.0,635.0,71.0,79.0,45.0,228,720.0,23.0,741,743.0,2.0,0,0,,0.0,0.0,0.0,0.0,0.0,2015-11-06,0,0.0,0.0,0.0,0.0,0.0
2015,10,22,4,B6,1316,N351JB,11697,12451,1642,1645.0,3.0,15.0,1700.0,74.0,73.0,52.0,319,1752.0,6.0,1756,1758.0,2.0,0,0,,0.0,0.0,0.0,0.0,0.0,2015-10-22,0,0.0,0.0,0.0,0.0,0.0
2015,10,16,5,WN,10,N487WN,10693,12191,540,540.0,0.0,12.0,552.0,125.0,124.0,103.0,670,735.0,9.0,745,744.0,-1.0,0,0,,0.0,0.0,0.0,0.0,0.0,2015-10-16,0,0.0,0.0,0.0,0.0,0.0
2015,11,14,6,UA,1588,N828UA,EWR,SAN,600,717.0,77.0,11.0,728.0,395.0,331.0,317.0,2425,945.0,3.0,935,948.0,13.0,0,0,,0.0,0.0,0.0,0.0,0.0,2015-11-14,1,0.0,0.0,0.0,0.0,0.0
2015,11,16,1,WN,2325,N380SW,DEN,LAX,1720,1737.0,17.0,15.0,1752.0,150.0,160.0,115.0,862,1847.0,30.0,1850,1917.0,27.0,0,0,,10.0,0.0,11.0,6.0,0.0,2015-11-16,1,58.82,0.0,64.71,35.29,0.0
2015,10,21,3,EV,4524,N16183,12266,13871,845,907.0,22.0,22.0,929.0,139.0,135.0,110.0,781,1119.0,3.0,1104,1122.0,18.0,0,0,,0.0,0.0,0.0,18.0,0.0,2015-10-21,1,0.0,0.0,0.0,81.82,0.0
2015,10,17,6,AA,1357,N3FYAA,13303,15304,945,940.0,-5.0,34.0,1014.0,68.0,73.0,36.0,204,1050.0,3.0,1053,1053.0,0.0,0,0,,0.0,0.0,0.0,0.0,0.0,2015-10-17,0,0.0,0.0,0.0,0.0,0.0
2015,10,18,7,AA,2318,N3BFAA,11292,11298,800,1244.0,284.0,24.0,1308.0,127.0,125.0,87.0,641,1535.0,14.0,1107,1549.0,282.0,0,0,,0.0,0.0,282.0,0.0,0.0,2015-10-18,1,0.0,0.0,99.3,0.0,0.0
2015,10,27,2,WN,2162,N927WN,14100,11292,1820,1823.0,3.0,24.0,1847.0,260.0,245.0,213.0,1558,2020.0,8.0,2040,2028.0,-12.0,0,0,,0.0,0.0,0.0,0.0,0.0,2015-10-27,0,0.0,0.0,0.0,0.0,0.0
2015,10,25,7,NK,713,N630NK,12266,11292,1951,2004.0,13.0,37.0,2041.0,146.0,169.0,122.0,862,2143.0,10.0,2117,2153.0,36.0,0,0,,36.0,0.0,0.0,0.0,0.0,2015-10-25,0,276.92,0.0,0.0,0.0,0.0
2015,11,2,1,WN,3113,N528SW,HOU,CRP,845,840.0,-5.0,17.0,857.0,55.0,55.0,34.0,187,931.0,4.0,940,935.0,-5.0,0,0,,0.0,0.0,0.0,0.0,0.0,2015-11-02,0,0.0,0.0,0.0,0.0,0.0
2015,10,24,6,EV,4476,N14543,11042,10721,800,750.0,-10.0,14.0,804.0,103.0,99.0,78.0,563,922.0,7.0,943,929.0,-14.0,0,0,,0.0,0.0,0.0,0.0,0.0,2015-10-24,0,0.0,0.0,0.0,0.0,0.0
2015,10,29,4,OO,5261,N765SK,12266,12992,1449,1452.0,3.0,22.0,1514.0,79.0,81.0,53.0,374,1607.0,6.0,1608,1613.0,5.0,0,0,,0.0,0.0,0.0,0.0,0.0,2015-10-29,0,0.0,0.0,0.0,0.0,0.0
2015,10,16,5,UA,1261,N76503,13930,14576,1349,1438.0,49.0,24.0,1502.0,104.0,101.0,70.0,528,1712.0,7.0,1633,1719.0,46.0,0,0,,0.0,0.0,46.0,0.0,0.0,2015-10-16,1,0.0,0.0,93.88,0.0,0.0
2015,11,16,1,MQ,3619,N516MQ,PIT,ORD,2000,1955.0,-5.0,13.0,2008.0,110.0,91.0,69.0,413,2017.0,9.0,2050,2026.0,-24.0,0,0,,0.0,0.0,0.0,0.0,0.0,2015-11-16,0,0.0,0.0,0.0,0.0,0.0
2015,10,20,2,MQ,3189,N520MQ,13930,10140,2010,2009.0,-1.0,31.0,2040.0,190.0,198.0,160.0,1118,2220.0,7.0,2220,2227.0,7.0,0,0,,0.0,0.0,0.0,0.0,0.0,2015-10-20,0,0.0,0.0,0.0,0.0,0.0
2015,11,11,3,OO,4551,N487CA,RDM,SLC,625,614.0,-11.0,10.0,624.0,95.0,86.0,71.0,525,835.0,5.0,900,840.0,-20.0,0,0,,0.0,0.0,0.0,0.0,0.0,2015-11-11,0,0.0,0.0,0.0,0.0,0.0
2015,10,21,3,WN,43,N924WN,13487,10397,1055,1050.0,-5.0,10.0,1100.0,155.0,139.0,116.0,907,1356.0,13.0,1430,1409.0,-21.0,0,0,,0.0,0.0,0.0,0.0,0.0,2015-10-21,0,0.0,0.0,0.0,0.0,0.0
2015,10,29,4,AA,2453,N876AA,12892,11298,705,700.0,-5.0,15.0,715.0,194.0,171.0,147.0,1235,1142.0,9.0,1219,1151.0,-28.0,0,0,,0.0,0.0,0.0,0.0,0.0,2015-10-29,0,0.0,0.0,0.0,0.0,0.0
2015,11,6,5,F9,1415,N941FR,MCO,STL,1355,1350.0,-5.0,20.0,1410.0,145.0,155.0,127.0,882,1517.0,8.0,1520,1525.0,5.0,0,0,,0.0,0.0,0.0,0.0,0.0,2015-11-06,0,0.0,0.0,0.0,0.0,0.0
2015,10,18,7,OO,5563,N979SW,11292,13433,1947,1945.0,-2.0,14.0,1959.0,110.0,99.0,81.0,604,2220.0,4.0,2237,2224.0,-13.0,0,0,,0.0,0.0,0.0,0.0,0.0,2015-10-18,0,0.0,0.0,0.0,0.0,0.0
2015,11,3,2,WN,4411,N272WN,MDW,MCO,1815,1812.0,-3.0,9.0,1821.0,150.0,144.0,127.0,990,2128.0,8.0,2145,2136.0,-9.0,0,0,,0.0,0.0,0.0,0.0,0.0,2015-11-03,0,0.0,0.0,0.0,0.0,0.0
2015,10,28,3,WN,2150,N646SW,14679,13796,1720,1718.0,-2.0,8.0,1726.0,85.0,81.0,68.0,446,1834.0,5.0,1845,1839.0,-6.0,0,0,,0.0,0.0,0.0,0.0,0.0,2015-10-28,0,0.0,0.0,0.0,0.0,0.0
2015,10,12,1,OO,6341,N738SK,11292,11109,1400,1406.0,6.0,17.0,1423.0,40.0,38.0,17.0,73,1440.0,4.0,1440,1444.0,4.0,0,0,,0.0,0.0,0.0,0.0,0.0,2015-10-12,0,0.0,0.0,0.0,0.0,0.0
2015,11,16,1,WN,429,N625SW,BUF,BWI,1625,1642.0,17.0,7.0,1649.0,70.0,61.0,50.0,281,1739.0,4.0,1735,1743.0,8.0,0,0,,0.0,0.0,0.0,0.0,0.0,2015-11-16,1,0.0,0.0,0.0,0.0,0.0
2015,11,1,7,WN,562,N406WN,PDX,SJC,2050,2045.0,-5.0,12.0,2057.0,105.0,107.0,92.0,569,2229.0,3.0,2235,2232.0,-3.0,0,0,,0.0,0.0,0.0,0.0,0.0,2015-11-01,0,0.0,0.0,0.0,0.0,0.0
2015,11,18,3,WN,2181,N387SW,DAY,BWI,1510,1505.0,-5.0,8.0,1513.0,80.0,78.0,64.0,406,1617.0,6.0,1630,1623.0,-7.0,0,0,,0.0,0.0,0.0,0.0,0.0,2015-11-18,0,0.0,0.0,0.0,0.0,0.0
2015,10,27,2,EV,5903,N17185,13930,11977,1550,1742.0,112.0,9.0,1751.0,57.0,52.0,37.0,173,1828.0,6.0,1647,1834.0,107.0,0,0,,0.0,0.0,107.0,0.0,0.0,2015-10-27,1,0.0,0.0,95.54,0.0,0.0
2015,10,23,5,WN,1832,N943WN,12889,13198,1410,1422.0,12.0,11.0,1433.0,165.0,151.0,136.0,1139,1849.0,4.0,1855,1853.0,-2.0,0,0,,0.0,0.0,0.0,0.0,0.0,2015-10-23,0,0.0,0.0,0.0,0.0,0.0
2015,11,1,7,UA,1960,N486UA,SFO,LAX,711,708.0,-3.0,19.0,727.0,105.0,79.0,48.0,337,815.0,12.0,856,827.0,-29.0,0,0,,0.0,0.0,0.0,0.0,0.0,2015-11-01,0,0.0,0.0,0.0,0.0,0.0
2015,10,28,3,AA,2508,N3GCAA,11298,10821,1335,1333.0,-2.0,19.0,1352.0,184.0,175.0,152.0,1217,1724.0,4.0,1739,1728.0,-11.0,0,0,,0.0,0.0,0.0,0.0,0.0,2015-10-28,0,0.0,0.0,0.0,0.0,0.0
2015,11,16,1,AA,2004,N953UW,ATL,PHL,1735,1729.0,-6.0,14.0,1743.0,116.0,112.0,95.0,666,1918.0,3.0,1931,1921.0,-10.0,0,0,,0.0,0.0,0.0,0.0,0.0,2015-11-16,0,0.0,0.0,0.0,0.0,0.0
2015,10,14,3,F9,705,N923FR,10397,13495,1910,2028.0,78.0,14.0,2042.0,100.0,82.0,59.0,425,2041.0,9.0,1950,2050.0,60.0,0,0,,57.0,0.0,3.0,0.0,0.0,2015-10-14,1,73.08,0.0,3.85,0.0,0.0
2015,11,2,1,DL,2821,N957AT,LAX,SJC,2215,2214.0,-1.0,16.0,2230.0,74.0,70.0,50.0,308,2320.0,4.0,2329,2324.0,-5.0,0,0,,0.0,0.0,0.0,0.0,0.0,2015-11-02,0,0.0,0.0,0.0,0.0,0.0
2015,10,26,1,WN,2852,N949WN,15016,10821,550,545.0,-5.0,11.0,556.0,125.0,132.0,91.0,738,827.0,30.0,855,857.0,2.0,0,0,,0.0,0.0,0.0,0.0,0.0,2015-10-26,0,0.0,0.0,0.0,0.0,0.0
2015,11,17,2,AA,139,N866AA,MIA,LAX,1225,1228.0,3.0,24.0,1252.0,355.0,345.0,316.0,2342,1508.0,5.0,1520,1513.0,-7.0,0,0,,0.0,0.0,0.0,0.0,0.0,2015-11-17,0,0.0,0.0,0.0,0.0,0.0
2015,10,26,1,OO,4733,N608SK,14831,14747,1840,1837.0,-3.0,18.0,1855.0,125.0,130.0,105.0,697,2040.0,7.0,2045,2047.0,2.0,0,0,,0.0,0.0,0.0,0.0,0.0,2015-10-26,0,0.0,0.0,0.0,0.0,0.0
2015,11,12,4,EV,5925,N11150,ORD,BUF,1047,1045.0,-2.0,18.0,1103.0,94.0,94.0,70.0,474,1313.0,6.0,1321,1319.0,-2.0,0,0,,0.0,0.0,0.0,0.0,0.0,2015-11-12,0,0.0,0.0,0.0,0.0,0.0
2015,10,11,7,WN,2917,N8617E,14679,13232,1040,1052.0,12.0,11.0,1103.0,235.0,221.0,207.0,1728,1630.0,3.0,1635,1633.0,-2.0,0,0,,0.0,0.0,0.0,0.0,0.0,2015-10-11,0,0.0,0.0,0.0,0.0,0.0
2015,10,25,7,DL,1120,N917DL,10529,11433,920,914.0,-6.0,11.0,925.0,115.0,109.0,92.0,549,1057.0,6.0,1115,1103.0,-12.0,0,0,,0.0,0.0,0.0,0.0,0.0,2015-10-25,0,0.0,0.0,0.0,0.0,0.0
2015,10,28,3,DL,2304,N946DN,10397,15304,2150,2210.0,20.0,18.0,2228.0,92.0,78.0,56.0,406,2324.0,4.0,2322,2328.0,6.0,0,0,,0.0,0.0,0.0,0.0,0.0,2015-10-28,1,0.0,0.0,0.0,0.0,0.0
2015,10,23,5,OO,4610,N641CA,14869,15041,1115,1107.0,-8.0,29.0,1136.0,68.0,70.0,39.0,222,1215.0,2.0,1223,1217.0,-6.0,0,0,,0.0,0.0,0.0,0.0,0.0,2015-10-23,0,0.0,0.0,0.0,0.0,0.0
2015,10,18,7,F9,124,N912FR,11292,11298,600,634.0,34.0,11.0,645.0,115.0,112.0,90.0,641,915.0,11.0,855,926.0,31.0,0,0,,0.0,0.0,31.0,0.0,0.0,2015-10-18,1,0.0,0.0,91.18,0.0,0.0
2015,11,5,4,MQ,3464,N604MQ,BWI,ORD,1753,1805.0,12.0,18.0,1823.0,152.0,135.0,101.0,622,1904.0,16.0,1925,1920.0,-5.0,0,0,,0.0,0.0,0.0,0.0,0.0,2015-11-05,0,0.0,0.0,0.0,0.0,0.0
2015,11,15,7,UA,1121,N33286,IAH,LAX,1600,1645.0,45.0,13.0,1658.0,230.0,234.0,216.0,1379,1834.0,5.0,1750,1839.0,49.0,0,0,,4.0,0.0,13.0,32.0,0.0,2015-11-15,1,8.89,0.0,28.89,71.11,0.0
2015,11,1,7,AA,1431,N4WLAA,COS,DFW,1120,1116.0,-4.0,17.0,1133.0,114.0,108.0,81.0,592,1354.0,10.0,1414,1404.0,-10.0,0,0,,0.0,0.0,0.0,0.0,0.0,2015-11-01,0,0.0,0.0,0.0,0.0,0.0
2015,10,21,3,AA,2210,N003AA,11298,14683,935,929.0,-6.0,17.0,946.0,67.0,70.0,48.0,247,1034.0,5.0,1042,1039.0,-3.0,0,0,,0.0,0.0,0.0,0.0,0.0,2015-10-21,0,0.0,0.0,0.0,0.0,0.0
2015,10,11,7,WN,3233,N730SW,10821,11042,925,923.0,-2.0,11.0,934.0,75.0,67.0,50.0,314,1024.0,6.0,1040,1030.0,-10.0,0,0,,0.0,0.0,0.0,0.0,0.0,2015-10-11,0,0.0,0.0,0.0,0.0,0.0
2015,10,21,3,AA,548,N673AW,14893,14107,1620,1612.0,-8.0,17.0,1629.0,107.0,125.0,103.0,647,1812.0,5.0,1807,1817.0,10.0,0,0,,0.0,0.0,0.0,0.0,0.0,2015-10-21,0,0.0,0.0,0.0,0.0,0.0
2015,10,19,1,OO,2869,N869AS,10140,12892,1526,1524.0,-2.0,15.0,1539.0,131.0,120.0,99.0,677,1618.0,6.0,1637,1624.0,-13.0,0,0,,0.0,0.0,0.0,0.0,0.0,2015-10-19,0,0.0,0.0,0.0,0.0,0.0
2015,11,19,4,AA,1424,N488AA,SAT,DFW,1809,1805.0,-4.0,9.0,1814.0,74.0,60.0,39.0,247,1853.0,12.0,1923,1905.0,-18.0,0,0,,0.0,0.0,0.0,0.0,0.0,2015-11-19,0,0.0,0.0,0.0,0.0,0.0
2015,10,27,2,DL,782,N994AT,13303,12478,700,1608.0,548.0,20.0,1628.0,175.0,170.0,141.0,1089,1849.0,9.0,955,1858.0,543.0,0,0,,0.0,0.0,503.0,40.0,0.0,2015-10-27,1,0.0,0.0,91.79,7.3,0.0
2015,11,19,4,EV,4892,N857AS,CAE,ATL,1520,1532.0,12.0,15.0,1547.0,66.0,62.0,42.0,192,1629.0,5.0,1626,1634.0,8.0,0,0,,0.0,0.0,0.0,0.0,0.0,2015-11-19,0,0.0,0.0,0.0,0.0,0.0
2015,11,7,6,DL,2265,N6712B,ATL,SFO,955,958.0,3.0,18.0,1016.0,322.0,299.0,276.0,2139,1152.0,5.0,1217,1157.0,-20.0,0,0,,0.0,0.0,0.0,0.0,0.0,2015-11-07,0,0.0,0.0,0.0,0.0,0.0
2015,10,30,5,MQ,3201,N845MQ,10990,12953,1500,1539.0,39.0,25.0,1604.0,81.0,104.0,56.0,305,1700.0,23.0,1621,1723.0,62.0,0,0,,23.0,0.0,13.0,26.0,0.0,2015-10-30,1,58.97,0.0,33.33,66.67,0.0
2015,10,27,2,DL,968,N963AT,13198,11433,1145,1142.0,-3.0,22.0,1204.0,114.0,129.0,95.0,629,1439.0,12.0,1439,1451.0,12.0,0,0,,0.0,0.0,0.0,0.0,0.0,2015-10-27,0,0.0,0.0,0.0,0.0,0.0
2015,11,11,3,WN,1340,N957WN,BNA,PNS,2100,2055.0,-5.0,10.0,2105.0,75.0,69.0,55.0,391,2200.0,4.0,2215,2204.0,-11.0,0,0,,0.0,0.0,0.0,0.0,0.0,2015-11-11,0,0.0,0.0,0.0,0.0,0.0
2015,11,7,6,F9,676,N206FR,DEN,MCO,701,656.0,-5.0,12.0,708.0,209.0,201.0,180.0,1546,1208.0,9.0,1230,1217.0,-13.0,0,0,,0.0,0.0,0.0,0.0,0.0,2015-11-07,0,0.0,0.0,0.0,0.0,0.0
2015,11,9,1,EV,5161,N751EV,LGA,CHO,1905,1859.0,-6.0,26.0,1925.0,94.0,85.0,55.0,305,2020.0,4.0,2039,2024.0,-15.0,0,0,,0.0,0.0,0.0,0.0,0.0,2015-11-09,0,0.0,0.0,0.0,0.0,0.0
2015,11,15,7,WN,1988,N288WN,DAL,OAK,945,946.0,1.0,9.0,955.0,235.0,222.0,208.0,1468,1123.0,5.0,1140,1128.0,-12.0,0,0,,0.0,0.0,0.0,0.0,0.0,2015-11-15,0,0.0,0.0,0.0,0.0,0.0
2015,11,19,4,NK,788,N529NK,LAS,DTW,2255,2254.0,-1.0,12.0,2306.0,220.0,204.0,185.0,1749,511.0,7.0,535,518.0,-17.0,0,0,,0.0,0.0,0.0,0.0,0.0,2015-11-19,0,0.0,0.0,0.0,0.0,0.0
2015,11,10,2,B6,1883,N955JB,JFK,MCO,1454,1450.0,-4.0,41.0,1531.0,177.0,188.0,137.0,944,1748.0,10.0,1751,1758.0,7.0,0,0,,0.0,0.0,0.0,0.0,0.0,2015-11-10,0,0.0,0.0,0.0,0.0,0.0
2015,11,19,4,AA,1289,N472AA,STL,ORD,1608,1727.0,79.0,11.0,1738.0,84.0,67.0,43.0,258,1821.0,13.0,1732,1834.0,62.0,0,0,,0.0,0.0,23.0,39.0,0.0,2015-11-19,1,0.0,0.0,29.11,49.37,0.0
2015,10,24,6,DL,1355,N305DQ,10397,11624,940,1003.0,23.0,25.0,1028.0,110.0,105.0,78.0,646,1146.0,2.0,1130,1148.0,18.0,0,0,,0.0,0.0,18.0,0.0,0.0,2015-10-24,1,0.0,0.0,78.26,0.0,0.0
2015,10,16,5,DL,1681,N916DL,10397,11066,735,747.0,12.0,13.0,800.0,89.0,82.0,65.0,447,905.0,4.0,904,909.0,5.0,0,0,,0.0,0.0,0.0,0.0,0.0,2015-10-16,0,0.0,0.0,0.0,0.0,0.0
2015,10,15,4,WN,2513,N942WN,14107,14747,920,919.0,-1.0,21.0,940.0,185.0,179.0,146.0,1107,1206.0,12.0,1225,1218.0,-7.0,0,0,,0.0,0.0,0.0,0.0,0.0,2015-10-15,0,0.0,0.0,0.0,0.0,0.0
2015,10,13,2,DL,2501,N915AT,12945,10397,600,601.0,1.0,10.0,611.0,78.0,70.0,57.0,304,708.0,3.0,718,711.0,-7.0,0,0,,0.0,0.0,0.0,0.0,0.0,2015-10-13,0,0.0,0.0,0.0,0.0,0.0
2015,11,3,2,MQ,3176,N809MQ,ABI,DFW,813,807.0,-6.0,10.0,817.0,63.0,57.0,39.0,158,856.0,8.0,916,904.0,-12.0,0,0,,0.0,0.0,0.0,0.0,0.0,2015-11-03,0,0.0,0.0,0.0,0.0,0.0
2015,10,15,4,WN,337,N558WN,10140,13796,645,641.0,-4.0,8.0,649.0,150.0,130.0,117.0,889,746.0,5.0,815,751.0,-24.0,0,0,,0.0,0.0,0.0,0.0,0.0,2015-10-15,0,0.0,0.0,0.0,0.0,0.0
2015,11,15,7,AA,2379,N5ECAA,MIA,STT,1815,1813.0,-2.0,19.0,1832.0,161.0,162.0,138.0,1107,2150.0,5.0,2156,2155.0,-1.0,0,0,,0.0,0.0,0.0,0.0,0.0,2015-11-15,0,0.0,0.0,0.0,0.0,0.0
2015,11,18,3,AA,1312,N3LCAA,PHX,JFK,1330,1502.0,92.0,12.0,1514.0,285.0,271.0,251.0,2153,2125.0,8.0,2015,2133.0,78.0,0,0,,0.0,0.0,7.0,71.0,0.0,2015-11-18,1,0.0,0.0,7.61,77.17,0.0
2015,10,26,1,AA,1129,N479AA,12339,11298,1610,1600.0,-10.0,14.0,1614.0,144.0,130.0,110.0,761,1704.0,6.0,1734,1710.0,-24.0,0,0,,0.0,0.0,0.0,0.0,0.0,2015-10-26,0,0.0,0.0,0.0,0.0,0.0
2015,11,3,2,WN,2029,N353SW,PHX,DEN,1435,1447.0,12.0,8.0,1455.0,105.0,92.0,77.0,602,1612.0,7.0,1620,1619.0,-1.0,0,0,,0.0,0.0,0.0,0.0,0.0,2015-11-03,0,0.0,0.0,0.0,0.0,0.0
2015,11,11,3,DL,1153,N963DN,ATL,BWI,1235,1236.0,1.0,11.0,1247.0,105.0,95.0,78.0,577,1405.0,6.0,1420,1411.0,-9.0,0,0,,0.0,0.0,0.0,0.0,0.0,2015-11-11,0,0.0,0.0,0.0,0.0,0.0
2015,11,3,2,OO,5159,N703SK,BOI,DEN,955,953.0,-2.0,12.0,1005.0,110.0,109.0,89.0,649,1134.0,8.0,1145,1142.0,-3.0,0,0,,0.0,0.0,0.0,0.0,0.0,2015-11-03,0,0.0,0.0,0.0,0.0,0.0
2015,11,16,1,HA,29,N388HA,SEA,OGG,1000,1000.0,0.0,16.0,1016.0,370.0,349.0,327.0,2640,1343.0,6.0,1410,1349.0,-21.0,0,0,,0.0,0.0,0.0,0.0,0.0,2015-11-16,0,0.0,0.0,0.0,0.0,0.0
2015,11,1,7,DL,2262,N723TW,LAX,JFK,1400,1517.0,77.0,13.0,1530.0,320.0,289.0,265.0,2475,2255.0,11.0,2220,2306.0,46.0,0,0,,0.0,0.0,33.0,13.0,0.0,2015-11-01,1,0.0,0.0,42.86,16.88,0.0
2015,11,5,4,AA,1425,N472AA,STL,ORD,1754,1752.0,-2.0,18.0,1810.0,87.0,84.0,50.0,258,1900.0,16.0,1921,1916.0,-5.0,0,0,,0.0,0.0,0.0,0.0,0.0,2015-11-05,0,0.0,0.0,0.0,0.0,0.0
2015,10,20,2,DL,2206,N327NB,10397,13931,1418,1421.0,3.0,8.0,1429.0,99.0,83.0,73.0,516,1542.0,2.0,1557,1544.0,-13.0,0,0,,0.0,0.0,0.0,0.0,0.0,2015-10-20,0,0.0,0.0,0.0,0.0,0.0
2015,10,18,7,DL,2388,N826DN,10397,12339,2219,2220.0,1.0,16.0,2236.0,92.0,86.0,64.0,432,2340.0,6.0,2351,2346.0,-5.0,0,0,,0.0,0.0,0.0,0.0,0.0,2015-10-18,0,0.0,0.0,0.0,0.0,0.0
2015,10,27,2,AA,524,N565UW,11298,14107,1515,1511.0,-4.0,35.0,1546.0,156.0,166.0,125.0,868,1551.0,6.0,1551,1557.0,6.0,0,0,,0.0,0.0,0.0,0.0,0.0,2015-10-27,0,0.0,0.0,0.0,0.0,0.0
2015,11,3,2,AS,719,N618AS,SLC,SEA,1045,1031.0,-14.0,11.0,1042.0,125.0,115.0,98.0,689,1120.0,6.0,1150,1126.0,-24.0,0,0,,0.0,0.0,0.0,0.0,0.0,2015-11-03,0,0.0,0.0,0.0,0.0,0.0
2015,11,6,5,OO,7431,N935SW,SLC,PIH,2151,2158.0,7.0,18.0,2216.0,51.0,52.0,29.0,150,2245.0,5.0,2242,2250.0,8.0,0,0,,0.0,0.0,0.0,0.0,0.0,2015-11-06,0,0.0,0.0,0.0,0.0,0.0
2015,10,17,6,B6,90,N537JB,14679,12478,2100,2101.0,1.0,13.0,2114.0,306.0,305.0,285.0,2446,459.0,7.0,506,506.0,0.0,0,0,,0.0,0.0,0.0,0.0,0.0,2015-10-17,0,0.0,0.0,0.0,0.0,0.0
2015,10,17,6,AA,1295,N503AA,11298,13930,1725,1721.0,-4.0,12.0,1733.0,150.0,151.0,112.0,802,1925.0,27.0,1955,1952.0,-3.0,0,0,,0.0,0.0,0.0,0.0,0.0,2015-10-17,0,0.0,0.0,0.0,0.0,0.0
2015,11,2,1,MQ,3388,N928MQ,CMH,MIA,600,555.0,-5.0,25.0,620.0,161.0,174.0,145.0,990,845.0,4.0,841,849.0,8.0,0,0,,0.0,0.0,0.0,0.0,0.0,2015-11-02,0,0.0,0.0,0.0,0.0,0.0
2015,10,26,1,UA,240,N415UA,12264,14679,1830,1827.0,-3.0,11.0,1838.0,340.0,313.0,299.0,2253,2037.0,3.0,2110,2040.0,-30.0,0,0,,0.0,0.0,0.0,0.0,0.0,2015-10-26,0,0.0,0.0,0.0,0.0,0.0
2015,11,11,3,AA,114,N3LTAA,ORD,SNA,700,652.0,-8.0,14.0,706.0,271.0,269.0,251.0,1726,917.0,4.0,931,921.0,-10.0,0,0,,0.0,0.0,0.0,0.0,0.0,2015-11-11,0,0.0,0.0,0.0,0.0,0.0
2015,11,16,1,WN,1680,N904WN,MSY,HOU,1405,1402.0,-3.0,22.0,1424.0,70.0,82.0,54.0,302,1518.0,6.0,1515,1524.0,9.0,0,0,,0.0,0.0,0.0,0.0,0.0,2015-11-16,0,0.0,0.0,0.0,0.0,0.0
2015,11,11,3,AA,1217,N4UBAA,DAY,DFW,609,608.0,-1.0,11.0,619.0,176.0,162.0,141.0,861,740.0,10.0,805,750.0,-15.0,0,0,,0.0,0.0,0.0,0.0,0.0,2015-11-11,0,0.0,0.0,0.0,0.0,0.0
2015,10,26,1,WN,2593,N367SW,14771,14679,1735,1807.0,32.0,9.0,1816.0,85.0,79.0,67.0,447,1923.0,3.0,1900,1926.0,26.0,0,0,,0.0,0.0,0.0,26.0,0.0,2015-10-26,1,0.0,0.0,0.0,81.25,0.0
2015,10,19,1,DL,1291,N832DN,14747,10397,740,745.0,5.0,12.0,757.0,286.0,278.0,256.0,2182,1513.0,10.0,1526,1523.0,-3.0,0,0,,0.0,0.0,0.0,0.0,0.0,2015-10-19,0,0.0,0.0,0.0,0.0,0.0
2015,10,29,4,AA,1277,N3KUAA,11057,13303,2230,2237.0,7.0,15.0,2252.0,121.0,111.0,89.0,650,21.0,7.0,31,28.0,-3.0,0,0,,0.0,0.0,0.0,0.0,0.0,2015-10-29,0,0.0,0.0,0.0,0.0,0.0
2015,10,17,6,WN,823,N566WN,12889,14057,825,819.0,-6.0,13.0,832.0,135.0,121.0,104.0,763,1016.0,4.0,1040,1020.0,-20.0,0,0,,0.0,0.0,0.0,0.0,0.0,2015-10-17,0,0.0,0.0,0.0,0.0,0.0
2015,10,15,4,UA,15,N76062,11618,12173,915,917.0,2.0,37.0,954.0,648.0,656.0,610.0,4962,1404.0,9.0,1403,1413.0,10.0,0,0,,0.0,0.0,0.0,0.0,0.0,2015-10-15,0,0.0,0.0,0.0,0.0,0.0
2015,10,14,3,WN,420,N7729A,13232,10397,535,531.0,-4.0,8.0,539.0,110.0,92.0,77.0,591,756.0,7.0,825,803.0,-22.0,0,0,,0.0,0.0,0.0,0.0,0.0,2015-10-14,0,0.0,0.0,0.0,0.0,0.0
2015,11,17,2,WN,282,N717SA,SAT,PHX,1330,1352.0,22.0,8.0,1400.0,145.0,140.0,124.0,843,1504.0,8.0,1455,1512.0,17.0,0,0,,0.0,0.0,2.0,15.0,0.0,2015-11-17,1,0.0,0.0,9.09,68.18,0.0
2015,10,19,1,OO,4618,N897SK,14107,14869,1645,1723.0,38.0,15.0,1738.0,98.0,83.0,64.0,507,1942.0,4.0,1923,1946.0,23.0,0,0,,0.0,0.0,0.0,23.0,0.0,2015-10-19,1,0.0,0.0,0.0,60.53,0.0
2015,11,18,3,WN,295,N7813P,OAK,LAS,1250,1252.0,2.0,7.0,1259.0,85.0,78.0,65.0,407,1404.0,6.0,1415,1410.0,-5.0,0,0,,0.0,0.0,0.0,0.0,0.0,2015-11-18,0,0.0,0.0,0.0,0.0,0.0
2015,11,18,3,F9,818,N924FR,DEN,MCI,845,837.0,-8.0,14.0,851.0,91.0,90.0,70.0,533,1101.0,6.0,1116,1107.0,-9.0,0,0,,0.0,0.0,0.0,0.0,0.0,2015-11-18,0,0.0,0.0,0.0,0.0,0.0
2015,11,19,4,AA,1065,N3EYAA,FLL,ORD,1320,1319.0,-1.0,17.0,1336.0,216.0,181.0,153.0,1182,1509.0,11.0,1556,1520.0,-36.0,0,0,,0.0,0.0,0.0,0.0,0.0,2015-11-19,0,0.0,0.0,0.0,0.0,0.0
2015,10,14,3,WN,333,N440LV,11292,11986,1030,1030.0,0.0,16.0,1046.0,145.0,135.0,114.0,1015,1440.0,5.0,1455,1445.0,-10.0,0,0,,0.0,0.0,0.0,0.0,0.0,2015-10-14,0,0.0,0.0,0.0,0.0,0.0
2015,10,17,6,F9,1358,N927FR,14771,14107,1645,1641.0,-4.0,18.0,1659.0,120.0,117.0,93.0,651,1832.0,6.0,1845,1838.0,-7.0,0,0,,0.0,0.0,0.0,0.0,0.0,2015-10-17,0,0.0,0.0,0.0,0.0,0.0
2015,10,12,1,OO,4691,N675BR,10849,14869,1300,1257.0,-3.0,14.0,1311.0,77.0,81.0,59.0,347,1410.0,8.0,1417,1418.0,1.0,0,0,,0.0,0.0,0.0,0.0,0.0,2015-10-12,0,0.0,0.0,0.0,0.0,0.0
2015,10,15,4,WN,2514,N942WN,13796,14107,1540,1542.0,2.0,9.0,1551.0,115.0,106.0,91.0,646,1722.0,6.0,1735,1728.0,-7.0,0,0,,0.0,0.0,0.0,0.0,0.0,2015-10-15,0,0.0,0.0,0.0,0.0,0.0
2015,10,14,3,WN,4177,N439WN,11292,14831,1245,1330.0,45.0,12.0,1342.0,155.0,141.0,124.0,948,1446.0,5.0,1420,1451.0,31.0,0,0,,0.0,0.0,31.0,0.0,0.0,2015-10-14,1,0.0,0.0,68.89,0.0,0.0
2015,11,8,7,AS,457,N791AS,SEA,BLI,2115,2112.0,-3.0,11.0,2123.0,46.0,38.0,23.0,93,2146.0,4.0,2201,2150.0,-11.0,0,0,,0.0,0.0,0.0,0.0,0.0,2015-11-08,0,0.0,0.0,0.0,0.0,0.0
2015,10,23,5,OO,4844,N641CA,14771,14869,1805,1759.0,-6.0,19.0,1818.0,109.0,103.0,77.0,599,2035.0,7.0,2054,2042.0,-12.0,0,0,,0.0,0.0,0.0,0.0,0.0,2015-10-23,0,0.0,0.0,0.0,0.0,0.0
2015,11,3,2,AS,868,N538AS,LIH,OAK,1545,1534.0,-11.0,13.0,1547.0,311.0,316.0,298.0,2457,2245.0,5.0,2256,2250.0,-6.0,0,0,,0.0,0.0,0.0,0.0,0.0,2015-11-03,0,0.0,0.0,0.0,0.0,0.0
2015,11,13,5,UA,1682,N479UA,MSY,EWR,1511,1545.0,34.0,26.0,1611.0,174.0,167.0,134.0,1167,1925.0,7.0,1905,1932.0,27.0,0,0,,27.0,0.0,0.0,0.0,0.0,2015-11-13,1,79.41,0.0,0.0,0.0,0.0
2015,10,13,2,EV,5834,N16987,14122,11618,1319,1310.0,-9.0,23.0,1333.0,91.0,92.0,56.0,319,1429.0,13.0,1450,1442.0,-8.0,0,0,,0.0,0.0,0.0,0.0,0.0,2015-10-13,0,0.0,0.0,0.0,0.0,0.0
2015,10,14,3,WN,3192,N242WN,10397,12191,1640,1641.0,1.0,12.0,1653.0,135.0,126.0,107.0,696,1740.0,7.0,1755,1747.0,-8.0,0,0,,0.0,0.0,0.0,0.0,0.0,2015-10-14,0,0.0,0.0,0.0,0.0,0.0
2015,10,17,6,DL,2612,N968AT,10397,11612,2115,2112.0,-3.0,11.0,2123.0,83.0,72.0,57.0,350,2120.0,4.0,2138,2124.0,-14.0,0,0,,0.0,0.0,0.0,0.0,0.0,2015-10-17,0,0.0,0.0,0.0,0.0,0.0
2015,11,18,3,DL,476,N189DN,SFO,JFK,830,831.0,1.0,29.0,900.0,329.0,340.0,304.0,2586,1704.0,7.0,1659,1711.0,12.0,0,0,,0.0,0.0,0.0,0.0,0.0,2015-11-18,0,0.0,0.0,0.0,0.0,0.0
2015,11,12,4,DL,1637,N675DL,BWI,DTW,1947,1941.0,-6.0,15.0,1956.0,96.0,93.0,72.0,409,2108.0,6.0,2123,2114.0,-9.0,0,0,,0.0,0.0,0.0,0.0,0.0,2015-11-12,0,0.0,0.0,0.0,0.0,0.0
2015,11,18,3,DL,2118,N595NW,MCO,ATL,1025,1026.0,1.0,20.0,1046.0,90.0,93.0,64.0,404,1150.0,9.0,1155,1159.0,4.0,0,0,,0.0,0.0,0.0,0.0,0.0,2015-11-18,0,0.0,0.0,0.0,0.0,0.0
2015,11,18,3,DL,2231,N396DA,LGA,DTW,1630,1630.0,0.0,18.0,1648.0,131.0,104.0,80.0,502,1808.0,6.0,1841,1814.0,-27.0,0,0,,0.0,0.0,0.0,0.0,0.0,2015-11-18,0,0.0,0.0,0.0,0.0,0.0
2015,10,24,6,OO,6510,N947SW,12892,11109,1755,1750.0,-5.0,19.0,1809.0,137.0,140.0,114.0,833,2103.0,7.0,2112,2110.0,-2.0,0,0,,0.0,0.0,0.0,0.0,0.0,2015-10-24,0,0.0,0.0,0.0,0.0,0.0
2015,11,12,4,AA,1933,N948UW,PIT,PHL,720,714.0,-6.0,47.0,801.0,91.0,103.0,47.0,268,848.0,9.0,851,857.0,6.0,0,0,,0.0,0.0,0.0,0.0,0.0,2015-11-12,0,0.0,0.0,0.0,0.0,0.0
2015,10,21,3,MQ,3511,N602MQ,10469,13930,1122,1118.0,-4.0,8.0,1126.0,59.0,48.0,32.0,122,1058.0,8.0,1121,1106.0,-15.0,0,0,,0.0,0.0,0.0,0.0,0.0,2015-10-21,0,0.0,0.0,0.0,0.0,0.0
2015,11,18,3,DL,872,N922DX,DCA,ATL,659,653.0,-6.0,28.0,721.0,119.0,130.0,94.0,547,855.0,8.0,858,903.0,5.0,0,0,,0.0,0.0,0.0,0.0,0.0,2015-11-18,0,0.0,0.0,0.0,0.0,0.0
2015,10,20,2,AA,1137,N4XXAA,11298,13256,1520,1514.0,-6.0,13.0,1527.0,96.0,87.0,70.0,469,1637.0,4.0,1656,1641.0,-15.0,0,0,,0.0,0.0,0.0,0.0,0.0,2015-10-20,0,0.0,0.0,0.0,0.0,0.0
2015,11,10,2,DL,1980,N385DN,PDX,SLC,715,707.0,-8.0,12.0,719.0,108.0,111.0,93.0,630,952.0,6.0,1003,958.0,-5.0,0,0,,0.0,0.0,0.0,0.0,0.0,2015-11-10,0,0.0,0.0,0.0,0.0,0.0
2015,10,31,6,AA,305,N3BGAA,13204,13930,1715,1712.0,-3.0,15.0,1727.0,178.0,172.0,140.0,1005,1847.0,17.0,1913,1904.0,-9.0,0,0,,0.0,0.0,0.0,0.0,0.0,2015-10-31,0,0.0,0.0,0.0,0.0,0.0
2015,11,18,3,WN,1403,N8667D,MDW,DAL,1710,1707.0,-3.0,11.0,1718.0,145.0,137.0,119.0,793,1917.0,7.0,1935,1924.0,-11.0,0,0,,0.0,0.0,0.0,0.0,0.0,2015-11-18,0,0.0,0.0,0.0,0.0,0.0
2015,10,22,4,WN,1775,N444WN,12339,13198,605,600.0,-5.0,8.0,608.0,95.0,85.0,72.0,451,620.0,5.0,640,625.0,-15.0,0,0,,0.0,0.0,0.0,0.0,0.0,2015-10-22,0,0.0,0.0,0.0,0.0,0.0
2015,10,21,3,B6,1272,N641JB,11697,12953,1241,1236.0,-5.0,11.0,1247.0,169.0,161.0,144.0,1076,1511.0,6.0,1530,1517.0,-13.0,0,0,,0.0,0.0,0.0,0.0,0.0,2015-10-21,0,0.0,0.0,0.0,0.0,0.0
2015,10,27,2,OO,5212,N702SK,12992,11292,1647,1639.0,-8.0,13.0,1652.0,140.0,127.0,110.0,771,1742.0,4.0,1807,1746.0,-21.0,0,0,,0.0,0.0,0.0,0.0,0.0,2015-10-27,0,0.0,0.0,0.0,0.0,0.0
2015,10,28,3,AA,942,N3AEAA,12478,13303,1100,1100.0,0.0,21.0,1121.0,187.0,179.0,156.0,1089,1357.0,2.0,1407,1359.0,-8.0,0,0,,0.0,0.0,0.0,0.0,0.0,2015-10-28,0,0.0,0.0,0.0,0.0,0.0
2015,10,20,2,WN,2347,N8623F,11433,13232,1630,1631.0,1.0,30.0,1701.0,70.0,82.0,47.0,228,1648.0,5.0,1640,1653.0,13.0,0,0,,0.0,0.0,0.0,0.0,0.0,2015-10-20,0,0.0,0.0,0.0,0.0,0.0
2015,10,30,5,WN,3247,N8659D,12191,14107,1845,1902.0,17.0,13.0,1915.0,170.0,165.0,149.0,1020,1944.0,3.0,1935,1947.0,12.0,0,0,,0.0,0.0,0.0,0.0,0.0,2015-10-30,1,0.0,0.0,0.0,0.0,0.0
2015,11,12,4,OO,5460,N986SW,RDD,SFO,530,522.0,-8.0,16.0,538.0,70.0,60.0,41.0,199,619.0,3.0,640,622.0,-18.0,0,0,,0.0,0.0,0.0,0.0,0.0,2015-11-12,0,0.0,0.0,0.0,0.0,0.0
2015,10,15,4,DL,2424,N823DN,14747,11433,1348,1408.0,20.0,17.0,1425.0,253.0,239.0,212.0,1927,2057.0,10.0,2101,2107.0,6.0,0,0,,0.0,0.0,0.0,0.0,0.0,2015-10-15,1,0.0,0.0,0.0,0.0,0.0
2015,10,20,2,AA,1323,N479AA,13930,15016,1841,1838.0,-3.0,20.0,1858.0,78.0,73.0,50.0,258,1948.0,3.0,1959,1951.0,-8.0,0,0,,0.0,0.0,0.0,0.0,0.0,2015-10-20,0,0.0,0.0,0.0,0.0,0.0
2015,10,21,3,WN,2254,N942WN,13232,11618,930,926.0,-4.0,6.0,932.0,125.0,119.0,92.0,711,1204.0,21.0,1235,1225.0,-10.0,0,0,,0.0,0.0,0.0,0.0,0.0,2015-10-21,0,0.0,0.0,0.0,0.0,0.0
2015,10,13,2,OO,6328,N701BR,11540,11292,1240,1228.0,-12.0,15.0,1243.0,110.0,111.0,87.0,563,1410.0,9.0,1430,1419.0,-11.0,0,0,,0.0,0.0,0.0,0.0,0.0,2015-10-13,0,0.0,0.0,0.0,0.0,0.0
2015,10,21,3,DL,1075,N804DN,13198,10397,1655,1702.0,7.0,8.0,1710.0,119.0,121.0,97.0,692,1947.0,16.0,1954,2003.0,9.0,0,0,,0.0,0.0,0.0,0.0,0.0,2015-10-21,0,0.0,0.0,0.0,0.0,0.0
2015,11,19,4,OO,4495,N988CA,GRB,MSP,1434,1429.0,-5.0,10.0,1439.0,74.0,65.0,50.0,252,1529.0,5.0,1548,1534.0,-14.0,0,0,,0.0,0.0,0.0,0.0,0.0,2015-11-19,0,0.0,0.0,0.0,0.0,0.0
2015,10,29,4,WN,3196,N462WN,15376,11292,605,605.0,0.0,13.0,618.0,110.0,103.0,82.0,639,840.0,8.0,855,848.0,-7.0,0,0,,0.0,0.0,0.0,0.0,0.0,2015-10-29,0,0.0,0.0,0.0,0.0,0.0
2015,10,21,3,AA,1118,N3KGAA,11298,12953,1306,1307.0,1.0,12.0,1319.0,204.0,190.0,173.0,1389,1712.0,5.0,1730,1717.0,-13.0,0,0,,0.0,0.0,0.0,0.0,0.0,2015-10-21,0,0.0,0.0,0.0,0.0,0.0
2015,11,11,3,WN,849,N7739A,MDW,LGA,1320,1336.0,16.0,20.0,1356.0,125.0,125.0,99.0,725,1635.0,6.0,1625,1641.0,16.0,0,0,,16.0,0.0,0.0,0.0,0.0,2015-11-11,1,100.0,0.0,0.0,0.0,0.0
2015,11,11,3,WN,2510,N628SW,LAS,ONT,805,804.0,-1.0,12.0,816.0,55.0,52.0,36.0,197,852.0,4.0,900,856.0,-4.0,0,0,,0.0,0.0,0.0,0.0,0.0,2015-11-11,0,0.0,0.0,0.0,0.0,0.0
2015,11,13,5,WN,2529,N223WN,SLC,LAS,1410,1407.0,-3.0,12.0,1419.0,80.0,70.0,53.0,368,1412.0,5.0,1430,1417.0,-13.0,0,0,,0.0,0.0,0.0,0.0,0.0,2015-11-13,0,0.0,0.0,0.0,0.0,0.0
2015,11,9,1,WN,2125,N557WN,OAK,PDX,1615,1615.0,0.0,8.0,1623.0,100.0,89.0,77.0,543,1740.0,4.0,1755,1744.0,-11.0,0,0,,0.0,0.0,0.0,0.0,0.0,2015-11-09,0,0.0,0.0,0.0,0.0,0.0
2015,10,27,2,AA,1962,N647AW,15304,11057,1335,1334.0,-1.0,13.0,1347.0,101.0,104.0,77.0,507,1504.0,14.0,1516,1518.0,2.0,0,0,,0.0,0.0,0.0,0.0,0.0,2015-10-27,0,0.0,0.0,0.0,0.0,0.0
2015,10,18,7,DL,1215,N925DL,12323,10397,725,725.0,0.0,9.0,734.0,93.0,92.0,71.0,377,845.0,12.0,858,857.0,-1.0,0,0,,0.0,0.0,0.0,0.0,0.0,2015-10-18,0,0.0,0.0,0.0,0.0,0.0
2015,10,21,3,OO,6534,N141SY,14492,11292,816,816.0,0.0,15.0,831.0,239.0,232.0,211.0,1436,1002.0,6.0,1015,1008.0,-7.0,0,0,,0.0,0.0,0.0,0.0,0.0,2015-10-21,0,0.0,0.0,0.0,0.0,0.0
2015,10,24,6,AA,594,N807AW,14107,12266,1520,1531.0,11.0,16.0,1547.0,153.0,159.0,134.0,1009,2001.0,9.0,1953,2010.0,17.0,0,0,,6.0,0.0,11.0,0.0,0.0,2015-10-24,0,54.55,0.0,100.0,0.0,0.0
2015,11,2,1,AS,729,N548AS,IAD,SEA,1850,1833.0,-17.0,17.0,1850.0,365.0,368.0,343.0,2306,2133.0,8.0,2155,2141.0,-14.0,0,0,,0.0,0.0,0.0,0.0,0.0,2015-11-02,0,0.0,0.0,0.0,0.0,0.0
2015,11,11,3,DL,1648,N942AT,MDW,ATL,1225,1223.0,-2.0,14.0,1237.0,114.0,105.0,85.0,591,1502.0,6.0,1519,1508.0,-11.0,0,0,,0.0,0.0,0.0,0.0,0.0,2015-11-11,0,0.0,0.0,0.0,0.0,0.0
2015,10,11,7,WN,1944,N248WN,12191,13244,1245,1248.0,3.0,7.0,1255.0,85.0,80.0,69.0,484,1404.0,4.0,1410,1408.0,-2.0,0,0,,0.0,0.0,0.0,0.0,0.0,2015-10-11,0,0.0,0.0,0.0,0.0,0.0
2015,10,14,3,WN,3062,N212WN,10397,15304,1405,1419.0,14.0,11.0,1430.0,80.0,70.0,56.0,406,1526.0,3.0,1525,1529.0,4.0,0,0,,0.0,0.0,0.0,0.0,0.0,2015-10-14,0,0.0,0.0,0.0,0.0,0.0
2015,10,27,2,WN,888,N709SW,13796,11884,905,909.0,4.0,10.0,919.0,115.0,107.0,93.0,723,1052.0,4.0,1100,1056.0,-4.0,0,0,,0.0,0.0,0.0,0.0,0.0,2015-10-27,0,0.0,0.0,0.0,0.0,0.0
2015,11,15,7,AS,469,N525AS,LAX,SEA,1930,1923.0,-7.0,16.0,1939.0,163.0,175.0,143.0,954,2202.0,16.0,2213,2218.0,5.0,0,0,,0.0,0.0,0.0,0.0,0.0,2015-11-15,0,0.0,0.0,0.0,0.0,0.0
2015,11,16,1,UA,1619,N77518,EWR,TPA,1120,1125.0,5.0,14.0,1139.0,179.0,154.0,136.0,997,1355.0,4.0,1419,1359.0,-20.0,0,0,,0.0,0.0,0.0,0.0,0.0,2015-11-16,0,0.0,0.0,0.0,0.0,0.0
2015,11,1,7,AS,64,N765AS,KTN,SEA,1749,1740.0,-9.0,7.0,1747.0,110.0,99.0,86.0,680,2013.0,6.0,2039,2019.0,-20.0,0,0,,0.0,0.0,0.0,0.0,0.0,2015-11-01,0,0.0,0.0,0.0,0.0,0.0
2015,10,30,5,EV,5025,N716EV,14683,11433,705,709.0,4.0,30.0,739.0,188.0,191.0,153.0,1214,1112.0,8.0,1113,1120.0,7.0,0,0,,0.0,0.0,0.0,0.0,0.0,2015-10-30,0,0.0,0.0,0.0,0.0,0.0
2015,10,15,4,WN,1425,N442WN,13891,13796,1735,1737.0,2.0,6.0,1743.0,70.0,63.0,52.0,362,1835.0,5.0,1845,1840.0,-5.0,0,0,,0.0,0.0,0.0,0.0,0.0,2015-10-15,0,0.0,0.0,0.0,0.0,0.0
2015,10,11,7,EV,2851,N673AE,11298,13377,1559,1551.0,-8.0,17.0,1608.0,69.0,65.0,45.0,293,1653.0,3.0,1708,1656.0,-12.0,0,0,,0.0,0.0,0.0,0.0,0.0,2015-10-11,0,0.0,0.0,0.0,0.0,0.0
2015,11,15,7,OO,5305,N702BR,SBA,LAX,943,940.0,-3.0,15.0,955.0,57.0,55.0,28.0,89,1023.0,12.0,1040,1035.0,-5.0,0,0,,0.0,0.0,0.0,0.0,0.0,2015-11-15,0,0.0,0.0,0.0,0.0,0.0
2015,11,1,7,EV,6144,N14923,ABE,ORD,1739,1731.0,-8.0,14.0,1745.0,136.0,128.0,107.0,655,1832.0,7.0,1855,1839.0,-16.0,0,0,,0.0,0.0,0.0,0.0,0.0,2015-11-01,0,0.0,0.0,0.0,0.0,0.0
2015,10,18,7,EV,4947,N181PQ,13487,13485,1040,1036.0,-4.0,15.0,1051.0,63.0,58.0,40.0,228,1131.0,3.0,1143,1134.0,-9.0,0,0,,0.0,0.0,0.0,0.0,0.0,2015-10-18,0,0.0,0.0,0.0,0.0,0.0
2015,11,6,5,B6,51,N592JB,BOS,MCO,600,600.0,0.0,21.0,621.0,195.0,176.0,152.0,1121,853.0,3.0,915,856.0,-19.0,0,0,,0.0,0.0,0.0,0.0,0.0,2015-11-06,0,0.0,0.0,0.0,0.0,0.0
2015,10,20,2,OO,4637,N607SK,10713,14747,1530,1528.0,-2.0,11.0,1539.0,85.0,83.0,66.0,399,1545.0,6.0,1555,1551.0,-4.0,0,0,,0.0,0.0,0.0,0.0,0.0,2015-10-20,0,0.0,0.0,0.0,0.0,0.0
2015,10,25,7,DL,1763,N374NW,14869,11433,940,933.0,-7.0,11.0,944.0,210.0,188.0,166.0,1481,1430.0,11.0,1510,1441.0,-29.0,0,0,,0.0,0.0,0.0,0.0,0.0,2015-10-25,0,0.0,0.0,0.0,0.0,0.0
2015,11,14,6,OO,5659,N765SK,DEN,DFW,1650,1647.0,-3.0,12.0,1659.0,120.0,104.0,86.0,641,1925.0,6.0,1950,1931.0,-19.0,0,0,,0.0,0.0,0.0,0.0,0.0,2015-11-14,0,0.0,0.0,0.0,0.0,0.0
2015,10,13,2,DL,1723,N330NW,13487,14869,1440,1434.0,-6.0,19.0,1453.0,169.0,173.0,148.0,991,1621.0,6.0,1629,1627.0,-2.0,0,0,,0.0,0.0,0.0,0.0,0.0,2015-10-13,0,0.0,0.0,0.0,0.0,0.0
2015,11,2,1,WN,28,N230WN,BUF,BWI,605,602.0,-3.0,8.0,610.0,80.0,72.0,54.0,281,704.0,10.0,725,714.0,-11.0,0,0,,0.0,0.0,0.0,0.0,0.0,2015-11-02,0,0.0,0.0,0.0,0.0,0.0
2015,10,19,1,AS,62,N756AS,11630,10299,600,548.0,-12.0,22.0,610.0,65.0,70.0,43.0,261,653.0,5.0,705,658.0,-7.0,0,0,,0.0,0.0,0.0,0.0,0.0,2015-10-19,0,0.0,0.0,0.0,0.0,0.0
2015,10,22,4,DL,874,N957AT,12953,13303,930,944.0,14.0,16.0,1000.0,206.0,156.0,136.0,1096,1216.0,4.0,1256,1220.0,-36.0,0,0,,0.0,0.0,0.0,0.0,0.0,2015-10-22,0,0.0,0.0,0.0,0.0,0.0
2015,11,11,3,OO,4449,N447SW,ATW,MSP,1430,1440.0,10.0,18.0,1458.0,64.0,68.0,45.0,236,1543.0,5.0,1534,1548.0,14.0,0,0,,0.0,0.0,0.0,0.0,0.0,2015-11-11,0,0.0,0.0,0.0,0.0,0.0
2015,11,6,5,OO,5341,N932EV,HYS,DEN,1755,1750.0,-5.0,11.0,1801.0,76.0,74.0,55.0,298,1756.0,8.0,1811,1804.0,-7.0,0,0,,0.0,0.0,0.0,0.0,0.0,2015-11-06,0,0.0,0.0,0.0,0.0,0.0
2015,11,6,5,DL,1660,N943AT,CLT,MSP,1445,1444.0,-1.0,17.0,1501.0,179.0,150.0,130.0,930,1611.0,3.0,1644,1614.0,-30.0,0,0,,0.0,0.0,0.0,0.0,0.0,2015-11-06,0,0.0,0.0,0.0,0.0,0.0
2015,11,2,1,OO,4844,N689CA,PSC,MSP,710,701.0,-9.0,20.0,721.0,179.0,169.0,137.0,1254,1138.0,12.0,1209,1150.0,-19.0,0,0,,0.0,0.0,0.0,0.0,0.0,2015-11-02,0,0.0,0.0,0.0,0.0,0.0
2015,10,14,3,DL,1481,N958DL,12992,10397,600,554.0,-6.0,18.0,612.0,88.0,89.0,62.0,453,814.0,9.0,828,823.0,-5.0,0,0,,0.0,0.0,0.0,0.0,0.0,2015-10-14,0,0.0,0.0,0.0,0.0,0.0
2015,10,26,1,AA,1308,N3CEAA,14747,11298,645,642.0,-3.0,17.0,659.0,238.0,224.0,193.0,1660,1212.0,14.0,1243,1226.0,-17.0,0,0,,0.0,0.0,0.0,0.0,0.0,2015-10-26,0,0.0,0.0,0.0,0.0,0.0
2015,10,11,7,DL,2481,N999DN,13851,10397,1225,1223.0,-2.0,8.0,1231.0,125.0,116.0,99.0,761,1510.0,9.0,1530,1519.0,-11.0,0,0,,0.0,0.0,0.0,0.0,0.0,2015-10-11,0,0.0,0.0,0.0,0.0,0.0
2015,11,12,4,AA,1894,N971UY,PHL,DEN,755,753.0,-2.0,39.0,832.0,270.0,279.0,231.0,1558,1023.0,9.0,1025,1032.0,7.0,0,0,,0.0,0.0,0.0,0.0,0.0,2015-11-12,0,0.0,0.0,0.0,0.0,0.0
2015,11,4,3,UA,214,N39418,SFO,ORD,2232,2234.0,2.0,21.0,2255.0,248.0,256.0,225.0,1846,440.0,10.0,440,450.0,10.0,0,0,,0.0,0.0,0.0,0.0,0.0,2015-11-04,0,0.0,0.0,0.0,0.0,0.0
2015,10,11,7,VX,69,N633VA,12264,14771,1000,1000.0,0.0,9.0,1009.0,350.0,309.0,296.0,2419,1205.0,4.0,1250,1209.0,-41.0,0,0,,0.0,0.0,0.0,0.0,0.0,2015-10-11,0,0.0,0.0,0.0,0.0,0.0
2015,10,24,6,NK,1064,N521NK,13204,11042,1050,1104.0,14.0,13.0,1117.0,146.0,135.0,114.0,895,1311.0,8.0,1316,1319.0,3.0,0,0,,0.0,0.0,0.0,0.0,0.0,2015-10-24,0,0.0,0.0,0.0,0.0,0.0
2015,11,1,7,B6,1036,N588JB,FLL,SJU,1230,1230.0,0.0,9.0,1239.0,153.0,150.0,134.0,1046,1553.0,7.0,1603,1600.0,-3.0,0,0,,0.0,0.0,0.0,0.0,0.0,2015-11-01,0,0.0,0.0,0.0,0.0,0.0
2015,10,18,7,WN,2920,N553WN,13232,14730,1640,1636.0,-4.0,12.0,1648.0,65.0,60.0,44.0,271,1832.0,4.0,1845,1836.0,-9.0,0,0,,0.0,0.0,0.0,0.0,0.0,2015-10-18,0,0.0,0.0,0.0,0.0,0.0
2015,11,6,5,EV,4433,N15912,IAH,GRK,907,903.0,-4.0,29.0,932.0,61.0,64.0,31.0,166,1003.0,4.0,1008,1007.0,-1.0,0,0,,0.0,0.0,0.0,0.0,0.0,2015-11-06,0,0.0,0.0,0.0,0.0,0.0
2015,11,16,1,WN,2880,N701GS,IND,DEN,1625,1651.0,26.0,8.0,1659.0,180.0,161.0,144.0,977,1723.0,9.0,1725,1732.0,7.0,0,0,,0.0,0.0,0.0,0.0,0.0,2015-11-16,1,0.0,0.0,0.0,0.0,0.0
2015,10,20,2,EV,4164,N26549,11278,11042,1028,1022.0,-6.0,24.0,1046.0,85.0,88.0,58.0,310,1144.0,6.0,1153,1150.0,-3.0,0,0,,0.0,0.0,0.0,0.0,0.0,2015-10-20,0,0.0,0.0,0.0,0.0,0.0
2015,10,27,2,AA,1263,N3LAAA,12478,12889,730,725.0,-5.0,19.0,744.0,344.0,349.0,320.0,2248,1004.0,10.0,1014,1014.0,0.0,0,0,,0.0,0.0,0.0,0.0,0.0,2015-10-27,0,0.0,0.0,0.0,0.0,0.0
2015,11,15,7,AA,1214,N879AA,DFW,SAN,1710,1707.0,-3.0,15.0,1722.0,191.0,196.0,177.0,1171,1819.0,4.0,1821,1823.0,2.0,0,0,,0.0,0.0,0.0,0.0,0.0,2015-11-15,0,0.0,0.0,0.0,0.0,0.0
2015,11,18,3,DL,2127,N674DL,FLL,ATL,545,540.0,-5.0,14.0,554.0,106.0,108.0,83.0,581,717.0,11.0,731,728.0,-3.0,0,0,,0.0,0.0,0.0,0.0,0.0,2015-11-18,0,0.0,0.0,0.0,0.0,0.0
2015,10,14,3,UA,781,N417UA,12441,11292,721,715.0,-6.0,11.0,726.0,88.0,71.0,55.0,406,821.0,5.0,849,826.0,-23.0,0,0,,0.0,0.0,0.0,0.0,0.0,2015-10-14,0,0.0,0.0,0.0,0.0,0.0
2015,10,15,4,EV,6043,N12552,15919,13930,743,737.0,-6.0,22.0,759.0,106.0,117.0,83.0,522,922.0,12.0,929,934.0,5.0,0,0,,0.0,0.0,0.0,0.0,0.0,2015-10-15,0,0.0,0.0,0.0,0.0,0.0
2015,10,16,5,DL,321,N900PC,11278,10397,1100,1057.0,-3.0,18.0,1115.0,113.0,109.0,85.0,547,1240.0,6.0,1253,1246.0,-7.0,0,0,,0.0,0.0,0.0,0.0,0.0,2015-10-16,0,0.0,0.0,0.0,0.0,0.0
2015,11,12,4,EV,5362,N924EV,SHV,ATL,600,555.0,-5.0,9.0,604.0,99.0,98.0,79.0,551,823.0,10.0,839,833.0,-6.0,0,0,,0.0,0.0,0.0,0.0,0.0,2015-11-12,0,0.0,0.0,0.0,0.0,0.0
2015,11,18,3,WN,2465,N555LV,HOU,DEN,1435,1634.0,119.0,13.0,1647.0,150.0,149.0,129.0,883,1756.0,7.0,1605,1803.0,118.0,0,0,,0.0,0.0,0.0,0.0,118.0,2015-11-18,1,0.0,0.0,0.0,0.0,99.16
2015,10,23,5,EV,6143,N14993,11203,13930,540,537.0,-3.0,30.0,607.0,68.0,89.0,50.0,213,657.0,9.0,648,706.0,18.0,0,0,,18.0,0.0,0.0,0.0,0.0,2015-10-23,0,-600.0,-0.0,-0.0,-0.0,-0.0
2015,11,1,7,WN,254,N284WN,BNA,BOS,2000,1956.0,-4.0,7.0,2003.0,140.0,127.0,114.0,942,2257.0,6.0,2320,2303.0,-17.0,0,0,,0.0,0.0,0.0,0.0,0.0,2015-11-01,0,0.0,0.0,0.0,0.0,0.0
2015,10,21,3,WN,511,N7713A,12191,11057,1520,1527.0,7.0,7.0,1534.0,140.0,134.0,118.0,920,1832.0,9.0,1840,1841.0,1.0,0,0,,0.0,0.0,0.0,0.0,0.0,2015-10-21,0,0.0,0.0,0.0,0.0,0.0
2015,10,14,3,OO,2929,N864AS,13342,13930,1525,1758.0,153.0,13.0,1811.0,55.0,48.0,20.0,67,1831.0,15.0,1620,1846.0,146.0,0,0,,0.0,0.0,146.0,0.0,0.0,2015-10-14,1,0.0,0.0,95.42,0.0,0.0
2015,10,14,3,WN,3130,N249WN,12889,13796,830,827.0,-3.0,12.0,839.0,90.0,90.0,59.0,407,938.0,19.0,1000,957.0,-3.0,0,0,,0.0,0.0,0.0,0.0,0.0,2015-10-14,0,0.0,0.0,0.0,0.0,0.0
2015,10,12,1,AA,1815,N714US,11057,14122,1145,1139.0,-6.0,21.0,1200.0,88.0,78.0,55.0,366,1255.0,2.0,1313,1257.0,-16.0,0,0,,0.0,0.0,0.0,0.0,0.0,2015-10-12,0,0.0,0.0,0.0,0.0,0.0
2015,10,13,2,AA,1841,N722US,15304,11278,1855,1850.0,-5.0,14.0,1904.0,129.0,130.0,104.0,814,2048.0,12.0,2104,2100.0,-4.0,0,0,,0.0,0.0,0.0,0.0,0.0,2015-10-13,0,0.0,0.0,0.0,0.0,0.0
2015,10,12,1,AA,142,N3LSAA,14831,13930,700,651.0,-9.0,14.0,705.0,253.0,247.0,217.0,1829,1242.0,16.0,1313,1258.0,-15.0,0,0,,0.0,0.0,0.0,0.0,0.0,2015-10-12,0,0.0,0.0,0.0,0.0,0.0
2015,10,31,6,WN,4830,N219WN,12892,12889,825,824.0,-1.0,7.0,831.0,65.0,56.0,42.0,236,913.0,7.0,930,920.0,-10.0,0,0,,0.0,0.0,0.0,0.0,0.0,2015-10-31,0,0.0,0.0,0.0,0.0,0.0
2015,10,14,3,MQ,3467,N931MQ,13930,10821,1516,1513.0,-3.0,14.0,1527.0,128.0,108.0,86.0,622,1753.0,8.0,1824,1801.0,-23.0,0,0,,0.0,0.0,0.0,0.0,0.0,2015-10-14,0,0.0,0.0,0.0,0.0,0.0
2015,11,17,2,WN,2771,N703SW,DSM,LAS,1350,1347.0,-3.0,10.0,1357.0,200.0,195.0,155.0,1216,1432.0,30.0,1510,1502.0,-8.0,0,0,,0.0,0.0,0.0,0.0,0.0,2015-11-17,0,0.0,0.0,0.0,0.0,0.0
2015,11,12,4,WN,2321,N550WN,SAT,DAL,535,532.0,-3.0,9.0,541.0,60.0,57.0,41.0,248,622.0,7.0,635,629.0,-6.0,0,0,,0.0,0.0,0.0,0.0,0.0,2015-11-12,0,0.0,0.0,0.0,0.0,0.0
2015,10,16,5,EV,4528,N14570,12266,15016,1535,1723.0,108.0,13.0,1736.0,126.0,115.0,98.0,667,1914.0,4.0,1741,1918.0,97.0,0,0,,0.0,0.0,0.0,97.0,0.0,2015-10-16,1,0.0,0.0,0.0,89.81,0.0
2015,11,7,6,EV,4455,N14923,IAH,ICT,1250,1337.0,47.0,21.0,1358.0,106.0,98.0,74.0,542,1512.0,3.0,1436,1515.0,39.0,0,0,,0.0,0.0,30.0,9.0,0.0,2015-11-07,1,0.0,0.0,63.83,19.15,0.0
2015,11,9,1,DL,128,N994AT,SEA,LAX,857,857.0,0.0,20.0,917.0,168.0,167.0,137.0,954,1134.0,10.0,1145,1144.0,-1.0,0,0,,0.0,0.0,0.0,0.0,0.0,2015-11-09,0,0.0,0.0,0.0,0.0,0.0
2015,10,31,6,AA,893,N127UW,11057,13930,1315,1312.0,-3.0,27.0,1339.0,133.0,125.0,94.0,599,1413.0,4.0,1428,1417.0,-11.0,0,0,,0.0,0.0,0.0,0.0,0.0,2015-10-31,0,0.0,0.0,0.0,0.0,0.0
2015,10,19,1,UA,270,N851UA,11066,11292,914,911.0,-3.0,11.0,922.0,197.0,187.0,158.0,1154,1000.0,18.0,1031,1018.0,-13.0,0,0,,0.0,0.0,0.0,0.0,0.0,2015-10-19,0,0.0,0.0,0.0,0.0,0.0
2015,11,2,1,AA,1044,N009AA,IAH,MIA,500,457.0,-3.0,16.0,513.0,143.0,142.0,121.0,964,814.0,5.0,823,819.0,-4.0,0,0,,0.0,0.0,0.0,0.0,0.0,2015-11-02,0,0.0,0.0,0.0,0.0,0.0
2015,11,4,3,WN,1183,N7723E,LAS,SNA,1025,1048.0,23.0,12.0,1100.0,60.0,63.0,47.0,226,1147.0,4.0,1125,1151.0,26.0,0,0,,3.0,0.0,23.0,0.0,0.0,2015-11-04,1,13.04,0.0,100.0,0.0,0.0
2015,11,19,4,DL,2368,N355NW,MCO,LGA,1300,1254.0,-6.0,14.0,1308.0,155.0,176.0,157.0,950,1545.0,5.0,1535,1550.0,15.0,0,0,,15.0,0.0,0.0,0.0,0.0,2015-11-19,0,-250.0,-0.0,-0.0,-0.0,-0.0
2015,11,4,3,DL,2454,N67171,SNA,ATL,645,643.0,-2.0,32.0,715.0,263.0,254.0,212.0,1919,1347.0,10.0,1408,1357.0,-11.0,0,0,,0.0,0.0,0.0,0.0,0.0,2015-11-04,0,0.0,0.0,0.0,0.0,0.0
2015,10,23,5,AA,1674,N3KHAA,11697,11298,1350,1347.0,-3.0,25.0,1412.0,198.0,291.0,191.0,1119,1623.0,75.0,1608,1738.0,90.0,0,0,,90.0,0.0,0.0,0.0,0.0,2015-10-23,0,-3000.0,-0.0,-0.0,-0.0,-0.0
2015,11,1,7,UA,231,N489UA,IAD,SAN,1230,1226.0,-4.0,14.0,1240.0,340.0,315.0,298.0,2253,1438.0,3.0,1510,1441.0,-29.0,0,0,,0.0,0.0,0.0,0.0,0.0,2015-11-01,0,0.0,0.0,0.0,0.0,0.0
2015,11,19,4,OO,6358,N471CA,IDA,DEN,722,724.0,2.0,12.0,736.0,98.0,79.0,61.0,458,837.0,6.0,900,843.0,-17.0,0,0,,0.0,0.0,0.0,0.0,0.0,2015-11-19,0,0.0,0.0,0.0,0.0,0.0
2015,11,18,3,OO,2893,N866AS,SLC,LAX,1704,1720.0,16.0,17.0,1737.0,126.0,108.0,87.0,590,1804.0,4.0,1810,1808.0,-2.0,0,0,,0.0,0.0,0.0,0.0,0.0,2015-11-18,1,0.0,0.0,0.0,0.0,0.0
2015,10,23,5,DL,1440,N372NW,13487,14869,1125,1123.0,-2.0,13.0,1136.0,168.0,155.0,138.0,991,1254.0,4.0,1313,1258.0,-15.0,0,0,,0.0,0.0,0.0,0.0,0.0,2015-10-23,0,0.0,0.0,0.0,0.0,0.0
2015,10,19,1,OO,4758,N603QX,14747,11884,740,733.0,-7.0,20.0,753.0,65.0,67.0,42.0,224,835.0,5.0,845,840.0,-5.0,0,0,,0.0,0.0,0.0,0.0,0.0,2015-10-19,0,0.0,0.0,0.0,0.0,0.0
2015,11,12,4,AA,2324,N501AA,RIC,DFW,1826,1821.0,-5.0,13.0,1834.0,212.0,208.0,187.0,1158,2041.0,8.0,2058,2049.0,-9.0,0,0,,0.0,0.0,0.0,0.0,0.0,2015-11-12,0,0.0,0.0,0.0,0.0,0.0
2015,10,31,6,B6,862,N657JB,14843,10721,1831,1825.0,-6.0,10.0,1835.0,241.0,239.0,225.0,1674,2220.0,4.0,2232,2224.0,-8.0,0,0,,0.0,0.0,0.0,0.0,0.0,2015-10-31,0,0.0,0.0,0.0,0.0,0.0
2015,10,21,3,AA,1893,N716UW,11057,10423,2210,2207.0,-3.0,13.0,2220.0,169.0,170.0,148.0,1032,2348.0,9.0,2359,2357.0,-2.0,0,0,,0.0,0.0,0.0,0.0,0.0,2015-10-21,0,0.0,0.0,0.0,0.0,0.0
2015,10,22,4,OO,5489,N751SK,12266,12451,1259,1257.0,-2.0,25.0,1322.0,125.0,129.0,100.0,817,1602.0,4.0,1604,1606.0,2.0,0,0,,0.0,0.0,0.0,0.0,0.0,2015-10-22,0,0.0,0.0,0.0,0.0,0.0
2015,10,29,4,UA,372,N53441,14107,14771,1516,1511.0,-5.0,36.0,1547.0,129.0,144.0,103.0,651,1730.0,5.0,1725,1735.0,10.0,0,0,,0.0,0.0,0.0,0.0,0.0,2015-10-29,0,0.0,0.0,0.0,0.0,0.0
2015,11,8,7,AA,1164,N3DRAA,DFW,LGA,1710,1707.0,-3.0,24.0,1731.0,196.0,189.0,155.0,1389,2106.0,10.0,2126,2116.0,-10.0,0,0,,0.0,0.0,0.0,0.0,0.0,2015-11-08,0,0.0,0.0,0.0,0.0,0.0
2015,11,4,3,AA,474,N925UY,PHX,MSP,945,942.0,-3.0,15.0,957.0,189.0,159.0,139.0,1276,1316.0,5.0,1354,1321.0,-33.0,0,0,,0.0,0.0,0.0,0.0,0.0,2015-11-04,0,0.0,0.0,0.0,0.0,0.0
2015,10,20,2,WN,150,N403WN,11292,12264,1225,1229.0,4.0,9.0,1238.0,200.0,201.0,183.0,1452,1741.0,9.0,1745,1750.0,5.0,0,0,,0.0,0.0,0.0,0.0,0.0,2015-10-20,0,0.0,0.0,0.0,0.0,0.0
2015,11,14,6,F9,366,N947FR,DEN,MKE,1445,1437.0,-8.0,14.0,1451.0,135.0,142.0,122.0,896,1753.0,6.0,1800,1759.0,-1.0,0,0,,0.0,0.0,0.0,0.0,0.0,2015-11-14,0,0.0,0.0,0.0,0.0,0.0
2015,10,15,4,AS,387,N478AS,14771,14057,1715,1710.0,-5.0,11.0,1721.0,105.0,89.0,74.0,550,1835.0,4.0,1900,1839.0,-21.0,0,0,,0.0,0.0,0.0,0.0,0.0,2015-10-15,0,0.0,0.0,0.0,0.0,0.0
2015,10,22,4,MQ,3638,N517MQ,15919,13930,1557,1553.0,-4.0,22.0,1615.0,107.0,108.0,75.0,522,1730.0,11.0,1744,1741.0,-3.0,0,0,,0.0,0.0,0.0,0.0,0.0,2015-10-22,0,0.0,0.0,0.0,0.0,0.0
2015,11,17,2,DL,2128,N581NW,DTW,MCO,1019,1017.0,-2.0,16.0,1033.0,161.0,143.0,120.0,957,1233.0,7.0,1300,1240.0,-20.0,0,0,,0.0,0.0,0.0,0.0,0.0,2015-11-17,0,0.0,0.0,0.0,0.0,0.0
2015,11,12,4,OO,7403,N823AS,MSP,HIB,1952,1951.0,-1.0,21.0,2012.0,69.0,63.0,37.0,174,2049.0,5.0,2101,2054.0,-7.0,0,0,,0.0,0.0,0.0,0.0,0.0,2015-11-12,0,0.0,0.0,0.0,0.0,0.0
2015,10,26,1,B6,2051,N643JB,10721,13204,2004,2002.0,-2.0,16.0,2018.0,191.0,174.0,155.0,1121,2253.0,3.0,2315,2256.0,-19.0,0,0,,0.0,0.0,0.0,0.0,0.0,2015-10-26,0,0.0,0.0,0.0,0.0,0.0
2015,11,15,7,WN,2031,N658SW,SFO,PHX,2115,2154.0,39.0,16.0,2210.0,110.0,105.0,84.0,651,34.0,5.0,5,39.0,34.0,0,0,,0.0,0.0,0.0,34.0,0.0,2015-11-15,1,0.0,0.0,0.0,87.18,0.0
2015,11,12,4,AA,521,N510UW,CLT,DEN,1150,1150.0,0.0,31.0,1221.0,234.0,258.0,218.0,1337,1359.0,9.0,1344,1408.0,24.0,0,0,,24.0,0.0,0.0,0.0,0.0,2015-11-12,0,inf,0.0,0.0,0.0,0.0
2015,11,17,2,DL,2768,N961AT,LAX,SFO,1500,1452.0,-8.0,15.0,1507.0,81.0,72.0,54.0,337,1601.0,3.0,1621,1604.0,-17.0,0,0,,0.0,0.0,0.0,0.0,0.0,2015-11-17,0,0.0,0.0,0.0,0.0,0.0
2015,10,30,5,WN,668,N8320J,13232,14492,2150,2201.0,11.0,15.0,2216.0,105.0,96.0,77.0,632,33.0,4.0,35,37.0,2.0,0,0,,0.0,0.0,0.0,0.0,0.0,2015-10-30,0,0.0,0.0,0.0,0.0,0.0
2015,11,16,1,B6,114,N192JB,FLL,HPN,800,754.0,-6.0,13.0,807.0,171.0,168.0,152.0,1097,1039.0,3.0,1051,1042.0,-9.0,0,0,,0.0,0.0,0.0,0.0,0.0,2015-11-16,0,0.0,0.0,0.0,0.0,0.0
2015,10,13,2,AA,1876,N752US,11278,13204,1725,1729.0,4.0,30.0,1759.0,139.0,159.0,112.0,759,1951.0,17.0,1944,2008.0,24.0,0,0,,20.0,0.0,3.0,1.0,0.0,2015-10-13,0,500.0,0.0,75.0,25.0,0.0
2015,10,28,3,MQ,3253,N650MQ,13930,11986,841,836.0,-5.0,15.0,851.0,61.0,48.0,26.0,137,1017.0,7.0,1042,1024.0,-18.0,0,0,,0.0,0.0,0.0,0.0,0.0,2015-10-28,0,0.0,0.0,0.0,0.0,0.0
2015,11,12,4,DL,1651,N951DN,LAS,MSP,1331,1334.0,3.0,19.0,1353.0,188.0,178.0,156.0,1299,1829.0,3.0,1839,1832.0,-7.0,0,0,,0.0,0.0,0.0,0.0,0.0,2015-11-12,0,0.0,0.0,0.0,0.0,0.0
2015,11,16,1,WN,3108,N787SA,LAX,SAT,1400,1451.0,51.0,19.0,1510.0,165.0,152.0,130.0,1211,1920.0,3.0,1845,1923.0,38.0,0,0,,0.0,0.0,0.0,38.0,0.0,2015-11-16,1,0.0,0.0,0.0,74.51,0.0
2015,11,16,1,AA,1986,N737US,PHL,MSP,1815,1808.0,-7.0,30.0,1838.0,188.0,189.0,154.0,980,2012.0,5.0,2023,2017.0,-6.0,0,0,,0.0,0.0,0.0,0.0,0.0,2015-11-16,0,0.0,0.0,0.0,0.0,0.0
2015,10,28,3,OO,5270,N909SW,11292,13433,1942,1945.0,3.0,26.0,2011.0,114.0,123.0,93.0,604,2244.0,4.0,2236,2248.0,12.0,0,0,,0.0,0.0,0.0,0.0,0.0,2015-10-28,0,0.0,0.0,0.0,0.0,0.0
2015,10,28,3,AA,261,N3CYAA,13930,13204,1500,1454.0,-6.0,14.0,1508.0,163.0,154.0,135.0,1005,1823.0,5.0,1843,1828.0,-15.0,0,0,,0.0,0.0,0.0,0.0,0.0,2015-10-28,0,0.0,0.0,0.0,0.0,0.0
2015,10,17,6,AA,480,N179UW,14057,14107,520,522.0,2.0,11.0,533.0,151.0,160.0,140.0,1009,753.0,9.0,751,802.0,11.0,0,0,,0.0,0.0,0.0,0.0,0.0,2015-10-17,0,0.0,0.0,0.0,0.0,0.0
2015,11,16,1,WN,2111,N8626B,PIT,LAS,730,725.0,-5.0,10.0,735.0,305.0,295.0,265.0,1910,900.0,20.0,935,920.0,-15.0,0,0,,0.0,0.0,0.0,0.0,0.0,2015-11-16,0,0.0,0.0,0.0,0.0,0.0
2015,10,14,3,UA,1167,N63820,11618,12892,1140,1156.0,16.0,18.0,1214.0,359.0,344.0,316.0,2454,1430.0,10.0,1439,1440.0,1.0,0,0,,0.0,0.0,0.0,0.0,0.0,2015-10-14,1,0.0,0.0,0.0,0.0,0.0
2015,10,18,7,WN,2342,N418WN,10800,13796,1735,1735.0,0.0,14.0,1749.0,70.0,72.0,52.0,325,1841.0,6.0,1845,1847.0,2.0,0,0,,0.0,0.0,0.0,0.0,0.0,2015-10-18,0,0.0,0.0,0.0,0.0,0.0
2015,11,17,2,AS,119,N407AS,SEA,ANC,2305,2301.0,-4.0,18.0,2319.0,223.0,253.0,231.0,1448,210.0,4.0,148,214.0,26.0,0,0,,26.0,0.0,0.0,0.0,0.0,2015-11-17,0,-650.0,-0.0,-0.0,-0.0,-0.0
2015,11,9,1,UA,626,N36447,ORD,PHL,1753,1748.0,-5.0,22.0,1810.0,126.0,117.0,87.0,678,2037.0,8.0,2059,2045.0,-14.0,0,0,,0.0,0.0,0.0,0.0,0.0,2015-11-09,0,0.0,0.0,0.0,0.0,0.0
2015,11,16,1,WN,1198,N368SW,SMF,ONT,1520,1530.0,10.0,6.0,1536.0,75.0,65.0,54.0,390,1630.0,5.0,1635,1635.0,0.0,0,0,,0.0,0.0,0.0,0.0,0.0,2015-11-16,0,0.0,0.0,0.0,0.0,0.0
2015,10,28,3,DL,588,N593NW,14747,13487,1137,1136.0,-1.0,18.0,1154.0,196.0,211.0,190.0,1399,1704.0,3.0,1653,1707.0,14.0,0,0,,0.0,0.0,0.0,0.0,0.0,2015-10-28,0,0.0,0.0,0.0,0.0,0.0
2015,11,13,5,OO,3486,N227AG,SEA,OAK,1600,1556.0,-4.0,18.0,1614.0,129.0,124.0,102.0,672,1756.0,4.0,1809,1800.0,-9.0,0,0,,0.0,0.0,0.0,0.0,0.0,2015-11-13,0,0.0,0.0,0.0,0.0,0.0
2015,11,11,3,WN,2416,N939WN,SFO,LAS,530,526.0,-4.0,9.0,535.0,80.0,80.0,63.0,414,638.0,8.0,650,646.0,-4.0,0,0,,0.0,0.0,0.0,0.0,0.0,2015-11-11,0,0.0,0.0,0.0,0.0,0.0
2015,11,2,1,UA,679,N28457,ORD,ROC,1753,1811.0,18.0,26.0,1837.0,101.0,99.0,68.0,528,2045.0,5.0,2034,2050.0,16.0,0,0,,0.0,0.0,16.0,0.0,0.0,2015-11-02,1,0.0,0.0,88.89,0.0,0.0
2015,11,8,7,DL,2846,N924DN,BOS,ATL,1615,1614.0,-1.0,23.0,1637.0,179.0,174.0,143.0,946,1900.0,8.0,1914,1908.0,-6.0,0,0,,0.0,0.0,0.0,0.0,0.0,2015-11-08,0,0.0,0.0,0.0,0.0,0.0
2015,10,12,1,WN,1877,N8637A,12889,11697,955,955.0,0.0,14.0,1009.0,275.0,264.0,243.0,2173,1712.0,7.0,1730,1719.0,-11.0,0,0,,0.0,0.0,0.0,0.0,0.0,2015-10-12,0,0.0,0.0,0.0,0.0,0.0
2015,11,5,4,WN,998,N908WN,RDU,ATL,1130,1126.0,-4.0,6.0,1132.0,85.0,75.0,61.0,356,1233.0,8.0,1255,1241.0,-14.0,0,0,,0.0,0.0,0.0,0.0,0.0,2015-11-05,0,0.0,0.0,0.0,0.0,0.0
2015,10,24,6,AA,271,N356AA,12892,13830,1115,1104.0,-11.0,22.0,1126.0,345.0,373.0,345.0,2486,1411.0,6.0,1400,1417.0,17.0,0,0,,17.0,0.0,0.0,0.0,0.0,2015-10-24,0,-154.55,-0.0,-0.0,-0.0,-0.0
2015,10,21,3,UA,557,N829UA,13487,11292,1154,1150.0,-4.0,11.0,1201.0,134.0,123.0,105.0,680,1246.0,7.0,1308,1253.0,-15.0,0,0,,0.0,0.0,0.0,0.0,0.0,2015-10-21,0,0.0,0.0,0.0,0.0,0.0
2015,11,6,5,B6,534,N834JB,SFO,BOS,1140,1140.0,0.0,14.0,1154.0,331.0,309.0,289.0,2704,1943.0,6.0,2011,1949.0,-22.0,0,0,,0.0,0.0,0.0,0.0,0.0,2015-11-06,0,0.0,0.0,0.0,0.0,0.0
2015,11,13,5,NK,847,N622NK,ORD,DEN,1226,1219.0,-7.0,19.0,1238.0,159.0,151.0,125.0,888,1343.0,7.0,1405,1350.0,-15.0,0,0,,0.0,0.0,0.0,0.0,0.0,2015-11-13,0,0.0,0.0,0.0,0.0,0.0
2015,10,23,5,WN,2814,N8328A,13232,10529,1340,1340.0,0.0,27.0,1407.0,125.0,127.0,94.0,777,1641.0,6.0,1645,1647.0,2.0,0,0,,0.0,0.0,0.0,0.0,0.0,2015-10-23,0,0.0,0.0,0.0,0.0,0.0
2015,10,19,1,DL,1741,N394DA,11193,14869,830,828.0,-2.0,11.0,839.0,227.0,212.0,194.0,1450,953.0,7.0,1017,1000.0,-17.0,0,0,,0.0,0.0,0.0,0.0,0.0,2015-10-19,0,0.0,0.0,0.0,0.0,0.0
2015,11,4,3,DL,2351,N936DN,RDU,ATL,945,942.0,-3.0,12.0,954.0,85.0,83.0,63.0,356,1057.0,8.0,1110,1105.0,-5.0,0,0,,0.0,0.0,0.0,0.0,0.0,2015-11-04,0,0.0,0.0,0.0,0.0,0.0
2015,10,21,3,AA,623,N193UW,11292,14107,800,815.0,15.0,15.0,830.0,129.0,116.0,92.0,602,902.0,9.0,909,911.0,2.0,0,0,,0.0,0.0,0.0,0.0,0.0,2015-10-21,0,0.0,0.0,0.0,0.0,0.0
2015,10,16,5,AA,1660,N3ADAA,13204,13930,1910,1904.0,-6.0,18.0,1922.0,174.0,178.0,149.0,1005,2051.0,11.0,2104,2102.0,-2.0,0,0,,0.0,0.0,0.0,0.0,0.0,2015-10-16,0,0.0,0.0,0.0,0.0,0.0
2015,10,28,3,UA,1269,N835UA,14869,13930,1554,1544.0,-10.0,10.0,1554.0,190.0,177.0,156.0,1250,1930.0,11.0,2004,1941.0,-23.0,0,0,,0.0,0.0,0.0,0.0,0.0,2015-10-28,0,0.0,0.0,0.0,0.0,0.0
2015,11,4,3,DL,1151,N397DA,MSP,SFO,1145,1204.0,19.0,13.0,1217.0,256.0,241.0,221.0,1589,1358.0,7.0,1401,1405.0,4.0,0,0,,0.0,0.0,0.0,0.0,0.0,2015-11-04,1,0.0,0.0,0.0,0.0,0.0
2015,10,14,3,UA,607,N452UA,11292,14893,1127,1134.0,7.0,11.0,1145.0,153.0,140.0,125.0,909,1250.0,4.0,1300,1254.0,-6.0,0,0,,0.0,0.0,0.0,0.0,0.0,2015-10-14,0,0.0,0.0,0.0,0.0,0.0
2015,10,25,7,MQ,3440,N669MQ,11066,13930,1904,1859.0,-5.0,15.0,1914.0,86.0,91.0,52.0,296,1906.0,24.0,1930,1930.0,0.0,0,0,,0.0,0.0,0.0,0.0,0.0,2015-10-25,0,0.0,0.0,0.0,0.0,0.0
2015,10,23,5,WN,1819,N522SW,11259,10423,745,748.0,3.0,12.0,800.0,50.0,62.0,46.0,189,846.0,4.0,835,850.0,15.0,0,0,,15.0,0.0,0.0,0.0,0.0,2015-10-23,0,500.0,0.0,0.0,0.0,0.0
2015,10,19,1,WN,2542,N619SW,14869,14107,545,544.0,-1.0,13.0,557.0,100.0,95.0,77.0,507,614.0,5.0,625,619.0,-6.0,0,0,,0.0,0.0,0.0,0.0,0.0,2015-10-19,0,0.0,0.0,0.0,0.0,0.0
2015,10,23,5,OO,4631,N443SW,15370,13487,1637,1738.0,61.0,10.0,1748.0,120.0,109.0,94.0,615,1922.0,5.0,1837,1927.0,50.0,0,0,,0.0,0.0,8.0,42.0,0.0,2015-10-23,1,0.0,0.0,13.11,68.85,0.0
2015,10,25,7,AA,1875,N839AW,11433,11057,1350,1341.0,-9.0,18.0,1359.0,108.0,107.0,80.0,500,1519.0,9.0,1538,1528.0,-10.0,0,0,,0.0,0.0,0.0,0.0,0.0,2015-10-25,0,0.0,0.0,0.0,0.0,0.0
2015,10,22,4,EV,4652,N13992,15919,12266,625,621.0,-4.0,10.0,631.0,104.0,101.0,83.0,438,754.0,8.0,809,802.0,-7.0,0,0,,0.0,0.0,0.0,0.0,0.0,2015-10-22,0,0.0,0.0,0.0,0.0,0.0
2015,10,20,2,AA,277,N5EHAA,11298,14679,850,850.0,0.0,16.0,906.0,183.0,177.0,158.0,1171,944.0,3.0,953,947.0,-6.0,0,0,,0.0,0.0,0.0,0.0,0.0,2015-10-20,0,0.0,0.0,0.0,0.0,0.0
2015,11,7,6,WN,2751,N373SW,LAX,SFO,1950,1947.0,-3.0,8.0,1955.0,75.0,69.0,56.0,337,2051.0,5.0,2105,2056.0,-9.0,0,0,,0.0,0.0,0.0,0.0,0.0,2015-11-07,0,0.0,0.0,0.0,0.0,0.0
2015,10,29,4,UA,407,N481UA,13930,11292,1445,1453.0,8.0,14.0,1507.0,166.0,142.0,122.0,888,1609.0,6.0,1631,1615.0,-16.0,0,0,,0.0,0.0,0.0,0.0,0.0,2015-10-29,0,0.0,0.0,0.0,0.0,0.0
2015,11,5,4,B6,658,N715JB,FLL,CLE,1420,1426.0,6.0,11.0,1437.0,173.0,159.0,142.0,1062,1659.0,6.0,1713,1705.0,-8.0,0,0,,0.0,0.0,0.0,0.0,0.0,2015-11-05,0,0.0,0.0,0.0,0.0,0.0
2015,10,20,2,DL,1294,N988DL,10397,14492,854,850.0,-4.0,11.0,901.0,81.0,72.0,56.0,356,957.0,5.0,1015,1002.0,-13.0,0,0,,0.0,0.0,0.0,0.0,0.0,2015-10-20,0,0.0,0.0,0.0,0.0,0.0
2015,10,23,5,NK,719,N525NK,11292,12889,1840,1937.0,57.0,9.0,1946.0,108.0,99.0,83.0,628,2009.0,7.0,1928,2016.0,48.0,0,0,,48.0,0.0,0.0,0.0,0.0,2015-10-23,1,84.21,0.0,0.0,0.0,0.0
2015,10,30,5,AA,2247,N866AA,11298,14107,1155,1153.0,-2.0,15.0,1208.0,158.0,155.0,137.0,868,1225.0,3.0,1233,1228.0,-5.0,0,0,,0.0,0.0,0.0,0.0,0.0,2015-10-30,0,0.0,0.0,0.0,0.0,0.0
2015,10,25,7,EV,5078,N197PQ,13851,11433,1735,1811.0,36.0,15.0,1826.0,145.0,132.0,111.0,900,2117.0,6.0,2100,2123.0,23.0,0,0,,0.0,0.0,6.0,17.0,0.0,2015-10-25,1,0.0,0.0,16.67,47.22,0.0
2015,10,17,6,OO,4477,N824SK,13487,11298,1113,1112.0,-1.0,29.0,1141.0,149.0,155.0,116.0,852,1337.0,10.0,1342,1347.0,5.0,0,0,,0.0,0.0,0.0,0.0,0.0,2015-10-17,0,0.0,0.0,0.0,0.0,0.0
2015,10,28,3,EV,3274,N12540,11577,13930,1636,1632.0,-4.0,9.0,1641.0,104.0,87.0,71.0,398,1652.0,7.0,1720,1659.0,-21.0,0,0,,0.0,0.0,0.0,0.0,0.0,2015-10-28,0,0.0,0.0,0.0,0.0,0.0
2015,11,13,5,WN,425,N962WN,BWI,ALB,700,656.0,-4.0,15.0,711.0,75.0,68.0,49.0,289,800.0,4.0,815,804.0,-11.0,0,0,,0.0,0.0,0.0,0.0,0.0,2015-11-13,0,0.0,0.0,0.0,0.0,0.0
2015,10,20,2,WN,2840,N717SA,14683,13232,1745,1800.0,15.0,8.0,1808.0,160.0,143.0,131.0,1036,2019.0,4.0,2025,2023.0,-2.0,0,0,,0.0,0.0,0.0,0.0,0.0,2015-10-20,0,0.0,0.0,0.0,0.0,0.0
2015,10,13,2,WN,277,N723SW,10693,11066,1055,1055.0,0.0,7.0,1102.0,75.0,64.0,53.0,337,1255.0,4.0,1310,1259.0,-11.0,0,0,,0.0,0.0,0.0,0.0,0.0,2015-10-13,0,0.0,0.0,0.0,0.0,0.0
2015,11,19,4,OO,2932,N417SW,ORD,ICT,2025,2022.0,-3.0,22.0,2044.0,124.0,126.0,94.0,588,2218.0,10.0,2229,2228.0,-1.0,0,0,,0.0,0.0,0.0,0.0,0.0,2015-11-19,0,0.0,0.0,0.0,0.0,0.0
2015,10,17,6,OO,7371,N430SW,10631,13487,1245,1240.0,-5.0,8.0,1248.0,60.0,48.0,36.0,199,1324.0,4.0,1345,1328.0,-17.0,0,0,,0.0,0.0,0.0,0.0,0.0,2015-10-17,0,0.0,0.0,0.0,0.0,0.0
2015,11,7,6,AS,5,N516AS,DCA,LAX,915,911.0,-4.0,17.0,928.0,366.0,334.0,309.0,2311,1137.0,8.0,1221,1145.0,-36.0,0,0,,0.0,0.0,0.0,0.0,0.0,2015-11-07,0,0.0,0.0,0.0,0.0,0.0
2015,11,2,1,WN,1762,N8668A,SMF,DEN,1345,1350.0,5.0,8.0,1358.0,135.0,121.0,106.0,909,1644.0,7.0,1700,1651.0,-9.0,0,0,,0.0,0.0,0.0,0.0,0.0,2015-11-02,0,0.0,0.0,0.0,0.0,0.0
2015,11,16,1,WN,2447,N714CB,LAS,OKC,1000,1002.0,2.0,16.0,1018.0,140.0,135.0,114.0,986,1412.0,5.0,1420,1417.0,-3.0,0,0,,0.0,0.0,0.0,0.0,0.0,2015-11-16,0,0.0,0.0,0.0,0.0,0.0
2015,10,15,4,UA,1444,N69833,11292,13930,1417,1416.0,-1.0,12.0,1428.0,153.0,150.0,105.0,888,1713.0,33.0,1750,1746.0,-4.0,0,0,,0.0,0.0,0.0,0.0,0.0,2015-10-15,0,0.0,0.0,0.0,0.0,0.0
2015,10,27,2,B6,57,N304JB,10721,12264,715,710.0,-5.0,23.0,733.0,102.0,104.0,75.0,413,848.0,6.0,857,854.0,-3.0,0,0,,0.0,0.0,0.0,0.0,0.0,2015-10-27,0,0.0,0.0,0.0,0.0,0.0
2015,10,14,3,AA,1561,N3APAA,10423,11298,1159,1159.0,0.0,10.0,1209.0,71.0,54.0,36.0,190,1245.0,8.0,1310,1253.0,-17.0,0,0,,0.0,0.0,0.0,0.0,0.0,2015-10-14,0,0.0,0.0,0.0,0.0,0.0
2015,11,19,4,OO,6441,N912SW,SFO,BUR,2007,1959.0,-8.0,20.0,2019.0,75.0,73.0,50.0,326,2109.0,3.0,2122,2112.0,-10.0,0,0,,0.0,0.0,0.0,0.0,0.0,2015-11-19,0,0.0,0.0,0.0,0.0,0.0
2015,11,1,7,AA,1254,N3BYAA,SJU,MIA,1540,1603.0,23.0,30.0,1633.0,165.0,174.0,138.0,1045,1751.0,6.0,1725,1757.0,32.0,0,0,,9.0,0.0,0.0,20.0,3.0,2015-11-01,1,39.13,0.0,0.0,86.96,13.04
2015,10,12,1,DL,15,N821DN,10397,14869,1641,1640.0,-1.0,18.0,1658.0,249.0,226.0,204.0,1590,1822.0,4.0,1850,1826.0,-24.0,0,0,,0.0,0.0,0.0,0.0,0.0,2015-10-12,0,0.0,0.0,0.0,0.0,0.0
2015,11,7,6,WN,3517,N269WN,PHX,PIT,1350,1345.0,-5.0,10.0,1355.0,230.0,218.0,201.0,1814,1916.0,7.0,1940,1923.0,-17.0,0,0,,0.0,0.0,0.0,0.0,0.0,2015-11-07,0,0.0,0.0,0.0,0.0,0.0
2015,11,11,3,B6,748,N508JB,LAS,JFK,1145,1143.0,-2.0,13.0,1156.0,289.0,263.0,246.0,2248,1902.0,4.0,1934,1906.0,-28.0,0,0,,0.0,0.0,0.0,0.0,0.0,2015-11-11,0,0.0,0.0,0.0,0.0,0.0
2015,10,14,3,WN,1889,N7707C,12191,14492,2000,2015.0,15.0,12.0,2027.0,155.0,145.0,128.0,1050,2335.0,5.0,2335,2340.0,5.0,0,0,,0.0,0.0,0.0,0.0,0.0,2015-10-14,0,0.0,0.0,0.0,0.0,0.0
2015,10,30,5,EV,4869,N917EV,12951,10397,1512,1517.0,5.0,14.0,1531.0,97.0,94.0,71.0,503,1742.0,9.0,1749,1751.0,2.0,0,0,,0.0,0.0,0.0,0.0,0.0,2015-10-30,0,0.0,0.0,0.0,0.0,0.0
2015,11,11,3,MQ,3275,N526MQ,ORD,BNA,2000,2024.0,24.0,96.0,2200.0,90.0,165.0,65.0,409,2305.0,4.0,2130,2309.0,99.0,0,0,,75.0,0.0,0.0,1.0,23.0,2015-11-11,1,312.5,0.0,0.0,4.17,95.83
2015,10,25,7,B6,2024,N945JB,12892,12478,1150,1147.0,-3.0,17.0,1204.0,316.0,305.0,280.0,2475,1944.0,8.0,2006,1952.0,-14.0,0,0,,0.0,0.0,0.0,0.0,0.0,2015-10-25,0,0.0,0.0,0.0,0.0,0.0
2015,10,27,2,MQ,3329,N646MQ,11298,11823,2010,2010.0,0.0,14.0,2024.0,144.0,134.0,110.0,859,2314.0,10.0,2334,2324.0,-10.0,0,0,,0.0,0.0,0.0,0.0,0.0,2015-10-27,0,0.0,0.0,0.0,0.0,0.0
2015,10,30,5,EV,4700,N16976,10693,11618,1738,1733.0,-5.0,12.0,1745.0,134.0,130.0,102.0,748,2027.0,16.0,2052,2043.0,-9.0,0,0,,0.0,0.0,0.0,0.0,0.0,2015-10-30,0,0.0,0.0,0.0,0.0,0.0
2015,11,12,4,EV,4867,N27152,BTR,IAH,1605,1611.0,6.0,11.0,1622.0,71.0,65.0,49.0,253,1711.0,5.0,1716,1716.0,0.0,0,0,,0.0,0.0,0.0,0.0,0.0,2015-11-12,0,0.0,0.0,0.0,0.0,0.0
2015,11,4,3,OO,6277,N774SK,IAH,SAT,1545,1545.0,0.0,13.0,1558.0,65.0,57.0,42.0,191,1640.0,2.0,1650,1642.0,-8.0,0,0,,0.0,0.0,0.0,0.0,0.0,2015-11-04,0,0.0,0.0,0.0,0.0,0.0
2015,11,9,1,AA,1405,N4XUAA,ORD,MSP,715,715.0,0.0,20.0,735.0,92.0,94.0,59.0,334,834.0,15.0,847,849.0,2.0,0,0,,0.0,0.0,0.0,0.0,0.0,2015-11-09,0,0.0,0.0,0.0,0.0,0.0
2015,10,30,5,WN,3137,N718SW,13342,12953,1135,1134.0,-1.0,6.0,1140.0,125.0,112.0,101.0,738,1421.0,5.0,1440,1426.0,-14.0,0,0,,0.0,0.0,0.0,0.0,0.0,2015-10-30,0,0.0,0.0,0.0,0.0,0.0
2015,11,14,6,AS,646,N468AS,SEA,PHX,1450,1449.0,-1.0,26.0,1515.0,165.0,185.0,152.0,1107,1847.0,7.0,1835,1854.0,19.0,0,0,,19.0,0.0,0.0,0.0,0.0,2015-11-14,0,-1900.0,-0.0,-0.0,-0.0,-0.0
2015,10,18,7,DL,1378,N348NB,13931,10397,1759,1758.0,-1.0,24.0,1822.0,115.0,128.0,86.0,516,1948.0,18.0,1954,2006.0,12.0,0,0,,0.0,0.0,0.0,0.0,0.0,2015-10-18,0,0.0,0.0,0.0,0.0,0.0
2015,11,18,3,VX,50,N282VA,HNL,SFO,1255,1254.0,-1.0,19.0,1313.0,320.0,324.0,298.0,2398,2011.0,7.0,2015,2018.0,3.0,0,0,,0.0,0.0,0.0,0.0,0.0,2015-11-18,0,0.0,0.0,0.0,0.0,0.0
2015,10,26,1,OO,5358,N928SW,12892,14689,1334,1326.0,-8.0,20.0,1346.0,52.0,47.0,19.0,89,1405.0,8.0,1426,1413.0,-13.0,0,0,,0.0,0.0,0.0,0.0,0.0,2015-10-26,0,0.0,0.0,0.0,0.0,0.0
2015,10,22,4,WN,1091,N201LV,11259,11292,640,642.0,2.0,9.0,651.0,125.0,117.0,102.0,651,733.0,6.0,745,739.0,-6.0,0,0,,0.0,0.0,0.0,0.0,0.0,2015-10-22,0,0.0,0.0,0.0,0.0,0.0
2015,10,22,4,WN,638,N919WN,13232,12892,1345,1343.0,-2.0,15.0,1358.0,265.0,254.0,235.0,1750,1553.0,4.0,1610,1557.0,-13.0,0,0,,0.0,0.0,0.0,0.0,0.0,2015-10-22,0,0.0,0.0,0.0,0.0,0.0
2015,10,26,1,WN,1218,N464WN,13198,11278,1100,1104.0,4.0,9.0,1113.0,145.0,126.0,112.0,949,1405.0,5.0,1425,1410.0,-15.0,0,0,,0.0,0.0,0.0,0.0,0.0,2015-10-26,0,0.0,0.0,0.0,0.0,0.0
2015,11,5,4,EV,5919,N14173,ORD,TUL,921,1126.0,125.0,15.0,1141.0,118.0,121.0,102.0,585,1323.0,4.0,1119,1327.0,128.0,0,0,,3.0,0.0,125.0,0.0,0.0,2015-11-05,1,2.4,0.0,100.0,0.0,0.0
2015,10,27,2,AA,2472,N5DJAA,11298,14679,1035,1034.0,-1.0,26.0,1100.0,184.0,190.0,161.0,1171,1141.0,3.0,1139,1144.0,5.0,0,0,,0.0,0.0,0.0,0.0,0.0,2015-10-27,0,0.0,0.0,0.0,0.0,0.0
2015,11,19,4,DL,1715,N964DN,DTW,ATL,1013,1013.0,0.0,16.0,1029.0,129.0,118.0,95.0,594,1204.0,7.0,1222,1211.0,-11.0,0,0,,0.0,0.0,0.0,0.0,0.0,2015-11-19,0,0.0,0.0,0.0,0.0,0.0
2015,11,18,3,EV,4364,N26549,EWR,GSP,1037,1027.0,-10.0,17.0,1044.0,128.0,110.0,89.0,594,1213.0,4.0,1245,1217.0,-28.0,0,0,,0.0,0.0,0.0,0.0,0.0,2015-11-18,0,0.0,0.0,0.0,0.0,0.0
2015,11,11,3,B6,260,N247JB,PHL,BOS,1430,1501.0,31.0,12.0,1513.0,75.0,64.0,49.0,280,1602.0,3.0,1545,1605.0,20.0,0,0,,0.0,0.0,14.0,6.0,0.0,2015-11-11,1,0.0,0.0,45.16,19.35,0.0
2015,10,21,3,NK,209,N528NK,13930,13796,1530,1525.0,-5.0,12.0,1537.0,271.0,258.0,241.0,1836,1738.0,5.0,1801,1743.0,-18.0,0,0,,0.0,0.0,0.0,0.0,0.0,2015-10-21,0,0.0,0.0,0.0,0.0,0.0
2015,11,15,7,NK,204,N512NK,PBI,BOS,1220,1212.0,-8.0,11.0,1223.0,177.0,171.0,154.0,1197,1457.0,6.0,1517,1503.0,-14.0,0,0,,0.0,0.0,0.0,0.0,0.0,2015-11-15,0,0.0,0.0,0.0,0.0,0.0
2015,11,7,6,AA,862,N915US,DCA,MCO,825,825.0,0.0,19.0,844.0,157.0,146.0,121.0,759,1045.0,6.0,1102,1051.0,-11.0,0,0,,0.0,0.0,0.0,0.0,0.0,2015-11-07,0,0.0,0.0,0.0,0.0,0.0
2015,10,25,7,EV,4118,N11192,10874,11618,1517,1537.0,20.0,10.0,1547.0,90.0,88.0,60.0,382,1647.0,18.0,1647,1705.0,18.0,0,0,,18.0,0.0,0.0,0.0,0.0,2015-10-25,1,90.0,0.0,0.0,0.0,0.0
2015,10,16,5,NK,379,N637NK,10158,13577,630,621.0,-9.0,9.0,630.0,88.0,85.0,71.0,466,741.0,5.0,758,746.0,-12.0,0,0,,0.0,0.0,0.0,0.0,0.0,2015-10-16,0,0.0,0.0,0.0,0.0,0.0
2015,11,4,3,UA,734,N37267,SFO,ORD,600,559.0,-1.0,19.0,618.0,258.0,240.0,207.0,1846,1145.0,14.0,1218,1159.0,-19.0,0,0,,0.0,0.0,0.0,0.0,0.0,2015-11-04,0,0.0,0.0,0.0,0.0,0.0
2015,10,29,4,DL,1696,N904DE,10397,10529,945,946.0,1.0,21.0,1007.0,141.0,130.0,105.0,859,1152.0,4.0,1206,1156.0,-10.0,0,0,,0.0,0.0,0.0,0.0,0.0,2015-10-29,0,0.0,0.0,0.0,0.0,0.0
2015,11,2,1,AS,432,N706AS,SEA,LAX,1000,957.0,-3.0,26.0,1023.0,160.0,183.0,148.0,954,1251.0,9.0,1240,1300.0,20.0,0,0,,20.0,0.0,0.0,0.0,0.0,2015-11-02,0,-666.67,-0.0,-0.0,-0.0,-0.0
2015,11,15,7,WN,2559,N419WN,SAN,SMF,805,801.0,-4.0,8.0,809.0,95.0,89.0,76.0,480,925.0,5.0,940,930.0,-10.0,0,0,,0.0,0.0,0.0,0.0,0.0,2015-11-15,0,0.0,0.0,0.0,0.0,0.0
2015,10,27,2,AS,695,N626AS,11884,14747,500,459.0,-1.0,9.0,508.0,59.0,54.0,40.0,224,548.0,5.0,559,553.0,-6.0,0,0,,0.0,0.0,0.0,0.0,0.0,2015-10-27,0,0.0,0.0,0.0,0.0,0.0
2015,11,15,7,AA,1287,N349AA,MIA,ORD,650,657.0,7.0,25.0,722.0,205.0,194.0,159.0,1197,901.0,10.0,915,911.0,-4.0,0,0,,0.0,0.0,0.0,0.0,0.0,2015-11-15,0,0.0,0.0,0.0,0.0,0.0
2015,11,17,2,WN,331,N7742B,DEN,PDX,1425,1454.0,29.0,8.0,1502.0,170.0,171.0,158.0,991,1640.0,5.0,1615,1645.0,30.0,0,0,,1.0,0.0,2.0,27.0,0.0,2015-11-17,1,3.45,0.0,6.9,93.1,0.0
2015,10,21,3,F9,1280,N213FR,11292,13930,940,940.0,0.0,14.0,954.0,145.0,141.0,114.0,888,1248.0,13.0,1305,1301.0,-4.0,0,0,,0.0,0.0,0.0,0.0,0.0,2015-10-21,0,0.0,0.0,0.0,0.0,0.0
2015,11,8,7,AA,599,N827AW,STL,PHX,1425,1427.0,2.0,13.0,1440.0,207.0,187.0,171.0,1262,1631.0,3.0,1652,1634.0,-18.0,0,0,,0.0,0.0,0.0,0.0,0.0,2015-11-08,0,0.0,0.0,0.0,0.0,0.0
2015,10,19,1,F9,1149,N201FR,13204,10397,1005,1004.0,-1.0,17.0,1021.0,95.0,92.0,65.0,404,1126.0,10.0,1140,1136.0,-4.0,0,0,,0.0,0.0,0.0,0.0,0.0,2015-10-19,0,0.0,0.0,0.0,0.0,0.0
2015,11,16,1,AA,1231,N569AA,SJC,DFW,828,1020.0,112.0,14.0,1034.0,212.0,222.0,197.0,1438,1551.0,11.0,1400,1602.0,122.0,0,0,,10.0,0.0,112.0,0.0,0.0,2015-11-16,1,8.93,0.0,100.0,0.0,0.0
2015,10,28,3,B6,1733,N193JB,10785,12478,1508,1745.0,157.0,18.0,1803.0,82.0,89.0,67.0,266,1910.0,4.0,1630,1914.0,164.0,0,0,,7.0,0.0,157.0,0.0,0.0,2015-10-28,1,4.46,0.0,100.0,0.0,0.0
2015,10,12,1,DL,2648,N985DL,13485,10397,1105,1117.0,12.0,12.0,1129.0,126.0,122.0,104.0,707,1413.0,6.0,1411,1419.0,8.0,0,0,,0.0,0.0,0.0,0.0,0.0,2015-10-12,0,0.0,0.0,0.0,0.0,0.0
2015,11,1,7,AS,167,N795AS,ANC,FAI,2300,2250.0,-10.0,13.0,2303.0,58.0,57.0,40.0,261,2343.0,4.0,2358,2347.0,-11.0,0,0,,0.0,0.0,0.0,0.0,0.0,2015-11-01,0,0.0,0.0,0.0,0.0,0.0
2015,11,16,1,OO,4788,N449SW,CVG,BNA,2000,1954.0,-6.0,24.0,2018.0,67.0,73.0,43.0,230,2001.0,6.0,2007,2007.0,0.0,0,0,,0.0,0.0,0.0,0.0,0.0,2015-11-16,0,0.0,0.0,0.0,0.0,0.0
2015,11,9,1,OO,6286,N765SK,SBA,SFO,1030,1024.0,-6.0,28.0,1052.0,70.0,90.0,58.0,262,1150.0,4.0,1140,1154.0,14.0,0,0,,0.0,0.0,0.0,0.0,0.0,2015-11-09,0,0.0,0.0,0.0,0.0,0.0
2015,11,5,4,DL,2029,N909DE,JFK,ATL,1929,1945.0,16.0,21.0,2006.0,160.0,143.0,115.0,760,2201.0,7.0,2209,2208.0,-1.0,0,0,,0.0,0.0,0.0,0.0,0.0,2015-11-05,1,0.0,0.0,0.0,0.0,0.0
2015,10,19,1,AA,2252,N3JFAA,11298,10140,1905,1909.0,4.0,16.0,1925.0,114.0,108.0,86.0,569,1951.0,6.0,1959,1957.0,-2.0,0,0,,0.0,0.0,0.0,0.0,0.0,2015-10-19,0,0.0,0.0,0.0,0.0,0.0
2015,10,20,2,OO,4535,N659BR,11823,11433,1015,1006.0,-9.0,25.0,1031.0,57.0,65.0,31.0,128,1102.0,9.0,1112,1111.0,-1.0,0,0,,0.0,0.0,0.0,0.0,0.0,2015-10-20,0,0.0,0.0,0.0,0.0,0.0
2015,10,24,6,OO,6419,N928EV,13930,15096,1045,1036.0,-9.0,45.0,1121.0,108.0,126.0,76.0,607,1337.0,5.0,1333,1342.0,9.0,0,0,,0.0,0.0,0.0,0.0,0.0,2015-10-24,0,0.0,0.0,0.0,0.0,0.0
2015,10,11,7,DL,1990,N981DL,14685,10397,1130,1128.0,-2.0,12.0,1140.0,67.0,66.0,41.0,214,1221.0,13.0,1237,1234.0,-3.0,0,0,,0.0,0.0,0.0,0.0,0.0,2015-10-11,0,0.0,0.0,0.0,0.0,0.0
2015,10,12,1,NK,379,N642NK,10158,13577,630,622.0,-8.0,11.0,633.0,88.0,78.0,62.0,466,735.0,5.0,758,740.0,-18.0,0,0,,0.0,0.0,0.0,0.0,0.0,2015-10-12,0,0.0,0.0,0.0,0.0,0.0
2015,10,13,2,WN,6317,N554WN,11721,13204,715,714.0,-1.0,5.0,719.0,160.0,140.0,129.0,1011,928.0,6.0,955,934.0,-21.0,0,0,,0.0,0.0,0.0,0.0,0.0,2015-10-13,0,0.0,0.0,0.0,0.0,0.0
2015,10,29,4,AA,520,N654AW,14107,10821,850,843.0,-7.0,19.0,902.0,274.0,241.0,215.0,1999,1537.0,7.0,1624,1544.0,-40.0,0,0,,0.0,0.0,0.0,0.0,0.0,2015-10-29,0,0.0,0.0,0.0,0.0,0.0
2015,10,20,2,B6,570,N590JB,11697,10721,1302,1256.0,-6.0,13.0,1309.0,187.0,178.0,159.0,1237,1548.0,6.0,1609,1554.0,-15.0,0,0,,0.0,0.0,0.0,0.0,0.0,2015-10-20,0,0.0,0.0,0.0,0.0,0.0
2015,10,15,4,DL,982,N955DN,10821,13487,1915,1913.0,-2.0,15.0,1928.0,161.0,166.0,145.0,936,2053.0,6.0,2056,2059.0,3.0,0,0,,0.0,0.0,0.0,0.0,0.0,2015-10-15,0,0.0,0.0,0.0,0.0,0.0
2015,11,17,2,WN,2487,N649SW,LAX,PDX,945,943.0,-2.0,22.0,1005.0,150.0,155.0,130.0,834,1215.0,3.0,1215,1218.0,3.0,0,0,,0.0,0.0,0.0,0.0,0.0,2015-11-17,0,0.0,0.0,0.0,0.0,0.0
2015,10,28,3,HA,189,N491HA,12758,12173,1609,1600.0,-9.0,5.0,1605.0,44.0,39.0,27.0,163,1632.0,7.0,1653,1639.0,-14.0,0,0,,0.0,0.0,0.0,0.0,0.0,2015-10-28,0,0.0,0.0,0.0,0.0,0.0
2015,11,19,4,B6,440,N273JB,CLE,BOS,928,924.0,-4.0,11.0,935.0,101.0,95.0,78.0,563,1053.0,6.0,1109,1059.0,-10.0,0,0,,0.0,0.0,0.0,0.0,0.0,2015-11-19,0,0.0,0.0,0.0,0.0,0.0
2015,11,7,6,WN,1494,N200WN,MDW,ALB,1920,1925.0,5.0,10.0,1935.0,115.0,99.0,86.0,717,2201.0,3.0,2215,2204.0,-11.0,0,0,,0.0,0.0,0.0,0.0,0.0,2015-11-07,0,0.0,0.0,0.0,0.0,0.0
2015,11,12,4,MQ,3355,N600MQ,DFW,GGG,2025,2045.0,20.0,13.0,2058.0,56.0,49.0,25.0,140,2123.0,11.0,2121,2134.0,13.0,0,0,,0.0,0.0,0.0,0.0,0.0,2015-11-12,1,0.0,0.0,0.0,0.0,0.0
2015,10,13,2,EV,4172,N14177,11986,12266,1822,1812.0,-10.0,12.0,1824.0,173.0,153.0,130.0,1042,1934.0,11.0,2015,1945.0,-30.0,0,0,,0.0,0.0,0.0,0.0,0.0,2015-10-13,0,0.0,0.0,0.0,0.0,0.0
2015,10,16,5,HA,224,N492HA,12982,12173,2051,2114.0,23.0,7.0,2121.0,34.0,33.0,20.0,102,2141.0,6.0,2125,2147.0,22.0,0,0,,0.0,0.0,8.0,14.0,0.0,2015-10-16,1,0.0,0.0,34.78,60.87,0.0
2015,11,17,2,UA,387,N14731,ATL,EWR,1000,954.0,-6.0,15.0,1009.0,134.0,125.0,102.0,746,1151.0,8.0,1214,1159.0,-15.0,0,0,,0.0,0.0,0.0,0.0,0.0,2015-11-17,0,0.0,0.0,0.0,0.0,0.0
2015,11,19,4,WN,1065,N495WN,MDW,STL,2225,2256.0,31.0,7.0,2303.0,65.0,56.0,45.0,251,2348.0,4.0,2330,2352.0,22.0,0,0,,0.0,0.0,0.0,22.0,0.0,2015-11-19,1,0.0,0.0,0.0,70.97,0.0
2015,10,11,7,DL,1304,N3739P,10299,14747,1429,1424.0,-5.0,13.0,1437.0,203.0,194.0,175.0,1448,1832.0,6.0,1852,1838.0,-14.0,0,0,,0.0,0.0,0.0,0.0,0.0,2015-10-11,0,0.0,0.0,0.0,0.0,0.0
2015,11,16,1,MQ,3439,N602MQ,MOB,DFW,1419,1422.0,3.0,11.0,1433.0,120.0,132.0,107.0,539,1620.0,14.0,1619,1634.0,15.0,0,0,,15.0,0.0,0.0,0.0,0.0,2015-11-16,0,500.0,0.0,0.0,0.0,0.0
2015,11,6,5,UA,268,N67812,DEN,SFO,1003,1140.0,97.0,11.0,1151.0,167.0,140.0,121.0,967,1252.0,8.0,1150,1300.0,70.0,0,0,,0.0,0.0,70.0,0.0,0.0,2015-11-06,1,0.0,0.0,72.16,0.0,0.0
2015,11,8,7,OO,5413,N983CA,MKE,ORD,1624,1625.0,1.0,8.0,1633.0,53.0,43.0,23.0,67,1656.0,12.0,1717,1708.0,-9.0,0,0,,0.0,0.0,0.0,0.0,0.0,2015-11-08,0,0.0,0.0,0.0,0.0,0.0
2015,11,6,5,B6,2580,N187JB,EWR,BOS,1755,1905.0,70.0,25.0,1930.0,81.0,75.0,44.0,200,2014.0,6.0,1916,2020.0,64.0,0,0,,0.0,0.0,0.0,64.0,0.0,2015-11-06,1,0.0,0.0,0.0,91.43,0.0
2015,10,25,7,AS,143,N402AS,14057,10299,2255,2254.0,-1.0,13.0,2307.0,230.0,231.0,212.0,1542,139.0,6.0,145,145.0,0.0,0,0,,0.0,0.0,0.0,0.0,0.0,2015-10-25,0,0.0,0.0,0.0,0.0,0.0
2015,10,22,4,WN,907,N8616C,14107,13487,1750,1747.0,-3.0,5.0,1752.0,180.0,160.0,150.0,1276,2222.0,5.0,2250,2227.0,-23.0,0,0,,0.0,0.0,0.0,0.0,0.0,2015-10-22,0,0.0,0.0,0.0,0.0,0.0
2015,10,30,5,F9,1365,N906FR,12266,14107,1440,1459.0,19.0,21.0,1520.0,170.0,174.0,142.0,1009,1542.0,11.0,1530,1553.0,23.0,0,0,,20.0,0.0,3.0,0.0,0.0,2015-10-30,1,105.26,0.0,15.79,0.0,0.0
2015,10,20,2,B6,475,N556JB,14307,13204,712,705.0,-7.0,12.0,717.0,171.0,160.0,144.0,1072,941.0,4.0,1003,945.0,-18.0,0,0,,0.0,0.0,0.0,0.0,0.0,2015-10-20,0,0.0,0.0,0.0,0.0,0.0
2015,10,28,3,DL,1931,N984DL,12448,10397,600,556.0,-4.0,12.0,608.0,75.0,67.0,49.0,341,757.0,6.0,815,803.0,-12.0,0,0,,0.0,0.0,0.0,0.0,0.0,2015-10-28,0,0.0,0.0,0.0,0.0,0.0
2015,10,26,1,OO,7363,N447SW,10141,13487,1526,1526.0,0.0,13.0,1539.0,70.0,65.0,42.0,257,1621.0,10.0,1636,1631.0,-5.0,0,0,,0.0,0.0,0.0,0.0,0.0,2015-10-26,0,0.0,0.0,0.0,0.0,0.0
2015,11,5,4,DL,2814,N967AT,JFK,CHS,1336,1340.0,4.0,28.0,1408.0,129.0,120.0,87.0,636,1535.0,5.0,1545,1540.0,-5.0,0,0,,0.0,0.0,0.0,0.0,0.0,2015-11-05,0,0.0,0.0,0.0,0.0,0.0
2015,11,18,3,WN,414,N937WN,DAL,AMA,1745,1749.0,4.0,12.0,1801.0,70.0,75.0,58.0,323,1859.0,5.0,1855,1904.0,9.0,0,0,,0.0,0.0,0.0,0.0,0.0,2015-11-18,0,0.0,0.0,0.0,0.0,0.0
2015,11,1,7,EV,4276,N31131,RIC,EWR,840,834.0,-6.0,14.0,848.0,73.0,74.0,49.0,277,937.0,11.0,953,948.0,-5.0,0,0,,0.0,0.0,0.0,0.0,0.0,2015-11-01,0,0.0,0.0,0.0,0.0,0.0
2015,11,11,3,UA,1183,N836UA,SFO,MCI,1057,1054.0,-3.0,19.0,1113.0,213.0,197.0,172.0,1499,1605.0,6.0,1630,1611.0,-19.0,0,0,,0.0,0.0,0.0,0.0,0.0,2015-11-11,0,0.0,0.0,0.0,0.0,0.0
2015,11,6,5,DL,2166,N808DN,PHX,MSP,1245,1245.0,0.0,13.0,1258.0,180.0,163.0,144.0,1276,1622.0,6.0,1645,1628.0,-17.0,0,0,,0.0,0.0,0.0,0.0,0.0,2015-11-06,0,0.0,0.0,0.0,0.0,0.0
2015,10,23,5,AA,1062,N488AA,11298,13198,710,732.0,22.0,13.0,745.0,99.0,84.0,65.0,460,850.0,6.0,849,856.0,7.0,0,0,,0.0,0.0,0.0,0.0,0.0,2015-10-23,1,0.0,0.0,0.0,0.0,0.0
2015,10,18,7,OO,4733,N632SK,14747,14831,1553,1554.0,1.0,17.0,1611.0,132.0,121.0,101.0,697,1752.0,3.0,1805,1755.0,-10.0,0,0,,0.0,0.0,0.0,0.0,0.0,2015-10-18,0,0.0,0.0,0.0,0.0,0.0
2015,10,19,1,OO,4981,N740SK,12266,10713,1802,1800.0,-2.0,14.0,1814.0,238.0,215.0,195.0,1482,2029.0,6.0,2100,2035.0,-25.0,0,0,,0.0,0.0,0.0,0.0,0.0,2015-10-19,0,0.0,0.0,0.0,0.0,0.0
2015,11,7,6,WN,939,N452WN,EWR,PHX,1345,1339.0,-6.0,10.0,1349.0,340.0,325.0,308.0,2133,1657.0,7.0,1725,1704.0,-21.0,0,0,,0.0,0.0,0.0,0.0,0.0,2015-11-07,0,0.0,0.0,0.0,0.0,0.0
2015,11,14,6,AA,637,N582UW,CLT,LAS,1635,1636.0,1.0,15.0,1651.0,299.0,269.0,246.0,1916,1757.0,8.0,1834,1805.0,-29.0,0,0,,0.0,0.0,0.0,0.0,0.0,2015-11-14,0,0.0,0.0,0.0,0.0,0.0
2015,11,8,7,AS,520,N526AS,SEA,BUR,1405,1357.0,-8.0,21.0,1418.0,140.0,157.0,132.0,937,1630.0,4.0,1625,1634.0,9.0,0,0,,0.0,0.0,0.0,0.0,0.0,2015-11-08,0,0.0,0.0,0.0,0.0,0.0
2015,11,10,2,DL,502,N351NW,ATL,PHL,945,959.0,14.0,20.0,1019.0,120.0,123.0,92.0,666,1151.0,11.0,1145,1202.0,17.0,0,0,,17.0,0.0,0.0,0.0,0.0,2015-11-10,0,121.43,0.0,0.0,0.0,0.0
2015,11,16,1,UA,1612,N27733,EWR,SNA,1320,1317.0,-3.0,9.0,1326.0,384.0,351.0,336.0,2434,1602.0,6.0,1644,1608.0,-36.0,0,0,,0.0,0.0,0.0,0.0,0.0,2015-11-16,0,0.0,0.0,0.0,0.0,0.0
2015,11,13,5,WN,1327,N371SW,MSY,DAL,935,932.0,-3.0,7.0,939.0,90.0,83.0,72.0,436,1051.0,4.0,1105,1055.0,-10.0,0,0,,0.0,0.0,0.0,0.0,0.0,2015-11-13,0,0.0,0.0,0.0,0.0,0.0
2015,11,4,3,UA,251,N66808,IAD,PDX,1740,1736.0,-4.0,16.0,1752.0,352.0,327.0,307.0,2327,1959.0,4.0,2032,2003.0,-29.0,0,0,,0.0,0.0,0.0,0.0,0.0,2015-11-04,0,0.0,0.0,0.0,0.0,0.0
2015,10,27,2,DL,553,N6712B,14683,10397,740,736.0,-4.0,11.0,747.0,136.0,129.0,108.0,874,1035.0,10.0,1056,1045.0,-11.0,0,0,,0.0,0.0,0.0,0.0,0.0,2015-10-27,0,0.0,0.0,0.0,0.0,0.0
2015,11,5,4,HA,34,N380HA,OGG,LAX,1640,1635.0,-5.0,9.0,1644.0,315.0,302.0,286.0,2486,2330.0,7.0,2355,2337.0,-18.0,0,0,,0.0,0.0,0.0,0.0,0.0,2015-11-05,0,0.0,0.0,0.0,0.0,0.0
2015,11,15,7,WN,392,N200WN,SAN,BWI,655,650.0,-5.0,8.0,658.0,290.0,275.0,263.0,2295,1421.0,4.0,1445,1425.0,-20.0,0,0,,0.0,0.0,0.0,0.0,0.0,2015-11-15,0,0.0,0.0,0.0,0.0,0.0
2015,10,17,6,AA,804,N937UW,11057,15024,950,942.0,-8.0,22.0,1004.0,225.0,208.0,182.0,1520,1306.0,4.0,1335,1310.0,-25.0,0,0,,0.0,0.0,0.0,0.0,0.0,2015-10-17,0,0.0,0.0,0.0,0.0,0.0
2015,11,1,7,DL,1351,N926DH,DCA,ATL,2000,1954.0,-6.0,17.0,2011.0,120.0,116.0,89.0,547,2140.0,10.0,2200,2150.0,-10.0,0,0,,0.0,0.0,0.0,0.0,0.0,2015-11-01,0,0.0,0.0,0.0,0.0,0.0
2015,10,21,3,AA,1484,N4XJAA,11298,10423,910,910.0,0.0,19.0,929.0,64.0,55.0,31.0,190,1000.0,5.0,1014,1005.0,-9.0,0,0,,0.0,0.0,0.0,0.0,0.0,2015-10-21,0,0.0,0.0,0.0,0.0,0.0
2015,11,9,1,WN,2440,N408WN,DEN,SAT,2010,2004.0,-6.0,11.0,2015.0,125.0,115.0,101.0,794,2256.0,3.0,2315,2259.0,-16.0,0,0,,0.0,0.0,0.0,0.0,0.0,2015-11-09,0,0.0,0.0,0.0,0.0,0.0
2015,11,16,1,EV,4421,N25134,EWR,ORF,1731,1727.0,-4.0,33.0,1800.0,84.0,92.0,55.0,284,1855.0,4.0,1855,1859.0,4.0,0,0,,0.0,0.0,0.0,0.0,0.0,2015-11-16,0,0.0,0.0,0.0,0.0,0.0
2015,10,15,4,WN,693,N527SW,14683,11259,605,600.0,-5.0,12.0,612.0,60.0,66.0,48.0,248,700.0,6.0,705,706.0,1.0,0,0,,0.0,0.0,0.0,0.0,0.0,2015-10-15,0,0.0,0.0,0.0,0.0,0.0
2015,10,17,6,WN,3773,N8604K,14057,14107,1145,1142.0,-3.0,9.0,1151.0,155.0,152.0,136.0,1009,1407.0,7.0,1420,1414.0,-6.0,0,0,,0.0,0.0,0.0,0.0,0.0,2015-10-17,0,0.0,0.0,0.0,0.0,0.0
2015,11,18,3,AA,660,N207UW,PHX,SNA,1810,1810.0,0.0,21.0,1831.0,76.0,77.0,49.0,338,1820.0,7.0,1826,1827.0,1.0,0,0,,0.0,0.0,0.0,0.0,0.0,2015-11-18,0,0.0,0.0,0.0,0.0,0.0
2015,10,22,4,WN,384,N917WN,14107,14730,1045,1044.0,-1.0,14.0,1058.0,205.0,190.0,170.0,1506,1648.0,6.0,1710,1654.0,-16.0,0,0,,0.0,0.0,0.0,0.0,0.0,2015-10-22,0,0.0,0.0,0.0,0.0,0.0
2015,11,10,2,WN,2720,N279WN,MDW,STL,1825,1822.0,-3.0,15.0,1837.0,65.0,66.0,47.0,251,1924.0,4.0,1930,1928.0,-2.0,0,0,,0.0,0.0,0.0,0.0,0.0,2015-11-10,0,0.0,0.0,0.0,0.0,0.0
2015,10,16,5,OO,6439,N773SK,11292,10713,1516,1517.0,1.0,19.0,1536.0,122.0,121.0,99.0,649,1715.0,3.0,1718,1718.0,0.0,0,0,,0.0,0.0,0.0,0.0,0.0,2015-10-16,0,0.0,0.0,0.0,0.0,0.0
2015,11,18,3,MQ,3482,N542MQ,COU,ORD,500,455.0,-5.0,10.0,505.0,102.0,113.0,97.0,315,642.0,6.0,642,648.0,6.0,0,0,,0.0,0.0,0.0,0.0,0.0,2015-11-18,0,0.0,0.0,0.0,0.0,0.0
2015,11,7,6,EV,5932,N12195,GSO,ORD,701,653.0,-8.0,10.0,703.0,118.0,111.0,93.0,589,736.0,8.0,759,744.0,-15.0,0,0,,0.0,0.0,0.0,0.0,0.0,2015-11-07,0,0.0,0.0,0.0,0.0,0.0
2015,10,18,7,B6,2067,N353JB,12197,14027,1832,1837.0,5.0,21.0,1858.0,168.0,160.0,136.0,1056,2114.0,3.0,2120,2117.0,-3.0,0,0,,0.0,0.0,0.0,0.0,0.0,2015-10-18,0,0.0,0.0,0.0,0.0,0.0
2015,11,5,4,AA,2345,N3HRAA,DFW,MIA,715,706.0,-9.0,31.0,737.0,167.0,189.0,143.0,1121,1100.0,15.0,1102,1115.0,13.0,0,0,,0.0,0.0,0.0,0.0,0.0,2015-11-05,0,0.0,0.0,0.0,0.0,0.0
2015,10,12,1,EV,2811,N880AS,11298,11778,1640,1635.0,-5.0,14.0,1649.0,63.0,58.0,40.0,227,1729.0,4.0,1743,1733.0,-10.0,0,0,,0.0,0.0,0.0,0.0,0.0,2015-10-12,0,0.0,0.0,0.0,0.0,0.0
2015,10,15,4,EV,5559,N752EV,12953,11057,1100,1100.0,0.0,33.0,1133.0,137.0,128.0,87.0,544,1300.0,8.0,1317,1308.0,-9.0,0,0,,0.0,0.0,0.0,0.0,0.0,2015-10-15,0,0.0,0.0,0.0,0.0,0.0
2015,10,18,7,UA,522,N488UA,12889,12892,1210,1208.0,-2.0,43.0,1251.0,74.0,93.0,40.0,236,1331.0,10.0,1324,1341.0,17.0,0,0,,17.0,0.0,0.0,0.0,0.0,2015-10-18,0,-850.0,-0.0,-0.0,-0.0,-0.0
2015,10,14,3,OO,5468,N912SW,14489,14771,1956,1944.0,-12.0,21.0,2005.0,97.0,102.0,74.0,462,2119.0,7.0,2133,2126.0,-7.0,0,0,,0.0,0.0,0.0,0.0,0.0,2015-10-14,0,0.0,0.0,0.0,0.0,0.0
2015,10,15,4,UA,1588,N76522,11618,14679,650,645.0,-5.0,16.0,701.0,355.0,339.0,320.0,2425,921.0,3.0,945,924.0,-21.0,0,0,,0.0,0.0,0.0,0.0,0.0,2015-10-15,0,0.0,0.0,0.0,0.0,0.0
2015,10,12,1,DL,1960,N959AT,12953,14027,1159,1152.0,-7.0,39.0,1231.0,197.0,178.0,135.0,1035,1446.0,4.0,1516,1450.0,-26.0,0,0,,0.0,0.0,0.0,0.0,0.0,2015-10-12,0,0.0,0.0,0.0,0.0,0.0
2015,11,11,3,UA,410,N76503,SMF,DEN,535,536.0,1.0,11.0,547.0,143.0,139.0,120.0,909,847.0,8.0,858,855.0,-3.0,0,0,,0.0,0.0,0.0,0.0,0.0,2015-11-11,0,0.0,0.0,0.0,0.0,0.0
2015,11,20,5,AA,1127,N004AA,ATL,MIA,645,642.0,-3.0,18.0,700.0,112.0,119.0,92.0,594,832.0,9.0,837,841.0,4.0,0,0,,0.0,0.0,0.0,0.0,0.0,2015-11-20,0,0.0,0.0,0.0,0.0,0.0
2015,10,30,5,WN,2263,N411WN,13232,11292,1540,1540.0,0.0,7.0,1547.0,155.0,155.0,143.0,895,1710.0,5.0,1715,1715.0,0.0,0,0,,0.0,0.0,0.0,0.0,0.0,2015-10-30,0,0.0,0.0,0.0,0.0,0.0
2015,11,8,7,DL,1951,N663DN,ATL,MIA,1340,1339.0,-1.0,11.0,1350.0,118.0,103.0,83.0,594,1513.0,9.0,1538,1522.0,-16.0,0,0,,0.0,0.0,0.0,0.0,0.0,2015-11-08,0,0.0,0.0,0.0,0.0,0.0
2015,10,19,1,EV,5340,N856AS,10208,10397,635,631.0,-4.0,28.0,659.0,55.0,69.0,34.0,143,733.0,7.0,730,740.0,10.0,0,0,,0.0,0.0,0.0,0.0,0.0,2015-10-19,0,0.0,0.0,0.0,0.0,0.0
2015,10,15,4,WN,977,N550WN,10821,10792,805,759.0,-6.0,14.0,813.0,70.0,66.0,49.0,281,902.0,3.0,915,905.0,-10.0,0,0,,0.0,0.0,0.0,0.0,0.0,2015-10-15,0,0.0,0.0,0.0,0.0,0.0
2015,10,20,2,NK,680,N517NK,13495,11697,1935,2008.0,33.0,11.0,2019.0,106.0,107.0,87.0,674,2246.0,9.0,2221,2255.0,34.0,0,0,,34.0,0.0,0.0,0.0,0.0,2015-10-20,1,103.03,0.0,0.0,0.0,0.0
2015,10,14,3,OO,5420,N957SW,13930,13342,1920,1917.0,-3.0,42.0,1959.0,49.0,73.0,25.0,67,2024.0,6.0,2009,2030.0,21.0,0,0,,21.0,0.0,0.0,0.0,0.0,2015-10-14,0,-700.0,-0.0,-0.0,-0.0,-0.0
2015,11,17,2,DL,1573,N982AT,ATL,CHA,2305,2302.0,-3.0,9.0,2311.0,47.0,39.0,25.0,106,2336.0,5.0,2352,2341.0,-11.0,0,0,,0.0,0.0,0.0,0.0,0.0,2015-11-17,0,0.0,0.0,0.0,0.0,0.0
2015,11,19,4,OO,6344,N783SK,SFO,SLC,1919,1916.0,-3.0,16.0,1932.0,105.0,93.0,73.0,599,2145.0,4.0,2204,2149.0,-15.0,0,0,,0.0,0.0,0.0,0.0,0.0,2015-11-19,0,0.0,0.0,0.0,0.0,0.0
2015,11,6,5,WN,412,N421LV,RDU,ATL,1900,1934.0,34.0,25.0,1959.0,85.0,89.0,58.0,356,2057.0,6.0,2025,2103.0,38.0,0,0,,4.0,0.0,0.0,34.0,0.0,2015-11-06,1,11.76,0.0,0.0,100.0,0.0
2015,10,17,6,WN,1220,N705SW,14122,12889,1100,1130.0,30.0,8.0,1138.0,290.0,270.0,257.0,1910,1255.0,5.0,1250,1300.0,10.0,0,0,,0.0,0.0,0.0,0.0,0.0,2015-10-17,1,0.0,0.0,0.0,0.0,0.0
2015,10,28,3,VX,752,N632VA,14771,14747,2045,2041.0,-4.0,11.0,2052.0,120.0,119.0,101.0,679,2233.0,7.0,2245,2240.0,-5.0,0,0,,0.0,0.0,0.0,0.0,0.0,2015-10-28,0,0.0,0.0,0.0,0.0,0.0
2015,10,23,5,EV,4980,N753EV,10397,11778,2115,2112.0,-3.0,20.0,2132.0,112.0,104.0,80.0,579,2152.0,4.0,2207,2156.0,-11.0,0,0,,0.0,0.0,0.0,0.0,0.0,2015-10-23,0,0.0,0.0,0.0,0.0,0.0
2015,10,27,2,OO,6208,N744SK,12266,11042,727,728.0,1.0,29.0,757.0,166.0,165.0,130.0,1091,1107.0,6.0,1113,1113.0,0.0,0,0,,0.0,0.0,0.0,0.0,0.0,2015-10-27,0,0.0,0.0,0.0,0.0,0.0
2015,11,10,2,EV,4422,N16919,PIT,EWR,840,834.0,-6.0,11.0,845.0,84.0,78.0,60.0,319,945.0,7.0,1004,952.0,-12.0,0,0,,0.0,0.0,0.0,0.0,0.0,2015-11-10,0,0.0,0.0,0.0,0.0,0.0
2015,11,3,2,DL,2291,N920DL,ATL,CLE,1915,1913.0,-2.0,16.0,1929.0,114.0,95.0,75.0,554,2044.0,4.0,2109,2048.0,-21.0,0,0,,0.0,0.0,0.0,0.0,0.0,2015-11-03,0,0.0,0.0,0.0,0.0,0.0
2015,11,3,2,AA,1393,N877AA,DFW,SFO,1910,1906.0,-4.0,19.0,1925.0,228.0,213.0,188.0,1464,2033.0,6.0,2058,2039.0,-19.0,0,0,,0.0,0.0,0.0,0.0,0.0,2015-11-03,0,0.0,0.0,0.0,0.0,0.0
2015,11,15,7,UA,387,N62883,LAX,IAH,58,48.0,-10.0,13.0,101.0,188.0,173.0,153.0,1379,534.0,7.0,606,541.0,-25.0,0,0,,0.0,0.0,0.0,0.0,0.0,2015-11-15,0,0.0,0.0,0.0,0.0,0.0
2015,10,15,4,WN,61,N569WN,12992,11259,1935,1930.0,-5.0,8.0,1938.0,65.0,58.0,46.0,296,2024.0,4.0,2040,2028.0,-12.0,0,0,,0.0,0.0,0.0,0.0,0.0,2015-10-15,0,0.0,0.0,0.0,0.0,0.0
2015,11,8,7,VX,885,N523VA,LGA,DAL,1550,1545.0,-5.0,30.0,1615.0,250.0,235.0,197.0,1381,1832.0,8.0,1900,1840.0,-20.0,0,0,,0.0,0.0,0.0,0.0,0.0,2015-11-08,0,0.0,0.0,0.0,0.0,0.0
2015,10,26,1,EV,4360,N13566,12266,11540,1200,1158.0,-2.0,15.0,1213.0,126.0,117.0,98.0,667,1251.0,4.0,1306,1255.0,-11.0,0,0,,0.0,0.0,0.0,0.0,0.0,2015-10-26,0,0.0,0.0,0.0,0.0,0.0
2015,11,15,7,AS,306,N467AS,SFO,PSP,1435,1501.0,26.0,25.0,1526.0,85.0,91.0,62.0,421,1628.0,4.0,1600,1632.0,32.0,0,0,,6.0,0.0,0.0,26.0,0.0,2015-11-15,1,23.08,0.0,0.0,100.0,0.0
2015,10,28,3,OO,4778,N915EV,13487,11823,1921,1925.0,4.0,15.0,1940.0,98.0,95.0,75.0,488,2155.0,5.0,2159,2200.0,1.0,0,0,,0.0,0.0,0.0,0.0,0.0,2015-10-28,0,0.0,0.0,0.0,0.0,0.0
2015,10,16,5,DL,2403,N333NW,11057,11433,1713,1934.0,141.0,17.0,1951.0,106.0,99.0,76.0,500,2107.0,6.0,1859,2113.0,134.0,0,0,,0.0,0.0,134.0,0.0,0.0,2015-10-16,1,0.0,0.0,95.04,0.0,0.0
2015,10,14,3,WN,309,N8621A,11292,13232,1105,1105.0,0.0,10.0,1115.0,140.0,125.0,109.0,895,1404.0,6.0,1425,1410.0,-15.0,0,0,,0.0,0.0,0.0,0.0,0.0,2015-10-14,0,0.0,0.0,0.0,0.0,0.0
2015,11,3,2,AA,2058,N119US,PHL,BOS,2015,2006.0,-9.0,11.0,2017.0,74.0,68.0,50.0,280,2107.0,7.0,2129,2114.0,-15.0,0,0,,0.0,0.0,0.0,0.0,0.0,2015-11-03,0,0.0,0.0,0.0,0.0,0.0
2015,10,12,1,DL,1118,N915AT,10397,11995,1207,1204.0,-3.0,11.0,1215.0,77.0,68.0,54.0,306,1309.0,3.0,1324,1312.0,-12.0,0,0,,0.0,0.0,0.0,0.0,0.0,2015-10-12,0,0.0,0.0,0.0,0.0,0.0
2015,11,10,2,F9,676,N920FR,DEN,MCO,701,658.0,-3.0,10.0,708.0,209.0,193.0,176.0,1546,1204.0,7.0,1230,1211.0,-19.0,0,0,,0.0,0.0,0.0,0.0,0.0,2015-11-10,0,0.0,0.0,0.0,0.0,0.0
2015,11,17,2,AA,1530,N481AA,ATL,ORD,1155,1153.0,-2.0,9.0,1202.0,138.0,136.0,102.0,606,1244.0,25.0,1313,1309.0,-4.0,0,0,,0.0,0.0,0.0,0.0,0.0,2015-11-17,0,0.0,0.0,0.0,0.0,0.0
2015,11,7,6,AA,1141,N3HLAA,LGA,DFW,1300,1303.0,3.0,11.0,1314.0,254.0,230.0,213.0,1389,1547.0,6.0,1614,1553.0,-21.0,0,0,,0.0,0.0,0.0,0.0,0.0,2015-11-07,0,0.0,0.0,0.0,0.0,0.0
2015,11,13,5,WN,314,N7816B,MDW,LIT,840,841.0,1.0,8.0,849.0,105.0,102.0,91.0,544,1020.0,3.0,1025,1023.0,-2.0,0,0,,0.0,0.0,0.0,0.0,0.0,2015-11-13,0,0.0,0.0,0.0,0.0,0.0
2015,11,8,7,WN,5590,N266WN,MDW,PIT,2010,2005.0,-5.0,15.0,2020.0,80.0,83.0,61.0,402,2221.0,7.0,2230,2228.0,-2.0,0,0,,0.0,0.0,0.0,0.0,0.0,2015-11-08,0,0.0,0.0,0.0,0.0,0.0
2015,11,10,2,WN,299,N8307K,DEN,LAX,1205,1218.0,13.0,11.0,1229.0,150.0,176.0,137.0,862,1346.0,28.0,1335,1414.0,39.0,0,0,,26.0,0.0,13.0,0.0,0.0,2015-11-10,0,200.0,0.0,100.0,0.0,0.0
2015,10,21,3,OO,6233,N932EV,11292,12896,1000,957.0,-3.0,24.0,1021.0,87.0,108.0,77.0,456,1238.0,7.0,1227,1245.0,18.0,0,0,,18.0,0.0,0.0,0.0,0.0,2015-10-21,0,-600.0,-0.0,-0.0,-0.0,-0.0
2015,10,26,1,AA,1728,N189UW,14100,13204,800,754.0,-6.0,27.0,821.0,157.0,151.0,119.0,861,1020.0,5.0,1037,1025.0,-12.0,0,0,,0.0,0.0,0.0,0.0,0.0,2015-10-26,0,0.0,0.0,0.0,0.0,0.0
2015,11,8,7,F9,624,N920FR,DEN,DTW,1530,1520.0,-10.0,12.0,1532.0,159.0,160.0,139.0,1123,1951.0,9.0,2009,2000.0,-9.0,0,0,,0.0,0.0,0.0,0.0,0.0,2015-11-08,0,0.0,0.0,0.0,0.0,0.0
2015,11,18,3,WN,2263,N653SW,BNA,RDU,2225,2232.0,7.0,6.0,2238.0,80.0,76.0,66.0,442,44.0,4.0,45,48.0,3.0,0,0,,0.0,0.0,0.0,0.0,0.0,2015-11-18,0,0.0,0.0,0.0,0.0,0.0
2015,11,10,2,WN,1022,N935WN,BWI,ALB,1900,1916.0,16.0,11.0,1927.0,70.0,63.0,48.0,289,2015.0,4.0,2010,2019.0,9.0,0,0,,0.0,0.0,0.0,0.0,0.0,2015-11-10,1,0.0,0.0,0.0,0.0,0.0
2015,11,5,4,OO,4979,N744SK,IAH,MKE,1611,1606.0,-5.0,18.0,1624.0,154.0,166.0,141.0,984,1845.0,7.0,1845,1852.0,7.0,0,0,,0.0,0.0,0.0,0.0,0.0,2015-11-05,0,0.0,0.0,0.0,0.0,0.0
2015,11,3,2,AA,340,N437AA,DFW,MCI,1210,1208.0,-2.0,23.0,1231.0,99.0,94.0,65.0,460,1336.0,6.0,1349,1342.0,-7.0,0,0,,0.0,0.0,0.0,0.0,0.0,2015-11-03,0,0.0,0.0,0.0,0.0,0.0
2015,10,27,2,DL,2532,N3752,10721,12892,1801,1812.0,11.0,15.0,1827.0,394.0,380.0,351.0,2611,2118.0,14.0,2135,2132.0,-3.0,0,0,,0.0,0.0,0.0,0.0,0.0,2015-10-27,0,0.0,0.0,0.0,0.0,0.0
2015,11,1,7,EV,4466,N12163,MCI,IAH,1829,1819.0,-10.0,12.0,1831.0,125.0,121.0,92.0,643,2003.0,17.0,2034,2020.0,-14.0,0,0,,0.0,0.0,0.0,0.0,0.0,2015-11-01,0,0.0,0.0,0.0,0.0,0.0
2015,10,16,5,HA,1,N386HA,12892,12173,840,837.0,-3.0,13.0,850.0,360.0,353.0,336.0,2556,1126.0,4.0,1140,1130.0,-10.0,0,0,,0.0,0.0,0.0,0.0,0.0,2015-10-16,0,0.0,0.0,0.0,0.0,0.0
2015,10,16,5,AS,138,N570AS,10299,13930,2325,2322.0,-3.0,8.0,2330.0,363.0,387.0,330.0,2846,800.0,49.0,828,849.0,21.0,0,0,,21.0,0.0,0.0,0.0,0.0,2015-10-16,0,-700.0,-0.0,-0.0,-0.0,-0.0
2015,10,27,2,B6,488,N651JB,12892,10721,1125,1124.0,-1.0,14.0,1138.0,319.0,315.0,292.0,2611,1930.0,9.0,1944,1939.0,-5.0,0,0,,0.0,0.0,0.0,0.0,0.0,2015-10-27,0,0.0,0.0,0.0,0.0,0.0
2015,11,15,7,WN,4050,N7721E,DEN,HOU,1340,1346.0,6.0,8.0,1354.0,140.0,122.0,111.0,883,1645.0,3.0,1700,1648.0,-12.0,0,0,,0.0,0.0,0.0,0.0,0.0,2015-11-15,0,0.0,0.0,0.0,0.0,0.0
2015,11,17,2,AA,733,N124US,CLT,MSY,1855,1847.0,-8.0,19.0,1906.0,127.0,121.0,99.0,651,1945.0,3.0,2002,1948.0,-14.0,0,0,,0.0,0.0,0.0,0.0,0.0,2015-11-17,0,0.0,0.0,0.0,0.0,0.0
2015,10,26,1,NK,940,N532NK,11298,13930,617,609.0,-8.0,11.0,620.0,144.0,129.0,104.0,802,804.0,14.0,841,818.0,-23.0,0,0,,0.0,0.0,0.0,0.0,0.0,2015-10-26,0,0.0,0.0,0.0,0.0,0.0
2015,10,15,4,DL,2339,N3754A,14869,10140,2203,2158.0,-5.0,10.0,2208.0,89.0,81.0,64.0,493,2312.0,7.0,2332,2319.0,-13.0,0,0,,0.0,0.0,0.0,0.0,0.0,2015-10-15,0,0.0,0.0,0.0,0.0,0.0
2015,11,5,4,WN,1785,N366SW,PHX,SAN,2045,2110.0,25.0,12.0,2122.0,70.0,69.0,53.0,304,2115.0,4.0,2055,2119.0,24.0,0,0,,0.0,0.0,1.0,23.0,0.0,2015-11-05,1,0.0,0.0,4.0,92.0,0.0
2015,10,14,3,EV,6037,N14198,12266,10279,1430,1425.0,-5.0,8.0,1433.0,106.0,93.0,72.0,517,1545.0,13.0,1616,1558.0,-18.0,0,0,,0.0,0.0,0.0,0.0,0.0,2015-10-14,0,0.0,0.0,0.0,0.0,0.0
2015,10,20,2,AA,1876,N825AW,11278,13204,1725,1724.0,-1.0,16.0,1740.0,139.0,130.0,104.0,759,1924.0,10.0,1944,1934.0,-10.0,0,0,,0.0,0.0,0.0,0.0,0.0,2015-10-20,0,0.0,0.0,0.0,0.0,0.0
2015,11,15,7,OO,6314,N718SK,MAF,IAH,1051,1049.0,-2.0,13.0,1102.0,88.0,80.0,59.0,429,1201.0,8.0,1219,1209.0,-10.0,0,0,,0.0,0.0,0.0,0.0,0.0,2015-11-15,0,0.0,0.0,0.0,0.0,0.0
2015,10,19,1,EV,5915,N13913,13422,13930,1322,1312.0,-10.0,14.0,1326.0,148.0,149.0,123.0,778,1529.0,12.0,1550,1541.0,-9.0,0,0,,0.0,0.0,0.0,0.0,0.0,2015-10-19,0,0.0,0.0,0.0,0.0,0.0
2015,10,20,2,OO,4662,N608SK,15370,14869,1743,1738.0,-5.0,16.0,1754.0,162.0,148.0,129.0,926,1903.0,3.0,1925,1906.0,-19.0,0,0,,0.0,0.0,0.0,0.0,0.0,2015-10-20,0,0.0,0.0,0.0,0.0,0.0
2015,11,6,5,DL,1467,N912DN,STL,MSP,911,908.0,-3.0,9.0,917.0,91.0,81.0,64.0,448,1021.0,8.0,1042,1029.0,-13.0,0,0,,0.0,0.0,0.0,0.0,0.0,2015-11-06,0,0.0,0.0,0.0,0.0,0.0
2015,10,18,7,MQ,3253,N643MQ,11986,13930,1110,1102.0,-8.0,12.0,1114.0,61.0,59.0,29.0,137,1043.0,18.0,1111,1101.0,-10.0,0,0,,0.0,0.0,0.0,0.0,0.0,2015-10-18,0,0.0,0.0,0.0,0.0,0.0
2015,10,28,3,EV,2753,N675AE,11298,15401,850,844.0,-6.0,27.0,911.0,60.0,76.0,41.0,181,952.0,8.0,950,1000.0,10.0,0,0,,0.0,0.0,0.0,0.0,0.0,2015-10-28,0,0.0,0.0,0.0,0.0,0.0
2015,11,6,5,EV,4214,N14180,CLE,DCA,1239,1230.0,-9.0,26.0,1256.0,82.0,84.0,54.0,310,1350.0,4.0,1401,1354.0,-7.0,0,0,,0.0,0.0,0.0,0.0,0.0,2015-11-06,0,0.0,0.0,0.0,0.0,0.0
2015,11,9,1,UA,257,N12225,MCO,DEN,1549,1548.0,-1.0,12.0,1600.0,246.0,232.0,213.0,1546,1733.0,7.0,1755,1740.0,-15.0,0,0,,0.0,0.0,0.0,0.0,0.0,2015-11-09,0,0.0,0.0,0.0,0.0,0.0
2015,10,26,1,AA,1925,N118US,15304,14100,1210,1214.0,4.0,10.0,1224.0,149.0,134.0,117.0,920,1421.0,7.0,1439,1428.0,-11.0,0,0,,0.0,0.0,0.0,0.0,0.0,2015-10-26,0,0.0,0.0,0.0,0.0,0.0
2015,11,5,4,OO,3474,N215AG,SEA,FAT,1435,1428.0,-7.0,11.0,1439.0,121.0,103.0,88.0,748,1607.0,4.0,1636,1611.0,-25.0,0,0,,0.0,0.0,0.0,0.0,0.0,2015-11-05,0,0.0,0.0,0.0,0.0,0.0
2015,10,18,7,EV,2765,N633AE,11298,15411,900,853.0,-7.0,16.0,909.0,51.0,46.0,23.0,102,932.0,7.0,951,939.0,-12.0,0,0,,0.0,0.0,0.0,0.0,0.0,2015-10-18,0,0.0,0.0,0.0,0.0,0.0
2015,11,2,1,WN,221,N603SW,MCO,BWI,1455,1451.0,-4.0,12.0,1503.0,125.0,119.0,103.0,787,1646.0,4.0,1700,1650.0,-10.0,0,0,,0.0,0.0,0.0,0.0,0.0,2015-11-02,0,0.0,0.0,0.0,0.0,0.0
2015,11,11,3,VX,338,N836VA,LAX,FLL,2155,2157.0,2.0,11.0,2208.0,290.0,274.0,257.0,2343,525.0,6.0,545,531.0,-14.0,0,0,,0.0,0.0,0.0,0.0,0.0,2015-11-11,0,0.0,0.0,0.0,0.0,0.0
2015,10,19,1,WN,969,N639SW,11697,10693,1835,1830.0,-5.0,17.0,1847.0,140.0,140.0,117.0,793,1944.0,6.0,1955,1950.0,-5.0,0,0,,0.0,0.0,0.0,0.0,0.0,2015-10-19,0,0.0,0.0,0.0,0.0,0.0
2015,10,19,1,EV,2810,N673AE,11298,15411,1701,1657.0,-4.0,33.0,1730.0,47.0,61.0,20.0,102,1750.0,8.0,1748,1758.0,10.0,0,0,,0.0,0.0,0.0,0.0,0.0,2015-10-19,0,0.0,0.0,0.0,0.0,0.0
2015,11,9,1,MQ,3106,N653MQ,DFW,DRO,1450,1446.0,-4.0,20.0,1506.0,128.0,133.0,110.0,674,1556.0,3.0,1558,1559.0,1.0,0,0,,0.0,0.0,0.0,0.0,0.0,2015-11-09,0,0.0,0.0,0.0,0.0,0.0
2015,10,21,3,OO,5217,N786SK,12266,11193,1917,1911.0,-6.0,24.0,1935.0,139.0,136.0,106.0,871,2221.0,6.0,2236,2227.0,-9.0,0,0,,0.0,0.0,0.0,0.0,0.0,2015-10-21,0,0.0,0.0,0.0,0.0,0.0
2015,11,11,3,DL,1868,N682DA,ATL,AUS,835,832.0,-3.0,28.0,900.0,149.0,153.0,121.0,813,1001.0,4.0,1004,1005.0,1.0,0,0,,0.0,0.0,0.0,0.0,0.0,2015-11-11,0,0.0,0.0,0.0,0.0,0.0
2015,10,20,2,HA,250,N477HA,13830,12758,1447,1444.0,-3.0,8.0,1452.0,32.0,33.0,20.0,84,1512.0,5.0,1519,1517.0,-2.0,0,0,,0.0,0.0,0.0,0.0,0.0,2015-10-20,0,0.0,0.0,0.0,0.0,0.0
2015,11,5,4,AA,2471,N3HLAA,LAX,MIA,2155,2154.0,-1.0,20.0,2214.0,288.0,291.0,264.0,2342,538.0,7.0,543,545.0,2.0,0,0,,0.0,0.0,0.0,0.0,0.0,2015-11-05,0,0.0,0.0,0.0,0.0,0.0
2015,10,23,5,EV,4963,N759EV,12953,14524,814,832.0,18.0,37.0,909.0,101.0,94.0,50.0,292,959.0,7.0,955,1006.0,11.0,0,0,,0.0,0.0,0.0,0.0,0.0,2015-10-23,1,0.0,0.0,0.0,0.0,0.0
2015,11,19,4,AA,1646,N3JTAA,DFW,TUL,1540,1542.0,2.0,15.0,1557.0,64.0,56.0,38.0,237,1635.0,3.0,1644,1638.0,-6.0,0,0,,0.0,0.0,0.0,0.0,0.0,2015-11-19,0,0.0,0.0,0.0,0.0,0.0
2015,10,22,4,DL,1818,N952AT,12892,12889,1110,1129.0,19.0,29.0,1158.0,70.0,85.0,48.0,236,1246.0,8.0,1220,1254.0,34.0,0,0,,15.0,0.0,0.0,19.0,0.0,2015-10-22,1,78.95,0.0,0.0,100.0,0.0
2015,11,13,5,AA,1277,N3JXAA,ORD,CLT,1830,1825.0,-5.0,36.0,1901.0,124.0,130.0,87.0,599,2128.0,7.0,2134,2135.0,1.0,0,0,,0.0,0.0,0.0,0.0,0.0,2015-11-13,0,0.0,0.0,0.0,0.0,0.0
2015,10,28,3,DL,2509,N319NB,10397,11995,1800,1800.0,0.0,12.0,1812.0,78.0,67.0,50.0,306,1902.0,5.0,1918,1907.0,-11.0,0,0,,0.0,0.0,0.0,0.0,0.0,2015-10-28,0,0.0,0.0,0.0,0.0,0.0
2015,11,16,1,WN,1775,N914WN,BWI,MDW,2210,2207.0,-3.0,16.0,2223.0,130.0,114.0,93.0,611,2256.0,5.0,2320,2301.0,-19.0,0,0,,0.0,0.0,0.0,0.0,0.0,2015-11-16,0,0.0,0.0,0.0,0.0,0.0
2015,11,2,1,DL,746,N195DN,ATL,DTW,2055,2100.0,5.0,17.0,2117.0,114.0,102.0,78.0,594,2235.0,7.0,2249,2242.0,-7.0,0,0,,0.0,0.0,0.0,0.0,0.0,2015-11-02,0,0.0,0.0,0.0,0.0,0.0
2015,10,30,5,AS,519,N526AS,14908,14747,700,648.0,-12.0,25.0,713.0,175.0,205.0,170.0,978,1003.0,10.0,955,1013.0,18.0,0,0,,18.0,0.0,0.0,0.0,0.0,2015-10-30,0,-150.0,-0.0,-0.0,-0.0,-0.0
2015,11,6,5,AA,1776,N958UW,PHL,BOS,1215,1211.0,-4.0,15.0,1226.0,71.0,70.0,50.0,280,1316.0,5.0,1326,1321.0,-5.0,0,0,,0.0,0.0,0.0,0.0,0.0,2015-11-06,0,0.0,0.0,0.0,0.0,0.0
2015,10,11,7,DL,2044,N315NB,12892,14747,1050,1053.0,3.0,14.0,1107.0,165.0,152.0,130.0,954,1317.0,8.0,1335,1325.0,-10.0,0,0,,0.0,0.0,0.0,0.0,0.0,2015-10-11,0,0.0,0.0,0.0,0.0,0.0
2015,11,14,6,WN,1206,N965WN,FLL,MSY,1600,1556.0,-4.0,13.0,1609.0,125.0,113.0,95.0,674,1644.0,5.0,1705,1649.0,-16.0,0,0,,0.0,0.0,0.0,0.0,0.0,2015-11-14,0,0.0,0.0,0.0,0.0,0.0
2015,10,28,3,NK,138,N640NK,11697,13204,740,733.0,-7.0,16.0,749.0,55.0,62.0,38.0,177,827.0,8.0,835,835.0,0.0,0,0,,0.0,0.0,0.0,0.0,0.0,2015-10-28,0,0.0,0.0,0.0,0.0,0.0
2015,10,14,3,DL,1912,N581NW,14869,10397,1420,1414.0,-6.0,19.0,1433.0,214.0,213.0,184.0,1590,1937.0,10.0,1954,1947.0,-7.0,0,0,,0.0,0.0,0.0,0.0,0.0,2015-10-14,0,0.0,0.0,0.0,0.0,0.0
2015,11,18,3,OO,5266,N715SK,AUS,ORD,700,1235.0,335.0,17.0,1252.0,160.0,191.0,169.0,977,1541.0,5.0,940,1546.0,366.0,0,0,,366.0,0.0,0.0,0.0,0.0,2015-11-18,1,109.25,0.0,0.0,0.0,0.0
2015,10,20,2,WN,897,N213WN,11259,13232,745,742.0,-3.0,7.0,749.0,135.0,119.0,106.0,793,935.0,6.0,1000,941.0,-19.0,0,0,,0.0,0.0,0.0,0.0,0.0,2015-10-20,0,0.0,0.0,0.0,0.0,0.0
2015,10,15,4,WN,2933,N455WN,12889,10397,1240,1242.0,2.0,19.0,1301.0,235.0,228.0,201.0,1747,1922.0,8.0,1935,1930.0,-5.0,0,0,,0.0,0.0,0.0,0.0,0.0,2015-10-15,0,0.0,0.0,0.0,0.0,0.0
2015,11,10,2,DL,2244,N942DL,MCO,JFK,1455,1742.0,167.0,16.0,1758.0,158.0,151.0,125.0,944,2003.0,10.0,1733,2013.0,160.0,0,0,,14.0,0.0,146.0,0.0,0.0,2015-11-10,1,8.38,0.0,87.43,0.0,0.0
2015,11,11,3,NK,851,N629NK,DTW,MYR,1226,1223.0,-3.0,12.0,1235.0,109.0,102.0,85.0,636,1400.0,5.0,1415,1405.0,-10.0,0,0,,0.0,0.0,0.0,0.0,0.0,2015-11-11,0,0.0,0.0,0.0,0.0,0.0
2015,11,15,7,WN,1419,N7732A,DCA,HOU,1645,1646.0,1.0,15.0,1701.0,220.0,189.0,170.0,1218,1851.0,4.0,1925,1855.0,-30.0,0,0,,0.0,0.0,0.0,0.0,0.0,2015-11-15,0,0.0,0.0,0.0,0.0,0.0
2015,11,6,5,OO,5653,N762SK,AUS,LAX,720,742.0,22.0,26.0,808.0,210.0,201.0,169.0,1242,857.0,6.0,850,903.0,13.0,0,0,,0.0,0.0,0.0,0.0,0.0,2015-11-06,1,0.0,0.0,0.0,0.0,0.0
2015,10,12,1,F9,507,N219FR,12953,11292,2250,2248.0,-2.0,22.0,2310.0,272.0,243.0,212.0,1620,42.0,9.0,122,51.0,-31.0,0,0,,0.0,0.0,0.0,0.0,0.0,2015-10-12,0,0.0,0.0,0.0,0.0,0.0
2015,11,3,2,WN,1537,N456WN,ABQ,PHX,1115,1113.0,-2.0,6.0,1119.0,75.0,70.0,58.0,328,1217.0,6.0,1230,1223.0,-7.0,0,0,,0.0,0.0,0.0,0.0,0.0,2015-11-03,0,0.0,0.0,0.0,0.0,0.0
2015,11,5,4,B6,1415,N934JB,JFK,SFO,1950,2034.0,44.0,36.0,2110.0,398.0,401.0,358.0,2586,8.0,7.0,2328,15.0,47.0,0,0,,3.0,0.0,21.0,23.0,0.0,2015-11-05,1,6.82,0.0,47.73,52.27,0.0
2015,11,8,7,AA,1885,N828AW,STL,CLT,1621,1626.0,5.0,14.0,1640.0,108.0,109.0,84.0,575,1904.0,11.0,1909,1915.0,6.0,0,0,,0.0,0.0,0.0,0.0,0.0,2015-11-08,0,0.0,0.0,0.0,0.0,0.0
2015,11,17,2,HA,115,N489HA,OGG,HNL,738,727.0,-11.0,6.0,733.0,35.0,37.0,23.0,100,756.0,8.0,813,804.0,-9.0,0,0,,0.0,0.0,0.0,0.0,0.0,2015-11-17,0,0.0,0.0,0.0,0.0,0.0
2015,10,28,3,WN,434,N8317M,11278,10423,1745,1839.0,54.0,67.0,1946.0,215.0,272.0,201.0,1315,2207.0,4.0,2020,2211.0,111.0,0,0,,57.0,0.0,0.0,49.0,5.0,2015-10-28,1,105.56,0.0,0.0,90.74,9.26
2015,11,8,7,EV,5582,N871AS,ATL,CRW,950,946.0,-4.0,20.0,1006.0,80.0,76.0,55.0,363,1101.0,1.0,1110,1102.0,-8.0,0,0,,0.0,0.0,0.0,0.0,0.0,2015-11-08,0,0.0,0.0,0.0,0.0,0.0
2015,10,26,1,DL,1163,N950AT,10397,12448,1050,1051.0,1.0,16.0,1107.0,80.0,78.0,56.0,341,1103.0,6.0,1110,1109.0,-1.0,0,0,,0.0,0.0,0.0,0.0,0.0,2015-10-26,0,0.0,0.0,0.0,0.0,0.0
2015,10,17,6,UA,1157,N66803,11292,12892,1120,1131.0,11.0,18.0,1149.0,150.0,158.0,117.0,862,1246.0,23.0,1250,1309.0,19.0,0,0,,8.0,0.0,11.0,0.0,0.0,2015-10-17,0,72.73,0.0,100.0,0.0,0.0
2015,11,15,7,WN,5033,N784SW,SNA,SEA,830,831.0,1.0,10.0,841.0,175.0,146.0,129.0,978,1050.0,7.0,1125,1057.0,-28.0,0,0,,0.0,0.0,0.0,0.0,0.0,2015-11-15,0,0.0,0.0,0.0,0.0,0.0
2015,11,13,5,WN,133,N456WN,LGA,ATL,1425,1434.0,9.0,49.0,1523.0,170.0,184.0,128.0,762,1731.0,7.0,1715,1738.0,23.0,0,0,,14.0,0.0,9.0,0.0,0.0,2015-11-13,0,155.56,0.0,100.0,0.0,0.0
2015,10,26,1,DL,1340,N976DL,10980,10397,700,700.0,0.0,13.0,713.0,46.0,52.0,30.0,106,743.0,9.0,746,752.0,6.0,0,0,,0.0,0.0,0.0,0.0,0.0,2015-10-26,0,0.0,0.0,0.0,0.0,0.0
2015,11,11,3,EV,2813,N633AE,SHV,DFW,1158,1145.0,-13.0,6.0,1151.0,70.0,89.0,76.0,190,1307.0,7.0,1308,1314.0,6.0,0,0,,0.0,0.0,0.0,0.0,0.0,2015-11-11,0,0.0,0.0,0.0,0.0,0.0
2015,10,13,2,WN,2139,N780SW,14893,14057,955,952.0,-3.0,8.0,1000.0,85.0,84.0,70.0,479,1110.0,6.0,1120,1116.0,-4.0,0,0,,0.0,0.0,0.0,0.0,0.0,2015-10-13,0,0.0,0.0,0.0,0.0,0.0
2015,10,30,5,EV,3848,N14991,12992,12266,1854,1847.0,-7.0,56.0,1943.0,90.0,141.0,74.0,374,2057.0,11.0,2024,2108.0,44.0,0,0,,44.0,0.0,0.0,0.0,0.0,2015-10-30,0,-628.57,-0.0,-0.0,-0.0,-0.0
2015,11,6,5,AA,1195,N3BEAA,PHL,MIA,1610,1615.0,5.0,21.0,1636.0,181.0,170.0,138.0,1013,1854.0,11.0,1911,1905.0,-6.0,0,0,,0.0,0.0,0.0,0.0,0.0,2015-11-06,0,0.0,0.0,0.0,0.0,0.0
2015,11,17,2,DL,1813,N916DL,ATL,HOU,1455,1601.0,66.0,9.0,1610.0,136.0,149.0,138.0,696,1728.0,2.0,1611,1730.0,79.0,0,0,,13.0,0.0,66.0,0.0,0.0,2015-11-17,1,19.7,0.0,100.0,0.0,0.0
2015,11,6,5,WN,2022,N8614M,BWI,ISP,2225,2224.0,-1.0,28.0,2252.0,65.0,71.0,39.0,220,2331.0,4.0,2330,2335.0,5.0,0,0,,0.0,0.0,0.0,0.0,0.0,2015-11-06,0,0.0,0.0,0.0,0.0,0.0
2015,10,18,7,DL,1386,N968DL,10397,12953,1145,1138.0,-7.0,12.0,1150.0,134.0,117.0,99.0,762,1329.0,6.0,1359,1335.0,-24.0,0,0,,0.0,0.0,0.0,0.0,0.0,2015-10-18,0,0.0,0.0,0.0,0.0,0.0
2015,11,19,4,DL,369,N140LL,LAX,ATL,725,724.0,-1.0,25.0,749.0,247.0,244.0,211.0,1947,1420.0,8.0,1432,1428.0,-4.0,0,0,,0.0,0.0,0.0,0.0,0.0,2015-11-19,0,0.0,0.0,0.0,0.0,0.0
2015,11,6,5,WN,2446,N8655D,LAS,ABQ,2050,2047.0,-3.0,9.0,2056.0,85.0,81.0,65.0,486,2301.0,7.0,2315,2308.0,-7.0,0,0,,0.0,0.0,0.0,0.0,0.0,2015-11-06,0,0.0,0.0,0.0,0.0,0.0
2015,11,17,2,DL,2225,N917DE,PVD,ATL,1234,1232.0,-2.0,9.0,1241.0,171.0,142.0,126.0,903,1447.0,7.0,1525,1454.0,-31.0,0,0,,0.0,0.0,0.0,0.0,0.0,2015-11-17,0,0.0,0.0,0.0,0.0,0.0
2015,11,18,3,WN,933,N254WN,TPA,IND,830,825.0,-5.0,10.0,835.0,140.0,140.0,124.0,837,1039.0,6.0,1050,1045.0,-5.0,0,0,,0.0,0.0,0.0,0.0,0.0,2015-11-18,0,0.0,0.0,0.0,0.0,0.0
2015,11,12,4,WN,2609,N208WN,HOU,STL,1945,1959.0,14.0,10.0,2009.0,110.0,100.0,86.0,687,2135.0,4.0,2135,2139.0,4.0,0,0,,0.0,0.0,0.0,0.0,0.0,2015-11-12,0,0.0,0.0,0.0,0.0,0.0
2015,11,9,1,WN,600,N607SW,DEN,PIT,1800,1751.0,-9.0,19.0,1810.0,175.0,175.0,152.0,1290,2242.0,4.0,2255,2246.0,-9.0,0,0,,0.0,0.0,0.0,0.0,0.0,2015-11-09,0,0.0,0.0,0.0,0.0,0.0
2015,10,16,5,MQ,3290,N520MQ,13930,12451,2030,2030.0,0.0,19.0,2049.0,152.0,127.0,101.0,864,2330.0,7.0,2,2337.0,-25.0,0,0,,0.0,0.0,0.0,0.0,0.0,2015-10-16,0,0.0,0.0,0.0,0.0,0.0
2015,11,6,5,OO,5394,N920SW,OTH,SFO,1408,1403.0,-5.0,33.0,1436.0,90.0,101.0,63.0,412,1539.0,5.0,1538,1544.0,6.0,0,0,,0.0,0.0,0.0,0.0,0.0,2015-11-06,0,0.0,0.0,0.0,0.0,0.0
2015,10,30,5,B6,1730,N524JB,14635,12478,1855,1846.0,-9.0,8.0,1854.0,164.0,157.0,140.0,1074,2114.0,9.0,2139,2123.0,-16.0,0,0,,0.0,0.0,0.0,0.0,0.0,2015-10-30,0,0.0,0.0,0.0,0.0,0.0
2015,11,9,1,WN,2952,N363SW,DAL,SAT,1940,2000.0,20.0,9.0,2009.0,60.0,54.0,41.0,248,2050.0,4.0,2040,2054.0,14.0,0,0,,0.0,0.0,0.0,0.0,0.0,2015-11-09,1,0.0,0.0,0.0,0.0,0.0
2015,10,21,3,UA,1531,N39475,14771,14492,1510,1507.0,-3.0,13.0,1520.0,312.0,296.0,279.0,2400,2259.0,4.0,2322,2303.0,-19.0,0,0,,0.0,0.0,0.0,0.0,0.0,2015-10-21,0,0.0,0.0,0.0,0.0,0.0
2015,10,13,2,UA,771,N837UA,11292,15370,1359,1354.0,-5.0,14.0,1408.0,94.0,88.0,69.0,541,1617.0,5.0,1633,1622.0,-11.0,0,0,,0.0,0.0,0.0,0.0,0.0,2015-10-13,0,0.0,0.0,0.0,0.0,0.0
2015,10,13,2,AA,2442,N3KBAA,12892,11298,1050,1051.0,1.0,13.0,1104.0,193.0,181.0,154.0,1235,1538.0,14.0,1603,1552.0,-11.0,0,0,,0.0,0.0,0.0,0.0,0.0,2015-10-13,0,0.0,0.0,0.0,0.0,0.0
2015,11,13,5,NK,574,N528NK,FLL,TPA,2105,2137.0,32.0,17.0,2154.0,56.0,60.0,37.0,197,2231.0,6.0,2201,2237.0,36.0,0,0,,4.0,0.0,2.0,30.0,0.0,2015-11-13,1,12.5,0.0,6.25,93.75,0.0
2015,10,24,6,DL,967,N695DL,14635,10397,800,813.0,13.0,12.0,825.0,107.0,99.0,77.0,515,942.0,10.0,947,952.0,5.0,0,0,,0.0,0.0,0.0,0.0,0.0,2015-10-24,0,0.0,0.0,0.0,0.0,0.0
2015,11,10,2,WN,2184,N399WN,HOU,OKC,2155,2156.0,1.0,15.0,2211.0,80.0,85.0,67.0,419,2318.0,3.0,2315,2321.0,6.0,0,0,,0.0,0.0,0.0,0.0,0.0,2015-11-10,0,0.0,0.0,0.0,0.0,0.0
2015,11,9,1,HA,171,N493HA,HNL,LIH,1407,1403.0,-4.0,17.0,1420.0,43.0,45.0,23.0,102,1443.0,5.0,1450,1448.0,-2.0,0,0,,0.0,0.0,0.0,0.0,0.0,2015-11-09,0,0.0,0.0,0.0,0.0,0.0
2015,10,19,1,AA,632,N189UW,14107,12478,2135,2132.0,-3.0,11.0,2143.0,285.0,275.0,252.0,2153,455.0,12.0,520,507.0,-13.0,0,0,,0.0,0.0,0.0,0.0,0.0,2015-10-19,0,0.0,0.0,0.0,0.0,0.0
2015,11,5,4,OO,4582,N8923A,MSP,BIS,1726,1727.0,1.0,15.0,1742.0,99.0,82.0,64.0,386,1846.0,3.0,1905,1849.0,-16.0,0,0,,0.0,0.0,0.0,0.0,0.0,2015-11-05,0,0.0,0.0,0.0,0.0,0.0
2015,10,31,6,AA,435,N196UW,11292,14107,800,800.0,0.0,19.0,819.0,129.0,106.0,79.0,602,838.0,8.0,909,846.0,-23.0,0,0,,0.0,0.0,0.0,0.0,0.0,2015-10-31,0,0.0,0.0,0.0,0.0,0.0
2015,11,1,7,DL,2499,N950DN,LGA,ATL,1600,1619.0,19.0,18.0,1637.0,170.0,151.0,124.0,762,1841.0,9.0,1850,1850.0,0.0,0,0,,0.0,0.0,0.0,0.0,0.0,2015-11-01,1,0.0,0.0,0.0,0.0,0.0
2015,11,15,7,OO,5525,N788SK,DEN,TUS,1858,1849.0,-9.0,14.0,1903.0,123.0,128.0,107.0,639,2050.0,7.0,2101,2057.0,-4.0,0,0,,0.0,0.0,0.0,0.0,0.0,2015-11-15,0,0.0,0.0,0.0,0.0,0.0
2015,11,15,7,DL,676,N6703D,STT,JFK,1430,1419.0,-11.0,24.0,1443.0,250.0,263.0,221.0,1623,1724.0,18.0,1740,1742.0,2.0,0,0,,0.0,0.0,0.0,0.0,0.0,2015-11-15,0,0.0,0.0,0.0,0.0,0.0
2015,10,23,5,EV,6129,N11565,13930,11203,2100,2058.0,-2.0,14.0,2112.0,64.0,59.0,40.0,213,2152.0,5.0,2204,2157.0,-7.0,0,0,,0.0,0.0,0.0,0.0,0.0,2015-10-23,0,0.0,0.0,0.0,0.0,0.0
2015,10,28,3,UA,741,N811UA,12953,13930,1600,1604.0,4.0,20.0,1624.0,174.0,152.0,112.0,733,1716.0,20.0,1754,1736.0,-18.0,0,0,,0.0,0.0,0.0,0.0,0.0,2015-10-28,0,0.0,0.0,0.0,0.0,0.0
2015,11,1,7,HA,104,N485HA,LIH,HNL,620,615.0,-5.0,6.0,621.0,32.0,32.0,21.0,102,642.0,5.0,652,647.0,-5.0,0,0,,0.0,0.0,0.0,0.0,0.0,2015-11-01,0,0.0,0.0,0.0,0.0,0.0
2015,11,16,1,WN,2703,N633SW,LAX,SJC,1835,1837.0,2.0,5.0,1842.0,70.0,62.0,53.0,308,1935.0,4.0,1945,1939.0,-6.0,0,0,,0.0,0.0,0.0,0.0,0.0,2015-11-16,0,0.0,0.0,0.0,0.0,0.0
2015,11,11,3,UA,289,N418UA,DEN,AUS,1730,1724.0,-6.0,12.0,1736.0,132.0,116.0,100.0,775,2016.0,4.0,2042,2020.0,-22.0,0,0,,0.0,0.0,0.0,0.0,0.0,2015-11-11,0,0.0,0.0,0.0,0.0,0.0
2015,11,16,1,WN,412,N279WN,BWI,BUF,950,949.0,-1.0,13.0,1002.0,70.0,62.0,46.0,281,1048.0,3.0,1100,1051.0,-9.0,0,0,,0.0,0.0,0.0,0.0,0.0,2015-11-16,0,0.0,0.0,0.0,0.0,0.0
2015,10,24,6,AA,2317,N3AJAA,13303,15027,1900,1925.0,25.0,19.0,1944.0,166.0,152.0,130.0,1139,2154.0,3.0,2146,2157.0,11.0,0,0,,0.0,0.0,0.0,0.0,0.0,2015-10-24,1,0.0,0.0,0.0,0.0,0.0
2015,10,18,7,WN,261,N365SW,15016,14100,1915,1922.0,7.0,9.0,1931.0,125.0,123.0,108.0,814,2219.0,6.0,2220,2225.0,5.0,0,0,,0.0,0.0,0.0,0.0,0.0,2015-10-18,0,0.0,0.0,0.0,0.0,0.0
2015,10,19,1,EV,3854,N13913,11057,12266,900,903.0,3.0,11.0,914.0,166.0,151.0,130.0,912,1024.0,10.0,1046,1034.0,-12.0,0,0,,0.0,0.0,0.0,0.0,0.0,2015-10-19,0,0.0,0.0,0.0,0.0,0.0
2015,10,30,5,OO,4470,N187PQ,13891,14869,1630,1621.0,-9.0,14.0,1635.0,104.0,109.0,91.0,558,1906.0,4.0,1914,1910.0,-4.0,0,0,,0.0,0.0,0.0,0.0,0.0,2015-10-30,0,0.0,0.0,0.0,0.0,0.0
2015,11,8,7,OO,4510,N604SK,BOI,SLC,1805,1756.0,-9.0,8.0,1804.0,69.0,62.0,47.0,290,1851.0,7.0,1914,1858.0,-16.0,0,0,,0.0,0.0,0.0,0.0,0.0,2015-11-08,0,0.0,0.0,0.0,0.0,0.0
2015,10,12,1,EV,4725,N13994,10781,12266,1425,1415.0,-10.0,10.0,1425.0,73.0,62.0,46.0,253,1511.0,6.0,1538,1517.0,-21.0,0,0,,0.0,0.0,0.0,0.0,0.0,2015-10-12,0,0.0,0.0,0.0,0.0,0.0
2015,11,10,2,DL,2103,N923DL,CVG,ATL,1205,1200.0,-5.0,10.0,1210.0,92.0,84.0,68.0,373,1318.0,6.0,1337,1324.0,-13.0,0,0,,0.0,0.0,0.0,0.0,0.0,2015-11-10,0,0.0,0.0,0.0,0.0,0.0
2015,10,11,7,EV,4144,N14573,10994,11618,1638,1633.0,-5.0,6.0,1639.0,119.0,110.0,94.0,628,1813.0,10.0,1837,1823.0,-14.0,0,0,,0.0,0.0,0.0,0.0,0.0,2015-10-11,0,0.0,0.0,0.0,0.0,0.0
2015,10,17,6,OO,4806,N805SK,12892,13796,1215,1241.0,26.0,47.0,1328.0,86.0,101.0,50.0,337,1418.0,4.0,1341,1422.0,41.0,0,0,,15.0,0.0,0.0,26.0,0.0,2015-10-17,1,57.69,0.0,0.0,100.0,0.0
2015,10,22,4,DL,1599,N950DL,14122,10397,1312,1307.0,-5.0,17.0,1324.0,109.0,98.0,73.0,526,1437.0,8.0,1501,1445.0,-16.0,0,0,,0.0,0.0,0.0,0.0,0.0,2015-10-22,0,0.0,0.0,0.0,0.0,0.0
2015,10,22,4,OO,2966,N468CA,14107,14689,1710,1703.0,-7.0,23.0,1726.0,94.0,101.0,73.0,455,1839.0,5.0,1844,1844.0,0.0,0,0,,0.0,0.0,0.0,0.0,0.0,2015-10-22,0,0.0,0.0,0.0,0.0,0.0
2015,10,28,3,AA,1628,N3MGAA,14747,13930,1100,1054.0,-6.0,12.0,1106.0,240.0,229.0,207.0,1721,1633.0,10.0,1700,1643.0,-17.0,0,0,,0.0,0.0,0.0,0.0,0.0,2015-10-28,0,0.0,0.0,0.0,0.0,0.0
2015,11,17,2,MQ,3520,N691MQ,SDF,ORD,1150,1146.0,-4.0,11.0,1157.0,97.0,75.0,59.0,286,1156.0,5.0,1227,1201.0,-26.0,0,0,,0.0,0.0,0.0,0.0,0.0,2015-11-17,0,0.0,0.0,0.0,0.0,0.0
2015,10,25,7,OO,5332,N912SW,13930,14006,1429,1421.0,-8.0,23.0,1444.0,81.0,85.0,58.0,342,1542.0,4.0,1550,1546.0,-4.0,0,0,,0.0,0.0,0.0,0.0,0.0,2015-10-25,0,0.0,0.0,0.0,0.0,0.0
2015,10,31,6,DL,1619,N363NW,11433,14869,1520,1518.0,-2.0,9.0,1527.0,239.0,232.0,219.0,1481,1706.0,4.0,1719,1710.0,-9.0,0,0,,0.0,0.0,0.0,0.0,0.0,2015-10-31,0,0.0,0.0,0.0,0.0,0.0
2015,11,6,5,UA,764,N423UA,IAD,BOS,826,822.0,-4.0,10.0,832.0,91.0,80.0,66.0,413,938.0,4.0,957,942.0,-15.0,0,0,,0.0,0.0,0.0,0.0,0.0,2015-11-06,0,0.0,0.0,0.0,0.0,0.0
2015,11,19,4,WN,506,N415WN,PVD,BWI,1125,1139.0,14.0,8.0,1147.0,80.0,72.0,60.0,327,1247.0,4.0,1245,1251.0,6.0,0,0,,0.0,0.0,0.0,0.0,0.0,2015-11-19,0,0.0,0.0,0.0,0.0,0.0
2015,10,23,5,WN,2701,N200WN,15304,11292,1645,1645.0,0.0,15.0,1700.0,240.0,228.0,207.0,1506,1827.0,6.0,1845,1833.0,-12.0,0,0,,0.0,0.0,0.0,0.0,0.0,2015-10-23,0,0.0,0.0,0.0,0.0,0.0
2015,11,2,1,OO,4526,N418SW,MSP,GRR,655,657.0,2.0,21.0,718.0,99.0,88.0,63.0,408,921.0,4.0,934,925.0,-9.0,0,0,,0.0,0.0,0.0,0.0,0.0,2015-11-02,0,0.0,0.0,0.0,0.0,0.0
2015,11,17,2,DL,1171,N976DL,DFW,ATL,1450,1450.0,0.0,13.0,1503.0,119.0,117.0,92.0,731,1735.0,12.0,1749,1747.0,-2.0,0,0,,0.0,0.0,0.0,0.0,0.0,2015-11-17,0,0.0,0.0,0.0,0.0,0.0
2015,11,1,7,UA,389,N406UA,IAD,SEA,815,805.0,-10.0,10.0,815.0,356.0,352.0,334.0,2306,1049.0,8.0,1111,1057.0,-14.0,0,0,,0.0,0.0,0.0,0.0,0.0,2015-11-01,0,0.0,0.0,0.0,0.0,0.0
2015,11,17,2,WN,407,N8653A,DEN,PHX,1535,1543.0,8.0,15.0,1558.0,115.0,94.0,74.0,602,1712.0,5.0,1730,1717.0,-13.0,0,0,,0.0,0.0,0.0,0.0,0.0,2015-11-17,0,0.0,0.0,0.0,0.0,0.0
2015,10,22,4,WN,3016,N416WN,15016,13232,945,946.0,1.0,11.0,957.0,65.0,53.0,38.0,251,1035.0,4.0,1050,1039.0,-11.0,0,0,,0.0,0.0,0.0,0.0,0.0,2015-10-22,0,0.0,0.0,0.0,0.0,0.0
2015,11,19,4,EV,5103,N858AS,ATL,TRI,1508,1503.0,-5.0,17.0,1520.0,65.0,64.0,43.0,227,1603.0,4.0,1613,1607.0,-6.0,0,0,,0.0,0.0,0.0,0.0,0.0,2015-11-19,0,0.0,0.0,0.0,0.0,0.0
2015,10,13,2,WN,2161,N454WN,10397,15016,1355,1359.0,4.0,21.0,1420.0,100.0,97.0,72.0,484,1432.0,4.0,1435,1436.0,1.0,0,0,,0.0,0.0,0.0,0.0,0.0,2015-10-13,0,0.0,0.0,0.0,0.0,0.0
2015,10,19,1,DL,1534,N935DN,12339,10397,1643,1638.0,-5.0,11.0,1649.0,99.0,81.0,63.0,432,1752.0,7.0,1822,1759.0,-23.0,0,0,,0.0,0.0,0.0,0.0,0.0,2015-10-19,0,0.0,0.0,0.0,0.0,0.0
2015,10,31,6,AS,793,N319AS,11433,14747,1645,1635.0,-10.0,10.0,1645.0,289.0,309.0,287.0,1927,1832.0,12.0,1834,1844.0,10.0,0,0,,0.0,0.0,0.0,0.0,0.0,2015-10-31,0,0.0,0.0,0.0,0.0,0.0
2015,10,17,6,VX,714,N621VA,14771,11259,1200,1200.0,0.0,14.0,1214.0,200.0,202.0,184.0,1476,1718.0,4.0,1720,1722.0,2.0,0,0,,0.0,0.0,0.0,0.0,0.0,2015-10-17,0,0.0,0.0,0.0,0.0,0.0
2015,10,13,2,DL,282,N824DN,14747,11433,1130,1135.0,5.0,17.0,1152.0,257.0,224.0,199.0,1927,1811.0,8.0,1847,1819.0,-28.0,0,0,,0.0,0.0,0.0,0.0,0.0,2015-10-13,0,0.0,0.0,0.0,0.0,0.0
2015,10,24,6,EV,4904,N604QX,13487,14524,1725,1723.0,-2.0,15.0,1738.0,149.0,131.0,112.0,970,2030.0,4.0,2054,2034.0,-20.0,0,0,,0.0,0.0,0.0,0.0,0.0,2015-10-24,0,0.0,0.0,0.0,0.0,0.0
2015,11,17,2,AA,1891,N700UW,CLT,JAX,1755,1749.0,-6.0,15.0,1804.0,78.0,70.0,49.0,328,1853.0,6.0,1913,1859.0,-14.0,0,0,,0.0,0.0,0.0,0.0,0.0,2015-11-17,0,0.0,0.0,0.0,0.0,0.0
2015,11,2,1,EV,5040,N538CA,HPN,ATL,1900,2031.0,91.0,20.0,2051.0,137.0,140.0,115.0,780,2246.0,5.0,2117,2251.0,94.0,0,0,,3.0,0.0,3.0,88.0,0.0,2015-11-02,1,3.3,0.0,3.3,96.7,0.0
2015,10,30,5,UA,1125,N430UA,12266,11618,1555,1616.0,21.0,16.0,1632.0,212.0,194.0,171.0,1400,2023.0,7.0,2027,2030.0,3.0,0,0,,0.0,0.0,0.0,0.0,0.0,2015-10-30,1,0.0,0.0,0.0,0.0,0.0
2015,10,12,1,F9,251,N209FR,12266,11292,1940,1932.0,-8.0,19.0,1951.0,149.0,149.0,121.0,862,2052.0,9.0,2109,2101.0,-8.0,0,0,,0.0,0.0,0.0,0.0,0.0,2015-10-12,0,0.0,0.0,0.0,0.0,0.0
2015,11,12,4,MQ,3482,N516MQ,COU,ORD,500,507.0,7.0,19.0,526.0,102.0,79.0,52.0,315,618.0,8.0,642,626.0,-16.0,0,0,,0.0,0.0,0.0,0.0,0.0,2015-11-12,0,0.0,0.0,0.0,0.0,0.0
2015,11,11,3,DL,1902,N956AT,LGA,PBI,1435,1500.0,25.0,34.0,1534.0,194.0,171.0,133.0,1035,1747.0,4.0,1749,1751.0,2.0,0,0,,0.0,0.0,0.0,0.0,0.0,2015-11-11,1,0.0,0.0,0.0,0.0,0.0
2015,11,3,2,NK,174,N633NK,FLL,LGA,1609,1605.0,-4.0,14.0,1619.0,171.0,167.0,145.0,1076,1844.0,8.0,1900,1852.0,-8.0,0,0,,0.0,0.0,0.0,0.0,0.0,2015-11-03,0,0.0,0.0,0.0,0.0,0.0
2015,10,29,4,UA,775,N819UA,11292,12889,1522,1512.0,-10.0,14.0,1526.0,122.0,110.0,91.0,628,1557.0,5.0,1624,1602.0,-22.0,0,0,,0.0,0.0,0.0,0.0,0.0,2015-10-29,0,0.0,0.0,0.0,0.0,0.0
2015,11,1,7,AA,1495,N3JMAA,LAS,LAX,1230,1225.0,-5.0,29.0,1254.0,78.0,79.0,44.0,236,1338.0,6.0,1348,1344.0,-4.0,0,0,,0.0,0.0,0.0,0.0,0.0,2015-11-01,0,0.0,0.0,0.0,0.0,0.0
2015,11,5,4,WN,2888,N8638A,BWI,SAN,1045,1109.0,24.0,10.0,1119.0,355.0,335.0,322.0,2295,1341.0,3.0,1340,1344.0,4.0,0,0,,0.0,0.0,0.0,0.0,0.0,2015-11-05,1,0.0,0.0,0.0,0.0,0.0
2015,10,28,3,MQ,3562,N692MQ,13930,15295,820,813.0,-7.0,15.0,828.0,67.0,59.0,41.0,213,1009.0,3.0,1027,1012.0,-15.0,0,0,,0.0,0.0,0.0,0.0,0.0,2015-10-28,0,0.0,0.0,0.0,0.0,0.0
2015,11,7,6,DL,1162,N349NB,MSP,MSN,1047,1059.0,12.0,7.0,1106.0,59.0,51.0,37.0,228,1143.0,7.0,1146,1150.0,4.0,0,0,,0.0,0.0,0.0,0.0,0.0,2015-11-07,0,0.0,0.0,0.0,0.0,0.0
2015,10,17,6,UA,1527,N13113,11618,13204,1143,1141.0,-2.0,13.0,1154.0,166.0,152.0,132.0,937,1406.0,7.0,1429,1413.0,-16.0,0,0,,0.0,0.0,0.0,0.0,0.0,2015-10-17,0,0.0,0.0,0.0,0.0,0.0
2015,10,23,5,OO,6269,N824AS,14771,10800,2001,2005.0,4.0,18.0,2023.0,81.0,72.0,51.0,326,2114.0,3.0,2122,2117.0,-5.0,0,0,,0.0,0.0,0.0,0.0,0.0,2015-10-23,0,0.0,0.0,0.0,0.0,0.0
2015,10,13,2,DL,675,N396DA,14869,11433,1515,1510.0,-5.0,19.0,1529.0,207.0,198.0,164.0,1481,2013.0,15.0,2042,2028.0,-14.0,0,0,,0.0,0.0,0.0,0.0,0.0,2015-10-13,0,0.0,0.0,0.0,0.0,0.0
2015,11,17,2,DL,1275,N921DN,DCA,MSP,1645,1656.0,11.0,29.0,1725.0,169.0,169.0,132.0,931,1837.0,8.0,1834,1845.0,11.0,0,0,,0.0,0.0,0.0,0.0,0.0,2015-11-17,0,0.0,0.0,0.0,0.0,0.0
2015,10,25,7,VX,1943,N840VA,12892,14771,1430,1432.0,2.0,8.0,1440.0,75.0,69.0,57.0,337,1537.0,4.0,1545,1541.0,-4.0,0,0,,0.0,0.0,0.0,0.0,0.0,2015-10-25,0,0.0,0.0,0.0,0.0,0.0
2015,10,11,7,OO,4799,N631SK,14107,14747,1747,1736.0,-11.0,20.0,1756.0,182.0,191.0,163.0,1107,2039.0,8.0,2049,2047.0,-2.0,0,0,,0.0,0.0,0.0,0.0,0.0,2015-10-11,0,0.0,0.0,0.0,0.0,0.0
2015,11,19,4,UA,269,N805UA,MEM,ORD,1421,1422.0,1.0,12.0,1434.0,119.0,107.0,81.0,491,1555.0,14.0,1620,1609.0,-11.0,0,0,,0.0,0.0,0.0,0.0,0.0,2015-11-19,0,0.0,0.0,0.0,0.0,0.0
2015,10,16,5,DL,1407,N913DE,11057,10397,1945,1939.0,-6.0,15.0,1954.0,80.0,65.0,42.0,226,2036.0,8.0,2105,2044.0,-21.0,0,0,,0.0,0.0,0.0,0.0,0.0,2015-10-16,0,0.0,0.0,0.0,0.0,0.0
2015,10,18,7,F9,735,N931FR,11193,11292,1025,1014.0,-11.0,9.0,1023.0,182.0,161.0,146.0,1069,1049.0,6.0,1127,1055.0,-32.0,0,0,,0.0,0.0,0.0,0.0,0.0,2015-10-18,0,0.0,0.0,0.0,0.0,0.0
2015,10,21,3,DL,2772,N990AT,12892,14771,1700,1710.0,10.0,24.0,1734.0,80.0,83.0,55.0,337,1829.0,4.0,1820,1833.0,13.0,0,0,,0.0,0.0,0.0,0.0,0.0,2015-10-21,0,0.0,0.0,0.0,0.0,0.0
2015,10,15,4,DL,898,N951DL,12278,10397,1104,1052.0,-12.0,14.0,1106.0,126.0,117.0,94.0,782,1340.0,9.0,1410,1349.0,-21.0,0,0,,0.0,0.0,0.0,0.0,0.0,2015-10-15,0,0.0,0.0,0.0,0.0,0.0
2015,10,22,4,AA,483,N832AW,14570,14107,930,923.0,-7.0,10.0,933.0,101.0,92.0,79.0,601,1052.0,3.0,1111,1055.0,-16.0,0,0,,0.0,0.0,0.0,0.0,0.0,2015-10-22,0,0.0,0.0,0.0,0.0,0.0
2015,11,5,4,WN,1531,N8600F,MSY,AUS,1505,1511.0,6.0,12.0,1523.0,90.0,91.0,73.0,444,1636.0,6.0,1635,1642.0,7.0,0,0,,0.0,0.0,0.0,0.0,0.0,2015-11-05,0,0.0,0.0,0.0,0.0,0.0
2015,11,8,7,NK,440,N529NK,FLL,CLE,1535,1554.0,19.0,18.0,1612.0,166.0,159.0,133.0,1062,1825.0,8.0,1821,1833.0,12.0,0,0,,0.0,0.0,0.0,0.0,0.0,2015-11-08,1,0.0,0.0,0.0,0.0,0.0
2015,10,15,4,AA,141,N3JPAA,11278,11298,1212,1207.0,-5.0,15.0,1222.0,203.0,201.0,173.0,1192,1415.0,13.0,1435,1428.0,-7.0,0,0,,0.0,0.0,0.0,0.0,0.0,2015-10-15,0,0.0,0.0,0.0,0.0,0.0
2015,10,24,6,AA,2489,N877AA,11298,12892,1845,1946.0,61.0,17.0,2003.0,209.0,183.0,160.0,1235,2043.0,6.0,2014,2049.0,35.0,0,0,,0.0,0.0,35.0,0.0,0.0,2015-10-24,1,0.0,0.0,57.38,0.0,0.0
2015,10,23,5,AA,1146,N3DNAA,12953,11298,1630,1646.0,16.0,18.0,1704.0,249.0,285.0,221.0,1389,1945.0,46.0,1939,2031.0,52.0,0,0,,36.0,0.0,0.0,16.0,0.0,2015-10-23,1,225.0,0.0,0.0,100.0,0.0
2015,11,4,3,OO,5348,N471CA,SBP,LAX,2030,2025.0,-5.0,29.0,2054.0,66.0,95.0,36.0,156,2130.0,30.0,2136,2200.0,24.0,0,0,,24.0,0.0,0.0,0.0,0.0,2015-11-04,0,-480.0,-0.0,-0.0,-0.0,-0.0
2015,10,29,4,AA,2043,N754UW,13931,11057,1950,1948.0,-2.0,30.0,2018.0,84.0,99.0,61.0,290,2119.0,8.0,2114,2127.0,13.0,0,0,,0.0,0.0,0.0,0.0,0.0,2015-10-29,0,0.0,0.0,0.0,0.0,0.0
2015,10,12,1,HA,324,N479HA,12982,12173,2251,2309.0,18.0,6.0,2315.0,32.0,32.0,19.0,102,2334.0,7.0,2323,2341.0,18.0,0,0,,0.0,0.0,0.0,18.0,0.0,2015-10-12,1,0.0,0.0,0.0,100.0,0.0
2015,10,21,3,NK,231,N622NK,10397,11697,705,658.0,-7.0,10.0,708.0,105.0,95.0,77.0,581,825.0,8.0,850,833.0,-17.0,0,0,,0.0,0.0,0.0,0.0,0.0,2015-10-21,0,0.0,0.0,0.0,0.0,0.0
2015,11,2,1,WN,331,N7745A,SAN,LAS,1945,1941.0,-4.0,11.0,1952.0,70.0,67.0,51.0,258,2043.0,5.0,2055,2048.0,-7.0,0,0,,0.0,0.0,0.0,0.0,0.0,2015-11-02,0,0.0,0.0,0.0,0.0,0.0
2015,11,17,2,WN,228,N470WN,MDW,MHT,1330,1331.0,1.0,14.0,1345.0,120.0,121.0,102.0,838,1627.0,5.0,1630,1632.0,2.0,0,0,,0.0,0.0,0.0,0.0,0.0,2015-11-17,0,0.0,0.0,0.0,0.0,0.0
2015,11,4,3,WN,1950,N8654B,PHX,BNA,1900,1902.0,2.0,6.0,1908.0,185.0,171.0,159.0,1449,2247.0,6.0,2305,2253.0,-12.0,0,0,,0.0,0.0,0.0,0.0,0.0,2015-11-04,0,0.0,0.0,0.0,0.0,0.0
2015,10,26,1,AA,1705,N118US,14122,14100,1825,1824.0,-1.0,22.0,1846.0,86.0,71.0,42.0,268,1928.0,7.0,1951,1935.0,-16.0,0,0,,0.0,0.0,0.0,0.0,0.0,2015-10-26,0,0.0,0.0,0.0,0.0,0.0
2015,11,3,2,WN,381,N665WN,MCO,MCI,1530,1531.0,1.0,13.0,1544.0,185.0,168.0,145.0,1072,1709.0,10.0,1735,1719.0,-16.0,0,0,,0.0,0.0,0.0,0.0,0.0,2015-11-03,0,0.0,0.0,0.0,0.0,0.0
2015,10,18,7,B6,951,N508JB,10721,13204,1450,1450.0,0.0,22.0,1512.0,189.0,184.0,152.0,1121,1744.0,10.0,1759,1754.0,-5.0,0,0,,0.0,0.0,0.0,0.0,0.0,2015-10-18,0,0.0,0.0,0.0,0.0,0.0
2015,10,13,2,MQ,3384,N636MQ,13367,13930,555,553.0,-2.0,13.0,606.0,61.0,56.0,36.0,139,642.0,7.0,656,649.0,-7.0,0,0,,0.0,0.0,0.0,0.0,0.0,2015-10-13,0,0.0,0.0,0.0,0.0,0.0
2015,10,28,3,B6,1106,N306JB,13930,12478,1725,2024.0,179.0,34.0,2058.0,135.0,163.0,122.0,740,2400.0,7.0,2040,7.0,207.0,0,0,,199.0,0.0,0.0,8.0,0.0,2015-10-28,1,111.17,0.0,0.0,4.47,0.0
2015,11,17,2,DL,927,N940DN,MSP,MKE,1731,1741.0,10.0,27.0,1808.0,72.0,80.0,47.0,297,1855.0,6.0,1843,1901.0,18.0,0,0,,8.0,0.0,10.0,0.0,0.0,2015-11-17,0,80.0,0.0,100.0,0.0,0.0
2015,10,26,1,UA,791,N824UA,11057,13930,700,738.0,38.0,20.0,758.0,130.0,106.0,83.0,599,821.0,3.0,810,824.0,14.0,0,0,,0.0,0.0,0.0,0.0,0.0,2015-10-26,1,0.0,0.0,0.0,0.0,0.0
2015,10,22,4,WN,2149,N213WN,14683,15016,530,527.0,-3.0,11.0,538.0,125.0,109.0,94.0,786,712.0,4.0,735,716.0,-19.0,0,0,,0.0,0.0,0.0,0.0,0.0,2015-10-22,0,0.0,0.0,0.0,0.0,0.0
2015,11,3,2,DL,1105,N144DA,ATL,SLC,815,820.0,5.0,21.0,841.0,255.0,233.0,208.0,1590,1009.0,4.0,1030,1013.0,-17.0,0,0,,0.0,0.0,0.0,0.0,0.0,2015-11-03,0,0.0,0.0,0.0,0.0,0.0
2015,11,13,5,WN,2206,N8323C,DEN,BWI,1810,1816.0,6.0,12.0,1828.0,195.0,184.0,168.0,1491,2316.0,4.0,2325,2320.0,-5.0,0,0,,0.0,0.0,0.0,0.0,0.0,2015-11-13,0,0.0,0.0,0.0,0.0,0.0
2015,10,31,6,DL,871,N962DL,12448,10397,720,723.0,3.0,18.0,741.0,83.0,71.0,48.0,341,929.0,5.0,943,934.0,-9.0,0,0,,0.0,0.0,0.0,0.0,0.0,2015-10-31,0,0.0,0.0,0.0,0.0,0.0
2015,11,18,3,DL,1158,N388DA,MCO,SLC,1759,1753.0,-6.0,19.0,1812.0,293.0,318.0,295.0,1931,2107.0,4.0,2052,2111.0,19.0,0,0,,19.0,0.0,0.0,0.0,0.0,2015-11-18,0,-316.67,-0.0,-0.0,-0.0,-0.0
2015,11,9,1,EV,5538,N852AS,ATL,CHA,811,808.0,-3.0,15.0,823.0,44.0,43.0,23.0,106,846.0,5.0,855,851.0,-4.0,0,0,,0.0,0.0,0.0,0.0,0.0,2015-11-09,0,0.0,0.0,0.0,0.0,0.0
2015,11,12,4,B6,108,N238JB,JFK,PWM,2245,2341.0,56.0,15.0,2356.0,70.0,59.0,41.0,273,37.0,3.0,2355,40.0,45.0,0,0,,0.0,0.0,5.0,40.0,0.0,2015-11-12,1,0.0,0.0,8.93,71.43,0.0
2015,11,11,3,DL,1265,N995AT,SAV,ATL,1442,1442.0,0.0,13.0,1455.0,78.0,59.0,39.0,214,1534.0,7.0,1600,1541.0,-19.0,0,0,,0.0,0.0,0.0,0.0,0.0,2015-11-11,0,0.0,0.0,0.0,0.0,0.0
2015,11,15,7,EV,2758,N904EV,FSM,DFW,655,646.0,-9.0,12.0,658.0,74.0,70.0,42.0,227,740.0,16.0,809,756.0,-13.0,0,0,,0.0,0.0,0.0,0.0,0.0,2015-11-15,0,0.0,0.0,0.0,0.0,0.0
2015,11,10,2,UA,1943,N836UA,IAH,SNA,1435,1434.0,-1.0,19.0,1453.0,221.0,220.0,197.0,1346,1610.0,4.0,1616,1614.0,-2.0,0,0,,0.0,0.0,0.0,0.0,0.0,2015-11-10,0,0.0,0.0,0.0,0.0,0.0
2015,11,15,7,WN,153,N7818L,ATL,FLL,810,809.0,-1.0,9.0,818.0,110.0,103.0,85.0,581,943.0,9.0,1000,952.0,-8.0,0,0,,0.0,0.0,0.0,0.0,0.0,2015-11-15,0,0.0,0.0,0.0,0.0,0.0
2015,10,30,5,OO,4557,N613SK,12441,14869,1522,1503.0,-19.0,28.0,1531.0,58.0,72.0,37.0,205,1608.0,7.0,1620,1615.0,-5.0,0,0,,0.0,0.0,0.0,0.0,0.0,2015-10-30,0,0.0,0.0,0.0,0.0,0.0
2015,11,4,3,UA,1205,N57855,KOA,LAX,1523,1509.0,-14.0,11.0,1520.0,327.0,337.0,301.0,2504,2221.0,25.0,2250,2246.0,-4.0,0,0,,0.0,0.0,0.0,0.0,0.0,2015-11-04,0,0.0,0.0,0.0,0.0,0.0
2015,11,7,6,OO,4567,N426SW,MSP,LSE,1121,1115.0,-6.0,22.0,1137.0,57.0,53.0,26.0,119,1203.0,5.0,1218,1208.0,-10.0,0,0,,0.0,0.0,0.0,0.0,0.0,2015-11-07,0,0.0,0.0,0.0,0.0,0.0
2015,10,20,2,AA,148,N3KDAA,13303,11057,625,620.0,-5.0,15.0,635.0,126.0,125.0,100.0,650,815.0,10.0,831,825.0,-6.0,0,0,,0.0,0.0,0.0,0.0,0.0,2015-10-20,0,0.0,0.0,0.0,0.0,0.0
2015,11,6,5,AA,2154,N963UW,DCA,LGA,1100,1140.0,40.0,36.0,1216.0,74.0,84.0,41.0,214,1257.0,7.0,1214,1304.0,50.0,0,0,,10.0,0.0,3.0,37.0,0.0,2015-11-06,1,25.0,0.0,7.5,92.5,0.0
2015,10,29,4,WN,437,N7742B,10397,13487,1355,1354.0,-1.0,17.0,1411.0,175.0,152.0,131.0,907,1522.0,4.0,1550,1526.0,-24.0,0,0,,0.0,0.0,0.0,0.0,0.0,2015-10-29,0,0.0,0.0,0.0,0.0,0.0
2015,10,22,4,WN,460,N353SW,12889,11292,1420,1443.0,23.0,10.0,1453.0,110.0,104.0,88.0,628,1721.0,6.0,1710,1727.0,17.0,0,0,,0.0,0.0,0.0,17.0,0.0,2015-10-22,1,0.0,0.0,0.0,73.91,0.0
2015,10,11,7,MQ,3430,N604MQ,13930,11977,1651,1742.0,51.0,34.0,1816.0,63.0,70.0,32.0,173,1848.0,4.0,1754,1852.0,58.0,0,0,,7.0,0.0,51.0,0.0,0.0,2015-10-11,1,13.73,0.0,100.0,0.0,0.0
2015,10,22,4,VX,1178,N634VA,14771,11618,1410,1403.0,-7.0,10.0,1413.0,320.0,316.0,298.0,2565,2211.0,8.0,2230,2219.0,-11.0,0,0,,0.0,0.0,0.0,0.0,0.0,2015-10-22,0,0.0,0.0,0.0,0.0,0.0
2015,11,13,5,UA,674,N804UA,ATL,EWR,2052,2222.0,90.0,20.0,2242.0,141.0,118.0,90.0,746,12.0,8.0,2313,20.0,67.0,0,0,,0.0,0.0,7.0,60.0,0.0,2015-11-13,1,0.0,0.0,7.78,66.67,0.0
2015,11,6,5,DL,1228,N942AT,ATL,JAN,1211,1216.0,5.0,16.0,1232.0,79.0,72.0,52.0,341,1224.0,4.0,1230,1228.0,-2.0,0,0,,0.0,0.0,0.0,0.0,0.0,2015-11-06,0,0.0,0.0,0.0,0.0,0.0
2015,10,16,5,WN,847,N637SW,10792,10821,1540,1538.0,-2.0,11.0,1549.0,70.0,63.0,48.0,281,1637.0,4.0,1650,1641.0,-9.0,0,0,,0.0,0.0,0.0,0.0,0.0,2015-10-16,0,0.0,0.0,0.0,0.0,0.0
2015,11,7,6,B6,398,N521JB,MCO,LGA,1314,1313.0,-1.0,11.0,1324.0,153.0,135.0,119.0,950,1523.0,5.0,1547,1528.0,-19.0,0,0,,0.0,0.0,0.0,0.0,0.0,2015-11-07,0,0.0,0.0,0.0,0.0,0.0
2015,10,13,2,DL,1962,N338NW,11433,14100,1017,1015.0,-2.0,39.0,1054.0,102.0,108.0,66.0,453,1200.0,3.0,1159,1203.0,4.0,0,0,,0.0,0.0,0.0,0.0,0.0,2015-10-13,0,0.0,0.0,0.0,0.0,0.0
2015,11,5,4,F9,800,N227FR,DEN,MEM,1500,1506.0,6.0,16.0,1522.0,126.0,137.0,110.0,872,1812.0,11.0,1806,1823.0,17.0,0,0,,11.0,0.0,6.0,0.0,0.0,2015-11-05,0,183.33,0.0,100.0,0.0,0.0
2015,10,11,7,DL,803,N984DL,11193,13204,945,945.0,0.0,12.0,957.0,126.0,117.0,97.0,757,1134.0,8.0,1151,1142.0,-9.0,0,0,,0.0,0.0,0.0,0.0,0.0,2015-10-11,0,0.0,0.0,0.0,0.0,0.0
2015,10,17,6,OO,5427,N701BR,14771,14487,1420,1410.0,-10.0,28.0,1438.0,62.0,64.0,33.0,199,1511.0,3.0,1522,1514.0,-8.0,0,0,,0.0,0.0,0.0,0.0,0.0,2015-10-17,0,0.0,0.0,0.0,0.0,0.0
2015,11,4,3,AS,28,N402AS,SEA,MSP,2355,2353.0,-2.0,12.0,5.0,189.0,182.0,165.0,1399,450.0,5.0,504,455.0,-9.0,0,0,,0.0,0.0,0.0,0.0,0.0,2015-11-04,0,0.0,0.0,0.0,0.0,0.0
2015,10,28,3,WN,224,N8619F,13198,12889,1010,1004.0,-6.0,11.0,1015.0,185.0,173.0,157.0,1139,1052.0,5.0,1115,1057.0,-18.0,0,0,,0.0,0.0,0.0,0.0,0.0,2015-10-28,0,0.0,0.0,0.0,0.0,0.0
2015,10,12,1,NK,341,N631NK,10158,15304,600,554.0,-6.0,10.0,604.0,147.0,128.0,112.0,913,756.0,6.0,827,802.0,-25.0,0,0,,0.0,0.0,0.0,0.0,0.0,2015-10-12,0,0.0,0.0,0.0,0.0,0.0
2015,11,12,4,MQ,3207,N657MQ,BNA,JFK,1037,1038.0,1.0,10.0,1048.0,142.0,138.0,121.0,765,1349.0,7.0,1359,1356.0,-3.0,0,0,,0.0,0.0,0.0,0.0,0.0,2015-11-12,0,0.0,0.0,0.0,0.0,0.0
2015,10,31,6,AA,110,N3KWAA,12892,13930,935,928.0,-7.0,15.0,943.0,255.0,245.0,221.0,1744,1524.0,9.0,1550,1533.0,-17.0,0,0,,0.0,0.0,0.0,0.0,0.0,2015-10-31,0,0.0,0.0,0.0,0.0,0.0
2015,11,1,7,AA,1867,N801AW,DCA,CLT,1720,1717.0,-3.0,24.0,1741.0,90.0,101.0,68.0,331,1849.0,9.0,1850,1858.0,8.0,0,0,,0.0,0.0,0.0,0.0,0.0,2015-11-01,0,0.0,0.0,0.0,0.0,0.0
2015,10,13,2,EV,4436,N11191,13930,11637,1222,1254.0,32.0,24.0,1318.0,117.0,121.0,90.0,557,1448.0,7.0,1419,1455.0,36.0,0,0,,4.0,0.0,32.0,0.0,0.0,2015-10-13,1,12.5,0.0,100.0,0.0,0.0
2015,10,26,1,EV,4155,N14904,12266,12448,1445,1448.0,3.0,25.0,1513.0,79.0,90.0,62.0,351,1615.0,3.0,1604,1618.0,14.0,0,0,,0.0,0.0,0.0,0.0,0.0,2015-10-26,0,0.0,0.0,0.0,0.0,0.0
2015,10,23,5,EV,4553,N13903,10785,11618,600,550.0,-10.0,8.0,558.0,81.0,68.0,51.0,266,649.0,9.0,721,658.0,-23.0,0,0,,0.0,0.0,0.0,0.0,0.0,2015-10-23,0,0.0,0.0,0.0,0.0,0.0
2015,11,14,6,HA,359,N476HA,OGG,LIH,1438,1507.0,29.0,9.0,1516.0,47.0,47.0,33.0,201,1549.0,5.0,1525,1554.0,29.0,0,0,,0.0,0.0,10.0,19.0,0.0,2015-11-14,1,0.0,0.0,34.48,65.52,0.0
2015,11,8,7,UA,276,N427UA,SAN,DEN,615,606.0,-9.0,25.0,631.0,144.0,138.0,107.0,853,918.0,6.0,939,924.0,-15.0,0,0,,0.0,0.0,0.0,0.0,0.0,2015-11-08,0,0.0,0.0,0.0,0.0,0.0
2015,10,25,7,DL,589,N842DN,13487,14747,1115,1112.0,-3.0,9.0,1121.0,218.0,215.0,193.0,1399,1234.0,13.0,1253,1247.0,-6.0,0,0,,0.0,0.0,0.0,0.0,0.0,2015-10-25,0,0.0,0.0,0.0,0.0,0.0
2015,11,18,3,OO,4522,N936SW,FCA,SLC,1235,1234.0,-1.0,10.0,1244.0,101.0,86.0,71.0,531,1355.0,5.0,1416,1400.0,-16.0,0,0,,0.0,0.0,0.0,0.0,0.0,2015-11-18,0,0.0,0.0,0.0,0.0,0.0
2015,10,24,6,DL,2085,N3733Z,11884,14869,615,611.0,-4.0,16.0,627.0,96.0,88.0,68.0,546,835.0,4.0,851,839.0,-12.0,0,0,,0.0,0.0,0.0,0.0,0.0,2015-10-24,0,0.0,0.0,0.0,0.0,0.0
2015,10,25,7,DL,2410,N965AT,11259,10397,700,657.0,-3.0,13.0,710.0,126.0,122.0,94.0,721,944.0,15.0,1006,959.0,-7.0,0,0,,0.0,0.0,0.0,0.0,0.0,2015-10-25,0,0.0,0.0,0.0,0.0,0.0
2015,11,2,1,OO,5271,N116SY,LAS,SFO,1131,1213.0,42.0,29.0,1242.0,104.0,105.0,73.0,414,1355.0,3.0,1315,1358.0,43.0,0,0,,20.0,0.0,0.0,23.0,0.0,2015-11-02,1,47.62,0.0,0.0,54.76,0.0
2015,11,16,1,WN,2406,N633SW,SFO,SAN,600,554.0,-6.0,6.0,600.0,90.0,74.0,64.0,447,704.0,4.0,730,708.0,-22.0,0,0,,0.0,0.0,0.0,0.0,0.0,2015-11-16,0,0.0,0.0,0.0,0.0,0.0
2015,11,18,3,MQ,3489,N836MQ,DFW,CRP,2205,2158.0,-7.0,12.0,2210.0,85.0,70.0,54.0,354,2304.0,4.0,2330,2308.0,-22.0,0,0,,0.0,0.0,0.0,0.0,0.0,2015-11-18,0,0.0,0.0,0.0,0.0,0.0
2015,11,8,7,AA,1581,N3AEAA,BDL,DFW,1727,1737.0,10.0,21.0,1758.0,263.0,235.0,202.0,1471,2020.0,12.0,2050,2032.0,-18.0,0,0,,0.0,0.0,0.0,0.0,0.0,2015-11-08,0,0.0,0.0,0.0,0.0,0.0
2015,10,30,5,MQ,3159,N698MQ,11298,14842,1650,1723.0,33.0,27.0,1750.0,64.0,74.0,45.0,229,1835.0,2.0,1754,1837.0,43.0,0,0,,31.0,0.0,0.0,12.0,0.0,2015-10-30,1,93.94,0.0,0.0,36.36,0.0
2015,10,11,7,MQ,3440,N637MQ,11066,13930,1904,2015.0,71.0,9.0,2024.0,86.0,70.0,49.0,296,2013.0,12.0,1930,2025.0,55.0,0,0,,0.0,0.0,0.0,53.0,2.0,2015-10-11,1,0.0,0.0,0.0,74.65,2.82
2015,11,3,2,UA,651,N72405,ORD,SAN,1930,1934.0,4.0,30.0,2004.0,272.0,283.0,238.0,1723,2202.0,15.0,2202,2217.0,15.0,0,0,,15.0,0.0,0.0,0.0,0.0,2015-11-03,0,375.0,0.0,0.0,0.0,0.0
2015,11,4,3,OO,6311,N917SW,SMF,LAX,2022,2012.0,-10.0,10.0,2022.0,93.0,79.0,57.0,373,2119.0,12.0,2155,2131.0,-24.0,0,0,,0.0,0.0,0.0,0.0,0.0,2015-11-04,0,0.0,0.0,0.0,0.0,0.0
2015,11,16,1,DL,2285,N847DN,LGA,MCO,705,702.0,-3.0,23.0,725.0,175.0,157.0,128.0,950,933.0,6.0,1000,939.0,-21.0,0,0,,0.0,0.0,0.0,0.0,0.0,2015-11-16,0,0.0,0.0,0.0,0.0,0.0
2015,10,16,5,WN,2110,N643SW,13198,15016,630,628.0,-2.0,8.0,636.0,60.0,49.0,37.0,237,713.0,4.0,730,717.0,-13.0,0,0,,0.0,0.0,0.0,0.0,0.0,2015-10-16,0,0.0,0.0,0.0,0.0,0.0
2015,10,12,1,F9,1076,N223FR,11433,12264,1255,1248.0,-7.0,13.0,1301.0,90.0,84.0,59.0,383,1400.0,12.0,1425,1412.0,-13.0,0,0,,0.0,0.0,0.0,0.0,0.0,2015-10-12,0,0.0,0.0,0.0,0.0,0.0
2015,10,31,6,WN,100,N249WN,13796,14107,1545,1545.0,0.0,9.0,1554.0,115.0,103.0,90.0,646,1724.0,4.0,1740,1728.0,-12.0,0,0,,0.0,0.0,0.0,0.0,0.0,2015-10-31,0,0.0,0.0,0.0,0.0,0.0
2015,10,28,3,WN,553,N486WN,14107,10397,1445,1459.0,14.0,11.0,1510.0,215.0,201.0,177.0,1587,2107.0,13.0,2120,2120.0,0.0,0,0,,0.0,0.0,0.0,0.0,0.0,2015-10-28,0,0.0,0.0,0.0,0.0,0.0
2015,10,14,3,AS,525,N614AS,10800,14747,1400,1449.0,49.0,10.0,1459.0,150.0,133.0,118.0,937,1657.0,5.0,1630,1702.0,32.0,0,0,,0.0,0.0,0.0,32.0,0.0,2015-10-14,1,0.0,0.0,0.0,65.31,0.0
2015,11,8,7,NK,109,N529NK,BOS,DTW,2137,2127.0,-10.0,15.0,2142.0,129.0,118.0,96.0,632,2318.0,7.0,2346,2325.0,-21.0,0,0,,0.0,0.0,0.0,0.0,0.0,2015-11-08,0,0.0,0.0,0.0,0.0,0.0
2015,10,13,2,F9,1125,N205FR,12264,12889,2150,2143.0,-7.0,17.0,2200.0,305.0,300.0,274.0,2065,2334.0,9.0,2355,2343.0,-12.0,0,0,,0.0,0.0,0.0,0.0,0.0,2015-10-13,0,0.0,0.0,0.0,0.0,0.0
2015,10,14,3,EV,5878,N14902,15919,12266,1209,1159.0,-10.0,11.0,1210.0,106.0,97.0,79.0,438,1329.0,7.0,1355,1336.0,-19.0,0,0,,0.0,0.0,0.0,0.0,0.0,2015-10-14,0,0.0,0.0,0.0,0.0,0.0
2015,11,18,3,AA,1210,N3DTAA,DFW,MSP,1020,1053.0,33.0,20.0,1113.0,142.0,145.0,120.0,852,1313.0,5.0,1242,1318.0,36.0,0,0,,3.0,0.0,33.0,0.0,0.0,2015-11-18,1,9.09,0.0,100.0,0.0,0.0
2015,10,15,4,WN,39,N524SW,11259,12191,1600,1601.0,1.0,22.0,1623.0,65.0,72.0,45.0,239,1708.0,5.0,1705,1713.0,8.0,0,0,,0.0,0.0,0.0,0.0,0.0,2015-10-15,0,0.0,0.0,0.0,0.0,0.0
2015,11,15,7,EV,5122,N873AS,ATL,MLU,1305,1300.0,-5.0,9.0,1309.0,96.0,81.0,68.0,448,1317.0,4.0,1341,1321.0,-20.0,0,0,,0.0,0.0,0.0,0.0,0.0,2015-11-15,0,0.0,0.0,0.0,0.0,0.0
2015,11,8,7,MQ,3469,N647MQ,ORD,FWA,2210,2208.0,-2.0,18.0,2226.0,57.0,53.0,29.0,157,2355.0,6.0,7,1.0,-6.0,0,0,,0.0,0.0,0.0,0.0,0.0,2015-11-08,0,0.0,0.0,0.0,0.0,0.0
2015,10,16,5,UA,252,N211UA,12173,12266,1920,1924.0,4.0,19.0,1943.0,461.0,467.0,423.0,3904,746.0,25.0,801,811.0,10.0,0,0,,0.0,0.0,0.0,0.0,0.0,2015-10-16,0,0.0,0.0,0.0,0.0,0.0
2015,10,29,4,EV,2777,N903EV,12448,11298,655,641.0,-14.0,14.0,655.0,104.0,105.0,77.0,408,812.0,14.0,839,826.0,-13.0,0,0,,0.0,0.0,0.0,0.0,0.0,2015-10-29,0,0.0,0.0,0.0,0.0,0.0
2015,11,13,5,UA,537,N847UA,ORD,PHL,631,623.0,-8.0,12.0,635.0,122.0,104.0,89.0,678,904.0,3.0,933,907.0,-26.0,0,0,,0.0,0.0,0.0,0.0,0.0,2015-11-13,0,0.0,0.0,0.0,0.0,0.0
2015,10,14,3,DL,63,N962DL,11193,10721,1600,1556.0,-4.0,20.0,1616.0,127.0,128.0,97.0,752,1753.0,11.0,1807,1804.0,-3.0,0,0,,0.0,0.0,0.0,0.0,0.0,2015-10-14,0,0.0,0.0,0.0,0.0,0.0
2015,11,1,7,DL,1366,N930AT,DTW,RDU,1016,1010.0,-6.0,18.0,1028.0,103.0,91.0,69.0,501,1137.0,4.0,1159,1141.0,-18.0,0,0,,0.0,0.0,0.0,0.0,0.0,2015-11-01,0,0.0,0.0,0.0,0.0,0.0
2015,11,16,1,WN,2700,N633SW,LAS,LAX,1335,1354.0,19.0,13.0,1407.0,70.0,58.0,39.0,236,1446.0,6.0,1445,1452.0,7.0,0,0,,0.0,0.0,0.0,0.0,0.0,2015-11-16,1,0.0,0.0,0.0,0.0,0.0
2015,11,18,3,DL,431,N802DN,JFK,SEA,1035,1032.0,-3.0,29.0,1101.0,375.0,358.0,318.0,2422,1319.0,11.0,1350,1330.0,-20.0,0,0,,0.0,0.0,0.0,0.0,0.0,2015-11-18,0,0.0,0.0,0.0,0.0,0.0
2015,10,19,1,NK,188,N637NK,11433,12953,1600,1601.0,1.0,12.0,1613.0,100.0,91.0,74.0,502,1727.0,5.0,1740,1732.0,-8.0,0,0,,0.0,0.0,0.0,0.0,0.0,2015-10-19,0,0.0,0.0,0.0,0.0,0.0
2015,10,14,3,DL,1457,N398DA,14869,14747,1115,1110.0,-5.0,27.0,1137.0,130.0,140.0,105.0,689,1222.0,8.0,1225,1230.0,5.0,0,0,,0.0,0.0,0.0,0.0,0.0,2015-10-14,0,0.0,0.0,0.0,0.0,0.0
2015,11,9,1,DL,1471,N397DA,FLL,CVG,1242,1247.0,5.0,11.0,1258.0,153.0,131.0,114.0,932,1452.0,6.0,1515,1458.0,-17.0,0,0,,0.0,0.0,0.0,0.0,0.0,2015-11-09,0,0.0,0.0,0.0,0.0,0.0
2015,11,8,7,AA,1864,N732US,JAX,CLT,1355,1406.0,11.0,17.0,1423.0,83.0,79.0,54.0,328,1517.0,8.0,1518,1525.0,7.0,0,0,,0.0,0.0,0.0,0.0,0.0,2015-11-08,0,0.0,0.0,0.0,0.0,0.0
2015,11,16,1,WN,465,N200WN,MHT,BWI,1630,1620.0,-10.0,20.0,1640.0,100.0,99.0,73.0,377,1753.0,6.0,1810,1759.0,-11.0,0,0,,0.0,0.0,0.0,0.0,0.0,2015-11-16,0,0.0,0.0,0.0,0.0,0.0
2015,10,16,5,WN,2972,N257WN,14321,10821,1755,1807.0,12.0,7.0,1814.0,95.0,87.0,76.0,452,1930.0,4.0,1930,1934.0,4.0,0,0,,0.0,0.0,0.0,0.0,0.0,2015-10-16,0,0.0,0.0,0.0,0.0,0.0
2015,10,29,4,F9,1122,N902FR,12889,11193,2155,2149.0,-6.0,20.0,2209.0,215.0,208.0,182.0,1678,411.0,6.0,430,417.0,-13.0,0,0,,0.0,0.0,0.0,0.0,0.0,2015-10-29,0,0.0,0.0,0.0,0.0,0.0
2015,10,20,2,UA,1566,N64844,13204,11292,1546,1537.0,-9.0,11.0,1548.0,239.0,223.0,205.0,1546,1713.0,7.0,1745,1720.0,-25.0,0,0,,0.0,0.0,0.0,0.0,0.0,2015-10-20,0,0.0,0.0,0.0,0.0,0.0
2015,10,21,3,UA,463,N424UA,13930,12892,1242,1234.0,-8.0,34.0,1308.0,266.0,262.0,218.0,1744,1446.0,10.0,1508,1456.0,-12.0,0,0,,0.0,0.0,0.0,0.0,0.0,2015-10-21,0,0.0,0.0,0.0,0.0,0.0
2015,10,27,2,WN,386,N614SW,14747,14831,1420,1414.0,-6.0,14.0,1428.0,130.0,126.0,108.0,697,1616.0,4.0,1630,1620.0,-10.0,0,0,,0.0,0.0,0.0,0.0,0.0,2015-10-27,0,0.0,0.0,0.0,0.0,0.0
2015,11,8,7,DL,2609,N920DE,CLT,ATL,1045,1044.0,-1.0,15.0,1059.0,69.0,77.0,54.0,226,1153.0,8.0,1154,1201.0,7.0,0,0,,0.0,0.0,0.0,0.0,0.0,2015-11-08,0,0.0,0.0,0.0,0.0,0.0
2015,11,19,4,OO,5620,N770SK,DEN,CVG,1005,956.0,-9.0,17.0,1013.0,156.0,148.0,126.0,1069,1419.0,5.0,1441,1424.0,-17.0,0,0,,0.0,0.0,0.0,0.0,0.0,2015-11-19,0,0.0,0.0,0.0,0.0,0.0
2015,11,6,5,EV,2761,N902EV,DFW,FSM,2150,2306.0,76.0,12.0,2318.0,62.0,49.0,34.0,227,2352.0,3.0,2252,2355.0,63.0,0,0,,0.0,0.0,47.0,16.0,0.0,2015-11-06,1,0.0,0.0,61.84,21.05,0.0
2015,11,1,7,UA,1875,N35260,SFO,PDX,2030,2030.0,0.0,20.0,2050.0,109.0,100.0,76.0,550,2206.0,4.0,2219,2210.0,-9.0,0,0,,0.0,0.0,0.0,0.0,0.0,2015-11-01,0,0.0,0.0,0.0,0.0,0.0
2015,11,16,1,EV,4155,N16911,IAH,JAN,1445,1437.0,-8.0,14.0,1451.0,79.0,68.0,51.0,351,1542.0,3.0,1604,1545.0,-19.0,0,0,,0.0,0.0,0.0,0.0,0.0,2015-11-16,0,0.0,0.0,0.0,0.0,0.0
2015,10,16,5,WN,1869,N710SW,12889,14747,1550,1550.0,0.0,19.0,1609.0,155.0,151.0,125.0,867,1814.0,7.0,1825,1821.0,-4.0,0,0,,0.0,0.0,0.0,0.0,0.0,2015-10-16,0,0.0,0.0,0.0,0.0,0.0
2015,11,7,6,AA,1955,N915US,TPA,PHL,1925,1920.0,-5.0,10.0,1930.0,139.0,130.0,115.0,920,2125.0,5.0,2144,2130.0,-14.0,0,0,,0.0,0.0,0.0,0.0,0.0,2015-11-07,0,0.0,0.0,0.0,0.0,0.0
2015,11,1,7,UA,1671,N835UA,IAH,LGA,1755,1824.0,29.0,17.0,1841.0,208.0,181.0,160.0,1416,2221.0,4.0,2223,2225.0,2.0,0,0,,0.0,0.0,0.0,0.0,0.0,2015-11-01,1,0.0,0.0,0.0,0.0,0.0
2015,11,3,2,OO,4509,N603QX,BOI,SLC,755,747.0,-8.0,13.0,800.0,72.0,76.0,55.0,290,855.0,8.0,907,903.0,-4.0,0,0,,0.0,0.0,0.0,0.0,0.0,2015-11-03,0,0.0,0.0,0.0,0.0,0.0
2015,11,8,7,DL,2481,N954AT,OKC,ATL,1230,1223.0,-7.0,10.0,1233.0,121.0,116.0,98.0,761,1511.0,8.0,1531,1519.0,-12.0,0,0,,0.0,0.0,0.0,0.0,0.0,2015-11-08,0,0.0,0.0,0.0,0.0,0.0
2015,10,16,5,DL,1394,N908DA,10821,10397,700,705.0,5.0,18.0,723.0,116.0,117.0,92.0,577,855.0,7.0,856,902.0,6.0,0,0,,0.0,0.0,0.0,0.0,0.0,2015-10-16,0,0.0,0.0,0.0,0.0,0.0
2015,11,16,1,EV,5603,N717EV,DTW,BGR,2141,2136.0,-5.0,16.0,2152.0,115.0,124.0,103.0,750,2335.0,5.0,2336,2340.0,4.0,0,0,,0.0,0.0,0.0,0.0,0.0,2015-11-16,0,0.0,0.0,0.0,0.0,0.0
2015,10,21,3,B6,2019,N274JB,13933,11697,1244,1242.0,-2.0,8.0,1250.0,185.0,172.0,155.0,1211,1525.0,9.0,1549,1534.0,-15.0,0,0,,0.0,0.0,0.0,0.0,0.0,2015-10-21,0,0.0,0.0,0.0,0.0,0.0
2015,11,6,5,AA,2062,N558UW,CLT,LGA,755,749.0,-6.0,28.0,817.0,114.0,135.0,98.0,544,955.0,9.0,949,1004.0,15.0,0,0,,15.0,0.0,0.0,0.0,0.0,2015-11-06,0,-250.0,-0.0,-0.0,-0.0,-0.0
2015,11,8,7,DL,1203,N941DN,LGA,ATL,1730,1728.0,-2.0,26.0,1754.0,180.0,156.0,120.0,762,1954.0,10.0,2030,2004.0,-26.0,0,0,,0.0,0.0,0.0,0.0,0.0,2015-11-08,0,0.0,0.0,0.0,0.0,0.0
2015,10,13,2,AA,1439,N3CPAA,10693,11298,1740,1735.0,-5.0,13.0,1748.0,133.0,109.0,85.0,631,1913.0,11.0,1953,1924.0,-29.0,0,0,,0.0,0.0,0.0,0.0,0.0,2015-10-13,0,0.0,0.0,0.0,0.0,0.0
2015,10,13,2,DL,851,N347NB,11540,10397,630,626.0,-4.0,13.0,639.0,180.0,179.0,160.0,1282,1119.0,6.0,1130,1125.0,-5.0,0,0,,0.0,0.0,0.0,0.0,0.0,2015-10-13,0,0.0,0.0,0.0,0.0,0.0
2015,10,25,7,B6,199,N597JB,12953,13204,930,928.0,-2.0,14.0,942.0,178.0,149.0,127.0,950,1149.0,8.0,1228,1157.0,-31.0,0,0,,0.0,0.0,0.0,0.0,0.0,2015-10-25,0,0.0,0.0,0.0,0.0,0.0
2015,10,29,4,B6,2191,N828JB,10721,15304,730,729.0,-1.0,19.0,748.0,204.0,199.0,175.0,1185,1043.0,5.0,1054,1048.0,-6.0,0,0,,0.0,0.0,0.0,0.0,0.0,2015-10-29,0,0.0,0.0,0.0,0.0,0.0
2015,11,19,4,WN,456,N353SW,ABQ,PDX,1305,1321.0,16.0,9.0,1330.0,180.0,192.0,179.0,1111,1529.0,4.0,1505,1533.0,28.0,0,0,,12.0,0.0,6.0,10.0,0.0,2015-11-19,1,75.0,0.0,37.5,62.5,0.0
2015,10,17,6,EV,4242,N12528,12951,12266,920,917.0,-3.0,11.0,928.0,64.0,62.0,45.0,201,1013.0,6.0,1024,1019.0,-5.0,0,0,,0.0,0.0,0.0,0.0,0.0,2015-10-17,0,0.0,0.0,0.0,0.0,0.0
2015,11,3,2,WN,704,N550WN,MDW,ATL,1830,1822.0,-8.0,11.0,1833.0,110.0,105.0,83.0,591,2056.0,11.0,2120,2107.0,-13.0,0,0,,0.0,0.0,0.0,0.0,0.0,2015-11-03,0,0.0,0.0,0.0,0.0,0.0
2015,11,4,3,UA,744,N434UA,DEN,LAX,1407,1427.0,20.0,9.0,1436.0,158.0,133.0,118.0,862,1534.0,6.0,1545,1540.0,-5.0,0,0,,0.0,0.0,0.0,0.0,0.0,2015-11-04,1,0.0,0.0,0.0,0.0,0.0
2015,10,14,3,F9,1225,N227FR,13204,12889,2045,2043.0,-2.0,12.0,2055.0,300.0,285.0,256.0,2039,2211.0,17.0,2245,2228.0,-17.0,0,0,,0.0,0.0,0.0,0.0,0.0,2015-10-14,0,0.0,0.0,0.0,0.0,0.0
2015,11,2,1,OO,5324,N946SW,LAX,MRY,900,855.0,-5.0,24.0,919.0,77.0,80.0,51.0,266,1010.0,5.0,1017,1015.0,-2.0,0,0,,0.0,0.0,0.0,0.0,0.0,2015-11-02,0,0.0,0.0,0.0,0.0,0.0
2015,11,19,4,MQ,3605,N907MQ,EVV,ORD,559,551.0,-8.0,15.0,606.0,100.0,72.0,51.0,272,657.0,6.0,739,703.0,-36.0,0,0,,0.0,0.0,0.0,0.0,0.0,2015-11-19,0,0.0,0.0,0.0,0.0,0.0
2015,10,16,5,AA,1605,N3JHAA,11298,13891,1850,1850.0,0.0,28.0,1918.0,191.0,199.0,163.0,1188,2001.0,8.0,2001,2009.0,8.0,0,0,,0.0,0.0,0.0,0.0,0.0,2015-10-16,0,0.0,0.0,0.0,0.0,0.0
2015,11,6,5,EV,4899,N606LR,EWR,DTW,1235,1238.0,3.0,18.0,1256.0,116.0,116.0,93.0,488,1429.0,5.0,1431,1434.0,3.0,0,0,,0.0,0.0,0.0,0.0,0.0,2015-11-06,0,0.0,0.0,0.0,0.0,0.0
2015,10,21,3,NK,419,N515NK,10721,11042,923,931.0,8.0,27.0,958.0,118.0,125.0,89.0,563,1127.0,9.0,1121,1136.0,15.0,0,0,,15.0,0.0,0.0,0.0,0.0,2015-10-21,0,187.5,0.0,0.0,0.0,0.0
2015,11,1,7,WN,469,N8670A,PHX,SLC,2050,2059.0,9.0,8.0,2107.0,90.0,80.0,68.0,507,2215.0,4.0,2220,2219.0,-1.0,0,0,,0.0,0.0,0.0,0.0,0.0,2015-11-01,0,0.0,0.0,0.0,0.0,0.0
2015,10,19,1,UA,715,N831UA,15016,14771,1736,1729.0,-7.0,7.0,1736.0,263.0,243.0,228.0,1735,1924.0,8.0,1959,1932.0,-27.0,0,0,,0.0,0.0,0.0,0.0,0.0,2015-10-19,0,0.0,0.0,0.0,0.0,0.0
2015,11,16,1,DL,74,N939DL,MSY,ATL,1615,1607.0,-8.0,17.0,1624.0,89.0,81.0,56.0,425,1820.0,8.0,1844,1828.0,-16.0,0,0,,0.0,0.0,0.0,0.0,0.0,2015-11-16,0,0.0,0.0,0.0,0.0,0.0
2015,11,1,7,DL,348,N3759,SJU,JFK,2048,2043.0,-5.0,11.0,2054.0,240.0,231.0,211.0,1598,2325.0,9.0,2348,2334.0,-14.0,0,0,,0.0,0.0,0.0,0.0,0.0,2015-11-01,0,0.0,0.0,0.0,0.0,0.0
2015,10,12,1,DL,2052,N969DL,10397,11057,1915,1913.0,-2.0,10.0,1923.0,75.0,62.0,44.0,226,2007.0,8.0,2030,2015.0,-15.0,0,0,,0.0,0.0,0.0,0.0,0.0,2015-10-12,0,0.0,0.0,0.0,0.0,0.0
2015,10,21,3,DL,736,N913DE,11057,13487,1645,1642.0,-3.0,26.0,1708.0,185.0,168.0,138.0,930,1826.0,4.0,1850,1830.0,-20.0,0,0,,0.0,0.0,0.0,0.0,0.0,2015-10-21,0,0.0,0.0,0.0,0.0,0.0
2015,10,13,2,B6,1115,N353JB,10721,11298,1420,1418.0,-2.0,10.0,1428.0,246.0,228.0,208.0,1562,1656.0,10.0,1726,1706.0,-20.0,0,0,,0.0,0.0,0.0,0.0,0.0,2015-10-13,0,0.0,0.0,0.0,0.0,0.0
2015,11,7,6,UA,1590,N38443,SFO,HNL,1335,1337.0,2.0,13.0,1350.0,350.0,331.0,313.0,2398,1703.0,5.0,1725,1708.0,-17.0,0,0,,0.0,0.0,0.0,0.0,0.0,2015-11-07,0,0.0,0.0,0.0,0.0,0.0
2015,10,22,4,DL,1188,N320NB,13487,14100,1030,1027.0,-3.0,10.0,1037.0,152.0,137.0,123.0,980,1340.0,4.0,1402,1344.0,-18.0,0,0,,0.0,0.0,0.0,0.0,0.0,2015-10-22,0,0.0,0.0,0.0,0.0,0.0
2015,10,16,5,DL,2609,N954DL,10397,11057,843,842.0,-1.0,44.0,926.0,82.0,88.0,40.0,226,1006.0,4.0,1005,1010.0,5.0,0,0,,0.0,0.0,0.0,0.0,0.0,2015-10-16,0,0.0,0.0,0.0,0.0,0.0
2015,11,16,1,DL,1416,N912DN,JAX,ATL,1530,1533.0,3.0,10.0,1543.0,76.0,71.0,49.0,270,1632.0,12.0,1646,1644.0,-2.0,0,0,,0.0,0.0,0.0,0.0,0.0,2015-11-16,0,0.0,0.0,0.0,0.0,0.0
2015,11,2,1,AA,1744,N954UW,PHL,BDL,2100,2211.0,71.0,10.0,2221.0,64.0,54.0,40.0,196,2301.0,4.0,2204,2305.0,61.0,0,0,,0.0,0.0,61.0,0.0,0.0,2015-11-02,1,0.0,0.0,85.92,0.0,0.0
2015,11,3,2,B6,1081,N324JB,BOS,RIC,930,931.0,1.0,17.0,948.0,111.0,98.0,76.0,474,1104.0,5.0,1121,1109.0,-12.0,0,0,,0.0,0.0,0.0,0.0,0.0,2015-11-03,0,0.0,0.0,0.0,0.0,0.0
2015,10,16,5,UA,554,N445UA,13930,14679,905,905.0,0.0,17.0,922.0,262.0,243.0,224.0,1723,1106.0,2.0,1127,1108.0,-19.0,0,0,,0.0,0.0,0.0,0.0,0.0,2015-10-16,0,0.0,0.0,0.0,0.0,0.0
2015,11,10,2,WN,358,N767SW,LAS,PDX,735,735.0,0.0,15.0,750.0,145.0,132.0,115.0,763,945.0,2.0,1000,947.0,-13.0,0,0,,0.0,0.0,0.0,0.0,0.0,2015-11-10,0,0.0,0.0,0.0,0.0,0.0
2015,10,25,7,WN,3145,N227WN,10529,10821,930,926.0,-4.0,9.0,935.0,85.0,64.0,51.0,283,1026.0,4.0,1055,1030.0,-25.0,0,0,,0.0,0.0,0.0,0.0,0.0,2015-10-25,0,0.0,0.0,0.0,0.0,0.0
2015,11,8,7,AA,1793,N521UW,CLT,PIT,2210,2213.0,3.0,24.0,2237.0,76.0,77.0,49.0,366,2326.0,4.0,2326,2330.0,4.0,0,0,,0.0,0.0,0.0,0.0,0.0,2015-11-08,0,0.0,0.0,0.0,0.0,0.0
2015,11,11,3,DL,2185,N3772H,FLL,JFK,800,755.0,-5.0,15.0,810.0,166.0,163.0,141.0,1069,1031.0,7.0,1046,1038.0,-8.0,0,0,,0.0,0.0,0.0,0.0,0.0,2015-11-11,0,0.0,0.0,0.0,0.0,0.0
2015,11,12,4,DL,407,N671DN,LAS,JFK,1049,1117.0,28.0,17.0,1134.0,296.0,272.0,246.0,2248,1840.0,9.0,1845,1849.0,4.0,0,0,,0.0,0.0,0.0,0.0,0.0,2015-11-12,1,0.0,0.0,0.0,0.0,0.0
2015,11,10,2,AA,1723,N655AW,CLT,FLL,1825,1823.0,-2.0,14.0,1837.0,122.0,112.0,88.0,632,2005.0,10.0,2027,2015.0,-12.0,0,0,,0.0,0.0,0.0,0.0,0.0,2015-11-10,0,0.0,0.0,0.0,0.0,0.0
2015,10,21,3,WN,1182,N8646B,11259,11292,955,1008.0,13.0,10.0,1018.0,120.0,109.0,93.0,651,1051.0,6.0,1055,1057.0,2.0,0,0,,0.0,0.0,0.0,0.0,0.0,2015-10-21,0,0.0,0.0,0.0,0.0,0.0
2015,11,1,7,DL,1357,N907DA,MSP,DTW,1752,1747.0,-5.0,17.0,1804.0,102.0,95.0,67.0,528,2011.0,11.0,2034,2022.0,-12.0,0,0,,0.0,0.0,0.0,0.0,0.0,2015-11-01,0,0.0,0.0,0.0,0.0,0.0
2015,11,13,5,WN,1245,7819A,MDW,HOU,1405,1413.0,8.0,8.0,1421.0,165.0,157.0,145.0,937,1646.0,4.0,1650,1650.0,0.0,0,0,,0.0,0.0,0.0,0.0,0.0,2015-11-13,0,0.0,0.0,0.0,0.0,0.0
2015,11,19,4,DL,1441,N927DN,ATL,CLT,2305,2325.0,20.0,12.0,2337.0,67.0,55.0,36.0,226,13.0,7.0,12,20.0,8.0,0,0,,0.0,0.0,0.0,0.0,0.0,2015-11-19,1,0.0,0.0,0.0,0.0,0.0
2015,11,6,5,B6,66,N796JB,ABQ,JFK,2359,11.0,12.0,8.0,19.0,228.0,212.0,196.0,1826,535.0,8.0,547,543.0,-4.0,0,0,,0.0,0.0,0.0,0.0,0.0,2015-11-06,0,0.0,0.0,0.0,0.0,0.0
2015,10,20,2,AA,1127,N021AA,10397,13303,625,615.0,-10.0,12.0,627.0,108.0,101.0,82.0,594,749.0,7.0,813,756.0,-17.0,0,0,,0.0,0.0,0.0,0.0,0.0,2015-10-20,0,0.0,0.0,0.0,0.0,0.0
2015,10,30,5,EV,4343,N36915,12266,13871,1132,1127.0,-5.0,21.0,1148.0,139.0,155.0,130.0,781,1358.0,4.0,1351,1402.0,11.0,0,0,,0.0,0.0,0.0,0.0,0.0,2015-10-30,0,0.0,0.0,0.0,0.0,0.0
2015,10,13,2,OO,2882,N869AS,12892,11540,850,857.0,7.0,13.0,910.0,126.0,115.0,95.0,715,1145.0,7.0,1156,1152.0,-4.0,0,0,,0.0,0.0,0.0,0.0,0.0,2015-10-13,0,0.0,0.0,0.0,0.0,0.0
2015,11,8,7,UA,1733,N804UA,SLC,SFO,1255,1432.0,97.0,43.0,1515.0,140.0,147.0,100.0,599,1555.0,4.0,1415,1559.0,104.0,0,0,,104.0,0.0,0.0,0.0,0.0,2015-11-08,1,107.22,0.0,0.0,0.0,0.0
2015,11,3,2,MQ,3042,N628MQ,DFW,ABI,1830,1826.0,-4.0,9.0,1835.0,56.0,44.0,30.0,158,1905.0,5.0,1926,1910.0,-16.0,0,0,,0.0,0.0,0.0,0.0,0.0,2015-11-03,0,0.0,0.0,0.0,0.0,0.0
2015,10,19,1,EV,3263,N14573,15919,12266,1627,1620.0,-7.0,17.0,1637.0,106.0,105.0,79.0,438,1756.0,9.0,1813,1805.0,-8.0,0,0,,0.0,0.0,0.0,0.0,0.0,2015-10-19,0,0.0,0.0,0.0,0.0,0.0
2015,10,24,6,AA,1799,N182UW,11057,14771,1805,1822.0,17.0,26.0,1848.0,336.0,334.0,298.0,2296,2046.0,10.0,2041,2056.0,15.0,0,0,,0.0,0.0,15.0,0.0,0.0,2015-10-24,1,0.0,0.0,88.24,0.0,0.0
2015,10,12,1,UA,1894,N14219,12266,11697,1018,1015.0,-3.0,17.0,1032.0,155.0,147.0,124.0,966,1336.0,6.0,1353,1342.0,-11.0,0,0,,0.0,0.0,0.0,0.0,0.0,2015-10-12,0,0.0,0.0,0.0,0.0,0.0
2015,11,9,1,DL,780,N385DN,SLC,PDX,2015,2032.0,17.0,21.0,2053.0,121.0,114.0,88.0,630,2121.0,5.0,2116,2126.0,10.0,0,0,,0.0,0.0,0.0,0.0,0.0,2015-11-09,1,0.0,0.0,0.0,0.0,0.0
2015,11,14,6,DL,1684,N967DL,DCA,MSP,1440,1437.0,-3.0,9.0,1446.0,164.0,157.0,141.0,931,1607.0,7.0,1624,1614.0,-10.0,0,0,,0.0,0.0,0.0,0.0,0.0,2015-11-14,0,0.0,0.0,0.0,0.0,0.0
2015,11,6,5,OO,4755,N815SK,PHX,SLC,830,827.0,-3.0,37.0,904.0,106.0,124.0,81.0,507,1025.0,6.0,1016,1031.0,15.0,0,0,,15.0,0.0,0.0,0.0,0.0,2015-11-06,0,-500.0,-0.0,-0.0,-0.0,-0.0
2015,10,21,3,AA,119,N376AA,11298,13830,1050,1056.0,6.0,24.0,1120.0,492.0,497.0,468.0,3711,1408.0,5.0,1402,1413.0,11.0,0,0,,0.0,0.0,0.0,0.0,0.0,2015-10-21,0,0.0,0.0,0.0,0.0,0.0
2015,11,15,7,AA,1638,N3GSAA,CLT,JFK,2010,2006.0,-4.0,49.0,2055.0,109.0,142.0,88.0,541,2223.0,5.0,2159,2228.0,29.0,0,0,,29.0,0.0,0.0,0.0,0.0,2015-11-15,0,-725.0,-0.0,-0.0,-0.0,-0.0
2015,11,4,3,WN,8,N527SW,SAT,ELP,1130,1125.0,-5.0,11.0,1136.0,95.0,90.0,73.0,496,1149.0,6.0,1205,1155.0,-10.0,0,0,,0.0,0.0,0.0,0.0,0.0,2015-11-04,0,0.0,0.0,0.0,0.0,0.0
2015,11,3,2,F9,1165,N953FR,CLE,MCO,1635,1802.0,87.0,11.0,1813.0,140.0,136.0,116.0,895,2009.0,9.0,1855,2018.0,83.0,0,0,,40.0,0.0,2.0,41.0,0.0,2015-11-03,1,45.98,0.0,2.3,47.13,0.0
2015,10,24,6,AA,2204,N5EPAA,13204,13303,2150,2147.0,-3.0,13.0,2200.0,59.0,56.0,39.0,192,2239.0,4.0,2249,2243.0,-6.0,0,0,,0.0,0.0,0.0,0.0,0.0,2015-10-24,0,0.0,0.0,0.0,0.0,0.0
2015,10,23,5,NK,188,N603NK,13796,12889,600,549.0,-11.0,11.0,600.0,83.0,81.0,61.0,407,701.0,9.0,723,710.0,-13.0,0,0,,0.0,0.0,0.0,0.0,0.0,2015-10-23,0,0.0,0.0,0.0,0.0,0.0
2015,10,30,5,MQ,3114,N501MQ,11298,12992,1405,1456.0,51.0,12.0,1508.0,73.0,57.0,42.0,304,1550.0,3.0,1518,1553.0,35.0,0,0,,0.0,0.0,32.0,3.0,0.0,2015-10-30,1,0.0,0.0,62.75,5.88,0.0
2015,11,9,1,UA,594,N66803,DEN,PHX,1904,1900.0,-4.0,16.0,1916.0,119.0,117.0,94.0,602,2050.0,7.0,2103,2057.0,-6.0,0,0,,0.0,0.0,0.0,0.0,0.0,2015-11-09,0,0.0,0.0,0.0,0.0,0.0
2015,10,22,4,EV,4298,N12201,11618,11995,710,735.0,25.0,13.0,748.0,103.0,78.0,62.0,445,850.0,3.0,853,853.0,0.0,0,0,,0.0,0.0,0.0,0.0,0.0,2015-10-22,1,0.0,0.0,0.0,0.0,0.0
2015,10,16,5,EV,4910,N134EV,13487,14683,912,920.0,8.0,22.0,942.0,175.0,162.0,134.0,1097,1156.0,6.0,1207,1202.0,-5.0,0,0,,0.0,0.0,0.0,0.0,0.0,2015-10-16,0,0.0,0.0,0.0,0.0,0.0
2015,11,6,5,WN,1433,N7821L,RDU,DEN,1920,1928.0,8.0,9.0,1937.0,240.0,238.0,223.0,1436,2120.0,6.0,2120,2126.0,6.0,0,0,,0.0,0.0,0.0,0.0,0.0,2015-11-06,0,0.0,0.0,0.0,0.0,0.0
2015,10,20,2,WN,464,N7731A,10599,11259,645,653.0,8.0,8.0,701.0,110.0,108.0,91.0,587,832.0,9.0,835,841.0,6.0,0,0,,0.0,0.0,0.0,0.0,0.0,2015-10-20,0,0.0,0.0,0.0,0.0,0.0
2015,10,26,1,WN,303,N427WN,14027,10397,545,538.0,-7.0,11.0,549.0,105.0,100.0,81.0,545,710.0,8.0,730,718.0,-12.0,0,0,,0.0,0.0,0.0,0.0,0.0,2015-10-26,0,0.0,0.0,0.0,0.0,0.0
2015,10,30,5,UA,1162,N34131,11618,12892,700,722.0,22.0,15.0,737.0,385.0,377.0,321.0,2454,958.0,41.0,1025,1039.0,14.0,0,0,,0.0,0.0,0.0,0.0,0.0,2015-10-30,1,0.0,0.0,0.0,0.0,0.0
2015,10,21,3,OO,4513,N689CA,13487,10693,1727,1725.0,-2.0,20.0,1745.0,127.0,118.0,92.0,695,1917.0,6.0,1934,1923.0,-11.0,0,0,,0.0,0.0,0.0,0.0,0.0,2015-10-21,0,0.0,0.0,0.0,0.0,0.0
2015,11,15,7,WN,269,N779SW,DAL,MSY,1410,1406.0,-4.0,13.0,1419.0,80.0,75.0,57.0,436,1516.0,5.0,1530,1521.0,-9.0,0,0,,0.0,0.0,0.0,0.0,0.0,2015-11-15,0,0.0,0.0,0.0,0.0,0.0
2015,11,13,5,DL,768,N923DL,PBI,ATL,1631,2059.0,268.0,15.0,2114.0,117.0,101.0,79.0,545,2233.0,7.0,1828,2240.0,252.0,0,0,,0.0,0.0,252.0,0.0,0.0,2015-11-13,1,0.0,0.0,94.03,0.0,0.0
2015,11,5,4,DL,1263,N907DE,PVD,ATL,645,644.0,-1.0,17.0,701.0,170.0,157.0,130.0,903,911.0,10.0,935,921.0,-14.0,0,0,,0.0,0.0,0.0,0.0,0.0,2015-11-05,0,0.0,0.0,0.0,0.0,0.0
2015,10,18,7,DL,1833,N968AT,10397,10868,1935,1932.0,-3.0,23.0,1955.0,64.0,58.0,30.0,192,2025.0,5.0,2039,2030.0,-9.0,0,0,,0.0,0.0,0.0,0.0,0.0,2015-10-18,0,0.0,0.0,0.0,0.0,0.0
2015,10,24,6,DL,2384,N366NW,14893,14869,615,612.0,-3.0,12.0,624.0,99.0,98.0,69.0,532,833.0,17.0,854,850.0,-4.0,0,0,,0.0,0.0,0.0,0.0,0.0,2015-10-24,0,0.0,0.0,0.0,0.0,0.0
2015,11,5,4,UA,440,N73270,SNA,DEN,1754,1749.0,-5.0,10.0,1759.0,133.0,122.0,106.0,846,2045.0,6.0,2107,2051.0,-16.0,0,0,,0.0,0.0,0.0,0.0,0.0,2015-11-05,0,0.0,0.0,0.0,0.0,0.0
2015,11,6,5,OO,4723,N616QX,SLC,LGB,1654,1649.0,-5.0,26.0,1715.0,116.0,117.0,83.0,588,1738.0,8.0,1750,1746.0,-4.0,0,0,,0.0,0.0,0.0,0.0,0.0,2015-11-06,0,0.0,0.0,0.0,0.0,0.0
2015,10,24,6,AS,62,N767AS,14828,12819,1144,1136.0,-8.0,8.0,1144.0,46.0,50.0,37.0,183,1221.0,5.0,1230,1226.0,-4.0,0,0,,0.0,0.0,0.0,0.0,0.0,2015-10-24,0,0.0,0.0,0.0,0.0,0.0
2015,10,31,6,WN,4791,N352SW,10821,13198,1010,1106.0,56.0,18.0,1124.0,165.0,180.0,158.0,967,1302.0,4.0,1155,1306.0,71.0,0,0,,15.0,0.0,56.0,0.0,0.0,2015-10-31,1,26.79,0.0,100.0,0.0,0.0
2015,10,14,3,UA,1139,N38467,14057,13930,2324,2322.0,-2.0,9.0,2331.0,226.0,211.0,192.0,1739,443.0,10.0,510,453.0,-17.0,0,0,,0.0,0.0,0.0,0.0,0.0,2015-10-14,0,0.0,0.0,0.0,0.0,0.0
2015,10,17,6,B6,454,N621JB,14027,12478,2033,2028.0,-5.0,14.0,2042.0,155.0,152.0,130.0,1028,2252.0,8.0,2308,2300.0,-8.0,0,0,,0.0,0.0,0.0,0.0,0.0,2015-10-17,0,0.0,0.0,0.0,0.0,0.0
2015,11,19,4,UA,1643,N76254,AUS,EWR,620,622.0,2.0,9.0,631.0,218.0,196.0,178.0,1504,1029.0,9.0,1058,1038.0,-20.0,0,0,,0.0,0.0,0.0,0.0,0.0,2015-11-19,0,0.0,0.0,0.0,0.0,0.0
2015,10,16,5,AA,2328,N5EKAA,11298,10721,1705,1705.0,0.0,11.0,1716.0,223.0,196.0,178.0,1562,2114.0,7.0,2148,2121.0,-27.0,0,0,,0.0,0.0,0.0,0.0,0.0,2015-10-16,0,0.0,0.0,0.0,0.0,0.0
2015,10,13,2,DL,936,N37700,12889,12478,1315,1310.0,-5.0,14.0,1324.0,305.0,302.0,283.0,2248,2107.0,5.0,2120,2112.0,-8.0,0,0,,0.0,0.0,0.0,0.0,0.0,2015-10-13,0,0.0,0.0,0.0,0.0,0.0
2015,10,13,2,EV,3265,N15985,12266,14685,744,732.0,-12.0,13.0,745.0,136.0,133.0,113.0,851,1038.0,7.0,1100,1045.0,-15.0,0,0,,0.0,0.0,0.0,0.0,0.0,2015-10-13,0,0.0,0.0,0.0,0.0,0.0
2015,10,23,5,AA,304,N3MFAA,12953,13930,659,652.0,-7.0,13.0,705.0,149.0,147.0,118.0,733,803.0,16.0,828,819.0,-9.0,0,0,,0.0,0.0,0.0,0.0,0.0,2015-10-23,0,0.0,0.0,0.0,0.0,0.0
2015,10,14,3,AS,800,N581AS,14893,14747,1955,2000.0,5.0,11.0,2011.0,108.0,116.0,96.0,605,2147.0,9.0,2143,2156.0,13.0,0,0,,0.0,0.0,0.0,0.0,0.0,2015-10-14,0,0.0,0.0,0.0,0.0,0.0
2015,10,25,7,EV,4650,N11536,11637,13930,1112,1103.0,-9.0,11.0,1114.0,113.0,98.0,78.0,557,1232.0,9.0,1305,1241.0,-24.0,0,0,,0.0,0.0,0.0,0.0,0.0,2015-10-25,0,0.0,0.0,0.0,0.0,0.0
2015,11,8,7,WN,232,N7739A,BDL,TPA,815,815.0,0.0,8.0,823.0,195.0,177.0,165.0,1111,1108.0,4.0,1130,1112.0,-18.0,0,0,,0.0,0.0,0.0,0.0,0.0,2015-11-08,0,0.0,0.0,0.0,0.0,0.0
2015,10,15,4,DL,853,N687DL,11433,14635,755,753.0,-2.0,20.0,813.0,162.0,161.0,136.0,1084,1029.0,5.0,1037,1034.0,-3.0,0,0,,0.0,0.0,0.0,0.0,0.0,2015-10-15,0,0.0,0.0,0.0,0.0,0.0
2015,11,4,3,NK,640,N522NK,LAS,BOS,2240,2237.0,-3.0,12.0,2249.0,307.0,275.0,254.0,2381,603.0,9.0,647,612.0,-35.0,0,0,,0.0,0.0,0.0,0.0,0.0,2015-11-04,0,0.0,0.0,0.0,0.0,0.0
2015,10,16,5,WN,2256,N736SA,12191,11618,1725,1728.0,3.0,11.0,1739.0,205.0,188.0,169.0,1411,2128.0,8.0,2150,2136.0,-14.0,0,0,,0.0,0.0,0.0,0.0,0.0,2015-10-16,0,0.0,0.0,0.0,0.0,0.0
2015,11,15,7,EV,4456,N14188,CRP,IAH,640,633.0,-7.0,10.0,643.0,65.0,54.0,38.0,201,721.0,6.0,745,727.0,-18.0,0,0,,0.0,0.0,0.0,0.0,0.0,2015-11-15,0,0.0,0.0,0.0,0.0,0.0
2015,11,1,7,UA,1722,N811UA,ORD,IAH,1743,1747.0,4.0,17.0,1804.0,172.0,168.0,144.0,925,2028.0,7.0,2035,2035.0,0.0,0,0,,0.0,0.0,0.0,0.0,0.0,2015-11-01,0,0.0,0.0,0.0,0.0,0.0
2015,10,22,4,DL,1803,N932DN,10397,14492,1126,1136.0,10.0,12.0,1148.0,84.0,69.0,55.0,356,1243.0,2.0,1250,1245.0,-5.0,0,0,,0.0,0.0,0.0,0.0,0.0,2015-10-22,0,0.0,0.0,0.0,0.0,0.0
2015,10,15,4,WN,3,N607SW,11259,12191,730,727.0,-3.0,13.0,740.0,60.0,62.0,41.0,239,821.0,8.0,830,829.0,-1.0,0,0,,0.0,0.0,0.0,0.0,0.0,2015-10-15,0,0.0,0.0,0.0,0.0,0.0
2015,10,24,6,B6,433,N353JB,11278,14027,1235,1231.0,-4.0,12.0,1243.0,146.0,128.0,114.0,857,1437.0,2.0,1501,1439.0,-22.0,0,0,,0.0,0.0,0.0,0.0,0.0,2015-10-24,0,0.0,0.0,0.0,0.0,0.0
2015,10,12,1,WN,244,N645SW,10821,11042,1605,1616.0,11.0,10.0,1626.0,70.0,64.0,49.0,314,1715.0,5.0,1715,1720.0,5.0,0,0,,0.0,0.0,0.0,0.0,0.0,2015-10-12,0,0.0,0.0,0.0,0.0,0.0
2015,10,27,2,NK,917,N659NK,12953,11298,1250,1245.0,-5.0,17.0,1302.0,231.0,241.0,196.0,1389,1518.0,28.0,1541,1546.0,5.0,0,0,,0.0,0.0,0.0,0.0,0.0,2015-10-27,0,0.0,0.0,0.0,0.0,0.0
2015,10,28,3,WN,1157,N8628A,14107,10693,740,738.0,-2.0,26.0,804.0,195.0,192.0,160.0,1449,1244.0,6.0,1255,1250.0,-5.0,0,0,,0.0,0.0,0.0,0.0,0.0,2015-10-28,0,0.0,0.0,0.0,0.0,0.0
2015,10,18,7,WN,2485,N452WN,10994,13232,1700,1655.0,-5.0,9.0,1704.0,130.0,133.0,108.0,745,1752.0,16.0,1810,1808.0,-2.0,0,0,,0.0,0.0,0.0,0.0,0.0,2015-10-18,0,0.0,0.0,0.0,0.0,0.0
2015,10,30,5,AA,1108,N3HRAA,12953,11298,1255,1253.0,-2.0,20.0,1313.0,242.0,240.0,205.0,1389,1538.0,15.0,1557,1553.0,-4.0,0,0,,0.0,0.0,0.0,0.0,0.0,2015-10-30,0,0.0,0.0,0.0,0.0,0.0
2015,10,19,1,EV,4669,N11547,11042,15016,1903,1852.0,-11.0,7.0,1859.0,99.0,91.0,78.0,487,1917.0,6.0,1942,1923.0,-19.0,0,0,,0.0,0.0,0.0,0.0,0.0,2015-10-19,0,0.0,0.0,0.0,0.0,0.0
2015,10,25,7,DL,1927,N664DN,11697,10397,745,740.0,-5.0,12.0,752.0,110.0,113.0,89.0,581,921.0,12.0,935,933.0,-2.0,0,0,,0.0,0.0,0.0,0.0,0.0,2015-10-25,0,0.0,0.0,0.0,0.0,0.0
2015,11,3,2,B6,1586,N329JB,MCO,BUF,1915,1915.0,0.0,12.0,1927.0,153.0,147.0,133.0,1011,2140.0,2.0,2148,2142.0,-6.0,0,0,,0.0,0.0,0.0,0.0,0.0,2015-11-03,0,0.0,0.0,0.0,0.0,0.0
2015,10,25,7,EV,5142,N753EV,10397,11624,940,937.0,-3.0,15.0,952.0,110.0,104.0,86.0,646,1118.0,3.0,1130,1121.0,-9.0,0,0,,0.0,0.0,0.0,0.0,0.0,2015-10-25,0,0.0,0.0,0.0,0.0,0.0
2015,10,12,1,WN,987,N7752B,12889,13796,2125,2139.0,14.0,10.0,2149.0,85.0,77.0,60.0,407,2249.0,7.0,2250,2256.0,6.0,0,0,,0.0,0.0,0.0,0.0,0.0,2015-10-12,0,0.0,0.0,0.0,0.0,0.0
2015,11,5,4,DL,2588,N327NB,MSP,BOS,1525,1519.0,-6.0,18.0,1537.0,165.0,154.0,131.0,1124,1848.0,5.0,1910,1853.0,-17.0,0,0,,0.0,0.0,0.0,0.0,0.0,2015-11-05,0,0.0,0.0,0.0,0.0,0.0
2015,10,14,3,AA,1938,N814AW,10994,11057,1250,1258.0,8.0,22.0,1320.0,66.0,62.0,32.0,168,1352.0,8.0,1356,1400.0,4.0,0,0,,0.0,0.0,0.0,0.0,0.0,2015-10-14,0,0.0,0.0,0.0,0.0,0.0
2015,11,11,3,AA,47,N3MDAA,ORD,SJC,1750,1755.0,5.0,19.0,1814.0,284.0,284.0,262.0,1829,2036.0,3.0,2034,2039.0,5.0,0,0,,0.0,0.0,0.0,0.0,0.0,2015-11-11,0,0.0,0.0,0.0,0.0,0.0
2015,10,13,2,WN,1867,N751SW,13232,11278,1505,1511.0,6.0,8.0,1519.0,105.0,93.0,78.0,601,1737.0,7.0,1750,1744.0,-6.0,0,0,,0.0,0.0,0.0,0.0,0.0,2015-10-13,0,0.0,0.0,0.0,0.0,0.0
2015,11,5,4,WN,353,N777QC,MCI,MDW,720,720.0,0.0,12.0,732.0,85.0,77.0,60.0,405,832.0,5.0,845,837.0,-8.0,0,0,,0.0,0.0,0.0,0.0,0.0,2015-11-05,0,0.0,0.0,0.0,0.0,0.0
2015,10,13,2,UA,1845,N23721,13930,12451,1353,1406.0,13.0,22.0,1428.0,144.0,130.0,104.0,864,1712.0,4.0,1717,1716.0,-1.0,0,0,,0.0,0.0,0.0,0.0,0.0,2015-10-13,0,0.0,0.0,0.0,0.0,0.0
2015,11,8,7,WN,5870,N8618N,DAL,LAX,1110,1111.0,1.0,8.0,1119.0,205.0,203.0,170.0,1246,1209.0,25.0,1235,1234.0,-1.0,0,0,,0.0,0.0,0.0,0.0,0.0,2015-11-08,0,0.0,0.0,0.0,0.0,0.0
2015,11,18,3,AA,4,N796AA,LAX,JFK,1215,1225.0,10.0,15.0,1240.0,330.0,305.0,282.0,2475,2022.0,8.0,2045,2030.0,-15.0,0,0,,0.0,0.0,0.0,0.0,0.0,2015-11-18,0,0.0,0.0,0.0,0.0,0.0
2015,10,27,2,WN,1896,N715SW,10800,12889,945,942.0,-3.0,10.0,952.0,65.0,60.0,43.0,223,1035.0,7.0,1050,1042.0,-8.0,0,0,,0.0,0.0,0.0,0.0,0.0,2015-10-27,0,0.0,0.0,0.0,0.0,0.0
2015,10,28,3,WN,1070,N7734H,15304,14730,845,925.0,40.0,8.0,933.0,120.0,115.0,101.0,727,1114.0,6.0,1045,1120.0,35.0,0,0,,0.0,0.0,35.0,0.0,0.0,2015-10-28,1,0.0,0.0,87.5,0.0,0.0
2015,11,4,3,AA,2340,N3LBAA,DCA,ORD,1825,1822.0,-3.0,12.0,1834.0,134.0,123.0,91.0,612,1905.0,20.0,1939,1925.0,-14.0,0,0,,0.0,0.0,0.0,0.0,0.0,2015-11-04,0,0.0,0.0,0.0,0.0,0.0
2015,10,12,1,UA,1542,N14250,11292,14100,1011,1024.0,13.0,18.0,1042.0,220.0,202.0,178.0,1558,1540.0,6.0,1551,1546.0,-5.0,0,0,,0.0,0.0,0.0,0.0,0.0,2015-10-12,0,0.0,0.0,0.0,0.0,0.0
2015,10,14,3,WN,1719,N282WN,12191,15370,855,851.0,-4.0,8.0,859.0,85.0,74.0,62.0,453,1001.0,4.0,1020,1005.0,-15.0,0,0,,0.0,0.0,0.0,0.0,0.0,2015-10-14,0,0.0,0.0,0.0,0.0,0.0
2015,10,30,5,EV,5799,N11164,12448,12266,1147,1134.0,-13.0,8.0,1142.0,84.0,78.0,62.0,351,1244.0,8.0,1311,1252.0,-19.0,0,0,,0.0,0.0,0.0,0.0,0.0,2015-10-30,0,0.0,0.0,0.0,0.0,0.0
2015,11,1,7,EV,5215,N708EV,LGA,OMA,1935,1935.0,0.0,29.0,2004.0,207.0,212.0,179.0,1148,2203.0,4.0,2202,2207.0,5.0,0,0,,0.0,0.0,0.0,0.0,0.0,2015-11-01,0,0.0,0.0,0.0,0.0,0.0
2015,11,2,1,EV,6164,N12900,ORD,LEX,1555,1551.0,-4.0,22.0,1613.0,79.0,77.0,52.0,323,1805.0,3.0,1814,1808.0,-6.0,0,0,,0.0,0.0,0.0,0.0,0.0,2015-11-02,0,0.0,0.0,0.0,0.0,0.0
2015,10,11,7,UA,1939,N38451,12264,12892,1230,1229.0,-1.0,10.0,1239.0,335.0,304.0,287.0,2288,1426.0,7.0,1505,1433.0,-32.0,0,0,,0.0,0.0,0.0,0.0,0.0,2015-10-11,0,0.0,0.0,0.0,0.0,0.0
2015,11,19,4,WN,355,N249WN,MEM,MDW,1620,1636.0,16.0,14.0,1650.0,95.0,100.0,81.0,480,1811.0,5.0,1755,1816.0,21.0,0,0,,5.0,0.0,16.0,0.0,0.0,2015-11-19,1,31.25,0.0,100.0,0.0,0.0
2015,11,19,4,MQ,3075,N0EGMQ,MSN,ORD,1251,1252.0,1.0,14.0,1306.0,63.0,72.0,25.0,108,1331.0,33.0,1354,1404.0,10.0,0,0,,0.0,0.0,0.0,0.0,0.0,2015-11-19,0,0.0,0.0,0.0,0.0,0.0
2015,11,16,1,HA,308,N481HA,HNL,KOA,1900,1857.0,-3.0,13.0,1910.0,45.0,47.0,29.0,163,1939.0,5.0,1945,1944.0,-1.0,0,0,,0.0,0.0,0.0,0.0,0.0,2015-11-16,0,0.0,0.0,0.0,0.0,0.0
2015,10,30,5,UA,431,N402UA,12266,13487,1917,1914.0,-3.0,25.0,1939.0,169.0,165.0,135.0,1034,2154.0,5.0,2206,2159.0,-7.0,0,0,,0.0,0.0,0.0,0.0,0.0,2015-10-30,0,0.0,0.0,0.0,0.0,0.0
2015,11,5,4,DL,320,N126DL,MSP,LAX,916,943.0,27.0,9.0,952.0,254.0,228.0,212.0,1535,1124.0,7.0,1130,1131.0,1.0,0,0,,0.0,0.0,0.0,0.0,0.0,2015-11-05,1,0.0,0.0,0.0,0.0,0.0
2015,11,6,5,AA,2038,N741UW,CLT,PVD,2204,2204.0,0.0,11.0,2215.0,106.0,97.0,83.0,683,2338.0,3.0,2350,2341.0,-9.0,0,0,,0.0,0.0,0.0,0.0,0.0,2015-11-06,0,0.0,0.0,0.0,0.0,0.0
2015,11,9,1,EV,3823,N14998,ORD,PVD,1350,1345.0,-5.0,20.0,1405.0,139.0,136.0,111.0,849,1656.0,5.0,1709,1701.0,-8.0,0,0,,0.0,0.0,0.0,0.0,0.0,2015-11-09,0,0.0,0.0,0.0,0.0,0.0
2015,10,19,1,WN,41,N777QC,12191,14683,1820,1818.0,-2.0,7.0,1825.0,50.0,47.0,37.0,192,1902.0,3.0,1910,1905.0,-5.0,0,0,,0.0,0.0,0.0,0.0,0.0,2015-10-19,0,0.0,0.0,0.0,0.0,0.0
2015,11,15,7,DL,1505,N816DN,MSP,SFO,1750,1745.0,-5.0,17.0,1802.0,256.0,244.0,217.0,1589,1939.0,10.0,2006,1949.0,-17.0,0,0,,0.0,0.0,0.0,0.0,0.0,2015-11-15,0,0.0,0.0,0.0,0.0,0.0
2015,11,11,3,AA,385,N585AA,COS,DFW,613,612.0,-1.0,46.0,658.0,124.0,137.0,83.0,592,921.0,8.0,917,929.0,12.0,0,0,,0.0,0.0,0.0,0.0,0.0,2015-11-11,0,0.0,0.0,0.0,0.0,0.0
2015,11,3,2,WN,1816,N796SW,ATL,TPA,2125,2134.0,9.0,11.0,2145.0,90.0,75.0,60.0,406,2245.0,4.0,2255,2249.0,-6.0,0,0,,0.0,0.0,0.0,0.0,0.0,2015-11-03,0,0.0,0.0,0.0,0.0,0.0
2015,10,26,1,AA,1156,N3DAAA,11298,12953,1700,1657.0,-3.0,26.0,1723.0,209.0,196.0,165.0,1389,2108.0,5.0,2129,2113.0,-16.0,0,0,,0.0,0.0,0.0,0.0,0.0,2015-10-26,0,0.0,0.0,0.0,0.0,0.0
2015,11,16,1,MQ,3602,N822MQ,LGA,CMH,1835,1859.0,24.0,42.0,1941.0,119.0,123.0,75.0,479,2056.0,6.0,2034,2102.0,28.0,0,0,,7.0,0.0,0.0,21.0,0.0,2015-11-16,1,29.17,0.0,0.0,87.5,0.0
2015,11,4,3,AA,402,N523UW,PHL,LAX,2025,2017.0,-8.0,13.0,2030.0,350.0,343.0,321.0,2402,2251.0,9.0,2315,2300.0,-15.0,0,0,,0.0,0.0,0.0,0.0,0.0,2015-11-04,0,0.0,0.0,0.0,0.0,0.0
2015,10,28,3,UA,939,N37267,11292,12264,819,831.0,12.0,11.0,842.0,196.0,186.0,167.0,1452,1329.0,8.0,1335,1337.0,2.0,0,0,,0.0,0.0,0.0,0.0,0.0,2015-10-28,0,0.0,0.0,0.0,0.0,0.0
2015,10,30,5,MQ,3298,N652MQ,11298,13485,1602,1631.0,29.0,15.0,1646.0,136.0,117.0,100.0,821,1826.0,2.0,1818,1828.0,10.0,0,0,,0.0,0.0,0.0,0.0,0.0,2015-10-30,1,0.0,0.0,0.0,0.0,0.0
2015,10,22,4,AA,636,N659AW,14107,12889,1705,1658.0,-7.0,14.0,1712.0,67.0,67.0,43.0,255,1755.0,10.0,1812,1805.0,-7.0,0,0,,0.0,0.0,0.0,0.0,0.0,2015-10-22,0,0.0,0.0,0.0,0.0,0.0
2015,10,24,6,EV,4139,N14158,12266,13931,1918,1925.0,7.0,20.0,1945.0,186.0,168.0,141.0,1201,2306.0,7.0,2324,2313.0,-11.0,0,0,,0.0,0.0,0.0,0.0,0.0,2015-10-24,0,0.0,0.0,0.0,0.0,0.0
2015,10,27,2,AA,1797,N724UW,11057,13495,1110,1106.0,-4.0,11.0,1117.0,111.0,110.0,95.0,651,1152.0,4.0,1201,1156.0,-5.0,0,0,,0.0,0.0,0.0,0.0,0.0,2015-10-27,0,0.0,0.0,0.0,0.0,0.0
2015,11,16,1,OO,2975,N906SW,BFL,PHX,625,618.0,-7.0,14.0,632.0,91.0,97.0,72.0,425,844.0,11.0,856,855.0,-1.0,0,0,,0.0,0.0,0.0,0.0,0.0,2015-11-16,0,0.0,0.0,0.0,0.0,0.0
2015,10,11,7,AA,456,N161UW,14107,14869,1655,1703.0,8.0,14.0,1717.0,95.0,90.0,71.0,507,1928.0,5.0,1930,1933.0,3.0,0,0,,0.0,0.0,0.0,0.0,0.0,2015-10-11,0,0.0,0.0,0.0,0.0,0.0
2015,11,2,1,UA,715,N831UA,STL,SFO,1739,1813.0,34.0,11.0,1824.0,274.0,239.0,224.0,1735,2008.0,4.0,2013,2012.0,-1.0,0,0,,0.0,0.0,0.0,0.0,0.0,2015-11-02,1,0.0,0.0,0.0,0.0,0.0
2015,10,24,6,WN,1993,N788SA,12889,13796,1715,1711.0,-4.0,11.0,1722.0,90.0,81.0,65.0,407,1827.0,5.0,1845,1832.0,-13.0,0,0,,0.0,0.0,0.0,0.0,0.0,2015-10-24,0,0.0,0.0,0.0,0.0,0.0
2015,10,23,5,WN,2291,N769SW,15304,13232,1835,1842.0,7.0,8.0,1850.0,165.0,153.0,139.0,997,2009.0,6.0,2020,2015.0,-5.0,0,0,,0.0,0.0,0.0,0.0,0.0,2015-10-23,0,0.0,0.0,0.0,0.0,0.0
2015,11,2,1,DL,1612,N964DN,ORD,ATL,1530,1529.0,-1.0,15.0,1544.0,118.0,111.0,85.0,606,1809.0,11.0,1828,1820.0,-8.0,0,0,,0.0,0.0,0.0,0.0,0.0,2015-11-02,0,0.0,0.0,0.0,0.0,0.0
2015,10,12,1,EV,4197,N12528,12266,13061,910,907.0,-3.0,21.0,928.0,75.0,81.0,56.0,301,1024.0,4.0,1025,1028.0,3.0,0,0,,0.0,0.0,0.0,0.0,0.0,2015-10-12,0,0.0,0.0,0.0,0.0,0.0
2015,10,16,5,EV,4892,N881AS,10577,11433,1711,1706.0,-5.0,8.0,1714.0,87.0,84.0,71.0,378,1825.0,5.0,1838,1830.0,-8.0,0,0,,0.0,0.0,0.0,0.0,0.0,2015-10-16,0,0.0,0.0,0.0,0.0,0.0
2015,11,19,4,AA,298,N855AA,HNL,LAX,2225,2219.0,-6.0,17.0,2236.0,325.0,320.0,297.0,2556,533.0,6.0,550,539.0,-11.0,0,0,,0.0,0.0,0.0,0.0,0.0,2015-11-19,0,0.0,0.0,0.0,0.0,0.0
2015,11,5,4,DL,1450,N37700,LAS,MSP,45,37.0,-8.0,22.0,59.0,180.0,171.0,146.0,1299,525.0,3.0,545,528.0,-17.0,0,0,,0.0,0.0,0.0,0.0,0.0,2015-11-05,0,0.0,0.0,0.0,0.0,0.0
2015,10,12,1,EV,4736,N14203,13342,11042,600,552.0,-8.0,11.0,603.0,75.0,66.0,49.0,328,752.0,6.0,815,758.0,-17.0,0,0,,0.0,0.0,0.0,0.0,0.0,2015-10-12,0,0.0,0.0,0.0,0.0,0.0
2015,11,9,1,OO,4839,N813SK,MSP,OMA,1006,1003.0,-3.0,28.0,1031.0,75.0,79.0,45.0,282,1116.0,6.0,1121,1122.0,1.0,0,0,,0.0,0.0,0.0,0.0,0.0,2015-11-09,0,0.0,0.0,0.0,0.0,0.0
2015,11,10,2,EV,4601,N11176,IAH,LBB,845,902.0,17.0,16.0,918.0,96.0,97.0,75.0,458,1033.0,6.0,1021,1039.0,18.0,0,0,,1.0,0.0,17.0,0.0,0.0,2015-11-10,1,5.88,0.0,100.0,0.0,0.0
2015,11,6,5,WN,142,N914WN,SNA,LAS,1055,1052.0,-3.0,13.0,1105.0,65.0,65.0,44.0,226,1149.0,8.0,1200,1157.0,-3.0,0,0,,0.0,0.0,0.0,0.0,0.0,2015-11-06,0,0.0,0.0,0.0,0.0,0.0
2015,10,18,7,WN,548,N717SA,11697,13232,1010,1016.0,6.0,10.0,1026.0,190.0,180.0,163.0,1167,1209.0,7.0,1220,1216.0,-4.0,0,0,,0.0,0.0,0.0,0.0,0.0,2015-10-18,0,0.0,0.0,0.0,0.0,0.0
2015,10,24,6,DL,1286,N905DL,10397,12953,1045,1046.0,1.0,8.0,1054.0,139.0,113.0,98.0,762,1232.0,7.0,1304,1239.0,-25.0,0,0,,0.0,0.0,0.0,0.0,0.0,2015-10-24,0,0.0,0.0,0.0,0.0,0.0
2015,11,10,2,WN,2443,N8605E,AUS,PHX,1405,1406.0,1.0,13.0,1419.0,155.0,158.0,139.0,872,1538.0,6.0,1540,1544.0,4.0,0,0,,0.0,0.0,0.0,0.0,0.0,2015-11-10,0,0.0,0.0,0.0,0.0,0.0
2015,10,29,4,UA,830,N462UA,11292,13930,1640,1640.0,0.0,22.0,1702.0,147.0,162.0,120.0,888,2002.0,20.0,2007,2022.0,15.0,0,0,,15.0,0.0,0.0,0.0,0.0,2015-10-29,0,inf,0.0,0.0,0.0,0.0
2015,11,13,5,DL,1660,N906AT,CLT,MSP,1445,2355.0,550.0,15.0,10.0,179.0,155.0,136.0,930,126.0,4.0,1644,130.0,526.0,0,0,,0.0,0.0,492.0,34.0,0.0,2015-11-13,1,0.0,0.0,89.45,6.18,0.0
2015,10,20,2,WN,338,N407WN,10397,12892,1525,1525.0,0.0,14.0,1539.0,300.0,296.0,278.0,1947,1717.0,4.0,1725,1721.0,-4.0,0,0,,0.0,0.0,0.0,0.0,0.0,2015-10-20,0,0.0,0.0,0.0,0.0,0.0
2015,10,11,7,UA,1930,N16732,11618,12889,1030,1023.0,-7.0,10.0,1033.0,338.0,309.0,281.0,2227,1214.0,18.0,1308,1232.0,-36.0,0,0,,0.0,0.0,0.0,0.0,0.0,2015-10-11,0,0.0,0.0,0.0,0.0,0.0
2015,11,17,2,DL,2620,N678DL,MCO,ATL,1529,1523.0,-6.0,15.0,1538.0,100.0,90.0,64.0,404,1642.0,11.0,1709,1653.0,-16.0,0,0,,0.0,0.0,0.0,0.0,0.0,2015-11-17,0,0.0,0.0,0.0,0.0,0.0
2015,10,20,2,WN,2924,N409WN,10693,13495,1535,1532.0,-3.0,7.0,1539.0,90.0,82.0,70.0,471,1649.0,5.0,1705,1654.0,-11.0,0,0,,0.0,0.0,0.0,0.0,0.0,2015-10-20,0,0.0,0.0,0.0,0.0,0.0
2015,10,24,6,AA,2183,N3ELAA,11298,11057,1330,1351.0,21.0,16.0,1407.0,154.0,133.0,109.0,936,1656.0,8.0,1704,1704.0,0.0,0,0,,0.0,0.0,0.0,0.0,0.0,2015-10-24,1,0.0,0.0,0.0,0.0,0.0
2015,10,17,6,UA,1664,N36272,12892,12264,1053,1102.0,9.0,16.0,1118.0,309.0,289.0,262.0,2288,1840.0,11.0,1902,1851.0,-11.0,0,0,,0.0,0.0,0.0,0.0,0.0,2015-10-17,0,0.0,0.0,0.0,0.0,0.0
2015,11,1,7,AA,708,N974UY,CLT,LAX,1645,1642.0,-3.0,26.0,1708.0,321.0,314.0,277.0,2125,1845.0,11.0,1906,1856.0,-10.0,0,0,,0.0,0.0,0.0,0.0,0.0,2015-11-01,0,0.0,0.0,0.0,0.0,0.0
2015,10,12,1,NK,805,N525NK,13204,10397,1820,1909.0,49.0,23.0,1932.0,85.0,88.0,58.0,404,2030.0,7.0,1945,2037.0,52.0,0,0,,52.0,0.0,0.0,0.0,0.0,2015-10-12,1,106.12,0.0,0.0,0.0,0.0
2015,10,11,7,DL,2346,N910AT,10397,13232,1914,1914.0,0.0,8.0,1922.0,125.0,101.0,87.0,591,1949.0,6.0,2019,1955.0,-24.0,0,0,,0.0,0.0,0.0,0.0,0.0,2015-10-11,0,0.0,0.0,0.0,0.0,0.0
2015,11,8,7,VX,406,N855VA,LAX,JFK,1040,1036.0,-4.0,8.0,1044.0,325.0,328.0,303.0,2475,1847.0,17.0,1905,1904.0,-1.0,0,0,,0.0,0.0,0.0,0.0,0.0,2015-11-08,0,0.0,0.0,0.0,0.0,0.0
2015,10,18,7,OO,4844,N614SK,14771,14869,1805,1752.0,-13.0,12.0,1804.0,109.0,103.0,79.0,599,2023.0,12.0,2054,2035.0,-19.0,0,0,,0.0,0.0,0.0,0.0,0.0,2015-10-18,0,0.0,0.0,0.0,0.0,0.0
2015,11,1,7,MQ,3262,N602MQ,CVG,ORD,827,1053.0,146.0,11.0,1104.0,81.0,71.0,52.0,264,1056.0,8.0,848,1104.0,136.0,0,0,,0.0,0.0,136.0,0.0,0.0,2015-11-01,1,0.0,0.0,93.15,0.0,0.0
2015,10,30,5,DL,1527,N627DL,10397,11697,1600,1557.0,-3.0,15.0,1612.0,110.0,99.0,80.0,581,1732.0,4.0,1750,1736.0,-14.0,0,0,,0.0,0.0,0.0,0.0,0.0,2015-10-30,0,0.0,0.0,0.0,0.0,0.0
2015,10,29,4,EV,3825,N13997,13930,15412,2057,2055.0,-2.0,27.0,2122.0,92.0,93.0,63.0,475,2325.0,3.0,2329,2328.0,-1.0,0,0,,0.0,0.0,0.0,0.0,0.0,2015-10-29,0,0.0,0.0,0.0,0.0,0.0
2015,10,29,4,AA,142,N3MGAA,14831,13930,700,654.0,-6.0,16.0,710.0,253.0,271.0,235.0,1829,1305.0,20.0,1313,1325.0,12.0,0,0,,0.0,0.0,0.0,0.0,0.0,2015-10-29,0,0.0,0.0,0.0,0.0,0.0
2015,11,4,3,DL,1705,N339NW,SLC,SAT,2010,2004.0,-6.0,28.0,2032.0,160.0,176.0,144.0,1087,2356.0,4.0,2350,2400.0,10.0,0,0,,0.0,0.0,0.0,0.0,0.0,2015-11-04,0,0.0,0.0,0.0,0.0,0.0
2015,10,31,6,EV,5910,N21154,10599,13930,932,928.0,-4.0,11.0,939.0,123.0,124.0,106.0,584,1125.0,7.0,1135,1132.0,-3.0,0,0,,0.0,0.0,0.0,0.0,0.0,2015-10-31,0,0.0,0.0,0.0,0.0,0.0
2015,11,5,4,WN,2738,N958WN,CMH,MDW,1230,1230.0,0.0,9.0,1239.0,70.0,70.0,49.0,283,1228.0,12.0,1240,1240.0,0.0,0,0,,0.0,0.0,0.0,0.0,0.0,2015-11-05,0,0.0,0.0,0.0,0.0,0.0
2015,11,16,1,B6,1090,N348JB,DCA,BOS,1940,1936.0,-4.0,14.0,1950.0,84.0,77.0,59.0,399,2049.0,4.0,2104,2053.0,-11.0,0,0,,0.0,0.0,0.0,0.0,0.0,2015-11-16,0,0.0,0.0,0.0,0.0,0.0
2015,11,11,3,EV,2791,N905EV,DFW,HOU,1210,1205.0,-5.0,37.0,1242.0,77.0,98.0,52.0,247,1334.0,9.0,1327,1343.0,16.0,0,0,,16.0,0.0,0.0,0.0,0.0,2015-11-11,0,-320.0,-0.0,-0.0,-0.0,-0.0
2015,10,23,5,WN,2982,N561WN,10397,13232,935,950.0,15.0,11.0,1001.0,115.0,103.0,87.0,591,1028.0,5.0,1030,1033.0,3.0,0,0,,0.0,0.0,0.0,0.0,0.0,2015-10-23,0,0.0,0.0,0.0,0.0,0.0
2015,10,23,5,WN,3103,N403WN,13204,10529,1830,1901.0,31.0,14.0,1915.0,160.0,166.0,146.0,1050,2141.0,6.0,2110,2147.0,37.0,0,0,,6.0,0.0,31.0,0.0,0.0,2015-10-23,1,19.35,0.0,100.0,0.0,0.0
2015,11,16,1,DL,2092,N315NB,DTW,IND,1200,1158.0,-2.0,10.0,1208.0,69.0,53.0,38.0,231,1246.0,5.0,1309,1251.0,-18.0,0,0,,0.0,0.0,0.0,0.0,0.0,2015-11-16,0,0.0,0.0,0.0,0.0,0.0
2015,10,25,7,AA,1408,N514AA,11298,13851,2040,2034.0,-6.0,29.0,2103.0,63.0,65.0,31.0,175,2134.0,5.0,2143,2139.0,-4.0,0,0,,0.0,0.0,0.0,0.0,0.0,2015-10-25,0,0.0,0.0,0.0,0.0,0.0
2015,11,10,2,UA,1530,N17122,MCO,EWR,954,1001.0,7.0,39.0,1040.0,156.0,163.0,117.0,937,1237.0,7.0,1230,1244.0,14.0,0,0,,0.0,0.0,0.0,0.0,0.0,2015-11-10,0,0.0,0.0,0.0,0.0,0.0
2015,10,16,5,EV,5950,N12175,13930,15919,1228,1221.0,-7.0,19.0,1240.0,105.0,100.0,74.0,522,1354.0,7.0,1413,1401.0,-12.0,0,0,,0.0,0.0,0.0,0.0,0.0,2015-10-16,0,0.0,0.0,0.0,0.0,0.0
2015,11,19,4,WN,1110,N388SW,RSW,IND,2005,1958.0,-7.0,7.0,2005.0,155.0,142.0,129.0,945,2214.0,6.0,2240,2220.0,-20.0,0,0,,0.0,0.0,0.0,0.0,0.0,2015-11-19,0,0.0,0.0,0.0,0.0,0.0
2015,10,26,1,DL,772,N917DN,10397,14307,1949,1950.0,1.0,12.0,2002.0,147.0,124.0,108.0,903,2150.0,4.0,2216,2154.0,-22.0,0,0,,0.0,0.0,0.0,0.0,0.0,2015-10-26,0,0.0,0.0,0.0,0.0,0.0
2015,11,18,3,DL,2457,N917DL,ATL,BDL,726,725.0,-1.0,11.0,736.0,136.0,124.0,108.0,859,924.0,5.0,942,929.0,-13.0,0,0,,0.0,0.0,0.0,0.0,0.0,2015-11-18,0,0.0,0.0,0.0,0.0,0.0
2015,10,18,7,WN,2617,N782SA,12892,11292,2045,2137.0,52.0,12.0,2149.0,130.0,130.0,111.0,862,40.0,7.0,2355,47.0,52.0,0,0,,0.0,0.0,0.0,52.0,0.0,2015-10-18,1,0.0,0.0,0.0,100.0,0.0
2015,11,9,1,HA,333,N493HA,HNL,LIH,808,809.0,1.0,10.0,819.0,41.0,39.0,22.0,102,841.0,7.0,849,848.0,-1.0,0,0,,0.0,0.0,0.0,0.0,0.0,2015-11-09,0,0.0,0.0,0.0,0.0,0.0
2015,10,28,3,AA,1933,N956UW,14122,14100,720,714.0,-6.0,32.0,746.0,85.0,92.0,52.0,268,838.0,8.0,845,846.0,1.0,0,0,,0.0,0.0,0.0,0.0,0.0,2015-10-28,0,0.0,0.0,0.0,0.0,0.0
2015,10,18,7,NK,363,N624NK,10397,12266,940,1048.0,68.0,13.0,1101.0,130.0,125.0,103.0,689,1144.0,9.0,1050,1153.0,63.0,0,0,,63.0,0.0,0.0,0.0,0.0,2015-10-18,1,92.65,0.0,0.0,0.0,0.0
2015,10,21,3,AA,1323,N437AA,13930,15016,1841,1843.0,2.0,21.0,1904.0,78.0,69.0,45.0,258,1949.0,3.0,1959,1952.0,-7.0,0,0,,0.0,0.0,0.0,0.0,0.0,2015-10-21,0,0.0,0.0,0.0,0.0,0.0
2015,10,20,2,DL,1754,N846DN,12892,10397,1045,1044.0,-1.0,16.0,1100.0,255.0,246.0,222.0,1947,1742.0,8.0,1800,1750.0,-10.0,0,0,,0.0,0.0,0.0,0.0,0.0,2015-10-20,0,0.0,0.0,0.0,0.0,0.0
2015,10,27,2,AA,1879,N828AW,11057,10529,740,734.0,-6.0,42.0,816.0,116.0,134.0,86.0,644,942.0,6.0,936,948.0,12.0,0,0,,0.0,0.0,0.0,0.0,0.0,2015-10-27,0,0.0,0.0,0.0,0.0,0.0
2015,10,21,3,HA,307,N492HA,12758,12173,2039,2033.0,-6.0,7.0,2040.0,45.0,39.0,27.0,163,2107.0,5.0,2124,2112.0,-12.0,0,0,,0.0,0.0,0.0,0.0,0.0,2015-10-21,0,0.0,0.0,0.0,0.0,0.0
2015,10,23,5,AS,861,N581AS,14747,13830,830,828.0,-2.0,22.0,850.0,374.0,393.0,365.0,2640,1155.0,6.0,1144,1201.0,17.0,0,0,,17.0,0.0,0.0,0.0,0.0,2015-10-23,0,-850.0,-0.0,-0.0,-0.0,-0.0
2015,10,29,4,DL,2348,N386DA,10397,14747,2155,2159.0,4.0,10.0,2209.0,337.0,306.0,289.0,2182,2358.0,7.0,32,5.0,-27.0,0,0,,0.0,0.0,0.0,0.0,0.0,2015-10-29,0,0.0,0.0,0.0,0.0,0.0
2015,11,12,4,UA,745,N17245,DEN,PDX,1914,1921.0,7.0,10.0,1931.0,177.0,161.0,147.0,991,2058.0,4.0,2111,2102.0,-9.0,0,0,,0.0,0.0,0.0,0.0,0.0,2015-11-12,0,0.0,0.0,0.0,0.0,0.0
2015,11,17,2,OO,4836,N608SK,SEA,BZN,2150,2158.0,8.0,20.0,2218.0,100.0,93.0,69.0,543,27.0,4.0,30,31.0,1.0,0,0,,0.0,0.0,0.0,0.0,0.0,2015-11-17,0,0.0,0.0,0.0,0.0,0.0
2015,11,16,1,UA,239,N843UA,ORD,AUS,1602,1558.0,-4.0,22.0,1620.0,177.0,178.0,150.0,977,1850.0,6.0,1859,1856.0,-3.0,0,0,,0.0,0.0,0.0,0.0,0.0,2015-11-16,0,0.0,0.0,0.0,0.0,0.0
2015,10,30,5,AA,1638,N3BRAA,11298,11057,1530,1527.0,-3.0,12.0,1539.0,155.0,146.0,126.0,936,1845.0,8.0,1905,1853.0,-12.0,0,0,,0.0,0.0,0.0,0.0,0.0,2015-10-30,0,0.0,0.0,0.0,0.0,0.0
2015,11,17,2,DL,1362,N954DN,SRQ,ATL,600,559.0,-1.0,12.0,611.0,94.0,89.0,68.0,444,719.0,9.0,734,728.0,-6.0,0,0,,0.0,0.0,0.0,0.0,0.0,2015-11-17,0,0.0,0.0,0.0,0.0,0.0
2015,10,25,7,WN,235,N617SW,12191,10397,735,730.0,-5.0,13.0,743.0,120.0,113.0,88.0,696,1011.0,12.0,1035,1023.0,-12.0,0,0,,0.0,0.0,0.0,0.0,0.0,2015-10-25,0,0.0,0.0,0.0,0.0,0.0
2015,10,12,1,EV,5662,N28529,12266,12915,1557,1549.0,-8.0,13.0,1602.0,51.0,40.0,24.0,127,1626.0,3.0,1648,1629.0,-19.0,0,0,,0.0,0.0,0.0,0.0,0.0,2015-10-12,0,0.0,0.0,0.0,0.0,0.0
2015,11,5,4,OO,6325,N140SY,SAN,LAX,1135,1135.0,0.0,21.0,1156.0,60.0,53.0,25.0,109,1221.0,7.0,1235,1228.0,-7.0,0,0,,0.0,0.0,0.0,0.0,0.0,2015-11-05,0,0.0,0.0,0.0,0.0,0.0
2015,10,26,1,AA,2213,N3BDAA,11298,12953,605,602.0,-3.0,14.0,616.0,203.0,201.0,166.0,1389,1002.0,21.0,1028,1023.0,-5.0,0,0,,0.0,0.0,0.0,0.0,0.0,2015-10-26,0,0.0,0.0,0.0,0.0,0.0
2015,11,1,7,WN,463,N7814B,BWI,RDU,1645,1653.0,8.0,18.0,1711.0,70.0,70.0,46.0,255,1757.0,6.0,1755,1803.0,8.0,0,0,,0.0,0.0,0.0,0.0,0.0,2015-11-01,0,0.0,0.0,0.0,0.0,0.0
2015,11,15,7,EV,5904,N11193,CMH,ORD,1420,1415.0,-5.0,6.0,1421.0,85.0,74.0,50.0,296,1411.0,18.0,1445,1429.0,-16.0,0,0,,0.0,0.0,0.0,0.0,0.0,2015-11-15,0,0.0,0.0,0.0,0.0,0.0
2015,10,30,5,AA,2140,N766US,11278,10721,1930,1928.0,-2.0,10.0,1938.0,85.0,76.0,63.0,399,2041.0,3.0,2055,2044.0,-11.0,0,0,,0.0,0.0,0.0,0.0,0.0,2015-10-30,0,0.0,0.0,0.0,0.0,0.0
2015,11,6,5,F9,404,N908FR,LAX,DEN,945,1012.0,27.0,15.0,1027.0,137.0,130.0,110.0,862,1317.0,5.0,1302,1322.0,20.0,0,0,,7.0,0.0,0.0,13.0,0.0,2015-11-06,1,25.93,0.0,0.0,48.15,0.0
2015,10,15,4,OO,4847,N432SW,14696,13487,750,741.0,-9.0,20.0,801.0,98.0,105.0,73.0,411,814.0,12.0,828,826.0,-2.0,0,0,,0.0,0.0,0.0,0.0,0.0,2015-10-15,0,0.0,0.0,0.0,0.0,0.0
2015,11,1,7,UA,532,N806UA,ORD,BOS,1040,1034.0,-6.0,21.0,1055.0,143.0,122.0,98.0,867,1333.0,3.0,1403,1336.0,-27.0,0,0,,0.0,0.0,0.0,0.0,0.0,2015-11-01,0,0.0,0.0,0.0,0.0,0.0
2015,11,18,3,WN,2885,N8647A,LAS,MCO,1600,1557.0,-3.0,25.0,1622.0,255.0,267.0,236.0,2039,2318.0,6.0,2315,2324.0,9.0,0,0,,0.0,0.0,0.0,0.0,0.0,2015-11-18,0,0.0,0.0,0.0,0.0,0.0
2015,11,13,5,WN,1466,N8312C,MCO,DAL,1810,1808.0,-2.0,15.0,1823.0,170.0,162.0,142.0,973,1945.0,5.0,2000,1950.0,-10.0,0,0,,0.0,0.0,0.0,0.0,0.0,2015-11-13,0,0.0,0.0,0.0,0.0,0.0
2015,10,23,5,F9,702,N912FR,11292,13495,1220,1326.0,66.0,16.0,1342.0,147.0,159.0,137.0,1062,1659.0,6.0,1547,1705.0,78.0,0,0,,69.0,0.0,1.0,8.0,0.0,2015-10-23,1,104.55,0.0,1.52,12.12,0.0
2015,10,18,7,EV,4272,N15572,11042,13930,2056,2101.0,5.0,20.0,2121.0,91.0,99.0,57.0,316,2118.0,22.0,2127,2140.0,13.0,0,0,,0.0,0.0,0.0,0.0,0.0,2015-10-18,0,0.0,0.0,0.0,0.0,0.0
2015,10,18,7,AA,1654,N424AA,11298,11638,1025,1034.0,9.0,28.0,1102.0,211.0,208.0,176.0,1313,1158.0,4.0,1156,1202.0,6.0,0,0,,0.0,0.0,0.0,0.0,0.0,2015-10-18,0,0.0,0.0,0.0,0.0,0.0
2015,10,15,4,WN,535,N777QC,11292,10693,615,615.0,0.0,11.0,626.0,150.0,133.0,116.0,1014,922.0,6.0,945,928.0,-17.0,0,0,,0.0,0.0,0.0,0.0,0.0,2015-10-15,0,0.0,0.0,0.0,0.0,0.0
2015,11,4,3,UA,670,N62892,SEA,ORD,1405,1422.0,17.0,17.0,1439.0,238.0,221.0,197.0,1721,1956.0,7.0,2003,2003.0,0.0,0,0,,0.0,0.0,0.0,0.0,0.0,2015-11-04,1,0.0,0.0,0.0,0.0,0.0
2015,11,12,4,DL,67,N127DL,ATL,LAS,1740,1740.0,0.0,13.0,1753.0,273.0,270.0,249.0,1747,1902.0,8.0,1913,1910.0,-3.0,0,0,,0.0,0.0,0.0,0.0,0.0,2015-11-12,0,0.0,0.0,0.0,0.0,0.0
2015,11,2,1,AA,582,N652AW,PHX,MKE,1115,1111.0,-4.0,18.0,1129.0,204.0,181.0,159.0,1460,1508.0,4.0,1539,1512.0,-27.0,0,0,,0.0,0.0,0.0,0.0,0.0,2015-11-02,0,0.0,0.0,0.0,0.0,0.0
2015,11,7,6,DL,1258,N928DN,JAX,ATL,1130,1126.0,-4.0,10.0,1136.0,80.0,57.0,42.0,270,1218.0,5.0,1250,1223.0,-27.0,0,0,,0.0,0.0,0.0,0.0,0.0,2015-11-07,0,0.0,0.0,0.0,0.0,0.0
2015,11,3,2,OO,5734,N784SK,CVG,ORD,1443,1454.0,11.0,21.0,1515.0,74.0,79.0,49.0,264,1504.0,9.0,1457,1513.0,16.0,0,0,,5.0,0.0,0.0,11.0,0.0,2015-11-03,0,45.45,0.0,0.0,100.0,0.0
2015,11,6,5,WN,455,N434WN,SMF,SEA,650,649.0,-1.0,7.0,656.0,115.0,102.0,89.0,605,825.0,6.0,845,831.0,-14.0,0,0,,0.0,0.0,0.0,0.0,0.0,2015-11-06,0,0.0,0.0,0.0,0.0,0.0
2015,11,10,2,DL,2359,N37700,DCA,SLC,725,723.0,-2.0,14.0,737.0,293.0,280.0,258.0,1851,955.0,8.0,1018,1003.0,-15.0,0,0,,0.0,0.0,0.0,0.0,0.0,2015-11-10,0,0.0,0.0,0.0,0.0,0.0
2015,10,21,3,UA,1610,N67812,15304,11618,1645,1638.0,-7.0,10.0,1648.0,164.0,151.0,134.0,997,1902.0,7.0,1929,1909.0,-20.0,0,0,,0.0,0.0,0.0,0.0,0.0,2015-10-21,0,0.0,0.0,0.0,0.0,0.0
2015,10,29,4,DL,391,N904DE,10529,10397,1246,1247.0,1.0,30.0,1317.0,161.0,171.0,134.0,859,1531.0,7.0,1527,1538.0,11.0,0,0,,0.0,0.0,0.0,0.0,0.0,2015-10-29,0,0.0,0.0,0.0,0.0,0.0
2015,11,16,1,DL,1737,N3753,DTW,BWI,725,723.0,-2.0,15.0,738.0,102.0,91.0,68.0,409,846.0,8.0,907,854.0,-13.0,0,0,,0.0,0.0,0.0,0.0,0.0,2015-11-16,0,0.0,0.0,0.0,0.0,0.0
2015,10,12,1,MQ,3091,N935MQ,13930,11067,1510,1506.0,-4.0,19.0,1525.0,67.0,49.0,25.0,135,1550.0,5.0,1617,1555.0,-22.0,0,0,,0.0,0.0,0.0,0.0,0.0,2015-10-12,0,0.0,0.0,0.0,0.0,0.0
2015,11,15,7,HA,115,N478HA,OGG,HNL,738,732.0,-6.0,8.0,740.0,35.0,38.0,25.0,100,805.0,5.0,813,810.0,-3.0,0,0,,0.0,0.0,0.0,0.0,0.0,2015-11-15,0,0.0,0.0,0.0,0.0,0.0
2015,11,11,3,AA,2473,N378AA,LAX,DFW,1425,1419.0,-6.0,18.0,1437.0,185.0,172.0,143.0,1235,1900.0,11.0,1930,1911.0,-19.0,0,0,,0.0,0.0,0.0,0.0,0.0,2015-11-11,0,0.0,0.0,0.0,0.0,0.0
2015,10,26,1,OO,4671,N455SW,11823,10397,1656,1742.0,46.0,31.0,1813.0,106.0,130.0,87.0,508,1940.0,12.0,1842,1952.0,70.0,0,0,,24.0,0.0,0.0,46.0,0.0,2015-10-26,1,52.17,0.0,0.0,100.0,0.0
2015,10,20,2,WN,256,N226WN,12889,15016,1255,1255.0,0.0,11.0,1306.0,190.0,174.0,160.0,1371,1746.0,3.0,1805,1749.0,-16.0,0,0,,0.0,0.0,0.0,0.0,0.0,2015-10-20,0,0.0,0.0,0.0,0.0,0.0
2015,11,7,6,OO,5562,N919SW,DEN,DRO,1523,1526.0,3.0,13.0,1539.0,68.0,55.0,36.0,250,1615.0,6.0,1631,1621.0,-10.0,0,0,,0.0,0.0,0.0,0.0,0.0,2015-11-07,0,0.0,0.0,0.0,0.0,0.0
2015,11,14,6,OO,4810,N162PQ,MSP,IAH,1936,1936.0,0.0,20.0,1956.0,175.0,165.0,142.0,1034,2218.0,3.0,2231,2221.0,-10.0,0,0,,0.0,0.0,0.0,0.0,0.0,2015-11-14,0,0.0,0.0,0.0,0.0,0.0
2015,10,21,3,EV,5561,N740EV,12953,11057,1300,1255.0,-5.0,15.0,1310.0,134.0,95.0,75.0,544,1425.0,5.0,1514,1430.0,-44.0,0,0,,0.0,0.0,0.0,0.0,0.0,2015-10-21,0,0.0,0.0,0.0,0.0,0.0
2015,10,23,5,MQ,3084,N527MQ,13930,11423,1333,1333.0,0.0,11.0,1344.0,82.0,69.0,54.0,299,1438.0,4.0,1455,1442.0,-13.0,0,0,,0.0,0.0,0.0,0.0,0.0,2015-10-23,0,0.0,0.0,0.0,0.0,0.0
2015,10,24,6,DL,1865,N934DN,13303,10397,1245,1438.0,113.0,12.0,1450.0,119.0,106.0,85.0,594,1615.0,9.0,1444,1624.0,100.0,0,0,,0.0,0.0,0.0,94.0,6.0,2015-10-24,1,0.0,0.0,0.0,83.19,5.31
2015,11,18,3,WN,1114,N648SW,BNA,TPA,2215,2225.0,10.0,16.0,2241.0,100.0,109.0,89.0,612,110.0,4.0,55,114.0,19.0,0,0,,9.0,0.0,6.0,4.0,0.0,2015-11-18,0,90.0,0.0,60.0,40.0,0.0
2015,11,4,3,DL,2387,N951DL,ATL,DAB,925,923.0,-2.0,12.0,935.0,75.0,71.0,56.0,366,1031.0,3.0,1040,1034.0,-6.0,0,0,,0.0,0.0,0.0,0.0,0.0,2015-11-04,0,0.0,0.0,0.0,0.0,0.0
2015,11,9,1,WN,1880,N731SA,BOS,MKE,545,539.0,-6.0,11.0,550.0,170.0,144.0,128.0,860,658.0,5.0,735,703.0,-32.0,0,0,,0.0,0.0,0.0,0.0,0.0,2015-11-09,0,0.0,0.0,0.0,0.0,0.0
2015,11,10,2,AA,2387,N3LTAA,ORD,BOS,1520,1602.0,42.0,25.0,1627.0,136.0,141.0,110.0,867,1917.0,6.0,1836,1923.0,47.0,0,0,,5.0,0.0,42.0,0.0,0.0,2015-11-10,1,11.9,0.0,100.0,0.0,0.0
2015,10,21,3,OO,5344,N903SW,13930,13184,643,647.0,4.0,12.0,659.0,67.0,59.0,44.0,222,843.0,3.0,850,846.0,-4.0,0,0,,0.0,0.0,0.0,0.0,0.0,2015-10-21,0,0.0,0.0,0.0,0.0,0.0
2015,11,6,5,AA,1024,N3JGAA,DFW,IAH,2030,2025.0,-5.0,20.0,2045.0,72.0,78.0,46.0,224,2131.0,12.0,2142,2143.0,1.0,0,0,,0.0,0.0,0.0,0.0,0.0,2015-11-06,0,0.0,0.0,0.0,0.0,0.0
2015,11,2,1,AA,1829,N110UW,CLT,TPA,1755,1753.0,-2.0,11.0,1804.0,97.0,89.0,76.0,507,1920.0,2.0,1932,1922.0,-10.0,0,0,,0.0,0.0,0.0,0.0,0.0,2015-11-02,0,0.0,0.0,0.0,0.0,0.0
2015,10,20,2,AA,1891,N807AW,11278,11057,1515,1516.0,1.0,11.0,1527.0,94.0,77.0,50.0,331,1617.0,16.0,1649,1633.0,-16.0,0,0,,0.0,0.0,0.0,0.0,0.0,2015-10-20,0,0.0,0.0,0.0,0.0,0.0
2015,10,19,1,DL,691,N321NB,11433,10721,2153,2147.0,-6.0,19.0,2206.0,111.0,103.0,80.0,632,2326.0,4.0,2344,2330.0,-14.0,0,0,,0.0,0.0,0.0,0.0,0.0,2015-10-19,0,0.0,0.0,0.0,0.0,0.0
2015,11,10,2,AA,1064,N3JNAA,MIA,LGA,1100,1112.0,12.0,36.0,1148.0,175.0,184.0,143.0,1096,1411.0,5.0,1355,1416.0,21.0,0,0,,21.0,0.0,0.0,0.0,0.0,2015-11-10,0,175.0,0.0,0.0,0.0,0.0
2015,10,19,1,EV,5358,N870AS,15919,10397,929,924.0,-5.0,11.0,935.0,101.0,95.0,78.0,589,1153.0,6.0,1210,1159.0,-11.0,0,0,,0.0,0.0,0.0,0.0,0.0,2015-10-19,0,0.0,0.0,0.0,0.0,0.0
2015,11,1,7,AA,2240,N3CHAA,MIA,LGA,1702,1701.0,-1.0,26.0,1727.0,177.0,180.0,148.0,1096,1955.0,6.0,1959,2001.0,2.0,0,0,,0.0,0.0,0.0,0.0,0.0,2015-11-01,0,0.0,0.0,0.0,0.0,0.0
2015,10,15,4,AA,1022,N869AA,11298,12889,1225,1222.0,-3.0,18.0,1240.0,180.0,165.0,138.0,1055,1258.0,9.0,1325,1307.0,-18.0,0,0,,0.0,0.0,0.0,0.0,0.0,2015-10-15,0,0.0,0.0,0.0,0.0,0.0
2015,10,17,6,WN,1358,N452WN,13204,14100,1610,1603.0,-7.0,10.0,1613.0,145.0,129.0,113.0,861,1806.0,6.0,1835,1812.0,-23.0,0,0,,0.0,0.0,0.0,0.0,0.0,2015-10-17,0,0.0,0.0,0.0,0.0,0.0
2015,10,29,4,OO,6274,N108SY,13487,14771,1809,1802.0,-7.0,16.0,1818.0,267.0,245.0,224.0,1589,2002.0,5.0,2036,2007.0,-29.0,0,0,,0.0,0.0,0.0,0.0,0.0,2015-10-29,0,0.0,0.0,0.0,0.0,0.0
2015,10,18,7,UA,1082,N78524,13303,11618,1122,1117.0,-5.0,13.0,1130.0,178.0,165.0,145.0,1085,1355.0,7.0,1420,1402.0,-18.0,0,0,,0.0,0.0,0.0,0.0,0.0,2015-10-18,0,0.0,0.0,0.0,0.0,0.0
2015,10,24,6,DL,1774,N939DN,13871,13487,815,920.0,65.0,25.0,945.0,66.0,76.0,44.0,282,1029.0,7.0,921,1036.0,75.0,0,0,,10.0,0.0,65.0,0.0,0.0,2015-10-24,1,15.38,0.0,100.0,0.0,0.0
2015,10,11,7,B6,1076,N529JB,13204,14307,1142,1138.0,-4.0,13.0,1151.0,162.0,159.0,142.0,1072,1413.0,4.0,1424,1417.0,-7.0,0,0,,0.0,0.0,0.0,0.0,0.0,2015-10-11,0,0.0,0.0,0.0,0.0,0.0
2015,10,22,4,AA,283,N861AA,12892,12173,955,953.0,-2.0,29.0,1022.0,365.0,348.0,316.0,2556,1238.0,3.0,1300,1241.0,-19.0,0,0,,0.0,0.0,0.0,0.0,0.0,2015-10-22,0,0.0,0.0,0.0,0.0,0.0
2015,10,18,7,B6,112,N329JB,13930,10721,1930,1949.0,19.0,25.0,2014.0,139.0,150.0,113.0,867,2307.0,12.0,2249,2319.0,30.0,0,0,,11.0,0.0,14.0,5.0,0.0,2015-10-18,1,57.89,0.0,73.68,26.32,0.0
2015,11,12,4,WN,32,N524SW,SAT,ELP,1720,1726.0,6.0,13.0,1739.0,95.0,90.0,73.0,496,1752.0,4.0,1755,1756.0,1.0,0,0,,0.0,0.0,0.0,0.0,0.0,2015-11-12,0,0.0,0.0,0.0,0.0,0.0
2015,11,18,3,UA,416,N811UA,DEN,PDX,1510,1746.0,156.0,16.0,1802.0,180.0,177.0,159.0,991,1941.0,2.0,1710,1943.0,153.0,0,0,,0.0,0.0,34.0,119.0,0.0,2015-11-18,1,0.0,0.0,21.79,76.28,0.0
2015,10,18,7,OO,4585,N549CA,13485,14869,1820,1836.0,16.0,14.0,1850.0,195.0,185.0,163.0,1174,2033.0,8.0,2035,2041.0,6.0,0,0,,0.0,0.0,0.0,0.0,0.0,2015-10-18,1,0.0,0.0,0.0,0.0,0.0
2015,11,11,3,EV,5227,N614QX,ATL,HSV,1208,1216.0,8.0,14.0,1230.0,57.0,49.0,31.0,151,1201.0,4.0,1205,1205.0,0.0,0,0,,0.0,0.0,0.0,0.0,0.0,2015-11-11,0,0.0,0.0,0.0,0.0,0.0
2015,10,27,2,HA,112,N483HA,12173,13830,1917,1913.0,-4.0,10.0,1923.0,39.0,38.0,22.0,100,1945.0,6.0,1956,1951.0,-5.0,0,0,,0.0,0.0,0.0,0.0,0.0,2015-10-27,0,0.0,0.0,0.0,0.0,0.0
2015,11,5,4,UA,1626,N33264,IAH,PHX,2120,2129.0,9.0,49.0,2218.0,177.0,198.0,143.0,1009,2341.0,6.0,2317,2347.0,30.0,0,0,,21.0,0.0,9.0,0.0,0.0,2015-11-05,0,233.33,0.0,100.0,0.0,0.0
2015,11,17,2,AA,443,N678AW,PHX,IAH,1330,1457.0,87.0,21.0,1518.0,155.0,172.0,129.0,1009,1827.0,22.0,1705,1849.0,104.0,0,0,,104.0,0.0,0.0,0.0,0.0,2015-11-17,1,119.54,0.0,0.0,0.0,0.0
2015,11,3,2,WN,2072,N569WN,PHX,GEG,1425,1431.0,6.0,5.0,1436.0,165.0,134.0,125.0,1020,1541.0,4.0,1610,1545.0,-25.0,0,0,,0.0,0.0,0.0,0.0,0.0,2015-11-03,0,0.0,0.0,0.0,0.0,0.0
2015,11,8,7,AA,1096,N3DDAA,MCO,ORD,1154,1206.0,12.0,14.0,1220.0,181.0,158.0,136.0,1005,1336.0,8.0,1355,1344.0,-11.0,0,0,,0.0,0.0,0.0,0.0,0.0,2015-11-08,0,0.0,0.0,0.0,0.0,0.0
2015,10,19,1,AA,688,N747UW,14107,13871,905,903.0,-2.0,29.0,932.0,163.0,159.0,124.0,1037,1336.0,6.0,1348,1342.0,-6.0,0,0,,0.0,0.0,0.0,0.0,0.0,2015-10-19,0,0.0,0.0,0.0,0.0,0.0
2015,11,1,7,WN,3090,N7816B,DEN,PHL,1815,1817.0,2.0,10.0,1827.0,200.0,185.0,169.0,1558,2316.0,6.0,2335,2322.0,-13.0,0,0,,0.0,0.0,0.0,0.0,0.0,2015-11-01,0,0.0,0.0,0.0,0.0,0.0
2015,11,13,5,UA,663,N772UA,SFO,HNL,905,903.0,-2.0,17.0,920.0,330.0,297.0,275.0,2398,1155.0,5.0,1235,1200.0,-35.0,0,0,,0.0,0.0,0.0,0.0,0.0,2015-11-13,0,0.0,0.0,0.0,0.0,0.0
2015,10,15,4,UA,319,N804UA,12266,13495,1412,1415.0,3.0,15.0,1430.0,74.0,64.0,46.0,305,1516.0,3.0,1526,1519.0,-7.0,0,0,,0.0,0.0,0.0,0.0,0.0,2015-10-15,0,0.0,0.0,0.0,0.0,0.0
2015,10,30,5,WN,2743,N281WN,10874,12953,1530,1527.0,-3.0,14.0,1541.0,90.0,87.0,65.0,397,1646.0,8.0,1700,1654.0,-6.0,0,0,,0.0,0.0,0.0,0.0,0.0,2015-10-30,0,0.0,0.0,0.0,0.0,0.0
2015,11,7,6,UA,1582,N462UA,EWR,IAH,623,620.0,-3.0,46.0,706.0,242.0,300.0,243.0,1400,1009.0,11.0,925,1020.0,55.0,0,0,,55.0,0.0,0.0,0.0,0.0,2015-11-07,0,-1833.33,-0.0,-0.0,-0.0,-0.0
2015,11,20,5,B6,198,N621JB,MCO,LGA,600,555.0,-5.0,12.0,607.0,147.0,134.0,118.0,950,805.0,4.0,827,809.0,-18.0,0,0,,0.0,0.0,0.0,0.0,0.0,2015-11-20,0,0.0,0.0,0.0,0.0,0.0
2015,10,22,4,OO,4816,N548CA,13487,13198,1736,1734.0,-2.0,33.0,1807.0,91.0,102.0,64.0,393,1911.0,5.0,1907,1916.0,9.0,0,0,,0.0,0.0,0.0,0.0,0.0,2015-10-22,0,0.0,0.0,0.0,0.0,0.0
2015,11,6,5,WN,166,N7747C,STL,HOU,2150,2154.0,4.0,17.0,2211.0,125.0,131.0,110.0,687,1.0,4.0,2355,5.0,10.0,0,0,,0.0,0.0,0.0,0.0,0.0,2015-11-06,0,0.0,0.0,0.0,0.0,0.0
2015,11,16,1,OO,4815,N783CA,FAT,SLC,1215,1215.0,0.0,10.0,1225.0,95.0,106.0,91.0,501,1456.0,5.0,1450,1501.0,11.0,0,0,,0.0,0.0,0.0,0.0,0.0,2015-11-16,0,0.0,0.0,0.0,0.0,0.0
2015,11,19,4,F9,1117,N207FR,CLE,LAS,1605,1557.0,-8.0,7.0,1604.0,275.0,269.0,254.0,1824,1718.0,8.0,1740,1726.0,-14.0,0,0,,0.0,0.0,0.0,0.0,0.0,2015-11-19,0,0.0,0.0,0.0,0.0,0.0
2015,11,14,6,AA,2363,N3EHAA,FLL,DFW,709,701.0,-8.0,21.0,722.0,199.0,198.0,166.0,1119,908.0,11.0,928,919.0,-9.0,0,0,,0.0,0.0,0.0,0.0,0.0,2015-11-14,0,0.0,0.0,0.0,0.0,0.0
2015,11,18,3,EV,5018,N600QX,EYW,ATL,700,655.0,-5.0,8.0,703.0,122.0,119.0,100.0,646,843.0,11.0,902,854.0,-8.0,0,0,,0.0,0.0,0.0,0.0,0.0,2015-11-18,0,0.0,0.0,0.0,0.0,0.0
2015,11,9,1,DL,1534,N940DL,IND,ATL,1653,1658.0,5.0,14.0,1712.0,97.0,90.0,68.0,432,1820.0,8.0,1830,1828.0,-2.0,0,0,,0.0,0.0,0.0,0.0,0.0,2015-11-09,0,0.0,0.0,0.0,0.0,0.0
2015,11,6,5,AA,642,N572UW,PHX,DEN,1550,1620.0,30.0,14.0,1634.0,107.0,102.0,78.0,602,1752.0,10.0,1737,1802.0,25.0,0,0,,0.0,0.0,1.0,24.0,0.0,2015-11-06,1,0.0,0.0,3.33,80.0,0.0
2015,11,17,2,AS,793,N585AS,DTW,SEA,1640,1629.0,-11.0,11.0,1640.0,305.0,297.0,280.0,1927,1820.0,6.0,1845,1826.0,-19.0,0,0,,0.0,0.0,0.0,0.0,0.0,2015-11-17,0,0.0,0.0,0.0,0.0,0.0
2015,10,21,3,DL,1462,N939DN,10397,14122,1526,1524.0,-2.0,13.0,1537.0,107.0,94.0,73.0,526,1650.0,8.0,1713,1658.0,-15.0,0,0,,0.0,0.0,0.0,0.0,0.0,2015-10-21,0,0.0,0.0,0.0,0.0,0.0
2015,10,12,1,AS,489,N613AS,14679,14747,955,945.0,-10.0,22.0,1007.0,175.0,167.0,138.0,1050,1225.0,7.0,1250,1232.0,-18.0,0,0,,0.0,0.0,0.0,0.0,0.0,2015-10-12,0,0.0,0.0,0.0,0.0,0.0
2015,11,20,5,DL,1183,N359NW,ORF,ATL,700,655.0,-5.0,17.0,712.0,117.0,114.0,85.0,516,837.0,12.0,857,849.0,-8.0,0,0,,0.0,0.0,0.0,0.0,0.0,2015-11-20,0,0.0,0.0,0.0,0.0,0.0
2015,10,13,2,MQ,3355,N631MQ,11298,11905,2025,2019.0,-6.0,38.0,2057.0,56.0,69.0,27.0,140,2124.0,4.0,2121,2128.0,7.0,0,0,,0.0,0.0,0.0,0.0,0.0,2015-10-13,0,0.0,0.0,0.0,0.0,0.0
2015,10,28,3,AA,486,N520UW,14107,13930,1840,1837.0,-3.0,14.0,1851.0,210.0,188.0,170.0,1440,2341.0,4.0,10,2345.0,-25.0,0,0,,0.0,0.0,0.0,0.0,0.0,2015-10-28,0,0.0,0.0,0.0,0.0,0.0
2015,11,13,5,WN,387,N946WN,ATL,DEN,1330,1328.0,-2.0,14.0,1342.0,205.0,202.0,180.0,1199,1442.0,8.0,1455,1450.0,-5.0,0,0,,0.0,0.0,0.0,0.0,0.0,2015-11-13,0,0.0,0.0,0.0,0.0,0.0
2015,11,8,7,DL,2542,N969DL,ATL,JAN,2210,2226.0,16.0,11.0,2237.0,81.0,73.0,58.0,341,2235.0,4.0,2231,2239.0,8.0,0,0,,0.0,0.0,0.0,0.0,0.0,2015-11-08,1,0.0,0.0,0.0,0.0,0.0
2015,10,20,2,WN,1648,N604SW,12892,13796,1905,1910.0,5.0,7.0,1917.0,70.0,69.0,56.0,337,2013.0,6.0,2015,2019.0,4.0,0,0,,0.0,0.0,0.0,0.0,0.0,2015-10-20,0,0.0,0.0,0.0,0.0,0.0
2015,10,18,7,AA,1144,N3JMAA,12953,11298,1929,2131.0,122.0,23.0,2154.0,240.0,204.0,173.0,1389,2347.0,8.0,2229,2355.0,86.0,0,0,,0.0,0.0,0.0,86.0,0.0,2015-10-18,1,0.0,0.0,0.0,70.49,0.0
2015,11,11,3,OO,6356,N593ML,SBA,SFO,1755,1734.0,-21.0,13.0,1747.0,66.0,66.0,49.0,262,1836.0,4.0,1901,1840.0,-21.0,0,0,,0.0,0.0,0.0,0.0,0.0,2015-11-11,0,0.0,0.0,0.0,0.0,0.0
2015,11,12,4,WN,1796,N378SW,BNA,DAL,2100,2055.0,-5.0,15.0,2110.0,120.0,117.0,97.0,623,2247.0,5.0,2300,2252.0,-8.0,0,0,,0.0,0.0,0.0,0.0,0.0,2015-11-12,0,0.0,0.0,0.0,0.0,0.0
2015,10,31,6,WN,1398,N212WN,10800,14107,700,657.0,-3.0,11.0,708.0,85.0,82.0,65.0,369,813.0,6.0,825,819.0,-6.0,0,0,,0.0,0.0,0.0,0.0,0.0,2015-10-31,0,0.0,0.0,0.0,0.0,0.0
2015,10,16,5,AA,2068,N192UW,11057,12953,1425,1423.0,-2.0,14.0,1437.0,105.0,96.0,73.0,544,1550.0,9.0,1610,1559.0,-11.0,0,0,,0.0,0.0,0.0,0.0,0.0,2015-10-16,0,0.0,0.0,0.0,0.0,0.0
2015,10,12,1,WN,2601,N715SW,15304,12391,2000,1959.0,-1.0,8.0,2007.0,160.0,152.0,139.0,1034,2226.0,5.0,2240,2231.0,-9.0,0,0,,0.0,0.0,0.0,0.0,0.0,2015-10-12,0,0.0,0.0,0.0,0.0,0.0
2015,10,24,6,EV,4555,N14991,12915,12266,545,536.0,-9.0,18.0,554.0,52.0,60.0,32.0,127,626.0,10.0,637,636.0,-1.0,0,0,,0.0,0.0,0.0,0.0,0.0,2015-10-24,0,0.0,0.0,0.0,0.0,0.0
2015,11,9,1,EV,5122,N979EV,MLU,ATL,1406,1411.0,5.0,11.0,1422.0,86.0,81.0,64.0,448,1626.0,6.0,1632,1632.0,0.0,0,0,,0.0,0.0,0.0,0.0,0.0,2015-11-09,0,0.0,0.0,0.0,0.0,0.0
2015,11,1,7,AA,2272,N4WLAA,DFW,COS,946,942.0,-4.0,15.0,957.0,112.0,103.0,81.0,592,1018.0,7.0,1038,1025.0,-13.0,0,0,,0.0,0.0,0.0,0.0,0.0,2015-11-01,0,0.0,0.0,0.0,0.0,0.0
2015,10,16,5,OO,5610,N727SK,12892,14683,1113,1310.0,117.0,29.0,1339.0,180.0,184.0,152.0,1211,1811.0,3.0,1613,1814.0,121.0,0,0,,4.0,0.0,103.0,14.0,0.0,2015-10-16,1,3.42,0.0,88.03,11.97,0.0
2015,11,3,2,AA,1217,N485AA,DFW,ORD,905,905.0,0.0,14.0,919.0,151.0,127.0,102.0,802,1101.0,11.0,1136,1112.0,-24.0,0,0,,0.0,0.0,0.0,0.0,0.0,2015-11-03,0,0.0,0.0,0.0,0.0,0.0
2015,10,24,6,WN,1108,N457WN,14027,10821,815,814.0,-1.0,11.0,825.0,140.0,141.0,125.0,883,1030.0,5.0,1035,1035.0,0.0,0,0,,0.0,0.0,0.0,0.0,0.0,2015-10-24,0,0.0,0.0,0.0,0.0,0.0
2015,11,16,1,DL,2169,N138DL,MCO,ATL,1330,1331.0,1.0,14.0,1345.0,94.0,85.0,62.0,404,1447.0,9.0,1504,1456.0,-8.0,0,0,,0.0,0.0,0.0,0.0,0.0,2015-11-16,0,0.0,0.0,0.0,0.0,0.0
2015,10,12,1,MQ,3270,N939MQ,12339,13930,923,916.0,-7.0,11.0,927.0,71.0,60.0,38.0,177,905.0,11.0,934,916.0,-18.0,0,0,,0.0,0.0,0.0,0.0,0.0,2015-10-12,0,0.0,0.0,0.0,0.0,0.0
2015,10,16,5,DL,1068,N727TW,10397,14635,946,947.0,1.0,17.0,1004.0,100.0,95.0,72.0,515,1116.0,6.0,1126,1122.0,-4.0,0,0,,0.0,0.0,0.0,0.0,0.0,2015-10-16,0,0.0,0.0,0.0,0.0,0.0
2015,10,12,1,UA,1043,N37273,12953,13930,1700,1717.0,17.0,22.0,1739.0,165.0,137.0,111.0,733,1830.0,4.0,1845,1834.0,-11.0,0,0,,0.0,0.0,0.0,0.0,0.0,2015-10-12,1,0.0,0.0,0.0,0.0,0.0
2015,10,21,3,UA,602,N839UA,14869,12266,1357,1353.0,-4.0,14.0,1407.0,183.0,190.0,161.0,1195,1748.0,15.0,1800,1803.0,3.0,0,0,,0.0,0.0,0.0,0.0,0.0,2015-10-21,0,0.0,0.0,0.0,0.0,0.0
2015,10,21,3,UA,1687,N78501,12889,13930,709,705.0,-4.0,15.0,720.0,221.0,216.0,182.0,1514,1222.0,19.0,1250,1241.0,-9.0,0,0,,0.0,0.0,0.0,0.0,0.0,2015-10-21,0,0.0,0.0,0.0,0.0,0.0
2015,11,20,5,DL,1575,N698DL,IND,ATL,705,702.0,-3.0,25.0,727.0,105.0,98.0,68.0,432,835.0,5.0,850,840.0,-10.0,0,0,,0.0,0.0,0.0,0.0,0.0,2015-11-20,0,0.0,0.0,0.0,0.0,0.0
2015,11,9,1,HA,211,N477HA,OGG,LIH,1129,1126.0,-3.0,10.0,1136.0,47.0,49.0,34.0,201,1210.0,5.0,1216,1215.0,-1.0,0,0,,0.0,0.0,0.0,0.0,0.0,2015-11-09,0,0.0,0.0,0.0,0.0,0.0
2015,10,31,6,OO,6252,N106SY,13930,11267,1732,1738.0,6.0,32.0,1810.0,72.0,79.0,43.0,240,1953.0,4.0,1944,1957.0,13.0,0,0,,0.0,0.0,0.0,0.0,0.0,2015-10-31,0,0.0,0.0,0.0,0.0,0.0
2015,10,19,1,WN,1441,N220WN,11259,12896,1900,1938.0,38.0,8.0,1946.0,65.0,57.0,45.0,293,2031.0,4.0,2005,2035.0,30.0,0,0,,0.0,0.0,4.0,26.0,0.0,2015-10-19,1,0.0,0.0,10.53,68.42,0.0
2015,11,16,1,EV,5925,N13995,ORD,BUF,1047,1040.0,-7.0,14.0,1054.0,94.0,81.0,63.0,474,1257.0,4.0,1321,1301.0,-20.0,0,0,,0.0,0.0,0.0,0.0,0.0,2015-11-16,0,0.0,0.0,0.0,0.0,0.0
2015,10,31,6,AS,792,N319AS,14747,11433,815,812.0,-3.0,25.0,837.0,269.0,245.0,214.0,1927,1511.0,6.0,1544,1517.0,-27.0,0,0,,0.0,0.0,0.0,0.0,0.0,2015-10-31,0,0.0,0.0,0.0,0.0,0.0
2015,11,10,2,WN,2999,N904WN,OAK,ONT,630,638.0,8.0,10.0,648.0,75.0,68.0,55.0,362,743.0,3.0,745,746.0,1.0,0,0,,0.0,0.0,0.0,0.0,0.0,2015-11-10,0,0.0,0.0,0.0,0.0,0.0
2015,10,30,5,DL,898,N913DL,12278,10397,1104,1120.0,16.0,12.0,1132.0,126.0,108.0,91.0,782,1403.0,5.0,1410,1408.0,-2.0,0,0,,0.0,0.0,0.0,0.0,0.0,2015-10-30,1,0.0,0.0,0.0,0.0,0.0
2015,10,11,7,AA,647,N652AW,14107,13891,1015,1012.0,-3.0,21.0,1033.0,78.0,76.0,49.0,325,1122.0,6.0,1133,1128.0,-5.0,0,0,,0.0,0.0,0.0,0.0,0.0,2015-10-11,0,0.0,0.0,0.0,0.0,0.0
2015,11,6,5,WN,1497,N274WN,LAX,ELP,1155,1150.0,-5.0,9.0,1159.0,110.0,99.0,87.0,715,1426.0,3.0,1445,1429.0,-16.0,0,0,,0.0,0.0,0.0,0.0,0.0,2015-11-06,0,0.0,0.0,0.0,0.0,0.0
2015,11,8,7,MQ,3306,N636MQ,DFW,BIS,1830,1825.0,-5.0,23.0,1848.0,171.0,153.0,125.0,977,2053.0,5.0,2121,2058.0,-23.0,0,0,,0.0,0.0,0.0,0.0,0.0,2015-11-08,0,0.0,0.0,0.0,0.0,0.0
2015,10,21,3,AA,1788,N569UW,14747,11057,1320,1320.0,0.0,21.0,1341.0,302.0,304.0,270.0,2279,2111.0,13.0,2122,2124.0,2.0,0,0,,0.0,0.0,0.0,0.0,0.0,2015-10-21,0,0.0,0.0,0.0,0.0,0.0
2015,11,8,7,AA,1344,N548AA,ORD,AUS,1127,1121.0,-6.0,13.0,1134.0,168.0,157.0,139.0,977,1353.0,5.0,1415,1358.0,-17.0,0,0,,0.0,0.0,0.0,0.0,0.0,2015-11-08,0,0.0,0.0,0.0,0.0,0.0
2015,11,12,4,MQ,3479,N665MQ,ORD,MLI,835,914.0,39.0,8.0,922.0,56.0,43.0,32.0,139,954.0,3.0,931,957.0,26.0,0,0,,0.0,0.0,26.0,0.0,0.0,2015-11-12,1,0.0,0.0,66.67,0.0,0.0
2015,11,2,1,AA,634,N760US,PHX,PIT,1610,1606.0,-4.0,8.0,1614.0,236.0,222.0,209.0,1814,2143.0,5.0,2206,2148.0,-18.0,0,0,,0.0,0.0,0.0,0.0,0.0,2015-11-02,0,0.0,0.0,0.0,0.0,0.0
2015,10,18,7,VX,751,N837VA,14771,11259,950,947.0,-3.0,12.0,959.0,200.0,211.0,195.0,1476,1514.0,4.0,1510,1518.0,8.0,0,0,,0.0,0.0,0.0,0.0,0.0,2015-10-18,0,0.0,0.0,0.0,0.0,0.0
2015,10,21,3,MQ,3262,N933MQ,11193,13930,827,824.0,-3.0,10.0,834.0,81.0,65.0,45.0,264,819.0,10.0,848,829.0,-19.0,0,0,,0.0,0.0,0.0,0.0,0.0,2015-10-21,0,0.0,0.0,0.0,0.0,0.0
2015,10,23,5,UA,1729,N24729,11292,12266,1409,1401.0,-8.0,10.0,1411.0,146.0,151.0,135.0,862,1726.0,6.0,1735,1732.0,-3.0,0,0,,0.0,0.0,0.0,0.0,0.0,2015-10-23,0,0.0,0.0,0.0,0.0,0.0
2015,10,27,2,WN,726,N777QC,11292,14100,1730,1725.0,-5.0,11.0,1736.0,210.0,203.0,184.0,1558,2240.0,8.0,2300,2248.0,-12.0,0,0,,0.0,0.0,0.0,0.0,0.0,2015-10-27,0,0.0,0.0,0.0,0.0,0.0
2015,11,4,3,AA,1278,N3JHAA,SNA,DFW,1236,1242.0,6.0,7.0,1249.0,175.0,159.0,139.0,1205,1708.0,13.0,1731,1721.0,-10.0,0,0,,0.0,0.0,0.0,0.0,0.0,2015-11-04,0,0.0,0.0,0.0,0.0,0.0
2015,10,22,4,DL,955,N960AT,12217,10397,749,743.0,-6.0,26.0,809.0,61.0,65.0,31.0,151,940.0,8.0,950,948.0,-2.0,0,0,,0.0,0.0,0.0,0.0,0.0,2015-10-22,0,0.0,0.0,0.0,0.0,0.0
2015,10,16,5,AA,2183,N3DUAA,11298,11057,1330,1330.0,0.0,13.0,1343.0,154.0,155.0,126.0,936,1649.0,16.0,1704,1705.0,1.0,0,0,,0.0,0.0,0.0,0.0,0.0,2015-10-16,0,0.0,0.0,0.0,0.0,0.0
2015,11,6,5,DL,2480,N349NW,MDT,ATL,600,630.0,30.0,15.0,645.0,123.0,108.0,86.0,620,811.0,7.0,803,818.0,15.0,0,0,,0.0,0.0,15.0,0.0,0.0,2015-11-06,1,0.0,0.0,50.0,0.0,0.0
2015,10,23,5,EV,5531,N755EV,12197,11433,600,558.0,-2.0,15.0,613.0,114.0,103.0,82.0,505,735.0,6.0,754,741.0,-13.0,0,0,,0.0,0.0,0.0,0.0,0.0,2015-10-23,0,0.0,0.0,0.0,0.0,0.0
2015,11,11,3,WN,617,N8321D,LAX,PHX,2110,2147.0,37.0,6.0,2153.0,75.0,70.0,58.0,370,2351.0,6.0,2325,2357.0,32.0,0,0,,0.0,0.0,0.0,32.0,0.0,2015-11-11,1,0.0,0.0,0.0,86.49,0.0
2015,10,25,7,OO,5272,N924SW,10157,14771,600,555.0,-5.0,22.0,617.0,70.0,75.0,49.0,250,706.0,4.0,710,710.0,0.0,0,0,,0.0,0.0,0.0,0.0,0.0,2015-10-25,0,0.0,0.0,0.0,0.0,0.0
2015,11,15,7,UA,226,N808UA,MSP,ORD,1818,1819.0,1.0,10.0,1829.0,101.0,72.0,52.0,334,1921.0,10.0,1959,1931.0,-28.0,0,0,,0.0,0.0,0.0,0.0,0.0,2015-11-15,0,0.0,0.0,0.0,0.0,0.0
2015,11,10,2,EV,2824,N678AE,DFW,TXK,850,843.0,-7.0,13.0,856.0,58.0,47.0,29.0,181,925.0,5.0,948,930.0,-18.0,0,0,,0.0,0.0,0.0,0.0,0.0,2015-11-10,0,0.0,0.0,0.0,0.0,0.0
2015,10,15,4,OO,5653,N727SK,10423,12892,740,740.0,0.0,20.0,800.0,200.0,211.0,165.0,1242,845.0,26.0,900,911.0,11.0,0,0,,0.0,0.0,0.0,0.0,0.0,2015-10-15,0,0.0,0.0,0.0,0.0,0.0
2015,11,2,1,EV,5435,N936EV,MLU,ATL,600,555.0,-5.0,13.0,608.0,90.0,95.0,68.0,448,816.0,14.0,830,830.0,0.0,0,0,,0.0,0.0,0.0,0.0,0.0,2015-11-02,0,0.0,0.0,0.0,0.0,0.0
2015,11,10,2,EV,5212,N710EV,DTW,SDF,1354,1351.0,-3.0,29.0,1420.0,81.0,87.0,53.0,306,1513.0,5.0,1515,1518.0,3.0,0,0,,0.0,0.0,0.0,0.0,0.0,2015-11-10,0,0.0,0.0,0.0,0.0,0.0
2015,10,11,7,F9,1142,N201FR,13303,12953,1900,1858.0,-2.0,19.0,1917.0,185.0,172.0,146.0,1096,2143.0,7.0,2205,2150.0,-15.0,0,0,,0.0,0.0,0.0,0.0,0.0,2015-10-11,0,0.0,0.0,0.0,0.0,0.0
2015,10,28,3,OO,4510,N161PQ,14747,11884,1735,1726.0,-9.0,13.0,1739.0,63.0,57.0,40.0,224,1819.0,4.0,1838,1823.0,-15.0,0,0,,0.0,0.0,0.0,0.0,0.0,2015-10-28,0,0.0,0.0,0.0,0.0,0.0
2015,10,20,2,AA,2263,N504AA,11066,11298,1122,1121.0,-1.0,14.0,1135.0,168.0,151.0,128.0,926,1243.0,9.0,1310,1252.0,-18.0,0,0,,0.0,0.0,0.0,0.0,0.0,2015-10-20,0,0.0,0.0,0.0,0.0,0.0
2015,10,14,3,WN,690,N8633A,14107,11433,1720,1720.0,0.0,5.0,1725.0,230.0,201.0,190.0,1671,2335.0,6.0,10,2341.0,-29.0,0,0,,0.0,0.0,0.0,0.0,0.0,2015-10-14,0,0.0,0.0,0.0,0.0,0.0
2015,10,28,3,AA,1325,N3MPAA,13303,15304,1210,1233.0,23.0,13.0,1246.0,60.0,62.0,46.0,204,1332.0,3.0,1310,1335.0,25.0,0,0,,2.0,0.0,0.0,23.0,0.0,2015-10-28,1,8.7,0.0,0.0,100.0,0.0
2015,11,17,2,WN,1438,N345SA,PHX,LAX,2105,2108.0,3.0,11.0,2119.0,85.0,78.0,57.0,370,2116.0,10.0,2130,2126.0,-4.0,0,0,,0.0,0.0,0.0,0.0,0.0,2015-11-17,0,0.0,0.0,0.0,0.0,0.0
2015,10,19,1,AA,449,N658AW,11057,11618,1315,1309.0,-6.0,24.0,1333.0,110.0,113.0,82.0,529,1455.0,7.0,1505,1502.0,-3.0,0,0,,0.0,0.0,0.0,0.0,0.0,2015-10-19,0,0.0,0.0,0.0,0.0,0.0
2015,11,4,3,EV,4493,N13989,IAH,ICT,1745,1741.0,-4.0,22.0,1803.0,106.0,101.0,74.0,542,1917.0,5.0,1931,1922.0,-9.0,0,0,,0.0,0.0,0.0,0.0,0.0,2015-11-04,0,0.0,0.0,0.0,0.0,0.0
2015,11,10,2,F9,654,N211FR,SFO,DEN,1035,1047.0,12.0,14.0,1101.0,145.0,147.0,124.0,967,1405.0,9.0,1400,1414.0,14.0,0,0,,0.0,0.0,0.0,0.0,0.0,2015-11-10,0,0.0,0.0,0.0,0.0,0.0
2015,11,8,7,EV,2805,N904EV,DFW,MLU,1215,1207.0,-8.0,24.0,1231.0,70.0,70.0,43.0,293,1314.0,3.0,1325,1317.0,-8.0,0,0,,0.0,0.0,0.0,0.0,0.0,2015-11-08,0,0.0,0.0,0.0,0.0,0.0
2015,11,7,6,UA,449,N69826,BOS,ORD,607,559.0,-8.0,12.0,611.0,178.0,167.0,146.0,867,737.0,9.0,805,746.0,-19.0,0,0,,0.0,0.0,0.0,0.0,0.0,2015-11-07,0,0.0,0.0,0.0,0.0,0.0
2015,11,1,7,AA,1868,N732US,BNA,CLT,745,805.0,20.0,52.0,857.0,93.0,114.0,53.0,328,1050.0,9.0,1018,1059.0,41.0,0,0,,41.0,0.0,0.0,0.0,0.0,2015-11-01,1,205.0,0.0,0.0,0.0,0.0
2015,10,28,3,OO,6405,N594SW,11637,11292,1334,1323.0,-11.0,18.0,1341.0,123.0,116.0,89.0,627,1410.0,9.0,1437,1419.0,-18.0,0,0,,0.0,0.0,0.0,0.0,0.0,2015-10-28,0,0.0,0.0,0.0,0.0,0.0
2015,11,4,3,MQ,3342,N635MQ,DFW,GRI,1150,1151.0,1.0,15.0,1206.0,112.0,97.0,76.0,561,1322.0,6.0,1342,1328.0,-14.0,0,0,,0.0,0.0,0.0,0.0,0.0,2015-11-04,0,0.0,0.0,0.0,0.0,0.0
2015,11,16,1,OO,5458,N479CA,SBP,SFO,620,615.0,-5.0,10.0,625.0,63.0,55.0,41.0,190,706.0,4.0,723,710.0,-13.0,0,0,,0.0,0.0,0.0,0.0,0.0,2015-11-16,0,0.0,0.0,0.0,0.0,0.0
2015,11,8,7,WN,1520,N216WR,LAS,SDF,1825,1831.0,6.0,11.0,1842.0,210.0,201.0,183.0,1624,45.0,7.0,55,52.0,-3.0,0,0,,0.0,0.0,0.0,0.0,0.0,2015-11-08,0,0.0,0.0,0.0,0.0,0.0
2015,11,2,1,OO,6412,N145SY,SFO,EUG,2247,2300.0,13.0,31.0,2331.0,101.0,106.0,70.0,451,41.0,5.0,28,46.0,18.0,0,0,,5.0,0.0,1.0,12.0,0.0,2015-11-02,0,38.46,0.0,7.69,92.31,0.0
2015,10,16,5,F9,555,N919FR,11292,14679,805,757.0,-8.0,14.0,811.0,138.0,129.0,110.0,853,901.0,5.0,923,906.0,-17.0,0,0,,0.0,0.0,0.0,0.0,0.0,2015-10-16,0,0.0,0.0,0.0,0.0,0.0
2015,11,10,2,AS,342,N409AS,SEA,OAK,605,555.0,-10.0,22.0,617.0,120.0,109.0,84.0,672,741.0,3.0,805,744.0,-21.0,0,0,,0.0,0.0,0.0,0.0,0.0,2015-11-10,0,0.0,0.0,0.0,0.0,0.0
2015,10,19,1,DL,1203,N347NW,10849,13487,600,557.0,-3.0,17.0,614.0,140.0,128.0,109.0,874,903.0,2.0,920,905.0,-15.0,0,0,,0.0,0.0,0.0,0.0,0.0,2015-10-19,0,0.0,0.0,0.0,0.0,0.0
2015,11,8,7,WN,2222,N392SW,BWI,CHS,820,820.0,0.0,31.0,851.0,105.0,115.0,77.0,472,1008.0,7.0,1005,1015.0,10.0,0,0,,0.0,0.0,0.0,0.0,0.0,2015-11-08,0,0.0,0.0,0.0,0.0,0.0
2015,10,13,2,DL,1475,N955AT,10397,14685,1616,1615.0,-1.0,12.0,1627.0,68.0,58.0,42.0,214,1709.0,4.0,1724,1713.0,-11.0,0,0,,0.0,0.0,0.0,0.0,0.0,2015-10-13,0,0.0,0.0,0.0,0.0,0.0
2015,11,19,4,UA,766,N843UA,SFO,MSY,1040,1039.0,-1.0,19.0,1058.0,243.0,225.0,204.0,1911,1622.0,2.0,1643,1624.0,-19.0,0,0,,0.0,0.0,0.0,0.0,0.0,2015-11-19,0,0.0,0.0,0.0,0.0,0.0
2015,11,8,7,EV,4494,N11526,AMA,IAH,749,740.0,-9.0,30.0,810.0,103.0,108.0,71.0,517,921.0,7.0,932,928.0,-4.0,0,0,,0.0,0.0,0.0,0.0,0.0,2015-11-08,0,0.0,0.0,0.0,0.0,0.0
2015,10,26,1,EV,5442,N921EV,10397,10185,1230,1528.0,178.0,18.0,1546.0,99.0,100.0,77.0,500,1603.0,5.0,1309,1608.0,179.0,0,0,,1.0,0.0,178.0,0.0,0.0,2015-10-26,1,0.56,0.0,100.0,0.0,0.0
2015,10,15,4,DL,1306,N679DA,12889,12478,1025,1028.0,3.0,14.0,1042.0,303.0,277.0,258.0,2248,1800.0,5.0,1828,1805.0,-23.0,0,0,,0.0,0.0,0.0,0.0,0.0,2015-10-15,0,0.0,0.0,0.0,0.0,0.0
2015,11,10,2,OO,4713,N692CA,SLC,SMF,1518,1514.0,-4.0,11.0,1525.0,111.0,94.0,76.0,532,1541.0,7.0,1609,1548.0,-21.0,0,0,,0.0,0.0,0.0,0.0,0.0,2015-11-10,0,0.0,0.0,0.0,0.0,0.0
2015,10,26,1,UA,1615,N75425,11618,10423,1942,1947.0,5.0,32.0,2019.0,262.0,252.0,211.0,1504,2250.0,9.0,2304,2259.0,-5.0,0,0,,0.0,0.0,0.0,0.0,0.0,2015-10-26,0,0.0,0.0,0.0,0.0,0.0
2015,10,29,4,DL,1064,N939AT,13577,10397,1412,1406.0,-6.0,13.0,1419.0,83.0,83.0,59.0,317,1518.0,11.0,1535,1529.0,-6.0,0,0,,0.0,0.0,0.0,0.0,0.0,2015-10-29,0,0.0,0.0,0.0,0.0,0.0
2015,10,16,5,WN,575,N7713A,12889,10140,1150,1149.0,-1.0,44.0,1233.0,90.0,116.0,68.0,486,1441.0,4.0,1420,1445.0,25.0,0,0,,25.0,0.0,0.0,0.0,0.0,2015-10-16,0,-2500.0,-0.0,-0.0,-0.0,-0.0
2015,10,29,4,AA,1296,N3LCAA,13930,14679,1156,1149.0,-7.0,15.0,1204.0,265.0,243.0,224.0,1723,1348.0,4.0,1421,1352.0,-29.0,0,0,,0.0,0.0,0.0,0.0,0.0,2015-10-29,0,0.0,0.0,0.0,0.0,0.0
2015,11,6,5,AA,1133,N3CPAA,ORD,PSP,735,730.0,-5.0,18.0,748.0,262.0,260.0,237.0,1651,945.0,5.0,957,950.0,-7.0,0,0,,0.0,0.0,0.0,0.0,0.0,2015-11-06,0,0.0,0.0,0.0,0.0,0.0
2015,11,10,2,OO,4676,N447SW,MSP,OMA,725,723.0,-2.0,21.0,744.0,86.0,84.0,56.0,282,840.0,7.0,851,847.0,-4.0,0,0,,0.0,0.0,0.0,0.0,0.0,2015-11-10,0,0.0,0.0,0.0,0.0,0.0
2015,10,15,4,AS,537,N558AS,13891,14747,1025,1037.0,12.0,19.0,1056.0,159.0,149.0,122.0,956,1258.0,8.0,1304,1306.0,2.0,0,0,,0.0,0.0,0.0,0.0,0.0,2015-10-15,0,0.0,0.0,0.0,0.0,0.0
2015,10,11,7,WN,3076,N259WN,10821,12992,945,941.0,-4.0,11.0,952.0,160.0,124.0,108.0,912,1040.0,5.0,1125,1045.0,-40.0,0,0,,0.0,0.0,0.0,0.0,0.0,2015-10-11,0,0.0,0.0,0.0,0.0,0.0
2015,10,11,7,DL,2341,N911DA,13487,13871,1942,2010.0,28.0,5.0,2015.0,70.0,55.0,46.0,282,2101.0,4.0,2052,2105.0,13.0,0,0,,0.0,0.0,0.0,0.0,0.0,2015-10-11,1,0.0,0.0,0.0,0.0,0.0
2015,11,8,7,AA,2398,N514AA,DFW,BNA,1015,1014.0,-1.0,12.0,1026.0,104.0,94.0,78.0,631,1144.0,4.0,1159,1148.0,-11.0,0,0,,0.0,0.0,0.0,0.0,0.0,2015-11-08,0,0.0,0.0,0.0,0.0,0.0
2015,11,3,2,UA,1700,N37434,IAH,PHX,902,928.0,26.0,13.0,941.0,181.0,150.0,133.0,1009,1054.0,4.0,1103,1058.0,-5.0,0,0,,0.0,0.0,0.0,0.0,0.0,2015-11-03,1,0.0,0.0,0.0,0.0,0.0
2015,11,16,1,WN,2833,N260WN,LAX,OAK,740,737.0,-3.0,8.0,745.0,75.0,80.0,65.0,337,850.0,7.0,855,857.0,2.0,0,0,,0.0,0.0,0.0,0.0,0.0,2015-11-16,0,0.0,0.0,0.0,0.0,0.0
2015,11,16,1,B6,224,N946JB,LAX,JFK,1020,1025.0,5.0,15.0,1040.0,320.0,313.0,290.0,2475,1830.0,8.0,1840,1838.0,-2.0,0,0,,0.0,0.0,0.0,0.0,0.0,2015-11-16,0,0.0,0.0,0.0,0.0,0.0
2015,10,11,7,AA,1606,N3FPAA,11298,14492,2010,2004.0,-6.0,16.0,2020.0,164.0,158.0,138.0,1061,2338.0,4.0,2354,2342.0,-12.0,0,0,,0.0,0.0,0.0,0.0,0.0,2015-10-11,0,0.0,0.0,0.0,0.0,0.0
2015,10,15,4,OO,6253,N479CA,11292,14869,2215,2208.0,-7.0,15.0,2223.0,96.0,84.0,63.0,391,2326.0,6.0,2351,2332.0,-19.0,0,0,,0.0,0.0,0.0,0.0,0.0,2015-10-15,0,0.0,0.0,0.0,0.0,0.0
2015,11,18,3,WN,2938,N8620H,AUS,MCO,705,708.0,3.0,9.0,717.0,155.0,139.0,122.0,994,1019.0,8.0,1040,1027.0,-13.0,0,0,,0.0,0.0,0.0,0.0,0.0,2015-11-18,0,0.0,0.0,0.0,0.0,0.0
2015,10,23,5,WN,502,N709SW,11259,11540,2115,20.0,185.0,12.0,32.0,100.0,108.0,92.0,562,104.0,4.0,2155,108.0,193.0,0,0,,8.0,0.0,0.0,173.0,12.0,2015-10-23,1,4.32,0.0,0.0,93.51,6.49
2015,11,1,7,B6,1459,N506JB,BDL,FLL,1739,1745.0,6.0,10.0,1755.0,187.0,187.0,169.0,1173,2044.0,8.0,2046,2052.0,6.0,0,0,,0.0,0.0,0.0,0.0,0.0,2015-11-01,0,0.0,0.0,0.0,0.0,0.0
2015,10,13,2,AA,222,N3ECAA,14908,11298,1425,1421.0,-4.0,9.0,1430.0,182.0,187.0,149.0,1205,1859.0,29.0,1927,1928.0,1.0,0,0,,0.0,0.0,0.0,0.0,0.0,2015-10-13,0,0.0,0.0,0.0,0.0,0.0
2015,10,20,2,UA,1617,N76515,11292,14107,809,801.0,-8.0,29.0,830.0,123.0,132.0,95.0,602,905.0,8.0,912,913.0,1.0,0,0,,0.0,0.0,0.0,0.0,0.0,2015-10-20,0,0.0,0.0,0.0,0.0,0.0
2015,10,14,3,AA,1286,N4XYAA,13871,11298,1603,1602.0,-1.0,16.0,1618.0,122.0,108.0,83.0,583,1741.0,9.0,1805,1750.0,-15.0,0,0,,0.0,0.0,0.0,0.0,0.0,2015-10-14,0,0.0,0.0,0.0,0.0,0.0
2015,10,25,7,DL,2302,N361NW,13891,14869,615,608.0,-7.0,13.0,621.0,110.0,95.0,75.0,558,836.0,7.0,905,843.0,-22.0,0,0,,0.0,0.0,0.0,0.0,0.0,2015-10-25,0,0.0,0.0,0.0,0.0,0.0
2015,11,2,1,NK,300,N614NK,MYR,LGA,902,854.0,-8.0,20.0,914.0,118.0,122.0,74.0,563,1028.0,28.0,1100,1056.0,-4.0,0,0,,0.0,0.0,0.0,0.0,0.0,2015-11-02,0,0.0,0.0,0.0,0.0,0.0
2015,11,9,1,DL,1245,N924AT,AGS,ATL,755,755.0,0.0,43.0,838.0,68.0,98.0,41.0,143,919.0,14.0,903,933.0,30.0,0,0,,30.0,0.0,0.0,0.0,0.0,2015-11-09,0,inf,0.0,0.0,0.0,0.0
2015,10,25,7,UA,1584,N401UA,10140,11292,730,728.0,-2.0,12.0,740.0,82.0,81.0,64.0,349,844.0,5.0,852,849.0,-3.0,0,0,,0.0,0.0,0.0,0.0,0.0,2015-10-25,0,0.0,0.0,0.0,0.0,0.0
2015,11,18,3,UA,715,N33289,STL,SFO,1739,1900.0,81.0,13.0,1913.0,262.0,254.0,234.0,1735,2107.0,7.0,2001,2114.0,73.0,0,0,,0.0,0.0,27.0,46.0,0.0,2015-11-18,1,0.0,0.0,33.33,56.79,0.0
2015,11,8,7,OO,6412,N150SY,SFO,EUG,2247,2314.0,27.0,23.0,2337.0,101.0,86.0,58.0,451,35.0,5.0,28,40.0,12.0,0,0,,0.0,0.0,0.0,0.0,0.0,2015-11-08,1,0.0,0.0,0.0,0.0,0.0
2015,11,9,1,OO,5697,N732SK,ORD,BHM,1551,1545.0,-6.0,16.0,1601.0,106.0,106.0,85.0,584,1726.0,5.0,1737,1731.0,-6.0,0,0,,0.0,0.0,0.0,0.0,0.0,2015-11-09,0,0.0,0.0,0.0,0.0,0.0
2015,11,16,1,EV,2773,N904EV,BTR,DFW,955,1010.0,15.0,13.0,1023.0,95.0,97.0,69.0,383,1132.0,15.0,1130,1147.0,17.0,0,0,,2.0,0.0,3.0,12.0,0.0,2015-11-16,0,13.33,0.0,20.0,80.0,0.0
2015,11,7,6,OO,6512,N978SW,LAX,COS,825,826.0,1.0,39.0,905.0,144.0,170.0,125.0,833,1210.0,6.0,1149,1216.0,27.0,0,0,,26.0,0.0,0.0,1.0,0.0,2015-11-07,0,2600.0,0.0,0.0,100.0,0.0
2015,11,9,1,UA,1254,N37468,BOS,IAH,654,649.0,-5.0,12.0,701.0,270.0,248.0,230.0,1597,951.0,6.0,1024,957.0,-27.0,0,0,,0.0,0.0,0.0,0.0,0.0,2015-11-09,0,0.0,0.0,0.0,0.0,0.0
2015,10,23,5,DL,1052,N949DN,10397,13342,1216,1213.0,-3.0,15.0,1228.0,126.0,115.0,94.0,669,1302.0,6.0,1322,1308.0,-14.0,0,0,,0.0,0.0,0.0,0.0,0.0,2015-10-23,0,0.0,0.0,0.0,0.0,0.0
2015,10,16,5,WN,442,N8311Q,10529,10821,550,547.0,-3.0,10.0,557.0,90.0,86.0,53.0,283,650.0,23.0,720,713.0,-7.0,0,0,,0.0,0.0,0.0,0.0,0.0,2015-10-16,0,0.0,0.0,0.0,0.0,0.0
2015,11,7,6,WN,4032,N652SW,BNA,BOS,1110,1107.0,-3.0,10.0,1117.0,140.0,128.0,112.0,942,1409.0,6.0,1430,1415.0,-15.0,0,0,,0.0,0.0,0.0,0.0,0.0,2015-11-07,0,0.0,0.0,0.0,0.0,0.0
2015,10,11,7,WN,350,N257WN,15016,10693,2115,2116.0,1.0,7.0,2123.0,60.0,55.0,41.0,272,2204.0,7.0,2215,2211.0,-4.0,0,0,,0.0,0.0,0.0,0.0,0.0,2015-10-11,0,0.0,0.0,0.0,0.0,0.0
2015,11,10,2,VX,883,N845VA,DAL,LAX,1640,1635.0,-5.0,7.0,1642.0,190.0,219.0,206.0,1246,1808.0,6.0,1750,1814.0,24.0,0,0,,0.0,0.0,0.0,0.0,24.0,2015-11-10,0,-0.0,-0.0,-0.0,-0.0,-480.0
2015,10,30,5,WN,1354,N745SW,15016,11066,1915,1920.0,5.0,11.0,1931.0,75.0,74.0,57.0,409,2128.0,6.0,2130,2134.0,4.0,0,0,,0.0,0.0,0.0,0.0,0.0,2015-10-30,0,0.0,0.0,0.0,0.0,0.0
2015,10,22,4,WN,2743,N746SW,12953,13232,1750,1753.0,3.0,10.0,1803.0,150.0,125.0,112.0,725,1855.0,3.0,1920,1858.0,-22.0,0,0,,0.0,0.0,0.0,0.0,0.0,2015-10-22,0,0.0,0.0,0.0,0.0,0.0
2015,10,29,4,AA,796,N536UW,12892,14100,1045,1039.0,-6.0,15.0,1054.0,320.0,295.0,276.0,2402,1830.0,4.0,1905,1834.0,-31.0,0,0,,0.0,0.0,0.0,0.0,0.0,2015-10-29,0,0.0,0.0,0.0,0.0,0.0
2015,10,21,3,NK,470,N639NK,12889,11298,1130,1125.0,-5.0,11.0,1136.0,157.0,172.0,151.0,1055,1607.0,10.0,1607,1617.0,10.0,0,0,,0.0,0.0,0.0,0.0,0.0,2015-10-21,0,0.0,0.0,0.0,0.0,0.0
2015,11,6,5,WN,2519,N8641B,SMF,SNA,710,707.0,-3.0,8.0,715.0,95.0,82.0,68.0,404,823.0,6.0,845,829.0,-16.0,0,0,,0.0,0.0,0.0,0.0,0.0,2015-11-06,0,0.0,0.0,0.0,0.0,0.0
2015,11,18,3,DL,84,N665DN,TPA,ATL,1945,2032.0,47.0,16.0,2048.0,93.0,98.0,64.0,406,2152.0,18.0,2118,2210.0,52.0,0,0,,5.0,0.0,0.0,47.0,0.0,2015-11-18,1,10.64,0.0,0.0,100.0,0.0
2015,11,11,3,EV,5295,N850AS,VLD,ATL,1600,1555.0,-5.0,7.0,1602.0,70.0,64.0,47.0,208,1649.0,10.0,1710,1659.0,-11.0,0,0,,0.0,0.0,0.0,0.0,0.0,2015-11-11,0,0.0,0.0,0.0,0.0,0.0
2015,11,7,6,OO,3422,N170SY,SEA,MKE,1005,1003.0,-2.0,18.0,1021.0,230.0,227.0,205.0,1694,1546.0,4.0,1555,1550.0,-5.0,0,0,,0.0,0.0,0.0,0.0,0.0,2015-11-07,0,0.0,0.0,0.0,0.0,0.0
2015,10,22,4,OO,2974,N944SW,14107,13476,2000,1953.0,-7.0,17.0,2010.0,117.0,106.0,86.0,598,2136.0,3.0,2157,2139.0,-18.0,0,0,,0.0,0.0,0.0,0.0,0.0,2015-10-22,0,0.0,0.0,0.0,0.0,0.0
2015,10,20,2,AA,943,N5EPAA,15024,13303,1435,1459.0,24.0,33.0,1532.0,172.0,188.0,149.0,1107,1801.0,6.0,1727,1807.0,40.0,0,0,,16.0,0.0,0.0,24.0,0.0,2015-10-20,1,66.67,0.0,0.0,100.0,0.0
2015,10,11,7,DL,2153,N3747D,12478,14107,1725,1721.0,-4.0,51.0,1812.0,334.0,329.0,272.0,2153,1944.0,6.0,1959,1950.0,-9.0,0,0,,0.0,0.0,0.0,0.0,0.0,2015-10-11,0,0.0,0.0,0.0,0.0,0.0
2015,11,16,1,NK,311,N659NK,ACY,MCO,600,555.0,-5.0,13.0,608.0,144.0,145.0,113.0,852,801.0,19.0,824,820.0,-4.0,0,0,,0.0,0.0,0.0,0.0,0.0,2015-11-16,0,0.0,0.0,0.0,0.0,0.0
2015,11,18,3,DL,927,N964DN,MKE,MSP,1925,1918.0,-7.0,14.0,1932.0,73.0,71.0,53.0,297,2025.0,4.0,2038,2029.0,-9.0,0,0,,0.0,0.0,0.0,0.0,0.0,2015-11-18,0,0.0,0.0,0.0,0.0,0.0
2015,10,14,3,B6,408,N192JB,12478,14321,1800,1757.0,-3.0,13.0,1810.0,79.0,67.0,50.0,273,1900.0,4.0,1919,1904.0,-15.0,0,0,,0.0,0.0,0.0,0.0,0.0,2015-10-14,0,0.0,0.0,0.0,0.0,0.0
2015,11,9,1,OO,4695,N601XJ,CVG,MEM,1600,1558.0,-2.0,16.0,1614.0,92.0,92.0,70.0,403,1624.0,6.0,1632,1630.0,-2.0,0,0,,0.0,0.0,0.0,0.0,0.0,2015-11-09,0,0.0,0.0,0.0,0.0,0.0
2015,11,12,4,B6,1326,N216JB,BWI,BOS,1850,1958.0,68.0,9.0,2007.0,84.0,72.0,58.0,369,2105.0,5.0,2014,2110.0,56.0,0,0,,44.0,0.0,0.0,12.0,0.0,2015-11-12,1,64.71,0.0,0.0,17.65,0.0
2015,10,28,3,WN,2068,N649SW,14107,12892,930,927.0,-3.0,22.0,949.0,90.0,90.0,62.0,370,1051.0,6.0,1100,1057.0,-3.0,0,0,,0.0,0.0,0.0,0.0,0.0,2015-10-28,0,0.0,0.0,0.0,0.0,0.0
2015,11,7,6,UA,223,N78501,SFO,DEN,1047,1044.0,-3.0,18.0,1102.0,153.0,148.0,123.0,967,1405.0,7.0,1420,1412.0,-8.0,0,0,,0.0,0.0,0.0,0.0,0.0,2015-11-07,0,0.0,0.0,0.0,0.0,0.0
2015,11,2,1,B6,424,N934JB,LAX,JFK,1440,1437.0,-3.0,14.0,1451.0,312.0,293.0,271.0,2475,2222.0,8.0,2252,2230.0,-22.0,0,0,,0.0,0.0,0.0,0.0,0.0,2015-11-02,0,0.0,0.0,0.0,0.0,0.0
2015,10,13,2,DL,2395,N923AT,12953,14027,800,810.0,10.0,18.0,828.0,185.0,163.0,142.0,1035,1050.0,3.0,1105,1053.0,-12.0,0,0,,0.0,0.0,0.0,0.0,0.0,2015-10-13,0,0.0,0.0,0.0,0.0,0.0
2015,10,15,4,WN,1157,N8316H,14107,10693,740,740.0,0.0,21.0,801.0,195.0,194.0,168.0,1449,1249.0,5.0,1255,1254.0,-1.0,0,0,,0.0,0.0,0.0,0.0,0.0,2015-10-15,0,0.0,0.0,0.0,0.0,0.0
2015,11,4,3,EV,5566,N920EV,CSG,ATL,1448,1441.0,-7.0,42.0,1523.0,47.0,73.0,22.0,83,1545.0,9.0,1535,1554.0,19.0,0,0,,19.0,0.0,0.0,0.0,0.0,2015-11-04,0,-271.43,-0.0,-0.0,-0.0,-0.0
2015,11,17,2,OO,4598,N430SW,DTW,SBN,1208,1201.0,-7.0,13.0,1214.0,61.0,50.0,32.0,157,1246.0,5.0,1309,1251.0,-18.0,0,0,,0.0,0.0,0.0,0.0,0.0,2015-11-17,0,0.0,0.0,0.0,0.0,0.0
2015,11,12,4,WN,4016,N278WN,MDW,DCA,1215,1238.0,23.0,14.0,1252.0,100.0,91.0,73.0,601,1505.0,4.0,1455,1509.0,14.0,0,0,,0.0,0.0,0.0,0.0,0.0,2015-11-12,1,0.0,0.0,0.0,0.0,0.0
2015,10,25,7,EV,6157,N11189,13930,10693,1347,1344.0,-3.0,24.0,1408.0,91.0,97.0,68.0,409,1516.0,5.0,1518,1521.0,3.0,0,0,,0.0,0.0,0.0,0.0,0.0,2015-10-25,0,0.0,0.0,0.0,0.0,0.0
2015,10,21,3,VX,366,N631VA,12892,10721,1340,1339.0,-1.0,13.0,1352.0,325.0,330.0,305.0,2611,2157.0,12.0,2205,2209.0,4.0,0,0,,0.0,0.0,0.0,0.0,0.0,2015-10-21,0,0.0,0.0,0.0,0.0,0.0
2015,10,28,3,NK,713,N617NK,13204,12266,1730,1739.0,9.0,16.0,1755.0,151.0,148.0,123.0,854,1858.0,9.0,1901,1907.0,6.0,0,0,,0.0,0.0,0.0,0.0,0.0,2015-10-28,0,0.0,0.0,0.0,0.0,0.0
2015,11,11,3,OO,4973,N763SK,IAH,AUS,1545,1544.0,-1.0,25.0,1609.0,58.0,60.0,30.0,140,1639.0,5.0,1643,1644.0,1.0,0,0,,0.0,0.0,0.0,0.0,0.0,2015-11-11,0,0.0,0.0,0.0,0.0,0.0
2015,10,22,4,UA,1171,N36247,14747,14771,1308,1309.0,1.0,11.0,1320.0,139.0,111.0,96.0,679,1456.0,4.0,1527,1500.0,-27.0,0,0,,0.0,0.0,0.0,0.0,0.0,2015-10-22,0,0.0,0.0,0.0,0.0,0.0
2015,10,25,7,DL,1244,N978AT,10397,14814,1555,1551.0,-4.0,11.0,1602.0,111.0,98.0,84.0,551,1626.0,3.0,1646,1629.0,-17.0,0,0,,0.0,0.0,0.0,0.0,0.0,2015-10-25,0,0.0,0.0,0.0,0.0,0.0
2015,10,27,2,WN,2206,N616SW,10140,12191,1625,1627.0,2.0,15.0,1642.0,120.0,127.0,105.0,759,1927.0,7.0,1925,1934.0,9.0,0,0,,0.0,0.0,0.0,0.0,0.0,2015-10-27,0,0.0,0.0,0.0,0.0,0.0
2015,10,16,5,B6,1022,N547JB,14027,10721,1440,1459.0,19.0,14.0,1513.0,179.0,168.0,150.0,1197,1743.0,4.0,1739,1747.0,8.0,0,0,,0.0,0.0,0.0,0.0,0.0,2015-10-16,1,0.0,0.0,0.0,0.0,0.0
2015,10,13,2,WN,1290,N7744A,15016,11259,535,532.0,-3.0,8.0,540.0,100.0,94.0,72.0,546,652.0,14.0,715,706.0,-9.0,0,0,,0.0,0.0,0.0,0.0,0.0,2015-10-13,0,0.0,0.0,0.0,0.0,0.0
2015,11,19,4,DL,1687,N907DA,MSP,SAN,922,920.0,-2.0,26.0,946.0,240.0,235.0,205.0,1532,1111.0,4.0,1122,1115.0,-7.0,0,0,,0.0,0.0,0.0,0.0,0.0,2015-11-19,0,0.0,0.0,0.0,0.0,0.0
2015,11,5,4,OO,4797,N679CA,SNA,SLC,1015,1007.0,-8.0,19.0,1026.0,112.0,107.0,84.0,588,1250.0,4.0,1307,1254.0,-13.0,0,0,,0.0,0.0,0.0,0.0,0.0,2015-11-05,0,0.0,0.0,0.0,0.0,0.0
2015,11,1,7,WN,276,N8662F,SAN,DAL,1600,1557.0,-3.0,13.0,1610.0,165.0,180.0,162.0,1182,2052.0,5.0,2045,2057.0,12.0,0,0,,0.0,0.0,0.0,0.0,0.0,2015-11-01,0,0.0,0.0,0.0,0.0,0.0
2015,11,6,5,UA,383,N26123,HNL,DEN,2045,2048.0,3.0,15.0,2103.0,418.0,405.0,382.0,3365,625.0,8.0,643,633.0,-10.0,0,0,,0.0,0.0,0.0,0.0,0.0,2015-11-06,0,0.0,0.0,0.0,0.0,0.0
2015,10,29,4,WN,728,N7714B,12892,14831,2100,2114.0,14.0,11.0,2125.0,65.0,70.0,51.0,308,2216.0,8.0,2205,2224.0,19.0,0,0,,5.0,0.0,0.0,14.0,0.0,2015-10-29,0,35.71,0.0,0.0,100.0,0.0
2015,10,19,1,AA,835,N939UW,11057,14843,955,955.0,0.0,29.0,1024.0,225.0,214.0,179.0,1475,1323.0,6.0,1340,1329.0,-11.0,0,0,,0.0,0.0,0.0,0.0,0.0,2015-10-19,0,0.0,0.0,0.0,0.0,0.0
2015,11,9,1,EV,5171,N847AS,ATL,TRI,906,927.0,21.0,11.0,938.0,64.0,50.0,37.0,227,1015.0,2.0,1010,1017.0,7.0,0,0,,0.0,0.0,0.0,0.0,0.0,2015-11-09,1,0.0,0.0,0.0,0.0,0.0
2015,11,17,2,WN,2679,N363SW,SAN,OAK,1020,1021.0,1.0,14.0,1035.0,90.0,92.0,67.0,446,1142.0,11.0,1150,1153.0,3.0,0,0,,0.0,0.0,0.0,0.0,0.0,2015-11-17,0,0.0,0.0,0.0,0.0,0.0
2015,10,25,7,EV,2785,N907EV,11298,12448,1405,1443.0,38.0,20.0,1503.0,83.0,92.0,69.0,408,1612.0,3.0,1528,1615.0,47.0,0,0,,9.0,0.0,4.0,34.0,0.0,2015-10-25,1,23.68,0.0,10.53,89.47,0.0
2015,10,11,7,UA,1977,N37470,13303,12266,1508,1503.0,-5.0,12.0,1515.0,167.0,144.0,127.0,964,1622.0,5.0,1655,1627.0,-28.0,0,0,,0.0,0.0,0.0,0.0,0.0,2015-10-11,0,0.0,0.0,0.0,0.0,0.0
2015,11,4,3,MQ,3187,N649MQ,DBQ,ORD,1136,1133.0,-3.0,11.0,1144.0,62.0,49.0,30.0,147,1214.0,8.0,1238,1222.0,-16.0,0,0,,0.0,0.0,0.0,0.0,0.0,2015-11-04,0,0.0,0.0,0.0,0.0,0.0
2015,10,31,6,WN,3187,N210WN,12889,14107,1355,1354.0,-1.0,9.0,1403.0,70.0,58.0,42.0,255,1445.0,7.0,1505,1452.0,-13.0,0,0,,0.0,0.0,0.0,0.0,0.0,2015-10-31,0,0.0,0.0,0.0,0.0,0.0
2015,10,13,2,WN,1815,N484WN,13232,10693,2200,2159.0,-1.0,25.0,2224.0,80.0,82.0,53.0,395,2317.0,4.0,2320,2321.0,1.0,0,0,,0.0,0.0,0.0,0.0,0.0,2015-10-13,0,0.0,0.0,0.0,0.0,0.0
2015,10,18,7,EV,5058,N600QX,14524,11433,1258,1250.0,-8.0,12.0,1302.0,111.0,119.0,101.0,456,1443.0,6.0,1449,1449.0,0.0,0,0,,0.0,0.0,0.0,0.0,0.0,2015-10-18,0,0.0,0.0,0.0,0.0,0.0
2015,11,13,5,UA,590,N25705,ORD,MSN,1220,1216.0,-4.0,28.0,1244.0,53.0,60.0,29.0,108,1313.0,3.0,1313,1316.0,3.0,0,0,,0.0,0.0,0.0,0.0,0.0,2015-11-13,0,0.0,0.0,0.0,0.0,0.0
2015,10,26,1,OO,6401,N138SY,11603,14771,620,617.0,-3.0,15.0,632.0,92.0,88.0,68.0,451,740.0,5.0,752,745.0,-7.0,0,0,,0.0,0.0,0.0,0.0,0.0,2015-10-26,0,0.0,0.0,0.0,0.0,0.0
2015,11,1,7,AS,714,N778AS,PDX,SLC,1635,1625.0,-10.0,20.0,1645.0,104.0,111.0,84.0,630,1909.0,7.0,1919,1916.0,-3.0,0,0,,0.0,0.0,0.0,0.0,0.0,2015-11-01,0,0.0,0.0,0.0,0.0,0.0
2015,11,4,3,WN,1742,N8618N,BWI,ROC,2215,2223.0,8.0,8.0,2231.0,70.0,63.0,49.0,277,2320.0,6.0,2325,2326.0,1.0,0,0,,0.0,0.0,0.0,0.0,0.0,2015-11-04,0,0.0,0.0,0.0,0.0,0.0
2015,10,14,3,OO,6480,N131SY,15016,13930,1842,1839.0,-3.0,13.0,1852.0,78.0,75.0,46.0,258,1938.0,16.0,2000,1954.0,-6.0,0,0,,0.0,0.0,0.0,0.0,0.0,2015-10-14,0,0.0,0.0,0.0,0.0,0.0
2015,11,4,3,B6,623,N945JB,JFK,LAX,1845,1844.0,-1.0,22.0,1906.0,384.0,363.0,336.0,2475,2142.0,5.0,2209,2147.0,-22.0,0,0,,0.0,0.0,0.0,0.0,0.0,2015-11-04,0,0.0,0.0,0.0,0.0,0.0
2015,10,25,7,NK,331,N640NK,12953,13930,2159,2147.0,-12.0,15.0,2202.0,134.0,136.0,114.0,733,2256.0,7.0,2313,2303.0,-10.0,0,0,,0.0,0.0,0.0,0.0,0.0,2015-10-25,0,0.0,0.0,0.0,0.0,0.0
2015,11,4,3,DL,2300,N807DN,ATL,BOS,2155,2152.0,-3.0,15.0,2207.0,148.0,139.0,116.0,946,3.0,8.0,23,11.0,-12.0,0,0,,0.0,0.0,0.0,0.0,0.0,2015-11-04,0,0.0,0.0,0.0,0.0,0.0
2015,11,9,1,WN,3009,N628SW,SMF,SEA,1835,1854.0,19.0,14.0,1908.0,110.0,116.0,95.0,605,2043.0,7.0,2025,2050.0,25.0,0,0,,6.0,0.0,0.0,19.0,0.0,2015-11-09,1,31.58,0.0,0.0,100.0,0.0
2015,11,6,5,DL,1673,N960DN,RIC,ATL,710,705.0,-5.0,29.0,734.0,115.0,119.0,80.0,481,854.0,10.0,905,904.0,-1.0,0,0,,0.0,0.0,0.0,0.0,0.0,2015-11-06,0,0.0,0.0,0.0,0.0,0.0
2015,11,9,1,WN,1715,N793SA,CMH,BWI,2130,2125.0,-5.0,8.0,2133.0,85.0,93.0,50.0,337,2223.0,35.0,2255,2258.0,3.0,0,0,,0.0,0.0,0.0,0.0,0.0,2015-11-09,0,0.0,0.0,0.0,0.0,0.0
2015,11,17,2,WN,2698,N453WN,PHX,LAS,1255,1253.0,-2.0,5.0,1258.0,65.0,55.0,45.0,255,1243.0,5.0,1300,1248.0,-12.0,0,0,,0.0,0.0,0.0,0.0,0.0,2015-11-17,0,0.0,0.0,0.0,0.0,0.0
2015,10,30,5,DL,2125,N984DL,10821,10397,1230,1226.0,-4.0,13.0,1239.0,120.0,103.0,83.0,577,1402.0,7.0,1430,1409.0,-21.0,0,0,,0.0,0.0,0.0,0.0,0.0,2015-10-30,0,0.0,0.0,0.0,0.0,0.0
2015,10,12,1,DL,964,N927AT,11278,11433,740,756.0,16.0,11.0,807.0,94.0,85.0,68.0,405,915.0,6.0,914,921.0,7.0,0,0,,0.0,0.0,0.0,0.0,0.0,2015-10-12,1,0.0,0.0,0.0,0.0,0.0
2015,11,18,3,WN,1971,N217JC,SAT,LAS,1955,2013.0,18.0,8.0,2021.0,175.0,167.0,153.0,1069,2054.0,6.0,2050,2100.0,10.0,0,0,,0.0,0.0,0.0,0.0,0.0,2015-11-18,1,0.0,0.0,0.0,0.0,0.0
2015,10,11,7,UA,203,N821UA,13487,12266,1352,1354.0,2.0,11.0,1405.0,175.0,157.0,139.0,1034,1624.0,7.0,1647,1631.0,-16.0,0,0,,0.0,0.0,0.0,0.0,0.0,2015-10-11,0,0.0,0.0,0.0,0.0,0.0
2015,11,3,2,WN,1166,N778SW,PIT,BWI,530,528.0,-2.0,12.0,540.0,70.0,55.0,39.0,210,619.0,4.0,640,623.0,-17.0,0,0,,0.0,0.0,0.0,0.0,0.0,2015-11-03,0,0.0,0.0,0.0,0.0,0.0
2015,11,6,5,UA,550,N428UA,PDX,DEN,1545,1538.0,-7.0,9.0,1547.0,145.0,161.0,128.0,991,1855.0,24.0,1910,1919.0,9.0,0,0,,0.0,0.0,0.0,0.0,0.0,2015-11-06,0,0.0,0.0,0.0,0.0,0.0
2015,10,30,5,AA,1923,N763US,14576,11057,820,819.0,-1.0,9.0,828.0,122.0,113.0,94.0,573,1002.0,10.0,1022,1012.0,-10.0,0,0,,0.0,0.0,0.0,0.0,0.0,2015-10-30,0,0.0,0.0,0.0,0.0,0.0
2015,11,8,7,OO,6467,N778SK,SHV,IAH,1337,1330.0,-7.0,22.0,1352.0,65.0,79.0,46.0,192,1438.0,11.0,1442,1449.0,7.0,0,0,,0.0,0.0,0.0,0.0,0.0,2015-11-08,0,0.0,0.0,0.0,0.0,0.0
2015,11,18,3,WN,11,N684WN,ABQ,LAX,1735,1805.0,30.0,12.0,1817.0,120.0,128.0,95.0,677,1852.0,21.0,1835,1913.0,38.0,0,0,,8.0,0.0,1.0,29.0,0.0,2015-11-18,1,26.67,0.0,3.33,96.67,0.0
2015,10,27,2,DL,2457,N993DL,10397,10529,730,728.0,-2.0,25.0,753.0,137.0,134.0,104.0,859,937.0,5.0,947,942.0,-5.0,0,0,,0.0,0.0,0.0,0.0,0.0,2015-10-27,0,0.0,0.0,0.0,0.0,0.0
2015,11,1,7,WN,4006,N8614M,TPA,DEN,915,915.0,0.0,8.0,923.0,245.0,212.0,195.0,1506,1038.0,9.0,1120,1047.0,-33.0,0,0,,0.0,0.0,0.0,0.0,0.0,2015-11-01,0,0.0,0.0,0.0,0.0,0.0
2015,11,2,1,UA,1541,N820UA,IAH,BNA,1915,1913.0,-2.0,27.0,1940.0,116.0,117.0,85.0,657,2105.0,5.0,2111,2110.0,-1.0,0,0,,0.0,0.0,0.0,0.0,0.0,2015-11-02,0,0.0,0.0,0.0,0.0,0.0
2015,10,24,6,EV,4931,N855AS,14814,10397,1719,1712.0,-7.0,11.0,1723.0,101.0,97.0,78.0,551,1941.0,8.0,2000,1949.0,-11.0,0,0,,0.0,0.0,0.0,0.0,0.0,2015-10-24,0,0.0,0.0,0.0,0.0,0.0
2015,10,20,2,HA,111,N491HA,12402,13830,808,801.0,-7.0,8.0,809.0,38.0,36.0,23.0,121,832.0,5.0,846,837.0,-9.0,0,0,,0.0,0.0,0.0,0.0,0.0,2015-10-20,0,0.0,0.0,0.0,0.0,0.0
2015,11,11,3,UA,1580,N38257,OGG,SFO,2308,45.0,97.0,18.0,103.0,302.0,295.0,272.0,2338,735.0,5.0,610,740.0,90.0,0,0,,2.0,0.0,0.0,88.0,0.0,2015-11-11,1,2.06,0.0,0.0,90.72,0.0
2015,11,16,1,UA,545,N73283,DEN,IAH,1235,1240.0,5.0,13.0,1253.0,140.0,140.0,118.0,862,1551.0,9.0,1555,1600.0,5.0,0,0,,0.0,0.0,0.0,0.0,0.0,2015-11-16,0,0.0,0.0,0.0,0.0,0.0
2015,11,5,4,WN,1215,N369SW,DAL,CMH,1850,1946.0,56.0,118.0,2144.0,135.0,234.0,110.0,919,34.0,6.0,2205,40.0,155.0,0,0,,99.0,0.0,0.0,48.0,8.0,2015-11-05,1,176.79,0.0,0.0,85.71,14.29
2015,11,3,2,WN,421,N279WN,LAX,DEN,2145,2144.0,-1.0,10.0,2154.0,135.0,121.0,105.0,862,39.0,6.0,100,45.0,-15.0,0,0,,0.0,0.0,0.0,0.0,0.0,2015-11-03,0,0.0,0.0,0.0,0.0,0.0
2015,11,9,1,WN,167,N463WN,SJC,PDX,1830,1828.0,-2.0,11.0,1839.0,105.0,101.0,86.0,569,2005.0,4.0,2015,2009.0,-6.0,0,0,,0.0,0.0,0.0,0.0,0.0,2015-11-09,0,0.0,0.0,0.0,0.0,0.0
2015,11,5,4,UA,1932,N68834,MIA,IAH,730,734.0,4.0,16.0,750.0,175.0,164.0,137.0,964,907.0,11.0,925,918.0,-7.0,0,0,,0.0,0.0,0.0,0.0,0.0,2015-11-05,0,0.0,0.0,0.0,0.0,0.0
2015,10,20,2,UA,1981,N33284,11292,11884,1119,1115.0,-4.0,13.0,1128.0,142.0,129.0,112.0,836,1220.0,4.0,1241,1224.0,-17.0,0,0,,0.0,0.0,0.0,0.0,0.0,2015-10-20,0,0.0,0.0,0.0,0.0,0.0
2015,11,14,6,OO,6268,N874AS,FAT,SFO,1710,1704.0,-6.0,9.0,1713.0,53.0,43.0,30.0,158,1743.0,4.0,1803,1747.0,-16.0,0,0,,0.0,0.0,0.0,0.0,0.0,2015-11-14,0,0.0,0.0,0.0,0.0,0.0
2015,10,13,2,WN,1591,N903WN,12889,14570,1420,1424.0,4.0,11.0,1435.0,80.0,78.0,52.0,345,1527.0,15.0,1540,1542.0,2.0,0,0,,0.0,0.0,0.0,0.0,0.0,2015-10-13,0,0.0,0.0,0.0,0.0,0.0
2015,11,6,5,DL,301,N824DN,LGA,ATL,1200,1205.0,5.0,33.0,1238.0,171.0,152.0,115.0,762,1433.0,4.0,1451,1437.0,-14.0,0,0,,0.0,0.0,0.0,0.0,0.0,2015-11-06,0,0.0,0.0,0.0,0.0,0.0
2015,11,10,2,AA,156,N3LCAA,SAN,ORD,1037,1035.0,-2.0,17.0,1052.0,248.0,207.0,183.0,1723,1555.0,7.0,1645,1602.0,-43.0,0,0,,0.0,0.0,0.0,0.0,0.0,2015-11-10,0,0.0,0.0,0.0,0.0,0.0
2015,10,20,2,B6,543,N612JB,11618,14027,1700,1703.0,3.0,11.0,1714.0,168.0,146.0,131.0,1023,1925.0,4.0,1948,1929.0,-19.0,0,0,,0.0,0.0,0.0,0.0,0.0,2015-10-20,0,0.0,0.0,0.0,0.0,0.0
2015,10,23,5,AA,1893,N701UW,11057,10423,2210,2205.0,-5.0,21.0,2226.0,169.0,194.0,149.0,1032,2355.0,24.0,2359,19.0,20.0,0,0,,20.0,0.0,0.0,0.0,0.0,2015-10-23,0,-400.0,-0.0,-0.0,-0.0,-0.0
2015,10,25,7,WN,2271,N8662F,13232,10821,1340,1348.0,8.0,10.0,1358.0,110.0,96.0,82.0,611,1620.0,4.0,1630,1624.0,-6.0,0,0,,0.0,0.0,0.0,0.0,0.0,2015-10-25,0,0.0,0.0,0.0,0.0,0.0
2015,11,12,4,AS,34,N413AS,SEA,ORD,830,826.0,-4.0,25.0,851.0,235.0,252.0,205.0,1721,1416.0,22.0,1425,1438.0,13.0,0,0,,0.0,0.0,0.0,0.0,0.0,2015-11-12,0,0.0,0.0,0.0,0.0,0.0
2015,10,28,3,EV,4877,N852AS,10397,13277,1601,1554.0,-7.0,13.0,1607.0,52.0,51.0,34.0,147,1541.0,4.0,1553,1545.0,-8.0,0,0,,0.0,0.0,0.0,0.0,0.0,2015-10-28,0,0.0,0.0,0.0,0.0,0.0
2015,10,16,5,OO,5195,N128SY,11298,14771,625,623.0,-2.0,17.0,640.0,239.0,231.0,195.0,1464,755.0,19.0,824,814.0,-10.0,0,0,,0.0,0.0,0.0,0.0,0.0,2015-10-16,0,0.0,0.0,0.0,0.0,0.0
2015,10,27,2,EV,5941,N17560,13930,10434,1336,1336.0,0.0,12.0,1348.0,106.0,96.0,81.0,632,1609.0,3.0,1622,1612.0,-10.0,0,0,,0.0,0.0,0.0,0.0,0.0,2015-10-27,0,0.0,0.0,0.0,0.0,0.0
2015,11,10,2,WN,358,N767SW,AMA,LAS,640,635.0,-5.0,11.0,646.0,140.0,144.0,127.0,758,653.0,6.0,700,659.0,-1.0,0,0,,0.0,0.0,0.0,0.0,0.0,2015-11-10,0,0.0,0.0,0.0,0.0,0.0
2015,10,26,1,UA,449,N821UA,10721,13930,830,846.0,16.0,27.0,913.0,168.0,179.0,143.0,867,1036.0,9.0,1018,1045.0,27.0,0,0,,11.0,0.0,16.0,0.0,0.0,2015-10-26,1,68.75,0.0,100.0,0.0,0.0
2015,10,24,6,DL,2473,N999DN,10397,10792,2101,2057.0,-4.0,18.0,2115.0,131.0,117.0,93.0,712,2248.0,6.0,2312,2254.0,-18.0,0,0,,0.0,0.0,0.0,0.0,0.0,2015-10-24,0,0.0,0.0,0.0,0.0,0.0
2015,10,29,4,B6,359,N827JB,12478,10800,1731,1730.0,-1.0,22.0,1752.0,380.0,369.0,332.0,2465,2024.0,15.0,2051,2039.0,-12.0,0,0,,0.0,0.0,0.0,0.0,0.0,2015-10-29,0,0.0,0.0,0.0,0.0,0.0
2015,11,17,2,WN,1989,N257WN,ATL,SAT,2040,2049.0,9.0,14.0,2103.0,160.0,156.0,139.0,874,2222.0,3.0,2220,2225.0,5.0,0,0,,0.0,0.0,0.0,0.0,0.0,2015-11-17,0,0.0,0.0,0.0,0.0,0.0
2015,10,17,6,DL,935,N324NB,11292,14869,1300,1255.0,-5.0,10.0,1305.0,87.0,86.0,72.0,391,1417.0,4.0,1427,1421.0,-6.0,0,0,,0.0,0.0,0.0,0.0,0.0,2015-10-17,0,0.0,0.0,0.0,0.0,0.0
2015,11,7,6,B6,989,N249JB,BOS,DCA,1515,1510.0,-5.0,14.0,1524.0,96.0,92.0,76.0,399,1640.0,2.0,1651,1642.0,-9.0,0,0,,0.0,0.0,0.0,0.0,0.0,2015-11-07,0,0.0,0.0,0.0,0.0,0.0
2015,11,4,3,VX,932,N835VA,SFO,LAX,1530,1525.0,-5.0,15.0,1540.0,80.0,74.0,54.0,337,1634.0,5.0,1650,1639.0,-11.0,0,0,,0.0,0.0,0.0,0.0,0.0,2015-11-04,0,0.0,0.0,0.0,0.0,0.0
2015,11,9,1,B6,1386,N318JB,JFK,ROC,1259,1436.0,97.0,20.0,1456.0,77.0,72.0,47.0,264,1543.0,5.0,1416,1548.0,92.0,0,0,,0.0,0.0,92.0,0.0,0.0,2015-11-09,1,0.0,0.0,94.85,0.0,0.0
2015,11,11,3,WN,2738,N7813P,OAK,SEA,1835,1920.0,45.0,9.0,1929.0,120.0,121.0,103.0,672,2112.0,9.0,2035,2121.0,46.0,0,0,,1.0,0.0,0.0,45.0,0.0,2015-11-11,1,2.22,0.0,0.0,100.0,0.0
2015,11,8,7,OO,4543,N813SK,MDW,MSP,1519,1516.0,-3.0,14.0,1530.0,96.0,82.0,65.0,349,1635.0,3.0,1655,1638.0,-17.0,0,0,,0.0,0.0,0.0,0.0,0.0,2015-11-08,0,0.0,0.0,0.0,0.0,0.0
2015,10,31,6,EV,4963,N844AS,10146,10397,630,625.0,-5.0,11.0,636.0,52.0,44.0,30.0,145,706.0,3.0,722,709.0,-13.0,0,0,,0.0,0.0,0.0,0.0,0.0,2015-10-31,0,0.0,0.0,0.0,0.0,0.0
2015,11,12,4,OO,4660,N604SK,SUN,SLC,650,647.0,-3.0,18.0,705.0,58.0,57.0,35.0,222,740.0,4.0,748,744.0,-4.0,0,0,,0.0,0.0,0.0,0.0,0.0,2015-11-12,0,0.0,0.0,0.0,0.0,0.0
2015,10,21,3,DL,1974,N981AT,15304,12953,700,655.0,-5.0,13.0,708.0,162.0,157.0,138.0,1010,926.0,6.0,942,932.0,-10.0,0,0,,0.0,0.0,0.0,0.0,0.0,2015-10-21,0,0.0,0.0,0.0,0.0,0.0
2015,11,7,6,DL,496,N912DL,ATL,MIA,859,855.0,-4.0,23.0,918.0,109.0,110.0,83.0,594,1041.0,4.0,1048,1045.0,-3.0,0,0,,0.0,0.0,0.0,0.0,0.0,2015-11-07,0,0.0,0.0,0.0,0.0,0.0
2015,10,18,7,DL,887,N144DA,10397,14057,1630,1629.0,-1.0,13.0,1642.0,322.0,290.0,275.0,2172,1817.0,2.0,1852,1819.0,-33.0,0,0,,0.0,0.0,0.0,0.0,0.0,2015-10-18,0,0.0,0.0,0.0,0.0,0.0
2015,10,18,7,AA,243,N4YRAA,14683,11298,1849,1840.0,-9.0,19.0,1859.0,79.0,75.0,45.0,247,1944.0,11.0,2008,1955.0,-13.0,0,0,,0.0,0.0,0.0,0.0,0.0,2015-10-18,0,0.0,0.0,0.0,0.0,0.0
2015,11,18,3,WN,2887,N733SA,SJC,BUR,1850,1848.0,-2.0,9.0,1857.0,60.0,55.0,43.0,296,1940.0,3.0,1950,1943.0,-7.0,0,0,,0.0,0.0,0.0,0.0,0.0,2015-11-18,0,0.0,0.0,0.0,0.0,0.0
2015,11,4,3,WN,11,N655WN,IND,DAL,1420,1428.0,8.0,13.0,1441.0,135.0,131.0,109.0,755,1530.0,9.0,1535,1539.0,4.0,0,0,,0.0,0.0,0.0,0.0,0.0,2015-11-04,0,0.0,0.0,0.0,0.0,0.0
2015,10,27,2,EV,4332,N13988,13244,12266,610,604.0,-6.0,13.0,617.0,111.0,100.0,79.0,468,736.0,8.0,801,744.0,-17.0,0,0,,0.0,0.0,0.0,0.0,0.0,2015-10-27,0,0.0,0.0,0.0,0.0,0.0
2015,10,15,4,WN,244,N610WN,12892,13198,610,611.0,1.0,15.0,626.0,190.0,192.0,173.0,1363,1119.0,4.0,1120,1123.0,3.0,0,0,,0.0,0.0,0.0,0.0,0.0,2015-10-15,0,0.0,0.0,0.0,0.0,0.0
2015,11,4,3,B6,328,N583JB,MCO,EWR,1756,1755.0,-1.0,13.0,1808.0,157.0,157.0,134.0,937,2022.0,10.0,2033,2032.0,-1.0,0,0,,0.0,0.0,0.0,0.0,0.0,2015-11-04,0,0.0,0.0,0.0,0.0,0.0
2015,10,19,1,MQ,3217,N531MQ,11618,13930,1000,954.0,-6.0,15.0,1009.0,154.0,143.0,117.0,719,1106.0,11.0,1134,1117.0,-17.0,0,0,,0.0,0.0,0.0,0.0,0.0,2015-10-19,0,0.0,0.0,0.0,0.0,0.0
2015,10,31,6,B6,658,N563JB,11697,11042,1420,1416.0,-4.0,13.0,1429.0,173.0,154.0,134.0,1062,1643.0,7.0,1713,1650.0,-23.0,0,0,,0.0,0.0,0.0,0.0,0.0,2015-10-31,0,0.0,0.0,0.0,0.0,0.0
2015,10,21,3,WN,2646,N959WN,14831,14747,715,714.0,-1.0,10.0,724.0,130.0,118.0,102.0,697,906.0,6.0,925,912.0,-13.0,0,0,,0.0,0.0,0.0,0.0,0.0,2015-10-21,0,0.0,0.0,0.0,0.0,0.0
2015,10,30,5,DL,1613,N962DN,12339,10397,1449,1447.0,-2.0,14.0,1501.0,96.0,82.0,64.0,432,1605.0,4.0,1625,1609.0,-16.0,0,0,,0.0,0.0,0.0,0.0,0.0,2015-10-30,0,0.0,0.0,0.0,0.0,0.0
2015,11,8,7,AA,2455,N8AAAA,DFW,LAX,2150,2153.0,3.0,14.0,2207.0,199.0,189.0,169.0,1235,2256.0,6.0,2309,2302.0,-7.0,0,0,,0.0,0.0,0.0,0.0,0.0,2015-11-08,0,0.0,0.0,0.0,0.0,0.0
2015,10,28,3,AA,467,N668AW,13487,14107,1803,1759.0,-4.0,32.0,1831.0,201.0,210.0,171.0,1276,1922.0,7.0,1924,1929.0,5.0,0,0,,0.0,0.0,0.0,0.0,0.0,2015-10-28,0,0.0,0.0,0.0,0.0,0.0
2015,10,14,3,EV,4698,N13903,13158,12266,1049,1039.0,-10.0,12.0,1051.0,91.0,87.0,69.0,429,1200.0,6.0,1220,1206.0,-14.0,0,0,,0.0,0.0,0.0,0.0,0.0,2015-10-14,0,0.0,0.0,0.0,0.0,0.0
2015,10,15,4,WN,2868,N798SW,14107,14122,1100,1100.0,0.0,22.0,1122.0,235.0,230.0,202.0,1814,1744.0,6.0,1755,1750.0,-5.0,0,0,,0.0,0.0,0.0,0.0,0.0,2015-10-15,0,0.0,0.0,0.0,0.0,0.0
2015,10,15,4,EV,2806,N904EV,11298,15401,1655,1648.0,-7.0,17.0,1705.0,56.0,56.0,34.0,181,1739.0,5.0,1751,1744.0,-7.0,0,0,,0.0,0.0,0.0,0.0,0.0,2015-10-15,0,0.0,0.0,0.0,0.0,0.0
2015,10,28,3,AA,1152,N3BVAA,13303,13930,950,950.0,0.0,32.0,1022.0,208.0,200.0,160.0,1197,1202.0,8.0,1218,1210.0,-8.0,0,0,,0.0,0.0,0.0,0.0,0.0,2015-10-28,0,0.0,0.0,0.0,0.0,0.0
2015,11,6,5,WN,1699,N7710A,MAF,HOU,1145,1145.0,0.0,9.0,1154.0,80.0,75.0,62.0,441,1256.0,4.0,1305,1300.0,-5.0,0,0,,0.0,0.0,0.0,0.0,0.0,2015-11-06,0,0.0,0.0,0.0,0.0,0.0
2015,10,19,1,UA,1462,N73251,12889,14771,800,802.0,2.0,69.0,911.0,103.0,161.0,68.0,414,1019.0,24.0,943,1043.0,60.0,0,0,,60.0,0.0,0.0,0.0,0.0,2015-10-19,0,3000.0,0.0,0.0,0.0,0.0
2015,11,2,1,WN,2206,N8314L,MDW,PHX,1150,1149.0,-1.0,9.0,1158.0,235.0,214.0,198.0,1444,1416.0,7.0,1445,1423.0,-22.0,0,0,,0.0,0.0,0.0,0.0,0.0,2015-11-02,0,0.0,0.0,0.0,0.0,0.0
2015,11,12,4,DL,2815,N991AT,TYS,ATL,1200,1207.0,7.0,29.0,1236.0,63.0,70.0,36.0,152,1312.0,5.0,1303,1317.0,14.0,0,0,,0.0,0.0,0.0,0.0,0.0,2015-11-12,0,0.0,0.0,0.0,0.0,0.0
2015,10,13,2,WN,3090,N7828A,13796,14679,2020,2015.0,-5.0,6.0,2021.0,85.0,85.0,70.0,446,2131.0,9.0,2145,2140.0,-5.0,0,0,,0.0,0.0,0.0,0.0,0.0,2015-10-13,0,0.0,0.0,0.0,0.0,0.0
2015,11,7,6,DL,2144,N981DL,MSP,BIS,2200,2153.0,-7.0,12.0,2205.0,86.0,81.0,64.0,386,2309.0,5.0,2326,2314.0,-12.0,0,0,,0.0,0.0,0.0,0.0,0.0,2015-11-07,0,0.0,0.0,0.0,0.0,0.0
2015,11,10,2,DL,454,N703TW,JFK,SFO,935,928.0,-7.0,51.0,1019.0,399.0,419.0,355.0,2586,1314.0,13.0,1314,1327.0,13.0,0,0,,0.0,0.0,0.0,0.0,0.0,2015-11-10,0,0.0,0.0,0.0,0.0,0.0
2015,11,9,1,B6,611,N703JB,JFK,LAS,2015,2010.0,-5.0,14.0,2024.0,353.0,343.0,318.0,2248,2242.0,11.0,2308,2253.0,-15.0,0,0,,0.0,0.0,0.0,0.0,0.0,2015-11-09,0,0.0,0.0,0.0,0.0,0.0
2015,11,5,4,AS,449,N469AS,LAX,SEA,1010,1008.0,-2.0,23.0,1031.0,165.0,173.0,143.0,954,1254.0,7.0,1255,1301.0,6.0,0,0,,0.0,0.0,0.0,0.0,0.0,2015-11-05,0,0.0,0.0,0.0,0.0,0.0
2015,11,12,4,AA,2143,N958UW,DCA,LGA,1300,1253.0,-7.0,36.0,1329.0,90.0,88.0,47.0,214,1416.0,5.0,1430,1421.0,-9.0,0,0,,0.0,0.0,0.0,0.0,0.0,2015-11-12,0,0.0,0.0,0.0,0.0,0.0
2015,11,6,5,OO,4466,N633SK,SLC,JAC,1105,1104.0,-1.0,22.0,1126.0,65.0,66.0,41.0,205,1207.0,3.0,1210,1210.0,0.0,0,0,,0.0,0.0,0.0,0.0,0.0,2015-11-06,0,0.0,0.0,0.0,0.0,0.0
2015,11,3,2,AA,1277,N3DXAA,CLT,MIA,2230,2228.0,-2.0,22.0,2250.0,121.0,117.0,90.0,650,20.0,5.0,31,25.0,-6.0,0,0,,0.0,0.0,0.0,0.0,0.0,2015-11-03,0,0.0,0.0,0.0,0.0,0.0
2015,10,30,5,B6,123,N942JB,12478,12892,830,825.0,-5.0,23.0,848.0,380.0,358.0,328.0,2475,1116.0,7.0,1150,1123.0,-27.0,0,0,,0.0,0.0,0.0,0.0,0.0,2015-10-30,0,0.0,0.0,0.0,0.0,0.0
2015,11,19,4,DL,2566,N330NW,SFO,MSP,640,639.0,-1.0,19.0,658.0,217.0,211.0,186.0,1589,1204.0,6.0,1217,1210.0,-7.0,0,0,,0.0,0.0,0.0,0.0,0.0,2015-11-19,0,0.0,0.0,0.0,0.0,0.0
2015,11,17,2,UA,473,N475UA,BWI,ORD,1732,1742.0,10.0,21.0,1803.0,131.0,143.0,101.0,622,1844.0,21.0,1843,1905.0,22.0,0,0,,12.0,0.0,10.0,0.0,0.0,2015-11-17,0,120.0,0.0,100.0,0.0,0.0
2015,11,5,4,WN,1752,N233LV,OAK,BUR,1350,1354.0,4.0,6.0,1400.0,65.0,57.0,48.0,325,1448.0,3.0,1455,1451.0,-4.0,0,0,,0.0,0.0,0.0,0.0,0.0,2015-11-05,0,0.0,0.0,0.0,0.0,0.0
2015,10,22,4,AA,1134,N3EVAA,14843,12478,855,847.0,-8.0,14.0,901.0,238.0,257.0,231.0,1598,1252.0,12.0,1253,1304.0,11.0,0,0,,0.0,0.0,0.0,0.0,0.0,2015-10-22,0,0.0,0.0,0.0,0.0,0.0
2015,11,6,5,B6,84,N903JB,MCO,JFK,1900,1859.0,-1.0,38.0,1937.0,153.0,163.0,122.0,944,2139.0,3.0,2133,2142.0,9.0,0,0,,0.0,0.0,0.0,0.0,0.0,2015-11-06,0,0.0,0.0,0.0,0.0,0.0
2015,11,7,6,B6,5,N623JB,EWR,FLL,945,937.0,-8.0,16.0,953.0,181.0,168.0,148.0,1065,1221.0,4.0,1246,1225.0,-21.0,0,0,,0.0,0.0,0.0,0.0,0.0,2015-11-07,0,0.0,0.0,0.0,0.0,0.0
2015,11,16,1,DL,1799,N991AT,ATL,HSV,1350,1347.0,-3.0,8.0,1355.0,56.0,45.0,32.0,151,1327.0,5.0,1346,1332.0,-14.0,0,0,,0.0,0.0,0.0,0.0,0.0,2015-11-16,0,0.0,0.0,0.0,0.0,0.0
2015,11,11,3,AS,131,N619AS,PDX,ANC,930,925.0,-5.0,11.0,936.0,240.0,242.0,225.0,1542,1221.0,6.0,1230,1227.0,-3.0,0,0,,0.0,0.0,0.0,0.0,0.0,2015-11-11,0,0.0,0.0,0.0,0.0,0.0
2015,10,26,1,OO,4643,N613QX,12954,14869,715,710.0,-5.0,15.0,725.0,112.0,116.0,85.0,588,950.0,16.0,1007,1006.0,-1.0,0,0,,0.0,0.0,0.0,0.0,0.0,2015-10-26,0,0.0,0.0,0.0,0.0,0.0
2015,11,4,3,WN,2796,N273WN,BDL,MCO,1305,1306.0,1.0,7.0,1313.0,180.0,156.0,139.0,1050,1532.0,10.0,1605,1542.0,-23.0,0,0,,0.0,0.0,0.0,0.0,0.0,2015-11-04,0,0.0,0.0,0.0,0.0,0.0
2015,10,14,3,B6,585,N324JB,14576,12478,1939,1927.0,-12.0,9.0,1936.0,81.0,72.0,54.0,264,2030.0,9.0,2100,2039.0,-21.0,0,0,,0.0,0.0,0.0,0.0,0.0,2015-10-14,0,0.0,0.0,0.0,0.0,0.0
2015,10,29,4,AA,2236,N4XJAA,11298,13871,1645,1648.0,3.0,12.0,1700.0,108.0,97.0,80.0,583,1820.0,5.0,1833,1825.0,-8.0,0,0,,0.0,0.0,0.0,0.0,0.0,2015-10-29,0,0.0,0.0,0.0,0.0,0.0
2015,11,11,3,AA,1247,N489AA,DFW,LBB,1840,1839.0,-1.0,14.0,1853.0,73.0,65.0,48.0,282,1941.0,3.0,1953,1944.0,-9.0,0,0,,0.0,0.0,0.0,0.0,0.0,2015-11-11,0,0.0,0.0,0.0,0.0,0.0
2015,11,9,1,WN,2179,N470WN,BWI,BOS,855,938.0,43.0,12.0,950.0,85.0,78.0,58.0,369,1048.0,8.0,1020,1056.0,36.0,0,0,,0.0,0.0,30.0,6.0,0.0,2015-11-09,1,0.0,0.0,69.77,13.95,0.0
2015,10,13,2,UA,454,N807UA,14683,12266,1326,1321.0,-5.0,15.0,1336.0,65.0,55.0,35.0,191,1411.0,5.0,1431,1416.0,-15.0,0,0,,0.0,0.0,0.0,0.0,0.0,2015-10-13,0,0.0,0.0,0.0,0.0,0.0
2015,11,1,7,EV,2781,N684JW,GPT,DFW,1419,1434.0,15.0,11.0,1445.0,113.0,96.0,78.0,500,1603.0,7.0,1612,1610.0,-2.0,0,0,,0.0,0.0,0.0,0.0,0.0,2015-11-01,0,0.0,0.0,0.0,0.0,0.0
2015,10,26,1,DL,714,N802DN,13204,10397,930,925.0,-5.0,12.0,937.0,89.0,97.0,74.0,404,1051.0,11.0,1059,1102.0,3.0,0,0,,0.0,0.0,0.0,0.0,0.0,2015-10-26,0,0.0,0.0,0.0,0.0,0.0
2015,10,18,7,OO,4464,N807SK,14869,10693,1720,1712.0,-8.0,14.0,1726.0,202.0,192.0,174.0,1404,2120.0,4.0,2142,2124.0,-18.0,0,0,,0.0,0.0,0.0,0.0,0.0,2015-10-18,0,0.0,0.0,0.0,0.0,0.0
2015,10,11,7,OO,2951,N709BR,15376,14107,1330,1315.0,-15.0,13.0,1328.0,51.0,51.0,25.0,110,1353.0,13.0,1421,1406.0,-15.0,0,0,,0.0,0.0,0.0,0.0,0.0,2015-10-11,0,0.0,0.0,0.0,0.0,0.0
2015,11,10,2,EV,4921,N847AS,SHV,ATL,1222,1213.0,-9.0,9.0,1222.0,98.0,92.0,77.0,551,1439.0,6.0,1500,1445.0,-15.0,0,0,,0.0,0.0,0.0,0.0,0.0,2015-11-10,0,0.0,0.0,0.0,0.0,0.0
2015,10,14,3,DL,453,N3757D,12478,14869,1125,1120.0,-5.0,14.0,1134.0,305.0,291.0,272.0,1990,1406.0,5.0,1430,1411.0,-19.0,0,0,,0.0,0.0,0.0,0.0,0.0,2015-10-14,0,0.0,0.0,0.0,0.0,0.0
2015,11,14,6,AA,1366,N3KRAA,LGA,MIA,1715,1713.0,-2.0,30.0,1743.0,206.0,199.0,164.0,1096,2027.0,5.0,2041,2032.0,-9.0,0,0,,0.0,0.0,0.0,0.0,0.0,2015-11-14,0,0.0,0.0,0.0,0.0,0.0
2015,11,2,1,UA,994,N73278,EWR,BOS,1929,2151.0,142.0,43.0,2234.0,77.0,90.0,43.0,200,2317.0,4.0,2046,2321.0,155.0,0,0,,13.0,0.0,138.0,4.0,0.0,2015-11-02,1,9.15,0.0,97.18,2.82,0.0
2015,10,16,5,DL,316,N675DL,14747,10397,1430,1426.0,-4.0,17.0,1443.0,285.0,273.0,249.0,2182,2152.0,7.0,2215,2159.0,-16.0,0,0,,0.0,0.0,0.0,0.0,0.0,2015-10-16,0,0.0,0.0,0.0,0.0,0.0
2015,11,12,4,WN,1300,N8318F,STL,HOU,1650,1659.0,9.0,10.0,1709.0,130.0,125.0,110.0,687,1859.0,5.0,1900,1904.0,4.0,0,0,,0.0,0.0,0.0,0.0,0.0,2015-11-12,0,0.0,0.0,0.0,0.0,0.0
2015,11,7,6,MQ,3600,N542MQ,ORD,CMH,1401,1359.0,-2.0,21.0,1420.0,83.0,72.0,48.0,296,1608.0,3.0,1624,1611.0,-13.0,0,0,,0.0,0.0,0.0,0.0,0.0,2015-11-07,0,0.0,0.0,0.0,0.0,0.0
2015,10,28,3,DL,1276,N925DL,11066,10397,1219,1212.0,-7.0,31.0,1243.0,101.0,117.0,76.0,447,1359.0,10.0,1400,1409.0,9.0,0,0,,0.0,0.0,0.0,0.0,0.0,2015-10-28,0,0.0,0.0,0.0,0.0,0.0
2015,10,11,7,DL,690,N931DN,10423,10397,1819,1813.0,-6.0,10.0,1823.0,131.0,129.0,106.0,813,2109.0,13.0,2130,2122.0,-8.0,0,0,,0.0,0.0,0.0,0.0,0.0,2015-10-11,0,0.0,0.0,0.0,0.0,0.0
2015,11,1,7,OO,5230,N764SK,ATL,DEN,1956,2014.0,18.0,12.0,2026.0,208.0,182.0,164.0,1199,2110.0,6.0,2124,2116.0,-8.0,0,0,,0.0,0.0,0.0,0.0,0.0,2015-11-01,1,0.0,0.0,0.0,0.0,0.0
2015,10,25,7,AA,2382,N351AA,12478,13303,1359,1411.0,12.0,20.0,1431.0,189.0,171.0,144.0,1089,1655.0,7.0,1708,1702.0,-6.0,0,0,,0.0,0.0,0.0,0.0,0.0,2015-10-25,0,0.0,0.0,0.0,0.0,0.0
2015,10,25,7,WN,585,N7729A,12892,15376,2225,2223.0,-2.0,9.0,2232.0,80.0,73.0,59.0,451,2331.0,5.0,2345,2336.0,-9.0,0,0,,0.0,0.0,0.0,0.0,0.0,2015-10-25,0,0.0,0.0,0.0,0.0,0.0
2015,10,27,2,AS,64,N763AS,12819,14747,1746,1743.0,-3.0,15.0,1758.0,109.0,126.0,101.0,680,2039.0,10.0,2035,2049.0,14.0,0,0,,0.0,0.0,0.0,0.0,0.0,2015-10-27,0,0.0,0.0,0.0,0.0,0.0
2015,11,1,7,B6,570,N568JB,FLL,BOS,1240,1238.0,-2.0,18.0,1256.0,185.0,176.0,154.0,1237,1530.0,4.0,1545,1534.0,-11.0,0,0,,0.0,0.0,0.0,0.0,0.0,2015-11-01,0,0.0,0.0,0.0,0.0,0.0
2015,10,13,2,WN,2645,N220WN,14869,13796,2015,2009.0,-6.0,10.0,2019.0,110.0,105.0,81.0,588,2040.0,14.0,2105,2054.0,-11.0,0,0,,0.0,0.0,0.0,0.0,0.0,2015-10-13,0,0.0,0.0,0.0,0.0,0.0
2015,10,27,2,WN,1270,N715SW,13487,14107,1725,1800.0,35.0,13.0,1813.0,200.0,199.0,178.0,1276,1911.0,8.0,1845,1919.0,34.0,0,0,,0.0,0.0,8.0,26.0,0.0,2015-10-27,1,0.0,0.0,22.86,74.29,0.0
2015,10,11,7,WN,1902,N634SW,11292,14869,1230,1302.0,32.0,10.0,1312.0,85.0,76.0,62.0,391,1414.0,4.0,1355,1418.0,23.0,0,0,,0.0,0.0,6.0,17.0,0.0,2015-10-11,1,0.0,0.0,18.75,53.12,0.0
2015,10,22,4,OO,4481,N912EV,12278,13487,1123,1115.0,-8.0,24.0,1139.0,107.0,116.0,77.0,545,1256.0,15.0,1310,1311.0,1.0,0,0,,0.0,0.0,0.0,0.0,0.0,2015-10-22,0,0.0,0.0,0.0,0.0,0.0
2015,10,30,5,WN,617,N767SW,13232,11433,1025,1018.0,-7.0,10.0,1028.0,65.0,61.0,42.0,228,1210.0,9.0,1230,1219.0,-11.0,0,0,,0.0,0.0,0.0,0.0,0.0,2015-10-30,0,0.0,0.0,0.0,0.0,0.0
2015,10,19,1,AA,2290,N3FCAA,11298,13204,1200,1158.0,-2.0,21.0,1219.0,158.0,159.0,127.0,985,1526.0,11.0,1538,1537.0,-1.0,0,0,,0.0,0.0,0.0,0.0,0.0,2015-10-19,0,0.0,0.0,0.0,0.0,0.0
2015,10,14,3,MQ,3256,N664MQ,10469,13930,614,614.0,0.0,13.0,627.0,61.0,71.0,47.0,122,614.0,11.0,615,625.0,10.0,0,0,,0.0,0.0,0.0,0.0,0.0,2015-10-14,0,0.0,0.0,0.0,0.0,0.0
2015,11,2,1,MQ,3502,N608MQ,DFW,GCK,2150,2246.0,56.0,11.0,2257.0,88.0,79.0,64.0,404,1.0,4.0,2318,5.0,47.0,0,0,,0.0,0.0,47.0,0.0,0.0,2015-11-02,1,0.0,0.0,83.93,0.0,0.0
2015,11,6,5,WN,236,N960WN,DAL,LAX,1945,1948.0,3.0,8.0,1956.0,205.0,190.0,173.0,1246,2049.0,9.0,2110,2058.0,-12.0,0,0,,0.0,0.0,0.0,0.0,0.0,2015-11-06,0,0.0,0.0,0.0,0.0,0.0
2015,11,6,5,AA,1295,N581AA,DFW,ORD,1725,1721.0,-4.0,19.0,1740.0,148.0,122.0,94.0,802,1914.0,9.0,1953,1923.0,-30.0,0,0,,0.0,0.0,0.0,0.0,0.0,2015-11-06,0,0.0,0.0,0.0,0.0,0.0
2015,10,19,1,DL,1725,N942DL,10397,14986,1136,1131.0,-5.0,14.0,1145.0,88.0,80.0,62.0,444,1247.0,4.0,1304,1251.0,-13.0,0,0,,0.0,0.0,0.0,0.0,0.0,2015-10-19,0,0.0,0.0,0.0,0.0,0.0
2015,11,13,5,AA,1330,N3CKAA,ELP,DFW,1335,1328.0,-7.0,9.0,1337.0,104.0,88.0,71.0,551,1548.0,8.0,1619,1556.0,-23.0,0,0,,0.0,0.0,0.0,0.0,0.0,2015-11-13,0,0.0,0.0,0.0,0.0,0.0
2015,10,25,7,AA,891,N161UW,14100,13930,750,749.0,-1.0,18.0,807.0,149.0,136.0,104.0,678,851.0,14.0,919,905.0,-14.0,0,0,,0.0,0.0,0.0,0.0,0.0,2015-10-25,0,0.0,0.0,0.0,0.0,0.0
2015,11,15,7,AA,2239,N3CUAA,DFW,DCA,1512,1504.0,-8.0,11.0,1515.0,168.0,158.0,140.0,1192,1835.0,7.0,1900,1842.0,-18.0,0,0,,0.0,0.0,0.0,0.0,0.0,2015-11-15,0,0.0,0.0,0.0,0.0,0.0
2015,11,14,6,AA,629,N647AW,MKE,PHX,1700,1651.0,-9.0,12.0,1703.0,235.0,211.0,193.0,1460,1916.0,6.0,1955,1922.0,-33.0,0,0,,0.0,0.0,0.0,0.0,0.0,2015-11-14,0,0.0,0.0,0.0,0.0,0.0
2015,11,8,7,HA,294,N492HA,LIH,OGG,1443,1437.0,-6.0,7.0,1444.0,47.0,48.0,34.0,201,1518.0,7.0,1530,1525.0,-5.0,0,0,,0.0,0.0,0.0,0.0,0.0,2015-11-08,0,0.0,0.0,0.0,0.0,0.0
2015,11,4,3,WN,1926,N8307K,ORF,MDW,640,643.0,3.0,10.0,653.0,135.0,115.0,98.0,704,731.0,7.0,755,738.0,-17.0,0,0,,0.0,0.0,0.0,0.0,0.0,2015-11-04,0,0.0,0.0,0.0,0.0,0.0
2015,11,19,4,B6,688,N636JB,LAX,BOS,2359,40.0,41.0,12.0,52.0,317.0,290.0,276.0,2611,828.0,2.0,816,830.0,14.0,0,0,,0.0,0.0,0.0,0.0,0.0,2015-11-19,1,0.0,0.0,0.0,0.0,0.0
2015,11,1,7,B6,432,N625JB,SRQ,LGA,1850,1847.0,-3.0,15.0,1902.0,161.0,170.0,128.0,1047,2110.0,27.0,2131,2137.0,6.0,0,0,,0.0,0.0,0.0,0.0,0.0,2015-11-01,0,0.0,0.0,0.0,0.0,0.0
2015,11,2,1,UA,395,N455UA,ORD,SAN,1555,1553.0,-2.0,16.0,1609.0,270.0,255.0,235.0,1723,1804.0,4.0,1825,1808.0,-17.0,0,0,,0.0,0.0,0.0,0.0,0.0,2015-11-02,0,0.0,0.0,0.0,0.0,0.0
2015,11,13,5,DL,1746,N926AT,PBI,LGA,1227,1244.0,17.0,17.0,1301.0,174.0,181.0,135.0,1035,1516.0,29.0,1521,1545.0,24.0,0,0,,24.0,0.0,0.0,0.0,0.0,2015-11-13,1,141.18,0.0,0.0,0.0,0.0
2015,10,23,5,OO,2870,N693BR,11638,12892,1119,1133.0,14.0,15.0,1148.0,71.0,67.0,40.0,209,1228.0,12.0,1230,1240.0,10.0,0,0,,0.0,0.0,0.0,0.0,0.0,2015-10-23,0,0.0,0.0,0.0,0.0,0.0
2015,11,16,1,WN,2343,N421LV,LGA,HOU,1225,1228.0,3.0,20.0,1248.0,255.0,220.0,195.0,1428,1503.0,5.0,1540,1508.0,-32.0,0,0,,0.0,0.0,0.0,0.0,0.0,2015-11-16,0,0.0,0.0,0.0,0.0,0.0
2015,11,17,2,WN,1350,N922WN,OAK,SAN,1645,1641.0,-4.0,8.0,1649.0,80.0,84.0,72.0,446,1801.0,4.0,1805,1805.0,0.0,0,0,,0.0,0.0,0.0,0.0,0.0,2015-11-17,0,0.0,0.0,0.0,0.0,0.0
2015,10,18,7,EV,5064,N752EV,11433,14524,1935,1933.0,-2.0,13.0,1946.0,95.0,82.0,64.0,456,2050.0,5.0,2110,2055.0,-15.0,0,0,,0.0,0.0,0.0,0.0,0.0,2015-10-18,0,0.0,0.0,0.0,0.0,0.0
2015,11,15,7,WN,4068,N220WN,DEN,IAD,1055,1054.0,-1.0,8.0,1102.0,195.0,201.0,184.0,1452,1606.0,9.0,1610,1615.0,5.0,0,0,,0.0,0.0,0.0,0.0,0.0,2015-11-15,0,0.0,0.0,0.0,0.0,0.0
2015,10,20,2,WN,583,N762SW,13232,13931,2155,2205.0,10.0,8.0,2213.0,115.0,106.0,94.0,704,47.0,4.0,50,51.0,1.0,0,0,,0.0,0.0,0.0,0.0,0.0,2015-10-20,0,0.0,0.0,0.0,0.0,0.0
2015,10,15,4,MQ,3253,N933MQ,13930,11986,841,839.0,-2.0,18.0,857.0,61.0,49.0,29.0,137,1026.0,2.0,1042,1028.0,-14.0,0,0,,0.0,0.0,0.0,0.0,0.0,2015-10-15,0,0.0,0.0,0.0,0.0,0.0
2015,11,15,7,WN,1201,N358SW,DAL,ATL,1525,1618.0,53.0,9.0,1627.0,120.0,107.0,90.0,721,1857.0,8.0,1825,1905.0,40.0,0,0,,0.0,0.0,40.0,0.0,0.0,2015-11-15,1,0.0,0.0,75.47,0.0,0.0
2015,10,24,6,DL,2459,N923DL,10397,12278,1932,1926.0,-6.0,14.0,1940.0,145.0,125.0,106.0,782,2026.0,5.0,2057,2031.0,-26.0,0,0,,0.0,0.0,0.0,0.0,0.0,2015-10-24,0,0.0,0.0,0.0,0.0,0.0
2015,10,27,2,WN,3670,N454WN,14107,12889,815,810.0,-5.0,9.0,819.0,65.0,58.0,45.0,255,904.0,4.0,920,908.0,-12.0,0,0,,0.0,0.0,0.0,0.0,0.0,2015-10-27,0,0.0,0.0,0.0,0.0,0.0
2015,10,26,1,WN,61,N742SW,12992,11259,1935,1927.0,-8.0,8.0,1935.0,65.0,57.0,46.0,296,2021.0,3.0,2040,2024.0,-16.0,0,0,,0.0,0.0,0.0,0.0,0.0,2015-10-26,0,0.0,0.0,0.0,0.0,0.0
2015,10,25,7,NK,720,N529NK,12892,12889,1530,1531.0,1.0,7.0,1538.0,64.0,56.0,43.0,236,1621.0,6.0,1634,1627.0,-7.0,0,0,,0.0,0.0,0.0,0.0,0.0,2015-10-25,0,0.0,0.0,0.0,0.0,0.0
2015,10,30,5,AA,2202,N548AA,11298,15376,1025,1027.0,2.0,16.0,1043.0,143.0,146.0,125.0,813,1048.0,5.0,1048,1053.0,5.0,0,0,,0.0,0.0,0.0,0.0,0.0,2015-10-30,0,0.0,0.0,0.0,0.0,0.0
2015,11,18,3,EV,4560,N17146,ORD,DAY,738,853.0,75.0,14.0,907.0,69.0,68.0,50.0,240,1057.0,4.0,947,1101.0,74.0,0,0,,0.0,0.0,0.0,74.0,0.0,2015-11-18,1,0.0,0.0,0.0,98.67,0.0
2015,10,29,4,DL,1292,N957DL,11278,10397,959,1010.0,11.0,20.0,1030.0,116.0,114.0,88.0,547,1158.0,6.0,1155,1204.0,9.0,0,0,,0.0,0.0,0.0,0.0,0.0,2015-10-29,0,0.0,0.0,0.0,0.0,0.0
2015,11,14,6,AA,599,N838AW,STL,PHX,1425,1423.0,-2.0,11.0,1434.0,207.0,188.0,171.0,1262,1625.0,6.0,1652,1631.0,-21.0,0,0,,0.0,0.0,0.0,0.0,0.0,2015-11-14,0,0.0,0.0,0.0,0.0,0.0
2015,10,18,7,WN,1619,N7823A,13495,11292,1900,1854.0,-6.0,6.0,1900.0,175.0,155.0,143.0,1062,2023.0,6.0,2055,2029.0,-26.0,0,0,,0.0,0.0,0.0,0.0,0.0,2015-10-18,0,0.0,0.0,0.0,0.0,0.0
2015,10,17,6,UA,1689,N33203,11292,12264,606,600.0,-6.0,13.0,613.0,200.0,182.0,162.0,1452,1055.0,7.0,1126,1102.0,-24.0,0,0,,0.0,0.0,0.0,0.0,0.0,2015-10-17,0,0.0,0.0,0.0,0.0,0.0
2015,10,26,1,OO,6412,N149SY,14771,11603,2247,2256.0,9.0,18.0,2314.0,101.0,86.0,63.0,451,17.0,5.0,28,22.0,-6.0,0,0,,0.0,0.0,0.0,0.0,0.0,2015-10-26,0,0.0,0.0,0.0,0.0,0.0
2015,11,7,6,HA,544,N487HA,HNL,OGG,1704,1705.0,1.0,14.0,1719.0,40.0,43.0,23.0,100,1742.0,6.0,1744,1748.0,4.0,0,0,,0.0,0.0,0.0,0.0,0.0,2015-11-07,0,0.0,0.0,0.0,0.0,0.0
2015,10,24,6,DL,410,N985AT,13487,12478,1412,1409.0,-3.0,9.0,1418.0,166.0,145.0,132.0,1029,1730.0,4.0,1758,1734.0,-24.0,0,0,,0.0,0.0,0.0,0.0,0.0,2015-10-24,0,0.0,0.0,0.0,0.0,0.0
2015,10,31,6,DL,977,N330NW,13930,10397,600,556.0,-4.0,12.0,608.0,116.0,108.0,87.0,606,835.0,9.0,856,844.0,-12.0,0,0,,0.0,0.0,0.0,0.0,0.0,2015-10-31,0,0.0,0.0,0.0,0.0,0.0
2015,10,14,3,WN,2267,N436WN,13871,13232,630,630.0,0.0,9.0,639.0,90.0,86.0,63.0,423,742.0,14.0,800,756.0,-4.0,0,0,,0.0,0.0,0.0,0.0,0.0,2015-10-14,0,0.0,0.0,0.0,0.0,0.0
2015,10,22,4,WN,1851,N7831B,14893,10800,830,827.0,-3.0,6.0,833.0,70.0,62.0,53.0,358,926.0,3.0,940,929.0,-11.0,0,0,,0.0,0.0,0.0,0.0,0.0,2015-10-22,0,0.0,0.0,0.0,0.0,0.0
2015,11,18,3,OO,4555,N781CA,SLC,RDM,1110,1111.0,1.0,33.0,1144.0,113.0,127.0,89.0,525,1213.0,5.0,1203,1218.0,15.0,0,0,,14.0,1.0,0.0,0.0,0.0,2015-11-18,0,1400.0,100.0,0.0,0.0,0.0
2015,10,26,1,AA,1822,N152UW,14100,14027,1005,1005.0,0.0,44.0,1049.0,171.0,177.0,128.0,951,1257.0,5.0,1256,1302.0,6.0,0,0,,0.0,0.0,0.0,0.0,0.0,2015-10-26,0,0.0,0.0,0.0,0.0,0.0
2015,10,13,2,UA,1570,N57439,14771,10721,840,841.0,1.0,17.0,858.0,351.0,322.0,301.0,2704,1659.0,4.0,1731,1703.0,-28.0,0,0,,0.0,0.0,0.0,0.0,0.0,2015-10-13,0,0.0,0.0,0.0,0.0,0.0
2015,10,26,1,WN,530,N7707C,11292,10397,1730,1756.0,26.0,12.0,1808.0,175.0,164.0,142.0,1199,2230.0,10.0,2225,2240.0,15.0,0,0,,0.0,0.0,15.0,0.0,0.0,2015-10-26,1,0.0,0.0,57.69,0.0,0.0
2015,10,25,7,AA,1735,N575UW,11057,12889,1120,1118.0,-2.0,12.0,1130.0,284.0,270.0,253.0,1916,1243.0,5.0,1304,1248.0,-16.0,0,0,,0.0,0.0,0.0,0.0,0.0,2015-10-25,0,0.0,0.0,0.0,0.0,0.0
2015,10,24,6,UA,1649,N27733,12266,14908,909,908.0,-1.0,8.0,916.0,218.0,204.0,191.0,1346,1027.0,5.0,1047,1032.0,-15.0,0,0,,0.0,0.0,0.0,0.0,0.0,2015-10-24,0,0.0,0.0,0.0,0.0,0.0
2015,11,14,6,WN,2374,N714CB,MHT,MCO,1050,1047.0,-3.0,10.0,1057.0,200.0,190.0,173.0,1142,1350.0,7.0,1410,1357.0,-13.0,0,0,,0.0,0.0,0.0,0.0,0.0,2015-11-14,0,0.0,0.0,0.0,0.0,0.0
2015,11,14,6,OO,2952,N866AS,LAX,TUS,1320,1339.0,19.0,14.0,1353.0,89.0,81.0,62.0,451,1555.0,5.0,1549,1600.0,11.0,0,0,,0.0,0.0,0.0,0.0,0.0,2015-11-14,1,0.0,0.0,0.0,0.0,0.0
2015,10,30,5,AA,681,N825AW,14027,14100,605,602.0,-3.0,10.0,612.0,155.0,158.0,145.0,951,837.0,3.0,840,840.0,0.0,0,0,,0.0,0.0,0.0,0.0,0.0,2015-10-30,0,0.0,0.0,0.0,0.0,0.0
2015,11,1,7,WN,2875,N389SW,OKC,PHX,1640,1637.0,-3.0,9.0,1646.0,150.0,134.0,117.0,833,1743.0,8.0,1810,1751.0,-19.0,0,0,,0.0,0.0,0.0,0.0,0.0,2015-11-01,0,0.0,0.0,0.0,0.0,0.0
2015,11,12,4,AA,978,N3JWAA,MSY,DFW,930,921.0,-9.0,11.0,932.0,104.0,102.0,72.0,447,1044.0,19.0,1114,1103.0,-11.0,0,0,,0.0,0.0,0.0,0.0,0.0,2015-11-12,0,0.0,0.0,0.0,0.0,0.0
2015,10,17,6,NK,854,N617NK,13930,12898,1446,1444.0,-2.0,10.0,1454.0,94.0,89.0,64.0,459,1658.0,15.0,1720,1713.0,-7.0,0,0,,0.0,0.0,0.0,0.0,0.0,2015-10-17,0,0.0,0.0,0.0,0.0,0.0
2015,10,20,2,WN,420,N730SW,10397,14107,900,858.0,-2.0,9.0,907.0,255.0,241.0,228.0,1587,955.0,4.0,1015,959.0,-16.0,0,0,,0.0,0.0,0.0,0.0,0.0,2015-10-20,0,0.0,0.0,0.0,0.0,0.0
2015,11,12,4,EV,4998,N709EV,LGA,CLT,1259,1253.0,-6.0,37.0,1330.0,131.0,139.0,95.0,544,1505.0,7.0,1510,1512.0,2.0,0,0,,0.0,0.0,0.0,0.0,0.0,2015-11-12,0,0.0,0.0,0.0,0.0,0.0
2015,11,5,4,WN,1542,N422WN,MDW,MCO,1105,1106.0,1.0,8.0,1114.0,155.0,146.0,128.0,990,1422.0,10.0,1440,1432.0,-8.0,0,0,,0.0,0.0,0.0,0.0,0.0,2015-11-05,0,0.0,0.0,0.0,0.0,0.0
2015,11,18,3,WN,2803,N700GS,PHX,AUS,1515,1545.0,30.0,7.0,1552.0,125.0,117.0,104.0,872,1836.0,6.0,1820,1842.0,22.0,0,0,,0.0,0.0,22.0,0.0,0.0,2015-11-18,1,0.0,0.0,73.33,0.0,0.0
2015,11,12,4,B6,1236,N374JB,SJU,STT,800,756.0,-4.0,6.0,802.0,32.0,30.0,18.0,68,820.0,6.0,832,826.0,-6.0,0,0,,0.0,0.0,0.0,0.0,0.0,2015-11-12,0,0.0,0.0,0.0,0.0,0.0
2015,11,10,2,EV,2851,N672AE,SPI,DFW,1411,1358.0,-13.0,8.0,1406.0,136.0,129.0,105.0,630,1551.0,16.0,1627,1607.0,-20.0,0,0,,0.0,0.0,0.0,0.0,0.0,2015-11-10,0,0.0,0.0,0.0,0.0,0.0
2015,11,15,7,B6,188,N793JB,SFO,LAS,1722,2053.0,211.0,26.0,2119.0,97.0,97.0,65.0,414,2224.0,6.0,1859,2230.0,211.0,0,0,,0.0,0.0,28.0,183.0,0.0,2015-11-15,1,0.0,0.0,13.27,86.73,0.0
2015,10,19,1,WN,2924,N7814B,13232,11278,2055,2053.0,-2.0,8.0,2101.0,105.0,90.0,78.0,601,2319.0,4.0,2340,2323.0,-17.0,0,0,,0.0,0.0,0.0,0.0,0.0,2015-10-19,0,0.0,0.0,0.0,0.0,0.0
2015,11,2,1,EV,4301,N12922,CAE,ORD,713,809.0,56.0,12.0,821.0,132.0,124.0,98.0,666,859.0,14.0,825,913.0,48.0,0,0,,48.0,0.0,0.0,0.0,0.0,2015-11-02,1,85.71,0.0,0.0,0.0,0.0
2015,10,31,6,EV,5123,N979EV,10397,15323,1351,1346.0,-5.0,9.0,1355.0,64.0,46.0,34.0,227,1429.0,3.0,1455,1432.0,-23.0,0,0,,0.0,0.0,0.0,0.0,0.0,2015-10-31,0,0.0,0.0,0.0,0.0,0.0
2015,11,9,1,AS,479,N644AS,LAX,SEA,1600,1554.0,-6.0,11.0,1605.0,160.0,159.0,132.0,954,1817.0,16.0,1840,1833.0,-7.0,0,0,,0.0,0.0,0.0,0.0,0.0,2015-11-09,0,0.0,0.0,0.0,0.0,0.0
2015,10,31,6,F9,1094,N201FR,14635,14100,2045,2111.0,26.0,15.0,2126.0,160.0,143.0,121.0,993,2327.0,7.0,2325,2334.0,9.0,0,0,,0.0,0.0,0.0,0.0,0.0,2015-10-31,1,0.0,0.0,0.0,0.0,0.0
2015,11,14,6,WN,1605,N687SW,ATL,AUS,910,908.0,-2.0,14.0,922.0,155.0,136.0,118.0,813,1020.0,4.0,1045,1024.0,-21.0,0,0,,0.0,0.0,0.0,0.0,0.0,2015-11-14,0,0.0,0.0,0.0,0.0,0.0
2015,10,15,4,NK,511,N638NK,12889,14679,1320,1326.0,6.0,12.0,1338.0,66.0,65.0,48.0,258,1426.0,5.0,1426,1431.0,5.0,0,0,,0.0,0.0,0.0,0.0,0.0,2015-10-15,0,0.0,0.0,0.0,0.0,0.0
2015,10,29,4,OO,5165,N715SK,12266,13256,716,713.0,-3.0,16.0,729.0,76.0,116.0,96.0,316,905.0,4.0,832,909.0,37.0,0,0,,37.0,0.0,0.0,0.0,0.0,2015-10-29,0,-1233.33,-0.0,-0.0,-0.0,-0.0
2015,10,17,6,WN,1760,N452WN,13495,13204,1240,1253.0,13.0,5.0,1258.0,100.0,89.0,77.0,551,1515.0,7.0,1520,1522.0,2.0,0,0,,0.0,0.0,0.0,0.0,0.0,2015-10-17,0,0.0,0.0,0.0,0.0,0.0
2015,10,21,3,DL,2147,N553NW,10397,14193,2226,2218.0,-8.0,22.0,2240.0,77.0,73.0,46.0,271,2226.0,5.0,2243,2231.0,-12.0,0,0,,0.0,0.0,0.0,0.0,0.0,2015-10-21,0,0.0,0.0,0.0,0.0,0.0
2015,10,16,5,DL,1760,N929AT,11433,11618,1356,1406.0,10.0,16.0,1422.0,101.0,97.0,72.0,488,1534.0,9.0,1537,1543.0,6.0,0,0,,0.0,0.0,0.0,0.0,0.0,2015-10-16,0,0.0,0.0,0.0,0.0,0.0
2015,11,16,1,DL,1202,N978AT,ATL,GSO,1940,1932.0,-8.0,11.0,1943.0,78.0,66.0,48.0,306,2031.0,7.0,2058,2038.0,-20.0,0,0,,0.0,0.0,0.0,0.0,0.0,2015-11-16,0,0.0,0.0,0.0,0.0,0.0
2015,11,6,5,DL,701,N927DN,ATL,MCI,820,820.0,0.0,19.0,839.0,129.0,127.0,102.0,692,921.0,6.0,929,927.0,-2.0,0,0,,0.0,0.0,0.0,0.0,0.0,2015-11-06,0,0.0,0.0,0.0,0.0,0.0
2015,10,18,7,DL,861,N801DZ,11637,13487,700,659.0,-1.0,12.0,711.0,61.0,53.0,35.0,223,746.0,6.0,801,752.0,-9.0,0,0,,0.0,0.0,0.0,0.0,0.0,2015-10-18,0,0.0,0.0,0.0,0.0,0.0
2015,10,21,3,WN,3844,N766SW,11292,11259,1345,1354.0,9.0,16.0,1410.0,110.0,113.0,93.0,651,1643.0,4.0,1635,1647.0,12.0,0,0,,0.0,0.0,0.0,0.0,0.0,2015-10-21,0,0.0,0.0,0.0,0.0,0.0
2015,10,17,6,DL,940,N3736C,10397,14869,1855,1855.0,0.0,12.0,1907.0,249.0,226.0,208.0,1590,2035.0,6.0,2104,2041.0,-23.0,0,0,,0.0,0.0,0.0,0.0,0.0,2015-10-17,0,0.0,0.0,0.0,0.0,0.0
2015,11,2,1,WN,249,N946WN,PHX,BUR,2040,2040.0,0.0,11.0,2051.0,85.0,85.0,69.0,369,2100.0,5.0,2105,2105.0,0.0,0,0,,0.0,0.0,0.0,0.0,0.0,2015-11-02,0,0.0,0.0,0.0,0.0,0.0
2015,11,5,4,AA,1159,N5FDAA,DFW,SAN,1350,1350.0,0.0,23.0,1413.0,186.0,201.0,175.0,1171,1508.0,3.0,1456,1511.0,15.0,0,0,,15.0,0.0,0.0,0.0,0.0,2015-11-05,0,inf,0.0,0.0,0.0,0.0
2015,10,14,3,DL,840,N357NB,10994,10397,1415,1413.0,-2.0,10.0,1423.0,80.0,68.0,47.0,259,1510.0,11.0,1535,1521.0,-14.0,0,0,,0.0,0.0,0.0,0.0,0.0,2015-10-14,0,0.0,0.0,0.0,0.0,0.0
2015,11,6,5,DL,1600,N988AT,ATL,CHA,1825,1823.0,-2.0,15.0,1838.0,49.0,44.0,25.0,106,1903.0,4.0,1914,1907.0,-7.0,0,0,,0.0,0.0,0.0,0.0,0.0,2015-11-06,0,0.0,0.0,0.0,0.0,0.0
2015,11,5,4,DL,1959,N393DA,DTW,TPA,840,840.0,0.0,13.0,853.0,165.0,139.0,122.0,983,1055.0,4.0,1125,1059.0,-26.0,0,0,,0.0,0.0,0.0,0.0,0.0,2015-11-05,0,0.0,0.0,0.0,0.0,0.0
2015,11,14,6,AA,1312,N3HVAA,PHX,JFK,1330,1333.0,3.0,21.0,1354.0,285.0,296.0,264.0,2153,2018.0,11.0,2015,2029.0,14.0,0,0,,0.0,0.0,0.0,0.0,0.0,2015-11-14,0,0.0,0.0,0.0,0.0,0.0
2015,10,13,2,OO,4550,N679CA,13487,12266,1347,1342.0,-5.0,19.0,1401.0,172.0,159.0,132.0,1034,1613.0,8.0,1639,1621.0,-18.0,0,0,,0.0,0.0,0.0,0.0,0.0,2015-10-13,0,0.0,0.0,0.0,0.0,0.0
2015,10,13,2,AA,1785,N762US,11057,13931,2230,2223.0,-7.0,18.0,2241.0,66.0,63.0,42.0,290,2323.0,3.0,2336,2326.0,-10.0,0,0,,0.0,0.0,0.0,0.0,0.0,2015-10-13,0,0.0,0.0,0.0,0.0,0.0
2015,11,13,5,UA,1796,N588UA,SFO,EWR,2358,8.0,10.0,18.0,26.0,320.0,332.0,300.0,2565,826.0,14.0,818,840.0,22.0,0,0,,12.0,0.0,10.0,0.0,0.0,2015-11-13,0,120.0,0.0,100.0,0.0,0.0
2015,10,18,7,MQ,3193,N506MQ,13930,15096,1835,1827.0,-8.0,20.0,1847.0,111.0,104.0,81.0,607,2108.0,3.0,2126,2111.0,-15.0,0,0,,0.0,0.0,0.0,0.0,0.0,2015-10-18,0,0.0,0.0,0.0,0.0,0.0
2015,10,12,1,DL,879,N948DL,10397,11996,1650,1648.0,-2.0,17.0,1705.0,58.0,53.0,33.0,153,1738.0,3.0,1748,1741.0,-7.0,0,0,,0.0,0.0,0.0,0.0,0.0,2015-10-12,0,0.0,0.0,0.0,0.0,0.0
2015,11,14,6,EV,4883,N604QX,DTW,RIC,1222,1214.0,-8.0,20.0,1234.0,99.0,96.0,69.0,456,1343.0,7.0,1401,1350.0,-11.0,0,0,,0.0,0.0,0.0,0.0,0.0,2015-11-14,0,0.0,0.0,0.0,0.0,0.0
2015,10,19,1,WN,2799,N916WN,11292,11618,1710,1706.0,-4.0,9.0,1715.0,225.0,208.0,191.0,1605,2226.0,8.0,2255,2234.0,-21.0,0,0,,0.0,0.0,0.0,0.0,0.0,2015-10-19,0,0.0,0.0,0.0,0.0,0.0
2015,11,6,5,UA,756,N62849,SFO,DEN,530,724.0,114.0,11.0,735.0,153.0,143.0,128.0,967,1043.0,4.0,903,1047.0,104.0,0,0,,0.0,0.0,104.0,0.0,0.0,2015-11-06,1,0.0,0.0,91.23,0.0,0.0
2015,11,11,3,WN,2902,N720WN,SJC,LAX,630,628.0,-2.0,12.0,640.0,70.0,72.0,50.0,308,730.0,10.0,740,740.0,0.0,0,0,,0.0,0.0,0.0,0.0,0.0,2015-11-11,0,0.0,0.0,0.0,0.0,0.0
2015,11,5,4,OO,4815,N781CA,SLC,FAT,1105,1113.0,8.0,16.0,1129.0,105.0,97.0,77.0,501,1146.0,4.0,1150,1150.0,0.0,0,0,,0.0,0.0,0.0,0.0,0.0,2015-11-05,0,0.0,0.0,0.0,0.0,0.0
2015,11,18,3,DL,2478,N963AT,JAN,ATL,1549,1545.0,-4.0,9.0,1554.0,88.0,105.0,83.0,341,1817.0,13.0,1817,1830.0,13.0,0,0,,0.0,0.0,0.0,0.0,0.0,2015-11-18,0,0.0,0.0,0.0,0.0,0.0
2015,11,19,4,MQ,3276,N918MQ,DFW,CVG,1210,1204.0,-6.0,17.0,1221.0,135.0,125.0,104.0,812,1505.0,4.0,1525,1509.0,-16.0,0,0,,0.0,0.0,0.0,0.0,0.0,2015-11-19,0,0.0,0.0,0.0,0.0,0.0
2015,10,18,7,OO,5177,N128SY,10423,14771,1443,1456.0,13.0,12.0,1508.0,237.0,232.0,215.0,1504,1643.0,5.0,1640,1648.0,8.0,0,0,,0.0,0.0,0.0,0.0,0.0,2015-10-18,0,0.0,0.0,0.0,0.0,0.0
2015,11,12,4,WN,3148,N8629A,LAS,RDU,950,952.0,2.0,17.0,1009.0,260.0,245.0,211.0,2026,1640.0,17.0,1710,1657.0,-13.0,0,0,,0.0,0.0,0.0,0.0,0.0,2015-11-12,0,0.0,0.0,0.0,0.0,0.0
2015,10,30,5,AA,1821,N824AW,11057,11433,1635,1628.0,-7.0,56.0,1724.0,110.0,154.0,86.0,500,1850.0,12.0,1825,1902.0,37.0,0,0,,37.0,0.0,0.0,0.0,0.0,2015-10-30,0,-528.57,-0.0,-0.0,-0.0,-0.0
2015,10,15,4,MQ,3437,N670MQ,14108,13930,1019,1010.0,-9.0,9.0,1019.0,59.0,45.0,27.0,130,1046.0,9.0,1118,1055.0,-23.0,0,0,,0.0,0.0,0.0,0.0,0.0,2015-10-15,0,0.0,0.0,0.0,0.0,0.0
2015,10,27,2,DL,1727,N121DE,12889,10397,815,814.0,-1.0,13.0,827.0,232.0,216.0,195.0,1747,1442.0,8.0,1507,1450.0,-17.0,0,0,,0.0,0.0,0.0,0.0,0.0,2015-10-27,0,0.0,0.0,0.0,0.0,0.0
2015,10,25,7,AA,2394,N3BBAA,14262,11298,1230,1233.0,3.0,11.0,1244.0,179.0,159.0,140.0,1126,1704.0,8.0,1729,1712.0,-17.0,0,0,,0.0,0.0,0.0,0.0,0.0,2015-10-25,0,0.0,0.0,0.0,0.0,0.0
2015,10,16,5,OO,4820,N432SW,14696,10397,610,605.0,-5.0,11.0,616.0,116.0,108.0,92.0,566,748.0,5.0,806,753.0,-13.0,0,0,,0.0,0.0,0.0,0.0,0.0,2015-10-16,0,0.0,0.0,0.0,0.0,0.0
2015,10,28,3,MQ,3056,N922MQ,13930,10469,2210,2204.0,-6.0,11.0,2215.0,54.0,37.0,24.0,122,2339.0,2.0,4,2341.0,-23.0,0,0,,0.0,0.0,0.0,0.0,0.0,2015-10-28,0,0.0,0.0,0.0,0.0,0.0
2015,11,1,7,AS,863,N557AS,PDX,OGG,1625,1617.0,-8.0,15.0,1632.0,380.0,374.0,353.0,2562,2025.0,6.0,2045,2031.0,-14.0,0,0,,0.0,0.0,0.0,0.0,0.0,2015-11-01,0,0.0,0.0,0.0,0.0,0.0
2015,11,15,7,EV,4679,N14558,IAH,LFT,1910,1918.0,8.0,19.0,1937.0,58.0,63.0,36.0,201,2013.0,8.0,2008,2021.0,13.0,0,0,,0.0,0.0,0.0,0.0,0.0,2015-11-15,0,0.0,0.0,0.0,0.0,0.0
2015,11,17,2,EV,5239,N868AS,ATL,ILM,1624,1637.0,13.0,18.0,1655.0,76.0,74.0,53.0,377,1748.0,3.0,1740,1751.0,11.0,0,0,,0.0,0.0,0.0,0.0,0.0,2015-11-17,0,0.0,0.0,0.0,0.0,0.0
2015,10,12,1,OO,4458,N630SK,14869,10713,1345,1342.0,-3.0,22.0,1404.0,70.0,77.0,52.0,290,1456.0,3.0,1455,1459.0,4.0,0,0,,0.0,0.0,0.0,0.0,0.0,2015-10-12,0,0.0,0.0,0.0,0.0,0.0
2015,11,10,2,WN,392,N425LV,SAN,BWI,655,651.0,-4.0,19.0,710.0,290.0,259.0,234.0,2295,1404.0,6.0,1445,1410.0,-35.0,0,0,,0.0,0.0,0.0,0.0,0.0,2015-11-10,0,0.0,0.0,0.0,0.0,0.0
2015,11,12,4,B6,735,N629JB,SFO,LGB,628,622.0,-6.0,11.0,633.0,82.0,75.0,60.0,354,733.0,4.0,750,737.0,-13.0,0,0,,0.0,0.0,0.0,0.0,0.0,2015-11-12,0,0.0,0.0,0.0,0.0,0.0
2015,11,3,2,AS,313,N760AS,SFO,SEA,645,636.0,-9.0,17.0,653.0,130.0,133.0,108.0,679,841.0,8.0,855,849.0,-6.0,0,0,,0.0,0.0,0.0,0.0,0.0,2015-11-03,0,0.0,0.0,0.0,0.0,0.0
2015,11,5,4,WN,2641,N634SW,BWI,FLL,1035,1032.0,-3.0,31.0,1103.0,160.0,159.0,123.0,925,1306.0,5.0,1315,1311.0,-4.0,0,0,,0.0,0.0,0.0,0.0,0.0,2015-11-05,0,0.0,0.0,0.0,0.0,0.0
2015,11,3,2,WN,537,N452WN,BWI,DTW,2230,2226.0,-4.0,11.0,2237.0,100.0,76.0,61.0,409,2338.0,4.0,10,2342.0,-28.0,0,0,,0.0,0.0,0.0,0.0,0.0,2015-11-03,0,0.0,0.0,0.0,0.0,0.0
2015,10,17,6,WN,3568,N248WN,11259,12953,1025,1025.0,0.0,8.0,1033.0,200.0,172.0,158.0,1381,1411.0,6.0,1445,1417.0,-28.0,0,0,,0.0,0.0,0.0,0.0,0.0,2015-10-17,0,0.0,0.0,0.0,0.0,0.0
2015,11,15,7,DL,1890,N991DL,DFW,ATL,545,539.0,-6.0,13.0,552.0,124.0,123.0,95.0,731,827.0,15.0,849,842.0,-7.0,0,0,,0.0,0.0,0.0,0.0,0.0,2015-11-15,0,0.0,0.0,0.0,0.0,0.0
2015,11,13,5,OO,5375,N874AS,LAX,SBP,2230,2223.0,-7.0,51.0,2314.0,60.0,83.0,28.0,156,2342.0,4.0,2330,2346.0,16.0,0,0,,16.0,0.0,0.0,0.0,0.0,2015-11-13,0,-228.57,-0.0,-0.0,-0.0,-0.0
2015,11,12,4,AS,408,N706AS,PDX,SJC,1110,1104.0,-6.0,11.0,1115.0,105.0,98.0,84.0,569,1239.0,3.0,1255,1242.0,-13.0,0,0,,0.0,0.0,0.0,0.0,0.0,2015-11-12,0,0.0,0.0,0.0,0.0,0.0
2015,10,27,2,MQ,3206,N664MQ,12478,11193,1455,1447.0,-8.0,28.0,1515.0,147.0,130.0,96.0,589,1651.0,6.0,1722,1657.0,-25.0,0,0,,0.0,0.0,0.0,0.0,0.0,2015-10-27,0,0.0,0.0,0.0,0.0,0.0
2015,10,16,5,UA,1578,N66825,12892,12266,915,915.0,0.0,17.0,932.0,202.0,198.0,170.0,1379,1422.0,11.0,1437,1433.0,-4.0,0,0,,0.0,0.0,0.0,0.0,0.0,2015-10-16,0,0.0,0.0,0.0,0.0,0.0
2015,10,26,1,B6,219,N216JB,12478,11057,800,757.0,-3.0,19.0,816.0,121.0,120.0,91.0,541,947.0,10.0,1001,957.0,-4.0,0,0,,0.0,0.0,0.0,0.0,0.0,2015-10-26,0,0.0,0.0,0.0,0.0,0.0
2015,10,27,2,AA,693,N749US,12266,14107,1805,1758.0,-7.0,20.0,1818.0,172.0,166.0,139.0,1009,1837.0,7.0,1857,1844.0,-13.0,0,0,,0.0,0.0,0.0,0.0,0.0,2015-10-27,0,0.0,0.0,0.0,0.0,0.0
2015,10,29,4,WN,299,N389SW,14869,11292,1315,1355.0,40.0,12.0,1407.0,80.0,77.0,59.0,391,1506.0,6.0,1435,1512.0,37.0,0,0,,0.0,0.0,19.0,18.0,0.0,2015-10-29,1,0.0,0.0,47.5,45.0,0.0
2015,11,7,6,MQ,3257,N513MQ,TUL,ORD,1224,1217.0,-7.0,11.0,1228.0,120.0,128.0,73.0,585,1341.0,44.0,1424,1425.0,1.0,0,0,,0.0,0.0,0.0,0.0,0.0,2015-11-07,0,0.0,0.0,0.0,0.0,0.0
2015,11,5,4,MQ,3637,N532MQ,SYR,ORD,735,733.0,-2.0,9.0,742.0,153.0,121.0,92.0,607,814.0,20.0,908,834.0,-34.0,0,0,,0.0,0.0,0.0,0.0,0.0,2015-11-05,0,0.0,0.0,0.0,0.0,0.0
2015,10,26,1,NK,311,N612NK,10158,13204,830,821.0,-9.0,9.0,830.0,141.0,134.0,119.0,852,1029.0,6.0,1051,1035.0,-16.0,0,0,,0.0,0.0,0.0,0.0,0.0,2015-10-26,0,0.0,0.0,0.0,0.0,0.0
2015,10,29,4,AS,803,N559AS,14831,13830,850,844.0,-6.0,11.0,855.0,320.0,303.0,275.0,2355,1030.0,17.0,1110,1047.0,-23.0,0,0,,0.0,0.0,0.0,0.0,0.0,2015-10-29,0,0.0,0.0,0.0,0.0,0.0
2015,11,18,3,WN,895,N900WN,MCI,IND,1050,1044.0,-6.0,9.0,1053.0,80.0,79.0,63.0,451,1256.0,7.0,1310,1303.0,-7.0,0,0,,0.0,0.0,0.0,0.0,0.0,2015-11-18,0,0.0,0.0,0.0,0.0,0.0
2015,10,30,5,EV,2734,N909EV,13241,14109,2046,2016.0,-30.0,8.0,2024.0,33.0,25.0,14.0,69,2038.0,3.0,2119,2041.0,-38.0,0,0,,0.0,0.0,0.0,0.0,0.0,2015-10-30,0,0.0,0.0,0.0,0.0,0.0
2015,10,18,7,WN,544,N8324A,11292,11066,1000,957.0,-3.0,13.0,1010.0,165.0,159.0,140.0,1154,1430.0,6.0,1445,1436.0,-9.0,0,0,,0.0,0.0,0.0,0.0,0.0,2015-10-18,0,0.0,0.0,0.0,0.0,0.0
2015,11,4,3,AA,408,N183UW,DCA,PHX,700,656.0,-4.0,17.0,713.0,313.0,303.0,276.0,1979,949.0,10.0,1013,959.0,-14.0,0,0,,0.0,0.0,0.0,0.0,0.0,2015-11-04,0,0.0,0.0,0.0,0.0,0.0
2015,10,27,2,EV,6021,N13132,13930,13244,1622,1645.0,23.0,10.0,1655.0,114.0,101.0,84.0,491,1819.0,7.0,1816,1826.0,10.0,0,0,,0.0,0.0,0.0,0.0,0.0,2015-10-27,1,0.0,0.0,0.0,0.0,0.0
2015,10,20,2,WN,2669,N918WN,14893,14908,625,621.0,-4.0,11.0,632.0,85.0,77.0,62.0,404,734.0,4.0,750,738.0,-12.0,0,0,,0.0,0.0,0.0,0.0,0.0,2015-10-20,0,0.0,0.0,0.0,0.0,0.0
2015,10,23,5,UA,1601,N68817,11618,14771,1515,1522.0,7.0,13.0,1535.0,375.0,364.0,344.0,2565,1819.0,7.0,1830,1826.0,-4.0,0,0,,0.0,0.0,0.0,0.0,0.0,2015-10-23,0,0.0,0.0,0.0,0.0,0.0
2015,10,15,4,WN,2746,N644SW,11292,14771,1900,1925.0,25.0,9.0,1934.0,155.0,139.0,125.0,967,2039.0,5.0,2035,2044.0,9.0,0,0,,0.0,0.0,0.0,0.0,0.0,2015-10-15,1,0.0,0.0,0.0,0.0,0.0
2015,11,19,4,OO,5617,N928SW,DEN,TUL,1000,954.0,-6.0,22.0,1016.0,98.0,94.0,64.0,541,1220.0,8.0,1238,1228.0,-10.0,0,0,,0.0,0.0,0.0,0.0,0.0,2015-11-19,0,0.0,0.0,0.0,0.0,0.0
2015,10,11,7,WN,1945,N907WN,12953,12191,1435,1500.0,25.0,19.0,1519.0,245.0,195.0,169.0,1428,1708.0,7.0,1740,1715.0,-25.0,0,0,,0.0,0.0,0.0,0.0,0.0,2015-10-11,1,0.0,0.0,0.0,0.0,0.0
2015,11,18,3,AA,56,N3HMAA,DEN,MIA,1045,1054.0,9.0,18.0,1112.0,236.0,223.0,200.0,1709,1632.0,5.0,1641,1637.0,-4.0,0,0,,0.0,0.0,0.0,0.0,0.0,2015-11-18,0,0.0,0.0,0.0,0.0,0.0
2015,11,18,3,AA,2157,N965UW,DCA,LGA,1400,1353.0,-7.0,29.0,1422.0,90.0,76.0,42.0,214,1504.0,5.0,1530,1509.0,-21.0,0,0,,0.0,0.0,0.0,0.0,0.0,2015-11-18,0,0.0,0.0,0.0,0.0,0.0
2015,10,26,1,WN,531,N556WN,10792,13204,2005,1957.0,-8.0,5.0,2002.0,160.0,145.0,135.0,1011,2217.0,5.0,2245,2222.0,-23.0,0,0,,0.0,0.0,0.0,0.0,0.0,2015-10-26,0,0.0,0.0,0.0,0.0,0.0
2015,10,14,3,WN,2726,N432WN,10397,12191,1325,1326.0,1.0,15.0,1341.0,135.0,118.0,99.0,696,1420.0,4.0,1440,1424.0,-16.0,0,0,,0.0,0.0,0.0,0.0,0.0,2015-10-14,0,0.0,0.0,0.0,0.0,0.0
2015,11,17,2,UA,447,N27477,DEN,LAX,817,812.0,-5.0,28.0,840.0,158.0,154.0,111.0,862,931.0,15.0,955,946.0,-9.0,0,0,,0.0,0.0,0.0,0.0,0.0,2015-11-17,0,0.0,0.0,0.0,0.0,0.0
2015,10,13,2,OO,4693,N8968E,10990,10397,1230,1225.0,-5.0,13.0,1238.0,99.0,96.0,76.0,457,1354.0,7.0,1409,1401.0,-8.0,0,0,,0.0,0.0,0.0,0.0,0.0,2015-10-13,0,0.0,0.0,0.0,0.0,0.0
2015,11,3,2,AA,82,N3GNAA,SFO,ORD,500,451.0,-9.0,15.0,506.0,251.0,230.0,207.0,1846,1033.0,8.0,1111,1041.0,-30.0,0,0,,0.0,0.0,0.0,0.0,0.0,2015-11-03,0,0.0,0.0,0.0,0.0,0.0
2015,10,14,3,OO,5326,N964SW,14771,13891,1703,1700.0,-3.0,22.0,1722.0,87.0,93.0,67.0,363,1829.0,4.0,1830,1833.0,3.0,0,0,,0.0,0.0,0.0,0.0,0.0,2015-10-14,0,0.0,0.0,0.0,0.0,0.0
2015,11,19,4,WN,146,N8657B,LAX,DAL,740,738.0,-2.0,10.0,748.0,175.0,164.0,149.0,1246,1217.0,5.0,1235,1222.0,-13.0,0,0,,0.0,0.0,0.0,0.0,0.0,2015-11-19,0,0.0,0.0,0.0,0.0,0.0
2015,10,29,4,UA,308,N39475,13930,13204,1920,1936.0,16.0,20.0,1956.0,160.0,151.0,123.0,1005,2259.0,8.0,2300,2307.0,7.0,0,0,,0.0,0.0,0.0,0.0,0.0,2015-10-29,1,0.0,0.0,0.0,0.0,0.0
2015,10,19,1,HA,7,N392HA,12889,12173,900,859.0,-1.0,14.0,913.0,370.0,378.0,343.0,2762,1156.0,21.0,1210,1217.0,7.0,0,0,,0.0,0.0,0.0,0.0,0.0,2015-10-19,0,0.0,0.0,0.0,0.0,0.0
2015,11,8,7,B6,1065,N247JB,BOS,RSW,1540,1529.0,-11.0,17.0,1546.0,215.0,199.0,176.0,1249,1842.0,6.0,1915,1848.0,-27.0,0,0,,0.0,0.0,0.0,0.0,0.0,2015-11-08,0,0.0,0.0,0.0,0.0,0.0
2015,10,26,1,AA,2418,N586AA,11298,12451,2015,2030.0,15.0,24.0,2054.0,145.0,141.0,108.0,918,2342.0,9.0,2340,2351.0,11.0,0,0,,0.0,0.0,0.0,0.0,0.0,2015-10-26,0,0.0,0.0,0.0,0.0,0.0
2015,10,13,2,UA,1237,N76503,11292,10713,1845,1851.0,6.0,13.0,1904.0,120.0,108.0,91.0,649,2035.0,4.0,2045,2039.0,-6.0,0,0,,0.0,0.0,0.0,0.0,0.0,2015-10-13,0,0.0,0.0,0.0,0.0,0.0
2015,10,13,2,DL,2325,N938DL,10821,10397,1345,1342.0,-3.0,15.0,1357.0,126.0,107.0,85.0,577,1522.0,7.0,1551,1529.0,-22.0,0,0,,0.0,0.0,0.0,0.0,0.0,2015-10-13,0,0.0,0.0,0.0,0.0,0.0
2015,10,31,6,WN,209,N8612K,14679,13796,1400,1549.0,109.0,7.0,1556.0,85.0,79.0,65.0,446,1701.0,7.0,1525,1708.0,103.0,0,0,,0.0,0.0,0.0,103.0,0.0,2015-10-31,1,0.0,0.0,0.0,94.5,0.0
2015,10,23,5,WN,2135,N382SW,11066,10821,1155,1204.0,9.0,7.0,1211.0,70.0,65.0,54.0,337,1305.0,4.0,1305,1309.0,4.0,0,0,,0.0,0.0,0.0,0.0,0.0,2015-10-23,0,0.0,0.0,0.0,0.0,0.0
2015,11,15,7,WN,3438,N433LV,AUS,OAK,1945,1941.0,-4.0,9.0,1950.0,240.0,231.0,217.0,1497,2127.0,5.0,2145,2132.0,-13.0,0,0,,0.0,0.0,0.0,0.0,0.0,2015-11-15,0,0.0,0.0,0.0,0.0,0.0
2015,11,1,7,WN,1152,N7711N,MKE,BOS,1120,1117.0,-3.0,9.0,1126.0,130.0,110.0,92.0,860,1358.0,9.0,1430,1407.0,-23.0,0,0,,0.0,0.0,0.0,0.0,0.0,2015-11-01,0,0.0,0.0,0.0,0.0,0.0
2015,10,28,3,AS,434,N524AS,14057,12892,1315,1309.0,-6.0,10.0,1319.0,140.0,121.0,105.0,834,1504.0,6.0,1535,1510.0,-25.0,0,0,,0.0,0.0,0.0,0.0,0.0,2015-10-28,0,0.0,0.0,0.0,0.0,0.0
2015,11,5,4,AA,333,N3FBAA,BOS,LAX,1000,1002.0,2.0,30.0,1032.0,396.0,409.0,373.0,2611,1345.0,6.0,1336,1351.0,15.0,0,0,,15.0,0.0,0.0,0.0,0.0,2015-11-05,0,750.0,0.0,0.0,0.0,0.0
2015,10,29,4,UA,1274,N479UA,14027,11618,2015,2105.0,50.0,27.0,2132.0,169.0,160.0,126.0,1023,2338.0,7.0,2304,2345.0,41.0,0,0,,1.0,0.0,0.0,40.0,0.0,2015-10-29,1,2.0,0.0,0.0,80.0,0.0
2015,10,24,6,WN,4380,N684WN,11292,11433,1715,1712.0,-3.0,16.0,1728.0,165.0,151.0,128.0,1123,2136.0,7.0,2200,2143.0,-17.0,0,0,,0.0,0.0,0.0,0.0,0.0,2015-10-24,0,0.0,0.0,0.0,0.0,0.0
2015,10,23,5,EV,4677,N21154,15370,12266,630,626.0,-4.0,28.0,654.0,96.0,134.0,98.0,429,832.0,8.0,806,840.0,34.0,0,0,,34.0,0.0,0.0,0.0,0.0,2015-10-23,0,-850.0,-0.0,-0.0,-0.0,-0.0
2015,10,13,2,EV,5243,N850AS,15249,10397,1950,1945.0,-5.0,15.0,2000.0,70.0,72.0,43.0,223,2043.0,14.0,2100,2057.0,-3.0,0,0,,0.0,0.0,0.0,0.0,0.0,2015-10-13,0,0.0,0.0,0.0,0.0,0.0
2015,10,18,7,VX,312,N854VA,12892,13204,855,853.0,-2.0,10.0,903.0,285.0,277.0,259.0,2218,1622.0,8.0,1640,1630.0,-10.0,0,0,,0.0,0.0,0.0,0.0,0.0,2015-10-18,0,0.0,0.0,0.0,0.0,0.0
2015,10,19,1,WN,1747,N723SW,12191,12339,1020,1042.0,22.0,11.0,1053.0,135.0,128.0,113.0,861,1346.0,4.0,1335,1350.0,15.0,0,0,,0.0,0.0,15.0,0.0,0.0,2015-10-19,1,0.0,0.0,68.18,0.0,0.0
2015,10,12,1,WN,3041,N8660A,14057,13232,640,640.0,0.0,10.0,650.0,240.0,237.0,214.0,1751,1224.0,13.0,1240,1237.0,-3.0,0,0,,0.0,0.0,0.0,0.0,0.0,2015-10-12,0,0.0,0.0,0.0,0.0,0.0
2015,10,21,3,DL,2265,N138DL,10397,14771,950,944.0,-6.0,19.0,1003.0,323.0,300.0,269.0,2139,1132.0,12.0,1213,1144.0,-29.0,0,0,,0.0,0.0,0.0,0.0,0.0,2015-10-21,0,0.0,0.0,0.0,0.0,0.0
2015,11,16,1,OO,3482,N219AG,PDX,SLC,1230,1255.0,25.0,14.0,1309.0,106.0,102.0,83.0,630,1532.0,5.0,1516,1537.0,21.0,0,0,,0.0,0.0,17.0,4.0,0.0,2015-11-16,1,0.0,0.0,68.0,16.0,0.0
2015,11,12,4,MQ,3269,N918MQ,ORD,CID,1349,1402.0,13.0,22.0,1424.0,69.0,66.0,40.0,196,1504.0,4.0,1458,1508.0,10.0,0,0,,0.0,0.0,0.0,0.0,0.0,2015-11-12,0,0.0,0.0,0.0,0.0,0.0
2015,10,31,6,DL,2026,N914DE,10397,11697,1000,958.0,-2.0,19.0,1017.0,114.0,102.0,81.0,581,1138.0,2.0,1154,1140.0,-14.0,0,0,,0.0,0.0,0.0,0.0,0.0,2015-10-31,0,0.0,0.0,0.0,0.0,0.0
2015,10,13,2,WN,2515,N7743B,13891,13796,1950,1944.0,-6.0,6.0,1950.0,70.0,70.0,48.0,362,2038.0,16.0,2100,2054.0,-6.0,0,0,,0.0,0.0,0.0,0.0,0.0,2015-10-13,0,0.0,0.0,0.0,0.0,0.0
2015,10,21,3,EV,4931,N920EV,10397,10990,1449,1442.0,-7.0,11.0,1453.0,87.0,85.0,71.0,457,1604.0,3.0,1616,1607.0,-9.0,0,0,,0.0,0.0,0.0,0.0,0.0,2015-10-21,0,0.0,0.0,0.0,0.0,0.0
2015,11,16,1,AA,1154,N880AA,MCO,LAX,700,656.0,-4.0,13.0,709.0,338.0,343.0,310.0,2218,919.0,20.0,938,939.0,1.0,0,0,,0.0,0.0,0.0,0.0,0.0,2015-11-16,0,0.0,0.0,0.0,0.0,0.0
2015,11,10,2,WN,2335,N783SW,MDW,BUF,900,853.0,-7.0,22.0,915.0,90.0,94.0,69.0,468,1124.0,3.0,1130,1127.0,-3.0,0,0,,0.0,0.0,0.0,0.0,0.0,2015-11-10,0,0.0,0.0,0.0,0.0,0.0
2015,10,28,3,EV,4371,N16999,12217,12266,603,553.0,-10.0,24.0,617.0,124.0,133.0,101.0,595,758.0,8.0,807,806.0,-1.0,0,0,,0.0,0.0,0.0,0.0,0.0,2015-10-28,0,0.0,0.0,0.0,0.0,0.0
2015,11,2,1,WN,164,N8317M,ONT,DEN,550,549.0,-1.0,9.0,558.0,140.0,109.0,95.0,819,833.0,5.0,910,838.0,-32.0,0,0,,0.0,0.0,0.0,0.0,0.0,2015-11-02,0,0.0,0.0,0.0,0.0,0.0
2015,11,15,7,MQ,3198,N640MQ,FAR,DFW,645,635.0,-10.0,23.0,658.0,183.0,174.0,143.0,968,921.0,8.0,948,929.0,-19.0,0,0,,0.0,0.0,0.0,0.0,0.0,2015-11-15,0,0.0,0.0,0.0,0.0,0.0
2015,11,16,1,WN,933,N268WN,BOS,BWI,1400,1409.0,9.0,12.0,1421.0,95.0,83.0,63.0,369,1524.0,8.0,1535,1532.0,-3.0,0,0,,0.0,0.0,0.0,0.0,0.0,2015-11-16,0,0.0,0.0,0.0,0.0,0.0
2015,11,6,5,DL,2183,N972AT,ATL,ORD,854,852.0,-2.0,14.0,906.0,124.0,111.0,87.0,606,933.0,10.0,958,943.0,-15.0,0,0,,0.0,0.0,0.0,0.0,0.0,2015-11-06,0,0.0,0.0,0.0,0.0,0.0
2015,11,11,3,AS,150,N519AS,ANC,LAX,2350,2346.0,-4.0,22.0,8.0,321.0,308.0,280.0,2345,548.0,6.0,611,554.0,-17.0,0,0,,0.0,0.0,0.0,0.0,0.0,2015-11-11,0,0.0,0.0,0.0,0.0,0.0
2015,11,15,7,UA,1562,N13227,ANC,ORD,2000,2003.0,3.0,23.0,2026.0,364.0,368.0,336.0,2846,502.0,9.0,504,511.0,7.0,0,0,,0.0,0.0,0.0,0.0,0.0,2015-11-15,0,0.0,0.0,0.0,0.0,0.0
2015,11,6,5,AA,157,N4XYAA,OKC,DFW,640,636.0,-4.0,9.0,645.0,69.0,51.0,35.0,175,720.0,7.0,749,727.0,-22.0,0,0,,0.0,0.0,0.0,0.0,0.0,2015-11-06,0,0.0,0.0,0.0,0.0,0.0
2015,10,12,1,DL,1389,N582NW,12889,11433,1432,1428.0,-4.0,23.0,1451.0,236.0,229.0,201.0,1749,2112.0,5.0,2128,2117.0,-11.0,0,0,,0.0,0.0,0.0,0.0,0.0,2015-10-12,0,0.0,0.0,0.0,0.0,0.0
2015,10,26,1,MQ,3507,N644MQ,13930,14576,1505,1500.0,-5.0,16.0,1516.0,106.0,88.0,68.0,528,1724.0,4.0,1751,1728.0,-23.0,0,0,,0.0,0.0,0.0,0.0,0.0,2015-10-26,0,0.0,0.0,0.0,0.0,0.0
2015,10,15,4,EV,2749,N678AE,14193,11298,1904,1859.0,-5.0,16.0,1915.0,131.0,126.0,100.0,604,2055.0,10.0,2115,2105.0,-10.0,0,0,,0.0,0.0,0.0,0.0,0.0,2015-10-15,0,0.0,0.0,0.0,0.0,0.0
2015,10,29,4,B6,417,N368JB,10721,12478,1439,1435.0,-4.0,12.0,1447.0,80.0,65.0,47.0,187,1534.0,6.0,1559,1540.0,-19.0,0,0,,0.0,0.0,0.0,0.0,0.0,2015-10-29,0,0.0,0.0,0.0,0.0,0.0
2015,11,6,5,DL,966,N826DN,SLC,PHX,1140,1140.0,0.0,12.0,1152.0,93.0,82.0,67.0,507,1259.0,3.0,1313,1302.0,-11.0,0,0,,0.0,0.0,0.0,0.0,0.0,2015-11-06,0,0.0,0.0,0.0,0.0,0.0
2015,10,24,6,WN,302,N8321D,13232,13296,2050,2048.0,-2.0,9.0,2057.0,125.0,102.0,89.0,838,2326.0,4.0,2355,2330.0,-25.0,0,0,,0.0,0.0,0.0,0.0,0.0,2015-10-24,0,0.0,0.0,0.0,0.0,0.0
2015,10,11,7,UA,1581,N12238,11292,11042,1001,1003.0,2.0,18.0,1021.0,180.0,168.0,143.0,1201,1444.0,7.0,1501,1451.0,-10.0,0,0,,0.0,0.0,0.0,0.0,0.0,2015-10-11,0,0.0,0.0,0.0,0.0,0.0
2015,10,20,2,DL,1541,N927AT,11995,10397,1010,1007.0,-3.0,10.0,1017.0,80.0,69.0,52.0,306,1109.0,7.0,1130,1116.0,-14.0,0,0,,0.0,0.0,0.0,0.0,0.0,2015-10-20,0,0.0,0.0,0.0,0.0,0.0
2015,11,3,2,UA,244,N835UA,ORD,LGA,1500,1606.0,66.0,26.0,1632.0,132.0,127.0,97.0,733,1909.0,4.0,1812,1913.0,61.0,0,0,,0.0,0.0,61.0,0.0,0.0,2015-11-03,1,0.0,0.0,92.42,0.0,0.0
2015,11,11,3,AA,439,N755US,PHX,SMF,815,810.0,-5.0,16.0,826.0,124.0,119.0,100.0,647,906.0,3.0,919,909.0,-10.0,0,0,,0.0,0.0,0.0,0.0,0.0,2015-11-11,0,0.0,0.0,0.0,0.0,0.0
2015,11,16,1,UA,381,N449UA,DEN,OMA,2005,2003.0,-2.0,46.0,2049.0,83.0,145.0,95.0,472,2324.0,4.0,2228,2328.0,60.0,0,0,,60.0,0.0,0.0,0.0,0.0,2015-11-16,0,-3000.0,-0.0,-0.0,-0.0,-0.0
2015,11,10,2,OO,5366,N941SW,JMS,DEN,630,618.0,-12.0,14.0,632.0,112.0,116.0,94.0,573,706.0,8.0,722,714.0,-8.0,0,0,,0.0,0.0,0.0,0.0,0.0,2015-11-10,0,0.0,0.0,0.0,0.0,0.0
2015,11,1,7,AA,12,N787AA,SFO,JFK,1113,1128.0,15.0,13.0,1141.0,347.0,307.0,277.0,2586,1918.0,17.0,2000,1935.0,-25.0,0,0,,0.0,0.0,0.0,0.0,0.0,2015-11-01,0,0.0,0.0,0.0,0.0,0.0
2015,10,14,3,MQ,3617,N643MQ,13244,13930,921,919.0,-2.0,13.0,932.0,114.0,104.0,85.0,491,1057.0,6.0,1115,1103.0,-12.0,0,0,,0.0,0.0,0.0,0.0,0.0,2015-10-14,0,0.0,0.0,0.0,0.0,0.0
2015,11,11,3,AA,679,N974UY,BWI,CLT,840,833.0,-7.0,24.0,857.0,101.0,99.0,66.0,361,1003.0,9.0,1021,1012.0,-9.0,0,0,,0.0,0.0,0.0,0.0,0.0,2015-11-11,0,0.0,0.0,0.0,0.0,0.0
2015,10,25,7,UA,1620,N407UA,13930,12953,950,947.0,-3.0,13.0,1000.0,129.0,114.0,97.0,733,1237.0,4.0,1259,1241.0,-18.0,0,0,,0.0,0.0,0.0,0.0,0.0,2015-10-25,0,0.0,0.0,0.0,0.0,0.0
2015,11,12,4,NK,364,N519NK,DFW,MSY,1227,1231.0,4.0,21.0,1252.0,82.0,86.0,60.0,447,1352.0,5.0,1349,1357.0,8.0,0,0,,0.0,0.0,0.0,0.0,0.0,2015-11-12,0,0.0,0.0,0.0,0.0,0.0
2015,11,3,2,AA,1261,N020AA,AUS,LAX,1745,1811.0,26.0,17.0,1828.0,197.0,213.0,189.0,1242,1937.0,7.0,1902,1944.0,42.0,0,0,,17.0,0.0,0.0,25.0,0.0,2015-11-03,1,65.38,0.0,0.0,96.15,0.0
2015,10,19,1,AA,781,N544UW,14100,12892,1350,1347.0,-3.0,12.0,1359.0,352.0,352.0,312.0,2402,1611.0,28.0,1642,1639.0,-3.0,0,0,,0.0,0.0,0.0,0.0,0.0,2015-10-19,0,0.0,0.0,0.0,0.0,0.0
2015,11,12,4,EV,5590,N712EV,DTW,ELM,1531,1529.0,-2.0,19.0,1548.0,72.0,73.0,50.0,332,1638.0,4.0,1643,1642.0,-1.0,0,0,,0.0,0.0,0.0,0.0,0.0,2015-11-12,0,0.0,0.0,0.0,0.0,0.0
2015,11,16,1,WN,2545,N397SW,SMF,ONT,535,530.0,-5.0,12.0,542.0,75.0,69.0,53.0,390,635.0,4.0,650,639.0,-11.0,0,0,,0.0,0.0,0.0,0.0,0.0,2015-11-16,0,0.0,0.0,0.0,0.0,0.0
2015,11,19,4,AS,569,N788AS,LAX,PDX,700,656.0,-4.0,19.0,715.0,149.0,152.0,128.0,834,923.0,5.0,929,928.0,-1.0,0,0,,0.0,0.0,0.0,0.0,0.0,2015-11-19,0,0.0,0.0,0.0,0.0,0.0
2015,10,13,2,UA,1445,N62889,11292,10423,2010,2004.0,-6.0,10.0,2014.0,127.0,115.0,99.0,775,2253.0,6.0,2317,2259.0,-18.0,0,0,,0.0,0.0,0.0,0.0,0.0,2015-10-13,0,0.0,0.0,0.0,0.0,0.0
2015,10,19,1,EV,6167,N17146,11203,13930,1540,1538.0,-2.0,13.0,1551.0,68.0,69.0,43.0,213,1634.0,13.0,1648,1647.0,-1.0,0,0,,0.0,0.0,0.0,0.0,0.0,2015-10-19,0,0.0,0.0,0.0,0.0,0.0
2015,11,10,2,EV,5609,N748EV,RIC,DTW,600,619.0,19.0,15.0,634.0,111.0,100.0,76.0,456,750.0,9.0,751,759.0,8.0,0,0,,0.0,0.0,0.0,0.0,0.0,2015-11-10,1,0.0,0.0,0.0,0.0,0.0
2015,10,21,3,AA,464,N153UW,14107,11298,2145,2138.0,-7.0,19.0,2157.0,138.0,136.0,112.0,868,149.0,5.0,203,154.0,-9.0,0,0,,0.0,0.0,0.0,0.0,0.0,2015-10-21,0,0.0,0.0,0.0,0.0,0.0
2015,10,29,4,AA,1978,N103US,14635,11057,625,623.0,-2.0,13.0,636.0,114.0,117.0,93.0,600,809.0,11.0,819,820.0,1.0,0,0,,0.0,0.0,0.0,0.0,0.0,2015-10-29,0,0.0,0.0,0.0,0.0,0.0
2015,10,11,7,MQ,3506,N521MQ,13930,10693,2145,2220.0,35.0,15.0,2235.0,96.0,76.0,55.0,409,2330.0,6.0,2321,2336.0,15.0,0,0,,0.0,0.0,0.0,15.0,0.0,2015-10-11,1,0.0,0.0,0.0,42.86,0.0
2015,10,30,5,WN,4246,N222WN,13796,10800,2050,2049.0,-1.0,8.0,2057.0,65.0,59.0,49.0,325,2146.0,2.0,2155,2148.0,-7.0,0,0,,0.0,0.0,0.0,0.0,0.0,2015-10-30,0,0.0,0.0,0.0,0.0,0.0
2015,11,11,3,AA,2023,N187US,PHX,LAX,1450,1445.0,-5.0,20.0,1505.0,93.0,82.0,57.0,370,1502.0,5.0,1523,1507.0,-16.0,0,0,,0.0,0.0,0.0,0.0,0.0,2015-11-11,0,0.0,0.0,0.0,0.0,0.0
2015,11,6,5,B6,2006,N521JB,FLL,EWR,614,609.0,-5.0,12.0,621.0,170.0,159.0,143.0,1065,844.0,4.0,904,848.0,-16.0,0,0,,0.0,0.0,0.0,0.0,0.0,2015-11-06,0,0.0,0.0,0.0,0.0,0.0
2015,11,14,6,OO,5188,N128SY,SFO,DFW,1635,1629.0,-6.0,13.0,1642.0,219.0,197.0,179.0,1464,2141.0,5.0,2214,2146.0,-28.0,0,0,,0.0,0.0,0.0,0.0,0.0,2015-11-14,0,0.0,0.0,0.0,0.0,0.0
2015,10,27,2,HA,334,N478HA,12173,13830,1522,1539.0,17.0,9.0,1548.0,40.0,37.0,22.0,100,1610.0,6.0,1602,1616.0,14.0,0,0,,0.0,0.0,0.0,0.0,0.0,2015-10-27,1,0.0,0.0,0.0,0.0,0.0
2015,11,5,4,EV,5807,N14173,CMH,EWR,2011,2025.0,14.0,17.0,2042.0,108.0,118.0,73.0,463,2155.0,28.0,2159,2223.0,24.0,0,0,,23.0,0.0,1.0,0.0,0.0,2015-11-05,0,164.29,0.0,7.14,0.0,0.0
2015,11,9,1,DL,1828,N919DL,ATL,SAV,835,833.0,-2.0,16.0,849.0,59.0,58.0,36.0,214,925.0,6.0,934,931.0,-3.0,0,0,,0.0,0.0,0.0,0.0,0.0,2015-11-09,0,0.0,0.0,0.0,0.0,0.0
2015,11,2,1,AS,668,N520AS,SEA,DEN,1130,1124.0,-6.0,26.0,1150.0,150.0,156.0,123.0,1024,1453.0,7.0,1500,1500.0,0.0,0,0,,0.0,0.0,0.0,0.0,0.0,2015-11-02,0,0.0,0.0,0.0,0.0,0.0
2015,10,15,4,DL,2231,N370NB,12953,11433,1640,1630.0,-10.0,33.0,1703.0,134.0,129.0,91.0,502,1834.0,5.0,1854,1839.0,-15.0,0,0,,0.0,0.0,0.0,0.0,0.0,2015-10-15,0,0.0,0.0,0.0,0.0,0.0
2015,10,21,3,AA,2251,N3FXAA,10721,11298,1120,1113.0,-7.0,17.0,1130.0,257.0,246.0,205.0,1562,1355.0,24.0,1437,1419.0,-18.0,0,0,,0.0,0.0,0.0,0.0,0.0,2015-10-21,0,0.0,0.0,0.0,0.0,0.0
2015,10,12,1,WN,1079,N470WN,10821,14321,2210,2207.0,-3.0,10.0,2217.0,85.0,74.0,60.0,452,2317.0,4.0,2335,2321.0,-14.0,0,0,,0.0,0.0,0.0,0.0,0.0,2015-10-12,0,0.0,0.0,0.0,0.0,0.0
2015,10,23,5,DL,549,N811DZ,10397,14843,1755,1754.0,-1.0,20.0,1814.0,219.0,199.0,175.0,1547,2109.0,4.0,2134,2113.0,-21.0,0,0,,0.0,0.0,0.0,0.0,0.0,2015-10-23,0,0.0,0.0,0.0,0.0,0.0
2015,10,20,2,AA,103,N477AA,14831,11298,1330,1324.0,-6.0,16.0,1340.0,215.0,216.0,183.0,1438,1843.0,17.0,1905,1900.0,-5.0,0,0,,0.0,0.0,0.0,0.0,0.0,2015-10-20,0,0.0,0.0,0.0,0.0,0.0
2015,11,9,1,AA,361,N3BGAA,DFW,DEN,2155,2156.0,1.0,22.0,2218.0,125.0,129.0,97.0,641,2255.0,10.0,2300,2305.0,5.0,0,0,,0.0,0.0,0.0,0.0,0.0,2015-11-09,0,0.0,0.0,0.0,0.0,0.0
2015,11,14,6,AA,5,N555AA,OKC,DFW,740,735.0,-5.0,9.0,744.0,68.0,54.0,33.0,175,817.0,12.0,848,829.0,-19.0,0,0,,0.0,0.0,0.0,0.0,0.0,2015-11-14,0,0.0,0.0,0.0,0.0,0.0
2015,11,10,2,AS,540,N529AS,PDX,SNA,640,634.0,-6.0,29.0,703.0,140.0,144.0,110.0,859,853.0,5.0,900,858.0,-2.0,0,0,,0.0,0.0,0.0,0.0,0.0,2015-11-10,0,0.0,0.0,0.0,0.0,0.0
2015,11,13,5,DL,1569,N366NB,MSP,GRR,1505,1503.0,-2.0,9.0,1512.0,82.0,70.0,57.0,408,1709.0,4.0,1727,1713.0,-14.0,0,0,,0.0,0.0,0.0,0.0,0.0,2015-11-13,0,0.0,0.0,0.0,0.0,0.0
2015,10,28,3,DL,2279,N920DN,13487,14831,1742,1756.0,14.0,28.0,1824.0,240.0,243.0,211.0,1576,1955.0,4.0,1942,1959.0,17.0,0,0,,3.0,0.0,14.0,0.0,0.0,2015-10-28,0,21.43,0.0,100.0,0.0,0.0
2015,11,6,5,WN,1408,N932WN,MCI,ATL,550,547.0,-3.0,7.0,554.0,120.0,114.0,94.0,692,828.0,13.0,850,841.0,-9.0,0,0,,0.0,0.0,0.0,0.0,0.0,2015-11-06,0,0.0,0.0,0.0,0.0,0.0
2015,10,13,2,F9,1490,N934FR,10397,12264,1455,1448.0,-7.0,35.0,1523.0,110.0,117.0,76.0,534,1639.0,6.0,1645,1645.0,0.0,0,0,,0.0,0.0,0.0,0.0,0.0,2015-10-13,0,0.0,0.0,0.0,0.0,0.0
2015,11,15,7,HA,12,N391HA,HNL,SFO,1350,1350.0,0.0,15.0,1405.0,305.0,321.0,291.0,2398,2056.0,15.0,2055,2111.0,16.0,0,0,,0.0,0.0,16.0,0.0,0.0,2015-11-15,0,0.0,0.0,inf,0.0,0.0
2015,11,11,3,OO,5282,N150SY,DAY,ORD,1815,1818.0,3.0,26.0,1844.0,75.0,92.0,49.0,240,1833.0,17.0,1830,1850.0,20.0,0,0,,17.0,0.0,0.0,3.0,0.0,2015-11-11,0,566.67,0.0,0.0,100.0,0.0
2015,11,17,2,UA,535,N510UA,SFO,EWR,1131,1130.0,-1.0,24.0,1154.0,322.0,344.0,313.0,2565,2007.0,7.0,1953,2014.0,21.0,0,0,,21.0,0.0,0.0,0.0,0.0,2015-11-17,0,-2100.0,-0.0,-0.0,-0.0,-0.0
2015,10,15,4,AA,2030,N951UW,14100,14122,1340,1440.0,60.0,13.0,1453.0,70.0,66.0,49.0,268,1542.0,4.0,1450,1546.0,56.0,0,0,,0.0,0.0,56.0,0.0,0.0,2015-10-15,1,0.0,0.0,93.33,0.0,0.0
2015,11,7,6,UA,1759,N76503,SNA,SFO,1351,1352.0,1.0,11.0,1403.0,88.0,75.0,57.0,372,1500.0,7.0,1519,1507.0,-12.0,0,0,,0.0,0.0,0.0,0.0,0.0,2015-11-07,0,0.0,0.0,0.0,0.0,0.0
2015,11,1,7,B6,1888,N316JB,MCO,ORH,1344,1341.0,-3.0,11.0,1352.0,158.0,147.0,132.0,1091,1604.0,4.0,1622,1608.0,-14.0,0,0,,0.0,0.0,0.0,0.0,0.0,2015-11-01,0,0.0,0.0,0.0,0.0,0.0
2015,10,12,1,AA,407,N570UW,11057,14100,725,723.0,-2.0,15.0,738.0,95.0,92.0,72.0,449,850.0,5.0,900,855.0,-5.0,0,0,,0.0,0.0,0.0,0.0,0.0,2015-10-12,0,0.0,0.0,0.0,0.0,0.0
2015,11,8,7,DL,53,N824DN,MSP,DTW,1546,1555.0,9.0,9.0,1604.0,99.0,88.0,72.0,528,1816.0,7.0,1825,1823.0,-2.0,0,0,,0.0,0.0,0.0,0.0,0.0,2015-11-08,0,0.0,0.0,0.0,0.0,0.0
2015,10,17,6,AA,1854,N534UW,14107,11057,1445,1454.0,9.0,15.0,1509.0,237.0,226.0,205.0,1773,2134.0,6.0,2142,2140.0,-2.0,0,0,,0.0,0.0,0.0,0.0,0.0,2015-10-17,0,0.0,0.0,0.0,0.0,0.0
2015,11,7,6,OO,3449,N216AG,FAT,PDX,1012,1007.0,-5.0,14.0,1021.0,118.0,101.0,83.0,626,1144.0,4.0,1210,1148.0,-22.0,0,0,,0.0,0.0,0.0,0.0,0.0,2015-11-07,0,0.0,0.0,0.0,0.0,0.0
2015,11,2,1,DL,2234,N391DA,SLC,MCI,2005,2006.0,1.0,15.0,2021.0,142.0,131.0,111.0,920,2312.0,5.0,2327,2317.0,-10.0,0,0,,0.0,0.0,0.0,0.0,0.0,2015-11-02,0,0.0,0.0,0.0,0.0,0.0
2015,11,9,1,AS,821,N508AS,PDX,LIH,1020,1017.0,-3.0,13.0,1030.0,383.0,341.0,323.0,2631,1353.0,5.0,1443,1358.0,-45.0,0,0,,0.0,0.0,0.0,0.0,0.0,2015-11-09,0,0.0,0.0,0.0,0.0,0.0
2015,10,11,7,AA,1464,N4XJAA,11298,15370,1959,1953.0,-6.0,14.0,2007.0,66.0,59.0,42.0,237,2049.0,3.0,2105,2052.0,-13.0,0,0,,0.0,0.0,0.0,0.0,0.0,2015-10-11,0,0.0,0.0,0.0,0.0,0.0
2015,10,20,2,WN,1932,N431WN,15016,12892,1305,1305.0,0.0,10.0,1315.0,245.0,226.0,207.0,1592,1442.0,9.0,1510,1451.0,-19.0,0,0,,0.0,0.0,0.0,0.0,0.0,2015-10-20,0,0.0,0.0,0.0,0.0,0.0
2015,11,1,7,EV,4145,N28529,IAH,LRD,2115,2124.0,9.0,18.0,2142.0,75.0,73.0,50.0,301,2232.0,5.0,2230,2237.0,7.0,0,0,,0.0,0.0,0.0,0.0,0.0,2015-11-01,0,0.0,0.0,0.0,0.0,0.0
2015,11,2,1,UA,518,N38257,ROC,ORD,1720,1710.0,-10.0,9.0,1719.0,122.0,113.0,89.0,528,1748.0,15.0,1822,1803.0,-19.0,0,0,,0.0,0.0,0.0,0.0,0.0,2015-11-02,0,0.0,0.0,0.0,0.0,0.0
2015,10,29,4,EV,4742,N14907,13930,11193,1748,1744.0,-4.0,46.0,1830.0,74.0,93.0,41.0,264,2011.0,6.0,2002,2017.0,15.0,0,0,,15.0,0.0,0.0,0.0,0.0,2015-10-29,0,-375.0,-0.0,-0.0,-0.0,-0.0
2015,11,4,3,DL,1259,N984DL,ATL,OKC,2100,2059.0,-1.0,28.0,2127.0,147.0,138.0,107.0,761,2214.0,3.0,2227,2217.0,-10.0,0,0,,0.0,0.0,0.0,0.0,0.0,2015-11-04,0,0.0,0.0,0.0,0.0,0.0
2015,11,9,1,EV,4391,N16546,IAH,CRP,1738,1729.0,-9.0,10.0,1739.0,64.0,56.0,41.0,201,1820.0,5.0,1842,1825.0,-17.0,0,0,,0.0,0.0,0.0,0.0,0.0,2015-11-09,0,0.0,0.0,0.0,0.0,0.0
2015,10,28,3,UA,1515,N62849,12264,14107,1742,1740.0,-2.0,21.0,1801.0,309.0,307.0,279.0,1956,1940.0,7.0,1951,1947.0,-4.0,0,0,,0.0,0.0,0.0,0.0,0.0,2015-10-28,0,0.0,0.0,0.0,0.0,0.0
2015,11,18,3,EV,4155,N12921,IAH,JAN,1445,1441.0,-4.0,10.0,1451.0,79.0,69.0,54.0,351,1545.0,5.0,1604,1550.0,-14.0,0,0,,0.0,0.0,0.0,0.0,0.0,2015-11-18,0,0.0,0.0,0.0,0.0,0.0
2015,10,27,2,WN,1543,N8644C,13232,14679,825,824.0,-1.0,20.0,844.0,270.0,256.0,231.0,1728,1035.0,5.0,1055,1040.0,-15.0,0,0,,0.0,0.0,0.0,0.0,0.0,2015-10-27,0,0.0,0.0,0.0,0.0,0.0
2015,11,1,7,WN,4668,N8634A,JAX,BWI,645,641.0,-4.0,11.0,652.0,125.0,100.0,82.0,663,814.0,7.0,850,821.0,-29.0,0,0,,0.0,0.0,0.0,0.0,0.0,2015-11-01,0,0.0,0.0,0.0,0.0,0.0
2015,10,23,5,WN,501,N8665D,10693,15016,750,747.0,-3.0,9.0,756.0,80.0,58.0,46.0,272,842.0,3.0,910,845.0,-25.0,0,0,,0.0,0.0,0.0,0.0,0.0,2015-10-23,0,0.0,0.0,0.0,0.0,0.0
2015,11,12,4,MQ,3066,N906MQ,ORD,CMI,2019,2015.0,-4.0,21.0,2036.0,56.0,52.0,26.0,135,2102.0,5.0,2115,2107.0,-8.0,0,0,,0.0,0.0,0.0,0.0,0.0,2015-11-12,0,0.0,0.0,0.0,0.0,0.0
2015,10,29,4,DL,1791,N927DA,10994,10397,1700,1702.0,2.0,10.0,1712.0,82.0,67.0,47.0,259,1759.0,10.0,1822,1809.0,-13.0,0,0,,0.0,0.0,0.0,0.0,0.0,2015-10-29,0,0.0,0.0,0.0,0.0,0.0
2015,10,16,5,OO,4464,N548CA,14869,10693,1720,1714.0,-6.0,26.0,1740.0,202.0,197.0,164.0,1404,2124.0,7.0,2142,2131.0,-11.0,0,0,,0.0,0.0,0.0,0.0,0.0,2015-10-16,0,0.0,0.0,0.0,0.0,0.0
2015,10,16,5,UA,670,N493UA,13930,10721,2055,2349.0,174.0,10.0,2359.0,144.0,121.0,96.0,867,235.0,15.0,19,250.0,151.0,0,0,,0.0,0.0,93.0,58.0,0.0,2015-10-16,1,0.0,0.0,53.45,33.33,0.0
2015,11,14,6,HA,226,N479HA,HNL,OGG,1450,1450.0,0.0,12.0,1502.0,43.0,40.0,23.0,100,1525.0,5.0,1533,1530.0,-3.0,0,0,,0.0,0.0,0.0,0.0,0.0,2015-11-14,0,0.0,0.0,0.0,0.0,0.0
2015,11,6,5,WN,2196,N225WN,BUR,LAS,1845,1854.0,9.0,13.0,1907.0,60.0,62.0,38.0,223,1945.0,11.0,1945,1956.0,11.0,0,0,,0.0,0.0,0.0,0.0,0.0,2015-11-06,0,0.0,0.0,0.0,0.0,0.0
2015,10,22,4,WN,929,N645SW,10599,13204,1055,1054.0,-1.0,12.0,1106.0,90.0,83.0,66.0,479,1312.0,5.0,1325,1317.0,-8.0,0,0,,0.0,0.0,0.0,0.0,0.0,2015-10-22,0,0.0,0.0,0.0,0.0,0.0
2015,10,27,2,MQ,3620,N907MQ,13930,11193,929,927.0,-2.0,14.0,941.0,88.0,63.0,45.0,264,1126.0,4.0,1157,1130.0,-27.0,0,0,,0.0,0.0,0.0,0.0,0.0,2015-10-27,0,0.0,0.0,0.0,0.0,0.0
2015,11,3,2,AA,1146,N3FYAA,LGA,DFW,1630,1624.0,-6.0,20.0,1644.0,249.0,231.0,189.0,1389,1853.0,22.0,1939,1915.0,-24.0,0,0,,0.0,0.0,0.0,0.0,0.0,2015-11-03,0,0.0,0.0,0.0,0.0,0.0
2015,10,26,1,AA,621,N540UW,11697,14107,700,717.0,17.0,11.0,728.0,309.0,290.0,268.0,1972,856.0,11.0,909,907.0,-2.0,0,0,,0.0,0.0,0.0,0.0,0.0,2015-10-26,1,0.0,0.0,0.0,0.0,0.0
2015,11,9,1,DL,1383,N340NB,ATL,PIT,1725,1745.0,20.0,12.0,1757.0,97.0,79.0,64.0,526,1901.0,3.0,1902,1904.0,2.0,0,0,,0.0,0.0,0.0,0.0,0.0,2015-11-09,1,0.0,0.0,0.0,0.0,0.0
2015,11,14,6,AA,6,N367AA,OGG,DFW,1815,1814.0,-1.0,12.0,1826.0,427.0,421.0,403.0,3711,509.0,6.0,522,515.0,-7.0,0,0,,0.0,0.0,0.0,0.0,0.0,2015-11-14,0,0.0,0.0,0.0,0.0,0.0
2015,10,25,7,AA,1003,N3HDAA,13930,14635,1951,1951.0,0.0,17.0,2008.0,170.0,167.0,145.0,1120,2333.0,5.0,2341,2338.0,-3.0,0,0,,0.0,0.0,0.0,0.0,0.0,2015-10-25,0,0.0,0.0,0.0,0.0,0.0
2015,10,20,2,B6,404,N621JB,12954,10721,2130,2127.0,-3.0,9.0,2136.0,319.0,316.0,302.0,2602,538.0,5.0,549,543.0,-6.0,0,0,,0.0,0.0,0.0,0.0,0.0,2015-10-20,0,0.0,0.0,0.0,0.0,0.0
2015,10,25,7,WN,1823,N609SW,12892,10423,1815,1816.0,1.0,15.0,1831.0,175.0,175.0,155.0,1242,2306.0,5.0,2310,2311.0,1.0,0,0,,0.0,0.0,0.0,0.0,0.0,2015-10-25,0,0.0,0.0,0.0,0.0,0.0
2015,11,14,6,DL,662,N926AT,FLL,JFK,1310,1309.0,-1.0,15.0,1324.0,174.0,153.0,133.0,1069,1537.0,5.0,1604,1542.0,-22.0,0,0,,0.0,0.0,0.0,0.0,0.0,2015-11-14,0,0.0,0.0,0.0,0.0,0.0
2015,11,3,2,EV,4740,N11107,GRB,ORD,524,517.0,-7.0,17.0,534.0,63.0,61.0,37.0,173,611.0,7.0,627,618.0,-9.0,0,0,,0.0,0.0,0.0,0.0,0.0,2015-11-03,0,0.0,0.0,0.0,0.0,0.0
2015,10,19,1,AA,642,N664AW,14057,14107,1115,1113.0,-2.0,12.0,1125.0,151.0,154.0,136.0,1009,1341.0,6.0,1346,1347.0,1.0,0,0,,0.0,0.0,0.0,0.0,0.0,2015-10-19,0,0.0,0.0,0.0,0.0,0.0
2015,11,13,5,EV,5099,N855AS,TRI,ATL,1810,1817.0,7.0,9.0,1826.0,69.0,60.0,44.0,227,1910.0,7.0,1919,1917.0,-2.0,0,0,,0.0,0.0,0.0,0.0,0.0,2015-11-13,0,0.0,0.0,0.0,0.0,0.0
2015,10,19,1,DL,1447,N957DN,12953,10397,600,559.0,-1.0,23.0,622.0,149.0,134.0,106.0,762,808.0,5.0,829,813.0,-16.0,0,0,,0.0,0.0,0.0,0.0,0.0,2015-10-19,0,0.0,0.0,0.0,0.0,0.0
2015,11,6,5,B6,113,N709JB,HPN,FLL,800,752.0,-8.0,13.0,805.0,180.0,159.0,142.0,1097,1027.0,4.0,1100,1031.0,-29.0,0,0,,0.0,0.0,0.0,0.0,0.0,2015-11-06,0,0.0,0.0,0.0,0.0,0.0
2015,11,6,5,WN,5153,N921WN,MCO,DCA,1320,1511.0,111.0,9.0,1520.0,125.0,120.0,107.0,759,1707.0,4.0,1525,1711.0,106.0,0,0,,0.0,0.0,106.0,0.0,0.0,2015-11-06,1,0.0,0.0,95.5,0.0,0.0
2015,10,17,6,B6,424,N943JB,12892,12478,1510,1459.0,-11.0,26.0,1525.0,316.0,314.0,285.0,2475,2310.0,3.0,2326,2313.0,-13.0,0,0,,0.0,0.0,0.0,0.0,0.0,2015-10-17,0,0.0,0.0,0.0,0.0,0.0
2015,11,16,1,MQ,3188,N513MQ,ORD,CLE,1512,1508.0,-4.0,21.0,1529.0,80.0,68.0,44.0,316,1713.0,3.0,1732,1716.0,-16.0,0,0,,0.0,0.0,0.0,0.0,0.0,2015-11-16,0,0.0,0.0,0.0,0.0,0.0
2015,11,12,4,AS,641,N317AS,TUS,SEA,1440,1428.0,-12.0,11.0,1439.0,195.0,193.0,176.0,1216,1635.0,6.0,1655,1641.0,-14.0,0,0,,0.0,0.0,0.0,0.0,0.0,2015-11-12,0,0.0,0.0,0.0,0.0,0.0
2015,10,20,2,AA,2176,N590AA,13495,11298,1115,1111.0,-4.0,12.0,1123.0,104.0,88.0,71.0,447,1234.0,5.0,1259,1239.0,-20.0,0,0,,0.0,0.0,0.0,0.0,0.0,2015-10-20,0,0.0,0.0,0.0,0.0,0.0
2015,11,6,5,B6,778,N645JB,LAS,BOS,2355,2351.0,-4.0,16.0,7.0,292.0,280.0,260.0,2381,727.0,4.0,747,731.0,-16.0,0,0,,0.0,0.0,0.0,0.0,0.0,2015-11-06,0,0.0,0.0,0.0,0.0,0.0
2015,11,17,2,B6,736,N766JB,LGB,SFO,755,749.0,-6.0,14.0,803.0,88.0,81.0,59.0,354,902.0,8.0,923,910.0,-13.0,0,0,,0.0,0.0,0.0,0.0,0.0,2015-11-17,0,0.0,0.0,0.0,0.0,0.0
2015,11,12,4,NK,642,N625NK,TPA,DTW,1414,1402.0,-12.0,11.0,1413.0,158.0,162.0,142.0,983,1635.0,9.0,1652,1644.0,-8.0,0,0,,0.0,0.0,0.0,0.0,0.0,2015-11-12,0,0.0,0.0,0.0,0.0,0.0
2015,10,18,7,DL,1834,N964DN,10397,15016,1710,1708.0,-2.0,17.0,1725.0,103.0,101.0,79.0,484,1744.0,5.0,1753,1749.0,-4.0,0,0,,0.0,0.0,0.0,0.0,0.0,2015-10-18,0,0.0,0.0,0.0,0.0,0.0
2015,11,1,7,NK,847,N619NK,LGA,ORD,830,824.0,-6.0,16.0,840.0,152.0,166.0,132.0,733,952.0,18.0,1002,1010.0,8.0,0,0,,0.0,0.0,0.0,0.0,0.0,2015-11-01,0,0.0,0.0,0.0,0.0,0.0
2015,11,17,2,AA,1044,N009AA,IAH,MIA,515,518.0,3.0,13.0,531.0,144.0,135.0,115.0,964,826.0,7.0,839,833.0,-6.0,0,0,,0.0,0.0,0.0,0.0,0.0,2015-11-17,0,0.0,0.0,0.0,0.0,0.0
2015,10,22,4,DL,1330,N911DE,11433,11057,1359,1405.0,6.0,14.0,1419.0,105.0,99.0,77.0,500,1536.0,8.0,1544,1544.0,0.0,0,0,,0.0,0.0,0.0,0.0,0.0,2015-10-22,0,0.0,0.0,0.0,0.0,0.0
2015,10,17,6,OO,6423,N703SK,12266,11140,1125,1129.0,4.0,14.0,1143.0,62.0,55.0,36.0,201,1219.0,5.0,1227,1224.0,-3.0,0,0,,0.0,0.0,0.0,0.0,0.0,2015-10-17,0,0.0,0.0,0.0,0.0,0.0
2015,10,22,4,WN,1306,N226WN,13232,11278,1735,1735.0,0.0,12.0,1747.0,105.0,105.0,74.0,601,2001.0,19.0,2020,2020.0,0.0,0,0,,0.0,0.0,0.0,0.0,0.0,2015-10-22,0,0.0,0.0,0.0,0.0,0.0
2015,10,25,7,OO,5343,N973SW,13476,12892,1609,1610.0,1.0,30.0,1640.0,77.0,84.0,46.0,266,1726.0,8.0,1726,1734.0,8.0,0,0,,0.0,0.0,0.0,0.0,0.0,2015-10-25,0,0.0,0.0,0.0,0.0,0.0
2015,11,15,7,HA,213,N477HA,HNL,LIH,1725,1725.0,0.0,7.0,1732.0,40.0,31.0,19.0,102,1751.0,5.0,1805,1756.0,-9.0,0,0,,0.0,0.0,0.0,0.0,0.0,2015-11-15,0,0.0,0.0,0.0,0.0,0.0
2015,11,18,3,WN,2254,N685SW,SAN,SFO,640,638.0,-2.0,9.0,647.0,95.0,82.0,67.0,447,754.0,6.0,815,800.0,-15.0,0,0,,0.0,0.0,0.0,0.0,0.0,2015-11-18,0,0.0,0.0,0.0,0.0,0.0
2015,11,7,6,AA,1191,N484AA,BNA,DFW,1424,1416.0,-8.0,11.0,1427.0,131.0,117.0,100.0,631,1607.0,6.0,1635,1613.0,-22.0,0,0,,0.0,0.0,0.0,0.0,0.0,2015-11-07,0,0.0,0.0,0.0,0.0,0.0
2015,11,8,7,DL,2305,N837DN,MSP,SFO,915,941.0,26.0,15.0,956.0,258.0,233.0,212.0,1589,1128.0,6.0,1133,1134.0,1.0,0,0,,0.0,0.0,0.0,0.0,0.0,2015-11-08,1,0.0,0.0,0.0,0.0,0.0
2015,10,15,4,WN,3145,N905WN,14908,13796,1725,1732.0,7.0,6.0,1738.0,80.0,70.0,59.0,371,1837.0,5.0,1845,1842.0,-3.0,0,0,,0.0,0.0,0.0,0.0,0.0,2015-10-15,0,0.0,0.0,0.0,0.0,0.0
2015,10,15,4,AA,1017,N3CJAA,13303,13930,1210,1209.0,-1.0,10.0,1219.0,198.0,180.0,155.0,1197,1354.0,15.0,1428,1409.0,-19.0,0,0,,0.0,0.0,0.0,0.0,0.0,2015-10-15,0,0.0,0.0,0.0,0.0,0.0
2015,10,27,2,AA,2522,N3JSAA,11298,14057,1905,1900.0,-5.0,17.0,1917.0,248.0,258.0,238.0,1616,2115.0,3.0,2113,2118.0,5.0,0,0,,0.0,0.0,0.0,0.0,0.0,2015-10-27,0,0.0,0.0,0.0,0.0,0.0
2015,10,12,1,WN,490,N955WN,10397,12953,1730,1728.0,-2.0,8.0,1736.0,140.0,117.0,105.0,762,1921.0,4.0,1950,1925.0,-25.0,0,0,,0.0,0.0,0.0,0.0,0.0,2015-10-12,0,0.0,0.0,0.0,0.0,0.0
2015,11,14,6,NK,188,N524NK,DTW,LGA,1600,1554.0,-6.0,19.0,1613.0,105.0,100.0,70.0,502,1723.0,11.0,1745,1734.0,-11.0,0,0,,0.0,0.0,0.0,0.0,0.0,2015-11-14,0,0.0,0.0,0.0,0.0,0.0
2015,11,7,6,DL,2288,N310DE,ATL,BHM,1340,1338.0,-2.0,19.0,1357.0,52.0,53.0,31.0,134,1328.0,3.0,1332,1331.0,-1.0,0,0,,0.0,0.0,0.0,0.0,0.0,2015-11-07,0,0.0,0.0,0.0,0.0,0.0
2015,11,15,7,EV,2831,N687JS,TYS,DFW,1134,1130.0,-4.0,11.0,1141.0,159.0,145.0,120.0,771,1241.0,14.0,1313,1255.0,-18.0,0,0,,0.0,0.0,0.0,0.0,0.0,2015-11-15,0,0.0,0.0,0.0,0.0,0.0
2015,10,18,7,OO,6527,N124SY,13930,11066,808,803.0,-5.0,15.0,818.0,77.0,74.0,53.0,296,1011.0,6.0,1025,1017.0,-8.0,0,0,,0.0,0.0,0.0,0.0,0.0,2015-10-18,0,0.0,0.0,0.0,0.0,0.0
2015,11,3,2,MQ,3425,N906MQ,TUL,ORD,1916,1908.0,-8.0,8.0,1916.0,118.0,104.0,80.0,585,2036.0,16.0,2114,2052.0,-22.0,0,0,,0.0,0.0,0.0,0.0,0.0,2015-11-03,0,0.0,0.0,0.0,0.0,0.0
2015,11,4,3,WN,2881,N444WN,LAX,DAL,1210,1226.0,16.0,7.0,1233.0,175.0,162.0,151.0,1246,1704.0,4.0,1705,1708.0,3.0,0,0,,0.0,0.0,0.0,0.0,0.0,2015-11-04,1,0.0,0.0,0.0,0.0,0.0
2015,10,21,3,OO,4462,N692CA,10140,14869,1240,1237.0,-3.0,18.0,1255.0,101.0,89.0,65.0,493,1400.0,6.0,1421,1406.0,-15.0,0,0,,0.0,0.0,0.0,0.0,0.0,2015-10-21,0,0.0,0.0,0.0,0.0,0.0
2015,11,13,5,AA,1905,N196UW,ATL,CLT,700,656.0,-4.0,23.0,719.0,74.0,75.0,44.0,226,803.0,8.0,814,811.0,-3.0,0,0,,0.0,0.0,0.0,0.0,0.0,2015-11-13,0,0.0,0.0,0.0,0.0,0.0
2015,11,3,2,AA,581,N553UW,LAS,LAX,1845,1839.0,-6.0,23.0,1902.0,72.0,77.0,44.0,236,1946.0,10.0,1957,1956.0,-1.0,0,0,,0.0,0.0,0.0,0.0,0.0,2015-11-03,0,0.0,0.0,0.0,0.0,0.0
2015,11,13,5,EV,5065,N852AS,ATL,SGF,1654,1649.0,-5.0,14.0,1703.0,116.0,108.0,90.0,563,1733.0,4.0,1750,1737.0,-13.0,0,0,,0.0,0.0,0.0,0.0,0.0,2015-11-13,0,0.0,0.0,0.0,0.0,0.0
2015,11,18,3,DL,2189,N905DE,BNA,ATL,915,932.0,17.0,11.0,943.0,66.0,60.0,40.0,214,1123.0,9.0,1121,1132.0,11.0,0,0,,0.0,0.0,0.0,0.0,0.0,2015-11-18,1,0.0,0.0,0.0,0.0,0.0
2015,11,9,1,AA,94,N3FCAA,SAN,JFK,745,744.0,-1.0,13.0,757.0,319.0,304.0,280.0,2446,1537.0,11.0,1604,1548.0,-16.0,0,0,,0.0,0.0,0.0,0.0,0.0,2015-11-09,0,0.0,0.0,0.0,0.0,0.0
2015,10,15,4,WN,277,N268WN,13232,12451,1440,1437.0,-3.0,5.0,1442.0,130.0,116.0,107.0,849,1729.0,4.0,1750,1733.0,-17.0,0,0,,0.0,0.0,0.0,0.0,0.0,2015-10-15,0,0.0,0.0,0.0,0.0,0.0
2015,10,20,2,OO,5171,N782SK,10693,11292,832,825.0,-7.0,18.0,843.0,180.0,190.0,141.0,1014,1004.0,31.0,1032,1035.0,3.0,0,0,,0.0,0.0,0.0,0.0,0.0,2015-10-20,0,0.0,0.0,0.0,0.0,0.0
2015,11,5,4,DL,2676,N927AT,LGA,BOS,1059,1056.0,-3.0,19.0,1115.0,84.0,62.0,38.0,184,1153.0,5.0,1223,1158.0,-25.0,0,0,,0.0,0.0,0.0,0.0,0.0,2015-11-05,0,0.0,0.0,0.0,0.0,0.0
2015,11,19,4,WN,2079,N494WN,LAX,LAS,900,858.0,-2.0,16.0,914.0,65.0,66.0,39.0,236,953.0,11.0,1005,1004.0,-1.0,0,0,,0.0,0.0,0.0,0.0,0.0,2015-11-19,0,0.0,0.0,0.0,0.0,0.0
2015,10,27,2,AS,45,N762AS,10299,10551,1910,1902.0,-8.0,8.0,1910.0,72.0,70.0,58.0,399,2008.0,4.0,2022,2012.0,-10.0,0,0,,0.0,0.0,0.0,0.0,0.0,2015-10-27,0,0.0,0.0,0.0,0.0,0.0
2015,11,13,5,WN,511,N493WN,CHS,DAL,615,614.0,-1.0,7.0,621.0,185.0,164.0,148.0,977,749.0,9.0,820,758.0,-22.0,0,0,,0.0,0.0,0.0,0.0,0.0,2015-11-13,0,0.0,0.0,0.0,0.0,0.0
2015,11,18,3,NK,473,N533NK,PHL,ATL,740,732.0,-8.0,36.0,808.0,124.0,163.0,111.0,666,959.0,16.0,944,1015.0,31.0,0,0,,31.0,0.0,0.0,0.0,0.0,2015-11-18,0,-387.5,-0.0,-0.0,-0.0,-0.0
2015,11,12,4,AA,1997,N195UW,ORD,PHL,1655,1659.0,4.0,21.0,1720.0,122.0,116.0,91.0,678,1951.0,4.0,1957,1955.0,-2.0,0,0,,0.0,0.0,0.0,0.0,0.0,2015-11-12,0,0.0,0.0,0.0,0.0,0.0
2015,11,2,1,AA,2141,N948UW,BOS,LGA,1900,1851.0,-9.0,22.0,1913.0,86.0,93.0,58.0,184,2011.0,13.0,2026,2024.0,-2.0,0,0,,0.0,0.0,0.0,0.0,0.0,2015-11-02,0,0.0,0.0,0.0,0.0,0.0
2015,10,27,2,AA,183,N3HHAA,12889,12892,700,652.0,-8.0,12.0,704.0,75.0,61.0,41.0,236,745.0,8.0,815,753.0,-22.0,0,0,,0.0,0.0,0.0,0.0,0.0,2015-10-27,0,0.0,0.0,0.0,0.0,0.0
2015,11,4,3,MQ,3212,N532MQ,HPN,ORD,725,720.0,-5.0,45.0,805.0,143.0,171.0,114.0,738,859.0,12.0,848,911.0,23.0,0,0,,23.0,0.0,0.0,0.0,0.0,2015-11-04,0,-460.0,-0.0,-0.0,-0.0,-0.0
2015,10,18,7,DL,659,N607AT,11618,10397,1645,1641.0,-4.0,13.0,1654.0,152.0,120.0,100.0,746,1834.0,7.0,1917,1841.0,-36.0,0,0,,0.0,0.0,0.0,0.0,0.0,2015-10-18,0,0.0,0.0,0.0,0.0,0.0
2015,10,15,4,AA,717,N541UW,14100,11057,1730,1728.0,-2.0,9.0,1737.0,104.0,88.0,69.0,449,1846.0,10.0,1914,1856.0,-18.0,0,0,,0.0,0.0,0.0,0.0,0.0,2015-10-15,0,0.0,0.0,0.0,0.0,0.0
2015,10,29,4,EV,4208,N14902,14814,12266,535,532.0,-3.0,9.0,541.0,61.0,51.0,34.0,192,615.0,8.0,636,623.0,-13.0,0,0,,0.0,0.0,0.0,0.0,0.0,2015-10-29,0,0.0,0.0,0.0,0.0,0.0
2015,10,13,2,WN,2140,N425LV,13342,12892,1045,1112.0,27.0,12.0,1124.0,270.0,244.0,226.0,1756,1310.0,6.0,1315,1316.0,1.0,0,0,,0.0,0.0,0.0,0.0,0.0,2015-10-13,1,0.0,0.0,0.0,0.0,0.0
2015,10,13,2,DL,842,N340NW,14869,11193,955,953.0,-2.0,21.0,1014.0,202.0,198.0,174.0,1450,1508.0,3.0,1517,1511.0,-6.0,0,0,,0.0,0.0,0.0,0.0,0.0,2015-10-13,0,0.0,0.0,0.0,0.0,0.0
2015,11,7,6,WN,3120,N8669B,BDL,MCO,1720,1718.0,-2.0,5.0,1723.0,185.0,163.0,150.0,1050,1953.0,8.0,2025,2001.0,-24.0,0,0,,0.0,0.0,0.0,0.0,0.0,2015-11-07,0,0.0,0.0,0.0,0.0,0.0
2015,11,3,2,DL,1418,N820DN,MCO,ATL,520,516.0,-4.0,8.0,524.0,88.0,80.0,64.0,404,628.0,8.0,648,636.0,-12.0,0,0,,0.0,0.0,0.0,0.0,0.0,2015-11-03,0,0.0,0.0,0.0,0.0,0.0
2015,11,11,3,WN,461,N243WN,PHX,ABQ,1310,1316.0,6.0,7.0,1323.0,65.0,58.0,47.0,328,1410.0,4.0,1415,1414.0,-1.0,0,0,,0.0,0.0,0.0,0.0,0.0,2015-11-11,0,0.0,0.0,0.0,0.0,0.0
2015,10,20,2,VX,232,N839VA,12892,13930,1010,1007.0,-3.0,12.0,1019.0,235.0,247.0,225.0,1744,1604.0,10.0,1605,1614.0,9.0,0,0,,0.0,0.0,0.0,0.0,0.0,2015-10-20,0,0.0,0.0,0.0,0.0,0.0
2015,10,11,7,AA,2411,N3FDAA,13303,14771,1945,1941.0,-4.0,17.0,1958.0,367.0,353.0,328.0,2585,2226.0,8.0,2252,2234.0,-18.0,0,0,,0.0,0.0,0.0,0.0,0.0,2015-10-11,0,0.0,0.0,0.0,0.0,0.0
2015,11,14,6,AA,1599,N3CFAA,DFW,SNA,1355,1349.0,-6.0,15.0,1404.0,197.0,190.0,168.0,1205,1452.0,7.0,1512,1459.0,-13.0,0,0,,0.0,0.0,0.0,0.0,0.0,2015-11-14,0,0.0,0.0,0.0,0.0,0.0
2015,11,18,3,DL,991,N918DE,ATL,DTW,1205,1201.0,-4.0,18.0,1219.0,123.0,110.0,85.0,594,1344.0,7.0,1408,1351.0,-17.0,0,0,,0.0,0.0,0.0,0.0,0.0,2015-11-18,0,0.0,0.0,0.0,0.0,0.0
2015,11,15,7,WN,124,N448WN,ATL,BOS,1335,1330.0,-5.0,10.0,1340.0,150.0,142.0,124.0,946,1544.0,8.0,1605,1552.0,-13.0,0,0,,0.0,0.0,0.0,0.0,0.0,2015-11-15,0,0.0,0.0,0.0,0.0,0.0
2015,11,2,1,UA,833,N14242,BOI,DEN,710,703.0,-7.0,19.0,722.0,111.0,109.0,84.0,649,846.0,6.0,901,852.0,-9.0,0,0,,0.0,0.0,0.0,0.0,0.0,2015-11-02,0,0.0,0.0,0.0,0.0,0.0
2015,10,29,4,DL,1378,N347NW,10397,13931,1535,1551.0,16.0,14.0,1605.0,99.0,82.0,65.0,516,1710.0,3.0,1714,1713.0,-1.0,0,0,,0.0,0.0,0.0,0.0,0.0,2015-10-29,1,0.0,0.0,0.0,0.0,0.0
2015,10,19,1,OO,7382,N779CA,11122,14869,600,626.0,26.0,25.0,651.0,79.0,88.0,57.0,320,748.0,6.0,719,754.0,35.0,0,0,,9.0,0.0,26.0,0.0,0.0,2015-10-19,1,34.62,0.0,100.0,0.0,0.0
2015,11,6,5,AA,232,N3FJAA,ATL,DFW,1921,2013.0,52.0,15.0,2028.0,155.0,142.0,123.0,731,2131.0,4.0,2056,2135.0,39.0,0,0,,0.0,0.0,7.0,32.0,0.0,2015-11-06,1,0.0,0.0,13.46,61.54,0.0
2015,11,5,4,OO,2967,N944SW,PHX,SBA,1450,1447.0,-3.0,21.0,1508.0,102.0,104.0,75.0,455,1523.0,8.0,1532,1531.0,-1.0,0,0,,0.0,0.0,0.0,0.0,0.0,2015-11-05,0,0.0,0.0,0.0,0.0,0.0
2015,10,22,4,DL,2628,N996AT,11697,12953,1045,1039.0,-6.0,13.0,1052.0,181.0,169.0,149.0,1076,1321.0,7.0,1346,1328.0,-18.0,0,0,,0.0,0.0,0.0,0.0,0.0,2015-10-22,0,0.0,0.0,0.0,0.0,0.0
2015,11,17,2,EV,4221,N11176,BTR,IAH,650,644.0,-6.0,31.0,715.0,77.0,98.0,55.0,253,810.0,12.0,807,822.0,15.0,0,0,,15.0,0.0,0.0,0.0,0.0,2015-11-17,0,-250.0,-0.0,-0.0,-0.0,-0.0
2015,11,5,4,WN,358,N7745A,AMA,LAS,640,637.0,-3.0,8.0,645.0,140.0,124.0,112.0,758,637.0,4.0,700,641.0,-19.0,0,0,,0.0,0.0,0.0,0.0,0.0,2015-11-05,0,0.0,0.0,0.0,0.0,0.0
2015,11,19,4,B6,301,N323JB,JFK,FLL,1230,1229.0,-1.0,18.0,1247.0,180.0,202.0,181.0,1069,1548.0,3.0,1530,1551.0,21.0,0,0,,21.0,0.0,0.0,0.0,0.0,2015-11-19,0,-2100.0,-0.0,-0.0,-0.0,-0.0
2015,11,16,1,WN,1029,N7818L,BWI,DEN,1110,1112.0,2.0,8.0,1120.0,250.0,229.0,212.0,1491,1252.0,9.0,1320,1301.0,-19.0,0,0,,0.0,0.0,0.0,0.0,0.0,2015-11-16,0,0.0,0.0,0.0,0.0,0.0
2015,11,11,3,AA,443,N663AW,SNA,PHX,1000,956.0,-4.0,14.0,1010.0,78.0,79.0,51.0,338,1201.0,14.0,1218,1215.0,-3.0,0,0,,0.0,0.0,0.0,0.0,0.0,2015-11-11,0,0.0,0.0,0.0,0.0,0.0
2015,10,23,5,OO,5310,N979SW,13158,11292,1715,1731.0,16.0,18.0,1749.0,117.0,104.0,81.0,563,1810.0,5.0,1812,1815.0,3.0,0,0,,0.0,0.0,0.0,0.0,0.0,2015-10-23,1,0.0,0.0,0.0,0.0,0.0
2015,10,20,2,AA,561,N153UW,14100,14107,700,658.0,-2.0,11.0,709.0,302.0,326.0,269.0,2075,838.0,46.0,902,924.0,22.0,0,0,,22.0,0.0,0.0,0.0,0.0,2015-10-20,0,-1100.0,-0.0,-0.0,-0.0,-0.0
2015,11,4,3,OO,4694,N440SW,MSP,FSD,1529,1528.0,-1.0,15.0,1543.0,68.0,55.0,36.0,196,1619.0,4.0,1637,1623.0,-14.0,0,0,,0.0,0.0,0.0,0.0,0.0,2015-11-04,0,0.0,0.0,0.0,0.0,0.0
2015,10,17,6,WN,6002,N7828A,10257,10821,605,602.0,-3.0,14.0,616.0,95.0,113.0,58.0,289,714.0,41.0,740,755.0,15.0,0,0,,15.0,0.0,0.0,0.0,0.0,2015-10-17,0,-500.0,-0.0,-0.0,-0.0,-0.0
2015,10,25,7,AA,622,N171US,14107,12478,1530,1531.0,1.0,15.0,1546.0,291.0,277.0,248.0,2153,2254.0,14.0,2321,2308.0,-13.0,0,0,,0.0,0.0,0.0,0.0,0.0,2015-10-25,0,0.0,0.0,0.0,0.0,0.0
2015,11,6,5,DL,2841,N961AT,ORD,DTW,1200,1208.0,8.0,29.0,1237.0,83.0,85.0,50.0,235,1427.0,6.0,1423,1433.0,10.0,0,0,,0.0,0.0,0.0,0.0,0.0,2015-11-06,0,0.0,0.0,0.0,0.0,0.0
2015,11,6,5,B6,1099,N558JB,LGA,MCO,600,555.0,-5.0,10.0,605.0,164.0,139.0,127.0,950,812.0,2.0,844,814.0,-30.0,0,0,,0.0,0.0,0.0,0.0,0.0,2015-11-06,0,0.0,0.0,0.0,0.0,0.0
2015,10,25,7,WN,360,N619SW,10821,13296,930,930.0,0.0,9.0,939.0,85.0,67.0,55.0,377,1034.0,3.0,1055,1037.0,-18.0,0,0,,0.0,0.0,0.0,0.0,0.0,2015-10-25,0,0.0,0.0,0.0,0.0,0.0
2015,10,22,4,DL,679,N365NW,13487,14252,1934,1938.0,4.0,14.0,1952.0,204.0,183.0,165.0,1254,2037.0,4.0,2058,2041.0,-17.0,0,0,,0.0,0.0,0.0,0.0,0.0,2015-10-22,0,0.0,0.0,0.0,0.0,0.0
2015,10,22,4,WN,2656,N424WN,14771,14908,700,657.0,-3.0,16.0,713.0,85.0,84.0,63.0,372,816.0,5.0,825,821.0,-4.0,0,0,,0.0,0.0,0.0,0.0,0.0,2015-10-22,0,0.0,0.0,0.0,0.0,0.0
2015,11,5,4,WN,55,N528SW,LBB,DAL,1805,1802.0,-3.0,9.0,1811.0,65.0,80.0,59.0,293,1910.0,12.0,1910,1922.0,12.0,0,0,,0.0,0.0,0.0,0.0,0.0,2015-11-05,0,0.0,0.0,0.0,0.0,0.0
2015,11,10,2,B6,2001,N183JB,BUF,JFK,550,544.0,-6.0,12.0,556.0,81.0,85.0,67.0,301,703.0,6.0,711,709.0,-2.0,0,0,,0.0,0.0,0.0,0.0,0.0,2015-11-10,0,0.0,0.0,0.0,0.0,0.0
2015,11,14,6,UA,640,N850UA,ORD,DCA,1800,1755.0,-5.0,17.0,1812.0,117.0,101.0,82.0,612,2034.0,2.0,2057,2036.0,-21.0,0,0,,0.0,0.0,0.0,0.0,0.0,2015-11-14,0,0.0,0.0,0.0,0.0,0.0
2015,11,17,2,EV,4184,N13989,TUL,ORD,1740,2200.0,260.0,14.0,2214.0,118.0,94.0,70.0,585,2324.0,10.0,1938,2334.0,236.0,0,0,,0.0,0.0,0.0,236.0,0.0,2015-11-17,1,0.0,0.0,0.0,90.77,0.0
2015,11,3,2,WN,1915,N499WN,LAX,LAS,950,953.0,3.0,11.0,1004.0,65.0,60.0,44.0,236,1048.0,5.0,1055,1053.0,-2.0,0,0,,0.0,0.0,0.0,0.0,0.0,2015-11-03,0,0.0,0.0,0.0,0.0,0.0
2015,11,17,2,DL,1283,N351NW,DEN,SLC,1930,1932.0,2.0,12.0,1944.0,98.0,85.0,67.0,391,2051.0,6.0,2108,2057.0,-11.0,0,0,,0.0,0.0,0.0,0.0,0.0,2015-11-17,0,0.0,0.0,0.0,0.0,0.0
2015,11,18,3,OO,5658,N967SW,LNK,DEN,1257,1340.0,43.0,83.0,1503.0,90.0,161.0,69.0,423,1512.0,9.0,1327,1521.0,114.0,0,0,,71.0,0.0,0.0,43.0,0.0,2015-11-18,1,165.12,0.0,0.0,100.0,0.0
2015,11,9,1,DL,2819,N838DN,PHX,DTW,30,26.0,-4.0,13.0,39.0,223.0,211.0,190.0,1671,549.0,8.0,613,557.0,-16.0,0,0,,0.0,0.0,0.0,0.0,0.0,2015-11-09,0,0.0,0.0,0.0,0.0,0.0
2015,10,16,5,EV,5673,N14998,13930,13029,1603,1610.0,7.0,38.0,1648.0,96.0,120.0,78.0,466,1806.0,4.0,1739,1810.0,31.0,0,0,,24.0,0.0,0.0,7.0,0.0,2015-10-16,0,342.86,0.0,0.0,100.0,0.0
2015,11,3,2,AA,1209,N4YFAA,DFW,SMF,1045,1044.0,-1.0,24.0,1108.0,227.0,223.0,193.0,1431,1221.0,6.0,1232,1227.0,-5.0,0,0,,0.0,0.0,0.0,0.0,0.0,2015-11-03,0,0.0,0.0,0.0,0.0,0.0
2015,11,2,1,DL,11,N673DL,MSP,SLC,1920,1922.0,2.0,16.0,1938.0,171.0,172.0,151.0,991,2109.0,5.0,2111,2114.0,3.0,0,0,,0.0,0.0,0.0,0.0,0.0,2015-11-02,0,0.0,0.0,0.0,0.0,0.0
2015,11,11,3,UA,248,N495UA,ORD,PIT,1750,1747.0,-3.0,12.0,1759.0,89.0,72.0,56.0,413,1955.0,4.0,2019,1959.0,-20.0,0,0,,0.0,0.0,0.0,0.0,0.0,2015-11-11,0,0.0,0.0,0.0,0.0,0.0
2015,11,13,5,WN,2998,N720WN,PDX,LAS,1710,1707.0,-3.0,11.0,1718.0,125.0,123.0,103.0,763,1901.0,9.0,1915,1910.0,-5.0,0,0,,0.0,0.0,0.0,0.0,0.0,2015-11-13,0,0.0,0.0,0.0,0.0,0.0
2015,11,16,1,WN,3202,N634SW,MCO,IND,1635,1639.0,4.0,15.0,1654.0,145.0,143.0,122.0,829,1856.0,6.0,1900,1902.0,2.0,0,0,,0.0,0.0,0.0,0.0,0.0,2015-11-16,0,0.0,0.0,0.0,0.0,0.0
2015,10,11,7,EV,5199,N921EV,15323,10397,1346,1345.0,-1.0,21.0,1406.0,69.0,74.0,48.0,227,1454.0,5.0,1455,1459.0,4.0,0,0,,0.0,0.0,0.0,0.0,0.0,2015-10-11,0,0.0,0.0,0.0,0.0,0.0
2015,10,22,4,WN,502,N7831B,11259,11540,2115,2302.0,107.0,26.0,2328.0,100.0,120.0,91.0,562,2359.0,3.0,2155,2.0,127.0,0,0,,20.0,0.0,0.0,0.0,107.0,2015-10-22,1,18.69,0.0,0.0,0.0,100.0
2015,11,16,1,WN,1716,N251WN,MDW,STL,2120,2137.0,17.0,15.0,2152.0,70.0,75.0,48.0,251,2240.0,12.0,2230,2252.0,22.0,0,0,,5.0,0.0,0.0,17.0,0.0,2015-11-16,1,29.41,0.0,0.0,100.0,0.0
2015,10,30,5,DL,732,N842DN,12451,10397,730,733.0,3.0,9.0,742.0,78.0,61.0,45.0,270,827.0,7.0,848,834.0,-14.0,0,0,,0.0,0.0,0.0,0.0,0.0,2015-10-30,0,0.0,0.0,0.0,0.0,0.0
2015,10,27,2,AA,437,N534UW,13930,14100,2205,2155.0,-10.0,12.0,2207.0,137.0,103.0,87.0,678,34.0,4.0,122,38.0,-44.0,0,0,,0.0,0.0,0.0,0.0,0.0,2015-10-27,0,0.0,0.0,0.0,0.0,0.0
2015,10,25,7,AA,152,N3FEAA,11298,11278,850,846.0,-4.0,14.0,900.0,183.0,149.0,132.0,1192,1212.0,3.0,1253,1215.0,-38.0,0,0,,0.0,0.0,0.0,0.0,0.0,2015-10-25,0,0.0,0.0,0.0,0.0,0.0
2015,10,23,5,UA,1122,N57863,10721,14771,610,608.0,-2.0,24.0,632.0,380.0,381.0,350.0,2704,922.0,7.0,930,929.0,-1.0,0,0,,0.0,0.0,0.0,0.0,0.0,2015-10-23,0,0.0,0.0,0.0,0.0,0.0
2015,10,26,1,EV,4606,N12530,12266,10185,1556,1551.0,-5.0,22.0,1613.0,60.0,67.0,39.0,190,1652.0,6.0,1656,1658.0,2.0,0,0,,0.0,0.0,0.0,0.0,0.0,2015-10-26,0,0.0,0.0,0.0,0.0,0.0
2015,10,13,2,OO,4595,N8942A,11986,11433,1915,1904.0,-11.0,11.0,1915.0,58.0,49.0,28.0,120,1943.0,10.0,2013,1953.0,-20.0,0,0,,0.0,0.0,0.0,0.0,0.0,2015-10-13,0,0.0,0.0,0.0,0.0,0.0
2015,11,9,1,AS,752,N309AS,SEA,MCI,1030,1027.0,-3.0,17.0,1044.0,204.0,198.0,177.0,1489,1541.0,4.0,1554,1545.0,-9.0,0,0,,0.0,0.0,0.0,0.0,0.0,2015-11-09,0,0.0,0.0,0.0,0.0,0.0
2015,10,11,7,AA,1814,N575UW,11057,10397,1140,1137.0,-3.0,15.0,1152.0,80.0,67.0,45.0,226,1237.0,7.0,1300,1244.0,-16.0,0,0,,0.0,0.0,0.0,0.0,0.0,2015-10-11,0,0.0,0.0,0.0,0.0,0.0
2015,11,15,7,UA,455,N456UA,SFO,LAS,2257,2250.0,-7.0,21.0,2311.0,95.0,110.0,58.0,414,9.0,31.0,32,40.0,8.0,0,0,,0.0,0.0,0.0,0.0,0.0,2015-11-15,0,0.0,0.0,0.0,0.0,0.0
2015,11,6,5,OO,4965,N716SK,OKC,IAH,1046,1044.0,-2.0,18.0,1102.0,87.0,96.0,72.0,395,1214.0,6.0,1213,1220.0,7.0,0,0,,0.0,0.0,0.0,0.0,0.0,2015-11-06,0,0.0,0.0,0.0,0.0,0.0
2015,11,14,6,OO,6359,N140SY,SFO,MSP,1630,1714.0,44.0,11.0,1725.0,221.0,208.0,192.0,1589,2237.0,5.0,2211,2242.0,31.0,0,0,,0.0,0.0,31.0,0.0,0.0,2015-11-14,1,0.0,0.0,70.45,0.0,0.0
2015,10,16,5,DL,1258,N930DN,10397,12451,940,939.0,-1.0,13.0,952.0,71.0,60.0,43.0,270,1035.0,4.0,1051,1039.0,-12.0,0,0,,0.0,0.0,0.0,0.0,0.0,2015-10-16,0,0.0,0.0,0.0,0.0,0.0
2015,11,16,1,UA,1861,N41135,EWR,LAX,1300,1258.0,-2.0,13.0,1311.0,380.0,349.0,329.0,2454,1540.0,7.0,1620,1547.0,-33.0,0,0,,0.0,0.0,0.0,0.0,0.0,2015-11-16,0,0.0,0.0,0.0,0.0,0.0
2015,10,17,6,WN,981,N742SW,11066,15016,910,908.0,-2.0,8.0,916.0,85.0,78.0,66.0,409,922.0,4.0,935,926.0,-9.0,0,0,,0.0,0.0,0.0,0.0,0.0,2015-10-17,0,0.0,0.0,0.0,0.0,0.0
2015,10,11,7,AA,1605,N359AA,13303,11298,1525,1517.0,-8.0,15.0,1532.0,193.0,180.0,150.0,1121,1702.0,15.0,1738,1717.0,-21.0,0,0,,0.0,0.0,0.0,0.0,0.0,2015-10-11,0,0.0,0.0,0.0,0.0,0.0
2015,11,16,1,HA,139,N483HA,KOA,OGG,1329,1321.0,-8.0,9.0,1330.0,35.0,36.0,19.0,84,1349.0,8.0,1404,1357.0,-7.0,0,0,,0.0,0.0,0.0,0.0,0.0,2015-11-16,0,0.0,0.0,0.0,0.0,0.0
2015,10,22,4,WN,3088,N467WN,14831,13891,1340,1340.0,0.0,11.0,1351.0,65.0,65.0,50.0,333,1441.0,4.0,1445,1445.0,0.0,0,0,,0.0,0.0,0.0,0.0,0.0,2015-10-22,0,0.0,0.0,0.0,0.0,0.0
2015,11,4,3,EV,4981,N678CA,DTW,OKC,1520,1518.0,-2.0,18.0,1536.0,168.0,150.0,129.0,900,1645.0,3.0,1708,1648.0,-20.0,0,0,,0.0,0.0,0.0,0.0,0.0,2015-11-04,0,0.0,0.0,0.0,0.0,0.0
2015,10,25,7,OO,5750,N976SW,14771,10157,1251,1248.0,-3.0,34.0,1322.0,71.0,87.0,47.0,250,1409.0,6.0,1402,1415.0,13.0,0,0,,0.0,0.0,0.0,0.0,0.0,2015-10-25,0,0.0,0.0,0.0,0.0,0.0
2015,10,29,4,DL,913,N359NB,13930,14869,1347,1344.0,-3.0,11.0,1355.0,213.0,180.0,166.0,1250,1541.0,3.0,1620,1544.0,-36.0,0,0,,0.0,0.0,0.0,0.0,0.0,2015-10-29,0,0.0,0.0,0.0,0.0,0.0
2015,11,6,5,OO,6488,N964SW,CID,ORD,1853,1845.0,-8.0,14.0,1859.0,71.0,81.0,44.0,196,1943.0,23.0,2004,2006.0,2.0,0,0,,0.0,0.0,0.0,0.0,0.0,2015-11-06,0,0.0,0.0,0.0,0.0,0.0
2015,11,9,1,EV,5862,N11535,ROA,ORD,1734,1733.0,-1.0,14.0,1747.0,116.0,115.0,85.0,531,1812.0,16.0,1830,1828.0,-2.0,0,0,,0.0,0.0,0.0,0.0,0.0,2015-11-09,0,0.0,0.0,0.0,0.0,0.0
2015,11,16,1,EV,2848,N684JW,ORD,TUL,1318,1338.0,20.0,11.0,1349.0,121.0,108.0,94.0,585,1523.0,3.0,1519,1526.0,7.0,0,0,,0.0,0.0,0.0,0.0,0.0,2015-11-16,1,0.0,0.0,0.0,0.0,0.0
2015,11,20,5,EV,4555,N13997,LCH,IAH,540,534.0,-6.0,13.0,547.0,57.0,48.0,24.0,127,611.0,11.0,637,622.0,-15.0,0,0,,0.0,0.0,0.0,0.0,0.0,2015-11-20,0,0.0,0.0,0.0,0.0,0.0
2015,11,13,5,EV,5099,N855AS,ATL,TRI,1642,1705.0,23.0,12.0,1717.0,63.0,54.0,37.0,227,1754.0,5.0,1745,1759.0,14.0,0,0,,0.0,0.0,0.0,0.0,0.0,2015-11-13,1,0.0,0.0,0.0,0.0,0.0
2015,10,16,5,UA,1899,N17752,13487,13930,2001,2001.0,0.0,24.0,2025.0,92.0,88.0,51.0,334,2116.0,13.0,2133,2129.0,-4.0,0,0,,0.0,0.0,0.0,0.0,0.0,2015-10-16,0,0.0,0.0,0.0,0.0,0.0
2015,10,22,4,DL,2801,N995DL,11481,10397,1435,1429.0,-6.0,19.0,1448.0,73.0,64.0,38.0,240,1626.0,7.0,1648,1633.0,-15.0,0,0,,0.0,0.0,0.0,0.0,0.0,2015-10-22,0,0.0,0.0,0.0,0.0,0.0
2015,11,14,6,WN,3698,N7736A,LAX,STL,655,655.0,0.0,9.0,704.0,215.0,208.0,195.0,1592,1219.0,4.0,1230,1223.0,-7.0,0,0,,0.0,0.0,0.0,0.0,0.0,2015-11-14,0,0.0,0.0,0.0,0.0,0.0
2015,10,26,1,AA,1902,N721UW,13204,11278,710,707.0,-3.0,19.0,726.0,132.0,124.0,101.0,759,907.0,4.0,922,911.0,-11.0,0,0,,0.0,0.0,0.0,0.0,0.0,2015-10-26,0,0.0,0.0,0.0,0.0,0.0
2015,10,16,5,WN,3205,N267WN,13204,13495,820,815.0,-5.0,16.0,831.0,105.0,107.0,87.0,551,858.0,4.0,905,902.0,-3.0,0,0,,0.0,0.0,0.0,0.0,0.0,2015-10-16,0,0.0,0.0,0.0,0.0,0.0
2015,11,19,4,B6,1969,N834JB,BOS,FLL,1642,1643.0,1.0,32.0,1715.0,211.0,230.0,191.0,1237,2026.0,7.0,2013,2033.0,20.0,0,0,,19.0,0.0,1.0,0.0,0.0,2015-11-19,0,1900.0,0.0,100.0,0.0,0.0
2015,10,17,6,WN,767,N787SA,15370,11259,645,644.0,-1.0,12.0,656.0,65.0,56.0,41.0,237,737.0,3.0,750,740.0,-10.0,0,0,,0.0,0.0,0.0,0.0,0.0,2015-10-17,0,0.0,0.0,0.0,0.0,0.0
2015,10,27,2,NK,557,N507NK,10397,14635,710,704.0,-6.0,10.0,714.0,93.0,88.0,74.0,515,828.0,4.0,843,832.0,-11.0,0,0,,0.0,0.0,0.0,0.0,0.0,2015-10-27,0,0.0,0.0,0.0,0.0,0.0
2015,10,18,7,B6,1579,N612JB,11278,11697,2000,2001.0,1.0,21.0,2022.0,151.0,149.0,122.0,899,2224.0,6.0,2231,2230.0,-1.0,0,0,,0.0,0.0,0.0,0.0,0.0,2015-10-18,0,0.0,0.0,0.0,0.0,0.0
2015,11,13,5,OO,6485,N753SK,PIT,IAH,1445,1439.0,-6.0,32.0,1511.0,190.0,229.0,185.0,1117,1716.0,12.0,1655,1728.0,33.0,0,0,,33.0,0.0,0.0,0.0,0.0,2015-11-13,0,-550.0,-0.0,-0.0,-0.0,-0.0
2015,11,5,4,OO,4519,N431SW,MSP,FAR,1744,1740.0,-4.0,17.0,1757.0,73.0,66.0,44.0,223,1841.0,5.0,1857,1846.0,-11.0,0,0,,0.0,0.0,0.0,0.0,0.0,2015-11-05,0,0.0,0.0,0.0,0.0,0.0
2015,11,7,6,B6,2191,N249JB,BOS,TPA,730,728.0,-2.0,18.0,746.0,204.0,193.0,173.0,1185,1039.0,2.0,1054,1041.0,-13.0,0,0,,0.0,0.0,0.0,0.0,0.0,2015-11-07,0,0.0,0.0,0.0,0.0,0.0
2015,10,17,6,DL,1432,N938DL,10397,12992,2206,2202.0,-4.0,14.0,2216.0,98.0,85.0,66.0,453,2222.0,5.0,2244,2227.0,-17.0,0,0,,0.0,0.0,0.0,0.0,0.0,2015-10-17,0,0.0,0.0,0.0,0.0,0.0
2015,10,17,6,EV,2848,N667GB,11298,12217,700,655.0,-5.0,13.0,708.0,115.0,97.0,78.0,603,826.0,6.0,855,832.0,-23.0,0,0,,0.0,0.0,0.0,0.0,0.0,2015-10-17,0,0.0,0.0,0.0,0.0,0.0
2015,11,9,1,NK,260,N604NK,ORD,PHL,2115,2139.0,24.0,21.0,2200.0,114.0,112.0,87.0,678,27.0,4.0,9,31.0,22.0,0,0,,6.0,0.0,5.0,11.0,0.0,2015-11-09,1,25.0,0.0,20.83,45.83,0.0
2015,11,3,2,UA,1788,N66848,IAH,ORD,1434,1431.0,-3.0,19.0,1450.0,171.0,149.0,114.0,925,1644.0,16.0,1725,1700.0,-25.0,0,0,,0.0,0.0,0.0,0.0,0.0,2015-11-03,0,0.0,0.0,0.0,0.0,0.0
2015,10,25,7,MQ,3192,N522MQ,15919,11298,1950,1939.0,-11.0,15.0,1954.0,85.0,79.0,54.0,280,2048.0,10.0,2115,2058.0,-17.0,0,0,,0.0,0.0,0.0,0.0,0.0,2015-10-25,0,0.0,0.0,0.0,0.0,0.0
2015,11,13,5,AA,2349,N8ACAA,ORD,DFW,1825,1826.0,1.0,31.0,1857.0,157.0,149.0,109.0,802,2046.0,9.0,2102,2055.0,-7.0,0,0,,0.0,0.0,0.0,0.0,0.0,2015-11-13,0,0.0,0.0,0.0,0.0,0.0
2015,10,28,3,DL,1950,N356NW,14869,11433,730,718.0,-12.0,39.0,757.0,209.0,228.0,181.0,1481,1258.0,8.0,1259,1306.0,7.0,0,0,,0.0,0.0,0.0,0.0,0.0,2015-10-28,0,0.0,0.0,0.0,0.0,0.0
2015,10,25,7,WN,1732,N354SW,11540,10423,1245,1306.0,21.0,6.0,1312.0,90.0,92.0,73.0,528,1525.0,13.0,1515,1538.0,23.0,0,0,,2.0,0.0,0.0,21.0,0.0,2015-10-25,1,9.52,0.0,0.0,100.0,0.0
2015,11,12,4,MQ,3060,N636MQ,DFW,FAR,1830,1826.0,-4.0,17.0,1843.0,163.0,151.0,130.0,968,2053.0,4.0,2113,2057.0,-16.0,0,0,,0.0,0.0,0.0,0.0,0.0,2015-11-12,0,0.0,0.0,0.0,0.0,0.0
2015,11,12,4,WN,3100,N291WN,MCO,BNA,1655,1659.0,4.0,7.0,1706.0,115.0,104.0,93.0,616,1739.0,4.0,1750,1743.0,-7.0,0,0,,0.0,0.0,0.0,0.0,0.0,2015-11-12,0,0.0,0.0,0.0,0.0,0.0
2015,11,14,6,AA,1060,N3JFAA,TUL,DFW,644,639.0,-5.0,11.0,650.0,76.0,65.0,41.0,237,731.0,13.0,800,744.0,-16.0,0,0,,0.0,0.0,0.0,0.0,0.0,2015-11-14,0,0.0,0.0,0.0,0.0,0.0
2015,11,13,5,AA,557,N162UW,CLT,SFO,1450,1509.0,19.0,26.0,1535.0,348.0,337.0,305.0,2296,1740.0,6.0,1738,1746.0,8.0,0,0,,0.0,0.0,0.0,0.0,0.0,2015-11-13,1,0.0,0.0,0.0,0.0,0.0
2015,11,13,5,WN,1118,N373SW,RDU,FLL,1410,1418.0,8.0,11.0,1429.0,120.0,119.0,104.0,680,1613.0,4.0,1610,1617.0,7.0,0,0,,0.0,0.0,0.0,0.0,0.0,2015-11-13,0,0.0,0.0,0.0,0.0,0.0
2015,10,12,1,WN,1961,N8616C,11259,15304,1445,1446.0,1.0,9.0,1455.0,140.0,126.0,111.0,917,1746.0,6.0,1805,1752.0,-13.0,0,0,,0.0,0.0,0.0,0.0,0.0,2015-10-12,0,0.0,0.0,0.0,0.0,0.0
2015,10,24,6,WN,1899,N385SW,13487,10397,1550,1547.0,-3.0,13.0,1600.0,155.0,144.0,122.0,907,1902.0,9.0,1925,1911.0,-14.0,0,0,,0.0,0.0,0.0,0.0,0.0,2015-10-24,0,0.0,0.0,0.0,0.0,0.0
2015,11,14,6,DL,1332,N961AT,LAX,SMF,1700,1732.0,32.0,15.0,1747.0,90.0,78.0,59.0,373,1846.0,4.0,1830,1850.0,20.0,0,0,,0.0,0.0,20.0,0.0,0.0,2015-11-14,1,0.0,0.0,62.5,0.0,0.0
2015,11,15,7,EV,3814,N11526,BTR,IAH,1225,1223.0,-2.0,9.0,1232.0,74.0,68.0,52.0,253,1324.0,7.0,1339,1331.0,-8.0,0,0,,0.0,0.0,0.0,0.0,0.0,2015-11-15,0,0.0,0.0,0.0,0.0,0.0
2015,11,17,2,AA,2312,N4XJAA,ORD,DFW,1026,1049.0,23.0,17.0,1106.0,161.0,178.0,149.0,802,1335.0,12.0,1307,1347.0,40.0,0,0,,17.0,0.0,0.0,23.0,0.0,2015-11-17,1,73.91,0.0,0.0,100.0,0.0
2015,10,30,5,AA,2385,N4XUAA,11298,14683,1750,1839.0,49.0,21.0,1900.0,67.0,74.0,51.0,247,1951.0,2.0,1857,1953.0,56.0,0,0,,7.0,0.0,49.0,0.0,0.0,2015-10-30,1,14.29,0.0,100.0,0.0,0.0
2015,11,9,1,WN,612,N8634A,MDW,DAL,950,956.0,6.0,6.0,1002.0,140.0,122.0,110.0,793,1152.0,6.0,1210,1158.0,-12.0,0,0,,0.0,0.0,0.0,0.0,0.0,2015-11-09,0,0.0,0.0,0.0,0.0,0.0
2015,10,28,3,OO,5401,N916SW,14252,14771,1429,1424.0,-5.0,12.0,1436.0,124.0,108.0,92.0,620,1608.0,4.0,1633,1612.0,-21.0,0,0,,0.0,0.0,0.0,0.0,0.0,2015-10-28,0,0.0,0.0,0.0,0.0,0.0
2015,11,4,3,OO,6450,N794SK,LAX,RNO,818,815.0,-3.0,13.0,828.0,91.0,91.0,75.0,391,943.0,3.0,949,946.0,-3.0,0,0,,0.0,0.0,0.0,0.0,0.0,2015-11-04,0,0.0,0.0,0.0,0.0,0.0
2015,10,13,2,OO,4816,N816SK,13198,13487,1942,1936.0,-6.0,8.0,1944.0,84.0,80.0,64.0,393,2048.0,8.0,2106,2056.0,-10.0,0,0,,0.0,0.0,0.0,0.0,0.0,2015-10-13,0,0.0,0.0,0.0,0.0,0.0
2015,10,31,6,DL,1433,N985DL,10397,11986,2056,2054.0,-2.0,10.0,2104.0,121.0,99.0,85.0,640,2229.0,4.0,2257,2233.0,-24.0,0,0,,0.0,0.0,0.0,0.0,0.0,2015-10-31,0,0.0,0.0,0.0,0.0,0.0
2015,11,16,1,EV,3819,N21197,ORD,HPN,1800,1759.0,-1.0,20.0,1819.0,129.0,122.0,96.0,738,2055.0,6.0,2109,2101.0,-8.0,0,0,,0.0,0.0,0.0,0.0,0.0,2015-11-16,0,0.0,0.0,0.0,0.0,0.0
2015,10,13,2,WN,1009,N8320J,12191,11697,2000,2003.0,3.0,17.0,2020.0,140.0,144.0,121.0,957,2321.0,6.0,2320,2327.0,7.0,0,0,,0.0,0.0,0.0,0.0,0.0,2015-10-13,0,0.0,0.0,0.0,0.0,0.0
2015,11,8,7,UA,799,N442UA,LAX,ORD,1723,1722.0,-1.0,13.0,1735.0,249.0,222.0,205.0,1744,2300.0,4.0,2332,2304.0,-28.0,0,0,,0.0,0.0,0.0,0.0,0.0,2015-11-08,0,0.0,0.0,0.0,0.0,0.0
2015,10,30,5,WN,467,N685SW,12191,10397,1400,1402.0,2.0,10.0,1412.0,120.0,107.0,90.0,696,1642.0,7.0,1700,1649.0,-11.0,0,0,,0.0,0.0,0.0,0.0,0.0,2015-10-30,0,0.0,0.0,0.0,0.0,0.0
2015,10,29,4,AA,1888,N741UW,14100,10721,1915,1921.0,6.0,17.0,1938.0,82.0,71.0,49.0,280,2027.0,5.0,2037,2032.0,-5.0,0,0,,0.0,0.0,0.0,0.0,0.0,2015-10-29,0,0.0,0.0,0.0,0.0,0.0
2015,10,19,1,VX,27,N840VA,12478,14771,1630,1634.0,4.0,14.0,1648.0,395.0,351.0,328.0,2586,1916.0,9.0,2005,1925.0,-40.0,0,0,,0.0,0.0,0.0,0.0,0.0,2015-10-19,0,0.0,0.0,0.0,0.0,0.0
2015,11,12,4,AS,76,N792AS,JNU,SEA,1420,1415.0,-5.0,18.0,1433.0,140.0,161.0,137.0,909,1750.0,6.0,1740,1756.0,16.0,0,0,,16.0,0.0,0.0,0.0,0.0,2015-11-12,0,-320.0,-0.0,-0.0,-0.0,-0.0
2015,11,9,1,DL,421,N722TW,JFK,SAN,1655,1650.0,-5.0,16.0,1706.0,379.0,360.0,341.0,2446,1947.0,3.0,2014,1950.0,-24.0,0,0,,0.0,0.0,0.0,0.0,0.0,2015-11-09,0,0.0,0.0,0.0,0.0,0.0
2015,10,16,5,UA,1681,N62883,12266,14771,1924,1951.0,27.0,22.0,2013.0,251.0,242.0,213.0,1635,2146.0,7.0,2135,2153.0,18.0,0,0,,0.0,0.0,12.0,6.0,0.0,2015-10-16,1,0.0,0.0,44.44,22.22,0.0
2015,10,14,3,OO,2960,N506CA,14107,11695,1515,1535.0,20.0,13.0,1548.0,49.0,42.0,25.0,119,1613.0,4.0,1604,1617.0,13.0,0,0,,0.0,0.0,0.0,0.0,0.0,2015-10-14,1,0.0,0.0,0.0,0.0,0.0
2015,11,3,2,AA,2232,N477AA,SJC,DFW,1145,1138.0,-7.0,13.0,1151.0,214.0,208.0,186.0,1438,1657.0,9.0,1719,1706.0,-13.0,0,0,,0.0,0.0,0.0,0.0,0.0,2015-11-03,0,0.0,0.0,0.0,0.0,0.0
2015,11,4,3,AA,1103,N3GPAA,LGA,MIA,959,951.0,-8.0,35.0,1026.0,193.0,195.0,151.0,1096,1257.0,9.0,1312,1306.0,-6.0,0,0,,0.0,0.0,0.0,0.0,0.0,2015-11-04,0,0.0,0.0,0.0,0.0,0.0
2015,10,14,3,OO,5325,N494CA,13342,13930,643,633.0,-10.0,19.0,652.0,50.0,62.0,22.0,67,714.0,21.0,733,735.0,2.0,0,0,,0.0,0.0,0.0,0.0,0.0,2015-10-14,0,0.0,0.0,0.0,0.0,0.0
2015,10,16,5,OO,7391,N8933B,14869,11865,1500,1456.0,-4.0,31.0,1527.0,85.0,98.0,62.0,410,1629.0,5.0,1625,1634.0,9.0,0,0,,0.0,0.0,0.0,0.0,0.0,2015-10-16,0,0.0,0.0,0.0,0.0,0.0
2015,10,22,4,OO,3433,N171SY,15016,14057,1645,1640.0,-5.0,13.0,1653.0,264.0,231.0,214.0,1708,1827.0,4.0,1909,1831.0,-38.0,0,0,,0.0,0.0,0.0,0.0,0.0,2015-10-22,0,0.0,0.0,0.0,0.0,0.0
2015,10,23,5,OO,5375,N948SW,12892,14698,2210,2207.0,-3.0,15.0,2222.0,56.0,46.0,27.0,156,2249.0,4.0,2306,2253.0,-13.0,0,0,,0.0,0.0,0.0,0.0,0.0,2015-10-23,0,0.0,0.0,0.0,0.0,0.0
2015,10,11,7,DL,1680,N684DA,10397,14771,1130,1128.0,-2.0,13.0,1141.0,315.0,298.0,257.0,2139,1258.0,28.0,1345,1326.0,-19.0,0,0,,0.0,0.0,0.0,0.0,0.0,2015-10-11,0,0.0,0.0,0.0,0.0,0.0
2015,11,7,6,WN,1780,N213WN,OAK,ABQ,1230,1229.0,-1.0,10.0,1239.0,135.0,128.0,114.0,889,1533.0,4.0,1545,1537.0,-8.0,0,0,,0.0,0.0,0.0,0.0,0.0,2015-11-07,0,0.0,0.0,0.0,0.0,0.0
2015,10,27,2,AA,2255,N3CSAA,11298,13204,655,652.0,-3.0,14.0,706.0,153.0,142.0,120.0,985,1006.0,8.0,1028,1014.0,-14.0,0,0,,0.0,0.0,0.0,0.0,0.0,2015-10-27,0,0.0,0.0,0.0,0.0,0.0
2015,10,17,6,WN,4427,N619SW,14683,10693,1350,1346.0,-4.0,10.0,1356.0,130.0,119.0,103.0,822,1539.0,6.0,1600,1545.0,-15.0,0,0,,0.0,0.0,0.0,0.0,0.0,2015-10-17,0,0.0,0.0,0.0,0.0,0.0
2015,11,12,4,B6,428,N599JB,MCO,EWR,2145,2224.0,39.0,11.0,2235.0,143.0,141.0,121.0,937,36.0,9.0,8,45.0,37.0,0,0,,0.0,0.0,1.0,36.0,0.0,2015-11-12,1,0.0,0.0,2.56,92.31,0.0
2015,10,23,5,DL,188,N380DA,11433,10721,1527,1525.0,-2.0,23.0,1548.0,114.0,115.0,83.0,632,1711.0,9.0,1721,1720.0,-1.0,0,0,,0.0,0.0,0.0,0.0,0.0,2015-10-23,0,0.0,0.0,0.0,0.0,0.0
2015,10,14,3,DL,891,N942DN,13303,10397,630,628.0,-2.0,16.0,644.0,115.0,105.0,83.0,594,807.0,6.0,825,813.0,-12.0,0,0,,0.0,0.0,0.0,0.0,0.0,2015-10-14,0,0.0,0.0,0.0,0.0,0.0
2015,10,13,2,WN,320,N282WN,11292,12889,1330,1325.0,-5.0,9.0,1334.0,110.0,96.0,82.0,628,1356.0,5.0,1420,1401.0,-19.0,0,0,,0.0,0.0,0.0,0.0,0.0,2015-10-13,0,0.0,0.0,0.0,0.0,0.0
2015,10,20,2,DL,2292,N361NW,14107,13487,855,850.0,-5.0,42.0,932.0,200.0,200.0,154.0,1276,1406.0,4.0,1415,1410.0,-5.0,0,0,,0.0,0.0,0.0,0.0,0.0,2015-10-20,0,0.0,0.0,0.0,0.0,0.0
2015,10,14,3,EV,5125,N847AS,10397,15919,1357,1351.0,-6.0,19.0,1410.0,116.0,106.0,84.0,589,1434.0,3.0,1453,1437.0,-16.0,0,0,,0.0,0.0,0.0,0.0,0.0,2015-10-14,0,0.0,0.0,0.0,0.0,0.0
2015,11,6,5,EV,5552,N712EV,CMH,LGA,1610,1749.0,99.0,19.0,1808.0,99.0,104.0,74.0,479,1922.0,11.0,1749,1933.0,104.0,0,0,,5.0,0.0,0.0,99.0,0.0,2015-11-06,1,5.05,0.0,0.0,100.0,0.0
2015,11,12,4,WN,4063,N280WN,DAL,DCA,1435,1435.0,0.0,16.0,1451.0,160.0,149.0,129.0,1184,1800.0,4.0,1815,1804.0,-11.0,0,0,,0.0,0.0,0.0,0.0,0.0,2015-11-12,0,0.0,0.0,0.0,0.0,0.0
2015,10,20,2,UA,833,N404UA,11042,13930,1720,1715.0,-5.0,9.0,1724.0,100.0,65.0,52.0,316,1716.0,4.0,1800,1720.0,-40.0,0,0,,0.0,0.0,0.0,0.0,0.0,2015-10-20,0,0.0,0.0,0.0,0.0,0.0
2015,11,9,1,WN,724,N774SW,HOU,MDW,2205,2200.0,-5.0,15.0,2215.0,140.0,138.0,117.0,937,12.0,6.0,25,18.0,-7.0,0,0,,0.0,0.0,0.0,0.0,0.0,2015-11-09,0,0.0,0.0,0.0,0.0,0.0
2015,11,15,7,OO,4584,N440SW,RAP,MSP,1150,1140.0,-10.0,17.0,1157.0,96.0,93.0,69.0,489,1406.0,7.0,1426,1413.0,-13.0,0,0,,0.0,0.0,0.0,0.0,0.0,2015-11-15,0,0.0,0.0,0.0,0.0,0.0
2015,11,9,1,WN,2978,N640SW,PHX,STL,1615,1622.0,7.0,16.0,1638.0,170.0,159.0,139.0,1262,1957.0,4.0,2005,2001.0,-4.0,0,0,,0.0,0.0,0.0,0.0,0.0,2015-11-09,0,0.0,0.0,0.0,0.0,0.0
2015,11,4,3,OO,5501,N959SW,DAY,ORD,1318,1317.0,-1.0,27.0,1344.0,67.0,72.0,40.0,240,1324.0,5.0,1325,1329.0,4.0,0,0,,0.0,0.0,0.0,0.0,0.0,2015-11-04,0,0.0,0.0,0.0,0.0,0.0
2015,11,12,4,OO,5557,N745SK,IAH,CVG,1545,1542.0,-3.0,22.0,1604.0,144.0,129.0,99.0,871,1843.0,8.0,1909,1851.0,-18.0,0,0,,0.0,0.0,0.0,0.0,0.0,2015-11-12,0,0.0,0.0,0.0,0.0,0.0
2015,10,25,7,DL,2241,N373DA,10397,13930,2045,2046.0,1.0,17.0,2103.0,129.0,119.0,83.0,606,2126.0,19.0,2154,2145.0,-9.0,0,0,,0.0,0.0,0.0,0.0,0.0,2015-10-25,0,0.0,0.0,0.0,0.0,0.0
2015,11,11,3,EV,4921,N843AS,ATL,SHV,1100,1052.0,-8.0,14.0,1106.0,117.0,111.0,92.0,551,1138.0,5.0,1157,1143.0,-14.0,0,0,,0.0,0.0,0.0,0.0,0.0,2015-11-11,0,0.0,0.0,0.0,0.0,0.0
2015,10,14,3,DL,841,N325NB,11278,13487,1500,1454.0,-6.0,19.0,1513.0,165.0,164.0,140.0,931,1633.0,5.0,1645,1638.0,-7.0,0,0,,0.0,0.0,0.0,0.0,0.0,2015-10-14,0,0.0,0.0,0.0,0.0,0.0
2015,10,15,4,WN,2921,N8601C,13232,14122,1330,1325.0,-5.0,9.0,1334.0,80.0,67.0,52.0,402,1526.0,6.0,1550,1532.0,-18.0,0,0,,0.0,0.0,0.0,0.0,0.0,2015-10-15,0,0.0,0.0,0.0,0.0,0.0
2015,11,9,1,WN,2542,N465WN,SMF,BUR,1720,1718.0,-2.0,7.0,1725.0,65.0,64.0,52.0,358,1817.0,5.0,1825,1822.0,-3.0,0,0,,0.0,0.0,0.0,0.0,0.0,2015-11-09,0,0.0,0.0,0.0,0.0,0.0
2015,11,8,7,DL,853,N595NW,RSW,DTW,1135,1128.0,-7.0,15.0,1143.0,171.0,158.0,137.0,1084,1400.0,6.0,1426,1406.0,-20.0,0,0,,0.0,0.0,0.0,0.0,0.0,2015-11-08,0,0.0,0.0,0.0,0.0,0.0
2015,10,28,3,UA,367,N68817,10821,11292,1606,1559.0,-7.0,21.0,1620.0,250.0,256.0,224.0,1491,1804.0,11.0,1816,1815.0,-1.0,0,0,,0.0,0.0,0.0,0.0,0.0,2015-10-28,0,0.0,0.0,0.0,0.0,0.0
2015,11,3,2,OO,4475,N457SW,ISN,MSP,1655,1643.0,-12.0,42.0,1725.0,105.0,127.0,80.0,546,1845.0,5.0,1840,1850.0,10.0,0,0,,0.0,0.0,0.0,0.0,0.0,2015-11-03,0,0.0,0.0,0.0,0.0,0.0
2015,11,9,1,B6,1888,N706JB,MCO,ORH,1344,1404.0,20.0,10.0,1414.0,158.0,145.0,130.0,1091,1624.0,5.0,1622,1629.0,7.0,0,0,,0.0,0.0,0.0,0.0,0.0,2015-11-09,1,0.0,0.0,0.0,0.0,0.0
2015,10,15,4,DL,1801,N334NW,14570,14869,625,621.0,-4.0,13.0,634.0,87.0,81.0,63.0,422,837.0,5.0,852,842.0,-10.0,0,0,,0.0,0.0,0.0,0.0,0.0,2015-10-15,0,0.0,0.0,0.0,0.0,0.0
2015,11,18,3,WN,264,N7727A,JAX,MDW,1140,1135.0,-5.0,9.0,1144.0,150.0,137.0,112.0,849,1236.0,16.0,1310,1252.0,-18.0,0,0,,0.0,0.0,0.0,0.0,0.0,2015-11-18,0,0.0,0.0,0.0,0.0,0.0
2015,10,22,4,WN,2607,N687SW,14771,12892,1025,1109.0,44.0,19.0,1128.0,85.0,80.0,56.0,337,1224.0,5.0,1150,1229.0,39.0,0,0,,0.0,0.0,32.0,7.0,0.0,2015-10-22,1,0.0,0.0,72.73,15.91,0.0
2015,11,2,1,DL,2830,N583NW,MCO,ATL,1930,1952.0,22.0,12.0,2004.0,96.0,90.0,66.0,404,2110.0,12.0,2106,2122.0,16.0,0,0,,0.0,0.0,0.0,16.0,0.0,2015-11-02,1,0.0,0.0,0.0,72.73,0.0
2015,11,1,7,B6,1776,N368JB,PHL,BOS,840,834.0,-6.0,10.0,844.0,74.0,69.0,53.0,280,937.0,6.0,954,943.0,-11.0,0,0,,0.0,0.0,0.0,0.0,0.0,2015-11-01,0,0.0,0.0,0.0,0.0,0.0
2015,10,31,6,UA,1953,N66841,14057,12266,1225,1251.0,26.0,8.0,1259.0,238.0,239.0,207.0,1825,1826.0,24.0,1823,1850.0,27.0,0,0,,3.0,0.0,0.0,24.0,0.0,2015-10-31,1,11.54,0.0,0.0,92.31,0.0
2015,11,17,2,OO,4678,N452SW,MSP,DLH,1000,1150.0,110.0,20.0,1210.0,56.0,51.0,28.0,144,1238.0,3.0,1056,1241.0,105.0,0,0,,0.0,0.0,105.0,0.0,0.0,2015-11-17,1,0.0,0.0,95.45,0.0,0.0
2015,11,11,3,OO,4604,N162PQ,SLC,ORD,1700,1924.0,144.0,19.0,1943.0,187.0,177.0,152.0,1250,2315.0,6.0,2107,2321.0,134.0,0,0,,0.0,0.0,0.0,0.0,134.0,2015-11-11,1,0.0,0.0,0.0,0.0,93.06
2015,10,13,2,WN,2841,N422WN,11259,12889,600,558.0,-2.0,10.0,608.0,170.0,154.0,136.0,1067,624.0,8.0,650,632.0,-18.0,0,0,,0.0,0.0,0.0,0.0,0.0,2015-10-13,0,0.0,0.0,0.0,0.0,0.0
2015,10,16,5,VX,218,N361VA,14771,10423,1125,1126.0,1.0,9.0,1135.0,205.0,200.0,188.0,1504,1643.0,3.0,1650,1646.0,-4.0,0,0,,0.0,0.0,0.0,0.0,0.0,2015-10-16,0,0.0,0.0,0.0,0.0,0.0
2015,11,13,5,EV,5103,N153PQ,ATL,GNV,1508,1459.0,-9.0,29.0,1528.0,75.0,77.0,45.0,300,1613.0,3.0,1623,1616.0,-7.0,0,0,,0.0,0.0,0.0,0.0,0.0,2015-11-13,0,0.0,0.0,0.0,0.0,0.0
2015,11,1,7,EV,4629,N11539,CVG,EWR,1954,1952.0,-2.0,19.0,2011.0,121.0,119.0,84.0,569,2135.0,16.0,2155,2151.0,-4.0,0,0,,0.0,0.0,0.0,0.0,0.0,2015-11-01,0,0.0,0.0,0.0,0.0,0.0
2015,11,7,6,AS,311,N791AS,PSP,SFO,600,554.0,-6.0,10.0,604.0,94.0,78.0,62.0,421,706.0,6.0,734,712.0,-22.0,0,0,,0.0,0.0,0.0,0.0,0.0,2015-11-07,0,0.0,0.0,0.0,0.0,0.0
2015,11,2,1,B6,118,N368JB,JFK,BOS,1359,1359.0,0.0,21.0,1420.0,67.0,68.0,40.0,187,1500.0,7.0,1506,1507.0,1.0,0,0,,0.0,0.0,0.0,0.0,0.0,2015-11-02,0,0.0,0.0,0.0,0.0,0.0
2015,11,2,1,AA,1770,N724UW,RIC,CLT,655,652.0,-3.0,13.0,705.0,77.0,78.0,60.0,257,805.0,5.0,812,810.0,-2.0,0,0,,0.0,0.0,0.0,0.0,0.0,2015-11-02,0,0.0,0.0,0.0,0.0,0.0
2015,11,5,4,EV,5120,N753EV,CLE,LGA,1210,1203.0,-7.0,9.0,1212.0,99.0,86.0,71.0,419,1323.0,6.0,1349,1329.0,-20.0,0,0,,0.0,0.0,0.0,0.0,0.0,2015-11-05,0,0.0,0.0,0.0,0.0,0.0
2015,11,12,4,MQ,3475,N836MQ,HOU,DFW,803,755.0,-8.0,13.0,808.0,79.0,70.0,42.0,247,850.0,15.0,922,905.0,-17.0,0,0,,0.0,0.0,0.0,0.0,0.0,2015-11-12,0,0.0,0.0,0.0,0.0,0.0
2015,10,28,3,WN,3074,N7736A,14679,14683,640,637.0,-3.0,20.0,657.0,160.0,159.0,135.0,1129,1112.0,4.0,1120,1116.0,-4.0,0,0,,0.0,0.0,0.0,0.0,0.0,2015-10-28,0,0.0,0.0,0.0,0.0,0.0
2015,11,3,2,WN,398,N7740A,STL,PHX,845,856.0,11.0,8.0,904.0,210.0,189.0,175.0,1262,1059.0,6.0,1115,1105.0,-10.0,0,0,,0.0,0.0,0.0,0.0,0.0,2015-11-03,0,0.0,0.0,0.0,0.0,0.0
2015,10,16,5,HA,223,N492HA,12173,12982,1941,2000.0,19.0,10.0,2010.0,41.0,37.0,22.0,102,2032.0,5.0,2022,2037.0,15.0,0,0,,0.0,0.0,0.0,15.0,0.0,2015-10-16,1,0.0,0.0,0.0,78.95,0.0
2015,10,29,4,VX,260,N640VA,12889,12478,2200,2202.0,2.0,18.0,2220.0,299.0,289.0,258.0,2248,538.0,13.0,559,551.0,-8.0,0,0,,0.0,0.0,0.0,0.0,0.0,2015-10-29,0,0.0,0.0,0.0,0.0,0.0
2015,10,14,3,NK,615,N619NK,11697,15304,2155,2151.0,-4.0,12.0,2203.0,54.0,54.0,36.0,197,2239.0,6.0,2249,2245.0,-4.0,0,0,,0.0,0.0,0.0,0.0,0.0,2015-10-14,0,0.0,0.0,0.0,0.0,0.0
2015,11,1,7,EV,5235,N611QX,BGR,DTW,840,852.0,12.0,10.0,902.0,145.0,140.0,126.0,750,1108.0,4.0,1105,1112.0,7.0,0,0,,0.0,0.0,0.0,0.0,0.0,2015-11-01,0,0.0,0.0,0.0,0.0,0.0
2015,10,13,2,WN,1231,N525SW,10423,12191,1600,1603.0,3.0,11.0,1614.0,55.0,45.0,31.0,148,1645.0,3.0,1655,1648.0,-7.0,0,0,,0.0,0.0,0.0,0.0,0.0,2015-10-13,0,0.0,0.0,0.0,0.0,0.0
2015,11,2,1,OO,3477,N219AG,FAT,SAN,650,638.0,-12.0,18.0,656.0,68.0,75.0,54.0,314,750.0,3.0,758,753.0,-5.0,0,0,,0.0,0.0,0.0,0.0,0.0,2015-11-02,0,0.0,0.0,0.0,0.0,0.0
2015,10,12,1,DL,1153,N903DA,10821,10397,1500,1459.0,-1.0,17.0,1516.0,116.0,104.0,80.0,577,1636.0,7.0,1656,1643.0,-13.0,0,0,,0.0,0.0,0.0,0.0,0.0,2015-10-12,0,0.0,0.0,0.0,0.0,0.0
2015,10,26,1,WN,3247,N8647A,12191,14107,1845,1847.0,2.0,11.0,1858.0,170.0,161.0,143.0,1020,1921.0,7.0,1935,1928.0,-7.0,0,0,,0.0,0.0,0.0,0.0,0.0,2015-10-26,0,0.0,0.0,0.0,0.0,0.0
2015,10,14,3,MQ,3324,N931MQ,13930,11066,2145,2140.0,-5.0,9.0,2149.0,83.0,58.0,46.0,296,2335.0,3.0,8,2338.0,-30.0,0,0,,0.0,0.0,0.0,0.0,0.0,2015-10-14,0,0.0,0.0,0.0,0.0,0.0
2015,10,21,3,HA,25,N384HA,14057,12173,1015,1012.0,-3.0,16.0,1028.0,355.0,358.0,326.0,2603,1254.0,16.0,1310,1310.0,0.0,0,0,,0.0,0.0,0.0,0.0,0.0,2015-10-21,0,0.0,0.0,0.0,0.0,0.0
2015,11,16,1,DL,2087,N368NW,MCI,MSP,915,911.0,-4.0,14.0,925.0,84.0,78.0,61.0,393,1026.0,3.0,1039,1029.0,-10.0,0,0,,0.0,0.0,0.0,0.0,0.0,2015-11-16,0,0.0,0.0,0.0,0.0,0.0
2015,10,30,5,UA,546,N68836,14679,12264,800,759.0,-1.0,26.0,825.0,291.0,300.0,259.0,2253,1544.0,15.0,1551,1559.0,8.0,0,0,,0.0,0.0,0.0,0.0,0.0,2015-10-30,0,0.0,0.0,0.0,0.0,0.0
2015,11,3,2,HA,15,N396HA,SAN,HNL,1030,1025.0,-5.0,18.0,1043.0,370.0,353.0,330.0,2614,1413.0,5.0,1440,1418.0,-22.0,0,0,,0.0,0.0,0.0,0.0,0.0,2015-11-03,0,0.0,0.0,0.0,0.0,0.0
2015,10,30,5,UA,453,N838UA,10397,11292,1633,1632.0,-1.0,19.0,1651.0,222.0,194.0,167.0,1199,1738.0,8.0,1815,1746.0,-29.0,0,0,,0.0,0.0,0.0,0.0,0.0,2015-10-30,0,0.0,0.0,0.0,0.0,0.0
2015,11,18,3,DL,2512,N922DL,HSV,ATL,650,728.0,38.0,24.0,752.0,67.0,67.0,35.0,151,927.0,8.0,857,935.0,38.0,0,0,,0.0,0.0,0.0,0.0,38.0,2015-11-18,1,0.0,0.0,0.0,0.0,100.0
2015,11,10,2,UA,357,N448UA,IAD,SEA,1235,1230.0,-5.0,15.0,1245.0,353.0,325.0,301.0,2306,1446.0,9.0,1528,1455.0,-33.0,0,0,,0.0,0.0,0.0,0.0,0.0,2015-11-10,0,0.0,0.0,0.0,0.0,0.0
2015,10,13,2,DL,2131,N927DA,12953,11433,1850,1928.0,38.0,17.0,1945.0,132.0,99.0,75.0,502,2100.0,7.0,2102,2107.0,5.0,0,0,,0.0,0.0,0.0,0.0,0.0,2015-10-13,1,0.0,0.0,0.0,0.0,0.0
2015,10,23,5,DL,1421,N913DL,10868,10397,1825,1822.0,-3.0,7.0,1829.0,77.0,55.0,39.0,192,1908.0,9.0,1942,1917.0,-25.0,0,0,,0.0,0.0,0.0,0.0,0.0,2015-10-23,0,0.0,0.0,0.0,0.0,0.0
2015,11,16,1,DL,2611,N325NB,MSY,JFK,1800,1756.0,-4.0,13.0,1809.0,179.0,176.0,154.0,1182,2143.0,9.0,2159,2152.0,-7.0,0,0,,0.0,0.0,0.0,0.0,0.0,2015-11-16,0,0.0,0.0,0.0,0.0,0.0
2015,10,14,3,AA,486,N174US,14679,14107,1625,1627.0,2.0,23.0,1650.0,76.0,84.0,55.0,304,1745.0,6.0,1741,1751.0,10.0,0,0,,0.0,0.0,0.0,0.0,0.0,2015-10-14,0,0.0,0.0,0.0,0.0,0.0
2015,10,25,7,F9,1330,N918FR,13930,15304,1525,1518.0,-7.0,15.0,1533.0,155.0,159.0,134.0,1012,1847.0,10.0,1900,1857.0,-3.0,0,0,,0.0,0.0,0.0,0.0,0.0,2015-10-25,0,0.0,0.0,0.0,0.0,0.0
2015,11,14,6,AA,2051,N275AY,PHL,MIA,955,955.0,0.0,37.0,1032.0,183.0,200.0,143.0,1013,1255.0,20.0,1258,1315.0,17.0,0,0,,17.0,0.0,0.0,0.0,0.0,2015-11-14,0,inf,0.0,0.0,0.0,0.0
2015,11,12,4,WN,5484,N289CT,BWI,BUF,2015,2040.0,25.0,10.0,2050.0,70.0,64.0,49.0,281,2139.0,5.0,2125,2144.0,19.0,0,0,,0.0,0.0,14.0,5.0,0.0,2015-11-12,1,0.0,0.0,56.0,20.0,0.0
2015,10,28,3,UA,1978,N14115,11618,14771,1330,1343.0,13.0,18.0,1401.0,396.0,358.0,333.0,2565,1634.0,7.0,1706,1641.0,-25.0,0,0,,0.0,0.0,0.0,0.0,0.0,2015-10-28,0,0.0,0.0,0.0,0.0,0.0
2015,10,11,7,WN,2584,N416WN,13244,15304,1110,1119.0,9.0,10.0,1129.0,110.0,100.0,87.0,655,1356.0,3.0,1400,1359.0,-1.0,0,0,,0.0,0.0,0.0,0.0,0.0,2015-10-11,0,0.0,0.0,0.0,0.0,0.0
2015,11,11,3,B6,1190,N249JB,DCA,BOS,2050,2044.0,-6.0,12.0,2056.0,85.0,77.0,60.0,399,2156.0,5.0,2215,2201.0,-14.0,0,0,,0.0,0.0,0.0,0.0,0.0,2015-11-11,0,0.0,0.0,0.0,0.0,0.0
2015,10,13,2,MQ,3202,N644MQ,11298,11867,1405,1400.0,-5.0,15.0,1415.0,89.0,91.0,73.0,404,1528.0,3.0,1534,1531.0,-3.0,0,0,,0.0,0.0,0.0,0.0,0.0,2015-10-13,0,0.0,0.0,0.0,0.0,0.0
2015,10,25,7,WN,536,N740SW,14100,10693,830,825.0,-5.0,14.0,839.0,130.0,123.0,105.0,675,924.0,4.0,940,928.0,-12.0,0,0,,0.0,0.0,0.0,0.0,0.0,2015-10-25,0,0.0,0.0,0.0,0.0,0.0
2015,11,4,3,B6,395,N583JB,HPN,MCO,1023,1023.0,0.0,12.0,1035.0,165.0,153.0,130.0,972,1245.0,11.0,1308,1256.0,-12.0,0,0,,0.0,0.0,0.0,0.0,0.0,2015-11-04,0,0.0,0.0,0.0,0.0,0.0
2015,11,11,3,WN,1655,N485WN,BWI,OAK,845,844.0,-1.0,29.0,913.0,370.0,377.0,343.0,2447,1156.0,5.0,1155,1201.0,6.0,0,0,,0.0,0.0,0.0,0.0,0.0,2015-11-11,0,0.0,0.0,0.0,0.0,0.0
2015,10,31,6,UA,833,N12238,10713,11292,705,701.0,-4.0,9.0,710.0,111.0,93.0,78.0,649,828.0,6.0,856,834.0,-22.0,0,0,,0.0,0.0,0.0,0.0,0.0,2015-10-31,0,0.0,0.0,0.0,0.0,0.0
2015,11,7,6,AA,2511,N566AA,DFW,ABQ,1300,1256.0,-4.0,18.0,1314.0,111.0,110.0,85.0,569,1339.0,7.0,1351,1346.0,-5.0,0,0,,0.0,0.0,0.0,0.0,0.0,2015-11-07,0,0.0,0.0,0.0,0.0,0.0
2015,11,19,4,DL,2601,N3738B,MCO,JFK,1920,2120.0,120.0,20.0,2140.0,159.0,157.0,130.0,944,2350.0,7.0,2159,2357.0,118.0,0,0,,104.0,0.0,0.0,14.0,0.0,2015-11-19,1,86.67,0.0,0.0,11.67,0.0
2015,11,15,7,B6,798,N351JB,DCA,BDL,734,730.0,-4.0,10.0,740.0,77.0,68.0,54.0,313,834.0,4.0,851,838.0,-13.0,0,0,,0.0,0.0,0.0,0.0,0.0,2015-11-15,0,0.0,0.0,0.0,0.0,0.0
2015,10,18,7,AA,1766,N819AW,11057,13931,2010,2013.0,3.0,14.0,2027.0,67.0,61.0,43.0,290,2110.0,4.0,2117,2114.0,-3.0,0,0,,0.0,0.0,0.0,0.0,0.0,2015-10-18,0,0.0,0.0,0.0,0.0,0.0
2015,10,22,4,OO,5172,N471CA,13476,14771,2043,2116.0,33.0,16.0,2132.0,42.0,39.0,20.0,77,2152.0,3.0,2125,2155.0,30.0,0,0,,0.0,0.0,0.0,30.0,0.0,2015-10-22,1,0.0,0.0,0.0,90.91,0.0
2015,11,10,2,WN,233,N295WN,MKE,BWI,555,558.0,3.0,12.0,610.0,120.0,141.0,87.0,641,837.0,42.0,855,919.0,24.0,0,0,,24.0,0.0,0.0,0.0,0.0,2015-11-10,0,800.0,0.0,0.0,0.0,0.0
2015,10,29,4,WN,253,N725SW,15016,13198,1525,1611.0,46.0,5.0,1616.0,60.0,57.0,46.0,237,1702.0,6.0,1625,1708.0,43.0,0,0,,0.0,0.0,40.0,3.0,0.0,2015-10-29,1,0.0,0.0,86.96,6.52,0.0
2015,10,25,7,WN,2553,N600WN,14122,14635,800,758.0,-2.0,9.0,807.0,155.0,146.0,134.0,966,1021.0,3.0,1035,1024.0,-11.0,0,0,,0.0,0.0,0.0,0.0,0.0,2015-10-25,0,0.0,0.0,0.0,0.0,0.0
2015,11,15,7,UA,809,N821UA,SFO,SNA,1400,1356.0,-4.0,29.0,1425.0,100.0,97.0,64.0,372,1529.0,4.0,1540,1533.0,-7.0,0,0,,0.0,0.0,0.0,0.0,0.0,2015-11-15,0,0.0,0.0,0.0,0.0,0.0
2015,10,24,6,WN,4002,N479WN,13891,12889,855,850.0,-5.0,9.0,859.0,55.0,55.0,41.0,197,940.0,5.0,950,945.0,-5.0,0,0,,0.0,0.0,0.0,0.0,0.0,2015-10-24,0,0.0,0.0,0.0,0.0,0.0
2015,10,27,2,NK,561,N530NK,12889,12892,1330,1325.0,-5.0,12.0,1337.0,70.0,66.0,41.0,236,1418.0,13.0,1440,1431.0,-9.0,0,0,,0.0,0.0,0.0,0.0,0.0,2015-10-27,0,0.0,0.0,0.0,0.0,0.0
2015,10,22,4,DL,947,N319US,10721,10397,2030,2022.0,-8.0,32.0,2054.0,168.0,168.0,130.0,946,2304.0,6.0,2318,2310.0,-8.0,0,0,,0.0,0.0,0.0,0.0,0.0,2015-10-22,0,0.0,0.0,0.0,0.0,0.0
2015,10,20,2,DL,1902,N930AT,12953,14027,1429,1426.0,-3.0,17.0,1443.0,189.0,155.0,135.0,1035,1658.0,3.0,1738,1701.0,-37.0,0,0,,0.0,0.0,0.0,0.0,0.0,2015-10-20,0,0.0,0.0,0.0,0.0,0.0
2015,11,10,2,MQ,3390,N609MQ,GRR,ORD,2058,2047.0,-11.0,9.0,2056.0,67.0,51.0,30.0,137,2026.0,12.0,2105,2038.0,-27.0,0,0,,0.0,0.0,0.0,0.0,0.0,2015-11-10,0,0.0,0.0,0.0,0.0,0.0
2015,10,28,3,MQ,3300,N827MQ,13930,11267,830,835.0,5.0,29.0,904.0,80.0,80.0,46.0,240,1050.0,5.0,1050,1055.0,5.0,0,0,,0.0,0.0,0.0,0.0,0.0,2015-10-28,0,0.0,0.0,0.0,0.0,0.0
2015,10,23,5,OO,2959,N468CA,14107,11921,1500,1454.0,-6.0,11.0,1505.0,85.0,85.0,71.0,438,1716.0,3.0,1725,1719.0,-6.0,0,0,,0.0,0.0,0.0,0.0,0.0,2015-10-23,0,0.0,0.0,0.0,0.0,0.0
2015,10,29,4,WN,494,N965WN,14107,10423,1345,1344.0,-1.0,15.0,1359.0,130.0,126.0,106.0,872,1745.0,5.0,1755,1750.0,-5.0,0,0,,0.0,0.0,0.0,0.0,0.0,2015-10-29,0,0.0,0.0,0.0,0.0,0.0
2015,10,30,5,AA,1395,N4XPAA,13487,11298,640,641.0,1.0,25.0,706.0,155.0,173.0,136.0,852,922.0,12.0,915,934.0,19.0,0,0,,19.0,0.0,0.0,0.0,0.0,2015-10-30,0,1900.0,0.0,0.0,0.0,0.0
2015,11,4,3,AA,159,N3FTAA,SFO,DFW,1044,1044.0,0.0,19.0,1103.0,211.0,217.0,182.0,1464,1605.0,16.0,1615,1621.0,6.0,0,0,,0.0,0.0,0.0,0.0,0.0,2015-11-04,0,0.0,0.0,0.0,0.0,0.0
2015,10,27,2,WN,1306,N7733B,13796,13232,1040,1041.0,1.0,10.0,1051.0,245.0,232.0,217.0,1844,1628.0,5.0,1645,1633.0,-12.0,0,0,,0.0,0.0,0.0,0.0,0.0,2015-10-27,0,0.0,0.0,0.0,0.0,0.0
2015,11,13,5,UA,1252,N61882,MCO,EWR,2024,2016.0,-8.0,16.0,2032.0,155.0,153.0,125.0,937,2237.0,12.0,2259,2249.0,-10.0,0,0,,0.0,0.0,0.0,0.0,0.0,2015-11-13,0,0.0,0.0,0.0,0.0,0.0
2015,10,21,3,AA,1590,N5ERAA,12889,11298,1100,1052.0,-8.0,17.0,1109.0,169.0,166.0,136.0,1055,1525.0,13.0,1549,1538.0,-11.0,0,0,,0.0,0.0,0.0,0.0,0.0,2015-10-21,0,0.0,0.0,0.0,0.0,0.0
2015,10,25,7,OO,4771,N442SW,13487,11337,1420,1419.0,-1.0,18.0,1437.0,54.0,52.0,29.0,144,1506.0,5.0,1514,1511.0,-3.0,0,0,,0.0,0.0,0.0,0.0,0.0,2015-10-25,0,0.0,0.0,0.0,0.0,0.0
2015,11,8,7,EV,5117,N611QX,MSP,CLE,1935,1934.0,-1.0,35.0,2009.0,117.0,127.0,87.0,622,2236.0,5.0,2232,2241.0,9.0,0,0,,0.0,0.0,0.0,0.0,0.0,2015-11-08,0,0.0,0.0,0.0,0.0,0.0
2015,10,18,7,OO,4777,N813SK,12892,14679,1830,1839.0,9.0,22.0,1901.0,57.0,54.0,28.0,109,1929.0,4.0,1927,1933.0,6.0,0,0,,0.0,0.0,0.0,0.0,0.0,2015-10-18,0,0.0,0.0,0.0,0.0,0.0
2015,11,19,4,AA,937,N5EWAA,JFK,SJU,805,801.0,-4.0,28.0,829.0,235.0,221.0,187.0,1598,1236.0,6.0,1300,1242.0,-18.0,0,0,,0.0,0.0,0.0,0.0,0.0,2015-11-19,0,0.0,0.0,0.0,0.0,0.0
2015,10,17,6,AA,292,N799AA,12892,12478,600,556.0,-4.0,17.0,613.0,336.0,317.0,295.0,2475,1408.0,5.0,1436,1413.0,-23.0,0,0,,0.0,0.0,0.0,0.0,0.0,2015-10-17,0,0.0,0.0,0.0,0.0,0.0
2015,11,10,2,WN,411,N964WN,SEA,DEN,1550,1601.0,11.0,13.0,1614.0,155.0,144.0,125.0,1024,1919.0,6.0,1925,1925.0,0.0,0,0,,0.0,0.0,0.0,0.0,0.0,2015-11-10,0,0.0,0.0,0.0,0.0,0.0
2015,11,14,6,WN,2249,N7741C,MCI,DCA,1935,1949.0,14.0,10.0,1959.0,135.0,132.0,117.0,949,2256.0,5.0,2250,2301.0,11.0,0,0,,0.0,0.0,0.0,0.0,0.0,2015-11-14,0,0.0,0.0,0.0,0.0,0.0
2015,11,14,6,UA,563,N836UA,PHL,ORD,1637,1631.0,-6.0,15.0,1646.0,153.0,126.0,107.0,678,1733.0,4.0,1810,1737.0,-33.0,0,0,,0.0,0.0,0.0,0.0,0.0,2015-11-14,0,0.0,0.0,0.0,0.0,0.0
2015,10,25,7,NK,940,N515NK,11298,13930,617,618.0,1.0,12.0,630.0,144.0,131.0,97.0,802,807.0,22.0,841,829.0,-12.0,0,0,,0.0,0.0,0.0,0.0,0.0,2015-10-25,0,0.0,0.0,0.0,0.0,0.0
2015,10,23,5,AA,1755,N950UW,14100,14492,2030,2025.0,-5.0,10.0,2035.0,79.0,72.0,59.0,337,2134.0,3.0,2149,2137.0,-12.0,0,0,,0.0,0.0,0.0,0.0,0.0,2015-10-23,0,0.0,0.0,0.0,0.0,0.0
2015,11,14,6,AS,331,N756AS,SFO,SEA,1805,1757.0,-8.0,19.0,1816.0,124.0,115.0,88.0,679,1944.0,8.0,2009,1952.0,-17.0,0,0,,0.0,0.0,0.0,0.0,0.0,2015-11-14,0,0.0,0.0,0.0,0.0,0.0
2015,11,5,4,EV,4514,N29917,CID,ORD,1141,1131.0,-10.0,13.0,1144.0,73.0,74.0,36.0,196,1220.0,25.0,1254,1245.0,-9.0,0,0,,0.0,0.0,0.0,0.0,0.0,2015-11-05,0,0.0,0.0,0.0,0.0,0.0
2015,11,10,2,OO,7384,N936SW,SLC,CPR,2000,2005.0,5.0,15.0,2020.0,80.0,65.0,47.0,320,2107.0,3.0,2120,2110.0,-10.0,0,0,,0.0,0.0,0.0,0.0,0.0,2015-11-10,0,0.0,0.0,0.0,0.0,0.0
2015,10,24,6,AA,2488,N547AA,11298,15304,710,823.0,73.0,14.0,837.0,148.0,132.0,114.0,929,1131.0,4.0,1038,1135.0,57.0,0,0,,0.0,0.0,57.0,0.0,0.0,2015-10-24,1,0.0,0.0,78.08,0.0,0.0
2015,10,26,1,EV,4707,N17196,12266,12206,1440,1434.0,-6.0,21.0,1455.0,72.0,81.0,56.0,295,1551.0,4.0,1552,1555.0,3.0,0,0,,0.0,0.0,0.0,0.0,0.0,2015-10-26,0,0.0,0.0,0.0,0.0,0.0
2015,10,22,4,B6,1884,N524JB,13204,12478,1631,1748.0,77.0,23.0,1811.0,158.0,172.0,133.0,944,2024.0,16.0,1909,2040.0,91.0,0,0,,14.0,0.0,8.0,69.0,0.0,2015-10-22,1,18.18,0.0,10.39,89.61,0.0
2015,11,19,4,B6,965,N552JB,BOS,RSW,1045,1041.0,-4.0,9.0,1050.0,215.0,205.0,189.0,1249,1359.0,7.0,1420,1406.0,-14.0,0,0,,0.0,0.0,0.0,0.0,0.0,2015-11-19,0,0.0,0.0,0.0,0.0,0.0
2015,11,12,4,OO,4760,N441SW,SLC,GTF,1959,1955.0,-4.0,13.0,2008.0,91.0,85.0,68.0,463,2116.0,4.0,2130,2120.0,-10.0,0,0,,0.0,0.0,0.0,0.0,0.0,2015-11-12,0,0.0,0.0,0.0,0.0,0.0
2015,11,10,2,AA,1789,N121UW,PHL,CLT,1135,1149.0,14.0,21.0,1210.0,109.0,108.0,85.0,449,1335.0,2.0,1324,1337.0,13.0,0,0,,0.0,0.0,0.0,0.0,0.0,2015-11-10,0,0.0,0.0,0.0,0.0,0.0
2015,10,12,1,AA,2480,N867AA,11298,12892,1315,1317.0,2.0,8.0,1325.0,203.0,172.0,158.0,1235,1403.0,6.0,1438,1409.0,-29.0,0,0,,0.0,0.0,0.0,0.0,0.0,2015-10-12,0,0.0,0.0,0.0,0.0,0.0
2015,10,28,3,DL,1474,N920DE,10397,11042,1027,1027.0,0.0,19.0,1046.0,106.0,100.0,74.0,554,1200.0,7.0,1213,1207.0,-6.0,0,0,,0.0,0.0,0.0,0.0,0.0,2015-10-28,0,0.0,0.0,0.0,0.0,0.0
2015,11,19,4,WN,298,N610WN,DAL,MCI,2205,2228.0,23.0,7.0,2235.0,85.0,78.0,67.0,460,2342.0,4.0,2330,2346.0,16.0,0,0,,0.0,0.0,1.0,15.0,0.0,2015-11-19,1,0.0,0.0,4.35,65.22,0.0
2015,10,18,7,DL,228,N994DL,13204,11193,1245,1236.0,-9.0,19.0,1255.0,124.0,133.0,108.0,757,1443.0,6.0,1449,1449.0,0.0,0,0,,0.0,0.0,0.0,0.0,0.0,2015-10-18,0,0.0,0.0,0.0,0.0,0.0
2015,11,5,4,DL,1619,N357NB,DEN,DTW,1130,1128.0,-2.0,12.0,1140.0,166.0,148.0,127.0,1123,1547.0,9.0,1616,1556.0,-20.0,0,0,,0.0,0.0,0.0,0.0,0.0,2015-11-05,0,0.0,0.0,0.0,0.0,0.0
2015,11,19,4,OO,4570,N632SK,SEA,JNU,1801,1821.0,20.0,22.0,1843.0,165.0,176.0,151.0,909,2014.0,3.0,1946,2017.0,31.0,0,0,,11.0,0.0,20.0,0.0,0.0,2015-11-19,1,55.0,0.0,100.0,0.0,0.0
2015,10,21,3,EV,4343,N11192,12266,13871,1134,1134.0,0.0,21.0,1155.0,139.0,128.0,102.0,781,1337.0,5.0,1353,1342.0,-11.0,0,0,,0.0,0.0,0.0,0.0,0.0,2015-10-21,0,0.0,0.0,0.0,0.0,0.0
2015,11,14,6,UA,759,N66814,MCO,SFO,639,636.0,-3.0,14.0,650.0,367.0,351.0,328.0,2446,918.0,9.0,946,927.0,-19.0,0,0,,0.0,0.0,0.0,0.0,0.0,2015-11-14,0,0.0,0.0,0.0,0.0,0.0
2015,11,9,1,WN,127,N492WN,IAD,MDW,1745,1745.0,0.0,28.0,1813.0,125.0,127.0,95.0,577,1848.0,4.0,1850,1852.0,2.0,0,0,,0.0,0.0,0.0,0.0,0.0,2015-11-09,0,0.0,0.0,0.0,0.0,0.0
2015,10,19,1,EV,4641,N13988,11618,10792,958,953.0,-5.0,17.0,1010.0,75.0,74.0,54.0,282,1104.0,3.0,1113,1107.0,-6.0,0,0,,0.0,0.0,0.0,0.0,0.0,2015-10-19,0,0.0,0.0,0.0,0.0,0.0
2015,10,16,5,B6,1001,N192JB,10792,12478,2044,2058.0,14.0,19.0,2117.0,84.0,103.0,74.0,301,2231.0,10.0,2208,2241.0,33.0,0,0,,19.0,0.0,0.0,14.0,0.0,2015-10-16,0,135.71,0.0,0.0,100.0,0.0
2015,10,19,1,DL,1551,N672DL,13487,12889,1750,1746.0,-4.0,15.0,1801.0,204.0,194.0,172.0,1299,1853.0,7.0,1914,1900.0,-14.0,0,0,,0.0,0.0,0.0,0.0,0.0,2015-10-19,0,0.0,0.0,0.0,0.0,0.0
2015,11,1,7,DL,1189,N319US,BWI,SLC,1628,1647.0,19.0,15.0,1702.0,296.0,293.0,273.0,1865,1935.0,5.0,1924,1940.0,16.0,0,0,,0.0,0.0,16.0,0.0,0.0,2015-11-01,1,0.0,0.0,84.21,0.0,0.0
2015,11,13,5,MQ,3406,N643MQ,EVV,ORD,1730,1724.0,-6.0,10.0,1734.0,95.0,77.0,58.0,272,1832.0,9.0,1905,1841.0,-24.0,0,0,,0.0,0.0,0.0,0.0,0.0,2015-11-13,0,0.0,0.0,0.0,0.0,0.0
2015,10,20,2,AA,104,N3CAAA,11278,12478,1800,1758.0,-2.0,33.0,1831.0,98.0,96.0,52.0,213,1923.0,11.0,1938,1934.0,-4.0,0,0,,0.0,0.0,0.0,0.0,0.0,2015-10-20,0,0.0,0.0,0.0,0.0,0.0
2015,11,4,3,DL,2668,N938AT,LGA,BOS,700,652.0,-8.0,19.0,711.0,75.0,60.0,33.0,184,744.0,8.0,815,752.0,-23.0,0,0,,0.0,0.0,0.0,0.0,0.0,2015-11-04,0,0.0,0.0,0.0,0.0,0.0
2015,10,30,5,UA,866,N68843,12264,12889,1735,1736.0,1.0,17.0,1753.0,320.0,331.0,299.0,2065,1952.0,15.0,1955,2007.0,12.0,0,0,,0.0,0.0,0.0,0.0,0.0,2015-10-30,0,0.0,0.0,0.0,0.0,0.0
2015,10,28,3,AA,979,N485AA,11109,11298,745,826.0,41.0,25.0,851.0,121.0,129.0,90.0,592,1121.0,14.0,1046,1135.0,49.0,0,0,,8.0,0.0,41.0,0.0,0.0,2015-10-28,1,19.51,0.0,100.0,0.0,0.0
2015,11,17,2,OO,7407,N460SW,SLC,TWF,2200,2153.0,-7.0,13.0,2206.0,47.0,48.0,32.0,175,2238.0,3.0,2247,2241.0,-6.0,0,0,,0.0,0.0,0.0,0.0,0.0,2015-11-17,0,0.0,0.0,0.0,0.0,0.0
2015,11,16,1,DL,752,N349NW,MSP,GRR,1944,1944.0,0.0,16.0,2000.0,87.0,76.0,56.0,408,2156.0,4.0,2211,2200.0,-11.0,0,0,,0.0,0.0,0.0,0.0,0.0,2015-11-16,0,0.0,0.0,0.0,0.0,0.0
2015,10,22,4,EV,2857,N676AE,13930,15370,1318,1315.0,-3.0,17.0,1332.0,123.0,118.0,93.0,585,1505.0,8.0,1521,1513.0,-8.0,0,0,,0.0,0.0,0.0,0.0,0.0,2015-10-22,0,0.0,0.0,0.0,0.0,0.0
2015,10,18,7,HA,545,N485HA,13830,12173,1828,1837.0,9.0,5.0,1842.0,37.0,29.0,20.0,100,1902.0,4.0,1905,1906.0,1.0,0,0,,0.0,0.0,0.0,0.0,0.0,2015-10-18,0,0.0,0.0,0.0,0.0,0.0
2015,10,13,2,MQ,3188,N521MQ,13930,11042,1507,1507.0,0.0,18.0,1525.0,83.0,76.0,51.0,316,1716.0,7.0,1730,1723.0,-7.0,0,0,,0.0,0.0,0.0,0.0,0.0,2015-10-13,0,0.0,0.0,0.0,0.0,0.0
2015,10,27,2,F9,366,N924FR,11292,13342,1445,1435.0,-10.0,14.0,1449.0,135.0,134.0,116.0,896,1745.0,4.0,1800,1749.0,-11.0,0,0,,0.0,0.0,0.0,0.0,0.0,2015-10-27,0,0.0,0.0,0.0,0.0,0.0
2015,10,21,3,OO,5380,N956SW,11292,13158,1403,1358.0,-5.0,19.0,1417.0,102.0,121.0,99.0,563,1656.0,3.0,1645,1659.0,14.0,0,0,,0.0,0.0,0.0,0.0,0.0,2015-10-21,0,0.0,0.0,0.0,0.0,0.0
2015,10,26,1,DL,1530,N321US,12889,13487,910,905.0,-5.0,15.0,920.0,190.0,172.0,153.0,1299,1353.0,4.0,1420,1357.0,-23.0,0,0,,0.0,0.0,0.0,0.0,0.0,2015-10-26,0,0.0,0.0,0.0,0.0,0.0
2015,11,15,7,OO,6297,N146SY,SLC,ORD,845,841.0,-4.0,22.0,903.0,194.0,198.0,162.0,1250,1245.0,14.0,1259,1259.0,0.0,0,0,,0.0,0.0,0.0,0.0,0.0,2015-11-15,0,0.0,0.0,0.0,0.0,0.0
2015,11,18,3,DL,2636,N967DL,CLE,ATL,615,613.0,-2.0,12.0,625.0,115.0,112.0,91.0,554,756.0,9.0,810,805.0,-5.0,0,0,,0.0,0.0,0.0,0.0,0.0,2015-11-18,0,0.0,0.0,0.0,0.0,0.0
2015,10,18,7,DL,739,N3749D,12892,14107,1840,1850.0,10.0,42.0,1932.0,82.0,99.0,52.0,370,2024.0,5.0,2002,2029.0,27.0,0,0,,17.0,0.0,10.0,0.0,0.0,2015-10-18,0,170.0,0.0,100.0,0.0,0.0
2015,10,29,4,EV,2781,N673AE,11973,11298,1419,1412.0,-7.0,10.0,1422.0,113.0,112.0,85.0,500,1547.0,17.0,1612,1604.0,-8.0,0,0,,0.0,0.0,0.0,0.0,0.0,2015-10-29,0,0.0,0.0,0.0,0.0,0.0
2015,11,19,4,AA,2062,N582UW,CLT,LGA,755,814.0,19.0,17.0,831.0,114.0,98.0,73.0,544,944.0,8.0,949,952.0,3.0,0,0,,0.0,0.0,0.0,0.0,0.0,2015-11-19,1,0.0,0.0,0.0,0.0,0.0
2015,10,31,6,WN,3382,N8652B,10821,14107,1135,1318.0,103.0,11.0,1329.0,310.0,301.0,283.0,1999,1512.0,7.0,1345,1519.0,94.0,0,0,,0.0,0.0,94.0,0.0,0.0,2015-10-31,1,0.0,0.0,91.26,0.0,0.0
2015,10,29,4,AA,1506,N3BRAA,11298,11697,1400,1400.0,0.0,33.0,1433.0,167.0,172.0,133.0,1119,1746.0,6.0,1747,1752.0,5.0,0,0,,0.0,0.0,0.0,0.0,0.0,2015-10-29,0,0.0,0.0,0.0,0.0,0.0
2015,11,1,7,OO,4693,N822SK,CVG,DEN,1130,1125.0,-5.0,11.0,1136.0,184.0,170.0,152.0,1069,1208.0,7.0,1234,1215.0,-19.0,0,0,,0.0,0.0,0.0,0.0,0.0,2015-11-01,0,0.0,0.0,0.0,0.0,0.0
2015,11,18,3,OO,5600,N924SW,SFO,MFR,2255,2253.0,-2.0,33.0,2326.0,84.0,101.0,63.0,329,29.0,5.0,19,34.0,15.0,0,0,,15.0,0.0,0.0,0.0,0.0,2015-11-18,0,-750.0,-0.0,-0.0,-0.0,-0.0
2015,11,16,1,AS,511,N477AS,LAX,SEA,1515,1600.0,45.0,24.0,1624.0,164.0,187.0,151.0,954,1855.0,12.0,1759,1907.0,68.0,0,0,,36.0,0.0,0.0,32.0,0.0,2015-11-16,1,80.0,0.0,0.0,71.11,0.0
2015,11,2,1,UA,268,N63890,DEN,SFO,1003,1027.0,24.0,18.0,1045.0,167.0,158.0,136.0,967,1201.0,4.0,1150,1205.0,15.0,0,0,,15.0,0.0,0.0,0.0,0.0,2015-11-02,1,62.5,0.0,0.0,0.0,0.0
2015,11,13,5,UA,1256,N75853,LAS,EWR,1217,1217.0,0.0,21.0,1238.0,288.0,277.0,244.0,2227,1942.0,12.0,2005,1954.0,-11.0,0,0,,0.0,0.0,0.0,0.0,0.0,2015-11-13,0,0.0,0.0,0.0,0.0,0.0
2015,11,19,4,WN,2191,N7726A,PHX,SNA,1035,1035.0,0.0,13.0,1048.0,80.0,70.0,53.0,338,1041.0,4.0,1055,1045.0,-10.0,0,0,,0.0,0.0,0.0,0.0,0.0,2015-11-19,0,0.0,0.0,0.0,0.0,0.0
2015,10,28,3,WN,356,N8301J,12889,14771,1945,1957.0,12.0,15.0,2012.0,90.0,88.0,67.0,414,2119.0,6.0,2115,2125.0,10.0,0,0,,0.0,0.0,0.0,0.0,0.0,2015-10-28,0,0.0,0.0,0.0,0.0,0.0
2015,10,13,2,UA,1220,N26226,14831,11292,1425,1423.0,-2.0,12.0,1435.0,152.0,143.0,123.0,948,1738.0,8.0,1757,1746.0,-11.0,0,0,,0.0,0.0,0.0,0.0,0.0,2015-10-13,0,0.0,0.0,0.0,0.0,0.0
2015,10,18,7,OO,5237,N699BR,11292,10713,958,953.0,-5.0,14.0,1007.0,120.0,114.0,96.0,649,1143.0,4.0,1158,1147.0,-11.0,0,0,,0.0,0.0,0.0,0.0,0.0,2015-10-18,0,0.0,0.0,0.0,0.0,0.0
2015,11,7,6,DL,1413,N951DL,ATL,LIT,1917,1915.0,-2.0,14.0,1929.0,102.0,88.0,70.0,453,1939.0,4.0,1959,1943.0,-16.0,0,0,,0.0,0.0,0.0,0.0,0.0,2015-11-07,0,0.0,0.0,0.0,0.0,0.0
2015,11,9,1,DL,2292,N368NW,PHX,MSP,1000,954.0,-6.0,20.0,1014.0,193.0,168.0,146.0,1276,1340.0,2.0,1413,1342.0,-31.0,0,0,,0.0,0.0,0.0,0.0,0.0,2015-11-09,0,0.0,0.0,0.0,0.0,0.0
2015,11,6,5,AA,1278,N3HRAA,DFW,SNA,1035,1106.0,31.0,16.0,1122.0,199.0,194.0,176.0,1205,1218.0,2.0,1154,1220.0,26.0,0,0,,0.0,0.0,1.0,25.0,0.0,2015-11-06,1,0.0,0.0,3.23,80.65,0.0
2015,10,30,5,AA,494,N536UW,10721,11057,1245,1244.0,-1.0,25.0,1309.0,140.0,136.0,100.0,728,1449.0,11.0,1505,1500.0,-5.0,0,0,,0.0,0.0,0.0,0.0,0.0,2015-10-30,0,0.0,0.0,0.0,0.0,0.0
2015,10,12,1,OO,2922,N928EV,13930,10990,1455,1457.0,2.0,11.0,1508.0,123.0,102.0,86.0,566,1734.0,5.0,1758,1739.0,-19.0,0,0,,0.0,0.0,0.0,0.0,0.0,2015-10-12,0,0.0,0.0,0.0,0.0,0.0
2015,10,12,1,WN,1191,N610WN,14679,14893,1830,1826.0,-4.0,10.0,1836.0,90.0,82.0,67.0,480,1943.0,5.0,2000,1948.0,-12.0,0,0,,0.0,0.0,0.0,0.0,0.0,2015-10-12,0,0.0,0.0,0.0,0.0,0.0
2015,11,1,7,EV,4739,N11189,SDF,IAH,1633,1628.0,-5.0,9.0,1637.0,152.0,166.0,137.0,788,1754.0,20.0,1805,1814.0,9.0,0,0,,0.0,0.0,0.0,0.0,0.0,2015-11-01,0,0.0,0.0,0.0,0.0,0.0
2015,11,8,7,AA,1326,N3LCAA,TUL,ORD,545,538.0,-7.0,15.0,553.0,119.0,108.0,82.0,585,715.0,11.0,744,726.0,-18.0,0,0,,0.0,0.0,0.0,0.0,0.0,2015-11-08,0,0.0,0.0,0.0,0.0,0.0
2015,11,12,4,WN,495,N454WN,DAL,SAT,800,758.0,-2.0,13.0,811.0,65.0,64.0,47.0,248,858.0,4.0,905,902.0,-3.0,0,0,,0.0,0.0,0.0,0.0,0.0,2015-11-12,0,0.0,0.0,0.0,0.0,0.0
2015,10,11,7,F9,581,N952FR,11292,14869,2225,2233.0,8.0,9.0,2242.0,85.0,78.0,62.0,391,2344.0,7.0,2350,2351.0,1.0,0,0,,0.0,0.0,0.0,0.0,0.0,2015-10-11,0,0.0,0.0,0.0,0.0,0.0
2015,11,10,2,WN,398,N222WN,BWI,STL,645,641.0,-4.0,28.0,709.0,145.0,139.0,108.0,738,757.0,3.0,810,800.0,-10.0,0,0,,0.0,0.0,0.0,0.0,0.0,2015-11-10,0,0.0,0.0,0.0,0.0,0.0
2015,11,4,3,WN,1356,N226WN,STL,DEN,1550,1547.0,-3.0,11.0,1558.0,145.0,137.0,120.0,770,1658.0,6.0,1715,1704.0,-11.0,0,0,,0.0,0.0,0.0,0.0,0.0,2015-11-04,0,0.0,0.0,0.0,0.0,0.0
2015,11,7,6,DL,2222,N816DN,LAX,ATL,640,646.0,6.0,19.0,705.0,248.0,249.0,218.0,1947,1343.0,12.0,1348,1355.0,7.0,0,0,,0.0,0.0,0.0,0.0,0.0,2015-11-07,0,0.0,0.0,0.0,0.0,0.0
2015,11,15,7,OO,5220,N764SK,ELP,IAH,628,625.0,-3.0,28.0,653.0,116.0,124.0,86.0,667,919.0,10.0,924,929.0,5.0,0,0,,0.0,0.0,0.0,0.0,0.0,2015-11-15,0,0.0,0.0,0.0,0.0,0.0
2015,10,23,5,AA,1100,N3CKAA,12953,11298,830,825.0,-5.0,24.0,849.0,242.0,253.0,191.0,1389,1100.0,38.0,1132,1138.0,6.0,0,0,,0.0,0.0,0.0,0.0,0.0,2015-10-23,0,0.0,0.0,0.0,0.0,0.0
2015,10,18,7,WN,3224,N221WN,14107,15016,725,720.0,-5.0,14.0,734.0,175.0,169.0,152.0,1262,1206.0,3.0,1220,1209.0,-11.0,0,0,,0.0,0.0,0.0,0.0,0.0,2015-10-18,0,0.0,0.0,0.0,0.0,0.0
2015,10,15,4,UA,329,N427UA,11292,14107,1531,1530.0,-1.0,17.0,1547.0,118.0,111.0,89.0,602,1616.0,5.0,1629,1621.0,-8.0,0,0,,0.0,0.0,0.0,0.0,0.0,2015-10-15,0,0.0,0.0,0.0,0.0,0.0
2015,11,10,2,B6,1668,N351JB,CHS,BOS,1420,1420.0,0.0,15.0,1435.0,128.0,118.0,100.0,818,1615.0,3.0,1628,1618.0,-10.0,0,0,,0.0,0.0,0.0,0.0,0.0,2015-11-10,0,0.0,0.0,0.0,0.0,0.0
2015,10,18,7,OO,5254,N105SY,14492,13930,1344,1340.0,-4.0,11.0,1351.0,133.0,124.0,110.0,646,1441.0,3.0,1457,1444.0,-13.0,0,0,,0.0,0.0,0.0,0.0,0.0,2015-10-18,0,0.0,0.0,0.0,0.0,0.0
2015,11,18,3,B6,347,N629JB,OAK,LGB,1838,1901.0,23.0,7.0,1908.0,77.0,75.0,59.0,353,2007.0,9.0,1955,2016.0,21.0,0,0,,0.0,0.0,6.0,15.0,0.0,2015-11-18,1,0.0,0.0,26.09,65.22,0.0
2015,11,16,1,OO,6494,N715SK,BFL,IAH,1207,1203.0,-4.0,12.0,1215.0,201.0,179.0,159.0,1428,1654.0,8.0,1728,1702.0,-26.0,0,0,,0.0,0.0,0.0,0.0,0.0,2015-11-16,0,0.0,0.0,0.0,0.0,0.0
2015,10,20,2,WN,671,N416WN,14843,13204,1920,1916.0,-4.0,13.0,1929.0,175.0,176.0,158.0,1189,2207.0,5.0,2215,2212.0,-3.0,0,0,,0.0,0.0,0.0,0.0,0.0,2015-10-20,0,0.0,0.0,0.0,0.0,0.0
2015,10,30,5,DL,2171,N939AT,13422,10397,600,559.0,-1.0,11.0,610.0,67.0,63.0,46.0,302,756.0,6.0,807,802.0,-5.0,0,0,,0.0,0.0,0.0,0.0,0.0,2015-10-30,0,0.0,0.0,0.0,0.0,0.0
2015,10,19,1,AA,657,N171US,13930,11057,845,1045.0,120.0,13.0,1058.0,136.0,113.0,86.0,599,1324.0,14.0,1201,1338.0,97.0,0,0,,0.0,0.0,97.0,0.0,0.0,2015-10-19,1,0.0,0.0,80.83,0.0,0.0
2015,10,14,3,OO,6287,N796SK,14771,15376,1930,1928.0,-2.0,13.0,1941.0,126.0,121.0,103.0,751,2124.0,5.0,2136,2129.0,-7.0,0,0,,0.0,0.0,0.0,0.0,0.0,2015-10-14,0,0.0,0.0,0.0,0.0,0.0
2015,10,31,6,OO,6462,N976SW,14679,12892,1733,1717.0,-16.0,14.0,1731.0,52.0,49.0,24.0,109,1755.0,11.0,1825,1806.0,-19.0,0,0,,0.0,0.0,0.0,0.0,0.0,2015-10-31,0,0.0,0.0,0.0,0.0,0.0
2015,10,19,1,WN,2149,N919WN,13232,13198,1210,1213.0,3.0,10.0,1223.0,85.0,80.0,66.0,405,1329.0,4.0,1335,1333.0,-2.0,0,0,,0.0,0.0,0.0,0.0,0.0,2015-10-19,0,0.0,0.0,0.0,0.0,0.0
2015,10,31,6,WN,3881,N268WN,13244,12191,1250,1452.0,122.0,5.0,1457.0,100.0,94.0,83.0,484,1620.0,6.0,1430,1626.0,116.0,0,0,,0.0,0.0,0.0,116.0,0.0,2015-10-31,1,0.0,0.0,0.0,95.08,0.0
2015,11,8,7,DL,2135,N340NW,CVG,SLC,1959,1955.0,-4.0,15.0,2010.0,238.0,204.0,185.0,1450,2115.0,4.0,2157,2119.0,-38.0,0,0,,0.0,0.0,0.0,0.0,0.0,2015-11-08,0,0.0,0.0,0.0,0.0,0.0
2015,10,21,3,WN,558,N354SW,12191,10693,625,620.0,-5.0,9.0,629.0,110.0,105.0,87.0,670,756.0,9.0,815,805.0,-10.0,0,0,,0.0,0.0,0.0,0.0,0.0,2015-10-21,0,0.0,0.0,0.0,0.0,0.0
2015,11,6,5,EV,4269,N14180,DCA,CLE,1431,1428.0,-3.0,19.0,1447.0,83.0,84.0,58.0,310,1545.0,7.0,1554,1552.0,-2.0,0,0,,0.0,0.0,0.0,0.0,0.0,2015-11-06,0,0.0,0.0,0.0,0.0,0.0
2015,10,18,7,MQ,3078,N681MQ,13930,11986,1650,1647.0,-3.0,13.0,1700.0,60.0,69.0,27.0,137,1827.0,29.0,1850,1856.0,6.0,0,0,,0.0,0.0,0.0,0.0,0.0,2015-10-18,0,0.0,0.0,0.0,0.0,0.0
2015,10,14,3,WN,2415,N357SW,14057,14893,1110,1109.0,-1.0,9.0,1118.0,85.0,85.0,73.0,479,1231.0,3.0,1235,1234.0,-1.0,0,0,,0.0,0.0,0.0,0.0,0.0,2015-10-14,0,0.0,0.0,0.0,0.0,0.0
2015,11,16,1,UA,531,N469UA,DCA,ORD,744,744.0,0.0,15.0,759.0,131.0,113.0,92.0,612,831.0,6.0,855,837.0,-18.0,0,0,,0.0,0.0,0.0,0.0,0.0,2015-11-16,0,0.0,0.0,0.0,0.0,0.0
2015,11,8,7,B6,213,N779JB,JFK,LGB,1428,1425.0,-3.0,14.0,1439.0,375.0,336.0,319.0,2465,1658.0,3.0,1743,1701.0,-42.0,0,0,,0.0,0.0,0.0,0.0,0.0,2015-11-08,0,0.0,0.0,0.0,0.0,0.0
2015,10,22,4,MQ,3190,N819MQ,12953,11995,1935,1932.0,-3.0,32.0,2004.0,109.0,104.0,67.0,461,2111.0,5.0,2124,2116.0,-8.0,0,0,,0.0,0.0,0.0,0.0,0.0,2015-10-22,0,0.0,0.0,0.0,0.0,0.0
2015,11,2,1,EV,4697,N28529,LRD,IAH,651,649.0,-2.0,23.0,712.0,76.0,81.0,51.0,301,803.0,7.0,807,810.0,3.0,0,0,,0.0,0.0,0.0,0.0,0.0,2015-11-02,0,0.0,0.0,0.0,0.0,0.0
2015,10,13,2,AA,1184,N3HPAA,11298,11292,1245,1244.0,-1.0,10.0,1254.0,125.0,110.0,92.0,641,1326.0,8.0,1350,1334.0,-16.0,0,0,,0.0,0.0,0.0,0.0,0.0,2015-10-13,0,0.0,0.0,0.0,0.0,0.0
2015,11,15,7,WN,5882,N483WN,HOU,MSY,840,835.0,-5.0,8.0,843.0,65.0,55.0,43.0,302,926.0,4.0,945,930.0,-15.0,0,0,,0.0,0.0,0.0,0.0,0.0,2015-11-15,0,0.0,0.0,0.0,0.0,0.0
2015,10,16,5,UA,448,N427UA,10721,11292,1540,1539.0,-1.0,15.0,1554.0,270.0,273.0,250.0,1754,1804.0,8.0,1810,1812.0,2.0,0,0,,0.0,0.0,0.0,0.0,0.0,2015-10-16,0,0.0,0.0,0.0,0.0,0.0
2015,10,27,2,UA,1789,N77261,12266,15304,1929,1926.0,-3.0,16.0,1942.0,129.0,117.0,95.0,787,2217.0,6.0,2238,2223.0,-15.0,0,0,,0.0,0.0,0.0,0.0,0.0,2015-10-27,0,0.0,0.0,0.0,0.0,0.0
2015,10,14,3,UA,1450,N73256,10423,14771,1816,1810.0,-6.0,12.0,1822.0,229.0,215.0,197.0,1504,1939.0,6.0,2005,1945.0,-20.0,0,0,,0.0,0.0,0.0,0.0,0.0,2015-10-14,0,0.0,0.0,0.0,0.0,0.0
2015,11,5,4,MQ,3123,N535MQ,BNA,ORD,1917,1911.0,-6.0,16.0,1927.0,108.0,89.0,68.0,409,2035.0,5.0,2105,2040.0,-25.0,0,0,,0.0,0.0,0.0,0.0,0.0,2015-11-05,0,0.0,0.0,0.0,0.0,0.0
2015,11,6,5,UA,388,N37277,TPA,DEN,814,810.0,-4.0,10.0,820.0,246.0,225.0,210.0,1506,950.0,5.0,1020,955.0,-25.0,0,0,,0.0,0.0,0.0,0.0,0.0,2015-11-06,0,0.0,0.0,0.0,0.0,0.0
2015,11,5,4,DL,792,N911DA,PBI,ATL,700,657.0,-3.0,12.0,709.0,110.0,119.0,91.0,545,840.0,16.0,850,856.0,6.0,0,0,,0.0,0.0,0.0,0.0,0.0,2015-11-05,0,0.0,0.0,0.0,0.0,0.0
2015,10,20,2,DL,1332,N378NW,11193,12889,1615,1611.0,-4.0,7.0,1618.0,255.0,230.0,217.0,1678,1655.0,6.0,1730,1701.0,-29.0,0,0,,0.0,0.0,0.0,0.0,0.0,2015-10-20,0,0.0,0.0,0.0,0.0,0.0
2015,10,26,1,UA,491,N836UA,11292,12339,955,947.0,-8.0,16.0,1003.0,152.0,135.0,114.0,977,1357.0,5.0,1427,1402.0,-25.0,0,0,,0.0,0.0,0.0,0.0,0.0,2015-10-26,0,0.0,0.0,0.0,0.0,0.0
2015,11,7,6,AA,195,N395AA,MIA,MCO,939,931.0,-8.0,17.0,948.0,69.0,64.0,39.0,192,1027.0,8.0,1048,1035.0,-13.0,0,0,,0.0,0.0,0.0,0.0,0.0,2015-11-07,0,0.0,0.0,0.0,0.0,0.0
2015,10,31,6,WN,1490,N7724A,10800,12889,1415,1410.0,-5.0,9.0,1419.0,65.0,51.0,37.0,223,1456.0,5.0,1520,1501.0,-19.0,0,0,,0.0,0.0,0.0,0.0,0.0,2015-10-31,0,0.0,0.0,0.0,0.0,0.0
2015,11,6,5,MQ,3308,N900MQ,DFW,GJT,1840,1836.0,-4.0,12.0,1848.0,146.0,122.0,107.0,773,1935.0,3.0,2006,1938.0,-28.0,0,0,,0.0,0.0,0.0,0.0,0.0,2015-11-06,0,0.0,0.0,0.0,0.0,0.0
2015,10,20,2,WN,213,N962WN,13495,11259,1740,1739.0,-1.0,7.0,1746.0,85.0,83.0,70.0,436,1856.0,6.0,1905,1902.0,-3.0,0,0,,0.0,0.0,0.0,0.0,0.0,2015-10-20,0,0.0,0.0,0.0,0.0,0.0
2015,11,18,3,WN,1214,N437WN,SJU,FLL,730,728.0,-2.0,12.0,740.0,170.0,159.0,143.0,1046,903.0,4.0,920,907.0,-13.0,0,0,,0.0,0.0,0.0,0.0,0.0,2015-11-18,0,0.0,0.0,0.0,0.0,0.0
2015,11,9,1,UA,1961,N75410,FLL,ORD,1859,1858.0,-1.0,15.0,1913.0,206.0,181.0,148.0,1182,2041.0,18.0,2125,2059.0,-26.0,0,0,,0.0,0.0,0.0,0.0,0.0,2015-11-09,0,0.0,0.0,0.0,0.0,0.0
2015,10,24,6,WN,709,N937WN,14107,11292,1220,1221.0,1.0,11.0,1232.0,105.0,100.0,84.0,602,1456.0,5.0,1505,1501.0,-4.0,0,0,,0.0,0.0,0.0,0.0,0.0,2015-10-24,0,0.0,0.0,0.0,0.0,0.0
2015,11,17,2,WN,1789,N604SW,DEN,ATL,2020,2026.0,6.0,33.0,2059.0,160.0,196.0,156.0,1199,135.0,7.0,100,142.0,42.0,0,0,,36.0,0.0,0.0,6.0,0.0,2015-11-17,0,600.0,0.0,0.0,100.0,0.0
2015,11,15,7,DL,1898,N331NW,SLC,DEN,1358,1355.0,-3.0,16.0,1411.0,84.0,80.0,59.0,391,1510.0,5.0,1522,1515.0,-7.0,0,0,,0.0,0.0,0.0,0.0,0.0,2015-11-15,0,0.0,0.0,0.0,0.0,0.0
2015,11,18,3,VX,927,N627VA,LAX,SFO,1125,1125.0,0.0,15.0,1140.0,75.0,75.0,55.0,337,1235.0,5.0,1240,1240.0,0.0,0,0,,0.0,0.0,0.0,0.0,0.0,2015-11-18,0,0.0,0.0,0.0,0.0,0.0
2015,10,15,4,AA,2187,N3BNAA,10529,11298,630,625.0,-5.0,12.0,637.0,247.0,251.0,222.0,1471,919.0,17.0,937,936.0,-1.0,0,0,,0.0,0.0,0.0,0.0,0.0,2015-10-15,0,0.0,0.0,0.0,0.0,0.0
2015,11,17,2,MQ,3253,N649MQ,GRR,ORD,1109,1059.0,-10.0,13.0,1112.0,65.0,72.0,43.0,137,1055.0,16.0,1114,1111.0,-3.0,0,0,,0.0,0.0,0.0,0.0,0.0,2015-11-17,0,0.0,0.0,0.0,0.0,0.0
2015,11,4,3,AA,1251,N028AA,SDF,DFW,1520,1542.0,22.0,9.0,1551.0,142.0,116.0,103.0,733,1634.0,4.0,1642,1638.0,-4.0,0,0,,0.0,0.0,0.0,0.0,0.0,2015-11-04,1,0.0,0.0,0.0,0.0,0.0
2015,11,18,3,WN,1695,N433LV,SLC,LAX,2025,2023.0,-2.0,13.0,2036.0,115.0,103.0,85.0,590,2101.0,5.0,2120,2106.0,-14.0,0,0,,0.0,0.0,0.0,0.0,0.0,2015-11-18,0,0.0,0.0,0.0,0.0,0.0
2015,10,22,4,DL,1131,N993DL,12953,11697,1105,1102.0,-3.0,23.0,1125.0,200.0,167.0,140.0,1076,1345.0,4.0,1425,1349.0,-36.0,0,0,,0.0,0.0,0.0,0.0,0.0,2015-10-22,0,0.0,0.0,0.0,0.0,0.0
2015,10,30,5,WN,616,N283WN,14492,11259,625,624.0,-1.0,8.0,632.0,185.0,201.0,160.0,1052,812.0,33.0,830,845.0,15.0,0,0,,15.0,0.0,0.0,0.0,0.0,2015-10-30,0,-1500.0,-0.0,-0.0,-0.0,-0.0
2015,10,13,2,UA,1560,N33203,13204,11618,954,950.0,-4.0,11.0,1001.0,156.0,145.0,125.0,937,1206.0,9.0,1230,1215.0,-15.0,0,0,,0.0,0.0,0.0,0.0,0.0,2015-10-13,0,0.0,0.0,0.0,0.0,0.0
2015,10,17,6,EV,2733,N902EV,13241,11298,755,753.0,-2.0,23.0,816.0,107.0,106.0,77.0,485,933.0,6.0,942,939.0,-3.0,0,0,,0.0,0.0,0.0,0.0,0.0,2015-10-17,0,0.0,0.0,0.0,0.0,0.0
2015,11,5,4,DL,2561,N607AT,ABE,ATL,600,556.0,-4.0,12.0,608.0,138.0,123.0,101.0,692,749.0,10.0,818,759.0,-19.0,0,0,,0.0,0.0,0.0,0.0,0.0,2015-11-05,0,0.0,0.0,0.0,0.0,0.0
2015,10,16,5,AA,459,N194UW,14107,11292,839,837.0,-2.0,15.0,852.0,108.0,113.0,84.0,602,1116.0,14.0,1127,1130.0,3.0,0,0,,0.0,0.0,0.0,0.0,0.0,2015-10-16,0,0.0,0.0,0.0,0.0,0.0
2015,10,29,4,DL,1986,N394DA,10397,12953,1745,1810.0,25.0,24.0,1834.0,146.0,139.0,106.0,762,2020.0,9.0,2011,2029.0,18.0,0,0,,0.0,0.0,18.0,0.0,0.0,2015-10-29,1,0.0,0.0,72.0,0.0,0.0
2015,10,14,3,WN,51,N659SW,13158,11259,1715,1710.0,-5.0,8.0,1718.0,65.0,65.0,54.0,319,1812.0,3.0,1820,1815.0,-5.0,0,0,,0.0,0.0,0.0,0.0,0.0,2015-10-14,0,0.0,0.0,0.0,0.0,0.0
2015,10,27,2,NK,451,N620NK,14025,11697,240,248.0,8.0,12.0,300.0,196.0,202.0,181.0,1334,601.0,9.0,556,610.0,14.0,0,0,,0.0,0.0,0.0,0.0,0.0,2015-10-27,0,0.0,0.0,0.0,0.0,0.0
2015,10,14,3,WN,3051,N946WN,14100,13232,2050,2041.0,-9.0,17.0,2058.0,135.0,127.0,101.0,668,2139.0,9.0,2205,2148.0,-17.0,0,0,,0.0,0.0,0.0,0.0,0.0,2015-10-14,0,0.0,0.0,0.0,0.0,0.0
2015,11,3,2,WN,1379,N357SW,OKC,HOU,1520,1519.0,-1.0,8.0,1527.0,85.0,78.0,67.0,419,1634.0,3.0,1645,1637.0,-8.0,0,0,,0.0,0.0,0.0,0.0,0.0,2015-11-03,0,0.0,0.0,0.0,0.0,0.0
2015,10,23,5,WN,202,N497WN,14122,10821,1325,1411.0,46.0,7.0,1418.0,65.0,52.0,41.0,210,1459.0,4.0,1430,1503.0,33.0,0,0,,0.0,0.0,0.0,33.0,0.0,2015-10-23,1,0.0,0.0,0.0,71.74,0.0
2015,10,25,7,DL,2004,N373NW,12892,14869,1640,1639.0,-1.0,12.0,1651.0,110.0,93.0,74.0,590,1905.0,7.0,1930,1912.0,-18.0,0,0,,0.0,0.0,0.0,0.0,0.0,2015-10-25,0,0.0,0.0,0.0,0.0,0.0
2015,11,10,2,B6,918,N249JB,JFK,BOS,1700,1702.0,2.0,29.0,1731.0,71.0,66.0,35.0,187,1806.0,2.0,1811,1808.0,-3.0,0,0,,0.0,0.0,0.0,0.0,0.0,2015-11-10,0,0.0,0.0,0.0,0.0,0.0
2015,10,27,2,AA,1029,N3DUAA,12889,13930,1205,1224.0,19.0,17.0,1241.0,220.0,210.0,178.0,1514,1739.0,15.0,1745,1754.0,9.0,0,0,,0.0,0.0,0.0,0.0,0.0,2015-10-27,1,0.0,0.0,0.0,0.0,0.0
2015,10,19,1,WN,2302,N740SW,12191,11292,1225,1222.0,-3.0,10.0,1232.0,145.0,135.0,120.0,883,1332.0,5.0,1350,1337.0,-13.0,0,0,,0.0,0.0,0.0,0.0,0.0,2015-10-19,0,0.0,0.0,0.0,0.0,0.0
2015,11,13,5,B6,552,N504JB,SJU,TPA,1951,2015.0,24.0,11.0,2026.0,188.0,174.0,156.0,1237,2202.0,7.0,2159,2209.0,10.0,0,0,,0.0,0.0,0.0,0.0,0.0,2015-11-13,1,0.0,0.0,0.0,0.0,0.0
2015,11,7,6,WN,4059,N914WN,MCO,CMH,800,755.0,-5.0,10.0,805.0,135.0,115.0,101.0,802,946.0,4.0,1015,950.0,-25.0,0,0,,0.0,0.0,0.0,0.0,0.0,2015-11-07,0,0.0,0.0,0.0,0.0,0.0
2015,11,11,3,AA,48,N871AA,PHX,DFW,1115,1126.0,11.0,29.0,1155.0,148.0,135.0,101.0,868,1436.0,5.0,1443,1441.0,-2.0,0,0,,0.0,0.0,0.0,0.0,0.0,2015-11-11,0,0.0,0.0,0.0,0.0,0.0
2015,11,1,7,AA,391,N4XCAA,TUL,DFW,1103,1056.0,-7.0,12.0,1108.0,80.0,67.0,46.0,237,1154.0,9.0,1223,1203.0,-20.0,0,0,,0.0,0.0,0.0,0.0,0.0,2015-11-01,0,0.0,0.0,0.0,0.0,0.0
2015,11,8,7,OO,4663,N461SW,TUL,MSP,720,713.0,-7.0,16.0,729.0,119.0,117.0,88.0,615,857.0,13.0,919,910.0,-9.0,0,0,,0.0,0.0,0.0,0.0,0.0,2015-11-08,0,0.0,0.0,0.0,0.0,0.0
2015,10,28,3,DL,2280,N996AT,12953,15304,830,827.0,-3.0,30.0,857.0,183.0,180.0,147.0,1010,1124.0,3.0,1133,1127.0,-6.0,0,0,,0.0,0.0,0.0,0.0,0.0,2015-10-28,0,0.0,0.0,0.0,0.0,0.0
2015,11,9,1,WN,1131,N961WN,DCA,MDW,905,903.0,-2.0,27.0,930.0,135.0,121.0,89.0,601,959.0,5.0,1020,1004.0,-16.0,0,0,,0.0,0.0,0.0,0.0,0.0,2015-11-09,0,0.0,0.0,0.0,0.0,0.0
2015,11,5,4,EV,6011,N14993,ORD,ELM,1402,1358.0,-4.0,19.0,1417.0,100.0,100.0,74.0,566,1631.0,7.0,1642,1638.0,-4.0,0,0,,0.0,0.0,0.0,0.0,0.0,2015-11-05,0,0.0,0.0,0.0,0.0,0.0
2015,11,18,3,AS,419,N612AS,LAX,PDX,1050,1052.0,2.0,15.0,1107.0,150.0,142.0,123.0,834,1310.0,4.0,1320,1314.0,-6.0,0,0,,0.0,0.0,0.0,0.0,0.0,2015-11-18,0,0.0,0.0,0.0,0.0,0.0
2015,10,12,1,MQ,3372,N923MQ,11298,11193,710,706.0,-4.0,23.0,729.0,142.0,141.0,113.0,812,1022.0,5.0,1032,1027.0,-5.0,0,0,,0.0,0.0,0.0,0.0,0.0,2015-10-12,0,0.0,0.0,0.0,0.0,0.0
2015,10,17,6,WN,1369,N213WN,11292,14683,1850,1857.0,7.0,14.0,1911.0,120.0,118.0,101.0,794,2152.0,3.0,2150,2155.0,5.0,0,0,,0.0,0.0,0.0,0.0,0.0,2015-10-17,0,0.0,0.0,0.0,0.0,0.0
2015,11,2,1,OO,4649,N8965E,BZN,SLC,1750,1803.0,13.0,12.0,1815.0,76.0,82.0,59.0,347,1914.0,11.0,1906,1925.0,19.0,0,0,,6.0,0.0,0.0,0.0,13.0,2015-11-02,0,46.15,0.0,0.0,0.0,100.0
2015,10,30,5,AA,1943,N828AW,13487,14100,1621,1618.0,-3.0,16.0,1634.0,154.0,139.0,120.0,980,1934.0,3.0,1955,1937.0,-18.0,0,0,,0.0,0.0,0.0,0.0,0.0,2015-10-30,0,0.0,0.0,0.0,0.0,0.0
2015,10,15,4,DL,435,N723TW,12478,14771,2059,2103.0,4.0,46.0,2149.0,386.0,397.0,346.0,2586,35.0,5.0,25,40.0,15.0,0,0,,15.0,0.0,0.0,0.0,0.0,2015-10-15,0,375.0,0.0,0.0,0.0,0.0
2015,10,14,3,DL,1747,N943DL,11278,10397,1159,1152.0,-7.0,15.0,1207.0,116.0,101.0,82.0,547,1329.0,4.0,1355,1333.0,-22.0,0,0,,0.0,0.0,0.0,0.0,0.0,2015-10-14,0,0.0,0.0,0.0,0.0,0.0
2015,10,17,6,AA,510,N664AW,14107,14893,1335,1344.0,9.0,16.0,1400.0,117.0,119.0,100.0,647,1540.0,3.0,1532,1543.0,11.0,0,0,,0.0,0.0,0.0,0.0,0.0,2015-10-17,0,0.0,0.0,0.0,0.0,0.0
2015,11,10,2,DL,2290,N550NW,DTW,LAS,2020,2020.0,0.0,13.0,2033.0,279.0,268.0,250.0,1749,2143.0,5.0,2159,2148.0,-11.0,0,0,,0.0,0.0,0.0,0.0,0.0,2015-11-10,0,0.0,0.0,0.0,0.0,0.0
2015,10,21,3,WN,2400,N497WN,10800,14893,2105,2106.0,1.0,10.0,2116.0,70.0,71.0,57.0,358,2213.0,4.0,2215,2217.0,2.0,0,0,,0.0,0.0,0.0,0.0,0.0,2015-10-21,0,0.0,0.0,0.0,0.0,0.0
2015,11,8,7,WN,4020,N7716A,LAS,SJC,1130,1125.0,-5.0,13.0,1138.0,90.0,79.0,61.0,386,1239.0,5.0,1300,1244.0,-16.0,0,0,,0.0,0.0,0.0,0.0,0.0,2015-11-08,0,0.0,0.0,0.0,0.0,0.0
2015,11,16,1,DL,1274,N353NW,MSP,BDL,1925,1923.0,-2.0,13.0,1936.0,156.0,141.0,123.0,1050,2239.0,5.0,2301,2244.0,-17.0,0,0,,0.0,0.0,0.0,0.0,0.0,2015-11-16,0,0.0,0.0,0.0,0.0,0.0
2015,10,23,5,DL,1537,N311US,14635,11433,1547,1545.0,-2.0,9.0,1554.0,177.0,163.0,149.0,1084,1823.0,5.0,1844,1828.0,-16.0,0,0,,0.0,0.0,0.0,0.0,0.0,2015-10-23,0,0.0,0.0,0.0,0.0,0.0
2015,10,12,1,AA,1109,N392AA,13303,13930,1645,1643.0,-2.0,12.0,1655.0,201.0,204.0,172.0,1197,1847.0,20.0,1906,1907.0,1.0,0,0,,0.0,0.0,0.0,0.0,0.0,2015-10-12,0,0.0,0.0,0.0,0.0,0.0
2015,10,31,6,WN,2910,N568WN,10693,13204,1440,1436.0,-4.0,8.0,1444.0,110.0,94.0,78.0,616,1702.0,8.0,1730,1710.0,-20.0,0,0,,0.0,0.0,0.0,0.0,0.0,2015-10-31,0,0.0,0.0,0.0,0.0,0.0
2015,10,30,5,AA,976,N4YEAA,11298,12266,1255,1250.0,-5.0,17.0,1307.0,69.0,80.0,46.0,224,1353.0,17.0,1404,1410.0,6.0,0,0,,0.0,0.0,0.0,0.0,0.0,2015-10-30,0,0.0,0.0,0.0,0.0,0.0
2015,11,19,4,AA,1497,N5FBAA,MIA,DFW,1400,1359.0,-1.0,11.0,1410.0,197.0,185.0,168.0,1121,1558.0,6.0,1617,1604.0,-13.0,0,0,,0.0,0.0,0.0,0.0,0.0,2015-11-19,0,0.0,0.0,0.0,0.0,0.0
2015,11,5,4,DL,2075,N949DN,MCI,ATL,1217,1232.0,15.0,17.0,1249.0,119.0,119.0,91.0,692,1520.0,11.0,1516,1531.0,15.0,0,0,,0.0,0.0,9.0,6.0,0.0,2015-11-05,0,0.0,0.0,60.0,40.0,0.0
2015,11,13,5,AA,1254,N5EPAA,MIA,SJU,1125,1123.0,-2.0,24.0,1147.0,156.0,164.0,135.0,1045,1502.0,5.0,1501,1507.0,6.0,0,0,,0.0,0.0,0.0,0.0,0.0,2015-11-13,0,0.0,0.0,0.0,0.0,0.0
2015,11,3,2,EV,4145,N15527,IAH,LRD,2115,2110.0,-5.0,17.0,2127.0,75.0,72.0,51.0,301,2218.0,4.0,2230,2222.0,-8.0,0,0,,0.0,0.0,0.0,0.0,0.0,2015-11-03,0,0.0,0.0,0.0,0.0,0.0
2015,10,20,2,WN,598,N8329B,14679,13796,1820,1844.0,24.0,8.0,1852.0,85.0,82.0,68.0,446,2000.0,6.0,1945,2006.0,21.0,0,0,,0.0,0.0,21.0,0.0,0.0,2015-10-20,1,0.0,0.0,87.5,0.0,0.0
2015,10,18,7,AA,2184,N3FGAA,13930,14679,1405,1403.0,-2.0,19.0,1422.0,264.0,251.0,229.0,1723,1611.0,3.0,1629,1614.0,-15.0,0,0,,0.0,0.0,0.0,0.0,0.0,2015-10-18,0,0.0,0.0,0.0,0.0,0.0
2015,10,26,1,AA,1783,N509AY,14107,11057,1210,1206.0,-4.0,13.0,1219.0,240.0,230.0,208.0,1773,1847.0,9.0,1910,1856.0,-14.0,0,0,,0.0,0.0,0.0,0.0,0.0,2015-10-26,0,0.0,0.0,0.0,0.0,0.0
2015,10,25,7,UA,1711,N36280,11618,13495,1355,1354.0,-1.0,9.0,1403.0,202.0,192.0,174.0,1167,1557.0,9.0,1617,1606.0,-11.0,0,0,,0.0,0.0,0.0,0.0,0.0,2015-10-25,0,0.0,0.0,0.0,0.0,0.0
2015,11,10,2,WN,1027,N640SW,MSP,MKE,555,551.0,-4.0,9.0,600.0,70.0,59.0,46.0,297,646.0,4.0,705,650.0,-15.0,0,0,,0.0,0.0,0.0,0.0,0.0,2015-11-10,0,0.0,0.0,0.0,0.0,0.0
2015,10,29,4,DL,2626,N957AT,11775,13487,515,512.0,-3.0,13.0,525.0,56.0,60.0,42.0,196,607.0,5.0,611,612.0,1.0,0,0,,0.0,0.0,0.0,0.0,0.0,2015-10-29,0,0.0,0.0,0.0,0.0,0.0
2015,10,13,2,HA,185,N484HA,13830,12173,1158,1150.0,-8.0,6.0,1156.0,38.0,38.0,24.0,100,1220.0,8.0,1236,1228.0,-8.0,0,0,,0.0,0.0,0.0,0.0,0.0,2015-10-13,0,0.0,0.0,0.0,0.0,0.0
2015,10,23,5,AS,106,N768AS,10299,14747,2145,2141.0,-4.0,10.0,2151.0,203.0,191.0,178.0,1448,149.0,3.0,208,152.0,-16.0,0,0,,0.0,0.0,0.0,0.0,0.0,2015-10-23,0,0.0,0.0,0.0,0.0,0.0
2015,11,13,5,UA,1937,N69847,LAS,IAH,1318,1318.0,0.0,18.0,1336.0,183.0,182.0,143.0,1222,1759.0,21.0,1821,1820.0,-1.0,0,0,,0.0,0.0,0.0,0.0,0.0,2015-11-13,0,0.0,0.0,0.0,0.0,0.0
2015,11,7,6,WN,3072,N392SW,MSY,HOU,1225,1224.0,-1.0,10.0,1234.0,75.0,85.0,72.0,302,1346.0,3.0,1340,1349.0,9.0,0,0,,0.0,0.0,0.0,0.0,0.0,2015-11-07,0,0.0,0.0,0.0,0.0,0.0
2015,10,29,4,DL,1380,N991AT,10397,12217,1029,1045.0,16.0,10.0,1055.0,56.0,44.0,30.0,151,1025.0,4.0,1025,1029.0,4.0,0,0,,0.0,0.0,0.0,0.0,0.0,2015-10-29,1,0.0,0.0,0.0,0.0,0.0
2015,10,24,6,OO,4597,N418SW,10397,11823,1028,1022.0,-6.0,14.0,1036.0,99.0,91.0,71.0,508,1147.0,6.0,1207,1153.0,-14.0,0,0,,0.0,0.0,0.0,0.0,0.0,2015-10-24,0,0.0,0.0,0.0,0.0,0.0
2015,10,15,4,OO,6480,N144SY,15016,13930,1842,1848.0,6.0,11.0,1859.0,78.0,74.0,47.0,258,1946.0,16.0,2000,2002.0,2.0,0,0,,0.0,0.0,0.0,0.0,0.0,2015-10-15,0,0.0,0.0,0.0,0.0,0.0
2015,10,13,2,DL,1533,N374NW,13198,13487,915,907.0,-8.0,9.0,916.0,86.0,76.0,59.0,393,1015.0,8.0,1041,1023.0,-18.0,0,0,,0.0,0.0,0.0,0.0,0.0,2015-10-13,0,0.0,0.0,0.0,0.0,0.0
2015,11,5,4,AA,1265,N3HBAA,MIA,PHL,1855,1900.0,5.0,16.0,1916.0,169.0,163.0,136.0,1013,2132.0,11.0,2144,2143.0,-1.0,0,0,,0.0,0.0,0.0,0.0,0.0,2015-11-05,0,0.0,0.0,0.0,0.0,0.0
2015,11,17,2,EV,5529,N858AS,ATL,BQK,1936,1934.0,-2.0,16.0,1950.0,64.0,57.0,38.0,238,2028.0,3.0,2040,2031.0,-9.0,0,0,,0.0,0.0,0.0,0.0,0.0,2015-11-17,0,0.0,0.0,0.0,0.0,0.0
2015,11,10,2,UA,1900,N71411,SAN,ORD,1357,1409.0,12.0,12.0,1421.0,249.0,209.0,178.0,1723,1919.0,19.0,2006,1938.0,-28.0,0,0,,0.0,0.0,0.0,0.0,0.0,2015-11-10,0,0.0,0.0,0.0,0.0,0.0
2015,11,9,1,WN,2101,N369SW,PIT,FLL,630,631.0,1.0,8.0,639.0,170.0,153.0,142.0,994,901.0,3.0,920,904.0,-16.0,0,0,,0.0,0.0,0.0,0.0,0.0,2015-11-09,0,0.0,0.0,0.0,0.0,0.0
2015,10,26,1,DL,902,N174DN,10397,11433,1454,1453.0,-1.0,23.0,1516.0,117.0,117.0,87.0,594,1643.0,7.0,1651,1650.0,-1.0,0,0,,0.0,0.0,0.0,0.0,0.0,2015-10-26,0,0.0,0.0,0.0,0.0,0.0
2015,10,20,2,DL,282,N804DN,14747,11433,1130,1144.0,14.0,19.0,1203.0,257.0,258.0,234.0,1927,1857.0,5.0,1847,1902.0,15.0,0,0,,1.0,0.0,14.0,0.0,0.0,2015-10-20,0,7.14,0.0,100.0,0.0,0.0
2015,10,25,7,B6,1416,N547JB,12954,10423,1005,1005.0,0.0,9.0,1014.0,166.0,164.0,150.0,1226,1444.0,5.0,1451,1449.0,-2.0,0,0,,0.0,0.0,0.0,0.0,0.0,2015-10-25,0,0.0,0.0,0.0,0.0,0.0
2015,11,11,3,WN,2768,N7816B,DCA,CMH,1135,1129.0,-6.0,8.0,1137.0,80.0,67.0,55.0,323,1232.0,4.0,1255,1236.0,-19.0,0,0,,0.0,0.0,0.0,0.0,0.0,2015-11-11,0,0.0,0.0,0.0,0.0,0.0
2015,10,22,4,B6,1835,N706JB,10721,12478,700,702.0,2.0,22.0,724.0,73.0,72.0,43.0,187,807.0,7.0,813,814.0,1.0,0,0,,0.0,0.0,0.0,0.0,0.0,2015-10-22,0,0.0,0.0,0.0,0.0,0.0
2015,10,30,5,NK,270,N527NK,11697,10821,1700,1659.0,-1.0,12.0,1711.0,153.0,153.0,135.0,925,1926.0,6.0,1933,1932.0,-1.0,0,0,,0.0,0.0,0.0,0.0,0.0,2015-10-30,0,0.0,0.0,0.0,0.0,0.0
2015,11,2,1,WN,2925,N8626B,BWI,SJU,825,831.0,6.0,20.0,851.0,245.0,248.0,223.0,1565,1334.0,5.0,1330,1339.0,9.0,0,0,,0.0,0.0,0.0,0.0,0.0,2015-11-02,0,0.0,0.0,0.0,0.0,0.0
2015,10,29,4,UA,681,N68802,13930,14771,1603,1605.0,2.0,23.0,1628.0,285.0,257.0,230.0,1846,1818.0,4.0,1848,1822.0,-26.0,0,0,,0.0,0.0,0.0,0.0,0.0,2015-10-29,0,0.0,0.0,0.0,0.0,0.0
2015,10,27,2,WN,2202,N7825A,13232,11423,2155,2148.0,-7.0,13.0,2201.0,75.0,71.0,54.0,306,2255.0,4.0,2310,2259.0,-11.0,0,0,,0.0,0.0,0.0,0.0,0.0,2015-10-27,0,0.0,0.0,0.0,0.0,0.0
2015,11,4,3,EV,4966,N147PQ,SYR,DTW,1722,1715.0,-7.0,19.0,1734.0,103.0,90.0,65.0,374,1839.0,6.0,1905,1845.0,-20.0,0,0,,0.0,0.0,0.0,0.0,0.0,2015-11-04,0,0.0,0.0,0.0,0.0,0.0
2015,10,30,5,AA,885,N179UW,14307,11057,800,810.0,10.0,16.0,826.0,136.0,127.0,107.0,683,1013.0,4.0,1016,1017.0,1.0,0,0,,0.0,0.0,0.0,0.0,0.0,2015-10-30,0,0.0,0.0,0.0,0.0,0.0
2015,10,22,4,EV,2753,N677AE,11298,15401,850,844.0,-6.0,21.0,905.0,60.0,57.0,31.0,181,936.0,5.0,950,941.0,-9.0,0,0,,0.0,0.0,0.0,0.0,0.0,2015-10-22,0,0.0,0.0,0.0,0.0,0.0
2015,10,20,2,WN,1674,N8658A,12191,14107,705,703.0,-2.0,10.0,713.0,165.0,159.0,144.0,1020,737.0,5.0,750,742.0,-8.0,0,0,,0.0,0.0,0.0,0.0,0.0,2015-10-20,0,0.0,0.0,0.0,0.0,0.0
2015,10,30,5,DL,1497,N941DN,14100,13487,830,827.0,-3.0,14.0,841.0,169.0,157.0,138.0,980,959.0,5.0,1019,1004.0,-15.0,0,0,,0.0,0.0,0.0,0.0,0.0,2015-10-30,0,0.0,0.0,0.0,0.0,0.0
2015,11,17,2,UA,486,N493UA,LAS,SFO,1226,1227.0,1.0,14.0,1241.0,107.0,91.0,71.0,414,1352.0,6.0,1413,1358.0,-15.0,0,0,,0.0,0.0,0.0,0.0,0.0,2015-11-17,0,0.0,0.0,0.0,0.0,0.0
2015,10,20,2,WN,249,N554WN,12191,12892,830,827.0,-3.0,7.0,834.0,215.0,212.0,191.0,1390,945.0,14.0,1005,959.0,-6.0,0,0,,0.0,0.0,0.0,0.0,0.0,2015-10-20,0,0.0,0.0,0.0,0.0,0.0
2015,11,10,2,EV,5518,N138EV,BTR,ATL,530,525.0,-5.0,17.0,542.0,84.0,100.0,71.0,448,753.0,12.0,754,805.0,11.0,0,0,,0.0,0.0,0.0,0.0,0.0,2015-11-10,0,0.0,0.0,0.0,0.0,0.0
2015,10,21,3,DL,1249,N921DL,14321,10397,700,807.0,67.0,7.0,814.0,180.0,154.0,138.0,1027,1032.0,9.0,1000,1041.0,41.0,0,0,,0.0,0.0,41.0,0.0,0.0,2015-10-21,1,0.0,0.0,61.19,0.0,0.0
2015,11,5,4,AA,374,N3MEAA,ORD,LGA,1245,1238.0,-7.0,19.0,1257.0,130.0,121.0,99.0,733,1536.0,3.0,1555,1539.0,-16.0,0,0,,0.0,0.0,0.0,0.0,0.0,2015-11-05,0,0.0,0.0,0.0,0.0,0.0
2015,11,9,1,DL,29,N951DL,ATL,DFW,1906,1905.0,-1.0,10.0,1915.0,149.0,138.0,115.0,731,2010.0,13.0,2035,2023.0,-12.0,0,0,,0.0,0.0,0.0,0.0,0.0,2015-11-09,0,0.0,0.0,0.0,0.0,0.0
2015,10,28,3,UA,590,N37427,14122,13930,1035,1202.0,87.0,33.0,1235.0,100.0,106.0,66.0,413,1241.0,7.0,1115,1248.0,93.0,0,0,,93.0,0.0,0.0,0.0,0.0,2015-10-28,1,106.9,0.0,0.0,0.0,0.0
2015,10,18,7,B6,768,N516JB,14254,13204,333,317.0,-16.0,19.0,336.0,176.0,189.0,164.0,1179,620.0,6.0,629,626.0,-3.0,0,0,,0.0,0.0,0.0,0.0,0.0,2015-10-18,0,0.0,0.0,0.0,0.0,0.0
2015,10,18,7,AA,468,N916US,13204,11057,1355,1351.0,-4.0,13.0,1404.0,99.0,100.0,80.0,468,1524.0,7.0,1534,1531.0,-3.0,0,0,,0.0,0.0,0.0,0.0,0.0,2015-10-18,0,0.0,0.0,0.0,0.0,0.0
2015,10,22,4,B6,1031,N328JB,10721,12191,710,708.0,-2.0,28.0,736.0,250.0,264.0,230.0,1609,1026.0,6.0,1020,1032.0,12.0,0,0,,0.0,0.0,0.0,0.0,0.0,2015-10-22,0,0.0,0.0,0.0,0.0,0.0
2015,10,13,2,F9,722,N219FR,11292,11278,735,734.0,-1.0,18.0,752.0,198.0,202.0,179.0,1476,1251.0,5.0,1253,1256.0,3.0,0,0,,0.0,0.0,0.0,0.0,0.0,2015-10-13,0,0.0,0.0,0.0,0.0,0.0
2015,11,12,4,EV,5934,N24103,ORD,SCE,1432,1428.0,-4.0,34.0,1502.0,97.0,106.0,68.0,528,1710.0,4.0,1709,1714.0,5.0,0,0,,0.0,0.0,0.0,0.0,0.0,2015-11-12,0,0.0,0.0,0.0,0.0,0.0
2015,11,16,1,B6,1489,N358JB,BOS,DCA,2010,1957.0,-13.0,21.0,2018.0,99.0,93.0,69.0,399,2127.0,3.0,2149,2130.0,-19.0,0,0,,0.0,0.0,0.0,0.0,0.0,2015-11-16,0,0.0,0.0,0.0,0.0,0.0
2015,10,26,1,UA,1293,N460UA,13204,12266,1816,1808.0,-8.0,16.0,1824.0,154.0,148.0,126.0,854,1930.0,6.0,1950,1936.0,-14.0,0,0,,0.0,0.0,0.0,0.0,0.0,2015-10-26,0,0.0,0.0,0.0,0.0,0.0
2015,10,11,7,F9,406,N923FR,12892,11292,1430,1425.0,-5.0,9.0,1434.0,139.0,129.0,114.0,862,1728.0,6.0,1749,1734.0,-15.0,0,0,,0.0,0.0,0.0,0.0,0.0,2015-10-11,0,0.0,0.0,0.0,0.0,0.0
2015,10,26,1,UA,1125,N12221,12266,11618,1553,1556.0,3.0,25.0,1621.0,213.0,224.0,168.0,1400,2009.0,31.0,2026,2040.0,14.0,0,0,,0.0,0.0,0.0,0.0,0.0,2015-10-26,0,0.0,0.0,0.0,0.0,0.0
2015,11,13,5,WN,383,N616SW,TPA,FLL,1415,1410.0,-5.0,10.0,1420.0,60.0,56.0,42.0,197,1502.0,4.0,1515,1506.0,-9.0,0,0,,0.0,0.0,0.0,0.0,0.0,2015-11-13,0,0.0,0.0,0.0,0.0,0.0
2015,10,18,7,DL,1861,N971AT,10397,12992,1356,1355.0,-1.0,17.0,1412.0,97.0,92.0,70.0,453,1422.0,5.0,1433,1427.0,-6.0,0,0,,0.0,0.0,0.0,0.0,0.0,2015-10-18,0,0.0,0.0,0.0,0.0,0.0
2015,11,19,4,AA,2065,N118US,CLT,IAH,1120,1126.0,6.0,15.0,1141.0,167.0,155.0,134.0,912,1255.0,6.0,1307,1301.0,-6.0,0,0,,0.0,0.0,0.0,0.0,0.0,2015-11-19,0,0.0,0.0,0.0,0.0,0.0
2015,10,14,3,UA,1742,N76504,14771,11618,1049,1046.0,-3.0,14.0,1100.0,340.0,304.0,280.0,2565,1840.0,10.0,1929,1850.0,-39.0,0,0,,0.0,0.0,0.0,0.0,0.0,2015-10-14,0,0.0,0.0,0.0,0.0,0.0
2015,10,15,4,EV,4298,N21154,11618,11995,710,702.0,-8.0,24.0,726.0,103.0,99.0,72.0,445,838.0,3.0,853,841.0,-12.0,0,0,,0.0,0.0,0.0,0.0,0.0,2015-10-15,0,0.0,0.0,0.0,0.0,0.0
2015,10,13,2,OO,6244,N732SK,13930,15380,1536,1533.0,-3.0,18.0,1551.0,63.0,65.0,43.0,224,1734.0,4.0,1739,1738.0,-1.0,0,0,,0.0,0.0,0.0,0.0,0.0,2015-10-13,0,0.0,0.0,0.0,0.0,0.0
2015,11,7,6,WN,63,N950WN,LAS,SAN,1445,1444.0,-1.0,12.0,1456.0,65.0,59.0,45.0,258,1541.0,2.0,1550,1543.0,-7.0,0,0,,0.0,0.0,0.0,0.0,0.0,2015-11-07,0,0.0,0.0,0.0,0.0,0.0
2015,10,17,6,AA,691,N971UY,11057,13204,1300,1255.0,-5.0,10.0,1305.0,97.0,86.0,67.0,468,1412.0,9.0,1437,1421.0,-16.0,0,0,,0.0,0.0,0.0,0.0,0.0,2015-10-17,0,0.0,0.0,0.0,0.0,0.0
2015,11,17,2,DL,1121,N349NB,ATL,CHS,1220,1219.0,-1.0,9.0,1228.0,71.0,58.0,42.0,259,1310.0,7.0,1331,1317.0,-14.0,0,0,,0.0,0.0,0.0,0.0,0.0,2015-11-17,0,0.0,0.0,0.0,0.0,0.0
2015,11,19,4,WN,1175,N405WN,BNA,PHL,1115,1116.0,1.0,13.0,1129.0,115.0,107.0,83.0,675,1352.0,11.0,1410,1403.0,-7.0,0,0,,0.0,0.0,0.0,0.0,0.0,2015-11-19,0,0.0,0.0,0.0,0.0,0.0
2015,11,4,3,WN,278,N8615E,DEN,ONT,2215,2218.0,3.0,25.0,2243.0,140.0,143.0,112.0,819,2335.0,6.0,2335,2341.0,6.0,0,0,,0.0,0.0,0.0,0.0,0.0,2015-11-04,0,0.0,0.0,0.0,0.0,0.0
2015,10,26,1,AA,1783,N509AY,11057,10721,2020,2020.0,0.0,28.0,2048.0,128.0,139.0,100.0,728,2228.0,11.0,2228,2239.0,11.0,0,0,,0.0,0.0,0.0,0.0,0.0,2015-10-26,0,0.0,0.0,0.0,0.0,0.0
2015,10,27,2,DL,1528,N338NB,10397,11995,2210,2158.0,-12.0,29.0,2227.0,79.0,79.0,46.0,306,2313.0,4.0,2329,2317.0,-12.0,0,0,,0.0,0.0,0.0,0.0,0.0,2015-10-27,0,0.0,0.0,0.0,0.0,0.0
2015,10,24,6,HA,236,N484HA,12173,13830,1725,1719.0,-6.0,11.0,1730.0,40.0,37.0,21.0,100,1751.0,5.0,1805,1756.0,-9.0,0,0,,0.0,0.0,0.0,0.0,0.0,2015-10-24,0,0.0,0.0,0.0,0.0,0.0
2015,10,19,1,EV,4272,N12540,11278,11042,1721,1713.0,-8.0,14.0,1727.0,81.0,78.0,58.0,310,1825.0,6.0,1842,1831.0,-11.0,0,0,,0.0,0.0,0.0,0.0,0.0,2015-10-19,0,0.0,0.0,0.0,0.0,0.0
2015,11,18,3,WN,2716,N923WN,PHX,LAS,950,1000.0,10.0,17.0,1017.0,65.0,67.0,45.0,255,1002.0,5.0,955,1007.0,12.0,0,0,,0.0,0.0,0.0,0.0,0.0,2015-11-18,0,0.0,0.0,0.0,0.0,0.0
2015,10,21,3,WN,1964,N463WN,11697,10821,815,810.0,-5.0,15.0,825.0,150.0,156.0,124.0,925,1029.0,17.0,1045,1046.0,1.0,0,0,,0.0,0.0,0.0,0.0,0.0,2015-10-21,0,0.0,0.0,0.0,0.0,0.0
2015,11,6,5,DL,82,N957DN,MSY,ATL,1105,1223.0,78.0,20.0,1243.0,84.0,100.0,72.0,425,1455.0,8.0,1329,1503.0,94.0,0,0,,21.0,0.0,2.0,71.0,0.0,2015-11-06,1,26.92,0.0,2.56,91.03,0.0
2015,11,11,3,B6,1334,N523JB,SJU,MCO,1435,1437.0,2.0,11.0,1448.0,190.0,174.0,150.0,1189,1618.0,13.0,1645,1631.0,-14.0,0,0,,0.0,0.0,0.0,0.0,0.0,2015-11-11,0,0.0,0.0,0.0,0.0,0.0
2015,10,16,5,OO,4644,N630SK,14869,12954,837,829.0,-8.0,16.0,845.0,123.0,113.0,91.0,588,916.0,6.0,940,922.0,-18.0,0,0,,0.0,0.0,0.0,0.0,0.0,2015-10-16,0,0.0,0.0,0.0,0.0,0.0
2015,11,11,3,AA,582,N672AW,BWI,PHX,646,638.0,-8.0,22.0,700.0,324.0,339.0,299.0,1999,959.0,18.0,1010,1017.0,7.0,0,0,,0.0,0.0,0.0,0.0,0.0,2015-11-11,0,0.0,0.0,0.0,0.0,0.0
2015,11,3,2,UA,518,N68811,ORD,PDX,1950,1943.0,-7.0,25.0,2008.0,279.0,254.0,226.0,1739,2154.0,3.0,2229,2157.0,-32.0,0,0,,0.0,0.0,0.0,0.0,0.0,2015-11-03,0,0.0,0.0,0.0,0.0,0.0
2015,10,23,5,UA,1174,N35407,14679,11292,1737,2036.0,179.0,19.0,2055.0,148.0,139.0,116.0,853,2351.0,4.0,2105,2355.0,170.0,0,0,,0.0,0.0,0.0,170.0,0.0,2015-10-23,1,0.0,0.0,0.0,94.97,0.0
2015,10,20,2,DL,902,N541US,10397,11433,1454,1454.0,0.0,23.0,1517.0,117.0,113.0,86.0,594,1643.0,4.0,1651,1647.0,-4.0,0,0,,0.0,0.0,0.0,0.0,0.0,2015-10-20,0,0.0,0.0,0.0,0.0,0.0
2015,10,14,3,UA,1474,N17730,13487,13930,955,1007.0,12.0,16.0,1023.0,91.0,74.0,48.0,334,1111.0,10.0,1126,1121.0,-5.0,0,0,,0.0,0.0,0.0,0.0,0.0,2015-10-14,0,0.0,0.0,0.0,0.0,0.0
2015,10,30,5,WN,2129,N429WN,14771,11259,1425,1447.0,22.0,9.0,1456.0,210.0,207.0,194.0,1476,2010.0,4.0,1955,2014.0,19.0,0,0,,0.0,0.0,1.0,18.0,0.0,2015-10-30,1,0.0,0.0,4.55,81.82,0.0
2015,11,10,2,WN,286,N8619F,OMA,LAS,1315,1313.0,-2.0,9.0,1322.0,180.0,199.0,166.0,1099,1408.0,24.0,1415,1432.0,17.0,0,0,,17.0,0.0,0.0,0.0,0.0,2015-11-10,0,-850.0,-0.0,-0.0,-0.0,-0.0
2015,10,22,4,DL,553,N550NW,14683,10397,740,740.0,0.0,14.0,754.0,136.0,128.0,107.0,874,1041.0,7.0,1056,1048.0,-8.0,0,0,,0.0,0.0,0.0,0.0,0.0,2015-10-22,0,0.0,0.0,0.0,0.0,0.0
2015,11,6,5,AA,639,N919US,PHX,ONT,2100,2056.0,-4.0,14.0,2110.0,75.0,68.0,47.0,325,2057.0,7.0,2115,2104.0,-11.0,0,0,,0.0,0.0,0.0,0.0,0.0,2015-11-06,0,0.0,0.0,0.0,0.0,0.0
2015,11,8,7,DL,2611,N329NB,MSY,JFK,1800,1833.0,33.0,10.0,1843.0,179.0,158.0,138.0,1182,2201.0,10.0,2159,2211.0,12.0,0,0,,0.0,0.0,0.0,0.0,0.0,2015-11-08,1,0.0,0.0,0.0,0.0,0.0
2015,11,11,3,WN,677,N239WN,TPA,DCA,1510,1510.0,0.0,15.0,1525.0,130.0,127.0,106.0,814,1711.0,6.0,1720,1717.0,-3.0,0,0,,0.0,0.0,0.0,0.0,0.0,2015-11-11,0,0.0,0.0,0.0,0.0,0.0
2015,11,10,2,DL,583,N906DL,LGA,DTW,1237,1239.0,2.0,47.0,1326.0,132.0,137.0,85.0,502,1451.0,5.0,1449,1456.0,7.0,0,0,,0.0,0.0,0.0,0.0,0.0,2015-11-10,0,0.0,0.0,0.0,0.0,0.0
2015,10,15,4,UA,300,N210UA,14771,12173,1125,1539.0,254.0,19.0,1558.0,324.0,307.0,281.0,2398,1739.0,7.0,1349,1746.0,237.0,0,0,,0.0,0.0,237.0,0.0,0.0,2015-10-15,1,0.0,0.0,93.31,0.0,0.0
2015,11,4,3,WN,3004,N7731A,STL,MDW,1740,1737.0,-3.0,10.0,1747.0,65.0,61.0,45.0,251,1832.0,6.0,1845,1838.0,-7.0,0,0,,0.0,0.0,0.0,0.0,0.0,2015-11-04,0,0.0,0.0,0.0,0.0,0.0
2015,10,23,5,DL,2209,N676DL,13487,14771,1937,2002.0,25.0,22.0,2024.0,246.0,239.0,210.0,1589,2154.0,7.0,2143,2201.0,18.0,0,0,,0.0,0.0,18.0,0.0,0.0,2015-10-23,1,0.0,0.0,72.0,0.0,0.0
2015,11,3,2,EV,5295,N846AS,ATL,VLD,1437,1444.0,7.0,10.0,1454.0,58.0,50.0,37.0,208,1531.0,3.0,1535,1534.0,-1.0,0,0,,0.0,0.0,0.0,0.0,0.0,2015-11-03,0,0.0,0.0,0.0,0.0,0.0
2015,10,20,2,WN,1214,N274WN,11697,13495,1045,1050.0,5.0,12.0,1102.0,125.0,125.0,110.0,674,1152.0,3.0,1150,1155.0,5.0,0,0,,0.0,0.0,0.0,0.0,0.0,2015-10-20,0,0.0,0.0,0.0,0.0,0.0
2015,11,10,2,UA,495,N425UA,IAD,MSY,1700,1658.0,-2.0,14.0,1712.0,167.0,148.0,132.0,955,1824.0,2.0,1847,1826.0,-21.0,0,0,,0.0,0.0,0.0,0.0,0.0,2015-11-10,0,0.0,0.0,0.0,0.0,0.0
2015,11,8,7,DL,1747,N944AT,DTW,TVC,2150,2145.0,-5.0,17.0,2202.0,63.0,59.0,37.0,207,2239.0,5.0,2253,2244.0,-9.0,0,0,,0.0,0.0,0.0,0.0,0.0,2015-11-08,0,0.0,0.0,0.0,0.0,0.0
2015,11,8,7,DL,2035,N989DL,MKE,ATL,1700,1653.0,-7.0,10.0,1703.0,123.0,134.0,95.0,669,1938.0,29.0,2003,2007.0,4.0,0,0,,0.0,0.0,0.0,0.0,0.0,2015-11-08,0,0.0,0.0,0.0,0.0,0.0
2015,11,8,7,NK,317,N601NK,ORD,ATL,2020,2022.0,2.0,18.0,2040.0,114.0,113.0,86.0,606,2306.0,9.0,2314,2315.0,1.0,0,0,,0.0,0.0,0.0,0.0,0.0,2015-11-08,0,0.0,0.0,0.0,0.0,0.0
2015,10,11,7,AA,180,N799AA,12892,12478,1630,1624.0,-6.0,36.0,1700.0,330.0,327.0,286.0,2475,46.0,5.0,100,51.0,-9.0,0,0,,0.0,0.0,0.0,0.0,0.0,2015-10-11,0,0.0,0.0,0.0,0.0,0.0
2015,10,21,3,DL,2026,N920DL,11697,10397,1245,1240.0,-5.0,19.0,1259.0,117.0,118.0,91.0,581,1430.0,8.0,1442,1438.0,-4.0,0,0,,0.0,0.0,0.0,0.0,0.0,2015-10-21,0,0.0,0.0,0.0,0.0,0.0
2015,10,20,2,MQ,3479,N634MQ,13930,13367,835,829.0,-6.0,13.0,842.0,60.0,46.0,27.0,139,909.0,6.0,935,915.0,-20.0,0,0,,0.0,0.0,0.0,0.0,0.0,2015-10-20,0,0.0,0.0,0.0,0.0,0.0
2015,10,29,4,EV,3269,N13161,12266,14814,1755,1749.0,-6.0,24.0,1813.0,63.0,69.0,38.0,192,1851.0,7.0,1858,1858.0,0.0,0,0,,0.0,0.0,0.0,0.0,0.0,2015-10-29,0,0.0,0.0,0.0,0.0,0.0
2015,11,6,5,AA,2136,N948UW,BOS,LGA,1200,1202.0,2.0,19.0,1221.0,76.0,81.0,46.0,184,1307.0,16.0,1316,1323.0,7.0,0,0,,0.0,0.0,0.0,0.0,0.0,2015-11-06,0,0.0,0.0,0.0,0.0,0.0
2015,10,24,6,DL,1270,N682DA,10397,14193,1340,1352.0,12.0,13.0,1405.0,75.0,62.0,45.0,271,1350.0,4.0,1355,1354.0,-1.0,0,0,,0.0,0.0,0.0,0.0,0.0,2015-10-24,0,0.0,0.0,0.0,0.0,0.0
2015,10,12,1,EV,2849,N667GB,11298,11973,1705,1700.0,-5.0,29.0,1729.0,95.0,98.0,65.0,500,1834.0,4.0,1840,1838.0,-2.0,0,0,,0.0,0.0,0.0,0.0,0.0,2015-10-12,0,0.0,0.0,0.0,0.0,0.0
2015,10,12,1,OO,4501,N679CA,11775,13487,1710,1701.0,-9.0,42.0,1743.0,60.0,90.0,43.0,196,1826.0,5.0,1810,1831.0,21.0,0,0,,21.0,0.0,0.0,0.0,0.0,2015-10-12,0,-233.33,-0.0,-0.0,-0.0,-0.0
2015,10,12,1,OO,2996,N886AS,14107,11413,854,848.0,-6.0,21.0,909.0,92.0,73.0,50.0,353,1059.0,2.0,1126,1101.0,-25.0,0,0,,0.0,0.0,0.0,0.0,0.0,2015-10-12,0,0.0,0.0,0.0,0.0,0.0
2015,11,13,5,EV,2858,N904EV,CAE,DFW,757,755.0,-2.0,14.0,809.0,178.0,169.0,149.0,922,938.0,6.0,955,944.0,-11.0,0,0,,0.0,0.0,0.0,0.0,0.0,2015-11-13,0,0.0,0.0,0.0,0.0,0.0
2015,10,19,1,OO,4610,N614SK,14869,15041,1115,1125.0,10.0,21.0,1146.0,68.0,62.0,39.0,222,1225.0,2.0,1223,1227.0,4.0,0,0,,0.0,0.0,0.0,0.0,0.0,2015-10-19,0,0.0,0.0,0.0,0.0,0.0
2015,10,20,2,EV,4510,N16170,15016,12266,1435,1438.0,3.0,17.0,1455.0,130.0,138.0,110.0,667,1645.0,11.0,1645,1656.0,11.0,0,0,,0.0,0.0,0.0,0.0,0.0,2015-10-20,0,0.0,0.0,0.0,0.0,0.0
2015,10,17,6,DL,2205,N3758Y,13487,12478,1005,1214.0,129.0,22.0,1236.0,161.0,160.0,122.0,1029,1538.0,16.0,1346,1554.0,128.0,0,0,,0.0,0.0,0.0,128.0,0.0,2015-10-17,1,0.0,0.0,0.0,99.22,0.0
2015,10,22,4,AA,2218,N3FGAA,11278,11298,2105,2114.0,9.0,12.0,2126.0,203.0,215.0,189.0,1192,2335.0,14.0,2328,2349.0,21.0,0,0,,12.0,0.0,0.0,9.0,0.0,2015-10-22,0,133.33,0.0,0.0,100.0,0.0
2015,10,12,1,UA,1683,N25705,12266,13851,720,717.0,-3.0,18.0,735.0,94.0,83.0,60.0,395,835.0,5.0,854,840.0,-14.0,0,0,,0.0,0.0,0.0,0.0,0.0,2015-10-12,0,0.0,0.0,0.0,0.0,0.0
2015,11,3,2,WN,2144,N794SW,BWI,PHX,1135,1135.0,0.0,9.0,1144.0,315.0,280.0,265.0,1999,1409.0,6.0,1450,1415.0,-35.0,0,0,,0.0,0.0,0.0,0.0,0.0,2015-11-03,0,0.0,0.0,0.0,0.0,0.0
2015,10,28,3,UA,292,N27724,11618,11298,1330,1404.0,34.0,47.0,1451.0,244.0,267.0,208.0,1372,1719.0,12.0,1634,1731.0,57.0,0,0,,23.0,0.0,34.0,0.0,0.0,2015-10-28,1,67.65,0.0,100.0,0.0,0.0
2015,10,23,5,NK,146,N615NK,10721,10397,1458,1508.0,10.0,24.0,1532.0,177.0,161.0,126.0,946,1738.0,11.0,1755,1749.0,-6.0,0,0,,0.0,0.0,0.0,0.0,0.0,2015-10-23,0,0.0,0.0,0.0,0.0,0.0
2015,10,17,6,DL,2069,N551NW,13204,10397,1225,1219.0,-6.0,14.0,1233.0,96.0,79.0,61.0,404,1334.0,4.0,1401,1338.0,-23.0,0,0,,0.0,0.0,0.0,0.0,0.0,2015-10-17,0,0.0,0.0,0.0,0.0,0.0
2015,10,14,3,AA,1344,N4YEAA,13930,10423,1117,1126.0,9.0,9.0,1135.0,161.0,139.0,127.0,977,1342.0,3.0,1358,1345.0,-13.0,0,0,,0.0,0.0,0.0,0.0,0.0,2015-10-14,0,0.0,0.0,0.0,0.0,0.0
2015,11,18,3,WN,1403,N8667D,DAL,SAT,2025,2035.0,10.0,14.0,2049.0,60.0,61.0,42.0,248,2131.0,5.0,2125,2136.0,11.0,0,0,,0.0,0.0,0.0,0.0,0.0,2015-11-18,0,0.0,0.0,0.0,0.0,0.0
2015,11,6,5,DL,1546,N612DL,PHX,ATL,1115,1113.0,-2.0,19.0,1132.0,212.0,203.0,177.0,1587,1629.0,7.0,1647,1636.0,-11.0,0,0,,0.0,0.0,0.0,0.0,0.0,2015-11-06,0,0.0,0.0,0.0,0.0,0.0
2015,10,24,6,F9,212,N931FR,11292,10423,710,718.0,8.0,18.0,736.0,122.0,131.0,107.0,775,1023.0,6.0,1012,1029.0,17.0,0,0,,9.0,0.0,8.0,0.0,0.0,2015-10-24,0,112.5,0.0,100.0,0.0,0.0
2015,10,24,6,B6,1286,N184JB,14122,10721,836,833.0,-3.0,12.0,845.0,92.0,94.0,76.0,496,1001.0,6.0,1008,1007.0,-1.0,0,0,,0.0,0.0,0.0,0.0,0.0,2015-10-24,0,0.0,0.0,0.0,0.0,0.0
2015,10,25,7,EV,5023,N730EV,10397,13422,1656,1829.0,93.0,12.0,1841.0,75.0,72.0,58.0,302,1839.0,2.0,1711,1841.0,90.0,0,0,,0.0,0.0,90.0,0.0,0.0,2015-10-25,1,0.0,0.0,96.77,0.0,0.0
2015,11,8,7,DL,2773,N997AT,SFO,LAX,1700,1724.0,24.0,23.0,1747.0,80.0,88.0,56.0,337,1843.0,9.0,1820,1852.0,32.0,0,0,,8.0,0.0,4.0,20.0,0.0,2015-11-08,1,33.33,0.0,16.67,83.33,0.0
2015,10,14,3,B6,1215,N274JB,10721,10792,905,851.0,-14.0,18.0,909.0,91.0,85.0,64.0,395,1013.0,3.0,1036,1016.0,-20.0,0,0,,0.0,0.0,0.0,0.0,0.0,2015-10-14,0,0.0,0.0,0.0,0.0,0.0
2015,10,28,3,WN,528,N7706A,15016,13871,2135,2328.0,113.0,11.0,2339.0,70.0,73.0,60.0,342,39.0,2.0,2245,41.0,116.0,0,0,,3.0,0.0,0.0,113.0,0.0,2015-10-28,1,2.65,0.0,0.0,100.0,0.0
2015,11,6,5,WN,3205,N708SW,MDW,PVD,920,918.0,-2.0,10.0,928.0,125.0,113.0,99.0,842,1207.0,4.0,1225,1211.0,-14.0,0,0,,0.0,0.0,0.0,0.0,0.0,2015-11-06,0,0.0,0.0,0.0,0.0,0.0
2015,11,14,6,MQ,3599,N933MQ,XNA,DFW,1152,1146.0,-6.0,12.0,1158.0,81.0,71.0,48.0,280,1246.0,11.0,1313,1257.0,-16.0,0,0,,0.0,0.0,0.0,0.0,0.0,2015-11-14,0,0.0,0.0,0.0,0.0,0.0
2015,10,23,5,WN,3670,N906WN,14107,12889,815,815.0,0.0,11.0,826.0,65.0,61.0,45.0,255,911.0,5.0,920,916.0,-4.0,0,0,,0.0,0.0,0.0,0.0,0.0,2015-10-23,0,0.0,0.0,0.0,0.0,0.0
2015,10,31,6,WN,1673,N638SW,15370,15016,1035,1036.0,1.0,12.0,1048.0,70.0,61.0,46.0,351,1134.0,3.0,1145,1137.0,-8.0,0,0,,0.0,0.0,0.0,0.0,0.0,2015-10-31,0,0.0,0.0,0.0,0.0,0.0
2015,11,9,1,AA,646,N655AW,PHX,BOS,950,945.0,-5.0,16.0,1001.0,295.0,279.0,255.0,2300,1616.0,8.0,1645,1624.0,-21.0,0,0,,0.0,0.0,0.0,0.0,0.0,2015-11-09,0,0.0,0.0,0.0,0.0,0.0
2015,10,13,2,OO,6538,N874AS,11292,12280,1847,1845.0,-2.0,16.0,1901.0,97.0,101.0,81.0,458,2022.0,4.0,2024,2026.0,2.0,0,0,,0.0,0.0,0.0,0.0,0.0,2015-10-13,0,0.0,0.0,0.0,0.0,0.0
2015,11,15,7,AS,509,N523AS,SNA,SEA,1110,1105.0,-5.0,12.0,1117.0,169.0,156.0,138.0,978,1335.0,6.0,1359,1341.0,-18.0,0,0,,0.0,0.0,0.0,0.0,0.0,2015-11-15,0,0.0,0.0,0.0,0.0,0.0
2015,11,4,3,DL,884,N361NB,LGA,DEN,1730,1729.0,-1.0,15.0,1744.0,287.0,266.0,244.0,1620,1948.0,7.0,2017,1955.0,-22.0,0,0,,0.0,0.0,0.0,0.0,0.0,2015-11-04,0,0.0,0.0,0.0,0.0,0.0
2015,11,12,4,WN,1062,N639SW,DEN,OAK,2220,2219.0,-1.0,11.0,2230.0,165.0,141.0,125.0,957,2335.0,5.0,5,2340.0,-25.0,0,0,,0.0,0.0,0.0,0.0,0.0,2015-11-12,0,0.0,0.0,0.0,0.0,0.0
2015,11,11,3,WN,1562,N216WR,LAS,MSY,1905,1901.0,-4.0,10.0,1911.0,195.0,183.0,169.0,1500,2400.0,4.0,20,4.0,-16.0,0,0,,0.0,0.0,0.0,0.0,0.0,2015-11-11,0,0.0,0.0,0.0,0.0,0.0
2015,10,16,5,WN,3032,N607SW,13796,14107,1220,1218.0,-2.0,9.0,1227.0,110.0,114.0,99.0,646,1406.0,6.0,1410,1412.0,2.0,0,0,,0.0,0.0,0.0,0.0,0.0,2015-10-16,0,0.0,0.0,0.0,0.0,0.0
2015,10,12,1,F9,1070,N932FR,13303,12264,1000,952.0,-8.0,12.0,1004.0,150.0,153.0,133.0,921,1217.0,8.0,1230,1225.0,-5.0,0,0,,0.0,0.0,0.0,0.0,0.0,2015-10-12,0,0.0,0.0,0.0,0.0,0.0
2015,11,19,4,MQ,3129,N6EAMQ,XNA,ORD,735,758.0,23.0,10.0,808.0,120.0,92.0,73.0,522,921.0,9.0,935,930.0,-5.0,0,0,,0.0,0.0,0.0,0.0,0.0,2015-11-19,1,0.0,0.0,0.0,0.0,0.0
2015,11,12,4,DL,2178,N921DL,LGA,TPA,1905,1916.0,11.0,22.0,1938.0,197.0,185.0,158.0,1010,2216.0,5.0,2222,2221.0,-1.0,0,0,,0.0,0.0,0.0,0.0,0.0,2015-11-12,0,0.0,0.0,0.0,0.0,0.0
2015,10,21,3,AA,1260,N4XVAA,11433,11298,1840,1839.0,-1.0,22.0,1901.0,176.0,170.0,135.0,986,2016.0,13.0,2036,2029.0,-7.0,0,0,,0.0,0.0,0.0,0.0,0.0,2015-10-21,0,0.0,0.0,0.0,0.0,0.0
2015,11,2,1,UA,682,N68843,DEN,ORD,755,804.0,9.0,16.0,820.0,145.0,134.0,108.0,888,1108.0,10.0,1120,1118.0,-2.0,0,0,,0.0,0.0,0.0,0.0,0.0,2015-11-02,0,0.0,0.0,0.0,0.0,0.0
2015,10,27,2,WN,1354,N277WN,10423,11259,1515,1513.0,-2.0,6.0,1519.0,55.0,51.0,41.0,189,1600.0,4.0,1610,1604.0,-6.0,0,0,,0.0,0.0,0.0,0.0,0.0,2015-10-27,0,0.0,0.0,0.0,0.0,0.0
2015,11,7,6,EV,4677,N12552,IAH,SDF,845,844.0,-1.0,16.0,900.0,135.0,126.0,102.0,788,1142.0,8.0,1200,1150.0,-10.0,0,0,,0.0,0.0,0.0,0.0,0.0,2015-11-07,0,0.0,0.0,0.0,0.0,0.0
2015,11,18,3,WN,183,N376SW,LAS,SLC,1155,1155.0,0.0,21.0,1216.0,80.0,83.0,59.0,368,1415.0,3.0,1415,1418.0,3.0,0,0,,0.0,0.0,0.0,0.0,0.0,2015-11-18,0,0.0,0.0,0.0,0.0,0.0
2015,11,15,7,DL,2350,N705TW,ATL,JFK,820,826.0,6.0,16.0,842.0,129.0,123.0,100.0,760,1022.0,7.0,1029,1029.0,0.0,0,0,,0.0,0.0,0.0,0.0,0.0,2015-11-15,0,0.0,0.0,0.0,0.0,0.0
2015,10,29,4,WN,516,N780SW,10397,14683,2045,2104.0,19.0,20.0,2124.0,150.0,158.0,132.0,874,2236.0,6.0,2215,2242.0,27.0,0,0,,8.0,0.0,14.0,5.0,0.0,2015-10-29,1,42.11,0.0,73.68,26.32,0.0
2015,11,8,7,WN,5885,N718SW,RNO,SAN,1625,1625.0,0.0,9.0,1634.0,85.0,88.0,75.0,488,1749.0,4.0,1750,1753.0,3.0,0,0,,0.0,0.0,0.0,0.0,0.0,2015-11-08,0,0.0,0.0,0.0,0.0,0.0
2015,10,27,2,MQ,3613,N654MQ,11140,11298,800,751.0,-9.0,17.0,808.0,93.0,88.0,63.0,354,911.0,8.0,933,919.0,-14.0,0,0,,0.0,0.0,0.0,0.0,0.0,2015-10-27,0,0.0,0.0,0.0,0.0,0.0
2015,10,25,7,B6,1290,N662JB,14843,11618,1400,1405.0,5.0,31.0,1436.0,248.0,251.0,211.0,1608,1807.0,9.0,1808,1816.0,8.0,0,0,,0.0,0.0,0.0,0.0,0.0,2015-10-25,0,0.0,0.0,0.0,0.0,0.0
2015,11,12,4,DL,1524,N143DA,SLC,ATL,830,827.0,-3.0,15.0,842.0,220.0,196.0,175.0,1590,1337.0,6.0,1410,1343.0,-27.0,0,0,,0.0,0.0,0.0,0.0,0.0,2015-11-12,0,0.0,0.0,0.0,0.0,0.0
2015,11,1,7,AA,1789,N746UW,TPA,PHL,1005,1000.0,-5.0,10.0,1010.0,148.0,136.0,122.0,920,1212.0,4.0,1233,1216.0,-17.0,0,0,,0.0,0.0,0.0,0.0,0.0,2015-11-01,0,0.0,0.0,0.0,0.0,0.0
2015,11,4,3,DL,701,N943DN,ATL,MCI,820,816.0,-4.0,26.0,842.0,129.0,135.0,103.0,692,925.0,6.0,929,931.0,2.0,0,0,,0.0,0.0,0.0,0.0,0.0,2015-11-04,0,0.0,0.0,0.0,0.0,0.0
2015,11,17,2,WN,2976,N704SW,SAN,LAS,700,657.0,-3.0,7.0,704.0,75.0,64.0,49.0,258,753.0,8.0,815,801.0,-14.0,0,0,,0.0,0.0,0.0,0.0,0.0,2015-11-17,0,0.0,0.0,0.0,0.0,0.0
2015,10,18,7,DL,869,N947DL,14730,10397,1930,1923.0,-7.0,22.0,1945.0,88.0,80.0,53.0,321,2038.0,5.0,2058,2043.0,-15.0,0,0,,0.0,0.0,0.0,0.0,0.0,2015-10-18,0,0.0,0.0,0.0,0.0,0.0
2015,11,12,4,AA,1447,N4WKAA,DFW,PIT,1410,1409.0,-1.0,13.0,1422.0,154.0,133.0,116.0,1067,1718.0,4.0,1744,1722.0,-22.0,0,0,,0.0,0.0,0.0,0.0,0.0,2015-11-12,0,0.0,0.0,0.0,0.0,0.0
2015,11,14,6,AA,2392,N3BHAA,LAX,ORD,600,554.0,-6.0,17.0,611.0,253.0,238.0,214.0,1744,1145.0,7.0,1213,1152.0,-21.0,0,0,,0.0,0.0,0.0,0.0,0.0,2015-11-14,0,0.0,0.0,0.0,0.0,0.0
2015,10,18,7,DL,1424,N963DN,11278,10397,1700,1700.0,0.0,25.0,1725.0,119.0,113.0,79.0,547,1844.0,9.0,1859,1853.0,-6.0,0,0,,0.0,0.0,0.0,0.0,0.0,2015-10-18,0,0.0,0.0,0.0,0.0,0.0
2015,10,30,5,AA,2302,N4YLAA,11298,13487,1520,1525.0,5.0,14.0,1539.0,146.0,126.0,108.0,852,1727.0,4.0,1746,1731.0,-15.0,0,0,,0.0,0.0,0.0,0.0,0.0,2015-10-30,0,0.0,0.0,0.0,0.0,0.0
2015,10,18,7,VX,941,N848VA,12892,14771,1840,2102.0,142.0,16.0,2118.0,75.0,91.0,72.0,337,2230.0,3.0,1955,2233.0,158.0,0,0,,90.0,0.0,0.0,68.0,0.0,2015-10-18,1,63.38,0.0,0.0,47.89,0.0
2015,11,7,6,WN,4072,N8318F,MDW,RSW,1805,1824.0,19.0,9.0,1833.0,165.0,152.0,137.0,1105,2150.0,6.0,2150,2156.0,6.0,0,0,,0.0,0.0,0.0,0.0,0.0,2015-11-07,1,0.0,0.0,0.0,0.0,0.0
2015,11,12,4,WN,1470,N965WN,MCO,ISP,945,949.0,4.0,10.0,959.0,145.0,141.0,126.0,971,1205.0,5.0,1210,1210.0,0.0,0,0,,0.0,0.0,0.0,0.0,0.0,2015-11-12,0,0.0,0.0,0.0,0.0,0.0
2015,10,14,3,EV,4366,N11565,12266,10599,907,857.0,-10.0,16.0,913.0,107.0,98.0,77.0,562,1030.0,5.0,1054,1035.0,-19.0,0,0,,0.0,0.0,0.0,0.0,0.0,2015-10-14,0,0.0,0.0,0.0,0.0,0.0
2015,11,19,4,AA,1439,N3GBAA,BNA,DFW,1742,1743.0,1.0,14.0,1757.0,137.0,138.0,102.0,631,1939.0,22.0,1959,2001.0,2.0,0,0,,0.0,0.0,0.0,0.0,0.0,2015-11-19,0,0.0,0.0,0.0,0.0,0.0
2015,11,13,5,EV,5489,N761ND,RIC,LGA,1200,1227.0,27.0,10.0,1237.0,79.0,78.0,53.0,292,1330.0,15.0,1319,1345.0,26.0,0,0,,0.0,0.0,26.0,0.0,0.0,2015-11-13,1,0.0,0.0,96.3,0.0,0.0
2015,10,30,5,UA,366,N425UA,12278,11292,1310,1455.0,105.0,16.0,1511.0,91.0,85.0,64.0,420,1515.0,5.0,1341,1520.0,99.0,0,0,,0.0,0.0,0.0,99.0,0.0,2015-10-30,1,0.0,0.0,0.0,94.29,0.0
2015,11,6,5,OO,5254,N758SK,IAH,PIT,1920,1916.0,-4.0,25.0,1941.0,168.0,157.0,126.0,1117,2247.0,6.0,2308,2253.0,-15.0,0,0,,0.0,0.0,0.0,0.0,0.0,2015-11-06,0,0.0,0.0,0.0,0.0,0.0
2015,11,9,1,MQ,3520,N830MQ,ORD,SDF,840,838.0,-2.0,13.0,851.0,82.0,77.0,55.0,286,1046.0,9.0,1102,1055.0,-7.0,0,0,,0.0,0.0,0.0,0.0,0.0,2015-11-09,0,0.0,0.0,0.0,0.0,0.0
2015,11,6,5,WN,1927,N8303R,PDX,PHX,545,543.0,-2.0,10.0,553.0,150.0,139.0,124.0,1009,857.0,5.0,915,902.0,-13.0,0,0,,0.0,0.0,0.0,0.0,0.0,2015-11-06,0,0.0,0.0,0.0,0.0,0.0
2015,11,16,1,AA,1615,N3DNAA,ORD,SFO,2011,2028.0,17.0,19.0,2047.0,287.0,284.0,259.0,1846,2306.0,6.0,2258,2312.0,14.0,0,0,,0.0,0.0,0.0,0.0,0.0,2015-11-16,1,0.0,0.0,0.0,0.0,0.0
2015,11,3,2,UA,1283,N25705,DCA,IAH,1938,1925.0,-13.0,10.0,1935.0,212.0,193.0,170.0,1208,2125.0,13.0,2210,2138.0,-32.0,0,0,,0.0,0.0,0.0,0.0,0.0,2015-11-03,0,0.0,0.0,0.0,0.0,0.0
2015,11,14,6,WN,1427,N663SW,ATL,RIC,2120,2119.0,-1.0,10.0,2129.0,90.0,83.0,68.0,481,2237.0,5.0,2250,2242.0,-8.0,0,0,,0.0,0.0,0.0,0.0,0.0,2015-11-14,0,0.0,0.0,0.0,0.0,0.0
2015,10,18,7,EV,5006,N878AS,10397,11308,1351,1408.0,17.0,22.0,1430.0,59.0,58.0,32.0,170,1402.0,4.0,1350,1406.0,16.0,0,0,,0.0,0.0,16.0,0.0,0.0,2015-10-18,1,0.0,0.0,94.12,0.0,0.0
2015,11,9,1,UA,437,N66831,ORD,MCO,1730,1729.0,-1.0,17.0,1746.0,161.0,157.0,133.0,1005,2059.0,7.0,2111,2106.0,-5.0,0,0,,0.0,0.0,0.0,0.0,0.0,2015-11-09,0,0.0,0.0,0.0,0.0,0.0
2015,11,11,3,DL,826,N612DL,CLT,ATL,1815,1811.0,-4.0,16.0,1827.0,84.0,66.0,42.0,226,1909.0,8.0,1939,1917.0,-22.0,0,0,,0.0,0.0,0.0,0.0,0.0,2015-11-11,0,0.0,0.0,0.0,0.0,0.0
2015,11,16,1,UA,1060,N76254,RDU,SFO,645,645.0,0.0,14.0,659.0,367.0,379.0,334.0,2400,933.0,31.0,952,1004.0,12.0,0,0,,0.0,0.0,0.0,0.0,0.0,2015-11-16,0,0.0,0.0,0.0,0.0,0.0
2015,10,22,4,UA,1533,N37437,12892,13930,630,719.0,49.0,14.0,733.0,254.0,235.0,210.0,1744,1303.0,11.0,1244,1314.0,30.0,0,0,,0.0,0.0,30.0,0.0,0.0,2015-10-22,1,0.0,0.0,61.22,0.0,0.0
2015,10,28,3,UA,994,N26208,11618,10721,1946,2251.0,185.0,38.0,2329.0,77.0,98.0,56.0,200,25.0,4.0,2103,29.0,206.0,0,0,,21.0,0.0,0.0,93.0,92.0,2015-10-28,1,11.35,0.0,0.0,50.27,49.73
2015,10,29,4,AS,117,N471AS,14747,11630,1955,1955.0,0.0,28.0,2023.0,227.0,238.0,206.0,1533,2249.0,4.0,2242,2253.0,11.0,0,0,,0.0,0.0,0.0,0.0,0.0,2015-10-29,0,0.0,0.0,0.0,0.0,0.0
2015,10,30,5,B6,1236,N284JB,14843,15024,700,659.0,-1.0,10.0,709.0,32.0,30.0,17.0,68,726.0,3.0,732,729.0,-3.0,0,0,,0.0,0.0,0.0,0.0,0.0,2015-10-30,0,0.0,0.0,0.0,0.0,0.0
2015,10,12,1,WN,196,N933WN,13232,11066,1355,1353.0,-2.0,17.0,1410.0,70.0,67.0,46.0,283,1556.0,4.0,1605,1600.0,-5.0,0,0,,0.0,0.0,0.0,0.0,0.0,2015-10-12,0,0.0,0.0,0.0,0.0,0.0
2015,10,14,3,OO,5179,N766SK,14683,12266,1157,1148.0,-9.0,17.0,1205.0,63.0,58.0,38.0,191,1243.0,3.0,1300,1246.0,-14.0,0,0,,0.0,0.0,0.0,0.0,0.0,2015-10-14,0,0.0,0.0,0.0,0.0,0.0
2015,11,11,3,HA,339,N483HA,OGG,LIH,1209,1202.0,-7.0,6.0,1208.0,47.0,48.0,35.0,201,1243.0,7.0,1256,1250.0,-6.0,0,0,,0.0,0.0,0.0,0.0,0.0,2015-11-11,0,0.0,0.0,0.0,0.0,0.0
2015,11,2,1,DL,316,N673DL,DTW,ATL,1345,1345.0,0.0,18.0,1403.0,120.0,125.0,99.0,594,1542.0,8.0,1545,1550.0,5.0,0,0,,0.0,0.0,0.0,0.0,0.0,2015-11-02,0,0.0,0.0,0.0,0.0,0.0
2015,10,28,3,DL,2006,N359NB,11292,14869,845,842.0,-3.0,14.0,856.0,95.0,90.0,64.0,391,1000.0,12.0,1020,1012.0,-8.0,0,0,,0.0,0.0,0.0,0.0,0.0,2015-10-28,0,0.0,0.0,0.0,0.0,0.0
2015,11,4,3,EV,5411,N853AS,AGS,ATL,1700,1655.0,-5.0,8.0,1703.0,56.0,60.0,39.0,143,1742.0,13.0,1756,1755.0,-1.0,0,0,,0.0,0.0,0.0,0.0,0.0,2015-11-04,0,0.0,0.0,0.0,0.0,0.0
2015,10,11,7,DL,1722,N321NB,11433,10257,2001,1959.0,-2.0,17.0,2016.0,94.0,85.0,64.0,489,2120.0,4.0,2135,2124.0,-11.0,0,0,,0.0,0.0,0.0,0.0,0.0,2015-10-11,0,0.0,0.0,0.0,0.0,0.0
2015,11,10,2,AS,139,N538AS,ORD,ANC,935,924.0,-11.0,23.0,947.0,420.0,399.0,371.0,2846,1258.0,5.0,1335,1303.0,-32.0,0,0,,0.0,0.0,0.0,0.0,0.0,2015-11-10,0,0.0,0.0,0.0,0.0,0.0
2015,10,25,7,WN,1758,N922WN,12889,14831,1405,1407.0,2.0,10.0,1417.0,85.0,73.0,59.0,386,1516.0,4.0,1530,1520.0,-10.0,0,0,,0.0,0.0,0.0,0.0,0.0,2015-10-25,0,0.0,0.0,0.0,0.0,0.0
2015,11,6,5,WN,2736,N482WN,BWI,PBI,810,808.0,-2.0,11.0,819.0,150.0,142.0,126.0,883,1025.0,5.0,1040,1030.0,-10.0,0,0,,0.0,0.0,0.0,0.0,0.0,2015-11-06,0,0.0,0.0,0.0,0.0,0.0
2015,11,8,7,DL,2109,N6700,ATL,SNA,1002,1006.0,4.0,14.0,1020.0,291.0,275.0,257.0,1919,1137.0,4.0,1153,1141.0,-12.0,0,0,,0.0,0.0,0.0,0.0,0.0,2015-11-08,0,0.0,0.0,0.0,0.0,0.0
2015,10,13,2,WN,435,N481WN,14492,14107,1755,1755.0,0.0,15.0,1810.0,290.0,273.0,252.0,1891,1922.0,6.0,1945,1928.0,-17.0,0,0,,0.0,0.0,0.0,0.0,0.0,2015-10-13,0,0.0,0.0,0.0,0.0,0.0
2015,10,11,7,EV,5808,N17159,12951,12266,1148,1139.0,-9.0,8.0,1147.0,66.0,55.0,39.0,201,1226.0,8.0,1254,1234.0,-20.0,0,0,,0.0,0.0,0.0,0.0,0.0,2015-10-11,0,0.0,0.0,0.0,0.0,0.0
2015,11,15,7,WN,1988,N288WN,OAK,PHX,1215,1213.0,-2.0,8.0,1221.0,110.0,104.0,91.0,646,1452.0,5.0,1505,1457.0,-8.0,0,0,,0.0,0.0,0.0,0.0,0.0,2015-11-15,0,0.0,0.0,0.0,0.0,0.0
2015,10,22,4,AA,19,N783AA,12478,12892,1100,1058.0,-2.0,13.0,1111.0,356.0,362.0,334.0,2475,1345.0,15.0,1356,1400.0,4.0,0,0,,0.0,0.0,0.0,0.0,0.0,2015-10-22,0,0.0,0.0,0.0,0.0,0.0
2015,11,1,7,WN,639,N730SW,MCI,DAL,1945,2006.0,21.0,14.0,2020.0,90.0,87.0,66.0,460,2126.0,7.0,2115,2133.0,18.0,0,0,,0.0,0.0,18.0,0.0,0.0,2015-11-01,1,0.0,0.0,85.71,0.0,0.0
2015,10,18,7,WN,167,N8309C,12889,14492,915,912.0,-3.0,20.0,932.0,265.0,267.0,242.0,2026,1634.0,5.0,1640,1639.0,-1.0,0,0,,0.0,0.0,0.0,0.0,0.0,2015-10-18,0,0.0,0.0,0.0,0.0,0.0
2015,11,8,7,AA,165,N3BGAA,DFW,LAS,2050,2120.0,30.0,13.0,2133.0,179.0,173.0,148.0,1055,2201.0,12.0,2149,2213.0,24.0,0,0,,0.0,0.0,6.0,18.0,0.0,2015-11-08,1,0.0,0.0,20.0,60.0,0.0
2015,10,30,5,OO,5470,N951SW,14771,14893,1619,1614.0,-5.0,20.0,1634.0,49.0,46.0,19.0,86,1653.0,7.0,1708,1700.0,-8.0,0,0,,0.0,0.0,0.0,0.0,0.0,2015-10-30,0,0.0,0.0,0.0,0.0,0.0
2015,10,31,6,DL,1146,N633DL,11252,10397,725,721.0,-4.0,13.0,734.0,83.0,92.0,67.0,366,841.0,12.0,848,853.0,5.0,0,0,,0.0,0.0,0.0,0.0,0.0,2015-10-31,0,0.0,0.0,0.0,0.0,0.0
2015,11,1,7,EV,4737,N48901,GRB,ORD,1717,1706.0,-11.0,7.0,1713.0,63.0,56.0,36.0,173,1749.0,13.0,1820,1802.0,-18.0,0,0,,0.0,0.0,0.0,0.0,0.0,2015-11-01,0,0.0,0.0,0.0,0.0,0.0
2015,11,13,5,OO,5268,N913SW,DSM,DEN,1327,1331.0,4.0,12.0,1343.0,118.0,103.0,85.0,589,1408.0,6.0,1425,1414.0,-11.0,0,0,,0.0,0.0,0.0,0.0,0.0,2015-11-13,0,0.0,0.0,0.0,0.0,0.0
2015,11,9,1,WN,342,N243WN,BWI,ORF,2010,2136.0,86.0,21.0,2157.0,55.0,63.0,36.0,159,2233.0,6.0,2105,2239.0,94.0,0,0,,8.0,0.0,85.0,1.0,0.0,2015-11-09,1,9.3,0.0,98.84,1.16,0.0
2015,10,13,2,HA,368,N478HA,12173,12758,827,827.0,0.0,11.0,838.0,46.0,45.0,28.0,163,906.0,6.0,913,912.0,-1.0,0,0,,0.0,0.0,0.0,0.0,0.0,2015-10-13,0,0.0,0.0,0.0,0.0,0.0
2015,11,13,5,AA,593,N553UW,PHX,ORD,1010,1004.0,-6.0,28.0,1032.0,220.0,208.0,163.0,1440,1415.0,17.0,1450,1432.0,-18.0,0,0,,0.0,0.0,0.0,0.0,0.0,2015-11-13,0,0.0,0.0,0.0,0.0,0.0
2015,10,28,3,WN,3235,N933WN,14908,11259,645,645.0,0.0,23.0,708.0,195.0,173.0,145.0,1216,1133.0,5.0,1200,1138.0,-22.0,0,0,,0.0,0.0,0.0,0.0,0.0,2015-10-28,0,0.0,0.0,0.0,0.0,0.0
2015,10,18,7,EV,4588,N27152,11973,12266,635,633.0,-2.0,24.0,657.0,88.0,107.0,75.0,376,812.0,8.0,803,820.0,17.0,0,0,,17.0,0.0,0.0,0.0,0.0,2015-10-18,0,-850.0,-0.0,-0.0,-0.0,-0.0
2015,11,1,7,AA,416,N563UW,ATL,CLT,1745,1740.0,-5.0,31.0,1811.0,75.0,84.0,38.0,226,1849.0,15.0,1900,1904.0,4.0,0,0,,0.0,0.0,0.0,0.0,0.0,2015-11-01,0,0.0,0.0,0.0,0.0,0.0
2015,11,12,4,WN,148,N298WN,DAL,ATL,605,604.0,-1.0,10.0,614.0,120.0,133.0,107.0,721,901.0,16.0,905,917.0,12.0,0,0,,0.0,0.0,0.0,0.0,0.0,2015-11-12,0,0.0,0.0,0.0,0.0,0.0
2015,11,1,7,AA,1210,N3ABAA,MSP,DFW,1335,1332.0,-3.0,13.0,1345.0,156.0,154.0,131.0,852,1556.0,10.0,1611,1606.0,-5.0,0,0,,0.0,0.0,0.0,0.0,0.0,2015-11-01,0,0.0,0.0,0.0,0.0,0.0
2015,10,13,2,WN,144,N952WN,13796,13891,1035,1033.0,-2.0,7.0,1040.0,75.0,72.0,61.0,362,1141.0,4.0,1150,1145.0,-5.0,0,0,,0.0,0.0,0.0,0.0,0.0,2015-10-13,0,0.0,0.0,0.0,0.0,0.0
2015,11,9,1,WN,510,N475WN,ATL,RDU,2210,2209.0,-1.0,19.0,2228.0,75.0,70.0,47.0,356,2315.0,4.0,2325,2319.0,-6.0,0,0,,0.0,0.0,0.0,0.0,0.0,2015-11-09,0,0.0,0.0,0.0,0.0,0.0
2015,11,4,3,WN,1289,N295WN,SJU,BWI,1350,1349.0,-1.0,16.0,1405.0,265.0,260.0,238.0,1565,1703.0,6.0,1715,1709.0,-6.0,0,0,,0.0,0.0,0.0,0.0,0.0,2015-11-04,0,0.0,0.0,0.0,0.0,0.0
2015,10,29,4,AA,2243,N860AA,12478,13303,540,537.0,-3.0,23.0,600.0,180.0,180.0,150.0,1089,830.0,7.0,840,837.0,-3.0,0,0,,0.0,0.0,0.0,0.0,0.0,2015-10-29,0,0.0,0.0,0.0,0.0,0.0
2015,10,21,3,WN,807,N371SW,12191,11540,2145,2149.0,4.0,13.0,2202.0,115.0,113.0,95.0,677,2237.0,5.0,2240,2242.0,2.0,0,0,,0.0,0.0,0.0,0.0,0.0,2015-10-21,0,0.0,0.0,0.0,0.0,0.0
2015,11,3,2,AA,1827,N705UW,MSY,CLT,1059,1057.0,-2.0,12.0,1109.0,111.0,105.0,84.0,651,1333.0,9.0,1350,1342.0,-8.0,0,0,,0.0,0.0,0.0,0.0,0.0,2015-11-03,0,0.0,0.0,0.0,0.0,0.0
2015,11,9,1,WN,1410,N490WN,LAS,SAN,1535,1605.0,30.0,9.0,1614.0,65.0,60.0,47.0,258,1701.0,4.0,1640,1705.0,25.0,0,0,,0.0,0.0,25.0,0.0,0.0,2015-11-09,1,0.0,0.0,83.33,0.0,0.0
2015,11,18,3,OO,6498,N746SK,SFO,SAN,1712,1703.0,-9.0,22.0,1725.0,95.0,94.0,69.0,447,1834.0,3.0,1847,1837.0,-10.0,0,0,,0.0,0.0,0.0,0.0,0.0,2015-11-18,0,0.0,0.0,0.0,0.0,0.0
2015,11,1,7,DL,1854,N326US,DTW,DEN,1544,1542.0,-2.0,10.0,1552.0,201.0,180.0,164.0,1123,1636.0,6.0,1705,1642.0,-23.0,0,0,,0.0,0.0,0.0,0.0,0.0,2015-11-01,0,0.0,0.0,0.0,0.0,0.0
2015,10,16,5,AA,1765,N808AW,14122,11057,1355,1351.0,-4.0,10.0,1401.0,90.0,81.0,65.0,366,1506.0,6.0,1525,1512.0,-13.0,0,0,,0.0,0.0,0.0,0.0,0.0,2015-10-16,0,0.0,0.0,0.0,0.0,0.0
2015,10,17,6,DL,959,N326NB,13198,13487,1705,1656.0,-9.0,11.0,1707.0,88.0,77.0,59.0,393,1806.0,7.0,1833,1813.0,-20.0,0,0,,0.0,0.0,0.0,0.0,0.0,2015-10-17,0,0.0,0.0,0.0,0.0,0.0
2015,10,13,2,F9,251,N214FR,14100,12266,1615,1618.0,3.0,21.0,1639.0,220.0,202.0,167.0,1325,1826.0,14.0,1855,1840.0,-15.0,0,0,,0.0,0.0,0.0,0.0,0.0,2015-10-13,0,0.0,0.0,0.0,0.0,0.0
2015,11,9,1,AA,1986,N741UW,PHL,MSP,1815,1808.0,-7.0,24.0,1832.0,188.0,168.0,139.0,980,1951.0,5.0,2023,1956.0,-27.0,0,0,,0.0,0.0,0.0,0.0,0.0,2015-11-09,0,0.0,0.0,0.0,0.0,0.0
2015,11,13,5,AA,1613,N3DAAA,MIA,SJU,1240,1230.0,-10.0,21.0,1251.0,154.0,157.0,131.0,1045,1602.0,5.0,1614,1607.0,-7.0,0,0,,0.0,0.0,0.0,0.0,0.0,2015-11-13,0,0.0,0.0,0.0,0.0,0.0
2015,10,31,6,OO,6339,N113SY,12892,14679,2117,2117.0,0.0,18.0,2135.0,59.0,46.0,25.0,109,2200.0,3.0,2216,2203.0,-13.0,0,0,,0.0,0.0,0.0,0.0,0.0,2015-10-31,0,0.0,0.0,0.0,0.0,0.0
2015,11,19,4,WN,2836,N8628A,PDX,LAS,600,559.0,-1.0,12.0,611.0,135.0,116.0,97.0,763,748.0,7.0,815,755.0,-20.0,0,0,,0.0,0.0,0.0,0.0,0.0,2015-11-19,0,0.0,0.0,0.0,0.0,0.0
2015,10,12,1,AA,1781,N108UW,12953,11057,1555,1550.0,-5.0,16.0,1606.0,123.0,98.0,77.0,544,1723.0,5.0,1758,1728.0,-30.0,0,0,,0.0,0.0,0.0,0.0,0.0,2015-10-12,0,0.0,0.0,0.0,0.0,0.0
2015,10,25,7,AA,2489,N864AA,11298,12892,1845,1852.0,7.0,25.0,1917.0,209.0,201.0,165.0,1235,2002.0,11.0,2014,2013.0,-1.0,0,0,,0.0,0.0,0.0,0.0,0.0,2015-10-25,0,0.0,0.0,0.0,0.0,0.0
2015,10,18,7,AA,1627,N3HKAA,14908,11298,745,737.0,-8.0,25.0,802.0,184.0,185.0,148.0,1205,1230.0,12.0,1249,1242.0,-7.0,0,0,,0.0,0.0,0.0,0.0,0.0,2015-10-18,0,0.0,0.0,0.0,0.0,0.0
2015,11,5,4,WN,946,N490WN,DEN,LAS,935,931.0,-4.0,19.0,950.0,115.0,111.0,87.0,628,1017.0,5.0,1030,1022.0,-8.0,0,0,,0.0,0.0,0.0,0.0,0.0,2015-11-05,0,0.0,0.0,0.0,0.0,0.0
2015,11,1,7,MQ,3203,N535MQ,DFW,LIT,1755,1853.0,58.0,23.0,1916.0,71.0,73.0,47.0,304,2003.0,3.0,1906,2006.0,60.0,0,0,,2.0,0.0,58.0,0.0,0.0,2015-11-01,1,3.45,0.0,100.0,0.0,0.0
2015,11,17,2,DL,663,N320US,ATL,AUS,1619,1622.0,3.0,24.0,1646.0,151.0,159.0,131.0,813,1757.0,4.0,1750,1801.0,11.0,0,0,,0.0,0.0,0.0,0.0,0.0,2015-11-17,0,0.0,0.0,0.0,0.0,0.0
2015,10,17,6,DL,2209,N661DN,13487,14771,1937,1935.0,-2.0,10.0,1945.0,244.0,222.0,206.0,1589,2111.0,6.0,2141,2117.0,-24.0,0,0,,0.0,0.0,0.0,0.0,0.0,2015-10-17,0,0.0,0.0,0.0,0.0,0.0
2015,10,12,1,EV,2769,N901EV,11298,12448,755,749.0,-6.0,11.0,800.0,80.0,74.0,58.0,408,858.0,5.0,915,903.0,-12.0,0,0,,0.0,0.0,0.0,0.0,0.0,2015-10-12,0,0.0,0.0,0.0,0.0,0.0
2015,10,25,7,WN,583,N290WN,13232,13931,2155,2150.0,-5.0,10.0,2200.0,115.0,102.0,89.0,704,29.0,3.0,50,32.0,-18.0,0,0,,0.0,0.0,0.0,0.0,0.0,2015-10-25,0,0.0,0.0,0.0,0.0,0.0
2015,11,11,3,WN,1730,N704SW,OAK,PHX,1550,1547.0,-3.0,7.0,1554.0,110.0,108.0,91.0,646,1825.0,10.0,1840,1835.0,-5.0,0,0,,0.0,0.0,0.0,0.0,0.0,2015-11-11,0,0.0,0.0,0.0,0.0,0.0
2015,10,21,3,UA,1291,N77525,12982,12892,1350,1342.0,-8.0,8.0,1350.0,339.0,333.0,310.0,2615,2200.0,15.0,2229,2215.0,-14.0,0,0,,0.0,0.0,0.0,0.0,0.0,2015-10-21,0,0.0,0.0,0.0,0.0,0.0
2015,11,19,4,B6,287,N637JB,BOS,LAX,700,658.0,-2.0,17.0,715.0,392.0,386.0,361.0,2611,1016.0,8.0,1032,1024.0,-8.0,0,0,,0.0,0.0,0.0,0.0,0.0,2015-11-19,0,0.0,0.0,0.0,0.0,0.0
2015,11,11,3,WN,267,N770SA,LAS,BOI,1415,1416.0,1.0,14.0,1430.0,105.0,100.0,82.0,519,1652.0,4.0,1700,1656.0,-4.0,0,0,,0.0,0.0,0.0,0.0,0.0,2015-11-11,0,0.0,0.0,0.0,0.0,0.0
2015,11,17,2,AA,1202,N3MMAA,DCA,MIA,1450,1443.0,-7.0,11.0,1454.0,175.0,149.0,123.0,919,1657.0,15.0,1745,1712.0,-33.0,0,0,,0.0,0.0,0.0,0.0,0.0,2015-11-17,0,0.0,0.0,0.0,0.0,0.0
2015,11,9,1,DL,2108,N336NB,DEN,MSP,1120,1113.0,-7.0,10.0,1123.0,118.0,99.0,85.0,680,1348.0,4.0,1418,1352.0,-26.0,0,0,,0.0,0.0,0.0,0.0,0.0,2015-11-09,0,0.0,0.0,0.0,0.0,0.0
2015,10,30,5,AA,2383,N4XSAA,11298,12451,700,655.0,-5.0,16.0,711.0,141.0,129.0,107.0,918,958.0,6.0,1021,1004.0,-17.0,0,0,,0.0,0.0,0.0,0.0,0.0,2015-10-30,0,0.0,0.0,0.0,0.0,0.0
2015,11,6,5,AA,1914,N536UW,CLT,BWI,1135,1132.0,-3.0,18.0,1150.0,85.0,91.0,66.0,361,1256.0,7.0,1300,1303.0,3.0,0,0,,0.0,0.0,0.0,0.0,0.0,2015-11-06,0,0.0,0.0,0.0,0.0,0.0
2015,10,22,4,WN,2082,N924WN,15016,14492,915,914.0,-1.0,11.0,925.0,110.0,102.0,87.0,667,1152.0,4.0,1205,1156.0,-9.0,0,0,,0.0,0.0,0.0,0.0,0.0,2015-10-22,0,0.0,0.0,0.0,0.0,0.0
2015,10,31,6,AA,2329,N4YPAA,11298,13930,1820,1830.0,10.0,12.0,1842.0,148.0,117.0,98.0,802,2020.0,7.0,2048,2027.0,-21.0,0,0,,0.0,0.0,0.0,0.0,0.0,2015-10-31,0,0.0,0.0,0.0,0.0,0.0
2015,11,11,3,HA,141,N475HA,ITO,HNL,1823,1820.0,-3.0,9.0,1829.0,52.0,53.0,36.0,216,1905.0,8.0,1915,1913.0,-2.0,0,0,,0.0,0.0,0.0,0.0,0.0,2015-11-11,0,0.0,0.0,0.0,0.0,0.0
2015,11,13,5,WN,2828,N691WN,DAL,AUS,1550,1549.0,-1.0,10.0,1559.0,55.0,54.0,39.0,189,1638.0,5.0,1645,1643.0,-2.0,0,0,,0.0,0.0,0.0,0.0,0.0,2015-11-13,0,0.0,0.0,0.0,0.0,0.0
2015,11,1,7,WN,599,N398SW,ABQ,PHX,920,914.0,-6.0,11.0,925.0,75.0,70.0,53.0,328,1018.0,6.0,1035,1024.0,-11.0,0,0,,0.0,0.0,0.0,0.0,0.0,2015-11-01,0,0.0,0.0,0.0,0.0,0.0
2015,10,18,7,EV,5922,N11535,13930,10599,1922,1923.0,1.0,35.0,1958.0,108.0,119.0,79.0,584,2117.0,5.0,2110,2122.0,12.0,0,0,,0.0,0.0,0.0,0.0,0.0,2015-10-18,0,0.0,0.0,0.0,0.0,0.0
2015,10,13,2,AS,870,N532AS,10299,12173,1432,1427.0,-5.0,11.0,1438.0,379.0,350.0,335.0,2777,1813.0,4.0,1851,1817.0,-34.0,0,0,,0.0,0.0,0.0,0.0,0.0,2015-10-13,0,0.0,0.0,0.0,0.0,0.0
2015,10,11,7,B6,135,N648JB,12478,14107,2010,2118.0,68.0,25.0,2143.0,320.0,307.0,279.0,2153,2322.0,3.0,2230,2325.0,55.0,0,0,,0.0,0.0,18.0,37.0,0.0,2015-10-11,1,0.0,0.0,26.47,54.41,0.0
2015,10,28,3,WN,375,N511SW,12191,10423,1420,1437.0,17.0,8.0,1445.0,45.0,39.0,27.0,148,1512.0,4.0,1505,1516.0,11.0,0,0,,0.0,0.0,0.0,0.0,0.0,2015-10-28,1,0.0,0.0,0.0,0.0,0.0
2015,10,16,5,AA,2433,N866AA,14771,11298,645,646.0,1.0,18.0,704.0,212.0,210.0,182.0,1464,1206.0,10.0,1217,1216.0,-1.0,0,0,,0.0,0.0,0.0,0.0,0.0,2015-10-16,0,0.0,0.0,0.0,0.0,0.0
2015,10,25,7,DL,2541,N940AT,11423,10397,1154,1211.0,17.0,6.0,1217.0,129.0,109.0,95.0,743,1452.0,8.0,1503,1500.0,-3.0,0,0,,0.0,0.0,0.0,0.0,0.0,2015-10-25,1,0.0,0.0,0.0,0.0,0.0
2015,11,10,2,WN,2793,N607SW,PIT,ATL,705,704.0,-1.0,9.0,713.0,130.0,96.0,81.0,526,834.0,6.0,915,840.0,-35.0,0,0,,0.0,0.0,0.0,0.0,0.0,2015-11-10,0,0.0,0.0,0.0,0.0,0.0
2015,10,17,6,WN,1531,N423WN,14730,13232,1750,1752.0,2.0,10.0,1802.0,70.0,65.0,50.0,271,1752.0,5.0,1800,1757.0,-3.0,0,0,,0.0,0.0,0.0,0.0,0.0,2015-10-17,0,0.0,0.0,0.0,0.0,0.0
2015,10,21,3,OO,2951,N907SW,14107,15376,1210,1205.0,-5.0,23.0,1228.0,51.0,55.0,26.0,110,1254.0,6.0,1301,1300.0,-1.0,0,0,,0.0,0.0,0.0,0.0,0.0,2015-10-21,0,0.0,0.0,0.0,0.0,0.0
2015,11,3,2,AA,386,N547AA,DFW,JAX,1510,1511.0,1.0,12.0,1523.0,143.0,136.0,117.0,918,1820.0,7.0,1833,1827.0,-6.0,0,0,,0.0,0.0,0.0,0.0,0.0,2015-11-03,0,0.0,0.0,0.0,0.0,0.0
2015,11,16,1,DL,2591,N902DA,SJC,MSP,1225,1430.0,125.0,11.0,1441.0,222.0,219.0,204.0,1576,2005.0,4.0,1807,2009.0,122.0,0,0,,0.0,0.0,122.0,0.0,0.0,2015-11-16,1,0.0,0.0,97.6,0.0,0.0
2015,10,15,4,EV,4521,N17185,11618,10431,1431,1434.0,3.0,19.0,1453.0,116.0,114.0,91.0,583,1624.0,4.0,1627,1628.0,1.0,0,0,,0.0,0.0,0.0,0.0,0.0,2015-10-15,0,0.0,0.0,0.0,0.0,0.0
2015,10,31,6,WN,1481,N949WN,13232,14122,2055,2047.0,-8.0,10.0,2057.0,80.0,62.0,48.0,402,2245.0,4.0,2315,2249.0,-26.0,0,0,,0.0,0.0,0.0,0.0,0.0,2015-10-31,0,0.0,0.0,0.0,0.0,0.0
2015,10,24,6,EV,5783,N15527,12266,12951,745,738.0,-7.0,10.0,748.0,63.0,51.0,36.0,201,824.0,5.0,848,829.0,-19.0,0,0,,0.0,0.0,0.0,0.0,0.0,2015-10-24,0,0.0,0.0,0.0,0.0,0.0
2015,10,15,4,WN,285,N451WN,13198,11292,1410,1422.0,12.0,6.0,1428.0,105.0,94.0,82.0,533,1450.0,6.0,1455,1456.0,1.0,0,0,,0.0,0.0,0.0,0.0,0.0,2015-10-15,0,0.0,0.0,0.0,0.0,0.0
2015,10,22,4,WN,402,N943WN,14831,14057,1225,1224.0,-1.0,9.0,1233.0,105.0,101.0,88.0,569,1401.0,4.0,1410,1405.0,-5.0,0,0,,0.0,0.0,0.0,0.0,0.0,2015-10-22,0,0.0,0.0,0.0,0.0,0.0
2015,10,17,6,F9,1270,N229FR,12892,13930,35,43.0,8.0,16.0,59.0,245.0,236.0,211.0,1744,630.0,9.0,640,639.0,-1.0,0,0,,0.0,0.0,0.0,0.0,0.0,2015-10-17,0,0.0,0.0,0.0,0.0,0.0
2015,10,27,2,WN,3087,N903WN,13244,13204,1155,1150.0,-5.0,7.0,1157.0,115.0,106.0,90.0,684,1427.0,9.0,1450,1436.0,-14.0,0,0,,0.0,0.0,0.0,0.0,0.0,2015-10-27,0,0.0,0.0,0.0,0.0,0.0
2015,10,12,1,HA,255,N484HA,13830,12173,958,1001.0,3.0,5.0,1006.0,36.0,34.0,23.0,100,1029.0,6.0,1034,1035.0,1.0,0,0,,0.0,0.0,0.0,0.0,0.0,2015-10-12,0,0.0,0.0,0.0,0.0,0.0
2015,11,7,6,AA,657,N752US,DCA,PHL,730,727.0,-3.0,9.0,736.0,61.0,41.0,29.0,119,805.0,3.0,831,808.0,-23.0,0,0,,0.0,0.0,0.0,0.0,0.0,2015-11-07,0,0.0,0.0,0.0,0.0,0.0
2015,10,26,1,AA,618,N667AW,14107,10821,1515,1509.0,-6.0,10.0,1519.0,261.0,236.0,219.0,1999,2158.0,7.0,2236,2205.0,-31.0,0,0,,0.0,0.0,0.0,0.0,0.0,2015-10-26,0,0.0,0.0,0.0,0.0,0.0
2015,11,7,6,DL,1293,N971DL,ATL,MSY,1450,1448.0,-2.0,12.0,1500.0,98.0,95.0,75.0,425,1515.0,8.0,1528,1523.0,-5.0,0,0,,0.0,0.0,0.0,0.0,0.0,2015-11-07,0,0.0,0.0,0.0,0.0,0.0
2015,10,14,3,UA,1980,N12116,13204,11618,1636,1647.0,11.0,18.0,1705.0,170.0,157.0,124.0,937,1909.0,15.0,1926,1924.0,-2.0,0,0,,0.0,0.0,0.0,0.0,0.0,2015-10-14,0,0.0,0.0,0.0,0.0,0.0
2015,10,31,6,DL,1328,N809DN,10397,14679,1626,1623.0,-3.0,14.0,1637.0,284.0,258.0,241.0,1892,1738.0,3.0,1810,1741.0,-29.0,0,0,,0.0,0.0,0.0,0.0,0.0,2015-10-31,0,0.0,0.0,0.0,0.0,0.0
2015,11,14,6,B6,698,N663JB,MCO,LGA,1923,1917.0,-6.0,12.0,1929.0,156.0,181.0,131.0,950,2140.0,38.0,2159,2218.0,19.0,0,0,,19.0,0.0,0.0,0.0,0.0,2015-11-14,0,-316.67,-0.0,-0.0,-0.0,-0.0
2015,11,16,1,DL,791,N316US,ATL,STL,1955,1951.0,-4.0,11.0,2002.0,103.0,98.0,82.0,484,2024.0,5.0,2038,2029.0,-9.0,0,0,,0.0,0.0,0.0,0.0,0.0,2015-11-16,0,0.0,0.0,0.0,0.0,0.0
2015,10,11,7,WN,1164,N7733B,15016,14683,2110,2232.0,82.0,7.0,2239.0,130.0,115.0,105.0,786,24.0,3.0,2320,27.0,67.0,0,0,,0.0,0.0,0.0,67.0,0.0,2015-10-11,1,0.0,0.0,0.0,81.71,0.0
2015,11,4,3,AA,2224,N481AA,MSP,ORD,1211,1207.0,-4.0,12.0,1219.0,88.0,80.0,53.0,334,1312.0,15.0,1339,1327.0,-12.0,0,0,,0.0,0.0,0.0,0.0,0.0,2015-11-04,0,0.0,0.0,0.0,0.0,0.0
2015,10,22,4,WN,2646,N7702A,13342,12953,1615,1616.0,1.0,10.0,1626.0,130.0,119.0,100.0,738,1906.0,9.0,1925,1915.0,-10.0,0,0,,0.0,0.0,0.0,0.0,0.0,2015-10-22,0,0.0,0.0,0.0,0.0,0.0
2015,10,19,1,OO,4836,N641CA,14747,10849,2130,2150.0,20.0,19.0,2209.0,101.0,95.0,71.0,543,20.0,5.0,11,25.0,14.0,0,0,,0.0,0.0,0.0,0.0,0.0,2015-10-19,1,0.0,0.0,0.0,0.0,0.0
2015,10,13,2,UA,1558,N37277,12266,11618,1033,1027.0,-6.0,11.0,1038.0,215.0,196.0,176.0,1400,1434.0,9.0,1508,1443.0,-25.0,0,0,,0.0,0.0,0.0,0.0,0.0,2015-10-13,0,0.0,0.0,0.0,0.0,0.0
2015,10,21,3,OO,5226,N726SK,11042,12266,607,603.0,-4.0,13.0,616.0,176.0,193.0,163.0,1091,759.0,17.0,803,816.0,13.0,0,0,,0.0,0.0,0.0,0.0,0.0,2015-10-21,0,0.0,0.0,0.0,0.0,0.0
2015,11,15,7,MQ,3380,N504MQ,ORD,MDT,1456,1500.0,4.0,17.0,1517.0,103.0,103.0,81.0,594,1738.0,5.0,1739,1743.0,4.0,0,0,,0.0,0.0,0.0,0.0,0.0,2015-11-15,0,0.0,0.0,0.0,0.0,0.0
2015,11,6,5,AA,250,N3CUAA,TPA,MIA,1150,1145.0,-5.0,13.0,1158.0,63.0,70.0,41.0,204,1239.0,16.0,1253,1255.0,2.0,0,0,,0.0,0.0,0.0,0.0,0.0,2015-11-06,0,0.0,0.0,0.0,0.0,0.0
2015,10,20,2,WN,598,N8329B,11292,14679,1600,1600.0,0.0,14.0,1614.0,140.0,128.0,111.0,853,1705.0,3.0,1720,1708.0,-12.0,0,0,,0.0,0.0,0.0,0.0,0.0,2015-10-20,0,0.0,0.0,0.0,0.0,0.0
2015,10,20,2,WN,1120,N7716A,14747,13796,2025,2017.0,-8.0,14.0,2031.0,125.0,111.0,92.0,672,2203.0,5.0,2230,2208.0,-22.0,0,0,,0.0,0.0,0.0,0.0,0.0,2015-10-20,0,0.0,0.0,0.0,0.0,0.0
2015,10,20,2,MQ,3621,N625MQ,12945,13930,549,541.0,-8.0,11.0,552.0,89.0,75.0,59.0,323,551.0,5.0,618,556.0,-22.0,0,0,,0.0,0.0,0.0,0.0,0.0,2015-10-20,0,0.0,0.0,0.0,0.0,0.0
2015,10,30,5,OO,6404,N973SW,11603,14771,1041,1100.0,19.0,12.0,1112.0,99.0,81.0,64.0,451,1216.0,5.0,1220,1221.0,1.0,0,0,,0.0,0.0,0.0,0.0,0.0,2015-10-30,1,0.0,0.0,0.0,0.0,0.0
2015,10,28,3,AA,602,N582UW,14107,12889,745,827.0,42.0,16.0,843.0,74.0,67.0,45.0,255,928.0,6.0,859,934.0,35.0,0,0,,0.0,0.0,35.0,0.0,0.0,2015-10-28,1,0.0,0.0,83.33,0.0,0.0
2015,10,30,5,B6,1245,N187JB,10721,11057,848,839.0,-9.0,21.0,900.0,144.0,131.0,107.0,728,1047.0,3.0,1112,1050.0,-22.0,0,0,,0.0,0.0,0.0,0.0,0.0,2015-10-30,0,0.0,0.0,0.0,0.0,0.0
2015,11,10,2,UA,1634,N820UA,BOS,EWR,2035,2017.0,-18.0,73.0,2130.0,100.0,160.0,66.0,200,2236.0,21.0,2215,2257.0,42.0,0,0,,42.0,0.0,0.0,0.0,0.0,2015-11-10,0,-233.33,-0.0,-0.0,-0.0,-0.0
2015,10,26,1,AA,2002,N838AW,11057,10721,1415,1444.0,29.0,20.0,1504.0,125.0,121.0,92.0,728,1636.0,9.0,1620,1645.0,25.0,0,0,,0.0,0.0,3.0,22.0,0.0,2015-10-26,1,0.0,0.0,10.34,75.86,0.0
2015,11,8,7,WN,1466,N8619F,MCO,DAL,1810,1811.0,1.0,8.0,1819.0,170.0,148.0,135.0,973,1934.0,5.0,2000,1939.0,-21.0,0,0,,0.0,0.0,0.0,0.0,0.0,2015-11-08,0,0.0,0.0,0.0,0.0,0.0
2015,10,12,1,AA,432,N201UU,14107,13830,1040,1039.0,-1.0,19.0,1058.0,389.0,366.0,340.0,2845,1338.0,7.0,1409,1345.0,-24.0,0,0,,0.0,0.0,0.0,0.0,0.0,2015-10-12,0,0.0,0.0,0.0,0.0,0.0
2015,10,24,6,AS,434,N590AS,14057,12892,1315,1309.0,-6.0,10.0,1319.0,140.0,140.0,117.0,834,1516.0,13.0,1535,1529.0,-6.0,0,0,,0.0,0.0,0.0,0.0,0.0,2015-10-24,0,0.0,0.0,0.0,0.0,0.0
2015,10,24,6,MQ,3555,N664MQ,14524,13303,610,603.0,-7.0,18.0,621.0,149.0,143.0,120.0,825,821.0,5.0,839,826.0,-13.0,0,0,,0.0,0.0,0.0,0.0,0.0,2015-10-24,0,0.0,0.0,0.0,0.0,0.0
2015,10,21,3,AA,219,N3CEAA,12892,13930,2359,2355.0,-4.0,46.0,41.0,242.0,271.0,209.0,1744,610.0,16.0,601,626.0,25.0,0,0,,25.0,0.0,0.0,0.0,0.0,2015-10-21,0,-625.0,-0.0,-0.0,-0.0,-0.0
2015,10,15,4,AA,1846,N817AW,15304,11278,1430,1426.0,-4.0,12.0,1438.0,130.0,127.0,103.0,814,1621.0,12.0,1640,1633.0,-7.0,0,0,,0.0,0.0,0.0,0.0,0.0,2015-10-15,0,0.0,0.0,0.0,0.0,0.0
2015,11,17,2,UA,272,N413UA,ORD,CLE,1345,1344.0,-1.0,17.0,1401.0,80.0,70.0,47.0,316,1548.0,6.0,1605,1554.0,-11.0,0,0,,0.0,0.0,0.0,0.0,0.0,2015-11-17,0,0.0,0.0,0.0,0.0,0.0
2015,10,20,2,MQ,3128,N600MQ,13930,11193,1833,1829.0,-4.0,31.0,1900.0,88.0,81.0,43.0,264,2043.0,7.0,2101,2050.0,-11.0,0,0,,0.0,0.0,0.0,0.0,0.0,2015-10-20,0,0.0,0.0,0.0,0.0,0.0
2015,11,11,3,UA,653,N846UA,SFO,LAX,1006,1002.0,-4.0,17.0,1019.0,105.0,92.0,56.0,337,1115.0,19.0,1151,1134.0,-17.0,0,0,,0.0,0.0,0.0,0.0,0.0,2015-11-11,0,0.0,0.0,0.0,0.0,0.0
2015,11,11,3,OO,6521,N710SK,SAN,SFO,757,756.0,-1.0,20.0,816.0,105.0,93.0,70.0,447,926.0,3.0,942,929.0,-13.0,0,0,,0.0,0.0,0.0,0.0,0.0,2015-11-11,0,0.0,0.0,0.0,0.0,0.0
2015,10,23,5,AA,1577,N3BDAA,12266,11057,840,1006.0,86.0,12.0,1018.0,146.0,144.0,122.0,912,1320.0,10.0,1206,1330.0,84.0,0,0,,0.0,0.0,84.0,0.0,0.0,2015-10-23,1,0.0,0.0,97.67,0.0,0.0
2015,11,6,5,UA,216,N66837,ORD,IAD,1050,1046.0,-4.0,19.0,1105.0,106.0,99.0,75.0,588,1320.0,5.0,1336,1325.0,-11.0,0,0,,0.0,0.0,0.0,0.0,0.0,2015-11-06,0,0.0,0.0,0.0,0.0,0.0
2015,10,30,5,EV,4979,N979EV,12953,10868,945,941.0,-4.0,19.0,1000.0,145.0,114.0,92.0,617,1132.0,3.0,1210,1135.0,-35.0,0,0,,0.0,0.0,0.0,0.0,0.0,2015-10-30,0,0.0,0.0,0.0,0.0,0.0
2015,10,26,1,DL,2385,N390DA,13495,11433,1733,1755.0,22.0,10.0,1805.0,149.0,137.0,118.0,926,2103.0,9.0,2102,2112.0,10.0,0,0,,0.0,0.0,0.0,0.0,0.0,2015-10-26,1,0.0,0.0,0.0,0.0,0.0
2015,11,10,2,DL,2211,N920DL,ATL,CAK,1305,1300.0,-5.0,18.0,1318.0,96.0,104.0,79.0,528,1437.0,7.0,1441,1444.0,3.0,0,0,,0.0,0.0,0.0,0.0,0.0,2015-11-10,0,0.0,0.0,0.0,0.0,0.0
2015,11,13,5,WN,440,N741SA,MDW,DSM,2155,2153.0,-2.0,10.0,2203.0,75.0,66.0,52.0,306,2255.0,4.0,2310,2259.0,-11.0,0,0,,0.0,0.0,0.0,0.0,0.0,2015-11-13,0,0.0,0.0,0.0,0.0,0.0
2015,10,21,3,WN,253,N955WN,15304,11697,1125,1120.0,-5.0,9.0,1129.0,60.0,51.0,37.0,197,1206.0,5.0,1225,1211.0,-14.0,0,0,,0.0,0.0,0.0,0.0,0.0,2015-10-21,0,0.0,0.0,0.0,0.0,0.0
2015,10,17,6,NK,828,N506NK,10397,10821,1149,1145.0,-4.0,10.0,1155.0,100.0,91.0,75.0,577,1310.0,6.0,1329,1316.0,-13.0,0,0,,0.0,0.0,0.0,0.0,0.0,2015-10-17,0,0.0,0.0,0.0,0.0,0.0
2015,11,17,2,F9,1266,N932FR,LAS,ORD,645,645.0,0.0,26.0,711.0,215.0,253.0,206.0,1514,1237.0,21.0,1220,1258.0,38.0,0,0,,38.0,0.0,0.0,0.0,0.0,2015-11-17,0,inf,0.0,0.0,0.0,0.0
2015,11,16,1,AA,2459,N881AA,LAX,DFW,1925,1919.0,-6.0,27.0,1946.0,175.0,196.0,157.0,1235,23.0,12.0,20,35.0,15.0,0,0,,15.0,0.0,0.0,0.0,0.0,2015-11-16,0,-250.0,-0.0,-0.0,-0.0,-0.0
2015,10,16,5,WN,3104,N642WN,14683,11259,1245,1245.0,0.0,7.0,1252.0,60.0,54.0,44.0,248,1336.0,3.0,1345,1339.0,-6.0,0,0,,0.0,0.0,0.0,0.0,0.0,2015-10-16,0,0.0,0.0,0.0,0.0,0.0
2015,11,2,1,DL,748,N673DL,ATL,DTW,1050,1110.0,20.0,22.0,1132.0,120.0,107.0,79.0,594,1251.0,6.0,1250,1257.0,7.0,0,0,,0.0,0.0,0.0,0.0,0.0,2015-11-02,1,0.0,0.0,0.0,0.0,0.0
2015,11,11,3,AA,543,N973UY,BOS,PHL,630,625.0,-5.0,11.0,636.0,90.0,95.0,60.0,280,736.0,24.0,800,800.0,0.0,0,0,,0.0,0.0,0.0,0.0,0.0,2015-11-11,0,0.0,0.0,0.0,0.0,0.0
2015,10,23,5,WN,3040,N697SW,12191,10693,1450,1752.0,182.0,9.0,1801.0,110.0,107.0,92.0,670,1933.0,6.0,1640,1939.0,179.0,0,0,,0.0,0.0,0.0,179.0,0.0,2015-10-23,1,0.0,0.0,0.0,98.35,0.0
2015,10,14,3,OO,6534,N479CA,11292,12280,1107,1109.0,2.0,10.0,1119.0,99.0,90.0,76.0,458,1235.0,4.0,1246,1239.0,-7.0,0,0,,0.0,0.0,0.0,0.0,0.0,2015-10-14,0,0.0,0.0,0.0,0.0,0.0
2015,10,24,6,B6,1206,N768JB,14057,12478,2121,2127.0,6.0,9.0,2136.0,306.0,272.0,259.0,2454,455.0,4.0,527,459.0,-28.0,0,0,,0.0,0.0,0.0,0.0,0.0,2015-10-24,0,0.0,0.0,0.0,0.0,0.0
2015,11,13,5,WN,2576,N415WN,ATL,CMH,1555,1606.0,11.0,14.0,1620.0,90.0,83.0,65.0,447,1725.0,4.0,1725,1729.0,4.0,0,0,,0.0,0.0,0.0,0.0,0.0,2015-11-13,0,0.0,0.0,0.0,0.0,0.0
2015,11,4,3,AA,1183,N880AA,DFW,SFO,2040,2035.0,-5.0,17.0,2052.0,228.0,216.0,195.0,1464,2207.0,4.0,2228,2211.0,-17.0,0,0,,0.0,0.0,0.0,0.0,0.0,2015-11-04,0,0.0,0.0,0.0,0.0,0.0
2015,11,3,2,F9,1270,N230FR,LAX,ORD,15,15.0,0.0,15.0,30.0,235.0,249.0,225.0,1744,615.0,9.0,610,624.0,14.0,0,0,,0.0,0.0,0.0,0.0,0.0,2015-11-03,0,0.0,0.0,0.0,0.0,0.0
2015,11,1,7,AA,534,N508AY,IAH,PHX,759,754.0,-5.0,18.0,812.0,166.0,158.0,134.0,1009,926.0,6.0,945,932.0,-13.0,0,0,,0.0,0.0,0.0,0.0,0.0,2015-11-01,0,0.0,0.0,0.0,0.0,0.0
2015,10,30,5,AA,138,N3HAAA,11298,11278,1855,2222.0,207.0,36.0,2258.0,185.0,175.0,136.0,1192,214.0,3.0,2300,217.0,197.0,0,0,,0.0,0.0,0.0,72.0,125.0,2015-10-30,1,0.0,0.0,0.0,34.78,60.39
2015,10,21,3,OO,2994,N496CA,11695,14107,1025,1023.0,-2.0,14.0,1037.0,46.0,45.0,26.0,119,1103.0,5.0,1111,1108.0,-3.0,0,0,,0.0,0.0,0.0,0.0,0.0,2015-10-21,0,0.0,0.0,0.0,0.0,0.0
2015,10,18,7,OO,4605,N427SW,11013,11433,630,630.0,0.0,54.0,724.0,78.0,101.0,39.0,284,803.0,8.0,748,811.0,23.0,0,0,,23.0,0.0,0.0,0.0,0.0,2015-10-18,0,inf,0.0,0.0,0.0,0.0
2015,11,2,1,AA,2069,N124US,JFK,CLT,1159,1158.0,-1.0,22.0,1220.0,123.0,126.0,99.0,541,1359.0,5.0,1402,1404.0,2.0,0,0,,0.0,0.0,0.0,0.0,0.0,2015-11-02,0,0.0,0.0,0.0,0.0,0.0
2015,10,12,1,WN,3228,N939WN,15304,13296,1025,1020.0,-5.0,11.0,1031.0,175.0,182.0,164.0,1204,1315.0,7.0,1320,1322.0,2.0,0,0,,0.0,0.0,0.0,0.0,0.0,2015-10-12,0,0.0,0.0,0.0,0.0,0.0
2015,11,10,2,WN,280,N701GS,ROC,TPA,715,716.0,1.0,9.0,725.0,190.0,162.0,150.0,1079,955.0,3.0,1025,958.0,-27.0,0,0,,0.0,0.0,0.0,0.0,0.0,2015-11-10,0,0.0,0.0,0.0,0.0,0.0
2015,11,14,6,AA,458,N981UY,SAN,PHL,835,828.0,-7.0,13.0,841.0,306.0,307.0,281.0,2370,1622.0,13.0,1641,1635.0,-6.0,0,0,,0.0,0.0,0.0,0.0,0.0,2015-11-14,0,0.0,0.0,0.0,0.0,0.0
2015,11,18,3,AA,82,N3GCAA,SFO,ORD,500,1003.0,303.0,13.0,1016.0,257.0,280.0,229.0,1846,1605.0,38.0,1117,1643.0,326.0,0,0,,326.0,0.0,0.0,0.0,0.0,2015-11-18,1,107.59,0.0,0.0,0.0,0.0
2015,11,3,2,B6,481,N633JB,DCA,RSW,1415,1627.0,132.0,13.0,1640.0,155.0,140.0,124.0,892,1844.0,3.0,1650,1847.0,117.0,0,0,,0.0,0.0,117.0,0.0,0.0,2015-11-03,1,0.0,0.0,88.64,0.0,0.0
2015,11,6,5,WN,3114,N212WN,BNA,SAN,1200,1157.0,-3.0,7.0,1204.0,275.0,267.0,255.0,1751,1419.0,5.0,1435,1424.0,-11.0,0,0,,0.0,0.0,0.0,0.0,0.0,2015-11-06,0,0.0,0.0,0.0,0.0,0.0
2015,10,29,4,UA,225,N14107,13930,12264,1800,1806.0,6.0,39.0,1845.0,115.0,122.0,76.0,588,2101.0,7.0,2055,2108.0,13.0,0,0,,0.0,0.0,0.0,0.0,0.0,2015-10-29,0,0.0,0.0,0.0,0.0,0.0
2015,11,9,1,OO,5511,N730SK,ORD,COS,1921,1922.0,1.0,22.0,1944.0,159.0,157.0,130.0,911,2054.0,5.0,2100,2059.0,-1.0,0,0,,0.0,0.0,0.0,0.0,0.0,2015-11-09,0,0.0,0.0,0.0,0.0,0.0
2015,11,10,2,WN,36,N265WN,TPA,HOU,1300,1257.0,-3.0,10.0,1307.0,140.0,130.0,114.0,781,1401.0,6.0,1420,1407.0,-13.0,0,0,,0.0,0.0,0.0,0.0,0.0,2015-11-10,0,0.0,0.0,0.0,0.0,0.0
2015,10,11,7,UA,294,N414UA,14771,11298,1041,1036.0,-5.0,20.0,1056.0,211.0,202.0,171.0,1464,1547.0,11.0,1612,1558.0,-14.0,0,0,,0.0,0.0,0.0,0.0,0.0,2015-10-11,0,0.0,0.0,0.0,0.0,0.0
2015,10,23,5,VX,784,N528VA,14747,12892,1120,1125.0,5.0,18.0,1143.0,150.0,143.0,118.0,954,1341.0,7.0,1350,1348.0,-2.0,0,0,,0.0,0.0,0.0,0.0,0.0,2015-10-23,0,0.0,0.0,0.0,0.0,0.0
2015,11,15,7,AA,353,N3JKAA,LAX,SFO,1715,1714.0,-1.0,46.0,1800.0,85.0,112.0,60.0,337,1900.0,6.0,1840,1906.0,26.0,0,0,,26.0,0.0,0.0,0.0,0.0,2015-11-15,0,-2600.0,-0.0,-0.0,-0.0,-0.0
2015,11,16,1,EV,5976,N12563,EWR,BWI,1140,1134.0,-6.0,18.0,1152.0,70.0,58.0,33.0,169,1225.0,7.0,1250,1232.0,-18.0,0,0,,0.0,0.0,0.0,0.0,0.0,2015-11-16,0,0.0,0.0,0.0,0.0,0.0
2015,10,17,6,DL,1429,N390DA,12889,12478,2210,2157.0,-13.0,13.0,2210.0,291.0,278.0,258.0,2248,528.0,7.0,601,535.0,-26.0,0,0,,0.0,0.0,0.0,0.0,0.0,2015-10-17,0,0.0,0.0,0.0,0.0,0.0
2015,10,15,4,NK,612,N606NK,13487,13930,600,558.0,-2.0,15.0,613.0,86.0,112.0,49.0,334,702.0,48.0,726,750.0,24.0,0,0,,24.0,0.0,0.0,0.0,0.0,2015-10-15,0,-1200.0,-0.0,-0.0,-0.0,-0.0
2015,10,17,6,AA,444,N809AW,11278,13204,655,648.0,-7.0,20.0,708.0,136.0,148.0,113.0,759,901.0,15.0,911,916.0,5.0,0,0,,0.0,0.0,0.0,0.0,0.0,2015-10-17,0,0.0,0.0,0.0,0.0,0.0
2015,11,6,5,WN,2037,N430WN,SJC,PHX,2010,2246.0,156.0,9.0,2255.0,100.0,97.0,84.0,621,119.0,4.0,2250,123.0,153.0,0,0,,0.0,0.0,150.0,3.0,0.0,2015-11-06,1,0.0,0.0,96.15,1.92,0.0
2015,11,4,3,DL,2369,N581NW,ATL,MCO,1255,1249.0,-6.0,16.0,1305.0,88.0,84.0,58.0,404,1403.0,10.0,1423,1413.0,-10.0,0,0,,0.0,0.0,0.0,0.0,0.0,2015-11-04,0,0.0,0.0,0.0,0.0,0.0
2015,11,16,1,UA,1437,N68802,ORD,SFO,2230,2243.0,13.0,19.0,2302.0,293.0,275.0,251.0,1846,113.0,5.0,123,118.0,-5.0,0,0,,0.0,0.0,0.0,0.0,0.0,2015-11-16,0,0.0,0.0,0.0,0.0,0.0
2015,11,16,1,OO,4838,N8903A,MSP,LNK,1957,1952.0,-5.0,37.0,2029.0,93.0,107.0,66.0,331,2135.0,4.0,2130,2139.0,9.0,0,0,,0.0,0.0,0.0,0.0,0.0,2015-11-16,0,0.0,0.0,0.0,0.0,0.0
2015,10,12,1,AA,1882,N742PS,11057,11042,1310,1304.0,-6.0,11.0,1315.0,95.0,86.0,68.0,430,1423.0,7.0,1445,1430.0,-15.0,0,0,,0.0,0.0,0.0,0.0,0.0,2015-10-12,0,0.0,0.0,0.0,0.0,0.0
2015,10,16,5,AA,254,N5FDAA,13830,12892,1245,1238.0,-7.0,12.0,1250.0,315.0,305.0,283.0,2486,2033.0,10.0,2100,2043.0,-17.0,0,0,,0.0,0.0,0.0,0.0,0.0,2015-10-16,0,0.0,0.0,0.0,0.0,0.0
2015,11,1,7,EV,4277,N12163,EWR,ORF,757,747.0,-10.0,16.0,803.0,81.0,70.0,50.0,284,853.0,4.0,918,857.0,-21.0,0,0,,0.0,0.0,0.0,0.0,0.0,2015-11-01,0,0.0,0.0,0.0,0.0,0.0
2015,10,19,1,AA,679,N913US,14100,13930,750,755.0,5.0,38.0,833.0,149.0,148.0,101.0,678,914.0,9.0,919,923.0,4.0,0,0,,0.0,0.0,0.0,0.0,0.0,2015-10-19,0,0.0,0.0,0.0,0.0,0.0
2015,11,10,2,WN,2787,N8659D,ALB,MCO,730,730.0,0.0,7.0,737.0,190.0,179.0,165.0,1073,1022.0,7.0,1040,1029.0,-11.0,0,0,,0.0,0.0,0.0,0.0,0.0,2015-11-10,0,0.0,0.0,0.0,0.0,0.0
2015,11,12,4,WN,2581,N729SW,LIT,DAL,1855,1849.0,-6.0,7.0,1856.0,70.0,66.0,48.0,296,1944.0,11.0,2005,1955.0,-10.0,0,0,,0.0,0.0,0.0,0.0,0.0,2015-11-12,0,0.0,0.0,0.0,0.0,0.0
2015,11,18,3,VX,415,N630VA,JFK,LAX,2000,1959.0,-1.0,26.0,2025.0,375.0,383.0,340.0,2475,2305.0,17.0,2315,2322.0,7.0,0,0,,0.0,0.0,0.0,0.0,0.0,2015-11-18,0,0.0,0.0,0.0,0.0,0.0
2015,11,20,5,UA,489,N66831,PHX,DEN,704,656.0,-8.0,10.0,706.0,110.0,102.0,83.0,602,829.0,9.0,854,838.0,-16.0,0,0,,0.0,0.0,0.0,0.0,0.0,2015-11-20,0,0.0,0.0,0.0,0.0,0.0
2015,10,21,3,MQ,3500,N918MQ,11298,14783,1428,1435.0,7.0,9.0,1444.0,79.0,71.0,57.0,364,1541.0,5.0,1547,1546.0,-1.0,0,0,,0.0,0.0,0.0,0.0,0.0,2015-10-21,0,0.0,0.0,0.0,0.0,0.0
2015,11,12,4,AA,817,N809AW,PIT,CLT,1910,1904.0,-6.0,13.0,1917.0,92.0,82.0,60.0,366,2017.0,9.0,2042,2026.0,-16.0,0,0,,0.0,0.0,0.0,0.0,0.0,2015-11-12,0,0.0,0.0,0.0,0.0,0.0
2015,10,21,3,UA,1290,N14237,11697,13930,1234,1232.0,-2.0,13.0,1245.0,205.0,185.0,166.0,1182,1431.0,6.0,1459,1437.0,-22.0,0,0,,0.0,0.0,0.0,0.0,0.0,2015-10-21,0,0.0,0.0,0.0,0.0,0.0
2015,11,1,7,DL,2642,N541US,ATL,CLT,1500,1458.0,-2.0,14.0,1512.0,70.0,57.0,37.0,226,1549.0,6.0,1610,1555.0,-15.0,0,0,,0.0,0.0,0.0,0.0,0.0,2015-11-01,0,0.0,0.0,0.0,0.0,0.0
2015,10,23,5,UA,1951,N37273,11618,13303,1205,1231.0,26.0,13.0,1244.0,185.0,151.0,134.0,1085,1458.0,4.0,1510,1502.0,-8.0,0,0,,0.0,0.0,0.0,0.0,0.0,2015-10-23,1,0.0,0.0,0.0,0.0,0.0
2015,10,15,4,UA,545,N837UA,13930,10529,758,753.0,-5.0,16.0,809.0,130.0,115.0,95.0,783,1044.0,4.0,1108,1048.0,-20.0,0,0,,0.0,0.0,0.0,0.0,0.0,2015-10-15,0,0.0,0.0,0.0,0.0,0.0
2015,10,16,5,EV,4131,N15912,14321,13930,617,608.0,-9.0,10.0,618.0,162.0,159.0,144.0,900,742.0,5.0,759,747.0,-12.0,0,0,,0.0,0.0,0.0,0.0,0.0,2015-10-16,0,0.0,0.0,0.0,0.0,0.0
2015,10,17,6,WN,3691,N747SA,13232,11292,1930,1933.0,3.0,29.0,2002.0,160.0,159.0,124.0,895,2106.0,6.0,2110,2112.0,2.0,0,0,,0.0,0.0,0.0,0.0,0.0,2015-10-17,0,0.0,0.0,0.0,0.0,0.0
2015,10,28,3,AA,64,N860AA,13303,12478,1240,1239.0,-1.0,41.0,1320.0,173.0,189.0,141.0,1089,1541.0,7.0,1533,1548.0,15.0,0,0,,15.0,0.0,0.0,0.0,0.0,2015-10-28,0,-1500.0,-0.0,-0.0,-0.0,-0.0
2015,10,31,6,AA,1291,N496AA,13342,11298,655,712.0,17.0,11.0,723.0,160.0,175.0,159.0,853,1002.0,5.0,935,1007.0,32.0,0,0,,15.0,0.0,17.0,0.0,0.0,2015-10-31,1,88.24,0.0,100.0,0.0,0.0
2015,11,17,2,WN,111,N463WN,ATL,PIT,830,826.0,-4.0,15.0,841.0,100.0,90.0,72.0,526,953.0,3.0,1010,956.0,-14.0,0,0,,0.0,0.0,0.0,0.0,0.0,2015-11-17,0,0.0,0.0,0.0,0.0,0.0
2015,10,16,5,DL,1203,N336NW,10849,13487,600,556.0,-4.0,11.0,607.0,140.0,127.0,110.0,874,857.0,6.0,920,903.0,-17.0,0,0,,0.0,0.0,0.0,0.0,0.0,2015-10-16,0,0.0,0.0,0.0,0.0,0.0
2015,10,26,1,OO,4598,N629BR,11433,14150,2145,2137.0,-8.0,17.0,2154.0,69.0,66.0,44.0,243,2238.0,5.0,2254,2243.0,-11.0,0,0,,0.0,0.0,0.0,0.0,0.0,2015-10-26,0,0.0,0.0,0.0,0.0,0.0
2015,10,23,5,MQ,3552,N808MQ,14524,12953,1459,1628.0,89.0,40.0,1708.0,79.0,94.0,46.0,292,1754.0,8.0,1618,1802.0,104.0,0,0,,15.0,0.0,1.0,88.0,0.0,2015-10-23,1,16.85,0.0,1.12,98.88,0.0
2015,11,2,1,HA,26,N391HA,HNL,PDX,1515,1513.0,-2.0,18.0,1531.0,330.0,334.0,309.0,2603,2240.0,7.0,2245,2247.0,2.0,0,0,,0.0,0.0,0.0,0.0,0.0,2015-11-02,0,0.0,0.0,0.0,0.0,0.0
2015,11,8,7,OO,4719,N601XJ,ATW,MSP,710,706.0,-4.0,30.0,736.0,77.0,80.0,45.0,236,821.0,5.0,827,826.0,-1.0,0,0,,0.0,0.0,0.0,0.0,0.0,2015-11-08,0,0.0,0.0,0.0,0.0,0.0
2015,10,20,2,OO,4510,N809SK,14747,11884,1735,1843.0,68.0,26.0,1909.0,63.0,67.0,37.0,224,1946.0,4.0,1838,1950.0,72.0,0,0,,4.0,0.0,0.0,68.0,0.0,2015-10-20,1,5.88,0.0,0.0,100.0,0.0
2015,10,14,3,NK,773,N605NK,10721,13930,1256,1258.0,2.0,26.0,1324.0,171.0,174.0,132.0,867,1436.0,16.0,1447,1452.0,5.0,0,0,,0.0,0.0,0.0,0.0,0.0,2015-10-14,0,0.0,0.0,0.0,0.0,0.0
2015,10,12,1,AA,2016,N725UW,14100,13487,920,916.0,-4.0,10.0,926.0,167.0,155.0,142.0,980,1048.0,3.0,1107,1051.0,-16.0,0,0,,0.0,0.0,0.0,0.0,0.0,2015-10-12,0,0.0,0.0,0.0,0.0,0.0
2015,10,17,6,EV,2786,N624AE,11298,14952,1150,1143.0,-7.0,11.0,1154.0,114.0,101.0,87.0,630,1321.0,3.0,1344,1324.0,-20.0,0,0,,0.0,0.0,0.0,0.0,0.0,2015-10-17,0,0.0,0.0,0.0,0.0,0.0
2015,10,26,1,DL,721,N692DL,10397,13487,1635,1639.0,4.0,21.0,1700.0,165.0,151.0,125.0,907,1805.0,5.0,1820,1810.0,-10.0,0,0,,0.0,0.0,0.0,0.0,0.0,2015-10-26,0,0.0,0.0,0.0,0.0,0.0
2015,11,19,4,AA,1985,N587UW,SFO,PHX,600,557.0,-3.0,15.0,612.0,118.0,113.0,87.0,651,839.0,11.0,858,850.0,-8.0,0,0,,0.0,0.0,0.0,0.0,0.0,2015-11-19,0,0.0,0.0,0.0,0.0,0.0
2015,10,28,3,WN,224,N8619F,13232,13198,800,755.0,-5.0,11.0,806.0,85.0,76.0,61.0,405,907.0,4.0,925,911.0,-14.0,0,0,,0.0,0.0,0.0,0.0,0.0,2015-10-28,0,0.0,0.0,0.0,0.0,0.0
2015,10,16,5,DL,1375,N834DN,13487,11066,1320,1319.0,-1.0,14.0,1333.0,108.0,93.0,75.0,626,1548.0,4.0,1608,1552.0,-16.0,0,0,,0.0,0.0,0.0,0.0,0.0,2015-10-16,0,0.0,0.0,0.0,0.0,0.0
2015,11,16,1,WN,1339,N767SW,LGA,DAL,600,559.0,-1.0,14.0,613.0,250.0,214.0,196.0,1381,829.0,4.0,910,833.0,-37.0,0,0,,0.0,0.0,0.0,0.0,0.0,2015-11-16,0,0.0,0.0,0.0,0.0,0.0
2015,10,17,6,DL,1245,N935DL,10208,10397,800,757.0,-3.0,24.0,821.0,57.0,62.0,30.0,143,851.0,8.0,857,859.0,2.0,0,0,,0.0,0.0,0.0,0.0,0.0,2015-10-17,0,0.0,0.0,0.0,0.0,0.0
2015,11,10,2,WN,434,N461WN,SDF,LAS,1035,1026.0,-9.0,10.0,1036.0,255.0,262.0,246.0,1624,1142.0,6.0,1150,1148.0,-2.0,0,0,,0.0,0.0,0.0,0.0,0.0,2015-11-10,0,0.0,0.0,0.0,0.0,0.0
2015,10,25,7,MQ,3639,N649MQ,13930,11823,1202,1157.0,-5.0,15.0,1212.0,69.0,44.0,27.0,157,1339.0,2.0,1411,1341.0,-30.0,0,0,,0.0,0.0,0.0,0.0,0.0,2015-10-25,0,0.0,0.0,0.0,0.0,0.0
2015,10,17,6,OO,6506,N763SK,12266,11066,1250,1245.0,-5.0,24.0,1309.0,157.0,159.0,128.0,986,1617.0,7.0,1627,1624.0,-3.0,0,0,,0.0,0.0,0.0,0.0,0.0,2015-10-17,0,0.0,0.0,0.0,0.0,0.0
2015,10,27,2,DL,63,N313US,11193,10721,1600,1606.0,6.0,9.0,1615.0,129.0,135.0,100.0,752,1755.0,26.0,1809,1821.0,12.0,0,0,,0.0,0.0,0.0,0.0,0.0,2015-10-27,0,0.0,0.0,0.0,0.0,0.0
2015,11,17,2,AA,2354,N3CWAA,ORD,LAS,700,659.0,-1.0,16.0,715.0,247.0,235.0,212.0,1514,847.0,7.0,907,854.0,-13.0,0,0,,0.0,0.0,0.0,0.0,0.0,2015-11-17,0,0.0,0.0,0.0,0.0,0.0
2015,10,15,4,OO,2988,N886AS,11695,14107,700,726.0,26.0,12.0,738.0,55.0,40.0,15.0,119,753.0,13.0,755,806.0,11.0,0,0,,0.0,0.0,0.0,0.0,0.0,2015-10-15,1,0.0,0.0,0.0,0.0,0.0
2015,10,15,4,EV,2740,N633AE,11298,10728,1635,1623.0,-12.0,9.0,1632.0,70.0,64.0,53.0,270,1725.0,2.0,1745,1727.0,-18.0,0,0,,0.0,0.0,0.0,0.0,0.0,2015-10-15,0,0.0,0.0,0.0,0.0,0.0
2015,11,4,3,EV,2761,N678AE,ACT,DFW,514,511.0,-3.0,7.0,518.0,58.0,42.0,28.0,89,546.0,7.0,612,553.0,-19.0,0,0,,0.0,0.0,0.0,0.0,0.0,2015-11-04,0,0.0,0.0,0.0,0.0,0.0
2015,11,11,3,WN,633,N492WN,DEN,SEA,1515,1525.0,10.0,17.0,1542.0,180.0,180.0,155.0,1024,1717.0,8.0,1715,1725.0,10.0,0,0,,0.0,0.0,0.0,0.0,0.0,2015-11-11,0,0.0,0.0,0.0,0.0,0.0
2015,11,4,3,WN,2506,N202WN,PHX,SAT,1010,1003.0,-7.0,24.0,1027.0,125.0,127.0,99.0,843,1306.0,4.0,1315,1310.0,-5.0,0,0,,0.0,0.0,0.0,0.0,0.0,2015-11-04,0,0.0,0.0,0.0,0.0,0.0
2015,11,19,4,OO,4797,N898SK,SLC,SNA,835,859.0,24.0,10.0,909.0,122.0,98.0,83.0,588,932.0,5.0,937,937.0,0.0,0,0,,0.0,0.0,0.0,0.0,0.0,2015-11-19,1,0.0,0.0,0.0,0.0,0.0
2015,10,12,1,WN,253,N705SW,10693,15304,805,803.0,-2.0,11.0,814.0,105.0,92.0,76.0,612,1030.0,5.0,1050,1035.0,-15.0,0,0,,0.0,0.0,0.0,0.0,0.0,2015-10-12,0,0.0,0.0,0.0,0.0,0.0
2015,11,6,5,WN,3002,N216WR,DAL,LAS,1755,1753.0,-2.0,19.0,1812.0,180.0,169.0,145.0,1067,1837.0,5.0,1855,1842.0,-13.0,0,0,,0.0,0.0,0.0,0.0,0.0,2015-11-06,0,0.0,0.0,0.0,0.0,0.0
2015,10,16,5,EV,6128,N11548,12448,12266,1047,1036.0,-11.0,16.0,1052.0,87.0,105.0,54.0,351,1146.0,35.0,1214,1221.0,7.0,0,0,,0.0,0.0,0.0,0.0,0.0,2015-10-16,0,0.0,0.0,0.0,0.0,0.0
2015,10,14,3,UA,425,N416UA,14771,11618,1450,1510.0,20.0,14.0,1524.0,328.0,309.0,289.0,2565,2313.0,6.0,2318,2319.0,1.0,0,0,,0.0,0.0,0.0,0.0,0.0,2015-10-14,1,0.0,0.0,0.0,0.0,0.0
2015,10,21,3,EV,5678,N14162,11618,11193,1520,1517.0,-3.0,26.0,1543.0,124.0,119.0,88.0,569,1711.0,5.0,1724,1716.0,-8.0,0,0,,0.0,0.0,0.0,0.0,0.0,2015-10-21,0,0.0,0.0,0.0,0.0,0.0
2015,11,5,4,DL,879,N926DL,ATL,GSP,1648,1644.0,-4.0,26.0,1710.0,57.0,63.0,26.0,153,1736.0,11.0,1745,1747.0,2.0,0,0,,0.0,0.0,0.0,0.0,0.0,2015-11-05,0,0.0,0.0,0.0,0.0,0.0
2015,11,5,4,DL,1408,N311US,OAK,SLC,605,558.0,-7.0,22.0,620.0,108.0,107.0,81.0,588,841.0,4.0,853,845.0,-8.0,0,0,,0.0,0.0,0.0,0.0,0.0,2015-11-05,0,0.0,0.0,0.0,0.0,0.0
2015,10,30,5,F9,575,N952FR,11292,14869,1820,1813.0,-7.0,16.0,1829.0,83.0,87.0,64.0,391,1933.0,7.0,1943,1940.0,-3.0,0,0,,0.0,0.0,0.0,0.0,0.0,2015-10-30,0,0.0,0.0,0.0,0.0,0.0
2015,10,28,3,WN,3120,N478WN,14893,14679,855,902.0,7.0,7.0,909.0,85.0,80.0,70.0,480,1019.0,3.0,1020,1022.0,2.0,0,0,,0.0,0.0,0.0,0.0,0.0,2015-10-28,0,0.0,0.0,0.0,0.0,0.0
2015,11,11,3,MQ,3139,N506MQ,HPN,ORD,1231,1228.0,-3.0,14.0,1242.0,153.0,145.0,118.0,738,1340.0,13.0,1404,1353.0,-11.0,0,0,,0.0,0.0,0.0,0.0,0.0,2015-11-11,0,0.0,0.0,0.0,0.0,0.0
2015,10,26,1,EV,5278,N232PQ,11433,11042,1733,1733.0,0.0,16.0,1749.0,49.0,46.0,26.0,95,1815.0,4.0,1822,1819.0,-3.0,0,0,,0.0,0.0,0.0,0.0,0.0,2015-10-26,0,0.0,0.0,0.0,0.0,0.0
2015,11,11,3,WN,2465,N7746C,HOU,DEN,1435,1432.0,-3.0,8.0,1440.0,150.0,140.0,125.0,883,1545.0,7.0,1605,1552.0,-13.0,0,0,,0.0,0.0,0.0,0.0,0.0,2015-11-11,0,0.0,0.0,0.0,0.0,0.0
2015,11,14,6,EV,5248,N717EV,DTW,BGR,2022,2023.0,1.0,15.0,2038.0,117.0,124.0,103.0,750,2221.0,6.0,2219,2227.0,8.0,0,0,,0.0,0.0,0.0,0.0,0.0,2015-11-14,0,0.0,0.0,0.0,0.0,0.0
2015,10,27,2,OO,7423,N418SW,10739,13487,705,714.0,9.0,21.0,735.0,49.0,52.0,26.0,114,801.0,5.0,754,806.0,12.0,0,0,,0.0,0.0,0.0,0.0,0.0,2015-10-27,0,0.0,0.0,0.0,0.0,0.0
2015,10,15,4,DL,1083,N915DN,10397,14492,2159,2220.0,21.0,25.0,2245.0,82.0,87.0,58.0,356,2343.0,4.0,2321,2347.0,26.0,0,0,,5.0,0.0,21.0,0.0,0.0,2015-10-15,1,23.81,0.0,100.0,0.0,0.0
2015,10,27,2,EV,5917,N13903,13930,11996,1049,1041.0,-8.0,17.0,1058.0,106.0,112.0,92.0,577,1330.0,3.0,1335,1333.0,-2.0,0,0,,0.0,0.0,0.0,0.0,0.0,2015-10-27,0,0.0,0.0,0.0,0.0,0.0
2015,10,11,7,WN,1458,N8621A,14747,11292,1110,1124.0,14.0,23.0,1147.0,160.0,145.0,116.0,1024,1443.0,6.0,1450,1449.0,-1.0,0,0,,0.0,0.0,0.0,0.0,0.0,2015-10-11,0,0.0,0.0,0.0,0.0,0.0
2015,10,12,1,WN,200,N489WN,12889,14679,1230,1229.0,-1.0,10.0,1239.0,70.0,55.0,42.0,258,1321.0,3.0,1340,1324.0,-16.0,0,0,,0.0,0.0,0.0,0.0,0.0,2015-10-12,0,0.0,0.0,0.0,0.0,0.0
2015,10,27,2,DL,982,N908DL,15304,10397,1350,1349.0,-1.0,11.0,1400.0,98.0,90.0,66.0,406,1506.0,13.0,1528,1519.0,-9.0,0,0,,0.0,0.0,0.0,0.0,0.0,2015-10-27,0,0.0,0.0,0.0,0.0,0.0
2015,11,11,3,WN,2921,N7701B,PHL,FLL,530,525.0,-5.0,12.0,537.0,165.0,143.0,126.0,992,743.0,5.0,815,748.0,-27.0,0,0,,0.0,0.0,0.0,0.0,0.0,2015-11-11,0,0.0,0.0,0.0,0.0,0.0
2015,10,22,4,WN,2736,N239WN,13232,10423,750,811.0,21.0,14.0,825.0,160.0,154.0,135.0,972,1040.0,5.0,1030,1045.0,15.0,0,0,,0.0,0.0,11.0,4.0,0.0,2015-10-22,1,0.0,0.0,52.38,19.05,0.0
2015,10,18,7,AA,1445,N875AA,14679,11298,1424,1420.0,-4.0,11.0,1431.0,181.0,175.0,144.0,1171,1855.0,20.0,1925,1915.0,-10.0,0,0,,0.0,0.0,0.0,0.0,0.0,2015-10-18,0,0.0,0.0,0.0,0.0,0.0
2015,11,17,2,WN,760,N645SW,LAS,LAX,1045,1048.0,3.0,16.0,1104.0,65.0,67.0,40.0,236,1144.0,11.0,1150,1155.0,5.0,0,0,,0.0,0.0,0.0,0.0,0.0,2015-11-17,0,0.0,0.0,0.0,0.0,0.0
2015,10,30,5,DL,128,N971AT,14747,12892,1059,1058.0,-1.0,29.0,1127.0,166.0,148.0,109.0,954,1316.0,10.0,1345,1326.0,-19.0,0,0,,0.0,0.0,0.0,0.0,0.0,2015-10-30,0,0.0,0.0,0.0,0.0,0.0
2015,11,19,4,OO,5759,N732SK,GRR,ORD,1502,1456.0,-6.0,18.0,1514.0,57.0,68.0,37.0,137,1451.0,13.0,1459,1504.0,5.0,0,0,,0.0,0.0,0.0,0.0,0.0,2015-11-19,0,0.0,0.0,0.0,0.0,0.0
2015,11,10,2,EV,4698,N15980,IAH,MEM,1304,1300.0,-4.0,30.0,1330.0,100.0,108.0,73.0,468,1443.0,5.0,1444,1448.0,4.0,0,0,,0.0,0.0,0.0,0.0,0.0,2015-11-10,0,0.0,0.0,0.0,0.0,0.0
2015,10,30,5,OO,6535,N727SK,12892,14683,1932,1930.0,-2.0,32.0,2002.0,174.0,188.0,153.0,1211,35.0,3.0,26,38.0,12.0,0,0,,0.0,0.0,0.0,0.0,0.0,2015-10-30,0,0.0,0.0,0.0,0.0,0.0
2015,11,17,2,AA,25,N3EPAA,DFW,PHL,1250,1246.0,-4.0,13.0,1259.0,185.0,185.0,163.0,1303,1642.0,9.0,1655,1651.0,-4.0,0,0,,0.0,0.0,0.0,0.0,0.0,2015-11-17,0,0.0,0.0,0.0,0.0,0.0
2015,11,18,3,AA,565,N536UW,PHL,DFW,710,702.0,-8.0,34.0,736.0,232.0,234.0,191.0,1303,947.0,9.0,1002,956.0,-6.0,0,0,,0.0,0.0,0.0,0.0,0.0,2015-11-18,0,0.0,0.0,0.0,0.0,0.0
2015,11,19,4,OO,5502,N970SW,XNA,DEN,921,912.0,-9.0,12.0,924.0,130.0,134.0,114.0,616,1018.0,8.0,1031,1026.0,-5.0,0,0,,0.0,0.0,0.0,0.0,0.0,2015-11-19,0,0.0,0.0,0.0,0.0,0.0
2015,10,14,3,AS,655,N618AS,11298,14057,1735,1725.0,-10.0,29.0,1754.0,240.0,248.0,215.0,1616,1929.0,4.0,1935,1933.0,-2.0,0,0,,0.0,0.0,0.0,0.0,0.0,2015-10-14,0,0.0,0.0,0.0,0.0,0.0
2015,10,24,6,EV,5011,N922EV,10397,14574,931,929.0,-2.0,13.0,942.0,84.0,76.0,55.0,357,1037.0,8.0,1055,1045.0,-10.0,0,0,,0.0,0.0,0.0,0.0,0.0,2015-10-24,0,0.0,0.0,0.0,0.0,0.0
2015,11,8,7,UA,948,N419UA,SFO,DEN,705,701.0,-4.0,15.0,716.0,152.0,138.0,117.0,967,1013.0,6.0,1037,1019.0,-18.0,0,0,,0.0,0.0,0.0,0.0,0.0,2015-11-08,0,0.0,0.0,0.0,0.0,0.0
2015,10,16,5,DL,1282,N917DL,11433,13303,750,747.0,-3.0,14.0,801.0,174.0,169.0,151.0,1145,1032.0,4.0,1044,1036.0,-8.0,0,0,,0.0,0.0,0.0,0.0,0.0,2015-10-16,0,0.0,0.0,0.0,0.0,0.0
2015,11,12,4,DL,1918,N669DN,SNA,ATL,825,820.0,-5.0,11.0,831.0,245.0,222.0,203.0,1919,1454.0,8.0,1530,1502.0,-28.0,0,0,,0.0,0.0,0.0,0.0,0.0,2015-11-12,0,0.0,0.0,0.0,0.0,0.0
2015,10,19,1,B6,144,N348JB,10994,11278,730,726.0,-4.0,8.0,734.0,88.0,76.0,65.0,444,839.0,3.0,858,842.0,-16.0,0,0,,0.0,0.0,0.0,0.0,0.0,2015-10-19,0,0.0,0.0,0.0,0.0,0.0
2015,10,28,3,DL,2137,N946DN,15304,10397,730,727.0,-3.0,22.0,749.0,95.0,106.0,73.0,406,902.0,11.0,905,913.0,8.0,0,0,,0.0,0.0,0.0,0.0,0.0,2015-10-28,0,0.0,0.0,0.0,0.0,0.0
2015,11,16,1,AS,167,N779AS,ANC,FAI,2300,2300.0,0.0,11.0,2311.0,58.0,55.0,40.0,261,2351.0,4.0,2358,2355.0,-3.0,0,0,,0.0,0.0,0.0,0.0,0.0,2015-11-16,0,0.0,0.0,0.0,0.0,0.0
2015,10,11,7,AA,483,N754UW,14570,14107,930,928.0,-2.0,19.0,947.0,101.0,106.0,83.0,601,1110.0,4.0,1111,1114.0,3.0,0,0,,0.0,0.0,0.0,0.0,0.0,2015-10-11,0,0.0,0.0,0.0,0.0,0.0
2015,11,7,6,AA,2272,N565AA,SAT,DFW,530,602.0,32.0,12.0,614.0,63.0,58.0,41.0,247,655.0,5.0,633,700.0,27.0,0,0,,0.0,0.0,27.0,0.0,0.0,2015-11-07,1,0.0,0.0,84.38,0.0,0.0
2015,10,28,3,AA,2288,N520AA,12339,11298,635,622.0,-13.0,16.0,638.0,144.0,154.0,126.0,761,744.0,12.0,759,756.0,-3.0,0,0,,0.0,0.0,0.0,0.0,0.0,2015-10-28,0,0.0,0.0,0.0,0.0,0.0
2015,11,2,1,WN,353,N929WN,MCI,MDW,720,715.0,-5.0,8.0,723.0,85.0,76.0,63.0,405,826.0,5.0,845,831.0,-14.0,0,0,,0.0,0.0,0.0,0.0,0.0,2015-11-02,0,0.0,0.0,0.0,0.0,0.0
2015,11,19,4,EV,4386,N15986,MEM,IAH,1140,1129.0,-11.0,16.0,1145.0,109.0,116.0,91.0,468,1316.0,9.0,1329,1325.0,-4.0,0,0,,0.0,0.0,0.0,0.0,0.0,2015-11-19,0,0.0,0.0,0.0,0.0,0.0
2015,11,7,6,WN,3303,N555LV,FNT,MCO,610,604.0,-6.0,11.0,615.0,175.0,163.0,145.0,1011,840.0,7.0,905,847.0,-18.0,0,0,,0.0,0.0,0.0,0.0,0.0,2015-11-07,0,0.0,0.0,0.0,0.0,0.0
2015,10,29,4,WN,2806,N8302F,14679,13232,1445,1449.0,4.0,9.0,1458.0,235.0,213.0,200.0,1728,2018.0,4.0,2040,2022.0,-18.0,0,0,,0.0,0.0,0.0,0.0,0.0,2015-10-29,0,0.0,0.0,0.0,0.0,0.0
2015,11,11,3,WN,2321,N737JW,DAL,LGA,710,711.0,1.0,11.0,722.0,190.0,182.0,164.0,1381,1106.0,7.0,1120,1113.0,-7.0,0,0,,0.0,0.0,0.0,0.0,0.0,2015-11-11,0,0.0,0.0,0.0,0.0,0.0
2015,10,11,7,B6,305,N621JB,11618,11697,1828,1840.0,12.0,15.0,1855.0,185.0,156.0,136.0,1065,2111.0,5.0,2133,2116.0,-17.0,0,0,,0.0,0.0,0.0,0.0,0.0,2015-10-11,0,0.0,0.0,0.0,0.0,0.0
2015,11,10,2,DL,822,N371DA,SEA,SLC,600,554.0,-6.0,14.0,608.0,116.0,120.0,98.0,689,846.0,8.0,856,854.0,-2.0,0,0,,0.0,0.0,0.0,0.0,0.0,2015-11-10,0,0.0,0.0,0.0,0.0,0.0
2015,10,12,1,DL,2336,N835DN,13487,13342,1945,2008.0,23.0,22.0,2030.0,73.0,82.0,45.0,297,2115.0,15.0,2058,2130.0,32.0,0,0,,9.0,0.0,0.0,23.0,0.0,2015-10-12,1,39.13,0.0,0.0,100.0,0.0
2015,11,2,1,UA,256,N64809,SFO,LAX,1105,1109.0,4.0,28.0,1137.0,105.0,96.0,56.0,337,1233.0,12.0,1250,1245.0,-5.0,0,0,,0.0,0.0,0.0,0.0,0.0,2015-11-02,0,0.0,0.0,0.0,0.0,0.0
2015,10,22,4,AA,558,N948UW,12266,14100,1735,1733.0,-2.0,18.0,1751.0,200.0,189.0,168.0,1325,2139.0,3.0,2155,2142.0,-13.0,0,0,,0.0,0.0,0.0,0.0,0.0,2015-10-22,0,0.0,0.0,0.0,0.0,0.0
2015,11,13,5,AA,1507,N4YNAA,ORD,TUS,955,947.0,-8.0,27.0,1014.0,229.0,239.0,203.0,1437,1237.0,9.0,1244,1246.0,2.0,0,0,,0.0,0.0,0.0,0.0,0.0,2015-11-13,0,0.0,0.0,0.0,0.0,0.0
2015,11,11,3,EV,2803,N904EV,LRD,DFW,1427,1423.0,-4.0,9.0,1432.0,89.0,76.0,60.0,396,1532.0,7.0,1556,1539.0,-17.0,0,0,,0.0,0.0,0.0,0.0,0.0,2015-11-11,0,0.0,0.0,0.0,0.0,0.0
2015,11,9,1,HA,173,N479HA,HNL,LIH,1332,1324.0,-8.0,14.0,1338.0,42.0,45.0,25.0,102,1403.0,6.0,1414,1409.0,-5.0,0,0,,0.0,0.0,0.0,0.0,0.0,2015-11-09,0,0.0,0.0,0.0,0.0,0.0
2015,10,12,1,WN,350,N779SW,15016,10693,2115,2120.0,5.0,8.0,2128.0,60.0,56.0,41.0,272,2209.0,7.0,2215,2216.0,1.0,0,0,,0.0,0.0,0.0,0.0,0.0,2015-10-12,0,0.0,0.0,0.0,0.0,0.0
2015,11,14,6,OO,4495,N685BR,MKE,DTW,1240,1237.0,-3.0,18.0,1255.0,67.0,65.0,43.0,237,1438.0,4.0,1447,1442.0,-5.0,0,0,,0.0,0.0,0.0,0.0,0.0,2015-11-14,0,0.0,0.0,0.0,0.0,0.0
2015,10,11,7,OO,5597,N724SK,14696,13930,1821,1916.0,55.0,13.0,1929.0,46.0,39.0,20.0,84,1849.0,6.0,1807,1855.0,48.0,0,0,,0.0,0.0,0.0,48.0,0.0,2015-10-11,1,0.0,0.0,0.0,87.27,0.0
2015,10,19,1,B6,14,N562JB,12954,12478,2108,2104.0,-4.0,11.0,2115.0,311.0,310.0,292.0,2465,507.0,7.0,519,514.0,-5.0,0,0,,0.0,0.0,0.0,0.0,0.0,2015-10-19,0,0.0,0.0,0.0,0.0,0.0
2015,11,7,6,AS,753,N560AS,RDU,SEA,1755,1740.0,-15.0,18.0,1758.0,340.0,349.0,321.0,2354,2019.0,10.0,2035,2029.0,-6.0,0,0,,0.0,0.0,0.0,0.0,0.0,2015-11-07,0,0.0,0.0,0.0,0.0,0.0
2015,11,3,2,OO,6386,N983CA,SFO,SMX,1234,1226.0,-8.0,16.0,1242.0,71.0,57.0,37.0,216,1319.0,4.0,1345,1323.0,-22.0,0,0,,0.0,0.0,0.0,0.0,0.0,2015-11-03,0,0.0,0.0,0.0,0.0,0.0
2015,10,12,1,AA,449,N673AW,11057,11618,1315,1313.0,-2.0,25.0,1338.0,110.0,115.0,83.0,529,1501.0,7.0,1505,1508.0,3.0,0,0,,0.0,0.0,0.0,0.0,0.0,2015-10-12,0,0.0,0.0,0.0,0.0,0.0
2015,10,11,7,NK,785,N530NK,13198,12892,2052,2225.0,93.0,13.0,2238.0,207.0,199.0,176.0,1363,2334.0,10.0,2219,2344.0,85.0,0,0,,85.0,0.0,0.0,0.0,0.0,2015-10-11,1,91.4,0.0,0.0,0.0,0.0
2015,11,8,7,EV,4332,N13132,CLE,IAH,559,550.0,-9.0,18.0,608.0,190.0,199.0,173.0,1091,801.0,8.0,809,809.0,0.0,0,0,,0.0,0.0,0.0,0.0,0.0,2015-11-08,0,0.0,0.0,0.0,0.0,0.0
2015,11,9,1,WN,296,N7735A,BWI,ATL,615,636.0,21.0,15.0,651.0,125.0,131.0,105.0,577,836.0,11.0,820,847.0,27.0,0,0,,6.0,0.0,21.0,0.0,0.0,2015-11-09,1,28.57,0.0,100.0,0.0,0.0
2015,10,22,4,UA,1736,N12216,10397,11618,1547,1545.0,-2.0,17.0,1602.0,145.0,129.0,105.0,746,1747.0,7.0,1812,1754.0,-18.0,0,0,,0.0,0.0,0.0,0.0,0.0,2015-10-22,0,0.0,0.0,0.0,0.0,0.0
2015,10,28,3,B6,989,N206JB,10721,11278,1515,1623.0,68.0,12.0,1635.0,96.0,90.0,75.0,399,1750.0,3.0,1651,1753.0,62.0,0,0,,62.0,0.0,0.0,0.0,0.0,2015-10-28,1,91.18,0.0,0.0,0.0,0.0
2015,11,4,3,AA,290,N3BAAA,MCO,JFK,1125,1123.0,-2.0,17.0,1140.0,153.0,153.0,128.0,944,1348.0,8.0,1358,1356.0,-2.0,0,0,,0.0,0.0,0.0,0.0,0.0,2015-11-04,0,0.0,0.0,0.0,0.0,0.0
2015,10,29,4,WN,839,N425LV,14869,11259,615,613.0,-2.0,11.0,624.0,155.0,138.0,123.0,999,927.0,4.0,950,931.0,-19.0,0,0,,0.0,0.0,0.0,0.0,0.0,2015-10-29,0,0.0,0.0,0.0,0.0,0.0
2015,10,21,3,DL,8,N593NW,13487,10397,1724,1726.0,2.0,10.0,1736.0,151.0,164.0,115.0,907,2031.0,39.0,2055,2110.0,15.0,0,0,,15.0,0.0,0.0,0.0,0.0,2015-10-21,0,750.0,0.0,0.0,0.0,0.0
2015,10,23,5,DL,1678,N672DL,10397,14683,1840,1836.0,-4.0,12.0,1848.0,151.0,143.0,124.0,874,1952.0,7.0,2011,1959.0,-12.0,0,0,,0.0,0.0,0.0,0.0,0.0,2015-10-23,0,0.0,0.0,0.0,0.0,0.0
2015,10,15,4,AA,20,N799AA,14771,12478,1515,1532.0,17.0,12.0,1544.0,337.0,308.0,286.0,2586,2330.0,10.0,2352,2340.0,-12.0,0,0,,0.0,0.0,0.0,0.0,0.0,2015-10-15,1,0.0,0.0,0.0,0.0,0.0
2015,10,12,1,MQ,3160,N843MQ,14674,11298,1643,1637.0,-6.0,7.0,1644.0,107.0,92.0,79.0,551,1903.0,6.0,1930,1909.0,-21.0,0,0,,0.0,0.0,0.0,0.0,0.0,2015-10-12,0,0.0,0.0,0.0,0.0,0.0
2015,10,16,5,DL,1732,N928DL,11042,10397,1640,1639.0,-1.0,8.0,1647.0,110.0,94.0,77.0,554,1804.0,9.0,1830,1813.0,-17.0,0,0,,0.0,0.0,0.0,0.0,0.0,2015-10-16,0,0.0,0.0,0.0,0.0,0.0
2015,10,16,5,DL,814,N990DL,10397,11066,1205,1220.0,15.0,32.0,1252.0,93.0,100.0,64.0,447,1356.0,4.0,1338,1400.0,22.0,0,0,,7.0,0.0,0.0,15.0,0.0,2015-10-16,0,46.67,0.0,0.0,100.0,0.0
2015,10,13,2,UA,475,N465UA,11618,10397,802,801.0,-1.0,20.0,821.0,149.0,133.0,108.0,746,1009.0,5.0,1031,1014.0,-17.0,0,0,,0.0,0.0,0.0,0.0,0.0,2015-10-13,0,0.0,0.0,0.0,0.0,0.0
2015,10,28,3,UA,528,N57855,12892,10721,815,822.0,7.0,12.0,834.0,328.0,315.0,295.0,2611,1629.0,8.0,1643,1637.0,-6.0,0,0,,0.0,0.0,0.0,0.0,0.0,2015-10-28,0,0.0,0.0,0.0,0.0,0.0
2015,11,8,7,OO,4622,N809SK,BOI,MSP,1425,1607.0,102.0,14.0,1621.0,159.0,156.0,134.0,1142,1935.0,8.0,1804,1943.0,99.0,0,0,,0.0,0.0,0.0,99.0,0.0,2015-11-08,1,0.0,0.0,0.0,97.06,0.0
2015,10,24,6,MQ,3044,N647MQ,14960,11298,1423,1423.0,0.0,7.0,1430.0,57.0,61.0,40.0,113,1510.0,14.0,1520,1524.0,4.0,0,0,,0.0,0.0,0.0,0.0,0.0,2015-10-24,0,0.0,0.0,0.0,0.0,0.0
2015,11,2,1,AA,316,N3KJAA,MIA,SJU,2110,854.0,704.0,16.0,910.0,158.0,163.0,142.0,1045,1232.0,5.0,48,1237.0,709.0,0,0,,5.0,0.0,512.0,192.0,0.0,2015-11-02,1,0.71,0.0,72.73,27.27,0.0
2015,10,19,1,MQ,3114,N530MQ,12992,11298,1550,1544.0,-6.0,13.0,1557.0,84.0,75.0,47.0,304,1644.0,15.0,1714,1659.0,-15.0,0,0,,0.0,0.0,0.0,0.0,0.0,2015-10-19,0,0.0,0.0,0.0,0.0,0.0
2015,10,14,3,DL,2581,N957DN,13487,15016,1306,1306.0,0.0,12.0,1318.0,86.0,74.0,59.0,448,1417.0,3.0,1432,1420.0,-12.0,0,0,,0.0,0.0,0.0,0.0,0.0,2015-10-14,0,0.0,0.0,0.0,0.0,0.0
2015,10,28,3,EV,5262,N883AS,11953,10397,1658,1648.0,-10.0,10.0,1658.0,76.0,67.0,53.0,300,1751.0,4.0,1814,1755.0,-19.0,0,0,,0.0,0.0,0.0,0.0,0.0,2015-10-28,0,0.0,0.0,0.0,0.0,0.0
2015,10,13,2,DL,1639,N838DN,13198,14869,545,540.0,-5.0,9.0,549.0,158.0,140.0,127.0,920,656.0,4.0,723,700.0,-23.0,0,0,,0.0,0.0,0.0,0.0,0.0,2015-10-13,0,0.0,0.0,0.0,0.0,0.0
2015,11,5,4,EV,3834,N12567,MHT,ORD,1640,1632.0,-8.0,28.0,1700.0,168.0,179.0,137.0,843,1817.0,14.0,1828,1831.0,3.0,0,0,,0.0,0.0,0.0,0.0,0.0,2015-11-05,0,0.0,0.0,0.0,0.0,0.0
2015,11,16,1,UA,514,N68805,PHX,ORD,54,54.0,0.0,8.0,102.0,206.0,174.0,158.0,1440,440.0,8.0,520,448.0,-32.0,0,0,,0.0,0.0,0.0,0.0,0.0,2015-11-16,0,0.0,0.0,0.0,0.0,0.0
2015,11,10,2,WN,4144,N738CB,DAL,PHX,615,614.0,-1.0,8.0,622.0,170.0,157.0,145.0,879,747.0,4.0,805,751.0,-14.0,0,0,,0.0,0.0,0.0,0.0,0.0,2015-11-10,0,0.0,0.0,0.0,0.0,0.0
2015,11,12,4,UA,821,N78438,ORD,SFO,806,808.0,2.0,21.0,829.0,289.0,285.0,251.0,1846,1040.0,13.0,1055,1053.0,-2.0,0,0,,0.0,0.0,0.0,0.0,0.0,2015-11-12,0,0.0,0.0,0.0,0.0,0.0
2015,10,29,4,AA,691,N557UW,10397,11057,1035,1037.0,2.0,15.0,1052.0,78.0,69.0,42.0,226,1134.0,12.0,1153,1146.0,-7.0,0,0,,0.0,0.0,0.0,0.0,0.0,2015-10-29,0,0.0,0.0,0.0,0.0,0.0
2015,11,13,5,DL,1760,N586NW,ATL,SEA,1955,1954.0,-1.0,16.0,2010.0,337.0,330.0,307.0,2182,2217.0,7.0,2232,2224.0,-8.0,0,0,,0.0,0.0,0.0,0.0,0.0,2015-11-13,0,0.0,0.0,0.0,0.0,0.0
2015,10,20,2,UA,426,N497UA,14771,11292,1427,1449.0,22.0,17.0,1506.0,156.0,147.0,126.0,967,1812.0,4.0,1803,1816.0,13.0,0,0,,0.0,0.0,0.0,0.0,0.0,2015-10-20,1,0.0,0.0,0.0,0.0,0.0
2015,11,2,1,EV,4308,N14171,EWR,SBN,2005,2126.0,81.0,22.0,2148.0,136.0,122.0,94.0,637,2322.0,6.0,2221,2328.0,67.0,0,0,,0.0,0.0,0.0,67.0,0.0,2015-11-02,1,0.0,0.0,0.0,82.72,0.0
2015,11,7,6,UA,324,N28457,LAX,IAD,818,819.0,1.0,17.0,836.0,302.0,293.0,265.0,2288,1601.0,11.0,1620,1612.0,-8.0,0,0,,0.0,0.0,0.0,0.0,0.0,2015-11-07,0,0.0,0.0,0.0,0.0,0.0
2015,10,22,4,EV,6168,N16976,13930,10135,2102,2056.0,-6.0,20.0,2116.0,113.0,106.0,82.0,655,2338.0,4.0,2355,2342.0,-13.0,0,0,,0.0,0.0,0.0,0.0,0.0,2015-10-22,0,0.0,0.0,0.0,0.0,0.0
2015,11,17,2,DL,1492,N933DN,PHX,MSP,805,801.0,-4.0,27.0,828.0,187.0,198.0,165.0,1276,1213.0,6.0,1212,1219.0,7.0,0,0,,0.0,0.0,0.0,0.0,0.0,2015-11-17,0,0.0,0.0,0.0,0.0,0.0
2015,10,22,4,DL,2501,N977AT,12945,10397,600,601.0,1.0,11.0,612.0,78.0,73.0,55.0,304,707.0,7.0,718,714.0,-4.0,0,0,,0.0,0.0,0.0,0.0,0.0,2015-10-22,0,0.0,0.0,0.0,0.0,0.0
2015,10,23,5,B6,83,N503JB,12478,13204,1240,1239.0,-1.0,20.0,1259.0,165.0,146.0,121.0,944,1500.0,5.0,1525,1505.0,-20.0,0,0,,0.0,0.0,0.0,0.0,0.0,2015-10-23,0,0.0,0.0,0.0,0.0,0.0
2015,10,22,4,VX,765,N523VA,12953,11259,1205,1210.0,5.0,32.0,1242.0,225.0,227.0,190.0,1381,1452.0,5.0,1450,1457.0,7.0,0,0,,0.0,0.0,0.0,0.0,0.0,2015-10-22,0,0.0,0.0,0.0,0.0,0.0
2015,10,23,5,DL,1203,N323US,10849,13487,600,551.0,-9.0,32.0,623.0,140.0,159.0,123.0,874,926.0,4.0,920,930.0,10.0,0,0,,0.0,0.0,0.0,0.0,0.0,2015-10-23,0,0.0,0.0,0.0,0.0,0.0
2015,11,10,2,HA,43,N580HA,SJC,HNL,905,858.0,-7.0,16.0,914.0,345.0,339.0,320.0,2417,1234.0,3.0,1250,1237.0,-13.0,0,0,,0.0,0.0,0.0,0.0,0.0,2015-11-10,0,0.0,0.0,0.0,0.0,0.0
2015,10,29,4,OO,5299,N957SW,11823,13930,1821,1816.0,-5.0,10.0,1826.0,62.0,59.0,32.0,157,1758.0,17.0,1823,1815.0,-8.0,0,0,,0.0,0.0,0.0,0.0,0.0,2015-10-29,0,0.0,0.0,0.0,0.0,0.0
2015,11,2,1,OO,6287,N103SY,SFO,DFW,1920,2049.0,89.0,25.0,2114.0,211.0,209.0,178.0,1464,212.0,6.0,51,218.0,87.0,0,0,,0.0,0.0,11.0,76.0,0.0,2015-11-02,1,0.0,0.0,12.36,85.39,0.0
2015,10,15,4,DL,2116,N589NW,12892,13487,645,646.0,1.0,16.0,702.0,213.0,215.0,192.0,1535,1214.0,7.0,1218,1221.0,3.0,0,0,,0.0,0.0,0.0,0.0,0.0,2015-10-15,0,0.0,0.0,0.0,0.0,0.0
2015,10,22,4,UA,1722,N36472,13930,12266,1745,1750.0,5.0,38.0,1828.0,165.0,184.0,137.0,925,2045.0,9.0,2030,2054.0,24.0,0,0,,24.0,0.0,0.0,0.0,0.0,2015-10-22,0,480.0,0.0,0.0,0.0,0.0
2015,10,16,5,DL,1130,N968AT,10397,11973,905,904.0,-1.0,16.0,920.0,81.0,75.0,56.0,352,916.0,3.0,926,919.0,-7.0,0,0,,0.0,0.0,0.0,0.0,0.0,2015-10-16,0,0.0,0.0,0.0,0.0,0.0
2015,11,10,2,NK,188,N640NK,OAK,LAS,600,549.0,-11.0,10.0,559.0,83.0,79.0,60.0,407,659.0,9.0,723,708.0,-15.0,0,0,,0.0,0.0,0.0,0.0,0.0,2015-11-10,0,0.0,0.0,0.0,0.0,0.0
2015,10,16,5,UA,809,N419UA,14908,11292,1555,1620.0,25.0,12.0,1632.0,135.0,129.0,105.0,846,1917.0,12.0,1910,1929.0,19.0,0,0,,1.0,0.0,0.0,18.0,0.0,2015-10-16,1,4.0,0.0,0.0,72.0,0.0
2015,11,7,6,AA,1254,N3ALAA,MIA,SJU,1125,1121.0,-4.0,14.0,1135.0,156.0,160.0,136.0,1045,1451.0,10.0,1501,1501.0,0.0,0,0,,0.0,0.0,0.0,0.0,0.0,2015-11-07,0,0.0,0.0,0.0,0.0,0.0
2015,10,20,2,B6,1502,N536JB,11697,12478,600,558.0,-2.0,13.0,611.0,164.0,160.0,139.0,1069,830.0,8.0,844,838.0,-6.0,0,0,,0.0,0.0,0.0,0.0,0.0,2015-10-20,0,0.0,0.0,0.0,0.0,0.0
2015,10,21,3,WN,769,N780SW,10821,14683,1845,1837.0,-8.0,12.0,1849.0,225.0,210.0,195.0,1407,2104.0,3.0,2130,2107.0,-23.0,0,0,,0.0,0.0,0.0,0.0,0.0,2015-10-21,0,0.0,0.0,0.0,0.0,0.0
2015,10,15,4,OO,5168,N764SK,12266,13158,1125,1121.0,-4.0,16.0,1137.0,89.0,84.0,62.0,429,1239.0,6.0,1254,1245.0,-9.0,0,0,,0.0,0.0,0.0,0.0,0.0,2015-10-15,0,0.0,0.0,0.0,0.0,0.0
2015,10,13,2,WN,348,N244WN,10721,10821,1600,1555.0,-5.0,18.0,1613.0,95.0,92.0,71.0,369,1724.0,3.0,1735,1727.0,-8.0,0,0,,0.0,0.0,0.0,0.0,0.0,2015-10-13,0,0.0,0.0,0.0,0.0,0.0
2015,11,8,7,MQ,3524,N668MQ,GNV,MIA,1630,1626.0,-4.0,8.0,1634.0,69.0,63.0,49.0,294,1723.0,6.0,1739,1729.0,-10.0,0,0,,0.0,0.0,0.0,0.0,0.0,2015-11-08,0,0.0,0.0,0.0,0.0,0.0
2015,11,12,4,F9,1217,N701FR,PHL,MCO,1100,1054.0,-6.0,25.0,1119.0,150.0,166.0,126.0,861,1325.0,15.0,1330,1340.0,10.0,0,0,,0.0,0.0,0.0,0.0,0.0,2015-11-12,0,0.0,0.0,0.0,0.0,0.0
2015,10,26,1,EV,4414,N21537,13485,11618,1912,1901.0,-11.0,8.0,1909.0,135.0,120.0,102.0,799,2151.0,10.0,2227,2201.0,-26.0,0,0,,0.0,0.0,0.0,0.0,0.0,2015-10-26,0,0.0,0.0,0.0,0.0,0.0
2015,10,27,2,WN,1485,N463WN,13232,13487,1955,1956.0,1.0,21.0,2017.0,85.0,88.0,60.0,349,2117.0,7.0,2120,2124.0,4.0,0,0,,0.0,0.0,0.0,0.0,0.0,2015-10-27,0,0.0,0.0,0.0,0.0,0.0
2015,11,13,5,UA,1589,N47414,CLE,SFO,700,657.0,-3.0,10.0,707.0,332.0,307.0,288.0,2161,855.0,9.0,932,904.0,-28.0,0,0,,0.0,0.0,0.0,0.0,0.0,2015-11-13,0,0.0,0.0,0.0,0.0,0.0
2015,11,17,2,WN,161,N498WN,BDL,MCO,1600,1651.0,51.0,14.0,1705.0,185.0,156.0,133.0,1050,1918.0,9.0,1905,1927.0,22.0,0,0,,0.0,0.0,0.0,22.0,0.0,2015-11-17,1,0.0,0.0,0.0,43.14,0.0
2015,10,17,6,F9,565,N943FR,14492,11292,635,631.0,-4.0,13.0,644.0,225.0,225.0,205.0,1436,809.0,7.0,820,816.0,-4.0,0,0,,0.0,0.0,0.0,0.0,0.0,2015-10-17,0,0.0,0.0,0.0,0.0,0.0
2015,10,19,1,AA,433,N583UW,14771,14100,1335,1417.0,42.0,13.0,1430.0,318.0,304.0,287.0,2521,2217.0,4.0,2153,2221.0,28.0,0,0,,0.0,0.0,5.0,23.0,0.0,2015-10-19,1,0.0,0.0,11.9,54.76,0.0
2015,11,4,3,DL,101,N130DL,LAX,ATL,1230,1233.0,3.0,11.0,1244.0,252.0,239.0,213.0,1947,1917.0,15.0,1942,1932.0,-10.0,0,0,,0.0,0.0,0.0,0.0,0.0,2015-11-04,0,0.0,0.0,0.0,0.0,0.0
2015,10,17,6,AA,297,N854AA,12892,12173,1650,1729.0,39.0,19.0,1748.0,363.0,344.0,322.0,2556,2010.0,3.0,1953,2013.0,20.0,0,0,,0.0,0.0,20.0,0.0,0.0,2015-10-17,1,0.0,0.0,51.28,0.0,0.0
2015,11,9,1,AS,627,N457AS,LAS,PDX,1020,1016.0,-4.0,23.0,1039.0,135.0,138.0,112.0,763,1231.0,3.0,1235,1234.0,-1.0,0,0,,0.0,0.0,0.0,0.0,0.0,2015-11-09,0,0.0,0.0,0.0,0.0,0.0
2015,11,14,6,DL,1512,N960AT,MKE,MSP,1200,1150.0,-10.0,13.0,1203.0,74.0,70.0,51.0,297,1254.0,6.0,1314,1300.0,-14.0,0,0,,0.0,0.0,0.0,0.0,0.0,2015-11-14,0,0.0,0.0,0.0,0.0,0.0
2015,11,8,7,MQ,3353,N635MQ,ABI,DFW,1015,1325.0,190.0,14.0,1339.0,60.0,58.0,36.0,158,1415.0,8.0,1115,1423.0,188.0,0,0,,0.0,0.0,188.0,0.0,0.0,2015-11-08,1,0.0,0.0,98.95,0.0,0.0
2015,10,15,4,WN,1231,N527SW,10423,12191,1600,1601.0,1.0,7.0,1608.0,55.0,48.0,31.0,148,1639.0,10.0,1655,1649.0,-6.0,0,0,,0.0,0.0,0.0,0.0,0.0,2015-10-15,0,0.0,0.0,0.0,0.0,0.0
2015,10,26,1,WN,47,N633SW,13796,11259,1200,1213.0,13.0,8.0,1221.0,205.0,198.0,187.0,1468,1728.0,3.0,1725,1731.0,6.0,0,0,,0.0,0.0,0.0,0.0,0.0,2015-10-26,0,0.0,0.0,0.0,0.0,0.0
2015,11,1,7,OO,4843,N446SW,PSP,SLC,1217,1213.0,-4.0,29.0,1242.0,109.0,111.0,77.0,541,1459.0,5.0,1506,1504.0,-2.0,0,0,,0.0,0.0,0.0,0.0,0.0,2015-11-01,0,0.0,0.0,0.0,0.0,0.0
2015,11,12,4,DL,1970,N940DN,MSY,ATL,915,934.0,19.0,12.0,946.0,83.0,75.0,57.0,425,1143.0,6.0,1138,1149.0,11.0,0,0,,0.0,0.0,0.0,0.0,0.0,2015-11-12,1,0.0,0.0,0.0,0.0,0.0
2015,11,14,6,WN,1605,N687SW,AUS,LAS,1120,1117.0,-3.0,10.0,1127.0,180.0,169.0,154.0,1090,1201.0,5.0,1220,1206.0,-14.0,0,0,,0.0,0.0,0.0,0.0,0.0,2015-11-14,0,0.0,0.0,0.0,0.0,0.0
2015,11,11,3,MQ,3542,N660MQ,OKC,DFW,1947,1947.0,0.0,14.0,2001.0,77.0,60.0,36.0,175,2037.0,10.0,2104,2047.0,-17.0,0,0,,0.0,0.0,0.0,0.0,0.0,2015-11-11,0,0.0,0.0,0.0,0.0,0.0
2015,10,14,3,OO,4675,N804SK,14869,12266,2010,2008.0,-2.0,27.0,2035.0,178.0,181.0,144.0,1195,2359.0,10.0,8,9.0,1.0,0,0,,0.0,0.0,0.0,0.0,0.0,2015-10-14,0,0.0,0.0,0.0,0.0,0.0
2015,11,11,3,DL,513,N937DN,MSP,SAN,1145,1143.0,-2.0,11.0,1154.0,238.0,217.0,202.0,1532,1316.0,4.0,1343,1320.0,-23.0,0,0,,0.0,0.0,0.0,0.0,0.0,2015-11-11,0,0.0,0.0,0.0,0.0,0.0
2015,10,12,1,HA,239,N492HA,12173,12982,1726,1724.0,-2.0,12.0,1736.0,40.0,41.0,23.0,102,1759.0,6.0,1806,1805.0,-1.0,0,0,,0.0,0.0,0.0,0.0,0.0,2015-10-12,0,0.0,0.0,0.0,0.0,0.0
2015,10,16,5,WN,2048,N213WN,14831,14679,925,925.0,0.0,9.0,934.0,80.0,92.0,63.0,417,1037.0,20.0,1045,1057.0,12.0,0,0,,0.0,0.0,0.0,0.0,0.0,2015-10-16,0,0.0,0.0,0.0,0.0,0.0
2015,10,30,5,DL,740,N950AT,13487,11775,1529,1524.0,-5.0,11.0,1535.0,54.0,49.0,34.0,196,1609.0,4.0,1623,1613.0,-10.0,0,0,,0.0,0.0,0.0,0.0,0.0,2015-10-30,0,0.0,0.0,0.0,0.0,0.0
2015,10,19,1,EV,5253,N695CA,10397,14098,2144,2211.0,27.0,32.0,2243.0,99.0,105.0,66.0,508,2349.0,7.0,2323,2356.0,33.0,0,0,,6.0,0.0,27.0,0.0,0.0,2015-10-19,1,22.22,0.0,100.0,0.0,0.0
2015,10,11,7,DL,2659,N923AT,11697,12478,1924,1912.0,-12.0,26.0,1938.0,173.0,172.0,136.0,1069,2154.0,10.0,2217,2204.0,-13.0,0,0,,0.0,0.0,0.0,0.0,0.0,2015-10-11,0,0.0,0.0,0.0,0.0,0.0
2015,11,14,6,UA,314,N12221,LAX,DEN,1547,1541.0,-6.0,11.0,1552.0,140.0,130.0,112.0,862,1844.0,7.0,1907,1851.0,-16.0,0,0,,0.0,0.0,0.0,0.0,0.0,2015-11-14,0,0.0,0.0,0.0,0.0,0.0
2015,11,14,6,AA,118,N798AA,LAX,JFK,700,732.0,32.0,13.0,745.0,323.0,317.0,300.0,2475,1545.0,4.0,1523,1549.0,26.0,0,0,,0.0,0.0,26.0,0.0,0.0,2015-11-14,1,0.0,0.0,81.25,0.0,0.0
2015,11,12,4,UA,346,N822UA,IAH,MSY,903,903.0,0.0,43.0,946.0,73.0,89.0,43.0,305,1029.0,3.0,1016,1032.0,16.0,0,0,,16.0,0.0,0.0,0.0,0.0,2015-11-12,0,inf,0.0,0.0,0.0,0.0
2015,11,16,1,F9,682,N704FR,DEN,MCO,2355,2359.0,4.0,81.0,120.0,207.0,292.0,204.0,1546,644.0,7.0,522,651.0,89.0,0,0,,85.0,0.0,4.0,0.0,0.0,2015-11-16,0,2125.0,0.0,100.0,0.0,0.0
2015,11,14,6,AS,306,N627AS,SEA,SFO,1125,1118.0,-7.0,33.0,1151.0,135.0,152.0,112.0,679,1343.0,7.0,1340,1350.0,10.0,0,0,,0.0,0.0,0.0,0.0,0.0,2015-11-14,0,0.0,0.0,0.0,0.0,0.0
2015,10,30,5,EV,4906,N849AS,11433,10599,901,904.0,3.0,17.0,921.0,118.0,104.0,84.0,625,945.0,3.0,959,948.0,-11.0,0,0,,0.0,0.0,0.0,0.0,0.0,2015-10-30,0,0.0,0.0,0.0,0.0,0.0
2015,11,18,3,DL,979,N825DN,LAX,IND,2240,2307.0,27.0,19.0,2326.0,235.0,225.0,201.0,1814,547.0,5.0,535,552.0,17.0,0,0,,0.0,0.0,17.0,0.0,0.0,2015-11-18,1,0.0,0.0,62.96,0.0,0.0
2015,11,18,3,EV,2849,N629AE,ORD,TYS,826,1249.0,263.0,13.0,1302.0,94.0,137.0,121.0,475,1603.0,3.0,1100,1606.0,306.0,0,0,,43.0,0.0,26.0,237.0,0.0,2015-11-18,1,16.35,0.0,9.89,90.11,0.0
2015,10,11,7,WN,545,N526SW,12206,12191,1445,1448.0,3.0,12.0,1500.0,60.0,62.0,45.0,277,1545.0,5.0,1545,1550.0,5.0,0,0,,0.0,0.0,0.0,0.0,0.0,2015-10-11,0,0.0,0.0,0.0,0.0,0.0
2015,10,25,7,AA,1460,N3MWAA,11298,11278,1015,1022.0,7.0,24.0,1046.0,181.0,158.0,132.0,1192,1358.0,2.0,1416,1400.0,-16.0,0,0,,0.0,0.0,0.0,0.0,0.0,2015-10-25,0,0.0,0.0,0.0,0.0,0.0
2015,11,9,1,NK,340,N503NK,LAS,LBE,2205,2159.0,-6.0,15.0,2214.0,258.0,232.0,212.0,1954,446.0,5.0,523,451.0,-32.0,0,0,,0.0,0.0,0.0,0.0,0.0,2015-11-09,0,0.0,0.0,0.0,0.0,0.0
2015,11,17,2,OO,6396,N130SY,BOI,SFO,657,652.0,-5.0,32.0,724.0,123.0,115.0,80.0,522,744.0,3.0,800,747.0,-13.0,0,0,,0.0,0.0,0.0,0.0,0.0,2015-11-17,0,0.0,0.0,0.0,0.0,0.0
2015,10,24,6,B6,1126,N304JB,11697,14492,1516,1508.0,-8.0,13.0,1521.0,121.0,117.0,100.0,680,1701.0,4.0,1717,1705.0,-12.0,0,0,,0.0,0.0,0.0,0.0,0.0,2015-10-24,0,0.0,0.0,0.0,0.0,0.0
2015,11,11,3,WN,3150,N480WN,LAX,ATL,555,607.0,12.0,25.0,632.0,255.0,238.0,206.0,1947,1258.0,7.0,1310,1305.0,-5.0,0,0,,0.0,0.0,0.0,0.0,0.0,2015-11-11,0,0.0,0.0,0.0,0.0,0.0
2015,10,15,4,EV,4344,N11187,11140,12266,1907,1859.0,-8.0,10.0,1909.0,63.0,61.0,43.0,201,1952.0,8.0,2010,2000.0,-10.0,0,0,,0.0,0.0,0.0,0.0,0.0,2015-10-15,0,0.0,0.0,0.0,0.0,0.0
2015,11,15,7,OO,4795,N614SK,PSC,SEA,1620,1615.0,-5.0,14.0,1629.0,57.0,59.0,39.0,172,1708.0,6.0,1717,1714.0,-3.0,0,0,,0.0,0.0,0.0,0.0,0.0,2015-11-15,0,0.0,0.0,0.0,0.0,0.0
2015,11,15,7,DL,1554,N811DZ,LAX,ATL,1505,1503.0,-2.0,14.0,1517.0,244.0,228.0,206.0,1947,2143.0,8.0,2209,2151.0,-18.0,0,0,,0.0,0.0,0.0,0.0,0.0,2015-11-15,0,0.0,0.0,0.0,0.0,0.0
2015,11,6,5,AA,1019,N4XVAA,DFW,COS,1840,1840.0,0.0,19.0,1859.0,120.0,113.0,90.0,592,1929.0,4.0,1940,1933.0,-7.0,0,0,,0.0,0.0,0.0,0.0,0.0,2015-11-06,0,0.0,0.0,0.0,0.0,0.0
2015,10,27,2,AA,1388,N3GEAA,14107,11298,500,457.0,-3.0,12.0,509.0,144.0,147.0,123.0,868,912.0,12.0,924,924.0,0.0,0,0,,0.0,0.0,0.0,0.0,0.0,2015-10-27,0,0.0,0.0,0.0,0.0,0.0
2015,10,17,6,UA,1672,N39728,12266,11292,1439,1439.0,0.0,17.0,1456.0,154.0,145.0,121.0,862,1557.0,7.0,1613,1604.0,-9.0,0,0,,0.0,0.0,0.0,0.0,0.0,2015-10-17,0,0.0,0.0,0.0,0.0,0.0
2015,11,12,4,OO,4809,N607SK,SJC,SEA,755,746.0,-9.0,13.0,759.0,138.0,134.0,114.0,697,953.0,7.0,1013,1000.0,-13.0,0,0,,0.0,0.0,0.0,0.0,0.0,2015-11-12,0,0.0,0.0,0.0,0.0,0.0
2015,11,18,3,EV,4898,N881AS,MGM,ATL,900,854.0,-6.0,8.0,902.0,55.0,52.0,30.0,147,1032.0,14.0,1055,1046.0,-9.0,0,0,,0.0,0.0,0.0,0.0,0.0,2015-11-18,0,0.0,0.0,0.0,0.0,0.0
2015,10,23,5,UA,572,N842UA,14100,12266,540,608.0,28.0,14.0,622.0,200.0,198.0,177.0,1325,819.0,7.0,800,826.0,26.0,0,0,,0.0,0.0,26.0,0.0,0.0,2015-10-23,1,0.0,0.0,92.86,0.0,0.0
2015,11,6,5,WN,390,N652SW,BNA,BWI,935,959.0,24.0,8.0,1007.0,95.0,97.0,84.0,587,1231.0,5.0,1210,1236.0,26.0,0,0,,2.0,0.0,23.0,1.0,0.0,2015-11-06,1,8.33,0.0,95.83,4.17,0.0
2015,11,2,1,WN,2367,N653SW,DEN,SLC,1200,1200.0,0.0,9.0,1209.0,90.0,83.0,71.0,391,1320.0,3.0,1330,1323.0,-7.0,0,0,,0.0,0.0,0.0,0.0,0.0,2015-11-02,0,0.0,0.0,0.0,0.0,0.0
2015,11,14,6,WN,4007,N431WN,MDW,OMA,920,915.0,-5.0,11.0,926.0,90.0,82.0,67.0,423,1033.0,4.0,1050,1037.0,-13.0,0,0,,0.0,0.0,0.0,0.0,0.0,2015-11-14,0,0.0,0.0,0.0,0.0,0.0
2015,11,13,5,AA,170,N3FLAA,LAX,LAS,1230,1230.0,0.0,17.0,1247.0,74.0,72.0,43.0,236,1330.0,12.0,1344,1342.0,-2.0,0,0,,0.0,0.0,0.0,0.0,0.0,2015-11-13,0,0.0,0.0,0.0,0.0,0.0
2015,11,19,4,WN,3202,N462WN,DEN,HOU,2105,2102.0,-3.0,10.0,2112.0,135.0,121.0,108.0,883,2400.0,3.0,20,3.0,-17.0,0,0,,0.0,0.0,0.0,0.0,0.0,2015-11-19,0,0.0,0.0,0.0,0.0,0.0
2015,10,24,6,WN,4070,N935WN,12391,13204,720,716.0,-4.0,15.0,731.0,165.0,144.0,123.0,971,934.0,6.0,1005,940.0,-25.0,0,0,,0.0,0.0,0.0,0.0,0.0,2015-10-24,0,0.0,0.0,0.0,0.0,0.0
2015,10,29,4,WN,1315,N290WN,13232,13796,835,838.0,3.0,18.0,856.0,280.0,265.0,241.0,1844,1057.0,6.0,1115,1103.0,-12.0,0,0,,0.0,0.0,0.0,0.0,0.0,2015-10-29,0,0.0,0.0,0.0,0.0,0.0
2015,10,25,7,DL,2326,N554NW,11697,10397,845,842.0,-3.0,12.0,854.0,107.0,109.0,86.0,581,1020.0,11.0,1032,1031.0,-1.0,0,0,,0.0,0.0,0.0,0.0,0.0,2015-10-25,0,0.0,0.0,0.0,0.0,0.0
2015,11,17,2,WN,472,N629SW,BDL,BWI,1540,1539.0,-1.0,8.0,1547.0,75.0,65.0,53.0,283,1640.0,4.0,1655,1644.0,-11.0,0,0,,0.0,0.0,0.0,0.0,0.0,2015-11-17,0,0.0,0.0,0.0,0.0,0.0
2015,11,18,3,DL,853,N592NW,DTW,RSW,732,730.0,-2.0,18.0,748.0,178.0,172.0,149.0,1084,1017.0,5.0,1030,1022.0,-8.0,0,0,,0.0,0.0,0.0,0.0,0.0,2015-11-18,0,0.0,0.0,0.0,0.0,0.0
2015,10,28,3,NK,311,N604NK,10158,13204,830,824.0,-6.0,10.0,834.0,141.0,142.0,125.0,852,1039.0,7.0,1051,1046.0,-5.0,0,0,,0.0,0.0,0.0,0.0,0.0,2015-10-28,0,0.0,0.0,0.0,0.0,0.0
2015,10,23,5,OO,7371,N8982A,13487,10631,1114,1111.0,-3.0,19.0,1130.0,62.0,69.0,47.0,199,1217.0,3.0,1216,1220.0,4.0,0,0,,0.0,0.0,0.0,0.0,0.0,2015-10-23,0,0.0,0.0,0.0,0.0,0.0
2015,11,18,3,B6,100,N651JB,LAX,FLL,2249,2248.0,-1.0,21.0,2309.0,283.0,287.0,260.0,2343,629.0,6.0,632,635.0,3.0,0,0,,0.0,0.0,0.0,0.0,0.0,2015-11-18,0,0.0,0.0,0.0,0.0,0.0
2015,10,17,6,DL,2631,N371NB,10397,14783,1933,1931.0,-2.0,20.0,1951.0,115.0,104.0,81.0,563,2012.0,3.0,2028,2015.0,-13.0,0,0,,0.0,0.0,0.0,0.0,0.0,2015-10-17,0,0.0,0.0,0.0,0.0,0.0
2015,10,16,5,EV,4479,N14179,12266,12945,1745,1746.0,1.0,20.0,1806.0,132.0,134.0,104.0,828,2050.0,10.0,2057,2100.0,3.0,0,0,,0.0,0.0,0.0,0.0,0.0,2015-10-16,0,0.0,0.0,0.0,0.0,0.0
2015,10,22,4,EV,4155,N23139,12266,12448,1443,1506.0,23.0,10.0,1516.0,84.0,68.0,56.0,351,1612.0,2.0,1607,1614.0,7.0,0,0,,0.0,0.0,0.0,0.0,0.0,2015-10-22,1,0.0,0.0,0.0,0.0,0.0
2015,10,14,3,WN,1735,N789SW,11259,10599,1600,1600.0,0.0,16.0,1616.0,95.0,96.0,77.0,587,1733.0,3.0,1735,1736.0,1.0,0,0,,0.0,0.0,0.0,0.0,0.0,2015-10-14,0,0.0,0.0,0.0,0.0,0.0
2015,11,8,7,WN,5937,N364SW,ABQ,PHX,715,718.0,3.0,17.0,735.0,80.0,79.0,58.0,328,833.0,4.0,835,837.0,2.0,0,0,,0.0,0.0,0.0,0.0,0.0,2015-11-08,0,0.0,0.0,0.0,0.0,0.0
2015,11,5,4,OO,6324,N466SW,DEN,XNA,1008,1003.0,-5.0,16.0,1019.0,112.0,104.0,84.0,616,1243.0,4.0,1300,1247.0,-13.0,0,0,,0.0,0.0,0.0,0.0,0.0,2015-11-05,0,0.0,0.0,0.0,0.0,0.0
2015,10,26,1,B6,221,N571JB,10721,14027,902,908.0,6.0,31.0,939.0,197.0,203.0,169.0,1197,1228.0,3.0,1219,1231.0,12.0,0,0,,0.0,0.0,0.0,0.0,0.0,2015-10-26,0,0.0,0.0,0.0,0.0,0.0
2015,11,3,2,MQ,3416,N918MQ,ORD,IND,835,831.0,-4.0,20.0,851.0,75.0,58.0,33.0,177,1024.0,5.0,1050,1029.0,-21.0,0,0,,0.0,0.0,0.0,0.0,0.0,2015-11-03,0,0.0,0.0,0.0,0.0,0.0
2015,11,10,2,DL,899,N340NW,PHX,MSP,1658,1708.0,10.0,12.0,1720.0,182.0,153.0,138.0,1276,2038.0,3.0,2100,2041.0,-19.0,0,0,,0.0,0.0,0.0,0.0,0.0,2015-11-10,0,0.0,0.0,0.0,0.0,0.0
2015,10,17,6,WN,4045,N552WN,11259,11481,1540,1540.0,0.0,6.0,1546.0,115.0,93.0,83.0,674,1709.0,4.0,1735,1713.0,-22.0,0,0,,0.0,0.0,0.0,0.0,0.0,2015-10-17,0,0.0,0.0,0.0,0.0,0.0
2015,10,18,7,WN,39,N515SW,11259,12191,1600,1632.0,32.0,10.0,1642.0,65.0,60.0,45.0,239,1727.0,5.0,1705,1732.0,27.0,0,0,,0.0,0.0,0.0,27.0,0.0,2015-10-18,1,0.0,0.0,0.0,84.38,0.0
2015,10,17,6,DL,1521,N936DL,11267,10397,1025,1029.0,4.0,20.0,1049.0,92.0,93.0,68.0,432,1157.0,5.0,1157,1202.0,5.0,0,0,,0.0,0.0,0.0,0.0,0.0,2015-10-17,0,0.0,0.0,0.0,0.0,0.0
2015,11,15,7,DL,301,N842DN,LGA,ATL,1200,1156.0,-4.0,31.0,1227.0,171.0,148.0,110.0,762,1417.0,7.0,1451,1424.0,-27.0,0,0,,0.0,0.0,0.0,0.0,0.0,2015-11-15,0,0.0,0.0,0.0,0.0,0.0
2015,11,6,5,EV,5540,N926EV,ROA,ATL,1700,1654.0,-6.0,37.0,1731.0,90.0,104.0,60.0,357,1831.0,7.0,1830,1838.0,8.0,0,0,,0.0,0.0,0.0,0.0,0.0,2015-11-06,0,0.0,0.0,0.0,0.0,0.0
2015,10,24,6,AA,1617,N3MDAA,11057,13930,515,518.0,3.0,13.0,531.0,125.0,110.0,87.0,599,558.0,10.0,620,608.0,-12.0,0,0,,0.0,0.0,0.0,0.0,0.0,2015-10-24,0,0.0,0.0,0.0,0.0,0.0
2015,11,18,3,OO,5557,N751SK,IAH,CVG,1545,1545.0,0.0,14.0,1559.0,144.0,173.0,114.0,871,1853.0,45.0,1909,1938.0,29.0,0,0,,29.0,0.0,0.0,0.0,0.0,2015-11-18,0,inf,0.0,0.0,0.0,0.0
2015,10,22,4,OO,2955,N907SW,13476,14107,1610,1603.0,-7.0,10.0,1613.0,113.0,106.0,86.0,598,1739.0,10.0,1803,1749.0,-14.0,0,0,,0.0,0.0,0.0,0.0,0.0,2015-10-22,0,0.0,0.0,0.0,0.0,0.0
2015,11,11,3,DL,1676,N936DL,ATL,BNA,1343,1338.0,-5.0,24.0,1402.0,67.0,69.0,39.0,214,1341.0,6.0,1350,1347.0,-3.0,0,0,,0.0,0.0,0.0,0.0,0.0,2015-11-11,0,0.0,0.0,0.0,0.0,0.0
2015,10,14,3,F9,1490,N905FR,10423,10397,1100,1055.0,-5.0,10.0,1105.0,133.0,126.0,104.0,813,1349.0,12.0,1413,1401.0,-12.0,0,0,,0.0,0.0,0.0,0.0,0.0,2015-10-14,0,0.0,0.0,0.0,0.0,0.0
2015,10,22,4,WN,5031,N241WN,11057,11259,1410,1439.0,29.0,16.0,1455.0,170.0,158.0,139.0,926,1614.0,3.0,1600,1617.0,17.0,0,0,,0.0,0.0,6.0,11.0,0.0,2015-10-22,1,0.0,0.0,20.69,37.93,0.0
2015,11,5,4,WN,892,N665WN,STL,MDW,920,1028.0,68.0,10.0,1038.0,60.0,61.0,47.0,251,1125.0,4.0,1020,1129.0,69.0,0,0,,1.0,0.0,68.0,0.0,0.0,2015-11-05,1,1.47,0.0,100.0,0.0,0.0
2015,10,25,7,NK,404,N526NK,11697,10397,730,720.0,-10.0,13.0,733.0,111.0,116.0,93.0,581,906.0,10.0,921,916.0,-5.0,0,0,,0.0,0.0,0.0,0.0,0.0,2015-10-25,0,0.0,0.0,0.0,0.0,0.0
2015,10,21,3,DL,1946,N942DL,10397,11042,1651,1700.0,9.0,15.0,1715.0,113.0,106.0,85.0,554,1840.0,6.0,1844,1846.0,2.0,0,0,,0.0,0.0,0.0,0.0,0.0,2015-10-21,0,0.0,0.0,0.0,0.0,0.0
2015,10,23,5,AS,306,N528AS,14771,14262,1450,1505.0,15.0,20.0,1525.0,92.0,84.0,60.0,421,1625.0,4.0,1622,1629.0,7.0,0,0,,0.0,0.0,0.0,0.0,0.0,2015-10-23,0,0.0,0.0,0.0,0.0,0.0
2015,10,23,5,AA,2511,N4YPAA,10140,11298,1420,1738.0,198.0,7.0,1745.0,108.0,129.0,100.0,569,2025.0,22.0,1708,2047.0,219.0,0,0,,21.0,0.0,0.0,139.0,59.0,2015-10-23,1,10.61,0.0,0.0,70.2,29.8
2015,11,10,2,WN,1786,N652SW,OAK,PDX,550,550.0,0.0,15.0,605.0,105.0,113.0,94.0,543,739.0,4.0,735,743.0,8.0,0,0,,0.0,0.0,0.0,0.0,0.0,2015-11-10,0,0.0,0.0,0.0,0.0,0.0
2015,11,5,4,NK,329,N512NK,CLE,DFW,1605,1600.0,-5.0,8.0,1608.0,168.0,203.0,186.0,1021,1814.0,9.0,1753,1823.0,30.0,0,0,,30.0,0.0,0.0,0.0,0.0,2015-11-05,0,-600.0,-0.0,-0.0,-0.0,-0.0
2015,10,26,1,DL,848,N354NW,13487,10721,1322,1330.0,8.0,12.0,1342.0,174.0,148.0,124.0,1124,1646.0,12.0,1716,1658.0,-18.0,0,0,,0.0,0.0,0.0,0.0,0.0,2015-10-26,0,0.0,0.0,0.0,0.0,0.0
2015,11,13,5,EV,5798,N27152,SHV,IAH,1514,1507.0,-7.0,10.0,1517.0,66.0,61.0,40.0,192,1557.0,11.0,1620,1608.0,-12.0,0,0,,0.0,0.0,0.0,0.0,0.0,2015-11-13,0,0.0,0.0,0.0,0.0,0.0
2015,11,11,3,UA,410,N77520,ATL,EWR,1729,1727.0,-2.0,12.0,1739.0,142.0,128.0,108.0,746,1927.0,8.0,1951,1935.0,-16.0,0,0,,0.0,0.0,0.0,0.0,0.0,2015-11-11,0,0.0,0.0,0.0,0.0,0.0
2015,11,10,2,AA,17,N798AA,JFK,SFO,1700,1654.0,-6.0,27.0,1721.0,407.0,387.0,357.0,2586,2018.0,3.0,2047,2021.0,-26.0,0,0,,0.0,0.0,0.0,0.0,0.0,2015-11-10,0,0.0,0.0,0.0,0.0,0.0
2015,10,19,1,AA,2414,N3AEAA,14843,13303,1730,1726.0,-4.0,10.0,1736.0,163.0,155.0,137.0,1045,1953.0,8.0,2013,2001.0,-12.0,0,0,,0.0,0.0,0.0,0.0,0.0,2015-10-19,0,0.0,0.0,0.0,0.0,0.0
2015,10,21,3,OO,4982,N113SY,14679,12892,1432,1433.0,1.0,14.0,1447.0,49.0,45.0,26.0,109,1513.0,5.0,1521,1518.0,-3.0,0,0,,0.0,0.0,0.0,0.0,0.0,2015-10-21,0,0.0,0.0,0.0,0.0,0.0
2015,10,13,2,DL,2472,N308DE,10397,10994,1339,1334.0,-5.0,10.0,1344.0,71.0,55.0,41.0,259,1425.0,4.0,1450,1429.0,-21.0,0,0,,0.0,0.0,0.0,0.0,0.0,2015-10-13,0,0.0,0.0,0.0,0.0,0.0
2015,11,3,2,WN,195,N910WN,STL,BOS,810,1215.0,245.0,8.0,1223.0,150.0,138.0,123.0,1047,1526.0,7.0,1140,1533.0,233.0,0,0,,0.0,0.0,0.0,233.0,0.0,2015-11-03,1,0.0,0.0,0.0,95.1,0.0
2015,11,1,7,MQ,3120,N528MQ,DFW,LIT,1200,1202.0,2.0,22.0,1224.0,78.0,71.0,46.0,304,1310.0,3.0,1318,1313.0,-5.0,0,0,,0.0,0.0,0.0,0.0,0.0,2015-11-01,0,0.0,0.0,0.0,0.0,0.0
2015,10,30,5,MQ,3078,N657MQ,11986,13930,1925,1923.0,-2.0,10.0,1933.0,63.0,53.0,29.0,137,1902.0,14.0,1928,1916.0,-12.0,0,0,,0.0,0.0,0.0,0.0,0.0,2015-10-30,0,0.0,0.0,0.0,0.0,0.0
2015,11,16,1,WN,1998,N905WN,BDL,MDW,1150,1200.0,10.0,9.0,1209.0,150.0,131.0,116.0,777,1305.0,6.0,1320,1311.0,-9.0,0,0,,0.0,0.0,0.0,0.0,0.0,2015-11-16,0,0.0,0.0,0.0,0.0,0.0
2015,11,9,1,DL,2414,N908DA,MSP,TUS,1115,1108.0,-7.0,18.0,1126.0,213.0,205.0,182.0,1298,1328.0,5.0,1348,1333.0,-15.0,0,0,,0.0,0.0,0.0,0.0,0.0,2015-11-09,0,0.0,0.0,0.0,0.0,0.0
2015,10,16,5,DL,1081,N955DN,10397,14027,1917,1927.0,10.0,16.0,1943.0,109.0,102.0,80.0,545,2103.0,6.0,2106,2109.0,3.0,0,0,,0.0,0.0,0.0,0.0,0.0,2015-10-16,0,0.0,0.0,0.0,0.0,0.0
2015,10,29,4,WN,425,N552WN,11540,14107,905,901.0,-4.0,13.0,914.0,80.0,76.0,56.0,347,910.0,7.0,925,917.0,-8.0,0,0,,0.0,0.0,0.0,0.0,0.0,2015-10-29,0,0.0,0.0,0.0,0.0,0.0
2015,11,18,3,MQ,3043,N681MQ,HSV,ORD,1720,1913.0,113.0,11.0,1924.0,122.0,97.0,79.0,510,2043.0,7.0,1922,2050.0,88.0,0,0,,0.0,0.0,0.0,72.0,16.0,2015-11-18,1,0.0,0.0,0.0,63.72,14.16
2015,11,10,2,WN,2325,N647SW,BOI,DEN,1455,1453.0,-2.0,8.0,1501.0,105.0,100.0,87.0,649,1628.0,5.0,1640,1633.0,-7.0,0,0,,0.0,0.0,0.0,0.0,0.0,2015-11-10,0,0.0,0.0,0.0,0.0,0.0
2015,11,11,3,AA,698,N161UW,EWR,CLT,1825,1815.0,-10.0,21.0,1836.0,128.0,109.0,83.0,529,1959.0,5.0,2033,2004.0,-29.0,0,0,,0.0,0.0,0.0,0.0,0.0,2015-11-11,0,0.0,0.0,0.0,0.0,0.0
2015,11,2,1,B6,391,N618JB,BOS,TPA,1525,1525.0,0.0,14.0,1539.0,200.0,192.0,175.0,1185,1834.0,3.0,1845,1837.0,-8.0,0,0,,0.0,0.0,0.0,0.0,0.0,2015-11-02,0,0.0,0.0,0.0,0.0,0.0
2015,10,26,1,EV,4300,N33182,11618,14524,1704,1655.0,-9.0,16.0,1711.0,84.0,90.0,60.0,277,1811.0,14.0,1828,1825.0,-3.0,0,0,,0.0,0.0,0.0,0.0,0.0,2015-10-26,0,0.0,0.0,0.0,0.0,0.0
2015,10,30,5,AS,55,N532AS,10299,14709,745,739.0,-6.0,42.0,821.0,104.0,130.0,83.0,627,944.0,5.0,929,949.0,20.0,0,0,,20.0,0.0,0.0,0.0,0.0,2015-10-30,0,-333.33,-0.0,-0.0,-0.0,-0.0
2015,10,27,2,WN,2154,N462WN,12953,10397,955,954.0,-1.0,29.0,1023.0,165.0,160.0,121.0,762,1224.0,10.0,1240,1234.0,-6.0,0,0,,0.0,0.0,0.0,0.0,0.0,2015-10-27,0,0.0,0.0,0.0,0.0,0.0
2015,11,3,2,UA,1424,N32404,IAH,SAN,900,858.0,-2.0,23.0,921.0,214.0,210.0,177.0,1303,1018.0,10.0,1034,1028.0,-6.0,0,0,,0.0,0.0,0.0,0.0,0.0,2015-11-03,0,0.0,0.0,0.0,0.0,0.0
2015,10,30,5,DL,863,N362NW,14570,14869,1655,1652.0,-3.0,10.0,1702.0,84.0,79.0,61.0,422,1903.0,8.0,1919,1911.0,-8.0,0,0,,0.0,0.0,0.0,0.0,0.0,2015-10-30,0,0.0,0.0,0.0,0.0,0.0
2015,10,12,1,VX,231,N842VA,13930,12892,925,940.0,15.0,12.0,952.0,275.0,242.0,224.0,1744,1136.0,6.0,1200,1142.0,-18.0,0,0,,0.0,0.0,0.0,0.0,0.0,2015-10-12,0,0.0,0.0,0.0,0.0,0.0
2015,11,20,5,UA,1032,N17752,LGA,IAH,545,537.0,-8.0,18.0,555.0,240.0,231.0,206.0,1416,821.0,7.0,845,828.0,-17.0,0,0,,0.0,0.0,0.0,0.0,0.0,2015-11-20,0,0.0,0.0,0.0,0.0,0.0
2015,11,12,4,UA,1565,N484UA,DCA,IAH,1209,1208.0,-1.0,12.0,1220.0,211.0,199.0,182.0,1208,1422.0,5.0,1440,1427.0,-13.0,0,0,,0.0,0.0,0.0,0.0,0.0,2015-11-12,0,0.0,0.0,0.0,0.0,0.0
2015,10,12,1,NK,925,N507NK,11298,13796,600,556.0,-4.0,20.0,616.0,223.0,216.0,189.0,1457,725.0,7.0,743,732.0,-11.0,0,0,,0.0,0.0,0.0,0.0,0.0,2015-10-12,0,0.0,0.0,0.0,0.0,0.0
2015,11,13,5,UA,1940,N24729,AUS,EWR,1037,1104.0,27.0,16.0,1120.0,229.0,195.0,173.0,1504,1513.0,6.0,1526,1519.0,-7.0,0,0,,0.0,0.0,0.0,0.0,0.0,2015-11-13,1,0.0,0.0,0.0,0.0,0.0
2015,11,9,1,WN,2647,N554WN,ATL,MKE,940,950.0,10.0,13.0,1003.0,120.0,105.0,87.0,669,1030.0,5.0,1040,1035.0,-5.0,0,0,,0.0,0.0,0.0,0.0,0.0,2015-11-09,0,0.0,0.0,0.0,0.0,0.0
2015,11,11,3,EV,4666,N15574,JAN,IAH,1635,1627.0,-8.0,16.0,1643.0,88.0,86.0,64.0,351,1747.0,6.0,1803,1753.0,-10.0,0,0,,0.0,0.0,0.0,0.0,0.0,2015-11-11,0,0.0,0.0,0.0,0.0,0.0
2015,10,29,4,DL,852,N895AT,13487,11337,1942,1940.0,-2.0,8.0,1948.0,53.0,43.0,29.0,144,2017.0,6.0,2035,2023.0,-12.0,0,0,,0.0,0.0,0.0,0.0,0.0,2015-10-29,0,0.0,0.0,0.0,0.0,0.0
2015,11,6,5,DL,1439,N315NB,BDL,DTW,1102,1055.0,-7.0,9.0,1104.0,122.0,107.0,93.0,549,1237.0,5.0,1304,1242.0,-22.0,0,0,,0.0,0.0,0.0,0.0,0.0,2015-11-06,0,0.0,0.0,0.0,0.0,0.0
2015,10,30,5,MQ,3105,N908MQ,11298,11413,2200,2338.0,98.0,13.0,2351.0,128.0,113.0,95.0,674,26.0,5.0,2308,31.0,83.0,0,0,,0.0,0.0,0.0,0.0,83.0,2015-10-30,1,0.0,0.0,0.0,0.0,84.69
2015,11,8,7,OO,4977,N772SK,IAH,ELP,1440,1439.0,-1.0,23.0,1502.0,121.0,122.0,95.0,667,1537.0,4.0,1541,1541.0,0.0,0,0,,0.0,0.0,0.0,0.0,0.0,2015-11-08,0,0.0,0.0,0.0,0.0,0.0
2015,10,29,4,F9,580,N908FR,14869,11292,2030,2019.0,-11.0,11.0,2030.0,80.0,75.0,55.0,391,2125.0,9.0,2150,2134.0,-16.0,0,0,,0.0,0.0,0.0,0.0,0.0,2015-10-29,0,0.0,0.0,0.0,0.0,0.0
2015,10,24,6,OO,5515,N915SW,11638,11292,950,946.0,-4.0,14.0,1000.0,140.0,140.0,119.0,844,1259.0,7.0,1310,1306.0,-4.0,0,0,,0.0,0.0,0.0,0.0,0.0,2015-10-24,0,0.0,0.0,0.0,0.0,0.0
2015,11,10,2,AA,2377,N4XYAA,TUS,DFW,1615,1608.0,-7.0,15.0,1623.0,137.0,126.0,99.0,813,1902.0,12.0,1932,1914.0,-18.0,0,0,,0.0,0.0,0.0,0.0,0.0,2015-11-10,0,0.0,0.0,0.0,0.0,0.0
2015,10,30,5,AA,24,N792AA,14771,12478,715,720.0,5.0,14.0,734.0,347.0,314.0,295.0,2586,1529.0,5.0,1602,1534.0,-28.0,0,0,,0.0,0.0,0.0,0.0,0.0,2015-10-30,0,0.0,0.0,0.0,0.0,0.0
2015,10,14,3,AA,2028,N738US,11057,14524,1740,1735.0,-5.0,11.0,1746.0,63.0,56.0,41.0,257,1827.0,4.0,1843,1831.0,-12.0,0,0,,0.0,0.0,0.0,0.0,0.0,2015-10-14,0,0.0,0.0,0.0,0.0,0.0
2015,10,30,5,OO,6228,N507CA,11292,10713,755,744.0,-11.0,24.0,808.0,131.0,131.0,104.0,649,952.0,3.0,1006,955.0,-11.0,0,0,,0.0,0.0,0.0,0.0,0.0,2015-10-30,0,0.0,0.0,0.0,0.0,0.0
2015,10,15,4,OO,5436,N948SW,11823,13930,700,655.0,-5.0,21.0,716.0,60.0,62.0,34.0,157,650.0,7.0,700,657.0,-3.0,0,0,,0.0,0.0,0.0,0.0,0.0,2015-10-15,0,0.0,0.0,0.0,0.0,0.0
2015,11,4,3,WN,1977,N8328A,SAT,SAN,1550,1817.0,147.0,16.0,1833.0,185.0,187.0,166.0,1129,1919.0,5.0,1655,1924.0,149.0,0,0,,2.0,0.0,0.0,147.0,0.0,2015-11-04,1,1.36,0.0,0.0,100.0,0.0
2015,10,19,1,DL,2560,N372NW,10821,14869,730,728.0,-2.0,24.0,752.0,290.0,279.0,246.0,1865,958.0,9.0,1020,1007.0,-13.0,0,0,,0.0,0.0,0.0,0.0,0.0,2015-10-19,0,0.0,0.0,0.0,0.0,0.0
2015,11,18,3,UA,1984,N75854,LAX,IAH,1603,1600.0,-3.0,11.0,1611.0,189.0,180.0,162.0,1379,2053.0,7.0,2112,2100.0,-12.0,0,0,,0.0,0.0,0.0,0.0,0.0,2015-11-18,0,0.0,0.0,0.0,0.0,0.0
2015,10,29,4,AA,672,N555AY,14100,14771,1015,1015.0,0.0,25.0,1040.0,378.0,363.0,332.0,2521,1312.0,6.0,1333,1318.0,-15.0,0,0,,0.0,0.0,0.0,0.0,0.0,2015-10-29,0,0.0,0.0,0.0,0.0,0.0
2015,10,12,1,AA,703,N547UW,11057,10821,1740,1742.0,2.0,14.0,1756.0,83.0,84.0,64.0,361,1900.0,6.0,1903,1906.0,3.0,0,0,,0.0,0.0,0.0,0.0,0.0,2015-10-12,0,0.0,0.0,0.0,0.0,0.0
2015,10,28,3,AA,1918,N959UW,10721,14100,1930,2104.0,94.0,10.0,2114.0,89.0,77.0,63.0,280,2217.0,4.0,2059,2221.0,82.0,0,0,,0.0,0.0,0.0,60.0,22.0,2015-10-28,1,0.0,0.0,0.0,63.83,23.4
2015,10,13,2,EV,4259,N14904,12266,12896,1743,1746.0,3.0,24.0,1810.0,97.0,98.0,69.0,458,1919.0,5.0,1920,1924.0,4.0,0,0,,0.0,0.0,0.0,0.0,0.0,2015-10-13,0,0.0,0.0,0.0,0.0,0.0
2015,11,3,2,AA,1487,N3CKAA,DFW,ATL,1645,1643.0,-2.0,8.0,1651.0,129.0,125.0,99.0,731,1930.0,18.0,1954,1948.0,-6.0,0,0,,0.0,0.0,0.0,0.0,0.0,2015-11-03,0,0.0,0.0,0.0,0.0,0.0
2015,10,26,1,F9,1161,N922FR,11042,13204,610,606.0,-4.0,13.0,619.0,140.0,138.0,117.0,895,816.0,8.0,830,824.0,-6.0,0,0,,0.0,0.0,0.0,0.0,0.0,2015-10-26,0,0.0,0.0,0.0,0.0,0.0
2015,11,8,7,B6,1159,N375JB,BOS,PHL,1730,1758.0,28.0,17.0,1815.0,107.0,79.0,56.0,280,1911.0,6.0,1917,1917.0,0.0,0,0,,0.0,0.0,0.0,0.0,0.0,2015-11-08,1,0.0,0.0,0.0,0.0,0.0
2015,10,14,3,EV,4992,N873AS,10397,10731,1026,1054.0,28.0,20.0,1114.0,68.0,65.0,42.0,238,1156.0,3.0,1134,1159.0,25.0,0,0,,0.0,0.0,25.0,0.0,0.0,2015-10-14,1,0.0,0.0,89.29,0.0,0.0
2015,10,29,4,EV,4415,N12163,13930,11775,2231,2236.0,5.0,10.0,2246.0,103.0,78.0,64.0,462,2350.0,4.0,14,2354.0,-20.0,0,0,,0.0,0.0,0.0,0.0,0.0,2015-10-29,0,0.0,0.0,0.0,0.0,0.0
2015,10,28,3,B6,865,N564JB,10721,14635,1855,1927.0,32.0,22.0,1949.0,216.0,193.0,167.0,1249,2236.0,4.0,2231,2240.0,9.0,0,0,,0.0,0.0,0.0,0.0,0.0,2015-10-28,1,0.0,0.0,0.0,0.0,0.0
2015,11,3,2,EV,2755,N672AE,DFW,TUL,725,724.0,-1.0,13.0,737.0,72.0,60.0,43.0,237,820.0,4.0,837,824.0,-13.0,0,0,,0.0,0.0,0.0,0.0,0.0,2015-11-03,0,0.0,0.0,0.0,0.0,0.0
2015,10,23,5,WN,3237,N424WN,10800,12889,825,901.0,36.0,28.0,929.0,65.0,77.0,42.0,223,1011.0,7.0,930,1018.0,48.0,0,0,,12.0,0.0,36.0,0.0,0.0,2015-10-23,1,33.33,0.0,100.0,0.0,0.0
2015,10,21,3,AA,1022,N877AA,12889,11298,1419,1421.0,2.0,13.0,1434.0,171.0,165.0,139.0,1055,1853.0,13.0,1910,1906.0,-4.0,0,0,,0.0,0.0,0.0,0.0,0.0,2015-10-21,0,0.0,0.0,0.0,0.0,0.0
2015,10,24,6,UA,1560,N36280,13204,11618,954,1008.0,14.0,15.0,1023.0,156.0,144.0,122.0,937,1225.0,7.0,1230,1232.0,2.0,0,0,,0.0,0.0,0.0,0.0,0.0,2015-10-24,0,0.0,0.0,0.0,0.0,0.0
2015,10,30,5,WN,177,N384SW,12892,13796,1015,1020.0,5.0,8.0,1028.0,70.0,72.0,59.0,337,1127.0,5.0,1125,1132.0,7.0,0,0,,0.0,0.0,0.0,0.0,0.0,2015-10-30,0,0.0,0.0,0.0,0.0,0.0
2015,10,15,4,DL,1214,N985AT,11433,11057,720,715.0,-5.0,16.0,731.0,103.0,95.0,76.0,500,847.0,3.0,903,850.0,-13.0,0,0,,0.0,0.0,0.0,0.0,0.0,2015-10-15,0,0.0,0.0,0.0,0.0,0.0
2015,11,2,1,OO,5213,N932EV,LBB,DEN,1253,1325.0,32.0,15.0,1340.0,94.0,89.0,67.0,456,1347.0,7.0,1327,1354.0,27.0,0,0,,0.0,0.0,0.0,27.0,0.0,2015-11-02,1,0.0,0.0,0.0,84.38,0.0
2015,11,5,4,NK,556,N521NK,RSW,ATL,928,930.0,2.0,9.0,939.0,96.0,101.0,78.0,515,1057.0,14.0,1104,1111.0,7.0,0,0,,0.0,0.0,0.0,0.0,0.0,2015-11-05,0,0.0,0.0,0.0,0.0,0.0
2015,11,8,7,WN,2418,N727SW,BUR,PHX,900,855.0,-5.0,12.0,907.0,80.0,84.0,65.0,369,1112.0,7.0,1120,1119.0,-1.0,0,0,,0.0,0.0,0.0,0.0,0.0,2015-11-08,0,0.0,0.0,0.0,0.0,0.0
2015,11,14,6,F9,1233,N948FR,MIA,LAS,900,855.0,-5.0,14.0,909.0,320.0,303.0,283.0,2174,1052.0,6.0,1120,1058.0,-22.0,0,0,,0.0,0.0,0.0,0.0,0.0,2015-11-14,0,0.0,0.0,0.0,0.0,0.0
2015,11,17,2,OO,4446,N910EV,SLC,COS,1505,1458.0,-7.0,22.0,1520.0,96.0,92.0,65.0,411,1625.0,5.0,1641,1630.0,-11.0,0,0,,0.0,0.0,0.0,0.0,0.0,2015-11-17,0,0.0,0.0,0.0,0.0,0.0
2015,10,26,1,B6,1418,N368JB,12478,10721,915,914.0,-1.0,19.0,933.0,68.0,55.0,33.0,187,1006.0,3.0,1023,1009.0,-14.0,0,0,,0.0,0.0,0.0,0.0,0.0,2015-10-26,0,0.0,0.0,0.0,0.0,0.0
2015,11,3,2,WN,206,N655WN,BWI,BOS,1840,1835.0,-5.0,16.0,1851.0,85.0,81.0,60.0,369,1951.0,5.0,2005,1956.0,-9.0,0,0,,0.0,0.0,0.0,0.0,0.0,2015-11-03,0,0.0,0.0,0.0,0.0,0.0
2015,11,16,1,AA,2075,N275AY,PHL,CLT,1730,1927.0,117.0,14.0,1941.0,111.0,90.0,64.0,449,2045.0,12.0,1921,2057.0,96.0,0,0,,0.0,0.0,96.0,0.0,0.0,2015-11-16,1,0.0,0.0,82.05,0.0,0.0
2015,11,10,2,MQ,3339,N657MQ,DFW,SPS,2145,2137.0,-8.0,10.0,2147.0,51.0,43.0,26.0,113,2213.0,7.0,2236,2220.0,-16.0,0,0,,0.0,0.0,0.0,0.0,0.0,2015-11-10,0,0.0,0.0,0.0,0.0,0.0
2015,10,14,3,AA,1874,N156UW,11278,13204,1459,1452.0,-7.0,19.0,1511.0,145.0,132.0,107.0,759,1658.0,6.0,1724,1704.0,-20.0,0,0,,0.0,0.0,0.0,0.0,0.0,2015-10-14,0,0.0,0.0,0.0,0.0,0.0
2015,10,29,4,EV,5255,N760EV,11612,11433,645,640.0,-5.0,10.0,650.0,92.0,87.0,63.0,363,853.0,14.0,917,907.0,-10.0,0,0,,0.0,0.0,0.0,0.0,0.0,2015-10-29,0,0.0,0.0,0.0,0.0,0.0
2015,10,24,6,WN,3438,N725SW,10529,10821,1300,1316.0,16.0,5.0,1321.0,70.0,54.0,46.0,283,1407.0,3.0,1410,1410.0,0.0,0,0,,0.0,0.0,0.0,0.0,0.0,2015-10-24,1,0.0,0.0,0.0,0.0,0.0
2015,10,27,2,AA,454,N923US,14107,14869,2015,2009.0,-6.0,9.0,2018.0,101.0,84.0,72.0,507,2230.0,3.0,2256,2233.0,-23.0,0,0,,0.0,0.0,0.0,0.0,0.0,2015-10-27,0,0.0,0.0,0.0,0.0,0.0
2015,10,28,3,NK,815,N605NK,13930,13495,810,824.0,14.0,43.0,907.0,133.0,163.0,115.0,837,1102.0,5.0,1023,1107.0,44.0,0,0,,44.0,0.0,0.0,0.0,0.0,2015-10-28,0,314.29,0.0,0.0,0.0,0.0
2015,10,13,2,DL,1409,N1609,11433,10397,1635,1725.0,50.0,16.0,1741.0,113.0,100.0,80.0,594,1901.0,4.0,1828,1905.0,37.0,0,0,,0.0,0.0,37.0,0.0,0.0,2015-10-13,1,0.0,0.0,74.0,0.0,0.0
2015,10,11,7,DL,2271,N941DN,14027,10397,930,929.0,-1.0,9.0,938.0,107.0,101.0,81.0,545,1059.0,11.0,1117,1110.0,-7.0,0,0,,0.0,0.0,0.0,0.0,0.0,2015-10-11,0,0.0,0.0,0.0,0.0,0.0
2015,11,14,6,UA,1728,N57862,OGG,SFO,1332,1325.0,-7.0,9.0,1334.0,296.0,289.0,273.0,2338,2007.0,7.0,2028,2014.0,-14.0,0,0,,0.0,0.0,0.0,0.0,0.0,2015-11-14,0,0.0,0.0,0.0,0.0,0.0
2015,10,23,5,UA,1547,N15751,11697,12266,1447,1440.0,-7.0,11.0,1451.0,169.0,165.0,147.0,966,1618.0,7.0,1636,1625.0,-11.0,0,0,,0.0,0.0,0.0,0.0,0.0,2015-10-23,0,0.0,0.0,0.0,0.0,0.0
2015,10,12,1,AS,846,N514AS,12758,13796,1130,1125.0,-5.0,12.0,1137.0,306.0,300.0,283.0,2378,1920.0,5.0,1936,1925.0,-11.0,0,0,,0.0,0.0,0.0,0.0,0.0,2015-10-12,0,0.0,0.0,0.0,0.0,0.0
2015,10,12,1,DL,2165,N3755D,13198,10397,650,646.0,-4.0,10.0,656.0,119.0,111.0,94.0,692,930.0,7.0,949,937.0,-12.0,0,0,,0.0,0.0,0.0,0.0,0.0,2015-10-12,0,0.0,0.0,0.0,0.0,0.0
2015,10,24,6,DL,745,N121DE,11433,14771,845,845.0,0.0,16.0,901.0,308.0,294.0,271.0,2079,1032.0,7.0,1053,1039.0,-14.0,0,0,,0.0,0.0,0.0,0.0,0.0,2015-10-24,0,0.0,0.0,0.0,0.0,0.0
2015,11,12,4,AA,1293,N3FXAA,MIA,STX,1225,1301.0,36.0,12.0,1313.0,159.0,154.0,139.0,1139,1632.0,3.0,1604,1635.0,31.0,0,0,,0.0,0.0,0.0,31.0,0.0,2015-11-12,1,0.0,0.0,0.0,86.11,0.0
2015,11,15,7,WN,2353,N423WN,SDF,DEN,1000,957.0,-3.0,11.0,1008.0,190.0,161.0,145.0,1024,1033.0,5.0,1110,1038.0,-32.0,0,0,,0.0,0.0,0.0,0.0,0.0,2015-11-15,0,0.0,0.0,0.0,0.0,0.0
2015,10,29,4,DL,2060,N967AT,10397,10980,2306,2304.0,-2.0,10.0,2314.0,48.0,39.0,26.0,106,2340.0,3.0,2354,2343.0,-11.0,0,0,,0.0,0.0,0.0,0.0,0.0,2015-10-29,0,0.0,0.0,0.0,0.0,0.0
2015,10,18,7,AS,488,N302AS,14747,14679,2120,2122.0,2.0,12.0,2134.0,153.0,150.0,135.0,1050,2349.0,3.0,2353,2352.0,-1.0,0,0,,0.0,0.0,0.0,0.0,0.0,2015-10-18,0,0.0,0.0,0.0,0.0,0.0
2015,10,18,7,AA,1898,N180US,14771,11057,1310,1314.0,4.0,16.0,1330.0,300.0,301.0,276.0,2296,2106.0,9.0,2110,2115.0,5.0,0,0,,0.0,0.0,0.0,0.0,0.0,2015-10-18,0,0.0,0.0,0.0,0.0,0.0
2015,11,19,4,OO,4657,N812SK,SEA,SJC,740,738.0,-2.0,49.0,827.0,128.0,148.0,97.0,697,1004.0,2.0,948,1006.0,18.0,0,0,,18.0,0.0,0.0,0.0,0.0,2015-11-19,0,-900.0,-0.0,-0.0,-0.0,-0.0
2015,10,20,2,MQ,3512,N506MQ,13930,11433,1141,1150.0,9.0,17.0,1207.0,83.0,73.0,46.0,235,1353.0,10.0,1404,1403.0,-1.0,0,0,,0.0,0.0,0.0,0.0,0.0,2015-10-20,0,0.0,0.0,0.0,0.0,0.0
2015,10,30,5,MQ,3479,N663MQ,13367,13930,1002,1044.0,42.0,11.0,1055.0,60.0,62.0,30.0,139,1125.0,21.0,1102,1146.0,44.0,0,0,,2.0,0.0,0.0,42.0,0.0,2015-10-30,1,4.76,0.0,0.0,100.0,0.0
2015,11,9,1,UA,327,N492UA,IAH,MSY,1540,1535.0,-5.0,18.0,1553.0,71.0,66.0,44.0,305,1637.0,4.0,1651,1641.0,-10.0,0,0,,0.0,0.0,0.0,0.0,0.0,2015-11-09,0,0.0,0.0,0.0,0.0,0.0
2015,11,14,6,AA,752,N584UW,CLT,SJU,1150,1142.0,-8.0,33.0,1215.0,225.0,224.0,185.0,1475,1620.0,6.0,1635,1626.0,-9.0,0,0,,0.0,0.0,0.0,0.0,0.0,2015-11-14,0,0.0,0.0,0.0,0.0,0.0
2015,11,9,1,OO,3454,N215AG,PDX,BUR,1220,1212.0,-8.0,12.0,1224.0,127.0,129.0,114.0,817,1418.0,3.0,1427,1421.0,-6.0,0,0,,0.0,0.0,0.0,0.0,0.0,2015-11-09,0,0.0,0.0,0.0,0.0,0.0
2015,10,17,6,EV,5248,N716EV,12945,11433,1325,1323.0,-2.0,18.0,1341.0,80.0,81.0,56.0,296,1437.0,7.0,1445,1444.0,-1.0,0,0,,0.0,0.0,0.0,0.0,0.0,2015-10-17,0,0.0,0.0,0.0,0.0,0.0
2015,10,13,2,OO,5420,N957SW,13930,13342,1920,1950.0,30.0,25.0,2015.0,49.0,50.0,20.0,67,2035.0,5.0,2009,2040.0,31.0,0,0,,1.0,0.0,0.0,30.0,0.0,2015-10-13,1,3.33,0.0,0.0,100.0,0.0
2015,11,6,5,EV,4901,N676CA,CHA,ATL,1558,1611.0,13.0,11.0,1622.0,52.0,48.0,30.0,106,1652.0,7.0,1650,1659.0,9.0,0,0,,0.0,0.0,0.0,0.0,0.0,2015-11-06,0,0.0,0.0,0.0,0.0,0.0
2015,10,20,2,EV,5566,N922EV,10397,11150,1341,1358.0,17.0,19.0,1417.0,43.0,45.0,21.0,83,1438.0,5.0,1424,1443.0,19.0,0,0,,2.0,0.0,14.0,3.0,0.0,2015-10-20,1,11.76,0.0,82.35,17.65,0.0
2015,11,2,1,UA,1205,N75853,KOA,LAX,1522,1515.0,-7.0,10.0,1525.0,327.0,324.0,296.0,2504,2221.0,18.0,2249,2239.0,-10.0,0,0,,0.0,0.0,0.0,0.0,0.0,2015-11-02,0,0.0,0.0,0.0,0.0,0.0
2015,11,6,5,MQ,3289,N697MQ,DFW,CVG,1505,1507.0,2.0,15.0,1522.0,132.0,121.0,96.0,812,1758.0,10.0,1817,1808.0,-9.0,0,0,,0.0,0.0,0.0,0.0,0.0,2015-11-06,0,0.0,0.0,0.0,0.0,0.0
2015,10,13,2,OO,4767,N603QX,12523,14747,640,1014.0,214.0,12.0,1026.0,145.0,131.0,111.0,909,1317.0,8.0,1005,1325.0,200.0,0,0,,0.0,0.0,0.0,0.0,200.0,2015-10-13,1,0.0,0.0,0.0,0.0,93.46
2015,10,12,1,OO,4730,N430SW,10397,14696,906,851.0,-15.0,12.0,903.0,116.0,106.0,90.0,566,1033.0,4.0,1102,1037.0,-25.0,0,0,,0.0,0.0,0.0,0.0,0.0,2015-10-12,0,0.0,0.0,0.0,0.0,0.0
2015,10,14,3,AA,942,N3JLAA,12478,13303,1100,1100.0,0.0,17.0,1117.0,187.0,176.0,152.0,1089,1349.0,7.0,1407,1356.0,-11.0,0,0,,0.0,0.0,0.0,0.0,0.0,2015-10-14,0,0.0,0.0,0.0,0.0,0.0
2015,10,28,3,WN,1,N274WN,14679,15376,1040,1038.0,-2.0,11.0,1049.0,75.0,66.0,51.0,368,1140.0,4.0,1155,1144.0,-11.0,0,0,,0.0,0.0,0.0,0.0,0.0,2015-10-28,0,0.0,0.0,0.0,0.0,0.0
2015,11,10,2,B6,814,N558JB,FLL,HPN,1920,1916.0,-4.0,12.0,1928.0,172.0,161.0,145.0,1097,2153.0,4.0,2212,2157.0,-15.0,0,0,,0.0,0.0,0.0,0.0,0.0,2015-11-10,0,0.0,0.0,0.0,0.0,0.0
2015,11,14,6,UA,341,N836UA,ORD,PHL,1108,1101.0,-7.0,12.0,1113.0,122.0,110.0,90.0,678,1343.0,8.0,1410,1351.0,-19.0,0,0,,0.0,0.0,0.0,0.0,0.0,2015-11-14,0,0.0,0.0,0.0,0.0,0.0
2015,10,15,4,WN,3043,N746SW,14570,12892,1100,1110.0,10.0,12.0,1122.0,85.0,83.0,63.0,391,1225.0,8.0,1225,1233.0,8.0,0,0,,0.0,0.0,0.0,0.0,0.0,2015-10-15,0,0.0,0.0,0.0,0.0,0.0
2015,11,18,3,UA,866,N67812,IAD,LAS,1735,1737.0,2.0,32.0,1809.0,320.0,314.0,276.0,2065,1945.0,6.0,1955,1951.0,-4.0,0,0,,0.0,0.0,0.0,0.0,0.0,2015-11-18,0,0.0,0.0,0.0,0.0,0.0
2015,10,23,5,WN,221,N209WN,13487,13342,1515,1518.0,3.0,11.0,1529.0,70.0,68.0,50.0,297,1619.0,7.0,1625,1626.0,1.0,0,0,,0.0,0.0,0.0,0.0,0.0,2015-10-23,0,0.0,0.0,0.0,0.0,0.0
2015,11,17,2,WN,3026,N7704B,PHX,SEA,2055,2055.0,0.0,8.0,2103.0,190.0,191.0,179.0,1107,2302.0,4.0,2305,2306.0,1.0,0,0,,0.0,0.0,0.0,0.0,0.0,2015-11-17,0,0.0,0.0,0.0,0.0,0.0
2015,10,24,6,AS,475,N536AS,12892,14747,1010,1009.0,-1.0,16.0,1025.0,165.0,172.0,148.0,954,1253.0,8.0,1255,1301.0,6.0,0,0,,0.0,0.0,0.0,0.0,0.0,2015-10-24,0,0.0,0.0,0.0,0.0,0.0
2015,10,17,6,DL,2336,N820DN,13487,13342,1945,1941.0,-4.0,17.0,1958.0,72.0,66.0,43.0,297,2041.0,6.0,2057,2047.0,-10.0,0,0,,0.0,0.0,0.0,0.0,0.0,2015-10-17,0,0.0,0.0,0.0,0.0,0.0
2015,10,29,4,B6,1347,N516JB,11278,14843,859,1011.0,72.0,13.0,1024.0,235.0,210.0,193.0,1554,1337.0,4.0,1254,1341.0,47.0,0,0,,0.0,0.0,47.0,0.0,0.0,2015-10-29,1,0.0,0.0,65.28,0.0,0.0
2015,11,19,4,MQ,3256,N601MQ,AZO,ORD,602,553.0,-9.0,15.0,608.0,69.0,49.0,29.0,122,537.0,5.0,611,542.0,-29.0,0,0,,0.0,0.0,0.0,0.0,0.0,2015-11-19,0,0.0,0.0,0.0,0.0,0.0
2015,10,29,4,MQ,3510,N669MQ,13303,11624,1350,1337.0,-13.0,16.0,1353.0,48.0,45.0,26.0,125,1419.0,3.0,1438,1422.0,-16.0,0,0,,0.0,0.0,0.0,0.0,0.0,2015-10-29,0,0.0,0.0,0.0,0.0,0.0
2015,10,22,4,WN,411,N205WN,14908,14747,1100,1057.0,-3.0,5.0,1102.0,170.0,155.0,142.0,978,1324.0,8.0,1350,1332.0,-18.0,0,0,,0.0,0.0,0.0,0.0,0.0,2015-10-22,0,0.0,0.0,0.0,0.0,0.0
2015,10,28,3,AA,1264,N3FMAA,11298,10721,905,904.0,-1.0,24.0,928.0,226.0,209.0,179.0,1562,1327.0,6.0,1351,1333.0,-18.0,0,0,,0.0,0.0,0.0,0.0,0.0,2015-10-28,0,0.0,0.0,0.0,0.0,0.0
2015,11,16,1,AA,1810,N195UW,ORD,CLT,1030,1025.0,-5.0,15.0,1040.0,118.0,104.0,79.0,599,1259.0,10.0,1328,1309.0,-19.0,0,0,,0.0,0.0,0.0,0.0,0.0,2015-11-16,0,0.0,0.0,0.0,0.0,0.0
2015,11,19,4,WN,2149,N776WN,OAK,SNA,1635,1649.0,14.0,6.0,1655.0,80.0,73.0,64.0,371,1759.0,3.0,1755,1802.0,7.0,0,0,,0.0,0.0,0.0,0.0,0.0,2015-11-19,0,0.0,0.0,0.0,0.0,0.0
2015,10,23,5,OO,5628,N732SK,14771,14908,912,1001.0,49.0,16.0,1017.0,94.0,84.0,64.0,372,1121.0,4.0,1046,1125.0,39.0,0,0,,0.0,0.0,38.0,1.0,0.0,2015-10-23,1,0.0,0.0,77.55,2.04,0.0
2015,11,17,2,AA,861,N194UW,CLT,ATL,2025,2042.0,17.0,12.0,2054.0,75.0,65.0,47.0,226,2141.0,6.0,2140,2147.0,7.0,0,0,,0.0,0.0,0.0,0.0,0.0,2015-11-17,1,0.0,0.0,0.0,0.0,0.0
2015,11,19,4,WN,41,N207WN,DEN,STL,2025,2038.0,13.0,8.0,2046.0,115.0,96.0,84.0,770,2310.0,4.0,2320,2314.0,-6.0,0,0,,0.0,0.0,0.0,0.0,0.0,2015-11-19,0,0.0,0.0,0.0,0.0,0.0
2015,10,11,7,NK,877,N503NK,10397,11697,1010,1102.0,52.0,17.0,1119.0,110.0,107.0,84.0,581,1243.0,6.0,1200,1249.0,49.0,0,0,,49.0,0.0,0.0,0.0,0.0,2015-10-11,1,94.23,0.0,0.0,0.0,0.0
2015,11,4,3,MQ,3167,N668MQ,ORD,LIT,1642,1639.0,-3.0,9.0,1648.0,120.0,98.0,84.0,552,1812.0,5.0,1842,1817.0,-25.0,0,0,,0.0,0.0,0.0,0.0,0.0,2015-11-04,0,0.0,0.0,0.0,0.0,0.0
2015,10,22,4,AA,1830,N752US,11697,11057,620,614.0,-6.0,13.0,627.0,117.0,128.0,109.0,632,816.0,6.0,817,822.0,5.0,0,0,,0.0,0.0,0.0,0.0,0.0,2015-10-22,0,0.0,0.0,0.0,0.0,0.0
2015,10,18,7,AA,667,N602AW,14107,14908,1355,1353.0,-2.0,11.0,1404.0,78.0,79.0,60.0,338,1504.0,8.0,1513,1512.0,-1.0,0,0,,0.0,0.0,0.0,0.0,0.0,2015-10-18,0,0.0,0.0,0.0,0.0,0.0
2015,11,5,4,OO,4752,N802SK,SLC,EUG,2150,2148.0,-2.0,14.0,2202.0,123.0,104.0,87.0,618,2229.0,3.0,2253,2232.0,-21.0,0,0,,0.0,0.0,0.0,0.0,0.0,2015-11-05,0,0.0,0.0,0.0,0.0,0.0
2015,10,13,2,F9,1270,N202FR,12892,13930,35,24.0,-11.0,16.0,40.0,245.0,260.0,228.0,1744,628.0,16.0,640,644.0,4.0,0,0,,0.0,0.0,0.0,0.0,0.0,2015-10-13,0,0.0,0.0,0.0,0.0,0.0
2015,11,17,2,DL,1293,N991DL,ATL,MSY,1450,1449.0,-1.0,22.0,1511.0,99.0,105.0,72.0,425,1523.0,11.0,1529,1534.0,5.0,0,0,,0.0,0.0,0.0,0.0,0.0,2015-11-17,0,0.0,0.0,0.0,0.0,0.0
2015,11,7,6,AS,669,N528AS,DEN,SEA,700,655.0,-5.0,21.0,716.0,185.0,181.0,144.0,1024,840.0,16.0,905,856.0,-9.0,0,0,,0.0,0.0,0.0,0.0,0.0,2015-11-07,0,0.0,0.0,0.0,0.0,0.0
2015,10,27,2,AA,1106,N3HKAA,10821,11298,1830,1828.0,-2.0,18.0,1846.0,210.0,209.0,174.0,1217,2040.0,17.0,2100,2057.0,-3.0,0,0,,0.0,0.0,0.0,0.0,0.0,2015-10-27,0,0.0,0.0,0.0,0.0,0.0
2015,11,1,7,AS,699,N305AS,GEG,SEA,600,550.0,-10.0,13.0,603.0,65.0,75.0,49.0,224,652.0,13.0,705,705.0,0.0,0,0,,0.0,0.0,0.0,0.0,0.0,2015-11-01,0,0.0,0.0,0.0,0.0,0.0
2015,11,18,3,NK,610,N638NK,FLL,BOS,705,702.0,-3.0,11.0,713.0,187.0,190.0,168.0,1237,1001.0,11.0,1012,1012.0,0.0,0,0,,0.0,0.0,0.0,0.0,0.0,2015-11-18,0,0.0,0.0,0.0,0.0,0.0
2015,11,13,5,AA,1917,N199UW,PHL,LAX,940,933.0,-7.0,13.0,946.0,374.0,355.0,332.0,2402,1218.0,10.0,1254,1228.0,-26.0,0,0,,0.0,0.0,0.0,0.0,0.0,2015-11-13,0,0.0,0.0,0.0,0.0,0.0
2015,10,13,2,OO,4624,N807SK,11638,14869,615,611.0,-4.0,14.0,625.0,101.0,94.0,73.0,501,838.0,7.0,856,845.0,-11.0,0,0,,0.0,0.0,0.0,0.0,0.0,2015-10-13,0,0.0,0.0,0.0,0.0,0.0
2015,11,18,3,AA,2062,N572UW,CLT,LGA,755,748.0,-7.0,27.0,815.0,114.0,118.0,83.0,544,938.0,8.0,949,946.0,-3.0,0,0,,0.0,0.0,0.0,0.0,0.0,2015-11-18,0,0.0,0.0,0.0,0.0,0.0
2015,11,15,7,AA,1746,N536UW,PHL,MCO,1130,1144.0,14.0,11.0,1155.0,159.0,142.0,123.0,861,1358.0,8.0,1409,1406.0,-3.0,0,0,,0.0,0.0,0.0,0.0,0.0,2015-11-15,0,0.0,0.0,0.0,0.0,0.0
2015,11,17,2,F9,782,N221FR,LAS,DEN,600,706.0,66.0,16.0,722.0,110.0,120.0,97.0,628,959.0,7.0,850,1006.0,76.0,0,0,,76.0,0.0,0.0,0.0,0.0,2015-11-17,1,115.15,0.0,0.0,0.0,0.0
2015,11,18,3,B6,1734,N348JB,JFK,BTV,1309,1303.0,-6.0,16.0,1319.0,75.0,62.0,43.0,266,1402.0,3.0,1424,1405.0,-19.0,0,0,,0.0,0.0,0.0,0.0,0.0,2015-11-18,0,0.0,0.0,0.0,0.0,0.0
2015,10,11,7,OO,5492,N786SK,13930,11109,905,905.0,0.0,14.0,919.0,153.0,141.0,122.0,911,1021.0,5.0,1038,1026.0,-12.0,0,0,,0.0,0.0,0.0,0.0,0.0,2015-10-11,0,0.0,0.0,0.0,0.0,0.0
2015,10,18,7,OO,4514,N443SW,15376,14869,1622,1620.0,-2.0,31.0,1651.0,116.0,135.0,95.0,601,1926.0,9.0,1918,1935.0,17.0,0,0,,17.0,0.0,0.0,0.0,0.0,2015-10-18,0,-850.0,-0.0,-0.0,-0.0,-0.0
2015,10,15,4,WN,173,N7748A,14893,14679,1725,1735.0,10.0,9.0,1744.0,85.0,80.0,69.0,480,1853.0,2.0,1850,1855.0,5.0,0,0,,0.0,0.0,0.0,0.0,0.0,2015-10-15,0,0.0,0.0,0.0,0.0,0.0
2015,11,5,4,UA,203,N13716,ORD,MSP,905,902.0,-3.0,21.0,923.0,97.0,90.0,65.0,334,1028.0,4.0,1042,1032.0,-10.0,0,0,,0.0,0.0,0.0,0.0,0.0,2015-11-05,0,0.0,0.0,0.0,0.0,0.0
2015,11,14,6,OO,2893,N435SW,SLC,LAX,1704,1659.0,-5.0,16.0,1715.0,126.0,115.0,86.0,590,1741.0,13.0,1810,1754.0,-16.0,0,0,,0.0,0.0,0.0,0.0,0.0,2015-11-14,0,0.0,0.0,0.0,0.0,0.0
2015,11,4,3,B6,1002,N709JB,FLL,JFK,1058,1055.0,-3.0,13.0,1108.0,166.0,153.0,137.0,1069,1325.0,3.0,1344,1328.0,-16.0,0,0,,0.0,0.0,0.0,0.0,0.0,2015-11-04,0,0.0,0.0,0.0,0.0,0.0
2015,10,24,6,WN,1394,N482WN,10792,11697,635,630.0,-5.0,9.0,639.0,180.0,162.0,150.0,1166,909.0,3.0,935,912.0,-23.0,0,0,,0.0,0.0,0.0,0.0,0.0,2015-10-24,0,0.0,0.0,0.0,0.0,0.0
2015,11,16,1,B6,1380,N624JB,FLL,DCA,750,745.0,-5.0,14.0,759.0,143.0,135.0,119.0,899,958.0,2.0,1013,1000.0,-13.0,0,0,,0.0,0.0,0.0,0.0,0.0,2015-11-16,0,0.0,0.0,0.0,0.0,0.0
2015,11,17,2,WN,548,N391SW,BWI,JAX,1625,1628.0,3.0,20.0,1648.0,125.0,123.0,97.0,663,1825.0,6.0,1830,1831.0,1.0,0,0,,0.0,0.0,0.0,0.0,0.0,2015-11-17,0,0.0,0.0,0.0,0.0,0.0
2015,10,17,6,WN,4255,N234WN,14747,13796,1115,1114.0,-1.0,24.0,1138.0,125.0,132.0,104.0,672,1322.0,4.0,1320,1326.0,6.0,0,0,,0.0,0.0,0.0,0.0,0.0,2015-10-17,0,0.0,0.0,0.0,0.0,0.0
2015,11,12,4,B6,843,N216JB,DCA,CHS,1019,1019.0,0.0,21.0,1040.0,98.0,100.0,75.0,444,1155.0,4.0,1157,1159.0,2.0,0,0,,0.0,0.0,0.0,0.0,0.0,2015-11-12,0,0.0,0.0,0.0,0.0,0.0
2015,10,31,6,OO,4971,N763SK,15016,12266,1451,1505.0,14.0,40.0,1545.0,125.0,158.0,114.0,667,1739.0,4.0,1656,1743.0,47.0,0,0,,33.0,0.0,14.0,0.0,0.0,2015-10-31,0,235.71,0.0,100.0,0.0,0.0
2015,10,20,2,AA,754,N914UY,12892,14100,845,840.0,-5.0,36.0,916.0,321.0,337.0,294.0,2402,1710.0,7.0,1706,1717.0,11.0,0,0,,0.0,0.0,0.0,0.0,0.0,2015-10-20,0,0.0,0.0,0.0,0.0,0.0
2015,10,27,2,UA,302,N457UA,11298,13930,1418,1413.0,-5.0,16.0,1429.0,143.0,161.0,105.0,802,1614.0,40.0,1641,1654.0,13.0,0,0,,0.0,0.0,0.0,0.0,0.0,2015-10-27,0,0.0,0.0,0.0,0.0,0.0
2015,10,17,6,EV,3950,N12996,14122,13930,1035,1024.0,-11.0,17.0,1041.0,103.0,95.0,72.0,413,1053.0,6.0,1118,1059.0,-19.0,0,0,,0.0,0.0,0.0,0.0,0.0,2015-10-17,0,0.0,0.0,0.0,0.0,0.0
2015,10,21,3,EV,4905,N753EV,11982,10397,600,555.0,-5.0,15.0,610.0,130.0,125.0,98.0,803,848.0,12.0,910,900.0,-10.0,0,0,,0.0,0.0,0.0,0.0,0.0,2015-10-21,0,0.0,0.0,0.0,0.0,0.0
2015,11,17,2,UA,1782,N76288,LGA,IAH,1451,1447.0,-4.0,37.0,1524.0,256.0,266.0,217.0,1416,1801.0,12.0,1807,1813.0,6.0,0,0,,0.0,0.0,0.0,0.0,0.0,2015-11-17,0,0.0,0.0,0.0,0.0,0.0
2015,11,4,3,AA,2170,N754UW,DCA,BOS,1130,1123.0,-7.0,11.0,1134.0,86.0,74.0,57.0,399,1231.0,6.0,1256,1237.0,-19.0,0,0,,0.0,0.0,0.0,0.0,0.0,2015-11-04,0,0.0,0.0,0.0,0.0,0.0
2015,10,31,6,WN,220,N370SW,14771,12889,1540,1539.0,-1.0,7.0,1546.0,90.0,84.0,60.0,414,1646.0,17.0,1710,1703.0,-7.0,0,0,,0.0,0.0,0.0,0.0,0.0,2015-10-31,0,0.0,0.0,0.0,0.0,0.0
2015,10,28,3,EV,4442,N17169,12266,12177,1800,1752.0,-8.0,31.0,1823.0,103.0,107.0,73.0,501,1836.0,3.0,1843,1839.0,-4.0,0,0,,0.0,0.0,0.0,0.0,0.0,2015-10-28,0,0.0,0.0,0.0,0.0,0.0
2015,11,7,6,OO,6360,N973SW,SMX,SFO,1415,1403.0,-12.0,4.0,1407.0,65.0,50.0,42.0,216,1449.0,4.0,1520,1453.0,-27.0,0,0,,0.0,0.0,0.0,0.0,0.0,2015-11-07,0,0.0,0.0,0.0,0.0,0.0
2015,10,13,2,EV,3838,N16919,13930,14574,1410,1411.0,1.0,21.0,1432.0,105.0,103.0,77.0,531,1649.0,5.0,1655,1654.0,-1.0,0,0,,0.0,0.0,0.0,0.0,0.0,2015-10-13,0,0.0,0.0,0.0,0.0,0.0
2015,11,19,4,EV,2795,N902EV,ICT,DFW,1420,1508.0,48.0,12.0,1520.0,90.0,75.0,55.0,328,1615.0,8.0,1550,1623.0,33.0,0,0,,0.0,0.0,0.0,33.0,0.0,2015-11-19,1,0.0,0.0,0.0,68.75,0.0
2015,10,20,2,WN,1154,N7704B,13495,10693,850,849.0,-1.0,7.0,856.0,85.0,79.0,66.0,471,1002.0,6.0,1015,1008.0,-7.0,0,0,,0.0,0.0,0.0,0.0,0.0,2015-10-20,0,0.0,0.0,0.0,0.0,0.0
2015,10,27,2,AA,266,N5DHAA,12982,12892,1351,1341.0,-10.0,10.0,1351.0,334.0,330.0,292.0,2615,2143.0,28.0,2225,2211.0,-14.0,0,0,,0.0,0.0,0.0,0.0,0.0,2015-10-27,0,0.0,0.0,0.0,0.0,0.0
2015,10,24,6,AA,2030,N965UW,13495,14100,855,850.0,-5.0,39.0,929.0,166.0,178.0,132.0,1089,1241.0,7.0,1241,1248.0,7.0,0,0,,0.0,0.0,0.0,0.0,0.0,2015-10-24,0,0.0,0.0,0.0,0.0,0.0
2015,10,11,7,NK,939,N618NK,12266,12889,2105,2101.0,-4.0,10.0,2111.0,187.0,180.0,162.0,1222,2153.0,8.0,2212,2201.0,-11.0,0,0,,0.0,0.0,0.0,0.0,0.0,2015-10-11,0,0.0,0.0,0.0,0.0,0.0
2015,10,16,5,DL,1376,N938DL,10397,13871,2116,2114.0,-2.0,27.0,2141.0,151.0,152.0,119.0,821,2240.0,6.0,2247,2246.0,-1.0,0,0,,0.0,0.0,0.0,0.0,0.0,2015-10-16,0,0.0,0.0,0.0,0.0,0.0
2015,11,16,1,WN,363,N477WN,BWI,MDW,1400,1404.0,4.0,25.0,1429.0,125.0,124.0,95.0,611,1504.0,4.0,1505,1508.0,3.0,0,0,,0.0,0.0,0.0,0.0,0.0,2015-11-16,0,0.0,0.0,0.0,0.0,0.0
2015,11,9,1,UA,1958,N77867,SFO,IAH,854,1002.0,68.0,22.0,1024.0,230.0,210.0,182.0,1635,1526.0,6.0,1444,1532.0,48.0,0,0,,0.0,0.0,0.0,0.0,48.0,2015-11-09,1,0.0,0.0,0.0,0.0,70.59
2015,11,8,7,DL,768,N917DL,ATL,PBI,1356,1435.0,39.0,9.0,1444.0,110.0,95.0,83.0,545,1607.0,3.0,1546,1610.0,24.0,0,0,,0.0,0.0,10.0,14.0,0.0,2015-11-08,1,0.0,0.0,25.64,35.9,0.0
2015,11,12,4,AA,244,N3JDAA,SNA,DFW,800,807.0,7.0,12.0,819.0,176.0,167.0,143.0,1205,1242.0,12.0,1256,1254.0,-2.0,0,0,,0.0,0.0,0.0,0.0,0.0,2015-11-12,0,0.0,0.0,0.0,0.0,0.0
2015,11,19,4,VX,769,N836VA,LGA,DAL,1855,2251.0,236.0,15.0,2306.0,235.0,225.0,202.0,1381,128.0,8.0,2150,136.0,226.0,0,0,,0.0,0.0,0.0,226.0,0.0,2015-11-19,1,0.0,0.0,0.0,95.76,0.0
2015,10,14,3,WN,1889,N7707C,14570,12889,1025,1031.0,6.0,10.0,1041.0,75.0,69.0,52.0,345,1133.0,7.0,1140,1140.0,0.0,0,0,,0.0,0.0,0.0,0.0,0.0,2015-10-14,0,0.0,0.0,0.0,0.0,0.0
2015,11,12,4,DL,1809,N829DN,DTW,SLC,838,836.0,-2.0,25.0,901.0,246.0,236.0,209.0,1481,1030.0,2.0,1044,1032.0,-12.0,0,0,,0.0,0.0,0.0,0.0,0.0,2015-11-12,0,0.0,0.0,0.0,0.0,0.0
2015,10,19,1,UA,1897,N76528,11292,12889,2203,2156.0,-7.0,11.0,2207.0,119.0,104.0,88.0,628,2235.0,5.0,2302,2240.0,-22.0,0,0,,0.0,0.0,0.0,0.0,0.0,2015-10-19,0,0.0,0.0,0.0,0.0,0.0
2015,10,15,4,WN,2254,N263WN,13487,13232,715,710.0,-5.0,10.0,720.0,90.0,74.0,60.0,349,820.0,4.0,845,824.0,-21.0,0,0,,0.0,0.0,0.0,0.0,0.0,2015-10-15,0,0.0,0.0,0.0,0.0,0.0
2015,10,25,7,DL,1740,N379DA,12889,14869,1402,1407.0,5.0,11.0,1418.0,78.0,67.0,53.0,368,1611.0,3.0,1620,1614.0,-6.0,0,0,,0.0,0.0,0.0,0.0,0.0,2015-10-25,0,0.0,0.0,0.0,0.0,0.0
2015,11,10,2,AA,1566,N3MBAA,SAN,ORD,630,624.0,-6.0,32.0,656.0,249.0,232.0,178.0,1723,1154.0,22.0,1239,1216.0,-23.0,0,0,,0.0,0.0,0.0,0.0,0.0,2015-11-10,0,0.0,0.0,0.0,0.0,0.0
2015,11,2,1,OO,6272,N932EV,DEN,BIS,1412,1419.0,7.0,17.0,1436.0,100.0,88.0,68.0,516,1644.0,3.0,1652,1647.0,-5.0,0,0,,0.0,0.0,0.0,0.0,0.0,2015-11-02,0,0.0,0.0,0.0,0.0,0.0
2015,11,18,3,DL,392,N373NW,ATL,ORD,1456,1816.0,200.0,36.0,1852.0,129.0,133.0,91.0,606,1923.0,6.0,1605,1929.0,204.0,0,0,,193.0,0.0,0.0,11.0,0.0,2015-11-18,1,96.5,0.0,0.0,5.5,0.0
2015,11,4,3,WN,1531,N8640D,AUS,MCO,1725,1813.0,48.0,12.0,1825.0,145.0,145.0,127.0,994,2132.0,6.0,2050,2138.0,48.0,0,0,,0.0,0.0,0.0,48.0,0.0,2015-11-04,1,0.0,0.0,0.0,100.0,0.0
2015,10,30,5,AA,2017,N111US,11057,12478,1423,1422.0,-1.0,15.0,1437.0,109.0,99.0,78.0,541,1555.0,6.0,1612,1601.0,-11.0,0,0,,0.0,0.0,0.0,0.0,0.0,2015-10-30,0,0.0,0.0,0.0,0.0,0.0
2015,11,14,6,OO,6390,N967SW,BNA,ORD,1312,1306.0,-6.0,16.0,1322.0,104.0,99.0,75.0,409,1437.0,8.0,1456,1445.0,-11.0,0,0,,0.0,0.0,0.0,0.0,0.0,2015-11-14,0,0.0,0.0,0.0,0.0,0.0
2015,10,29,4,OO,6264,N983SW,14771,11638,1328,1323.0,-5.0,25.0,1348.0,62.0,60.0,31.0,158,1419.0,4.0,1430,1423.0,-7.0,0,0,,0.0,0.0,0.0,0.0,0.0,2015-10-29,0,0.0,0.0,0.0,0.0,0.0
2015,10,29,4,EV,2759,N879AS,15401,11298,1820,1808.0,-12.0,9.0,1817.0,65.0,57.0,35.0,181,1852.0,13.0,1925,1905.0,-20.0,0,0,,0.0,0.0,0.0,0.0,0.0,2015-10-29,0,0.0,0.0,0.0,0.0,0.0
2015,10,22,4,WN,1456,N280WN,14831,11292,1320,1326.0,6.0,12.0,1338.0,145.0,147.0,130.0,948,1648.0,5.0,1645,1653.0,8.0,0,0,,0.0,0.0,0.0,0.0,0.0,2015-10-22,0,0.0,0.0,0.0,0.0,0.0
