YEAR,MONTH,DAY,DAY_OF_WEEK,AIRLINE,FLIGHT_NUMBER,TAIL_NUMBER,ORIGIN_AIRPORT,DESTINATION_AIRPORT,SCHEDULED_DEPARTURE,DEPARTURE_TIME,DEPARTURE_DELAY,TAXI_OUT,WHEELS_OFF,SCHEDULED_TIME,ELAPSED_TIME,AIR_TIME,DISTANCE,WHEELS_ON,TAXI_IN,SCHEDULED_ARRIVAL,ARRIVAL_TIME,ARRIVAL_DELAY,DIVERTED,CANCELLED,CANCELLATION_REASON,AIR_SYSTEM_DELAY,SECURITY_DELAY,AIRLINE_DELAY,LATE_AIRCRAFT_DELAY,WEATHER_DELAY,date,flight_depart_delayed,AIR_SYSTEM_DELAY_pct,SECURITY_DELAY_pct,AIRLINE_DELAY_pct,LATE_AIRCRAFT_DELAY_pct,WEATHER_DELAY_pct
2015,3,28,6,WN,1384,N775SW,BNA,CLE,1900,1914.0,14.0,11.0,1925.0,85.0,84.0,68.0,448,2133.0,5.0,2125,2138.0,13.0,0,0,,0.0,0.0,0.0,0.0,0.0,2015-03-28,0,0.0,0.0,0.0,0.0,0.0
2015,4,13,1,EV,4338,N14162,CMH,IAH,1430,1436.0,6.0,10.0,1446.0,177.0,162.0,141.0,986,1607.0,11.0,1627,1618.0,-9.0,0,0,,0.0,0.0,0.0,0.0,0.0,2015-04-13,0,0.0,0.0,0.0,0.0,0.0
2015,5,2,6,OO,5309,N916SW,DEN,GCC,1915,1903.0,-12.0,15.0,1918.0,79.0,64.0,44.0,313,2002.0,5.0,2034,2007.0,-27.0,0,0,,0.0,0.0,0.0,0.0,0.0,2015-05-02,0,0.0,0.0,0.0,0.0,0.0
2015,3,29,7,B6,1042,N594JB,SAV,JFK,1807,1807.0,0.0,16.0,1823.0,136.0,138.0,112.0,718,2015.0,10.0,2023,2025.0,2.0,0,0,,0.0,0.0,0.0,0.0,0.0,2015-03-29,0,0.0,0.0,0.0,0.0,0.0
2015,4,17,5,WN,560,N357SW,BNA,MCI,2150,2203.0,13.0,7.0,2210.0,95.0,82.0,70.0,491,2320.0,5.0,2325,2325.0,0.0,0,0,,0.0,0.0,0.0,0.0,0.0,2015-04-17,0,0.0,0.0,0.0,0.0,0.0
2015,4,13,1,WN,555,N8319F,MDW,OAK,1940,2040.0,60.0,8.0,2048.0,280.0,265.0,252.0,1844,2300.0,5.0,2220,2305.0,45.0,0,0,,0.0,0.0,0.0,45.0,0.0,2015-04-13,1,0.0,0.0,0.0,75.0,0.0
2015,4,2,4,US,1745,N762US,CLT,PIT,1630,1630.0,0.0,17.0,1647.0,86.0,83.0,60.0,366,1747.0,6.0,1756,1753.0,-3.0,0,0,,0.0,0.0,0.0,0.0,0.0,2015-04-02,0,0.0,0.0,0.0,0.0,0.0
2015,4,24,5,DL,1993,N803DN,JAX,ATL,620,620.0,0.0,9.0,629.0,69.0,66.0,52.0,270,721.0,5.0,729,726.0,-3.0,0,0,,0.0,0.0,0.0,0.0,0.0,2015-04-24,0,0.0,0.0,0.0,0.0,0.0
2015,4,29,3,DL,2190,N393DA,JFK,MIA,800,756.0,-4.0,42.0,838.0,206.0,216.0,166.0,1089,1124.0,8.0,1126,1132.0,6.0,0,0,,0.0,0.0,0.0,0.0,0.0,2015-04-29,0,0.0,0.0,0.0,0.0,0.0
2015,4,15,3,EV,4137,N15983,RIC,ORD,1353,1343.0,-10.0,14.0,1357.0,126.0,131.0,110.0,642,1447.0,7.0,1459,1454.0,-5.0,0,0,,0.0,0.0,0.0,0.0,0.0,2015-04-15,0,0.0,0.0,0.0,0.0,0.0
2015,4,10,5,MQ,3321,N616MQ,DFW,MSN,730,729.0,-1.0,25.0,754.0,139.0,131.0,100.0,821,934.0,6.0,949,940.0,-9.0,0,0,,0.0,0.0,0.0,0.0,0.0,2015-04-10,0,0.0,0.0,0.0,0.0,0.0
2015,4,12,7,WN,1060,N8307K,DEN,MCO,1820,1813.0,-7.0,10.0,1823.0,215.0,209.0,189.0,1546,2332.0,10.0,2355,2342.0,-13.0,0,0,,0.0,0.0,0.0,0.0,0.0,2015-04-12,0,0.0,0.0,0.0,0.0,0.0
2015,4,18,6,NK,380,N630NK,FLL,DTW,2022,2033.0,11.0,10.0,2043.0,178.0,160.0,145.0,1127,2308.0,5.0,2320,2313.0,-7.0,0,0,,0.0,0.0,0.0,0.0,0.0,2015-04-18,0,0.0,0.0,0.0,0.0,0.0
2015,4,27,1,WN,2849,N221WN,MCO,ALB,2215,2210.0,-5.0,11.0,2221.0,160.0,149.0,134.0,1073,35.0,4.0,55,39.0,-16.0,0,0,,0.0,0.0,0.0,0.0,0.0,2015-04-27,0,0.0,0.0,0.0,0.0,0.0
2015,3,27,5,EV,5909,N14148,GRR,ORD,1658,1808.0,70.0,20.0,1828.0,60.0,73.0,37.0,137,1805.0,16.0,1658,1821.0,83.0,0,0,,13.0,0.0,8.0,62.0,0.0,2015-03-27,1,18.57,0.0,11.43,88.57,0.0
2015,4,8,3,WN,1004,N718SW,ATL,MDW,2255,2251.0,-4.0,10.0,2301.0,120.0,108.0,92.0,591,2333.0,6.0,2355,2339.0,-16.0,0,0,,0.0,0.0,0.0,0.0,0.0,2015-04-08,0,0.0,0.0,0.0,0.0,0.0
2015,4,27,1,DL,974,N940DN,DTW,MKE,835,830.0,-5.0,17.0,847.0,68.0,69.0,47.0,237,834.0,5.0,843,839.0,-4.0,0,0,,0.0,0.0,0.0,0.0,0.0,2015-04-27,0,0.0,0.0,0.0,0.0,0.0
2015,4,27,1,OO,5592,N978SW,CPR,DEN,600,553.0,-7.0,17.0,610.0,66.0,69.0,47.0,230,657.0,5.0,706,702.0,-4.0,0,0,,0.0,0.0,0.0,0.0,0.0,2015-04-27,0,0.0,0.0,0.0,0.0,0.0
2015,3,26,4,OO,7403,N455SW,HIB,INL,2114,2107.0,-7.0,13.0,2120.0,49.0,44.0,21.0,86,2141.0,10.0,2203,2151.0,-12.0,0,0,,0.0,0.0,0.0,0.0,0.0,2015-03-26,0,0.0,0.0,0.0,0.0,0.0
2015,3,27,5,EV,5888,N14168,BOS,CLE,936,932.0,-4.0,26.0,958.0,138.0,146.0,115.0,563,1153.0,5.0,1154,1158.0,4.0,0,0,,0.0,0.0,0.0,0.0,0.0,2015-03-27,0,0.0,0.0,0.0,0.0,0.0
2015,4,1,3,AS,868,N569AS,OGG,SEA,1230,1232.0,2.0,18.0,1250.0,335.0,342.0,315.0,2640,2105.0,9.0,2105,2114.0,9.0,0,0,,0.0,0.0,0.0,0.0,0.0,2015-04-01,0,0.0,0.0,0.0,0.0,0.0
2015,3,30,1,DL,2386,N323US,ATL,LGA,2140,2200.0,20.0,17.0,2217.0,134.0,120.0,96.0,762,2353.0,7.0,2354,2400.0,6.0,0,0,,0.0,0.0,0.0,0.0,0.0,2015-03-30,1,0.0,0.0,0.0,0.0,0.0
2015,4,19,7,AA,2493,N3BBAA,SJU,MIA,1445,1436.0,-9.0,10.0,1446.0,175.0,160.0,136.0,1045,1702.0,14.0,1740,1716.0,-24.0,0,0,,0.0,0.0,0.0,0.0,0.0,2015-04-19,0,0.0,0.0,0.0,0.0,0.0
2015,4,12,7,DL,1336,N315NB,SLC,RNO,1105,1102.0,-3.0,17.0,1119.0,85.0,85.0,63.0,422,1122.0,5.0,1130,1127.0,-3.0,0,0,,0.0,0.0,0.0,0.0,0.0,2015-04-12,0,0.0,0.0,0.0,0.0,0.0
2015,4,14,2,DL,936,N319NB,MSP,STL,705,702.0,-3.0,13.0,715.0,88.0,79.0,63.0,448,818.0,3.0,833,821.0,-12.0,0,0,,0.0,0.0,0.0,0.0,0.0,2015-04-14,0,0.0,0.0,0.0,0.0,0.0
2015,4,1,3,US,566,N190UW,PHX,MCO,1215,1212.0,-3.0,26.0,1238.0,244.0,252.0,218.0,1849,1916.0,8.0,1919,1924.0,5.0,0,0,,0.0,0.0,0.0,0.0,0.0,2015-04-01,0,0.0,0.0,0.0,0.0,0.0
2015,4,11,6,B6,971,N526JB,LGA,FLL,1055,1055.0,0.0,27.0,1122.0,193.0,187.0,148.0,1076,1350.0,12.0,1408,1402.0,-6.0,0,0,,0.0,0.0,0.0,0.0,0.0,2015-04-11,0,0.0,0.0,0.0,0.0,0.0
2015,3,30,1,AS,664,N403AS,SEA,DFW,1315,1316.0,1.0,14.0,1330.0,225.0,216.0,194.0,1660,1844.0,8.0,1900,1852.0,-8.0,0,0,,0.0,0.0,0.0,0.0,0.0,2015-03-30,0,0.0,0.0,0.0,0.0,0.0
2015,4,17,5,EV,4936,N867AS,MOB,ATL,1938,1933.0,-5.0,18.0,1951.0,70.0,76.0,46.0,302,2137.0,12.0,2148,2149.0,1.0,0,0,,0.0,0.0,0.0,0.0,0.0,2015-04-17,0,0.0,0.0,0.0,0.0,0.0
2015,4,8,3,AS,150,N584AS,ANC,LAX,2340,2336.0,-4.0,17.0,2353.0,312.0,318.0,294.0,2345,547.0,7.0,552,554.0,2.0,0,0,,0.0,0.0,0.0,0.0,0.0,2015-04-08,0,0.0,0.0,0.0,0.0,0.0
2015,3,31,2,AA,220,N853AA,TPA,MIA,1915,1908.0,-7.0,12.0,1920.0,65.0,64.0,42.0,204,2002.0,10.0,2020,2012.0,-8.0,0,0,,0.0,0.0,0.0,0.0,0.0,2015-03-31,0,0.0,0.0,0.0,0.0,0.0
2015,4,11,6,UA,1209,N34460,PHX,EWR,600,606.0,6.0,11.0,617.0,302.0,258.0,239.0,2133,1316.0,8.0,1402,1324.0,-38.0,0,0,,0.0,0.0,0.0,0.0,0.0,2015-04-11,0,0.0,0.0,0.0,0.0,0.0
2015,4,1,3,US,492,N105UW,PHL,DFW,2030,2032.0,2.0,21.0,2053.0,218.0,226.0,192.0,1303,2305.0,13.0,2308,2318.0,10.0,0,0,,0.0,0.0,0.0,0.0,0.0,2015-04-01,0,0.0,0.0,0.0,0.0,0.0
2015,4,23,4,WN,336,N916WN,MSY,MCI,1050,1100.0,10.0,13.0,1113.0,115.0,121.0,103.0,689,1256.0,5.0,1245,1301.0,16.0,0,0,,6.0,0.0,2.0,8.0,0.0,2015-04-23,0,60.0,0.0,20.0,80.0,0.0
2015,4,21,2,DL,1120,N945DL,BDL,DTW,905,859.0,-6.0,8.0,907.0,117.0,104.0,86.0,549,1033.0,10.0,1102,1043.0,-19.0,0,0,,0.0,0.0,0.0,0.0,0.0,2015-04-21,0,0.0,0.0,0.0,0.0,0.0
2015,4,30,4,DL,809,N353NW,BOS,MSP,600,553.0,-7.0,21.0,614.0,202.0,189.0,157.0,1124,751.0,11.0,822,802.0,-20.0,0,0,,0.0,0.0,0.0,0.0,0.0,2015-04-30,0,0.0,0.0,0.0,0.0,0.0
2015,4,27,1,WN,1967,N8613K,DAL,DCA,620,617.0,-3.0,19.0,636.0,175.0,158.0,134.0,1184,950.0,5.0,1015,955.0,-20.0,0,0,,0.0,0.0,0.0,0.0,0.0,2015-04-27,0,0.0,0.0,0.0,0.0,0.0
2015,4,30,4,US,1947,N701UW,DCA,FLL,1715,1712.0,-3.0,31.0,1743.0,160.0,171.0,135.0,899,1958.0,5.0,1955,2003.0,8.0,0,0,,0.0,0.0,0.0,0.0,0.0,2015-04-30,0,0.0,0.0,0.0,0.0,0.0
2015,5,3,7,EV,5533,N710EV,BDL,DTW,1902,1854.0,-8.0,10.0,1904.0,117.0,97.0,80.0,549,2024.0,7.0,2059,2031.0,-28.0,0,0,,0.0,0.0,0.0,0.0,0.0,2015-05-03,0,0.0,0.0,0.0,0.0,0.0
2015,3,27,5,US,404,N162UW,CLT,DFW,1825,1828.0,3.0,23.0,1851.0,182.0,163.0,132.0,936,2003.0,8.0,2027,2011.0,-16.0,0,0,,0.0,0.0,0.0,0.0,0.0,2015-03-27,0,0.0,0.0,0.0,0.0,0.0
2015,4,22,3,AA,2317,N3AUAA,RSW,ORD,1205,1157.0,-8.0,11.0,1208.0,190.0,193.0,170.0,1120,1358.0,12.0,1415,1410.0,-5.0,0,0,,0.0,0.0,0.0,0.0,0.0,2015-04-22,0,0.0,0.0,0.0,0.0,0.0
2015,4,14,2,NK,847,N608NK,ORD,DEN,1110,1106.0,-4.0,11.0,1117.0,160.0,154.0,119.0,888,1216.0,24.0,1250,1240.0,-10.0,0,0,,0.0,0.0,0.0,0.0,0.0,2015-04-14,0,0.0,0.0,0.0,0.0,0.0
2015,4,1,3,DL,2690,N937AT,LGA,BOS,1759,1817.0,18.0,18.0,1835.0,82.0,62.0,39.0,184,1914.0,5.0,1921,1919.0,-2.0,0,0,,0.0,0.0,0.0,0.0,0.0,2015-04-01,1,0.0,0.0,0.0,0.0,0.0
2015,4,30,4,MQ,3439,N656MQ,FSM,DFW,1012,1007.0,-5.0,6.0,1013.0,66.0,60.0,37.0,227,1050.0,17.0,1118,1107.0,-11.0,0,0,,0.0,0.0,0.0,0.0,0.0,2015-04-30,0,0.0,0.0,0.0,0.0,0.0
2015,3,28,6,WN,2538,N7740A,MDW,ALB,2005,2001.0,-4.0,12.0,2013.0,105.0,150.0,92.0,717,2245.0,46.0,2250,2331.0,41.0,0,0,,41.0,0.0,0.0,0.0,0.0,2015-03-28,0,-1025.0,-0.0,-0.0,-0.0,-0.0
2015,3,29,7,DL,1682,N986DL,STL,MSP,1925,1918.0,-7.0,13.0,1931.0,92.0,96.0,75.0,448,2046.0,8.0,2057,2054.0,-3.0,0,0,,0.0,0.0,0.0,0.0,0.0,2015-03-29,0,0.0,0.0,0.0,0.0,0.0
2015,3,27,5,WN,1798,N357SW,SFO,LAX,1710,1704.0,-6.0,17.0,1721.0,75.0,77.0,59.0,337,1820.0,1.0,1825,1821.0,-4.0,0,0,,0.0,0.0,0.0,0.0,0.0,2015-03-27,0,0.0,0.0,0.0,0.0,0.0
2015,5,4,1,WN,4563,N732SW,ATL,DCA,1835,1829.0,-6.0,9.0,1838.0,105.0,97.0,84.0,547,2002.0,4.0,2020,2006.0,-14.0,0,0,,0.0,0.0,0.0,0.0,0.0,2015-05-04,0,0.0,0.0,0.0,0.0,0.0
2015,3,28,6,AA,1236,N508AA,DFW,BWI,1500,1456.0,-4.0,11.0,1507.0,166.0,169.0,154.0,1217,1841.0,4.0,1846,1845.0,-1.0,0,0,,0.0,0.0,0.0,0.0,0.0,2015-03-28,0,0.0,0.0,0.0,0.0,0.0
2015,4,11,6,OO,2828,N928EV,ORD,MKE,1350,1412.0,22.0,13.0,1425.0,56.0,40.0,21.0,67,1446.0,6.0,1446,1452.0,6.0,0,0,,0.0,0.0,0.0,0.0,0.0,2015-04-11,1,0.0,0.0,0.0,0.0,0.0
2015,3,30,1,WN,31,N628SW,DCA,DAL,1100,1054.0,-6.0,22.0,1116.0,205.0,201.0,175.0,1184,1311.0,4.0,1325,1315.0,-10.0,0,0,,0.0,0.0,0.0,0.0,0.0,2015-03-30,0,0.0,0.0,0.0,0.0,0.0
2015,5,1,5,EV,4454,N14204,IAH,HSV,1602,1554.0,-8.0,11.0,1605.0,110.0,107.0,92.0,595,1737.0,4.0,1752,1741.0,-11.0,0,0,,0.0,0.0,0.0,0.0,0.0,2015-05-01,0,0.0,0.0,0.0,0.0,0.0
2015,3,30,1,WN,3753,N7703A,DEN,SNA,1200,1154.0,-6.0,10.0,1204.0,145.0,128.0,114.0,846,1258.0,4.0,1325,1302.0,-23.0,0,0,,0.0,0.0,0.0,0.0,0.0,2015-03-30,0,0.0,0.0,0.0,0.0,0.0
2015,4,3,5,WN,4296,N281WN,BWI,OAK,1010,1030.0,20.0,12.0,1042.0,375.0,378.0,362.0,2447,1344.0,4.0,1325,1348.0,23.0,0,0,,3.0,0.0,9.0,11.0,0.0,2015-04-03,1,15.0,0.0,45.0,55.0,0.0
2015,4,3,5,AA,2218,N3HJAA,DFW,RSW,1850,1854.0,4.0,19.0,1913.0,160.0,145.0,123.0,1017,2216.0,3.0,2230,2219.0,-11.0,0,0,,0.0,0.0,0.0,0.0,0.0,2015-04-03,0,0.0,0.0,0.0,0.0,0.0
2015,4,8,3,WN,4730,N269WN,DAL,AUS,1215,1224.0,9.0,17.0,1241.0,50.0,64.0,43.0,189,1324.0,4.0,1305,1328.0,23.0,0,0,,14.0,0.0,3.0,6.0,0.0,2015-04-08,0,155.56,0.0,33.33,66.67,0.0
2015,4,12,7,WN,736,N490WN,MDW,DTW,820,829.0,9.0,8.0,837.0,70.0,61.0,42.0,228,1019.0,11.0,1030,1030.0,0.0,0,0,,0.0,0.0,0.0,0.0,0.0,2015-04-12,0,0.0,0.0,0.0,0.0,0.0
2015,3,31,2,AA,1233,N561AA,BNA,DFW,1425,1417.0,-8.0,17.0,1434.0,126.0,119.0,98.0,631,1612.0,4.0,1631,1616.0,-15.0,0,0,,0.0,0.0,0.0,0.0,0.0,2015-03-31,0,0.0,0.0,0.0,0.0,0.0
2015,4,24,5,EV,5308,N854AS,ATL,MGM,2051,2045.0,-6.0,14.0,2059.0,56.0,49.0,33.0,147,2032.0,2.0,2047,2034.0,-13.0,0,0,,0.0,0.0,0.0,0.0,0.0,2015-04-24,0,0.0,0.0,0.0,0.0,0.0
2015,4,15,3,UA,1590,N14242,MCO,ORD,1539,1542.0,3.0,13.0,1555.0,176.0,168.0,143.0,1005,1718.0,12.0,1735,1730.0,-5.0,0,0,,0.0,0.0,0.0,0.0,0.0,2015-04-15,0,0.0,0.0,0.0,0.0,0.0
2015,4,24,5,US,2121,N957UW,LGA,BOS,900,853.0,-7.0,37.0,930.0,78.0,77.0,35.0,184,1005.0,5.0,1018,1010.0,-8.0,0,0,,0.0,0.0,0.0,0.0,0.0,2015-04-24,0,0.0,0.0,0.0,0.0,0.0
2015,5,3,7,WN,1813,N641SW,LAS,LAX,1130,1130.0,0.0,56.0,1226.0,65.0,109.0,43.0,236,1309.0,10.0,1235,1319.0,44.0,0,0,,44.0,0.0,0.0,0.0,0.0,2015-05-03,0,inf,0.0,0.0,0.0,0.0
2015,4,20,1,HA,246,N476HA,HNL,OGG,1100,1054.0,-6.0,14.0,1108.0,39.0,43.0,23.0,100,1131.0,6.0,1139,1137.0,-2.0,0,0,,0.0,0.0,0.0,0.0,0.0,2015-04-20,0,0.0,0.0,0.0,0.0,0.0
2015,4,19,7,AA,1359,N3CRAA,DCA,ORD,1100,1058.0,-2.0,10.0,1108.0,126.0,127.0,99.0,612,1147.0,18.0,1206,1205.0,-1.0,0,0,,0.0,0.0,0.0,0.0,0.0,2015-04-19,0,0.0,0.0,0.0,0.0,0.0
2015,4,23,4,WN,885,N241WN,SJU,BWI,1710,1711.0,1.0,12.0,1723.0,260.0,264.0,248.0,1565,2131.0,4.0,2130,2135.0,5.0,0,0,,0.0,0.0,0.0,0.0,0.0,2015-04-23,0,0.0,0.0,0.0,0.0,0.0
2015,4,29,3,WN,2862,N433LV,OAK,HOU,1330,1331.0,1.0,10.0,1341.0,225.0,214.0,201.0,1642,1902.0,3.0,1915,1905.0,-10.0,0,0,,0.0,0.0,0.0,0.0,0.0,2015-04-29,0,0.0,0.0,0.0,0.0,0.0
2015,4,27,1,WN,839,N655WN,DEN,LAX,1700,1748.0,48.0,9.0,1757.0,150.0,126.0,107.0,862,1844.0,10.0,1830,1854.0,24.0,0,0,,0.0,0.0,0.0,24.0,0.0,2015-04-27,1,0.0,0.0,0.0,50.0,0.0
2015,4,12,7,AA,1533,N5FPAA,MIA,BOS,1250,1259.0,9.0,21.0,1320.0,193.0,201.0,174.0,1258,1614.0,6.0,1603,1620.0,17.0,0,0,,8.0,0.0,9.0,0.0,0.0,2015-04-12,0,88.89,0.0,100.0,0.0,0.0
2015,4,1,3,B6,19,N789JB,BOS,SAN,1659,1656.0,-3.0,18.0,1714.0,384.0,375.0,352.0,2588,2006.0,5.0,2023,2011.0,-12.0,0,0,,0.0,0.0,0.0,0.0,0.0,2015-04-01,0,0.0,0.0,0.0,0.0,0.0
2015,4,6,1,WN,807,N711HK,SNA,LAS,920,921.0,1.0,9.0,930.0,60.0,56.0,42.0,226,1012.0,5.0,1020,1017.0,-3.0,0,0,,0.0,0.0,0.0,0.0,0.0,2015-04-06,0,0.0,0.0,0.0,0.0,0.0
2015,5,1,5,MQ,3304,N686MQ,ORD,RST,1715,1722.0,7.0,14.0,1736.0,89.0,64.0,45.0,268,1821.0,5.0,1844,1826.0,-18.0,0,0,,0.0,0.0,0.0,0.0,0.0,2015-05-01,0,0.0,0.0,0.0,0.0,0.0
2015,4,19,7,WN,709,N284WN,SEA,PHX,1635,1634.0,-1.0,13.0,1647.0,165.0,159.0,140.0,1107,1907.0,6.0,1920,1913.0,-7.0,0,0,,0.0,0.0,0.0,0.0,0.0,2015-04-19,0,0.0,0.0,0.0,0.0,0.0
2015,4,9,4,DL,2512,N910DE,HSV,ATL,650,701.0,11.0,21.0,722.0,66.0,58.0,32.0,151,854.0,5.0,856,859.0,3.0,0,0,,0.0,0.0,0.0,0.0,0.0,2015-04-09,0,0.0,0.0,0.0,0.0,0.0
2015,5,2,6,US,617,N814AW,OAK,PHX,615,605.0,-10.0,13.0,618.0,115.0,112.0,94.0,646,752.0,5.0,810,757.0,-13.0,0,0,,0.0,0.0,0.0,0.0,0.0,2015-05-02,0,0.0,0.0,0.0,0.0,0.0
2015,4,6,1,WN,912,N378SW,LAX,SJC,1855,1856.0,1.0,6.0,1902.0,70.0,64.0,55.0,308,1957.0,3.0,2005,2000.0,-5.0,0,0,,0.0,0.0,0.0,0.0,0.0,2015-04-06,0,0.0,0.0,0.0,0.0,0.0
2015,4,21,2,OO,5291,N945SW,GCC,DEN,600,551.0,-9.0,10.0,601.0,82.0,59.0,43.0,313,644.0,6.0,722,650.0,-32.0,0,0,,0.0,0.0,0.0,0.0,0.0,2015-04-21,0,0.0,0.0,0.0,0.0,0.0
2015,4,18,6,AA,2302,N475AA,MSP,DFW,1815,1854.0,39.0,12.0,1906.0,156.0,190.0,167.0,852,2153.0,11.0,2051,2204.0,73.0,0,0,,34.0,0.0,0.0,39.0,0.0,2015-04-18,1,87.18,0.0,0.0,100.0,0.0
2015,4,16,4,OO,4620,N8982A,BUR,SLC,1629,1619.0,-10.0,13.0,1632.0,112.0,114.0,94.0,574,1906.0,7.0,1921,1913.0,-8.0,0,0,,0.0,0.0,0.0,0.0,0.0,2015-04-16,0,0.0,0.0,0.0,0.0,0.0
2015,5,3,7,OO,2770,N468CA,FLG,PHX,1500,1512.0,12.0,17.0,1529.0,46.0,56.0,32.0,119,1601.0,7.0,1546,1608.0,22.0,0,0,,10.0,0.0,0.0,12.0,0.0,2015-05-03,0,83.33,0.0,0.0,100.0,0.0
2015,4,28,2,US,850,N624AW,CLT,BNA,1135,1129.0,-6.0,17.0,1146.0,83.0,81.0,57.0,328,1143.0,7.0,1158,1150.0,-8.0,0,0,,0.0,0.0,0.0,0.0,0.0,2015-04-28,0,0.0,0.0,0.0,0.0,0.0
2015,4,4,6,AA,1683,N3HJAA,DFW,FLL,1035,1032.0,-3.0,16.0,1048.0,172.0,151.0,129.0,1119,1357.0,6.0,1427,1403.0,-24.0,0,0,,0.0,0.0,0.0,0.0,0.0,2015-04-04,0,0.0,0.0,0.0,0.0,0.0
2015,4,19,7,UA,1619,N37281,ORD,EWR,700,921.0,141.0,15.0,936.0,126.0,116.0,96.0,719,1212.0,5.0,1006,1217.0,131.0,0,0,,0.0,0.0,131.0,0.0,0.0,2015-04-19,1,0.0,0.0,92.91,0.0,0.0
2015,4,24,5,EV,4513,N16981,CLE,ORD,616,607.0,-9.0,20.0,627.0,85.0,84.0,57.0,315,624.0,7.0,641,631.0,-10.0,0,0,,0.0,0.0,0.0,0.0,0.0,2015-04-24,0,0.0,0.0,0.0,0.0,0.0
2015,4,20,1,DL,1219,N752AT,LAX,OGG,1815,1810.0,-5.0,13.0,1823.0,345.0,343.0,324.0,2486,2047.0,6.0,2100,2053.0,-7.0,0,0,,0.0,0.0,0.0,0.0,0.0,2015-04-20,0,0.0,0.0,0.0,0.0,0.0
2015,4,17,5,UA,1417,N77261,EWR,ATL,1510,1520.0,10.0,40.0,1600.0,151.0,166.0,116.0,746,1756.0,10.0,1741,1806.0,25.0,0,0,,15.0,0.0,10.0,0.0,0.0,2015-04-17,0,150.0,0.0,100.0,0.0,0.0
2015,4,6,1,WN,387,N352SW,LAS,LAX,1355,1414.0,19.0,28.0,1442.0,70.0,80.0,47.0,236,1529.0,5.0,1505,1534.0,29.0,0,0,,10.0,0.0,10.0,9.0,0.0,2015-04-06,1,52.63,0.0,52.63,47.37,0.0
2015,5,2,6,UA,753,N814UA,BWI,SFO,610,602.0,-8.0,9.0,611.0,355.0,342.0,330.0,2457,841.0,3.0,905,844.0,-21.0,0,0,,0.0,0.0,0.0,0.0,0.0,2015-05-02,0,0.0,0.0,0.0,0.0,0.0
2015,4,20,1,OO,4463,N437SW,SLC,IDA,830,821.0,-9.0,13.0,834.0,65.0,55.0,39.0,188,913.0,3.0,935,916.0,-19.0,0,0,,0.0,0.0,0.0,0.0,0.0,2015-04-20,0,0.0,0.0,0.0,0.0,0.0
2015,4,23,4,WN,1371,N660SW,BWI,MCO,1035,1051.0,16.0,11.0,1102.0,135.0,133.0,116.0,787,1258.0,6.0,1250,1304.0,14.0,0,0,,0.0,0.0,0.0,0.0,0.0,2015-04-23,1,0.0,0.0,0.0,0.0,0.0
2015,4,16,4,UA,685,N822UA,ORD,MSP,1729,1728.0,-1.0,12.0,1740.0,94.0,86.0,67.0,334,1847.0,7.0,1903,1854.0,-9.0,0,0,,0.0,0.0,0.0,0.0,0.0,2015-04-16,0,0.0,0.0,0.0,0.0,0.0
2015,4,9,4,AA,217,N850AA,LAS,MIA,800,756.0,-4.0,21.0,817.0,278.0,271.0,245.0,2174,1522.0,5.0,1538,1527.0,-11.0,0,0,,0.0,0.0,0.0,0.0,0.0,2015-04-09,0,0.0,0.0,0.0,0.0,0.0
2015,3,31,2,B6,306,N579JB,FLL,EWR,935,947.0,12.0,13.0,1000.0,178.0,165.0,147.0,1065,1227.0,5.0,1233,1232.0,-1.0,0,0,,0.0,0.0,0.0,0.0,0.0,2015-03-31,0,0.0,0.0,0.0,0.0,0.0
2015,3,31,2,WN,108,N7741C,DEN,OMA,2015,2016.0,1.0,8.0,2024.0,85.0,73.0,63.0,472,2227.0,2.0,2240,2229.0,-11.0,0,0,,0.0,0.0,0.0,0.0,0.0,2015-03-31,0,0.0,0.0,0.0,0.0,0.0
2015,3,29,7,DL,879,N986AT,ORD,ATL,1245,1254.0,9.0,17.0,1311.0,120.0,105.0,80.0,606,1531.0,8.0,1545,1539.0,-6.0,0,0,,0.0,0.0,0.0,0.0,0.0,2015-03-29,0,0.0,0.0,0.0,0.0,0.0
2015,4,19,7,AA,1310,N561AA,CLE,DFW,1155,1632.0,277.0,10.0,1642.0,180.0,160.0,146.0,1021,1808.0,4.0,1355,1812.0,257.0,0,0,,0.0,0.0,257.0,0.0,0.0,2015-04-19,1,0.0,0.0,92.78,0.0,0.0
2015,4,19,7,WN,799,N247WN,MDW,DCA,2105,2106.0,1.0,12.0,2118.0,110.0,104.0,88.0,601,2346.0,4.0,2355,2350.0,-5.0,0,0,,0.0,0.0,0.0,0.0,0.0,2015-04-19,0,0.0,0.0,0.0,0.0,0.0
2015,4,28,2,DL,2520,N829DN,SFO,DTW,900,918.0,18.0,20.0,938.0,271.0,279.0,252.0,2079,1650.0,7.0,1631,1657.0,26.0,0,0,,26.0,0.0,0.0,0.0,0.0,2015-04-28,1,144.44,0.0,0.0,0.0,0.0
2015,4,14,2,WN,1704,N459WN,IND,MCO,1140,1135.0,-5.0,9.0,1144.0,135.0,130.0,112.0,829,1336.0,9.0,1355,1345.0,-10.0,0,0,,0.0,0.0,0.0,0.0,0.0,2015-04-14,0,0.0,0.0,0.0,0.0,0.0
2015,4,27,1,AA,2453,N5DKAA,LAX,DFW,758,757.0,-1.0,17.0,814.0,182.0,185.0,153.0,1235,1247.0,15.0,1300,1302.0,2.0,0,0,,0.0,0.0,0.0,0.0,0.0,2015-04-27,0,0.0,0.0,0.0,0.0,0.0
2015,5,4,1,UA,1088,N16217,IAD,DEN,2206,2217.0,11.0,11.0,2228.0,232.0,213.0,195.0,1452,2343.0,7.0,2358,2350.0,-8.0,0,0,,0.0,0.0,0.0,0.0,0.0,2015-05-04,0,0.0,0.0,0.0,0.0,0.0
2015,4,1,3,WN,3863,N447WN,BWI,CLE,1250,1248.0,-2.0,15.0,1303.0,70.0,75.0,53.0,314,1356.0,7.0,1400,1403.0,3.0,0,0,,0.0,0.0,0.0,0.0,0.0,2015-04-01,0,0.0,0.0,0.0,0.0,0.0
2015,4,5,7,WN,4152,N920WN,BWI,GSP,810,804.0,-6.0,12.0,816.0,95.0,83.0,68.0,426,924.0,3.0,945,927.0,-18.0,0,0,,0.0,0.0,0.0,0.0,0.0,2015-04-05,0,0.0,0.0,0.0,0.0,0.0
2015,4,29,3,AA,1693,N569AA,MCO,ORD,1711,1708.0,-3.0,11.0,1719.0,179.0,181.0,153.0,1005,1852.0,17.0,1910,1909.0,-1.0,0,0,,0.0,0.0,0.0,0.0,0.0,2015-04-29,0,0.0,0.0,0.0,0.0,0.0
2015,5,2,6,AA,1289,N3LJAA,SAN,DFW,1240,1236.0,-4.0,15.0,1251.0,181.0,171.0,145.0,1171,1716.0,11.0,1741,1727.0,-14.0,0,0,,0.0,0.0,0.0,0.0,0.0,2015-05-02,0,0.0,0.0,0.0,0.0,0.0
2015,4,22,3,UA,486,N435UA,SFO,IAD,1550,1544.0,-6.0,14.0,1558.0,320.0,299.0,272.0,2419,2330.0,13.0,10,2343.0,-27.0,0,0,,0.0,0.0,0.0,0.0,0.0,2015-04-22,0,0.0,0.0,0.0,0.0,0.0
2015,4,3,5,WN,550,N694SW,ELP,PHX,950,942.0,-8.0,15.0,957.0,80.0,77.0,59.0,347,956.0,3.0,1010,959.0,-11.0,0,0,,0.0,0.0,0.0,0.0,0.0,2015-04-03,0,0.0,0.0,0.0,0.0,0.0
2015,4,25,6,WN,2217,N210WN,LAX,RNO,1935,1938.0,3.0,7.0,1945.0,75.0,75.0,66.0,391,2051.0,2.0,2050,2053.0,3.0,0,0,,0.0,0.0,0.0,0.0,0.0,2015-04-25,0,0.0,0.0,0.0,0.0,0.0
2015,5,2,6,AA,1429,N489AA,ORD,MSP,1347,1343.0,-4.0,18.0,1401.0,95.0,84.0,61.0,334,1502.0,5.0,1522,1507.0,-15.0,0,0,,0.0,0.0,0.0,0.0,0.0,2015-05-02,0,0.0,0.0,0.0,0.0,0.0
2015,4,15,3,UA,606,N813UA,IND,ORD,750,740.0,-10.0,19.0,759.0,69.0,65.0,41.0,177,740.0,5.0,759,745.0,-14.0,0,0,,0.0,0.0,0.0,0.0,0.0,2015-04-15,0,0.0,0.0,0.0,0.0,0.0
2015,4,17,5,DL,2382,N972AT,ATL,TLH,1341,1340.0,-1.0,18.0,1358.0,64.0,60.0,38.0,223,1436.0,4.0,1445,1440.0,-5.0,0,0,,0.0,0.0,0.0,0.0,0.0,2015-04-17,0,0.0,0.0,0.0,0.0,0.0
2015,4,27,1,EV,4629,N13979,OMA,ORD,743,732.0,-11.0,12.0,744.0,95.0,92.0,67.0,416,851.0,13.0,918,904.0,-14.0,0,0,,0.0,0.0,0.0,0.0,0.0,2015-04-27,0,0.0,0.0,0.0,0.0,0.0
2015,4,23,4,WN,3324,N946WN,MDW,HOU,1425,1427.0,2.0,14.0,1441.0,160.0,154.0,136.0,937,1657.0,4.0,1705,1701.0,-4.0,0,0,,0.0,0.0,0.0,0.0,0.0,2015-04-23,0,0.0,0.0,0.0,0.0,0.0
2015,4,23,4,WN,851,N8605E,MDW,CLE,2130,2134.0,4.0,13.0,2147.0,65.0,66.0,45.0,307,2332.0,8.0,2335,2340.0,5.0,0,0,,0.0,0.0,0.0,0.0,0.0,2015-04-23,0,0.0,0.0,0.0,0.0,0.0
2015,4,26,7,US,814,N944UW,PHL,RDU,1820,1814.0,-6.0,40.0,1854.0,102.0,104.0,59.0,337,1953.0,5.0,2002,1958.0,-4.0,0,0,,0.0,0.0,0.0,0.0,0.0,2015-04-26,0,0.0,0.0,0.0,0.0,0.0
2015,4,6,1,DL,2336,N814DN,MSP,MKE,2146,2141.0,-5.0,10.0,2151.0,68.0,63.0,47.0,297,2238.0,6.0,2254,2244.0,-10.0,0,0,,0.0,0.0,0.0,0.0,0.0,2015-04-06,0,0.0,0.0,0.0,0.0,0.0
2015,4,8,3,WN,715,N425LV,SAN,LAS,1535,1532.0,-3.0,10.0,1542.0,70.0,59.0,44.0,258,1626.0,5.0,1645,1631.0,-14.0,0,0,,0.0,0.0,0.0,0.0,0.0,2015-04-08,0,0.0,0.0,0.0,0.0,0.0
2015,4,22,3,WN,692,N461WN,MDW,STL,1720,1718.0,-2.0,7.0,1725.0,65.0,55.0,44.0,251,1809.0,4.0,1825,1813.0,-12.0,0,0,,0.0,0.0,0.0,0.0,0.0,2015-04-22,0,0.0,0.0,0.0,0.0,0.0
2015,4,21,2,US,752,N279AY,CLT,SJU,1150,1152.0,2.0,33.0,1225.0,210.0,221.0,180.0,1475,1525.0,8.0,1520,1533.0,13.0,0,0,,0.0,0.0,0.0,0.0,0.0,2015-04-21,0,0.0,0.0,0.0,0.0,0.0
2015,4,4,6,UA,556,N455UA,SFO,DEN,542,542.0,0.0,16.0,558.0,154.0,134.0,113.0,967,851.0,5.0,916,856.0,-20.0,0,0,,0.0,0.0,0.0,0.0,0.0,2015-04-04,0,0.0,0.0,0.0,0.0,0.0
2015,4,16,4,WN,4517,N293WN,AUS,DAL,720,717.0,-3.0,8.0,725.0,65.0,52.0,40.0,189,805.0,4.0,825,809.0,-16.0,0,0,,0.0,0.0,0.0,0.0,0.0,2015-04-16,0,0.0,0.0,0.0,0.0,0.0
2015,4,29,3,OO,4965,N113SY,ORD,BOI,1915,1921.0,6.0,14.0,1935.0,236.0,222.0,199.0,1437,2154.0,9.0,2211,2203.0,-8.0,0,0,,0.0,0.0,0.0,0.0,0.0,2015-04-29,0,0.0,0.0,0.0,0.0,0.0
2015,4,11,6,DL,2245,N688DL,MSP,RSW,755,805.0,10.0,13.0,818.0,200.0,194.0,166.0,1416,1204.0,15.0,1215,1219.0,4.0,0,0,,0.0,0.0,0.0,0.0,0.0,2015-04-11,0,0.0,0.0,0.0,0.0,0.0
2015,4,7,2,B6,218,N339JB,CLT,JFK,1040,1040.0,0.0,31.0,1111.0,113.0,115.0,77.0,541,1228.0,7.0,1233,1235.0,2.0,0,0,,0.0,0.0,0.0,0.0,0.0,2015-04-07,0,0.0,0.0,0.0,0.0,0.0
2015,3,26,4,MQ,3477,N503MQ,BNA,ORD,602,557.0,-5.0,15.0,612.0,113.0,90.0,66.0,409,718.0,9.0,755,727.0,-28.0,0,0,,0.0,0.0,0.0,0.0,0.0,2015-03-26,0,0.0,0.0,0.0,0.0,0.0
2015,4,6,1,UA,1105,N21108,DEN,EWR,809,807.0,-2.0,15.0,822.0,223.0,205.0,179.0,1605,1321.0,11.0,1352,1332.0,-20.0,0,0,,0.0,0.0,0.0,0.0,0.0,2015-04-06,0,0.0,0.0,0.0,0.0,0.0
2015,5,2,6,DL,1891,N678DL,TPA,ATL,1140,1144.0,4.0,11.0,1155.0,93.0,80.0,64.0,406,1259.0,5.0,1313,1304.0,-9.0,0,0,,0.0,0.0,0.0,0.0,0.0,2015-05-02,0,0.0,0.0,0.0,0.0,0.0
2015,4,6,1,US,443,N836AW,PHX,IAH,1235,1231.0,-4.0,15.0,1246.0,156.0,147.0,126.0,1009,1652.0,6.0,1711,1658.0,-13.0,0,0,,0.0,0.0,0.0,0.0,0.0,2015-04-06,0,0.0,0.0,0.0,0.0,0.0
2015,4,2,4,DL,886,N988DL,ATL,LGA,645,642.0,-3.0,12.0,654.0,129.0,125.0,103.0,762,837.0,10.0,854,847.0,-7.0,0,0,,0.0,0.0,0.0,0.0,0.0,2015-04-02,0,0.0,0.0,0.0,0.0,0.0
2015,4,30,4,WN,3230,N8306H,PHX,SNA,1540,1545.0,5.0,6.0,1551.0,70.0,60.0,50.0,338,1641.0,4.0,1650,1645.0,-5.0,0,0,,0.0,0.0,0.0,0.0,0.0,2015-04-30,0,0.0,0.0,0.0,0.0,0.0
2015,4,12,7,DL,2317,N3743H,LAS,DTW,1410,1408.0,-2.0,16.0,1424.0,229.0,237.0,215.0,1749,2059.0,6.0,2059,2105.0,6.0,0,0,,0.0,0.0,0.0,0.0,0.0,2015-04-12,0,0.0,0.0,0.0,0.0,0.0
2015,4,13,1,UA,521,N484UA,SNA,IAH,1130,1136.0,6.0,11.0,1147.0,191.0,186.0,171.0,1346,1638.0,4.0,1641,1642.0,1.0,0,0,,0.0,0.0,0.0,0.0,0.0,2015-04-13,0,0.0,0.0,0.0,0.0,0.0
2015,4,23,4,MQ,3442,N622MQ,DFW,LAW,900,855.0,-5.0,20.0,915.0,59.0,53.0,30.0,140,945.0,3.0,959,948.0,-11.0,0,0,,0.0,0.0,0.0,0.0,0.0,2015-04-23,0,0.0,0.0,0.0,0.0,0.0
2015,4,25,6,OO,4764,N460SW,SLC,MSO,1540,1526.0,-14.0,18.0,1544.0,96.0,99.0,73.0,436,1657.0,8.0,1716,1705.0,-11.0,0,0,,0.0,0.0,0.0,0.0,0.0,2015-04-25,0,0.0,0.0,0.0,0.0,0.0
2015,4,15,3,WN,552,N762SW,SLC,PHX,1410,1416.0,6.0,18.0,1434.0,100.0,95.0,72.0,507,1446.0,5.0,1450,1451.0,1.0,0,0,,0.0,0.0,0.0,0.0,0.0,2015-04-15,0,0.0,0.0,0.0,0.0,0.0
2015,4,20,1,OO,5365,N702BR,SBP,LAX,1042,1041.0,-1.0,14.0,1055.0,63.0,62.0,39.0,156,1134.0,9.0,1145,1143.0,-2.0,0,0,,0.0,0.0,0.0,0.0,0.0,2015-04-20,0,0.0,0.0,0.0,0.0,0.0
2015,4,22,3,US,575,N660AW,SMF,PHX,1001,1029.0,28.0,24.0,1053.0,107.0,114.0,87.0,647,1220.0,3.0,1148,1223.0,35.0,0,0,,7.0,0.0,28.0,0.0,0.0,2015-04-22,1,25.0,0.0,100.0,0.0,0.0
2015,4,15,3,DL,2271,N911DA,PBI,ATL,930,928.0,-2.0,13.0,941.0,111.0,99.0,78.0,545,1059.0,8.0,1121,1107.0,-14.0,0,0,,0.0,0.0,0.0,0.0,0.0,2015-04-15,0,0.0,0.0,0.0,0.0,0.0
2015,4,23,4,WN,329,N601WN,SAT,ELP,1010,1028.0,18.0,10.0,1038.0,95.0,89.0,75.0,496,1053.0,4.0,1045,1057.0,12.0,0,0,,0.0,0.0,0.0,0.0,0.0,2015-04-23,1,0.0,0.0,0.0,0.0,0.0
2015,5,1,5,OO,6338,N291SW,LAX,SAN,1557,1555.0,-2.0,12.0,1607.0,57.0,54.0,38.0,109,1645.0,4.0,1654,1649.0,-5.0,0,0,,0.0,0.0,0.0,0.0,0.0,2015-05-01,0,0.0,0.0,0.0,0.0,0.0
2015,4,4,6,OO,2858,N862AS,LAX,MRY,1625,1622.0,-3.0,22.0,1644.0,69.0,73.0,47.0,266,1731.0,4.0,1734,1735.0,1.0,0,0,,0.0,0.0,0.0,0.0,0.0,2015-04-04,0,0.0,0.0,0.0,0.0,0.0
2015,3,30,1,DL,374,N319US,ATL,DCA,2035,2030.0,-5.0,18.0,2048.0,107.0,97.0,76.0,547,2204.0,3.0,2222,2207.0,-15.0,0,0,,0.0,0.0,0.0,0.0,0.0,2015-03-30,0,0.0,0.0,0.0,0.0,0.0
2015,4,9,4,DL,1702,N960DL,LGA,FLL,1929,1942.0,13.0,36.0,2018.0,196.0,182.0,143.0,1076,2241.0,3.0,2245,2244.0,-1.0,0,0,,0.0,0.0,0.0,0.0,0.0,2015-04-09,0,0.0,0.0,0.0,0.0,0.0
2015,4,8,3,EV,5948,N12996,AVP,ORD,650,652.0,2.0,17.0,709.0,130.0,156.0,127.0,632,816.0,12.0,800,828.0,28.0,0,0,,26.0,0.0,2.0,0.0,0.0,2015-04-08,0,1300.0,0.0,100.0,0.0,0.0
2015,4,10,5,DL,1461,N911DL,PBI,LGA,1621,1659.0,38.0,13.0,1712.0,174.0,160.0,134.0,1035,1926.0,13.0,1915,1939.0,24.0,0,0,,0.0,0.0,13.0,11.0,0.0,2015-04-10,1,0.0,0.0,34.21,28.95,0.0
2015,4,6,1,DL,925,N663DN,ATL,STT,1220,1219.0,-1.0,13.0,1232.0,211.0,198.0,180.0,1599,1532.0,5.0,1551,1537.0,-14.0,0,0,,0.0,0.0,0.0,0.0,0.0,2015-04-06,0,0.0,0.0,0.0,0.0,0.0
2015,4,23,4,EV,4964,N926EV,ATL,LEX,1155,1258.0,63.0,20.0,1318.0,72.0,81.0,55.0,304,1413.0,6.0,1307,1419.0,72.0,0,0,,9.0,0.0,63.0,0.0,0.0,2015-04-23,1,14.29,0.0,100.0,0.0,0.0
2015,5,3,7,DL,1547,N315US,SLC,ABQ,2157,2222.0,25.0,12.0,2234.0,97.0,88.0,70.0,493,2344.0,6.0,2334,2350.0,16.0,0,0,,0.0,0.0,0.0,16.0,0.0,2015-05-03,1,0.0,0.0,0.0,64.0,0.0
2015,4,8,3,WN,164,N684WN,SLC,LAS,1355,1415.0,20.0,11.0,1426.0,80.0,78.0,61.0,368,1427.0,6.0,1415,1433.0,18.0,0,0,,0.0,0.0,4.0,14.0,0.0,2015-04-08,1,0.0,0.0,20.0,70.0,0.0
2015,4,7,2,DL,1401,N543US,ATL,MSP,2050,2049.0,-1.0,22.0,2111.0,160.0,158.0,133.0,907,2224.0,3.0,2230,2227.0,-3.0,0,0,,0.0,0.0,0.0,0.0,0.0,2015-04-07,0,0.0,0.0,0.0,0.0,0.0
2015,4,21,2,B6,112,N231JB,ORD,BOS,1710,1705.0,-5.0,14.0,1719.0,138.0,123.0,105.0,867,2004.0,4.0,2028,2008.0,-20.0,0,0,,0.0,0.0,0.0,0.0,0.0,2015-04-21,0,0.0,0.0,0.0,0.0,0.0
2015,4,13,1,WN,692,N453WN,PHL,MDW,1530,1529.0,-1.0,12.0,1541.0,135.0,138.0,106.0,668,1627.0,20.0,1645,1647.0,2.0,0,0,,0.0,0.0,0.0,0.0,0.0,2015-04-13,0,0.0,0.0,0.0,0.0,0.0
2015,4,20,1,AS,330,N442AS,SEA,SJC,910,906.0,-4.0,23.0,929.0,124.0,138.0,110.0,697,1119.0,5.0,1114,1124.0,10.0,0,0,,0.0,0.0,0.0,0.0,0.0,2015-04-20,0,0.0,0.0,0.0,0.0,0.0
2015,4,5,7,OO,6345,N713SK,COS,DEN,740,729.0,-11.0,12.0,741.0,50.0,41.0,20.0,73,801.0,9.0,830,810.0,-20.0,0,0,,0.0,0.0,0.0,0.0,0.0,2015-04-05,0,0.0,0.0,0.0,0.0,0.0
2015,4,8,3,EV,4718,N17524,IAH,BTR,1910,1902.0,-8.0,16.0,1918.0,63.0,63.0,42.0,253,2000.0,5.0,2013,2005.0,-8.0,0,0,,0.0,0.0,0.0,0.0,0.0,2015-04-08,0,0.0,0.0,0.0,0.0,0.0
2015,4,24,5,AA,134,N5CPAA,JFK,MIA,820,901.0,41.0,20.0,921.0,191.0,166.0,140.0,1089,1141.0,6.0,1131,1147.0,16.0,0,0,,0.0,0.0,16.0,0.0,0.0,2015-04-24,1,0.0,0.0,39.02,0.0,0.0
2015,5,4,1,UA,775,N820UA,AUS,ORD,826,825.0,-1.0,10.0,835.0,162.0,166.0,142.0,978,1057.0,14.0,1108,1111.0,3.0,0,0,,0.0,0.0,0.0,0.0,0.0,2015-05-04,0,0.0,0.0,0.0,0.0,0.0
2015,4,26,7,AA,2357,N3LYAA,PBI,LAX,850,855.0,5.0,13.0,908.0,343.0,353.0,328.0,2330,1136.0,12.0,1133,1148.0,15.0,0,0,,15.0,0.0,0.0,0.0,0.0,2015-04-26,0,300.0,0.0,0.0,0.0,0.0
2015,4,3,5,OO,5642,N930EV,CPR,DEN,1249,1244.0,-5.0,11.0,1255.0,65.0,56.0,40.0,230,1335.0,5.0,1354,1340.0,-14.0,0,0,,0.0,0.0,0.0,0.0,0.0,2015-04-03,0,0.0,0.0,0.0,0.0,0.0
2015,4,27,1,OO,4764,N783CA,SLC,MSO,1540,1527.0,-13.0,31.0,1558.0,97.0,120.0,82.0,436,1720.0,7.0,1717,1727.0,10.0,0,0,,0.0,0.0,0.0,0.0,0.0,2015-04-27,0,0.0,0.0,0.0,0.0,0.0
2015,4,30,4,WN,4125,N945WN,SAN,SMF,635,630.0,-5.0,19.0,649.0,95.0,90.0,67.0,480,756.0,4.0,810,800.0,-10.0,0,0,,0.0,0.0,0.0,0.0,0.0,2015-04-30,0,0.0,0.0,0.0,0.0,0.0
2015,4,23,4,B6,1601,N905JB,JFK,FLL,1700,1656.0,-4.0,15.0,1711.0,202.0,171.0,152.0,1069,1943.0,4.0,2022,1947.0,-35.0,0,0,,0.0,0.0,0.0,0.0,0.0,2015-04-23,0,0.0,0.0,0.0,0.0,0.0
2015,3,31,2,OO,4575,N824SK,SLC,SMF,830,826.0,-4.0,20.0,846.0,114.0,111.0,88.0,532,914.0,3.0,924,917.0,-7.0,0,0,,0.0,0.0,0.0,0.0,0.0,2015-03-31,0,0.0,0.0,0.0,0.0,0.0
2015,4,23,4,AA,238,N3HMAA,DCA,MIA,1800,1758.0,-2.0,18.0,1816.0,165.0,182.0,125.0,919,2021.0,39.0,2045,2100.0,15.0,0,0,,15.0,0.0,0.0,0.0,0.0,2015-04-23,0,-750.0,-0.0,-0.0,-0.0,-0.0
2015,4,20,1,MQ,3637,N614MQ,DFW,ROW,1035,1029.0,-6.0,17.0,1046.0,99.0,90.0,69.0,435,1055.0,4.0,1114,1059.0,-15.0,0,0,,0.0,0.0,0.0,0.0,0.0,2015-04-20,0,0.0,0.0,0.0,0.0,0.0
2015,4,5,7,WN,433,N260WN,LAS,BUR,1610,1627.0,17.0,12.0,1639.0,65.0,59.0,44.0,223,1723.0,3.0,1715,1726.0,11.0,0,0,,0.0,0.0,0.0,0.0,0.0,2015-04-05,1,0.0,0.0,0.0,0.0,0.0
2015,4,4,6,EV,4659,N14117,IAH,XNA,1630,1622.0,-8.0,13.0,1635.0,90.0,85.0,69.0,438,1744.0,3.0,1800,1747.0,-13.0,0,0,,0.0,0.0,0.0,0.0,0.0,2015-04-04,0,0.0,0.0,0.0,0.0,0.0
2015,4,20,1,WN,429,N761RR,DAL,MEM,2050,2053.0,3.0,8.0,2101.0,80.0,70.0,55.0,423,2156.0,7.0,2210,2203.0,-7.0,0,0,,0.0,0.0,0.0,0.0,0.0,2015-04-20,0,0.0,0.0,0.0,0.0,0.0
2015,4,22,3,AA,1341,N3FHAA,SJU,MIA,1025,1045.0,20.0,13.0,1058.0,174.0,163.0,146.0,1045,1324.0,4.0,1319,1328.0,9.0,0,0,,0.0,0.0,0.0,0.0,0.0,2015-04-22,1,0.0,0.0,0.0,0.0,0.0
2015,4,13,1,DL,1823,N581NW,SEA,DTW,2300,2307.0,7.0,16.0,2323.0,244.0,229.0,208.0,1927,551.0,5.0,604,556.0,-8.0,0,0,,0.0,0.0,0.0,0.0,0.0,2015-04-13,0,0.0,0.0,0.0,0.0,0.0
2015,3,26,4,EV,5334,N931EV,ABY,ATL,1209,1207.0,-2.0,8.0,1215.0,55.0,54.0,37.0,145,1252.0,9.0,1304,1301.0,-3.0,0,0,,0.0,0.0,0.0,0.0,0.0,2015-03-26,0,0.0,0.0,0.0,0.0,0.0
2015,4,29,3,HA,35,N594HA,PHX,HNL,800,753.0,-7.0,23.0,816.0,400.0,407.0,371.0,2917,1127.0,13.0,1140,1140.0,0.0,0,0,,0.0,0.0,0.0,0.0,0.0,2015-04-29,0,0.0,0.0,0.0,0.0,0.0
2015,4,13,1,AA,1106,N4XWAA,DFW,BWI,1340,1704.0,204.0,11.0,1715.0,187.0,162.0,148.0,1217,2043.0,3.0,1747,2046.0,179.0,0,0,,0.0,0.0,0.0,143.0,36.0,2015-04-13,1,0.0,0.0,0.0,70.1,17.65
2015,4,6,1,OO,4781,N629BR,MSP,GRB,722,721.0,-1.0,17.0,738.0,74.0,64.0,43.0,252,821.0,4.0,836,825.0,-11.0,0,0,,0.0,0.0,0.0,0.0,0.0,2015-04-06,0,0.0,0.0,0.0,0.0,0.0
2015,4,13,1,WN,138,N7722B,SAN,ABQ,705,706.0,1.0,10.0,716.0,100.0,96.0,82.0,628,938.0,4.0,945,942.0,-3.0,0,0,,0.0,0.0,0.0,0.0,0.0,2015-04-13,0,0.0,0.0,0.0,0.0,0.0
2015,4,23,4,UA,1250,N36247,ORD,LAX,1326,1323.0,-3.0,11.0,1334.0,269.0,251.0,234.0,1744,1528.0,6.0,1555,1534.0,-21.0,0,0,,0.0,0.0,0.0,0.0,0.0,2015-04-23,0,0.0,0.0,0.0,0.0,0.0
2015,4,30,4,DL,2062,N552NW,MSP,BOS,1723,1723.0,0.0,15.0,1738.0,159.0,175.0,147.0,1124,2105.0,13.0,2102,2118.0,16.0,0,0,,16.0,0.0,0.0,0.0,0.0,2015-04-30,0,inf,0.0,0.0,0.0,0.0
2015,4,7,2,OO,6426,N109SY,SFO,MSP,1621,1733.0,72.0,14.0,1747.0,237.0,201.0,180.0,1589,2247.0,7.0,2218,2254.0,36.0,0,0,,0.0,0.0,34.0,2.0,0.0,2015-04-07,1,0.0,0.0,47.22,2.78,0.0
2015,3,27,5,OO,4440,N781CA,GRB,DTW,1615,1615.0,0.0,11.0,1626.0,77.0,65.0,48.0,287,1814.0,6.0,1832,1820.0,-12.0,0,0,,0.0,0.0,0.0,0.0,0.0,2015-03-27,0,0.0,0.0,0.0,0.0,0.0
2015,4,2,4,OO,5556,N708SK,LAX,AUS,840,859.0,19.0,16.0,915.0,179.0,160.0,140.0,1242,1335.0,4.0,1339,1339.0,0.0,0,0,,0.0,0.0,0.0,0.0,0.0,2015-04-02,1,0.0,0.0,0.0,0.0,0.0
2015,4,7,2,UA,258,N410UA,LAS,SFO,1047,1040.0,-7.0,17.0,1057.0,99.0,101.0,75.0,414,1212.0,9.0,1226,1221.0,-5.0,0,0,,0.0,0.0,0.0,0.0,0.0,2015-04-07,0,0.0,0.0,0.0,0.0,0.0
2015,4,25,6,UA,1265,N67827,ORD,MCO,1550,1612.0,22.0,21.0,1633.0,158.0,154.0,127.0,1005,1940.0,6.0,1928,1946.0,18.0,0,0,,0.0,0.0,18.0,0.0,0.0,2015-04-25,1,0.0,0.0,81.82,0.0,0.0
2015,4,15,3,EV,4755,N15572,ORD,CAE,1915,1909.0,-6.0,11.0,1920.0,118.0,112.0,96.0,667,2156.0,5.0,2213,2201.0,-12.0,0,0,,0.0,0.0,0.0,0.0,0.0,2015-04-15,0,0.0,0.0,0.0,0.0,0.0
2015,4,16,4,AA,1594,N4YJAA,PIT,DFW,1520,1520.0,0.0,17.0,1537.0,187.0,208.0,175.0,1067,1732.0,16.0,1727,1748.0,21.0,0,0,,21.0,0.0,0.0,0.0,0.0,2015-04-16,0,inf,0.0,0.0,0.0,0.0
2015,4,30,4,WN,4718,N947WN,MDW,EWR,1710,1715.0,5.0,14.0,1729.0,130.0,122.0,98.0,711,2007.0,10.0,2020,2017.0,-3.0,0,0,,0.0,0.0,0.0,0.0,0.0,2015-04-30,0,0.0,0.0,0.0,0.0,0.0
2015,3,28,6,WN,2364,N8609A,MCO,BUF,2020,2034.0,14.0,13.0,2047.0,155.0,153.0,133.0,1011,2300.0,7.0,2255,2307.0,12.0,0,0,,0.0,0.0,0.0,0.0,0.0,2015-03-28,0,0.0,0.0,0.0,0.0,0.0
2015,3,31,2,EV,5466,N371CA,IAH,DTW,720,710.0,-10.0,18.0,728.0,164.0,159.0,138.0,1075,1046.0,3.0,1104,1049.0,-15.0,0,0,,0.0,0.0,0.0,0.0,0.0,2015-03-31,0,0.0,0.0,0.0,0.0,0.0
2015,3,28,6,US,551,N162UW,PHX,DFW,1535,1553.0,18.0,11.0,1604.0,133.0,130.0,110.0,868,1954.0,9.0,1948,2003.0,15.0,0,0,,0.0,0.0,15.0,0.0,0.0,2015-03-28,1,0.0,0.0,83.33,0.0,0.0
2015,5,4,1,AA,1618,N4XLAA,ORD,RDU,840,830.0,-10.0,16.0,846.0,119.0,115.0,92.0,646,1118.0,7.0,1139,1125.0,-14.0,0,0,,0.0,0.0,0.0,0.0,0.0,2015-05-04,0,0.0,0.0,0.0,0.0,0.0
2015,4,1,3,MQ,3582,N651MQ,ORD,IND,1815,1811.0,-4.0,13.0,1824.0,65.0,49.0,31.0,177,1955.0,5.0,2020,2000.0,-20.0,0,0,,0.0,0.0,0.0,0.0,0.0,2015-04-01,0,0.0,0.0,0.0,0.0,0.0
2015,4,18,6,AA,2276,N4XJAA,DFW,IND,2025,2202.0,97.0,36.0,2238.0,135.0,138.0,97.0,761,115.0,5.0,2340,120.0,100.0,0,0,,3.0,0.0,0.0,0.0,97.0,2015-04-18,1,3.09,0.0,0.0,0.0,100.0
2015,4,16,4,OO,4657,N548CA,SLC,ORD,1355,1354.0,-1.0,21.0,1415.0,184.0,189.0,159.0,1250,1754.0,9.0,1759,1803.0,4.0,0,0,,0.0,0.0,0.0,0.0,0.0,2015-04-16,0,0.0,0.0,0.0,0.0,0.0
2015,4,2,4,DL,2346,N334NW,ATL,MDW,1904,1903.0,-1.0,18.0,1921.0,119.0,111.0,84.0,591,1945.0,9.0,2003,1954.0,-9.0,0,0,,0.0,0.0,0.0,0.0,0.0,2015-04-02,0,0.0,0.0,0.0,0.0,0.0
2015,3,27,5,EV,4168,N31131,IAH,LIT,720,718.0,-2.0,12.0,730.0,82.0,77.0,60.0,374,830.0,5.0,842,835.0,-7.0,0,0,,0.0,0.0,0.0,0.0,0.0,2015-03-27,0,0.0,0.0,0.0,0.0,0.0
2015,4,30,4,OO,6352,N964SW,BOI,SFO,1914,1924.0,10.0,13.0,1937.0,110.0,99.0,82.0,522,1959.0,4.0,2004,2003.0,-1.0,0,0,,0.0,0.0,0.0,0.0,0.0,2015-04-30,0,0.0,0.0,0.0,0.0,0.0
2015,4,4,6,DL,1533,N750AT,SRQ,ATL,600,558.0,-2.0,10.0,608.0,95.0,87.0,72.0,444,720.0,5.0,735,725.0,-10.0,0,0,,0.0,0.0,0.0,0.0,0.0,2015-04-04,0,0.0,0.0,0.0,0.0,0.0
2015,4,17,5,B6,1668,N266JB,CHS,BOS,1415,1419.0,4.0,18.0,1437.0,128.0,136.0,111.0,818,1628.0,7.0,1623,1635.0,12.0,0,0,,0.0,0.0,0.0,0.0,0.0,2015-04-17,0,0.0,0.0,0.0,0.0,0.0
2015,4,11,6,OO,4678,N629BR,ATL,FWA,1921,1918.0,-3.0,15.0,1933.0,100.0,96.0,76.0,508,2049.0,5.0,2101,2054.0,-7.0,0,0,,0.0,0.0,0.0,0.0,0.0,2015-04-11,0,0.0,0.0,0.0,0.0,0.0
2015,3,30,1,US,2063,N823AW,CLT,BWI,1450,1447.0,-3.0,27.0,1514.0,88.0,89.0,57.0,361,1611.0,5.0,1618,1616.0,-2.0,0,0,,0.0,0.0,0.0,0.0,0.0,2015-03-30,0,0.0,0.0,0.0,0.0,0.0
2015,4,29,3,US,412,N752US,PHX,DTW,1515,1513.0,-2.0,14.0,1527.0,228.0,238.0,216.0,1671,2203.0,8.0,2203,2211.0,8.0,0,0,,0.0,0.0,0.0,0.0,0.0,2015-04-29,0,0.0,0.0,0.0,0.0,0.0
2015,4,11,6,WN,4565,N641SW,RSW,ATL,800,757.0,-3.0,9.0,806.0,110.0,106.0,78.0,515,924.0,19.0,950,943.0,-7.0,0,0,,0.0,0.0,0.0,0.0,0.0,2015-04-11,0,0.0,0.0,0.0,0.0,0.0
2015,4,24,5,OO,5527,N979SW,MSN,DEN,1337,1336.0,-1.0,9.0,1345.0,148.0,145.0,127.0,826,1452.0,9.0,1505,1501.0,-4.0,0,0,,0.0,0.0,0.0,0.0,0.0,2015-04-24,0,0.0,0.0,0.0,0.0,0.0
2015,5,3,7,DL,2314,N593NW,SEA,MSP,715,706.0,-9.0,21.0,727.0,195.0,180.0,156.0,1399,1203.0,3.0,1230,1206.0,-24.0,0,0,,0.0,0.0,0.0,0.0,0.0,2015-05-03,0,0.0,0.0,0.0,0.0,0.0
2015,4,25,6,OO,4799,N821SK,SEA,PHX,1435,1443.0,8.0,15.0,1458.0,174.0,157.0,139.0,1107,1717.0,3.0,1729,1720.0,-9.0,0,0,,0.0,0.0,0.0,0.0,0.0,2015-04-25,0,0.0,0.0,0.0,0.0,0.0
2015,4,6,1,DL,2138,N922DX,ATL,DCA,1420,1417.0,-3.0,12.0,1429.0,106.0,93.0,77.0,547,1546.0,4.0,1606,1550.0,-16.0,0,0,,0.0,0.0,0.0,0.0,0.0,2015-04-06,0,0.0,0.0,0.0,0.0,0.0
2015,4,22,3,WN,3934,N440LV,SAN,LAS,1710,1706.0,-4.0,7.0,1713.0,70.0,66.0,55.0,258,1808.0,4.0,1820,1812.0,-8.0,0,0,,0.0,0.0,0.0,0.0,0.0,2015-04-22,0,0.0,0.0,0.0,0.0,0.0
2015,4,27,1,DL,1429,N955DL,BUF,DTW,1200,1154.0,-6.0,14.0,1208.0,74.0,64.0,43.0,241,1251.0,7.0,1314,1258.0,-16.0,0,0,,0.0,0.0,0.0,0.0,0.0,2015-04-27,0,0.0,0.0,0.0,0.0,0.0
2015,4,1,3,EV,5833,N14143,ORD,CAE,1326,1316.0,-10.0,11.0,1327.0,115.0,95.0,80.0,667,1547.0,4.0,1621,1551.0,-30.0,0,0,,0.0,0.0,0.0,0.0,0.0,2015-04-01,0,0.0,0.0,0.0,0.0,0.0
2015,4,24,5,EV,4990,N920EV,BTV,DTW,1650,1939.0,169.0,11.0,1950.0,113.0,100.0,82.0,537,2112.0,7.0,1843,2119.0,156.0,0,0,,0.0,0.0,0.0,156.0,0.0,2015-04-24,1,0.0,0.0,0.0,92.31,0.0
2015,4,10,5,UA,1528,N37427,IAH,EWR,721,732.0,11.0,12.0,744.0,218.0,199.0,178.0,1400,1142.0,9.0,1159,1151.0,-8.0,0,0,,0.0,0.0,0.0,0.0,0.0,2015-04-10,0,0.0,0.0,0.0,0.0,0.0
2015,4,14,2,OO,5165,N709SK,IAH,DFW,1030,1027.0,-3.0,13.0,1040.0,71.0,60.0,41.0,224,1121.0,6.0,1141,1127.0,-14.0,0,0,,0.0,0.0,0.0,0.0,0.0,2015-04-14,0,0.0,0.0,0.0,0.0,0.0
2015,4,30,4,MQ,3222,N625MQ,TXK,DFW,1825,1818.0,-7.0,6.0,1824.0,60.0,50.0,32.0,181,1856.0,12.0,1925,1908.0,-17.0,0,0,,0.0,0.0,0.0,0.0,0.0,2015-04-30,0,0.0,0.0,0.0,0.0,0.0
2015,4,8,3,WN,148,N777QC,BUR,PHX,835,834.0,-1.0,10.0,844.0,85.0,82.0,66.0,369,950.0,6.0,1000,956.0,-4.0,0,0,,0.0,0.0,0.0,0.0,0.0,2015-04-08,0,0.0,0.0,0.0,0.0,0.0
2015,4,14,2,OO,4460,N447SW,MSP,BIS,1519,1520.0,1.0,16.0,1536.0,88.0,86.0,65.0,386,1641.0,5.0,1647,1646.0,-1.0,0,0,,0.0,0.0,0.0,0.0,0.0,2015-04-14,0,0.0,0.0,0.0,0.0,0.0
2015,4,30,4,EV,4299,N14916,DCA,EWR,823,815.0,-8.0,14.0,829.0,67.0,65.0,39.0,199,908.0,12.0,930,920.0,-10.0,0,0,,0.0,0.0,0.0,0.0,0.0,2015-04-30,0,0.0,0.0,0.0,0.0,0.0
2015,5,4,1,WN,489,N639SW,MCO,PHL,1820,2145.0,205.0,13.0,2158.0,145.0,147.0,125.0,861,3.0,9.0,2045,12.0,207.0,0,0,,2.0,0.0,0.0,205.0,0.0,2015-05-04,1,0.98,0.0,0.0,100.0,0.0
2015,4,21,2,US,1806,N186US,ORD,CLT,1355,1348.0,-7.0,13.0,1401.0,123.0,101.0,79.0,599,1620.0,9.0,1658,1629.0,-29.0,0,0,,0.0,0.0,0.0,0.0,0.0,2015-04-21,0,0.0,0.0,0.0,0.0,0.0
2015,3,29,7,EV,5018,N760EV,DTW,GSO,2030,2025.0,-5.0,20.0,2045.0,95.0,94.0,67.0,460,2152.0,7.0,2205,2159.0,-6.0,0,0,,0.0,0.0,0.0,0.0,0.0,2015-03-29,0,0.0,0.0,0.0,0.0,0.0
2015,3,28,6,OO,5645,N939SW,DEN,ELP,1940,1935.0,-5.0,18.0,1953.0,108.0,103.0,81.0,563,2114.0,4.0,2128,2118.0,-10.0,0,0,,0.0,0.0,0.0,0.0,0.0,2015-03-28,0,0.0,0.0,0.0,0.0,0.0
2015,5,3,7,WN,1214,N207WN,LAS,MAF,755,825.0,30.0,18.0,843.0,115.0,119.0,98.0,795,1221.0,3.0,1150,1224.0,34.0,0,0,,4.0,0.0,18.0,12.0,0.0,2015-05-03,1,13.33,0.0,60.0,40.0,0.0
2015,5,2,6,WN,1212,N363SW,PWM,BWI,1315,1333.0,18.0,6.0,1339.0,95.0,87.0,75.0,452,1454.0,6.0,1450,1500.0,10.0,0,0,,0.0,0.0,0.0,0.0,0.0,2015-05-02,1,0.0,0.0,0.0,0.0,0.0
2015,4,23,4,OO,4797,N802SK,LAX,LAS,1700,1720.0,20.0,26.0,1746.0,78.0,82.0,48.0,236,1834.0,8.0,1818,1842.0,24.0,0,0,,4.0,0.0,0.0,20.0,0.0,2015-04-23,1,20.0,0.0,0.0,100.0,0.0
2015,4,2,4,WN,2520,N8324A,PHX,MDW,600,557.0,-3.0,9.0,606.0,195.0,179.0,165.0,1444,1051.0,5.0,1115,1056.0,-19.0,0,0,,0.0,0.0,0.0,0.0,0.0,2015-04-02,0,0.0,0.0,0.0,0.0,0.0
2015,4,17,5,MQ,3261,N638MQ,CMH,ORD,1045,1043.0,-2.0,11.0,1054.0,86.0,69.0,51.0,296,1045.0,7.0,1111,1052.0,-19.0,0,0,,0.0,0.0,0.0,0.0,0.0,2015-04-17,0,0.0,0.0,0.0,0.0,0.0
2015,4,8,3,AA,197,N3KWAA,ORD,SFO,1400,1357.0,-3.0,27.0,1424.0,285.0,298.0,267.0,1846,1651.0,4.0,1645,1655.0,10.0,0,0,,0.0,0.0,0.0,0.0,0.0,2015-04-08,0,0.0,0.0,0.0,0.0,0.0
2015,4,12,7,DL,1297,N345NW,SRQ,ATL,1509,1501.0,-8.0,13.0,1514.0,101.0,93.0,70.0,444,1624.0,10.0,1650,1634.0,-16.0,0,0,,0.0,0.0,0.0,0.0,0.0,2015-04-12,0,0.0,0.0,0.0,0.0,0.0
2015,4,3,5,WN,3581,N8627B,STL,LAS,1310,1307.0,-3.0,8.0,1315.0,220.0,227.0,214.0,1371,1449.0,5.0,1450,1454.0,4.0,0,0,,0.0,0.0,0.0,0.0,0.0,2015-04-03,0,0.0,0.0,0.0,0.0,0.0
2015,3,29,7,OO,4511,N823AS,CID,MSP,1235,1238.0,3.0,14.0,1252.0,63.0,73.0,51.0,220,1343.0,8.0,1338,1351.0,13.0,0,0,,0.0,0.0,0.0,0.0,0.0,2015-03-29,0,0.0,0.0,0.0,0.0,0.0
2015,3,27,5,MQ,3471,N523MQ,RDU,LGA,1930,2100.0,90.0,16.0,2116.0,93.0,87.0,66.0,431,2222.0,5.0,2103,2227.0,84.0,0,0,,74.0,0.0,0.0,10.0,0.0,2015-03-27,1,82.22,0.0,0.0,11.11,0.0
2015,4,6,1,WN,3845,N294WN,DAL,BNA,1235,1235.0,0.0,10.0,1245.0,100.0,96.0,80.0,623,1405.0,6.0,1415,1411.0,-4.0,0,0,,0.0,0.0,0.0,0.0,0.0,2015-04-06,0,0.0,0.0,0.0,0.0,0.0
2015,4,12,7,MQ,3198,N616MQ,DFW,AEX,2015,2022.0,7.0,25.0,2047.0,74.0,82.0,53.0,285,2140.0,4.0,2129,2144.0,15.0,0,0,,8.0,0.0,7.0,0.0,0.0,2015-04-12,0,114.29,0.0,100.0,0.0,0.0
2015,3,31,2,DL,839,N319US,DCA,ATL,600,556.0,-4.0,12.0,608.0,111.0,97.0,79.0,547,727.0,6.0,751,733.0,-18.0,0,0,,0.0,0.0,0.0,0.0,0.0,2015-03-31,0,0.0,0.0,0.0,0.0,0.0
2015,4,22,3,US,1861,N103US,CLT,RDU,2020,2019.0,-1.0,13.0,2032.0,53.0,49.0,33.0,130,2105.0,3.0,2113,2108.0,-5.0,0,0,,0.0,0.0,0.0,0.0,0.0,2015-04-22,0,0.0,0.0,0.0,0.0,0.0
2015,4,13,1,US,2130,N829AW,BOS,DCA,1000,955.0,-5.0,10.0,1005.0,88.0,78.0,64.0,399,1109.0,4.0,1128,1113.0,-15.0,0,0,,0.0,0.0,0.0,0.0,0.0,2015-04-13,0,0.0,0.0,0.0,0.0,0.0
2015,4,21,2,MQ,2975,N633MQ,CMI,ORD,1805,1754.0,-11.0,16.0,1810.0,63.0,60.0,34.0,135,1844.0,10.0,1908,1854.0,-14.0,0,0,,0.0,0.0,0.0,0.0,0.0,2015-04-21,0,0.0,0.0,0.0,0.0,0.0
2015,4,4,6,UA,771,N809UA,ORD,DFW,940,936.0,-4.0,15.0,951.0,160.0,145.0,123.0,802,1154.0,7.0,1220,1201.0,-19.0,0,0,,0.0,0.0,0.0,0.0,0.0,2015-04-04,0,0.0,0.0,0.0,0.0,0.0
2015,4,7,2,DL,1997,N670DN,ATL,SAN,1930,1936.0,6.0,19.0,1955.0,292.0,283.0,261.0,1892,2116.0,3.0,2122,2119.0,-3.0,0,0,,0.0,0.0,0.0,0.0,0.0,2015-04-07,0,0.0,0.0,0.0,0.0,0.0
2015,5,3,7,EV,5059,N881AS,ATL,GNV,1320,1320.0,0.0,12.0,1332.0,66.0,65.0,50.0,300,1422.0,3.0,1426,1425.0,-1.0,0,0,,0.0,0.0,0.0,0.0,0.0,2015-05-03,0,0.0,0.0,0.0,0.0,0.0
2015,4,16,4,AA,1419,N3BPAA,MIA,BDL,2005,2004.0,-1.0,22.0,2026.0,186.0,182.0,157.0,1194,2303.0,3.0,2311,2306.0,-5.0,0,0,,0.0,0.0,0.0,0.0,0.0,2015-04-16,0,0.0,0.0,0.0,0.0,0.0
2015,4,8,3,MQ,3063,N500MQ,ORD,CID,1655,1654.0,-1.0,11.0,1705.0,74.0,56.0,42.0,196,1747.0,3.0,1809,1750.0,-19.0,0,0,,0.0,0.0,0.0,0.0,0.0,2015-04-08,0,0.0,0.0,0.0,0.0,0.0
2015,4,20,1,WN,354,N484WN,BOS,ATL,1645,1725.0,40.0,31.0,1756.0,170.0,189.0,147.0,946,2023.0,11.0,1935,2034.0,59.0,0,0,,19.0,0.0,14.0,26.0,0.0,2015-04-20,1,47.5,0.0,35.0,65.0,0.0
2015,4,29,3,WN,153,N297WN,DEN,LAS,1225,1222.0,-3.0,11.0,1233.0,110.0,101.0,83.0,628,1256.0,7.0,1315,1303.0,-12.0,0,0,,0.0,0.0,0.0,0.0,0.0,2015-04-29,0,0.0,0.0,0.0,0.0,0.0
2015,5,4,1,B6,640,N334JB,CLE,BOS,1858,1858.0,0.0,13.0,1911.0,107.0,93.0,75.0,563,2026.0,5.0,2045,2031.0,-14.0,0,0,,0.0,0.0,0.0,0.0,0.0,2015-05-04,0,0.0,0.0,0.0,0.0,0.0
2015,4,5,7,MQ,3574,N636MQ,TYS,ORD,600,614.0,14.0,18.0,632.0,109.0,109.0,81.0,475,653.0,10.0,649,703.0,14.0,0,0,,0.0,0.0,0.0,0.0,0.0,2015-04-05,0,0.0,0.0,0.0,0.0,0.0
2015,4,8,3,OO,5615,N971SW,SBA,SFO,2023,2008.0,-15.0,16.0,2024.0,68.0,62.0,43.0,262,2107.0,3.0,2131,2110.0,-21.0,0,0,,0.0,0.0,0.0,0.0,0.0,2015-04-08,0,0.0,0.0,0.0,0.0,0.0
2015,4,11,6,EV,4753,N13913,GRR,ORD,840,834.0,-6.0,17.0,851.0,61.0,68.0,29.0,137,820.0,22.0,841,842.0,1.0,0,0,,0.0,0.0,0.0,0.0,0.0,2015-04-11,0,0.0,0.0,0.0,0.0,0.0
2015,4,6,1,WN,532,N388SW,ABQ,PHX,2005,2001.0,-4.0,18.0,2019.0,75.0,80.0,55.0,328,2014.0,7.0,2020,2021.0,1.0,0,0,,0.0,0.0,0.0,0.0,0.0,2015-04-06,0,0.0,0.0,0.0,0.0,0.0
2015,4,11,6,NK,364,N529NK,DFW,MSY,1223,1213.0,-10.0,25.0,1238.0,83.0,91.0,62.0,447,1340.0,4.0,1346,1344.0,-2.0,0,0,,0.0,0.0,0.0,0.0,0.0,2015-04-11,0,0.0,0.0,0.0,0.0,0.0
2015,4,26,7,EV,5064,N744EV,CLE,DTW,1335,1346.0,11.0,13.0,1359.0,57.0,44.0,28.0,95,1427.0,3.0,1432,1430.0,-2.0,0,0,,0.0,0.0,0.0,0.0,0.0,2015-04-26,0,0.0,0.0,0.0,0.0,0.0
2015,3,30,1,UA,268,N817UA,MSY,IAH,515,510.0,-5.0,10.0,520.0,78.0,70.0,52.0,305,612.0,8.0,633,620.0,-13.0,0,0,,0.0,0.0,0.0,0.0,0.0,2015-03-30,0,0.0,0.0,0.0,0.0,0.0
2015,4,4,6,WN,1415,N7708E,STL,DAL,1015,1010.0,-5.0,8.0,1018.0,100.0,101.0,87.0,546,1145.0,6.0,1155,1151.0,-4.0,0,0,,0.0,0.0,0.0,0.0,0.0,2015-04-04,0,0.0,0.0,0.0,0.0,0.0
2015,4,18,6,AA,269,N4WMAA,SMF,DFW,545,546.0,1.0,12.0,558.0,203.0,201.0,180.0,1431,1058.0,9.0,1108,1107.0,-1.0,0,0,,0.0,0.0,0.0,0.0,0.0,2015-04-18,0,0.0,0.0,0.0,0.0,0.0
2015,4,26,7,WN,910,N565WN,ONT,PHX,850,936.0,46.0,5.0,941.0,70.0,63.0,53.0,325,1034.0,5.0,1000,1039.0,39.0,0,0,,0.0,0.0,39.0,0.0,0.0,2015-04-26,1,0.0,0.0,84.78,0.0,0.0
2015,4,26,7,MQ,3085,N935MQ,ORD,IND,1340,1351.0,11.0,30.0,1421.0,66.0,67.0,34.0,177,1555.0,3.0,1546,1558.0,12.0,0,0,,0.0,0.0,0.0,0.0,0.0,2015-04-26,0,0.0,0.0,0.0,0.0,0.0
2015,4,30,4,AA,1088,N3HPAA,LAS,DFW,615,611.0,-4.0,16.0,627.0,164.0,171.0,138.0,1055,1045.0,17.0,1059,1102.0,3.0,0,0,,0.0,0.0,0.0,0.0,0.0,2015-04-30,0,0.0,0.0,0.0,0.0,0.0
2015,4,24,5,HA,223,N475HA,HNL,LIH,1936,1929.0,-7.0,12.0,1941.0,37.0,41.0,25.0,102,2006.0,4.0,2013,2010.0,-3.0,0,0,,0.0,0.0,0.0,0.0,0.0,2015-04-24,0,0.0,0.0,0.0,0.0,0.0
2015,4,23,4,F9,358,N216FR,DEN,MKE,1041,1042.0,1.0,38.0,1120.0,133.0,155.0,111.0,896,1411.0,6.0,1354,1417.0,23.0,0,0,,22.0,0.0,1.0,0.0,0.0,2015-04-23,0,2200.0,0.0,100.0,0.0,0.0
2015,3,27,5,AS,828,N508AS,OGG,SAN,1525,1521.0,-4.0,24.0,1545.0,317.0,334.0,306.0,2541,2351.0,4.0,2342,2355.0,13.0,0,0,,0.0,0.0,0.0,0.0,0.0,2015-03-27,0,0.0,0.0,0.0,0.0,0.0
2015,4,6,1,WN,342,N224WN,SAN,SMF,740,735.0,-5.0,7.0,742.0,90.0,80.0,69.0,480,851.0,4.0,910,855.0,-15.0,0,0,,0.0,0.0,0.0,0.0,0.0,2015-04-06,0,0.0,0.0,0.0,0.0,0.0
2015,4,21,2,MQ,3154,N609MQ,ORD,ROC,1835,1832.0,-3.0,17.0,1849.0,113.0,95.0,73.0,528,2102.0,5.0,2128,2107.0,-21.0,0,0,,0.0,0.0,0.0,0.0,0.0,2015-04-21,0,0.0,0.0,0.0,0.0,0.0
2015,4,12,7,WN,4785,N790SW,SAN,DEN,915,913.0,-2.0,8.0,921.0,145.0,129.0,113.0,853,1214.0,8.0,1240,1222.0,-18.0,0,0,,0.0,0.0,0.0,0.0,0.0,2015-04-12,0,0.0,0.0,0.0,0.0,0.0
2015,4,1,3,B6,400,N598JB,MSY,BOS,1640,1634.0,-6.0,16.0,1650.0,191.0,197.0,176.0,1368,2046.0,5.0,2051,2051.0,0.0,0,0,,0.0,0.0,0.0,0.0,0.0,2015-04-01,0,0.0,0.0,0.0,0.0,0.0
2015,4,1,3,MQ,3277,N537MQ,CLE,ORD,1522,1518.0,-4.0,14.0,1532.0,88.0,71.0,52.0,315,1524.0,5.0,1550,1529.0,-21.0,0,0,,0.0,0.0,0.0,0.0,0.0,2015-04-01,0,0.0,0.0,0.0,0.0,0.0
2015,4,23,4,HA,113,N485HA,HNL,LIH,553,544.0,-9.0,11.0,555.0,37.0,39.0,23.0,102,618.0,5.0,630,623.0,-7.0,0,0,,0.0,0.0,0.0,0.0,0.0,2015-04-23,0,0.0,0.0,0.0,0.0,0.0
2015,4,7,2,WN,3877,N484WN,CHS,BWI,2125,2120.0,-5.0,10.0,2130.0,95.0,87.0,72.0,472,2242.0,5.0,2300,2247.0,-13.0,0,0,,0.0,0.0,0.0,0.0,0.0,2015-04-07,0,0.0,0.0,0.0,0.0,0.0
2015,4,22,3,OO,7399,N8933B,MSP,HIB,1115,1149.0,34.0,21.0,1210.0,60.0,61.0,36.0,174,1246.0,4.0,1215,1250.0,35.0,0,0,,1.0,0.0,34.0,0.0,0.0,2015-04-22,1,2.94,0.0,100.0,0.0,0.0
2015,4,1,3,DL,1179,N932DN,STL,ATL,600,552.0,-8.0,12.0,604.0,95.0,82.0,66.0,484,810.0,4.0,835,814.0,-21.0,0,0,,0.0,0.0,0.0,0.0,0.0,2015-04-01,0,0.0,0.0,0.0,0.0,0.0
2015,4,22,3,AA,1299,N3LSAA,ORD,BOS,840,835.0,-5.0,10.0,845.0,142.0,124.0,102.0,867,1127.0,12.0,1202,1139.0,-23.0,0,0,,0.0,0.0,0.0,0.0,0.0,2015-04-22,0,0.0,0.0,0.0,0.0,0.0
2015,4,29,3,NK,130,N532NK,ATL,ACY,2140,2141.0,1.0,14.0,2155.0,114.0,108.0,89.0,679,2324.0,5.0,2334,2329.0,-5.0,0,0,,0.0,0.0,0.0,0.0,0.0,2015-04-29,0,0.0,0.0,0.0,0.0,0.0
2015,4,4,6,AS,324,N615AS,SEA,SJC,1215,1211.0,-4.0,12.0,1223.0,124.0,123.0,107.0,697,1410.0,4.0,1419,1414.0,-5.0,0,0,,0.0,0.0,0.0,0.0,0.0,2015-04-04,0,0.0,0.0,0.0,0.0,0.0
2015,4,19,7,WN,1050,N735SA,PHX,EWR,1000,959.0,-1.0,10.0,1009.0,290.0,274.0,247.0,2133,1716.0,17.0,1750,1733.0,-17.0,0,0,,0.0,0.0,0.0,0.0,0.0,2015-04-19,0,0.0,0.0,0.0,0.0,0.0
2015,4,15,3,DL,1707,N3759,PHX,JFK,1142,1138.0,-4.0,17.0,1155.0,288.0,281.0,252.0,2153,1907.0,12.0,1930,1919.0,-11.0,0,0,,0.0,0.0,0.0,0.0,0.0,2015-04-15,0,0.0,0.0,0.0,0.0,0.0
2015,4,27,1,UA,509,N488UA,IAH,ORD,1017,1038.0,21.0,13.0,1051.0,163.0,147.0,125.0,925,1256.0,9.0,1300,1305.0,5.0,0,0,,0.0,0.0,0.0,0.0,0.0,2015-04-27,1,0.0,0.0,0.0,0.0,0.0
2015,5,4,1,WN,901,N7814B,BWI,ATL,1555,1551.0,-4.0,14.0,1605.0,120.0,104.0,82.0,577,1727.0,8.0,1755,1735.0,-20.0,0,0,,0.0,0.0,0.0,0.0,0.0,2015-05-04,0,0.0,0.0,0.0,0.0,0.0
2015,4,1,3,EV,2510,N876AS,GGG,DFW,1015,1013.0,-2.0,7.0,1020.0,56.0,52.0,39.0,140,1059.0,6.0,1111,1105.0,-6.0,0,0,,0.0,0.0,0.0,0.0,0.0,2015-04-01,0,0.0,0.0,0.0,0.0,0.0
2015,4,8,3,WN,213,N725SW,LAS,ATL,955,1008.0,13.0,10.0,1018.0,235.0,214.0,195.0,1747,1633.0,9.0,1650,1642.0,-8.0,0,0,,0.0,0.0,0.0,0.0,0.0,2015-04-08,0,0.0,0.0,0.0,0.0,0.0
2015,4,24,5,DL,1928,N588NW,MCO,DTW,820,819.0,-1.0,16.0,835.0,154.0,164.0,141.0,957,1056.0,7.0,1054,1103.0,9.0,0,0,,0.0,0.0,0.0,0.0,0.0,2015-04-24,0,0.0,0.0,0.0,0.0,0.0
2015,3,31,2,AA,1694,N3LKAA,LAX,IAD,2210,2206.0,-4.0,18.0,2224.0,298.0,287.0,262.0,2288,546.0,7.0,608,553.0,-15.0,0,0,,0.0,0.0,0.0,0.0,0.0,2015-03-31,0,0.0,0.0,0.0,0.0,0.0
2015,4,9,4,AA,379,N4YRAA,DFW,DEN,1045,1047.0,2.0,21.0,1108.0,131.0,128.0,99.0,641,1147.0,8.0,1156,1155.0,-1.0,0,0,,0.0,0.0,0.0,0.0,0.0,2015-04-09,0,0.0,0.0,0.0,0.0,0.0
2015,4,2,4,OO,5632,N507CA,SBA,SFO,520,516.0,-4.0,14.0,530.0,75.0,65.0,48.0,262,618.0,3.0,635,621.0,-14.0,0,0,,0.0,0.0,0.0,0.0,0.0,2015-04-02,0,0.0,0.0,0.0,0.0,0.0
2015,4,19,7,DL,1521,N934DL,DAY,ATL,1020,1018.0,-2.0,10.0,1028.0,97.0,99.0,80.0,432,1148.0,9.0,1157,1157.0,0.0,0,0,,0.0,0.0,0.0,0.0,0.0,2015-04-19,0,0.0,0.0,0.0,0.0,0.0
2015,4,26,7,WN,1785,N943WN,BUF,FLL,650,646.0,-4.0,9.0,655.0,185.0,165.0,150.0,1166,925.0,6.0,955,931.0,-24.0,0,0,,0.0,0.0,0.0,0.0,0.0,2015-04-26,0,0.0,0.0,0.0,0.0,0.0
2015,4,14,2,EV,4234,N14558,ORD,MLI,1255,1251.0,-4.0,15.0,1306.0,56.0,52.0,30.0,139,1336.0,7.0,1351,1343.0,-8.0,0,0,,0.0,0.0,0.0,0.0,0.0,2015-04-14,0,0.0,0.0,0.0,0.0,0.0
2015,4,5,7,NK,903,N611NK,ORD,DFW,1845,1852.0,7.0,13.0,1905.0,148.0,137.0,119.0,802,2104.0,5.0,2113,2109.0,-4.0,0,0,,0.0,0.0,0.0,0.0,0.0,2015-04-05,0,0.0,0.0,0.0,0.0,0.0
2015,4,30,4,WN,340,N207WN,PHX,DAL,1735,1740.0,5.0,6.0,1746.0,135.0,133.0,122.0,879,2148.0,5.0,2150,2153.0,3.0,0,0,,0.0,0.0,0.0,0.0,0.0,2015-04-30,0,0.0,0.0,0.0,0.0,0.0
2015,3,31,2,DL,2433,N959DL,ATL,MSY,855,853.0,-2.0,12.0,905.0,96.0,86.0,71.0,425,916.0,3.0,931,919.0,-12.0,0,0,,0.0,0.0,0.0,0.0,0.0,2015-03-31,0,0.0,0.0,0.0,0.0,0.0
2015,3,28,6,DL,1780,N315NB,MSP,DEN,716,710.0,-6.0,13.0,723.0,126.0,105.0,88.0,680,751.0,4.0,822,755.0,-27.0,0,0,,0.0,0.0,0.0,0.0,0.0,2015-03-28,0,0.0,0.0,0.0,0.0,0.0
2015,4,14,2,B6,1168,N231JB,PBI,HPN,805,753.0,-12.0,19.0,812.0,165.0,173.0,149.0,1056,1041.0,5.0,1050,1046.0,-4.0,0,0,,0.0,0.0,0.0,0.0,0.0,2015-04-14,0,0.0,0.0,0.0,0.0,0.0
2015,5,1,5,DL,2224,N979AT,CHO,ATL,630,622.0,-8.0,10.0,632.0,97.0,80.0,65.0,457,737.0,5.0,807,742.0,-25.0,0,0,,0.0,0.0,0.0,0.0,0.0,2015-05-01,0,0.0,0.0,0.0,0.0,0.0
2015,4,12,7,AA,2321,N007AA,MIA,STL,1820,1812.0,-8.0,12.0,1824.0,174.0,166.0,151.0,1068,1955.0,3.0,2014,1958.0,-16.0,0,0,,0.0,0.0,0.0,0.0,0.0,2015-04-12,0,0.0,0.0,0.0,0.0,0.0
2015,4,21,2,WN,674,N425LV,BUF,MCO,1505,1500.0,-5.0,8.0,1508.0,160.0,159.0,142.0,1011,1730.0,9.0,1745,1739.0,-6.0,0,0,,0.0,0.0,0.0,0.0,0.0,2015-04-21,0,0.0,0.0,0.0,0.0,0.0
2015,4,2,4,VX,334,N843VA,LAX,FLL,1010,1004.0,-6.0,8.0,1012.0,290.0,267.0,246.0,2343,1718.0,13.0,1800,1731.0,-29.0,0,0,,0.0,0.0,0.0,0.0,0.0,2015-04-02,0,0.0,0.0,0.0,0.0,0.0
2015,5,2,6,WN,1394,N217JC,RNO,LAS,1400,1357.0,-3.0,7.0,1404.0,75.0,72.0,57.0,345,1501.0,8.0,1515,1509.0,-6.0,0,0,,0.0,0.0,0.0,0.0,0.0,2015-05-02,0,0.0,0.0,0.0,0.0,0.0
2015,4,8,3,AS,811,N569AS,OAK,OGG,715,705.0,-10.0,20.0,725.0,321.0,330.0,304.0,2349,929.0,6.0,936,935.0,-1.0,0,0,,0.0,0.0,0.0,0.0,0.0,2015-04-08,0,0.0,0.0,0.0,0.0,0.0
2015,4,9,4,OO,7392,N461SW,SGU,SLC,637,634.0,-3.0,14.0,648.0,68.0,66.0,48.0,272,736.0,4.0,745,740.0,-5.0,0,0,,0.0,0.0,0.0,0.0,0.0,2015-04-09,0,0.0,0.0,0.0,0.0,0.0
2015,4,16,4,OO,2787,N897SK,PHX,SAT,1545,1541.0,-4.0,13.0,1554.0,124.0,116.0,100.0,843,1934.0,3.0,1949,1937.0,-12.0,0,0,,0.0,0.0,0.0,0.0,0.0,2015-04-16,0,0.0,0.0,0.0,0.0,0.0
2015,4,12,7,EV,5171,N923EV,TRI,ATL,1032,1027.0,-5.0,8.0,1035.0,63.0,63.0,47.0,227,1122.0,8.0,1135,1130.0,-5.0,0,0,,0.0,0.0,0.0,0.0,0.0,2015-04-12,0,0.0,0.0,0.0,0.0,0.0
2015,4,8,3,UA,1117,N14214,MIA,EWR,1922,1923.0,1.0,13.0,1936.0,187.0,177.0,146.0,1085,2202.0,18.0,2229,2220.0,-9.0,0,0,,0.0,0.0,0.0,0.0,0.0,2015-04-08,0,0.0,0.0,0.0,0.0,0.0
2015,4,18,6,UA,1457,N26210,SFO,IAH,600,605.0,5.0,12.0,617.0,235.0,219.0,200.0,1635,1137.0,7.0,1155,1144.0,-11.0,0,0,,0.0,0.0,0.0,0.0,0.0,2015-04-18,0,0.0,0.0,0.0,0.0,0.0
2015,4,20,1,WN,4303,N369SW,IND,TPA,1220,1223.0,3.0,10.0,1233.0,130.0,138.0,122.0,837,1435.0,6.0,1430,1441.0,11.0,0,0,,0.0,0.0,0.0,0.0,0.0,2015-04-20,0,0.0,0.0,0.0,0.0,0.0
2015,4,5,7,US,572,N194UW,SLC,PHX,1715,1713.0,-2.0,19.0,1732.0,101.0,107.0,80.0,507,1752.0,8.0,1756,1800.0,4.0,0,0,,0.0,0.0,0.0,0.0,0.0,2015-04-05,0,0.0,0.0,0.0,0.0,0.0
2015,4,6,1,OO,4807,N461SW,HLN,SLC,1300,1253.0,-7.0,14.0,1307.0,86.0,93.0,74.0,402,1421.0,5.0,1426,1426.0,0.0,0,0,,0.0,0.0,0.0,0.0,0.0,2015-04-06,0,0.0,0.0,0.0,0.0,0.0
2015,4,17,5,WN,2499,N466WN,AMA,LAS,1505,1506.0,1.0,7.0,1513.0,135.0,131.0,104.0,758,1457.0,20.0,1520,1517.0,-3.0,0,0,,0.0,0.0,0.0,0.0,0.0,2015-04-17,0,0.0,0.0,0.0,0.0,0.0
2015,4,12,7,EV,4306,N18114,DEN,OMA,1515,1512.0,-3.0,16.0,1528.0,90.0,91.0,68.0,472,1736.0,7.0,1745,1743.0,-2.0,0,0,,0.0,0.0,0.0,0.0,0.0,2015-04-12,0,0.0,0.0,0.0,0.0,0.0
2015,4,12,7,DL,1802,N378NW,SLC,DEN,1355,1356.0,1.0,11.0,1407.0,84.0,77.0,59.0,391,1506.0,7.0,1519,1513.0,-6.0,0,0,,0.0,0.0,0.0,0.0,0.0,2015-04-12,0,0.0,0.0,0.0,0.0,0.0
2015,4,11,6,US,775,N107US,SJU,PHL,835,827.0,-8.0,61.0,928.0,236.0,272.0,209.0,1576,1257.0,2.0,1231,1259.0,28.0,0,0,,28.0,0.0,0.0,0.0,0.0,2015-04-11,0,-350.0,-0.0,-0.0,-0.0,-0.0
2015,4,18,6,WN,2340,N604SW,IND,MCI,1450,1450.0,0.0,8.0,1458.0,90.0,79.0,67.0,451,1505.0,4.0,1520,1509.0,-11.0,0,0,,0.0,0.0,0.0,0.0,0.0,2015-04-18,0,0.0,0.0,0.0,0.0,0.0
2015,4,6,1,DL,792,N958DN,PBI,ATL,700,657.0,-3.0,15.0,712.0,110.0,114.0,87.0,545,839.0,12.0,850,851.0,1.0,0,0,,0.0,0.0,0.0,0.0,0.0,2015-04-06,0,0.0,0.0,0.0,0.0,0.0
2015,5,4,1,EV,4547,N18557,OKC,IAH,1216,1206.0,-10.0,8.0,1214.0,87.0,81.0,61.0,395,1315.0,12.0,1343,1327.0,-16.0,0,0,,0.0,0.0,0.0,0.0,0.0,2015-05-04,0,0.0,0.0,0.0,0.0,0.0
2015,3,31,2,WN,4296,N7744A,BWI,OAK,1010,1029.0,19.0,9.0,1038.0,375.0,344.0,329.0,2447,1307.0,6.0,1325,1313.0,-12.0,0,0,,0.0,0.0,0.0,0.0,0.0,2015-03-31,1,0.0,0.0,0.0,0.0,0.0
2015,4,20,1,WN,1267,N8309C,MDW,FLL,700,714.0,14.0,19.0,733.0,180.0,175.0,152.0,1167,1105.0,4.0,1100,1109.0,9.0,0,0,,0.0,0.0,0.0,0.0,0.0,2015-04-20,0,0.0,0.0,0.0,0.0,0.0
2015,5,4,1,WN,106,N7705A,LAX,SMF,1325,1353.0,28.0,22.0,1415.0,80.0,85.0,58.0,373,1513.0,5.0,1445,1518.0,33.0,0,0,,5.0,0.0,7.0,21.0,0.0,2015-05-04,1,17.86,0.0,25.0,75.0,0.0
2015,3,28,6,UA,737,N825UA,DFW,DEN,1305,1259.0,-6.0,19.0,1318.0,130.0,120.0,95.0,641,1353.0,6.0,1415,1359.0,-16.0,0,0,,0.0,0.0,0.0,0.0,0.0,2015-03-28,0,0.0,0.0,0.0,0.0,0.0
2015,4,3,5,WN,2339,N8650F,OAK,DAL,600,555.0,-5.0,20.0,615.0,205.0,194.0,170.0,1468,1105.0,4.0,1125,1109.0,-16.0,0,0,,0.0,0.0,0.0,0.0,0.0,2015-04-03,0,0.0,0.0,0.0,0.0,0.0
2015,4,16,4,DL,681,N987DL,MCO,LGA,1500,1451.0,-9.0,19.0,1510.0,156.0,161.0,132.0,950,1722.0,10.0,1736,1732.0,-4.0,0,0,,0.0,0.0,0.0,0.0,0.0,2015-04-16,0,0.0,0.0,0.0,0.0,0.0
2015,4,10,5,WN,122,N428WN,SEA,SAN,625,624.0,-1.0,12.0,636.0,160.0,149.0,135.0,1050,851.0,2.0,905,853.0,-12.0,0,0,,0.0,0.0,0.0,0.0,0.0,2015-04-10,0,0.0,0.0,0.0,0.0,0.0
2015,3,29,7,WN,178,N473WN,PVD,TPA,1135,1131.0,-4.0,8.0,1139.0,190.0,158.0,146.0,1136,1405.0,4.0,1445,1409.0,-36.0,0,0,,0.0,0.0,0.0,0.0,0.0,2015-03-29,0,0.0,0.0,0.0,0.0,0.0
2015,4,13,1,UA,73,N76055,SFO,HNL,1610,1611.0,1.0,16.0,1627.0,325.0,311.0,290.0,2398,1817.0,5.0,1835,1822.0,-13.0,0,0,,0.0,0.0,0.0,0.0,0.0,2015-04-13,0,0.0,0.0,0.0,0.0,0.0
2015,3,31,2,EV,5356,N883AS,PHF,ATL,1342,1339.0,-3.0,9.0,1348.0,113.0,106.0,88.0,508,1516.0,9.0,1535,1525.0,-10.0,0,0,,0.0,0.0,0.0,0.0,0.0,2015-03-31,0,0.0,0.0,0.0,0.0,0.0
2015,4,3,5,EV,4230,N24128,AUS,DEN,1146,1145.0,-1.0,11.0,1156.0,142.0,128.0,112.0,775,1248.0,5.0,1308,1253.0,-15.0,0,0,,0.0,0.0,0.0,0.0,0.0,2015-04-03,0,0.0,0.0,0.0,0.0,0.0
2015,4,8,3,EV,5176,N855AS,OAJ,ATL,1058,1059.0,1.0,13.0,1112.0,92.0,90.0,71.0,399,1223.0,6.0,1230,1229.0,-1.0,0,0,,0.0,0.0,0.0,0.0,0.0,2015-04-08,0,0.0,0.0,0.0,0.0,0.0
2015,4,4,6,UA,1091,N75410,IAH,ORD,1840,1858.0,18.0,8.0,1906.0,155.0,133.0,119.0,925,2105.0,6.0,2115,2111.0,-4.0,0,0,,0.0,0.0,0.0,0.0,0.0,2015-04-04,1,0.0,0.0,0.0,0.0,0.0
2015,5,1,5,AA,316,N4YTAA,OKC,DFW,815,808.0,-7.0,17.0,825.0,67.0,58.0,19.0,175,844.0,22.0,922,906.0,-16.0,0,0,,0.0,0.0,0.0,0.0,0.0,2015-05-01,0,0.0,0.0,0.0,0.0,0.0
2015,4,7,2,WN,4102,N772SW,RSW,BWI,1840,1837.0,-3.0,10.0,1847.0,145.0,143.0,129.0,919,2056.0,4.0,2105,2100.0,-5.0,0,0,,0.0,0.0,0.0,0.0,0.0,2015-04-07,0,0.0,0.0,0.0,0.0,0.0
2015,4,2,4,EV,6084,N14148,DEN,FAR,2032,2026.0,-6.0,63.0,2129.0,114.0,153.0,80.0,627,2349.0,10.0,2326,2359.0,33.0,0,0,,33.0,0.0,0.0,0.0,0.0,2015-04-02,0,-550.0,-0.0,-0.0,-0.0,-0.0
2015,5,2,6,OO,4993,N732SK,MSY,ORD,1743,1733.0,-10.0,8.0,1741.0,150.0,138.0,119.0,837,1940.0,11.0,2013,1951.0,-22.0,0,0,,0.0,0.0,0.0,0.0,0.0,2015-05-02,0,0.0,0.0,0.0,0.0,0.0
2015,4,11,6,MQ,2955,N907MQ,TVC,ORD,625,619.0,-6.0,25.0,644.0,75.0,76.0,46.0,224,630.0,5.0,640,635.0,-5.0,0,0,,0.0,0.0,0.0,0.0,0.0,2015-04-11,0,0.0,0.0,0.0,0.0,0.0
2015,5,4,1,EV,3951,N11137,SHV,IAH,1715,1718.0,3.0,13.0,1731.0,65.0,66.0,41.0,192,1812.0,12.0,1820,1824.0,4.0,0,0,,0.0,0.0,0.0,0.0,0.0,2015-05-04,0,0.0,0.0,0.0,0.0,0.0
2015,4,30,4,DL,1464,N911DA,MSP,DCA,720,715.0,-5.0,17.0,732.0,145.0,144.0,121.0,931,1033.0,6.0,1045,1039.0,-6.0,0,0,,0.0,0.0,0.0,0.0,0.0,2015-04-30,0,0.0,0.0,0.0,0.0,0.0
2015,4,6,1,DL,2476,N959DL,ATL,MSY,1855,1849.0,-6.0,11.0,1900.0,97.0,84.0,69.0,425,1909.0,4.0,1932,1913.0,-19.0,0,0,,0.0,0.0,0.0,0.0,0.0,2015-04-06,0,0.0,0.0,0.0,0.0,0.0
2015,4,17,5,WN,2700,N912WN,TPA,ATL,1650,1651.0,1.0,34.0,1725.0,95.0,109.0,66.0,406,1831.0,9.0,1825,1840.0,15.0,0,0,,15.0,0.0,0.0,0.0,0.0,2015-04-17,0,1500.0,0.0,0.0,0.0,0.0
2015,5,1,5,AA,1667,N520AA,DFW,SLC,1530,1523.0,-7.0,17.0,1540.0,175.0,160.0,137.0,989,1657.0,6.0,1725,1703.0,-22.0,0,0,,0.0,0.0,0.0,0.0,0.0,2015-05-01,0,0.0,0.0,0.0,0.0,0.0
2015,4,17,5,WN,4924,N264LV,MSY,DAL,1525,1600.0,35.0,5.0,1605.0,85.0,78.0,70.0,436,1715.0,3.0,1650,1718.0,28.0,0,0,,0.0,0.0,0.0,28.0,0.0,2015-04-17,1,0.0,0.0,0.0,80.0,0.0
2015,5,2,6,VX,932,N641VA,SFO,LAX,1630,1624.0,-6.0,14.0,1638.0,80.0,78.0,57.0,337,1735.0,7.0,1750,1742.0,-8.0,0,0,,0.0,0.0,0.0,0.0,0.0,2015-05-02,0,0.0,0.0,0.0,0.0,0.0
2015,4,6,1,EV,5914,N13553,GSO,ORD,700,647.0,-13.0,17.0,704.0,125.0,129.0,106.0,589,750.0,6.0,805,756.0,-9.0,0,0,,0.0,0.0,0.0,0.0,0.0,2015-04-06,0,0.0,0.0,0.0,0.0,0.0
2015,3,26,4,UA,1161,N38454,RDU,SFO,648,650.0,2.0,11.0,701.0,370.0,333.0,313.0,2400,914.0,9.0,958,923.0,-35.0,0,0,,0.0,0.0,0.0,0.0,0.0,2015-03-26,0,0.0,0.0,0.0,0.0,0.0
2015,3,29,7,WN,2330,N7708E,MDW,MSP,1910,1908.0,-2.0,7.0,1915.0,85.0,74.0,60.0,349,2015.0,7.0,2035,2022.0,-13.0,0,0,,0.0,0.0,0.0,0.0,0.0,2015-03-29,0,0.0,0.0,0.0,0.0,0.0
2015,5,3,7,WN,3936,N781WN,DCA,HOU,1100,1055.0,-5.0,8.0,1103.0,200.0,173.0,159.0,1218,1242.0,6.0,1320,1248.0,-32.0,0,0,,0.0,0.0,0.0,0.0,0.0,2015-05-03,0,0.0,0.0,0.0,0.0,0.0
2015,5,1,5,EV,4670,N11535,OMA,IAH,1554,1602.0,8.0,9.0,1611.0,141.0,130.0,112.0,781,1803.0,9.0,1815,1812.0,-3.0,0,0,,0.0,0.0,0.0,0.0,0.0,2015-05-01,0,0.0,0.0,0.0,0.0,0.0
2015,4,29,3,DL,1480,N905DL,BDL,DTW,610,604.0,-6.0,12.0,616.0,114.0,98.0,81.0,549,737.0,5.0,804,742.0,-22.0,0,0,,0.0,0.0,0.0,0.0,0.0,2015-04-29,0,0.0,0.0,0.0,0.0,0.0
2015,3,26,4,EV,5227,N678CA,ATL,SHV,1005,1019.0,14.0,14.0,1033.0,111.0,104.0,86.0,551,1059.0,4.0,1056,1103.0,7.0,0,0,,0.0,0.0,0.0,0.0,0.0,2015-03-26,0,0.0,0.0,0.0,0.0,0.0
2015,4,5,7,DL,1291,N972DL,ATL,DTW,1340,1338.0,-2.0,8.0,1346.0,115.0,105.0,93.0,594,1519.0,4.0,1535,1523.0,-12.0,0,0,,0.0,0.0,0.0,0.0,0.0,2015-04-05,0,0.0,0.0,0.0,0.0,0.0
2015,4,17,5,WN,1163,N7736A,MDW,RDU,1010,1010.0,0.0,8.0,1018.0,105.0,102.0,90.0,632,1248.0,4.0,1255,1252.0,-3.0,0,0,,0.0,0.0,0.0,0.0,0.0,2015-04-17,0,0.0,0.0,0.0,0.0,0.0
2015,4,7,2,MQ,3222,N935MQ,TXK,DFW,1825,1815.0,-10.0,16.0,1831.0,60.0,71.0,42.0,181,1913.0,13.0,1925,1926.0,1.0,0,0,,0.0,0.0,0.0,0.0,0.0,2015-04-07,0,0.0,0.0,0.0,0.0,0.0
2015,4,9,4,WN,3230,N8619F,SEA,PHX,1200,1157.0,-3.0,13.0,1210.0,170.0,163.0,142.0,1107,1432.0,8.0,1450,1440.0,-10.0,0,0,,0.0,0.0,0.0,0.0,0.0,2015-04-09,0,0.0,0.0,0.0,0.0,0.0
2015,4,5,7,DL,750,N937AT,BOS,JFK,600,553.0,-7.0,25.0,618.0,80.0,78.0,46.0,187,704.0,7.0,720,711.0,-9.0,0,0,,0.0,0.0,0.0,0.0,0.0,2015-04-05,0,0.0,0.0,0.0,0.0,0.0
2015,4,11,6,EV,6079,N12563,ATW,ORD,1742,1728.0,-14.0,9.0,1737.0,65.0,53.0,33.0,160,1810.0,11.0,1847,1821.0,-26.0,0,0,,0.0,0.0,0.0,0.0,0.0,2015-04-11,0,0.0,0.0,0.0,0.0,0.0
2015,3,30,1,EV,4732,N23139,IAH,DTW,1329,1327.0,-2.0,11.0,1338.0,168.0,177.0,160.0,1075,1718.0,6.0,1717,1724.0,7.0,0,0,,0.0,0.0,0.0,0.0,0.0,2015-03-30,0,0.0,0.0,0.0,0.0,0.0
2015,3,29,7,AA,2421,N5BYAA,MIA,STT,1220,1217.0,-3.0,14.0,1231.0,154.0,148.0,131.0,1107,1442.0,3.0,1454,1445.0,-9.0,0,0,,0.0,0.0,0.0,0.0,0.0,2015-03-29,0,0.0,0.0,0.0,0.0,0.0
2015,4,18,6,EV,4894,N759EV,ATL,FNT,1510,1505.0,-5.0,18.0,1523.0,115.0,108.0,87.0,645,1650.0,3.0,1705,1653.0,-12.0,0,0,,0.0,0.0,0.0,0.0,0.0,2015-04-18,0,0.0,0.0,0.0,0.0,0.0
2015,3,29,7,UA,286,N408UA,SNA,IAH,745,756.0,11.0,17.0,813.0,189.0,175.0,152.0,1346,1245.0,6.0,1254,1251.0,-3.0,0,0,,0.0,0.0,0.0,0.0,0.0,2015-03-29,0,0.0,0.0,0.0,0.0,0.0
2015,5,1,5,US,566,N195UW,SAN,PHX,1000,956.0,-4.0,16.0,1012.0,71.0,74.0,50.0,304,1102.0,8.0,1111,1110.0,-1.0,0,0,,0.0,0.0,0.0,0.0,0.0,2015-05-01,0,0.0,0.0,0.0,0.0,0.0
2015,4,16,4,DL,1419,N908DE,ATL,JFK,1758,1755.0,-3.0,18.0,1813.0,152.0,136.0,101.0,760,1954.0,17.0,2030,2011.0,-19.0,0,0,,0.0,0.0,0.0,0.0,0.0,2015-04-16,0,0.0,0.0,0.0,0.0,0.0
2015,4,14,2,WN,154,N451WN,DEN,DAL,1100,1203.0,63.0,10.0,1213.0,115.0,104.0,90.0,651,1443.0,4.0,1355,1447.0,52.0,0,0,,0.0,0.0,52.0,0.0,0.0,2015-04-14,1,0.0,0.0,82.54,0.0,0.0
2015,4,9,4,B6,1109,N258JB,BOS,JAX,845,833.0,-12.0,22.0,855.0,179.0,170.0,144.0,1010,1119.0,4.0,1144,1123.0,-21.0,0,0,,0.0,0.0,0.0,0.0,0.0,2015-04-09,0,0.0,0.0,0.0,0.0,0.0
2015,4,26,7,OO,6206,N756SK,MLI,ORD,2102,2052.0,-10.0,9.0,2101.0,59.0,52.0,33.0,139,2134.0,10.0,2201,2144.0,-17.0,0,0,,0.0,0.0,0.0,0.0,0.0,2015-04-26,0,0.0,0.0,0.0,0.0,0.0
2015,4,29,3,WN,355,N948WN,OAK,SNA,745,741.0,-4.0,7.0,748.0,80.0,74.0,63.0,371,851.0,4.0,905,855.0,-10.0,0,0,,0.0,0.0,0.0,0.0,0.0,2015-04-29,0,0.0,0.0,0.0,0.0,0.0
2015,4,13,1,HA,509,N477HA,HNL,LIH,905,858.0,-7.0,9.0,907.0,38.0,37.0,23.0,102,930.0,5.0,943,935.0,-8.0,0,0,,0.0,0.0,0.0,0.0,0.0,2015-04-13,0,0.0,0.0,0.0,0.0,0.0
2015,4,1,3,EV,4088,N13964,ABQ,IAH,1717,1720.0,3.0,16.0,1736.0,127.0,135.0,113.0,744,2029.0,6.0,2024,2035.0,11.0,0,0,,0.0,0.0,0.0,0.0,0.0,2015-04-01,0,0.0,0.0,0.0,0.0,0.0
2015,4,6,1,WN,2007,N959WN,CMH,MDW,1240,1235.0,-5.0,12.0,1247.0,75.0,66.0,49.0,283,1236.0,5.0,1255,1241.0,-14.0,0,0,,0.0,0.0,0.0,0.0,0.0,2015-04-06,0,0.0,0.0,0.0,0.0,0.0
2015,4,30,4,US,475,N155UW,CLT,SFO,2005,2005.0,0.0,17.0,2022.0,335.0,343.0,301.0,2296,2223.0,25.0,2240,2248.0,8.0,0,0,,0.0,0.0,0.0,0.0,0.0,2015-04-30,0,0.0,0.0,0.0,0.0,0.0
2015,4,24,5,EV,2570,N901EV,DFW,MEI,1215,1214.0,-1.0,33.0,1247.0,100.0,103.0,65.0,485,1352.0,5.0,1355,1357.0,2.0,0,0,,0.0,0.0,0.0,0.0,0.0,2015-04-24,0,0.0,0.0,0.0,0.0,0.0
2015,4,24,5,UA,283,N829UA,EWR,ATL,1325,1323.0,-2.0,23.0,1346.0,150.0,142.0,113.0,746,1539.0,6.0,1555,1545.0,-10.0,0,0,,0.0,0.0,0.0,0.0,0.0,2015-04-24,0,0.0,0.0,0.0,0.0,0.0
2015,4,20,1,EV,4617,N14573,CMH,IAH,1147,1143.0,-4.0,8.0,1151.0,171.0,171.0,154.0,986,1325.0,9.0,1338,1334.0,-4.0,0,0,,0.0,0.0,0.0,0.0,0.0,2015-04-20,0,0.0,0.0,0.0,0.0,0.0
2015,3,30,1,MQ,3689,N633MQ,ORD,EVV,1540,1538.0,-2.0,22.0,1600.0,71.0,66.0,40.0,273,1640.0,4.0,1651,1644.0,-7.0,0,0,,0.0,0.0,0.0,0.0,0.0,2015-03-30,0,0.0,0.0,0.0,0.0,0.0
2015,4,8,3,UA,1601,N68823,SFO,DEN,1049,1107.0,18.0,15.0,1122.0,155.0,140.0,115.0,967,1417.0,10.0,1424,1427.0,3.0,0,0,,0.0,0.0,0.0,0.0,0.0,2015-04-08,1,0.0,0.0,0.0,0.0,0.0
2015,4,17,5,DL,1736,N3772H,ATL,CMH,2215,2214.0,-1.0,11.0,2225.0,96.0,78.0,63.0,447,2328.0,4.0,2351,2332.0,-19.0,0,0,,0.0,0.0,0.0,0.0,0.0,2015-04-17,0,0.0,0.0,0.0,0.0,0.0
2015,5,1,5,EV,5167,N760EV,DTW,IAH,1210,1208.0,-2.0,31.0,1239.0,185.0,180.0,141.0,1075,1400.0,8.0,1415,1408.0,-7.0,0,0,,0.0,0.0,0.0,0.0,0.0,2015-05-01,0,0.0,0.0,0.0,0.0,0.0
2015,4,19,7,UA,261,N803UA,SFO,LAX,807,803.0,-4.0,22.0,825.0,93.0,93.0,55.0,337,920.0,16.0,940,936.0,-4.0,0,0,,0.0,0.0,0.0,0.0,0.0,2015-04-19,0,0.0,0.0,0.0,0.0,0.0
2015,4,9,4,F9,404,N931FR,LAX,DEN,955,955.0,0.0,11.0,1006.0,138.0,123.0,107.0,862,1253.0,5.0,1313,1258.0,-15.0,0,0,,0.0,0.0,0.0,0.0,0.0,2015-04-09,0,0.0,0.0,0.0,0.0,0.0
2015,4,2,4,B6,715,N183JB,DCA,JAX,1536,1536.0,0.0,15.0,1551.0,123.0,111.0,92.0,634,1723.0,4.0,1739,1727.0,-12.0,0,0,,0.0,0.0,0.0,0.0,0.0,2015-04-02,0,0.0,0.0,0.0,0.0,0.0
2015,4,14,2,WN,560,N487WN,LAS,BNA,1545,1546.0,1.0,12.0,1558.0,215.0,205.0,188.0,1587,2106.0,5.0,2120,2111.0,-9.0,0,0,,0.0,0.0,0.0,0.0,0.0,2015-04-14,0,0.0,0.0,0.0,0.0,0.0
2015,3,28,6,US,1843,N832AW,CLT,ATL,1558,1553.0,-5.0,12.0,1605.0,74.0,61.0,44.0,226,1649.0,5.0,1712,1654.0,-18.0,0,0,,0.0,0.0,0.0,0.0,0.0,2015-03-28,0,0.0,0.0,0.0,0.0,0.0
2015,4,14,2,DL,2413,N933AT,DTW,ORD,850,844.0,-6.0,21.0,905.0,81.0,71.0,43.0,235,848.0,7.0,911,855.0,-16.0,0,0,,0.0,0.0,0.0,0.0,0.0,2015-04-14,0,0.0,0.0,0.0,0.0,0.0
2015,4,10,5,UA,1421,N69835,DEN,IAH,1105,1251.0,106.0,11.0,1302.0,141.0,134.0,111.0,862,1553.0,12.0,1426,1605.0,99.0,0,0,,0.0,0.0,38.0,61.0,0.0,2015-04-10,1,0.0,0.0,35.85,57.55,0.0
2015,4,1,3,MQ,3215,N820MQ,ORD,HPN,905,916.0,11.0,21.0,937.0,137.0,124.0,100.0,738,1217.0,3.0,1222,1220.0,-2.0,0,0,,0.0,0.0,0.0,0.0,0.0,2015-04-01,0,0.0,0.0,0.0,0.0,0.0
2015,4,26,7,DL,1728,N3759,LAS,JFK,1614,1632.0,18.0,14.0,1646.0,285.0,292.0,268.0,2248,14.0,10.0,2359,24.0,25.0,0,0,,7.0,0.0,13.0,5.0,0.0,2015-04-26,1,38.89,0.0,72.22,27.78,0.0
2015,3,29,7,WN,4316,N8644C,MDW,LAX,1320,1320.0,0.0,9.0,1329.0,275.0,255.0,238.0,1750,1527.0,8.0,1555,1535.0,-20.0,0,0,,0.0,0.0,0.0,0.0,0.0,2015-03-29,0,0.0,0.0,0.0,0.0,0.0
2015,4,17,5,UA,235,N433UA,SEA,DEN,1035,1128.0,53.0,18.0,1146.0,157.0,161.0,139.0,1024,1505.0,4.0,1412,1509.0,57.0,0,0,,4.0,0.0,7.0,46.0,0.0,2015-04-17,1,7.55,0.0,13.21,86.79,0.0
2015,4,30,4,VX,202,N835VA,SFO,ORD,700,657.0,-3.0,11.0,708.0,255.0,252.0,225.0,1846,1253.0,16.0,1315,1309.0,-6.0,0,0,,0.0,0.0,0.0,0.0,0.0,2015-04-30,0,0.0,0.0,0.0,0.0,0.0
2015,4,6,1,UA,1504,N68821,RSW,ORD,551,555.0,4.0,12.0,607.0,189.0,178.0,160.0,1120,747.0,6.0,800,753.0,-7.0,0,0,,0.0,0.0,0.0,0.0,0.0,2015-04-06,0,0.0,0.0,0.0,0.0,0.0
2015,3,27,5,UA,702,N835UA,ORD,CLE,1044,1045.0,1.0,10.0,1055.0,78.0,65.0,52.0,315,1247.0,3.0,1302,1250.0,-12.0,0,0,,0.0,0.0,0.0,0.0,0.0,2015-03-27,0,0.0,0.0,0.0,0.0,0.0
2015,3,30,1,AA,1389,N486AA,DFW,MEM,1348,1345.0,-3.0,12.0,1357.0,94.0,84.0,66.0,432,1503.0,6.0,1522,1509.0,-13.0,0,0,,0.0,0.0,0.0,0.0,0.0,2015-03-30,0,0.0,0.0,0.0,0.0,0.0
2015,4,29,3,UA,1027,N39297,SAT,DEN,913,909.0,-4.0,8.0,917.0,136.0,129.0,108.0,794,1005.0,13.0,1029,1018.0,-11.0,0,0,,0.0,0.0,0.0,0.0,0.0,2015-04-29,0,0.0,0.0,0.0,0.0,0.0
2015,4,30,4,WN,4455,N340LV,BWI,MHT,655,705.0,10.0,14.0,719.0,80.0,81.0,61.0,377,820.0,6.0,815,826.0,11.0,0,0,,0.0,0.0,0.0,0.0,0.0,2015-04-30,0,0.0,0.0,0.0,0.0,0.0
2015,5,1,5,EV,5482,N849AS,ATL,CRW,1454,1449.0,-5.0,11.0,1500.0,80.0,74.0,62.0,363,1602.0,1.0,1614,1603.0,-11.0,0,0,,0.0,0.0,0.0,0.0,0.0,2015-05-01,0,0.0,0.0,0.0,0.0,0.0
2015,5,2,6,DL,1626,N954AT,ATL,BHM,1516,1511.0,-5.0,19.0,1530.0,57.0,49.0,27.0,134,1457.0,3.0,1513,1500.0,-13.0,0,0,,0.0,0.0,0.0,0.0,0.0,2015-05-02,0,0.0,0.0,0.0,0.0,0.0
2015,3,30,1,B6,1472,N715JB,FLL,LGA,2008,2107.0,59.0,14.0,2121.0,171.0,157.0,133.0,1076,2334.0,10.0,2259,2344.0,45.0,0,0,,0.0,0.0,45.0,0.0,0.0,2015-03-30,1,0.0,0.0,76.27,0.0,0.0
2015,4,1,3,B6,1196,N597JB,FLL,PVD,1332,1331.0,-1.0,12.0,1343.0,180.0,176.0,159.0,1188,1622.0,5.0,1632,1627.0,-5.0,0,0,,0.0,0.0,0.0,0.0,0.0,2015-04-01,0,0.0,0.0,0.0,0.0,0.0
2015,4,2,4,AS,321,N562AS,SJC,SEA,630,623.0,-7.0,11.0,634.0,118.0,124.0,103.0,697,817.0,10.0,828,827.0,-1.0,0,0,,0.0,0.0,0.0,0.0,0.0,2015-04-02,0,0.0,0.0,0.0,0.0,0.0
2015,4,13,1,UA,1623,N75429,IAD,SFO,2207,2220.0,13.0,16.0,2236.0,353.0,338.0,318.0,2419,54.0,4.0,100,58.0,-2.0,0,0,,0.0,0.0,0.0,0.0,0.0,2015-04-13,0,0.0,0.0,0.0,0.0,0.0
2015,3,31,2,DL,1153,N341NW,ATL,BWI,1230,1227.0,-3.0,17.0,1244.0,110.0,109.0,84.0,577,1408.0,8.0,1420,1416.0,-4.0,0,0,,0.0,0.0,0.0,0.0,0.0,2015-03-31,0,0.0,0.0,0.0,0.0,0.0
2015,4,10,5,OO,6510,N794SK,LAX,SMF,1620,1723.0,63.0,20.0,1743.0,88.0,85.0,61.0,373,1844.0,4.0,1748,1848.0,60.0,0,0,,0.0,0.0,0.0,60.0,0.0,2015-04-10,1,0.0,0.0,0.0,95.24,0.0
2015,4,18,6,AA,369,N5ENAA,DFW,SAN,900,857.0,-3.0,17.0,914.0,192.0,173.0,154.0,1171,948.0,2.0,1012,950.0,-22.0,0,0,,0.0,0.0,0.0,0.0,0.0,2015-04-18,0,0.0,0.0,0.0,0.0,0.0
2015,4,17,5,VX,720,N521VA,SFO,DAL,1720,1713.0,-7.0,9.0,1722.0,195.0,251.0,210.0,1476,2252.0,32.0,2235,2324.0,49.0,0,0,,0.0,0.0,0.0,0.0,49.0,2015-04-17,0,-0.0,-0.0,-0.0,-0.0,-700.0
2015,3,28,6,OO,6347,N131SY,SFO,AUS,1457,1455.0,-2.0,14.0,1509.0,216.0,205.0,185.0,1504,2014.0,6.0,2033,2020.0,-13.0,0,0,,0.0,0.0,0.0,0.0,0.0,2015-03-28,0,0.0,0.0,0.0,0.0,0.0
2015,4,5,7,NK,667,N634NK,BWI,DFW,1025,1019.0,-6.0,10.0,1029.0,208.0,213.0,193.0,1217,1242.0,10.0,1253,1252.0,-1.0,0,0,,0.0,0.0,0.0,0.0,0.0,2015-04-05,0,0.0,0.0,0.0,0.0,0.0
2015,4,28,2,EV,4245,N12145,SDF,EWR,1925,1933.0,8.0,15.0,1948.0,127.0,121.0,93.0,642,2121.0,13.0,2132,2134.0,2.0,0,0,,0.0,0.0,0.0,0.0,0.0,2015-04-28,0,0.0,0.0,0.0,0.0,0.0
2015,4,26,7,WN,4727,N933WN,ONT,SJC,1655,1715.0,20.0,5.0,1720.0,65.0,61.0,53.0,333,1813.0,3.0,1800,1816.0,16.0,0,0,,16.0,0.0,0.0,0.0,0.0,2015-04-26,1,80.0,0.0,0.0,0.0,0.0
2015,4,27,1,WN,2496,N7739A,SJC,SAN,2230,2221.0,-9.0,8.0,2229.0,80.0,74.0,62.0,417,2331.0,4.0,2350,2335.0,-15.0,0,0,,0.0,0.0,0.0,0.0,0.0,2015-04-27,0,0.0,0.0,0.0,0.0,0.0
2015,4,25,6,WN,1376,N600WN,DAL,HOU,800,815.0,15.0,12.0,827.0,65.0,113.0,97.0,239,1004.0,4.0,905,1008.0,63.0,0,0,,48.0,0.0,15.0,0.0,0.0,2015-04-25,0,320.0,0.0,100.0,0.0,0.0
2015,4,28,2,AA,2285,N3HVAA,JFK,MCO,1359,1351.0,-8.0,15.0,1406.0,168.0,177.0,146.0,944,1632.0,16.0,1647,1648.0,1.0,0,0,,0.0,0.0,0.0,0.0,0.0,2015-04-28,0,0.0,0.0,0.0,0.0,0.0
2015,4,11,6,UA,1405,N68834,DEN,SFO,1406,1417.0,11.0,11.0,1428.0,161.0,142.0,123.0,967,1531.0,8.0,1547,1539.0,-8.0,0,0,,0.0,0.0,0.0,0.0,0.0,2015-04-11,0,0.0,0.0,0.0,0.0,0.0
2015,4,1,3,WN,27,N410WN,MCI,DAL,1105,1100.0,-5.0,10.0,1110.0,85.0,91.0,78.0,460,1228.0,3.0,1230,1231.0,1.0,0,0,,0.0,0.0,0.0,0.0,0.0,2015-04-01,0,0.0,0.0,0.0,0.0,0.0
2015,4,16,4,DL,766,N591NW,MCO,DTW,1820,1850.0,30.0,30.0,1920.0,160.0,156.0,121.0,957,2121.0,5.0,2100,2126.0,26.0,0,0,,0.0,0.0,0.0,0.0,26.0,2015-04-16,1,0.0,0.0,0.0,0.0,86.67
2015,4,13,1,WN,193,N498WN,DAL,MSY,1025,1029.0,4.0,13.0,1042.0,80.0,80.0,64.0,436,1146.0,3.0,1145,1149.0,4.0,0,0,,0.0,0.0,0.0,0.0,0.0,2015-04-13,0,0.0,0.0,0.0,0.0,0.0
2015,4,30,4,WN,4294,N225WN,MDW,STL,535,530.0,-5.0,9.0,539.0,65.0,55.0,39.0,251,618.0,7.0,640,625.0,-15.0,0,0,,0.0,0.0,0.0,0.0,0.0,2015-04-30,0,0.0,0.0,0.0,0.0,0.0
2015,3,28,6,WN,1276,N602SW,BWI,BNA,1050,1054.0,4.0,9.0,1103.0,115.0,101.0,87.0,587,1130.0,5.0,1145,1135.0,-10.0,0,0,,0.0,0.0,0.0,0.0,0.0,2015-03-28,0,0.0,0.0,0.0,0.0,0.0
2015,3,31,2,NK,720,N516NK,DEN,DFW,2055,2051.0,-4.0,13.0,2104.0,107.0,106.0,87.0,641,2331.0,6.0,2342,2337.0,-5.0,0,0,,0.0,0.0,0.0,0.0,0.0,2015-03-31,0,0.0,0.0,0.0,0.0,0.0
2015,4,19,7,DL,2689,N935AT,BOS,LGA,1800,1758.0,-2.0,21.0,1819.0,80.0,75.0,41.0,184,1900.0,13.0,1920,1913.0,-7.0,0,0,,0.0,0.0,0.0,0.0,0.0,2015-04-19,0,0.0,0.0,0.0,0.0,0.0
2015,4,10,5,WN,4555,N274WN,DEN,MCI,1535,1542.0,7.0,10.0,1552.0,95.0,83.0,69.0,533,1801.0,4.0,1810,1805.0,-5.0,0,0,,0.0,0.0,0.0,0.0,0.0,2015-04-10,0,0.0,0.0,0.0,0.0,0.0
2015,3,31,2,DL,1059,N324US,SLC,BOS,951,945.0,-6.0,13.0,958.0,268.0,261.0,242.0,2105,1600.0,6.0,1619,1606.0,-13.0,0,0,,0.0,0.0,0.0,0.0,0.0,2015-03-31,0,0.0,0.0,0.0,0.0,0.0
2015,4,17,5,VX,501,N639VA,JFK,FLL,755,811.0,16.0,12.0,823.0,190.0,169.0,150.0,1069,1053.0,7.0,1105,1100.0,-5.0,0,0,,0.0,0.0,0.0,0.0,0.0,2015-04-17,1,0.0,0.0,0.0,0.0,0.0
2015,3,26,4,EV,4992,N980EV,BQK,ATL,1154,1155.0,1.0,24.0,1219.0,71.0,74.0,42.0,238,1301.0,8.0,1305,1309.0,4.0,0,0,,0.0,0.0,0.0,0.0,0.0,2015-03-26,0,0.0,0.0,0.0,0.0,0.0
2015,4,23,4,MQ,3072,N817MQ,ORD,DBQ,1040,1133.0,53.0,12.0,1145.0,58.0,48.0,34.0,147,1219.0,2.0,1138,1221.0,43.0,0,0,,0.0,0.0,6.0,37.0,0.0,2015-04-23,1,0.0,0.0,11.32,69.81,0.0
2015,4,25,6,MQ,2904,N503MQ,DFW,CID,1220,1220.0,0.0,20.0,1240.0,126.0,111.0,88.0,685,1408.0,3.0,1426,1411.0,-15.0,0,0,,0.0,0.0,0.0,0.0,0.0,2015-04-25,0,0.0,0.0,0.0,0.0,0.0
2015,4,30,4,OO,5409,N971SW,ORD,EAU,1252,1241.0,-11.0,24.0,1305.0,75.0,85.0,55.0,268,1400.0,6.0,1407,1406.0,-1.0,0,0,,0.0,0.0,0.0,0.0,0.0,2015-04-30,0,0.0,0.0,0.0,0.0,0.0
2015,5,1,5,AS,127,N614AS,SEA,FAI,2325,2319.0,-6.0,12.0,2331.0,222.0,220.0,204.0,1533,155.0,4.0,207,159.0,-8.0,0,0,,0.0,0.0,0.0,0.0,0.0,2015-05-01,0,0.0,0.0,0.0,0.0,0.0
2015,4,19,7,F9,421,N210FR,ATL,DEN,1332,1511.0,99.0,27.0,1538.0,203.0,196.0,156.0,1199,1614.0,13.0,1455,1627.0,92.0,0,0,,0.0,0.0,0.0,92.0,0.0,2015-04-19,1,0.0,0.0,0.0,92.93,0.0
2015,3,26,4,OO,5359,N925SW,ORD,AVL,1355,1349.0,-6.0,26.0,1415.0,103.0,109.0,78.0,536,1633.0,5.0,1638,1638.0,0.0,0,0,,0.0,0.0,0.0,0.0,0.0,2015-03-26,0,0.0,0.0,0.0,0.0,0.0
2015,4,23,4,MQ,3504,N820MQ,JFK,CMH,1900,2019.0,79.0,40.0,2059.0,119.0,127.0,81.0,483,2220.0,6.0,2059,2226.0,87.0,0,0,,8.0,0.0,0.0,79.0,0.0,2015-04-23,1,10.13,0.0,0.0,100.0,0.0
2015,5,3,7,AS,201,N769AS,SJC,SEA,1740,1740.0,0.0,9.0,1749.0,118.0,118.0,98.0,697,1927.0,11.0,1938,1938.0,0.0,0,0,,0.0,0.0,0.0,0.0,0.0,2015-05-03,0,0.0,0.0,0.0,0.0,0.0
2015,5,4,1,WN,555,N8615E,MDW,OAK,1940,1938.0,-2.0,13.0,1951.0,280.0,266.0,244.0,1844,2155.0,9.0,2220,2204.0,-16.0,0,0,,0.0,0.0,0.0,0.0,0.0,2015-05-04,0,0.0,0.0,0.0,0.0,0.0
2015,4,20,1,OO,6276,N127SY,AUS,ORD,600,608.0,8.0,11.0,619.0,165.0,149.0,129.0,978,828.0,9.0,845,837.0,-8.0,0,0,,0.0,0.0,0.0,0.0,0.0,2015-04-20,0,0.0,0.0,0.0,0.0,0.0
2015,4,14,2,US,1891,N721UW,PIT,CLT,1530,1525.0,-5.0,14.0,1539.0,90.0,87.0,65.0,366,1644.0,8.0,1700,1652.0,-8.0,0,0,,0.0,0.0,0.0,0.0,0.0,2015-04-14,0,0.0,0.0,0.0,0.0,0.0
2015,4,2,4,WN,4547,N559WN,RSW,MDW,910,901.0,-9.0,9.0,910.0,180.0,167.0,152.0,1105,1042.0,6.0,1110,1048.0,-22.0,0,0,,0.0,0.0,0.0,0.0,0.0,2015-04-02,0,0.0,0.0,0.0,0.0,0.0
2015,4,9,4,WN,1539,N960WN,PHX,STL,700,727.0,27.0,15.0,742.0,175.0,162.0,142.0,1262,1204.0,5.0,1155,1209.0,14.0,0,0,,0.0,0.0,0.0,0.0,0.0,2015-04-09,1,0.0,0.0,0.0,0.0,0.0
2015,5,1,5,AA,1566,N3LNAA,SAN,ORD,750,740.0,-10.0,18.0,758.0,245.0,237.0,211.0,1723,1329.0,8.0,1355,1337.0,-18.0,0,0,,0.0,0.0,0.0,0.0,0.0,2015-05-01,0,0.0,0.0,0.0,0.0,0.0
2015,5,1,5,OO,4503,N817SK,SLC,MSP,1355,1351.0,-4.0,17.0,1408.0,155.0,142.0,121.0,991,1709.0,4.0,1730,1713.0,-17.0,0,0,,0.0,0.0,0.0,0.0,0.0,2015-05-01,0,0.0,0.0,0.0,0.0,0.0
2015,4,19,7,MQ,3282,N814MQ,DFW,TYR,1205,1204.0,-1.0,24.0,1228.0,53.0,53.0,26.0,102,1254.0,3.0,1258,1257.0,-1.0,0,0,,0.0,0.0,0.0,0.0,0.0,2015-04-19,0,0.0,0.0,0.0,0.0,0.0
2015,3,31,2,OO,6242,N928SW,DEN,SGF,2045,2031.0,-14.0,12.0,2043.0,102.0,95.0,80.0,637,2303.0,3.0,2327,2306.0,-21.0,0,0,,0.0,0.0,0.0,0.0,0.0,2015-03-31,0,0.0,0.0,0.0,0.0,0.0
2015,4,20,1,WN,110,N286WN,TUL,DAL,545,542.0,-3.0,9.0,551.0,60.0,53.0,41.0,237,632.0,3.0,645,635.0,-10.0,0,0,,0.0,0.0,0.0,0.0,0.0,2015-04-20,0,0.0,0.0,0.0,0.0,0.0
2015,4,26,7,WN,390,N364SW,BWI,PVD,1020,1018.0,-2.0,9.0,1027.0,75.0,65.0,52.0,327,1119.0,4.0,1135,1123.0,-12.0,0,0,,0.0,0.0,0.0,0.0,0.0,2015-04-26,0,0.0,0.0,0.0,0.0,0.0
2015,4,24,5,UA,497,N484UA,SFO,SAN,1250,1247.0,-3.0,17.0,1304.0,97.0,88.0,68.0,447,1412.0,3.0,1427,1415.0,-12.0,0,0,,0.0,0.0,0.0,0.0,0.0,2015-04-24,0,0.0,0.0,0.0,0.0,0.0
2015,4,20,1,B6,1183,N507JB,JFK,MCO,2155,204.0,249.0,24.0,228.0,172.0,176.0,147.0,944,455.0,5.0,47,500.0,253.0,0,0,,4.0,0.0,185.0,32.0,32.0,2015-04-20,1,1.61,0.0,74.3,12.85,12.85
2015,4,7,2,EV,4598,N12195,IND,EWR,700,701.0,1.0,20.0,721.0,119.0,113.0,87.0,645,848.0,6.0,859,854.0,-5.0,0,0,,0.0,0.0,0.0,0.0,0.0,2015-04-07,0,0.0,0.0,0.0,0.0,0.0
2015,3,26,4,AA,1221,N3JWAA,MCO,ORD,1925,1929.0,4.0,10.0,1939.0,174.0,157.0,139.0,1005,2058.0,8.0,2119,2106.0,-13.0,0,0,,0.0,0.0,0.0,0.0,0.0,2015-03-26,0,0.0,0.0,0.0,0.0,0.0
2015,4,23,4,AA,114,N3LRAA,SNA,ORD,1115,1109.0,-6.0,12.0,1121.0,241.0,213.0,190.0,1726,1631.0,11.0,1716,1642.0,-34.0,0,0,,0.0,0.0,0.0,0.0,0.0,2015-04-23,0,0.0,0.0,0.0,0.0,0.0
2015,3,27,5,MQ,2957,N907MQ,RST,ORD,945,1018.0,33.0,7.0,1025.0,73.0,69.0,46.0,268,1111.0,16.0,1058,1127.0,29.0,0,0,,0.0,0.0,0.0,29.0,0.0,2015-03-27,1,0.0,0.0,0.0,87.88,0.0
2015,4,11,6,DL,1110,N534US,ATL,MCO,1805,1802.0,-3.0,26.0,1828.0,90.0,165.0,60.0,404,1928.0,79.0,1935,2047.0,72.0,0,0,,72.0,0.0,0.0,0.0,0.0,2015-04-11,0,-2400.0,-0.0,-0.0,-0.0,-0.0
2015,4,29,3,EV,4669,N12201,CLE,STL,1848,1844.0,-4.0,9.0,1853.0,101.0,84.0,70.0,487,1903.0,5.0,1929,1908.0,-21.0,0,0,,0.0,0.0,0.0,0.0,0.0,2015-04-29,0,0.0,0.0,0.0,0.0,0.0
2015,4,1,3,WN,4550,N239WN,LAS,OAK,1815,1817.0,2.0,11.0,1828.0,90.0,90.0,70.0,407,1938.0,9.0,1945,1947.0,2.0,0,0,,0.0,0.0,0.0,0.0,0.0,2015-04-01,0,0.0,0.0,0.0,0.0,0.0
2015,3,27,5,DL,2070,N368NW,MSP,PHX,1950,1953.0,3.0,23.0,2016.0,202.0,196.0,155.0,1276,2051.0,18.0,2112,2109.0,-3.0,0,0,,0.0,0.0,0.0,0.0,0.0,2015-03-27,0,0.0,0.0,0.0,0.0,0.0
2015,4,8,3,OO,4462,N822SK,ABQ,SLC,1235,1226.0,-9.0,14.0,1240.0,104.0,100.0,78.0,493,1358.0,8.0,1419,1406.0,-13.0,0,0,,0.0,0.0,0.0,0.0,0.0,2015-04-08,0,0.0,0.0,0.0,0.0,0.0
2015,4,8,3,EV,5784,N12564,IAH,LFT,1015,1005.0,-10.0,11.0,1016.0,59.0,57.0,34.0,201,1050.0,12.0,1114,1102.0,-12.0,0,0,,0.0,0.0,0.0,0.0,0.0,2015-04-08,0,0.0,0.0,0.0,0.0,0.0
2015,4,25,6,UA,1138,N26123,LAX,DEN,825,813.0,-12.0,15.0,828.0,140.0,130.0,108.0,862,1116.0,7.0,1145,1123.0,-22.0,0,0,,0.0,0.0,0.0,0.0,0.0,2015-04-25,0,0.0,0.0,0.0,0.0,0.0
2015,4,19,7,US,629,N196UW,FLL,CLT,1019,1017.0,-2.0,11.0,1028.0,117.0,127.0,103.0,632,1211.0,13.0,1216,1224.0,8.0,0,0,,0.0,0.0,0.0,0.0,0.0,2015-04-19,0,0.0,0.0,0.0,0.0,0.0
2015,5,1,5,WN,264,N450WN,PDX,ABQ,1220,1218.0,-2.0,9.0,1227.0,160.0,163.0,149.0,1111,1556.0,5.0,1600,1601.0,1.0,0,0,,0.0,0.0,0.0,0.0,0.0,2015-05-01,0,0.0,0.0,0.0,0.0,0.0
2015,5,2,6,OO,7394,N8942A,SLC,SGU,1345,1334.0,-11.0,14.0,1348.0,62.0,62.0,44.0,272,1432.0,4.0,1447,1436.0,-11.0,0,0,,0.0,0.0,0.0,0.0,0.0,2015-05-02,0,0.0,0.0,0.0,0.0,0.0
2015,4,25,6,US,1738,N572UW,SJU,CLT,1245,1237.0,-8.0,16.0,1253.0,229.0,256.0,228.0,1475,1641.0,12.0,1634,1653.0,19.0,0,0,,19.0,0.0,0.0,0.0,0.0,2015-04-25,0,-237.5,-0.0,-0.0,-0.0,-0.0
2015,4,15,3,US,1882,N733UW,DCA,CLT,1040,1034.0,-6.0,20.0,1054.0,90.0,89.0,63.0,331,1157.0,6.0,1210,1203.0,-7.0,0,0,,0.0,0.0,0.0,0.0,0.0,2015-04-15,0,0.0,0.0,0.0,0.0,0.0
2015,4,19,7,US,1804,N956UW,IAH,PHL,615,613.0,-2.0,11.0,624.0,193.0,186.0,163.0,1325,1007.0,12.0,1028,1019.0,-9.0,0,0,,0.0,0.0,0.0,0.0,0.0,2015-04-19,0,0.0,0.0,0.0,0.0,0.0
2015,4,15,3,US,796,N542UW,LAX,PHL,1105,1057.0,-8.0,18.0,1115.0,320.0,304.0,281.0,2402,1856.0,5.0,1925,1901.0,-24.0,0,0,,0.0,0.0,0.0,0.0,0.0,2015-04-15,0,0.0,0.0,0.0,0.0,0.0
2015,4,30,4,DL,1661,N928DN,PHL,ATL,1815,1825.0,10.0,38.0,1903.0,154.0,143.0,98.0,666,2041.0,7.0,2049,2048.0,-1.0,0,0,,0.0,0.0,0.0,0.0,0.0,2015-04-30,0,0.0,0.0,0.0,0.0,0.0
2015,4,1,3,OO,4795,N454SW,DAY,MSP,715,708.0,-7.0,38.0,746.0,131.0,146.0,102.0,574,828.0,6.0,826,834.0,8.0,0,0,,0.0,0.0,0.0,0.0,0.0,2015-04-01,0,0.0,0.0,0.0,0.0,0.0
2015,4,11,6,WN,1997,N719SW,MDW,AUS,915,909.0,-6.0,10.0,919.0,160.0,158.0,141.0,972,1140.0,7.0,1155,1147.0,-8.0,0,0,,0.0,0.0,0.0,0.0,0.0,2015-04-11,0,0.0,0.0,0.0,0.0,0.0
2015,3,31,2,AA,298,N5DJAA,HNL,LAX,2113,2127.0,14.0,18.0,2145.0,339.0,295.0,271.0,2556,516.0,6.0,552,522.0,-30.0,0,0,,0.0,0.0,0.0,0.0,0.0,2015-03-31,0,0.0,0.0,0.0,0.0,0.0
2015,4,16,4,DL,2600,N969DL,JFK,MCO,815,831.0,16.0,20.0,851.0,185.0,162.0,135.0,944,1106.0,7.0,1120,1113.0,-7.0,0,0,,0.0,0.0,0.0,0.0,0.0,2015-04-16,1,0.0,0.0,0.0,0.0,0.0
2015,5,3,7,MQ,2989,N528MQ,STL,LGA,1450,1448.0,-2.0,9.0,1457.0,149.0,127.0,115.0,888,1752.0,3.0,1819,1755.0,-24.0,0,0,,0.0,0.0,0.0,0.0,0.0,2015-05-03,0,0.0,0.0,0.0,0.0,0.0
2015,4,25,6,B6,794,N586JB,AUS,JFK,600,558.0,-2.0,12.0,610.0,217.0,176.0,160.0,1521,950.0,4.0,1037,954.0,-43.0,0,0,,0.0,0.0,0.0,0.0,0.0,2015-04-25,0,0.0,0.0,0.0,0.0,0.0
2015,4,28,2,DL,1599,N949DN,PIT,ATL,1329,1325.0,-4.0,9.0,1334.0,116.0,96.0,78.0,526,1452.0,9.0,1525,1501.0,-24.0,0,0,,0.0,0.0,0.0,0.0,0.0,2015-04-28,0,0.0,0.0,0.0,0.0,0.0
2015,4,9,4,DL,771,N831DN,MKE,ATL,600,634.0,34.0,89.0,803.0,124.0,197.0,103.0,669,1046.0,5.0,904,1051.0,107.0,0,0,,73.0,0.0,0.0,0.0,34.0,2015-04-09,1,214.71,0.0,0.0,0.0,100.0
2015,4,4,6,WN,1164,N619SW,IND,BWI,1940,1938.0,-2.0,8.0,1946.0,90.0,81.0,70.0,516,2056.0,3.0,2110,2059.0,-11.0,0,0,,0.0,0.0,0.0,0.0,0.0,2015-04-04,0,0.0,0.0,0.0,0.0,0.0
2015,5,4,1,B6,834,N821JB,SFO,BOS,2215,2318.0,63.0,20.0,2338.0,340.0,330.0,304.0,2704,742.0,6.0,655,748.0,53.0,0,0,,0.0,0.0,0.0,53.0,0.0,2015-05-04,1,0.0,0.0,0.0,84.13,0.0
2015,4,7,2,EV,4464,N14188,IAH,MLU,2120,2117.0,-3.0,16.0,2133.0,66.0,67.0,42.0,262,2215.0,9.0,2226,2224.0,-2.0,0,0,,0.0,0.0,0.0,0.0,0.0,2015-04-07,0,0.0,0.0,0.0,0.0,0.0
2015,4,4,6,NK,314,N507NK,IAH,TPA,1542,1543.0,1.0,12.0,1555.0,118.0,114.0,96.0,787,1831.0,6.0,1840,1837.0,-3.0,0,0,,0.0,0.0,0.0,0.0,0.0,2015-04-04,0,0.0,0.0,0.0,0.0,0.0
2015,4,12,7,EV,4224,N21154,EWR,MKE,1135,1129.0,-6.0,25.0,1154.0,146.0,152.0,122.0,725,1256.0,5.0,1301,1301.0,0.0,0,0,,0.0,0.0,0.0,0.0,0.0,2015-04-12,0,0.0,0.0,0.0,0.0,0.0
2015,4,16,4,US,1701,N957UW,DTW,PHL,1335,1423.0,48.0,13.0,1436.0,95.0,84.0,69.0,453,1545.0,2.0,1510,1547.0,37.0,0,0,,0.0,0.0,2.0,35.0,0.0,2015-04-16,1,0.0,0.0,4.17,72.92,0.0
2015,4,14,2,AS,61,N762AS,YAK,CDV,1141,1241.0,60.0,16.0,1257.0,46.0,60.0,40.0,213,1337.0,4.0,1227,1341.0,74.0,0,0,,14.0,0.0,0.0,52.0,8.0,2015-04-14,1,23.33,0.0,0.0,86.67,13.33
2015,4,3,5,US,1751,N709UW,PHL,RSW,2030,2025.0,-5.0,19.0,2044.0,167.0,151.0,129.0,993,2253.0,3.0,2317,2256.0,-21.0,0,0,,0.0,0.0,0.0,0.0,0.0,2015-04-03,0,0.0,0.0,0.0,0.0,0.0
2015,5,2,6,DL,2218,N835DN,MSP,LAX,726,725.0,-1.0,9.0,734.0,234.0,221.0,199.0,1535,853.0,13.0,920,906.0,-14.0,0,0,,0.0,0.0,0.0,0.0,0.0,2015-05-02,0,0.0,0.0,0.0,0.0,0.0
2015,5,1,5,MQ,3556,N604MQ,GRR,ORD,2100,2050.0,-10.0,9.0,2059.0,61.0,51.0,27.0,137,2026.0,15.0,2101,2041.0,-20.0,0,0,,0.0,0.0,0.0,0.0,0.0,2015-05-01,0,0.0,0.0,0.0,0.0,0.0
2015,3,27,5,US,1840,N744P,CLT,PIT,1805,1804.0,-1.0,18.0,1822.0,81.0,74.0,51.0,366,1913.0,5.0,1926,1918.0,-8.0,0,0,,0.0,0.0,0.0,0.0,0.0,2015-03-27,0,0.0,0.0,0.0,0.0,0.0
2015,4,5,7,AA,1680,N4XCAA,DFW,AUS,1927,1928.0,1.0,12.0,1940.0,62.0,52.0,33.0,190,2013.0,7.0,2029,2020.0,-9.0,0,0,,0.0,0.0,0.0,0.0,0.0,2015-04-05,0,0.0,0.0,0.0,0.0,0.0
2015,5,1,5,OO,5170,N792SK,MEM,IAH,610,610.0,0.0,11.0,621.0,106.0,95.0,74.0,468,735.0,10.0,756,745.0,-11.0,0,0,,0.0,0.0,0.0,0.0,0.0,2015-05-01,0,0.0,0.0,0.0,0.0,0.0
2015,4,18,6,AS,50,N764AS,SCC,BRW,1723,1714.0,-9.0,5.0,1719.0,45.0,43.0,35.0,204,1754.0,3.0,1808,1757.0,-11.0,0,0,,0.0,0.0,0.0,0.0,0.0,2015-04-18,0,0.0,0.0,0.0,0.0,0.0
2015,4,1,3,B6,2131,N589JB,SLC,LGB,710,705.0,-5.0,28.0,733.0,110.0,125.0,92.0,588,805.0,5.0,800,810.0,10.0,0,0,,0.0,0.0,0.0,0.0,0.0,2015-04-01,0,0.0,0.0,0.0,0.0,0.0
2015,4,14,2,EV,5302,N751EV,OMA,LGA,655,650.0,-5.0,14.0,704.0,175.0,167.0,149.0,1148,1033.0,4.0,1050,1037.0,-13.0,0,0,,0.0,0.0,0.0,0.0,0.0,2015-04-14,0,0.0,0.0,0.0,0.0,0.0
2015,4,16,4,WN,498,N708SW,DAL,ICT,835,834.0,-1.0,11.0,845.0,70.0,66.0,51.0,333,936.0,4.0,945,940.0,-5.0,0,0,,0.0,0.0,0.0,0.0,0.0,2015-04-16,0,0.0,0.0,0.0,0.0,0.0
2015,4,15,3,EV,2501,N904EV,DFW,SHV,1715,1711.0,-4.0,18.0,1729.0,63.0,54.0,34.0,190,1803.0,2.0,1818,1805.0,-13.0,0,0,,0.0,0.0,0.0,0.0,0.0,2015-04-15,0,0.0,0.0,0.0,0.0,0.0
2015,3,28,6,EV,4426,N41104,RDU,EWR,1126,1116.0,-10.0,6.0,1122.0,99.0,69.0,55.0,416,1217.0,8.0,1305,1225.0,-40.0,0,0,,0.0,0.0,0.0,0.0,0.0,2015-03-28,0,0.0,0.0,0.0,0.0,0.0
2015,3,28,6,US,552,N750UW,MCI,PHX,1455,1452.0,-3.0,9.0,1501.0,170.0,149.0,136.0,1044,1517.0,4.0,1545,1521.0,-24.0,0,0,,0.0,0.0,0.0,0.0,0.0,2015-03-28,0,0.0,0.0,0.0,0.0,0.0
2015,4,12,7,UA,1120,N73291,DEN,SAT,2000,2007.0,7.0,16.0,2023.0,131.0,157.0,129.0,794,2332.0,12.0,2311,2344.0,33.0,0,0,,26.0,0.0,0.0,7.0,0.0,2015-04-12,0,371.43,0.0,0.0,100.0,0.0
2015,4,22,3,B6,624,N944JB,LAX,JFK,2345,1.0,16.0,24.0,25.0,315.0,327.0,292.0,2475,817.0,11.0,800,828.0,28.0,0,0,,12.0,0.0,16.0,0.0,0.0,2015-04-22,1,75.0,0.0,100.0,0.0,0.0
2015,5,2,6,MQ,3199,N831MQ,LGA,GSO,1500,1453.0,-7.0,10.0,1503.0,105.0,105.0,90.0,461,1633.0,5.0,1645,1638.0,-7.0,0,0,,0.0,0.0,0.0,0.0,0.0,2015-05-02,0,0.0,0.0,0.0,0.0,0.0
2015,4,15,3,UA,1519,N17730,EWR,STT,928,925.0,-3.0,30.0,955.0,255.0,247.0,211.0,1634,1326.0,6.0,1343,1332.0,-11.0,0,0,,0.0,0.0,0.0,0.0,0.0,2015-04-15,0,0.0,0.0,0.0,0.0,0.0
2015,4,4,6,MQ,3321,N624MQ,DFW,MSN,730,727.0,-3.0,15.0,742.0,139.0,123.0,106.0,821,928.0,2.0,949,930.0,-19.0,0,0,,0.0,0.0,0.0,0.0,0.0,2015-04-04,0,0.0,0.0,0.0,0.0,0.0
2015,4,13,1,AA,1235,N583AA,DSM,DFW,1529,1807.0,158.0,14.0,1821.0,125.0,124.0,101.0,624,2002.0,9.0,1734,2011.0,157.0,0,0,,0.0,0.0,0.0,157.0,0.0,2015-04-13,1,0.0,0.0,0.0,99.37,0.0
2015,5,3,7,UA,1115,N69830,IAH,LAS,1540,1722.0,102.0,16.0,1738.0,207.0,194.0,163.0,1222,1821.0,15.0,1707,1836.0,89.0,0,0,,0.0,0.0,11.0,78.0,0.0,2015-05-03,1,0.0,0.0,10.78,76.47,0.0
2015,4,19,7,WN,3466,N425LV,CAK,LGA,910,907.0,-3.0,12.0,919.0,95.0,81.0,64.0,397,1023.0,5.0,1045,1028.0,-17.0,0,0,,0.0,0.0,0.0,0.0,0.0,2015-04-19,0,0.0,0.0,0.0,0.0,0.0
2015,4,14,2,AA,27,N850AA,DFW,LAS,1835,1832.0,-3.0,22.0,1854.0,187.0,200.0,167.0,1055,1941.0,11.0,1942,1952.0,10.0,0,0,,0.0,0.0,0.0,0.0,0.0,2015-04-14,0,0.0,0.0,0.0,0.0,0.0
2015,4,17,5,EV,4897,N919EV,ROA,ATL,1910,1910.0,0.0,47.0,1957.0,84.0,128.0,69.0,357,2106.0,12.0,2034,2118.0,44.0,0,0,,44.0,0.0,0.0,0.0,0.0,2015-04-17,0,inf,0.0,0.0,0.0,0.0
2015,4,15,3,UA,1903,N38458,PHX,IAH,1459,1453.0,-6.0,11.0,1504.0,148.0,149.0,124.0,1009,1908.0,14.0,1927,1922.0,-5.0,0,0,,0.0,0.0,0.0,0.0,0.0,2015-04-15,0,0.0,0.0,0.0,0.0,0.0
2015,5,4,1,US,755,N579UW,PHL,LAX,1800,1756.0,-4.0,25.0,1821.0,366.0,350.0,317.0,2402,2038.0,8.0,2106,2046.0,-20.0,0,0,,0.0,0.0,0.0,0.0,0.0,2015-05-04,0,0.0,0.0,0.0,0.0,0.0
2015,5,4,1,OO,6530,N114SY,SFO,MCI,1820,1814.0,-6.0,21.0,1835.0,219.0,238.0,209.0,1499,4.0,8.0,2359,12.0,13.0,0,0,,0.0,0.0,0.0,0.0,0.0,2015-05-04,0,0.0,0.0,0.0,0.0,0.0
2015,4,29,3,EV,6181,N16918,EWR,CLT,630,622.0,-8.0,15.0,637.0,120.0,113.0,81.0,529,758.0,17.0,830,815.0,-15.0,0,0,,0.0,0.0,0.0,0.0,0.0,2015-04-29,0,0.0,0.0,0.0,0.0,0.0
2015,4,13,1,OO,4857,N602XJ,MSP,RAP,2137,2130.0,-7.0,8.0,2138.0,104.0,88.0,75.0,489,2153.0,5.0,2221,2158.0,-23.0,0,0,,0.0,0.0,0.0,0.0,0.0,2015-04-13,0,0.0,0.0,0.0,0.0,0.0
2015,4,20,1,B6,234,N354JB,JFK,BTV,2258,152.0,174.0,21.0,213.0,72.0,68.0,44.0,266,257.0,3.0,10,300.0,170.0,0,0,,0.0,0.0,0.0,167.0,3.0,2015-04-20,1,0.0,0.0,0.0,95.98,1.72
2015,4,17,5,WN,934,N461WN,STL,PHX,1930,2302.0,212.0,11.0,2313.0,200.0,188.0,174.0,1262,7.0,3.0,2050,10.0,200.0,0,0,,0.0,0.0,7.0,193.0,0.0,2015-04-17,1,0.0,0.0,3.3,91.04,0.0
2015,4,29,3,MQ,3622,N503MQ,LIT,ORD,1925,1915.0,-10.0,10.0,1925.0,106.0,109.0,85.0,552,2050.0,14.0,2111,2104.0,-7.0,0,0,,0.0,0.0,0.0,0.0,0.0,2015-04-29,0,0.0,0.0,0.0,0.0,0.0
2015,3,26,4,WN,2496,N243WN,BOI,DEN,630,625.0,-5.0,9.0,634.0,105.0,97.0,81.0,649,755.0,7.0,815,802.0,-13.0,0,0,,0.0,0.0,0.0,0.0,0.0,2015-03-26,0,0.0,0.0,0.0,0.0,0.0
2015,4,22,3,DL,1947,N969DL,DTW,IAH,1955,1953.0,-2.0,12.0,2005.0,191.0,175.0,158.0,1075,2143.0,5.0,2206,2148.0,-18.0,0,0,,0.0,0.0,0.0,0.0,0.0,2015-04-22,0,0.0,0.0,0.0,0.0,0.0
2015,4,5,7,EV,4494,N25134,IAH,JAN,1339,1341.0,2.0,10.0,1351.0,74.0,79.0,59.0,351,1450.0,10.0,1453,1500.0,7.0,0,0,,0.0,0.0,0.0,0.0,0.0,2015-04-05,0,0.0,0.0,0.0,0.0,0.0
2015,4,22,3,WN,2518,N626SW,TPA,ATL,2000,1956.0,-4.0,12.0,2008.0,95.0,97.0,77.0,406,2125.0,8.0,2135,2133.0,-2.0,0,0,,0.0,0.0,0.0,0.0,0.0,2015-04-22,0,0.0,0.0,0.0,0.0,0.0
2015,4,3,5,US,436,N554UW,PHX,SFO,2015,2053.0,38.0,10.0,2103.0,127.0,109.0,94.0,651,2237.0,5.0,2222,2242.0,20.0,0,0,,0.0,0.0,0.0,20.0,0.0,2015-04-03,1,0.0,0.0,0.0,52.63,0.0
2015,5,4,1,MQ,2930,N942MQ,VPS,DFW,1840,1832.0,-8.0,11.0,1843.0,133.0,123.0,97.0,641,2020.0,15.0,2053,2035.0,-18.0,0,0,,0.0,0.0,0.0,0.0,0.0,2015-05-04,0,0.0,0.0,0.0,0.0,0.0
2015,4,1,3,WN,105,N244WN,ATL,DEN,910,912.0,2.0,12.0,924.0,210.0,185.0,164.0,1199,1008.0,9.0,1040,1017.0,-23.0,0,0,,0.0,0.0,0.0,0.0,0.0,2015-04-01,0,0.0,0.0,0.0,0.0,0.0
2015,4,15,3,DL,1350,N956DL,CHS,ATL,1130,1124.0,-6.0,29.0,1153.0,77.0,91.0,49.0,259,1242.0,13.0,1247,1255.0,8.0,0,0,,0.0,0.0,0.0,0.0,0.0,2015-04-15,0,0.0,0.0,0.0,0.0,0.0
2015,4,22,3,UA,1118,N18220,SFO,EWR,2344,2341.0,-3.0,20.0,1.0,321.0,324.0,291.0,2565,752.0,13.0,805,805.0,0.0,0,0,,0.0,0.0,0.0,0.0,0.0,2015-04-22,0,0.0,0.0,0.0,0.0,0.0
2015,4,14,2,WN,4119,N663SW,PVD,BWI,1645,1638.0,-7.0,10.0,1648.0,80.0,78.0,64.0,327,1752.0,4.0,1805,1756.0,-9.0,0,0,,0.0,0.0,0.0,0.0,0.0,2015-04-14,0,0.0,0.0,0.0,0.0,0.0
2015,4,11,6,UA,1074,N77530,ORD,SEA,1910,1909.0,-1.0,14.0,1923.0,277.0,260.0,239.0,1721,2122.0,7.0,2147,2129.0,-18.0,0,0,,0.0,0.0,0.0,0.0,0.0,2015-04-11,0,0.0,0.0,0.0,0.0,0.0
2015,5,4,1,WN,817,N8654B,BNA,DEN,1345,1359.0,14.0,9.0,1408.0,170.0,167.0,149.0,1014,1537.0,9.0,1535,1546.0,11.0,0,0,,0.0,0.0,0.0,0.0,0.0,2015-05-04,0,0.0,0.0,0.0,0.0,0.0
2015,4,19,7,AA,1220,N4XXAA,DFW,ABQ,1505,1501.0,-4.0,21.0,1522.0,114.0,115.0,90.0,569,1552.0,4.0,1559,1556.0,-3.0,0,0,,0.0,0.0,0.0,0.0,0.0,2015-04-19,0,0.0,0.0,0.0,0.0,0.0
2015,4,29,3,MQ,3229,N693MQ,BIS,DFW,648,647.0,-1.0,21.0,708.0,172.0,162.0,136.0,977,924.0,5.0,940,929.0,-11.0,0,0,,0.0,0.0,0.0,0.0,0.0,2015-04-29,0,0.0,0.0,0.0,0.0,0.0
2015,5,3,7,B6,2601,N238JB,BUF,JFK,1524,1531.0,7.0,10.0,1541.0,96.0,77.0,63.0,301,1644.0,4.0,1700,1648.0,-12.0,0,0,,0.0,0.0,0.0,0.0,0.0,2015-05-03,0,0.0,0.0,0.0,0.0,0.0
2015,5,1,5,US,617,N834AW,PHX,CMH,850,850.0,0.0,17.0,907.0,231.0,228.0,206.0,1670,1533.0,5.0,1541,1538.0,-3.0,0,0,,0.0,0.0,0.0,0.0,0.0,2015-05-01,0,0.0,0.0,0.0,0.0,0.0
2015,4,21,2,DL,2339,N921DN,DCA,ATL,2000,1951.0,-9.0,18.0,2009.0,116.0,109.0,86.0,547,2135.0,5.0,2156,2140.0,-16.0,0,0,,0.0,0.0,0.0,0.0,0.0,2015-04-21,0,0.0,0.0,0.0,0.0,0.0
2015,4,6,1,EV,6188,N12157,CRW,ORD,1730,1733.0,3.0,11.0,1744.0,95.0,98.0,75.0,416,1759.0,12.0,1805,1811.0,6.0,0,0,,0.0,0.0,0.0,0.0,0.0,2015-04-06,0,0.0,0.0,0.0,0.0,0.0
2015,5,1,5,AA,1284,N564AA,MSY,DFW,1105,1055.0,-10.0,10.0,1105.0,103.0,94.0,71.0,447,1216.0,13.0,1248,1229.0,-19.0,0,0,,0.0,0.0,0.0,0.0,0.0,2015-05-01,0,0.0,0.0,0.0,0.0,0.0
2015,4,27,1,UA,2005,N467UA,LAX,CLE,2255,2251.0,-4.0,15.0,2306.0,274.0,270.0,251.0,2052,617.0,4.0,629,621.0,-8.0,0,0,,0.0,0.0,0.0,0.0,0.0,2015-04-27,0,0.0,0.0,0.0,0.0,0.0
2015,4,20,1,DL,1997,N6708D,ATL,SAN,1930,1932.0,2.0,19.0,1951.0,292.0,289.0,266.0,1892,2117.0,4.0,2122,2121.0,-1.0,0,0,,0.0,0.0,0.0,0.0,0.0,2015-04-20,0,0.0,0.0,0.0,0.0,0.0
2015,4,30,4,WN,3217,N363SW,BOS,MKE,1525,1534.0,9.0,18.0,1552.0,155.0,138.0,116.0,860,1648.0,4.0,1700,1652.0,-8.0,0,0,,0.0,0.0,0.0,0.0,0.0,2015-04-30,0,0.0,0.0,0.0,0.0,0.0
2015,4,2,4,EV,5462,N980EV,ILM,ATL,1058,1056.0,-2.0,8.0,1104.0,92.0,85.0,72.0,377,1216.0,5.0,1230,1221.0,-9.0,0,0,,0.0,0.0,0.0,0.0,0.0,2015-04-02,0,0.0,0.0,0.0,0.0,0.0
2015,4,13,1,OO,5201,N946SW,ORD,LEX,2110,2108.0,-2.0,17.0,2125.0,79.0,76.0,54.0,323,2319.0,5.0,2329,2324.0,-5.0,0,0,,0.0,0.0,0.0,0.0,0.0,2015-04-13,0,0.0,0.0,0.0,0.0,0.0
2015,4,4,6,WN,1747,N361SW,BWI,PBI,925,944.0,19.0,8.0,952.0,155.0,155.0,141.0,883,1213.0,6.0,1200,1219.0,19.0,0,0,,0.0,0.0,19.0,0.0,0.0,2015-04-04,1,0.0,0.0,100.0,0.0,0.0
2015,3,29,7,WN,780,N648SW,OKC,BWI,725,725.0,0.0,9.0,734.0,165.0,168.0,154.0,1180,1108.0,5.0,1110,1113.0,3.0,0,0,,0.0,0.0,0.0,0.0,0.0,2015-03-29,0,0.0,0.0,0.0,0.0,0.0
2015,5,1,5,OO,4670,N608SK,FAR,SLC,1740,1732.0,-8.0,14.0,1746.0,149.0,140.0,123.0,866,1849.0,3.0,1909,1852.0,-17.0,0,0,,0.0,0.0,0.0,0.0,0.0,2015-05-01,0,0.0,0.0,0.0,0.0,0.0
2015,4,30,4,OO,4533,N779CA,DTW,SBN,2135,2133.0,-2.0,13.0,2146.0,58.0,45.0,28.0,157,2214.0,4.0,2233,2218.0,-15.0,0,0,,0.0,0.0,0.0,0.0,0.0,2015-04-30,0,0.0,0.0,0.0,0.0,0.0
2015,4,4,6,MQ,3641,N689MQ,MIA,TLH,940,935.0,-5.0,19.0,954.0,97.0,89.0,66.0,402,1100.0,4.0,1117,1104.0,-13.0,0,0,,0.0,0.0,0.0,0.0,0.0,2015-04-04,0,0.0,0.0,0.0,0.0,0.0
2015,4,15,3,WN,734,N441WN,MDW,SEA,1450,1450.0,0.0,16.0,1506.0,265.0,241.0,222.0,1733,1648.0,3.0,1715,1651.0,-24.0,0,0,,0.0,0.0,0.0,0.0,0.0,2015-04-15,0,0.0,0.0,0.0,0.0,0.0
2015,4,5,7,WN,617,N214WN,MDW,SLC,835,829.0,-6.0,8.0,837.0,210.0,208.0,197.0,1259,1054.0,3.0,1105,1057.0,-8.0,0,0,,0.0,0.0,0.0,0.0,0.0,2015-04-05,0,0.0,0.0,0.0,0.0,0.0
2015,4,25,6,WN,14,N385SW,TPA,FLL,1925,1927.0,2.0,10.0,1937.0,60.0,56.0,40.0,197,2017.0,6.0,2025,2023.0,-2.0,0,0,,0.0,0.0,0.0,0.0,0.0,2015-04-25,0,0.0,0.0,0.0,0.0,0.0
2015,4,20,1,WN,4016,N8319F,FLL,MKE,1200,1201.0,1.0,14.0,1215.0,205.0,181.0,160.0,1243,1355.0,7.0,1425,1402.0,-23.0,0,0,,0.0,0.0,0.0,0.0,0.0,2015-04-20,0,0.0,0.0,0.0,0.0,0.0
2015,4,8,3,UA,1199,N14106,EWR,SFO,830,828.0,-2.0,25.0,853.0,396.0,404.0,362.0,2565,1155.0,17.0,1206,1212.0,6.0,0,0,,0.0,0.0,0.0,0.0,0.0,2015-04-08,0,0.0,0.0,0.0,0.0,0.0
2015,4,19,7,EV,4966,N841AS,DTW,PWM,1007,959.0,-8.0,17.0,1016.0,111.0,105.0,86.0,668,1142.0,2.0,1158,1144.0,-14.0,0,0,,0.0,0.0,0.0,0.0,0.0,2015-04-19,0,0.0,0.0,0.0,0.0,0.0
2015,4,12,7,EV,5903,N13903,ORD,GSO,1421,1427.0,6.0,14.0,1441.0,110.0,99.0,81.0,589,1702.0,4.0,1711,1706.0,-5.0,0,0,,0.0,0.0,0.0,0.0,0.0,2015-04-12,0,0.0,0.0,0.0,0.0,0.0
2015,5,3,7,DL,413,N389DA,JFK,PHX,1630,1625.0,-5.0,24.0,1649.0,343.0,309.0,281.0,2153,1830.0,4.0,1913,1834.0,-39.0,0,0,,0.0,0.0,0.0,0.0,0.0,2015-05-03,0,0.0,0.0,0.0,0.0,0.0
2015,4,2,4,US,2050,N554UW,ATL,CLT,1355,1405.0,10.0,16.0,1421.0,77.0,72.0,42.0,226,1503.0,14.0,1512,1517.0,5.0,0,0,,0.0,0.0,0.0,0.0,0.0,2015-04-02,0,0.0,0.0,0.0,0.0,0.0
2015,4,4,6,OO,5240,N755SK,ASE,ORD,700,659.0,-1.0,18.0,717.0,166.0,147.0,120.0,1013,1017.0,9.0,1046,1026.0,-20.0,0,0,,0.0,0.0,0.0,0.0,0.0,2015-04-04,0,0.0,0.0,0.0,0.0,0.0
2015,4,14,2,OO,4630,N487CA,COS,SLC,825,1122.0,177.0,17.0,1139.0,107.0,121.0,100.0,411,1319.0,4.0,1012,1323.0,191.0,0,0,,14.0,0.0,177.0,0.0,0.0,2015-04-14,1,7.91,0.0,100.0,0.0,0.0
2015,4,24,5,UA,528,N448UA,ORD,MIA,706,658.0,-8.0,12.0,710.0,189.0,168.0,148.0,1197,1038.0,8.0,1115,1046.0,-29.0,0,0,,0.0,0.0,0.0,0.0,0.0,2015-04-24,0,0.0,0.0,0.0,0.0,0.0
2015,4,13,1,WN,839,N607SW,LAX,PHX,1905,1904.0,-1.0,19.0,1923.0,75.0,87.0,60.0,370,2023.0,8.0,2020,2031.0,11.0,0,0,,0.0,0.0,0.0,0.0,0.0,2015-04-13,0,0.0,0.0,0.0,0.0,0.0
2015,4,22,3,F9,712,N952FR,DEN,RSW,2359,2348.0,-11.0,10.0,2358.0,216.0,197.0,171.0,1607,449.0,16.0,535,505.0,-30.0,0,0,,0.0,0.0,0.0,0.0,0.0,2015-04-22,0,0.0,0.0,0.0,0.0,0.0
2015,4,1,3,HA,290,N477HA,LIH,OGG,902,858.0,-4.0,5.0,903.0,45.0,47.0,35.0,201,938.0,7.0,947,945.0,-2.0,0,0,,0.0,0.0,0.0,0.0,0.0,2015-04-01,0,0.0,0.0,0.0,0.0,0.0
2015,4,29,3,VX,219,N846VA,AUS,SFO,700,655.0,-5.0,10.0,705.0,225.0,212.0,196.0,1504,821.0,6.0,845,827.0,-18.0,0,0,,0.0,0.0,0.0,0.0,0.0,2015-04-29,0,0.0,0.0,0.0,0.0,0.0
2015,4,24,5,AS,447,N471AS,LAX,SEA,1150,1149.0,-1.0,12.0,1201.0,164.0,151.0,132.0,954,1413.0,7.0,1434,1420.0,-14.0,0,0,,0.0,0.0,0.0,0.0,0.0,2015-04-24,0,0.0,0.0,0.0,0.0,0.0
2015,4,12,7,OO,5245,N948SW,DEN,FAR,1611,1611.0,0.0,17.0,1628.0,112.0,101.0,79.0,627,1847.0,5.0,1903,1852.0,-11.0,0,0,,0.0,0.0,0.0,0.0,0.0,2015-04-12,0,0.0,0.0,0.0,0.0,0.0
2015,4,23,4,UA,279,N435UA,LAX,LAS,2241,2244.0,3.0,13.0,2257.0,75.0,68.0,48.0,236,2345.0,7.0,2356,2352.0,-4.0,0,0,,0.0,0.0,0.0,0.0,0.0,2015-04-23,0,0.0,0.0,0.0,0.0,0.0
2015,4,16,4,MQ,3225,N814MQ,DFW,GRK,1516,1518.0,2.0,18.0,1536.0,56.0,55.0,35.0,134,1611.0,2.0,1612,1613.0,1.0,0,0,,0.0,0.0,0.0,0.0,0.0,2015-04-16,0,0.0,0.0,0.0,0.0,0.0
2015,3,29,7,DL,2215,N3763D,MSP,FSD,2155,2315.0,80.0,11.0,2326.0,56.0,49.0,33.0,196,2359.0,5.0,2251,4.0,73.0,0,0,,0.0,0.0,0.0,73.0,0.0,2015-03-29,1,0.0,0.0,0.0,91.25,0.0
2015,4,13,1,F9,1344,N912FR,PHX,CLE,2200,2243.0,43.0,9.0,2252.0,225.0,221.0,206.0,1737,518.0,6.0,445,524.0,39.0,0,0,,0.0,0.0,0.0,39.0,0.0,2015-04-13,1,0.0,0.0,0.0,90.7,0.0
2015,3,31,2,AA,1661,N3HVAA,IAD,MIA,1716,1719.0,3.0,41.0,1800.0,167.0,188.0,134.0,921,2014.0,13.0,2003,2027.0,24.0,0,0,,24.0,0.0,0.0,0.0,0.0,2015-03-31,0,800.0,0.0,0.0,0.0,0.0
2015,4,14,2,AA,1387,N3DLAA,DFW,ATL,1700,1700.0,0.0,14.0,1714.0,137.0,130.0,102.0,731,1956.0,14.0,2017,2010.0,-7.0,0,0,,0.0,0.0,0.0,0.0,0.0,2015-04-14,0,0.0,0.0,0.0,0.0,0.0
2015,3,29,7,UA,703,N587UA,JFK,LAX,1129,1129.0,0.0,22.0,1151.0,377.0,362.0,328.0,2475,1419.0,12.0,1446,1431.0,-15.0,0,0,,0.0,0.0,0.0,0.0,0.0,2015-03-29,0,0.0,0.0,0.0,0.0,0.0
2015,4,27,1,WN,866,N317WN,MSY,DAL,600,558.0,-2.0,9.0,607.0,90.0,89.0,75.0,436,722.0,5.0,730,727.0,-3.0,0,0,,0.0,0.0,0.0,0.0,0.0,2015-04-27,0,0.0,0.0,0.0,0.0,0.0
2015,3,28,6,UA,1577,N33262,SFO,EWR,2245,2242.0,-3.0,14.0,2256.0,320.0,311.0,289.0,2565,645.0,8.0,705,653.0,-12.0,0,0,,0.0,0.0,0.0,0.0,0.0,2015-03-28,0,0.0,0.0,0.0,0.0,0.0
2015,4,20,1,WN,532,N8620H,MHT,MDW,1710,1708.0,-2.0,9.0,1717.0,150.0,135.0,121.0,838,1818.0,5.0,1840,1823.0,-17.0,0,0,,0.0,0.0,0.0,0.0,0.0,2015-04-20,0,0.0,0.0,0.0,0.0,0.0
2015,5,3,7,AA,1049,N3EYAA,DFW,RDU,1820,1959.0,99.0,37.0,2036.0,168.0,179.0,139.0,1061,2355.0,3.0,2208,2358.0,110.0,0,0,,11.0,0.0,1.0,98.0,0.0,2015-05-03,1,11.11,0.0,1.01,98.99,0.0
2015,4,26,7,DL,420,N198DN,JFK,LAX,1530,1603.0,33.0,26.0,1629.0,401.0,351.0,320.0,2475,1849.0,5.0,1911,1854.0,-17.0,0,0,,0.0,0.0,0.0,0.0,0.0,2015-04-26,1,0.0,0.0,0.0,0.0,0.0
2015,4,1,3,EV,4508,N13979,STL,EWR,1521,1515.0,-6.0,9.0,1524.0,144.0,135.0,118.0,872,1822.0,8.0,1845,1830.0,-15.0,0,0,,0.0,0.0,0.0,0.0,0.0,2015-04-01,0,0.0,0.0,0.0,0.0,0.0
2015,4,9,4,UA,453,N487UA,ATL,DEN,1649,1652.0,3.0,15.0,1707.0,206.0,194.0,173.0,1199,1800.0,6.0,1815,1806.0,-9.0,0,0,,0.0,0.0,0.0,0.0,0.0,2015-04-09,0,0.0,0.0,0.0,0.0,0.0
2015,4,30,4,DL,1553,N965DL,ATL,DFW,1505,1505.0,0.0,21.0,1526.0,152.0,132.0,105.0,731,1611.0,6.0,1637,1617.0,-20.0,0,0,,0.0,0.0,0.0,0.0,0.0,2015-04-30,0,0.0,0.0,0.0,0.0,0.0
2015,4,20,1,OO,4771,N601XJ,DLH,MSP,1429,1421.0,-8.0,15.0,1436.0,61.0,56.0,35.0,144,1511.0,6.0,1530,1517.0,-13.0,0,0,,0.0,0.0,0.0,0.0,0.0,2015-04-20,0,0.0,0.0,0.0,0.0,0.0
2015,5,3,7,DL,2137,N901DA,TPA,ATL,730,720.0,-10.0,15.0,735.0,98.0,100.0,61.0,406,836.0,24.0,908,900.0,-8.0,0,0,,0.0,0.0,0.0,0.0,0.0,2015-05-03,0,0.0,0.0,0.0,0.0,0.0
2015,4,1,3,WN,656,N634SW,ONT,SMF,1930,1935.0,5.0,6.0,1941.0,75.0,73.0,63.0,390,2044.0,4.0,2045,2048.0,3.0,0,0,,0.0,0.0,0.0,0.0,0.0,2015-04-01,0,0.0,0.0,0.0,0.0,0.0
2015,4,26,7,DL,2143,N548US,LAX,SLC,725,721.0,-4.0,23.0,744.0,111.0,122.0,89.0,590,1013.0,10.0,1016,1023.0,7.0,0,0,,0.0,0.0,0.0,0.0,0.0,2015-04-26,0,0.0,0.0,0.0,0.0,0.0
2015,4,6,1,WN,354,N7741C,MCO,SAT,1245,1245.0,0.0,11.0,1256.0,185.0,164.0,149.0,1041,1425.0,4.0,1450,1429.0,-21.0,0,0,,0.0,0.0,0.0,0.0,0.0,2015-04-06,0,0.0,0.0,0.0,0.0,0.0
2015,4,9,4,EV,5460,N730EV,ATL,BMI,1454,1448.0,-6.0,15.0,1503.0,101.0,93.0,75.0,533,1518.0,3.0,1535,1521.0,-14.0,0,0,,0.0,0.0,0.0,0.0,0.0,2015-04-09,0,0.0,0.0,0.0,0.0,0.0
2015,4,18,6,EV,5311,N134EV,ATL,AVP,2039,2038.0,-1.0,19.0,2057.0,114.0,117.0,94.0,714,2231.0,4.0,2233,2235.0,2.0,0,0,,0.0,0.0,0.0,0.0,0.0,2015-04-18,0,0.0,0.0,0.0,0.0,0.0
2015,4,3,5,WN,2413,N963WN,BWI,TPA,1850,1855.0,5.0,14.0,1909.0,145.0,136.0,117.0,842,2106.0,5.0,2115,2111.0,-4.0,0,0,,0.0,0.0,0.0,0.0,0.0,2015-04-03,0,0.0,0.0,0.0,0.0,0.0
2015,4,7,2,OO,6337,N925SW,DEN,CPR,1845,1853.0,8.0,11.0,1904.0,62.0,50.0,36.0,230,1940.0,3.0,1947,1943.0,-4.0,0,0,,0.0,0.0,0.0,0.0,0.0,2015-04-07,0,0.0,0.0,0.0,0.0,0.0
2015,4,4,6,DL,819,N959AT,BOS,MSP,810,834.0,24.0,21.0,855.0,196.0,190.0,165.0,1124,1040.0,4.0,1026,1044.0,18.0,0,0,,0.0,0.0,18.0,0.0,0.0,2015-04-04,1,0.0,0.0,75.0,0.0,0.0
2015,4,5,7,DL,1708,N913DL,DTW,MCO,845,836.0,-9.0,20.0,856.0,158.0,153.0,126.0,957,1102.0,7.0,1123,1109.0,-14.0,0,0,,0.0,0.0,0.0,0.0,0.0,2015-04-05,0,0.0,0.0,0.0,0.0,0.0
2015,4,25,6,AS,26,N435AS,SEA,ORD,1805,1916.0,71.0,11.0,1927.0,223.0,221.0,203.0,1721,50.0,7.0,2348,57.0,69.0,0,0,,0.0,0.0,20.0,49.0,0.0,2015-04-25,1,0.0,0.0,28.17,69.01,0.0
2015,5,4,1,OO,4523,N447SW,XNA,CVG,1640,1630.0,-10.0,11.0,1641.0,104.0,91.0,77.0,562,1858.0,3.0,1924,1901.0,-23.0,0,0,,0.0,0.0,0.0,0.0,0.0,2015-05-04,0,0.0,0.0,0.0,0.0,0.0
2015,4,22,3,UA,1010,N23721,PHL,ORD,1246,1243.0,-3.0,19.0,1302.0,142.0,129.0,106.0,678,1348.0,4.0,1408,1352.0,-16.0,0,0,,0.0,0.0,0.0,0.0,0.0,2015-04-22,0,0.0,0.0,0.0,0.0,0.0
2015,5,1,5,EV,4740,N11192,ORD,BUF,755,751.0,-4.0,14.0,805.0,90.0,89.0,71.0,473,1016.0,4.0,1025,1020.0,-5.0,0,0,,0.0,0.0,0.0,0.0,0.0,2015-05-01,0,0.0,0.0,0.0,0.0,0.0
2015,4,20,1,MQ,2966,N659MQ,DFW,ACT,1700,1658.0,-2.0,15.0,1713.0,49.0,42.0,23.0,89,1736.0,4.0,1749,1740.0,-9.0,0,0,,0.0,0.0,0.0,0.0,0.0,2015-04-20,0,0.0,0.0,0.0,0.0,0.0
2015,4,10,5,UA,543,N484UA,LAX,ORD,1249,1246.0,-3.0,19.0,1305.0,256.0,236.0,212.0,1744,1837.0,5.0,1905,1842.0,-23.0,0,0,,0.0,0.0,0.0,0.0,0.0,2015-04-10,0,0.0,0.0,0.0,0.0,0.0
2015,4,13,1,US,1723,N812AW,CLT,FLL,1955,1949.0,-6.0,13.0,2002.0,114.0,103.0,87.0,632,2129.0,3.0,2149,2132.0,-17.0,0,0,,0.0,0.0,0.0,0.0,0.0,2015-04-13,0,0.0,0.0,0.0,0.0,0.0
2015,4,23,4,WN,438,N7752B,STL,MSY,2140,2139.0,-1.0,11.0,2150.0,100.0,99.0,83.0,604,2313.0,5.0,2320,2318.0,-2.0,0,0,,0.0,0.0,0.0,0.0,0.0,2015-04-23,0,0.0,0.0,0.0,0.0,0.0
2015,5,2,6,WN,2829,N701GS,LAS,DEN,2030,2047.0,17.0,11.0,2058.0,105.0,101.0,85.0,628,2323.0,5.0,2315,2328.0,13.0,0,0,,0.0,0.0,0.0,0.0,0.0,2015-05-02,1,0.0,0.0,0.0,0.0,0.0
2015,4,11,6,US,2160,N756US,DCA,BOS,630,624.0,-6.0,22.0,646.0,81.0,89.0,58.0,399,744.0,9.0,751,753.0,2.0,0,0,,0.0,0.0,0.0,0.0,0.0,2015-04-11,0,0.0,0.0,0.0,0.0,0.0
2015,3,28,6,B6,123,N934JB,JFK,LAX,759,756.0,-3.0,13.0,809.0,383.0,331.0,310.0,2475,1019.0,8.0,1122,1027.0,-55.0,0,0,,0.0,0.0,0.0,0.0,0.0,2015-03-28,0,0.0,0.0,0.0,0.0,0.0
2015,5,2,6,NK,943,N524NK,ACY,RSW,1028,1019.0,-9.0,8.0,1027.0,157.0,155.0,143.0,982,1250.0,4.0,1305,1254.0,-11.0,0,0,,0.0,0.0,0.0,0.0,0.0,2015-05-02,0,0.0,0.0,0.0,0.0,0.0
2015,4,20,1,WN,276,N642WN,LAX,OAK,1235,1240.0,5.0,10.0,1250.0,75.0,68.0,54.0,337,1344.0,4.0,1350,1348.0,-2.0,0,0,,0.0,0.0,0.0,0.0,0.0,2015-04-20,0,0.0,0.0,0.0,0.0,0.0
2015,4,11,6,WN,2817,N421LV,DAL,MCO,635,630.0,-5.0,8.0,638.0,150.0,150.0,119.0,973,937.0,23.0,1005,1000.0,-5.0,0,0,,0.0,0.0,0.0,0.0,0.0,2015-04-11,0,0.0,0.0,0.0,0.0,0.0
2015,4,12,7,EV,5565,N850AS,ATL,OAJ,1613,1608.0,-5.0,17.0,1625.0,80.0,75.0,56.0,399,1721.0,2.0,1733,1723.0,-10.0,0,0,,0.0,0.0,0.0,0.0,0.0,2015-04-12,0,0.0,0.0,0.0,0.0,0.0
2015,4,17,5,DL,2280,N990AT,LGA,TPA,830,939.0,69.0,49.0,1028.0,191.0,194.0,140.0,1010,1248.0,5.0,1141,1253.0,72.0,0,0,,27.0,0.0,0.0,45.0,0.0,2015-04-17,1,39.13,0.0,0.0,65.22,0.0
2015,4,16,4,OO,2894,N465SW,SAN,LAX,1655,1656.0,1.0,11.0,1707.0,44.0,42.0,24.0,109,1731.0,7.0,1739,1738.0,-1.0,0,0,,0.0,0.0,0.0,0.0,0.0,2015-04-16,0,0.0,0.0,0.0,0.0,0.0
2015,4,4,6,HA,22,N381HA,HNL,SEA,1310,1311.0,1.0,20.0,1331.0,340.0,343.0,315.0,2677,2146.0,8.0,2150,2154.0,4.0,0,0,,0.0,0.0,0.0,0.0,0.0,2015-04-04,0,0.0,0.0,0.0,0.0,0.0
2015,4,29,3,DL,899,N964DN,PHX,MSP,1600,1554.0,-6.0,13.0,1607.0,185.0,192.0,171.0,1276,2058.0,8.0,2105,2106.0,1.0,0,0,,0.0,0.0,0.0,0.0,0.0,2015-04-29,0,0.0,0.0,0.0,0.0,0.0
2015,3,31,2,AA,1192,N3HEAA,JFK,DCA,1500,1457.0,-3.0,25.0,1522.0,100.0,109.0,63.0,213,1625.0,21.0,1640,1646.0,6.0,0,0,,0.0,0.0,0.0,0.0,0.0,2015-03-31,0,0.0,0.0,0.0,0.0,0.0
2015,4,3,5,WN,4718,N317WN,DAL,SAT,745,738.0,-7.0,9.0,747.0,65.0,59.0,47.0,248,834.0,3.0,850,837.0,-13.0,0,0,,0.0,0.0,0.0,0.0,0.0,2015-04-03,0,0.0,0.0,0.0,0.0,0.0
2015,4,21,2,OO,5649,N975SW,FAT,DEN,1318,1331.0,13.0,21.0,1352.0,141.0,142.0,117.0,844,1649.0,4.0,1639,1653.0,14.0,0,0,,0.0,0.0,0.0,0.0,0.0,2015-04-21,0,0.0,0.0,0.0,0.0,0.0
2015,5,1,5,UA,1558,N37290,IAH,EWR,1016,1015.0,-1.0,17.0,1032.0,219.0,221.0,181.0,1400,1433.0,23.0,1455,1456.0,1.0,0,0,,0.0,0.0,0.0,0.0,0.0,2015-05-01,0,0.0,0.0,0.0,0.0,0.0
2015,3,28,6,WN,2470,N737JW,TPA,ROC,1500,1502.0,2.0,15.0,1517.0,165.0,152.0,131.0,1079,1728.0,6.0,1745,1734.0,-11.0,0,0,,0.0,0.0,0.0,0.0,0.0,2015-03-28,0,0.0,0.0,0.0,0.0,0.0
2015,4,5,7,B6,2053,N618JB,JFK,PBI,2151,2218.0,27.0,43.0,2301.0,178.0,188.0,141.0,1028,122.0,4.0,49,126.0,37.0,0,0,,10.0,0.0,16.0,11.0,0.0,2015-04-05,1,37.04,0.0,59.26,40.74,0.0
2015,3,26,4,WN,885,N455WN,MEM,MCO,1020,1012.0,-8.0,8.0,1020.0,115.0,112.0,94.0,684,1254.0,10.0,1315,1304.0,-11.0,0,0,,0.0,0.0,0.0,0.0,0.0,2015-03-26,0,0.0,0.0,0.0,0.0,0.0
2015,4,17,5,DL,1722,N3744F,LAX,MSY,1245,1246.0,1.0,19.0,1305.0,219.0,219.0,192.0,1670,1817.0,8.0,1824,1825.0,1.0,0,0,,0.0,0.0,0.0,0.0,0.0,2015-04-17,0,0.0,0.0,0.0,0.0,0.0
2015,4,13,1,OO,4507,N443SW,CVG,DTW,959,952.0,-7.0,9.0,1001.0,71.0,60.0,46.0,229,1047.0,5.0,1110,1052.0,-18.0,0,0,,0.0,0.0,0.0,0.0,0.0,2015-04-13,0,0.0,0.0,0.0,0.0,0.0
2015,4,5,7,US,678,N942UW,SJU,PHL,1235,1236.0,1.0,15.0,1251.0,241.0,245.0,226.0,1576,1637.0,4.0,1636,1641.0,5.0,0,0,,0.0,0.0,0.0,0.0,0.0,2015-04-05,0,0.0,0.0,0.0,0.0,0.0
2015,4,14,2,EV,4643,N11194,MCI,IAH,600,553.0,-7.0,11.0,604.0,127.0,128.0,106.0,643,750.0,11.0,807,801.0,-6.0,0,0,,0.0,0.0,0.0,0.0,0.0,2015-04-14,0,0.0,0.0,0.0,0.0,0.0
2015,4,21,2,AA,2305,N508AA,ORD,DFW,602,554.0,-8.0,14.0,608.0,153.0,144.0,122.0,802,810.0,8.0,835,818.0,-17.0,0,0,,0.0,0.0,0.0,0.0,0.0,2015-04-21,0,0.0,0.0,0.0,0.0,0.0
2015,4,20,1,WN,1518,N7737E,OAK,BUR,1450,1449.0,-1.0,6.0,1455.0,65.0,61.0,53.0,325,1548.0,2.0,1555,1550.0,-5.0,0,0,,0.0,0.0,0.0,0.0,0.0,2015-04-20,0,0.0,0.0,0.0,0.0,0.0
2015,4,29,3,WN,945,N452WN,PHX,DEN,1315,1312.0,-3.0,11.0,1323.0,105.0,101.0,85.0,602,1548.0,5.0,1600,1553.0,-7.0,0,0,,0.0,0.0,0.0,0.0,0.0,2015-04-29,0,0.0,0.0,0.0,0.0,0.0
2015,4,12,7,AA,1270,N3FHAA,MIA,DCA,1115,1113.0,-2.0,16.0,1129.0,154.0,145.0,126.0,919,1335.0,3.0,1349,1338.0,-11.0,0,0,,0.0,0.0,0.0,0.0,0.0,2015-04-12,0,0.0,0.0,0.0,0.0,0.0
2015,4,13,1,DL,1175,N314US,DEN,MSP,906,856.0,-10.0,12.0,908.0,114.0,102.0,83.0,680,1131.0,7.0,1200,1138.0,-22.0,0,0,,0.0,0.0,0.0,0.0,0.0,2015-04-13,0,0.0,0.0,0.0,0.0,0.0
2015,4,29,3,AA,297,N5ESAA,LAX,HNL,1645,1743.0,58.0,17.0,1800.0,354.0,352.0,331.0,2556,2031.0,4.0,1939,2035.0,56.0,0,0,,0.0,0.0,56.0,0.0,0.0,2015-04-29,1,0.0,0.0,96.55,0.0,0.0
2015,4,29,3,WN,556,N917WN,ATL,AUS,2040,2037.0,-3.0,26.0,2103.0,150.0,160.0,129.0,813,2212.0,5.0,2210,2217.0,7.0,0,0,,0.0,0.0,0.0,0.0,0.0,2015-04-29,0,0.0,0.0,0.0,0.0,0.0
2015,3,29,7,F9,658,N925FR,SFO,DEN,1015,1011.0,-4.0,10.0,1021.0,145.0,136.0,119.0,967,1320.0,7.0,1340,1327.0,-13.0,0,0,,0.0,0.0,0.0,0.0,0.0,2015-03-29,0,0.0,0.0,0.0,0.0,0.0
2015,4,25,6,AA,1330,N021AA,DFW,ELP,1155,1154.0,-1.0,21.0,1215.0,110.0,107.0,81.0,551,1236.0,5.0,1245,1241.0,-4.0,0,0,,0.0,0.0,0.0,0.0,0.0,2015-04-25,0,0.0,0.0,0.0,0.0,0.0
2015,3,30,1,US,470,N912UY,TPA,CLT,1535,1529.0,-6.0,10.0,1539.0,101.0,96.0,76.0,507,1655.0,10.0,1716,1705.0,-11.0,0,0,,0.0,0.0,0.0,0.0,0.0,2015-03-30,0,0.0,0.0,0.0,0.0,0.0
2015,3,28,6,EV,4939,N974EV,OAJ,ATL,1600,1554.0,-6.0,11.0,1605.0,94.0,98.0,77.0,399,1722.0,10.0,1734,1732.0,-2.0,0,0,,0.0,0.0,0.0,0.0,0.0,2015-03-28,0,0.0,0.0,0.0,0.0,0.0
2015,4,25,6,DL,1681,N373DA,CMH,LAX,725,720.0,-5.0,14.0,734.0,305.0,310.0,286.0,1995,920.0,10.0,930,930.0,0.0,0,0,,0.0,0.0,0.0,0.0,0.0,2015-04-25,0,0.0,0.0,0.0,0.0,0.0
2015,3,27,5,WN,629,N392SW,GEG,OAK,1805,1825.0,20.0,7.0,1832.0,125.0,127.0,114.0,723,2026.0,6.0,2010,2032.0,22.0,0,0,,2.0,0.0,0.0,20.0,0.0,2015-03-27,1,10.0,0.0,0.0,100.0,0.0
2015,3,31,2,US,1735,N556UW,BDL,CLT,805,805.0,0.0,25.0,830.0,133.0,131.0,95.0,644,1005.0,11.0,1018,1016.0,-2.0,0,0,,0.0,0.0,0.0,0.0,0.0,2015-03-31,0,0.0,0.0,0.0,0.0,0.0
2015,4,22,3,NK,992,N633NK,MSY,ORD,1755,1750.0,-5.0,15.0,1805.0,140.0,151.0,120.0,837,2005.0,16.0,2015,2021.0,6.0,0,0,,0.0,0.0,0.0,0.0,0.0,2015-04-22,0,0.0,0.0,0.0,0.0,0.0
2015,4,7,2,MQ,3434,N503MQ,ORD,DTW,855,927.0,32.0,25.0,952.0,86.0,76.0,47.0,235,1139.0,4.0,1121,1143.0,22.0,0,0,,0.0,0.0,22.0,0.0,0.0,2015-04-07,1,0.0,0.0,68.75,0.0,0.0
2015,4,2,4,HA,143,N483HA,HNL,LIH,1103,1100.0,-3.0,12.0,1112.0,38.0,40.0,22.0,102,1134.0,6.0,1141,1140.0,-1.0,0,0,,0.0,0.0,0.0,0.0,0.0,2015-04-02,0,0.0,0.0,0.0,0.0,0.0
2015,4,3,5,OO,6312,N221SW,PSP,LAX,1139,1159.0,20.0,12.0,1211.0,59.0,43.0,25.0,110,1236.0,6.0,1238,1242.0,4.0,0,0,,0.0,0.0,0.0,0.0,0.0,2015-04-03,1,0.0,0.0,0.0,0.0,0.0
2015,4,23,4,WN,2851,N614SW,PBI,ISP,1125,1142.0,17.0,11.0,1153.0,160.0,163.0,147.0,1052,1420.0,5.0,1405,1425.0,20.0,0,0,,3.0,0.0,6.0,11.0,0.0,2015-04-23,1,17.65,0.0,35.29,64.71,0.0
2015,4,4,6,AS,875,N508AS,SEA,KOA,1735,1726.0,-9.0,14.0,1740.0,387.0,363.0,347.0,2688,2027.0,2.0,2102,2029.0,-33.0,0,0,,0.0,0.0,0.0,0.0,0.0,2015-04-04,0,0.0,0.0,0.0,0.0,0.0
2015,4,3,5,MQ,3626,N523MQ,ATL,LGA,630,617.0,-13.0,15.0,632.0,130.0,155.0,107.0,762,819.0,33.0,840,852.0,12.0,0,0,,0.0,0.0,0.0,0.0,0.0,2015-04-03,0,0.0,0.0,0.0,0.0,0.0
2015,4,3,5,WN,864,N263WN,SMF,LAX,1345,1412.0,27.0,9.0,1421.0,75.0,77.0,61.0,373,1522.0,7.0,1500,1529.0,29.0,0,0,,2.0,0.0,11.0,16.0,0.0,2015-04-03,1,7.41,0.0,40.74,59.26,0.0
2015,3,26,4,OO,4646,N824SK,OKC,SLC,830,827.0,-3.0,15.0,842.0,157.0,150.0,125.0,866,947.0,10.0,1007,957.0,-10.0,0,0,,0.0,0.0,0.0,0.0,0.0,2015-03-26,0,0.0,0.0,0.0,0.0,0.0
2015,3,30,1,WN,2347,N345SA,SFO,LAX,2050,2125.0,35.0,18.0,2143.0,80.0,85.0,61.0,337,2244.0,6.0,2210,2250.0,40.0,0,0,,40.0,0.0,0.0,0.0,0.0,2015-03-30,1,114.29,0.0,0.0,0.0,0.0
2015,4,6,1,DL,434,N706TW,JFK,SFO,900,855.0,-5.0,27.0,922.0,401.0,397.0,365.0,2586,1227.0,5.0,1241,1232.0,-9.0,0,0,,0.0,0.0,0.0,0.0,0.0,2015-04-06,0,0.0,0.0,0.0,0.0,0.0
2015,4,3,5,DL,764,N907DL,MKE,ATL,1004,954.0,-10.0,8.0,1002.0,121.0,115.0,102.0,669,1244.0,5.0,1305,1249.0,-16.0,0,0,,0.0,0.0,0.0,0.0,0.0,2015-04-03,0,0.0,0.0,0.0,0.0,0.0
2015,5,1,5,EV,5032,N391CA,LIT,DTW,1730,1723.0,-7.0,14.0,1737.0,126.0,118.0,98.0,705,2015.0,6.0,2036,2021.0,-15.0,0,0,,0.0,0.0,0.0,0.0,0.0,2015-05-01,0,0.0,0.0,0.0,0.0,0.0
2015,4,28,2,AA,1460,N501AA,MSP,DFW,1340,1334.0,-6.0,12.0,1346.0,155.0,144.0,127.0,852,1553.0,5.0,1615,1558.0,-17.0,0,0,,0.0,0.0,0.0,0.0,0.0,2015-04-28,0,0.0,0.0,0.0,0.0,0.0
2015,4,6,1,WN,1899,N288WN,RSW,PIT,1050,1042.0,-8.0,10.0,1052.0,155.0,146.0,133.0,966,1305.0,3.0,1325,1308.0,-17.0,0,0,,0.0,0.0,0.0,0.0,0.0,2015-04-06,0,0.0,0.0,0.0,0.0,0.0
2015,4,29,3,OO,5232,N479CA,DEN,BIS,1952,1945.0,-7.0,19.0,2004.0,91.0,95.0,72.0,516,2216.0,4.0,2223,2220.0,-3.0,0,0,,0.0,0.0,0.0,0.0,0.0,2015-04-29,0,0.0,0.0,0.0,0.0,0.0
2015,3,27,5,WN,197,N8631A,LAS,TPA,1625,1631.0,6.0,10.0,1641.0,245.0,231.0,218.0,1984,2319.0,3.0,2330,2322.0,-8.0,0,0,,0.0,0.0,0.0,0.0,0.0,2015-03-27,0,0.0,0.0,0.0,0.0,0.0
2015,5,2,6,B6,1159,N292JB,BOS,PHL,1846,1839.0,-7.0,10.0,1849.0,97.0,69.0,56.0,280,1945.0,3.0,2023,1948.0,-35.0,0,0,,0.0,0.0,0.0,0.0,0.0,2015-05-02,0,0.0,0.0,0.0,0.0,0.0
2015,4,11,6,B6,362,N585JB,PBI,LGA,1213,1232.0,19.0,13.0,1245.0,166.0,148.0,129.0,1035,1454.0,6.0,1459,1500.0,1.0,0,0,,0.0,0.0,0.0,0.0,0.0,2015-04-11,1,0.0,0.0,0.0,0.0,0.0
2015,4,26,7,US,566,N580UW,PHX,MCO,1215,1211.0,-4.0,12.0,1223.0,244.0,219.0,201.0,1849,1844.0,6.0,1919,1850.0,-29.0,0,0,,0.0,0.0,0.0,0.0,0.0,2015-04-26,0,0.0,0.0,0.0,0.0,0.0
2015,4,17,5,AA,1014,N3MBAA,ORD,LAX,1820,1818.0,-2.0,12.0,1830.0,279.0,246.0,225.0,1744,2015.0,9.0,2059,2024.0,-35.0,0,0,,0.0,0.0,0.0,0.0,0.0,2015-04-17,0,0.0,0.0,0.0,0.0,0.0
2015,4,5,7,DL,1813,N935AT,HOU,ATL,1700,1700.0,0.0,12.0,1712.0,120.0,112.0,86.0,696,1938.0,14.0,2000,1952.0,-8.0,0,0,,0.0,0.0,0.0,0.0,0.0,2015-04-05,0,0.0,0.0,0.0,0.0,0.0
2015,4,3,5,WN,1438,N352SW,MCO,BNA,1835,1851.0,16.0,8.0,1859.0,115.0,123.0,108.0,616,1947.0,7.0,1930,1954.0,24.0,0,0,,8.0,0.0,6.0,10.0,0.0,2015-04-03,1,50.0,0.0,37.5,62.5,0.0
2015,4,12,7,DL,1801,N821DN,BOS,ATL,1100,1059.0,-1.0,18.0,1117.0,172.0,165.0,142.0,946,1339.0,5.0,1352,1344.0,-8.0,0,0,,0.0,0.0,0.0,0.0,0.0,2015-04-12,0,0.0,0.0,0.0,0.0,0.0
2015,4,23,4,US,2052,N836AW,CLT,PWM,1755,1804.0,9.0,19.0,1823.0,129.0,125.0,103.0,813,2006.0,3.0,2004,2009.0,5.0,0,0,,0.0,0.0,0.0,0.0,0.0,2015-04-23,0,0.0,0.0,0.0,0.0,0.0
2015,4,12,7,OO,4529,N803SK,MSP,PIT,1516,1515.0,-1.0,19.0,1534.0,122.0,116.0,91.0,726,1805.0,6.0,1818,1811.0,-7.0,0,0,,0.0,0.0,0.0,0.0,0.0,2015-04-12,0,0.0,0.0,0.0,0.0,0.0
2015,4,1,3,UA,709,N482UA,ORD,SAN,1200,1157.0,-3.0,18.0,1215.0,267.0,250.0,230.0,1723,1405.0,2.0,1427,1407.0,-20.0,0,0,,0.0,0.0,0.0,0.0,0.0,2015-04-01,0,0.0,0.0,0.0,0.0,0.0
2015,4,17,5,WN,395,N7709A,SAN,OAK,1710,1710.0,0.0,9.0,1719.0,90.0,80.0,64.0,446,1823.0,7.0,1840,1830.0,-10.0,0,0,,0.0,0.0,0.0,0.0,0.0,2015-04-17,0,0.0,0.0,0.0,0.0,0.0
2015,4,2,4,B6,1729,N318JB,JFK,RSW,1555,1553.0,-2.0,37.0,1630.0,204.0,192.0,152.0,1074,1902.0,3.0,1919,1905.0,-14.0,0,0,,0.0,0.0,0.0,0.0,0.0,2015-04-02,0,0.0,0.0,0.0,0.0,0.0
2015,5,4,1,WN,507,N946WN,DAL,PHX,1040,1114.0,34.0,14.0,1128.0,155.0,153.0,132.0,879,1140.0,7.0,1115,1147.0,32.0,0,0,,0.0,0.0,32.0,0.0,0.0,2015-05-04,1,0.0,0.0,94.12,0.0,0.0
2015,4,4,6,MQ,3153,N942MQ,GNV,MIA,1600,1554.0,-6.0,5.0,1559.0,67.0,59.0,49.0,294,1648.0,5.0,1707,1653.0,-14.0,0,0,,0.0,0.0,0.0,0.0,0.0,2015-04-04,0,0.0,0.0,0.0,0.0,0.0
2015,4,17,5,UA,688,N830UA,ORD,CMH,1445,1541.0,56.0,28.0,1609.0,76.0,77.0,44.0,296,1753.0,5.0,1701,1758.0,57.0,0,0,,1.0,0.0,8.0,48.0,0.0,2015-04-17,1,1.79,0.0,14.29,85.71,0.0
2015,3,30,1,WN,2073,N380SW,OKC,PHX,725,724.0,-1.0,11.0,735.0,150.0,144.0,128.0,833,743.0,5.0,755,748.0,-7.0,0,0,,0.0,0.0,0.0,0.0,0.0,2015-03-30,0,0.0,0.0,0.0,0.0,0.0
2015,5,2,6,OO,5185,N790SK,IAH,ICT,1524,1516.0,-8.0,23.0,1539.0,103.0,106.0,78.0,542,1657.0,5.0,1707,1702.0,-5.0,0,0,,0.0,0.0,0.0,0.0,0.0,2015-05-02,0,0.0,0.0,0.0,0.0,0.0
2015,4,13,1,EV,5677,N24103,CVG,EWR,906,856.0,-10.0,9.0,905.0,119.0,101.0,85.0,569,1030.0,7.0,1105,1037.0,-28.0,0,0,,0.0,0.0,0.0,0.0,0.0,2015-04-13,0,0.0,0.0,0.0,0.0,0.0
2015,4,3,5,B6,263,N828JB,JFK,SEA,1746,1739.0,-7.0,18.0,1757.0,381.0,362.0,340.0,2422,2037.0,4.0,2107,2041.0,-26.0,0,0,,0.0,0.0,0.0,0.0,0.0,2015-04-03,0,0.0,0.0,0.0,0.0,0.0
2015,4,9,4,AA,933,N356AA,ORD,MIA,1845,1844.0,-1.0,13.0,1857.0,198.0,169.0,152.0,1197,2229.0,4.0,2303,2233.0,-30.0,0,0,,0.0,0.0,0.0,0.0,0.0,2015-04-09,0,0.0,0.0,0.0,0.0,0.0
2015,4,24,5,US,610,N920US,PHX,ATL,859,859.0,0.0,30.0,929.0,227.0,208.0,170.0,1587,1519.0,8.0,1546,1527.0,-19.0,0,0,,0.0,0.0,0.0,0.0,0.0,2015-04-24,0,0.0,0.0,0.0,0.0,0.0
2015,4,9,4,AA,1564,N5EXAA,ORD,MIA,1150,1259.0,69.0,16.0,1315.0,190.0,175.0,153.0,1197,1648.0,6.0,1600,1654.0,54.0,0,0,,0.0,0.0,0.0,0.0,54.0,2015-04-09,1,0.0,0.0,0.0,0.0,78.26
2015,4,17,5,NK,458,N522NK,PDX,DFW,1809,1813.0,4.0,11.0,1824.0,214.0,227.0,205.0,1616,2349.0,11.0,2343,2400.0,17.0,0,0,,17.0,0.0,0.0,0.0,0.0,2015-04-17,0,425.0,0.0,0.0,0.0,0.0
2015,5,4,1,WN,1344,N777QC,LGA,MKE,1855,1854.0,-1.0,14.0,1908.0,150.0,129.0,111.0,738,1959.0,4.0,2025,2003.0,-22.0,0,0,,0.0,0.0,0.0,0.0,0.0,2015-05-04,0,0.0,0.0,0.0,0.0,0.0
2015,4,25,6,AA,2496,N5FBAA,DFW,LAX,1530,1527.0,-3.0,19.0,1546.0,212.0,213.0,174.0,1235,1640.0,20.0,1702,1700.0,-2.0,0,0,,0.0,0.0,0.0,0.0,0.0,2015-04-25,0,0.0,0.0,0.0,0.0,0.0
2015,3,27,5,OO,6452,N567SW,FAT,LAX,702,653.0,-9.0,12.0,705.0,81.0,90.0,49.0,209,754.0,29.0,823,823.0,0.0,0,0,,0.0,0.0,0.0,0.0,0.0,2015-03-27,0,0.0,0.0,0.0,0.0,0.0
2015,4,3,5,OO,4620,N8982A,SLC,BUR,1500,1457.0,-3.0,9.0,1506.0,124.0,111.0,99.0,574,1545.0,3.0,1604,1548.0,-16.0,0,0,,0.0,0.0,0.0,0.0,0.0,2015-04-03,0,0.0,0.0,0.0,0.0,0.0
2015,4,10,5,AA,87,N4XCAA,ORD,RNO,2030,2028.0,-2.0,18.0,2046.0,267.0,245.0,224.0,1671,2230.0,3.0,2257,2233.0,-24.0,0,0,,0.0,0.0,0.0,0.0,0.0,2015-04-10,0,0.0,0.0,0.0,0.0,0.0
2015,3,28,6,B6,326,N547JB,TPA,JFK,728,727.0,-1.0,11.0,738.0,159.0,137.0,117.0,1005,935.0,9.0,1007,944.0,-23.0,0,0,,0.0,0.0,0.0,0.0,0.0,2015-03-28,0,0.0,0.0,0.0,0.0,0.0
2015,4,19,7,DL,2173,N966DL,ATL,MIA,1100,1249.0,109.0,15.0,1304.0,117.0,106.0,84.0,594,1428.0,7.0,1257,1435.0,98.0,0,0,,0.0,0.0,98.0,0.0,0.0,2015-04-19,1,0.0,0.0,89.91,0.0,0.0
2015,4,3,5,WN,2582,N925WN,MCI,DCA,1200,1200.0,0.0,5.0,1205.0,140.0,118.0,109.0,949,1454.0,4.0,1520,1458.0,-22.0,0,0,,0.0,0.0,0.0,0.0,0.0,2015-04-03,0,0.0,0.0,0.0,0.0,0.0
2015,3,28,6,US,766,N675AW,DEN,PHX,2100,2058.0,-2.0,17.0,2115.0,112.0,108.0,85.0,602,2140.0,6.0,2152,2146.0,-6.0,0,0,,0.0,0.0,0.0,0.0,0.0,2015-03-28,0,0.0,0.0,0.0,0.0,0.0
2015,4,21,2,AA,2426,N356AA,LAX,DFW,740,812.0,32.0,15.0,827.0,182.0,171.0,146.0,1235,1253.0,10.0,1242,1303.0,21.0,0,0,,0.0,0.0,21.0,0.0,0.0,2015-04-21,1,0.0,0.0,65.62,0.0,0.0
2015,4,18,6,US,1729,N190UW,CLT,MCO,1120,1119.0,-1.0,13.0,1132.0,95.0,90.0,70.0,468,1242.0,7.0,1255,1249.0,-6.0,0,0,,0.0,0.0,0.0,0.0,0.0,2015-04-18,0,0.0,0.0,0.0,0.0,0.0
2015,4,18,6,WN,2486,N633SW,ATL,PIT,1135,1132.0,-3.0,15.0,1147.0,100.0,98.0,77.0,526,1304.0,6.0,1315,1310.0,-5.0,0,0,,0.0,0.0,0.0,0.0,0.0,2015-04-18,0,0.0,0.0,0.0,0.0,0.0
2015,4,11,6,WN,1174,N345SA,SAN,SFO,1340,1340.0,0.0,16.0,1356.0,90.0,89.0,68.0,447,1504.0,5.0,1510,1509.0,-1.0,0,0,,0.0,0.0,0.0,0.0,0.0,2015-04-11,0,0.0,0.0,0.0,0.0,0.0
2015,3,30,1,DL,2448,N534US,PBI,ATL,1759,1800.0,1.0,11.0,1811.0,121.0,110.0,82.0,545,1933.0,17.0,2000,1950.0,-10.0,0,0,,0.0,0.0,0.0,0.0,0.0,2015-03-30,0,0.0,0.0,0.0,0.0,0.0
2015,4,29,3,F9,919,N954FR,TTN,MCO,1210,1302.0,52.0,19.0,1321.0,156.0,162.0,133.0,896,1534.0,10.0,1446,1544.0,58.0,0,0,,6.0,0.0,0.0,52.0,0.0,2015-04-29,1,11.54,0.0,0.0,100.0,0.0
2015,4,6,1,US,796,N507AY,LAX,PHL,1105,1141.0,36.0,21.0,1202.0,320.0,301.0,273.0,2402,1935.0,7.0,1925,1942.0,17.0,0,0,,0.0,0.0,0.0,17.0,0.0,2015-04-06,1,0.0,0.0,0.0,47.22,0.0
2015,4,7,2,AA,2427,N5FAAA,MIA,DFW,1829,1826.0,-3.0,19.0,1845.0,199.0,191.0,159.0,1121,2024.0,13.0,2048,2037.0,-11.0,0,0,,0.0,0.0,0.0,0.0,0.0,2015-04-07,0,0.0,0.0,0.0,0.0,0.0
2015,4,6,1,US,1778,N947UW,AUS,PHL,745,737.0,-8.0,10.0,747.0,202.0,183.0,170.0,1430,1137.0,3.0,1207,1140.0,-27.0,0,0,,0.0,0.0,0.0,0.0,0.0,2015-04-06,0,0.0,0.0,0.0,0.0,0.0
2015,4,24,5,EV,4981,N753EV,DTW,OKC,1520,1523.0,3.0,17.0,1540.0,157.0,166.0,146.0,900,1706.0,3.0,1657,1709.0,12.0,0,0,,0.0,0.0,0.0,0.0,0.0,2015-04-24,0,0.0,0.0,0.0,0.0,0.0
2015,4,13,1,UA,1706,N73283,ITO,LAX,2050,2055.0,5.0,11.0,2106.0,310.0,289.0,272.0,2449,438.0,6.0,500,444.0,-16.0,0,0,,0.0,0.0,0.0,0.0,0.0,2015-04-13,0,0.0,0.0,0.0,0.0,0.0
2015,4,7,2,MQ,3663,N692MQ,ORD,LIT,718,726.0,8.0,11.0,737.0,111.0,105.0,87.0,552,904.0,7.0,909,911.0,2.0,0,0,,0.0,0.0,0.0,0.0,0.0,2015-04-07,0,0.0,0.0,0.0,0.0,0.0
2015,4,2,4,OO,5566,N679SA,ORD,CID,1525,1604.0,39.0,11.0,1615.0,65.0,53.0,35.0,196,1650.0,7.0,1630,1657.0,27.0,0,0,,0.0,0.0,0.0,27.0,0.0,2015-04-02,1,0.0,0.0,0.0,69.23,0.0
2015,4,29,3,UA,1136,N66828,EWR,MIA,1100,1056.0,-4.0,16.0,1112.0,187.0,186.0,161.0,1085,1353.0,9.0,1407,1402.0,-5.0,0,0,,0.0,0.0,0.0,0.0,0.0,2015-04-29,0,0.0,0.0,0.0,0.0,0.0
2015,4,14,2,AA,1016,N4XYAA,ORD,MSP,2210,2204.0,-6.0,15.0,2219.0,92.0,80.0,57.0,334,2316.0,8.0,2342,2324.0,-18.0,0,0,,0.0,0.0,0.0,0.0,0.0,2015-04-14,0,0.0,0.0,0.0,0.0,0.0
2015,4,12,7,AA,1150,N475AA,DFW,ELP,1020,1021.0,1.0,16.0,1037.0,111.0,98.0,78.0,551,1055.0,4.0,1111,1059.0,-12.0,0,0,,0.0,0.0,0.0,0.0,0.0,2015-04-12,0,0.0,0.0,0.0,0.0,0.0
2015,3,27,5,NK,631,N507NK,DTW,TPA,1955,2004.0,9.0,12.0,2016.0,157.0,162.0,144.0,983,2240.0,6.0,2232,2246.0,14.0,0,0,,0.0,0.0,0.0,0.0,0.0,2015-03-27,0,0.0,0.0,0.0,0.0,0.0
2015,4,28,2,EV,4464,N12967,MEM,IAH,1607,1558.0,-9.0,25.0,1623.0,108.0,124.0,88.0,468,1751.0,11.0,1755,1802.0,7.0,0,0,,0.0,0.0,0.0,0.0,0.0,2015-04-28,0,0.0,0.0,0.0,0.0,0.0
2015,3,31,2,DL,906,N948DN,ATL,LGA,2050,2047.0,-3.0,31.0,2118.0,143.0,143.0,102.0,762,2300.0,10.0,2313,2310.0,-3.0,0,0,,0.0,0.0,0.0,0.0,0.0,2015-03-31,0,0.0,0.0,0.0,0.0,0.0
2015,4,30,4,WN,1540,N7719A,HOU,SAT,2210,2205.0,-5.0,9.0,2214.0,55.0,46.0,34.0,192,2248.0,3.0,2305,2251.0,-14.0,0,0,,0.0,0.0,0.0,0.0,0.0,2015-04-30,0,0.0,0.0,0.0,0.0,0.0
2015,4,26,7,DL,1085,N994DL,AVL,ATL,700,658.0,-2.0,16.0,714.0,65.0,57.0,35.0,164,749.0,6.0,805,755.0,-10.0,0,0,,0.0,0.0,0.0,0.0,0.0,2015-04-26,0,0.0,0.0,0.0,0.0,0.0
2015,4,2,4,B6,61,N627JB,BOS,SJU,828,826.0,-2.0,17.0,843.0,242.0,233.0,207.0,1674,1210.0,9.0,1230,1219.0,-11.0,0,0,,0.0,0.0,0.0,0.0,0.0,2015-04-02,0,0.0,0.0,0.0,0.0,0.0
2015,4,26,7,WN,39,N515SW,HOU,HRL,1755,1750.0,-5.0,8.0,1758.0,60.0,59.0,48.0,277,1846.0,3.0,1855,1849.0,-6.0,0,0,,0.0,0.0,0.0,0.0,0.0,2015-04-26,0,0.0,0.0,0.0,0.0,0.0
2015,3,31,2,DL,1750,N6716C,ATL,JFK,2045,2040.0,-5.0,21.0,2101.0,141.0,138.0,104.0,760,2245.0,13.0,2306,2258.0,-8.0,0,0,,0.0,0.0,0.0,0.0,0.0,2015-03-31,0,0.0,0.0,0.0,0.0,0.0
2015,4,13,1,UA,1199,N74856,SFO,MCO,1403,1944.0,341.0,41.0,2025.0,308.0,334.0,286.0,2446,411.0,7.0,2211,418.0,367.0,0,0,,26.0,0.0,38.0,303.0,0.0,2015-04-13,1,7.62,0.0,11.14,88.86,0.0
2015,4,19,7,DL,2033,N938AT,JFK,BUF,2100,2057.0,-3.0,43.0,2140.0,95.0,99.0,51.0,301,2231.0,5.0,2235,2236.0,1.0,0,0,,0.0,0.0,0.0,0.0,0.0,2015-04-19,0,0.0,0.0,0.0,0.0,0.0
2015,3,30,1,AA,321,N3KBAA,ORD,DCA,1820,1818.0,-2.0,12.0,1830.0,122.0,95.0,81.0,612,2051.0,2.0,2122,2053.0,-29.0,0,0,,0.0,0.0,0.0,0.0,0.0,2015-03-30,0,0.0,0.0,0.0,0.0,0.0
2015,4,26,7,MQ,3003,N922MQ,ORD,FSD,1025,1032.0,7.0,18.0,1050.0,104.0,92.0,71.0,462,1201.0,3.0,1209,1204.0,-5.0,0,0,,0.0,0.0,0.0,0.0,0.0,2015-04-26,0,0.0,0.0,0.0,0.0,0.0
2015,4,9,4,WN,1075,N277WN,RNO,PHX,1605,1628.0,23.0,7.0,1635.0,105.0,98.0,85.0,601,1800.0,6.0,1750,1806.0,16.0,0,0,,0.0,0.0,1.0,15.0,0.0,2015-04-09,1,0.0,0.0,4.35,65.22,0.0
2015,5,2,6,MQ,3279,N817MQ,ORD,CMI,850,843.0,-7.0,19.0,902.0,59.0,49.0,25.0,135,927.0,5.0,949,932.0,-17.0,0,0,,0.0,0.0,0.0,0.0,0.0,2015-05-02,0,0.0,0.0,0.0,0.0,0.0
2015,3,28,6,AA,2213,N3JJAA,DFW,RSW,1745,1759.0,14.0,9.0,1808.0,142.0,134.0,121.0,1017,2109.0,4.0,2107,2113.0,6.0,0,0,,0.0,0.0,0.0,0.0,0.0,2015-03-28,0,0.0,0.0,0.0,0.0,0.0
2015,4,17,5,AA,1529,N477AA,ORD,RDU,1825,1823.0,-2.0,14.0,1837.0,124.0,105.0,89.0,646,2106.0,2.0,2129,2108.0,-21.0,0,0,,0.0,0.0,0.0,0.0,0.0,2015-04-17,0,0.0,0.0,0.0,0.0,0.0
2015,3,29,7,US,2020,N557UW,LAS,PHX,2100,2104.0,4.0,14.0,2118.0,66.0,75.0,47.0,255,2205.0,14.0,2206,2219.0,13.0,0,0,,0.0,0.0,0.0,0.0,0.0,2015-03-29,0,0.0,0.0,0.0,0.0,0.0
2015,5,1,5,MQ,3149,N646MQ,GCK,DFW,1240,1230.0,-10.0,6.0,1236.0,85.0,71.0,59.0,404,1335.0,6.0,1405,1341.0,-24.0,0,0,,0.0,0.0,0.0,0.0,0.0,2015-05-01,0,0.0,0.0,0.0,0.0,0.0
2015,5,1,5,WN,4913,N746SW,MSP,ATL,1605,1612.0,7.0,9.0,1621.0,150.0,133.0,115.0,907,1916.0,9.0,1935,1925.0,-10.0,0,0,,0.0,0.0,0.0,0.0,0.0,2015-05-01,0,0.0,0.0,0.0,0.0,0.0
2015,5,4,1,OO,2785,N906SW,PHX,DRO,2150,2144.0,-6.0,10.0,2154.0,72.0,69.0,51.0,351,2345.0,8.0,2,2353.0,-9.0,0,0,,0.0,0.0,0.0,0.0,0.0,2015-05-04,0,0.0,0.0,0.0,0.0,0.0
2015,4,1,3,EV,4123,N12145,TYS,IAH,630,624.0,-6.0,9.0,633.0,161.0,125.0,108.0,771,721.0,8.0,811,729.0,-42.0,0,0,,0.0,0.0,0.0,0.0,0.0,2015-04-01,0,0.0,0.0,0.0,0.0,0.0
2015,5,4,1,AA,1039,N3GWAA,FLL,ORD,815,810.0,-5.0,12.0,822.0,199.0,191.0,172.0,1182,1014.0,7.0,1034,1021.0,-13.0,0,0,,0.0,0.0,0.0,0.0,0.0,2015-05-04,0,0.0,0.0,0.0,0.0,0.0
2015,4,19,7,EV,4982,N695CA,ATL,CAE,1343,1450.0,67.0,12.0,1502.0,59.0,51.0,36.0,192,1538.0,3.0,1442,1541.0,59.0,0,0,,0.0,0.0,11.0,48.0,0.0,2015-04-19,1,0.0,0.0,16.42,71.64,0.0
2015,4,25,6,WN,1768,N725SW,FLL,CMH,1850,1905.0,15.0,15.0,1920.0,160.0,156.0,136.0,973,2136.0,5.0,2130,2141.0,11.0,0,0,,0.0,0.0,0.0,0.0,0.0,2015-04-25,0,0.0,0.0,0.0,0.0,0.0
2015,3,31,2,WN,888,N619SW,DEN,TUS,1510,1541.0,31.0,15.0,1556.0,110.0,108.0,91.0,639,1627.0,2.0,1600,1629.0,29.0,0,0,,0.0,0.0,8.0,21.0,0.0,2015-03-31,1,0.0,0.0,25.81,67.74,0.0
2015,4,29,3,B6,776,N353JB,MSY,JFK,600,553.0,-7.0,12.0,605.0,174.0,150.0,133.0,1182,918.0,5.0,954,923.0,-31.0,0,0,,0.0,0.0,0.0,0.0,0.0,2015-04-29,0,0.0,0.0,0.0,0.0,0.0
2015,4,9,4,WN,491,N8648A,SAN,BWI,1305,1312.0,7.0,8.0,1320.0,310.0,277.0,258.0,2295,2038.0,11.0,2115,2049.0,-26.0,0,0,,0.0,0.0,0.0,0.0,0.0,2015-04-09,0,0.0,0.0,0.0,0.0,0.0
2015,3,28,6,US,803,N766US,IND,CLT,700,659.0,-1.0,32.0,731.0,102.0,111.0,70.0,427,841.0,9.0,842,850.0,8.0,0,0,,0.0,0.0,0.0,0.0,0.0,2015-03-28,0,0.0,0.0,0.0,0.0,0.0
2015,3,27,5,DL,1408,N329NW,OAK,SLC,610,608.0,-2.0,14.0,622.0,103.0,102.0,79.0,588,841.0,9.0,853,850.0,-3.0,0,0,,0.0,0.0,0.0,0.0,0.0,2015-03-27,0,0.0,0.0,0.0,0.0,0.0
2015,3,30,1,B6,553,N652JB,JFK,PBI,1311,1415.0,64.0,14.0,1429.0,179.0,166.0,150.0,1028,1659.0,2.0,1610,1701.0,51.0,0,0,,0.0,0.0,15.0,36.0,0.0,2015-03-30,1,0.0,0.0,23.44,56.25,0.0
2015,3,31,2,WN,603,N902WN,MSY,BWI,1430,1434.0,4.0,7.0,1441.0,145.0,136.0,124.0,998,1745.0,5.0,1755,1750.0,-5.0,0,0,,0.0,0.0,0.0,0.0,0.0,2015-03-31,0,0.0,0.0,0.0,0.0,0.0
2015,4,4,6,AA,1682,N3MEAA,ORD,LGA,930,939.0,9.0,11.0,950.0,131.0,111.0,96.0,733,1226.0,4.0,1241,1230.0,-11.0,0,0,,0.0,0.0,0.0,0.0,0.0,2015-04-04,0,0.0,0.0,0.0,0.0,0.0
2015,4,19,7,WN,234,N7731A,BHM,HOU,635,628.0,-7.0,8.0,636.0,110.0,101.0,89.0,570,805.0,4.0,825,809.0,-16.0,0,0,,0.0,0.0,0.0,0.0,0.0,2015-04-19,0,0.0,0.0,0.0,0.0,0.0
2015,4,24,5,DL,1748,N336NW,RNO,SLC,1700,1656.0,-4.0,8.0,1704.0,79.0,80.0,68.0,422,1912.0,4.0,1919,1916.0,-3.0,0,0,,0.0,0.0,0.0,0.0,0.0,2015-04-24,0,0.0,0.0,0.0,0.0,0.0
2015,3,28,6,AA,1533,N5CDAA,BOS,MIA,1705,1729.0,24.0,21.0,1750.0,220.0,225.0,187.0,1258,2057.0,17.0,2045,2114.0,29.0,0,0,,5.0,0.0,9.0,15.0,0.0,2015-03-28,1,20.83,0.0,37.5,62.5,0.0
2015,4,30,4,US,1997,N188US,RSW,PHL,1400,1426.0,26.0,10.0,1436.0,164.0,155.0,135.0,993,1651.0,10.0,1644,1701.0,17.0,0,0,,0.0,0.0,9.0,8.0,0.0,2015-04-30,1,0.0,0.0,34.62,30.77,0.0
2015,4,30,4,WN,1075,N748SW,RNO,PHX,1605,1602.0,-3.0,7.0,1609.0,105.0,105.0,88.0,601,1737.0,10.0,1750,1747.0,-3.0,0,0,,0.0,0.0,0.0,0.0,0.0,2015-04-30,0,0.0,0.0,0.0,0.0,0.0
2015,5,2,6,DL,2036,N303DQ,ATL,EYW,1510,1507.0,-3.0,16.0,1523.0,115.0,102.0,85.0,646,1648.0,1.0,1705,1649.0,-16.0,0,0,,0.0,0.0,0.0,0.0,0.0,2015-05-02,0,0.0,0.0,0.0,0.0,0.0
2015,3,27,5,WN,1051,N600WN,BDL,BWI,1825,1829.0,4.0,6.0,1835.0,75.0,65.0,56.0,283,1931.0,3.0,1940,1934.0,-6.0,0,0,,0.0,0.0,0.0,0.0,0.0,2015-03-27,0,0.0,0.0,0.0,0.0,0.0
2015,4,22,3,WN,711,N936WN,LAS,LAX,705,702.0,-3.0,20.0,722.0,65.0,67.0,42.0,236,804.0,5.0,810,809.0,-1.0,0,0,,0.0,0.0,0.0,0.0,0.0,2015-04-22,0,0.0,0.0,0.0,0.0,0.0
2015,4,5,7,OO,6396,N134SY,BOI,SFO,915,910.0,-5.0,15.0,925.0,118.0,151.0,101.0,522,1006.0,35.0,1013,1041.0,28.0,0,0,,28.0,0.0,0.0,0.0,0.0,2015-04-05,0,-560.0,-0.0,-0.0,-0.0,-0.0
2015,4,7,2,EV,5021,N133EV,DTW,OMA,2010,2007.0,-3.0,14.0,2021.0,138.0,115.0,98.0,651,2059.0,3.0,2128,2102.0,-26.0,0,0,,0.0,0.0,0.0,0.0,0.0,2015-04-07,0,0.0,0.0,0.0,0.0,0.0
2015,5,4,1,OO,7369,N913EV,APN,DTW,1017,1005.0,-12.0,6.0,1011.0,64.0,55.0,40.0,198,1051.0,9.0,1121,1100.0,-21.0,0,0,,0.0,0.0,0.0,0.0,0.0,2015-05-04,0,0.0,0.0,0.0,0.0,0.0
2015,4,13,1,AA,223,N3KBAA,BOS,LAX,1955,1954.0,-1.0,26.0,2020.0,389.0,383.0,347.0,2611,2307.0,10.0,2324,2317.0,-7.0,0,0,,0.0,0.0,0.0,0.0,0.0,2015-04-13,0,0.0,0.0,0.0,0.0,0.0
2015,4,21,2,WN,572,N201LV,PBI,ATL,905,903.0,-2.0,15.0,918.0,105.0,100.0,80.0,545,1038.0,5.0,1050,1043.0,-7.0,0,0,,0.0,0.0,0.0,0.0,0.0,2015-04-21,0,0.0,0.0,0.0,0.0,0.0
2015,3,26,4,DL,1515,N907DL,ATL,ALB,1916,1913.0,-3.0,13.0,1926.0,144.0,122.0,99.0,853,2105.0,10.0,2140,2115.0,-25.0,0,0,,0.0,0.0,0.0,0.0,0.0,2015-03-26,0,0.0,0.0,0.0,0.0,0.0
2015,4,22,3,OO,5349,N928SW,DLH,ORD,1144,1135.0,-9.0,12.0,1147.0,97.0,97.0,71.0,397,1258.0,14.0,1321,1312.0,-9.0,0,0,,0.0,0.0,0.0,0.0,0.0,2015-04-22,0,0.0,0.0,0.0,0.0,0.0
2015,4,26,7,DL,1818,N596NW,MCO,ATL,920,919.0,-1.0,11.0,930.0,90.0,84.0,67.0,404,1037.0,6.0,1050,1043.0,-7.0,0,0,,0.0,0.0,0.0,0.0,0.0,2015-04-26,0,0.0,0.0,0.0,0.0,0.0
2015,4,29,3,EV,4486,N14974,SAV,IAH,1430,1418.0,-12.0,15.0,1433.0,154.0,179.0,153.0,851,1606.0,11.0,1604,1617.0,13.0,0,0,,0.0,0.0,0.0,0.0,0.0,2015-04-29,0,0.0,0.0,0.0,0.0,0.0
2015,4,24,5,WN,41,N355SW,DAL,HOU,1630,1645.0,15.0,11.0,1656.0,65.0,63.0,47.0,239,1743.0,5.0,1735,1748.0,13.0,0,0,,0.0,0.0,0.0,0.0,0.0,2015-04-24,0,0.0,0.0,0.0,0.0,0.0
2015,4,26,7,WN,178,N456WN,ATL,DEN,1535,1542.0,7.0,12.0,1554.0,205.0,191.0,173.0,1199,1647.0,6.0,1700,1653.0,-7.0,0,0,,0.0,0.0,0.0,0.0,0.0,2015-04-26,0,0.0,0.0,0.0,0.0,0.0
2015,4,7,2,DL,1373,N916DL,CVG,ATL,1150,1148.0,-2.0,9.0,1157.0,94.0,88.0,74.0,373,1311.0,5.0,1324,1316.0,-8.0,0,0,,0.0,0.0,0.0,0.0,0.0,2015-04-07,0,0.0,0.0,0.0,0.0,0.0
2015,4,16,4,WN,2406,N776WN,SNA,DEN,950,949.0,-1.0,9.0,958.0,135.0,127.0,112.0,846,1250.0,6.0,1305,1256.0,-9.0,0,0,,0.0,0.0,0.0,0.0,0.0,2015-04-16,0,0.0,0.0,0.0,0.0,0.0
2015,4,23,4,WN,558,N8325D,SLC,DEN,1155,1148.0,-7.0,9.0,1157.0,85.0,71.0,57.0,391,1254.0,5.0,1320,1259.0,-21.0,0,0,,0.0,0.0,0.0,0.0,0.0,2015-04-23,0,0.0,0.0,0.0,0.0,0.0
2015,4,20,1,WN,290,N951WN,DEN,MSY,2010,2009.0,-1.0,13.0,2022.0,155.0,137.0,119.0,1062,2321.0,5.0,2345,2326.0,-19.0,0,0,,0.0,0.0,0.0,0.0,0.0,2015-04-20,0,0.0,0.0,0.0,0.0,0.0
2015,4,8,3,DL,575,N921AT,EWR,ATL,615,612.0,-3.0,32.0,644.0,155.0,149.0,106.0,746,830.0,11.0,850,841.0,-9.0,0,0,,0.0,0.0,0.0,0.0,0.0,2015-04-08,0,0.0,0.0,0.0,0.0,0.0
2015,4,13,1,AA,55,N3FHAA,ORD,LAS,1720,1745.0,25.0,12.0,1757.0,253.0,227.0,207.0,1514,1924.0,8.0,1933,1932.0,-1.0,0,0,,0.0,0.0,0.0,0.0,0.0,2015-04-13,1,0.0,0.0,0.0,0.0,0.0
2015,4,15,3,WN,791,N8306H,TUS,MDW,645,646.0,1.0,8.0,654.0,195.0,179.0,167.0,1440,1141.0,4.0,1200,1145.0,-15.0,0,0,,0.0,0.0,0.0,0.0,0.0,2015-04-15,0,0.0,0.0,0.0,0.0,0.0
2015,4,26,7,MQ,3159,N505MQ,ABQ,ORD,1305,1305.0,0.0,12.0,1317.0,168.0,165.0,139.0,1118,1636.0,14.0,1653,1650.0,-3.0,0,0,,0.0,0.0,0.0,0.0,0.0,2015-04-26,0,0.0,0.0,0.0,0.0,0.0
2015,4,13,1,AA,1466,N012AA,MKE,DFW,1510,1950.0,280.0,25.0,2015.0,160.0,167.0,130.0,853,2225.0,12.0,1750,2237.0,287.0,0,0,,7.0,0.0,3.0,277.0,0.0,2015-04-13,1,2.5,0.0,1.07,98.93,0.0
2015,3,26,4,AA,985,N3CXAA,ORD,MIA,1450,1455.0,5.0,15.0,1510.0,187.0,196.0,169.0,1197,1859.0,12.0,1857,1911.0,14.0,0,0,,0.0,0.0,0.0,0.0,0.0,2015-03-26,0,0.0,0.0,0.0,0.0,0.0
2015,4,23,4,AA,2341,N3MDAA,ORD,LAX,1655,1648.0,-7.0,27.0,1715.0,282.0,274.0,241.0,1744,1916.0,6.0,1937,1922.0,-15.0,0,0,,0.0,0.0,0.0,0.0,0.0,2015-04-23,0,0.0,0.0,0.0,0.0,0.0
2015,4,27,1,B6,2053,N517JB,JFK,PBI,2151,2309.0,78.0,28.0,2337.0,178.0,185.0,152.0,1028,209.0,5.0,49,214.0,85.0,0,0,,7.0,0.0,14.0,64.0,0.0,2015-04-27,1,8.97,0.0,17.95,82.05,0.0
2015,4,18,6,US,679,N971UY,PHX,SAN,1400,1400.0,0.0,20.0,1420.0,71.0,72.0,48.0,304,1508.0,4.0,1511,1512.0,1.0,0,0,,0.0,0.0,0.0,0.0,0.0,2015-04-18,0,0.0,0.0,0.0,0.0,0.0
2015,3,27,5,UA,1119,N66808,LAS,DEN,605,554.0,-11.0,17.0,611.0,118.0,113.0,88.0,628,839.0,8.0,903,847.0,-16.0,0,0,,0.0,0.0,0.0,0.0,0.0,2015-03-27,0,0.0,0.0,0.0,0.0,0.0
2015,4,29,3,DL,2500,N994DL,JFK,MIA,1535,1536.0,1.0,29.0,1605.0,207.0,207.0,172.0,1089,1857.0,6.0,1902,1903.0,1.0,0,0,,0.0,0.0,0.0,0.0,0.0,2015-04-29,0,0.0,0.0,0.0,0.0,0.0
2015,4,16,4,US,1782,N107US,CLT,EWR,2220,2220.0,0.0,22.0,2242.0,107.0,107.0,80.0,529,2.0,5.0,7,7.0,0.0,0,0,,0.0,0.0,0.0,0.0,0.0,2015-04-16,0,0.0,0.0,0.0,0.0,0.0
2015,5,4,1,HA,208,N479HA,HNL,KOA,1125,1120.0,-5.0,12.0,1132.0,44.0,44.0,28.0,163,1200.0,4.0,1209,1204.0,-5.0,0,0,,0.0,0.0,0.0,0.0,0.0,2015-05-04,0,0.0,0.0,0.0,0.0,0.0
2015,4,4,6,EV,3258,N12564,BRO,IAH,1049,1042.0,-7.0,11.0,1053.0,76.0,78.0,59.0,308,1152.0,8.0,1205,1200.0,-5.0,0,0,,0.0,0.0,0.0,0.0,0.0,2015-04-04,0,0.0,0.0,0.0,0.0,0.0
2015,4,3,5,WN,4574,N361SW,STL,DAL,600,603.0,3.0,24.0,627.0,110.0,118.0,90.0,546,757.0,4.0,750,801.0,11.0,0,0,,0.0,0.0,0.0,0.0,0.0,2015-04-03,0,0.0,0.0,0.0,0.0,0.0
2015,3,29,7,US,469,N766US,CLT,ATL,750,747.0,-3.0,27.0,814.0,79.0,76.0,42.0,226,856.0,7.0,909,903.0,-6.0,0,0,,0.0,0.0,0.0,0.0,0.0,2015-03-29,0,0.0,0.0,0.0,0.0,0.0
2015,5,2,6,WN,1997,N445WN,AUS,SJC,1230,1228.0,-2.0,9.0,1237.0,230.0,210.0,197.0,1476,1354.0,4.0,1420,1358.0,-22.0,0,0,,0.0,0.0,0.0,0.0,0.0,2015-05-02,0,0.0,0.0,0.0,0.0,0.0
2015,4,20,1,NK,595,N503NK,ORD,IAH,915,912.0,-3.0,15.0,927.0,160.0,159.0,134.0,925,1141.0,10.0,1155,1151.0,-4.0,0,0,,0.0,0.0,0.0,0.0,0.0,2015-04-20,0,0.0,0.0,0.0,0.0,0.0
2015,4,1,3,WN,498,N346SW,SJC,PHX,1645,1649.0,4.0,8.0,1657.0,110.0,101.0,87.0,621,1824.0,6.0,1835,1830.0,-5.0,0,0,,0.0,0.0,0.0,0.0,0.0,2015-04-01,0,0.0,0.0,0.0,0.0,0.0
2015,4,5,7,WN,239,N367SW,LAX,SLC,1355,1440.0,45.0,12.0,1452.0,105.0,94.0,76.0,590,1708.0,6.0,1640,1714.0,34.0,0,0,,0.0,0.0,6.0,28.0,0.0,2015-04-05,1,0.0,0.0,13.33,62.22,0.0
2015,4,27,1,EV,4162,N15986,ORD,GRB,1245,1244.0,-1.0,21.0,1305.0,56.0,59.0,33.0,173,1338.0,5.0,1341,1343.0,2.0,0,0,,0.0,0.0,0.0,0.0,0.0,2015-04-27,0,0.0,0.0,0.0,0.0,0.0
2015,4,21,2,OO,6256,N719SK,DEN,FSD,1952,1957.0,5.0,15.0,2012.0,90.0,88.0,68.0,483,2220.0,5.0,2222,2225.0,3.0,0,0,,0.0,0.0,0.0,0.0,0.0,2015-04-21,0,0.0,0.0,0.0,0.0,0.0
2015,4,17,5,NK,301,N632NK,BWI,FLL,645,648.0,3.0,12.0,700.0,151.0,141.0,123.0,925,903.0,6.0,916,909.0,-7.0,0,0,,0.0,0.0,0.0,0.0,0.0,2015-04-17,0,0.0,0.0,0.0,0.0,0.0
2015,4,24,5,DL,1673,N928DN,RIC,ATL,705,701.0,-4.0,16.0,717.0,116.0,107.0,80.0,481,837.0,11.0,901,848.0,-13.0,0,0,,0.0,0.0,0.0,0.0,0.0,2015-04-24,0,0.0,0.0,0.0,0.0,0.0
2015,4,14,2,WN,31,N285WN,MSY,DAL,1200,1217.0,17.0,8.0,1225.0,85.0,72.0,61.0,436,1326.0,3.0,1325,1329.0,4.0,0,0,,0.0,0.0,0.0,0.0,0.0,2015-04-14,1,0.0,0.0,0.0,0.0,0.0
2015,3,29,7,B6,1480,N354JB,FLL,DCA,935,921.0,-14.0,10.0,931.0,145.0,139.0,127.0,899,1138.0,2.0,1200,1140.0,-20.0,0,0,,0.0,0.0,0.0,0.0,0.0,2015-03-29,0,0.0,0.0,0.0,0.0,0.0
2015,4,12,7,MQ,3328,N531MQ,CID,DFW,1029,1026.0,-3.0,14.0,1040.0,131.0,136.0,106.0,685,1226.0,16.0,1240,1242.0,2.0,0,0,,0.0,0.0,0.0,0.0,0.0,2015-04-12,0,0.0,0.0,0.0,0.0,0.0
2015,4,19,7,OO,5571,N732SK,PIT,ORD,740,733.0,-7.0,14.0,747.0,95.0,103.0,76.0,413,803.0,13.0,815,816.0,1.0,0,0,,0.0,0.0,0.0,0.0,0.0,2015-04-19,0,0.0,0.0,0.0,0.0,0.0
2015,4,15,3,AA,114,N3LRAA,SNA,ORD,1115,1103.0,-12.0,10.0,1113.0,241.0,246.0,203.0,1726,1636.0,33.0,1716,1709.0,-7.0,0,0,,0.0,0.0,0.0,0.0,0.0,2015-04-15,0,0.0,0.0,0.0,0.0,0.0
2015,4,19,7,WN,641,N7813P,AUS,PHX,2000,2003.0,3.0,11.0,2014.0,150.0,159.0,143.0,872,2037.0,5.0,2030,2042.0,12.0,0,0,,0.0,0.0,0.0,0.0,0.0,2015-04-19,0,0.0,0.0,0.0,0.0,0.0
2015,4,23,4,WN,158,N764SW,LAS,SNA,1040,1046.0,6.0,11.0,1057.0,60.0,58.0,43.0,226,1140.0,4.0,1140,1144.0,4.0,0,0,,0.0,0.0,0.0,0.0,0.0,2015-04-23,0,0.0,0.0,0.0,0.0,0.0
2015,5,2,6,WN,2235,N370SW,ELP,AUS,900,857.0,-3.0,14.0,911.0,90.0,88.0,71.0,528,1122.0,3.0,1130,1125.0,-5.0,0,0,,0.0,0.0,0.0,0.0,0.0,2015-05-02,0,0.0,0.0,0.0,0.0,0.0
2015,4,21,2,AS,105,N797AS,SEA,ANC,1210,1212.0,2.0,9.0,1221.0,220.0,200.0,186.0,1448,1427.0,5.0,1450,1432.0,-18.0,0,0,,0.0,0.0,0.0,0.0,0.0,2015-04-21,0,0.0,0.0,0.0,0.0,0.0
2015,4,24,5,VX,260,N851VA,SFO,LAS,1940,1941.0,1.0,16.0,1957.0,90.0,90.0,65.0,414,2102.0,9.0,2110,2111.0,1.0,0,0,,0.0,0.0,0.0,0.0,0.0,2015-04-24,0,0.0,0.0,0.0,0.0,0.0
2015,4,15,3,UA,1224,N36447,PIT,ORD,724,717.0,-7.0,22.0,739.0,96.0,103.0,74.0,413,753.0,7.0,800,800.0,0.0,0,0,,0.0,0.0,0.0,0.0,0.0,2015-04-15,0,0.0,0.0,0.0,0.0,0.0
2015,4,10,5,WN,697,N454WN,DEN,SLC,2215,2220.0,5.0,12.0,2232.0,90.0,78.0,63.0,391,2335.0,3.0,2345,2338.0,-7.0,0,0,,0.0,0.0,0.0,0.0,0.0,2015-04-10,0,0.0,0.0,0.0,0.0,0.0
2015,4,4,6,EV,4179,N29917,EWR,BOS,659,658.0,-1.0,15.0,713.0,71.0,58.0,36.0,200,749.0,7.0,810,756.0,-14.0,0,0,,0.0,0.0,0.0,0.0,0.0,2015-04-04,0,0.0,0.0,0.0,0.0,0.0
2015,5,4,1,WN,2417,N467WN,MDW,EWR,1910,1920.0,10.0,9.0,1929.0,140.0,108.0,91.0,711,2200.0,8.0,2230,2208.0,-22.0,0,0,,0.0,0.0,0.0,0.0,0.0,2015-05-04,0,0.0,0.0,0.0,0.0,0.0
2015,4,30,4,AA,1401,N3AEAA,ORD,MIA,610,602.0,-8.0,24.0,626.0,184.0,204.0,156.0,1197,1002.0,24.0,1014,1026.0,12.0,0,0,,0.0,0.0,0.0,0.0,0.0,2015-04-30,0,0.0,0.0,0.0,0.0,0.0
2015,5,4,1,WN,285,N7710A,DEN,PHX,825,819.0,-6.0,14.0,833.0,115.0,108.0,88.0,602,901.0,6.0,920,907.0,-13.0,0,0,,0.0,0.0,0.0,0.0,0.0,2015-05-04,0,0.0,0.0,0.0,0.0,0.0
2015,3,26,4,WN,124,N7745A,SMF,PDX,610,610.0,0.0,9.0,619.0,90.0,84.0,71.0,479,730.0,4.0,740,734.0,-6.0,0,0,,0.0,0.0,0.0,0.0,0.0,2015-03-26,0,0.0,0.0,0.0,0.0,0.0
2015,4,23,4,B6,1753,N323JB,FLL,SJU,1046,1214.0,88.0,11.0,1225.0,151.0,135.0,119.0,1046,1424.0,5.0,1317,1429.0,72.0,0,0,,0.0,0.0,72.0,0.0,0.0,2015-04-23,1,0.0,0.0,81.82,0.0,0.0
2015,4,10,5,US,457,N194UW,PHX,SLC,1005,1004.0,-1.0,12.0,1016.0,101.0,86.0,68.0,507,1224.0,6.0,1246,1230.0,-16.0,0,0,,0.0,0.0,0.0,0.0,0.0,2015-04-10,0,0.0,0.0,0.0,0.0,0.0
2015,4,6,1,OO,4623,N549CA,PDX,SEA,1239,1302.0,23.0,12.0,1314.0,50.0,52.0,34.0,129,1348.0,6.0,1329,1354.0,25.0,0,0,,2.0,0.0,1.0,22.0,0.0,2015-04-06,1,8.7,0.0,4.35,95.65,0.0
2015,4,19,7,US,1866,N107US,LGA,CLT,629,625.0,-4.0,14.0,639.0,122.0,113.0,93.0,544,812.0,6.0,831,818.0,-13.0,0,0,,0.0,0.0,0.0,0.0,0.0,2015-04-19,0,0.0,0.0,0.0,0.0,0.0
2015,4,20,1,B6,928,N517JB,MCO,EWR,1500,1834.0,214.0,26.0,1900.0,165.0,179.0,145.0,937,2125.0,8.0,1745,2133.0,228.0,0,0,,198.0,0.0,30.0,0.0,0.0,2015-04-20,1,92.52,0.0,14.02,0.0,0.0
2015,4,12,7,B6,1016,N267JB,FLL,JAX,700,700.0,0.0,13.0,713.0,80.0,70.0,53.0,319,806.0,4.0,820,810.0,-10.0,0,0,,0.0,0.0,0.0,0.0,0.0,2015-04-12,0,0.0,0.0,0.0,0.0,0.0
2015,5,2,6,EV,4878,N186PQ,MDT,ATL,1210,1209.0,-1.0,8.0,1217.0,117.0,100.0,86.0,620,1343.0,6.0,1407,1349.0,-18.0,0,0,,0.0,0.0,0.0,0.0,0.0,2015-05-02,0,0.0,0.0,0.0,0.0,0.0
2015,4,17,5,AA,1131,N3FFAA,LGA,DFW,929,923.0,-6.0,33.0,956.0,252.0,250.0,199.0,1389,1215.0,18.0,1241,1233.0,-8.0,0,0,,0.0,0.0,0.0,0.0,0.0,2015-04-17,0,0.0,0.0,0.0,0.0,0.0
2015,4,30,4,OO,4802,N8942A,MSP,LNK,1120,1124.0,4.0,23.0,1147.0,86.0,77.0,48.0,331,1235.0,6.0,1246,1241.0,-5.0,0,0,,0.0,0.0,0.0,0.0,0.0,2015-04-30,0,0.0,0.0,0.0,0.0,0.0
2015,4,15,3,UA,1088,N24702,BOS,IAD,1444,1454.0,10.0,29.0,1523.0,101.0,110.0,76.0,413,1639.0,5.0,1625,1644.0,19.0,0,0,,9.0,0.0,10.0,0.0,0.0,2015-04-15,0,90.0,0.0,100.0,0.0,0.0
2015,4,1,3,EV,3258,N11526,GRK,IAH,1253,1242.0,-11.0,12.0,1254.0,56.0,54.0,34.0,166,1328.0,8.0,1349,1336.0,-13.0,0,0,,0.0,0.0,0.0,0.0,0.0,2015-04-01,0,0.0,0.0,0.0,0.0,0.0
2015,4,30,4,WN,1726,N946WN,SNA,OAK,645,644.0,-1.0,23.0,707.0,100.0,90.0,61.0,371,808.0,6.0,825,814.0,-11.0,0,0,,0.0,0.0,0.0,0.0,0.0,2015-04-30,0,0.0,0.0,0.0,0.0,0.0
2015,4,6,1,HA,7,N374HA,LAS,HNL,900,856.0,-4.0,14.0,910.0,380.0,378.0,359.0,2762,1209.0,5.0,1220,1214.0,-6.0,0,0,,0.0,0.0,0.0,0.0,0.0,2015-04-06,0,0.0,0.0,0.0,0.0,0.0
2015,5,5,2,DL,2116,N751AT,LAX,MSP,810,825.0,15.0,16.0,841.0,215.0,207.0,188.0,1535,1349.0,3.0,1345,1352.0,7.0,0,0,,0.0,0.0,0.0,0.0,0.0,2015-05-05,0,0.0,0.0,0.0,0.0,0.0
2015,4,20,1,DL,1963,N302DQ,VPS,ATL,900,856.0,-4.0,12.0,908.0,74.0,65.0,45.0,250,1053.0,8.0,1114,1101.0,-13.0,0,0,,0.0,0.0,0.0,0.0,0.0,2015-04-20,0,0.0,0.0,0.0,0.0,0.0
2015,4,2,4,US,2045,N701UW,CLT,MSY,1435,1430.0,-5.0,13.0,1443.0,117.0,110.0,94.0,651,1517.0,3.0,1532,1520.0,-12.0,0,0,,0.0,0.0,0.0,0.0,0.0,2015-04-02,0,0.0,0.0,0.0,0.0,0.0
2015,3,27,5,WN,227,N225WN,MCI,BOS,1900,1910.0,10.0,6.0,1916.0,170.0,154.0,143.0,1256,2239.0,5.0,2250,2244.0,-6.0,0,0,,0.0,0.0,0.0,0.0,0.0,2015-03-27,0,0.0,0.0,0.0,0.0,0.0
2015,4,24,5,NK,680,N508NK,MSY,FLL,1945,1933.0,-12.0,9.0,1942.0,110.0,98.0,82.0,674,2204.0,7.0,2235,2211.0,-24.0,0,0,,0.0,0.0,0.0,0.0,0.0,2015-04-24,0,0.0,0.0,0.0,0.0,0.0
2015,3,31,2,AA,1574,N564AA,RNO,ORD,820,853.0,33.0,9.0,902.0,236.0,218.0,194.0,1671,1416.0,15.0,1416,1431.0,15.0,0,0,,0.0,0.0,15.0,0.0,0.0,2015-03-31,1,0.0,0.0,45.45,0.0,0.0
2015,4,21,2,AA,1475,N4YDAA,STL,DFW,745,734.0,-11.0,11.0,745.0,114.0,110.0,87.0,550,912.0,12.0,939,924.0,-15.0,0,0,,0.0,0.0,0.0,0.0,0.0,2015-04-21,0,0.0,0.0,0.0,0.0,0.0
2015,4,8,3,MQ,2904,N546MQ,DFW,CID,1220,1219.0,-1.0,16.0,1235.0,126.0,103.0,85.0,685,1400.0,2.0,1426,1402.0,-24.0,0,0,,0.0,0.0,0.0,0.0,0.0,2015-04-08,0,0.0,0.0,0.0,0.0,0.0
2015,4,21,2,DL,1527,N522US,ATL,FLL,1600,1558.0,-2.0,15.0,1613.0,114.0,116.0,96.0,581,1749.0,5.0,1754,1754.0,0.0,0,0,,0.0,0.0,0.0,0.0,0.0,2015-04-21,0,0.0,0.0,0.0,0.0,0.0
2015,3,29,7,DL,2019,N977AT,ICT,ATL,1654,1648.0,-6.0,14.0,1702.0,126.0,123.0,95.0,782,1937.0,14.0,2000,1951.0,-9.0,0,0,,0.0,0.0,0.0,0.0,0.0,2015-03-29,0,0.0,0.0,0.0,0.0,0.0
2015,3,27,5,WN,228,N756SA,PHX,LAX,1315,1319.0,4.0,5.0,1324.0,80.0,78.0,56.0,370,1420.0,17.0,1435,1437.0,2.0,0,0,,0.0,0.0,0.0,0.0,0.0,2015-03-27,0,0.0,0.0,0.0,0.0,0.0
2015,4,10,5,WN,4572,N615SW,ONT,OAK,715,716.0,1.0,11.0,727.0,75.0,72.0,56.0,362,823.0,5.0,830,828.0,-2.0,0,0,,0.0,0.0,0.0,0.0,0.0,2015-04-10,0,0.0,0.0,0.0,0.0,0.0
2015,5,4,1,EV,5344,N872AS,TRI,ATL,620,610.0,-10.0,16.0,626.0,61.0,61.0,39.0,227,705.0,6.0,721,711.0,-10.0,0,0,,0.0,0.0,0.0,0.0,0.0,2015-05-04,0,0.0,0.0,0.0,0.0,0.0
2015,4,9,4,UA,328,N214UA,DEN,HNL,1130,1147.0,17.0,14.0,1201.0,428.0,415.0,397.0,3365,1438.0,4.0,1438,1442.0,4.0,0,0,,0.0,0.0,0.0,0.0,0.0,2015-04-09,1,0.0,0.0,0.0,0.0,0.0
2015,4,24,5,AA,1488,N3AEAA,FLL,ORD,700,649.0,-11.0,14.0,703.0,196.0,210.0,187.0,1182,910.0,9.0,916,919.0,3.0,0,0,,0.0,0.0,0.0,0.0,0.0,2015-04-24,0,0.0,0.0,0.0,0.0,0.0
2015,4,14,2,AA,2262,N5EVAA,MIA,JFK,1840,1841.0,1.0,10.0,1851.0,182.0,166.0,144.0,1089,2115.0,12.0,2142,2127.0,-15.0,0,0,,0.0,0.0,0.0,0.0,0.0,2015-04-14,0,0.0,0.0,0.0,0.0,0.0
2015,4,4,6,UA,574,N458UA,ORD,LAX,1816,1811.0,-5.0,13.0,1824.0,271.0,254.0,236.0,1744,2020.0,5.0,2047,2025.0,-22.0,0,0,,0.0,0.0,0.0,0.0,0.0,2015-04-04,0,0.0,0.0,0.0,0.0,0.0
2015,4,9,4,AA,1569,N486AA,OKC,DFW,1039,1041.0,2.0,19.0,1100.0,64.0,63.0,35.0,175,1135.0,9.0,1143,1144.0,1.0,0,0,,0.0,0.0,0.0,0.0,0.0,2015-04-09,0,0.0,0.0,0.0,0.0,0.0
2015,4,28,2,US,1946,N534UW,CLT,ORD,950,946.0,-4.0,20.0,1006.0,134.0,121.0,92.0,599,1038.0,9.0,1104,1047.0,-17.0,0,0,,0.0,0.0,0.0,0.0,0.0,2015-04-28,0,0.0,0.0,0.0,0.0,0.0
2015,5,1,5,MQ,3083,N696MQ,SAF,DFW,655,646.0,-9.0,13.0,659.0,102.0,103.0,77.0,551,916.0,13.0,937,929.0,-8.0,0,0,,0.0,0.0,0.0,0.0,0.0,2015-05-01,0,0.0,0.0,0.0,0.0,0.0
2015,4,30,4,OO,6302,N237SW,LAX,PSP,1539,1536.0,-3.0,14.0,1550.0,56.0,49.0,32.0,110,1622.0,3.0,1635,1625.0,-10.0,0,0,,0.0,0.0,0.0,0.0,0.0,2015-04-30,0,0.0,0.0,0.0,0.0,0.0
2015,3,26,4,F9,924,N927FR,RSW,TTN,1430,1448.0,18.0,12.0,1500.0,159.0,151.0,133.0,1028,1713.0,6.0,1709,1719.0,10.0,0,0,,0.0,0.0,0.0,0.0,0.0,2015-03-26,1,0.0,0.0,0.0,0.0,0.0
2015,4,13,1,B6,846,N249JB,MCO,SWF,1220,1215.0,-5.0,24.0,1239.0,162.0,191.0,162.0,989,1521.0,5.0,1502,1526.0,24.0,0,0,,24.0,0.0,0.0,0.0,0.0,2015-04-13,0,-480.0,-0.0,-0.0,-0.0,-0.0
2015,3,26,4,EV,5011,N848AS,DTW,EVV,835,832.0,-3.0,22.0,854.0,92.0,100.0,74.0,363,908.0,4.0,907,912.0,5.0,0,0,,0.0,0.0,0.0,0.0,0.0,2015-03-26,0,0.0,0.0,0.0,0.0,0.0
2015,4,18,6,OO,4570,N817SK,FAR,MSP,1715,1707.0,-8.0,13.0,1720.0,67.0,57.0,41.0,223,1801.0,3.0,1822,1804.0,-18.0,0,0,,0.0,0.0,0.0,0.0,0.0,2015-04-18,0,0.0,0.0,0.0,0.0,0.0
2015,4,17,5,EV,4169,N13978,BHM,IAH,1106,1110.0,4.0,9.0,1119.0,116.0,142.0,130.0,562,1329.0,3.0,1302,1332.0,30.0,0,0,,26.0,0.0,4.0,0.0,0.0,2015-04-17,0,650.0,0.0,100.0,0.0,0.0
2015,4,23,4,US,1710,N917UY,CLT,SEA,735,731.0,-4.0,29.0,800.0,333.0,364.0,327.0,2279,1027.0,8.0,1008,1035.0,27.0,0,0,,27.0,0.0,0.0,0.0,0.0,2015-04-23,0,-675.0,-0.0,-0.0,-0.0,-0.0
2015,4,5,7,OO,4623,N824SK,SEA,PDX,1110,1114.0,4.0,13.0,1127.0,54.0,44.0,26.0,129,1153.0,5.0,1204,1158.0,-6.0,0,0,,0.0,0.0,0.0,0.0,0.0,2015-04-05,0,0.0,0.0,0.0,0.0,0.0
2015,4,7,2,WN,3650,N402WN,MDW,ALB,1445,1814.0,209.0,8.0,1822.0,105.0,102.0,89.0,717,2051.0,5.0,1730,2056.0,206.0,0,0,,0.0,0.0,46.0,160.0,0.0,2015-04-07,1,0.0,0.0,22.01,76.56,0.0
2015,3,30,1,UA,244,N537UA,DEN,ORD,955,951.0,-4.0,14.0,1005.0,143.0,133.0,110.0,888,1255.0,9.0,1318,1304.0,-14.0,0,0,,0.0,0.0,0.0,0.0,0.0,2015-03-30,0,0.0,0.0,0.0,0.0,0.0
2015,4,9,4,DL,1168,N37700,LAX,MIA,2220,2259.0,39.0,16.0,2315.0,287.0,277.0,257.0,2342,632.0,4.0,607,636.0,29.0,0,0,,0.0,0.0,16.0,13.0,0.0,2015-04-09,1,0.0,0.0,41.03,33.33,0.0
2015,5,3,7,US,561,N156UW,PHX,LAS,1010,1013.0,3.0,30.0,1043.0,73.0,112.0,58.0,255,1141.0,24.0,1123,1205.0,42.0,0,0,,39.0,0.0,0.0,3.0,0.0,2015-05-03,0,1300.0,0.0,0.0,100.0,0.0
2015,4,2,4,OO,5576,N750SK,IAH,RDU,1253,1249.0,-4.0,17.0,1306.0,151.0,156.0,135.0,1042,1621.0,4.0,1624,1625.0,1.0,0,0,,0.0,0.0,0.0,0.0,0.0,2015-04-02,0,0.0,0.0,0.0,0.0,0.0
2015,4,6,1,UA,1681,N33289,SEA,ORD,633,631.0,-2.0,14.0,645.0,236.0,225.0,199.0,1721,1204.0,12.0,1229,1216.0,-13.0,0,0,,0.0,0.0,0.0,0.0,0.0,2015-04-06,0,0.0,0.0,0.0,0.0,0.0
2015,3,29,7,DL,2110,N928DL,ATL,DFW,1107,1101.0,-6.0,23.0,1124.0,148.0,144.0,111.0,731,1215.0,10.0,1235,1225.0,-10.0,0,0,,0.0,0.0,0.0,0.0,0.0,2015-03-29,0,0.0,0.0,0.0,0.0,0.0
2015,4,6,1,DL,939,N130DL,MSP,LAX,917,919.0,2.0,43.0,1002.0,253.0,274.0,223.0,1535,1145.0,8.0,1130,1153.0,23.0,0,0,,23.0,0.0,0.0,0.0,0.0,2015-04-06,0,1150.0,0.0,0.0,0.0,0.0
2015,4,16,4,B6,1142,N768JB,PBI,BDL,1303,1259.0,-4.0,14.0,1313.0,166.0,172.0,152.0,1133,1545.0,6.0,1549,1551.0,2.0,0,0,,0.0,0.0,0.0,0.0,0.0,2015-04-16,0,0.0,0.0,0.0,0.0,0.0
2015,5,4,1,WN,4712,N247WN,ROC,MDW,625,619.0,-6.0,10.0,629.0,105.0,99.0,83.0,523,652.0,6.0,710,658.0,-12.0,0,0,,0.0,0.0,0.0,0.0,0.0,2015-05-04,0,0.0,0.0,0.0,0.0,0.0
2015,4,18,6,DL,1798,N927AT,ATL,EWR,1000,1000.0,0.0,14.0,1014.0,136.0,122.0,104.0,746,1158.0,4.0,1216,1202.0,-14.0,0,0,,0.0,0.0,0.0,0.0,0.0,2015-04-18,0,0.0,0.0,0.0,0.0,0.0
2015,3,26,4,EV,5244,N872AS,ATL,MGM,912,920.0,8.0,13.0,933.0,51.0,50.0,34.0,147,907.0,3.0,903,910.0,7.0,0,0,,0.0,0.0,0.0,0.0,0.0,2015-03-26,0,0.0,0.0,0.0,0.0,0.0
2015,4,18,6,MQ,2941,N614MQ,HOU,DFW,655,1555.0,540.0,9.0,1604.0,70.0,64.0,43.0,247,1647.0,12.0,805,1659.0,534.0,0,0,,0.0,0.0,534.0,0.0,0.0,2015-04-18,1,0.0,0.0,98.89,0.0,0.0
2015,4,8,3,OO,5560,N960SW,DEN,PSP,1520,1513.0,-7.0,23.0,1536.0,139.0,166.0,125.0,776,1641.0,18.0,1639,1659.0,20.0,0,0,,20.0,0.0,0.0,0.0,0.0,2015-04-08,0,-285.71,-0.0,-0.0,-0.0,-0.0
2015,5,4,1,WN,526,N8604K,HOU,DEN,1935,1937.0,2.0,10.0,1947.0,150.0,164.0,147.0,883,2114.0,7.0,2105,2121.0,16.0,0,0,,16.0,0.0,0.0,0.0,0.0,2015-05-04,0,800.0,0.0,0.0,0.0,0.0
2015,4,6,1,MQ,2969,N503MQ,ORD,DSM,1350,1346.0,-4.0,31.0,1417.0,82.0,83.0,50.0,299,1507.0,2.0,1512,1509.0,-3.0,0,0,,0.0,0.0,0.0,0.0,0.0,2015-04-06,0,0.0,0.0,0.0,0.0,0.0
2015,4,13,1,OO,4779,N675BR,DIK,MSP,520,513.0,-7.0,9.0,522.0,101.0,86.0,68.0,481,730.0,9.0,801,739.0,-22.0,0,0,,0.0,0.0,0.0,0.0,0.0,2015-04-13,0,0.0,0.0,0.0,0.0,0.0
2015,5,2,6,B6,71,N760JB,JFK,SLC,1830,1833.0,3.0,30.0,1903.0,332.0,300.0,266.0,1990,2129.0,4.0,2202,2133.0,-29.0,0,0,,0.0,0.0,0.0,0.0,0.0,2015-05-02,0,0.0,0.0,0.0,0.0,0.0
2015,5,3,7,WN,3295,N7713A,AUS,BWI,1610,1609.0,-1.0,10.0,1619.0,195.0,185.0,170.0,1342,2009.0,5.0,2025,2014.0,-11.0,0,0,,0.0,0.0,0.0,0.0,0.0,2015-05-03,0,0.0,0.0,0.0,0.0,0.0
2015,4,22,3,WN,359,N954WN,IND,DEN,1415,1412.0,-3.0,9.0,1421.0,170.0,164.0,146.0,977,1447.0,9.0,1505,1456.0,-9.0,0,0,,0.0,0.0,0.0,0.0,0.0,2015-04-22,0,0.0,0.0,0.0,0.0,0.0
2015,4,26,7,OO,6369,N745SK,TUS,SFO,710,710.0,0.0,10.0,720.0,138.0,136.0,121.0,751,921.0,5.0,928,926.0,-2.0,0,0,,0.0,0.0,0.0,0.0,0.0,2015-04-26,0,0.0,0.0,0.0,0.0,0.0
2015,4,12,7,B6,512,N652JB,AUS,FLL,1130,1131.0,1.0,17.0,1148.0,154.0,162.0,136.0,1105,1504.0,9.0,1504,1513.0,9.0,0,0,,0.0,0.0,0.0,0.0,0.0,2015-04-12,0,0.0,0.0,0.0,0.0,0.0
2015,4,8,3,UA,1733,N87512,DFW,SFO,1729,1751.0,22.0,17.0,1808.0,231.0,227.0,203.0,1464,1931.0,7.0,1920,1938.0,18.0,0,0,,0.0,0.0,11.0,7.0,0.0,2015-04-08,1,0.0,0.0,50.0,31.82,0.0
2015,3,27,5,DL,2623,N985AT,STL,DTW,1631,1635.0,4.0,9.0,1644.0,90.0,87.0,74.0,440,1858.0,4.0,1901,1902.0,1.0,0,0,,0.0,0.0,0.0,0.0,0.0,2015-03-27,0,0.0,0.0,0.0,0.0,0.0
2015,3,26,4,AA,1419,N3GBAA,MIA,BDL,2005,2004.0,-1.0,28.0,2032.0,182.0,191.0,149.0,1194,2301.0,14.0,2307,2315.0,8.0,0,0,,0.0,0.0,0.0,0.0,0.0,2015-03-26,0,0.0,0.0,0.0,0.0,0.0
2015,4,22,3,EV,6117,N14568,ORD,FAR,1552,1610.0,18.0,16.0,1626.0,116.0,107.0,87.0,557,1753.0,4.0,1748,1757.0,9.0,0,0,,0.0,0.0,0.0,0.0,0.0,2015-04-22,1,0.0,0.0,0.0,0.0,0.0
2015,4,28,2,DL,2510,N325US,SLC,SJC,2200,2157.0,-3.0,9.0,2206.0,113.0,102.0,91.0,584,2237.0,2.0,2253,2239.0,-14.0,0,0,,0.0,0.0,0.0,0.0,0.0,2015-04-28,0,0.0,0.0,0.0,0.0,0.0
2015,3,26,4,WN,4374,N256WN,BNA,MDW,1200,1157.0,-3.0,12.0,1209.0,85.0,80.0,62.0,395,1311.0,6.0,1325,1317.0,-8.0,0,0,,0.0,0.0,0.0,0.0,0.0,2015-03-26,0,0.0,0.0,0.0,0.0,0.0
2015,4,29,3,DL,2590,N975AT,ATL,CHA,1555,1552.0,-3.0,10.0,1602.0,46.0,39.0,25.0,106,1627.0,4.0,1641,1631.0,-10.0,0,0,,0.0,0.0,0.0,0.0,0.0,2015-04-29,0,0.0,0.0,0.0,0.0,0.0
2015,3,26,4,WN,768,N8628A,SAN,BNA,1120,1122.0,2.0,10.0,1132.0,225.0,225.0,209.0,1751,1701.0,6.0,1705,1707.0,2.0,0,0,,0.0,0.0,0.0,0.0,0.0,2015-03-26,0,0.0,0.0,0.0,0.0,0.0
2015,4,16,4,UA,1106,N75433,MCO,IAD,1858,1930.0,32.0,27.0,1957.0,132.0,138.0,104.0,758,2141.0,7.0,2110,2148.0,38.0,0,0,,6.0,0.0,0.0,23.0,9.0,2015-04-16,1,18.75,0.0,0.0,71.88,28.12
2015,4,5,7,OO,2761,N944SW,PHX,TUS,1030,1025.0,-5.0,20.0,1045.0,51.0,49.0,25.0,110,1110.0,4.0,1121,1114.0,-7.0,0,0,,0.0,0.0,0.0,0.0,0.0,2015-04-05,0,0.0,0.0,0.0,0.0,0.0
2015,4,12,7,US,2001,N111US,PHL,FLL,1005,958.0,-7.0,39.0,1037.0,177.0,187.0,146.0,992,1303.0,2.0,1302,1305.0,3.0,0,0,,0.0,0.0,0.0,0.0,0.0,2015-04-12,0,0.0,0.0,0.0,0.0,0.0
2015,4,7,2,DL,2290,N354NW,PIT,ATL,700,657.0,-3.0,10.0,707.0,110.0,123.0,103.0,526,850.0,10.0,850,900.0,10.0,0,0,,0.0,0.0,0.0,0.0,0.0,2015-04-07,0,0.0,0.0,0.0,0.0,0.0
2015,5,4,1,F9,1463,N905FR,LGA,ATL,940,938.0,-2.0,31.0,1009.0,150.0,151.0,112.0,762,1201.0,8.0,1210,1209.0,-1.0,0,0,,0.0,0.0,0.0,0.0,0.0,2015-05-04,0,0.0,0.0,0.0,0.0,0.0
2015,3,31,2,WN,371,N720WN,IND,DEN,2025,2024.0,-1.0,11.0,2035.0,170.0,155.0,137.0,977,2052.0,7.0,2115,2059.0,-16.0,0,0,,0.0,0.0,0.0,0.0,0.0,2015-03-31,0,0.0,0.0,0.0,0.0,0.0
2015,4,27,1,MQ,2903,N697MQ,ORD,CVG,1710,1706.0,-4.0,21.0,1727.0,88.0,73.0,46.0,265,1913.0,6.0,1938,1919.0,-19.0,0,0,,0.0,0.0,0.0,0.0,0.0,2015-04-27,0,0.0,0.0,0.0,0.0,0.0
2015,5,1,5,B6,620,N834JB,SAN,BOS,1117,1109.0,-8.0,18.0,1127.0,338.0,329.0,306.0,2588,1933.0,5.0,1955,1938.0,-17.0,0,0,,0.0,0.0,0.0,0.0,0.0,2015-05-01,0,0.0,0.0,0.0,0.0,0.0
2015,4,4,6,OO,4529,N606SK,BOI,SLC,1145,1231.0,46.0,11.0,1242.0,68.0,57.0,43.0,290,1325.0,3.0,1253,1328.0,35.0,0,0,,0.0,0.0,0.0,35.0,0.0,2015-04-04,1,0.0,0.0,0.0,76.09,0.0
2015,3,31,2,US,1754,N701UW,CLT,BDL,1810,1904.0,54.0,13.0,1917.0,120.0,104.0,87.0,644,2044.0,4.0,2010,2048.0,38.0,0,0,,0.0,0.0,36.0,2.0,0.0,2015-03-31,1,0.0,0.0,66.67,3.7,0.0
2015,5,3,7,UA,1501,N66841,IAH,DTW,1334,1327.0,-7.0,10.0,1337.0,171.0,163.0,146.0,1075,1703.0,7.0,1725,1710.0,-15.0,0,0,,0.0,0.0,0.0,0.0,0.0,2015-05-03,0,0.0,0.0,0.0,0.0,0.0
2015,4,20,1,B6,33,N358JB,BTV,JFK,1347,1918.0,331.0,22.0,1940.0,92.0,90.0,57.0,266,2037.0,11.0,1519,2048.0,329.0,0,0,,210.0,0.0,0.0,119.0,0.0,2015-04-20,1,63.44,0.0,0.0,35.95,0.0
2015,3,28,6,WN,942,N649SW,BDL,BWI,1200,1159.0,-1.0,13.0,1212.0,70.0,67.0,50.0,283,1302.0,4.0,1310,1306.0,-4.0,0,0,,0.0,0.0,0.0,0.0,0.0,2015-03-28,0,0.0,0.0,0.0,0.0,0.0
2015,4,20,1,AA,989,N861AA,LAS,MIA,1500,1459.0,-1.0,60.0,1559.0,280.0,301.0,225.0,2174,2244.0,16.0,2240,2300.0,20.0,0,0,,20.0,0.0,0.0,0.0,0.0,2015-04-20,0,-2000.0,-0.0,-0.0,-0.0,-0.0
2015,4,11,6,DL,1307,N908DA,RIC,ATL,1749,1741.0,-8.0,17.0,1758.0,109.0,102.0,75.0,481,1913.0,10.0,1938,1923.0,-15.0,0,0,,0.0,0.0,0.0,0.0,0.0,2015-04-11,0,0.0,0.0,0.0,0.0,0.0
2015,4,25,6,WN,2491,N401WN,OMA,PHX,1805,1803.0,-2.0,3.0,1806.0,165.0,154.0,147.0,1037,1833.0,4.0,1850,1837.0,-13.0,0,0,,0.0,0.0,0.0,0.0,0.0,2015-04-25,0,0.0,0.0,0.0,0.0,0.0
2015,4,2,4,OO,4829,N431SW,MSP,LSE,959,951.0,-8.0,14.0,1005.0,56.0,46.0,28.0,119,1033.0,4.0,1055,1037.0,-18.0,0,0,,0.0,0.0,0.0,0.0,0.0,2015-04-02,0,0.0,0.0,0.0,0.0,0.0
2015,4,22,3,EV,5066,N921EV,ATL,DHN,1726,1719.0,-7.0,13.0,1732.0,54.0,57.0,38.0,170,1710.0,6.0,1720,1716.0,-4.0,0,0,,0.0,0.0,0.0,0.0,0.0,2015-04-22,0,0.0,0.0,0.0,0.0,0.0
2015,4,10,5,WN,747,N917WN,MDW,LAX,1805,1819.0,14.0,8.0,1827.0,260.0,260.0,244.0,1750,2031.0,8.0,2025,2039.0,14.0,0,0,,0.0,0.0,0.0,0.0,0.0,2015-04-10,0,0.0,0.0,0.0,0.0,0.0
2015,4,3,5,MQ,3587,N830MQ,LGA,CLE,1855,2011.0,76.0,37.0,2048.0,97.0,135.0,84.0,419,2212.0,14.0,2032,2226.0,114.0,0,0,,38.0,0.0,0.0,76.0,0.0,2015-04-03,1,50.0,0.0,0.0,100.0,0.0
2015,4,19,7,AA,2278,N3CDAA,LAX,ORD,500,457.0,-3.0,18.0,515.0,246.0,241.0,217.0,1744,1052.0,6.0,1106,1058.0,-8.0,0,0,,0.0,0.0,0.0,0.0,0.0,2015-04-19,0,0.0,0.0,0.0,0.0,0.0
2015,4,12,7,WN,916,N224WN,MDW,PHX,1055,1058.0,3.0,7.0,1105.0,220.0,219.0,206.0,1444,1231.0,6.0,1235,1237.0,2.0,0,0,,0.0,0.0,0.0,0.0,0.0,2015-04-12,0,0.0,0.0,0.0,0.0,0.0
2015,4,23,4,EV,3815,N13914,ORD,FSD,915,910.0,-5.0,14.0,924.0,97.0,95.0,76.0,462,1040.0,5.0,1052,1045.0,-7.0,0,0,,0.0,0.0,0.0,0.0,0.0,2015-04-23,0,0.0,0.0,0.0,0.0,0.0
2015,5,2,6,WN,2029,N706SW,SNA,SJC,1120,1118.0,-2.0,11.0,1129.0,75.0,69.0,54.0,342,1223.0,4.0,1235,1227.0,-8.0,0,0,,0.0,0.0,0.0,0.0,0.0,2015-05-02,0,0.0,0.0,0.0,0.0,0.0
2015,4,9,4,AS,458,N708AS,SEA,LAX,1020,1015.0,-5.0,14.0,1029.0,166.0,151.0,128.0,954,1237.0,9.0,1306,1246.0,-20.0,0,0,,0.0,0.0,0.0,0.0,0.0,2015-04-09,0,0.0,0.0,0.0,0.0,0.0
2015,3,28,6,NK,250,N636NK,MCO,MSP,1255,1445.0,110.0,10.0,1455.0,211.0,215.0,199.0,1310,1714.0,6.0,1526,1720.0,114.0,0,0,,4.0,0.0,0.0,110.0,0.0,2015-03-28,1,3.64,0.0,0.0,100.0,0.0
2015,4,5,7,MQ,3066,N627MQ,ORD,CVG,1259,1254.0,-5.0,16.0,1310.0,76.0,60.0,39.0,265,1449.0,5.0,1515,1454.0,-21.0,0,0,,0.0,0.0,0.0,0.0,0.0,2015-04-05,0,0.0,0.0,0.0,0.0,0.0
2015,4,27,1,OO,5310,N477CA,MAF,DEN,1727,1717.0,-10.0,10.0,1727.0,108.0,103.0,88.0,563,1755.0,5.0,1815,1800.0,-15.0,0,0,,0.0,0.0,0.0,0.0,0.0,2015-04-27,0,0.0,0.0,0.0,0.0,0.0
2015,5,2,6,MQ,3208,N906MQ,ORD,LEX,855,848.0,-7.0,15.0,903.0,84.0,66.0,47.0,323,1050.0,4.0,1119,1054.0,-25.0,0,0,,0.0,0.0,0.0,0.0,0.0,2015-05-02,0,0.0,0.0,0.0,0.0,0.0
2015,4,20,1,AA,1445,N867AA,SAN,DFW,1420,1420.0,0.0,17.0,1437.0,179.0,173.0,138.0,1171,1855.0,18.0,1919,1913.0,-6.0,0,0,,0.0,0.0,0.0,0.0,0.0,2015-04-20,0,0.0,0.0,0.0,0.0,0.0
2015,4,10,5,DL,1188,N895AT,MSP,PHL,1016,1042.0,26.0,36.0,1118.0,152.0,165.0,125.0,980,1423.0,4.0,1348,1427.0,39.0,0,0,,39.0,0.0,0.0,0.0,0.0,2015-04-10,1,150.0,0.0,0.0,0.0,0.0
2015,4,16,4,US,668,N716UW,RSW,PHL,600,557.0,-3.0,14.0,611.0,162.0,169.0,143.0,993,834.0,12.0,842,846.0,4.0,0,0,,0.0,0.0,0.0,0.0,0.0,2015-04-16,0,0.0,0.0,0.0,0.0,0.0
2015,5,2,6,EV,3930,N12160,ORD,LAN,1446,1444.0,-2.0,9.0,1453.0,57.0,52.0,31.0,179,1624.0,12.0,1643,1636.0,-7.0,0,0,,0.0,0.0,0.0,0.0,0.0,2015-05-02,0,0.0,0.0,0.0,0.0,0.0
2015,4,28,2,AA,1249,N023AA,ATL,LAX,1840,1837.0,-3.0,11.0,1848.0,296.0,263.0,248.0,1947,1956.0,4.0,2036,2000.0,-36.0,0,0,,0.0,0.0,0.0,0.0,0.0,2015-04-28,0,0.0,0.0,0.0,0.0,0.0
2015,4,5,7,DL,763,N988AT,BOS,JFK,1230,1225.0,-5.0,24.0,1249.0,77.0,85.0,46.0,187,1335.0,15.0,1347,1350.0,3.0,0,0,,0.0,0.0,0.0,0.0,0.0,2015-04-05,0,0.0,0.0,0.0,0.0,0.0
2015,3,27,5,AA,1691,N3BBAA,LAS,LAX,1845,1909.0,24.0,25.0,1934.0,76.0,73.0,42.0,236,2016.0,6.0,2001,2022.0,21.0,0,0,,21.0,0.0,0.0,0.0,0.0,2015-03-27,1,87.5,0.0,0.0,0.0,0.0
2015,5,5,2,EV,4588,N15527,GPT,IAH,635,625.0,-10.0,9.0,634.0,90.0,82.0,62.0,376,736.0,11.0,805,747.0,-18.0,0,0,,0.0,0.0,0.0,0.0,0.0,2015-05-05,0,0.0,0.0,0.0,0.0,0.0
2015,4,12,7,WN,3934,N256WN,SAN,LAS,1710,1705.0,-5.0,9.0,1714.0,70.0,62.0,46.0,258,1800.0,7.0,1820,1807.0,-13.0,0,0,,0.0,0.0,0.0,0.0,0.0,2015-04-12,0,0.0,0.0,0.0,0.0,0.0
2015,4,28,2,WN,460,N366SW,IND,DEN,645,644.0,-1.0,14.0,658.0,170.0,158.0,138.0,977,716.0,6.0,735,722.0,-13.0,0,0,,0.0,0.0,0.0,0.0,0.0,2015-04-28,0,0.0,0.0,0.0,0.0,0.0
2015,4,15,3,US,416,N816AW,RNO,PHX,930,927.0,-3.0,11.0,938.0,99.0,90.0,75.0,601,1053.0,4.0,1109,1057.0,-12.0,0,0,,0.0,0.0,0.0,0.0,0.0,2015-04-15,0,0.0,0.0,0.0,0.0,0.0
2015,4,6,1,UA,487,N813UA,IAH,DCA,905,901.0,-4.0,12.0,913.0,174.0,165.0,150.0,1208,1243.0,3.0,1259,1246.0,-13.0,0,0,,0.0,0.0,0.0,0.0,0.0,2015-04-06,0,0.0,0.0,0.0,0.0,0.0
2015,4,7,2,MQ,3265,N681MQ,CVG,ORD,630,626.0,-4.0,15.0,641.0,73.0,86.0,59.0,265,640.0,12.0,643,652.0,9.0,0,0,,0.0,0.0,0.0,0.0,0.0,2015-04-07,0,0.0,0.0,0.0,0.0,0.0
2015,4,11,6,WN,3073,N665WN,SFO,LAS,1505,1514.0,9.0,8.0,1522.0,95.0,80.0,66.0,414,1628.0,6.0,1640,1634.0,-6.0,0,0,,0.0,0.0,0.0,0.0,0.0,2015-04-11,0,0.0,0.0,0.0,0.0,0.0
2015,4,20,1,EV,5946,N11547,BHM,ORD,604,553.0,-11.0,11.0,604.0,126.0,108.0,92.0,584,736.0,5.0,810,741.0,-29.0,0,0,,0.0,0.0,0.0,0.0,0.0,2015-04-20,0,0.0,0.0,0.0,0.0,0.0
2015,4,6,1,US,2140,N756US,DCA,BOS,1930,1921.0,-9.0,10.0,1931.0,85.0,72.0,57.0,399,2028.0,5.0,2055,2033.0,-22.0,0,0,,0.0,0.0,0.0,0.0,0.0,2015-04-06,0,0.0,0.0,0.0,0.0,0.0
2015,3,31,2,B6,163,N593JB,JFK,SRQ,720,716.0,-4.0,25.0,741.0,182.0,175.0,145.0,1041,1006.0,5.0,1022,1011.0,-11.0,0,0,,0.0,0.0,0.0,0.0,0.0,2015-03-31,0,0.0,0.0,0.0,0.0,0.0
2015,4,24,5,EV,5315,N923EV,MGM,ATL,700,657.0,-3.0,28.0,725.0,55.0,68.0,31.0,147,856.0,9.0,855,905.0,10.0,0,0,,0.0,0.0,0.0,0.0,0.0,2015-04-24,0,0.0,0.0,0.0,0.0,0.0
2015,3,27,5,HA,9,N395HA,LAX,HNL,1755,1752.0,-3.0,20.0,1812.0,355.0,334.0,310.0,2556,2022.0,4.0,2050,2026.0,-24.0,0,0,,0.0,0.0,0.0,0.0,0.0,2015-03-27,0,0.0,0.0,0.0,0.0,0.0
2015,4,4,6,DL,1494,N902DE,PHL,ATL,1130,1127.0,-3.0,12.0,1139.0,137.0,125.0,109.0,666,1328.0,4.0,1347,1332.0,-15.0,0,0,,0.0,0.0,0.0,0.0,0.0,2015-04-04,0,0.0,0.0,0.0,0.0,0.0
2015,4,7,2,OO,5425,N702BR,MKE,ORD,2105,2137.0,32.0,11.0,2148.0,53.0,48.0,27.0,67,2215.0,10.0,2158,2225.0,27.0,0,0,,0.0,0.0,0.0,27.0,0.0,2015-04-07,1,0.0,0.0,0.0,84.38,0.0
2015,3,27,5,WN,4274,N524SW,HOU,MAF,1710,1721.0,11.0,7.0,1728.0,90.0,77.0,65.0,441,1833.0,5.0,1840,1838.0,-2.0,0,0,,0.0,0.0,0.0,0.0,0.0,2015-03-27,0,0.0,0.0,0.0,0.0,0.0
2015,4,19,7,UA,632,N410UA,MSY,ORD,1008,1004.0,-4.0,8.0,1012.0,151.0,140.0,108.0,837,1200.0,24.0,1239,1224.0,-15.0,0,0,,0.0,0.0,0.0,0.0,0.0,2015-04-19,0,0.0,0.0,0.0,0.0,0.0
2015,5,2,6,F9,344,N922FR,BZN,DEN,2110,2107.0,-3.0,9.0,2116.0,91.0,88.0,70.0,524,2226.0,9.0,2241,2235.0,-6.0,0,0,,0.0,0.0,0.0,0.0,0.0,2015-05-02,0,0.0,0.0,0.0,0.0,0.0
2015,3,29,7,US,1959,N756US,DCA,TPA,1715,1710.0,-5.0,22.0,1732.0,144.0,136.0,111.0,814,1923.0,3.0,1939,1926.0,-13.0,0,0,,0.0,0.0,0.0,0.0,0.0,2015-03-29,0,0.0,0.0,0.0,0.0,0.0
2015,5,1,5,US,2063,N831AW,CLT,BWI,1450,1501.0,11.0,23.0,1524.0,88.0,92.0,64.0,361,1628.0,5.0,1618,1633.0,15.0,0,0,,4.0,0.0,11.0,0.0,0.0,2015-05-01,0,36.36,0.0,100.0,0.0,0.0
2015,3,29,7,DL,2613,N986AT,EVV,ATL,600,654.0,54.0,37.0,731.0,89.0,93.0,49.0,350,920.0,7.0,829,927.0,58.0,0,0,,4.0,0.0,54.0,0.0,0.0,2015-03-29,1,7.41,0.0,100.0,0.0,0.0
2015,4,6,1,AA,222,N3DWAA,LAX,BOS,700,653.0,-7.0,22.0,715.0,340.0,313.0,285.0,2611,1500.0,6.0,1540,1506.0,-34.0,0,0,,0.0,0.0,0.0,0.0,0.0,2015-04-06,0,0.0,0.0,0.0,0.0,0.0
2015,4,17,5,DL,1582,N948DL,OMA,ATL,1752,1744.0,-8.0,17.0,1801.0,133.0,139.0,108.0,821,2049.0,14.0,2105,2103.0,-2.0,0,0,,0.0,0.0,0.0,0.0,0.0,2015-04-17,0,0.0,0.0,0.0,0.0,0.0
2015,4,15,3,WN,2699,N207WN,DAL,STL,1550,1600.0,10.0,7.0,1607.0,95.0,85.0,75.0,546,1722.0,3.0,1725,1725.0,0.0,0,0,,0.0,0.0,0.0,0.0,0.0,2015-04-15,0,0.0,0.0,0.0,0.0,0.0
2015,4,28,2,DL,1735,N535US,LIH,LAX,2202,2157.0,-5.0,19.0,2216.0,323.0,320.0,292.0,2615,608.0,9.0,625,617.0,-8.0,0,0,,0.0,0.0,0.0,0.0,0.0,2015-04-28,0,0.0,0.0,0.0,0.0,0.0
2015,4,6,1,WN,3681,N451WN,SAT,MCO,535,531.0,-4.0,10.0,541.0,145.0,145.0,128.0,1041,849.0,7.0,900,856.0,-4.0,0,0,,0.0,0.0,0.0,0.0,0.0,2015-04-06,0,0.0,0.0,0.0,0.0,0.0
2015,4,7,2,OO,5493,N937SW,LIT,DEN,757,902.0,65.0,6.0,908.0,143.0,149.0,123.0,771,1011.0,20.0,920,1031.0,71.0,0,0,,6.0,0.0,65.0,0.0,0.0,2015-04-07,1,9.23,0.0,100.0,0.0,0.0
2015,4,26,7,OO,6227,N136SY,SLC,ORD,1527,1524.0,-3.0,12.0,1536.0,198.0,195.0,169.0,1250,1925.0,14.0,1945,1939.0,-6.0,0,0,,0.0,0.0,0.0,0.0,0.0,2015-04-26,0,0.0,0.0,0.0,0.0,0.0
2015,4,3,5,US,1722,N822AW,CLT,DCA,940,937.0,-3.0,24.0,1001.0,85.0,85.0,55.0,331,1056.0,6.0,1105,1102.0,-3.0,0,0,,0.0,0.0,0.0,0.0,0.0,2015-04-03,0,0.0,0.0,0.0,0.0,0.0
2015,4,12,7,MQ,2903,N618MQ,CVG,ORD,2050,2044.0,-6.0,6.0,2050.0,78.0,57.0,47.0,265,2037.0,4.0,2108,2041.0,-27.0,0,0,,0.0,0.0,0.0,0.0,0.0,2015-04-12,0,0.0,0.0,0.0,0.0,0.0
2015,4,28,2,MQ,3229,N931MQ,BIS,DFW,648,649.0,1.0,21.0,710.0,172.0,163.0,138.0,977,928.0,4.0,940,932.0,-8.0,0,0,,0.0,0.0,0.0,0.0,0.0,2015-04-28,0,0.0,0.0,0.0,0.0,0.0
2015,4,18,6,DL,2546,N920DE,ATL,GPT,2205,2158.0,-7.0,13.0,2211.0,85.0,82.0,63.0,352,2214.0,6.0,2230,2220.0,-10.0,0,0,,0.0,0.0,0.0,0.0,0.0,2015-04-18,0,0.0,0.0,0.0,0.0,0.0
2015,4,16,4,WN,4660,N618WN,PHX,LAX,925,921.0,-4.0,10.0,931.0,95.0,78.0,58.0,370,1029.0,10.0,1100,1039.0,-21.0,0,0,,0.0,0.0,0.0,0.0,0.0,2015-04-16,0,0.0,0.0,0.0,0.0,0.0
2015,3,27,5,UA,1735,N26226,FLL,SFO,832,832.0,0.0,11.0,843.0,395.0,354.0,340.0,2583,1123.0,3.0,1207,1126.0,-41.0,0,0,,0.0,0.0,0.0,0.0,0.0,2015-03-27,0,0.0,0.0,0.0,0.0,0.0
2015,5,2,6,EV,4415,N17560,IAH,SAV,1024,1015.0,-9.0,15.0,1030.0,136.0,135.0,116.0,851,1326.0,4.0,1340,1330.0,-10.0,0,0,,0.0,0.0,0.0,0.0,0.0,2015-05-02,0,0.0,0.0,0.0,0.0,0.0
2015,4,3,5,EV,5592,N926EV,GSO,DTW,1240,1235.0,-5.0,11.0,1246.0,106.0,91.0,72.0,460,1358.0,8.0,1426,1406.0,-20.0,0,0,,0.0,0.0,0.0,0.0,0.0,2015-04-03,0,0.0,0.0,0.0,0.0,0.0
2015,4,29,3,DL,1732,N988DL,CLE,ATL,1628,1624.0,-4.0,11.0,1635.0,112.0,108.0,89.0,554,1804.0,8.0,1820,1812.0,-8.0,0,0,,0.0,0.0,0.0,0.0,0.0,2015-04-29,0,0.0,0.0,0.0,0.0,0.0
2015,4,15,3,DL,1250,N935DN,ATL,MCI,1205,1204.0,-1.0,15.0,1219.0,135.0,120.0,101.0,692,1300.0,4.0,1320,1304.0,-16.0,0,0,,0.0,0.0,0.0,0.0,0.0,2015-04-15,0,0.0,0.0,0.0,0.0,0.0
2015,4,7,2,OO,4672,N652BR,BUR,SLC,710,702.0,-8.0,18.0,720.0,115.0,105.0,80.0,574,940.0,7.0,1005,947.0,-18.0,0,0,,0.0,0.0,0.0,0.0,0.0,2015-04-07,0,0.0,0.0,0.0,0.0,0.0
2015,4,3,5,UA,1607,N73270,PHX,ORD,1058,1100.0,2.0,16.0,1116.0,205.0,187.0,161.0,1440,1557.0,10.0,1623,1607.0,-16.0,0,0,,0.0,0.0,0.0,0.0,0.0,2015-04-03,0,0.0,0.0,0.0,0.0,0.0
2015,4,20,1,B6,1436,N656JB,LGB,SFO,1705,1832.0,87.0,15.0,1847.0,80.0,73.0,53.0,354,1940.0,5.0,1825,1945.0,80.0,0,0,,0.0,0.0,79.0,1.0,0.0,2015-04-20,1,0.0,0.0,90.8,1.15,0.0
2015,4,8,3,MQ,3317,N544MQ,BNA,ORD,925,1000.0,35.0,18.0,1018.0,103.0,132.0,87.0,409,1145.0,27.0,1108,1212.0,64.0,0,0,,29.0,0.0,0.0,35.0,0.0,2015-04-08,1,82.86,0.0,0.0,100.0,0.0
2015,3,26,4,B6,581,N283JB,JFK,HOU,1416,1429.0,13.0,29.0,1458.0,250.0,273.0,239.0,1428,1757.0,5.0,1726,1802.0,36.0,0,0,,23.0,0.0,13.0,0.0,0.0,2015-03-26,0,176.92,0.0,100.0,0.0,0.0
2015,3,29,7,MQ,3310,N635MQ,DFW,BPT,1553,1548.0,-5.0,19.0,1607.0,72.0,73.0,52.0,270,1659.0,2.0,1705,1701.0,-4.0,0,0,,0.0,0.0,0.0,0.0,0.0,2015-03-29,0,0.0,0.0,0.0,0.0,0.0
2015,4,23,4,NK,815,N620NK,ORD,MSY,815,832.0,17.0,13.0,845.0,142.0,131.0,113.0,837,1038.0,5.0,1037,1043.0,6.0,0,0,,0.0,0.0,0.0,0.0,0.0,2015-04-23,1,0.0,0.0,0.0,0.0,0.0
2015,4,17,5,EV,4163,N14907,IAH,MCI,1745,1744.0,-1.0,19.0,1803.0,123.0,112.0,89.0,643,1932.0,4.0,1948,1936.0,-12.0,0,0,,0.0,0.0,0.0,0.0,0.0,2015-04-17,0,0.0,0.0,0.0,0.0,0.0
2015,4,28,2,DL,2091,N556NW,ATL,TPA,1025,1024.0,-1.0,10.0,1034.0,88.0,77.0,65.0,406,1139.0,2.0,1153,1141.0,-12.0,0,0,,0.0,0.0,0.0,0.0,0.0,2015-04-28,0,0.0,0.0,0.0,0.0,0.0
2015,3,31,2,WN,4341,N786SW,SAN,DEN,2155,2226.0,31.0,7.0,2233.0,135.0,120.0,108.0,853,121.0,5.0,110,126.0,16.0,0,0,,0.0,0.0,11.0,5.0,0.0,2015-03-31,1,0.0,0.0,35.48,16.13,0.0
2015,4,27,1,WN,213,N258WN,LAS,ATL,955,956.0,1.0,12.0,1008.0,235.0,226.0,206.0,1747,1634.0,8.0,1650,1642.0,-8.0,0,0,,0.0,0.0,0.0,0.0,0.0,2015-04-27,0,0.0,0.0,0.0,0.0,0.0
2015,4,11,6,OO,5237,N773SK,CID,DEN,923,912.0,-11.0,16.0,928.0,127.0,128.0,104.0,692,1012.0,8.0,1030,1020.0,-10.0,0,0,,0.0,0.0,0.0,0.0,0.0,2015-04-11,0,0.0,0.0,0.0,0.0,0.0
2015,4,16,4,WN,4303,N379SW,MCI,IND,930,934.0,4.0,12.0,946.0,80.0,86.0,68.0,451,1154.0,6.0,1150,1200.0,10.0,0,0,,0.0,0.0,0.0,0.0,0.0,2015-04-16,0,0.0,0.0,0.0,0.0,0.0
2015,4,15,3,B6,2116,N354JB,JAX,DCA,910,900.0,-10.0,12.0,912.0,111.0,96.0,82.0,634,1034.0,2.0,1101,1036.0,-25.0,0,0,,0.0,0.0,0.0,0.0,0.0,2015-04-15,0,0.0,0.0,0.0,0.0,0.0
2015,3,31,2,DL,2418,N301NB,JFK,SAT,1741,1735.0,-6.0,11.0,1746.0,275.0,248.0,233.0,1587,2039.0,4.0,2116,2043.0,-33.0,0,0,,0.0,0.0,0.0,0.0,0.0,2015-03-31,0,0.0,0.0,0.0,0.0,0.0
2015,4,21,2,UA,1700,N39463,SFO,DEN,1250,1353.0,63.0,18.0,1411.0,155.0,149.0,126.0,967,1717.0,5.0,1625,1722.0,57.0,0,0,,17.0,0.0,0.0,40.0,0.0,2015-04-21,1,26.98,0.0,0.0,63.49,0.0
2015,3,29,7,WN,2159,N8603F,BUF,RSW,1610,1609.0,-1.0,12.0,1621.0,180.0,163.0,147.0,1144,1848.0,4.0,1910,1852.0,-18.0,0,0,,0.0,0.0,0.0,0.0,0.0,2015-03-29,0,0.0,0.0,0.0,0.0,0.0
2015,4,24,5,B6,225,N643JB,JFK,TPA,1930,1926.0,-4.0,24.0,1950.0,190.0,173.0,143.0,1005,2213.0,6.0,2240,2219.0,-21.0,0,0,,0.0,0.0,0.0,0.0,0.0,2015-04-24,0,0.0,0.0,0.0,0.0,0.0
2015,4,27,1,US,1825,N967UW,PHL,IAH,1810,1809.0,-1.0,31.0,1840.0,239.0,249.0,206.0,1325,2106.0,12.0,2109,2118.0,9.0,0,0,,0.0,0.0,0.0,0.0,0.0,2015-04-27,0,0.0,0.0,0.0,0.0,0.0
2015,5,3,7,US,629,N199UW,PHX,SNA,2015,2021.0,6.0,17.0,2038.0,78.0,74.0,50.0,338,2128.0,7.0,2133,2135.0,2.0,0,0,,0.0,0.0,0.0,0.0,0.0,2015-05-03,0,0.0,0.0,0.0,0.0,0.0
2015,5,3,7,AA,2225,N3CPAA,CLT,MIA,1315,1311.0,-4.0,25.0,1336.0,125.0,123.0,92.0,650,1508.0,6.0,1520,1514.0,-6.0,0,0,,0.0,0.0,0.0,0.0,0.0,2015-05-03,0,0.0,0.0,0.0,0.0,0.0
2015,3,26,4,UA,1573,N33266,IAH,LGA,1031,1041.0,10.0,35.0,1116.0,204.0,223.0,183.0,1416,1519.0,5.0,1455,1524.0,29.0,0,0,,29.0,0.0,0.0,0.0,0.0,2015-03-26,0,290.0,0.0,0.0,0.0,0.0
2015,3,29,7,MQ,3141,N636MQ,AZO,ORD,630,624.0,-6.0,16.0,640.0,54.0,55.0,29.0,122,609.0,10.0,624,619.0,-5.0,0,0,,0.0,0.0,0.0,0.0,0.0,2015-03-29,0,0.0,0.0,0.0,0.0,0.0
2015,3,27,5,HA,151,N479HA,ITO,HNL,1021,1015.0,-6.0,8.0,1023.0,51.0,53.0,38.0,216,1101.0,7.0,1112,1108.0,-4.0,0,0,,0.0,0.0,0.0,0.0,0.0,2015-03-27,0,0.0,0.0,0.0,0.0,0.0
2015,4,16,4,F9,1365,N920FR,PHX,SFO,1400,1413.0,13.0,15.0,1428.0,125.0,122.0,98.0,651,1606.0,9.0,1605,1615.0,10.0,0,0,,0.0,0.0,0.0,0.0,0.0,2015-04-16,0,0.0,0.0,0.0,0.0,0.0
2015,3,28,6,NK,330,N515NK,DFW,CLE,750,834.0,44.0,16.0,850.0,148.0,153.0,130.0,1021,1200.0,7.0,1118,1207.0,49.0,0,0,,5.0,0.0,44.0,0.0,0.0,2015-03-28,1,11.36,0.0,100.0,0.0,0.0
2015,4,4,6,WN,1791,N8662F,CMH,RSW,1315,1312.0,-3.0,8.0,1320.0,145.0,130.0,118.0,930,1518.0,4.0,1540,1522.0,-18.0,0,0,,0.0,0.0,0.0,0.0,0.0,2015-04-04,0,0.0,0.0,0.0,0.0,0.0
2015,4,23,4,WN,849,N420WN,OKC,ATL,630,626.0,-4.0,9.0,635.0,130.0,117.0,86.0,761,901.0,22.0,940,923.0,-17.0,0,0,,0.0,0.0,0.0,0.0,0.0,2015-04-23,0,0.0,0.0,0.0,0.0,0.0
2015,4,5,7,MQ,3624,N8EGMQ,COU,ORD,1625,1618.0,-7.0,18.0,1636.0,80.0,78.0,49.0,315,1725.0,11.0,1745,1736.0,-9.0,0,0,,0.0,0.0,0.0,0.0,0.0,2015-04-05,0,0.0,0.0,0.0,0.0,0.0
2015,5,2,6,WN,1307,N292WN,PDX,PHX,1625,1619.0,-6.0,7.0,1626.0,155.0,151.0,139.0,1009,1845.0,5.0,1900,1850.0,-10.0,0,0,,0.0,0.0,0.0,0.0,0.0,2015-05-02,0,0.0,0.0,0.0,0.0,0.0
2015,4,26,7,MQ,3681,N900MQ,DFW,MOB,1645,1649.0,4.0,12.0,1701.0,97.0,89.0,69.0,539,1810.0,8.0,1822,1818.0,-4.0,0,0,,0.0,0.0,0.0,0.0,0.0,2015-04-26,0,0.0,0.0,0.0,0.0,0.0
2015,4,24,5,UA,1083,N26208,MCO,IAD,903,907.0,4.0,12.0,919.0,137.0,127.0,110.0,758,1109.0,5.0,1120,1114.0,-6.0,0,0,,0.0,0.0,0.0,0.0,0.0,2015-04-24,0,0.0,0.0,0.0,0.0,0.0
2015,4,22,3,WN,4194,N8660A,LAS,HOU,925,920.0,-5.0,13.0,933.0,175.0,168.0,149.0,1235,1402.0,6.0,1420,1408.0,-12.0,0,0,,0.0,0.0,0.0,0.0,0.0,2015-04-22,0,0.0,0.0,0.0,0.0,0.0
2015,4,9,4,VX,315,N853VA,MCO,LAX,1720,213.0,533.0,11.0,224.0,340.0,321.0,305.0,2218,429.0,5.0,2000,434.0,514.0,0,0,,0.0,0.0,514.0,0.0,0.0,2015-04-09,1,0.0,0.0,96.44,0.0,0.0
2015,4,21,2,OO,6356,N912SW,SFO,SLC,1954,2202.0,128.0,19.0,2221.0,108.0,110.0,85.0,599,46.0,6.0,2242,52.0,130.0,0,0,,2.0,0.0,0.0,128.0,0.0,2015-04-21,1,1.56,0.0,0.0,100.0,0.0
2015,3,29,7,AS,680,N612AS,SEA,DEN,1920,1917.0,-3.0,15.0,1932.0,145.0,146.0,122.0,1024,2234.0,9.0,2245,2243.0,-2.0,0,0,,0.0,0.0,0.0,0.0,0.0,2015-03-29,0,0.0,0.0,0.0,0.0,0.0
2015,4,20,1,DL,1607,N908DE,ATL,CHS,1910,1908.0,-2.0,18.0,1926.0,69.0,62.0,39.0,259,2005.0,5.0,2019,2010.0,-9.0,0,0,,0.0,0.0,0.0,0.0,0.0,2015-04-20,0,0.0,0.0,0.0,0.0,0.0
2015,4,30,4,WN,2716,N943WN,ATL,CMH,2220,2215.0,-5.0,13.0,2228.0,95.0,82.0,64.0,447,2332.0,5.0,2355,2337.0,-18.0,0,0,,0.0,0.0,0.0,0.0,0.0,2015-04-30,0,0.0,0.0,0.0,0.0,0.0
2015,4,2,4,UA,1106,N77518,IAH,SFO,1440,1441.0,1.0,27.0,1508.0,260.0,265.0,235.0,1635,1703.0,3.0,1700,1706.0,6.0,0,0,,0.0,0.0,0.0,0.0,0.0,2015-04-02,0,0.0,0.0,0.0,0.0,0.0
2015,5,2,6,OO,2879,N863AS,LAX,SJC,1015,1012.0,-3.0,17.0,1029.0,73.0,71.0,50.0,308,1119.0,4.0,1128,1123.0,-5.0,0,0,,0.0,0.0,0.0,0.0,0.0,2015-05-02,0,0.0,0.0,0.0,0.0,0.0
2015,3,30,1,WN,884,N779SW,SFO,ATL,1345,1344.0,-1.0,33.0,1417.0,270.0,290.0,247.0,2139,2124.0,10.0,2115,2134.0,19.0,0,0,,19.0,0.0,0.0,0.0,0.0,2015-03-30,0,-1900.0,-0.0,-0.0,-0.0,-0.0
2015,4,17,5,WN,283,N614SW,ATL,RSW,1350,1409.0,19.0,10.0,1419.0,105.0,91.0,77.0,515,1536.0,4.0,1535,1540.0,5.0,0,0,,0.0,0.0,0.0,0.0,0.0,2015-04-17,1,0.0,0.0,0.0,0.0,0.0
2015,4,14,2,DL,2222,N6712B,MSP,PHX,702,701.0,-1.0,14.0,715.0,202.0,186.0,167.0,1276,802.0,5.0,824,807.0,-17.0,0,0,,0.0,0.0,0.0,0.0,0.0,2015-04-14,0,0.0,0.0,0.0,0.0,0.0
2015,4,15,3,OO,5308,N970SW,ORD,MKE,1016,1012.0,-4.0,19.0,1031.0,47.0,43.0,19.0,67,1050.0,5.0,1103,1055.0,-8.0,0,0,,0.0,0.0,0.0,0.0,0.0,2015-04-15,0,0.0,0.0,0.0,0.0,0.0
2015,4,6,1,WN,257,N524SW,DAL,AUS,1745,1911.0,86.0,10.0,1921.0,55.0,48.0,33.0,189,1954.0,5.0,1840,1959.0,79.0,0,0,,0.0,0.0,79.0,0.0,0.0,2015-04-06,1,0.0,0.0,91.86,0.0,0.0
2015,4,27,1,US,1729,N920US,EWR,CLT,805,800.0,-5.0,16.0,816.0,119.0,124.0,92.0,529,948.0,16.0,1004,1004.0,0.0,0,0,,0.0,0.0,0.0,0.0,0.0,2015-04-27,0,0.0,0.0,0.0,0.0,0.0
2015,4,25,6,AA,1448,N597AA,DFW,TUS,1035,1030.0,-5.0,13.0,1043.0,150.0,136.0,118.0,813,1041.0,5.0,1105,1046.0,-19.0,0,0,,0.0,0.0,0.0,0.0,0.0,2015-04-25,0,0.0,0.0,0.0,0.0,0.0
2015,3,26,4,WN,339,N717SA,ATL,FLL,1130,1129.0,-1.0,12.0,1141.0,110.0,103.0,88.0,581,1309.0,3.0,1320,1312.0,-8.0,0,0,,0.0,0.0,0.0,0.0,0.0,2015-03-26,0,0.0,0.0,0.0,0.0,0.0
2015,4,6,1,AA,1312,N3CLAA,PHX,JFK,1240,1236.0,-4.0,16.0,1252.0,293.0,291.0,264.0,2153,2016.0,11.0,2033,2027.0,-6.0,0,0,,0.0,0.0,0.0,0.0,0.0,2015-04-06,0,0.0,0.0,0.0,0.0,0.0
2015,4,9,4,EV,5917,N15574,JAN,ORD,736,1359.0,383.0,16.0,1415.0,134.0,166.0,141.0,677,1636.0,9.0,950,1645.0,415.0,0,0,,415.0,0.0,0.0,0.0,0.0,2015-04-09,1,108.36,0.0,0.0,0.0,0.0
2015,4,22,3,OO,5497,N796SK,DEN,JAC,1105,1107.0,2.0,13.0,1120.0,85.0,79.0,63.0,406,1223.0,3.0,1230,1226.0,-4.0,0,0,,0.0,0.0,0.0,0.0,0.0,2015-04-22,0,0.0,0.0,0.0,0.0,0.0
2015,3,30,1,DL,571,N688DL,ATL,STT,1000,1020.0,20.0,16.0,1036.0,216.0,203.0,181.0,1599,1337.0,6.0,1336,1343.0,7.0,0,0,,0.0,0.0,0.0,0.0,0.0,2015-03-30,1,0.0,0.0,0.0,0.0,0.0
2015,4,10,5,DL,52,N891AT,DTW,MSP,955,952.0,-3.0,13.0,1005.0,114.0,105.0,85.0,528,1030.0,7.0,1049,1037.0,-12.0,0,0,,0.0,0.0,0.0,0.0,0.0,2015-04-10,0,0.0,0.0,0.0,0.0,0.0
2015,4,6,1,WN,593,N242WN,LAS,ELP,915,915.0,0.0,13.0,928.0,95.0,97.0,78.0,583,1146.0,6.0,1150,1152.0,2.0,0,0,,0.0,0.0,0.0,0.0,0.0,2015-04-06,0,0.0,0.0,0.0,0.0,0.0
2015,4,29,3,OO,4695,N629BR,GRR,CVG,729,722.0,-7.0,10.0,732.0,68.0,59.0,44.0,268,816.0,5.0,837,821.0,-16.0,0,0,,0.0,0.0,0.0,0.0,0.0,2015-04-29,0,0.0,0.0,0.0,0.0,0.0
2015,5,1,5,WN,598,N558WN,HOU,BWI,1520,1534.0,14.0,11.0,1545.0,185.0,174.0,158.0,1246,1923.0,5.0,1925,1928.0,3.0,0,0,,0.0,0.0,0.0,0.0,0.0,2015-05-01,0,0.0,0.0,0.0,0.0,0.0
2015,4,13,1,WN,8,N736SA,DAL,MAF,935,1004.0,29.0,11.0,1015.0,70.0,65.0,51.0,319,1106.0,3.0,1045,1109.0,24.0,0,0,,0.0,0.0,3.0,21.0,0.0,2015-04-13,1,0.0,0.0,10.34,72.41,0.0
2015,4,29,3,WN,4120,N759GS,SNA,LAS,940,936.0,-4.0,7.0,943.0,65.0,57.0,46.0,226,1029.0,4.0,1045,1033.0,-12.0,0,0,,0.0,0.0,0.0,0.0,0.0,2015-04-29,0,0.0,0.0,0.0,0.0,0.0
2015,4,28,2,AS,530,N524AS,SEA,ONT,720,731.0,11.0,11.0,742.0,146.0,142.0,128.0,956,950.0,3.0,946,953.0,7.0,0,0,,0.0,0.0,0.0,0.0,0.0,2015-04-28,0,0.0,0.0,0.0,0.0,0.0
2015,3,31,2,UA,822,N407UA,IAD,DEN,1818,1919.0,61.0,21.0,1940.0,243.0,230.0,204.0,1452,2104.0,5.0,2021,2109.0,48.0,0,0,,0.0,0.0,48.0,0.0,0.0,2015-03-31,1,0.0,0.0,78.69,0.0,0.0
2015,4,19,7,WN,839,N606SW,LAX,PHX,1905,1920.0,15.0,9.0,1929.0,75.0,77.0,61.0,370,2030.0,7.0,2020,2037.0,17.0,0,0,,2.0,0.0,7.0,8.0,0.0,2015-04-19,0,13.33,0.0,46.67,53.33,0.0
2015,4,3,5,DL,1177,N961DN,RDU,ATL,1215,1215.0,0.0,13.0,1228.0,91.0,75.0,58.0,356,1326.0,4.0,1346,1330.0,-16.0,0,0,,0.0,0.0,0.0,0.0,0.0,2015-04-03,0,0.0,0.0,0.0,0.0,0.0
2015,4,12,7,WN,870,N634SW,MSY,HOU,1525,1600.0,35.0,30.0,1630.0,75.0,102.0,67.0,302,1737.0,5.0,1640,1742.0,62.0,0,0,,27.0,0.0,11.0,24.0,0.0,2015-04-12,1,77.14,0.0,31.43,68.57,0.0
2015,4,17,5,UA,1508,N38459,SJU,IAH,1542,1541.0,-1.0,13.0,1554.0,294.0,292.0,264.0,2007,1918.0,15.0,1936,1933.0,-3.0,0,0,,0.0,0.0,0.0,0.0,0.0,2015-04-17,0,0.0,0.0,0.0,0.0,0.0
2015,3,30,1,VX,918,N527VA,SFO,LAS,1815,1823.0,8.0,11.0,1834.0,90.0,88.0,66.0,414,1940.0,11.0,1945,1951.0,6.0,0,0,,0.0,0.0,0.0,0.0,0.0,2015-03-30,0,0.0,0.0,0.0,0.0,0.0
2015,3,31,2,NK,605,N612NK,DTW,RSW,956,1003.0,7.0,18.0,1021.0,170.0,168.0,144.0,1084,1245.0,6.0,1246,1251.0,5.0,0,0,,0.0,0.0,0.0,0.0,0.0,2015-03-31,0,0.0,0.0,0.0,0.0,0.0
2015,4,26,7,WN,557,N401WN,BUR,OAK,1845,1847.0,2.0,7.0,1854.0,70.0,71.0,52.0,325,1946.0,12.0,1955,1958.0,3.0,0,0,,0.0,0.0,0.0,0.0,0.0,2015-04-26,0,0.0,0.0,0.0,0.0,0.0
2015,5,3,7,MQ,3026,N649MQ,BWI,JFK,1245,1238.0,-7.0,15.0,1253.0,67.0,60.0,39.0,184,1332.0,6.0,1352,1338.0,-14.0,0,0,,0.0,0.0,0.0,0.0,0.0,2015-05-03,0,0.0,0.0,0.0,0.0,0.0
2015,3,30,1,NK,341,N609NK,ACY,TPA,1400,1349.0,-11.0,12.0,1401.0,150.0,164.0,142.0,913,1623.0,10.0,1630,1633.0,3.0,0,0,,0.0,0.0,0.0,0.0,0.0,2015-03-30,0,0.0,0.0,0.0,0.0,0.0
2015,3,30,1,AS,629,N586AS,LAS,PDX,650,646.0,-4.0,12.0,658.0,137.0,132.0,116.0,763,854.0,4.0,907,858.0,-9.0,0,0,,0.0,0.0,0.0,0.0,0.0,2015-03-30,0,0.0,0.0,0.0,0.0,0.0
2015,4,30,4,F9,337,N931FR,MSP,DEN,845,834.0,-11.0,13.0,847.0,121.0,111.0,91.0,680,918.0,7.0,946,925.0,-21.0,0,0,,0.0,0.0,0.0,0.0,0.0,2015-04-30,0,0.0,0.0,0.0,0.0,0.0
2015,4,19,7,UA,547,N847UA,ORD,DCA,1003,954.0,-9.0,9.0,1003.0,116.0,98.0,86.0,612,1229.0,3.0,1259,1232.0,-27.0,0,0,,0.0,0.0,0.0,0.0,0.0,2015-04-19,0,0.0,0.0,0.0,0.0,0.0
2015,3,26,4,DL,1820,N371DA,LAX,SEA,1345,1402.0,17.0,19.0,1421.0,165.0,150.0,127.0,954,1628.0,4.0,1630,1632.0,2.0,0,0,,0.0,0.0,0.0,0.0,0.0,2015-03-26,1,0.0,0.0,0.0,0.0,0.0
2015,3,28,6,DL,2376,N902DA,TPA,ATL,1945,1956.0,11.0,11.0,2007.0,95.0,95.0,72.0,406,2119.0,12.0,2120,2131.0,11.0,0,0,,0.0,0.0,0.0,0.0,0.0,2015-03-28,0,0.0,0.0,0.0,0.0,0.0
2015,4,24,5,AS,671,N546AS,AUS,SEA,1840,1848.0,8.0,11.0,1859.0,260.0,282.0,262.0,1770,2121.0,9.0,2100,2130.0,30.0,0,0,,22.0,0.0,0.0,8.0,0.0,2015-04-24,0,275.0,0.0,0.0,100.0,0.0
2015,4,19,7,DL,1837,N371DA,ATL,AUS,2145,2148.0,3.0,40.0,2228.0,149.0,171.0,126.0,813,2334.0,5.0,2314,2339.0,25.0,0,0,,25.0,0.0,0.0,0.0,0.0,2015-04-19,0,833.33,0.0,0.0,0.0,0.0
2015,4,8,3,WN,1885,N790SW,LAX,OAK,2005,2022.0,17.0,5.0,2027.0,75.0,66.0,56.0,337,2123.0,5.0,2120,2128.0,8.0,0,0,,0.0,0.0,0.0,0.0,0.0,2015-04-08,1,0.0,0.0,0.0,0.0,0.0
2015,4,6,1,US,2141,N958UW,LGA,BOS,1700,1653.0,-7.0,23.0,1716.0,77.0,61.0,32.0,184,1748.0,6.0,1817,1754.0,-23.0,0,0,,0.0,0.0,0.0,0.0,0.0,2015-04-06,0,0.0,0.0,0.0,0.0,0.0
2015,4,20,1,AS,540,N622AS,PDX,SNA,640,630.0,-10.0,11.0,641.0,142.0,144.0,129.0,859,850.0,4.0,902,854.0,-8.0,0,0,,0.0,0.0,0.0,0.0,0.0,2015-04-20,0,0.0,0.0,0.0,0.0,0.0
2015,4,2,4,WN,4196,N237WN,CMH,MDW,2035,2028.0,-7.0,9.0,2037.0,75.0,62.0,48.0,283,2025.0,5.0,2050,2030.0,-20.0,0,0,,0.0,0.0,0.0,0.0,0.0,2015-04-02,0,0.0,0.0,0.0,0.0,0.0
2015,3,31,2,WN,4832,N926WN,ONT,PHX,540,538.0,-2.0,14.0,552.0,70.0,68.0,50.0,325,642.0,4.0,650,646.0,-4.0,0,0,,0.0,0.0,0.0,0.0,0.0,2015-03-31,0,0.0,0.0,0.0,0.0,0.0
2015,3,30,1,NK,847,N615NK,ORD,DEN,1110,1108.0,-2.0,11.0,1119.0,160.0,154.0,125.0,888,1224.0,18.0,1250,1242.0,-8.0,0,0,,0.0,0.0,0.0,0.0,0.0,2015-03-30,0,0.0,0.0,0.0,0.0,0.0
2015,4,5,7,EV,4865,N16525,BTR,IAH,1907,1858.0,-9.0,18.0,1916.0,74.0,85.0,59.0,253,2015.0,8.0,2021,2023.0,2.0,0,0,,0.0,0.0,0.0,0.0,0.0,2015-04-05,0,0.0,0.0,0.0,0.0,0.0
2015,4,30,4,DL,1782,N310NW,MSO,MSP,545,540.0,-5.0,10.0,550.0,158.0,144.0,128.0,1013,858.0,6.0,923,904.0,-19.0,0,0,,0.0,0.0,0.0,0.0,0.0,2015-04-30,0,0.0,0.0,0.0,0.0,0.0
2015,4,12,7,WN,1161,N251WN,MCI,DAL,2015,2101.0,46.0,9.0,2110.0,90.0,86.0,72.0,460,2222.0,5.0,2145,2227.0,42.0,0,0,,0.0,0.0,1.0,41.0,0.0,2015-04-12,1,0.0,0.0,2.17,89.13,0.0
2015,5,2,6,WN,2181,N211WN,ONT,SMF,1240,1250.0,10.0,6.0,1256.0,75.0,68.0,59.0,390,1355.0,3.0,1355,1358.0,3.0,0,0,,0.0,0.0,0.0,0.0,0.0,2015-05-02,0,0.0,0.0,0.0,0.0,0.0
2015,5,1,5,OO,5166,N986SW,XNA,DEN,1154,1148.0,-6.0,15.0,1203.0,121.0,117.0,97.0,616,1240.0,5.0,1255,1245.0,-10.0,0,0,,0.0,0.0,0.0,0.0,0.0,2015-05-01,0,0.0,0.0,0.0,0.0,0.0
2015,3,26,4,EV,4863,N12540,IAH,CVG,1907,1904.0,-3.0,14.0,1918.0,137.0,141.0,118.0,871,2216.0,9.0,2224,2225.0,1.0,0,0,,0.0,0.0,0.0,0.0,0.0,2015-03-26,0,0.0,0.0,0.0,0.0,0.0
2015,4,4,6,US,1920,N769US,CLT,BWI,2010,2008.0,-2.0,16.0,2024.0,84.0,79.0,57.0,361,2121.0,6.0,2134,2127.0,-7.0,0,0,,0.0,0.0,0.0,0.0,0.0,2015-04-04,0,0.0,0.0,0.0,0.0,0.0
2015,4,27,1,WN,837,N7719A,PHX,HOU,740,737.0,-3.0,14.0,751.0,150.0,139.0,118.0,1020,1149.0,7.0,1210,1156.0,-14.0,0,0,,0.0,0.0,0.0,0.0,0.0,2015-04-27,0,0.0,0.0,0.0,0.0,0.0
2015,4,17,5,AS,116,N431AS,FAI,SEA,625,614.0,-11.0,19.0,633.0,210.0,222.0,197.0,1533,1050.0,6.0,1055,1056.0,1.0,0,0,,0.0,0.0,0.0,0.0,0.0,2015-04-17,0,0.0,0.0,0.0,0.0,0.0
2015,4,8,3,AA,1041,N3HCAA,DFW,CLT,1050,1047.0,-3.0,11.0,1058.0,159.0,139.0,120.0,936,1358.0,8.0,1429,1406.0,-23.0,0,0,,0.0,0.0,0.0,0.0,0.0,2015-04-08,0,0.0,0.0,0.0,0.0,0.0
2015,4,6,1,DL,2029,N355NW,MSP,SLC,1425,1421.0,-4.0,17.0,1438.0,171.0,192.0,168.0,991,1626.0,7.0,1616,1633.0,17.0,0,0,,17.0,0.0,0.0,0.0,0.0,2015-04-06,0,-425.0,-0.0,-0.0,-0.0,-0.0
2015,5,1,5,F9,1457,N929FR,ATL,LAS,2040,2046.0,6.0,12.0,2058.0,260.0,255.0,235.0,1747,2153.0,8.0,2200,2201.0,1.0,0,0,,0.0,0.0,0.0,0.0,0.0,2015-05-01,0,0.0,0.0,0.0,0.0,0.0
2015,4,25,6,B6,723,N556JB,DCA,MCO,700,719.0,19.0,14.0,733.0,140.0,136.0,113.0,759,926.0,9.0,920,935.0,15.0,0,0,,0.0,0.0,15.0,0.0,0.0,2015-04-25,1,0.0,0.0,78.95,0.0,0.0
2015,4,24,5,AA,2409,N586AA,DFW,BNA,1600,1744.0,104.0,43.0,1827.0,108.0,133.0,84.0,631,1951.0,6.0,1748,1957.0,129.0,0,0,,25.0,0.0,0.0,99.0,5.0,2015-04-24,1,24.04,0.0,0.0,95.19,4.81
2015,4,30,4,EV,4981,N741EV,OKC,DTW,1735,1730.0,-5.0,12.0,1742.0,136.0,151.0,130.0,900,2052.0,9.0,2051,2101.0,10.0,0,0,,0.0,0.0,0.0,0.0,0.0,2015-04-30,0,0.0,0.0,0.0,0.0,0.0
2015,4,2,4,DL,1267,N963DN,ATL,DTW,1747,1753.0,6.0,20.0,1813.0,123.0,124.0,98.0,594,1951.0,6.0,1950,1957.0,7.0,0,0,,0.0,0.0,0.0,0.0,0.0,2015-04-02,0,0.0,0.0,0.0,0.0,0.0
2015,5,3,7,UA,1460,N24202,SJU,EWR,1350,1352.0,2.0,14.0,1406.0,250.0,254.0,229.0,1608,1755.0,11.0,1800,1806.0,6.0,0,0,,0.0,0.0,0.0,0.0,0.0,2015-05-03,0,0.0,0.0,0.0,0.0,0.0
2015,4,9,4,B6,1452,N775JB,MCO,BOS,1404,1400.0,-4.0,17.0,1417.0,171.0,166.0,145.0,1121,1642.0,4.0,1655,1646.0,-9.0,0,0,,0.0,0.0,0.0,0.0,0.0,2015-04-09,0,0.0,0.0,0.0,0.0,0.0
2015,3,27,5,AA,2314,N3ARAA,JFK,BOS,2025,2031.0,6.0,25.0,2056.0,70.0,68.0,36.0,187,2132.0,7.0,2135,2139.0,4.0,0,0,,0.0,0.0,0.0,0.0,0.0,2015-03-27,0,0.0,0.0,0.0,0.0,0.0
2015,4,17,5,WN,1272,N748SW,MKE,DCA,1830,1828.0,-2.0,12.0,1840.0,115.0,110.0,90.0,634,2110.0,8.0,2125,2118.0,-7.0,0,0,,0.0,0.0,0.0,0.0,0.0,2015-04-17,0,0.0,0.0,0.0,0.0,0.0
2015,4,27,1,B6,323,N944JB,JFK,LAX,1259,1257.0,-2.0,13.0,1310.0,379.0,327.0,307.0,2475,1517.0,7.0,1618,1524.0,-54.0,0,0,,0.0,0.0,0.0,0.0,0.0,2015-04-27,0,0.0,0.0,0.0,0.0,0.0
2015,4,20,1,WN,2259,N615SW,DAL,ATL,1830,1842.0,12.0,16.0,1858.0,125.0,113.0,88.0,721,2126.0,9.0,2135,2135.0,0.0,0,0,,0.0,0.0,0.0,0.0,0.0,2015-04-20,0,0.0,0.0,0.0,0.0,0.0
2015,4,26,7,OO,5518,N979SW,CPR,DEN,2017,2059.0,42.0,13.0,2112.0,65.0,68.0,50.0,230,2202.0,5.0,2122,2207.0,45.0,0,0,,3.0,0.0,29.0,13.0,0.0,2015-04-26,1,7.14,0.0,69.05,30.95,0.0
2015,4,4,6,WN,1605,N639SW,OKC,HOU,825,821.0,-4.0,12.0,833.0,85.0,80.0,63.0,419,936.0,5.0,950,941.0,-9.0,0,0,,0.0,0.0,0.0,0.0,0.0,2015-04-04,0,0.0,0.0,0.0,0.0,0.0
2015,4,30,4,UA,395,N497UA,ORD,SAN,1605,1609.0,4.0,15.0,1624.0,264.0,245.0,223.0,1723,1807.0,7.0,1829,1814.0,-15.0,0,0,,0.0,0.0,0.0,0.0,0.0,2015-04-30,0,0.0,0.0,0.0,0.0,0.0
2015,4,27,1,EV,5137,N723EV,ATL,BTR,1926,1922.0,-4.0,20.0,1942.0,94.0,92.0,68.0,448,1950.0,4.0,2000,1954.0,-6.0,0,0,,0.0,0.0,0.0,0.0,0.0,2015-04-27,0,0.0,0.0,0.0,0.0,0.0
2015,3,27,5,AS,587,N611AS,SNA,PDX,935,920.0,-15.0,18.0,938.0,142.0,141.0,120.0,859,1138.0,3.0,1157,1141.0,-16.0,0,0,,0.0,0.0,0.0,0.0,0.0,2015-03-27,0,0.0,0.0,0.0,0.0,0.0
2015,4,25,6,WN,2547,N7811F,TPA,ISP,1235,1247.0,12.0,7.0,1254.0,160.0,147.0,135.0,1034,1509.0,5.0,1515,1514.0,-1.0,0,0,,0.0,0.0,0.0,0.0,0.0,2015-04-25,0,0.0,0.0,0.0,0.0,0.0
2015,4,23,4,AA,1196,N3CCAA,BOS,LAX,900,858.0,-2.0,14.0,912.0,390.0,381.0,349.0,2611,1201.0,18.0,1230,1219.0,-11.0,0,0,,0.0,0.0,0.0,0.0,0.0,2015-04-23,0,0.0,0.0,0.0,0.0,0.0
2015,4,8,3,DL,2208,N936DL,ATL,IAH,1458,1457.0,-1.0,15.0,1512.0,139.0,131.0,107.0,689,1559.0,9.0,1617,1608.0,-9.0,0,0,,0.0,0.0,0.0,0.0,0.0,2015-04-08,0,0.0,0.0,0.0,0.0,0.0
2015,4,29,3,OO,3460,N227AG,PDX,ONT,635,629.0,-6.0,13.0,642.0,132.0,141.0,124.0,838,846.0,4.0,847,850.0,3.0,0,0,,0.0,0.0,0.0,0.0,0.0,2015-04-29,0,0.0,0.0,0.0,0.0,0.0
2015,4,11,6,US,752,N567UW,BDL,CLT,805,810.0,5.0,43.0,853.0,133.0,159.0,109.0,644,1042.0,7.0,1018,1049.0,31.0,0,0,,26.0,0.0,5.0,0.0,0.0,2015-04-11,0,520.0,0.0,100.0,0.0,0.0
2015,3,27,5,VX,193,N846VA,EWR,SFO,1729,1751.0,22.0,10.0,1801.0,396.0,347.0,326.0,2565,2027.0,11.0,2105,2038.0,-27.0,0,0,,0.0,0.0,0.0,0.0,0.0,2015-03-27,1,0.0,0.0,0.0,0.0,0.0
2015,4,23,4,OO,6329,N982SW,ORD,XNA,1248,1243.0,-5.0,14.0,1257.0,109.0,112.0,92.0,522,1429.0,6.0,1437,1435.0,-2.0,0,0,,0.0,0.0,0.0,0.0,0.0,2015-04-23,0,0.0,0.0,0.0,0.0,0.0
2015,4,14,2,OO,4575,N162PQ,SLC,SMF,831,829.0,-2.0,13.0,842.0,113.0,106.0,89.0,532,911.0,4.0,924,915.0,-9.0,0,0,,0.0,0.0,0.0,0.0,0.0,2015-04-14,0,0.0,0.0,0.0,0.0,0.0
2015,4,12,7,OO,6294,N923SW,MFR,SFO,1748,1740.0,-8.0,9.0,1749.0,78.0,70.0,58.0,329,1847.0,3.0,1906,1850.0,-16.0,0,0,,0.0,0.0,0.0,0.0,0.0,2015-04-12,0,0.0,0.0,0.0,0.0,0.0
2015,4,19,7,EV,4923,N861AS,ATL,CHA,2146,2221.0,35.0,32.0,2253.0,43.0,55.0,21.0,106,2314.0,2.0,2229,2316.0,47.0,0,0,,12.0,0.0,27.0,8.0,0.0,2015-04-19,1,34.29,0.0,77.14,22.86,0.0
2015,4,4,6,WN,2312,N232WN,DEN,JAX,1215,1228.0,13.0,9.0,1237.0,185.0,166.0,152.0,1447,1709.0,5.0,1720,1714.0,-6.0,0,0,,0.0,0.0,0.0,0.0,0.0,2015-04-04,0,0.0,0.0,0.0,0.0,0.0
2015,5,4,1,AS,367,N506AS,SMF,SEA,600,546.0,-14.0,15.0,601.0,105.0,105.0,83.0,605,724.0,7.0,745,731.0,-14.0,0,0,,0.0,0.0,0.0,0.0,0.0,2015-05-04,0,0.0,0.0,0.0,0.0,0.0
2015,4,27,1,F9,217,N205FR,AUS,DEN,930,926.0,-4.0,12.0,938.0,131.0,123.0,102.0,775,1020.0,9.0,1041,1029.0,-12.0,0,0,,0.0,0.0,0.0,0.0,0.0,2015-04-27,0,0.0,0.0,0.0,0.0,0.0
2015,4,27,1,WN,221,N387SW,DEN,OMA,1415,1423.0,8.0,10.0,1433.0,85.0,82.0,69.0,472,1642.0,3.0,1640,1645.0,5.0,0,0,,0.0,0.0,0.0,0.0,0.0,2015-04-27,0,0.0,0.0,0.0,0.0,0.0
2015,4,20,1,DL,885,N355NB,ATL,GRR,1515,1514.0,-1.0,26.0,1540.0,118.0,111.0,82.0,640,1702.0,3.0,1713,1705.0,-8.0,0,0,,0.0,0.0,0.0,0.0,0.0,2015-04-20,0,0.0,0.0,0.0,0.0,0.0
2015,4,7,2,MQ,2996,N631MQ,LRD,DFW,1358,1349.0,-9.0,6.0,1355.0,88.0,71.0,61.0,396,1456.0,4.0,1526,1500.0,-26.0,0,0,,0.0,0.0,0.0,0.0,0.0,2015-04-07,0,0.0,0.0,0.0,0.0,0.0
2015,4,5,7,AS,327,N596AS,SJC,SEA,1000,950.0,-10.0,8.0,958.0,123.0,113.0,98.0,697,1136.0,7.0,1203,1143.0,-20.0,0,0,,0.0,0.0,0.0,0.0,0.0,2015-04-05,0,0.0,0.0,0.0,0.0,0.0
2015,4,30,4,WN,1273,N755SA,SNA,PHX,730,728.0,-2.0,8.0,736.0,80.0,64.0,51.0,338,827.0,5.0,850,832.0,-18.0,0,0,,0.0,0.0,0.0,0.0,0.0,2015-04-30,0,0.0,0.0,0.0,0.0,0.0
2015,4,9,4,B6,1307,N296JB,JFK,IAD,800,758.0,-2.0,31.0,829.0,83.0,101.0,67.0,228,936.0,3.0,923,939.0,16.0,0,0,,16.0,0.0,0.0,0.0,0.0,2015-04-09,0,-800.0,-0.0,-0.0,-0.0,-0.0
2015,3,30,1,UA,358,N826UA,IAH,PHL,729,726.0,-3.0,21.0,747.0,198.0,189.0,163.0,1325,1130.0,5.0,1147,1135.0,-12.0,0,0,,0.0,0.0,0.0,0.0,0.0,2015-03-30,0,0.0,0.0,0.0,0.0,0.0
2015,4,26,7,WN,462,N558WN,SJU,BWI,735,734.0,-1.0,13.0,747.0,255.0,250.0,234.0,1565,1141.0,3.0,1150,1144.0,-6.0,0,0,,0.0,0.0,0.0,0.0,0.0,2015-04-26,0,0.0,0.0,0.0,0.0,0.0
2015,4,5,7,UA,259,N488UA,ORD,OMA,1934,1945.0,11.0,13.0,1958.0,97.0,83.0,65.0,416,2103.0,5.0,2111,2108.0,-3.0,0,0,,0.0,0.0,0.0,0.0,0.0,2015-04-05,0,0.0,0.0,0.0,0.0,0.0
2015,3,28,6,MQ,3690,N679MQ,MLI,ORD,1610,1603.0,-7.0,10.0,1613.0,71.0,47.0,29.0,139,1642.0,8.0,1721,1650.0,-31.0,0,0,,0.0,0.0,0.0,0.0,0.0,2015-03-28,0,0.0,0.0,0.0,0.0,0.0
2015,4,5,7,HA,291,N489HA,ITO,HNL,1500,1456.0,-4.0,8.0,1504.0,52.0,56.0,38.0,216,1542.0,10.0,1552,1552.0,0.0,0,0,,0.0,0.0,0.0,0.0,0.0,2015-04-05,0,0.0,0.0,0.0,0.0,0.0
2015,4,14,2,AA,2387,N582AA,ORD,SAT,1710,1704.0,-6.0,17.0,1721.0,193.0,174.0,150.0,1041,1951.0,7.0,2023,1958.0,-25.0,0,0,,0.0,0.0,0.0,0.0,0.0,2015-04-14,0,0.0,0.0,0.0,0.0,0.0
2015,5,4,1,WN,1275,N946WN,BWI,CLE,2225,2247.0,22.0,7.0,2254.0,85.0,59.0,47.0,314,2341.0,5.0,2350,2346.0,-4.0,0,0,,0.0,0.0,0.0,0.0,0.0,2015-05-04,1,0.0,0.0,0.0,0.0,0.0
2015,5,3,7,WN,702,N900WN,ATL,MSP,830,825.0,-5.0,20.0,845.0,160.0,153.0,129.0,907,954.0,4.0,1010,958.0,-12.0,0,0,,0.0,0.0,0.0,0.0,0.0,2015-05-03,0,0.0,0.0,0.0,0.0,0.0
2015,4,9,4,MQ,3243,N935MQ,DFW,FSD,1249,1323.0,34.0,9.0,1332.0,131.0,116.0,103.0,737,1515.0,4.0,1500,1519.0,19.0,0,0,,0.0,0.0,6.0,13.0,0.0,2015-04-09,1,0.0,0.0,17.65,38.24,0.0
2015,3,28,6,AA,1032,N3CNAA,MIA,DTW,1335,1331.0,-4.0,11.0,1342.0,186.0,169.0,149.0,1145,1611.0,9.0,1641,1620.0,-21.0,0,0,,0.0,0.0,0.0,0.0,0.0,2015-03-28,0,0.0,0.0,0.0,0.0,0.0
2015,4,8,3,DL,1084,N955DL,PHL,ATL,730,725.0,-5.0,10.0,735.0,140.0,117.0,100.0,666,915.0,7.0,950,922.0,-28.0,0,0,,0.0,0.0,0.0,0.0,0.0,2015-04-08,0,0.0,0.0,0.0,0.0,0.0
2015,4,7,2,US,1920,N187US,CLT,BWI,2010,2108.0,58.0,12.0,2120.0,84.0,74.0,56.0,361,2216.0,6.0,2134,2222.0,48.0,0,0,,0.0,0.0,48.0,0.0,0.0,2015-04-07,1,0.0,0.0,82.76,0.0,0.0
2015,5,5,2,AA,1351,N3MAAA,TPA,LAX,740,730.0,-10.0,17.0,747.0,316.0,333.0,310.0,2158,957.0,6.0,956,1003.0,7.0,0,0,,0.0,0.0,0.0,0.0,0.0,2015-05-05,0,0.0,0.0,0.0,0.0,0.0
2015,4,20,1,DL,1281,N977DL,ATL,MEM,1509,1507.0,-2.0,15.0,1522.0,86.0,79.0,58.0,332,1520.0,6.0,1535,1526.0,-9.0,0,0,,0.0,0.0,0.0,0.0,0.0,2015-04-20,0,0.0,0.0,0.0,0.0,0.0
2015,5,1,5,WN,516,N8657B,PHX,FLL,1045,1047.0,2.0,22.0,1109.0,255.0,259.0,234.0,1972,1803.0,3.0,1800,1806.0,6.0,0,0,,0.0,0.0,0.0,0.0,0.0,2015-05-01,0,0.0,0.0,0.0,0.0,0.0
2015,4,19,7,EV,4718,N17524,MAF,IAH,1652,1650.0,-2.0,10.0,1700.0,88.0,80.0,65.0,429,1805.0,5.0,1820,1810.0,-10.0,0,0,,0.0,0.0,0.0,0.0,0.0,2015-04-19,0,0.0,0.0,0.0,0.0,0.0
2015,4,9,4,WN,3502,N792SW,ELP,DAL,1915,1916.0,1.0,10.0,1926.0,95.0,87.0,70.0,562,2136.0,7.0,2150,2143.0,-7.0,0,0,,0.0,0.0,0.0,0.0,0.0,2015-04-09,0,0.0,0.0,0.0,0.0,0.0
2015,3,27,5,WN,474,N8303R,PHX,DEN,1335,1333.0,-2.0,8.0,1341.0,110.0,98.0,83.0,602,1604.0,7.0,1625,1611.0,-14.0,0,0,,0.0,0.0,0.0,0.0,0.0,2015-03-27,0,0.0,0.0,0.0,0.0,0.0
2015,4,10,5,US,485,N836AW,STL,PHX,515,820.0,185.0,13.0,833.0,201.0,211.0,194.0,1262,947.0,4.0,636,951.0,195.0,0,0,,10.0,0.0,185.0,0.0,0.0,2015-04-10,1,5.41,0.0,100.0,0.0,0.0
2015,4,10,5,EV,3806,N17146,EWR,BUF,1230,1517.0,167.0,11.0,1528.0,81.0,64.0,50.0,282,1618.0,3.0,1351,1621.0,150.0,0,0,,0.0,0.0,55.0,95.0,0.0,2015-04-10,1,0.0,0.0,32.93,56.89,0.0
2015,4,24,5,F9,1322,N208FR,SLC,ORD,1920,1913.0,-7.0,17.0,1930.0,185.0,180.0,153.0,1250,2303.0,10.0,2325,2313.0,-12.0,0,0,,0.0,0.0,0.0,0.0,0.0,2015-04-24,0,0.0,0.0,0.0,0.0,0.0
2015,5,4,1,WN,572,N600WN,BWI,BUF,1520,1529.0,9.0,9.0,1538.0,70.0,58.0,46.0,281,1624.0,3.0,1630,1627.0,-3.0,0,0,,0.0,0.0,0.0,0.0,0.0,2015-05-04,0,0.0,0.0,0.0,0.0,0.0
2015,4,26,7,OO,4769,N432SW,SLC,TUS,842,836.0,-6.0,26.0,902.0,115.0,112.0,83.0,601,925.0,3.0,937,928.0,-9.0,0,0,,0.0,0.0,0.0,0.0,0.0,2015-04-26,0,0.0,0.0,0.0,0.0,0.0
2015,5,4,1,EV,5034,N839AS,VLD,ATL,1159,1158.0,-1.0,7.0,1205.0,64.0,57.0,42.0,208,1247.0,8.0,1303,1255.0,-8.0,0,0,,0.0,0.0,0.0,0.0,0.0,2015-05-04,0,0.0,0.0,0.0,0.0,0.0
2015,5,3,7,DL,2365,N316NB,EWR,DTW,1105,1100.0,-5.0,18.0,1118.0,114.0,100.0,77.0,488,1235.0,5.0,1259,1240.0,-19.0,0,0,,0.0,0.0,0.0,0.0,0.0,2015-05-03,0,0.0,0.0,0.0,0.0,0.0
2015,4,21,2,AA,1164,N3DAAA,DFW,LGA,1710,1707.0,-3.0,13.0,1720.0,215.0,177.0,160.0,1389,2100.0,4.0,2145,2104.0,-41.0,0,0,,0.0,0.0,0.0,0.0,0.0,2015-04-21,0,0.0,0.0,0.0,0.0,0.0
2015,4,1,3,MQ,3542,N909MQ,DFW,MSN,1510,1521.0,11.0,14.0,1535.0,140.0,121.0,105.0,821,1720.0,2.0,1730,1722.0,-8.0,0,0,,0.0,0.0,0.0,0.0,0.0,2015-04-01,0,0.0,0.0,0.0,0.0,0.0
2015,3,28,6,EV,3810,N21537,IAH,IND,711,707.0,-4.0,13.0,720.0,142.0,154.0,135.0,844,1035.0,6.0,1033,1041.0,8.0,0,0,,0.0,0.0,0.0,0.0,0.0,2015-03-28,0,0.0,0.0,0.0,0.0,0.0
2015,4,23,4,WN,739,N384SW,BWI,TPA,620,614.0,-6.0,18.0,632.0,145.0,151.0,128.0,842,840.0,5.0,845,845.0,0.0,0,0,,0.0,0.0,0.0,0.0,0.0,2015-04-23,0,0.0,0.0,0.0,0.0,0.0
2015,4,2,4,WN,912,N622SW,PHX,LAX,1705,1814.0,69.0,23.0,1837.0,80.0,92.0,59.0,370,1936.0,10.0,1825,1946.0,81.0,0,0,,12.0,0.0,11.0,58.0,0.0,2015-04-02,1,17.39,0.0,15.94,84.06,0.0
2015,4,10,5,US,545,N156UW,LAX,PHX,1622,1619.0,-3.0,21.0,1640.0,88.0,87.0,59.0,370,1739.0,7.0,1750,1746.0,-4.0,0,0,,0.0,0.0,0.0,0.0,0.0,2015-04-10,0,0.0,0.0,0.0,0.0,0.0
2015,4,18,6,EV,4382,N18557,EWR,DTW,1820,1810.0,-10.0,13.0,1823.0,123.0,109.0,89.0,488,1952.0,7.0,2023,1959.0,-24.0,0,0,,0.0,0.0,0.0,0.0,0.0,2015-04-18,0,0.0,0.0,0.0,0.0,0.0
2015,4,22,3,F9,1385,N201FR,RSW,CLE,2120,2108.0,-12.0,10.0,2118.0,155.0,165.0,144.0,1025,2342.0,11.0,2355,2353.0,-2.0,0,0,,0.0,0.0,0.0,0.0,0.0,2015-04-22,0,0.0,0.0,0.0,0.0,0.0
2015,4,19,7,EV,4100,N15980,RDU,EWR,1002,1015.0,13.0,20.0,1035.0,98.0,95.0,61.0,416,1136.0,14.0,1140,1150.0,10.0,0,0,,0.0,0.0,0.0,0.0,0.0,2015-04-19,0,0.0,0.0,0.0,0.0,0.0
2015,4,25,6,US,400,N177US,PHX,SLC,2015,2015.0,0.0,16.0,2031.0,99.0,88.0,67.0,507,2238.0,5.0,2254,2243.0,-11.0,0,0,,0.0,0.0,0.0,0.0,0.0,2015-04-25,0,0.0,0.0,0.0,0.0,0.0
2015,4,28,2,UA,1270,N13113,EWR,MCO,1459,1511.0,12.0,12.0,1523.0,164.0,158.0,134.0,937,1737.0,12.0,1743,1749.0,6.0,0,0,,0.0,0.0,0.0,0.0,0.0,2015-04-28,0,0.0,0.0,0.0,0.0,0.0
2015,4,10,5,EV,4651,N17185,ORD,SAV,841,836.0,-5.0,11.0,847.0,128.0,131.0,113.0,773,1140.0,7.0,1149,1147.0,-2.0,0,0,,0.0,0.0,0.0,0.0,0.0,2015-04-10,0,0.0,0.0,0.0,0.0,0.0
2015,5,2,6,DL,1776,N901DE,FLL,DTW,1545,1540.0,-5.0,10.0,1550.0,183.0,173.0,158.0,1127,1828.0,5.0,1848,1833.0,-15.0,0,0,,0.0,0.0,0.0,0.0,0.0,2015-05-02,0,0.0,0.0,0.0,0.0,0.0
2015,4,6,1,EV,6076,N15973,LEX,ORD,1634,1619.0,-15.0,9.0,1628.0,87.0,77.0,60.0,323,1628.0,8.0,1701,1636.0,-25.0,0,0,,0.0,0.0,0.0,0.0,0.0,2015-04-06,0,0.0,0.0,0.0,0.0,0.0
2015,4,8,3,WN,1166,N626SW,PWM,BWI,1220,1219.0,-1.0,9.0,1228.0,95.0,89.0,76.0,452,1344.0,4.0,1355,1348.0,-7.0,0,0,,0.0,0.0,0.0,0.0,0.0,2015-04-08,0,0.0,0.0,0.0,0.0,0.0
2015,4,2,4,MQ,3242,N658MQ,DFW,TXK,2200,2156.0,-4.0,13.0,2209.0,58.0,47.0,30.0,181,2239.0,4.0,2258,2243.0,-15.0,0,0,,0.0,0.0,0.0,0.0,0.0,2015-04-02,0,0.0,0.0,0.0,0.0,0.0
2015,3,30,1,DL,790,N923AT,ATL,IAH,1715,1715.0,0.0,11.0,1726.0,142.0,117.0,102.0,689,1808.0,4.0,1837,1812.0,-25.0,0,0,,0.0,0.0,0.0,0.0,0.0,2015-03-30,0,0.0,0.0,0.0,0.0,0.0
2015,4,2,4,NK,239,N627NK,BOS,RSW,1051,1050.0,-1.0,14.0,1104.0,211.0,213.0,175.0,1249,1359.0,24.0,1422,1423.0,1.0,0,0,,0.0,0.0,0.0,0.0,0.0,2015-04-02,0,0.0,0.0,0.0,0.0,0.0
2015,4,22,3,EV,4703,N17159,IAH,BRO,2119,2130.0,11.0,18.0,2148.0,72.0,78.0,52.0,308,2240.0,8.0,2231,2248.0,17.0,0,0,,6.0,0.0,11.0,0.0,0.0,2015-04-22,0,54.55,0.0,100.0,0.0,0.0
2015,4,7,2,NK,571,N627NK,TPA,FLL,825,820.0,-5.0,11.0,831.0,60.0,53.0,36.0,197,907.0,6.0,925,913.0,-12.0,0,0,,0.0,0.0,0.0,0.0,0.0,2015-04-07,0,0.0,0.0,0.0,0.0,0.0
2015,4,9,4,AA,2458,N583AA,ORD,TPA,1820,1908.0,48.0,12.0,1920.0,166.0,150.0,136.0,1012,2236.0,2.0,2206,2238.0,32.0,0,0,,0.0,0.0,0.0,32.0,0.0,2015-04-09,1,0.0,0.0,0.0,66.67,0.0
2015,4,12,7,AA,1559,N3FXAA,ATL,DFW,1115,1111.0,-4.0,20.0,1131.0,150.0,147.0,112.0,731,1223.0,15.0,1245,1238.0,-7.0,0,0,,0.0,0.0,0.0,0.0,0.0,2015-04-12,0,0.0,0.0,0.0,0.0,0.0
2015,4,12,7,UA,1527,N68821,RSW,EWR,1005,954.0,-11.0,9.0,1003.0,179.0,162.0,143.0,1068,1226.0,10.0,1304,1236.0,-28.0,0,0,,0.0,0.0,0.0,0.0,0.0,2015-04-12,0,0.0,0.0,0.0,0.0,0.0
2015,4,15,3,OO,7388,N915EV,SLC,EKO,2153,2147.0,-6.0,7.0,2154.0,52.0,42.0,30.0,200,2124.0,5.0,2145,2129.0,-16.0,0,0,,0.0,0.0,0.0,0.0,0.0,2015-04-15,0,0.0,0.0,0.0,0.0,0.0
2015,4,19,7,OO,6228,N479CA,DEN,BOI,809,758.0,-11.0,25.0,823.0,123.0,133.0,104.0,649,1007.0,4.0,1012,1011.0,-1.0,0,0,,0.0,0.0,0.0,0.0,0.0,2015-04-19,0,0.0,0.0,0.0,0.0,0.0
2015,4,21,2,EV,5073,N722EV,BNA,LGA,1200,1157.0,-3.0,10.0,1207.0,131.0,147.0,111.0,764,1458.0,26.0,1511,1524.0,13.0,0,0,,0.0,0.0,0.0,0.0,0.0,2015-04-21,0,0.0,0.0,0.0,0.0,0.0
2015,3,28,6,US,752,N548UW,EWR,CLT,805,801.0,-4.0,11.0,812.0,125.0,107.0,87.0,529,939.0,9.0,1010,948.0,-22.0,0,0,,0.0,0.0,0.0,0.0,0.0,2015-03-28,0,0.0,0.0,0.0,0.0,0.0
2015,4,1,3,MQ,3531,N843MQ,LGA,RDU,650,644.0,-6.0,13.0,657.0,93.0,87.0,72.0,431,809.0,2.0,823,811.0,-12.0,0,0,,0.0,0.0,0.0,0.0,0.0,2015-04-01,0,0.0,0.0,0.0,0.0,0.0
2015,3,26,4,WN,1253,N261WN,PVD,MCO,835,830.0,-5.0,15.0,845.0,185.0,182.0,157.0,1072,1122.0,10.0,1140,1132.0,-8.0,0,0,,0.0,0.0,0.0,0.0,0.0,2015-03-26,0,0.0,0.0,0.0,0.0,0.0
2015,5,4,1,UA,1055,N73259,SAT,DEN,913,909.0,-4.0,10.0,919.0,136.0,139.0,114.0,794,1013.0,15.0,1029,1028.0,-1.0,0,0,,0.0,0.0,0.0,0.0,0.0,2015-05-04,0,0.0,0.0,0.0,0.0,0.0
2015,4,27,1,DL,2132,N347NW,ATL,SAT,944,946.0,2.0,26.0,1012.0,159.0,165.0,134.0,874,1126.0,5.0,1123,1131.0,8.0,0,0,,0.0,0.0,0.0,0.0,0.0,2015-04-27,0,0.0,0.0,0.0,0.0,0.0
2015,4,13,1,F9,718,N218FR,DEN,DCA,1135,1136.0,1.0,13.0,1149.0,194.0,183.0,164.0,1476,1633.0,6.0,1649,1639.0,-10.0,0,0,,0.0,0.0,0.0,0.0,0.0,2015-04-13,0,0.0,0.0,0.0,0.0,0.0
2015,3,29,7,WN,794,N215WN,MDW,DEN,1930,1933.0,3.0,11.0,1944.0,160.0,146.0,130.0,895,2054.0,5.0,2110,2059.0,-11.0,0,0,,0.0,0.0,0.0,0.0,0.0,2015-03-29,0,0.0,0.0,0.0,0.0,0.0
2015,4,27,1,DL,2283,N548US,DTW,ATL,600,558.0,-2.0,12.0,610.0,126.0,115.0,96.0,594,746.0,7.0,806,753.0,-13.0,0,0,,0.0,0.0,0.0,0.0,0.0,2015-04-27,0,0.0,0.0,0.0,0.0,0.0
2015,4,13,1,AS,67,N593AS,KTN,SIT,1648,1630.0,-18.0,18.0,1648.0,53.0,54.0,33.0,183,1721.0,3.0,1741,1724.0,-17.0,0,0,,0.0,0.0,0.0,0.0,0.0,2015-04-13,0,0.0,0.0,0.0,0.0,0.0
2015,4,7,2,EV,2549,N685AE,CRP,DFW,1917,1908.0,-9.0,22.0,1930.0,87.0,94.0,66.0,354,2036.0,6.0,2044,2042.0,-2.0,0,0,,0.0,0.0,0.0,0.0,0.0,2015-04-07,0,0.0,0.0,0.0,0.0,0.0
2015,3,30,1,OO,7394,N443SW,SLC,SGU,1345,1341.0,-4.0,21.0,1402.0,62.0,70.0,45.0,272,1447.0,4.0,1447,1451.0,4.0,0,0,,0.0,0.0,0.0,0.0,0.0,2015-03-30,0,0.0,0.0,0.0,0.0,0.0
2015,5,4,1,OO,4699,N8933B,MSP,RAP,1126,1122.0,-4.0,23.0,1145.0,104.0,117.0,90.0,489,1215.0,4.0,1210,1219.0,9.0,0,0,,0.0,0.0,0.0,0.0,0.0,2015-05-04,0,0.0,0.0,0.0,0.0,0.0
2015,4,12,7,WN,4569,N735SA,STL,MCO,2000,2023.0,23.0,10.0,2033.0,135.0,130.0,111.0,882,2324.0,9.0,2315,2333.0,18.0,0,0,,0.0,0.0,0.0,0.0,18.0,2015-04-12,1,0.0,0.0,0.0,0.0,78.26
2015,5,1,5,US,1820,N198UW,PHX,CLT,1410,1401.0,-9.0,31.0,1432.0,238.0,267.0,224.0,1773,2116.0,12.0,2108,2128.0,20.0,0,0,,20.0,0.0,0.0,0.0,0.0,2015-05-01,0,-222.22,-0.0,-0.0,-0.0,-0.0
2015,5,3,7,WN,207,N635SW,DAL,AUS,1620,1615.0,-5.0,9.0,1624.0,50.0,45.0,32.0,189,1656.0,4.0,1710,1700.0,-10.0,0,0,,0.0,0.0,0.0,0.0,0.0,2015-05-03,0,0.0,0.0,0.0,0.0,0.0
2015,4,26,7,EV,2504,N877AS,DFW,CAE,705,713.0,8.0,26.0,739.0,143.0,134.0,105.0,922,1024.0,3.0,1028,1027.0,-1.0,0,0,,0.0,0.0,0.0,0.0,0.0,2015-04-26,0,0.0,0.0,0.0,0.0,0.0
2015,4,2,4,AA,1462,N583AA,ONT,DFW,605,603.0,-2.0,18.0,621.0,182.0,171.0,145.0,1188,1046.0,8.0,1107,1054.0,-13.0,0,0,,0.0,0.0,0.0,0.0,0.0,2015-04-02,0,0.0,0.0,0.0,0.0,0.0
2015,4,20,1,DL,2275,N981DL,ATL,ORF,2045,2153.0,68.0,15.0,2208.0,98.0,89.0,70.0,516,2318.0,4.0,2223,2322.0,59.0,0,0,,0.0,0.0,59.0,0.0,0.0,2015-04-20,1,0.0,0.0,86.76,0.0,0.0
2015,4,5,7,WN,2324,N926WN,ORF,MDW,1710,1707.0,-3.0,9.0,1716.0,135.0,134.0,121.0,704,1817.0,4.0,1825,1821.0,-4.0,0,0,,0.0,0.0,0.0,0.0,0.0,2015-04-05,0,0.0,0.0,0.0,0.0,0.0
2015,4,12,7,WN,3707,N8631A,BWI,ECP,1640,1635.0,-5.0,12.0,1647.0,145.0,142.0,127.0,798,1754.0,3.0,1805,1757.0,-8.0,0,0,,0.0,0.0,0.0,0.0,0.0,2015-04-12,0,0.0,0.0,0.0,0.0,0.0
2015,4,30,4,WN,336,N953WN,FLL,BNA,2100,2050.0,-10.0,7.0,2057.0,140.0,127.0,110.0,793,2147.0,10.0,2220,2157.0,-23.0,0,0,,0.0,0.0,0.0,0.0,0.0,2015-04-30,0,0.0,0.0,0.0,0.0,0.0
2015,5,3,7,WN,2229,N725SW,BOS,MDW,1110,1109.0,-1.0,15.0,1124.0,160.0,144.0,121.0,861,1225.0,8.0,1250,1233.0,-17.0,0,0,,0.0,0.0,0.0,0.0,0.0,2015-05-03,0,0.0,0.0,0.0,0.0,0.0
2015,4,19,7,UA,362,N544UA,LIH,SFO,1310,1327.0,17.0,8.0,1335.0,316.0,293.0,281.0,2447,2116.0,4.0,2126,2120.0,-6.0,0,0,,0.0,0.0,0.0,0.0,0.0,2015-04-19,1,0.0,0.0,0.0,0.0,0.0
2015,5,5,2,EV,4114,N16525,IAH,AMA,900,856.0,-4.0,14.0,910.0,105.0,103.0,84.0,517,1034.0,5.0,1045,1039.0,-6.0,0,0,,0.0,0.0,0.0,0.0,0.0,2015-05-05,0,0.0,0.0,0.0,0.0,0.0
2015,5,2,6,DL,1283,N985AT,MOB,ATL,610,609.0,-1.0,8.0,617.0,72.0,62.0,48.0,302,805.0,6.0,822,811.0,-11.0,0,0,,0.0,0.0,0.0,0.0,0.0,2015-05-02,0,0.0,0.0,0.0,0.0,0.0
2015,5,2,6,US,2004,N127UW,PHL,DTW,2129,2207.0,38.0,9.0,2216.0,105.0,84.0,70.0,453,2326.0,5.0,2314,2331.0,17.0,0,0,,0.0,0.0,0.0,17.0,0.0,2015-05-02,1,0.0,0.0,0.0,44.74,0.0
2015,3,28,6,B6,889,N296JB,BOS,DCA,1419,1558.0,99.0,10.0,1608.0,98.0,80.0,68.0,399,1716.0,2.0,1557,1718.0,81.0,0,0,,0.0,0.0,2.0,79.0,0.0,2015-03-28,1,0.0,0.0,2.02,79.8,0.0
2015,4,8,3,US,1898,N174US,SEA,PHX,825,823.0,-2.0,16.0,839.0,163.0,160.0,140.0,1107,1059.0,4.0,1108,1103.0,-5.0,0,0,,0.0,0.0,0.0,0.0,0.0,2015-04-08,0,0.0,0.0,0.0,0.0,0.0
2015,4,9,4,HA,213,N492HA,HNL,LIH,1723,1720.0,-3.0,12.0,1732.0,37.0,41.0,24.0,102,1756.0,5.0,1800,1801.0,1.0,0,0,,0.0,0.0,0.0,0.0,0.0,2015-04-09,0,0.0,0.0,0.0,0.0,0.0
2015,4,25,6,DL,2319,N894AT,MSP,LGA,1505,1500.0,-5.0,11.0,1511.0,155.0,145.0,126.0,1020,1817.0,8.0,1840,1825.0,-15.0,0,0,,0.0,0.0,0.0,0.0,0.0,2015-04-25,0,0.0,0.0,0.0,0.0,0.0
2015,3,29,7,OO,6374,N982SW,LNK,DEN,1850,1836.0,-14.0,10.0,1846.0,95.0,87.0,68.0,423,1854.0,9.0,1925,1903.0,-22.0,0,0,,0.0,0.0,0.0,0.0,0.0,2015-03-29,0,0.0,0.0,0.0,0.0,0.0
2015,4,23,4,F9,1358,N929FR,PHX,IAH,1920,1932.0,12.0,12.0,1944.0,155.0,142.0,120.0,1009,2344.0,10.0,2355,2354.0,-1.0,0,0,,0.0,0.0,0.0,0.0,0.0,2015-04-23,0,0.0,0.0,0.0,0.0,0.0
2015,4,17,5,EV,5802,N14998,MKE,IAH,1751,1816.0,25.0,11.0,1827.0,179.0,170.0,150.0,984,2057.0,9.0,2050,2106.0,16.0,0,0,,13.0,0.0,0.0,3.0,0.0,2015-04-17,1,52.0,0.0,0.0,12.0,0.0
2015,4,17,5,B6,1534,N236JB,TPA,BDL,1410,1407.0,-3.0,14.0,1421.0,165.0,167.0,148.0,1111,1649.0,5.0,1655,1654.0,-1.0,0,0,,0.0,0.0,0.0,0.0,0.0,2015-04-17,0,0.0,0.0,0.0,0.0,0.0
2015,4,13,1,VX,221,N835VA,AUS,SFO,1640,1647.0,7.0,9.0,1656.0,230.0,219.0,197.0,1504,1813.0,13.0,1830,1826.0,-4.0,0,0,,0.0,0.0,0.0,0.0,0.0,2015-04-13,0,0.0,0.0,0.0,0.0,0.0
2015,4,18,6,MQ,3484,N523MQ,DFW,XNA,1130,1127.0,-3.0,16.0,1143.0,66.0,67.0,48.0,280,1231.0,3.0,1236,1234.0,-2.0,0,0,,0.0,0.0,0.0,0.0,0.0,2015-04-18,0,0.0,0.0,0.0,0.0,0.0
2015,4,22,3,US,1891,N700UW,PIT,CLT,1530,1526.0,-4.0,11.0,1537.0,90.0,88.0,65.0,366,1642.0,12.0,1700,1654.0,-6.0,0,0,,0.0,0.0,0.0,0.0,0.0,2015-04-22,0,0.0,0.0,0.0,0.0,0.0
2015,4,16,4,B6,33,N329JB,BTV,JFK,1347,1330.0,-17.0,9.0,1339.0,92.0,68.0,55.0,266,1434.0,4.0,1519,1438.0,-41.0,0,0,,0.0,0.0,0.0,0.0,0.0,2015-04-16,0,0.0,0.0,0.0,0.0,0.0
2015,4,23,4,AA,2275,N3AHAA,IAD,LAX,805,806.0,1.0,17.0,823.0,343.0,365.0,326.0,2288,1049.0,22.0,1048,1111.0,23.0,0,0,,23.0,0.0,0.0,0.0,0.0,2015-04-23,0,2300.0,0.0,0.0,0.0,0.0
2015,4,19,7,DL,1974,N6702,ATL,SNA,2010,2018.0,8.0,16.0,2034.0,297.0,270.0,250.0,1919,2144.0,4.0,2207,2148.0,-19.0,0,0,,0.0,0.0,0.0,0.0,0.0,2015-04-19,0,0.0,0.0,0.0,0.0,0.0
2015,4,6,1,OO,5298,N983SW,ORD,MKE,1645,1643.0,-2.0,11.0,1654.0,49.0,29.0,14.0,67,1708.0,4.0,1734,1712.0,-22.0,0,0,,0.0,0.0,0.0,0.0,0.0,2015-04-06,0,0.0,0.0,0.0,0.0,0.0
2015,5,4,1,OO,6428,N792SK,SAT,IAH,1154,1146.0,-8.0,21.0,1207.0,59.0,65.0,36.0,191,1243.0,8.0,1253,1251.0,-2.0,0,0,,0.0,0.0,0.0,0.0,0.0,2015-05-04,0,0.0,0.0,0.0,0.0,0.0
2015,4,20,1,HA,306,N492HA,HNL,OGG,737,729.0,-8.0,9.0,738.0,36.0,36.0,21.0,100,759.0,6.0,813,805.0,-8.0,0,0,,0.0,0.0,0.0,0.0,0.0,2015-04-20,0,0.0,0.0,0.0,0.0,0.0
2015,3,26,4,DL,476,N905DL,FLL,JFK,1500,1552.0,52.0,38.0,1630.0,182.0,186.0,142.0,1069,1852.0,6.0,1802,1858.0,56.0,0,0,,47.0,0.0,0.0,9.0,0.0,2015-03-26,1,90.38,0.0,0.0,17.31,0.0
2015,4,16,4,DL,1339,N907DE,ATL,CHA,2006,2031.0,25.0,10.0,2041.0,48.0,43.0,27.0,106,2108.0,6.0,2054,2114.0,20.0,0,0,,0.0,0.0,0.0,20.0,0.0,2015-04-16,1,0.0,0.0,0.0,80.0,0.0
2015,4,6,1,US,1851,N185UW,LGA,CLT,1710,1710.0,0.0,33.0,1743.0,123.0,118.0,81.0,544,1904.0,4.0,1913,1908.0,-5.0,0,0,,0.0,0.0,0.0,0.0,0.0,2015-04-06,0,0.0,0.0,0.0,0.0,0.0
2015,4,16,4,AS,515,N581AS,SNA,SEA,1725,1719.0,-6.0,11.0,1730.0,157.0,162.0,142.0,978,1952.0,9.0,2002,2001.0,-1.0,0,0,,0.0,0.0,0.0,0.0,0.0,2015-04-16,0,0.0,0.0,0.0,0.0,0.0
2015,4,14,2,DL,1918,N618DL,SNA,ATL,830,828.0,-2.0,9.0,837.0,250.0,242.0,225.0,1919,1522.0,8.0,1540,1530.0,-10.0,0,0,,0.0,0.0,0.0,0.0,0.0,2015-04-14,0,0.0,0.0,0.0,0.0,0.0
2015,3,31,2,WN,780,N665WN,BWI,RDU,1145,1157.0,12.0,11.0,1208.0,65.0,59.0,45.0,255,1253.0,3.0,1250,1256.0,6.0,0,0,,0.0,0.0,0.0,0.0,0.0,2015-03-31,0,0.0,0.0,0.0,0.0,0.0
2015,5,2,6,UA,622,N493UA,MCO,ORD,1414,1411.0,-3.0,9.0,1420.0,175.0,167.0,151.0,1005,1551.0,7.0,1609,1558.0,-11.0,0,0,,0.0,0.0,0.0,0.0,0.0,2015-05-02,0,0.0,0.0,0.0,0.0,0.0
2015,4,2,4,UA,1286,N69839,ORD,LAX,1008,1016.0,8.0,14.0,1030.0,277.0,300.0,272.0,1744,1302.0,14.0,1245,1316.0,31.0,0,0,,23.0,0.0,8.0,0.0,0.0,2015-04-02,0,287.5,0.0,100.0,0.0,0.0
2015,5,4,1,OO,5604,N701BR,ACV,SFO,600,554.0,-6.0,16.0,610.0,70.0,68.0,49.0,250,659.0,3.0,710,702.0,-8.0,0,0,,0.0,0.0,0.0,0.0,0.0,2015-05-04,0,0.0,0.0,0.0,0.0,0.0
2015,5,3,7,WN,2496,N725SW,SJC,SAN,2230,2251.0,21.0,9.0,2300.0,80.0,75.0,63.0,417,3.0,3.0,2350,6.0,16.0,0,0,,0.0,0.0,0.0,16.0,0.0,2015-05-03,1,0.0,0.0,0.0,76.19,0.0
2015,4,10,5,EV,5440,N854AS,ATL,BTR,1626,2003.0,217.0,40.0,2043.0,91.0,125.0,82.0,448,2105.0,3.0,1657,2108.0,251.0,0,0,,34.0,0.0,151.0,66.0,0.0,2015-04-10,1,15.67,0.0,69.59,30.41,0.0
2015,3,29,7,AA,2486,N3MBAA,MIA,SAT,1950,1946.0,-4.0,12.0,1958.0,199.0,176.0,160.0,1143,2138.0,4.0,2209,2142.0,-27.0,0,0,,0.0,0.0,0.0,0.0,0.0,2015-03-29,0,0.0,0.0,0.0,0.0,0.0
2015,4,15,3,EV,5163,N846AS,ATL,MGM,1855,1851.0,-4.0,11.0,1902.0,54.0,48.0,33.0,147,1835.0,4.0,1849,1839.0,-10.0,0,0,,0.0,0.0,0.0,0.0,0.0,2015-04-15,0,0.0,0.0,0.0,0.0,0.0
2015,4,28,2,MQ,2958,N674MQ,DFW,SGF,1539,1537.0,-2.0,17.0,1554.0,85.0,82.0,59.0,364,1653.0,6.0,1704,1659.0,-5.0,0,0,,0.0,0.0,0.0,0.0,0.0,2015-04-28,0,0.0,0.0,0.0,0.0,0.0
2015,5,1,5,MQ,3335,N818MQ,DFW,LEX,1020,1015.0,-5.0,21.0,1036.0,135.0,133.0,110.0,785,1326.0,2.0,1335,1328.0,-7.0,0,0,,0.0,0.0,0.0,0.0,0.0,2015-05-01,0,0.0,0.0,0.0,0.0,0.0
2015,4,28,2,MQ,3051,N655MQ,FNT,ORD,1914,1902.0,-12.0,19.0,1921.0,76.0,80.0,44.0,223,1905.0,17.0,1930,1922.0,-8.0,0,0,,0.0,0.0,0.0,0.0,0.0,2015-04-28,0,0.0,0.0,0.0,0.0,0.0
2015,4,21,2,OO,5171,N128SY,DFW,ORD,1420,1415.0,-5.0,15.0,1430.0,145.0,143.0,114.0,802,1624.0,14.0,1645,1638.0,-7.0,0,0,,0.0,0.0,0.0,0.0,0.0,2015-04-21,0,0.0,0.0,0.0,0.0,0.0
2015,4,5,7,B6,917,N587JB,BOS,JFK,546,544.0,-2.0,24.0,608.0,74.0,78.0,43.0,187,651.0,11.0,700,702.0,2.0,0,0,,0.0,0.0,0.0,0.0,0.0,2015-04-05,0,0.0,0.0,0.0,0.0,0.0
2015,4,1,3,AA,1364,N3FJAA,DFW,MIA,500,501.0,1.0,15.0,516.0,161.0,157.0,135.0,1121,831.0,7.0,841,838.0,-3.0,0,0,,0.0,0.0,0.0,0.0,0.0,2015-04-01,0,0.0,0.0,0.0,0.0,0.0
2015,4,12,7,US,2043,N747UW,CLT,PBI,1820,1843.0,23.0,21.0,1904.0,115.0,114.0,89.0,590,2033.0,4.0,2015,2037.0,22.0,0,0,,0.0,0.0,0.0,22.0,0.0,2015-04-12,1,0.0,0.0,0.0,95.65,0.0
2015,4,11,6,WN,1712,N715SW,FLL,BDL,940,936.0,-4.0,17.0,953.0,185.0,161.0,141.0,1173,1214.0,3.0,1245,1217.0,-28.0,0,0,,0.0,0.0,0.0,0.0,0.0,2015-04-11,0,0.0,0.0,0.0,0.0,0.0
2015,4,17,5,AA,139,N3FBAA,MIA,LAX,1225,1226.0,1.0,13.0,1239.0,348.0,357.0,336.0,2342,1515.0,8.0,1513,1523.0,10.0,0,0,,0.0,0.0,0.0,0.0,0.0,2015-04-17,0,0.0,0.0,0.0,0.0,0.0
2015,3,29,7,WN,3660,N7713A,DEN,TUS,2200,2153.0,-7.0,8.0,2201.0,115.0,108.0,95.0,639,2236.0,5.0,2255,2241.0,-14.0,0,0,,0.0,0.0,0.0,0.0,0.0,2015-03-29,0,0.0,0.0,0.0,0.0,0.0
2015,3,28,6,EV,5024,N712EV,DTW,MSN,1205,1425.0,140.0,26.0,1451.0,77.0,79.0,49.0,311,1440.0,4.0,1222,1444.0,142.0,0,0,,2.0,0.0,0.0,140.0,0.0,2015-03-28,1,1.43,0.0,0.0,100.0,0.0
2015,5,2,6,DL,699,N961DN,CMH,ATL,1815,1810.0,-5.0,19.0,1829.0,99.0,91.0,63.0,447,1932.0,9.0,1954,1941.0,-13.0,0,0,,0.0,0.0,0.0,0.0,0.0,2015-05-02,0,0.0,0.0,0.0,0.0,0.0
2015,5,4,1,WN,2632,N8602F,MDW,LAX,1525,1545.0,20.0,12.0,1557.0,265.0,250.0,226.0,1750,1743.0,12.0,1750,1755.0,5.0,0,0,,0.0,0.0,0.0,0.0,0.0,2015-05-04,1,0.0,0.0,0.0,0.0,0.0
2015,4,4,6,OO,4502,N641CA,ORD,MSP,1300,1256.0,-4.0,18.0,1314.0,92.0,88.0,65.0,334,1419.0,5.0,1432,1424.0,-8.0,0,0,,0.0,0.0,0.0,0.0,0.0,2015-04-04,0,0.0,0.0,0.0,0.0,0.0
2015,3,28,6,EV,5917,N29906,JAN,ORD,652,654.0,2.0,8.0,702.0,133.0,130.0,112.0,677,854.0,10.0,905,904.0,-1.0,0,0,,0.0,0.0,0.0,0.0,0.0,2015-03-28,0,0.0,0.0,0.0,0.0,0.0
2015,5,3,7,DL,2438,N962DL,ATL,DCA,920,920.0,0.0,11.0,931.0,102.0,97.0,82.0,547,1053.0,4.0,1102,1057.0,-5.0,0,0,,0.0,0.0,0.0,0.0,0.0,2015-05-03,0,0.0,0.0,0.0,0.0,0.0
2015,4,11,6,OO,5628,N794SK,RNO,SFO,1040,1035.0,-5.0,10.0,1045.0,78.0,69.0,51.0,192,1136.0,8.0,1158,1144.0,-14.0,0,0,,0.0,0.0,0.0,0.0,0.0,2015-04-11,0,0.0,0.0,0.0,0.0,0.0
2015,4,4,6,NK,643,N519NK,DTW,TPA,1150,1148.0,-2.0,11.0,1159.0,155.0,145.0,125.0,983,1404.0,9.0,1425,1413.0,-12.0,0,0,,0.0,0.0,0.0,0.0,0.0,2015-04-04,0,0.0,0.0,0.0,0.0,0.0
2015,4,25,6,AA,2352,N3KWAA,ORD,SFO,1230,1228.0,-2.0,27.0,1255.0,292.0,280.0,246.0,1846,1501.0,7.0,1522,1508.0,-14.0,0,0,,0.0,0.0,0.0,0.0,0.0,2015-04-25,0,0.0,0.0,0.0,0.0,0.0
2015,3,30,1,B6,2324,N283JB,MCO,DCA,853,848.0,-5.0,11.0,859.0,126.0,117.0,102.0,759,1041.0,4.0,1059,1045.0,-14.0,0,0,,0.0,0.0,0.0,0.0,0.0,2015-03-30,0,0.0,0.0,0.0,0.0,0.0
2015,4,15,3,DL,1360,N368NB,BWI,MSP,1430,1432.0,2.0,8.0,1440.0,159.0,142.0,130.0,936,1550.0,4.0,1609,1554.0,-15.0,0,0,,0.0,0.0,0.0,0.0,0.0,2015-04-15,0,0.0,0.0,0.0,0.0,0.0
2015,4,7,2,OO,5515,N920SW,DEN,ISN,1404,1350.0,-14.0,13.0,1403.0,104.0,95.0,75.0,576,1618.0,7.0,1648,1625.0,-23.0,0,0,,0.0,0.0,0.0,0.0,0.0,2015-04-07,0,0.0,0.0,0.0,0.0,0.0
2015,4,6,1,WN,683,N944WN,CMH,STL,910,905.0,-5.0,8.0,913.0,90.0,79.0,67.0,409,920.0,4.0,940,924.0,-16.0,0,0,,0.0,0.0,0.0,0.0,0.0,2015-04-06,0,0.0,0.0,0.0,0.0,0.0
2015,4,20,1,B6,94,N564JB,MCO,HPN,1147,1218.0,31.0,12.0,1230.0,159.0,144.0,128.0,972,1438.0,4.0,1426,1442.0,16.0,0,0,,0.0,0.0,4.0,12.0,0.0,2015-04-20,1,0.0,0.0,12.9,38.71,0.0
2015,4,29,3,WN,244,N705SW,SNA,LAS,2125,2121.0,-4.0,5.0,2126.0,65.0,54.0,43.0,226,2209.0,6.0,2230,2215.0,-15.0,0,0,,0.0,0.0,0.0,0.0,0.0,2015-04-29,0,0.0,0.0,0.0,0.0,0.0
2015,4,3,5,WN,379,N713SW,MDW,TPA,535,530.0,-5.0,13.0,543.0,150.0,141.0,124.0,997,847.0,4.0,905,851.0,-14.0,0,0,,0.0,0.0,0.0,0.0,0.0,2015-04-03,0,0.0,0.0,0.0,0.0,0.0
2015,4,30,4,MQ,3275,N627MQ,DFW,TYR,1350,1359.0,9.0,22.0,1421.0,50.0,53.0,25.0,102,1446.0,6.0,1440,1452.0,12.0,0,0,,0.0,0.0,0.0,0.0,0.0,2015-04-30,0,0.0,0.0,0.0,0.0,0.0
2015,4,5,7,WN,146,N202WN,DEN,LAS,2050,2041.0,-9.0,8.0,2049.0,120.0,114.0,98.0,628,2127.0,8.0,2150,2135.0,-15.0,0,0,,0.0,0.0,0.0,0.0,0.0,2015-04-05,0,0.0,0.0,0.0,0.0,0.0
2015,5,3,7,MQ,3447,N620MQ,TOL,ORD,1449,1446.0,-3.0,11.0,1457.0,76.0,61.0,40.0,213,1437.0,10.0,1505,1447.0,-18.0,0,0,,0.0,0.0,0.0,0.0,0.0,2015-05-03,0,0.0,0.0,0.0,0.0,0.0
2015,3,28,6,EV,5192,N132EV,JAN,ATL,1558,1553.0,-5.0,17.0,1610.0,80.0,84.0,56.0,341,1806.0,11.0,1818,1817.0,-1.0,0,0,,0.0,0.0,0.0,0.0,0.0,2015-03-28,0,0.0,0.0,0.0,0.0,0.0
2015,4,13,1,EV,6025,N15572,ORD,GSP,1415,1408.0,-7.0,23.0,1431.0,109.0,122.0,92.0,578,1703.0,7.0,1704,1710.0,6.0,0,0,,0.0,0.0,0.0,0.0,0.0,2015-04-13,0,0.0,0.0,0.0,0.0,0.0
2015,4,23,4,EV,4543,N11194,STL,EWR,1547,1546.0,-1.0,8.0,1554.0,148.0,146.0,119.0,872,1853.0,19.0,1915,1912.0,-3.0,0,0,,0.0,0.0,0.0,0.0,0.0,2015-04-23,0,0.0,0.0,0.0,0.0,0.0
2015,4,14,2,US,2008,N280AY,MCO,PHL,1935,1928.0,-7.0,11.0,1939.0,143.0,141.0,122.0,861,2141.0,8.0,2158,2149.0,-9.0,0,0,,0.0,0.0,0.0,0.0,0.0,2015-04-14,0,0.0,0.0,0.0,0.0,0.0
2015,4,4,6,US,1747,N521UW,TPA,CLT,1715,1720.0,5.0,9.0,1729.0,102.0,97.0,80.0,507,1849.0,8.0,1857,1857.0,0.0,0,0,,0.0,0.0,0.0,0.0,0.0,2015-04-04,0,0.0,0.0,0.0,0.0,0.0
2015,5,3,7,UA,1666,N77431,IAH,EWR,755,803.0,8.0,10.0,813.0,215.0,203.0,184.0,1400,1217.0,9.0,1230,1226.0,-4.0,0,0,,0.0,0.0,0.0,0.0,0.0,2015-05-03,0,0.0,0.0,0.0,0.0,0.0
2015,4,19,7,EV,3265,N14905,CLL,IAH,600,552.0,-8.0,10.0,602.0,40.0,37.0,18.0,74,620.0,9.0,640,629.0,-11.0,0,0,,0.0,0.0,0.0,0.0,0.0,2015-04-19,0,0.0,0.0,0.0,0.0,0.0
2015,4,2,4,WN,924,N482WN,SAT,LAS,1455,1512.0,17.0,11.0,1523.0,175.0,187.0,172.0,1069,1615.0,4.0,1550,1619.0,29.0,0,0,,12.0,0.0,0.0,17.0,0.0,2015-04-02,1,70.59,0.0,0.0,100.0,0.0
2015,4,21,2,DL,2625,N534US,ATL,MSP,733,732.0,-1.0,15.0,747.0,156.0,145.0,125.0,907,852.0,5.0,909,857.0,-12.0,0,0,,0.0,0.0,0.0,0.0,0.0,2015-04-21,0,0.0,0.0,0.0,0.0,0.0
2015,4,4,6,EV,4485,N16178,IAH,RDU,720,713.0,-7.0,13.0,726.0,156.0,143.0,124.0,1042,1030.0,6.0,1056,1036.0,-20.0,0,0,,0.0,0.0,0.0,0.0,0.0,2015-04-04,0,0.0,0.0,0.0,0.0,0.0
2015,4,4,6,OO,5406,N495CA,SFO,RDM,1615,1607.0,-8.0,12.0,1619.0,93.0,79.0,62.0,462,1721.0,5.0,1748,1726.0,-22.0,0,0,,0.0,0.0,0.0,0.0,0.0,2015-04-04,0,0.0,0.0,0.0,0.0,0.0
2015,4,30,4,DL,819,N365NW,BOS,MSP,810,808.0,-2.0,15.0,823.0,197.0,171.0,151.0,1124,954.0,5.0,1027,959.0,-28.0,0,0,,0.0,0.0,0.0,0.0,0.0,2015-04-30,0,0.0,0.0,0.0,0.0,0.0
2015,5,3,7,EV,5227,N848AS,TRI,ATL,1139,1131.0,-8.0,15.0,1146.0,61.0,60.0,39.0,227,1225.0,6.0,1240,1231.0,-9.0,0,0,,0.0,0.0,0.0,0.0,0.0,2015-05-03,0,0.0,0.0,0.0,0.0,0.0
2015,3,30,1,OO,7365,N8933B,ABR,MSP,515,506.0,-9.0,12.0,518.0,70.0,63.0,46.0,257,604.0,5.0,625,609.0,-16.0,0,0,,0.0,0.0,0.0,0.0,0.0,2015-03-30,0,0.0,0.0,0.0,0.0,0.0
2015,3,26,4,AA,2309,N503AA,DFW,ORD,1320,1317.0,-3.0,15.0,1332.0,139.0,119.0,97.0,802,1509.0,7.0,1539,1516.0,-23.0,0,0,,0.0,0.0,0.0,0.0,0.0,2015-03-26,0,0.0,0.0,0.0,0.0,0.0
2015,4,24,5,WN,1073,N634SW,SAT,DAL,2055,2120.0,25.0,10.0,2130.0,60.0,86.0,47.0,248,2217.0,29.0,2155,2246.0,51.0,0,0,,26.0,0.0,0.0,25.0,0.0,2015-04-24,1,104.0,0.0,0.0,100.0,0.0
2015,3,29,7,AA,942,N3ELAA,JFK,MIA,1049,1119.0,30.0,16.0,1135.0,189.0,163.0,141.0,1089,1356.0,6.0,1358,1402.0,4.0,0,0,,0.0,0.0,0.0,0.0,0.0,2015-03-29,1,0.0,0.0,0.0,0.0,0.0
2015,4,26,7,US,450,N921US,BOS,PHX,950,947.0,-3.0,21.0,1008.0,334.0,327.0,298.0,2300,1206.0,8.0,1224,1214.0,-10.0,0,0,,0.0,0.0,0.0,0.0,0.0,2015-04-26,0,0.0,0.0,0.0,0.0,0.0
2015,4,5,7,UA,1448,N27477,IAD,MCO,830,828.0,-2.0,25.0,853.0,144.0,139.0,106.0,758,1039.0,8.0,1054,1047.0,-7.0,0,0,,0.0,0.0,0.0,0.0,0.0,2015-04-05,0,0.0,0.0,0.0,0.0,0.0
2015,4,29,3,DL,2270,N301NB,MCI,DTW,1024,1016.0,-8.0,12.0,1028.0,110.0,107.0,91.0,629,1259.0,4.0,1314,1303.0,-11.0,0,0,,0.0,0.0,0.0,0.0,0.0,2015-04-29,0,0.0,0.0,0.0,0.0,0.0
2015,4,25,6,EV,4603,N17185,EWR,CMH,929,1016.0,47.0,15.0,1031.0,108.0,116.0,92.0,463,1203.0,9.0,1117,1212.0,55.0,0,0,,8.0,0.0,46.0,1.0,0.0,2015-04-25,1,17.02,0.0,97.87,2.13,0.0
2015,4,2,4,US,1882,N710UW,CLT,CLE,1310,1305.0,-5.0,14.0,1319.0,95.0,86.0,65.0,430,1424.0,7.0,1445,1431.0,-14.0,0,0,,0.0,0.0,0.0,0.0,0.0,2015-04-02,0,0.0,0.0,0.0,0.0,0.0
2015,4,29,3,F9,261,N927FR,DEN,SNA,1050,1056.0,6.0,11.0,1107.0,140.0,127.0,111.0,846,1158.0,5.0,1210,1203.0,-7.0,0,0,,0.0,0.0,0.0,0.0,0.0,2015-04-29,0,0.0,0.0,0.0,0.0,0.0
2015,4,3,5,MQ,3309,N618MQ,CWA,ORD,1454,1446.0,-8.0,6.0,1452.0,71.0,69.0,51.0,212,1543.0,12.0,1605,1555.0,-10.0,0,0,,0.0,0.0,0.0,0.0,0.0,2015-04-03,0,0.0,0.0,0.0,0.0,0.0
2015,4,3,5,UA,1668,N27213,EWR,SFO,1409,1442.0,33.0,14.0,1456.0,393.0,399.0,379.0,2565,1815.0,6.0,1742,1821.0,39.0,0,0,,6.0,0.0,21.0,12.0,0.0,2015-04-03,1,18.18,0.0,63.64,36.36,0.0
2015,3,31,2,WN,4738,N8640D,STL,OMA,2205,2157.0,-8.0,8.0,2205.0,70.0,65.0,54.0,342,2259.0,3.0,2315,2302.0,-13.0,0,0,,0.0,0.0,0.0,0.0,0.0,2015-03-31,0,0.0,0.0,0.0,0.0,0.0
2015,4,17,5,EV,4528,N13994,DCA,EWR,1114,1104.0,-10.0,54.0,1158.0,76.0,110.0,48.0,199,1246.0,8.0,1230,1254.0,24.0,0,0,,24.0,0.0,0.0,0.0,0.0,2015-04-17,0,-240.0,-0.0,-0.0,-0.0,-0.0
2015,4,23,4,AA,2222,N4WLAA,AUS,DFW,1430,1435.0,5.0,11.0,1446.0,66.0,66.0,44.0,190,1530.0,11.0,1536,1541.0,5.0,0,0,,0.0,0.0,0.0,0.0,0.0,2015-04-23,0,0.0,0.0,0.0,0.0,0.0
2015,4,17,5,DL,1247,N922DL,FLL,LGA,1900,1851.0,-9.0,21.0,1912.0,179.0,172.0,143.0,1076,2135.0,8.0,2159,2143.0,-16.0,0,0,,0.0,0.0,0.0,0.0,0.0,2015-04-17,0,0.0,0.0,0.0,0.0,0.0
2015,3,27,5,US,1941,N184US,PHL,LAX,2025,2034.0,9.0,21.0,2055.0,369.0,343.0,307.0,2402,2302.0,15.0,2334,2317.0,-17.0,0,0,,0.0,0.0,0.0,0.0,0.0,2015-03-27,0,0.0,0.0,0.0,0.0,0.0
2015,4,10,5,UA,1687,N76519,DEN,PHL,1802,1819.0,17.0,11.0,1830.0,216.0,188.0,169.0,1558,2319.0,8.0,2338,2327.0,-11.0,0,0,,0.0,0.0,0.0,0.0,0.0,2015-04-10,1,0.0,0.0,0.0,0.0,0.0
2015,4,12,7,WN,761,N923WN,FLL,TPA,1205,1201.0,-4.0,19.0,1220.0,70.0,62.0,38.0,197,1258.0,5.0,1315,1303.0,-12.0,0,0,,0.0,0.0,0.0,0.0,0.0,2015-04-12,0,0.0,0.0,0.0,0.0,0.0
2015,4,11,6,DL,2327,N671DN,ATL,FLL,1915,1914.0,-1.0,14.0,1928.0,110.0,100.0,82.0,581,2050.0,4.0,2105,2054.0,-11.0,0,0,,0.0,0.0,0.0,0.0,0.0,2015-04-11,0,0.0,0.0,0.0,0.0,0.0
2015,4,12,7,MQ,2954,N822MQ,ORD,CVG,1520,1520.0,0.0,14.0,1534.0,80.0,61.0,43.0,265,1717.0,4.0,1740,1721.0,-19.0,0,0,,0.0,0.0,0.0,0.0,0.0,2015-04-12,0,0.0,0.0,0.0,0.0,0.0
2015,4,6,1,WN,1440,N263WN,BWI,MSY,1550,1607.0,17.0,9.0,1616.0,180.0,157.0,145.0,998,1741.0,3.0,1750,1744.0,-6.0,0,0,,0.0,0.0,0.0,0.0,0.0,2015-04-06,1,0.0,0.0,0.0,0.0,0.0
2015,5,1,5,WN,597,N234WN,BHM,BWI,625,622.0,-3.0,10.0,632.0,120.0,112.0,98.0,682,910.0,4.0,925,914.0,-11.0,0,0,,0.0,0.0,0.0,0.0,0.0,2015-05-01,0,0.0,0.0,0.0,0.0,0.0
2015,4,16,4,AA,1414,N009AA,MIA,ATL,1955,2005.0,10.0,36.0,2041.0,121.0,137.0,89.0,594,2210.0,12.0,2156,2222.0,26.0,0,0,,16.0,0.0,10.0,0.0,0.0,2015-04-16,0,160.0,0.0,100.0,0.0,0.0
2015,4,3,5,WN,582,N563WN,MDW,OMA,2225,2220.0,-5.0,9.0,2229.0,85.0,82.0,70.0,423,2339.0,3.0,2350,2342.0,-8.0,0,0,,0.0,0.0,0.0,0.0,0.0,2015-04-03,0,0.0,0.0,0.0,0.0,0.0
2015,4,1,3,EV,5779,N33182,IAH,HRL,906,859.0,-7.0,17.0,916.0,79.0,76.0,52.0,295,1008.0,7.0,1025,1015.0,-10.0,0,0,,0.0,0.0,0.0,0.0,0.0,2015-04-01,0,0.0,0.0,0.0,0.0,0.0
2015,4,22,3,DL,1841,N987AT,SYR,ATL,1754,1749.0,-5.0,11.0,1800.0,150.0,134.0,117.0,794,1957.0,6.0,2024,2003.0,-21.0,0,0,,0.0,0.0,0.0,0.0,0.0,2015-04-22,0,0.0,0.0,0.0,0.0,0.0
2015,4,27,1,UA,1271,N37470,ORD,BWI,1740,1738.0,-2.0,15.0,1753.0,122.0,117.0,96.0,622,2029.0,6.0,2042,2035.0,-7.0,0,0,,0.0,0.0,0.0,0.0,0.0,2015-04-27,0,0.0,0.0,0.0,0.0,0.0
2015,4,15,3,AA,170,N3JLAA,LAX,LAS,1345,1346.0,1.0,19.0,1405.0,75.0,74.0,45.0,236,1450.0,10.0,1500,1500.0,0.0,0,0,,0.0,0.0,0.0,0.0,0.0,2015-04-15,0,0.0,0.0,0.0,0.0,0.0
2015,3,27,5,OO,5321,N593ML,ORD,DLH,2200,2154.0,-6.0,15.0,2209.0,95.0,90.0,67.0,397,2316.0,8.0,2335,2324.0,-11.0,0,0,,0.0,0.0,0.0,0.0,0.0,2015-03-27,0,0.0,0.0,0.0,0.0,0.0
2015,4,27,1,OO,6496,N983CA,LAX,COS,2003,1957.0,-6.0,14.0,2011.0,136.0,138.0,119.0,833,2310.0,5.0,2319,2315.0,-4.0,0,0,,0.0,0.0,0.0,0.0,0.0,2015-04-27,0,0.0,0.0,0.0,0.0,0.0
2015,4,6,1,MQ,3697,N530MQ,MAF,DFW,815,810.0,-5.0,11.0,821.0,72.0,88.0,52.0,309,913.0,25.0,927,938.0,11.0,0,0,,0.0,0.0,0.0,0.0,0.0,2015-04-06,0,0.0,0.0,0.0,0.0,0.0
2015,4,21,2,WN,1090,N460WN,MDW,LAS,535,531.0,-4.0,10.0,541.0,230.0,221.0,204.0,1521,705.0,7.0,725,712.0,-13.0,0,0,,0.0,0.0,0.0,0.0,0.0,2015-04-21,0,0.0,0.0,0.0,0.0,0.0
2015,3,31,2,AA,5,N387AA,DFW,HNL,1350,1356.0,6.0,19.0,1415.0,512.0,527.0,502.0,3784,1737.0,6.0,1722,1743.0,21.0,0,0,,15.0,0.0,6.0,0.0,0.0,2015-03-31,0,250.0,0.0,100.0,0.0,0.0
2015,4,6,1,UA,758,N587UA,SFO,JFK,707,703.0,-4.0,28.0,731.0,339.0,326.0,283.0,2586,1514.0,15.0,1546,1529.0,-17.0,0,0,,0.0,0.0,0.0,0.0,0.0,2015-04-06,0,0.0,0.0,0.0,0.0,0.0
2015,4,29,3,MQ,3091,N623MQ,JFK,CVG,1455,1456.0,1.0,37.0,1533.0,139.0,132.0,87.0,589,1700.0,8.0,1714,1708.0,-6.0,0,0,,0.0,0.0,0.0,0.0,0.0,2015-04-29,0,0.0,0.0,0.0,0.0,0.0
2015,4,16,4,AA,2251,N5CNAA,BOS,DFW,1240,1239.0,-1.0,22.0,1301.0,259.0,264.0,229.0,1562,1550.0,13.0,1559,1603.0,4.0,0,0,,0.0,0.0,0.0,0.0,0.0,2015-04-16,0,0.0,0.0,0.0,0.0,0.0
2015,4,14,2,AS,588,N520AS,PDX,PSP,1655,1724.0,29.0,11.0,1735.0,136.0,125.0,110.0,873,1925.0,4.0,1911,1929.0,18.0,0,0,,0.0,0.0,18.0,0.0,0.0,2015-04-14,1,0.0,0.0,62.07,0.0,0.0
2015,5,2,6,OO,5613,N131SY,LAX,SFO,605,605.0,0.0,13.0,618.0,88.0,75.0,57.0,337,715.0,5.0,733,720.0,-13.0,0,0,,0.0,0.0,0.0,0.0,0.0,2015-05-02,0,0.0,0.0,0.0,0.0,0.0
2015,4,17,5,AS,621,N471AS,LAS,PDX,1950,1955.0,5.0,16.0,2011.0,134.0,129.0,110.0,763,2201.0,3.0,2204,2204.0,0.0,0,0,,0.0,0.0,0.0,0.0,0.0,2015-04-17,0,0.0,0.0,0.0,0.0,0.0
2015,4,8,3,WN,728,N353SW,MCO,BUF,1530,1538.0,8.0,13.0,1551.0,155.0,151.0,134.0,1011,1805.0,4.0,1805,1809.0,4.0,0,0,,0.0,0.0,0.0,0.0,0.0,2015-04-08,0,0.0,0.0,0.0,0.0,0.0
2015,4,17,5,B6,490,N309JB,DCA,BOS,1241,1239.0,-2.0,11.0,1250.0,84.0,86.0,70.0,399,1400.0,5.0,1405,1405.0,0.0,0,0,,0.0,0.0,0.0,0.0,0.0,2015-04-17,0,0.0,0.0,0.0,0.0,0.0
2015,4,22,3,WN,807,N8603F,ABQ,MDW,1615,1615.0,0.0,13.0,1628.0,165.0,148.0,130.0,1121,1938.0,5.0,2000,1943.0,-17.0,0,0,,0.0,0.0,0.0,0.0,0.0,2015-04-22,0,0.0,0.0,0.0,0.0,0.0
2015,3,30,1,AA,1399,N581AA,DFW,STL,1510,1505.0,-5.0,13.0,1518.0,108.0,96.0,81.0,550,1639.0,2.0,1658,1641.0,-17.0,0,0,,0.0,0.0,0.0,0.0,0.0,2015-03-30,0,0.0,0.0,0.0,0.0,0.0
2015,4,13,1,UA,284,N485UA,DTW,IAH,545,537.0,-8.0,10.0,547.0,183.0,197.0,173.0,1075,740.0,14.0,748,754.0,6.0,0,0,,0.0,0.0,0.0,0.0,0.0,2015-04-13,0,0.0,0.0,0.0,0.0,0.0
2015,4,10,5,OO,4707,N445SW,XNA,CVG,1645,1641.0,-4.0,13.0,1654.0,94.0,94.0,75.0,562,1909.0,6.0,1919,1915.0,-4.0,0,0,,0.0,0.0,0.0,0.0,0.0,2015-04-10,0,0.0,0.0,0.0,0.0,0.0
2015,4,16,4,AA,2423,N471AA,CLE,DFW,747,744.0,-3.0,11.0,755.0,183.0,182.0,159.0,1021,934.0,12.0,950,946.0,-4.0,0,0,,0.0,0.0,0.0,0.0,0.0,2015-04-16,0,0.0,0.0,0.0,0.0,0.0
2015,4,2,4,DL,2307,N946DL,ATL,SAV,1918,1929.0,11.0,11.0,1940.0,69.0,52.0,36.0,214,2016.0,5.0,2027,2021.0,-6.0,0,0,,0.0,0.0,0.0,0.0,0.0,2015-04-02,0,0.0,0.0,0.0,0.0,0.0
2015,5,1,5,DL,850,N997DL,IAD,ATL,944,949.0,5.0,10.0,959.0,104.0,91.0,72.0,534,1111.0,9.0,1128,1120.0,-8.0,0,0,,0.0,0.0,0.0,0.0,0.0,2015-05-01,0,0.0,0.0,0.0,0.0,0.0
2015,4,22,3,EV,3925,N12157,BTR,IAH,1713,1706.0,-7.0,9.0,1715.0,71.0,67.0,52.0,253,1807.0,6.0,1824,1813.0,-11.0,0,0,,0.0,0.0,0.0,0.0,0.0,2015-04-22,0,0.0,0.0,0.0,0.0,0.0
2015,5,4,1,OO,5496,N763SK,DEN,FSD,954,951.0,-3.0,15.0,1006.0,94.0,85.0,66.0,483,1212.0,4.0,1228,1216.0,-12.0,0,0,,0.0,0.0,0.0,0.0,0.0,2015-05-04,0,0.0,0.0,0.0,0.0,0.0
2015,4,21,2,DL,1074,N892AT,MSP,OMA,1735,1737.0,2.0,37.0,1814.0,65.0,84.0,44.0,282,1858.0,3.0,1840,1901.0,21.0,0,0,,21.0,0.0,0.0,0.0,0.0,2015-04-21,0,1050.0,0.0,0.0,0.0,0.0
2015,4,29,3,UA,318,N422UA,DEN,OMA,2002,1952.0,-10.0,23.0,2015.0,85.0,91.0,66.0,472,2221.0,2.0,2227,2223.0,-4.0,0,0,,0.0,0.0,0.0,0.0,0.0,2015-04-29,0,0.0,0.0,0.0,0.0,0.0
2015,4,28,2,MQ,3502,N824MQ,DFW,TLH,1820,1817.0,-3.0,17.0,1834.0,132.0,112.0,90.0,767,2104.0,5.0,2132,2109.0,-23.0,0,0,,0.0,0.0,0.0,0.0,0.0,2015-04-28,0,0.0,0.0,0.0,0.0,0.0
2015,4,6,1,EV,5988,N12160,SDF,DEN,1648,1701.0,13.0,12.0,1713.0,190.0,179.0,157.0,1024,1750.0,10.0,1758,1800.0,2.0,0,0,,0.0,0.0,0.0,0.0,0.0,2015-04-06,0,0.0,0.0,0.0,0.0,0.0
2015,4,10,5,UA,417,N852UA,IND,ORD,1637,1725.0,48.0,18.0,1743.0,69.0,59.0,37.0,177,1720.0,4.0,1646,1724.0,38.0,0,0,,0.0,0.0,4.0,34.0,0.0,2015-04-10,1,0.0,0.0,8.33,70.83,0.0
2015,4,1,3,B6,189,N806JB,JFK,SAN,925,920.0,-5.0,17.0,937.0,372.0,348.0,328.0,2446,1205.0,3.0,1237,1208.0,-29.0,0,0,,0.0,0.0,0.0,0.0,0.0,2015-04-01,0,0.0,0.0,0.0,0.0,0.0
2015,3,30,1,WN,4479,N419WN,PIT,MDW,650,648.0,-2.0,8.0,656.0,95.0,91.0,69.0,402,705.0,14.0,725,719.0,-6.0,0,0,,0.0,0.0,0.0,0.0,0.0,2015-03-30,0,0.0,0.0,0.0,0.0,0.0
2015,5,2,6,B6,427,N231JB,BOS,BWI,810,809.0,-1.0,27.0,836.0,93.0,95.0,63.0,369,939.0,5.0,943,944.0,1.0,0,0,,0.0,0.0,0.0,0.0,0.0,2015-05-02,0,0.0,0.0,0.0,0.0,0.0
2015,4,6,1,WN,225,N8649A,BWI,MDW,1705,1703.0,-2.0,20.0,1723.0,130.0,127.0,103.0,611,1806.0,4.0,1815,1810.0,-5.0,0,0,,0.0,0.0,0.0,0.0,0.0,2015-04-06,0,0.0,0.0,0.0,0.0,0.0
2015,4,15,3,EV,4901,N181PQ,GNV,ATL,615,610.0,-5.0,12.0,622.0,74.0,66.0,46.0,300,708.0,8.0,729,716.0,-13.0,0,0,,0.0,0.0,0.0,0.0,0.0,2015-04-15,0,0.0,0.0,0.0,0.0,0.0
2015,4,13,1,MQ,3629,N628MQ,ORD,ALO,1335,1330.0,-5.0,8.0,1338.0,73.0,57.0,44.0,234,1422.0,5.0,1448,1427.0,-21.0,0,0,,0.0,0.0,0.0,0.0,0.0,2015-04-13,0,0.0,0.0,0.0,0.0,0.0
2015,3,30,1,OO,6278,N792SK,DEN,HDN,755,832.0,37.0,18.0,850.0,54.0,48.0,26.0,141,916.0,4.0,849,920.0,31.0,0,0,,0.0,0.0,31.0,0.0,0.0,2015-03-30,1,0.0,0.0,83.78,0.0,0.0
2015,5,4,1,EV,2500,N877AS,SPS,DFW,530,527.0,-3.0,17.0,544.0,49.0,47.0,24.0,113,608.0,6.0,619,614.0,-5.0,0,0,,0.0,0.0,0.0,0.0,0.0,2015-05-04,0,0.0,0.0,0.0,0.0,0.0
2015,4,6,1,OO,2761,N906SW,PHX,TUS,1030,1027.0,-3.0,30.0,1057.0,51.0,62.0,29.0,110,1126.0,3.0,1121,1129.0,8.0,0,0,,0.0,0.0,0.0,0.0,0.0,2015-04-06,0,0.0,0.0,0.0,0.0,0.0
2015,5,1,5,B6,1580,N193JB,FLL,DCA,1600,1557.0,-3.0,13.0,1610.0,148.0,131.0,115.0,899,1805.0,3.0,1828,1808.0,-20.0,0,0,,0.0,0.0,0.0,0.0,0.0,2015-05-01,0,0.0,0.0,0.0,0.0,0.0
2015,4,3,5,EV,4906,N861AS,DTW,PIA,1521,1952.0,271.0,16.0,2008.0,78.0,81.0,63.0,346,2011.0,2.0,1539,2013.0,274.0,0,0,,3.0,0.0,271.0,0.0,0.0,2015-04-03,1,1.11,0.0,100.0,0.0,0.0
2015,4,28,2,DL,1761,N928DN,ATL,PHL,1245,1241.0,-4.0,16.0,1257.0,126.0,108.0,88.0,666,1425.0,4.0,1451,1429.0,-22.0,0,0,,0.0,0.0,0.0,0.0,0.0,2015-04-28,0,0.0,0.0,0.0,0.0,0.0
2015,3,29,7,AA,1033,N3GSAA,DCA,DFW,1025,1022.0,-3.0,14.0,1036.0,208.0,185.0,157.0,1192,1213.0,14.0,1253,1227.0,-26.0,0,0,,0.0,0.0,0.0,0.0,0.0,2015-03-29,0,0.0,0.0,0.0,0.0,0.0
2015,4,24,5,DL,1188,N923AT,MSP,PHL,1016,1015.0,-1.0,18.0,1033.0,152.0,137.0,116.0,980,1329.0,3.0,1348,1332.0,-16.0,0,0,,0.0,0.0,0.0,0.0,0.0,2015-04-24,0,0.0,0.0,0.0,0.0,0.0
2015,3,29,7,HA,305,N489HA,OGG,HNL,1038,1034.0,-4.0,6.0,1040.0,36.0,32.0,21.0,100,1101.0,5.0,1114,1106.0,-8.0,0,0,,0.0,0.0,0.0,0.0,0.0,2015-03-29,0,0.0,0.0,0.0,0.0,0.0
2015,4,1,3,US,2042,N122US,CLT,JFK,734,730.0,-4.0,19.0,749.0,106.0,109.0,79.0,541,908.0,11.0,920,919.0,-1.0,0,0,,0.0,0.0,0.0,0.0,0.0,2015-04-01,0,0.0,0.0,0.0,0.0,0.0
2015,3,31,2,B6,389,N519JB,BOS,DCA,842,956.0,74.0,17.0,1013.0,97.0,86.0,66.0,399,1119.0,3.0,1019,1122.0,63.0,0,0,,0.0,0.0,63.0,0.0,0.0,2015-03-31,1,0.0,0.0,85.14,0.0,0.0
2015,4,28,2,DL,1963,N309DE,VPS,ATL,900,900.0,0.0,19.0,919.0,74.0,70.0,44.0,250,1103.0,7.0,1114,1110.0,-4.0,0,0,,0.0,0.0,0.0,0.0,0.0,2015-04-28,0,0.0,0.0,0.0,0.0,0.0
2015,3,29,7,WN,1518,N8648A,IND,RSW,1720,1716.0,-4.0,7.0,1723.0,150.0,135.0,114.0,945,1917.0,14.0,1950,1931.0,-19.0,0,0,,0.0,0.0,0.0,0.0,0.0,2015-03-29,0,0.0,0.0,0.0,0.0,0.0
2015,4,22,3,AA,1627,N4UCAA,FAT,DFW,1340,1354.0,14.0,16.0,1410.0,201.0,191.0,163.0,1313,1853.0,12.0,1901,1905.0,4.0,0,0,,0.0,0.0,0.0,0.0,0.0,2015-04-22,0,0.0,0.0,0.0,0.0,0.0
2015,4,21,2,AA,2227,N3HCAA,STX,MIA,820,812.0,-8.0,12.0,824.0,189.0,199.0,158.0,1139,1102.0,29.0,1129,1131.0,2.0,0,0,,0.0,0.0,0.0,0.0,0.0,2015-04-21,0,0.0,0.0,0.0,0.0,0.0
2015,4,12,7,NK,706,N530NK,DTW,LAX,1800,1805.0,5.0,11.0,1816.0,314.0,293.0,271.0,1979,1947.0,11.0,2014,1958.0,-16.0,0,0,,0.0,0.0,0.0,0.0,0.0,2015-04-12,0,0.0,0.0,0.0,0.0,0.0
2015,4,15,3,OO,5560,N984CA,DEN,PSP,1520,1719.0,119.0,20.0,1739.0,139.0,135.0,110.0,776,1829.0,5.0,1639,1834.0,115.0,0,0,,0.0,0.0,0.0,115.0,0.0,2015-04-15,1,0.0,0.0,0.0,96.64,0.0
2015,4,12,7,B6,1186,N178JB,RDU,JFK,2003,2006.0,3.0,44.0,2050.0,107.0,133.0,78.0,427,2208.0,11.0,2150,2219.0,29.0,0,0,,26.0,0.0,3.0,0.0,0.0,2015-04-12,0,866.67,0.0,100.0,0.0,0.0
2015,5,4,1,B6,163,N283JB,JFK,SRQ,800,759.0,-1.0,18.0,817.0,183.0,165.0,145.0,1041,1042.0,2.0,1103,1044.0,-19.0,0,0,,0.0,0.0,0.0,0.0,0.0,2015-05-04,0,0.0,0.0,0.0,0.0,0.0
2015,4,19,7,MQ,3232,N922MQ,ORD,LSE,2000,2020.0,20.0,19.0,2039.0,70.0,72.0,49.0,215,2128.0,4.0,2110,2132.0,22.0,0,0,,2.0,0.0,20.0,0.0,0.0,2015-04-19,1,10.0,0.0,100.0,0.0,0.0
2015,4,24,5,US,471,N553UW,PHX,MSP,1210,1204.0,-6.0,18.0,1222.0,183.0,187.0,163.0,1276,1705.0,6.0,1713,1711.0,-2.0,0,0,,0.0,0.0,0.0,0.0,0.0,2015-04-24,0,0.0,0.0,0.0,0.0,0.0
2015,4,18,6,DL,2509,N806DN,RSW,ATL,815,817.0,2.0,16.0,833.0,109.0,112.0,80.0,515,953.0,16.0,1004,1009.0,5.0,0,0,,0.0,0.0,0.0,0.0,0.0,2015-04-18,0,0.0,0.0,0.0,0.0,0.0
2015,4,7,2,B6,921,N784JB,BOS,PBI,933,935.0,2.0,13.0,948.0,195.0,181.0,166.0,1197,1234.0,2.0,1248,1236.0,-12.0,0,0,,0.0,0.0,0.0,0.0,0.0,2015-04-07,0,0.0,0.0,0.0,0.0,0.0
2015,4,1,3,OO,5467,N693BR,ONT,SFO,535,534.0,-1.0,10.0,544.0,88.0,78.0,64.0,363,648.0,4.0,703,652.0,-11.0,0,0,,0.0,0.0,0.0,0.0,0.0,2015-04-01,0,0.0,0.0,0.0,0.0,0.0
2015,3,29,7,EV,5067,N615QX,BTR,ATL,845,839.0,-6.0,18.0,857.0,91.0,94.0,67.0,448,1104.0,9.0,1116,1113.0,-3.0,0,0,,0.0,0.0,0.0,0.0,0.0,2015-03-29,0,0.0,0.0,0.0,0.0,0.0
2015,5,4,1,VX,1930,N847VA,SFO,LAX,800,759.0,-1.0,8.0,807.0,80.0,79.0,63.0,337,910.0,8.0,920,918.0,-2.0,0,0,,0.0,0.0,0.0,0.0,0.0,2015-05-04,0,0.0,0.0,0.0,0.0,0.0
2015,4,3,5,WN,902,N558WN,LAS,MDW,840,833.0,-7.0,8.0,841.0,205.0,170.0,156.0,1521,1317.0,6.0,1405,1323.0,-42.0,0,0,,0.0,0.0,0.0,0.0,0.0,2015-04-03,0,0.0,0.0,0.0,0.0,0.0
2015,4,29,3,DL,1534,N937DN,IND,ATL,1710,1707.0,-3.0,12.0,1719.0,98.0,86.0,62.0,432,1821.0,12.0,1848,1833.0,-15.0,0,0,,0.0,0.0,0.0,0.0,0.0,2015-04-29,0,0.0,0.0,0.0,0.0,0.0
2015,3,26,4,US,1808,N193UW,CLT,TPA,1305,1307.0,2.0,10.0,1317.0,99.0,91.0,78.0,507,1435.0,3.0,1444,1438.0,-6.0,0,0,,0.0,0.0,0.0,0.0,0.0,2015-03-26,0,0.0,0.0,0.0,0.0,0.0
2015,4,28,2,WN,493,N716SW,SMF,PHX,815,813.0,-2.0,11.0,824.0,105.0,107.0,89.0,647,953.0,7.0,1000,1000.0,0.0,0,0,,0.0,0.0,0.0,0.0,0.0,2015-04-28,0,0.0,0.0,0.0,0.0,0.0
2015,4,19,7,OO,5336,N925SW,SFO,ONT,1210,1215.0,5.0,17.0,1232.0,86.0,81.0,61.0,363,1333.0,3.0,1336,1336.0,0.0,0,0,,0.0,0.0,0.0,0.0,0.0,2015-04-19,0,0.0,0.0,0.0,0.0,0.0
2015,4,12,7,DL,756,N616DL,LAS,MSP,1145,1141.0,-4.0,15.0,1156.0,184.0,174.0,156.0,1299,1632.0,3.0,1649,1635.0,-14.0,0,0,,0.0,0.0,0.0,0.0,0.0,2015-04-12,0,0.0,0.0,0.0,0.0,0.0
2015,4,30,4,DL,848,N332NW,MSP,BOS,1316,1315.0,-1.0,12.0,1327.0,160.0,179.0,153.0,1124,1700.0,14.0,1656,1714.0,18.0,0,0,,18.0,0.0,0.0,0.0,0.0,2015-04-30,0,-1800.0,-0.0,-0.0,-0.0,-0.0
2015,5,3,7,DL,552,N963DN,ATL,MSY,2055,2054.0,-1.0,19.0,2113.0,94.0,87.0,64.0,425,2117.0,4.0,2129,2121.0,-8.0,0,0,,0.0,0.0,0.0,0.0,0.0,2015-05-03,0,0.0,0.0,0.0,0.0,0.0
2015,4,30,4,UA,240,N452UA,TPA,EWR,1108,1116.0,8.0,8.0,1124.0,173.0,141.0,126.0,997,1330.0,7.0,1401,1337.0,-24.0,0,0,,0.0,0.0,0.0,0.0,0.0,2015-04-30,0,0.0,0.0,0.0,0.0,0.0
2015,3,31,2,AA,1561,N3JGAA,BOS,DFW,813,808.0,-5.0,19.0,827.0,267.0,248.0,217.0,1562,1104.0,12.0,1140,1116.0,-24.0,0,0,,0.0,0.0,0.0,0.0,0.0,2015-03-31,0,0.0,0.0,0.0,0.0,0.0
2015,4,3,5,WN,1613,N298WN,DEN,ATL,555,555.0,0.0,33.0,628.0,175.0,174.0,134.0,1199,1042.0,7.0,1050,1049.0,-1.0,0,0,,0.0,0.0,0.0,0.0,0.0,2015-04-03,0,0.0,0.0,0.0,0.0,0.0
2015,4,15,3,US,413,N555AY,JFK,CLT,630,626.0,-4.0,44.0,710.0,116.0,144.0,92.0,541,842.0,8.0,826,850.0,24.0,0,0,,24.0,0.0,0.0,0.0,0.0,2015-04-15,0,-600.0,-0.0,-0.0,-0.0,-0.0
2015,4,22,3,WN,3028,N7709A,CHS,BNA,1645,1657.0,12.0,13.0,1710.0,90.0,95.0,76.0,439,1726.0,6.0,1715,1732.0,17.0,0,0,,5.0,0.0,4.0,8.0,0.0,2015-04-22,0,41.67,0.0,33.33,66.67,0.0
2015,4,24,5,WN,4126,N201LV,MDW,DEN,1805,1819.0,14.0,16.0,1835.0,155.0,161.0,140.0,895,1955.0,5.0,1940,2000.0,20.0,0,0,,6.0,0.0,5.0,9.0,0.0,2015-04-24,0,42.86,0.0,35.71,64.29,0.0
2015,4,1,3,DL,2095,N961DN,ATL,ORF,2201,2154.0,-7.0,34.0,2228.0,101.0,111.0,72.0,516,2340.0,5.0,2342,2345.0,3.0,0,0,,0.0,0.0,0.0,0.0,0.0,2015-04-01,0,0.0,0.0,0.0,0.0,0.0
2015,4,29,3,DL,1748,N315US,SLC,RNO,1515,1510.0,-5.0,15.0,1525.0,85.0,88.0,70.0,422,1535.0,3.0,1540,1538.0,-2.0,0,0,,0.0,0.0,0.0,0.0,0.0,2015-04-29,0,0.0,0.0,0.0,0.0,0.0
2015,4,25,6,DL,1608,N912DE,ATL,SAV,1757,1826.0,29.0,33.0,1859.0,64.0,80.0,42.0,214,1941.0,5.0,1901,1946.0,45.0,0,0,,16.0,0.0,4.0,25.0,0.0,2015-04-25,1,55.17,0.0,13.79,86.21,0.0
2015,4,10,5,OO,4751,N549CA,LAS,SEA,1501,1508.0,7.0,21.0,1529.0,164.0,172.0,145.0,867,1754.0,6.0,1745,1800.0,15.0,0,0,,8.0,0.0,5.0,2.0,0.0,2015-04-10,0,114.29,0.0,71.43,28.57,0.0
2015,4,15,3,OO,5558,N130SY,DCA,ORD,1445,1447.0,2.0,10.0,1457.0,129.0,123.0,99.0,612,1536.0,14.0,1554,1550.0,-4.0,0,0,,0.0,0.0,0.0,0.0,0.0,2015-04-15,0,0.0,0.0,0.0,0.0,0.0
2015,4,24,5,B6,207,N239JB,PWM,JFK,1105,1103.0,-2.0,14.0,1117.0,79.0,68.0,51.0,273,1208.0,3.0,1224,1211.0,-13.0,0,0,,0.0,0.0,0.0,0.0,0.0,2015-04-24,0,0.0,0.0,0.0,0.0,0.0
2015,4,13,1,DL,1652,N988DL,ATL,GSO,2116,2119.0,3.0,19.0,2138.0,77.0,67.0,44.0,306,2222.0,4.0,2233,2226.0,-7.0,0,0,,0.0,0.0,0.0,0.0,0.0,2015-04-13,0,0.0,0.0,0.0,0.0,0.0
2015,4,2,4,DL,2647,N960AT,JFK,TPA,810,804.0,-6.0,25.0,829.0,185.0,170.0,142.0,1005,1051.0,3.0,1115,1054.0,-21.0,0,0,,0.0,0.0,0.0,0.0,0.0,2015-04-02,0,0.0,0.0,0.0,0.0,0.0
2015,4,14,2,WN,597,N497WN,BHM,BWI,625,626.0,1.0,11.0,637.0,120.0,108.0,93.0,682,910.0,4.0,925,914.0,-11.0,0,0,,0.0,0.0,0.0,0.0,0.0,2015-04-14,0,0.0,0.0,0.0,0.0,0.0
2015,3,31,2,DL,2563,N360NB,SLC,SNA,1505,1501.0,-4.0,13.0,1514.0,106.0,105.0,88.0,588,1542.0,4.0,1551,1546.0,-5.0,0,0,,0.0,0.0,0.0,0.0,0.0,2015-03-31,0,0.0,0.0,0.0,0.0,0.0
2015,4,6,1,DL,2586,N967AT,MEM,DTW,625,642.0,17.0,15.0,657.0,111.0,108.0,89.0,610,926.0,4.0,916,930.0,14.0,0,0,,0.0,0.0,0.0,0.0,0.0,2015-04-06,1,0.0,0.0,0.0,0.0,0.0
2015,3,31,2,OO,5574,N580SW,FAT,SFO,1300,1251.0,-9.0,8.0,1259.0,68.0,58.0,43.0,158,1342.0,7.0,1408,1349.0,-19.0,0,0,,0.0,0.0,0.0,0.0,0.0,2015-03-31,0,0.0,0.0,0.0,0.0,0.0
2015,4,7,2,OO,4659,N803SK,LAX,PHX,2120,2138.0,18.0,13.0,2151.0,82.0,71.0,53.0,370,2244.0,5.0,2242,2249.0,7.0,0,0,,0.0,0.0,0.0,0.0,0.0,2015-04-07,1,0.0,0.0,0.0,0.0,0.0
2015,4,21,2,WN,2501,N8318F,LAX,MDW,1300,1304.0,4.0,20.0,1324.0,245.0,239.0,213.0,1750,1857.0,6.0,1905,1903.0,-2.0,0,0,,0.0,0.0,0.0,0.0,0.0,2015-04-21,0,0.0,0.0,0.0,0.0,0.0
2015,4,12,7,EV,4138,N12135,HSV,DEN,736,809.0,33.0,9.0,818.0,179.0,183.0,156.0,1048,954.0,18.0,935,1012.0,37.0,0,0,,37.0,0.0,0.0,0.0,0.0,2015-04-12,1,112.12,0.0,0.0,0.0,0.0
2015,4,11,6,WN,2511,N8604K,MSP,DEN,630,625.0,-5.0,10.0,635.0,130.0,111.0,96.0,680,711.0,5.0,740,716.0,-24.0,0,0,,0.0,0.0,0.0,0.0,0.0,2015-04-11,0,0.0,0.0,0.0,0.0,0.0
2015,5,4,1,OO,6351,N945SW,DEN,RDM,1854,1858.0,4.0,17.0,1915.0,158.0,151.0,130.0,898,2025.0,4.0,2032,2029.0,-3.0,0,0,,0.0,0.0,0.0,0.0,0.0,2015-05-04,0,0.0,0.0,0.0,0.0,0.0
2015,4,19,7,AA,218,N3BEAA,LAX,SFO,1855,1852.0,-3.0,19.0,1911.0,78.0,75.0,53.0,337,2004.0,3.0,2013,2007.0,-6.0,0,0,,0.0,0.0,0.0,0.0,0.0,2015-04-19,0,0.0,0.0,0.0,0.0,0.0
2015,4,12,7,VX,232,N841VA,LAX,ORD,1015,1016.0,1.0,6.0,1022.0,235.0,227.0,211.0,1744,1553.0,10.0,1610,1603.0,-7.0,0,0,,0.0,0.0,0.0,0.0,0.0,2015-04-12,0,0.0,0.0,0.0,0.0,0.0
2015,3,28,6,UA,547,N817UA,ORD,SLC,902,916.0,14.0,26.0,942.0,217.0,207.0,174.0,1250,1136.0,7.0,1139,1143.0,4.0,0,0,,0.0,0.0,0.0,0.0,0.0,2015-03-28,0,0.0,0.0,0.0,0.0,0.0
2015,5,3,7,EV,4155,N15910,IAH,JAN,1459,1455.0,-4.0,18.0,1513.0,75.0,74.0,53.0,351,1606.0,3.0,1614,1609.0,-5.0,0,0,,0.0,0.0,0.0,0.0,0.0,2015-05-03,0,0.0,0.0,0.0,0.0,0.0
2015,4,27,1,EV,6066,N14125,ISN,IAH,1409,1354.0,-15.0,8.0,1402.0,219.0,202.0,183.0,1330,1705.0,11.0,1748,1716.0,-32.0,0,0,,0.0,0.0,0.0,0.0,0.0,2015-04-27,0,0.0,0.0,0.0,0.0,0.0
2015,4,18,6,AS,519,N613AS,SNA,SEA,700,649.0,-11.0,24.0,713.0,185.0,170.0,139.0,978,932.0,7.0,1005,939.0,-26.0,0,0,,0.0,0.0,0.0,0.0,0.0,2015-04-18,0,0.0,0.0,0.0,0.0,0.0
2015,3,29,7,DL,2313,N993AT,ATL,GPT,917,918.0,1.0,9.0,927.0,83.0,75.0,60.0,352,927.0,6.0,940,933.0,-7.0,0,0,,0.0,0.0,0.0,0.0,0.0,2015-03-29,0,0.0,0.0,0.0,0.0,0.0
2015,5,4,1,WN,2957,N385SW,ATL,BOS,830,826.0,-4.0,23.0,849.0,150.0,162.0,132.0,946,1101.0,7.0,1100,1108.0,8.0,0,0,,0.0,0.0,0.0,0.0,0.0,2015-05-04,0,0.0,0.0,0.0,0.0,0.0
2015,4,7,2,DL,1875,N939DL,LGA,TPA,1105,1059.0,-6.0,46.0,1145.0,191.0,188.0,139.0,1010,1404.0,3.0,1416,1407.0,-9.0,0,0,,0.0,0.0,0.0,0.0,0.0,2015-04-07,0,0.0,0.0,0.0,0.0,0.0
2015,4,6,1,UA,1607,N34460,ORD,SEA,1910,1927.0,17.0,20.0,1947.0,277.0,271.0,241.0,1721,2148.0,10.0,2147,2158.0,11.0,0,0,,0.0,0.0,0.0,0.0,0.0,2015-04-06,1,0.0,0.0,0.0,0.0,0.0
2015,4,16,4,WN,571,N639SW,ATL,STL,1245,1242.0,-3.0,11.0,1253.0,100.0,94.0,80.0,484,1313.0,3.0,1325,1316.0,-9.0,0,0,,0.0,0.0,0.0,0.0,0.0,2015-04-16,0,0.0,0.0,0.0,0.0,0.0
2015,5,5,2,B6,655,N351JB,SYR,MCO,750,738.0,-12.0,10.0,748.0,165.0,160.0,146.0,1053,1014.0,4.0,1035,1018.0,-17.0,0,0,,0.0,0.0,0.0,0.0,0.0,2015-05-05,0,0.0,0.0,0.0,0.0,0.0
2015,4,17,5,DL,2335,N356NW,DTW,DEN,2000,2000.0,0.0,17.0,2017.0,191.0,204.0,180.0,1123,2117.0,7.0,2111,2124.0,13.0,0,0,,0.0,0.0,0.0,0.0,0.0,2015-04-17,0,0.0,0.0,0.0,0.0,0.0
2015,3,26,4,DL,2427,N990AT,ECP,ATL,942,940.0,-2.0,9.0,949.0,69.0,59.0,41.0,240,1130.0,9.0,1151,1139.0,-12.0,0,0,,0.0,0.0,0.0,0.0,0.0,2015-03-26,0,0.0,0.0,0.0,0.0,0.0
2015,4,22,3,AA,2286,N018AA,DFW,IAH,1525,1605.0,40.0,11.0,1616.0,77.0,54.0,36.0,224,1652.0,7.0,1642,1659.0,17.0,0,0,,0.0,0.0,17.0,0.0,0.0,2015-04-22,1,0.0,0.0,42.5,0.0,0.0
2015,4,18,6,OO,5543,N967SW,BOI,SFO,1047,1040.0,-7.0,11.0,1051.0,113.0,98.0,83.0,522,1114.0,4.0,1140,1118.0,-22.0,0,0,,0.0,0.0,0.0,0.0,0.0,2015-04-18,0,0.0,0.0,0.0,0.0,0.0
2015,5,4,1,B6,1202,N640JB,FLL,JFK,1636,1635.0,-1.0,13.0,1648.0,188.0,147.0,130.0,1069,1858.0,4.0,1944,1902.0,-42.0,0,0,,0.0,0.0,0.0,0.0,0.0,2015-05-04,0,0.0,0.0,0.0,0.0,0.0
2015,4,19,7,AA,1423,N3BNAA,PBI,DFW,735,741.0,6.0,36.0,817.0,195.0,212.0,162.0,1102,959.0,14.0,950,1013.0,23.0,0,0,,17.0,0.0,6.0,0.0,0.0,2015-04-19,0,283.33,0.0,100.0,0.0,0.0
2015,4,24,5,AS,624,N526AS,PDX,LAS,2055,2051.0,-4.0,8.0,2059.0,125.0,115.0,102.0,763,2241.0,5.0,2300,2246.0,-14.0,0,0,,0.0,0.0,0.0,0.0,0.0,2015-04-24,0,0.0,0.0,0.0,0.0,0.0
2015,4,16,4,EV,4393,N14162,EWR,IND,718,713.0,-5.0,11.0,724.0,130.0,126.0,106.0,645,910.0,9.0,928,919.0,-9.0,0,0,,0.0,0.0,0.0,0.0,0.0,2015-04-16,0,0.0,0.0,0.0,0.0,0.0
2015,3,29,7,WN,950,N7734H,PHX,MKE,1355,1358.0,3.0,16.0,1414.0,195.0,186.0,165.0,1460,1859.0,5.0,1910,1904.0,-6.0,0,0,,0.0,0.0,0.0,0.0,0.0,2015-03-29,0,0.0,0.0,0.0,0.0,0.0
2015,4,1,3,WN,4035,N787SA,LAX,OAK,2050,2212.0,82.0,8.0,2220.0,75.0,74.0,60.0,337,2320.0,6.0,2205,2326.0,81.0,0,0,,0.0,0.0,11.0,70.0,0.0,2015-04-01,1,0.0,0.0,13.41,85.37,0.0
2015,4,25,6,EV,5900,N26549,STL,ORD,1523,1523.0,0.0,26.0,1549.0,79.0,88.0,52.0,258,1641.0,10.0,1642,1651.0,9.0,0,0,,0.0,0.0,0.0,0.0,0.0,2015-04-25,0,0.0,0.0,0.0,0.0,0.0
2015,4,30,4,WN,956,N957WN,CLE,PHX,1850,1902.0,12.0,10.0,1912.0,270.0,241.0,224.0,1737,1956.0,7.0,2020,2003.0,-17.0,0,0,,0.0,0.0,0.0,0.0,0.0,2015-04-30,0,0.0,0.0,0.0,0.0,0.0
2015,4,23,4,EV,5955,N12122,EWR,MEM,1152,1149.0,-3.0,17.0,1206.0,177.0,190.0,159.0,946,1345.0,14.0,1349,1359.0,10.0,0,0,,0.0,0.0,0.0,0.0,0.0,2015-04-23,0,0.0,0.0,0.0,0.0,0.0
2015,5,4,1,EV,4532,N13132,EWR,CHS,1559,1555.0,-4.0,15.0,1610.0,127.0,105.0,84.0,628,1734.0,6.0,1806,1740.0,-26.0,0,0,,0.0,0.0,0.0,0.0,0.0,2015-05-04,0,0.0,0.0,0.0,0.0,0.0
2015,4,19,7,HA,26,N380HA,HNL,PDX,1405,1400.0,-5.0,15.0,1415.0,330.0,325.0,303.0,2603,2218.0,7.0,2235,2225.0,-10.0,0,0,,0.0,0.0,0.0,0.0,0.0,2015-04-19,0,0.0,0.0,0.0,0.0,0.0
2015,4,27,1,AA,1283,N472AA,DFW,BHM,2200,2309.0,69.0,21.0,2330.0,107.0,101.0,77.0,597,47.0,3.0,2347,50.0,63.0,0,0,,0.0,0.0,0.0,62.0,1.0,2015-04-27,1,0.0,0.0,0.0,89.86,1.45
2015,4,8,3,DL,2053,N931DL,FNT,ATL,1749,1748.0,-1.0,8.0,1756.0,130.0,113.0,97.0,645,1933.0,8.0,1959,1941.0,-18.0,0,0,,0.0,0.0,0.0,0.0,0.0,2015-04-08,0,0.0,0.0,0.0,0.0,0.0
2015,4,30,4,DL,1281,N914DL,ATL,MEM,1509,1505.0,-4.0,16.0,1521.0,86.0,74.0,54.0,332,1515.0,4.0,1535,1519.0,-16.0,0,0,,0.0,0.0,0.0,0.0,0.0,2015-04-30,0,0.0,0.0,0.0,0.0,0.0
2015,4,28,2,WN,4879,N490WN,HOU,LAS,1620,1617.0,-3.0,13.0,1630.0,200.0,190.0,173.0,1235,1723.0,4.0,1740,1727.0,-13.0,0,0,,0.0,0.0,0.0,0.0,0.0,2015-04-28,0,0.0,0.0,0.0,0.0,0.0
2015,4,26,7,OO,6496,N116SY,MSP,LAX,1526,1523.0,-3.0,17.0,1540.0,253.0,221.0,198.0,1535,1658.0,6.0,1739,1704.0,-35.0,0,0,,0.0,0.0,0.0,0.0,0.0,2015-04-26,0,0.0,0.0,0.0,0.0,0.0
2015,4,14,2,WN,726,N424WN,LAS,IAD,925,923.0,-2.0,9.0,932.0,270.0,267.0,252.0,2065,1644.0,6.0,1655,1650.0,-5.0,0,0,,0.0,0.0,0.0,0.0,0.0,2015-04-14,0,0.0,0.0,0.0,0.0,0.0
2015,3,29,7,EV,4906,N868AS,PIA,DTW,1614,1615.0,1.0,14.0,1629.0,94.0,79.0,62.0,346,1831.0,3.0,1848,1834.0,-14.0,0,0,,0.0,0.0,0.0,0.0,0.0,2015-03-29,0,0.0,0.0,0.0,0.0,0.0
2015,4,6,1,UA,1297,N32404,DEN,IAH,2008,2050.0,42.0,11.0,2101.0,134.0,124.0,105.0,862,2346.0,8.0,2322,2354.0,32.0,0,0,,0.0,0.0,32.0,0.0,0.0,2015-04-06,1,0.0,0.0,76.19,0.0,0.0
2015,3,27,5,US,1925,N189UW,BWI,CLT,640,642.0,2.0,14.0,656.0,94.0,96.0,77.0,361,813.0,5.0,814,818.0,4.0,0,0,,0.0,0.0,0.0,0.0,0.0,2015-03-27,0,0.0,0.0,0.0,0.0,0.0
2015,4,6,1,DL,1444,N916DL,FLL,LGA,1515,1514.0,-1.0,15.0,1529.0,179.0,168.0,146.0,1076,1755.0,7.0,1814,1802.0,-12.0,0,0,,0.0,0.0,0.0,0.0,0.0,2015-04-06,0,0.0,0.0,0.0,0.0,0.0
2015,4,15,3,WN,1235,N8614M,LAS,MDW,710,720.0,10.0,14.0,734.0,210.0,204.0,185.0,1521,1239.0,5.0,1240,1244.0,4.0,0,0,,0.0,0.0,0.0,0.0,0.0,2015-04-15,0,0.0,0.0,0.0,0.0,0.0
2015,3,29,7,EV,4155,N15527,IAH,XNA,1410,1417.0,7.0,13.0,1430.0,89.0,84.0,66.0,438,1536.0,5.0,1539,1541.0,2.0,0,0,,0.0,0.0,0.0,0.0,0.0,2015-03-29,0,0.0,0.0,0.0,0.0,0.0
2015,4,25,6,DL,392,N901DA,ATL,ORD,1505,1504.0,-1.0,17.0,1521.0,127.0,126.0,100.0,606,1601.0,9.0,1612,1610.0,-2.0,0,0,,0.0,0.0,0.0,0.0,0.0,2015-04-25,0,0.0,0.0,0.0,0.0,0.0
2015,4,19,7,AA,271,N5DHAA,LAX,OGG,1115,1110.0,-5.0,17.0,1127.0,347.0,330.0,309.0,2486,1336.0,4.0,1402,1340.0,-22.0,0,0,,0.0,0.0,0.0,0.0,0.0,2015-04-19,0,0.0,0.0,0.0,0.0,0.0
2015,4,5,7,B6,1226,N296JB,BWI,BOS,815,805.0,-10.0,12.0,817.0,81.0,79.0,63.0,369,920.0,4.0,936,924.0,-12.0,0,0,,0.0,0.0,0.0,0.0,0.0,2015-04-05,0,0.0,0.0,0.0,0.0,0.0
2015,4,13,1,DL,2247,N667DN,ATL,PBI,2259,2254.0,-5.0,14.0,2308.0,103.0,95.0,77.0,545,25.0,4.0,42,29.0,-13.0,0,0,,0.0,0.0,0.0,0.0,0.0,2015-04-13,0,0.0,0.0,0.0,0.0,0.0
2015,4,5,7,EV,5170,N528CA,TRI,ATL,1534,1530.0,-4.0,9.0,1539.0,70.0,63.0,46.0,227,1625.0,8.0,1644,1633.0,-11.0,0,0,,0.0,0.0,0.0,0.0,0.0,2015-04-05,0,0.0,0.0,0.0,0.0,0.0
2015,4,22,3,OO,3474,N215AG,SEA,FAT,1340,1333.0,-7.0,16.0,1349.0,118.0,121.0,100.0,748,1529.0,5.0,1538,1534.0,-4.0,0,0,,0.0,0.0,0.0,0.0,0.0,2015-04-22,0,0.0,0.0,0.0,0.0,0.0
2015,4,23,4,OO,4990,N767SK,IAH,TUS,1740,1735.0,-5.0,21.0,1756.0,161.0,171.0,145.0,936,1821.0,5.0,1821,1826.0,5.0,0,0,,0.0,0.0,0.0,0.0,0.0,2015-04-23,0,0.0,0.0,0.0,0.0,0.0
2015,5,3,7,AA,2497,N5DUAA,DFW,LAX,2155,2151.0,-4.0,22.0,2213.0,208.0,210.0,170.0,1235,2303.0,18.0,2323,2321.0,-2.0,0,0,,0.0,0.0,0.0,0.0,0.0,2015-05-03,0,0.0,0.0,0.0,0.0,0.0
2015,4,23,4,MQ,3088,N531MQ,XNA,ORD,610,604.0,-6.0,15.0,619.0,105.0,100.0,74.0,522,733.0,11.0,755,744.0,-11.0,0,0,,0.0,0.0,0.0,0.0,0.0,2015-04-23,0,0.0,0.0,0.0,0.0,0.0
2015,4,21,2,DL,2641,N3741S,SEA,LAX,1830,1828.0,-2.0,10.0,1838.0,157.0,174.0,132.0,954,2050.0,32.0,2107,2122.0,15.0,0,0,,15.0,0.0,0.0,0.0,0.0,2015-04-21,0,-750.0,-0.0,-0.0,-0.0,-0.0
2015,4,19,7,OO,6294,N926SW,MFR,SFO,1748,1739.0,-9.0,17.0,1756.0,78.0,83.0,60.0,329,1856.0,6.0,1906,1902.0,-4.0,0,0,,0.0,0.0,0.0,0.0,0.0,2015-04-19,0,0.0,0.0,0.0,0.0,0.0
2015,4,10,5,OO,5572,N479CA,ISN,DEN,815,811.0,-4.0,25.0,836.0,115.0,112.0,84.0,576,900.0,3.0,910,903.0,-7.0,0,0,,0.0,0.0,0.0,0.0,0.0,2015-04-10,0,0.0,0.0,0.0,0.0,0.0
2015,4,30,4,DL,476,N1200K,LAX,JFK,900,859.0,-1.0,18.0,917.0,330.0,333.0,307.0,2475,1724.0,8.0,1730,1732.0,2.0,0,0,,0.0,0.0,0.0,0.0,0.0,2015-04-30,0,0.0,0.0,0.0,0.0,0.0
2015,4,14,2,B6,1089,N355JB,BOS,DCA,1920,1916.0,-4.0,22.0,1938.0,99.0,102.0,78.0,399,2056.0,2.0,2059,2058.0,-1.0,0,0,,0.0,0.0,0.0,0.0,0.0,2015-04-14,0,0.0,0.0,0.0,0.0,0.0
2015,3,30,1,OO,5615,N118SY,DCA,ORD,1846,1840.0,-6.0,16.0,1856.0,138.0,131.0,102.0,612,1938.0,13.0,2004,1951.0,-13.0,0,0,,0.0,0.0,0.0,0.0,0.0,2015-03-30,0,0.0,0.0,0.0,0.0,0.0
2015,5,2,6,AS,336,N794AS,SEA,SJC,2045,2035.0,-10.0,14.0,2049.0,116.0,122.0,104.0,697,2233.0,4.0,2241,2237.0,-4.0,0,0,,0.0,0.0,0.0,0.0,0.0,2015-05-02,0,0.0,0.0,0.0,0.0,0.0
2015,4,29,3,WN,629,N8317M,BWI,MCO,700,711.0,11.0,12.0,723.0,145.0,146.0,126.0,787,929.0,8.0,925,937.0,12.0,0,0,,0.0,0.0,0.0,0.0,0.0,2015-04-29,0,0.0,0.0,0.0,0.0,0.0
2015,4,2,4,DL,1100,N587NW,LAS,ATL,2255,2251.0,-4.0,17.0,2308.0,223.0,201.0,179.0,1747,507.0,5.0,538,512.0,-26.0,0,0,,0.0,0.0,0.0,0.0,0.0,2015-04-02,0,0.0,0.0,0.0,0.0,0.0
2015,3,29,7,DL,1100,N594NW,LAS,ATL,2255,2255.0,0.0,18.0,2313.0,223.0,214.0,192.0,1747,525.0,4.0,538,529.0,-9.0,0,0,,0.0,0.0,0.0,0.0,0.0,2015-03-29,0,0.0,0.0,0.0,0.0,0.0
2015,4,8,3,OO,4569,N804SK,SLC,BOI,1345,1341.0,-4.0,13.0,1354.0,69.0,65.0,48.0,290,1442.0,4.0,1454,1446.0,-8.0,0,0,,0.0,0.0,0.0,0.0,0.0,2015-04-08,0,0.0,0.0,0.0,0.0,0.0
2015,4,9,4,DL,1266,N954DL,BUF,ATL,600,559.0,-1.0,11.0,610.0,129.0,116.0,98.0,712,748.0,7.0,809,755.0,-14.0,0,0,,0.0,0.0,0.0,0.0,0.0,2015-04-09,0,0.0,0.0,0.0,0.0,0.0
2015,3,27,5,WN,1625,N788SA,DCA,MDW,1930,1925.0,-5.0,8.0,1933.0,130.0,106.0,95.0,601,2008.0,3.0,2040,2011.0,-29.0,0,0,,0.0,0.0,0.0,0.0,0.0,2015-03-27,0,0.0,0.0,0.0,0.0,0.0
2015,4,8,3,UA,509,N454UA,MSY,IAH,520,515.0,-5.0,11.0,526.0,72.0,80.0,51.0,305,617.0,18.0,632,635.0,3.0,0,0,,0.0,0.0,0.0,0.0,0.0,2015-04-08,0,0.0,0.0,0.0,0.0,0.0
2015,4,8,3,WN,872,N609SW,BNA,BOS,2000,1958.0,-2.0,8.0,2006.0,150.0,142.0,122.0,942,2308.0,12.0,2330,2320.0,-10.0,0,0,,0.0,0.0,0.0,0.0,0.0,2015-04-08,0,0.0,0.0,0.0,0.0,0.0
2015,4,21,2,HA,141,N489HA,ITO,HNL,1757,1750.0,-7.0,8.0,1758.0,51.0,52.0,38.0,216,1836.0,6.0,1848,1842.0,-6.0,0,0,,0.0,0.0,0.0,0.0,0.0,2015-04-21,0,0.0,0.0,0.0,0.0,0.0
2015,4,23,4,DL,1206,N992DL,ATL,GSO,2300,2310.0,10.0,28.0,2338.0,73.0,81.0,48.0,306,26.0,5.0,13,31.0,18.0,0,0,,8.0,0.0,0.0,10.0,0.0,2015-04-23,0,80.0,0.0,0.0,100.0,0.0
2015,4,9,4,F9,803,N935FR,MEM,DEN,1825,1826.0,1.0,8.0,1834.0,155.0,143.0,130.0,872,1944.0,5.0,2000,1949.0,-11.0,0,0,,0.0,0.0,0.0,0.0,0.0,2015-04-09,0,0.0,0.0,0.0,0.0,0.0
2015,4,30,4,MQ,3500,N515MQ,XNA,DFW,1940,1949.0,9.0,11.0,2000.0,77.0,68.0,44.0,280,2044.0,13.0,2057,2057.0,0.0,0,0,,0.0,0.0,0.0,0.0,0.0,2015-04-30,0,0.0,0.0,0.0,0.0,0.0
2015,5,2,6,DL,1402,N551NW,LAS,ATL,1349,1356.0,7.0,26.0,1422.0,238.0,235.0,205.0,1747,2047.0,4.0,2047,2051.0,4.0,0,0,,0.0,0.0,0.0,0.0,0.0,2015-05-02,0,0.0,0.0,0.0,0.0,0.0
2015,4,25,6,DL,549,N667DN,ATL,SJU,1755,1754.0,-1.0,37.0,1831.0,207.0,231.0,190.0,1547,2141.0,4.0,2122,2145.0,23.0,0,0,,23.0,0.0,0.0,0.0,0.0,2015-04-25,0,-2300.0,-0.0,-0.0,-0.0,-0.0
2015,3,27,5,AA,970,N3MDAA,LAS,LAX,2010,2119.0,69.0,28.0,2147.0,77.0,102.0,46.0,236,2233.0,28.0,2127,2301.0,94.0,0,0,,25.0,0.0,0.0,69.0,0.0,2015-03-27,1,36.23,0.0,0.0,100.0,0.0
2015,5,1,5,DL,1620,N360NW,OMA,MSP,700,653.0,-7.0,29.0,722.0,68.0,84.0,53.0,282,815.0,2.0,808,817.0,9.0,0,0,,0.0,0.0,0.0,0.0,0.0,2015-05-01,0,0.0,0.0,0.0,0.0,0.0
2015,4,30,4,AA,2309,N4YJAA,DFW,ORD,1225,1300.0,35.0,10.0,1310.0,152.0,139.0,118.0,802,1508.0,11.0,1457,1519.0,22.0,0,0,,0.0,0.0,1.0,21.0,0.0,2015-04-30,1,0.0,0.0,2.86,60.0,0.0
2015,4,16,4,EV,5308,N871AS,ATL,MGM,2051,2208.0,77.0,24.0,2232.0,56.0,66.0,40.0,147,2212.0,2.0,2047,2214.0,87.0,0,0,,10.0,0.0,55.0,22.0,0.0,2015-04-16,1,12.99,0.0,71.43,28.57,0.0
2015,5,4,1,OO,4484,N443SW,TUL,MSP,1646,1641.0,-5.0,19.0,1700.0,114.0,114.0,85.0,615,1825.0,10.0,1840,1835.0,-5.0,0,0,,0.0,0.0,0.0,0.0,0.0,2015-05-04,0,0.0,0.0,0.0,0.0,0.0
2015,5,2,6,OO,5308,N960SW,ORD,MKE,1025,1019.0,-6.0,16.0,1035.0,47.0,39.0,18.0,67,1053.0,5.0,1112,1058.0,-14.0,0,0,,0.0,0.0,0.0,0.0,0.0,2015-05-02,0,0.0,0.0,0.0,0.0,0.0
2015,3,28,6,AA,1033,N5EJAA,BOS,MIA,1345,1340.0,-5.0,28.0,1408.0,220.0,243.0,207.0,1258,1735.0,8.0,1725,1743.0,18.0,0,0,,18.0,0.0,0.0,0.0,0.0,2015-03-28,0,-360.0,-0.0,-0.0,-0.0,-0.0
2015,4,22,3,US,654,N558UW,JFK,PHX,1335,1326.0,-9.0,27.0,1353.0,324.0,344.0,310.0,2153,1603.0,7.0,1559,1610.0,11.0,0,0,,0.0,0.0,0.0,0.0,0.0,2015-04-22,0,0.0,0.0,0.0,0.0,0.0
2015,4,17,5,DL,763,N978AT,BOS,JFK,1230,1218.0,-12.0,18.0,1236.0,78.0,74.0,43.0,187,1319.0,13.0,1348,1332.0,-16.0,0,0,,0.0,0.0,0.0,0.0,0.0,2015-04-17,0,0.0,0.0,0.0,0.0,0.0
2015,4,12,7,NK,319,N625NK,MSP,RSW,1120,1111.0,-9.0,12.0,1123.0,202.0,197.0,180.0,1416,1523.0,5.0,1542,1528.0,-14.0,0,0,,0.0,0.0,0.0,0.0,0.0,2015-04-12,0,0.0,0.0,0.0,0.0,0.0
2015,4,9,4,WN,4993,N715SW,DAL,MSY,600,611.0,11.0,15.0,626.0,80.0,79.0,60.0,436,726.0,4.0,720,730.0,10.0,0,0,,0.0,0.0,0.0,0.0,0.0,2015-04-09,0,0.0,0.0,0.0,0.0,0.0
2015,4,12,7,EV,4368,N26545,GSO,EWR,900,856.0,-4.0,8.0,904.0,101.0,85.0,70.0,445,1014.0,7.0,1041,1021.0,-20.0,0,0,,0.0,0.0,0.0,0.0,0.0,2015-04-12,0,0.0,0.0,0.0,0.0,0.0
2015,4,15,3,DL,1666,N832DN,ATL,RDU,1510,1506.0,-4.0,19.0,1525.0,88.0,74.0,50.0,356,1615.0,5.0,1638,1620.0,-18.0,0,0,,0.0,0.0,0.0,0.0,0.0,2015-04-15,0,0.0,0.0,0.0,0.0,0.0
2015,5,1,5,NK,985,N632NK,DTW,MSY,1539,1531.0,-8.0,21.0,1552.0,156.0,143.0,118.0,926,1650.0,4.0,1715,1654.0,-21.0,0,0,,0.0,0.0,0.0,0.0,0.0,2015-05-01,0,0.0,0.0,0.0,0.0,0.0
2015,4,28,2,AA,151,N3ASAA,DEN,ORD,1710,1701.0,-9.0,16.0,1717.0,156.0,157.0,122.0,888,2019.0,19.0,2046,2038.0,-8.0,0,0,,0.0,0.0,0.0,0.0,0.0,2015-04-28,0,0.0,0.0,0.0,0.0,0.0
2015,4,19,7,WN,460,N606SW,IND,DEN,645,644.0,-1.0,12.0,656.0,170.0,150.0,131.0,977,707.0,7.0,735,714.0,-21.0,0,0,,0.0,0.0,0.0,0.0,0.0,2015-04-19,0,0.0,0.0,0.0,0.0,0.0
2015,4,11,6,WN,1343,N390SW,DAL,IND,1510,1514.0,4.0,8.0,1522.0,120.0,108.0,96.0,755,1758.0,4.0,1810,1802.0,-8.0,0,0,,0.0,0.0,0.0,0.0,0.0,2015-04-11,0,0.0,0.0,0.0,0.0,0.0
2015,4,2,4,WN,914,N8613K,MSP,PHX,800,755.0,-5.0,12.0,807.0,210.0,221.0,203.0,1276,930.0,6.0,930,936.0,6.0,0,0,,0.0,0.0,0.0,0.0,0.0,2015-04-02,0,0.0,0.0,0.0,0.0,0.0
2015,4,5,7,OO,6388,N709SK,IAH,MKE,1716,1734.0,18.0,37.0,1811.0,158.0,163.0,122.0,984,2013.0,4.0,1954,2017.0,23.0,0,0,,5.0,0.0,16.0,2.0,0.0,2015-04-05,1,27.78,0.0,88.89,11.11,0.0
2015,5,5,2,WN,559,N487WN,CHS,MDW,635,630.0,-5.0,9.0,639.0,130.0,126.0,108.0,745,727.0,9.0,745,736.0,-9.0,0,0,,0.0,0.0,0.0,0.0,0.0,2015-05-05,0,0.0,0.0,0.0,0.0,0.0
2015,4,4,6,OO,7364,N308SW,SLC,CNY,1350,1341.0,-9.0,8.0,1349.0,63.0,48.0,37.0,184,1426.0,3.0,1453,1429.0,-24.0,0,0,,0.0,0.0,0.0,0.0,0.0,2015-04-04,0,0.0,0.0,0.0,0.0,0.0
2015,4,6,1,WN,470,N380SW,PHX,DAL,715,726.0,11.0,16.0,742.0,135.0,137.0,114.0,879,1136.0,7.0,1130,1143.0,13.0,0,0,,0.0,0.0,0.0,0.0,0.0,2015-04-06,0,0.0,0.0,0.0,0.0,0.0
2015,5,2,6,EV,6072,N13968,IND,ORD,2001,1951.0,-10.0,13.0,2004.0,69.0,62.0,42.0,177,1946.0,7.0,2010,1953.0,-17.0,0,0,,0.0,0.0,0.0,0.0,0.0,2015-05-02,0,0.0,0.0,0.0,0.0,0.0
2015,4,12,7,WN,3917,N713SW,ALB,BWI,810,806.0,-4.0,14.0,820.0,80.0,74.0,56.0,289,916.0,4.0,930,920.0,-10.0,0,0,,0.0,0.0,0.0,0.0,0.0,2015-04-12,0,0.0,0.0,0.0,0.0,0.0
2015,4,24,5,F9,513,N906FR,GSO,DEN,1934,1932.0,-2.0,10.0,1942.0,205.0,241.0,219.0,1370,2121.0,12.0,2059,2133.0,34.0,0,0,,34.0,0.0,0.0,0.0,0.0,2015-04-24,0,-1700.0,-0.0,-0.0,-0.0,-0.0
2015,4,27,1,EV,6019,N36915,ELM,ORD,600,551.0,-9.0,17.0,608.0,121.0,125.0,96.0,566,644.0,12.0,701,656.0,-5.0,0,0,,0.0,0.0,0.0,0.0,0.0,2015-04-27,0,0.0,0.0,0.0,0.0,0.0
2015,4,24,5,AA,1246,N001AA,STL,MIA,1640,1642.0,2.0,14.0,1656.0,167.0,153.0,125.0,1068,2001.0,14.0,2027,2015.0,-12.0,0,0,,0.0,0.0,0.0,0.0,0.0,2015-04-24,0,0.0,0.0,0.0,0.0,0.0
2015,4,3,5,US,2068,N571UW,CLT,LGA,1425,1432.0,7.0,19.0,1451.0,107.0,131.0,104.0,544,1635.0,8.0,1612,1643.0,31.0,0,0,,24.0,0.0,3.0,4.0,0.0,2015-04-03,0,342.86,0.0,42.86,57.14,0.0
2015,3,27,5,UA,1191,N37468,SFO,EWR,2344,2357.0,13.0,13.0,10.0,316.0,316.0,294.0,2565,804.0,9.0,800,813.0,13.0,0,0,,0.0,0.0,0.0,0.0,0.0,2015-03-27,0,0.0,0.0,0.0,0.0,0.0
2015,4,1,3,US,2120,N768US,DCA,BOS,1630,1624.0,-6.0,12.0,1636.0,89.0,85.0,68.0,399,1744.0,5.0,1759,1749.0,-10.0,0,0,,0.0,0.0,0.0,0.0,0.0,2015-04-01,0,0.0,0.0,0.0,0.0,0.0
2015,4,16,4,OO,4444,N438SW,FWA,MSP,740,731.0,-9.0,18.0,749.0,109.0,103.0,82.0,488,811.0,3.0,829,814.0,-15.0,0,0,,0.0,0.0,0.0,0.0,0.0,2015-04-16,0,0.0,0.0,0.0,0.0,0.0
2015,4,14,2,DL,1241,N348NB,ATL,HOU,2043,2043.0,0.0,35.0,2118.0,133.0,163.0,106.0,696,2204.0,22.0,2156,2226.0,30.0,0,0,,30.0,0.0,0.0,0.0,0.0,2015-04-14,0,inf,0.0,0.0,0.0,0.0
2015,4,6,1,WN,758,N950WN,LGA,MDW,1755,1752.0,-3.0,26.0,1818.0,165.0,156.0,124.0,725,1922.0,6.0,1940,1928.0,-12.0,0,0,,0.0,0.0,0.0,0.0,0.0,2015-04-06,0,0.0,0.0,0.0,0.0,0.0
2015,5,4,1,DL,1531,N3768,ATL,CMH,1426,1422.0,-4.0,18.0,1440.0,95.0,90.0,68.0,447,1548.0,4.0,1601,1552.0,-9.0,0,0,,0.0,0.0,0.0,0.0,0.0,2015-05-04,0,0.0,0.0,0.0,0.0,0.0
2015,5,4,1,US,2126,N958UW,LGA,BOS,600,552.0,-8.0,14.0,606.0,62.0,58.0,41.0,184,647.0,3.0,702,650.0,-12.0,0,0,,0.0,0.0,0.0,0.0,0.0,2015-05-04,0,0.0,0.0,0.0,0.0,0.0
2015,4,20,1,EV,4896,N712EV,MSP,JAX,1125,1121.0,-4.0,22.0,1143.0,176.0,185.0,158.0,1174,1521.0,5.0,1521,1526.0,5.0,0,0,,0.0,0.0,0.0,0.0,0.0,2015-04-20,0,0.0,0.0,0.0,0.0,0.0
2015,4,1,3,OO,5292,N471CA,DLH,ORD,600,623.0,23.0,33.0,656.0,100.0,104.0,62.0,397,758.0,9.0,740,807.0,27.0,0,0,,4.0,0.0,23.0,0.0,0.0,2015-04-01,1,17.39,0.0,100.0,0.0,0.0
2015,4,22,3,UA,683,N408UA,LGA,ORD,1600,1630.0,30.0,17.0,1647.0,166.0,133.0,112.0,733,1739.0,4.0,1746,1743.0,-3.0,0,0,,0.0,0.0,0.0,0.0,0.0,2015-04-22,1,0.0,0.0,0.0,0.0,0.0
2015,3,26,4,AS,117,N525AS,SEA,FAI,1940,1938.0,-2.0,8.0,1946.0,217.0,196.0,185.0,1533,2151.0,3.0,2217,2154.0,-23.0,0,0,,0.0,0.0,0.0,0.0,0.0,2015-03-26,0,0.0,0.0,0.0,0.0,0.0
2015,3,26,4,AA,2212,N581AA,DFW,STL,1916,1910.0,-6.0,18.0,1928.0,94.0,98.0,77.0,550,2045.0,3.0,2050,2048.0,-2.0,0,0,,0.0,0.0,0.0,0.0,0.0,2015-03-26,0,0.0,0.0,0.0,0.0,0.0
2015,4,9,4,UA,259,N435UA,PBI,EWR,1942,2002.0,20.0,9.0,2011.0,178.0,153.0,137.0,1023,2228.0,7.0,2240,2235.0,-5.0,0,0,,0.0,0.0,0.0,0.0,0.0,2015-04-09,1,0.0,0.0,0.0,0.0,0.0
2015,5,2,6,NK,281,N502NK,MSP,IAH,2019,2015.0,-4.0,12.0,2027.0,166.0,152.0,134.0,1034,2241.0,6.0,2305,2247.0,-18.0,0,0,,0.0,0.0,0.0,0.0,0.0,2015-05-02,0,0.0,0.0,0.0,0.0,0.0
2015,5,5,2,WN,714,N622SW,DAL,LIT,740,735.0,-5.0,15.0,750.0,65.0,70.0,49.0,296,839.0,6.0,845,845.0,0.0,0,0,,0.0,0.0,0.0,0.0,0.0,2015-05-05,0,0.0,0.0,0.0,0.0,0.0
2015,4,3,5,AA,2466,N004AA,EGE,DFW,1235,1315.0,40.0,8.0,1323.0,124.0,111.0,92.0,721,1555.0,11.0,1539,1606.0,27.0,0,0,,0.0,0.0,9.0,18.0,0.0,2015-04-03,1,0.0,0.0,22.5,45.0,0.0
2015,4,17,5,DL,1920,N937AT,MDT,ATL,600,555.0,-5.0,11.0,606.0,121.0,117.0,100.0,620,746.0,6.0,801,752.0,-9.0,0,0,,0.0,0.0,0.0,0.0,0.0,2015-04-17,0,0.0,0.0,0.0,0.0,0.0
2015,4,12,7,US,1826,N538UW,PHL,PHX,1020,1015.0,-5.0,23.0,1038.0,316.0,316.0,285.0,2075,1223.0,8.0,1236,1231.0,-5.0,0,0,,0.0,0.0,0.0,0.0,0.0,2015-04-12,0,0.0,0.0,0.0,0.0,0.0
2015,4,8,3,DL,775,N914DN,MSY,ATL,815,815.0,0.0,13.0,828.0,85.0,77.0,58.0,425,1026.0,6.0,1040,1032.0,-8.0,0,0,,0.0,0.0,0.0,0.0,0.0,2015-04-08,0,0.0,0.0,0.0,0.0,0.0
2015,5,4,1,MQ,3172,N624MQ,GRK,DFW,1515,1522.0,7.0,12.0,1534.0,51.0,55.0,30.0,134,1604.0,13.0,1606,1617.0,11.0,0,0,,0.0,0.0,0.0,0.0,0.0,2015-05-04,0,0.0,0.0,0.0,0.0,0.0
2015,4,1,3,OO,4549,N823AS,MSP,LSE,1425,1424.0,-1.0,34.0,1458.0,55.0,60.0,23.0,119,1521.0,3.0,1520,1524.0,4.0,0,0,,0.0,0.0,0.0,0.0,0.0,2015-04-01,0,0.0,0.0,0.0,0.0,0.0
2015,4,25,6,WN,1266,N406WN,OAK,SNA,650,648.0,-2.0,8.0,656.0,85.0,75.0,61.0,371,757.0,6.0,815,803.0,-12.0,0,0,,0.0,0.0,0.0,0.0,0.0,2015-04-25,0,0.0,0.0,0.0,0.0,0.0
2015,4,26,7,EV,5435,N838AS,MLU,ATL,600,558.0,-2.0,11.0,609.0,88.0,90.0,63.0,448,812.0,16.0,828,828.0,0.0,0,0,,0.0,0.0,0.0,0.0,0.0,2015-04-26,0,0.0,0.0,0.0,0.0,0.0
2015,4,29,3,UA,1586,N66841,SFO,ORD,642,638.0,-4.0,12.0,650.0,258.0,245.0,222.0,1846,1232.0,11.0,1300,1243.0,-17.0,0,0,,0.0,0.0,0.0,0.0,0.0,2015-04-29,0,0.0,0.0,0.0,0.0,0.0
2015,4,15,3,US,1881,N171US,PHL,PHX,1805,1800.0,-5.0,23.0,1823.0,318.0,326.0,277.0,2075,2000.0,26.0,2023,2026.0,3.0,0,0,,0.0,0.0,0.0,0.0,0.0,2015-04-15,0,0.0,0.0,0.0,0.0,0.0
2015,4,21,2,VX,346,N638VA,SFO,FLL,2305,2305.0,0.0,17.0,2322.0,315.0,309.0,287.0,2584,709.0,5.0,720,714.0,-6.0,0,0,,0.0,0.0,0.0,0.0,0.0,2015-04-21,0,0.0,0.0,0.0,0.0,0.0
2015,4,12,7,DL,755,N949DL,ATL,CMH,1300,1255.0,-5.0,12.0,1307.0,91.0,88.0,71.0,447,1418.0,5.0,1431,1423.0,-8.0,0,0,,0.0,0.0,0.0,0.0,0.0,2015-04-12,0,0.0,0.0,0.0,0.0,0.0
2015,3,29,7,DL,1116,N921AT,ATL,MDW,1400,1357.0,-3.0,15.0,1412.0,121.0,111.0,91.0,591,1443.0,5.0,1501,1448.0,-13.0,0,0,,0.0,0.0,0.0,0.0,0.0,2015-03-29,0,0.0,0.0,0.0,0.0,0.0
2015,4,26,7,F9,331,N935FR,MSP,DEN,1935,1933.0,-2.0,31.0,2004.0,123.0,136.0,94.0,680,2038.0,11.0,2038,2049.0,11.0,0,0,,0.0,0.0,0.0,0.0,0.0,2015-04-26,0,0.0,0.0,0.0,0.0,0.0
2015,3,26,4,DL,2448,N532US,PBI,ATL,1759,1804.0,5.0,15.0,1819.0,120.0,114.0,81.0,545,1940.0,18.0,1959,1958.0,-1.0,0,0,,0.0,0.0,0.0,0.0,0.0,2015-03-26,0,0.0,0.0,0.0,0.0,0.0
2015,4,23,4,WN,1007,N8310C,DAL,PHX,1315,1315.0,0.0,9.0,1324.0,155.0,155.0,139.0,879,1343.0,7.0,1350,1350.0,0.0,0,0,,0.0,0.0,0.0,0.0,0.0,2015-04-23,0,0.0,0.0,0.0,0.0,0.0
2015,5,3,7,B6,1407,N238JB,JFK,IAD,1738,1828.0,50.0,30.0,1858.0,105.0,78.0,44.0,228,1942.0,4.0,1923,1946.0,23.0,0,0,,0.0,0.0,23.0,0.0,0.0,2015-05-03,1,0.0,0.0,46.0,0.0,0.0
2015,4,19,7,AS,460,N317AS,SEA,LAX,1110,1109.0,-1.0,19.0,1128.0,152.0,161.0,131.0,954,1339.0,11.0,1342,1350.0,8.0,0,0,,0.0,0.0,0.0,0.0,0.0,2015-04-19,0,0.0,0.0,0.0,0.0,0.0
2015,4,13,1,WN,924,N564WN,BWI,FLL,1240,1239.0,-1.0,13.0,1252.0,150.0,153.0,133.0,925,1505.0,7.0,1510,1512.0,2.0,0,0,,0.0,0.0,0.0,0.0,0.0,2015-04-13,0,0.0,0.0,0.0,0.0,0.0
2015,4,11,6,MQ,3659,N695MQ,SGF,DFW,500,450.0,-10.0,14.0,504.0,86.0,84.0,60.0,364,604.0,10.0,626,614.0,-12.0,0,0,,0.0,0.0,0.0,0.0,0.0,2015-04-11,0,0.0,0.0,0.0,0.0,0.0
2015,3,29,7,WN,796,N915WN,DAL,AUS,2055,2116.0,21.0,11.0,2127.0,55.0,49.0,34.0,189,2201.0,4.0,2150,2205.0,15.0,0,0,,0.0,0.0,15.0,0.0,0.0,2015-03-29,1,0.0,0.0,71.43,0.0,0.0
2015,4,3,5,US,691,N916US,CLT,MCO,1300,1322.0,22.0,16.0,1338.0,95.0,93.0,66.0,468,1444.0,11.0,1435,1455.0,20.0,0,0,,0.0,0.0,3.0,17.0,0.0,2015-04-03,1,0.0,0.0,13.64,77.27,0.0
2015,4,4,6,B6,1294,N292JB,MCO,HPN,2030,2138.0,68.0,16.0,2154.0,157.0,149.0,129.0,972,3.0,4.0,2307,7.0,60.0,0,0,,0.0,0.0,60.0,0.0,0.0,2015-04-04,1,0.0,0.0,88.24,0.0,0.0
2015,4,3,5,US,1856,N940UW,PHX,PHL,715,712.0,-3.0,14.0,726.0,270.0,238.0,219.0,2075,1405.0,5.0,1445,1410.0,-35.0,0,0,,0.0,0.0,0.0,0.0,0.0,2015-04-03,0,0.0,0.0,0.0,0.0,0.0
2015,4,21,2,MQ,2993,N643MQ,ORD,MHK,1010,959.0,-11.0,13.0,1012.0,107.0,93.0,78.0,501,1130.0,2.0,1157,1132.0,-25.0,0,0,,0.0,0.0,0.0,0.0,0.0,2015-04-21,0,0.0,0.0,0.0,0.0,0.0
2015,4,8,3,DL,1592,N812DN,SAN,ATL,615,614.0,-1.0,22.0,636.0,249.0,235.0,209.0,1892,1305.0,4.0,1324,1309.0,-15.0,0,0,,0.0,0.0,0.0,0.0,0.0,2015-04-08,0,0.0,0.0,0.0,0.0,0.0
2015,4,5,7,DL,2210,N757AT,SEA,HNL,814,812.0,-2.0,16.0,828.0,369.0,347.0,327.0,2677,1055.0,4.0,1123,1059.0,-24.0,0,0,,0.0,0.0,0.0,0.0,0.0,2015-04-05,0,0.0,0.0,0.0,0.0,0.0
2015,4,10,5,UA,510,N512UA,JFK,SFO,1530,1522.0,-8.0,25.0,1547.0,405.0,365.0,336.0,2586,1823.0,4.0,1915,1827.0,-48.0,0,0,,0.0,0.0,0.0,0.0,0.0,2015-04-10,0,0.0,0.0,0.0,0.0,0.0
2015,4,24,5,WN,2144,N713SW,OAK,MDW,1035,1036.0,1.0,7.0,1043.0,240.0,227.0,207.0,1844,1610.0,13.0,1635,1623.0,-12.0,0,0,,0.0,0.0,0.0,0.0,0.0,2015-04-24,0,0.0,0.0,0.0,0.0,0.0
2015,5,4,1,WN,4365,N500WR,LAX,MCI,1200,1159.0,-1.0,6.0,1205.0,190.0,189.0,178.0,1363,1703.0,5.0,1710,1708.0,-2.0,0,0,,0.0,0.0,0.0,0.0,0.0,2015-05-04,0,0.0,0.0,0.0,0.0,0.0
2015,3,31,2,DL,2057,N908DE,LGA,MIA,1929,1931.0,2.0,36.0,2007.0,205.0,194.0,153.0,1096,2240.0,5.0,2254,2245.0,-9.0,0,0,,0.0,0.0,0.0,0.0,0.0,2015-03-31,0,0.0,0.0,0.0,0.0,0.0
2015,4,7,2,MQ,3560,N831MQ,CID,ORD,1430,1421.0,-9.0,11.0,1432.0,67.0,63.0,41.0,196,1513.0,11.0,1537,1524.0,-13.0,0,0,,0.0,0.0,0.0,0.0,0.0,2015-04-07,0,0.0,0.0,0.0,0.0,0.0
2015,4,20,1,DL,1991,N542US,MSP,ATL,520,519.0,-1.0,12.0,531.0,147.0,153.0,133.0,907,844.0,8.0,847,852.0,5.0,0,0,,0.0,0.0,0.0,0.0,0.0,2015-04-20,0,0.0,0.0,0.0,0.0,0.0
2015,4,10,5,DL,738,N357NB,DCA,MSP,630,626.0,-4.0,10.0,636.0,163.0,150.0,135.0,931,751.0,5.0,813,756.0,-17.0,0,0,,0.0,0.0,0.0,0.0,0.0,2015-04-10,0,0.0,0.0,0.0,0.0,0.0
2015,4,15,3,NK,709,N507NK,LAX,DTW,2220,2216.0,-4.0,8.0,2224.0,244.0,244.0,230.0,1979,514.0,6.0,524,520.0,-4.0,0,0,,0.0,0.0,0.0,0.0,0.0,2015-04-15,0,0.0,0.0,0.0,0.0,0.0
2015,4,25,6,B6,2191,N644JB,BOS,TPA,650,648.0,-2.0,22.0,710.0,202.0,193.0,168.0,1185,958.0,3.0,1012,1001.0,-11.0,0,0,,0.0,0.0,0.0,0.0,0.0,2015-04-25,0,0.0,0.0,0.0,0.0,0.0
2015,4,15,3,WN,1269,N8325D,MCO,BWI,1855,1854.0,-1.0,23.0,1917.0,140.0,136.0,103.0,787,2100.0,10.0,2115,2110.0,-5.0,0,0,,0.0,0.0,0.0,0.0,0.0,2015-04-15,0,0.0,0.0,0.0,0.0,0.0
2015,4,30,4,US,1894,N807AW,MCO,DCA,830,827.0,-3.0,10.0,837.0,127.0,108.0,93.0,759,1010.0,5.0,1037,1015.0,-22.0,0,0,,0.0,0.0,0.0,0.0,0.0,2015-04-30,0,0.0,0.0,0.0,0.0,0.0
2015,4,24,5,EV,3256,N14570,ORD,CAK,1409,1403.0,-6.0,26.0,1429.0,77.0,83.0,52.0,343,1621.0,5.0,1626,1626.0,0.0,0,0,,0.0,0.0,0.0,0.0,0.0,2015-04-24,0,0.0,0.0,0.0,0.0,0.0
2015,4,2,4,EV,4281,N17115,IAH,ELP,1735,1727.0,-8.0,13.0,1740.0,127.0,115.0,96.0,667,1816.0,6.0,1842,1822.0,-20.0,0,0,,0.0,0.0,0.0,0.0,0.0,2015-04-02,0,0.0,0.0,0.0,0.0,0.0
2015,4,5,7,AA,49,N5BVAA,DFW,SAN,1705,1705.0,0.0,23.0,1728.0,193.0,193.0,167.0,1171,1815.0,3.0,1818,1818.0,0.0,0,0,,0.0,0.0,0.0,0.0,0.0,2015-04-05,0,0.0,0.0,0.0,0.0,0.0
2015,4,29,3,DL,1462,N921DL,ATL,PIT,1533,1527.0,-6.0,15.0,1542.0,107.0,95.0,74.0,526,1656.0,6.0,1720,1702.0,-18.0,0,0,,0.0,0.0,0.0,0.0,0.0,2015-04-29,0,0.0,0.0,0.0,0.0,0.0
2015,4,27,1,WN,148,N417WN,BUR,PHX,835,831.0,-4.0,9.0,840.0,85.0,73.0,59.0,369,939.0,5.0,1000,944.0,-16.0,0,0,,0.0,0.0,0.0,0.0,0.0,2015-04-27,0,0.0,0.0,0.0,0.0,0.0
2015,4,24,5,DL,1309,N805DN,ATL,AUS,1922,1920.0,-2.0,20.0,1940.0,153.0,153.0,127.0,813,2047.0,6.0,2055,2053.0,-2.0,0,0,,0.0,0.0,0.0,0.0,0.0,2015-04-24,0,0.0,0.0,0.0,0.0,0.0
2015,4,12,7,WN,393,N767SW,EWR,MDW,935,933.0,-2.0,15.0,948.0,155.0,125.0,105.0,711,1033.0,5.0,1110,1038.0,-32.0,0,0,,0.0,0.0,0.0,0.0,0.0,2015-04-12,0,0.0,0.0,0.0,0.0,0.0
2015,4,11,6,WN,1756,N965WN,LAS,SAN,1105,1110.0,5.0,17.0,1127.0,65.0,66.0,47.0,258,1214.0,2.0,1210,1216.0,6.0,0,0,,0.0,0.0,0.0,0.0,0.0,2015-04-11,0,0.0,0.0,0.0,0.0,0.0
2015,3,28,6,WN,2813,N7747C,MSP,MKE,725,719.0,-6.0,10.0,729.0,75.0,62.0,46.0,297,815.0,6.0,840,821.0,-19.0,0,0,,0.0,0.0,0.0,0.0,0.0,2015-03-28,0,0.0,0.0,0.0,0.0,0.0
2015,4,15,3,DL,789,N957AT,MSP,CLT,701,655.0,-6.0,21.0,716.0,149.0,159.0,132.0,930,1028.0,6.0,1030,1034.0,4.0,0,0,,0.0,0.0,0.0,0.0,0.0,2015-04-15,0,0.0,0.0,0.0,0.0,0.0
2015,4,2,4,EV,4388,N14972,EWR,JAX,835,832.0,-3.0,27.0,859.0,162.0,153.0,121.0,820,1100.0,5.0,1117,1105.0,-12.0,0,0,,0.0,0.0,0.0,0.0,0.0,2015-04-02,0,0.0,0.0,0.0,0.0,0.0
2015,4,19,7,WN,291,N7702A,LAX,SJC,1210,1207.0,-3.0,8.0,1215.0,65.0,57.0,46.0,308,1301.0,3.0,1315,1304.0,-11.0,0,0,,0.0,0.0,0.0,0.0,0.0,2015-04-19,0,0.0,0.0,0.0,0.0,0.0
2015,4,21,2,WN,21,N605SW,TUL,DAL,1020,1015.0,-5.0,9.0,1024.0,60.0,54.0,41.0,237,1105.0,4.0,1120,1109.0,-11.0,0,0,,0.0,0.0,0.0,0.0,0.0,2015-04-21,0,0.0,0.0,0.0,0.0,0.0
2015,4,10,5,AA,250,N3JBAA,EWR,DFW,859,850.0,-9.0,21.0,911.0,240.0,237.0,211.0,1372,1142.0,5.0,1159,1147.0,-12.0,0,0,,0.0,0.0,0.0,0.0,0.0,2015-04-10,0,0.0,0.0,0.0,0.0,0.0
2015,3,29,7,AA,1616,N576AA,AUS,DFW,811,804.0,-7.0,13.0,817.0,69.0,70.0,44.0,190,901.0,13.0,920,914.0,-6.0,0,0,,0.0,0.0,0.0,0.0,0.0,2015-03-29,0,0.0,0.0,0.0,0.0,0.0
2015,4,17,5,MQ,3029,N923MQ,DFW,CHS,1820,1818.0,-2.0,18.0,1836.0,158.0,139.0,118.0,987,2134.0,3.0,2158,2137.0,-21.0,0,0,,0.0,0.0,0.0,0.0,0.0,2015-04-17,0,0.0,0.0,0.0,0.0,0.0
2015,4,8,3,OO,2796,N899SK,PHX,ELP,855,849.0,-6.0,18.0,907.0,87.0,72.0,50.0,347,1057.0,4.0,1122,1101.0,-21.0,0,0,,0.0,0.0,0.0,0.0,0.0,2015-04-08,0,0.0,0.0,0.0,0.0,0.0
2015,4,19,7,OO,6300,N567SW,LAX,PSP,947,938.0,-9.0,16.0,954.0,60.0,52.0,32.0,110,1026.0,4.0,1047,1030.0,-17.0,0,0,,0.0,0.0,0.0,0.0,0.0,2015-04-19,0,0.0,0.0,0.0,0.0,0.0
2015,4,4,6,DL,1784,N971DL,ATL,ABQ,1054,1112.0,18.0,16.0,1128.0,210.0,202.0,182.0,1269,1230.0,4.0,1224,1234.0,10.0,0,0,,0.0,0.0,0.0,0.0,0.0,2015-04-04,1,0.0,0.0,0.0,0.0,0.0
2015,4,29,3,WN,2768,N267WN,PHL,ATL,630,625.0,-5.0,56.0,721.0,135.0,171.0,106.0,666,907.0,9.0,845,916.0,31.0,0,0,,31.0,0.0,0.0,0.0,0.0,2015-04-29,0,-620.0,-0.0,-0.0,-0.0,-0.0
2015,4,10,5,OO,5303,N960SW,ORD,MKE,835,954.0,79.0,11.0,1005.0,47.0,39.0,23.0,67,1028.0,5.0,922,1033.0,71.0,0,0,,0.0,0.0,71.0,0.0,0.0,2015-04-10,1,0.0,0.0,89.87,0.0,0.0
2015,4,7,2,US,2048,N767UW,PHL,IND,1745,1742.0,-3.0,17.0,1759.0,119.0,117.0,96.0,588,1935.0,4.0,1944,1939.0,-5.0,0,0,,0.0,0.0,0.0,0.0,0.0,2015-04-07,0,0.0,0.0,0.0,0.0,0.0
2015,4,11,6,US,823,N128UW,TPA,CLT,700,734.0,34.0,12.0,746.0,101.0,86.0,71.0,507,857.0,3.0,841,900.0,19.0,0,0,,0.0,0.0,19.0,0.0,0.0,2015-04-11,1,0.0,0.0,55.88,0.0,0.0
2015,4,10,5,OO,4833,N603QX,OAK,LAX,915,917.0,2.0,15.0,932.0,90.0,88.0,55.0,337,1027.0,18.0,1045,1045.0,0.0,0,0,,0.0,0.0,0.0,0.0,0.0,2015-04-10,0,0.0,0.0,0.0,0.0,0.0
2015,4,4,6,WN,1830,N436WN,SNA,SJC,1515,1510.0,-5.0,10.0,1520.0,75.0,71.0,57.0,342,1617.0,4.0,1630,1621.0,-9.0,0,0,,0.0,0.0,0.0,0.0,0.0,2015-04-04,0,0.0,0.0,0.0,0.0,0.0
2015,3,30,1,OO,5514,N479CA,DEN,TUL,1400,1402.0,2.0,15.0,1417.0,94.0,88.0,70.0,541,1627.0,3.0,1634,1630.0,-4.0,0,0,,0.0,0.0,0.0,0.0,0.0,2015-03-30,0,0.0,0.0,0.0,0.0,0.0
2015,5,2,6,OO,5443,N701BR,SFO,RDD,2230,2226.0,-4.0,33.0,2259.0,65.0,75.0,36.0,199,2335.0,6.0,2335,2341.0,6.0,0,0,,0.0,0.0,0.0,0.0,0.0,2015-05-02,0,0.0,0.0,0.0,0.0,0.0
2015,4,4,6,EV,5978,N15912,FAR,ORD,1447,1447.0,0.0,11.0,1458.0,109.0,98.0,75.0,557,1613.0,12.0,1636,1625.0,-11.0,0,0,,0.0,0.0,0.0,0.0,0.0,2015-04-04,0,0.0,0.0,0.0,0.0,0.0
2015,3,27,5,OO,5200,N593ML,ATW,ORD,1019,1013.0,-6.0,15.0,1028.0,61.0,67.0,38.0,160,1106.0,14.0,1120,1120.0,0.0,0,0,,0.0,0.0,0.0,0.0,0.0,2015-03-27,0,0.0,0.0,0.0,0.0,0.0
2015,4,2,4,AA,1330,N009AA,DFW,ELP,1155,1151.0,-4.0,13.0,1204.0,110.0,101.0,81.0,551,1225.0,7.0,1245,1232.0,-13.0,0,0,,0.0,0.0,0.0,0.0,0.0,2015-04-02,0,0.0,0.0,0.0,0.0,0.0
2015,4,26,7,EV,4685,N15986,BRO,IAH,520,512.0,-8.0,10.0,522.0,76.0,66.0,51.0,308,613.0,5.0,636,618.0,-18.0,0,0,,0.0,0.0,0.0,0.0,0.0,2015-04-26,0,0.0,0.0,0.0,0.0,0.0
2015,4,19,7,AA,1389,N4WPAA,DFW,MEM,1348,1412.0,24.0,14.0,1426.0,94.0,83.0,65.0,431,1531.0,4.0,1522,1535.0,13.0,0,0,,0.0,0.0,0.0,0.0,0.0,2015-04-19,1,0.0,0.0,0.0,0.0,0.0
2015,5,2,6,AS,765,N614AS,SLC,SEA,1700,1654.0,-6.0,11.0,1705.0,128.0,115.0,97.0,689,1742.0,7.0,1808,1749.0,-19.0,0,0,,0.0,0.0,0.0,0.0,0.0,2015-05-02,0,0.0,0.0,0.0,0.0,0.0
2015,4,20,1,EV,4984,N844AS,PWM,DTW,1630,1625.0,-5.0,7.0,1632.0,130.0,120.0,107.0,668,1819.0,6.0,1840,1825.0,-15.0,0,0,,0.0,0.0,0.0,0.0,0.0,2015-04-20,0,0.0,0.0,0.0,0.0,0.0
2015,4,16,4,WN,3028,N641SW,BWI,CHS,1445,1509.0,24.0,8.0,1517.0,90.0,90.0,75.0,472,1632.0,7.0,1615,1639.0,24.0,0,0,,0.0,0.0,2.0,22.0,0.0,2015-04-16,1,0.0,0.0,8.33,91.67,0.0
2015,4,22,3,WN,2473,N7718B,SLC,LAX,745,741.0,-4.0,14.0,755.0,115.0,105.0,86.0,590,821.0,5.0,840,826.0,-14.0,0,0,,0.0,0.0,0.0,0.0,0.0,2015-04-22,0,0.0,0.0,0.0,0.0,0.0
2015,4,23,4,VX,717,N530VA,LGA,DAL,1545,1542.0,-3.0,16.0,1558.0,250.0,238.0,217.0,1381,1835.0,5.0,1855,1840.0,-15.0,0,0,,0.0,0.0,0.0,0.0,0.0,2015-04-23,0,0.0,0.0,0.0,0.0,0.0
2015,4,20,1,UA,1542,N39461,DEN,SAN,800,752.0,-8.0,12.0,804.0,139.0,134.0,117.0,853,901.0,5.0,919,906.0,-13.0,0,0,,0.0,0.0,0.0,0.0,0.0,2015-04-20,0,0.0,0.0,0.0,0.0,0.0
2015,4,9,4,WN,4279,N8326F,BWI,MDW,1400,1425.0,25.0,8.0,1433.0,130.0,108.0,95.0,611,1508.0,5.0,1510,1513.0,3.0,0,0,,0.0,0.0,0.0,0.0,0.0,2015-04-09,1,0.0,0.0,0.0,0.0,0.0
2015,3,26,4,UA,536,N478UA,ATL,EWR,1122,1121.0,-1.0,27.0,1148.0,132.0,132.0,100.0,746,1328.0,5.0,1334,1333.0,-1.0,0,0,,0.0,0.0,0.0,0.0,0.0,2015-03-26,0,0.0,0.0,0.0,0.0,0.0
2015,4,1,3,AA,1075,N015AA,DFW,ELP,1845,1929.0,44.0,15.0,1944.0,114.0,99.0,79.0,551,2003.0,5.0,1939,2008.0,29.0,0,0,,0.0,0.0,25.0,4.0,0.0,2015-04-01,1,0.0,0.0,56.82,9.09,0.0
2015,4,19,7,AA,1361,N3HNAA,BNA,LAX,655,652.0,-3.0,14.0,706.0,281.0,258.0,229.0,1797,855.0,15.0,936,910.0,-26.0,0,0,,0.0,0.0,0.0,0.0,0.0,2015-04-19,0,0.0,0.0,0.0,0.0,0.0
2015,3,28,6,WN,2541,N915WN,BWI,LAS,1720,1802.0,42.0,9.0,1811.0,325.0,282.0,268.0,2106,1939.0,5.0,1945,1944.0,-1.0,0,0,,0.0,0.0,0.0,0.0,0.0,2015-03-28,1,0.0,0.0,0.0,0.0,0.0
2015,4,16,4,EV,2529,N879AS,SHV,DFW,1328,1328.0,0.0,7.0,1335.0,63.0,63.0,46.0,190,1421.0,10.0,1431,1431.0,0.0,0,0,,0.0,0.0,0.0,0.0,0.0,2015-04-16,0,0.0,0.0,0.0,0.0,0.0
2015,3,30,1,EV,4960,N758EV,MHT,LGA,1328,1452.0,84.0,26.0,1518.0,92.0,78.0,46.0,195,1604.0,6.0,1500,1610.0,70.0,0,0,,0.0,0.0,0.0,70.0,0.0,2015-03-30,1,0.0,0.0,0.0,83.33,0.0
2015,4,18,6,DL,2604,N970DL,RSW,ATL,1855,1848.0,-7.0,10.0,1858.0,112.0,105.0,77.0,515,2015.0,18.0,2047,2033.0,-14.0,0,0,,0.0,0.0,0.0,0.0,0.0,2015-04-18,0,0.0,0.0,0.0,0.0,0.0
2015,4,25,6,DL,982,N353NB,CRW,ATL,700,809.0,69.0,19.0,828.0,87.0,108.0,79.0,363,947.0,10.0,827,957.0,90.0,0,0,,21.0,0.0,0.0,0.0,69.0,2015-04-25,1,30.43,0.0,0.0,0.0,100.0
2015,5,5,2,WN,531,N920WN,SAT,PHX,700,657.0,-3.0,7.0,704.0,145.0,138.0,126.0,843,710.0,5.0,725,715.0,-10.0,0,0,,0.0,0.0,0.0,0.0,0.0,2015-05-05,0,0.0,0.0,0.0,0.0,0.0
2015,4,2,4,DL,2584,N826DN,RSW,ATL,815,816.0,1.0,11.0,827.0,111.0,100.0,77.0,515,944.0,12.0,1006,956.0,-10.0,0,0,,0.0,0.0,0.0,0.0,0.0,2015-04-02,0,0.0,0.0,0.0,0.0,0.0
2015,4,26,7,DL,1077,N3760C,ATL,RDU,1410,1415.0,5.0,13.0,1428.0,85.0,68.0,51.0,356,1519.0,4.0,1535,1523.0,-12.0,0,0,,0.0,0.0,0.0,0.0,0.0,2015-04-26,0,0.0,0.0,0.0,0.0,0.0
2015,4,8,3,B6,1117,N558JB,LGA,TPA,1550,1625.0,35.0,33.0,1658.0,186.0,171.0,134.0,1010,1912.0,4.0,1856,1916.0,20.0,0,0,,0.0,0.0,19.0,1.0,0.0,2015-04-08,1,0.0,0.0,54.29,2.86,0.0
2015,4,30,4,UA,1044,N69840,DEN,BWI,1034,1035.0,1.0,19.0,1054.0,206.0,199.0,176.0,1491,1550.0,4.0,1600,1554.0,-6.0,0,0,,0.0,0.0,0.0,0.0,0.0,2015-04-30,0,0.0,0.0,0.0,0.0,0.0
2015,4,27,1,DL,2117,N328NW,ATL,COS,1905,1903.0,-2.0,17.0,1920.0,196.0,177.0,156.0,1184,1956.0,4.0,2021,2000.0,-21.0,0,0,,0.0,0.0,0.0,0.0,0.0,2015-04-27,0,0.0,0.0,0.0,0.0,0.0
2015,3,27,5,MQ,3086,N523MQ,LGA,BNA,820,1107.0,167.0,37.0,1144.0,152.0,163.0,121.0,764,1245.0,5.0,952,1250.0,178.0,0,0,,11.0,0.0,37.0,130.0,0.0,2015-03-27,1,6.59,0.0,22.16,77.84,0.0
2015,4,1,3,EV,4282,N13994,JAX,ORD,944,940.0,-4.0,17.0,957.0,155.0,175.0,150.0,864,1127.0,8.0,1119,1135.0,16.0,0,0,,16.0,0.0,0.0,0.0,0.0,2015-04-01,0,-400.0,-0.0,-0.0,-0.0,-0.0
2015,4,20,1,B6,384,N536JB,MCO,JFK,2042,2255.0,133.0,22.0,2317.0,150.0,148.0,120.0,944,117.0,6.0,2312,123.0,131.0,0,0,,131.0,0.0,0.0,0.0,0.0,2015-04-20,1,98.5,0.0,0.0,0.0,0.0
2015,5,3,7,US,1734,N738US,CLT,DCA,1255,1253.0,-2.0,11.0,1304.0,76.0,69.0,55.0,331,1359.0,3.0,1411,1402.0,-9.0,0,0,,0.0,0.0,0.0,0.0,0.0,2015-05-03,0,0.0,0.0,0.0,0.0,0.0
2015,5,4,1,UA,217,N494UA,IAD,SFO,925,947.0,22.0,12.0,959.0,360.0,327.0,304.0,2419,1203.0,11.0,1225,1214.0,-11.0,0,0,,0.0,0.0,0.0,0.0,0.0,2015-05-04,1,0.0,0.0,0.0,0.0,0.0
2015,4,28,2,AA,1613,N3DBAA,SJU,MIA,1600,1554.0,-6.0,14.0,1608.0,173.0,171.0,144.0,1045,1832.0,13.0,1853,1845.0,-8.0,0,0,,0.0,0.0,0.0,0.0,0.0,2015-04-28,0,0.0,0.0,0.0,0.0,0.0
2015,4,21,2,DL,1599,N907DA,ATL,PIT,1105,1106.0,1.0,16.0,1122.0,104.0,92.0,72.0,526,1234.0,4.0,1249,1238.0,-11.0,0,0,,0.0,0.0,0.0,0.0,0.0,2015-04-21,0,0.0,0.0,0.0,0.0,0.0
2015,5,4,1,EV,5677,N14180,CVG,EWR,906,900.0,-6.0,7.0,907.0,119.0,106.0,91.0,569,1038.0,8.0,1105,1046.0,-19.0,0,0,,0.0,0.0,0.0,0.0,0.0,2015-05-04,0,0.0,0.0,0.0,0.0,0.0
2015,4,26,7,AA,1149,N3FUAA,DEN,ORD,1350,1345.0,-5.0,16.0,1401.0,150.0,151.0,114.0,888,1655.0,21.0,1720,1716.0,-4.0,0,0,,0.0,0.0,0.0,0.0,0.0,2015-04-26,0,0.0,0.0,0.0,0.0,0.0
2015,4,19,7,WN,3576,N921WN,DAL,AUS,1455,1453.0,-2.0,11.0,1504.0,50.0,52.0,36.0,189,1540.0,5.0,1545,1545.0,0.0,0,0,,0.0,0.0,0.0,0.0,0.0,2015-04-19,0,0.0,0.0,0.0,0.0,0.0
2015,3,27,5,B6,688,N623JB,LAX,BOS,2350,13.0,23.0,20.0,33.0,323.0,338.0,313.0,2611,846.0,5.0,813,851.0,38.0,0,0,,15.0,0.0,3.0,20.0,0.0,2015-03-27,1,65.22,0.0,13.04,86.96,0.0
2015,4,28,2,AS,792,N552AS,SEA,DTW,850,848.0,-2.0,18.0,906.0,255.0,264.0,237.0,1927,1603.0,9.0,1605,1612.0,7.0,0,0,,0.0,0.0,0.0,0.0,0.0,2015-04-28,0,0.0,0.0,0.0,0.0,0.0
2015,3,28,6,OO,4626,N162PQ,PHX,LAX,1819,1823.0,4.0,22.0,1845.0,96.0,95.0,60.0,370,1945.0,13.0,1955,1958.0,3.0,0,0,,0.0,0.0,0.0,0.0,0.0,2015-03-28,0,0.0,0.0,0.0,0.0,0.0
2015,4,11,6,MQ,3429,N818MQ,JLN,DFW,1406,1417.0,11.0,9.0,1426.0,83.0,73.0,55.0,327,1521.0,9.0,1529,1530.0,1.0,0,0,,0.0,0.0,0.0,0.0,0.0,2015-04-11,0,0.0,0.0,0.0,0.0,0.0
2015,4,26,7,WN,473,N7702A,DEN,SLC,1400,1410.0,10.0,10.0,1420.0,85.0,74.0,58.0,391,1518.0,6.0,1525,1524.0,-1.0,0,0,,0.0,0.0,0.0,0.0,0.0,2015-04-26,0,0.0,0.0,0.0,0.0,0.0
2015,3,31,2,EV,2545,N680AE,DFW,CRP,1330,1330.0,0.0,10.0,1340.0,83.0,108.0,93.0,354,1513.0,5.0,1453,1518.0,25.0,0,0,,25.0,0.0,0.0,0.0,0.0,2015-03-31,0,inf,0.0,0.0,0.0,0.0
2015,3,28,6,DL,2227,N533US,ATL,FLL,700,700.0,0.0,13.0,713.0,106.0,103.0,86.0,581,839.0,4.0,846,843.0,-3.0,0,0,,0.0,0.0,0.0,0.0,0.0,2015-03-28,0,0.0,0.0,0.0,0.0,0.0
2015,4,25,6,UA,1754,N67134,SFO,EWR,1316,1336.0,20.0,15.0,1351.0,344.0,316.0,292.0,2565,2143.0,9.0,2200,2152.0,-8.0,0,0,,0.0,0.0,0.0,0.0,0.0,2015-04-25,1,0.0,0.0,0.0,0.0,0.0
2015,4,26,7,US,1700,N828AW,CLT,BDL,1430,1426.0,-4.0,14.0,1440.0,116.0,101.0,84.0,644,1604.0,3.0,1626,1607.0,-19.0,0,0,,0.0,0.0,0.0,0.0,0.0,2015-04-26,0,0.0,0.0,0.0,0.0,0.0
2015,4,30,4,DL,1255,N686DA,DEN,ATL,1725,1719.0,-6.0,11.0,1730.0,169.0,160.0,142.0,1199,2152.0,7.0,2214,2159.0,-15.0,0,0,,0.0,0.0,0.0,0.0,0.0,2015-04-30,0,0.0,0.0,0.0,0.0,0.0
2015,4,8,3,MQ,3601,N657MQ,CVG,DFW,808,800.0,-8.0,12.0,812.0,157.0,149.0,125.0,812,917.0,12.0,945,929.0,-16.0,0,0,,0.0,0.0,0.0,0.0,0.0,2015-04-08,0,0.0,0.0,0.0,0.0,0.0
2015,4,25,6,WN,1265,N653SW,DTW,BWI,555,552.0,-3.0,9.0,601.0,95.0,82.0,64.0,409,705.0,9.0,730,714.0,-16.0,0,0,,0.0,0.0,0.0,0.0,0.0,2015-04-25,0,0.0,0.0,0.0,0.0,0.0
2015,4,24,5,WN,2954,N367SW,SAN,SJC,2135,2242.0,67.0,16.0,2258.0,80.0,92.0,71.0,417,9.0,5.0,2255,14.0,79.0,0,0,,12.0,0.0,12.0,55.0,0.0,2015-04-24,1,17.91,0.0,17.91,82.09,0.0
2015,4,24,5,UA,575,N487UA,MCO,CLE,1105,1055.0,-10.0,12.0,1107.0,149.0,140.0,125.0,895,1312.0,3.0,1334,1315.0,-19.0,0,0,,0.0,0.0,0.0,0.0,0.0,2015-04-24,0,0.0,0.0,0.0,0.0,0.0
2015,4,11,6,OO,2741,N906SW,TUS,PHX,1810,1801.0,-9.0,17.0,1818.0,65.0,65.0,23.0,110,1841.0,25.0,1915,1906.0,-9.0,0,0,,0.0,0.0,0.0,0.0,0.0,2015-04-11,0,0.0,0.0,0.0,0.0,0.0
2015,4,14,2,DL,1984,N381DN,AUS,ATL,635,634.0,-1.0,15.0,649.0,128.0,134.0,107.0,813,936.0,12.0,943,948.0,5.0,0,0,,0.0,0.0,0.0,0.0,0.0,2015-04-14,0,0.0,0.0,0.0,0.0,0.0
2015,4,23,4,OO,4453,N614SK,LAX,OAK,1530,1525.0,-5.0,16.0,1541.0,84.0,79.0,57.0,337,1638.0,6.0,1654,1644.0,-10.0,0,0,,0.0,0.0,0.0,0.0,0.0,2015-04-23,0,0.0,0.0,0.0,0.0,0.0
2015,3,28,6,AA,1489,N3ACAA,MIA,LGA,1135,1214.0,39.0,15.0,1229.0,174.0,153.0,134.0,1096,1443.0,4.0,1429,1447.0,18.0,0,0,,0.0,0.0,16.0,2.0,0.0,2015-03-28,1,0.0,0.0,41.03,5.13,0.0
2015,4,24,5,MQ,3027,N609MQ,BWI,ORD,1754,1754.0,0.0,14.0,1808.0,140.0,136.0,107.0,622,1855.0,15.0,1914,1910.0,-4.0,0,0,,0.0,0.0,0.0,0.0,0.0,2015-04-24,0,0.0,0.0,0.0,0.0,0.0
2015,4,19,7,DL,408,N688DL,JFK,SLC,1120,1120.0,0.0,19.0,1139.0,305.0,288.0,263.0,1990,1402.0,6.0,1425,1408.0,-17.0,0,0,,0.0,0.0,0.0,0.0,0.0,2015-04-19,0,0.0,0.0,0.0,0.0,0.0
2015,3,27,5,DL,858,N3773D,DCA,DTW,1929,2010.0,41.0,20.0,2030.0,91.0,85.0,58.0,405,2128.0,7.0,2100,2135.0,35.0,0,0,,0.0,0.0,14.0,21.0,0.0,2015-03-27,1,0.0,0.0,34.15,51.22,0.0
2015,4,29,3,VX,193,N848VA,EWR,SFO,1725,1739.0,14.0,21.0,1800.0,390.0,360.0,333.0,2565,2033.0,6.0,2055,2039.0,-16.0,0,0,,0.0,0.0,0.0,0.0,0.0,2015-04-29,0,0.0,0.0,0.0,0.0,0.0
2015,4,3,5,NK,943,N634NK,ACY,RSW,600,557.0,-3.0,11.0,608.0,166.0,157.0,140.0,982,828.0,6.0,846,834.0,-12.0,0,0,,0.0,0.0,0.0,0.0,0.0,2015-04-03,0,0.0,0.0,0.0,0.0,0.0
2015,4,16,4,OO,3499,N227AG,SLC,PDX,800,752.0,-8.0,27.0,819.0,110.0,123.0,92.0,630,851.0,4.0,850,855.0,5.0,0,0,,0.0,0.0,0.0,0.0,0.0,2015-04-16,0,0.0,0.0,0.0,0.0,0.0
2015,3,27,5,UA,1489,N26910,IAH,DEN,900,904.0,4.0,25.0,929.0,154.0,152.0,119.0,862,1028.0,8.0,1034,1036.0,2.0,0,0,,0.0,0.0,0.0,0.0,0.0,2015-03-27,0,0.0,0.0,0.0,0.0,0.0
2015,4,10,5,DL,1746,N990DL,MIA,ATL,1000,957.0,-3.0,21.0,1018.0,120.0,119.0,92.0,594,1150.0,6.0,1200,1156.0,-4.0,0,0,,0.0,0.0,0.0,0.0,0.0,2015-04-10,0,0.0,0.0,0.0,0.0,0.0
2015,4,17,5,MQ,3281,N526MQ,CMH,LGA,1325,1431.0,66.0,10.0,1441.0,99.0,85.0,71.0,479,1552.0,4.0,1504,1556.0,52.0,0,0,,0.0,0.0,27.0,25.0,0.0,2015-04-17,1,0.0,0.0,40.91,37.88,0.0
2015,4,5,7,WN,825,N770SA,ATL,HOU,905,901.0,-4.0,10.0,911.0,145.0,126.0,111.0,696,1002.0,5.0,1030,1007.0,-23.0,0,0,,0.0,0.0,0.0,0.0,0.0,2015-04-05,0,0.0,0.0,0.0,0.0,0.0
2015,4,2,4,AA,2406,N5ELAA,LAX,DFW,59,106.0,7.0,11.0,117.0,175.0,155.0,141.0,1235,538.0,3.0,554,541.0,-13.0,0,0,,0.0,0.0,0.0,0.0,0.0,2015-04-02,0,0.0,0.0,0.0,0.0,0.0
2015,4,6,1,WN,539,N784SW,MDW,SDF,640,634.0,-6.0,10.0,644.0,65.0,58.0,44.0,271,828.0,4.0,845,832.0,-13.0,0,0,,0.0,0.0,0.0,0.0,0.0,2015-04-06,0,0.0,0.0,0.0,0.0,0.0
2015,4,21,2,DL,1567,N828DN,ATL,SAN,2159,2156.0,-3.0,15.0,2211.0,293.0,277.0,259.0,1892,2330.0,3.0,2352,2333.0,-19.0,0,0,,0.0,0.0,0.0,0.0,0.0,2015-04-21,0,0.0,0.0,0.0,0.0,0.0
2015,4,30,4,DL,1322,N977AT,PHL,DTW,730,729.0,-1.0,17.0,746.0,100.0,98.0,75.0,453,901.0,6.0,910,907.0,-3.0,0,0,,0.0,0.0,0.0,0.0,0.0,2015-04-30,0,0.0,0.0,0.0,0.0,0.0
2015,3,27,5,AA,1101,N5CGAA,JFK,MIA,650,652.0,2.0,21.0,713.0,198.0,193.0,163.0,1089,956.0,9.0,1008,1005.0,-3.0,0,0,,0.0,0.0,0.0,0.0,0.0,2015-03-27,0,0.0,0.0,0.0,0.0,0.0
2015,4,17,5,WN,1181,N520SW,HOU,MAF,1955,50.0,295.0,7.0,57.0,85.0,73.0,63.0,441,200.0,3.0,2120,203.0,283.0,0,0,,0.0,0.0,21.0,262.0,0.0,2015-04-17,1,0.0,0.0,7.12,88.81,0.0
2015,4,11,6,AA,259,N3FPAA,DFW,SFO,1045,1039.0,-6.0,25.0,1104.0,237.0,253.0,222.0,1464,1246.0,6.0,1242,1252.0,10.0,0,0,,0.0,0.0,0.0,0.0,0.0,2015-04-11,0,0.0,0.0,0.0,0.0,0.0
2015,4,8,3,OO,5565,N507CA,DEN,FAT,1846,1843.0,-3.0,10.0,1853.0,145.0,131.0,116.0,844,1949.0,5.0,2011,1954.0,-17.0,0,0,,0.0,0.0,0.0,0.0,0.0,2015-04-08,0,0.0,0.0,0.0,0.0,0.0
2015,3,30,1,AA,2353,N015AA,ORD,DFW,2020,2016.0,-4.0,14.0,2030.0,165.0,139.0,115.0,802,2225.0,10.0,2305,2235.0,-30.0,0,0,,0.0,0.0,0.0,0.0,0.0,2015-03-30,0,0.0,0.0,0.0,0.0,0.0
2015,4,13,1,EV,5665,N11526,IAH,GRK,2113,2110.0,-3.0,9.0,2119.0,60.0,49.0,35.0,166,2154.0,5.0,2213,2159.0,-14.0,0,0,,0.0,0.0,0.0,0.0,0.0,2015-04-13,0,0.0,0.0,0.0,0.0,0.0
2015,3,31,2,AA,1136,N3GLAA,DFW,SAN,2150,2212.0,22.0,17.0,2229.0,190.0,184.0,163.0,1171,2312.0,4.0,2300,2316.0,16.0,0,0,,0.0,0.0,0.0,16.0,0.0,2015-03-31,1,0.0,0.0,0.0,72.73,0.0
2015,4,22,3,WN,894,N492WN,DAL,MDW,1200,1158.0,-2.0,10.0,1208.0,130.0,119.0,105.0,793,1353.0,4.0,1410,1357.0,-13.0,0,0,,0.0,0.0,0.0,0.0,0.0,2015-04-22,0,0.0,0.0,0.0,0.0,0.0
2015,4,25,6,AA,180,N794AA,LAX,JFK,1650,1738.0,48.0,22.0,1800.0,327.0,340.0,306.0,2475,206.0,12.0,117,218.0,61.0,0,0,,13.0,0.0,16.0,32.0,0.0,2015-04-25,1,27.08,0.0,33.33,66.67,0.0
2015,4,13,1,US,2142,N829AW,BOS,DCA,1500,1453.0,-7.0,15.0,1508.0,93.0,90.0,66.0,399,1614.0,9.0,1633,1623.0,-10.0,0,0,,0.0,0.0,0.0,0.0,0.0,2015-04-13,0,0.0,0.0,0.0,0.0,0.0
2015,4,27,1,B6,1410,N334JB,JAX,BOS,1220,1210.0,-10.0,13.0,1223.0,154.0,148.0,129.0,1010,1432.0,6.0,1454,1438.0,-16.0,0,0,,0.0,0.0,0.0,0.0,0.0,2015-04-27,0,0.0,0.0,0.0,0.0,0.0
2015,3,26,4,OO,5582,N103SY,ATL,ORD,2050,2044.0,-6.0,23.0,2107.0,128.0,118.0,90.0,606,2137.0,5.0,2158,2142.0,-16.0,0,0,,0.0,0.0,0.0,0.0,0.0,2015-03-26,0,0.0,0.0,0.0,0.0,0.0
2015,4,17,5,HA,7,N389HA,LAS,HNL,900,854.0,-6.0,18.0,912.0,380.0,380.0,346.0,2762,1158.0,16.0,1220,1214.0,-6.0,0,0,,0.0,0.0,0.0,0.0,0.0,2015-04-17,0,0.0,0.0,0.0,0.0,0.0
2015,3,30,1,UA,493,N529UA,ORD,SFO,1926,1927.0,1.0,15.0,1942.0,278.0,261.0,239.0,1846,2141.0,7.0,2204,2148.0,-16.0,0,0,,0.0,0.0,0.0,0.0,0.0,2015-03-30,0,0.0,0.0,0.0,0.0,0.0
2015,3,31,2,WN,3215,N654SW,ELP,DAL,1050,1050.0,0.0,11.0,1101.0,95.0,89.0,74.0,562,1315.0,4.0,1325,1319.0,-6.0,0,0,,0.0,0.0,0.0,0.0,0.0,2015-03-31,0,0.0,0.0,0.0,0.0,0.0
2015,5,4,1,US,495,N197UW,PHL,PHX,700,658.0,-2.0,9.0,707.0,312.0,288.0,271.0,2075,838.0,8.0,912,846.0,-26.0,0,0,,0.0,0.0,0.0,0.0,0.0,2015-05-04,0,0.0,0.0,0.0,0.0,0.0
2015,4,14,2,F9,693,N932FR,CID,DEN,1933,1928.0,-5.0,8.0,1936.0,124.0,117.0,97.0,692,2013.0,12.0,2037,2025.0,-12.0,0,0,,0.0,0.0,0.0,0.0,0.0,2015-04-14,0,0.0,0.0,0.0,0.0,0.0
2015,4,20,1,DL,1980,N946DL,BHM,ATL,645,640.0,-5.0,48.0,728.0,69.0,97.0,39.0,134,907.0,10.0,854,917.0,23.0,0,0,,23.0,0.0,0.0,0.0,0.0,2015-04-20,0,-460.0,-0.0,-0.0,-0.0,-0.0
2015,4,13,1,AA,334,N471AA,DFW,MFE,850,842.0,-8.0,22.0,904.0,98.0,99.0,71.0,469,1015.0,6.0,1028,1021.0,-7.0,0,0,,0.0,0.0,0.0,0.0,0.0,2015-04-13,0,0.0,0.0,0.0,0.0,0.0
2015,3,28,6,UA,1705,N23721,ORD,SNA,1920,2007.0,47.0,14.0,2021.0,269.0,236.0,218.0,1726,2159.0,4.0,2149,2203.0,14.0,0,0,,0.0,0.0,0.0,0.0,0.0,2015-03-28,1,0.0,0.0,0.0,0.0,0.0
2015,4,21,2,UA,796,N473UA,IAD,LAS,833,827.0,-6.0,18.0,845.0,308.0,304.0,279.0,2065,1024.0,7.0,1041,1031.0,-10.0,0,0,,0.0,0.0,0.0,0.0,0.0,2015-04-21,0,0.0,0.0,0.0,0.0,0.0
2015,4,16,4,OO,4454,N823SK,LAX,OAK,2035,2025.0,-10.0,16.0,2041.0,87.0,77.0,57.0,337,2138.0,4.0,2202,2142.0,-20.0,0,0,,0.0,0.0,0.0,0.0,0.0,2015-04-16,0,0.0,0.0,0.0,0.0,0.0
2015,4,9,4,MQ,3654,N633MQ,FAR,ORD,600,1211.0,371.0,12.0,1223.0,113.0,111.0,92.0,557,1355.0,7.0,753,1402.0,369.0,0,0,,0.0,0.0,0.0,0.0,369.0,2015-04-09,1,0.0,0.0,0.0,0.0,99.46
2015,4,28,2,MQ,3430,N931MQ,DFW,LFT,1535,1613.0,38.0,17.0,1630.0,85.0,76.0,55.0,351,1725.0,4.0,1700,1729.0,29.0,0,0,,0.0,0.0,15.0,14.0,0.0,2015-04-28,1,0.0,0.0,39.47,36.84,0.0
2015,5,3,7,UA,1523,N39415,ORD,SFO,1845,1846.0,1.0,27.0,1913.0,285.0,289.0,255.0,1846,2128.0,7.0,2130,2135.0,5.0,0,0,,0.0,0.0,0.0,0.0,0.0,2015-05-03,0,0.0,0.0,0.0,0.0,0.0
2015,4,23,4,WN,1785,N481WN,FLL,STL,1030,1030.0,0.0,18.0,1048.0,170.0,193.0,172.0,1057,1240.0,3.0,1220,1243.0,23.0,0,0,,23.0,0.0,0.0,0.0,0.0,2015-04-23,0,inf,0.0,0.0,0.0,0.0
2015,4,6,1,AA,42,N3GYAA,SEA,ORD,710,705.0,-5.0,20.0,725.0,247.0,231.0,199.0,1721,1244.0,12.0,1317,1256.0,-21.0,0,0,,0.0,0.0,0.0,0.0,0.0,2015-04-06,0,0.0,0.0,0.0,0.0,0.0
2015,4,28,2,UA,1741,N77871,OGG,SFO,2120,2120.0,0.0,10.0,2130.0,299.0,297.0,276.0,2338,506.0,11.0,519,517.0,-2.0,0,0,,0.0,0.0,0.0,0.0,0.0,2015-04-28,0,0.0,0.0,0.0,0.0,0.0
2015,3,30,1,WN,4469,N276WN,CMH,MCO,1150,1144.0,-6.0,10.0,1154.0,130.0,122.0,104.0,802,1338.0,8.0,1400,1346.0,-14.0,0,0,,0.0,0.0,0.0,0.0,0.0,2015-03-30,0,0.0,0.0,0.0,0.0,0.0
2015,5,3,7,OO,5168,N928SW,DEN,LIT,2005,2005.0,0.0,28.0,2033.0,131.0,136.0,101.0,771,2314.0,7.0,2316,2321.0,5.0,0,0,,0.0,0.0,0.0,0.0,0.0,2015-05-03,0,0.0,0.0,0.0,0.0,0.0
2015,4,13,1,UA,1412,N37427,ORD,SAN,1935,1932.0,-3.0,14.0,1946.0,258.0,241.0,223.0,1723,2129.0,4.0,2153,2133.0,-20.0,0,0,,0.0,0.0,0.0,0.0,0.0,2015-04-13,0,0.0,0.0,0.0,0.0,0.0
2015,3,27,5,US,458,N556UW,DEN,PHX,1220,1238.0,18.0,12.0,1250.0,111.0,98.0,83.0,602,1313.0,3.0,1311,1316.0,5.0,0,0,,0.0,0.0,0.0,0.0,0.0,2015-03-27,1,0.0,0.0,0.0,0.0,0.0
2015,4,22,3,NK,130,N524NK,ATL,ACY,2140,2130.0,-10.0,14.0,2144.0,114.0,99.0,82.0,679,2306.0,3.0,2334,2309.0,-25.0,0,0,,0.0,0.0,0.0,0.0,0.0,2015-04-22,0,0.0,0.0,0.0,0.0,0.0
2015,3,28,6,WN,1374,N402WN,BDL,ATL,1620,1646.0,26.0,15.0,1701.0,155.0,139.0,116.0,859,1857.0,8.0,1855,1905.0,10.0,0,0,,0.0,0.0,0.0,0.0,0.0,2015-03-28,1,0.0,0.0,0.0,0.0,0.0
2015,5,4,1,DL,1765,N555NW,RSW,ATL,1423,1424.0,1.0,12.0,1436.0,106.0,94.0,77.0,515,1553.0,5.0,1609,1558.0,-11.0,0,0,,0.0,0.0,0.0,0.0,0.0,2015-05-04,0,0.0,0.0,0.0,0.0,0.0
2015,3,30,1,UA,730,N848UA,MSP,ORD,1758,1915.0,77.0,11.0,1926.0,91.0,69.0,49.0,334,2015.0,9.0,1929,2024.0,55.0,0,0,,0.0,0.0,0.0,55.0,0.0,2015-03-30,1,0.0,0.0,0.0,71.43,0.0
2015,4,24,5,WN,646,N625SW,OAK,LAS,2155,2152.0,-3.0,13.0,2205.0,85.0,80.0,62.0,407,2307.0,5.0,2320,2312.0,-8.0,0,0,,0.0,0.0,0.0,0.0,0.0,2015-04-24,0,0.0,0.0,0.0,0.0,0.0
2015,3,26,4,EV,5336,N980EV,FSM,ATL,700,655.0,-5.0,7.0,702.0,102.0,109.0,93.0,579,935.0,9.0,942,944.0,2.0,0,0,,0.0,0.0,0.0,0.0,0.0,2015-03-26,0,0.0,0.0,0.0,0.0,0.0
2015,4,9,4,WN,4993,N715SW,BNA,DTW,1000,957.0,-3.0,15.0,1012.0,95.0,107.0,79.0,456,1231.0,13.0,1235,1244.0,9.0,0,0,,0.0,0.0,0.0,0.0,0.0,2015-04-09,0,0.0,0.0,0.0,0.0,0.0
2015,3,27,5,UA,461,N497UA,IAH,LGA,845,1028.0,103.0,21.0,1049.0,206.0,194.0,155.0,1416,1424.0,18.0,1311,1442.0,91.0,0,0,,91.0,0.0,0.0,0.0,0.0,2015-03-27,1,88.35,0.0,0.0,0.0,0.0
2015,4,23,4,AA,1108,N3ECAA,LGA,DFW,1310,1309.0,-1.0,15.0,1324.0,242.0,244.0,207.0,1389,1551.0,22.0,1612,1613.0,1.0,0,0,,0.0,0.0,0.0,0.0,0.0,2015-04-23,0,0.0,0.0,0.0,0.0,0.0
2015,4,20,1,OO,4832,N617QX,SJC,LAX,914,911.0,-3.0,16.0,927.0,86.0,103.0,62.0,308,1029.0,25.0,1040,1054.0,14.0,0,0,,0.0,0.0,0.0,0.0,0.0,2015-04-20,0,0.0,0.0,0.0,0.0,0.0
2015,4,14,2,UA,112,N26208,ORD,DEN,1455,1502.0,7.0,13.0,1515.0,155.0,137.0,119.0,888,1614.0,5.0,1630,1619.0,-11.0,0,0,,0.0,0.0,0.0,0.0,0.0,2015-04-14,0,0.0,0.0,0.0,0.0,0.0
2015,4,30,4,AA,2458,N426AA,ORD,TPA,1820,1852.0,32.0,23.0,1915.0,166.0,146.0,120.0,1012,2215.0,3.0,2206,2218.0,12.0,0,0,,0.0,0.0,0.0,0.0,0.0,2015-04-30,1,0.0,0.0,0.0,0.0,0.0
2015,4,21,2,WN,638,N361SW,PHX,SJC,1430,1429.0,-1.0,7.0,1436.0,110.0,99.0,89.0,621,1605.0,3.0,1620,1608.0,-12.0,0,0,,0.0,0.0,0.0,0.0,0.0,2015-04-21,0,0.0,0.0,0.0,0.0,0.0
2015,4,28,2,B6,624,N942JB,LAX,JFK,2345,2357.0,12.0,24.0,21.0,315.0,334.0,307.0,2475,828.0,3.0,800,831.0,31.0,0,0,,19.0,0.0,12.0,0.0,0.0,2015-04-28,0,158.33,0.0,100.0,0.0,0.0
2015,4,29,3,DL,2347,N353NB,MSP,PHL,1500,1457.0,-3.0,7.0,1504.0,151.0,141.0,125.0,980,1809.0,9.0,1831,1818.0,-13.0,0,0,,0.0,0.0,0.0,0.0,0.0,2015-04-29,0,0.0,0.0,0.0,0.0,0.0
2015,4,17,5,UA,741,N827UA,LGA,ORD,1600,1605.0,5.0,21.0,1626.0,166.0,155.0,114.0,733,1720.0,20.0,1746,1740.0,-6.0,0,0,,0.0,0.0,0.0,0.0,0.0,2015-04-17,0,0.0,0.0,0.0,0.0,0.0
2015,4,28,2,WN,786,N226WN,SJC,LAX,950,947.0,-3.0,18.0,1005.0,75.0,78.0,53.0,308,1058.0,7.0,1105,1105.0,0.0,0,0,,0.0,0.0,0.0,0.0,0.0,2015-04-28,0,0.0,0.0,0.0,0.0,0.0
2015,4,23,4,MQ,2918,N922MQ,ORD,AZO,2200,2156.0,-4.0,16.0,2212.0,56.0,42.0,24.0,122,2336.0,2.0,2356,2338.0,-18.0,0,0,,0.0,0.0,0.0,0.0,0.0,2015-04-23,0,0.0,0.0,0.0,0.0,0.0
2015,4,29,3,DL,901,N627DL,DTW,ATL,1454,1454.0,0.0,12.0,1506.0,116.0,103.0,87.0,594,1633.0,4.0,1650,1637.0,-13.0,0,0,,0.0,0.0,0.0,0.0,0.0,2015-04-29,0,0.0,0.0,0.0,0.0,0.0
2015,4,6,1,F9,1385,N209FR,RSW,CLE,2020,2022.0,2.0,13.0,2035.0,155.0,158.0,138.0,1025,2253.0,7.0,2255,2300.0,5.0,0,0,,0.0,0.0,0.0,0.0,0.0,2015-04-06,0,0.0,0.0,0.0,0.0,0.0
2015,4,11,6,OO,4698,N603QX,PDX,LAX,1305,1300.0,-5.0,11.0,1311.0,150.0,140.0,114.0,834,1505.0,15.0,1535,1520.0,-15.0,0,0,,0.0,0.0,0.0,0.0,0.0,2015-04-11,0,0.0,0.0,0.0,0.0,0.0
2015,3,27,5,WN,2349,N792SW,LAS,BWI,1315,1340.0,25.0,23.0,1403.0,265.0,279.0,252.0,2106,2115.0,4.0,2040,2119.0,39.0,0,0,,14.0,0.0,12.0,13.0,0.0,2015-03-27,1,56.0,0.0,48.0,52.0,0.0
2015,3,27,5,UA,335,N449UA,IAH,LAS,1926,1923.0,-3.0,22.0,1945.0,211.0,189.0,161.0,1222,2026.0,6.0,2057,2032.0,-25.0,0,0,,0.0,0.0,0.0,0.0,0.0,2015-03-27,0,0.0,0.0,0.0,0.0,0.0
2015,4,6,1,AA,2310,N3AWAA,SEA,DFW,1505,1502.0,-3.0,14.0,1516.0,230.0,234.0,205.0,1660,2041.0,15.0,2055,2056.0,1.0,0,0,,0.0,0.0,0.0,0.0,0.0,2015-04-06,0,0.0,0.0,0.0,0.0,0.0
2015,4,14,2,EV,4931,N846AS,ATL,FWA,2044,2043.0,-1.0,22.0,2105.0,99.0,94.0,69.0,508,2214.0,3.0,2223,2217.0,-6.0,0,0,,0.0,0.0,0.0,0.0,0.0,2015-04-14,0,0.0,0.0,0.0,0.0,0.0
2015,4,3,5,US,753,N290AY,SJU,CLT,1645,1648.0,3.0,9.0,1657.0,222.0,235.0,202.0,1475,2019.0,24.0,2027,2043.0,16.0,0,0,,13.0,0.0,0.0,3.0,0.0,2015-04-03,0,433.33,0.0,0.0,100.0,0.0
2015,4,15,3,EV,5916,N26549,ORD,MOB,1940,1944.0,4.0,15.0,1959.0,136.0,131.0,112.0,779,2151.0,4.0,2156,2155.0,-1.0,0,0,,0.0,0.0,0.0,0.0,0.0,2015-04-15,0,0.0,0.0,0.0,0.0,0.0
2015,4,22,3,MQ,3336,N674MQ,FWA,DFW,1421,1413.0,-8.0,9.0,1422.0,158.0,160.0,142.0,859,1544.0,9.0,1559,1553.0,-6.0,0,0,,0.0,0.0,0.0,0.0,0.0,2015-04-22,0,0.0,0.0,0.0,0.0,0.0
2015,4,29,3,EV,3838,N16561,PIA,ORD,1103,1051.0,-12.0,22.0,1113.0,53.0,63.0,36.0,130,1149.0,5.0,1156,1154.0,-2.0,0,0,,0.0,0.0,0.0,0.0,0.0,2015-04-29,0,0.0,0.0,0.0,0.0,0.0
2015,4,22,3,F9,1204,N912FR,OMA,MCO,1024,1018.0,-6.0,10.0,1028.0,173.0,160.0,139.0,1211,1347.0,11.0,1417,1358.0,-19.0,0,0,,0.0,0.0,0.0,0.0,0.0,2015-04-22,0,0.0,0.0,0.0,0.0,0.0
2015,3,29,7,OO,4599,N820SK,LAS,LAX,1750,1754.0,4.0,15.0,1809.0,75.0,62.0,43.0,236,1852.0,4.0,1905,1856.0,-9.0,0,0,,0.0,0.0,0.0,0.0,0.0,2015-03-29,0,0.0,0.0,0.0,0.0,0.0
2015,4,14,2,AA,2339,N438AA,ORD,DFW,1521,1547.0,26.0,10.0,1557.0,164.0,141.0,121.0,802,1758.0,10.0,1805,1808.0,3.0,0,0,,0.0,0.0,0.0,0.0,0.0,2015-04-14,1,0.0,0.0,0.0,0.0,0.0
2015,4,15,3,WN,1459,N937WN,SNA,LAS,725,722.0,-3.0,26.0,748.0,65.0,77.0,46.0,226,834.0,5.0,830,839.0,9.0,0,0,,0.0,0.0,0.0,0.0,0.0,2015-04-15,0,0.0,0.0,0.0,0.0,0.0
2015,4,24,5,MQ,3349,N845MQ,LGA,CLE,910,901.0,-9.0,47.0,948.0,111.0,121.0,70.0,419,1058.0,4.0,1101,1102.0,1.0,0,0,,0.0,0.0,0.0,0.0,0.0,2015-04-24,0,0.0,0.0,0.0,0.0,0.0
2015,4,16,4,DL,1137,N3773D,RDU,ATL,830,826.0,-4.0,16.0,842.0,96.0,95.0,71.0,356,953.0,8.0,1006,1001.0,-5.0,0,0,,0.0,0.0,0.0,0.0,0.0,2015-04-16,0,0.0,0.0,0.0,0.0,0.0
2015,4,30,4,HA,30,N395HA,OGG,SEA,1455,1454.0,-1.0,11.0,1505.0,330.0,345.0,326.0,2640,2331.0,8.0,2325,2339.0,14.0,0,0,,0.0,0.0,0.0,0.0,0.0,2015-04-30,0,0.0,0.0,0.0,0.0,0.0
2015,4,7,2,DL,2231,N315NB,DTW,LGA,1359,1357.0,-2.0,11.0,1408.0,101.0,86.0,70.0,502,1518.0,5.0,1540,1523.0,-17.0,0,0,,0.0,0.0,0.0,0.0,0.0,2015-04-07,0,0.0,0.0,0.0,0.0,0.0
2015,5,3,7,OO,6510,N742SK,LAX,SMF,1620,1618.0,-2.0,21.0,1639.0,88.0,86.0,59.0,373,1738.0,6.0,1748,1744.0,-4.0,0,0,,0.0,0.0,0.0,0.0,0.0,2015-05-03,0,0.0,0.0,0.0,0.0,0.0
2015,4,15,3,B6,1246,N265JB,CLT,BOS,1145,1314.0,89.0,23.0,1337.0,130.0,127.0,93.0,728,1510.0,11.0,1355,1521.0,86.0,0,0,,0.0,0.0,86.0,0.0,0.0,2015-04-15,1,0.0,0.0,96.63,0.0,0.0
2015,4,14,2,B6,1416,N603JB,LGB,AUS,1124,1115.0,-9.0,9.0,1124.0,164.0,164.0,152.0,1226,1556.0,3.0,1608,1559.0,-9.0,0,0,,0.0,0.0,0.0,0.0,0.0,2015-04-14,0,0.0,0.0,0.0,0.0,0.0
2015,4,27,1,WN,291,N916WN,ABQ,LAX,1040,1042.0,2.0,7.0,1049.0,120.0,104.0,88.0,677,1117.0,9.0,1140,1126.0,-14.0,0,0,,0.0,0.0,0.0,0.0,0.0,2015-04-27,0,0.0,0.0,0.0,0.0,0.0
2015,4,26,7,MQ,3201,N824MQ,DFW,GPT,1205,1203.0,-2.0,30.0,1233.0,101.0,99.0,65.0,500,1338.0,4.0,1346,1342.0,-4.0,0,0,,0.0,0.0,0.0,0.0,0.0,2015-04-26,0,0.0,0.0,0.0,0.0,0.0
2015,4,29,3,EV,5059,N881AS,GNV,ATL,1500,1456.0,-4.0,7.0,1503.0,77.0,72.0,57.0,300,1600.0,8.0,1617,1608.0,-9.0,0,0,,0.0,0.0,0.0,0.0,0.0,2015-04-29,0,0.0,0.0,0.0,0.0,0.0
2015,4,6,1,B6,1392,N645JB,TPA,BOS,2055,2048.0,-7.0,10.0,2058.0,174.0,166.0,150.0,1185,2328.0,6.0,2349,2334.0,-15.0,0,0,,0.0,0.0,0.0,0.0,0.0,2015-04-06,0,0.0,0.0,0.0,0.0,0.0
2015,4,8,3,UA,1067,N73406,SEA,DEN,1508,1506.0,-2.0,15.0,1521.0,160.0,153.0,131.0,1024,1832.0,7.0,1848,1839.0,-9.0,0,0,,0.0,0.0,0.0,0.0,0.0,2015-04-08,0,0.0,0.0,0.0,0.0,0.0
2015,4,29,3,WN,3133,N745SW,PHX,SLC,1105,1115.0,10.0,11.0,1126.0,95.0,86.0,73.0,507,1339.0,2.0,1340,1341.0,1.0,0,0,,0.0,0.0,0.0,0.0,0.0,2015-04-29,0,0.0,0.0,0.0,0.0,0.0
2015,4,13,1,WN,993,N491WN,STL,RDU,1945,2016.0,31.0,12.0,2028.0,105.0,105.0,86.0,667,2254.0,7.0,2230,2301.0,31.0,0,0,,0.0,0.0,1.0,30.0,0.0,2015-04-13,1,0.0,0.0,3.23,96.77,0.0
2015,4,2,4,OO,4733,N817SK,SEA,SJC,1510,1505.0,-5.0,12.0,1517.0,123.0,115.0,101.0,697,1658.0,2.0,1713,1700.0,-13.0,0,0,,0.0,0.0,0.0,0.0,0.0,2015-04-02,0,0.0,0.0,0.0,0.0,0.0
2015,3,26,4,OO,7414,N455SW,RHI,MSP,703,703.0,0.0,26.0,729.0,67.0,87.0,50.0,190,819.0,11.0,810,830.0,20.0,0,0,,20.0,0.0,0.0,0.0,0.0,2015-03-26,0,inf,0.0,0.0,0.0,0.0
2015,4,9,4,AS,715,N795AS,SLC,PDX,1850,1836.0,-14.0,20.0,1856.0,114.0,114.0,90.0,630,1926.0,4.0,1944,1930.0,-14.0,0,0,,0.0,0.0,0.0,0.0,0.0,2015-04-09,0,0.0,0.0,0.0,0.0,0.0
2015,3,30,1,WN,566,N442WN,SAN,SJC,620,619.0,-1.0,14.0,633.0,90.0,77.0,60.0,417,733.0,3.0,750,736.0,-14.0,0,0,,0.0,0.0,0.0,0.0,0.0,2015-03-30,0,0.0,0.0,0.0,0.0,0.0
2015,4,23,4,OO,4534,N440SW,TUL,MSP,1645,1641.0,-4.0,18.0,1659.0,115.0,124.0,96.0,615,1835.0,10.0,1840,1845.0,5.0,0,0,,0.0,0.0,0.0,0.0,0.0,2015-04-23,0,0.0,0.0,0.0,0.0,0.0
2015,4,26,7,MQ,3055,N604MQ,ORD,FAR,1610,1602.0,-8.0,13.0,1615.0,115.0,104.0,88.0,557,1743.0,3.0,1805,1746.0,-19.0,0,0,,0.0,0.0,0.0,0.0,0.0,2015-04-26,0,0.0,0.0,0.0,0.0,0.0
2015,3,31,2,US,720,N154UW,PHX,CLT,1005,1007.0,2.0,13.0,1020.0,242.0,230.0,204.0,1773,1644.0,13.0,1707,1657.0,-10.0,0,0,,0.0,0.0,0.0,0.0,0.0,2015-03-31,0,0.0,0.0,0.0,0.0,0.0
2015,3,29,7,US,647,N656AW,JFK,PHX,630,634.0,4.0,18.0,652.0,338.0,346.0,290.0,2153,842.0,38.0,908,920.0,12.0,0,0,,0.0,0.0,0.0,0.0,0.0,2015-03-29,0,0.0,0.0,0.0,0.0,0.0
2015,4,17,5,WN,3399,N620SW,SFO,SAN,1240,1237.0,-3.0,10.0,1247.0,90.0,81.0,68.0,447,1355.0,3.0,1410,1358.0,-12.0,0,0,,0.0,0.0,0.0,0.0,0.0,2015-04-17,0,0.0,0.0,0.0,0.0,0.0
2015,4,9,4,VX,370,N524VA,LAX,BOS,2145,2147.0,2.0,10.0,2157.0,320.0,315.0,297.0,2611,554.0,8.0,605,602.0,-3.0,0,0,,0.0,0.0,0.0,0.0,0.0,2015-04-09,0,0.0,0.0,0.0,0.0,0.0
2015,4,21,2,MQ,3548,N534MQ,CMH,ORD,1230,1321.0,51.0,29.0,1350.0,79.0,94.0,57.0,296,1347.0,8.0,1249,1355.0,66.0,0,0,,15.0,0.0,51.0,0.0,0.0,2015-04-21,1,29.41,0.0,100.0,0.0,0.0
2015,4,28,2,B6,602,N805JB,PHX,BOS,2131,2155.0,24.0,13.0,2208.0,287.0,295.0,279.0,2300,547.0,3.0,518,550.0,32.0,0,0,,8.0,0.0,24.0,0.0,0.0,2015-04-28,1,33.33,0.0,100.0,0.0,0.0
2015,4,6,1,US,2118,N946UW,BOS,LGA,1800,1755.0,-5.0,25.0,1820.0,81.0,81.0,52.0,184,1912.0,4.0,1921,1916.0,-5.0,0,0,,0.0,0.0,0.0,0.0,0.0,2015-04-06,0,0.0,0.0,0.0,0.0,0.0
2015,3,27,5,OO,7399,N416SW,MSP,HIB,1115,1121.0,6.0,16.0,1137.0,61.0,56.0,36.0,174,1213.0,4.0,1216,1217.0,1.0,0,0,,0.0,0.0,0.0,0.0,0.0,2015-03-27,0,0.0,0.0,0.0,0.0,0.0
2015,4,17,5,OO,5578,N934SW,MCI,ORD,1015,1008.0,-7.0,11.0,1019.0,94.0,81.0,61.0,403,1120.0,9.0,1149,1129.0,-20.0,0,0,,0.0,0.0,0.0,0.0,0.0,2015-04-17,0,0.0,0.0,0.0,0.0,0.0
2015,4,14,2,WN,2438,N233LV,SNA,SFO,645,644.0,-1.0,23.0,707.0,100.0,92.0,64.0,372,811.0,5.0,825,816.0,-9.0,0,0,,0.0,0.0,0.0,0.0,0.0,2015-04-14,0,0.0,0.0,0.0,0.0,0.0
2015,4,12,7,WN,654,N363SW,SFO,SAN,1735,1733.0,-2.0,8.0,1741.0,95.0,78.0,68.0,447,1849.0,2.0,1910,1851.0,-19.0,0,0,,0.0,0.0,0.0,0.0,0.0,2015-04-12,0,0.0,0.0,0.0,0.0,0.0
2015,4,24,5,EV,3257,N12569,GSP,ORD,720,713.0,-7.0,10.0,723.0,120.0,116.0,99.0,578,802.0,7.0,820,809.0,-11.0,0,0,,0.0,0.0,0.0,0.0,0.0,2015-04-24,0,0.0,0.0,0.0,0.0,0.0
2015,4,9,4,OO,4794,N437SW,MSP,LAN,1958,2149.0,111.0,14.0,2203.0,95.0,116.0,97.0,455,40.0,5.0,2233,45.0,132.0,0,0,,21.0,0.0,0.0,35.0,76.0,2015-04-09,1,18.92,0.0,0.0,31.53,68.47
2015,4,8,3,WN,2518,N643SW,ONT,PHX,530,528.0,-2.0,12.0,540.0,70.0,68.0,50.0,325,630.0,6.0,640,636.0,-4.0,0,0,,0.0,0.0,0.0,0.0,0.0,2015-04-08,0,0.0,0.0,0.0,0.0,0.0
2015,4,7,2,EV,5680,N11548,CLT,EWR,620,615.0,-5.0,21.0,636.0,109.0,110.0,82.0,529,758.0,7.0,809,805.0,-4.0,0,0,,0.0,0.0,0.0,0.0,0.0,2015-04-07,0,0.0,0.0,0.0,0.0,0.0
2015,4,28,2,WN,910,N925WN,MDW,PIT,2130,2125.0,-5.0,13.0,2138.0,80.0,79.0,61.0,402,2339.0,5.0,2350,2344.0,-6.0,0,0,,0.0,0.0,0.0,0.0,0.0,2015-04-28,0,0.0,0.0,0.0,0.0,0.0
2015,4,16,4,AS,64,N762AS,JNU,PSG,1405,1406.0,1.0,12.0,1418.0,42.0,48.0,32.0,123,1450.0,4.0,1447,1454.0,7.0,0,0,,0.0,0.0,0.0,0.0,0.0,2015-04-16,0,0.0,0.0,0.0,0.0,0.0
2015,5,1,5,DL,2122,N344NB,JFK,AUS,910,915.0,5.0,40.0,955.0,264.0,247.0,201.0,1521,1216.0,6.0,1234,1222.0,-12.0,0,0,,0.0,0.0,0.0,0.0,0.0,2015-05-01,0,0.0,0.0,0.0,0.0,0.0
2015,5,4,1,WN,149,N442WN,SJC,LAX,1510,1521.0,11.0,12.0,1533.0,65.0,71.0,54.0,308,1627.0,5.0,1615,1632.0,17.0,0,0,,6.0,0.0,0.0,11.0,0.0,2015-05-04,0,54.55,0.0,0.0,100.0,0.0
2015,5,4,1,DL,676,N6715C,STT,JFK,1331,1338.0,7.0,12.0,1350.0,252.0,230.0,206.0,1623,1716.0,12.0,1743,1728.0,-15.0,0,0,,0.0,0.0,0.0,0.0,0.0,2015-05-04,0,0.0,0.0,0.0,0.0,0.0
2015,4,21,2,AA,1634,N481AA,TUS,DFW,515,507.0,-8.0,11.0,518.0,134.0,122.0,97.0,813,855.0,14.0,929,909.0,-20.0,0,0,,0.0,0.0,0.0,0.0,0.0,2015-04-21,0,0.0,0.0,0.0,0.0,0.0
2015,4,2,4,OO,4588,N800SK,LAS,LAX,1900,1913.0,13.0,12.0,1925.0,73.0,76.0,50.0,236,2015.0,14.0,2013,2029.0,16.0,0,0,,3.0,0.0,0.0,13.0,0.0,2015-04-02,0,23.08,0.0,0.0,100.0,0.0
2015,4,24,5,OO,3461,N215AG,ONT,PDX,630,617.0,-13.0,22.0,639.0,138.0,151.0,125.0,838,844.0,4.0,848,848.0,0.0,0,0,,0.0,0.0,0.0,0.0,0.0,2015-04-24,0,0.0,0.0,0.0,0.0,0.0
2015,4,30,4,UA,570,N854UA,DFW,IAH,705,657.0,-8.0,28.0,725.0,70.0,71.0,39.0,224,804.0,4.0,815,808.0,-7.0,0,0,,0.0,0.0,0.0,0.0,0.0,2015-04-30,0,0.0,0.0,0.0,0.0,0.0
2015,4,19,7,US,463,N540UW,CLT,PHX,1959,2035.0,36.0,15.0,2050.0,266.0,268.0,242.0,1773,2152.0,11.0,2125,2203.0,38.0,0,0,,2.0,0.0,17.0,19.0,0.0,2015-04-19,1,5.56,0.0,47.22,52.78,0.0
2015,4,19,7,EV,2572,N903EV,PIB,MEI,640,639.0,-1.0,6.0,645.0,30.0,31.0,21.0,69,706.0,4.0,710,710.0,0.0,0,0,,0.0,0.0,0.0,0.0,0.0,2015-04-19,0,0.0,0.0,0.0,0.0,0.0
2015,4,9,4,US,1783,N155UW,CLT,BOS,2020,2043.0,23.0,21.0,2104.0,128.0,121.0,93.0,728,2237.0,7.0,2228,2244.0,16.0,0,0,,0.0,0.0,16.0,0.0,0.0,2015-04-09,1,0.0,0.0,69.57,0.0,0.0
2015,4,28,2,DL,2619,N6707A,LAS,JFK,2215,2216.0,1.0,12.0,2228.0,289.0,302.0,285.0,2248,613.0,5.0,604,618.0,14.0,0,0,,0.0,0.0,0.0,0.0,0.0,2015-04-28,0,0.0,0.0,0.0,0.0,0.0
2015,3,31,2,EV,4688,N48901,MKE,IAH,1717,1710.0,-7.0,12.0,1722.0,183.0,161.0,142.0,984,1944.0,7.0,2020,1951.0,-29.0,0,0,,0.0,0.0,0.0,0.0,0.0,2015-03-31,0,0.0,0.0,0.0,0.0,0.0
2015,5,3,7,WN,4655,N758SW,DAL,DEN,1840,1835.0,-5.0,9.0,1844.0,120.0,128.0,113.0,651,1937.0,6.0,1940,1943.0,3.0,0,0,,0.0,0.0,0.0,0.0,0.0,2015-05-03,0,0.0,0.0,0.0,0.0,0.0
2015,4,27,1,AA,2293,N353AA,SFO,DFW,1155,1155.0,0.0,25.0,1220.0,212.0,232.0,201.0,1464,1741.0,6.0,1727,1747.0,20.0,0,0,,20.0,0.0,0.0,0.0,0.0,2015-04-27,0,inf,0.0,0.0,0.0,0.0
2015,4,7,2,EV,5527,N852AS,BQK,ATL,1625,1623.0,-2.0,20.0,1643.0,64.0,69.0,43.0,238,1726.0,6.0,1729,1732.0,3.0,0,0,,0.0,0.0,0.0,0.0,0.0,2015-04-07,0,0.0,0.0,0.0,0.0,0.0
2015,4,4,6,OO,2855,N862AS,LAX,TUS,1952,1946.0,-6.0,12.0,1958.0,86.0,81.0,64.0,451,2102.0,5.0,2118,2107.0,-11.0,0,0,,0.0,0.0,0.0,0.0,0.0,2015-04-04,0,0.0,0.0,0.0,0.0,0.0
2015,4,29,3,DL,1922,N548US,OGG,SEA,2215,2200.0,-15.0,15.0,2215.0,334.0,355.0,332.0,2640,647.0,8.0,649,655.0,6.0,0,0,,0.0,0.0,0.0,0.0,0.0,2015-04-29,0,0.0,0.0,0.0,0.0,0.0
2015,4,8,3,WN,8,N432WN,DAL,MAF,935,933.0,-2.0,31.0,1004.0,70.0,85.0,52.0,319,1056.0,2.0,1045,1058.0,13.0,0,0,,0.0,0.0,0.0,0.0,0.0,2015-04-08,0,0.0,0.0,0.0,0.0,0.0
2015,4,12,7,UA,3,N68452,EWR,SEA,1900,1905.0,5.0,34.0,1939.0,381.0,381.0,341.0,2402,2220.0,6.0,2221,2226.0,5.0,0,0,,0.0,0.0,0.0,0.0,0.0,2015-04-12,0,0.0,0.0,0.0,0.0,0.0
2015,5,2,6,EV,5554,N691CA,ATL,FSD,1928,1938.0,10.0,18.0,1956.0,151.0,156.0,133.0,954,2109.0,5.0,2059,2114.0,15.0,0,0,,5.0,0.0,2.0,8.0,0.0,2015-05-02,0,50.0,0.0,20.0,80.0,0.0
2015,4,9,4,AA,1615,N3CTAA,FLL,ORD,1650,1818.0,88.0,13.0,1831.0,200.0,192.0,165.0,1182,2016.0,14.0,1910,2030.0,80.0,0,0,,5.0,0.0,0.0,75.0,0.0,2015-04-09,1,5.68,0.0,0.0,85.23,0.0
2015,3,31,2,DL,1115,N692DL,ATL,PHX,1637,1638.0,1.0,16.0,1654.0,253.0,256.0,232.0,1587,1746.0,8.0,1750,1754.0,4.0,0,0,,0.0,0.0,0.0,0.0,0.0,2015-03-31,0,0.0,0.0,0.0,0.0,0.0
2015,4,27,1,US,497,N752US,ANC,PHX,2335,2327.0,-8.0,11.0,2338.0,325.0,340.0,321.0,2552,559.0,8.0,600,607.0,7.0,0,0,,0.0,0.0,0.0,0.0,0.0,2015-04-27,0,0.0,0.0,0.0,0.0,0.0
2015,4,29,3,US,2052,N806AW,IND,CLT,1530,1525.0,-5.0,16.0,1541.0,99.0,91.0,65.0,427,1646.0,10.0,1709,1656.0,-13.0,0,0,,0.0,0.0,0.0,0.0,0.0,2015-04-29,0,0.0,0.0,0.0,0.0,0.0
2015,3,30,1,OO,6190,N958SW,DEN,PSC,1850,1845.0,-5.0,12.0,1857.0,160.0,141.0,124.0,852,2001.0,5.0,2030,2006.0,-24.0,0,0,,0.0,0.0,0.0,0.0,0.0,2015-03-30,0,0.0,0.0,0.0,0.0,0.0
2015,4,25,6,WN,61,N940WN,OMA,MDW,1045,1153.0,68.0,8.0,1201.0,85.0,78.0,65.0,423,1306.0,5.0,1210,1311.0,61.0,0,0,,0.0,0.0,0.0,61.0,0.0,2015-04-25,1,0.0,0.0,0.0,89.71,0.0
2015,4,7,2,WN,1069,N466WN,SAT,DAL,630,625.0,-5.0,12.0,637.0,65.0,65.0,49.0,248,726.0,4.0,735,730.0,-5.0,0,0,,0.0,0.0,0.0,0.0,0.0,2015-04-07,0,0.0,0.0,0.0,0.0,0.0
2015,4,22,3,MQ,3168,N638MQ,CVG,DFW,1550,1543.0,-7.0,12.0,1555.0,156.0,167.0,146.0,812,1721.0,9.0,1726,1730.0,4.0,0,0,,0.0,0.0,0.0,0.0,0.0,2015-04-22,0,0.0,0.0,0.0,0.0,0.0
2015,4,28,2,DL,2240,N721TW,SFO,JFK,2115,2112.0,-3.0,17.0,2129.0,325.0,337.0,306.0,2586,535.0,14.0,540,549.0,9.0,0,0,,0.0,0.0,0.0,0.0,0.0,2015-04-28,0,0.0,0.0,0.0,0.0,0.0
2015,4,2,4,EV,5236,N716EV,PIT,LGA,1905,2145.0,160.0,25.0,2210.0,90.0,90.0,56.0,335,2306.0,9.0,2035,2315.0,160.0,0,0,,0.0,0.0,0.0,160.0,0.0,2015-04-02,1,0.0,0.0,0.0,100.0,0.0
2015,4,21,2,OO,2769,N907SW,YUM,PHX,1155,1146.0,-9.0,11.0,1157.0,56.0,53.0,30.0,160,1227.0,12.0,1251,1239.0,-12.0,0,0,,0.0,0.0,0.0,0.0,0.0,2015-04-21,0,0.0,0.0,0.0,0.0,0.0
2015,5,3,7,US,1741,N708UW,DCA,PBI,1559,1622.0,23.0,12.0,1634.0,153.0,139.0,122.0,857,1836.0,5.0,1832,1841.0,9.0,0,0,,0.0,0.0,0.0,0.0,0.0,2015-05-03,1,0.0,0.0,0.0,0.0,0.0
2015,3,31,2,DL,1915,N333NB,MSP,BDL,1411,1420.0,9.0,21.0,1441.0,149.0,148.0,123.0,1050,1744.0,4.0,1740,1748.0,8.0,0,0,,0.0,0.0,0.0,0.0,0.0,2015-03-31,0,0.0,0.0,0.0,0.0,0.0
2015,3,31,2,UA,484,N834UA,SAN,DEN,820,813.0,-7.0,18.0,831.0,135.0,144.0,117.0,853,1128.0,9.0,1135,1137.0,2.0,0,0,,0.0,0.0,0.0,0.0,0.0,2015-03-31,0,0.0,0.0,0.0,0.0,0.0
2015,4,14,2,US,851,N568UW,PHL,DEN,1830,1821.0,-9.0,46.0,1907.0,268.0,272.0,218.0,1558,2045.0,8.0,2058,2053.0,-5.0,0,0,,0.0,0.0,0.0,0.0,0.0,2015-04-14,0,0.0,0.0,0.0,0.0,0.0
2015,4,20,1,WN,2431,N464WN,PHX,BUR,600,557.0,-3.0,11.0,608.0,85.0,80.0,67.0,369,715.0,2.0,725,717.0,-8.0,0,0,,0.0,0.0,0.0,0.0,0.0,2015-04-20,0,0.0,0.0,0.0,0.0,0.0
2015,4,6,1,AA,2269,N3LLAA,ORD,FLL,1155,1158.0,3.0,11.0,1209.0,190.0,170.0,153.0,1182,1542.0,6.0,1605,1548.0,-17.0,0,0,,0.0,0.0,0.0,0.0,0.0,2015-04-06,0,0.0,0.0,0.0,0.0,0.0
2015,3,31,2,EV,5036,N859AS,ATL,CSG,1944,1947.0,3.0,52.0,2039.0,42.0,74.0,19.0,83,2058.0,3.0,2026,2101.0,35.0,0,0,,32.0,0.0,3.0,0.0,0.0,2015-03-31,0,1066.67,0.0,100.0,0.0,0.0
2015,4,30,4,AA,1227,N3FUAA,DCA,MIA,1555,1558.0,3.0,11.0,1609.0,166.0,159.0,133.0,919,1822.0,15.0,1841,1837.0,-4.0,0,0,,0.0,0.0,0.0,0.0,0.0,2015-04-30,0,0.0,0.0,0.0,0.0,0.0
2015,4,19,7,MQ,3148,N628MQ,MLI,DFW,1244,1247.0,3.0,10.0,1257.0,136.0,122.0,104.0,691,1441.0,8.0,1500,1449.0,-11.0,0,0,,0.0,0.0,0.0,0.0,0.0,2015-04-19,0,0.0,0.0,0.0,0.0,0.0
2015,4,16,4,AA,1284,N4YSAA,DFW,MSY,853,849.0,-4.0,14.0,903.0,91.0,84.0,66.0,447,1009.0,4.0,1024,1013.0,-11.0,0,0,,0.0,0.0,0.0,0.0,0.0,2015-04-16,0,0.0,0.0,0.0,0.0,0.0
2015,4,21,2,B6,416,N937JB,SFO,JFK,845,839.0,-6.0,22.0,901.0,340.0,337.0,307.0,2586,1708.0,8.0,1725,1716.0,-9.0,0,0,,0.0,0.0,0.0,0.0,0.0,2015-04-21,0,0.0,0.0,0.0,0.0,0.0
2015,4,12,7,AA,2345,N3EGAA,ORD,FLL,705,653.0,-12.0,9.0,702.0,184.0,171.0,156.0,1182,1038.0,6.0,1109,1044.0,-25.0,0,0,,0.0,0.0,0.0,0.0,0.0,2015-04-12,0,0.0,0.0,0.0,0.0,0.0
2015,4,17,5,DL,1569,N966DL,DCA,ATL,1159,1159.0,0.0,19.0,1218.0,118.0,114.0,87.0,547,1345.0,8.0,1357,1353.0,-4.0,0,0,,0.0,0.0,0.0,0.0,0.0,2015-04-17,0,0.0,0.0,0.0,0.0,0.0
2015,5,4,1,WN,3487,N902WN,LAS,HOU,545,544.0,-1.0,9.0,553.0,175.0,160.0,142.0,1235,1015.0,9.0,1040,1024.0,-16.0,0,0,,0.0,0.0,0.0,0.0,0.0,2015-05-04,0,0.0,0.0,0.0,0.0,0.0
2015,4,20,1,B6,1616,N198JB,BUF,BOS,1610,1600.0,-10.0,19.0,1619.0,81.0,99.0,75.0,395,1734.0,5.0,1731,1739.0,8.0,0,0,,0.0,0.0,0.0,0.0,0.0,2015-04-20,0,0.0,0.0,0.0,0.0,0.0
2015,3,31,2,WN,623,N7739A,SFO,LAS,700,657.0,-3.0,7.0,704.0,85.0,85.0,74.0,414,818.0,4.0,825,822.0,-3.0,0,0,,0.0,0.0,0.0,0.0,0.0,2015-03-31,0,0.0,0.0,0.0,0.0,0.0
2015,4,20,1,DL,2032,N954AT,MSP,JFK,702,936.0,154.0,13.0,949.0,162.0,206.0,189.0,1029,1358.0,4.0,1044,1402.0,198.0,0,0,,198.0,0.0,0.0,0.0,0.0,2015-04-20,1,128.57,0.0,0.0,0.0,0.0
2015,4,2,4,WN,470,N616SW,SLC,PHX,600,600.0,0.0,11.0,611.0,100.0,97.0,81.0,507,632.0,5.0,640,637.0,-3.0,0,0,,0.0,0.0,0.0,0.0,0.0,2015-04-02,0,0.0,0.0,0.0,0.0,0.0
2015,4,14,2,B6,1289,N562JB,EWR,SJU,710,706.0,-4.0,18.0,724.0,234.0,216.0,194.0,1608,1038.0,4.0,1104,1042.0,-22.0,0,0,,0.0,0.0,0.0,0.0,0.0,2015-04-14,0,0.0,0.0,0.0,0.0,0.0
2015,4,26,7,DL,1283,N925AT,CHS,JFK,1103,1059.0,-4.0,25.0,1124.0,116.0,114.0,83.0,636,1247.0,6.0,1259,1253.0,-6.0,0,0,,0.0,0.0,0.0,0.0,0.0,2015-04-26,0,0.0,0.0,0.0,0.0,0.0
2015,4,26,7,AS,84,N625AS,ANC,SEA,940,937.0,-3.0,14.0,951.0,203.0,192.0,174.0,1448,1345.0,4.0,1403,1349.0,-14.0,0,0,,0.0,0.0,0.0,0.0,0.0,2015-04-26,0,0.0,0.0,0.0,0.0,0.0
2015,4,21,2,EV,4330,N13161,IAH,RIC,1903,1856.0,-7.0,10.0,1906.0,172.0,154.0,137.0,1157,2223.0,7.0,2255,2230.0,-25.0,0,0,,0.0,0.0,0.0,0.0,0.0,2015-04-21,0,0.0,0.0,0.0,0.0,0.0
2015,4,12,7,WN,2162,N651SW,OMA,STL,1940,1935.0,-5.0,7.0,1942.0,70.0,63.0,47.0,342,2029.0,9.0,2050,2038.0,-12.0,0,0,,0.0,0.0,0.0,0.0,0.0,2015-04-12,0,0.0,0.0,0.0,0.0,0.0
2015,5,1,5,EV,4656,N12924,GSP,ORD,1734,1737.0,3.0,15.0,1752.0,121.0,118.0,93.0,578,1825.0,10.0,1835,1835.0,0.0,0,0,,0.0,0.0,0.0,0.0,0.0,2015-05-01,0,0.0,0.0,0.0,0.0,0.0
2015,4,22,3,AS,42,N763AS,BET,ANC,825,813.0,-12.0,5.0,818.0,65.0,65.0,56.0,399,914.0,4.0,930,918.0,-12.0,0,0,,0.0,0.0,0.0,0.0,0.0,2015-04-22,0,0.0,0.0,0.0,0.0,0.0
2015,4,30,4,AA,1591,N3GEAA,MIA,TPA,1945,2056.0,71.0,10.0,2106.0,65.0,50.0,37.0,204,2143.0,3.0,2050,2146.0,56.0,0,0,,0.0,0.0,29.0,27.0,0.0,2015-04-30,1,0.0,0.0,40.85,38.03,0.0
2015,5,4,1,AS,73,N708AS,SIT,JNU,600,544.0,-16.0,7.0,551.0,36.0,34.0,24.0,95,615.0,3.0,636,618.0,-18.0,0,0,,0.0,0.0,0.0,0.0,0.0,2015-05-04,0,0.0,0.0,0.0,0.0,0.0
2015,4,9,4,B6,338,N703JB,MCO,BDL,900,854.0,-6.0,16.0,910.0,160.0,165.0,140.0,1050,1130.0,9.0,1140,1139.0,-1.0,0,0,,0.0,0.0,0.0,0.0,0.0,2015-04-09,0,0.0,0.0,0.0,0.0,0.0
2015,4,23,4,EV,2564,N687JS,CAE,DFW,1857,1854.0,-3.0,15.0,1909.0,177.0,196.0,173.0,922,2102.0,8.0,2054,2110.0,16.0,0,0,,16.0,0.0,0.0,0.0,0.0,2015-04-23,0,-533.33,-0.0,-0.0,-0.0,-0.0
2015,5,4,1,EV,4555,N14203,LCH,IAH,545,542.0,-3.0,17.0,559.0,54.0,51.0,26.0,127,625.0,8.0,639,633.0,-6.0,0,0,,0.0,0.0,0.0,0.0,0.0,2015-05-04,0,0.0,0.0,0.0,0.0,0.0
2015,5,3,7,UA,1755,N57868,SFO,BOS,805,800.0,-5.0,14.0,814.0,337.0,344.0,320.0,2704,1634.0,10.0,1642,1644.0,2.0,0,0,,0.0,0.0,0.0,0.0,0.0,2015-05-03,0,0.0,0.0,0.0,0.0,0.0
2015,4,29,3,WN,3489,N763SW,DAL,MCI,1025,1019.0,-6.0,8.0,1027.0,85.0,82.0,68.0,460,1135.0,6.0,1150,1141.0,-9.0,0,0,,0.0,0.0,0.0,0.0,0.0,2015-04-29,0,0.0,0.0,0.0,0.0,0.0
2015,4,6,1,MQ,3376,N695MQ,DFW,MSN,2020,2019.0,-1.0,17.0,2036.0,142.0,128.0,106.0,821,2222.0,5.0,2242,2227.0,-15.0,0,0,,0.0,0.0,0.0,0.0,0.0,2015-04-06,0,0.0,0.0,0.0,0.0,0.0
2015,4,1,3,AS,807,N533AS,BLI,HNL,1820,1809.0,-11.0,10.0,1819.0,378.0,365.0,350.0,2715,2109.0,5.0,2138,2114.0,-24.0,0,0,,0.0,0.0,0.0,0.0,0.0,2015-04-01,0,0.0,0.0,0.0,0.0,0.0
2015,4,21,2,US,510,N652AW,LAS,PHX,1140,1156.0,16.0,19.0,1215.0,67.0,73.0,49.0,255,1304.0,5.0,1247,1309.0,22.0,0,0,,6.0,0.0,0.0,16.0,0.0,2015-04-21,1,37.5,0.0,0.0,100.0,0.0
2015,4,6,1,MQ,3016,N618MQ,ALO,ORD,640,631.0,-9.0,19.0,650.0,79.0,94.0,44.0,234,734.0,31.0,759,805.0,6.0,0,0,,0.0,0.0,0.0,0.0,0.0,2015-04-06,0,0.0,0.0,0.0,0.0,0.0
2015,5,1,5,UA,1488,N38458,IAH,SDF,1905,1913.0,8.0,28.0,1941.0,135.0,139.0,106.0,788,2227.0,5.0,2220,2232.0,12.0,0,0,,0.0,0.0,0.0,0.0,0.0,2015-05-01,0,0.0,0.0,0.0,0.0,0.0
2015,4,29,3,F9,296,N908FR,DEN,TPA,725,722.0,-3.0,10.0,732.0,198.0,198.0,182.0,1506,1234.0,6.0,1243,1240.0,-3.0,0,0,,0.0,0.0,0.0,0.0,0.0,2015-04-29,0,0.0,0.0,0.0,0.0,0.0
2015,4,10,5,EV,5426,N686BR,BTV,DTW,600,600.0,0.0,20.0,620.0,118.0,123.0,95.0,537,755.0,8.0,758,803.0,5.0,0,0,,0.0,0.0,0.0,0.0,0.0,2015-04-10,0,0.0,0.0,0.0,0.0,0.0
2015,4,1,3,DL,1292,N342NW,MCO,LGA,1759,1755.0,-4.0,16.0,1811.0,156.0,155.0,134.0,950,2025.0,5.0,2035,2030.0,-5.0,0,0,,0.0,0.0,0.0,0.0,0.0,2015-04-01,0,0.0,0.0,0.0,0.0,0.0
2015,4,4,6,AS,453,N587AS,LAX,SEA,1620,1714.0,54.0,18.0,1732.0,160.0,149.0,124.0,954,1936.0,7.0,1900,1943.0,43.0,0,0,,0.0,0.0,0.0,43.0,0.0,2015-04-04,1,0.0,0.0,0.0,79.63,0.0
2015,4,6,1,UA,692,N430UA,ORD,LGA,1800,1757.0,-3.0,20.0,1817.0,131.0,117.0,90.0,733,2047.0,7.0,2111,2054.0,-17.0,0,0,,0.0,0.0,0.0,0.0,0.0,2015-04-06,0,0.0,0.0,0.0,0.0,0.0
2015,4,11,6,B6,1579,N375JB,DCA,FLL,1840,1830.0,-10.0,17.0,1847.0,156.0,162.0,137.0,899,2104.0,8.0,2116,2112.0,-4.0,0,0,,0.0,0.0,0.0,0.0,0.0,2015-04-11,0,0.0,0.0,0.0,0.0,0.0
2015,3,30,1,EV,5464,N615QX,ATL,MLI,2051,2051.0,0.0,25.0,2116.0,116.0,122.0,94.0,633,2150.0,3.0,2147,2153.0,6.0,0,0,,0.0,0.0,0.0,0.0,0.0,2015-03-30,0,0.0,0.0,0.0,0.0,0.0
2015,3,26,4,DL,766,N956AT,ATL,JAN,2250,2306.0,16.0,10.0,2316.0,76.0,77.0,61.0,341,2317.0,6.0,2306,2323.0,17.0,0,0,,1.0,0.0,16.0,0.0,0.0,2015-03-26,1,6.25,0.0,100.0,0.0,0.0
2015,5,2,6,DL,1292,N994AT,ATL,TYS,1030,1029.0,-1.0,14.0,1043.0,54.0,48.0,30.0,152,1113.0,4.0,1124,1117.0,-7.0,0,0,,0.0,0.0,0.0,0.0,0.0,2015-05-02,0,0.0,0.0,0.0,0.0,0.0
2015,4,27,1,WN,712,N628SW,DEN,MSP,1300,1304.0,4.0,8.0,1312.0,110.0,107.0,94.0,680,1546.0,5.0,1550,1551.0,1.0,0,0,,0.0,0.0,0.0,0.0,0.0,2015-04-27,0,0.0,0.0,0.0,0.0,0.0
2015,4,17,5,OO,4560,N821SK,PHX,SLC,1630,1707.0,37.0,14.0,1721.0,99.0,88.0,71.0,507,1932.0,3.0,1909,1935.0,26.0,0,0,,0.0,0.0,0.0,26.0,0.0,2015-04-17,1,0.0,0.0,0.0,70.27,0.0
2015,3,31,2,UA,1020,N24715,DFW,IAH,1329,1324.0,-5.0,11.0,1335.0,71.0,57.0,39.0,224,1414.0,7.0,1440,1421.0,-19.0,0,0,,0.0,0.0,0.0,0.0,0.0,2015-03-31,0,0.0,0.0,0.0,0.0,0.0
2015,4,14,2,DL,915,N921DN,PIT,MSP,645,636.0,-9.0,15.0,651.0,140.0,129.0,111.0,726,742.0,3.0,805,745.0,-20.0,0,0,,0.0,0.0,0.0,0.0,0.0,2015-04-14,0,0.0,0.0,0.0,0.0,0.0
2015,4,14,2,AS,800,N563AS,OGG,SMF,1040,1035.0,-5.0,21.0,1056.0,303.0,309.0,282.0,2404,1838.0,6.0,1843,1844.0,1.0,0,0,,0.0,0.0,0.0,0.0,0.0,2015-04-14,0,0.0,0.0,0.0,0.0,0.0
2015,4,13,1,MQ,3290,N655MQ,LSE,ORD,905,859.0,-6.0,8.0,907.0,70.0,73.0,47.0,215,954.0,18.0,1015,1012.0,-3.0,0,0,,0.0,0.0,0.0,0.0,0.0,2015-04-13,0,0.0,0.0,0.0,0.0,0.0
2015,3,31,2,DL,492,N390DA,JFK,SJU,2029,2136.0,67.0,30.0,2206.0,239.0,226.0,191.0,1598,117.0,5.0,28,122.0,54.0,0,0,,0.0,0.0,54.0,0.0,0.0,2015-03-31,1,0.0,0.0,80.6,0.0,0.0
2015,4,12,7,OO,2897,N955SW,LAX,TUS,755,749.0,-6.0,17.0,806.0,85.0,88.0,67.0,451,913.0,4.0,920,917.0,-3.0,0,0,,0.0,0.0,0.0,0.0,0.0,2015-04-12,0,0.0,0.0,0.0,0.0,0.0
2015,4,19,7,MQ,3229,N602MQ,BIS,DFW,648,645.0,-3.0,13.0,658.0,172.0,174.0,145.0,977,923.0,16.0,940,939.0,-1.0,0,0,,0.0,0.0,0.0,0.0,0.0,2015-04-19,0,0.0,0.0,0.0,0.0,0.0
2015,4,25,6,WN,2721,N292WN,BNA,DCA,1315,1321.0,6.0,13.0,1334.0,100.0,88.0,71.0,562,1545.0,4.0,1555,1549.0,-6.0,0,0,,0.0,0.0,0.0,0.0,0.0,2015-04-25,0,0.0,0.0,0.0,0.0,0.0
2015,3,29,7,B6,361,N536JB,BOS,SJU,2355,2351.0,-4.0,13.0,4.0,230.0,220.0,202.0,1674,326.0,5.0,345,331.0,-14.0,0,0,,0.0,0.0,0.0,0.0,0.0,2015-03-29,0,0.0,0.0,0.0,0.0,0.0
2015,3,26,4,WN,4288,N231WN,TPA,ISP,1015,1017.0,2.0,12.0,1029.0,155.0,145.0,129.0,1034,1238.0,4.0,1250,1242.0,-8.0,0,0,,0.0,0.0,0.0,0.0,0.0,2015-03-26,0,0.0,0.0,0.0,0.0,0.0
2015,5,1,5,EV,5142,N848AS,AVP,DTW,625,614.0,-11.0,13.0,627.0,100.0,90.0,64.0,399,731.0,13.0,805,744.0,-21.0,0,0,,0.0,0.0,0.0,0.0,0.0,2015-05-01,0,0.0,0.0,0.0,0.0,0.0
2015,4,26,7,WN,861,N647SW,DEN,MSP,1555,1603.0,8.0,9.0,1612.0,110.0,111.0,97.0,680,1849.0,5.0,1845,1854.0,9.0,0,0,,0.0,0.0,0.0,0.0,0.0,2015-04-26,0,0.0,0.0,0.0,0.0,0.0
2015,4,12,7,NK,259,N503NK,ACY,FLL,700,801.0,61.0,10.0,811.0,156.0,156.0,133.0,977,1024.0,13.0,936,1037.0,61.0,0,0,,61.0,0.0,0.0,0.0,0.0,2015-04-12,1,100.0,0.0,0.0,0.0,0.0
2015,4,27,1,WN,599,N650SW,BWI,MCO,605,603.0,-2.0,11.0,614.0,140.0,139.0,123.0,787,817.0,5.0,825,822.0,-3.0,0,0,,0.0,0.0,0.0,0.0,0.0,2015-04-27,0,0.0,0.0,0.0,0.0,0.0
2015,4,22,3,WN,509,N663SW,PHX,ABQ,555,546.0,-9.0,11.0,557.0,60.0,61.0,46.0,328,743.0,4.0,755,747.0,-8.0,0,0,,0.0,0.0,0.0,0.0,0.0,2015-04-22,0,0.0,0.0,0.0,0.0,0.0
2015,4,6,1,WN,127,N958WN,DEN,SMF,1155,1215.0,20.0,21.0,1236.0,155.0,156.0,132.0,909,1348.0,3.0,1330,1351.0,21.0,0,0,,1.0,0.0,0.0,20.0,0.0,2015-04-06,1,5.0,0.0,0.0,100.0,0.0
2015,4,18,6,F9,690,N924FR,DEN,MCO,1344,1338.0,-6.0,22.0,1400.0,206.0,235.0,202.0,1546,1922.0,11.0,1910,1933.0,23.0,0,0,,23.0,0.0,0.0,0.0,0.0,2015-04-18,0,-383.33,-0.0,-0.0,-0.0,-0.0
2015,4,25,6,WN,2039,N430WN,AUS,LAS,1225,1221.0,-4.0,14.0,1235.0,180.0,173.0,155.0,1090,1310.0,4.0,1325,1314.0,-11.0,0,0,,0.0,0.0,0.0,0.0,0.0,2015-04-25,0,0.0,0.0,0.0,0.0,0.0
2015,3,29,7,AS,871,N593AS,HNL,ANC,2045,2040.0,-5.0,16.0,2056.0,382.0,352.0,332.0,2777,428.0,4.0,507,432.0,-35.0,0,0,,0.0,0.0,0.0,0.0,0.0,2015-03-29,0,0.0,0.0,0.0,0.0,0.0
2015,4,24,5,AA,382,N4XNAA,OKC,DFW,1410,2002.0,352.0,13.0,2015.0,64.0,58.0,33.0,175,2048.0,12.0,1514,2100.0,346.0,0,0,,0.0,0.0,0.0,248.0,98.0,2015-04-24,1,0.0,0.0,0.0,70.45,27.84
2015,4,26,7,DL,2467,N549US,DTW,SLC,1210,1205.0,-5.0,15.0,1220.0,238.0,218.0,197.0,1481,1337.0,6.0,1408,1343.0,-25.0,0,0,,0.0,0.0,0.0,0.0,0.0,2015-04-26,0,0.0,0.0,0.0,0.0,0.0
2015,4,29,3,UA,1692,N36469,ORD,DEN,526,527.0,1.0,11.0,538.0,158.0,130.0,112.0,888,630.0,7.0,704,637.0,-27.0,0,0,,0.0,0.0,0.0,0.0,0.0,2015-04-29,0,0.0,0.0,0.0,0.0,0.0
2015,4,28,2,WN,1359,N426WN,MSY,HOU,700,716.0,16.0,6.0,722.0,75.0,62.0,53.0,302,815.0,3.0,815,818.0,3.0,0,0,,0.0,0.0,0.0,0.0,0.0,2015-04-28,1,0.0,0.0,0.0,0.0,0.0
2015,4,18,6,WN,3500,N460WN,MSY,EWR,1835,1829.0,-6.0,9.0,1838.0,175.0,149.0,134.0,1167,2152.0,6.0,2230,2158.0,-32.0,0,0,,0.0,0.0,0.0,0.0,0.0,2015-04-18,0,0.0,0.0,0.0,0.0,0.0
2015,4,5,7,WN,912,N392SW,HOU,ABQ,1430,1425.0,-5.0,9.0,1434.0,135.0,125.0,112.0,759,1526.0,4.0,1545,1530.0,-15.0,0,0,,0.0,0.0,0.0,0.0,0.0,2015-04-05,0,0.0,0.0,0.0,0.0,0.0
2015,5,1,5,NK,419,N514NK,BOS,CLE,940,930.0,-10.0,17.0,947.0,119.0,107.0,85.0,563,1112.0,5.0,1139,1117.0,-22.0,0,0,,0.0,0.0,0.0,0.0,0.0,2015-05-01,0,0.0,0.0,0.0,0.0,0.0
2015,4,28,2,OO,4772,N824SK,SLC,OMA,1955,1952.0,-3.0,16.0,2008.0,134.0,134.0,114.0,840,2302.0,4.0,2309,2306.0,-3.0,0,0,,0.0,0.0,0.0,0.0,0.0,2015-04-28,0,0.0,0.0,0.0,0.0,0.0
2015,4,22,3,DL,2309,N937DN,STL,ATL,930,937.0,7.0,7.0,944.0,90.0,74.0,61.0,484,1145.0,6.0,1200,1151.0,-9.0,0,0,,0.0,0.0,0.0,0.0,0.0,2015-04-22,0,0.0,0.0,0.0,0.0,0.0
2015,4,20,1,DL,1760,N3735D,LAX,SEA,1700,1747.0,47.0,22.0,1809.0,164.0,153.0,122.0,954,2011.0,9.0,1944,2020.0,36.0,0,0,,0.0,0.0,0.0,36.0,0.0,2015-04-20,1,0.0,0.0,0.0,76.6,0.0
2015,4,16,4,DL,1918,N617DL,SNA,ATL,830,830.0,0.0,11.0,841.0,250.0,236.0,218.0,1919,1519.0,7.0,1540,1526.0,-14.0,0,0,,0.0,0.0,0.0,0.0,0.0,2015-04-16,0,0.0,0.0,0.0,0.0,0.0
2015,3,31,2,DL,817,N952DN,DEN,MSP,615,609.0,-6.0,17.0,626.0,122.0,119.0,92.0,680,858.0,10.0,917,908.0,-9.0,0,0,,0.0,0.0,0.0,0.0,0.0,2015-03-31,0,0.0,0.0,0.0,0.0,0.0
2015,4,4,6,AA,369,N5EYAA,DFW,SAN,900,856.0,-4.0,24.0,920.0,192.0,193.0,166.0,1171,1006.0,3.0,1012,1009.0,-3.0,0,0,,0.0,0.0,0.0,0.0,0.0,2015-04-04,0,0.0,0.0,0.0,0.0,0.0
2015,4,26,7,DL,1147,N986AT,ATL,EWR,856,851.0,-5.0,19.0,910.0,126.0,119.0,96.0,746,1046.0,4.0,1102,1050.0,-12.0,0,0,,0.0,0.0,0.0,0.0,0.0,2015-04-26,0,0.0,0.0,0.0,0.0,0.0
2015,4,25,6,WN,2486,N649SW,HOU,AUS,2005,2008.0,3.0,9.0,2017.0,45.0,47.0,31.0,148,2048.0,7.0,2050,2055.0,5.0,0,0,,0.0,0.0,0.0,0.0,0.0,2015-04-25,0,0.0,0.0,0.0,0.0,0.0
2015,3,30,1,DL,1847,N829DN,SEA,ATL,1150,1159.0,9.0,16.0,1215.0,285.0,263.0,242.0,2182,1917.0,5.0,1935,1922.0,-13.0,0,0,,0.0,0.0,0.0,0.0,0.0,2015-03-30,0,0.0,0.0,0.0,0.0,0.0
2015,4,14,2,MQ,3246,N504MQ,ORD,OKC,1035,1033.0,-2.0,18.0,1051.0,130.0,117.0,96.0,693,1227.0,3.0,1245,1230.0,-15.0,0,0,,0.0,0.0,0.0,0.0,0.0,2015-04-14,0,0.0,0.0,0.0,0.0,0.0
2015,5,1,5,OO,5300,N495CA,ORD,MKE,2110,2106.0,-4.0,15.0,2121.0,50.0,41.0,21.0,67,2142.0,5.0,2200,2147.0,-13.0,0,0,,0.0,0.0,0.0,0.0,0.0,2015-05-01,0,0.0,0.0,0.0,0.0,0.0
2015,4,17,5,WN,1019,N8652B,DAL,SAN,630,626.0,-4.0,7.0,633.0,185.0,178.0,168.0,1182,721.0,3.0,735,724.0,-11.0,0,0,,0.0,0.0,0.0,0.0,0.0,2015-04-17,0,0.0,0.0,0.0,0.0,0.0
2015,4,8,3,B6,72,N805JB,SLC,JFK,2312,2341.0,29.0,23.0,4.0,257.0,276.0,243.0,1990,607.0,10.0,529,617.0,48.0,0,0,,19.0,0.0,29.0,0.0,0.0,2015-04-08,1,65.52,0.0,100.0,0.0,0.0
2015,3,29,7,WN,128,N492WN,PDX,SMF,1505,1506.0,1.0,7.0,1513.0,85.0,79.0,69.0,479,1622.0,3.0,1630,1625.0,-5.0,0,0,,0.0,0.0,0.0,0.0,0.0,2015-03-29,0,0.0,0.0,0.0,0.0,0.0
2015,4,28,2,UA,1567,N37413,DEN,PHL,1001,1014.0,13.0,16.0,1030.0,214.0,212.0,191.0,1558,1541.0,5.0,1535,1546.0,11.0,0,0,,0.0,0.0,0.0,0.0,0.0,2015-04-28,0,0.0,0.0,0.0,0.0,0.0
2015,4,15,3,WN,585,N7736A,BWI,BOS,1800,1803.0,3.0,15.0,1818.0,85.0,126.0,94.0,369,1952.0,17.0,1925,2009.0,44.0,0,0,,44.0,0.0,0.0,0.0,0.0,2015-04-15,0,1466.67,0.0,0.0,0.0,0.0
2015,5,4,1,EV,4635,N11187,EWR,DCA,1459,1537.0,38.0,14.0,1551.0,74.0,59.0,40.0,199,1631.0,5.0,1613,1636.0,23.0,0,0,,0.0,0.0,23.0,0.0,0.0,2015-05-04,1,0.0,0.0,60.53,0.0,0.0
2015,3,30,1,AA,1145,N3DGAA,ORD,SFO,730,729.0,-1.0,23.0,752.0,286.0,269.0,241.0,1846,953.0,5.0,1016,958.0,-18.0,0,0,,0.0,0.0,0.0,0.0,0.0,2015-03-30,0,0.0,0.0,0.0,0.0,0.0
2015,4,3,5,AS,514,N552AS,SEA,SNA,1655,1821.0,86.0,15.0,1836.0,155.0,155.0,133.0,978,2049.0,7.0,1930,2056.0,86.0,0,0,,0.0,0.0,86.0,0.0,0.0,2015-04-03,1,0.0,0.0,100.0,0.0,0.0
2015,4,18,6,EV,5914,N16987,GSO,ORD,720,716.0,-4.0,10.0,726.0,120.0,112.0,95.0,589,801.0,7.0,820,808.0,-12.0,0,0,,0.0,0.0,0.0,0.0,0.0,2015-04-18,0,0.0,0.0,0.0,0.0,0.0
2015,4,9,4,MQ,3024,N821MQ,ABI,DFW,830,823.0,-7.0,5.0,828.0,57.0,50.0,39.0,158,907.0,6.0,927,913.0,-14.0,0,0,,0.0,0.0,0.0,0.0,0.0,2015-04-09,0,0.0,0.0,0.0,0.0,0.0
2015,5,1,5,DL,2465,N929DN,ATL,BDL,1220,1223.0,3.0,11.0,1234.0,148.0,129.0,114.0,859,1428.0,4.0,1448,1432.0,-16.0,0,0,,0.0,0.0,0.0,0.0,0.0,2015-05-01,0,0.0,0.0,0.0,0.0,0.0
2015,3,28,6,AA,2285,N3EHAA,JFK,MCO,1459,1459.0,0.0,12.0,1511.0,183.0,157.0,140.0,944,1731.0,5.0,1802,1736.0,-26.0,0,0,,0.0,0.0,0.0,0.0,0.0,2015-03-28,0,0.0,0.0,0.0,0.0,0.0
2015,4,6,1,AA,1222,N5FTAA,MCO,MIA,2140,2129.0,-11.0,12.0,2141.0,62.0,52.0,36.0,192,2217.0,4.0,2242,2221.0,-21.0,0,0,,0.0,0.0,0.0,0.0,0.0,2015-04-06,0,0.0,0.0,0.0,0.0,0.0
2015,4,4,6,OO,3469,N223AG,OMA,SEA,1615,1600.0,-15.0,12.0,1612.0,215.0,219.0,203.0,1368,1735.0,4.0,1750,1739.0,-11.0,0,0,,0.0,0.0,0.0,0.0,0.0,2015-04-04,0,0.0,0.0,0.0,0.0,0.0
2015,4,1,3,WN,2316,N280WN,MDW,PHL,2130,2151.0,21.0,21.0,2212.0,105.0,116.0,88.0,668,40.0,7.0,15,47.0,32.0,0,0,,11.0,0.0,0.0,21.0,0.0,2015-04-01,1,52.38,0.0,0.0,100.0,0.0
2015,4,1,3,B6,4,N905JB,SJU,JFK,1149,1148.0,-1.0,17.0,1205.0,251.0,235.0,212.0,1598,1537.0,6.0,1600,1543.0,-17.0,0,0,,0.0,0.0,0.0,0.0,0.0,2015-04-01,0,0.0,0.0,0.0,0.0,0.0
2015,3,28,6,WN,3522,N660SW,SFO,LAX,810,803.0,-7.0,11.0,814.0,80.0,82.0,62.0,337,916.0,9.0,930,925.0,-5.0,0,0,,0.0,0.0,0.0,0.0,0.0,2015-03-28,0,0.0,0.0,0.0,0.0,0.0
2015,3,29,7,VX,769,N361VA,LGA,DAL,1830,1824.0,-6.0,12.0,1836.0,255.0,208.0,187.0,1381,2043.0,9.0,2145,2052.0,-53.0,0,0,,0.0,0.0,0.0,0.0,0.0,2015-03-29,0,0.0,0.0,0.0,0.0,0.0
2015,4,8,3,AA,1449,N3GXAA,FLL,DFW,730,730.0,0.0,15.0,745.0,198.0,200.0,179.0,1119,944.0,6.0,948,950.0,2.0,0,0,,0.0,0.0,0.0,0.0,0.0,2015-04-08,0,0.0,0.0,0.0,0.0,0.0
2015,4,17,5,DL,2326,N522US,FLL,ATL,830,826.0,-4.0,20.0,846.0,114.0,125.0,85.0,581,1011.0,20.0,1024,1031.0,7.0,0,0,,0.0,0.0,0.0,0.0,0.0,2015-04-17,0,0.0,0.0,0.0,0.0,0.0
2015,4,22,3,DL,623,N317US,SLC,PDX,902,911.0,9.0,10.0,921.0,113.0,96.0,83.0,630,944.0,3.0,955,947.0,-8.0,0,0,,0.0,0.0,0.0,0.0,0.0,2015-04-22,0,0.0,0.0,0.0,0.0,0.0
2015,3,27,5,AA,52,N3BXAA,LAX,DCA,1225,1235.0,10.0,17.0,1252.0,293.0,290.0,270.0,2311,2022.0,3.0,2018,2025.0,7.0,0,0,,0.0,0.0,0.0,0.0,0.0,2015-03-27,0,0.0,0.0,0.0,0.0,0.0
2015,4,12,7,OO,5435,N965SW,PSC,SFO,600,556.0,-4.0,12.0,608.0,119.0,103.0,87.0,620,735.0,4.0,759,739.0,-20.0,0,0,,0.0,0.0,0.0,0.0,0.0,2015-04-12,0,0.0,0.0,0.0,0.0,0.0
2015,3,28,6,US,1992,N701UW,FLL,DCA,1158,1204.0,6.0,21.0,1225.0,152.0,144.0,117.0,899,1422.0,6.0,1430,1428.0,-2.0,0,0,,0.0,0.0,0.0,0.0,0.0,2015-03-28,0,0.0,0.0,0.0,0.0,0.0
2015,4,29,3,DL,2553,N686DA,ATL,SAT,1355,1357.0,2.0,22.0,1419.0,159.0,164.0,135.0,874,1534.0,7.0,1534,1541.0,7.0,0,0,,0.0,0.0,0.0,0.0,0.0,2015-04-29,0,0.0,0.0,0.0,0.0,0.0
2015,3,27,5,EV,5129,N708EV,BUF,LGA,1852,2011.0,79.0,18.0,2029.0,88.0,81.0,57.0,292,2126.0,6.0,2020,2132.0,72.0,0,0,,0.0,0.0,2.0,70.0,0.0,2015-03-27,1,0.0,0.0,2.53,88.61,0.0
2015,4,21,2,UA,1020,N29124,IAD,IAH,1235,1235.0,0.0,10.0,1245.0,201.0,197.0,178.0,1190,1443.0,9.0,1456,1452.0,-4.0,0,0,,0.0,0.0,0.0,0.0,0.0,2015-04-21,0,0.0,0.0,0.0,0.0,0.0
2015,4,2,4,DL,1678,N908DE,SRQ,ATL,1300,1300.0,0.0,10.0,1310.0,102.0,90.0,70.0,444,1420.0,10.0,1442,1430.0,-12.0,0,0,,0.0,0.0,0.0,0.0,0.0,2015-04-02,0,0.0,0.0,0.0,0.0,0.0
2015,5,3,7,UA,1177,N38454,MCO,ORD,600,603.0,3.0,14.0,617.0,179.0,161.0,141.0,1005,738.0,6.0,759,744.0,-15.0,0,0,,0.0,0.0,0.0,0.0,0.0,2015-05-03,0,0.0,0.0,0.0,0.0,0.0
2015,4,23,4,UA,1218,N13718,DEN,MSP,1942,2040.0,58.0,11.0,2051.0,118.0,99.0,84.0,680,2315.0,4.0,2240,2319.0,39.0,0,0,,0.0,0.0,4.0,35.0,0.0,2015-04-23,1,0.0,0.0,6.9,60.34,0.0
2015,4,24,5,NK,405,N509NK,MCO,DFW,1230,1312.0,42.0,67.0,1419.0,170.0,232.0,151.0,985,1550.0,14.0,1420,1604.0,104.0,0,0,,104.0,0.0,0.0,0.0,0.0,2015-04-24,1,247.62,0.0,0.0,0.0,0.0
2015,4,28,2,AA,2469,N856AA,DFW,LAX,1024,1023.0,-1.0,17.0,1040.0,212.0,175.0,152.0,1235,1112.0,6.0,1156,1118.0,-38.0,0,0,,0.0,0.0,0.0,0.0,0.0,2015-04-28,0,0.0,0.0,0.0,0.0,0.0
2015,4,12,7,WN,24,N524SW,CRP,HOU,1035,1030.0,-5.0,7.0,1037.0,50.0,45.0,32.0,187,1109.0,6.0,1125,1115.0,-10.0,0,0,,0.0,0.0,0.0,0.0,0.0,2015-04-12,0,0.0,0.0,0.0,0.0,0.0
2015,4,17,5,EV,4995,N760EV,MDW,MSP,1926,1920.0,-6.0,12.0,1932.0,91.0,81.0,65.0,349,2037.0,4.0,2057,2041.0,-16.0,0,0,,0.0,0.0,0.0,0.0,0.0,2015-04-17,0,0.0,0.0,0.0,0.0,0.0
2015,4,7,2,WN,1906,N442WN,OAK,PHX,1810,1934.0,84.0,11.0,1945.0,110.0,100.0,84.0,646,2109.0,5.0,2000,2114.0,74.0,0,0,,0.0,0.0,74.0,0.0,0.0,2015-04-07,1,0.0,0.0,88.1,0.0,0.0
2015,4,17,5,WN,251,N294WN,ATL,HOU,2010,2114.0,64.0,18.0,2132.0,140.0,135.0,112.0,696,2224.0,5.0,2130,2229.0,59.0,0,0,,0.0,0.0,7.0,52.0,0.0,2015-04-17,1,0.0,0.0,10.94,81.25,0.0
2015,5,3,7,DL,2172,N680DA,TPA,ATL,1643,1639.0,-4.0,14.0,1653.0,97.0,91.0,63.0,406,1756.0,14.0,1820,1810.0,-10.0,0,0,,0.0,0.0,0.0,0.0,0.0,2015-05-03,0,0.0,0.0,0.0,0.0,0.0
2015,4,24,5,WN,257,N434WN,BWI,RSW,955,952.0,-3.0,10.0,1002.0,155.0,133.0,118.0,919,1200.0,5.0,1230,1205.0,-25.0,0,0,,0.0,0.0,0.0,0.0,0.0,2015-04-24,0,0.0,0.0,0.0,0.0,0.0
2015,4,14,2,WN,4126,N274WN,DEN,SAT,2015,2008.0,-7.0,46.0,2054.0,130.0,149.0,100.0,794,2334.0,3.0,2325,2337.0,12.0,0,0,,0.0,0.0,0.0,0.0,0.0,2015-04-14,0,0.0,0.0,0.0,0.0,0.0
2015,4,20,1,DL,1073,N911DA,PDX,MSP,1333,1332.0,-1.0,12.0,1344.0,195.0,197.0,182.0,1426,1846.0,3.0,1848,1849.0,1.0,0,0,,0.0,0.0,0.0,0.0,0.0,2015-04-20,0,0.0,0.0,0.0,0.0,0.0
2015,4,22,3,WN,4989,N741SA,CLE,BWI,905,857.0,-8.0,6.0,903.0,80.0,62.0,51.0,314,954.0,5.0,1025,959.0,-26.0,0,0,,0.0,0.0,0.0,0.0,0.0,2015-04-22,0,0.0,0.0,0.0,0.0,0.0
2015,3,29,7,AS,870,N593AS,ANC,HNL,1435,1427.0,-8.0,11.0,1438.0,373.0,360.0,339.0,2777,1817.0,10.0,1848,1827.0,-21.0,0,0,,0.0,0.0,0.0,0.0,0.0,2015-03-29,0,0.0,0.0,0.0,0.0,0.0
2015,4,10,5,OO,3470,N216AG,PDX,SBA,1215,1210.0,-5.0,8.0,1218.0,125.0,119.0,106.0,784,1404.0,5.0,1420,1409.0,-11.0,0,0,,0.0,0.0,0.0,0.0,0.0,2015-04-10,0,0.0,0.0,0.0,0.0,0.0
2015,4,20,1,WN,4658,N701GS,CLT,HOU,1020,1019.0,-1.0,45.0,1104.0,165.0,195.0,147.0,920,1231.0,3.0,1205,1234.0,29.0,0,0,,29.0,0.0,0.0,0.0,0.0,2015-04-20,0,-2900.0,-0.0,-0.0,-0.0,-0.0
2015,4,8,3,WN,142,N281WN,MDW,OMA,2210,2227.0,17.0,15.0,2242.0,85.0,89.0,70.0,423,2352.0,4.0,2335,2356.0,21.0,0,0,,4.0,0.0,3.0,14.0,0.0,2015-04-08,1,23.53,0.0,17.65,82.35,0.0
2015,4,20,1,OO,4611,N783CA,MSP,SBN,1308,1305.0,-3.0,12.0,1317.0,92.0,85.0,67.0,411,1524.0,6.0,1540,1530.0,-10.0,0,0,,0.0,0.0,0.0,0.0,0.0,2015-04-20,0,0.0,0.0,0.0,0.0,0.0
2015,5,1,5,EV,2539,N830AS,JAN,DFW,631,628.0,-3.0,13.0,641.0,94.0,96.0,71.0,408,752.0,12.0,805,804.0,-1.0,0,0,,0.0,0.0,0.0,0.0,0.0,2015-05-01,0,0.0,0.0,0.0,0.0,0.0
2015,4,30,4,US,781,N163US,PHL,LAX,1350,1446.0,56.0,11.0,1457.0,355.0,313.0,295.0,2402,1652.0,7.0,1645,1659.0,14.0,0,0,,0.0,0.0,0.0,0.0,0.0,2015-04-30,1,0.0,0.0,0.0,0.0,0.0
2015,3,28,6,DL,1169,N371DA,MIA,LAX,748,743.0,-5.0,15.0,758.0,370.0,331.0,308.0,2342,1006.0,8.0,1058,1014.0,-44.0,0,0,,0.0,0.0,0.0,0.0,0.0,2015-03-28,0,0.0,0.0,0.0,0.0,0.0
2015,4,10,5,UA,665,N809UA,ORD,PIT,720,743.0,23.0,24.0,807.0,83.0,86.0,58.0,413,1005.0,4.0,943,1009.0,26.0,0,0,,3.0,0.0,0.0,0.0,23.0,2015-04-10,1,13.04,0.0,0.0,0.0,100.0
2015,4,27,1,UA,1108,N16713,EWR,MSY,702,658.0,-4.0,19.0,717.0,203.0,198.0,175.0,1167,912.0,4.0,925,916.0,-9.0,0,0,,0.0,0.0,0.0,0.0,0.0,2015-04-27,0,0.0,0.0,0.0,0.0,0.0
2015,4,2,4,WN,4478,N785SW,ONT,MDW,1435,1529.0,54.0,6.0,1535.0,225.0,197.0,186.0,1706,2041.0,5.0,2020,2046.0,26.0,0,0,,0.0,0.0,26.0,0.0,0.0,2015-04-02,1,0.0,0.0,48.15,0.0,0.0
2015,5,1,5,DL,866,N394DA,BOS,DTW,1430,1431.0,1.0,11.0,1442.0,127.0,107.0,91.0,632,1613.0,5.0,1637,1618.0,-19.0,0,0,,0.0,0.0,0.0,0.0,0.0,2015-05-01,0,0.0,0.0,0.0,0.0,0.0
2015,4,7,2,UA,1727,N76517,DEN,ORD,1945,2007.0,22.0,13.0,2020.0,142.0,124.0,104.0,888,2304.0,7.0,2307,2311.0,4.0,0,0,,0.0,0.0,0.0,0.0,0.0,2015-04-07,1,0.0,0.0,0.0,0.0,0.0
2015,4,11,6,WN,1338,N925WN,LGA,MCI,1520,1515.0,-5.0,11.0,1526.0,200.0,174.0,159.0,1107,1705.0,4.0,1740,1709.0,-31.0,0,0,,0.0,0.0,0.0,0.0,0.0,2015-04-11,0,0.0,0.0,0.0,0.0,0.0
2015,4,23,4,WN,4186,N7726A,SFO,SNA,1255,1309.0,14.0,9.0,1318.0,85.0,76.0,64.0,372,1422.0,3.0,1420,1425.0,5.0,0,0,,0.0,0.0,0.0,0.0,0.0,2015-04-23,0,0.0,0.0,0.0,0.0,0.0
2015,4,13,1,WN,543,N644SW,LAS,SEA,2135,2134.0,-1.0,10.0,2144.0,155.0,135.0,120.0,867,2344.0,5.0,10,2349.0,-21.0,0,0,,0.0,0.0,0.0,0.0,0.0,2015-04-13,0,0.0,0.0,0.0,0.0,0.0
2015,3,27,5,UA,1177,N79521,DEN,SFO,1435,1434.0,-1.0,14.0,1448.0,158.0,149.0,127.0,967,1555.0,8.0,1613,1603.0,-10.0,0,0,,0.0,0.0,0.0,0.0,0.0,2015-03-27,0,0.0,0.0,0.0,0.0,0.0
2015,5,2,6,AA,270,N5FBAA,HNL,LAX,710,702.0,-8.0,15.0,717.0,332.0,319.0,288.0,2556,1505.0,16.0,1542,1521.0,-21.0,0,0,,0.0,0.0,0.0,0.0,0.0,2015-05-02,0,0.0,0.0,0.0,0.0,0.0
2015,4,19,7,WN,2787,N367SW,PHX,ELP,830,829.0,-1.0,9.0,838.0,70.0,61.0,47.0,347,1025.0,5.0,1040,1030.0,-10.0,0,0,,0.0,0.0,0.0,0.0,0.0,2015-04-19,0,0.0,0.0,0.0,0.0,0.0
2015,4,8,3,AA,2252,N567AA,DFW,ABQ,845,841.0,-4.0,13.0,854.0,112.0,110.0,89.0,569,923.0,8.0,937,931.0,-6.0,0,0,,0.0,0.0,0.0,0.0,0.0,2015-04-08,0,0.0,0.0,0.0,0.0,0.0
2015,3,26,4,DL,2389,N332NW,SLC,PDX,1705,1700.0,-5.0,15.0,1715.0,113.0,105.0,88.0,630,1743.0,2.0,1758,1745.0,-13.0,0,0,,0.0,0.0,0.0,0.0,0.0,2015-03-26,0,0.0,0.0,0.0,0.0,0.0
2015,4,9,4,EV,4093,N17115,IAH,ABQ,2110,2107.0,-3.0,13.0,2120.0,138.0,138.0,118.0,744,2218.0,7.0,2228,2225.0,-3.0,0,0,,0.0,0.0,0.0,0.0,0.0,2015-04-09,0,0.0,0.0,0.0,0.0,0.0
2015,5,3,7,EV,4378,N11127,ELP,IAH,1050,1044.0,-6.0,20.0,1104.0,115.0,120.0,90.0,667,1334.0,10.0,1345,1344.0,-1.0,0,0,,0.0,0.0,0.0,0.0,0.0,2015-05-03,0,0.0,0.0,0.0,0.0,0.0
2015,4,11,6,WN,423,N257WN,ABQ,PDX,1335,1329.0,-6.0,12.0,1341.0,175.0,166.0,152.0,1111,1513.0,2.0,1530,1515.0,-15.0,0,0,,0.0,0.0,0.0,0.0,0.0,2015-04-11,0,0.0,0.0,0.0,0.0,0.0
2015,4,13,1,DL,1215,N970AT,MDT,ATL,1749,1742.0,-7.0,16.0,1758.0,131.0,124.0,100.0,620,1938.0,8.0,2000,1946.0,-14.0,0,0,,0.0,0.0,0.0,0.0,0.0,2015-04-13,0,0.0,0.0,0.0,0.0,0.0
2015,5,4,1,HA,244,N476HA,LIH,OGG,1209,1213.0,4.0,6.0,1219.0,45.0,50.0,35.0,201,1254.0,9.0,1254,1303.0,9.0,0,0,,0.0,0.0,0.0,0.0,0.0,2015-05-04,0,0.0,0.0,0.0,0.0,0.0
2015,4,7,2,UA,1538,N39450,CLE,LAX,620,616.0,-4.0,11.0,627.0,304.0,311.0,295.0,2052,822.0,5.0,824,827.0,3.0,0,0,,0.0,0.0,0.0,0.0,0.0,2015-04-07,0,0.0,0.0,0.0,0.0,0.0
2015,4,1,3,WN,3942,N610WN,ONT,SJC,600,555.0,-5.0,10.0,605.0,75.0,71.0,57.0,333,702.0,4.0,715,706.0,-9.0,0,0,,0.0,0.0,0.0,0.0,0.0,2015-04-01,0,0.0,0.0,0.0,0.0,0.0
2015,3,27,5,UA,948,N433UA,ORD,SFO,900,903.0,3.0,27.0,930.0,293.0,267.0,235.0,1846,1125.0,5.0,1153,1130.0,-23.0,0,0,,0.0,0.0,0.0,0.0,0.0,2015-03-27,0,0.0,0.0,0.0,0.0,0.0
2015,4,27,1,EV,4872,N691CA,ATL,MSN,1515,1512.0,-3.0,20.0,1532.0,121.0,127.0,102.0,707,1614.0,5.0,1616,1619.0,3.0,0,0,,0.0,0.0,0.0,0.0,0.0,2015-04-27,0,0.0,0.0,0.0,0.0,0.0
2015,4,8,3,DL,2610,N584NW,SEA,ATL,2235,2229.0,-6.0,19.0,2248.0,274.0,288.0,262.0,2182,610.0,7.0,609,617.0,8.0,0,0,,0.0,0.0,0.0,0.0,0.0,2015-04-08,0,0.0,0.0,0.0,0.0,0.0
2015,3,30,1,AA,1251,N016AA,SDF,DFW,1629,1625.0,-4.0,17.0,1642.0,141.0,149.0,119.0,733,1741.0,13.0,1750,1754.0,4.0,0,0,,0.0,0.0,0.0,0.0,0.0,2015-03-30,0,0.0,0.0,0.0,0.0,0.0
2015,4,21,2,WN,4913,N771SA,LAX,OAK,2250,2245.0,-5.0,12.0,2257.0,80.0,69.0,51.0,337,2348.0,6.0,10,2354.0,-16.0,0,0,,0.0,0.0,0.0,0.0,0.0,2015-04-21,0,0.0,0.0,0.0,0.0,0.0
2015,4,22,3,WN,528,N8621A,STL,SAN,1020,1013.0,-7.0,16.0,1029.0,235.0,243.0,223.0,1557,1212.0,4.0,1215,1216.0,1.0,0,0,,0.0,0.0,0.0,0.0,0.0,2015-04-22,0,0.0,0.0,0.0,0.0,0.0
2015,4,15,3,OO,5222,N930EV,ORD,MLI,1613,1611.0,-2.0,16.0,1627.0,56.0,54.0,32.0,139,1659.0,6.0,1709,1705.0,-4.0,0,0,,0.0,0.0,0.0,0.0,0.0,2015-04-15,0,0.0,0.0,0.0,0.0,0.0
2015,4,16,4,UA,775,N831UA,AUS,ORD,834,826.0,-8.0,15.0,841.0,162.0,160.0,129.0,978,1050.0,16.0,1116,1106.0,-10.0,0,0,,0.0,0.0,0.0,0.0,0.0,2015-04-16,0,0.0,0.0,0.0,0.0,0.0
2015,4,6,1,MQ,3479,N628MQ,CVG,MIA,1745,1840.0,55.0,17.0,1857.0,153.0,142.0,122.0,948,2059.0,3.0,2018,2102.0,44.0,0,0,,0.0,0.0,4.0,40.0,0.0,2015-04-06,1,0.0,0.0,7.27,72.73,0.0
2015,3,30,1,US,2027,N553UW,LAS,PHX,1635,1651.0,16.0,16.0,1707.0,69.0,70.0,48.0,255,1755.0,6.0,1744,1801.0,17.0,0,0,,1.0,0.0,0.0,16.0,0.0,2015-03-30,1,6.25,0.0,0.0,100.0,0.0
2015,4,30,4,WN,2588,N738CB,LAS,LBB,1905,1904.0,-1.0,15.0,1919.0,115.0,121.0,100.0,775,2259.0,6.0,2300,2305.0,5.0,0,0,,0.0,0.0,0.0,0.0,0.0,2015-04-30,0,0.0,0.0,0.0,0.0,0.0
2015,4,12,7,OO,6535,N758SK,IAH,OKC,1258,1251.0,-7.0,20.0,1311.0,86.0,86.0,61.0,395,1412.0,5.0,1424,1417.0,-7.0,0,0,,0.0,0.0,0.0,0.0,0.0,2015-04-12,0,0.0,0.0,0.0,0.0,0.0
2015,4,6,1,UA,1183,N31412,RSW,ORD,1225,1234.0,9.0,13.0,1247.0,184.0,188.0,156.0,1120,1423.0,19.0,1429,1442.0,13.0,0,0,,0.0,0.0,0.0,0.0,0.0,2015-04-06,0,0.0,0.0,0.0,0.0,0.0
2015,4,19,7,WN,52,N600WN,MSP,STL,1425,1723.0,178.0,8.0,1731.0,85.0,85.0,74.0,448,1845.0,3.0,1550,1848.0,178.0,0,0,,0.0,0.0,0.0,178.0,0.0,2015-04-19,1,0.0,0.0,0.0,100.0,0.0
2015,3,26,4,WN,383,N7728D,ONT,OAK,2135,2131.0,-4.0,7.0,2138.0,75.0,67.0,54.0,362,2232.0,6.0,2250,2238.0,-12.0,0,0,,0.0,0.0,0.0,0.0,0.0,2015-03-26,0,0.0,0.0,0.0,0.0,0.0
2015,4,15,3,WN,4898,N444WN,MCI,HOU,1930,1929.0,-1.0,11.0,1940.0,120.0,114.0,97.0,666,2117.0,6.0,2130,2123.0,-7.0,0,0,,0.0,0.0,0.0,0.0,0.0,2015-04-15,0,0.0,0.0,0.0,0.0,0.0
2015,4,3,5,OO,2831,N494CA,ORD,MKE,2015,2015.0,0.0,16.0,2031.0,56.0,38.0,18.0,67,2049.0,4.0,2111,2053.0,-18.0,0,0,,0.0,0.0,0.0,0.0,0.0,2015-04-03,0,0.0,0.0,0.0,0.0,0.0
2015,4,23,4,WN,120,N8640D,DEN,SMF,2215,2254.0,39.0,11.0,2305.0,150.0,143.0,126.0,909,11.0,6.0,2345,17.0,32.0,0,0,,0.0,0.0,32.0,0.0,0.0,2015-04-23,1,0.0,0.0,82.05,0.0,0.0
2015,4,10,5,AA,207,N3KLAA,MIA,LAS,1830,1827.0,-3.0,18.0,1845.0,329.0,320.0,294.0,2174,2039.0,8.0,2059,2047.0,-12.0,0,0,,0.0,0.0,0.0,0.0,0.0,2015-04-10,0,0.0,0.0,0.0,0.0,0.0
2015,4,30,4,DL,954,N314NB,ATL,AVL,1140,1137.0,-3.0,15.0,1152.0,53.0,51.0,31.0,164,1223.0,5.0,1233,1228.0,-5.0,0,0,,0.0,0.0,0.0,0.0,0.0,2015-04-30,0,0.0,0.0,0.0,0.0,0.0
2015,4,22,3,OO,6286,N917SW,SBA,SFO,1032,1031.0,-1.0,5.0,1036.0,75.0,69.0,59.0,262,1135.0,5.0,1147,1140.0,-7.0,0,0,,0.0,0.0,0.0,0.0,0.0,2015-04-22,0,0.0,0.0,0.0,0.0,0.0
2015,3,27,5,WN,4718,N528SW,AMA,DAL,600,556.0,-4.0,11.0,607.0,70.0,64.0,48.0,323,655.0,5.0,710,700.0,-10.0,0,0,,0.0,0.0,0.0,0.0,0.0,2015-03-27,0,0.0,0.0,0.0,0.0,0.0
2015,3,29,7,UA,701,N819UA,IAH,SLC,1440,1441.0,1.0,13.0,1454.0,202.0,189.0,173.0,1195,1647.0,3.0,1702,1650.0,-12.0,0,0,,0.0,0.0,0.0,0.0,0.0,2015-03-29,0,0.0,0.0,0.0,0.0,0.0
2015,4,1,3,UA,1572,N12216,LAX,CLE,2254,2310.0,16.0,17.0,2327.0,275.0,258.0,234.0,2052,621.0,7.0,629,628.0,-1.0,0,0,,0.0,0.0,0.0,0.0,0.0,2015-04-01,1,0.0,0.0,0.0,0.0,0.0
2015,4,13,1,OO,4760,N416SW,SLC,GTF,2004,2014.0,10.0,28.0,2042.0,89.0,95.0,63.0,463,2145.0,4.0,2133,2149.0,16.0,0,0,,6.0,0.0,10.0,0.0,0.0,2015-04-13,0,60.0,0.0,100.0,0.0,0.0
2015,3,31,2,UA,245,N483UA,ORD,DEN,934,930.0,-4.0,9.0,939.0,168.0,168.0,123.0,888,1042.0,36.0,1122,1118.0,-4.0,0,0,,0.0,0.0,0.0,0.0,0.0,2015-03-31,0,0.0,0.0,0.0,0.0,0.0
2015,4,1,3,AA,143,N3LTAA,BOS,LAX,1635,1634.0,-1.0,16.0,1650.0,387.0,389.0,361.0,2611,1951.0,12.0,2002,2003.0,1.0,0,0,,0.0,0.0,0.0,0.0,0.0,2015-04-01,0,0.0,0.0,0.0,0.0,0.0
2015,4,24,5,B6,357,N296JB,BOS,IAD,1615,1631.0,16.0,20.0,1651.0,101.0,99.0,73.0,413,1804.0,6.0,1756,1810.0,14.0,0,0,,0.0,0.0,0.0,0.0,0.0,2015-04-24,1,0.0,0.0,0.0,0.0,0.0
2015,4,18,6,WN,1497,N487WN,STL,LAX,1035,1030.0,-5.0,9.0,1039.0,245.0,235.0,218.0,1592,1217.0,8.0,1240,1225.0,-15.0,0,0,,0.0,0.0,0.0,0.0,0.0,2015-04-18,0,0.0,0.0,0.0,0.0,0.0
2015,4,17,5,MQ,3656,N690MQ,DFW,LAW,1256,1252.0,-4.0,20.0,1312.0,52.0,55.0,29.0,140,1341.0,6.0,1348,1347.0,-1.0,0,0,,0.0,0.0,0.0,0.0,0.0,2015-04-17,0,0.0,0.0,0.0,0.0,0.0
2015,4,30,4,DL,997,N319NB,MCI,MSP,1217,1211.0,-6.0,10.0,1221.0,86.0,76.0,63.0,393,1324.0,3.0,1343,1327.0,-16.0,0,0,,0.0,0.0,0.0,0.0,0.0,2015-04-30,0,0.0,0.0,0.0,0.0,0.0
2015,4,7,2,WN,1226,N345SA,STL,BWI,1330,1346.0,16.0,10.0,1356.0,115.0,104.0,90.0,738,1626.0,4.0,1625,1630.0,5.0,0,0,,0.0,0.0,0.0,0.0,0.0,2015-04-07,1,0.0,0.0,0.0,0.0,0.0
2015,5,4,1,AS,138,N579AS,ANC,ORD,2315,2309.0,-6.0,9.0,2318.0,375.0,361.0,335.0,2846,753.0,17.0,830,810.0,-20.0,0,0,,0.0,0.0,0.0,0.0,0.0,2015-05-04,0,0.0,0.0,0.0,0.0,0.0
2015,4,8,3,WN,2588,N417WN,BUR,LAS,1730,1726.0,-4.0,13.0,1739.0,60.0,60.0,35.0,223,1814.0,12.0,1830,1826.0,-4.0,0,0,,0.0,0.0,0.0,0.0,0.0,2015-04-08,0,0.0,0.0,0.0,0.0,0.0
2015,3,31,2,OO,2877,N466SW,LAX,SMF,1645,1641.0,-4.0,18.0,1659.0,87.0,82.0,60.0,373,1759.0,4.0,1812,1803.0,-9.0,0,0,,0.0,0.0,0.0,0.0,0.0,2015-03-31,0,0.0,0.0,0.0,0.0,0.0
2015,3,28,6,WN,1675,N299WN,FLL,TPA,1735,1748.0,13.0,14.0,1802.0,65.0,56.0,37.0,197,1839.0,5.0,1840,1844.0,4.0,0,0,,0.0,0.0,0.0,0.0,0.0,2015-03-28,0,0.0,0.0,0.0,0.0,0.0
2015,4,17,5,DL,2417,N302DQ,TLH,ATL,540,535.0,-5.0,13.0,548.0,67.0,60.0,43.0,223,631.0,4.0,647,635.0,-12.0,0,0,,0.0,0.0,0.0,0.0,0.0,2015-04-17,0,0.0,0.0,0.0,0.0,0.0
2015,4,16,4,UA,1152,N36469,ORD,MCO,1916,1921.0,5.0,14.0,1935.0,164.0,155.0,135.0,1005,2250.0,6.0,2300,2256.0,-4.0,0,0,,0.0,0.0,0.0,0.0,0.0,2015-04-16,0,0.0,0.0,0.0,0.0,0.0
2015,4,10,5,US,793,N730US,CLT,STL,2005,2032.0,27.0,30.0,2102.0,114.0,129.0,95.0,575,2137.0,4.0,2059,2141.0,42.0,0,0,,15.0,0.0,27.0,0.0,0.0,2015-04-10,1,55.56,0.0,100.0,0.0,0.0
2015,4,26,7,EV,5290,N868AS,ABY,ATL,600,558.0,-2.0,8.0,606.0,50.0,49.0,37.0,145,643.0,4.0,650,647.0,-3.0,0,0,,0.0,0.0,0.0,0.0,0.0,2015-04-26,0,0.0,0.0,0.0,0.0,0.0
2015,3,30,1,WN,4748,N387SW,OAK,BOI,900,857.0,-3.0,16.0,913.0,85.0,89.0,71.0,511,1124.0,2.0,1125,1126.0,1.0,0,0,,0.0,0.0,0.0,0.0,0.0,2015-03-30,0,0.0,0.0,0.0,0.0,0.0
2015,4,21,2,DL,1243,N917DE,DFW,ATL,945,1015.0,30.0,30.0,1045.0,122.0,122.0,87.0,731,1312.0,5.0,1247,1317.0,30.0,0,0,,0.0,0.0,30.0,0.0,0.0,2015-04-21,1,0.0,0.0,100.0,0.0,0.0
2015,4,12,7,UA,573,N840UA,DEN,MSP,1005,1004.0,-1.0,13.0,1017.0,124.0,105.0,87.0,680,1244.0,5.0,1309,1249.0,-20.0,0,0,,0.0,0.0,0.0,0.0,0.0,2015-04-12,0,0.0,0.0,0.0,0.0,0.0
2015,5,3,7,MQ,3392,N511MQ,ORD,ROC,1510,1506.0,-4.0,14.0,1520.0,107.0,89.0,69.0,528,1729.0,6.0,1757,1735.0,-22.0,0,0,,0.0,0.0,0.0,0.0,0.0,2015-05-03,0,0.0,0.0,0.0,0.0,0.0
2015,4,4,6,UA,1702,N73278,SNA,IAH,835,826.0,-9.0,9.0,835.0,190.0,182.0,153.0,1346,1308.0,20.0,1345,1328.0,-17.0,0,0,,0.0,0.0,0.0,0.0,0.0,2015-04-04,0,0.0,0.0,0.0,0.0,0.0
2015,4,15,3,WN,4027,N725SW,SMF,ONT,1135,1131.0,-4.0,8.0,1139.0,75.0,66.0,54.0,390,1233.0,4.0,1250,1237.0,-13.0,0,0,,0.0,0.0,0.0,0.0,0.0,2015-04-15,0,0.0,0.0,0.0,0.0,0.0
2015,4,10,5,OO,5540,N744SK,DEN,PDX,1520,2030.0,310.0,15.0,2045.0,167.0,164.0,144.0,991,2209.0,5.0,1707,2214.0,307.0,0,0,,0.0,0.0,307.0,0.0,0.0,2015-04-10,1,0.0,0.0,99.03,0.0,0.0
2015,4,29,3,UA,1110,N68834,SEA,SFO,1301,1253.0,-8.0,15.0,1308.0,136.0,121.0,103.0,679,1451.0,3.0,1517,1454.0,-23.0,0,0,,0.0,0.0,0.0,0.0,0.0,2015-04-29,0,0.0,0.0,0.0,0.0,0.0
2015,4,24,5,EV,5673,N12552,FAR,ORD,1114,1106.0,-8.0,9.0,1115.0,111.0,104.0,82.0,557,1237.0,13.0,1305,1250.0,-15.0,0,0,,0.0,0.0,0.0,0.0,0.0,2015-04-24,0,0.0,0.0,0.0,0.0,0.0
2015,4,7,2,DL,1918,N6708D,SNA,ATL,830,829.0,-1.0,11.0,840.0,250.0,234.0,212.0,1919,1512.0,11.0,1540,1523.0,-17.0,0,0,,0.0,0.0,0.0,0.0,0.0,2015-04-07,0,0.0,0.0,0.0,0.0,0.0
2015,4,12,7,WN,3041,N777QC,SJC,LAS,1615,1615.0,0.0,9.0,1624.0,80.0,80.0,62.0,386,1726.0,9.0,1735,1735.0,0.0,0,0,,0.0,0.0,0.0,0.0,0.0,2015-04-12,0,0.0,0.0,0.0,0.0,0.0
2015,3,30,1,NK,936,N602NK,RSW,ACY,931,931.0,0.0,8.0,939.0,140.0,132.0,121.0,982,1140.0,3.0,1151,1143.0,-8.0,0,0,,0.0,0.0,0.0,0.0,0.0,2015-03-30,0,0.0,0.0,0.0,0.0,0.0
2015,4,21,2,WN,866,N511SW,MSY,DAL,600,556.0,-4.0,5.0,601.0,90.0,86.0,77.0,436,718.0,4.0,730,722.0,-8.0,0,0,,0.0,0.0,0.0,0.0,0.0,2015-04-21,0,0.0,0.0,0.0,0.0,0.0
2015,4,19,7,EV,4204,N18557,EWR,TYS,1900,1854.0,-6.0,17.0,1911.0,133.0,116.0,96.0,631,2047.0,3.0,2113,2050.0,-23.0,0,0,,0.0,0.0,0.0,0.0,0.0,2015-04-19,0,0.0,0.0,0.0,0.0,0.0
2015,4,24,5,WN,715,N7746C,SAN,LAS,1535,1535.0,0.0,9.0,1544.0,70.0,65.0,51.0,258,1635.0,5.0,1645,1640.0,-5.0,0,0,,0.0,0.0,0.0,0.0,0.0,2015-04-24,0,0.0,0.0,0.0,0.0,0.0
2015,4,27,1,WN,4108,N242WN,PHX,ONT,810,806.0,-4.0,12.0,818.0,70.0,68.0,53.0,325,911.0,3.0,920,914.0,-6.0,0,0,,0.0,0.0,0.0,0.0,0.0,2015-04-27,0,0.0,0.0,0.0,0.0,0.0
2015,5,3,7,DL,1690,N6700,LAS,ATL,705,701.0,-4.0,15.0,716.0,240.0,227.0,207.0,1747,1343.0,5.0,1405,1348.0,-17.0,0,0,,0.0,0.0,0.0,0.0,0.0,2015-05-03,0,0.0,0.0,0.0,0.0,0.0
2015,4,22,3,EV,5086,N181PQ,OMA,ATL,1004,1002.0,-2.0,14.0,1016.0,124.0,119.0,98.0,821,1254.0,7.0,1308,1301.0,-7.0,0,0,,0.0,0.0,0.0,0.0,0.0,2015-04-22,0,0.0,0.0,0.0,0.0,0.0
2015,5,4,1,MQ,2921,N931MQ,ORD,CID,745,738.0,-7.0,17.0,755.0,69.0,57.0,37.0,196,832.0,3.0,854,835.0,-19.0,0,0,,0.0,0.0,0.0,0.0,0.0,2015-05-04,0,0.0,0.0,0.0,0.0,0.0
2015,3,28,6,AS,109,N587AS,SEA,ANC,1945,2000.0,15.0,12.0,2012.0,209.0,200.0,183.0,1448,2215.0,5.0,2214,2220.0,6.0,0,0,,0.0,0.0,0.0,0.0,0.0,2015-03-28,0,0.0,0.0,0.0,0.0,0.0
2015,4,10,5,EV,6019,N12167,ORD,CLE,948,1019.0,31.0,15.0,1034.0,83.0,73.0,51.0,315,1225.0,7.0,1211,1232.0,21.0,0,0,,0.0,0.0,21.0,0.0,0.0,2015-04-10,1,0.0,0.0,67.74,0.0,0.0
2015,4,1,3,OO,4762,N8923A,PSP,SLC,620,611.0,-9.0,13.0,624.0,105.0,99.0,76.0,541,840.0,10.0,905,850.0,-15.0,0,0,,0.0,0.0,0.0,0.0,0.0,2015-04-01,0,0.0,0.0,0.0,0.0,0.0
2015,4,14,2,AA,2310,N3GFAA,DFW,SEA,1155,1154.0,-1.0,9.0,1203.0,263.0,235.0,219.0,1660,1342.0,7.0,1418,1349.0,-29.0,0,0,,0.0,0.0,0.0,0.0,0.0,2015-04-14,0,0.0,0.0,0.0,0.0,0.0
2015,4,1,3,OO,2777,N899SK,SBP,PHX,1230,1221.0,-9.0,10.0,1231.0,104.0,90.0,73.0,509,1344.0,7.0,1414,1351.0,-23.0,0,0,,0.0,0.0,0.0,0.0,0.0,2015-04-01,0,0.0,0.0,0.0,0.0,0.0
2015,4,29,3,WN,3327,N933WN,MDW,SDF,1310,1310.0,0.0,11.0,1321.0,65.0,60.0,45.0,271,1506.0,4.0,1515,1510.0,-5.0,0,0,,0.0,0.0,0.0,0.0,0.0,2015-04-29,0,0.0,0.0,0.0,0.0,0.0
2015,4,5,7,EV,5779,N16178,IAH,HRL,906,854.0,-12.0,19.0,913.0,79.0,79.0,56.0,295,1009.0,4.0,1025,1013.0,-12.0,0,0,,0.0,0.0,0.0,0.0,0.0,2015-04-05,0,0.0,0.0,0.0,0.0,0.0
2015,4,19,7,DL,957,N302DQ,TLH,ATL,700,657.0,-3.0,12.0,709.0,71.0,55.0,39.0,223,748.0,4.0,811,752.0,-19.0,0,0,,0.0,0.0,0.0,0.0,0.0,2015-04-19,0,0.0,0.0,0.0,0.0,0.0
2015,4,13,1,EV,4466,N13133,IAH,MCI,1450,1450.0,0.0,30.0,1520.0,123.0,130.0,94.0,643,1654.0,6.0,1653,1700.0,7.0,0,0,,0.0,0.0,0.0,0.0,0.0,2015-04-13,0,0.0,0.0,0.0,0.0,0.0
2015,3,29,7,MQ,3111,N906MQ,CVG,DFW,624,620.0,-4.0,25.0,645.0,156.0,155.0,113.0,812,738.0,17.0,800,755.0,-5.0,0,0,,0.0,0.0,0.0,0.0,0.0,2015-03-29,0,0.0,0.0,0.0,0.0,0.0
2015,4,13,1,DL,583,N364NW,LGA,DTW,918,915.0,-3.0,32.0,947.0,127.0,123.0,84.0,502,1111.0,7.0,1125,1118.0,-7.0,0,0,,0.0,0.0,0.0,0.0,0.0,2015-04-13,0,0.0,0.0,0.0,0.0,0.0
2015,4,17,5,AA,1070,N3JYAA,SEA,MIA,2345,2343.0,-2.0,15.0,2358.0,342.0,357.0,337.0,2724,835.0,5.0,827,840.0,13.0,0,0,,0.0,0.0,0.0,0.0,0.0,2015-04-17,0,0.0,0.0,0.0,0.0,0.0
2015,4,20,1,DL,743,N979DL,ATL,RDU,1741,1818.0,37.0,24.0,1842.0,84.0,106.0,71.0,356,1953.0,11.0,1905,2004.0,59.0,0,0,,22.0,0.0,0.0,37.0,0.0,2015-04-20,1,59.46,0.0,0.0,100.0,0.0
2015,4,12,7,HA,4,N391HA,HNL,LAX,2210,2225.0,15.0,12.0,2237.0,320.0,315.0,289.0,2556,626.0,14.0,630,640.0,10.0,0,0,,0.0,0.0,0.0,0.0,0.0,2015-04-12,0,0.0,0.0,0.0,0.0,0.0
2015,4,2,4,AA,2493,N3KWAA,SJU,MIA,1445,1713.0,148.0,13.0,1726.0,175.0,182.0,157.0,1045,2003.0,12.0,1740,2015.0,155.0,0,0,,7.0,0.0,3.0,145.0,0.0,2015-04-02,1,4.73,0.0,2.03,97.97,0.0
2015,4,28,2,US,593,N585UW,SNA,PHX,645,643.0,-2.0,26.0,709.0,79.0,89.0,55.0,338,804.0,8.0,804,812.0,8.0,0,0,,0.0,0.0,0.0,0.0,0.0,2015-04-28,0,0.0,0.0,0.0,0.0,0.0
2015,4,25,6,AA,2445,N3EMAA,MCO,JFK,1120,1116.0,-4.0,11.0,1127.0,158.0,146.0,129.0,944,1336.0,6.0,1358,1342.0,-16.0,0,0,,0.0,0.0,0.0,0.0,0.0,2015-04-25,0,0.0,0.0,0.0,0.0,0.0
2015,4,30,4,MQ,3276,N603MQ,CHA,DFW,1600,1552.0,-8.0,10.0,1602.0,135.0,125.0,101.0,695,1643.0,14.0,1715,1657.0,-18.0,0,0,,0.0,0.0,0.0,0.0,0.0,2015-04-30,0,0.0,0.0,0.0,0.0,0.0
2015,4,17,5,AS,331,N795AS,PSP,SFO,1715,1711.0,-4.0,11.0,1722.0,87.0,85.0,68.0,421,1830.0,6.0,1842,1836.0,-6.0,0,0,,0.0,0.0,0.0,0.0,0.0,2015-04-17,0,0.0,0.0,0.0,0.0,0.0
2015,3,28,6,WN,1879,N221WN,RNO,SAN,1905,1903.0,-2.0,9.0,1912.0,85.0,88.0,72.0,488,2024.0,7.0,2030,2031.0,1.0,0,0,,0.0,0.0,0.0,0.0,0.0,2015-03-28,0,0.0,0.0,0.0,0.0,0.0
2015,4,15,3,MQ,3033,N941MQ,ORD,SGF,1704,1713.0,9.0,19.0,1732.0,112.0,90.0,68.0,438,1840.0,3.0,1856,1843.0,-13.0,0,0,,0.0,0.0,0.0,0.0,0.0,2015-04-15,0,0.0,0.0,0.0,0.0,0.0
2015,3,26,4,AS,305,N794AS,SFO,SEA,1300,1300.0,0.0,16.0,1316.0,124.0,111.0,90.0,679,1446.0,5.0,1504,1451.0,-13.0,0,0,,0.0,0.0,0.0,0.0,0.0,2015-03-26,0,0.0,0.0,0.0,0.0,0.0
2015,4,11,6,UA,322,N491UA,SNA,SFO,820,815.0,-5.0,9.0,824.0,93.0,102.0,60.0,372,924.0,33.0,953,957.0,4.0,0,0,,0.0,0.0,0.0,0.0,0.0,2015-04-11,0,0.0,0.0,0.0,0.0,0.0
2015,5,1,5,UA,1191,N76269,ORD,DCA,1300,1254.0,-6.0,14.0,1308.0,114.0,104.0,85.0,612,1533.0,5.0,1554,1538.0,-16.0,0,0,,0.0,0.0,0.0,0.0,0.0,2015-05-01,0,0.0,0.0,0.0,0.0,0.0
2015,5,1,5,AA,2342,N3BVAA,DEN,MIA,125,115.0,-10.0,17.0,132.0,229.0,220.0,199.0,1709,651.0,4.0,714,655.0,-19.0,0,0,,0.0,0.0,0.0,0.0,0.0,2015-05-01,0,0.0,0.0,0.0,0.0,0.0
2015,4,12,7,B6,1836,N179JB,DTW,BOS,615,558.0,-17.0,7.0,605.0,110.0,94.0,78.0,632,723.0,9.0,805,732.0,-33.0,0,0,,0.0,0.0,0.0,0.0,0.0,2015-04-12,0,0.0,0.0,0.0,0.0,0.0
2015,4,14,2,B6,783,N309JB,JFK,MCO,840,835.0,-5.0,32.0,907.0,181.0,178.0,140.0,944,1127.0,6.0,1141,1133.0,-8.0,0,0,,0.0,0.0,0.0,0.0,0.0,2015-04-14,0,0.0,0.0,0.0,0.0,0.0
2015,4,14,2,EV,6099,N14168,DEN,SHV,1005,959.0,-6.0,18.0,1017.0,132.0,140.0,116.0,792,1313.0,6.0,1317,1319.0,2.0,0,0,,0.0,0.0,0.0,0.0,0.0,2015-04-14,0,0.0,0.0,0.0,0.0,0.0
2015,4,28,2,WN,472,N8624J,MDW,SEA,1945,1940.0,-5.0,12.0,1952.0,265.0,242.0,225.0,1733,2137.0,5.0,2210,2142.0,-28.0,0,0,,0.0,0.0,0.0,0.0,0.0,2015-04-28,0,0.0,0.0,0.0,0.0,0.0
2015,4,21,2,WN,887,N7717D,DAL,BWI,1100,1058.0,-2.0,9.0,1107.0,180.0,166.0,135.0,1209,1422.0,22.0,1500,1444.0,-16.0,0,0,,0.0,0.0,0.0,0.0,0.0,2015-04-21,0,0.0,0.0,0.0,0.0,0.0
2015,4,7,2,MQ,3642,N657MQ,DFW,CVG,1830,1832.0,2.0,19.0,1851.0,143.0,132.0,109.0,812,2140.0,4.0,2153,2144.0,-9.0,0,0,,0.0,0.0,0.0,0.0,0.0,2015-04-07,0,0.0,0.0,0.0,0.0,0.0
2015,4,14,2,AA,2211,N3BLAA,DFW,SNA,2113,2123.0,10.0,7.0,2130.0,192.0,172.0,161.0,1205,2211.0,4.0,2225,2215.0,-10.0,0,0,,0.0,0.0,0.0,0.0,0.0,2015-04-14,0,0.0,0.0,0.0,0.0,0.0
2015,4,1,3,WN,2433,N299WN,PVD,TPA,520,518.0,-2.0,11.0,529.0,195.0,174.0,160.0,1136,809.0,3.0,835,812.0,-23.0,0,0,,0.0,0.0,0.0,0.0,0.0,2015-04-01,0,0.0,0.0,0.0,0.0,0.0
2015,5,4,1,B6,1038,N505JB,AUS,BOS,1835,1833.0,-2.0,12.0,1845.0,235.0,243.0,226.0,1698,2331.0,5.0,2330,2336.0,6.0,0,0,,0.0,0.0,0.0,0.0,0.0,2015-05-04,0,0.0,0.0,0.0,0.0,0.0
2015,3,28,6,AA,1462,N4WPAA,ONT,DFW,600,554.0,-6.0,28.0,622.0,179.0,187.0,148.0,1188,1050.0,11.0,1059,1101.0,2.0,0,0,,0.0,0.0,0.0,0.0,0.0,2015-03-28,0,0.0,0.0,0.0,0.0,0.0
2015,3,26,4,WN,5,N798SW,HOU,PHX,940,940.0,0.0,15.0,955.0,175.0,161.0,142.0,1020,1017.0,4.0,1035,1021.0,-14.0,0,0,,0.0,0.0,0.0,0.0,0.0,2015-03-26,0,0.0,0.0,0.0,0.0,0.0
2015,5,4,1,WN,575,N524SW,MEM,HOU,645,641.0,-4.0,10.0,651.0,100.0,93.0,76.0,484,807.0,7.0,825,814.0,-11.0,0,0,,0.0,0.0,0.0,0.0,0.0,2015-05-04,0,0.0,0.0,0.0,0.0,0.0
2015,4,9,4,AS,613,N590AS,LAS,SEA,1500,1452.0,-8.0,20.0,1512.0,155.0,151.0,125.0,867,1717.0,6.0,1735,1723.0,-12.0,0,0,,0.0,0.0,0.0,0.0,0.0,2015-04-09,0,0.0,0.0,0.0,0.0,0.0
2015,5,3,7,UA,1747,N64844,LAX,EWR,600,557.0,-3.0,13.0,610.0,338.0,318.0,298.0,2454,1408.0,7.0,1438,1415.0,-23.0,0,0,,0.0,0.0,0.0,0.0,0.0,2015-05-03,0,0.0,0.0,0.0,0.0,0.0
2015,4,21,2,DL,1704,N826DN,DTW,FLL,1350,1348.0,-2.0,16.0,1404.0,178.0,167.0,146.0,1127,1630.0,5.0,1648,1635.0,-13.0,0,0,,0.0,0.0,0.0,0.0,0.0,2015-04-21,0,0.0,0.0,0.0,0.0,0.0
2015,4,17,5,WN,884,N788SA,GEG,BOI,630,625.0,-5.0,8.0,633.0,60.0,52.0,41.0,287,814.0,3.0,830,817.0,-13.0,0,0,,0.0,0.0,0.0,0.0,0.0,2015-04-17,0,0.0,0.0,0.0,0.0,0.0
2015,4,15,3,EV,4671,N12160,HRL,IAH,525,537.0,12.0,8.0,545.0,74.0,61.0,45.0,295,630.0,8.0,639,638.0,-1.0,0,0,,0.0,0.0,0.0,0.0,0.0,2015-04-15,0,0.0,0.0,0.0,0.0,0.0
2015,5,2,6,NK,857,N523NK,BOS,DFW,1510,1512.0,2.0,16.0,1528.0,245.0,233.0,208.0,1562,1756.0,9.0,1815,1805.0,-10.0,0,0,,0.0,0.0,0.0,0.0,0.0,2015-05-02,0,0.0,0.0,0.0,0.0,0.0
2015,4,25,6,F9,1413,N220FR,MCO,STL,2005,2042.0,37.0,17.0,2059.0,145.0,150.0,126.0,882,2205.0,7.0,2130,2212.0,42.0,0,0,,28.0,0.0,10.0,4.0,0.0,2015-04-25,1,75.68,0.0,27.03,10.81,0.0
2015,4,3,5,DL,2096,N922DL,MSP,LGA,905,901.0,-4.0,10.0,911.0,161.0,143.0,127.0,1020,1218.0,6.0,1246,1224.0,-22.0,0,0,,0.0,0.0,0.0,0.0,0.0,2015-04-03,0,0.0,0.0,0.0,0.0,0.0
2015,4,22,3,DL,825,N330NW,BOS,CVG,1700,1659.0,-1.0,20.0,1719.0,143.0,149.0,124.0,752,1923.0,5.0,1923,1928.0,5.0,0,0,,0.0,0.0,0.0,0.0,0.0,2015-04-22,0,0.0,0.0,0.0,0.0,0.0
2015,4,26,7,OO,6461,N927SW,DEN,ABQ,800,800.0,0.0,17.0,817.0,78.0,82.0,60.0,349,917.0,5.0,918,922.0,4.0,0,0,,0.0,0.0,0.0,0.0,0.0,2015-04-26,0,0.0,0.0,0.0,0.0,0.0
2015,4,23,4,AA,1134,N3CAAA,LGA,DFW,1620,1613.0,-7.0,14.0,1627.0,249.0,235.0,209.0,1389,1856.0,12.0,1929,1908.0,-21.0,0,0,,0.0,0.0,0.0,0.0,0.0,2015-04-23,0,0.0,0.0,0.0,0.0,0.0
2015,4,3,5,OO,6299,N930EV,DEN,BFL,1908,1903.0,-5.0,12.0,1915.0,157.0,154.0,138.0,845,2033.0,4.0,2045,2037.0,-8.0,0,0,,0.0,0.0,0.0,0.0,0.0,2015-04-03,0,0.0,0.0,0.0,0.0,0.0
2015,4,12,7,US,1781,N128UW,LGA,CLT,1550,1543.0,-7.0,14.0,1557.0,125.0,99.0,80.0,544,1717.0,5.0,1755,1722.0,-33.0,0,0,,0.0,0.0,0.0,0.0,0.0,2015-04-12,0,0.0,0.0,0.0,0.0,0.0
2015,4,28,2,WN,336,N937WN,TPA,FLL,1925,1922.0,-3.0,8.0,1930.0,60.0,47.0,36.0,197,2006.0,3.0,2025,2009.0,-16.0,0,0,,0.0,0.0,0.0,0.0,0.0,2015-04-28,0,0.0,0.0,0.0,0.0,0.0
2015,4,9,4,B6,28,N794JB,MCO,EWR,905,901.0,-4.0,15.0,916.0,155.0,151.0,128.0,937,1124.0,8.0,1140,1132.0,-8.0,0,0,,0.0,0.0,0.0,0.0,0.0,2015-04-09,0,0.0,0.0,0.0,0.0,0.0
2015,4,9,4,MQ,3167,N0EGMQ,LGA,ATL,940,938.0,-2.0,50.0,1028.0,156.0,182.0,105.0,762,1213.0,27.0,1216,1240.0,24.0,0,0,,24.0,0.0,0.0,0.0,0.0,2015-04-09,0,-1200.0,-0.0,-0.0,-0.0,-0.0
2015,3,29,7,EV,4442,N15527,IAH,HOB,1825,1815.0,-10.0,17.0,1832.0,105.0,100.0,79.0,501,1851.0,4.0,1910,1855.0,-15.0,0,0,,0.0,0.0,0.0,0.0,0.0,2015-03-29,0,0.0,0.0,0.0,0.0,0.0
2015,4,19,7,OO,5529,N127SY,SFO,AUS,2350,2353.0,3.0,21.0,14.0,215.0,200.0,175.0,1504,509.0,4.0,525,513.0,-12.0,0,0,,0.0,0.0,0.0,0.0,0.0,2015-04-19,0,0.0,0.0,0.0,0.0,0.0
2015,4,27,1,DL,853,N961AT,MEM,ATL,1719,1715.0,-4.0,13.0,1728.0,95.0,72.0,49.0,332,1917.0,10.0,1954,1927.0,-27.0,0,0,,0.0,0.0,0.0,0.0,0.0,2015-04-27,0,0.0,0.0,0.0,0.0,0.0
2015,4,21,2,B6,749,N179JB,DCA,TPA,1935,1935.0,0.0,23.0,1958.0,145.0,166.0,134.0,814,2212.0,9.0,2200,2221.0,21.0,0,0,,21.0,0.0,0.0,0.0,0.0,2015-04-21,0,inf,0.0,0.0,0.0,0.0
2015,4,18,6,DL,1751,N6706Q,MSP,LAS,900,1329.0,269.0,11.0,1340.0,201.0,184.0,169.0,1299,1429.0,4.0,1021,1433.0,252.0,0,0,,0.0,0.0,252.0,0.0,0.0,2015-04-18,1,0.0,0.0,93.68,0.0,0.0
2015,4,19,7,DL,1746,N966DL,MIA,ATL,1000,956.0,-4.0,19.0,1015.0,120.0,117.0,87.0,594,1142.0,11.0,1200,1153.0,-7.0,0,0,,0.0,0.0,0.0,0.0,0.0,2015-04-19,0,0.0,0.0,0.0,0.0,0.0
2015,3,26,4,MQ,3329,N820MQ,CMH,JFK,837,827.0,-10.0,13.0,840.0,106.0,110.0,88.0,483,1008.0,9.0,1023,1017.0,-6.0,0,0,,0.0,0.0,0.0,0.0,0.0,2015-03-26,0,0.0,0.0,0.0,0.0,0.0
2015,4,30,4,OO,4797,N549CA,LAX,LAS,1700,1706.0,6.0,19.0,1725.0,78.0,68.0,43.0,236,1808.0,6.0,1818,1814.0,-4.0,0,0,,0.0,0.0,0.0,0.0,0.0,2015-04-30,0,0.0,0.0,0.0,0.0,0.0
2015,4,9,4,F9,825,N920FR,MCI,DEN,709,701.0,-8.0,10.0,711.0,106.0,109.0,85.0,533,736.0,14.0,755,750.0,-5.0,0,0,,0.0,0.0,0.0,0.0,0.0,2015-04-09,0,0.0,0.0,0.0,0.0,0.0
2015,4,30,4,DL,2154,N817DN,LAX,ATL,635,635.0,0.0,12.0,647.0,256.0,255.0,231.0,1947,1338.0,12.0,1351,1350.0,-1.0,0,0,,0.0,0.0,0.0,0.0,0.0,2015-04-30,0,0.0,0.0,0.0,0.0,0.0
2015,4,8,3,OO,5219,N121SY,ORD,ATL,832,832.0,0.0,21.0,853.0,118.0,130.0,102.0,606,1135.0,7.0,1130,1142.0,12.0,0,0,,0.0,0.0,0.0,0.0,0.0,2015-04-08,0,0.0,0.0,0.0,0.0,0.0
2015,5,4,1,F9,424,N918FR,ATL,CLE,1945,1939.0,-6.0,17.0,1956.0,105.0,107.0,82.0,554,2118.0,8.0,2130,2126.0,-4.0,0,0,,0.0,0.0,0.0,0.0,0.0,2015-05-04,0,0.0,0.0,0.0,0.0,0.0
2015,3,28,6,WN,1674,N8630B,BWI,BDL,2110,2307.0,117.0,8.0,2315.0,75.0,62.0,48.0,283,3.0,6.0,2225,9.0,104.0,0,0,,16.0,0.0,0.0,88.0,0.0,2015-03-28,1,13.68,0.0,0.0,75.21,0.0
2015,4,19,7,WN,888,N7711N,LAS,HOU,1420,1411.0,-9.0,12.0,1423.0,175.0,160.0,144.0,1235,1847.0,4.0,1915,1851.0,-24.0,0,0,,0.0,0.0,0.0,0.0,0.0,2015-04-19,0,0.0,0.0,0.0,0.0,0.0
2015,4,30,4,OO,4778,N603QX,GEG,SEA,1625,1617.0,-8.0,18.0,1635.0,64.0,67.0,44.0,224,1719.0,5.0,1729,1724.0,-5.0,0,0,,0.0,0.0,0.0,0.0,0.0,2015-04-30,0,0.0,0.0,0.0,0.0,0.0
2015,4,9,4,US,566,N920US,PHX,MCO,1215,1213.0,-2.0,18.0,1231.0,244.0,239.0,216.0,1849,1907.0,5.0,1919,1912.0,-7.0,0,0,,0.0,0.0,0.0,0.0,0.0,2015-04-09,0,0.0,0.0,0.0,0.0,0.0
2015,3,26,4,WN,194,N968WN,MCI,HOU,1950,1944.0,-6.0,5.0,1949.0,130.0,110.0,101.0,666,2130.0,4.0,2200,2134.0,-26.0,0,0,,0.0,0.0,0.0,0.0,0.0,2015-03-26,0,0.0,0.0,0.0,0.0,0.0
2015,4,29,3,DL,1089,N679DA,ANC,MSP,2106,2100.0,-6.0,13.0,2113.0,314.0,304.0,282.0,2519,455.0,9.0,520,504.0,-16.0,0,0,,0.0,0.0,0.0,0.0,0.0,2015-04-29,0,0.0,0.0,0.0,0.0,0.0
2015,4,15,3,US,1891,N808AW,PIT,CLT,1530,1543.0,13.0,10.0,1553.0,90.0,108.0,79.0,366,1712.0,19.0,1700,1731.0,31.0,0,0,,18.0,0.0,13.0,0.0,0.0,2015-04-15,0,138.46,0.0,100.0,0.0,0.0
2015,4,16,4,EV,4175,N16147,IAH,AEX,1549,1547.0,-2.0,34.0,1621.0,60.0,75.0,38.0,190,1659.0,3.0,1649,1702.0,13.0,0,0,,0.0,0.0,0.0,0.0,0.0,2015-04-16,0,0.0,0.0,0.0,0.0,0.0
2015,4,29,3,DL,2025,N966DL,ATL,BWI,849,911.0,22.0,19.0,930.0,104.0,96.0,73.0,577,1043.0,4.0,1033,1047.0,14.0,0,0,,0.0,0.0,0.0,0.0,0.0,2015-04-29,1,0.0,0.0,0.0,0.0,0.0
2015,4,27,1,WN,583,N772SW,RNO,DEN,1415,1428.0,13.0,10.0,1438.0,130.0,137.0,120.0,804,1738.0,7.0,1725,1745.0,20.0,0,0,,7.0,0.0,6.0,7.0,0.0,2015-04-27,0,53.85,0.0,46.15,53.85,0.0
2015,3,28,6,UA,596,N843UA,SEA,IAH,1159,1233.0,34.0,14.0,1247.0,256.0,226.0,207.0,1874,1814.0,5.0,1815,1819.0,4.0,0,0,,0.0,0.0,0.0,0.0,0.0,2015-03-28,1,0.0,0.0,0.0,0.0,0.0
2015,5,1,5,B6,49,N238JB,BOS,SAV,1042,1029.0,-13.0,13.0,1042.0,149.0,144.0,127.0,901,1249.0,4.0,1311,1253.0,-18.0,0,0,,0.0,0.0,0.0,0.0,0.0,2015-05-01,0,0.0,0.0,0.0,0.0,0.0
2015,4,19,7,WN,826,N644SW,MCO,BWI,610,611.0,1.0,20.0,631.0,140.0,139.0,108.0,787,819.0,11.0,830,830.0,0.0,0,0,,0.0,0.0,0.0,0.0,0.0,2015-04-19,0,0.0,0.0,0.0,0.0,0.0
2015,4,25,6,F9,661,N918FR,DEN,SFO,1255,1248.0,-7.0,16.0,1304.0,156.0,157.0,132.0,967,1416.0,9.0,1431,1425.0,-6.0,0,0,,0.0,0.0,0.0,0.0,0.0,2015-04-25,0,0.0,0.0,0.0,0.0,0.0
2015,4,20,1,OO,5199,N743SK,SFO,SLC,1055,1053.0,-2.0,20.0,1113.0,113.0,117.0,90.0,599,1343.0,7.0,1348,1350.0,2.0,0,0,,0.0,0.0,0.0,0.0,0.0,2015-04-20,0,0.0,0.0,0.0,0.0,0.0
2015,4,10,5,WN,597,N795SW,MCO,RDU,1510,1519.0,9.0,13.0,1532.0,100.0,95.0,79.0,534,1651.0,3.0,1650,1654.0,4.0,0,0,,0.0,0.0,0.0,0.0,0.0,2015-04-10,0,0.0,0.0,0.0,0.0,0.0
2015,4,16,4,DL,2567,N996DL,IAH,DTW,735,804.0,29.0,14.0,818.0,173.0,161.0,142.0,1075,1140.0,5.0,1128,1145.0,17.0,0,0,,0.0,0.0,17.0,0.0,0.0,2015-04-16,1,0.0,0.0,58.62,0.0,0.0
2015,4,24,5,US,2061,N722US,BWI,CLT,515,512.0,-3.0,15.0,527.0,82.0,82.0,62.0,361,629.0,5.0,637,634.0,-3.0,0,0,,0.0,0.0,0.0,0.0,0.0,2015-04-24,0,0.0,0.0,0.0,0.0,0.0
2015,4,23,4,WN,600,N966WN,SAN,DAL,1220,1218.0,-2.0,8.0,1226.0,170.0,156.0,143.0,1182,1649.0,5.0,1710,1654.0,-16.0,0,0,,0.0,0.0,0.0,0.0,0.0,2015-04-23,0,0.0,0.0,0.0,0.0,0.0
2015,5,1,5,MQ,3214,N640MQ,ORD,DAY,900,856.0,-4.0,12.0,908.0,77.0,72.0,44.0,240,1052.0,16.0,1117,1108.0,-9.0,0,0,,0.0,0.0,0.0,0.0,0.0,2015-05-01,0,0.0,0.0,0.0,0.0,0.0
2015,4,5,7,WN,4001,N943WN,SAN,SJC,800,751.0,-9.0,9.0,800.0,80.0,75.0,64.0,417,904.0,2.0,920,906.0,-14.0,0,0,,0.0,0.0,0.0,0.0,0.0,2015-04-05,0,0.0,0.0,0.0,0.0,0.0
2015,3,30,1,UA,15,N66051,EWR,HNL,910,904.0,-6.0,22.0,926.0,679.0,679.0,653.0,4962,1419.0,4.0,1429,1423.0,-6.0,0,0,,0.0,0.0,0.0,0.0,0.0,2015-03-30,0,0.0,0.0,0.0,0.0,0.0
2015,4,23,4,OO,5447,N971SW,ORD,DLH,1622,1615.0,-7.0,12.0,1627.0,94.0,93.0,74.0,397,1741.0,7.0,1756,1748.0,-8.0,0,0,,0.0,0.0,0.0,0.0,0.0,2015-04-23,0,0.0,0.0,0.0,0.0,0.0
2015,4,9,4,OO,5546,N768SK,IAH,CVG,1907,1905.0,-2.0,15.0,1920.0,138.0,141.0,118.0,871,2218.0,8.0,2225,2226.0,1.0,0,0,,0.0,0.0,0.0,0.0,0.0,2015-04-09,0,0.0,0.0,0.0,0.0,0.0
2015,4,13,1,EV,4433,N16559,PIA,IAH,600,603.0,3.0,11.0,614.0,149.0,147.0,128.0,802,822.0,8.0,829,830.0,1.0,0,0,,0.0,0.0,0.0,0.0,0.0,2015-04-13,0,0.0,0.0,0.0,0.0,0.0
2015,3,28,6,MQ,3495,N644MQ,MSN,DFW,1848,1848.0,0.0,10.0,1858.0,157.0,124.0,107.0,821,2045.0,7.0,2125,2052.0,-33.0,0,0,,0.0,0.0,0.0,0.0,0.0,2015-03-28,0,0.0,0.0,0.0,0.0,0.0
2015,4,17,5,UA,1190,N73278,IAD,SFO,1416,1429.0,13.0,23.0,1452.0,356.0,338.0,306.0,2419,1658.0,9.0,1712,1707.0,-5.0,0,0,,0.0,0.0,0.0,0.0,0.0,2015-04-17,0,0.0,0.0,0.0,0.0,0.0
2015,4,4,6,UA,1286,N73291,TPA,ORD,603,601.0,-2.0,12.0,613.0,174.0,172.0,148.0,1012,741.0,12.0,757,753.0,-4.0,0,0,,0.0,0.0,0.0,0.0,0.0,2015-04-04,0,0.0,0.0,0.0,0.0,0.0
2015,4,29,3,VX,97,N845VA,IAD,LAX,1720,1728.0,8.0,24.0,1752.0,345.0,312.0,277.0,2288,1929.0,11.0,2005,1940.0,-25.0,0,0,,0.0,0.0,0.0,0.0,0.0,2015-04-29,0,0.0,0.0,0.0,0.0,0.0
2015,3,29,7,AA,1490,N3JWAA,LAS,ORD,530,527.0,-3.0,18.0,545.0,220.0,207.0,171.0,1514,1036.0,18.0,1110,1054.0,-16.0,0,0,,0.0,0.0,0.0,0.0,0.0,2015-03-29,0,0.0,0.0,0.0,0.0,0.0
2015,4,7,2,US,436,N161UW,PHX,SFO,2015,2034.0,19.0,11.0,2045.0,127.0,119.0,101.0,651,2226.0,7.0,2222,2233.0,11.0,0,0,,0.0,0.0,0.0,0.0,0.0,2015-04-07,1,0.0,0.0,0.0,0.0,0.0
2015,5,1,5,OO,5307,N917SW,MAF,DEN,2034,2028.0,-6.0,26.0,2054.0,108.0,112.0,82.0,563,2116.0,4.0,2122,2120.0,-2.0,0,0,,0.0,0.0,0.0,0.0,0.0,2015-05-01,0,0.0,0.0,0.0,0.0,0.0
2015,4,4,6,US,2049,N944UW,PHL,PBI,1005,957.0,-8.0,58.0,1055.0,172.0,194.0,132.0,951,1307.0,4.0,1257,1311.0,14.0,0,0,,0.0,0.0,0.0,0.0,0.0,2015-04-04,0,0.0,0.0,0.0,0.0,0.0
2015,4,13,1,US,420,N810AW,PHX,CLE,1510,1503.0,-7.0,10.0,1513.0,224.0,221.0,204.0,1737,2137.0,7.0,2154,2144.0,-10.0,0,0,,0.0,0.0,0.0,0.0,0.0,2015-04-13,0,0.0,0.0,0.0,0.0,0.0
2015,4,15,3,AA,2456,N4XEAA,TPA,DFW,1345,1344.0,-1.0,9.0,1353.0,168.0,157.0,141.0,929,1514.0,7.0,1533,1521.0,-12.0,0,0,,0.0,0.0,0.0,0.0,0.0,2015-04-15,0,0.0,0.0,0.0,0.0,0.0
2015,4,22,3,WN,293,N8301J,MCO,ISP,2025,2018.0,-7.0,12.0,2030.0,155.0,142.0,125.0,971,2235.0,5.0,2300,2240.0,-20.0,0,0,,0.0,0.0,0.0,0.0,0.0,2015-04-22,0,0.0,0.0,0.0,0.0,0.0
2015,4,11,6,UA,1272,N17229,TPA,IAH,800,801.0,1.0,11.0,812.0,146.0,141.0,122.0,787,914.0,8.0,926,922.0,-4.0,0,0,,0.0,0.0,0.0,0.0,0.0,2015-04-11,0,0.0,0.0,0.0,0.0,0.0
2015,3,29,7,AA,1529,N590AA,ORD,RDU,1825,1845.0,20.0,15.0,1900.0,124.0,100.0,83.0,646,2123.0,2.0,2129,2125.0,-4.0,0,0,,0.0,0.0,0.0,0.0,0.0,2015-03-29,1,0.0,0.0,0.0,0.0,0.0
2015,3,31,2,OO,7377,N452SW,BTM,SLC,1300,1255.0,-5.0,13.0,1308.0,82.0,88.0,64.0,358,1412.0,11.0,1422,1423.0,1.0,0,0,,0.0,0.0,0.0,0.0,0.0,2015-03-31,0,0.0,0.0,0.0,0.0,0.0
2015,4,18,6,DL,1487,N913DN,ATL,DEN,1055,1054.0,-1.0,12.0,1106.0,203.0,179.0,162.0,1199,1148.0,5.0,1218,1153.0,-25.0,0,0,,0.0,0.0,0.0,0.0,0.0,2015-04-18,0,0.0,0.0,0.0,0.0,0.0
2015,4,1,3,DL,1895,N721TW,PHL,ATL,1245,1247.0,2.0,13.0,1300.0,135.0,112.0,93.0,666,1433.0,6.0,1500,1439.0,-21.0,0,0,,0.0,0.0,0.0,0.0,0.0,2015-04-01,0,0.0,0.0,0.0,0.0,0.0
2015,4,10,5,WN,3237,N742SW,SNA,LAS,1920,1919.0,-1.0,11.0,1930.0,65.0,56.0,38.0,226,2008.0,7.0,2025,2015.0,-10.0,0,0,,0.0,0.0,0.0,0.0,0.0,2015-04-10,0,0.0,0.0,0.0,0.0,0.0
2015,4,5,7,UA,1585,N75433,ORD,SFO,2039,2041.0,2.0,18.0,2059.0,290.0,285.0,263.0,1846,2322.0,4.0,2329,2326.0,-3.0,0,0,,0.0,0.0,0.0,0.0,0.0,2015-04-05,0,0.0,0.0,0.0,0.0,0.0
2015,3,29,7,AA,2441,N5CPAA,DFW,LAS,1520,1519.0,-1.0,16.0,1535.0,184.0,178.0,148.0,1055,1603.0,14.0,1624,1617.0,-7.0,0,0,,0.0,0.0,0.0,0.0,0.0,2015-03-29,0,0.0,0.0,0.0,0.0,0.0
2015,3,27,5,DL,1493,N920AT,ATL,LEX,1454,1454.0,0.0,15.0,1509.0,78.0,62.0,44.0,304,1553.0,3.0,1612,1556.0,-16.0,0,0,,0.0,0.0,0.0,0.0,0.0,2015-03-27,0,0.0,0.0,0.0,0.0,0.0
2015,3,29,7,UA,1557,N68822,LAX,EWR,2343,25.0,42.0,12.0,37.0,308.0,292.0,270.0,2454,807.0,10.0,751,817.0,26.0,0,0,,0.0,0.0,9.0,17.0,0.0,2015-03-29,1,0.0,0.0,21.43,40.48,0.0
2015,4,16,4,B6,112,N190JB,ORD,BOS,1710,1702.0,-8.0,17.0,1719.0,138.0,126.0,105.0,867,2004.0,4.0,2028,2008.0,-20.0,0,0,,0.0,0.0,0.0,0.0,0.0,2015-04-16,0,0.0,0.0,0.0,0.0,0.0
2015,4,11,6,WN,2744,N299WN,LAS,RNO,745,736.0,-9.0,11.0,747.0,80.0,73.0,58.0,345,845.0,4.0,905,849.0,-16.0,0,0,,0.0,0.0,0.0,0.0,0.0,2015-04-11,0,0.0,0.0,0.0,0.0,0.0
2015,4,8,3,WN,878,N905WN,PVD,MCO,925,935.0,10.0,7.0,942.0,175.0,163.0,150.0,1072,1212.0,6.0,1220,1218.0,-2.0,0,0,,0.0,0.0,0.0,0.0,0.0,2015-04-08,0,0.0,0.0,0.0,0.0,0.0
2015,4,4,6,US,1773,N952UW,PHL,IAH,1135,1133.0,-2.0,13.0,1146.0,222.0,235.0,211.0,1325,1417.0,11.0,1417,1428.0,11.0,0,0,,0.0,0.0,0.0,0.0,0.0,2015-04-04,0,0.0,0.0,0.0,0.0,0.0
2015,4,14,2,OO,7396,N426SW,TWF,SLC,628,621.0,-7.0,7.0,628.0,52.0,45.0,32.0,175,700.0,6.0,720,706.0,-14.0,0,0,,0.0,0.0,0.0,0.0,0.0,2015-04-14,0,0.0,0.0,0.0,0.0,0.0
2015,4,28,2,DL,1437,N3740C,DTW,BWI,1410,1409.0,-1.0,18.0,1427.0,86.0,92.0,68.0,409,1535.0,6.0,1536,1541.0,5.0,0,0,,0.0,0.0,0.0,0.0,0.0,2015-04-28,0,0.0,0.0,0.0,0.0,0.0
2015,5,1,5,B6,512,N586JB,AUS,FLL,1121,1116.0,-5.0,14.0,1130.0,161.0,153.0,136.0,1105,1446.0,3.0,1502,1449.0,-13.0,0,0,,0.0,0.0,0.0,0.0,0.0,2015-05-01,0,0.0,0.0,0.0,0.0,0.0
2015,5,3,7,AA,1258,N479AA,LAX,STL,610,601.0,-9.0,19.0,620.0,219.0,216.0,193.0,1592,1133.0,4.0,1149,1137.0,-12.0,0,0,,0.0,0.0,0.0,0.0,0.0,2015-05-03,0,0.0,0.0,0.0,0.0,0.0
2015,4,29,3,UA,624,N526UA,SFO,ORD,1100,1054.0,-6.0,28.0,1122.0,258.0,263.0,221.0,1846,1703.0,14.0,1718,1717.0,-1.0,0,0,,0.0,0.0,0.0,0.0,0.0,2015-04-29,0,0.0,0.0,0.0,0.0,0.0
2015,4,16,4,NK,823,N640NK,MYR,DFW,1150,1149.0,-1.0,13.0,1202.0,171.0,183.0,162.0,1048,1344.0,8.0,1341,1352.0,11.0,0,0,,0.0,0.0,0.0,0.0,0.0,2015-04-16,0,0.0,0.0,0.0,0.0,0.0
2015,4,3,5,AS,26,N516AS,SEA,ORD,1815,1812.0,-3.0,9.0,1821.0,221.0,215.0,196.0,1721,2337.0,10.0,2356,2347.0,-9.0,0,0,,0.0,0.0,0.0,0.0,0.0,2015-04-03,0,0.0,0.0,0.0,0.0,0.0
2015,4,1,3,DL,1868,N925DN,ATL,AUS,816,813.0,-3.0,14.0,827.0,154.0,141.0,122.0,813,929.0,5.0,950,934.0,-16.0,0,0,,0.0,0.0,0.0,0.0,0.0,2015-04-01,0,0.0,0.0,0.0,0.0,0.0
2015,4,26,7,DL,1471,N37700,DTW,AUS,2000,2153.0,113.0,17.0,2210.0,197.0,190.0,164.0,1149,2354.0,9.0,2217,3.0,106.0,0,0,,0.0,0.0,106.0,0.0,0.0,2015-04-26,1,0.0,0.0,93.81,0.0,0.0
2015,4,6,1,WN,567,N969WN,MDW,DTW,2140,2138.0,-2.0,10.0,2148.0,65.0,54.0,40.0,228,2328.0,4.0,2345,2332.0,-13.0,0,0,,0.0,0.0,0.0,0.0,0.0,2015-04-06,0,0.0,0.0,0.0,0.0,0.0
2015,5,4,1,US,735,N102UW,PHL,LAS,1555,1549.0,-6.0,17.0,1606.0,329.0,299.0,275.0,2176,1741.0,7.0,1824,1748.0,-36.0,0,0,,0.0,0.0,0.0,0.0,0.0,2015-05-04,0,0.0,0.0,0.0,0.0,0.0
2015,4,16,4,MQ,3488,N694MQ,BHM,MIA,545,535.0,-10.0,16.0,551.0,114.0,117.0,95.0,661,826.0,6.0,839,832.0,-7.0,0,0,,0.0,0.0,0.0,0.0,0.0,2015-04-16,0,0.0,0.0,0.0,0.0,0.0
2015,5,3,7,MQ,3060,N679MQ,DFW,FAR,1155,1158.0,3.0,19.0,1217.0,161.0,153.0,130.0,968,1427.0,4.0,1436,1431.0,-5.0,0,0,,0.0,0.0,0.0,0.0,0.0,2015-05-03,0,0.0,0.0,0.0,0.0,0.0
2015,4,28,2,WN,2778,N742SW,DAL,MDW,820,817.0,-3.0,13.0,830.0,130.0,124.0,106.0,793,1016.0,5.0,1030,1021.0,-9.0,0,0,,0.0,0.0,0.0,0.0,0.0,2015-04-28,0,0.0,0.0,0.0,0.0,0.0
2015,4,17,5,AA,306,N4YEAA,DFW,IND,730,726.0,-4.0,18.0,744.0,132.0,126.0,105.0,761,1029.0,3.0,1042,1032.0,-10.0,0,0,,0.0,0.0,0.0,0.0,0.0,2015-04-17,0,0.0,0.0,0.0,0.0,0.0
2015,4,23,4,AA,1661,N3KXAA,IAD,MIA,1716,1716.0,0.0,32.0,1748.0,167.0,191.0,129.0,921,1957.0,30.0,2003,2027.0,24.0,0,0,,24.0,0.0,0.0,0.0,0.0,2015-04-23,0,inf,0.0,0.0,0.0,0.0
2015,4,8,3,UA,1590,N77261,MCO,ORD,1539,1534.0,-5.0,16.0,1550.0,176.0,177.0,149.0,1005,1719.0,12.0,1735,1731.0,-4.0,0,0,,0.0,0.0,0.0,0.0,0.0,2015-04-08,0,0.0,0.0,0.0,0.0,0.0
2015,4,2,4,MQ,3315,N617MQ,MLI,ORD,1640,1632.0,-8.0,9.0,1641.0,59.0,54.0,29.0,139,1710.0,16.0,1739,1726.0,-13.0,0,0,,0.0,0.0,0.0,0.0,0.0,2015-04-02,0,0.0,0.0,0.0,0.0,0.0
2015,4,1,3,UA,298,N424UA,ATL,EWR,600,557.0,-3.0,15.0,612.0,131.0,119.0,98.0,746,750.0,6.0,811,756.0,-15.0,0,0,,0.0,0.0,0.0,0.0,0.0,2015-04-01,0,0.0,0.0,0.0,0.0,0.0
2015,4,16,4,HA,305,N475HA,OGG,HNL,1038,1037.0,-1.0,8.0,1045.0,36.0,46.0,27.0,100,1112.0,11.0,1114,1123.0,9.0,0,0,,0.0,0.0,0.0,0.0,0.0,2015-04-16,0,0.0,0.0,0.0,0.0,0.0
2015,4,30,4,US,731,N117UW,CLT,MIA,1805,1804.0,-1.0,15.0,1819.0,120.0,111.0,90.0,650,1949.0,6.0,2005,1955.0,-10.0,0,0,,0.0,0.0,0.0,0.0,0.0,2015-04-30,0,0.0,0.0,0.0,0.0,0.0
2015,4,15,3,OO,4714,N8933B,DTW,MBS,1535,1534.0,-1.0,24.0,1558.0,55.0,50.0,22.0,98,1620.0,4.0,1630,1624.0,-6.0,0,0,,0.0,0.0,0.0,0.0,0.0,2015-04-15,0,0.0,0.0,0.0,0.0,0.0
2015,4,24,5,WN,3045,N450WN,SEA,SAN,1130,1133.0,3.0,16.0,1149.0,160.0,154.0,135.0,1050,1404.0,3.0,1410,1407.0,-3.0,0,0,,0.0,0.0,0.0,0.0,0.0,2015-04-24,0,0.0,0.0,0.0,0.0,0.0
2015,4,6,1,OO,5445,N563SW,SFO,SBP,850,840.0,-10.0,11.0,851.0,67.0,62.0,48.0,190,939.0,3.0,957,942.0,-15.0,0,0,,0.0,0.0,0.0,0.0,0.0,2015-04-06,0,0.0,0.0,0.0,0.0,0.0
2015,4,1,3,UA,317,N843UA,SFO,IND,1615,1607.0,-8.0,17.0,1624.0,253.0,247.0,222.0,1943,2306.0,8.0,2328,2314.0,-14.0,0,0,,0.0,0.0,0.0,0.0,0.0,2015-04-01,0,0.0,0.0,0.0,0.0,0.0
2015,3,26,4,WN,629,N601WN,GEG,OAK,1805,1840.0,35.0,7.0,1847.0,125.0,114.0,102.0,723,2029.0,5.0,2010,2034.0,24.0,0,0,,0.0,0.0,0.0,24.0,0.0,2015-03-26,1,0.0,0.0,0.0,68.57,0.0
2015,4,25,6,UA,1229,N57111,HNL,LAX,2326,2325.0,-1.0,16.0,2341.0,324.0,328.0,297.0,2556,738.0,15.0,750,753.0,3.0,0,0,,0.0,0.0,0.0,0.0,0.0,2015-04-25,0,0.0,0.0,0.0,0.0,0.0
2015,4,24,5,F9,607,N943FR,ATL,IND,1625,1621.0,-4.0,16.0,1637.0,90.0,89.0,67.0,432,1744.0,6.0,1755,1750.0,-5.0,0,0,,0.0,0.0,0.0,0.0,0.0,2015-04-24,0,0.0,0.0,0.0,0.0,0.0
2015,4,25,6,AA,1693,N3EGAA,ORD,MCO,1225,1221.0,-4.0,14.0,1235.0,172.0,165.0,128.0,1005,1543.0,23.0,1617,1606.0,-11.0,0,0,,0.0,0.0,0.0,0.0,0.0,2015-04-25,0,0.0,0.0,0.0,0.0,0.0
2015,3,31,2,OO,5454,N910SW,SMF,SFO,1712,1701.0,-11.0,18.0,1719.0,51.0,59.0,34.0,86,1753.0,7.0,1803,1800.0,-3.0,0,0,,0.0,0.0,0.0,0.0,0.0,2015-03-31,0,0.0,0.0,0.0,0.0,0.0
2015,4,22,3,AS,450,N546AS,SEA,LAX,2055,2041.0,-14.0,12.0,2053.0,159.0,149.0,126.0,954,2259.0,11.0,2334,2310.0,-24.0,0,0,,0.0,0.0,0.0,0.0,0.0,2015-04-22,0,0.0,0.0,0.0,0.0,0.0
2015,4,2,4,WN,2340,N205WN,PHX,ABQ,1400,1443.0,43.0,7.0,1450.0,65.0,54.0,43.0,328,1633.0,4.0,1605,1637.0,32.0,0,0,,0.0,0.0,28.0,4.0,0.0,2015-04-02,1,0.0,0.0,65.12,9.3,0.0
2015,4,4,6,WN,1929,N358SW,DEN,PHX,630,626.0,-4.0,16.0,642.0,125.0,118.0,95.0,602,717.0,7.0,735,724.0,-11.0,0,0,,0.0,0.0,0.0,0.0,0.0,2015-04-04,0,0.0,0.0,0.0,0.0,0.0
2015,3,29,7,MQ,3273,N659MQ,PIA,DFW,730,723.0,-7.0,13.0,736.0,134.0,134.0,105.0,672,921.0,16.0,944,937.0,-7.0,0,0,,0.0,0.0,0.0,0.0,0.0,2015-03-29,0,0.0,0.0,0.0,0.0,0.0
2015,4,10,5,WN,674,N440LV,BUF,MCO,1505,1510.0,5.0,8.0,1518.0,160.0,152.0,137.0,1011,1735.0,7.0,1745,1742.0,-3.0,0,0,,0.0,0.0,0.0,0.0,0.0,2015-04-10,0,0.0,0.0,0.0,0.0,0.0
2015,4,26,7,NK,654,N516NK,PDX,ORD,2355,2354.0,-1.0,12.0,6.0,230.0,244.0,206.0,1739,532.0,26.0,545,558.0,13.0,0,0,,0.0,0.0,0.0,0.0,0.0,2015-04-26,0,0.0,0.0,0.0,0.0,0.0
2015,4,28,2,EV,4708,N17169,RIC,IAH,840,831.0,-9.0,9.0,840.0,195.0,202.0,182.0,1157,1042.0,11.0,1055,1053.0,-2.0,0,0,,0.0,0.0,0.0,0.0,0.0,2015-04-28,0,0.0,0.0,0.0,0.0,0.0
2015,4,29,3,AS,505,N506AS,SNA,SEA,2030,2013.0,-17.0,7.0,2020.0,157.0,149.0,137.0,978,2237.0,5.0,2307,2242.0,-25.0,0,0,,0.0,0.0,0.0,0.0,0.0,2015-04-29,0,0.0,0.0,0.0,0.0,0.0
2015,3,30,1,OO,4802,N806SK,SEA,SJC,1850,1847.0,-3.0,12.0,1859.0,126.0,126.0,111.0,697,2050.0,3.0,2056,2053.0,-3.0,0,0,,0.0,0.0,0.0,0.0,0.0,2015-03-30,0,0.0,0.0,0.0,0.0,0.0
2015,4,25,6,DL,1890,N352NW,DFW,ATL,600,601.0,1.0,26.0,627.0,120.0,136.0,97.0,731,904.0,13.0,900,917.0,17.0,0,0,,17.0,0.0,0.0,0.0,0.0,2015-04-25,0,1700.0,0.0,0.0,0.0,0.0
2015,4,19,7,WN,2568,N565WN,LAS,SJC,1810,1804.0,-6.0,11.0,1815.0,80.0,73.0,56.0,386,1911.0,6.0,1930,1917.0,-13.0,0,0,,0.0,0.0,0.0,0.0,0.0,2015-04-19,0,0.0,0.0,0.0,0.0,0.0
2015,5,2,6,WN,2553,N603SW,DEN,GEG,850,852.0,2.0,11.0,903.0,140.0,135.0,121.0,836,1004.0,3.0,1010,1007.0,-3.0,0,0,,0.0,0.0,0.0,0.0,0.0,2015-05-02,0,0.0,0.0,0.0,0.0,0.0
2015,5,3,7,US,809,N957UW,BOS,PHL,1830,1832.0,2.0,29.0,1901.0,94.0,87.0,56.0,280,1957.0,2.0,2004,1959.0,-5.0,0,0,,0.0,0.0,0.0,0.0,0.0,2015-05-03,0,0.0,0.0,0.0,0.0,0.0
2015,4,4,6,UA,520,N475UA,LAX,EWR,1235,1235.0,0.0,14.0,1249.0,324.0,285.0,262.0,2454,2011.0,9.0,2059,2020.0,-39.0,0,0,,0.0,0.0,0.0,0.0,0.0,2015-04-04,0,0.0,0.0,0.0,0.0,0.0
2015,3,29,7,WN,3859,N930WN,ROC,TPA,1255,1307.0,12.0,8.0,1315.0,170.0,141.0,129.0,1079,1524.0,4.0,1545,1528.0,-17.0,0,0,,0.0,0.0,0.0,0.0,0.0,2015-03-29,0,0.0,0.0,0.0,0.0,0.0
2015,4,30,4,UA,1287,N31412,RSW,IAH,625,627.0,2.0,10.0,637.0,155.0,147.0,131.0,861,748.0,6.0,800,754.0,-6.0,0,0,,0.0,0.0,0.0,0.0,0.0,2015-04-30,0,0.0,0.0,0.0,0.0,0.0
2015,4,10,5,OO,7429,N8923A,SLC,PIH,1104,1103.0,-1.0,23.0,1126.0,51.0,57.0,30.0,150,1156.0,4.0,1155,1200.0,5.0,0,0,,0.0,0.0,0.0,0.0,0.0,2015-04-10,0,0.0,0.0,0.0,0.0,0.0
2015,3,26,4,UA,1569,N34460,SAN,IAH,645,641.0,-4.0,12.0,653.0,188.0,196.0,168.0,1303,1141.0,16.0,1153,1157.0,4.0,0,0,,0.0,0.0,0.0,0.0,0.0,2015-03-26,0,0.0,0.0,0.0,0.0,0.0
2015,4,7,2,EV,4744,N10575,ORD,GRB,1803,1808.0,5.0,18.0,1826.0,63.0,53.0,30.0,173,1856.0,5.0,1906,1901.0,-5.0,0,0,,0.0,0.0,0.0,0.0,0.0,2015-04-07,0,0.0,0.0,0.0,0.0,0.0
2015,4,17,5,WN,753,N391SW,MSY,STL,1500,1459.0,-1.0,12.0,1511.0,105.0,103.0,88.0,604,1639.0,3.0,1645,1642.0,-3.0,0,0,,0.0,0.0,0.0,0.0,0.0,2015-04-17,0,0.0,0.0,0.0,0.0,0.0
2015,4,18,6,WN,2623,N374SW,LAS,SJC,840,836.0,-4.0,10.0,846.0,85.0,73.0,60.0,386,946.0,3.0,1005,949.0,-16.0,0,0,,0.0,0.0,0.0,0.0,0.0,2015-04-18,0,0.0,0.0,0.0,0.0,0.0
2015,4,29,3,WN,481,N8315C,DEN,PHX,1245,1242.0,-3.0,9.0,1251.0,115.0,95.0,80.0,602,1311.0,6.0,1340,1317.0,-23.0,0,0,,0.0,0.0,0.0,0.0,0.0,2015-04-29,0,0.0,0.0,0.0,0.0,0.0
2015,4,27,1,EV,6163,N24103,DEN,MCI,755,747.0,-8.0,13.0,800.0,98.0,96.0,78.0,533,1018.0,5.0,1033,1023.0,-10.0,0,0,,0.0,0.0,0.0,0.0,0.0,2015-04-27,0,0.0,0.0,0.0,0.0,0.0
2015,3,29,7,B6,1888,N323JB,MCO,ORH,810,808.0,-2.0,15.0,823.0,161.0,163.0,144.0,1091,1047.0,4.0,1051,1051.0,0.0,0,0,,0.0,0.0,0.0,0.0,0.0,2015-03-29,0,0.0,0.0,0.0,0.0,0.0
2015,4,9,4,WN,173,N600WN,BUR,SJC,1330,1328.0,-2.0,9.0,1337.0,65.0,63.0,47.0,296,1424.0,7.0,1435,1431.0,-4.0,0,0,,0.0,0.0,0.0,0.0,0.0,2015-04-09,0,0.0,0.0,0.0,0.0,0.0
2015,4,8,3,US,1730,N808AW,CLT,DCA,1135,1133.0,-2.0,16.0,1149.0,82.0,73.0,49.0,331,1238.0,8.0,1257,1246.0,-11.0,0,0,,0.0,0.0,0.0,0.0,0.0,2015-04-08,0,0.0,0.0,0.0,0.0,0.0
2015,4,15,3,DL,1748,N327NW,SLC,RNO,1515,1514.0,-1.0,26.0,1540.0,85.0,92.0,62.0,422,1542.0,4.0,1540,1546.0,6.0,0,0,,0.0,0.0,0.0,0.0,0.0,2015-04-15,0,0.0,0.0,0.0,0.0,0.0
2015,4,21,2,OO,4744,N953SW,SLC,RAP,940,935.0,-5.0,15.0,950.0,103.0,95.0,76.0,508,1106.0,4.0,1123,1110.0,-13.0,0,0,,0.0,0.0,0.0,0.0,0.0,2015-04-21,0,0.0,0.0,0.0,0.0,0.0
2015,4,29,3,WN,170,N268WN,PDX,OAK,1155,1151.0,-4.0,8.0,1159.0,100.0,98.0,85.0,543,1324.0,5.0,1335,1329.0,-6.0,0,0,,0.0,0.0,0.0,0.0,0.0,2015-04-29,0,0.0,0.0,0.0,0.0,0.0
2015,4,30,4,WN,1015,N231WN,DAL,ABQ,2200,2157.0,-3.0,9.0,2206.0,110.0,95.0,82.0,580,2228.0,4.0,2250,2232.0,-18.0,0,0,,0.0,0.0,0.0,0.0,0.0,2015-04-30,0,0.0,0.0,0.0,0.0,0.0
2015,5,3,7,UA,1295,N67827,MSY,IAH,805,806.0,1.0,11.0,817.0,76.0,67.0,50.0,305,907.0,6.0,921,913.0,-8.0,0,0,,0.0,0.0,0.0,0.0,0.0,2015-05-03,0,0.0,0.0,0.0,0.0,0.0
2015,4,23,4,WN,751,N747SA,MCI,DEN,1410,1402.0,-8.0,10.0,1412.0,110.0,106.0,90.0,533,1442.0,6.0,1500,1448.0,-12.0,0,0,,0.0,0.0,0.0,0.0,0.0,2015-04-23,0,0.0,0.0,0.0,0.0,0.0
2015,4,10,5,VX,315,N846VA,MCO,LAX,1720,1731.0,11.0,12.0,1743.0,340.0,320.0,301.0,2218,1944.0,7.0,2000,1951.0,-9.0,0,0,,0.0,0.0,0.0,0.0,0.0,2015-04-10,0,0.0,0.0,0.0,0.0,0.0
2015,4,14,2,WN,633,N397SW,LAS,TUS,710,704.0,-6.0,13.0,717.0,70.0,69.0,53.0,365,810.0,3.0,820,813.0,-7.0,0,0,,0.0,0.0,0.0,0.0,0.0,2015-04-14,0,0.0,0.0,0.0,0.0,0.0
2015,5,1,5,B6,489,N203JB,BOS,DCA,1017,1010.0,-7.0,15.0,1025.0,93.0,81.0,64.0,399,1129.0,2.0,1150,1131.0,-19.0,0,0,,0.0,0.0,0.0,0.0,0.0,2015-05-01,0,0.0,0.0,0.0,0.0,0.0
2015,4,9,4,WN,2716,N295WN,ATL,CMH,2220,2257.0,37.0,16.0,2313.0,95.0,86.0,65.0,447,18.0,5.0,2355,23.0,28.0,0,0,,0.0,0.0,26.0,2.0,0.0,2015-04-09,1,0.0,0.0,70.27,5.41,0.0
2015,3,28,6,MQ,2952,N692MQ,GRB,ORD,600,557.0,-3.0,22.0,619.0,75.0,76.0,42.0,173,701.0,12.0,715,713.0,-2.0,0,0,,0.0,0.0,0.0,0.0,0.0,2015-03-28,0,0.0,0.0,0.0,0.0,0.0
2015,4,1,3,EV,5052,N131EV,ATL,OAJ,2120,2210.0,50.0,19.0,2229.0,77.0,75.0,54.0,399,2323.0,2.0,2237,2325.0,48.0,0,0,,0.0,0.0,21.0,27.0,0.0,2015-04-01,1,0.0,0.0,42.0,54.0,0.0
2015,4,5,7,WN,746,N523SW,AUS,DAL,1625,1621.0,-4.0,8.0,1629.0,60.0,56.0,42.0,189,1711.0,6.0,1725,1717.0,-8.0,0,0,,0.0,0.0,0.0,0.0,0.0,2015-04-05,0,0.0,0.0,0.0,0.0,0.0
2015,3,27,5,WN,508,N240WN,LAX,DAL,755,805.0,10.0,8.0,813.0,170.0,175.0,163.0,1246,1256.0,4.0,1245,1300.0,15.0,0,0,,5.0,0.0,5.0,5.0,0.0,2015-03-27,0,50.0,0.0,50.0,50.0,0.0
2015,4,6,1,WN,45,N241WN,HOU,BOS,1910,1942.0,32.0,8.0,1950.0,215.0,197.0,182.0,1609,2352.0,7.0,2345,2359.0,14.0,0,0,,0.0,0.0,0.0,0.0,0.0,2015-04-06,1,0.0,0.0,0.0,0.0,0.0
2015,4,18,6,EV,5303,N754EV,ATL,GRK,1906,2039.0,93.0,20.0,2059.0,141.0,172.0,150.0,803,2229.0,2.0,2027,2231.0,124.0,0,0,,31.0,0.0,93.0,0.0,0.0,2015-04-18,1,33.33,0.0,100.0,0.0,0.0
2015,4,3,5,EV,4919,N916EV,ATL,PIA,2039,2035.0,-4.0,10.0,2045.0,108.0,108.0,95.0,565,2120.0,3.0,2127,2123.0,-4.0,0,0,,0.0,0.0,0.0,0.0,0.0,2015-04-03,0,0.0,0.0,0.0,0.0,0.0
2015,4,20,1,WN,3027,N460WN,BNA,MDW,2105,2126.0,21.0,9.0,2135.0,85.0,81.0,66.0,395,2241.0,6.0,2230,2247.0,17.0,0,0,,0.0,0.0,9.0,8.0,0.0,2015-04-20,1,0.0,0.0,42.86,38.1,0.0
2015,4,21,2,WN,2671,N463WN,ABQ,MDW,605,601.0,-4.0,13.0,614.0,160.0,157.0,136.0,1121,930.0,8.0,945,938.0,-7.0,0,0,,0.0,0.0,0.0,0.0,0.0,2015-04-21,0,0.0,0.0,0.0,0.0,0.0
2015,4,7,2,UA,217,N457UA,IAD,SFO,925,924.0,-1.0,14.0,938.0,360.0,359.0,339.0,2419,1217.0,6.0,1225,1223.0,-2.0,0,0,,0.0,0.0,0.0,0.0,0.0,2015-04-07,0,0.0,0.0,0.0,0.0,0.0
2015,3,26,4,B6,184,N583JB,MCO,JFK,2149,2215.0,26.0,26.0,2241.0,144.0,142.0,110.0,944,31.0,6.0,13,37.0,24.0,0,0,,7.0,0.0,0.0,17.0,0.0,2015-03-26,1,26.92,0.0,0.0,65.38,0.0
2015,4,13,1,WN,2153,N788SA,MDW,DTW,1325,1326.0,1.0,13.0,1339.0,75.0,61.0,41.0,228,1520.0,7.0,1540,1527.0,-13.0,0,0,,0.0,0.0,0.0,0.0,0.0,2015-04-13,0,0.0,0.0,0.0,0.0,0.0
2015,4,12,7,DL,2194,N965DN,DTW,MIA,740,737.0,-3.0,20.0,757.0,181.0,174.0,150.0,1145,1027.0,4.0,1041,1031.0,-10.0,0,0,,0.0,0.0,0.0,0.0,0.0,2015-04-12,0,0.0,0.0,0.0,0.0,0.0
2015,3,27,5,F9,732,N204FR,DEN,CVG,1921,2329.0,248.0,12.0,2341.0,152.0,151.0,129.0,1069,350.0,10.0,2353,400.0,247.0,0,0,,0.0,0.0,22.0,225.0,0.0,2015-03-27,1,0.0,0.0,8.87,90.73,0.0
2015,4,14,2,US,758,N656AW,ORD,PHL,1159,1158.0,-1.0,14.0,1212.0,126.0,107.0,88.0,678,1440.0,5.0,1505,1445.0,-20.0,0,0,,0.0,0.0,0.0,0.0,0.0,2015-04-14,0,0.0,0.0,0.0,0.0,0.0
2015,4,1,3,AA,2267,N439AA,EWR,ORD,750,745.0,-5.0,13.0,758.0,149.0,148.0,113.0,719,851.0,22.0,919,913.0,-6.0,0,0,,0.0,0.0,0.0,0.0,0.0,2015-04-01,0,0.0,0.0,0.0,0.0,0.0
2015,4,9,4,AA,1489,N424AA,DFW,IAH,925,920.0,-5.0,13.0,933.0,74.0,63.0,42.0,224,1015.0,8.0,1039,1023.0,-16.0,0,0,,0.0,0.0,0.0,0.0,0.0,2015-04-09,0,0.0,0.0,0.0,0.0,0.0
2015,5,2,6,AS,83,N596AS,SEA,ANC,800,756.0,-4.0,11.0,807.0,225.0,212.0,197.0,1448,1024.0,4.0,1045,1028.0,-17.0,0,0,,0.0,0.0,0.0,0.0,0.0,2015-05-02,0,0.0,0.0,0.0,0.0,0.0
2015,4,1,3,WN,759,N283WN,PHX,CLE,1030,1039.0,9.0,29.0,1108.0,230.0,246.0,210.0,1737,1738.0,7.0,1720,1745.0,25.0,0,0,,16.0,0.0,9.0,0.0,0.0,2015-04-01,0,177.78,0.0,100.0,0.0,0.0
2015,3,27,5,WN,664,N376SW,DAL,AUS,1300,1325.0,25.0,23.0,1348.0,55.0,60.0,33.0,189,1421.0,4.0,1355,1425.0,30.0,0,0,,5.0,0.0,25.0,0.0,0.0,2015-03-27,1,20.0,0.0,100.0,0.0,0.0
2015,4,16,4,DL,1714,N590NW,MCO,MSP,1209,1204.0,-5.0,15.0,1219.0,204.0,195.0,178.0,1310,1417.0,2.0,1433,1419.0,-14.0,0,0,,0.0,0.0,0.0,0.0,0.0,2015-04-16,0,0.0,0.0,0.0,0.0,0.0
2015,3,31,2,EV,5140,N974EV,LEX,ATL,1915,1902.0,-13.0,20.0,1922.0,83.0,77.0,50.0,304,2012.0,7.0,2038,2019.0,-19.0,0,0,,0.0,0.0,0.0,0.0,0.0,2015-03-31,0,0.0,0.0,0.0,0.0,0.0
2015,3,30,1,OO,2861,N869AS,LAX,FAT,1730,1727.0,-3.0,21.0,1748.0,61.0,63.0,37.0,209,1825.0,5.0,1831,1830.0,-1.0,0,0,,0.0,0.0,0.0,0.0,0.0,2015-03-30,0,0.0,0.0,0.0,0.0,0.0
2015,4,1,3,MQ,3523,N503MQ,XNA,ORD,1552,1602.0,10.0,13.0,1615.0,106.0,107.0,80.0,522,1735.0,14.0,1738,1749.0,11.0,0,0,,0.0,0.0,0.0,0.0,0.0,2015-04-01,0,0.0,0.0,0.0,0.0,0.0
2015,5,2,6,MQ,3618,N622MQ,MLI,ORD,655,652.0,-3.0,6.0,658.0,60.0,52.0,31.0,139,729.0,15.0,755,744.0,-11.0,0,0,,0.0,0.0,0.0,0.0,0.0,2015-05-02,0,0.0,0.0,0.0,0.0,0.0
2015,4,12,7,US,1926,N190UW,LAX,PHL,1401,1357.0,-4.0,17.0,1414.0,314.0,307.0,287.0,2402,2201.0,3.0,2215,2204.0,-11.0,0,0,,0.0,0.0,0.0,0.0,0.0,2015-04-12,0,0.0,0.0,0.0,0.0,0.0
2015,5,2,6,US,2010,N669AW,PBI,PHL,615,607.0,-8.0,12.0,619.0,155.0,154.0,138.0,951,837.0,4.0,850,841.0,-9.0,0,0,,0.0,0.0,0.0,0.0,0.0,2015-05-02,0,0.0,0.0,0.0,0.0,0.0
2015,4,30,4,MQ,2930,N659MQ,DFW,VPS,1610,1634.0,24.0,14.0,1648.0,115.0,108.0,89.0,641,1817.0,5.0,1805,1822.0,17.0,0,0,,0.0,0.0,5.0,12.0,0.0,2015-04-30,1,0.0,0.0,20.83,50.0,0.0
2015,4,5,7,HA,104,N486HA,LIH,HNL,625,620.0,-5.0,8.0,628.0,32.0,34.0,20.0,102,648.0,6.0,657,654.0,-3.0,0,0,,0.0,0.0,0.0,0.0,0.0,2015-04-05,0,0.0,0.0,0.0,0.0,0.0
2015,4,28,2,UA,1059,N78506,SFO,SEA,830,823.0,-7.0,16.0,839.0,128.0,111.0,89.0,679,1008.0,6.0,1038,1014.0,-24.0,0,0,,0.0,0.0,0.0,0.0,0.0,2015-04-28,0,0.0,0.0,0.0,0.0,0.0
2015,3,30,1,NK,615,N631NK,BOS,FLL,1719,1722.0,3.0,30.0,1752.0,216.0,212.0,174.0,1237,2046.0,8.0,2055,2054.0,-1.0,0,0,,0.0,0.0,0.0,0.0,0.0,2015-03-30,0,0.0,0.0,0.0,0.0,0.0
2015,4,13,1,MQ,3532,N922MQ,ORD,RIC,1840,1923.0,43.0,22.0,1945.0,134.0,116.0,91.0,642,2216.0,3.0,2154,2219.0,25.0,0,0,,0.0,0.0,13.0,12.0,0.0,2015-04-13,1,0.0,0.0,30.23,27.91,0.0
2015,4,6,1,AA,1684,N5CCAA,MCO,MIA,1615,1607.0,-8.0,11.0,1618.0,74.0,74.0,40.0,192,1658.0,23.0,1729,1721.0,-8.0,0,0,,0.0,0.0,0.0,0.0,0.0,2015-04-06,0,0.0,0.0,0.0,0.0,0.0
2015,3,27,5,VX,766,N527VA,DAL,LGA,1055,1117.0,22.0,30.0,1147.0,180.0,193.0,154.0,1381,1521.0,9.0,1455,1530.0,35.0,0,0,,35.0,0.0,0.0,0.0,0.0,2015-03-27,1,159.09,0.0,0.0,0.0,0.0
2015,3,29,7,WN,393,N916WN,MDW,TPA,1550,1603.0,13.0,9.0,1612.0,145.0,139.0,125.0,997,1917.0,5.0,1915,1922.0,7.0,0,0,,0.0,0.0,0.0,0.0,0.0,2015-03-29,0,0.0,0.0,0.0,0.0,0.0
2015,5,2,6,AS,10,N440AS,SEA,MCO,2125,2118.0,-7.0,12.0,2130.0,327.0,316.0,299.0,2554,529.0,5.0,552,534.0,-18.0,0,0,,0.0,0.0,0.0,0.0,0.0,2015-05-02,0,0.0,0.0,0.0,0.0,0.0
2015,4,4,6,OO,5631,N946SW,SFO,BUR,1901,1859.0,-2.0,13.0,1912.0,76.0,65.0,49.0,326,2001.0,3.0,2017,2004.0,-13.0,0,0,,0.0,0.0,0.0,0.0,0.0,2015-04-04,0,0.0,0.0,0.0,0.0,0.0
2015,4,11,6,NK,969,N522NK,BWI,ORD,615,612.0,-3.0,9.0,621.0,125.0,123.0,105.0,622,706.0,9.0,720,715.0,-5.0,0,0,,0.0,0.0,0.0,0.0,0.0,2015-04-11,0,0.0,0.0,0.0,0.0,0.0
2015,4,29,3,NK,188,N633NK,LAS,DTW,812,803.0,-9.0,13.0,816.0,238.0,249.0,227.0,1749,1503.0,9.0,1510,1512.0,2.0,0,0,,0.0,0.0,0.0,0.0,0.0,2015-04-29,0,0.0,0.0,0.0,0.0,0.0
2015,4,7,2,EV,4296,N13538,IAH,ICT,835,830.0,-5.0,8.0,838.0,105.0,89.0,76.0,542,954.0,5.0,1020,959.0,-21.0,0,0,,0.0,0.0,0.0,0.0,0.0,2015-04-07,0,0.0,0.0,0.0,0.0,0.0
2015,4,13,1,UA,1110,N77518,CLE,MCO,830,823.0,-7.0,7.0,830.0,143.0,134.0,120.0,895,1030.0,7.0,1053,1037.0,-16.0,0,0,,0.0,0.0,0.0,0.0,0.0,2015-04-13,0,0.0,0.0,0.0,0.0,0.0
2015,3,28,6,OO,5456,N903SW,RDM,SFO,530,515.0,-15.0,31.0,546.0,98.0,115.0,78.0,462,704.0,6.0,708,710.0,2.0,0,0,,0.0,0.0,0.0,0.0,0.0,2015-03-28,0,0.0,0.0,0.0,0.0,0.0
2015,4,23,4,DL,2531,N673DL,SLC,ATL,700,657.0,-3.0,11.0,708.0,212.0,187.0,171.0,1590,1159.0,5.0,1232,1204.0,-28.0,0,0,,0.0,0.0,0.0,0.0,0.0,2015-04-23,0,0.0,0.0,0.0,0.0,0.0
2015,4,12,7,WN,790,N453WN,SEA,PHX,2030,2025.0,-5.0,8.0,2033.0,165.0,153.0,139.0,1107,2252.0,6.0,2315,2258.0,-17.0,0,0,,0.0,0.0,0.0,0.0,0.0,2015-04-12,0,0.0,0.0,0.0,0.0,0.0
2015,4,15,3,EV,5128,N134EV,MGM,ATL,540,536.0,-4.0,13.0,549.0,54.0,54.0,37.0,147,726.0,4.0,734,730.0,-4.0,0,0,,0.0,0.0,0.0,0.0,0.0,2015-04-15,0,0.0,0.0,0.0,0.0,0.0
2015,4,13,1,US,1839,N946UW,PHL,MSP,1125,1122.0,-3.0,15.0,1137.0,169.0,167.0,149.0,980,1306.0,3.0,1314,1309.0,-5.0,0,0,,0.0,0.0,0.0,0.0,0.0,2015-04-13,0,0.0,0.0,0.0,0.0,0.0
2015,4,12,7,OO,4539,N461SW,TUS,SLC,715,709.0,-6.0,16.0,725.0,117.0,115.0,87.0,601,952.0,12.0,1012,1004.0,-8.0,0,0,,0.0,0.0,0.0,0.0,0.0,2015-04-12,0,0.0,0.0,0.0,0.0,0.0
2015,4,17,5,OO,6227,N594SW,ORD,MEM,2121,2124.0,3.0,15.0,2139.0,112.0,101.0,80.0,491,2259.0,6.0,2313,2305.0,-8.0,0,0,,0.0,0.0,0.0,0.0,0.0,2015-04-17,0,0.0,0.0,0.0,0.0,0.0
2015,4,10,5,WN,4550,N259WN,MSY,MCO,1330,1328.0,-2.0,8.0,1336.0,100.0,96.0,82.0,551,1558.0,6.0,1610,1604.0,-6.0,0,0,,0.0,0.0,0.0,0.0,0.0,2015-04-10,0,0.0,0.0,0.0,0.0,0.0
2015,4,21,2,WN,1898,N906WN,SJU,FLL,645,639.0,-6.0,14.0,653.0,175.0,165.0,144.0,1046,917.0,7.0,940,924.0,-16.0,0,0,,0.0,0.0,0.0,0.0,0.0,2015-04-21,0,0.0,0.0,0.0,0.0,0.0
2015,4,30,4,UA,1720,N69840,PHX,EWR,2254,2353.0,59.0,11.0,4.0,276.0,277.0,257.0,2133,721.0,9.0,630,730.0,60.0,0,0,,1.0,0.0,19.0,40.0,0.0,2015-04-30,1,1.69,0.0,32.2,67.8,0.0
2015,3,30,1,DL,1787,N3744F,MSP,MSO,2148,2144.0,-4.0,12.0,2156.0,171.0,172.0,157.0,1013,2333.0,3.0,2339,2336.0,-3.0,0,0,,0.0,0.0,0.0,0.0,0.0,2015-03-30,0,0.0,0.0,0.0,0.0,0.0
2015,4,29,3,NK,866,N521NK,LAX,DFW,945,1515.0,330.0,10.0,1525.0,173.0,191.0,164.0,1235,2009.0,17.0,1438,2026.0,348.0,0,0,,18.0,0.0,151.0,179.0,0.0,2015-04-29,1,5.45,0.0,45.76,54.24,0.0
2015,4,2,4,DL,896,N380DA,FSD,MSP,800,757.0,-3.0,18.0,815.0,58.0,58.0,36.0,196,851.0,4.0,858,855.0,-3.0,0,0,,0.0,0.0,0.0,0.0,0.0,2015-04-02,0,0.0,0.0,0.0,0.0,0.0
2015,4,24,5,AA,265,N5DEAA,LAX,LIH,915,915.0,0.0,20.0,935.0,361.0,357.0,334.0,2615,1209.0,3.0,1216,1212.0,-4.0,0,0,,0.0,0.0,0.0,0.0,0.0,2015-04-24,0,0.0,0.0,0.0,0.0,0.0
2015,3,29,7,DL,1385,N348NB,IND,MSP,1741,1735.0,-6.0,12.0,1747.0,103.0,104.0,89.0,503,1816.0,3.0,1824,1819.0,-5.0,0,0,,0.0,0.0,0.0,0.0,0.0,2015-03-29,0,0.0,0.0,0.0,0.0,0.0
2015,4,9,4,OO,5561,N909SW,DEN,FAR,1017,1015.0,-2.0,19.0,1034.0,112.0,108.0,84.0,627,1258.0,5.0,1309,1303.0,-6.0,0,0,,0.0,0.0,0.0,0.0,0.0,2015-04-09,0,0.0,0.0,0.0,0.0,0.0
2015,4,29,3,DL,1546,N6716C,PHX,ATL,1013,1010.0,-3.0,24.0,1034.0,217.0,235.0,199.0,1587,1653.0,12.0,1650,1705.0,15.0,0,0,,15.0,0.0,0.0,0.0,0.0,2015-04-29,0,-500.0,-0.0,-0.0,-0.0,-0.0
2015,4,30,4,EV,5550,N371CA,CVG,DTW,1320,1314.0,-6.0,13.0,1327.0,74.0,67.0,41.0,229,1408.0,13.0,1434,1421.0,-13.0,0,0,,0.0,0.0,0.0,0.0,0.0,2015-04-30,0,0.0,0.0,0.0,0.0,0.0
2015,4,26,7,WN,591,N297WN,BWI,SDF,2100,2123.0,23.0,18.0,2141.0,105.0,101.0,78.0,495,2259.0,5.0,2245,2304.0,19.0,0,0,,0.0,0.0,4.0,15.0,0.0,2015-04-26,1,0.0,0.0,17.39,65.22,0.0
2015,4,23,4,AA,2315,N368AA,MCO,MIA,1905,1857.0,-8.0,17.0,1914.0,66.0,64.0,36.0,192,1950.0,11.0,2011,2001.0,-10.0,0,0,,0.0,0.0,0.0,0.0,0.0,2015-04-23,0,0.0,0.0,0.0,0.0,0.0
2015,4,8,3,AS,32,N467AS,SEA,PHL,840,839.0,-1.0,16.0,855.0,307.0,300.0,274.0,2378,1629.0,10.0,1647,1639.0,-8.0,0,0,,0.0,0.0,0.0,0.0,0.0,2015-04-08,0,0.0,0.0,0.0,0.0,0.0
2015,3,27,5,B6,1887,N323JB,ORH,MCO,1225,1220.0,-5.0,10.0,1230.0,184.0,205.0,185.0,1091,1535.0,10.0,1529,1545.0,16.0,0,0,,16.0,0.0,0.0,0.0,0.0,2015-03-27,0,-320.0,-0.0,-0.0,-0.0,-0.0
2015,4,3,5,MQ,3434,N534MQ,DTW,ORD,1154,1205.0,11.0,9.0,1214.0,81.0,71.0,50.0,235,1204.0,12.0,1215,1216.0,1.0,0,0,,0.0,0.0,0.0,0.0,0.0,2015-04-03,0,0.0,0.0,0.0,0.0,0.0
2015,4,17,5,US,1773,N952UW,MSP,PHL,700,748.0,48.0,11.0,759.0,155.0,149.0,128.0,980,1107.0,10.0,1035,1117.0,42.0,0,0,,42.0,0.0,0.0,0.0,0.0,2015-04-17,1,87.5,0.0,0.0,0.0,0.0
2015,4,12,7,WN,826,N629SW,MCI,PHX,1245,1339.0,54.0,7.0,1346.0,170.0,167.0,154.0,1044,1420.0,6.0,1335,1426.0,51.0,0,0,,0.0,0.0,0.0,51.0,0.0,2015-04-12,1,0.0,0.0,0.0,94.44,0.0
2015,4,15,3,MQ,3596,N939MQ,ORD,CMH,1205,1200.0,-5.0,9.0,1209.0,85.0,60.0,49.0,296,1358.0,2.0,1430,1400.0,-30.0,0,0,,0.0,0.0,0.0,0.0,0.0,2015-04-15,0,0.0,0.0,0.0,0.0,0.0
2015,4,29,3,OO,6322,N291SW,LAX,SAN,735,730.0,-5.0,17.0,747.0,58.0,53.0,34.0,109,821.0,2.0,833,823.0,-10.0,0,0,,0.0,0.0,0.0,0.0,0.0,2015-04-29,0,0.0,0.0,0.0,0.0,0.0
2015,4,29,3,WN,823,N491WN,FLL,ATL,1255,1305.0,10.0,6.0,1311.0,120.0,103.0,87.0,581,1438.0,10.0,1455,1448.0,-7.0,0,0,,0.0,0.0,0.0,0.0,0.0,2015-04-29,0,0.0,0.0,0.0,0.0,0.0
2015,4,6,1,EV,4639,N15980,IAH,AMA,1430,1421.0,-9.0,9.0,1430.0,107.0,92.0,77.0,517,1547.0,6.0,1617,1553.0,-24.0,0,0,,0.0,0.0,0.0,0.0,0.0,2015-04-06,0,0.0,0.0,0.0,0.0,0.0
2015,4,18,6,OO,6417,N713SK,SFO,SNA,1510,1509.0,-1.0,15.0,1524.0,92.0,89.0,67.0,372,1631.0,7.0,1642,1638.0,-4.0,0,0,,0.0,0.0,0.0,0.0,0.0,2015-04-18,0,0.0,0.0,0.0,0.0,0.0
2015,4,12,7,MQ,3664,N637MQ,DFW,EVV,1230,1230.0,0.0,18.0,1248.0,117.0,109.0,87.0,642,1415.0,4.0,1427,1419.0,-8.0,0,0,,0.0,0.0,0.0,0.0,0.0,2015-04-12,0,0.0,0.0,0.0,0.0,0.0
2015,4,9,4,F9,607,N951FR,IND,DEN,1835,1832.0,-3.0,9.0,1841.0,164.0,160.0,143.0,977,1904.0,8.0,1919,1912.0,-7.0,0,0,,0.0,0.0,0.0,0.0,0.0,2015-04-09,0,0.0,0.0,0.0,0.0,0.0
2015,4,11,6,MQ,3184,N818MQ,TYS,DFW,1029,1020.0,-9.0,11.0,1031.0,146.0,168.0,124.0,772,1135.0,33.0,1155,1208.0,13.0,0,0,,0.0,0.0,0.0,0.0,0.0,2015-04-11,0,0.0,0.0,0.0,0.0,0.0
2015,4,30,4,AS,827,N442AS,OAK,HNL,900,854.0,-6.0,9.0,903.0,329.0,311.0,299.0,2409,1102.0,3.0,1129,1105.0,-24.0,0,0,,0.0,0.0,0.0,0.0,0.0,2015-04-30,0,0.0,0.0,0.0,0.0,0.0
2015,4,29,3,WN,402,N392SW,ATL,RSW,2025,2024.0,-1.0,8.0,2032.0,100.0,90.0,78.0,515,2150.0,4.0,2205,2154.0,-11.0,0,0,,0.0,0.0,0.0,0.0,0.0,2015-04-29,0,0.0,0.0,0.0,0.0,0.0
2015,4,12,7,WN,3825,N7750A,MDW,ORF,1335,1337.0,2.0,11.0,1348.0,125.0,116.0,101.0,704,1629.0,4.0,1640,1633.0,-7.0,0,0,,0.0,0.0,0.0,0.0,0.0,2015-04-12,0,0.0,0.0,0.0,0.0,0.0
2015,4,6,1,AA,49,N630AA,DFW,SAN,1705,1701.0,-4.0,11.0,1712.0,193.0,187.0,173.0,1171,1805.0,3.0,1818,1808.0,-10.0,0,0,,0.0,0.0,0.0,0.0,0.0,2015-04-06,0,0.0,0.0,0.0,0.0,0.0
2015,5,1,5,DL,392,N942DN,ATL,ORD,1455,1455.0,0.0,17.0,1512.0,134.0,119.0,97.0,606,1549.0,5.0,1609,1554.0,-15.0,0,0,,0.0,0.0,0.0,0.0,0.0,2015-05-01,0,0.0,0.0,0.0,0.0,0.0
2015,4,14,2,AS,95,N548AS,SEA,ANC,1845,1846.0,1.0,20.0,1906.0,218.0,225.0,201.0,1448,2127.0,4.0,2123,2131.0,8.0,0,0,,0.0,0.0,0.0,0.0,0.0,2015-04-14,0,0.0,0.0,0.0,0.0,0.0
2015,4,10,5,AA,1289,N3FAAA,SAN,DFW,1240,1236.0,-4.0,16.0,1252.0,181.0,166.0,138.0,1171,1710.0,12.0,1741,1722.0,-19.0,0,0,,0.0,0.0,0.0,0.0,0.0,2015-04-10,0,0.0,0.0,0.0,0.0,0.0
2015,5,1,5,AA,2375,N4XPAA,ORD,DFW,1645,1955.0,190.0,28.0,2023.0,163.0,141.0,108.0,802,2211.0,5.0,1928,2216.0,168.0,0,0,,0.0,0.0,21.0,147.0,0.0,2015-05-01,1,0.0,0.0,11.05,77.37,0.0
2015,4,27,1,WN,3580,N766SW,SFO,SNA,2005,2001.0,-4.0,16.0,2017.0,90.0,84.0,62.0,372,2119.0,6.0,2135,2125.0,-10.0,0,0,,0.0,0.0,0.0,0.0,0.0,2015-04-27,0,0.0,0.0,0.0,0.0,0.0
2015,4,26,7,AA,1027,N4XTAA,ORD,MCO,925,918.0,-7.0,25.0,943.0,167.0,159.0,130.0,1005,1253.0,4.0,1312,1257.0,-15.0,0,0,,0.0,0.0,0.0,0.0,0.0,2015-04-26,0,0.0,0.0,0.0,0.0,0.0
2015,5,1,5,US,1892,N535UW,MIA,CLT,1135,1150.0,15.0,13.0,1203.0,128.0,119.0,97.0,650,1340.0,9.0,1343,1349.0,6.0,0,0,,0.0,0.0,0.0,0.0,0.0,2015-05-01,0,0.0,0.0,0.0,0.0,0.0
2015,4,24,5,US,693,N207UW,HNL,PHX,2215,2210.0,-5.0,12.0,2222.0,358.0,355.0,337.0,2917,659.0,6.0,713,705.0,-8.0,0,0,,0.0,0.0,0.0,0.0,0.0,2015-04-24,0,0.0,0.0,0.0,0.0,0.0
2015,4,1,3,DL,2311,N3753,LAS,JFK,1301,1259.0,-2.0,15.0,1314.0,299.0,281.0,255.0,2248,2029.0,11.0,2100,2040.0,-20.0,0,0,,0.0,0.0,0.0,0.0,0.0,2015-04-01,0,0.0,0.0,0.0,0.0,0.0
2015,4,19,7,DL,1257,N953AT,ATL,DAL,1341,1341.0,0.0,8.0,1349.0,141.0,121.0,109.0,721,1438.0,4.0,1502,1442.0,-20.0,0,0,,0.0,0.0,0.0,0.0,0.0,2015-04-19,0,0.0,0.0,0.0,0.0,0.0
2015,4,1,3,MQ,2967,N902MQ,ROC,ORD,1205,1200.0,-5.0,12.0,1212.0,120.0,110.0,88.0,528,1240.0,10.0,1305,1250.0,-15.0,0,0,,0.0,0.0,0.0,0.0,0.0,2015-04-01,0,0.0,0.0,0.0,0.0,0.0
2015,3,30,1,EV,5074,N398CA,LGA,BHM,1325,1326.0,1.0,28.0,1354.0,163.0,164.0,132.0,866,1506.0,4.0,1508,1510.0,2.0,0,0,,0.0,0.0,0.0,0.0,0.0,2015-03-30,0,0.0,0.0,0.0,0.0,0.0
2015,4,8,3,WN,2451,N552WN,DAL,LAS,2210,2215.0,5.0,10.0,2225.0,175.0,169.0,155.0,1067,2300.0,4.0,2305,2304.0,-1.0,0,0,,0.0,0.0,0.0,0.0,0.0,2015-04-08,0,0.0,0.0,0.0,0.0,0.0
2015,5,5,2,WN,3917,N550WN,ALB,BWI,810,804.0,-6.0,8.0,812.0,80.0,67.0,56.0,289,908.0,3.0,930,911.0,-19.0,0,0,,0.0,0.0,0.0,0.0,0.0,2015-05-05,0,0.0,0.0,0.0,0.0,0.0
2015,3,31,2,NK,295,N527NK,ORD,IAH,2017,2054.0,37.0,17.0,2111.0,163.0,149.0,126.0,925,2317.0,6.0,2300,2323.0,23.0,0,0,,1.0,0.0,9.0,13.0,0.0,2015-03-31,1,2.7,0.0,24.32,35.14,0.0
2015,4,3,5,EV,4255,N12564,CHS,EWR,1402,1359.0,-3.0,58.0,1457.0,117.0,162.0,91.0,628,1628.0,13.0,1559,1641.0,42.0,0,0,,42.0,0.0,0.0,0.0,0.0,2015-04-03,0,-1400.0,-0.0,-0.0,-0.0,-0.0
2015,4,18,6,DL,1402,N655DL,LAS,ATL,1351,1347.0,-4.0,12.0,1359.0,233.0,220.0,200.0,1747,2019.0,8.0,2044,2027.0,-17.0,0,0,,0.0,0.0,0.0,0.0,0.0,2015-04-18,0,0.0,0.0,0.0,0.0,0.0
2015,4,22,3,HA,47,N582HA,OAK,HNL,935,927.0,-8.0,25.0,952.0,330.0,345.0,304.0,2409,1156.0,16.0,1205,1212.0,7.0,0,0,,0.0,0.0,0.0,0.0,0.0,2015-04-22,0,0.0,0.0,0.0,0.0,0.0
2015,5,1,5,DL,932,N822DN,JAX,ATL,925,920.0,-5.0,17.0,937.0,75.0,67.0,44.0,270,1021.0,6.0,1040,1027.0,-13.0,0,0,,0.0,0.0,0.0,0.0,0.0,2015-05-01,0,0.0,0.0,0.0,0.0,0.0
2015,4,19,7,DL,138,N590NW,MCO,DTW,1555,1554.0,-1.0,14.0,1608.0,155.0,143.0,123.0,957,1811.0,6.0,1830,1817.0,-13.0,0,0,,0.0,0.0,0.0,0.0,0.0,2015-04-19,0,0.0,0.0,0.0,0.0,0.0
2015,4,2,4,DL,2423,N896AT,DTW,CLT,725,720.0,-5.0,17.0,737.0,106.0,100.0,76.0,500,853.0,7.0,911,900.0,-11.0,0,0,,0.0,0.0,0.0,0.0,0.0,2015-04-02,0,0.0,0.0,0.0,0.0,0.0
2015,4,14,2,US,2167,N950UW,DCA,LGA,1800,1855.0,55.0,30.0,1925.0,86.0,78.0,41.0,214,2006.0,7.0,1926,2013.0,47.0,0,0,,0.0,0.0,2.0,45.0,0.0,2015-04-14,1,0.0,0.0,3.64,81.82,0.0
2015,5,1,5,AA,1143,N3LPAA,SFO,LAX,1445,1457.0,12.0,11.0,1508.0,85.0,70.0,55.0,337,1603.0,4.0,1610,1607.0,-3.0,0,0,,0.0,0.0,0.0,0.0,0.0,2015-05-01,0,0.0,0.0,0.0,0.0,0.0
2015,4,4,6,AA,2228,N598AA,SMF,DFW,1141,1132.0,-9.0,9.0,1141.0,200.0,181.0,163.0,1431,1624.0,9.0,1701,1633.0,-28.0,0,0,,0.0,0.0,0.0,0.0,0.0,2015-04-04,0,0.0,0.0,0.0,0.0,0.0
2015,3,31,2,WN,2692,N563WN,MDW,BOS,1435,1435.0,0.0,9.0,1444.0,125.0,124.0,108.0,861,1732.0,7.0,1740,1739.0,-1.0,0,0,,0.0,0.0,0.0,0.0,0.0,2015-03-31,0,0.0,0.0,0.0,0.0,0.0
2015,4,1,3,AA,2385,N437AA,DFW,SAT,1755,1830.0,35.0,14.0,1844.0,68.0,61.0,45.0,247,1929.0,2.0,1903,1931.0,28.0,0,0,,0.0,0.0,0.0,28.0,0.0,2015-04-01,1,0.0,0.0,0.0,80.0,0.0
2015,4,1,3,DL,1946,N970AT,CLE,ATL,1845,1841.0,-4.0,7.0,1848.0,116.0,98.0,73.0,554,2001.0,18.0,2041,2019.0,-22.0,0,0,,0.0,0.0,0.0,0.0,0.0,2015-04-01,0,0.0,0.0,0.0,0.0,0.0
2015,5,2,6,NK,295,N524NK,ORD,IAH,1900,1854.0,-6.0,9.0,1903.0,162.0,137.0,123.0,925,2106.0,5.0,2142,2111.0,-31.0,0,0,,0.0,0.0,0.0,0.0,0.0,2015-05-02,0,0.0,0.0,0.0,0.0,0.0
2015,4,21,2,WN,685,N520SW,HOU,SAT,1045,1040.0,-5.0,9.0,1049.0,55.0,56.0,39.0,192,1128.0,8.0,1140,1136.0,-4.0,0,0,,0.0,0.0,0.0,0.0,0.0,2015-04-21,0,0.0,0.0,0.0,0.0,0.0
2015,5,2,6,EV,4564,N16981,CVG,EWR,1500,1449.0,-11.0,9.0,1458.0,123.0,110.0,91.0,569,1629.0,10.0,1703,1639.0,-24.0,0,0,,0.0,0.0,0.0,0.0,0.0,2015-05-02,0,0.0,0.0,0.0,0.0,0.0
2015,4,16,4,WN,729,N905WN,PIT,HOU,1755,1754.0,-1.0,24.0,1818.0,185.0,225.0,191.0,1131,2029.0,10.0,2000,2039.0,39.0,0,0,,39.0,0.0,0.0,0.0,0.0,2015-04-16,0,-3900.0,-0.0,-0.0,-0.0,-0.0
2015,4,28,2,WN,3678,N669SW,SLC,PHX,1815,1812.0,-3.0,8.0,1820.0,95.0,85.0,72.0,507,1832.0,5.0,1850,1837.0,-13.0,0,0,,0.0,0.0,0.0,0.0,0.0,2015-04-28,0,0.0,0.0,0.0,0.0,0.0
2015,4,30,4,WN,3833,N566WN,RNO,SAN,1830,1836.0,6.0,7.0,1843.0,85.0,85.0,74.0,488,1957.0,4.0,1955,2001.0,6.0,0,0,,0.0,0.0,0.0,0.0,0.0,2015-04-30,0,0.0,0.0,0.0,0.0,0.0
2015,4,30,4,UA,1058,N29717,IAD,RDU,1730,1800.0,30.0,30.0,1830.0,66.0,88.0,51.0,224,1921.0,7.0,1836,1928.0,52.0,0,0,,22.0,0.0,30.0,0.0,0.0,2015-04-30,1,73.33,0.0,100.0,0.0,0.0
2015,4,30,4,MQ,3376,N905MQ,DFW,MSN,2020,2019.0,-1.0,20.0,2039.0,142.0,148.0,119.0,821,2238.0,9.0,2242,2247.0,5.0,0,0,,0.0,0.0,0.0,0.0,0.0,2015-04-30,0,0.0,0.0,0.0,0.0,0.0
2015,4,3,5,B6,20,N521JB,SAN,BOS,2142,2154.0,12.0,19.0,2213.0,318.0,290.0,267.0,2588,540.0,4.0,600,544.0,-16.0,0,0,,0.0,0.0,0.0,0.0,0.0,2015-04-03,0,0.0,0.0,0.0,0.0,0.0
2015,4,28,2,WN,446,N657SW,ABQ,PHX,830,830.0,0.0,15.0,845.0,80.0,74.0,55.0,328,840.0,4.0,850,844.0,-6.0,0,0,,0.0,0.0,0.0,0.0,0.0,2015-04-28,0,0.0,0.0,0.0,0.0,0.0
2015,4,12,7,EV,4460,N26549,IND,IAH,1846,1838.0,-8.0,8.0,1846.0,153.0,166.0,150.0,844,2016.0,8.0,2019,2024.0,5.0,0,0,,0.0,0.0,0.0,0.0,0.0,2015-04-12,0,0.0,0.0,0.0,0.0,0.0
2015,4,13,1,AA,1494,N3JHAA,DFW,MCO,2018,2055.0,37.0,15.0,2110.0,161.0,148.0,128.0,985,18.0,5.0,2359,23.0,24.0,0,0,,0.0,0.0,0.0,24.0,0.0,2015-04-13,1,0.0,0.0,0.0,64.86,0.0
2015,3,30,1,MQ,3215,N855MQ,HPN,ORD,1254,1244.0,-10.0,12.0,1256.0,156.0,154.0,126.0,738,1402.0,16.0,1430,1418.0,-12.0,0,0,,0.0,0.0,0.0,0.0,0.0,2015-03-30,0,0.0,0.0,0.0,0.0,0.0
2015,4,28,2,WN,722,N560WN,ATL,HOU,1055,1050.0,-5.0,19.0,1109.0,140.0,144.0,121.0,696,1210.0,4.0,1215,1214.0,-1.0,0,0,,0.0,0.0,0.0,0.0,0.0,2015-04-28,0,0.0,0.0,0.0,0.0,0.0
2015,5,3,7,WN,2259,N7727A,ATL,MCO,2215,2226.0,11.0,15.0,2241.0,90.0,81.0,61.0,404,2342.0,5.0,2345,2347.0,2.0,0,0,,0.0,0.0,0.0,0.0,0.0,2015-05-03,0,0.0,0.0,0.0,0.0,0.0
2015,4,5,7,F9,1294,N228FR,ORD,MCO,1425,1415.0,-10.0,26.0,1441.0,155.0,163.0,128.0,1005,1749.0,9.0,1800,1758.0,-2.0,0,0,,0.0,0.0,0.0,0.0,0.0,2015-04-05,0,0.0,0.0,0.0,0.0,0.0
2015,3,29,7,VX,710,N361VA,DAL,LGA,1330,1328.0,-2.0,12.0,1340.0,180.0,194.0,171.0,1381,1731.0,11.0,1730,1742.0,12.0,0,0,,0.0,0.0,0.0,0.0,0.0,2015-03-29,0,0.0,0.0,0.0,0.0,0.0
2015,4,16,4,WN,10,N657SW,MAF,HOU,640,638.0,-2.0,11.0,649.0,75.0,79.0,62.0,441,751.0,6.0,755,757.0,2.0,0,0,,0.0,0.0,0.0,0.0,0.0,2015-04-16,0,0.0,0.0,0.0,0.0,0.0
2015,4,16,4,UA,406,N433UA,BIL,DEN,1319,1516.0,117.0,13.0,1529.0,90.0,94.0,75.0,455,1644.0,6.0,1449,1650.0,121.0,0,0,,4.0,0.0,5.0,112.0,0.0,2015-04-16,1,3.42,0.0,4.27,95.73,0.0
2015,3,27,5,AA,1530,N3MDAA,LAX,IAD,2300,2349.0,49.0,21.0,10.0,290.0,299.0,273.0,2288,743.0,5.0,650,748.0,58.0,0,0,,9.0,0.0,0.0,49.0,0.0,2015-03-27,1,18.37,0.0,0.0,100.0,0.0
2015,4,10,5,US,473,N582UW,PHX,MSP,1450,1449.0,-1.0,17.0,1506.0,180.0,179.0,157.0,1276,1943.0,5.0,1950,1948.0,-2.0,0,0,,0.0,0.0,0.0,0.0,0.0,2015-04-10,0,0.0,0.0,0.0,0.0,0.0
2015,3,31,2,AA,118,N790AA,LAX,JFK,700,655.0,-5.0,18.0,713.0,341.0,342.0,312.0,2475,1525.0,12.0,1541,1537.0,-4.0,0,0,,0.0,0.0,0.0,0.0,0.0,2015-03-31,0,0.0,0.0,0.0,0.0,0.0
2015,4,2,4,AA,1469,N598AA,DFW,PIT,1415,1410.0,-5.0,14.0,1424.0,165.0,159.0,141.0,1067,1745.0,4.0,1800,1749.0,-11.0,0,0,,0.0,0.0,0.0,0.0,0.0,2015-04-02,0,0.0,0.0,0.0,0.0,0.0
2015,4,7,2,B6,83,N658JB,JFK,MCO,1548,1541.0,-7.0,15.0,1556.0,189.0,154.0,129.0,944,1805.0,10.0,1857,1815.0,-42.0,0,0,,0.0,0.0,0.0,0.0,0.0,2015-04-07,0,0.0,0.0,0.0,0.0,0.0
2015,4,29,3,MQ,3290,N609MQ,LSE,ORD,905,900.0,-5.0,4.0,904.0,70.0,60.0,45.0,215,949.0,11.0,1015,1000.0,-15.0,0,0,,0.0,0.0,0.0,0.0,0.0,2015-04-29,0,0.0,0.0,0.0,0.0,0.0
2015,4,23,4,AS,67,N596AS,SIT,JNU,1822,1818.0,-4.0,12.0,1830.0,34.0,42.0,24.0,95,1854.0,6.0,1856,1900.0,4.0,0,0,,0.0,0.0,0.0,0.0,0.0,2015-04-23,0,0.0,0.0,0.0,0.0,0.0
2015,4,16,4,AA,1251,N024AA,DFW,SDF,1239,1234.0,-5.0,20.0,1254.0,130.0,119.0,93.0,733,1527.0,6.0,1549,1533.0,-16.0,0,0,,0.0,0.0,0.0,0.0,0.0,2015-04-16,0,0.0,0.0,0.0,0.0,0.0
2015,4,1,3,EV,4361,N13161,EWR,TYS,1920,1920.0,0.0,17.0,1937.0,135.0,113.0,92.0,631,2109.0,4.0,2135,2113.0,-22.0,0,0,,0.0,0.0,0.0,0.0,0.0,2015-04-01,0,0.0,0.0,0.0,0.0,0.0
2015,4,24,5,WN,1017,N653SW,BOS,ATL,550,551.0,1.0,30.0,621.0,175.0,181.0,141.0,946,842.0,10.0,845,852.0,7.0,0,0,,0.0,0.0,0.0,0.0,0.0,2015-04-24,0,0.0,0.0,0.0,0.0,0.0
2015,4,30,4,DL,1983,N958DL,SAV,ATL,1650,1644.0,-6.0,15.0,1659.0,77.0,55.0,37.0,214,1736.0,3.0,1807,1739.0,-28.0,0,0,,0.0,0.0,0.0,0.0,0.0,2015-04-30,0,0.0,0.0,0.0,0.0,0.0
2015,4,6,1,EV,5924,N12996,TYS,ORD,1649,1710.0,21.0,13.0,1723.0,102.0,106.0,83.0,475,1746.0,10.0,1731,1756.0,25.0,0,0,,4.0,0.0,14.0,7.0,0.0,2015-04-06,1,19.05,0.0,66.67,33.33,0.0
2015,4,15,3,NK,605,N624NK,DTW,RSW,947,935.0,-12.0,10.0,945.0,170.0,175.0,153.0,1084,1218.0,12.0,1237,1230.0,-7.0,0,0,,0.0,0.0,0.0,0.0,0.0,2015-04-15,0,0.0,0.0,0.0,0.0,0.0
2015,4,12,7,US,615,N669AW,PIT,PHX,1730,1724.0,-6.0,13.0,1737.0,272.0,268.0,250.0,1814,1847.0,5.0,1902,1852.0,-10.0,0,0,,0.0,0.0,0.0,0.0,0.0,2015-04-12,0,0.0,0.0,0.0,0.0,0.0
2015,5,1,5,WN,276,N627SW,LAX,OAK,1235,1235.0,0.0,11.0,1246.0,75.0,70.0,52.0,337,1338.0,7.0,1350,1345.0,-5.0,0,0,,0.0,0.0,0.0,0.0,0.0,2015-05-01,0,0.0,0.0,0.0,0.0,0.0
2015,4,2,4,WN,4121,N7752B,DEN,TPA,1820,1836.0,16.0,27.0,1903.0,195.0,195.0,164.0,1506,2347.0,4.0,2335,2351.0,16.0,0,0,,0.0,0.0,2.0,14.0,0.0,2015-04-02,1,0.0,0.0,12.5,87.5,0.0
2015,4,12,7,WN,4277,N663SW,GSP,BWI,1825,1851.0,26.0,7.0,1858.0,90.0,84.0,73.0,426,2011.0,4.0,1955,2015.0,20.0,0,0,,0.0,0.0,5.0,15.0,0.0,2015-04-12,1,0.0,0.0,19.23,57.69,0.0
2015,4,18,6,MQ,3531,N809MQ,RDU,LGA,835,834.0,-1.0,33.0,907.0,94.0,106.0,68.0,431,1015.0,5.0,1009,1020.0,11.0,0,0,,0.0,0.0,0.0,0.0,0.0,2015-04-18,0,0.0,0.0,0.0,0.0,0.0
2015,3,28,6,US,529,N559UW,PHX,ORD,2359,3.0,4.0,15.0,18.0,199.0,196.0,174.0,1440,512.0,7.0,518,519.0,1.0,0,0,,0.0,0.0,0.0,0.0,0.0,2015-03-28,0,0.0,0.0,0.0,0.0,0.0
2015,4,9,4,OO,7426,N8933B,MSP,INL,1126,1139.0,13.0,26.0,1205.0,72.0,72.0,42.0,255,1247.0,4.0,1238,1251.0,13.0,0,0,,0.0,0.0,0.0,0.0,0.0,2015-04-09,0,0.0,0.0,0.0,0.0,0.0
2015,4,2,4,US,610,N521UW,SFO,PHX,600,603.0,3.0,14.0,617.0,116.0,107.0,83.0,651,740.0,10.0,756,750.0,-6.0,0,0,,0.0,0.0,0.0,0.0,0.0,2015-04-02,0,0.0,0.0,0.0,0.0,0.0
2015,4,27,1,DL,2529,N345NW,ATL,CLE,2150,2149.0,-1.0,16.0,2205.0,103.0,100.0,81.0,554,2326.0,3.0,2333,2329.0,-4.0,0,0,,0.0,0.0,0.0,0.0,0.0,2015-04-27,0,0.0,0.0,0.0,0.0,0.0
2015,4,17,5,AA,154,N3DXAA,ORD,MCO,1830,1830.0,0.0,38.0,1908.0,173.0,175.0,128.0,1005,2216.0,9.0,2223,2225.0,2.0,0,0,,0.0,0.0,0.0,0.0,0.0,2015-04-17,0,0.0,0.0,0.0,0.0,0.0
2015,4,30,4,AS,239,N562AS,SAN,SEA,1955,1943.0,-12.0,22.0,2005.0,169.0,168.0,141.0,1050,2226.0,5.0,2244,2231.0,-13.0,0,0,,0.0,0.0,0.0,0.0,0.0,2015-04-30,0,0.0,0.0,0.0,0.0,0.0
2015,4,18,6,EV,4160,N11140,EWR,CVG,910,903.0,-7.0,20.0,923.0,136.0,122.0,95.0,569,1058.0,7.0,1126,1105.0,-21.0,0,0,,0.0,0.0,0.0,0.0,0.0,2015-04-18,0,0.0,0.0,0.0,0.0,0.0
2015,4,3,5,DL,486,N3736C,JFK,PHX,1929,1948.0,19.0,13.0,2001.0,347.0,359.0,341.0,2153,2242.0,5.0,2216,2247.0,31.0,0,0,,12.0,0.0,19.0,0.0,0.0,2015-04-03,1,63.16,0.0,100.0,0.0,0.0
2015,4,6,1,WN,1272,N410WN,RSW,CAK,2120,2111.0,-9.0,9.0,2120.0,155.0,146.0,133.0,991,2333.0,4.0,2355,2337.0,-18.0,0,0,,0.0,0.0,0.0,0.0,0.0,2015-04-06,0,0.0,0.0,0.0,0.0,0.0
2015,3,26,4,AA,43,N436AA,DTW,DFW,1449,1447.0,-2.0,18.0,1505.0,186.0,189.0,163.0,986,1648.0,8.0,1655,1656.0,1.0,0,0,,0.0,0.0,0.0,0.0,0.0,2015-03-26,0,0.0,0.0,0.0,0.0,0.0
2015,3,27,5,EV,5975,N21129,COS,DEN,1628,1709.0,41.0,9.0,1718.0,44.0,31.0,16.0,73,1734.0,6.0,1712,1740.0,28.0,0,0,,0.0,0.0,0.0,28.0,0.0,2015-03-27,1,0.0,0.0,0.0,68.29,0.0
2015,4,29,3,MQ,3575,N939MQ,TYS,ORD,1215,1209.0,-6.0,24.0,1233.0,108.0,105.0,75.0,475,1248.0,6.0,1303,1254.0,-9.0,0,0,,0.0,0.0,0.0,0.0,0.0,2015-04-29,0,0.0,0.0,0.0,0.0,0.0
2015,3,27,5,MQ,3171,N615MQ,CMH,ORD,1020,1123.0,63.0,10.0,1133.0,89.0,77.0,55.0,296,1128.0,12.0,1049,1140.0,51.0,0,0,,0.0,0.0,51.0,0.0,0.0,2015-03-27,1,0.0,0.0,80.95,0.0,0.0
2015,4,12,7,UA,1152,N37468,LAS,ORD,1036,1033.0,-3.0,12.0,1045.0,224.0,211.0,188.0,1514,1553.0,11.0,1620,1604.0,-16.0,0,0,,0.0,0.0,0.0,0.0,0.0,2015-04-12,0,0.0,0.0,0.0,0.0,0.0
2015,4,10,5,WN,1815,N924WN,OAK,SAN,855,905.0,10.0,10.0,915.0,85.0,82.0,69.0,446,1024.0,3.0,1020,1027.0,7.0,0,0,,0.0,0.0,0.0,0.0,0.0,2015-04-10,0,0.0,0.0,0.0,0.0,0.0
2015,4,17,5,OO,5293,N917SW,DEN,SGU,1105,1135.0,30.0,108.0,1323.0,104.0,177.0,66.0,517,1429.0,3.0,1249,1432.0,103.0,0,0,,73.0,0.0,0.0,30.0,0.0,2015-04-17,1,243.33,0.0,0.0,100.0,0.0
2015,5,1,5,WN,3845,N221WN,LGA,HOU,625,622.0,-3.0,12.0,634.0,240.0,212.0,192.0,1428,846.0,8.0,925,854.0,-31.0,0,0,,0.0,0.0,0.0,0.0,0.0,2015-05-01,0,0.0,0.0,0.0,0.0,0.0
2015,4,3,5,EV,5984,N26141,ORD,SGF,1912,1917.0,5.0,17.0,1934.0,98.0,106.0,83.0,438,2057.0,6.0,2050,2103.0,13.0,0,0,,0.0,0.0,0.0,0.0,0.0,2015-04-03,0,0.0,0.0,0.0,0.0,0.0
2015,3,27,5,AA,1528,N489AA,LAS,DFW,1213,1206.0,-7.0,16.0,1222.0,157.0,164.0,138.0,1055,1640.0,10.0,1650,1650.0,0.0,0,0,,0.0,0.0,0.0,0.0,0.0,2015-03-27,0,0.0,0.0,0.0,0.0,0.0
2015,3,28,6,OO,4815,N461SW,SLC,FAT,1111,1102.0,-9.0,16.0,1118.0,106.0,107.0,84.0,501,1142.0,7.0,1157,1149.0,-8.0,0,0,,0.0,0.0,0.0,0.0,0.0,2015-03-28,0,0.0,0.0,0.0,0.0,0.0
2015,4,19,7,OO,6398,N105SY,SAT,SFO,1605,1610.0,5.0,13.0,1623.0,246.0,235.0,218.0,1482,1801.0,4.0,1811,1805.0,-6.0,0,0,,0.0,0.0,0.0,0.0,0.0,2015-04-19,0,0.0,0.0,0.0,0.0,0.0
2015,4,2,4,WN,648,N969WN,SAN,PHX,1550,1600.0,10.0,14.0,1614.0,70.0,68.0,48.0,304,1702.0,6.0,1700,1708.0,8.0,0,0,,0.0,0.0,0.0,0.0,0.0,2015-04-02,0,0.0,0.0,0.0,0.0,0.0
2015,4,12,7,OO,4730,N814SK,SLC,DEN,1959,2015.0,16.0,20.0,2035.0,91.0,92.0,62.0,391,2137.0,10.0,2130,2147.0,17.0,0,0,,1.0,0.0,10.0,6.0,0.0,2015-04-12,1,6.25,0.0,62.5,37.5,0.0
2015,4,28,2,EV,4603,N11192,ORF,EWR,545,535.0,-10.0,9.0,544.0,85.0,75.0,55.0,284,639.0,11.0,710,650.0,-20.0,0,0,,0.0,0.0,0.0,0.0,0.0,2015-04-28,0,0.0,0.0,0.0,0.0,0.0
2015,4,6,1,AS,389,N319AS,SFO,PDX,700,657.0,-3.0,25.0,722.0,105.0,105.0,78.0,550,840.0,2.0,845,842.0,-3.0,0,0,,0.0,0.0,0.0,0.0,0.0,2015-04-06,0,0.0,0.0,0.0,0.0,0.0
2015,3,26,4,EV,4516,N24103,MEM,IAH,1830,1826.0,-4.0,21.0,1847.0,111.0,117.0,85.0,468,2012.0,11.0,2021,2023.0,2.0,0,0,,0.0,0.0,0.0,0.0,0.0,2015-03-26,0,0.0,0.0,0.0,0.0,0.0
2015,4,19,7,WN,2956,N701GS,HOU,BOS,1910,1917.0,7.0,12.0,1929.0,225.0,207.0,184.0,1609,2333.0,11.0,2355,2344.0,-11.0,0,0,,0.0,0.0,0.0,0.0,0.0,2015-04-19,0,0.0,0.0,0.0,0.0,0.0
2015,4,17,5,WN,881,N8654B,MDW,DAL,540,539.0,-1.0,10.0,549.0,145.0,124.0,107.0,793,736.0,7.0,805,743.0,-22.0,0,0,,0.0,0.0,0.0,0.0,0.0,2015-04-17,0,0.0,0.0,0.0,0.0,0.0
2015,3,30,1,AA,2268,N4XVAA,STL,ORD,525,514.0,-11.0,15.0,529.0,77.0,72.0,50.0,258,619.0,7.0,642,626.0,-16.0,0,0,,0.0,0.0,0.0,0.0,0.0,2015-03-30,0,0.0,0.0,0.0,0.0,0.0
2015,3,26,4,DL,1446,N673DL,PHX,ATL,730,728.0,-2.0,22.0,750.0,218.0,216.0,187.0,1587,1357.0,7.0,1408,1404.0,-4.0,0,0,,0.0,0.0,0.0,0.0,0.0,2015-03-26,0,0.0,0.0,0.0,0.0,0.0
2015,4,17,5,WN,1273,N770SA,SNA,PHX,730,726.0,-4.0,8.0,734.0,80.0,70.0,54.0,338,828.0,8.0,850,836.0,-14.0,0,0,,0.0,0.0,0.0,0.0,0.0,2015-04-17,0,0.0,0.0,0.0,0.0,0.0
2015,4,5,7,DL,1512,N358NB,MSY,ATL,1915,2007.0,52.0,14.0,2021.0,87.0,77.0,55.0,425,2216.0,8.0,2142,2224.0,42.0,0,0,,0.0,0.0,0.0,42.0,0.0,2015-04-05,1,0.0,0.0,0.0,80.77,0.0
2015,4,22,3,DL,2240,N624AG,SFO,JFK,2115,2108.0,-7.0,11.0,2119.0,325.0,331.0,300.0,2586,519.0,20.0,540,539.0,-1.0,0,0,,0.0,0.0,0.0,0.0,0.0,2015-04-22,0,0.0,0.0,0.0,0.0,0.0
2015,4,15,3,EV,4114,N12530,IAH,AMA,900,852.0,-8.0,17.0,909.0,105.0,107.0,86.0,517,1035.0,4.0,1045,1039.0,-6.0,0,0,,0.0,0.0,0.0,0.0,0.0,2015-04-15,0,0.0,0.0,0.0,0.0,0.0
2015,4,26,7,AA,6,N381AA,OGG,DFW,1715,1701.0,-14.0,12.0,1713.0,436.0,419.0,402.0,3711,455.0,5.0,531,500.0,-31.0,0,0,,0.0,0.0,0.0,0.0,0.0,2015-04-26,0,0.0,0.0,0.0,0.0,0.0
2015,4,8,3,DL,1793,N374NW,MSP,CLT,1305,1302.0,-3.0,15.0,1317.0,141.0,141.0,116.0,930,1613.0,10.0,1626,1623.0,-3.0,0,0,,0.0,0.0,0.0,0.0,0.0,2015-04-08,0,0.0,0.0,0.0,0.0,0.0
2015,4,12,7,AS,478,N795AS,SEA,SAN,1725,1719.0,-6.0,11.0,1730.0,159.0,148.0,134.0,1050,1944.0,3.0,2004,1947.0,-17.0,0,0,,0.0,0.0,0.0,0.0,0.0,2015-04-12,0,0.0,0.0,0.0,0.0,0.0
2015,4,8,3,DL,1450,N138DL,LAS,MSP,50,46.0,-4.0,15.0,101.0,179.0,167.0,145.0,1299,526.0,7.0,549,533.0,-16.0,0,0,,0.0,0.0,0.0,0.0,0.0,2015-04-08,0,0.0,0.0,0.0,0.0,0.0
2015,4,21,2,WN,515,N273WN,BWI,SDF,1750,1748.0,-2.0,21.0,1809.0,105.0,106.0,82.0,495,1931.0,3.0,1935,1934.0,-1.0,0,0,,0.0,0.0,0.0,0.0,0.0,2015-04-21,0,0.0,0.0,0.0,0.0,0.0
2015,4,5,7,US,1758,N912UY,FLL,PHL,600,600.0,0.0,15.0,615.0,163.0,167.0,148.0,992,843.0,4.0,843,847.0,4.0,0,0,,0.0,0.0,0.0,0.0,0.0,2015-04-05,0,0.0,0.0,0.0,0.0,0.0
2015,4,4,6,DL,2033,N326NB,AVL,ATL,1309,1301.0,-8.0,12.0,1313.0,69.0,50.0,31.0,164,1344.0,7.0,1418,1351.0,-27.0,0,0,,0.0,0.0,0.0,0.0,0.0,2015-04-04,0,0.0,0.0,0.0,0.0,0.0
2015,3,26,4,OO,5656,N969SW,FCA,DEN,1434,1434.0,0.0,28.0,1502.0,132.0,131.0,96.0,752,1638.0,7.0,1646,1645.0,-1.0,0,0,,0.0,0.0,0.0,0.0,0.0,2015-03-26,0,0.0,0.0,0.0,0.0,0.0
2015,4,18,6,WN,1498,N417WN,DEN,LGA,1120,1306.0,106.0,8.0,1314.0,230.0,201.0,188.0,1620,1822.0,5.0,1710,1827.0,77.0,0,0,,0.0,0.0,73.0,4.0,0.0,2015-04-18,1,0.0,0.0,68.87,3.77,0.0
2015,4,26,7,AA,1484,N573AA,DFW,AUS,855,854.0,-1.0,19.0,913.0,63.0,63.0,37.0,190,950.0,7.0,958,957.0,-1.0,0,0,,0.0,0.0,0.0,0.0,0.0,2015-04-26,0,0.0,0.0,0.0,0.0,0.0
2015,4,7,2,DL,1213,N900PC,ATL,PNS,1955,1953.0,-2.0,19.0,2012.0,75.0,70.0,46.0,271,1958.0,5.0,2010,2003.0,-7.0,0,0,,0.0,0.0,0.0,0.0,0.0,2015-04-07,0,0.0,0.0,0.0,0.0,0.0
2015,4,18,6,DL,1514,N958DL,LGA,FLL,1459,1453.0,-6.0,20.0,1513.0,197.0,168.0,145.0,1076,1738.0,3.0,1816,1741.0,-35.0,0,0,,0.0,0.0,0.0,0.0,0.0,2015-04-18,0,0.0,0.0,0.0,0.0,0.0
2015,4,3,5,US,1759,N959UW,PHL,ATL,2025,2046.0,21.0,19.0,2105.0,133.0,138.0,111.0,666,2256.0,8.0,2238,2304.0,26.0,0,0,,5.0,0.0,10.0,11.0,0.0,2015-04-03,1,23.81,0.0,47.62,52.38,0.0
2015,3,26,4,US,2165,N961UW,BOS,LGA,645,637.0,-8.0,30.0,707.0,82.0,100.0,66.0,184,813.0,4.0,807,817.0,10.0,0,0,,0.0,0.0,0.0,0.0,0.0,2015-03-26,0,0.0,0.0,0.0,0.0,0.0
2015,4,4,6,OO,6304,N939SW,BUR,SFO,1402,1403.0,1.0,19.0,1422.0,84.0,78.0,54.0,326,1516.0,5.0,1526,1521.0,-5.0,0,0,,0.0,0.0,0.0,0.0,0.0,2015-04-04,0,0.0,0.0,0.0,0.0,0.0
2015,4,28,2,UA,336,N839UA,MSY,IAH,952,946.0,-6.0,8.0,954.0,78.0,70.0,58.0,305,1052.0,4.0,1110,1056.0,-14.0,0,0,,0.0,0.0,0.0,0.0,0.0,2015-04-28,0,0.0,0.0,0.0,0.0,0.0
2015,4,20,1,EV,3264,N23139,BTR,IAH,1148,1150.0,2.0,14.0,1204.0,67.0,72.0,50.0,253,1254.0,8.0,1255,1302.0,7.0,0,0,,0.0,0.0,0.0,0.0,0.0,2015-04-20,0,0.0,0.0,0.0,0.0,0.0
2015,3,30,1,UA,1487,N69806,LAX,IAH,45,49.0,4.0,20.0,109.0,190.0,176.0,149.0,1379,538.0,7.0,555,545.0,-10.0,0,0,,0.0,0.0,0.0,0.0,0.0,2015-03-30,0,0.0,0.0,0.0,0.0,0.0
2015,4,18,6,UA,349,N470UA,EWR,RSW,1615,1610.0,-5.0,8.0,1618.0,190.0,168.0,157.0,1068,1855.0,3.0,1925,1858.0,-27.0,0,0,,0.0,0.0,0.0,0.0,0.0,2015-04-18,0,0.0,0.0,0.0,0.0,0.0
2015,4,7,2,US,545,N194UW,PHX,DFW,1850,1852.0,2.0,21.0,1913.0,141.0,129.0,103.0,868,2256.0,5.0,2311,2301.0,-10.0,0,0,,0.0,0.0,0.0,0.0,0.0,2015-04-07,0,0.0,0.0,0.0,0.0,0.0
2015,3,29,7,MQ,3309,N637MQ,ORD,CWA,1210,1228.0,18.0,30.0,1258.0,77.0,80.0,46.0,212,1344.0,4.0,1327,1348.0,21.0,0,0,,3.0,0.0,18.0,0.0,0.0,2015-03-29,1,16.67,0.0,100.0,0.0,0.0
2015,4,24,5,OO,4768,N617QX,GEG,SEA,1240,1239.0,-1.0,18.0,1257.0,66.0,70.0,45.0,224,1342.0,7.0,1346,1349.0,3.0,0,0,,0.0,0.0,0.0,0.0,0.0,2015-04-24,0,0.0,0.0,0.0,0.0,0.0
2015,4,1,3,F9,556,N931FR,SAN,DEN,949,956.0,7.0,11.0,1007.0,135.0,131.0,114.0,853,1301.0,6.0,1304,1307.0,3.0,0,0,,0.0,0.0,0.0,0.0,0.0,2015-04-01,0,0.0,0.0,0.0,0.0,0.0
2015,4,29,3,AA,1576,N200AA,SAT,DFW,805,755.0,-10.0,10.0,805.0,75.0,63.0,44.0,247,849.0,9.0,920,858.0,-22.0,0,0,,0.0,0.0,0.0,0.0,0.0,2015-04-29,0,0.0,0.0,0.0,0.0,0.0
2015,4,15,3,DL,1434,N535US,HNL,LAX,1535,1819.0,164.0,13.0,1832.0,324.0,311.0,288.0,2556,220.0,10.0,2359,230.0,151.0,0,0,,0.0,0.0,6.0,145.0,0.0,2015-04-15,1,0.0,0.0,3.66,88.41,0.0
2015,4,9,4,UA,1259,N34222,SFO,ORD,1942,1941.0,-1.0,23.0,2004.0,257.0,247.0,219.0,1846,143.0,5.0,159,148.0,-11.0,0,0,,0.0,0.0,0.0,0.0,0.0,2015-04-09,0,0.0,0.0,0.0,0.0,0.0
2015,4,17,5,AA,1685,N475AA,DFW,SLC,815,809.0,-6.0,14.0,823.0,165.0,149.0,130.0,989,933.0,5.0,1000,938.0,-22.0,0,0,,0.0,0.0,0.0,0.0,0.0,2015-04-17,0,0.0,0.0,0.0,0.0,0.0
2015,4,8,3,DL,552,N326NB,ATL,MSY,2100,2114.0,14.0,21.0,2135.0,97.0,85.0,60.0,425,2135.0,4.0,2137,2139.0,2.0,0,0,,0.0,0.0,0.0,0.0,0.0,2015-04-08,0,0.0,0.0,0.0,0.0,0.0
2015,3,29,7,MQ,3130,N539MQ,OKC,ORD,1721,1803.0,42.0,12.0,1815.0,124.0,124.0,100.0,693,1955.0,12.0,1925,2007.0,42.0,0,0,,0.0,0.0,42.0,0.0,0.0,2015-03-29,1,0.0,0.0,100.0,0.0,0.0
2015,4,30,4,WN,756,N389SW,AUS,DEN,630,627.0,-3.0,14.0,641.0,135.0,127.0,107.0,775,728.0,6.0,745,734.0,-11.0,0,0,,0.0,0.0,0.0,0.0,0.0,2015-04-30,0,0.0,0.0,0.0,0.0,0.0
2015,3,26,4,B6,678,N588JB,JAX,JFK,1121,1115.0,-6.0,21.0,1136.0,146.0,136.0,107.0,828,1323.0,8.0,1347,1331.0,-16.0,0,0,,0.0,0.0,0.0,0.0,0.0,2015-03-26,0,0.0,0.0,0.0,0.0,0.0
2015,4,23,4,AA,989,N864AA,LAS,MIA,1500,1458.0,-2.0,56.0,1554.0,280.0,296.0,233.0,2174,2247.0,7.0,2240,2254.0,14.0,0,0,,0.0,0.0,0.0,0.0,0.0,2015-04-23,0,0.0,0.0,0.0,0.0,0.0
2015,4,25,6,DL,480,N3748Y,JFK,SJU,1200,1200.0,0.0,22.0,1222.0,226.0,201.0,176.0,1598,1518.0,3.0,1546,1521.0,-25.0,0,0,,0.0,0.0,0.0,0.0,0.0,2015-04-25,0,0.0,0.0,0.0,0.0,0.0
2015,4,27,1,EV,4903,N606LR,MSP,STL,1500,1458.0,-2.0,16.0,1514.0,89.0,87.0,67.0,448,1621.0,4.0,1629,1625.0,-4.0,0,0,,0.0,0.0,0.0,0.0,0.0,2015-04-27,0,0.0,0.0,0.0,0.0,0.0
2015,3,29,7,WN,4812,N420WN,HOU,MEM,1945,2003.0,18.0,12.0,2015.0,80.0,84.0,67.0,484,2122.0,5.0,2105,2127.0,22.0,0,0,,4.0,0.0,11.0,7.0,0.0,2015-03-29,1,22.22,0.0,61.11,38.89,0.0
2015,4,10,5,DL,2607,N346NB,ATL,ROA,2106,9.0,183.0,15.0,24.0,85.0,80.0,60.0,357,124.0,5.0,2231,129.0,178.0,0,0,,0.0,0.0,0.0,171.0,7.0,2015-04-10,1,0.0,0.0,0.0,93.44,3.83
2015,4,14,2,UA,282,N474UA,DCA,IAH,1745,1755.0,10.0,24.0,1819.0,207.0,219.0,185.0,1208,2024.0,10.0,2012,2034.0,22.0,0,0,,12.0,0.0,0.0,10.0,0.0,2015-04-14,0,120.0,0.0,0.0,100.0,0.0
2015,3,31,2,UA,1044,N73276,EWR,PBI,1337,1404.0,27.0,16.0,1420.0,175.0,158.0,138.0,1023,1638.0,4.0,1632,1642.0,10.0,0,0,,0.0,0.0,0.0,0.0,0.0,2015-03-31,1,0.0,0.0,0.0,0.0,0.0
2015,4,18,6,OO,5332,N970SW,SPI,ORD,1054,1055.0,1.0,10.0,1105.0,66.0,57.0,37.0,174,1142.0,10.0,1200,1152.0,-8.0,0,0,,0.0,0.0,0.0,0.0,0.0,2015-04-18,0,0.0,0.0,0.0,0.0,0.0
2015,3,27,5,OO,5516,N943SW,LAX,PHX,1609,1627.0,18.0,14.0,1641.0,87.0,87.0,69.0,370,1750.0,4.0,1736,1754.0,18.0,0,0,,0.0,0.0,11.0,7.0,0.0,2015-03-27,1,0.0,0.0,61.11,38.89,0.0
2015,5,3,7,US,455,N675AW,PHX,SLC,730,724.0,-6.0,17.0,741.0,101.0,98.0,71.0,507,952.0,10.0,1011,1002.0,-9.0,0,0,,0.0,0.0,0.0,0.0,0.0,2015-05-03,0,0.0,0.0,0.0,0.0,0.0
2015,3,28,6,AS,691,N579AS,GEG,SEA,1400,1356.0,-4.0,7.0,1403.0,60.0,53.0,43.0,224,1446.0,3.0,1500,1449.0,-11.0,0,0,,0.0,0.0,0.0,0.0,0.0,2015-03-28,0,0.0,0.0,0.0,0.0,0.0
2015,4,7,2,OO,5475,N982SW,MKE,DEN,1636,1644.0,8.0,12.0,1656.0,163.0,154.0,135.0,896,1811.0,7.0,1819,1818.0,-1.0,0,0,,0.0,0.0,0.0,0.0,0.0,2015-04-07,0,0.0,0.0,0.0,0.0,0.0
2015,4,22,3,AA,256,N795AA,LAX,JFK,1320,1349.0,29.0,17.0,1406.0,342.0,323.0,293.0,2475,2159.0,13.0,2202,2212.0,10.0,0,0,,0.0,0.0,0.0,0.0,0.0,2015-04-22,1,0.0,0.0,0.0,0.0,0.0
2015,5,4,1,MQ,3501,N527MQ,LGA,RDU,1830,1821.0,-9.0,17.0,1838.0,103.0,86.0,64.0,431,1942.0,5.0,2013,1947.0,-26.0,0,0,,0.0,0.0,0.0,0.0,0.0,2015-05-04,0,0.0,0.0,0.0,0.0,0.0
2015,4,26,7,DL,1495,N933DL,DTW,BDL,2145,2141.0,-4.0,19.0,2200.0,100.0,106.0,80.0,549,2320.0,7.0,2325,2327.0,2.0,0,0,,0.0,0.0,0.0,0.0,0.0,2015-04-26,0,0.0,0.0,0.0,0.0,0.0
2015,4,13,1,OO,5443,N952SW,SFO,RDD,2230,2233.0,3.0,27.0,2300.0,65.0,66.0,33.0,199,2333.0,6.0,2335,2339.0,4.0,0,0,,0.0,0.0,0.0,0.0,0.0,2015-04-13,0,0.0,0.0,0.0,0.0,0.0
2015,4,20,1,OO,5596,N738SK,ORD,BNA,2123,2130.0,7.0,15.0,2145.0,92.0,76.0,56.0,409,2241.0,5.0,2255,2246.0,-9.0,0,0,,0.0,0.0,0.0,0.0,0.0,2015-04-20,0,0.0,0.0,0.0,0.0,0.0
2015,3,28,6,WN,2418,N361SW,LAX,OAK,1035,1038.0,3.0,11.0,1049.0,75.0,67.0,52.0,337,1141.0,4.0,1150,1145.0,-5.0,0,0,,0.0,0.0,0.0,0.0,0.0,2015-03-28,0,0.0,0.0,0.0,0.0,0.0
2015,3,29,7,NK,203,N635NK,BOS,PBI,1555,1552.0,-3.0,18.0,1610.0,197.0,182.0,156.0,1197,1846.0,8.0,1912,1854.0,-18.0,0,0,,0.0,0.0,0.0,0.0,0.0,2015-03-29,0,0.0,0.0,0.0,0.0,0.0
2015,4,20,1,OO,2891,N464SW,LAX,SMF,805,759.0,-6.0,18.0,817.0,91.0,83.0,62.0,373,919.0,3.0,936,922.0,-14.0,0,0,,0.0,0.0,0.0,0.0,0.0,2015-04-20,0,0.0,0.0,0.0,0.0,0.0
2015,4,22,3,OO,4579,N454SW,DTW,GRB,1010,1007.0,-3.0,16.0,1023.0,79.0,78.0,59.0,287,1022.0,3.0,1029,1025.0,-4.0,0,0,,0.0,0.0,0.0,0.0,0.0,2015-04-22,0,0.0,0.0,0.0,0.0,0.0
2015,4,21,2,UA,245,N445UA,CMH,ORD,730,741.0,11.0,14.0,755.0,85.0,76.0,58.0,296,753.0,4.0,755,757.0,2.0,0,0,,0.0,0.0,0.0,0.0,0.0,2015-04-21,0,0.0,0.0,0.0,0.0,0.0
2015,4,10,5,WN,351,N724SW,TPA,FLL,1530,1535.0,5.0,11.0,1546.0,60.0,51.0,37.0,197,1623.0,3.0,1630,1626.0,-4.0,0,0,,0.0,0.0,0.0,0.0,0.0,2015-04-10,0,0.0,0.0,0.0,0.0,0.0
2015,4,7,2,UA,843,N434UA,IAD,ORD,1225,1220.0,-5.0,8.0,1228.0,126.0,124.0,105.0,589,1313.0,11.0,1331,1324.0,-7.0,0,0,,0.0,0.0,0.0,0.0,0.0,2015-04-07,0,0.0,0.0,0.0,0.0,0.0
2015,4,23,4,DL,667,N949DL,BHM,ATL,535,530.0,-5.0,13.0,543.0,54.0,57.0,38.0,134,721.0,6.0,729,727.0,-2.0,0,0,,0.0,0.0,0.0,0.0,0.0,2015-04-23,0,0.0,0.0,0.0,0.0,0.0
2015,5,5,2,EV,5435,N847AS,MLU,ATL,600,552.0,-8.0,11.0,603.0,96.0,93.0,72.0,448,815.0,10.0,836,825.0,-11.0,0,0,,0.0,0.0,0.0,0.0,0.0,2015-05-05,0,0.0,0.0,0.0,0.0,0.0
2015,4,17,5,OO,5651,N946SW,ORD,COS,930,939.0,9.0,14.0,953.0,161.0,157.0,127.0,911,1100.0,16.0,1111,1116.0,5.0,0,0,,0.0,0.0,0.0,0.0,0.0,2015-04-17,0,0.0,0.0,0.0,0.0,0.0
2015,3,26,4,AA,286,N5DEAA,LIH,LAX,2213,2204.0,-9.0,20.0,2224.0,327.0,346.0,316.0,2615,640.0,10.0,640,650.0,10.0,0,0,,0.0,0.0,0.0,0.0,0.0,2015-03-26,0,0.0,0.0,0.0,0.0,0.0
2015,3,30,1,OO,4772,N607SK,SLC,OMA,1955,1949.0,-6.0,27.0,2016.0,132.0,146.0,113.0,840,2309.0,6.0,2307,2315.0,8.0,0,0,,0.0,0.0,0.0,0.0,0.0,2015-03-30,0,0.0,0.0,0.0,0.0,0.0
2015,4,25,6,US,646,N542UW,PHX,BOS,859,852.0,-7.0,22.0,914.0,307.0,290.0,262.0,2300,1636.0,6.0,1706,1642.0,-24.0,0,0,,0.0,0.0,0.0,0.0,0.0,2015-04-25,0,0.0,0.0,0.0,0.0,0.0
2015,4,14,2,EV,5978,N14905,ORD,CLT,1931,1923.0,-8.0,23.0,1946.0,120.0,119.0,82.0,599,2208.0,14.0,2231,2222.0,-9.0,0,0,,0.0,0.0,0.0,0.0,0.0,2015-04-14,0,0.0,0.0,0.0,0.0,0.0
2015,4,6,1,WN,5,N725SW,ICT,DAL,605,614.0,9.0,10.0,624.0,80.0,74.0,57.0,333,721.0,7.0,725,728.0,3.0,0,0,,0.0,0.0,0.0,0.0,0.0,2015-04-06,0,0.0,0.0,0.0,0.0,0.0
2015,4,18,6,B6,312,N375JB,ORD,BOS,1327,1341.0,14.0,12.0,1353.0,134.0,133.0,117.0,867,1650.0,4.0,1641,1654.0,13.0,0,0,,0.0,0.0,0.0,0.0,0.0,2015-04-18,0,0.0,0.0,0.0,0.0,0.0
2015,3,31,2,HA,332,N493HA,HNL,ITO,650,640.0,-10.0,9.0,649.0,50.0,50.0,35.0,216,724.0,6.0,740,730.0,-10.0,0,0,,0.0,0.0,0.0,0.0,0.0,2015-03-31,0,0.0,0.0,0.0,0.0,0.0
2015,4,27,1,DL,315,N932DL,MEM,ATL,1615,1614.0,-1.0,13.0,1627.0,88.0,72.0,52.0,332,1819.0,7.0,1843,1826.0,-17.0,0,0,,0.0,0.0,0.0,0.0,0.0,2015-04-27,0,0.0,0.0,0.0,0.0,0.0
2015,4,14,2,WN,1110,N491WN,MDW,DCA,1025,1017.0,-8.0,7.0,1024.0,105.0,103.0,92.0,601,1256.0,4.0,1310,1300.0,-10.0,0,0,,0.0,0.0,0.0,0.0,0.0,2015-04-14,0,0.0,0.0,0.0,0.0,0.0
2015,4,4,6,EV,5533,N712EV,ELM,DTW,620,612.0,-8.0,13.0,625.0,93.0,84.0,64.0,332,729.0,7.0,753,736.0,-17.0,0,0,,0.0,0.0,0.0,0.0,0.0,2015-04-04,0,0.0,0.0,0.0,0.0,0.0
2015,4,6,1,UA,254,N488UA,DEN,ORD,1742,1744.0,2.0,14.0,1758.0,149.0,132.0,108.0,888,2046.0,10.0,2111,2056.0,-15.0,0,0,,0.0,0.0,0.0,0.0,0.0,2015-04-06,0,0.0,0.0,0.0,0.0,0.0
2015,4,9,4,HA,246,N492HA,HNL,OGG,1100,1055.0,-5.0,18.0,1113.0,39.0,48.0,23.0,100,1136.0,7.0,1139,1143.0,4.0,0,0,,0.0,0.0,0.0,0.0,0.0,2015-04-09,0,0.0,0.0,0.0,0.0,0.0
2015,4,27,1,EV,4314,N21154,MKE,CLE,1415,1405.0,-10.0,13.0,1418.0,75.0,72.0,53.0,328,1611.0,6.0,1630,1617.0,-13.0,0,0,,0.0,0.0,0.0,0.0,0.0,2015-04-27,0,0.0,0.0,0.0,0.0,0.0
2015,4,5,7,US,1827,N965UW,PHL,MSY,1535,1528.0,-7.0,11.0,1539.0,183.0,181.0,167.0,1089,1726.0,3.0,1738,1729.0,-9.0,0,0,,0.0,0.0,0.0,0.0,0.0,2015-04-05,0,0.0,0.0,0.0,0.0,0.0
2015,4,30,4,EV,5192,N166PQ,MLI,ATL,1701,1700.0,-1.0,10.0,1710.0,108.0,98.0,81.0,633,1931.0,7.0,1949,1938.0,-11.0,0,0,,0.0,0.0,0.0,0.0,0.0,2015-04-30,0,0.0,0.0,0.0,0.0,0.0
2015,4,25,6,WN,2729,N7748A,SAN,HOU,635,631.0,-4.0,17.0,648.0,185.0,175.0,152.0,1313,1120.0,6.0,1140,1126.0,-14.0,0,0,,0.0,0.0,0.0,0.0,0.0,2015-04-25,0,0.0,0.0,0.0,0.0,0.0
2015,4,21,2,UA,1672,N12238,OGG,LAX,2050,2045.0,-5.0,10.0,2055.0,318.0,306.0,290.0,2486,445.0,6.0,508,451.0,-17.0,0,0,,0.0,0.0,0.0,0.0,0.0,2015-04-21,0,0.0,0.0,0.0,0.0,0.0
2015,4,20,1,AS,37,N309AS,MSP,SEA,1625,1636.0,11.0,16.0,1652.0,215.0,212.0,191.0,1399,1803.0,5.0,1800,1808.0,8.0,0,0,,0.0,0.0,0.0,0.0,0.0,2015-04-20,0,0.0,0.0,0.0,0.0,0.0
2015,5,4,1,OO,5355,N472CA,LAX,SBA,1446,1441.0,-5.0,21.0,1502.0,51.0,46.0,20.0,89,1522.0,5.0,1537,1527.0,-10.0,0,0,,0.0,0.0,0.0,0.0,0.0,2015-05-04,0,0.0,0.0,0.0,0.0,0.0
2015,4,14,2,OO,6431,N773SK,LAX,SAT,813,810.0,-3.0,10.0,820.0,179.0,164.0,149.0,1211,1249.0,5.0,1312,1254.0,-18.0,0,0,,0.0,0.0,0.0,0.0,0.0,2015-04-14,0,0.0,0.0,0.0,0.0,0.0
2015,4,13,1,DL,2364,N347NB,MSY,SLC,730,724.0,-6.0,13.0,737.0,235.0,212.0,189.0,1428,946.0,10.0,1025,956.0,-29.0,0,0,,0.0,0.0,0.0,0.0,0.0,2015-04-13,0,0.0,0.0,0.0,0.0,0.0
2015,4,24,5,AS,571,N799AS,SAN,PDX,1525,1517.0,-8.0,16.0,1533.0,154.0,152.0,132.0,933,1745.0,4.0,1759,1749.0,-10.0,0,0,,0.0,0.0,0.0,0.0,0.0,2015-04-24,0,0.0,0.0,0.0,0.0,0.0
2015,3,26,4,WN,106,N7812G,SJC,SNA,2115,2115.0,0.0,11.0,2126.0,70.0,74.0,59.0,342,2225.0,4.0,2225,2229.0,4.0,0,0,,0.0,0.0,0.0,0.0,0.0,2015-03-26,0,0.0,0.0,0.0,0.0,0.0
2015,4,11,6,US,500,N660AW,PHX,IND,1840,1848.0,8.0,17.0,1905.0,203.0,192.0,168.0,1488,53.0,7.0,103,100.0,-3.0,0,0,,0.0,0.0,0.0,0.0,0.0,2015-04-11,0,0.0,0.0,0.0,0.0,0.0
2015,4,7,2,WN,3122,N647SW,BDL,BWI,1455,1510.0,15.0,6.0,1516.0,75.0,60.0,50.0,283,1606.0,4.0,1610,1610.0,0.0,0,0,,0.0,0.0,0.0,0.0,0.0,2015-04-07,0,0.0,0.0,0.0,0.0,0.0
2015,4,24,5,WN,2853,N7726A,SFO,DEN,1500,1502.0,2.0,18.0,1520.0,150.0,148.0,123.0,967,1823.0,7.0,1830,1830.0,0.0,0,0,,0.0,0.0,0.0,0.0,0.0,2015-04-24,0,0.0,0.0,0.0,0.0,0.0
2015,4,7,2,AA,2291,N490AA,MCO,DFW,1752,1747.0,-5.0,12.0,1759.0,178.0,164.0,148.0,985,1927.0,4.0,1950,1931.0,-19.0,0,0,,0.0,0.0,0.0,0.0,0.0,2015-04-07,0,0.0,0.0,0.0,0.0,0.0
2015,4,24,5,EV,4935,N871AS,DSM,DTW,1606,1600.0,-6.0,18.0,1618.0,104.0,107.0,82.0,534,1840.0,7.0,1850,1847.0,-3.0,0,0,,0.0,0.0,0.0,0.0,0.0,2015-04-24,0,0.0,0.0,0.0,0.0,0.0
2015,4,19,7,AA,1605,N492AA,DFW,ONT,1840,1845.0,5.0,19.0,1904.0,200.0,190.0,166.0,1188,1950.0,5.0,2000,1955.0,-5.0,0,0,,0.0,0.0,0.0,0.0,0.0,2015-04-19,0,0.0,0.0,0.0,0.0,0.0
2015,4,7,2,WN,2907,N7752B,LAS,FLL,1605,1645.0,40.0,12.0,1657.0,265.0,260.0,244.0,2173,1.0,4.0,2330,5.0,35.0,0,0,,0.0,0.0,6.0,29.0,0.0,2015-04-07,1,0.0,0.0,15.0,72.5,0.0
2015,4,21,2,US,433,N583UW,PHX,SFO,1020,1217.0,117.0,13.0,1230.0,132.0,122.0,99.0,651,1409.0,10.0,1232,1419.0,107.0,0,0,,107.0,0.0,0.0,0.0,0.0,2015-04-21,1,91.45,0.0,0.0,0.0,0.0
2015,4,20,1,OO,2830,N494CA,ICT,ORD,1616,1615.0,-1.0,12.0,1627.0,116.0,112.0,92.0,588,1759.0,8.0,1812,1807.0,-5.0,0,0,,0.0,0.0,0.0,0.0,0.0,2015-04-20,0,0.0,0.0,0.0,0.0,0.0
2015,4,4,6,AA,2354,N3LJAA,ORD,LAS,724,718.0,-6.0,14.0,732.0,242.0,227.0,207.0,1514,859.0,6.0,926,905.0,-21.0,0,0,,0.0,0.0,0.0,0.0,0.0,2015-04-04,0,0.0,0.0,0.0,0.0,0.0
2015,4,14,2,WN,1437,N218WN,MDW,LAS,2225,2337.0,72.0,12.0,2349.0,230.0,217.0,199.0,1521,108.0,6.0,15,114.0,59.0,0,0,,0.0,0.0,15.0,44.0,0.0,2015-04-14,1,0.0,0.0,20.83,61.11,0.0
2015,4,28,2,UA,1131,N76288,LAS,IAH,1231,1225.0,-6.0,13.0,1238.0,181.0,184.0,155.0,1222,1713.0,16.0,1732,1729.0,-3.0,0,0,,0.0,0.0,0.0,0.0,0.0,2015-04-28,0,0.0,0.0,0.0,0.0,0.0
2015,4,13,1,WN,4041,N557WN,MCO,PVD,1150,1154.0,4.0,17.0,1211.0,165.0,172.0,149.0,1072,1440.0,6.0,1435,1446.0,11.0,0,0,,0.0,0.0,0.0,0.0,0.0,2015-04-13,0,0.0,0.0,0.0,0.0,0.0
2015,4,5,7,DL,974,N549US,ATL,DTW,920,918.0,-2.0,11.0,929.0,116.0,112.0,94.0,594,1103.0,7.0,1116,1110.0,-6.0,0,0,,0.0,0.0,0.0,0.0,0.0,2015-04-05,0,0.0,0.0,0.0,0.0,0.0
2015,4,29,3,EV,5151,N927EV,ATL,TRI,1707,1705.0,-2.0,12.0,1717.0,65.0,56.0,40.0,227,1757.0,4.0,1812,1801.0,-11.0,0,0,,0.0,0.0,0.0,0.0,0.0,2015-04-29,0,0.0,0.0,0.0,0.0,0.0
2015,4,14,2,WN,2259,N607SW,DAL,ATL,1830,1848.0,18.0,8.0,1856.0,125.0,116.0,99.0,721,2135.0,9.0,2135,2144.0,9.0,0,0,,0.0,0.0,0.0,0.0,0.0,2015-04-14,1,0.0,0.0,0.0,0.0,0.0
2015,5,3,7,AA,125,N520AA,PNS,DFW,1851,1842.0,-9.0,14.0,1856.0,126.0,122.0,93.0,604,2029.0,15.0,2057,2044.0,-13.0,0,0,,0.0,0.0,0.0,0.0,0.0,2015-05-03,0,0.0,0.0,0.0,0.0,0.0
2015,4,5,7,UA,1614,N75861,LAX,IAH,2357,14.0,17.0,19.0,33.0,185.0,187.0,155.0,1379,508.0,13.0,502,521.0,19.0,0,0,,2.0,0.0,17.0,0.0,0.0,2015-04-05,1,11.76,0.0,100.0,0.0,0.0
2015,4,20,1,B6,1392,N828JB,TPA,BOS,2055,2228.0,93.0,11.0,2239.0,174.0,168.0,150.0,1185,109.0,7.0,2349,116.0,87.0,0,0,,46.0,0.0,0.0,41.0,0.0,2015-04-20,1,49.46,0.0,0.0,44.09,0.0
2015,4,30,4,DL,1236,N988DL,ATL,PNS,1735,1734.0,-1.0,18.0,1752.0,73.0,71.0,49.0,271,1741.0,4.0,1748,1745.0,-3.0,0,0,,0.0,0.0,0.0,0.0,0.0,2015-04-30,0,0.0,0.0,0.0,0.0,0.0
2015,4,13,1,US,1977,N745VJ,CLT,IND,940,936.0,-4.0,11.0,947.0,99.0,84.0,69.0,427,1056.0,4.0,1119,1100.0,-19.0,0,0,,0.0,0.0,0.0,0.0,0.0,2015-04-13,0,0.0,0.0,0.0,0.0,0.0
2015,4,2,4,F9,573,N924FR,DEN,SLC,815,809.0,-6.0,28.0,837.0,85.0,98.0,66.0,391,943.0,4.0,940,947.0,7.0,0,0,,0.0,0.0,0.0,0.0,0.0,2015-04-02,0,0.0,0.0,0.0,0.0,0.0
2015,4,21,2,MQ,2964,N905MQ,DFW,CRP,1603,1614.0,11.0,11.0,1625.0,80.0,75.0,60.0,354,1725.0,4.0,1723,1729.0,6.0,0,0,,0.0,0.0,0.0,0.0,0.0,2015-04-21,0,0.0,0.0,0.0,0.0,0.0
2015,4,19,7,AA,202,N3MAAA,LAX,BOS,1245,1240.0,-5.0,42.0,1322.0,337.0,353.0,300.0,2611,2122.0,11.0,2122,2133.0,11.0,0,0,,0.0,0.0,0.0,0.0,0.0,2015-04-19,0,0.0,0.0,0.0,0.0,0.0
2015,4,25,6,US,1823,N941UW,PHL,PHX,1545,1538.0,-7.0,13.0,1551.0,313.0,311.0,293.0,2075,1744.0,5.0,1758,1749.0,-9.0,0,0,,0.0,0.0,0.0,0.0,0.0,2015-04-25,0,0.0,0.0,0.0,0.0,0.0
2015,4,28,2,DL,837,N804NW,ATL,HNL,1050,1049.0,-1.0,18.0,1107.0,614.0,575.0,553.0,4502,1420.0,4.0,1504,1424.0,-40.0,0,0,,0.0,0.0,0.0,0.0,0.0,2015-04-28,0,0.0,0.0,0.0,0.0,0.0
2015,4,23,4,WN,2705,N225WN,OAK,LAX,1300,1310.0,10.0,10.0,1320.0,70.0,71.0,56.0,337,1416.0,5.0,1410,1421.0,11.0,0,0,,0.0,0.0,0.0,0.0,0.0,2015-04-23,0,0.0,0.0,0.0,0.0,0.0
2015,4,10,5,DL,1534,N962DN,IND,ATL,1710,2154.0,284.0,16.0,2210.0,98.0,131.0,74.0,432,2324.0,41.0,1848,5.0,317.0,0,0,,257.0,0.0,5.0,55.0,0.0,2015-04-10,1,90.49,0.0,1.76,19.37,0.0
2015,3,29,7,EV,4209,N11119,IAH,CMH,1257,1258.0,1.0,18.0,1316.0,153.0,154.0,130.0,986,1626.0,6.0,1630,1632.0,2.0,0,0,,0.0,0.0,0.0,0.0,0.0,2015-03-29,0,0.0,0.0,0.0,0.0,0.0
2015,4,8,3,DL,2542,N389DA,ATL,RDU,1958,2028.0,30.0,27.0,2055.0,83.0,87.0,52.0,356,2147.0,8.0,2121,2155.0,34.0,0,0,,4.0,0.0,30.0,0.0,0.0,2015-04-08,1,13.33,0.0,100.0,0.0,0.0
2015,4,2,4,MQ,3289,N625MQ,ORD,SUX,1345,1422.0,37.0,18.0,1440.0,101.0,90.0,69.0,436,1549.0,3.0,1526,1552.0,26.0,0,0,,0.0,0.0,0.0,22.0,4.0,2015-04-02,1,0.0,0.0,0.0,59.46,10.81
2015,3,31,2,EV,4355,N15555,IAH,JAX,1250,1246.0,-4.0,17.0,1303.0,125.0,119.0,99.0,817,1542.0,3.0,1555,1545.0,-10.0,0,0,,0.0,0.0,0.0,0.0,0.0,2015-03-31,0,0.0,0.0,0.0,0.0,0.0
2015,4,19,7,EV,5221,N614QX,LGA,RIC,1929,1927.0,-2.0,24.0,1951.0,95.0,98.0,52.0,292,2043.0,22.0,2104,2105.0,1.0,0,0,,0.0,0.0,0.0,0.0,0.0,2015-04-19,0,0.0,0.0,0.0,0.0,0.0
2015,4,28,2,WN,349,N943WN,SLC,PHX,925,925.0,0.0,9.0,934.0,95.0,81.0,67.0,507,941.0,5.0,1000,946.0,-14.0,0,0,,0.0,0.0,0.0,0.0,0.0,2015-04-28,0,0.0,0.0,0.0,0.0,0.0
2015,4,13,1,EV,4086,N11119,HRL,IAH,1703,1705.0,2.0,8.0,1713.0,75.0,67.0,52.0,295,1805.0,7.0,1818,1812.0,-6.0,0,0,,0.0,0.0,0.0,0.0,0.0,2015-04-13,0,0.0,0.0,0.0,0.0,0.0
2015,4,15,3,DL,588,N6712B,SEA,MSP,1105,1119.0,14.0,18.0,1137.0,191.0,200.0,176.0,1399,1633.0,6.0,1616,1639.0,23.0,0,0,,9.0,0.0,0.0,14.0,0.0,2015-04-15,0,64.29,0.0,0.0,100.0,0.0
2015,4,20,1,WN,585,N7738A,MDW,STL,2225,2245.0,20.0,8.0,2253.0,60.0,54.0,43.0,251,2336.0,3.0,2325,2339.0,14.0,0,0,,0.0,0.0,0.0,0.0,0.0,2015-04-20,1,0.0,0.0,0.0,0.0,0.0
2015,4,1,3,F9,1084,N906FR,CLE,FLL,605,605.0,0.0,26.0,631.0,170.0,167.0,134.0,1062,845.0,7.0,855,852.0,-3.0,0,0,,0.0,0.0,0.0,0.0,0.0,2015-04-01,0,0.0,0.0,0.0,0.0,0.0
2015,4,9,4,US,1901,N105UW,CLT,PBI,735,731.0,-4.0,12.0,743.0,108.0,94.0,78.0,590,901.0,4.0,923,905.0,-18.0,0,0,,0.0,0.0,0.0,0.0,0.0,2015-04-09,0,0.0,0.0,0.0,0.0,0.0
2015,4,27,1,WN,1084,N900WN,MCO,MSY,805,800.0,-5.0,11.0,811.0,105.0,116.0,102.0,551,853.0,3.0,850,856.0,6.0,0,0,,0.0,0.0,0.0,0.0,0.0,2015-04-27,0,0.0,0.0,0.0,0.0,0.0
2015,3,31,2,DL,2480,N998AT,MSP,JFK,1112,1110.0,-2.0,10.0,1120.0,171.0,152.0,127.0,1029,1427.0,15.0,1503,1442.0,-21.0,0,0,,0.0,0.0,0.0,0.0,0.0,2015-03-31,0,0.0,0.0,0.0,0.0,0.0
2015,4,26,7,OO,3464,N216AG,PDX,ONT,2030,2024.0,-6.0,9.0,2033.0,131.0,114.0,102.0,838,2215.0,3.0,2241,2218.0,-23.0,0,0,,0.0,0.0,0.0,0.0,0.0,2015-04-26,0,0.0,0.0,0.0,0.0,0.0
2015,4,29,3,B6,1034,N579JB,SJU,MCO,1642,1636.0,-6.0,10.0,1646.0,193.0,190.0,169.0,1189,1935.0,11.0,1955,1946.0,-9.0,0,0,,0.0,0.0,0.0,0.0,0.0,2015-04-29,0,0.0,0.0,0.0,0.0,0.0
2015,4,9,4,WN,4634,N963WN,ATL,DAL,2220,2224.0,4.0,19.0,2243.0,145.0,157.0,131.0,721,2354.0,7.0,2345,1.0,16.0,0,0,,16.0,0.0,0.0,0.0,0.0,2015-04-09,0,400.0,0.0,0.0,0.0,0.0
2015,4,5,7,MQ,3683,N615MQ,AZO,ORD,1125,1111.0,-14.0,11.0,1122.0,59.0,50.0,30.0,122,1052.0,9.0,1124,1101.0,-23.0,0,0,,0.0,0.0,0.0,0.0,0.0,2015-04-05,0,0.0,0.0,0.0,0.0,0.0
2015,4,23,4,DL,1329,N894AT,BDL,DTW,1230,1227.0,-3.0,19.0,1246.0,122.0,122.0,97.0,549,1423.0,6.0,1432,1429.0,-3.0,0,0,,0.0,0.0,0.0,0.0,0.0,2015-04-23,0,0.0,0.0,0.0,0.0,0.0
2015,4,6,1,EV,4727,N16911,FSD,ORD,1432,1442.0,10.0,21.0,1503.0,98.0,101.0,67.0,462,1610.0,13.0,1610,1623.0,13.0,0,0,,0.0,0.0,0.0,0.0,0.0,2015-04-06,0,0.0,0.0,0.0,0.0,0.0
2015,4,9,4,WN,828,N946WN,BNA,ECP,1900,1914.0,14.0,8.0,1922.0,75.0,69.0,58.0,401,2020.0,3.0,2015,2023.0,8.0,0,0,,0.0,0.0,0.0,0.0,0.0,2015-04-09,0,0.0,0.0,0.0,0.0,0.0
2015,4,28,2,UA,1435,N31412,IAH,MCO,1933,1939.0,6.0,17.0,1956.0,134.0,121.0,99.0,854,2235.0,5.0,2247,2240.0,-7.0,0,0,,0.0,0.0,0.0,0.0,0.0,2015-04-28,0,0.0,0.0,0.0,0.0,0.0
2015,4,17,5,AA,1199,N581AA,STL,ORD,635,632.0,-3.0,10.0,642.0,73.0,92.0,47.0,258,729.0,35.0,748,804.0,16.0,0,0,,16.0,0.0,0.0,0.0,0.0,2015-04-17,0,-533.33,-0.0,-0.0,-0.0,-0.0
2015,3,28,6,WN,1391,N424WN,MCO,CMH,2225,2258.0,33.0,11.0,2309.0,130.0,121.0,105.0,802,54.0,5.0,35,59.0,24.0,0,0,,0.0,0.0,4.0,20.0,0.0,2015-03-28,1,0.0,0.0,12.12,60.61,0.0
2015,4,21,2,MQ,3530,N521MQ,LGA,DTW,1430,1429.0,-1.0,24.0,1453.0,117.0,114.0,81.0,502,1614.0,9.0,1627,1623.0,-4.0,0,0,,0.0,0.0,0.0,0.0,0.0,2015-04-21,0,0.0,0.0,0.0,0.0,0.0
2015,4,23,4,US,567,N580UW,SAN,PHX,630,623.0,-7.0,24.0,647.0,84.0,80.0,48.0,304,735.0,8.0,754,743.0,-11.0,0,0,,0.0,0.0,0.0,0.0,0.0,2015-04-23,0,0.0,0.0,0.0,0.0,0.0
2015,4,8,3,DL,1131,N947DL,LGA,FLL,1115,1115.0,0.0,34.0,1149.0,197.0,187.0,150.0,1076,1419.0,3.0,1432,1422.0,-10.0,0,0,,0.0,0.0,0.0,0.0,0.0,2015-04-08,0,0.0,0.0,0.0,0.0,0.0
2015,4,8,3,EV,5920,N12921,TVC,ORD,620,611.0,-9.0,14.0,625.0,69.0,78.0,51.0,224,616.0,13.0,629,629.0,0.0,0,0,,0.0,0.0,0.0,0.0,0.0,2015-04-08,0,0.0,0.0,0.0,0.0,0.0
2015,3,28,6,WN,1793,N8616C,CMH,TPA,1425,1426.0,1.0,8.0,1434.0,135.0,123.0,110.0,829,1624.0,5.0,1640,1629.0,-11.0,0,0,,0.0,0.0,0.0,0.0,0.0,2015-03-28,0,0.0,0.0,0.0,0.0,0.0
2015,4,28,2,UA,237,N474UA,EWR,FLL,1645,1639.0,-6.0,16.0,1655.0,195.0,178.0,155.0,1065,1930.0,7.0,2000,1937.0,-23.0,0,0,,0.0,0.0,0.0,0.0,0.0,2015-04-28,0,0.0,0.0,0.0,0.0,0.0
2015,4,4,6,AS,573,N799AS,SAN,PDX,630,631.0,1.0,14.0,645.0,159.0,148.0,130.0,933,855.0,4.0,909,859.0,-10.0,0,0,,0.0,0.0,0.0,0.0,0.0,2015-04-04,0,0.0,0.0,0.0,0.0,0.0
2015,3,26,4,WN,2425,N265WN,LGA,DAL,2025,2024.0,-1.0,33.0,2057.0,245.0,277.0,238.0,1381,2355.0,6.0,2330,1.0,31.0,0,0,,31.0,0.0,0.0,0.0,0.0,2015-03-26,0,-3100.0,-0.0,-0.0,-0.0,-0.0
2015,3,29,7,OO,6452,N986SW,LAX,TUS,1134,1148.0,14.0,13.0,1201.0,89.0,82.0,63.0,451,1304.0,6.0,1303,1310.0,7.0,0,0,,0.0,0.0,0.0,0.0,0.0,2015-03-29,0,0.0,0.0,0.0,0.0,0.0
2015,4,2,4,WN,3753,N957WN,DEN,SNA,1200,1159.0,-1.0,22.0,1221.0,145.0,162.0,136.0,846,1337.0,4.0,1325,1341.0,16.0,0,0,,16.0,0.0,0.0,0.0,0.0,2015-04-02,0,-1600.0,-0.0,-0.0,-0.0,-0.0
2015,5,3,7,DL,1928,N590NW,MCO,DTW,815,813.0,-2.0,10.0,823.0,157.0,146.0,130.0,957,1033.0,6.0,1052,1039.0,-13.0,0,0,,0.0,0.0,0.0,0.0,0.0,2015-05-03,0,0.0,0.0,0.0,0.0,0.0
2015,4,4,6,DL,946,N549US,SLC,ATL,1116,1111.0,-5.0,13.0,1124.0,214.0,191.0,172.0,1590,1616.0,6.0,1650,1622.0,-28.0,0,0,,0.0,0.0,0.0,0.0,0.0,2015-04-04,0,0.0,0.0,0.0,0.0,0.0
2015,4,2,4,NK,858,N634NK,IAH,FLL,1400,1354.0,-6.0,12.0,1406.0,145.0,125.0,107.0,966,1653.0,6.0,1725,1659.0,-26.0,0,0,,0.0,0.0,0.0,0.0,0.0,2015-04-02,0,0.0,0.0,0.0,0.0,0.0
2015,4,30,4,EV,5196,N753EV,BTR,ATL,845,844.0,-1.0,12.0,856.0,85.0,91.0,65.0,448,1101.0,14.0,1110,1115.0,5.0,0,0,,0.0,0.0,0.0,0.0,0.0,2015-04-30,0,0.0,0.0,0.0,0.0,0.0
2015,5,4,1,WN,1537,N420WN,DEN,OAK,1755,1808.0,13.0,28.0,1836.0,160.0,169.0,135.0,957,1951.0,6.0,1935,1957.0,22.0,0,0,,9.0,0.0,13.0,0.0,0.0,2015-05-04,0,69.23,0.0,100.0,0.0,0.0
2015,4,19,7,WN,2790,N907WN,ORF,MDW,1715,1712.0,-3.0,10.0,1722.0,125.0,117.0,104.0,704,1806.0,3.0,1820,1809.0,-11.0,0,0,,0.0,0.0,0.0,0.0,0.0,2015-04-19,0,0.0,0.0,0.0,0.0,0.0
2015,3,27,5,OO,4540,N548CA,SJC,LAX,1830,1826.0,-4.0,27.0,1853.0,90.0,97.0,56.0,308,1949.0,14.0,2000,2003.0,3.0,0,0,,0.0,0.0,0.0,0.0,0.0,2015-03-27,0,0.0,0.0,0.0,0.0,0.0
2015,4,21,2,DL,861,N3739P,SEA,LAX,600,556.0,-4.0,10.0,606.0,165.0,166.0,131.0,954,817.0,25.0,845,842.0,-3.0,0,0,,0.0,0.0,0.0,0.0,0.0,2015-04-21,0,0.0,0.0,0.0,0.0,0.0
2015,3,27,5,EV,6168,N19554,ORD,ABE,2100,2201.0,61.0,28.0,2229.0,113.0,118.0,86.0,654,55.0,4.0,2353,59.0,66.0,0,0,,5.0,0.0,50.0,11.0,0.0,2015-03-27,1,8.2,0.0,81.97,18.03,0.0
2015,4,26,7,DL,1635,N808DN,DTW,SAN,2015,2015.0,0.0,19.0,2034.0,295.0,262.0,239.0,1956,2133.0,4.0,2210,2137.0,-33.0,0,0,,0.0,0.0,0.0,0.0,0.0,2015-04-26,0,0.0,0.0,0.0,0.0,0.0
2015,5,4,1,WN,546,N288WN,LAS,LAX,2225,2232.0,7.0,10.0,2242.0,65.0,57.0,39.0,236,2321.0,8.0,2330,2329.0,-1.0,0,0,,0.0,0.0,0.0,0.0,0.0,2015-05-04,0,0.0,0.0,0.0,0.0,0.0
2015,4,1,3,B6,605,N516JB,EWR,FLL,600,558.0,-2.0,16.0,614.0,176.0,165.0,143.0,1065,837.0,6.0,856,843.0,-13.0,0,0,,0.0,0.0,0.0,0.0,0.0,2015-04-01,0,0.0,0.0,0.0,0.0,0.0
2015,4,24,5,EV,3928,N11165,EWR,MCI,1513,1510.0,-3.0,23.0,1533.0,197.0,210.0,183.0,1092,1736.0,4.0,1730,1740.0,10.0,0,0,,0.0,0.0,0.0,0.0,0.0,2015-04-24,0,0.0,0.0,0.0,0.0,0.0
2015,4,8,3,WN,1324,N715SW,FLL,DAL,2005,2040.0,35.0,12.0,2052.0,195.0,173.0,157.0,1108,2229.0,4.0,2220,2233.0,13.0,0,0,,0.0,0.0,0.0,0.0,0.0,2015-04-08,1,0.0,0.0,0.0,0.0,0.0
2015,4,20,1,UA,463,N407UA,LGA,ORD,759,758.0,-1.0,14.0,812.0,149.0,130.0,106.0,733,858.0,10.0,928,908.0,-20.0,0,0,,0.0,0.0,0.0,0.0,0.0,2015-04-20,0,0.0,0.0,0.0,0.0,0.0
2015,4,24,5,B6,1583,N373JB,BOS,RDU,2055,2049.0,-6.0,17.0,2106.0,120.0,114.0,92.0,612,2238.0,5.0,2255,2243.0,-12.0,0,0,,0.0,0.0,0.0,0.0,0.0,2015-04-24,0,0.0,0.0,0.0,0.0,0.0
2015,4,26,7,US,895,N163US,PHX,ORD,1230,1239.0,9.0,13.0,1252.0,209.0,197.0,178.0,1440,1750.0,6.0,1759,1756.0,-3.0,0,0,,0.0,0.0,0.0,0.0,0.0,2015-04-26,0,0.0,0.0,0.0,0.0,0.0
2015,4,23,4,WN,914,N759GS,STL,LAS,1215,1213.0,-2.0,7.0,1220.0,210.0,226.0,213.0,1371,1353.0,6.0,1345,1359.0,14.0,0,0,,0.0,0.0,0.0,0.0,0.0,2015-04-23,0,0.0,0.0,0.0,0.0,0.0
2015,4,14,2,AA,1534,N3HCAA,DFW,DCA,855,1116.0,141.0,9.0,1125.0,183.0,184.0,146.0,1192,1451.0,29.0,1258,1520.0,142.0,0,0,,1.0,0.0,5.0,136.0,0.0,2015-04-14,1,0.71,0.0,3.55,96.45,0.0
2015,4,29,3,DL,2573,N937AT,ATL,MDW,1257,1254.0,-3.0,8.0,1302.0,118.0,100.0,88.0,591,1330.0,4.0,1355,1334.0,-21.0,0,0,,0.0,0.0,0.0,0.0,0.0,2015-04-29,0,0.0,0.0,0.0,0.0,0.0
2015,4,16,4,US,1840,N812AW,RDU,CLT,1605,1607.0,2.0,16.0,1623.0,59.0,66.0,44.0,130,1707.0,6.0,1704,1713.0,9.0,0,0,,0.0,0.0,0.0,0.0,0.0,2015-04-16,0,0.0,0.0,0.0,0.0,0.0
2015,3,27,5,WN,64,N744SW,OAK,SEA,600,710.0,70.0,9.0,719.0,125.0,104.0,89.0,671,848.0,6.0,805,854.0,49.0,0,0,,0.0,0.0,49.0,0.0,0.0,2015-03-27,1,0.0,0.0,70.0,0.0,0.0
2015,3,30,1,OO,6252,N915SW,EUG,SFO,1950,1943.0,-7.0,11.0,1954.0,95.0,96.0,81.0,451,2115.0,4.0,2125,2119.0,-6.0,0,0,,0.0,0.0,0.0,0.0,0.0,2015-03-30,0,0.0,0.0,0.0,0.0,0.0
2015,4,11,6,DL,1591,N916DN,CLT,ATL,825,1043.0,138.0,16.0,1059.0,79.0,60.0,39.0,226,1138.0,5.0,944,1143.0,119.0,0,0,,0.0,0.0,119.0,0.0,0.0,2015-04-11,1,0.0,0.0,86.23,0.0,0.0
2015,3,26,4,US,1785,N757UW,MSY,CLT,1820,1814.0,-6.0,9.0,1823.0,102.0,103.0,84.0,651,2047.0,10.0,2102,2057.0,-5.0,0,0,,0.0,0.0,0.0,0.0,0.0,2015-03-26,0,0.0,0.0,0.0,0.0,0.0
2015,5,2,6,AA,5,N358AA,DFW,HNL,1350,1636.0,166.0,15.0,1651.0,512.0,483.0,463.0,3784,1934.0,5.0,1722,1939.0,137.0,0,0,,0.0,0.0,40.0,97.0,0.0,2015-05-02,1,0.0,0.0,24.1,58.43,0.0
2015,4,14,2,MQ,3072,N647MQ,ORD,DBQ,1040,1035.0,-5.0,10.0,1045.0,58.0,41.0,28.0,147,1113.0,3.0,1138,1116.0,-22.0,0,0,,0.0,0.0,0.0,0.0,0.0,2015-04-14,0,0.0,0.0,0.0,0.0,0.0
2015,4,3,5,MQ,3424,N605MQ,ORD,CMI,2150,2146.0,-4.0,13.0,2159.0,59.0,48.0,30.0,135,2229.0,5.0,2249,2234.0,-15.0,0,0,,0.0,0.0,0.0,0.0,0.0,2015-04-03,0,0.0,0.0,0.0,0.0,0.0
2015,4,10,5,UA,1411,N35407,IAH,ORD,2116,2152.0,36.0,18.0,2210.0,158.0,142.0,119.0,925,9.0,5.0,2354,14.0,20.0,0,0,,0.0,0.0,20.0,0.0,0.0,2015-04-10,1,0.0,0.0,55.56,0.0,0.0
2015,3,30,1,AS,43,N763AS,ANC,BET,1120,1104.0,-16.0,6.0,1110.0,74.0,66.0,57.0,399,1207.0,3.0,1234,1210.0,-24.0,0,0,,0.0,0.0,0.0,0.0,0.0,2015-03-30,0,0.0,0.0,0.0,0.0,0.0
2015,4,29,3,AA,2286,N007AA,DFW,IAH,1525,1542.0,17.0,20.0,1602.0,77.0,76.0,47.0,224,1649.0,9.0,1642,1658.0,16.0,0,0,,0.0,0.0,16.0,0.0,0.0,2015-04-29,1,0.0,0.0,94.12,0.0,0.0
2015,4,27,1,OO,5409,N930SW,MKE,ORD,953,1001.0,8.0,12.0,1013.0,48.0,60.0,21.0,67,1034.0,27.0,1041,1101.0,20.0,0,0,,12.0,0.0,0.0,8.0,0.0,2015-04-27,0,150.0,0.0,0.0,100.0,0.0
2015,4,26,7,DL,2309,N965DN,STL,ATL,930,926.0,-4.0,15.0,941.0,90.0,86.0,66.0,484,1147.0,5.0,1200,1152.0,-8.0,0,0,,0.0,0.0,0.0,0.0,0.0,2015-04-26,0,0.0,0.0,0.0,0.0,0.0
2015,4,24,5,WN,101,N8315C,CMH,TPA,1605,1559.0,-6.0,10.0,1609.0,135.0,124.0,108.0,829,1757.0,6.0,1820,1803.0,-17.0,0,0,,0.0,0.0,0.0,0.0,0.0,2015-04-24,0,0.0,0.0,0.0,0.0,0.0
2015,5,3,7,UA,1262,N37255,SEA,IAH,1355,1400.0,5.0,11.0,1411.0,251.0,250.0,225.0,1874,1956.0,14.0,2006,2010.0,4.0,0,0,,0.0,0.0,0.0,0.0,0.0,2015-05-03,0,0.0,0.0,0.0,0.0,0.0
2015,4,27,1,EV,5078,N758EV,LGA,RDU,1429,1422.0,-7.0,28.0,1450.0,107.0,108.0,68.0,431,1558.0,12.0,1616,1610.0,-6.0,0,0,,0.0,0.0,0.0,0.0,0.0,2015-04-27,0,0.0,0.0,0.0,0.0,0.0
2015,4,29,3,DL,581,N811DZ,SLC,SEA,1659,1659.0,0.0,10.0,1709.0,125.0,116.0,99.0,689,1748.0,7.0,1804,1755.0,-9.0,0,0,,0.0,0.0,0.0,0.0,0.0,2015-04-29,0,0.0,0.0,0.0,0.0,0.0
2015,4,26,7,AA,2476,N3EVAA,BDL,MIA,650,638.0,-12.0,21.0,659.0,191.0,217.0,175.0,1194,954.0,21.0,1001,1015.0,14.0,0,0,,0.0,0.0,0.0,0.0,0.0,2015-04-26,0,0.0,0.0,0.0,0.0,0.0
2015,3,31,2,UA,785,N543UA,LAX,LIH,1630,1626.0,-4.0,14.0,1640.0,368.0,355.0,339.0,2615,1919.0,2.0,1938,1921.0,-17.0,0,0,,0.0,0.0,0.0,0.0,0.0,2015-03-31,0,0.0,0.0,0.0,0.0,0.0
2015,3,26,4,DL,1859,N717TW,SFO,JFK,645,643.0,-2.0,16.0,659.0,329.0,367.0,346.0,2586,1545.0,5.0,1514,1550.0,36.0,0,0,,36.0,0.0,0.0,0.0,0.0,2015-03-26,0,-1800.0,-0.0,-0.0,-0.0,-0.0
2015,4,15,3,UA,1756,N57857,SFO,BOS,2230,2233.0,3.0,13.0,2246.0,345.0,333.0,311.0,2704,657.0,9.0,715,706.0,-9.0,0,0,,0.0,0.0,0.0,0.0,0.0,2015-04-15,0,0.0,0.0,0.0,0.0,0.0
2015,3,28,6,WN,1141,N754SW,OAK,LAS,900,855.0,-5.0,8.0,903.0,85.0,77.0,63.0,407,1006.0,6.0,1025,1012.0,-13.0,0,0,,0.0,0.0,0.0,0.0,0.0,2015-03-28,0,0.0,0.0,0.0,0.0,0.0
2015,4,20,1,OO,4704,N162PQ,PHX,SEA,710,737.0,27.0,18.0,755.0,187.0,177.0,154.0,1107,1029.0,5.0,1017,1034.0,17.0,0,0,,0.0,0.0,17.0,0.0,0.0,2015-04-20,1,0.0,0.0,62.96,0.0,0.0
2015,4,23,4,OO,4782,N8968E,SLC,BZN,1559,1553.0,-6.0,12.0,1605.0,81.0,68.0,52.0,347,1657.0,4.0,1720,1701.0,-19.0,0,0,,0.0,0.0,0.0,0.0,0.0,2015-04-23,0,0.0,0.0,0.0,0.0,0.0
2015,4,2,4,UA,1690,N68805,MCO,IAH,1506,1508.0,2.0,11.0,1519.0,159.0,137.0,121.0,854,1620.0,5.0,1645,1625.0,-20.0,0,0,,0.0,0.0,0.0,0.0,0.0,2015-04-02,0,0.0,0.0,0.0,0.0,0.0
2015,4,3,5,OO,5196,N593ML,SFO,PDX,738,730.0,-8.0,21.0,751.0,111.0,118.0,93.0,550,924.0,4.0,929,928.0,-1.0,0,0,,0.0,0.0,0.0,0.0,0.0,2015-04-03,0,0.0,0.0,0.0,0.0,0.0
2015,4,1,3,DL,1115,N689DL,ATL,PHX,1637,1636.0,-1.0,18.0,1654.0,253.0,236.0,213.0,1587,1727.0,5.0,1750,1732.0,-18.0,0,0,,0.0,0.0,0.0,0.0,0.0,2015-04-01,0,0.0,0.0,0.0,0.0,0.0
2015,5,4,1,EV,5295,N979EV,VLD,ATL,1628,1741.0,73.0,13.0,1754.0,64.0,61.0,44.0,208,1838.0,4.0,1732,1842.0,70.0,0,0,,0.0,0.0,0.0,70.0,0.0,2015-05-04,1,0.0,0.0,0.0,95.89,0.0
2015,4,2,4,WN,1194,N933WN,ATL,LGA,1630,1645.0,15.0,16.0,1701.0,130.0,131.0,105.0,762,1846.0,10.0,1840,1856.0,16.0,0,0,,1.0,0.0,15.0,0.0,0.0,2015-04-02,0,6.67,0.0,100.0,0.0,0.0
2015,3,26,4,AA,916,N3ECAA,MIA,DCA,2110,2110.0,0.0,22.0,2132.0,148.0,161.0,116.0,919,2328.0,23.0,2338,2351.0,13.0,0,0,,0.0,0.0,0.0,0.0,0.0,2015-03-26,0,0.0,0.0,0.0,0.0,0.0
2015,4,7,2,DL,2309,N954DN,STL,ATL,930,930.0,0.0,44.0,1014.0,90.0,118.0,68.0,484,1222.0,6.0,1200,1228.0,28.0,0,0,,28.0,0.0,0.0,0.0,0.0,2015-04-07,0,inf,0.0,0.0,0.0,0.0
2015,5,4,1,OO,5300,N507CA,ORD,MKE,2110,2220.0,70.0,19.0,2239.0,50.0,40.0,17.0,67,2256.0,4.0,2200,2300.0,60.0,0,0,,0.0,0.0,60.0,0.0,0.0,2015-05-04,1,0.0,0.0,85.71,0.0,0.0
2015,4,6,1,MQ,3430,N856MQ,DFW,LFT,1520,1541.0,21.0,11.0,1552.0,85.0,67.0,53.0,351,1645.0,3.0,1645,1648.0,3.0,0,0,,0.0,0.0,0.0,0.0,0.0,2015-04-06,1,0.0,0.0,0.0,0.0,0.0
2015,4,15,3,DL,151,N930DN,DCA,ATL,1400,1400.0,0.0,25.0,1425.0,120.0,122.0,91.0,547,1556.0,6.0,1600,1602.0,2.0,0,0,,0.0,0.0,0.0,0.0,0.0,2015-04-15,0,0.0,0.0,0.0,0.0,0.0
2015,4,1,3,AA,2458,N489AA,ORD,TPA,1820,1817.0,-3.0,11.0,1828.0,166.0,143.0,129.0,1012,2137.0,3.0,2206,2140.0,-26.0,0,0,,0.0,0.0,0.0,0.0,0.0,2015-04-01,0,0.0,0.0,0.0,0.0,0.0
2015,4,28,2,WN,4563,N927WN,ATL,DCA,1835,1831.0,-4.0,12.0,1843.0,105.0,92.0,74.0,547,1957.0,6.0,2020,2003.0,-17.0,0,0,,0.0,0.0,0.0,0.0,0.0,2015-04-28,0,0.0,0.0,0.0,0.0,0.0
2015,4,21,2,UA,265,N421UA,IAH,DCA,1258,1248.0,-10.0,29.0,1317.0,182.0,178.0,145.0,1208,1642.0,4.0,1700,1646.0,-14.0,0,0,,0.0,0.0,0.0,0.0,0.0,2015-04-21,0,0.0,0.0,0.0,0.0,0.0
2015,3,29,7,HA,269,N490HA,KOA,OGG,1307,1314.0,7.0,10.0,1324.0,33.0,35.0,19.0,84,1343.0,6.0,1340,1349.0,9.0,0,0,,0.0,0.0,0.0,0.0,0.0,2015-03-29,0,0.0,0.0,0.0,0.0,0.0
2015,4,24,5,OO,6430,N795SK,DFW,IAH,1546,2242.0,416.0,13.0,2255.0,69.0,66.0,49.0,224,2344.0,4.0,1655,2348.0,413.0,0,0,,0.0,0.0,0.0,233.0,180.0,2015-04-24,1,0.0,0.0,0.0,56.01,43.27
2015,5,4,1,WN,3766,N756SA,OAK,SAN,1305,1323.0,18.0,8.0,1331.0,85.0,81.0,70.0,446,1441.0,3.0,1430,1444.0,14.0,0,0,,0.0,0.0,0.0,0.0,0.0,2015-05-04,1,0.0,0.0,0.0,0.0,0.0
2015,4,17,5,OO,2741,N889AS,TUS,PHX,1810,1756.0,-14.0,39.0,1835.0,65.0,78.0,29.0,110,1904.0,10.0,1915,1914.0,-1.0,0,0,,0.0,0.0,0.0,0.0,0.0,2015-04-17,0,0.0,0.0,0.0,0.0,0.0
2015,4,11,6,WN,1355,N7743B,OMA,MDW,1350,1350.0,0.0,8.0,1358.0,85.0,75.0,62.0,423,1500.0,5.0,1515,1505.0,-10.0,0,0,,0.0,0.0,0.0,0.0,0.0,2015-04-11,0,0.0,0.0,0.0,0.0,0.0
2015,4,24,5,DL,1132,N821DN,LGA,ATL,1059,1107.0,8.0,46.0,1153.0,163.0,170.0,116.0,762,1349.0,8.0,1342,1357.0,15.0,0,0,,7.0,0.0,8.0,0.0,0.0,2015-04-24,0,87.5,0.0,100.0,0.0,0.0
2015,4,11,6,VX,736,N530VA,DAL,DCA,1410,1409.0,-1.0,11.0,1420.0,150.0,146.0,130.0,1184,1730.0,5.0,1740,1735.0,-5.0,0,0,,0.0,0.0,0.0,0.0,0.0,2015-04-11,0,0.0,0.0,0.0,0.0,0.0
2015,5,2,6,WN,1656,N903WN,BOI,PHX,1500,1503.0,3.0,10.0,1513.0,120.0,118.0,103.0,735,1556.0,5.0,1600,1601.0,1.0,0,0,,0.0,0.0,0.0,0.0,0.0,2015-05-02,0,0.0,0.0,0.0,0.0,0.0
2015,4,21,2,DL,2053,N910DE,ATL,FNT,1510,1504.0,-6.0,14.0,1518.0,119.0,113.0,94.0,645,1652.0,5.0,1709,1657.0,-12.0,0,0,,0.0,0.0,0.0,0.0,0.0,2015-04-21,0,0.0,0.0,0.0,0.0,0.0
2015,4,11,6,MQ,3108,N825MQ,DFW,TYR,2200,2152.0,-8.0,23.0,2215.0,49.0,50.0,21.0,102,2236.0,6.0,2249,2242.0,-7.0,0,0,,0.0,0.0,0.0,0.0,0.0,2015-04-11,0,0.0,0.0,0.0,0.0,0.0
2015,4,29,3,WN,888,N752SW,LAS,HOU,1420,1431.0,11.0,13.0,1444.0,175.0,171.0,153.0,1235,1917.0,5.0,1915,1922.0,7.0,0,0,,0.0,0.0,0.0,0.0,0.0,2015-04-29,0,0.0,0.0,0.0,0.0,0.0
2015,4,3,5,AA,22,N790AA,LAX,JFK,1520,1538.0,18.0,29.0,1607.0,336.0,299.0,261.0,2475,2328.0,9.0,2356,2337.0,-19.0,0,0,,0.0,0.0,0.0,0.0,0.0,2015-04-03,1,0.0,0.0,0.0,0.0,0.0
2015,4,24,5,UA,406,N836UA,BIL,DEN,1319,1310.0,-9.0,10.0,1320.0,90.0,92.0,75.0,455,1435.0,7.0,1449,1442.0,-7.0,0,0,,0.0,0.0,0.0,0.0,0.0,2015-04-24,0,0.0,0.0,0.0,0.0,0.0
2015,4,20,1,OO,5258,N744SK,ASE,LAX,1430,1421.0,-9.0,4.0,1425.0,128.0,115.0,103.0,737,1508.0,8.0,1538,1516.0,-22.0,0,0,,0.0,0.0,0.0,0.0,0.0,2015-04-20,0,0.0,0.0,0.0,0.0,0.0
2015,4,29,3,AA,329,N3BXAA,LGA,ORD,1150,1141.0,-9.0,19.0,1200.0,164.0,136.0,110.0,733,1250.0,7.0,1334,1257.0,-37.0,0,0,,0.0,0.0,0.0,0.0,0.0,2015-04-29,0,0.0,0.0,0.0,0.0,0.0
2015,4,3,5,AA,2284,N3HKAA,ORD,DCA,2025,2030.0,5.0,13.0,2043.0,123.0,92.0,74.0,612,2257.0,5.0,2328,2302.0,-26.0,0,0,,0.0,0.0,0.0,0.0,0.0,2015-04-03,0,0.0,0.0,0.0,0.0,0.0
2015,4,5,7,VX,413,N840VA,JFK,LAX,1655,1709.0,14.0,14.0,1723.0,385.0,391.0,370.0,2475,2033.0,7.0,2020,2040.0,20.0,0,0,,0.0,0.0,14.0,0.0,6.0,2015-04-05,0,0.0,0.0,100.0,0.0,42.86
2015,4,13,1,MQ,3351,N682MQ,ORD,DBQ,2030,2026.0,-4.0,23.0,2049.0,67.0,54.0,28.0,147,2117.0,3.0,2137,2120.0,-17.0,0,0,,0.0,0.0,0.0,0.0,0.0,2015-04-13,0,0.0,0.0,0.0,0.0,0.0
2015,4,17,5,WN,865,N770SA,BNA,TPA,1635,1910.0,155.0,9.0,1919.0,100.0,93.0,81.0,612,2140.0,3.0,1915,2143.0,148.0,0,0,,0.0,0.0,1.0,147.0,0.0,2015-04-17,1,0.0,0.0,0.65,94.84,0.0
2015,4,30,4,UA,1250,N24212,ORD,LAX,1326,1344.0,18.0,22.0,1406.0,269.0,250.0,221.0,1744,1547.0,7.0,1555,1554.0,-1.0,0,0,,0.0,0.0,0.0,0.0,0.0,2015-04-30,1,0.0,0.0,0.0,0.0,0.0
2015,5,2,6,NK,921,N606NK,LGA,MYR,1140,1140.0,0.0,21.0,1201.0,110.0,104.0,75.0,563,1316.0,8.0,1330,1324.0,-6.0,0,0,,0.0,0.0,0.0,0.0,0.0,2015-05-02,0,0.0,0.0,0.0,0.0,0.0
2015,4,14,2,WN,166,N713SW,LAX,HOU,1010,1023.0,13.0,7.0,1030.0,190.0,181.0,168.0,1390,1518.0,6.0,1520,1524.0,4.0,0,0,,0.0,0.0,0.0,0.0,0.0,2015-04-14,0,0.0,0.0,0.0,0.0,0.0
2015,4,19,7,UA,671,N431UA,DEN,LGA,1720,1732.0,12.0,15.0,1747.0,233.0,218.0,198.0,1620,2305.0,5.0,2313,2310.0,-3.0,0,0,,0.0,0.0,0.0,0.0,0.0,2015-04-19,0,0.0,0.0,0.0,0.0,0.0
2015,4,16,4,OO,6311,N237SW,LAX,PSP,2209,2205.0,-4.0,13.0,2218.0,52.0,48.0,31.0,110,2249.0,4.0,2301,2253.0,-8.0,0,0,,0.0,0.0,0.0,0.0,0.0,2015-04-16,0,0.0,0.0,0.0,0.0,0.0
2015,4,1,3,MQ,3276,N616MQ,CHA,DFW,1600,1602.0,2.0,10.0,1612.0,135.0,149.0,120.0,695,1712.0,19.0,1715,1731.0,16.0,0,0,,16.0,0.0,0.0,0.0,0.0,2015-04-01,0,800.0,0.0,0.0,0.0,0.0
2015,3,26,4,AA,2286,N4XMAA,SAT,DFW,955,949.0,-6.0,9.0,958.0,70.0,58.0,44.0,247,1042.0,5.0,1105,1047.0,-18.0,0,0,,0.0,0.0,0.0,0.0,0.0,2015-03-26,0,0.0,0.0,0.0,0.0,0.0
2015,4,3,5,WN,241,N7717D,LGA,ATL,2025,2157.0,92.0,10.0,2207.0,160.0,136.0,120.0,762,7.0,6.0,2305,13.0,68.0,0,0,,0.0,0.0,7.0,61.0,0.0,2015-04-03,1,0.0,0.0,7.61,66.3,0.0
2015,3,30,1,WN,803,N472WN,OAK,LAX,1745,1801.0,16.0,13.0,1814.0,75.0,79.0,62.0,337,1916.0,4.0,1900,1920.0,20.0,0,0,,20.0,0.0,0.0,0.0,0.0,2015-03-30,1,125.0,0.0,0.0,0.0,0.0
2015,4,16,4,DL,1898,N902DA,ATL,IND,2215,2235.0,20.0,21.0,2256.0,95.0,88.0,62.0,432,2358.0,5.0,2350,3.0,13.0,0,0,,0.0,0.0,0.0,0.0,0.0,2015-04-16,1,0.0,0.0,0.0,0.0,0.0
2015,4,13,1,MQ,2943,N647MQ,CVG,DFW,1042,1135.0,53.0,47.0,1222.0,157.0,204.0,149.0,812,1351.0,8.0,1219,1359.0,100.0,0,0,,48.0,0.0,0.0,52.0,0.0,2015-04-13,1,90.57,0.0,0.0,98.11,0.0
2015,4,12,7,WN,1110,N7739A,MDW,DCA,1025,1021.0,-4.0,5.0,1026.0,105.0,91.0,80.0,601,1246.0,6.0,1310,1252.0,-18.0,0,0,,0.0,0.0,0.0,0.0,0.0,2015-04-12,0,0.0,0.0,0.0,0.0,0.0
2015,4,18,6,WN,2,N8622A,FLL,BWI,1030,1028.0,-2.0,14.0,1042.0,160.0,150.0,131.0,925,1253.0,5.0,1310,1258.0,-12.0,0,0,,0.0,0.0,0.0,0.0,0.0,2015-04-18,0,0.0,0.0,0.0,0.0,0.0
2015,5,1,5,MQ,3168,N681MQ,DFW,CVG,1155,1155.0,0.0,20.0,1215.0,140.0,140.0,115.0,812,1510.0,5.0,1515,1515.0,0.0,0,0,,0.0,0.0,0.0,0.0,0.0,2015-05-01,0,0.0,0.0,0.0,0.0,0.0
2015,5,1,5,DL,1369,N891AT,MCI,DTW,1657,1650.0,-7.0,9.0,1659.0,113.0,102.0,83.0,629,1922.0,10.0,1950,1932.0,-18.0,0,0,,0.0,0.0,0.0,0.0,0.0,2015-05-01,0,0.0,0.0,0.0,0.0,0.0
2015,3,26,4,UA,240,N814UA,IAH,BOS,1257,1258.0,1.0,36.0,1334.0,223.0,228.0,188.0,1597,1742.0,4.0,1740,1746.0,6.0,0,0,,0.0,0.0,0.0,0.0,0.0,2015-03-26,0,0.0,0.0,0.0,0.0,0.0
2015,4,20,1,EV,5992,N24128,EWR,OMA,646,639.0,-7.0,14.0,653.0,199.0,171.0,153.0,1134,826.0,4.0,905,830.0,-35.0,0,0,,0.0,0.0,0.0,0.0,0.0,2015-04-20,0,0.0,0.0,0.0,0.0,0.0
2015,4,25,6,DL,928,N353NW,DEN,LGA,800,753.0,-7.0,11.0,804.0,217.0,196.0,180.0,1620,1304.0,5.0,1337,1309.0,-28.0,0,0,,0.0,0.0,0.0,0.0,0.0,2015-04-25,0,0.0,0.0,0.0,0.0,0.0
2015,4,3,5,AS,789,N508AS,MSY,SEA,1755,1742.0,-13.0,13.0,1755.0,315.0,324.0,307.0,2086,2102.0,4.0,2110,2106.0,-4.0,0,0,,0.0,0.0,0.0,0.0,0.0,2015-04-03,0,0.0,0.0,0.0,0.0,0.0
2015,4,19,7,UA,207,N807UA,SFO,SAN,1932,1922.0,-10.0,11.0,1933.0,96.0,84.0,70.0,447,2043.0,3.0,2108,2046.0,-22.0,0,0,,0.0,0.0,0.0,0.0,0.0,2015-04-19,0,0.0,0.0,0.0,0.0,0.0
2015,4,7,2,OO,4613,N613SK,PDX,SEA,600,557.0,-3.0,14.0,611.0,58.0,46.0,26.0,129,637.0,6.0,658,643.0,-15.0,0,0,,0.0,0.0,0.0,0.0,0.0,2015-04-07,0,0.0,0.0,0.0,0.0,0.0
2015,4,22,3,DL,1953,N986AT,ATL,DSM,2042,2047.0,5.0,20.0,2107.0,140.0,147.0,123.0,743,2210.0,4.0,2202,2214.0,12.0,0,0,,0.0,0.0,0.0,0.0,0.0,2015-04-22,0,0.0,0.0,0.0,0.0,0.0
2015,3,31,2,WN,3771,N226WN,BWI,JAX,1735,1819.0,44.0,20.0,1839.0,120.0,119.0,95.0,663,2014.0,4.0,1935,2018.0,43.0,0,0,,0.0,0.0,8.0,35.0,0.0,2015-03-31,1,0.0,0.0,18.18,79.55,0.0
2015,4,4,6,OO,5616,N917SW,HLN,DEN,710,704.0,-6.0,9.0,713.0,122.0,100.0,83.0,594,836.0,8.0,912,844.0,-28.0,0,0,,0.0,0.0,0.0,0.0,0.0,2015-04-04,0,0.0,0.0,0.0,0.0,0.0
2015,4,22,3,HA,391,N489HA,ITO,HNL,2021,2025.0,4.0,7.0,2032.0,49.0,48.0,35.0,216,2107.0,6.0,2110,2113.0,3.0,0,0,,0.0,0.0,0.0,0.0,0.0,2015-04-22,0,0.0,0.0,0.0,0.0,0.0
2015,3,27,5,EV,4356,N14203,IAH,MAF,1735,1748.0,13.0,33.0,1821.0,90.0,101.0,62.0,429,1923.0,6.0,1905,1929.0,24.0,0,0,,11.0,0.0,0.0,13.0,0.0,2015-03-27,0,84.62,0.0,0.0,100.0,0.0
2015,4,7,2,WN,2143,N8614M,MDW,ABQ,1945,1954.0,9.0,14.0,2008.0,185.0,182.0,164.0,1121,2152.0,4.0,2150,2156.0,6.0,0,0,,0.0,0.0,0.0,0.0,0.0,2015-04-07,0,0.0,0.0,0.0,0.0,0.0
2015,4,1,3,AA,130,N853AA,DFW,PHX,1045,1045.0,0.0,14.0,1059.0,167.0,149.0,129.0,868,1108.0,6.0,1132,1114.0,-18.0,0,0,,0.0,0.0,0.0,0.0,0.0,2015-04-01,0,0.0,0.0,0.0,0.0,0.0
2015,4,12,7,UA,755,N435UA,SAT,IAH,530,641.0,71.0,22.0,703.0,54.0,68.0,37.0,191,740.0,9.0,624,749.0,85.0,0,0,,14.0,0.0,71.0,0.0,0.0,2015-04-12,1,19.72,0.0,100.0,0.0,0.0
2015,4,30,4,OO,5618,N237SW,PSP,LAX,1700,1652.0,-8.0,24.0,1716.0,54.0,62.0,31.0,110,1747.0,7.0,1754,1754.0,0.0,0,0,,0.0,0.0,0.0,0.0,0.0,2015-04-30,0,0.0,0.0,0.0,0.0,0.0
2015,4,9,4,DL,1347,N933DL,ATL,CMH,1649,1647.0,-2.0,20.0,1707.0,96.0,88.0,62.0,447,1809.0,6.0,1825,1815.0,-10.0,0,0,,0.0,0.0,0.0,0.0,0.0,2015-04-09,0,0.0,0.0,0.0,0.0,0.0
2015,5,4,1,AS,876,N468AS,KOA,SEA,1250,1314.0,24.0,12.0,1326.0,349.0,341.0,319.0,2688,2145.0,10.0,2139,2155.0,16.0,0,0,,0.0,0.0,16.0,0.0,0.0,2015-05-04,1,0.0,0.0,66.67,0.0,0.0
2015,4,17,5,DL,2659,N357NW,ATL,LGA,1045,1044.0,-1.0,27.0,1111.0,130.0,132.0,99.0,762,1250.0,6.0,1255,1256.0,1.0,0,0,,0.0,0.0,0.0,0.0,0.0,2015-04-17,0,0.0,0.0,0.0,0.0,0.0
2015,4,29,3,EV,4860,N26141,DEN,LFT,955,950.0,-5.0,15.0,1005.0,166.0,156.0,137.0,978,1322.0,4.0,1341,1326.0,-15.0,0,0,,0.0,0.0,0.0,0.0,0.0,2015-04-29,0,0.0,0.0,0.0,0.0,0.0
2015,4,25,6,VX,923,N633VA,LAX,SFO,1635,1633.0,-2.0,8.0,1641.0,75.0,71.0,59.0,337,1740.0,4.0,1750,1744.0,-6.0,0,0,,0.0,0.0,0.0,0.0,0.0,2015-04-25,0,0.0,0.0,0.0,0.0,0.0
2015,4,23,4,WN,4827,N449WN,SMF,SNA,1335,1344.0,9.0,7.0,1351.0,80.0,79.0,67.0,404,1458.0,5.0,1455,1503.0,8.0,0,0,,0.0,0.0,0.0,0.0,0.0,2015-04-23,0,0.0,0.0,0.0,0.0,0.0
2015,4,12,7,US,1825,N958UW,RDU,PHL,1535,1532.0,-3.0,36.0,1608.0,101.0,105.0,63.0,337,1711.0,6.0,1716,1717.0,1.0,0,0,,0.0,0.0,0.0,0.0,0.0,2015-04-12,0,0.0,0.0,0.0,0.0,0.0
2015,3,27,5,AA,1570,N3LSAA,ORD,LAS,1555,1603.0,8.0,18.0,1621.0,237.0,222.0,198.0,1514,1739.0,6.0,1752,1745.0,-7.0,0,0,,0.0,0.0,0.0,0.0,0.0,2015-03-27,0,0.0,0.0,0.0,0.0,0.0
2015,4,18,6,WN,2540,N716SW,TUS,LAS,1010,1006.0,-4.0,10.0,1016.0,75.0,75.0,59.0,365,1115.0,6.0,1125,1121.0,-4.0,0,0,,0.0,0.0,0.0,0.0,0.0,2015-04-18,0,0.0,0.0,0.0,0.0,0.0
2015,4,27,1,US,1883,N128UW,PHL,TPA,1805,1817.0,12.0,26.0,1843.0,166.0,159.0,130.0,920,2053.0,3.0,2051,2056.0,5.0,0,0,,0.0,0.0,0.0,0.0,0.0,2015-04-27,0,0.0,0.0,0.0,0.0,0.0
2015,4,1,3,NK,906,N639NK,DEN,IAH,1509,1504.0,-5.0,8.0,1512.0,141.0,162.0,147.0,862,1839.0,7.0,1830,1846.0,16.0,0,0,,16.0,0.0,0.0,0.0,0.0,2015-04-01,0,-320.0,-0.0,-0.0,-0.0,-0.0
2015,4,5,7,MQ,2945,N932MQ,BMI,DFW,550,537.0,-13.0,9.0,546.0,134.0,136.0,124.0,690,750.0,3.0,804,753.0,-11.0,0,0,,0.0,0.0,0.0,0.0,0.0,2015-04-05,0,0.0,0.0,0.0,0.0,0.0
2015,4,8,3,UA,1683,N17730,SAN,DEN,1532,1623.0,51.0,14.0,1637.0,142.0,125.0,104.0,853,1921.0,7.0,1854,1928.0,34.0,0,0,,27.0,0.0,0.0,7.0,0.0,2015-04-08,1,52.94,0.0,0.0,13.73,0.0
2015,4,1,3,EV,6171,N14179,DEN,GUC,1109,1058.0,-11.0,16.0,1114.0,61.0,57.0,37.0,152,1151.0,4.0,1210,1155.0,-15.0,0,0,,0.0,0.0,0.0,0.0,0.0,2015-04-01,0,0.0,0.0,0.0,0.0,0.0
2015,4,29,3,B6,1445,N238JB,BOS,CLT,1500,1518.0,18.0,14.0,1532.0,143.0,123.0,105.0,728,1717.0,4.0,1723,1721.0,-2.0,0,0,,0.0,0.0,0.0,0.0,0.0,2015-04-29,1,0.0,0.0,0.0,0.0,0.0
2015,4,4,6,DL,1455,N137DL,ATL,LAX,953,958.0,5.0,22.0,1020.0,309.0,302.0,267.0,1947,1147.0,13.0,1202,1200.0,-2.0,0,0,,0.0,0.0,0.0,0.0,0.0,2015-04-04,0,0.0,0.0,0.0,0.0,0.0
2015,4,4,6,AS,861,N590AS,SEA,OGG,900,858.0,-2.0,12.0,910.0,384.0,364.0,347.0,2640,1157.0,5.0,1224,1202.0,-22.0,0,0,,0.0,0.0,0.0,0.0,0.0,2015-04-04,0,0.0,0.0,0.0,0.0,0.0
2015,4,17,5,AA,944,N489AA,DFW,TUS,1710,1708.0,-2.0,15.0,1723.0,151.0,151.0,131.0,813,1734.0,5.0,1741,1739.0,-2.0,0,0,,0.0,0.0,0.0,0.0,0.0,2015-04-17,0,0.0,0.0,0.0,0.0,0.0
2015,4,13,1,US,1861,N108UW,CLT,RDU,2020,2021.0,1.0,15.0,2036.0,53.0,47.0,30.0,130,2106.0,2.0,2113,2108.0,-5.0,0,0,,0.0,0.0,0.0,0.0,0.0,2015-04-13,0,0.0,0.0,0.0,0.0,0.0
2015,4,13,1,WN,2860,N364SW,BWI,JAX,1730,1736.0,6.0,11.0,1747.0,120.0,110.0,94.0,663,1921.0,5.0,1930,1926.0,-4.0,0,0,,0.0,0.0,0.0,0.0,0.0,2015-04-13,0,0.0,0.0,0.0,0.0,0.0
2015,4,11,6,US,622,N912UY,LAX,PHX,1246,1242.0,-4.0,16.0,1258.0,86.0,87.0,62.0,370,1400.0,9.0,1412,1409.0,-3.0,0,0,,0.0,0.0,0.0,0.0,0.0,2015-04-11,0,0.0,0.0,0.0,0.0,0.0
2015,4,30,4,WN,4017,N922WN,ISP,MCO,1815,1839.0,24.0,9.0,1848.0,165.0,160.0,145.0,971,2113.0,6.0,2100,2119.0,19.0,0,0,,0.0,0.0,6.0,13.0,0.0,2015-04-30,1,0.0,0.0,25.0,54.17,0.0
2015,4,13,1,WN,299,N226WN,HOU,LGA,830,1033.0,123.0,11.0,1044.0,210.0,195.0,178.0,1428,1442.0,6.0,1300,1448.0,108.0,0,0,,0.0,0.0,108.0,0.0,0.0,2015-04-13,1,0.0,0.0,87.8,0.0,0.0
2015,5,5,2,WN,735,N602SW,MHT,BWI,625,622.0,-3.0,8.0,630.0,100.0,80.0,68.0,377,738.0,4.0,805,742.0,-23.0,0,0,,0.0,0.0,0.0,0.0,0.0,2015-05-05,0,0.0,0.0,0.0,0.0,0.0
2015,4,16,4,EV,4572,N22971,GSP,EWR,1853,1852.0,-1.0,12.0,1904.0,123.0,109.0,88.0,594,2032.0,9.0,2056,2041.0,-15.0,0,0,,0.0,0.0,0.0,0.0,0.0,2015-04-16,0,0.0,0.0,0.0,0.0,0.0
2015,3,31,2,UA,1272,N12225,TPA,IAH,630,623.0,-7.0,13.0,636.0,144.0,138.0,120.0,787,736.0,5.0,754,741.0,-13.0,0,0,,0.0,0.0,0.0,0.0,0.0,2015-03-31,0,0.0,0.0,0.0,0.0,0.0
2015,4,2,4,EV,5334,N919EV,ATL,ABY,1050,1045.0,-5.0,15.0,1100.0,54.0,46.0,28.0,145,1128.0,3.0,1144,1131.0,-13.0,0,0,,0.0,0.0,0.0,0.0,0.0,2015-04-02,0,0.0,0.0,0.0,0.0,0.0
2015,5,2,6,WN,1571,N419WN,OAK,SNA,845,840.0,-5.0,8.0,848.0,85.0,81.0,67.0,371,955.0,6.0,1010,1001.0,-9.0,0,0,,0.0,0.0,0.0,0.0,0.0,2015-05-02,0,0.0,0.0,0.0,0.0,0.0
2015,4,16,4,WN,660,N390SW,BWI,FLL,1955,2024.0,29.0,7.0,2031.0,155.0,139.0,129.0,925,2240.0,3.0,2230,2243.0,13.0,0,0,,0.0,0.0,0.0,0.0,0.0,2015-04-16,1,0.0,0.0,0.0,0.0,0.0
2015,4,6,1,EV,4576,N18114,GRR,IAH,1757,1748.0,-9.0,13.0,1801.0,189.0,183.0,161.0,1042,1942.0,9.0,2006,1951.0,-15.0,0,0,,0.0,0.0,0.0,0.0,0.0,2015-04-06,0,0.0,0.0,0.0,0.0,0.0
2015,4,22,3,HA,314,N481HA,LIH,HNL,1925,1918.0,-7.0,6.0,1924.0,33.0,30.0,19.0,102,1943.0,5.0,1958,1948.0,-10.0,0,0,,0.0,0.0,0.0,0.0,0.0,2015-04-22,0,0.0,0.0,0.0,0.0,0.0
2015,4,18,6,OO,6411,N962SW,ORD,SBN,950,942.0,-8.0,17.0,959.0,44.0,44.0,23.0,84,1122.0,4.0,1134,1126.0,-8.0,0,0,,0.0,0.0,0.0,0.0,0.0,2015-04-18,0,0.0,0.0,0.0,0.0,0.0
2015,4,9,4,UA,1179,N33292,ORD,IAH,1730,2142.0,252.0,31.0,2213.0,176.0,186.0,147.0,925,40.0,8.0,2026,48.0,262.0,0,0,,10.0,0.0,0.0,204.0,48.0,2015-04-09,1,3.97,0.0,0.0,80.95,19.05
2015,4,4,6,AA,1406,N3KCAA,MIA,JFK,2105,2116.0,11.0,29.0,2145.0,182.0,238.0,200.0,1089,105.0,9.0,7,114.0,67.0,0,0,,67.0,0.0,0.0,0.0,0.0,2015-04-04,0,609.09,0.0,0.0,0.0,0.0
2015,4,4,6,US,1852,N767UW,CLT,BWI,800,758.0,-2.0,24.0,822.0,89.0,84.0,54.0,361,916.0,6.0,929,922.0,-7.0,0,0,,0.0,0.0,0.0,0.0,0.0,2015-04-04,0,0.0,0.0,0.0,0.0,0.0
2015,5,1,5,US,1791,N197UW,CLT,TPA,1625,1626.0,1.0,31.0,1657.0,100.0,111.0,76.0,507,1813.0,4.0,1805,1817.0,12.0,0,0,,0.0,0.0,0.0,0.0,0.0,2015-05-01,0,0.0,0.0,0.0,0.0,0.0
2015,4,17,5,US,2144,N950UW,DCA,LGA,700,659.0,-1.0,46.0,745.0,79.0,102.0,50.0,214,835.0,6.0,819,841.0,22.0,0,0,,22.0,0.0,0.0,0.0,0.0,2015-04-17,0,-2200.0,-0.0,-0.0,-0.0,-0.0
2015,4,3,5,DL,1757,N6706Q,SNA,ATL,1247,1249.0,2.0,16.0,1305.0,253.0,222.0,198.0,1919,1923.0,8.0,2000,1931.0,-29.0,0,0,,0.0,0.0,0.0,0.0,0.0,2015-04-03,0,0.0,0.0,0.0,0.0,0.0
2015,4,3,5,WN,205,N604SW,PIT,BWI,1350,1346.0,-4.0,9.0,1355.0,65.0,59.0,42.0,210,1437.0,8.0,1455,1445.0,-10.0,0,0,,0.0,0.0,0.0,0.0,0.0,2015-04-03,0,0.0,0.0,0.0,0.0,0.0
2015,4,7,2,WN,4570,N355SW,SAN,SFO,1940,1934.0,-6.0,14.0,1948.0,90.0,93.0,74.0,447,2102.0,5.0,2110,2107.0,-3.0,0,0,,0.0,0.0,0.0,0.0,0.0,2015-04-07,0,0.0,0.0,0.0,0.0,0.0
2015,4,12,7,NK,126,N605NK,FLL,MYR,2015,2010.0,-5.0,14.0,2024.0,103.0,102.0,80.0,529,2144.0,8.0,2158,2152.0,-6.0,0,0,,0.0,0.0,0.0,0.0,0.0,2015-04-12,0,0.0,0.0,0.0,0.0,0.0
2015,4,10,5,WN,1099,N366SW,LAS,SFO,1435,1442.0,7.0,13.0,1455.0,95.0,86.0,67.0,414,1602.0,6.0,1610,1608.0,-2.0,0,0,,0.0,0.0,0.0,0.0,0.0,2015-04-10,0,0.0,0.0,0.0,0.0,0.0
2015,4,7,2,EV,5153,N759EV,MDT,DTW,615,613.0,-2.0,10.0,623.0,93.0,90.0,74.0,371,737.0,6.0,748,743.0,-5.0,0,0,,0.0,0.0,0.0,0.0,0.0,2015-04-07,0,0.0,0.0,0.0,0.0,0.0
2015,5,4,1,HA,320,N487HA,HNL,OGG,851,845.0,-6.0,10.0,855.0,37.0,38.0,21.0,100,916.0,7.0,928,923.0,-5.0,0,0,,0.0,0.0,0.0,0.0,0.0,2015-05-04,0,0.0,0.0,0.0,0.0,0.0
2015,3,30,1,MQ,3206,N609MQ,ROW,DFW,1600,1550.0,-10.0,10.0,1600.0,91.0,92.0,66.0,435,1806.0,16.0,1831,1822.0,-9.0,0,0,,0.0,0.0,0.0,0.0,0.0,2015-03-30,0,0.0,0.0,0.0,0.0,0.0
2015,4,3,5,EV,5046,N878AS,CSG,ATL,605,609.0,4.0,10.0,619.0,45.0,39.0,23.0,83,642.0,6.0,650,648.0,-2.0,0,0,,0.0,0.0,0.0,0.0,0.0,2015-04-03,0,0.0,0.0,0.0,0.0,0.0
2015,4,27,1,MQ,3117,N621MQ,ORD,FAR,2010,2007.0,-3.0,17.0,2024.0,122.0,101.0,80.0,557,2144.0,4.0,2212,2148.0,-24.0,0,0,,0.0,0.0,0.0,0.0,0.0,2015-04-27,0,0.0,0.0,0.0,0.0,0.0
2015,4,1,3,DL,1350,N971DL,LGA,RSW,1859,1850.0,-9.0,32.0,1922.0,204.0,181.0,144.0,1080,2146.0,5.0,2223,2151.0,-32.0,0,0,,0.0,0.0,0.0,0.0,0.0,2015-04-01,0,0.0,0.0,0.0,0.0,0.0
2015,4,15,3,MQ,2921,N679MQ,ORD,CID,745,740.0,-5.0,15.0,755.0,69.0,53.0,35.0,196,830.0,3.0,854,833.0,-21.0,0,0,,0.0,0.0,0.0,0.0,0.0,2015-04-15,0,0.0,0.0,0.0,0.0,0.0
2015,5,3,7,OO,5177,N790SK,ELP,IAH,620,618.0,-2.0,16.0,634.0,115.0,116.0,97.0,667,911.0,3.0,915,914.0,-1.0,0,0,,0.0,0.0,0.0,0.0,0.0,2015-05-03,0,0.0,0.0,0.0,0.0,0.0
2015,5,4,1,WN,616,N564WN,STL,TUL,1015,1011.0,-4.0,8.0,1019.0,75.0,66.0,54.0,351,1113.0,4.0,1130,1117.0,-13.0,0,0,,0.0,0.0,0.0,0.0,0.0,2015-05-04,0,0.0,0.0,0.0,0.0,0.0
2015,4,19,7,NK,943,N534NK,ORD,ACY,650,713.0,23.0,13.0,726.0,114.0,112.0,97.0,720,1003.0,2.0,944,1005.0,21.0,0,0,,0.0,0.0,21.0,0.0,0.0,2015-04-19,1,0.0,0.0,91.3,0.0,0.0
2015,4,27,1,DL,1424,N968AT,LFT,ATL,600,557.0,-3.0,17.0,614.0,97.0,95.0,70.0,503,824.0,8.0,837,832.0,-5.0,0,0,,0.0,0.0,0.0,0.0,0.0,2015-04-27,0,0.0,0.0,0.0,0.0,0.0
2015,4,19,7,WN,455,N373SW,SFO,LAX,2200,2156.0,-4.0,10.0,2206.0,80.0,74.0,57.0,337,2303.0,7.0,2320,2310.0,-10.0,0,0,,0.0,0.0,0.0,0.0,0.0,2015-04-19,0,0.0,0.0,0.0,0.0,0.0
2015,4,21,2,OO,2749,N896SK,PHX,SBA,2003,1958.0,-5.0,15.0,2013.0,93.0,86.0,65.0,455,2118.0,6.0,2136,2124.0,-12.0,0,0,,0.0,0.0,0.0,0.0,0.0,2015-04-21,0,0.0,0.0,0.0,0.0,0.0
2015,4,13,1,UA,698,N473UA,SFO,EWR,1610,1607.0,-3.0,16.0,1623.0,345.0,309.0,288.0,2565,11.0,5.0,55,16.0,-39.0,0,0,,0.0,0.0,0.0,0.0,0.0,2015-04-13,0,0.0,0.0,0.0,0.0,0.0
2015,5,4,1,AA,2408,N477AA,AUS,ORD,1811,1808.0,-3.0,14.0,1822.0,164.0,159.0,135.0,978,2037.0,10.0,2055,2047.0,-8.0,0,0,,0.0,0.0,0.0,0.0,0.0,2015-05-04,0,0.0,0.0,0.0,0.0,0.0
2015,4,29,3,DL,2185,N977DL,FLL,JFK,807,804.0,-3.0,14.0,818.0,173.0,162.0,138.0,1069,1036.0,10.0,1100,1046.0,-14.0,0,0,,0.0,0.0,0.0,0.0,0.0,2015-04-29,0,0.0,0.0,0.0,0.0,0.0
2015,4,14,2,DL,1748,N368NB,SLC,RNO,1515,2006.0,291.0,32.0,2038.0,85.0,98.0,64.0,422,2042.0,2.0,1540,2044.0,304.0,0,0,,13.0,0.0,1.0,290.0,0.0,2015-04-14,1,4.47,0.0,0.34,99.66,0.0
2015,4,30,4,DL,1577,N398DA,LAX,MSY,930,928.0,-2.0,26.0,954.0,224.0,234.0,204.0,1670,1518.0,4.0,1514,1522.0,8.0,0,0,,0.0,0.0,0.0,0.0,0.0,2015-04-30,0,0.0,0.0,0.0,0.0,0.0
2015,4,24,5,B6,616,N944JB,SFO,JFK,1149,1208.0,19.0,30.0,1238.0,346.0,324.0,289.0,2586,2027.0,5.0,2035,2032.0,-3.0,0,0,,0.0,0.0,0.0,0.0,0.0,2015-04-24,1,0.0,0.0,0.0,0.0,0.0
2015,4,6,1,DL,1570,N950DN,ATL,STL,1000,957.0,-3.0,15.0,1012.0,106.0,99.0,82.0,484,1034.0,2.0,1046,1036.0,-10.0,0,0,,0.0,0.0,0.0,0.0,0.0,2015-04-06,0,0.0,0.0,0.0,0.0,0.0
2015,4,15,3,OO,2774,N506CA,PHX,BFL,1015,1008.0,-7.0,17.0,1025.0,95.0,100.0,77.0,425,1142.0,6.0,1150,1148.0,-2.0,0,0,,0.0,0.0,0.0,0.0,0.0,2015-04-15,0,0.0,0.0,0.0,0.0,0.0
2015,4,19,7,WN,583,N746SW,DEN,IAD,1805,1811.0,6.0,13.0,1824.0,200.0,194.0,174.0,1452,2318.0,7.0,2325,2325.0,0.0,0,0,,0.0,0.0,0.0,0.0,0.0,2015-04-19,0,0.0,0.0,0.0,0.0,0.0
2015,5,4,1,EV,2555,N904EV,JAN,DFW,1612,1750.0,98.0,10.0,1800.0,94.0,90.0,65.0,408,1905.0,15.0,1746,1920.0,94.0,0,0,,0.0,0.0,0.0,94.0,0.0,2015-05-04,1,0.0,0.0,0.0,95.92,0.0
2015,3,30,1,OO,2877,N417SW,SMF,LAX,1838,1947.0,69.0,17.0,2004.0,92.0,103.0,71.0,373,2115.0,15.0,2010,2130.0,80.0,0,0,,67.0,0.0,0.0,13.0,0.0,2015-03-30,1,97.1,0.0,0.0,18.84,0.0
2015,4,20,1,WN,3224,N267WN,SMF,ONT,2225,2231.0,6.0,10.0,2241.0,75.0,76.0,61.0,390,2342.0,5.0,2340,2347.0,7.0,0,0,,0.0,0.0,0.0,0.0,0.0,2015-04-20,0,0.0,0.0,0.0,0.0,0.0
2015,4,6,1,WN,799,N7714B,LAX,MDW,915,923.0,8.0,13.0,936.0,235.0,213.0,197.0,1750,1453.0,3.0,1510,1456.0,-14.0,0,0,,0.0,0.0,0.0,0.0,0.0,2015-04-06,0,0.0,0.0,0.0,0.0,0.0
2015,4,21,2,VX,710,N842VA,SFO,DAL,720,718.0,-2.0,8.0,726.0,195.0,204.0,183.0,1476,1229.0,13.0,1235,1242.0,7.0,0,0,,0.0,0.0,0.0,0.0,0.0,2015-04-21,0,0.0,0.0,0.0,0.0,0.0
2015,5,1,5,DL,1413,N894AT,ATL,LIT,1904,1902.0,-2.0,19.0,1921.0,97.0,87.0,65.0,453,1926.0,3.0,1941,1929.0,-12.0,0,0,,0.0,0.0,0.0,0.0,0.0,2015-05-01,0,0.0,0.0,0.0,0.0,0.0
2015,4,19,7,OO,5577,N770SK,IAH,MSY,1120,1129.0,9.0,15.0,1144.0,70.0,74.0,53.0,305,1237.0,6.0,1230,1243.0,13.0,0,0,,0.0,0.0,0.0,0.0,0.0,2015-04-19,0,0.0,0.0,0.0,0.0,0.0
2015,4,30,4,UA,255,N820UA,CLE,EWR,1739,1753.0,14.0,13.0,1806.0,101.0,89.0,67.0,404,1913.0,9.0,1920,1922.0,2.0,0,0,,0.0,0.0,0.0,0.0,0.0,2015-04-30,0,0.0,0.0,0.0,0.0,0.0
2015,4,18,6,OO,4971,N738SK,AUS,IAH,1310,1300.0,-10.0,17.0,1317.0,58.0,59.0,34.0,140,1351.0,8.0,1408,1359.0,-9.0,0,0,,0.0,0.0,0.0,0.0,0.0,2015-04-18,0,0.0,0.0,0.0,0.0,0.0
2015,5,2,6,WN,2783,N7737E,IAD,LAS,1750,1748.0,-2.0,10.0,1758.0,315.0,305.0,277.0,2065,1935.0,18.0,2005,1953.0,-12.0,0,0,,0.0,0.0,0.0,0.0,0.0,2015-05-02,0,0.0,0.0,0.0,0.0,0.0
2015,4,20,1,UA,712,N672UA,EWR,IAH,1625,1742.0,77.0,31.0,1813.0,229.0,247.0,206.0,1400,2039.0,10.0,1914,2049.0,95.0,0,0,,18.0,0.0,77.0,0.0,0.0,2015-04-20,1,23.38,0.0,100.0,0.0,0.0
2015,4,29,3,WN,613,N733SA,MDW,MEM,915,942.0,27.0,8.0,950.0,100.0,92.0,78.0,480,1108.0,6.0,1055,1114.0,19.0,0,0,,0.0,0.0,19.0,0.0,0.0,2015-04-29,1,0.0,0.0,70.37,0.0,0.0
2015,4,11,6,DL,1112,N914DE,DAB,ATL,600,554.0,-6.0,19.0,613.0,79.0,78.0,56.0,366,709.0,3.0,719,712.0,-7.0,0,0,,0.0,0.0,0.0,0.0,0.0,2015-04-11,0,0.0,0.0,0.0,0.0,0.0
2015,4,7,2,OO,4811,N429SW,BNA,MSP,1130,1122.0,-8.0,11.0,1133.0,133.0,144.0,124.0,695,1337.0,9.0,1343,1346.0,3.0,0,0,,0.0,0.0,0.0,0.0,0.0,2015-04-07,0,0.0,0.0,0.0,0.0,0.0
2015,4,20,1,AS,863,N581AS,PDX,OGG,1735,1717.0,-18.0,17.0,1734.0,364.0,357.0,335.0,2562,2009.0,5.0,2039,2014.0,-25.0,0,0,,0.0,0.0,0.0,0.0,0.0,2015-04-20,0,0.0,0.0,0.0,0.0,0.0
2015,4,9,4,DL,2580,N956DN,MSP,DTW,1419,1744.0,205.0,149.0,2013.0,96.0,243.0,84.0,528,2237.0,10.0,1655,2247.0,352.0,0,0,,147.0,0.0,205.0,0.0,0.0,2015-04-09,1,71.71,0.0,100.0,0.0,0.0
2015,4,8,3,B6,418,N571JB,JFK,BOS,2055,2158.0,63.0,29.0,2227.0,82.0,68.0,34.0,187,2301.0,5.0,2217,2306.0,49.0,0,0,,0.0,0.0,13.0,36.0,0.0,2015-04-08,1,0.0,0.0,20.63,57.14,0.0
2015,3,30,1,WN,2944,N7716A,BWI,SDF,1255,1253.0,-2.0,10.0,1303.0,105.0,98.0,83.0,495,1426.0,5.0,1440,1431.0,-9.0,0,0,,0.0,0.0,0.0,0.0,0.0,2015-03-30,0,0.0,0.0,0.0,0.0,0.0
2015,4,28,2,DL,1081,N913DN,ATL,PBI,2049,2046.0,-3.0,17.0,2103.0,108.0,103.0,81.0,545,2224.0,5.0,2237,2229.0,-8.0,0,0,,0.0,0.0,0.0,0.0,0.0,2015-04-28,0,0.0,0.0,0.0,0.0,0.0
2015,5,2,6,AA,1109,N4YCAA,JAX,DFW,1600,1655.0,55.0,11.0,1706.0,169.0,169.0,130.0,918,1816.0,28.0,1749,1844.0,55.0,0,0,,0.0,0.0,52.0,3.0,0.0,2015-05-02,1,0.0,0.0,94.55,5.45,0.0
2015,4,23,4,AA,1559,N598AA,DFW,ATL,715,710.0,-5.0,20.0,730.0,135.0,118.0,93.0,731,1003.0,5.0,1030,1008.0,-22.0,0,0,,0.0,0.0,0.0,0.0,0.0,2015-04-23,0,0.0,0.0,0.0,0.0,0.0
2015,4,14,2,WN,1803,N7737E,SMF,LAS,2225,2220.0,-5.0,5.0,2225.0,80.0,76.0,64.0,397,2329.0,7.0,2345,2336.0,-9.0,0,0,,0.0,0.0,0.0,0.0,0.0,2015-04-14,0,0.0,0.0,0.0,0.0,0.0
2015,5,3,7,UA,1762,N26226,EWR,PHX,805,802.0,-3.0,12.0,814.0,338.0,301.0,282.0,2133,956.0,7.0,1043,1003.0,-40.0,0,0,,0.0,0.0,0.0,0.0,0.0,2015-05-03,0,0.0,0.0,0.0,0.0,0.0
2015,4,4,6,EV,5911,N14905,GRB,ORD,1037,1032.0,-5.0,8.0,1040.0,63.0,53.0,36.0,173,1116.0,9.0,1140,1125.0,-15.0,0,0,,0.0,0.0,0.0,0.0,0.0,2015-04-04,0,0.0,0.0,0.0,0.0,0.0
2015,4,8,3,OO,4525,N821SK,DFW,SLC,1915,1949.0,34.0,15.0,2004.0,170.0,157.0,138.0,989,2122.0,4.0,2105,2126.0,21.0,0,0,,0.0,0.0,0.0,21.0,0.0,2015-04-08,1,0.0,0.0,0.0,61.76,0.0
2015,4,15,3,OO,7392,N935SW,SGU,SLC,637,655.0,18.0,4.0,659.0,68.0,74.0,50.0,272,749.0,20.0,745,809.0,24.0,0,0,,6.0,0.0,18.0,0.0,0.0,2015-04-15,1,33.33,0.0,100.0,0.0,0.0
2015,4,15,3,DL,1799,N950DN,ATL,PHL,2035,2030.0,-5.0,14.0,2044.0,125.0,111.0,94.0,666,2218.0,3.0,2240,2221.0,-19.0,0,0,,0.0,0.0,0.0,0.0,0.0,2015-04-15,0,0.0,0.0,0.0,0.0,0.0
2015,4,15,3,DL,2643,N3766,LAX,LAS,1915,1928.0,13.0,10.0,1938.0,73.0,61.0,41.0,236,2019.0,10.0,2028,2029.0,1.0,0,0,,0.0,0.0,0.0,0.0,0.0,2015-04-15,0,0.0,0.0,0.0,0.0,0.0
2015,4,29,3,DL,2469,N990AT,ATL,MDW,1625,1625.0,0.0,13.0,1638.0,116.0,105.0,88.0,591,1706.0,4.0,1721,1710.0,-11.0,0,0,,0.0,0.0,0.0,0.0,0.0,2015-04-29,0,0.0,0.0,0.0,0.0,0.0
2015,4,6,1,UA,778,N825UA,ORD,MSP,1730,1841.0,71.0,15.0,1856.0,94.0,84.0,65.0,334,2001.0,4.0,1904,2005.0,61.0,0,0,,0.0,0.0,1.0,60.0,0.0,2015-04-06,1,0.0,0.0,1.41,84.51,0.0
2015,4,10,5,OO,6453,N795SK,LAX,PHX,2225,2221.0,-4.0,14.0,2235.0,82.0,72.0,56.0,370,2331.0,2.0,2347,2333.0,-14.0,0,0,,0.0,0.0,0.0,0.0,0.0,2015-04-10,0,0.0,0.0,0.0,0.0,0.0
2015,4,24,5,UA,1270,N17126,EWR,MCO,1459,1459.0,0.0,28.0,1527.0,164.0,172.0,131.0,937,1738.0,13.0,1743,1751.0,8.0,0,0,,0.0,0.0,0.0,0.0,0.0,2015-04-24,0,0.0,0.0,0.0,0.0,0.0
2015,3,30,1,WN,145,N8605E,MCO,FNT,1155,1149.0,-6.0,10.0,1159.0,165.0,154.0,140.0,1011,1419.0,4.0,1440,1423.0,-17.0,0,0,,0.0,0.0,0.0,0.0,0.0,2015-03-30,0,0.0,0.0,0.0,0.0,0.0
2015,3,27,5,WN,505,N457WN,SLC,OAK,1440,1450.0,10.0,10.0,1500.0,110.0,96.0,82.0,588,1522.0,4.0,1530,1526.0,-4.0,0,0,,0.0,0.0,0.0,0.0,0.0,2015-03-27,0,0.0,0.0,0.0,0.0,0.0
2015,4,24,5,WN,8,N945WN,ONT,MDW,1335,1431.0,56.0,6.0,1437.0,230.0,203.0,193.0,1706,1950.0,4.0,1925,1954.0,29.0,0,0,,0.0,0.0,1.0,28.0,0.0,2015-04-24,1,0.0,0.0,1.79,50.0,0.0
2015,4,11,6,DL,1975,N947DN,ATL,MSP,1654,1703.0,9.0,12.0,1715.0,162.0,146.0,130.0,907,1825.0,4.0,1836,1829.0,-7.0,0,0,,0.0,0.0,0.0,0.0,0.0,2015-04-11,0,0.0,0.0,0.0,0.0,0.0
2015,4,2,4,DL,2403,N374DA,PHX,CVG,2345,2356.0,11.0,18.0,14.0,205.0,192.0,163.0,1569,557.0,11.0,610,608.0,-2.0,0,0,,0.0,0.0,0.0,0.0,0.0,2015-04-02,0,0.0,0.0,0.0,0.0,0.0
2015,3,27,5,US,1984,N624AW,CLT,EWR,744,739.0,-5.0,31.0,810.0,105.0,101.0,65.0,529,915.0,5.0,929,920.0,-9.0,0,0,,0.0,0.0,0.0,0.0,0.0,2015-03-27,0,0.0,0.0,0.0,0.0,0.0
2015,4,16,4,WN,546,N940WN,LAS,LAX,2225,2222.0,-3.0,15.0,2237.0,65.0,66.0,36.0,236,2313.0,15.0,2330,2328.0,-2.0,0,0,,0.0,0.0,0.0,0.0,0.0,2015-04-16,0,0.0,0.0,0.0,0.0,0.0
2015,4,26,7,DL,1078,N551NW,PNS,ATL,715,713.0,-2.0,11.0,724.0,74.0,64.0,44.0,271,908.0,9.0,929,917.0,-12.0,0,0,,0.0,0.0,0.0,0.0,0.0,2015-04-26,0,0.0,0.0,0.0,0.0,0.0
2015,4,3,5,DL,2519,N988DL,VPS,ATL,730,749.0,19.0,9.0,758.0,75.0,60.0,42.0,250,940.0,9.0,945,949.0,4.0,0,0,,0.0,0.0,0.0,0.0,0.0,2015-04-03,1,0.0,0.0,0.0,0.0,0.0
2015,4,19,7,MQ,3683,N851MQ,AZO,ORD,1125,1115.0,-10.0,12.0,1127.0,59.0,58.0,31.0,122,1058.0,15.0,1124,1113.0,-11.0,0,0,,0.0,0.0,0.0,0.0,0.0,2015-04-19,0,0.0,0.0,0.0,0.0,0.0
2015,4,27,1,WN,4472,N419WN,PIT,MDW,1140,1136.0,-4.0,6.0,1142.0,85.0,79.0,69.0,402,1151.0,4.0,1205,1155.0,-10.0,0,0,,0.0,0.0,0.0,0.0,0.0,2015-04-27,0,0.0,0.0,0.0,0.0,0.0
2015,4,14,2,EV,4891,N614QX,ATL,EYW,812,808.0,-4.0,13.0,821.0,107.0,103.0,88.0,646,949.0,2.0,959,951.0,-8.0,0,0,,0.0,0.0,0.0,0.0,0.0,2015-04-14,0,0.0,0.0,0.0,0.0,0.0
2015,4,20,1,DL,1202,N911DL,ATL,GSO,1954,2042.0,48.0,14.0,2056.0,77.0,68.0,49.0,306,2145.0,5.0,2111,2150.0,39.0,0,0,,0.0,0.0,5.0,34.0,0.0,2015-04-20,1,0.0,0.0,10.42,70.83,0.0
2015,3,28,6,DL,1130,N933AT,ATL,MEM,1450,1455.0,5.0,33.0,1528.0,86.0,97.0,62.0,332,1530.0,2.0,1516,1532.0,16.0,0,0,,16.0,0.0,0.0,0.0,0.0,2015-03-28,0,320.0,0.0,0.0,0.0,0.0
2015,5,1,5,US,753,N179UW,CLT,PHX,2209,2208.0,-1.0,26.0,2234.0,262.0,263.0,231.0,1773,2325.0,6.0,2331,2331.0,0.0,0,0,,0.0,0.0,0.0,0.0,0.0,2015-05-01,0,0.0,0.0,0.0,0.0,0.0
2015,4,12,7,EV,4756,N14920,GRB,ORD,1411,1402.0,-9.0,5.0,1407.0,59.0,51.0,36.0,173,1443.0,10.0,1510,1453.0,-17.0,0,0,,0.0,0.0,0.0,0.0,0.0,2015-04-12,0,0.0,0.0,0.0,0.0,0.0
2015,4,22,3,OO,3479,N215AG,SAN,SLC,840,829.0,-11.0,13.0,842.0,114.0,111.0,88.0,626,1110.0,10.0,1134,1120.0,-14.0,0,0,,0.0,0.0,0.0,0.0,0.0,2015-04-22,0,0.0,0.0,0.0,0.0,0.0
2015,4,13,1,US,1878,N710UW,DCA,MCO,1935,1938.0,3.0,14.0,1952.0,138.0,133.0,105.0,759,2137.0,14.0,2153,2151.0,-2.0,0,0,,0.0,0.0,0.0,0.0,0.0,2015-04-13,0,0.0,0.0,0.0,0.0,0.0
2015,4,8,3,US,814,N945UW,MSP,PHL,1350,1413.0,23.0,44.0,1457.0,158.0,181.0,130.0,980,1807.0,7.0,1728,1814.0,46.0,0,0,,46.0,0.0,0.0,0.0,0.0,2015-04-08,1,200.0,0.0,0.0,0.0,0.0
2015,4,5,7,UA,810,N528UA,LAS,ORD,1842,1851.0,9.0,14.0,1905.0,214.0,188.0,165.0,1514,2350.0,9.0,16,2359.0,-17.0,0,0,,0.0,0.0,0.0,0.0,0.0,2015-04-05,0,0.0,0.0,0.0,0.0,0.0
2015,4,23,4,NK,547,N621NK,BWI,MYR,1026,1024.0,-2.0,11.0,1035.0,80.0,87.0,69.0,399,1144.0,7.0,1146,1151.0,5.0,0,0,,0.0,0.0,0.0,0.0,0.0,2015-04-23,0,0.0,0.0,0.0,0.0,0.0
2015,4,3,5,MQ,3084,N662MQ,SJT,DFW,1040,1057.0,17.0,17.0,1114.0,62.0,61.0,39.0,229,1153.0,5.0,1142,1158.0,16.0,0,0,,0.0,0.0,0.0,16.0,0.0,2015-04-03,1,0.0,0.0,0.0,94.12,0.0
2015,4,3,5,UA,596,N410UA,SEA,IAH,1358,1405.0,7.0,19.0,1424.0,244.0,246.0,218.0,1874,2002.0,9.0,2002,2011.0,9.0,0,0,,0.0,0.0,0.0,0.0,0.0,2015-04-03,0,0.0,0.0,0.0,0.0,0.0
2015,3,26,4,UA,250,N426UA,PDX,IAH,2359,2356.0,-3.0,9.0,5.0,241.0,224.0,211.0,1825,536.0,4.0,600,540.0,-20.0,0,0,,0.0,0.0,0.0,0.0,0.0,2015-03-26,0,0.0,0.0,0.0,0.0,0.0
2015,4,4,6,UA,297,N548UA,LAX,LIH,855,848.0,-7.0,22.0,910.0,368.0,352.0,326.0,2615,1136.0,4.0,1203,1140.0,-23.0,0,0,,0.0,0.0,0.0,0.0,0.0,2015-04-04,0,0.0,0.0,0.0,0.0,0.0
2015,4,21,2,AA,2330,N598AA,COS,DFW,1120,1118.0,-2.0,12.0,1130.0,111.0,99.0,77.0,592,1347.0,10.0,1411,1357.0,-14.0,0,0,,0.0,0.0,0.0,0.0,0.0,2015-04-21,0,0.0,0.0,0.0,0.0,0.0
2015,4,23,4,AA,1002,N5BYAA,MIA,DFW,2000,2012.0,12.0,15.0,2027.0,201.0,196.0,174.0,1121,2221.0,7.0,2221,2228.0,7.0,0,0,,0.0,0.0,0.0,0.0,0.0,2015-04-23,0,0.0,0.0,0.0,0.0,0.0
2015,4,18,6,MQ,3174,N502MQ,LGA,RDU,915,909.0,-6.0,10.0,919.0,108.0,90.0,72.0,431,1031.0,8.0,1103,1039.0,-24.0,0,0,,0.0,0.0,0.0,0.0,0.0,2015-04-18,0,0.0,0.0,0.0,0.0,0.0
2015,4,24,5,OO,4988,N983CA,ELP,DEN,1240,1230.0,-10.0,13.0,1243.0,113.0,103.0,85.0,563,1408.0,5.0,1433,1413.0,-20.0,0,0,,0.0,0.0,0.0,0.0,0.0,2015-04-24,0,0.0,0.0,0.0,0.0,0.0
2015,3,30,1,AS,500,N548AS,SEA,SNA,1230,1222.0,-8.0,16.0,1238.0,155.0,157.0,136.0,978,1454.0,5.0,1505,1459.0,-6.0,0,0,,0.0,0.0,0.0,0.0,0.0,2015-03-30,0,0.0,0.0,0.0,0.0,0.0
2015,4,13,1,OO,4994,N930SW,AMA,DEN,650,643.0,-7.0,11.0,654.0,78.0,74.0,57.0,359,651.0,6.0,708,657.0,-11.0,0,0,,0.0,0.0,0.0,0.0,0.0,2015-04-13,0,0.0,0.0,0.0,0.0,0.0
2015,4,20,1,AA,1103,N3DCAA,LGA,DFW,545,539.0,-6.0,13.0,552.0,248.0,214.0,196.0,1389,808.0,5.0,853,813.0,-40.0,0,0,,0.0,0.0,0.0,0.0,0.0,2015-04-20,0,0.0,0.0,0.0,0.0,0.0
2015,4,8,3,DL,2058,N522US,MCO,JFK,700,656.0,-4.0,15.0,711.0,154.0,143.0,119.0,944,910.0,9.0,934,919.0,-15.0,0,0,,0.0,0.0,0.0,0.0,0.0,2015-04-08,0,0.0,0.0,0.0,0.0,0.0
2015,4,28,2,MQ,3286,N621MQ,GRB,ORD,1336,1328.0,-8.0,7.0,1335.0,63.0,53.0,35.0,173,1410.0,11.0,1439,1421.0,-18.0,0,0,,0.0,0.0,0.0,0.0,0.0,2015-04-28,0,0.0,0.0,0.0,0.0,0.0
2015,3,30,1,MQ,3176,N909MQ,DFW,PIA,1259,1255.0,-4.0,16.0,1311.0,116.0,114.0,95.0,672,1446.0,3.0,1455,1449.0,-6.0,0,0,,0.0,0.0,0.0,0.0,0.0,2015-03-30,0,0.0,0.0,0.0,0.0,0.0
2015,5,4,1,MQ,3220,N638MQ,BRO,DFW,1740,1736.0,-4.0,7.0,1743.0,103.0,100.0,85.0,482,1908.0,8.0,1923,1916.0,-7.0,0,0,,0.0,0.0,0.0,0.0,0.0,2015-05-04,0,0.0,0.0,0.0,0.0,0.0
2015,4,9,4,OO,4792,N813SK,PDX,SEA,1958,1953.0,-5.0,11.0,2004.0,57.0,45.0,29.0,129,2033.0,5.0,2055,2038.0,-17.0,0,0,,0.0,0.0,0.0,0.0,0.0,2015-04-09,0,0.0,0.0,0.0,0.0,0.0
2015,4,6,1,F9,283,N943FR,STL,DEN,1740,1731.0,-9.0,13.0,1744.0,141.0,132.0,113.0,770,1837.0,6.0,1901,1843.0,-18.0,0,0,,0.0,0.0,0.0,0.0,0.0,2015-04-06,0,0.0,0.0,0.0,0.0,0.0
2015,4,26,7,EV,4737,N24103,GRB,ORD,1745,1901.0,76.0,7.0,1908.0,59.0,56.0,36.0,173,1944.0,13.0,1844,1957.0,73.0,0,0,,0.0,0.0,0.0,73.0,0.0,2015-04-26,1,0.0,0.0,0.0,96.05,0.0
2015,4,9,4,WN,4985,N718SW,OAK,LAX,1145,1324.0,99.0,17.0,1341.0,75.0,82.0,58.0,337,1439.0,7.0,1300,1446.0,106.0,0,0,,7.0,0.0,0.0,99.0,0.0,2015-04-09,1,7.07,0.0,0.0,100.0,0.0
2015,4,5,7,MQ,3192,N820MQ,ORD,CMH,2000,1955.0,-5.0,9.0,2004.0,80.0,61.0,47.0,296,2151.0,5.0,2220,2156.0,-24.0,0,0,,0.0,0.0,0.0,0.0,0.0,2015-04-05,0,0.0,0.0,0.0,0.0,0.0
2015,4,1,3,AS,800,N532AS,OGG,SMF,1100,1103.0,3.0,11.0,1114.0,298.0,283.0,267.0,2404,1841.0,5.0,1858,1846.0,-12.0,0,0,,0.0,0.0,0.0,0.0,0.0,2015-04-01,0,0.0,0.0,0.0,0.0,0.0
2015,3,27,5,EV,5614,N741EV,BOS,RIC,900,858.0,-2.0,21.0,919.0,111.0,123.0,97.0,474,1056.0,5.0,1051,1101.0,10.0,0,0,,0.0,0.0,0.0,0.0,0.0,2015-03-27,0,0.0,0.0,0.0,0.0,0.0
2015,4,16,4,EV,5114,N857AS,GSP,DTW,1732,1725.0,-7.0,12.0,1737.0,110.0,98.0,83.0,508,1900.0,3.0,1922,1903.0,-19.0,0,0,,0.0,0.0,0.0,0.0,0.0,2015-04-16,0,0.0,0.0,0.0,0.0,0.0
2015,4,22,3,US,553,N651AW,PHX,FLL,1620,1710.0,50.0,14.0,1724.0,253.0,228.0,211.0,1972,2355.0,3.0,2333,2358.0,25.0,0,0,,0.0,0.0,25.0,0.0,0.0,2015-04-22,1,0.0,0.0,50.0,0.0,0.0
2015,3,26,4,OO,6431,N796SK,LAX,SAT,823,820.0,-3.0,29.0,849.0,174.0,192.0,157.0,1211,1326.0,6.0,1317,1332.0,15.0,0,0,,15.0,0.0,0.0,0.0,0.0,2015-03-26,0,-500.0,-0.0,-0.0,-0.0,-0.0
2015,4,5,7,OO,4451,N608SK,OAK,LAX,1135,1125.0,-10.0,12.0,1137.0,85.0,84.0,61.0,337,1238.0,11.0,1300,1249.0,-11.0,0,0,,0.0,0.0,0.0,0.0,0.0,2015-04-05,0,0.0,0.0,0.0,0.0,0.0
2015,4,30,4,WN,4575,N222WN,ISP,MCO,1610,1604.0,-6.0,8.0,1612.0,165.0,157.0,143.0,971,1835.0,6.0,1855,1841.0,-14.0,0,0,,0.0,0.0,0.0,0.0,0.0,2015-04-30,0,0.0,0.0,0.0,0.0,0.0
2015,4,27,1,MQ,3088,N527MQ,XNA,ORD,610,643.0,33.0,24.0,707.0,105.0,111.0,75.0,522,822.0,12.0,755,834.0,39.0,0,0,,6.0,0.0,0.0,0.0,33.0,2015-04-27,1,18.18,0.0,0.0,0.0,100.0
2015,4,16,4,EV,4339,N16147,IAH,HOB,1030,1023.0,-7.0,20.0,1043.0,99.0,107.0,79.0,501,1102.0,8.0,1109,1110.0,1.0,0,0,,0.0,0.0,0.0,0.0,0.0,2015-04-16,0,0.0,0.0,0.0,0.0,0.0
2015,4,17,5,EV,6143,N14916,ORD,GRB,930,923.0,-7.0,8.0,931.0,56.0,43.0,32.0,173,1003.0,3.0,1026,1006.0,-20.0,0,0,,0.0,0.0,0.0,0.0,0.0,2015-04-17,0,0.0,0.0,0.0,0.0,0.0
2015,5,3,7,AA,1366,N571AA,SAT,DFW,959,953.0,-6.0,17.0,1010.0,74.0,76.0,52.0,247,1102.0,7.0,1113,1109.0,-4.0,0,0,,0.0,0.0,0.0,0.0,0.0,2015-05-03,0,0.0,0.0,0.0,0.0,0.0
2015,5,5,2,EV,4304,N13994,ORD,GSO,730,728.0,-2.0,12.0,740.0,110.0,118.0,98.0,589,1018.0,8.0,1020,1026.0,6.0,0,0,,0.0,0.0,0.0,0.0,0.0,2015-05-05,0,0.0,0.0,0.0,0.0,0.0
2015,4,26,7,B6,1117,N651JB,LGA,TPA,1550,1548.0,-2.0,26.0,1614.0,186.0,175.0,145.0,1010,1839.0,4.0,1856,1843.0,-13.0,0,0,,0.0,0.0,0.0,0.0,0.0,2015-04-26,0,0.0,0.0,0.0,0.0,0.0
2015,5,3,7,WN,1514,N8610A,DEN,MDW,1630,1627.0,-3.0,8.0,1635.0,145.0,130.0,115.0,895,1930.0,7.0,1955,1937.0,-18.0,0,0,,0.0,0.0,0.0,0.0,0.0,2015-05-03,0,0.0,0.0,0.0,0.0,0.0
2015,4,30,4,AA,148,N3EEAA,MIA,CLT,625,621.0,-4.0,14.0,635.0,127.0,115.0,95.0,650,810.0,6.0,832,816.0,-16.0,0,0,,0.0,0.0,0.0,0.0,0.0,2015-04-30,0,0.0,0.0,0.0,0.0,0.0
2015,4,30,4,WN,881,N8627B,MDW,DAL,540,550.0,10.0,11.0,601.0,145.0,126.0,110.0,793,751.0,5.0,805,756.0,-9.0,0,0,,0.0,0.0,0.0,0.0,0.0,2015-04-30,0,0.0,0.0,0.0,0.0,0.0
2015,4,30,4,DL,2477,N551NW,TPA,ATL,1755,1756.0,1.0,41.0,1837.0,101.0,116.0,70.0,406,1947.0,5.0,1936,1952.0,16.0,0,0,,16.0,0.0,0.0,0.0,0.0,2015-04-30,0,1600.0,0.0,0.0,0.0,0.0
2015,5,1,5,WN,52,N499WN,TUL,MDW,1010,1005.0,-5.0,9.0,1014.0,100.0,95.0,80.0,583,1134.0,6.0,1150,1140.0,-10.0,0,0,,0.0,0.0,0.0,0.0,0.0,2015-05-01,0,0.0,0.0,0.0,0.0,0.0
2015,4,17,5,DL,2161,N904DA,ATL,PHL,1621,1807.0,106.0,8.0,1815.0,134.0,103.0,92.0,666,1947.0,3.0,1835,1950.0,75.0,0,0,,0.0,0.0,75.0,0.0,0.0,2015-04-17,1,0.0,0.0,70.75,0.0,0.0
2015,4,6,1,DL,2606,N533US,ATL,ORF,1935,1933.0,-2.0,13.0,1946.0,99.0,84.0,68.0,516,2054.0,3.0,2114,2057.0,-17.0,0,0,,0.0,0.0,0.0,0.0,0.0,2015-04-06,0,0.0,0.0,0.0,0.0,0.0
2015,4,17,5,WN,984,N8632A,BUF,TPA,620,617.0,-3.0,10.0,627.0,165.0,149.0,135.0,1053,842.0,4.0,905,846.0,-19.0,0,0,,0.0,0.0,0.0,0.0,0.0,2015-04-17,0,0.0,0.0,0.0,0.0,0.0
2015,4,21,2,US,2141,N954UW,BOS,LGA,1900,1857.0,-3.0,31.0,1928.0,84.0,77.0,40.0,184,2008.0,6.0,2024,2014.0,-10.0,0,0,,0.0,0.0,0.0,0.0,0.0,2015-04-21,0,0.0,0.0,0.0,0.0,0.0
2015,4,17,5,WN,119,N659SW,CMH,RSW,545,544.0,-1.0,9.0,553.0,155.0,139.0,125.0,930,758.0,5.0,820,803.0,-17.0,0,0,,0.0,0.0,0.0,0.0,0.0,2015-04-17,0,0.0,0.0,0.0,0.0,0.0
2015,5,1,5,US,729,N523UW,PHL,SEA,1800,1755.0,-5.0,20.0,1815.0,362.0,354.0,326.0,2378,2041.0,8.0,2102,2049.0,-13.0,0,0,,0.0,0.0,0.0,0.0,0.0,2015-05-01,0,0.0,0.0,0.0,0.0,0.0
2015,4,14,2,DL,1525,N6708D,ATL,BWI,1610,1606.0,-4.0,12.0,1618.0,115.0,101.0,83.0,577,1741.0,6.0,1805,1747.0,-18.0,0,0,,0.0,0.0,0.0,0.0,0.0,2015-04-14,0,0.0,0.0,0.0,0.0,0.0
2015,4,23,4,WN,2694,N227WN,PDX,SMF,1650,1712.0,22.0,13.0,1725.0,85.0,80.0,64.0,479,1829.0,3.0,1815,1832.0,17.0,0,0,,0.0,0.0,7.0,10.0,0.0,2015-04-23,1,0.0,0.0,31.82,45.45,0.0
2015,4,9,4,MQ,3378,N532MQ,MEM,ORD,928,1350.0,262.0,92.0,1522.0,112.0,192.0,87.0,491,1649.0,13.0,1120,1702.0,342.0,0,0,,80.0,0.0,0.0,39.0,223.0,2015-04-09,1,30.53,0.0,0.0,14.89,85.11
2015,4,13,1,AS,12,N419AS,SEA,BOS,930,938.0,8.0,19.0,957.0,325.0,298.0,268.0,2496,1725.0,11.0,1755,1736.0,-19.0,0,0,,0.0,0.0,0.0,0.0,0.0,2015-04-13,0,0.0,0.0,0.0,0.0,0.0
2015,4,27,1,WN,553,N520SW,SAT,DAL,1150,1150.0,0.0,10.0,1200.0,65.0,61.0,45.0,248,1245.0,6.0,1255,1251.0,-4.0,0,0,,0.0,0.0,0.0,0.0,0.0,2015-04-27,0,0.0,0.0,0.0,0.0,0.0
2015,4,29,3,OO,4476,N802SK,SLC,BOI,950,942.0,-8.0,20.0,1002.0,77.0,72.0,48.0,290,1050.0,4.0,1107,1054.0,-13.0,0,0,,0.0,0.0,0.0,0.0,0.0,2015-04-29,0,0.0,0.0,0.0,0.0,0.0
2015,4,11,6,WN,1066,N937WN,LBB,LAS,910,905.0,-5.0,8.0,913.0,135.0,128.0,114.0,775,907.0,6.0,925,913.0,-12.0,0,0,,0.0,0.0,0.0,0.0,0.0,2015-04-11,0,0.0,0.0,0.0,0.0,0.0
2015,4,25,6,EV,5903,N22971,LIT,ORD,1100,1057.0,-3.0,12.0,1109.0,112.0,110.0,89.0,552,1238.0,9.0,1252,1247.0,-5.0,0,0,,0.0,0.0,0.0,0.0,0.0,2015-04-25,0,0.0,0.0,0.0,0.0,0.0
2015,4,3,5,WN,1878,N606SW,ELP,HOU,1120,1124.0,4.0,13.0,1137.0,105.0,104.0,85.0,677,1402.0,6.0,1405,1408.0,3.0,0,0,,0.0,0.0,0.0,0.0,0.0,2015-04-03,0,0.0,0.0,0.0,0.0,0.0
2015,4,13,1,AS,26,N626AS,SEA,ORD,1805,1759.0,-6.0,12.0,1811.0,223.0,216.0,196.0,1721,2327.0,8.0,2348,2335.0,-13.0,0,0,,0.0,0.0,0.0,0.0,0.0,2015-04-13,0,0.0,0.0,0.0,0.0,0.0
2015,4,30,4,DL,2209,N938DN,MSP,SFO,2145,2142.0,-3.0,18.0,2200.0,252.0,239.0,211.0,1589,2331.0,10.0,2357,2341.0,-16.0,0,0,,0.0,0.0,0.0,0.0,0.0,2015-04-30,0,0.0,0.0,0.0,0.0,0.0
2015,4,1,3,OO,4491,N162PQ,PDX,SEA,1830,1825.0,-5.0,14.0,1839.0,49.0,52.0,33.0,129,1912.0,5.0,1919,1917.0,-2.0,0,0,,0.0,0.0,0.0,0.0,0.0,2015-04-01,0,0.0,0.0,0.0,0.0,0.0
2015,4,19,7,UA,686,N472UA,ORD,DCA,1259,1445.0,106.0,11.0,1456.0,113.0,110.0,85.0,612,1721.0,14.0,1552,1735.0,103.0,0,0,,0.0,0.0,97.0,6.0,0.0,2015-04-19,1,0.0,0.0,91.51,5.66,0.0
2015,4,7,2,OO,4667,N616QX,OMA,SLC,830,823.0,-7.0,12.0,835.0,161.0,156.0,136.0,840,951.0,8.0,1011,959.0,-12.0,0,0,,0.0,0.0,0.0,0.0,0.0,2015-04-07,0,0.0,0.0,0.0,0.0,0.0
2015,4,23,4,US,1879,N831AW,CLT,DTW,740,734.0,-6.0,27.0,801.0,109.0,120.0,84.0,500,925.0,9.0,929,934.0,5.0,0,0,,0.0,0.0,0.0,0.0,0.0,2015-04-23,0,0.0,0.0,0.0,0.0,0.0
2015,4,11,6,DL,1444,N970AT,ATL,EWR,1116,1119.0,3.0,13.0,1132.0,134.0,112.0,93.0,746,1305.0,6.0,1330,1311.0,-19.0,0,0,,0.0,0.0,0.0,0.0,0.0,2015-04-11,0,0.0,0.0,0.0,0.0,0.0
2015,4,18,6,DL,796,N937DL,ATL,IND,739,736.0,-3.0,9.0,745.0,86.0,76.0,63.0,432,848.0,4.0,905,852.0,-13.0,0,0,,0.0,0.0,0.0,0.0,0.0,2015-04-18,0,0.0,0.0,0.0,0.0,0.0
2015,3,29,7,WN,4752,N8600F,DAL,MCO,610,604.0,-6.0,8.0,612.0,160.0,138.0,124.0,973,916.0,6.0,950,922.0,-28.0,0,0,,0.0,0.0,0.0,0.0,0.0,2015-03-29,0,0.0,0.0,0.0,0.0,0.0
2015,3,30,1,WN,752,N790SW,LAS,BHM,1740,1822.0,42.0,12.0,1834.0,205.0,191.0,176.0,1618,2330.0,3.0,2305,2333.0,28.0,0,0,,0.0,0.0,4.0,24.0,0.0,2015-03-30,1,0.0,0.0,9.52,57.14,0.0
2015,4,26,7,VX,221,N851VA,AUS,SFO,1640,1637.0,-3.0,14.0,1651.0,230.0,240.0,222.0,1504,1833.0,4.0,1830,1837.0,7.0,0,0,,0.0,0.0,0.0,0.0,0.0,2015-04-26,0,0.0,0.0,0.0,0.0,0.0
2015,4,17,5,US,765,N769US,CLT,STL,1810,1806.0,-4.0,15.0,1821.0,119.0,117.0,92.0,575,1853.0,10.0,1909,1903.0,-6.0,0,0,,0.0,0.0,0.0,0.0,0.0,2015-04-17,0,0.0,0.0,0.0,0.0,0.0
2015,4,6,1,EV,5431,N717EV,CLT,LGA,1511,1507.0,-4.0,38.0,1545.0,121.0,122.0,79.0,544,1704.0,5.0,1712,1709.0,-3.0,0,0,,0.0,0.0,0.0,0.0,0.0,2015-04-06,0,0.0,0.0,0.0,0.0,0.0
2015,4,3,5,EV,4593,N14179,HRL,IAH,1055,1046.0,-9.0,9.0,1055.0,74.0,70.0,53.0,295,1148.0,8.0,1209,1156.0,-13.0,0,0,,0.0,0.0,0.0,0.0,0.0,2015-04-03,0,0.0,0.0,0.0,0.0,0.0
2015,4,14,2,DL,2075,N519US,ATL,MCI,1025,1026.0,1.0,19.0,1045.0,132.0,124.0,98.0,692,1123.0,7.0,1137,1130.0,-7.0,0,0,,0.0,0.0,0.0,0.0,0.0,2015-04-14,0,0.0,0.0,0.0,0.0,0.0
2015,3,26,4,WN,2411,N655WN,CMH,TPA,520,518.0,-2.0,11.0,529.0,140.0,138.0,122.0,829,731.0,5.0,740,736.0,-4.0,0,0,,0.0,0.0,0.0,0.0,0.0,2015-03-26,0,0.0,0.0,0.0,0.0,0.0
2015,4,21,2,AA,1644,N3LGAA,ORD,SNA,1020,1104.0,44.0,17.0,1121.0,264.0,256.0,233.0,1726,1314.0,6.0,1244,1320.0,36.0,0,0,,0.0,0.0,24.0,12.0,0.0,2015-04-21,1,0.0,0.0,54.55,27.27,0.0
2015,4,14,2,OO,6207,N984CA,ISN,DEN,1718,1706.0,-12.0,13.0,1719.0,115.0,116.0,92.0,576,1751.0,11.0,1813,1802.0,-11.0,0,0,,0.0,0.0,0.0,0.0,0.0,2015-04-14,0,0.0,0.0,0.0,0.0,0.0
2015,4,3,5,DL,557,N661DN,MSP,DTW,625,621.0,-4.0,16.0,637.0,103.0,104.0,78.0,528,855.0,10.0,908,905.0,-3.0,0,0,,0.0,0.0,0.0,0.0,0.0,2015-04-03,0,0.0,0.0,0.0,0.0,0.0
2015,4,25,6,WN,3588,N906WN,ATL,RSW,1935,1928.0,-7.0,19.0,1947.0,110.0,100.0,77.0,515,2104.0,4.0,2125,2108.0,-17.0,0,0,,0.0,0.0,0.0,0.0,0.0,2015-04-25,0,0.0,0.0,0.0,0.0,0.0
2015,4,26,7,WN,3497,N465WN,ATL,TPA,1025,1025.0,0.0,16.0,1041.0,90.0,81.0,60.0,406,1141.0,5.0,1155,1146.0,-9.0,0,0,,0.0,0.0,0.0,0.0,0.0,2015-04-26,0,0.0,0.0,0.0,0.0,0.0
2015,4,4,6,DL,1906,N373NW,DTW,PHL,1540,1536.0,-4.0,22.0,1558.0,94.0,95.0,67.0,453,1705.0,6.0,1714,1711.0,-3.0,0,0,,0.0,0.0,0.0,0.0,0.0,2015-04-04,0,0.0,0.0,0.0,0.0,0.0
2015,4,26,7,WN,2232,N7734H,ONT,SMF,2155,2151.0,-4.0,5.0,2156.0,75.0,67.0,59.0,390,2255.0,3.0,2310,2258.0,-12.0,0,0,,0.0,0.0,0.0,0.0,0.0,2015-04-26,0,0.0,0.0,0.0,0.0,0.0
2015,4,8,3,US,2051,N971UY,PHL,MIA,955,956.0,1.0,51.0,1047.0,176.0,190.0,135.0,1013,1302.0,4.0,1251,1306.0,15.0,0,0,,14.0,0.0,0.0,1.0,0.0,2015-04-08,0,1400.0,0.0,0.0,100.0,0.0
2015,4,17,5,UA,203,N831UA,SFO,AUS,935,925.0,-10.0,21.0,946.0,213.0,213.0,188.0,1504,1454.0,4.0,1508,1458.0,-10.0,0,0,,0.0,0.0,0.0,0.0,0.0,2015-04-17,0,0.0,0.0,0.0,0.0,0.0
2015,3,27,5,B6,286,N304JB,JFK,ROC,1630,1625.0,-5.0,20.0,1645.0,93.0,75.0,52.0,264,1737.0,3.0,1803,1740.0,-23.0,0,0,,0.0,0.0,0.0,0.0,0.0,2015-03-27,0,0.0,0.0,0.0,0.0,0.0
2015,4,5,7,AA,1579,N3BRAA,DCA,ORD,830,825.0,-5.0,19.0,844.0,126.0,140.0,107.0,612,931.0,14.0,936,945.0,9.0,0,0,,0.0,0.0,0.0,0.0,0.0,2015-04-05,0,0.0,0.0,0.0,0.0,0.0
2015,4,1,3,DL,1504,N553NW,MSP,IND,1940,1951.0,11.0,16.0,2007.0,96.0,88.0,65.0,503,2212.0,7.0,2216,2219.0,3.0,0,0,,0.0,0.0,0.0,0.0,0.0,2015-04-01,0,0.0,0.0,0.0,0.0,0.0
2015,4,15,3,AA,1404,N473AA,TUS,DFW,1336,1333.0,-3.0,12.0,1345.0,134.0,129.0,104.0,813,1729.0,13.0,1750,1742.0,-8.0,0,0,,0.0,0.0,0.0,0.0,0.0,2015-04-15,0,0.0,0.0,0.0,0.0,0.0
2015,5,4,1,EV,5071,N872AS,LFT,ATL,1405,1400.0,-5.0,9.0,1409.0,99.0,93.0,74.0,503,1623.0,10.0,1644,1633.0,-11.0,0,0,,0.0,0.0,0.0,0.0,0.0,2015-05-04,0,0.0,0.0,0.0,0.0,0.0
2015,4,10,5,B6,514,N598JB,LGB,JFK,1342,1457.0,75.0,30.0,1527.0,321.0,318.0,284.0,2465,2311.0,4.0,2203,2315.0,72.0,0,0,,72.0,0.0,0.0,0.0,0.0,2015-04-10,1,96.0,0.0,0.0,0.0,0.0
2015,3,31,2,WN,912,N643SW,ABQ,PHX,1615,1613.0,-2.0,7.0,1620.0,75.0,66.0,53.0,328,1613.0,6.0,1630,1619.0,-11.0,0,0,,0.0,0.0,0.0,0.0,0.0,2015-03-31,0,0.0,0.0,0.0,0.0,0.0
2015,4,28,2,WN,1881,N485WN,EWR,MSY,735,730.0,-5.0,16.0,746.0,190.0,193.0,174.0,1167,940.0,3.0,945,943.0,-2.0,0,0,,0.0,0.0,0.0,0.0,0.0,2015-04-28,0,0.0,0.0,0.0,0.0,0.0
2015,4,3,5,WN,2622,N438WN,MSY,TPA,1655,1652.0,-3.0,10.0,1702.0,85.0,91.0,72.0,488,1914.0,9.0,1920,1923.0,3.0,0,0,,0.0,0.0,0.0,0.0,0.0,2015-04-03,0,0.0,0.0,0.0,0.0,0.0
2015,4,8,3,B6,486,N279JB,JFK,ROC,2240,2238.0,-2.0,29.0,2307.0,78.0,87.0,52.0,264,2359.0,6.0,2358,5.0,7.0,0,0,,0.0,0.0,0.0,0.0,0.0,2015-04-08,0,0.0,0.0,0.0,0.0,0.0
2015,4,20,1,EV,2519,N877AS,SAV,DFW,1910,1901.0,-9.0,14.0,1915.0,172.0,182.0,163.0,925,2058.0,5.0,2102,2103.0,1.0,0,0,,0.0,0.0,0.0,0.0,0.0,2015-04-20,0,0.0,0.0,0.0,0.0,0.0
2015,4,26,7,AS,803,N594AS,SJC,OGG,840,831.0,-9.0,9.0,840.0,322.0,312.0,297.0,2355,1037.0,6.0,1102,1043.0,-19.0,0,0,,0.0,0.0,0.0,0.0,0.0,2015-04-26,0,0.0,0.0,0.0,0.0,0.0
2015,4,21,2,DL,1209,N353NB,ATL,GSP,1900,1858.0,-2.0,11.0,1909.0,55.0,46.0,32.0,153,1941.0,3.0,1955,1944.0,-11.0,0,0,,0.0,0.0,0.0,0.0,0.0,2015-04-21,0,0.0,0.0,0.0,0.0,0.0
2015,3,30,1,AA,1069,N5EGAA,DFW,SAN,1345,1342.0,-3.0,15.0,1357.0,190.0,186.0,168.0,1171,1445.0,3.0,1455,1448.0,-7.0,0,0,,0.0,0.0,0.0,0.0,0.0,2015-03-30,0,0.0,0.0,0.0,0.0,0.0
2015,4,5,7,MQ,3031,N851MQ,ORD,BMI,1520,1519.0,-1.0,21.0,1540.0,59.0,52.0,23.0,116,1603.0,8.0,1619,1611.0,-8.0,0,0,,0.0,0.0,0.0,0.0,0.0,2015-04-05,0,0.0,0.0,0.0,0.0,0.0
2015,4,13,1,NK,906,N608NK,PHX,DEN,1141,1149.0,8.0,12.0,1201.0,103.0,108.0,87.0,602,1428.0,9.0,1424,1437.0,13.0,0,0,,0.0,0.0,0.0,0.0,0.0,2015-04-13,0,0.0,0.0,0.0,0.0,0.0
2015,4,26,7,DL,725,N693DL,MSP,SJU,905,858.0,-7.0,17.0,915.0,306.0,277.0,255.0,2404,1430.0,5.0,1511,1435.0,-36.0,0,0,,0.0,0.0,0.0,0.0,0.0,2015-04-26,0,0.0,0.0,0.0,0.0,0.0
2015,4,1,3,F9,1014,N925FR,TPA,PHL,1515,1507.0,-8.0,13.0,1520.0,145.0,152.0,133.0,920,1733.0,6.0,1740,1739.0,-1.0,0,0,,0.0,0.0,0.0,0.0,0.0,2015-04-01,0,0.0,0.0,0.0,0.0,0.0
2015,3,31,2,EV,4295,N12175,IAH,CMH,1257,1258.0,1.0,34.0,1332.0,153.0,169.0,128.0,986,1640.0,7.0,1630,1647.0,17.0,0,0,,16.0,0.0,1.0,0.0,0.0,2015-03-31,0,1600.0,0.0,100.0,0.0,0.0
2015,4,15,3,WN,264,N774SW,SMF,PDX,1010,1008.0,-2.0,6.0,1014.0,90.0,91.0,81.0,479,1135.0,4.0,1140,1139.0,-1.0,0,0,,0.0,0.0,0.0,0.0,0.0,2015-04-15,0,0.0,0.0,0.0,0.0,0.0
2015,5,3,7,AA,1534,N3KUAA,DFW,DCA,855,849.0,-6.0,10.0,859.0,183.0,169.0,156.0,1192,1235.0,3.0,1258,1238.0,-20.0,0,0,,0.0,0.0,0.0,0.0,0.0,2015-05-03,0,0.0,0.0,0.0,0.0,0.0
2015,3,26,4,B6,136,N531JB,PHX,JFK,2244,2315.0,31.0,17.0,2332.0,285.0,283.0,256.0,2153,648.0,10.0,629,658.0,29.0,0,0,,0.0,0.0,13.0,16.0,0.0,2015-03-26,1,0.0,0.0,41.94,51.61,0.0
2015,4,4,6,OO,4676,N809SK,STL,SLC,640,636.0,-4.0,20.0,656.0,197.0,217.0,189.0,1156,905.0,8.0,857,913.0,16.0,0,0,,16.0,0.0,0.0,0.0,0.0,2015-04-04,0,-400.0,-0.0,-0.0,-0.0,-0.0
2015,4,23,4,WN,828,N751SW,MDW,BNA,1700,1718.0,18.0,14.0,1732.0,85.0,80.0,60.0,395,1832.0,6.0,1825,1838.0,13.0,0,0,,0.0,0.0,0.0,0.0,0.0,2015-04-23,1,0.0,0.0,0.0,0.0,0.0
2015,4,5,7,AA,168,N504AA,RDU,ORD,1810,1805.0,-5.0,11.0,1816.0,135.0,124.0,107.0,646,1903.0,6.0,1925,1909.0,-16.0,0,0,,0.0,0.0,0.0,0.0,0.0,2015-04-05,0,0.0,0.0,0.0,0.0,0.0
2015,4,9,4,WN,3030,N436WN,LAS,MAF,1605,1620.0,15.0,11.0,1631.0,120.0,110.0,94.0,795,2005.0,5.0,2005,2010.0,5.0,0,0,,0.0,0.0,0.0,0.0,0.0,2015-04-09,0,0.0,0.0,0.0,0.0,0.0
2015,4,17,5,WN,1713,N916WN,MDW,LGA,550,548.0,-2.0,8.0,556.0,125.0,124.0,104.0,725,840.0,12.0,855,852.0,-3.0,0,0,,0.0,0.0,0.0,0.0,0.0,2015-04-17,0,0.0,0.0,0.0,0.0,0.0
2015,3,30,1,US,898,N167US,SFO,CLT,2220,2217.0,-3.0,17.0,2234.0,296.0,295.0,271.0,2296,605.0,7.0,616,612.0,-4.0,0,0,,0.0,0.0,0.0,0.0,0.0,2015-03-30,0,0.0,0.0,0.0,0.0,0.0
2015,4,12,7,OO,6311,N795SK,SMF,LAX,1823,1819.0,-4.0,12.0,1831.0,93.0,86.0,64.0,373,1935.0,10.0,1956,1945.0,-11.0,0,0,,0.0,0.0,0.0,0.0,0.0,2015-04-12,0,0.0,0.0,0.0,0.0,0.0
2015,3,26,4,UA,1750,N68843,DEN,FLL,1733,1827.0,54.0,11.0,1838.0,236.0,217.0,203.0,1703,1.0,3.0,2329,4.0,35.0,0,0,,0.0,0.0,30.0,5.0,0.0,2015-03-26,1,0.0,0.0,55.56,9.26,0.0
2015,4,29,3,OO,5361,N979SW,FWA,ORD,1018,1014.0,-4.0,7.0,1021.0,63.0,43.0,30.0,157,951.0,6.0,1021,957.0,-24.0,0,0,,0.0,0.0,0.0,0.0,0.0,2015-04-29,0,0.0,0.0,0.0,0.0,0.0
2015,5,1,5,AA,990,N3KUAA,ORD,LAX,1030,1028.0,-2.0,15.0,1043.0,274.0,271.0,243.0,1744,1246.0,13.0,1304,1259.0,-5.0,0,0,,0.0,0.0,0.0,0.0,0.0,2015-05-01,0,0.0,0.0,0.0,0.0,0.0
2015,4,13,1,F9,1161,N954FR,MCO,CLE,930,936.0,6.0,17.0,953.0,145.0,144.0,119.0,895,1152.0,8.0,1155,1200.0,5.0,0,0,,0.0,0.0,0.0,0.0,0.0,2015-04-13,0,0.0,0.0,0.0,0.0,0.0
2015,4,9,4,AA,1448,N4XSAA,DFW,TUS,1035,1038.0,3.0,16.0,1054.0,150.0,142.0,121.0,813,1055.0,5.0,1105,1100.0,-5.0,0,0,,0.0,0.0,0.0,0.0,0.0,2015-04-09,0,0.0,0.0,0.0,0.0,0.0
2015,4,21,2,WN,514,N523SW,SAT,ELP,1245,1242.0,-3.0,7.0,1249.0,95.0,90.0,80.0,496,1309.0,3.0,1320,1312.0,-8.0,0,0,,0.0,0.0,0.0,0.0,0.0,2015-04-21,0,0.0,0.0,0.0,0.0,0.0
2015,4,24,5,AA,2401,N365AA,DFW,LAX,700,800.0,60.0,22.0,822.0,204.0,198.0,173.0,1235,915.0,3.0,824,918.0,54.0,0,0,,0.0,0.0,54.0,0.0,0.0,2015-04-24,1,0.0,0.0,90.0,0.0,0.0
2015,4,28,2,US,2171,N951UW,BOS,LGA,700,652.0,-8.0,21.0,713.0,80.0,77.0,53.0,184,806.0,3.0,820,809.0,-11.0,0,0,,0.0,0.0,0.0,0.0,0.0,2015-04-28,0,0.0,0.0,0.0,0.0,0.0
2015,4,16,4,MQ,3198,N665MQ,DFW,AEX,2015,2029.0,14.0,36.0,2105.0,74.0,94.0,55.0,285,2200.0,3.0,2129,2203.0,34.0,0,0,,20.0,0.0,0.0,0.0,14.0,2015-04-16,0,142.86,0.0,0.0,0.0,100.0
2015,4,30,4,B6,1515,N318JB,SYR,JFK,1505,1454.0,-11.0,17.0,1511.0,91.0,73.0,49.0,209,1600.0,7.0,1636,1607.0,-29.0,0,0,,0.0,0.0,0.0,0.0,0.0,2015-04-30,0,0.0,0.0,0.0,0.0,0.0
2015,4,27,1,US,1964,N765US,CLE,CLT,830,828.0,-2.0,16.0,844.0,98.0,97.0,71.0,430,955.0,10.0,1008,1005.0,-3.0,0,0,,0.0,0.0,0.0,0.0,0.0,2015-04-27,0,0.0,0.0,0.0,0.0,0.0
2015,4,6,1,B6,1316,N239JB,FLL,JAX,1900,1855.0,-5.0,16.0,1911.0,80.0,74.0,53.0,319,2004.0,5.0,2020,2009.0,-11.0,0,0,,0.0,0.0,0.0,0.0,0.0,2015-04-06,0,0.0,0.0,0.0,0.0,0.0
2015,5,1,5,DL,1186,N911DL,ATL,LGA,945,943.0,-2.0,27.0,1010.0,141.0,137.0,102.0,762,1152.0,8.0,1206,1200.0,-6.0,0,0,,0.0,0.0,0.0,0.0,0.0,2015-05-01,0,0.0,0.0,0.0,0.0,0.0
2015,4,21,2,AA,2458,N4WMAA,ORD,TPA,1820,1813.0,-7.0,17.0,1830.0,166.0,147.0,127.0,1012,2137.0,3.0,2206,2140.0,-26.0,0,0,,0.0,0.0,0.0,0.0,0.0,2015-04-21,0,0.0,0.0,0.0,0.0,0.0
2015,4,2,4,AA,1450,N3LAAA,DFW,FLL,715,711.0,-4.0,23.0,734.0,171.0,158.0,130.0,1119,1044.0,5.0,1106,1049.0,-17.0,0,0,,0.0,0.0,0.0,0.0,0.0,2015-04-02,0,0.0,0.0,0.0,0.0,0.0
2015,3,27,5,WN,2681,N200WN,HOU,ECP,1010,1006.0,-4.0,16.0,1022.0,90.0,94.0,75.0,571,1137.0,3.0,1140,1140.0,0.0,0,0,,0.0,0.0,0.0,0.0,0.0,2015-03-27,0,0.0,0.0,0.0,0.0,0.0
2015,3,28,6,DL,2145,N903DE,GSP,ATL,700,704.0,4.0,11.0,715.0,60.0,46.0,30.0,153,745.0,5.0,800,750.0,-10.0,0,0,,0.0,0.0,0.0,0.0,0.0,2015-03-28,0,0.0,0.0,0.0,0.0,0.0
2015,4,25,6,NK,975,N618NK,DTW,DEN,730,724.0,-6.0,11.0,735.0,182.0,177.0,155.0,1123,810.0,11.0,832,821.0,-11.0,0,0,,0.0,0.0,0.0,0.0,0.0,2015-04-25,0,0.0,0.0,0.0,0.0,0.0
2015,4,16,4,AA,1372,N501AA,DFW,OMA,1825,1822.0,-3.0,27.0,1849.0,114.0,112.0,81.0,583,2010.0,4.0,2019,2014.0,-5.0,0,0,,0.0,0.0,0.0,0.0,0.0,2015-04-16,0,0.0,0.0,0.0,0.0,0.0
2015,5,1,5,OO,6394,N912SW,DEN,MSN,955,950.0,-5.0,29.0,1019.0,132.0,138.0,105.0,826,1304.0,4.0,1307,1308.0,1.0,0,0,,0.0,0.0,0.0,0.0,0.0,2015-05-01,0,0.0,0.0,0.0,0.0,0.0
2015,4,16,4,OO,3477,N699BR,SLC,SEA,610,600.0,-10.0,34.0,634.0,120.0,142.0,100.0,689,714.0,8.0,710,722.0,12.0,0,0,,0.0,0.0,0.0,0.0,0.0,2015-04-16,0,0.0,0.0,0.0,0.0,0.0
2015,4,25,6,AS,574,N708AS,PDX,LAX,1425,1437.0,12.0,11.0,1448.0,142.0,124.0,103.0,834,1631.0,10.0,1647,1641.0,-6.0,0,0,,0.0,0.0,0.0,0.0,0.0,2015-04-25,0,0.0,0.0,0.0,0.0,0.0
2015,4,6,1,MQ,3605,N690MQ,FWA,ORD,1925,1944.0,19.0,12.0,1956.0,62.0,86.0,42.0,157,1938.0,32.0,1927,2010.0,43.0,0,0,,24.0,0.0,0.0,19.0,0.0,2015-04-06,1,126.32,0.0,0.0,100.0,0.0
2015,4,15,3,EV,5126,N981EV,DTW,GSP,850,847.0,-3.0,23.0,910.0,104.0,112.0,87.0,508,1037.0,2.0,1034,1039.0,5.0,0,0,,0.0,0.0,0.0,0.0,0.0,2015-04-15,0,0.0,0.0,0.0,0.0,0.0
2015,3,31,2,EV,4555,N14542,LCH,IAH,545,540.0,-5.0,10.0,550.0,54.0,43.0,25.0,127,615.0,8.0,639,623.0,-16.0,0,0,,0.0,0.0,0.0,0.0,0.0,2015-03-31,0,0.0,0.0,0.0,0.0,0.0
2015,4,20,1,WN,3661,N760SW,BWI,LIT,2130,2127.0,-3.0,13.0,2140.0,155.0,147.0,130.0,912,2250.0,4.0,2305,2254.0,-11.0,0,0,,0.0,0.0,0.0,0.0,0.0,2015-04-20,0,0.0,0.0,0.0,0.0,0.0
2015,4,15,3,MQ,3461,N546MQ,LGA,BNA,1201,1201.0,0.0,25.0,1226.0,149.0,153.0,124.0,764,1330.0,4.0,1330,1334.0,4.0,0,0,,0.0,0.0,0.0,0.0,0.0,2015-04-15,0,0.0,0.0,0.0,0.0,0.0
2015,3,26,4,WN,170,N7719A,DTW,DEN,2000,2003.0,3.0,13.0,2016.0,190.0,170.0,149.0,1123,2045.0,8.0,2110,2053.0,-17.0,0,0,,0.0,0.0,0.0,0.0,0.0,2015-03-26,0,0.0,0.0,0.0,0.0,0.0
2015,4,14,2,MQ,3157,N521MQ,LGA,ATL,1630,1658.0,28.0,51.0,1749.0,154.0,176.0,119.0,762,1948.0,6.0,1904,1954.0,50.0,0,0,,22.0,0.0,24.0,4.0,0.0,2015-04-14,1,78.57,0.0,85.71,14.29,0.0
2015,4,22,3,DL,1368,N907DL,CAE,ATL,1755,1752.0,-3.0,27.0,1819.0,78.0,69.0,39.0,192,1858.0,3.0,1913,1901.0,-12.0,0,0,,0.0,0.0,0.0,0.0,0.0,2015-04-22,0,0.0,0.0,0.0,0.0,0.0
2015,4,19,7,AA,1144,N3EDAA,DFW,LGA,1420,1452.0,32.0,15.0,1507.0,207.0,190.0,172.0,1389,1859.0,3.0,1847,1902.0,15.0,0,0,,0.0,0.0,9.0,6.0,0.0,2015-04-19,1,0.0,0.0,28.12,18.75,0.0
2015,4,12,7,NK,218,N603NK,FLL,ACY,800,800.0,0.0,11.0,811.0,150.0,143.0,127.0,977,1018.0,5.0,1030,1023.0,-7.0,0,0,,0.0,0.0,0.0,0.0,0.0,2015-04-12,0,0.0,0.0,0.0,0.0,0.0
2015,3,27,5,EV,4264,N16559,STL,IAH,1806,1812.0,6.0,18.0,1830.0,138.0,120.0,95.0,667,2005.0,7.0,2024,2012.0,-12.0,0,0,,0.0,0.0,0.0,0.0,0.0,2015-03-27,0,0.0,0.0,0.0,0.0,0.0
2015,4,27,1,B6,1600,N229JB,BOS,DCA,610,602.0,-8.0,23.0,625.0,104.0,98.0,72.0,399,737.0,3.0,754,740.0,-14.0,0,0,,0.0,0.0,0.0,0.0,0.0,2015-04-27,0,0.0,0.0,0.0,0.0,0.0
2015,4,3,5,OO,5297,N943SW,ORD,FWA,1345,1341.0,-4.0,30.0,1411.0,64.0,77.0,30.0,157,1541.0,17.0,1549,1558.0,9.0,0,0,,0.0,0.0,0.0,0.0,0.0,2015-04-03,0,0.0,0.0,0.0,0.0,0.0
2015,4,4,6,DL,1811,N588NW,MSP,LAS,1955,1953.0,-2.0,14.0,2007.0,206.0,212.0,193.0,1299,2120.0,5.0,2121,2125.0,4.0,0,0,,0.0,0.0,0.0,0.0,0.0,2015-04-04,0,0.0,0.0,0.0,0.0,0.0
2015,4,2,4,B6,1209,N229JB,BOS,JAX,1345,1346.0,1.0,32.0,1418.0,177.0,172.0,137.0,1010,1635.0,3.0,1642,1638.0,-4.0,0,0,,0.0,0.0,0.0,0.0,0.0,2015-04-02,0,0.0,0.0,0.0,0.0,0.0
2015,4,8,3,OO,5171,N130SY,DFW,ORD,1420,1420.0,0.0,17.0,1437.0,145.0,138.0,108.0,802,1625.0,13.0,1645,1638.0,-7.0,0,0,,0.0,0.0,0.0,0.0,0.0,2015-04-08,0,0.0,0.0,0.0,0.0,0.0
2015,4,27,1,MQ,3052,N847MQ,GRB,ORD,645,635.0,-10.0,17.0,652.0,68.0,78.0,44.0,173,736.0,17.0,753,753.0,0.0,0,0,,0.0,0.0,0.0,0.0,0.0,2015-04-27,0,0.0,0.0,0.0,0.0,0.0
2015,4,13,1,B6,583,N606JB,JFK,MCO,556,553.0,-3.0,16.0,609.0,162.0,152.0,127.0,944,816.0,9.0,838,825.0,-13.0,0,0,,0.0,0.0,0.0,0.0,0.0,2015-04-13,0,0.0,0.0,0.0,0.0,0.0
2015,4,25,6,DL,2186,N950DN,ATL,LGA,1945,1945.0,0.0,51.0,2036.0,139.0,152.0,95.0,762,2211.0,6.0,2204,2217.0,13.0,0,0,,0.0,0.0,0.0,0.0,0.0,2015-04-25,0,0.0,0.0,0.0,0.0,0.0
2015,3,26,4,UA,276,N441UA,LAX,ORD,1742,1817.0,35.0,11.0,1828.0,250.0,242.0,228.0,1744,16.0,3.0,2352,19.0,27.0,0,0,,0.0,0.0,27.0,0.0,0.0,2015-03-26,1,0.0,0.0,77.14,0.0,0.0
2015,4,26,7,OO,5516,N568SW,FAT,LAX,1412,1407.0,-5.0,11.0,1418.0,75.0,69.0,46.0,209,1504.0,12.0,1527,1516.0,-11.0,0,0,,0.0,0.0,0.0,0.0,0.0,2015-04-26,0,0.0,0.0,0.0,0.0,0.0
2015,4,21,2,DL,1534,N940DN,IND,ATL,1710,1705.0,-5.0,10.0,1715.0,98.0,80.0,63.0,432,1818.0,7.0,1848,1825.0,-23.0,0,0,,0.0,0.0,0.0,0.0,0.0,2015-04-21,0,0.0,0.0,0.0,0.0,0.0
2015,4,14,2,OO,6492,N958SW,DEN,COD,1918,1918.0,0.0,15.0,1933.0,83.0,79.0,60.0,391,2033.0,4.0,2041,2037.0,-4.0,0,0,,0.0,0.0,0.0,0.0,0.0,2015-04-14,0,0.0,0.0,0.0,0.0,0.0
2015,4,8,3,UA,307,N840UA,EWR,BOS,1725,1832.0,67.0,25.0,1857.0,76.0,71.0,39.0,200,1936.0,7.0,1841,1943.0,62.0,0,0,,0.0,0.0,19.0,43.0,0.0,2015-04-08,1,0.0,0.0,28.36,64.18,0.0
2015,4,15,3,OO,5487,N119SY,ORD,DCA,800,758.0,-2.0,20.0,818.0,116.0,117.0,94.0,612,1052.0,3.0,1056,1055.0,-1.0,0,0,,0.0,0.0,0.0,0.0,0.0,2015-04-15,0,0.0,0.0,0.0,0.0,0.0
2015,4,29,3,EV,4176,N11535,CRP,IAH,1254,1248.0,-6.0,6.0,1254.0,57.0,53.0,40.0,201,1334.0,7.0,1351,1341.0,-10.0,0,0,,0.0,0.0,0.0,0.0,0.0,2015-04-29,0,0.0,0.0,0.0,0.0,0.0
2015,4,29,3,EV,6095,N11187,LIT,DEN,757,755.0,-2.0,15.0,810.0,143.0,134.0,112.0,771,902.0,7.0,920,909.0,-11.0,0,0,,0.0,0.0,0.0,0.0,0.0,2015-04-29,0,0.0,0.0,0.0,0.0,0.0
2015,4,10,5,DL,1910,N917DL,ATL,DFW,1345,1428.0,43.0,13.0,1441.0,153.0,129.0,108.0,731,1529.0,8.0,1518,1537.0,19.0,0,0,,0.0,0.0,6.0,13.0,0.0,2015-04-10,1,0.0,0.0,13.95,30.23,0.0
2015,4,20,1,WN,806,N717SA,MSY,DAL,1830,1820.0,-10.0,7.0,1827.0,85.0,79.0,69.0,436,1936.0,3.0,1955,1939.0,-16.0,0,0,,0.0,0.0,0.0,0.0,0.0,2015-04-20,0,0.0,0.0,0.0,0.0,0.0
2015,4,11,6,US,1883,N568UW,PHL,TPA,1805,1959.0,114.0,9.0,2008.0,166.0,152.0,139.0,920,2227.0,4.0,2051,2231.0,100.0,0,0,,0.0,0.0,0.0,100.0,0.0,2015-04-11,1,0.0,0.0,0.0,87.72,0.0
2015,4,1,3,UA,1706,N69818,DEN,PHX,1907,1932.0,25.0,13.0,1945.0,118.0,112.0,89.0,602,2014.0,10.0,2005,2024.0,19.0,0,0,,0.0,0.0,12.0,7.0,0.0,2015-04-01,1,0.0,0.0,48.0,28.0,0.0
2015,4,27,1,WN,550,N359SW,JAX,BNA,850,857.0,7.0,10.0,907.0,90.0,92.0,76.0,483,923.0,6.0,920,929.0,9.0,0,0,,0.0,0.0,0.0,0.0,0.0,2015-04-27,0,0.0,0.0,0.0,0.0,0.0
2015,4,6,1,B6,794,N559JB,AUS,JFK,600,556.0,-4.0,11.0,607.0,217.0,208.0,191.0,1521,1018.0,6.0,1037,1024.0,-13.0,0,0,,0.0,0.0,0.0,0.0,0.0,2015-04-06,0,0.0,0.0,0.0,0.0,0.0
2015,4,11,6,WN,2235,N524SW,ELP,AUS,900,854.0,-6.0,11.0,905.0,90.0,90.0,75.0,528,1120.0,4.0,1130,1124.0,-6.0,0,0,,0.0,0.0,0.0,0.0,0.0,2015-04-11,0,0.0,0.0,0.0,0.0,0.0
2015,4,5,7,AS,648,N615AS,SEA,TUS,1010,1005.0,-5.0,12.0,1017.0,173.0,180.0,162.0,1216,1259.0,6.0,1303,1305.0,2.0,0,0,,0.0,0.0,0.0,0.0,0.0,2015-04-05,0,0.0,0.0,0.0,0.0,0.0
2015,4,26,7,OO,2763,N906SW,PHX,SBP,1350,1338.0,-12.0,26.0,1404.0,103.0,115.0,85.0,509,1529.0,4.0,1533,1533.0,0.0,0,0,,0.0,0.0,0.0,0.0,0.0,2015-04-26,0,0.0,0.0,0.0,0.0,0.0
2015,4,1,3,OO,4501,N821SK,SLC,LAS,1705,1701.0,-4.0,17.0,1718.0,89.0,91.0,67.0,368,1725.0,7.0,1734,1732.0,-2.0,0,0,,0.0,0.0,0.0,0.0,0.0,2015-04-01,0,0.0,0.0,0.0,0.0,0.0
2015,4,15,3,US,615,N664AW,IND,PHX,1805,1800.0,-5.0,12.0,1812.0,231.0,216.0,198.0,1488,1830.0,6.0,1856,1836.0,-20.0,0,0,,0.0,0.0,0.0,0.0,0.0,2015-04-15,0,0.0,0.0,0.0,0.0,0.0
2015,4,5,7,UA,1147,N16701,ORD,MCI,1220,1208.0,-12.0,27.0,1235.0,97.0,100.0,69.0,403,1344.0,4.0,1357,1348.0,-9.0,0,0,,0.0,0.0,0.0,0.0,0.0,2015-04-05,0,0.0,0.0,0.0,0.0,0.0
2015,4,7,2,US,1733,N940UW,CLT,MCO,1820,1815.0,-5.0,15.0,1830.0,99.0,89.0,65.0,468,1935.0,9.0,1959,1944.0,-15.0,0,0,,0.0,0.0,0.0,0.0,0.0,2015-04-07,0,0.0,0.0,0.0,0.0,0.0
2015,4,10,5,UA,1687,N72405,IAH,SMF,918,933.0,15.0,15.0,948.0,253.0,240.0,219.0,1609,1127.0,6.0,1131,1133.0,2.0,0,0,,0.0,0.0,0.0,0.0,0.0,2015-04-10,0,0.0,0.0,0.0,0.0,0.0
2015,4,30,4,B6,753,N907JB,JFK,PBI,1559,1553.0,-6.0,28.0,1621.0,191.0,180.0,148.0,1028,1849.0,4.0,1910,1853.0,-17.0,0,0,,0.0,0.0,0.0,0.0,0.0,2015-04-30,0,0.0,0.0,0.0,0.0,0.0
2015,4,23,4,WN,2234,N8315C,DAL,LGA,705,703.0,-2.0,17.0,720.0,205.0,184.0,162.0,1381,1102.0,5.0,1130,1107.0,-23.0,0,0,,0.0,0.0,0.0,0.0,0.0,2015-04-23,0,0.0,0.0,0.0,0.0,0.0
2015,4,30,4,US,2116,N764US,DCA,BOS,1730,1746.0,16.0,39.0,1825.0,93.0,105.0,58.0,399,1923.0,8.0,1903,1931.0,28.0,0,0,,12.0,0.0,16.0,0.0,0.0,2015-04-30,1,75.0,0.0,100.0,0.0,0.0
2015,4,2,4,US,481,N665AW,DEN,PHL,1105,1104.0,-1.0,17.0,1121.0,220.0,239.0,212.0,1558,1653.0,10.0,1645,1703.0,18.0,0,0,,18.0,0.0,0.0,0.0,0.0,2015-04-02,0,-1800.0,-0.0,-0.0,-0.0,-0.0
2015,4,23,4,DL,743,N682DA,ATL,RDU,1741,1754.0,13.0,23.0,1817.0,84.0,85.0,58.0,356,1915.0,4.0,1905,1919.0,14.0,0,0,,0.0,0.0,0.0,0.0,0.0,2015-04-23,0,0.0,0.0,0.0,0.0,0.0
2015,4,14,2,EV,4217,N13968,BRO,IAH,1053,1135.0,42.0,11.0,1146.0,72.0,83.0,63.0,308,1249.0,9.0,1205,1258.0,53.0,0,0,,11.0,0.0,1.0,41.0,0.0,2015-04-14,1,26.19,0.0,2.38,97.62,0.0
2015,4,11,6,UA,1170,N76514,FLL,EWR,1349,1447.0,58.0,12.0,1459.0,190.0,152.0,133.0,1065,1712.0,7.0,1659,1719.0,20.0,0,0,,0.0,0.0,11.0,9.0,0.0,2015-04-11,1,0.0,0.0,18.97,15.52,0.0
2015,4,23,4,EV,5365,N750EV,TUL,DTW,1725,1849.0,84.0,12.0,1901.0,132.0,113.0,95.0,789,2136.0,6.0,2037,2142.0,65.0,0,0,,0.0,0.0,0.0,65.0,0.0,2015-04-23,1,0.0,0.0,0.0,77.38,0.0
2015,3,26,4,DL,1633,N975AT,HOU,ATL,1006,1002.0,-4.0,15.0,1017.0,118.0,112.0,89.0,696,1246.0,8.0,1304,1254.0,-10.0,0,0,,0.0,0.0,0.0,0.0,0.0,2015-03-26,0,0.0,0.0,0.0,0.0,0.0
2015,4,18,6,B6,213,N568JB,JFK,LGB,1349,1345.0,-4.0,11.0,1356.0,377.0,340.0,327.0,2465,1623.0,2.0,1706,1625.0,-41.0,0,0,,0.0,0.0,0.0,0.0,0.0,2015-04-18,0,0.0,0.0,0.0,0.0,0.0
2015,4,1,3,WN,739,N8609A,FLL,BWI,1050,1050.0,0.0,17.0,1107.0,165.0,152.0,129.0,925,1316.0,6.0,1335,1322.0,-13.0,0,0,,0.0,0.0,0.0,0.0,0.0,2015-04-01,0,0.0,0.0,0.0,0.0,0.0
2015,4,21,2,EV,6136,N13997,BTV,ORD,640,630.0,-10.0,11.0,641.0,149.0,149.0,116.0,763,737.0,22.0,809,759.0,-10.0,0,0,,0.0,0.0,0.0,0.0,0.0,2015-04-21,0,0.0,0.0,0.0,0.0,0.0
2015,4,11,6,NK,619,N638NK,IAH,SAN,2119,2116.0,-3.0,13.0,2129.0,206.0,196.0,175.0,1303,2224.0,8.0,2245,2232.0,-13.0,0,0,,0.0,0.0,0.0,0.0,0.0,2015-04-11,0,0.0,0.0,0.0,0.0,0.0
2015,5,4,1,WN,2663,N483WN,BWI,FLL,1430,1437.0,7.0,10.0,1447.0,155.0,152.0,138.0,925,1705.0,4.0,1705,1709.0,4.0,0,0,,0.0,0.0,0.0,0.0,0.0,2015-05-04,0,0.0,0.0,0.0,0.0,0.0
2015,4,21,2,US,1950,N521UW,FLL,PHL,1150,1213.0,23.0,21.0,1234.0,166.0,169.0,142.0,992,1456.0,6.0,1436,1502.0,26.0,0,0,,3.0,0.0,7.0,16.0,0.0,2015-04-21,1,13.04,0.0,30.43,69.57,0.0
2015,5,2,6,WN,1696,N232WN,LGA,HOU,635,635.0,0.0,15.0,650.0,240.0,211.0,191.0,1428,901.0,5.0,935,906.0,-29.0,0,0,,0.0,0.0,0.0,0.0,0.0,2015-05-02,0,0.0,0.0,0.0,0.0,0.0
2015,4,15,3,MQ,3678,N512MQ,ORD,MDT,1500,1458.0,-2.0,7.0,1505.0,110.0,85.0,74.0,594,1719.0,4.0,1750,1723.0,-27.0,0,0,,0.0,0.0,0.0,0.0,0.0,2015-04-15,0,0.0,0.0,0.0,0.0,0.0
2015,4,12,7,B6,1417,N763JB,AUS,LGB,1549,1539.0,-10.0,13.0,1552.0,194.0,175.0,159.0,1226,1631.0,3.0,1703,1634.0,-29.0,0,0,,0.0,0.0,0.0,0.0,0.0,2015-04-12,0,0.0,0.0,0.0,0.0,0.0
2015,4,19,7,AS,138,N519AS,ANC,ORD,2315,2314.0,-1.0,12.0,2326.0,375.0,385.0,361.0,2846,827.0,12.0,830,839.0,9.0,0,0,,0.0,0.0,0.0,0.0,0.0,2015-04-19,0,0.0,0.0,0.0,0.0,0.0
2015,4,27,1,WN,4041,N559WN,MSY,MCO,830,830.0,0.0,7.0,837.0,100.0,96.0,78.0,551,1055.0,11.0,1110,1106.0,-4.0,0,0,,0.0,0.0,0.0,0.0,0.0,2015-04-27,0,0.0,0.0,0.0,0.0,0.0
2015,4,10,5,MQ,3602,N697MQ,SGF,DFW,1400,1355.0,-5.0,13.0,1408.0,88.0,97.0,66.0,364,1514.0,18.0,1528,1532.0,4.0,0,0,,0.0,0.0,0.0,0.0,0.0,2015-04-10,0,0.0,0.0,0.0,0.0,0.0
2015,4,15,3,AA,1035,N483AA,DFW,PNS,2030,2025.0,-5.0,19.0,2044.0,113.0,99.0,75.0,604,2159.0,5.0,2223,2204.0,-19.0,0,0,,0.0,0.0,0.0,0.0,0.0,2015-04-15,0,0.0,0.0,0.0,0.0,0.0
2015,3,30,1,EV,5348,N744EV,BUF,DTW,1535,1536.0,1.0,75.0,1651.0,75.0,123.0,43.0,241,1734.0,5.0,1650,1739.0,49.0,0,0,,48.0,0.0,1.0,0.0,0.0,2015-03-30,0,4800.0,0.0,100.0,0.0,0.0
2015,4,29,3,WN,2790,N296WN,MDW,PIT,1900,1858.0,-2.0,12.0,1910.0,80.0,75.0,58.0,402,2108.0,5.0,2120,2113.0,-7.0,0,0,,0.0,0.0,0.0,0.0,0.0,2015-04-29,0,0.0,0.0,0.0,0.0,0.0
2015,4,9,4,AA,1133,N3LGAA,MIA,LGA,700,707.0,7.0,26.0,733.0,177.0,206.0,169.0,1096,1022.0,11.0,957,1033.0,36.0,0,0,,29.0,0.0,7.0,0.0,0.0,2015-04-09,0,414.29,0.0,100.0,0.0,0.0
2015,3,30,1,WN,3566,N7735A,BWI,BOS,715,715.0,0.0,9.0,724.0,80.0,78.0,62.0,369,826.0,7.0,835,833.0,-2.0,0,0,,0.0,0.0,0.0,0.0,0.0,2015-03-30,0,0.0,0.0,0.0,0.0,0.0
2015,4,1,3,UA,224,N488UA,EWR,ORD,1304,1306.0,2.0,20.0,1326.0,154.0,144.0,114.0,719,1420.0,10.0,1438,1430.0,-8.0,0,0,,0.0,0.0,0.0,0.0,0.0,2015-04-01,0,0.0,0.0,0.0,0.0,0.0
2015,4,13,1,AA,74,N3BGAA,DFW,JFK,1825,1934.0,69.0,12.0,1946.0,228.0,202.0,181.0,1391,2347.0,9.0,2313,2356.0,43.0,0,0,,0.0,0.0,0.0,41.0,2.0,2015-04-13,1,0.0,0.0,0.0,59.42,2.9
2015,4,2,4,MQ,3102,N520MQ,TUL,DFW,1946,1943.0,-3.0,20.0,2003.0,74.0,82.0,44.0,237,2047.0,18.0,2100,2105.0,5.0,0,0,,0.0,0.0,0.0,0.0,0.0,2015-04-02,0,0.0,0.0,0.0,0.0,0.0
2015,5,4,1,B6,526,N632JB,TPA,JFK,1005,956.0,-9.0,16.0,1012.0,164.0,155.0,136.0,1005,1228.0,3.0,1249,1231.0,-18.0,0,0,,0.0,0.0,0.0,0.0,0.0,2015-05-04,0,0.0,0.0,0.0,0.0,0.0
2015,3,27,5,OO,4544,N427SW,DAY,DTW,1755,1755.0,0.0,14.0,1809.0,68.0,65.0,45.0,166,1854.0,6.0,1903,1900.0,-3.0,0,0,,0.0,0.0,0.0,0.0,0.0,2015-03-27,0,0.0,0.0,0.0,0.0,0.0
2015,4,23,4,EV,4350,N28529,LRD,IAH,1623,1613.0,-10.0,9.0,1622.0,73.0,69.0,52.0,301,1714.0,8.0,1736,1722.0,-14.0,0,0,,0.0,0.0,0.0,0.0,0.0,2015-04-23,0,0.0,0.0,0.0,0.0,0.0
2015,5,4,1,DL,2656,N922DL,DTW,PIT,2155,2151.0,-4.0,14.0,2205.0,62.0,57.0,37.0,201,2242.0,6.0,2257,2248.0,-9.0,0,0,,0.0,0.0,0.0,0.0,0.0,2015-05-04,0,0.0,0.0,0.0,0.0,0.0
2015,4,7,2,DL,2120,N986AT,MDW,ATL,950,959.0,9.0,14.0,1013.0,109.0,110.0,91.0,591,1244.0,5.0,1239,1249.0,10.0,0,0,,0.0,0.0,0.0,0.0,0.0,2015-04-07,0,0.0,0.0,0.0,0.0,0.0
2015,4,5,7,DL,437,N988AT,JFK,BOS,1030,1024.0,-6.0,9.0,1033.0,70.0,54.0,39.0,187,1112.0,6.0,1140,1118.0,-22.0,0,0,,0.0,0.0,0.0,0.0,0.0,2015-04-05,0,0.0,0.0,0.0,0.0,0.0
2015,4,20,1,MQ,3059,N665MQ,ORD,SGF,2015,2012.0,-3.0,14.0,2026.0,103.0,88.0,70.0,438,2136.0,4.0,2158,2140.0,-18.0,0,0,,0.0,0.0,0.0,0.0,0.0,2015-04-20,0,0.0,0.0,0.0,0.0,0.0
2015,4,22,3,AA,2319,N564AA,DFW,ORD,1505,1510.0,5.0,10.0,1520.0,148.0,139.0,107.0,802,1707.0,22.0,1733,1729.0,-4.0,0,0,,0.0,0.0,0.0,0.0,0.0,2015-04-22,0,0.0,0.0,0.0,0.0,0.0
2015,4,27,1,F9,191,N933FR,FAR,DEN,1850,1842.0,-8.0,9.0,1851.0,114.0,107.0,89.0,627,1920.0,9.0,1944,1929.0,-15.0,0,0,,0.0,0.0,0.0,0.0,0.0,2015-04-27,0,0.0,0.0,0.0,0.0,0.0
2015,4,19,7,UA,1690,N17245,AUS,EWR,611,612.0,1.0,13.0,625.0,222.0,207.0,186.0,1504,1031.0,8.0,1053,1039.0,-14.0,0,0,,0.0,0.0,0.0,0.0,0.0,2015-04-19,0,0.0,0.0,0.0,0.0,0.0
2015,4,16,4,B6,219,N249JB,JFK,CLT,800,757.0,-3.0,21.0,818.0,124.0,116.0,82.0,541,940.0,13.0,1004,953.0,-11.0,0,0,,0.0,0.0,0.0,0.0,0.0,2015-04-16,0,0.0,0.0,0.0,0.0,0.0
2015,4,4,6,AA,52,N3MFAA,LAX,DCA,1315,1345.0,30.0,16.0,1401.0,310.0,263.0,244.0,2311,2105.0,3.0,2125,2108.0,-17.0,0,0,,0.0,0.0,0.0,0.0,0.0,2015-04-04,1,0.0,0.0,0.0,0.0,0.0
2015,3,27,5,EV,4989,N614QX,RIC,DTW,1700,1709.0,9.0,12.0,1721.0,110.0,100.0,83.0,456,1844.0,5.0,1850,1849.0,-1.0,0,0,,0.0,0.0,0.0,0.0,0.0,2015-03-27,0,0.0,0.0,0.0,0.0,0.0
2015,4,16,4,AA,1057,N3CRAA,BOS,DFW,500,500.0,0.0,12.0,512.0,258.0,248.0,225.0,1562,757.0,11.0,818,808.0,-10.0,0,0,,0.0,0.0,0.0,0.0,0.0,2015-04-16,0,0.0,0.0,0.0,0.0,0.0
2015,4,16,4,NK,858,N504NK,SAN,IAH,800,753.0,-7.0,19.0,812.0,183.0,183.0,151.0,1303,1243.0,13.0,1303,1256.0,-7.0,0,0,,0.0,0.0,0.0,0.0,0.0,2015-04-16,0,0.0,0.0,0.0,0.0,0.0
2015,5,4,1,DL,2642,N309US,DTW,ATL,1005,1000.0,-5.0,13.0,1013.0,118.0,108.0,87.0,594,1140.0,8.0,1203,1148.0,-15.0,0,0,,0.0,0.0,0.0,0.0,0.0,2015-05-04,0,0.0,0.0,0.0,0.0,0.0
2015,3,26,4,UA,219,N213UA,ORD,HNL,915,1344.0,269.0,33.0,1417.0,556.0,537.0,499.0,4243,1736.0,5.0,1331,1741.0,250.0,0,0,,0.0,0.0,250.0,0.0,0.0,2015-03-26,1,0.0,0.0,92.94,0.0,0.0
2015,4,2,4,MQ,2945,N626MQ,BMI,DFW,550,540.0,-10.0,14.0,554.0,134.0,131.0,110.0,690,744.0,7.0,804,751.0,-13.0,0,0,,0.0,0.0,0.0,0.0,0.0,2015-04-02,0,0.0,0.0,0.0,0.0,0.0
2015,3,31,2,DL,2167,N320US,ALB,DTW,600,603.0,3.0,9.0,612.0,110.0,107.0,89.0,489,741.0,9.0,750,750.0,0.0,0,0,,0.0,0.0,0.0,0.0,0.0,2015-03-31,0,0.0,0.0,0.0,0.0,0.0
2015,4,21,2,MQ,3072,N653MQ,DBQ,ORD,1310,1306.0,-4.0,10.0,1316.0,61.0,53.0,35.0,147,1351.0,8.0,1411,1359.0,-12.0,0,0,,0.0,0.0,0.0,0.0,0.0,2015-04-21,0,0.0,0.0,0.0,0.0,0.0
2015,4,19,7,NK,872,N626NK,OAK,ORD,839,835.0,-4.0,10.0,845.0,245.0,265.0,229.0,1836,1434.0,26.0,1444,1500.0,16.0,0,0,,16.0,0.0,0.0,0.0,0.0,2015-04-19,0,-400.0,-0.0,-0.0,-0.0,-0.0
2015,4,4,6,AS,838,N583AS,HNL,OAK,1410,1410.0,0.0,17.0,1427.0,312.0,300.0,278.0,2409,2205.0,5.0,2222,2210.0,-12.0,0,0,,0.0,0.0,0.0,0.0,0.0,2015-04-04,0,0.0,0.0,0.0,0.0,0.0
2015,4,11,6,F9,300,N207FR,DEN,TPA,2359,2356.0,-3.0,16.0,12.0,198.0,199.0,177.0,1506,509.0,6.0,517,515.0,-2.0,0,0,,0.0,0.0,0.0,0.0,0.0,2015-04-11,0,0.0,0.0,0.0,0.0,0.0
2015,4,7,2,WN,2632,N428WN,OAK,BUR,1955,2054.0,59.0,7.0,2101.0,65.0,56.0,46.0,325,2147.0,3.0,2100,2150.0,50.0,0,0,,0.0,0.0,0.0,50.0,0.0,2015-04-07,1,0.0,0.0,0.0,84.75,0.0
2015,4,6,1,UA,1091,N69830,ORD,SFO,2050,2048.0,-2.0,19.0,2107.0,292.0,282.0,256.0,1846,2323.0,7.0,2342,2330.0,-12.0,0,0,,0.0,0.0,0.0,0.0,0.0,2015-04-06,0,0.0,0.0,0.0,0.0,0.0
2015,4,21,2,US,404,N152UW,MSP,CLT,1350,1343.0,-7.0,19.0,1402.0,150.0,143.0,116.0,930,1658.0,8.0,1720,1706.0,-14.0,0,0,,0.0,0.0,0.0,0.0,0.0,2015-04-21,0,0.0,0.0,0.0,0.0,0.0
2015,4,22,3,WN,872,N603SW,LAS,DEN,1220,1216.0,-4.0,8.0,1224.0,115.0,99.0,86.0,628,1450.0,5.0,1515,1455.0,-20.0,0,0,,0.0,0.0,0.0,0.0,0.0,2015-04-22,0,0.0,0.0,0.0,0.0,0.0
2015,4,27,1,AA,1683,N3JJAA,DFW,FLL,1035,1059.0,24.0,21.0,1120.0,172.0,171.0,144.0,1119,1444.0,6.0,1427,1450.0,23.0,0,0,,0.0,0.0,12.0,11.0,0.0,2015-04-27,1,0.0,0.0,50.0,45.83,0.0
2015,4,30,4,UA,770,N478UA,MSY,EWR,607,607.0,0.0,34.0,641.0,173.0,181.0,138.0,1167,959.0,9.0,1000,1008.0,8.0,0,0,,0.0,0.0,0.0,0.0,0.0,2015-04-30,0,0.0,0.0,0.0,0.0,0.0
2015,4,22,3,US,1948,N944UW,MSY,PHL,1618,1610.0,-8.0,18.0,1628.0,163.0,152.0,131.0,1089,1939.0,3.0,2001,1942.0,-19.0,0,0,,0.0,0.0,0.0,0.0,0.0,2015-04-22,0,0.0,0.0,0.0,0.0,0.0
2015,5,1,5,WN,788,N949WN,DEN,SAN,1810,1803.0,-7.0,13.0,1816.0,140.0,135.0,118.0,853,1914.0,4.0,1930,1918.0,-12.0,0,0,,0.0,0.0,0.0,0.0,0.0,2015-05-01,0,0.0,0.0,0.0,0.0,0.0
2015,3,27,5,WN,685,N7721E,MDW,DCA,1940,2005.0,25.0,15.0,2020.0,105.0,102.0,82.0,601,2242.0,5.0,2225,2247.0,22.0,0,0,,0.0,0.0,0.0,22.0,0.0,2015-03-27,1,0.0,0.0,0.0,88.0,0.0
2015,4,29,3,EV,4470,N12163,IAH,MOB,1125,1122.0,-3.0,8.0,1130.0,81.0,70.0,56.0,427,1226.0,6.0,1246,1232.0,-14.0,0,0,,0.0,0.0,0.0,0.0,0.0,2015-04-29,0,0.0,0.0,0.0,0.0,0.0
2015,4,29,3,B6,451,N536JB,BOS,MCO,1105,1101.0,-4.0,11.0,1112.0,192.0,176.0,160.0,1121,1352.0,5.0,1417,1357.0,-20.0,0,0,,0.0,0.0,0.0,0.0,0.0,2015-04-29,0,0.0,0.0,0.0,0.0,0.0
2015,4,17,5,OO,5193,N794SK,IND,ORD,1810,1806.0,-4.0,16.0,1822.0,69.0,67.0,38.0,177,1800.0,13.0,1819,1813.0,-6.0,0,0,,0.0,0.0,0.0,0.0,0.0,2015-04-17,0,0.0,0.0,0.0,0.0,0.0
2015,4,15,3,DL,1534,N956DN,IND,ATL,1710,1725.0,15.0,15.0,1740.0,98.0,85.0,65.0,432,1845.0,5.0,1848,1850.0,2.0,0,0,,0.0,0.0,0.0,0.0,0.0,2015-04-15,0,0.0,0.0,0.0,0.0,0.0
2015,4,5,7,DL,2028,N593NW,DTW,MCO,1200,1157.0,-3.0,15.0,1212.0,150.0,147.0,121.0,957,1413.0,11.0,1430,1424.0,-6.0,0,0,,0.0,0.0,0.0,0.0,0.0,2015-04-05,0,0.0,0.0,0.0,0.0,0.0
2015,5,4,1,AA,1319,N3MHAA,LAX,IND,1115,1108.0,-7.0,20.0,1128.0,240.0,241.0,217.0,1814,1805.0,4.0,1815,1809.0,-6.0,0,0,,0.0,0.0,0.0,0.0,0.0,2015-05-04,0,0.0,0.0,0.0,0.0,0.0
2015,5,4,1,DL,2048,N892AT,MSP,BDL,1000,958.0,-2.0,11.0,1009.0,158.0,147.0,132.0,1050,1321.0,4.0,1338,1325.0,-13.0,0,0,,0.0,0.0,0.0,0.0,0.0,2015-05-04,0,0.0,0.0,0.0,0.0,0.0
2015,3,28,6,AA,1193,N5CDAA,MIA,SJU,2125,2226.0,61.0,11.0,2237.0,151.0,140.0,122.0,1045,39.0,7.0,2356,46.0,50.0,0,0,,0.0,0.0,10.0,40.0,0.0,2015-03-28,1,0.0,0.0,16.39,65.57,0.0
2015,3,27,5,WN,899,N397SW,BOS,BNA,1235,1310.0,35.0,16.0,1326.0,175.0,187.0,166.0,942,1512.0,5.0,1430,1517.0,47.0,0,0,,28.0,0.0,0.0,19.0,0.0,2015-03-27,1,80.0,0.0,0.0,54.29,0.0
2015,4,16,4,B6,134,N203JB,SJU,MCO,1835,1852.0,17.0,12.0,1904.0,191.0,186.0,164.0,1189,2148.0,10.0,2146,2158.0,12.0,0,0,,0.0,0.0,0.0,0.0,0.0,2015-04-16,1,0.0,0.0,0.0,0.0,0.0
2015,4,14,2,UA,354,N843UA,IAH,DCA,1559,1605.0,6.0,17.0,1622.0,187.0,162.0,142.0,1208,1944.0,3.0,2006,1947.0,-19.0,0,0,,0.0,0.0,0.0,0.0,0.0,2015-04-14,0,0.0,0.0,0.0,0.0,0.0
2015,4,13,1,WN,3061,N292WN,SNA,PHX,1210,1211.0,1.0,9.0,1220.0,70.0,68.0,54.0,338,1314.0,5.0,1320,1319.0,-1.0,0,0,,0.0,0.0,0.0,0.0,0.0,2015-04-13,0,0.0,0.0,0.0,0.0,0.0
2015,5,1,5,HA,382,N477HA,HNL,ITO,951,945.0,-6.0,10.0,955.0,51.0,54.0,39.0,216,1034.0,5.0,1042,1039.0,-3.0,0,0,,0.0,0.0,0.0,0.0,0.0,2015-05-01,0,0.0,0.0,0.0,0.0,0.0
2015,4,3,5,AA,68,N5FAAA,SFO,MIA,700,655.0,-5.0,15.0,710.0,326.0,303.0,279.0,2585,1449.0,9.0,1526,1458.0,-28.0,0,0,,0.0,0.0,0.0,0.0,0.0,2015-04-03,0,0.0,0.0,0.0,0.0,0.0
2015,4,10,5,EV,5442,N853AS,AEX,ATL,1448,1446.0,-2.0,13.0,1459.0,97.0,99.0,78.0,500,1717.0,8.0,1725,1725.0,0.0,0,0,,0.0,0.0,0.0,0.0,0.0,2015-04-10,0,0.0,0.0,0.0,0.0,0.0
2015,4,23,4,UA,1262,N37462,SEA,IAH,1357,1812.0,255.0,13.0,1825.0,251.0,241.0,218.0,1874,3.0,10.0,2008,13.0,245.0,0,0,,0.0,0.0,11.0,234.0,0.0,2015-04-23,1,0.0,0.0,4.31,91.76,0.0
2015,4,17,5,NK,382,N521NK,DEN,MSP,1643,1718.0,35.0,9.0,1727.0,116.0,109.0,91.0,680,1958.0,9.0,1939,2007.0,28.0,0,0,,0.0,0.0,28.0,0.0,0.0,2015-04-17,1,0.0,0.0,80.0,0.0,0.0
2015,4,28,2,US,679,N171US,PHX,SAN,1400,1351.0,-9.0,18.0,1409.0,71.0,69.0,48.0,304,1457.0,3.0,1511,1500.0,-11.0,0,0,,0.0,0.0,0.0,0.0,0.0,2015-04-28,0,0.0,0.0,0.0,0.0,0.0
2015,3,29,7,AA,1677,N483AA,DFW,MEM,730,756.0,26.0,18.0,814.0,94.0,91.0,63.0,432,917.0,10.0,904,927.0,23.0,0,0,,0.0,0.0,23.0,0.0,0.0,2015-03-29,1,0.0,0.0,88.46,0.0,0.0
2015,4,1,3,DL,2573,N953AT,ATL,MDW,1235,1235.0,0.0,12.0,1247.0,121.0,108.0,91.0,591,1318.0,5.0,1336,1323.0,-13.0,0,0,,0.0,0.0,0.0,0.0,0.0,2015-04-01,0,0.0,0.0,0.0,0.0,0.0
2015,3,26,4,VX,922,N640VA,SFO,LAX,645,642.0,-3.0,8.0,650.0,75.0,71.0,56.0,337,746.0,7.0,800,753.0,-7.0,0,0,,0.0,0.0,0.0,0.0,0.0,2015-03-26,0,0.0,0.0,0.0,0.0,0.0
2015,4,12,7,OO,5491,N124SY,ATL,ORD,1520,1522.0,2.0,15.0,1537.0,131.0,125.0,90.0,606,1607.0,20.0,1631,1627.0,-4.0,0,0,,0.0,0.0,0.0,0.0,0.0,2015-04-12,0,0.0,0.0,0.0,0.0,0.0
2015,4,1,3,AA,1664,N3EYAA,JFK,BOS,1629,1622.0,-7.0,25.0,1647.0,80.0,79.0,40.0,187,1727.0,14.0,1749,1741.0,-8.0,0,0,,0.0,0.0,0.0,0.0,0.0,2015-04-01,0,0.0,0.0,0.0,0.0,0.0
2015,4,2,4,DL,1670,N301DQ,ATL,CHS,815,822.0,7.0,9.0,831.0,67.0,54.0,41.0,259,912.0,4.0,922,916.0,-6.0,0,0,,0.0,0.0,0.0,0.0,0.0,2015-04-02,0,0.0,0.0,0.0,0.0,0.0
2015,4,21,2,UA,1919,N67815,IAH,MSY,1920,1916.0,-4.0,20.0,1936.0,68.0,69.0,45.0,305,2021.0,4.0,2028,2025.0,-3.0,0,0,,0.0,0.0,0.0,0.0,0.0,2015-04-21,0,0.0,0.0,0.0,0.0,0.0
2015,4,23,4,MQ,3101,N681MQ,DFW,ICT,1040,1128.0,48.0,10.0,1138.0,86.0,70.0,56.0,328,1234.0,4.0,1206,1238.0,32.0,0,0,,0.0,0.0,32.0,0.0,0.0,2015-04-23,1,0.0,0.0,66.67,0.0,0.0
2015,4,7,2,OO,2743,N821AS,PSP,PHX,1805,1757.0,-8.0,9.0,1806.0,70.0,69.0,49.0,261,1855.0,11.0,1915,1906.0,-9.0,0,0,,0.0,0.0,0.0,0.0,0.0,2015-04-07,0,0.0,0.0,0.0,0.0,0.0
2015,3,30,1,OO,5313,N930SW,DEN,PUB,810,800.0,-10.0,22.0,822.0,48.0,53.0,27.0,109,849.0,4.0,858,853.0,-5.0,0,0,,0.0,0.0,0.0,0.0,0.0,2015-03-30,0,0.0,0.0,0.0,0.0,0.0
2015,3,31,2,WN,312,N759GS,BWI,MHT,2035,2056.0,21.0,13.0,2109.0,80.0,78.0,60.0,377,2209.0,5.0,2155,2214.0,19.0,0,0,,0.0,0.0,19.0,0.0,0.0,2015-03-31,1,0.0,0.0,90.48,0.0,0.0
2015,4,20,1,WN,441,N7815L,HOU,MDW,1915,1913.0,-2.0,8.0,1921.0,145.0,148.0,118.0,937,2119.0,22.0,2140,2141.0,1.0,0,0,,0.0,0.0,0.0,0.0,0.0,2015-04-20,0,0.0,0.0,0.0,0.0,0.0
2015,5,2,6,WN,1669,N651SW,MCO,ATL,1555,1551.0,-4.0,11.0,1602.0,90.0,81.0,63.0,404,1705.0,7.0,1725,1712.0,-13.0,0,0,,0.0,0.0,0.0,0.0,0.0,2015-05-02,0,0.0,0.0,0.0,0.0,0.0
2015,4,20,1,AA,2348,N597AA,BNA,DFW,730,1036.0,186.0,16.0,1052.0,125.0,131.0,101.0,631,1233.0,14.0,935,1247.0,192.0,0,0,,6.0,0.0,186.0,0.0,0.0,2015-04-20,1,3.23,0.0,100.0,0.0,0.0
2015,4,6,1,DL,1527,N673DL,FLL,ATL,1845,1841.0,-4.0,13.0,1854.0,127.0,134.0,102.0,581,2036.0,19.0,2052,2055.0,3.0,0,0,,0.0,0.0,0.0,0.0,0.0,2015-04-06,0,0.0,0.0,0.0,0.0,0.0
2015,4,27,1,WN,159,N550WN,BOS,STL,1850,2120.0,150.0,10.0,2130.0,180.0,157.0,143.0,1047,2253.0,4.0,2050,2257.0,127.0,0,0,,0.0,0.0,0.0,127.0,0.0,2015-04-27,1,0.0,0.0,0.0,84.67,0.0
2015,4,18,6,UA,314,N463UA,IAH,SNA,1459,1504.0,5.0,16.0,1520.0,214.0,206.0,186.0,1346,1626.0,4.0,1633,1630.0,-3.0,0,0,,0.0,0.0,0.0,0.0,0.0,2015-04-18,0,0.0,0.0,0.0,0.0,0.0
2015,4,20,1,DL,2580,N912DN,MSP,DTW,1419,1418.0,-1.0,12.0,1430.0,96.0,98.0,78.0,528,1648.0,8.0,1655,1656.0,1.0,0,0,,0.0,0.0,0.0,0.0,0.0,2015-04-20,0,0.0,0.0,0.0,0.0,0.0
2015,5,2,6,EV,5472,N853AS,SHV,ATL,530,526.0,-4.0,20.0,546.0,98.0,105.0,75.0,551,801.0,10.0,808,811.0,3.0,0,0,,0.0,0.0,0.0,0.0,0.0,2015-05-02,0,0.0,0.0,0.0,0.0,0.0
2015,4,27,1,US,1898,N587UW,PHX,DEN,1215,1213.0,-2.0,10.0,1223.0,108.0,101.0,87.0,602,1450.0,4.0,1503,1454.0,-9.0,0,0,,0.0,0.0,0.0,0.0,0.0,2015-04-27,0,0.0,0.0,0.0,0.0,0.0
2015,4,29,3,UA,500,N845UA,IND,SFO,805,754.0,-11.0,9.0,803.0,290.0,255.0,239.0,1943,902.0,7.0,955,909.0,-46.0,0,0,,0.0,0.0,0.0,0.0,0.0,2015-04-29,0,0.0,0.0,0.0,0.0,0.0
2015,4,5,7,WN,389,N609SW,LAX,LAS,1405,1422.0,17.0,14.0,1436.0,65.0,63.0,43.0,236,1519.0,6.0,1510,1525.0,15.0,0,0,,0.0,0.0,7.0,8.0,0.0,2015-04-05,1,0.0,0.0,41.18,47.06,0.0
2015,3,29,7,OO,6471,N790SK,RNO,SFO,1628,1624.0,-4.0,11.0,1635.0,67.0,63.0,49.0,192,1724.0,3.0,1735,1727.0,-8.0,0,0,,0.0,0.0,0.0,0.0,0.0,2015-03-29,0,0.0,0.0,0.0,0.0,0.0
2015,4,4,6,AA,347,N3BXAA,MSY,MIA,600,551.0,-9.0,10.0,601.0,109.0,101.0,85.0,675,826.0,6.0,849,832.0,-17.0,0,0,,0.0,0.0,0.0,0.0,0.0,2015-04-04,0,0.0,0.0,0.0,0.0,0.0
2015,4,19,7,DL,906,N925DL,ATL,LGA,2045,2110.0,25.0,29.0,2139.0,144.0,139.0,101.0,762,2320.0,9.0,2309,2329.0,20.0,0,0,,0.0,0.0,20.0,0.0,0.0,2015-04-19,1,0.0,0.0,80.0,0.0,0.0
2015,5,5,2,DL,1670,N911DE,ATL,CHS,830,828.0,-2.0,17.0,845.0,66.0,71.0,46.0,259,931.0,8.0,936,939.0,3.0,0,0,,0.0,0.0,0.0,0.0,0.0,2015-05-05,0,0.0,0.0,0.0,0.0,0.0
2015,4,5,7,DL,1248,N128DL,DTW,LAX,1543,1712.0,89.0,16.0,1728.0,312.0,323.0,302.0,1979,1930.0,5.0,1755,1935.0,100.0,0,0,,11.0,0.0,89.0,0.0,0.0,2015-04-05,1,12.36,0.0,100.0,0.0,0.0
2015,4,11,6,B6,2007,N566JB,PIT,FLL,700,653.0,-7.0,13.0,706.0,160.0,168.0,147.0,994,933.0,8.0,940,941.0,1.0,0,0,,0.0,0.0,0.0,0.0,0.0,2015-04-11,0,0.0,0.0,0.0,0.0,0.0
2015,4,26,7,HA,223,N485HA,HNL,LIH,1936,1936.0,0.0,9.0,1945.0,37.0,40.0,24.0,102,2009.0,7.0,2013,2016.0,3.0,0,0,,0.0,0.0,0.0,0.0,0.0,2015-04-26,0,0.0,0.0,0.0,0.0,0.0
2015,4,26,7,EV,5107,N936EV,AGS,ATL,1845,1906.0,21.0,22.0,1928.0,56.0,68.0,38.0,143,2006.0,8.0,1941,2014.0,33.0,0,0,,12.0,0.0,21.0,0.0,0.0,2015-04-26,1,57.14,0.0,100.0,0.0,0.0
2015,4,21,2,OO,5341,N946SW,HYS,DEN,1750,1735.0,-15.0,23.0,1758.0,75.0,81.0,52.0,298,1750.0,6.0,1805,1756.0,-9.0,0,0,,0.0,0.0,0.0,0.0,0.0,2015-04-21,0,0.0,0.0,0.0,0.0,0.0
2015,4,7,2,AA,1445,N862AA,DFW,SAN,1210,1206.0,-4.0,20.0,1226.0,195.0,189.0,167.0,1171,1313.0,2.0,1325,1315.0,-10.0,0,0,,0.0,0.0,0.0,0.0,0.0,2015-04-07,0,0.0,0.0,0.0,0.0,0.0
2015,5,4,1,B6,586,N228JB,JFK,ROC,900,859.0,-1.0,27.0,926.0,89.0,82.0,49.0,264,1015.0,6.0,1029,1021.0,-8.0,0,0,,0.0,0.0,0.0,0.0,0.0,2015-05-04,0,0.0,0.0,0.0,0.0,0.0
2015,4,1,3,UA,1112,N37277,FLL,EWR,2002,2005.0,3.0,16.0,2021.0,178.0,171.0,147.0,1065,2248.0,8.0,2300,2256.0,-4.0,0,0,,0.0,0.0,0.0,0.0,0.0,2015-04-01,0,0.0,0.0,0.0,0.0,0.0
2015,3,29,7,B6,767,N590JB,MCO,PSE,2322,2319.0,-3.0,12.0,2331.0,167.0,158.0,142.0,1179,153.0,4.0,209,157.0,-12.0,0,0,,0.0,0.0,0.0,0.0,0.0,2015-03-29,0,0.0,0.0,0.0,0.0,0.0
2015,4,25,6,VX,938,N523VA,SFO,LAX,1920,2012.0,52.0,10.0,2022.0,85.0,68.0,52.0,337,2114.0,6.0,2045,2120.0,35.0,0,0,,0.0,0.0,0.0,35.0,0.0,2015-04-25,1,0.0,0.0,0.0,67.31,0.0
2015,4,3,5,DL,1099,N618DL,ATL,RDU,2106,2122.0,16.0,23.0,2145.0,86.0,83.0,56.0,356,2241.0,4.0,2232,2245.0,13.0,0,0,,0.0,0.0,0.0,0.0,0.0,2015-04-03,1,0.0,0.0,0.0,0.0,0.0
2015,4,21,2,MQ,3213,N643MQ,ROC,ORD,820,822.0,2.0,10.0,832.0,120.0,112.0,88.0,528,900.0,14.0,920,914.0,-6.0,0,0,,0.0,0.0,0.0,0.0,0.0,2015-04-21,0,0.0,0.0,0.0,0.0,0.0
2015,4,20,1,OO,4719,N820SK,DTW,IAH,850,848.0,-2.0,38.0,926.0,198.0,199.0,156.0,1075,1102.0,5.0,1108,1107.0,-1.0,0,0,,0.0,0.0,0.0,0.0,0.0,2015-04-20,0,0.0,0.0,0.0,0.0,0.0
2015,5,2,6,EV,4880,N612QX,DTW,AZO,1540,1546.0,6.0,17.0,1603.0,52.0,45.0,24.0,113,1627.0,4.0,1632,1631.0,-1.0,0,0,,0.0,0.0,0.0,0.0,0.0,2015-05-02,0,0.0,0.0,0.0,0.0,0.0
2015,3,26,4,MQ,3039,N668MQ,ORD,ALO,2010,2034.0,24.0,14.0,2048.0,71.0,66.0,45.0,234,2133.0,7.0,2121,2140.0,19.0,0,0,,0.0,0.0,0.0,19.0,0.0,2015-03-26,1,0.0,0.0,0.0,79.17,0.0
2015,4,11,6,AA,2496,N5DJAA,DFW,LAX,1530,1532.0,2.0,13.0,1545.0,212.0,188.0,171.0,1235,1636.0,4.0,1702,1640.0,-22.0,0,0,,0.0,0.0,0.0,0.0,0.0,2015-04-11,0,0.0,0.0,0.0,0.0,0.0
2015,4,13,1,DL,1809,N751AT,SLC,DTW,1115,1109.0,-6.0,26.0,1135.0,210.0,199.0,169.0,1481,1624.0,4.0,1645,1628.0,-17.0,0,0,,0.0,0.0,0.0,0.0,0.0,2015-04-13,0,0.0,0.0,0.0,0.0,0.0
2015,4,21,2,OO,5246,N705SK,DFW,IAH,615,606.0,-9.0,16.0,622.0,62.0,59.0,39.0,224,701.0,4.0,717,705.0,-12.0,0,0,,0.0,0.0,0.0,0.0,0.0,2015-04-21,0,0.0,0.0,0.0,0.0,0.0
2015,4,4,6,OO,4557,N685BR,MSP,IND,915,912.0,-3.0,21.0,933.0,104.0,94.0,68.0,503,1141.0,5.0,1159,1146.0,-13.0,0,0,,0.0,0.0,0.0,0.0,0.0,2015-04-04,0,0.0,0.0,0.0,0.0,0.0
2015,4,24,5,US,2039,N174US,CLT,MSP,2215,2212.0,-3.0,14.0,2226.0,157.0,163.0,142.0,930,2348.0,7.0,2352,2355.0,3.0,0,0,,0.0,0.0,0.0,0.0,0.0,2015-04-24,0,0.0,0.0,0.0,0.0,0.0
2015,4,5,7,EV,2512,N877AS,LFT,DFW,1610,1634.0,24.0,10.0,1644.0,84.0,91.0,73.0,351,1757.0,8.0,1734,1805.0,31.0,0,0,,7.0,0.0,0.0,24.0,0.0,2015-04-05,1,29.17,0.0,0.0,100.0,0.0
2015,4,27,1,UA,1406,N27733,IAH,AUS,2255,2303.0,8.0,11.0,2314.0,54.0,43.0,28.0,140,2342.0,4.0,2349,2346.0,-3.0,0,0,,0.0,0.0,0.0,0.0,0.0,2015-04-27,0,0.0,0.0,0.0,0.0,0.0
2015,4,27,1,OO,2761,N506CA,PHX,TUS,1030,1242.0,132.0,15.0,1257.0,51.0,40.0,21.0,110,1318.0,4.0,1121,1322.0,121.0,0,0,,0.0,0.0,0.0,121.0,0.0,2015-04-27,1,0.0,0.0,0.0,91.67,0.0
2015,4,10,5,F9,1176,N227FR,IAD,MCO,1715,1744.0,29.0,23.0,1807.0,140.0,146.0,116.0,758,2003.0,7.0,1935,2010.0,35.0,0,0,,20.0,0.0,15.0,0.0,0.0,2015-04-10,1,68.97,0.0,51.72,0.0,0.0
2015,4,19,7,UA,401,N437UA,BOS,IAH,1242,1241.0,-1.0,11.0,1252.0,254.0,242.0,228.0,1597,1540.0,3.0,1556,1543.0,-13.0,0,0,,0.0,0.0,0.0,0.0,0.0,2015-04-19,0,0.0,0.0,0.0,0.0,0.0
2015,4,15,3,UA,1753,N66828,LAS,LAX,1957,2014.0,17.0,12.0,2026.0,78.0,62.0,44.0,236,2110.0,6.0,2115,2116.0,1.0,0,0,,0.0,0.0,0.0,0.0,0.0,2015-04-15,1,0.0,0.0,0.0,0.0,0.0
2015,4,29,3,OO,5220,N794SK,DFW,IAH,1315,1305.0,-10.0,15.0,1320.0,68.0,65.0,46.0,224,1406.0,4.0,1423,1410.0,-13.0,0,0,,0.0,0.0,0.0,0.0,0.0,2015-04-29,0,0.0,0.0,0.0,0.0,0.0
2015,4,10,5,AA,2281,N425AA,IND,DFW,615,609.0,-6.0,10.0,619.0,144.0,136.0,121.0,761,720.0,5.0,739,725.0,-14.0,0,0,,0.0,0.0,0.0,0.0,0.0,2015-04-10,0,0.0,0.0,0.0,0.0,0.0
2015,4,19,7,WN,2802,N8635F,PIT,LAS,1625,1627.0,2.0,15.0,1642.0,280.0,259.0,235.0,1910,1737.0,9.0,1805,1746.0,-19.0,0,0,,0.0,0.0,0.0,0.0,0.0,2015-04-19,0,0.0,0.0,0.0,0.0,0.0
2015,4,25,6,B6,962,N506JB,SJU,BOS,500,450.0,-10.0,10.0,500.0,248.0,272.0,259.0,1674,919.0,3.0,908,922.0,14.0,0,0,,0.0,0.0,0.0,0.0,0.0,2015-04-25,0,0.0,0.0,0.0,0.0,0.0
2015,4,14,2,WN,613,N200WN,MDW,MEM,915,909.0,-6.0,11.0,920.0,100.0,97.0,78.0,480,1038.0,8.0,1055,1046.0,-9.0,0,0,,0.0,0.0,0.0,0.0,0.0,2015-04-14,0,0.0,0.0,0.0,0.0,0.0
2015,4,15,3,F9,295,N210FR,TPA,DEN,715,1030.0,195.0,14.0,1044.0,244.0,219.0,197.0,1506,1201.0,8.0,919,1209.0,170.0,0,0,,0.0,0.0,170.0,0.0,0.0,2015-04-15,1,0.0,0.0,87.18,0.0,0.0
2015,3,27,5,OO,5169,N932SW,DEN,CPR,1527,1521.0,-6.0,14.0,1535.0,65.0,61.0,41.0,230,1616.0,6.0,1632,1622.0,-10.0,0,0,,0.0,0.0,0.0,0.0,0.0,2015-03-27,0,0.0,0.0,0.0,0.0,0.0
2015,4,21,2,WN,102,N7725A,MCO,MEM,1725,1734.0,9.0,11.0,1745.0,125.0,125.0,110.0,684,1835.0,4.0,1830,1839.0,9.0,0,0,,0.0,0.0,0.0,0.0,0.0,2015-04-21,0,0.0,0.0,0.0,0.0,0.0
2015,4,19,7,WN,1614,N954WN,PHX,OAK,1215,1211.0,-4.0,7.0,1218.0,115.0,103.0,90.0,646,1348.0,6.0,1410,1354.0,-16.0,0,0,,0.0,0.0,0.0,0.0,0.0,2015-04-19,0,0.0,0.0,0.0,0.0,0.0
2015,4,24,5,US,671,N557UW,MCO,PHX,1715,1710.0,-5.0,11.0,1721.0,282.0,283.0,263.0,1849,1844.0,9.0,1857,1853.0,-4.0,0,0,,0.0,0.0,0.0,0.0,0.0,2015-04-24,0,0.0,0.0,0.0,0.0,0.0
2015,4,16,4,EV,6122,N16541,ORD,ATW,1248,1243.0,-5.0,13.0,1256.0,56.0,48.0,31.0,160,1327.0,4.0,1344,1331.0,-13.0,0,0,,0.0,0.0,0.0,0.0,0.0,2015-04-16,0,0.0,0.0,0.0,0.0,0.0
2015,4,6,1,WN,855,N267WN,LAS,SNA,745,742.0,-3.0,15.0,757.0,60.0,59.0,39.0,226,836.0,5.0,845,841.0,-4.0,0,0,,0.0,0.0,0.0,0.0,0.0,2015-04-06,0,0.0,0.0,0.0,0.0,0.0
2015,4,10,5,DL,872,N903DA,DCA,ATL,659,655.0,-4.0,28.0,723.0,118.0,141.0,101.0,547,904.0,12.0,857,916.0,19.0,0,0,,19.0,0.0,0.0,0.0,0.0,2015-04-10,0,-475.0,-0.0,-0.0,-0.0,-0.0
2015,4,13,1,DL,1503,N301NB,MSP,BIL,2145,2140.0,-5.0,10.0,2150.0,124.0,120.0,105.0,748,2235.0,5.0,2249,2240.0,-9.0,0,0,,0.0,0.0,0.0,0.0,0.0,2015-04-13,0,0.0,0.0,0.0,0.0,0.0
2015,5,2,6,US,763,N951UW,CLT,DCA,1640,1634.0,-6.0,24.0,1658.0,87.0,80.0,53.0,331,1751.0,3.0,1807,1754.0,-13.0,0,0,,0.0,0.0,0.0,0.0,0.0,2015-05-02,0,0.0,0.0,0.0,0.0,0.0
2015,4,19,7,HA,314,N476HA,LIH,HNL,1925,1922.0,-3.0,8.0,1930.0,33.0,38.0,22.0,102,1952.0,8.0,1958,2000.0,2.0,0,0,,0.0,0.0,0.0,0.0,0.0,2015-04-19,0,0.0,0.0,0.0,0.0,0.0
2015,4,22,3,UA,1750,N39475,ORD,LAX,2100,2057.0,-3.0,14.0,2111.0,273.0,261.0,234.0,1744,2305.0,13.0,2333,2318.0,-15.0,0,0,,0.0,0.0,0.0,0.0,0.0,2015-04-22,0,0.0,0.0,0.0,0.0,0.0
2015,4,6,1,NK,442,N527NK,DFW,MCI,1945,1945.0,0.0,12.0,1957.0,89.0,87.0,72.0,460,2109.0,3.0,2114,2112.0,-2.0,0,0,,0.0,0.0,0.0,0.0,0.0,2015-04-06,0,0.0,0.0,0.0,0.0,0.0
2015,3,26,4,UA,274,N807UA,BZN,DEN,715,709.0,-6.0,21.0,730.0,104.0,93.0,68.0,524,838.0,4.0,859,842.0,-17.0,0,0,,0.0,0.0,0.0,0.0,0.0,2015-03-26,0,0.0,0.0,0.0,0.0,0.0
2015,4,26,7,DL,1620,N935AT,OMA,MSP,700,650.0,-10.0,17.0,707.0,74.0,76.0,51.0,282,758.0,8.0,814,806.0,-8.0,0,0,,0.0,0.0,0.0,0.0,0.0,2015-04-26,0,0.0,0.0,0.0,0.0,0.0
2015,4,29,3,WN,989,N793SA,LAX,DEN,1400,1421.0,21.0,7.0,1428.0,135.0,131.0,117.0,862,1725.0,7.0,1715,1732.0,17.0,0,0,,0.0,0.0,17.0,0.0,0.0,2015-04-29,1,0.0,0.0,80.95,0.0,0.0
2015,3,27,5,VX,913,N835VA,BOS,LAS,1035,1053.0,18.0,14.0,1107.0,375.0,330.0,309.0,2381,1316.0,7.0,1350,1323.0,-27.0,0,0,,0.0,0.0,0.0,0.0,0.0,2015-03-27,1,0.0,0.0,0.0,0.0,0.0
2015,5,5,2,DL,971,N363NW,LGA,DEN,800,755.0,-5.0,10.0,805.0,267.0,242.0,224.0,1620,949.0,8.0,1027,957.0,-30.0,0,0,,0.0,0.0,0.0,0.0,0.0,2015-05-05,0,0.0,0.0,0.0,0.0,0.0
2015,4,3,5,AA,1319,N3LEAA,LAX,IND,1115,1111.0,-4.0,21.0,1132.0,244.0,210.0,185.0,1814,1737.0,4.0,1819,1741.0,-38.0,0,0,,0.0,0.0,0.0,0.0,0.0,2015-04-03,0,0.0,0.0,0.0,0.0,0.0
2015,4,11,6,US,1816,N723UW,DCA,TPA,1000,958.0,-2.0,17.0,1015.0,144.0,145.0,124.0,814,1219.0,4.0,1224,1223.0,-1.0,0,0,,0.0,0.0,0.0,0.0,0.0,2015-04-11,0,0.0,0.0,0.0,0.0,0.0
2015,4,1,3,WN,3584,N8643A,LAS,TPA,1000,958.0,-2.0,14.0,1012.0,250.0,243.0,222.0,1984,1654.0,7.0,1710,1701.0,-9.0,0,0,,0.0,0.0,0.0,0.0,0.0,2015-04-01,0,0.0,0.0,0.0,0.0,0.0
2015,4,24,5,F9,1428,N947FR,CLE,TPA,1305,1307.0,2.0,14.0,1321.0,150.0,145.0,124.0,927,1525.0,7.0,1535,1532.0,-3.0,0,0,,0.0,0.0,0.0,0.0,0.0,2015-04-24,0,0.0,0.0,0.0,0.0,0.0
2015,4,22,3,AA,67,N5CRAA,JFK,SJU,1800,1804.0,4.0,36.0,1840.0,244.0,239.0,196.0,1598,2156.0,7.0,2204,2203.0,-1.0,0,0,,0.0,0.0,0.0,0.0,0.0,2015-04-22,0,0.0,0.0,0.0,0.0,0.0
2015,5,4,1,MQ,3504,N848MQ,JFK,CMH,1900,1856.0,-4.0,35.0,1931.0,119.0,111.0,73.0,483,2044.0,3.0,2059,2047.0,-12.0,0,0,,0.0,0.0,0.0,0.0,0.0,2015-05-04,0,0.0,0.0,0.0,0.0,0.0
2015,4,4,6,WN,1697,N719SW,MDW,TPA,850,849.0,-1.0,23.0,912.0,155.0,147.0,120.0,997,1212.0,4.0,1225,1216.0,-9.0,0,0,,0.0,0.0,0.0,0.0,0.0,2015-04-04,0,0.0,0.0,0.0,0.0,0.0
2015,4,11,6,WN,2214,N790SW,LAS,RNO,1020,1018.0,-2.0,12.0,1030.0,80.0,72.0,56.0,345,1126.0,4.0,1140,1130.0,-10.0,0,0,,0.0,0.0,0.0,0.0,0.0,2015-04-11,0,0.0,0.0,0.0,0.0,0.0
2015,4,11,6,EV,4208,N16561,SHV,IAH,535,526.0,-9.0,13.0,539.0,63.0,73.0,47.0,192,626.0,13.0,638,639.0,1.0,0,0,,0.0,0.0,0.0,0.0,0.0,2015-04-11,0,0.0,0.0,0.0,0.0,0.0
2015,4,30,4,DL,2121,N672DL,SLC,DCA,950,948.0,-2.0,28.0,1016.0,240.0,245.0,212.0,1851,1548.0,5.0,1550,1553.0,3.0,0,0,,0.0,0.0,0.0,0.0,0.0,2015-04-30,0,0.0,0.0,0.0,0.0,0.0
2015,4,25,6,MQ,2904,N503MQ,CID,DFW,1505,1510.0,5.0,12.0,1522.0,130.0,138.0,104.0,685,1706.0,22.0,1715,1728.0,13.0,0,0,,0.0,0.0,0.0,0.0,0.0,2015-04-25,0,0.0,0.0,0.0,0.0,0.0
2015,3,29,7,UA,274,N474UA,BZN,DEN,715,836.0,81.0,10.0,846.0,104.0,86.0,69.0,524,955.0,7.0,859,1002.0,63.0,0,0,,0.0,0.0,63.0,0.0,0.0,2015-03-29,1,0.0,0.0,77.78,0.0,0.0
2015,4,27,1,DL,980,N617DL,ATL,BOS,1455,1459.0,4.0,23.0,1522.0,165.0,162.0,119.0,946,1721.0,20.0,1740,1741.0,1.0,0,0,,0.0,0.0,0.0,0.0,0.0,2015-04-27,0,0.0,0.0,0.0,0.0,0.0
2015,4,17,5,WN,171,N960WN,STL,LAX,2120,2300.0,100.0,9.0,2309.0,240.0,227.0,214.0,1592,43.0,4.0,2320,47.0,87.0,0,0,,0.0,0.0,0.0,87.0,0.0,2015-04-17,1,0.0,0.0,0.0,87.0,0.0
2015,4,24,5,WN,328,N952WN,BOI,GEG,1745,1802.0,17.0,9.0,1811.0,60.0,54.0,42.0,287,1753.0,3.0,1745,1756.0,11.0,0,0,,0.0,0.0,0.0,0.0,0.0,2015-04-24,1,0.0,0.0,0.0,0.0,0.0
2015,4,13,1,WN,4289,N691WN,SAN,SFO,1605,1603.0,-2.0,9.0,1612.0,85.0,79.0,66.0,447,1718.0,4.0,1730,1722.0,-8.0,0,0,,0.0,0.0,0.0,0.0,0.0,2015-04-13,0,0.0,0.0,0.0,0.0,0.0
2015,4,24,5,WN,205,N488WN,PVD,MCO,1745,1738.0,-7.0,7.0,1745.0,180.0,159.0,144.0,1072,2009.0,8.0,2045,2017.0,-28.0,0,0,,0.0,0.0,0.0,0.0,0.0,2015-04-24,0,0.0,0.0,0.0,0.0,0.0
2015,4,16,4,WN,3769,N793SA,SEA,LAS,1030,1024.0,-6.0,19.0,1043.0,145.0,143.0,117.0,867,1240.0,7.0,1255,1247.0,-8.0,0,0,,0.0,0.0,0.0,0.0,0.0,2015-04-16,0,0.0,0.0,0.0,0.0,0.0
2015,4,30,4,HA,509,N488HA,HNL,LIH,905,857.0,-8.0,12.0,909.0,38.0,38.0,21.0,102,930.0,5.0,943,935.0,-8.0,0,0,,0.0,0.0,0.0,0.0,0.0,2015-04-30,0,0.0,0.0,0.0,0.0,0.0
2015,3,30,1,DL,1373,N926DH,ATL,TPA,1135,1134.0,-1.0,13.0,1147.0,84.0,76.0,59.0,406,1246.0,4.0,1259,1250.0,-9.0,0,0,,0.0,0.0,0.0,0.0,0.0,2015-03-30,0,0.0,0.0,0.0,0.0,0.0
2015,4,21,2,UA,894,N425UA,EWR,DEN,1400,1400.0,0.0,27.0,1427.0,273.0,257.0,222.0,1605,1609.0,8.0,1633,1617.0,-16.0,0,0,,0.0,0.0,0.0,0.0,0.0,2015-04-21,0,0.0,0.0,0.0,0.0,0.0
2015,4,19,7,EV,3954,N14562,EWR,GSP,1623,1618.0,-5.0,27.0,1645.0,120.0,127.0,98.0,594,1823.0,2.0,1823,1825.0,2.0,0,0,,0.0,0.0,0.0,0.0,0.0,2015-04-19,0,0.0,0.0,0.0,0.0,0.0
2015,4,3,5,MQ,3055,N683MQ,FAR,ORD,1845,1835.0,-10.0,8.0,1843.0,113.0,101.0,77.0,557,2000.0,16.0,2038,2016.0,-22.0,0,0,,0.0,0.0,0.0,0.0,0.0,2015-04-03,0,0.0,0.0,0.0,0.0,0.0
2015,3,26,4,UA,330,N428UA,IAH,DCA,1805,1833.0,28.0,19.0,1852.0,174.0,151.0,130.0,1208,2202.0,2.0,2159,2204.0,5.0,0,0,,0.0,0.0,0.0,0.0,0.0,2015-03-26,1,0.0,0.0,0.0,0.0,0.0
2015,4,22,3,OO,5204,N106SY,BOS,ORD,1026,1026.0,0.0,12.0,1038.0,169.0,153.0,137.0,867,1155.0,4.0,1215,1159.0,-16.0,0,0,,0.0,0.0,0.0,0.0,0.0,2015-04-22,0,0.0,0.0,0.0,0.0,0.0
2015,4,24,5,VX,593,N844VA,PSP,SFO,1905,1902.0,-3.0,14.0,1916.0,85.0,120.0,104.0,421,2100.0,2.0,2030,2102.0,32.0,0,0,,32.0,0.0,0.0,0.0,0.0,2015-04-24,0,-1066.67,-0.0,-0.0,-0.0,-0.0
2015,4,18,6,WN,1770,N273WN,PVD,BWI,1230,1227.0,-3.0,7.0,1234.0,80.0,67.0,56.0,327,1330.0,4.0,1350,1334.0,-16.0,0,0,,0.0,0.0,0.0,0.0,0.0,2015-04-18,0,0.0,0.0,0.0,0.0,0.0
2015,4,19,7,DL,1226,N958DL,RSW,LGA,1222,1221.0,-1.0,13.0,1234.0,172.0,160.0,137.0,1080,1451.0,10.0,1514,1501.0,-13.0,0,0,,0.0,0.0,0.0,0.0,0.0,2015-04-19,0,0.0,0.0,0.0,0.0,0.0
2015,4,18,6,B6,843,N203JB,DCA,CHS,1159,1154.0,-5.0,14.0,1208.0,99.0,104.0,74.0,444,1322.0,16.0,1338,1338.0,0.0,0,0,,0.0,0.0,0.0,0.0,0.0,2015-04-18,0,0.0,0.0,0.0,0.0,0.0
2015,4,5,7,EV,3936,N14558,LAN,ORD,1614,1605.0,-9.0,16.0,1621.0,70.0,66.0,38.0,179,1559.0,12.0,1624,1611.0,-13.0,0,0,,0.0,0.0,0.0,0.0,0.0,2015-04-05,0,0.0,0.0,0.0,0.0,0.0
2015,5,1,5,DL,1872,N904DA,TPA,ATL,620,614.0,-6.0,14.0,628.0,85.0,88.0,66.0,406,734.0,8.0,745,742.0,-3.0,0,0,,0.0,0.0,0.0,0.0,0.0,2015-05-01,0,0.0,0.0,0.0,0.0,0.0
2015,3,31,2,US,1986,N952UW,RDU,PHL,1526,1533.0,7.0,48.0,1621.0,101.0,117.0,63.0,337,1724.0,6.0,1707,1730.0,23.0,0,0,,16.0,0.0,7.0,0.0,0.0,2015-03-31,0,228.57,0.0,100.0,0.0,0.0
2015,4,6,1,F9,1210,N925FR,ORD,MCO,1045,1043.0,-2.0,15.0,1058.0,155.0,152.0,129.0,1005,1407.0,8.0,1420,1415.0,-5.0,0,0,,0.0,0.0,0.0,0.0,0.0,2015-04-06,0,0.0,0.0,0.0,0.0,0.0
2015,4,14,2,DL,1558,N3773D,TPA,LAX,700,656.0,-4.0,10.0,706.0,331.0,330.0,297.0,2158,903.0,23.0,931,926.0,-5.0,0,0,,0.0,0.0,0.0,0.0,0.0,2015-04-14,0,0.0,0.0,0.0,0.0,0.0
2015,4,27,1,AA,2363,N3CFAA,FLL,DFW,1200,1151.0,-9.0,23.0,1214.0,201.0,220.0,180.0,1119,1414.0,17.0,1421,1431.0,10.0,0,0,,0.0,0.0,0.0,0.0,0.0,2015-04-27,0,0.0,0.0,0.0,0.0,0.0
2015,4,22,3,WN,4810,N216WR,BWI,TPA,830,828.0,-2.0,11.0,839.0,145.0,140.0,125.0,842,1044.0,4.0,1055,1048.0,-7.0,0,0,,0.0,0.0,0.0,0.0,0.0,2015-04-22,0,0.0,0.0,0.0,0.0,0.0
2015,4,1,3,US,1921,N716UW,CLT,JAX,1950,1947.0,-3.0,10.0,1957.0,74.0,69.0,54.0,328,2051.0,5.0,2104,2056.0,-8.0,0,0,,0.0,0.0,0.0,0.0,0.0,2015-04-01,0,0.0,0.0,0.0,0.0,0.0
2015,3,30,1,B6,879,N659JB,LAS,LGB,1507,1513.0,6.0,17.0,1530.0,66.0,62.0,42.0,231,1612.0,3.0,1613,1615.0,2.0,0,0,,0.0,0.0,0.0,0.0,0.0,2015-03-30,0,0.0,0.0,0.0,0.0,0.0
2015,4,9,4,EV,4940,N841AS,DTW,MLI,2015,2012.0,-3.0,62.0,2114.0,98.0,130.0,64.0,373,2118.0,4.0,2053,2122.0,29.0,0,0,,29.0,0.0,0.0,0.0,0.0,2015-04-09,0,-966.67,-0.0,-0.0,-0.0,-0.0
2015,5,1,5,WN,867,N369SW,DEN,MKE,1255,1318.0,23.0,9.0,1327.0,135.0,121.0,107.0,896,1614.0,5.0,1610,1619.0,9.0,0,0,,0.0,0.0,0.0,0.0,0.0,2015-05-01,1,0.0,0.0,0.0,0.0,0.0
2015,4,28,2,AA,1379,N858AA,LAX,LAS,1200,1156.0,-4.0,15.0,1211.0,73.0,81.0,57.0,236,1308.0,9.0,1313,1317.0,4.0,0,0,,0.0,0.0,0.0,0.0,0.0,2015-04-28,0,0.0,0.0,0.0,0.0,0.0
2015,4,16,4,WN,583,N259WN,LAS,RNO,1225,1228.0,3.0,13.0,1241.0,80.0,78.0,60.0,345,1341.0,5.0,1345,1346.0,1.0,0,0,,0.0,0.0,0.0,0.0,0.0,2015-04-16,0,0.0,0.0,0.0,0.0,0.0
2015,4,24,5,WN,1015,N457WN,DAL,ABQ,2200,2211.0,11.0,17.0,2228.0,110.0,111.0,90.0,580,2258.0,4.0,2250,2302.0,12.0,0,0,,0.0,0.0,0.0,0.0,0.0,2015-04-24,0,0.0,0.0,0.0,0.0,0.0
2015,4,9,4,DL,1430,N367NW,DTW,DFW,1725,1723.0,-2.0,14.0,1737.0,170.0,180.0,154.0,986,1911.0,12.0,1915,1923.0,8.0,0,0,,0.0,0.0,0.0,0.0,0.0,2015-04-09,0,0.0,0.0,0.0,0.0,0.0
2015,5,3,7,AA,1270,N3HNAA,MIA,DCA,1115,1203.0,48.0,10.0,1213.0,154.0,132.0,118.0,919,1411.0,4.0,1349,1415.0,26.0,0,0,,0.0,0.0,1.0,25.0,0.0,2015-05-03,1,0.0,0.0,2.08,52.08,0.0
2015,4,10,5,EV,3263,N12163,IAH,LCH,2118,2111.0,-7.0,13.0,2124.0,54.0,44.0,26.0,127,2150.0,5.0,2212,2155.0,-17.0,0,0,,0.0,0.0,0.0,0.0,0.0,2015-04-10,0,0.0,0.0,0.0,0.0,0.0
2015,4,24,5,UA,345,N825UA,IAH,LGA,1551,1553.0,2.0,17.0,1610.0,219.0,193.0,173.0,1416,2003.0,3.0,2030,2006.0,-24.0,0,0,,0.0,0.0,0.0,0.0,0.0,2015-04-24,0,0.0,0.0,0.0,0.0,0.0
2015,3,30,1,MQ,3326,N601MQ,ABI,DFW,1820,1810.0,-10.0,8.0,1818.0,57.0,49.0,37.0,158,1855.0,4.0,1917,1859.0,-18.0,0,0,,0.0,0.0,0.0,0.0,0.0,2015-03-30,0,0.0,0.0,0.0,0.0,0.0
2015,4,18,6,MQ,3304,N646MQ,ORD,RST,1715,1717.0,2.0,18.0,1735.0,89.0,67.0,47.0,268,1822.0,2.0,1844,1824.0,-20.0,0,0,,0.0,0.0,0.0,0.0,0.0,2015-04-18,0,0.0,0.0,0.0,0.0,0.0
2015,5,1,5,AS,318,N799AS,SEA,SFO,955,949.0,-6.0,19.0,1008.0,124.0,124.0,98.0,679,1146.0,7.0,1159,1153.0,-6.0,0,0,,0.0,0.0,0.0,0.0,0.0,2015-05-01,0,0.0,0.0,0.0,0.0,0.0
2015,4,5,7,DL,2206,N364NB,ATL,ORF,1401,1401.0,0.0,15.0,1416.0,98.0,86.0,68.0,516,1524.0,3.0,1539,1527.0,-12.0,0,0,,0.0,0.0,0.0,0.0,0.0,2015-04-05,0,0.0,0.0,0.0,0.0,0.0
2015,4,9,4,UA,1263,N68817,SFO,EWR,2230,2250.0,20.0,16.0,2306.0,335.0,306.0,283.0,2565,649.0,7.0,705,656.0,-9.0,0,0,,0.0,0.0,0.0,0.0,0.0,2015-04-09,1,0.0,0.0,0.0,0.0,0.0
2015,4,12,7,MQ,3067,N639MQ,ORD,FNT,1155,1151.0,-4.0,13.0,1204.0,68.0,55.0,36.0,223,1340.0,6.0,1403,1346.0,-17.0,0,0,,0.0,0.0,0.0,0.0,0.0,2015-04-12,0,0.0,0.0,0.0,0.0,0.0
2015,4,6,1,WN,27,N449WN,HOU,ELP,1435,1430.0,-5.0,7.0,1437.0,120.0,109.0,98.0,677,1515.0,4.0,1535,1519.0,-16.0,0,0,,0.0,0.0,0.0,0.0,0.0,2015-04-06,0,0.0,0.0,0.0,0.0,0.0
2015,4,13,1,DL,1277,N906DL,ATL,MSY,1555,1556.0,1.0,8.0,1604.0,98.0,81.0,68.0,425,1612.0,5.0,1633,1617.0,-16.0,0,0,,0.0,0.0,0.0,0.0,0.0,2015-04-13,0,0.0,0.0,0.0,0.0,0.0
2015,4,14,2,NK,660,N618NK,MCI,ORD,1624,1617.0,-7.0,18.0,1635.0,90.0,82.0,57.0,403,1732.0,7.0,1754,1739.0,-15.0,0,0,,0.0,0.0,0.0,0.0,0.0,2015-04-14,0,0.0,0.0,0.0,0.0,0.0
2015,4,22,3,US,2050,N524UW,ATL,CLT,1355,1350.0,-5.0,19.0,1409.0,77.0,72.0,41.0,226,1450.0,12.0,1512,1502.0,-10.0,0,0,,0.0,0.0,0.0,0.0,0.0,2015-04-22,0,0.0,0.0,0.0,0.0,0.0
2015,4,9,4,UA,282,N472UA,IAH,MSY,2110,2116.0,6.0,15.0,2131.0,68.0,60.0,42.0,305,2213.0,3.0,2218,2216.0,-2.0,0,0,,0.0,0.0,0.0,0.0,0.0,2015-04-09,0,0.0,0.0,0.0,0.0,0.0
2015,4,27,1,AA,181,N799AA,JFK,LAX,1730,1724.0,-6.0,26.0,1750.0,386.0,346.0,310.0,2475,2000.0,10.0,2056,2010.0,-46.0,0,0,,0.0,0.0,0.0,0.0,0.0,2015-04-27,0,0.0,0.0,0.0,0.0,0.0
2015,4,4,6,MQ,3558,N624MQ,CLL,DFW,1510,1459.0,-11.0,7.0,1506.0,59.0,53.0,37.0,164,1543.0,9.0,1609,1552.0,-17.0,0,0,,0.0,0.0,0.0,0.0,0.0,2015-04-04,0,0.0,0.0,0.0,0.0,0.0
2015,5,2,6,WN,1433,N8611F,DAL,OAK,1630,1636.0,6.0,10.0,1646.0,230.0,210.0,195.0,1468,1801.0,5.0,1820,1806.0,-14.0,0,0,,0.0,0.0,0.0,0.0,0.0,2015-05-02,0,0.0,0.0,0.0,0.0,0.0
2015,4,4,6,DL,895,N3735D,LAS,LAX,606,605.0,-1.0,15.0,620.0,77.0,78.0,43.0,236,703.0,20.0,723,723.0,0.0,0,0,,0.0,0.0,0.0,0.0,0.0,2015-04-04,0,0.0,0.0,0.0,0.0,0.0
2015,4,17,5,AS,106,N762AS,ANC,SEA,2135,2134.0,-1.0,11.0,2145.0,203.0,192.0,177.0,1448,142.0,4.0,158,146.0,-12.0,0,0,,0.0,0.0,0.0,0.0,0.0,2015-04-17,0,0.0,0.0,0.0,0.0,0.0
2015,3,31,2,DL,1320,N934AT,ATL,SAV,2256,2254.0,-2.0,14.0,2308.0,62.0,66.0,43.0,214,2351.0,9.0,2358,2400.0,2.0,0,0,,0.0,0.0,0.0,0.0,0.0,2015-03-31,0,0.0,0.0,0.0,0.0,0.0
2015,5,4,1,WN,825,N520SW,AMA,DAL,950,950.0,0.0,6.0,956.0,65.0,63.0,53.0,323,1049.0,4.0,1055,1053.0,-2.0,0,0,,0.0,0.0,0.0,0.0,0.0,2015-05-04,0,0.0,0.0,0.0,0.0,0.0
2015,4,3,5,EV,6002,N14904,EWR,BDL,805,805.0,0.0,23.0,828.0,57.0,58.0,29.0,116,857.0,6.0,902,903.0,1.0,0,0,,0.0,0.0,0.0,0.0,0.0,2015-04-03,0,0.0,0.0,0.0,0.0,0.0
2015,3,26,4,US,2149,N747UW,DCA,BOS,1430,1806.0,216.0,13.0,1819.0,85.0,97.0,80.0,399,1939.0,4.0,1555,1943.0,228.0,0,0,,228.0,0.0,0.0,0.0,0.0,2015-03-26,1,105.56,0.0,0.0,0.0,0.0
2015,3,31,2,EV,4087,N16963,IND,EWR,1255,1251.0,-4.0,15.0,1306.0,119.0,133.0,110.0,645,1456.0,8.0,1454,1504.0,10.0,0,0,,0.0,0.0,0.0,0.0,0.0,2015-03-31,0,0.0,0.0,0.0,0.0,0.0
2015,4,28,2,EV,3951,N12122,SHV,IAH,1715,1728.0,13.0,11.0,1739.0,65.0,63.0,46.0,192,1825.0,6.0,1820,1831.0,11.0,0,0,,0.0,0.0,0.0,0.0,0.0,2015-04-28,0,0.0,0.0,0.0,0.0,0.0
2015,4,19,7,EV,5069,N916EV,ATL,EVV,956,1003.0,7.0,43.0,1046.0,84.0,99.0,52.0,350,1038.0,4.0,1020,1042.0,22.0,0,0,,15.0,0.0,7.0,0.0,0.0,2015-04-19,0,214.29,0.0,100.0,0.0,0.0
2015,4,2,4,US,2059,N749US,DCA,CLT,1159,1156.0,-3.0,19.0,1215.0,83.0,81.0,51.0,331,1306.0,11.0,1322,1317.0,-5.0,0,0,,0.0,0.0,0.0,0.0,0.0,2015-04-02,0,0.0,0.0,0.0,0.0,0.0
2015,4,7,2,DL,813,N519US,ATL,PHL,2150,2159.0,9.0,16.0,2215.0,125.0,114.0,92.0,666,2347.0,6.0,2355,2353.0,-2.0,0,0,,0.0,0.0,0.0,0.0,0.0,2015-04-07,0,0.0,0.0,0.0,0.0,0.0
2015,4,9,4,HA,190,N483HA,LIH,HNL,1706,1711.0,5.0,6.0,1717.0,33.0,39.0,23.0,102,1740.0,10.0,1739,1750.0,11.0,0,0,,0.0,0.0,0.0,0.0,0.0,2015-04-09,0,0.0,0.0,0.0,0.0,0.0
2015,5,2,6,DL,1373,N942DN,ATL,TPA,1135,1132.0,-3.0,21.0,1153.0,81.0,83.0,59.0,406,1252.0,3.0,1256,1255.0,-1.0,0,0,,0.0,0.0,0.0,0.0,0.0,2015-05-02,0,0.0,0.0,0.0,0.0,0.0
2015,4,9,4,AA,1234,N426AA,ABQ,DFW,815,810.0,-5.0,9.0,819.0,105.0,97.0,74.0,569,1033.0,14.0,1100,1047.0,-13.0,0,0,,0.0,0.0,0.0,0.0,0.0,2015-04-09,0,0.0,0.0,0.0,0.0,0.0
2015,4,5,7,OO,5187,N791SK,ASE,SFO,1353,1347.0,-6.0,13.0,1400.0,147.0,145.0,128.0,848,1508.0,4.0,1520,1512.0,-8.0,0,0,,0.0,0.0,0.0,0.0,0.0,2015-04-05,0,0.0,0.0,0.0,0.0,0.0
2015,4,7,2,MQ,3616,N815MQ,ORD,RIC,1135,1131.0,-4.0,17.0,1148.0,117.0,126.0,105.0,642,1433.0,4.0,1432,1437.0,5.0,0,0,,0.0,0.0,0.0,0.0,0.0,2015-04-07,0,0.0,0.0,0.0,0.0,0.0
2015,4,25,6,DL,794,N302NB,MSP,SLC,910,909.0,-1.0,12.0,921.0,165.0,153.0,136.0,991,1037.0,5.0,1055,1042.0,-13.0,0,0,,0.0,0.0,0.0,0.0,0.0,2015-04-25,0,0.0,0.0,0.0,0.0,0.0
2015,5,5,2,EV,4557,N22971,IAH,SDF,833,827.0,-6.0,7.0,834.0,138.0,129.0,115.0,788,1129.0,7.0,1151,1136.0,-15.0,0,0,,0.0,0.0,0.0,0.0,0.0,2015-05-05,0,0.0,0.0,0.0,0.0,0.0
2015,4,20,1,UA,1429,N47414,ORD,LAS,1223,1224.0,1.0,20.0,1244.0,237.0,228.0,197.0,1514,1401.0,11.0,1420,1412.0,-8.0,0,0,,0.0,0.0,0.0,0.0,0.0,2015-04-20,0,0.0,0.0,0.0,0.0,0.0
2015,4,25,6,OO,6491,N753SK,TUL,DEN,620,613.0,-7.0,18.0,631.0,110.0,114.0,89.0,541,700.0,7.0,710,707.0,-3.0,0,0,,0.0,0.0,0.0,0.0,0.0,2015-04-25,0,0.0,0.0,0.0,0.0,0.0
2015,4,18,6,F9,1239,N207FR,PHL,MIA,1755,1757.0,2.0,15.0,1812.0,170.0,153.0,131.0,1013,2023.0,7.0,2045,2030.0,-15.0,0,0,,0.0,0.0,0.0,0.0,0.0,2015-04-18,0,0.0,0.0,0.0,0.0,0.0
2015,4,16,4,UA,391,N429UA,LAX,SFO,1901,1906.0,5.0,16.0,1922.0,86.0,75.0,55.0,337,2017.0,4.0,2027,2021.0,-6.0,0,0,,0.0,0.0,0.0,0.0,0.0,2015-04-16,0,0.0,0.0,0.0,0.0,0.0
2015,4,30,4,EV,4172,N16559,BHM,IAH,1626,1615.0,-11.0,16.0,1631.0,113.0,107.0,84.0,562,1755.0,7.0,1819,1802.0,-17.0,0,0,,0.0,0.0,0.0,0.0,0.0,2015-04-30,0,0.0,0.0,0.0,0.0,0.0
2015,4,28,2,WN,724,N7710A,DAL,PHX,855,856.0,1.0,9.0,905.0,155.0,144.0,129.0,879,914.0,6.0,930,920.0,-10.0,0,0,,0.0,0.0,0.0,0.0,0.0,2015-04-28,0,0.0,0.0,0.0,0.0,0.0
2015,4,23,4,EV,4324,N11192,MAF,IAH,1504,1456.0,-8.0,16.0,1512.0,88.0,93.0,67.0,429,1619.0,10.0,1632,1629.0,-3.0,0,0,,0.0,0.0,0.0,0.0,0.0,2015-04-23,0,0.0,0.0,0.0,0.0,0.0
2015,3,28,6,OO,5484,N947SW,BOI,SFO,515,511.0,-4.0,21.0,532.0,115.0,119.0,93.0,522,605.0,5.0,610,610.0,0.0,0,0,,0.0,0.0,0.0,0.0,0.0,2015-03-28,0,0.0,0.0,0.0,0.0,0.0
2015,3,31,2,AA,1524,N852AA,LAS,DFW,1110,1137.0,27.0,21.0,1158.0,166.0,162.0,128.0,1055,1606.0,13.0,1556,1619.0,23.0,0,0,,0.0,0.0,0.0,23.0,0.0,2015-03-31,1,0.0,0.0,0.0,85.19,0.0
2015,4,24,5,MQ,3207,N636MQ,ORD,SUX,2025,2025.0,0.0,25.0,2050.0,104.0,103.0,75.0,436,2205.0,3.0,2209,2208.0,-1.0,0,0,,0.0,0.0,0.0,0.0,0.0,2015-04-24,0,0.0,0.0,0.0,0.0,0.0
2015,3,30,1,NK,379,N612NK,BOS,ACY,1205,1504.0,179.0,11.0,1515.0,75.0,67.0,52.0,274,1607.0,4.0,1320,1611.0,171.0,0,0,,0.0,0.0,0.0,171.0,0.0,2015-03-30,1,0.0,0.0,0.0,95.53,0.0
2015,4,10,5,US,1755,N945UW,PHL,RDU,2030,2025.0,-5.0,27.0,2052.0,81.0,94.0,63.0,337,2155.0,4.0,2151,2159.0,8.0,0,0,,0.0,0.0,0.0,0.0,0.0,2015-04-10,0,0.0,0.0,0.0,0.0,0.0
2015,4,20,1,DL,2156,N990AT,ATL,SYR,907,905.0,-2.0,15.0,920.0,127.0,115.0,96.0,794,1056.0,4.0,1114,1100.0,-14.0,0,0,,0.0,0.0,0.0,0.0,0.0,2015-04-20,0,0.0,0.0,0.0,0.0,0.0
2015,5,1,5,AA,1678,N3EUAA,ORD,BOS,1340,1404.0,24.0,24.0,1428.0,145.0,149.0,116.0,867,1724.0,9.0,1705,1733.0,28.0,0,0,,4.0,0.0,9.0,15.0,0.0,2015-05-01,1,16.67,0.0,37.5,62.5,0.0
2015,4,20,1,WN,854,N555LV,BWI,BUF,1830,1836.0,6.0,12.0,1848.0,70.0,70.0,54.0,281,1942.0,4.0,1940,1946.0,6.0,0,0,,0.0,0.0,0.0,0.0,0.0,2015-04-20,0,0.0,0.0,0.0,0.0,0.0
2015,3,27,5,EV,3274,N13979,ORD,ERI,1330,1333.0,3.0,21.0,1354.0,90.0,84.0,60.0,398,1554.0,3.0,1600,1557.0,-3.0,0,0,,0.0,0.0,0.0,0.0,0.0,2015-03-27,0,0.0,0.0,0.0,0.0,0.0
2015,4,13,1,UA,1023,N39728,SNA,ORD,645,646.0,1.0,20.0,706.0,242.0,243.0,213.0,1726,1239.0,10.0,1247,1249.0,2.0,0,0,,0.0,0.0,0.0,0.0,0.0,2015-04-13,0,0.0,0.0,0.0,0.0,0.0
2015,4,27,1,OO,6346,N874AS,MRY,SFO,530,525.0,-5.0,15.0,540.0,42.0,40.0,21.0,77,601.0,4.0,612,605.0,-7.0,0,0,,0.0,0.0,0.0,0.0,0.0,2015-04-27,0,0.0,0.0,0.0,0.0,0.0
2015,3,26,4,NK,448,N632NK,DFW,RSW,1025,1031.0,6.0,9.0,1040.0,139.0,162.0,134.0,1017,1354.0,19.0,1344,1413.0,29.0,0,0,,29.0,0.0,0.0,0.0,0.0,2015-03-26,0,483.33,0.0,0.0,0.0,0.0
2015,4,17,5,NK,340,N609NK,LAS,LBE,2215,2217.0,2.0,13.0,2230.0,256.0,250.0,227.0,1954,517.0,10.0,531,527.0,-4.0,0,0,,0.0,0.0,0.0,0.0,0.0,2015-04-17,0,0.0,0.0,0.0,0.0,0.0
2015,4,23,4,VX,909,N523VA,LAS,SFO,1555,1647.0,52.0,17.0,1704.0,90.0,88.0,66.0,414,1810.0,5.0,1725,1815.0,50.0,0,0,,50.0,0.0,0.0,0.0,0.0,2015-04-23,1,96.15,0.0,0.0,0.0,0.0
2015,4,10,5,UA,1110,N37290,SFO,ORD,2305,2337.0,32.0,19.0,2356.0,255.0,242.0,217.0,1846,533.0,6.0,520,539.0,19.0,0,0,,0.0,0.0,19.0,0.0,0.0,2015-04-10,1,0.0,0.0,59.38,0.0,0.0
2015,4,6,1,WN,209,N768SW,DAL,ICT,805,854.0,49.0,11.0,905.0,70.0,72.0,55.0,333,1000.0,6.0,915,1006.0,51.0,0,0,,2.0,0.0,11.0,38.0,0.0,2015-04-06,1,4.08,0.0,22.45,77.55,0.0
2015,3,29,7,WN,1069,N410WN,ABQ,DAL,600,559.0,-1.0,7.0,606.0,95.0,86.0,73.0,580,819.0,6.0,835,825.0,-10.0,0,0,,0.0,0.0,0.0,0.0,0.0,2015-03-29,0,0.0,0.0,0.0,0.0,0.0
2015,4,6,1,MQ,3407,N526MQ,CMH,LGA,1055,1055.0,0.0,8.0,1103.0,97.0,79.0,67.0,479,1210.0,4.0,1232,1214.0,-18.0,0,0,,0.0,0.0,0.0,0.0,0.0,2015-04-06,0,0.0,0.0,0.0,0.0,0.0
2015,4,17,5,OO,2859,N417SW,FAT,LAX,800,759.0,-1.0,18.0,817.0,70.0,74.0,40.0,209,857.0,16.0,910,913.0,3.0,0,0,,0.0,0.0,0.0,0.0,0.0,2015-04-17,0,0.0,0.0,0.0,0.0,0.0
2015,4,23,4,EV,4434,N13133,MCI,EWR,650,639.0,-11.0,10.0,649.0,168.0,161.0,143.0,1092,1012.0,8.0,1038,1020.0,-18.0,0,0,,0.0,0.0,0.0,0.0,0.0,2015-04-23,0,0.0,0.0,0.0,0.0,0.0
2015,4,20,1,EV,4942,N166PQ,ATL,IAH,1721,1939.0,138.0,21.0,2000.0,141.0,131.0,106.0,689,2046.0,4.0,1842,2050.0,128.0,0,0,,0.0,0.0,128.0,0.0,0.0,2015-04-20,1,0.0,0.0,92.75,0.0,0.0
2015,5,4,1,MQ,3687,N532MQ,TUL,ORD,1653,1730.0,37.0,16.0,1746.0,123.0,114.0,88.0,585,1914.0,10.0,1856,1924.0,28.0,0,0,,0.0,0.0,0.0,28.0,0.0,2015-05-04,1,0.0,0.0,0.0,75.68,0.0
2015,4,14,2,UA,1646,N87513,SEA,DEN,1504,1500.0,-4.0,13.0,1513.0,160.0,148.0,130.0,1024,1823.0,5.0,1844,1828.0,-16.0,0,0,,0.0,0.0,0.0,0.0,0.0,2015-04-14,0,0.0,0.0,0.0,0.0,0.0
2015,4,3,5,EV,4695,N48901,EWR,MHT,1434,1453.0,19.0,14.0,1507.0,71.0,57.0,38.0,209,1545.0,5.0,1545,1550.0,5.0,0,0,,0.0,0.0,0.0,0.0,0.0,2015-04-03,1,0.0,0.0,0.0,0.0,0.0
2015,3,29,7,AA,1226,N3DVAA,LAS,LAX,1839,1909.0,30.0,30.0,1939.0,81.0,86.0,43.0,236,2022.0,13.0,2000,2035.0,35.0,0,0,,35.0,0.0,0.0,0.0,0.0,2015-03-29,1,116.67,0.0,0.0,0.0,0.0
2015,4,12,7,AA,2340,N3CLAA,DCA,ORD,1818,1817.0,-1.0,11.0,1828.0,137.0,123.0,90.0,612,1858.0,22.0,1935,1920.0,-15.0,0,0,,0.0,0.0,0.0,0.0,0.0,2015-04-12,0,0.0,0.0,0.0,0.0,0.0
2015,4,30,4,AA,1180,N5CCAA,DFW,SJU,1350,1703.0,193.0,17.0,1720.0,278.0,259.0,239.0,2165,2219.0,3.0,1928,2222.0,174.0,0,0,,0.0,0.0,174.0,0.0,0.0,2015-04-30,1,0.0,0.0,90.16,0.0,0.0
2015,3,26,4,OO,2760,N896SK,FAT,PHX,615,609.0,-6.0,11.0,620.0,98.0,92.0,74.0,493,734.0,7.0,753,741.0,-12.0,0,0,,0.0,0.0,0.0,0.0,0.0,2015-03-26,0,0.0,0.0,0.0,0.0,0.0
2015,4,26,7,DL,1570,N519US,STL,ATL,1125,1124.0,-1.0,11.0,1135.0,96.0,80.0,63.0,484,1338.0,6.0,1401,1344.0,-17.0,0,0,,0.0,0.0,0.0,0.0,0.0,2015-04-26,0,0.0,0.0,0.0,0.0,0.0
2015,5,2,6,WN,4031,N733SA,DCA,TPA,1200,1156.0,-4.0,19.0,1215.0,140.0,137.0,114.0,814,1409.0,4.0,1420,1413.0,-7.0,0,0,,0.0,0.0,0.0,0.0,0.0,2015-05-02,0,0.0,0.0,0.0,0.0,0.0
2015,4,8,3,US,442,N151UW,PHX,MCO,2205,2205.0,0.0,11.0,2216.0,236.0,231.0,214.0,1849,450.0,6.0,501,456.0,-5.0,0,0,,0.0,0.0,0.0,0.0,0.0,2015-04-08,0,0.0,0.0,0.0,0.0,0.0
2015,4,10,5,OO,6264,N984CA,FAT,SFO,1216,1210.0,-6.0,13.0,1223.0,59.0,53.0,32.0,158,1255.0,8.0,1315,1303.0,-12.0,0,0,,0.0,0.0,0.0,0.0,0.0,2015-04-10,0,0.0,0.0,0.0,0.0,0.0
2015,4,10,5,US,507,N680AW,PHX,BOS,1230,1228.0,-2.0,27.0,1255.0,298.0,297.0,262.0,2300,2017.0,8.0,2028,2025.0,-3.0,0,0,,0.0,0.0,0.0,0.0,0.0,2015-04-10,0,0.0,0.0,0.0,0.0,0.0
2015,4,10,5,MQ,3389,N931MQ,GRR,DFW,1910,1904.0,-6.0,13.0,1917.0,170.0,178.0,147.0,931,2044.0,18.0,2100,2102.0,2.0,0,0,,0.0,0.0,0.0,0.0,0.0,2015-04-10,0,0.0,0.0,0.0,0.0,0.0
2015,4,29,3,WN,106,N298WN,SAT,LAX,1125,1133.0,8.0,6.0,1139.0,205.0,175.0,159.0,1211,1218.0,10.0,1250,1228.0,-22.0,0,0,,0.0,0.0,0.0,0.0,0.0,2015-04-29,0,0.0,0.0,0.0,0.0,0.0
2015,4,21,2,WN,3220,N7724A,HOU,DEN,740,739.0,-1.0,6.0,745.0,150.0,147.0,132.0,883,857.0,9.0,910,906.0,-4.0,0,0,,0.0,0.0,0.0,0.0,0.0,2015-04-21,0,0.0,0.0,0.0,0.0,0.0
2015,4,3,5,DL,2188,N815DN,SEA,ATL,2245,2245.0,0.0,12.0,2257.0,276.0,243.0,227.0,2182,544.0,4.0,621,548.0,-33.0,0,0,,0.0,0.0,0.0,0.0,0.0,2015-04-03,0,0.0,0.0,0.0,0.0,0.0
2015,4,12,7,WN,2643,N957WN,LBB,AUS,710,703.0,-7.0,13.0,716.0,65.0,72.0,52.0,341,808.0,7.0,815,815.0,0.0,0,0,,0.0,0.0,0.0,0.0,0.0,2015-04-12,0,0.0,0.0,0.0,0.0,0.0
2015,4,27,1,OO,4741,N8982A,ATL,FWA,1350,1347.0,-3.0,25.0,1412.0,102.0,109.0,79.0,508,1531.0,5.0,1532,1536.0,4.0,0,0,,0.0,0.0,0.0,0.0,0.0,2015-04-27,0,0.0,0.0,0.0,0.0,0.0
2015,3,27,5,UA,219,N127UA,ORD,HNL,915,959.0,44.0,41.0,1040.0,556.0,536.0,490.0,4243,1350.0,5.0,1331,1355.0,24.0,0,0,,24.0,0.0,0.0,0.0,0.0,2015-03-27,1,54.55,0.0,0.0,0.0,0.0
2015,4,6,1,DL,679,N681DA,ATL,PHX,1942,1954.0,12.0,12.0,2006.0,258.0,242.0,227.0,1587,2053.0,3.0,2100,2056.0,-4.0,0,0,,0.0,0.0,0.0,0.0,0.0,2015-04-06,0,0.0,0.0,0.0,0.0,0.0
2015,3,30,1,MQ,3251,N635MQ,DFW,LRD,910,909.0,-1.0,23.0,932.0,91.0,84.0,58.0,396,1030.0,3.0,1041,1033.0,-8.0,0,0,,0.0,0.0,0.0,0.0,0.0,2015-03-30,0,0.0,0.0,0.0,0.0,0.0
2015,3,26,4,AA,74,N4WJAA,DFW,HOU,920,914.0,-6.0,15.0,929.0,66.0,78.0,56.0,247,1025.0,7.0,1026,1032.0,6.0,0,0,,0.0,0.0,0.0,0.0,0.0,2015-03-26,0,0.0,0.0,0.0,0.0,0.0
2015,4,8,3,MQ,3264,N698MQ,JFK,BWI,1559,1605.0,6.0,33.0,1638.0,82.0,76.0,40.0,184,1718.0,3.0,1721,1721.0,0.0,0,0,,0.0,0.0,0.0,0.0,0.0,2015-04-08,0,0.0,0.0,0.0,0.0,0.0
2015,3,29,7,AS,499,N615AS,SAN,SEA,630,622.0,-8.0,19.0,641.0,177.0,169.0,139.0,1050,900.0,11.0,927,911.0,-16.0,0,0,,0.0,0.0,0.0,0.0,0.0,2015-03-29,0,0.0,0.0,0.0,0.0,0.0
2015,4,13,1,UA,1259,N76504,DEN,SNA,1526,1522.0,-4.0,18.0,1540.0,143.0,138.0,114.0,846,1634.0,6.0,1649,1640.0,-9.0,0,0,,0.0,0.0,0.0,0.0,0.0,2015-04-13,0,0.0,0.0,0.0,0.0,0.0
2015,4,18,6,AS,331,N625AS,PSP,SFO,1715,1701.0,-14.0,7.0,1708.0,87.0,82.0,67.0,421,1815.0,8.0,1842,1823.0,-19.0,0,0,,0.0,0.0,0.0,0.0,0.0,2015-04-18,0,0.0,0.0,0.0,0.0,0.0
2015,4,23,4,MQ,3071,N674MQ,DFW,GSO,1440,1434.0,-6.0,20.0,1454.0,151.0,140.0,117.0,999,1751.0,3.0,1811,1754.0,-17.0,0,0,,0.0,0.0,0.0,0.0,0.0,2015-04-23,0,0.0,0.0,0.0,0.0,0.0
2015,5,1,5,DL,679,N627DL,DTW,BWI,2155,2149.0,-6.0,14.0,2203.0,92.0,85.0,64.0,409,2307.0,7.0,2327,2314.0,-13.0,0,0,,0.0,0.0,0.0,0.0,0.0,2015-05-01,0,0.0,0.0,0.0,0.0,0.0
2015,4,1,3,DL,18,N586NW,MCO,DTW,1600,1558.0,-2.0,15.0,1613.0,156.0,165.0,143.0,957,1836.0,7.0,1836,1843.0,7.0,0,0,,0.0,0.0,0.0,0.0,0.0,2015-04-01,0,0.0,0.0,0.0,0.0,0.0
2015,3,29,7,MQ,3304,N661MQ,ORD,RST,1715,1726.0,11.0,15.0,1741.0,89.0,68.0,48.0,268,1829.0,5.0,1844,1834.0,-10.0,0,0,,0.0,0.0,0.0,0.0,0.0,2015-03-29,0,0.0,0.0,0.0,0.0,0.0
2015,4,2,4,UA,273,N434UA,BIL,DEN,1344,1344.0,0.0,11.0,1355.0,92.0,90.0,74.0,455,1509.0,5.0,1516,1514.0,-2.0,0,0,,0.0,0.0,0.0,0.0,0.0,2015-04-02,0,0.0,0.0,0.0,0.0,0.0
2015,5,2,6,OO,4620,N816SK,MSP,AUS,920,925.0,5.0,10.0,935.0,171.0,147.0,132.0,1042,1147.0,5.0,1211,1152.0,-19.0,0,0,,0.0,0.0,0.0,0.0,0.0,2015-05-02,0,0.0,0.0,0.0,0.0,0.0
2015,3,28,6,DL,1234,N983DL,PNS,ATL,600,556.0,-4.0,12.0,608.0,68.0,64.0,47.0,271,755.0,5.0,808,800.0,-8.0,0,0,,0.0,0.0,0.0,0.0,0.0,2015-03-28,0,0.0,0.0,0.0,0.0,0.0
2015,4,20,1,OO,2754,N907SW,PHX,MRY,1340,1340.0,0.0,25.0,1405.0,115.0,122.0,94.0,598,1539.0,3.0,1535,1542.0,7.0,0,0,,0.0,0.0,0.0,0.0,0.0,2015-04-20,0,0.0,0.0,0.0,0.0,0.0
2015,4,23,4,US,2016,N716UW,ATL,PHL,630,624.0,-6.0,14.0,638.0,121.0,115.0,97.0,666,815.0,4.0,831,819.0,-12.0,0,0,,0.0,0.0,0.0,0.0,0.0,2015-04-23,0,0.0,0.0,0.0,0.0,0.0
2015,4,21,2,MQ,2907,N650MQ,DFW,CVG,1510,1534.0,24.0,27.0,1601.0,141.0,142.0,102.0,812,1843.0,13.0,1831,1856.0,25.0,0,0,,1.0,0.0,24.0,0.0,0.0,2015-04-21,1,4.17,0.0,100.0,0.0,0.0
2015,4,22,3,UA,1267,N26215,SAN,IAH,828,825.0,-3.0,10.0,835.0,192.0,168.0,141.0,1303,1256.0,17.0,1340,1313.0,-27.0,0,0,,0.0,0.0,0.0,0.0,0.0,2015-04-22,0,0.0,0.0,0.0,0.0,0.0
2015,4,4,6,MQ,3680,N659MQ,DFW,MGM,1155,1150.0,-5.0,16.0,1206.0,110.0,92.0,74.0,622,1320.0,2.0,1345,1322.0,-23.0,0,0,,0.0,0.0,0.0,0.0,0.0,2015-04-04,0,0.0,0.0,0.0,0.0,0.0
2015,5,1,5,WN,4720,N705SW,BDL,RSW,745,740.0,-5.0,7.0,747.0,190.0,183.0,172.0,1180,1039.0,4.0,1055,1043.0,-12.0,0,0,,0.0,0.0,0.0,0.0,0.0,2015-05-01,0,0.0,0.0,0.0,0.0,0.0
2015,4,8,3,OO,5518,N929SW,CPR,DEN,2017,2052.0,35.0,37.0,2129.0,65.0,95.0,52.0,230,2221.0,6.0,2122,2227.0,65.0,0,0,,30.0,0.0,35.0,0.0,0.0,2015-04-08,1,85.71,0.0,100.0,0.0,0.0
2015,4,8,3,WN,515,N430WN,BWI,SDF,1750,1807.0,17.0,51.0,1858.0,105.0,141.0,84.0,495,2022.0,6.0,1935,2028.0,53.0,0,0,,36.0,0.0,17.0,0.0,0.0,2015-04-08,1,211.76,0.0,100.0,0.0,0.0
2015,3,29,7,WN,4260,N464WN,TUL,MDW,1020,1016.0,-4.0,8.0,1024.0,95.0,92.0,77.0,583,1141.0,7.0,1155,1148.0,-7.0,0,0,,0.0,0.0,0.0,0.0,0.0,2015-03-29,0,0.0,0.0,0.0,0.0,0.0
2015,4,27,1,DL,1247,N928DL,FLL,LGA,1900,2014.0,74.0,34.0,2048.0,179.0,203.0,143.0,1076,2311.0,26.0,2159,2337.0,98.0,0,0,,24.0,0.0,0.0,74.0,0.0,2015-04-27,1,32.43,0.0,0.0,100.0,0.0
2015,5,4,1,AS,812,N581AS,OGG,SJC,1350,1344.0,-6.0,11.0,1355.0,299.0,286.0,271.0,2355,2126.0,4.0,2149,2130.0,-19.0,0,0,,0.0,0.0,0.0,0.0,0.0,2015-05-04,0,0.0,0.0,0.0,0.0,0.0
2015,4,17,5,DL,1898,N375DA,ATL,IND,2215,2218.0,3.0,10.0,2228.0,95.0,77.0,62.0,432,2330.0,5.0,2350,2335.0,-15.0,0,0,,0.0,0.0,0.0,0.0,0.0,2015-04-17,0,0.0,0.0,0.0,0.0,0.0
2015,4,24,5,OO,5598,N929SW,ORD,DAY,1525,1557.0,32.0,22.0,1619.0,73.0,69.0,41.0,240,1800.0,6.0,1738,1806.0,28.0,0,0,,0.0,0.0,0.0,28.0,0.0,2015-04-24,1,0.0,0.0,0.0,87.5,0.0
2015,4,3,5,EV,4684,N13913,IAH,CRP,2112,2103.0,-9.0,19.0,2122.0,63.0,62.0,38.0,201,2200.0,5.0,2215,2205.0,-10.0,0,0,,0.0,0.0,0.0,0.0,0.0,2015-04-03,0,0.0,0.0,0.0,0.0,0.0
2015,4,23,4,UA,722,N833UA,DFW,ORD,954,958.0,4.0,11.0,1009.0,138.0,123.0,101.0,802,1150.0,11.0,1212,1201.0,-11.0,0,0,,0.0,0.0,0.0,0.0,0.0,2015-04-23,0,0.0,0.0,0.0,0.0,0.0
2015,3,27,5,B6,653,N635JB,JFK,PBI,830,913.0,43.0,51.0,1004.0,185.0,235.0,178.0,1028,1302.0,6.0,1135,1308.0,93.0,0,0,,50.0,0.0,0.0,43.0,0.0,2015-03-27,1,116.28,0.0,0.0,100.0,0.0
2015,4,23,4,WN,799,N737JW,OAK,MDW,1410,1424.0,14.0,11.0,1435.0,245.0,230.0,216.0,1844,2011.0,3.0,2015,2014.0,-1.0,0,0,,0.0,0.0,0.0,0.0,0.0,2015-04-23,0,0.0,0.0,0.0,0.0,0.0
2015,4,8,3,NK,971,N621NK,FLL,DFW,2010,2009.0,-1.0,11.0,2020.0,195.0,177.0,159.0,1119,2159.0,7.0,2225,2206.0,-19.0,0,0,,0.0,0.0,0.0,0.0,0.0,2015-04-08,0,0.0,0.0,0.0,0.0,0.0
2015,4,1,3,AA,1622,N575AA,RDU,DFW,1548,1546.0,-2.0,7.0,1553.0,182.0,194.0,168.0,1061,1741.0,19.0,1750,1800.0,10.0,0,0,,0.0,0.0,0.0,0.0,0.0,2015-04-01,0,0.0,0.0,0.0,0.0,0.0
2015,5,1,5,DL,790,N907DA,ATL,STL,1955,1955.0,0.0,12.0,2007.0,105.0,93.0,75.0,484,2022.0,6.0,2040,2028.0,-12.0,0,0,,0.0,0.0,0.0,0.0,0.0,2015-05-01,0,0.0,0.0,0.0,0.0,0.0
2015,4,8,3,DL,1445,N988DL,DFW,ATL,1945,1941.0,-4.0,14.0,1955.0,117.0,109.0,91.0,731,2226.0,4.0,2242,2230.0,-12.0,0,0,,0.0,0.0,0.0,0.0,0.0,2015-04-08,0,0.0,0.0,0.0,0.0,0.0
2015,4,28,2,AA,114,N3DMAA,ORD,SNA,735,731.0,-4.0,17.0,748.0,266.0,238.0,213.0,1726,921.0,8.0,1001,929.0,-32.0,0,0,,0.0,0.0,0.0,0.0,0.0,2015-04-28,0,0.0,0.0,0.0,0.0,0.0
2015,4,18,6,UA,1057,N75425,SFO,BWI,2247,2252.0,5.0,20.0,2312.0,319.0,314.0,287.0,2457,659.0,7.0,706,706.0,0.0,0,0,,0.0,0.0,0.0,0.0,0.0,2015-04-18,0,0.0,0.0,0.0,0.0,0.0
2015,4,12,7,WN,3803,N465WN,FLL,SJU,1945,2011.0,26.0,25.0,2036.0,155.0,157.0,127.0,1046,2243.0,5.0,2220,2248.0,28.0,0,0,,2.0,0.0,7.0,19.0,0.0,2015-04-12,1,7.69,0.0,26.92,73.08,0.0
2015,4,7,2,US,692,N207UW,PHX,HNL,1035,1031.0,-4.0,26.0,1057.0,403.0,411.0,382.0,2917,1419.0,3.0,1418,1422.0,4.0,0,0,,0.0,0.0,0.0,0.0,0.0,2015-04-07,0,0.0,0.0,0.0,0.0,0.0
2015,4,23,4,EV,3805,N14562,IAH,MFE,910,905.0,-5.0,19.0,924.0,76.0,81.0,57.0,316,1021.0,5.0,1026,1026.0,0.0,0,0,,0.0,0.0,0.0,0.0,0.0,2015-04-23,0,0.0,0.0,0.0,0.0,0.0
2015,4,4,6,DL,1226,N3765,SLC,SEA,940,939.0,-1.0,14.0,953.0,120.0,118.0,98.0,689,1031.0,6.0,1040,1037.0,-3.0,0,0,,0.0,0.0,0.0,0.0,0.0,2015-04-04,0,0.0,0.0,0.0,0.0,0.0
2015,4,30,4,MQ,3484,N507MQ,DFW,XNA,1130,1131.0,1.0,11.0,1142.0,66.0,64.0,44.0,280,1226.0,9.0,1236,1235.0,-1.0,0,0,,0.0,0.0,0.0,0.0,0.0,2015-04-30,0,0.0,0.0,0.0,0.0,0.0
2015,4,10,5,WN,3061,N732SW,PHX,LAS,1400,1421.0,21.0,14.0,1435.0,60.0,58.0,40.0,255,1515.0,4.0,1500,1519.0,19.0,0,0,,0.0,0.0,16.0,3.0,0.0,2015-04-10,1,0.0,0.0,76.19,14.29,0.0
2015,4,26,7,AA,1243,N3MLAA,ORD,LAX,740,735.0,-5.0,15.0,750.0,276.0,248.0,227.0,1744,937.0,6.0,1016,943.0,-33.0,0,0,,0.0,0.0,0.0,0.0,0.0,2015-04-26,0,0.0,0.0,0.0,0.0,0.0
2015,4,5,7,B6,112,N339JB,ORD,BOS,1710,1703.0,-7.0,20.0,1723.0,138.0,122.0,97.0,867,2000.0,5.0,2028,2005.0,-23.0,0,0,,0.0,0.0,0.0,0.0,0.0,2015-04-05,0,0.0,0.0,0.0,0.0,0.0
2015,4,28,2,WN,1368,N390SW,LAX,SFO,1235,1250.0,15.0,27.0,1317.0,80.0,84.0,52.0,337,1409.0,5.0,1355,1414.0,19.0,0,0,,19.0,0.0,0.0,0.0,0.0,2015-04-28,0,126.67,0.0,0.0,0.0,0.0
2015,5,3,7,WN,2705,N755SA,LAX,AUS,1450,1452.0,2.0,10.0,1502.0,165.0,151.0,137.0,1242,1919.0,4.0,1935,1923.0,-12.0,0,0,,0.0,0.0,0.0,0.0,0.0,2015-05-03,0,0.0,0.0,0.0,0.0,0.0
2015,4,5,7,B6,1716,N503JB,TPA,LGA,1124,1123.0,-1.0,14.0,1137.0,156.0,154.0,136.0,1010,1353.0,4.0,1400,1357.0,-3.0,0,0,,0.0,0.0,0.0,0.0,0.0,2015-04-05,0,0.0,0.0,0.0,0.0,0.0
2015,4,18,6,WN,2740,N7722B,MCO,MSY,800,755.0,-5.0,12.0,807.0,105.0,105.0,87.0,551,834.0,6.0,845,840.0,-5.0,0,0,,0.0,0.0,0.0,0.0,0.0,2015-04-18,0,0.0,0.0,0.0,0.0,0.0
2015,4,19,7,WN,2588,N669SW,LAS,LBB,1905,1951.0,46.0,8.0,1959.0,115.0,110.0,96.0,775,2335.0,6.0,2300,2341.0,41.0,0,0,,0.0,0.0,28.0,13.0,0.0,2015-04-19,1,0.0,0.0,60.87,28.26,0.0
2015,4,25,6,WN,1262,N8642E,ISP,MCO,725,721.0,-4.0,8.0,729.0,165.0,174.0,139.0,971,948.0,27.0,1010,1015.0,5.0,0,0,,0.0,0.0,0.0,0.0,0.0,2015-04-25,0,0.0,0.0,0.0,0.0,0.0
2015,4,27,1,DL,1357,N327NW,MSP,DTW,1750,1744.0,-6.0,14.0,1758.0,101.0,106.0,81.0,528,2019.0,11.0,2031,2030.0,-1.0,0,0,,0.0,0.0,0.0,0.0,0.0,2015-04-27,0,0.0,0.0,0.0,0.0,0.0
2015,4,18,6,F9,330,N905FR,DEN,MSP,1555,1548.0,-7.0,15.0,1603.0,112.0,117.0,91.0,680,1834.0,11.0,1847,1845.0,-2.0,0,0,,0.0,0.0,0.0,0.0,0.0,2015-04-18,0,0.0,0.0,0.0,0.0,0.0
2015,4,8,3,WN,4785,N7731A,LAS,SAN,735,730.0,-5.0,12.0,742.0,65.0,62.0,46.0,258,828.0,4.0,840,832.0,-8.0,0,0,,0.0,0.0,0.0,0.0,0.0,2015-04-08,0,0.0,0.0,0.0,0.0,0.0
2015,4,11,6,US,756,N745VJ,MEM,CLT,735,728.0,-7.0,28.0,756.0,101.0,118.0,77.0,511,1013.0,13.0,1016,1026.0,10.0,0,0,,0.0,0.0,0.0,0.0,0.0,2015-04-11,0,0.0,0.0,0.0,0.0,0.0
2015,4,9,4,OO,2868,N863AS,SAN,LAX,630,618.0,-12.0,24.0,642.0,58.0,51.0,22.0,109,704.0,5.0,728,709.0,-19.0,0,0,,0.0,0.0,0.0,0.0,0.0,2015-04-09,0,0.0,0.0,0.0,0.0,0.0
2015,4,6,1,MQ,3442,N686MQ,DFW,LAW,900,919.0,19.0,16.0,935.0,59.0,104.0,85.0,140,1100.0,3.0,959,1103.0,64.0,0,0,,45.0,0.0,0.0,0.0,19.0,2015-04-06,1,236.84,0.0,0.0,0.0,100.0
2015,4,24,5,WN,4017,N246LV,RDU,BWI,1500,1504.0,4.0,10.0,1514.0,70.0,63.0,49.0,255,1603.0,4.0,1610,1607.0,-3.0,0,0,,0.0,0.0,0.0,0.0,0.0,2015-04-24,0,0.0,0.0,0.0,0.0,0.0
2015,4,17,5,WN,2068,N8647A,LAS,ONT,2045,2046.0,1.0,12.0,2058.0,55.0,48.0,31.0,197,2129.0,5.0,2140,2134.0,-6.0,0,0,,0.0,0.0,0.0,0.0,0.0,2015-04-17,0,0.0,0.0,0.0,0.0,0.0
2015,3,27,5,DL,2024,N362NW,ATL,BWI,1905,1914.0,9.0,18.0,1932.0,114.0,104.0,75.0,577,2047.0,11.0,2059,2058.0,-1.0,0,0,,0.0,0.0,0.0,0.0,0.0,2015-03-27,0,0.0,0.0,0.0,0.0,0.0
2015,4,23,4,OO,2856,N417SW,LAX,SLC,1530,1525.0,-5.0,20.0,1545.0,109.0,113.0,89.0,590,1814.0,4.0,1819,1818.0,-1.0,0,0,,0.0,0.0,0.0,0.0,0.0,2015-04-23,0,0.0,0.0,0.0,0.0,0.0
2015,4,15,3,F9,217,N228FR,AUS,DEN,930,918.0,-12.0,11.0,929.0,131.0,118.0,102.0,775,1011.0,5.0,1041,1016.0,-25.0,0,0,,0.0,0.0,0.0,0.0,0.0,2015-04-15,0,0.0,0.0,0.0,0.0,0.0
2015,4,12,7,US,679,N183UW,DEN,PHX,1217,1211.0,-6.0,13.0,1224.0,108.0,106.0,87.0,602,1251.0,6.0,1305,1257.0,-8.0,0,0,,0.0,0.0,0.0,0.0,0.0,2015-04-12,0,0.0,0.0,0.0,0.0,0.0
2015,4,6,1,VX,420,N629VA,LAX,JFK,2305,2258.0,-7.0,12.0,2310.0,320.0,322.0,292.0,2475,702.0,18.0,725,720.0,-5.0,0,0,,0.0,0.0,0.0,0.0,0.0,2015-04-06,0,0.0,0.0,0.0,0.0,0.0
2015,4,25,6,UA,441,N595UA,JFK,LAX,600,555.0,-5.0,21.0,616.0,376.0,390.0,351.0,2475,907.0,18.0,916,925.0,9.0,0,0,,0.0,0.0,0.0,0.0,0.0,2015-04-25,0,0.0,0.0,0.0,0.0,0.0
2015,4,15,3,WN,328,N228WN,GEG,OAK,1815,1820.0,5.0,7.0,1827.0,120.0,108.0,92.0,723,1959.0,9.0,2015,2008.0,-7.0,0,0,,0.0,0.0,0.0,0.0,0.0,2015-04-15,0,0.0,0.0,0.0,0.0,0.0
2015,4,18,6,WN,38,N229WN,OKC,HOU,1340,1340.0,0.0,7.0,1347.0,80.0,78.0,68.0,419,1455.0,3.0,1500,1458.0,-2.0,0,0,,0.0,0.0,0.0,0.0,0.0,2015-04-18,0,0.0,0.0,0.0,0.0,0.0
2015,5,4,1,OO,5262,N742SK,CVG,DEN,2016,2008.0,-8.0,14.0,2022.0,181.0,172.0,150.0,1069,2052.0,8.0,2117,2100.0,-17.0,0,0,,0.0,0.0,0.0,0.0,0.0,2015-05-04,0,0.0,0.0,0.0,0.0,0.0
2015,4,11,6,US,2061,N802AW,CLT,IAH,739,736.0,-3.0,12.0,748.0,161.0,154.0,132.0,912,900.0,10.0,920,910.0,-10.0,0,0,,0.0,0.0,0.0,0.0,0.0,2015-04-11,0,0.0,0.0,0.0,0.0,0.0
2015,3,31,2,OO,4518,N603QX,SFO,SEA,950,1017.0,27.0,15.0,1032.0,128.0,110.0,91.0,679,1203.0,4.0,1158,1207.0,9.0,0,0,,0.0,0.0,0.0,0.0,0.0,2015-03-31,1,0.0,0.0,0.0,0.0,0.0
2015,4,8,3,B6,466,N608JB,RSW,BOS,1205,1201.0,-4.0,22.0,1223.0,182.0,199.0,170.0,1249,1513.0,7.0,1507,1520.0,13.0,0,0,,0.0,0.0,0.0,0.0,0.0,2015-04-08,0,0.0,0.0,0.0,0.0,0.0
2015,4,23,4,OO,6316,N116SY,COS,ORD,601,553.0,-8.0,16.0,609.0,154.0,145.0,117.0,911,906.0,12.0,935,918.0,-17.0,0,0,,0.0,0.0,0.0,0.0,0.0,2015-04-23,0,0.0,0.0,0.0,0.0,0.0
2015,4,13,1,F9,132,N220FR,DEN,DFW,2018,2025.0,7.0,8.0,2033.0,107.0,115.0,94.0,641,2307.0,13.0,2305,2320.0,15.0,0,0,,13.0,0.0,2.0,0.0,0.0,2015-04-13,0,185.71,0.0,28.57,0.0,0.0
2015,4,25,6,B6,97,N636JB,JFK,DEN,2021,2019.0,-2.0,26.0,2045.0,284.0,265.0,233.0,1626,2238.0,6.0,2305,2244.0,-21.0,0,0,,0.0,0.0,0.0,0.0,0.0,2015-04-25,0,0.0,0.0,0.0,0.0,0.0
2015,4,9,4,OO,6245,N753SK,IAH,PSP,915,924.0,9.0,18.0,942.0,208.0,214.0,190.0,1269,1052.0,6.0,1043,1058.0,15.0,0,0,,6.0,0.0,2.0,7.0,0.0,2015-04-09,0,66.67,0.0,22.22,77.78,0.0
2015,4,26,7,AA,2222,N573AA,DFW,AUS,1236,1239.0,3.0,10.0,1249.0,64.0,54.0,39.0,190,1328.0,5.0,1340,1333.0,-7.0,0,0,,0.0,0.0,0.0,0.0,0.0,2015-04-26,0,0.0,0.0,0.0,0.0,0.0
2015,4,26,7,OO,4991,N932EV,ORD,MCI,810,807.0,-3.0,14.0,821.0,95.0,87.0,67.0,403,928.0,6.0,945,934.0,-11.0,0,0,,0.0,0.0,0.0,0.0,0.0,2015-04-26,0,0.0,0.0,0.0,0.0,0.0
2015,4,2,4,UA,1136,N16713,ORD,IAH,2035,2032.0,-3.0,15.0,2047.0,168.0,151.0,130.0,925,2257.0,6.0,2323,2303.0,-20.0,0,0,,0.0,0.0,0.0,0.0,0.0,2015-04-02,0,0.0,0.0,0.0,0.0,0.0
2015,4,4,6,AA,2234,N597AA,ORD,MCI,1341,1334.0,-7.0,10.0,1344.0,97.0,80.0,66.0,403,1450.0,4.0,1518,1454.0,-24.0,0,0,,0.0,0.0,0.0,0.0,0.0,2015-04-04,0,0.0,0.0,0.0,0.0,0.0
2015,4,1,3,WN,4206,N358SW,BWI,BDL,1645,1646.0,1.0,12.0,1658.0,65.0,67.0,51.0,283,1749.0,4.0,1750,1753.0,3.0,0,0,,0.0,0.0,0.0,0.0,0.0,2015-04-01,0,0.0,0.0,0.0,0.0,0.0
2015,3,30,1,WN,4555,N8312C,FNT,BWI,1800,1755.0,-5.0,6.0,1801.0,90.0,82.0,70.0,452,1911.0,6.0,1930,1917.0,-13.0,0,0,,0.0,0.0,0.0,0.0,0.0,2015-03-30,0,0.0,0.0,0.0,0.0,0.0
2015,5,3,7,OO,6291,N291SW,FAT,SFO,700,701.0,1.0,10.0,711.0,60.0,49.0,35.0,158,746.0,4.0,800,750.0,-10.0,0,0,,0.0,0.0,0.0,0.0,0.0,2015-05-03,0,0.0,0.0,0.0,0.0,0.0
2015,4,16,4,WN,795,N740SW,STL,MDW,930,926.0,-4.0,9.0,935.0,60.0,58.0,45.0,251,1020.0,4.0,1030,1024.0,-6.0,0,0,,0.0,0.0,0.0,0.0,0.0,2015-04-16,0,0.0,0.0,0.0,0.0,0.0
2015,3,29,7,EV,3952,N14916,MCI,ORD,820,814.0,-6.0,14.0,828.0,93.0,83.0,63.0,403,931.0,6.0,953,937.0,-16.0,0,0,,0.0,0.0,0.0,0.0,0.0,2015-03-29,0,0.0,0.0,0.0,0.0,0.0
2015,4,3,5,WN,2510,N687SW,SFO,LAX,1820,1816.0,-4.0,10.0,1826.0,85.0,77.0,59.0,337,1925.0,8.0,1945,1933.0,-12.0,0,0,,0.0,0.0,0.0,0.0,0.0,2015-04-03,0,0.0,0.0,0.0,0.0,0.0
2015,4,12,7,AA,1488,N3JUAA,FLL,ORD,700,659.0,-1.0,16.0,715.0,196.0,188.0,162.0,1182,857.0,10.0,916,907.0,-9.0,0,0,,0.0,0.0,0.0,0.0,0.0,2015-04-12,0,0.0,0.0,0.0,0.0,0.0
2015,5,4,1,AS,664,N525AS,SEA,DFW,1305,1259.0,-6.0,23.0,1322.0,235.0,259.0,219.0,1660,1901.0,17.0,1900,1918.0,18.0,0,0,,18.0,0.0,0.0,0.0,0.0,2015-05-04,0,-300.0,-0.0,-0.0,-0.0,-0.0
2015,3,29,7,AA,2373,N4YFAA,ORD,DFW,2155,2238.0,43.0,20.0,2258.0,162.0,133.0,107.0,802,45.0,6.0,37,51.0,14.0,0,0,,0.0,0.0,0.0,0.0,0.0,2015-03-29,1,0.0,0.0,0.0,0.0,0.0
2015,4,27,1,DL,1716,N752AT,MSP,LAX,1503,1503.0,0.0,12.0,1515.0,237.0,206.0,184.0,1535,1619.0,10.0,1700,1629.0,-31.0,0,0,,0.0,0.0,0.0,0.0,0.0,2015-04-27,0,0.0,0.0,0.0,0.0,0.0
2015,4,16,4,DL,2583,N3732J,CMH,ATL,700,659.0,-1.0,10.0,709.0,100.0,96.0,77.0,447,826.0,9.0,840,835.0,-5.0,0,0,,0.0,0.0,0.0,0.0,0.0,2015-04-16,0,0.0,0.0,0.0,0.0,0.0
2015,4,7,2,OO,4674,N935SW,MFR,SLC,620,612.0,-8.0,8.0,620.0,101.0,96.0,84.0,575,844.0,4.0,901,848.0,-13.0,0,0,,0.0,0.0,0.0,0.0,0.0,2015-04-07,0,0.0,0.0,0.0,0.0,0.0
2015,5,1,5,OO,5617,N908SW,DEN,TUL,1000,1005.0,5.0,18.0,1023.0,102.0,96.0,75.0,541,1238.0,3.0,1242,1241.0,-1.0,0,0,,0.0,0.0,0.0,0.0,0.0,2015-05-01,0,0.0,0.0,0.0,0.0,0.0
2015,4,16,4,WN,300,N565WN,BUR,PHX,1705,1700.0,-5.0,11.0,1711.0,85.0,76.0,59.0,369,1810.0,6.0,1830,1816.0,-14.0,0,0,,0.0,0.0,0.0,0.0,0.0,2015-04-16,0,0.0,0.0,0.0,0.0,0.0
2015,5,4,1,WN,225,N8637A,OMA,STL,635,631.0,-4.0,7.0,638.0,85.0,68.0,54.0,342,732.0,7.0,800,739.0,-21.0,0,0,,0.0,0.0,0.0,0.0,0.0,2015-05-04,0,0.0,0.0,0.0,0.0,0.0
2015,3,30,1,AA,94,N3KTAA,SAN,JFK,745,739.0,-6.0,18.0,757.0,330.0,320.0,290.0,2446,1547.0,12.0,1615,1559.0,-16.0,0,0,,0.0,0.0,0.0,0.0,0.0,2015-03-30,0,0.0,0.0,0.0,0.0,0.0
2015,4,20,1,AA,1150,N4XNAA,DFW,ELP,1020,1205.0,105.0,17.0,1222.0,111.0,106.0,84.0,551,1246.0,5.0,1111,1251.0,100.0,0,0,,0.0,0.0,40.0,60.0,0.0,2015-04-20,1,0.0,0.0,38.1,57.14,0.0
2015,4,3,5,WN,2062,N766SW,PHX,SNA,835,839.0,4.0,11.0,850.0,80.0,73.0,58.0,338,948.0,4.0,955,952.0,-3.0,0,0,,0.0,0.0,0.0,0.0,0.0,2015-04-03,0,0.0,0.0,0.0,0.0,0.0
2015,5,1,5,WN,31,N432WN,MSY,DAL,1200,1200.0,0.0,8.0,1208.0,85.0,78.0,65.0,436,1313.0,5.0,1325,1318.0,-7.0,0,0,,0.0,0.0,0.0,0.0,0.0,2015-05-01,0,0.0,0.0,0.0,0.0,0.0
2015,3,31,2,DL,1189,N336NW,SLC,BWI,944,949.0,5.0,16.0,1005.0,244.0,238.0,216.0,1865,1541.0,6.0,1548,1547.0,-1.0,0,0,,0.0,0.0,0.0,0.0,0.0,2015-03-31,0,0.0,0.0,0.0,0.0,0.0
2015,4,14,2,US,614,N540UW,PHX,ATL,1510,1506.0,-4.0,9.0,1515.0,215.0,214.0,196.0,1587,2131.0,9.0,2145,2140.0,-5.0,0,0,,0.0,0.0,0.0,0.0,0.0,2015-04-14,0,0.0,0.0,0.0,0.0,0.0
2015,4,9,4,B6,802,N625JB,SLC,MCO,2348,46.0,58.0,11.0,57.0,249.0,255.0,240.0,1931,657.0,4.0,557,701.0,64.0,0,0,,6.0,0.0,0.0,58.0,0.0,2015-04-09,1,10.34,0.0,0.0,100.0,0.0
2015,4,29,3,OO,5244,N132SY,SFO,LAX,1000,956.0,-4.0,20.0,1016.0,95.0,90.0,57.0,337,1113.0,13.0,1135,1126.0,-9.0,0,0,,0.0,0.0,0.0,0.0,0.0,2015-04-29,0,0.0,0.0,0.0,0.0,0.0
2015,4,19,7,MQ,3698,N649MQ,DFW,SGF,1830,1831.0,1.0,21.0,1852.0,86.0,77.0,52.0,364,1944.0,4.0,1956,1948.0,-8.0,0,0,,0.0,0.0,0.0,0.0,0.0,2015-04-19,0,0.0,0.0,0.0,0.0,0.0
2015,4,10,5,AA,163,N793AA,JFK,SFO,2000,1958.0,-2.0,28.0,2026.0,396.0,385.0,352.0,2586,2318.0,5.0,2336,2323.0,-13.0,0,0,,0.0,0.0,0.0,0.0,0.0,2015-04-10,0,0.0,0.0,0.0,0.0,0.0
2015,4,18,6,WN,2662,N382SW,BWI,BNA,750,745.0,-5.0,16.0,801.0,115.0,112.0,91.0,587,832.0,5.0,845,837.0,-8.0,0,0,,0.0,0.0,0.0,0.0,0.0,2015-04-18,0,0.0,0.0,0.0,0.0,0.0
2015,4,30,4,WN,472,N8621A,MDW,SEA,1945,2004.0,19.0,10.0,2014.0,265.0,252.0,238.0,1733,2212.0,4.0,2210,2216.0,6.0,0,0,,0.0,0.0,0.0,0.0,0.0,2015-04-30,1,0.0,0.0,0.0,0.0,0.0
2015,5,1,5,AA,2249,N3HDAA,ORD,SJC,2000,1958.0,-2.0,17.0,2015.0,281.0,271.0,249.0,1829,2224.0,5.0,2241,2229.0,-12.0,0,0,,0.0,0.0,0.0,0.0,0.0,2015-05-01,0,0.0,0.0,0.0,0.0,0.0
2015,4,7,2,WN,4307,N250WN,STL,BWI,550,546.0,-4.0,10.0,556.0,130.0,115.0,99.0,738,835.0,6.0,900,841.0,-19.0,0,0,,0.0,0.0,0.0,0.0,0.0,2015-04-07,0,0.0,0.0,0.0,0.0,0.0
2015,4,23,4,AA,1576,N492AA,SAT,DFW,805,834.0,29.0,13.0,847.0,75.0,74.0,47.0,247,934.0,14.0,920,948.0,28.0,0,0,,0.0,0.0,28.0,0.0,0.0,2015-04-23,1,0.0,0.0,96.55,0.0,0.0
2015,3,27,5,WN,122,N433LV,SNA,SFO,1745,1758.0,13.0,14.0,1812.0,80.0,87.0,69.0,372,1921.0,4.0,1905,1925.0,20.0,0,0,,20.0,0.0,0.0,0.0,0.0,2015-03-27,0,153.85,0.0,0.0,0.0,0.0
2015,4,16,4,UA,724,N779UA,HNL,SFO,1255,1253.0,-2.0,16.0,1309.0,309.0,290.0,269.0,2398,2038.0,5.0,2104,2043.0,-21.0,0,0,,0.0,0.0,0.0,0.0,0.0,2015-04-16,0,0.0,0.0,0.0,0.0,0.0
2015,4,6,1,US,407,N162UW,PHX,SFO,1355,1356.0,1.0,26.0,1422.0,127.0,133.0,100.0,651,1602.0,7.0,1602,1609.0,7.0,0,0,,0.0,0.0,0.0,0.0,0.0,2015-04-06,0,0.0,0.0,0.0,0.0,0.0
2015,4,11,6,WN,2669,N8302F,MDW,DEN,1420,1421.0,1.0,8.0,1429.0,155.0,138.0,125.0,895,1534.0,5.0,1555,1539.0,-16.0,0,0,,0.0,0.0,0.0,0.0,0.0,2015-04-11,0,0.0,0.0,0.0,0.0,0.0
2015,4,16,4,OO,2743,N468CA,PHX,FLG,1955,1956.0,1.0,25.0,2021.0,46.0,56.0,27.0,119,2048.0,4.0,2041,2052.0,11.0,0,0,,0.0,0.0,0.0,0.0,0.0,2015-04-16,0,0.0,0.0,0.0,0.0,0.0
2015,4,2,4,EV,5782,N15574,LIT,IAH,630,627.0,-3.0,11.0,638.0,95.0,88.0,64.0,374,742.0,13.0,805,755.0,-10.0,0,0,,0.0,0.0,0.0,0.0,0.0,2015-04-02,0,0.0,0.0,0.0,0.0,0.0
2015,4,27,1,WN,278,N473WN,DAL,STL,1735,1742.0,7.0,25.0,1807.0,95.0,99.0,71.0,546,1918.0,3.0,1910,1921.0,11.0,0,0,,0.0,0.0,0.0,0.0,0.0,2015-04-27,0,0.0,0.0,0.0,0.0,0.0
2015,4,9,4,UA,575,N469UA,CLE,ORD,1543,1739.0,116.0,20.0,1759.0,87.0,88.0,55.0,315,1754.0,13.0,1610,1807.0,117.0,0,0,,117.0,0.0,0.0,0.0,0.0,2015-04-09,1,100.86,0.0,0.0,0.0,0.0
2015,4,9,4,NK,600,N635NK,FLL,ATL,1619,1613.0,-6.0,11.0,1624.0,120.0,127.0,83.0,581,1747.0,33.0,1819,1820.0,1.0,0,0,,0.0,0.0,0.0,0.0,0.0,2015-04-09,0,0.0,0.0,0.0,0.0,0.0
2015,4,17,5,EV,5190,N717EV,MDW,MSP,1255,1251.0,-4.0,14.0,1305.0,90.0,77.0,59.0,349,1404.0,4.0,1425,1408.0,-17.0,0,0,,0.0,0.0,0.0,0.0,0.0,2015-04-17,0,0.0,0.0,0.0,0.0,0.0
2015,3,27,5,WN,2766,N7701B,LAS,MCI,1510,1520.0,10.0,11.0,1531.0,160.0,158.0,142.0,1139,1953.0,5.0,1950,1958.0,8.0,0,0,,0.0,0.0,0.0,0.0,0.0,2015-03-27,0,0.0,0.0,0.0,0.0,0.0
2015,4,4,6,DL,1543,N335NB,ATL,ALB,952,952.0,0.0,20.0,1012.0,125.0,130.0,108.0,853,1200.0,2.0,1157,1202.0,5.0,0,0,,0.0,0.0,0.0,0.0,0.0,2015-04-04,0,0.0,0.0,0.0,0.0,0.0
2015,3,30,1,DL,1796,N904DA,MSP,LGA,1000,1004.0,4.0,10.0,1014.0,157.0,141.0,123.0,1020,1317.0,8.0,1337,1325.0,-12.0,0,0,,0.0,0.0,0.0,0.0,0.0,2015-03-30,0,0.0,0.0,0.0,0.0,0.0
2015,4,3,5,MQ,3241,N659MQ,DFW,ABI,850,855.0,5.0,25.0,920.0,56.0,65.0,36.0,158,956.0,4.0,946,1000.0,14.0,0,0,,0.0,0.0,0.0,0.0,0.0,2015-04-03,0,0.0,0.0,0.0,0.0,0.0
2015,4,16,4,UA,1460,N73256,PBI,EWR,1512,1558.0,46.0,13.0,1611.0,173.0,175.0,152.0,1023,1843.0,10.0,1805,1853.0,48.0,0,0,,2.0,0.0,24.0,22.0,0.0,2015-04-16,1,4.35,0.0,52.17,47.83,0.0
2015,5,1,5,OO,6290,N919SW,PSP,SFO,1709,1727.0,18.0,22.0,1749.0,96.0,95.0,68.0,421,1857.0,5.0,1845,1902.0,17.0,0,0,,0.0,0.0,0.0,17.0,0.0,2015-05-01,1,0.0,0.0,0.0,94.44,0.0
2015,4,28,2,WN,321,N914WN,MCO,MDW,1710,1838.0,88.0,8.0,1846.0,165.0,154.0,143.0,990,2009.0,3.0,1855,2012.0,77.0,0,0,,0.0,0.0,77.0,0.0,0.0,2015-04-28,1,0.0,0.0,87.5,0.0,0.0
2015,4,6,1,HA,217,N488HA,KOA,HNL,704,700.0,-4.0,8.0,708.0,42.0,43.0,29.0,163,737.0,6.0,746,743.0,-3.0,0,0,,0.0,0.0,0.0,0.0,0.0,2015-04-06,0,0.0,0.0,0.0,0.0,0.0
2015,4,12,7,WN,332,N366SW,BWI,DAY,1100,1110.0,10.0,13.0,1123.0,85.0,84.0,67.0,406,1230.0,4.0,1225,1234.0,9.0,0,0,,0.0,0.0,0.0,0.0,0.0,2015-04-12,0,0.0,0.0,0.0,0.0,0.0
2015,4,9,4,WN,2423,N8653A,MCO,BUF,710,735.0,25.0,13.0,748.0,155.0,155.0,138.0,1011,1006.0,4.0,945,1010.0,25.0,0,0,,0.0,0.0,25.0,0.0,0.0,2015-04-09,1,0.0,0.0,100.0,0.0,0.0
2015,3,28,6,AS,24,N440AS,SEA,BOS,2220,2216.0,-4.0,11.0,2227.0,318.0,307.0,289.0,2496,616.0,7.0,638,623.0,-15.0,0,0,,0.0,0.0,0.0,0.0,0.0,2015-03-28,0,0.0,0.0,0.0,0.0,0.0
2015,3,28,6,WN,2575,N390SW,ATL,PBI,1030,1025.0,-5.0,10.0,1035.0,120.0,121.0,107.0,545,1222.0,4.0,1230,1226.0,-4.0,0,0,,0.0,0.0,0.0,0.0,0.0,2015-03-28,0,0.0,0.0,0.0,0.0,0.0
2015,4,19,7,AA,2408,N4YPAA,ORD,AUS,1425,1423.0,-2.0,16.0,1439.0,166.0,156.0,135.0,978,1654.0,5.0,1711,1659.0,-12.0,0,0,,0.0,0.0,0.0,0.0,0.0,2015-04-19,0,0.0,0.0,0.0,0.0,0.0
2015,4,15,3,DL,2419,N389DA,CMH,ATL,820,816.0,-4.0,15.0,831.0,101.0,106.0,71.0,447,942.0,20.0,1001,1002.0,1.0,0,0,,0.0,0.0,0.0,0.0,0.0,2015-04-15,0,0.0,0.0,0.0,0.0,0.0
2015,4,14,2,AA,2462,N360AA,DFW,LAX,905,902.0,-3.0,24.0,926.0,210.0,196.0,164.0,1235,1010.0,8.0,1035,1018.0,-17.0,0,0,,0.0,0.0,0.0,0.0,0.0,2015-04-14,0,0.0,0.0,0.0,0.0,0.0
2015,4,4,6,UA,1761,N26906,IAH,SFO,710,711.0,1.0,11.0,722.0,255.0,241.0,224.0,1635,906.0,6.0,925,912.0,-13.0,0,0,,0.0,0.0,0.0,0.0,0.0,2015-04-04,0,0.0,0.0,0.0,0.0,0.0
2015,4,9,4,OO,5296,N982SW,SBP,LAX,1405,1401.0,-4.0,11.0,1412.0,63.0,60.0,38.0,156,1450.0,11.0,1508,1501.0,-7.0,0,0,,0.0,0.0,0.0,0.0,0.0,2015-04-09,0,0.0,0.0,0.0,0.0,0.0
2015,4,10,5,WN,3934,N408WN,MCI,SAN,1505,1501.0,-4.0,10.0,1511.0,205.0,205.0,189.0,1334,1620.0,6.0,1630,1626.0,-4.0,0,0,,0.0,0.0,0.0,0.0,0.0,2015-04-10,0,0.0,0.0,0.0,0.0,0.0
2015,4,15,3,B6,1639,N612JB,LGA,RSW,955,950.0,-5.0,39.0,1029.0,200.0,191.0,150.0,1080,1259.0,2.0,1315,1301.0,-14.0,0,0,,0.0,0.0,0.0,0.0,0.0,2015-04-15,0,0.0,0.0,0.0,0.0,0.0
2015,4,17,5,B6,213,N597JB,JFK,LGB,1349,1347.0,-2.0,16.0,1403.0,377.0,335.0,315.0,2465,1618.0,4.0,1706,1622.0,-44.0,0,0,,0.0,0.0,0.0,0.0,0.0,2015-04-17,0,0.0,0.0,0.0,0.0,0.0
2015,4,8,3,UA,994,N480UA,RDU,SFO,654,706.0,12.0,14.0,720.0,351.0,362.0,347.0,2400,1007.0,1.0,945,1008.0,23.0,0,0,,11.0,0.0,12.0,0.0,0.0,2015-04-08,0,91.67,0.0,100.0,0.0,0.0
2015,4,5,7,DL,1363,N958AT,ATL,HOU,1312,1309.0,-3.0,7.0,1316.0,138.0,114.0,104.0,696,1400.0,3.0,1430,1403.0,-27.0,0,0,,0.0,0.0,0.0,0.0,0.0,2015-04-05,0,0.0,0.0,0.0,0.0,0.0
2015,4,6,1,F9,1323,N227FR,ORD,SLC,1605,1555.0,-10.0,20.0,1615.0,205.0,211.0,187.0,1250,1822.0,4.0,1830,1826.0,-4.0,0,0,,0.0,0.0,0.0,0.0,0.0,2015-04-06,0,0.0,0.0,0.0,0.0,0.0
2015,4,8,3,WN,4913,N225WN,MSP,ATL,1605,1601.0,-4.0,12.0,1613.0,150.0,152.0,131.0,907,1924.0,9.0,1935,1933.0,-2.0,0,0,,0.0,0.0,0.0,0.0,0.0,2015-04-08,0,0.0,0.0,0.0,0.0,0.0
2015,4,14,2,UA,1583,N38268,ATL,SFO,716,745.0,29.0,15.0,800.0,319.0,306.0,283.0,2139,943.0,8.0,935,951.0,16.0,0,0,,0.0,0.0,8.0,8.0,0.0,2015-04-14,1,0.0,0.0,27.59,27.59,0.0
2015,4,22,3,EV,4716,N12172,ATW,ORD,1056,1048.0,-8.0,12.0,1100.0,60.0,59.0,37.0,160,1137.0,10.0,1156,1147.0,-9.0,0,0,,0.0,0.0,0.0,0.0,0.0,2015-04-22,0,0.0,0.0,0.0,0.0,0.0
2015,4,8,3,US,413,N920US,CLT,ATL,930,955.0,25.0,24.0,1019.0,76.0,69.0,40.0,226,1059.0,5.0,1046,1104.0,18.0,0,0,,0.0,0.0,5.0,13.0,0.0,2015-04-08,1,0.0,0.0,20.0,52.0,0.0
2015,4,25,6,OO,6346,N976SW,MRY,SFO,530,524.0,-6.0,14.0,538.0,42.0,36.0,18.0,77,556.0,4.0,612,600.0,-12.0,0,0,,0.0,0.0,0.0,0.0,0.0,2015-04-25,0,0.0,0.0,0.0,0.0,0.0
2015,4,7,2,EV,5018,N716EV,DTW,GRR,1350,1350.0,0.0,14.0,1404.0,56.0,44.0,26.0,120,1430.0,4.0,1446,1434.0,-12.0,0,0,,0.0,0.0,0.0,0.0,0.0,2015-04-07,0,0.0,0.0,0.0,0.0,0.0
2015,3,27,5,WN,465,N357SW,LAX,LAS,1830,1928.0,58.0,8.0,1936.0,60.0,67.0,52.0,236,2028.0,7.0,1930,2035.0,65.0,0,0,,7.0,0.0,58.0,0.0,0.0,2015-03-27,1,12.07,0.0,100.0,0.0,0.0
2015,5,3,7,DL,1236,N674DL,ATL,PNS,1740,1738.0,-2.0,18.0,1756.0,78.0,72.0,48.0,271,1744.0,6.0,1758,1750.0,-8.0,0,0,,0.0,0.0,0.0,0.0,0.0,2015-05-03,0,0.0,0.0,0.0,0.0,0.0
2015,4,14,2,WN,195,N8628A,PDX,MDW,555,558.0,3.0,12.0,610.0,240.0,229.0,214.0,1751,1144.0,3.0,1155,1147.0,-8.0,0,0,,0.0,0.0,0.0,0.0,0.0,2015-04-14,0,0.0,0.0,0.0,0.0,0.0
2015,4,4,6,AA,1462,N373AA,DFW,MIA,1205,1209.0,4.0,26.0,1235.0,175.0,161.0,129.0,1121,1544.0,6.0,1600,1550.0,-10.0,0,0,,0.0,0.0,0.0,0.0,0.0,2015-04-04,0,0.0,0.0,0.0,0.0,0.0
2015,4,17,5,US,563,N177US,PHX,SAN,2000,2020.0,20.0,11.0,2031.0,71.0,64.0,49.0,304,2120.0,4.0,2111,2124.0,13.0,0,0,,0.0,0.0,0.0,0.0,0.0,2015-04-17,1,0.0,0.0,0.0,0.0,0.0
2015,4,25,6,B6,512,N329JB,AUS,FLL,1130,1124.0,-6.0,14.0,1138.0,154.0,157.0,137.0,1105,1455.0,6.0,1504,1501.0,-3.0,0,0,,0.0,0.0,0.0,0.0,0.0,2015-04-25,0,0.0,0.0,0.0,0.0,0.0
2015,4,29,3,AA,1281,N494AA,FAT,DFW,600,557.0,-3.0,15.0,612.0,195.0,200.0,174.0,1313,1106.0,11.0,1115,1117.0,2.0,0,0,,0.0,0.0,0.0,0.0,0.0,2015-04-29,0,0.0,0.0,0.0,0.0,0.0
2015,4,18,6,US,1806,N668AW,ORD,CLT,1355,1356.0,1.0,15.0,1411.0,123.0,124.0,81.0,599,1632.0,28.0,1658,1700.0,2.0,0,0,,0.0,0.0,0.0,0.0,0.0,2015-04-18,0,0.0,0.0,0.0,0.0,0.0
2015,4,16,4,EV,5904,N15574,CMH,ORD,1325,1312.0,-13.0,14.0,1326.0,82.0,102.0,53.0,296,1319.0,35.0,1347,1354.0,7.0,0,0,,0.0,0.0,0.0,0.0,0.0,2015-04-16,0,0.0,0.0,0.0,0.0,0.0
2015,5,3,7,B6,932,N279JB,HOU,BOS,1805,1758.0,-7.0,14.0,1812.0,234.0,229.0,211.0,1609,2243.0,4.0,2259,2247.0,-12.0,0,0,,0.0,0.0,0.0,0.0,0.0,2015-05-03,0,0.0,0.0,0.0,0.0,0.0
2015,4,10,5,VX,330,N628VA,LAX,FLL,1325,1326.0,1.0,10.0,1336.0,285.0,281.0,266.0,2343,2102.0,5.0,2110,2107.0,-3.0,0,0,,0.0,0.0,0.0,0.0,0.0,2015-04-10,0,0.0,0.0,0.0,0.0,0.0
2015,4,5,7,WN,3658,N8606C,SJU,TPA,1440,1432.0,-8.0,12.0,1444.0,200.0,181.0,165.0,1237,1729.0,4.0,1800,1733.0,-27.0,0,0,,0.0,0.0,0.0,0.0,0.0,2015-04-05,0,0.0,0.0,0.0,0.0,0.0
2015,4,19,7,VX,2,N844VA,DCA,SFO,1715,1718.0,3.0,10.0,1728.0,365.0,326.0,306.0,2442,1934.0,10.0,2020,1944.0,-36.0,0,0,,0.0,0.0,0.0,0.0,0.0,2015-04-19,0,0.0,0.0,0.0,0.0,0.0
2015,5,4,1,EV,4485,N14171,IAH,RDU,730,726.0,-4.0,17.0,743.0,162.0,173.0,147.0,1042,1110.0,9.0,1112,1119.0,7.0,0,0,,0.0,0.0,0.0,0.0,0.0,2015-05-04,0,0.0,0.0,0.0,0.0,0.0
2015,4,12,7,AS,21,N302AS,ORD,SEA,1935,1925.0,-10.0,11.0,1936.0,267.0,254.0,239.0,1721,2135.0,4.0,2202,2139.0,-23.0,0,0,,0.0,0.0,0.0,0.0,0.0,2015-04-12,0,0.0,0.0,0.0,0.0,0.0
2015,4,6,1,AA,1095,N3FAAA,DFW,PHX,705,701.0,-4.0,20.0,721.0,161.0,159.0,134.0,868,735.0,5.0,746,740.0,-6.0,0,0,,0.0,0.0,0.0,0.0,0.0,2015-04-06,0,0.0,0.0,0.0,0.0,0.0
2015,5,1,5,WN,4811,N375SW,CMH,BWI,2110,2120.0,10.0,9.0,2129.0,80.0,76.0,58.0,337,2227.0,9.0,2230,2236.0,6.0,0,0,,0.0,0.0,0.0,0.0,0.0,2015-05-01,0,0.0,0.0,0.0,0.0,0.0
2015,4,15,3,EV,4392,N14907,MKE,IAH,750,744.0,-6.0,11.0,755.0,175.0,166.0,146.0,984,1021.0,9.0,1045,1030.0,-15.0,0,0,,0.0,0.0,0.0,0.0,0.0,2015-04-15,0,0.0,0.0,0.0,0.0,0.0
2015,4,26,7,US,1709,N919US,CLT,FLL,950,946.0,-4.0,30.0,1016.0,124.0,123.0,86.0,632,1142.0,7.0,1154,1149.0,-5.0,0,0,,0.0,0.0,0.0,0.0,0.0,2015-04-26,0,0.0,0.0,0.0,0.0,0.0
2015,4,20,1,DL,2369,N136DL,ATL,MCO,1255,1248.0,-7.0,19.0,1307.0,87.0,95.0,68.0,404,1415.0,8.0,1422,1423.0,1.0,0,0,,0.0,0.0,0.0,0.0,0.0,2015-04-20,0,0.0,0.0,0.0,0.0,0.0
2015,4,16,4,US,699,N828AW,RDU,LAX,1700,1656.0,-4.0,13.0,1709.0,341.0,321.0,300.0,2239,1909.0,8.0,1941,1917.0,-24.0,0,0,,0.0,0.0,0.0,0.0,0.0,2015-04-16,0,0.0,0.0,0.0,0.0,0.0
2015,4,17,5,MQ,3475,N615MQ,MIA,GNV,2110,2105.0,-5.0,18.0,2123.0,77.0,72.0,47.0,294,2210.0,7.0,2227,2217.0,-10.0,0,0,,0.0,0.0,0.0,0.0,0.0,2015-04-17,0,0.0,0.0,0.0,0.0,0.0
2015,4,18,6,AS,6,N514AS,LAX,DCA,1250,1241.0,-9.0,16.0,1257.0,309.0,283.0,263.0,2311,2020.0,4.0,2059,2024.0,-35.0,0,0,,0.0,0.0,0.0,0.0,0.0,2015-04-18,0,0.0,0.0,0.0,0.0,0.0
2015,4,5,7,WN,4995,N762SW,MSP,MDW,1445,1459.0,14.0,10.0,1509.0,85.0,76.0,61.0,349,1610.0,5.0,1610,1615.0,5.0,0,0,,0.0,0.0,0.0,0.0,0.0,2015-04-05,0,0.0,0.0,0.0,0.0,0.0
2015,4,26,7,MQ,2992,N505MQ,CLE,ORD,2035,2011.0,-24.0,14.0,2025.0,88.0,82.0,57.0,315,2022.0,11.0,2103,2033.0,-30.0,0,0,,0.0,0.0,0.0,0.0,0.0,2015-04-26,0,0.0,0.0,0.0,0.0,0.0
2015,4,21,2,AA,2409,N4XYAA,DFW,BNA,1600,1557.0,-3.0,23.0,1620.0,108.0,107.0,77.0,631,1737.0,7.0,1748,1744.0,-4.0,0,0,,0.0,0.0,0.0,0.0,0.0,2015-04-21,0,0.0,0.0,0.0,0.0,0.0
2015,4,15,3,OO,3460,N947SW,PDX,ONT,635,633.0,-2.0,18.0,651.0,132.0,124.0,102.0,838,833.0,4.0,847,837.0,-10.0,0,0,,0.0,0.0,0.0,0.0,0.0,2015-04-15,0,0.0,0.0,0.0,0.0,0.0
2015,4,2,4,OO,5596,N923SW,ORD,BNA,2030,2229.0,119.0,13.0,2242.0,94.0,80.0,61.0,409,2343.0,6.0,2204,2349.0,105.0,0,0,,0.0,0.0,0.0,105.0,0.0,2015-04-02,1,0.0,0.0,0.0,88.24,0.0
2015,4,2,4,DL,976,N319US,SLC,PDX,1120,1116.0,-4.0,17.0,1133.0,115.0,107.0,88.0,630,1201.0,2.0,1215,1203.0,-12.0,0,0,,0.0,0.0,0.0,0.0,0.0,2015-04-02,0,0.0,0.0,0.0,0.0,0.0
2015,4,6,1,HA,131,N485HA,ITO,HNL,1632,1630.0,-2.0,10.0,1640.0,52.0,57.0,39.0,216,1719.0,8.0,1724,1727.0,3.0,0,0,,0.0,0.0,0.0,0.0,0.0,2015-04-06,0,0.0,0.0,0.0,0.0,0.0
2015,4,30,4,WN,339,N916WN,LAS,FLL,1725,1730.0,5.0,14.0,1744.0,270.0,277.0,256.0,2173,100.0,7.0,55,107.0,12.0,0,0,,0.0,0.0,0.0,0.0,0.0,2015-04-30,0,0.0,0.0,0.0,0.0,0.0
2015,4,4,6,EV,4104,N17138,CLE,EWR,624,613.0,-11.0,16.0,629.0,95.0,96.0,60.0,404,729.0,20.0,759,749.0,-10.0,0,0,,0.0,0.0,0.0,0.0,0.0,2015-04-04,0,0.0,0.0,0.0,0.0,0.0
2015,4,12,7,WN,2622,N258WN,MEM,BWI,1720,1721.0,1.0,7.0,1728.0,130.0,116.0,106.0,787,2014.0,3.0,2030,2017.0,-13.0,0,0,,0.0,0.0,0.0,0.0,0.0,2015-04-12,0,0.0,0.0,0.0,0.0,0.0
2015,3,31,2,DL,1495,N344NB,DTW,BOS,1955,2001.0,6.0,14.0,2015.0,106.0,104.0,84.0,632,2139.0,6.0,2141,2145.0,4.0,0,0,,0.0,0.0,0.0,0.0,0.0,2015-03-31,0,0.0,0.0,0.0,0.0,0.0
2015,3,30,1,B6,883,N705JB,JFK,MCO,2002,2102.0,60.0,24.0,2126.0,183.0,156.0,126.0,944,2332.0,6.0,2305,2338.0,33.0,0,0,,0.0,0.0,23.0,10.0,0.0,2015-03-30,1,0.0,0.0,38.33,16.67,0.0
2015,5,1,5,DL,2088,N891AT,ATW,ATL,540,535.0,-5.0,11.0,546.0,131.0,113.0,92.0,765,818.0,10.0,851,828.0,-23.0,0,0,,0.0,0.0,0.0,0.0,0.0,2015-05-01,0,0.0,0.0,0.0,0.0,0.0
2015,5,3,7,WN,2798,N362SW,LAS,PDX,1735,1801.0,26.0,58.0,1859.0,140.0,172.0,111.0,763,2050.0,3.0,1955,2053.0,58.0,0,0,,32.0,0.0,0.0,26.0,0.0,2015-05-03,1,123.08,0.0,0.0,100.0,0.0
2015,3,29,7,WN,699,N7721E,SAN,DAL,1435,1435.0,0.0,12.0,1447.0,170.0,155.0,139.0,1182,1906.0,4.0,1925,1910.0,-15.0,0,0,,0.0,0.0,0.0,0.0,0.0,2015-03-29,0,0.0,0.0,0.0,0.0,0.0
2015,4,5,7,AA,2413,N3JFAA,ORD,PHX,2005,2003.0,-2.0,12.0,2015.0,236.0,234.0,213.0,1440,2148.0,9.0,2201,2157.0,-4.0,0,0,,0.0,0.0,0.0,0.0,0.0,2015-04-05,0,0.0,0.0,0.0,0.0,0.0
2015,4,23,4,OO,4540,N162PQ,LAX,SJC,1625,1624.0,-1.0,16.0,1640.0,80.0,73.0,53.0,308,1733.0,4.0,1745,1737.0,-8.0,0,0,,0.0,0.0,0.0,0.0,0.0,2015-04-23,0,0.0,0.0,0.0,0.0,0.0
2015,4,26,7,DL,2642,N375DA,SLC,MCO,2345,2339.0,-6.0,16.0,2355.0,247.0,249.0,227.0,1931,542.0,6.0,552,548.0,-4.0,0,0,,0.0,0.0,0.0,0.0,0.0,2015-04-26,0,0.0,0.0,0.0,0.0,0.0
2015,4,8,3,US,1899,N564UW,CLT,MCO,1635,1632.0,-3.0,18.0,1650.0,101.0,91.0,64.0,468,1754.0,9.0,1816,1803.0,-13.0,0,0,,0.0,0.0,0.0,0.0,0.0,2015-04-08,0,0.0,0.0,0.0,0.0,0.0
2015,3,30,1,WN,653,N774SW,DAL,AUS,1430,1529.0,59.0,8.0,1537.0,50.0,45.0,33.0,189,1610.0,4.0,1520,1614.0,54.0,0,0,,0.0,0.0,54.0,0.0,0.0,2015-03-30,1,0.0,0.0,91.53,0.0,0.0
2015,4,28,2,AA,1587,N4XPAA,EWR,ORD,1555,1545.0,-10.0,12.0,1557.0,151.0,138.0,111.0,719,1648.0,15.0,1726,1703.0,-23.0,0,0,,0.0,0.0,0.0,0.0,0.0,2015-04-28,0,0.0,0.0,0.0,0.0,0.0
2015,5,4,1,WN,796,N253WN,MDW,MCI,530,529.0,-1.0,7.0,536.0,85.0,78.0,67.0,405,643.0,4.0,655,647.0,-8.0,0,0,,0.0,0.0,0.0,0.0,0.0,2015-05-04,0,0.0,0.0,0.0,0.0,0.0
2015,4,14,2,WN,1549,N767SW,BNA,FLL,1900,1918.0,18.0,10.0,1928.0,130.0,121.0,108.0,793,2216.0,3.0,2210,2219.0,9.0,0,0,,0.0,0.0,0.0,0.0,0.0,2015-04-14,1,0.0,0.0,0.0,0.0,0.0
2015,4,2,4,OO,6220,N768SK,SFO,RNO,2255,2253.0,-2.0,23.0,2316.0,60.0,60.0,33.0,192,2349.0,4.0,2355,2353.0,-2.0,0,0,,0.0,0.0,0.0,0.0,0.0,2015-04-02,0,0.0,0.0,0.0,0.0,0.0
2015,5,2,6,WN,1203,N628SW,LAX,HOU,1410,1412.0,2.0,11.0,1423.0,185.0,190.0,173.0,1390,1916.0,6.0,1915,1922.0,7.0,0,0,,0.0,0.0,0.0,0.0,0.0,2015-05-02,0,0.0,0.0,0.0,0.0,0.0
2015,4,3,5,EV,4741,N14923,TYR,IAH,1256,1249.0,-7.0,5.0,1254.0,63.0,50.0,40.0,163,1334.0,5.0,1359,1339.0,-20.0,0,0,,0.0,0.0,0.0,0.0,0.0,2015-04-03,0,0.0,0.0,0.0,0.0,0.0
2015,4,29,3,WN,1168,N684WN,SLC,DEN,730,732.0,2.0,9.0,741.0,90.0,66.0,56.0,391,837.0,1.0,900,838.0,-22.0,0,0,,0.0,0.0,0.0,0.0,0.0,2015-04-29,0,0.0,0.0,0.0,0.0,0.0
2015,5,4,1,MQ,2919,N520MQ,LGA,STL,1035,1025.0,-10.0,27.0,1052.0,165.0,161.0,122.0,888,1154.0,12.0,1220,1206.0,-14.0,0,0,,0.0,0.0,0.0,0.0,0.0,2015-05-04,0,0.0,0.0,0.0,0.0,0.0
2015,4,13,1,DL,1765,N334NB,RSW,ATL,1435,1429.0,-6.0,11.0,1440.0,110.0,96.0,77.0,515,1557.0,8.0,1625,1605.0,-20.0,0,0,,0.0,0.0,0.0,0.0,0.0,2015-04-13,0,0.0,0.0,0.0,0.0,0.0
2015,4,26,7,AA,113,N3GPAA,MIA,DEN,2000,1952.0,-8.0,8.0,2000.0,268.0,249.0,234.0,1709,2154.0,7.0,2228,2201.0,-27.0,0,0,,0.0,0.0,0.0,0.0,0.0,2015-04-26,0,0.0,0.0,0.0,0.0,0.0
2015,3,30,1,DL,2261,N923AT,ATL,DAL,810,809.0,-1.0,21.0,830.0,143.0,148.0,123.0,721,933.0,4.0,933,937.0,4.0,0,0,,0.0,0.0,0.0,0.0,0.0,2015-03-30,0,0.0,0.0,0.0,0.0,0.0
2015,5,1,5,WN,2671,N703SW,ABQ,MDW,605,605.0,0.0,12.0,617.0,160.0,158.0,143.0,1121,940.0,3.0,945,943.0,-2.0,0,0,,0.0,0.0,0.0,0.0,0.0,2015-05-01,0,0.0,0.0,0.0,0.0,0.0
2015,3,30,1,WN,3413,N687SW,TPA,CMH,2150,2235.0,45.0,8.0,2243.0,135.0,128.0,117.0,829,40.0,3.0,5,43.0,38.0,0,0,,0.0,0.0,0.0,38.0,0.0,2015-03-30,1,0.0,0.0,0.0,84.44,0.0
2015,4,1,3,B6,453,N651JB,JFK,PBI,718,713.0,-5.0,32.0,745.0,177.0,183.0,147.0,1028,1012.0,4.0,1015,1016.0,1.0,0,0,,0.0,0.0,0.0,0.0,0.0,2015-04-01,0,0.0,0.0,0.0,0.0,0.0
2015,4,24,5,WN,988,N550WN,ELP,SAT,1410,1541.0,91.0,9.0,1550.0,85.0,74.0,60.0,496,1750.0,5.0,1635,1755.0,80.0,0,0,,0.0,0.0,8.0,72.0,0.0,2015-04-24,1,0.0,0.0,8.79,79.12,0.0
2015,4,10,5,WN,166,N208WN,DCA,MKE,2035,2104.0,29.0,10.0,2114.0,120.0,113.0,96.0,634,2150.0,7.0,2135,2157.0,22.0,0,0,,0.0,0.0,0.0,22.0,0.0,2015-04-10,1,0.0,0.0,0.0,75.86,0.0
2015,4,3,5,OO,4719,N603SK,PHX,SEA,1819,1837.0,18.0,23.0,1900.0,184.0,185.0,157.0,1107,2137.0,5.0,2123,2142.0,19.0,0,0,,1.0,0.0,0.0,18.0,0.0,2015-04-03,1,5.56,0.0,0.0,100.0,0.0
2015,4,21,2,OO,5208,N138SY,DCA,ORD,1142,1139.0,-3.0,15.0,1154.0,129.0,123.0,103.0,612,1237.0,5.0,1251,1242.0,-9.0,0,0,,0.0,0.0,0.0,0.0,0.0,2015-04-21,0,0.0,0.0,0.0,0.0,0.0
2015,4,29,3,AA,1009,N3EWAA,DFW,MCO,850,846.0,-4.0,15.0,901.0,159.0,144.0,122.0,985,1203.0,7.0,1229,1210.0,-19.0,0,0,,0.0,0.0,0.0,0.0,0.0,2015-04-29,0,0.0,0.0,0.0,0.0,0.0
2015,3,29,7,UA,1263,N68842,SFO,BOS,2255,2251.0,-4.0,24.0,2315.0,339.0,330.0,302.0,2704,717.0,4.0,734,721.0,-13.0,0,0,,0.0,0.0,0.0,0.0,0.0,2015-03-29,0,0.0,0.0,0.0,0.0,0.0
2015,4,8,3,MQ,3017,N534MQ,ORD,CID,1040,1126.0,46.0,12.0,1138.0,65.0,55.0,40.0,196,1218.0,3.0,1145,1221.0,36.0,0,0,,0.0,0.0,36.0,0.0,0.0,2015-04-08,1,0.0,0.0,78.26,0.0,0.0
2015,4,4,6,EV,5236,N755EV,MOB,ATL,1322,1357.0,35.0,7.0,1404.0,68.0,58.0,46.0,302,1550.0,5.0,1530,1555.0,25.0,0,0,,0.0,0.0,0.0,25.0,0.0,2015-04-04,1,0.0,0.0,0.0,71.43,0.0
2015,4,14,2,F9,1434,N905FR,MCO,ILG,1745,1741.0,-4.0,15.0,1756.0,142.0,141.0,119.0,841,1955.0,7.0,2007,2002.0,-5.0,0,0,,0.0,0.0,0.0,0.0,0.0,2015-04-14,0,0.0,0.0,0.0,0.0,0.0
2015,4,22,3,UA,369,N489UA,IAH,AUS,1915,1912.0,-3.0,24.0,1936.0,57.0,72.0,40.0,140,2016.0,8.0,2012,2024.0,12.0,0,0,,0.0,0.0,0.0,0.0,0.0,2015-04-22,0,0.0,0.0,0.0,0.0,0.0
2015,3,30,1,DL,2507,N943DL,SAV,ATL,730,732.0,2.0,11.0,743.0,79.0,70.0,39.0,214,822.0,20.0,849,842.0,-7.0,0,0,,0.0,0.0,0.0,0.0,0.0,2015-03-30,0,0.0,0.0,0.0,0.0,0.0
2015,4,21,2,DL,1611,N962DN,MIA,ATL,1245,1253.0,8.0,13.0,1306.0,124.0,106.0,87.0,594,1433.0,6.0,1449,1439.0,-10.0,0,0,,0.0,0.0,0.0,0.0,0.0,2015-04-21,0,0.0,0.0,0.0,0.0,0.0
2015,4,28,2,WN,1813,N225WN,SFO,DEN,540,538.0,-2.0,13.0,551.0,160.0,158.0,137.0,967,908.0,8.0,920,916.0,-4.0,0,0,,0.0,0.0,0.0,0.0,0.0,2015-04-28,0,0.0,0.0,0.0,0.0,0.0
2015,4,27,1,US,2153,N946UW,LGA,DCA,1900,1903.0,3.0,39.0,1942.0,80.0,86.0,43.0,214,2025.0,4.0,2020,2029.0,9.0,0,0,,0.0,0.0,0.0,0.0,0.0,2015-04-27,0,0.0,0.0,0.0,0.0,0.0
2015,4,6,1,EV,6075,N21197,GJT,DEN,927,918.0,-9.0,8.0,926.0,67.0,55.0,38.0,212,1004.0,9.0,1034,1013.0,-21.0,0,0,,0.0,0.0,0.0,0.0,0.0,2015-04-06,0,0.0,0.0,0.0,0.0,0.0
2015,5,1,5,WN,2629,N281WN,ATL,JAX,1025,1021.0,-4.0,15.0,1036.0,75.0,61.0,42.0,270,1118.0,4.0,1140,1122.0,-18.0,0,0,,0.0,0.0,0.0,0.0,0.0,2015-05-01,0,0.0,0.0,0.0,0.0,0.0
2015,4,19,7,US,891,N157UW,CLT,DFW,1445,1451.0,6.0,13.0,1504.0,170.0,163.0,140.0,936,1624.0,10.0,1635,1634.0,-1.0,0,0,,0.0,0.0,0.0,0.0,0.0,2015-04-19,0,0.0,0.0,0.0,0.0,0.0
2015,4,13,1,US,1813,N914UY,DEN,CLT,125,137.0,12.0,12.0,149.0,187.0,184.0,164.0,1337,633.0,8.0,632,641.0,9.0,0,0,,0.0,0.0,0.0,0.0,0.0,2015-04-13,0,0.0,0.0,0.0,0.0,0.0
2015,4,26,7,MQ,3636,N661MQ,JFK,CMH,1459,1450.0,-9.0,24.0,1514.0,116.0,107.0,79.0,483,1633.0,4.0,1655,1637.0,-18.0,0,0,,0.0,0.0,0.0,0.0,0.0,2015-04-26,0,0.0,0.0,0.0,0.0,0.0
2015,4,23,4,UA,1677,N37263,IAH,SNA,2055,2057.0,2.0,16.0,2113.0,214.0,203.0,182.0,1346,2215.0,5.0,2229,2220.0,-9.0,0,0,,0.0,0.0,0.0,0.0,0.0,2015-04-23,0,0.0,0.0,0.0,0.0,0.0
2015,3,30,1,EV,6125,N11535,ORD,IND,1020,1014.0,-6.0,13.0,1027.0,65.0,49.0,29.0,177,1156.0,7.0,1225,1203.0,-22.0,0,0,,0.0,0.0,0.0,0.0,0.0,2015-03-30,0,0.0,0.0,0.0,0.0,0.0
2015,4,20,1,EV,5186,N195PQ,ATL,LEX,939,957.0,18.0,20.0,1017.0,76.0,71.0,47.0,304,1104.0,4.0,1055,1108.0,13.0,0,0,,0.0,0.0,0.0,0.0,0.0,2015-04-20,1,0.0,0.0,0.0,0.0,0.0
2015,3,29,7,US,1810,N182UW,CLT,TPA,1440,1435.0,-5.0,16.0,1451.0,100.0,92.0,72.0,507,1603.0,4.0,1620,1607.0,-13.0,0,0,,0.0,0.0,0.0,0.0,0.0,2015-03-29,0,0.0,0.0,0.0,0.0,0.0
2015,4,8,3,WN,4926,N223WN,STL,BOS,2105,2118.0,13.0,26.0,2144.0,150.0,168.0,134.0,1047,58.0,8.0,35,106.0,31.0,0,0,,18.0,0.0,0.0,8.0,5.0,2015-04-08,0,138.46,0.0,0.0,61.54,38.46
2015,3,31,2,WN,3663,N8303R,SLC,OAK,2010,2002.0,-8.0,20.0,2022.0,115.0,122.0,93.0,588,2055.0,9.0,2105,2104.0,-1.0,0,0,,0.0,0.0,0.0,0.0,0.0,2015-03-31,0,0.0,0.0,0.0,0.0,0.0
2015,5,2,6,B6,48,N587JB,LAS,JFK,1213,1206.0,-7.0,13.0,1219.0,317.0,287.0,271.0,2248,1950.0,3.0,2030,1953.0,-37.0,0,0,,0.0,0.0,0.0,0.0,0.0,2015-05-02,0,0.0,0.0,0.0,0.0,0.0
2015,4,27,1,US,1915,N765US,CLT,RDU,1810,1806.0,-4.0,18.0,1824.0,57.0,49.0,27.0,130,1851.0,4.0,1907,1855.0,-12.0,0,0,,0.0,0.0,0.0,0.0,0.0,2015-04-27,0,0.0,0.0,0.0,0.0,0.0
2015,4,3,5,WN,4905,N258WN,BUR,SJC,2115,2204.0,49.0,10.0,2214.0,65.0,61.0,47.0,296,2301.0,4.0,2220,2305.0,45.0,0,0,,0.0,0.0,0.0,45.0,0.0,2015-04-03,1,0.0,0.0,0.0,91.84,0.0
2015,4,15,3,DL,110,N584NW,ATL,LAX,817,827.0,10.0,29.0,856.0,303.0,306.0,261.0,1947,1017.0,16.0,1020,1033.0,13.0,0,0,,0.0,0.0,0.0,0.0,0.0,2015-04-15,0,0.0,0.0,0.0,0.0,0.0
2015,3,30,1,UA,727,N535UA,SFO,IAD,1305,1257.0,-8.0,16.0,1313.0,296.0,292.0,272.0,2419,2045.0,4.0,2101,2049.0,-12.0,0,0,,0.0,0.0,0.0,0.0,0.0,2015-03-30,0,0.0,0.0,0.0,0.0,0.0
2015,4,1,3,WN,937,N402WN,DEN,SNA,1600,1610.0,10.0,12.0,1622.0,145.0,140.0,124.0,846,1726.0,4.0,1725,1730.0,5.0,0,0,,0.0,0.0,0.0,0.0,0.0,2015-04-01,0,0.0,0.0,0.0,0.0,0.0
2015,3,27,5,DL,2585,N310NW,MSN,MSP,710,730.0,20.0,9.0,739.0,66.0,53.0,40.0,228,819.0,4.0,816,823.0,7.0,0,0,,0.0,0.0,0.0,0.0,0.0,2015-03-27,1,0.0,0.0,0.0,0.0,0.0
2015,5,4,1,WN,243,N947WN,BWI,MCO,2135,2338.0,123.0,7.0,2345.0,140.0,124.0,112.0,787,137.0,5.0,2355,142.0,107.0,0,0,,0.0,0.0,107.0,0.0,0.0,2015-05-04,1,0.0,0.0,86.99,0.0,0.0
2015,4,8,3,AA,1159,N4YLAA,ORD,STL,2000,2104.0,64.0,24.0,2128.0,74.0,84.0,50.0,258,2218.0,10.0,2114,2228.0,74.0,0,0,,10.0,0.0,0.0,64.0,0.0,2015-04-08,1,15.62,0.0,0.0,100.0,0.0
2015,3,30,1,EV,4230,N12135,DEN,DIK,1418,1406.0,-12.0,17.0,1423.0,101.0,96.0,74.0,488,1537.0,5.0,1559,1542.0,-17.0,0,0,,0.0,0.0,0.0,0.0,0.0,2015-03-30,0,0.0,0.0,0.0,0.0,0.0
2015,4,16,4,WN,123,N8328A,LAX,DEN,550,550.0,0.0,18.0,608.0,155.0,178.0,120.0,862,908.0,40.0,925,948.0,23.0,0,0,,23.0,0.0,0.0,0.0,0.0,2015-04-16,0,inf,0.0,0.0,0.0,0.0
2015,3,26,4,OO,4819,N606SK,SEA,PHX,1850,1849.0,-1.0,12.0,1901.0,173.0,162.0,135.0,1107,2116.0,15.0,2143,2131.0,-12.0,0,0,,0.0,0.0,0.0,0.0,0.0,2015-03-26,0,0.0,0.0,0.0,0.0,0.0
2015,4,14,2,DL,1295,N314NB,ATL,PIT,909,909.0,0.0,13.0,922.0,96.0,84.0,68.0,526,1030.0,3.0,1045,1033.0,-12.0,0,0,,0.0,0.0,0.0,0.0,0.0,2015-04-14,0,0.0,0.0,0.0,0.0,0.0
2015,4,27,1,AA,1399,N555AA,DFW,STL,1510,1522.0,12.0,21.0,1543.0,108.0,100.0,74.0,550,1657.0,5.0,1658,1702.0,4.0,0,0,,0.0,0.0,0.0,0.0,0.0,2015-04-27,0,0.0,0.0,0.0,0.0,0.0
2015,4,19,7,B6,573,N603JB,EWR,TPA,1500,1500.0,0.0,12.0,1512.0,173.0,170.0,155.0,997,1747.0,3.0,1753,1750.0,-3.0,0,0,,0.0,0.0,0.0,0.0,0.0,2015-04-19,0,0.0,0.0,0.0,0.0,0.0
2015,4,23,4,UA,535,N518UA,JFK,LAX,1700,1708.0,8.0,21.0,1729.0,378.0,369.0,341.0,2475,2010.0,7.0,2018,2017.0,-1.0,0,0,,0.0,0.0,0.0,0.0,0.0,2015-04-23,0,0.0,0.0,0.0,0.0,0.0
2015,4,17,5,WN,2140,N201LV,BNA,MDW,530,526.0,-4.0,9.0,535.0,85.0,76.0,62.0,395,637.0,5.0,655,642.0,-13.0,0,0,,0.0,0.0,0.0,0.0,0.0,2015-04-17,0,0.0,0.0,0.0,0.0,0.0
2015,4,10,5,AS,92,N615AS,ANC,SEA,130,124.0,-6.0,9.0,133.0,199.0,191.0,178.0,1448,531.0,4.0,549,535.0,-14.0,0,0,,0.0,0.0,0.0,0.0,0.0,2015-04-10,0,0.0,0.0,0.0,0.0,0.0
2015,4,30,4,EV,5892,N12163,CLE,MKE,1924,1929.0,5.0,9.0,1938.0,81.0,65.0,52.0,328,1930.0,4.0,1945,1934.0,-11.0,0,0,,0.0,0.0,0.0,0.0,0.0,2015-04-30,0,0.0,0.0,0.0,0.0,0.0
2015,5,4,1,OO,4714,N8965E,PLN,DTW,600,554.0,-6.0,11.0,605.0,67.0,59.0,40.0,243,645.0,8.0,707,653.0,-14.0,0,0,,0.0,0.0,0.0,0.0,0.0,2015-05-04,0,0.0,0.0,0.0,0.0,0.0
2015,3,29,7,OO,5440,N910SW,MAF,DEN,1310,1312.0,2.0,8.0,1320.0,114.0,103.0,89.0,563,1349.0,6.0,1404,1355.0,-9.0,0,0,,0.0,0.0,0.0,0.0,0.0,2015-03-29,0,0.0,0.0,0.0,0.0,0.0
2015,5,2,6,DL,1738,N3768,CHS,ATL,1400,1357.0,-3.0,14.0,1411.0,83.0,66.0,44.0,259,1455.0,8.0,1523,1503.0,-20.0,0,0,,0.0,0.0,0.0,0.0,0.0,2015-05-02,0,0.0,0.0,0.0,0.0,0.0
2015,4,23,4,WN,3498,N964WN,EWR,HOU,1305,1257.0,-8.0,11.0,1308.0,235.0,226.0,211.0,1411,1539.0,4.0,1600,1543.0,-17.0,0,0,,0.0,0.0,0.0,0.0,0.0,2015-04-23,0,0.0,0.0,0.0,0.0,0.0
2015,3,29,7,AA,2365,N3FWAA,MIA,IAD,2000,1956.0,-4.0,14.0,2010.0,155.0,147.0,127.0,921,2217.0,6.0,2235,2223.0,-12.0,0,0,,0.0,0.0,0.0,0.0,0.0,2015-03-29,0,0.0,0.0,0.0,0.0,0.0
2015,4,13,1,UA,1537,N18112,MCO,EWR,1637,1636.0,-1.0,21.0,1657.0,181.0,178.0,134.0,937,1911.0,23.0,1938,1934.0,-4.0,0,0,,0.0,0.0,0.0,0.0,0.0,2015-04-13,0,0.0,0.0,0.0,0.0,0.0
2015,3,31,2,WN,141,N8310C,MDW,BWI,2125,2125.0,0.0,11.0,2136.0,100.0,93.0,78.0,611,2354.0,4.0,5,2358.0,-7.0,0,0,,0.0,0.0,0.0,0.0,0.0,2015-03-31,0,0.0,0.0,0.0,0.0,0.0
2015,5,3,7,OO,4973,N762SK,ABQ,DEN,1058,1044.0,-14.0,9.0,1053.0,82.0,72.0,57.0,349,1150.0,6.0,1220,1156.0,-24.0,0,0,,0.0,0.0,0.0,0.0,0.0,2015-05-03,0,0.0,0.0,0.0,0.0,0.0
2015,3,28,6,DL,1154,N919DE,ATL,BOS,902,910.0,8.0,14.0,924.0,152.0,140.0,118.0,946,1122.0,8.0,1134,1130.0,-4.0,0,0,,0.0,0.0,0.0,0.0,0.0,2015-03-28,0,0.0,0.0,0.0,0.0,0.0
2015,4,26,7,DL,1286,N916DE,LGA,ATL,1359,1357.0,-2.0,31.0,1428.0,162.0,154.0,116.0,762,1624.0,7.0,1641,1631.0,-10.0,0,0,,0.0,0.0,0.0,0.0,0.0,2015-04-26,0,0.0,0.0,0.0,0.0,0.0
2015,3,31,2,WN,2616,N431WN,ATL,CAK,2200,2227.0,27.0,12.0,2239.0,95.0,90.0,75.0,528,2354.0,3.0,2335,2357.0,22.0,0,0,,0.0,0.0,9.0,13.0,0.0,2015-03-31,1,0.0,0.0,33.33,48.15,0.0
2015,4,13,1,EV,5668,N16178,IAH,PNS,1630,1630.0,0.0,9.0,1639.0,90.0,88.0,75.0,489,1754.0,4.0,1800,1758.0,-2.0,0,0,,0.0,0.0,0.0,0.0,0.0,2015-04-13,0,0.0,0.0,0.0,0.0,0.0
2015,4,6,1,WN,151,N8638A,MDW,SAN,1925,1945.0,20.0,15.0,2000.0,270.0,266.0,248.0,1728,2208.0,3.0,2155,2211.0,16.0,0,0,,0.0,0.0,13.0,3.0,0.0,2015-04-06,1,0.0,0.0,65.0,15.0,0.0
2015,4,18,6,EV,5590,N750EV,DTW,ELM,1540,1536.0,-4.0,20.0,1556.0,62.0,72.0,49.0,332,1645.0,3.0,1642,1648.0,6.0,0,0,,0.0,0.0,0.0,0.0,0.0,2015-04-18,0,0.0,0.0,0.0,0.0,0.0
2015,4,3,5,WN,2324,N440LV,MDW,DAL,1905,1908.0,3.0,11.0,1919.0,140.0,141.0,126.0,793,2125.0,4.0,2125,2129.0,4.0,0,0,,0.0,0.0,0.0,0.0,0.0,2015-04-03,0,0.0,0.0,0.0,0.0,0.0
2015,3,29,7,UA,530,N853UA,DEN,SAT,958,958.0,0.0,19.0,1017.0,126.0,118.0,96.0,794,1253.0,3.0,1304,1256.0,-8.0,0,0,,0.0,0.0,0.0,0.0,0.0,2015-03-29,0,0.0,0.0,0.0,0.0,0.0
2015,4,29,3,OO,7374,N445SW,BRD,MSP,1547,1545.0,-2.0,10.0,1555.0,45.0,43.0,26.0,114,1621.0,7.0,1632,1628.0,-4.0,0,0,,0.0,0.0,0.0,0.0,0.0,2015-04-29,0,0.0,0.0,0.0,0.0,0.0
2015,4,24,5,NK,425,N612NK,ORD,FLL,1751,1813.0,22.0,15.0,1828.0,185.0,169.0,147.0,1182,2155.0,7.0,2156,2202.0,6.0,0,0,,0.0,0.0,0.0,0.0,0.0,2015-04-24,1,0.0,0.0,0.0,0.0,0.0
2015,4,16,4,WN,481,N8600F,PHX,AUS,1425,1456.0,31.0,7.0,1503.0,135.0,110.0,102.0,872,1845.0,1.0,1840,1846.0,6.0,0,0,,0.0,0.0,0.0,0.0,0.0,2015-04-16,1,0.0,0.0,0.0,0.0,0.0
2015,4,30,4,WN,1796,N643SW,SMF,LAX,1730,1731.0,1.0,13.0,1744.0,75.0,83.0,65.0,373,1849.0,5.0,1845,1854.0,9.0,0,0,,0.0,0.0,0.0,0.0,0.0,2015-04-30,0,0.0,0.0,0.0,0.0,0.0
2015,4,4,6,WN,2105,N707SA,JAX,BWI,1105,1123.0,18.0,7.0,1130.0,110.0,97.0,86.0,663,1256.0,4.0,1255,1300.0,5.0,0,0,,0.0,0.0,0.0,0.0,0.0,2015-04-04,1,0.0,0.0,0.0,0.0,0.0
2015,3,30,1,B6,154,N653JB,PBI,JFK,600,706.0,66.0,12.0,718.0,157.0,148.0,128.0,1028,926.0,8.0,837,934.0,57.0,0,0,,0.0,0.0,57.0,0.0,0.0,2015-03-30,1,0.0,0.0,86.36,0.0,0.0
2015,4,29,3,B6,842,N519JB,SAV,JFK,1100,1100.0,0.0,9.0,1109.0,128.0,105.0,92.0,718,1241.0,4.0,1308,1245.0,-23.0,0,0,,0.0,0.0,0.0,0.0,0.0,2015-04-29,0,0.0,0.0,0.0,0.0,0.0
2015,4,15,3,OO,6392,N778SK,RNO,SFO,625,613.0,-12.0,13.0,626.0,64.0,62.0,43.0,192,709.0,6.0,729,715.0,-14.0,0,0,,0.0,0.0,0.0,0.0,0.0,2015-04-15,0,0.0,0.0,0.0,0.0,0.0
2015,4,14,2,OO,5290,N912SW,AVL,ORD,1719,1708.0,-11.0,13.0,1721.0,115.0,105.0,88.0,536,1749.0,4.0,1814,1753.0,-21.0,0,0,,0.0,0.0,0.0,0.0,0.0,2015-04-14,0,0.0,0.0,0.0,0.0,0.0
2015,3,26,4,EV,4349,N12175,MSY,ORD,1013,1250.0,157.0,8.0,1258.0,149.0,131.0,111.0,837,1449.0,12.0,1242,1501.0,139.0,0,0,,0.0,0.0,0.0,139.0,0.0,2015-03-26,1,0.0,0.0,0.0,88.54,0.0
2015,4,24,5,DL,2246,N584NW,HNL,SEA,2030,2026.0,-4.0,24.0,2050.0,337.0,337.0,306.0,2677,456.0,7.0,507,503.0,-4.0,0,0,,0.0,0.0,0.0,0.0,0.0,2015-04-24,0,0.0,0.0,0.0,0.0,0.0
2015,4,11,6,US,824,N701UW,CLE,PHL,725,756.0,31.0,13.0,809.0,81.0,68.0,53.0,363,902.0,2.0,846,904.0,18.0,0,0,,0.0,0.0,18.0,0.0,0.0,2015-04-11,1,0.0,0.0,58.06,0.0,0.0
2015,3,31,2,OO,4604,N554CA,SLC,ORD,1711,1703.0,-8.0,20.0,1723.0,192.0,177.0,151.0,1250,2054.0,6.0,2123,2100.0,-23.0,0,0,,0.0,0.0,0.0,0.0,0.0,2015-03-31,0,0.0,0.0,0.0,0.0,0.0
2015,4,19,7,DL,322,N655DL,SJU,ATL,1230,1227.0,-3.0,13.0,1240.0,247.0,217.0,197.0,1547,1557.0,7.0,1637,1604.0,-33.0,0,0,,0.0,0.0,0.0,0.0,0.0,2015-04-19,0,0.0,0.0,0.0,0.0,0.0
2015,5,2,6,AA,1654,N3KCAA,DFW,AUS,2020,2014.0,-6.0,23.0,2037.0,67.0,63.0,34.0,190,2111.0,6.0,2127,2117.0,-10.0,0,0,,0.0,0.0,0.0,0.0,0.0,2015-05-02,0,0.0,0.0,0.0,0.0,0.0
2015,3,30,1,B6,2580,N328JB,EWR,BOS,1725,1841.0,76.0,28.0,1909.0,79.0,81.0,48.0,200,1957.0,5.0,1844,2002.0,78.0,0,0,,2.0,0.0,10.0,66.0,0.0,2015-03-30,1,2.63,0.0,13.16,86.84,0.0
2015,4,8,3,DL,811,N991DL,MSY,ATL,1920,1917.0,-3.0,8.0,1925.0,86.0,80.0,66.0,425,2131.0,6.0,2146,2137.0,-9.0,0,0,,0.0,0.0,0.0,0.0,0.0,2015-04-08,0,0.0,0.0,0.0,0.0,0.0
2015,3,30,1,WN,512,N8310C,MDW,LAX,1320,1324.0,4.0,14.0,1338.0,275.0,249.0,229.0,1750,1527.0,6.0,1555,1533.0,-22.0,0,0,,0.0,0.0,0.0,0.0,0.0,2015-03-30,0,0.0,0.0,0.0,0.0,0.0
2015,4,12,7,WN,4127,N371SW,LAS,SLC,1525,1524.0,-1.0,12.0,1536.0,75.0,72.0,56.0,368,1732.0,4.0,1740,1736.0,-4.0,0,0,,0.0,0.0,0.0,0.0,0.0,2015-04-12,0,0.0,0.0,0.0,0.0,0.0
2015,3,30,1,UA,1123,N12216,LGA,DEN,1200,1208.0,8.0,21.0,1229.0,273.0,253.0,225.0,1620,1414.0,7.0,1433,1421.0,-12.0,0,0,,0.0,0.0,0.0,0.0,0.0,2015-03-30,0,0.0,0.0,0.0,0.0,0.0
2015,4,28,2,EV,5071,N841AS,ATL,LFT,1303,1301.0,-2.0,11.0,1312.0,102.0,111.0,95.0,503,1347.0,5.0,1345,1352.0,7.0,0,0,,0.0,0.0,0.0,0.0,0.0,2015-04-28,0,0.0,0.0,0.0,0.0,0.0
2015,4,24,5,WN,348,N468WN,PHX,CLE,1605,1612.0,7.0,10.0,1622.0,230.0,201.0,186.0,1737,2228.0,5.0,2255,2233.0,-22.0,0,0,,0.0,0.0,0.0,0.0,0.0,2015-04-24,0,0.0,0.0,0.0,0.0,0.0
2015,5,4,1,DL,1712,N323US,MSP,TPA,1300,1258.0,-2.0,12.0,1310.0,187.0,188.0,173.0,1306,1703.0,3.0,1707,1706.0,-1.0,0,0,,0.0,0.0,0.0,0.0,0.0,2015-05-04,0,0.0,0.0,0.0,0.0,0.0
2015,3,30,1,US,2119,N754UW,BOS,DCA,1600,1555.0,-5.0,24.0,1619.0,88.0,95.0,68.0,399,1727.0,3.0,1728,1730.0,2.0,0,0,,0.0,0.0,0.0,0.0,0.0,2015-03-30,0,0.0,0.0,0.0,0.0,0.0
2015,4,21,2,MQ,3475,N692MQ,MIA,GNV,2110,2104.0,-6.0,11.0,2115.0,77.0,64.0,50.0,294,2205.0,3.0,2227,2208.0,-19.0,0,0,,0.0,0.0,0.0,0.0,0.0,2015-04-21,0,0.0,0.0,0.0,0.0,0.0
2015,5,2,6,OO,2859,N868CA,FAT,LAX,800,755.0,-5.0,20.0,815.0,70.0,77.0,42.0,209,857.0,15.0,910,912.0,2.0,0,0,,0.0,0.0,0.0,0.0,0.0,2015-05-02,0,0.0,0.0,0.0,0.0,0.0
2015,3,29,7,OO,4509,N548CA,BOI,SLC,1850,1842.0,-8.0,7.0,1849.0,64.0,58.0,46.0,290,1935.0,5.0,1954,1940.0,-14.0,0,0,,0.0,0.0,0.0,0.0,0.0,2015-03-29,0,0.0,0.0,0.0,0.0,0.0
2015,4,21,2,WN,1517,N280WN,SMF,SNA,1945,1942.0,-3.0,6.0,1948.0,85.0,80.0,67.0,404,2055.0,7.0,2110,2102.0,-8.0,0,0,,0.0,0.0,0.0,0.0,0.0,2015-04-21,0,0.0,0.0,0.0,0.0,0.0
2015,3,26,4,WN,2606,N8618N,MDW,RSW,1325,1322.0,-3.0,13.0,1335.0,170.0,221.0,163.0,1105,1718.0,45.0,1715,1803.0,48.0,0,0,,48.0,0.0,0.0,0.0,0.0,2015-03-26,0,-1600.0,-0.0,-0.0,-0.0,-0.0
2015,4,6,1,WN,4292,N7743B,ATL,CAK,1025,1019.0,-6.0,10.0,1029.0,105.0,87.0,74.0,528,1143.0,3.0,1210,1146.0,-24.0,0,0,,0.0,0.0,0.0,0.0,0.0,2015-04-06,0,0.0,0.0,0.0,0.0,0.0
2015,3,27,5,EV,5291,N758EV,MSP,IAH,1725,1722.0,-3.0,10.0,1732.0,176.0,132.0,119.0,1034,1931.0,3.0,2021,1934.0,-47.0,0,0,,0.0,0.0,0.0,0.0,0.0,2015-03-27,0,0.0,0.0,0.0,0.0,0.0
2015,4,12,7,OO,5343,N971SW,MRY,LAX,1258,1311.0,13.0,17.0,1328.0,79.0,78.0,51.0,266,1419.0,10.0,1417,1429.0,12.0,0,0,,0.0,0.0,0.0,0.0,0.0,2015-04-12,0,0.0,0.0,0.0,0.0,0.0
2015,3,30,1,US,2141,N961UW,BOS,LGA,1900,1852.0,-8.0,30.0,1922.0,84.0,81.0,41.0,184,2003.0,10.0,2024,2013.0,-11.0,0,0,,0.0,0.0,0.0,0.0,0.0,2015-03-30,0,0.0,0.0,0.0,0.0,0.0
2015,4,7,2,MQ,3071,N639MQ,DFW,GSO,1440,1449.0,9.0,9.0,1458.0,151.0,135.0,123.0,999,1801.0,3.0,1811,1804.0,-7.0,0,0,,0.0,0.0,0.0,0.0,0.0,2015-04-07,0,0.0,0.0,0.0,0.0,0.0
2015,4,15,3,UA,1538,N75435,CLE,LAX,620,618.0,-2.0,13.0,631.0,304.0,298.0,268.0,2052,759.0,17.0,824,816.0,-8.0,0,0,,0.0,0.0,0.0,0.0,0.0,2015-04-15,0,0.0,0.0,0.0,0.0,0.0
2015,4,15,3,WN,207,N761RR,PHX,LAX,1850,1906.0,16.0,17.0,1923.0,85.0,83.0,59.0,370,2022.0,7.0,2015,2029.0,14.0,0,0,,0.0,0.0,0.0,0.0,0.0,2015-04-15,1,0.0,0.0,0.0,0.0,0.0
2015,4,6,1,DL,2417,N310DE,TLH,ATL,540,535.0,-5.0,11.0,546.0,68.0,60.0,42.0,223,628.0,7.0,648,635.0,-13.0,0,0,,0.0,0.0,0.0,0.0,0.0,2015-04-06,0,0.0,0.0,0.0,0.0,0.0
2015,4,7,2,HA,205,N483HA,OGG,HNL,609,604.0,-5.0,7.0,611.0,32.0,32.0,19.0,100,630.0,6.0,641,636.0,-5.0,0,0,,0.0,0.0,0.0,0.0,0.0,2015-04-07,0,0.0,0.0,0.0,0.0,0.0
2015,4,12,7,AA,2324,N5FDAA,DFW,TUL,1830,1829.0,-1.0,12.0,1841.0,73.0,57.0,42.0,237,1923.0,3.0,1943,1926.0,-17.0,0,0,,0.0,0.0,0.0,0.0,0.0,2015-04-12,0,0.0,0.0,0.0,0.0,0.0
2015,4,2,4,OO,6476,N121SY,AUS,SFO,1305,1303.0,-2.0,11.0,1314.0,255.0,263.0,247.0,1504,1521.0,5.0,1520,1526.0,6.0,0,0,,0.0,0.0,0.0,0.0,0.0,2015-04-02,0,0.0,0.0,0.0,0.0,0.0
2015,4,27,1,EV,4968,N754EV,MGM,ATL,1223,1218.0,-5.0,19.0,1237.0,57.0,57.0,31.0,147,1408.0,7.0,1420,1415.0,-5.0,0,0,,0.0,0.0,0.0,0.0,0.0,2015-04-27,0,0.0,0.0,0.0,0.0,0.0
2015,5,1,5,AA,1614,N3JSAA,EWR,MIA,1115,1111.0,-4.0,14.0,1125.0,180.0,175.0,155.0,1085,1400.0,6.0,1415,1406.0,-9.0,0,0,,0.0,0.0,0.0,0.0,0.0,2015-05-01,0,0.0,0.0,0.0,0.0,0.0
2015,4,16,4,WN,775,N476WN,MSP,MKE,1750,1751.0,1.0,18.0,1809.0,70.0,65.0,42.0,297,1851.0,5.0,1900,1856.0,-4.0,0,0,,0.0,0.0,0.0,0.0,0.0,2015-04-16,0,0.0,0.0,0.0,0.0,0.0
2015,4,8,3,EV,5660,N13964,SHV,IAH,705,724.0,19.0,9.0,733.0,63.0,53.0,38.0,192,811.0,6.0,808,817.0,9.0,0,0,,0.0,0.0,0.0,0.0,0.0,2015-04-08,1,0.0,0.0,0.0,0.0,0.0
2015,3,28,6,OO,4752,N912EV,SLC,EUG,2145,2140.0,-5.0,9.0,2149.0,120.0,101.0,89.0,618,2218.0,3.0,2245,2221.0,-24.0,0,0,,0.0,0.0,0.0,0.0,0.0,2015-03-28,0,0.0,0.0,0.0,0.0,0.0
2015,4,11,6,WN,4204,N936WN,OAK,LAX,625,620.0,-5.0,7.0,627.0,75.0,67.0,54.0,337,721.0,6.0,740,727.0,-13.0,0,0,,0.0,0.0,0.0,0.0,0.0,2015-04-11,0,0.0,0.0,0.0,0.0,0.0
2015,4,18,6,OO,6326,N948SW,SFO,SBA,1840,1837.0,-3.0,25.0,1902.0,73.0,74.0,45.0,262,1947.0,4.0,1953,1951.0,-2.0,0,0,,0.0,0.0,0.0,0.0,0.0,2015-04-18,0,0.0,0.0,0.0,0.0,0.0
2015,4,9,4,VX,784,N836VA,SEA,LAX,1055,1049.0,-6.0,11.0,1100.0,150.0,146.0,125.0,954,1305.0,10.0,1325,1315.0,-10.0,0,0,,0.0,0.0,0.0,0.0,0.0,2015-04-09,0,0.0,0.0,0.0,0.0,0.0
2015,4,24,5,WN,4265,N272WN,MHT,MCO,1000,958.0,-2.0,15.0,1013.0,195.0,183.0,160.0,1142,1253.0,8.0,1315,1301.0,-14.0,0,0,,0.0,0.0,0.0,0.0,0.0,2015-04-24,0,0.0,0.0,0.0,0.0,0.0
2015,4,5,7,OO,2761,N944SW,YUM,PHX,845,846.0,1.0,12.0,858.0,56.0,47.0,29.0,160,927.0,6.0,941,933.0,-8.0,0,0,,0.0,0.0,0.0,0.0,0.0,2015-04-05,0,0.0,0.0,0.0,0.0,0.0
2015,4,20,1,EV,5124,N691CA,VPS,ATL,1432,1434.0,2.0,24.0,1458.0,69.0,81.0,45.0,250,1643.0,12.0,1641,1655.0,14.0,0,0,,0.0,0.0,0.0,0.0,0.0,2015-04-20,0,0.0,0.0,0.0,0.0,0.0
2015,4,18,6,NK,655,N519NK,ORD,PDX,2041,2045.0,4.0,15.0,2100.0,260.0,240.0,220.0,1739,2240.0,5.0,2301,2245.0,-16.0,0,0,,0.0,0.0,0.0,0.0,0.0,2015-04-18,0,0.0,0.0,0.0,0.0,0.0
2015,4,4,6,OO,5329,N925SW,ORD,AVL,2100,2045.0,-15.0,18.0,2103.0,103.0,86.0,64.0,536,2307.0,4.0,2343,2311.0,-32.0,0,0,,0.0,0.0,0.0,0.0,0.0,2015-04-04,0,0.0,0.0,0.0,0.0,0.0
2015,4,24,5,EV,4428,N11164,JAX,IAH,615,619.0,4.0,11.0,630.0,150.0,149.0,132.0,817,742.0,6.0,745,748.0,3.0,0,0,,0.0,0.0,0.0,0.0,0.0,2015-04-24,0,0.0,0.0,0.0,0.0,0.0
2015,5,2,6,US,725,N197UW,LAX,CLT,556,555.0,-1.0,22.0,617.0,290.0,286.0,253.0,2125,1330.0,11.0,1346,1341.0,-5.0,0,0,,0.0,0.0,0.0,0.0,0.0,2015-05-02,0,0.0,0.0,0.0,0.0,0.0
2015,3,31,2,HA,342,N479HA,HNL,ITO,806,808.0,2.0,12.0,820.0,50.0,51.0,33.0,216,853.0,6.0,856,859.0,3.0,0,0,,0.0,0.0,0.0,0.0,0.0,2015-03-31,0,0.0,0.0,0.0,0.0,0.0
2015,4,29,3,B6,1208,N228JB,IAD,JFK,644,651.0,7.0,11.0,702.0,75.0,61.0,43.0,228,745.0,7.0,759,752.0,-7.0,0,0,,0.0,0.0,0.0,0.0,0.0,2015-04-29,0,0.0,0.0,0.0,0.0,0.0
2015,4,3,5,F9,682,N905FR,DEN,MCO,2359,3.0,4.0,13.0,16.0,207.0,195.0,162.0,1546,458.0,20.0,526,518.0,-8.0,0,0,,0.0,0.0,0.0,0.0,0.0,2015-04-03,0,0.0,0.0,0.0,0.0,0.0
2015,4,26,7,EV,4265,N12528,GRK,IAH,1600,1551.0,-9.0,26.0,1617.0,60.0,65.0,31.0,166,1648.0,8.0,1700,1656.0,-4.0,0,0,,0.0,0.0,0.0,0.0,0.0,2015-04-26,0,0.0,0.0,0.0,0.0,0.0
2015,3,26,4,WN,2330,N965WN,MDW,MSP,1910,1932.0,22.0,7.0,1939.0,85.0,68.0,57.0,349,2036.0,4.0,2035,2040.0,5.0,0,0,,0.0,0.0,0.0,0.0,0.0,2015-03-26,1,0.0,0.0,0.0,0.0,0.0
2015,4,17,5,WN,853,N474WN,BWI,MHT,1315,1311.0,-4.0,10.0,1321.0,80.0,74.0,60.0,377,1421.0,4.0,1435,1425.0,-10.0,0,0,,0.0,0.0,0.0,0.0,0.0,2015-04-17,0,0.0,0.0,0.0,0.0,0.0
2015,4,18,6,OO,5336,N982SW,SFO,ONT,1208,1202.0,-6.0,15.0,1217.0,86.0,80.0,61.0,363,1318.0,4.0,1334,1322.0,-12.0,0,0,,0.0,0.0,0.0,0.0,0.0,2015-04-18,0,0.0,0.0,0.0,0.0,0.0
2015,4,15,3,UA,1294,N37281,IAD,TPA,1747,1745.0,-2.0,16.0,1801.0,137.0,137.0,116.0,811,1957.0,5.0,2004,2002.0,-2.0,0,0,,0.0,0.0,0.0,0.0,0.0,2015-04-15,0,0.0,0.0,0.0,0.0,0.0
2015,4,9,4,WN,3940,N248WN,MDW,CLE,935,1035.0,60.0,22.0,1057.0,70.0,77.0,49.0,307,1246.0,6.0,1145,1252.0,67.0,0,0,,7.0,0.0,4.0,56.0,0.0,2015-04-09,1,11.67,0.0,6.67,93.33,0.0
2015,4,18,6,DL,506,N667DN,SJU,ATL,1403,1403.0,0.0,18.0,1421.0,242.0,230.0,201.0,1547,1742.0,11.0,1805,1753.0,-12.0,0,0,,0.0,0.0,0.0,0.0,0.0,2015-04-18,0,0.0,0.0,0.0,0.0,0.0
2015,4,12,7,DL,2594,N341NW,LGA,DEN,820,819.0,-1.0,17.0,836.0,273.0,259.0,229.0,1620,1025.0,13.0,1053,1038.0,-15.0,0,0,,0.0,0.0,0.0,0.0,0.0,2015-04-12,0,0.0,0.0,0.0,0.0,0.0
2015,4,6,1,MQ,3208,N655MQ,LEX,ORD,1150,1146.0,-4.0,8.0,1154.0,90.0,96.0,58.0,323,1152.0,30.0,1220,1222.0,2.0,0,0,,0.0,0.0,0.0,0.0,0.0,2015-04-06,0,0.0,0.0,0.0,0.0,0.0
2015,4,22,3,MQ,3227,N941MQ,DFW,GRI,1200,1205.0,5.0,29.0,1234.0,116.0,121.0,89.0,561,1403.0,3.0,1356,1406.0,10.0,0,0,,0.0,0.0,0.0,0.0,0.0,2015-04-22,0,0.0,0.0,0.0,0.0,0.0
2015,4,17,5,DL,2377,N812DN,SLC,LAX,1123,1122.0,-1.0,19.0,1141.0,122.0,106.0,80.0,590,1201.0,7.0,1225,1208.0,-17.0,0,0,,0.0,0.0,0.0,0.0,0.0,2015-04-17,0,0.0,0.0,0.0,0.0,0.0
2015,4,14,2,UA,267,N817UA,OKC,DEN,627,623.0,-4.0,12.0,635.0,101.0,88.0,69.0,495,644.0,7.0,708,651.0,-17.0,0,0,,0.0,0.0,0.0,0.0,0.0,2015-04-14,0,0.0,0.0,0.0,0.0,0.0
2015,4,29,3,UA,397,N434UA,MSP,ORD,1122,1117.0,-5.0,24.0,1141.0,87.0,86.0,55.0,334,1236.0,7.0,1249,1243.0,-6.0,0,0,,0.0,0.0,0.0,0.0,0.0,2015-04-29,0,0.0,0.0,0.0,0.0,0.0
2015,4,9,4,AA,2481,N4XGAA,CMH,DFW,605,624.0,19.0,17.0,641.0,164.0,172.0,149.0,926,810.0,6.0,749,816.0,27.0,0,0,,8.0,0.0,0.0,0.0,19.0,2015-04-09,1,42.11,0.0,0.0,0.0,100.0
2015,4,29,3,UA,625,N472UA,ORD,SRQ,730,829.0,59.0,14.0,843.0,164.0,148.0,131.0,1050,1154.0,3.0,1114,1157.0,43.0,0,0,,0.0,0.0,43.0,0.0,0.0,2015-04-29,1,0.0,0.0,72.88,0.0,0.0
2015,4,6,1,NK,731,N504NK,ORD,LAX,725,732.0,7.0,11.0,743.0,272.0,271.0,250.0,1744,953.0,10.0,957,1003.0,6.0,0,0,,0.0,0.0,0.0,0.0,0.0,2015-04-06,0,0.0,0.0,0.0,0.0,0.0
2015,4,29,3,HA,214,N490HA,LIH,HNL,1828,1822.0,-6.0,6.0,1828.0,33.0,34.0,21.0,102,1849.0,7.0,1901,1856.0,-5.0,0,0,,0.0,0.0,0.0,0.0,0.0,2015-04-29,0,0.0,0.0,0.0,0.0,0.0
2015,4,20,1,DL,1307,N915DN,ATL,RIC,1535,1535.0,0.0,21.0,1556.0,94.0,88.0,64.0,481,1700.0,3.0,1709,1703.0,-6.0,0,0,,0.0,0.0,0.0,0.0,0.0,2015-04-20,0,0.0,0.0,0.0,0.0,0.0
2015,3,26,4,WN,2232,N700GS,OAK,LAX,1510,1522.0,12.0,17.0,1539.0,70.0,84.0,58.0,337,1637.0,9.0,1620,1646.0,26.0,0,0,,14.0,0.0,6.0,6.0,0.0,2015-03-26,0,116.67,0.0,50.0,50.0,0.0
2015,4,2,4,OO,5640,N983SW,SBA,SFO,1230,1225.0,-5.0,10.0,1235.0,68.0,79.0,51.0,262,1326.0,18.0,1338,1344.0,6.0,0,0,,0.0,0.0,0.0,0.0,0.0,2015-04-02,0,0.0,0.0,0.0,0.0,0.0
2015,4,22,3,UA,355,N514UA,SFO,IAD,2310,2324.0,14.0,16.0,2340.0,312.0,293.0,271.0,2419,711.0,6.0,722,717.0,-5.0,0,0,,0.0,0.0,0.0,0.0,0.0,2015-04-22,0,0.0,0.0,0.0,0.0,0.0
2015,4,12,7,EV,2715,N687JS,SHV,DFW,825,823.0,-2.0,46.0,909.0,64.0,104.0,48.0,190,957.0,10.0,929,1007.0,38.0,0,0,,38.0,0.0,0.0,0.0,0.0,2015-04-12,0,-1900.0,-0.0,-0.0,-0.0,-0.0
2015,4,28,2,OO,2789,N906SW,DRO,PHX,625,625.0,0.0,15.0,640.0,78.0,76.0,55.0,351,635.0,6.0,643,641.0,-2.0,0,0,,0.0,0.0,0.0,0.0,0.0,2015-04-28,0,0.0,0.0,0.0,0.0,0.0
2015,3,31,2,EV,4992,N852AS,DTW,MLI,1006,1006.0,0.0,26.0,1032.0,93.0,95.0,65.0,373,1037.0,4.0,1039,1041.0,2.0,0,0,,0.0,0.0,0.0,0.0,0.0,2015-03-31,0,0.0,0.0,0.0,0.0,0.0
2015,4,21,2,OO,5547,N783SK,ONT,DEN,600,550.0,-10.0,12.0,602.0,136.0,132.0,113.0,819,855.0,7.0,916,902.0,-14.0,0,0,,0.0,0.0,0.0,0.0,0.0,2015-04-21,0,0.0,0.0,0.0,0.0,0.0
2015,3,29,7,EV,5586,N759EV,FSD,MSP,1515,1505.0,-10.0,56.0,1601.0,61.0,106.0,43.0,196,1644.0,7.0,1616,1651.0,35.0,0,0,,35.0,0.0,0.0,0.0,0.0,2015-03-29,0,-350.0,-0.0,-0.0,-0.0,-0.0
2015,4,21,2,DL,1221,N926DL,PIT,ATL,1616,1623.0,7.0,12.0,1635.0,109.0,102.0,82.0,526,1757.0,8.0,1805,1805.0,0.0,0,0,,0.0,0.0,0.0,0.0,0.0,2015-04-21,0,0.0,0.0,0.0,0.0,0.0
2015,4,11,6,WN,4738,N7702A,ATL,MKE,2055,2056.0,1.0,19.0,2115.0,130.0,116.0,93.0,669,2148.0,4.0,2205,2152.0,-13.0,0,0,,0.0,0.0,0.0,0.0,0.0,2015-04-11,0,0.0,0.0,0.0,0.0,0.0
2015,3,30,1,UA,1501,N23708,IAH,EGE,1132,1133.0,1.0,30.0,1203.0,173.0,179.0,144.0,934,1327.0,5.0,1325,1332.0,7.0,0,0,,0.0,0.0,0.0,0.0,0.0,2015-03-30,0,0.0,0.0,0.0,0.0,0.0
2015,4,10,5,DL,1599,N914DN,ATL,PIT,1105,1152.0,47.0,63.0,1255.0,104.0,134.0,66.0,526,1401.0,5.0,1249,1406.0,77.0,0,0,,30.0,0.0,0.0,37.0,10.0,2015-04-10,1,63.83,0.0,0.0,78.72,21.28
2015,4,15,3,UA,1746,N38268,DEN,LAS,755,804.0,9.0,17.0,821.0,114.0,111.0,87.0,628,848.0,7.0,849,855.0,6.0,0,0,,0.0,0.0,0.0,0.0,0.0,2015-04-15,0,0.0,0.0,0.0,0.0,0.0
2015,4,17,5,B6,85,N661JB,BUF,MCO,1120,1110.0,-10.0,13.0,1123.0,158.0,153.0,130.0,1011,1333.0,10.0,1358,1343.0,-15.0,0,0,,0.0,0.0,0.0,0.0,0.0,2015-04-17,0,0.0,0.0,0.0,0.0,0.0
2015,4,5,7,UA,496,N847UA,SAN,SFO,1651,1647.0,-4.0,14.0,1701.0,94.0,89.0,69.0,447,1810.0,6.0,1825,1816.0,-9.0,0,0,,0.0,0.0,0.0,0.0,0.0,2015-04-05,0,0.0,0.0,0.0,0.0,0.0
2015,5,4,1,OO,4521,N689CA,SLC,DFW,955,945.0,-10.0,22.0,1007.0,161.0,157.0,123.0,989,1310.0,12.0,1336,1322.0,-14.0,0,0,,0.0,0.0,0.0,0.0,0.0,2015-05-04,0,0.0,0.0,0.0,0.0,0.0
2015,4,2,4,WN,1619,N353SW,OAK,SLC,1505,1525.0,20.0,6.0,1531.0,95.0,85.0,76.0,588,1747.0,3.0,1740,1750.0,10.0,0,0,,0.0,0.0,0.0,0.0,0.0,2015-04-02,1,0.0,0.0,0.0,0.0,0.0
2015,3,29,7,WN,1960,N209WN,BUR,LAS,1225,1222.0,-3.0,10.0,1232.0,60.0,56.0,39.0,223,1311.0,7.0,1325,1318.0,-7.0,0,0,,0.0,0.0,0.0,0.0,0.0,2015-03-29,0,0.0,0.0,0.0,0.0,0.0
2015,3,26,4,MQ,3312,N825MQ,DFW,BPT,1600,1555.0,-5.0,13.0,1608.0,69.0,70.0,54.0,270,1702.0,3.0,1709,1705.0,-4.0,0,0,,0.0,0.0,0.0,0.0,0.0,2015-03-26,0,0.0,0.0,0.0,0.0,0.0
2015,3,30,1,DL,897,N136DL,ATL,MCO,1500,1501.0,1.0,16.0,1517.0,90.0,84.0,60.0,404,1617.0,8.0,1630,1625.0,-5.0,0,0,,0.0,0.0,0.0,0.0,0.0,2015-03-30,0,0.0,0.0,0.0,0.0,0.0
2015,4,19,7,B6,2279,N375JB,BOS,EWR,629,625.0,-4.0,14.0,639.0,90.0,75.0,53.0,200,732.0,8.0,759,740.0,-19.0,0,0,,0.0,0.0,0.0,0.0,0.0,2015-04-19,0,0.0,0.0,0.0,0.0,0.0
2015,4,15,3,US,560,N665AW,MCI,PHX,545,552.0,7.0,16.0,608.0,171.0,164.0,143.0,1044,631.0,5.0,636,636.0,0.0,0,0,,0.0,0.0,0.0,0.0,0.0,2015-04-15,0,0.0,0.0,0.0,0.0,0.0
2015,4,8,3,EV,2507,N880AS,DFW,BTR,849,850.0,1.0,18.0,908.0,80.0,80.0,59.0,383,1007.0,3.0,1009,1010.0,1.0,0,0,,0.0,0.0,0.0,0.0,0.0,2015-04-08,0,0.0,0.0,0.0,0.0,0.0
2015,5,4,1,OO,7383,N8932C,SLC,CPR,1112,1109.0,-3.0,16.0,1125.0,78.0,71.0,51.0,320,1216.0,4.0,1230,1220.0,-10.0,0,0,,0.0,0.0,0.0,0.0,0.0,2015-05-04,0,0.0,0.0,0.0,0.0,0.0
2015,4,18,6,EV,4138,N12163,HSV,DEN,731,731.0,0.0,11.0,742.0,179.0,174.0,153.0,1048,915.0,10.0,930,925.0,-5.0,0,0,,0.0,0.0,0.0,0.0,0.0,2015-04-18,0,0.0,0.0,0.0,0.0,0.0
2015,4,27,1,WN,854,N7717D,MDW,RDU,720,719.0,-1.0,11.0,730.0,105.0,110.0,92.0,632,1002.0,7.0,1005,1009.0,4.0,0,0,,0.0,0.0,0.0,0.0,0.0,2015-04-27,0,0.0,0.0,0.0,0.0,0.0
2015,4,27,1,OO,5444,N905SW,RDD,SFO,530,527.0,-3.0,21.0,548.0,74.0,65.0,40.0,199,628.0,4.0,644,632.0,-12.0,0,0,,0.0,0.0,0.0,0.0,0.0,2015-04-27,0,0.0,0.0,0.0,0.0,0.0
2015,4,22,3,WN,3934,N440LV,MDW,MCI,1305,1307.0,2.0,7.0,1314.0,85.0,81.0,69.0,405,1423.0,5.0,1430,1428.0,-2.0,0,0,,0.0,0.0,0.0,0.0,0.0,2015-04-22,0,0.0,0.0,0.0,0.0,0.0
2015,4,26,7,WN,3842,N288WN,BNA,RDU,1425,1420.0,-5.0,10.0,1430.0,85.0,81.0,64.0,442,1634.0,7.0,1650,1641.0,-9.0,0,0,,0.0,0.0,0.0,0.0,0.0,2015-04-26,0,0.0,0.0,0.0,0.0,0.0
2015,4,19,7,WN,200,N946WN,OAK,SEA,1310,1305.0,-5.0,8.0,1313.0,115.0,106.0,92.0,672,1445.0,6.0,1505,1451.0,-14.0,0,0,,0.0,0.0,0.0,0.0,0.0,2015-04-19,0,0.0,0.0,0.0,0.0,0.0
2015,3,26,4,B6,428,N709JB,MCO,EWR,2122,2147.0,25.0,30.0,2217.0,152.0,149.0,111.0,937,8.0,8.0,2354,16.0,22.0,0,0,,22.0,0.0,0.0,0.0,0.0,2015-03-26,1,88.0,0.0,0.0,0.0,0.0
2015,4,7,2,US,1723,N806AW,IND,CLT,1710,1707.0,-3.0,12.0,1719.0,95.0,96.0,76.0,427,1835.0,8.0,1845,1843.0,-2.0,0,0,,0.0,0.0,0.0,0.0,0.0,2015-04-07,0,0.0,0.0,0.0,0.0,0.0
2015,4,29,3,NK,348,N506NK,TPA,ACY,1332,1412.0,40.0,9.0,1421.0,140.0,129.0,112.0,913,1613.0,8.0,1552,1621.0,29.0,0,0,,1.0,0.0,15.0,13.0,0.0,2015-04-29,1,2.5,0.0,37.5,32.5,0.0
2015,4,28,2,DL,1207,N344NW,DTW,SLC,1915,1913.0,-2.0,12.0,1925.0,234.0,203.0,183.0,1481,2028.0,8.0,2109,2036.0,-33.0,0,0,,0.0,0.0,0.0,0.0,0.0,2015-04-28,0,0.0,0.0,0.0,0.0,0.0
2015,4,3,5,AS,554,N788AS,SEA,PSP,1220,1228.0,8.0,11.0,1239.0,157.0,148.0,134.0,987,1453.0,3.0,1457,1456.0,-1.0,0,0,,0.0,0.0,0.0,0.0,0.0,2015-04-03,0,0.0,0.0,0.0,0.0,0.0
2015,4,24,5,WN,314,N910WN,TUS,SAN,2035,2035.0,0.0,8.0,2043.0,75.0,70.0,59.0,368,2142.0,3.0,2150,2145.0,-5.0,0,0,,0.0,0.0,0.0,0.0,0.0,2015-04-24,0,0.0,0.0,0.0,0.0,0.0
2015,3,27,5,DL,1673,N698DL,RIC,ATL,705,714.0,9.0,37.0,751.0,117.0,135.0,84.0,481,915.0,14.0,902,929.0,27.0,0,0,,18.0,0.0,9.0,0.0,0.0,2015-03-27,0,200.0,0.0,100.0,0.0,0.0
2015,3,26,4,DL,2212,N956DL,ATL,PNS,815,824.0,9.0,15.0,839.0,71.0,65.0,46.0,271,825.0,4.0,826,829.0,3.0,0,0,,0.0,0.0,0.0,0.0,0.0,2015-03-26,0,0.0,0.0,0.0,0.0,0.0
2015,4,30,4,OO,5298,N679SA,MKE,ORD,1852,1850.0,-2.0,13.0,1903.0,53.0,53.0,24.0,67,1927.0,16.0,1945,1943.0,-2.0,0,0,,0.0,0.0,0.0,0.0,0.0,2015-04-30,0,0.0,0.0,0.0,0.0,0.0
2015,3,27,5,WN,2606,N8626B,OAK,MDW,605,601.0,-4.0,13.0,614.0,255.0,246.0,229.0,1844,1203.0,4.0,1220,1207.0,-13.0,0,0,,0.0,0.0,0.0,0.0,0.0,2015-03-27,0,0.0,0.0,0.0,0.0,0.0
2015,4,14,2,OO,6523,N778SK,PHX,LAX,626,625.0,-1.0,11.0,636.0,83.0,77.0,59.0,370,735.0,7.0,749,742.0,-7.0,0,0,,0.0,0.0,0.0,0.0,0.0,2015-04-14,0,0.0,0.0,0.0,0.0,0.0
2015,4,1,3,AS,115,N619AS,SEA,ANC,2305,2329.0,24.0,15.0,2344.0,211.0,202.0,183.0,1448,147.0,4.0,136,151.0,15.0,0,0,,0.0,0.0,15.0,0.0,0.0,2015-04-01,1,0.0,0.0,62.5,0.0,0.0
2015,4,22,3,DL,2234,N3766,MSY,LAX,1325,1321.0,-4.0,13.0,1334.0,265.0,256.0,232.0,1670,1526.0,11.0,1550,1537.0,-13.0,0,0,,0.0,0.0,0.0,0.0,0.0,2015-04-22,0,0.0,0.0,0.0,0.0,0.0
2015,3,30,1,EV,2563,N671AE,CRP,DFW,500,500.0,0.0,14.0,514.0,87.0,80.0,61.0,354,615.0,5.0,627,620.0,-7.0,0,0,,0.0,0.0,0.0,0.0,0.0,2015-03-30,0,0.0,0.0,0.0,0.0,0.0
2015,4,24,5,WN,540,N8611F,DEN,MSP,1125,1136.0,11.0,13.0,1149.0,125.0,107.0,89.0,680,1418.0,5.0,1430,1423.0,-7.0,0,0,,0.0,0.0,0.0,0.0,0.0,2015-04-24,0,0.0,0.0,0.0,0.0,0.0
2015,5,4,1,AA,1685,N4XYAA,SLC,DFW,1044,1034.0,-10.0,20.0,1054.0,161.0,163.0,132.0,989,1406.0,11.0,1425,1417.0,-8.0,0,0,,0.0,0.0,0.0,0.0,0.0,2015-05-04,0,0.0,0.0,0.0,0.0,0.0
2015,4,10,5,EV,4260,N17524,IAH,ICT,1401,1420.0,19.0,15.0,1435.0,106.0,102.0,83.0,542,1558.0,4.0,1547,1602.0,15.0,0,0,,0.0,0.0,0.0,15.0,0.0,2015-04-10,1,0.0,0.0,0.0,78.95,0.0
2015,3,26,4,EV,5178,N979EV,SHV,ATL,735,733.0,-2.0,7.0,740.0,100.0,100.0,86.0,551,1006.0,7.0,1015,1013.0,-2.0,0,0,,0.0,0.0,0.0,0.0,0.0,2015-03-26,0,0.0,0.0,0.0,0.0,0.0
2015,4,23,4,MQ,2973,N628MQ,DFW,MOB,2020,2018.0,-2.0,20.0,2038.0,104.0,93.0,68.0,539,2146.0,5.0,2204,2151.0,-13.0,0,0,,0.0,0.0,0.0,0.0,0.0,2015-04-23,0,0.0,0.0,0.0,0.0,0.0
2015,4,1,3,B6,1012,N266JB,ORD,BOS,600,545.0,-15.0,10.0,555.0,132.0,128.0,112.0,867,847.0,6.0,912,853.0,-19.0,0,0,,0.0,0.0,0.0,0.0,0.0,2015-04-01,0,0.0,0.0,0.0,0.0,0.0
2015,4,15,3,MQ,3322,N627MQ,PIA,ORD,1015,1010.0,-5.0,11.0,1021.0,56.0,51.0,31.0,130,1052.0,9.0,1111,1101.0,-10.0,0,0,,0.0,0.0,0.0,0.0,0.0,2015-04-15,0,0.0,0.0,0.0,0.0,0.0
2015,4,21,2,MQ,3089,N634MQ,DFW,LCH,2020,2025.0,5.0,21.0,2046.0,81.0,66.0,42.0,295,2128.0,3.0,2141,2131.0,-10.0,0,0,,0.0,0.0,0.0,0.0,0.0,2015-04-21,0,0.0,0.0,0.0,0.0,0.0
2015,4,6,1,OO,5636,N926SW,SFO,MFR,1220,1225.0,5.0,23.0,1248.0,81.0,75.0,48.0,329,1336.0,4.0,1341,1340.0,-1.0,0,0,,0.0,0.0,0.0,0.0,0.0,2015-04-06,0,0.0,0.0,0.0,0.0,0.0
2015,4,22,3,DL,1653,N928AT,MSP,MEM,1335,1627.0,172.0,18.0,1645.0,123.0,117.0,94.0,700,1819.0,5.0,1538,1824.0,166.0,0,0,,0.0,0.0,166.0,0.0,0.0,2015-04-22,1,0.0,0.0,96.51,0.0,0.0
2015,4,4,6,DL,998,N989AT,AGS,ATL,630,646.0,16.0,17.0,703.0,54.0,53.0,32.0,143,735.0,4.0,724,739.0,15.0,0,0,,0.0,0.0,15.0,0.0,0.0,2015-04-04,1,0.0,0.0,93.75,0.0,0.0
2015,4,16,4,AA,1571,N466AA,SAT,DFW,500,502.0,2.0,9.0,511.0,68.0,59.0,41.0,247,552.0,9.0,608,601.0,-7.0,0,0,,0.0,0.0,0.0,0.0,0.0,2015-04-16,0,0.0,0.0,0.0,0.0,0.0
2015,4,12,7,WN,2968,N231WN,PHX,BUR,1350,1348.0,-2.0,6.0,1354.0,85.0,75.0,67.0,369,1501.0,2.0,1515,1503.0,-12.0,0,0,,0.0,0.0,0.0,0.0,0.0,2015-04-12,0,0.0,0.0,0.0,0.0,0.0
2015,4,23,4,WN,4517,N251WN,AUS,DAL,720,719.0,-1.0,10.0,729.0,65.0,57.0,43.0,189,812.0,4.0,825,816.0,-9.0,0,0,,0.0,0.0,0.0,0.0,0.0,2015-04-23,0,0.0,0.0,0.0,0.0,0.0
2015,4,24,5,DL,1358,N961DN,CLT,ATL,1044,1037.0,-7.0,16.0,1053.0,73.0,67.0,44.0,226,1137.0,7.0,1157,1144.0,-13.0,0,0,,0.0,0.0,0.0,0.0,0.0,2015-04-24,0,0.0,0.0,0.0,0.0,0.0
2015,3,29,7,MQ,3447,N683MQ,TOL,ORD,1449,1547.0,58.0,12.0,1559.0,76.0,68.0,49.0,213,1548.0,7.0,1505,1555.0,50.0,0,0,,0.0,0.0,50.0,0.0,0.0,2015-03-29,1,0.0,0.0,86.21,0.0,0.0
2015,4,30,4,AA,111,N3MHAA,ORD,SNA,1705,1803.0,58.0,21.0,1824.0,276.0,257.0,229.0,1726,2013.0,7.0,1941,2020.0,39.0,0,0,,0.0,0.0,0.0,39.0,0.0,2015-04-30,1,0.0,0.0,0.0,67.24,0.0
2015,4,10,5,EV,2563,N680AE,DFW,VPS,705,703.0,-2.0,25.0,728.0,117.0,134.0,101.0,641,909.0,8.0,902,917.0,15.0,0,0,,15.0,0.0,0.0,0.0,0.0,2015-04-10,0,-750.0,-0.0,-0.0,-0.0,-0.0
2015,4,2,4,HA,397,N479HA,KOA,HNL,2119,2115.0,-4.0,6.0,2121.0,43.0,40.0,27.0,163,2148.0,7.0,2202,2155.0,-7.0,0,0,,0.0,0.0,0.0,0.0,0.0,2015-04-02,0,0.0,0.0,0.0,0.0,0.0
2015,4,14,2,DL,751,N893AT,GRR,ATL,1323,1319.0,-4.0,10.0,1329.0,126.0,115.0,93.0,640,1502.0,12.0,1529,1514.0,-15.0,0,0,,0.0,0.0,0.0,0.0,0.0,2015-04-14,0,0.0,0.0,0.0,0.0,0.0
2015,4,17,5,HA,240,N477HA,LIH,HNL,1812,1825.0,13.0,6.0,1831.0,33.0,32.0,21.0,102,1852.0,5.0,1845,1857.0,12.0,0,0,,0.0,0.0,0.0,0.0,0.0,2015-04-17,0,0.0,0.0,0.0,0.0,0.0
2015,4,18,6,EV,2538,N879AS,MLU,DFW,630,627.0,-3.0,12.0,639.0,76.0,83.0,58.0,293,737.0,13.0,746,750.0,4.0,0,0,,0.0,0.0,0.0,0.0,0.0,2015-04-18,0,0.0,0.0,0.0,0.0,0.0
2015,5,2,6,WN,2635,N406WN,DEN,PHX,2000,2052.0,52.0,13.0,2105.0,115.0,103.0,84.0,602,2129.0,6.0,2055,2135.0,40.0,0,0,,0.0,0.0,16.0,24.0,0.0,2015-05-02,1,0.0,0.0,30.77,46.15,0.0
2015,4,5,7,OO,5164,N956SW,SGF,DEN,1322,1314.0,-8.0,10.0,1324.0,126.0,116.0,99.0,637,1403.0,7.0,1428,1410.0,-18.0,0,0,,0.0,0.0,0.0,0.0,0.0,2015-04-05,0,0.0,0.0,0.0,0.0,0.0
2015,3,28,6,WN,3073,N604SW,PHL,MCO,715,723.0,8.0,10.0,733.0,155.0,156.0,138.0,861,951.0,8.0,950,959.0,9.0,0,0,,0.0,0.0,0.0,0.0,0.0,2015-03-28,0,0.0,0.0,0.0,0.0,0.0
2015,4,15,3,OO,5426,N954SW,SFO,ONT,1723,1715.0,-8.0,22.0,1737.0,84.0,83.0,56.0,363,1833.0,5.0,1847,1838.0,-9.0,0,0,,0.0,0.0,0.0,0.0,0.0,2015-04-15,0,0.0,0.0,0.0,0.0,0.0
2015,4,11,6,OO,4974,N730SK,DEN,DFW,816,813.0,-3.0,8.0,821.0,114.0,103.0,87.0,641,1048.0,8.0,1110,1056.0,-14.0,0,0,,0.0,0.0,0.0,0.0,0.0,2015-04-11,0,0.0,0.0,0.0,0.0,0.0
2015,5,1,5,DL,1618,N665DN,MCO,ATL,730,728.0,-2.0,18.0,746.0,100.0,82.0,60.0,404,846.0,4.0,910,850.0,-20.0,0,0,,0.0,0.0,0.0,0.0,0.0,2015-05-01,0,0.0,0.0,0.0,0.0,0.0
2015,5,3,7,DL,327,N678DL,SLC,DTW,1525,1525.0,0.0,20.0,1545.0,209.0,208.0,180.0,1481,2045.0,8.0,2054,2053.0,-1.0,0,0,,0.0,0.0,0.0,0.0,0.0,2015-05-03,0,0.0,0.0,0.0,0.0,0.0
2015,4,15,3,EV,4567,N17159,MHT,EWR,600,552.0,-8.0,15.0,607.0,80.0,80.0,56.0,209,703.0,9.0,720,712.0,-8.0,0,0,,0.0,0.0,0.0,0.0,0.0,2015-04-15,0,0.0,0.0,0.0,0.0,0.0
2015,4,4,6,WN,1466,N265WN,CAK,RSW,1605,1602.0,-3.0,7.0,1609.0,155.0,139.0,128.0,991,1817.0,4.0,1840,1821.0,-19.0,0,0,,0.0,0.0,0.0,0.0,0.0,2015-04-04,0,0.0,0.0,0.0,0.0,0.0
2015,4,28,2,OO,4776,N815SK,MSP,FSD,916,911.0,-5.0,22.0,933.0,70.0,68.0,39.0,196,1012.0,7.0,1026,1019.0,-7.0,0,0,,0.0,0.0,0.0,0.0,0.0,2015-04-28,0,0.0,0.0,0.0,0.0,0.0
2015,5,3,7,MQ,3633,N534MQ,BUF,ORD,1820,1815.0,-5.0,13.0,1828.0,109.0,94.0,71.0,473,1839.0,10.0,1909,1849.0,-20.0,0,0,,0.0,0.0,0.0,0.0,0.0,2015-05-03,0,0.0,0.0,0.0,0.0,0.0
2015,4,7,2,WN,2551,N419WN,ONT,SMF,1115,1121.0,6.0,6.0,1127.0,75.0,73.0,64.0,390,1231.0,3.0,1230,1234.0,4.0,0,0,,0.0,0.0,0.0,0.0,0.0,2015-04-07,0,0.0,0.0,0.0,0.0,0.0
2015,4,9,4,DL,2350,N679DA,ATL,JFK,818,819.0,1.0,12.0,831.0,129.0,125.0,101.0,760,1012.0,12.0,1027,1024.0,-3.0,0,0,,0.0,0.0,0.0,0.0,0.0,2015-04-09,0,0.0,0.0,0.0,0.0,0.0
2015,4,14,2,AA,2210,N3CTAA,DFW,SAT,930,926.0,-4.0,14.0,940.0,69.0,70.0,50.0,247,1030.0,6.0,1039,1036.0,-3.0,0,0,,0.0,0.0,0.0,0.0,0.0,2015-04-14,0,0.0,0.0,0.0,0.0,0.0
2015,4,7,2,HA,189,N492HA,KOA,HNL,1600,1554.0,-6.0,8.0,1602.0,44.0,53.0,35.0,163,1637.0,10.0,1644,1647.0,3.0,0,0,,0.0,0.0,0.0,0.0,0.0,2015-04-07,0,0.0,0.0,0.0,0.0,0.0
2015,4,2,4,WN,4191,N7710A,LAX,SJC,1135,1340.0,125.0,11.0,1351.0,65.0,67.0,52.0,308,1443.0,4.0,1240,1447.0,127.0,0,0,,2.0,0.0,0.0,125.0,0.0,2015-04-02,1,1.6,0.0,0.0,100.0,0.0
2015,4,9,4,MQ,3016,N660MQ,ALO,ORD,640,722.0,42.0,43.0,805.0,79.0,108.0,38.0,234,843.0,27.0,759,910.0,71.0,0,0,,71.0,0.0,0.0,0.0,0.0,2015-04-09,1,169.05,0.0,0.0,0.0,0.0
2015,4,19,7,MQ,2935,N664MQ,MSN,DFW,720,723.0,3.0,10.0,733.0,151.0,145.0,125.0,821,938.0,10.0,951,948.0,-3.0,0,0,,0.0,0.0,0.0,0.0,0.0,2015-04-19,0,0.0,0.0,0.0,0.0,0.0
2015,4,3,5,OO,5481,N103SY,MCI,SFO,1656,1648.0,-8.0,9.0,1657.0,247.0,243.0,231.0,1499,1848.0,3.0,1903,1851.0,-12.0,0,0,,0.0,0.0,0.0,0.0,0.0,2015-04-03,0,0.0,0.0,0.0,0.0,0.0
2015,5,2,6,WN,1325,N565WN,BWI,ATL,1115,1112.0,-3.0,14.0,1126.0,115.0,101.0,80.0,577,1246.0,7.0,1310,1253.0,-17.0,0,0,,0.0,0.0,0.0,0.0,0.0,2015-05-02,0,0.0,0.0,0.0,0.0,0.0
2015,4,7,2,DL,2453,N905DE,MCO,JFK,1200,1155.0,-5.0,18.0,1213.0,164.0,168.0,128.0,944,1421.0,22.0,1444,1443.0,-1.0,0,0,,0.0,0.0,0.0,0.0,0.0,2015-04-07,0,0.0,0.0,0.0,0.0,0.0
2015,4,2,4,DL,2236,N946DN,ATL,PHL,1355,1359.0,4.0,15.0,1414.0,129.0,119.0,99.0,666,1553.0,5.0,1604,1558.0,-6.0,0,0,,0.0,0.0,0.0,0.0,0.0,2015-04-02,0,0.0,0.0,0.0,0.0,0.0
2015,4,10,5,MQ,3482,N660MQ,PNS,MIA,1035,1031.0,-4.0,12.0,1043.0,100.0,97.0,81.0,530,1304.0,4.0,1315,1308.0,-7.0,0,0,,0.0,0.0,0.0,0.0,0.0,2015-04-10,0,0.0,0.0,0.0,0.0,0.0
2015,5,1,5,DL,1351,N987AT,DTW,OMA,835,831.0,-4.0,14.0,845.0,125.0,110.0,93.0,651,918.0,3.0,940,921.0,-19.0,0,0,,0.0,0.0,0.0,0.0,0.0,2015-05-01,0,0.0,0.0,0.0,0.0,0.0
2015,4,30,4,B6,1013,N562JB,JFK,LGB,1759,1831.0,32.0,23.0,1854.0,381.0,337.0,311.0,2465,2105.0,3.0,2120,2108.0,-12.0,0,0,,0.0,0.0,0.0,0.0,0.0,2015-04-30,1,0.0,0.0,0.0,0.0,0.0
2015,4,5,7,UA,660,N461UA,LAX,ORD,2335,2332.0,-3.0,20.0,2352.0,237.0,213.0,189.0,1744,501.0,4.0,532,505.0,-27.0,0,0,,0.0,0.0,0.0,0.0,0.0,2015-04-05,0,0.0,0.0,0.0,0.0,0.0
2015,4,26,7,EV,5920,N18102,ORD,LEX,816,805.0,-11.0,14.0,819.0,80.0,68.0,49.0,323,1008.0,5.0,1036,1013.0,-23.0,0,0,,0.0,0.0,0.0,0.0,0.0,2015-04-26,0,0.0,0.0,0.0,0.0,0.0
2015,4,7,2,DL,52,N935DN,DTW,MSP,1000,1006.0,6.0,20.0,1026.0,116.0,112.0,88.0,528,1054.0,4.0,1056,1058.0,2.0,0,0,,0.0,0.0,0.0,0.0,0.0,2015-04-07,0,0.0,0.0,0.0,0.0,0.0
2015,4,11,6,OO,5609,N926SW,SFO,MRY,1620,1622.0,2.0,9.0,1631.0,51.0,34.0,23.0,77,1654.0,2.0,1711,1656.0,-15.0,0,0,,0.0,0.0,0.0,0.0,0.0,2015-04-11,0,0.0,0.0,0.0,0.0,0.0
2015,4,5,7,HA,338,N477HA,HNL,KOA,626,615.0,-11.0,10.0,625.0,42.0,45.0,31.0,163,656.0,4.0,708,700.0,-8.0,0,0,,0.0,0.0,0.0,0.0,0.0,2015-04-05,0,0.0,0.0,0.0,0.0,0.0
2015,3,28,6,AS,816,N586AS,LIH,SEA,2245,2244.0,-1.0,13.0,2257.0,340.0,316.0,292.0,2701,649.0,11.0,725,700.0,-25.0,0,0,,0.0,0.0,0.0,0.0,0.0,2015-03-28,0,0.0,0.0,0.0,0.0,0.0
2015,3,29,7,AA,1658,N3APAA,DFW,EWR,1505,1517.0,12.0,18.0,1535.0,210.0,199.0,170.0,1372,1925.0,11.0,1935,1936.0,1.0,0,0,,0.0,0.0,0.0,0.0,0.0,2015-03-29,0,0.0,0.0,0.0,0.0,0.0
2015,3,31,2,NK,224,N611NK,ORD,LGA,556,556.0,0.0,13.0,609.0,124.0,115.0,96.0,733,845.0,6.0,900,851.0,-9.0,0,0,,0.0,0.0,0.0,0.0,0.0,2015-03-31,0,0.0,0.0,0.0,0.0,0.0
2015,4,17,5,MQ,3054,N625MQ,DFW,SPI,2020,2019.0,-1.0,120.0,2219.0,118.0,214.0,90.0,630,2349.0,4.0,2218,2353.0,95.0,0,0,,95.0,0.0,0.0,0.0,0.0,2015-04-17,0,-9500.0,-0.0,-0.0,-0.0,-0.0
2015,4,13,1,DL,1470,N962DL,ATL,CLE,846,840.0,-6.0,31.0,911.0,104.0,116.0,78.0,554,1029.0,7.0,1030,1036.0,6.0,0,0,,0.0,0.0,0.0,0.0,0.0,2015-04-13,0,0.0,0.0,0.0,0.0,0.0
2015,3,31,2,MQ,3269,N509MQ,ORD,LIT,1335,1352.0,17.0,27.0,1419.0,110.0,111.0,77.0,552,1536.0,7.0,1525,1543.0,18.0,0,0,,1.0,0.0,16.0,1.0,0.0,2015-03-31,1,5.88,0.0,94.12,5.88,0.0
2015,4,11,6,NK,727,N619NK,LBE,FLL,1640,1631.0,-9.0,16.0,1647.0,172.0,165.0,139.0,980,1906.0,10.0,1932,1916.0,-16.0,0,0,,0.0,0.0,0.0,0.0,0.0,2015-04-11,0,0.0,0.0,0.0,0.0,0.0
2015,4,16,4,WN,661,N491WN,SJC,BUR,2055,2205.0,70.0,10.0,2215.0,60.0,58.0,46.0,296,2301.0,2.0,2155,2303.0,68.0,0,0,,0.0,0.0,68.0,0.0,0.0,2015-04-16,1,0.0,0.0,97.14,0.0,0.0
2015,4,21,2,AA,1513,N3FWAA,BWI,MIA,1310,1300.0,-10.0,8.0,1308.0,161.0,150.0,137.0,946,1525.0,5.0,1551,1530.0,-21.0,0,0,,0.0,0.0,0.0,0.0,0.0,2015-04-21,0,0.0,0.0,0.0,0.0,0.0
2015,3,29,7,MQ,3001,N672MQ,DFW,GRK,1700,1657.0,-3.0,10.0,1707.0,58.0,38.0,26.0,134,1733.0,2.0,1758,1735.0,-23.0,0,0,,0.0,0.0,0.0,0.0,0.0,2015-03-29,0,0.0,0.0,0.0,0.0,0.0
2015,3,26,4,DL,1730,N910DL,ATL,CHS,935,933.0,-2.0,16.0,949.0,73.0,64.0,42.0,259,1031.0,6.0,1048,1037.0,-11.0,0,0,,0.0,0.0,0.0,0.0,0.0,2015-03-26,0,0.0,0.0,0.0,0.0,0.0
2015,4,26,7,AS,636,N413AS,SEA,PHX,1130,1134.0,4.0,11.0,1145.0,162.0,148.0,131.0,1107,1356.0,6.0,1412,1402.0,-10.0,0,0,,0.0,0.0,0.0,0.0,0.0,2015-04-26,0,0.0,0.0,0.0,0.0,0.0
2015,4,29,3,AA,381,N3HTAA,MCO,DFW,1451,1449.0,-2.0,12.0,1501.0,178.0,175.0,155.0,985,1636.0,8.0,1649,1644.0,-5.0,0,0,,0.0,0.0,0.0,0.0,0.0,2015-04-29,0,0.0,0.0,0.0,0.0,0.0
2015,3,27,5,AS,117,N556AS,SEA,FAI,1940,1940.0,0.0,14.0,1954.0,217.0,202.0,185.0,1533,2159.0,3.0,2217,2202.0,-15.0,0,0,,0.0,0.0,0.0,0.0,0.0,2015-03-27,0,0.0,0.0,0.0,0.0,0.0
2015,4,10,5,AA,2334,N436AA,DFW,ORD,903,857.0,-6.0,14.0,911.0,152.0,120.0,97.0,802,1048.0,9.0,1135,1057.0,-38.0,0,0,,0.0,0.0,0.0,0.0,0.0,2015-04-10,0,0.0,0.0,0.0,0.0,0.0
2015,4,1,3,HA,101,N489HA,ITO,HNL,618,620.0,2.0,9.0,629.0,49.0,54.0,40.0,216,709.0,5.0,707,714.0,7.0,0,0,,0.0,0.0,0.0,0.0,0.0,2015-04-01,0,0.0,0.0,0.0,0.0,0.0
2015,4,7,2,WN,3740,N752SW,FLL,AUS,950,944.0,-6.0,13.0,957.0,200.0,172.0,154.0,1105,1131.0,5.0,1210,1136.0,-34.0,0,0,,0.0,0.0,0.0,0.0,0.0,2015-04-07,0,0.0,0.0,0.0,0.0,0.0
2015,4,4,6,OO,4540,N814SK,SJC,LAX,1829,1828.0,-1.0,11.0,1839.0,88.0,77.0,55.0,308,1934.0,11.0,1957,1945.0,-12.0,0,0,,0.0,0.0,0.0,0.0,0.0,2015-04-04,0,0.0,0.0,0.0,0.0,0.0
2015,3,27,5,AA,2458,N439AA,DFW,ORF,1910,1906.0,-4.0,18.0,1924.0,160.0,162.0,138.0,1212,2242.0,6.0,2250,2248.0,-2.0,0,0,,0.0,0.0,0.0,0.0,0.0,2015-03-27,0,0.0,0.0,0.0,0.0,0.0
2015,5,2,6,WN,2826,N385SW,FLL,ATL,605,557.0,-8.0,13.0,610.0,115.0,110.0,89.0,581,739.0,8.0,800,747.0,-13.0,0,0,,0.0,0.0,0.0,0.0,0.0,2015-05-02,0,0.0,0.0,0.0,0.0,0.0
2015,4,27,1,DL,2396,N540US,ATL,RSW,1522,1519.0,-3.0,26.0,1545.0,107.0,104.0,74.0,515,1659.0,4.0,1709,1703.0,-6.0,0,0,,0.0,0.0,0.0,0.0,0.0,2015-04-27,0,0.0,0.0,0.0,0.0,0.0
2015,4,17,5,US,2029,N563UW,MCO,CLT,1355,1355.0,0.0,17.0,1412.0,97.0,98.0,76.0,468,1528.0,5.0,1532,1533.0,1.0,0,0,,0.0,0.0,0.0,0.0,0.0,2015-04-17,0,0.0,0.0,0.0,0.0,0.0
2015,4,13,1,WN,937,N751SW,STL,DAL,1645,1649.0,4.0,7.0,1656.0,100.0,97.0,87.0,546,1823.0,3.0,1825,1826.0,1.0,0,0,,0.0,0.0,0.0,0.0,0.0,2015-04-13,0,0.0,0.0,0.0,0.0,0.0
2015,4,3,5,AA,1480,N005AA,MCI,DFW,1550,1859.0,189.0,13.0,1912.0,104.0,104.0,78.0,460,2030.0,13.0,1734,2043.0,189.0,0,0,,0.0,0.0,0.0,189.0,0.0,2015-04-03,1,0.0,0.0,0.0,100.0,0.0
2015,3,29,7,OO,5510,N121SY,DFW,ORD,1601,1556.0,-5.0,15.0,1611.0,146.0,153.0,123.0,802,1814.0,15.0,1827,1829.0,2.0,0,0,,0.0,0.0,0.0,0.0,0.0,2015-03-29,0,0.0,0.0,0.0,0.0,0.0
2015,5,2,6,AS,383,N548AS,SFO,PDX,905,901.0,-4.0,14.0,915.0,102.0,96.0,78.0,550,1033.0,4.0,1047,1037.0,-10.0,0,0,,0.0,0.0,0.0,0.0,0.0,2015-05-02,0,0.0,0.0,0.0,0.0,0.0
2015,4,30,4,EV,6003,N28529,IAH,MLU,1341,1453.0,72.0,10.0,1503.0,66.0,55.0,40.0,262,1543.0,5.0,1447,1548.0,61.0,0,0,,0.0,0.0,61.0,0.0,0.0,2015-04-30,1,0.0,0.0,84.72,0.0,0.0
2015,4,9,4,WN,287,N716SW,SDF,MCO,1650,1646.0,-4.0,11.0,1657.0,125.0,115.0,97.0,719,1834.0,7.0,1855,1841.0,-14.0,0,0,,0.0,0.0,0.0,0.0,0.0,2015-04-09,0,0.0,0.0,0.0,0.0,0.0
2015,5,1,5,NK,680,N508NK,MSY,FLL,1945,1945.0,0.0,10.0,1955.0,110.0,109.0,87.0,674,2222.0,12.0,2235,2234.0,-1.0,0,0,,0.0,0.0,0.0,0.0,0.0,2015-05-01,0,0.0,0.0,0.0,0.0,0.0
2015,5,1,5,DL,1057,N327NB,CLT,DTW,1830,1828.0,-2.0,23.0,1851.0,119.0,116.0,75.0,500,2006.0,18.0,2029,2024.0,-5.0,0,0,,0.0,0.0,0.0,0.0,0.0,2015-05-01,0,0.0,0.0,0.0,0.0,0.0
2015,4,14,2,MQ,3431,N537MQ,COU,DFW,618,616.0,-2.0,20.0,636.0,107.0,120.0,81.0,489,757.0,19.0,805,816.0,11.0,0,0,,0.0,0.0,0.0,0.0,0.0,2015-04-14,0,0.0,0.0,0.0,0.0,0.0
2015,4,3,5,AA,231,N3CJAA,MIA,LAX,1845,1859.0,14.0,23.0,1922.0,357.0,381.0,333.0,2342,2155.0,25.0,2142,2220.0,38.0,0,0,,24.0,0.0,14.0,0.0,0.0,2015-04-03,0,171.43,0.0,100.0,0.0,0.0
2015,4,24,5,EV,4637,N12160,IAH,PBI,1257,1255.0,-2.0,22.0,1317.0,151.0,151.0,123.0,956,1620.0,6.0,1628,1626.0,-2.0,0,0,,0.0,0.0,0.0,0.0,0.0,2015-04-24,0,0.0,0.0,0.0,0.0,0.0
2015,3,26,4,WN,3845,N259WN,PHX,SJC,1730,1726.0,-4.0,6.0,1732.0,110.0,94.0,86.0,621,1858.0,2.0,1920,1900.0,-20.0,0,0,,0.0,0.0,0.0,0.0,0.0,2015-03-26,0,0.0,0.0,0.0,0.0,0.0
2015,3,29,7,B6,1729,N374JB,JFK,RSW,1555,1554.0,-1.0,18.0,1612.0,204.0,172.0,151.0,1074,1843.0,3.0,1919,1846.0,-33.0,0,0,,0.0,0.0,0.0,0.0,0.0,2015-03-29,0,0.0,0.0,0.0,0.0,0.0
2015,4,26,7,AA,1133,N3CSAA,LGA,MIA,1100,1053.0,-7.0,14.0,1107.0,195.0,169.0,150.0,1096,1337.0,5.0,1415,1342.0,-33.0,0,0,,0.0,0.0,0.0,0.0,0.0,2015-04-26,0,0.0,0.0,0.0,0.0,0.0
2015,4,14,2,EV,5795,N11109,OMA,IAH,1815,1807.0,-8.0,7.0,1814.0,135.0,136.0,122.0,781,2016.0,7.0,2030,2023.0,-7.0,0,0,,0.0,0.0,0.0,0.0,0.0,2015-04-14,0,0.0,0.0,0.0,0.0,0.0
2015,4,25,6,UA,1649,N75433,SJU,IAH,645,642.0,-3.0,11.0,653.0,294.0,304.0,280.0,2007,1033.0,13.0,1039,1046.0,7.0,0,0,,0.0,0.0,0.0,0.0,0.0,2015-04-25,0,0.0,0.0,0.0,0.0,0.0
2015,5,5,2,US,510,N680AW,DCA,LAS,821,818.0,-3.0,14.0,832.0,319.0,284.0,257.0,2089,949.0,13.0,1040,1002.0,-38.0,0,0,,0.0,0.0,0.0,0.0,0.0,2015-05-05,0,0.0,0.0,0.0,0.0,0.0
2015,4,25,6,EV,4529,N14143,EWR,BUF,1010,1005.0,-5.0,18.0,1023.0,81.0,85.0,62.0,282,1125.0,5.0,1131,1130.0,-1.0,0,0,,0.0,0.0,0.0,0.0,0.0,2015-04-25,0,0.0,0.0,0.0,0.0,0.0
2015,3,28,6,MQ,3676,N836MQ,ORD,LEX,1905,1900.0,-5.0,14.0,1914.0,74.0,62.0,46.0,323,2100.0,2.0,2119,2102.0,-17.0,0,0,,0.0,0.0,0.0,0.0,0.0,2015-03-28,0,0.0,0.0,0.0,0.0,0.0
2015,4,21,2,HA,397,N478HA,KOA,HNL,2119,2109.0,-10.0,6.0,2115.0,43.0,38.0,26.0,163,2141.0,6.0,2202,2147.0,-15.0,0,0,,0.0,0.0,0.0,0.0,0.0,2015-04-21,0,0.0,0.0,0.0,0.0,0.0
2015,4,23,4,WN,2579,N426WN,MSY,MCO,1520,1511.0,-9.0,8.0,1519.0,100.0,91.0,75.0,551,1734.0,8.0,1800,1742.0,-18.0,0,0,,0.0,0.0,0.0,0.0,0.0,2015-04-23,0,0.0,0.0,0.0,0.0,0.0
2015,3,29,7,OO,4663,N783CA,MSP,DAY,1936,1933.0,-3.0,10.0,1943.0,112.0,89.0,75.0,574,2158.0,4.0,2228,2202.0,-26.0,0,0,,0.0,0.0,0.0,0.0,0.0,2015-03-29,0,0.0,0.0,0.0,0.0,0.0
2015,4,10,5,UA,1900,N73291,BOS,EWR,1600,1605.0,5.0,16.0,1621.0,93.0,80.0,55.0,200,1716.0,9.0,1733,1725.0,-8.0,0,0,,0.0,0.0,0.0,0.0,0.0,2015-04-10,0,0.0,0.0,0.0,0.0,0.0
2015,4,12,7,WN,290,N435WN,SMF,DEN,1605,1604.0,-1.0,8.0,1612.0,140.0,131.0,116.0,909,1908.0,7.0,1925,1915.0,-10.0,0,0,,0.0,0.0,0.0,0.0,0.0,2015-04-12,0,0.0,0.0,0.0,0.0,0.0
2015,4,17,5,AA,1012,N574AA,DAY,DFW,1103,1051.0,-12.0,15.0,1106.0,160.0,151.0,123.0,861,1209.0,13.0,1243,1222.0,-21.0,0,0,,0.0,0.0,0.0,0.0,0.0,2015-04-17,0,0.0,0.0,0.0,0.0,0.0
2015,4,7,2,AA,1395,N4YBAA,MSP,DFW,700,700.0,0.0,31.0,731.0,159.0,169.0,131.0,852,942.0,7.0,939,949.0,10.0,0,0,,0.0,0.0,0.0,0.0,0.0,2015-04-07,0,0.0,0.0,0.0,0.0,0.0
2015,4,6,1,B6,462,N612JB,SJU,BOS,1150,1150.0,0.0,10.0,1200.0,249.0,244.0,228.0,1674,1548.0,6.0,1559,1554.0,-5.0,0,0,,0.0,0.0,0.0,0.0,0.0,2015-04-06,0,0.0,0.0,0.0,0.0,0.0
2015,4,9,4,DL,2273,N964DL,GSO,ATL,700,659.0,-1.0,10.0,709.0,90.0,65.0,48.0,306,757.0,7.0,830,804.0,-26.0,0,0,,0.0,0.0,0.0,0.0,0.0,2015-04-09,0,0.0,0.0,0.0,0.0,0.0
2015,4,13,1,DL,1521,N946DL,DAY,ATL,1020,1015.0,-5.0,11.0,1026.0,97.0,94.0,78.0,432,1144.0,5.0,1157,1149.0,-8.0,0,0,,0.0,0.0,0.0,0.0,0.0,2015-04-13,0,0.0,0.0,0.0,0.0,0.0
2015,4,26,7,WN,3493,N414WN,LAS,DTW,1220,1217.0,-3.0,15.0,1232.0,245.0,240.0,219.0,1749,1911.0,6.0,1925,1917.0,-8.0,0,0,,0.0,0.0,0.0,0.0,0.0,2015-04-26,0,0.0,0.0,0.0,0.0,0.0
2015,4,8,3,DL,2571,N361NB,JFK,AUS,830,824.0,-6.0,18.0,842.0,276.0,240.0,216.0,1521,1118.0,6.0,1206,1124.0,-42.0,0,0,,0.0,0.0,0.0,0.0,0.0,2015-04-08,0,0.0,0.0,0.0,0.0,0.0
2015,4,17,5,EV,5381,N761ND,SAT,DTW,1650,1855.0,125.0,13.0,1908.0,182.0,164.0,143.0,1214,2231.0,8.0,2052,2239.0,107.0,0,0,,0.0,0.0,0.0,107.0,0.0,2015-04-17,1,0.0,0.0,0.0,85.6,0.0
2015,4,2,4,HA,386,N485HA,HNL,OGG,1046,1039.0,-7.0,18.0,1057.0,38.0,47.0,21.0,100,1118.0,8.0,1124,1126.0,2.0,0,0,,0.0,0.0,0.0,0.0,0.0,2015-04-02,0,0.0,0.0,0.0,0.0,0.0
2015,4,12,7,WN,2146,N765SW,BWI,BDL,2020,2024.0,4.0,14.0,2038.0,70.0,72.0,54.0,283,2132.0,4.0,2130,2136.0,6.0,0,0,,0.0,0.0,0.0,0.0,0.0,2015-04-12,0,0.0,0.0,0.0,0.0,0.0
2015,4,9,4,AS,133,N769AS,SEA,FAI,2150,2151.0,1.0,9.0,2200.0,222.0,204.0,192.0,1533,12.0,3.0,32,15.0,-17.0,0,0,,0.0,0.0,0.0,0.0,0.0,2015-04-09,0,0.0,0.0,0.0,0.0,0.0
2015,4,30,4,DL,2210,N548US,HNL,SEA,1240,1240.0,0.0,14.0,1254.0,340.0,349.0,328.0,2677,2122.0,7.0,2120,2129.0,9.0,0,0,,0.0,0.0,0.0,0.0,0.0,2015-04-30,0,0.0,0.0,0.0,0.0,0.0
2015,4,5,7,WN,4071,N566WN,DAL,ICT,1655,1704.0,9.0,12.0,1716.0,70.0,72.0,55.0,333,1811.0,5.0,1805,1816.0,11.0,0,0,,0.0,0.0,0.0,0.0,0.0,2015-04-05,0,0.0,0.0,0.0,0.0,0.0
2015,3,30,1,OO,6199,N983SW,DEN,CID,1230,1220.0,-10.0,11.0,1231.0,113.0,107.0,92.0,692,1503.0,4.0,1523,1507.0,-16.0,0,0,,0.0,0.0,0.0,0.0,0.0,2015-03-30,0,0.0,0.0,0.0,0.0,0.0
2015,4,28,2,EV,5062,N922EV,LEX,ATL,910,858.0,-12.0,11.0,909.0,81.0,80.0,57.0,304,1006.0,12.0,1031,1018.0,-13.0,0,0,,0.0,0.0,0.0,0.0,0.0,2015-04-28,0,0.0,0.0,0.0,0.0,0.0
2015,3,27,5,OO,5635,N791SK,LAX,SMF,800,759.0,-1.0,18.0,817.0,94.0,85.0,63.0,373,920.0,4.0,934,924.0,-10.0,0,0,,0.0,0.0,0.0,0.0,0.0,2015-03-27,0,0.0,0.0,0.0,0.0,0.0
2015,4,21,2,AA,1300,N3AYAA,DFW,DTW,1225,1233.0,8.0,41.0,1314.0,169.0,176.0,126.0,986,1620.0,9.0,1614,1629.0,15.0,0,0,,7.0,0.0,4.0,4.0,0.0,2015-04-21,0,87.5,0.0,50.0,50.0,0.0
2015,4,10,5,AA,1009,N3HDAA,DFW,MCO,850,854.0,4.0,17.0,911.0,159.0,149.0,125.0,985,1216.0,7.0,1229,1223.0,-6.0,0,0,,0.0,0.0,0.0,0.0,0.0,2015-04-10,0,0.0,0.0,0.0,0.0,0.0
2015,4,22,3,DL,2042,N355NB,EWR,ATL,1650,1651.0,1.0,21.0,1712.0,152.0,140.0,110.0,746,1902.0,9.0,1922,1911.0,-11.0,0,0,,0.0,0.0,0.0,0.0,0.0,2015-04-22,0,0.0,0.0,0.0,0.0,0.0
2015,4,14,2,DL,1517,N926DH,DEN,ATL,615,611.0,-4.0,12.0,623.0,183.0,171.0,153.0,1199,1056.0,6.0,1118,1102.0,-16.0,0,0,,0.0,0.0,0.0,0.0,0.0,2015-04-14,0,0.0,0.0,0.0,0.0,0.0
2015,4,28,2,OO,5409,N971SW,MKE,ORD,953,944.0,-9.0,8.0,952.0,48.0,39.0,22.0,67,1014.0,9.0,1041,1023.0,-18.0,0,0,,0.0,0.0,0.0,0.0,0.0,2015-04-28,0,0.0,0.0,0.0,0.0,0.0
2015,3,27,5,WN,2944,N410WN,BOS,BWI,1045,1044.0,-1.0,11.0,1055.0,95.0,86.0,71.0,369,1206.0,4.0,1220,1210.0,-10.0,0,0,,0.0,0.0,0.0,0.0,0.0,2015-03-27,0,0.0,0.0,0.0,0.0,0.0
2015,4,12,7,DL,2259,N378NW,MSP,SLC,1114,1108.0,-6.0,10.0,1118.0,165.0,166.0,151.0,991,1249.0,5.0,1259,1254.0,-5.0,0,0,,0.0,0.0,0.0,0.0,0.0,2015-04-12,0,0.0,0.0,0.0,0.0,0.0
2015,4,10,5,UA,1210,N57852,SFO,BOS,805,802.0,-3.0,26.0,828.0,337.0,330.0,297.0,2704,1625.0,7.0,1642,1632.0,-10.0,0,0,,0.0,0.0,0.0,0.0,0.0,2015-04-10,0,0.0,0.0,0.0,0.0,0.0
2015,4,23,4,WN,2493,N438WN,SAN,PHX,1415,1415.0,0.0,10.0,1425.0,65.0,77.0,52.0,304,1517.0,15.0,1520,1532.0,12.0,0,0,,0.0,0.0,0.0,0.0,0.0,2015-04-23,0,0.0,0.0,0.0,0.0,0.0
2015,4,6,1,OO,6405,N710SK,ASE,DEN,1132,1130.0,-2.0,3.0,1133.0,54.0,37.0,29.0,125,1202.0,5.0,1226,1207.0,-19.0,0,0,,0.0,0.0,0.0,0.0,0.0,2015-04-06,0,0.0,0.0,0.0,0.0,0.0
2015,4,1,3,UA,1236,N68805,LAS,IAH,1509,1504.0,-5.0,13.0,1517.0,181.0,171.0,151.0,1222,1948.0,7.0,2010,1955.0,-15.0,0,0,,0.0,0.0,0.0,0.0,0.0,2015-04-01,0,0.0,0.0,0.0,0.0,0.0
2015,4,9,4,OO,5177,N771SK,IAH,AUS,1015,1024.0,9.0,20.0,1044.0,57.0,53.0,29.0,140,1113.0,4.0,1112,1117.0,5.0,0,0,,0.0,0.0,0.0,0.0,0.0,2015-04-09,0,0.0,0.0,0.0,0.0,0.0
2015,3,26,4,NK,292,N522NK,LAS,IAH,1650,1646.0,-4.0,15.0,1701.0,170.0,180.0,157.0,1222,2138.0,8.0,2140,2146.0,6.0,0,0,,0.0,0.0,0.0,0.0,0.0,2015-03-26,0,0.0,0.0,0.0,0.0,0.0
2015,4,6,1,B6,277,N627JB,FLL,SFO,1844,1842.0,-2.0,13.0,1855.0,392.0,364.0,348.0,2584,2143.0,3.0,2216,2146.0,-30.0,0,0,,0.0,0.0,0.0,0.0,0.0,2015-04-06,0,0.0,0.0,0.0,0.0,0.0
2015,4,28,2,AA,1451,N3JVAA,DCA,MIA,840,835.0,-5.0,22.0,857.0,162.0,180.0,152.0,919,1129.0,6.0,1122,1135.0,13.0,0,0,,0.0,0.0,0.0,0.0,0.0,2015-04-28,0,0.0,0.0,0.0,0.0,0.0
2015,4,17,5,UA,1733,N78506,DEN,DFW,1345,1430.0,45.0,9.0,1439.0,115.0,144.0,123.0,641,1742.0,12.0,1640,1754.0,74.0,0,0,,29.0,0.0,34.0,11.0,0.0,2015-04-17,1,64.44,0.0,75.56,24.44,0.0
2015,5,3,7,DL,1712,N323US,MSP,TPA,1300,1258.0,-2.0,11.0,1309.0,187.0,177.0,162.0,1306,1651.0,4.0,1707,1655.0,-12.0,0,0,,0.0,0.0,0.0,0.0,0.0,2015-05-03,0,0.0,0.0,0.0,0.0,0.0
2015,4,1,3,EV,6121,N13124,FAR,ORD,1112,1103.0,-9.0,9.0,1112.0,117.0,105.0,87.0,557,1239.0,9.0,1309,1248.0,-21.0,0,0,,0.0,0.0,0.0,0.0,0.0,2015-04-01,0,0.0,0.0,0.0,0.0,0.0
2015,4,14,2,EV,6110,N14558,MLI,ORD,1426,1417.0,-9.0,13.0,1430.0,57.0,51.0,29.0,139,1459.0,9.0,1523,1508.0,-15.0,0,0,,0.0,0.0,0.0,0.0,0.0,2015-04-14,0,0.0,0.0,0.0,0.0,0.0
2015,4,25,6,WN,1061,N7734H,MKE,LAX,1145,1143.0,-2.0,12.0,1155.0,265.0,255.0,235.0,1756,1350.0,8.0,1410,1358.0,-12.0,0,0,,0.0,0.0,0.0,0.0,0.0,2015-04-25,0,0.0,0.0,0.0,0.0,0.0
2015,3,30,1,WN,542,N627SW,ATL,MCO,1930,2044.0,74.0,18.0,2102.0,90.0,89.0,60.0,404,2202.0,11.0,2100,2213.0,73.0,0,0,,0.0,0.0,73.0,0.0,0.0,2015-03-30,1,0.0,0.0,98.65,0.0,0.0
2015,4,21,2,US,1870,N180US,RSW,PHL,1935,1935.0,0.0,14.0,1949.0,155.0,144.0,126.0,993,2155.0,4.0,2210,2159.0,-11.0,0,0,,0.0,0.0,0.0,0.0,0.0,2015-04-21,0,0.0,0.0,0.0,0.0,0.0
2015,4,11,6,B6,2275,N536JB,BDL,SJU,2040,2032.0,-8.0,8.0,2040.0,224.0,223.0,211.0,1666,11.0,4.0,24,15.0,-9.0,0,0,,0.0,0.0,0.0,0.0,0.0,2015-04-11,0,0.0,0.0,0.0,0.0,0.0
2015,4,21,2,MQ,3556,N665MQ,GRR,ORD,2100,2053.0,-7.0,14.0,2107.0,61.0,52.0,31.0,137,2038.0,7.0,2101,2045.0,-16.0,0,0,,0.0,0.0,0.0,0.0,0.0,2015-04-21,0,0.0,0.0,0.0,0.0,0.0
2015,4,18,6,UA,421,N487UA,MIA,EWR,1100,1053.0,-7.0,15.0,1108.0,177.0,175.0,152.0,1085,1340.0,8.0,1357,1348.0,-9.0,0,0,,0.0,0.0,0.0,0.0,0.0,2015-04-18,0,0.0,0.0,0.0,0.0,0.0
2015,4,25,6,OO,4579,N454SW,GRB,DTW,1220,1214.0,-6.0,16.0,1230.0,69.0,76.0,54.0,287,1424.0,6.0,1429,1430.0,1.0,0,0,,0.0,0.0,0.0,0.0,0.0,2015-04-25,0,0.0,0.0,0.0,0.0,0.0
2015,4,11,6,WN,3037,N948WN,TUS,DEN,1500,1451.0,-9.0,10.0,1501.0,110.0,104.0,84.0,639,1725.0,10.0,1750,1735.0,-15.0,0,0,,0.0,0.0,0.0,0.0,0.0,2015-04-11,0,0.0,0.0,0.0,0.0,0.0
2015,4,1,3,UA,1289,N75432,SFO,EWR,1325,1329.0,4.0,12.0,1341.0,330.0,307.0,289.0,2565,2130.0,6.0,2155,2136.0,-19.0,0,0,,0.0,0.0,0.0,0.0,0.0,2015-04-01,0,0.0,0.0,0.0,0.0,0.0
2015,4,18,6,US,530,N757UW,PHX,OMA,1850,1845.0,-5.0,24.0,1909.0,153.0,168.0,140.0,1037,2329.0,4.0,2323,2333.0,10.0,0,0,,0.0,0.0,0.0,0.0,0.0,2015-04-18,0,0.0,0.0,0.0,0.0,0.0
2015,4,24,5,DL,1144,N937DL,DTW,DCA,1520,1516.0,-4.0,12.0,1528.0,86.0,74.0,59.0,405,1627.0,3.0,1646,1630.0,-16.0,0,0,,0.0,0.0,0.0,0.0,0.0,2015-04-24,0,0.0,0.0,0.0,0.0,0.0
2015,4,21,2,AA,2207,N3ARAA,ORD,ATL,1815,1809.0,-6.0,8.0,1817.0,122.0,102.0,85.0,606,2042.0,9.0,2117,2051.0,-26.0,0,0,,0.0,0.0,0.0,0.0,0.0,2015-04-21,0,0.0,0.0,0.0,0.0,0.0
2015,3,29,7,US,520,N827AW,PHX,BWI,849,842.0,-7.0,24.0,906.0,266.0,265.0,236.0,1999,1602.0,5.0,1615,1607.0,-8.0,0,0,,0.0,0.0,0.0,0.0,0.0,2015-03-29,0,0.0,0.0,0.0,0.0,0.0
2015,4,5,7,DL,2146,N902DA,ROC,ATL,1200,1200.0,0.0,26.0,1226.0,140.0,138.0,102.0,749,1408.0,10.0,1420,1418.0,-2.0,0,0,,0.0,0.0,0.0,0.0,0.0,2015-04-05,0,0.0,0.0,0.0,0.0,0.0
2015,4,19,7,US,1853,N971UY,CLT,RSW,955,951.0,-4.0,37.0,1028.0,120.0,127.0,86.0,600,1154.0,4.0,1155,1158.0,3.0,0,0,,0.0,0.0,0.0,0.0,0.0,2015-04-19,0,0.0,0.0,0.0,0.0,0.0
2015,3,31,2,AA,161,N5DHAA,LAX,OGG,1730,1736.0,6.0,16.0,1752.0,348.0,341.0,319.0,2486,2011.0,6.0,2018,2017.0,-1.0,0,0,,0.0,0.0,0.0,0.0,0.0,2015-03-31,0,0.0,0.0,0.0,0.0,0.0
2015,4,7,2,DL,688,N988DL,ATL,GSP,2250,2247.0,-3.0,10.0,2257.0,53.0,44.0,29.0,153,2326.0,5.0,2343,2331.0,-12.0,0,0,,0.0,0.0,0.0,0.0,0.0,2015-04-07,0,0.0,0.0,0.0,0.0,0.0
2015,5,3,7,EV,6156,N21144,DEN,MSN,1522,1513.0,-9.0,15.0,1528.0,132.0,131.0,111.0,826,1819.0,5.0,1834,1824.0,-10.0,0,0,,0.0,0.0,0.0,0.0,0.0,2015-05-03,0,0.0,0.0,0.0,0.0,0.0
2015,4,22,3,DL,1089,N699DL,ANC,MSP,2106,2058.0,-8.0,16.0,2114.0,314.0,312.0,292.0,2519,506.0,4.0,520,510.0,-10.0,0,0,,0.0,0.0,0.0,0.0,0.0,2015-04-22,0,0.0,0.0,0.0,0.0,0.0
2015,4,10,5,WN,806,N491WN,ATL,JAX,1345,1355.0,10.0,11.0,1406.0,65.0,59.0,43.0,270,1449.0,5.0,1450,1454.0,4.0,0,0,,0.0,0.0,0.0,0.0,0.0,2015-04-10,0,0.0,0.0,0.0,0.0,0.0
2015,3,31,2,EV,2553,N907EV,DFW,SAF,845,851.0,6.0,15.0,906.0,110.0,105.0,86.0,551,932.0,4.0,935,936.0,1.0,0,0,,0.0,0.0,0.0,0.0,0.0,2015-03-31,0,0.0,0.0,0.0,0.0,0.0
2015,4,6,1,WN,332,N663SW,ABQ,DAL,1320,1336.0,16.0,10.0,1346.0,95.0,95.0,81.0,580,1607.0,4.0,1555,1611.0,16.0,0,0,,0.0,0.0,2.0,14.0,0.0,2015-04-06,1,0.0,0.0,12.5,87.5,0.0
2015,5,3,7,WN,3932,N447WN,MKE,ATL,1140,1206.0,26.0,9.0,1215.0,125.0,107.0,91.0,669,1446.0,7.0,1445,1453.0,8.0,0,0,,0.0,0.0,0.0,0.0,0.0,2015-05-03,1,0.0,0.0,0.0,0.0,0.0
2015,5,2,6,B6,2589,N828JB,LAS,SFO,1633,1639.0,6.0,11.0,1650.0,102.0,81.0,63.0,414,1753.0,7.0,1815,1800.0,-15.0,0,0,,0.0,0.0,0.0,0.0,0.0,2015-05-02,0,0.0,0.0,0.0,0.0,0.0
2015,4,21,2,EV,4278,N19554,ICT,ORD,1112,1103.0,-9.0,20.0,1123.0,113.0,114.0,84.0,588,1247.0,10.0,1305,1257.0,-8.0,0,0,,0.0,0.0,0.0,0.0,0.0,2015-04-21,0,0.0,0.0,0.0,0.0,0.0
2015,5,1,5,WN,3832,N359SW,CLE,BWI,1525,1531.0,6.0,10.0,1541.0,75.0,66.0,52.0,314,1633.0,4.0,1640,1637.0,-3.0,0,0,,0.0,0.0,0.0,0.0,0.0,2015-05-01,0,0.0,0.0,0.0,0.0,0.0
2015,4,17,5,WN,801,N465WN,HOU,LAX,910,910.0,0.0,15.0,925.0,215.0,219.0,192.0,1390,1037.0,12.0,1045,1049.0,4.0,0,0,,0.0,0.0,0.0,0.0,0.0,2015-04-17,0,0.0,0.0,0.0,0.0,0.0
2015,4,4,6,OO,2780,N886AS,PHX,SBP,2003,2006.0,3.0,20.0,2026.0,103.0,108.0,83.0,509,2149.0,5.0,2146,2154.0,8.0,0,0,,0.0,0.0,0.0,0.0,0.0,2015-04-04,0,0.0,0.0,0.0,0.0,0.0
2015,4,12,7,EV,4445,N16919,ROC,EWR,2015,2009.0,-6.0,9.0,2018.0,82.0,62.0,44.0,246,2102.0,9.0,2137,2111.0,-26.0,0,0,,0.0,0.0,0.0,0.0,0.0,2015-04-12,0,0.0,0.0,0.0,0.0,0.0
2015,4,19,7,EV,2519,N880AS,SAV,DFW,1910,1900.0,-10.0,12.0,1912.0,172.0,188.0,171.0,925,2103.0,5.0,2102,2108.0,6.0,0,0,,0.0,0.0,0.0,0.0,0.0,2015-04-19,0,0.0,0.0,0.0,0.0,0.0
2015,3,30,1,F9,423,N925FR,CLE,ATL,1540,1544.0,4.0,11.0,1555.0,110.0,93.0,74.0,554,1709.0,8.0,1730,1717.0,-13.0,0,0,,0.0,0.0,0.0,0.0,0.0,2015-03-30,0,0.0,0.0,0.0,0.0,0.0
2015,5,2,6,WN,2800,N958WN,MDW,GSP,1430,1520.0,50.0,13.0,1533.0,95.0,92.0,75.0,562,1748.0,4.0,1705,1752.0,47.0,0,0,,0.0,0.0,6.0,41.0,0.0,2015-05-02,1,0.0,0.0,12.0,82.0,0.0
2015,3,28,6,AS,104,N627AS,ANC,SEA,1930,1918.0,-12.0,9.0,1927.0,200.0,190.0,174.0,1448,2321.0,7.0,2350,2328.0,-22.0,0,0,,0.0,0.0,0.0,0.0,0.0,2015-03-28,0,0.0,0.0,0.0,0.0,0.0
2015,4,9,4,B6,1205,N746JB,JFK,PDX,2040,2056.0,16.0,37.0,2133.0,379.0,384.0,342.0,2454,15.0,5.0,2359,20.0,21.0,0,0,,5.0,0.0,16.0,0.0,0.0,2015-04-09,1,31.25,0.0,100.0,0.0,0.0
2015,4,25,6,AA,1228,N547AA,TUS,DFW,825,1133.0,188.0,17.0,1150.0,131.0,125.0,101.0,813,1531.0,7.0,1236,1538.0,182.0,0,0,,0.0,0.0,182.0,0.0,0.0,2015-04-25,1,0.0,0.0,96.81,0.0,0.0
2015,4,13,1,DL,1562,N905DL,LGA,RSW,820,816.0,-4.0,45.0,901.0,199.0,203.0,154.0,1080,1135.0,4.0,1139,1139.0,0.0,0,0,,0.0,0.0,0.0,0.0,0.0,2015-04-13,0,0.0,0.0,0.0,0.0,0.0
2015,4,24,5,OO,4971,N770SK,MFE,IAH,1225,1414.0,109.0,12.0,1426.0,74.0,66.0,50.0,316,1516.0,4.0,1339,1520.0,101.0,0,0,,0.0,0.0,44.0,57.0,0.0,2015-04-24,1,0.0,0.0,40.37,52.29,0.0
2015,3,27,5,UA,1173,N14237,PDX,IAH,600,557.0,-3.0,11.0,608.0,238.0,228.0,206.0,1825,1134.0,11.0,1158,1145.0,-13.0,0,0,,0.0,0.0,0.0,0.0,0.0,2015-03-27,0,0.0,0.0,0.0,0.0,0.0
2015,3,28,6,UA,1124,N57439,TPA,ORD,603,559.0,-4.0,12.0,611.0,174.0,174.0,136.0,1012,727.0,26.0,757,753.0,-4.0,0,0,,0.0,0.0,0.0,0.0,0.0,2015-03-28,0,0.0,0.0,0.0,0.0,0.0
2015,3,26,4,OO,4462,N617QX,SLC,ABQ,947,940.0,-7.0,36.0,1016.0,102.0,116.0,69.0,493,1125.0,11.0,1129,1136.0,7.0,0,0,,0.0,0.0,0.0,0.0,0.0,2015-03-26,0,0.0,0.0,0.0,0.0,0.0
2015,4,30,4,WN,197,N523SW,HOU,OKC,1740,1747.0,7.0,8.0,1755.0,80.0,74.0,61.0,419,1856.0,5.0,1900,1901.0,1.0,0,0,,0.0,0.0,0.0,0.0,0.0,2015-04-30,0,0.0,0.0,0.0,0.0,0.0
2015,4,27,1,DL,2298,N676DL,SRQ,ATL,1123,1114.0,-9.0,10.0,1124.0,100.0,93.0,72.0,444,1236.0,11.0,1303,1247.0,-16.0,0,0,,0.0,0.0,0.0,0.0,0.0,2015-04-27,0,0.0,0.0,0.0,0.0,0.0
2015,4,11,6,US,1908,N153UW,CLT,ORD,1759,1816.0,17.0,14.0,1830.0,125.0,112.0,89.0,599,1859.0,9.0,1904,1908.0,4.0,0,0,,0.0,0.0,0.0,0.0,0.0,2015-04-11,1,0.0,0.0,0.0,0.0,0.0
2015,4,19,7,DL,2682,N985AT,LGA,BOS,1400,1358.0,-2.0,19.0,1417.0,68.0,59.0,33.0,184,1450.0,7.0,1508,1457.0,-11.0,0,0,,0.0,0.0,0.0,0.0,0.0,2015-04-19,0,0.0,0.0,0.0,0.0,0.0
2015,4,6,1,DL,2191,N925DL,LGA,RSW,1315,1316.0,1.0,20.0,1336.0,202.0,183.0,159.0,1080,1615.0,4.0,1637,1619.0,-18.0,0,0,,0.0,0.0,0.0,0.0,0.0,2015-04-06,0,0.0,0.0,0.0,0.0,0.0
2015,4,29,3,EV,4887,N153PQ,IAH,ATL,1917,1910.0,-7.0,16.0,1926.0,117.0,103.0,81.0,689,2147.0,6.0,2214,2153.0,-21.0,0,0,,0.0,0.0,0.0,0.0,0.0,2015-04-29,0,0.0,0.0,0.0,0.0,0.0
2015,4,25,6,EV,4682,N14168,ATL,EWR,1217,1300.0,43.0,15.0,1315.0,145.0,126.0,102.0,746,1457.0,9.0,1442,1506.0,24.0,0,0,,0.0,0.0,0.0,24.0,0.0,2015-04-25,1,0.0,0.0,0.0,55.81,0.0
2015,5,1,5,AA,2373,N3MGAA,ORD,DFW,2155,2148.0,-7.0,11.0,2159.0,162.0,122.0,106.0,802,2345.0,5.0,37,2350.0,-47.0,0,0,,0.0,0.0,0.0,0.0,0.0,2015-05-01,0,0.0,0.0,0.0,0.0,0.0
2015,4,18,6,WN,1963,N7812G,OMA,LAS,710,710.0,0.0,10.0,720.0,175.0,155.0,139.0,1099,739.0,6.0,805,745.0,-20.0,0,0,,0.0,0.0,0.0,0.0,0.0,2015-04-18,0,0.0,0.0,0.0,0.0,0.0
2015,4,14,2,DL,890,N324NB,GSP,ATL,830,828.0,-2.0,23.0,851.0,65.0,64.0,34.0,153,925.0,7.0,935,932.0,-3.0,0,0,,0.0,0.0,0.0,0.0,0.0,2015-04-14,0,0.0,0.0,0.0,0.0,0.0
2015,4,13,1,WN,4279,N8620H,CLE,BNA,620,616.0,-4.0,7.0,623.0,100.0,83.0,69.0,448,632.0,7.0,700,639.0,-21.0,0,0,,0.0,0.0,0.0,0.0,0.0,2015-04-13,0,0.0,0.0,0.0,0.0,0.0
2015,4,19,7,US,2059,N760US,ORD,CLT,1035,1030.0,-5.0,14.0,1044.0,120.0,117.0,91.0,599,1315.0,12.0,1335,1327.0,-8.0,0,0,,0.0,0.0,0.0,0.0,0.0,2015-04-19,0,0.0,0.0,0.0,0.0,0.0
2015,4,21,2,OO,6411,N946SW,ATW,ORD,606,559.0,-7.0,13.0,612.0,59.0,58.0,35.0,160,647.0,10.0,705,657.0,-8.0,0,0,,0.0,0.0,0.0,0.0,0.0,2015-04-21,0,0.0,0.0,0.0,0.0,0.0
2015,4,14,2,AS,798,N462AS,SAN,BOS,845,839.0,-6.0,12.0,851.0,343.0,318.0,301.0,2588,1652.0,5.0,1728,1657.0,-31.0,0,0,,0.0,0.0,0.0,0.0,0.0,2015-04-14,0,0.0,0.0,0.0,0.0,0.0
2015,3,26,4,DL,1339,N963DL,ATL,CHA,2000,1956.0,-4.0,15.0,2011.0,49.0,41.0,22.0,106,2033.0,4.0,2049,2037.0,-12.0,0,0,,0.0,0.0,0.0,0.0,0.0,2015-03-26,0,0.0,0.0,0.0,0.0,0.0
2015,3,31,2,DL,1731,N978DL,DCA,DTW,950,957.0,7.0,11.0,1008.0,94.0,99.0,80.0,405,1128.0,8.0,1124,1136.0,12.0,0,0,,0.0,0.0,0.0,0.0,0.0,2015-03-31,0,0.0,0.0,0.0,0.0,0.0
2015,4,3,5,WN,2520,N8321D,MDW,IAD,1200,1155.0,-5.0,13.0,1208.0,100.0,88.0,71.0,577,1419.0,4.0,1440,1423.0,-17.0,0,0,,0.0,0.0,0.0,0.0,0.0,2015-04-03,0,0.0,0.0,0.0,0.0,0.0
2015,4,24,5,WN,264,N7733B,SMF,PDX,1010,1024.0,14.0,7.0,1031.0,90.0,83.0,72.0,479,1143.0,4.0,1140,1147.0,7.0,0,0,,0.0,0.0,0.0,0.0,0.0,2015-04-24,0,0.0,0.0,0.0,0.0,0.0
2015,3,28,6,WN,348,N728SW,DCA,ATL,1130,1126.0,-4.0,12.0,1138.0,115.0,100.0,80.0,547,1258.0,8.0,1325,1306.0,-19.0,0,0,,0.0,0.0,0.0,0.0,0.0,2015-03-28,0,0.0,0.0,0.0,0.0,0.0
2015,4,11,6,OO,2752,N899SK,PHX,FAT,1955,1950.0,-5.0,11.0,2001.0,101.0,89.0,72.0,493,2113.0,6.0,2136,2119.0,-17.0,0,0,,0.0,0.0,0.0,0.0,0.0,2015-04-11,0,0.0,0.0,0.0,0.0,0.0
2015,3,31,2,AA,1101,N202AA,DFW,MFE,1840,1836.0,-4.0,16.0,1852.0,103.0,89.0,69.0,469,2001.0,4.0,2023,2005.0,-18.0,0,0,,0.0,0.0,0.0,0.0,0.0,2015-03-31,0,0.0,0.0,0.0,0.0,0.0
2015,5,3,7,B6,687,N653JB,BOS,LAX,2030,2029.0,-1.0,14.0,2043.0,381.0,365.0,343.0,2611,2326.0,8.0,2351,2334.0,-17.0,0,0,,0.0,0.0,0.0,0.0,0.0,2015-05-03,0,0.0,0.0,0.0,0.0,0.0
2015,4,14,2,US,437,N180US,SLC,PHX,1340,1337.0,-3.0,27.0,1404.0,94.0,108.0,76.0,507,1420.0,5.0,1414,1425.0,11.0,0,0,,0.0,0.0,0.0,0.0,0.0,2015-04-14,0,0.0,0.0,0.0,0.0,0.0
2015,4,2,4,AA,352,N3CMAA,ORD,LGA,1715,1714.0,-1.0,12.0,1726.0,144.0,115.0,98.0,733,2004.0,5.0,2039,2009.0,-30.0,0,0,,0.0,0.0,0.0,0.0,0.0,2015-04-02,0,0.0,0.0,0.0,0.0,0.0
2015,4,19,7,US,2064,N180US,CLT,LGA,1135,1138.0,3.0,36.0,1214.0,110.0,121.0,78.0,544,1332.0,7.0,1325,1339.0,14.0,0,0,,0.0,0.0,0.0,0.0,0.0,2015-04-19,0,0.0,0.0,0.0,0.0,0.0
2015,4,18,6,AA,1621,N3GCAA,MIA,MSP,2015,2008.0,-7.0,17.0,2025.0,232.0,226.0,202.0,1501,2247.0,7.0,2307,2254.0,-13.0,0,0,,0.0,0.0,0.0,0.0,0.0,2015-04-18,0,0.0,0.0,0.0,0.0,0.0
2015,4,9,4,WN,3033,N247WN,CAK,DEN,530,528.0,-2.0,9.0,537.0,205.0,196.0,178.0,1224,635.0,9.0,655,644.0,-11.0,0,0,,0.0,0.0,0.0,0.0,0.0,2015-04-09,0,0.0,0.0,0.0,0.0,0.0
2015,3,31,2,OO,2879,N465SW,LAX,SJC,955,959.0,4.0,32.0,1031.0,76.0,88.0,52.0,308,1123.0,4.0,1111,1127.0,16.0,0,0,,12.0,0.0,0.0,4.0,0.0,2015-03-31,0,300.0,0.0,0.0,100.0,0.0
2015,5,3,7,WN,4785,N774SW,IND,BWI,1810,1804.0,-6.0,11.0,1815.0,100.0,102.0,87.0,516,1942.0,4.0,1950,1946.0,-4.0,0,0,,0.0,0.0,0.0,0.0,0.0,2015-05-03,0,0.0,0.0,0.0,0.0,0.0
2015,4,11,6,OO,5435,N930SW,PSC,SFO,600,554.0,-6.0,8.0,602.0,119.0,101.0,89.0,620,731.0,4.0,759,735.0,-24.0,0,0,,0.0,0.0,0.0,0.0,0.0,2015-04-11,0,0.0,0.0,0.0,0.0,0.0
2015,4,10,5,WN,4913,N281WN,ATL,LAX,2015,2126.0,71.0,25.0,2151.0,300.0,303.0,273.0,1947,2324.0,5.0,2215,2329.0,74.0,0,0,,3.0,0.0,0.0,19.0,52.0,2015-04-10,1,4.23,0.0,0.0,26.76,73.24
2015,3,30,1,EV,5229,N853AS,XNA,ATL,1237,1311.0,34.0,16.0,1327.0,98.0,96.0,75.0,589,1542.0,5.0,1515,1547.0,32.0,0,0,,0.0,0.0,0.0,32.0,0.0,2015-03-30,1,0.0,0.0,0.0,94.12,0.0
2015,4,3,5,WN,4559,N776WN,MKE,DCA,1410,1423.0,13.0,10.0,1433.0,110.0,90.0,77.0,634,1650.0,3.0,1700,1653.0,-7.0,0,0,,0.0,0.0,0.0,0.0,0.0,2015-04-03,0,0.0,0.0,0.0,0.0,0.0
2015,4,17,5,DL,1757,N665DN,ATL,SNA,955,1012.0,17.0,27.0,1039.0,301.0,290.0,259.0,1919,1158.0,4.0,1156,1202.0,6.0,0,0,,0.0,0.0,0.0,0.0,0.0,2015-04-17,1,0.0,0.0,0.0,0.0,0.0
2015,4,1,3,DL,1579,N968DL,DTW,MIA,1215,1211.0,-4.0,24.0,1235.0,180.0,178.0,150.0,1145,1505.0,4.0,1515,1509.0,-6.0,0,0,,0.0,0.0,0.0,0.0,0.0,2015-04-01,0,0.0,0.0,0.0,0.0,0.0
2015,3,29,7,US,1923,N832AW,CLT,DTW,1120,1126.0,6.0,17.0,1143.0,106.0,112.0,81.0,500,1304.0,14.0,1306,1318.0,12.0,0,0,,0.0,0.0,0.0,0.0,0.0,2015-03-29,0,0.0,0.0,0.0,0.0,0.0
2015,5,4,1,WN,42,N511SW,HOU,DAL,1630,1637.0,7.0,14.0,1651.0,60.0,63.0,42.0,239,1733.0,7.0,1730,1740.0,10.0,0,0,,0.0,0.0,0.0,0.0,0.0,2015-05-04,0,0.0,0.0,0.0,0.0,0.0
2015,5,3,7,UA,1599,N33209,TPA,EWR,1943,1944.0,1.0,9.0,1953.0,174.0,158.0,138.0,997,2211.0,11.0,2237,2222.0,-15.0,0,0,,0.0,0.0,0.0,0.0,0.0,2015-05-03,0,0.0,0.0,0.0,0.0,0.0
2015,3,27,5,DL,1530,N523US,MSP,LAS,700,702.0,2.0,31.0,733.0,203.0,191.0,155.0,1299,808.0,5.0,823,813.0,-10.0,0,0,,0.0,0.0,0.0,0.0,0.0,2015-03-27,0,0.0,0.0,0.0,0.0,0.0
2015,3,26,4,DL,891,N386DA,MIA,ATL,630,628.0,-2.0,22.0,650.0,118.0,113.0,82.0,594,812.0,9.0,828,821.0,-7.0,0,0,,0.0,0.0,0.0,0.0,0.0,2015-03-26,0,0.0,0.0,0.0,0.0,0.0
2015,4,11,6,EV,2548,N667GB,DFW,ACT,1217,1216.0,-1.0,21.0,1237.0,49.0,43.0,20.0,89,1257.0,2.0,1306,1259.0,-7.0,0,0,,0.0,0.0,0.0,0.0,0.0,2015-04-11,0,0.0,0.0,0.0,0.0,0.0
2015,4,21,2,US,469,N585UW,CLT,ATL,750,745.0,-5.0,19.0,804.0,79.0,73.0,45.0,226,849.0,9.0,909,858.0,-11.0,0,0,,0.0,0.0,0.0,0.0,0.0,2015-04-21,0,0.0,0.0,0.0,0.0,0.0
2015,4,28,2,DL,2289,N3753,RDU,DTW,1900,1855.0,-5.0,11.0,1906.0,113.0,93.0,75.0,501,2021.0,7.0,2053,2028.0,-25.0,0,0,,0.0,0.0,0.0,0.0,0.0,2015-04-28,0,0.0,0.0,0.0,0.0,0.0
2015,5,2,6,WN,2761,N951WN,BWI,MHT,1245,1250.0,5.0,10.0,1300.0,80.0,75.0,61.0,377,1401.0,4.0,1405,1405.0,0.0,0,0,,0.0,0.0,0.0,0.0,0.0,2015-05-02,0,0.0,0.0,0.0,0.0,0.0
2015,3,27,5,UA,1083,N87527,LAX,SFO,1308,1303.0,-5.0,22.0,1325.0,87.0,86.0,58.0,337,1423.0,6.0,1435,1429.0,-6.0,0,0,,0.0,0.0,0.0,0.0,0.0,2015-03-27,0,0.0,0.0,0.0,0.0,0.0
2015,3,27,5,B6,1226,N318JB,BWI,BOS,819,813.0,-6.0,10.0,823.0,81.0,71.0,52.0,369,915.0,9.0,940,924.0,-16.0,0,0,,0.0,0.0,0.0,0.0,0.0,2015-03-27,0,0.0,0.0,0.0,0.0,0.0
2015,3,26,4,UA,1670,N57870,IAH,SFO,1542,1545.0,3.0,24.0,1609.0,255.0,238.0,210.0,1635,1739.0,4.0,1757,1743.0,-14.0,0,0,,0.0,0.0,0.0,0.0,0.0,2015-03-26,0,0.0,0.0,0.0,0.0,0.0
2015,3,27,5,DL,1220,N377NW,DTW,DCA,2005,2015.0,10.0,12.0,2027.0,89.0,78.0,63.0,405,2130.0,3.0,2134,2133.0,-1.0,0,0,,0.0,0.0,0.0,0.0,0.0,2015-03-27,0,0.0,0.0,0.0,0.0,0.0
2015,4,14,2,EV,4187,N11547,EWR,ORF,820,817.0,-3.0,29.0,846.0,103.0,83.0,51.0,284,937.0,3.0,1003,940.0,-23.0,0,0,,0.0,0.0,0.0,0.0,0.0,2015-04-14,0,0.0,0.0,0.0,0.0,0.0
2015,4,20,1,AS,8,N453AS,SEA,EWR,805,805.0,0.0,18.0,823.0,320.0,314.0,291.0,2402,1614.0,5.0,1625,1619.0,-6.0,0,0,,0.0,0.0,0.0,0.0,0.0,2015-04-20,0,0.0,0.0,0.0,0.0,0.0
2015,4,8,3,NK,268,N528NK,FLL,ACY,2049,2042.0,-7.0,11.0,2053.0,145.0,142.0,128.0,977,2301.0,3.0,2314,2304.0,-10.0,0,0,,0.0,0.0,0.0,0.0,0.0,2015-04-08,0,0.0,0.0,0.0,0.0,0.0
2015,3,26,4,B6,486,N192JB,JFK,ROC,2236,18.0,102.0,25.0,43.0,82.0,81.0,53.0,264,136.0,3.0,2358,139.0,101.0,0,0,,0.0,0.0,0.0,91.0,10.0,2015-03-26,1,0.0,0.0,0.0,89.22,9.8
2015,4,9,4,DL,1821,N3738B,DTW,PHX,1211,1246.0,35.0,23.0,1309.0,258.0,264.0,238.0,1671,1407.0,3.0,1329,1410.0,41.0,0,0,,6.0,0.0,0.0,3.0,32.0,2015-04-09,1,17.14,0.0,0.0,8.57,91.43
2015,4,24,5,OO,5483,N915SW,DEN,SLC,1845,1856.0,11.0,17.0,1913.0,85.0,90.0,65.0,391,2018.0,8.0,2010,2026.0,16.0,0,0,,5.0,0.0,6.0,5.0,0.0,2015-04-24,0,45.45,0.0,54.55,45.45,0.0
2015,3,29,7,US,2059,N817AW,ORD,CLT,1035,1033.0,-2.0,16.0,1049.0,120.0,109.0,75.0,599,1304.0,18.0,1335,1322.0,-13.0,0,0,,0.0,0.0,0.0,0.0,0.0,2015-03-29,0,0.0,0.0,0.0,0.0,0.0
2015,3,29,7,WN,2331,N931WN,DAL,DCA,635,631.0,-4.0,11.0,642.0,170.0,164.0,148.0,1184,1010.0,5.0,1025,1015.0,-10.0,0,0,,0.0,0.0,0.0,0.0,0.0,2015-03-29,0,0.0,0.0,0.0,0.0,0.0
2015,4,22,3,WN,419,N287WN,SJC,SEA,2120,2116.0,-4.0,9.0,2125.0,125.0,122.0,106.0,697,2311.0,7.0,2325,2318.0,-7.0,0,0,,0.0,0.0,0.0,0.0,0.0,2015-04-22,0,0.0,0.0,0.0,0.0,0.0
2015,4,17,5,US,1726,N724UW,PHL,BOS,1415,1422.0,7.0,28.0,1450.0,77.0,86.0,53.0,280,1543.0,5.0,1532,1548.0,16.0,0,0,,9.0,0.0,1.0,6.0,0.0,2015-04-17,0,128.57,0.0,14.29,85.71,0.0
2015,3,30,1,EV,4137,N16541,ORD,ICT,1609,1604.0,-5.0,14.0,1618.0,119.0,111.0,90.0,588,1748.0,7.0,1808,1755.0,-13.0,0,0,,0.0,0.0,0.0,0.0,0.0,2015-03-30,0,0.0,0.0,0.0,0.0,0.0
2015,4,14,2,B6,1686,N306JB,PIT,BOS,1845,1837.0,-8.0,8.0,1845.0,91.0,85.0,73.0,496,1958.0,4.0,2016,2002.0,-14.0,0,0,,0.0,0.0,0.0,0.0,0.0,2015-04-14,0,0.0,0.0,0.0,0.0,0.0
2015,4,7,2,MQ,3231,N629MQ,DFW,SJT,1020,1015.0,-5.0,16.0,1031.0,68.0,61.0,41.0,229,1112.0,4.0,1128,1116.0,-12.0,0,0,,0.0,0.0,0.0,0.0,0.0,2015-04-07,0,0.0,0.0,0.0,0.0,0.0
2015,4,28,2,AA,387,N3JCAA,LAX,AUS,630,623.0,-7.0,17.0,640.0,181.0,180.0,158.0,1242,1118.0,5.0,1131,1123.0,-8.0,0,0,,0.0,0.0,0.0,0.0,0.0,2015-04-28,0,0.0,0.0,0.0,0.0,0.0
2015,4,11,6,WN,1788,N8635F,PHX,MCI,1750,1811.0,21.0,7.0,1818.0,150.0,131.0,119.0,1044,2217.0,5.0,2220,2222.0,2.0,0,0,,0.0,0.0,0.0,0.0,0.0,2015-04-11,1,0.0,0.0,0.0,0.0,0.0
2015,4,7,2,OO,6297,N107SY,ORD,MSP,1440,1446.0,6.0,31.0,1517.0,94.0,109.0,69.0,334,1626.0,9.0,1614,1635.0,21.0,0,0,,15.0,0.0,6.0,0.0,0.0,2015-04-07,0,250.0,0.0,100.0,0.0,0.0
2015,4,16,4,AA,330,N3GFAA,DEN,DFW,500,459.0,-1.0,20.0,519.0,119.0,120.0,93.0,641,752.0,7.0,759,759.0,0.0,0,0,,0.0,0.0,0.0,0.0,0.0,2015-04-16,0,0.0,0.0,0.0,0.0,0.0
2015,4,24,5,UA,677,N497UA,RNO,DEN,1325,1323.0,-2.0,12.0,1335.0,132.0,135.0,117.0,804,1632.0,6.0,1637,1638.0,1.0,0,0,,0.0,0.0,0.0,0.0,0.0,2015-04-24,0,0.0,0.0,0.0,0.0,0.0
2015,3,28,6,OO,4638,N689CA,SLC,OKC,2005,1956.0,-9.0,26.0,2022.0,135.0,132.0,101.0,866,2303.0,5.0,2320,2308.0,-12.0,0,0,,0.0,0.0,0.0,0.0,0.0,2015-03-28,0,0.0,0.0,0.0,0.0,0.0
2015,4,21,2,US,879,N169UW,MSP,CLT,650,647.0,-3.0,11.0,658.0,153.0,143.0,119.0,930,957.0,13.0,1023,1010.0,-13.0,0,0,,0.0,0.0,0.0,0.0,0.0,2015-04-21,0,0.0,0.0,0.0,0.0,0.0
2015,4,14,2,HA,248,N477HA,HNL,KOA,1746,1744.0,-2.0,10.0,1754.0,43.0,42.0,28.0,163,1822.0,4.0,1829,1826.0,-3.0,0,0,,0.0,0.0,0.0,0.0,0.0,2015-04-14,0,0.0,0.0,0.0,0.0,0.0
2015,4,20,1,EV,4970,N761ND,IND,MSP,1115,1108.0,-7.0,32.0,1140.0,107.0,114.0,79.0,503,1159.0,3.0,1202,1202.0,0.0,0,0,,0.0,0.0,0.0,0.0,0.0,2015-04-20,0,0.0,0.0,0.0,0.0,0.0
2015,4,12,7,WN,1347,N665WN,GEG,BOI,1710,1712.0,2.0,8.0,1720.0,60.0,55.0,43.0,287,1903.0,4.0,1910,1907.0,-3.0,0,0,,0.0,0.0,0.0,0.0,0.0,2015-04-12,0,0.0,0.0,0.0,0.0,0.0
2015,4,17,5,EV,5099,N924EV,CSG,ATL,1220,1240.0,20.0,6.0,1246.0,45.0,33.0,21.0,83,1307.0,6.0,1305,1313.0,8.0,0,0,,0.0,0.0,0.0,0.0,0.0,2015-04-17,1,0.0,0.0,0.0,0.0,0.0
2015,4,5,7,UA,1608,N66828,FLL,EWR,1002,950.0,-12.0,11.0,1001.0,184.0,170.0,152.0,1065,1233.0,7.0,1306,1240.0,-26.0,0,0,,0.0,0.0,0.0,0.0,0.0,2015-04-05,0,0.0,0.0,0.0,0.0,0.0
2015,4,19,7,US,1991,N948UW,PHL,ORD,935,935.0,0.0,18.0,953.0,143.0,141.0,111.0,678,1044.0,12.0,1058,1056.0,-2.0,0,0,,0.0,0.0,0.0,0.0,0.0,2015-04-19,0,0.0,0.0,0.0,0.0,0.0
2015,4,25,6,WN,2685,N663SW,LAX,SFO,1510,1621.0,71.0,13.0,1634.0,75.0,78.0,62.0,337,1736.0,3.0,1625,1739.0,74.0,0,0,,3.0,0.0,0.0,71.0,0.0,2015-04-25,1,4.23,0.0,0.0,100.0,0.0
2015,4,2,4,US,1781,N109UW,CLT,MSY,1845,1906.0,21.0,12.0,1918.0,118.0,105.0,91.0,651,1949.0,2.0,1943,1951.0,8.0,0,0,,0.0,0.0,0.0,0.0,0.0,2015-04-02,1,0.0,0.0,0.0,0.0,0.0
2015,4,26,7,OO,5198,N760SK,MFE,IAH,525,516.0,-9.0,20.0,536.0,73.0,78.0,50.0,316,626.0,8.0,638,634.0,-4.0,0,0,,0.0,0.0,0.0,0.0,0.0,2015-04-26,0,0.0,0.0,0.0,0.0,0.0
2015,4,23,4,DL,2458,N936DL,ICT,ATL,600,553.0,-7.0,13.0,606.0,125.0,111.0,92.0,782,838.0,6.0,905,844.0,-21.0,0,0,,0.0,0.0,0.0,0.0,0.0,2015-04-23,0,0.0,0.0,0.0,0.0,0.0
2015,3,27,5,OO,2788,N886AS,SBP,PHX,1610,1557.0,-13.0,14.0,1611.0,100.0,102.0,80.0,509,1731.0,8.0,1750,1739.0,-11.0,0,0,,0.0,0.0,0.0,0.0,0.0,2015-03-27,0,0.0,0.0,0.0,0.0,0.0
2015,4,4,6,WN,1799,N292WN,RDU,BNA,1425,1421.0,-4.0,6.0,1427.0,95.0,89.0,79.0,442,1446.0,4.0,1500,1450.0,-10.0,0,0,,0.0,0.0,0.0,0.0,0.0,2015-04-04,0,0.0,0.0,0.0,0.0,0.0
2015,5,2,6,F9,705,N919FR,MSY,DEN,1930,2028.0,58.0,7.0,2035.0,167.0,158.0,142.0,1062,2157.0,9.0,2117,2206.0,49.0,0,0,,16.0,0.0,0.0,33.0,0.0,2015-05-02,1,27.59,0.0,0.0,56.9,0.0
2015,5,2,6,WN,2832,N264LV,CLE,MDW,1040,1049.0,9.0,7.0,1056.0,70.0,60.0,48.0,307,1044.0,5.0,1050,1049.0,-1.0,0,0,,0.0,0.0,0.0,0.0,0.0,2015-05-02,0,0.0,0.0,0.0,0.0,0.0
2015,4,22,3,EV,4208,N29906,SHV,IAH,535,520.0,-15.0,10.0,530.0,63.0,53.0,36.0,192,606.0,7.0,638,613.0,-25.0,0,0,,0.0,0.0,0.0,0.0,0.0,2015-04-22,0,0.0,0.0,0.0,0.0,0.0
2015,3,28,6,DL,1502,N393DA,TPA,CVG,1300,1648.0,228.0,13.0,1701.0,130.0,119.0,103.0,773,1844.0,3.0,1510,1847.0,217.0,0,0,,0.0,0.0,7.0,210.0,0.0,2015-03-28,1,0.0,0.0,3.07,92.11,0.0
2015,4,18,6,EV,5024,N933EV,AGS,ATL,1510,1518.0,8.0,11.0,1529.0,58.0,52.0,37.0,143,1606.0,4.0,1608,1610.0,2.0,0,0,,0.0,0.0,0.0,0.0,0.0,2015-04-18,0,0.0,0.0,0.0,0.0,0.0
2015,4,27,1,UA,1690,N37409,MCO,IAH,1703,1721.0,18.0,20.0,1741.0,150.0,170.0,142.0,854,1903.0,8.0,1833,1911.0,38.0,0,0,,20.0,0.0,14.0,4.0,0.0,2015-04-27,1,111.11,0.0,77.78,22.22,0.0
2015,4,6,1,MQ,3550,N843MQ,LGA,ORF,955,949.0,-6.0,24.0,1013.0,92.0,78.0,50.0,296,1103.0,4.0,1127,1107.0,-20.0,0,0,,0.0,0.0,0.0,0.0,0.0,2015-04-06,0,0.0,0.0,0.0,0.0,0.0
2015,3,29,7,EV,4685,N14573,BRO,IAH,520,516.0,-4.0,14.0,530.0,76.0,71.0,48.0,308,618.0,9.0,636,627.0,-9.0,0,0,,0.0,0.0,0.0,0.0,0.0,2015-03-29,0,0.0,0.0,0.0,0.0,0.0
2015,4,16,4,WN,154,N607SW,DAL,BNA,1430,1512.0,42.0,7.0,1519.0,100.0,91.0,80.0,623,1639.0,4.0,1610,1643.0,33.0,0,0,,0.0,0.0,9.0,24.0,0.0,2015-04-16,1,0.0,0.0,21.43,57.14,0.0
2015,3,31,2,WN,623,N7739A,LAS,LIT,915,913.0,-2.0,14.0,927.0,175.0,168.0,150.0,1294,1357.0,4.0,1410,1401.0,-9.0,0,0,,0.0,0.0,0.0,0.0,0.0,2015-03-31,0,0.0,0.0,0.0,0.0,0.0
2015,4,23,4,EV,6052,N16571,LEX,ORD,1427,1415.0,-12.0,9.0,1424.0,89.0,84.0,67.0,323,1431.0,8.0,1456,1439.0,-17.0,0,0,,0.0,0.0,0.0,0.0,0.0,2015-04-23,0,0.0,0.0,0.0,0.0,0.0
2015,4,13,1,US,1949,N751UW,PHX,GEG,2010,2008.0,-2.0,25.0,2033.0,163.0,161.0,132.0,1020,2245.0,4.0,2253,2249.0,-4.0,0,0,,0.0,0.0,0.0,0.0,0.0,2015-04-13,0,0.0,0.0,0.0,0.0,0.0
2015,4,8,3,B6,97,N593JB,JFK,DEN,2021,2026.0,5.0,35.0,2101.0,284.0,289.0,244.0,1626,2305.0,10.0,2305,2315.0,10.0,0,0,,0.0,0.0,0.0,0.0,0.0,2015-04-08,0,0.0,0.0,0.0,0.0,0.0
2015,3,30,1,AA,2364,N4YDAA,DFW,TPA,1505,1505.0,0.0,9.0,1514.0,145.0,123.0,111.0,929,1805.0,3.0,1830,1808.0,-22.0,0,0,,0.0,0.0,0.0,0.0,0.0,2015-03-30,0,0.0,0.0,0.0,0.0,0.0
2015,4,23,4,MQ,3328,N517MQ,CID,DFW,1029,1029.0,0.0,9.0,1038.0,131.0,128.0,97.0,685,1215.0,22.0,1240,1237.0,-3.0,0,0,,0.0,0.0,0.0,0.0,0.0,2015-04-23,0,0.0,0.0,0.0,0.0,0.0
2015,4,18,6,WN,1686,N522SW,AUS,DAL,915,910.0,-5.0,9.0,919.0,55.0,50.0,37.0,189,956.0,4.0,1010,1000.0,-10.0,0,0,,0.0,0.0,0.0,0.0,0.0,2015-04-18,0,0.0,0.0,0.0,0.0,0.0
2015,4,7,2,WN,142,N487WN,RSW,CMH,1135,1134.0,-1.0,11.0,1145.0,150.0,141.0,122.0,930,1347.0,8.0,1405,1355.0,-10.0,0,0,,0.0,0.0,0.0,0.0,0.0,2015-04-07,0,0.0,0.0,0.0,0.0,0.0
2015,5,3,7,AS,64,N762AS,PSG,WRG,1530,1522.0,-8.0,10.0,1532.0,23.0,23.0,10.0,31,1542.0,3.0,1553,1545.0,-8.0,0,0,,0.0,0.0,0.0,0.0,0.0,2015-05-03,0,0.0,0.0,0.0,0.0,0.0
2015,3,31,2,EV,4691,N12136,EWR,DAY,820,815.0,-5.0,27.0,842.0,120.0,120.0,88.0,533,1010.0,5.0,1020,1015.0,-5.0,0,0,,0.0,0.0,0.0,0.0,0.0,2015-03-31,0,0.0,0.0,0.0,0.0,0.0
2015,4,19,7,AS,16,N462AS,SEA,MCO,800,756.0,-4.0,15.0,811.0,328.0,333.0,314.0,2554,1625.0,4.0,1628,1629.0,1.0,0,0,,0.0,0.0,0.0,0.0,0.0,2015-04-19,0,0.0,0.0,0.0,0.0,0.0
2015,4,13,1,DL,1246,N963AT,GSO,ATL,1815,1811.0,-4.0,14.0,1825.0,96.0,80.0,57.0,306,1922.0,9.0,1951,1931.0,-20.0,0,0,,0.0,0.0,0.0,0.0,0.0,2015-04-13,0,0.0,0.0,0.0,0.0,0.0
2015,5,1,5,UA,737,N445UA,AUS,DEN,820,821.0,1.0,13.0,834.0,134.0,120.0,102.0,775,916.0,5.0,934,921.0,-13.0,0,0,,0.0,0.0,0.0,0.0,0.0,2015-05-01,0,0.0,0.0,0.0,0.0,0.0
2015,4,23,4,MQ,2923,N853MQ,ORD,BMI,2020,2012.0,-8.0,25.0,2037.0,60.0,53.0,23.0,116,2100.0,5.0,2120,2105.0,-15.0,0,0,,0.0,0.0,0.0,0.0,0.0,2015-04-23,0,0.0,0.0,0.0,0.0,0.0
2015,3,30,1,OO,4525,N616QX,SJC,SEA,1230,1222.0,-8.0,16.0,1238.0,127.0,124.0,100.0,697,1418.0,8.0,1437,1426.0,-11.0,0,0,,0.0,0.0,0.0,0.0,0.0,2015-03-30,0,0.0,0.0,0.0,0.0,0.0
2015,5,4,1,B6,1099,N640JB,LGA,MCO,630,622.0,-8.0,14.0,636.0,155.0,146.0,127.0,950,843.0,5.0,905,848.0,-17.0,0,0,,0.0,0.0,0.0,0.0,0.0,2015-05-04,0,0.0,0.0,0.0,0.0,0.0
2015,4,5,7,DL,971,N371DA,SLC,MCO,2354,2350.0,-4.0,23.0,13.0,246.0,248.0,221.0,1931,554.0,4.0,600,558.0,-2.0,0,0,,0.0,0.0,0.0,0.0,0.0,2015-04-05,0,0.0,0.0,0.0,0.0,0.0
2015,4,15,3,UA,1061,N69806,SMF,ORD,630,623.0,-7.0,11.0,634.0,245.0,249.0,219.0,1781,1213.0,19.0,1235,1232.0,-3.0,0,0,,0.0,0.0,0.0,0.0,0.0,2015-04-15,0,0.0,0.0,0.0,0.0,0.0
2015,4,27,1,DL,1585,N940DL,LGA,MCO,1754,1753.0,-1.0,60.0,1853.0,183.0,209.0,141.0,950,2114.0,8.0,2057,2122.0,25.0,0,0,,25.0,0.0,0.0,0.0,0.0,2015-04-27,0,-2500.0,-0.0,-0.0,-0.0,-0.0
2015,4,23,4,DL,2442,N950DN,DEN,ATL,1440,1438.0,-2.0,14.0,1452.0,177.0,156.0,132.0,1199,1904.0,10.0,1937,1914.0,-23.0,0,0,,0.0,0.0,0.0,0.0,0.0,2015-04-23,0,0.0,0.0,0.0,0.0,0.0
2015,5,1,5,AA,1317,N3DUAA,ORD,MIA,725,720.0,-5.0,14.0,734.0,192.0,182.0,156.0,1197,1110.0,12.0,1137,1122.0,-15.0,0,0,,0.0,0.0,0.0,0.0,0.0,2015-05-01,0,0.0,0.0,0.0,0.0,0.0
2015,4,16,4,EV,5165,N228PQ,GRK,ATL,1227,1218.0,-9.0,13.0,1231.0,127.0,126.0,100.0,803,1511.0,13.0,1534,1524.0,-10.0,0,0,,0.0,0.0,0.0,0.0,0.0,2015-04-16,0,0.0,0.0,0.0,0.0,0.0
2015,4,10,5,OO,4799,N803SK,BOI,MSP,1425,1419.0,-6.0,10.0,1429.0,161.0,163.0,141.0,1142,1750.0,12.0,1806,1802.0,-4.0,0,0,,0.0,0.0,0.0,0.0,0.0,2015-04-10,0,0.0,0.0,0.0,0.0,0.0
2015,3,31,2,EV,5217,N686BR,CAE,LGA,700,651.0,-9.0,14.0,705.0,126.0,109.0,89.0,617,834.0,6.0,906,840.0,-26.0,0,0,,0.0,0.0,0.0,0.0,0.0,2015-03-31,0,0.0,0.0,0.0,0.0,0.0
2015,4,17,5,OO,4522,N910EV,FCA,SLC,1230,1220.0,-10.0,16.0,1236.0,101.0,100.0,77.0,531,1353.0,7.0,1411,1400.0,-11.0,0,0,,0.0,0.0,0.0,0.0,0.0,2015-04-17,0,0.0,0.0,0.0,0.0,0.0
2015,3,31,2,DL,2078,N353NW,SLC,SAN,1500,1502.0,2.0,11.0,1513.0,108.0,105.0,92.0,626,1545.0,2.0,1548,1547.0,-1.0,0,0,,0.0,0.0,0.0,0.0,0.0,2015-03-31,0,0.0,0.0,0.0,0.0,0.0
2015,3,31,2,WN,4812,N402WN,DEN,LAX,1150,1153.0,3.0,17.0,1210.0,150.0,143.0,117.0,862,1307.0,9.0,1320,1316.0,-4.0,0,0,,0.0,0.0,0.0,0.0,0.0,2015-03-31,0,0.0,0.0,0.0,0.0,0.0
2015,4,13,1,UA,1453,N17233,LAX,IAH,1050,1053.0,3.0,15.0,1108.0,196.0,192.0,171.0,1379,1559.0,6.0,1606,1605.0,-1.0,0,0,,0.0,0.0,0.0,0.0,0.0,2015-04-13,0,0.0,0.0,0.0,0.0,0.0
2015,3,30,1,EV,4983,N919EV,DTW,CHA,845,904.0,19.0,23.0,927.0,111.0,118.0,66.0,505,1033.0,29.0,1036,1102.0,26.0,0,0,,7.0,0.0,19.0,0.0,0.0,2015-03-30,1,36.84,0.0,100.0,0.0,0.0
2015,4,24,5,DL,2622,N972AT,ATL,TRI,1901,1859.0,-2.0,10.0,1909.0,64.0,50.0,37.0,227,1946.0,3.0,2005,1949.0,-16.0,0,0,,0.0,0.0,0.0,0.0,0.0,2015-04-24,0,0.0,0.0,0.0,0.0,0.0
2015,4,13,1,WN,535,N7725A,MDW,PVD,825,853.0,28.0,15.0,908.0,130.0,125.0,105.0,842,1153.0,5.0,1135,1158.0,23.0,0,0,,0.0,0.0,2.0,21.0,0.0,2015-04-13,1,0.0,0.0,7.14,75.0,0.0
2015,4,26,7,AA,1529,N434AA,ORD,RDU,1825,1825.0,0.0,15.0,1840.0,124.0,102.0,83.0,646,2103.0,4.0,2129,2107.0,-22.0,0,0,,0.0,0.0,0.0,0.0,0.0,2015-04-26,0,0.0,0.0,0.0,0.0,0.0
2015,4,24,5,OO,6449,N824AS,BHM,ORD,1636,1642.0,6.0,14.0,1656.0,131.0,127.0,103.0,584,1839.0,10.0,1847,1849.0,2.0,0,0,,0.0,0.0,0.0,0.0,0.0,2015-04-24,0,0.0,0.0,0.0,0.0,0.0
2015,4,1,3,EV,3931,N12135,ORD,ICT,845,843.0,-2.0,16.0,859.0,119.0,103.0,83.0,588,1022.0,4.0,1044,1026.0,-18.0,0,0,,0.0,0.0,0.0,0.0,0.0,2015-04-01,0,0.0,0.0,0.0,0.0,0.0
2015,4,11,6,UA,568,N470UA,RSW,EWR,1002,1001.0,-1.0,12.0,1013.0,178.0,161.0,145.0,1068,1238.0,4.0,1300,1242.0,-18.0,0,0,,0.0,0.0,0.0,0.0,0.0,2015-04-11,0,0.0,0.0,0.0,0.0,0.0
2015,3,30,1,OO,5445,N568SW,SFO,SBP,850,845.0,-5.0,14.0,859.0,67.0,65.0,47.0,190,946.0,4.0,957,950.0,-7.0,0,0,,0.0,0.0,0.0,0.0,0.0,2015-03-30,0,0.0,0.0,0.0,0.0,0.0
2015,4,10,5,WN,3139,N715SW,HOU,ATL,745,745.0,0.0,8.0,753.0,120.0,109.0,100.0,696,1033.0,1.0,1045,1034.0,-11.0,0,0,,0.0,0.0,0.0,0.0,0.0,2015-04-10,0,0.0,0.0,0.0,0.0,0.0
2015,4,8,3,AA,1106,N505AA,DFW,BWI,1340,1337.0,-3.0,10.0,1347.0,187.0,180.0,167.0,1217,1734.0,3.0,1747,1737.0,-10.0,0,0,,0.0,0.0,0.0,0.0,0.0,2015-04-08,0,0.0,0.0,0.0,0.0,0.0
2015,5,4,1,AA,1084,N3FRAA,LGA,MIA,950,951.0,1.0,27.0,1018.0,193.0,189.0,158.0,1096,1256.0,4.0,1303,1300.0,-3.0,0,0,,0.0,0.0,0.0,0.0,0.0,2015-05-04,0,0.0,0.0,0.0,0.0,0.0
2015,4,2,4,EV,4266,N17196,IAH,BHM,1008,1005.0,-3.0,11.0,1016.0,96.0,100.0,86.0,562,1142.0,3.0,1144,1145.0,1.0,0,0,,0.0,0.0,0.0,0.0,0.0,2015-04-02,0,0.0,0.0,0.0,0.0,0.0
2015,4,19,7,WN,2141,N293WN,PHX,DAL,1240,1237.0,-3.0,12.0,1249.0,135.0,129.0,112.0,879,1641.0,5.0,1655,1646.0,-9.0,0,0,,0.0,0.0,0.0,0.0,0.0,2015-04-19,0,0.0,0.0,0.0,0.0,0.0
2015,4,3,5,WN,3403,N8312C,PHX,MDW,1955,2023.0,28.0,12.0,2035.0,190.0,166.0,150.0,1444,105.0,4.0,105,109.0,4.0,0,0,,0.0,0.0,0.0,0.0,0.0,2015-04-03,1,0.0,0.0,0.0,0.0,0.0
2015,3,26,4,DL,1752,N963DL,ATL,SAV,1107,1106.0,-1.0,25.0,1131.0,67.0,66.0,37.0,214,1208.0,4.0,1214,1212.0,-2.0,0,0,,0.0,0.0,0.0,0.0,0.0,2015-03-26,0,0.0,0.0,0.0,0.0,0.0
2015,4,2,4,B6,1445,N284JB,BOS,CLT,1500,1455.0,-5.0,15.0,1510.0,143.0,131.0,106.0,728,1656.0,10.0,1723,1706.0,-17.0,0,0,,0.0,0.0,0.0,0.0,0.0,2015-04-02,0,0.0,0.0,0.0,0.0,0.0
2015,3,31,2,WN,582,N782SA,MDW,OMA,2225,2239.0,14.0,10.0,2249.0,85.0,80.0,65.0,423,2354.0,5.0,2350,2359.0,9.0,0,0,,0.0,0.0,0.0,0.0,0.0,2015-03-31,0,0.0,0.0,0.0,0.0,0.0
2015,4,28,2,DL,2688,N920AT,LGA,BOS,1700,1659.0,-1.0,55.0,1754.0,83.0,103.0,43.0,184,1837.0,5.0,1823,1842.0,19.0,0,0,,19.0,0.0,0.0,0.0,0.0,2015-04-28,0,-1900.0,-0.0,-0.0,-0.0,-0.0
2015,4,2,4,EV,4555,N16525,LCH,IAH,545,538.0,-7.0,20.0,558.0,54.0,53.0,25.0,127,623.0,8.0,639,631.0,-8.0,0,0,,0.0,0.0,0.0,0.0,0.0,2015-04-02,0,0.0,0.0,0.0,0.0,0.0
2015,4,3,5,WN,2589,N8314L,PHX,LAX,2105,2123.0,18.0,8.0,2131.0,85.0,78.0,58.0,370,2229.0,12.0,2230,2241.0,11.0,0,0,,0.0,0.0,0.0,0.0,0.0,2015-04-03,1,0.0,0.0,0.0,0.0,0.0
2015,4,27,1,US,2136,N961UW,LGA,BOS,1000,956.0,-4.0,45.0,1041.0,78.0,85.0,34.0,184,1115.0,6.0,1118,1121.0,3.0,0,0,,0.0,0.0,0.0,0.0,0.0,2015-04-27,0,0.0,0.0,0.0,0.0,0.0
2015,3,30,1,DL,52,N920DN,DTW,MSP,1000,959.0,-1.0,18.0,1017.0,115.0,111.0,88.0,528,1045.0,5.0,1055,1050.0,-5.0,0,0,,0.0,0.0,0.0,0.0,0.0,2015-03-30,0,0.0,0.0,0.0,0.0,0.0
2015,4,19,7,AA,197,N3HWAA,ORD,SFO,1440,1446.0,6.0,11.0,1457.0,282.0,246.0,232.0,1846,1649.0,3.0,1722,1652.0,-30.0,0,0,,0.0,0.0,0.0,0.0,0.0,2015-04-19,0,0.0,0.0,0.0,0.0,0.0
2015,4,14,2,OO,6371,N743SK,SEA,LAX,1130,1128.0,-2.0,21.0,1149.0,161.0,142.0,116.0,954,1345.0,5.0,1411,1350.0,-21.0,0,0,,0.0,0.0,0.0,0.0,0.0,2015-04-14,0,0.0,0.0,0.0,0.0,0.0
2015,3,26,4,WN,805,N969WN,MDW,EWR,1930,2009.0,39.0,6.0,2015.0,115.0,121.0,107.0,711,2302.0,8.0,2225,2310.0,45.0,0,0,,25.0,0.0,0.0,20.0,0.0,2015-03-26,1,64.1,0.0,0.0,51.28,0.0
2015,3,28,6,AS,64,N764AS,ANC,JNU,1140,1131.0,-9.0,11.0,1142.0,96.0,106.0,86.0,571,1308.0,9.0,1316,1317.0,1.0,0,0,,0.0,0.0,0.0,0.0,0.0,2015-03-28,0,0.0,0.0,0.0,0.0,0.0
2015,3,28,6,WN,1355,N495WN,MKE,RSW,1025,1106.0,41.0,12.0,1118.0,175.0,169.0,151.0,1183,1449.0,6.0,1420,1455.0,35.0,0,0,,0.0,0.0,0.0,35.0,0.0,2015-03-28,1,0.0,0.0,0.0,85.37,0.0
2015,4,27,1,MQ,3540,N902MQ,MIA,CMH,920,913.0,-7.0,13.0,926.0,168.0,162.0,145.0,990,1151.0,4.0,1208,1155.0,-13.0,0,0,,0.0,0.0,0.0,0.0,0.0,2015-04-27,0,0.0,0.0,0.0,0.0,0.0
2015,4,29,3,B6,1099,N627JB,LGA,MCO,630,624.0,-6.0,25.0,649.0,167.0,187.0,149.0,950,918.0,13.0,917,931.0,14.0,0,0,,0.0,0.0,0.0,0.0,0.0,2015-04-29,0,0.0,0.0,0.0,0.0,0.0
2015,5,3,7,AA,313,N3EMAA,MIA,DTW,950,947.0,-3.0,17.0,1004.0,196.0,182.0,155.0,1145,1239.0,10.0,1306,1249.0,-17.0,0,0,,0.0,0.0,0.0,0.0,0.0,2015-05-03,0,0.0,0.0,0.0,0.0,0.0
2015,4,23,4,DL,1139,N907DA,DCA,ATL,800,758.0,-2.0,22.0,820.0,118.0,114.0,85.0,547,945.0,7.0,958,952.0,-6.0,0,0,,0.0,0.0,0.0,0.0,0.0,2015-04-23,0,0.0,0.0,0.0,0.0,0.0
2015,4,21,2,DL,623,N357NW,SLC,PDX,902,855.0,-7.0,12.0,907.0,113.0,102.0,87.0,630,934.0,3.0,955,937.0,-18.0,0,0,,0.0,0.0,0.0,0.0,0.0,2015-04-21,0,0.0,0.0,0.0,0.0,0.0
2015,4,12,7,AA,2234,N4UBAA,ORD,MCI,1341,1334.0,-7.0,12.0,1346.0,97.0,81.0,65.0,403,1451.0,4.0,1518,1455.0,-23.0,0,0,,0.0,0.0,0.0,0.0,0.0,2015-04-12,0,0.0,0.0,0.0,0.0,0.0
2015,4,5,7,MQ,3556,N939MQ,ORD,GRR,1815,1831.0,16.0,12.0,1843.0,58.0,39.0,24.0,137,2007.0,3.0,2013,2010.0,-3.0,0,0,,0.0,0.0,0.0,0.0,0.0,2015-04-05,1,0.0,0.0,0.0,0.0,0.0
2015,4,6,1,WN,585,N291WN,MCO,DEN,1900,1855.0,-5.0,10.0,1905.0,255.0,234.0,216.0,1546,2041.0,8.0,2115,2049.0,-26.0,0,0,,0.0,0.0,0.0,0.0,0.0,2015-04-06,0,0.0,0.0,0.0,0.0,0.0
2015,4,5,7,WN,2609,N411WN,HOU,LAX,2150,2201.0,11.0,10.0,2211.0,225.0,213.0,194.0,1390,2325.0,9.0,2335,2334.0,-1.0,0,0,,0.0,0.0,0.0,0.0,0.0,2015-04-05,0,0.0,0.0,0.0,0.0,0.0
2015,5,1,5,F9,1007,N919FR,PHL,MSP,1400,1836.0,276.0,48.0,1924.0,170.0,198.0,143.0,980,2047.0,7.0,1550,2054.0,304.0,0,0,,34.0,0.0,0.0,270.0,0.0,2015-05-01,1,12.32,0.0,0.0,97.83,0.0
2015,4,30,4,US,736,N740UW,SJU,PHL,1617,1611.0,-6.0,15.0,1626.0,237.0,233.0,209.0,1576,1955.0,9.0,2014,2004.0,-10.0,0,0,,0.0,0.0,0.0,0.0,0.0,2015-04-30,0,0.0,0.0,0.0,0.0,0.0
2015,5,3,7,OO,4499,N679CA,SLC,ABQ,1512,1510.0,-2.0,17.0,1527.0,102.0,96.0,73.0,493,1640.0,6.0,1654,1646.0,-8.0,0,0,,0.0,0.0,0.0,0.0,0.0,2015-05-03,0,0.0,0.0,0.0,0.0,0.0
2015,4,7,2,AA,1433,N4YNAA,SAT,DFW,650,650.0,0.0,14.0,704.0,70.0,74.0,51.0,247,755.0,9.0,800,804.0,4.0,0,0,,0.0,0.0,0.0,0.0,0.0,2015-04-07,0,0.0,0.0,0.0,0.0,0.0
2015,4,4,6,MQ,3596,N602MQ,CMH,ORD,1510,1502.0,-8.0,13.0,1515.0,83.0,88.0,57.0,296,1512.0,18.0,1533,1530.0,-3.0,0,0,,0.0,0.0,0.0,0.0,0.0,2015-04-04,0,0.0,0.0,0.0,0.0,0.0
2015,4,23,4,US,679,N553UW,DCA,PHX,1045,1049.0,4.0,47.0,1136.0,297.0,343.0,290.0,1979,1326.0,6.0,1242,1332.0,50.0,0,0,,46.0,0.0,4.0,0.0,0.0,2015-04-23,0,1150.0,0.0,100.0,0.0,0.0
2015,5,2,6,WN,1333,N8322X,IND,PHX,1615,1614.0,-1.0,8.0,1622.0,230.0,215.0,199.0,1488,1641.0,8.0,1705,1649.0,-16.0,0,0,,0.0,0.0,0.0,0.0,0.0,2015-05-02,0,0.0,0.0,0.0,0.0,0.0
2015,4,22,3,EV,4113,N11165,IND,EWR,1416,1400.0,-16.0,6.0,1406.0,123.0,119.0,106.0,645,1552.0,7.0,1619,1559.0,-20.0,0,0,,0.0,0.0,0.0,0.0,0.0,2015-04-22,0,0.0,0.0,0.0,0.0,0.0
2015,3,29,7,WN,2506,N8627B,BNA,MDW,1340,1340.0,0.0,7.0,1347.0,85.0,88.0,70.0,395,1457.0,11.0,1505,1508.0,3.0,0,0,,0.0,0.0,0.0,0.0,0.0,2015-03-29,0,0.0,0.0,0.0,0.0,0.0
2015,4,24,5,WN,1899,N700GS,MDW,DEN,715,813.0,58.0,9.0,822.0,160.0,156.0,141.0,895,943.0,6.0,855,949.0,54.0,0,0,,0.0,0.0,54.0,0.0,0.0,2015-04-24,1,0.0,0.0,93.1,0.0,0.0
2015,4,21,2,WN,598,N205WN,OKC,HOU,1315,1310.0,-5.0,9.0,1319.0,85.0,84.0,67.0,419,1426.0,8.0,1440,1434.0,-6.0,0,0,,0.0,0.0,0.0,0.0,0.0,2015-04-21,0,0.0,0.0,0.0,0.0,0.0
2015,4,27,1,B6,2002,N348JB,JFK,BUF,2259,2259.0,0.0,21.0,2320.0,83.0,73.0,48.0,301,8.0,4.0,22,12.0,-10.0,0,0,,0.0,0.0,0.0,0.0,0.0,2015-04-27,0,0.0,0.0,0.0,0.0,0.0
2015,5,4,1,EV,4743,N16559,ORD,FSD,1940,1939.0,-1.0,20.0,1959.0,104.0,97.0,71.0,462,2110.0,6.0,2124,2116.0,-8.0,0,0,,0.0,0.0,0.0,0.0,0.0,2015-05-04,0,0.0,0.0,0.0,0.0,0.0
2015,4,5,7,DL,1711,N988DL,ATL,DFW,2155,2153.0,-2.0,21.0,2214.0,146.0,138.0,111.0,731,2305.0,6.0,2321,2311.0,-10.0,0,0,,0.0,0.0,0.0,0.0,0.0,2015-04-05,0,0.0,0.0,0.0,0.0,0.0
2015,5,1,5,DL,2029,N347NW,MSP,SLC,1425,1424.0,-1.0,11.0,1435.0,173.0,161.0,145.0,991,1600.0,5.0,1618,1605.0,-13.0,0,0,,0.0,0.0,0.0,0.0,0.0,2015-05-01,0,0.0,0.0,0.0,0.0,0.0
2015,4,14,2,DL,2560,N343NW,BWI,SLC,730,726.0,-4.0,11.0,737.0,289.0,272.0,246.0,1865,943.0,15.0,1019,958.0,-21.0,0,0,,0.0,0.0,0.0,0.0,0.0,2015-04-14,0,0.0,0.0,0.0,0.0,0.0
2015,4,8,3,DL,1846,N904DA,ATL,DEN,1825,1933.0,68.0,28.0,2001.0,207.0,202.0,162.0,1199,2043.0,12.0,1952,2055.0,63.0,0,0,,63.0,0.0,0.0,0.0,0.0,2015-04-08,1,92.65,0.0,0.0,0.0,0.0
2015,4,27,1,DL,1785,N945DL,MSP,ORD,1010,1009.0,-1.0,12.0,1021.0,82.0,82.0,58.0,334,1119.0,12.0,1132,1131.0,-1.0,0,0,,0.0,0.0,0.0,0.0,0.0,2015-04-27,0,0.0,0.0,0.0,0.0,0.0
2015,4,21,2,WN,824,N7749B,AUS,DEN,1530,1528.0,-2.0,10.0,1538.0,140.0,129.0,113.0,775,1631.0,6.0,1650,1637.0,-13.0,0,0,,0.0,0.0,0.0,0.0,0.0,2015-04-21,0,0.0,0.0,0.0,0.0,0.0
2015,4,20,1,MQ,3680,N621MQ,MGM,DFW,1410,1405.0,-5.0,6.0,1411.0,125.0,124.0,109.0,622,1600.0,9.0,1615,1609.0,-6.0,0,0,,0.0,0.0,0.0,0.0,0.0,2015-04-20,0,0.0,0.0,0.0,0.0,0.0
2015,4,13,1,US,833,N205UW,CLT,STT,1150,1352.0,122.0,18.0,1410.0,215.0,214.0,193.0,1520,1723.0,3.0,1525,1726.0,121.0,0,0,,0.0,0.0,121.0,0.0,0.0,2015-04-13,1,0.0,0.0,99.18,0.0,0.0
2015,4,11,6,DL,1843,N377NW,SLC,BOS,1705,1701.0,-4.0,16.0,1717.0,270.0,263.0,243.0,2105,2320.0,4.0,2335,2324.0,-11.0,0,0,,0.0,0.0,0.0,0.0,0.0,2015-04-11,0,0.0,0.0,0.0,0.0,0.0
2015,4,21,2,WN,4555,N430WN,LAS,RNO,2225,2224.0,-1.0,12.0,2236.0,75.0,67.0,53.0,345,2329.0,2.0,2340,2331.0,-9.0,0,0,,0.0,0.0,0.0,0.0,0.0,2015-04-21,0,0.0,0.0,0.0,0.0,0.0
2015,4,22,3,OO,5645,N943SW,SBA,SFO,1653,1644.0,-9.0,12.0,1656.0,71.0,64.0,45.0,262,1741.0,7.0,1804,1748.0,-16.0,0,0,,0.0,0.0,0.0,0.0,0.0,2015-04-22,0,0.0,0.0,0.0,0.0,0.0
2015,4,10,5,WN,853,N944WN,BWI,MHT,1315,1310.0,-5.0,15.0,1325.0,80.0,77.0,58.0,377,1423.0,4.0,1435,1427.0,-8.0,0,0,,0.0,0.0,0.0,0.0,0.0,2015-04-10,0,0.0,0.0,0.0,0.0,0.0
2015,3,28,6,WN,2084,N236WN,IND,BWI,745,744.0,-1.0,22.0,806.0,95.0,100.0,75.0,516,921.0,3.0,920,924.0,4.0,0,0,,0.0,0.0,0.0,0.0,0.0,2015-03-28,0,0.0,0.0,0.0,0.0,0.0
2015,3,31,2,DL,1522,N920DE,ATL,SDF,810,809.0,-1.0,13.0,822.0,78.0,76.0,56.0,321,918.0,7.0,928,925.0,-3.0,0,0,,0.0,0.0,0.0,0.0,0.0,2015-03-31,0,0.0,0.0,0.0,0.0,0.0
2015,4,23,4,F9,1274,N206FR,ORD,ATL,730,726.0,-4.0,22.0,748.0,110.0,109.0,78.0,606,1006.0,9.0,1020,1015.0,-5.0,0,0,,0.0,0.0,0.0,0.0,0.0,2015-04-23,0,0.0,0.0,0.0,0.0,0.0
2015,4,15,3,WN,849,N374SW,ATL,DTW,1030,1041.0,11.0,18.0,1059.0,125.0,107.0,80.0,594,1219.0,9.0,1235,1228.0,-7.0,0,0,,0.0,0.0,0.0,0.0,0.0,2015-04-15,0,0.0,0.0,0.0,0.0,0.0
2015,4,14,2,DL,2563,N360NB,SNA,SLC,1626,1719.0,53.0,8.0,1727.0,103.0,91.0,79.0,588,1946.0,4.0,1909,1950.0,41.0,0,0,,0.0,0.0,0.0,41.0,0.0,2015-04-14,1,0.0,0.0,0.0,77.36,0.0
2015,4,15,3,EV,4295,N13969,MEM,IAH,1005,1123.0,78.0,14.0,1137.0,108.0,107.0,79.0,468,1256.0,14.0,1153,1310.0,77.0,0,0,,0.0,0.0,0.0,77.0,0.0,2015-04-15,1,0.0,0.0,0.0,98.72,0.0
2015,4,30,4,B6,552,N606JB,SJU,TPA,1948,2005.0,17.0,11.0,2016.0,191.0,181.0,163.0,1237,2259.0,7.0,2259,2306.0,7.0,0,0,,0.0,0.0,0.0,0.0,0.0,2015-04-30,1,0.0,0.0,0.0,0.0,0.0
2015,4,21,2,UA,1178,N75851,OGG,SFO,1450,1444.0,-6.0,9.0,1453.0,299.0,298.0,282.0,2338,2235.0,7.0,2249,2242.0,-7.0,0,0,,0.0,0.0,0.0,0.0,0.0,2015-04-21,0,0.0,0.0,0.0,0.0,0.0
2015,4,23,4,WN,193,N415WN,ATL,SAN,1535,1531.0,-4.0,20.0,1551.0,285.0,321.0,296.0,1892,1747.0,5.0,1720,1752.0,32.0,0,0,,32.0,0.0,0.0,0.0,0.0,2015-04-23,0,-800.0,-0.0,-0.0,-0.0,-0.0
2015,4,7,2,UA,444,N448UA,LAX,SFO,1326,1317.0,-9.0,14.0,1331.0,87.0,81.0,58.0,337,1429.0,9.0,1453,1438.0,-15.0,0,0,,0.0,0.0,0.0,0.0,0.0,2015-04-07,0,0.0,0.0,0.0,0.0,0.0
2015,4,7,2,EV,4635,N13903,EWR,DCA,1459,1455.0,-4.0,52.0,1547.0,74.0,100.0,43.0,199,1630.0,5.0,1613,1635.0,22.0,0,0,,22.0,0.0,0.0,0.0,0.0,2015-04-07,0,-550.0,-0.0,-0.0,-0.0,-0.0
2015,5,4,1,AS,119,N461AS,SEA,ANC,1740,1737.0,-3.0,17.0,1754.0,207.0,207.0,186.0,1448,2000.0,4.0,2007,2004.0,-3.0,0,0,,0.0,0.0,0.0,0.0,0.0,2015-05-04,0,0.0,0.0,0.0,0.0,0.0
2015,3,30,1,OO,6272,N979SW,BUR,SFO,700,700.0,0.0,18.0,718.0,86.0,80.0,56.0,326,814.0,6.0,826,820.0,-6.0,0,0,,0.0,0.0,0.0,0.0,0.0,2015-03-30,0,0.0,0.0,0.0,0.0,0.0
2015,5,1,5,UA,994,N801UA,BOS,IAH,844,836.0,-8.0,10.0,846.0,257.0,226.0,210.0,1597,1116.0,6.0,1201,1122.0,-39.0,0,0,,0.0,0.0,0.0,0.0,0.0,2015-05-01,0,0.0,0.0,0.0,0.0,0.0
2015,3,30,1,US,671,N573UW,PHX,PDX,2015,2010.0,-5.0,19.0,2029.0,166.0,162.0,138.0,1009,2247.0,5.0,2301,2252.0,-9.0,0,0,,0.0,0.0,0.0,0.0,0.0,2015-03-30,0,0.0,0.0,0.0,0.0,0.0
2015,4,17,5,EV,3926,N26545,IAH,MFE,715,714.0,-1.0,17.0,731.0,76.0,77.0,56.0,316,827.0,4.0,831,831.0,0.0,0,0,,0.0,0.0,0.0,0.0,0.0,2015-04-17,0,0.0,0.0,0.0,0.0,0.0
2015,4,14,2,EV,6188,N23139,ORD,CRW,1350,1526.0,96.0,22.0,1548.0,89.0,97.0,67.0,416,1755.0,8.0,1619,1803.0,104.0,0,0,,8.0,0.0,96.0,0.0,0.0,2015-04-14,1,8.33,0.0,100.0,0.0,0.0
2015,4,30,4,AS,405,N622AS,SJC,PDX,700,649.0,-11.0,8.0,657.0,100.0,93.0,81.0,569,818.0,4.0,840,822.0,-18.0,0,0,,0.0,0.0,0.0,0.0,0.0,2015-04-30,0,0.0,0.0,0.0,0.0,0.0
2015,4,20,1,EV,5041,N838AS,ABE,ATL,1200,1156.0,-4.0,11.0,1207.0,128.0,136.0,117.0,692,1404.0,8.0,1408,1412.0,4.0,0,0,,0.0,0.0,0.0,0.0,0.0,2015-04-20,0,0.0,0.0,0.0,0.0,0.0
2015,4,9,4,WN,722,N249WN,BWI,ATL,815,812.0,-3.0,13.0,825.0,125.0,105.0,84.0,577,949.0,8.0,1020,957.0,-23.0,0,0,,0.0,0.0,0.0,0.0,0.0,2015-04-09,0,0.0,0.0,0.0,0.0,0.0
2015,4,6,1,WN,4335,N930WN,ICT,DAL,1525,1522.0,-3.0,9.0,1531.0,75.0,68.0,55.0,333,1626.0,4.0,1640,1630.0,-10.0,0,0,,0.0,0.0,0.0,0.0,0.0,2015-04-06,0,0.0,0.0,0.0,0.0,0.0
2015,4,3,5,US,401,N709UW,CLT,PHL,630,625.0,-5.0,13.0,638.0,95.0,91.0,74.0,449,752.0,4.0,805,756.0,-9.0,0,0,,0.0,0.0,0.0,0.0,0.0,2015-04-03,0,0.0,0.0,0.0,0.0,0.0
2015,4,8,3,OO,4994,N766SK,DEN,SLC,805,759.0,-6.0,15.0,814.0,91.0,96.0,71.0,391,925.0,10.0,936,935.0,-1.0,0,0,,0.0,0.0,0.0,0.0,0.0,2015-04-08,0,0.0,0.0,0.0,0.0,0.0
2015,4,20,1,DL,2649,N977AT,JFK,TPA,1455,1626.0,91.0,31.0,1657.0,193.0,200.0,163.0,1005,1940.0,6.0,1808,1946.0,98.0,0,0,,7.0,0.0,0.0,81.0,10.0,2015-04-20,1,7.69,0.0,0.0,89.01,10.99
2015,4,17,5,B6,1099,N634JB,LGA,MCO,630,626.0,-4.0,13.0,639.0,167.0,156.0,133.0,950,852.0,10.0,917,902.0,-15.0,0,0,,0.0,0.0,0.0,0.0,0.0,2015-04-17,0,0.0,0.0,0.0,0.0,0.0
2015,4,7,2,WN,1108,N947WN,SAN,LAS,1015,1027.0,12.0,9.0,1036.0,70.0,64.0,49.0,258,1125.0,6.0,1125,1131.0,6.0,0,0,,0.0,0.0,0.0,0.0,0.0,2015-04-07,0,0.0,0.0,0.0,0.0,0.0
2015,4,14,2,AS,614,N560AS,SEA,LAS,1145,1141.0,-4.0,20.0,1201.0,142.0,151.0,125.0,867,1406.0,6.0,1407,1412.0,5.0,0,0,,0.0,0.0,0.0,0.0,0.0,2015-04-14,0,0.0,0.0,0.0,0.0,0.0
2015,4,25,6,DL,979,N811DZ,LAX,IND,2345,2335.0,-10.0,13.0,2348.0,237.0,227.0,209.0,1814,617.0,5.0,642,622.0,-20.0,0,0,,0.0,0.0,0.0,0.0,0.0,2015-04-25,0,0.0,0.0,0.0,0.0,0.0
2015,4,17,5,DL,1440,N368NB,SLC,MSP,600,553.0,-7.0,13.0,606.0,146.0,145.0,127.0,991,913.0,5.0,926,918.0,-8.0,0,0,,0.0,0.0,0.0,0.0,0.0,2015-04-17,0,0.0,0.0,0.0,0.0,0.0
2015,4,12,7,B6,656,N638JB,MCO,SYR,1445,1441.0,-4.0,24.0,1505.0,163.0,170.0,142.0,1053,1727.0,4.0,1728,1731.0,3.0,0,0,,0.0,0.0,0.0,0.0,0.0,2015-04-12,0,0.0,0.0,0.0,0.0,0.0
2015,3,30,1,OO,3498,N227AG,SEA,COS,800,754.0,-6.0,17.0,811.0,152.0,158.0,135.0,1068,1126.0,6.0,1132,1132.0,0.0,0,0,,0.0,0.0,0.0,0.0,0.0,2015-03-30,0,0.0,0.0,0.0,0.0,0.0
2015,3,26,4,OO,2778,N506CA,YUM,PHX,1800,1803.0,3.0,5.0,1808.0,64.0,64.0,36.0,160,1844.0,23.0,1904,1907.0,3.0,0,0,,0.0,0.0,0.0,0.0,0.0,2015-03-26,0,0.0,0.0,0.0,0.0,0.0
2015,5,1,5,UA,534,N215UA,HNL,LAX,2045,2038.0,-7.0,16.0,2054.0,314.0,290.0,269.0,2556,423.0,5.0,459,428.0,-31.0,0,0,,0.0,0.0,0.0,0.0,0.0,2015-05-01,0,0.0,0.0,0.0,0.0,0.0
2015,4,26,7,US,1925,N663AW,EWR,CLT,640,635.0,-5.0,16.0,651.0,117.0,116.0,95.0,529,826.0,5.0,837,831.0,-6.0,0,0,,0.0,0.0,0.0,0.0,0.0,2015-04-26,0,0.0,0.0,0.0,0.0,0.0
2015,4,10,5,EV,5017,N878AS,ATL,TRI,1145,1143.0,-2.0,26.0,1209.0,62.0,72.0,43.0,227,1252.0,3.0,1247,1255.0,8.0,0,0,,0.0,0.0,0.0,0.0,0.0,2015-04-10,0,0.0,0.0,0.0,0.0,0.0
2015,5,2,6,B6,1685,N351JB,BOS,PIT,1525,1522.0,-3.0,11.0,1533.0,100.0,91.0,75.0,496,1648.0,5.0,1705,1653.0,-12.0,0,0,,0.0,0.0,0.0,0.0,0.0,2015-05-02,0,0.0,0.0,0.0,0.0,0.0
2015,4,12,7,AA,1612,N851AA,PHX,DFW,635,649.0,14.0,16.0,705.0,144.0,144.0,119.0,868,1104.0,9.0,1059,1113.0,14.0,0,0,,0.0,0.0,0.0,0.0,0.0,2015-04-12,0,0.0,0.0,0.0,0.0,0.0
2015,3,26,4,AA,357,N3KCAA,BWI,MIA,1719,1757.0,38.0,11.0,1808.0,170.0,160.0,143.0,946,2031.0,6.0,2009,2037.0,28.0,0,0,,0.0,0.0,14.0,14.0,0.0,2015-03-26,1,0.0,0.0,36.84,36.84,0.0
2015,4,4,6,AA,304,N496AA,SLC,DFW,559,554.0,-5.0,16.0,610.0,161.0,150.0,123.0,989,913.0,11.0,940,924.0,-16.0,0,0,,0.0,0.0,0.0,0.0,0.0,2015-04-04,0,0.0,0.0,0.0,0.0,0.0
2015,4,9,4,OO,5347,N963SW,DEN,MKE,1237,1229.0,-8.0,16.0,1245.0,145.0,145.0,118.0,896,1543.0,11.0,1602,1554.0,-8.0,0,0,,0.0,0.0,0.0,0.0,0.0,2015-04-09,0,0.0,0.0,0.0,0.0,0.0
2015,4,22,3,OO,5511,N120SY,DTW,ORD,1734,1743.0,9.0,32.0,1815.0,81.0,91.0,48.0,235,1803.0,11.0,1755,1814.0,19.0,0,0,,10.0,0.0,0.0,9.0,0.0,2015-04-22,0,111.11,0.0,0.0,100.0,0.0
2015,5,4,1,US,862,N764US,DCA,MCO,835,848.0,13.0,40.0,928.0,154.0,149.0,106.0,759,1114.0,3.0,1109,1117.0,8.0,0,0,,0.0,0.0,0.0,0.0,0.0,2015-05-04,0,0.0,0.0,0.0,0.0,0.0
2015,4,21,2,DL,1184,N909DA,PBI,ATL,815,813.0,-2.0,25.0,838.0,112.0,113.0,80.0,545,958.0,8.0,1007,1006.0,-1.0,0,0,,0.0,0.0,0.0,0.0,0.0,2015-04-21,0,0.0,0.0,0.0,0.0,0.0
2015,4,28,2,US,2060,N805AW,CLT,LGA,605,603.0,-2.0,20.0,623.0,104.0,103.0,78.0,544,741.0,5.0,749,746.0,-3.0,0,0,,0.0,0.0,0.0,0.0,0.0,2015-04-28,0,0.0,0.0,0.0,0.0,0.0
2015,5,1,5,MQ,3575,N658MQ,ORD,TYS,905,905.0,0.0,14.0,919.0,102.0,83.0,65.0,475,1124.0,4.0,1147,1128.0,-19.0,0,0,,0.0,0.0,0.0,0.0,0.0,2015-05-01,0,0.0,0.0,0.0,0.0,0.0
2015,4,19,7,UA,285,N847UA,IAH,PDX,1825,2019.0,114.0,30.0,2049.0,273.0,282.0,250.0,1825,2259.0,2.0,2058,2301.0,123.0,0,0,,123.0,0.0,0.0,0.0,0.0,2015-04-19,1,107.89,0.0,0.0,0.0,0.0
2015,4,29,3,US,522,N601AW,BOS,CLT,940,936.0,-4.0,20.0,956.0,139.0,138.0,103.0,728,1139.0,15.0,1159,1154.0,-5.0,0,0,,0.0,0.0,0.0,0.0,0.0,2015-04-29,0,0.0,0.0,0.0,0.0,0.0
2015,4,30,4,OO,5520,N131SY,ORD,ATL,1025,1021.0,-4.0,16.0,1037.0,118.0,96.0,75.0,606,1252.0,5.0,1323,1257.0,-26.0,0,0,,0.0,0.0,0.0,0.0,0.0,2015-04-30,0,0.0,0.0,0.0,0.0,0.0
2015,3,29,7,UA,1683,N35407,PHL,IAH,1733,1732.0,-1.0,13.0,1745.0,226.0,195.0,174.0,1325,1939.0,8.0,2019,1947.0,-32.0,0,0,,0.0,0.0,0.0,0.0,0.0,2015-03-29,0,0.0,0.0,0.0,0.0,0.0
2015,4,28,2,UA,1004,N76516,LAX,ITO,1655,1737.0,42.0,11.0,1748.0,339.0,329.0,313.0,2449,2001.0,5.0,1934,2006.0,32.0,0,0,,0.0,0.0,4.0,28.0,0.0,2015-04-28,1,0.0,0.0,9.52,66.67,0.0
2015,4,20,1,WN,903,N201LV,BWI,PBI,2045,2059.0,14.0,39.0,2138.0,150.0,176.0,133.0,883,2351.0,4.0,2315,2355.0,40.0,0,0,,26.0,0.0,0.0,14.0,0.0,2015-04-20,0,185.71,0.0,0.0,100.0,0.0
2015,4,20,1,AA,1694,N3HWAA,LAX,IAD,2210,2232.0,22.0,18.0,2250.0,294.0,281.0,257.0,2288,607.0,6.0,604,613.0,9.0,0,0,,0.0,0.0,0.0,0.0,0.0,2015-04-20,1,0.0,0.0,0.0,0.0,0.0
2015,4,13,1,DL,2384,N331NW,SMF,SLC,615,608.0,-7.0,10.0,618.0,91.0,100.0,71.0,532,829.0,19.0,846,848.0,2.0,0,0,,0.0,0.0,0.0,0.0,0.0,2015-04-13,0,0.0,0.0,0.0,0.0,0.0
2015,3,30,1,AA,266,N5EDAA,LIH,LAX,1353,1349.0,-4.0,10.0,1359.0,336.0,299.0,279.0,2615,2138.0,10.0,2229,2148.0,-41.0,0,0,,0.0,0.0,0.0,0.0,0.0,2015-03-30,0,0.0,0.0,0.0,0.0,0.0
2015,5,3,7,DL,2243,N914DN,MSP,TPA,912,912.0,0.0,16.0,928.0,191.0,185.0,166.0,1306,1314.0,3.0,1323,1317.0,-6.0,0,0,,0.0,0.0,0.0,0.0,0.0,2015-05-03,0,0.0,0.0,0.0,0.0,0.0
2015,4,16,4,WN,527,N8317M,DEN,PHX,1840,1839.0,-1.0,75.0,1954.0,120.0,171.0,88.0,602,2022.0,8.0,1940,2030.0,50.0,0,0,,50.0,0.0,0.0,0.0,0.0,2015-04-16,0,-5000.0,-0.0,-0.0,-0.0,-0.0
2015,4,30,4,DL,2455,N829DN,ATL,SEA,1102,1100.0,-2.0,27.0,1127.0,328.0,316.0,286.0,2182,1313.0,3.0,1330,1316.0,-14.0,0,0,,0.0,0.0,0.0,0.0,0.0,2015-04-30,0,0.0,0.0,0.0,0.0,0.0
2015,4,16,4,WN,3762,N202WN,BUR,LAS,1915,1915.0,0.0,11.0,1926.0,60.0,57.0,38.0,223,2004.0,8.0,2015,2012.0,-3.0,0,0,,0.0,0.0,0.0,0.0,0.0,2015-04-16,0,0.0,0.0,0.0,0.0,0.0
2015,4,3,5,NK,217,N530NK,IAH,LAX,1524,1516.0,-8.0,13.0,1529.0,223.0,223.0,199.0,1379,1648.0,11.0,1707,1659.0,-8.0,0,0,,0.0,0.0,0.0,0.0,0.0,2015-04-03,0,0.0,0.0,0.0,0.0,0.0
2015,4,28,2,EV,4516,N17185,MSY,IAH,1847,1835.0,-12.0,6.0,1841.0,79.0,70.0,56.0,305,1937.0,8.0,2006,1945.0,-21.0,0,0,,0.0,0.0,0.0,0.0,0.0,2015-04-28,0,0.0,0.0,0.0,0.0,0.0
2015,4,27,1,DL,1547,N360NB,DTW,IND,1006,1149.0,103.0,10.0,1159.0,72.0,56.0,43.0,231,1242.0,3.0,1118,1245.0,87.0,0,0,,0.0,0.0,87.0,0.0,0.0,2015-04-27,1,0.0,0.0,84.47,0.0,0.0
2015,4,26,7,WN,924,N743SW,HOU,ATL,2005,2053.0,48.0,7.0,2100.0,110.0,98.0,85.0,696,2325.0,6.0,2255,2331.0,36.0,0,0,,0.0,0.0,9.0,27.0,0.0,2015-04-26,1,0.0,0.0,18.75,56.25,0.0
2015,4,30,4,EV,4654,N13975,MOB,IAH,825,812.0,-13.0,14.0,826.0,92.0,105.0,67.0,427,933.0,24.0,957,957.0,0.0,0,0,,0.0,0.0,0.0,0.0,0.0,2015-04-30,0,0.0,0.0,0.0,0.0,0.0
2015,4,22,3,UA,1476,N78524,ORD,ANC,1910,1909.0,-1.0,13.0,1922.0,400.0,387.0,370.0,2846,2232.0,4.0,2250,2236.0,-14.0,0,0,,0.0,0.0,0.0,0.0,0.0,2015-04-22,0,0.0,0.0,0.0,0.0,0.0
2015,4,17,5,OO,4991,N937SW,LEX,ORD,617,611.0,-6.0,11.0,622.0,80.0,75.0,59.0,323,621.0,5.0,637,626.0,-11.0,0,0,,0.0,0.0,0.0,0.0,0.0,2015-04-17,0,0.0,0.0,0.0,0.0,0.0
2015,4,5,7,WN,866,N615SW,RDU,BNA,2005,2108.0,63.0,8.0,2116.0,95.0,89.0,76.0,442,2132.0,5.0,2040,2137.0,57.0,0,0,,0.0,0.0,2.0,55.0,0.0,2015-04-05,1,0.0,0.0,3.17,87.3,0.0
2015,4,1,3,WN,4373,N552WN,LAX,RNO,1435,1431.0,-4.0,10.0,1441.0,80.0,70.0,57.0,391,1538.0,3.0,1555,1541.0,-14.0,0,0,,0.0,0.0,0.0,0.0,0.0,2015-04-01,0,0.0,0.0,0.0,0.0,0.0
2015,5,1,5,EV,2503,N879AS,DFW,JAN,1015,1013.0,-2.0,20.0,1033.0,82.0,85.0,61.0,408,1134.0,4.0,1137,1138.0,1.0,0,0,,0.0,0.0,0.0,0.0,0.0,2015-05-01,0,0.0,0.0,0.0,0.0,0.0
2015,4,8,3,EV,6159,N14198,CMH,ORD,2111,2146.0,35.0,10.0,2156.0,87.0,81.0,61.0,296,2157.0,10.0,2138,2207.0,29.0,0,0,,0.0,0.0,0.0,0.0,29.0,2015-04-08,1,0.0,0.0,0.0,0.0,82.86
2015,4,28,2,EV,2570,N902EV,PIB,DFW,1540,1532.0,-8.0,8.0,1540.0,101.0,103.0,81.0,462,1701.0,14.0,1721,1715.0,-6.0,0,0,,0.0,0.0,0.0,0.0,0.0,2015-04-28,0,0.0,0.0,0.0,0.0,0.0
2015,4,9,4,WN,616,N244WN,STL,TUL,1015,1026.0,11.0,10.0,1036.0,75.0,73.0,59.0,351,1135.0,4.0,1130,1139.0,9.0,0,0,,0.0,0.0,0.0,0.0,0.0,2015-04-09,0,0.0,0.0,0.0,0.0,0.0
2015,4,24,5,US,424,N189UW,ORD,PHX,700,654.0,-6.0,13.0,707.0,239.0,219.0,204.0,1440,831.0,2.0,859,833.0,-26.0,0,0,,0.0,0.0,0.0,0.0,0.0,2015-04-24,0,0.0,0.0,0.0,0.0,0.0
2015,4,5,7,US,449,N656AW,MKE,PHX,1715,1706.0,-9.0,12.0,1718.0,228.0,227.0,210.0,1460,1848.0,5.0,1903,1853.0,-10.0,0,0,,0.0,0.0,0.0,0.0,0.0,2015-04-05,0,0.0,0.0,0.0,0.0,0.0
2015,4,15,3,WN,10,N526SW,MAF,HOU,640,635.0,-5.0,8.0,643.0,75.0,93.0,64.0,441,747.0,21.0,755,808.0,13.0,0,0,,0.0,0.0,0.0,0.0,0.0,2015-04-15,0,0.0,0.0,0.0,0.0,0.0
2015,4,29,3,DL,2296,N312US,MSP,LGA,1735,1729.0,-6.0,7.0,1736.0,162.0,143.0,132.0,1020,2048.0,4.0,2117,2052.0,-25.0,0,0,,0.0,0.0,0.0,0.0,0.0,2015-04-29,0,0.0,0.0,0.0,0.0,0.0
2015,4,6,1,OO,4796,N616QX,SUN,SLC,1300,1251.0,-9.0,10.0,1301.0,60.0,53.0,38.0,222,1339.0,5.0,1400,1344.0,-16.0,0,0,,0.0,0.0,0.0,0.0,0.0,2015-04-06,0,0.0,0.0,0.0,0.0,0.0
2015,4,23,4,EV,5779,N11535,IAH,LIT,1300,1254.0,-6.0,15.0,1309.0,86.0,73.0,54.0,374,1403.0,4.0,1426,1407.0,-19.0,0,0,,0.0,0.0,0.0,0.0,0.0,2015-04-23,0,0.0,0.0,0.0,0.0,0.0
2015,4,8,3,WN,705,N439WN,RNO,LAS,1940,1936.0,-4.0,8.0,1944.0,70.0,68.0,52.0,345,2036.0,8.0,2050,2044.0,-6.0,0,0,,0.0,0.0,0.0,0.0,0.0,2015-04-08,0,0.0,0.0,0.0,0.0,0.0
2015,4,20,1,US,2168,N954UW,LGA,BOS,1200,1353.0,113.0,14.0,1407.0,71.0,55.0,32.0,184,1439.0,9.0,1311,1448.0,97.0,0,0,,0.0,0.0,0.0,96.0,1.0,2015-04-20,1,0.0,0.0,0.0,84.96,0.88
2015,5,5,2,MQ,3002,N699MQ,DFW,HOU,705,716.0,11.0,14.0,730.0,71.0,71.0,52.0,247,822.0,5.0,816,827.0,11.0,0,0,,0.0,0.0,0.0,0.0,0.0,2015-05-05,0,0.0,0.0,0.0,0.0,0.0
2015,3,28,6,EV,3806,N11565,SYR,EWR,605,558.0,-7.0,13.0,611.0,70.0,71.0,49.0,195,700.0,9.0,715,709.0,-6.0,0,0,,0.0,0.0,0.0,0.0,0.0,2015-03-28,0,0.0,0.0,0.0,0.0,0.0
2015,5,2,6,VX,407,N849VA,JFK,LAX,905,1033.0,88.0,20.0,1053.0,370.0,352.0,323.0,2475,1316.0,9.0,1215,1325.0,70.0,0,0,,0.0,0.0,70.0,0.0,0.0,2015-05-02,1,0.0,0.0,79.55,0.0,0.0
2015,4,11,6,EV,4524,N25134,IAH,OMA,845,844.0,-1.0,9.0,853.0,133.0,124.0,112.0,781,1045.0,3.0,1058,1048.0,-10.0,0,0,,0.0,0.0,0.0,0.0,0.0,2015-04-11,0,0.0,0.0,0.0,0.0,0.0
2015,4,1,3,WN,2774,N642WN,FLL,BNA,1405,1402.0,-3.0,14.0,1416.0,145.0,140.0,120.0,793,1516.0,6.0,1530,1522.0,-8.0,0,0,,0.0,0.0,0.0,0.0,0.0,2015-04-01,0,0.0,0.0,0.0,0.0,0.0
2015,4,15,3,EV,5107,N854AS,AGS,ATL,1845,1912.0,27.0,28.0,1940.0,56.0,75.0,37.0,143,2017.0,10.0,1941,2027.0,46.0,0,0,,19.0,0.0,26.0,1.0,0.0,2015-04-15,1,70.37,0.0,96.3,3.7,0.0
2015,3,30,1,DL,1107,N659DL,ATL,LAS,1915,1914.0,-1.0,16.0,1930.0,281.0,260.0,239.0,1747,2029.0,5.0,2056,2034.0,-22.0,0,0,,0.0,0.0,0.0,0.0,0.0,2015-03-30,0,0.0,0.0,0.0,0.0,0.0
2015,3,31,2,DL,1508,N6707A,SRQ,ATL,705,700.0,-5.0,10.0,710.0,100.0,102.0,80.0,444,830.0,12.0,845,842.0,-3.0,0,0,,0.0,0.0,0.0,0.0,0.0,2015-03-31,0,0.0,0.0,0.0,0.0,0.0
2015,4,20,1,DL,2450,N326US,LGA,MSP,1130,1323.0,113.0,14.0,1337.0,189.0,151.0,135.0,1020,1452.0,2.0,1339,1454.0,75.0,0,0,,0.0,0.0,7.0,68.0,0.0,2015-04-20,1,0.0,0.0,6.19,60.18,0.0
2015,4,30,4,WN,590,N8649A,DEN,TUS,830,832.0,2.0,8.0,840.0,125.0,101.0,89.0,639,909.0,4.0,935,913.0,-22.0,0,0,,0.0,0.0,0.0,0.0,0.0,2015-04-30,0,0.0,0.0,0.0,0.0,0.0
2015,3,28,6,EV,4982,N722EV,MCI,DTW,1600,1558.0,-2.0,11.0,1609.0,107.0,112.0,96.0,629,1845.0,5.0,1847,1850.0,3.0,0,0,,0.0,0.0,0.0,0.0,0.0,2015-03-28,0,0.0,0.0,0.0,0.0,0.0
2015,4,27,1,VX,161,N839VA,EWR,LAX,905,904.0,-1.0,20.0,924.0,375.0,338.0,309.0,2454,1133.0,9.0,1220,1142.0,-38.0,0,0,,0.0,0.0,0.0,0.0,0.0,2015-04-27,0,0.0,0.0,0.0,0.0,0.0
2015,4,25,6,NK,184,N624NK,LAX,CLE,2315,2320.0,5.0,11.0,2331.0,269.0,251.0,235.0,2052,626.0,5.0,644,631.0,-13.0,0,0,,0.0,0.0,0.0,0.0,0.0,2015-04-25,0,0.0,0.0,0.0,0.0,0.0
2015,4,23,4,DL,1356,N348NW,SLC,AUS,951,949.0,-2.0,20.0,1009.0,164.0,159.0,132.0,1086,1321.0,7.0,1335,1328.0,-7.0,0,0,,0.0,0.0,0.0,0.0,0.0,2015-04-23,0,0.0,0.0,0.0,0.0,0.0
2015,5,1,5,EV,5259,N854AS,LEX,ATL,1341,1334.0,-7.0,13.0,1347.0,82.0,69.0,52.0,304,1439.0,4.0,1503,1443.0,-20.0,0,0,,0.0,0.0,0.0,0.0,0.0,2015-05-01,0,0.0,0.0,0.0,0.0,0.0
2015,4,17,5,EV,4996,N752EV,IAH,MSP,1520,1518.0,-2.0,11.0,1529.0,166.0,148.0,130.0,1034,1739.0,7.0,1806,1746.0,-20.0,0,0,,0.0,0.0,0.0,0.0,0.0,2015-04-17,0,0.0,0.0,0.0,0.0,0.0
2015,3,28,6,US,454,N581UW,PHX,SLC,2015,2013.0,-2.0,15.0,2028.0,100.0,96.0,71.0,507,2239.0,10.0,2255,2249.0,-6.0,0,0,,0.0,0.0,0.0,0.0,0.0,2015-03-28,0,0.0,0.0,0.0,0.0,0.0
2015,4,2,4,US,1917,N162UW,PHL,LAX,955,954.0,-1.0,20.0,1014.0,367.0,377.0,353.0,2402,1307.0,4.0,1302,1311.0,9.0,0,0,,0.0,0.0,0.0,0.0,0.0,2015-04-02,0,0.0,0.0,0.0,0.0,0.0
2015,5,1,5,EV,3264,N15574,BTR,IAH,1148,1140.0,-8.0,11.0,1151.0,67.0,64.0,44.0,253,1235.0,9.0,1255,1244.0,-11.0,0,0,,0.0,0.0,0.0,0.0,0.0,2015-05-01,0,0.0,0.0,0.0,0.0,0.0
2015,4,6,1,DL,1585,N960DL,LGA,MCO,1850,1850.0,0.0,41.0,1931.0,185.0,175.0,128.0,950,2139.0,6.0,2155,2145.0,-10.0,0,0,,0.0,0.0,0.0,0.0,0.0,2015-04-06,0,0.0,0.0,0.0,0.0,0.0
2015,4,14,2,EV,5582,N844AS,CRW,ATL,1134,1126.0,-8.0,23.0,1149.0,82.0,98.0,67.0,363,1256.0,8.0,1256,1304.0,8.0,0,0,,0.0,0.0,0.0,0.0,0.0,2015-04-14,0,0.0,0.0,0.0,0.0,0.0
2015,4,21,2,OO,6391,N924SW,EUG,DEN,530,522.0,-8.0,15.0,537.0,156.0,154.0,132.0,996,849.0,7.0,906,856.0,-10.0,0,0,,0.0,0.0,0.0,0.0,0.0,2015-04-21,0,0.0,0.0,0.0,0.0,0.0
2015,4,20,1,WN,3237,N458WN,SNA,LAS,1920,1919.0,-1.0,10.0,1929.0,65.0,60.0,46.0,226,2015.0,4.0,2025,2019.0,-6.0,0,0,,0.0,0.0,0.0,0.0,0.0,2015-04-20,0,0.0,0.0,0.0,0.0,0.0
2015,4,29,3,EV,4260,N24103,CHS,IAH,1113,1156.0,43.0,13.0,1209.0,167.0,167.0,147.0,925,1336.0,7.0,1300,1343.0,43.0,0,0,,0.0,0.0,0.0,43.0,0.0,2015-04-29,1,0.0,0.0,0.0,100.0,0.0
2015,4,26,7,WN,1875,N486WN,BDL,BWI,905,900.0,-5.0,8.0,908.0,75.0,66.0,47.0,283,955.0,11.0,1020,1006.0,-14.0,0,0,,0.0,0.0,0.0,0.0,0.0,2015-04-26,0,0.0,0.0,0.0,0.0,0.0
2015,4,25,6,AA,1582,N4XVAA,DFW,CLE,2010,2007.0,-3.0,20.0,2027.0,165.0,158.0,132.0,1021,2339.0,6.0,2355,2345.0,-10.0,0,0,,0.0,0.0,0.0,0.0,0.0,2015-04-25,0,0.0,0.0,0.0,0.0,0.0
2015,4,7,2,DL,1236,N904DL,PNS,ATL,1833,1823.0,-10.0,15.0,1838.0,77.0,65.0,44.0,271,2022.0,6.0,2050,2028.0,-22.0,0,0,,0.0,0.0,0.0,0.0,0.0,2015-04-07,0,0.0,0.0,0.0,0.0,0.0
2015,4,15,3,MQ,3616,N681MQ,RIC,ORD,1523,1518.0,-5.0,9.0,1527.0,142.0,125.0,104.0,642,1611.0,12.0,1645,1623.0,-22.0,0,0,,0.0,0.0,0.0,0.0,0.0,2015-04-15,0,0.0,0.0,0.0,0.0,0.0
2015,4,17,5,DL,1445,N902DE,DFW,ATL,1945,2132.0,107.0,50.0,2222.0,117.0,153.0,96.0,731,58.0,7.0,2242,105.0,143.0,0,0,,36.0,0.0,1.0,51.0,55.0,2015-04-17,1,33.64,0.0,0.93,47.66,51.4
2015,4,13,1,WN,1336,N8656B,ABQ,BWI,625,623.0,-2.0,11.0,634.0,220.0,202.0,186.0,1670,1140.0,5.0,1205,1145.0,-20.0,0,0,,0.0,0.0,0.0,0.0,0.0,2015-04-13,0,0.0,0.0,0.0,0.0,0.0
2015,4,26,7,EV,6025,N26141,OMA,ORD,1142,1127.0,-15.0,8.0,1135.0,93.0,90.0,67.0,416,1242.0,15.0,1315,1257.0,-18.0,0,0,,0.0,0.0,0.0,0.0,0.0,2015-04-26,0,0.0,0.0,0.0,0.0,0.0
2015,4,6,1,UA,1293,N37277,FLL,EWR,556,547.0,-9.0,14.0,601.0,174.0,176.0,151.0,1065,832.0,11.0,850,843.0,-7.0,0,0,,0.0,0.0,0.0,0.0,0.0,2015-04-06,0,0.0,0.0,0.0,0.0,0.0
2015,4,1,3,WN,4380,N8324A,MDW,PHX,2035,2034.0,-1.0,20.0,2054.0,230.0,223.0,197.0,1444,2211.0,6.0,2225,2217.0,-8.0,0,0,,0.0,0.0,0.0,0.0,0.0,2015-04-01,0,0.0,0.0,0.0,0.0,0.0
2015,4,14,2,UA,754,N845UA,SEA,SFO,905,857.0,-8.0,16.0,913.0,135.0,124.0,92.0,679,1045.0,16.0,1120,1101.0,-19.0,0,0,,0.0,0.0,0.0,0.0,0.0,2015-04-14,0,0.0,0.0,0.0,0.0,0.0
2015,4,2,4,US,1883,N121UW,PHL,TPA,1805,1800.0,-5.0,28.0,1828.0,166.0,162.0,129.0,920,2037.0,5.0,2051,2042.0,-9.0,0,0,,0.0,0.0,0.0,0.0,0.0,2015-04-02,0,0.0,0.0,0.0,0.0,0.0
2015,4,18,6,WN,973,N8301J,MDW,SAN,1440,1441.0,1.0,8.0,1449.0,255.0,231.0,219.0,1728,1628.0,4.0,1655,1632.0,-23.0,0,0,,0.0,0.0,0.0,0.0,0.0,2015-04-18,0,0.0,0.0,0.0,0.0,0.0
2015,4,21,2,WN,279,N438WN,SJC,PHX,1640,1702.0,22.0,7.0,1709.0,110.0,102.0,90.0,621,1839.0,5.0,1830,1844.0,14.0,0,0,,0.0,0.0,0.0,0.0,0.0,2015-04-21,1,0.0,0.0,0.0,0.0,0.0
2015,4,28,2,UA,1070,N68843,PIT,SFO,655,704.0,9.0,9.0,713.0,331.0,298.0,282.0,2254,855.0,7.0,926,902.0,-24.0,0,0,,0.0,0.0,0.0,0.0,0.0,2015-04-28,0,0.0,0.0,0.0,0.0,0.0
2015,3,28,6,AA,1218,N454AA,DFW,MSP,845,843.0,-2.0,16.0,859.0,140.0,154.0,134.0,852,1113.0,4.0,1105,1117.0,12.0,0,0,,0.0,0.0,0.0,0.0,0.0,2015-03-28,0,0.0,0.0,0.0,0.0,0.0
2015,5,3,7,AA,1467,N3CLAA,FLL,ORD,1030,1022.0,-8.0,14.0,1036.0,205.0,183.0,159.0,1182,1215.0,10.0,1255,1225.0,-30.0,0,0,,0.0,0.0,0.0,0.0,0.0,2015-05-03,0,0.0,0.0,0.0,0.0,0.0
2015,4,2,4,NK,718,N638NK,DFW,LGA,745,738.0,-7.0,17.0,755.0,195.0,208.0,180.0,1389,1155.0,11.0,1200,1206.0,6.0,0,0,,0.0,0.0,0.0,0.0,0.0,2015-04-02,0,0.0,0.0,0.0,0.0,0.0
2015,3,30,1,EV,5287,N719EV,MSP,RIC,1915,1942.0,27.0,22.0,2004.0,149.0,133.0,107.0,970,2251.0,4.0,2244,2255.0,11.0,0,0,,0.0,0.0,0.0,0.0,0.0,2015-03-30,1,0.0,0.0,0.0,0.0,0.0
2015,4,18,6,WN,1892,N956WN,DEN,AUS,1015,1010.0,-5.0,14.0,1024.0,135.0,127.0,108.0,775,1312.0,5.0,1330,1317.0,-13.0,0,0,,0.0,0.0,0.0,0.0,0.0,2015-04-18,0,0.0,0.0,0.0,0.0,0.0
2015,5,5,2,MQ,3431,N531MQ,COU,DFW,618,610.0,-8.0,13.0,623.0,107.0,101.0,69.0,489,732.0,19.0,805,751.0,-14.0,0,0,,0.0,0.0,0.0,0.0,0.0,2015-05-05,0,0.0,0.0,0.0,0.0,0.0
2015,4,1,3,WN,1449,N388SW,ONT,SMF,1115,1117.0,2.0,8.0,1125.0,75.0,72.0,60.0,390,1225.0,4.0,1230,1229.0,-1.0,0,0,,0.0,0.0,0.0,0.0,0.0,2015-04-01,0,0.0,0.0,0.0,0.0,0.0
2015,4,18,6,AA,146,N3FAAA,MIA,BOS,2105,2101.0,-4.0,13.0,2114.0,196.0,177.0,158.0,1258,2352.0,6.0,21,2358.0,-23.0,0,0,,0.0,0.0,0.0,0.0,0.0,2015-04-18,0,0.0,0.0,0.0,0.0,0.0
2015,4,17,5,UA,452,N482UA,DEN,IAD,1438,1459.0,21.0,13.0,1512.0,204.0,191.0,171.0,1452,2003.0,7.0,2002,2010.0,8.0,0,0,,0.0,0.0,0.0,0.0,0.0,2015-04-17,1,0.0,0.0,0.0,0.0,0.0
2015,4,23,4,WN,888,N904WN,GEG,LAS,1130,1124.0,-6.0,10.0,1134.0,135.0,143.0,121.0,806,1335.0,12.0,1345,1347.0,2.0,0,0,,0.0,0.0,0.0,0.0,0.0,2015-04-23,0,0.0,0.0,0.0,0.0,0.0
2015,4,20,1,AA,2460,N467AA,DFW,IAH,1049,1041.0,-8.0,22.0,1103.0,77.0,70.0,40.0,224,1143.0,8.0,1206,1151.0,-15.0,0,0,,0.0,0.0,0.0,0.0,0.0,2015-04-20,0,0.0,0.0,0.0,0.0,0.0
2015,4,24,5,AA,1104,N3EWAA,LGA,DFW,1223,1220.0,-3.0,52.0,1312.0,242.0,296.0,230.0,1389,1602.0,14.0,1525,1616.0,51.0,0,0,,51.0,0.0,0.0,0.0,0.0,2015-04-24,0,-1700.0,-0.0,-0.0,-0.0,-0.0
2015,3,31,2,WN,4832,N926WN,PHX,LAS,730,725.0,-5.0,13.0,738.0,65.0,66.0,43.0,255,821.0,10.0,835,831.0,-4.0,0,0,,0.0,0.0,0.0,0.0,0.0,2015-03-31,0,0.0,0.0,0.0,0.0,0.0
2015,4,27,1,B6,814,N638JB,FLL,HPN,1920,2139.0,139.0,31.0,2210.0,176.0,181.0,146.0,1097,36.0,4.0,2216,40.0,144.0,0,0,,5.0,0.0,0.0,114.0,25.0,2015-04-27,1,3.6,0.0,0.0,82.01,17.99
2015,4,25,6,UA,1269,N78511,ANC,ORD,1957,1950.0,-7.0,7.0,1957.0,368.0,355.0,341.0,2846,438.0,7.0,505,445.0,-20.0,0,0,,0.0,0.0,0.0,0.0,0.0,2015-04-25,0,0.0,0.0,0.0,0.0,0.0
2015,3,28,6,AA,1503,N3JEAA,FLL,DFW,859,851.0,-8.0,13.0,904.0,201.0,193.0,167.0,1119,1051.0,13.0,1120,1104.0,-16.0,0,0,,0.0,0.0,0.0,0.0,0.0,2015-03-28,0,0.0,0.0,0.0,0.0,0.0
2015,5,2,6,UA,434,N452UA,LAS,IAD,1340,1339.0,-1.0,13.0,1352.0,276.0,259.0,243.0,2065,2055.0,3.0,2116,2058.0,-18.0,0,0,,0.0,0.0,0.0,0.0,0.0,2015-05-02,0,0.0,0.0,0.0,0.0,0.0
2015,4,26,7,WN,881,N8626B,DAL,MCO,905,905.0,0.0,10.0,915.0,150.0,129.0,111.0,973,1206.0,8.0,1235,1214.0,-21.0,0,0,,0.0,0.0,0.0,0.0,0.0,2015-04-26,0,0.0,0.0,0.0,0.0,0.0
2015,5,1,5,VX,715,N841VA,LGA,DAL,1150,1155.0,5.0,23.0,1218.0,240.0,207.0,177.0,1381,1415.0,7.0,1450,1422.0,-28.0,0,0,,0.0,0.0,0.0,0.0,0.0,2015-05-01,0,0.0,0.0,0.0,0.0,0.0
2015,4,21,2,EV,2549,N667GB,DFW,CRP,1705,1659.0,-6.0,21.0,1720.0,89.0,83.0,58.0,354,1818.0,4.0,1834,1822.0,-12.0,0,0,,0.0,0.0,0.0,0.0,0.0,2015-04-21,0,0.0,0.0,0.0,0.0,0.0
2015,4,20,1,AA,1630,N009AA,DFW,ATL,846,915.0,29.0,14.0,929.0,130.0,109.0,89.0,731,1158.0,6.0,1156,1204.0,8.0,0,0,,0.0,0.0,0.0,0.0,0.0,2015-04-20,1,0.0,0.0,0.0,0.0,0.0
2015,4,19,7,DL,1475,N992DL,ATL,SAV,1644,1641.0,-3.0,28.0,1709.0,66.0,83.0,35.0,214,1744.0,20.0,1750,1804.0,14.0,0,0,,0.0,0.0,0.0,0.0,0.0,2015-04-19,0,0.0,0.0,0.0,0.0,0.0
2015,3,28,6,EV,5124,N132EV,ATL,JAN,1049,1046.0,-3.0,13.0,1059.0,85.0,68.0,53.0,341,1052.0,2.0,1114,1054.0,-20.0,0,0,,0.0,0.0,0.0,0.0,0.0,2015-03-28,0,0.0,0.0,0.0,0.0,0.0
2015,4,15,3,AA,1298,N3GNAA,SNA,DFW,915,909.0,-6.0,13.0,922.0,173.0,170.0,146.0,1205,1348.0,11.0,1408,1359.0,-9.0,0,0,,0.0,0.0,0.0,0.0,0.0,2015-04-15,0,0.0,0.0,0.0,0.0,0.0
2015,4,30,4,EV,4481,N22909,IAH,PNS,1259,1258.0,-1.0,19.0,1317.0,97.0,98.0,71.0,489,1428.0,8.0,1436,1436.0,0.0,0,0,,0.0,0.0,0.0,0.0,0.0,2015-04-30,0,0.0,0.0,0.0,0.0,0.0
2015,3,31,2,DL,2146,N939DN,ATL,ROC,915,922.0,7.0,11.0,933.0,125.0,117.0,99.0,749,1112.0,7.0,1120,1119.0,-1.0,0,0,,0.0,0.0,0.0,0.0,0.0,2015-03-31,0,0.0,0.0,0.0,0.0,0.0
2015,4,6,1,WN,3054,N482WN,BUR,DEN,750,743.0,-7.0,11.0,754.0,135.0,122.0,104.0,850,1038.0,7.0,1105,1045.0,-20.0,0,0,,0.0,0.0,0.0,0.0,0.0,2015-04-06,0,0.0,0.0,0.0,0.0,0.0
2015,4,17,5,EV,4120,N14188,LGA,CLE,822,818.0,-4.0,22.0,840.0,113.0,105.0,75.0,419,955.0,8.0,1015,1003.0,-12.0,0,0,,0.0,0.0,0.0,0.0,0.0,2015-04-17,0,0.0,0.0,0.0,0.0,0.0
2015,4,15,3,WN,801,N7714B,LAX,DEN,1120,1118.0,-2.0,9.0,1127.0,140.0,123.0,108.0,862,1415.0,6.0,1440,1421.0,-19.0,0,0,,0.0,0.0,0.0,0.0,0.0,2015-04-15,0,0.0,0.0,0.0,0.0,0.0
2015,4,9,4,US,1725,N576UW,CLT,MCO,745,739.0,-6.0,30.0,809.0,98.0,100.0,64.0,468,913.0,6.0,923,919.0,-4.0,0,0,,0.0,0.0,0.0,0.0,0.0,2015-04-09,0,0.0,0.0,0.0,0.0,0.0
2015,4,28,2,AA,1014,N3DMAA,ORD,LAX,1820,1812.0,-8.0,20.0,1832.0,279.0,242.0,217.0,1744,2009.0,5.0,2059,2014.0,-45.0,0,0,,0.0,0.0,0.0,0.0,0.0,2015-04-28,0,0.0,0.0,0.0,0.0,0.0
2015,3,26,4,EV,4311,N11107,ORD,RIC,2030,2030.0,0.0,13.0,2043.0,120.0,109.0,90.0,642,2313.0,6.0,2330,2319.0,-11.0,0,0,,0.0,0.0,0.0,0.0,0.0,2015-03-26,0,0.0,0.0,0.0,0.0,0.0
2015,4,2,4,WN,4210,N7716A,PHL,MCO,700,650.0,-10.0,8.0,658.0,155.0,132.0,115.0,861,853.0,9.0,935,902.0,-33.0,0,0,,0.0,0.0,0.0,0.0,0.0,2015-04-02,0,0.0,0.0,0.0,0.0,0.0
2015,5,4,1,OO,6395,N120SY,ORD,COS,1650,1650.0,0.0,26.0,1716.0,167.0,198.0,132.0,911,1828.0,40.0,1837,1908.0,31.0,0,0,,31.0,0.0,0.0,0.0,0.0,2015-05-04,0,inf,0.0,0.0,0.0,0.0
2015,4,3,5,EV,5162,N138EV,ATL,FAY,810,804.0,-6.0,13.0,817.0,74.0,67.0,51.0,331,908.0,3.0,924,911.0,-13.0,0,0,,0.0,0.0,0.0,0.0,0.0,2015-04-03,0,0.0,0.0,0.0,0.0,0.0
2015,5,4,1,WN,315,N515SW,MSY,HOU,2130,2129.0,-1.0,15.0,2144.0,70.0,74.0,51.0,302,2235.0,8.0,2240,2243.0,3.0,0,0,,0.0,0.0,0.0,0.0,0.0,2015-05-04,0,0.0,0.0,0.0,0.0,0.0
2015,4,22,3,AS,452,N792AS,SEA,LAX,815,809.0,-6.0,18.0,827.0,166.0,163.0,134.0,954,1041.0,11.0,1101,1052.0,-9.0,0,0,,0.0,0.0,0.0,0.0,0.0,2015-04-22,0,0.0,0.0,0.0,0.0,0.0
2015,4,24,5,OO,2866,N464SW,LAX,RDM,1750,1746.0,-4.0,18.0,1804.0,129.0,119.0,98.0,726,1942.0,3.0,1959,1945.0,-14.0,0,0,,0.0,0.0,0.0,0.0,0.0,2015-04-24,0,0.0,0.0,0.0,0.0,0.0
2015,4,24,5,AA,1140,N3AXAA,LGA,DFW,1825,1822.0,-3.0,44.0,1906.0,254.0,298.0,219.0,1389,2145.0,35.0,2139,2220.0,41.0,0,0,,41.0,0.0,0.0,0.0,0.0,2015-04-24,0,-1366.67,-0.0,-0.0,-0.0,-0.0
2015,4,13,1,WN,298,N685SW,SFO,LAX,900,855.0,-5.0,14.0,909.0,85.0,80.0,61.0,337,1010.0,5.0,1025,1015.0,-10.0,0,0,,0.0,0.0,0.0,0.0,0.0,2015-04-13,0,0.0,0.0,0.0,0.0,0.0
2015,4,29,3,WN,3934,N404WN,MDW,MCI,1305,1309.0,4.0,7.0,1316.0,85.0,69.0,57.0,405,1413.0,5.0,1430,1418.0,-12.0,0,0,,0.0,0.0,0.0,0.0,0.0,2015-04-29,0,0.0,0.0,0.0,0.0,0.0
2015,4,29,3,US,1905,N282AY,CLT,MCO,925,922.0,-3.0,10.0,932.0,91.0,102.0,72.0,468,1044.0,20.0,1056,1104.0,8.0,0,0,,0.0,0.0,0.0,0.0,0.0,2015-04-29,0,0.0,0.0,0.0,0.0,0.0
2015,4,27,1,AA,327,N3HHAA,CLT,IAH,1759,1807.0,8.0,21.0,1828.0,162.0,186.0,154.0,912,2002.0,11.0,1941,2013.0,32.0,0,0,,24.0,0.0,4.0,4.0,0.0,2015-04-27,0,300.0,0.0,50.0,50.0,0.0
2015,4,12,7,EV,4965,N606LR,ATL,HPN,940,937.0,-3.0,25.0,1002.0,134.0,131.0,103.0,780,1145.0,3.0,1154,1148.0,-6.0,0,0,,0.0,0.0,0.0,0.0,0.0,2015-04-12,0,0.0,0.0,0.0,0.0,0.0
2015,4,26,7,HA,382,N488HA,HNL,ITO,946,936.0,-10.0,10.0,946.0,51.0,50.0,35.0,216,1021.0,5.0,1037,1026.0,-11.0,0,0,,0.0,0.0,0.0,0.0,0.0,2015-04-26,0,0.0,0.0,0.0,0.0,0.0
2015,3,26,4,AS,382,N625AS,PDX,SFO,1010,1005.0,-5.0,10.0,1015.0,114.0,101.0,84.0,550,1139.0,7.0,1204,1146.0,-18.0,0,0,,0.0,0.0,0.0,0.0,0.0,2015-03-26,0,0.0,0.0,0.0,0.0,0.0
2015,4,3,5,WN,1166,N602SW,SAN,PHX,1200,1227.0,27.0,8.0,1235.0,70.0,58.0,45.0,304,1320.0,5.0,1310,1325.0,15.0,0,0,,0.0,0.0,3.0,12.0,0.0,2015-04-03,1,0.0,0.0,11.11,44.44,0.0
2015,4,20,1,AS,318,N760AS,SEA,SFO,955,1154.0,119.0,15.0,1209.0,124.0,126.0,101.0,679,1350.0,10.0,1159,1400.0,121.0,0,0,,121.0,0.0,0.0,0.0,0.0,2015-04-20,1,101.68,0.0,0.0,0.0,0.0
2015,4,11,6,DL,2107,N901DE,MSP,ORD,1942,1940.0,-2.0,11.0,1951.0,81.0,70.0,53.0,334,2044.0,6.0,2103,2050.0,-13.0,0,0,,0.0,0.0,0.0,0.0,0.0,2015-04-11,0,0.0,0.0,0.0,0.0,0.0
2015,4,3,5,AA,160,N3LMAA,BOS,ORD,905,859.0,-6.0,24.0,923.0,171.0,197.0,158.0,867,1101.0,15.0,1056,1116.0,20.0,0,0,,20.0,0.0,0.0,0.0,0.0,2015-04-03,0,-333.33,-0.0,-0.0,-0.0,-0.0
2015,4,21,2,DL,1341,N951DL,GSP,ATL,1330,1329.0,-1.0,23.0,1352.0,63.0,60.0,32.0,153,1424.0,5.0,1433,1429.0,-4.0,0,0,,0.0,0.0,0.0,0.0,0.0,2015-04-21,0,0.0,0.0,0.0,0.0,0.0
2015,4,22,3,DL,1329,N926AT,DTW,BDL,1005,1002.0,-3.0,14.0,1016.0,99.0,90.0,73.0,549,1129.0,3.0,1144,1132.0,-12.0,0,0,,0.0,0.0,0.0,0.0,0.0,2015-04-22,0,0.0,0.0,0.0,0.0,0.0
2015,4,3,5,WN,5,N919WN,HOU,PHX,940,940.0,0.0,7.0,947.0,175.0,167.0,153.0,1020,1020.0,7.0,1035,1027.0,-8.0,0,0,,0.0,0.0,0.0,0.0,0.0,2015-04-03,0,0.0,0.0,0.0,0.0,0.0
2015,5,3,7,DL,1885,N948DL,LGA,MCO,930,925.0,-5.0,25.0,950.0,180.0,166.0,131.0,950,1201.0,10.0,1230,1211.0,-19.0,0,0,,0.0,0.0,0.0,0.0,0.0,2015-05-03,0,0.0,0.0,0.0,0.0,0.0
2015,4,13,1,EV,4947,N738EV,PVD,DTW,1101,1222.0,81.0,25.0,1247.0,133.0,133.0,102.0,615,1429.0,6.0,1314,1435.0,81.0,0,0,,0.0,0.0,0.0,81.0,0.0,2015-04-13,1,0.0,0.0,0.0,100.0,0.0
2015,4,16,4,B6,912,N552JB,LAS,JFK,2315,2319.0,4.0,16.0,2335.0,289.0,307.0,281.0,2248,716.0,10.0,704,726.0,22.0,0,0,,18.0,0.0,4.0,0.0,0.0,2015-04-16,0,450.0,0.0,100.0,0.0,0.0
2015,4,16,4,WN,4303,N379SW,TPA,HOU,1505,1516.0,11.0,11.0,1527.0,140.0,168.0,142.0,781,1649.0,15.0,1625,1704.0,39.0,0,0,,28.0,0.0,0.0,11.0,0.0,2015-04-16,0,254.55,0.0,0.0,100.0,0.0
2015,4,24,5,HA,115,N489HA,OGG,HNL,720,715.0,-5.0,6.0,721.0,35.0,36.0,24.0,100,745.0,6.0,755,751.0,-4.0,0,0,,0.0,0.0,0.0,0.0,0.0,2015-04-24,0,0.0,0.0,0.0,0.0,0.0
2015,4,25,6,WN,1030,N956WN,ABQ,LAX,1500,1503.0,3.0,17.0,1520.0,125.0,125.0,99.0,677,1559.0,9.0,1605,1608.0,3.0,0,0,,0.0,0.0,0.0,0.0,0.0,2015-04-25,0,0.0,0.0,0.0,0.0,0.0
2015,4,9,4,WN,572,N379SW,PBI,ATL,905,857.0,-8.0,8.0,905.0,105.0,104.0,85.0,545,1030.0,11.0,1050,1041.0,-9.0,0,0,,0.0,0.0,0.0,0.0,0.0,2015-04-09,0,0.0,0.0,0.0,0.0,0.0
2015,4,2,4,AS,601,N403AS,LAS,SEA,2155,2202.0,7.0,16.0,2218.0,146.0,147.0,127.0,867,25.0,4.0,21,29.0,8.0,0,0,,0.0,0.0,0.0,0.0,0.0,2015-04-02,0,0.0,0.0,0.0,0.0,0.0
2015,4,12,7,OO,4509,N455SW,HLN,SLC,1754,1751.0,-3.0,7.0,1758.0,85.0,82.0,69.0,402,1907.0,6.0,1919,1913.0,-6.0,0,0,,0.0,0.0,0.0,0.0,0.0,2015-04-12,0,0.0,0.0,0.0,0.0,0.0
2015,3,31,2,EV,4546,N11127,IAH,ORF,1900,1857.0,-3.0,17.0,1914.0,165.0,168.0,146.0,1201,2240.0,5.0,2245,2245.0,0.0,0,0,,0.0,0.0,0.0,0.0,0.0,2015-03-31,0,0.0,0.0,0.0,0.0,0.0
2015,3,30,1,OO,4551,N461SW,RDM,SLC,625,606.0,-19.0,12.0,618.0,94.0,87.0,70.0,525,828.0,5.0,859,833.0,-26.0,0,0,,0.0,0.0,0.0,0.0,0.0,2015-03-30,0,0.0,0.0,0.0,0.0,0.0
2015,4,11,6,B6,384,N634JB,MCO,JFK,2042,2152.0,70.0,23.0,2215.0,150.0,152.0,124.0,944,19.0,5.0,2312,24.0,72.0,0,0,,2.0,0.0,0.0,56.0,14.0,2015-04-11,1,2.86,0.0,0.0,80.0,20.0
2015,3,30,1,EV,6070,N14105,XNA,DEN,1115,1104.0,-11.0,16.0,1120.0,125.0,119.0,97.0,616,1157.0,6.0,1220,1203.0,-17.0,0,0,,0.0,0.0,0.0,0.0,0.0,2015-03-30,0,0.0,0.0,0.0,0.0,0.0
2015,4,1,3,DL,348,N391DA,SJU,JFK,2026,2016.0,-10.0,12.0,2028.0,250.0,249.0,230.0,1598,18.0,7.0,36,25.0,-11.0,0,0,,0.0,0.0,0.0,0.0,0.0,2015-04-01,0,0.0,0.0,0.0,0.0,0.0
2015,3,31,2,F9,682,N933FR,DEN,MCO,2359,2354.0,-5.0,12.0,6.0,207.0,192.0,174.0,1546,500.0,6.0,526,506.0,-20.0,0,0,,0.0,0.0,0.0,0.0,0.0,2015-03-31,0,0.0,0.0,0.0,0.0,0.0
2015,4,15,3,WN,197,N367SW,AUS,HOU,1605,1602.0,-3.0,19.0,1621.0,50.0,60.0,35.0,148,1656.0,6.0,1655,1702.0,7.0,0,0,,0.0,0.0,0.0,0.0,0.0,2015-04-15,0,0.0,0.0,0.0,0.0,0.0
2015,4,24,5,US,2036,N740UW,CLT,SYR,1620,1620.0,0.0,25.0,1645.0,110.0,128.0,99.0,603,1824.0,4.0,1810,1828.0,18.0,0,0,,18.0,0.0,0.0,0.0,0.0,2015-04-24,0,inf,0.0,0.0,0.0,0.0
2015,3,29,7,NK,843,N603NK,ORD,MYR,700,710.0,10.0,11.0,721.0,118.0,108.0,90.0,753,951.0,7.0,958,958.0,0.0,0,0,,0.0,0.0,0.0,0.0,0.0,2015-03-29,0,0.0,0.0,0.0,0.0,0.0
2015,4,10,5,B6,1802,N905JB,FLL,JFK,2123,2125.0,2.0,10.0,2135.0,167.0,158.0,140.0,1069,2355.0,8.0,10,3.0,-7.0,0,0,,0.0,0.0,0.0,0.0,0.0,2015-04-10,0,0.0,0.0,0.0,0.0,0.0
2015,3,27,5,WN,168,N904WN,DCA,ATL,2050,2120.0,30.0,9.0,2129.0,110.0,101.0,84.0,547,2253.0,8.0,2240,2301.0,21.0,0,0,,0.0,0.0,10.0,11.0,0.0,2015-03-27,1,0.0,0.0,33.33,36.67,0.0
2015,5,4,1,US,2129,N804AW,DCA,BOS,1030,1029.0,-1.0,10.0,1039.0,89.0,77.0,64.0,399,1143.0,3.0,1159,1146.0,-13.0,0,0,,0.0,0.0,0.0,0.0,0.0,2015-05-04,0,0.0,0.0,0.0,0.0,0.0
2015,4,27,1,HA,201,N479HA,ITO,HNL,725,719.0,-6.0,7.0,726.0,50.0,53.0,37.0,216,803.0,9.0,815,812.0,-3.0,0,0,,0.0,0.0,0.0,0.0,0.0,2015-04-27,0,0.0,0.0,0.0,0.0,0.0
2015,4,20,1,WN,221,N789SW,DEN,OMA,1415,1420.0,5.0,10.0,1430.0,85.0,75.0,61.0,472,1631.0,4.0,1640,1635.0,-5.0,0,0,,0.0,0.0,0.0,0.0,0.0,2015-04-20,0,0.0,0.0,0.0,0.0,0.0
2015,4,5,7,EV,3271,N13975,IAD,ORD,947,948.0,1.0,21.0,1009.0,137.0,135.0,108.0,589,1057.0,6.0,1104,1103.0,-1.0,0,0,,0.0,0.0,0.0,0.0,0.0,2015-04-05,0,0.0,0.0,0.0,0.0,0.0
2015,3,26,4,US,2071,N672AW,PHL,SFO,740,739.0,-1.0,20.0,759.0,387.0,364.0,337.0,2521,1036.0,7.0,1107,1043.0,-24.0,0,0,,0.0,0.0,0.0,0.0,0.0,2015-03-26,0,0.0,0.0,0.0,0.0,0.0
2015,4,20,1,UA,1463,N68807,IAH,FLL,1038,1035.0,-3.0,26.0,1101.0,147.0,149.0,117.0,966,1358.0,6.0,1405,1404.0,-1.0,0,0,,0.0,0.0,0.0,0.0,0.0,2015-04-20,0,0.0,0.0,0.0,0.0,0.0
2015,4,26,7,DL,2372,N990DL,ATL,TPA,1330,1327.0,-3.0,9.0,1336.0,88.0,72.0,59.0,406,1435.0,4.0,1458,1439.0,-19.0,0,0,,0.0,0.0,0.0,0.0,0.0,2015-04-26,0,0.0,0.0,0.0,0.0,0.0
2015,4,24,5,EV,6093,N13992,ORD,CRW,1850,1850.0,0.0,12.0,1902.0,93.0,79.0,63.0,416,2105.0,4.0,2123,2109.0,-14.0,0,0,,0.0,0.0,0.0,0.0,0.0,2015-04-24,0,0.0,0.0,0.0,0.0,0.0
2015,4,27,1,DL,2325,N974DL,ATL,BWI,1100,1057.0,-3.0,21.0,1118.0,112.0,106.0,77.0,577,1235.0,8.0,1252,1243.0,-9.0,0,0,,0.0,0.0,0.0,0.0,0.0,2015-04-27,0,0.0,0.0,0.0,0.0,0.0
2015,4,10,5,MQ,3067,N939MQ,ORD,FNT,1155,1149.0,-6.0,17.0,1206.0,68.0,56.0,35.0,223,1341.0,4.0,1403,1345.0,-18.0,0,0,,0.0,0.0,0.0,0.0,0.0,2015-04-10,0,0.0,0.0,0.0,0.0,0.0
2015,4,6,1,MQ,3434,N525MQ,ORD,DTW,855,856.0,1.0,20.0,916.0,86.0,70.0,45.0,235,1101.0,5.0,1121,1106.0,-15.0,0,0,,0.0,0.0,0.0,0.0,0.0,2015-04-06,0,0.0,0.0,0.0,0.0,0.0
2015,3,31,2,UA,1693,N12216,SFO,EWR,640,639.0,-1.0,15.0,654.0,328.0,326.0,304.0,2565,1458.0,7.0,1508,1505.0,-3.0,0,0,,0.0,0.0,0.0,0.0,0.0,2015-03-31,0,0.0,0.0,0.0,0.0,0.0
2015,4,20,1,DL,759,N918DH,MSP,GEG,1944,2146.0,122.0,27.0,2213.0,192.0,186.0,155.0,1175,2248.0,4.0,2056,2252.0,116.0,0,0,,0.0,0.0,116.0,0.0,0.0,2015-04-20,1,0.0,0.0,95.08,0.0,0.0
2015,5,3,7,WN,683,N388SW,BNA,MDW,1545,1543.0,-2.0,10.0,1553.0,85.0,84.0,67.0,395,1700.0,7.0,1710,1707.0,-3.0,0,0,,0.0,0.0,0.0,0.0,0.0,2015-05-03,0,0.0,0.0,0.0,0.0,0.0
2015,4,7,2,WN,1806,N202WN,MCI,DAL,610,607.0,-3.0,15.0,622.0,95.0,89.0,70.0,460,732.0,4.0,745,736.0,-9.0,0,0,,0.0,0.0,0.0,0.0,0.0,2015-04-07,0,0.0,0.0,0.0,0.0,0.0
2015,4,6,1,EV,5936,N14143,ISN,DEN,814,802.0,-12.0,25.0,827.0,126.0,130.0,99.0,576,906.0,6.0,920,912.0,-8.0,0,0,,0.0,0.0,0.0,0.0,0.0,2015-04-06,0,0.0,0.0,0.0,0.0,0.0
2015,4,2,4,EV,4468,N14950,CMH,IAH,828,819.0,-9.0,19.0,838.0,197.0,181.0,151.0,986,1009.0,11.0,1045,1020.0,-25.0,0,0,,0.0,0.0,0.0,0.0,0.0,2015-04-02,0,0.0,0.0,0.0,0.0,0.0
2015,3,30,1,OO,6456,N771SK,ICT,DEN,2032,2028.0,-4.0,11.0,2039.0,94.0,87.0,68.0,420,2047.0,8.0,2106,2055.0,-11.0,0,0,,0.0,0.0,0.0,0.0,0.0,2015-03-30,0,0.0,0.0,0.0,0.0,0.0
2015,4,23,4,UA,1714,N77295,LGA,ORD,1600,1554.0,-6.0,15.0,1609.0,167.0,137.0,113.0,733,1702.0,9.0,1747,1711.0,-36.0,0,0,,0.0,0.0,0.0,0.0,0.0,2015-04-23,0,0.0,0.0,0.0,0.0,0.0
2015,4,12,7,WN,2877,N7708E,LAS,LIT,1220,1215.0,-5.0,19.0,1234.0,180.0,182.0,158.0,1294,1712.0,5.0,1720,1717.0,-3.0,0,0,,0.0,0.0,0.0,0.0,0.0,2015-04-12,0,0.0,0.0,0.0,0.0,0.0
2015,4,21,2,OO,6225,N114SY,DFW,ORD,2015,2054.0,39.0,11.0,2105.0,139.0,120.0,106.0,802,2251.0,3.0,2234,2254.0,20.0,0,0,,0.0,0.0,0.0,20.0,0.0,2015-04-21,1,0.0,0.0,0.0,51.28,0.0
2015,4,1,3,US,873,N122US,CLT,ATL,1315,1318.0,3.0,29.0,1347.0,80.0,80.0,42.0,226,1429.0,9.0,1435,1438.0,3.0,0,0,,0.0,0.0,0.0,0.0,0.0,2015-04-01,0,0.0,0.0,0.0,0.0,0.0
2015,4,25,6,EV,4625,N11165,MHT,EWR,1800,1750.0,-10.0,12.0,1802.0,76.0,73.0,52.0,209,1854.0,9.0,1916,1903.0,-13.0,0,0,,0.0,0.0,0.0,0.0,0.0,2015-04-25,0,0.0,0.0,0.0,0.0,0.0
2015,4,29,3,DL,1235,N967AT,ATL,MDT,939,1004.0,25.0,12.0,1016.0,112.0,101.0,83.0,620,1139.0,6.0,1131,1145.0,14.0,0,0,,0.0,0.0,0.0,0.0,0.0,2015-04-29,1,0.0,0.0,0.0,0.0,0.0
2015,3,31,2,WN,3146,N603SW,TPA,ATL,1325,1349.0,24.0,12.0,1401.0,90.0,91.0,69.0,406,1510.0,10.0,1455,1520.0,25.0,0,0,,1.0,0.0,0.0,24.0,0.0,2015-03-31,1,4.17,0.0,0.0,100.0,0.0
2015,4,8,3,WN,753,N943WN,MSY,STL,1500,1456.0,-4.0,14.0,1510.0,105.0,109.0,91.0,604,1641.0,4.0,1645,1645.0,0.0,0,0,,0.0,0.0,0.0,0.0,0.0,2015-04-08,0,0.0,0.0,0.0,0.0,0.0
2015,4,27,1,WN,894,N725SW,RDU,FLL,630,626.0,-4.0,8.0,634.0,120.0,111.0,96.0,680,810.0,7.0,830,817.0,-13.0,0,0,,0.0,0.0,0.0,0.0,0.0,2015-04-27,0,0.0,0.0,0.0,0.0,0.0
2015,3,31,2,EV,5918,N11547,ORD,ICT,1609,1607.0,-2.0,35.0,1642.0,119.0,126.0,87.0,588,1809.0,4.0,1808,1813.0,5.0,0,0,,0.0,0.0,0.0,0.0,0.0,2015-03-31,0,0.0,0.0,0.0,0.0,0.0
2015,5,3,7,EV,5160,N841AS,DTW,HSV,1945,1940.0,-5.0,17.0,1957.0,109.0,100.0,78.0,554,2015.0,5.0,2034,2020.0,-14.0,0,0,,0.0,0.0,0.0,0.0,0.0,2015-05-03,0,0.0,0.0,0.0,0.0,0.0
2015,4,28,2,EV,4562,N16919,IAH,OMA,1308,1306.0,-2.0,26.0,1332.0,135.0,140.0,111.0,781,1523.0,3.0,1523,1526.0,3.0,0,0,,0.0,0.0,0.0,0.0,0.0,2015-04-28,0,0.0,0.0,0.0,0.0,0.0
2015,4,27,1,US,1898,N587UW,SEA,PHX,825,815.0,-10.0,23.0,838.0,163.0,157.0,131.0,1107,1049.0,3.0,1108,1052.0,-16.0,0,0,,0.0,0.0,0.0,0.0,0.0,2015-04-27,0,0.0,0.0,0.0,0.0,0.0
2015,4,9,4,WN,124,N221WN,MCO,BWI,2050,2054.0,4.0,10.0,2104.0,135.0,130.0,116.0,787,2300.0,4.0,2305,2304.0,-1.0,0,0,,0.0,0.0,0.0,0.0,0.0,2015-04-09,0,0.0,0.0,0.0,0.0,0.0
2015,4,29,3,OO,2865,N869AS,LAX,SMF,1030,1024.0,-6.0,13.0,1037.0,86.0,79.0,61.0,373,1138.0,5.0,1156,1143.0,-13.0,0,0,,0.0,0.0,0.0,0.0,0.0,2015-04-29,0,0.0,0.0,0.0,0.0,0.0
2015,4,14,2,OO,4481,N659BR,ICT,MSP,1130,1119.0,-11.0,10.0,1129.0,105.0,99.0,81.0,545,1250.0,8.0,1315,1258.0,-17.0,0,0,,0.0,0.0,0.0,0.0,0.0,2015-04-14,0,0.0,0.0,0.0,0.0,0.0
2015,4,5,7,WN,766,N447WN,ONT,SJC,1900,1925.0,25.0,7.0,1932.0,65.0,64.0,54.0,333,2026.0,3.0,2005,2029.0,24.0,0,0,,3.0,0.0,0.0,21.0,0.0,2015-04-05,1,12.0,0.0,0.0,84.0,0.0
2015,4,21,2,MQ,3017,N9EAMQ,ORD,CID,1040,1039.0,-1.0,39.0,1118.0,65.0,82.0,38.0,196,1156.0,5.0,1145,1201.0,16.0,0,0,,16.0,0.0,0.0,0.0,0.0,2015-04-21,0,-1600.0,-0.0,-0.0,-0.0,-0.0
2015,4,18,6,WN,1789,N927WN,DEN,SNA,2030,2026.0,-4.0,11.0,2037.0,140.0,126.0,110.0,846,2127.0,5.0,2150,2132.0,-18.0,0,0,,0.0,0.0,0.0,0.0,0.0,2015-04-18,0,0.0,0.0,0.0,0.0,0.0
2015,4,22,3,DL,1801,N669DN,BOS,ATL,1100,1102.0,2.0,17.0,1119.0,171.0,159.0,138.0,946,1337.0,4.0,1351,1341.0,-10.0,0,0,,0.0,0.0,0.0,0.0,0.0,2015-04-22,0,0.0,0.0,0.0,0.0,0.0
2015,3,29,7,WN,878,N276WN,PBI,PHL,1045,1039.0,-6.0,18.0,1057.0,155.0,164.0,142.0,951,1319.0,4.0,1320,1323.0,3.0,0,0,,0.0,0.0,0.0,0.0,0.0,2015-03-29,0,0.0,0.0,0.0,0.0,0.0
2015,5,4,1,UA,218,N779UA,HNL,ORD,1550,1550.0,0.0,16.0,1606.0,496.0,479.0,452.0,4243,438.0,11.0,506,449.0,-17.0,0,0,,0.0,0.0,0.0,0.0,0.0,2015-05-04,0,0.0,0.0,0.0,0.0,0.0
2015,4,1,3,WN,637,N275WN,BWI,MHT,1620,1617.0,-3.0,11.0,1628.0,75.0,79.0,65.0,377,1733.0,3.0,1735,1736.0,1.0,0,0,,0.0,0.0,0.0,0.0,0.0,2015-04-01,0,0.0,0.0,0.0,0.0,0.0
2015,4,19,7,MQ,3532,N815MQ,ORD,RIC,1840,1834.0,-6.0,29.0,1903.0,134.0,135.0,102.0,642,2145.0,4.0,2154,2149.0,-5.0,0,0,,0.0,0.0,0.0,0.0,0.0,2015-04-19,0,0.0,0.0,0.0,0.0,0.0
2015,4,16,4,OO,5585,N719SK,SFO,OKC,1040,1040.0,0.0,18.0,1058.0,198.0,205.0,182.0,1384,1600.0,5.0,1558,1605.0,7.0,0,0,,0.0,0.0,0.0,0.0,0.0,2015-04-16,0,0.0,0.0,0.0,0.0,0.0
2015,4,19,7,WN,3218,N564WN,MCI,OAK,1755,1750.0,-5.0,8.0,1758.0,235.0,200.0,186.0,1489,1904.0,6.0,1950,1910.0,-40.0,0,0,,0.0,0.0,0.0,0.0,0.0,2015-04-19,0,0.0,0.0,0.0,0.0,0.0
2015,4,1,3,DL,899,N667DN,MSP,PHX,1345,1346.0,1.0,15.0,1401.0,195.0,196.0,177.0,1276,1458.0,4.0,1500,1502.0,2.0,0,0,,0.0,0.0,0.0,0.0,0.0,2015-04-01,0,0.0,0.0,0.0,0.0,0.0
2015,4,22,3,OO,4570,N781CA,OMA,MSP,915,913.0,-2.0,11.0,924.0,80.0,76.0,53.0,282,1017.0,12.0,1035,1029.0,-6.0,0,0,,0.0,0.0,0.0,0.0,0.0,2015-04-22,0,0.0,0.0,0.0,0.0,0.0
2015,3,26,4,AS,723,N796AS,SLC,SEA,1025,1018.0,-7.0,12.0,1030.0,123.0,121.0,103.0,689,1113.0,6.0,1128,1119.0,-9.0,0,0,,0.0,0.0,0.0,0.0,0.0,2015-03-26,0,0.0,0.0,0.0,0.0,0.0
2015,4,20,1,WN,4479,N8328A,ISP,PBI,1450,1528.0,38.0,9.0,1537.0,170.0,182.0,167.0,1052,1824.0,6.0,1740,1830.0,50.0,0,0,,12.0,0.0,38.0,0.0,0.0,2015-04-20,1,31.58,0.0,100.0,0.0,0.0
2015,4,24,5,OO,7369,N418SW,APN,DTW,1017,958.0,-19.0,9.0,1007.0,64.0,55.0,38.0,198,1045.0,8.0,1121,1053.0,-28.0,0,0,,0.0,0.0,0.0,0.0,0.0,2015-04-24,0,0.0,0.0,0.0,0.0,0.0
2015,3,28,6,WN,1299,N8620H,DAL,HOU,2030,2027.0,-3.0,13.0,2040.0,65.0,61.0,40.0,239,2120.0,8.0,2135,2128.0,-7.0,0,0,,0.0,0.0,0.0,0.0,0.0,2015-03-28,0,0.0,0.0,0.0,0.0,0.0
2015,4,8,3,EV,2561,N909EV,DFW,JAN,1825,1858.0,33.0,22.0,1920.0,87.0,84.0,58.0,408,2018.0,4.0,1952,2022.0,30.0,0,0,,0.0,0.0,17.0,13.0,0.0,2015-04-08,1,0.0,0.0,51.52,39.39,0.0
2015,4,28,2,WN,487,N733SA,ABQ,OAK,1120,1116.0,-4.0,6.0,1122.0,150.0,130.0,119.0,889,1221.0,5.0,1250,1226.0,-24.0,0,0,,0.0,0.0,0.0,0.0,0.0,2015-04-28,0,0.0,0.0,0.0,0.0,0.0
2015,4,15,3,US,1877,N815AW,CLT,MIA,700,659.0,-1.0,12.0,711.0,114.0,113.0,97.0,650,848.0,4.0,854,852.0,-2.0,0,0,,0.0,0.0,0.0,0.0,0.0,2015-04-15,0,0.0,0.0,0.0,0.0,0.0
2015,4,18,6,WN,2572,N779SW,MCO,SDF,1430,1440.0,10.0,15.0,1455.0,125.0,117.0,97.0,719,1632.0,5.0,1635,1637.0,2.0,0,0,,0.0,0.0,0.0,0.0,0.0,2015-04-18,0,0.0,0.0,0.0,0.0,0.0
2015,4,1,3,AA,1448,N403AA,DFW,TUS,1035,1053.0,18.0,16.0,1109.0,150.0,135.0,115.0,813,1104.0,4.0,1105,1108.0,3.0,0,0,,0.0,0.0,0.0,0.0,0.0,2015-04-01,1,0.0,0.0,0.0,0.0,0.0
2015,4,11,6,UA,1274,N33209,EWR,PBI,1945,1940.0,-5.0,14.0,1954.0,182.0,168.0,150.0,1023,2224.0,4.0,2247,2228.0,-19.0,0,0,,0.0,0.0,0.0,0.0,0.0,2015-04-11,0,0.0,0.0,0.0,0.0,0.0
2015,4,28,2,US,2162,N950UW,BOS,LGA,1300,1254.0,-6.0,17.0,1311.0,84.0,68.0,46.0,184,1357.0,5.0,1424,1402.0,-22.0,0,0,,0.0,0.0,0.0,0.0,0.0,2015-04-28,0,0.0,0.0,0.0,0.0,0.0
2015,5,1,5,WN,740,N8620H,PHX,BWI,600,555.0,-5.0,9.0,604.0,260.0,262.0,244.0,1999,1308.0,9.0,1320,1317.0,-3.0,0,0,,0.0,0.0,0.0,0.0,0.0,2015-05-01,0,0.0,0.0,0.0,0.0,0.0
2015,3,31,2,US,528,N835AW,PHX,RNO,2010,2005.0,-5.0,24.0,2029.0,110.0,114.0,86.0,601,2155.0,4.0,2200,2159.0,-1.0,0,0,,0.0,0.0,0.0,0.0,0.0,2015-03-31,0,0.0,0.0,0.0,0.0,0.0
2015,4,28,2,DL,1872,N933DN,TPA,ATL,620,616.0,-4.0,16.0,632.0,88.0,91.0,65.0,406,737.0,10.0,748,747.0,-1.0,0,0,,0.0,0.0,0.0,0.0,0.0,2015-04-28,0,0.0,0.0,0.0,0.0,0.0
2015,4,1,3,EV,5147,N612QX,DTW,MDT,1525,1523.0,-2.0,13.0,1536.0,83.0,75.0,59.0,371,1635.0,3.0,1648,1638.0,-10.0,0,0,,0.0,0.0,0.0,0.0,0.0,2015-04-01,0,0.0,0.0,0.0,0.0,0.0
2015,4,16,4,EV,5182,N752EV,CLE,DTW,655,657.0,2.0,10.0,707.0,56.0,39.0,22.0,95,729.0,7.0,751,736.0,-15.0,0,0,,0.0,0.0,0.0,0.0,0.0,2015-04-16,0,0.0,0.0,0.0,0.0,0.0
2015,4,4,6,WN,2541,N218WN,BWI,LAS,1720,1723.0,3.0,11.0,1734.0,325.0,337.0,319.0,2106,1953.0,7.0,1945,2000.0,15.0,0,0,,15.0,0.0,0.0,0.0,0.0,2015-04-04,0,500.0,0.0,0.0,0.0,0.0
2015,4,4,6,AA,2381,N864AA,LAX,MCO,800,749.0,-11.0,16.0,805.0,295.0,268.0,242.0,2218,1507.0,10.0,1555,1517.0,-38.0,0,0,,0.0,0.0,0.0,0.0,0.0,2015-04-04,0,0.0,0.0,0.0,0.0,0.0
2015,4,6,1,EV,5430,N861AS,ATL,GSO,1759,1758.0,-1.0,13.0,1811.0,74.0,68.0,49.0,306,1900.0,6.0,1913,1906.0,-7.0,0,0,,0.0,0.0,0.0,0.0,0.0,2015-04-06,0,0.0,0.0,0.0,0.0,0.0
2015,4,25,6,OO,4686,N461SW,RAP,MSP,1600,1556.0,-4.0,10.0,1606.0,97.0,94.0,75.0,489,1821.0,9.0,1837,1830.0,-7.0,0,0,,0.0,0.0,0.0,0.0,0.0,2015-04-25,0,0.0,0.0,0.0,0.0,0.0
2015,3,31,2,US,660,N667AW,PHX,SNA,1700,1654.0,-6.0,11.0,1705.0,75.0,68.0,53.0,338,1758.0,4.0,1815,1802.0,-13.0,0,0,,0.0,0.0,0.0,0.0,0.0,2015-03-31,0,0.0,0.0,0.0,0.0,0.0
2015,4,11,6,MQ,2945,N659MQ,BMI,DFW,550,1747.0,717.0,20.0,1807.0,134.0,138.0,103.0,690,1950.0,15.0,804,2005.0,721.0,0,0,,4.0,0.0,717.0,0.0,0.0,2015-04-11,1,0.56,0.0,100.0,0.0,0.0
2015,4,25,6,WN,1560,N405WN,TPA,MHT,1845,1928.0,43.0,7.0,1935.0,180.0,163.0,151.0,1204,2206.0,5.0,2145,2211.0,26.0,0,0,,0.0,0.0,21.0,5.0,0.0,2015-04-25,1,0.0,0.0,48.84,11.63,0.0
2015,4,23,4,EV,6079,N14972,ATW,ORD,1742,1730.0,-12.0,7.0,1737.0,65.0,56.0,33.0,160,1810.0,16.0,1847,1826.0,-21.0,0,0,,0.0,0.0,0.0,0.0,0.0,2015-04-23,0,0.0,0.0,0.0,0.0,0.0
2015,4,12,7,US,1866,N162UW,CLT,PBI,924,921.0,-3.0,16.0,937.0,109.0,105.0,83.0,590,1100.0,6.0,1113,1106.0,-7.0,0,0,,0.0,0.0,0.0,0.0,0.0,2015-04-12,0,0.0,0.0,0.0,0.0,0.0
2015,3,29,7,DL,2585,N321NB,MSN,MSP,710,717.0,7.0,31.0,748.0,65.0,85.0,47.0,228,835.0,7.0,815,842.0,27.0,0,0,,20.0,0.0,7.0,0.0,0.0,2015-03-29,0,285.71,0.0,100.0,0.0,0.0
2015,4,4,6,UA,208,N801UA,MIA,ORD,1206,1150.0,-16.0,12.0,1202.0,204.0,192.0,175.0,1197,1357.0,5.0,1430,1402.0,-28.0,0,0,,0.0,0.0,0.0,0.0,0.0,2015-04-04,0,0.0,0.0,0.0,0.0,0.0
2015,3,31,2,WN,3226,N740SW,DTW,STL,900,855.0,-5.0,19.0,914.0,100.0,94.0,71.0,440,925.0,4.0,940,929.0,-11.0,0,0,,0.0,0.0,0.0,0.0,0.0,2015-03-31,0,0.0,0.0,0.0,0.0,0.0
2015,5,4,1,EV,5931,N21197,JAN,ORD,1311,1306.0,-5.0,7.0,1313.0,134.0,118.0,105.0,677,1458.0,6.0,1525,1504.0,-21.0,0,0,,0.0,0.0,0.0,0.0,0.0,2015-05-04,0,0.0,0.0,0.0,0.0,0.0
2015,3,26,4,EV,5240,N186PQ,OKC,ATL,1011,1042.0,31.0,17.0,1059.0,113.0,115.0,93.0,761,1332.0,5.0,1304,1337.0,33.0,0,0,,2.0,0.0,31.0,0.0,0.0,2015-03-26,1,6.45,0.0,100.0,0.0,0.0
2015,4,8,3,US,1836,N547UW,PHX,LAS,1035,1154.0,79.0,20.0,1214.0,74.0,69.0,43.0,255,1257.0,6.0,1149,1303.0,74.0,0,0,,0.0,0.0,74.0,0.0,0.0,2015-04-08,1,0.0,0.0,93.67,0.0,0.0
2015,4,12,7,OO,5625,N923SW,EUG,SFO,1345,1345.0,0.0,17.0,1402.0,95.0,104.0,81.0,451,1523.0,6.0,1520,1529.0,9.0,0,0,,0.0,0.0,0.0,0.0,0.0,2015-04-12,0,0.0,0.0,0.0,0.0,0.0
2015,4,1,3,DL,2310,N954DL,DFW,ATL,1100,1057.0,-3.0,14.0,1111.0,132.0,124.0,99.0,731,1350.0,11.0,1412,1401.0,-11.0,0,0,,0.0,0.0,0.0,0.0,0.0,2015-04-01,0,0.0,0.0,0.0,0.0,0.0
2015,4,20,1,WN,1986,N921WN,SLC,OAK,1010,1004.0,-6.0,13.0,1017.0,110.0,101.0,79.0,588,1036.0,9.0,1100,1045.0,-15.0,0,0,,0.0,0.0,0.0,0.0,0.0,2015-04-20,0,0.0,0.0,0.0,0.0,0.0
2015,4,5,7,WN,4050,N374SW,STL,DEN,1450,1447.0,-3.0,13.0,1500.0,145.0,148.0,127.0,770,1607.0,8.0,1615,1615.0,0.0,0,0,,0.0,0.0,0.0,0.0,0.0,2015-04-05,0,0.0,0.0,0.0,0.0,0.0
2015,4,15,3,AA,2412,N486AA,DFW,SAT,659,653.0,-6.0,11.0,704.0,68.0,57.0,43.0,247,747.0,3.0,807,750.0,-17.0,0,0,,0.0,0.0,0.0,0.0,0.0,2015-04-15,0,0.0,0.0,0.0,0.0,0.0
2015,3,26,4,OO,5250,N773SK,IAH,DSM,1918,1916.0,-2.0,30.0,1946.0,131.0,142.0,108.0,802,2134.0,4.0,2129,2138.0,9.0,0,0,,0.0,0.0,0.0,0.0,0.0,2015-03-26,0,0.0,0.0,0.0,0.0,0.0
2015,4,20,1,OO,2870,N417SW,LAX,FAT,935,928.0,-7.0,30.0,958.0,61.0,73.0,38.0,209,1036.0,5.0,1036,1041.0,5.0,0,0,,0.0,0.0,0.0,0.0,0.0,2015-04-20,0,0.0,0.0,0.0,0.0,0.0
2015,4,4,6,EV,5019,N931EV,GSP,ATL,1200,1201.0,1.0,11.0,1212.0,58.0,52.0,34.0,153,1246.0,7.0,1258,1253.0,-5.0,0,0,,0.0,0.0,0.0,0.0,0.0,2015-04-04,0,0.0,0.0,0.0,0.0,0.0
2015,4,16,4,OO,2882,N417SW,SAF,LAX,1345,1350.0,5.0,13.0,1403.0,124.0,129.0,104.0,710,1447.0,12.0,1449,1459.0,10.0,0,0,,0.0,0.0,0.0,0.0,0.0,2015-04-16,0,0.0,0.0,0.0,0.0,0.0
2015,4,2,4,DL,1840,N684DA,SFO,ATL,625,630.0,5.0,15.0,645.0,276.0,253.0,231.0,2139,1336.0,7.0,1401,1343.0,-18.0,0,0,,0.0,0.0,0.0,0.0,0.0,2015-04-02,0,0.0,0.0,0.0,0.0,0.0
2015,4,3,5,DL,1062,N900DE,ATL,BDL,2140,2145.0,5.0,16.0,2201.0,146.0,131.0,110.0,859,2351.0,5.0,6,2356.0,-10.0,0,0,,0.0,0.0,0.0,0.0,0.0,2015-04-03,0,0.0,0.0,0.0,0.0,0.0
2015,4,23,4,WN,4919,N631SW,OAK,ONT,2050,2205.0,75.0,8.0,2213.0,70.0,70.0,57.0,362,2310.0,5.0,2200,2315.0,75.0,0,0,,0.0,0.0,1.0,74.0,0.0,2015-04-23,1,0.0,0.0,1.33,98.67,0.0
2015,4,19,7,WN,535,N7715E,MCO,DEN,1540,1538.0,-2.0,7.0,1545.0,240.0,214.0,202.0,1546,1707.0,5.0,1740,1712.0,-28.0,0,0,,0.0,0.0,0.0,0.0,0.0,2015-04-19,0,0.0,0.0,0.0,0.0,0.0
2015,4,25,6,WN,2316,N263WN,DEN,DAL,1940,1942.0,2.0,10.0,1952.0,110.0,108.0,85.0,651,2217.0,13.0,2230,2230.0,0.0,0,0,,0.0,0.0,0.0,0.0,0.0,2015-04-25,0,0.0,0.0,0.0,0.0,0.0
2015,4,28,2,US,814,N967UW,MSP,PHL,1350,1344.0,-6.0,10.0,1354.0,158.0,166.0,154.0,980,1728.0,2.0,1728,1730.0,2.0,0,0,,0.0,0.0,0.0,0.0,0.0,2015-04-28,0,0.0,0.0,0.0,0.0,0.0
2015,4,8,3,WN,166,N936WN,PHX,LAX,810,817.0,7.0,8.0,825.0,80.0,79.0,64.0,370,929.0,7.0,930,936.0,6.0,0,0,,0.0,0.0,0.0,0.0,0.0,2015-04-08,0,0.0,0.0,0.0,0.0,0.0
2015,4,1,3,EV,4232,N12921,CLE,ORD,935,928.0,-7.0,10.0,938.0,86.0,75.0,59.0,315,937.0,6.0,1001,943.0,-18.0,0,0,,0.0,0.0,0.0,0.0,0.0,2015-04-01,0,0.0,0.0,0.0,0.0,0.0
2015,3,29,7,WN,888,N943WN,DEN,TUS,1510,1504.0,-6.0,12.0,1516.0,110.0,109.0,94.0,639,1550.0,3.0,1600,1553.0,-7.0,0,0,,0.0,0.0,0.0,0.0,0.0,2015-03-29,0,0.0,0.0,0.0,0.0,0.0
2015,4,26,7,AA,1516,N3CBAA,SAT,MIA,627,623.0,-4.0,16.0,639.0,163.0,156.0,129.0,1143,948.0,11.0,1010,959.0,-11.0,0,0,,0.0,0.0,0.0,0.0,0.0,2015-04-26,0,0.0,0.0,0.0,0.0,0.0
2015,4,18,6,AA,328,N3LEAA,LGA,ORD,1025,1013.0,-12.0,39.0,1052.0,162.0,175.0,120.0,733,1152.0,16.0,1207,1208.0,1.0,0,0,,0.0,0.0,0.0,0.0,0.0,2015-04-18,0,0.0,0.0,0.0,0.0,0.0
2015,4,5,7,DL,2282,N6707A,MSP,MCO,905,905.0,0.0,17.0,922.0,192.0,176.0,147.0,1310,1249.0,12.0,1317,1301.0,-16.0,0,0,,0.0,0.0,0.0,0.0,0.0,2015-04-05,0,0.0,0.0,0.0,0.0,0.0
2015,4,12,7,AA,2494,N472AA,RNO,DFW,1205,1213.0,8.0,27.0,1240.0,197.0,209.0,161.0,1345,1721.0,21.0,1722,1742.0,20.0,0,0,,12.0,0.0,4.0,4.0,0.0,2015-04-12,0,150.0,0.0,50.0,50.0,0.0
2015,4,2,4,US,1986,N948UW,PHL,MSP,1810,1809.0,-1.0,37.0,1846.0,189.0,186.0,147.0,980,2013.0,2.0,2019,2015.0,-4.0,0,0,,0.0,0.0,0.0,0.0,0.0,2015-04-02,0,0.0,0.0,0.0,0.0,0.0
2015,4,13,1,DL,1058,N831DN,ATL,MCO,1355,1406.0,11.0,23.0,1429.0,94.0,93.0,62.0,404,1531.0,8.0,1529,1539.0,10.0,0,0,,0.0,0.0,0.0,0.0,0.0,2015-04-13,0,0.0,0.0,0.0,0.0,0.0
2015,4,22,3,MQ,3369,N900MQ,AMA,DFW,1000,950.0,-10.0,10.0,1000.0,70.0,70.0,52.0,312,1052.0,8.0,1110,1100.0,-10.0,0,0,,0.0,0.0,0.0,0.0,0.0,2015-04-22,0,0.0,0.0,0.0,0.0,0.0
2015,4,9,4,WN,4820,N669SW,HOU,MSY,1205,1200.0,-5.0,15.0,1215.0,60.0,63.0,44.0,302,1259.0,4.0,1305,1303.0,-2.0,0,0,,0.0,0.0,0.0,0.0,0.0,2015-04-09,0,0.0,0.0,0.0,0.0,0.0
2015,4,21,2,OO,5467,N961SW,ONT,SFO,530,522.0,-8.0,21.0,543.0,90.0,86.0,59.0,363,642.0,6.0,700,648.0,-12.0,0,0,,0.0,0.0,0.0,0.0,0.0,2015-04-21,0,0.0,0.0,0.0,0.0,0.0
2015,3,31,2,OO,5516,N980SW,LAX,PHX,1609,1603.0,-6.0,11.0,1614.0,87.0,75.0,59.0,370,1713.0,5.0,1736,1718.0,-18.0,0,0,,0.0,0.0,0.0,0.0,0.0,2015-03-31,0,0.0,0.0,0.0,0.0,0.0
2015,4,23,4,MQ,3320,N601MQ,DFW,CHA,1848,1845.0,-3.0,16.0,1901.0,126.0,105.0,85.0,695,2126.0,4.0,2154,2130.0,-24.0,0,0,,0.0,0.0,0.0,0.0,0.0,2015-04-23,0,0.0,0.0,0.0,0.0,0.0
2015,3,28,6,EV,5006,N844AS,DHN,ATL,1403,1400.0,-3.0,8.0,1408.0,57.0,50.0,36.0,170,1544.0,6.0,1600,1550.0,-10.0,0,0,,0.0,0.0,0.0,0.0,0.0,2015-03-28,0,0.0,0.0,0.0,0.0,0.0
2015,4,20,1,DL,1737,N820DN,DTW,BWI,716,710.0,-6.0,15.0,725.0,92.0,83.0,60.0,409,825.0,8.0,848,833.0,-15.0,0,0,,0.0,0.0,0.0,0.0,0.0,2015-04-20,0,0.0,0.0,0.0,0.0,0.0
2015,4,11,6,OO,4557,N679CA,SLC,LAS,840,837.0,-3.0,18.0,855.0,89.0,80.0,56.0,368,851.0,6.0,909,857.0,-12.0,0,0,,0.0,0.0,0.0,0.0,0.0,2015-04-11,0,0.0,0.0,0.0,0.0,0.0
2015,4,26,7,WN,376,N244WN,MDW,DSM,2215,2211.0,-4.0,7.0,2218.0,70.0,55.0,44.0,306,2302.0,4.0,2325,2306.0,-19.0,0,0,,0.0,0.0,0.0,0.0,0.0,2015-04-26,0,0.0,0.0,0.0,0.0,0.0
2015,4,22,3,WN,679,N202WN,OAK,PDX,1345,1345.0,0.0,10.0,1355.0,95.0,89.0,77.0,543,1512.0,2.0,1520,1514.0,-6.0,0,0,,0.0,0.0,0.0,0.0,0.0,2015-04-22,0,0.0,0.0,0.0,0.0,0.0
2015,4,30,4,DL,158,N321US,DTW,BOS,1210,1212.0,2.0,15.0,1227.0,107.0,117.0,91.0,632,1358.0,11.0,1357,1409.0,12.0,0,0,,0.0,0.0,0.0,0.0,0.0,2015-04-30,0,0.0,0.0,0.0,0.0,0.0
2015,4,14,2,WN,877,N454WN,LAS,OAK,1925,1928.0,3.0,42.0,2010.0,95.0,116.0,69.0,407,2119.0,5.0,2100,2124.0,24.0,0,0,,24.0,0.0,0.0,0.0,0.0,2015-04-14,0,800.0,0.0,0.0,0.0,0.0
2015,3,27,5,WN,908,N259WN,OAK,SLC,915,914.0,-1.0,11.0,925.0,100.0,93.0,80.0,588,1145.0,2.0,1155,1147.0,-8.0,0,0,,0.0,0.0,0.0,0.0,0.0,2015-03-27,0,0.0,0.0,0.0,0.0,0.0
2015,4,1,3,DL,1944,N6701,MKE,MSP,1509,1504.0,-5.0,56.0,1600.0,80.0,129.0,67.0,297,1707.0,6.0,1629,1713.0,44.0,0,0,,44.0,0.0,0.0,0.0,0.0,2015-04-01,0,-880.0,-0.0,-0.0,-0.0,-0.0
2015,4,21,2,WN,4026,N400WN,HOU,BNA,2105,2101.0,-4.0,11.0,2112.0,105.0,99.0,82.0,670,2234.0,6.0,2250,2240.0,-10.0,0,0,,0.0,0.0,0.0,0.0,0.0,2015-04-21,0,0.0,0.0,0.0,0.0,0.0
2015,4,4,6,UA,1649,N15712,IAH,PHX,1440,1448.0,8.0,11.0,1459.0,176.0,160.0,145.0,1009,1524.0,4.0,1536,1528.0,-8.0,0,0,,0.0,0.0,0.0,0.0,0.0,2015-04-04,0,0.0,0.0,0.0,0.0,0.0
2015,4,15,3,WN,1726,N262WN,SNA,OAK,645,642.0,-3.0,19.0,701.0,100.0,88.0,64.0,371,805.0,5.0,825,810.0,-15.0,0,0,,0.0,0.0,0.0,0.0,0.0,2015-04-15,0,0.0,0.0,0.0,0.0,0.0
2015,4,6,1,EV,5787,N15980,TUL,IAH,825,812.0,-13.0,11.0,823.0,96.0,94.0,74.0,429,937.0,9.0,1001,946.0,-15.0,0,0,,0.0,0.0,0.0,0.0,0.0,2015-04-06,0,0.0,0.0,0.0,0.0,0.0
2015,5,2,6,AA,1096,N4XJAA,OMA,DFW,1855,1859.0,4.0,10.0,1909.0,115.0,117.0,82.0,583,2031.0,25.0,2050,2056.0,6.0,0,0,,0.0,0.0,0.0,0.0,0.0,2015-05-02,0,0.0,0.0,0.0,0.0,0.0
2015,4,30,4,EV,5015,N741EV,SAT,DTW,730,732.0,2.0,14.0,746.0,180.0,183.0,162.0,1214,1128.0,7.0,1130,1135.0,5.0,0,0,,0.0,0.0,0.0,0.0,0.0,2015-04-30,0,0.0,0.0,0.0,0.0,0.0
2015,4,23,4,B6,2301,N712JB,BUF,JFK,905,904.0,-1.0,13.0,917.0,83.0,77.0,56.0,301,1013.0,8.0,1028,1021.0,-7.0,0,0,,0.0,0.0,0.0,0.0,0.0,2015-04-23,0,0.0,0.0,0.0,0.0,0.0
2015,4,20,1,WN,2168,N496WN,MDW,SAN,1225,1225.0,0.0,19.0,1244.0,255.0,251.0,228.0,1728,1432.0,4.0,1440,1436.0,-4.0,0,0,,0.0,0.0,0.0,0.0,0.0,2015-04-20,0,0.0,0.0,0.0,0.0,0.0
2015,3,31,2,EV,4192,N14904,IAH,IND,1250,1246.0,-4.0,17.0,1303.0,139.0,135.0,112.0,844,1555.0,6.0,1609,1601.0,-8.0,0,0,,0.0,0.0,0.0,0.0,0.0,2015-03-31,0,0.0,0.0,0.0,0.0,0.0
2015,3,31,2,DL,829,N311US,BOS,MSP,1124,1121.0,-3.0,12.0,1133.0,193.0,179.0,162.0,1124,1315.0,5.0,1337,1320.0,-17.0,0,0,,0.0,0.0,0.0,0.0,0.0,2015-03-31,0,0.0,0.0,0.0,0.0,0.0
2015,4,17,5,WN,2699,N220WN,ABQ,DAL,1240,1235.0,-5.0,9.0,1244.0,95.0,93.0,80.0,580,1504.0,4.0,1515,1508.0,-7.0,0,0,,0.0,0.0,0.0,0.0,0.0,2015-04-17,0,0.0,0.0,0.0,0.0,0.0
2015,4,12,7,MQ,3042,N612MQ,SGF,ORD,759,755.0,-4.0,14.0,809.0,101.0,99.0,64.0,438,913.0,21.0,940,934.0,-6.0,0,0,,0.0,0.0,0.0,0.0,0.0,2015-04-12,0,0.0,0.0,0.0,0.0,0.0
2015,4,20,1,OO,5499,N724SK,MFE,IAH,1621,1620.0,-1.0,10.0,1630.0,74.0,61.0,47.0,316,1717.0,4.0,1735,1721.0,-14.0,0,0,,0.0,0.0,0.0,0.0,0.0,2015-04-20,0,0.0,0.0,0.0,0.0,0.0
2015,3,26,4,WN,48,N353SW,PHX,MSY,1015,1012.0,-3.0,17.0,1029.0,175.0,177.0,157.0,1300,1506.0,3.0,1510,1509.0,-1.0,0,0,,0.0,0.0,0.0,0.0,0.0,2015-03-26,0,0.0,0.0,0.0,0.0,0.0
2015,5,3,7,MQ,3684,N627MQ,GJT,DFW,750,749.0,-1.0,13.0,802.0,133.0,131.0,105.0,773,1047.0,13.0,1103,1100.0,-3.0,0,0,,0.0,0.0,0.0,0.0,0.0,2015-05-03,0,0.0,0.0,0.0,0.0,0.0
2015,4,9,4,B6,585,N296JB,ROC,JFK,1827,1855.0,28.0,31.0,1926.0,93.0,107.0,65.0,264,2031.0,11.0,2000,2042.0,42.0,0,0,,42.0,0.0,0.0,0.0,0.0,2015-04-09,1,150.0,0.0,0.0,0.0,0.0
2015,4,18,6,EV,2544,N879AS,DFW,FSM,2025,19.0,234.0,17.0,36.0,69.0,57.0,37.0,227,113.0,3.0,2134,116.0,222.0,0,0,,0.0,0.0,222.0,0.0,0.0,2015-04-18,1,0.0,0.0,94.87,0.0,0.0
2015,4,2,4,OO,4725,N161PQ,SLC,IAH,1349,1346.0,-3.0,18.0,1404.0,181.0,160.0,138.0,1195,1722.0,4.0,1750,1726.0,-24.0,0,0,,0.0,0.0,0.0,0.0,0.0,2015-04-02,0,0.0,0.0,0.0,0.0,0.0
2015,4,29,3,OO,4662,N609SK,TUL,SLC,1742,1737.0,-5.0,13.0,1750.0,162.0,145.0,127.0,926,1857.0,5.0,1924,1902.0,-22.0,0,0,,0.0,0.0,0.0,0.0,0.0,2015-04-29,0,0.0,0.0,0.0,0.0,0.0
2015,4,30,4,UA,887,N496UA,SFO,LAX,2008,2002.0,-6.0,13.0,2015.0,104.0,119.0,60.0,337,2115.0,46.0,2152,2201.0,9.0,0,0,,0.0,0.0,0.0,0.0,0.0,2015-04-30,0,0.0,0.0,0.0,0.0,0.0
2015,3,30,1,AA,1019,N3JSAA,LGA,MIA,1530,1523.0,-7.0,15.0,1538.0,203.0,204.0,162.0,1096,1820.0,27.0,1853,1847.0,-6.0,0,0,,0.0,0.0,0.0,0.0,0.0,2015-03-30,0,0.0,0.0,0.0,0.0,0.0
2015,4,7,2,UA,1637,N38257,SFO,SEA,2035,2030.0,-5.0,14.0,2044.0,128.0,114.0,91.0,679,2215.0,9.0,2243,2224.0,-19.0,0,0,,0.0,0.0,0.0,0.0,0.0,2015-04-07,0,0.0,0.0,0.0,0.0,0.0
2015,4,16,4,WN,772,N249WN,ATL,STL,735,731.0,-4.0,17.0,748.0,100.0,97.0,76.0,484,804.0,4.0,815,808.0,-7.0,0,0,,0.0,0.0,0.0,0.0,0.0,2015-04-16,0,0.0,0.0,0.0,0.0,0.0
2015,4,27,1,WN,2629,N788SA,DEN,GRR,1815,2005.0,110.0,22.0,2027.0,145.0,157.0,129.0,1015,36.0,6.0,2240,42.0,122.0,0,0,,12.0,0.0,88.0,22.0,0.0,2015-04-27,1,10.91,0.0,80.0,20.0,0.0
2015,4,27,1,DL,1070,N809DN,ATL,JAX,2315,2308.0,-7.0,16.0,2324.0,65.0,63.0,43.0,270,7.0,4.0,20,11.0,-9.0,0,0,,0.0,0.0,0.0,0.0,0.0,2015-04-27,0,0.0,0.0,0.0,0.0,0.0
2015,3,28,6,NK,970,N624NK,DEN,FLL,2340,2356.0,16.0,15.0,11.0,215.0,232.0,198.0,1703,529.0,19.0,515,548.0,33.0,0,0,,17.0,0.0,16.0,0.0,0.0,2015-03-28,1,106.25,0.0,100.0,0.0,0.0
2015,4,11,6,WN,2032,N8661A,OAK,LAS,1550,1552.0,2.0,6.0,1558.0,90.0,76.0,65.0,407,1703.0,5.0,1720,1708.0,-12.0,0,0,,0.0,0.0,0.0,0.0,0.0,2015-04-11,0,0.0,0.0,0.0,0.0,0.0
2015,3,28,6,B6,1970,N274JB,FLL,BOS,2147,2153.0,6.0,17.0,2210.0,181.0,165.0,146.0,1237,36.0,2.0,48,38.0,-10.0,0,0,,0.0,0.0,0.0,0.0,0.0,2015-03-28,0,0.0,0.0,0.0,0.0,0.0
2015,4,14,2,B6,2169,N641JB,BOS,FLL,942,939.0,-3.0,15.0,954.0,211.0,194.0,175.0,1237,1249.0,4.0,1313,1253.0,-20.0,0,0,,0.0,0.0,0.0,0.0,0.0,2015-04-14,0,0.0,0.0,0.0,0.0,0.0
2015,4,12,7,AA,2285,N3JAAA,MCO,JFK,1820,1848.0,28.0,29.0,1917.0,164.0,177.0,135.0,944,2132.0,13.0,2104,2145.0,41.0,0,0,,13.0,0.0,28.0,0.0,0.0,2015-04-12,1,46.43,0.0,100.0,0.0,0.0
2015,4,3,5,US,1710,N558UW,CLT,SEA,735,731.0,-4.0,15.0,746.0,333.0,349.0,326.0,2279,1012.0,8.0,1008,1020.0,12.0,0,0,,0.0,0.0,0.0,0.0,0.0,2015-04-03,0,0.0,0.0,0.0,0.0,0.0
2015,4,20,1,AA,2445,N3AAAA,JFK,MCO,730,726.0,-4.0,52.0,818.0,176.0,205.0,141.0,944,1039.0,12.0,1026,1051.0,25.0,0,0,,25.0,0.0,0.0,0.0,0.0,2015-04-20,0,-625.0,-0.0,-0.0,-0.0,-0.0
2015,4,1,3,EV,5854,N18556,SGF,ORD,805,758.0,-7.0,10.0,808.0,94.0,88.0,66.0,438,914.0,12.0,939,926.0,-13.0,0,0,,0.0,0.0,0.0,0.0,0.0,2015-04-01,0,0.0,0.0,0.0,0.0,0.0
2015,4,13,1,WN,2338,N731SA,MSY,BWI,540,539.0,-1.0,9.0,548.0,155.0,145.0,131.0,998,859.0,5.0,915,904.0,-11.0,0,0,,0.0,0.0,0.0,0.0,0.0,2015-04-13,0,0.0,0.0,0.0,0.0,0.0
2015,4,20,1,AA,187,N3AHAA,BOS,ORD,1417,1408.0,-9.0,18.0,1426.0,171.0,158.0,132.0,867,1538.0,8.0,1608,1546.0,-22.0,0,0,,0.0,0.0,0.0,0.0,0.0,2015-04-20,0,0.0,0.0,0.0,0.0,0.0
2015,4,25,6,EV,5025,N678CA,ATL,BTV,1900,1858.0,-2.0,12.0,1910.0,143.0,129.0,113.0,961,2103.0,4.0,2123,2107.0,-16.0,0,0,,0.0,0.0,0.0,0.0,0.0,2015-04-25,0,0.0,0.0,0.0,0.0,0.0
2015,4,9,4,AA,1637,N360AA,MIA,MCO,725,718.0,-7.0,19.0,737.0,66.0,67.0,39.0,192,816.0,9.0,831,825.0,-6.0,0,0,,0.0,0.0,0.0,0.0,0.0,2015-04-09,0,0.0,0.0,0.0,0.0,0.0
2015,4,8,3,B6,24,N937JB,LAX,JFK,645,643.0,-2.0,11.0,654.0,328.0,307.0,287.0,2475,1441.0,9.0,1513,1450.0,-23.0,0,0,,0.0,0.0,0.0,0.0,0.0,2015-04-08,0,0.0,0.0,0.0,0.0,0.0
2015,4,14,2,UA,533,N841UA,ORD,LGA,1600,1558.0,-2.0,13.0,1611.0,136.0,115.0,99.0,733,1850.0,3.0,1916,1853.0,-23.0,0,0,,0.0,0.0,0.0,0.0,0.0,2015-04-14,0,0.0,0.0,0.0,0.0,0.0
2015,4,7,2,EV,5345,N924EV,ATL,SHV,2250,2239.0,-11.0,10.0,2249.0,109.0,94.0,80.0,551,2309.0,4.0,2339,2313.0,-26.0,0,0,,0.0,0.0,0.0,0.0,0.0,2015-04-07,0,0.0,0.0,0.0,0.0,0.0
2015,4,8,3,B6,1460,N627JB,FLL,BDL,2057,2106.0,9.0,18.0,2124.0,174.0,173.0,146.0,1173,2350.0,9.0,2351,2359.0,8.0,0,0,,0.0,0.0,0.0,0.0,0.0,2015-04-08,0,0.0,0.0,0.0,0.0,0.0
2015,4,16,4,WN,243,N7745A,BWI,MCO,2135,2155.0,20.0,9.0,2204.0,140.0,130.0,113.0,787,2357.0,8.0,2355,5.0,10.0,0,0,,0.0,0.0,0.0,0.0,0.0,2015-04-16,1,0.0,0.0,0.0,0.0,0.0
2015,4,10,5,B6,266,N729JB,LGB,SMF,1749,1741.0,-8.0,9.0,1750.0,82.0,76.0,62.0,387,1852.0,5.0,1911,1857.0,-14.0,0,0,,0.0,0.0,0.0,0.0,0.0,2015-04-10,0,0.0,0.0,0.0,0.0,0.0
2015,4,15,3,AS,41,N786AS,ANC,BET,620,617.0,-3.0,9.0,626.0,74.0,73.0,60.0,399,726.0,4.0,734,730.0,-4.0,0,0,,0.0,0.0,0.0,0.0,0.0,2015-04-15,0,0.0,0.0,0.0,0.0,0.0
2015,4,10,5,DL,2146,N945DN,ATL,ROC,915,933.0,18.0,15.0,948.0,124.0,112.0,92.0,749,1120.0,5.0,1119,1125.0,6.0,0,0,,0.0,0.0,0.0,0.0,0.0,2015-04-10,1,0.0,0.0,0.0,0.0,0.0
2015,4,30,4,UA,1094,N73299,DEN,IAD,807,822.0,15.0,13.0,835.0,204.0,193.0,174.0,1452,1329.0,6.0,1331,1335.0,4.0,0,0,,0.0,0.0,0.0,0.0,0.0,2015-04-30,0,0.0,0.0,0.0,0.0,0.0
2015,4,14,2,US,705,N586UW,CLT,LAS,1805,1834.0,29.0,25.0,1859.0,288.0,316.0,277.0,1916,2036.0,14.0,1953,2050.0,57.0,0,0,,28.0,0.0,0.0,29.0,0.0,2015-04-14,1,96.55,0.0,0.0,100.0,0.0
2015,4,1,3,UA,1419,N35271,MIA,EWR,550,548.0,-2.0,12.0,600.0,179.0,174.0,152.0,1085,832.0,10.0,849,842.0,-7.0,0,0,,0.0,0.0,0.0,0.0,0.0,2015-04-01,0,0.0,0.0,0.0,0.0,0.0
2015,4,13,1,OO,5555,N701BR,SFO,ACV,1822,1836.0,14.0,12.0,1848.0,73.0,63.0,44.0,250,1932.0,7.0,1935,1939.0,4.0,0,0,,0.0,0.0,0.0,0.0,0.0,2015-04-13,0,0.0,0.0,0.0,0.0,0.0
2015,4,30,4,DL,1959,N3748Y,DTW,TPA,840,839.0,-1.0,28.0,907.0,156.0,160.0,129.0,983,1116.0,3.0,1116,1119.0,3.0,0,0,,0.0,0.0,0.0,0.0,0.0,2015-04-30,0,0.0,0.0,0.0,0.0,0.0
2015,4,10,5,NK,409,N516NK,ORD,FLL,530,528.0,-2.0,10.0,538.0,181.0,192.0,173.0,1182,931.0,9.0,931,940.0,9.0,0,0,,0.0,0.0,0.0,0.0,0.0,2015-04-10,0,0.0,0.0,0.0,0.0,0.0
2015,4,10,5,WN,750,N242WN,SAT,LAS,1500,1531.0,31.0,7.0,1538.0,175.0,160.0,150.0,1069,1608.0,3.0,1555,1611.0,16.0,0,0,,0.0,0.0,16.0,0.0,0.0,2015-04-10,1,0.0,0.0,51.61,0.0,0.0
2015,4,28,2,AA,22,N790AA,LAX,JFK,1520,1514.0,-6.0,12.0,1526.0,332.0,327.0,309.0,2475,2335.0,6.0,2352,2341.0,-11.0,0,0,,0.0,0.0,0.0,0.0,0.0,2015-04-28,0,0.0,0.0,0.0,0.0,0.0
2015,5,1,5,DL,1810,N975AT,DFW,ATL,1830,1823.0,-7.0,18.0,1841.0,125.0,126.0,101.0,731,2122.0,7.0,2135,2129.0,-6.0,0,0,,0.0,0.0,0.0,0.0,0.0,2015-05-01,0,0.0,0.0,0.0,0.0,0.0
2015,4,13,1,WN,255,N429WN,DAL,MCI,1410,1422.0,12.0,13.0,1435.0,85.0,80.0,63.0,460,1538.0,4.0,1535,1542.0,7.0,0,0,,0.0,0.0,0.0,0.0,0.0,2015-04-13,0,0.0,0.0,0.0,0.0,0.0
2015,4,26,7,WN,2884,N429WN,ATL,MKE,1130,1128.0,-2.0,10.0,1138.0,120.0,107.0,93.0,669,1211.0,4.0,1230,1215.0,-15.0,0,0,,0.0,0.0,0.0,0.0,0.0,2015-04-26,0,0.0,0.0,0.0,0.0,0.0
2015,4,14,2,AA,248,N576AA,DFW,MKE,1510,1504.0,-6.0,22.0,1526.0,147.0,135.0,103.0,853,1709.0,10.0,1737,1719.0,-18.0,0,0,,0.0,0.0,0.0,0.0,0.0,2015-04-14,0,0.0,0.0,0.0,0.0,0.0
2015,4,15,3,MQ,3547,N0EGMQ,BNA,LGA,935,931.0,-4.0,12.0,943.0,132.0,120.0,105.0,764,1228.0,3.0,1247,1231.0,-16.0,0,0,,0.0,0.0,0.0,0.0,0.0,2015-04-15,0,0.0,0.0,0.0,0.0,0.0
2015,4,22,3,DL,2042,N355NB,ATL,EWR,1340,1338.0,-2.0,15.0,1353.0,139.0,141.0,122.0,746,1555.0,4.0,1559,1559.0,0.0,0,0,,0.0,0.0,0.0,0.0,0.0,2015-04-22,0,0.0,0.0,0.0,0.0,0.0
2015,4,9,4,AA,2435,N3MCAA,PHX,DTW,1845,1852.0,7.0,17.0,1909.0,231.0,216.0,186.0,1671,115.0,13.0,136,128.0,-8.0,0,0,,0.0,0.0,0.0,0.0,0.0,2015-04-09,0,0.0,0.0,0.0,0.0,0.0
2015,4,30,4,AA,2208,N4YSAA,CLE,DFW,1845,1842.0,-3.0,17.0,1859.0,181.0,153.0,131.0,1021,2010.0,5.0,2046,2015.0,-31.0,0,0,,0.0,0.0,0.0,0.0,0.0,2015-04-30,0,0.0,0.0,0.0,0.0,0.0
2015,4,21,2,DL,1642,N911DE,CAK,ATL,1754,1752.0,-2.0,10.0,1802.0,114.0,100.0,83.0,528,1925.0,7.0,1948,1932.0,-16.0,0,0,,0.0,0.0,0.0,0.0,0.0,2015-04-21,0,0.0,0.0,0.0,0.0,0.0
2015,4,10,5,DL,1722,N3752,LAX,MSY,1245,1241.0,-4.0,13.0,1254.0,219.0,207.0,187.0,1670,1801.0,7.0,1824,1808.0,-16.0,0,0,,0.0,0.0,0.0,0.0,0.0,2015-04-10,0,0.0,0.0,0.0,0.0,0.0
2015,4,3,5,US,2058,N508AY,PHL,BOS,2015,2016.0,1.0,12.0,2028.0,75.0,63.0,47.0,280,2115.0,4.0,2130,2119.0,-11.0,0,0,,0.0,0.0,0.0,0.0,0.0,2015-04-03,0,0.0,0.0,0.0,0.0,0.0
2015,4,16,4,US,546,N571UW,CLT,PHX,1745,1747.0,2.0,14.0,1801.0,266.0,263.0,244.0,1773,1905.0,5.0,1911,1910.0,-1.0,0,0,,0.0,0.0,0.0,0.0,0.0,2015-04-16,0,0.0,0.0,0.0,0.0,0.0
2015,4,11,6,WN,3235,N240WN,LAX,DEN,1255,1258.0,3.0,10.0,1308.0,140.0,133.0,115.0,862,1603.0,8.0,1615,1611.0,-4.0,0,0,,0.0,0.0,0.0,0.0,0.0,2015-04-11,0,0.0,0.0,0.0,0.0,0.0
2015,4,20,1,MQ,3248,N657MQ,ORD,LEX,1525,1538.0,13.0,15.0,1553.0,86.0,70.0,51.0,323,1744.0,4.0,1751,1748.0,-3.0,0,0,,0.0,0.0,0.0,0.0,0.0,2015-04-20,0,0.0,0.0,0.0,0.0,0.0
2015,3,26,4,VX,312,N851VA,LAX,MCO,840,839.0,-1.0,20.0,859.0,285.0,313.0,285.0,2218,1644.0,8.0,1625,1652.0,27.0,0,0,,0.0,0.0,0.0,0.0,27.0,2015-03-26,0,-0.0,-0.0,-0.0,-0.0,-2700.0
2015,3,30,1,DL,1368,N586NW,PHX,MSP,1339,1344.0,5.0,20.0,1404.0,185.0,179.0,156.0,1276,1840.0,3.0,1844,1843.0,-1.0,0,0,,0.0,0.0,0.0,0.0,0.0,2015-03-30,0,0.0,0.0,0.0,0.0,0.0
2015,4,24,5,UA,1059,N37263,ORD,LAS,2228,2249.0,21.0,15.0,2304.0,242.0,243.0,212.0,1514,36.0,16.0,30,52.0,22.0,0,0,,1.0,0.0,21.0,0.0,0.0,2015-04-24,1,4.76,0.0,100.0,0.0,0.0
2015,4,8,3,DL,2659,N320US,ATL,LGA,1045,1059.0,14.0,23.0,1122.0,130.0,132.0,103.0,762,1305.0,6.0,1255,1311.0,16.0,0,0,,2.0,0.0,0.0,14.0,0.0,2015-04-08,0,14.29,0.0,0.0,100.0,0.0
2015,5,3,7,WN,694,N756SA,OAK,LAX,1810,1809.0,-1.0,6.0,1815.0,70.0,65.0,55.0,337,1910.0,4.0,1920,1914.0,-6.0,0,0,,0.0,0.0,0.0,0.0,0.0,2015-05-03,0,0.0,0.0,0.0,0.0,0.0
2015,4,25,6,AS,61,N763AS,SEA,JNU,750,754.0,4.0,21.0,815.0,151.0,158.0,134.0,909,929.0,3.0,921,932.0,11.0,0,0,,0.0,0.0,0.0,0.0,0.0,2015-04-25,0,0.0,0.0,0.0,0.0,0.0
2015,3,28,6,AS,488,N589AS,SEA,SAN,2115,2111.0,-4.0,13.0,2124.0,159.0,160.0,143.0,1050,2347.0,4.0,2354,2351.0,-3.0,0,0,,0.0,0.0,0.0,0.0,0.0,2015-03-28,0,0.0,0.0,0.0,0.0,0.0
2015,3,30,1,WN,564,N500WR,DEN,STL,1925,1925.0,0.0,10.0,1935.0,115.0,110.0,94.0,770,2209.0,6.0,2220,2215.0,-5.0,0,0,,0.0,0.0,0.0,0.0,0.0,2015-03-30,0,0.0,0.0,0.0,0.0,0.0
2015,4,8,3,OO,4629,N631SK,SLC,JAC,2003,1959.0,-4.0,10.0,2009.0,63.0,50.0,37.0,205,2046.0,3.0,2106,2049.0,-17.0,0,0,,0.0,0.0,0.0,0.0,0.0,2015-04-08,0,0.0,0.0,0.0,0.0,0.0
2015,3,26,4,WN,4956,N602SW,DEN,OKC,2115,2111.0,-4.0,10.0,2121.0,85.0,80.0,62.0,495,2323.0,8.0,2340,2331.0,-9.0,0,0,,0.0,0.0,0.0,0.0,0.0,2015-03-26,0,0.0,0.0,0.0,0.0,0.0
2015,4,22,3,OO,6297,N139SY,ORD,MSP,1440,1527.0,47.0,17.0,1544.0,94.0,78.0,57.0,334,1641.0,4.0,1614,1645.0,31.0,0,0,,0.0,0.0,31.0,0.0,0.0,2015-04-22,1,0.0,0.0,65.96,0.0,0.0
2015,4,18,6,AA,1129,N528AA,IND,DFW,1625,1622.0,-3.0,11.0,1633.0,141.0,142.0,119.0,761,1732.0,12.0,1746,1744.0,-2.0,0,0,,0.0,0.0,0.0,0.0,0.0,2015-04-18,0,0.0,0.0,0.0,0.0,0.0
2015,4,13,1,EV,4675,N16918,EWR,BTV,1450,1633.0,103.0,13.0,1646.0,79.0,69.0,53.0,266,1739.0,3.0,1609,1742.0,93.0,0,0,,0.0,0.0,88.0,5.0,0.0,2015-04-13,1,0.0,0.0,85.44,4.85,0.0
2015,4,13,1,EV,4927,N981EV,PIA,DTW,650,640.0,-10.0,11.0,651.0,90.0,73.0,59.0,346,850.0,3.0,920,853.0,-27.0,0,0,,0.0,0.0,0.0,0.0,0.0,2015-04-13,0,0.0,0.0,0.0,0.0,0.0
2015,4,25,6,MQ,2983,N665MQ,CWA,ORD,659,657.0,-2.0,11.0,708.0,69.0,85.0,60.0,212,808.0,14.0,808,822.0,14.0,0,0,,0.0,0.0,0.0,0.0,0.0,2015-04-25,0,0.0,0.0,0.0,0.0,0.0
2015,4,14,2,F9,625,N935FR,DTW,DEN,1949,1937.0,-12.0,9.0,1946.0,186.0,188.0,172.0,1123,2038.0,7.0,2055,2045.0,-10.0,0,0,,0.0,0.0,0.0,0.0,0.0,2015-04-14,0,0.0,0.0,0.0,0.0,0.0
2015,4,27,1,WN,2850,N742SW,ATL,LGA,615,609.0,-6.0,11.0,620.0,135.0,111.0,96.0,762,756.0,4.0,830,800.0,-30.0,0,0,,0.0,0.0,0.0,0.0,0.0,2015-04-27,0,0.0,0.0,0.0,0.0,0.0
2015,4,21,2,UA,462,N839UA,ORD,LGA,600,555.0,-5.0,17.0,612.0,132.0,130.0,103.0,733,855.0,10.0,912,905.0,-7.0,0,0,,0.0,0.0,0.0,0.0,0.0,2015-04-21,0,0.0,0.0,0.0,0.0,0.0
2015,4,13,1,WN,15,N565WN,DAL,HOU,1000,1006.0,6.0,16.0,1022.0,65.0,69.0,48.0,239,1110.0,5.0,1105,1115.0,10.0,0,0,,0.0,0.0,0.0,0.0,0.0,2015-04-13,0,0.0,0.0,0.0,0.0,0.0
2015,5,3,7,WN,328,N290WN,BUF,PHX,1155,1157.0,2.0,7.0,1204.0,290.0,263.0,251.0,1912,1315.0,5.0,1345,1320.0,-25.0,0,0,,0.0,0.0,0.0,0.0,0.0,2015-05-03,0,0.0,0.0,0.0,0.0,0.0
2015,4,15,3,DL,1166,N968DL,LGA,ATL,1559,1614.0,15.0,28.0,1642.0,168.0,154.0,119.0,762,1841.0,7.0,1847,1848.0,1.0,0,0,,0.0,0.0,0.0,0.0,0.0,2015-04-15,0,0.0,0.0,0.0,0.0,0.0
2015,4,5,7,AA,1024,N556AA,DFW,ABQ,1335,1356.0,21.0,12.0,1408.0,113.0,107.0,92.0,569,1440.0,3.0,1428,1443.0,15.0,0,0,,0.0,0.0,15.0,0.0,0.0,2015-04-05,1,0.0,0.0,71.43,0.0,0.0
2015,4,18,6,AA,1659,N3FDAA,MIA,TPA,2230,2226.0,-4.0,17.0,2243.0,63.0,60.0,39.0,204,2322.0,4.0,2333,2326.0,-7.0,0,0,,0.0,0.0,0.0,0.0,0.0,2015-04-18,0,0.0,0.0,0.0,0.0,0.0
2015,4,8,3,DL,2239,N943DL,DCA,ATL,1900,1851.0,-9.0,18.0,1909.0,122.0,106.0,80.0,547,2029.0,8.0,2102,2037.0,-25.0,0,0,,0.0,0.0,0.0,0.0,0.0,2015-04-08,0,0.0,0.0,0.0,0.0,0.0
2015,4,27,1,WN,653,N941WN,MDW,MSP,830,832.0,2.0,11.0,843.0,90.0,74.0,59.0,349,942.0,4.0,1000,946.0,-14.0,0,0,,0.0,0.0,0.0,0.0,0.0,2015-04-27,0,0.0,0.0,0.0,0.0,0.0
2015,4,29,3,HA,108,N475HA,HNL,KOA,501,449.0,-12.0,11.0,500.0,42.0,46.0,29.0,163,529.0,6.0,543,535.0,-8.0,0,0,,0.0,0.0,0.0,0.0,0.0,2015-04-29,0,0.0,0.0,0.0,0.0,0.0
2015,4,2,4,EV,4750,N11187,FSD,ORD,1103,1131.0,28.0,15.0,1146.0,102.0,102.0,77.0,462,1303.0,10.0,1245,1313.0,28.0,0,0,,0.0,0.0,0.0,21.0,7.0,2015-04-02,1,0.0,0.0,0.0,75.0,25.0
2015,4,24,5,WN,794,N439WN,MCO,PVD,1910,1903.0,-7.0,17.0,1920.0,160.0,169.0,146.0,1072,2146.0,6.0,2150,2152.0,2.0,0,0,,0.0,0.0,0.0,0.0,0.0,2015-04-24,0,0.0,0.0,0.0,0.0,0.0
2015,4,24,5,NK,115,N532NK,DEN,PHX,1025,1032.0,7.0,9.0,1041.0,109.0,113.0,95.0,602,1116.0,9.0,1114,1125.0,11.0,0,0,,0.0,0.0,0.0,0.0,0.0,2015-04-24,0,0.0,0.0,0.0,0.0,0.0
2015,4,7,2,OO,7371,N910EV,BJI,MSP,1249,1336.0,47.0,25.0,1401.0,62.0,67.0,39.0,199,1440.0,3.0,1351,1443.0,52.0,0,0,,5.0,0.0,0.0,47.0,0.0,2015-04-07,1,10.64,0.0,0.0,100.0,0.0
2015,4,11,6,WN,2217,N453WN,LAS,LAX,1755,1915.0,80.0,10.0,1925.0,65.0,55.0,39.0,236,2004.0,6.0,1900,2010.0,70.0,0,0,,0.0,0.0,0.0,70.0,0.0,2015-04-11,1,0.0,0.0,0.0,87.5,0.0
2015,4,11,6,MQ,3551,N658MQ,ORF,MIA,600,552.0,-8.0,17.0,609.0,148.0,146.0,125.0,802,814.0,4.0,828,818.0,-10.0,0,0,,0.0,0.0,0.0,0.0,0.0,2015-04-11,0,0.0,0.0,0.0,0.0,0.0
2015,4,19,7,OO,2873,N709BR,TUS,LAX,1405,1611.0,126.0,14.0,1625.0,98.0,100.0,71.0,451,1736.0,15.0,1543,1751.0,128.0,0,0,,2.0,0.0,0.0,126.0,0.0,2015-04-19,1,1.59,0.0,0.0,100.0,0.0
2015,4,15,3,EV,4401,N11535,IAH,AEX,1036,1032.0,-4.0,23.0,1055.0,58.0,59.0,34.0,190,1129.0,2.0,1134,1131.0,-3.0,0,0,,0.0,0.0,0.0,0.0,0.0,2015-04-15,0,0.0,0.0,0.0,0.0,0.0
2015,3,27,5,AA,311,N3HSAA,LGA,ORD,730,724.0,-6.0,22.0,746.0,166.0,161.0,114.0,733,840.0,25.0,916,905.0,-11.0,0,0,,0.0,0.0,0.0,0.0,0.0,2015-03-27,0,0.0,0.0,0.0,0.0,0.0
2015,5,3,7,WN,182,N904WN,PHX,ELP,1815,1831.0,16.0,4.0,1835.0,65.0,56.0,48.0,347,2023.0,4.0,2020,2027.0,7.0,0,0,,0.0,0.0,0.0,0.0,0.0,2015-05-03,1,0.0,0.0,0.0,0.0,0.0
2015,3,29,7,WN,4021,N634SW,ATL,MSY,1525,1520.0,-5.0,21.0,1541.0,100.0,91.0,67.0,425,1548.0,3.0,1605,1551.0,-14.0,0,0,,0.0,0.0,0.0,0.0,0.0,2015-03-29,0,0.0,0.0,0.0,0.0,0.0
2015,4,30,4,US,853,N804AW,PBI,CLT,1345,1346.0,1.0,14.0,1400.0,112.0,109.0,89.0,590,1529.0,6.0,1537,1535.0,-2.0,0,0,,0.0,0.0,0.0,0.0,0.0,2015-04-30,0,0.0,0.0,0.0,0.0,0.0
2015,4,19,7,UA,1147,N16709,SNA,ORD,1211,1215.0,4.0,10.0,1225.0,251.0,238.0,214.0,1726,1759.0,14.0,1822,1813.0,-9.0,0,0,,0.0,0.0,0.0,0.0,0.0,2015-04-19,0,0.0,0.0,0.0,0.0,0.0
2015,4,15,3,AA,1453,N3FCAA,CLT,ORD,1615,1629.0,14.0,34.0,1703.0,128.0,137.0,92.0,599,1735.0,11.0,1723,1746.0,23.0,0,0,,9.0,0.0,14.0,0.0,0.0,2015-04-15,0,64.29,0.0,100.0,0.0,0.0
2015,3,26,4,EV,4897,N917EV,ROA,ATL,1934,1937.0,3.0,19.0,1956.0,85.0,91.0,61.0,357,2057.0,11.0,2059,2108.0,9.0,0,0,,0.0,0.0,0.0,0.0,0.0,2015-03-26,0,0.0,0.0,0.0,0.0,0.0
2015,4,26,7,DL,2373,N929DN,ATL,MIA,1243,1241.0,-2.0,21.0,1302.0,117.0,110.0,84.0,594,1426.0,5.0,1440,1431.0,-9.0,0,0,,0.0,0.0,0.0,0.0,0.0,2015-04-26,0,0.0,0.0,0.0,0.0,0.0
2015,4,1,3,DL,2409,N994AT,ATL,DAL,2103,2101.0,-2.0,23.0,2124.0,143.0,131.0,103.0,721,2207.0,5.0,2226,2212.0,-14.0,0,0,,0.0,0.0,0.0,0.0,0.0,2015-04-01,0,0.0,0.0,0.0,0.0,0.0
2015,4,23,4,US,1838,N967UW,BOS,PHL,2030,2023.0,-7.0,31.0,2054.0,85.0,97.0,60.0,280,2154.0,6.0,2155,2200.0,5.0,0,0,,0.0,0.0,0.0,0.0,0.0,2015-04-23,0,0.0,0.0,0.0,0.0,0.0
2015,4,6,1,WN,481,N268WN,MAF,HOU,2105,2057.0,-8.0,7.0,2104.0,80.0,71.0,58.0,441,2202.0,6.0,2225,2208.0,-17.0,0,0,,0.0,0.0,0.0,0.0,0.0,2015-04-06,0,0.0,0.0,0.0,0.0,0.0
2015,4,26,7,MQ,3076,N942MQ,ORD,BIS,1030,1022.0,-8.0,14.0,1036.0,143.0,133.0,114.0,716,1230.0,5.0,1253,1235.0,-18.0,0,0,,0.0,0.0,0.0,0.0,0.0,2015-04-26,0,0.0,0.0,0.0,0.0,0.0
2015,4,28,2,WN,546,N293WN,SEA,LAS,1930,1923.0,-7.0,8.0,1931.0,140.0,144.0,132.0,867,2143.0,4.0,2150,2147.0,-3.0,0,0,,0.0,0.0,0.0,0.0,0.0,2015-04-28,0,0.0,0.0,0.0,0.0,0.0
2015,3,31,2,DL,2031,N333NW,MDW,ATL,705,727.0,22.0,18.0,745.0,116.0,101.0,77.0,591,1002.0,6.0,1001,1008.0,7.0,0,0,,0.0,0.0,0.0,0.0,0.0,2015-03-31,1,0.0,0.0,0.0,0.0,0.0
2015,4,18,6,AA,1424,N5FCAA,LAS,LAX,1130,1124.0,-6.0,27.0,1151.0,75.0,85.0,48.0,236,1239.0,10.0,1245,1249.0,4.0,0,0,,0.0,0.0,0.0,0.0,0.0,2015-04-18,0,0.0,0.0,0.0,0.0,0.0
2015,4,9,4,EV,5586,N937EV,FAY,ATL,1915,2021.0,66.0,14.0,2035.0,87.0,78.0,56.0,331,2131.0,8.0,2042,2139.0,57.0,0,0,,0.0,0.0,0.0,57.0,0.0,2015-04-09,1,0.0,0.0,0.0,86.36,0.0
2015,4,1,3,MQ,2930,N661MQ,VPS,DFW,1840,1847.0,7.0,9.0,1856.0,133.0,160.0,112.0,641,2048.0,39.0,2053,2127.0,34.0,0,0,,27.0,0.0,7.0,0.0,0.0,2015-04-01,0,385.71,0.0,100.0,0.0,0.0
2015,4,14,2,WN,2343,N728SW,MDW,PIT,655,654.0,-1.0,7.0,701.0,75.0,65.0,55.0,402,856.0,3.0,910,859.0,-11.0,0,0,,0.0,0.0,0.0,0.0,0.0,2015-04-14,0,0.0,0.0,0.0,0.0,0.0
2015,4,2,4,WN,3476,N228WN,STL,TPA,1705,1705.0,0.0,11.0,1716.0,130.0,126.0,110.0,869,2006.0,5.0,2015,2011.0,-4.0,0,0,,0.0,0.0,0.0,0.0,0.0,2015-04-02,0,0.0,0.0,0.0,0.0,0.0
2015,4,5,7,DL,1292,N338NW,MCO,LGA,1759,1754.0,-5.0,15.0,1809.0,156.0,145.0,121.0,950,2010.0,9.0,2035,2019.0,-16.0,0,0,,0.0,0.0,0.0,0.0,0.0,2015-04-05,0,0.0,0.0,0.0,0.0,0.0
2015,4,6,1,MQ,3680,N654MQ,MGM,DFW,1410,1403.0,-7.0,9.0,1412.0,125.0,145.0,114.0,622,1606.0,22.0,1615,1628.0,13.0,0,0,,0.0,0.0,0.0,0.0,0.0,2015-04-06,0,0.0,0.0,0.0,0.0,0.0
2015,4,19,7,WN,560,N791SW,BNA,MCI,2150,2145.0,-5.0,9.0,2154.0,95.0,86.0,70.0,491,2304.0,7.0,2325,2311.0,-14.0,0,0,,0.0,0.0,0.0,0.0,0.0,2015-04-19,0,0.0,0.0,0.0,0.0,0.0
2015,3,31,2,DL,462,N812DN,JFK,LAS,800,757.0,-3.0,9.0,806.0,344.0,314.0,300.0,2248,1006.0,5.0,1044,1011.0,-33.0,0,0,,0.0,0.0,0.0,0.0,0.0,2015-03-31,0,0.0,0.0,0.0,0.0,0.0
2015,4,15,3,WN,1250,N285WN,SAT,LAS,2020,2018.0,-2.0,10.0,2028.0,175.0,162.0,149.0,1069,2057.0,3.0,2115,2100.0,-15.0,0,0,,0.0,0.0,0.0,0.0,0.0,2015-04-15,0,0.0,0.0,0.0,0.0,0.0
2015,4,11,6,EV,5143,N878AS,ATL,ROA,910,939.0,29.0,10.0,949.0,79.0,68.0,55.0,357,1044.0,3.0,1029,1047.0,18.0,0,0,,0.0,0.0,17.0,1.0,0.0,2015-04-11,1,0.0,0.0,58.62,3.45,0.0
2015,4,28,2,WN,2776,N375SW,SLC,OAK,1515,1533.0,18.0,13.0,1546.0,110.0,100.0,83.0,588,1609.0,4.0,1605,1613.0,8.0,0,0,,0.0,0.0,0.0,0.0,0.0,2015-04-28,1,0.0,0.0,0.0,0.0,0.0
2015,5,3,7,OO,6259,N772SK,DEN,COS,2217,2213.0,-4.0,12.0,2225.0,42.0,34.0,17.0,73,2242.0,5.0,2259,2247.0,-12.0,0,0,,0.0,0.0,0.0,0.0,0.0,2015-05-03,0,0.0,0.0,0.0,0.0,0.0
2015,3,29,7,DL,1492,N353NW,PHX,MSP,705,658.0,-7.0,13.0,711.0,181.0,175.0,157.0,1276,1148.0,5.0,1206,1153.0,-13.0,0,0,,0.0,0.0,0.0,0.0,0.0,2015-03-29,0,0.0,0.0,0.0,0.0,0.0
2015,4,12,7,UA,724,N215UA,HNL,SFO,1255,1255.0,0.0,19.0,1314.0,309.0,290.0,265.0,2398,2039.0,6.0,2104,2045.0,-19.0,0,0,,0.0,0.0,0.0,0.0,0.0,2015-04-12,0,0.0,0.0,0.0,0.0,0.0
2015,4,25,6,DL,1494,N901DA,PHL,ATL,1130,1136.0,6.0,13.0,1149.0,136.0,119.0,102.0,666,1331.0,4.0,1346,1335.0,-11.0,0,0,,0.0,0.0,0.0,0.0,0.0,2015-04-25,0,0.0,0.0,0.0,0.0,0.0
2015,4,10,5,WN,847,N8321D,DEN,LAX,1205,1213.0,8.0,17.0,1230.0,155.0,154.0,123.0,862,1333.0,14.0,1340,1347.0,7.0,0,0,,0.0,0.0,0.0,0.0,0.0,2015-04-10,0,0.0,0.0,0.0,0.0,0.0
2015,4,16,4,DL,1078,N522US,PNS,ATL,715,718.0,3.0,14.0,732.0,74.0,73.0,44.0,271,916.0,15.0,929,931.0,2.0,0,0,,0.0,0.0,0.0,0.0,0.0,2015-04-16,0,0.0,0.0,0.0,0.0,0.0
2015,4,17,5,B6,839,N627JB,JFK,BQN,2359,2353.0,-6.0,20.0,13.0,220.0,216.0,191.0,1576,324.0,5.0,339,329.0,-10.0,0,0,,0.0,0.0,0.0,0.0,0.0,2015-04-17,0,0.0,0.0,0.0,0.0,0.0
2015,4,28,2,WN,891,N621SW,AUS,ELP,1405,1400.0,-5.0,12.0,1412.0,95.0,92.0,74.0,528,1426.0,6.0,1440,1432.0,-8.0,0,0,,0.0,0.0,0.0,0.0,0.0,2015-04-28,0,0.0,0.0,0.0,0.0,0.0
2015,3,29,7,DL,823,N366NW,CLT,ATL,535,534.0,-1.0,12.0,546.0,75.0,54.0,37.0,226,623.0,5.0,650,628.0,-22.0,0,0,,0.0,0.0,0.0,0.0,0.0,2015-03-29,0,0.0,0.0,0.0,0.0,0.0
2015,4,29,3,UA,1648,N69829,IAH,BOS,715,724.0,9.0,26.0,750.0,235.0,229.0,195.0,1597,1205.0,8.0,1210,1213.0,3.0,0,0,,0.0,0.0,0.0,0.0,0.0,2015-04-29,0,0.0,0.0,0.0,0.0,0.0
2015,5,1,5,AA,1302,N3MBAA,ORD,RSW,1840,1832.0,-8.0,15.0,1847.0,186.0,162.0,142.0,1120,2209.0,5.0,2246,2214.0,-32.0,0,0,,0.0,0.0,0.0,0.0,0.0,2015-05-01,0,0.0,0.0,0.0,0.0,0.0
2015,4,18,6,AA,2262,N5FEAA,MIA,JFK,1840,1839.0,-1.0,22.0,1901.0,182.0,182.0,148.0,1089,2129.0,12.0,2142,2141.0,-1.0,0,0,,0.0,0.0,0.0,0.0,0.0,2015-04-18,0,0.0,0.0,0.0,0.0,0.0
2015,4,10,5,B6,323,N947JB,JFK,LAX,1259,1302.0,3.0,41.0,1343.0,379.0,397.0,349.0,2475,1632.0,7.0,1618,1639.0,21.0,0,0,,18.0,0.0,3.0,0.0,0.0,2015-04-10,0,600.0,0.0,100.0,0.0,0.0
2015,5,3,7,DL,341,N139DL,ATL,LAS,810,809.0,-1.0,22.0,831.0,262.0,249.0,221.0,1747,912.0,6.0,932,918.0,-14.0,0,0,,0.0,0.0,0.0,0.0,0.0,2015-05-03,0,0.0,0.0,0.0,0.0,0.0
2015,4,11,6,EV,4191,N11187,ORD,BDL,1140,1147.0,7.0,20.0,1207.0,125.0,136.0,111.0,783,1458.0,5.0,1445,1503.0,18.0,0,0,,11.0,0.0,7.0,0.0,0.0,2015-04-11,0,157.14,0.0,100.0,0.0,0.0
2015,4,29,3,VX,174,N848VA,SFO,EWR,800,801.0,1.0,25.0,826.0,330.0,349.0,315.0,2565,1641.0,9.0,1630,1650.0,20.0,0,0,,19.0,0.0,1.0,0.0,0.0,2015-04-29,0,1900.0,0.0,100.0,0.0,0.0
2015,3,27,5,WN,731,N656SW,MCI,LAS,1105,1105.0,0.0,9.0,1114.0,190.0,167.0,153.0,1139,1147.0,5.0,1215,1152.0,-23.0,0,0,,0.0,0.0,0.0,0.0,0.0,2015-03-27,0,0.0,0.0,0.0,0.0,0.0
2015,5,4,1,OO,5482,N779SK,SBA,DEN,545,540.0,-5.0,12.0,552.0,145.0,143.0,120.0,916,852.0,11.0,910,903.0,-7.0,0,0,,0.0,0.0,0.0,0.0,0.0,2015-05-04,0,0.0,0.0,0.0,0.0,0.0
2015,4,16,4,B6,1161,N608JB,LGA,PBI,1629,1618.0,-11.0,28.0,1646.0,181.0,174.0,144.0,1035,1910.0,2.0,1930,1912.0,-18.0,0,0,,0.0,0.0,0.0,0.0,0.0,2015-04-16,0,0.0,0.0,0.0,0.0,0.0
2015,3,30,1,HA,33,N373HA,LAX,OGG,1110,1110.0,0.0,11.0,1121.0,350.0,353.0,337.0,2486,1358.0,5.0,1400,1403.0,3.0,0,0,,0.0,0.0,0.0,0.0,0.0,2015-03-30,0,0.0,0.0,0.0,0.0,0.0
2015,4,16,4,AA,1377,N865AA,DFW,SFO,1720,1720.0,0.0,65.0,1825.0,236.0,266.0,196.0,1464,1941.0,5.0,1916,1946.0,30.0,0,0,,30.0,0.0,0.0,0.0,0.0,2015-04-16,0,inf,0.0,0.0,0.0,0.0
2015,4,19,7,AS,767,N403AS,BWI,SEA,1708,1712.0,4.0,22.0,1734.0,357.0,327.0,300.0,2335,1934.0,5.0,2005,1939.0,-26.0,0,0,,0.0,0.0,0.0,0.0,0.0,2015-04-19,0,0.0,0.0,0.0,0.0,0.0
2015,4,27,1,AA,1658,N3BDAA,DFW,EWR,1505,1509.0,4.0,17.0,1526.0,210.0,195.0,168.0,1372,1914.0,10.0,1935,1924.0,-11.0,0,0,,0.0,0.0,0.0,0.0,0.0,2015-04-27,0,0.0,0.0,0.0,0.0,0.0
2015,3,26,4,WN,1964,N7743B,MKE,LAS,1455,1504.0,9.0,13.0,1517.0,240.0,210.0,191.0,1524,1628.0,6.0,1655,1634.0,-21.0,0,0,,0.0,0.0,0.0,0.0,0.0,2015-03-26,0,0.0,0.0,0.0,0.0,0.0
2015,3,28,6,OO,5642,N945SW,DEN,GJT,1516,1512.0,-4.0,15.0,1527.0,62.0,56.0,37.0,212,1604.0,4.0,1618,1608.0,-10.0,0,0,,0.0,0.0,0.0,0.0,0.0,2015-03-28,0,0.0,0.0,0.0,0.0,0.0
2015,4,3,5,UA,1712,N69829,IAH,PDX,2113,2109.0,-4.0,16.0,2125.0,281.0,273.0,254.0,1825,2339.0,3.0,2354,2342.0,-12.0,0,0,,0.0,0.0,0.0,0.0,0.0,2015-04-03,0,0.0,0.0,0.0,0.0,0.0
2015,4,17,5,WN,837,N404WN,HOU,ATL,1245,1245.0,0.0,6.0,1251.0,115.0,105.0,85.0,696,1516.0,14.0,1540,1530.0,-10.0,0,0,,0.0,0.0,0.0,0.0,0.0,2015-04-17,0,0.0,0.0,0.0,0.0,0.0
2015,4,6,1,WN,4275,N271LV,RSW,CMH,1135,1131.0,-4.0,11.0,1142.0,150.0,146.0,130.0,930,1352.0,5.0,1405,1357.0,-8.0,0,0,,0.0,0.0,0.0,0.0,0.0,2015-04-06,0,0.0,0.0,0.0,0.0,0.0
2015,4,30,4,WN,757,N8324A,MCO,PHL,1020,1025.0,5.0,11.0,1036.0,145.0,131.0,112.0,861,1228.0,8.0,1245,1236.0,-9.0,0,0,,0.0,0.0,0.0,0.0,0.0,2015-04-30,0,0.0,0.0,0.0,0.0,0.0
2015,4,17,5,DL,2618,N926AT,MCI,DTW,625,622.0,-3.0,10.0,632.0,111.0,105.0,88.0,629,900.0,7.0,916,907.0,-9.0,0,0,,0.0,0.0,0.0,0.0,0.0,2015-04-17,0,0.0,0.0,0.0,0.0,0.0
2015,3,26,4,US,1710,N541UW,CLT,SEA,735,728.0,-7.0,28.0,756.0,349.0,348.0,316.0,2279,1012.0,4.0,1024,1016.0,-8.0,0,0,,0.0,0.0,0.0,0.0,0.0,2015-03-26,0,0.0,0.0,0.0,0.0,0.0
2015,4,30,4,MQ,3640,N618MQ,GRK,DFW,1320,1311.0,-9.0,8.0,1319.0,55.0,47.0,33.0,134,1352.0,6.0,1415,1358.0,-17.0,0,0,,0.0,0.0,0.0,0.0,0.0,2015-04-30,0,0.0,0.0,0.0,0.0,0.0
2015,3,30,1,B6,1966,N615JB,RSW,BOS,2059,2321.0,142.0,12.0,2333.0,179.0,168.0,151.0,1249,204.0,5.0,2358,209.0,131.0,0,0,,0.0,0.0,1.0,130.0,0.0,2015-03-30,1,0.0,0.0,0.7,91.55,0.0
2015,4,23,4,B6,2002,N324JB,JFK,BUF,2259,2258.0,-1.0,18.0,2316.0,83.0,76.0,56.0,301,12.0,2.0,22,14.0,-8.0,0,0,,0.0,0.0,0.0,0.0,0.0,2015-04-23,0,0.0,0.0,0.0,0.0,0.0
2015,4,11,6,B6,1883,N374JB,JFK,MCO,1449,1446.0,-3.0,16.0,1502.0,185.0,169.0,144.0,944,1726.0,9.0,1754,1735.0,-19.0,0,0,,0.0,0.0,0.0,0.0,0.0,2015-04-11,0,0.0,0.0,0.0,0.0,0.0
2015,4,9,4,WN,778,N205WN,BNA,TPA,1900,1912.0,12.0,7.0,1919.0,100.0,96.0,86.0,612,2145.0,3.0,2140,2148.0,8.0,0,0,,0.0,0.0,0.0,0.0,0.0,2015-04-09,0,0.0,0.0,0.0,0.0,0.0
2015,4,27,1,F9,1274,N203FR,ORD,ATL,730,742.0,12.0,17.0,759.0,110.0,104.0,79.0,606,1018.0,8.0,1020,1026.0,6.0,0,0,,0.0,0.0,0.0,0.0,0.0,2015-04-27,0,0.0,0.0,0.0,0.0,0.0
2015,4,16,4,UA,606,N477UA,ORD,DFW,928,1026.0,58.0,15.0,1041.0,145.0,149.0,117.0,802,1238.0,17.0,1153,1255.0,62.0,0,0,,4.0,0.0,6.0,52.0,0.0,2015-04-16,1,6.9,0.0,10.34,89.66,0.0
2015,3,30,1,DL,1896,N975DL,CVG,MCO,1615,1658.0,43.0,10.0,1708.0,126.0,115.0,96.0,757,1844.0,9.0,1821,1853.0,32.0,0,0,,0.0,0.0,0.0,32.0,0.0,2015-03-30,1,0.0,0.0,0.0,74.42,0.0
2015,4,6,1,NK,938,N638NK,RSW,ACY,2111,2118.0,7.0,8.0,2126.0,139.0,136.0,124.0,982,2330.0,4.0,2330,2334.0,4.0,0,0,,0.0,0.0,0.0,0.0,0.0,2015-04-06,0,0.0,0.0,0.0,0.0,0.0
2015,3,30,1,UA,1137,N76503,DEN,SAN,759,837.0,38.0,12.0,849.0,143.0,128.0,113.0,853,942.0,3.0,922,945.0,23.0,0,0,,0.0,0.0,23.0,0.0,0.0,2015-03-30,1,0.0,0.0,60.53,0.0,0.0
2015,3,27,5,EV,3265,N15912,CLL,IAH,1305,1300.0,-5.0,12.0,1312.0,42.0,43.0,23.0,74,1335.0,8.0,1347,1343.0,-4.0,0,0,,0.0,0.0,0.0,0.0,0.0,2015-03-27,0,0.0,0.0,0.0,0.0,0.0
2015,3,26,4,EV,4887,N744EV,DTW,IND,855,852.0,-3.0,30.0,922.0,74.0,82.0,48.0,231,1010.0,4.0,1009,1014.0,5.0,0,0,,0.0,0.0,0.0,0.0,0.0,2015-03-26,0,0.0,0.0,0.0,0.0,0.0
2015,4,5,7,DL,2488,N929AT,JFK,DTW,1945,1944.0,-1.0,32.0,2016.0,134.0,133.0,94.0,509,2150.0,7.0,2159,2157.0,-2.0,0,0,,0.0,0.0,0.0,0.0,0.0,2015-04-05,0,0.0,0.0,0.0,0.0,0.0
2015,4,3,5,EV,5017,N979EV,CSG,ATL,1218,1213.0,-5.0,9.0,1222.0,46.0,45.0,28.0,83,1250.0,8.0,1304,1258.0,-6.0,0,0,,0.0,0.0,0.0,0.0,0.0,2015-04-03,0,0.0,0.0,0.0,0.0,0.0
2015,4,17,5,EV,3256,N16112,ROC,ORD,1013,1009.0,-4.0,11.0,1020.0,112.0,104.0,85.0,528,1045.0,8.0,1105,1053.0,-12.0,0,0,,0.0,0.0,0.0,0.0,0.0,2015-04-17,0,0.0,0.0,0.0,0.0,0.0
2015,4,6,1,B6,2168,N570JB,PBI,HPN,1735,1802.0,27.0,13.0,1815.0,166.0,167.0,150.0,1056,2045.0,4.0,2021,2049.0,28.0,0,0,,1.0,0.0,21.0,6.0,0.0,2015-04-06,1,3.7,0.0,77.78,22.22,0.0
2015,4,2,4,WN,750,N945WN,LAS,OMA,2105,2148.0,43.0,12.0,2200.0,155.0,135.0,118.0,1099,158.0,5.0,140,203.0,23.0,0,0,,0.0,0.0,0.0,23.0,0.0,2015-04-02,1,0.0,0.0,0.0,53.49,0.0
2015,4,29,3,OO,4550,N187PQ,MSP,MSN,1020,1019.0,-1.0,15.0,1034.0,65.0,57.0,38.0,228,1112.0,4.0,1125,1116.0,-9.0,0,0,,0.0,0.0,0.0,0.0,0.0,2015-04-29,0,0.0,0.0,0.0,0.0,0.0
2015,4,15,3,WN,764,N925WN,BDL,FLL,640,636.0,-4.0,6.0,642.0,190.0,174.0,164.0,1173,926.0,4.0,950,930.0,-20.0,0,0,,0.0,0.0,0.0,0.0,0.0,2015-04-15,0,0.0,0.0,0.0,0.0,0.0
2015,4,20,1,EV,2549,N667GB,CRP,DFW,1917,1904.0,-13.0,11.0,1915.0,87.0,75.0,58.0,354,2013.0,6.0,2044,2019.0,-25.0,0,0,,0.0,0.0,0.0,0.0,0.0,2015-04-20,0,0.0,0.0,0.0,0.0,0.0
2015,4,20,1,UA,1736,N17133,EWR,DEN,730,1320.0,350.0,29.0,1349.0,266.0,250.0,210.0,1605,1519.0,11.0,956,1530.0,334.0,0,0,,334.0,0.0,0.0,0.0,0.0,2015-04-20,1,95.43,0.0,0.0,0.0,0.0
2015,4,8,3,WN,2368,N769SW,DEN,PHL,1100,1058.0,-2.0,11.0,1109.0,215.0,196.0,176.0,1558,1605.0,9.0,1635,1614.0,-21.0,0,0,,0.0,0.0,0.0,0.0,0.0,2015-04-08,0,0.0,0.0,0.0,0.0,0.0
2015,3,26,4,EV,5103,N925EV,IAD,DTW,1240,1236.0,-4.0,17.0,1253.0,100.0,86.0,64.0,383,1357.0,5.0,1420,1402.0,-18.0,0,0,,0.0,0.0,0.0,0.0,0.0,2015-03-26,0,0.0,0.0,0.0,0.0,0.0
2015,4,8,3,OO,4440,N806SK,STL,MSP,1509,1507.0,-2.0,16.0,1523.0,94.0,104.0,82.0,448,1645.0,6.0,1643,1651.0,8.0,0,0,,0.0,0.0,0.0,0.0,0.0,2015-04-08,0,0.0,0.0,0.0,0.0,0.0
2015,4,1,3,UA,1503,N75428,IAH,LAS,1744,1742.0,-2.0,22.0,1804.0,204.0,200.0,171.0,1222,1855.0,7.0,1908,1902.0,-6.0,0,0,,0.0,0.0,0.0,0.0,0.0,2015-04-01,0,0.0,0.0,0.0,0.0,0.0
2015,4,28,2,US,544,N560UW,PHX,DFW,1235,1233.0,-2.0,27.0,1300.0,141.0,157.0,114.0,868,1654.0,16.0,1656,1710.0,14.0,0,0,,0.0,0.0,0.0,0.0,0.0,2015-04-28,0,0.0,0.0,0.0,0.0,0.0
2015,4,7,2,B6,1022,N784JB,PBI,BOS,1330,1331.0,1.0,9.0,1340.0,181.0,175.0,161.0,1197,1621.0,5.0,1631,1626.0,-5.0,0,0,,0.0,0.0,0.0,0.0,0.0,2015-04-07,0,0.0,0.0,0.0,0.0,0.0
2015,4,15,3,F9,1256,N228FR,ORD,AUS,600,553.0,-7.0,19.0,612.0,165.0,162.0,136.0,978,828.0,7.0,845,835.0,-10.0,0,0,,0.0,0.0,0.0,0.0,0.0,2015-04-15,0,0.0,0.0,0.0,0.0,0.0
2015,4,2,4,DL,1370,N941DN,ATL,DEN,1810,1823.0,13.0,45.0,1908.0,211.0,227.0,173.0,1199,2001.0,9.0,1941,2010.0,29.0,0,0,,16.0,0.0,13.0,0.0,0.0,2015-04-02,0,123.08,0.0,100.0,0.0,0.0
2015,3,28,6,US,1917,N678AW,PHL,LAX,955,1028.0,33.0,12.0,1040.0,381.0,321.0,304.0,2402,1244.0,5.0,1316,1249.0,-27.0,0,0,,0.0,0.0,0.0,0.0,0.0,2015-03-28,1,0.0,0.0,0.0,0.0,0.0
2015,3,28,6,DL,200,N920AT,IAD,ATL,1325,1325.0,0.0,19.0,1344.0,117.0,108.0,81.0,534,1505.0,8.0,1522,1513.0,-9.0,0,0,,0.0,0.0,0.0,0.0,0.0,2015-03-28,0,0.0,0.0,0.0,0.0,0.0
2015,4,18,6,AA,1270,N3DGAA,MIA,DCA,1115,1111.0,-4.0,16.0,1127.0,154.0,148.0,128.0,919,1335.0,4.0,1349,1339.0,-10.0,0,0,,0.0,0.0,0.0,0.0,0.0,2015-04-18,0,0.0,0.0,0.0,0.0,0.0
2015,5,4,1,AA,1619,N3AYAA,BOS,MIA,630,619.0,-11.0,18.0,637.0,212.0,198.0,172.0,1258,929.0,8.0,1002,937.0,-25.0,0,0,,0.0,0.0,0.0,0.0,0.0,2015-05-04,0,0.0,0.0,0.0,0.0,0.0
2015,4,5,7,AA,1224,N023AA,MCI,DFW,744,738.0,-6.0,12.0,750.0,106.0,102.0,72.0,460,902.0,18.0,930,920.0,-10.0,0,0,,0.0,0.0,0.0,0.0,0.0,2015-04-05,0,0.0,0.0,0.0,0.0,0.0
2015,4,24,5,WN,692,N206WN,PHL,MDW,1530,1554.0,24.0,16.0,1610.0,135.0,144.0,125.0,668,1715.0,3.0,1645,1718.0,33.0,0,0,,9.0,0.0,24.0,0.0,0.0,2015-04-24,1,37.5,0.0,100.0,0.0,0.0
2015,3,30,1,WN,904,N928WN,MDW,EWR,835,855.0,20.0,12.0,907.0,115.0,108.0,91.0,711,1138.0,5.0,1130,1143.0,13.0,0,0,,0.0,0.0,0.0,0.0,0.0,2015-03-30,1,0.0,0.0,0.0,0.0,0.0
2015,5,3,7,AA,1470,N455AA,ONT,DFW,1420,1436.0,16.0,12.0,1448.0,181.0,161.0,147.0,1188,1915.0,2.0,1921,1917.0,-4.0,0,0,,0.0,0.0,0.0,0.0,0.0,2015-05-03,1,0.0,0.0,0.0,0.0,0.0
2015,4,2,4,WN,113,N768SW,JAX,DEN,900,858.0,-2.0,13.0,911.0,240.0,241.0,221.0,1447,1052.0,7.0,1100,1059.0,-1.0,0,0,,0.0,0.0,0.0,0.0,0.0,2015-04-02,0,0.0,0.0,0.0,0.0,0.0
2015,4,9,4,VX,883,N528VA,DAL,LAX,1745,1745.0,0.0,45.0,1830.0,200.0,253.0,195.0,1246,1945.0,13.0,1905,1958.0,53.0,0,0,,53.0,0.0,0.0,0.0,0.0,2015-04-09,0,inf,0.0,0.0,0.0,0.0
2015,3,29,7,EV,5071,N844AS,LFT,ATL,1413,1416.0,3.0,11.0,1427.0,97.0,93.0,74.0,503,1641.0,8.0,1650,1649.0,-1.0,0,0,,0.0,0.0,0.0,0.0,0.0,2015-03-29,0,0.0,0.0,0.0,0.0,0.0
2015,4,20,1,OO,5556,N713SK,LAX,AUS,840,1008.0,88.0,20.0,1028.0,181.0,167.0,144.0,1242,1452.0,3.0,1341,1455.0,74.0,0,0,,0.0,0.0,74.0,0.0,0.0,2015-04-20,1,0.0,0.0,84.09,0.0,0.0
2015,4,14,2,VX,929,N835VA,LAX,SFO,1330,1325.0,-5.0,9.0,1334.0,75.0,72.0,56.0,337,1430.0,7.0,1445,1437.0,-8.0,0,0,,0.0,0.0,0.0,0.0,0.0,2015-04-14,0,0.0,0.0,0.0,0.0,0.0
2015,5,1,5,F9,357,N906FR,MKE,DEN,1235,1230.0,-5.0,8.0,1238.0,148.0,148.0,130.0,896,1348.0,10.0,1403,1358.0,-5.0,0,0,,0.0,0.0,0.0,0.0,0.0,2015-05-01,0,0.0,0.0,0.0,0.0,0.0
2015,4,18,6,US,1773,N944UW,RDU,PHL,905,855.0,-10.0,10.0,905.0,86.0,75.0,59.0,337,1004.0,6.0,1031,1010.0,-21.0,0,0,,0.0,0.0,0.0,0.0,0.0,2015-04-18,0,0.0,0.0,0.0,0.0,0.0
2015,4,26,7,NK,711,N633NK,LGA,DTW,1655,1648.0,-7.0,21.0,1709.0,123.0,114.0,85.0,502,1834.0,8.0,1858,1842.0,-16.0,0,0,,0.0,0.0,0.0,0.0,0.0,2015-04-26,0,0.0,0.0,0.0,0.0,0.0
2015,4,28,2,US,760,N744P,MIA,CLT,1710,1748.0,38.0,20.0,1808.0,132.0,124.0,91.0,650,1939.0,13.0,1922,1952.0,30.0,0,0,,0.0,0.0,0.0,30.0,0.0,2015-04-28,1,0.0,0.0,0.0,78.95,0.0
2015,4,21,2,WN,1225,N484WN,BWI,PIT,950,949.0,-1.0,7.0,956.0,60.0,52.0,40.0,210,1036.0,5.0,1050,1041.0,-9.0,0,0,,0.0,0.0,0.0,0.0,0.0,2015-04-21,0,0.0,0.0,0.0,0.0,0.0
2015,4,25,6,US,695,N151UW,PHX,LAX,1705,1659.0,-6.0,13.0,1712.0,89.0,81.0,61.0,370,1813.0,7.0,1834,1820.0,-14.0,0,0,,0.0,0.0,0.0,0.0,0.0,2015-04-25,0,0.0,0.0,0.0,0.0,0.0
2015,4,25,6,MQ,3288,N900MQ,ABI,DFW,1507,1510.0,3.0,4.0,1514.0,53.0,40.0,27.0,158,1541.0,9.0,1600,1550.0,-10.0,0,0,,0.0,0.0,0.0,0.0,0.0,2015-04-25,0,0.0,0.0,0.0,0.0,0.0
2015,4,12,7,WN,3737,N772SW,OAK,LAS,945,944.0,-1.0,9.0,953.0,85.0,81.0,66.0,407,1059.0,6.0,1110,1105.0,-5.0,0,0,,0.0,0.0,0.0,0.0,0.0,2015-04-12,0,0.0,0.0,0.0,0.0,0.0
2015,4,8,3,WN,104,N426WN,LAX,RNO,950,957.0,7.0,9.0,1006.0,80.0,72.0,60.0,391,1106.0,3.0,1110,1109.0,-1.0,0,0,,0.0,0.0,0.0,0.0,0.0,2015-04-08,0,0.0,0.0,0.0,0.0,0.0
2015,5,1,5,UA,1902,N67815,IAH,PHX,2111,2113.0,2.0,22.0,2135.0,177.0,162.0,135.0,1009,2150.0,5.0,2208,2155.0,-13.0,0,0,,0.0,0.0,0.0,0.0,0.0,2015-05-01,0,0.0,0.0,0.0,0.0,0.0
2015,4,23,4,US,653,N831AW,PHX,ANC,1715,1708.0,-7.0,13.0,1721.0,348.0,333.0,317.0,2552,2138.0,3.0,2203,2141.0,-22.0,0,0,,0.0,0.0,0.0,0.0,0.0,2015-04-23,0,0.0,0.0,0.0,0.0,0.0
2015,4,22,3,WN,2877,N427WN,MDW,DCA,2005,2003.0,-2.0,21.0,2024.0,110.0,103.0,77.0,601,2241.0,5.0,2255,2246.0,-9.0,0,0,,0.0,0.0,0.0,0.0,0.0,2015-04-22,0,0.0,0.0,0.0,0.0,0.0
2015,5,4,1,EV,4399,N13997,IAH,JAN,1339,1344.0,5.0,10.0,1354.0,75.0,71.0,57.0,351,1451.0,4.0,1454,1455.0,1.0,0,0,,0.0,0.0,0.0,0.0,0.0,2015-05-04,0,0.0,0.0,0.0,0.0,0.0
2015,3,30,1,OO,4695,N459SW,MSP,OKC,1340,1335.0,-5.0,22.0,1357.0,128.0,124.0,98.0,694,1535.0,4.0,1548,1539.0,-9.0,0,0,,0.0,0.0,0.0,0.0,0.0,2015-03-30,0,0.0,0.0,0.0,0.0,0.0
2015,4,21,2,WN,795,N416WN,DSM,LAS,1255,1444.0,109.0,5.0,1449.0,190.0,175.0,165.0,1216,1534.0,5.0,1405,1539.0,94.0,0,0,,0.0,0.0,0.0,94.0,0.0,2015-04-21,1,0.0,0.0,0.0,86.24,0.0
2015,4,10,5,WN,1514,N8603F,DEN,MDW,1630,1630.0,0.0,8.0,1638.0,145.0,119.0,107.0,895,1925.0,4.0,1955,1929.0,-26.0,0,0,,0.0,0.0,0.0,0.0,0.0,2015-04-10,0,0.0,0.0,0.0,0.0,0.0
2015,4,16,4,MQ,3200,N602MQ,GCK,DFW,800,752.0,-8.0,4.0,756.0,85.0,82.0,69.0,404,905.0,9.0,925,914.0,-11.0,0,0,,0.0,0.0,0.0,0.0,0.0,2015-04-16,0,0.0,0.0,0.0,0.0,0.0
2015,4,18,6,WN,2652,N914WN,MCI,MDW,1430,1428.0,-2.0,10.0,1438.0,80.0,80.0,66.0,405,1544.0,4.0,1550,1548.0,-2.0,0,0,,0.0,0.0,0.0,0.0,0.0,2015-04-18,0,0.0,0.0,0.0,0.0,0.0
2015,4,11,6,VX,717,N524VA,LGA,DAL,1545,1536.0,-9.0,14.0,1550.0,250.0,229.0,209.0,1381,1819.0,6.0,1855,1825.0,-30.0,0,0,,0.0,0.0,0.0,0.0,0.0,2015-04-11,0,0.0,0.0,0.0,0.0,0.0
2015,4,11,6,DL,1888,N929DL,CMH,ATL,1020,1017.0,-3.0,16.0,1033.0,100.0,89.0,67.0,447,1140.0,6.0,1200,1146.0,-14.0,0,0,,0.0,0.0,0.0,0.0,0.0,2015-04-11,0,0.0,0.0,0.0,0.0,0.0
2015,4,2,4,AA,1588,N026AA,JAC,DFW,825,806.0,-19.0,27.0,833.0,164.0,178.0,129.0,1047,1142.0,22.0,1209,1204.0,-5.0,0,0,,0.0,0.0,0.0,0.0,0.0,2015-04-02,0,0.0,0.0,0.0,0.0,0.0
2015,4,10,5,EV,5170,N855AS,SHV,ATL,1125,1241.0,76.0,13.0,1254.0,100.0,107.0,82.0,551,1516.0,12.0,1405,1528.0,83.0,0,0,,7.0,0.0,0.0,76.0,0.0,2015-04-10,1,9.21,0.0,0.0,100.0,0.0
2015,4,25,6,EV,4704,N14168,CHS,IAH,1838,1828.0,-10.0,17.0,1845.0,164.0,181.0,157.0,925,2022.0,7.0,2022,2029.0,7.0,0,0,,0.0,0.0,0.0,0.0,0.0,2015-04-25,0,0.0,0.0,0.0,0.0,0.0
2015,4,19,7,UA,1083,N66848,MCO,IAD,903,1247.0,224.0,18.0,1305.0,137.0,123.0,99.0,758,1444.0,6.0,1120,1450.0,210.0,0,0,,0.0,0.0,210.0,0.0,0.0,2015-04-19,1,0.0,0.0,93.75,0.0,0.0
2015,4,27,1,AA,340,N403AA,DFW,MCI,1210,1203.0,-7.0,23.0,1226.0,102.0,91.0,62.0,460,1328.0,6.0,1352,1334.0,-18.0,0,0,,0.0,0.0,0.0,0.0,0.0,2015-04-27,0,0.0,0.0,0.0,0.0,0.0
2015,4,22,3,DL,2422,N347NB,CLT,ATL,920,920.0,0.0,14.0,934.0,78.0,65.0,45.0,226,1019.0,6.0,1038,1025.0,-13.0,0,0,,0.0,0.0,0.0,0.0,0.0,2015-04-22,0,0.0,0.0,0.0,0.0,0.0
2015,4,20,1,DL,1316,N342NW,BOI,MSP,545,543.0,-2.0,12.0,555.0,162.0,165.0,151.0,1142,926.0,2.0,927,928.0,1.0,0,0,,0.0,0.0,0.0,0.0,0.0,2015-04-20,0,0.0,0.0,0.0,0.0,0.0
2015,4,14,2,WN,1172,N286WN,SDF,BWI,1555,1550.0,-5.0,13.0,1603.0,90.0,93.0,75.0,495,1718.0,5.0,1725,1723.0,-2.0,0,0,,0.0,0.0,0.0,0.0,0.0,2015-04-14,0,0.0,0.0,0.0,0.0,0.0
2015,4,24,5,OO,4606,N449SW,MSP,FSD,1605,1603.0,-2.0,19.0,1622.0,63.0,58.0,36.0,196,1658.0,3.0,1708,1701.0,-7.0,0,0,,0.0,0.0,0.0,0.0,0.0,2015-04-24,0,0.0,0.0,0.0,0.0,0.0
2015,4,14,2,UA,295,N850UA,MSY,DEN,828,818.0,-10.0,26.0,844.0,172.0,190.0,146.0,1062,1010.0,18.0,1020,1028.0,8.0,0,0,,0.0,0.0,0.0,0.0,0.0,2015-04-14,0,0.0,0.0,0.0,0.0,0.0
2015,4,4,6,EV,4115,N18557,CVG,ORD,925,924.0,-1.0,15.0,939.0,80.0,76.0,53.0,265,932.0,8.0,945,940.0,-5.0,0,0,,0.0,0.0,0.0,0.0,0.0,2015-04-04,0,0.0,0.0,0.0,0.0,0.0
2015,4,9,4,WN,655,N768SW,JAX,MDW,1620,1619.0,-1.0,13.0,1632.0,145.0,135.0,114.0,849,1726.0,8.0,1745,1734.0,-11.0,0,0,,0.0,0.0,0.0,0.0,0.0,2015-04-09,0,0.0,0.0,0.0,0.0,0.0
2015,5,4,1,DL,1884,N935DL,IAH,ATL,1803,1801.0,-2.0,12.0,1813.0,122.0,114.0,94.0,689,2047.0,8.0,2105,2055.0,-10.0,0,0,,0.0,0.0,0.0,0.0,0.0,2015-05-04,0,0.0,0.0,0.0,0.0,0.0
2015,4,3,5,WN,2516,N213WN,RSW,MDW,2025,2018.0,-7.0,8.0,2026.0,175.0,174.0,159.0,1105,2205.0,7.0,2220,2212.0,-8.0,0,0,,0.0,0.0,0.0,0.0,0.0,2015-04-03,0,0.0,0.0,0.0,0.0,0.0
2015,4,4,6,DL,1485,N963AT,DTW,EWR,1535,1535.0,0.0,24.0,1559.0,97.0,98.0,69.0,488,1708.0,5.0,1712,1713.0,1.0,0,0,,0.0,0.0,0.0,0.0,0.0,2015-04-04,0,0.0,0.0,0.0,0.0,0.0
2015,3,26,4,MQ,2902,N603MQ,GRK,DFW,854,850.0,-4.0,7.0,857.0,51.0,42.0,30.0,134,927.0,5.0,945,932.0,-13.0,0,0,,0.0,0.0,0.0,0.0,0.0,2015-03-26,0,0.0,0.0,0.0,0.0,0.0
2015,4,28,2,EV,4944,N707EV,DTW,BUF,745,740.0,-5.0,21.0,801.0,69.0,69.0,44.0,241,845.0,4.0,854,849.0,-5.0,0,0,,0.0,0.0,0.0,0.0,0.0,2015-04-28,0,0.0,0.0,0.0,0.0,0.0
2015,4,5,7,WN,3566,N768SW,MCI,MDW,1230,1223.0,-7.0,10.0,1233.0,80.0,74.0,59.0,405,1332.0,5.0,1350,1337.0,-13.0,0,0,,0.0,0.0,0.0,0.0,0.0,2015-04-05,0,0.0,0.0,0.0,0.0,0.0
2015,4,15,3,UA,424,N451UA,SFO,SEA,1457,1505.0,8.0,19.0,1524.0,129.0,121.0,95.0,679,1659.0,7.0,1706,1706.0,0.0,0,0,,0.0,0.0,0.0,0.0,0.0,2015-04-15,0,0.0,0.0,0.0,0.0,0.0
2015,3,29,7,VX,22,N855VA,SFO,JFK,920,914.0,-6.0,15.0,929.0,335.0,323.0,291.0,2586,1720.0,17.0,1755,1737.0,-18.0,0,0,,0.0,0.0,0.0,0.0,0.0,2015-03-29,0,0.0,0.0,0.0,0.0,0.0
2015,4,30,4,AA,241,N3LAAA,ORD,SFO,2013,2013.0,0.0,29.0,2042.0,287.0,290.0,250.0,1846,2252.0,11.0,2300,2303.0,3.0,0,0,,0.0,0.0,0.0,0.0,0.0,2015-04-30,0,0.0,0.0,0.0,0.0,0.0
2015,3,31,2,AA,2367,N4YCAA,ORD,LAS,1355,1350.0,-5.0,19.0,1409.0,245.0,237.0,209.0,1514,1538.0,9.0,1600,1547.0,-13.0,0,0,,0.0,0.0,0.0,0.0,0.0,2015-03-31,0,0.0,0.0,0.0,0.0,0.0
2015,4,7,2,AA,1419,N3FHAA,MIA,BDL,2005,2018.0,13.0,22.0,2040.0,186.0,181.0,153.0,1194,2313.0,6.0,2311,2319.0,8.0,0,0,,0.0,0.0,0.0,0.0,0.0,2015-04-07,0,0.0,0.0,0.0,0.0,0.0
2015,4,9,4,WN,2067,N396SW,ATL,RIC,1350,1347.0,-3.0,15.0,1402.0,100.0,87.0,68.0,481,1510.0,4.0,1530,1514.0,-16.0,0,0,,0.0,0.0,0.0,0.0,0.0,2015-04-09,0,0.0,0.0,0.0,0.0,0.0
2015,3,31,2,WN,489,N948WN,SMF,ONT,1950,1946.0,-4.0,7.0,1953.0,75.0,67.0,56.0,390,2049.0,4.0,2105,2053.0,-12.0,0,0,,0.0,0.0,0.0,0.0,0.0,2015-03-31,0,0.0,0.0,0.0,0.0,0.0
2015,4,30,4,US,644,N745VJ,PHX,ONT,1655,1649.0,-6.0,9.0,1658.0,70.0,62.0,48.0,325,1746.0,5.0,1805,1751.0,-14.0,0,0,,0.0,0.0,0.0,0.0,0.0,2015-04-30,0,0.0,0.0,0.0,0.0,0.0
2015,4,2,4,US,1715,N805AW,BDL,CLT,1255,1253.0,-2.0,13.0,1306.0,124.0,110.0,93.0,644,1439.0,4.0,1459,1443.0,-16.0,0,0,,0.0,0.0,0.0,0.0,0.0,2015-04-02,0,0.0,0.0,0.0,0.0,0.0
2015,5,3,7,OO,2870,N955SW,LAX,FAT,935,929.0,-6.0,14.0,943.0,61.0,54.0,36.0,209,1019.0,4.0,1036,1023.0,-13.0,0,0,,0.0,0.0,0.0,0.0,0.0,2015-05-03,0,0.0,0.0,0.0,0.0,0.0
2015,4,23,4,AA,1502,N574AA,SAT,DFW,1236,1245.0,9.0,16.0,1301.0,73.0,71.0,48.0,247,1349.0,7.0,1349,1356.0,7.0,0,0,,0.0,0.0,0.0,0.0,0.0,2015-04-23,0,0.0,0.0,0.0,0.0,0.0
2015,4,10,5,MQ,3190,N813MQ,EVV,ORD,1400,1358.0,-2.0,16.0,1414.0,91.0,85.0,58.0,272,1512.0,11.0,1531,1523.0,-8.0,0,0,,0.0,0.0,0.0,0.0,0.0,2015-04-10,0,0.0,0.0,0.0,0.0,0.0
2015,5,4,1,EV,4258,N12157,IAH,MEM,1044,1036.0,-8.0,15.0,1051.0,97.0,92.0,67.0,468,1158.0,10.0,1221,1208.0,-13.0,0,0,,0.0,0.0,0.0,0.0,0.0,2015-05-04,0,0.0,0.0,0.0,0.0,0.0
2015,4,8,3,B6,1351,N806JB,BOS,MCO,1640,1636.0,-4.0,17.0,1653.0,189.0,169.0,148.0,1121,1921.0,4.0,1949,1925.0,-24.0,0,0,,0.0,0.0,0.0,0.0,0.0,2015-04-08,0,0.0,0.0,0.0,0.0,0.0
2015,3,31,2,WN,1190,N8609A,PHX,MCO,1015,1020.0,5.0,15.0,1035.0,245.0,230.0,207.0,1849,1702.0,8.0,1720,1710.0,-10.0,0,0,,0.0,0.0,0.0,0.0,0.0,2015-03-31,0,0.0,0.0,0.0,0.0,0.0
2015,4,24,5,WN,702,N495WN,ICT,MDW,1855,1852.0,-3.0,6.0,1858.0,100.0,81.0,71.0,589,2009.0,4.0,2035,2013.0,-22.0,0,0,,0.0,0.0,0.0,0.0,0.0,2015-04-24,0,0.0,0.0,0.0,0.0,0.0
2015,3,27,5,WN,3054,N406WN,PHX,BUR,550,544.0,-6.0,20.0,604.0,90.0,88.0,66.0,369,710.0,2.0,720,712.0,-8.0,0,0,,0.0,0.0,0.0,0.0,0.0,2015-03-27,0,0.0,0.0,0.0,0.0,0.0
2015,5,3,7,WN,4200,N670SW,SFO,SAN,1350,1512.0,82.0,17.0,1529.0,90.0,89.0,69.0,447,1638.0,3.0,1520,1641.0,81.0,0,0,,0.0,0.0,0.0,81.0,0.0,2015-05-03,1,0.0,0.0,0.0,98.78,0.0
2015,5,4,1,HA,543,N488HA,OGG,HNL,1756,1756.0,0.0,5.0,1801.0,35.0,36.0,26.0,100,1827.0,5.0,1831,1832.0,1.0,0,0,,0.0,0.0,0.0,0.0,0.0,2015-05-04,0,0.0,0.0,0.0,0.0,0.0
2015,3,31,2,B6,1615,N281JB,BOS,BUF,1405,1607.0,122.0,14.0,1621.0,89.0,83.0,66.0,395,1727.0,3.0,1534,1730.0,116.0,0,0,,0.0,0.0,14.0,102.0,0.0,2015-03-31,1,0.0,0.0,11.48,83.61,0.0
2015,5,1,5,WN,626,N8314L,MCO,BWI,1320,1319.0,-1.0,13.0,1332.0,135.0,120.0,104.0,787,1516.0,3.0,1535,1519.0,-16.0,0,0,,0.0,0.0,0.0,0.0,0.0,2015-05-01,0,0.0,0.0,0.0,0.0,0.0
2015,3,29,7,DL,1664,N914DL,MSP,DCA,1500,1530.0,30.0,9.0,1539.0,138.0,122.0,109.0,931,1828.0,4.0,1818,1832.0,14.0,0,0,,0.0,0.0,0.0,0.0,0.0,2015-03-29,1,0.0,0.0,0.0,0.0,0.0
2015,4,22,3,WN,637,N463WN,SNA,SFO,1645,1645.0,0.0,7.0,1652.0,85.0,72.0,61.0,372,1753.0,4.0,1810,1757.0,-13.0,0,0,,0.0,0.0,0.0,0.0,0.0,2015-04-22,0,0.0,0.0,0.0,0.0,0.0
2015,4,30,4,DL,1119,N911DL,MSY,ATL,1305,1259.0,-6.0,12.0,1311.0,88.0,84.0,61.0,425,1512.0,11.0,1533,1523.0,-10.0,0,0,,0.0,0.0,0.0,0.0,0.0,2015-04-30,0,0.0,0.0,0.0,0.0,0.0
2015,4,17,5,AA,986,N3BPAA,BDL,DFW,645,638.0,-7.0,13.0,651.0,244.0,241.0,215.0,1471,926.0,13.0,949,939.0,-10.0,0,0,,0.0,0.0,0.0,0.0,0.0,2015-04-17,0,0.0,0.0,0.0,0.0,0.0
2015,4,27,1,US,891,N155UW,CLT,DFW,1445,1441.0,-4.0,19.0,1500.0,170.0,176.0,149.0,936,1629.0,8.0,1635,1637.0,2.0,0,0,,0.0,0.0,0.0,0.0,0.0,2015-04-27,0,0.0,0.0,0.0,0.0,0.0
2015,4,13,1,MQ,3094,N512MQ,ORD,ELP,1025,1222.0,117.0,10.0,1232.0,194.0,177.0,162.0,1236,1414.0,5.0,1239,1419.0,100.0,0,0,,0.0,0.0,100.0,0.0,0.0,2015-04-13,1,0.0,0.0,85.47,0.0,0.0
2015,5,3,7,WN,126,N650SW,ELP,HOU,1805,1817.0,12.0,11.0,1828.0,110.0,102.0,88.0,677,2056.0,3.0,2055,2059.0,4.0,0,0,,0.0,0.0,0.0,0.0,0.0,2015-05-03,0,0.0,0.0,0.0,0.0,0.0
2015,4,7,2,US,1722,N758US,CLT,DCA,940,934.0,-6.0,42.0,1016.0,85.0,104.0,56.0,331,1112.0,6.0,1105,1118.0,13.0,0,0,,0.0,0.0,0.0,0.0,0.0,2015-04-07,0,0.0,0.0,0.0,0.0,0.0
2015,4,14,2,EV,6028,N12924,ORD,FAR,850,852.0,2.0,12.0,904.0,114.0,101.0,85.0,557,1029.0,4.0,1044,1033.0,-11.0,0,0,,0.0,0.0,0.0,0.0,0.0,2015-04-14,0,0.0,0.0,0.0,0.0,0.0
2015,4,21,2,WN,2778,N242WN,MDW,LGA,1110,1109.0,-1.0,12.0,1121.0,125.0,120.0,101.0,725,1402.0,7.0,1415,1409.0,-6.0,0,0,,0.0,0.0,0.0,0.0,0.0,2015-04-21,0,0.0,0.0,0.0,0.0,0.0
2015,4,2,4,AS,611,N461AS,LAS,SEA,1945,1950.0,5.0,16.0,2006.0,155.0,153.0,130.0,867,2216.0,7.0,2220,2223.0,3.0,0,0,,0.0,0.0,0.0,0.0,0.0,2015-04-02,0,0.0,0.0,0.0,0.0,0.0
2015,4,22,3,WN,744,N412WN,MDW,EWR,1400,1358.0,-2.0,17.0,1415.0,125.0,137.0,93.0,711,1648.0,27.0,1705,1715.0,10.0,0,0,,0.0,0.0,0.0,0.0,0.0,2015-04-22,0,0.0,0.0,0.0,0.0,0.0
2015,4,26,7,MQ,3364,N679MQ,ORD,MLI,1025,1021.0,-4.0,9.0,1030.0,58.0,42.0,28.0,139,1058.0,5.0,1123,1103.0,-20.0,0,0,,0.0,0.0,0.0,0.0,0.0,2015-04-26,0,0.0,0.0,0.0,0.0,0.0
2015,4,21,2,AA,1226,N3KNAA,LAS,LAX,1839,1830.0,-9.0,21.0,1851.0,76.0,69.0,44.0,236,1935.0,4.0,1955,1939.0,-16.0,0,0,,0.0,0.0,0.0,0.0,0.0,2015-04-21,0,0.0,0.0,0.0,0.0,0.0
2015,4,30,4,DL,1210,N327NB,DTW,BOS,1950,2022.0,32.0,28.0,2050.0,106.0,125.0,90.0,632,2220.0,7.0,2136,2227.0,51.0,0,0,,19.0,0.0,17.0,15.0,0.0,2015-04-30,1,59.38,0.0,53.12,46.88,0.0
2015,4,7,2,NK,198,N632NK,FLL,MCO,700,659.0,-1.0,14.0,713.0,55.0,55.0,34.0,177,747.0,7.0,755,754.0,-1.0,0,0,,0.0,0.0,0.0,0.0,0.0,2015-04-07,0,0.0,0.0,0.0,0.0,0.0
2015,3,28,6,WN,1489,N630WN,BUF,MCO,1240,1236.0,-4.0,6.0,1242.0,155.0,153.0,140.0,1011,1502.0,7.0,1515,1509.0,-6.0,0,0,,0.0,0.0,0.0,0.0,0.0,2015-03-28,0,0.0,0.0,0.0,0.0,0.0
2015,3,30,1,OO,5346,N569SW,CLD,LAX,1304,1256.0,-8.0,6.0,1302.0,46.0,39.0,29.0,86,1331.0,4.0,1350,1335.0,-15.0,0,0,,0.0,0.0,0.0,0.0,0.0,2015-03-30,0,0.0,0.0,0.0,0.0,0.0
2015,4,2,4,DL,1958,N589NW,DTW,MCO,2137,2150.0,13.0,16.0,2206.0,151.0,145.0,121.0,957,7.0,8.0,8,15.0,7.0,0,0,,0.0,0.0,0.0,0.0,0.0,2015-04-02,0,0.0,0.0,0.0,0.0,0.0
2015,4,3,5,DL,759,N831DN,MCO,LAX,1846,1930.0,44.0,12.0,1942.0,346.0,319.0,294.0,2218,2136.0,13.0,2132,2149.0,17.0,0,0,,0.0,0.0,0.0,17.0,0.0,2015-04-03,1,0.0,0.0,0.0,38.64,0.0
2015,3,28,6,AA,1484,N513AA,DFW,AUS,925,923.0,-2.0,14.0,937.0,58.0,51.0,33.0,190,1010.0,4.0,1023,1014.0,-9.0,0,0,,0.0,0.0,0.0,0.0,0.0,2015-03-28,0,0.0,0.0,0.0,0.0,0.0
2015,3,27,5,EV,4892,N138EV,MSP,STL,1500,1454.0,-6.0,18.0,1512.0,86.0,84.0,63.0,448,1615.0,3.0,1626,1618.0,-8.0,0,0,,0.0,0.0,0.0,0.0,0.0,2015-03-27,0,0.0,0.0,0.0,0.0,0.0
2015,4,17,5,OO,5534,N929SW,DEN,SGF,2024,2315.0,171.0,17.0,2332.0,109.0,116.0,95.0,637,207.0,4.0,2313,211.0,178.0,0,0,,7.0,0.0,0.0,171.0,0.0,2015-04-17,1,4.09,0.0,0.0,100.0,0.0
2015,4,20,1,EV,4174,N27962,FNT,ORD,1030,1037.0,7.0,11.0,1048.0,67.0,66.0,45.0,223,1033.0,10.0,1037,1043.0,6.0,0,0,,0.0,0.0,0.0,0.0,0.0,2015-04-20,0,0.0,0.0,0.0,0.0,0.0
2015,5,2,6,DL,611,N394DL,LAX,HNL,830,827.0,-3.0,36.0,903.0,347.0,358.0,315.0,2556,1118.0,7.0,1117,1125.0,8.0,0,0,,0.0,0.0,0.0,0.0,0.0,2015-05-02,0,0.0,0.0,0.0,0.0,0.0
2015,3,31,2,EV,2538,N905EV,MLU,DFW,630,623.0,-7.0,14.0,637.0,76.0,79.0,59.0,293,736.0,6.0,746,742.0,-4.0,0,0,,0.0,0.0,0.0,0.0,0.0,2015-03-31,0,0.0,0.0,0.0,0.0,0.0
2015,4,19,7,WN,2570,N784SW,PDX,MCI,630,625.0,-5.0,15.0,640.0,205.0,201.0,181.0,1482,1141.0,5.0,1155,1146.0,-9.0,0,0,,0.0,0.0,0.0,0.0,0.0,2015-04-19,0,0.0,0.0,0.0,0.0,0.0
2015,4,6,1,VX,953,N521VA,SAN,SFO,925,925.0,0.0,15.0,940.0,95.0,87.0,67.0,447,1047.0,5.0,1100,1052.0,-8.0,0,0,,0.0,0.0,0.0,0.0,0.0,2015-04-06,0,0.0,0.0,0.0,0.0,0.0
2015,4,23,4,EV,5807,N17196,CMH,EWR,2039,2032.0,-7.0,9.0,2041.0,110.0,93.0,74.0,463,2155.0,10.0,2229,2205.0,-24.0,0,0,,0.0,0.0,0.0,0.0,0.0,2015-04-23,0,0.0,0.0,0.0,0.0,0.0
2015,4,12,7,UA,1021,N27239,DEN,EWR,755,819.0,24.0,11.0,830.0,230.0,210.0,190.0,1605,1340.0,9.0,1345,1349.0,4.0,0,0,,0.0,0.0,0.0,0.0,0.0,2015-04-12,1,0.0,0.0,0.0,0.0,0.0
2015,4,23,4,OO,2867,N868CA,SAN,LAX,1140,1150.0,10.0,18.0,1208.0,46.0,50.0,23.0,109,1231.0,9.0,1226,1240.0,14.0,0,0,,0.0,0.0,0.0,0.0,0.0,2015-04-23,0,0.0,0.0,0.0,0.0,0.0
2015,4,23,4,DL,2061,N519US,PHL,ATL,630,627.0,-3.0,19.0,646.0,139.0,126.0,98.0,666,824.0,9.0,849,833.0,-16.0,0,0,,0.0,0.0,0.0,0.0,0.0,2015-04-23,0,0.0,0.0,0.0,0.0,0.0
2015,4,26,7,US,729,N185UW,PHL,SEA,1800,1814.0,14.0,35.0,1849.0,362.0,363.0,321.0,2378,2110.0,7.0,2102,2117.0,15.0,0,0,,1.0,0.0,14.0,0.0,0.0,2015-04-26,0,7.14,0.0,100.0,0.0,0.0
2015,4,12,7,B6,1290,N653JB,SJU,EWR,1706,1751.0,45.0,11.0,1802.0,254.0,252.0,236.0,1608,2158.0,5.0,2120,2203.0,43.0,0,0,,5.0,0.0,38.0,0.0,0.0,2015-04-12,1,11.11,0.0,84.44,0.0,0.0
2015,3,31,2,WN,3149,N8316H,TPA,MKE,1820,1821.0,1.0,10.0,1831.0,170.0,169.0,154.0,1075,2005.0,5.0,2010,2010.0,0.0,0,0,,0.0,0.0,0.0,0.0,0.0,2015-03-31,0,0.0,0.0,0.0,0.0,0.0
2015,4,24,5,US,677,N509AY,LAS,PHL,35,30.0,-5.0,11.0,41.0,278.0,252.0,235.0,2176,736.0,6.0,813,742.0,-31.0,0,0,,0.0,0.0,0.0,0.0,0.0,2015-04-24,0,0.0,0.0,0.0,0.0,0.0
2015,4,19,7,WN,769,N416WN,MDW,ATL,1820,1959.0,99.0,15.0,2014.0,110.0,115.0,90.0,591,2244.0,10.0,2110,2254.0,104.0,0,0,,5.0,0.0,3.0,96.0,0.0,2015-04-19,1,5.05,0.0,3.03,96.97,0.0
2015,4,24,5,DL,2489,N929DN,PHL,DTW,600,557.0,-3.0,13.0,610.0,100.0,105.0,86.0,453,736.0,6.0,740,742.0,2.0,0,0,,0.0,0.0,0.0,0.0,0.0,2015-04-24,0,0.0,0.0,0.0,0.0,0.0
2015,5,1,5,WN,1390,N7717D,TPA,BUF,2110,2120.0,10.0,18.0,2138.0,155.0,155.0,134.0,1053,2352.0,3.0,2345,2355.0,10.0,0,0,,0.0,0.0,0.0,0.0,0.0,2015-05-01,0,0.0,0.0,0.0,0.0,0.0
2015,3,29,7,AA,1502,N496AA,SAT,DFW,1236,1231.0,-5.0,16.0,1247.0,73.0,77.0,45.0,247,1332.0,16.0,1349,1348.0,-1.0,0,0,,0.0,0.0,0.0,0.0,0.0,2015-03-29,0,0.0,0.0,0.0,0.0,0.0
2015,3,27,5,WN,4646,N915WN,LAX,SJC,605,603.0,-2.0,16.0,619.0,80.0,68.0,48.0,308,707.0,4.0,725,711.0,-14.0,0,0,,0.0,0.0,0.0,0.0,0.0,2015-03-27,0,0.0,0.0,0.0,0.0,0.0
2015,4,19,7,WN,1635,N364SW,SFO,SAN,1910,1905.0,-5.0,8.0,1913.0,95.0,81.0,71.0,447,2024.0,2.0,2045,2026.0,-19.0,0,0,,0.0,0.0,0.0,0.0,0.0,2015-04-19,0,0.0,0.0,0.0,0.0,0.0
2015,4,3,5,WN,3318,N431WN,HOU,OAK,2155,2155.0,0.0,11.0,2206.0,255.0,249.0,233.0,1642,2359.0,5.0,10,4.0,-6.0,0,0,,0.0,0.0,0.0,0.0,0.0,2015-04-03,0,0.0,0.0,0.0,0.0,0.0
2015,4,28,2,OO,4770,N8903A,MSP,DIK,1001,957.0,-4.0,13.0,1010.0,109.0,95.0,77.0,481,1027.0,5.0,1050,1032.0,-18.0,0,0,,0.0,0.0,0.0,0.0,0.0,2015-04-28,0,0.0,0.0,0.0,0.0,0.0
2015,4,25,6,AA,1659,N3FXAA,MIA,TPA,2230,2226.0,-4.0,18.0,2244.0,63.0,65.0,42.0,204,2326.0,5.0,2333,2331.0,-2.0,0,0,,0.0,0.0,0.0,0.0,0.0,2015-04-25,0,0.0,0.0,0.0,0.0,0.0
2015,4,2,4,WN,3679,N469WN,LAX,HOU,1120,1136.0,16.0,8.0,1144.0,185.0,167.0,153.0,1390,1617.0,6.0,1625,1623.0,-2.0,0,0,,0.0,0.0,0.0,0.0,0.0,2015-04-02,1,0.0,0.0,0.0,0.0,0.0
2015,4,10,5,WN,574,N8644C,DEN,HOU,1415,1425.0,10.0,7.0,1432.0,155.0,129.0,118.0,883,1730.0,4.0,1750,1734.0,-16.0,0,0,,0.0,0.0,0.0,0.0,0.0,2015-04-10,0,0.0,0.0,0.0,0.0,0.0
2015,4,26,7,US,1812,N186US,CLT,BOS,2215,2230.0,15.0,26.0,2256.0,122.0,120.0,89.0,728,25.0,5.0,17,30.0,13.0,0,0,,0.0,0.0,0.0,0.0,0.0,2015-04-26,0,0.0,0.0,0.0,0.0,0.0
2015,4,7,2,B6,117,N190JB,BOS,JFK,1306,1256.0,-10.0,30.0,1326.0,85.0,86.0,50.0,187,1416.0,6.0,1431,1422.0,-9.0,0,0,,0.0,0.0,0.0,0.0,0.0,2015-04-07,0,0.0,0.0,0.0,0.0,0.0
2015,3,31,2,DL,2346,N359NW,ATL,MDW,1904,1903.0,-1.0,13.0,1916.0,119.0,112.0,94.0,591,1950.0,5.0,2003,1955.0,-8.0,0,0,,0.0,0.0,0.0,0.0,0.0,2015-03-31,0,0.0,0.0,0.0,0.0,0.0
2015,4,13,1,DL,2446,N675DL,FLL,ATL,1445,1442.0,-3.0,19.0,1501.0,124.0,118.0,89.0,581,1630.0,10.0,1649,1640.0,-9.0,0,0,,0.0,0.0,0.0,0.0,0.0,2015-04-13,0,0.0,0.0,0.0,0.0,0.0
2015,4,2,4,WN,4541,N635SW,BNA,RDU,740,747.0,7.0,12.0,759.0,85.0,85.0,67.0,442,1006.0,6.0,1005,1012.0,7.0,0,0,,0.0,0.0,0.0,0.0,0.0,2015-04-02,0,0.0,0.0,0.0,0.0,0.0
2015,4,27,1,B6,1482,N190JB,RIC,BOS,855,853.0,-2.0,11.0,904.0,90.0,86.0,72.0,474,1016.0,3.0,1025,1019.0,-6.0,0,0,,0.0,0.0,0.0,0.0,0.0,2015-04-27,0,0.0,0.0,0.0,0.0,0.0
2015,4,11,6,B6,1198,N662JB,MCO,LGA,1608,1613.0,5.0,20.0,1633.0,158.0,149.0,123.0,950,1836.0,6.0,1846,1842.0,-4.0,0,0,,0.0,0.0,0.0,0.0,0.0,2015-04-11,0,0.0,0.0,0.0,0.0,0.0
2015,3,27,5,DL,2091,N926DH,ATL,TPA,1030,1024.0,-6.0,24.0,1048.0,89.0,93.0,64.0,406,1152.0,5.0,1159,1157.0,-2.0,0,0,,0.0,0.0,0.0,0.0,0.0,2015-03-27,0,0.0,0.0,0.0,0.0,0.0
2015,3,27,5,OO,4563,N441SW,DTW,TYS,1200,1157.0,-3.0,39.0,1236.0,96.0,129.0,78.0,443,1354.0,12.0,1336,1406.0,30.0,0,0,,30.0,0.0,0.0,0.0,0.0,2015-03-27,0,-1000.0,-0.0,-0.0,-0.0,-0.0
2015,4,10,5,UA,620,N401UA,SAN,ORD,630,628.0,-2.0,23.0,651.0,247.0,224.0,197.0,1723,1208.0,4.0,1237,1212.0,-25.0,0,0,,0.0,0.0,0.0,0.0,0.0,2015-04-10,0,0.0,0.0,0.0,0.0,0.0
2015,4,21,2,DL,2352,N997DL,ALB,ATL,600,551.0,-9.0,28.0,619.0,164.0,161.0,130.0,853,829.0,3.0,844,832.0,-12.0,0,0,,0.0,0.0,0.0,0.0,0.0,2015-04-21,0,0.0,0.0,0.0,0.0,0.0
2015,4,17,5,B6,533,N236JB,BDL,TPA,1030,1020.0,-10.0,21.0,1041.0,182.0,175.0,151.0,1111,1312.0,3.0,1332,1315.0,-17.0,0,0,,0.0,0.0,0.0,0.0,0.0,2015-04-17,0,0.0,0.0,0.0,0.0,0.0
2015,3,27,5,US,2067,N702UW,RDU,CLT,1605,1600.0,-5.0,25.0,1625.0,61.0,75.0,44.0,130,1709.0,6.0,1706,1715.0,9.0,0,0,,0.0,0.0,0.0,0.0,0.0,2015-03-27,0,0.0,0.0,0.0,0.0,0.0
2015,4,22,3,DL,2418,N928AT,MDT,DTW,615,611.0,-4.0,15.0,626.0,93.0,95.0,74.0,371,740.0,6.0,748,746.0,-2.0,0,0,,0.0,0.0,0.0,0.0,0.0,2015-04-22,0,0.0,0.0,0.0,0.0,0.0
2015,4,7,2,EV,2567,N673AE,VPS,DFW,546,546.0,0.0,9.0,555.0,133.0,137.0,122.0,641,757.0,6.0,759,803.0,4.0,0,0,,0.0,0.0,0.0,0.0,0.0,2015-04-07,0,0.0,0.0,0.0,0.0,0.0
2015,3,30,1,WN,349,N226WN,BNA,PHX,2000,2006.0,6.0,11.0,2017.0,235.0,224.0,207.0,1449,2144.0,6.0,2155,2150.0,-5.0,0,0,,0.0,0.0,0.0,0.0,0.0,2015-03-30,0,0.0,0.0,0.0,0.0,0.0
2015,4,24,5,AA,1199,N494AA,STL,ORD,635,624.0,-11.0,18.0,642.0,73.0,73.0,44.0,258,726.0,11.0,748,737.0,-11.0,0,0,,0.0,0.0,0.0,0.0,0.0,2015-04-24,0,0.0,0.0,0.0,0.0,0.0
2015,4,4,6,B6,1415,N942JB,JFK,SFO,1129,1127.0,-2.0,29.0,1156.0,393.0,419.0,382.0,2586,1518.0,8.0,1502,1526.0,24.0,0,0,,24.0,0.0,0.0,0.0,0.0,2015-04-04,0,-1200.0,-0.0,-0.0,-0.0,-0.0
2015,4,17,5,WN,384,N901WN,SJC,SEA,1425,1452.0,27.0,6.0,1458.0,125.0,103.0,94.0,697,1632.0,3.0,1630,1635.0,5.0,0,0,,0.0,0.0,0.0,0.0,0.0,2015-04-17,1,0.0,0.0,0.0,0.0,0.0
2015,4,20,1,EV,6163,N11192,DEN,MCI,755,1907.0,672.0,13.0,1920.0,98.0,95.0,77.0,533,2137.0,5.0,1033,2142.0,669.0,0,0,,0.0,0.0,200.0,469.0,0.0,2015-04-20,1,0.0,0.0,29.76,69.79,0.0
2015,4,23,4,EV,4882,N861AS,ATL,GSP,2054,2052.0,-2.0,36.0,2128.0,54.0,71.0,32.0,153,2200.0,3.0,2148,2203.0,15.0,0,0,,15.0,0.0,0.0,0.0,0.0,2015-04-23,0,-750.0,-0.0,-0.0,-0.0,-0.0
2015,3,31,2,EV,4126,N14923,BOS,CLE,1502,1450.0,-12.0,20.0,1510.0,138.0,118.0,93.0,563,1643.0,5.0,1720,1648.0,-32.0,0,0,,0.0,0.0,0.0,0.0,0.0,2015-03-31,0,0.0,0.0,0.0,0.0,0.0
2015,4,27,1,B6,275,N608JB,BDL,SJU,1406,1411.0,5.0,10.0,1421.0,224.0,218.0,202.0,1666,1743.0,6.0,1750,1749.0,-1.0,0,0,,0.0,0.0,0.0,0.0,0.0,2015-04-27,0,0.0,0.0,0.0,0.0,0.0
2015,4,21,2,WN,35,N669SW,LBB,DAL,1320,1318.0,-2.0,8.0,1326.0,65.0,59.0,46.0,293,1412.0,5.0,1425,1417.0,-8.0,0,0,,0.0,0.0,0.0,0.0,0.0,2015-04-21,0,0.0,0.0,0.0,0.0,0.0
2015,3,29,7,US,2068,N181UW,PHX,CLT,630,651.0,21.0,11.0,702.0,239.0,221.0,201.0,1773,1323.0,9.0,1329,1332.0,3.0,0,0,,0.0,0.0,0.0,0.0,0.0,2015-03-29,1,0.0,0.0,0.0,0.0,0.0
2015,3,28,6,WN,1924,N781WN,MDW,FLL,1530,1644.0,74.0,7.0,1651.0,175.0,168.0,156.0,1166,2027.0,5.0,1925,2032.0,67.0,0,0,,0.0,0.0,22.0,45.0,0.0,2015-03-28,1,0.0,0.0,29.73,60.81,0.0
2015,3,30,1,EV,4288,N26141,MFE,IAH,530,517.0,-13.0,8.0,525.0,70.0,74.0,59.0,316,624.0,7.0,640,631.0,-9.0,0,0,,0.0,0.0,0.0,0.0,0.0,2015-03-30,0,0.0,0.0,0.0,0.0,0.0
2015,4,6,1,OO,5503,N932SW,PDX,SFO,959,950.0,-9.0,14.0,1004.0,114.0,116.0,93.0,550,1137.0,9.0,1153,1146.0,-7.0,0,0,,0.0,0.0,0.0,0.0,0.0,2015-04-06,0,0.0,0.0,0.0,0.0,0.0
2015,4,23,4,WN,513,N8657B,FLL,BWI,1145,1144.0,-1.0,20.0,1204.0,165.0,162.0,135.0,925,1419.0,7.0,1430,1426.0,-4.0,0,0,,0.0,0.0,0.0,0.0,0.0,2015-04-23,0,0.0,0.0,0.0,0.0,0.0
2015,5,1,5,DL,1250,N928DN,MCI,ATL,1400,1359.0,-1.0,9.0,1408.0,124.0,108.0,94.0,692,1642.0,5.0,1704,1647.0,-17.0,0,0,,0.0,0.0,0.0,0.0,0.0,2015-05-01,0,0.0,0.0,0.0,0.0,0.0
2015,4,3,5,OO,6482,N925SW,DEN,MEM,955,956.0,1.0,25.0,1021.0,141.0,132.0,99.0,872,1300.0,8.0,1316,1308.0,-8.0,0,0,,0.0,0.0,0.0,0.0,0.0,2015-04-03,0,0.0,0.0,0.0,0.0,0.0
2015,4,21,2,OO,4723,N641CA,SLC,LGB,1650,1718.0,28.0,21.0,1739.0,120.0,114.0,88.0,588,1807.0,5.0,1750,1812.0,22.0,0,0,,0.0,0.0,22.0,0.0,0.0,2015-04-21,1,0.0,0.0,78.57,0.0,0.0
2015,4,10,5,UA,1612,N33264,TPA,EWR,610,610.0,0.0,15.0,625.0,158.0,167.0,140.0,997,845.0,12.0,848,857.0,9.0,0,0,,0.0,0.0,0.0,0.0,0.0,2015-04-10,0,0.0,0.0,0.0,0.0,0.0
2015,4,21,2,WN,2528,N8639B,LAS,BUF,1605,1616.0,11.0,18.0,1634.0,255.0,247.0,225.0,1986,2319.0,4.0,2320,2323.0,3.0,0,0,,0.0,0.0,0.0,0.0,0.0,2015-04-21,0,0.0,0.0,0.0,0.0,0.0
2015,4,17,5,DL,1728,N3761R,LAS,JFK,1614,1626.0,12.0,11.0,1637.0,285.0,281.0,262.0,2248,2359.0,8.0,2359,7.0,8.0,0,0,,0.0,0.0,0.0,0.0,0.0,2015-04-17,0,0.0,0.0,0.0,0.0,0.0
2015,4,17,5,EV,5169,N873AS,GSP,ATL,700,655.0,-5.0,16.0,711.0,58.0,63.0,43.0,153,754.0,4.0,758,758.0,0.0,0,0,,0.0,0.0,0.0,0.0,0.0,2015-04-17,0,0.0,0.0,0.0,0.0,0.0
2015,4,25,6,EV,5010,N707EV,DTW,SAT,1950,1952.0,2.0,19.0,2011.0,201.0,211.0,188.0,1214,2219.0,4.0,2211,2223.0,12.0,0,0,,0.0,0.0,0.0,0.0,0.0,2015-04-25,0,0.0,0.0,0.0,0.0,0.0
2015,4,28,2,DL,1053,N975DL,PBI,ATL,1908,1906.0,-2.0,9.0,1915.0,116.0,106.0,82.0,545,2037.0,15.0,2104,2052.0,-12.0,0,0,,0.0,0.0,0.0,0.0,0.0,2015-04-28,0,0.0,0.0,0.0,0.0,0.0
2015,5,1,5,WN,479,N405WN,LGA,MDW,2055,2049.0,-6.0,13.0,2102.0,145.0,120.0,101.0,725,2143.0,6.0,2220,2149.0,-31.0,0,0,,0.0,0.0,0.0,0.0,0.0,2015-05-01,0,0.0,0.0,0.0,0.0,0.0
2015,4,23,4,WN,2853,N451WN,LAS,PHX,1035,1039.0,4.0,13.0,1052.0,65.0,68.0,49.0,255,1141.0,6.0,1140,1147.0,7.0,0,0,,0.0,0.0,0.0,0.0,0.0,2015-04-23,0,0.0,0.0,0.0,0.0,0.0
2015,4,20,1,HA,397,N478HA,KOA,HNL,2119,2106.0,-13.0,9.0,2115.0,43.0,42.0,27.0,163,2142.0,6.0,2202,2148.0,-14.0,0,0,,0.0,0.0,0.0,0.0,0.0,2015-04-20,0,0.0,0.0,0.0,0.0,0.0
2015,4,15,3,OO,5322,N941SW,ORD,FWA,1945,1948.0,3.0,29.0,2017.0,62.0,66.0,32.0,157,2149.0,5.0,2147,2154.0,7.0,0,0,,0.0,0.0,0.0,0.0,0.0,2015-04-15,0,0.0,0.0,0.0,0.0,0.0
2015,5,3,7,UA,1509,N33292,SAN,IAH,615,621.0,6.0,16.0,637.0,192.0,174.0,150.0,1303,1107.0,8.0,1127,1115.0,-12.0,0,0,,0.0,0.0,0.0,0.0,0.0,2015-05-03,0,0.0,0.0,0.0,0.0,0.0
2015,3,28,6,DL,989,N980DL,SAV,ATL,625,621.0,-4.0,18.0,639.0,65.0,67.0,45.0,214,724.0,4.0,730,728.0,-2.0,0,0,,0.0,0.0,0.0,0.0,0.0,2015-03-28,0,0.0,0.0,0.0,0.0,0.0
2015,4,1,3,DL,1789,N534US,JAX,ATL,1940,1937.0,-3.0,22.0,1959.0,84.0,79.0,46.0,270,2045.0,11.0,2104,2056.0,-8.0,0,0,,0.0,0.0,0.0,0.0,0.0,2015-04-01,0,0.0,0.0,0.0,0.0,0.0
2015,4,6,1,B6,1503,N564JB,JFK,SJU,2359,2359.0,0.0,15.0,14.0,221.0,209.0,190.0,1598,324.0,4.0,340,328.0,-12.0,0,0,,0.0,0.0,0.0,0.0,0.0,2015-04-06,0,0.0,0.0,0.0,0.0,0.0
2015,4,8,3,EV,5905,N11544,ORD,LAN,2132,2246.0,74.0,17.0,2303.0,57.0,55.0,33.0,179,36.0,5.0,2329,41.0,72.0,0,0,,0.0,0.0,30.0,42.0,0.0,2015-04-08,1,0.0,0.0,40.54,56.76,0.0
2015,4,30,4,NK,614,N533NK,MSP,ORD,1832,1828.0,-4.0,13.0,1841.0,89.0,92.0,53.0,334,1934.0,26.0,2001,2000.0,-1.0,0,0,,0.0,0.0,0.0,0.0,0.0,2015-04-30,0,0.0,0.0,0.0,0.0,0.0
2015,4,11,6,WN,2777,N717SA,SAN,OAK,1230,1302.0,32.0,11.0,1313.0,90.0,82.0,66.0,446,1419.0,5.0,1400,1424.0,24.0,0,0,,0.0,0.0,6.0,18.0,0.0,2015-04-11,1,0.0,0.0,18.75,56.25,0.0
2015,4,6,1,VX,26,N842VA,SFO,JFK,1355,1413.0,18.0,18.0,1431.0,334.0,321.0,294.0,2586,2225.0,9.0,2229,2234.0,5.0,0,0,,0.0,0.0,0.0,0.0,0.0,2015-04-06,1,0.0,0.0,0.0,0.0,0.0
2015,4,8,3,MQ,3364,N699MQ,ORD,MLI,1025,1048.0,23.0,13.0,1101.0,58.0,48.0,32.0,139,1133.0,3.0,1123,1136.0,13.0,0,0,,0.0,0.0,0.0,0.0,0.0,2015-04-08,1,0.0,0.0,0.0,0.0,0.0
2015,5,4,1,AS,834,N584AS,HNL,PDX,1105,1053.0,-12.0,24.0,1117.0,339.0,334.0,306.0,2603,1923.0,4.0,1944,1927.0,-17.0,0,0,,0.0,0.0,0.0,0.0,0.0,2015-05-04,0,0.0,0.0,0.0,0.0,0.0
2015,4,4,6,US,1982,N540UW,CLE,CLT,655,646.0,-9.0,28.0,714.0,96.0,111.0,72.0,430,826.0,11.0,831,837.0,6.0,0,0,,0.0,0.0,0.0,0.0,0.0,2015-04-04,0,0.0,0.0,0.0,0.0,0.0
2015,4,22,3,DL,1515,N917DL,ATL,ALB,1905,1903.0,-2.0,14.0,1917.0,143.0,127.0,110.0,853,2107.0,3.0,2128,2110.0,-18.0,0,0,,0.0,0.0,0.0,0.0,0.0,2015-04-22,0,0.0,0.0,0.0,0.0,0.0
2015,3,31,2,WN,4201,N956WN,BWI,SAT,1900,1858.0,-2.0,37.0,1935.0,240.0,243.0,202.0,1407,2157.0,4.0,2200,2201.0,1.0,0,0,,0.0,0.0,0.0,0.0,0.0,2015-03-31,0,0.0,0.0,0.0,0.0,0.0
2015,4,30,4,WN,506,N477WN,STL,HOU,545,538.0,-7.0,11.0,549.0,125.0,112.0,96.0,687,725.0,5.0,750,730.0,-20.0,0,0,,0.0,0.0,0.0,0.0,0.0,2015-04-30,0,0.0,0.0,0.0,0.0,0.0
2015,3,28,6,AA,1217,N473AA,MSY,DFW,820,811.0,-9.0,10.0,821.0,103.0,105.0,77.0,447,938.0,18.0,1003,956.0,-7.0,0,0,,0.0,0.0,0.0,0.0,0.0,2015-03-28,0,0.0,0.0,0.0,0.0,0.0
2015,4,14,2,WN,857,N746SW,LAS,TUL,1255,1307.0,12.0,10.0,1317.0,155.0,142.0,128.0,1076,1725.0,4.0,1730,1729.0,-1.0,0,0,,0.0,0.0,0.0,0.0,0.0,2015-04-14,0,0.0,0.0,0.0,0.0,0.0
2015,3,27,5,EV,6184,N12201,MSN,DEN,1645,1634.0,-11.0,6.0,1640.0,150.0,131.0,117.0,826,1737.0,8.0,1815,1745.0,-30.0,0,0,,0.0,0.0,0.0,0.0,0.0,2015-03-27,0,0.0,0.0,0.0,0.0,0.0
2015,4,25,6,EV,2509,N879AS,DFW,BTR,1025,1059.0,34.0,17.0,1116.0,85.0,84.0,64.0,383,1220.0,3.0,1150,1223.0,33.0,0,0,,0.0,0.0,17.0,16.0,0.0,2015-04-25,1,0.0,0.0,50.0,47.06,0.0
2015,4,19,7,WN,166,N7743B,DCA,MKE,2035,2035.0,0.0,14.0,2049.0,120.0,115.0,96.0,634,2125.0,5.0,2135,2130.0,-5.0,0,0,,0.0,0.0,0.0,0.0,0.0,2015-04-19,0,0.0,0.0,0.0,0.0,0.0
2015,4,6,1,DL,2346,N323US,ATL,MDW,1904,1903.0,-1.0,18.0,1921.0,119.0,118.0,93.0,591,1954.0,7.0,2003,2001.0,-2.0,0,0,,0.0,0.0,0.0,0.0,0.0,2015-04-06,0,0.0,0.0,0.0,0.0,0.0
2015,4,6,1,UA,308,N420UA,LGA,IAH,1830,1901.0,31.0,38.0,1939.0,251.0,252.0,202.0,1416,2201.0,12.0,2141,2213.0,32.0,0,0,,1.0,0.0,20.0,11.0,0.0,2015-04-06,1,3.23,0.0,64.52,35.48,0.0
2015,3,27,5,AA,1636,N469AA,DFW,AUS,1525,1523.0,-2.0,12.0,1535.0,57.0,60.0,45.0,190,1620.0,3.0,1622,1623.0,1.0,0,0,,0.0,0.0,0.0,0.0,0.0,2015-03-27,0,0.0,0.0,0.0,0.0,0.0
2015,5,2,6,WN,2708,N640SW,SJC,LAX,910,914.0,4.0,14.0,928.0,70.0,74.0,53.0,308,1021.0,7.0,1020,1028.0,8.0,0,0,,0.0,0.0,0.0,0.0,0.0,2015-05-02,0,0.0,0.0,0.0,0.0,0.0
2015,3,27,5,AS,658,N548AS,SEA,DFW,700,657.0,-3.0,10.0,707.0,225.0,212.0,191.0,1660,1218.0,11.0,1245,1229.0,-16.0,0,0,,0.0,0.0,0.0,0.0,0.0,2015-03-27,0,0.0,0.0,0.0,0.0,0.0
2015,4,3,5,AA,2260,N3EUAA,DFW,DCA,1505,1502.0,-3.0,12.0,1514.0,182.0,155.0,137.0,1192,1831.0,6.0,1907,1837.0,-30.0,0,0,,0.0,0.0,0.0,0.0,0.0,2015-04-03,0,0.0,0.0,0.0,0.0,0.0
2015,4,19,7,MQ,3411,N512MQ,DSM,ORD,630,626.0,-4.0,10.0,636.0,79.0,76.0,49.0,299,725.0,17.0,749,742.0,-7.0,0,0,,0.0,0.0,0.0,0.0,0.0,2015-04-19,0,0.0,0.0,0.0,0.0,0.0
2015,4,21,2,AS,686,N302AS,PDX,ORD,1030,1030.0,0.0,11.0,1041.0,238.0,228.0,205.0,1739,1606.0,12.0,1628,1618.0,-10.0,0,0,,0.0,0.0,0.0,0.0,0.0,2015-04-21,0,0.0,0.0,0.0,0.0,0.0
2015,4,29,3,WN,3489,N763SW,LAS,OAK,1355,1352.0,-3.0,21.0,1413.0,90.0,91.0,64.0,407,1517.0,6.0,1525,1523.0,-2.0,0,0,,0.0,0.0,0.0,0.0,0.0,2015-04-29,0,0.0,0.0,0.0,0.0,0.0
2015,4,11,6,US,412,N824AW,PHX,DTW,1515,1544.0,29.0,14.0,1558.0,228.0,214.0,192.0,1671,2210.0,8.0,2203,2218.0,15.0,0,0,,0.0,0.0,1.0,14.0,0.0,2015-04-11,1,0.0,0.0,3.45,48.28,0.0
2015,4,7,2,DL,1117,N139DL,MSP,RSW,1005,1001.0,-4.0,12.0,1013.0,202.0,190.0,173.0,1416,1406.0,5.0,1427,1411.0,-16.0,0,0,,0.0,0.0,0.0,0.0,0.0,2015-04-07,0,0.0,0.0,0.0,0.0,0.0
2015,4,2,4,EV,5906,N17185,SAF,DEN,755,746.0,-9.0,22.0,808.0,84.0,115.0,83.0,303,931.0,10.0,919,941.0,22.0,0,0,,22.0,0.0,0.0,0.0,0.0,2015-04-02,0,-244.44,-0.0,-0.0,-0.0,-0.0
2015,4,11,6,UA,1111,N39416,EWR,MCO,1800,1807.0,7.0,17.0,1824.0,176.0,196.0,156.0,937,2100.0,23.0,2056,2123.0,27.0,0,0,,20.0,0.0,7.0,0.0,0.0,2015-04-11,0,285.71,0.0,100.0,0.0,0.0
2015,4,21,2,WN,4291,N477WN,MDW,BWI,735,734.0,-1.0,9.0,743.0,110.0,97.0,85.0,611,1008.0,3.0,1025,1011.0,-14.0,0,0,,0.0,0.0,0.0,0.0,0.0,2015-04-21,0,0.0,0.0,0.0,0.0,0.0
2015,4,4,6,MQ,3600,N814MQ,SAF,DFW,1642,1631.0,-11.0,10.0,1641.0,102.0,88.0,69.0,551,1850.0,9.0,1924,1859.0,-25.0,0,0,,0.0,0.0,0.0,0.0,0.0,2015-04-04,0,0.0,0.0,0.0,0.0,0.0
