YEAR,MONTH,DAY,DAY_OF_WEEK,AIRLINE,FLIGHT_NUMBER,TAIL_NUMBER,ORIGIN_AIRPORT,DESTINATION_AIRPORT,SCHEDULED_DEPARTURE,DEPARTURE_TIME,DEPARTURE_DELAY,TAXI_OUT,WHEELS_OFF,SCHEDULED_TIME,ELAPSED_TIME,AIR_TIME,DISTANCE,WHEELS_ON,TAXI_IN,SCHEDULED_ARRIVAL,ARRIVAL_TIME,ARRIVAL_DELAY,DIVERTED,CANCELLED,CANCELLATION_REASON,AIR_SYSTEM_DELAY,SECURITY_DELAY,AIRLINE_DELAY,LATE_AIRCRAFT_DELAY,WEATHER_DELAY,date,flight_depart_delayed,flight_arrive_delayed,Delay_Total,flight_total_delay,AIR_SYSTEM_DELAY_pct,SECURITY_DELAY_pct,AIRLINE_DELAY_pct,LATE_AIRCRAFT_DELAY_pct,WEATHER_DELAY_pct
2015,3,19,4,WN,3415,N8652B,SFO,DAL,615,619.0,4.0,19.0,638.0,205.0,206.0,181.0,1476,1139.0,6.0,1140,1145.0,5.0,0,0,,0.0,0.0,0.0,0.0,0.0,2015-03-19,0,0,0.0,0,0.0,0.0,0.0,0.0,0.0
2015,2,27,5,US,2068,N507AY,PHX,CLT,730,725.0,-5.0,16.0,741.0,230.0,211.0,190.0,1773,1251.0,5.0,1320,1256.0,-24.0,0,0,,0.0,0.0,0.0,0.0,0.0,2015-02-27,0,0,0.0,0,0.0,0.0,0.0,0.0,0.0
2015,3,3,2,OO,7429,N446SW,SLC,PIH,1106,1106.0,0.0,44.0,1150.0,51.0,77.0,28.0,150,1218.0,5.0,1157,1223.0,26.0,0,0,,26.0,0.0,0.0,0.0,0.0,2015-03-03,0,1,26.0,1,100.0,0.0,0.0,0.0,0.0
2015,3,19,4,VX,1,N621VA,SFO,DCA,815,819.0,4.0,12.0,831.0,305.0,283.0,267.0,2442,1558.0,4.0,1620,1602.0,-18.0,0,0,,0.0,0.0,0.0,0.0,0.0,2015-03-19,0,0,0.0,0,0.0,0.0,0.0,0.0,0.0
2015,3,10,2,AA,2207,N3FDAA,MIA,LAS,1405,1413.0,8.0,17.0,1430.0,341.0,305.0,283.0,2174,1613.0,5.0,1646,1618.0,-28.0,0,0,,0.0,0.0,0.0,0.0,0.0,2015-03-10,0,0,0.0,0,0.0,0.0,0.0,0.0,0.0
2015,3,9,1,WN,532,N651SW,PHX,SEA,2105,2056.0,-9.0,6.0,2102.0,180.0,170.0,161.0,1107,2343.0,3.0,5,2346.0,-19.0,0,0,,0.0,0.0,0.0,0.0,0.0,2015-03-09,0,0,0.0,0,0.0,0.0,0.0,0.0,0.0
2015,3,23,1,OO,4649,N439SW,BZN,SLC,1748,1837.0,49.0,10.0,1847.0,76.0,77.0,61.0,347,1948.0,6.0,1904,1954.0,50.0,0,0,,1.0,0.0,49.0,0.0,0.0,2015-03-23,1,1,50.0,1,2.0,0.0,98.0,0.0,0.0
2015,3,1,7,UA,462,N809UA,SMF,ORD,605,601.0,-4.0,14.0,615.0,242.0,222.0,198.0,1781,1133.0,10.0,1207,1143.0,-24.0,0,0,,0.0,0.0,0.0,0.0,0.0,2015-03-01,0,0,0.0,0,0.0,0.0,0.0,0.0,0.0
2015,3,8,7,UA,685,N516UA,ORD,SFO,1510,1508.0,-2.0,14.0,1522.0,286.0,261.0,243.0,1846,1725.0,4.0,1756,1729.0,-27.0,0,0,,0.0,0.0,0.0,0.0,0.0,2015-03-08,0,0,0.0,0,0.0,0.0,0.0,0.0,0.0
2015,3,16,1,EV,5054,N761ND,GSO,LGA,1848,1836.0,-12.0,16.0,1852.0,102.0,107.0,76.0,461,2008.0,15.0,2030,2023.0,-7.0,0,0,,0.0,0.0,0.0,0.0,0.0,2015-03-16,0,0,0.0,0,0.0,0.0,0.0,0.0,0.0
2015,2,14,6,WN,2793,N288WN,ONT,LAS,1335,1329.0,-6.0,9.0,1338.0,60.0,63.0,35.0,197,1413.0,19.0,1435,1432.0,-3.0,0,0,,0.0,0.0,0.0,0.0,0.0,2015-02-14,0,0,0.0,0,0.0,0.0,0.0,0.0,0.0
2015,2,26,4,MQ,3021,N813MQ,DFW,SPI,1245,1242.0,-3.0,14.0,1256.0,104.0,99.0,80.0,630,1416.0,5.0,1429,1421.0,-8.0,0,0,,0.0,0.0,0.0,0.0,0.0,2015-02-26,0,0,0.0,0,0.0,0.0,0.0,0.0,0.0
2015,3,22,7,WN,613,N380SW,LAX,OAK,1430,1503.0,33.0,15.0,1518.0,75.0,78.0,57.0,337,1615.0,6.0,1545,1621.0,36.0,0,0,,3.0,0.0,3.0,30.0,0.0,2015-03-22,1,1,36.0,1,8.33,0.0,8.33,83.33,0.0
2015,2,16,1,OO,4990,N718SK,CVG,IAH,1511,1639.0,88.0,38.0,1717.0,164.0,207.0,156.0,871,1853.0,13.0,1655,1906.0,131.0,0,0,,43.0,0.0,0.0,78.0,10.0,2015-02-16,1,1,131.0,1,32.82,0.0,0.0,59.54,7.63
2015,2,25,3,UA,816,N801UA,SEA,SFO,1129,1125.0,-4.0,24.0,1149.0,134.0,119.0,91.0,679,1320.0,4.0,1343,1324.0,-19.0,0,0,,0.0,0.0,0.0,0.0,0.0,2015-02-25,0,0,0.0,0,0.0,0.0,0.0,0.0,0.0
2015,3,16,1,OO,2780,N506CA,YUM,PHX,1505,1457.0,-8.0,8.0,1505.0,55.0,46.0,29.0,160,1534.0,9.0,1600,1543.0,-17.0,0,0,,0.0,0.0,0.0,0.0,0.0,2015-03-16,0,0,0.0,0,0.0,0.0,0.0,0.0,0.0
2015,3,22,7,B6,1717,N517JB,LGA,TPA,705,651.0,-14.0,14.0,705.0,176.0,174.0,156.0,1010,941.0,4.0,1001,945.0,-16.0,0,0,,0.0,0.0,0.0,0.0,0.0,2015-03-22,0,0,0.0,0,0.0,0.0,0.0,0.0,0.0
2015,2,23,1,DL,1867,N996DL,TUL,ATL,600,559.0,-1.0,14.0,613.0,117.0,113.0,89.0,674,842.0,10.0,857,852.0,-5.0,0,0,,0.0,0.0,0.0,0.0,0.0,2015-02-23,0,0,0.0,0,0.0,0.0,0.0,0.0,0.0
2015,3,23,1,WN,60,N401WN,HOU,DAL,2000,1958.0,-2.0,8.0,2006.0,60.0,56.0,44.0,239,2050.0,4.0,2100,2054.0,-6.0,0,0,,0.0,0.0,0.0,0.0,0.0,2015-03-23,0,0,0.0,0,0.0,0.0,0.0,0.0,0.0
2015,3,15,7,WN,393,N444WN,MDW,TPA,1550,1636.0,46.0,9.0,1645.0,145.0,138.0,124.0,997,1949.0,5.0,1915,1954.0,39.0,0,0,,0.0,0.0,39.0,0.0,0.0,2015-03-15,1,1,39.0,1,0.0,0.0,100.0,0.0,0.0
2015,3,23,1,US,756,N804AW,CLT,STL,1440,1448.0,8.0,18.0,1506.0,122.0,117.0,94.0,575,1540.0,5.0,1542,1545.0,3.0,0,0,,0.0,0.0,0.0,0.0,0.0,2015-03-23,0,0,0.0,0,0.0,0.0,0.0,0.0,0.0
2015,3,13,5,OO,5329,N910SW,ORD,AVL,2100,2055.0,-5.0,22.0,2117.0,103.0,102.0,77.0,536,2334.0,3.0,2343,2337.0,-6.0,0,0,,0.0,0.0,0.0,0.0,0.0,2015-03-13,0,0,0.0,0,0.0,0.0,0.0,0.0,0.0
2015,3,10,2,EV,4398,N16112,CLE,DCA,2042,2056.0,14.0,23.0,2119.0,82.0,82.0,50.0,310,2209.0,9.0,2204,2218.0,14.0,0,0,,0.0,0.0,0.0,0.0,0.0,2015-03-10,0,0,0.0,0,0.0,0.0,0.0,0.0,0.0
2015,3,25,3,DL,1340,N990DL,CHA,ATL,705,701.0,-4.0,14.0,715.0,49.0,45.0,22.0,106,737.0,9.0,754,746.0,-8.0,0,0,,0.0,0.0,0.0,0.0,0.0,2015-03-25,0,0,0.0,0,0.0,0.0,0.0,0.0,0.0
2015,2,27,5,AA,1366,N3LPAA,TPA,DFW,1420,1604.0,104.0,12.0,1616.0,170.0,,,929,2006.0,79.0,1610,2125.0,0.0,1,0,,0.0,0.0,0.0,0.0,0.0,2015-02-27,1,0,0.0,0,0.0,0.0,0.0,0.0,0.0
2015,3,22,7,MQ,3091,N922MQ,BNA,JFK,1225,1318.0,53.0,30.0,1348.0,144.0,150.0,111.0,765,1639.0,9.0,1549,1648.0,59.0,0,0,,59.0,0.0,0.0,0.0,0.0,2015-03-22,1,1,59.0,1,100.0,0.0,0.0,0.0,0.0
2015,3,15,7,WN,4809,N455WN,MSP,DEN,1955,2027.0,32.0,13.0,2040.0,130.0,115.0,94.0,680,2114.0,8.0,2105,2122.0,17.0,0,0,,0.0,0.0,0.0,17.0,0.0,2015-03-15,1,1,17.0,1,0.0,0.0,0.0,100.0,0.0
2015,3,21,6,DL,1192,N960DN,TPA,DTW,1855,1853.0,-2.0,11.0,1904.0,162.0,149.0,131.0,983,2115.0,7.0,2137,2122.0,-15.0,0,0,,0.0,0.0,0.0,0.0,0.0,2015-03-21,0,0,0.0,0,0.0,0.0,0.0,0.0,0.0
2015,3,20,5,DL,1439,N912DN,DCA,ATL,1100,1115.0,15.0,31.0,1146.0,113.0,124.0,85.0,547,1311.0,8.0,1253,1319.0,26.0,0,0,,11.0,0.0,9.0,6.0,0.0,2015-03-20,0,1,26.0,1,42.31,0.0,34.62,23.08,0.0
2015,3,22,7,B6,3,N905JB,JFK,SJU,659,657.0,-2.0,29.0,726.0,235.0,218.0,184.0,1598,1030.0,5.0,1054,1035.0,-19.0,0,0,,0.0,0.0,0.0,0.0,0.0,2015-03-22,0,0,0.0,0,0.0,0.0,0.0,0.0,0.0
2015,2,27,5,WN,849,N7729A,OAK,LAS,2055,2134.0,39.0,8.0,2142.0,80.0,68.0,53.0,407,2235.0,7.0,2215,2242.0,27.0,0,0,,0.0,0.0,0.0,27.0,0.0,2015-02-27,1,1,27.0,1,0.0,0.0,0.0,100.0,0.0
2015,2,20,5,OO,4594,N549CA,SEA,SJC,700,651.0,-9.0,14.0,705.0,125.0,113.0,96.0,697,841.0,3.0,905,844.0,-21.0,0,0,,0.0,0.0,0.0,0.0,0.0,2015-02-20,0,0,0.0,0,0.0,0.0,0.0,0.0,0.0
2015,3,25,3,AS,612,N506AS,SEA,LAS,700,701.0,1.0,21.0,722.0,138.0,145.0,112.0,867,914.0,12.0,918,926.0,8.0,0,0,,0.0,0.0,0.0,0.0,0.0,2015-03-25,0,0,0.0,0,0.0,0.0,0.0,0.0,0.0
2015,2,25,3,EV,4425,N16112,OMA,IAH,1412,1418.0,6.0,27.0,1445.0,142.0,161.0,125.0,781,1650.0,9.0,1634,1659.0,25.0,0,0,,19.0,0.0,6.0,0.0,0.0,2015-02-25,0,1,25.0,1,76.0,0.0,24.0,0.0,0.0
2015,2,24,2,NK,303,N614NK,ACY,MCO,1811,1807.0,-4.0,10.0,1817.0,146.0,146.0,126.0,852,2023.0,10.0,2037,2033.0,-4.0,0,0,,0.0,0.0,0.0,0.0,0.0,2015-02-24,0,0,0.0,0,0.0,0.0,0.0,0.0,0.0
2015,3,21,6,UA,794,N544UA,SFO,LIH,825,828.0,3.0,16.0,844.0,348.0,354.0,331.0,2447,1115.0,7.0,1113,1122.0,9.0,0,0,,0.0,0.0,0.0,0.0,0.0,2015-03-21,0,0,0.0,0,0.0,0.0,0.0,0.0,0.0
2015,2,21,6,EV,5782,N16183,LIT,IAH,630,621.0,-9.0,10.0,631.0,95.0,87.0,70.0,374,741.0,7.0,805,748.0,-17.0,0,0,,0.0,0.0,0.0,0.0,0.0,2015-02-21,0,0,0.0,0,0.0,0.0,0.0,0.0,0.0
2015,2,25,3,WN,1837,N263WN,EWR,MDW,725,722.0,-3.0,23.0,745.0,155.0,148.0,116.0,711,841.0,9.0,900,850.0,-10.0,0,0,,0.0,0.0,0.0,0.0,0.0,2015-02-25,0,0,0.0,0,0.0,0.0,0.0,0.0,0.0
2015,3,24,2,WN,107,N924WN,LAS,SNA,635,625.0,-10.0,13.0,638.0,60.0,58.0,41.0,226,719.0,4.0,735,723.0,-12.0,0,0,,0.0,0.0,0.0,0.0,0.0,2015-03-24,0,0,0.0,0,0.0,0.0,0.0,0.0,0.0
2015,3,9,1,WN,1341,N8632A,BWI,MCO,1905,1913.0,8.0,9.0,1922.0,140.0,130.0,111.0,787,2113.0,10.0,2125,2123.0,-2.0,0,0,,0.0,0.0,0.0,0.0,0.0,2015-03-09,0,0,0.0,0,0.0,0.0,0.0,0.0,0.0
2015,3,22,7,DL,1515,N976DL,ATL,ALB,1916,1913.0,-3.0,18.0,1931.0,144.0,128.0,104.0,853,2115.0,6.0,2140,2121.0,-19.0,0,0,,0.0,0.0,0.0,0.0,0.0,2015-03-22,0,0,0.0,0,0.0,0.0,0.0,0.0,0.0
2015,3,11,3,EV,4871,N846AS,DTW,EVV,2030,2022.0,-8.0,20.0,2042.0,90.0,76.0,52.0,363,2034.0,4.0,2100,2038.0,-22.0,0,0,,0.0,0.0,0.0,0.0,0.0,2015-03-11,0,0,0.0,0,0.0,0.0,0.0,0.0,0.0
2015,3,14,6,MQ,3121,N526MQ,JFK,DCA,2145,2338.0,113.0,14.0,2352.0,77.0,62.0,45.0,213,37.0,3.0,2302,40.0,98.0,0,0,,0.0,0.0,0.0,98.0,0.0,2015-03-14,1,1,98.0,1,0.0,0.0,0.0,100.0,0.0
2015,3,1,7,B6,308,N294JB,JFK,PWM,1320,1324.0,4.0,47.0,1411.0,82.0,96.0,46.0,273,1457.0,3.0,1442,1500.0,18.0,0,0,,14.0,0.0,4.0,0.0,0.0,2015-03-01,0,1,18.0,1,77.78,0.0,22.22,0.0,0.0
2015,3,4,3,NK,622,N530NK,RSW,DTW,1223,1216.0,-7.0,11.0,1227.0,174.0,171.0,151.0,1084,1458.0,9.0,1517,1507.0,-10.0,0,0,,0.0,0.0,0.0,0.0,0.0,2015-03-04,0,0,0.0,0,0.0,0.0,0.0,0.0,0.0
2015,3,19,4,US,776,N152UW,SFO,PHX,915,912.0,-3.0,16.0,928.0,114.0,122.0,96.0,651,1104.0,10.0,1109,1114.0,5.0,0,0,,0.0,0.0,0.0,0.0,0.0,2015-03-19,0,0,0.0,0,0.0,0.0,0.0,0.0,0.0
2015,3,24,2,DL,1476,N357NW,SLC,GEG,2155,2152.0,-3.0,16.0,2208.0,99.0,110.0,90.0,546,2238.0,4.0,2234,2242.0,8.0,0,0,,0.0,0.0,0.0,0.0,0.0,2015-03-24,0,0,0.0,0,0.0,0.0,0.0,0.0,0.0
2015,3,1,7,AS,123,N614AS,SEA,FAI,1335,1346.0,11.0,10.0,1356.0,243.0,244.0,230.0,1533,1646.0,4.0,1638,1650.0,12.0,0,0,,0.0,0.0,0.0,0.0,0.0,2015-03-01,0,0,0.0,0,0.0,0.0,0.0,0.0,0.0
2015,2,23,1,AA,331,N3BAAA,LGA,ORD,1215,1214.0,-1.0,48.0,1302.0,162.0,178.0,117.0,733,1359.0,13.0,1357,1412.0,15.0,0,0,,15.0,0.0,0.0,0.0,0.0,2015-02-23,0,0,15.0,0,100.0,0.0,0.0,0.0,0.0
2015,3,16,1,AA,1110,N3KMAA,LGA,DFW,1329,1334.0,5.0,20.0,1354.0,254.0,200.0,177.0,1389,1551.0,3.0,1643,1554.0,-49.0,0,0,,0.0,0.0,0.0,0.0,0.0,2015-03-16,0,0,0.0,0,0.0,0.0,0.0,0.0,0.0
2015,2,13,5,DL,2655,N929AT,ATL,VPS,820,817.0,-3.0,11.0,828.0,72.0,72.0,51.0,250,819.0,10.0,832,829.0,-3.0,0,0,,0.0,0.0,0.0,0.0,0.0,2015-02-13,0,0,0.0,0,0.0,0.0,0.0,0.0,0.0
2015,3,8,7,WN,4483,N406WN,SFO,MDW,600,558.0,-2.0,13.0,611.0,250.0,235.0,216.0,1855,1147.0,6.0,1210,1153.0,-17.0,0,0,,0.0,0.0,0.0,0.0,0.0,2015-03-08,0,0,0.0,0,0.0,0.0,0.0,0.0,0.0
2015,2,25,3,WN,562,N961WN,LAS,LAX,600,556.0,-4.0,11.0,607.0,65.0,58.0,41.0,236,648.0,6.0,705,654.0,-11.0,0,0,,0.0,0.0,0.0,0.0,0.0,2015-02-25,0,0,0.0,0,0.0,0.0,0.0,0.0,0.0
2015,3,24,2,B6,1141,N633JB,BDL,PBI,920,912.0,-8.0,18.0,930.0,182.0,180.0,157.0,1133,1207.0,5.0,1222,1212.0,-10.0,0,0,,0.0,0.0,0.0,0.0,0.0,2015-03-24,0,0,0.0,0,0.0,0.0,0.0,0.0,0.0
2015,3,24,2,DL,1379,N979DL,BHM,ATL,800,756.0,-4.0,28.0,824.0,70.0,71.0,34.0,134,958.0,9.0,1010,1007.0,-3.0,0,0,,0.0,0.0,0.0,0.0,0.0,2015-03-24,0,0,0.0,0,0.0,0.0,0.0,0.0,0.0
2015,2,26,4,US,1848,N766US,PHL,DFW,1140,1137.0,-3.0,42.0,1219.0,232.0,262.0,207.0,1303,1446.0,13.0,1432,1459.0,27.0,0,0,,27.0,0.0,0.0,0.0,0.0,2015-02-26,0,1,27.0,1,100.0,0.0,0.0,0.0,0.0
2015,3,12,4,WN,882,N756SA,HOU,FLL,1945,2019.0,34.0,7.0,2026.0,130.0,137.0,126.0,957,2332.0,4.0,2255,2336.0,41.0,0,0,,7.0,0.0,18.0,16.0,0.0,2015-03-12,1,1,41.0,1,17.07,0.0,43.9,39.02,0.0
2015,3,20,5,OO,4486,N549CA,BNA,MSP,612,611.0,-1.0,23.0,634.0,138.0,142.0,109.0,695,823.0,10.0,830,833.0,3.0,0,0,,0.0,0.0,0.0,0.0,0.0,2015-03-20,0,0,0.0,0,0.0,0.0,0.0,0.0,0.0
2015,3,12,4,DL,1917,N692DL,DTW,LAS,1950,1945.0,-5.0,21.0,2006.0,267.0,253.0,224.0,1749,2050.0,8.0,2117,2058.0,-19.0,0,0,,0.0,0.0,0.0,0.0,0.0,2015-03-12,0,0,0.0,0,0.0,0.0,0.0,0.0,0.0
2015,2,19,4,DL,2251,N975DL,CLT,ATL,1200,1155.0,-5.0,37.0,1232.0,88.0,81.0,39.0,226,1311.0,5.0,1328,1316.0,-12.0,0,0,,0.0,0.0,0.0,0.0,0.0,2015-02-19,0,0,0.0,0,0.0,0.0,0.0,0.0,0.0
2015,2,24,2,EV,5018,N132EV,ATL,HSV,1725,1742.0,17.0,12.0,1754.0,55.0,44.0,29.0,151,1723.0,3.0,1720,1726.0,6.0,0,0,,0.0,0.0,0.0,0.0,0.0,2015-02-24,1,0,0.0,0,0.0,0.0,0.0,0.0,0.0
2015,3,19,4,UA,440,N835UA,PHL,IAH,515,515.0,0.0,11.0,526.0,234.0,212.0,183.0,1325,729.0,18.0,809,747.0,-22.0,0,0,,0.0,0.0,0.0,0.0,0.0,2015-03-19,0,0,0.0,0,0.0,0.0,0.0,0.0,0.0
2015,2,24,2,DL,1483,N6711M,SLC,LAS,833,828.0,-5.0,18.0,846.0,89.0,82.0,57.0,368,843.0,7.0,902,850.0,-12.0,0,0,,0.0,0.0,0.0,0.0,0.0,2015-02-24,0,0,0.0,0,0.0,0.0,0.0,0.0,0.0
2015,2,25,3,WN,41,N608SW,DAL,HOU,1630,1656.0,26.0,11.0,1707.0,65.0,71.0,56.0,239,1803.0,4.0,1735,1807.0,32.0,0,0,,6.0,0.0,13.0,13.0,0.0,2015-02-25,1,1,32.0,1,18.75,0.0,40.62,40.62,0.0
2015,2,23,1,US,2018,N562UW,IAH,CLT,700,658.0,-2.0,16.0,714.0,142.0,138.0,107.0,912,1001.0,15.0,1022,1016.0,-6.0,0,0,,0.0,0.0,0.0,0.0,0.0,2015-02-23,0,0,0.0,0,0.0,0.0,0.0,0.0,0.0
2015,3,2,1,DL,1349,N921DN,CLT,ATL,1700,1656.0,-4.0,36.0,1732.0,85.0,84.0,42.0,226,1814.0,6.0,1825,1820.0,-5.0,0,0,,0.0,0.0,0.0,0.0,0.0,2015-03-02,0,0,0.0,0,0.0,0.0,0.0,0.0,0.0
2015,2,24,2,DL,1696,N370NW,BDL,ATL,1246,1505.0,139.0,11.0,1516.0,167.0,140.0,124.0,859,1720.0,5.0,1533,1725.0,112.0,0,0,,0.0,0.0,6.0,106.0,0.0,2015-02-24,1,1,112.0,1,0.0,0.0,5.36,94.64,0.0
2015,3,19,4,US,1735,N163US,BDL,CLT,805,848.0,43.0,17.0,905.0,137.0,120.0,95.0,644,1040.0,8.0,1022,1048.0,26.0,0,0,,0.0,0.0,26.0,0.0,0.0,2015-03-19,1,1,26.0,1,0.0,0.0,100.0,0.0,0.0
2015,3,24,2,EV,6030,N16546,ORD,MLI,1525,1707.0,102.0,13.0,1720.0,55.0,44.0,28.0,139,1748.0,3.0,1620,1751.0,91.0,0,0,,0.0,0.0,0.0,91.0,0.0,2015-03-24,1,1,91.0,1,0.0,0.0,0.0,100.0,0.0
2015,3,10,2,OO,6372,N702SK,FSD,DEN,629,624.0,-5.0,9.0,633.0,106.0,85.0,69.0,483,642.0,7.0,715,649.0,-26.0,0,0,,0.0,0.0,0.0,0.0,0.0,2015-03-10,0,0,0.0,0,0.0,0.0,0.0,0.0,0.0
2015,3,18,3,MQ,3476,N689MQ,CHS,MIA,650,649.0,-1.0,12.0,701.0,103.0,89.0,72.0,489,813.0,5.0,833,818.0,-15.0,0,0,,0.0,0.0,0.0,0.0,0.0,2015-03-18,0,0,0.0,0,0.0,0.0,0.0,0.0,0.0
2015,2,16,1,EV,5094,N921EV,TRI,ATL,620,619.0,-1.0,16.0,635.0,69.0,68.0,46.0,227,721.0,6.0,729,727.0,-2.0,0,0,,0.0,0.0,0.0,0.0,0.0,2015-02-16,0,0,0.0,0,0.0,0.0,0.0,0.0,0.0
2015,2,18,3,AA,2252,N3HYAA,SEA,DFW,1406,1415.0,9.0,14.0,1429.0,224.0,207.0,188.0,1660,1937.0,5.0,1950,1942.0,-8.0,0,0,,0.0,0.0,0.0,0.0,0.0,2015-02-18,0,0,0.0,0,0.0,0.0,0.0,0.0,0.0
2015,2,18,3,AA,1458,N467AA,DFW,RDU,2025,2028.0,3.0,16.0,2044.0,146.0,138.0,117.0,1061,2341.0,5.0,2351,2346.0,-5.0,0,0,,0.0,0.0,0.0,0.0,0.0,2015-02-18,0,0,0.0,0,0.0,0.0,0.0,0.0,0.0
2015,3,12,4,AA,362,N508AA,DFW,MKE,2000,1956.0,-4.0,16.0,2012.0,137.0,131.0,109.0,853,2201.0,6.0,2217,2207.0,-10.0,0,0,,0.0,0.0,0.0,0.0,0.0,2015-03-12,0,0,0.0,0,0.0,0.0,0.0,0.0,0.0
2015,2,23,1,DL,2668,N607AT,LGA,BOS,700,658.0,-2.0,17.0,715.0,72.0,57.0,31.0,184,746.0,9.0,812,755.0,-17.0,0,0,,0.0,0.0,0.0,0.0,0.0,2015-02-23,0,0,0.0,0,0.0,0.0,0.0,0.0,0.0
2015,3,11,3,DL,1053,N998DL,ATL,PBI,1635,1634.0,-1.0,15.0,1649.0,113.0,107.0,86.0,545,1815.0,6.0,1828,1821.0,-7.0,0,0,,0.0,0.0,0.0,0.0,0.0,2015-03-11,0,0,0.0,0,0.0,0.0,0.0,0.0,0.0
2015,3,20,5,AA,373,N4UBAA,SAT,DFW,1811,1824.0,13.0,16.0,1840.0,69.0,66.0,42.0,247,1922.0,8.0,1920,1930.0,10.0,0,0,,0.0,0.0,0.0,0.0,0.0,2015-03-20,0,0,0.0,0,0.0,0.0,0.0,0.0,0.0
2015,3,10,2,OO,5580,N128SY,ORD,DTW,1030,1023.0,-7.0,17.0,1040.0,79.0,77.0,51.0,235,1231.0,9.0,1249,1240.0,-9.0,0,0,,0.0,0.0,0.0,0.0,0.0,2015-03-10,0,0,0.0,0,0.0,0.0,0.0,0.0,0.0
2015,2,23,1,WN,4274,N211WN,AUS,ATL,635,635.0,0.0,9.0,644.0,135.0,112.0,94.0,813,918.0,9.0,950,927.0,-23.0,0,0,,0.0,0.0,0.0,0.0,0.0,2015-02-23,0,0,0.0,0,0.0,0.0,0.0,0.0,0.0
2015,2,20,5,AA,20,N793AA,SFO,JFK,1505,1512.0,7.0,13.0,1525.0,322.0,305.0,279.0,2586,2304.0,13.0,2327,2317.0,-10.0,0,0,,0.0,0.0,0.0,0.0,0.0,2015-02-20,0,0,0.0,0,0.0,0.0,0.0,0.0,0.0
2015,2,17,2,MQ,3656,N691MQ,CHS,DFW,1757,1750.0,-7.0,17.0,1807.0,198.0,206.0,176.0,987,2003.0,13.0,2015,2016.0,1.0,0,0,,0.0,0.0,0.0,0.0,0.0,2015-02-17,0,0,0.0,0,0.0,0.0,0.0,0.0,0.0
2015,2,24,2,WN,400,N7811F,BWI,CMH,2050,2341.0,171.0,14.0,2355.0,85.0,82.0,63.0,337,58.0,5.0,2215,103.0,168.0,0,0,,0.0,0.0,168.0,0.0,0.0,2015-02-24,1,1,168.0,1,0.0,0.0,100.0,0.0,0.0
2015,2,26,4,B6,1151,N526JB,TPA,SJU,1340,1405.0,25.0,11.0,1416.0,168.0,169.0,149.0,1237,1745.0,9.0,1728,1754.0,26.0,0,0,,1.0,0.0,5.0,20.0,0.0,2015-02-26,1,1,26.0,1,3.85,0.0,19.23,76.92,0.0
2015,2,15,7,WN,835,N8622A,MSY,LAS,1135,1317.0,102.0,7.0,1324.0,240.0,235.0,210.0,1500,1454.0,18.0,1335,1512.0,97.0,0,0,,0.0,0.0,14.0,83.0,0.0,2015-02-15,1,1,97.0,1,0.0,0.0,14.43,85.57,0.0
2015,2,17,2,UA,1245,N12221,CLE,EWR,1445,1511.0,26.0,15.0,1526.0,100.0,103.0,75.0,404,1641.0,13.0,1625,1654.0,29.0,0,0,,8.0,0.0,0.0,21.0,0.0,2015-02-17,1,1,29.0,1,27.59,0.0,0.0,72.41,0.0
2015,2,17,2,WN,4383,N236WN,ATL,MDW,1000,1000.0,0.0,14.0,1014.0,125.0,107.0,87.0,591,1041.0,6.0,1105,1047.0,-18.0,0,0,,0.0,0.0,0.0,0.0,0.0,2015-02-17,0,0,0.0,0,0.0,0.0,0.0,0.0,0.0
2015,3,17,2,WN,3301,N8614M,DAL,MCO,1340,1335.0,-5.0,9.0,1344.0,150.0,139.0,122.0,973,1646.0,8.0,1710,1654.0,-16.0,0,0,,0.0,0.0,0.0,0.0,0.0,2015-03-17,0,0,0.0,0,0.0,0.0,0.0,0.0,0.0
2015,3,7,6,EV,2553,N673AE,DFW,MLU,925,1009.0,44.0,10.0,1019.0,64.0,54.0,41.0,293,1100.0,3.0,1029,1103.0,34.0,0,0,,0.0,0.0,0.0,34.0,0.0,2015-03-07,1,1,34.0,1,0.0,0.0,0.0,100.0,0.0
2015,3,11,3,US,1778,N946UW,AUS,PHL,745,751.0,6.0,21.0,812.0,192.0,184.0,161.0,1430,1153.0,2.0,1157,1155.0,-2.0,0,0,,0.0,0.0,0.0,0.0,0.0,2015-03-11,0,0,0.0,0,0.0,0.0,0.0,0.0,0.0
2015,3,10,2,AS,334,N549AS,SEA,SJC,1925,1913.0,-12.0,8.0,1921.0,124.0,122.0,110.0,697,2111.0,4.0,2129,2115.0,-14.0,0,0,,0.0,0.0,0.0,0.0,0.0,2015-03-10,0,0,0.0,0,0.0,0.0,0.0,0.0,0.0
2015,3,16,1,US,1788,N553UW,BOS,CLT,1910,1932.0,22.0,24.0,1956.0,148.0,139.0,103.0,728,2139.0,12.0,2138,2151.0,13.0,0,0,,0.0,0.0,0.0,0.0,0.0,2015-03-16,1,0,0.0,0,0.0,0.0,0.0,0.0,0.0
2015,2,18,3,WN,1798,N7752B,BNA,MCO,1200,1159.0,-1.0,11.0,1210.0,105.0,99.0,84.0,616,1434.0,4.0,1445,1438.0,-7.0,0,0,,0.0,0.0,0.0,0.0,0.0,2015-02-18,0,0,0.0,0,0.0,0.0,0.0,0.0,0.0
2015,3,9,1,F9,137,N927FR,DEN,SEA,749,743.0,-6.0,12.0,755.0,171.0,167.0,150.0,1024,925.0,5.0,940,930.0,-10.0,0,0,,0.0,0.0,0.0,0.0,0.0,2015-03-09,0,0,0.0,0,0.0,0.0,0.0,0.0,0.0
2015,3,20,5,AA,903,N005AA,LAX,EGE,830,830.0,0.0,25.0,855.0,142.0,141.0,112.0,748,1147.0,4.0,1152,1151.0,-1.0,0,0,,0.0,0.0,0.0,0.0,0.0,2015-03-20,0,0,0.0,0,0.0,0.0,0.0,0.0,0.0
2015,3,20,5,DL,815,N694DL,SAN,MSP,625,623.0,-2.0,23.0,646.0,220.0,215.0,186.0,1532,1152.0,6.0,1205,1158.0,-7.0,0,0,,0.0,0.0,0.0,0.0,0.0,2015-03-20,0,0,0.0,0,0.0,0.0,0.0,0.0,0.0
2015,3,11,3,B6,611,N568JB,JFK,LAS,2129,2129.0,0.0,23.0,2152.0,355.0,334.0,307.0,2248,2359.0,4.0,24,3.0,-21.0,0,0,,0.0,0.0,0.0,0.0,0.0,2015-03-11,0,0,0.0,0,0.0,0.0,0.0,0.0,0.0
2015,3,2,1,UA,687,N488UA,SFO,LAX,2010,2025.0,15.0,13.0,2038.0,92.0,92.0,56.0,337,2134.0,23.0,2142,2157.0,15.0,0,0,,0.0,0.0,0.0,15.0,0.0,2015-03-02,0,0,15.0,0,0.0,0.0,0.0,100.0,0.0
2015,3,2,1,MQ,3352,N505MQ,ORD,XNA,800,802.0,2.0,18.0,820.0,107.0,106.0,85.0,522,945.0,3.0,947,948.0,1.0,0,0,,0.0,0.0,0.0,0.0,0.0,2015-03-02,0,0,0.0,0,0.0,0.0,0.0,0.0,0.0
2015,3,10,2,US,490,N762US,OAK,PHX,1229,1224.0,-5.0,11.0,1235.0,111.0,112.0,91.0,646,1406.0,10.0,1420,1416.0,-4.0,0,0,,0.0,0.0,0.0,0.0,0.0,2015-03-10,0,0,0.0,0,0.0,0.0,0.0,0.0,0.0
2015,2,18,3,WN,105,N246LV,LAS,SAN,600,555.0,-5.0,8.0,603.0,70.0,56.0,44.0,258,647.0,4.0,710,651.0,-19.0,0,0,,0.0,0.0,0.0,0.0,0.0,2015-02-18,0,0,0.0,0,0.0,0.0,0.0,0.0,0.0
2015,3,3,2,WN,4383,N386SW,MSY,ATL,705,701.0,-4.0,15.0,716.0,80.0,85.0,58.0,425,914.0,12.0,925,926.0,1.0,0,0,,0.0,0.0,0.0,0.0,0.0,2015-03-03,0,0,0.0,0,0.0,0.0,0.0,0.0,0.0
2015,3,13,5,MQ,3609,N933MQ,DFW,EVV,1325,1346.0,21.0,16.0,1402.0,106.0,120.0,100.0,642,1542.0,4.0,1511,1546.0,35.0,0,0,,14.0,0.0,0.0,20.0,1.0,2015-03-13,1,1,35.0,1,40.0,0.0,0.0,57.14,2.86
2015,2,19,4,DL,492,N382DA,JFK,SJU,2030,2033.0,3.0,28.0,2101.0,235.0,234.0,201.0,1598,122.0,5.0,125,127.0,2.0,0,0,,0.0,0.0,0.0,0.0,0.0,2015-02-19,0,0,0.0,0,0.0,0.0,0.0,0.0,0.0
2015,3,17,2,OO,2898,N864AS,LAX,TUS,1134,1134.0,0.0,15.0,1149.0,87.0,84.0,65.0,451,1254.0,4.0,1301,1258.0,-3.0,0,0,,0.0,0.0,0.0,0.0,0.0,2015-03-17,0,0,0.0,0,0.0,0.0,0.0,0.0,0.0
2015,3,22,7,WN,722,N943WN,DEN,MSY,2010,2008.0,-2.0,25.0,2033.0,150.0,157.0,128.0,1062,2341.0,4.0,2340,2345.0,5.0,0,0,,0.0,0.0,0.0,0.0,0.0,2015-03-22,0,0,0.0,0,0.0,0.0,0.0,0.0,0.0
2015,3,20,5,EV,5405,N752EV,LGA,CLE,905,900.0,-5.0,37.0,937.0,114.0,116.0,74.0,419,1051.0,5.0,1059,1056.0,-3.0,0,0,,0.0,0.0,0.0,0.0,0.0,2015-03-20,0,0,0.0,0,0.0,0.0,0.0,0.0,0.0
2015,3,12,4,DL,1238,N6709,ATL,FLL,1710,1718.0,8.0,13.0,1731.0,113.0,106.0,89.0,581,1900.0,4.0,1903,1904.0,1.0,0,0,,0.0,0.0,0.0,0.0,0.0,2015-03-12,0,0,0.0,0,0.0,0.0,0.0,0.0,0.0
2015,3,2,1,UA,1497,N14219,SEA,SFO,520,521.0,1.0,15.0,536.0,130.0,114.0,95.0,679,711.0,4.0,730,715.0,-15.0,0,0,,0.0,0.0,0.0,0.0,0.0,2015-03-02,0,0,0.0,0,0.0,0.0,0.0,0.0,0.0
2015,3,24,2,AA,1460,N3DUAA,DFW,PHX,740,738.0,-2.0,16.0,754.0,162.0,162.0,136.0,868,810.0,10.0,822,820.0,-2.0,0,0,,0.0,0.0,0.0,0.0,0.0,2015-03-24,0,0,0.0,0,0.0,0.0,0.0,0.0,0.0
2015,2,17,2,EV,4457,N16525,LEX,IAH,1638,1640.0,2.0,8.0,1648.0,162.0,165.0,146.0,828,1814.0,11.0,1820,1825.0,5.0,0,0,,0.0,0.0,0.0,0.0,0.0,2015-02-17,0,0,0.0,0,0.0,0.0,0.0,0.0,0.0
2015,3,6,5,WN,2243,N959WN,LAS,ATL,930,943.0,13.0,15.0,958.0,225.0,229.0,196.0,1747,1614.0,18.0,1615,1632.0,17.0,0,0,,4.0,0.0,13.0,0.0,0.0,2015-03-06,0,1,17.0,1,23.53,0.0,76.47,0.0,0.0
2015,3,7,6,OO,6535,N707SK,OKC,LAX,1635,1643.0,8.0,20.0,1703.0,201.0,200.0,160.0,1187,1743.0,20.0,1756,1803.0,7.0,0,0,,0.0,0.0,0.0,0.0,0.0,2015-03-07,0,0,0.0,0,0.0,0.0,0.0,0.0,0.0
2015,3,22,7,WN,4114,N8619F,MCO,SJU,800,758.0,-2.0,8.0,806.0,160.0,147.0,134.0,1189,1020.0,5.0,1040,1025.0,-15.0,0,0,,0.0,0.0,0.0,0.0,0.0,2015-03-22,0,0,0.0,0,0.0,0.0,0.0,0.0,0.0
2015,3,9,1,DL,1639,N942DL,DCA,ATL,1000,956.0,-4.0,15.0,1011.0,112.0,111.0,88.0,547,1139.0,8.0,1152,1147.0,-5.0,0,0,,0.0,0.0,0.0,0.0,0.0,2015-03-09,0,0,0.0,0,0.0,0.0,0.0,0.0,0.0
2015,2,27,5,DL,1433,N963AT,ATL,GRR,2040,2042.0,2.0,19.0,2101.0,120.0,110.0,87.0,640,2228.0,4.0,2240,2232.0,-8.0,0,0,,0.0,0.0,0.0,0.0,0.0,2015-02-27,0,0,0.0,0,0.0,0.0,0.0,0.0,0.0
2015,3,19,4,NK,680,N616NK,IAH,MSY,1759,1759.0,0.0,11.0,1810.0,62.0,57.0,43.0,305,1853.0,3.0,1901,1856.0,-5.0,0,0,,0.0,0.0,0.0,0.0,0.0,2015-03-19,0,0,0.0,0,0.0,0.0,0.0,0.0,0.0
2015,2,18,3,EV,6132,N12996,BHM,ORD,906,914.0,8.0,18.0,932.0,129.0,137.0,112.0,584,1124.0,7.0,1115,1131.0,16.0,0,0,,8.0,0.0,3.0,5.0,0.0,2015-02-18,0,1,16.0,1,50.0,0.0,18.75,31.25,0.0
2015,3,13,5,UA,425,N814UA,EWR,ATL,1230,1222.0,-8.0,19.0,1241.0,156.0,147.0,121.0,746,1442.0,7.0,1506,1449.0,-17.0,0,0,,0.0,0.0,0.0,0.0,0.0,2015-03-13,0,0,0.0,0,0.0,0.0,0.0,0.0,0.0
2015,2,23,1,B6,90,N763JB,SAN,JFK,2100,2135.0,35.0,11.0,2146.0,300.0,278.0,262.0,2446,508.0,5.0,500,513.0,13.0,0,0,,0.0,0.0,0.0,0.0,0.0,2015-02-23,1,0,0.0,0,0.0,0.0,0.0,0.0,0.0
2015,3,21,6,UA,1129,N35204,SEA,IAH,2309,2313.0,4.0,16.0,2329.0,245.0,241.0,219.0,1874,508.0,6.0,514,514.0,0.0,0,0,,0.0,0.0,0.0,0.0,0.0,2015-03-21,0,0,0.0,0,0.0,0.0,0.0,0.0,0.0
2015,2,23,1,DL,1845,N121DE,DTW,LAX,2005,2013.0,8.0,17.0,2030.0,325.0,303.0,262.0,1979,2152.0,24.0,2230,2216.0,-14.0,0,0,,0.0,0.0,0.0,0.0,0.0,2015-02-23,0,0,0.0,0,0.0,0.0,0.0,0.0,0.0
2015,2,26,4,EV,2549,N903EV,BPT,DFW,703,656.0,-7.0,12.0,708.0,77.0,80.0,56.0,270,804.0,12.0,820,816.0,-4.0,0,0,,0.0,0.0,0.0,0.0,0.0,2015-02-26,0,0,0.0,0,0.0,0.0,0.0,0.0,0.0
2015,2,22,7,DL,1194,N334NW,PDX,SLC,1636,1626.0,-10.0,9.0,1635.0,101.0,103.0,88.0,630,1903.0,6.0,1917,1909.0,-8.0,0,0,,0.0,0.0,0.0,0.0,0.0,2015-02-22,0,0,0.0,0,0.0,0.0,0.0,0.0,0.0
2015,2,14,6,MQ,3326,N681MQ,JLN,DFW,1704,1659.0,-5.0,8.0,1707.0,81.0,70.0,53.0,327,1800.0,9.0,1825,1809.0,-16.0,0,0,,0.0,0.0,0.0,0.0,0.0,2015-02-14,0,0,0.0,0,0.0,0.0,0.0,0.0,0.0
2015,2,28,6,HA,364,N493HA,HNL,OGG,1233,1255.0,22.0,12.0,1307.0,39.0,42.0,22.0,100,1329.0,8.0,1312,1337.0,25.0,0,0,,0.0,0.0,7.0,18.0,0.0,2015-02-28,1,1,25.0,1,0.0,0.0,28.0,72.0,0.0
2015,3,5,4,DL,796,N906DA,IND,ATL,932,927.0,-5.0,12.0,939.0,93.0,97.0,79.0,432,1058.0,6.0,1105,1104.0,-1.0,0,0,,0.0,0.0,0.0,0.0,0.0,2015-03-05,0,0,0.0,0,0.0,0.0,0.0,0.0,0.0
2015,3,15,7,F9,404,N929FR,LAX,DEN,955,949.0,-6.0,12.0,1001.0,138.0,137.0,119.0,862,1300.0,6.0,1313,1306.0,-7.0,0,0,,0.0,0.0,0.0,0.0,0.0,2015-03-15,0,0,0.0,0,0.0,0.0,0.0,0.0,0.0
2015,2,21,6,DL,1817,N965DN,ATL,DEN,1345,1341.0,-4.0,27.0,1408.0,210.0,221.0,187.0,1199,1515.0,7.0,1515,1522.0,7.0,0,0,,0.0,0.0,0.0,0.0,0.0,2015-02-21,0,0,0.0,0,0.0,0.0,0.0,0.0,0.0
2015,3,22,7,B6,536,N265JB,FLL,SWF,1055,1050.0,-5.0,19.0,1109.0,180.0,186.0,162.0,1118,1351.0,5.0,1355,1356.0,1.0,0,0,,0.0,0.0,0.0,0.0,0.0,2015-03-22,0,0,0.0,0,0.0,0.0,0.0,0.0,0.0
2015,3,9,1,DL,2213,N955DN,MLB,ATL,1417,1411.0,-6.0,12.0,1423.0,103.0,85.0,64.0,442,1527.0,9.0,1600,1536.0,-24.0,0,0,,0.0,0.0,0.0,0.0,0.0,2015-03-09,0,0,0.0,0,0.0,0.0,0.0,0.0,0.0
2015,2,15,7,AS,452,N303AS,SEA,LAX,1110,1111.0,1.0,18.0,1129.0,152.0,149.0,119.0,954,1328.0,12.0,1342,1340.0,-2.0,0,0,,0.0,0.0,0.0,0.0,0.0,2015-02-15,0,0,0.0,0,0.0,0.0,0.0,0.0,0.0
2015,3,17,2,WN,563,N8329B,HOU,LAS,1715,1717.0,2.0,14.0,1731.0,205.0,173.0,152.0,1235,1803.0,7.0,1840,1810.0,-30.0,0,0,,0.0,0.0,0.0,0.0,0.0,2015-03-17,0,0,0.0,0,0.0,0.0,0.0,0.0,0.0
2015,3,9,1,OO,5524,N786SK,ASE,DEN,935,926.0,-9.0,15.0,941.0,59.0,60.0,33.0,125,1014.0,12.0,1034,1026.0,-8.0,0,0,,0.0,0.0,0.0,0.0,0.0,2015-03-09,0,0,0.0,0,0.0,0.0,0.0,0.0,0.0
2015,3,24,2,B6,833,N763JB,BOS,SFO,2000,2015.0,15.0,12.0,2027.0,401.0,386.0,367.0,2704,2334.0,7.0,2341,2341.0,0.0,0,0,,0.0,0.0,0.0,0.0,0.0,2015-03-24,0,0,0.0,0,0.0,0.0,0.0,0.0,0.0
2015,3,5,4,DL,2004,N831DN,LAX,SLC,1635,1633.0,-2.0,28.0,1701.0,109.0,121.0,88.0,590,1929.0,5.0,1924,1934.0,10.0,0,0,,0.0,0.0,0.0,0.0,0.0,2015-03-05,0,0,0.0,0,0.0,0.0,0.0,0.0,0.0
2015,2,27,5,UA,298,N841UA,BOS,EWR,600,556.0,-4.0,23.0,619.0,84.0,94.0,64.0,200,723.0,7.0,724,730.0,6.0,0,0,,0.0,0.0,0.0,0.0,0.0,2015-02-27,0,0,0.0,0,0.0,0.0,0.0,0.0,0.0
2015,2,28,6,WN,2750,N601WN,SMF,SAN,1830,1852.0,22.0,10.0,1902.0,85.0,86.0,72.0,480,2014.0,4.0,1955,2018.0,23.0,0,0,,1.0,0.0,0.0,22.0,0.0,2015-02-28,1,1,23.0,1,4.35,0.0,0.0,95.65,0.0
2015,3,6,5,OO,2835,N423SW,ORD,MKE,1345,1548.0,123.0,15.0,1603.0,42.0,45.0,20.0,67,1623.0,10.0,1427,1633.0,126.0,0,0,,3.0,0.0,123.0,0.0,0.0,2015-03-06,1,1,126.0,1,2.38,0.0,97.62,0.0,0.0
2015,2,19,4,WN,37,N660SW,HOU,CRP,1710,1705.0,-5.0,11.0,1716.0,50.0,49.0,35.0,187,1751.0,3.0,1800,1754.0,-6.0,0,0,,0.0,0.0,0.0,0.0,0.0,2015-02-19,0,0,0.0,0,0.0,0.0,0.0,0.0,0.0
2015,3,23,1,DL,2556,N672DL,RSW,ATL,700,659.0,-1.0,13.0,712.0,105.0,107.0,79.0,515,831.0,15.0,845,846.0,1.0,0,0,,0.0,0.0,0.0,0.0,0.0,2015-03-23,0,0,0.0,0,0.0,0.0,0.0,0.0,0.0
2015,2,13,5,WN,627,N413WN,SMF,BUR,1540,1546.0,6.0,7.0,1553.0,70.0,66.0,56.0,358,1649.0,3.0,1650,1652.0,2.0,0,0,,0.0,0.0,0.0,0.0,0.0,2015-02-13,0,0,0.0,0,0.0,0.0,0.0,0.0,0.0
2015,3,18,3,EV,3837,N18120,STL,DEN,1950,1949.0,-1.0,12.0,2001.0,151.0,147.0,125.0,770,2106.0,10.0,2121,2116.0,-5.0,0,0,,0.0,0.0,0.0,0.0,0.0,2015-03-18,0,0,0.0,0,0.0,0.0,0.0,0.0,0.0
2015,3,12,4,MQ,3394,N508MQ,DFW,COU,1855,1913.0,18.0,22.0,1935.0,91.0,87.0,62.0,489,2037.0,3.0,2026,2040.0,14.0,0,0,,0.0,0.0,0.0,0.0,0.0,2015-03-12,1,0,0.0,0,0.0,0.0,0.0,0.0,0.0
2015,3,15,7,WN,4070,N459WN,MSP,MDW,920,918.0,-2.0,17.0,935.0,90.0,90.0,60.0,349,1035.0,13.0,1050,1048.0,-2.0,0,0,,0.0,0.0,0.0,0.0,0.0,2015-03-15,0,0,0.0,0,0.0,0.0,0.0,0.0,0.0
2015,2,21,6,AS,609,N307AS,LAS,SEA,1500,1544.0,44.0,12.0,1556.0,155.0,160.0,136.0,867,1812.0,12.0,1735,1824.0,49.0,0,0,,5.0,0.0,0.0,44.0,0.0,2015-02-21,1,1,49.0,1,10.2,0.0,0.0,89.8,0.0
2015,3,5,4,EV,5343,N882AS,ATL,FWA,2037,2131.0,54.0,13.0,2144.0,101.0,91.0,74.0,508,2258.0,4.0,2218,2302.0,44.0,0,0,,0.0,0.0,18.0,26.0,0.0,2015-03-05,1,1,44.0,1,0.0,0.0,40.91,59.09,0.0
2015,2,25,3,MQ,2929,N619MQ,ORD,RST,1527,1537.0,10.0,63.0,1640.0,71.0,114.0,46.0,268,1726.0,5.0,1638,1731.0,53.0,0,0,,43.0,0.0,0.0,0.0,10.0,2015-02-25,0,1,53.0,1,81.13,0.0,0.0,0.0,18.87
2015,3,10,2,HA,343,N492HA,HNL,LIH,1229,1222.0,-7.0,10.0,1232.0,39.0,38.0,22.0,102,1254.0,6.0,1308,1300.0,-8.0,0,0,,0.0,0.0,0.0,0.0,0.0,2015-03-10,0,0,0.0,0,0.0,0.0,0.0,0.0,0.0
2015,2,26,4,DL,965,N806DN,SLC,MSP,830,828.0,-2.0,14.0,842.0,162.0,146.0,128.0,991,1150.0,4.0,1212,1154.0,-18.0,0,0,,0.0,0.0,0.0,0.0,0.0,2015-02-26,0,0,0.0,0,0.0,0.0,0.0,0.0,0.0
2015,3,20,5,AA,1292,N4YUAA,TUL,DFW,1225,1246.0,21.0,9.0,1255.0,70.0,70.0,50.0,237,1345.0,11.0,1335,1356.0,21.0,0,0,,0.0,0.0,0.0,21.0,0.0,2015-03-20,1,1,21.0,1,0.0,0.0,0.0,100.0,0.0
2015,2,16,1,OO,6287,N234SW,SBA,SFO,1830,1820.0,-10.0,9.0,1829.0,84.0,76.0,62.0,262,1931.0,5.0,1954,1936.0,-18.0,0,0,,0.0,0.0,0.0,0.0,0.0,2015-02-16,0,0,0.0,0,0.0,0.0,0.0,0.0,0.0
2015,3,17,2,EV,4272,N13968,CLE,DCA,1537,1532.0,-5.0,14.0,1546.0,82.0,69.0,49.0,310,1635.0,6.0,1659,1641.0,-18.0,0,0,,0.0,0.0,0.0,0.0,0.0,2015-03-17,0,0,0.0,0,0.0,0.0,0.0,0.0,0.0
2015,3,19,4,F9,918,N926FR,MCO,TTN,1045,1042.0,-3.0,14.0,1056.0,148.0,145.0,125.0,896,1301.0,6.0,1313,1307.0,-6.0,0,0,,0.0,0.0,0.0,0.0,0.0,2015-03-19,0,0,0.0,0,0.0,0.0,0.0,0.0,0.0
2015,3,5,4,DL,1179,N927DN,STL,ATL,600,556.0,-4.0,13.0,609.0,95.0,93.0,73.0,484,822.0,7.0,835,829.0,-6.0,0,0,,0.0,0.0,0.0,0.0,0.0,2015-03-05,0,0,0.0,0,0.0,0.0,0.0,0.0,0.0
2015,2,20,5,WN,410,N958WN,DEN,SNA,1200,1207.0,7.0,11.0,1218.0,145.0,156.0,140.0,846,1338.0,5.0,1325,1343.0,18.0,0,0,,11.0,0.0,5.0,2.0,0.0,2015-02-20,0,1,18.0,1,61.11,0.0,27.78,11.11,0.0
2015,2,28,6,WN,4188,N605SW,PHX,SFO,1940,2045.0,65.0,6.0,2051.0,120.0,113.0,102.0,651,2133.0,5.0,2040,2138.0,58.0,0,0,,0.0,0.0,0.0,58.0,0.0,2015-02-28,1,1,58.0,1,0.0,0.0,0.0,100.0,0.0
2015,2,27,5,WN,810,N250WN,GSP,BWI,1955,1946.0,-9.0,6.0,1952.0,80.0,66.0,56.0,426,2048.0,4.0,2115,2052.0,-23.0,0,0,,0.0,0.0,0.0,0.0,0.0,2015-02-27,0,0,0.0,0,0.0,0.0,0.0,0.0,0.0
2015,3,1,7,UA,550,N414UA,PDX,DEN,1443,1440.0,-3.0,9.0,1449.0,157.0,145.0,127.0,991,1756.0,9.0,1820,1805.0,-15.0,0,0,,0.0,0.0,0.0,0.0,0.0,2015-03-01,0,0,0.0,0,0.0,0.0,0.0,0.0,0.0
2015,3,21,6,WN,2688,N640SW,MCI,PHX,1655,1705.0,10.0,7.0,1712.0,170.0,163.0,150.0,1044,1742.0,6.0,1745,1748.0,3.0,0,0,,0.0,0.0,0.0,0.0,0.0,2015-03-21,0,0,0.0,0,0.0,0.0,0.0,0.0,0.0
2015,2,27,5,WN,4834,N606SW,LAS,SEA,2025,2111.0,46.0,10.0,2121.0,160.0,146.0,130.0,867,2331.0,6.0,2305,2337.0,32.0,0,0,,0.0,0.0,3.0,29.0,0.0,2015-02-27,1,1,32.0,1,0.0,0.0,9.38,90.62,0.0
2015,3,8,7,B6,277,N656JB,FLL,SFO,1816,1832.0,16.0,15.0,1847.0,392.0,365.0,339.0,2583,2126.0,11.0,2148,2137.0,-11.0,0,0,,0.0,0.0,0.0,0.0,0.0,2015-03-08,1,0,0.0,0,0.0,0.0,0.0,0.0,0.0
2015,3,8,7,EV,4487,N12142,BDL,EWR,955,947.0,-8.0,18.0,1005.0,56.0,61.0,33.0,116,1038.0,10.0,1051,1048.0,-3.0,0,0,,0.0,0.0,0.0,0.0,0.0,2015-03-08,0,0,0.0,0,0.0,0.0,0.0,0.0,0.0
2015,2,19,4,DL,1601,N669DN,BOS,ATL,815,826.0,11.0,61.0,927.0,187.0,196.0,130.0,946,1137.0,5.0,1122,1142.0,20.0,0,0,,9.0,0.0,0.0,0.0,11.0,2015-02-19,0,1,20.0,1,45.0,0.0,0.0,0.0,55.0
2015,3,19,4,MQ,3187,N681MQ,SGF,DFW,850,848.0,-2.0,11.0,859.0,95.0,87.0,61.0,364,1000.0,15.0,1025,1015.0,-10.0,0,0,,0.0,0.0,0.0,0.0,0.0,2015-03-19,0,0,0.0,0,0.0,0.0,0.0,0.0,0.0
2015,3,15,7,DL,2586,N371DA,DTW,ATL,2130,2129.0,-1.0,17.0,2146.0,121.0,97.0,76.0,594,2302.0,4.0,2331,2306.0,-25.0,0,0,,0.0,0.0,0.0,0.0,0.0,2015-03-15,0,0,0.0,0,0.0,0.0,0.0,0.0,0.0
2015,2,16,1,WN,1971,N736SA,BWI,ATL,1105,1115.0,10.0,11.0,1126.0,130.0,123.0,106.0,577,1312.0,6.0,1315,1318.0,3.0,0,0,,0.0,0.0,0.0,0.0,0.0,2015-02-16,0,0,0.0,0,0.0,0.0,0.0,0.0,0.0
2015,3,16,1,AA,1605,N862AA,MIA,DFW,1330,1345.0,15.0,11.0,1356.0,199.0,175.0,152.0,1121,1528.0,12.0,1549,1540.0,-9.0,0,0,,0.0,0.0,0.0,0.0,0.0,2015-03-16,0,0,0.0,0,0.0,0.0,0.0,0.0,0.0
2015,3,1,7,DL,1915,N682DA,ATL,PHX,2145,2144.0,-1.0,14.0,2158.0,261.0,252.0,232.0,1587,2350.0,6.0,6,2356.0,-10.0,0,0,,0.0,0.0,0.0,0.0,0.0,2015-03-01,0,0,0.0,0,0.0,0.0,0.0,0.0,0.0
2015,3,2,1,DL,1647,N954DL,LGA,ATL,759,1002.0,123.0,26.0,1028.0,159.0,145.0,115.0,762,1223.0,4.0,1038,1227.0,109.0,0,0,,0.0,0.0,109.0,0.0,0.0,2015-03-02,1,1,109.0,1,0.0,0.0,100.0,0.0,0.0
2015,3,8,7,OO,5462,N983CA,SPI,ORD,545,539.0,-6.0,18.0,557.0,64.0,60.0,34.0,174,631.0,8.0,649,639.0,-10.0,0,0,,0.0,0.0,0.0,0.0,0.0,2015-03-08,0,0,0.0,0,0.0,0.0,0.0,0.0,0.0
2015,2,24,2,WN,1009,N376SW,SLC,OAK,1555,1559.0,4.0,10.0,1609.0,115.0,102.0,86.0,588,1635.0,6.0,1650,1641.0,-9.0,0,0,,0.0,0.0,0.0,0.0,0.0,2015-02-24,0,0,0.0,0,0.0,0.0,0.0,0.0,0.0
2015,3,11,3,B6,651,N598JB,TPA,SJU,821,815.0,-6.0,17.0,832.0,169.0,177.0,153.0,1237,1105.0,7.0,1110,1112.0,2.0,0,0,,0.0,0.0,0.0,0.0,0.0,2015-03-11,0,0,0.0,0,0.0,0.0,0.0,0.0,0.0
2015,3,3,2,MQ,3453,N608MQ,DFW,SJT,1405,1541.0,96.0,15.0,1556.0,58.0,60.0,42.0,229,1638.0,3.0,1503,1641.0,98.0,0,0,,2.0,0.0,26.0,70.0,0.0,2015-03-03,1,1,98.0,1,2.04,0.0,26.53,71.43,0.0
2015,3,9,1,UA,258,N447UA,LAS,SFO,1116,1152.0,36.0,26.0,1218.0,99.0,106.0,71.0,414,1329.0,9.0,1255,1338.0,43.0,0,0,,43.0,0.0,0.0,0.0,0.0,2015-03-09,1,1,43.0,1,100.0,0.0,0.0,0.0,0.0
2015,3,13,5,US,687,N673AW,LAS,PHX,635,628.0,-7.0,24.0,652.0,70.0,74.0,46.0,255,738.0,4.0,745,742.0,-3.0,0,0,,0.0,0.0,0.0,0.0,0.0,2015-03-13,0,0,0.0,0,0.0,0.0,0.0,0.0,0.0
2015,3,8,7,EV,5160,N755EV,DTW,TUL,1944,1943.0,-1.0,15.0,1958.0,143.0,145.0,128.0,789,2106.0,2.0,2107,2108.0,1.0,0,0,,0.0,0.0,0.0,0.0,0.0,2015-03-08,0,0,0.0,0,0.0,0.0,0.0,0.0,0.0
2015,2,16,1,MQ,3648,N646MQ,DFW,CRP,1055,1101.0,6.0,13.0,1114.0,79.0,86.0,68.0,354,1222.0,5.0,1214,1227.0,13.0,0,0,,0.0,0.0,0.0,0.0,0.0,2015-02-16,0,0,0.0,0,0.0,0.0,0.0,0.0,0.0
2015,3,24,2,OO,4468,N8965E,MCI,CVG,1626,1618.0,-8.0,11.0,1629.0,100.0,95.0,80.0,539,1849.0,4.0,1906,1853.0,-13.0,0,0,,0.0,0.0,0.0,0.0,0.0,2015-03-24,0,0,0.0,0,0.0,0.0,0.0,0.0,0.0
2015,3,14,6,UA,1020,N57868,LAX,IAH,730,725.0,-5.0,14.0,739.0,189.0,193.0,171.0,1379,1230.0,8.0,1239,1238.0,-1.0,0,0,,0.0,0.0,0.0,0.0,0.0,2015-03-14,0,0,0.0,0,0.0,0.0,0.0,0.0,0.0
2015,3,15,7,WN,4830,N643SW,MCI,RSW,815,810.0,-5.0,12.0,822.0,170.0,158.0,142.0,1155,1144.0,4.0,1205,1148.0,-17.0,0,0,,0.0,0.0,0.0,0.0,0.0,2015-03-15,0,0,0.0,0,0.0,0.0,0.0,0.0,0.0
2015,3,24,2,WN,20,N514SW,HOU,DAL,1100,1058.0,-2.0,12.0,1110.0,60.0,58.0,43.0,239,1153.0,3.0,1200,1156.0,-4.0,0,0,,0.0,0.0,0.0,0.0,0.0,2015-03-24,0,0,0.0,0,0.0,0.0,0.0,0.0,0.0
2015,3,15,7,WN,311,N954WN,BUR,SJC,1040,1038.0,-2.0,11.0,1049.0,65.0,64.0,47.0,296,1136.0,6.0,1145,1142.0,-3.0,0,0,,0.0,0.0,0.0,0.0,0.0,2015-03-15,0,0,0.0,0,0.0,0.0,0.0,0.0,0.0
2015,3,9,1,DL,2061,N947DL,PHL,ATL,730,728.0,-2.0,21.0,749.0,140.0,130.0,100.0,666,929.0,9.0,950,938.0,-12.0,0,0,,0.0,0.0,0.0,0.0,0.0,2015-03-09,0,0,0.0,0,0.0,0.0,0.0,0.0,0.0
2015,3,18,3,DL,1203,N338NW,BZN,MSP,600,554.0,-6.0,15.0,609.0,143.0,133.0,109.0,874,858.0,9.0,923,907.0,-16.0,0,0,,0.0,0.0,0.0,0.0,0.0,2015-03-18,0,0,0.0,0,0.0,0.0,0.0,0.0,0.0
2015,2,13,5,MQ,3663,N634MQ,ORD,DTW,1330,1329.0,-1.0,14.0,1343.0,77.0,80.0,53.0,235,1536.0,13.0,1547,1549.0,2.0,0,0,,0.0,0.0,0.0,0.0,0.0,2015-02-13,0,0,0.0,0,0.0,0.0,0.0,0.0,0.0
2015,3,24,2,DL,1898,N906DA,ATL,IND,2156,2242.0,46.0,11.0,2253.0,97.0,85.0,69.0,432,2.0,5.0,2333,7.0,34.0,0,0,,0.0,0.0,34.0,0.0,0.0,2015-03-24,1,1,34.0,1,0.0,0.0,100.0,0.0,0.0
2015,2,13,5,WN,2416,N229WN,DCA,HOU,1205,1209.0,4.0,15.0,1224.0,225.0,197.0,175.0,1218,1419.0,7.0,1450,1426.0,-24.0,0,0,,0.0,0.0,0.0,0.0,0.0,2015-02-13,0,0,0.0,0,0.0,0.0,0.0,0.0,0.0
2015,2,24,2,DL,1248,N130DL,DTW,LAX,1542,1539.0,-3.0,43.0,1622.0,323.0,309.0,255.0,1979,1737.0,11.0,1805,1748.0,-17.0,0,0,,0.0,0.0,0.0,0.0,0.0,2015-02-24,0,0,0.0,0,0.0,0.0,0.0,0.0,0.0
2015,2,19,4,UA,1054,N21108,EWR,LAX,1310,1311.0,1.0,45.0,1356.0,384.0,395.0,338.0,2454,1634.0,12.0,1634,1646.0,12.0,0,0,,0.0,0.0,0.0,0.0,0.0,2015-02-19,0,0,0.0,0,0.0,0.0,0.0,0.0,0.0
2015,3,21,6,OO,5201,N701BR,DEN,RNO,1105,1136.0,31.0,16.0,1152.0,147.0,132.0,111.0,804,1243.0,5.0,1232,1248.0,16.0,0,0,,0.0,0.0,16.0,0.0,0.0,2015-03-21,1,1,16.0,1,0.0,0.0,100.0,0.0,0.0
2015,3,18,3,EV,4353,N16961,ORD,CLE,738,733.0,-5.0,14.0,747.0,82.0,66.0,46.0,315,933.0,6.0,1000,939.0,-21.0,0,0,,0.0,0.0,0.0,0.0,0.0,2015-03-18,0,0,0.0,0,0.0,0.0,0.0,0.0,0.0
2015,3,24,2,VX,941,N847VA,LAX,SFO,1825,1830.0,5.0,10.0,1840.0,75.0,70.0,56.0,337,1936.0,4.0,1940,1940.0,0.0,0,0,,0.0,0.0,0.0,0.0,0.0,2015-03-24,0,0,0.0,0,0.0,0.0,0.0,0.0,0.0
2015,3,14,6,WN,1592,N764SW,OAK,BUR,1835,1831.0,-4.0,9.0,1840.0,60.0,59.0,48.0,325,1928.0,2.0,1935,1930.0,-5.0,0,0,,0.0,0.0,0.0,0.0,0.0,2015-03-14,0,0,0.0,0,0.0,0.0,0.0,0.0,0.0
2015,2,25,3,HA,195,N493HA,OGG,HNL,1918,1908.0,-10.0,5.0,1913.0,35.0,33.0,21.0,100,1934.0,7.0,1953,1941.0,-12.0,0,0,,0.0,0.0,0.0,0.0,0.0,2015-02-25,0,0,0.0,0,0.0,0.0,0.0,0.0,0.0
2015,2,15,7,EV,6003,N12145,IAH,MLU,1250,1243.0,-7.0,7.0,1250.0,63.0,50.0,38.0,262,1328.0,5.0,1353,1333.0,-20.0,0,0,,0.0,0.0,0.0,0.0,0.0,2015-02-15,0,0,0.0,0,0.0,0.0,0.0,0.0,0.0
2015,2,27,5,OO,6368,N472CA,BIS,DEN,2030,2030.0,0.0,9.0,2039.0,110.0,100.0,78.0,516,2057.0,13.0,2120,2110.0,-10.0,0,0,,0.0,0.0,0.0,0.0,0.0,2015-02-27,0,0,0.0,0,0.0,0.0,0.0,0.0,0.0
2015,3,9,1,OO,2804,N898SK,SBP,PHX,625,617.0,-8.0,13.0,630.0,100.0,92.0,70.0,509,740.0,9.0,805,749.0,-16.0,0,0,,0.0,0.0,0.0,0.0,0.0,2015-03-09,0,0,0.0,0,0.0,0.0,0.0,0.0,0.0
2015,2,19,4,AA,1622,N485AA,DFW,IAH,1810,1808.0,-2.0,15.0,1823.0,65.0,76.0,37.0,224,1900.0,24.0,1915,1924.0,9.0,0,0,,0.0,0.0,0.0,0.0,0.0,2015-02-19,0,0,0.0,0,0.0,0.0,0.0,0.0,0.0
2015,2,23,1,DL,786,N922DL,ATL,LGA,600,555.0,-5.0,24.0,619.0,129.0,137.0,97.0,762,756.0,16.0,809,812.0,3.0,0,0,,0.0,0.0,0.0,0.0,0.0,2015-02-23,0,0,0.0,0,0.0,0.0,0.0,0.0,0.0
2015,2,16,1,UA,769,N817UA,SFO,LAX,1635,1631.0,-4.0,10.0,1641.0,88.0,77.0,53.0,337,1734.0,14.0,1803,1748.0,-15.0,0,0,,0.0,0.0,0.0,0.0,0.0,2015-02-16,0,0,0.0,0,0.0,0.0,0.0,0.0,0.0
2015,3,11,3,OO,6433,N772SK,SLC,LAX,2042,2042.0,0.0,18.0,2100.0,117.0,131.0,95.0,590,2135.0,18.0,2139,2153.0,14.0,0,0,,0.0,0.0,0.0,0.0,0.0,2015-03-11,0,0,0.0,0,0.0,0.0,0.0,0.0,0.0
2015,3,21,6,US,635,N575UW,PHX,FLL,849,847.0,-2.0,31.0,918.0,255.0,257.0,223.0,1972,1601.0,3.0,1604,1604.0,0.0,0,0,,0.0,0.0,0.0,0.0,0.0,2015-03-21,0,0,0.0,0,0.0,0.0,0.0,0.0,0.0
2015,3,20,5,WN,858,N415WN,DAL,ATL,600,559.0,-1.0,14.0,613.0,120.0,128.0,98.0,721,851.0,16.0,900,907.0,7.0,0,0,,0.0,0.0,0.0,0.0,0.0,2015-03-20,0,0,0.0,0,0.0,0.0,0.0,0.0,0.0
2015,3,5,4,AA,1590,N5CNAA,DFW,BOS,1730,1934.0,124.0,13.0,1947.0,200.0,184.0,140.0,1562,2307.0,31.0,2150,2338.0,108.0,0,0,,0.0,0.0,0.0,108.0,0.0,2015-03-05,1,1,108.0,1,0.0,0.0,0.0,100.0,0.0
2015,3,12,4,HA,307,N485HA,KOA,HNL,2005,2006.0,1.0,9.0,2015.0,43.0,47.0,31.0,163,2046.0,7.0,2048,2053.0,5.0,0,0,,0.0,0.0,0.0,0.0,0.0,2015-03-12,0,0,0.0,0,0.0,0.0,0.0,0.0,0.0
2015,3,8,7,DL,1344,N306DQ,ATL,JAC,950,955.0,5.0,19.0,1014.0,246.0,239.0,218.0,1572,1152.0,2.0,1156,1154.0,-2.0,0,0,,0.0,0.0,0.0,0.0,0.0,2015-03-08,0,0,0.0,0,0.0,0.0,0.0,0.0,0.0
2015,2,14,6,MQ,3376,N670MQ,DFW,FSD,950,1022.0,32.0,16.0,1038.0,126.0,154.0,124.0,737,1242.0,14.0,1156,1256.0,60.0,0,0,,28.0,0.0,32.0,0.0,0.0,2015-02-14,1,1,60.0,1,46.67,0.0,53.33,0.0,0.0
2015,3,25,3,US,2138,N806AW,DCA,BOS,2200,2225.0,25.0,12.0,2237.0,86.0,88.0,70.0,399,2347.0,6.0,2326,2353.0,27.0,0,0,,2.0,0.0,0.0,25.0,0.0,2015-03-25,1,1,27.0,1,7.41,0.0,0.0,92.59,0.0
2015,2,20,5,B6,1083,N198JB,BOS,RDU,1020,1008.0,-12.0,18.0,1026.0,128.0,120.0,98.0,612,1204.0,4.0,1228,1208.0,-20.0,0,0,,0.0,0.0,0.0,0.0,0.0,2015-02-20,0,0,0.0,0,0.0,0.0,0.0,0.0,0.0
2015,2,22,7,MQ,3373,N608MQ,DFW,CLL,1705,1927.0,142.0,72.0,2039.0,51.0,117.0,41.0,164,2120.0,4.0,1756,2124.0,208.0,0,0,,66.0,0.0,0.0,35.0,107.0,2015-02-22,1,1,208.0,1,31.73,0.0,0.0,16.83,51.44
2015,3,10,2,DL,2484,N928DN,PHL,DTW,943,1000.0,17.0,31.0,1031.0,107.0,109.0,73.0,453,1144.0,5.0,1130,1149.0,19.0,0,0,,2.0,0.0,17.0,0.0,0.0,2015-03-10,1,1,19.0,1,10.53,0.0,89.47,0.0,0.0
2015,2,26,4,EV,6129,N12552,ORD,CWA,1956,2013.0,17.0,12.0,2025.0,65.0,55.0,39.0,212,2104.0,4.0,2101,2108.0,7.0,0,0,,0.0,0.0,0.0,0.0,0.0,2015-02-26,1,0,0.0,0,0.0,0.0,0.0,0.0,0.0
2015,2,20,5,WN,1225,N8309C,SLC,LAS,1745,1754.0,9.0,9.0,1803.0,80.0,72.0,58.0,368,1801.0,5.0,1805,1806.0,1.0,0,0,,0.0,0.0,0.0,0.0,0.0,2015-02-20,0,0,0.0,0,0.0,0.0,0.0,0.0,0.0
2015,3,25,3,WN,3050,N641SW,RSW,IND,1345,1437.0,52.0,9.0,1446.0,160.0,147.0,133.0,945,1659.0,5.0,1625,1704.0,39.0,0,0,,0.0,0.0,13.0,26.0,0.0,2015-03-25,1,1,39.0,1,0.0,0.0,33.33,66.67,0.0
2015,2,14,6,EV,5021,N707EV,BWI,MSP,1630,1626.0,-4.0,19.0,1645.0,176.0,161.0,139.0,936,1804.0,3.0,1826,1807.0,-19.0,0,0,,0.0,0.0,0.0,0.0,0.0,2015-02-14,0,0,0.0,0,0.0,0.0,0.0,0.0,0.0
2015,2,20,5,OO,3466,N215AG,PDX,TUS,930,943.0,13.0,12.0,955.0,170.0,146.0,129.0,1119,1304.0,5.0,1320,1309.0,-11.0,0,0,,0.0,0.0,0.0,0.0,0.0,2015-02-20,0,0,0.0,0,0.0,0.0,0.0,0.0,0.0
2015,3,6,5,US,2020,N562UW,PHX,CLT,20,21.0,1.0,11.0,32.0,221.0,196.0,181.0,1773,533.0,4.0,601,537.0,-24.0,0,0,,0.0,0.0,0.0,0.0,0.0,2015-03-06,0,0,0.0,0,0.0,0.0,0.0,0.0,0.0
2015,3,4,3,DL,1178,N963DN,RIC,ATL,1632,1705.0,33.0,11.0,1716.0,106.0,93.0,78.0,481,1834.0,4.0,1818,1838.0,20.0,0,0,,0.0,0.0,6.0,14.0,0.0,2015-03-04,1,1,20.0,1,0.0,0.0,30.0,70.0,0.0
2015,3,21,6,B6,1226,N198JB,BWI,BOS,819,822.0,3.0,8.0,830.0,81.0,68.0,53.0,369,923.0,7.0,940,930.0,-10.0,0,0,,0.0,0.0,0.0,0.0,0.0,2015-03-21,0,0,0.0,0,0.0,0.0,0.0,0.0,0.0
2015,3,3,2,UA,1155,N54711,LAS,ORD,1127,1143.0,16.0,20.0,1203.0,218.0,207.0,170.0,1514,1653.0,17.0,1705,1710.0,5.0,0,0,,0.0,0.0,0.0,0.0,0.0,2015-03-03,1,0,0.0,0,0.0,0.0,0.0,0.0,0.0
2015,2,14,6,WN,2782,N8318F,BWI,RSW,835,902.0,27.0,15.0,917.0,175.0,163.0,142.0,919,1139.0,6.0,1130,1145.0,15.0,0,0,,15.0,0.0,0.0,0.0,0.0,2015-02-14,1,0,15.0,0,100.0,0.0,0.0,0.0,0.0
2015,3,21,6,EV,5491,N676CA,OAJ,ATL,600,552.0,-8.0,14.0,606.0,93.0,93.0,72.0,399,718.0,7.0,733,725.0,-8.0,0,0,,0.0,0.0,0.0,0.0,0.0,2015-03-21,0,0,0.0,0,0.0,0.0,0.0,0.0,0.0
2015,2,22,7,US,1935,N105UW,PHL,PBI,1745,1841.0,56.0,23.0,1904.0,165.0,153.0,126.0,951,2110.0,4.0,2030,2114.0,44.0,0,0,,0.0,0.0,44.0,0.0,0.0,2015-02-22,1,1,44.0,1,0.0,0.0,100.0,0.0,0.0
2015,3,24,2,OO,5267,N787SK,IAH,DFW,1432,1433.0,1.0,17.0,1450.0,73.0,67.0,43.0,224,1533.0,7.0,1545,1540.0,-5.0,0,0,,0.0,0.0,0.0,0.0,0.0,2015-03-24,0,0,0.0,0,0.0,0.0,0.0,0.0,0.0
2015,2,15,7,WN,2958,N8606C,SLC,PHX,1720,1716.0,-4.0,24.0,1740.0,95.0,101.0,70.0,507,1850.0,7.0,1855,1857.0,2.0,0,0,,0.0,0.0,0.0,0.0,0.0,2015-02-15,0,0,0.0,0,0.0,0.0,0.0,0.0,0.0
2015,3,20,5,DL,1660,N924DL,PIT,MSP,700,654.0,-6.0,13.0,707.0,136.0,132.0,114.0,726,801.0,5.0,816,806.0,-10.0,0,0,,0.0,0.0,0.0,0.0,0.0,2015-03-20,0,0,0.0,0,0.0,0.0,0.0,0.0,0.0
2015,3,23,1,AA,1568,N481AA,OKC,DFW,1122,1113.0,-9.0,15.0,1128.0,63.0,57.0,33.0,175,1201.0,9.0,1225,1210.0,-15.0,0,0,,0.0,0.0,0.0,0.0,0.0,2015-03-23,0,0,0.0,0,0.0,0.0,0.0,0.0,0.0
2015,2,18,3,HA,120,N488HA,HNL,KOA,850,845.0,-5.0,15.0,900.0,43.0,50.0,29.0,163,929.0,6.0,933,935.0,2.0,0,0,,0.0,0.0,0.0,0.0,0.0,2015-02-18,0,0,0.0,0,0.0,0.0,0.0,0.0,0.0
2015,2,22,7,WN,277,N7811F,ROC,BWI,1750,1754.0,4.0,7.0,1801.0,75.0,63.0,50.0,277,1851.0,6.0,1905,1857.0,-8.0,0,0,,0.0,0.0,0.0,0.0,0.0,2015-02-22,0,0,0.0,0,0.0,0.0,0.0,0.0,0.0
2015,2,25,3,AA,1047,N573AA,DFW,ATL,1630,1628.0,-2.0,11.0,1639.0,122.0,114.0,89.0,731,1908.0,14.0,1932,1922.0,-10.0,0,0,,0.0,0.0,0.0,0.0,0.0,2015-02-25,0,0,0.0,0,0.0,0.0,0.0,0.0,0.0
2015,3,11,3,AA,1235,N3CUAA,ORD,DEN,2115,2122.0,7.0,13.0,2135.0,153.0,138.0,118.0,888,2233.0,7.0,2248,2240.0,-8.0,0,0,,0.0,0.0,0.0,0.0,0.0,2015-03-11,0,0,0.0,0,0.0,0.0,0.0,0.0,0.0
2015,3,17,2,AA,1182,N3EWAA,MIA,ORD,1825,1838.0,13.0,28.0,1906.0,203.0,204.0,171.0,1197,2057.0,5.0,2048,2102.0,14.0,0,0,,0.0,0.0,0.0,0.0,0.0,2015-03-17,0,0,0.0,0,0.0,0.0,0.0,0.0,0.0
2015,3,1,7,US,745,N584UW,PHX,CLT,1310,1333.0,23.0,16.0,1349.0,233.0,213.0,189.0,1773,1858.0,8.0,1903,1906.0,3.0,0,0,,0.0,0.0,0.0,0.0,0.0,2015-03-01,1,0,0.0,0,0.0,0.0,0.0,0.0,0.0
2015,3,8,7,EV,5914,N14143,GSO,ORD,700,654.0,-6.0,16.0,710.0,120.0,141.0,100.0,589,750.0,25.0,800,815.0,15.0,0,0,,15.0,0.0,0.0,0.0,0.0,2015-03-08,0,0,15.0,0,100.0,0.0,0.0,0.0,0.0
2015,3,18,3,MQ,3106,N637MQ,TYR,DFW,1920,1910.0,-10.0,6.0,1916.0,49.0,39.0,25.0,102,1941.0,8.0,2009,1949.0,-20.0,0,0,,0.0,0.0,0.0,0.0,0.0,2015-03-18,0,0,0.0,0,0.0,0.0,0.0,0.0,0.0
2015,3,4,3,US,1943,N580UW,RSW,CLT,630,629.0,-1.0,12.0,641.0,113.0,125.0,103.0,600,824.0,10.0,823,834.0,11.0,0,0,,0.0,0.0,0.0,0.0,0.0,2015-03-04,0,0,0.0,0,0.0,0.0,0.0,0.0,0.0
2015,2,20,5,US,2167,N948UW,LGA,DCA,2000,2101.0,61.0,16.0,2117.0,84.0,79.0,41.0,214,2158.0,22.0,2124,2220.0,56.0,0,0,,0.0,0.0,56.0,0.0,0.0,2015-02-20,1,1,56.0,1,0.0,0.0,100.0,0.0,0.0
2015,2,17,2,MQ,3143,N818MQ,JAN,DFW,600,600.0,0.0,44.0,644.0,100.0,130.0,76.0,408,800.0,10.0,740,810.0,30.0,0,0,,30.0,0.0,0.0,0.0,0.0,2015-02-17,0,1,30.0,1,100.0,0.0,0.0,0.0,0.0
2015,3,6,5,DL,1208,N364NW,SLC,CVG,1705,1704.0,-1.0,13.0,1717.0,196.0,179.0,162.0,1450,2159.0,4.0,2221,2203.0,-18.0,0,0,,0.0,0.0,0.0,0.0,0.0,2015-03-06,0,0,0.0,0,0.0,0.0,0.0,0.0,0.0
2015,3,23,1,NK,146,N602NK,ATL,DFW,1735,1734.0,-1.0,19.0,1753.0,147.0,138.0,114.0,731,1847.0,5.0,1902,1852.0,-10.0,0,0,,0.0,0.0,0.0,0.0,0.0,2015-03-23,0,0,0.0,0,0.0,0.0,0.0,0.0,0.0
2015,3,18,3,DL,2438,N916DN,ATL,DCA,920,916.0,-4.0,11.0,927.0,101.0,87.0,72.0,547,1039.0,4.0,1101,1043.0,-18.0,0,0,,0.0,0.0,0.0,0.0,0.0,2015-03-18,0,0,0.0,0,0.0,0.0,0.0,0.0,0.0
2015,2,27,5,OO,2596,N868CA,TUS,LAX,716,707.0,-9.0,15.0,722.0,99.0,99.0,78.0,451,740.0,6.0,755,746.0,-9.0,0,0,,0.0,0.0,0.0,0.0,0.0,2015-02-27,0,0,0.0,0,0.0,0.0,0.0,0.0,0.0
2015,2,17,2,DL,2559,N816DN,ATL,PHX,1955,2034.0,39.0,14.0,2048.0,260.0,240.0,220.0,1587,2228.0,6.0,2215,2234.0,19.0,0,0,,0.0,0.0,19.0,0.0,0.0,2015-02-17,1,1,19.0,1,0.0,0.0,100.0,0.0,0.0
2015,2,27,5,WN,562,N490WN,LAX,DAL,735,736.0,1.0,7.0,743.0,175.0,164.0,152.0,1246,1215.0,5.0,1230,1220.0,-10.0,0,0,,0.0,0.0,0.0,0.0,0.0,2015-02-27,0,0,0.0,0,0.0,0.0,0.0,0.0,0.0
2015,2,27,5,UA,465,N458UA,CLE,DEN,1930,1938.0,8.0,10.0,1948.0,209.0,191.0,172.0,1201,2040.0,9.0,2059,2049.0,-10.0,0,0,,0.0,0.0,0.0,0.0,0.0,2015-02-27,0,0,0.0,0,0.0,0.0,0.0,0.0,0.0
2015,2,26,4,DL,1291,N618DL,MSP,ATL,725,723.0,-2.0,11.0,734.0,163.0,135.0,120.0,907,1034.0,4.0,1108,1038.0,-30.0,0,0,,0.0,0.0,0.0,0.0,0.0,2015-02-26,0,0,0.0,0,0.0,0.0,0.0,0.0,0.0
2015,3,23,1,US,1873,N119US,BWI,CLT,1925,1920.0,-5.0,8.0,1928.0,88.0,83.0,62.0,361,2030.0,13.0,2053,2043.0,-10.0,0,0,,0.0,0.0,0.0,0.0,0.0,2015-03-23,0,0,0.0,0,0.0,0.0,0.0,0.0,0.0
2015,3,14,6,B6,263,N608JB,JFK,SEA,1728,1728.0,0.0,17.0,1745.0,385.0,368.0,345.0,2422,2030.0,6.0,2053,2036.0,-17.0,0,0,,0.0,0.0,0.0,0.0,0.0,2015-03-14,0,0,0.0,0,0.0,0.0,0.0,0.0,0.0
2015,3,17,2,WN,4813,N424WN,MDW,MCI,1900,1911.0,11.0,8.0,1919.0,85.0,79.0,66.0,405,2025.0,5.0,2025,2030.0,5.0,0,0,,0.0,0.0,0.0,0.0,0.0,2015-03-17,0,0,0.0,0,0.0,0.0,0.0,0.0,0.0
2015,2,14,6,AA,278,N3LTAA,PHX,ORD,1545,1550.0,5.0,14.0,1604.0,201.0,197.0,174.0,1440,1958.0,9.0,2006,2007.0,1.0,0,0,,0.0,0.0,0.0,0.0,0.0,2015-02-14,0,0,0.0,0,0.0,0.0,0.0,0.0,0.0
2015,2,20,5,WN,4249,N528SW,HOU,ELP,1250,1247.0,-3.0,8.0,1255.0,125.0,115.0,104.0,677,1339.0,3.0,1355,1342.0,-13.0,0,0,,0.0,0.0,0.0,0.0,0.0,2015-02-20,0,0,0.0,0,0.0,0.0,0.0,0.0,0.0
2015,3,22,7,AS,537,N419AS,ONT,SEA,1030,1020.0,-10.0,9.0,1029.0,155.0,139.0,124.0,956,1233.0,6.0,1305,1239.0,-26.0,0,0,,0.0,0.0,0.0,0.0,0.0,2015-03-22,0,0,0.0,0,0.0,0.0,0.0,0.0,0.0
2015,2,27,5,UA,268,N828UA,JAC,DEN,721,719.0,-2.0,29.0,748.0,107.0,112.0,65.0,406,853.0,18.0,908,911.0,3.0,0,0,,0.0,0.0,0.0,0.0,0.0,2015-02-27,0,0,0.0,0,0.0,0.0,0.0,0.0,0.0
2015,3,19,4,AA,1151,N3KVAA,DFW,DEN,1300,1259.0,-1.0,23.0,1322.0,124.0,122.0,94.0,641,1356.0,5.0,1404,1401.0,-3.0,0,0,,0.0,0.0,0.0,0.0,0.0,2015-03-19,0,0,0.0,0,0.0,0.0,0.0,0.0,0.0
2015,2,25,3,OO,4622,N813SK,SLC,SJC,1100,1103.0,3.0,20.0,1123.0,123.0,116.0,91.0,584,1154.0,5.0,1203,1159.0,-4.0,0,0,,0.0,0.0,0.0,0.0,0.0,2015-02-25,0,0,0.0,0,0.0,0.0,0.0,0.0,0.0
2015,2,14,6,OO,6300,N980SW,LAX,PSP,1005,1107.0,62.0,18.0,1125.0,59.0,53.0,29.0,110,1154.0,6.0,1104,1200.0,56.0,0,0,,0.0,0.0,56.0,0.0,0.0,2015-02-14,1,1,56.0,1,0.0,0.0,100.0,0.0,0.0
2015,2,21,6,DL,2644,N917DE,PBI,JFK,1205,1208.0,3.0,28.0,1236.0,161.0,196.0,155.0,1028,1511.0,13.0,1446,1524.0,38.0,0,0,,38.0,0.0,0.0,0.0,0.0,2015-02-21,0,1,38.0,1,100.0,0.0,0.0,0.0,0.0
2015,2,17,2,AS,64,N794AS,PSG,WRG,1524,1503.0,-21.0,13.0,1516.0,24.0,29.0,11.0,31,1527.0,5.0,1548,1532.0,-16.0,0,0,,0.0,0.0,0.0,0.0,0.0,2015-02-17,0,0,0.0,0,0.0,0.0,0.0,0.0,0.0
2015,3,16,1,B6,461,N594JB,LGA,PBI,730,726.0,-4.0,21.0,747.0,172.0,146.0,122.0,1035,949.0,3.0,1022,952.0,-30.0,0,0,,0.0,0.0,0.0,0.0,0.0,2015-03-16,0,0,0.0,0,0.0,0.0,0.0,0.0,0.0
2015,2,23,1,DL,828,N338NW,ATL,MIA,2035,2039.0,4.0,11.0,2050.0,116.0,102.0,83.0,594,2213.0,8.0,2231,2221.0,-10.0,0,0,,0.0,0.0,0.0,0.0,0.0,2015-02-23,0,0,0.0,0,0.0,0.0,0.0,0.0,0.0
2015,3,20,5,B6,760,N266JB,PHL,BOS,2035,2144.0,69.0,15.0,2159.0,74.0,76.0,55.0,280,2254.0,6.0,2149,2300.0,71.0,0,0,,2.0,0.0,6.0,63.0,0.0,2015-03-20,1,1,71.0,1,2.82,0.0,8.45,88.73,0.0
2015,3,14,6,EV,5442,N528CA,AEX,ATL,1500,1454.0,-6.0,10.0,1504.0,95.0,88.0,74.0,500,1718.0,4.0,1735,1722.0,-13.0,0,0,,0.0,0.0,0.0,0.0,0.0,2015-03-14,0,0,0.0,0,0.0,0.0,0.0,0.0,0.0
2015,2,26,4,EV,5594,N750EV,MLI,ATL,600,601.0,1.0,26.0,627.0,108.0,128.0,94.0,633,901.0,8.0,848,909.0,21.0,0,0,,20.0,0.0,1.0,0.0,0.0,2015-02-26,0,1,21.0,1,95.24,0.0,4.76,0.0,0.0
2015,2,23,1,NK,733,N531NK,ORD,LAX,1115,1233.0,78.0,10.0,1243.0,264.0,266.0,248.0,1744,1451.0,8.0,1339,1459.0,80.0,0,0,,80.0,0.0,0.0,0.0,0.0,2015-02-23,1,1,80.0,1,100.0,0.0,0.0,0.0,0.0
2015,3,20,5,EV,4750,N13994,FSD,ORD,1103,1053.0,-10.0,25.0,1118.0,102.0,113.0,78.0,462,1236.0,10.0,1245,1246.0,1.0,0,0,,0.0,0.0,0.0,0.0,0.0,2015-03-20,0,0,0.0,0,0.0,0.0,0.0,0.0,0.0
2015,2,14,6,WN,4339,N7717D,DEN,HOU,1825,1831.0,6.0,11.0,1842.0,135.0,126.0,110.0,883,2132.0,5.0,2140,2137.0,-3.0,0,0,,0.0,0.0,0.0,0.0,0.0,2015-02-14,0,0,0.0,0,0.0,0.0,0.0,0.0,0.0
2015,3,21,6,DL,1068,N553NW,RSW,ATL,1214,1210.0,-4.0,24.0,1234.0,115.0,116.0,82.0,515,1356.0,10.0,1409,1406.0,-3.0,0,0,,0.0,0.0,0.0,0.0,0.0,2015-03-21,0,0,0.0,0,0.0,0.0,0.0,0.0,0.0
2015,2,13,5,UA,1293,N12116,EWR,LAX,1310,1416.0,66.0,15.0,1431.0,384.0,335.0,314.0,2454,1645.0,6.0,1634,1651.0,17.0,0,0,,0.0,0.0,12.0,5.0,0.0,2015-02-13,1,1,17.0,1,0.0,0.0,70.59,29.41,0.0
2015,2,25,3,EV,4097,N16561,CLE,IAD,1451,1446.0,-5.0,20.0,1506.0,84.0,79.0,50.0,288,1556.0,9.0,1615,1605.0,-10.0,0,0,,0.0,0.0,0.0,0.0,0.0,2015-02-25,0,0,0.0,0,0.0,0.0,0.0,0.0,0.0
2015,2,15,7,WN,2248,N944WN,DEN,MKE,1020,1015.0,-5.0,21.0,1036.0,135.0,127.0,103.0,896,1319.0,3.0,1335,1322.0,-13.0,0,0,,0.0,0.0,0.0,0.0,0.0,2015-02-15,0,0,0.0,0,0.0,0.0,0.0,0.0,0.0
2015,3,1,7,WN,4881,N915WN,IND,ATL,1625,1625.0,0.0,15.0,1640.0,100.0,90.0,65.0,432,1745.0,10.0,1805,1755.0,-10.0,0,0,,0.0,0.0,0.0,0.0,0.0,2015-03-01,0,0,0.0,0,0.0,0.0,0.0,0.0,0.0
2015,3,5,4,OO,4842,N8903A,ISN,MSP,500,458.0,-2.0,38.0,536.0,105.0,120.0,76.0,546,652.0,6.0,645,658.0,13.0,0,0,,0.0,0.0,0.0,0.0,0.0,2015-03-05,0,0,0.0,0,0.0,0.0,0.0,0.0,0.0
2015,3,24,2,MQ,2930,N688MQ,ALO,ORD,652,647.0,-5.0,12.0,659.0,93.0,64.0,43.0,234,742.0,9.0,825,751.0,-34.0,0,0,,0.0,0.0,0.0,0.0,0.0,2015-03-24,0,0,0.0,0,0.0,0.0,0.0,0.0,0.0
2015,2,23,1,NK,939,N607NK,IAH,DEN,1016,1043.0,27.0,14.0,1057.0,151.0,147.0,120.0,862,1157.0,13.0,1147,1210.0,23.0,0,0,,16.0,0.0,7.0,0.0,0.0,2015-02-23,1,1,23.0,1,69.57,0.0,30.43,0.0,0.0
2015,3,24,2,B6,231,N612JB,SLC,LGB,1232,1226.0,-6.0,9.0,1235.0,107.0,97.0,85.0,588,1300.0,3.0,1319,1303.0,-16.0,0,0,,0.0,0.0,0.0,0.0,0.0,2015-03-24,0,0,0.0,0,0.0,0.0,0.0,0.0,0.0
2015,3,19,4,US,2004,N753US,MSP,PHL,1620,1638.0,18.0,12.0,1650.0,148.0,131.0,116.0,980,1946.0,3.0,1948,1949.0,1.0,0,0,,0.0,0.0,0.0,0.0,0.0,2015-03-19,1,0,0.0,0,0.0,0.0,0.0,0.0,0.0
2015,3,25,3,MQ,2960,N679MQ,BMI,ORD,600,554.0,-6.0,14.0,608.0,60.0,60.0,35.0,116,643.0,11.0,700,654.0,-6.0,0,0,,0.0,0.0,0.0,0.0,0.0,2015-03-25,0,0,0.0,0,0.0,0.0,0.0,0.0,0.0
2015,2,13,5,WN,4285,N485WN,SMF,SAN,1845,1843.0,-2.0,10.0,1853.0,85.0,87.0,72.0,480,2005.0,5.0,2010,2010.0,0.0,0,0,,0.0,0.0,0.0,0.0,0.0,2015-02-13,0,0,0.0,0,0.0,0.0,0.0,0.0,0.0
2015,2,14,6,EV,2557,N879AS,DFW,BRO,1055,1056.0,1.0,11.0,1107.0,95.0,80.0,66.0,482,1213.0,3.0,1230,1216.0,-14.0,0,0,,0.0,0.0,0.0,0.0,0.0,2015-02-14,0,0,0.0,0,0.0,0.0,0.0,0.0,0.0
2015,3,7,6,OO,6433,N973SW,LAX,FAT,2223,2218.0,-5.0,18.0,2236.0,62.0,59.0,37.0,209,2313.0,4.0,2325,2317.0,-8.0,0,0,,0.0,0.0,0.0,0.0,0.0,2015-03-07,0,0,0.0,0,0.0,0.0,0.0,0.0,0.0
2015,2,21,6,WN,4307,N464WN,OAK,PHX,1100,1056.0,-4.0,9.0,1105.0,105.0,102.0,89.0,646,1334.0,4.0,1345,1338.0,-7.0,0,0,,0.0,0.0,0.0,0.0,0.0,2015-02-21,0,0,0.0,0,0.0,0.0,0.0,0.0,0.0
2015,3,14,6,OO,5646,N952SW,SFO,SBA,1051,1110.0,19.0,31.0,1141.0,70.0,79.0,44.0,262,1225.0,4.0,1201,1229.0,28.0,0,0,,9.0,0.0,19.0,0.0,0.0,2015-03-14,1,1,28.0,1,32.14,0.0,67.86,0.0,0.0
2015,3,15,7,AA,2489,N5CEAA,DFW,LAX,1935,1933.0,-2.0,27.0,2000.0,209.0,183.0,152.0,1235,2032.0,4.0,2104,2036.0,-28.0,0,0,,0.0,0.0,0.0,0.0,0.0,2015-03-15,0,0,0.0,0,0.0,0.0,0.0,0.0,0.0
2015,3,11,3,DL,492,N3737C,JFK,SJU,2030,2055.0,25.0,32.0,2127.0,239.0,226.0,190.0,1598,37.0,4.0,29,41.0,12.0,0,0,,0.0,0.0,0.0,0.0,0.0,2015-03-11,1,0,0.0,0,0.0,0.0,0.0,0.0,0.0
2015,2,27,5,WN,4896,N359SW,MCO,RIC,2015,2039.0,24.0,10.0,2049.0,110.0,97.0,82.0,667,2211.0,5.0,2205,2216.0,11.0,0,0,,0.0,0.0,0.0,0.0,0.0,2015-02-27,1,0,0.0,0,0.0,0.0,0.0,0.0,0.0
2015,3,21,6,WN,2688,N640SW,BNA,MCI,1445,1440.0,-5.0,9.0,1449.0,100.0,95.0,79.0,491,1608.0,7.0,1625,1615.0,-10.0,0,0,,0.0,0.0,0.0,0.0,0.0,2015-03-21,0,0,0.0,0,0.0,0.0,0.0,0.0,0.0
2015,2,13,5,WN,1124,N7721E,BWI,RSW,1620,1634.0,14.0,8.0,1642.0,165.0,147.0,135.0,919,1857.0,4.0,1905,1901.0,-4.0,0,0,,0.0,0.0,0.0,0.0,0.0,2015-02-13,0,0,0.0,0,0.0,0.0,0.0,0.0,0.0
2015,2,22,7,B6,2006,N595JB,FLL,EWR,616,614.0,-2.0,12.0,626.0,164.0,172.0,143.0,1065,849.0,17.0,900,906.0,6.0,0,0,,0.0,0.0,0.0,0.0,0.0,2015-02-22,0,0,0.0,0,0.0,0.0,0.0,0.0,0.0
2015,3,8,7,WN,3476,N206WN,LAS,STL,1125,1122.0,-3.0,11.0,1133.0,185.0,171.0,157.0,1371,1610.0,3.0,1630,1613.0,-17.0,0,0,,0.0,0.0,0.0,0.0,0.0,2015-03-08,0,0,0.0,0,0.0,0.0,0.0,0.0,0.0
2015,3,10,2,EV,5045,N611QX,SAV,LGA,1752,1744.0,-8.0,11.0,1755.0,128.0,110.0,94.0,722,1929.0,5.0,2000,1934.0,-26.0,0,0,,0.0,0.0,0.0,0.0,0.0,2015-03-10,0,0,0.0,0,0.0,0.0,0.0,0.0,0.0
2015,3,16,1,DL,1403,N317NB,ECP,ATL,1715,1706.0,-9.0,18.0,1724.0,84.0,70.0,40.0,240,1904.0,12.0,1939,1916.0,-23.0,0,0,,0.0,0.0,0.0,0.0,0.0,2015-03-16,0,0,0.0,0,0.0,0.0,0.0,0.0,0.0
2015,3,13,5,WN,4989,N723SW,RDU,TPA,1500,1455.0,-5.0,6.0,1501.0,110.0,104.0,94.0,587,1635.0,4.0,1650,1639.0,-11.0,0,0,,0.0,0.0,0.0,0.0,0.0,2015-03-13,0,0,0.0,0,0.0,0.0,0.0,0.0,0.0
2015,3,23,1,MQ,3541,N653MQ,CLE,ORD,1740,1825.0,45.0,25.0,1850.0,95.0,125.0,69.0,315,1859.0,31.0,1815,1930.0,75.0,0,0,,30.0,0.0,3.0,42.0,0.0,2015-03-23,1,1,75.0,1,40.0,0.0,4.0,56.0,0.0
2015,2,25,3,US,2168,N958UW,BOS,LGA,1400,1359.0,-1.0,20.0,1419.0,80.0,75.0,47.0,184,1506.0,8.0,1520,1514.0,-6.0,0,0,,0.0,0.0,0.0,0.0,0.0,2015-02-25,0,0,0.0,0,0.0,0.0,0.0,0.0,0.0
2015,3,12,4,DL,2238,N927DN,ATL,DCA,1320,1326.0,6.0,11.0,1337.0,105.0,86.0,71.0,547,1448.0,4.0,1505,1452.0,-13.0,0,0,,0.0,0.0,0.0,0.0,0.0,2015-03-12,0,0,0.0,0,0.0,0.0,0.0,0.0,0.0
2015,2,14,6,US,578,N565UW,ORD,PHL,730,722.0,-8.0,31.0,753.0,122.0,126.0,91.0,678,1024.0,4.0,1032,1028.0,-4.0,0,0,,0.0,0.0,0.0,0.0,0.0,2015-02-14,0,0,0.0,0,0.0,0.0,0.0,0.0,0.0
2015,3,17,2,AA,2470,N3KHAA,DFW,BOS,800,758.0,-2.0,15.0,813.0,201.0,197.0,176.0,1562,1209.0,6.0,1221,1215.0,-6.0,0,0,,0.0,0.0,0.0,0.0,0.0,2015-03-17,0,0,0.0,0,0.0,0.0,0.0,0.0,0.0
2015,3,15,7,AA,1319,N3JTAA,SFO,DFW,1720,1715.0,-5.0,11.0,1726.0,196.0,205.0,188.0,1464,2234.0,6.0,2236,2240.0,4.0,0,0,,0.0,0.0,0.0,0.0,0.0,2015-03-15,0,0,0.0,0,0.0,0.0,0.0,0.0,0.0
2015,3,6,5,MQ,3449,N908MQ,DFW,DRO,1000,1008.0,8.0,14.0,1022.0,126.0,130.0,113.0,674,1115.0,3.0,1106,1118.0,12.0,0,0,,0.0,0.0,0.0,0.0,0.0,2015-03-06,0,0,0.0,0,0.0,0.0,0.0,0.0,0.0
2015,3,4,3,WN,293,N705SW,PHX,SJC,825,820.0,-5.0,6.0,826.0,120.0,104.0,89.0,621,855.0,9.0,925,904.0,-21.0,0,0,,0.0,0.0,0.0,0.0,0.0,2015-03-04,0,0,0.0,0,0.0,0.0,0.0,0.0,0.0
2015,3,2,1,DL,2325,N905DE,ATL,BWI,1100,1129.0,29.0,19.0,1148.0,110.0,103.0,78.0,577,1306.0,6.0,1250,1312.0,22.0,0,0,,0.0,0.0,22.0,0.0,0.0,2015-03-02,1,1,22.0,1,0.0,0.0,100.0,0.0,0.0
2015,3,9,1,WN,1205,N959WN,ONT,PHX,540,543.0,3.0,15.0,558.0,70.0,70.0,50.0,325,648.0,5.0,650,653.0,3.0,0,0,,0.0,0.0,0.0,0.0,0.0,2015-03-09,0,0,0.0,0,0.0,0.0,0.0,0.0,0.0
2015,2,23,1,US,1871,N561UW,CLT,TPA,1950,1945.0,-5.0,14.0,1959.0,101.0,97.0,79.0,507,2118.0,4.0,2131,2122.0,-9.0,0,0,,0.0,0.0,0.0,0.0,0.0,2015-02-23,0,0,0.0,0,0.0,0.0,0.0,0.0,0.0
2015,3,20,5,OO,5545,N915SW,BIS,DEN,1307,1257.0,-10.0,9.0,1306.0,102.0,91.0,74.0,516,1320.0,8.0,1349,1328.0,-21.0,0,0,,0.0,0.0,0.0,0.0,0.0,2015-03-20,0,0,0.0,0,0.0,0.0,0.0,0.0,0.0
2015,3,24,2,DL,1785,N322NB,DTW,ORD,2150,2146.0,-4.0,16.0,2202.0,76.0,73.0,49.0,235,2151.0,8.0,2206,2159.0,-7.0,0,0,,0.0,0.0,0.0,0.0,0.0,2015-03-24,0,0,0.0,0,0.0,0.0,0.0,0.0,0.0
2015,3,7,6,WN,3819,N290WN,SDF,MDW,1930,1923.0,-7.0,9.0,1932.0,70.0,76.0,52.0,271,1924.0,15.0,1940,1939.0,-1.0,0,0,,0.0,0.0,0.0,0.0,0.0,2015-03-07,0,0,0.0,0,0.0,0.0,0.0,0.0,0.0
2015,3,17,2,EV,4160,N14991,JAX,EWR,600,602.0,2.0,13.0,615.0,143.0,148.0,122.0,820,817.0,13.0,823,830.0,7.0,0,0,,0.0,0.0,0.0,0.0,0.0,2015-03-17,0,0,0.0,0,0.0,0.0,0.0,0.0,0.0
2015,3,22,7,DL,1852,N553NW,ATL,PBI,1215,1219.0,4.0,9.0,1228.0,108.0,101.0,81.0,545,1349.0,11.0,1403,1400.0,-3.0,0,0,,0.0,0.0,0.0,0.0,0.0,2015-03-22,0,0,0.0,0,0.0,0.0,0.0,0.0,0.0
2015,3,16,1,EV,6104,N33182,IAH,ISN,957,947.0,-10.0,21.0,1008.0,224.0,206.0,170.0,1330,1258.0,15.0,1341,1313.0,-28.0,0,0,,0.0,0.0,0.0,0.0,0.0,2015-03-16,0,0,0.0,0,0.0,0.0,0.0,0.0,0.0
2015,2,23,1,OO,5200,N713SK,MMH,SFO,938,1031.0,53.0,7.0,1038.0,69.0,50.0,39.0,193,1117.0,4.0,1047,1121.0,34.0,0,0,,0.0,0.0,0.0,34.0,0.0,2015-02-23,1,1,34.0,1,0.0,0.0,0.0,100.0,0.0
2015,2,20,5,WN,4175,N459WN,PHX,ELP,1820,1816.0,-4.0,9.0,1825.0,65.0,59.0,46.0,347,1911.0,4.0,1925,1915.0,-10.0,0,0,,0.0,0.0,0.0,0.0,0.0,2015-02-20,0,0,0.0,0,0.0,0.0,0.0,0.0,0.0
2015,3,19,4,WN,167,N783SW,PHX,PIT,1105,1119.0,14.0,6.0,1125.0,225.0,205.0,196.0,1814,1741.0,3.0,1750,1744.0,-6.0,0,0,,0.0,0.0,0.0,0.0,0.0,2015-03-19,0,0,0.0,0,0.0,0.0,0.0,0.0,0.0
2015,3,16,1,AA,1116,N513AA,MSP,ORD,1844,1837.0,-7.0,11.0,1848.0,90.0,78.0,52.0,334,1940.0,15.0,2014,1955.0,-19.0,0,0,,0.0,0.0,0.0,0.0,0.0,2015-03-16,0,0,0.0,0,0.0,0.0,0.0,0.0,0.0
2015,3,11,3,WN,2057,N747SA,BNA,DTW,1000,955.0,-5.0,13.0,1008.0,95.0,86.0,64.0,456,1212.0,9.0,1235,1221.0,-14.0,0,0,,0.0,0.0,0.0,0.0,0.0,2015-03-11,0,0,0.0,0,0.0,0.0,0.0,0.0,0.0
2015,2,19,4,US,2012,N947UW,PHL,BOS,615,615.0,0.0,18.0,633.0,76.0,69.0,43.0,280,716.0,8.0,731,724.0,-7.0,0,0,,0.0,0.0,0.0,0.0,0.0,2015-02-19,0,0,0.0,0,0.0,0.0,0.0,0.0,0.0
2015,3,4,3,UA,1467,N32404,IAH,ORD,1254,1327.0,33.0,18.0,1345.0,160.0,134.0,105.0,925,1530.0,11.0,1534,1541.0,7.0,0,0,,0.0,0.0,0.0,0.0,0.0,2015-03-04,1,0,0.0,0,0.0,0.0,0.0,0.0,0.0
2015,2,22,7,B6,1033,N317JB,MCO,SJU,744,741.0,-3.0,17.0,758.0,165.0,158.0,138.0,1189,1116.0,3.0,1129,1119.0,-10.0,0,0,,0.0,0.0,0.0,0.0,0.0,2015-02-22,0,0,0.0,0,0.0,0.0,0.0,0.0,0.0
2015,3,25,3,DL,2693,N926AT,BOS,LGA,2000,1952.0,-8.0,55.0,2047.0,79.0,108.0,46.0,184,2133.0,7.0,2119,2140.0,21.0,0,0,,21.0,0.0,0.0,0.0,0.0,2015-03-25,0,1,21.0,1,100.0,0.0,0.0,0.0,0.0
2015,3,3,2,UA,340,N514UA,IAD,SFO,1729,1726.0,-3.0,20.0,1746.0,369.0,366.0,341.0,2419,2027.0,5.0,2038,2032.0,-6.0,0,0,,0.0,0.0,0.0,0.0,0.0,2015-03-03,0,0,0.0,0,0.0,0.0,0.0,0.0,0.0
2015,3,9,1,WN,664,N460WN,AUS,TPA,1430,1436.0,6.0,9.0,1445.0,130.0,125.0,112.0,928,1737.0,4.0,1740,1741.0,1.0,0,0,,0.0,0.0,0.0,0.0,0.0,2015-03-09,0,0,0.0,0,0.0,0.0,0.0,0.0,0.0
2015,3,24,2,EV,5681,N41104,LCH,IAH,1004,954.0,-10.0,8.0,1002.0,51.0,44.0,26.0,127,1028.0,10.0,1055,1038.0,-17.0,0,0,,0.0,0.0,0.0,0.0,0.0,2015-03-24,0,0,0.0,0,0.0,0.0,0.0,0.0,0.0
2015,2,14,6,DL,1915,N818DA,ATL,PHX,2145,2143.0,-2.0,13.0,2156.0,260.0,234.0,219.0,1587,2335.0,2.0,5,2337.0,-28.0,0,0,,0.0,0.0,0.0,0.0,0.0,2015-02-14,0,0,0.0,0,0.0,0.0,0.0,0.0,0.0
2015,3,8,7,US,454,N544UW,PHX,SLC,2015,2005.0,-10.0,22.0,2027.0,100.0,108.0,78.0,507,2245.0,8.0,2255,2253.0,-2.0,0,0,,0.0,0.0,0.0,0.0,0.0,2015-03-08,0,0,0.0,0,0.0,0.0,0.0,0.0,0.0
2015,3,20,5,WN,2438,N490WN,ATL,HOU,2050,2050.0,0.0,18.0,2108.0,145.0,135.0,109.0,696,2157.0,8.0,2215,2205.0,-10.0,0,0,,0.0,0.0,0.0,0.0,0.0,2015-03-20,0,0,0.0,0,0.0,0.0,0.0,0.0,0.0
2015,2,22,7,US,1766,N717UW,IAH,CLT,1015,1016.0,1.0,13.0,1029.0,140.0,132.0,112.0,912,1321.0,7.0,1335,1328.0,-7.0,0,0,,0.0,0.0,0.0,0.0,0.0,2015-02-22,0,0,0.0,0,0.0,0.0,0.0,0.0,0.0
2015,2,16,1,OO,2607,N864AS,LAX,SMF,735,728.0,-7.0,15.0,743.0,84.0,81.0,62.0,373,845.0,4.0,859,849.0,-10.0,0,0,,0.0,0.0,0.0,0.0,0.0,2015-02-16,0,0,0.0,0,0.0,0.0,0.0,0.0,0.0
2015,3,15,7,AS,224,N706AS,PDX,SAN,645,643.0,-2.0,13.0,656.0,145.0,144.0,127.0,933,903.0,4.0,910,907.0,-3.0,0,0,,0.0,0.0,0.0,0.0,0.0,2015-03-15,0,0,0.0,0,0.0,0.0,0.0,0.0,0.0
2015,2,23,1,AS,324,N767AS,SEA,SJC,1210,1203.0,-7.0,20.0,1223.0,125.0,122.0,98.0,697,1401.0,4.0,1415,1405.0,-10.0,0,0,,0.0,0.0,0.0,0.0,0.0,2015-02-23,0,0,0.0,0,0.0,0.0,0.0,0.0,0.0
2015,2,16,1,OO,5485,N919SW,COS,DEN,930,1020.0,50.0,25.0,1045.0,60.0,50.0,19.0,73,1104.0,6.0,1030,1110.0,40.0,0,0,,40.0,0.0,0.0,0.0,0.0,2015-02-16,1,1,40.0,1,100.0,0.0,0.0,0.0,0.0
2015,3,12,4,EV,3816,N25134,ORD,COS,932,933.0,1.0,13.0,946.0,166.0,145.0,127.0,911,1053.0,5.0,1118,1058.0,-20.0,0,0,,0.0,0.0,0.0,0.0,0.0,2015-03-12,0,0,0.0,0,0.0,0.0,0.0,0.0,0.0
2015,3,19,4,DL,1246,N923DL,MSN,DTW,900,854.0,-6.0,10.0,904.0,77.0,72.0,52.0,311,1056.0,10.0,1117,1106.0,-11.0,0,0,,0.0,0.0,0.0,0.0,0.0,2015-03-19,0,0,0.0,0,0.0,0.0,0.0,0.0,0.0
2015,3,2,1,MQ,3069,N623MQ,CVG,ORD,739,735.0,-4.0,17.0,752.0,86.0,80.0,56.0,265,748.0,7.0,805,755.0,-10.0,0,0,,0.0,0.0,0.0,0.0,0.0,2015-03-02,0,0,0.0,0,0.0,0.0,0.0,0.0,0.0
2015,3,12,4,AS,589,N644AS,PSP,SEA,1545,1536.0,-9.0,9.0,1545.0,164.0,178.0,164.0,987,1829.0,5.0,1829,1834.0,5.0,0,0,,0.0,0.0,0.0,0.0,0.0,2015-03-12,0,0,0.0,0,0.0,0.0,0.0,0.0,0.0
2015,3,5,4,WN,4295,N452WN,MSY,DCA,1935,2022.0,47.0,11.0,2033.0,140.0,,,969,44.0,7.0,2255,51.0,0.0,1,0,,0.0,0.0,0.0,0.0,0.0,2015-03-05,1,0,0.0,0,0.0,0.0,0.0,0.0,0.0
2015,2,18,3,WN,195,N200WN,LAX,SMF,555,553.0,-2.0,19.0,612.0,90.0,87.0,64.0,373,716.0,4.0,725,720.0,-5.0,0,0,,0.0,0.0,0.0,0.0,0.0,2015-02-18,0,0,0.0,0,0.0,0.0,0.0,0.0,0.0
2015,2,14,6,EV,6123,N22909,ORD,SYR,1310,1311.0,1.0,22.0,1333.0,108.0,115.0,85.0,607,1558.0,8.0,1558,1606.0,8.0,0,0,,0.0,0.0,0.0,0.0,0.0,2015-02-14,0,0,0.0,0,0.0,0.0,0.0,0.0,0.0
2015,2,28,6,WN,4088,N489WN,MHT,TPA,650,650.0,0.0,13.0,703.0,215.0,210.0,193.0,1204,1016.0,4.0,1025,1020.0,-5.0,0,0,,0.0,0.0,0.0,0.0,0.0,2015-02-28,0,0,0.0,0,0.0,0.0,0.0,0.0,0.0
2015,3,24,2,UA,452,N840UA,SFO,SEA,1442,1438.0,-4.0,18.0,1456.0,132.0,125.0,102.0,679,1638.0,5.0,1654,1643.0,-11.0,0,0,,0.0,0.0,0.0,0.0,0.0,2015-03-24,0,0,0.0,0,0.0,0.0,0.0,0.0,0.0
2015,2,20,5,B6,161,N552JB,JFK,SMF,1931,1934.0,3.0,36.0,2010.0,388.0,390.0,348.0,2521,2258.0,6.0,2259,2304.0,5.0,0,0,,0.0,0.0,0.0,0.0,0.0,2015-02-20,0,0,0.0,0,0.0,0.0,0.0,0.0,0.0
2015,3,24,2,WN,1945,N246LV,MDW,LGA,750,752.0,2.0,18.0,810.0,120.0,124.0,96.0,725,1046.0,10.0,1050,1056.0,6.0,0,0,,0.0,0.0,0.0,0.0,0.0,2015-03-24,0,0,0.0,0,0.0,0.0,0.0,0.0,0.0
2015,3,13,5,DL,821,N832DN,LAX,MSP,1110,1118.0,8.0,19.0,1137.0,215.0,214.0,187.0,1535,1644.0,8.0,1645,1652.0,7.0,0,0,,0.0,0.0,0.0,0.0,0.0,2015-03-13,0,0,0.0,0,0.0,0.0,0.0,0.0,0.0
2015,2,17,2,WN,4274,N210WN,ATL,SJU,1035,1034.0,-1.0,10.0,1044.0,210.0,196.0,180.0,1547,1444.0,6.0,1505,1450.0,-15.0,0,0,,0.0,0.0,0.0,0.0,0.0,2015-02-17,0,0,0.0,0,0.0,0.0,0.0,0.0,0.0
2015,3,15,7,UA,695,N839UA,LGA,ORD,2000,2224.0,144.0,18.0,2242.0,163.0,136.0,114.0,733,2336.0,4.0,2143,2340.0,117.0,0,0,,3.0,0.0,0.0,114.0,0.0,2015-03-15,1,1,117.0,1,2.56,0.0,0.0,97.44,0.0
2015,2,15,7,MQ,3187,N657MQ,SGF,DFW,850,848.0,-2.0,21.0,909.0,95.0,92.0,62.0,364,1011.0,9.0,1025,1020.0,-5.0,0,0,,0.0,0.0,0.0,0.0,0.0,2015-02-15,0,0,0.0,0,0.0,0.0,0.0,0.0,0.0
2015,2,26,4,UA,273,N492UA,SFO,SEA,1845,1842.0,-3.0,18.0,1900.0,128.0,130.0,104.0,679,2044.0,8.0,2053,2052.0,-1.0,0,0,,0.0,0.0,0.0,0.0,0.0,2015-02-26,0,0,0.0,0,0.0,0.0,0.0,0.0,0.0
2015,3,13,5,AA,2307,N560AA,OMA,DFW,602,547.0,-15.0,13.0,600.0,123.0,113.0,91.0,583,731.0,9.0,805,740.0,-25.0,0,0,,0.0,0.0,0.0,0.0,0.0,2015-03-13,0,0,0.0,0,0.0,0.0,0.0,0.0,0.0
2015,3,25,3,B6,715,N307JB,DCA,JAX,1542,1541.0,-1.0,19.0,1600.0,123.0,117.0,94.0,634,1734.0,4.0,1745,1738.0,-7.0,0,0,,0.0,0.0,0.0,0.0,0.0,2015-03-25,0,0,0.0,0,0.0,0.0,0.0,0.0,0.0
2015,2,28,6,OO,4783,N913EV,SLC,HLN,2005,2002.0,-3.0,20.0,2022.0,92.0,84.0,61.0,402,2123.0,3.0,2137,2126.0,-11.0,0,0,,0.0,0.0,0.0,0.0,0.0,2015-02-28,0,0,0.0,0,0.0,0.0,0.0,0.0,0.0
2015,3,20,5,AA,2495,N520AA,DFW,RNO,1005,1007.0,2.0,27.0,1034.0,218.0,206.0,178.0,1345,1132.0,1.0,1143,1133.0,-10.0,0,0,,0.0,0.0,0.0,0.0,0.0,2015-03-20,0,0,0.0,0,0.0,0.0,0.0,0.0,0.0
2015,3,17,2,OO,6450,N912SW,LAX,RNO,838,930.0,52.0,22.0,952.0,94.0,80.0,54.0,391,1046.0,4.0,1012,1050.0,38.0,0,0,,0.0,0.0,31.0,7.0,0.0,2015-03-17,1,1,38.0,1,0.0,0.0,81.58,18.42,0.0
2015,3,18,3,DL,2428,N938AT,TUL,ATL,1525,1521.0,-4.0,11.0,1532.0,115.0,104.0,87.0,674,1759.0,6.0,1820,1805.0,-15.0,0,0,,0.0,0.0,0.0,0.0,0.0,2015-03-18,0,0,0.0,0,0.0,0.0,0.0,0.0,0.0
2015,2,25,3,B6,1126,N329JB,FLL,RDU,1421,1541.0,80.0,17.0,1558.0,123.0,124.0,102.0,680,1740.0,5.0,1624,1745.0,81.0,0,0,,1.0,0.0,10.0,70.0,0.0,2015-02-25,1,1,81.0,1,1.23,0.0,12.35,86.42,0.0
2015,3,17,2,DL,1226,N654DL,TPA,DTW,1755,1751.0,-4.0,12.0,1803.0,159.0,160.0,137.0,983,2020.0,11.0,2034,2031.0,-3.0,0,0,,0.0,0.0,0.0,0.0,0.0,2015-03-17,0,0,0.0,0,0.0,0.0,0.0,0.0,0.0
2015,3,16,1,EV,4998,N755EV,CHO,LGA,642,637.0,-5.0,8.0,645.0,77.0,71.0,55.0,305,740.0,8.0,759,748.0,-11.0,0,0,,0.0,0.0,0.0,0.0,0.0,2015-03-16,0,0,0.0,0,0.0,0.0,0.0,0.0,0.0
2015,3,22,7,US,1770,N653AW,BWI,PHX,650,647.0,-3.0,15.0,702.0,323.0,302.0,267.0,1999,829.0,20.0,913,849.0,-24.0,0,0,,0.0,0.0,0.0,0.0,0.0,2015-03-22,0,0,0.0,0,0.0,0.0,0.0,0.0,0.0
2015,3,7,6,EV,5972,N13914,TYS,ORD,1315,1310.0,-5.0,11.0,1321.0,109.0,110.0,86.0,475,1347.0,13.0,1404,1400.0,-4.0,0,0,,0.0,0.0,0.0,0.0,0.0,2015-03-07,0,0,0.0,0,0.0,0.0,0.0,0.0,0.0
2015,3,20,5,EV,4593,N14923,HRL,IAH,1055,1047.0,-8.0,8.0,1055.0,74.0,71.0,57.0,295,1152.0,6.0,1209,1158.0,-11.0,0,0,,0.0,0.0,0.0,0.0,0.0,2015-03-20,0,0,0.0,0,0.0,0.0,0.0,0.0,0.0
2015,3,18,3,OO,6326,N124SY,BOI,SFO,1425,1428.0,3.0,10.0,1438.0,110.0,96.0,82.0,522,1500.0,4.0,1515,1504.0,-11.0,0,0,,0.0,0.0,0.0,0.0,0.0,2015-03-18,0,0,0.0,0,0.0,0.0,0.0,0.0,0.0
2015,3,17,2,WN,506,N291WN,MSY,DEN,905,904.0,-1.0,10.0,914.0,180.0,160.0,145.0,1062,1039.0,5.0,1105,1044.0,-21.0,0,0,,0.0,0.0,0.0,0.0,0.0,2015-03-17,0,0,0.0,0,0.0,0.0,0.0,0.0,0.0
2015,3,7,6,EV,5984,N17169,IAD,ORD,820,830.0,10.0,25.0,855.0,129.0,139.0,101.0,589,936.0,13.0,929,949.0,20.0,0,0,,10.0,0.0,10.0,0.0,0.0,2015-03-07,0,1,20.0,1,50.0,0.0,50.0,0.0,0.0
2015,2,23,1,WN,1945,N706SW,BNA,LAX,1205,1204.0,-1.0,10.0,1214.0,285.0,286.0,269.0,1797,1443.0,7.0,1450,1450.0,0.0,0,0,,0.0,0.0,0.0,0.0,0.0,2015-02-23,0,0,0.0,0,0.0,0.0,0.0,0.0,0.0
2015,2,17,2,DL,129,N812DN,SLC,SEA,1100,1059.0,-1.0,16.0,1115.0,129.0,122.0,99.0,689,1154.0,7.0,1209,1201.0,-8.0,0,0,,0.0,0.0,0.0,0.0,0.0,2015-02-17,0,0,0.0,0,0.0,0.0,0.0,0.0,0.0
2015,3,10,2,UA,419,N440UA,SEA,IAD,1331,1402.0,31.0,14.0,1416.0,294.0,272.0,254.0,2306,2130.0,4.0,2125,2134.0,9.0,0,0,,0.0,0.0,0.0,0.0,0.0,2015-03-10,1,0,0.0,0,0.0,0.0,0.0,0.0,0.0
2015,3,25,3,WN,4296,N255WN,MSY,BWI,600,556.0,-4.0,11.0,607.0,150.0,137.0,120.0,998,907.0,6.0,930,913.0,-17.0,0,0,,0.0,0.0,0.0,0.0,0.0,2015-03-25,0,0,0.0,0,0.0,0.0,0.0,0.0,0.0
2015,3,17,2,MQ,3344,N678MQ,ORD,FWA,2135,2129.0,-6.0,15.0,2144.0,48.0,46.0,28.0,157,2312.0,3.0,2323,2315.0,-8.0,0,0,,0.0,0.0,0.0,0.0,0.0,2015-03-17,0,0,0.0,0,0.0,0.0,0.0,0.0,0.0
2015,2,18,3,DL,588,N814DN,SEA,MSP,905,902.0,-3.0,14.0,916.0,189.0,180.0,161.0,1399,1357.0,5.0,1414,1402.0,-12.0,0,0,,0.0,0.0,0.0,0.0,0.0,2015-02-18,0,0,0.0,0,0.0,0.0,0.0,0.0,0.0
2015,2,23,1,DL,326,N3751B,SJU,JFK,805,809.0,4.0,22.0,831.0,236.0,242.0,211.0,1598,1102.0,9.0,1101,1111.0,10.0,0,0,,0.0,0.0,0.0,0.0,0.0,2015-02-23,0,0,0.0,0,0.0,0.0,0.0,0.0,0.0
2015,3,8,7,OO,5340,N983CA,ORD,SPI,1531,1525.0,-6.0,16.0,1541.0,62.0,54.0,34.0,174,1615.0,4.0,1633,1619.0,-14.0,0,0,,0.0,0.0,0.0,0.0,0.0,2015-03-08,0,0,0.0,0,0.0,0.0,0.0,0.0,0.0
2015,2,23,1,MQ,3176,N513MQ,CID,DFW,1704,1659.0,-5.0,15.0,1714.0,131.0,138.0,109.0,685,1903.0,14.0,1915,1917.0,2.0,0,0,,0.0,0.0,0.0,0.0,0.0,2015-02-23,0,0,0.0,0,0.0,0.0,0.0,0.0,0.0
2015,3,10,2,UA,776,N482UA,ORD,IND,1918,1919.0,1.0,19.0,1938.0,66.0,57.0,33.0,177,2111.0,5.0,2124,2116.0,-8.0,0,0,,0.0,0.0,0.0,0.0,0.0,2015-03-10,0,0,0.0,0,0.0,0.0,0.0,0.0,0.0
2015,2,25,3,WN,3389,N937WN,BWI,MHT,1450,1535.0,45.0,13.0,1548.0,75.0,75.0,58.0,377,1646.0,4.0,1605,1650.0,45.0,0,0,,0.0,0.0,45.0,0.0,0.0,2015-02-25,1,1,45.0,1,0.0,0.0,100.0,0.0,0.0
2015,2,26,4,WN,3050,N8327A,AUS,LAS,1455,1456.0,1.0,13.0,1509.0,185.0,186.0,167.0,1090,1556.0,6.0,1600,1602.0,2.0,0,0,,0.0,0.0,0.0,0.0,0.0,2015-02-26,0,0,0.0,0,0.0,0.0,0.0,0.0,0.0
2015,3,25,3,F9,607,N943FR,ATL,IND,1625,1619.0,-6.0,18.0,1637.0,90.0,89.0,66.0,432,1743.0,5.0,1755,1748.0,-7.0,0,0,,0.0,0.0,0.0,0.0,0.0,2015-03-25,0,0,0.0,0,0.0,0.0,0.0,0.0,0.0
2015,2,28,6,OO,4517,N812SK,LAX,PHX,1540,1547.0,7.0,16.0,1603.0,83.0,75.0,55.0,370,1758.0,4.0,1803,1802.0,-1.0,0,0,,0.0,0.0,0.0,0.0,0.0,2015-02-28,0,0,0.0,0,0.0,0.0,0.0,0.0,0.0
2015,2,28,6,EV,5233,N718EV,DTW,CMH,845,841.0,-4.0,35.0,916.0,66.0,68.0,28.0,155,944.0,5.0,951,949.0,-2.0,0,0,,0.0,0.0,0.0,0.0,0.0,2015-02-28,0,0,0.0,0,0.0,0.0,0.0,0.0,0.0
2015,2,20,5,AS,482,N792AS,SEA,LAX,750,1115.0,205.0,22.0,1137.0,159.0,151.0,117.0,954,1334.0,12.0,1029,1346.0,197.0,0,0,,0.0,0.0,197.0,0.0,0.0,2015-02-20,1,1,197.0,1,0.0,0.0,100.0,0.0,0.0
2015,3,23,1,AS,454,N794AS,SEA,LAX,600,558.0,-2.0,10.0,608.0,164.0,151.0,127.0,954,815.0,14.0,844,829.0,-15.0,0,0,,0.0,0.0,0.0,0.0,0.0,2015-03-23,0,0,0.0,0,0.0,0.0,0.0,0.0,0.0
2015,3,9,1,WN,4777,N623SW,BOS,ATL,1645,1656.0,11.0,23.0,1719.0,180.0,195.0,158.0,946,1957.0,14.0,1945,2011.0,26.0,0,0,,15.0,0.0,5.0,6.0,0.0,2015-03-09,0,1,26.0,1,57.69,0.0,19.23,23.08,0.0
2015,3,22,7,WN,55,N523SW,HOU,HRL,2150,2215.0,25.0,10.0,2225.0,60.0,55.0,42.0,277,2307.0,3.0,2250,2310.0,20.0,0,0,,0.0,0.0,20.0,0.0,0.0,2015-03-22,1,1,20.0,1,0.0,0.0,100.0,0.0,0.0
2015,2,24,2,US,2037,N814AW,PHL,ATL,1820,1843.0,23.0,26.0,1909.0,149.0,136.0,100.0,666,2049.0,10.0,2049,2059.0,10.0,0,0,,0.0,0.0,0.0,0.0,0.0,2015-02-24,1,0,0.0,0,0.0,0.0,0.0,0.0,0.0
2015,2,16,1,WN,2416,N790SW,DCA,HOU,1205,1203.0,-2.0,21.0,1224.0,225.0,230.0,205.0,1218,1449.0,4.0,1450,1453.0,3.0,0,0,,0.0,0.0,0.0,0.0,0.0,2015-02-16,0,0,0.0,0,0.0,0.0,0.0,0.0,0.0
2015,2,17,2,DL,2399,N907DE,ATL,RIC,1205,1258.0,53.0,24.0,1322.0,89.0,89.0,58.0,481,1420.0,7.0,1334,1427.0,53.0,0,0,,0.0,0.0,53.0,0.0,0.0,2015-02-17,1,1,53.0,1,0.0,0.0,100.0,0.0,0.0
2015,3,10,2,UA,1609,N68802,MCO,ORD,1209,1208.0,-1.0,17.0,1225.0,182.0,160.0,137.0,1005,1342.0,6.0,1411,1348.0,-23.0,0,0,,0.0,0.0,0.0,0.0,0.0,2015-03-10,0,0,0.0,0,0.0,0.0,0.0,0.0,0.0
2015,2,24,2,WN,4219,N466WN,CAK,BOS,1400,1411.0,11.0,9.0,1420.0,95.0,109.0,72.0,549,1532.0,28.0,1535,1600.0,25.0,0,0,,14.0,0.0,1.0,10.0,0.0,2015-02-24,0,1,25.0,1,56.0,0.0,4.0,40.0,0.0
2015,2,28,6,NK,484,N615NK,DFW,PHL,1555,1801.0,126.0,49.0,1850.0,184.0,201.0,148.0,1303,2218.0,4.0,1959,2222.0,143.0,0,0,,17.0,0.0,0.0,0.0,126.0,2015-02-28,1,1,143.0,1,11.89,0.0,0.0,0.0,88.11
2015,3,8,7,AA,3,N797AA,JFK,LAX,1230,1227.0,-3.0,20.0,1247.0,390.0,375.0,352.0,2475,1539.0,3.0,1600,1542.0,-18.0,0,0,,0.0,0.0,0.0,0.0,0.0,2015-03-08,0,0,0.0,0,0.0,0.0,0.0,0.0,0.0
2015,3,6,5,UA,452,N824UA,SFO,SEA,1442,1435.0,-7.0,16.0,1451.0,132.0,119.0,93.0,679,1624.0,10.0,1654,1634.0,-20.0,0,0,,0.0,0.0,0.0,0.0,0.0,2015-03-06,0,0,0.0,0,0.0,0.0,0.0,0.0,0.0
2015,3,11,3,F9,251,N919FR,IAH,DEN,1911,1920.0,9.0,20.0,1940.0,151.0,139.0,113.0,862,2033.0,6.0,2042,2039.0,-3.0,0,0,,0.0,0.0,0.0,0.0,0.0,2015-03-11,0,0,0.0,0,0.0,0.0,0.0,0.0,0.0
2015,2,24,2,DL,2431,N346NB,ECP,ATL,1720,1909.0,109.0,10.0,1919.0,78.0,64.0,44.0,240,2103.0,10.0,1938,2113.0,95.0,0,0,,0.0,0.0,0.0,95.0,0.0,2015-02-24,1,1,95.0,1,0.0,0.0,0.0,100.0,0.0
2015,2,27,5,UA,1462,N37273,EWR,LAS,1924,1925.0,1.0,17.0,1942.0,350.0,341.0,317.0,2227,2159.0,7.0,2214,2206.0,-8.0,0,0,,0.0,0.0,0.0,0.0,0.0,2015-02-27,0,0,0.0,0,0.0,0.0,0.0,0.0,0.0
2015,3,12,4,DL,661,N552NW,ATL,CLT,2100,2106.0,6.0,19.0,2125.0,74.0,57.0,35.0,226,2200.0,3.0,2214,2203.0,-11.0,0,0,,0.0,0.0,0.0,0.0,0.0,2015-03-12,0,0,0.0,0,0.0,0.0,0.0,0.0,0.0
2015,3,3,2,OO,6319,N764SK,LAX,SAT,1833,1827.0,-6.0,19.0,1846.0,165.0,162.0,139.0,1211,2305.0,4.0,2318,2309.0,-9.0,0,0,,0.0,0.0,0.0,0.0,0.0,2015-03-03,0,0,0.0,0,0.0,0.0,0.0,0.0,0.0
2015,2,15,7,AA,1593,N490AA,DFW,CLT,1455,1448.0,-7.0,14.0,1502.0,140.0,142.0,110.0,936,1752.0,18.0,1815,1810.0,-5.0,0,0,,0.0,0.0,0.0,0.0,0.0,2015-02-15,0,0,0.0,0,0.0,0.0,0.0,0.0,0.0
2015,3,17,2,AA,2328,N403AA,DFW,ORD,643,637.0,-6.0,16.0,653.0,137.0,135.0,108.0,802,841.0,11.0,900,852.0,-8.0,0,0,,0.0,0.0,0.0,0.0,0.0,2015-03-17,0,0,0.0,0,0.0,0.0,0.0,0.0,0.0
2015,3,24,2,AA,1088,N550AA,LAS,DFW,600,553.0,-7.0,14.0,607.0,160.0,161.0,134.0,1055,1021.0,13.0,1040,1034.0,-6.0,0,0,,0.0,0.0,0.0,0.0,0.0,2015-03-24,0,0,0.0,0,0.0,0.0,0.0,0.0,0.0
2015,3,23,1,F9,407,N905FR,DEN,LAX,1805,1821.0,16.0,9.0,1830.0,145.0,148.0,128.0,862,1938.0,11.0,1930,1949.0,19.0,0,0,,3.0,0.0,16.0,0.0,0.0,2015-03-23,1,1,19.0,1,15.79,0.0,84.21,0.0,0.0
2015,2,28,6,EV,3947,N14974,ORD,LAN,1310,1308.0,-2.0,21.0,1329.0,58.0,66.0,39.0,179,1508.0,6.0,1508,1514.0,6.0,0,0,,0.0,0.0,0.0,0.0,0.0,2015-02-28,0,0,0.0,0,0.0,0.0,0.0,0.0,0.0
2015,3,4,3,OO,5502,N932EV,ORD,MLI,1450,1447.0,-3.0,10.0,1457.0,55.0,46.0,33.0,139,1530.0,3.0,1545,1533.0,-12.0,0,0,,0.0,0.0,0.0,0.0,0.0,2015-03-04,0,0,0.0,0,0.0,0.0,0.0,0.0,0.0
2015,2,22,7,OO,3445,N218AG,ONT,SEA,1110,1037.0,-33.0,15.0,1052.0,165.0,158.0,139.0,956,1311.0,4.0,1355,1315.0,-40.0,0,0,,0.0,0.0,0.0,0.0,0.0,2015-02-22,0,0,0.0,0,0.0,0.0,0.0,0.0,0.0
2015,2,27,5,NK,219,N524NK,ORD,ATL,1105,1115.0,10.0,18.0,1133.0,109.0,115.0,86.0,606,1359.0,11.0,1354,1410.0,16.0,0,0,,6.0,0.0,10.0,0.0,0.0,2015-02-27,0,1,16.0,1,37.5,0.0,62.5,0.0,0.0
2015,2,27,5,EV,5013,N228PQ,CHA,ATL,1714,1714.0,0.0,24.0,1738.0,63.0,57.0,29.0,106,1807.0,4.0,1817,1811.0,-6.0,0,0,,0.0,0.0,0.0,0.0,0.0,2015-02-27,0,0,0.0,0,0.0,0.0,0.0,0.0,0.0
2015,2,13,5,US,432,N207UW,PHX,OGG,1140,1134.0,-6.0,26.0,1200.0,403.0,393.0,365.0,2845,1505.0,2.0,1523,1507.0,-16.0,0,0,,0.0,0.0,0.0,0.0,0.0,2015-02-13,0,0,0.0,0,0.0,0.0,0.0,0.0,0.0
2015,3,5,4,DL,1177,N915DN,RDU,ATL,1215,1223.0,8.0,12.0,1235.0,91.0,83.0,65.0,356,1340.0,6.0,1346,1346.0,0.0,0,0,,0.0,0.0,0.0,0.0,0.0,2015-03-05,0,0,0.0,0,0.0,0.0,0.0,0.0,0.0
2015,3,5,4,DL,2120,N344NB,MDW,ATL,951,1003.0,12.0,9.0,1012.0,108.0,107.0,94.0,591,1246.0,4.0,1239,1250.0,11.0,0,0,,0.0,0.0,0.0,0.0,0.0,2015-03-05,0,0,0.0,0,0.0,0.0,0.0,0.0,0.0
2015,2,21,6,AA,2208,N4XBAA,DFW,CLE,1420,1417.0,-3.0,14.0,1431.0,156.0,149.0,128.0,1021,1739.0,7.0,1756,1746.0,-10.0,0,0,,0.0,0.0,0.0,0.0,0.0,2015-02-21,0,0,0.0,0,0.0,0.0,0.0,0.0,0.0
2015,3,25,3,WN,111,N629SW,BNA,RSW,900,1022.0,82.0,10.0,1032.0,115.0,114.0,96.0,722,1308.0,8.0,1155,1316.0,81.0,0,0,,0.0,0.0,81.0,0.0,0.0,2015-03-25,1,1,81.0,1,0.0,0.0,100.0,0.0,0.0
2015,3,16,1,HA,466,N580HA,PPG,HNL,2320,417.0,297.0,11.0,428.0,320.0,309.0,292.0,2599,1020.0,6.0,540,1026.0,286.0,0,0,,0.0,0.0,0.0,286.0,0.0,2015-03-16,1,1,286.0,1,0.0,0.0,0.0,100.0,0.0
2015,3,5,4,VX,416,N837VA,LAX,JFK,1600,1737.0,97.0,8.0,1745.0,299.0,320.0,292.0,2475,137.0,20.0,2359,157.0,118.0,0,0,,97.0,0.0,21.0,0.0,0.0,2015-03-05,1,1,118.0,1,82.2,0.0,17.8,0.0,0.0
2015,3,17,2,EV,4524,N11539,LFT,IAH,715,710.0,-5.0,11.0,721.0,65.0,60.0,42.0,201,803.0,7.0,820,810.0,-10.0,0,0,,0.0,0.0,0.0,0.0,0.0,2015-03-17,0,0,0.0,0,0.0,0.0,0.0,0.0,0.0
2015,3,7,6,B6,1567,N593JB,HPN,PBI,835,831.0,-4.0,23.0,854.0,173.0,198.0,173.0,1056,1147.0,2.0,1128,1149.0,21.0,0,0,,21.0,0.0,0.0,0.0,0.0,2015-03-07,0,1,21.0,1,100.0,0.0,0.0,0.0,0.0
2015,2,22,7,US,683,N649AW,PHX,EWR,1635,1630.0,-5.0,15.0,1645.0,269.0,253.0,224.0,2133,2229.0,14.0,2304,2243.0,-21.0,0,0,,0.0,0.0,0.0,0.0,0.0,2015-02-22,0,0,0.0,0,0.0,0.0,0.0,0.0,0.0
2015,2,19,4,OO,5654,N568SW,SFO,ACV,840,913.0,33.0,18.0,931.0,85.0,75.0,54.0,250,1025.0,3.0,1005,1028.0,23.0,0,0,,0.0,0.0,23.0,0.0,0.0,2015-02-19,1,1,23.0,1,0.0,0.0,100.0,0.0,0.0
2015,2,14,6,WN,4053,N904WN,DAL,MDW,1025,1023.0,-2.0,7.0,1030.0,130.0,134.0,122.0,793,1232.0,5.0,1235,1237.0,2.0,0,0,,0.0,0.0,0.0,0.0,0.0,2015-02-14,0,0,0.0,0,0.0,0.0,0.0,0.0,0.0
2015,3,11,3,UA,1110,N37413,EWR,LAS,1000,1050.0,50.0,22.0,1112.0,345.0,313.0,285.0,2227,1257.0,6.0,1245,1303.0,18.0,0,0,,0.0,0.0,6.0,12.0,0.0,2015-03-11,1,1,18.0,1,0.0,0.0,33.33,66.67,0.0
2015,3,6,5,DL,2407,N965DL,JFK,MCO,1610,1613.0,3.0,19.0,1632.0,187.0,180.0,150.0,944,1902.0,11.0,1917,1913.0,-4.0,0,0,,0.0,0.0,0.0,0.0,0.0,2015-03-06,0,0,0.0,0,0.0,0.0,0.0,0.0,0.0
2015,3,5,4,WN,312,N367SW,SMF,LAX,1705,1727.0,22.0,12.0,1739.0,75.0,79.0,62.0,373,1841.0,5.0,1820,1846.0,26.0,0,0,,4.0,0.0,7.0,15.0,0.0,2015-03-05,1,1,26.0,1,15.38,0.0,26.92,57.69,0.0
2015,3,8,7,AS,879,N506AS,SEA,LIH,840,835.0,-5.0,26.0,901.0,389.0,409.0,378.0,2701,1219.0,5.0,1209,1224.0,15.0,0,0,,15.0,0.0,0.0,0.0,0.0,2015-03-08,0,0,15.0,0,100.0,0.0,0.0,0.0,0.0
2015,2,21,6,WN,4515,N220WN,BWI,LAS,705,705.0,0.0,15.0,720.0,335.0,330.0,303.0,2106,923.0,12.0,940,935.0,-5.0,0,0,,0.0,0.0,0.0,0.0,0.0,2015-02-21,0,0,0.0,0,0.0,0.0,0.0,0.0,0.0
2015,2,24,2,AA,1644,N3LSAA,ORD,SNA,1345,1407.0,22.0,10.0,1417.0,263.0,248.0,230.0,1726,1607.0,8.0,1608,1615.0,7.0,0,0,,0.0,0.0,0.0,0.0,0.0,2015-02-24,1,0,0.0,0,0.0,0.0,0.0,0.0,0.0
2015,3,11,3,DL,2353,N956AT,CAK,ATL,615,1328.0,433.0,22.0,1350.0,115.0,114.0,84.0,528,1514.0,8.0,810,1522.0,432.0,0,0,,0.0,0.0,0.0,0.0,432.0,2015-03-11,1,1,432.0,1,0.0,0.0,0.0,0.0,100.0
2015,3,18,3,WN,3472,N755SA,BWI,ATL,825,821.0,-4.0,12.0,833.0,120.0,112.0,91.0,577,1004.0,9.0,1025,1013.0,-12.0,0,0,,0.0,0.0,0.0,0.0,0.0,2015-03-18,0,0,0.0,0,0.0,0.0,0.0,0.0,0.0
2015,3,11,3,DL,2511,N324NB,SLC,IAH,1955,1951.0,-4.0,15.0,2006.0,168.0,172.0,151.0,1195,2337.0,6.0,2343,2343.0,0.0,0,0,,0.0,0.0,0.0,0.0,0.0,2015-03-11,0,0,0.0,0,0.0,0.0,0.0,0.0,0.0
2015,3,19,4,DL,1915,N326NB,MSP,BDL,1411,1408.0,-3.0,12.0,1420.0,149.0,132.0,115.0,1050,1715.0,5.0,1740,1720.0,-20.0,0,0,,0.0,0.0,0.0,0.0,0.0,2015-03-19,0,0,0.0,0,0.0,0.0,0.0,0.0,0.0
2015,2,26,4,B6,633,N806JB,BOS,SFO,1620,1623.0,3.0,21.0,1644.0,411.0,389.0,364.0,2704,1948.0,4.0,2011,1952.0,-19.0,0,0,,0.0,0.0,0.0,0.0,0.0,2015-02-26,0,0,0.0,0,0.0,0.0,0.0,0.0,0.0
2015,2,20,5,WN,4834,N623SW,SAN,LAS,1840,1835.0,-5.0,14.0,1849.0,70.0,69.0,46.0,258,1935.0,9.0,1950,1944.0,-6.0,0,0,,0.0,0.0,0.0,0.0,0.0,2015-02-20,0,0,0.0,0,0.0,0.0,0.0,0.0,0.0
2015,3,6,5,EV,5078,N856AS,DTW,MHT,1007,1015.0,8.0,22.0,1037.0,113.0,105.0,77.0,610,1154.0,6.0,1200,1200.0,0.0,0,0,,0.0,0.0,0.0,0.0,0.0,2015-03-06,0,0,0.0,0,0.0,0.0,0.0,0.0,0.0
2015,2,25,3,DL,2091,N923DN,TPA,ATL,1245,1244.0,-1.0,13.0,1257.0,95.0,105.0,73.0,406,1410.0,19.0,1420,1429.0,9.0,0,0,,0.0,0.0,0.0,0.0,0.0,2015-02-25,0,0,0.0,0,0.0,0.0,0.0,0.0,0.0
2015,2,20,5,DL,1727,N385DN,SLC,LAX,715,712.0,-3.0,18.0,730.0,130.0,123.0,87.0,590,757.0,18.0,825,815.0,-10.0,0,0,,0.0,0.0,0.0,0.0,0.0,2015-02-20,0,0,0.0,0,0.0,0.0,0.0,0.0,0.0
2015,2,14,6,OO,4767,N554CA,OAK,LAX,1529,1524.0,-5.0,15.0,1539.0,81.0,80.0,56.0,337,1635.0,9.0,1650,1644.0,-6.0,0,0,,0.0,0.0,0.0,0.0,0.0,2015-02-14,0,0,0.0,0,0.0,0.0,0.0,0.0,0.0
2015,3,25,3,WN,3859,N765SW,ROC,TPA,1255,1255.0,0.0,7.0,1302.0,170.0,158.0,147.0,1079,1529.0,4.0,1545,1533.0,-12.0,0,0,,0.0,0.0,0.0,0.0,0.0,2015-03-25,0,0,0.0,0,0.0,0.0,0.0,0.0,0.0
2015,3,24,2,OO,5478,N920SW,DEN,LAR,2000,1956.0,-4.0,15.0,2011.0,54.0,53.0,32.0,113,2043.0,6.0,2054,2049.0,-5.0,0,0,,0.0,0.0,0.0,0.0,0.0,2015-03-24,0,0,0.0,0,0.0,0.0,0.0,0.0,0.0
2015,3,13,5,OO,5611,N965SW,LAX,SAN,2255,2250.0,-5.0,33.0,2323.0,54.0,60.0,24.0,109,2347.0,3.0,2349,2350.0,1.0,0,0,,0.0,0.0,0.0,0.0,0.0,2015-03-13,0,0,0.0,0,0.0,0.0,0.0,0.0,0.0
2015,3,1,7,AA,1181,N3GKAA,DFW,LAS,1340,1336.0,-4.0,14.0,1350.0,179.0,181.0,160.0,1055,1430.0,7.0,1439,1437.0,-2.0,0,0,,0.0,0.0,0.0,0.0,0.0,2015-03-01,0,0,0.0,0,0.0,0.0,0.0,0.0,0.0
2015,3,6,5,WN,3131,N8603F,BWI,PVD,2005,2018.0,13.0,8.0,2026.0,70.0,61.0,47.0,327,2113.0,6.0,2115,2119.0,4.0,0,0,,0.0,0.0,0.0,0.0,0.0,2015-03-06,0,0,0.0,0,0.0,0.0,0.0,0.0,0.0
2015,2,27,5,AA,916,N3FFAA,MIA,DCA,2110,2232.0,82.0,15.0,2247.0,148.0,129.0,110.0,919,37.0,4.0,2338,41.0,63.0,0,0,,0.0,0.0,63.0,0.0,0.0,2015-02-27,1,1,63.0,1,0.0,0.0,100.0,0.0,0.0
2015,2,28,6,WN,4087,N8314L,SAN,PHX,700,659.0,-1.0,13.0,712.0,80.0,71.0,52.0,304,904.0,6.0,920,910.0,-10.0,0,0,,0.0,0.0,0.0,0.0,0.0,2015-02-28,0,0,0.0,0,0.0,0.0,0.0,0.0,0.0
2015,3,19,4,AA,382,N403AA,OKC,DFW,1523,1516.0,-7.0,14.0,1530.0,62.0,65.0,38.0,175,1608.0,13.0,1625,1621.0,-4.0,0,0,,0.0,0.0,0.0,0.0,0.0,2015-03-19,0,0,0.0,0,0.0,0.0,0.0,0.0,0.0
2015,2,17,2,DL,496,N712TW,JFK,SLC,1150,1429.0,159.0,13.0,1442.0,321.0,293.0,274.0,1990,1716.0,6.0,1511,1722.0,131.0,0,0,,0.0,0.0,0.0,0.0,131.0,2015-02-17,1,1,131.0,1,0.0,0.0,0.0,0.0,100.0
2015,2,13,5,B6,1243,N358JB,DCA,CHS,1757,1757.0,0.0,14.0,1811.0,102.0,96.0,76.0,444,1927.0,6.0,1939,1933.0,-6.0,0,0,,0.0,0.0,0.0,0.0,0.0,2015-02-13,0,0,0.0,0,0.0,0.0,0.0,0.0,0.0
2015,3,19,4,VX,961,N633VA,SAN,SFO,1215,1206.0,-9.0,18.0,1224.0,90.0,103.0,70.0,447,1334.0,15.0,1345,1349.0,4.0,0,0,,0.0,0.0,0.0,0.0,0.0,2015-03-19,0,0,0.0,0,0.0,0.0,0.0,0.0,0.0
2015,3,24,2,OO,2754,N886AS,PHX,FLG,1957,1952.0,-5.0,14.0,2006.0,44.0,41.0,22.0,119,2028.0,5.0,2041,2033.0,-8.0,0,0,,0.0,0.0,0.0,0.0,0.0,2015-03-24,0,0,0.0,0,0.0,0.0,0.0,0.0,0.0
2015,3,20,5,AA,110,N3LPAA,SNA,ORD,807,800.0,-7.0,10.0,810.0,233.0,221.0,204.0,1726,1334.0,7.0,1400,1341.0,-19.0,0,0,,0.0,0.0,0.0,0.0,0.0,2015-03-20,0,0,0.0,0,0.0,0.0,0.0,0.0,0.0
2015,3,25,3,AA,1333,N002AA,DFW,MCI,1535,1538.0,3.0,13.0,1551.0,90.0,86.0,69.0,460,1700.0,4.0,1705,1704.0,-1.0,0,0,,0.0,0.0,0.0,0.0,0.0,2015-03-25,0,0,0.0,0,0.0,0.0,0.0,0.0,0.0
2015,3,25,3,OO,5485,N956SW,COS,DEN,930,1120.0,110.0,39.0,1159.0,60.0,63.0,17.0,73,1216.0,7.0,1030,1223.0,113.0,0,0,,3.0,0.0,0.0,0.0,110.0,2015-03-25,1,1,113.0,1,2.65,0.0,0.0,0.0,97.35
2015,3,18,3,OO,4537,N162PQ,GEG,LAX,758,755.0,-3.0,14.0,809.0,172.0,178.0,133.0,945,1022.0,31.0,1050,1053.0,3.0,0,0,,0.0,0.0,0.0,0.0,0.0,2015-03-18,0,0,0.0,0,0.0,0.0,0.0,0.0,0.0
2015,3,16,1,AA,2274,N585AA,DFW,OKC,2255,2316.0,21.0,12.0,2328.0,52.0,50.0,33.0,175,1.0,5.0,2347,6.0,19.0,0,0,,0.0,0.0,0.0,19.0,0.0,2015-03-16,1,1,19.0,1,0.0,0.0,0.0,100.0,0.0
2015,2,13,5,EV,5721,N836AS,PIT,IAD,1018,1009.0,-9.0,9.0,1018.0,67.0,51.0,36.0,182,1054.0,6.0,1125,1100.0,-25.0,0,0,,0.0,0.0,0.0,0.0,0.0,2015-02-13,0,0,0.0,0,0.0,0.0,0.0,0.0,0.0
2015,2,15,7,US,1984,N704US,CLT,EWR,744,741.0,-3.0,14.0,755.0,105.0,105.0,83.0,529,918.0,8.0,929,926.0,-3.0,0,0,,0.0,0.0,0.0,0.0,0.0,2015-02-15,0,0,0.0,0,0.0,0.0,0.0,0.0,0.0
2015,2,14,6,AA,1569,N575AA,DFW,MFE,1800,1806.0,6.0,10.0,1816.0,92.0,83.0,68.0,469,1924.0,5.0,1932,1929.0,-3.0,0,0,,0.0,0.0,0.0,0.0,0.0,2015-02-14,0,0,0.0,0,0.0,0.0,0.0,0.0,0.0
2015,2,22,7,MQ,2997,N525MQ,ORD,BNA,1905,1905.0,0.0,11.0,1916.0,87.0,80.0,64.0,409,2020.0,5.0,2032,2025.0,-7.0,0,0,,0.0,0.0,0.0,0.0,0.0,2015-02-22,0,0,0.0,0,0.0,0.0,0.0,0.0,0.0
2015,3,4,3,AA,1318,N5CNAA,BOS,DFW,650,645.0,-5.0,19.0,704.0,280.0,307.0,269.0,1562,1033.0,19.0,1030,1052.0,22.0,0,0,,22.0,0.0,0.0,0.0,0.0,2015-03-04,0,1,22.0,1,100.0,0.0,0.0,0.0,0.0
2015,3,5,4,WN,4549,N469WN,DEN,SLC,635,632.0,-3.0,10.0,642.0,90.0,88.0,66.0,391,748.0,12.0,805,800.0,-5.0,0,0,,0.0,0.0,0.0,0.0,0.0,2015-03-05,0,0,0.0,0,0.0,0.0,0.0,0.0,0.0
2015,3,6,5,OO,2853,N863AS,SAN,LAX,1535,1618.0,43.0,8.0,1626.0,45.0,44.0,24.0,109,1650.0,12.0,1620,1702.0,42.0,0,0,,0.0,0.0,0.0,42.0,0.0,2015-03-06,1,1,42.0,1,0.0,0.0,0.0,100.0,0.0
2015,2,19,4,WN,2266,N403WN,BWI,BOS,2215,2353.0,98.0,11.0,4.0,80.0,69.0,52.0,369,56.0,6.0,2335,102.0,87.0,0,0,,0.0,0.0,87.0,0.0,0.0,2015-02-19,1,1,87.0,1,0.0,0.0,100.0,0.0,0.0
2015,3,23,1,MQ,3248,N642MQ,MIA,ORF,2005,2004.0,-1.0,20.0,2024.0,142.0,134.0,110.0,802,2214.0,4.0,2227,2218.0,-9.0,0,0,,0.0,0.0,0.0,0.0,0.0,2015-03-23,0,0,0.0,0,0.0,0.0,0.0,0.0,0.0
2015,3,15,7,AA,12,N793AA,LAX,JFK,1135,1216.0,41.0,14.0,1230.0,335.0,329.0,309.0,2475,2039.0,6.0,2010,2045.0,35.0,0,0,,33.0,0.0,0.0,2.0,0.0,2015-03-15,1,1,35.0,1,94.29,0.0,0.0,5.71,0.0
2015,3,14,6,WN,1057,N359SW,LAS,LAX,1510,1519.0,9.0,10.0,1529.0,65.0,59.0,41.0,236,1610.0,8.0,1615,1618.0,3.0,0,0,,0.0,0.0,0.0,0.0,0.0,2015-03-14,0,0,0.0,0,0.0,0.0,0.0,0.0,0.0
2015,3,17,2,AA,1161,N3CUAA,TPA,MIA,1210,1240.0,30.0,9.0,1249.0,64.0,54.0,38.0,204,1327.0,7.0,1314,1334.0,20.0,0,0,,0.0,0.0,0.0,20.0,0.0,2015-03-17,1,1,20.0,1,0.0,0.0,0.0,100.0,0.0
2015,3,24,2,WN,697,N733SA,LAS,LAX,1850,1906.0,16.0,60.0,2006.0,65.0,106.0,40.0,236,2046.0,6.0,1955,2052.0,57.0,0,0,,41.0,0.0,12.0,4.0,0.0,2015-03-24,1,1,57.0,1,71.93,0.0,21.05,7.02,0.0
2015,2,19,4,UA,1142,N68817,MCO,DEN,812,815.0,3.0,10.0,825.0,258.0,255.0,237.0,1546,1022.0,8.0,1030,1030.0,0.0,0,0,,0.0,0.0,0.0,0.0,0.0,2015-02-19,0,0,0.0,0,0.0,0.0,0.0,0.0,0.0
2015,3,1,7,US,671,N657AW,EWR,PHX,1635,1706.0,31.0,61.0,1807.0,330.0,401.0,333.0,2133,2140.0,7.0,2005,2147.0,102.0,0,0,,71.0,0.0,23.0,8.0,0.0,2015-03-01,1,1,102.0,1,69.61,0.0,22.55,7.84,0.0
2015,2,21,6,EV,4220,N18557,IAH,BRO,1507,1524.0,17.0,12.0,1536.0,73.0,69.0,52.0,308,1628.0,5.0,1620,1633.0,13.0,0,0,,0.0,0.0,0.0,0.0,0.0,2015-02-21,1,0,0.0,0,0.0,0.0,0.0,0.0,0.0
2015,3,13,5,AS,331,N797AS,PSP,SFO,1710,1657.0,-13.0,13.0,1710.0,93.0,89.0,72.0,421,1822.0,4.0,1843,1826.0,-17.0,0,0,,0.0,0.0,0.0,0.0,0.0,2015-03-13,0,0,0.0,0,0.0,0.0,0.0,0.0,0.0
2015,2,17,2,US,2018,N583UW,CLT,RSW,1145,1143.0,-2.0,39.0,1222.0,120.0,144.0,101.0,600,1403.0,4.0,1345,1407.0,22.0,0,0,,22.0,0.0,0.0,0.0,0.0,2015-02-17,0,1,22.0,1,100.0,0.0,0.0,0.0,0.0
2015,2,15,7,US,857,N951UW,PHL,LGA,955,954.0,-1.0,22.0,1016.0,68.0,61.0,33.0,96,1049.0,6.0,1103,1055.0,-8.0,0,0,,0.0,0.0,0.0,0.0,0.0,2015-02-15,0,0,0.0,0,0.0,0.0,0.0,0.0,0.0
2015,3,21,6,WN,1124,N271LV,RSW,ALB,1210,1206.0,-4.0,21.0,1227.0,175.0,180.0,157.0,1205,1504.0,2.0,1505,1506.0,1.0,0,0,,0.0,0.0,0.0,0.0,0.0,2015-03-21,0,0,0.0,0,0.0,0.0,0.0,0.0,0.0
2015,2,22,7,AA,2438,N3DAAA,DFW,RSW,1745,1837.0,52.0,48.0,1925.0,142.0,166.0,113.0,1017,2218.0,5.0,2107,2223.0,76.0,0,0,,24.0,0.0,52.0,0.0,0.0,2015-02-22,1,1,76.0,1,31.58,0.0,68.42,0.0,0.0
2015,3,7,6,WN,347,N371SW,STL,FLL,835,838.0,3.0,6.0,844.0,160.0,149.0,138.0,1056,1202.0,5.0,1215,1207.0,-8.0,0,0,,0.0,0.0,0.0,0.0,0.0,2015-03-07,0,0,0.0,0,0.0,0.0,0.0,0.0,0.0
2015,3,21,6,AA,2312,N362AA,MIA,MCO,1649,1649.0,0.0,13.0,1702.0,71.0,60.0,38.0,192,1740.0,9.0,1800,1749.0,-11.0,0,0,,0.0,0.0,0.0,0.0,0.0,2015-03-21,0,0,0.0,0,0.0,0.0,0.0,0.0,0.0
2015,3,10,2,DL,1683,N3752,SLC,LAS,1135,1128.0,-7.0,19.0,1147.0,83.0,81.0,56.0,368,1143.0,6.0,1158,1149.0,-9.0,0,0,,0.0,0.0,0.0,0.0,0.0,2015-03-10,0,0,0.0,0,0.0,0.0,0.0,0.0,0.0
2015,3,13,5,DL,2583,N3749D,CMH,ATL,700,656.0,-4.0,16.0,712.0,101.0,98.0,74.0,447,826.0,8.0,841,834.0,-7.0,0,0,,0.0,0.0,0.0,0.0,0.0,2015-03-13,0,0,0.0,0,0.0,0.0,0.0,0.0,0.0
2015,3,25,3,WN,3452,N909WN,BUR,OAK,1245,1241.0,-4.0,10.0,1251.0,70.0,65.0,51.0,325,1342.0,4.0,1355,1346.0,-9.0,0,0,,0.0,0.0,0.0,0.0,0.0,2015-03-25,0,0,0.0,0,0.0,0.0,0.0,0.0,0.0
2015,2,28,6,DL,2301,N924DL,CVG,RSW,730,729.0,-1.0,9.0,738.0,151.0,135.0,121.0,879,939.0,5.0,1001,944.0,-17.0,0,0,,0.0,0.0,0.0,0.0,0.0,2015-02-28,0,0,0.0,0,0.0,0.0,0.0,0.0,0.0
2015,2,13,5,WN,499,N369SW,CMH,MCO,1130,1142.0,12.0,18.0,1200.0,140.0,139.0,112.0,802,1352.0,9.0,1350,1401.0,11.0,0,0,,0.0,0.0,0.0,0.0,0.0,2015-02-13,0,0,0.0,0,0.0,0.0,0.0,0.0,0.0
2015,2,25,3,WN,4921,N8309C,PIT,MDW,555,549.0,-6.0,9.0,558.0,115.0,90.0,74.0,402,612.0,7.0,650,619.0,-31.0,0,0,,0.0,0.0,0.0,0.0,0.0,2015-02-25,0,0,0.0,0,0.0,0.0,0.0,0.0,0.0
2015,2,27,5,WN,555,N914WN,MDW,OMA,1745,1745.0,0.0,8.0,1753.0,90.0,78.0,66.0,423,1859.0,4.0,1915,1903.0,-12.0,0,0,,0.0,0.0,0.0,0.0,0.0,2015-02-27,0,0,0.0,0,0.0,0.0,0.0,0.0,0.0
2015,3,15,7,WN,4143,N384SW,TUS,LAX,745,740.0,-5.0,8.0,748.0,95.0,85.0,68.0,451,856.0,9.0,920,905.0,-15.0,0,0,,0.0,0.0,0.0,0.0,0.0,2015-03-15,0,0,0.0,0,0.0,0.0,0.0,0.0,0.0
2015,2,22,7,DL,2116,N752AT,OGG,LAX,2315,2310.0,-5.0,9.0,2319.0,320.0,306.0,284.0,2486,603.0,13.0,635,616.0,-19.0,0,0,,0.0,0.0,0.0,0.0,0.0,2015-02-22,0,0,0.0,0,0.0,0.0,0.0,0.0,0.0
2015,2,19,4,UA,1606,N76522,SFO,ORD,1735,1737.0,2.0,13.0,1750.0,249.0,225.0,203.0,1846,2313.0,9.0,2344,2322.0,-22.0,0,0,,0.0,0.0,0.0,0.0,0.0,2015-02-19,0,0,0.0,0,0.0,0.0,0.0,0.0,0.0
2015,2,13,5,WN,567,N8607M,TPA,DEN,1805,1811.0,6.0,10.0,1821.0,250.0,239.0,223.0,1506,2004.0,6.0,2015,2010.0,-5.0,0,0,,0.0,0.0,0.0,0.0,0.0,2015-02-13,0,0,0.0,0,0.0,0.0,0.0,0.0,0.0
2015,2,21,6,DL,1929,N813DN,ATL,SEA,810,809.0,-1.0,9.0,818.0,337.0,312.0,295.0,2182,1013.0,8.0,1047,1021.0,-26.0,0,0,,0.0,0.0,0.0,0.0,0.0,2015-02-21,0,0,0.0,0,0.0,0.0,0.0,0.0,0.0
2015,3,15,7,WN,2774,N7706A,DEN,GEG,2200,2158.0,-2.0,14.0,2212.0,140.0,133.0,114.0,836,2306.0,5.0,2320,2311.0,-9.0,0,0,,0.0,0.0,0.0,0.0,0.0,2015-03-15,0,0,0.0,0,0.0,0.0,0.0,0.0,0.0
2015,3,17,2,WN,4196,N279WN,RSW,CMH,1730,1724.0,-6.0,8.0,1732.0,150.0,142.0,130.0,930,1942.0,4.0,2000,1946.0,-14.0,0,0,,0.0,0.0,0.0,0.0,0.0,2015-03-17,0,0,0.0,0,0.0,0.0,0.0,0.0,0.0
2015,3,19,4,OO,2781,N477CA,FLG,PHX,1500,1452.0,-8.0,8.0,1500.0,45.0,42.0,28.0,119,1528.0,6.0,1545,1534.0,-11.0,0,0,,0.0,0.0,0.0,0.0,0.0,2015-03-19,0,0,0.0,0,0.0,0.0,0.0,0.0,0.0
2015,3,22,7,US,499,N176UW,MIA,CLT,1910,1906.0,-4.0,16.0,1922.0,129.0,131.0,106.0,650,2108.0,9.0,2119,2117.0,-2.0,0,0,,0.0,0.0,0.0,0.0,0.0,2015-03-22,0,0,0.0,0,0.0,0.0,0.0,0.0,0.0
2015,2,24,2,DL,1225,N955AT,DTW,HSV,1630,1626.0,-4.0,43.0,1709.0,112.0,126.0,79.0,554,1728.0,4.0,1722,1732.0,10.0,0,0,,0.0,0.0,0.0,0.0,0.0,2015-02-24,0,0,0.0,0,0.0,0.0,0.0,0.0,0.0
2015,3,10,2,WN,2422,N522SW,DAL,SAT,1115,1126.0,11.0,9.0,1135.0,65.0,64.0,47.0,248,1222.0,8.0,1220,1230.0,10.0,0,0,,0.0,0.0,0.0,0.0,0.0,2015-03-10,0,0,0.0,0,0.0,0.0,0.0,0.0,0.0
2015,2,18,3,UA,493,N407UA,ORD,SRQ,945,943.0,-2.0,15.0,958.0,165.0,156.0,132.0,1050,1310.0,9.0,1330,1319.0,-11.0,0,0,,0.0,0.0,0.0,0.0,0.0,2015-02-18,0,0,0.0,0,0.0,0.0,0.0,0.0,0.0
2015,3,22,7,UA,1170,N27205,FLL,EWR,1355,1351.0,-4.0,17.0,1408.0,184.0,164.0,139.0,1065,1627.0,8.0,1659,1635.0,-24.0,0,0,,0.0,0.0,0.0,0.0,0.0,2015-03-22,0,0,0.0,0,0.0,0.0,0.0,0.0,0.0
2015,3,8,7,US,758,N956UW,ORD,PHL,1200,1158.0,-2.0,14.0,1212.0,120.0,103.0,85.0,678,1437.0,4.0,1500,1441.0,-19.0,0,0,,0.0,0.0,0.0,0.0,0.0,2015-03-08,0,0,0.0,0,0.0,0.0,0.0,0.0,0.0
2015,2,16,1,WN,454,N936WN,SJC,SAN,1120,1125.0,5.0,9.0,1134.0,75.0,76.0,62.0,417,1236.0,5.0,1235,1241.0,6.0,0,0,,0.0,0.0,0.0,0.0,0.0,2015-02-16,0,0,0.0,0,0.0,0.0,0.0,0.0,0.0
2015,3,17,2,EV,6022,N16911,BNA,ORD,600,547.0,-13.0,20.0,607.0,111.0,117.0,86.0,409,733.0,11.0,751,744.0,-7.0,0,0,,0.0,0.0,0.0,0.0,0.0,2015-03-17,0,0,0.0,0,0.0,0.0,0.0,0.0,0.0
2015,2,27,5,EV,6022,N12172,BNA,ORD,535,534.0,-1.0,23.0,557.0,108.0,107.0,74.0,409,711.0,10.0,723,721.0,-2.0,0,0,,0.0,0.0,0.0,0.0,0.0,2015-02-27,0,0,0.0,0,0.0,0.0,0.0,0.0,0.0
2015,3,9,1,US,615,N602AW,IAH,PHX,1805,1757.0,-8.0,13.0,1810.0,183.0,171.0,137.0,1009,1827.0,21.0,1908,1848.0,-20.0,0,0,,0.0,0.0,0.0,0.0,0.0,2015-03-09,0,0,0.0,0,0.0,0.0,0.0,0.0,0.0
2015,3,17,2,WN,166,N906WN,MCO,AUS,725,723.0,-2.0,9.0,732.0,180.0,155.0,138.0,994,850.0,8.0,925,858.0,-27.0,0,0,,0.0,0.0,0.0,0.0,0.0,2015-03-17,0,0,0.0,0,0.0,0.0,0.0,0.0,0.0
2015,3,15,7,OO,6527,N107SY,SFO,STL,1135,1144.0,9.0,13.0,1157.0,238.0,234.0,217.0,1735,1734.0,4.0,1733,1738.0,5.0,0,0,,0.0,0.0,0.0,0.0,0.0,2015-03-15,0,0,0.0,0,0.0,0.0,0.0,0.0,0.0
2015,3,3,2,MQ,3531,N855MQ,LGA,RDU,650,644.0,-6.0,34.0,718.0,103.0,116.0,77.0,431,835.0,5.0,833,840.0,7.0,0,0,,0.0,0.0,0.0,0.0,0.0,2015-03-03,0,0,0.0,0,0.0,0.0,0.0,0.0,0.0
2015,3,18,3,WN,193,N619SW,SJC,SAN,955,952.0,-3.0,10.0,1002.0,75.0,81.0,67.0,417,1109.0,4.0,1110,1113.0,3.0,0,0,,0.0,0.0,0.0,0.0,0.0,2015-03-18,0,0,0.0,0,0.0,0.0,0.0,0.0,0.0
2015,2,23,1,MQ,3366,N535MQ,ATL,LGA,625,618.0,-7.0,17.0,635.0,125.0,119.0,97.0,762,812.0,5.0,830,817.0,-13.0,0,0,,0.0,0.0,0.0,0.0,0.0,2015-02-23,0,0,0.0,0,0.0,0.0,0.0,0.0,0.0
2015,3,20,5,DL,1344,N305DQ,ATL,JAC,950,946.0,-4.0,31.0,1017.0,246.0,257.0,223.0,1572,1200.0,3.0,1156,1203.0,7.0,0,0,,0.0,0.0,0.0,0.0,0.0,2015-03-20,0,0,0.0,0,0.0,0.0,0.0,0.0,0.0
2015,3,22,7,UA,1673,N39450,SAN,IAD,715,717.0,2.0,14.0,731.0,293.0,275.0,254.0,2253,1445.0,7.0,1508,1452.0,-16.0,0,0,,0.0,0.0,0.0,0.0,0.0,2015-03-22,0,0,0.0,0,0.0,0.0,0.0,0.0,0.0
2015,2,26,4,WN,208,N281WN,LAS,GEG,1400,1400.0,0.0,14.0,1414.0,150.0,135.0,118.0,806,1612.0,3.0,1630,1615.0,-15.0,0,0,,0.0,0.0,0.0,0.0,0.0,2015-02-26,0,0,0.0,0,0.0,0.0,0.0,0.0,0.0
2015,2,28,6,B6,602,N659JB,PHX,BOS,2244,2338.0,54.0,12.0,2350.0,279.0,243.0,228.0,2300,538.0,3.0,523,541.0,18.0,0,0,,0.0,0.0,1.0,17.0,0.0,2015-02-28,1,1,18.0,1,0.0,0.0,5.56,94.44,0.0
2015,2,25,3,AA,2262,N503AA,DFW,BNA,1305,1307.0,2.0,16.0,1323.0,100.0,98.0,78.0,631,1441.0,4.0,1445,1445.0,0.0,0,0,,0.0,0.0,0.0,0.0,0.0,2015-02-25,0,0,0.0,0,0.0,0.0,0.0,0.0,0.0
2015,3,23,1,MQ,3212,N636MQ,ORD,TYS,950,1246.0,176.0,86.0,1412.0,92.0,159.0,68.0,475,1620.0,5.0,1222,1625.0,243.0,0,0,,67.0,0.0,0.0,115.0,61.0,2015-03-23,1,1,243.0,1,27.57,0.0,0.0,47.33,25.1
2015,2,27,5,EV,5235,N710EV,BGR,DTW,645,640.0,-5.0,12.0,652.0,161.0,142.0,120.0,750,852.0,10.0,926,902.0,-24.0,0,0,,0.0,0.0,0.0,0.0,0.0,2015-02-27,0,0,0.0,0,0.0,0.0,0.0,0.0,0.0
2015,3,7,6,WN,1355,N603SW,MKE,RSW,1025,1023.0,-2.0,9.0,1032.0,175.0,175.0,150.0,1183,1402.0,16.0,1420,1418.0,-2.0,0,0,,0.0,0.0,0.0,0.0,0.0,2015-03-07,0,0,0.0,0,0.0,0.0,0.0,0.0,0.0
2015,2,26,4,WN,388,N8319F,PHX,SAN,1700,1714.0,14.0,15.0,1729.0,70.0,68.0,51.0,304,1720.0,2.0,1710,1722.0,12.0,0,0,,0.0,0.0,0.0,0.0,0.0,2015-02-26,0,0,0.0,0,0.0,0.0,0.0,0.0,0.0
2015,3,18,3,WN,4995,N782SA,MCI,FLL,1855,1906.0,11.0,8.0,1914.0,175.0,163.0,152.0,1242,2246.0,3.0,2250,2249.0,-1.0,0,0,,0.0,0.0,0.0,0.0,0.0,2015-03-18,0,0,0.0,0,0.0,0.0,0.0,0.0,0.0
2015,3,15,7,AA,113,N3HFAA,MIA,DEN,2115,2111.0,-4.0,13.0,2124.0,275.0,259.0,237.0,1709,2321.0,9.0,2350,2330.0,-20.0,0,0,,0.0,0.0,0.0,0.0,0.0,2015-03-15,0,0,0.0,0,0.0,0.0,0.0,0.0,0.0
2015,3,6,5,OO,5506,N109SY,SLC,ORD,822,817.0,-5.0,9.0,826.0,196.0,182.0,162.0,1250,1208.0,11.0,1238,1219.0,-19.0,0,0,,0.0,0.0,0.0,0.0,0.0,2015-03-06,0,0,0.0,0,0.0,0.0,0.0,0.0,0.0
2015,3,13,5,OO,4649,N912EV,SLC,BZN,1559,1554.0,-5.0,14.0,1608.0,80.0,79.0,59.0,347,1707.0,6.0,1719,1713.0,-6.0,0,0,,0.0,0.0,0.0,0.0,0.0,2015-03-13,0,0,0.0,0,0.0,0.0,0.0,0.0,0.0
2015,3,15,7,DL,2438,N910DN,ATL,DCA,920,916.0,-4.0,18.0,934.0,101.0,100.0,80.0,547,1054.0,2.0,1101,1056.0,-5.0,0,0,,0.0,0.0,0.0,0.0,0.0,2015-03-15,0,0,0.0,0,0.0,0.0,0.0,0.0,0.0
2015,2,16,1,DL,2543,N995AT,DAL,ATL,1253,1251.0,-2.0,12.0,1303.0,121.0,110.0,86.0,721,1529.0,12.0,1554,1541.0,-13.0,0,0,,0.0,0.0,0.0,0.0,0.0,2015-02-16,0,0,0.0,0,0.0,0.0,0.0,0.0,0.0
2015,2,19,4,VX,411,N625VA,JFK,LAX,1300,1258.0,-2.0,11.0,1309.0,385.0,383.0,361.0,2475,1610.0,11.0,1625,1621.0,-4.0,0,0,,0.0,0.0,0.0,0.0,0.0,2015-02-19,0,0,0.0,0,0.0,0.0,0.0,0.0,0.0
2015,3,11,3,AA,1494,N4YFAA,AUS,DFW,944,938.0,-6.0,11.0,949.0,66.0,58.0,39.0,190,1028.0,8.0,1050,1036.0,-14.0,0,0,,0.0,0.0,0.0,0.0,0.0,2015-03-11,0,0,0.0,0,0.0,0.0,0.0,0.0,0.0
2015,3,7,6,UA,1567,N54711,DEN,PHL,1003,1037.0,34.0,10.0,1047.0,207.0,191.0,176.0,1558,1543.0,5.0,1530,1548.0,18.0,0,0,,0.0,0.0,13.0,5.0,0.0,2015-03-07,1,1,18.0,1,0.0,0.0,72.22,27.78,0.0
2015,3,18,3,NK,657,N606NK,MSY,IAH,1019,1014.0,-5.0,11.0,1025.0,74.0,74.0,51.0,305,1116.0,12.0,1133,1128.0,-5.0,0,0,,0.0,0.0,0.0,0.0,0.0,2015-03-18,0,0,0.0,0,0.0,0.0,0.0,0.0,0.0
2015,2,14,6,OO,2630,N693BR,MKE,ORD,625,636.0,11.0,33.0,709.0,60.0,66.0,26.0,67,735.0,7.0,725,742.0,17.0,0,0,,6.0,0.0,11.0,0.0,0.0,2015-02-14,0,1,17.0,1,35.29,0.0,64.71,0.0,0.0
2015,2,25,3,NK,408,N637NK,OAK,DFW,1925,1928.0,3.0,7.0,1935.0,197.0,182.0,166.0,1457,21.0,9.0,42,30.0,-12.0,0,0,,0.0,0.0,0.0,0.0,0.0,2015-02-25,0,0,0.0,0,0.0,0.0,0.0,0.0,0.0
2015,3,20,5,US,633,N206UW,PHX,OGG,1345,1852.0,307.0,12.0,1904.0,399.0,403.0,384.0,2845,2228.0,7.0,1724,2235.0,311.0,0,0,,4.0,0.0,307.0,0.0,0.0,2015-03-20,1,1,311.0,1,1.29,0.0,98.71,0.0,0.0
2015,3,13,5,AA,2488,N3FXAA,EWR,DFW,1635,1633.0,-2.0,22.0,1655.0,245.0,224.0,196.0,1372,1911.0,6.0,1940,1917.0,-23.0,0,0,,0.0,0.0,0.0,0.0,0.0,2015-03-13,0,0,0.0,0,0.0,0.0,0.0,0.0,0.0
2015,3,4,3,AA,1035,N478AA,DFW,TUL,1620,1620.0,0.0,12.0,1632.0,60.0,52.0,35.0,237,1707.0,5.0,1720,1712.0,-8.0,0,0,,0.0,0.0,0.0,0.0,0.0,2015-03-04,0,0,0.0,0,0.0,0.0,0.0,0.0,0.0
2015,2,20,5,EV,3950,N13908,ORD,TVC,1626,1621.0,-5.0,12.0,1633.0,67.0,60.0,37.0,224,1810.0,11.0,1833,1821.0,-12.0,0,0,,0.0,0.0,0.0,0.0,0.0,2015-02-20,0,0,0.0,0,0.0,0.0,0.0,0.0,0.0
2015,2,24,2,WN,210,N8648A,SMF,PHX,610,608.0,-2.0,11.0,619.0,110.0,106.0,89.0,647,848.0,6.0,900,854.0,-6.0,0,0,,0.0,0.0,0.0,0.0,0.0,2015-02-24,0,0,0.0,0,0.0,0.0,0.0,0.0,0.0
2015,3,13,5,US,433,N555AY,MSP,PHX,730,723.0,-7.0,21.0,744.0,226.0,227.0,176.0,1276,840.0,30.0,916,910.0,-6.0,0,0,,0.0,0.0,0.0,0.0,0.0,2015-03-13,0,0,0.0,0,0.0,0.0,0.0,0.0,0.0
2015,3,7,6,MQ,3180,N684MQ,ORD,BIS,1055,1117.0,22.0,12.0,1129.0,137.0,128.0,114.0,716,1323.0,2.0,1312,1325.0,13.0,0,0,,0.0,0.0,0.0,0.0,0.0,2015-03-07,1,0,0.0,0,0.0,0.0,0.0,0.0,0.0
2015,2,16,1,AA,2237,N3GSAA,DFW,DCA,1430,1445.0,15.0,14.0,1459.0,161.0,196.0,155.0,1192,1834.0,27.0,1811,1901.0,50.0,0,0,,35.0,0.0,6.0,9.0,0.0,2015-02-16,0,1,50.0,1,70.0,0.0,12.0,18.0,0.0
2015,3,20,5,MQ,3201,N509MQ,ORD,BNA,2010,2009.0,-1.0,12.0,2021.0,85.0,74.0,58.0,409,2119.0,4.0,2135,2123.0,-12.0,0,0,,0.0,0.0,0.0,0.0,0.0,2015-03-20,0,0,0.0,0,0.0,0.0,0.0,0.0,0.0
2015,2,22,7,US,521,N552UW,PHX,SEA,1740,1759.0,19.0,14.0,1813.0,184.0,166.0,144.0,1107,1937.0,8.0,1944,1945.0,1.0,0,0,,0.0,0.0,0.0,0.0,0.0,2015-02-22,1,0,0.0,0,0.0,0.0,0.0,0.0,0.0
2015,3,23,1,UA,1122,N13248,PBI,EWR,1850,1859.0,9.0,13.0,1912.0,170.0,159.0,137.0,1023,2129.0,9.0,2140,2138.0,-2.0,0,0,,0.0,0.0,0.0,0.0,0.0,2015-03-23,0,0,0.0,0,0.0,0.0,0.0,0.0,0.0
2015,2,26,4,AA,324,N3DGAA,MCO,DFW,1510,1516.0,6.0,16.0,1532.0,178.0,173.0,152.0,985,1704.0,5.0,1708,1709.0,1.0,0,0,,0.0,0.0,0.0,0.0,0.0,2015-02-26,0,0,0.0,0,0.0,0.0,0.0,0.0,0.0
2015,3,24,2,US,1917,N535UW,BOS,PHL,700,644.0,-16.0,35.0,719.0,105.0,108.0,64.0,280,823.0,9.0,845,832.0,-13.0,0,0,,0.0,0.0,0.0,0.0,0.0,2015-03-24,0,0,0.0,0,0.0,0.0,0.0,0.0,0.0
2015,3,7,6,US,528,N756US,PHX,RNO,2110,2106.0,-4.0,15.0,2121.0,114.0,105.0,84.0,601,2145.0,6.0,2204,2151.0,-13.0,0,0,,0.0,0.0,0.0,0.0,0.0,2015-03-07,0,0,0.0,0,0.0,0.0,0.0,0.0,0.0
2015,2,16,1,AA,1077,N477AA,BWI,DFW,831,821.0,-10.0,23.0,844.0,224.0,227.0,199.0,1217,1103.0,5.0,1115,1108.0,-7.0,0,0,,0.0,0.0,0.0,0.0,0.0,2015-02-16,0,0,0.0,0,0.0,0.0,0.0,0.0,0.0
2015,2,15,7,AA,2239,N4YMAA,PSP,ORD,928,921.0,-7.0,16.0,937.0,227.0,233.0,204.0,1652,1501.0,13.0,1515,1514.0,-1.0,0,0,,0.0,0.0,0.0,0.0,0.0,2015-02-15,0,0,0.0,0,0.0,0.0,0.0,0.0,0.0
2015,3,20,5,AA,377,N3CHAA,MIA,MSY,1813,1808.0,-5.0,17.0,1825.0,131.0,124.0,104.0,675,1909.0,3.0,1924,1912.0,-12.0,0,0,,0.0,0.0,0.0,0.0,0.0,2015-03-20,0,0,0.0,0,0.0,0.0,0.0,0.0,0.0
2015,3,2,1,WN,913,N600WN,MCI,LAX,1425,1454.0,29.0,11.0,1505.0,220.0,229.0,213.0,1363,1638.0,5.0,1605,1643.0,38.0,0,0,,9.0,11.0,0.0,18.0,0.0,2015-03-02,1,1,38.0,1,23.68,28.95,0.0,47.37,0.0
2015,3,20,5,US,851,N172US,MCO,PHL,1500,1600.0,60.0,10.0,1610.0,145.0,162.0,140.0,861,1830.0,12.0,1725,1842.0,77.0,0,0,,77.0,0.0,0.0,0.0,0.0,2015-03-20,1,1,77.0,1,100.0,0.0,0.0,0.0,0.0
2015,2,19,4,AA,1011,N017AA,ELP,DFW,713,709.0,-4.0,11.0,720.0,102.0,88.0,70.0,551,930.0,7.0,955,937.0,-18.0,0,0,,0.0,0.0,0.0,0.0,0.0,2015-02-19,0,0,0.0,0,0.0,0.0,0.0,0.0,0.0
2015,3,20,5,MQ,3634,N643MQ,JAN,DFW,1144,1158.0,14.0,20.0,1218.0,96.0,115.0,82.0,408,1340.0,13.0,1320,1353.0,33.0,0,0,,19.0,0.0,0.0,14.0,0.0,2015-03-20,0,1,33.0,1,57.58,0.0,0.0,42.42,0.0
2015,2,15,7,WN,4120,N774SW,BUR,SJC,1440,1439.0,-1.0,8.0,1447.0,65.0,58.0,46.0,296,1533.0,4.0,1545,1537.0,-8.0,0,0,,0.0,0.0,0.0,0.0,0.0,2015-02-15,0,0,0.0,0,0.0,0.0,0.0,0.0,0.0
2015,2,19,4,WN,411,N7704B,HOU,MDW,2100,2059.0,-1.0,9.0,2108.0,140.0,137.0,121.0,937,2309.0,7.0,2320,2316.0,-4.0,0,0,,0.0,0.0,0.0,0.0,0.0,2015-02-19,0,0,0.0,0,0.0,0.0,0.0,0.0,0.0
2015,3,3,2,EV,5082,N176PQ,BMI,ATL,1135,1214.0,39.0,12.0,1226.0,91.0,99.0,73.0,533,1439.0,14.0,1406,1453.0,47.0,0,0,,8.0,0.0,0.0,39.0,0.0,2015-03-03,1,1,47.0,1,17.02,0.0,0.0,82.98,0.0
2015,3,23,1,B6,531,N828JB,SLC,LGB,1831,1829.0,-2.0,9.0,1838.0,107.0,102.0,90.0,588,1908.0,3.0,1918,1911.0,-7.0,0,0,,0.0,0.0,0.0,0.0,0.0,2015-03-23,0,0,0.0,0,0.0,0.0,0.0,0.0,0.0
2015,3,22,7,AA,1337,N3GLAA,LAS,DFW,1745,1830.0,45.0,16.0,1846.0,150.0,147.0,124.0,1055,2250.0,7.0,2215,2257.0,42.0,0,0,,0.0,0.0,0.0,42.0,0.0,2015-03-22,1,1,42.0,1,0.0,0.0,0.0,100.0,0.0
2015,3,15,7,OO,5159,N744SK,ABQ,IAH,1508,1507.0,-1.0,12.0,1519.0,124.0,133.0,112.0,744,1811.0,9.0,1812,1820.0,8.0,0,0,,0.0,0.0,0.0,0.0,0.0,2015-03-15,0,0,0.0,0,0.0,0.0,0.0,0.0,0.0
2015,3,19,4,NK,813,N527NK,TPA,DFW,1905,1859.0,-6.0,14.0,1913.0,168.0,168.0,141.0,929,2034.0,13.0,2053,2047.0,-6.0,0,0,,0.0,0.0,0.0,0.0,0.0,2015-03-19,0,0,0.0,0,0.0,0.0,0.0,0.0,0.0
2015,2,14,6,WN,3562,N606SW,MSY,ATL,1725,1816.0,51.0,7.0,1823.0,85.0,79.0,65.0,425,2028.0,7.0,1950,2035.0,45.0,0,0,,0.0,0.0,4.0,41.0,0.0,2015-02-14,1,1,45.0,1,0.0,0.0,8.89,91.11,0.0
2015,3,1,7,OO,5511,N795SK,ORD,MEM,1633,1709.0,36.0,19.0,1728.0,111.0,115.0,89.0,491,1857.0,7.0,1824,1904.0,40.0,0,0,,4.0,0.0,36.0,0.0,0.0,2015-03-01,1,1,40.0,1,10.0,0.0,90.0,0.0,0.0
2015,2,20,5,AA,1361,N3JUAA,BNA,LAX,645,644.0,-1.0,16.0,700.0,288.0,292.0,268.0,1797,928.0,8.0,933,936.0,3.0,0,0,,0.0,0.0,0.0,0.0,0.0,2015-02-20,0,0,0.0,0,0.0,0.0,0.0,0.0,0.0
2015,2,26,4,AA,1599,N3LGAA,MIA,LGA,1415,1415.0,0.0,13.0,1428.0,173.0,158.0,139.0,1096,1647.0,6.0,1708,1653.0,-15.0,0,0,,0.0,0.0,0.0,0.0,0.0,2015-02-26,0,0,0.0,0,0.0,0.0,0.0,0.0,0.0
2015,3,16,1,WN,414,N410WN,RDU,MDW,600,559.0,-1.0,9.0,608.0,120.0,122.0,107.0,632,655.0,6.0,700,701.0,1.0,0,0,,0.0,0.0,0.0,0.0,0.0,2015-03-16,0,0,0.0,0,0.0,0.0,0.0,0.0,0.0
2015,3,24,2,WN,209,N205WN,ICT,MDW,945,939.0,-6.0,8.0,947.0,105.0,92.0,80.0,589,1107.0,4.0,1130,1111.0,-19.0,0,0,,0.0,0.0,0.0,0.0,0.0,2015-03-24,0,0,0.0,0,0.0,0.0,0.0,0.0,0.0
2015,2,26,4,WN,576,N459WN,LAS,ONT,1900,1922.0,22.0,12.0,1934.0,55.0,48.0,32.0,197,2006.0,4.0,1955,2010.0,15.0,0,0,,0.0,0.0,0.0,15.0,0.0,2015-02-26,1,0,15.0,0,0.0,0.0,0.0,100.0,0.0
2015,3,4,3,OO,6201,N744SK,DEN,AUS,1542,1542.0,0.0,19.0,1601.0,127.0,139.0,114.0,775,1855.0,6.0,1849,1901.0,12.0,0,0,,0.0,0.0,0.0,0.0,0.0,2015-03-04,0,0,0.0,0,0.0,0.0,0.0,0.0,0.0
2015,3,7,6,AA,1059,N573AA,DFW,OMA,1040,1035.0,-5.0,17.0,1052.0,106.0,106.0,83.0,583,1215.0,6.0,1226,1221.0,-5.0,0,0,,0.0,0.0,0.0,0.0,0.0,2015-03-07,0,0,0.0,0,0.0,0.0,0.0,0.0,0.0
2015,3,8,7,AA,2249,N528AA,DFW,IAH,930,939.0,9.0,9.0,948.0,65.0,58.0,44.0,224,1032.0,5.0,1035,1037.0,2.0,0,0,,0.0,0.0,0.0,0.0,0.0,2015-03-08,0,0,0.0,0,0.0,0.0,0.0,0.0,0.0
2015,3,23,1,B6,2807,N281JB,PWM,JFK,600,556.0,-4.0,8.0,604.0,82.0,71.0,55.0,273,659.0,8.0,722,707.0,-15.0,0,0,,0.0,0.0,0.0,0.0,0.0,2015-03-23,0,0,0.0,0,0.0,0.0,0.0,0.0,0.0
2015,3,19,4,OO,3487,N652BR,FAT,SEA,1625,1615.0,-10.0,11.0,1626.0,127.0,131.0,115.0,748,1821.0,5.0,1832,1826.0,-6.0,0,0,,0.0,0.0,0.0,0.0,0.0,2015-03-19,0,0,0.0,0,0.0,0.0,0.0,0.0,0.0
2015,3,21,6,WN,2472,N637SW,SMF,PDX,1955,1952.0,-3.0,7.0,1959.0,85.0,78.0,68.0,479,2107.0,3.0,2120,2110.0,-10.0,0,0,,0.0,0.0,0.0,0.0,0.0,2015-03-21,0,0,0.0,0,0.0,0.0,0.0,0.0,0.0
2015,2,23,1,UA,362,N549UA,LIH,SFO,1411,1626.0,135.0,15.0,1641.0,310.0,322.0,300.0,2447,2341.0,7.0,2121,2348.0,147.0,0,0,,12.0,0.0,17.0,118.0,0.0,2015-02-23,1,1,147.0,1,8.16,0.0,11.56,80.27,0.0
2015,3,18,3,OO,5344,N594SW,FWA,ORD,600,556.0,-4.0,12.0,608.0,65.0,50.0,32.0,157,540.0,6.0,605,546.0,-19.0,0,0,,0.0,0.0,0.0,0.0,0.0,2015-03-18,0,0,0.0,0,0.0,0.0,0.0,0.0,0.0
2015,3,5,4,UA,1474,N39461,SFO,IAH,1144,1138.0,-6.0,13.0,1151.0,226.0,217.0,196.0,1635,1707.0,8.0,1730,1715.0,-15.0,0,0,,0.0,0.0,0.0,0.0,0.0,2015-03-05,0,0,0.0,0,0.0,0.0,0.0,0.0,0.0
2015,2,19,4,DL,1772,N818DA,ATL,PHX,1105,1141.0,36.0,14.0,1155.0,266.0,255.0,237.0,1587,1352.0,4.0,1331,1356.0,25.0,0,0,,0.0,0.0,25.0,0.0,0.0,2015-02-19,1,1,25.0,1,0.0,0.0,100.0,0.0,0.0
2015,2,25,3,WN,459,N628SW,BWI,IND,2020,2014.0,-6.0,12.0,2026.0,115.0,103.0,87.0,516,2153.0,4.0,2215,2157.0,-18.0,0,0,,0.0,0.0,0.0,0.0,0.0,2015-02-25,0,0,0.0,0,0.0,0.0,0.0,0.0,0.0
2015,2,21,6,US,2011,N947UW,BOS,PHL,1330,1326.0,-4.0,21.0,1347.0,99.0,106.0,80.0,280,1507.0,5.0,1509,1512.0,3.0,0,0,,0.0,0.0,0.0,0.0,0.0,2015-02-21,0,0,0.0,0,0.0,0.0,0.0,0.0,0.0
2015,3,9,1,WN,3043,N8612K,PHX,DEN,745,745.0,0.0,11.0,756.0,125.0,119.0,86.0,602,1022.0,22.0,1050,1044.0,-6.0,0,0,,0.0,0.0,0.0,0.0,0.0,2015-03-09,0,0,0.0,0,0.0,0.0,0.0,0.0,0.0
2015,2,25,3,US,2165,N951UW,BOS,LGA,645,659.0,14.0,108.0,847.0,82.0,159.0,45.0,184,932.0,6.0,807,938.0,91.0,0,0,,77.0,0.0,14.0,0.0,0.0,2015-02-25,0,1,91.0,1,84.62,0.0,15.38,0.0,0.0
2015,3,25,3,AA,328,N3EDAA,DEN,DFW,523,519.0,-4.0,15.0,534.0,116.0,112.0,88.0,641,802.0,9.0,819,811.0,-8.0,0,0,,0.0,0.0,0.0,0.0,0.0,2015-03-25,0,0,0.0,0,0.0,0.0,0.0,0.0,0.0
2015,2,23,1,DL,1341,N3764D,ATL,GSP,1211,1210.0,-1.0,16.0,1226.0,55.0,48.0,29.0,153,1255.0,3.0,1306,1258.0,-8.0,0,0,,0.0,0.0,0.0,0.0,0.0,2015-02-23,0,0,0.0,0,0.0,0.0,0.0,0.0,0.0
2015,3,11,3,OO,5534,N930EV,DEN,SGF,2045,2034.0,-11.0,12.0,2046.0,102.0,103.0,85.0,637,2311.0,6.0,2327,2317.0,-10.0,0,0,,0.0,0.0,0.0,0.0,0.0,2015-03-11,0,0,0.0,0,0.0,0.0,0.0,0.0,0.0
2015,3,2,1,EV,5206,N200PQ,IAH,MSP,743,737.0,-6.0,14.0,751.0,166.0,153.0,131.0,1034,1002.0,8.0,1029,1010.0,-19.0,0,0,,0.0,0.0,0.0,0.0,0.0,2015-03-02,0,0,0.0,0,0.0,0.0,0.0,0.0,0.0
2015,3,3,2,DL,1147,N895AT,ATL,CAK,1752,1749.0,-3.0,11.0,1800.0,105.0,94.0,76.0,528,1916.0,7.0,1937,1923.0,-14.0,0,0,,0.0,0.0,0.0,0.0,0.0,2015-03-03,0,0,0.0,0,0.0,0.0,0.0,0.0,0.0
2015,3,16,1,B6,1198,N516JB,MCO,LGA,1614,1628.0,14.0,14.0,1642.0,158.0,160.0,141.0,950,1903.0,5.0,1852,1908.0,16.0,0,0,,2.0,0.0,5.0,9.0,0.0,2015-03-16,0,1,16.0,1,12.5,0.0,31.25,56.25,0.0
2015,3,13,5,B6,575,N339JB,JFK,MSY,1445,1441.0,-4.0,25.0,1506.0,216.0,196.0,168.0,1182,1654.0,3.0,1721,1657.0,-24.0,0,0,,0.0,0.0,0.0,0.0,0.0,2015-03-13,0,0,0.0,0,0.0,0.0,0.0,0.0,0.0
2015,2,13,5,B6,299,N775JB,LGA,MCO,1740,1833.0,53.0,30.0,1903.0,182.0,178.0,143.0,950,2126.0,5.0,2042,2131.0,49.0,0,0,,0.0,0.0,4.0,45.0,0.0,2015-02-13,1,1,49.0,1,0.0,0.0,8.16,91.84,0.0
2015,3,10,2,OO,6284,N930EV,SAN,SFO,1244,1252.0,8.0,26.0,1318.0,96.0,103.0,71.0,447,1429.0,6.0,1420,1435.0,15.0,0,0,,15.0,0.0,0.0,0.0,0.0,2015-03-10,0,0,15.0,0,100.0,0.0,0.0,0.0,0.0
2015,3,6,5,UA,320,N436UA,SLC,ORD,1208,1258.0,50.0,40.0,1338.0,186.0,195.0,148.0,1250,1706.0,7.0,1614,1713.0,59.0,0,0,,9.0,0.0,18.0,32.0,0.0,2015-03-06,1,1,59.0,1,15.25,0.0,30.51,54.24,0.0
2015,3,1,7,UA,215,N407UA,DTW,IAH,600,656.0,56.0,52.0,748.0,190.0,227.0,167.0,1075,935.0,8.0,810,943.0,93.0,0,0,,37.0,0.0,0.0,0.0,56.0,2015-03-01,1,1,93.0,1,39.78,0.0,0.0,0.0,60.22
2015,3,17,2,AS,834,N529AS,HNL,PDX,1120,1113.0,-7.0,18.0,1131.0,330.0,306.0,285.0,2603,1916.0,3.0,1950,1919.0,-31.0,0,0,,0.0,0.0,0.0,0.0,0.0,2015-03-17,0,0,0.0,0,0.0,0.0,0.0,0.0,0.0
2015,2,27,5,UA,1185,N37456,ORD,DEN,2035,2130.0,55.0,14.0,2144.0,162.0,140.0,120.0,888,2244.0,6.0,2217,2250.0,33.0,0,0,,0.0,0.0,22.0,11.0,0.0,2015-02-27,1,1,33.0,1,0.0,0.0,66.67,33.33,0.0
2015,2,24,2,B6,199,N503JB,LGA,MCO,930,915.0,-15.0,22.0,937.0,181.0,171.0,141.0,950,1158.0,8.0,1231,1206.0,-25.0,0,0,,0.0,0.0,0.0,0.0,0.0,2015-02-24,0,0,0.0,0,0.0,0.0,0.0,0.0,0.0
2015,2,17,2,DL,1328,N821DN,SEA,ATL,1420,1419.0,-1.0,9.0,1428.0,281.0,250.0,235.0,2182,2123.0,6.0,2201,2129.0,-32.0,0,0,,0.0,0.0,0.0,0.0,0.0,2015-02-17,0,0,0.0,0,0.0,0.0,0.0,0.0,0.0
2015,3,9,1,WN,983,N385SW,LAS,SJC,1355,1427.0,32.0,15.0,1442.0,85.0,82.0,64.0,386,1546.0,3.0,1520,1549.0,29.0,0,0,,0.0,0.0,5.0,24.0,0.0,2015-03-09,1,1,29.0,1,0.0,0.0,17.24,82.76,0.0
2015,2,14,6,AA,1027,N3LSAA,BOS,DFW,919,920.0,1.0,23.0,943.0,271.0,266.0,227.0,1562,1230.0,16.0,1250,1246.0,-4.0,0,0,,0.0,0.0,0.0,0.0,0.0,2015-02-14,0,0,0.0,0,0.0,0.0,0.0,0.0,0.0
2015,2,25,3,OO,4578,N432SW,MSP,OMA,725,722.0,-3.0,39.0,801.0,86.0,90.0,47.0,282,848.0,4.0,851,852.0,1.0,0,0,,0.0,0.0,0.0,0.0,0.0,2015-02-25,0,0,0.0,0,0.0,0.0,0.0,0.0,0.0
2015,2,15,7,US,519,N802AW,CLE,CLT,1535,1526.0,-9.0,19.0,1545.0,101.0,103.0,75.0,430,1700.0,9.0,1716,1709.0,-7.0,0,0,,0.0,0.0,0.0,0.0,0.0,2015-02-15,0,0,0.0,0,0.0,0.0,0.0,0.0,0.0
2015,3,5,4,UA,939,N471UA,IAD,PHX,1821,1926.0,65.0,67.0,2033.0,315.0,343.0,271.0,1956,2304.0,5.0,2136,2309.0,93.0,0,0,,28.0,0.0,0.0,0.0,65.0,2015-03-05,1,1,93.0,1,30.11,0.0,0.0,0.0,69.89
2015,2,18,3,MQ,3425,N682MQ,ORD,DSM,815,815.0,0.0,15.0,830.0,83.0,72.0,52.0,299,922.0,5.0,938,927.0,-11.0,0,0,,0.0,0.0,0.0,0.0,0.0,2015-02-18,0,0,0.0,0,0.0,0.0,0.0,0.0,0.0
2015,2,28,6,WN,4496,N659SW,DAL,MCI,1235,1237.0,2.0,25.0,1302.0,85.0,99.0,69.0,460,1411.0,5.0,1400,1416.0,16.0,0,0,,16.0,0.0,0.0,0.0,0.0,2015-02-28,0,1,16.0,1,100.0,0.0,0.0,0.0,0.0
2015,2,20,5,B6,879,N591JB,LAS,LGB,1441,1649.0,128.0,30.0,1719.0,64.0,76.0,43.0,231,1802.0,3.0,1545,1805.0,140.0,0,0,,12.0,10.0,0.0,118.0,0.0,2015-02-20,1,1,140.0,1,8.57,7.14,0.0,84.29,0.0
2015,3,18,3,UA,241,N478UA,ORD,SEA,1200,1159.0,-1.0,23.0,1222.0,276.0,269.0,242.0,1721,1424.0,4.0,1436,1428.0,-8.0,0,0,,0.0,0.0,0.0,0.0,0.0,2015-03-18,0,0,0.0,0,0.0,0.0,0.0,0.0,0.0
2015,3,23,1,WN,252,N287WN,STL,BWI,1830,1851.0,21.0,6.0,1857.0,115.0,106.0,97.0,738,2134.0,3.0,2125,2137.0,12.0,0,0,,0.0,0.0,0.0,0.0,0.0,2015-03-23,1,0,0.0,0,0.0,0.0,0.0,0.0,0.0
2015,2,16,1,US,522,N667AW,BOS,CLT,930,941.0,11.0,25.0,1006.0,154.0,151.0,114.0,728,1200.0,12.0,1204,1212.0,8.0,0,0,,0.0,0.0,0.0,0.0,0.0,2015-02-16,0,0,0.0,0,0.0,0.0,0.0,0.0,0.0
2015,3,2,1,OO,5320,N918SW,DEN,MAF,1411,1431.0,20.0,13.0,1444.0,100.0,107.0,88.0,563,1712.0,6.0,1651,1718.0,27.0,0,0,,7.0,0.0,3.0,17.0,0.0,2015-03-02,1,1,27.0,1,25.93,0.0,11.11,62.96,0.0
2015,3,14,6,WN,1474,N928WN,MDW,DSM,1555,1609.0,14.0,13.0,1622.0,70.0,66.0,49.0,306,1711.0,4.0,1705,1715.0,10.0,0,0,,0.0,0.0,0.0,0.0,0.0,2015-03-14,0,0,0.0,0,0.0,0.0,0.0,0.0,0.0
2015,3,15,7,EV,4494,N14117,AMA,IAH,655,651.0,-4.0,12.0,703.0,105.0,100.0,78.0,517,821.0,10.0,840,831.0,-9.0,0,0,,0.0,0.0,0.0,0.0,0.0,2015-03-15,0,0,0.0,0,0.0,0.0,0.0,0.0,0.0
2015,2,20,5,WN,3313,N921WN,MDW,LAS,610,607.0,-3.0,10.0,617.0,245.0,238.0,223.0,1521,800.0,5.0,815,805.0,-10.0,0,0,,0.0,0.0,0.0,0.0,0.0,2015-02-20,0,0,0.0,0,0.0,0.0,0.0,0.0,0.0
2015,2,26,4,OO,6193,N903SW,DEN,CPR,1626,1627.0,1.0,44.0,1711.0,66.0,89.0,40.0,230,1751.0,5.0,1732,1756.0,24.0,0,0,,23.0,0.0,0.0,1.0,0.0,2015-02-26,0,1,24.0,1,95.83,0.0,0.0,4.17,0.0
2015,3,24,2,MQ,3230,N522MQ,ORD,CMH,840,853.0,13.0,16.0,909.0,74.0,63.0,45.0,296,1054.0,2.0,1054,1056.0,2.0,0,0,,0.0,0.0,0.0,0.0,0.0,2015-03-24,0,0,0.0,0,0.0,0.0,0.0,0.0,0.0
2015,3,19,4,DL,762,N893AT,MDW,ATL,1759,1802.0,3.0,15.0,1817.0,118.0,109.0,80.0,591,2037.0,14.0,2057,2051.0,-6.0,0,0,,0.0,0.0,0.0,0.0,0.0,2015-03-19,0,0,0.0,0,0.0,0.0,0.0,0.0,0.0
2015,3,9,1,AA,1466,N403AA,DFW,PIT,1720,2224.0,304.0,15.0,2239.0,151.0,134.0,115.0,1067,134.0,4.0,2051,138.0,287.0,0,0,,0.0,0.0,0.0,287.0,0.0,2015-03-09,1,1,287.0,1,0.0,0.0,0.0,100.0,0.0
2015,3,23,1,DL,690,N943DN,AUS,ATL,1824,1820.0,-4.0,17.0,1837.0,127.0,124.0,98.0,813,2115.0,9.0,2131,2124.0,-7.0,0,0,,0.0,0.0,0.0,0.0,0.0,2015-03-23,0,0,0.0,0,0.0,0.0,0.0,0.0,0.0
2015,3,21,6,OO,6522,N959SW,LAX,PHX,1205,1159.0,-6.0,20.0,1219.0,87.0,90.0,64.0,370,1323.0,6.0,1332,1329.0,-3.0,0,0,,0.0,0.0,0.0,0.0,0.0,2015-03-21,0,0,0.0,0,0.0,0.0,0.0,0.0,0.0
2015,3,22,7,AA,2493,N3MDAA,DFW,LAX,2045,2128.0,43.0,14.0,2142.0,208.0,217.0,176.0,1235,2238.0,27.0,2213,2305.0,52.0,0,0,,52.0,0.0,0.0,0.0,0.0,2015-03-22,1,1,52.0,1,100.0,0.0,0.0,0.0,0.0
2015,2,17,2,DL,1442,N966AT,IAD,ATL,1858,1853.0,-5.0,21.0,1914.0,123.0,135.0,94.0,534,2048.0,20.0,2101,2108.0,7.0,0,0,,0.0,0.0,0.0,0.0,0.0,2015-02-17,0,0,0.0,0,0.0,0.0,0.0,0.0,0.0
2015,2,18,3,DL,1511,N392DA,DTW,DEN,841,842.0,1.0,37.0,919.0,203.0,201.0,157.0,1123,956.0,7.0,1004,1003.0,-1.0,0,0,,0.0,0.0,0.0,0.0,0.0,2015-02-18,0,0,0.0,0,0.0,0.0,0.0,0.0,0.0
2015,3,13,5,WN,127,N7735A,MDW,PIT,630,627.0,-3.0,19.0,646.0,80.0,77.0,53.0,402,839.0,5.0,850,844.0,-6.0,0,0,,0.0,0.0,0.0,0.0,0.0,2015-03-13,0,0,0.0,0,0.0,0.0,0.0,0.0,0.0
2015,3,7,6,OO,5310,N934SW,DEN,GCC,2000,1955.0,-5.0,14.0,2009.0,82.0,65.0,46.0,313,2055.0,5.0,2122,2100.0,-22.0,0,0,,0.0,0.0,0.0,0.0,0.0,2015-03-07,0,0,0.0,0,0.0,0.0,0.0,0.0,0.0
2015,3,15,7,DL,2451,N808DN,LAS,MEM,2355,2352.0,-3.0,14.0,6.0,191.0,187.0,170.0,1416,456.0,3.0,506,459.0,-7.0,0,0,,0.0,0.0,0.0,0.0,0.0,2015-03-15,0,0,0.0,0,0.0,0.0,0.0,0.0,0.0
2015,3,25,3,UA,377,N832UA,SNA,DEN,700,657.0,-3.0,19.0,716.0,145.0,152.0,118.0,846,1014.0,15.0,1025,1029.0,4.0,0,0,,0.0,0.0,0.0,0.0,0.0,2015-03-25,0,0,0.0,0,0.0,0.0,0.0,0.0,0.0
2015,3,2,1,EV,3936,N14570,LAN,ORD,1538,1528.0,-10.0,22.0,1550.0,66.0,81.0,38.0,179,1528.0,21.0,1544,1549.0,5.0,0,0,,0.0,0.0,0.0,0.0,0.0,2015-03-02,0,0,0.0,0,0.0,0.0,0.0,0.0,0.0
2015,2,22,7,MQ,3697,N660MQ,GPT,DFW,1020,1016.0,-4.0,8.0,1024.0,115.0,107.0,85.0,500,1149.0,14.0,1215,1203.0,-12.0,0,0,,0.0,0.0,0.0,0.0,0.0,2015-02-22,0,0,0.0,0,0.0,0.0,0.0,0.0,0.0
2015,3,19,4,MQ,3590,N843MQ,DFW,AEX,1645,1641.0,-4.0,17.0,1658.0,68.0,62.0,43.0,285,1741.0,2.0,1753,1743.0,-10.0,0,0,,0.0,0.0,0.0,0.0,0.0,2015-03-19,0,0,0.0,0,0.0,0.0,0.0,0.0,0.0
2015,3,18,3,DL,2289,N943DL,ATL,AVL,2036,2052.0,16.0,39.0,2131.0,58.0,76.0,31.0,164,2202.0,6.0,2134,2208.0,34.0,0,0,,18.0,0.0,16.0,0.0,0.0,2015-03-18,1,1,34.0,1,52.94,0.0,47.06,0.0,0.0
2015,3,7,6,OO,3489,N227AG,FAT,SEA,600,550.0,-10.0,16.0,606.0,133.0,133.0,106.0,748,752.0,11.0,813,803.0,-10.0,0,0,,0.0,0.0,0.0,0.0,0.0,2015-03-07,0,0,0.0,0,0.0,0.0,0.0,0.0,0.0
2015,3,4,3,OO,5257,N762SK,JAC,SFO,1215,1206.0,-9.0,11.0,1217.0,149.0,129.0,113.0,737,1310.0,5.0,1344,1315.0,-29.0,0,0,,0.0,0.0,0.0,0.0,0.0,2015-03-04,0,0,0.0,0,0.0,0.0,0.0,0.0,0.0
2015,3,17,2,WN,637,N757LV,RSW,BWI,1315,1315.0,0.0,12.0,1327.0,150.0,140.0,124.0,919,1531.0,4.0,1545,1535.0,-10.0,0,0,,0.0,0.0,0.0,0.0,0.0,2015-03-17,0,0,0.0,0,0.0,0.0,0.0,0.0,0.0
2015,2,18,3,WN,3584,N550WN,TUS,SAN,1530,1538.0,8.0,10.0,1548.0,75.0,70.0,56.0,368,1544.0,4.0,1545,1548.0,3.0,0,0,,0.0,0.0,0.0,0.0,0.0,2015-02-18,0,0,0.0,0,0.0,0.0,0.0,0.0,0.0
2015,3,21,6,DL,873,N6714Q,STT,ATL,1642,1658.0,16.0,29.0,1727.0,256.0,250.0,215.0,1599,2102.0,6.0,2058,2108.0,10.0,0,0,,0.0,0.0,0.0,0.0,0.0,2015-03-21,1,0,0.0,0,0.0,0.0,0.0,0.0,0.0
2015,2,19,4,AA,934,N3DLAA,BDL,DFW,1742,1805.0,23.0,8.0,1813.0,253.0,225.0,204.0,1471,2037.0,13.0,2055,2050.0,-5.0,0,0,,0.0,0.0,0.0,0.0,0.0,2015-02-19,1,0,0.0,0,0.0,0.0,0.0,0.0,0.0
2015,3,5,4,UA,1175,N30401,PDX,IAH,1223,1212.0,-11.0,9.0,1221.0,235.0,237.0,213.0,1825,1754.0,15.0,1818,1809.0,-9.0,0,0,,0.0,0.0,0.0,0.0,0.0,2015-03-05,0,0,0.0,0,0.0,0.0,0.0,0.0,0.0
2015,3,1,7,DL,872,N3757D,DCA,ATL,700,653.0,-7.0,23.0,716.0,128.0,124.0,96.0,547,852.0,5.0,908,857.0,-11.0,0,0,,0.0,0.0,0.0,0.0,0.0,2015-03-01,0,0,0.0,0,0.0,0.0,0.0,0.0,0.0
2015,3,21,6,EV,5155,N921EV,ATL,AEX,1608,1604.0,-4.0,13.0,1617.0,102.0,98.0,83.0,500,1640.0,2.0,1650,1642.0,-8.0,0,0,,0.0,0.0,0.0,0.0,0.0,2015-03-21,0,0,0.0,0,0.0,0.0,0.0,0.0,0.0
2015,3,24,2,UA,1459,N19136,IAH,EWR,1431,1532.0,61.0,19.0,1551.0,209.0,191.0,160.0,1400,1931.0,12.0,1900,1943.0,43.0,0,0,,0.0,0.0,43.0,0.0,0.0,2015-03-24,1,1,43.0,1,0.0,0.0,100.0,0.0,0.0
2015,3,13,5,WN,237,N959WN,TPA,ALB,1620,1630.0,10.0,9.0,1639.0,165.0,159.0,146.0,1130,1905.0,4.0,1905,1909.0,4.0,0,0,,0.0,0.0,0.0,0.0,0.0,2015-03-13,0,0,0.0,0,0.0,0.0,0.0,0.0,0.0
2015,3,2,1,AA,115,N3BUAA,LAX,MIA,105,109.0,4.0,15.0,124.0,285.0,282.0,258.0,2342,842.0,9.0,850,851.0,1.0,0,0,,0.0,0.0,0.0,0.0,0.0,2015-03-02,0,0,0.0,0,0.0,0.0,0.0,0.0,0.0
2015,3,25,3,HA,325,N492HA,OGG,HNL,1752,1746.0,-6.0,6.0,1752.0,35.0,35.0,25.0,100,1817.0,4.0,1827,1821.0,-6.0,0,0,,0.0,0.0,0.0,0.0,0.0,2015-03-25,0,0,0.0,0,0.0,0.0,0.0,0.0,0.0
2015,2,13,5,OO,5556,N742SK,LAX,AUS,823,936.0,73.0,16.0,952.0,178.0,186.0,166.0,1242,1438.0,4.0,1321,1442.0,81.0,0,0,,8.0,0.0,0.0,73.0,0.0,2015-02-13,1,1,81.0,1,9.88,0.0,0.0,90.12,0.0
2015,3,20,5,UA,324,N805UA,SFO,PHX,850,849.0,-1.0,19.0,908.0,118.0,117.0,89.0,651,1037.0,9.0,1048,1046.0,-2.0,0,0,,0.0,0.0,0.0,0.0,0.0,2015-03-20,0,0,0.0,0,0.0,0.0,0.0,0.0,0.0
2015,3,20,5,OO,2745,N821AS,BFL,PHX,1859,1850.0,-9.0,12.0,1902.0,88.0,100.0,72.0,425,2014.0,16.0,2027,2030.0,3.0,0,0,,0.0,0.0,0.0,0.0,0.0,2015-03-20,0,0,0.0,0,0.0,0.0,0.0,0.0,0.0
2015,3,16,1,F9,756,N925FR,PHX,DEN,504,454.0,-10.0,9.0,503.0,106.0,106.0,89.0,602,732.0,8.0,750,740.0,-10.0,0,0,,0.0,0.0,0.0,0.0,0.0,2015-03-16,0,0,0.0,0,0.0,0.0,0.0,0.0,0.0
2015,3,12,4,US,1726,N958UW,BOS,PHL,1700,1656.0,-4.0,17.0,1713.0,105.0,90.0,62.0,280,1815.0,11.0,1845,1826.0,-19.0,0,0,,0.0,0.0,0.0,0.0,0.0,2015-03-12,0,0,0.0,0,0.0,0.0,0.0,0.0,0.0
2015,2,22,7,US,1908,N582UW,CLT,ORD,1800,1918.0,78.0,19.0,1937.0,129.0,127.0,97.0,599,2014.0,11.0,1909,2025.0,76.0,0,0,,0.0,0.0,76.0,0.0,0.0,2015-02-22,1,1,76.0,1,0.0,0.0,100.0,0.0,0.0
2015,3,7,6,EV,4373,N21129,EWR,DCA,1645,1641.0,-4.0,36.0,1717.0,73.0,84.0,43.0,199,1800.0,5.0,1758,1805.0,7.0,0,0,,0.0,0.0,0.0,0.0,0.0,2015-03-07,0,0,0.0,0,0.0,0.0,0.0,0.0,0.0
2015,2,25,3,MQ,3158,N668MQ,SGF,ORD,1130,1159.0,29.0,14.0,1213.0,93.0,89.0,63.0,438,1316.0,12.0,1303,1328.0,25.0,0,0,,0.0,0.0,4.0,21.0,0.0,2015-02-25,1,1,25.0,1,0.0,0.0,16.0,84.0,0.0
2015,3,23,1,OO,5367,N920SW,ONT,SFO,1030,1053.0,23.0,47.0,1140.0,88.0,112.0,61.0,363,1241.0,4.0,1158,1245.0,47.0,0,0,,47.0,0.0,0.0,0.0,0.0,2015-03-23,1,1,47.0,1,100.0,0.0,0.0,0.0,0.0
2015,3,12,4,EV,4687,N13908,EWR,CVG,1305,1338.0,33.0,13.0,1351.0,132.0,113.0,93.0,569,1524.0,7.0,1517,1531.0,14.0,0,0,,0.0,0.0,0.0,0.0,0.0,2015-03-12,1,0,0.0,0,0.0,0.0,0.0,0.0,0.0
2015,3,7,6,OO,7403,N8982A,HIB,INL,1912,1901.0,-11.0,13.0,1914.0,49.0,39.0,22.0,86,1936.0,4.0,2001,1940.0,-21.0,0,0,,0.0,0.0,0.0,0.0,0.0,2015-03-07,0,0,0.0,0,0.0,0.0,0.0,0.0,0.0
2015,3,8,7,WN,3050,N631SW,HOU,ATL,750,748.0,-2.0,12.0,800.0,115.0,113.0,93.0,696,1033.0,8.0,1045,1041.0,-4.0,0,0,,0.0,0.0,0.0,0.0,0.0,2015-03-08,0,0,0.0,0,0.0,0.0,0.0,0.0,0.0
2015,3,1,7,WN,2068,N217JC,PHX,ABQ,1150,1232.0,42.0,9.0,1241.0,65.0,53.0,41.0,328,1322.0,3.0,1255,1325.0,30.0,0,0,,0.0,0.0,2.0,28.0,0.0,2015-03-01,1,1,30.0,1,0.0,0.0,6.67,93.33,0.0
2015,2,17,2,WN,3124,N8326F,DAL,PHX,615,614.0,-1.0,7.0,621.0,160.0,152.0,141.0,879,742.0,4.0,755,746.0,-9.0,0,0,,0.0,0.0,0.0,0.0,0.0,2015-02-17,0,0,0.0,0,0.0,0.0,0.0,0.0,0.0
2015,2,13,5,OO,5396,N965SW,ORD,FWA,1310,1310.0,0.0,63.0,1413.0,64.0,99.0,28.0,157,1541.0,8.0,1514,1549.0,35.0,0,0,,35.0,0.0,0.0,0.0,0.0,2015-02-13,0,1,35.0,1,100.0,0.0,0.0,0.0,0.0
2015,2,18,3,DL,2422,N995DL,ATL,CLT,730,745.0,15.0,10.0,755.0,77.0,56.0,40.0,226,835.0,6.0,847,841.0,-6.0,0,0,,0.0,0.0,0.0,0.0,0.0,2015-02-18,0,0,0.0,0,0.0,0.0,0.0,0.0,0.0
2015,3,22,7,UA,316,N408UA,PHX,IAD,715,708.0,-7.0,11.0,719.0,255.0,233.0,213.0,1956,1352.0,9.0,1430,1401.0,-29.0,0,0,,0.0,0.0,0.0,0.0,0.0,2015-03-22,0,0,0.0,0,0.0,0.0,0.0,0.0,0.0
2015,3,18,3,WN,228,N720WN,OMA,PHX,1120,1115.0,-5.0,8.0,1123.0,175.0,163.0,144.0,1037,1147.0,11.0,1215,1158.0,-17.0,0,0,,0.0,0.0,0.0,0.0,0.0,2015-03-18,0,0,0.0,0,0.0,0.0,0.0,0.0,0.0
2015,3,10,2,MQ,3278,N668MQ,DFW,BTR,735,732.0,-3.0,17.0,749.0,79.0,85.0,65.0,383,854.0,3.0,854,857.0,3.0,0,0,,0.0,0.0,0.0,0.0,0.0,2015-03-10,0,0,0.0,0,0.0,0.0,0.0,0.0,0.0
2015,2,16,1,OO,6191,N498CA,DEN,BFL,1110,1140.0,30.0,29.0,1209.0,157.0,145.0,112.0,845,1301.0,4.0,1247,1305.0,18.0,0,0,,0.0,0.0,0.0,18.0,0.0,2015-02-16,1,1,18.0,1,0.0,0.0,0.0,100.0,0.0
2015,2,22,7,OO,4484,N441SW,DTW,DAY,1730,1732.0,2.0,11.0,1743.0,66.0,55.0,35.0,166,1818.0,9.0,1836,1827.0,-9.0,0,0,,0.0,0.0,0.0,0.0,0.0,2015-02-22,0,0,0.0,0,0.0,0.0,0.0,0.0,0.0
2015,3,16,1,WN,435,N528SW,MSY,HOU,920,919.0,-1.0,9.0,928.0,75.0,64.0,52.0,302,1020.0,3.0,1035,1023.0,-12.0,0,0,,0.0,0.0,0.0,0.0,0.0,2015-03-16,0,0,0.0,0,0.0,0.0,0.0,0.0,0.0
2015,3,23,1,WN,472,N641SW,SAN,PHX,630,630.0,0.0,8.0,638.0,75.0,68.0,45.0,304,723.0,15.0,745,738.0,-7.0,0,0,,0.0,0.0,0.0,0.0,0.0,2015-03-23,0,0,0.0,0,0.0,0.0,0.0,0.0,0.0
2015,3,11,3,WN,670,N778SW,TUL,MDW,1020,1013.0,-7.0,13.0,1026.0,95.0,95.0,78.0,583,1144.0,4.0,1155,1148.0,-7.0,0,0,,0.0,0.0,0.0,0.0,0.0,2015-03-11,0,0,0.0,0,0.0,0.0,0.0,0.0,0.0
2015,2,16,1,MQ,3669,N622MQ,GSO,DFW,727,729.0,2.0,12.0,741.0,203.0,206.0,181.0,999,942.0,13.0,950,955.0,5.0,0,0,,0.0,0.0,0.0,0.0,0.0,2015-02-16,0,0,0.0,0,0.0,0.0,0.0,0.0,0.0
2015,3,22,7,WN,213,N8324A,STL,PHX,1245,1245.0,0.0,8.0,1253.0,210.0,188.0,174.0,1262,1347.0,6.0,1415,1353.0,-22.0,0,0,,0.0,0.0,0.0,0.0,0.0,2015-03-22,0,0,0.0,0,0.0,0.0,0.0,0.0,0.0
2015,3,3,2,EV,3956,N27152,ORD,DSM,924,1128.0,124.0,14.0,1142.0,78.0,75.0,56.0,299,1238.0,5.0,1042,1243.0,121.0,0,0,,0.0,0.0,103.0,18.0,0.0,2015-03-03,1,1,121.0,1,0.0,0.0,85.12,14.88,0.0
2015,2,22,7,AA,1365,N3JKAA,DFW,AUS,1410,1427.0,17.0,18.0,1445.0,55.0,66.0,43.0,190,1528.0,5.0,1505,1533.0,28.0,0,0,,11.0,0.0,17.0,0.0,0.0,2015-02-22,1,1,28.0,1,39.29,0.0,60.71,0.0,0.0
2015,2,28,6,UA,1094,N76505,ORD,MTJ,945,958.0,13.0,18.0,1016.0,187.0,183.0,160.0,1081,1156.0,5.0,1152,1201.0,9.0,0,0,,0.0,0.0,0.0,0.0,0.0,2015-02-28,0,0,0.0,0,0.0,0.0,0.0,0.0,0.0
2015,2,21,6,MQ,3626,N672MQ,CVG,DFW,1435,1644.0,129.0,72.0,1756.0,165.0,225.0,145.0,812,1921.0,8.0,1620,1929.0,189.0,0,0,,60.0,0.0,24.0,105.0,0.0,2015-02-21,1,1,189.0,1,31.75,0.0,12.7,55.56,0.0
2015,2,16,1,WN,1120,N432WN,PHX,SLC,1720,1717.0,-3.0,8.0,1725.0,95.0,92.0,81.0,507,1846.0,3.0,1855,1849.0,-6.0,0,0,,0.0,0.0,0.0,0.0,0.0,2015-02-16,0,0,0.0,0,0.0,0.0,0.0,0.0,0.0
2015,2,25,3,WN,429,N907WN,LAS,BUR,745,740.0,-5.0,9.0,749.0,60.0,57.0,46.0,223,835.0,2.0,845,837.0,-8.0,0,0,,0.0,0.0,0.0,0.0,0.0,2015-02-25,0,0,0.0,0,0.0,0.0,0.0,0.0,0.0
2015,3,12,4,AA,1555,N005AA,DFW,ELP,2040,2036.0,-4.0,18.0,2054.0,104.0,99.0,77.0,551,2111.0,4.0,2124,2115.0,-9.0,0,0,,0.0,0.0,0.0,0.0,0.0,2015-03-12,0,0,0.0,0,0.0,0.0,0.0,0.0,0.0
2015,2,23,1,UA,1760,N76523,TPA,CLE,1127,1126.0,-1.0,14.0,1140.0,153.0,152.0,133.0,927,1353.0,5.0,1400,1358.0,-2.0,0,0,,0.0,0.0,0.0,0.0,0.0,2015-02-23,0,0,0.0,0,0.0,0.0,0.0,0.0,0.0
2015,3,5,4,DL,1488,N723TW,SEA,LAX,1237,1247.0,10.0,22.0,1309.0,163.0,154.0,122.0,954,1511.0,10.0,1520,1521.0,1.0,0,0,,0.0,0.0,0.0,0.0,0.0,2015-03-05,0,0,0.0,0,0.0,0.0,0.0,0.0,0.0
2015,2,26,4,WN,4972,N605SW,PHX,DAL,1655,1655.0,0.0,8.0,1703.0,130.0,126.0,111.0,879,1954.0,7.0,2005,2001.0,-4.0,0,0,,0.0,0.0,0.0,0.0,0.0,2015-02-26,0,0,0.0,0,0.0,0.0,0.0,0.0,0.0
2015,3,7,6,UA,1140,N45440,MCO,CLE,1144,1336.0,112.0,13.0,1349.0,152.0,137.0,116.0,895,1545.0,8.0,1416,1553.0,97.0,0,0,,0.0,0.0,36.0,61.0,0.0,2015-03-07,1,1,97.0,1,0.0,0.0,37.11,62.89,0.0
2015,3,5,4,WN,1181,N755SA,DEN,SMF,1205,1219.0,14.0,11.0,1230.0,160.0,138.0,122.0,909,1332.0,5.0,1345,1337.0,-8.0,0,0,,0.0,0.0,0.0,0.0,0.0,2015-03-05,0,0,0.0,0,0.0,0.0,0.0,0.0,0.0
2015,3,12,4,US,411,N193UW,CLT,MIA,1145,1143.0,-2.0,15.0,1158.0,131.0,115.0,95.0,650,1333.0,5.0,1356,1338.0,-18.0,0,0,,0.0,0.0,0.0,0.0,0.0,2015-03-12,0,0,0.0,0,0.0,0.0,0.0,0.0,0.0
2015,3,8,7,US,2019,N548UW,FLL,PHL,1400,1359.0,-1.0,16.0,1415.0,166.0,158.0,137.0,992,1632.0,5.0,1646,1637.0,-9.0,0,0,,0.0,0.0,0.0,0.0,0.0,2015-03-08,0,0,0.0,0,0.0,0.0,0.0,0.0,0.0
2015,3,19,4,WN,4008,N438WN,BUR,OAK,2030,2031.0,1.0,11.0,2042.0,70.0,73.0,56.0,325,2138.0,6.0,2140,2144.0,4.0,0,0,,0.0,0.0,0.0,0.0,0.0,2015-03-19,0,0,0.0,0,0.0,0.0,0.0,0.0,0.0
2015,3,11,3,WN,327,N352SW,STL,BWI,1330,1337.0,7.0,9.0,1346.0,115.0,108.0,92.0,738,1618.0,7.0,1625,1625.0,0.0,0,0,,0.0,0.0,0.0,0.0,0.0,2015-03-11,0,0,0.0,0,0.0,0.0,0.0,0.0,0.0
2015,3,8,7,AA,2343,N3ARAA,DFW,ORD,2050,2209.0,79.0,12.0,2221.0,122.0,113.0,96.0,802,2357.0,5.0,2252,2.0,70.0,0,0,,0.0,0.0,4.0,66.0,0.0,2015-03-08,1,1,70.0,1,0.0,0.0,5.71,94.29,0.0
2015,3,10,2,US,635,N177US,PHX,FLL,849,851.0,2.0,37.0,928.0,255.0,274.0,234.0,1972,1622.0,3.0,1604,1625.0,21.0,0,0,,19.0,0.0,2.0,0.0,0.0,2015-03-10,0,1,21.0,1,90.48,0.0,9.52,0.0,0.0
2015,3,16,1,NK,212,N524NK,STT,FLL,1615,1614.0,-1.0,8.0,1622.0,186.0,173.0,160.0,1107,1902.0,5.0,1921,1907.0,-14.0,0,0,,0.0,0.0,0.0,0.0,0.0,2015-03-16,0,0,0.0,0,0.0,0.0,0.0,0.0,0.0
2015,3,4,3,DL,450,N660DL,JFK,SLC,1119,1250.0,91.0,12.0,1302.0,306.0,321.0,302.0,1990,1604.0,7.0,1425,1611.0,106.0,0,0,,15.0,0.0,0.0,25.0,66.0,2015-03-04,1,1,106.0,1,14.15,0.0,0.0,23.58,62.26
2015,2,17,2,OO,2682,N496CA,PHX,GJT,950,946.0,-4.0,20.0,1006.0,94.0,89.0,66.0,438,1112.0,3.0,1124,1115.0,-9.0,0,0,,0.0,0.0,0.0,0.0,0.0,2015-02-17,0,0,0.0,0,0.0,0.0,0.0,0.0,0.0
2015,2,20,5,NK,730,N515NK,LAX,ORD,1045,1053.0,8.0,11.0,1104.0,235.0,253.0,197.0,1744,1621.0,45.0,1640,1706.0,26.0,0,0,,26.0,0.0,0.0,0.0,0.0,2015-02-20,0,1,26.0,1,100.0,0.0,0.0,0.0,0.0
2015,2,22,7,AA,2427,N485AA,DFW,ONT,2205,2210.0,5.0,38.0,2248.0,191.0,221.0,175.0,1188,2343.0,8.0,2316,2351.0,35.0,0,0,,35.0,0.0,0.0,0.0,0.0,2015-02-22,0,1,35.0,1,100.0,0.0,0.0,0.0,0.0
2015,3,2,1,MQ,3402,N824MQ,LGA,CMH,1349,1536.0,107.0,24.0,1600.0,112.0,133.0,88.0,479,1728.0,21.0,1541,1749.0,128.0,0,0,,33.0,0.0,0.0,95.0,0.0,2015-03-02,1,1,128.0,1,25.78,0.0,0.0,74.22,0.0
2015,3,18,3,AA,1334,N3LHAA,SAN,ORD,655,645.0,-10.0,18.0,703.0,241.0,233.0,202.0,1723,1225.0,13.0,1256,1238.0,-18.0,0,0,,0.0,0.0,0.0,0.0,0.0,2015-03-18,0,0,0.0,0,0.0,0.0,0.0,0.0,0.0
2015,2,28,6,EV,4681,N13913,ORD,CLE,1455,1450.0,-5.0,14.0,1504.0,82.0,70.0,51.0,315,1655.0,5.0,1717,1700.0,-17.0,0,0,,0.0,0.0,0.0,0.0,0.0,2015-02-28,0,0,0.0,0,0.0,0.0,0.0,0.0,0.0
2015,2,14,6,WN,3653,N7749B,MDW,PHX,920,934.0,14.0,22.0,956.0,240.0,229.0,200.0,1444,1216.0,7.0,1220,1223.0,3.0,0,0,,0.0,0.0,0.0,0.0,0.0,2015-02-14,0,0,0.0,0,0.0,0.0,0.0,0.0,0.0
2015,3,25,3,US,1984,N624AW,CLT,EWR,744,759.0,15.0,26.0,825.0,105.0,110.0,80.0,529,945.0,4.0,929,949.0,20.0,0,0,,5.0,0.0,15.0,0.0,0.0,2015-03-25,0,1,20.0,1,25.0,0.0,75.0,0.0,0.0
2015,3,8,7,DL,1995,N969DL,LGA,ATL,1500,1513.0,13.0,18.0,1531.0,164.0,146.0,122.0,762,1733.0,6.0,1744,1739.0,-5.0,0,0,,0.0,0.0,0.0,0.0,0.0,2015-03-08,0,0,0.0,0,0.0,0.0,0.0,0.0,0.0
2015,3,19,4,WN,2786,N623SW,TPA,DAY,910,910.0,0.0,8.0,918.0,140.0,130.0,118.0,828,1116.0,4.0,1130,1120.0,-10.0,0,0,,0.0,0.0,0.0,0.0,0.0,2015-03-19,0,0,0.0,0,0.0,0.0,0.0,0.0,0.0
2015,2,23,1,UA,352,N804UA,IAH,DCA,1303,1303.0,0.0,20.0,1323.0,176.0,163.0,140.0,1208,1643.0,3.0,1659,1646.0,-13.0,0,0,,0.0,0.0,0.0,0.0,0.0,2015-02-23,0,0,0.0,0,0.0,0.0,0.0,0.0,0.0
2015,2,24,2,EV,4913,N740EV,BHM,DTW,1019,1014.0,-5.0,11.0,1025.0,116.0,112.0,95.0,625,1300.0,6.0,1315,1306.0,-9.0,0,0,,0.0,0.0,0.0,0.0,0.0,2015-02-24,0,0,0.0,0,0.0,0.0,0.0,0.0,0.0
2015,2,23,1,WN,43,N240WN,MDW,ROC,2140,2208.0,28.0,7.0,2215.0,90.0,84.0,68.0,523,23.0,9.0,10,32.0,22.0,0,0,,0.0,0.0,5.0,17.0,0.0,2015-02-23,1,1,22.0,1,0.0,0.0,22.73,77.27,0.0
2015,3,12,4,UA,1430,N41140,OGG,DEN,2010,2017.0,7.0,52.0,2109.0,402.0,417.0,357.0,3302,706.0,8.0,652,714.0,22.0,0,0,,15.0,0.0,7.0,0.0,0.0,2015-03-12,0,1,22.0,1,68.18,0.0,31.82,0.0,0.0
2015,2,19,4,DL,2439,N905DE,ATL,DAB,1533,1536.0,3.0,13.0,1549.0,81.0,67.0,50.0,366,1639.0,4.0,1654,1643.0,-11.0,0,0,,0.0,0.0,0.0,0.0,0.0,2015-02-19,0,0,0.0,0,0.0,0.0,0.0,0.0,0.0
2015,2,28,6,MQ,3646,N825MQ,DFW,BMI,1740,1740.0,0.0,68.0,1848.0,115.0,167.0,92.0,690,2020.0,7.0,1935,2027.0,52.0,0,0,,52.0,0.0,0.0,0.0,0.0,2015-02-28,0,1,52.0,1,100.0,0.0,0.0,0.0,0.0
2015,2,23,1,AS,507,N566AS,SNA,SEA,1555,1551.0,-4.0,9.0,1600.0,162.0,165.0,149.0,978,1829.0,7.0,1837,1836.0,-1.0,0,0,,0.0,0.0,0.0,0.0,0.0,2015-02-23,0,0,0.0,0,0.0,0.0,0.0,0.0,0.0
2015,3,20,5,WN,3667,N270WN,LAX,ATL,545,544.0,-1.0,18.0,602.0,255.0,248.0,224.0,1947,1246.0,6.0,1300,1252.0,-8.0,0,0,,0.0,0.0,0.0,0.0,0.0,2015-03-20,0,0,0.0,0,0.0,0.0,0.0,0.0,0.0
2015,3,20,5,WN,347,N296WN,ROC,MCO,1550,1603.0,13.0,9.0,1612.0,165.0,154.0,137.0,1033,1829.0,8.0,1835,1837.0,2.0,0,0,,0.0,0.0,0.0,0.0,0.0,2015-03-20,0,0,0.0,0,0.0,0.0,0.0,0.0,0.0
2015,3,2,1,MQ,3035,N905MQ,BWI,ORD,1811,1803.0,-8.0,14.0,1817.0,149.0,223.0,118.0,622,1915.0,91.0,1940,2046.0,66.0,0,0,,66.0,0.0,0.0,0.0,0.0,2015-03-02,0,1,66.0,1,100.0,0.0,0.0,0.0,0.0
2015,3,6,5,EV,5082,N228PQ,ATL,BMI,1016,1027.0,11.0,18.0,1045.0,98.0,99.0,77.0,533,1102.0,4.0,1054,1106.0,12.0,0,0,,0.0,0.0,0.0,0.0,0.0,2015-03-06,0,0,0.0,0,0.0,0.0,0.0,0.0,0.0
2015,2,16,1,WN,3676,N384SW,PWM,BWI,1230,1228.0,-2.0,10.0,1238.0,105.0,96.0,77.0,452,1355.0,9.0,1415,1404.0,-11.0,0,0,,0.0,0.0,0.0,0.0,0.0,2015-02-16,0,0,0.0,0,0.0,0.0,0.0,0.0,0.0
2015,2,26,4,MQ,3153,N809MQ,DFW,TLH,1010,1013.0,3.0,14.0,1027.0,116.0,113.0,92.0,767,1259.0,7.0,1306,1306.0,0.0,0,0,,0.0,0.0,0.0,0.0,0.0,2015-02-26,0,0,0.0,0,0.0,0.0,0.0,0.0,0.0
2015,3,10,2,UA,1425,N15712,DEN,EWR,2344,2335.0,-9.0,9.0,2344.0,223.0,193.0,175.0,1605,439.0,9.0,527,448.0,-39.0,0,0,,0.0,0.0,0.0,0.0,0.0,2015-03-10,0,0,0.0,0,0.0,0.0,0.0,0.0,0.0
2015,3,7,6,AA,2319,N474AA,ORD,DFW,1040,1032.0,-8.0,9.0,1041.0,153.0,143.0,121.0,802,1242.0,13.0,1313,1255.0,-18.0,0,0,,0.0,0.0,0.0,0.0,0.0,2015-03-07,0,0,0.0,0,0.0,0.0,0.0,0.0,0.0
2015,3,16,1,WN,2324,N7744A,ORF,MDW,1710,1706.0,-4.0,8.0,1714.0,135.0,127.0,114.0,704,1808.0,5.0,1825,1813.0,-12.0,0,0,,0.0,0.0,0.0,0.0,0.0,2015-03-16,0,0,0.0,0,0.0,0.0,0.0,0.0,0.0
2015,3,16,1,US,1775,N951UW,BOS,PHL,1330,1324.0,-6.0,40.0,1404.0,99.0,116.0,72.0,280,1516.0,4.0,1509,1520.0,11.0,0,0,,0.0,0.0,0.0,0.0,0.0,2015-03-16,0,0,0.0,0,0.0,0.0,0.0,0.0,0.0
2015,3,24,2,HA,305,N488HA,OGG,HNL,1038,1036.0,-2.0,6.0,1042.0,36.0,34.0,22.0,100,1104.0,6.0,1114,1110.0,-4.0,0,0,,0.0,0.0,0.0,0.0,0.0,2015-03-24,0,0,0.0,0,0.0,0.0,0.0,0.0,0.0
2015,2,23,1,EV,5390,N707EV,MDW,DTW,918,927.0,9.0,10.0,937.0,72.0,58.0,41.0,228,1118.0,7.0,1130,1125.0,-5.0,0,0,,0.0,0.0,0.0,0.0,0.0,2015-02-23,0,0,0.0,0,0.0,0.0,0.0,0.0,0.0
2015,3,6,5,MQ,2941,N612MQ,ORD,DAY,1305,1322.0,17.0,13.0,1335.0,64.0,59.0,40.0,240,1515.0,6.0,1509,1521.0,12.0,0,0,,0.0,0.0,0.0,0.0,0.0,2015-03-06,1,0,0.0,0,0.0,0.0,0.0,0.0,0.0
2015,3,15,7,F9,580,N214FR,SLC,DEN,2130,2126.0,-4.0,14.0,2140.0,80.0,80.0,56.0,391,2236.0,10.0,2250,2246.0,-4.0,0,0,,0.0,0.0,0.0,0.0,0.0,2015-03-15,0,0,0.0,0,0.0,0.0,0.0,0.0,0.0
2015,3,19,4,DL,1703,N339NW,DTW,TPA,1025,1020.0,-5.0,18.0,1038.0,159.0,149.0,128.0,983,1246.0,3.0,1304,1249.0,-15.0,0,0,,0.0,0.0,0.0,0.0,0.0,2015-03-19,0,0,0.0,0,0.0,0.0,0.0,0.0,0.0
2015,2,23,1,EV,4766,N15973,IAD,CLE,2203,2156.0,-7.0,15.0,2211.0,80.0,70.0,49.0,288,2300.0,6.0,2323,2306.0,-17.0,0,0,,0.0,0.0,0.0,0.0,0.0,2015-02-23,0,0,0.0,0,0.0,0.0,0.0,0.0,0.0
2015,3,18,3,AA,1142,N3BBAA,ORD,CLT,1800,1757.0,-3.0,13.0,1810.0,119.0,99.0,76.0,599,2026.0,10.0,2059,2036.0,-23.0,0,0,,0.0,0.0,0.0,0.0,0.0,2015-03-18,0,0,0.0,0,0.0,0.0,0.0,0.0,0.0
2015,3,22,7,US,834,N945UW,PHL,SAT,1755,1806.0,11.0,31.0,1837.0,259.0,237.0,204.0,1496,2101.0,2.0,2114,2103.0,-11.0,0,0,,0.0,0.0,0.0,0.0,0.0,2015-03-22,0,0,0.0,0,0.0,0.0,0.0,0.0,0.0
2015,3,1,7,EV,5254,N981EV,ATL,MYR,1659,1704.0,5.0,12.0,1716.0,66.0,64.0,47.0,317,1803.0,5.0,1805,1808.0,3.0,0,0,,0.0,0.0,0.0,0.0,0.0,2015-03-01,0,0,0.0,0,0.0,0.0,0.0,0.0,0.0
2015,3,12,4,AA,336,N503AA,ABQ,DFW,901,859.0,-2.0,17.0,916.0,104.0,108.0,83.0,569,1139.0,8.0,1145,1147.0,2.0,0,0,,0.0,0.0,0.0,0.0,0.0,2015-03-12,0,0,0.0,0,0.0,0.0,0.0,0.0,0.0
2015,3,16,1,WN,3863,N718SW,CLE,MDW,1435,1431.0,-4.0,6.0,1437.0,75.0,63.0,53.0,307,1430.0,4.0,1450,1434.0,-16.0,0,0,,0.0,0.0,0.0,0.0,0.0,2015-03-16,0,0,0.0,0,0.0,0.0,0.0,0.0,0.0
2015,3,6,5,UA,1174,N14250,ORD,MSP,1723,1740.0,17.0,13.0,1753.0,95.0,83.0,58.0,334,1851.0,12.0,1858,1903.0,5.0,0,0,,0.0,0.0,0.0,0.0,0.0,2015-03-06,1,0,0.0,0,0.0,0.0,0.0,0.0,0.0
2015,3,18,3,OO,5421,N237SW,LAX,SBP,1658,1650.0,-8.0,17.0,1707.0,62.0,56.0,36.0,156,1743.0,3.0,1800,1746.0,-14.0,0,0,,0.0,0.0,0.0,0.0,0.0,2015-03-18,0,0,0.0,0,0.0,0.0,0.0,0.0,0.0
2015,2,27,5,DL,1302,N938AT,SDF,ATL,1232,1225.0,-7.0,11.0,1236.0,95.0,73.0,57.0,321,1333.0,5.0,1407,1338.0,-29.0,0,0,,0.0,0.0,0.0,0.0,0.0,2015-02-27,0,0,0.0,0,0.0,0.0,0.0,0.0,0.0
2015,3,10,2,WN,347,N448WN,ROC,MCO,1550,1545.0,-5.0,8.0,1553.0,165.0,159.0,145.0,1033,1818.0,6.0,1835,1824.0,-11.0,0,0,,0.0,0.0,0.0,0.0,0.0,2015-03-10,0,0,0.0,0,0.0,0.0,0.0,0.0,0.0
2015,3,1,7,EV,5043,N754EV,MDW,MSP,1256,1258.0,2.0,18.0,1316.0,91.0,92.0,70.0,349,1426.0,4.0,1427,1430.0,3.0,0,0,,0.0,0.0,0.0,0.0,0.0,2015-03-01,0,0,0.0,0,0.0,0.0,0.0,0.0,0.0
2015,2,22,7,WN,4289,N716SW,AUS,DEN,815,813.0,-2.0,8.0,821.0,135.0,139.0,121.0,775,922.0,10.0,930,932.0,2.0,0,0,,0.0,0.0,0.0,0.0,0.0,2015-02-22,0,0,0.0,0,0.0,0.0,0.0,0.0,0.0
2015,3,12,4,OO,5321,N939SW,ORD,DLH,2200,2150.0,-10.0,22.0,2212.0,95.0,89.0,64.0,397,2316.0,3.0,2335,2319.0,-16.0,0,0,,0.0,0.0,0.0,0.0,0.0,2015-03-12,0,0,0.0,0,0.0,0.0,0.0,0.0,0.0
2015,3,17,2,EV,2530,N685AE,CAE,DFW,750,746.0,-4.0,26.0,812.0,189.0,175.0,134.0,922,926.0,15.0,959,941.0,-18.0,0,0,,0.0,0.0,0.0,0.0,0.0,2015-03-17,0,0,0.0,0,0.0,0.0,0.0,0.0,0.0
2015,3,3,2,WN,1984,N285WN,DAL,LBB,810,811.0,1.0,8.0,819.0,70.0,62.0,51.0,293,910.0,3.0,920,913.0,-7.0,0,0,,0.0,0.0,0.0,0.0,0.0,2015-03-03,0,0,0.0,0,0.0,0.0,0.0,0.0,0.0
2015,2,19,4,WN,1971,N297WN,PHX,LAX,1650,1709.0,19.0,9.0,1718.0,80.0,81.0,61.0,370,1719.0,11.0,1710,1730.0,20.0,0,0,,1.0,0.0,15.0,4.0,0.0,2015-02-19,1,1,20.0,1,5.0,0.0,75.0,20.0,0.0
2015,3,4,3,US,1849,N738US,DCA,CLT,1045,1048.0,3.0,44.0,1132.0,90.0,121.0,69.0,331,1241.0,8.0,1215,1249.0,34.0,0,0,,31.0,0.0,3.0,0.0,0.0,2015-03-04,0,1,34.0,1,91.18,0.0,8.82,0.0,0.0
2015,2,22,7,AA,1698,N3EEAA,SJU,DFW,940,935.0,-5.0,14.0,949.0,330.0,323.0,305.0,2165,1254.0,4.0,1310,1258.0,-12.0,0,0,,0.0,0.0,0.0,0.0,0.0,2015-02-22,0,0,0.0,0,0.0,0.0,0.0,0.0,0.0
2015,2,23,1,US,406,N187US,SLC,PHX,700,701.0,1.0,16.0,717.0,107.0,97.0,74.0,507,831.0,7.0,847,838.0,-9.0,0,0,,0.0,0.0,0.0,0.0,0.0,2015-02-23,0,0,0.0,0,0.0,0.0,0.0,0.0,0.0
2015,2,25,3,AA,305,N5CHAA,MIA,SFO,1420,1423.0,3.0,47.0,1510.0,387.0,404.0,352.0,2585,1802.0,5.0,1747,1807.0,20.0,0,0,,20.0,0.0,0.0,0.0,0.0,2015-02-25,0,1,20.0,1,100.0,0.0,0.0,0.0,0.0
2015,3,12,4,OO,2860,N465SW,MRY,LAX,748,732.0,-16.0,12.0,744.0,77.0,78.0,43.0,266,827.0,23.0,905,850.0,-15.0,0,0,,0.0,0.0,0.0,0.0,0.0,2015-03-12,0,0,0.0,0,0.0,0.0,0.0,0.0,0.0
2015,2,24,2,OO,4481,N432SW,MSP,ICT,912,943.0,31.0,30.0,1013.0,123.0,103.0,69.0,545,1122.0,4.0,1115,1126.0,11.0,0,0,,0.0,0.0,0.0,0.0,0.0,2015-02-24,1,0,0.0,0,0.0,0.0,0.0,0.0,0.0
2015,2,16,1,WN,254,N755SA,BUR,LAS,1855,1859.0,4.0,8.0,1907.0,60.0,53.0,39.0,223,1946.0,6.0,1955,1952.0,-3.0,0,0,,0.0,0.0,0.0,0.0,0.0,2015-02-16,0,0,0.0,0,0.0,0.0,0.0,0.0,0.0
2015,3,3,2,AA,306,N856AA,LAX,MIA,800,754.0,-6.0,14.0,808.0,290.0,282.0,261.0,2342,1529.0,7.0,1550,1536.0,-14.0,0,0,,0.0,0.0,0.0,0.0,0.0,2015-03-03,0,0,0.0,0,0.0,0.0,0.0,0.0,0.0
2015,3,19,4,WN,2230,N719SW,TPA,MSY,1850,1848.0,-2.0,9.0,1857.0,105.0,92.0,78.0,488,1915.0,5.0,1935,1920.0,-15.0,0,0,,0.0,0.0,0.0,0.0,0.0,2015-03-19,0,0,0.0,0,0.0,0.0,0.0,0.0,0.0
2015,3,17,2,UA,722,N488UA,DFW,ORD,659,710.0,11.0,12.0,722.0,142.0,124.0,101.0,802,903.0,11.0,921,914.0,-7.0,0,0,,0.0,0.0,0.0,0.0,0.0,2015-03-17,0,0,0.0,0,0.0,0.0,0.0,0.0,0.0
2015,3,14,6,HA,204,N488HA,LIH,HNL,1357,1353.0,-4.0,7.0,1400.0,34.0,37.0,19.0,102,1419.0,11.0,1431,1430.0,-1.0,0,0,,0.0,0.0,0.0,0.0,0.0,2015-03-14,0,0,0.0,0,0.0,0.0,0.0,0.0,0.0
2015,2,13,5,AA,931,N352AA,SFO,MIA,1212,1305.0,53.0,12.0,1317.0,322.0,310.0,291.0,2585,2108.0,7.0,2034,2115.0,41.0,0,0,,0.0,0.0,41.0,0.0,0.0,2015-02-13,1,1,41.0,1,0.0,0.0,100.0,0.0,0.0
2015,2,27,5,DL,1159,N905DE,BUF,ATL,1611,1606.0,-5.0,9.0,1615.0,148.0,131.0,113.0,712,1808.0,9.0,1839,1817.0,-22.0,0,0,,0.0,0.0,0.0,0.0,0.0,2015-02-27,0,0,0.0,0,0.0,0.0,0.0,0.0,0.0
2015,3,9,1,DL,2442,N941DN,DEN,ATL,1445,1439.0,-6.0,12.0,1451.0,178.0,168.0,146.0,1199,1917.0,10.0,1943,1927.0,-16.0,0,0,,0.0,0.0,0.0,0.0,0.0,2015-03-09,0,0,0.0,0,0.0,0.0,0.0,0.0,0.0
2015,2,28,6,WN,2586,N254WN,BWI,MCO,615,624.0,9.0,12.0,636.0,150.0,145.0,124.0,787,840.0,9.0,845,849.0,4.0,0,0,,0.0,0.0,0.0,0.0,0.0,2015-02-28,0,0,0.0,0,0.0,0.0,0.0,0.0,0.0
2015,3,15,7,DL,392,N913DL,ATL,ORD,1455,1506.0,11.0,15.0,1521.0,130.0,112.0,93.0,606,1554.0,4.0,1605,1558.0,-7.0,0,0,,0.0,0.0,0.0,0.0,0.0,2015-03-15,0,0,0.0,0,0.0,0.0,0.0,0.0,0.0
2015,3,13,5,EV,5474,N857AS,ATL,CSG,1616,1608.0,-8.0,17.0,1625.0,44.0,48.0,28.0,83,1653.0,3.0,1700,1656.0,-4.0,0,0,,0.0,0.0,0.0,0.0,0.0,2015-03-13,0,0,0.0,0,0.0,0.0,0.0,0.0,0.0
2015,3,11,3,DL,2464,N322NB,MSY,LGA,1205,1159.0,-6.0,19.0,1218.0,172.0,169.0,137.0,1183,1535.0,13.0,1557,1548.0,-9.0,0,0,,0.0,0.0,0.0,0.0,0.0,2015-03-11,0,0,0.0,0,0.0,0.0,0.0,0.0,0.0
2015,2,28,6,HA,332,N490HA,HNL,ITO,651,647.0,-4.0,14.0,701.0,50.0,55.0,36.0,216,737.0,5.0,741,742.0,1.0,0,0,,0.0,0.0,0.0,0.0,0.0,2015-02-28,0,0,0.0,0,0.0,0.0,0.0,0.0,0.0
2015,2,17,2,AS,555,N468AS,PSP,SEA,1525,1525.0,0.0,10.0,1535.0,165.0,150.0,133.0,987,1748.0,7.0,1810,1755.0,-15.0,0,0,,0.0,0.0,0.0,0.0,0.0,2015-02-17,0,0,0.0,0,0.0,0.0,0.0,0.0,0.0
2015,3,13,5,WN,2156,N360SW,HOU,ABQ,2150,2155.0,5.0,13.0,2208.0,135.0,121.0,104.0,759,2252.0,4.0,2305,2256.0,-9.0,0,0,,0.0,0.0,0.0,0.0,0.0,2015-03-13,0,0,0.0,0,0.0,0.0,0.0,0.0,0.0
2015,2,14,6,VX,161,N853VA,EWR,LAX,905,901.0,-4.0,39.0,940.0,390.0,378.0,327.0,2454,1207.0,12.0,1235,1219.0,-16.0,0,0,,0.0,0.0,0.0,0.0,0.0,2015-02-14,0,0,0.0,0,0.0,0.0,0.0,0.0,0.0
2015,2,22,7,NK,619,N516NK,IAH,SAN,2110,2108.0,-2.0,10.0,2118.0,210.0,226.0,209.0,1303,2247.0,7.0,2240,2254.0,14.0,0,0,,0.0,0.0,0.0,0.0,0.0,2015-02-22,0,0,0.0,0,0.0,0.0,0.0,0.0,0.0
2015,3,10,2,DL,1165,N301DQ,ATL,CHS,1707,1706.0,-1.0,10.0,1716.0,74.0,55.0,42.0,259,1758.0,3.0,1821,1801.0,-20.0,0,0,,0.0,0.0,0.0,0.0,0.0,2015-03-10,0,0,0.0,0,0.0,0.0,0.0,0.0,0.0
2015,3,1,7,AA,179,N784AA,JFK,SFO,1030,1054.0,24.0,14.0,1108.0,397.0,398.0,380.0,2586,1428.0,4.0,1407,1432.0,25.0,0,0,,1.0,0.0,24.0,0.0,0.0,2015-03-01,1,1,25.0,1,4.0,0.0,96.0,0.0,0.0
2015,3,5,4,OO,6255,N980SW,BOI,SFO,1825,1903.0,38.0,10.0,1913.0,110.0,92.0,79.0,522,1932.0,3.0,1915,1935.0,20.0,0,0,,0.0,0.0,0.0,20.0,0.0,2015-03-05,1,1,20.0,1,0.0,0.0,0.0,100.0,0.0
2015,2,14,6,OO,2715,N944SW,PHX,TUS,1130,1126.0,-4.0,19.0,1145.0,52.0,48.0,24.0,110,1209.0,5.0,1222,1214.0,-8.0,0,0,,0.0,0.0,0.0,0.0,0.0,2015-02-14,0,0,0.0,0,0.0,0.0,0.0,0.0,0.0
2015,3,17,2,WN,601,N404WN,SMF,PHX,1345,1347.0,2.0,7.0,1354.0,105.0,102.0,90.0,647,1524.0,5.0,1530,1529.0,-1.0,0,0,,0.0,0.0,0.0,0.0,0.0,2015-03-17,0,0,0.0,0,0.0,0.0,0.0,0.0,0.0
2015,2,13,5,AS,481,N589AS,SAN,SEA,1005,958.0,-7.0,15.0,1013.0,175.0,160.0,139.0,1050,1232.0,6.0,1300,1238.0,-22.0,0,0,,0.0,0.0,0.0,0.0,0.0,2015-02-13,0,0,0.0,0,0.0,0.0,0.0,0.0,0.0
2015,2,24,2,WN,4210,N8640D,MDW,MHT,2110,2120.0,10.0,11.0,2131.0,120.0,109.0,94.0,838,5.0,4.0,10,9.0,-1.0,0,0,,0.0,0.0,0.0,0.0,0.0,2015-02-24,0,0,0.0,0,0.0,0.0,0.0,0.0,0.0
2015,3,20,5,B6,1504,N579JB,SJU,JFK,500,500.0,0.0,13.0,513.0,246.0,237.0,220.0,1598,853.0,4.0,906,857.0,-9.0,0,0,,0.0,0.0,0.0,0.0,0.0,2015-03-20,0,0,0.0,0,0.0,0.0,0.0,0.0,0.0
2015,2,20,5,EV,5990,N27190,LNK,ORD,600,559.0,-1.0,23.0,622.0,98.0,110.0,72.0,466,734.0,15.0,738,749.0,11.0,0,0,,0.0,0.0,0.0,0.0,0.0,2015-02-20,0,0,0.0,0,0.0,0.0,0.0,0.0,0.0
2015,3,6,5,WN,991,N400WN,ELP,PHX,1255,1255.0,0.0,11.0,1306.0,75.0,74.0,57.0,347,1403.0,6.0,1410,1409.0,-1.0,0,0,,0.0,0.0,0.0,0.0,0.0,2015-03-06,0,0,0.0,0,0.0,0.0,0.0,0.0,0.0
2015,2,17,2,EV,4567,N27190,EWR,MEM,1400,1558.0,118.0,18.0,1616.0,187.0,192.0,164.0,946,1800.0,10.0,1607,1810.0,123.0,0,0,,5.0,0.0,118.0,0.0,0.0,2015-02-17,1,1,123.0,1,4.07,0.0,95.93,0.0,0.0
2015,3,22,7,DL,779,N803DN,SLC,LAS,2020,2123.0,63.0,18.0,2141.0,81.0,85.0,58.0,368,2139.0,9.0,2041,2148.0,67.0,0,0,,4.0,0.0,0.0,63.0,0.0,2015-03-22,1,1,67.0,1,5.97,0.0,0.0,94.03,0.0
2015,2,22,7,AA,355,N3LKAA,LGA,ORD,1805,1759.0,-6.0,22.0,1821.0,171.0,165.0,126.0,733,1927.0,17.0,1956,1944.0,-12.0,0,0,,0.0,0.0,0.0,0.0,0.0,2015-02-22,0,0,0.0,0,0.0,0.0,0.0,0.0,0.0
2015,2,25,3,AA,2492,N857AA,LAX,DFW,1815,1817.0,2.0,15.0,1832.0,173.0,164.0,144.0,1235,2256.0,5.0,2308,2301.0,-7.0,0,0,,0.0,0.0,0.0,0.0,0.0,2015-02-25,0,0,0.0,0,0.0,0.0,0.0,0.0,0.0
2015,3,12,4,EV,5905,N13964,LIT,ORD,1724,1723.0,-1.0,7.0,1730.0,117.0,112.0,86.0,552,1856.0,19.0,1921,1915.0,-6.0,0,0,,0.0,0.0,0.0,0.0,0.0,2015-03-12,0,0,0.0,0,0.0,0.0,0.0,0.0,0.0
2015,3,24,2,AS,312,N756AS,SEA,SFO,1755,1805.0,10.0,14.0,1819.0,129.0,114.0,95.0,679,1954.0,5.0,2004,1959.0,-5.0,0,0,,0.0,0.0,0.0,0.0,0.0,2015-03-24,0,0,0.0,0,0.0,0.0,0.0,0.0,0.0
2015,2,15,7,MQ,3456,N502MQ,ORD,DSM,1140,1148.0,8.0,63.0,1251.0,75.0,120.0,54.0,299,1345.0,3.0,1255,1348.0,53.0,0,0,,45.0,0.0,0.0,0.0,8.0,2015-02-15,0,1,53.0,1,84.91,0.0,0.0,0.0,15.09
2015,3,23,1,DL,2582,N922AT,ATL,ABE,2046,2043.0,-3.0,14.0,2057.0,117.0,110.0,92.0,692,2229.0,4.0,2243,2233.0,-10.0,0,0,,0.0,0.0,0.0,0.0,0.0,2015-03-23,0,0,0.0,0,0.0,0.0,0.0,0.0,0.0
2015,2,22,7,EV,5803,N15572,IAH,LIT,1620,1637.0,17.0,12.0,1649.0,79.0,72.0,54.0,374,1743.0,6.0,1739,1749.0,10.0,0,0,,0.0,0.0,0.0,0.0,0.0,2015-02-22,1,0,0.0,0,0.0,0.0,0.0,0.0,0.0
2015,3,15,7,WN,4956,N270WN,DEN,OKC,2115,2132.0,17.0,15.0,2147.0,85.0,97.0,79.0,495,6.0,3.0,2340,9.0,29.0,0,0,,12.0,0.0,17.0,0.0,0.0,2015-03-15,1,1,29.0,1,41.38,0.0,58.62,0.0,0.0
2015,3,7,6,AS,893,N531AS,SEA,HNL,1855,1853.0,-2.0,18.0,1911.0,392.0,383.0,359.0,2677,2310.0,6.0,2327,2316.0,-11.0,0,0,,0.0,0.0,0.0,0.0,0.0,2015-03-07,0,0,0.0,0,0.0,0.0,0.0,0.0,0.0
2015,3,17,2,WN,852,N210WN,DEN,CMH,1020,1035.0,15.0,15.0,1050.0,165.0,149.0,129.0,1154,1459.0,5.0,1505,1504.0,-1.0,0,0,,0.0,0.0,0.0,0.0,0.0,2015-03-17,0,0,0.0,0,0.0,0.0,0.0,0.0,0.0
2015,3,19,4,DL,2237,N590NW,SEA,HNL,1733,1737.0,4.0,15.0,1752.0,369.0,389.0,371.0,2677,2103.0,3.0,2042,2106.0,24.0,0,0,,24.0,0.0,0.0,0.0,0.0,2015-03-19,0,1,24.0,1,100.0,0.0,0.0,0.0,0.0
2015,3,14,6,WN,2451,N659SW,CMH,ATL,615,614.0,-1.0,14.0,628.0,105.0,109.0,86.0,447,754.0,9.0,800,803.0,3.0,0,0,,0.0,0.0,0.0,0.0,0.0,2015-03-14,0,0,0.0,0,0.0,0.0,0.0,0.0,0.0
2015,2,20,5,B6,1065,N258JB,BOS,RSW,1426,1443.0,17.0,17.0,1500.0,220.0,206.0,184.0,1249,1804.0,5.0,1806,1809.0,3.0,0,0,,0.0,0.0,0.0,0.0,0.0,2015-02-20,1,0,0.0,0,0.0,0.0,0.0,0.0,0.0
2015,3,12,4,WN,1987,N684WN,PIT,MCO,725,723.0,-2.0,17.0,740.0,145.0,139.0,113.0,834,933.0,9.0,950,942.0,-8.0,0,0,,0.0,0.0,0.0,0.0,0.0,2015-03-12,0,0,0.0,0,0.0,0.0,0.0,0.0,0.0
2015,3,17,2,WN,726,N8637A,GEG,DEN,605,600.0,-5.0,9.0,609.0,140.0,125.0,109.0,836,858.0,7.0,925,905.0,-20.0,0,0,,0.0,0.0,0.0,0.0,0.0,2015-03-17,0,0,0.0,0,0.0,0.0,0.0,0.0,0.0
2015,3,23,1,EV,5782,N13914,LIT,IAH,630,633.0,3.0,16.0,649.0,95.0,82.0,61.0,374,750.0,5.0,805,755.0,-10.0,0,0,,0.0,0.0,0.0,0.0,0.0,2015-03-23,0,0,0.0,0,0.0,0.0,0.0,0.0,0.0
2015,2,13,5,AA,1263,N3MEAA,ORD,MIA,1345,1407.0,22.0,17.0,1424.0,187.0,178.0,153.0,1197,1757.0,8.0,1752,1805.0,13.0,0,0,,0.0,0.0,0.0,0.0,0.0,2015-02-13,1,0,0.0,0,0.0,0.0,0.0,0.0,0.0
2015,3,11,3,AA,2335,N4XGAA,DFW,ORD,1855,1903.0,8.0,13.0,1916.0,134.0,128.0,103.0,802,2059.0,12.0,2109,2111.0,2.0,0,0,,0.0,0.0,0.0,0.0,0.0,2015-03-11,0,0,0.0,0,0.0,0.0,0.0,0.0,0.0
2015,2,21,6,DL,2181,N363NW,MCO,LGA,1835,659.0,744.0,15.0,714.0,151.0,146.0,126.0,950,920.0,5.0,2106,925.0,739.0,0,0,,739.0,0.0,0.0,0.0,0.0,2015-02-21,1,1,739.0,1,100.0,0.0,0.0,0.0,0.0
2015,2,25,3,UA,1002,N37419,IAH,BOS,729,729.0,0.0,38.0,807.0,225.0,218.0,176.0,1597,1203.0,4.0,1214,1207.0,-7.0,0,0,,0.0,0.0,0.0,0.0,0.0,2015-02-25,0,0,0.0,0,0.0,0.0,0.0,0.0,0.0
2015,3,19,4,OO,5628,N986CA,RNO,SFO,615,608.0,-7.0,25.0,633.0,69.0,77.0,48.0,192,721.0,4.0,724,725.0,1.0,0,0,,0.0,0.0,0.0,0.0,0.0,2015-03-19,0,0,0.0,0,0.0,0.0,0.0,0.0,0.0
2015,2,13,5,WN,4552,N7730A,MSY,BNA,1750,1752.0,2.0,6.0,1758.0,85.0,91.0,65.0,471,1903.0,20.0,1915,1923.0,8.0,0,0,,0.0,0.0,0.0,0.0,0.0,2015-02-13,0,0,0.0,0,0.0,0.0,0.0,0.0,0.0
2015,2,23,1,UA,1026,N73299,FLL,EWR,1209,1209.0,0.0,12.0,1221.0,176.0,177.0,149.0,1065,1450.0,16.0,1505,1506.0,1.0,0,0,,0.0,0.0,0.0,0.0,0.0,2015-02-23,0,0,0.0,0,0.0,0.0,0.0,0.0,0.0
2015,3,5,4,MQ,3185,N543MQ,ORD,COU,1955,2111.0,76.0,19.0,2130.0,79.0,79.0,55.0,315,2225.0,5.0,2114,2230.0,76.0,0,0,,0.0,0.0,16.0,60.0,0.0,2015-03-05,1,1,76.0,1,0.0,0.0,21.05,78.95,0.0
2015,3,19,4,B6,1780,N592JB,LGB,LAS,1500,1455.0,-5.0,8.0,1503.0,63.0,58.0,42.0,231,1545.0,8.0,1603,1553.0,-10.0,0,0,,0.0,0.0,0.0,0.0,0.0,2015-03-19,0,0,0.0,0,0.0,0.0,0.0,0.0,0.0
2015,2,28,6,UA,256,N836UA,EWR,IAH,1015,1022.0,7.0,17.0,1039.0,254.0,249.0,223.0,1400,1322.0,9.0,1329,1331.0,2.0,0,0,,0.0,0.0,0.0,0.0,0.0,2015-02-28,0,0,0.0,0,0.0,0.0,0.0,0.0,0.0
2015,3,17,2,OO,6411,N797SK,ORD,SAT,855,855.0,0.0,31.0,926.0,185.0,191.0,157.0,1041,1203.0,3.0,1200,1206.0,6.0,0,0,,0.0,0.0,0.0,0.0,0.0,2015-03-17,0,0,0.0,0,0.0,0.0,0.0,0.0,0.0
2015,3,4,3,AS,588,N453AS,PDX,PSP,1630,1626.0,-4.0,15.0,1641.0,135.0,136.0,116.0,873,1837.0,5.0,1845,1842.0,-3.0,0,0,,0.0,0.0,0.0,0.0,0.0,2015-03-04,0,0,0.0,0,0.0,0.0,0.0,0.0,0.0
2015,3,5,4,WN,2137,N7702A,BNA,MCO,1935,1932.0,-3.0,55.0,2027.0,105.0,156.0,84.0,616,2251.0,17.0,2220,2308.0,48.0,0,0,,48.0,0.0,0.0,0.0,0.0,2015-03-05,0,1,48.0,1,100.0,0.0,0.0,0.0,0.0
2015,3,25,3,WN,1628,N7739A,BWI,PIT,1610,1644.0,34.0,15.0,1659.0,60.0,57.0,37.0,210,1736.0,5.0,1710,1741.0,31.0,0,0,,0.0,0.0,1.0,30.0,0.0,2015-03-25,1,1,31.0,1,0.0,0.0,3.23,96.77,0.0
2015,2,17,2,WN,549,N456WN,ISP,TPA,600,559.0,-1.0,37.0,636.0,195.0,219.0,178.0,1034,934.0,4.0,915,938.0,23.0,0,0,,23.0,0.0,0.0,0.0,0.0,2015-02-17,0,1,23.0,1,100.0,0.0,0.0,0.0,0.0
2015,3,9,1,UA,1268,N68821,LAX,DEN,1744,1821.0,37.0,12.0,1833.0,139.0,135.0,117.0,862,2130.0,6.0,2103,2136.0,33.0,0,0,,0.0,0.0,11.0,22.0,0.0,2015-03-09,1,1,33.0,1,0.0,0.0,33.33,66.67,0.0
2015,2,15,7,WN,627,N434WN,BUR,LAS,1720,1718.0,-2.0,10.0,1728.0,60.0,55.0,39.0,223,1807.0,6.0,1820,1813.0,-7.0,0,0,,0.0,0.0,0.0,0.0,0.0,2015-02-15,0,0,0.0,0,0.0,0.0,0.0,0.0,0.0
2015,3,5,4,AA,2451,N3CGAA,LGA,MIA,700,700.0,0.0,53.0,753.0,200.0,222.0,159.0,1096,1032.0,10.0,1020,1042.0,22.0,0,0,,22.0,0.0,0.0,0.0,0.0,2015-03-05,0,1,22.0,1,100.0,0.0,0.0,0.0,0.0
2015,3,17,2,WN,2502,N8613K,DEN,SAN,855,851.0,-4.0,17.0,908.0,145.0,154.0,115.0,853,1003.0,22.0,1020,1025.0,5.0,0,0,,0.0,0.0,0.0,0.0,0.0,2015-03-17,0,0,0.0,0,0.0,0.0,0.0,0.0,0.0
2015,2,15,7,US,409,N544UW,PHX,PDX,1755,1809.0,14.0,10.0,1819.0,167.0,162.0,149.0,1009,1948.0,3.0,1942,1951.0,9.0,0,0,,0.0,0.0,0.0,0.0,0.0,2015-02-15,0,0,0.0,0,0.0,0.0,0.0,0.0,0.0
2015,3,17,2,EV,4695,N11548,EWR,MHT,1434,1511.0,37.0,18.0,1529.0,71.0,84.0,54.0,209,1623.0,12.0,1545,1635.0,50.0,0,0,,13.0,0.0,37.0,0.0,0.0,2015-03-17,1,1,50.0,1,26.0,0.0,74.0,0.0,0.0
2015,2,21,6,WN,3927,N617SW,PHX,SAN,630,626.0,-4.0,11.0,637.0,75.0,69.0,52.0,304,629.0,6.0,645,635.0,-10.0,0,0,,0.0,0.0,0.0,0.0,0.0,2015-02-21,0,0,0.0,0,0.0,0.0,0.0,0.0,0.0
2015,2,25,3,AA,1587,N3KPAA,ORD,LAS,2125,2155.0,30.0,14.0,2209.0,237.0,222.0,201.0,1514,2330.0,7.0,2322,2337.0,15.0,0,0,,0.0,0.0,0.0,0.0,15.0,2015-02-25,1,0,15.0,0,0.0,0.0,0.0,0.0,100.0
2015,2,18,3,AA,1102,N3FHAA,MIA,LGA,1950,1950.0,0.0,20.0,2010.0,173.0,160.0,137.0,1096,2227.0,3.0,2243,2230.0,-13.0,0,0,,0.0,0.0,0.0,0.0,0.0,2015-02-18,0,0,0.0,0,0.0,0.0,0.0,0.0,0.0
2015,3,11,3,MQ,3417,N626MQ,DFW,SPS,1700,1714.0,14.0,20.0,1734.0,45.0,56.0,27.0,113,1801.0,9.0,1745,1810.0,25.0,0,0,,11.0,0.0,3.0,11.0,0.0,2015-03-11,0,1,25.0,1,44.0,0.0,12.0,44.0,0.0
2015,3,25,3,DL,2492,N595NW,PHX,DTW,2325,2340.0,15.0,15.0,2355.0,216.0,213.0,190.0,1671,605.0,8.0,601,613.0,12.0,0,0,,0.0,0.0,0.0,0.0,0.0,2015-03-25,0,0,0.0,0,0.0,0.0,0.0,0.0,0.0
2015,2,15,7,MQ,3041,N642MQ,DFW,DSM,920,950.0,30.0,30.0,1020.0,110.0,127.0,93.0,624,1153.0,4.0,1110,1157.0,47.0,0,0,,17.0,0.0,30.0,0.0,0.0,2015-02-15,1,1,47.0,1,36.17,0.0,63.83,0.0,0.0
2015,3,2,1,WN,1431,N749SW,CAK,TPA,755,753.0,-2.0,19.0,812.0,165.0,145.0,112.0,894,1004.0,14.0,1040,1018.0,-22.0,0,0,,0.0,0.0,0.0,0.0,0.0,2015-03-02,0,0,0.0,0,0.0,0.0,0.0,0.0,0.0
2015,2,28,6,WN,3763,N8651A,DEN,BWI,1130,1204.0,34.0,9.0,1213.0,190.0,178.0,164.0,1491,1657.0,5.0,1640,1702.0,22.0,0,0,,0.0,0.0,14.0,8.0,0.0,2015-02-28,1,1,22.0,1,0.0,0.0,63.64,36.36,0.0
2015,3,17,2,MQ,2998,N608MQ,DFW,BTR,1245,1242.0,-3.0,10.0,1252.0,78.0,69.0,57.0,383,1349.0,2.0,1403,1351.0,-12.0,0,0,,0.0,0.0,0.0,0.0,0.0,2015-03-17,0,0,0.0,0,0.0,0.0,0.0,0.0,0.0
2015,3,17,2,OO,4439,N821SK,LAS,SEA,730,731.0,1.0,17.0,748.0,165.0,147.0,123.0,867,951.0,7.0,1015,958.0,-17.0,0,0,,0.0,0.0,0.0,0.0,0.0,2015-03-17,0,0,0.0,0,0.0,0.0,0.0,0.0,0.0
2015,3,17,2,B6,728,N586JB,MCO,EWR,1015,1011.0,-4.0,24.0,1035.0,160.0,162.0,131.0,937,1246.0,7.0,1255,1253.0,-2.0,0,0,,0.0,0.0,0.0,0.0,0.0,2015-03-17,0,0,0.0,0,0.0,0.0,0.0,0.0,0.0
2015,3,12,4,HA,391,N483HA,ITO,HNL,2021,2015.0,-6.0,8.0,2023.0,49.0,57.0,40.0,216,2103.0,9.0,2110,2112.0,2.0,0,0,,0.0,0.0,0.0,0.0,0.0,2015-03-12,0,0,0.0,0,0.0,0.0,0.0,0.0,0.0
2015,3,8,7,B6,862,N547JB,SJU,BOS,1850,1846.0,-4.0,13.0,1859.0,240.0,240.0,222.0,1674,2241.0,5.0,2250,2246.0,-4.0,0,0,,0.0,0.0,0.0,0.0,0.0,2015-03-08,0,0,0.0,0,0.0,0.0,0.0,0.0,0.0
2015,3,8,7,AA,156,N3LKAA,ORD,SAN,2125,2124.0,-1.0,12.0,2136.0,259.0,249.0,232.0,1723,2328.0,5.0,2344,2333.0,-11.0,0,0,,0.0,0.0,0.0,0.0,0.0,2015-03-08,0,0,0.0,0,0.0,0.0,0.0,0.0,0.0
2015,3,21,6,HA,147,N489HA,KOA,HNL,1511,1506.0,-5.0,6.0,1512.0,44.0,42.0,30.0,163,1542.0,6.0,1555,1548.0,-7.0,0,0,,0.0,0.0,0.0,0.0,0.0,2015-03-21,0,0,0.0,0,0.0,0.0,0.0,0.0,0.0
2015,2,17,2,UA,1228,N76288,SAN,EWR,2138,2135.0,-3.0,13.0,2148.0,301.0,294.0,274.0,2425,522.0,7.0,539,529.0,-10.0,0,0,,0.0,0.0,0.0,0.0,0.0,2015-02-17,0,0,0.0,0,0.0,0.0,0.0,0.0,0.0
2015,3,23,1,EV,5046,N873AS,CSG,ATL,605,604.0,-1.0,15.0,619.0,45.0,43.0,23.0,83,642.0,5.0,650,647.0,-3.0,0,0,,0.0,0.0,0.0,0.0,0.0,2015-03-23,0,0,0.0,0,0.0,0.0,0.0,0.0,0.0
2015,3,21,6,AS,573,N563AS,SAN,PDX,630,624.0,-6.0,20.0,644.0,159.0,156.0,130.0,933,854.0,6.0,909,900.0,-9.0,0,0,,0.0,0.0,0.0,0.0,0.0,2015-03-21,0,0,0.0,0,0.0,0.0,0.0,0.0,0.0
2015,3,1,7,WN,756,N751SW,PHX,AUS,1300,1303.0,3.0,12.0,1315.0,130.0,125.0,107.0,872,1602.0,6.0,1610,1608.0,-2.0,0,0,,0.0,0.0,0.0,0.0,0.0,2015-03-01,0,0,0.0,0,0.0,0.0,0.0,0.0,0.0
2015,3,24,2,US,586,N656AW,IND,PHX,1800,1759.0,-1.0,20.0,1819.0,242.0,264.0,238.0,1488,1917.0,6.0,1902,1923.0,21.0,0,0,,21.0,0.0,0.0,0.0,0.0,2015-03-24,0,1,21.0,1,100.0,0.0,0.0,0.0,0.0
2015,2,20,5,UA,1002,N26208,BIL,DEN,1334,1328.0,-6.0,8.0,1336.0,93.0,93.0,74.0,455,1450.0,11.0,1507,1501.0,-6.0,0,0,,0.0,0.0,0.0,0.0,0.0,2015-02-20,0,0,0.0,0,0.0,0.0,0.0,0.0,0.0
2015,3,18,3,EV,4337,N11109,IAH,ICT,1540,1548.0,8.0,20.0,1608.0,104.0,106.0,79.0,542,1727.0,7.0,1724,1734.0,10.0,0,0,,0.0,0.0,0.0,0.0,0.0,2015-03-18,0,0,0.0,0,0.0,0.0,0.0,0.0,0.0
2015,2,28,6,B6,1295,N510JB,JFK,AUS,2059,2054.0,-5.0,19.0,2113.0,262.0,268.0,244.0,1521,17.0,5.0,21,22.0,1.0,0,0,,0.0,0.0,0.0,0.0,0.0,2015-02-28,0,0,0.0,0,0.0,0.0,0.0,0.0,0.0
2015,3,3,2,EV,4992,N868AS,DTW,MLI,1006,959.0,-7.0,59.0,1058.0,93.0,132.0,69.0,373,1107.0,4.0,1039,1111.0,32.0,0,0,,32.0,0.0,0.0,0.0,0.0,2015-03-03,0,1,32.0,1,100.0,0.0,0.0,0.0,0.0
2015,3,2,1,OO,5443,N564SW,SFO,RDD,2202,2203.0,1.0,21.0,2224.0,65.0,69.0,45.0,199,2309.0,3.0,2307,2312.0,5.0,0,0,,0.0,0.0,0.0,0.0,0.0,2015-03-02,0,0,0.0,0,0.0,0.0,0.0,0.0,0.0
2015,2,24,2,DL,1331,N957DL,MSP,MIA,710,704.0,-6.0,31.0,735.0,229.0,220.0,179.0,1501,1134.0,10.0,1159,1144.0,-15.0,0,0,,0.0,0.0,0.0,0.0,0.0,2015-02-24,0,0,0.0,0,0.0,0.0,0.0,0.0,0.0
2015,2,24,2,EV,3953,N26549,ORD,FSD,816,807.0,-9.0,30.0,837.0,102.0,115.0,80.0,462,957.0,5.0,958,1002.0,4.0,0,0,,0.0,0.0,0.0,0.0,0.0,2015-02-24,0,0,0.0,0,0.0,0.0,0.0,0.0,0.0
2015,3,23,1,EV,3828,N16963,STL,ORD,1127,1313.0,106.0,25.0,1338.0,73.0,86.0,49.0,258,1427.0,12.0,1240,1439.0,119.0,0,0,,107.0,0.0,12.0,0.0,0.0,2015-03-23,1,1,119.0,1,89.92,0.0,10.08,0.0,0.0
2015,2,23,1,US,1754,N715UW,CLT,BDL,1810,1810.0,0.0,12.0,1822.0,113.0,113.0,85.0,644,1947.0,16.0,2003,2003.0,0.0,0,0,,0.0,0.0,0.0,0.0,0.0,2015-02-23,0,0,0.0,0,0.0,0.0,0.0,0.0,0.0
2015,2,27,5,AA,72,N5ENAA,DFW,MCO,600,559.0,-1.0,12.0,611.0,142.0,134.0,119.0,985,910.0,3.0,922,913.0,-9.0,0,0,,0.0,0.0,0.0,0.0,0.0,2015-02-27,0,0,0.0,0,0.0,0.0,0.0,0.0,0.0
2015,3,7,6,UA,675,N479UA,ORD,DEN,725,725.0,0.0,15.0,740.0,165.0,154.0,133.0,888,853.0,6.0,910,859.0,-11.0,0,0,,0.0,0.0,0.0,0.0,0.0,2015-03-07,0,0,0.0,0,0.0,0.0,0.0,0.0,0.0
2015,3,25,3,AS,608,N403AS,SEA,LAS,2135,2137.0,2.0,15.0,2152.0,144.0,132.0,110.0,867,2342.0,7.0,2359,2349.0,-10.0,0,0,,0.0,0.0,0.0,0.0,0.0,2015-03-25,0,0,0.0,0,0.0,0.0,0.0,0.0,0.0
2015,2,21,6,DL,797,N915DN,BDL,MSP,705,711.0,6.0,25.0,736.0,190.0,193.0,163.0,1050,919.0,5.0,915,924.0,9.0,0,0,,0.0,0.0,0.0,0.0,0.0,2015-02-21,0,0,0.0,0,0.0,0.0,0.0,0.0,0.0
2015,2,13,5,US,459,N172US,PHX,DEN,940,937.0,-3.0,13.0,950.0,112.0,109.0,88.0,602,1118.0,8.0,1132,1126.0,-6.0,0,0,,0.0,0.0,0.0,0.0,0.0,2015-02-13,0,0,0.0,0,0.0,0.0,0.0,0.0,0.0
2015,3,15,7,AA,1218,N424AA,DFW,MSP,845,842.0,-3.0,9.0,851.0,140.0,131.0,117.0,852,1048.0,5.0,1105,1053.0,-12.0,0,0,,0.0,0.0,0.0,0.0,0.0,2015-03-15,0,0,0.0,0,0.0,0.0,0.0,0.0,0.0
2015,2,13,5,WN,3659,N7705A,MCI,STL,910,905.0,-5.0,9.0,914.0,55.0,52.0,37.0,237,951.0,6.0,1005,957.0,-8.0,0,0,,0.0,0.0,0.0,0.0,0.0,2015-02-13,0,0,0.0,0,0.0,0.0,0.0,0.0,0.0
2015,2,20,5,AA,999,N439AA,HOU,DFW,559,740.0,101.0,11.0,751.0,61.0,70.0,53.0,247,844.0,6.0,700,850.0,110.0,0,0,,9.0,0.0,101.0,0.0,0.0,2015-02-20,1,1,110.0,1,8.18,0.0,91.82,0.0,0.0
2015,3,25,3,WN,1994,N383SW,TPA,ATL,615,611.0,-4.0,8.0,619.0,90.0,86.0,70.0,406,729.0,8.0,745,737.0,-8.0,0,0,,0.0,0.0,0.0,0.0,0.0,2015-03-25,0,0,0.0,0,0.0,0.0,0.0,0.0,0.0
2015,3,20,5,US,1945,N838AW,CLT,CLE,2015,2014.0,-1.0,17.0,2031.0,96.0,90.0,68.0,430,2139.0,5.0,2151,2144.0,-7.0,0,0,,0.0,0.0,0.0,0.0,0.0,2015-03-20,0,0,0.0,0,0.0,0.0,0.0,0.0,0.0
2015,2,23,1,AA,28,N7BFAA,LAX,MIA,1445,1618.0,93.0,18.0,1636.0,277.0,258.0,234.0,2342,2330.0,6.0,2222,2336.0,74.0,0,0,,0.0,0.0,74.0,0.0,0.0,2015-02-23,1,1,74.0,1,0.0,0.0,100.0,0.0,0.0
2015,3,1,7,OO,3499,N218AG,SLC,PDX,800,748.0,-12.0,13.0,801.0,115.0,107.0,91.0,630,832.0,3.0,855,835.0,-20.0,0,0,,0.0,0.0,0.0,0.0,0.0,2015-03-01,0,0,0.0,0,0.0,0.0,0.0,0.0,0.0
2015,3,15,7,EV,4261,N34111,CLT,EWR,1805,1803.0,-2.0,23.0,1826.0,115.0,122.0,89.0,529,1955.0,10.0,2000,2005.0,5.0,0,0,,0.0,0.0,0.0,0.0,0.0,2015-03-15,0,0,0.0,0,0.0,0.0,0.0,0.0,0.0
2015,3,13,5,AA,1596,N3AYAA,DFW,SNA,1245,1257.0,12.0,12.0,1309.0,197.0,174.0,158.0,1205,1347.0,4.0,1402,1351.0,-11.0,0,0,,0.0,0.0,0.0,0.0,0.0,2015-03-13,0,0,0.0,0,0.0,0.0,0.0,0.0,0.0
2015,2,13,5,AA,1611,N3EGAA,DFW,SFO,2130,2127.0,-3.0,12.0,2139.0,232.0,212.0,194.0,1464,2253.0,6.0,2322,2259.0,-23.0,0,0,,0.0,0.0,0.0,0.0,0.0,2015-02-13,0,0,0.0,0,0.0,0.0,0.0,0.0,0.0
2015,3,19,4,WN,2246,N404WN,IND,HOU,1930,2127.0,117.0,12.0,2139.0,150.0,149.0,129.0,861,2248.0,8.0,2100,2256.0,116.0,0,0,,0.0,0.0,116.0,0.0,0.0,2015-03-19,1,1,116.0,1,0.0,0.0,100.0,0.0,0.0
2015,3,9,1,UA,1248,N73276,EWR,BOS,1000,954.0,-6.0,9.0,1003.0,70.0,51.0,38.0,200,1041.0,4.0,1110,1045.0,-25.0,0,0,,0.0,0.0,0.0,0.0,0.0,2015-03-09,0,0,0.0,0,0.0,0.0,0.0,0.0,0.0
2015,3,15,7,MQ,3695,N679MQ,ORD,MHK,1940,1945.0,5.0,11.0,1956.0,102.0,87.0,72.0,501,2108.0,4.0,2122,2112.0,-10.0,0,0,,0.0,0.0,0.0,0.0,0.0,2015-03-15,0,0,0.0,0,0.0,0.0,0.0,0.0,0.0
2015,2,15,7,UA,1559,N39461,IAH,PHL,1250,1252.0,2.0,14.0,1306.0,196.0,184.0,163.0,1325,1649.0,7.0,1706,1656.0,-10.0,0,0,,0.0,0.0,0.0,0.0,0.0,2015-02-15,0,0,0.0,0,0.0,0.0,0.0,0.0,0.0
2015,3,16,1,AA,2264,N3EMAA,DFW,PHL,1950,1947.0,-3.0,11.0,1958.0,176.0,177.0,156.0,1303,2334.0,10.0,2346,2344.0,-2.0,0,0,,0.0,0.0,0.0,0.0,0.0,2015-03-16,0,0,0.0,0,0.0,0.0,0.0,0.0,0.0
2015,2,15,7,WN,785,N606SW,STL,TUL,1010,1010.0,0.0,8.0,1018.0,75.0,71.0,59.0,351,1117.0,4.0,1125,1121.0,-4.0,0,0,,0.0,0.0,0.0,0.0,0.0,2015-02-15,0,0,0.0,0,0.0,0.0,0.0,0.0,0.0
2015,3,22,7,HA,332,N481HA,HNL,ITO,650,647.0,-3.0,10.0,657.0,50.0,53.0,37.0,216,734.0,6.0,740,740.0,0.0,0,0,,0.0,0.0,0.0,0.0,0.0,2015-03-22,0,0,0.0,0,0.0,0.0,0.0,0.0,0.0
2015,2,23,1,AA,1409,N3GRAA,DCA,ORD,759,751.0,-8.0,24.0,815.0,137.0,147.0,110.0,612,905.0,13.0,916,918.0,2.0,0,0,,0.0,0.0,0.0,0.0,0.0,2015-02-23,0,0,0.0,0,0.0,0.0,0.0,0.0,0.0
2015,3,22,7,AA,2291,N3MFAA,DFW,MIA,700,700.0,0.0,15.0,715.0,159.0,159.0,137.0,1121,1032.0,7.0,1039,1039.0,0.0,0,0,,0.0,0.0,0.0,0.0,0.0,2015-03-22,0,0,0.0,0,0.0,0.0,0.0,0.0,0.0
2015,2,26,4,B6,576,N229JB,MSY,JFK,1820,1817.0,-3.0,8.0,1825.0,165.0,141.0,123.0,1182,2128.0,10.0,2205,2138.0,-27.0,0,0,,0.0,0.0,0.0,0.0,0.0,2015-02-26,0,0,0.0,0,0.0,0.0,0.0,0.0,0.0
2015,2,19,4,AA,345,N3GHAA,LGA,ORD,1709,1710.0,1.0,36.0,1746.0,171.0,167.0,118.0,733,1844.0,13.0,1900,1857.0,-3.0,0,0,,0.0,0.0,0.0,0.0,0.0,2015-02-19,0,0,0.0,0,0.0,0.0,0.0,0.0,0.0
2015,2,26,4,AS,685,N467AS,DFW,SEA,800,811.0,11.0,11.0,822.0,270.0,254.0,232.0,1660,1014.0,11.0,1030,1025.0,-5.0,0,0,,0.0,0.0,0.0,0.0,0.0,2015-02-26,0,0,0.0,0,0.0,0.0,0.0,0.0,0.0
2015,3,2,1,EV,2529,N877AS,DFW,FSD,1415,1454.0,39.0,27.0,1521.0,122.0,157.0,100.0,737,1701.0,30.0,1617,1731.0,74.0,0,0,,35.0,0.0,0.0,39.0,0.0,2015-03-02,1,1,74.0,1,47.3,0.0,0.0,52.7,0.0
2015,2,18,3,AA,1381,N571AA,EWR,DFW,630,625.0,-5.0,25.0,650.0,247.0,240.0,206.0,1372,916.0,9.0,937,925.0,-12.0,0,0,,0.0,0.0,0.0,0.0,0.0,2015-02-18,0,0,0.0,0,0.0,0.0,0.0,0.0,0.0
2015,2,18,3,AA,1198,N3KJAA,FLL,DFW,1853,1851.0,-2.0,19.0,1910.0,202.0,205.0,181.0,1119,2111.0,5.0,2115,2116.0,1.0,0,0,,0.0,0.0,0.0,0.0,0.0,2015-02-18,0,0,0.0,0,0.0,0.0,0.0,0.0,0.0
2015,3,2,1,UA,538,N451UA,GEG,DEN,1435,1525.0,50.0,11.0,1536.0,136.0,132.0,113.0,836,1829.0,8.0,1751,1837.0,46.0,0,0,,0.0,0.0,0.0,46.0,0.0,2015-03-02,1,1,46.0,1,0.0,0.0,0.0,100.0,0.0
2015,3,25,3,B6,917,N585JB,BOS,JFK,545,609.0,24.0,21.0,630.0,75.0,76.0,49.0,187,719.0,6.0,700,725.0,25.0,0,0,,1.0,0.0,24.0,0.0,0.0,2015-03-25,1,1,25.0,1,4.0,0.0,96.0,0.0,0.0
2015,2,23,1,WN,4549,N481WN,DEN,SLC,635,632.0,-3.0,27.0,659.0,90.0,96.0,63.0,391,802.0,6.0,805,808.0,3.0,0,0,,0.0,0.0,0.0,0.0,0.0,2015-02-23,0,0,0.0,0,0.0,0.0,0.0,0.0,0.0
2015,3,6,5,US,437,N167US,PHX,ORD,1620,1637.0,17.0,13.0,1650.0,201.0,195.0,174.0,1440,2044.0,8.0,2041,2052.0,11.0,0,0,,0.0,0.0,0.0,0.0,0.0,2015-03-06,1,0,0.0,0,0.0,0.0,0.0,0.0,0.0
2015,3,17,2,UA,427,N434UA,ORD,MIA,1900,2018.0,78.0,9.0,2027.0,178.0,164.0,149.0,1197,2356.0,6.0,2258,2.0,64.0,0,0,,0.0,0.0,52.0,12.0,0.0,2015-03-17,1,1,64.0,1,0.0,0.0,81.25,18.75,0.0
2015,2,25,3,DL,2385,N368NW,DTW,MSY,1520,1537.0,17.0,16.0,1553.0,157.0,170.0,150.0,926,1723.0,4.0,1657,1727.0,30.0,0,0,,13.0,0.0,17.0,0.0,0.0,2015-02-25,1,1,30.0,1,43.33,0.0,56.67,0.0,0.0
2015,3,3,2,AA,1260,N3DBAA,MIA,JFK,700,701.0,1.0,26.0,727.0,170.0,180.0,145.0,1089,952.0,9.0,950,1001.0,11.0,0,0,,0.0,0.0,0.0,0.0,0.0,2015-03-03,0,0,0.0,0,0.0,0.0,0.0,0.0,0.0
2015,2,18,3,AA,1658,N3GKAA,MIA,DCA,1225,1223.0,-2.0,19.0,1242.0,149.0,158.0,122.0,919,1444.0,17.0,1454,1501.0,7.0,0,0,,0.0,0.0,0.0,0.0,0.0,2015-02-18,0,0,0.0,0,0.0,0.0,0.0,0.0,0.0
2015,3,16,1,UA,1456,N66831,SJU,IAH,1549,1548.0,-1.0,15.0,1603.0,304.0,290.0,266.0,2007,1929.0,9.0,1953,1938.0,-15.0,0,0,,0.0,0.0,0.0,0.0,0.0,2015-03-16,0,0,0.0,0,0.0,0.0,0.0,0.0,0.0
2015,3,8,7,DL,1267,N925DN,ATL,DTW,1747,1746.0,-1.0,12.0,1758.0,123.0,105.0,88.0,594,1926.0,5.0,1950,1931.0,-19.0,0,0,,0.0,0.0,0.0,0.0,0.0,2015-03-08,0,0,0.0,0,0.0,0.0,0.0,0.0,0.0
2015,2,19,4,EV,4953,N852AS,DTW,GSO,1937,1949.0,12.0,14.0,2003.0,107.0,77.0,61.0,460,2104.0,2.0,2124,2106.0,-18.0,0,0,,0.0,0.0,0.0,0.0,0.0,2015-02-19,0,0,0.0,0,0.0,0.0,0.0,0.0,0.0
2015,2,24,2,EV,4913,N740EV,DTW,BHM,834,836.0,2.0,15.0,851.0,129.0,110.0,92.0,625,923.0,3.0,943,926.0,-17.0,0,0,,0.0,0.0,0.0,0.0,0.0,2015-02-24,0,0,0.0,0,0.0,0.0,0.0,0.0,0.0
2015,3,18,3,VX,714,N526VA,SFO,DAL,1145,1140.0,-5.0,14.0,1154.0,195.0,203.0,184.0,1476,1658.0,5.0,1700,1703.0,3.0,0,0,,0.0,0.0,0.0,0.0,0.0,2015-03-18,0,0,0.0,0,0.0,0.0,0.0,0.0,0.0
2015,2,16,1,DL,1665,N372NW,SLC,DFW,850,918.0,28.0,23.0,941.0,164.0,157.0,124.0,989,1245.0,10.0,1234,1255.0,21.0,0,0,,0.0,0.0,0.0,21.0,0.0,2015-02-16,1,1,21.0,1,0.0,0.0,0.0,100.0,0.0
2015,2,17,2,OO,6328,N973SW,BUR,SFO,957,1025.0,28.0,27.0,1052.0,83.0,90.0,60.0,326,1152.0,3.0,1120,1155.0,35.0,0,0,,35.0,0.0,0.0,0.0,0.0,2015-02-17,1,1,35.0,1,100.0,0.0,0.0,0.0,0.0
2015,3,3,2,AA,1103,N3CAAA,LGA,DFW,600,554.0,-6.0,13.0,607.0,247.0,237.0,216.0,1389,843.0,8.0,907,851.0,-16.0,0,0,,0.0,0.0,0.0,0.0,0.0,2015-03-03,0,0,0.0,0,0.0,0.0,0.0,0.0,0.0
2015,3,9,1,DL,936,N541US,PHX,SLC,1027,1104.0,37.0,16.0,1120.0,102.0,92.0,70.0,507,1330.0,6.0,1309,1336.0,27.0,0,0,,0.0,0.0,0.0,27.0,0.0,2015-03-09,1,1,27.0,1,0.0,0.0,0.0,100.0,0.0
2015,3,22,7,WN,3859,N483WN,TPA,FLL,1615,1617.0,2.0,10.0,1627.0,60.0,49.0,35.0,197,1702.0,4.0,1715,1706.0,-9.0,0,0,,0.0,0.0,0.0,0.0,0.0,2015-03-22,0,0,0.0,0,0.0,0.0,0.0,0.0,0.0
2015,3,2,1,WN,704,N7718B,BWI,TPA,630,644.0,14.0,30.0,714.0,155.0,156.0,122.0,842,916.0,4.0,905,920.0,15.0,0,0,,1.0,0.0,14.0,0.0,0.0,2015-03-02,0,0,15.0,0,6.67,0.0,93.33,0.0,0.0
2015,3,5,4,UA,1094,N87507,DEN,IAD,810,812.0,2.0,14.0,826.0,200.0,210.0,165.0,1452,1311.0,31.0,1330,1342.0,12.0,0,0,,0.0,0.0,0.0,0.0,0.0,2015-03-05,0,0,0.0,0,0.0,0.0,0.0,0.0,0.0
2015,3,11,3,WN,266,N357SW,OAK,LAX,525,525.0,0.0,14.0,539.0,80.0,75.0,54.0,337,633.0,7.0,645,640.0,-5.0,0,0,,0.0,0.0,0.0,0.0,0.0,2015-03-11,0,0,0.0,0,0.0,0.0,0.0,0.0,0.0
2015,3,19,4,WN,147,N475WN,LAS,SAT,555,555.0,0.0,12.0,607.0,150.0,146.0,130.0,1069,1017.0,4.0,1025,1021.0,-4.0,0,0,,0.0,0.0,0.0,0.0,0.0,2015-03-19,0,0,0.0,0,0.0,0.0,0.0,0.0,0.0
2015,3,12,4,EV,6082,N36915,ATW,ORD,545,538.0,-7.0,28.0,606.0,65.0,81.0,37.0,160,643.0,16.0,650,659.0,9.0,0,0,,0.0,0.0,0.0,0.0,0.0,2015-03-12,0,0,0.0,0,0.0,0.0,0.0,0.0,0.0
2015,2,23,1,DL,1362,N924AT,ATL,TRI,1857,1855.0,-2.0,21.0,1916.0,69.0,59.0,36.0,227,1952.0,2.0,2006,1954.0,-12.0,0,0,,0.0,0.0,0.0,0.0,0.0,2015-02-23,0,0,0.0,0,0.0,0.0,0.0,0.0,0.0
2015,3,20,5,EV,5007,N853AS,ATL,SHV,1210,1212.0,2.0,16.0,1228.0,110.0,111.0,92.0,551,1300.0,3.0,1300,1303.0,3.0,0,0,,0.0,0.0,0.0,0.0,0.0,2015-03-20,0,0,0.0,0,0.0,0.0,0.0,0.0,0.0
2015,2,15,7,WN,2014,N8607M,LAX,MDW,925,931.0,6.0,10.0,941.0,230.0,215.0,200.0,1750,1501.0,5.0,1515,1506.0,-9.0,0,0,,0.0,0.0,0.0,0.0,0.0,2015-02-15,0,0,0.0,0,0.0,0.0,0.0,0.0,0.0
2015,2,23,1,WN,525,N555LV,TPA,BHM,1720,1718.0,-2.0,9.0,1727.0,90.0,86.0,74.0,459,1741.0,3.0,1750,1744.0,-6.0,0,0,,0.0,0.0,0.0,0.0,0.0,2015-02-23,0,0,0.0,0,0.0,0.0,0.0,0.0,0.0
2015,3,5,4,WN,2873,N273WN,LAX,OAK,1640,1650.0,10.0,8.0,1658.0,75.0,66.0,52.0,337,1750.0,6.0,1755,1756.0,1.0,0,0,,0.0,0.0,0.0,0.0,0.0,2015-03-05,0,0,0.0,0,0.0,0.0,0.0,0.0,0.0
2015,3,23,1,OO,4487,N429SW,DTW,SBN,2135,2342.0,127.0,26.0,8.0,60.0,63.0,31.0,157,39.0,6.0,2235,45.0,130.0,0,0,,3.0,0.0,0.0,127.0,0.0,2015-03-23,1,1,130.0,1,2.31,0.0,0.0,97.69,0.0
2015,3,18,3,OO,5389,N569SW,SBP,LAX,745,744.0,-1.0,7.0,751.0,69.0,67.0,43.0,156,834.0,17.0,854,851.0,-3.0,0,0,,0.0,0.0,0.0,0.0,0.0,2015-03-18,0,0,0.0,0,0.0,0.0,0.0,0.0,0.0
2015,3,20,5,DL,2008,N904DA,ATL,MSP,1350,1351.0,1.0,14.0,1405.0,164.0,151.0,130.0,907,1515.0,7.0,1534,1522.0,-12.0,0,0,,0.0,0.0,0.0,0.0,0.0,2015-03-20,0,0,0.0,0,0.0,0.0,0.0,0.0,0.0
2015,3,25,3,WN,470,N628SW,PHX,DAL,715,714.0,-1.0,10.0,724.0,135.0,130.0,117.0,879,1121.0,3.0,1130,1124.0,-6.0,0,0,,0.0,0.0,0.0,0.0,0.0,2015-03-25,0,0,0.0,0,0.0,0.0,0.0,0.0,0.0
2015,3,5,4,AS,345,N533AS,OAK,SEA,605,559.0,-6.0,11.0,610.0,118.0,117.0,99.0,671,749.0,7.0,803,756.0,-7.0,0,0,,0.0,0.0,0.0,0.0,0.0,2015-03-05,0,0,0.0,0,0.0,0.0,0.0,0.0,0.0
2015,3,4,3,DL,1564,N945DL,ATL,RDU,1245,1318.0,33.0,12.0,1330.0,80.0,70.0,55.0,356,1425.0,3.0,1405,1428.0,23.0,0,0,,0.0,0.0,0.0,23.0,0.0,2015-03-04,1,1,23.0,1,0.0,0.0,0.0,100.0,0.0
2015,2,24,2,WN,3297,N7748A,BWI,BNA,940,940.0,0.0,10.0,950.0,125.0,105.0,91.0,587,1021.0,4.0,1045,1025.0,-20.0,0,0,,0.0,0.0,0.0,0.0,0.0,2015-02-24,0,0,0.0,0,0.0,0.0,0.0,0.0,0.0
2015,3,8,7,AS,336,N558AS,SEA,SJC,2045,2044.0,-1.0,12.0,2056.0,122.0,117.0,101.0,697,2237.0,4.0,2247,2241.0,-6.0,0,0,,0.0,0.0,0.0,0.0,0.0,2015-03-08,0,0,0.0,0,0.0,0.0,0.0,0.0,0.0
2015,2,17,2,B6,821,N563JB,BOS,PBI,1354,1407.0,13.0,46.0,1453.0,204.0,252.0,201.0,1197,1814.0,5.0,1718,1819.0,61.0,0,0,,52.0,0.0,9.0,0.0,0.0,2015-02-17,0,1,61.0,1,85.25,0.0,14.75,0.0,0.0
2015,3,14,6,UA,1004,N36247,DEN,LAX,1130,1143.0,13.0,13.0,1156.0,157.0,126.0,103.0,862,1239.0,10.0,1307,1249.0,-18.0,0,0,,0.0,0.0,0.0,0.0,0.0,2015-03-14,0,0,0.0,0,0.0,0.0,0.0,0.0,0.0
2015,2,26,4,AA,1698,N3JKAA,SJU,DFW,940,935.0,-5.0,11.0,946.0,330.0,328.0,297.0,2165,1243.0,20.0,1310,1303.0,-7.0,0,0,,0.0,0.0,0.0,0.0,0.0,2015-02-26,0,0,0.0,0,0.0,0.0,0.0,0.0,0.0
2015,2,19,4,US,2064,N576UW,DFW,CLT,700,653.0,-7.0,20.0,713.0,145.0,145.0,114.0,936,1007.0,11.0,1025,1018.0,-7.0,0,0,,0.0,0.0,0.0,0.0,0.0,2015-02-19,0,0,0.0,0,0.0,0.0,0.0,0.0,0.0
2015,3,25,3,OO,4457,N463SW,MSP,BIS,911,907.0,-4.0,12.0,919.0,88.0,79.0,64.0,386,1023.0,3.0,1039,1026.0,-13.0,0,0,,0.0,0.0,0.0,0.0,0.0,2015-03-25,0,0,0.0,0,0.0,0.0,0.0,0.0,0.0
2015,2,22,7,DL,1853,N339NB,MSN,ATL,600,555.0,-5.0,12.0,607.0,130.0,113.0,97.0,707,844.0,4.0,910,848.0,-22.0,0,0,,0.0,0.0,0.0,0.0,0.0,2015-02-22,0,0,0.0,0,0.0,0.0,0.0,0.0,0.0
2015,2,19,4,WN,510,N413WN,BUF,BWI,1110,1236.0,86.0,9.0,1245.0,75.0,64.0,51.0,281,1336.0,4.0,1225,1340.0,75.0,0,0,,0.0,0.0,73.0,2.0,0.0,2015-02-19,1,1,75.0,1,0.0,0.0,97.33,2.67,0.0
2015,3,10,2,DL,2660,N919AT,BOS,LGA,600,556.0,-4.0,40.0,636.0,76.0,100.0,55.0,184,731.0,5.0,716,736.0,20.0,0,0,,20.0,0.0,0.0,0.0,0.0,2015-03-10,0,1,20.0,1,100.0,0.0,0.0,0.0,0.0
2015,3,11,3,HA,392,N478HA,HNL,ITO,1902,1857.0,-5.0,8.0,1905.0,50.0,48.0,35.0,216,1940.0,5.0,1952,1945.0,-7.0,0,0,,0.0,0.0,0.0,0.0,0.0,2015-03-11,0,0,0.0,0,0.0,0.0,0.0,0.0,0.0
2015,3,6,5,OO,5396,N970SW,MKE,ORD,837,1018.0,101.0,14.0,1032.0,53.0,44.0,21.0,67,1053.0,9.0,930,1102.0,92.0,0,0,,0.0,0.0,0.0,92.0,0.0,2015-03-06,1,1,92.0,1,0.0,0.0,0.0,100.0,0.0
2015,2,18,3,WN,2514,N945WN,SAN,SJC,1155,1153.0,-2.0,8.0,1201.0,80.0,69.0,58.0,417,1259.0,3.0,1315,1302.0,-13.0,0,0,,0.0,0.0,0.0,0.0,0.0,2015-02-18,0,0,0.0,0,0.0,0.0,0.0,0.0,0.0
2015,2,25,3,OO,4593,N487CA,FWA,ATL,1227,1325.0,58.0,11.0,1336.0,113.0,107.0,85.0,508,1501.0,11.0,1420,1512.0,52.0,0,0,,0.0,0.0,1.0,51.0,0.0,2015-02-25,1,1,52.0,1,0.0,0.0,1.92,98.08,0.0
2015,3,4,3,MQ,3175,N643MQ,AMA,DFW,939,952.0,13.0,37.0,1029.0,71.0,100.0,55.0,312,1124.0,8.0,1050,1132.0,42.0,0,0,,29.0,0.0,0.0,5.0,8.0,2015-03-04,0,1,42.0,1,69.05,0.0,0.0,11.9,19.05
2015,3,4,3,UA,1186,N37293,LAS,DEN,1615,1643.0,28.0,13.0,1656.0,115.0,108.0,86.0,628,1922.0,9.0,1910,1931.0,21.0,0,0,,0.0,0.0,0.0,21.0,0.0,2015-03-04,1,1,21.0,1,0.0,0.0,0.0,100.0,0.0
2015,3,2,1,WN,427,N234WN,BWI,MCO,2030,2035.0,5.0,6.0,2041.0,145.0,115.0,103.0,787,2224.0,6.0,2255,2230.0,-25.0,0,0,,0.0,0.0,0.0,0.0,0.0,2015-03-02,0,0,0.0,0,0.0,0.0,0.0,0.0,0.0
2015,3,13,5,AA,1179,N3LWAA,MIA,DCA,1115,1114.0,-1.0,18.0,1132.0,152.0,148.0,126.0,919,1338.0,4.0,1347,1342.0,-5.0,0,0,,0.0,0.0,0.0,0.0,0.0,2015-03-13,0,0,0.0,0,0.0,0.0,0.0,0.0,0.0
2015,3,17,2,US,2027,N584UW,LAS,PHX,1635,1628.0,-7.0,13.0,1641.0,71.0,63.0,46.0,255,1727.0,4.0,1746,1731.0,-15.0,0,0,,0.0,0.0,0.0,0.0,0.0,2015-03-17,0,0,0.0,0,0.0,0.0,0.0,0.0,0.0
2015,3,19,4,AA,295,N7AUAA,MIA,LAX,930,930.0,0.0,17.0,947.0,361.0,348.0,304.0,2342,1151.0,27.0,1231,1218.0,-13.0,0,0,,0.0,0.0,0.0,0.0,0.0,2015-03-19,0,0,0.0,0,0.0,0.0,0.0,0.0,0.0
2015,2,17,2,WN,32,N900WN,DAL,LIT,1530,1534.0,4.0,9.0,1543.0,60.0,58.0,44.0,296,1627.0,5.0,1630,1632.0,2.0,0,0,,0.0,0.0,0.0,0.0,0.0,2015-02-17,0,0,0.0,0,0.0,0.0,0.0,0.0,0.0
2015,2,17,2,UA,814,N423UA,DEN,IAH,1546,1632.0,46.0,8.0,1640.0,144.0,109.0,95.0,862,1915.0,6.0,1910,1921.0,11.0,0,0,,0.0,0.0,0.0,0.0,0.0,2015-02-17,1,0,0.0,0,0.0,0.0,0.0,0.0,0.0
2015,3,11,3,OO,5262,N756SK,IAH,CVG,1538,1535.0,-3.0,25.0,1600.0,137.0,143.0,108.0,871,1848.0,10.0,1855,1858.0,3.0,0,0,,0.0,0.0,0.0,0.0,0.0,2015-03-11,0,0,0.0,0,0.0,0.0,0.0,0.0,0.0
2015,3,23,1,DL,1398,N919DE,ATL,MHT,2040,2036.0,-4.0,19.0,2055.0,156.0,154.0,123.0,952,2258.0,12.0,2316,2310.0,-6.0,0,0,,0.0,0.0,0.0,0.0,0.0,2015-03-23,0,0,0.0,0,0.0,0.0,0.0,0.0,0.0
2015,2,18,3,WN,3232,N601WN,SAN,OAK,640,637.0,-3.0,17.0,654.0,95.0,85.0,62.0,446,756.0,6.0,815,802.0,-13.0,0,0,,0.0,0.0,0.0,0.0,0.0,2015-02-18,0,0,0.0,0,0.0,0.0,0.0,0.0,0.0
2015,2,26,4,EV,4682,N10575,MAF,IAH,813,807.0,-6.0,12.0,819.0,82.0,94.0,62.0,429,921.0,20.0,935,941.0,6.0,0,0,,0.0,0.0,0.0,0.0,0.0,2015-02-26,0,0,0.0,0,0.0,0.0,0.0,0.0,0.0
2015,2,24,2,MQ,3211,N621MQ,ORD,RST,805,807.0,2.0,22.0,829.0,70.0,85.0,59.0,268,928.0,4.0,915,932.0,17.0,0,0,,17.0,0.0,0.0,0.0,0.0,2015-02-24,0,1,17.0,1,100.0,0.0,0.0,0.0,0.0
2015,3,15,7,AA,1541,N5ELAA,BOS,MIA,750,748.0,-2.0,13.0,801.0,222.0,199.0,180.0,1258,1101.0,6.0,1132,1107.0,-25.0,0,0,,0.0,0.0,0.0,0.0,0.0,2015-03-15,0,0,0.0,0,0.0,0.0,0.0,0.0,0.0
2015,3,23,1,DL,2524,N915AT,ATL,VPS,1505,1502.0,-3.0,24.0,1526.0,80.0,75.0,47.0,250,1513.0,4.0,1525,1517.0,-8.0,0,0,,0.0,0.0,0.0,0.0,0.0,2015-03-23,0,0,0.0,0,0.0,0.0,0.0,0.0,0.0
2015,3,5,4,DL,1589,N655DL,FLL,ATL,1145,1205.0,20.0,18.0,1223.0,130.0,105.0,80.0,581,1343.0,7.0,1355,1350.0,-5.0,0,0,,0.0,0.0,0.0,0.0,0.0,2015-03-05,1,0,0.0,0,0.0,0.0,0.0,0.0,0.0
2015,3,19,4,DL,2361,N961DN,MCI,ATL,1631,1634.0,3.0,10.0,1644.0,124.0,104.0,86.0,692,1910.0,8.0,1935,1918.0,-17.0,0,0,,0.0,0.0,0.0,0.0,0.0,2015-03-19,0,0,0.0,0,0.0,0.0,0.0,0.0,0.0
2015,3,10,2,B6,8,N646JB,LAS,FLL,2238,2232.0,-6.0,20.0,2252.0,266.0,278.0,253.0,2173,605.0,5.0,604,610.0,6.0,0,0,,0.0,0.0,0.0,0.0,0.0,2015-03-10,0,0,0.0,0,0.0,0.0,0.0,0.0,0.0
2015,3,9,1,EV,4977,N842AS,ATL,MYR,1513,1533.0,20.0,18.0,1551.0,72.0,66.0,44.0,317,1635.0,4.0,1625,1639.0,14.0,0,0,,0.0,0.0,0.0,0.0,0.0,2015-03-09,1,0,0.0,0,0.0,0.0,0.0,0.0,0.0
2015,2,14,6,B6,590,N190JB,DCA,BOS,1431,1427.0,-4.0,10.0,1437.0,84.0,74.0,60.0,399,1537.0,4.0,1555,1541.0,-14.0,0,0,,0.0,0.0,0.0,0.0,0.0,2015-02-14,0,0,0.0,0,0.0,0.0,0.0,0.0,0.0
2015,2,21,6,UA,812,N831UA,DEN,DFW,1719,1731.0,12.0,44.0,1815.0,117.0,129.0,80.0,641,2035.0,5.0,2016,2040.0,24.0,0,0,,12.0,0.0,0.0,0.0,12.0,2015-02-21,0,1,24.0,1,50.0,0.0,0.0,0.0,50.0
2015,2,22,7,UA,740,N456UA,DEN,MSY,1005,1006.0,1.0,31.0,1037.0,156.0,158.0,124.0,1062,1341.0,3.0,1341,1344.0,3.0,0,0,,0.0,0.0,0.0,0.0,0.0,2015-02-22,0,0,0.0,0,0.0,0.0,0.0,0.0,0.0
2015,3,12,4,MQ,2918,N539MQ,GRR,ORD,1509,1506.0,-3.0,10.0,1516.0,61.0,57.0,30.0,137,1446.0,17.0,1510,1503.0,-7.0,0,0,,0.0,0.0,0.0,0.0,0.0,2015-03-12,0,0,0.0,0,0.0,0.0,0.0,0.0,0.0
2015,2,14,6,EV,6067,N11194,LBB,DEN,950,951.0,1.0,13.0,1004.0,100.0,100.0,77.0,456,1021.0,10.0,1030,1031.0,1.0,0,0,,0.0,0.0,0.0,0.0,0.0,2015-02-14,0,0,0.0,0,0.0,0.0,0.0,0.0,0.0
2015,2,21,6,WN,3832,N792SW,ONT,SMF,945,943.0,-2.0,9.0,952.0,80.0,79.0,66.0,390,1058.0,4.0,1105,1102.0,-3.0,0,0,,0.0,0.0,0.0,0.0,0.0,2015-02-21,0,0,0.0,0,0.0,0.0,0.0,0.0,0.0
2015,3,12,4,DL,2660,N975AT,BOS,LGA,600,603.0,3.0,28.0,631.0,76.0,75.0,42.0,184,713.0,5.0,716,718.0,2.0,0,0,,0.0,0.0,0.0,0.0,0.0,2015-03-12,0,0,0.0,0,0.0,0.0,0.0,0.0,0.0
2015,3,18,3,EV,4554,N13965,IAH,TYS,1943,1935.0,-8.0,18.0,1953.0,122.0,117.0,96.0,771,2229.0,3.0,2245,2232.0,-13.0,0,0,,0.0,0.0,0.0,0.0,0.0,2015-03-18,0,0,0.0,0,0.0,0.0,0.0,0.0,0.0
2015,3,7,6,DL,725,N617DL,MSP,SJU,900,915.0,15.0,23.0,938.0,305.0,297.0,272.0,2404,1610.0,2.0,1605,1612.0,7.0,0,0,,0.0,0.0,0.0,0.0,0.0,2015-03-07,0,0,0.0,0,0.0,0.0,0.0,0.0,0.0
2015,2,16,1,HA,516,N481HA,HNL,OGG,2150,2157.0,7.0,16.0,2213.0,36.0,42.0,21.0,100,2234.0,5.0,2226,2239.0,13.0,0,0,,0.0,0.0,0.0,0.0,0.0,2015-02-16,0,0,0.0,0,0.0,0.0,0.0,0.0,0.0
2015,3,2,1,F9,287,N210FR,STL,DEN,600,550.0,-10.0,13.0,603.0,139.0,144.0,123.0,770,706.0,8.0,719,714.0,-5.0,0,0,,0.0,0.0,0.0,0.0,0.0,2015-03-02,0,0,0.0,0,0.0,0.0,0.0,0.0,0.0
2015,3,17,2,DL,2128,N6710E,DTW,MCO,1025,1020.0,-5.0,13.0,1033.0,162.0,142.0,120.0,957,1233.0,9.0,1307,1242.0,-25.0,0,0,,0.0,0.0,0.0,0.0,0.0,2015-03-17,0,0,0.0,0,0.0,0.0,0.0,0.0,0.0
2015,3,10,2,MQ,3601,N8EGMQ,BDL,ORD,1345,1336.0,-9.0,12.0,1348.0,161.0,153.0,129.0,783,1457.0,12.0,1526,1509.0,-17.0,0,0,,0.0,0.0,0.0,0.0,0.0,2015-03-10,0,0,0.0,0,0.0,0.0,0.0,0.0,0.0
2015,3,9,1,WN,239,N669SW,LAX,SLC,1355,1516.0,81.0,12.0,1528.0,105.0,101.0,87.0,590,1755.0,2.0,1640,1757.0,77.0,0,0,,3.0,0.0,0.0,74.0,0.0,2015-03-09,1,1,77.0,1,3.9,0.0,0.0,96.1,0.0
2015,3,20,5,US,1730,N754UW,CLT,DCA,1135,1127.0,-8.0,21.0,1148.0,79.0,73.0,50.0,331,1238.0,2.0,1254,1240.0,-14.0,0,0,,0.0,0.0,0.0,0.0,0.0,2015-03-20,0,0,0.0,0,0.0,0.0,0.0,0.0,0.0
2015,3,23,1,DL,105,N979DL,BOS,ATL,1600,1620.0,20.0,18.0,1638.0,178.0,162.0,137.0,946,1855.0,7.0,1858,1902.0,4.0,0,0,,0.0,0.0,0.0,0.0,0.0,2015-03-23,1,0,0.0,0,0.0,0.0,0.0,0.0,0.0
2015,3,7,6,WN,3866,N658SW,LAX,HOU,955,952.0,-3.0,9.0,1001.0,180.0,185.0,173.0,1390,1454.0,3.0,1455,1457.0,2.0,0,0,,0.0,0.0,0.0,0.0,0.0,2015-03-07,0,0,0.0,0,0.0,0.0,0.0,0.0,0.0
2015,3,14,6,B6,717,N328JB,BOS,JFK,1043,1043.0,0.0,17.0,1100.0,75.0,71.0,48.0,187,1148.0,6.0,1158,1154.0,-4.0,0,0,,0.0,0.0,0.0,0.0,0.0,2015-03-14,0,0,0.0,0,0.0,0.0,0.0,0.0,0.0
2015,3,20,5,WN,4275,N957WN,CMH,BWI,1435,1439.0,4.0,8.0,1447.0,75.0,68.0,55.0,337,1542.0,5.0,1550,1547.0,-3.0,0,0,,0.0,0.0,0.0,0.0,0.0,2015-03-20,0,0,0.0,0,0.0,0.0,0.0,0.0,0.0
2015,3,20,5,WN,484,N651SW,BNA,MCI,1000,1035.0,35.0,14.0,1049.0,100.0,97.0,78.0,491,1207.0,5.0,1140,1212.0,32.0,0,0,,0.0,0.0,19.0,13.0,0.0,2015-03-20,1,1,32.0,1,0.0,0.0,59.38,40.62,0.0
2015,2,18,3,UA,769,N463UA,ORD,SFO,956,1037.0,41.0,24.0,1101.0,290.0,282.0,252.0,1846,1313.0,6.0,1246,1319.0,33.0,0,0,,31.0,0.0,0.0,2.0,0.0,2015-02-18,1,1,33.0,1,93.94,0.0,0.0,6.06,0.0
2015,2,23,1,B6,1006,N580JB,LGB,SEA,1356,1418.0,22.0,10.0,1428.0,163.0,145.0,131.0,965,1639.0,4.0,1639,1643.0,4.0,0,0,,0.0,0.0,0.0,0.0,0.0,2015-02-23,1,0,0.0,0,0.0,0.0,0.0,0.0,0.0
2015,2,26,4,MQ,3457,N543MQ,ROC,ORD,1835,1915.0,40.0,22.0,1937.0,125.0,121.0,83.0,528,2000.0,16.0,1940,2016.0,36.0,0,0,,0.0,0.0,0.0,36.0,0.0,2015-02-26,1,1,36.0,1,0.0,0.0,0.0,100.0,0.0
2015,2,28,6,EV,4449,N13994,IAH,MFE,1445,1445.0,0.0,11.0,1456.0,78.0,70.0,55.0,316,1551.0,4.0,1603,1555.0,-8.0,0,0,,0.0,0.0,0.0,0.0,0.0,2015-02-28,0,0,0.0,0,0.0,0.0,0.0,0.0,0.0
2015,3,9,1,US,735,N601AW,PHL,LAS,1555,1551.0,-4.0,12.0,1603.0,336.0,319.0,301.0,2176,1804.0,6.0,1831,1810.0,-21.0,0,0,,0.0,0.0,0.0,0.0,0.0,2015-03-09,0,0,0.0,0,0.0,0.0,0.0,0.0,0.0
2015,3,2,1,WN,926,N7738A,TPA,AUS,1000,1003.0,3.0,12.0,1015.0,170.0,152.0,136.0,928,1131.0,4.0,1150,1135.0,-15.0,0,0,,0.0,0.0,0.0,0.0,0.0,2015-03-02,0,0,0.0,0,0.0,0.0,0.0,0.0,0.0
2015,3,16,1,EV,5065,N841AS,ATL,SGF,1615,1610.0,-5.0,20.0,1630.0,117.0,108.0,84.0,563,1654.0,4.0,1712,1658.0,-14.0,0,0,,0.0,0.0,0.0,0.0,0.0,2015-03-16,0,0,0.0,0,0.0,0.0,0.0,0.0,0.0
2015,3,18,3,DL,1444,N918DL,FLL,LGA,1515,1623.0,68.0,11.0,1634.0,179.0,174.0,151.0,1076,1905.0,12.0,1814,1917.0,63.0,0,0,,17.0,0.0,5.0,41.0,0.0,2015-03-18,1,1,63.0,1,26.98,0.0,7.94,65.08,0.0
2015,3,4,3,WN,1081,N277WN,DEN,PHL,945,1230.0,165.0,33.0,1303.0,205.0,196.0,160.0,1558,1743.0,3.0,1510,1746.0,156.0,0,0,,0.0,0.0,0.0,0.0,156.0,2015-03-04,1,1,156.0,1,0.0,0.0,0.0,0.0,100.0
2015,3,10,2,US,1854,N199UW,CLT,RDU,2245,2242.0,-3.0,12.0,2254.0,50.0,45.0,30.0,130,2324.0,3.0,2335,2327.0,-8.0,0,0,,0.0,0.0,0.0,0.0,0.0,2015-03-10,0,0,0.0,0,0.0,0.0,0.0,0.0,0.0
2015,2,28,6,DL,2206,N912DE,ORF,ATL,1616,1621.0,5.0,9.0,1630.0,121.0,115.0,96.0,516,1806.0,10.0,1817,1816.0,-1.0,0,0,,0.0,0.0,0.0,0.0,0.0,2015-02-28,0,0,0.0,0,0.0,0.0,0.0,0.0,0.0
2015,2,20,5,AS,560,N407AS,SEA,PSP,640,644.0,4.0,14.0,658.0,152.0,148.0,130.0,987,908.0,4.0,912,912.0,0.0,0,0,,0.0,0.0,0.0,0.0,0.0,2015-02-20,0,0,0.0,0,0.0,0.0,0.0,0.0,0.0
2015,3,9,1,WN,1522,N384SW,GEG,BOI,1700,1708.0,8.0,10.0,1718.0,60.0,57.0,43.0,287,1901.0,4.0,1900,1905.0,5.0,0,0,,0.0,0.0,0.0,0.0,0.0,2015-03-09,0,0,0.0,0,0.0,0.0,0.0,0.0,0.0
2015,2,16,1,WN,248,N439WN,DCA,MDW,1415,1411.0,-4.0,17.0,1428.0,125.0,130.0,107.0,601,1515.0,6.0,1520,1521.0,1.0,0,0,,0.0,0.0,0.0,0.0,0.0,2015-02-16,0,0,0.0,0,0.0,0.0,0.0,0.0,0.0
2015,2,14,6,OO,2681,N821AS,PHX,MRY,2100,2100.0,0.0,14.0,2114.0,116.0,104.0,85.0,598,2139.0,5.0,2156,2144.0,-12.0,0,0,,0.0,0.0,0.0,0.0,0.0,2015-02-14,0,0,0.0,0,0.0,0.0,0.0,0.0,0.0
2015,3,15,7,WN,2154,N355SW,SFO,SAN,920,919.0,-1.0,17.0,936.0,85.0,90.0,71.0,447,1047.0,2.0,1045,1049.0,4.0,0,0,,0.0,0.0,0.0,0.0,0.0,2015-03-15,0,0,0.0,0,0.0,0.0,0.0,0.0,0.0
2015,2,13,5,WN,4101,N7711N,TPA,LAS,1440,1441.0,1.0,11.0,1452.0,310.0,286.0,270.0,1984,1622.0,5.0,1650,1627.0,-23.0,0,0,,0.0,0.0,0.0,0.0,0.0,2015-02-13,0,0,0.0,0,0.0,0.0,0.0,0.0,0.0
2015,2,25,3,AA,249,N556AA,EWR,DFW,1448,1443.0,-5.0,11.0,1454.0,247.0,230.0,215.0,1372,1729.0,4.0,1755,1733.0,-22.0,0,0,,0.0,0.0,0.0,0.0,0.0,2015-02-25,0,0,0.0,0,0.0,0.0,0.0,0.0,0.0
2015,3,25,3,UA,1176,N69830,PBI,EWR,2109,2059.0,-10.0,9.0,2108.0,170.0,165.0,151.0,1023,2339.0,5.0,2359,2344.0,-15.0,0,0,,0.0,0.0,0.0,0.0,0.0,2015-03-25,0,0,0.0,0,0.0,0.0,0.0,0.0,0.0
2015,3,20,5,WN,521,N8617E,CLE,BNA,615,612.0,-3.0,11.0,623.0,110.0,92.0,74.0,448,637.0,7.0,705,644.0,-21.0,0,0,,0.0,0.0,0.0,0.0,0.0,2015-03-20,0,0,0.0,0,0.0,0.0,0.0,0.0,0.0
2015,2,14,6,OO,7377,N457SW,BTM,SLC,1300,1248.0,-12.0,11.0,1259.0,82.0,73.0,58.0,358,1357.0,4.0,1422,1401.0,-21.0,0,0,,0.0,0.0,0.0,0.0,0.0,2015-02-14,0,0,0.0,0,0.0,0.0,0.0,0.0,0.0
2015,2,20,5,B6,643,N629JB,EWR,PBI,1200,1159.0,-1.0,22.0,1221.0,172.0,174.0,148.0,1023,1449.0,4.0,1452,1453.0,1.0,0,0,,0.0,0.0,0.0,0.0,0.0,2015-02-20,0,0,0.0,0,0.0,0.0,0.0,0.0,0.0
2015,3,17,2,DL,719,N722TW,ATL,JFK,1205,1338.0,93.0,30.0,1408.0,140.0,143.0,104.0,760,1552.0,9.0,1425,1601.0,96.0,0,0,,96.0,0.0,0.0,0.0,0.0,2015-03-17,1,1,96.0,1,100.0,0.0,0.0,0.0,0.0
2015,3,8,7,OO,5230,N109SY,PIT,ORD,937,958.0,21.0,9.0,1007.0,108.0,103.0,77.0,413,1024.0,17.0,1025,1041.0,16.0,0,0,,0.0,0.0,0.0,16.0,0.0,2015-03-08,1,1,16.0,1,0.0,0.0,0.0,100.0,0.0
2015,3,4,3,B6,2084,N630JB,MCO,JFK,726,720.0,-6.0,12.0,732.0,153.0,154.0,134.0,944,946.0,8.0,959,954.0,-5.0,0,0,,0.0,0.0,0.0,0.0,0.0,2015-03-04,0,0,0.0,0,0.0,0.0,0.0,0.0,0.0
2015,3,11,3,AA,1274,N480AA,SAT,DFW,759,755.0,-4.0,7.0,802.0,71.0,51.0,40.0,247,842.0,4.0,910,846.0,-24.0,0,0,,0.0,0.0,0.0,0.0,0.0,2015-03-11,0,0,0.0,0,0.0,0.0,0.0,0.0,0.0
2015,3,3,2,EV,6104,N12195,ISN,DEN,1706,1820.0,74.0,17.0,1837.0,118.0,121.0,91.0,576,1908.0,13.0,1804,1921.0,77.0,0,0,,3.0,0.0,0.0,74.0,0.0,2015-03-03,1,1,77.0,1,3.9,0.0,0.0,96.1,0.0
2015,3,21,6,DL,1627,N900PC,LAS,ATL,30,29.0,-1.0,16.0,45.0,222.0,212.0,189.0,1747,654.0,7.0,712,701.0,-11.0,0,0,,0.0,0.0,0.0,0.0,0.0,2015-03-21,0,0,0.0,0,0.0,0.0,0.0,0.0,0.0
2015,2,22,7,EV,4999,N750EV,MOB,ATL,1150,1143.0,-7.0,18.0,1201.0,69.0,78.0,48.0,302,1349.0,12.0,1359,1401.0,2.0,0,0,,0.0,0.0,0.0,0.0,0.0,2015-02-22,0,0,0.0,0,0.0,0.0,0.0,0.0,0.0
2015,3,10,2,UA,463,N498UA,ORD,PSP,1200,1157.0,-3.0,12.0,1209.0,256.0,223.0,206.0,1652,1335.0,5.0,1416,1340.0,-36.0,0,0,,0.0,0.0,0.0,0.0,0.0,2015-03-10,0,0,0.0,0,0.0,0.0,0.0,0.0,0.0
2015,3,24,2,AA,202,N3MBAA,LAX,BOS,1300,1259.0,-1.0,25.0,1324.0,327.0,328.0,299.0,2611,2123.0,4.0,2127,2127.0,0.0,0,0,,0.0,0.0,0.0,0.0,0.0,2015-03-24,0,0,0.0,0,0.0,0.0,0.0,0.0,0.0
2015,2,14,6,DL,1631,N369NB,MSP,FAR,2035,2053.0,18.0,8.0,2101.0,76.0,56.0,40.0,223,2141.0,8.0,2151,2149.0,-2.0,0,0,,0.0,0.0,0.0,0.0,0.0,2015-02-14,1,0,0.0,0,0.0,0.0,0.0,0.0,0.0
2015,3,15,7,OO,4667,N633SK,OMA,SLC,830,826.0,-4.0,20.0,846.0,162.0,144.0,119.0,840,945.0,5.0,1012,950.0,-22.0,0,0,,0.0,0.0,0.0,0.0,0.0,2015-03-15,0,0,0.0,0,0.0,0.0,0.0,0.0,0.0
2015,2,16,1,AA,1029,N3JLAA,JFK,DCA,1555,1554.0,-1.0,18.0,1612.0,81.0,135.0,60.0,213,1712.0,57.0,1716,1809.0,53.0,0,0,,53.0,0.0,0.0,0.0,0.0,2015-02-16,0,1,53.0,1,100.0,0.0,0.0,0.0,0.0
2015,2,15,7,AA,1562,N496AA,RIC,DFW,650,701.0,11.0,14.0,715.0,220.0,197.0,174.0,1158,909.0,9.0,930,918.0,-12.0,0,0,,0.0,0.0,0.0,0.0,0.0,2015-02-15,0,0,0.0,0,0.0,0.0,0.0,0.0,0.0
2015,2,27,5,MQ,3087,N522MQ,ORD,XNA,1500,1459.0,-1.0,11.0,1510.0,104.0,99.0,82.0,522,1632.0,6.0,1644,1638.0,-6.0,0,0,,0.0,0.0,0.0,0.0,0.0,2015-02-27,0,0,0.0,0,0.0,0.0,0.0,0.0,0.0
2015,3,19,4,UA,1046,N12218,DEN,SFO,1444,1445.0,1.0,8.0,1453.0,158.0,138.0,126.0,967,1559.0,4.0,1622,1603.0,-19.0,0,0,,0.0,0.0,0.0,0.0,0.0,2015-03-19,0,0,0.0,0,0.0,0.0,0.0,0.0,0.0
2015,2,24,2,B6,1980,N580JB,LGB,LAS,1850,1839.0,-11.0,16.0,1855.0,64.0,67.0,43.0,231,1938.0,8.0,1954,1946.0,-8.0,0,0,,0.0,0.0,0.0,0.0,0.0,2015-02-24,0,0,0.0,0,0.0,0.0,0.0,0.0,0.0
2015,2,27,5,UA,238,N474UA,FLL,IAH,615,617.0,2.0,10.0,627.0,175.0,169.0,156.0,965,803.0,3.0,810,806.0,-4.0,0,0,,0.0,0.0,0.0,0.0,0.0,2015-02-27,0,0,0.0,0,0.0,0.0,0.0,0.0,0.0
2015,3,6,5,OO,4728,N689CA,SLC,MFR,1118,1116.0,-2.0,17.0,1133.0,120.0,102.0,80.0,575,1153.0,5.0,1218,1158.0,-20.0,0,0,,0.0,0.0,0.0,0.0,0.0,2015-03-06,0,0,0.0,0,0.0,0.0,0.0,0.0,0.0
2015,2,19,4,WN,4525,N758SW,SNA,DAL,1400,1400.0,0.0,11.0,1411.0,165.0,154.0,139.0,1216,1830.0,4.0,1845,1834.0,-11.0,0,0,,0.0,0.0,0.0,0.0,0.0,2015-02-19,0,0,0.0,0,0.0,0.0,0.0,0.0,0.0
2015,3,2,1,WN,627,N266WN,LAS,MDW,1855,2030.0,95.0,12.0,2042.0,200.0,175.0,156.0,1521,118.0,7.0,15,125.0,70.0,0,0,,0.0,0.0,62.0,8.0,0.0,2015-03-02,1,1,70.0,1,0.0,0.0,88.57,11.43,0.0
2015,3,16,1,OO,4991,N789SK,CVG,ORD,1419,1430.0,11.0,12.0,1442.0,80.0,75.0,57.0,265,1439.0,6.0,1439,1445.0,6.0,0,0,,0.0,0.0,0.0,0.0,0.0,2015-03-16,0,0,0.0,0,0.0,0.0,0.0,0.0,0.0
2015,3,24,2,AA,1037,N3CEAA,ORD,SJC,1700,1700.0,0.0,20.0,1720.0,280.0,274.0,251.0,1829,1931.0,3.0,1940,1934.0,-6.0,0,0,,0.0,0.0,0.0,0.0,0.0,2015-03-24,0,0,0.0,0,0.0,0.0,0.0,0.0,0.0
2015,3,9,1,AA,366,N3LUAA,ORD,LGA,1415,1409.0,-6.0,20.0,1429.0,121.0,113.0,90.0,733,1659.0,3.0,1716,1702.0,-14.0,0,0,,0.0,0.0,0.0,0.0,0.0,2015-03-09,0,0,0.0,0,0.0,0.0,0.0,0.0,0.0
2015,3,13,5,OO,5436,N929EV,ORD,SPI,845,839.0,-6.0,12.0,851.0,62.0,49.0,32.0,174,923.0,5.0,947,928.0,-19.0,0,0,,0.0,0.0,0.0,0.0,0.0,2015-03-13,0,0,0.0,0,0.0,0.0,0.0,0.0,0.0
2015,2,26,4,WN,3121,N928WN,MCI,FLL,1345,1431.0,46.0,7.0,1438.0,180.0,170.0,158.0,1242,1816.0,5.0,1745,1821.0,36.0,0,0,,0.0,0.0,23.0,13.0,0.0,2015-02-26,1,1,36.0,1,0.0,0.0,63.89,36.11,0.0
2015,3,23,1,US,409,N537UW,PHX,PDX,1655,1813.0,78.0,9.0,1822.0,167.0,173.0,159.0,1009,2101.0,5.0,1942,2106.0,84.0,0,0,,6.0,0.0,78.0,0.0,0.0,2015-03-23,1,1,84.0,1,7.14,0.0,92.86,0.0,0.0
2015,2,18,3,EV,3927,N11137,IAH,MAF,1225,1237.0,12.0,11.0,1248.0,92.0,91.0,77.0,429,1405.0,3.0,1357,1408.0,11.0,0,0,,0.0,0.0,0.0,0.0,0.0,2015-02-18,0,0,0.0,0,0.0,0.0,0.0,0.0,0.0
2015,2,28,6,UA,709,N484UA,ORD,SAN,930,943.0,13.0,11.0,954.0,260.0,259.0,245.0,1723,1159.0,3.0,1150,1202.0,12.0,0,0,,0.0,0.0,0.0,0.0,0.0,2015-02-28,0,0,0.0,0,0.0,0.0,0.0,0.0,0.0
2015,3,6,5,AA,1460,N3JAAA,DFW,PHX,740,739.0,-1.0,14.0,753.0,162.0,151.0,134.0,868,907.0,3.0,922,910.0,-12.0,0,0,,0.0,0.0,0.0,0.0,0.0,2015-03-06,0,0,0.0,0,0.0,0.0,0.0,0.0,0.0
2015,3,4,3,OO,4719,N632SK,PHX,SEA,1919,1909.0,-10.0,11.0,1920.0,189.0,171.0,154.0,1107,2054.0,6.0,2128,2100.0,-28.0,0,0,,0.0,0.0,0.0,0.0,0.0,2015-03-04,0,0,0.0,0,0.0,0.0,0.0,0.0,0.0
2015,3,19,4,EV,3920,N13553,ORD,AVP,1330,1329.0,-1.0,21.0,1350.0,107.0,105.0,80.0,632,1610.0,4.0,1617,1614.0,-3.0,0,0,,0.0,0.0,0.0,0.0,0.0,2015-03-19,0,0,0.0,0,0.0,0.0,0.0,0.0,0.0
2015,2,17,2,WN,3487,N734SA,MDW,DEN,1605,1611.0,6.0,7.0,1618.0,165.0,140.0,128.0,895,1726.0,5.0,1750,1731.0,-19.0,0,0,,0.0,0.0,0.0,0.0,0.0,2015-02-17,0,0,0.0,0,0.0,0.0,0.0,0.0,0.0
2015,3,21,6,OO,7386,N441SW,DTW,ESC,2040,2034.0,-6.0,12.0,2046.0,83.0,78.0,61.0,306,2147.0,5.0,2203,2152.0,-11.0,0,0,,0.0,0.0,0.0,0.0,0.0,2015-03-21,0,0,0.0,0,0.0,0.0,0.0,0.0,0.0
2015,3,19,4,WN,380,N755SA,MCO,MSY,710,711.0,1.0,9.0,720.0,115.0,102.0,90.0,551,750.0,3.0,805,753.0,-12.0,0,0,,0.0,0.0,0.0,0.0,0.0,2015-03-19,0,0,0.0,0,0.0,0.0,0.0,0.0,0.0
2015,2,24,2,DL,1854,N914DN,DTW,DEN,1540,1708.0,88.0,17.0,1725.0,204.0,186.0,163.0,1123,1808.0,6.0,1704,1814.0,70.0,0,0,,0.0,0.0,6.0,64.0,0.0,2015-02-24,1,1,70.0,1,0.0,0.0,8.57,91.43,0.0
2015,2,22,7,EV,5047,N712EV,MDW,MSP,1930,1936.0,6.0,12.0,1948.0,95.0,82.0,66.0,349,2054.0,4.0,2105,2058.0,-7.0,0,0,,0.0,0.0,0.0,0.0,0.0,2015-02-22,0,0,0.0,0,0.0,0.0,0.0,0.0,0.0
2015,2,13,5,DL,1244,N301NB,SLC,JAC,1957,2004.0,7.0,14.0,2018.0,66.0,57.0,40.0,205,2058.0,3.0,2103,2101.0,-2.0,0,0,,0.0,0.0,0.0,0.0,0.0,2015-02-13,0,0,0.0,0,0.0,0.0,0.0,0.0,0.0
2015,3,10,2,EV,4874,N844AS,ATL,CHO,1530,1526.0,-4.0,16.0,1542.0,88.0,85.0,65.0,457,1647.0,4.0,1658,1651.0,-7.0,0,0,,0.0,0.0,0.0,0.0,0.0,2015-03-10,0,0,0.0,0,0.0,0.0,0.0,0.0,0.0
2015,2,20,5,DL,1646,N6701,PHX,ATL,111,109.0,-2.0,16.0,125.0,199.0,188.0,162.0,1587,607.0,10.0,630,617.0,-13.0,0,0,,0.0,0.0,0.0,0.0,0.0,2015-02-20,0,0,0.0,0,0.0,0.0,0.0,0.0,0.0
2015,2,16,1,UA,1500,N69813,MSY,IAH,633,633.0,0.0,10.0,643.0,78.0,69.0,53.0,305,736.0,6.0,751,742.0,-9.0,0,0,,0.0,0.0,0.0,0.0,0.0,2015-02-16,0,0,0.0,0,0.0,0.0,0.0,0.0,0.0
2015,3,4,3,B6,767,N592JB,MCO,PSE,2325,2325.0,0.0,12.0,2337.0,167.0,,,1179,752.0,3.0,312,755.0,0.0,1,0,,0.0,0.0,0.0,0.0,0.0,2015-03-04,0,0,0.0,0,0.0,0.0,0.0,0.0,0.0
2015,3,9,1,OO,4839,N441SW,FAR,MSP,1441,1443.0,2.0,16.0,1459.0,73.0,66.0,42.0,223,1541.0,8.0,1554,1549.0,-5.0,0,0,,0.0,0.0,0.0,0.0,0.0,2015-03-09,0,0,0.0,0,0.0,0.0,0.0,0.0,0.0
2015,2,25,3,MQ,3640,N516MQ,LGA,STL,1229,1223.0,-6.0,16.0,1239.0,174.0,159.0,141.0,888,1400.0,2.0,1423,1402.0,-21.0,0,0,,0.0,0.0,0.0,0.0,0.0,2015-02-25,0,0,0.0,0,0.0,0.0,0.0,0.0,0.0
2015,3,9,1,EV,5437,N708EV,ATW,MSP,656,654.0,-2.0,22.0,716.0,81.0,72.0,48.0,236,804.0,2.0,817,806.0,-11.0,0,0,,0.0,0.0,0.0,0.0,0.0,2015-03-09,0,0,0.0,0,0.0,0.0,0.0,0.0,0.0
2015,2,22,7,B6,1052,N708JB,SJU,TPA,1327,1336.0,9.0,16.0,1352.0,193.0,190.0,169.0,1237,1541.0,5.0,1540,1546.0,6.0,0,0,,0.0,0.0,0.0,0.0,0.0,2015-02-22,0,0,0.0,0,0.0,0.0,0.0,0.0,0.0
2015,2,15,7,B6,1686,N329JB,PIT,BOS,1835,2059.0,144.0,32.0,2131.0,94.0,121.0,83.0,496,2254.0,6.0,2009,2300.0,171.0,0,0,,27.0,0.0,0.0,144.0,0.0,2015-02-15,1,1,171.0,1,15.79,0.0,0.0,84.21,0.0
2015,2,25,3,AA,1399,N490AA,DFW,STL,1405,1418.0,13.0,14.0,1432.0,99.0,92.0,75.0,550,1547.0,3.0,1544,1550.0,6.0,0,0,,0.0,0.0,0.0,0.0,0.0,2015-02-25,0,0,0.0,0,0.0,0.0,0.0,0.0,0.0
2015,3,6,5,WN,912,N371SW,MAF,DAL,1355,1402.0,7.0,10.0,1412.0,65.0,69.0,55.0,319,1507.0,4.0,1500,1511.0,11.0,0,0,,0.0,0.0,0.0,0.0,0.0,2015-03-06,0,0,0.0,0,0.0,0.0,0.0,0.0,0.0
2015,3,14,6,UA,1021,N76504,LAS,EWR,605,602.0,-3.0,16.0,618.0,293.0,296.0,267.0,2227,1345.0,13.0,1358,1358.0,0.0,0,0,,0.0,0.0,0.0,0.0,0.0,2015-03-14,0,0,0.0,0,0.0,0.0,0.0,0.0,0.0
2015,3,3,2,AA,1344,N4XLAA,DEN,DFW,1739,1759.0,20.0,33.0,1832.0,116.0,131.0,92.0,641,2104.0,6.0,2035,2110.0,35.0,0,0,,15.0,0.0,11.0,9.0,0.0,2015-03-03,1,1,35.0,1,42.86,0.0,31.43,25.71,0.0
2015,3,1,7,DL,2129,N964DN,ROC,ATL,600,558.0,-2.0,13.0,611.0,154.0,138.0,117.0,749,808.0,8.0,834,816.0,-18.0,0,0,,0.0,0.0,0.0,0.0,0.0,2015-03-01,0,0,0.0,0,0.0,0.0,0.0,0.0,0.0
2015,3,15,7,WN,525,N7746C,PHX,DEN,900,859.0,-1.0,14.0,913.0,110.0,113.0,92.0,602,1145.0,7.0,1150,1152.0,2.0,0,0,,0.0,0.0,0.0,0.0,0.0,2015-03-15,0,0,0.0,0,0.0,0.0,0.0,0.0,0.0
2015,3,10,2,MQ,3556,N814MQ,ORF,LGA,1138,1132.0,-6.0,12.0,1144.0,81.0,71.0,54.0,296,1238.0,5.0,1259,1243.0,-16.0,0,0,,0.0,0.0,0.0,0.0,0.0,2015-03-10,0,0,0.0,0,0.0,0.0,0.0,0.0,0.0
2015,3,19,4,AS,723,N767AS,SLC,SEA,1025,1020.0,-5.0,12.0,1032.0,123.0,131.0,109.0,689,1121.0,10.0,1128,1131.0,3.0,0,0,,0.0,0.0,0.0,0.0,0.0,2015-03-19,0,0,0.0,0,0.0,0.0,0.0,0.0,0.0
2015,3,4,3,WN,251,N467WN,DEN,LAX,850,904.0,14.0,29.0,933.0,150.0,152.0,114.0,862,1027.0,9.0,1020,1036.0,16.0,0,0,,2.0,0.0,0.0,14.0,0.0,2015-03-04,0,1,16.0,1,12.5,0.0,0.0,87.5,0.0
2015,3,15,7,AA,1060,N3MFAA,LAX,TPA,2315,2310.0,-5.0,18.0,2328.0,268.0,279.0,257.0,2158,645.0,4.0,643,649.0,6.0,0,0,,0.0,0.0,0.0,0.0,0.0,2015-03-15,0,0,0.0,0,0.0,0.0,0.0,0.0,0.0
2015,3,7,6,WN,979,N298WN,ABQ,LAX,1440,1446.0,6.0,6.0,1452.0,120.0,104.0,93.0,677,1525.0,5.0,1540,1530.0,-10.0,0,0,,0.0,0.0,0.0,0.0,0.0,2015-03-07,0,0,0.0,0,0.0,0.0,0.0,0.0,0.0
2015,3,7,6,DL,773,N832DN,ATL,PDX,959,1004.0,5.0,14.0,1018.0,328.0,311.0,292.0,2172,1210.0,5.0,1227,1215.0,-12.0,0,0,,0.0,0.0,0.0,0.0,0.0,2015-03-07,0,0,0.0,0,0.0,0.0,0.0,0.0,0.0
2015,3,12,4,F9,525,N923FR,CLE,DEN,1235,1232.0,-3.0,10.0,1242.0,195.0,185.0,166.0,1201,1328.0,9.0,1350,1337.0,-13.0,0,0,,0.0,0.0,0.0,0.0,0.0,2015-03-12,0,0,0.0,0,0.0,0.0,0.0,0.0,0.0
2015,2,18,3,UA,1675,N69826,SFO,DEN,650,709.0,19.0,15.0,724.0,159.0,138.0,115.0,967,1019.0,8.0,1029,1027.0,-2.0,0,0,,0.0,0.0,0.0,0.0,0.0,2015-02-18,1,0,0.0,0,0.0,0.0,0.0,0.0,0.0
2015,3,10,2,UA,1184,N73283,SFO,PDX,2108,2057.0,-11.0,19.0,2116.0,102.0,97.0,74.0,550,2230.0,4.0,2250,2234.0,-16.0,0,0,,0.0,0.0,0.0,0.0,0.0,2015-03-10,0,0,0.0,0,0.0,0.0,0.0,0.0,0.0
2015,3,11,3,DL,1607,N353NB,ATL,CHS,1924,1928.0,4.0,17.0,1945.0,69.0,63.0,42.0,259,2027.0,4.0,2033,2031.0,-2.0,0,0,,0.0,0.0,0.0,0.0,0.0,2015-03-11,0,0,0.0,0,0.0,0.0,0.0,0.0,0.0
2015,2,21,6,NK,642,N506NK,TPA,DTW,1445,1505.0,20.0,10.0,1515.0,159.0,169.0,131.0,983,1726.0,28.0,1724,1754.0,30.0,0,0,,10.0,0.0,20.0,0.0,0.0,2015-02-21,1,1,30.0,1,33.33,0.0,66.67,0.0,0.0
2015,3,21,6,DL,781,N975DL,LGA,ATL,1200,1203.0,3.0,26.0,1229.0,168.0,137.0,105.0,762,1414.0,6.0,1448,1420.0,-28.0,0,0,,0.0,0.0,0.0,0.0,0.0,2015-03-21,0,0,0.0,0,0.0,0.0,0.0,0.0,0.0
2015,3,12,4,WN,200,N787SA,MDW,TUL,1930,2013.0,43.0,37.0,2050.0,110.0,131.0,89.0,583,2219.0,5.0,2120,2224.0,64.0,0,0,,21.0,0.0,3.0,40.0,0.0,2015-03-12,1,1,64.0,1,32.81,0.0,4.69,62.5,0.0
2015,3,10,2,WN,1180,N203WN,HOU,LGA,840,840.0,0.0,7.0,847.0,195.0,171.0,155.0,1428,1222.0,9.0,1255,1231.0,-24.0,0,0,,0.0,0.0,0.0,0.0,0.0,2015-03-10,0,0,0.0,0,0.0,0.0,0.0,0.0,0.0
2015,3,3,2,HA,1,N386HA,LAX,HNL,840,833.0,-7.0,14.0,847.0,360.0,354.0,329.0,2556,1216.0,11.0,1240,1227.0,-13.0,0,0,,0.0,0.0,0.0,0.0,0.0,2015-03-03,0,0,0.0,0,0.0,0.0,0.0,0.0,0.0
2015,3,18,3,WN,673,N476WN,DAL,PHX,1030,1024.0,-6.0,7.0,1031.0,155.0,139.0,124.0,879,1035.0,8.0,1105,1043.0,-22.0,0,0,,0.0,0.0,0.0,0.0,0.0,2015-03-18,0,0,0.0,0,0.0,0.0,0.0,0.0,0.0
2015,3,25,3,OO,2761,N899SK,PHX,SBA,2003,2009.0,6.0,15.0,2024.0,94.0,80.0,60.0,455,2124.0,5.0,2137,2129.0,-8.0,0,0,,0.0,0.0,0.0,0.0,0.0,2015-03-25,0,0,0.0,0,0.0,0.0,0.0,0.0,0.0
2015,3,11,3,UA,1191,N24706,DCA,IAH,1928,1925.0,-3.0,11.0,1936.0,210.0,200.0,182.0,1208,2138.0,7.0,2158,2145.0,-13.0,0,0,,0.0,0.0,0.0,0.0,0.0,2015-03-11,0,0,0.0,0,0.0,0.0,0.0,0.0,0.0
2015,2,20,5,WN,1271,N760SW,STL,MSP,1240,1238.0,-2.0,8.0,1246.0,90.0,88.0,75.0,448,1401.0,5.0,1410,1406.0,-4.0,0,0,,0.0,0.0,0.0,0.0,0.0,2015-02-20,0,0,0.0,0,0.0,0.0,0.0,0.0,0.0
2015,2,18,3,US,2172,N967UW,BOS,LGA,1700,1657.0,-3.0,12.0,1709.0,83.0,72.0,45.0,184,1754.0,15.0,1823,1809.0,-14.0,0,0,,0.0,0.0,0.0,0.0,0.0,2015-02-18,0,0,0.0,0,0.0,0.0,0.0,0.0,0.0
2015,3,17,2,WN,889,N717SA,FLL,BWI,705,659.0,-6.0,11.0,710.0,160.0,162.0,131.0,925,921.0,20.0,945,941.0,-4.0,0,0,,0.0,0.0,0.0,0.0,0.0,2015-03-17,0,0,0.0,0,0.0,0.0,0.0,0.0,0.0
2015,2,20,5,AA,1656,N513AA,DFW,DAY,2010,2006.0,-4.0,20.0,2026.0,127.0,139.0,111.0,861,2317.0,8.0,2317,2325.0,8.0,0,0,,0.0,0.0,0.0,0.0,0.0,2015-02-20,0,0,0.0,0,0.0,0.0,0.0,0.0,0.0
2015,3,8,7,EV,5066,N849AS,DHN,ATL,1754,1749.0,-5.0,19.0,1808.0,58.0,66.0,36.0,170,1944.0,11.0,1952,1955.0,3.0,0,0,,0.0,0.0,0.0,0.0,0.0,2015-03-08,0,0,0.0,0,0.0,0.0,0.0,0.0,0.0
2015,3,24,2,AA,297,N5DHAA,LAX,HNL,1626,1626.0,0.0,18.0,1644.0,371.0,337.0,317.0,2556,1901.0,2.0,1937,1903.0,-34.0,0,0,,0.0,0.0,0.0,0.0,0.0,2015-03-24,0,0,0.0,0,0.0,0.0,0.0,0.0,0.0
2015,2,27,5,AS,560,N440AS,SEA,PSP,640,634.0,-6.0,14.0,648.0,152.0,138.0,120.0,987,848.0,4.0,912,852.0,-20.0,0,0,,0.0,0.0,0.0,0.0,0.0,2015-02-27,0,0,0.0,0,0.0,0.0,0.0,0.0,0.0
2015,3,11,3,DL,1738,N668DN,ATL,DCA,1820,1819.0,-1.0,16.0,1835.0,108.0,93.0,73.0,547,1948.0,4.0,2008,1952.0,-16.0,0,0,,0.0,0.0,0.0,0.0,0.0,2015-03-11,0,0,0.0,0,0.0,0.0,0.0,0.0,0.0
2015,3,10,2,AA,1557,N4WMAA,IND,DFW,814,806.0,-8.0,13.0,819.0,156.0,149.0,126.0,761,925.0,10.0,950,935.0,-15.0,0,0,,0.0,0.0,0.0,0.0,0.0,2015-03-10,0,0,0.0,0,0.0,0.0,0.0,0.0,0.0
2015,3,15,7,UA,635,N543UA,LAX,OGG,905,857.0,-8.0,23.0,920.0,356.0,352.0,324.0,2486,1144.0,5.0,1201,1149.0,-12.0,0,0,,0.0,0.0,0.0,0.0,0.0,2015-03-15,0,0,0.0,0,0.0,0.0,0.0,0.0,0.0
2015,3,3,2,EV,4478,N14148,OMA,IAH,1810,2026.0,136.0,13.0,2039.0,135.0,144.0,122.0,781,2241.0,9.0,2025,2250.0,145.0,0,0,,9.0,0.0,3.0,133.0,0.0,2015-03-03,1,1,145.0,1,6.21,0.0,2.07,91.72,0.0
2015,3,20,5,WN,367,N8602F,PHX,MCI,1235,1232.0,-3.0,11.0,1243.0,145.0,144.0,121.0,1044,1644.0,12.0,1700,1656.0,-4.0,0,0,,0.0,0.0,0.0,0.0,0.0,2015-03-20,0,0,0.0,0,0.0,0.0,0.0,0.0,0.0
2015,2,27,5,WN,225,N8610A,TPA,PVD,2035,2032.0,-3.0,14.0,2046.0,160.0,144.0,125.0,1136,2251.0,5.0,2315,2256.0,-19.0,0,0,,0.0,0.0,0.0,0.0,0.0,2015-02-27,0,0,0.0,0,0.0,0.0,0.0,0.0,0.0
2015,3,19,4,AS,682,N526AS,SEA,DEN,2035,2031.0,-4.0,11.0,2042.0,144.0,142.0,123.0,1024,2345.0,8.0,2359,2353.0,-6.0,0,0,,0.0,0.0,0.0,0.0,0.0,2015-03-19,0,0,0.0,0,0.0,0.0,0.0,0.0,0.0
2015,3,15,7,WN,4083,N376SW,BWI,BOS,1615,1617.0,2.0,10.0,1627.0,80.0,,,369,2313.0,6.0,1735,2319.0,0.0,1,0,,0.0,0.0,0.0,0.0,0.0,2015-03-15,0,0,0.0,0,0.0,0.0,0.0,0.0,0.0
2015,3,4,3,DL,2215,N3746H,MSP,FSD,2155,2203.0,8.0,12.0,2215.0,56.0,53.0,35.0,196,2250.0,6.0,2251,2256.0,5.0,0,0,,0.0,0.0,0.0,0.0,0.0,2015-03-04,0,0,0.0,0,0.0,0.0,0.0,0.0,0.0
2015,3,2,1,OO,5312,N874AS,FWA,ORD,858,852.0,-6.0,11.0,903.0,65.0,55.0,36.0,157,839.0,8.0,903,847.0,-16.0,0,0,,0.0,0.0,0.0,0.0,0.0,2015-03-02,0,0,0.0,0,0.0,0.0,0.0,0.0,0.0
2015,2,18,3,EV,4449,N12967,GPT,IAH,905,911.0,6.0,16.0,927.0,90.0,95.0,71.0,376,1038.0,8.0,1035,1046.0,11.0,0,0,,0.0,0.0,0.0,0.0,0.0,2015-02-18,0,0,0.0,0,0.0,0.0,0.0,0.0,0.0
2015,3,9,1,US,413,N190UW,CLT,ATL,930,927.0,-3.0,20.0,947.0,77.0,79.0,46.0,226,1033.0,13.0,1047,1046.0,-1.0,0,0,,0.0,0.0,0.0,0.0,0.0,2015-03-09,0,0,0.0,0,0.0,0.0,0.0,0.0,0.0
2015,3,11,3,UA,1501,N27205,IAH,HDN,1132,1123.0,-9.0,12.0,1135.0,178.0,156.0,139.0,985,1254.0,5.0,1330,1259.0,-31.0,0,0,,0.0,0.0,0.0,0.0,0.0,2015-03-11,0,0,0.0,0,0.0,0.0,0.0,0.0,0.0
2015,3,6,5,EV,4705,N14907,DAL,IAH,1554,1633.0,39.0,11.0,1644.0,68.0,56.0,39.0,216,1723.0,6.0,1702,1729.0,27.0,0,0,,0.0,0.0,27.0,0.0,0.0,2015-03-06,1,1,27.0,1,0.0,0.0,100.0,0.0,0.0
2015,3,4,3,DL,2184,N960DL,SDF,ATL,1658,1656.0,-2.0,35.0,1731.0,92.0,98.0,57.0,321,1828.0,6.0,1830,1834.0,4.0,0,0,,0.0,0.0,0.0,0.0,0.0,2015-03-04,0,0,0.0,0,0.0,0.0,0.0,0.0,0.0
2015,2,13,5,MQ,2910,N662MQ,ATL,MIA,933,1005.0,32.0,18.0,1023.0,120.0,111.0,88.0,594,1151.0,5.0,1133,1156.0,23.0,0,0,,0.0,0.0,0.0,14.0,9.0,2015-02-13,1,1,23.0,1,0.0,0.0,0.0,60.87,39.13
2015,3,20,5,EV,3957,N12900,ORD,SDF,1715,1715.0,0.0,17.0,1732.0,78.0,73.0,48.0,287,1920.0,8.0,1933,1928.0,-5.0,0,0,,0.0,0.0,0.0,0.0,0.0,2015-03-20,0,0,0.0,0,0.0,0.0,0.0,0.0,0.0
2015,3,15,7,EV,5960,N13123,DEN,LBB,1945,1939.0,-6.0,8.0,1947.0,90.0,76.0,63.0,456,2150.0,5.0,2215,2155.0,-20.0,0,0,,0.0,0.0,0.0,0.0,0.0,2015-03-15,0,0,0.0,0,0.0,0.0,0.0,0.0,0.0
2015,3,3,2,B6,272,N629JB,FLL,LGA,600,558.0,-2.0,12.0,610.0,167.0,176.0,157.0,1076,847.0,7.0,847,854.0,7.0,0,0,,0.0,0.0,0.0,0.0,0.0,2015-03-03,0,0,0.0,0,0.0,0.0,0.0,0.0,0.0
2015,3,3,2,EV,5266,N398CA,LGA,BNA,1359,1510.0,71.0,57.0,1607.0,156.0,175.0,113.0,764,1700.0,5.0,1535,1705.0,90.0,0,0,,19.0,0.0,43.0,28.0,0.0,2015-03-03,1,1,90.0,1,21.11,0.0,47.78,31.11,0.0
2015,2,16,1,US,1959,N740UW,DCA,TPA,1715,1714.0,-1.0,125.0,1919.0,150.0,256.0,129.0,814,2128.0,2.0,1945,2130.0,105.0,0,0,,105.0,0.0,0.0,0.0,0.0,2015-02-16,0,1,105.0,1,100.0,0.0,0.0,0.0,0.0
2015,2,13,5,AA,2247,N3DSAA,DFW,SEA,2000,1958.0,-2.0,14.0,2012.0,269.0,270.0,241.0,1660,2213.0,15.0,2229,2228.0,-1.0,0,0,,0.0,0.0,0.0,0.0,0.0,2015-02-13,0,0,0.0,0,0.0,0.0,0.0,0.0,0.0
2015,3,22,7,WN,2962,N254WN,LAX,MDW,1100,1146.0,46.0,16.0,1202.0,230.0,221.0,201.0,1750,1723.0,4.0,1650,1727.0,37.0,0,0,,0.0,0.0,6.0,31.0,0.0,2015-03-22,1,1,37.0,1,0.0,0.0,16.22,83.78,0.0
2015,3,12,4,AA,1233,N3GWAA,BOS,DFW,555,550.0,-5.0,12.0,602.0,274.0,237.0,222.0,1562,844.0,3.0,929,847.0,-42.0,0,0,,0.0,0.0,0.0,0.0,0.0,2015-03-12,0,0,0.0,0,0.0,0.0,0.0,0.0,0.0
2015,3,8,7,WN,4550,N7703A,MDW,LAS,1540,1537.0,-3.0,8.0,1545.0,235.0,220.0,207.0,1521,1712.0,5.0,1735,1717.0,-18.0,0,0,,0.0,0.0,0.0,0.0,0.0,2015-03-08,0,0,0.0,0,0.0,0.0,0.0,0.0,0.0
2015,3,17,2,NK,667,N623NK,BWI,DFW,1025,1020.0,-5.0,9.0,1029.0,208.0,192.0,170.0,1217,1219.0,13.0,1253,1232.0,-21.0,0,0,,0.0,0.0,0.0,0.0,0.0,2015-03-17,0,0,0.0,0,0.0,0.0,0.0,0.0,0.0
2015,2,13,5,WN,3563,N299WN,BHM,MCO,700,655.0,-5.0,8.0,703.0,90.0,84.0,68.0,479,911.0,8.0,930,919.0,-11.0,0,0,,0.0,0.0,0.0,0.0,0.0,2015-02-13,0,0,0.0,0,0.0,0.0,0.0,0.0,0.0
2015,3,3,2,MQ,3269,N534MQ,BNA,ORD,1050,1152.0,62.0,8.0,1200.0,99.0,106.0,68.0,409,1308.0,30.0,1229,1338.0,69.0,0,0,,17.0,0.0,0.0,52.0,0.0,2015-03-03,1,1,69.0,1,24.64,0.0,0.0,75.36,0.0
2015,3,22,7,WN,4126,N725SW,SAT,PHX,720,716.0,-4.0,6.0,722.0,155.0,141.0,123.0,843,725.0,12.0,755,737.0,-18.0,0,0,,0.0,0.0,0.0,0.0,0.0,2015-03-22,0,0,0.0,0,0.0,0.0,0.0,0.0,0.0
2015,2,13,5,EV,4395,N41104,EWR,IND,1405,1402.0,-3.0,16.0,1418.0,141.0,127.0,102.0,645,1600.0,9.0,1626,1609.0,-17.0,0,0,,0.0,0.0,0.0,0.0,0.0,2015-02-13,0,0,0.0,0,0.0,0.0,0.0,0.0,0.0
2015,3,3,2,EV,5161,N881AS,ATL,SHV,2250,2244.0,-6.0,15.0,2259.0,113.0,108.0,89.0,551,2328.0,4.0,2343,2332.0,-11.0,0,0,,0.0,0.0,0.0,0.0,0.0,2015-03-03,0,0,0.0,0,0.0,0.0,0.0,0.0,0.0
2015,3,4,3,AA,1464,N3DRAA,DFW,TUL,2055,2112.0,17.0,56.0,2208.0,59.0,100.0,38.0,237,2246.0,6.0,2154,2252.0,58.0,0,0,,41.0,0.0,0.0,0.0,17.0,2015-03-04,1,1,58.0,1,70.69,0.0,0.0,0.0,29.31
2015,3,19,4,DL,1884,N353NB,ATL,IAH,1610,1609.0,-1.0,24.0,1633.0,139.0,137.0,110.0,689,1723.0,3.0,1729,1726.0,-3.0,0,0,,0.0,0.0,0.0,0.0,0.0,2015-03-19,0,0,0.0,0,0.0,0.0,0.0,0.0,0.0
2015,3,10,2,AA,1619,N3DSAA,BOS,MIA,621,613.0,-8.0,26.0,639.0,224.0,224.0,188.0,1258,947.0,10.0,1005,957.0,-8.0,0,0,,0.0,0.0,0.0,0.0,0.0,2015-03-10,0,0,0.0,0,0.0,0.0,0.0,0.0,0.0
2015,2,24,2,DL,2582,N603AT,ATL,ABE,2038,2041.0,3.0,15.0,2056.0,112.0,116.0,96.0,692,2232.0,5.0,2230,2237.0,7.0,0,0,,0.0,0.0,0.0,0.0,0.0,2015-02-24,0,0,0.0,0,0.0,0.0,0.0,0.0,0.0
2015,3,18,3,WN,801,N914WN,BWI,IND,1105,1104.0,-1.0,10.0,1114.0,105.0,106.0,92.0,516,1246.0,4.0,1250,1250.0,0.0,0,0,,0.0,0.0,0.0,0.0,0.0,2015-03-18,0,0,0.0,0,0.0,0.0,0.0,0.0,0.0
2015,2,23,1,WN,130,N744SW,SLC,DEN,2200,2222.0,22.0,11.0,2233.0,80.0,72.0,56.0,391,2329.0,5.0,2320,2334.0,14.0,0,0,,0.0,0.0,0.0,0.0,0.0,2015-02-23,1,0,0.0,0,0.0,0.0,0.0,0.0,0.0
2015,2,26,4,WN,168,N8659D,LAS,ONT,2010,2029.0,19.0,10.0,2039.0,55.0,48.0,33.0,197,2112.0,5.0,2105,2117.0,12.0,0,0,,0.0,0.0,0.0,0.0,0.0,2015-02-26,1,0,0.0,0,0.0,0.0,0.0,0.0,0.0
2015,3,20,5,OO,4671,N616QX,SLC,DEN,640,643.0,3.0,15.0,658.0,88.0,87.0,63.0,391,801.0,9.0,808,810.0,2.0,0,0,,0.0,0.0,0.0,0.0,0.0,2015-03-20,0,0,0.0,0,0.0,0.0,0.0,0.0,0.0
2015,2,14,6,WN,3901,N774SW,LAS,SJC,1905,1905.0,0.0,13.0,1918.0,85.0,75.0,59.0,386,2017.0,3.0,2030,2020.0,-10.0,0,0,,0.0,0.0,0.0,0.0,0.0,2015-02-14,0,0,0.0,0,0.0,0.0,0.0,0.0,0.0
2015,3,3,2,OO,4699,N601XJ,MSP,RAP,1125,1124.0,-1.0,55.0,1219.0,108.0,145.0,86.0,489,1245.0,4.0,1213,1249.0,36.0,0,0,,36.0,0.0,0.0,0.0,0.0,2015-03-03,0,1,36.0,1,100.0,0.0,0.0,0.0,0.0
2015,2,18,3,EV,4473,N15986,ORD,TVC,1907,2000.0,53.0,32.0,2032.0,68.0,82.0,46.0,224,2218.0,4.0,2115,2222.0,67.0,0,0,,14.0,0.0,14.0,31.0,8.0,2015-02-18,1,1,67.0,1,20.9,0.0,20.9,46.27,11.94
2015,2,17,2,WN,4007,N907WN,RSW,CMH,1230,1229.0,-1.0,9.0,1238.0,160.0,137.0,123.0,930,1441.0,5.0,1510,1446.0,-24.0,0,0,,0.0,0.0,0.0,0.0,0.0,2015-02-17,0,0,0.0,0,0.0,0.0,0.0,0.0,0.0
2015,2,14,6,AA,1620,N547AA,RDU,ORD,1341,1334.0,-7.0,8.0,1342.0,134.0,136.0,121.0,646,1443.0,7.0,1455,1450.0,-5.0,0,0,,0.0,0.0,0.0,0.0,0.0,2015-02-14,0,0,0.0,0,0.0,0.0,0.0,0.0,0.0
2015,2,24,2,DL,1554,N818DA,LAX,ATL,1510,1651.0,101.0,13.0,1704.0,245.0,226.0,210.0,1947,2334.0,3.0,2215,2337.0,82.0,0,0,,0.0,0.0,82.0,0.0,0.0,2015-02-24,1,1,82.0,1,0.0,0.0,100.0,0.0,0.0
2015,2,21,6,WN,4187,N7701B,SFO,DEN,555,550.0,-5.0,11.0,601.0,155.0,153.0,136.0,967,917.0,6.0,930,923.0,-7.0,0,0,,0.0,0.0,0.0,0.0,0.0,2015-02-21,0,0,0.0,0,0.0,0.0,0.0,0.0,0.0
2015,3,7,6,WN,1926,N796SW,PDX,SAN,1540,1535.0,-5.0,7.0,1542.0,150.0,125.0,116.0,933,1738.0,2.0,1810,1740.0,-30.0,0,0,,0.0,0.0,0.0,0.0,0.0,2015-03-07,0,0,0.0,0,0.0,0.0,0.0,0.0,0.0
2015,2,22,7,DL,2034,N937DN,ATL,MSP,1657,1715.0,18.0,12.0,1727.0,165.0,155.0,137.0,907,1844.0,6.0,1842,1850.0,8.0,0,0,,0.0,0.0,0.0,0.0,0.0,2015-02-22,1,0,0.0,0,0.0,0.0,0.0,0.0,0.0
2015,3,25,3,NK,408,N614NK,OAK,DFW,1920,1910.0,-10.0,8.0,1918.0,200.0,206.0,191.0,1457,29.0,7.0,40,36.0,-4.0,0,0,,0.0,0.0,0.0,0.0,0.0,2015-03-25,0,0,0.0,0,0.0,0.0,0.0,0.0,0.0
2015,3,24,2,US,1775,N952UW,PHL,AUS,1610,1601.0,-9.0,19.0,1620.0,253.0,263.0,220.0,1430,1900.0,24.0,1923,1924.0,1.0,0,0,,0.0,0.0,0.0,0.0,0.0,2015-03-24,0,0,0.0,0,0.0,0.0,0.0,0.0,0.0
2015,2,14,6,DL,478,N901DE,ATL,JFK,1545,1546.0,1.0,19.0,1605.0,138.0,140.0,108.0,760,1753.0,13.0,1803,1806.0,3.0,0,0,,0.0,0.0,0.0,0.0,0.0,2015-02-14,0,0,0.0,0,0.0,0.0,0.0,0.0,0.0
2015,3,16,1,NK,597,N522NK,MSP,FLL,115,110.0,-5.0,10.0,120.0,206.0,185.0,167.0,1487,507.0,8.0,541,515.0,-26.0,0,0,,0.0,0.0,0.0,0.0,0.0,2015-03-16,0,0,0.0,0,0.0,0.0,0.0,0.0,0.0
2015,3,14,6,WN,2913,N657SW,OAK,BOI,1825,1836.0,11.0,7.0,1843.0,85.0,79.0,68.0,511,2051.0,4.0,2050,2055.0,5.0,0,0,,0.0,0.0,0.0,0.0,0.0,2015-03-14,0,0,0.0,0,0.0,0.0,0.0,0.0,0.0
2015,3,13,5,WN,4292,N943WN,ATL,CAK,1025,1024.0,-1.0,21.0,1045.0,105.0,96.0,72.0,528,1157.0,3.0,1210,1200.0,-10.0,0,0,,0.0,0.0,0.0,0.0,0.0,2015-03-13,0,0,0.0,0,0.0,0.0,0.0,0.0,0.0
2015,3,12,4,WN,3054,N941WN,DEN,SDF,1140,1138.0,-2.0,10.0,1148.0,140.0,141.0,127.0,1024,1555.0,4.0,1600,1559.0,-1.0,0,0,,0.0,0.0,0.0,0.0,0.0,2015-03-12,0,0,0.0,0,0.0,0.0,0.0,0.0,0.0
2015,3,20,5,WN,567,N239WN,MDW,DTW,2140,2300.0,80.0,8.0,2308.0,65.0,49.0,34.0,228,42.0,7.0,2345,49.0,64.0,0,0,,0.0,0.0,0.0,64.0,0.0,2015-03-20,1,1,64.0,1,0.0,0.0,0.0,100.0,0.0
2015,3,13,5,WN,421,N7811F,MDW,BNA,1940,2017.0,37.0,7.0,2024.0,80.0,71.0,58.0,395,2122.0,6.0,2100,2128.0,28.0,0,0,,0.0,0.0,4.0,24.0,0.0,2015-03-13,1,1,28.0,1,0.0,0.0,14.29,85.71,0.0
2015,3,24,2,AA,1335,N514AA,DFW,LAS,2130,2343.0,133.0,12.0,2355.0,181.0,169.0,150.0,1055,25.0,7.0,2231,32.0,121.0,0,0,,0.0,0.0,121.0,0.0,0.0,2015-03-24,1,1,121.0,1,0.0,0.0,100.0,0.0,0.0
2015,3,19,4,WN,4929,N618WN,OAK,PDX,1300,1258.0,-2.0,11.0,1309.0,95.0,98.0,80.0,543,1429.0,7.0,1435,1436.0,1.0,0,0,,0.0,0.0,0.0,0.0,0.0,2015-03-19,0,0,0.0,0,0.0,0.0,0.0,0.0,0.0
2015,2,22,7,UA,1497,N37277,SEA,SFO,1949,1948.0,-1.0,11.0,1959.0,126.0,111.0,92.0,679,2131.0,8.0,2155,2139.0,-16.0,0,0,,0.0,0.0,0.0,0.0,0.0,2015-02-22,0,0,0.0,0,0.0,0.0,0.0,0.0,0.0
2015,3,20,5,WN,765,N953WN,HOU,DCA,1225,1241.0,16.0,6.0,1247.0,170.0,161.0,150.0,1218,1617.0,5.0,1615,1622.0,7.0,0,0,,0.0,0.0,0.0,0.0,0.0,2015-03-20,1,0,0.0,0,0.0,0.0,0.0,0.0,0.0
2015,3,16,1,EV,2572,N904EV,PIB,MEI,625,636.0,11.0,4.0,640.0,39.0,24.0,17.0,69,657.0,3.0,704,700.0,-4.0,0,0,,0.0,0.0,0.0,0.0,0.0,2015-03-16,0,0,0.0,0,0.0,0.0,0.0,0.0,0.0
2015,2,26,4,WN,1090,N359SW,HOU,ATL,2000,2040.0,40.0,14.0,2054.0,110.0,101.0,82.0,696,2316.0,5.0,2250,2321.0,31.0,0,0,,0.0,0.0,0.0,31.0,0.0,2015-02-26,1,1,31.0,1,0.0,0.0,0.0,100.0,0.0
2015,3,21,6,UA,1448,N64809,MCO,DEN,1136,1131.0,-5.0,13.0,1144.0,253.0,237.0,218.0,1546,1322.0,6.0,1349,1328.0,-21.0,0,0,,0.0,0.0,0.0,0.0,0.0,2015-03-21,0,0,0.0,0,0.0,0.0,0.0,0.0,0.0
2015,3,3,2,EV,3271,N34111,IAH,CLE,720,716.0,-4.0,22.0,738.0,166.0,166.0,135.0,1091,1053.0,9.0,1106,1102.0,-4.0,0,0,,0.0,0.0,0.0,0.0,0.0,2015-03-03,0,0,0.0,0,0.0,0.0,0.0,0.0,0.0
2015,3,13,5,AA,168,N360AA,DFW,SFO,755,1032.0,157.0,31.0,1103.0,232.0,221.0,186.0,1464,1209.0,4.0,947,1213.0,146.0,0,0,,0.0,0.0,146.0,0.0,0.0,2015-03-13,1,1,146.0,1,0.0,0.0,100.0,0.0,0.0
2015,2,27,5,WN,572,N418WN,SEA,OAK,1630,1750.0,80.0,13.0,1803.0,120.0,114.0,96.0,671,1939.0,5.0,1830,1944.0,74.0,0,0,,0.0,0.0,0.0,74.0,0.0,2015-02-27,1,1,74.0,1,0.0,0.0,0.0,100.0,0.0
2015,3,16,1,EV,4265,N26549,IAH,XNA,1910,1904.0,-6.0,14.0,1918.0,88.0,91.0,73.0,438,2031.0,4.0,2038,2035.0,-3.0,0,0,,0.0,0.0,0.0,0.0,0.0,2015-03-16,0,0,0.0,0,0.0,0.0,0.0,0.0,0.0
2015,2,15,7,US,895,N185UW,PHX,ORD,1330,1325.0,-5.0,15.0,1340.0,206.0,191.0,163.0,1440,1723.0,13.0,1756,1736.0,-20.0,0,0,,0.0,0.0,0.0,0.0,0.0,2015-02-15,0,0,0.0,0,0.0,0.0,0.0,0.0,0.0
2015,3,18,3,F9,607,N951FR,MIA,ATL,1350,1340.0,-10.0,11.0,1351.0,115.0,114.0,90.0,594,1521.0,13.0,1545,1534.0,-11.0,0,0,,0.0,0.0,0.0,0.0,0.0,2015-03-18,0,0,0.0,0,0.0,0.0,0.0,0.0,0.0
2015,2,15,7,UA,1530,N79402,ORD,IAH,1812,1841.0,29.0,21.0,1902.0,170.0,160.0,133.0,925,2115.0,6.0,2102,2121.0,19.0,0,0,,0.0,0.0,0.0,0.0,19.0,2015-02-15,1,1,19.0,1,0.0,0.0,0.0,0.0,100.0
2015,3,3,2,HA,23,N580HA,OAK,OGG,820,806.0,-14.0,18.0,824.0,325.0,331.0,308.0,2349,1132.0,5.0,1145,1137.0,-8.0,0,0,,0.0,0.0,0.0,0.0,0.0,2015-03-03,0,0,0.0,0,0.0,0.0,0.0,0.0,0.0
2015,2,27,5,EV,4704,N11189,IAH,CHS,1015,1011.0,-4.0,13.0,1024.0,138.0,133.0,112.0,925,1316.0,8.0,1333,1324.0,-9.0,0,0,,0.0,0.0,0.0,0.0,0.0,2015-02-27,0,0,0.0,0,0.0,0.0,0.0,0.0,0.0
2015,2,19,4,B6,226,N645JB,TPA,JFK,600,559.0,-1.0,12.0,611.0,151.0,149.0,129.0,1005,820.0,8.0,831,828.0,-3.0,0,0,,0.0,0.0,0.0,0.0,0.0,2015-02-19,0,0,0.0,0,0.0,0.0,0.0,0.0,0.0
2015,3,6,5,DL,1217,N831DN,DTW,LAS,1755,1752.0,-3.0,13.0,1805.0,268.0,252.0,229.0,1749,1854.0,10.0,1923,1904.0,-19.0,0,0,,0.0,0.0,0.0,0.0,0.0,2015-03-06,0,0,0.0,0,0.0,0.0,0.0,0.0,0.0
2015,2,16,1,WN,579,N233LV,PBI,BWI,710,706.0,-4.0,11.0,717.0,140.0,138.0,123.0,883,920.0,4.0,930,924.0,-6.0,0,0,,0.0,0.0,0.0,0.0,0.0,2015-02-16,0,0,0.0,0,0.0,0.0,0.0,0.0,0.0
2015,2,17,2,UA,511,N458UA,TPA,IAD,1400,1425.0,25.0,13.0,1438.0,130.0,116.0,98.0,811,1616.0,5.0,1610,1621.0,11.0,0,0,,0.0,0.0,0.0,0.0,0.0,2015-02-17,1,0,0.0,0,0.0,0.0,0.0,0.0,0.0
2015,3,13,5,WN,4743,N278WN,PHX,MCI,1640,1657.0,17.0,11.0,1708.0,145.0,151.0,135.0,1044,2123.0,5.0,2105,2128.0,23.0,0,0,,6.0,0.0,17.0,0.0,0.0,2015-03-13,1,1,23.0,1,26.09,0.0,73.91,0.0,0.0
2015,3,12,4,WN,2773,N422WN,BOS,ATL,1645,1645.0,0.0,17.0,1702.0,180.0,179.0,150.0,946,1932.0,12.0,1945,1944.0,-1.0,0,0,,0.0,0.0,0.0,0.0,0.0,2015-03-12,0,0,0.0,0,0.0,0.0,0.0,0.0,0.0
2015,2,19,4,UA,1216,N69816,SJU,EWR,1744,1749.0,5.0,13.0,1802.0,251.0,268.0,244.0,1608,2106.0,11.0,2055,2117.0,22.0,0,0,,22.0,0.0,0.0,0.0,0.0,2015-02-19,0,1,22.0,1,100.0,0.0,0.0,0.0,0.0
2015,2,17,2,WN,243,N641SW,ISP,BWI,1750,1804.0,14.0,7.0,1811.0,75.0,74.0,58.0,220,1909.0,9.0,1905,1918.0,13.0,0,0,,0.0,0.0,0.0,0.0,0.0,2015-02-17,0,0,0.0,0,0.0,0.0,0.0,0.0,0.0
2015,2,25,3,WN,4453,N385SW,HOU,STL,915,928.0,13.0,19.0,947.0,115.0,110.0,88.0,687,1115.0,3.0,1110,1118.0,8.0,0,0,,0.0,0.0,0.0,0.0,0.0,2015-02-25,0,0,0.0,0,0.0,0.0,0.0,0.0,0.0
2015,3,24,2,US,610,N193UW,PHX,ATL,859,858.0,-1.0,28.0,926.0,219.0,215.0,177.0,1587,1523.0,10.0,1538,1533.0,-5.0,0,0,,0.0,0.0,0.0,0.0,0.0,2015-03-24,0,0,0.0,0,0.0,0.0,0.0,0.0,0.0
2015,2,19,4,AA,2406,N3CGAA,LAX,DFW,105,100.0,-5.0,13.0,113.0,166.0,150.0,132.0,1235,525.0,5.0,551,530.0,-21.0,0,0,,0.0,0.0,0.0,0.0,0.0,2015-02-19,0,0,0.0,0,0.0,0.0,0.0,0.0,0.0
2015,3,6,5,WN,1856,N935WN,MDW,EWR,1925,1931.0,6.0,20.0,1951.0,120.0,117.0,90.0,711,2221.0,7.0,2225,2228.0,3.0,0,0,,0.0,0.0,0.0,0.0,0.0,2015-03-06,0,0,0.0,0,0.0,0.0,0.0,0.0,0.0
2015,2,18,3,EV,3955,N16149,IAH,JAN,1335,1329.0,-6.0,12.0,1341.0,76.0,81.0,50.0,351,1431.0,19.0,1451,1450.0,-1.0,0,0,,0.0,0.0,0.0,0.0,0.0,2015-02-18,0,0,0.0,0,0.0,0.0,0.0,0.0,0.0
2015,2,14,6,WN,2368,N557WN,STL,DCA,1930,2005.0,35.0,6.0,2011.0,110.0,96.0,85.0,719,2236.0,5.0,2220,2241.0,21.0,0,0,,0.0,0.0,0.0,21.0,0.0,2015-02-14,1,1,21.0,1,0.0,0.0,0.0,100.0,0.0
2015,2,17,2,MQ,3051,N849MQ,HPN,ORD,700,724.0,24.0,33.0,757.0,179.0,182.0,127.0,738,904.0,22.0,859,926.0,27.0,0,0,,3.0,0.0,0.0,0.0,24.0,2015-02-17,1,1,27.0,1,11.11,0.0,0.0,0.0,88.89
2015,3,4,3,AA,2349,N007AA,ORD,DFW,1845,1910.0,25.0,10.0,1920.0,149.0,160.0,144.0,802,2144.0,6.0,2114,2150.0,36.0,0,0,,11.0,0.0,25.0,0.0,0.0,2015-03-04,1,1,36.0,1,30.56,0.0,69.44,0.0,0.0
2015,2,19,4,US,684,N902AW,PHX,LIH,1115,1111.0,-4.0,19.0,1130.0,424.0,423.0,402.0,2979,1512.0,2.0,1519,1514.0,-5.0,0,0,,0.0,0.0,0.0,0.0,0.0,2015-02-19,0,0,0.0,0,0.0,0.0,0.0,0.0,0.0
2015,3,11,3,UA,1528,N73291,ORD,MCO,2035,2045.0,10.0,15.0,2100.0,166.0,151.0,131.0,1005,11.0,5.0,21,16.0,-5.0,0,0,,0.0,0.0,0.0,0.0,0.0,2015-03-11,0,0,0.0,0,0.0,0.0,0.0,0.0,0.0
2015,2,18,3,WN,791,N237WN,TPA,DAL,1230,1235.0,5.0,6.0,1241.0,170.0,160.0,151.0,917,1412.0,3.0,1420,1415.0,-5.0,0,0,,0.0,0.0,0.0,0.0,0.0,2015-02-18,0,0,0.0,0,0.0,0.0,0.0,0.0,0.0
2015,2,23,1,B6,481,N206JB,DCA,RSW,1430,1423.0,-7.0,20.0,1443.0,159.0,152.0,130.0,892,1653.0,2.0,1709,1655.0,-14.0,0,0,,0.0,0.0,0.0,0.0,0.0,2015-02-23,0,0,0.0,0,0.0,0.0,0.0,0.0,0.0
2015,2,24,2,UA,1155,N33209,LAS,ORD,1127,1127.0,0.0,16.0,1143.0,218.0,223.0,183.0,1514,1646.0,24.0,1705,1710.0,5.0,0,0,,0.0,0.0,0.0,0.0,0.0,2015-02-24,0,0,0.0,0,0.0,0.0,0.0,0.0,0.0
2015,3,10,2,WN,124,N767SW,SMF,PDX,610,610.0,0.0,8.0,618.0,90.0,81.0,69.0,479,727.0,4.0,740,731.0,-9.0,0,0,,0.0,0.0,0.0,0.0,0.0,2015-03-10,0,0,0.0,0,0.0,0.0,0.0,0.0,0.0
2015,2,26,4,WN,4035,N601WN,SFO,SAN,1935,1945.0,10.0,13.0,1958.0,85.0,82.0,65.0,447,2103.0,4.0,2100,2107.0,7.0,0,0,,0.0,0.0,0.0,0.0,0.0,2015-02-26,0,0,0.0,0,0.0,0.0,0.0,0.0,0.0
2015,2,22,7,US,690,N575UW,RSW,CLT,820,1211.0,231.0,16.0,1227.0,116.0,119.0,93.0,600,1400.0,10.0,1016,1410.0,234.0,0,0,,3.0,0.0,231.0,0.0,0.0,2015-02-22,1,1,234.0,1,1.28,0.0,98.72,0.0,0.0
2015,2,18,3,MQ,3096,N531MQ,LAX,ASE,905,900.0,-5.0,18.0,918.0,118.0,118.0,98.0,737,1156.0,2.0,1203,1158.0,-5.0,0,0,,0.0,0.0,0.0,0.0,0.0,2015-02-18,0,0,0.0,0,0.0,0.0,0.0,0.0,0.0
2015,3,20,5,OO,5653,N728SK,AUS,LAX,900,857.0,-3.0,26.0,923.0,215.0,207.0,167.0,1242,1010.0,14.0,1035,1024.0,-11.0,0,0,,0.0,0.0,0.0,0.0,0.0,2015-03-20,0,0,0.0,0,0.0,0.0,0.0,0.0,0.0
2015,2,26,4,EV,4115,N13538,CVG,ORD,1211,1520.0,189.0,11.0,1531.0,78.0,76.0,55.0,265,1526.0,10.0,1229,1536.0,187.0,0,0,,41.0,0.0,0.0,146.0,0.0,2015-02-26,1,1,187.0,1,21.93,0.0,0.0,78.07,0.0
2015,3,14,6,EV,3930,N12924,ORD,CVG,2045,2043.0,-2.0,15.0,2058.0,77.0,63.0,43.0,265,2241.0,5.0,2302,2246.0,-16.0,0,0,,0.0,0.0,0.0,0.0,0.0,2015-03-14,0,0,0.0,0,0.0,0.0,0.0,0.0,0.0
2015,3,6,5,WN,4179,N236WN,EWR,HOU,1250,1253.0,3.0,16.0,1309.0,260.0,250.0,230.0,1411,1559.0,4.0,1610,1603.0,-7.0,0,0,,0.0,0.0,0.0,0.0,0.0,2015-03-06,0,0,0.0,0,0.0,0.0,0.0,0.0,0.0
2015,3,4,3,DL,374,N327NW,ATL,DCA,2035,2035.0,0.0,19.0,2054.0,107.0,94.0,70.0,547,2204.0,5.0,2222,2209.0,-13.0,0,0,,0.0,0.0,0.0,0.0,0.0,2015-03-04,0,0,0.0,0,0.0,0.0,0.0,0.0,0.0
2015,2,16,1,WN,376,N358SW,DAL,SAT,2105,2244.0,99.0,7.0,2251.0,65.0,55.0,43.0,248,2334.0,5.0,2210,2339.0,89.0,0,0,,0.0,0.0,0.0,89.0,0.0,2015-02-16,1,1,89.0,1,0.0,0.0,0.0,100.0,0.0
2015,3,23,1,B6,655,N592JB,SYR,MCO,1809,1756.0,-13.0,10.0,1806.0,168.0,159.0,146.0,1053,2032.0,3.0,2057,2035.0,-22.0,0,0,,0.0,0.0,0.0,0.0,0.0,2015-03-23,0,0,0.0,0,0.0,0.0,0.0,0.0,0.0
2015,3,11,3,HA,246,N493HA,HNL,OGG,1100,1056.0,-4.0,13.0,1109.0,39.0,39.0,22.0,100,1131.0,4.0,1139,1135.0,-4.0,0,0,,0.0,0.0,0.0,0.0,0.0,2015-03-11,0,0,0.0,0,0.0,0.0,0.0,0.0,0.0
2015,3,9,1,UA,1572,N74856,EWR,SFO,929,927.0,-2.0,15.0,942.0,378.0,370.0,349.0,2565,1231.0,6.0,1247,1237.0,-10.0,0,0,,0.0,0.0,0.0,0.0,0.0,2015-03-09,0,0,0.0,0,0.0,0.0,0.0,0.0,0.0
2015,2,19,4,AS,50,N768AS,ANC,SCC,1458,1517.0,19.0,11.0,1528.0,101.0,102.0,87.0,627,1655.0,4.0,1639,1659.0,20.0,0,0,,1.0,0.0,4.0,15.0,0.0,2015-02-19,1,1,20.0,1,5.0,0.0,20.0,75.0,0.0
2015,3,23,1,UA,339,N514UA,BOS,DEN,600,554.0,-6.0,19.0,613.0,292.0,277.0,250.0,1754,823.0,8.0,852,831.0,-21.0,0,0,,0.0,0.0,0.0,0.0,0.0,2015-03-23,0,0,0.0,0,0.0,0.0,0.0,0.0,0.0
2015,2,13,5,B6,1084,N273JB,RDU,BOS,1304,1309.0,5.0,9.0,1318.0,105.0,96.0,84.0,612,1442.0,3.0,1449,1445.0,-4.0,0,0,,0.0,0.0,0.0,0.0,0.0,2015-02-13,0,0,0.0,0,0.0,0.0,0.0,0.0,0.0
2015,3,19,4,UA,1259,N68801,LAX,DEN,1744,1752.0,8.0,14.0,1806.0,139.0,141.0,121.0,862,2107.0,6.0,2103,2113.0,10.0,0,0,,0.0,0.0,0.0,0.0,0.0,2015-03-19,0,0,0.0,0,0.0,0.0,0.0,0.0,0.0
2015,3,8,7,DL,1723,N826DN,SEA,LAX,1945,2014.0,29.0,26.0,2040.0,163.0,169.0,123.0,954,2243.0,20.0,2228,2303.0,35.0,0,0,,35.0,0.0,0.0,0.0,0.0,2015-03-08,1,1,35.0,1,100.0,0.0,0.0,0.0,0.0
2015,3,22,7,DL,1272,N950DN,ATL,MCI,810,808.0,-2.0,16.0,824.0,134.0,124.0,104.0,692,908.0,4.0,924,912.0,-12.0,0,0,,0.0,0.0,0.0,0.0,0.0,2015-03-22,0,0,0.0,0,0.0,0.0,0.0,0.0,0.0
2015,2,22,7,DL,823,N981DL,ATL,DAY,1900,1953.0,53.0,21.0,2014.0,98.0,96.0,66.0,432,2120.0,9.0,2038,2129.0,51.0,0,0,,0.0,0.0,51.0,0.0,0.0,2015-02-22,1,1,51.0,1,0.0,0.0,100.0,0.0,0.0
2015,2,28,6,B6,225,N715JB,JFK,TPA,1930,2011.0,41.0,18.0,2029.0,186.0,174.0,149.0,1005,2258.0,7.0,2236,2305.0,29.0,0,0,,0.0,0.0,29.0,0.0,0.0,2015-02-28,1,1,29.0,1,0.0,0.0,100.0,0.0,0.0
2015,3,13,5,US,1949,N751UW,PHX,GEG,2010,2006.0,-4.0,39.0,2045.0,167.0,186.0,144.0,1020,2309.0,3.0,2257,2312.0,15.0,0,0,,15.0,0.0,0.0,0.0,0.0,2015-03-13,0,0,15.0,0,100.0,0.0,0.0,0.0,0.0
2015,2,15,7,WN,3206,N560WN,PHX,SMF,1940,1939.0,-1.0,7.0,1946.0,120.0,108.0,97.0,647,2023.0,4.0,2040,2027.0,-13.0,0,0,,0.0,0.0,0.0,0.0,0.0,2015-02-15,0,0,0.0,0,0.0,0.0,0.0,0.0,0.0
2015,2,17,2,US,448,N154UW,SLC,CLT,30,25.0,-5.0,17.0,42.0,225.0,218.0,190.0,1727,552.0,11.0,615,603.0,-12.0,0,0,,0.0,0.0,0.0,0.0,0.0,2015-02-17,0,0,0.0,0,0.0,0.0,0.0,0.0,0.0
2015,3,16,1,AA,1134,N3HJAA,DFW,MIA,2035,2032.0,-3.0,20.0,2052.0,156.0,161.0,134.0,1121,6.0,7.0,11,13.0,2.0,0,0,,0.0,0.0,0.0,0.0,0.0,2015-03-16,0,0,0.0,0,0.0,0.0,0.0,0.0,0.0
2015,2,26,4,UA,1285,N28478,ORD,IAD,850,915.0,25.0,19.0,934.0,105.0,110.0,83.0,589,1157.0,8.0,1135,1205.0,30.0,0,0,,5.0,0.0,0.0,0.0,25.0,2015-02-26,1,1,30.0,1,16.67,0.0,0.0,0.0,83.33
2015,2,26,4,F9,432,N912FR,DEN,OMA,1945,2121.0,96.0,53.0,2214.0,80.0,119.0,60.0,472,14.0,6.0,2205,20.0,135.0,0,0,,108.0,0.0,0.0,27.0,0.0,2015-02-26,1,1,135.0,1,80.0,0.0,0.0,20.0,0.0
2015,3,25,3,AA,2471,N3HNAA,FLL,DFW,739,733.0,-6.0,24.0,757.0,201.0,192.0,164.0,1119,941.0,4.0,1000,945.0,-15.0,0,0,,0.0,0.0,0.0,0.0,0.0,2015-03-25,0,0,0.0,0,0.0,0.0,0.0,0.0,0.0
2015,2,23,1,WN,434,N490WN,MEM,MDW,1610,1608.0,-2.0,13.0,1621.0,105.0,100.0,80.0,480,1741.0,7.0,1755,1748.0,-7.0,0,0,,0.0,0.0,0.0,0.0,0.0,2015-02-23,0,0,0.0,0,0.0,0.0,0.0,0.0,0.0
2015,3,21,6,US,531,N757UW,PIT,PHX,700,657.0,-3.0,13.0,710.0,304.0,319.0,266.0,1814,836.0,40.0,904,916.0,12.0,0,0,,0.0,0.0,0.0,0.0,0.0,2015-03-21,0,0,0.0,0,0.0,0.0,0.0,0.0,0.0
2015,3,7,6,AA,2363,N528AA,OKC,DFW,600,607.0,7.0,62.0,709.0,59.0,99.0,32.0,175,741.0,5.0,659,746.0,47.0,0,0,,40.0,0.0,7.0,0.0,0.0,2015-03-07,0,1,47.0,1,85.11,0.0,14.89,0.0,0.0
2015,3,19,4,OO,4678,N614SK,SUN,SLC,1828,1818.0,-10.0,8.0,1826.0,57.0,52.0,37.0,222,1903.0,7.0,1925,1910.0,-15.0,0,0,,0.0,0.0,0.0,0.0,0.0,2015-03-19,0,0,0.0,0,0.0,0.0,0.0,0.0,0.0
2015,2,24,2,B6,590,N355JB,DCA,BOS,1431,1434.0,3.0,15.0,1449.0,84.0,81.0,63.0,399,1552.0,3.0,1555,1555.0,0.0,0,0,,0.0,0.0,0.0,0.0,0.0,2015-02-24,0,0,0.0,0,0.0,0.0,0.0,0.0,0.0
2015,2,23,1,US,898,N578UW,SFO,CLT,2230,2226.0,-4.0,12.0,2238.0,282.0,279.0,263.0,2296,601.0,4.0,612,605.0,-7.0,0,0,,0.0,0.0,0.0,0.0,0.0,2015-02-23,0,0,0.0,0,0.0,0.0,0.0,0.0,0.0
2015,3,11,3,US,1700,N823AW,CLE,CLT,1200,1159.0,-1.0,15.0,1214.0,100.0,106.0,75.0,430,1329.0,16.0,1340,1345.0,5.0,0,0,,0.0,0.0,0.0,0.0,0.0,2015-03-11,0,0,0.0,0,0.0,0.0,0.0,0.0,0.0
2015,2,19,4,DL,1468,N901DE,MSY,ATL,1027,1024.0,-3.0,18.0,1042.0,81.0,88.0,60.0,425,1242.0,10.0,1248,1252.0,4.0,0,0,,0.0,0.0,0.0,0.0,0.0,2015-02-19,0,0,0.0,0,0.0,0.0,0.0,0.0,0.0
2015,3,24,2,AA,2262,N4XKAA,DFW,BNA,1305,1317.0,12.0,14.0,1331.0,100.0,98.0,79.0,631,1450.0,5.0,1445,1455.0,10.0,0,0,,0.0,0.0,0.0,0.0,0.0,2015-03-24,0,0,0.0,0,0.0,0.0,0.0,0.0,0.0
2015,2,17,2,DL,2014,N353NB,SYR,ATL,545,542.0,-3.0,28.0,610.0,166.0,162.0,131.0,794,821.0,3.0,831,824.0,-7.0,0,0,,0.0,0.0,0.0,0.0,0.0,2015-02-17,0,0,0.0,0,0.0,0.0,0.0,0.0,0.0
2015,3,15,7,DL,2671,N899AT,BOS,LGA,900,923.0,23.0,18.0,941.0,74.0,71.0,43.0,184,1024.0,10.0,1014,1034.0,20.0,0,0,,0.0,0.0,9.0,11.0,0.0,2015-03-15,1,1,20.0,1,0.0,0.0,45.0,55.0,0.0
2015,3,21,6,OO,4674,N936SW,MFR,SLC,620,611.0,-9.0,9.0,620.0,107.0,100.0,82.0,575,842.0,9.0,907,851.0,-16.0,0,0,,0.0,0.0,0.0,0.0,0.0,2015-03-21,0,0,0.0,0,0.0,0.0,0.0,0.0,0.0
2015,3,4,3,US,1759,N956UW,IAH,PHL,1459,1454.0,-5.0,58.0,1552.0,189.0,222.0,160.0,1325,1932.0,4.0,1908,1936.0,28.0,0,0,,28.0,0.0,0.0,0.0,0.0,2015-03-04,0,1,28.0,1,100.0,0.0,0.0,0.0,0.0
2015,3,9,1,NK,762,N502NK,ATL,ORD,928,1000.0,32.0,26.0,1026.0,117.0,129.0,96.0,606,1102.0,7.0,1025,1109.0,44.0,0,0,,12.0,0.0,0.0,32.0,0.0,2015-03-09,1,1,44.0,1,27.27,0.0,0.0,72.73,0.0
2015,2,13,5,DL,2103,N907DE,CVG,MCO,1355,1708.0,193.0,11.0,1719.0,133.0,128.0,100.0,757,1859.0,17.0,1608,1916.0,188.0,0,0,,0.0,0.0,188.0,0.0,0.0,2015-02-13,1,1,188.0,1,0.0,0.0,100.0,0.0,0.0
2015,3,19,4,MQ,3121,N542MQ,JFK,DCA,2145,2137.0,-8.0,17.0,2154.0,77.0,60.0,38.0,213,2232.0,5.0,2302,2237.0,-25.0,0,0,,0.0,0.0,0.0,0.0,0.0,2015-03-19,0,0,0.0,0,0.0,0.0,0.0,0.0,0.0
2015,3,13,5,B6,597,N521JB,BOS,SEA,855,959.0,64.0,19.0,1018.0,372.0,378.0,353.0,2496,1311.0,6.0,1207,1317.0,70.0,0,0,,6.0,0.0,64.0,0.0,0.0,2015-03-13,1,1,70.0,1,8.57,0.0,91.43,0.0,0.0
2015,3,17,2,DL,2222,N926DL,JFK,PBI,800,753.0,-7.0,19.0,812.0,187.0,161.0,134.0,1028,1026.0,8.0,1107,1034.0,-33.0,0,0,,0.0,0.0,0.0,0.0,0.0,2015-03-17,0,0,0.0,0,0.0,0.0,0.0,0.0,0.0
2015,2,26,4,MQ,2996,N605MQ,DFW,VPS,1055,1125.0,30.0,22.0,1147.0,109.0,107.0,81.0,641,1308.0,4.0,1244,1312.0,28.0,0,0,,0.0,0.0,28.0,0.0,0.0,2015-02-26,1,1,28.0,1,0.0,0.0,100.0,0.0,0.0
2015,2,22,7,DL,1562,N907DA,MSP,ORD,1302,1257.0,-5.0,20.0,1317.0,87.0,82.0,51.0,334,1408.0,11.0,1429,1419.0,-10.0,0,0,,0.0,0.0,0.0,0.0,0.0,2015-02-22,0,0,0.0,0,0.0,0.0,0.0,0.0,0.0
2015,3,23,1,AA,81,N4YJAA,DFW,TUS,2245,2244.0,-1.0,17.0,2301.0,142.0,148.0,124.0,813,2305.0,7.0,2307,2312.0,5.0,0,0,,0.0,0.0,0.0,0.0,0.0,2015-03-23,0,0,0.0,0,0.0,0.0,0.0,0.0,0.0
2015,3,9,1,WN,628,N553WN,MDW,ALB,2120,2123.0,3.0,5.0,2128.0,105.0,94.0,85.0,717,2353.0,4.0,5,2357.0,-8.0,0,0,,0.0,0.0,0.0,0.0,0.0,2015-03-09,0,0,0.0,0,0.0,0.0,0.0,0.0,0.0
2015,2,16,1,VX,958,N851VA,SFO,SAN,1505,1527.0,22.0,7.0,1534.0,85.0,80.0,68.0,447,1642.0,5.0,1630,1647.0,17.0,0,0,,0.0,0.0,0.0,17.0,0.0,2015-02-16,1,1,17.0,1,0.0,0.0,0.0,100.0,0.0
2015,3,6,5,UA,1141,N68834,ORD,MIA,1900,1917.0,17.0,21.0,1938.0,179.0,174.0,148.0,1197,2306.0,5.0,2259,2311.0,12.0,0,0,,0.0,0.0,0.0,0.0,0.0,2015-03-06,1,0,0.0,0,0.0,0.0,0.0,0.0,0.0
2015,3,24,2,DL,1777,N979AT,ORD,ATL,1915,1919.0,4.0,25.0,1944.0,120.0,119.0,85.0,606,2209.0,9.0,2215,2218.0,3.0,0,0,,0.0,0.0,0.0,0.0,0.0,2015-03-24,0,0,0.0,0,0.0,0.0,0.0,0.0,0.0
2015,3,6,5,UA,280,N848UA,LAS,CLE,2207,2156.0,-11.0,15.0,2211.0,243.0,236.0,214.0,1824,445.0,7.0,510,452.0,-18.0,0,0,,0.0,0.0,0.0,0.0,0.0,2015-03-06,0,0,0.0,0,0.0,0.0,0.0,0.0,0.0
2015,2,24,2,UA,334,N459UA,DEN,FLL,1005,1024.0,19.0,14.0,1038.0,230.0,206.0,187.0,1703,1545.0,5.0,1555,1550.0,-5.0,0,0,,0.0,0.0,0.0,0.0,0.0,2015-02-24,1,0,0.0,0,0.0,0.0,0.0,0.0,0.0
2015,3,23,1,WN,243,N361SW,OKC,HOU,1140,1137.0,-3.0,9.0,1146.0,80.0,74.0,61.0,419,1247.0,4.0,1300,1251.0,-9.0,0,0,,0.0,0.0,0.0,0.0,0.0,2015-03-23,0,0,0.0,0,0.0,0.0,0.0,0.0,0.0
2015,2,25,3,MQ,3618,N526MQ,ORD,LIT,1505,1535.0,30.0,44.0,1619.0,106.0,130.0,81.0,552,1740.0,5.0,1651,1745.0,54.0,0,0,,24.0,0.0,0.0,0.0,30.0,2015-02-25,1,1,54.0,1,44.44,0.0,0.0,0.0,55.56
2015,2,22,7,DL,1435,N603AT,ATL,EWR,853,936.0,43.0,17.0,953.0,127.0,115.0,93.0,746,1126.0,5.0,1100,1131.0,31.0,0,0,,0.0,0.0,31.0,0.0,0.0,2015-02-22,1,1,31.0,1,0.0,0.0,100.0,0.0,0.0
2015,3,22,7,MQ,3229,N537MQ,ORD,XNA,1825,1825.0,0.0,45.0,1910.0,103.0,119.0,70.0,522,2020.0,4.0,2008,2024.0,16.0,0,0,,16.0,0.0,0.0,0.0,0.0,2015-03-22,0,1,16.0,1,100.0,0.0,0.0,0.0,0.0
2015,3,17,2,WN,1005,N260WN,MDW,RSW,1705,1701.0,-4.0,12.0,1713.0,165.0,155.0,139.0,1105,2032.0,4.0,2050,2036.0,-14.0,0,0,,0.0,0.0,0.0,0.0,0.0,2015-03-17,0,0,0.0,0,0.0,0.0,0.0,0.0,0.0
2015,3,17,2,WN,4809,N464WN,DCA,MCI,1535,1531.0,-4.0,10.0,1541.0,175.0,164.0,147.0,949,1708.0,7.0,1730,1715.0,-15.0,0,0,,0.0,0.0,0.0,0.0,0.0,2015-03-17,0,0,0.0,0,0.0,0.0,0.0,0.0,0.0
2015,3,18,3,OO,4710,N633SK,ATL,GRB,1914,1913.0,-1.0,9.0,1922.0,140.0,129.0,109.0,774,2011.0,11.0,2034,2022.0,-12.0,0,0,,0.0,0.0,0.0,0.0,0.0,2015-03-18,0,0,0.0,0,0.0,0.0,0.0,0.0,0.0
2015,3,20,5,US,434,N193UW,SFO,PHL,2200,2159.0,-1.0,13.0,2212.0,306.0,292.0,272.0,2521,544.0,7.0,606,551.0,-15.0,0,0,,0.0,0.0,0.0,0.0,0.0,2015-03-20,0,0,0.0,0,0.0,0.0,0.0,0.0,0.0
2015,3,13,5,WN,818,N226WN,MDW,DCA,1315,1310.0,-5.0,6.0,1316.0,105.0,85.0,75.0,601,1531.0,4.0,1600,1535.0,-25.0,0,0,,0.0,0.0,0.0,0.0,0.0,2015-03-13,0,0,0.0,0,0.0,0.0,0.0,0.0,0.0
2015,3,12,4,DL,1609,N370NW,MSP,DEN,1430,1425.0,-5.0,15.0,1440.0,122.0,135.0,109.0,680,1529.0,11.0,1532,1540.0,8.0,0,0,,0.0,0.0,0.0,0.0,0.0,2015-03-12,0,0,0.0,0,0.0,0.0,0.0,0.0,0.0
2015,3,23,1,OO,4503,N824SK,DTW,MKE,2140,2144.0,4.0,11.0,2155.0,77.0,61.0,46.0,237,2141.0,4.0,2157,2145.0,-12.0,0,0,,0.0,0.0,0.0,0.0,0.0,2015-03-23,0,0,0.0,0,0.0,0.0,0.0,0.0,0.0
2015,3,12,4,HA,287,N493HA,KOA,HNL,1552,1544.0,-8.0,9.0,1553.0,44.0,48.0,30.0,163,1623.0,9.0,1636,1632.0,-4.0,0,0,,0.0,0.0,0.0,0.0,0.0,2015-03-12,0,0,0.0,0,0.0,0.0,0.0,0.0,0.0
2015,3,3,2,OO,4764,N426SW,SLC,MSO,1545,1542.0,-3.0,15.0,1557.0,95.0,101.0,81.0,436,1718.0,5.0,1720,1723.0,3.0,0,0,,0.0,0.0,0.0,0.0,0.0,2015-03-03,0,0,0.0,0,0.0,0.0,0.0,0.0,0.0
2015,2,21,6,AA,25,N3GBAA,BOS,LAX,900,905.0,5.0,27.0,932.0,397.0,419.0,380.0,2611,1252.0,12.0,1237,1304.0,27.0,0,0,,27.0,0.0,0.0,0.0,0.0,2015-02-21,0,1,27.0,1,100.0,0.0,0.0,0.0,0.0
2015,2,24,2,WN,496,N937WN,BNA,BWI,1815,1814.0,-1.0,7.0,1821.0,95.0,90.0,78.0,587,2039.0,5.0,2050,2044.0,-6.0,0,0,,0.0,0.0,0.0,0.0,0.0,2015-02-24,0,0,0.0,0,0.0,0.0,0.0,0.0,0.0
2015,3,4,3,AA,937,N003AA,DFW,EGE,1648,1657.0,9.0,17.0,1714.0,135.0,123.0,102.0,721,1756.0,4.0,1803,1800.0,-3.0,0,0,,0.0,0.0,0.0,0.0,0.0,2015-03-04,0,0,0.0,0,0.0,0.0,0.0,0.0,0.0
2015,2,28,6,DL,468,N717TW,SFO,JFK,1255,1257.0,2.0,13.0,1310.0,323.0,338.0,289.0,2586,2059.0,36.0,2118,2135.0,17.0,0,0,,17.0,0.0,0.0,0.0,0.0,2015-02-28,0,1,17.0,1,100.0,0.0,0.0,0.0,0.0
2015,2,14,6,EV,2518,N877AS,DFW,BTR,1915,1914.0,-1.0,15.0,1929.0,76.0,74.0,51.0,383,2020.0,8.0,2031,2028.0,-3.0,0,0,,0.0,0.0,0.0,0.0,0.0,2015-02-14,0,0,0.0,0,0.0,0.0,0.0,0.0,0.0
2015,2,15,7,OO,6420,N479CA,SAN,SFO,1911,1856.0,-15.0,18.0,1914.0,98.0,90.0,69.0,447,2023.0,3.0,2049,2026.0,-23.0,0,0,,0.0,0.0,0.0,0.0,0.0,2015-02-15,0,0,0.0,0,0.0,0.0,0.0,0.0,0.0
2015,3,4,3,AA,2298,N3BJAA,MIA,LGA,2100,2222.0,82.0,20.0,2242.0,169.0,160.0,135.0,1096,57.0,5.0,2349,102.0,73.0,0,0,,0.0,0.0,73.0,0.0,0.0,2015-03-04,1,1,73.0,1,0.0,0.0,100.0,0.0,0.0
2015,3,13,5,OO,7407,N912EV,SLC,TWF,2200,2152.0,-8.0,16.0,2208.0,47.0,47.0,28.0,175,2236.0,3.0,2247,2239.0,-8.0,0,0,,0.0,0.0,0.0,0.0,0.0,2015-03-13,0,0,0.0,0,0.0,0.0,0.0,0.0,0.0
2015,3,8,7,EV,4284,N17196,ORD,PVD,1300,1310.0,10.0,8.0,1318.0,131.0,124.0,104.0,849,1602.0,12.0,1611,1614.0,3.0,0,0,,0.0,0.0,0.0,0.0,0.0,2015-03-08,0,0,0.0,0,0.0,0.0,0.0,0.0,0.0
2015,2,14,6,WN,3661,N730SW,SLC,LAX,2115,2107.0,-8.0,7.0,2114.0,115.0,101.0,89.0,590,2143.0,5.0,2210,2148.0,-22.0,0,0,,0.0,0.0,0.0,0.0,0.0,2015-02-14,0,0,0.0,0,0.0,0.0,0.0,0.0,0.0
2015,3,15,7,US,413,N510UW,MCO,CLT,640,635.0,-5.0,12.0,647.0,98.0,92.0,71.0,468,758.0,9.0,818,807.0,-11.0,0,0,,0.0,0.0,0.0,0.0,0.0,2015-03-15,0,0,0.0,0,0.0,0.0,0.0,0.0,0.0
2015,3,8,7,AA,1630,N3ATAA,DFW,FLL,625,620.0,-5.0,13.0,633.0,157.0,154.0,134.0,1119,947.0,7.0,1002,954.0,-8.0,0,0,,0.0,0.0,0.0,0.0,0.0,2015-03-08,0,0,0.0,0,0.0,0.0,0.0,0.0,0.0
2015,3,6,5,EV,4654,N14568,IAH,BHM,1535,1718.0,103.0,16.0,1734.0,100.0,92.0,71.0,562,1845.0,5.0,1715,1850.0,95.0,0,0,,95.0,0.0,0.0,0.0,0.0,2015-03-06,1,1,95.0,1,100.0,0.0,0.0,0.0,0.0
2015,2,15,7,AA,298,N5EDAA,HNL,LAX,2205,2159.0,-6.0,20.0,2219.0,316.0,316.0,288.0,2556,507.0,8.0,521,515.0,-6.0,0,0,,0.0,0.0,0.0,0.0,0.0,2015-02-15,0,0,0.0,0,0.0,0.0,0.0,0.0,0.0
2015,3,18,3,UA,174,N13113,KOA,DEN,1950,2000.0,10.0,10.0,2010.0,407.0,396.0,378.0,3329,628.0,8.0,637,636.0,-1.0,0,0,,0.0,0.0,0.0,0.0,0.0,2015-03-18,0,0,0.0,0,0.0,0.0,0.0,0.0,0.0
2015,3,14,6,WN,2555,N641SW,LAS,SMF,600,553.0,-7.0,14.0,607.0,95.0,92.0,74.0,397,721.0,4.0,735,725.0,-10.0,0,0,,0.0,0.0,0.0,0.0,0.0,2015-03-14,0,0,0.0,0,0.0,0.0,0.0,0.0,0.0
2015,2,28,6,OO,5425,N930EV,MKE,ORD,1632,1628.0,-4.0,8.0,1636.0,53.0,40.0,21.0,67,1657.0,11.0,1725,1708.0,-17.0,0,0,,0.0,0.0,0.0,0.0,0.0,2015-02-28,0,0,0.0,0,0.0,0.0,0.0,0.0,0.0
2015,2,23,1,NK,403,N630NK,ATL,FLL,1902,1900.0,-2.0,12.0,1912.0,112.0,105.0,84.0,581,2036.0,9.0,2054,2045.0,-9.0,0,0,,0.0,0.0,0.0,0.0,0.0,2015-02-23,0,0,0.0,0,0.0,0.0,0.0,0.0,0.0
2015,3,10,2,OO,2850,N955SW,LAX,RDM,1810,1812.0,2.0,30.0,1842.0,129.0,135.0,98.0,726,2020.0,7.0,2019,2027.0,8.0,0,0,,0.0,0.0,0.0,0.0,0.0,2015-03-10,0,0,0.0,0,0.0,0.0,0.0,0.0,0.0
2015,2,17,2,DL,1207,N679DA,DTW,SLC,1900,1854.0,-6.0,39.0,1933.0,240.0,244.0,199.0,1481,2052.0,6.0,2100,2058.0,-2.0,0,0,,0.0,0.0,0.0,0.0,0.0,2015-02-17,0,0,0.0,0,0.0,0.0,0.0,0.0,0.0
2015,3,16,1,AA,1329,N485AA,DFW,LAS,2240,2305.0,25.0,9.0,2314.0,176.0,150.0,133.0,1055,2327.0,8.0,2336,2335.0,-1.0,0,0,,0.0,0.0,0.0,0.0,0.0,2015-03-16,1,0,0.0,0,0.0,0.0,0.0,0.0,0.0
2015,3,16,1,B6,285,N827JB,ROC,JFK,1142,1141.0,-1.0,9.0,1150.0,79.0,76.0,59.0,264,1249.0,8.0,1301,1257.0,-4.0,0,0,,0.0,0.0,0.0,0.0,0.0,2015-03-16,0,0,0.0,0,0.0,0.0,0.0,0.0,0.0
2015,3,11,3,DL,1829,N961DN,DTW,MIA,740,737.0,-3.0,19.0,756.0,182.0,180.0,156.0,1145,1032.0,5.0,1042,1037.0,-5.0,0,0,,0.0,0.0,0.0,0.0,0.0,2015-03-11,0,0,0.0,0,0.0,0.0,0.0,0.0,0.0
2015,3,15,7,EV,6103,N14158,DEN,MOT,1950,1950.0,0.0,15.0,2005.0,112.0,104.0,81.0,604,2226.0,8.0,2242,2234.0,-8.0,0,0,,0.0,0.0,0.0,0.0,0.0,2015-03-15,0,0,0.0,0,0.0,0.0,0.0,0.0,0.0
2015,3,20,5,AA,1408,N565AA,DFW,OKC,2105,2330.0,145.0,12.0,2342.0,56.0,48.0,30.0,175,12.0,6.0,2201,18.0,137.0,0,0,,0.0,0.0,94.0,43.0,0.0,2015-03-20,1,1,137.0,1,0.0,0.0,68.61,31.39,0.0
2015,2,20,5,WN,1214,N8616C,FLL,MSY,1105,1111.0,6.0,24.0,1135.0,140.0,133.0,104.0,674,1219.0,5.0,1225,1224.0,-1.0,0,0,,0.0,0.0,0.0,0.0,0.0,2015-02-20,0,0,0.0,0,0.0,0.0,0.0,0.0,0.0
2015,2,24,2,NK,647,N629NK,IAG,FLL,238,319.0,41.0,14.0,333.0,178.0,177.0,150.0,1176,603.0,13.0,536,616.0,40.0,0,0,,1.0,0.0,0.0,27.0,12.0,2015-02-24,1,1,40.0,1,2.5,0.0,0.0,67.5,30.0
2015,3,3,2,DL,2590,N969AT,CHA,ATL,1717,1759.0,42.0,18.0,1817.0,63.0,51.0,24.0,106,1841.0,9.0,1820,1850.0,30.0,0,0,,7.0,0.0,4.0,19.0,0.0,2015-03-03,1,1,30.0,1,23.33,0.0,13.33,63.33,0.0
2015,3,10,2,AA,1404,N3KAAA,DCA,DFW,1459,1459.0,0.0,16.0,1515.0,212.0,210.0,175.0,1192,1710.0,19.0,1731,1729.0,-2.0,0,0,,0.0,0.0,0.0,0.0,0.0,2015-03-10,0,0,0.0,0,0.0,0.0,0.0,0.0,0.0
2015,2,22,7,B6,1685,N198JB,BOS,PIT,1605,1559.0,-6.0,20.0,1619.0,112.0,111.0,86.0,496,1745.0,5.0,1757,1750.0,-7.0,0,0,,0.0,0.0,0.0,0.0,0.0,2015-02-22,0,0,0.0,0,0.0,0.0,0.0,0.0,0.0
2015,3,4,3,WN,121,N7714B,PHX,SAN,1200,1157.0,-3.0,10.0,1207.0,75.0,57.0,45.0,304,1152.0,2.0,1215,1154.0,-21.0,0,0,,0.0,0.0,0.0,0.0,0.0,2015-03-04,0,0,0.0,0,0.0,0.0,0.0,0.0,0.0
2015,3,11,3,B6,1521,N569JB,PDX,LGB,1357,1353.0,-4.0,10.0,1403.0,135.0,136.0,122.0,846,1605.0,4.0,1612,1609.0,-3.0,0,0,,0.0,0.0,0.0,0.0,0.0,2015-03-11,0,0,0.0,0,0.0,0.0,0.0,0.0,0.0
2015,3,25,3,WN,955,N969WN,CLE,BWI,1340,1336.0,-4.0,11.0,1347.0,75.0,65.0,49.0,314,1436.0,5.0,1455,1441.0,-14.0,0,0,,0.0,0.0,0.0,0.0,0.0,2015-03-25,0,0,0.0,0,0.0,0.0,0.0,0.0,0.0
2015,2,23,1,EV,5254,N851AS,MYR,ATL,1843,1841.0,-2.0,12.0,1853.0,80.0,84.0,61.0,317,1954.0,11.0,2003,2005.0,2.0,0,0,,0.0,0.0,0.0,0.0,0.0,2015-02-23,0,0,0.0,0,0.0,0.0,0.0,0.0,0.0
2015,2,14,6,OO,5539,N715SK,SFO,SLC,750,746.0,-4.0,22.0,808.0,109.0,105.0,79.0,599,1027.0,4.0,1039,1031.0,-8.0,0,0,,0.0,0.0,0.0,0.0,0.0,2015-02-14,0,0,0.0,0,0.0,0.0,0.0,0.0,0.0
2015,2,16,1,EV,3255,N28529,IAH,LCH,850,857.0,7.0,36.0,933.0,49.0,68.0,28.0,127,1001.0,4.0,939,1005.0,26.0,0,0,,19.0,0.0,7.0,0.0,0.0,2015-02-16,0,1,26.0,1,73.08,0.0,26.92,0.0,0.0
2015,2,22,7,EV,5068,N740EV,ATL,CID,1454,1615.0,81.0,15.0,1630.0,135.0,131.0,107.0,694,1717.0,9.0,1609,1726.0,77.0,0,0,,0.0,0.0,0.0,77.0,0.0,2015-02-22,1,1,77.0,1,0.0,0.0,0.0,100.0,0.0
2015,2,17,2,NK,605,N632NK,DTW,RSW,950,949.0,-1.0,88.0,1117.0,170.0,245.0,153.0,1084,1350.0,4.0,1240,1354.0,74.0,0,0,,74.0,0.0,0.0,0.0,0.0,2015-02-17,0,1,74.0,1,100.0,0.0,0.0,0.0,0.0
2015,3,10,2,OO,2748,N477CA,TUS,PHX,1520,1507.0,-13.0,18.0,1525.0,49.0,54.0,26.0,110,1551.0,10.0,1609,1601.0,-8.0,0,0,,0.0,0.0,0.0,0.0,0.0,2015-03-10,0,0,0.0,0,0.0,0.0,0.0,0.0,0.0
2015,3,6,5,B6,1515,N351JB,SYR,JFK,1507,1720.0,133.0,34.0,1754.0,87.0,104.0,61.0,209,1855.0,9.0,1634,1904.0,150.0,0,0,,17.0,0.0,133.0,0.0,0.0,2015-03-06,1,1,150.0,1,11.33,0.0,88.67,0.0,0.0
2015,3,4,3,OO,2724,N898SK,PHX,SBP,1100,1054.0,-6.0,14.0,1108.0,108.0,87.0,69.0,509,1117.0,4.0,1148,1121.0,-27.0,0,0,,0.0,0.0,0.0,0.0,0.0,2015-03-04,0,0,0.0,0,0.0,0.0,0.0,0.0,0.0
2015,3,2,1,UA,1268,N31412,SJC,IAH,1218,1234.0,16.0,9.0,1243.0,226.0,207.0,190.0,1608,1753.0,8.0,1804,1801.0,-3.0,0,0,,0.0,0.0,0.0,0.0,0.0,2015-03-02,1,0,0.0,0,0.0,0.0,0.0,0.0,0.0
2015,3,15,7,B6,359,N806JB,JFK,BUR,1730,1732.0,2.0,49.0,1821.0,386.0,361.0,307.0,2465,2028.0,5.0,2056,2033.0,-23.0,0,0,,0.0,0.0,0.0,0.0,0.0,2015-03-15,0,0,0.0,0,0.0,0.0,0.0,0.0,0.0
2015,2,26,4,WN,1872,N8328A,DEN,SAN,1205,1203.0,-2.0,20.0,1223.0,145.0,141.0,117.0,853,1320.0,4.0,1330,1324.0,-6.0,0,0,,0.0,0.0,0.0,0.0,0.0,2015-02-26,0,0,0.0,0,0.0,0.0,0.0,0.0,0.0
2015,3,15,7,WN,1977,N222WN,RDU,MCO,1135,1134.0,-1.0,7.0,1141.0,105.0,91.0,78.0,534,1259.0,6.0,1320,1305.0,-15.0,0,0,,0.0,0.0,0.0,0.0,0.0,2015-03-15,0,0,0.0,0,0.0,0.0,0.0,0.0,0.0
2015,3,24,2,DL,2348,N314US,SLC,DTW,945,935.0,-10.0,16.0,951.0,208.0,197.0,177.0,1481,1448.0,4.0,1513,1452.0,-21.0,0,0,,0.0,0.0,0.0,0.0,0.0,2015-03-24,0,0,0.0,0,0.0,0.0,0.0,0.0,0.0
2015,3,9,1,EV,4656,N14204,GSP,ORD,1659,1646.0,-13.0,13.0,1659.0,126.0,117.0,93.0,578,1732.0,11.0,1805,1743.0,-22.0,0,0,,0.0,0.0,0.0,0.0,0.0,2015-03-09,0,0,0.0,0,0.0,0.0,0.0,0.0,0.0
2015,3,6,5,DL,1055,N3768,LAX,CMH,2213,2210.0,-3.0,18.0,2228.0,255.0,249.0,227.0,1995,515.0,4.0,528,519.0,-9.0,0,0,,0.0,0.0,0.0,0.0,0.0,2015-03-06,0,0,0.0,0,0.0,0.0,0.0,0.0,0.0
2015,2,21,6,WN,3137,N634SW,MCO,BNA,1440,1447.0,7.0,11.0,1458.0,115.0,115.0,99.0,616,1537.0,5.0,1535,1542.0,7.0,0,0,,0.0,0.0,0.0,0.0,0.0,2015-02-21,0,0,0.0,0,0.0,0.0,0.0,0.0,0.0
2015,3,5,4,DL,716,N953DN,ATL,MSP,2150,2215.0,25.0,16.0,2231.0,161.0,146.0,126.0,907,2337.0,4.0,2331,2341.0,10.0,0,0,,0.0,0.0,0.0,0.0,0.0,2015-03-05,1,0,0.0,0,0.0,0.0,0.0,0.0,0.0
2015,3,14,6,MQ,3103,N831MQ,TYR,DFW,555,556.0,1.0,12.0,608.0,49.0,44.0,25.0,102,633.0,7.0,644,640.0,-4.0,0,0,,0.0,0.0,0.0,0.0,0.0,2015-03-14,0,0,0.0,0,0.0,0.0,0.0,0.0,0.0
2015,3,19,4,OO,5198,N703SK,IAH,MSY,849,844.0,-5.0,14.0,858.0,71.0,67.0,47.0,305,945.0,6.0,1000,951.0,-9.0,0,0,,0.0,0.0,0.0,0.0,0.0,2015-03-19,0,0,0.0,0,0.0,0.0,0.0,0.0,0.0
2015,3,21,6,OO,2806,N468CA,YUM,PHX,845,838.0,-7.0,11.0,849.0,51.0,51.0,31.0,160,920.0,9.0,936,929.0,-7.0,0,0,,0.0,0.0,0.0,0.0,0.0,2015-03-21,0,0,0.0,0,0.0,0.0,0.0,0.0,0.0
2015,2,13,5,DL,2209,N916DN,MSP,SFO,2140,2323.0,103.0,8.0,2331.0,258.0,217.0,202.0,1589,53.0,7.0,2358,100.0,62.0,0,0,,0.0,0.0,62.0,0.0,0.0,2015-02-13,1,1,62.0,1,0.0,0.0,100.0,0.0,0.0
2015,3,6,5,UA,1140,N38467,OMA,ORD,730,742.0,12.0,12.0,754.0,99.0,109.0,65.0,416,859.0,32.0,909,931.0,22.0,0,0,,10.0,0.0,12.0,0.0,0.0,2015-03-06,0,1,22.0,1,45.45,0.0,54.55,0.0,0.0
2015,3,7,6,OO,7385,N445SW,EKO,SLC,605,553.0,-12.0,10.0,603.0,54.0,48.0,35.0,200,738.0,3.0,759,741.0,-18.0,0,0,,0.0,0.0,0.0,0.0,0.0,2015-03-07,0,0,0.0,0,0.0,0.0,0.0,0.0,0.0
2015,3,15,7,MQ,3375,N544MQ,XNA,DFW,929,927.0,-2.0,11.0,938.0,76.0,81.0,60.0,280,1038.0,10.0,1045,1048.0,3.0,0,0,,0.0,0.0,0.0,0.0,0.0,2015-03-15,0,0,0.0,0,0.0,0.0,0.0,0.0,0.0
2015,3,16,1,OO,4829,N442SW,LSE,MSP,1125,1119.0,-6.0,10.0,1129.0,59.0,43.0,27.0,119,1156.0,6.0,1224,1202.0,-22.0,0,0,,0.0,0.0,0.0,0.0,0.0,2015-03-16,0,0,0.0,0,0.0,0.0,0.0,0.0,0.0
2015,3,23,1,WN,2718,N8309C,PHX,SAN,2015,2056.0,41.0,7.0,2103.0,70.0,57.0,46.0,304,2149.0,4.0,2125,2153.0,28.0,0,0,,0.0,0.0,20.0,8.0,0.0,2015-03-23,1,1,28.0,1,0.0,0.0,71.43,28.57,0.0
2015,3,17,2,DL,2155,N912DE,SRQ,ATL,1921,1918.0,-3.0,11.0,1929.0,104.0,97.0,71.0,444,2040.0,15.0,2105,2055.0,-10.0,0,0,,0.0,0.0,0.0,0.0,0.0,2015-03-17,0,0,0.0,0,0.0,0.0,0.0,0.0,0.0
2015,2,18,3,DL,946,N932DN,MSP,DTW,1952,1952.0,0.0,13.0,2005.0,100.0,90.0,71.0,528,2216.0,6.0,2232,2222.0,-10.0,0,0,,0.0,0.0,0.0,0.0,0.0,2015-02-18,0,0,0.0,0,0.0,0.0,0.0,0.0,0.0
2015,2,19,4,MQ,3259,N521MQ,MAF,DFW,1809,1826.0,17.0,10.0,1836.0,72.0,66.0,48.0,309,1924.0,8.0,1921,1932.0,11.0,0,0,,0.0,0.0,0.0,0.0,0.0,2015-02-19,1,0,0.0,0,0.0,0.0,0.0,0.0,0.0
2015,3,11,3,MQ,3439,N681MQ,DFW,TYS,730,729.0,-1.0,15.0,744.0,116.0,117.0,98.0,772,1022.0,4.0,1026,1026.0,0.0,0,0,,0.0,0.0,0.0,0.0,0.0,2015-03-11,0,0,0.0,0,0.0,0.0,0.0,0.0,0.0
2015,3,7,6,EV,4129,N17169,CLE,IAD,605,600.0,-5.0,20.0,620.0,80.0,74.0,45.0,288,705.0,9.0,725,714.0,-11.0,0,0,,0.0,0.0,0.0,0.0,0.0,2015-03-07,0,0,0.0,0,0.0,0.0,0.0,0.0,0.0
2015,3,16,1,VX,897,N361VA,LAS,SFO,700,656.0,-4.0,17.0,713.0,85.0,89.0,66.0,414,819.0,6.0,825,825.0,0.0,0,0,,0.0,0.0,0.0,0.0,0.0,2015-03-16,0,0,0.0,0,0.0,0.0,0.0,0.0,0.0
2015,3,9,1,US,781,N548UW,PHL,LAX,1345,1449.0,64.0,14.0,1503.0,369.0,325.0,306.0,2402,1709.0,5.0,1654,1714.0,20.0,0,0,,0.0,0.0,20.0,0.0,0.0,2015-03-09,1,1,20.0,1,0.0,0.0,100.0,0.0,0.0
2015,3,17,2,MQ,3145,N649MQ,CMH,JFK,1243,1540.0,177.0,23.0,1603.0,107.0,104.0,76.0,483,1719.0,5.0,1430,1724.0,174.0,0,0,,174.0,0.0,0.0,0.0,0.0,2015-03-17,1,1,174.0,1,100.0,0.0,0.0,0.0,0.0
2015,3,18,3,WN,563,N8321D,HOU,LAS,1715,1724.0,9.0,7.0,1731.0,205.0,180.0,167.0,1235,1818.0,6.0,1840,1824.0,-16.0,0,0,,0.0,0.0,0.0,0.0,0.0,2015-03-18,0,0,0.0,0,0.0,0.0,0.0,0.0,0.0
2015,2,17,2,OO,2620,N868CA,SJC,LAX,1450,1440.0,-10.0,13.0,1453.0,75.0,77.0,53.0,308,1546.0,11.0,1605,1557.0,-8.0,0,0,,0.0,0.0,0.0,0.0,0.0,2015-02-17,0,0,0.0,0,0.0,0.0,0.0,0.0,0.0
2015,3,22,7,DL,745,N827DN,DTW,SFO,842,842.0,0.0,24.0,906.0,314.0,306.0,277.0,2079,1043.0,5.0,1056,1048.0,-8.0,0,0,,0.0,0.0,0.0,0.0,0.0,2015-03-22,0,0,0.0,0,0.0,0.0,0.0,0.0,0.0
2015,3,17,2,US,1758,N153UW,PHL,MCO,1010,1008.0,-2.0,40.0,1048.0,171.0,162.0,118.0,861,1246.0,4.0,1301,1250.0,-11.0,0,0,,0.0,0.0,0.0,0.0,0.0,2015-03-17,0,0,0.0,0,0.0,0.0,0.0,0.0,0.0
2015,3,23,1,AA,2463,N389AA,LAX,DFW,1855,1856.0,1.0,21.0,1917.0,174.0,169.0,141.0,1235,2338.0,7.0,2349,2345.0,-4.0,0,0,,0.0,0.0,0.0,0.0,0.0,2015-03-23,0,0,0.0,0,0.0,0.0,0.0,0.0,0.0
2015,3,25,3,AA,1349,N4YMAA,MSY,DFW,635,631.0,-4.0,11.0,642.0,104.0,107.0,78.0,447,800.0,18.0,819,818.0,-1.0,0,0,,0.0,0.0,0.0,0.0,0.0,2015-03-25,0,0,0.0,0,0.0,0.0,0.0,0.0,0.0
2015,3,25,3,UA,809,N478UA,SNA,DEN,1554,1943.0,229.0,15.0,1958.0,136.0,147.0,124.0,846,2302.0,8.0,1910,2310.0,240.0,0,0,,11.0,0.0,0.0,229.0,0.0,2015-03-25,1,1,240.0,1,4.58,0.0,0.0,95.42,0.0
2015,3,14,6,OO,4535,N809SK,LAS,LAX,1355,1349.0,-6.0,16.0,1405.0,75.0,72.0,44.0,236,1449.0,12.0,1510,1501.0,-9.0,0,0,,0.0,0.0,0.0,0.0,0.0,2015-03-14,0,0,0.0,0,0.0,0.0,0.0,0.0,0.0
2015,3,2,1,B6,498,N789JB,SEA,BOS,2259,45.0,106.0,10.0,55.0,310.0,279.0,266.0,2496,821.0,3.0,709,824.0,75.0,0,0,,0.0,0.0,0.0,75.0,0.0,2015-03-02,1,1,75.0,1,0.0,0.0,0.0,100.0,0.0
2015,3,15,7,OO,5516,N465SW,FAT,LAX,1215,1205.0,-10.0,15.0,1220.0,71.0,70.0,43.0,209,1303.0,12.0,1326,1315.0,-11.0,0,0,,0.0,0.0,0.0,0.0,0.0,2015-03-15,0,0,0.0,0,0.0,0.0,0.0,0.0,0.0
2015,3,5,4,EV,4949,N720EV,DTW,FWA,1205,1205.0,0.0,27.0,1232.0,53.0,60.0,29.0,128,1301.0,4.0,1258,1305.0,7.0,0,0,,0.0,0.0,0.0,0.0,0.0,2015-03-05,0,0,0.0,0,0.0,0.0,0.0,0.0,0.0
2015,2,26,4,AA,1620,N3GBAA,ORD,RDU,1005,1224.0,139.0,38.0,1302.0,107.0,138.0,90.0,646,1532.0,10.0,1252,1542.0,170.0,0,0,,31.0,0.0,0.0,0.0,139.0,2015-02-26,1,1,170.0,1,18.24,0.0,0.0,0.0,81.76
2015,3,11,3,EV,6057,N15912,SAV,ORD,1301,1254.0,-7.0,9.0,1303.0,149.0,147.0,119.0,773,1402.0,19.0,1430,1421.0,-9.0,0,0,,0.0,0.0,0.0,0.0,0.0,2015-03-11,0,0,0.0,0,0.0,0.0,0.0,0.0,0.0
2015,3,17,2,B6,1262,N659JB,PBI,LGA,1800,1909.0,69.0,21.0,1930.0,168.0,172.0,145.0,1035,2155.0,6.0,2048,2201.0,73.0,0,0,,64.0,0.0,9.0,0.0,0.0,2015-03-17,1,1,73.0,1,87.67,0.0,12.33,0.0,0.0
2015,3,8,7,WN,27,N423WN,MCI,DAL,1105,1102.0,-3.0,13.0,1115.0,85.0,92.0,75.0,460,1230.0,4.0,1230,1234.0,4.0,0,0,,0.0,0.0,0.0,0.0,0.0,2015-03-08,0,0,0.0,0,0.0,0.0,0.0,0.0,0.0
2015,3,23,1,DL,1873,N935DL,ATL,MIA,1735,1730.0,-5.0,15.0,1745.0,118.0,112.0,89.0,594,1914.0,8.0,1933,1922.0,-11.0,0,0,,0.0,0.0,0.0,0.0,0.0,2015-03-23,0,0,0.0,0,0.0,0.0,0.0,0.0,0.0
2015,3,15,7,OO,2765,N907SW,PHX,FLG,848,842.0,-6.0,18.0,900.0,53.0,49.0,25.0,119,925.0,6.0,941,931.0,-10.0,0,0,,0.0,0.0,0.0,0.0,0.0,2015-03-15,0,0,0.0,0,0.0,0.0,0.0,0.0,0.0
2015,3,13,5,MQ,3477,N522MQ,BNA,ORD,602,556.0,-6.0,18.0,614.0,113.0,105.0,75.0,409,729.0,12.0,755,741.0,-14.0,0,0,,0.0,0.0,0.0,0.0,0.0,2015-03-13,0,0,0.0,0,0.0,0.0,0.0,0.0,0.0
2015,3,2,1,WN,1102,N642WN,PHX,SAT,1005,1019.0,14.0,34.0,1053.0,120.0,151.0,111.0,843,1344.0,6.0,1305,1350.0,45.0,0,0,,31.0,0.0,10.0,4.0,0.0,2015-03-02,0,1,45.0,1,68.89,0.0,22.22,8.89,0.0
2015,3,3,2,US,1998,N827AW,CLT,BWI,2220,2217.0,-3.0,13.0,2230.0,80.0,78.0,60.0,361,2330.0,5.0,2340,2335.0,-5.0,0,0,,0.0,0.0,0.0,0.0,0.0,2015-03-03,0,0,0.0,0,0.0,0.0,0.0,0.0,0.0
2015,3,2,1,EV,3261,N41104,GSP,ORD,1256,1246.0,-10.0,13.0,1259.0,124.0,120.0,101.0,578,1340.0,6.0,1400,1346.0,-14.0,0,0,,0.0,0.0,0.0,0.0,0.0,2015-03-02,0,0,0.0,0,0.0,0.0,0.0,0.0,0.0
2015,3,20,5,MQ,3302,N697MQ,MLI,DFW,602,709.0,67.0,11.0,720.0,152.0,164.0,141.0,691,941.0,12.0,834,953.0,79.0,0,0,,12.0,0.0,67.0,0.0,0.0,2015-03-20,1,1,79.0,1,15.19,0.0,84.81,0.0,0.0
2015,2,19,4,WN,203,N735SA,DAL,ATL,1125,1155.0,30.0,13.0,1208.0,120.0,110.0,90.0,721,1438.0,7.0,1425,1445.0,20.0,0,0,,0.0,0.0,4.0,16.0,0.0,2015-02-19,1,1,20.0,1,0.0,0.0,20.0,80.0,0.0
2015,2,26,4,DL,2691,N967AT,BOS,LGA,1900,2001.0,61.0,22.0,2023.0,83.0,84.0,55.0,184,2118.0,7.0,2023,2125.0,62.0,0,0,,1.0,0.0,6.0,55.0,0.0,2015-02-26,1,1,62.0,1,1.61,0.0,9.68,88.71,0.0
2015,3,18,3,EV,3259,N11551,HPN,ORD,630,625.0,-5.0,13.0,638.0,154.0,160.0,136.0,738,754.0,11.0,804,805.0,1.0,0,0,,0.0,0.0,0.0,0.0,0.0,2015-03-18,0,0,0.0,0,0.0,0.0,0.0,0.0,0.0
2015,2,23,1,DL,1209,N942DL,ATL,GSP,1855,1855.0,0.0,11.0,1906.0,58.0,43.0,28.0,153,1934.0,4.0,1953,1938.0,-15.0,0,0,,0.0,0.0,0.0,0.0,0.0,2015-02-23,0,0,0.0,0,0.0,0.0,0.0,0.0,0.0
2015,3,25,3,AA,235,N3AVAA,JFK,SEA,1835,1832.0,-3.0,21.0,1853.0,384.0,388.0,361.0,2422,2154.0,6.0,2159,2200.0,1.0,0,0,,0.0,0.0,0.0,0.0,0.0,2015-03-25,0,0,0.0,0,0.0,0.0,0.0,0.0,0.0
2015,3,22,7,AS,367,N526AS,SMF,SEA,600,552.0,-8.0,25.0,617.0,106.0,116.0,83.0,605,740.0,8.0,746,748.0,2.0,0,0,,0.0,0.0,0.0,0.0,0.0,2015-03-22,0,0,0.0,0,0.0,0.0,0.0,0.0,0.0
2015,3,6,5,HA,108,N486HA,HNL,KOA,502,456.0,-6.0,8.0,504.0,42.0,43.0,29.0,163,533.0,6.0,544,539.0,-5.0,0,0,,0.0,0.0,0.0,0.0,0.0,2015-03-06,0,0,0.0,0,0.0,0.0,0.0,0.0,0.0
2015,3,23,1,WN,1706,N7815L,BWI,BOS,1320,1331.0,11.0,7.0,1338.0,80.0,72.0,59.0,369,1437.0,6.0,1440,1443.0,3.0,0,0,,0.0,0.0,0.0,0.0,0.0,2015-03-23,0,0,0.0,0,0.0,0.0,0.0,0.0,0.0
2015,2,14,6,AS,341,N786AS,SFO,SEA,1935,1927.0,-8.0,23.0,1950.0,120.0,129.0,100.0,679,2130.0,6.0,2135,2136.0,1.0,0,0,,0.0,0.0,0.0,0.0,0.0,2015-02-14,0,0,0.0,0,0.0,0.0,0.0,0.0,0.0
2015,2,18,3,WN,940,N626SW,PDX,DEN,1120,1148.0,28.0,15.0,1203.0,145.0,140.0,117.0,991,1500.0,8.0,1445,1508.0,23.0,0,0,,0.0,0.0,11.0,12.0,0.0,2015-02-18,1,1,23.0,1,0.0,0.0,47.83,52.17,0.0
2015,2,21,6,EV,4975,N724EV,EWR,DTW,900,857.0,-3.0,11.0,908.0,125.0,109.0,92.0,488,1040.0,6.0,1105,1046.0,-19.0,0,0,,0.0,0.0,0.0,0.0,0.0,2015-02-21,0,0,0.0,0,0.0,0.0,0.0,0.0,0.0
2015,2,24,2,AS,689,N457AS,GEG,SEA,945,939.0,-6.0,9.0,948.0,65.0,55.0,42.0,224,1030.0,4.0,1050,1034.0,-16.0,0,0,,0.0,0.0,0.0,0.0,0.0,2015-02-24,0,0,0.0,0,0.0,0.0,0.0,0.0,0.0
2015,3,7,6,MQ,3201,N543MQ,ORD,BNA,2010,2107.0,57.0,18.0,2125.0,85.0,78.0,53.0,409,2218.0,7.0,2135,2225.0,50.0,0,0,,0.0,0.0,50.0,0.0,0.0,2015-03-07,1,1,50.0,1,0.0,0.0,100.0,0.0,0.0
2015,3,23,1,B6,1572,N658JB,FLL,LGA,945,945.0,0.0,14.0,959.0,169.0,153.0,135.0,1076,1214.0,4.0,1234,1218.0,-16.0,0,0,,0.0,0.0,0.0,0.0,0.0,2015-03-23,0,0,0.0,0,0.0,0.0,0.0,0.0,0.0
2015,2,15,7,US,1722,N709UW,SJU,PHL,1400,1431.0,31.0,12.0,1443.0,250.0,245.0,229.0,1576,1732.0,4.0,1710,1736.0,26.0,0,0,,0.0,0.0,3.0,23.0,0.0,2015-02-15,1,1,26.0,1,0.0,0.0,11.54,88.46,0.0
2015,2,27,5,UA,1475,N23708,BOS,EWR,632,639.0,7.0,18.0,657.0,87.0,82.0,58.0,200,755.0,6.0,759,801.0,2.0,0,0,,0.0,0.0,0.0,0.0,0.0,2015-02-27,0,0,0.0,0,0.0,0.0,0.0,0.0,0.0
2015,3,20,5,AS,64,N763AS,KTN,SEA,1745,1736.0,-9.0,8.0,1744.0,108.0,121.0,105.0,680,2029.0,8.0,2033,2037.0,4.0,0,0,,0.0,0.0,0.0,0.0,0.0,2015-03-20,0,0,0.0,0,0.0,0.0,0.0,0.0,0.0
2015,3,15,7,B6,1170,N216JB,MCO,RIC,1300,1248.0,-12.0,13.0,1301.0,114.0,110.0,90.0,667,1431.0,7.0,1454,1438.0,-16.0,0,0,,0.0,0.0,0.0,0.0,0.0,2015-03-15,0,0,0.0,0,0.0,0.0,0.0,0.0,0.0
2015,2,13,5,DL,1087,N955DN,ATL,DAB,1215,1215.0,0.0,20.0,1235.0,79.0,71.0,49.0,366,1324.0,2.0,1334,1326.0,-8.0,0,0,,0.0,0.0,0.0,0.0,0.0,2015-02-13,0,0,0.0,0,0.0,0.0,0.0,0.0,0.0
2015,3,11,3,AA,2450,N4YPAA,DFW,IAH,2100,2112.0,12.0,12.0,2124.0,62.0,67.0,45.0,224,2209.0,10.0,2202,2219.0,17.0,0,0,,5.0,0.0,12.0,0.0,0.0,2015-03-11,0,1,17.0,1,29.41,0.0,70.59,0.0,0.0
2015,2,27,5,WN,2331,N764SW,DAL,SAT,1255,1331.0,36.0,52.0,1423.0,65.0,112.0,54.0,248,1517.0,6.0,1400,1523.0,83.0,0,0,,47.0,0.0,0.0,0.0,36.0,2015-02-27,1,1,83.0,1,56.63,0.0,0.0,0.0,43.37
2015,3,14,6,UA,489,N529UA,BOS,LAX,600,600.0,0.0,16.0,616.0,391.0,387.0,345.0,2611,901.0,26.0,931,927.0,-4.0,0,0,,0.0,0.0,0.0,0.0,0.0,2015-03-14,0,0,0.0,0,0.0,0.0,0.0,0.0,0.0
2015,2,15,7,OO,4974,N740SK,DEN,JAC,1519,1527.0,8.0,20.0,1547.0,93.0,88.0,64.0,406,1651.0,4.0,1652,1655.0,3.0,0,0,,0.0,0.0,0.0,0.0,0.0,2015-02-15,0,0,0.0,0,0.0,0.0,0.0,0.0,0.0
2015,3,13,5,EV,4373,N12564,DCA,EWR,2006,2007.0,1.0,33.0,2040.0,85.0,86.0,46.0,199,2126.0,7.0,2131,2133.0,2.0,0,0,,0.0,0.0,0.0,0.0,0.0,2015-03-13,0,0,0.0,0,0.0,0.0,0.0,0.0,0.0
2015,3,20,5,UA,1594,N76517,IAH,DCA,730,725.0,-5.0,17.0,742.0,175.0,172.0,149.0,1208,1111.0,6.0,1125,1117.0,-8.0,0,0,,0.0,0.0,0.0,0.0,0.0,2015-03-20,0,0,0.0,0,0.0,0.0,0.0,0.0,0.0
2015,2,18,3,AA,1694,N3GPAA,SAN,DFW,1538,1534.0,-4.0,21.0,1555.0,172.0,176.0,135.0,1171,2010.0,20.0,2030,2030.0,0.0,0,0,,0.0,0.0,0.0,0.0,0.0,2015-02-18,0,0,0.0,0,0.0,0.0,0.0,0.0,0.0
2015,3,8,7,AS,122,N568AS,ANC,PDX,30,27.0,-3.0,18.0,45.0,285.0,264.0,241.0,1542,546.0,5.0,615,551.0,-24.0,0,0,,0.0,0.0,0.0,0.0,0.0,2015-03-08,0,0,0.0,0,0.0,0.0,0.0,0.0,0.0
2015,3,8,7,WN,4161,N791SW,BUR,SJC,1355,1351.0,-4.0,13.0,1404.0,65.0,65.0,49.0,296,1453.0,3.0,1500,1456.0,-4.0,0,0,,0.0,0.0,0.0,0.0,0.0,2015-03-08,0,0,0.0,0,0.0,0.0,0.0,0.0,0.0
2015,3,13,5,B6,27,N556JB,EWR,MCO,900,849.0,-11.0,23.0,912.0,179.0,169.0,137.0,937,1129.0,9.0,1159,1138.0,-21.0,0,0,,0.0,0.0,0.0,0.0,0.0,2015-03-13,0,0,0.0,0,0.0,0.0,0.0,0.0,0.0
2015,3,19,4,AA,346,N3JBAA,ORD,LGA,1955,2005.0,10.0,14.0,2019.0,120.0,108.0,89.0,733,2248.0,5.0,2255,2253.0,-2.0,0,0,,0.0,0.0,0.0,0.0,0.0,2015-03-19,0,0,0.0,0,0.0,0.0,0.0,0.0,0.0
2015,3,13,5,UA,403,N69824,FLL,EWR,956,1056.0,60.0,17.0,1113.0,183.0,174.0,149.0,1065,1342.0,8.0,1259,1350.0,51.0,0,0,,0.0,0.0,51.0,0.0,0.0,2015-03-13,1,1,51.0,1,0.0,0.0,100.0,0.0,0.0
2015,2,21,6,WN,2548,N468WN,CLT,MDW,710,710.0,0.0,15.0,725.0,125.0,122.0,98.0,584,803.0,9.0,815,812.0,-3.0,0,0,,0.0,0.0,0.0,0.0,0.0,2015-02-21,0,0,0.0,0,0.0,0.0,0.0,0.0,0.0
2015,3,17,2,WN,136,N289CT,SJC,PDX,1735,1727.0,-8.0,9.0,1736.0,100.0,96.0,80.0,569,1856.0,7.0,1915,1903.0,-12.0,0,0,,0.0,0.0,0.0,0.0,0.0,2015-03-17,0,0,0.0,0,0.0,0.0,0.0,0.0,0.0
2015,3,6,5,US,725,N156UW,CLT,MCO,1445,1503.0,18.0,23.0,1526.0,100.0,107.0,77.0,468,1643.0,7.0,1625,1650.0,25.0,0,0,,7.0,0.0,0.0,18.0,0.0,2015-03-06,1,1,25.0,1,28.0,0.0,0.0,72.0,0.0
2015,3,21,6,AA,1074,N3HNAA,FLL,ORD,1945,1942.0,-3.0,21.0,2003.0,195.0,198.0,172.0,1182,2155.0,5.0,2200,2200.0,0.0,0,0,,0.0,0.0,0.0,0.0,0.0,2015-03-21,0,0,0.0,0,0.0,0.0,0.0,0.0,0.0
2015,2,22,7,WN,424,N448WN,TPA,BUF,1855,1852.0,-3.0,7.0,1859.0,160.0,147.0,137.0,1053,2116.0,3.0,2135,2119.0,-16.0,0,0,,0.0,0.0,0.0,0.0,0.0,2015-02-22,0,0,0.0,0,0.0,0.0,0.0,0.0,0.0
2015,3,19,4,B6,798,N203JB,DCA,BDL,828,817.0,-11.0,13.0,830.0,84.0,64.0,48.0,313,918.0,3.0,952,921.0,-31.0,0,0,,0.0,0.0,0.0,0.0,0.0,2015-03-19,0,0,0.0,0,0.0,0.0,0.0,0.0,0.0
2015,2,14,6,WN,3046,N633SW,LAX,OAK,840,840.0,0.0,8.0,848.0,80.0,67.0,54.0,337,942.0,5.0,1000,947.0,-13.0,0,0,,0.0,0.0,0.0,0.0,0.0,2015-02-14,0,0,0.0,0,0.0,0.0,0.0,0.0,0.0
2015,3,1,7,EV,4429,N26545,DSM,ORD,1112,1103.0,-9.0,12.0,1115.0,78.0,78.0,56.0,299,1211.0,10.0,1230,1221.0,-9.0,0,0,,0.0,0.0,0.0,0.0,0.0,2015-03-01,0,0,0.0,0,0.0,0.0,0.0,0.0,0.0
2015,3,14,6,DL,2567,N938AT,ATL,GRR,837,837.0,0.0,19.0,856.0,108.0,106.0,83.0,640,1019.0,4.0,1025,1023.0,-2.0,0,0,,0.0,0.0,0.0,0.0,0.0,2015-03-14,0,0,0.0,0,0.0,0.0,0.0,0.0,0.0
2015,2,25,3,DL,2674,N607AT,LGA,BOS,1000,1016.0,16.0,32.0,1048.0,75.0,86.0,46.0,184,1134.0,8.0,1115,1142.0,27.0,0,0,,12.0,0.0,0.0,15.0,0.0,2015-02-25,1,1,27.0,1,44.44,0.0,0.0,55.56,0.0
2015,3,13,5,UA,1224,N57868,LAX,HNL,1100,1110.0,10.0,19.0,1129.0,353.0,356.0,333.0,2556,1402.0,4.0,1353,1406.0,13.0,0,0,,0.0,0.0,0.0,0.0,0.0,2015-03-13,0,0,0.0,0,0.0,0.0,0.0,0.0,0.0
2015,3,17,2,DL,870,N977DL,ATL,DFW,1510,1509.0,-1.0,15.0,1524.0,153.0,138.0,109.0,731,1613.0,14.0,1643,1627.0,-16.0,0,0,,0.0,0.0,0.0,0.0,0.0,2015-03-17,0,0,0.0,0,0.0,0.0,0.0,0.0,0.0
2015,3,10,2,MQ,3134,N537MQ,LGA,STL,1040,1107.0,27.0,41.0,1148.0,174.0,194.0,150.0,888,1318.0,3.0,1234,1321.0,47.0,0,0,,20.0,0.0,27.0,0.0,0.0,2015-03-10,1,1,47.0,1,42.55,0.0,57.45,0.0,0.0
2015,3,6,5,DL,2460,N355NB,HOU,ATL,645,643.0,-2.0,9.0,652.0,117.0,104.0,83.0,696,915.0,12.0,942,927.0,-15.0,0,0,,0.0,0.0,0.0,0.0,0.0,2015-03-06,0,0,0.0,0,0.0,0.0,0.0,0.0,0.0
2015,3,16,1,NK,939,N608NK,DTW,IAH,730,730.0,0.0,12.0,742.0,190.0,168.0,147.0,1075,909.0,9.0,940,918.0,-22.0,0,0,,0.0,0.0,0.0,0.0,0.0,2015-03-16,0,0,0.0,0,0.0,0.0,0.0,0.0,0.0
2015,3,25,3,DL,2296,N340NB,MSP,LGA,1730,1739.0,9.0,10.0,1749.0,162.0,147.0,132.0,1020,2101.0,5.0,2112,2106.0,-6.0,0,0,,0.0,0.0,0.0,0.0,0.0,2015-03-25,0,0,0.0,0,0.0,0.0,0.0,0.0,0.0
2015,2,14,6,WN,528,N487WN,PHL,MDW,1600,1555.0,-5.0,60.0,1655.0,145.0,169.0,103.0,668,1738.0,6.0,1725,1744.0,19.0,0,0,,19.0,0.0,0.0,0.0,0.0,2015-02-14,0,1,19.0,1,100.0,0.0,0.0,0.0,0.0
2015,3,5,4,WN,3138,N261WN,LAS,ONT,1410,1505.0,55.0,13.0,1518.0,55.0,51.0,33.0,197,1551.0,5.0,1505,1556.0,51.0,0,0,,0.0,0.0,40.0,11.0,0.0,2015-03-05,1,1,51.0,1,0.0,0.0,78.43,21.57,0.0
2015,2,17,2,EV,4192,N14186,IAH,CVG,1015,1016.0,1.0,30.0,1046.0,141.0,136.0,101.0,871,1327.0,5.0,1336,1332.0,-4.0,0,0,,0.0,0.0,0.0,0.0,0.0,2015-02-17,0,0,0.0,0,0.0,0.0,0.0,0.0,0.0
2015,3,16,1,AA,1512,N3GJAA,DFW,TPA,1230,1415.0,105.0,16.0,1431.0,132.0,134.0,115.0,929,1726.0,3.0,1542,1729.0,107.0,0,0,,2.0,0.0,18.0,87.0,0.0,2015-03-16,1,1,107.0,1,1.87,0.0,16.82,81.31,0.0
2015,3,16,1,WN,4100,N749SW,BWI,BUF,615,608.0,-7.0,9.0,617.0,75.0,65.0,52.0,281,709.0,4.0,730,713.0,-17.0,0,0,,0.0,0.0,0.0,0.0,0.0,2015-03-16,0,0,0.0,0,0.0,0.0,0.0,0.0,0.0
2015,2,16,1,OO,2608,N863AS,LAX,SMF,2040,2036.0,-4.0,17.0,2053.0,82.0,86.0,63.0,373,2156.0,6.0,2202,2202.0,0.0,0,0,,0.0,0.0,0.0,0.0,0.0,2015-02-16,0,0,0.0,0,0.0,0.0,0.0,0.0,0.0
2015,2,16,1,AA,175,N3GAAA,DCA,DFW,600,557.0,-3.0,19.0,616.0,217.0,232.0,207.0,1192,843.0,6.0,837,849.0,12.0,0,0,,0.0,0.0,0.0,0.0,0.0,2015-02-16,0,0,0.0,0,0.0,0.0,0.0,0.0,0.0
2015,3,20,5,OO,5538,N978SW,MFR,SFO,705,657.0,-8.0,15.0,712.0,89.0,82.0,63.0,329,815.0,4.0,834,819.0,-15.0,0,0,,0.0,0.0,0.0,0.0,0.0,2015-03-20,0,0,0.0,0,0.0,0.0,0.0,0.0,0.0
2015,2,22,7,EV,3959,N16961,MSN,ORD,1840,1859.0,19.0,9.0,1908.0,56.0,51.0,28.0,108,1936.0,14.0,1936,1950.0,14.0,0,0,,0.0,0.0,0.0,0.0,0.0,2015-02-22,1,0,0.0,0,0.0,0.0,0.0,0.0,0.0
2015,2,23,1,US,1768,N810AW,BOS,CLT,1700,1708.0,8.0,21.0,1729.0,148.0,146.0,119.0,728,1928.0,6.0,1928,1934.0,6.0,0,0,,0.0,0.0,0.0,0.0,0.0,2015-02-23,0,0,0.0,0,0.0,0.0,0.0,0.0,0.0
2015,3,3,2,OO,6327,N579SW,LAX,SAN,1100,1058.0,-2.0,11.0,1109.0,55.0,47.0,32.0,109,1141.0,4.0,1155,1145.0,-10.0,0,0,,0.0,0.0,0.0,0.0,0.0,2015-03-03,0,0,0.0,0,0.0,0.0,0.0,0.0,0.0
2015,3,10,2,US,1778,N951UW,PHL,BOS,1315,1310.0,-5.0,11.0,1321.0,73.0,75.0,41.0,280,1402.0,23.0,1428,1425.0,-3.0,0,0,,0.0,0.0,0.0,0.0,0.0,2015-03-10,0,0,0.0,0,0.0,0.0,0.0,0.0,0.0
2015,2,26,4,B6,1295,N646JB,JFK,AUS,2059,2109.0,10.0,15.0,2124.0,262.0,256.0,237.0,1521,21.0,4.0,21,25.0,4.0,0,0,,0.0,0.0,0.0,0.0,0.0,2015-02-26,0,0,0.0,0,0.0,0.0,0.0,0.0,0.0
2015,2,17,2,HA,313,N488HA,HNL,LIH,1201,1155.0,-6.0,21.0,1216.0,39.0,48.0,22.0,102,1238.0,5.0,1240,1243.0,3.0,0,0,,0.0,0.0,0.0,0.0,0.0,2015-02-17,0,0,0.0,0,0.0,0.0,0.0,0.0,0.0
2015,2,23,1,EV,4322,N12567,ORD,BHM,1455,1537.0,42.0,19.0,1556.0,111.0,104.0,82.0,584,1718.0,3.0,1646,1721.0,35.0,0,0,,0.0,0.0,0.0,0.0,35.0,2015-02-23,1,1,35.0,1,0.0,0.0,0.0,0.0,100.0
2015,3,18,3,DL,1239,N523US,DCA,ATL,900,859.0,-1.0,30.0,929.0,129.0,120.0,82.0,547,1051.0,8.0,1109,1059.0,-10.0,0,0,,0.0,0.0,0.0,0.0,0.0,2015-03-18,0,0,0.0,0,0.0,0.0,0.0,0.0,0.0
2015,3,1,7,EV,4934,N922EV,ATL,AGS,2250,2246.0,-4.0,40.0,2326.0,46.0,73.0,30.0,143,2356.0,3.0,2336,2359.0,23.0,0,0,,23.0,0.0,0.0,0.0,0.0,2015-03-01,0,1,23.0,1,100.0,0.0,0.0,0.0,0.0
2015,2,14,6,WN,2893,N628SW,FLL,IND,1630,1627.0,-3.0,14.0,1641.0,175.0,185.0,165.0,1005,1926.0,6.0,1925,1932.0,7.0,0,0,,0.0,0.0,0.0,0.0,0.0,2015-02-14,0,0,0.0,0,0.0,0.0,0.0,0.0,0.0
2015,3,14,6,AS,764,N529AS,PDX,DCA,955,958.0,3.0,9.0,1007.0,288.0,275.0,263.0,2350,1730.0,3.0,1743,1733.0,-10.0,0,0,,0.0,0.0,0.0,0.0,0.0,2015-03-14,0,0,0.0,0,0.0,0.0,0.0,0.0,0.0
2015,3,8,7,B6,1126,N228JB,FLL,RDU,1405,1354.0,-11.0,12.0,1406.0,124.0,112.0,96.0,680,1542.0,4.0,1609,1546.0,-23.0,0,0,,0.0,0.0,0.0,0.0,0.0,2015-03-08,0,0,0.0,0,0.0,0.0,0.0,0.0,0.0
2015,3,7,6,WN,1365,N768SW,STL,SFO,1405,1430.0,25.0,6.0,1436.0,260.0,241.0,229.0,1735,1625.0,6.0,1625,1631.0,6.0,0,0,,0.0,0.0,0.0,0.0,0.0,2015-03-07,1,0,0.0,0,0.0,0.0,0.0,0.0,0.0
2015,2,18,3,OO,3457,N216AG,BUR,PDX,920,922.0,2.0,19.0,941.0,137.0,130.0,107.0,817,1128.0,4.0,1137,1132.0,-5.0,0,0,,0.0,0.0,0.0,0.0,0.0,2015-02-18,0,0,0.0,0,0.0,0.0,0.0,0.0,0.0
2015,3,18,3,US,2142,N833AW,DCA,BOS,1230,1226.0,-4.0,18.0,1244.0,85.0,89.0,64.0,399,1348.0,7.0,1355,1355.0,0.0,0,0,,0.0,0.0,0.0,0.0,0.0,2015-03-18,0,0,0.0,0,0.0,0.0,0.0,0.0,0.0
2015,3,24,2,US,1969,N510UW,CLT,RSW,730,732.0,2.0,17.0,749.0,113.0,112.0,90.0,600,919.0,5.0,923,924.0,1.0,0,0,,0.0,0.0,0.0,0.0,0.0,2015-03-24,0,0,0.0,0,0.0,0.0,0.0,0.0,0.0
2015,2,21,6,B6,993,N570JB,BOS,DEN,1945,1939.0,-6.0,43.0,2022.0,285.0,322.0,273.0,1754,2255.0,6.0,2230,2301.0,31.0,0,0,,31.0,0.0,0.0,0.0,0.0,2015-02-21,0,1,31.0,1,100.0,0.0,0.0,0.0,0.0
2015,2,21,6,DL,2293,N361NB,ATL,ELP,1930,1930.0,0.0,28.0,1958.0,216.0,230.0,199.0,1282,2117.0,3.0,2106,2120.0,14.0,0,0,,0.0,0.0,0.0,0.0,0.0,2015-02-21,0,0,0.0,0,0.0,0.0,0.0,0.0,0.0
2015,3,14,6,US,2075,N750UW,PHX,LAX,1515,1510.0,-5.0,20.0,1530.0,90.0,87.0,56.0,370,1626.0,11.0,1645,1637.0,-8.0,0,0,,0.0,0.0,0.0,0.0,0.0,2015-03-14,0,0,0.0,0,0.0,0.0,0.0,0.0,0.0
2015,2,15,7,EV,4965,N137EV,ATL,HPN,940,942.0,2.0,34.0,1016.0,132.0,148.0,106.0,780,1202.0,8.0,1152,1210.0,18.0,0,0,,16.0,0.0,2.0,0.0,0.0,2015-02-15,0,1,18.0,1,88.89,0.0,11.11,0.0,0.0
2015,3,2,1,MQ,2954,N670MQ,GJT,DFW,1229,1242.0,13.0,12.0,1254.0,121.0,133.0,110.0,773,1544.0,11.0,1530,1555.0,25.0,0,0,,12.0,0.0,1.0,12.0,0.0,2015-03-02,0,1,25.0,1,48.0,0.0,4.0,48.0,0.0
2015,2,17,2,UA,1718,N73278,LAX,KOA,1631,1632.0,1.0,11.0,1643.0,359.0,341.0,325.0,2504,2008.0,5.0,2030,2013.0,-17.0,0,0,,0.0,0.0,0.0,0.0,0.0,2015-02-17,0,0,0.0,0,0.0,0.0,0.0,0.0,0.0
2015,2,19,4,AA,234,N3HFAA,MIA,BWI,2135,2132.0,-3.0,14.0,2146.0,154.0,147.0,129.0,946,2355.0,4.0,9,2359.0,-10.0,0,0,,0.0,0.0,0.0,0.0,0.0,2015-02-19,0,0,0.0,0,0.0,0.0,0.0,0.0,0.0
2015,3,19,4,MQ,3265,N814MQ,ORF,LGA,1825,1818.0,-7.0,22.0,1840.0,81.0,102.0,61.0,296,1941.0,19.0,1946,2000.0,14.0,0,0,,0.0,0.0,0.0,0.0,0.0,2015-03-19,0,0,0.0,0,0.0,0.0,0.0,0.0,0.0
2015,3,13,5,WN,870,N417WN,CRP,HOU,1840,1838.0,-2.0,11.0,1849.0,55.0,47.0,31.0,187,1920.0,5.0,1935,1925.0,-10.0,0,0,,0.0,0.0,0.0,0.0,0.0,2015-03-13,0,0,0.0,0,0.0,0.0,0.0,0.0,0.0
2015,2,17,2,WN,1066,N967WN,HOU,LAS,1720,1751.0,31.0,9.0,1800.0,205.0,189.0,175.0,1235,1855.0,5.0,1845,1900.0,15.0,0,0,,0.0,0.0,0.0,15.0,0.0,2015-02-17,1,0,15.0,0,0.0,0.0,0.0,100.0,0.0
2015,3,3,2,B6,1099,N527JB,LGA,MCO,630,620.0,-10.0,13.0,633.0,167.0,153.0,130.0,950,843.0,10.0,917,853.0,-24.0,0,0,,0.0,0.0,0.0,0.0,0.0,2015-03-03,0,0,0.0,0,0.0,0.0,0.0,0.0,0.0
2015,2,19,4,DL,2447,N962DL,LGA,ATL,1659,1739.0,40.0,35.0,1814.0,179.0,149.0,110.0,762,2004.0,4.0,1958,2008.0,10.0,0,0,,0.0,0.0,0.0,0.0,0.0,2015-02-19,1,0,0.0,0,0.0,0.0,0.0,0.0,0.0
2015,3,2,1,EV,5973,N15980,ORD,TUL,957,957.0,0.0,17.0,1014.0,124.0,124.0,101.0,585,1155.0,6.0,1201,1201.0,0.0,0,0,,0.0,0.0,0.0,0.0,0.0,2015-03-02,0,0,0.0,0,0.0,0.0,0.0,0.0,0.0
2015,3,14,6,EV,4227,N11189,GSO,EWR,1459,1453.0,-6.0,15.0,1508.0,100.0,86.0,64.0,445,1612.0,7.0,1639,1619.0,-20.0,0,0,,0.0,0.0,0.0,0.0,0.0,2015-03-14,0,0,0.0,0,0.0,0.0,0.0,0.0,0.0
2015,2,24,2,OO,5365,N586SW,SBP,LAX,1150,1147.0,-3.0,10.0,1157.0,69.0,66.0,48.0,156,1245.0,8.0,1259,1253.0,-6.0,0,0,,0.0,0.0,0.0,0.0,0.0,2015-02-24,0,0,0.0,0,0.0,0.0,0.0,0.0,0.0
2015,2,14,6,OO,6335,N584SW,SAN,LAX,1558,1550.0,-8.0,7.0,1557.0,52.0,42.0,25.0,109,1622.0,10.0,1650,1632.0,-18.0,0,0,,0.0,0.0,0.0,0.0,0.0,2015-02-14,0,0,0.0,0,0.0,0.0,0.0,0.0,0.0
2015,2,18,3,DL,1608,N661DN,FLL,MSP,1310,1302.0,-8.0,17.0,1319.0,234.0,228.0,207.0,1487,1546.0,4.0,1604,1550.0,-14.0,0,0,,0.0,0.0,0.0,0.0,0.0,2015-02-18,0,0,0.0,0,0.0,0.0,0.0,0.0,0.0
2015,3,23,1,DL,1766,N958DL,ATL,FNT,2117,2114.0,-3.0,16.0,2130.0,121.0,112.0,93.0,645,2303.0,3.0,2318,2306.0,-12.0,0,0,,0.0,0.0,0.0,0.0,0.0,2015-03-23,0,0,0.0,0,0.0,0.0,0.0,0.0,0.0
2015,2,21,6,NK,832,N507NK,IAH,MCO,720,715.0,-5.0,11.0,726.0,128.0,126.0,108.0,854,1014.0,7.0,1028,1021.0,-7.0,0,0,,0.0,0.0,0.0,0.0,0.0,2015-02-21,0,0,0.0,0,0.0,0.0,0.0,0.0,0.0
2015,3,10,2,DL,1127,N906DA,ATL,IND,947,943.0,-4.0,13.0,956.0,93.0,85.0,67.0,432,1103.0,5.0,1120,1108.0,-12.0,0,0,,0.0,0.0,0.0,0.0,0.0,2015-03-10,0,0,0.0,0,0.0,0.0,0.0,0.0,0.0
2015,3,18,3,EV,4251,N13965,CMH,IAH,1134,1318.0,104.0,13.0,1331.0,184.0,174.0,153.0,986,1504.0,8.0,1338,1512.0,94.0,0,0,,0.0,0.0,0.0,94.0,0.0,2015-03-18,1,1,94.0,1,0.0,0.0,0.0,100.0,0.0
2015,3,11,3,WN,1706,N710SW,MSY,TPA,730,725.0,-5.0,7.0,732.0,80.0,83.0,72.0,488,944.0,4.0,950,948.0,-2.0,0,0,,0.0,0.0,0.0,0.0,0.0,2015-03-11,0,0,0.0,0,0.0,0.0,0.0,0.0,0.0
2015,3,24,2,US,2030,N956UW,PHL,PIT,1345,1340.0,-5.0,9.0,1349.0,75.0,67.0,53.0,268,1442.0,5.0,1500,1447.0,-13.0,0,0,,0.0,0.0,0.0,0.0,0.0,2015-03-24,0,0,0.0,0,0.0,0.0,0.0,0.0,0.0
2015,3,23,1,DL,504,N915AT,ATL,EWR,1915,1914.0,-1.0,18.0,1932.0,145.0,121.0,96.0,746,2108.0,7.0,2140,2115.0,-25.0,0,0,,0.0,0.0,0.0,0.0,0.0,2015-03-23,0,0,0.0,0,0.0,0.0,0.0,0.0,0.0
2015,3,5,4,EV,5590,N752EV,DTW,ELM,1540,1542.0,2.0,16.0,1558.0,65.0,63.0,44.0,332,1642.0,3.0,1645,1645.0,0.0,0,0,,0.0,0.0,0.0,0.0,0.0,2015-03-05,0,0,0.0,0,0.0,0.0,0.0,0.0,0.0
2015,2,14,6,EV,6141,N11526,IAH,DAL,1545,1542.0,-3.0,21.0,1603.0,63.0,67.0,42.0,216,1645.0,4.0,1648,1649.0,1.0,0,0,,0.0,0.0,0.0,0.0,0.0,2015-02-14,0,0,0.0,0,0.0,0.0,0.0,0.0,0.0
2015,3,10,2,EV,4950,N147PQ,CLE,MSP,710,707.0,-3.0,7.0,714.0,135.0,107.0,96.0,622,750.0,4.0,825,754.0,-31.0,0,0,,0.0,0.0,0.0,0.0,0.0,2015-03-10,0,0,0.0,0,0.0,0.0,0.0,0.0,0.0
2015,2,15,7,WN,4020,N634SW,TPA,BWI,1730,1732.0,2.0,11.0,1743.0,130.0,127.0,112.0,842,1935.0,4.0,1940,1939.0,-1.0,0,0,,0.0,0.0,0.0,0.0,0.0,2015-02-15,0,0,0.0,0,0.0,0.0,0.0,0.0,0.0
2015,2,20,5,HA,6,N396HA,HNL,LAS,750,752.0,2.0,28.0,820.0,340.0,351.0,309.0,2762,1529.0,14.0,1530,1543.0,13.0,0,0,,0.0,0.0,0.0,0.0,0.0,2015-02-20,0,0,0.0,0,0.0,0.0,0.0,0.0,0.0
2015,3,25,3,NK,319,N621NK,MSP,RSW,1120,1127.0,7.0,13.0,1140.0,202.0,206.0,173.0,1416,1533.0,20.0,1542,1553.0,11.0,0,0,,0.0,0.0,0.0,0.0,0.0,2015-03-25,0,0,0.0,0,0.0,0.0,0.0,0.0,0.0
2015,3,14,6,OO,4475,N910EV,MSP,MKE,1120,1118.0,-2.0,12.0,1130.0,75.0,66.0,45.0,297,1215.0,9.0,1235,1224.0,-11.0,0,0,,0.0,0.0,0.0,0.0,0.0,2015-03-14,0,0,0.0,0,0.0,0.0,0.0,0.0,0.0
2015,3,24,2,DL,326,N395DN,SJU,JFK,700,658.0,-2.0,14.0,712.0,247.0,232.0,208.0,1598,1040.0,10.0,1107,1050.0,-17.0,0,0,,0.0,0.0,0.0,0.0,0.0,2015-03-24,0,0,0.0,0,0.0,0.0,0.0,0.0,0.0
2015,2,25,3,WN,184,N8328A,DEN,FLL,1800,1835.0,35.0,40.0,1915.0,220.0,236.0,192.0,1703,27.0,4.0,2340,31.0,51.0,0,0,,16.0,0.0,14.0,21.0,0.0,2015-02-25,1,1,51.0,1,31.37,0.0,27.45,41.18,0.0
2015,3,14,6,WN,1036,N772SW,DAL,LAS,630,641.0,11.0,10.0,651.0,175.0,149.0,134.0,1067,705.0,5.0,725,710.0,-15.0,0,0,,0.0,0.0,0.0,0.0,0.0,2015-03-14,0,0,0.0,0,0.0,0.0,0.0,0.0,0.0
2015,3,18,3,OO,5564,N920SW,SFO,TUS,1305,1304.0,-1.0,19.0,1323.0,123.0,132.0,109.0,751,1512.0,4.0,1508,1516.0,8.0,0,0,,0.0,0.0,0.0,0.0,0.0,2015-03-18,0,0,0.0,0,0.0,0.0,0.0,0.0,0.0
2015,3,22,7,AA,266,N5DFAA,LIH,LAX,1412,1411.0,-1.0,15.0,1426.0,332.0,338.0,306.0,2615,2232.0,17.0,2244,2249.0,5.0,0,0,,0.0,0.0,0.0,0.0,0.0,2015-03-22,0,0,0.0,0,0.0,0.0,0.0,0.0,0.0
2015,2,18,3,MQ,3647,N523MQ,STL,LGA,640,706.0,26.0,29.0,735.0,141.0,146.0,112.0,888,1027.0,5.0,1001,1032.0,31.0,0,0,,5.0,0.0,26.0,0.0,0.0,2015-02-18,1,1,31.0,1,16.13,0.0,83.87,0.0,0.0
2015,2,25,3,WN,748,N939WN,ELP,AUS,2040,2038.0,-2.0,10.0,2048.0,85.0,78.0,64.0,528,2252.0,4.0,2305,2256.0,-9.0,0,0,,0.0,0.0,0.0,0.0,0.0,2015-02-25,0,0,0.0,0,0.0,0.0,0.0,0.0,0.0
2015,2,13,5,UA,1410,N77431,BWI,IAH,753,806.0,13.0,9.0,815.0,217.0,183.0,169.0,1235,1004.0,5.0,1030,1009.0,-21.0,0,0,,0.0,0.0,0.0,0.0,0.0,2015-02-13,0,0,0.0,0,0.0,0.0,0.0,0.0,0.0
2015,3,25,3,MQ,3196,N653MQ,ORD,LSE,1235,1233.0,-2.0,18.0,1251.0,67.0,69.0,49.0,215,1340.0,2.0,1342,1342.0,0.0,0,0,,0.0,0.0,0.0,0.0,0.0,2015-03-25,0,0,0.0,0,0.0,0.0,0.0,0.0,0.0
2015,2,16,1,WN,263,N387SW,OAK,BUR,2050,2046.0,-4.0,9.0,2055.0,65.0,60.0,49.0,325,2144.0,2.0,2155,2146.0,-9.0,0,0,,0.0,0.0,0.0,0.0,0.0,2015-02-16,0,0,0.0,0,0.0,0.0,0.0,0.0,0.0
2015,3,16,1,DL,1208,N330NW,PDX,SLC,1019,1019.0,0.0,9.0,1028.0,101.0,95.0,81.0,630,1249.0,5.0,1300,1254.0,-6.0,0,0,,0.0,0.0,0.0,0.0,0.0,2015-03-16,0,0,0.0,0,0.0,0.0,0.0,0.0,0.0
2015,2,28,6,DL,900,N665DN,BOS,ATL,545,544.0,-1.0,17.0,601.0,188.0,171.0,149.0,946,830.0,5.0,853,835.0,-18.0,0,0,,0.0,0.0,0.0,0.0,0.0,2015-02-28,0,0,0.0,0,0.0,0.0,0.0,0.0,0.0
2015,2,19,4,US,491,N179UW,DFW,PHX,600,602.0,2.0,18.0,620.0,157.0,166.0,139.0,868,739.0,9.0,737,748.0,11.0,0,0,,0.0,0.0,0.0,0.0,0.0,2015-02-19,0,0,0.0,0,0.0,0.0,0.0,0.0,0.0
2015,3,3,2,NK,188,N635NK,LAS,DTW,827,820.0,-7.0,19.0,839.0,233.0,219.0,190.0,1749,1449.0,10.0,1520,1459.0,-21.0,0,0,,0.0,0.0,0.0,0.0,0.0,2015-03-03,0,0,0.0,0,0.0,0.0,0.0,0.0,0.0
2015,3,19,4,B6,185,N179JB,ROC,JFK,607,553.0,-14.0,11.0,604.0,83.0,61.0,43.0,264,647.0,7.0,730,654.0,-36.0,0,0,,0.0,0.0,0.0,0.0,0.0,2015-03-19,0,0,0.0,0,0.0,0.0,0.0,0.0,0.0
2015,2,20,5,NK,853,N525NK,ORD,DEN,2140,2221.0,41.0,11.0,2232.0,161.0,152.0,136.0,888,2348.0,5.0,2321,2353.0,32.0,0,0,,0.0,0.0,32.0,0.0,0.0,2015-02-20,1,1,32.0,1,0.0,0.0,100.0,0.0,0.0
2015,2,14,6,DL,1260,N977AT,LFT,ATL,600,605.0,5.0,14.0,619.0,96.0,93.0,71.0,503,830.0,8.0,836,838.0,2.0,0,0,,0.0,0.0,0.0,0.0,0.0,2015-02-14,0,0,0.0,0,0.0,0.0,0.0,0.0,0.0
2015,3,23,1,EV,3951,N15527,SHV,IAH,1705,1703.0,-2.0,7.0,1710.0,65.0,53.0,37.0,192,1747.0,9.0,1810,1756.0,-14.0,0,0,,0.0,0.0,0.0,0.0,0.0,2015-03-23,0,0,0.0,0,0.0,0.0,0.0,0.0,0.0
2015,3,11,3,OO,4676,N554CA,STL,SLC,640,636.0,-4.0,12.0,648.0,198.0,181.0,161.0,1156,829.0,8.0,858,837.0,-21.0,0,0,,0.0,0.0,0.0,0.0,0.0,2015-03-11,0,0,0.0,0,0.0,0.0,0.0,0.0,0.0
2015,2,26,4,EV,4915,N850AS,ATL,FSM,1020,1016.0,-4.0,19.0,1035.0,115.0,118.0,94.0,579,1109.0,5.0,1115,1114.0,-1.0,0,0,,0.0,0.0,0.0,0.0,0.0,2015-02-26,0,0,0.0,0,0.0,0.0,0.0,0.0,0.0
2015,3,22,7,US,1879,N823AW,CLT,DTW,740,735.0,-5.0,19.0,754.0,112.0,110.0,83.0,500,917.0,8.0,932,925.0,-7.0,0,0,,0.0,0.0,0.0,0.0,0.0,2015-03-22,0,0,0.0,0,0.0,0.0,0.0,0.0,0.0
2015,2,20,5,DL,2036,N307DQ,ATL,EYW,1510,1509.0,-1.0,15.0,1524.0,116.0,100.0,83.0,646,1647.0,2.0,1706,1649.0,-17.0,0,0,,0.0,0.0,0.0,0.0,0.0,2015-02-20,0,0,0.0,0,0.0,0.0,0.0,0.0,0.0
2015,3,5,4,WN,603,N600WN,PHL,ATL,1040,1043.0,3.0,111.0,1234.0,145.0,242.0,122.0,666,1436.0,9.0,1305,1445.0,100.0,0,0,,100.0,0.0,0.0,0.0,0.0,2015-03-05,0,1,100.0,1,100.0,0.0,0.0,0.0,0.0
2015,2,22,7,DL,132,N334NB,MSY,DTW,1117,1111.0,-6.0,8.0,1119.0,144.0,134.0,114.0,926,1413.0,12.0,1441,1425.0,-16.0,0,0,,0.0,0.0,0.0,0.0,0.0,2015-02-22,0,0,0.0,0,0.0,0.0,0.0,0.0,0.0
2015,3,16,1,AA,20,N795AA,SFO,JFK,1505,1500.0,-5.0,16.0,1516.0,322.0,309.0,284.0,2586,2300.0,9.0,2327,2309.0,-18.0,0,0,,0.0,0.0,0.0,0.0,0.0,2015-03-16,0,0,0.0,0,0.0,0.0,0.0,0.0,0.0
2015,3,18,3,OO,4608,N607SK,PDX,SEA,930,921.0,-9.0,13.0,934.0,49.0,55.0,36.0,129,1010.0,6.0,1019,1016.0,-3.0,0,0,,0.0,0.0,0.0,0.0,0.0,2015-03-18,0,0,0.0,0,0.0,0.0,0.0,0.0,0.0
2015,2,17,2,WN,1714,N709SW,LGA,MKE,1755,1752.0,-3.0,25.0,1817.0,160.0,146.0,114.0,738,1911.0,7.0,1935,1918.0,-17.0,0,0,,0.0,0.0,0.0,0.0,0.0,2015-02-17,0,0,0.0,0,0.0,0.0,0.0,0.0,0.0
2015,3,1,7,WN,1590,N7720F,LAS,PHX,800,754.0,-6.0,10.0,804.0,65.0,64.0,48.0,255,952.0,6.0,1005,958.0,-7.0,0,0,,0.0,0.0,0.0,0.0,0.0,2015-03-01,0,0,0.0,0,0.0,0.0,0.0,0.0,0.0
2015,2,15,7,WN,4835,N448WN,HOU,ATL,1830,1829.0,-1.0,5.0,1834.0,110.0,97.0,84.0,696,2058.0,8.0,2120,2106.0,-14.0,0,0,,0.0,0.0,0.0,0.0,0.0,2015-02-15,0,0,0.0,0,0.0,0.0,0.0,0.0,0.0
2015,2,20,5,WN,995,N8601C,DEN,PHX,600,557.0,-3.0,21.0,618.0,130.0,119.0,93.0,602,751.0,5.0,810,756.0,-14.0,0,0,,0.0,0.0,0.0,0.0,0.0,2015-02-20,0,0,0.0,0,0.0,0.0,0.0,0.0,0.0
2015,2,17,2,AA,29,N471AA,ONT,DFW,1230,1226.0,-4.0,25.0,1251.0,174.0,189.0,154.0,1188,1725.0,10.0,1724,1735.0,11.0,0,0,,0.0,0.0,0.0,0.0,0.0,2015-02-17,0,0,0.0,0,0.0,0.0,0.0,0.0,0.0
2015,2,24,2,NK,293,N508NK,PDX,LAS,1903,1855.0,-8.0,14.0,1909.0,122.0,118.0,99.0,763,2048.0,5.0,2105,2053.0,-12.0,0,0,,0.0,0.0,0.0,0.0,0.0,2015-02-24,0,0,0.0,0,0.0,0.0,0.0,0.0,0.0
2015,3,20,5,EV,5385,N166PQ,DTW,IAH,1735,1735.0,0.0,16.0,1751.0,189.0,180.0,160.0,1075,1931.0,4.0,1944,1935.0,-9.0,0,0,,0.0,0.0,0.0,0.0,0.0,2015-03-20,0,0,0.0,0,0.0,0.0,0.0,0.0,0.0
2015,2,22,7,WN,459,N641SW,BWI,IND,2020,2027.0,7.0,8.0,2035.0,115.0,106.0,92.0,516,2207.0,6.0,2215,2213.0,-2.0,0,0,,0.0,0.0,0.0,0.0,0.0,2015-02-22,0,0,0.0,0,0.0,0.0,0.0,0.0,0.0
2015,3,5,4,DL,2506,N919DE,ECP,ATL,1428,1623.0,115.0,8.0,1631.0,77.0,64.0,47.0,240,1818.0,9.0,1645,1827.0,102.0,0,0,,0.0,0.0,0.0,102.0,0.0,2015-03-05,1,1,102.0,1,0.0,0.0,0.0,100.0,0.0
2015,3,2,1,US,2033,N944UW,PHL,BOS,1015,1014.0,-1.0,34.0,1048.0,89.0,85.0,45.0,280,1133.0,6.0,1144,1139.0,-5.0,0,0,,0.0,0.0,0.0,0.0,0.0,2015-03-02,0,0,0.0,0,0.0,0.0,0.0,0.0,0.0
2015,3,24,2,AA,1333,N014AA,DFW,MCI,1535,1645.0,70.0,12.0,1657.0,90.0,80.0,64.0,460,1801.0,4.0,1705,1805.0,60.0,0,0,,0.0,0.0,60.0,0.0,0.0,2015-03-24,1,1,60.0,1,0.0,0.0,100.0,0.0,0.0
2015,3,25,3,UA,1001,N24715,BWI,ORD,944,943.0,-1.0,13.0,956.0,136.0,143.0,103.0,622,1039.0,27.0,1100,1106.0,6.0,0,0,,0.0,0.0,0.0,0.0,0.0,2015-03-25,0,0,0.0,0,0.0,0.0,0.0,0.0,0.0
2015,3,24,2,WN,3311,N8305E,DEN,MCI,1920,1923.0,3.0,10.0,1933.0,95.0,82.0,64.0,533,2137.0,8.0,2155,2145.0,-10.0,0,0,,0.0,0.0,0.0,0.0,0.0,2015-03-24,0,0,0.0,0,0.0,0.0,0.0,0.0,0.0
2015,3,25,3,WN,542,N761RR,ATL,MCO,1930,1948.0,18.0,15.0,2003.0,90.0,81.0,58.0,404,2101.0,8.0,2100,2109.0,9.0,0,0,,0.0,0.0,0.0,0.0,0.0,2015-03-25,1,0,0.0,0,0.0,0.0,0.0,0.0,0.0
2015,3,1,7,UA,1241,N37263,PHL,IAH,1711,2310.0,359.0,9.0,2319.0,228.0,211.0,198.0,1325,137.0,4.0,1959,141.0,342.0,0,0,,0.0,0.0,0.0,336.0,6.0,2015-03-01,1,1,342.0,1,0.0,0.0,0.0,98.25,1.75
2015,3,24,2,DL,1443,N960AT,ATL,IAH,922,920.0,-2.0,10.0,930.0,137.0,121.0,103.0,689,1013.0,8.0,1039,1021.0,-18.0,0,0,,0.0,0.0,0.0,0.0,0.0,2015-03-24,0,0,0.0,0,0.0,0.0,0.0,0.0,0.0
2015,3,11,3,OO,6244,N746SK,PSP,IAH,1314,1305.0,-9.0,11.0,1316.0,180.0,178.0,163.0,1269,1759.0,4.0,1814,1803.0,-11.0,0,0,,0.0,0.0,0.0,0.0,0.0,2015-03-11,0,0,0.0,0,0.0,0.0,0.0,0.0,0.0
2015,3,18,3,B6,678,N655JB,JAX,JFK,1121,1134.0,13.0,19.0,1153.0,146.0,133.0,107.0,828,1340.0,7.0,1347,1347.0,0.0,0,0,,0.0,0.0,0.0,0.0,0.0,2015-03-18,0,0,0.0,0,0.0,0.0,0.0,0.0,0.0
2015,2,21,6,AA,1370,N3FEAA,MIA,ORD,1400,1355.0,-5.0,12.0,1407.0,204.0,192.0,171.0,1197,1558.0,9.0,1624,1607.0,-17.0,0,0,,0.0,0.0,0.0,0.0,0.0,2015-02-21,0,0,0.0,0,0.0,0.0,0.0,0.0,0.0
2015,3,1,7,WN,3146,N8302F,LAS,SNA,1930,2023.0,53.0,12.0,2035.0,65.0,62.0,46.0,226,2121.0,4.0,2035,2125.0,50.0,0,0,,31.0,0.0,0.0,19.0,0.0,2015-03-01,1,1,50.0,1,62.0,0.0,0.0,38.0,0.0
2015,3,21,6,WN,1554,N761RR,LAX,LAS,605,603.0,-2.0,19.0,622.0,75.0,69.0,39.0,236,701.0,11.0,720,712.0,-8.0,0,0,,0.0,0.0,0.0,0.0,0.0,2015-03-21,0,0,0.0,0,0.0,0.0,0.0,0.0,0.0
2015,3,8,7,MQ,3391,N845MQ,LGA,CMH,1930,2003.0,33.0,26.0,2029.0,119.0,129.0,92.0,479,2201.0,11.0,2129,2212.0,43.0,0,0,,10.0,0.0,0.0,33.0,0.0,2015-03-08,1,1,43.0,1,23.26,0.0,0.0,76.74,0.0
2015,3,1,7,DL,1194,N311US,PDX,SLC,1636,1631.0,-5.0,9.0,1640.0,101.0,103.0,89.0,630,1909.0,5.0,1917,1914.0,-3.0,0,0,,0.0,0.0,0.0,0.0,0.0,2015-03-01,0,0,0.0,0,0.0,0.0,0.0,0.0,0.0
2015,3,1,7,WN,644,N427WN,HOU,MSY,2125,2124.0,-1.0,8.0,2132.0,60.0,55.0,42.0,302,2214.0,5.0,2225,2219.0,-6.0,0,0,,0.0,0.0,0.0,0.0,0.0,2015-03-01,0,0,0.0,0,0.0,0.0,0.0,0.0,0.0
2015,2,23,1,EV,5373,N916EV,ATL,MGM,2253,2249.0,-4.0,9.0,2258.0,48.0,42.0,29.0,147,2227.0,4.0,2241,2231.0,-10.0,0,0,,0.0,0.0,0.0,0.0,0.0,2015-02-23,0,0,0.0,0,0.0,0.0,0.0,0.0,0.0
2015,3,10,2,OO,6322,N569SW,SAN,LAX,1025,1024.0,-1.0,15.0,1039.0,56.0,78.0,31.0,109,1110.0,32.0,1121,1142.0,21.0,0,0,,21.0,0.0,0.0,0.0,0.0,2015-03-10,0,1,21.0,1,100.0,0.0,0.0,0.0,0.0
2015,3,9,1,WN,1254,N656SW,ORF,BWI,1445,1535.0,50.0,9.0,1544.0,60.0,49.0,36.0,159,1620.0,4.0,1545,1624.0,39.0,0,0,,0.0,0.0,7.0,32.0,0.0,2015-03-09,1,1,39.0,1,0.0,0.0,17.95,82.05,0.0
2015,3,19,4,DL,1206,N892AT,ATL,GSO,2250,2248.0,-2.0,14.0,2302.0,74.0,69.0,52.0,306,2354.0,3.0,4,2357.0,-7.0,0,0,,0.0,0.0,0.0,0.0,0.0,2015-03-19,0,0,0.0,0,0.0,0.0,0.0,0.0,0.0
2015,2,22,7,WN,699,N236WN,PDX,DEN,1520,1516.0,-4.0,10.0,1526.0,145.0,160.0,137.0,991,1843.0,13.0,1845,1856.0,11.0,0,0,,0.0,0.0,0.0,0.0,0.0,2015-02-22,0,0,0.0,0,0.0,0.0,0.0,0.0,0.0
2015,2,16,1,OO,5496,N762SK,LAX,MSP,1001,956.0,-5.0,28.0,1024.0,219.0,230.0,197.0,1535,1541.0,5.0,1540,1546.0,6.0,0,0,,0.0,0.0,0.0,0.0,0.0,2015-02-16,0,0,0.0,0,0.0,0.0,0.0,0.0,0.0
2015,3,12,4,US,1774,N108UW,CLT,DTW,2219,2231.0,12.0,30.0,2301.0,99.0,115.0,75.0,500,16.0,10.0,2358,26.0,28.0,0,0,,16.0,0.0,12.0,0.0,0.0,2015-03-12,0,1,28.0,1,57.14,0.0,42.86,0.0,0.0
2015,3,22,7,DL,804,N752AT,MSP,ATL,1500,1454.0,-6.0,11.0,1505.0,148.0,137.0,118.0,907,1803.0,8.0,1828,1811.0,-17.0,0,0,,0.0,0.0,0.0,0.0,0.0,2015-03-22,0,0,0.0,0,0.0,0.0,0.0,0.0,0.0
2015,2,22,7,DL,2097,N358NB,MSP,SNA,1745,1739.0,-6.0,9.0,1748.0,248.0,257.0,240.0,1522,1948.0,8.0,1953,1956.0,3.0,0,0,,0.0,0.0,0.0,0.0,0.0,2015-02-22,0,0,0.0,0,0.0,0.0,0.0,0.0,0.0
2015,2,18,3,DL,1796,N361NB,MSP,LGA,1000,957.0,-3.0,9.0,1006.0,152.0,136.0,122.0,1020,1308.0,5.0,1332,1313.0,-19.0,0,0,,0.0,0.0,0.0,0.0,0.0,2015-02-18,0,0,0.0,0,0.0,0.0,0.0,0.0,0.0
2015,3,8,7,WN,4304,N457WN,BWI,MDW,2120,2150.0,30.0,9.0,2159.0,125.0,118.0,104.0,611,2243.0,5.0,2225,2248.0,23.0,0,0,,0.0,0.0,0.0,23.0,0.0,2015-03-08,1,1,23.0,1,0.0,0.0,0.0,100.0,0.0
2015,3,1,7,DL,421,N624AG,JFK,SLC,700,711.0,11.0,18.0,729.0,330.0,317.0,295.0,1990,1024.0,4.0,1030,1028.0,-2.0,0,0,,0.0,0.0,0.0,0.0,0.0,2015-03-01,0,0,0.0,0,0.0,0.0,0.0,0.0,0.0
2015,3,7,6,UA,1747,N21723,JAC,IAD,1133,1139.0,6.0,12.0,1151.0,235.0,221.0,201.0,1750,1712.0,8.0,1728,1720.0,-8.0,0,0,,0.0,0.0,0.0,0.0,0.0,2015-03-07,0,0,0.0,0,0.0,0.0,0.0,0.0,0.0
2015,2,14,6,WN,580,N356SW,MSY,DAL,1000,959.0,-1.0,8.0,1007.0,85.0,89.0,77.0,436,1124.0,4.0,1125,1128.0,3.0,0,0,,0.0,0.0,0.0,0.0,0.0,2015-02-14,0,0,0.0,0,0.0,0.0,0.0,0.0,0.0
2015,3,23,1,UA,515,N854UA,CMH,ORD,1737,1958.0,141.0,61.0,2059.0,83.0,159.0,61.0,296,2100.0,37.0,1800,2137.0,217.0,0,0,,76.0,0.0,0.0,139.0,2.0,2015-03-23,1,1,217.0,1,35.02,0.0,0.0,64.06,0.92
2015,3,11,3,AS,69,N703AS,KTN,JNU,2030,2032.0,2.0,8.0,2040.0,59.0,57.0,46.0,234,2126.0,3.0,2129,2129.0,0.0,0,0,,0.0,0.0,0.0,0.0,0.0,2015-03-11,0,0,0.0,0,0.0,0.0,0.0,0.0,0.0
2015,3,23,1,EV,2510,N908EV,DFW,BTR,1615,1637.0,22.0,17.0,1654.0,78.0,82.0,62.0,383,1756.0,3.0,1733,1759.0,26.0,0,0,,4.0,0.0,15.0,7.0,0.0,2015-03-23,1,1,26.0,1,15.38,0.0,57.69,26.92,0.0
2015,3,5,4,AA,2474,N3AHAA,LAX,DFW,1700,1829.0,89.0,13.0,1842.0,176.0,168.0,150.0,1235,2312.0,5.0,2156,2317.0,81.0,0,0,,0.0,0.0,81.0,0.0,0.0,2015-03-05,1,1,81.0,1,0.0,0.0,100.0,0.0,0.0
2015,3,3,2,EV,5056,N195PQ,ATL,BMI,2108,2106.0,-2.0,23.0,2129.0,99.0,111.0,84.0,533,2153.0,4.0,2147,2157.0,10.0,0,0,,0.0,0.0,0.0,0.0,0.0,2015-03-03,0,0,0.0,0,0.0,0.0,0.0,0.0,0.0
2015,2,14,6,OO,4564,N822SK,MSP,ORD,2006,2003.0,-3.0,17.0,2020.0,90.0,89.0,52.0,334,2112.0,20.0,2136,2132.0,-4.0,0,0,,0.0,0.0,0.0,0.0,0.0,2015-02-14,0,0,0.0,0,0.0,0.0,0.0,0.0,0.0
2015,3,23,1,UA,643,N426UA,PIT,IAH,1739,1734.0,-5.0,8.0,1742.0,204.0,175.0,155.0,1117,1917.0,12.0,2003,1929.0,-34.0,0,0,,0.0,0.0,0.0,0.0,0.0,2015-03-23,0,0,0.0,0,0.0,0.0,0.0,0.0,0.0
2015,3,17,2,B6,506,N510JB,FLL,EWR,1355,1357.0,2.0,17.0,1414.0,184.0,190.0,165.0,1065,1659.0,8.0,1659,1707.0,8.0,0,0,,0.0,0.0,0.0,0.0,0.0,2015-03-17,0,0,0.0,0,0.0,0.0,0.0,0.0,0.0
2015,3,14,6,AA,1219,N3AFAA,LGA,MIA,940,937.0,-3.0,74.0,1051.0,202.0,232.0,150.0,1096,1321.0,8.0,1302,1329.0,27.0,0,0,,27.0,0.0,0.0,0.0,0.0,2015-03-14,0,1,27.0,1,100.0,0.0,0.0,0.0,0.0
2015,2,21,6,UA,541,N480UA,SFO,LAX,1220,1217.0,-3.0,45.0,1302.0,92.0,103.0,52.0,337,1354.0,6.0,1352,1400.0,8.0,0,0,,0.0,0.0,0.0,0.0,0.0,2015-02-21,0,0,0.0,0,0.0,0.0,0.0,0.0,0.0
2015,2,18,3,MQ,3552,N8EGMQ,RDU,LGA,640,635.0,-5.0,57.0,732.0,93.0,120.0,56.0,431,828.0,7.0,813,835.0,22.0,0,0,,22.0,0.0,0.0,0.0,0.0,2015-02-18,0,1,22.0,1,100.0,0.0,0.0,0.0,0.0
2015,2,21,6,WN,2537,N422WN,MCO,BWI,800,754.0,-6.0,11.0,805.0,130.0,126.0,111.0,787,956.0,4.0,1010,1000.0,-10.0,0,0,,0.0,0.0,0.0,0.0,0.0,2015-02-21,0,0,0.0,0,0.0,0.0,0.0,0.0,0.0
2015,3,12,4,OO,4838,N8933B,MSP,DAY,1445,1441.0,-4.0,15.0,1456.0,105.0,105.0,84.0,574,1720.0,6.0,1730,1726.0,-4.0,0,0,,0.0,0.0,0.0,0.0,0.0,2015-03-12,0,0,0.0,0,0.0,0.0,0.0,0.0,0.0
2015,3,25,3,NK,801,N517NK,DTW,MCO,938,934.0,-4.0,11.0,945.0,156.0,155.0,129.0,957,1154.0,15.0,1214,1209.0,-5.0,0,0,,0.0,0.0,0.0,0.0,0.0,2015-03-25,0,0,0.0,0,0.0,0.0,0.0,0.0,0.0
2015,2,15,7,AA,1092,N3KXAA,DFW,PHL,1650,1650.0,0.0,9.0,1659.0,180.0,166.0,152.0,1303,2031.0,5.0,2050,2036.0,-14.0,0,0,,0.0,0.0,0.0,0.0,0.0,2015-02-15,0,0,0.0,0,0.0,0.0,0.0,0.0,0.0
2015,3,24,2,DL,1096,N345NB,DTW,MSP,1155,1153.0,-2.0,7.0,1200.0,110.0,103.0,94.0,528,1234.0,2.0,1245,1236.0,-9.0,0,0,,0.0,0.0,0.0,0.0,0.0,2015-03-24,0,0,0.0,0,0.0,0.0,0.0,0.0,0.0
2015,3,3,2,UA,1041,N14214,CLE,FLL,1453,1454.0,1.0,27.0,1521.0,186.0,175.0,144.0,1062,1745.0,4.0,1759,1749.0,-10.0,0,0,,0.0,0.0,0.0,0.0,0.0,2015-03-03,0,0,0.0,0,0.0,0.0,0.0,0.0,0.0
2015,2,15,7,WN,4024,N8651A,LAS,SMF,2010,2101.0,51.0,11.0,2112.0,85.0,99.0,67.0,397,2219.0,21.0,2135,2240.0,65.0,0,0,,14.0,0.0,12.0,39.0,0.0,2015-02-15,1,1,65.0,1,21.54,0.0,18.46,60.0,0.0
2015,2,17,2,B6,916,N934JB,SFO,JFK,2131,2224.0,53.0,14.0,2238.0,320.0,314.0,294.0,2586,632.0,6.0,551,638.0,47.0,0,0,,0.0,0.0,4.0,43.0,0.0,2015-02-17,1,1,47.0,1,0.0,0.0,8.51,91.49,0.0
2015,2,15,7,AA,1534,N4WJAA,PDX,DFW,600,553.0,-7.0,19.0,612.0,223.0,235.0,192.0,1616,1124.0,24.0,1143,1148.0,5.0,0,0,,0.0,0.0,0.0,0.0,0.0,2015-02-15,0,0,0.0,0,0.0,0.0,0.0,0.0,0.0
2015,2,21,6,EV,4410,N13979,IAH,BNA,1015,1005.0,-10.0,21.0,1026.0,114.0,118.0,85.0,657,1151.0,12.0,1209,1203.0,-6.0,0,0,,0.0,0.0,0.0,0.0,0.0,2015-02-21,0,0,0.0,0,0.0,0.0,0.0,0.0,0.0
2015,3,3,2,US,544,N190UW,PHX,DFW,1320,1401.0,41.0,11.0,1412.0,137.0,136.0,113.0,868,1705.0,12.0,1637,1717.0,40.0,0,0,,0.0,0.0,40.0,0.0,0.0,2015-03-03,1,1,40.0,1,0.0,0.0,100.0,0.0,0.0
2015,2,14,6,EV,4157,N14570,ORD,DTW,800,759.0,-1.0,26.0,825.0,81.0,84.0,49.0,235,1014.0,9.0,1021,1023.0,2.0,0,0,,0.0,0.0,0.0,0.0,0.0,2015-02-14,0,0,0.0,0,0.0,0.0,0.0,0.0,0.0
2015,3,23,1,DL,1491,N942DN,ATL,TPA,1855,1850.0,-5.0,15.0,1905.0,86.0,75.0,57.0,406,2002.0,3.0,2021,2005.0,-16.0,0,0,,0.0,0.0,0.0,0.0,0.0,2015-03-23,0,0,0.0,0,0.0,0.0,0.0,0.0,0.0
2015,2,23,1,DL,1602,N633DL,LAS,ATL,600,559.0,-1.0,17.0,616.0,226.0,212.0,189.0,1747,1225.0,6.0,1246,1231.0,-15.0,0,0,,0.0,0.0,0.0,0.0,0.0,2015-02-23,0,0,0.0,0,0.0,0.0,0.0,0.0,0.0
2015,3,25,3,AA,2221,N3HYAA,PBI,DFW,1340,1337.0,-3.0,13.0,1350.0,198.0,183.0,163.0,1102,1533.0,7.0,1558,1540.0,-18.0,0,0,,0.0,0.0,0.0,0.0,0.0,2015-03-25,0,0,0.0,0,0.0,0.0,0.0,0.0,0.0
2015,2,16,1,DL,899,N683DA,MSP,PHX,1338,1330.0,-8.0,29.0,1359.0,203.0,198.0,164.0,1276,1543.0,5.0,1601,1548.0,-13.0,0,0,,0.0,0.0,0.0,0.0,0.0,2015-02-16,0,0,0.0,0,0.0,0.0,0.0,0.0,0.0
2015,2,27,5,WN,373,N299WN,BUR,OAK,930,928.0,-2.0,10.0,938.0,70.0,73.0,58.0,325,1036.0,5.0,1040,1041.0,1.0,0,0,,0.0,0.0,0.0,0.0,0.0,2015-02-27,0,0,0.0,0,0.0,0.0,0.0,0.0,0.0
2015,2,19,4,B6,1701,N503JB,JFK,FLL,900,859.0,-1.0,47.0,946.0,194.0,208.0,151.0,1069,1217.0,10.0,1214,1227.0,13.0,0,0,,0.0,0.0,0.0,0.0,0.0,2015-02-19,0,0,0.0,0,0.0,0.0,0.0,0.0,0.0
2015,2,16,1,VX,183,N849VA,EWR,SFO,730,737.0,7.0,14.0,751.0,395.0,381.0,363.0,2565,1054.0,4.0,1105,1058.0,-7.0,0,0,,0.0,0.0,0.0,0.0,0.0,2015-02-16,0,0,0.0,0,0.0,0.0,0.0,0.0,0.0
2015,3,8,7,WN,1093,N618WN,SLC,LAS,2150,2147.0,-3.0,11.0,2158.0,80.0,70.0,53.0,368,2151.0,6.0,2210,2157.0,-13.0,0,0,,0.0,0.0,0.0,0.0,0.0,2015-03-08,0,0,0.0,0,0.0,0.0,0.0,0.0,0.0
2015,3,15,7,EV,5416,N722EV,MSP,CMH,1000,959.0,-1.0,15.0,1014.0,115.0,105.0,87.0,626,1241.0,3.0,1255,1244.0,-11.0,0,0,,0.0,0.0,0.0,0.0,0.0,2015-03-15,0,0,0.0,0,0.0,0.0,0.0,0.0,0.0
2015,3,24,2,WN,1726,N418WN,DEN,SEA,1440,1445.0,5.0,10.0,1455.0,175.0,169.0,154.0,1024,1629.0,5.0,1635,1634.0,-1.0,0,0,,0.0,0.0,0.0,0.0,0.0,2015-03-24,0,0,0.0,0,0.0,0.0,0.0,0.0,0.0
2015,3,8,7,WN,391,N638SW,SAN,LAS,1425,1421.0,-4.0,9.0,1430.0,70.0,64.0,46.0,258,1516.0,9.0,1535,1525.0,-10.0,0,0,,0.0,0.0,0.0,0.0,0.0,2015-03-08,0,0,0.0,0,0.0,0.0,0.0,0.0,0.0
2015,2,15,7,AA,358,N3DNAA,ORD,LGA,1705,1711.0,6.0,14.0,1725.0,124.0,118.0,94.0,733,1959.0,10.0,2009,2009.0,0.0,0,0,,0.0,0.0,0.0,0.0,0.0,2015-02-15,0,0,0.0,0,0.0,0.0,0.0,0.0,0.0
2015,3,9,1,DL,1942,N929AT,ATL,EWR,1235,1235.0,0.0,12.0,1247.0,140.0,118.0,101.0,746,1428.0,5.0,1455,1433.0,-22.0,0,0,,0.0,0.0,0.0,0.0,0.0,2015-03-09,0,0,0.0,0,0.0,0.0,0.0,0.0,0.0
2015,2,19,4,WN,175,N213WN,ATL,DEN,620,627.0,7.0,15.0,642.0,210.0,222.0,198.0,1199,800.0,9.0,750,809.0,19.0,0,0,,12.0,0.0,7.0,0.0,0.0,2015-02-19,0,1,19.0,1,63.16,0.0,36.84,0.0,0.0
2015,3,24,2,EV,4312,N14177,EWR,DCA,1955,1949.0,-6.0,29.0,2018.0,75.0,83.0,45.0,199,2103.0,9.0,2110,2112.0,2.0,0,0,,0.0,0.0,0.0,0.0,0.0,2015-03-24,0,0,0.0,0,0.0,0.0,0.0,0.0,0.0
2015,3,2,1,B6,476,N635JB,MCO,PVD,2041,2342.0,181.0,12.0,2354.0,160.0,161.0,143.0,1072,217.0,6.0,2321,223.0,182.0,0,0,,1.0,0.0,36.0,145.0,0.0,2015-03-02,1,1,182.0,1,0.55,0.0,19.78,79.67,0.0
2015,3,3,2,DL,1540,N917DE,OKC,ATL,600,554.0,-6.0,11.0,605.0,125.0,111.0,89.0,761,834.0,11.0,905,845.0,-20.0,0,0,,0.0,0.0,0.0,0.0,0.0,2015-03-03,0,0,0.0,0,0.0,0.0,0.0,0.0,0.0
2015,2,26,4,UA,1709,N13718,SNA,IAH,1450,1515.0,25.0,6.0,1521.0,192.0,171.0,153.0,1346,1954.0,12.0,2002,2006.0,4.0,0,0,,0.0,0.0,0.0,0.0,0.0,2015-02-26,1,0,0.0,0,0.0,0.0,0.0,0.0,0.0
2015,2,21,6,WN,4353,N669SW,ATL,PBI,1850,1848.0,-2.0,12.0,1900.0,110.0,106.0,82.0,545,2022.0,12.0,2040,2034.0,-6.0,0,0,,0.0,0.0,0.0,0.0,0.0,2015-02-21,0,0,0.0,0,0.0,0.0,0.0,0.0,0.0
2015,3,18,3,AS,461,N756AS,LAX,SEA,1750,1745.0,-5.0,20.0,1805.0,165.0,168.0,140.0,954,2025.0,8.0,2035,2033.0,-2.0,0,0,,0.0,0.0,0.0,0.0,0.0,2015-03-18,0,0,0.0,0,0.0,0.0,0.0,0.0,0.0
2015,3,3,2,EV,5141,N759EV,HPN,ATL,1705,2210.0,305.0,8.0,2218.0,143.0,134.0,120.0,780,18.0,6.0,1928,24.0,296.0,0,0,,0.0,0.0,109.0,187.0,0.0,2015-03-03,1,1,296.0,1,0.0,0.0,36.82,63.18,0.0
2015,3,14,6,WN,1073,N473WN,BUF,BWI,1645,1640.0,-5.0,11.0,1651.0,70.0,70.0,53.0,281,1744.0,6.0,1755,1750.0,-5.0,0,0,,0.0,0.0,0.0,0.0,0.0,2015-03-14,0,0,0.0,0,0.0,0.0,0.0,0.0,0.0
2015,3,4,3,EV,4970,N710EV,LGA,SAV,1350,1419.0,29.0,27.0,1446.0,150.0,151.0,109.0,722,1635.0,15.0,1620,1650.0,30.0,0,0,,1.0,0.0,0.0,29.0,0.0,2015-03-04,1,1,30.0,1,3.33,0.0,0.0,96.67,0.0
2015,2,25,3,DL,2062,N349NW,JFK,AUS,815,822.0,7.0,10.0,832.0,279.0,285.0,269.0,1521,1201.0,6.0,1154,1207.0,13.0,0,0,,0.0,0.0,0.0,0.0,0.0,2015-02-25,0,0,0.0,0,0.0,0.0,0.0,0.0,0.0
2015,2,20,5,B6,624,N929JB,LAX,JFK,2100,2106.0,6.0,10.0,2116.0,307.0,287.0,267.0,2475,443.0,10.0,507,453.0,-14.0,0,0,,0.0,0.0,0.0,0.0,0.0,2015-02-20,0,0,0.0,0,0.0,0.0,0.0,0.0,0.0
2015,2,25,3,AA,1234,N3MAAA,LAS,ORD,27,20.0,-7.0,16.0,36.0,203.0,203.0,180.0,1514,536.0,7.0,550,543.0,-7.0,0,0,,0.0,0.0,0.0,0.0,0.0,2015-02-25,0,0,0.0,0,0.0,0.0,0.0,0.0,0.0
2015,3,25,3,WN,4085,N462WN,DAL,ELP,1735,1740.0,5.0,23.0,1803.0,105.0,114.0,87.0,562,1830.0,4.0,1820,1834.0,14.0,0,0,,0.0,0.0,0.0,0.0,0.0,2015-03-25,0,0,0.0,0,0.0,0.0,0.0,0.0,0.0
2015,3,25,3,WN,1798,N371SW,SFO,LAX,1710,1709.0,-1.0,9.0,1718.0,75.0,74.0,55.0,337,1813.0,10.0,1825,1823.0,-2.0,0,0,,0.0,0.0,0.0,0.0,0.0,2015-03-25,0,0,0.0,0,0.0,0.0,0.0,0.0,0.0
2015,3,10,2,AA,2401,N857AA,DFW,LAX,650,649.0,-1.0,16.0,705.0,211.0,200.0,163.0,1235,748.0,21.0,821,809.0,-12.0,0,0,,0.0,0.0,0.0,0.0,0.0,2015-03-10,0,0,0.0,0,0.0,0.0,0.0,0.0,0.0
2015,3,6,5,UA,1288,N79402,DEN,IAH,1659,1700.0,1.0,11.0,1711.0,136.0,123.0,108.0,862,1959.0,4.0,2015,2003.0,-12.0,0,0,,0.0,0.0,0.0,0.0,0.0,2015-03-06,0,0,0.0,0,0.0,0.0,0.0,0.0,0.0
2015,3,13,5,DL,916,N616DL,SLC,ATL,1515,1522.0,7.0,31.0,1553.0,216.0,242.0,200.0,1590,2113.0,11.0,2051,2124.0,33.0,0,0,,26.0,0.0,0.0,7.0,0.0,2015-03-13,0,1,33.0,1,78.79,0.0,0.0,21.21,0.0
2015,3,19,4,MQ,3640,N543MQ,STL,LGA,1515,1513.0,-2.0,7.0,1520.0,135.0,141.0,109.0,888,1809.0,25.0,1830,1834.0,4.0,0,0,,0.0,0.0,0.0,0.0,0.0,2015-03-19,0,0,0.0,0,0.0,0.0,0.0,0.0,0.0
2015,3,25,3,WN,2971,N8635F,DEN,LAS,915,911.0,-4.0,64.0,1015.0,120.0,153.0,83.0,628,1038.0,6.0,1015,1044.0,29.0,0,0,,29.0,0.0,0.0,0.0,0.0,2015-03-25,0,1,29.0,1,100.0,0.0,0.0,0.0,0.0
2015,2,13,5,DL,1473,N3758Y,SEA,JFK,1128,1125.0,-3.0,12.0,1137.0,307.0,303.0,274.0,2422,1911.0,17.0,1935,1928.0,-7.0,0,0,,0.0,0.0,0.0,0.0,0.0,2015-02-13,0,0,0.0,0,0.0,0.0,0.0,0.0,0.0
2015,2,13,5,B6,1615,N284JB,BOS,BUF,1437,1459.0,22.0,27.0,1526.0,95.0,95.0,65.0,395,1631.0,3.0,1612,1634.0,22.0,0,0,,0.0,0.0,21.0,1.0,0.0,2015-02-13,1,1,22.0,1,0.0,0.0,95.45,4.55,0.0
2015,3,9,1,EV,5663,N14568,IAH,STL,1250,1313.0,23.0,15.0,1328.0,121.0,106.0,87.0,667,1455.0,4.0,1451,1459.0,8.0,0,0,,0.0,0.0,0.0,0.0,0.0,2015-03-09,1,0,0.0,0,0.0,0.0,0.0,0.0,0.0
2015,2,28,6,HA,303,N488HA,HNL,LIH,915,913.0,-2.0,16.0,929.0,38.0,45.0,24.0,102,953.0,5.0,953,958.0,5.0,0,0,,0.0,0.0,0.0,0.0,0.0,2015-02-28,0,0,0.0,0,0.0,0.0,0.0,0.0,0.0
2015,3,7,6,WN,1597,N603SW,RSW,PIT,2155,2145.0,-10.0,9.0,2154.0,150.0,148.0,133.0,966,7.0,6.0,25,13.0,-12.0,0,0,,0.0,0.0,0.0,0.0,0.0,2015-03-07,0,0,0.0,0,0.0,0.0,0.0,0.0,0.0
2015,2,13,5,UA,466,N438UA,RSW,EWR,1655,1654.0,-1.0,14.0,1708.0,171.0,153.0,132.0,1068,1920.0,7.0,1946,1927.0,-19.0,0,0,,0.0,0.0,0.0,0.0,0.0,2015-02-13,0,0,0.0,0,0.0,0.0,0.0,0.0,0.0
2015,3,22,7,AA,2214,N021AA,MIA,ATL,2120,2115.0,-5.0,12.0,2127.0,118.0,124.0,93.0,594,2300.0,19.0,2318,2319.0,1.0,0,0,,0.0,0.0,0.0,0.0,0.0,2015-03-22,0,0,0.0,0,0.0,0.0,0.0,0.0,0.0
2015,3,6,5,NK,360,N523NK,OAK,LAS,1357,1350.0,-7.0,8.0,1358.0,83.0,87.0,74.0,407,1512.0,5.0,1520,1517.0,-3.0,0,0,,0.0,0.0,0.0,0.0,0.0,2015-03-06,0,0,0.0,0,0.0,0.0,0.0,0.0,0.0
2015,3,2,1,DL,2679,N967AT,BOS,LGA,1300,1348.0,48.0,16.0,1404.0,80.0,68.0,44.0,184,1448.0,8.0,1420,1456.0,36.0,0,0,,5.0,0.0,0.0,31.0,0.0,2015-03-02,1,1,36.0,1,13.89,0.0,0.0,86.11,0.0
2015,2,22,7,DL,2314,N590NW,SEA,MSP,645,647.0,2.0,17.0,704.0,193.0,204.0,178.0,1399,1202.0,9.0,1158,1211.0,13.0,0,0,,0.0,0.0,0.0,0.0,0.0,2015-02-22,0,0,0.0,0,0.0,0.0,0.0,0.0,0.0
2015,2,13,5,WN,996,N556WN,LBB,AUS,715,715.0,0.0,10.0,725.0,70.0,62.0,48.0,341,813.0,4.0,825,817.0,-8.0,0,0,,0.0,0.0,0.0,0.0,0.0,2015-02-13,0,0,0.0,0,0.0,0.0,0.0,0.0,0.0
2015,3,5,4,AA,1613,N3GNAA,SJU,MIA,1711,1716.0,5.0,9.0,1725.0,177.0,172.0,138.0,1045,1843.0,25.0,1908,1908.0,0.0,0,0,,0.0,0.0,0.0,0.0,0.0,2015-03-05,0,0,0.0,0,0.0,0.0,0.0,0.0,0.0
2015,3,25,3,WN,1882,N656SW,MHT,MCO,1730,1948.0,138.0,31.0,2019.0,195.0,211.0,169.0,1142,2308.0,11.0,2045,2319.0,154.0,0,0,,16.0,0.0,133.0,5.0,0.0,2015-03-25,1,1,154.0,1,10.39,0.0,86.36,3.25,0.0
2015,2,19,4,WN,4471,N475WN,MSP,ATL,610,606.0,-4.0,12.0,618.0,160.0,126.0,103.0,907,901.0,11.0,950,912.0,-38.0,0,0,,0.0,0.0,0.0,0.0,0.0,2015-02-19,0,0,0.0,0,0.0,0.0,0.0,0.0,0.0
2015,3,10,2,DL,2421,N952DL,ATL,MSN,920,915.0,-5.0,15.0,930.0,129.0,123.0,104.0,707,1014.0,4.0,1029,1018.0,-11.0,0,0,,0.0,0.0,0.0,0.0,0.0,2015-03-10,0,0,0.0,0,0.0,0.0,0.0,0.0,0.0
2015,3,1,7,WN,241,N298WN,HOU,MAF,2105,2143.0,38.0,8.0,2151.0,85.0,85.0,73.0,441,2304.0,4.0,2230,2308.0,38.0,0,0,,0.0,0.0,38.0,0.0,0.0,2015-03-01,1,1,38.0,1,0.0,0.0,100.0,0.0,0.0
2015,3,12,4,US,626,N174US,CLT,PHX,1610,1611.0,1.0,10.0,1621.0,281.0,245.0,232.0,1773,1713.0,3.0,1751,1716.0,-35.0,0,0,,0.0,0.0,0.0,0.0,0.0,2015-03-12,0,0,0.0,0,0.0,0.0,0.0,0.0,0.0
2015,2,21,6,HA,208,N486HA,HNL,KOA,1052,1054.0,2.0,11.0,1105.0,44.0,43.0,27.0,163,1132.0,5.0,1136,1137.0,1.0,0,0,,0.0,0.0,0.0,0.0,0.0,2015-02-21,0,0,0.0,0,0.0,0.0,0.0,0.0,0.0
2015,2,20,5,OO,2654,N468CA,PHX,SLC,1945,1941.0,-4.0,19.0,2000.0,105.0,95.0,71.0,507,2111.0,5.0,2130,2116.0,-14.0,0,0,,0.0,0.0,0.0,0.0,0.0,2015-02-20,0,0,0.0,0,0.0,0.0,0.0,0.0,0.0
2015,2,15,7,EV,4340,N15555,IAH,CMH,1535,1528.0,-7.0,17.0,1545.0,154.0,169.0,130.0,986,1855.0,22.0,1909,1917.0,8.0,0,0,,0.0,0.0,0.0,0.0,0.0,2015-02-15,0,0,0.0,0,0.0,0.0,0.0,0.0,0.0
2015,3,6,5,EV,5346,N744EV,IAH,MSP,1520,1822.0,182.0,21.0,1843.0,166.0,161.0,131.0,1034,2054.0,9.0,1806,2103.0,177.0,0,0,,0.0,0.0,0.0,177.0,0.0,2015-03-06,1,1,177.0,1,0.0,0.0,0.0,100.0,0.0
2015,2,25,3,DL,1194,N375NC,PDX,SLC,1636,1634.0,-2.0,8.0,1642.0,101.0,95.0,79.0,630,1901.0,8.0,1917,1909.0,-8.0,0,0,,0.0,0.0,0.0,0.0,0.0,2015-02-25,0,0,0.0,0,0.0,0.0,0.0,0.0,0.0
2015,3,1,7,OO,6346,N566SW,MRY,SFO,600,605.0,5.0,11.0,616.0,46.0,35.0,20.0,77,636.0,4.0,646,640.0,-6.0,0,0,,0.0,0.0,0.0,0.0,0.0,2015-03-01,0,0,0.0,0,0.0,0.0,0.0,0.0,0.0
2015,3,11,3,US,1765,N834AW,DCA,CLT,1345,1345.0,0.0,21.0,1406.0,90.0,85.0,57.0,331,1503.0,7.0,1515,1510.0,-5.0,0,0,,0.0,0.0,0.0,0.0,0.0,2015-03-11,0,0,0.0,0,0.0,0.0,0.0,0.0,0.0
2015,3,24,2,EV,4980,N883AS,ATL,FSM,2104,2117.0,13.0,16.0,2133.0,119.0,108.0,87.0,579,2200.0,5.0,2203,2205.0,2.0,0,0,,0.0,0.0,0.0,0.0,0.0,2015-03-24,0,0,0.0,0,0.0,0.0,0.0,0.0,0.0
2015,3,3,2,DL,2445,N986AT,ATL,DAL,1605,1635.0,30.0,26.0,1701.0,145.0,155.0,121.0,721,1802.0,8.0,1730,1810.0,40.0,0,0,,10.0,0.0,0.0,19.0,11.0,2015-03-03,1,1,40.0,1,25.0,0.0,0.0,47.5,27.5
2015,2,25,3,AA,1210,N3LNAA,PHL,MIA,1330,1321.0,-9.0,17.0,1338.0,178.0,175.0,147.0,1013,1605.0,11.0,1628,1616.0,-12.0,0,0,,0.0,0.0,0.0,0.0,0.0,2015-02-25,0,0,0.0,0,0.0,0.0,0.0,0.0,0.0
2015,3,3,2,AA,291,N3JYAA,JFK,AUS,1700,1728.0,28.0,46.0,1814.0,265.0,282.0,231.0,1521,2105.0,5.0,2025,2110.0,45.0,0,0,,17.0,0.0,0.0,6.0,22.0,2015-03-03,1,1,45.0,1,37.78,0.0,0.0,13.33,48.89
2015,3,11,3,EV,4921,N153PQ,ATL,LEX,1620,1617.0,-3.0,14.0,1631.0,76.0,61.0,44.0,304,1715.0,3.0,1736,1718.0,-18.0,0,0,,0.0,0.0,0.0,0.0,0.0,2015-03-11,0,0,0.0,0,0.0,0.0,0.0,0.0,0.0
2015,3,20,5,OO,6437,N114SY,ORD,DFW,1920,1920.0,0.0,22.0,1942.0,160.0,154.0,128.0,802,2150.0,4.0,2200,2154.0,-6.0,0,0,,0.0,0.0,0.0,0.0,0.0,2015-03-20,0,0,0.0,0,0.0,0.0,0.0,0.0,0.0
2015,3,25,3,OO,5434,N971SW,MKG,ORD,1937,2100.0,83.0,8.0,2108.0,64.0,46.0,27.0,118,2035.0,11.0,1941,2046.0,65.0,0,0,,0.0,0.0,0.0,65.0,0.0,2015-03-25,1,1,65.0,1,0.0,0.0,0.0,100.0,0.0
2015,3,11,3,WN,514,N648SW,TPA,ATL,1115,1114.0,-1.0,14.0,1128.0,100.0,92.0,69.0,406,1237.0,9.0,1255,1246.0,-9.0,0,0,,0.0,0.0,0.0,0.0,0.0,2015-03-11,0,0,0.0,0,0.0,0.0,0.0,0.0,0.0
2015,2,27,5,WN,2969,N484WN,SJC,SAN,2150,2206.0,16.0,8.0,2214.0,75.0,70.0,59.0,417,2313.0,3.0,2305,2316.0,11.0,0,0,,0.0,0.0,0.0,0.0,0.0,2015-02-27,1,0,0.0,0,0.0,0.0,0.0,0.0,0.0
2015,3,25,3,DL,1217,N651DL,DTW,LAS,1755,1822.0,27.0,14.0,1836.0,267.0,260.0,235.0,1749,1931.0,11.0,1922,1942.0,20.0,0,0,,0.0,0.0,4.0,16.0,0.0,2015-03-25,1,1,20.0,1,0.0,0.0,20.0,80.0,0.0
2015,3,4,3,WN,2496,N708SW,DEN,PHX,1600,1633.0,33.0,8.0,1641.0,115.0,96.0,84.0,602,1805.0,4.0,1755,1809.0,14.0,0,0,,0.0,0.0,0.0,0.0,0.0,2015-03-04,1,0,0.0,0,0.0,0.0,0.0,0.0,0.0
2015,3,11,3,UA,605,N844UA,DCA,ORD,700,658.0,-2.0,13.0,711.0,136.0,123.0,101.0,612,752.0,9.0,816,801.0,-15.0,0,0,,0.0,0.0,0.0,0.0,0.0,2015-03-11,0,0,0.0,0,0.0,0.0,0.0,0.0,0.0
2015,3,19,4,EV,2524,N685AE,VPS,DFW,624,640.0,16.0,14.0,654.0,141.0,170.0,118.0,641,852.0,38.0,845,930.0,45.0,0,0,,29.0,0.0,16.0,0.0,0.0,2015-03-19,1,1,45.0,1,64.44,0.0,35.56,0.0,0.0
2015,2,16,1,EV,6116,N17185,DEN,TUL,1049,1137.0,48.0,29.0,1206.0,100.0,111.0,73.0,541,1419.0,9.0,1329,1428.0,59.0,0,0,,59.0,0.0,0.0,0.0,0.0,2015-02-16,1,1,59.0,1,100.0,0.0,0.0,0.0,0.0
2015,3,6,5,DL,2346,N344NW,ATL,MDW,1904,1904.0,0.0,18.0,1922.0,119.0,118.0,94.0,591,1956.0,6.0,2003,2002.0,-1.0,0,0,,0.0,0.0,0.0,0.0,0.0,2015-03-06,0,0,0.0,0,0.0,0.0,0.0,0.0,0.0
2015,2,26,4,B6,2301,N709JB,BUF,JFK,907,902.0,-5.0,12.0,914.0,82.0,69.0,52.0,301,1006.0,5.0,1029,1011.0,-18.0,0,0,,0.0,0.0,0.0,0.0,0.0,2015-02-26,0,0,0.0,0,0.0,0.0,0.0,0.0,0.0
2015,2,27,5,DL,894,N947DL,FNT,ATL,600,554.0,-6.0,30.0,624.0,147.0,133.0,99.0,645,803.0,4.0,827,807.0,-20.0,0,0,,0.0,0.0,0.0,0.0,0.0,2015-02-27,0,0,0.0,0,0.0,0.0,0.0,0.0,0.0
2015,2,22,7,AA,1458,N496AA,DFW,RDU,2025,2046.0,21.0,48.0,2134.0,146.0,175.0,122.0,1061,36.0,5.0,2351,41.0,50.0,0,0,,29.0,0.0,21.0,0.0,0.0,2015-02-22,1,1,50.0,1,58.0,0.0,42.0,0.0,0.0
2015,3,19,4,US,2037,N769US,PBI,PHL,1405,1357.0,-8.0,11.0,1408.0,154.0,141.0,127.0,951,1615.0,3.0,1639,1618.0,-21.0,0,0,,0.0,0.0,0.0,0.0,0.0,2015-03-19,0,0,0.0,0,0.0,0.0,0.0,0.0,0.0
2015,3,14,6,DL,81,N814DN,ATL,LAX,1613,1629.0,16.0,21.0,1650.0,310.0,271.0,245.0,1947,1755.0,5.0,1823,1800.0,-23.0,0,0,,0.0,0.0,0.0,0.0,0.0,2015-03-14,1,0,0.0,0,0.0,0.0,0.0,0.0,0.0
2015,2,17,2,WN,1165,N788SA,ICT,MDW,1810,1807.0,-3.0,9.0,1816.0,100.0,120.0,76.0,589,1932.0,35.0,1950,2007.0,17.0,0,0,,17.0,0.0,0.0,0.0,0.0,2015-02-17,0,1,17.0,1,100.0,0.0,0.0,0.0,0.0
2015,3,15,7,US,1974,N753US,DCA,FLL,1455,1449.0,-6.0,10.0,1459.0,166.0,139.0,127.0,899,1706.0,2.0,1741,1708.0,-33.0,0,0,,0.0,0.0,0.0,0.0,0.0,2015-03-15,0,0,0.0,0,0.0,0.0,0.0,0.0,0.0
2015,2,18,3,WN,561,N8630B,DAL,MDW,635,636.0,1.0,33.0,709.0,145.0,150.0,110.0,793,859.0,7.0,900,906.0,6.0,0,0,,0.0,0.0,0.0,0.0,0.0,2015-02-18,0,0,0.0,0,0.0,0.0,0.0,0.0,0.0
2015,3,18,3,DL,1462,N915DL,ATL,PIT,1535,1531.0,-4.0,14.0,1545.0,108.0,96.0,76.0,526,1701.0,6.0,1723,1707.0,-16.0,0,0,,0.0,0.0,0.0,0.0,0.0,2015-03-18,0,0,0.0,0,0.0,0.0,0.0,0.0,0.0
2015,2,23,1,AA,2315,N484AA,ORD,DFW,954,953.0,-1.0,16.0,1009.0,151.0,157.0,133.0,802,1222.0,8.0,1225,1230.0,5.0,0,0,,0.0,0.0,0.0,0.0,0.0,2015-02-23,0,0,0.0,0,0.0,0.0,0.0,0.0,0.0
2015,2,25,3,UA,1085,N39461,PBI,EWR,1449,1511.0,22.0,12.0,1523.0,171.0,158.0,138.0,1023,1741.0,8.0,1740,1749.0,9.0,0,0,,0.0,0.0,0.0,0.0,0.0,2015-02-25,1,0,0.0,0,0.0,0.0,0.0,0.0,0.0
2015,3,9,1,HA,152,N484HA,OGG,ITO,1455,1451.0,-4.0,5.0,1456.0,37.0,35.0,25.0,121,1521.0,5.0,1532,1526.0,-6.0,0,0,,0.0,0.0,0.0,0.0,0.0,2015-03-09,0,0,0.0,0,0.0,0.0,0.0,0.0,0.0
2015,2,27,5,MQ,2926,N640MQ,ORD,IND,650,656.0,6.0,13.0,709.0,53.0,48.0,30.0,177,839.0,5.0,843,844.0,1.0,0,0,,0.0,0.0,0.0,0.0,0.0,2015-02-27,0,0,0.0,0,0.0,0.0,0.0,0.0,0.0
2015,3,9,1,EV,5021,N195PQ,JAX,MSP,1555,1550.0,-5.0,12.0,1602.0,199.0,181.0,160.0,1174,1742.0,9.0,1814,1751.0,-23.0,0,0,,0.0,0.0,0.0,0.0,0.0,2015-03-09,0,0,0.0,0,0.0,0.0,0.0,0.0,0.0
2015,3,21,6,AS,840,N579AS,OGG,OAK,1540,1533.0,-7.0,11.0,1544.0,295.0,277.0,260.0,2349,2304.0,6.0,2335,2310.0,-25.0,0,0,,0.0,0.0,0.0,0.0,0.0,2015-03-21,0,0,0.0,0,0.0,0.0,0.0,0.0,0.0
2015,3,4,3,DL,832,N6713Y,DCA,SLC,1640,1638.0,-2.0,13.0,1651.0,285.0,298.0,279.0,1851,1930.0,6.0,1925,1936.0,11.0,0,0,,0.0,0.0,0.0,0.0,0.0,2015-03-04,0,0,0.0,0,0.0,0.0,0.0,0.0,0.0
2015,3,15,7,WN,561,N962WN,PBI,BWI,650,645.0,-5.0,11.0,656.0,145.0,145.0,119.0,883,855.0,15.0,915,910.0,-5.0,0,0,,0.0,0.0,0.0,0.0,0.0,2015-03-15,0,0,0.0,0,0.0,0.0,0.0,0.0,0.0
2015,2,22,7,WN,7,N7708E,ATL,LGA,1355,1402.0,7.0,29.0,1431.0,130.0,151.0,90.0,762,1601.0,32.0,1605,1633.0,28.0,0,0,,21.0,0.0,7.0,0.0,0.0,2015-02-22,0,1,28.0,1,75.0,0.0,25.0,0.0,0.0
2015,2,18,3,AA,1658,N3GKAA,DCA,MIA,1552,1556.0,4.0,22.0,1618.0,172.0,184.0,150.0,919,1848.0,12.0,1844,1900.0,16.0,0,0,,16.0,0.0,0.0,0.0,0.0,2015-02-18,0,1,16.0,1,100.0,0.0,0.0,0.0,0.0
2015,3,19,4,AA,2449,N5ERAA,DFW,LAX,1400,1403.0,3.0,13.0,1416.0,207.0,189.0,165.0,1235,1501.0,11.0,1527,1512.0,-15.0,0,0,,0.0,0.0,0.0,0.0,0.0,2015-03-19,0,0,0.0,0,0.0,0.0,0.0,0.0,0.0
2015,3,14,6,WN,1046,N964WN,SMF,DEN,1225,1238.0,13.0,6.0,1244.0,135.0,125.0,115.0,909,1539.0,4.0,1540,1543.0,3.0,0,0,,0.0,0.0,0.0,0.0,0.0,2015-03-14,0,0,0.0,0,0.0,0.0,0.0,0.0,0.0
2015,2,23,1,DL,2545,N523US,MCO,ATL,1930,1934.0,4.0,14.0,1948.0,95.0,94.0,60.0,404,2048.0,20.0,2105,2108.0,3.0,0,0,,0.0,0.0,0.0,0.0,0.0,2015-02-23,0,0,0.0,0,0.0,0.0,0.0,0.0,0.0
2015,3,19,4,MQ,3157,N535MQ,ORD,ABQ,1025,1032.0,7.0,10.0,1042.0,188.0,174.0,156.0,1118,1218.0,8.0,1233,1226.0,-7.0,0,0,,0.0,0.0,0.0,0.0,0.0,2015-03-19,0,0,0.0,0,0.0,0.0,0.0,0.0,0.0
2015,3,17,2,WN,2315,N247WN,LAS,DEN,1045,1041.0,-4.0,9.0,1050.0,110.0,100.0,84.0,628,1314.0,7.0,1335,1321.0,-14.0,0,0,,0.0,0.0,0.0,0.0,0.0,2015-03-17,0,0,0.0,0,0.0,0.0,0.0,0.0,0.0
2015,2,16,1,B6,76,N267JB,MSY,JFK,955,947.0,-8.0,10.0,957.0,164.0,156.0,142.0,1182,1319.0,4.0,1339,1323.0,-16.0,0,0,,0.0,0.0,0.0,0.0,0.0,2015-02-16,0,0,0.0,0,0.0,0.0,0.0,0.0,0.0
2015,3,15,7,EV,5536,N678CA,JAX,DTW,1635,1633.0,-2.0,10.0,1643.0,147.0,135.0,120.0,813,1843.0,5.0,1902,1848.0,-14.0,0,0,,0.0,0.0,0.0,0.0,0.0,2015-03-15,0,0,0.0,0,0.0,0.0,0.0,0.0,0.0
2015,2,27,5,WN,1901,N953WN,OAK,PHX,1450,1518.0,28.0,9.0,1527.0,110.0,104.0,87.0,646,1754.0,8.0,1740,1802.0,22.0,0,0,,0.0,0.0,6.0,16.0,0.0,2015-02-27,1,1,22.0,1,0.0,0.0,27.27,72.73,0.0
2015,2,27,5,WN,208,N428WN,LAS,GEG,1400,1425.0,25.0,11.0,1436.0,150.0,127.0,114.0,806,1630.0,2.0,1630,1632.0,2.0,0,0,,0.0,0.0,0.0,0.0,0.0,2015-02-27,1,0,0.0,0,0.0,0.0,0.0,0.0,0.0
2015,2,23,1,WN,1873,N215WN,BUR,SMF,1925,1924.0,-1.0,10.0,1934.0,75.0,69.0,55.0,358,2029.0,4.0,2040,2033.0,-7.0,0,0,,0.0,0.0,0.0,0.0,0.0,2015-02-23,0,0,0.0,0,0.0,0.0,0.0,0.0,0.0
2015,3,12,4,UA,598,N808UA,ATL,DEN,1610,1611.0,1.0,13.0,1624.0,216.0,184.0,163.0,1199,1707.0,8.0,1746,1715.0,-31.0,0,0,,0.0,0.0,0.0,0.0,0.0,2015-03-12,0,0,0.0,0,0.0,0.0,0.0,0.0,0.0
2015,3,13,5,WN,1272,N938WN,RSW,CAK,2120,2119.0,-1.0,10.0,2129.0,155.0,141.0,127.0,991,2336.0,4.0,2355,2340.0,-15.0,0,0,,0.0,0.0,0.0,0.0,0.0,2015-03-13,0,0,0.0,0,0.0,0.0,0.0,0.0,0.0
2015,3,18,3,WN,867,N735SA,LAS,OAK,1215,1238.0,23.0,7.0,1245.0,90.0,72.0,61.0,407,1346.0,4.0,1345,1350.0,5.0,0,0,,0.0,0.0,0.0,0.0,0.0,2015-03-18,1,0,0.0,0,0.0,0.0,0.0,0.0,0.0
2015,3,5,4,WN,3,N298WN,DAL,HOU,730,827.0,57.0,8.0,835.0,65.0,66.0,48.0,239,923.0,10.0,835,933.0,58.0,0,0,,1.0,0.0,57.0,0.0,0.0,2015-03-05,1,1,58.0,1,1.72,0.0,98.28,0.0,0.0
2015,2,26,4,EV,4238,N22909,IAH,MOB,2002,2000.0,-2.0,29.0,2029.0,79.0,92.0,56.0,427,2125.0,7.0,2121,2132.0,11.0,0,0,,0.0,0.0,0.0,0.0,0.0,2015-02-26,0,0,0.0,0,0.0,0.0,0.0,0.0,0.0
2015,2,24,2,B6,1684,N632JB,MCO,JFK,1737,1738.0,1.0,17.0,1755.0,156.0,144.0,120.0,944,1955.0,7.0,2013,2002.0,-11.0,0,0,,0.0,0.0,0.0,0.0,0.0,2015-02-24,0,0,0.0,0,0.0,0.0,0.0,0.0,0.0
2015,3,18,3,WN,497,N281WN,TPA,FLL,1930,2024.0,54.0,9.0,2033.0,60.0,52.0,37.0,197,2110.0,6.0,2030,2116.0,46.0,0,0,,0.0,0.0,46.0,0.0,0.0,2015-03-18,1,1,46.0,1,0.0,0.0,100.0,0.0,0.0
2015,3,7,6,DL,746,N539US,ATL,CLT,1935,1936.0,1.0,14.0,1950.0,76.0,64.0,42.0,226,2032.0,8.0,2051,2040.0,-11.0,0,0,,0.0,0.0,0.0,0.0,0.0,2015-03-07,0,0,0.0,0,0.0,0.0,0.0,0.0,0.0
2015,3,20,5,US,569,N560UW,PHX,MCO,1505,1504.0,-1.0,13.0,1517.0,234.0,235.0,216.0,1849,2153.0,6.0,2159,2159.0,0.0,0,0,,0.0,0.0,0.0,0.0,0.0,2015-03-20,0,0,0.0,0,0.0,0.0,0.0,0.0,0.0
2015,3,14,6,EV,5295,N974EV,ATL,SHV,1304,1419.0,75.0,15.0,1434.0,109.0,112.0,92.0,551,1506.0,5.0,1353,1511.0,78.0,0,0,,3.0,0.0,75.0,0.0,0.0,2015-03-14,1,1,78.0,1,3.85,0.0,96.15,0.0,0.0
2015,3,17,2,OO,5172,N122SY,ORD,BOI,1854,1924.0,30.0,19.0,1943.0,243.0,244.0,222.0,1437,2225.0,3.0,2157,2228.0,31.0,0,0,,1.0,0.0,25.0,5.0,0.0,2015-03-17,1,1,31.0,1,3.23,0.0,80.65,16.13,0.0
2015,3,24,2,UA,1062,N68842,DEN,SAN,1907,1931.0,24.0,12.0,1943.0,139.0,129.0,113.0,853,2036.0,4.0,2026,2040.0,14.0,0,0,,0.0,0.0,0.0,0.0,0.0,2015-03-24,1,0,0.0,0,0.0,0.0,0.0,0.0,0.0
2015,3,13,5,UA,552,N813UA,MSN,ORD,1348,1353.0,5.0,10.0,1403.0,61.0,46.0,27.0,108,1430.0,9.0,1449,1439.0,-10.0,0,0,,0.0,0.0,0.0,0.0,0.0,2015-03-13,0,0,0.0,0,0.0,0.0,0.0,0.0,0.0
2015,3,9,1,VX,420,N635VA,LAX,JFK,2305,2257.0,-8.0,11.0,2308.0,320.0,326.0,299.0,2475,707.0,16.0,725,723.0,-2.0,0,0,,0.0,0.0,0.0,0.0,0.0,2015-03-09,0,0,0.0,0,0.0,0.0,0.0,0.0,0.0
2015,3,2,1,DL,2617,N953DL,LGA,ATL,1359,1414.0,15.0,17.0,1431.0,163.0,139.0,116.0,762,1627.0,6.0,1642,1633.0,-9.0,0,0,,0.0,0.0,0.0,0.0,0.0,2015-03-02,0,0,0.0,0,0.0,0.0,0.0,0.0,0.0
2015,2,23,1,WN,265,N7710A,MDW,PVD,1335,1336.0,1.0,6.0,1342.0,130.0,111.0,99.0,842,1621.0,6.0,1645,1627.0,-18.0,0,0,,0.0,0.0,0.0,0.0,0.0,2015-02-23,0,0,0.0,0,0.0,0.0,0.0,0.0,0.0
2015,2,13,5,AA,72,N5DVAA,MCO,DFW,1019,1015.0,-4.0,16.0,1031.0,181.0,170.0,150.0,985,1201.0,4.0,1220,1205.0,-15.0,0,0,,0.0,0.0,0.0,0.0,0.0,2015-02-13,0,0,0.0,0,0.0,0.0,0.0,0.0,0.0
2015,3,8,7,DL,89,N398DA,SAN,SLC,1313,1312.0,-1.0,17.0,1329.0,111.0,111.0,90.0,626,1559.0,4.0,1604,1603.0,-1.0,0,0,,0.0,0.0,0.0,0.0,0.0,2015-03-08,0,0,0.0,0,0.0,0.0,0.0,0.0,0.0
2015,3,11,3,WN,789,N778SW,MDW,CLE,2010,2014.0,4.0,22.0,2036.0,70.0,74.0,48.0,307,2224.0,4.0,2220,2228.0,8.0,0,0,,0.0,0.0,0.0,0.0,0.0,2015-03-11,0,0,0.0,0,0.0,0.0,0.0,0.0,0.0
2015,3,5,4,MQ,3636,N688MQ,ORD,IND,1020,1206.0,106.0,21.0,1227.0,53.0,57.0,32.0,177,1359.0,4.0,1213,1403.0,110.0,0,0,,4.0,0.0,106.0,0.0,0.0,2015-03-05,1,1,110.0,1,3.64,0.0,96.36,0.0,0.0
2015,3,9,1,UA,1451,N21723,LGA,ORD,700,703.0,3.0,20.0,723.0,164.0,156.0,120.0,733,823.0,16.0,844,839.0,-5.0,0,0,,0.0,0.0,0.0,0.0,0.0,2015-03-09,0,0,0.0,0,0.0,0.0,0.0,0.0,0.0
2015,3,21,6,DL,245,N6700,JFK,SLC,1905,19.0,314.0,36.0,55.0,319.0,331.0,289.0,1990,344.0,6.0,2224,350.0,326.0,0,0,,12.0,0.0,29.0,285.0,0.0,2015-03-21,1,1,326.0,1,3.68,0.0,8.9,87.42,0.0
2015,2,20,5,WN,169,N7717D,LBB,DAL,1515,1510.0,-5.0,10.0,1520.0,65.0,59.0,46.0,293,1606.0,3.0,1620,1609.0,-11.0,0,0,,0.0,0.0,0.0,0.0,0.0,2015-02-20,0,0,0.0,0,0.0,0.0,0.0,0.0,0.0
2015,3,9,1,WN,739,N8631A,AUS,LAX,1805,1816.0,11.0,19.0,1835.0,205.0,191.0,165.0,1242,1920.0,7.0,1930,1927.0,-3.0,0,0,,0.0,0.0,0.0,0.0,0.0,2015-03-09,0,0,0.0,0,0.0,0.0,0.0,0.0,0.0
2015,3,6,5,NK,201,N507NK,FLL,STT,1249,1256.0,7.0,15.0,1311.0,155.0,157.0,137.0,1107,1628.0,5.0,1624,1633.0,9.0,0,0,,0.0,0.0,0.0,0.0,0.0,2015-03-06,0,0,0.0,0,0.0,0.0,0.0,0.0,0.0
2015,3,19,4,WN,265,N669SW,PHL,ATL,1725,1752.0,27.0,19.0,1811.0,135.0,137.0,111.0,666,2002.0,7.0,1940,2009.0,29.0,0,0,,2.0,0.0,14.0,13.0,0.0,2015-03-19,1,1,29.0,1,6.9,0.0,48.28,44.83,0.0
2015,2,27,5,MQ,3141,N688MQ,FWA,ORD,600,600.0,0.0,29.0,629.0,68.0,68.0,32.0,157,601.0,7.0,608,608.0,0.0,0,0,,0.0,0.0,0.0,0.0,0.0,2015-02-27,0,0,0.0,0,0.0,0.0,0.0,0.0,0.0
2015,2,22,7,EV,4955,N200PQ,ILM,ATL,1340,1335.0,-5.0,12.0,1347.0,90.0,102.0,74.0,377,1501.0,16.0,1510,1517.0,7.0,0,0,,0.0,0.0,0.0,0.0,0.0,2015-02-22,0,0,0.0,0,0.0,0.0,0.0,0.0,0.0
2015,3,22,7,EV,3265,N11539,CLL,IAH,1305,1318.0,13.0,9.0,1327.0,42.0,38.0,24.0,74,1351.0,5.0,1347,1356.0,9.0,0,0,,0.0,0.0,0.0,0.0,0.0,2015-03-22,0,0,0.0,0,0.0,0.0,0.0,0.0,0.0
2015,3,24,2,DL,1957,N830DN,PHX,LAX,630,623.0,-7.0,26.0,649.0,95.0,103.0,62.0,370,751.0,15.0,805,806.0,1.0,0,0,,0.0,0.0,0.0,0.0,0.0,2015-03-24,0,0,0.0,0,0.0,0.0,0.0,0.0,0.0
2015,3,4,3,AA,1293,N3KBAA,MIA,STX,1220,1216.0,-4.0,11.0,1227.0,158.0,151.0,137.0,1139,1544.0,3.0,1558,1547.0,-11.0,0,0,,0.0,0.0,0.0,0.0,0.0,2015-03-04,0,0,0.0,0,0.0,0.0,0.0,0.0,0.0
2015,2,15,7,EV,5980,N13969,XNA,ORD,1740,1915.0,95.0,17.0,1932.0,104.0,199.0,82.0,522,2054.0,100.0,1924,2234.0,190.0,0,0,,95.0,0.0,90.0,5.0,0.0,2015-02-15,1,1,190.0,1,50.0,0.0,47.37,2.63,0.0
2015,2,14,6,MQ,3285,N831MQ,DFW,GRK,1100,1056.0,-4.0,18.0,1114.0,46.0,47.0,26.0,134,1140.0,3.0,1146,1143.0,-3.0,0,0,,0.0,0.0,0.0,0.0,0.0,2015-02-14,0,0,0.0,0,0.0,0.0,0.0,0.0,0.0
2015,2,14,6,EV,4338,N14920,CMH,IAH,1502,1605.0,63.0,30.0,1635.0,183.0,180.0,140.0,986,1755.0,10.0,1705,1805.0,60.0,0,0,,0.0,0.0,0.0,31.0,29.0,2015-02-14,1,1,60.0,1,0.0,0.0,0.0,51.67,48.33
2015,3,9,1,MQ,3326,N686MQ,DFW,JLN,1525,1608.0,43.0,11.0,1619.0,70.0,66.0,51.0,327,1710.0,4.0,1635,1714.0,39.0,0,0,,0.0,0.0,39.0,0.0,0.0,2015-03-09,1,1,39.0,1,0.0,0.0,100.0,0.0,0.0
2015,3,9,1,DL,1617,N690DL,ATL,SFO,2155,2150.0,-5.0,22.0,2212.0,328.0,298.0,265.0,2139,2337.0,11.0,23,2348.0,-35.0,0,0,,0.0,0.0,0.0,0.0,0.0,2015-03-09,0,0,0.0,0,0.0,0.0,0.0,0.0,0.0
2015,2,28,6,WN,4668,N7750A,HOU,BOS,1535,1548.0,13.0,9.0,1557.0,210.0,201.0,185.0,1609,2002.0,7.0,2005,2009.0,4.0,0,0,,0.0,0.0,0.0,0.0,0.0,2015-02-28,0,0,0.0,0,0.0,0.0,0.0,0.0,0.0
2015,3,12,4,AS,553,N535AS,PSP,SEA,950,938.0,-12.0,8.0,946.0,167.0,168.0,155.0,987,1221.0,5.0,1237,1226.0,-11.0,0,0,,0.0,0.0,0.0,0.0,0.0,2015-03-12,0,0,0.0,0,0.0,0.0,0.0,0.0,0.0
2015,3,2,1,WN,2236,N521SW,HOU,MAF,1040,1233.0,113.0,8.0,1241.0,90.0,86.0,74.0,441,1355.0,4.0,1210,1359.0,109.0,0,0,,0.0,0.0,26.0,83.0,0.0,2015-03-02,1,1,109.0,1,0.0,0.0,23.85,76.15,0.0
2015,2,17,2,UA,1630,N78511,EWR,ORD,545,552.0,7.0,33.0,625.0,159.0,155.0,118.0,719,723.0,4.0,724,727.0,3.0,0,0,,0.0,0.0,0.0,0.0,0.0,2015-02-17,0,0,0.0,0,0.0,0.0,0.0,0.0,0.0
2015,2,23,1,WN,2699,N925WN,STL,DEN,1035,1207.0,92.0,7.0,1214.0,150.0,137.0,123.0,770,1317.0,7.0,1205,1324.0,79.0,0,0,,0.0,0.0,15.0,64.0,0.0,2015-02-23,1,1,79.0,1,0.0,0.0,18.99,81.01,0.0
2015,2,20,5,HA,143,N489HA,HNL,LIH,1058,1052.0,-6.0,10.0,1102.0,38.0,38.0,23.0,102,1125.0,5.0,1136,1130.0,-6.0,0,0,,0.0,0.0,0.0,0.0,0.0,2015-02-20,0,0,0.0,0,0.0,0.0,0.0,0.0,0.0
2015,3,24,2,MQ,3071,N628MQ,DFW,GSO,1420,1419.0,-1.0,14.0,1433.0,144.0,134.0,117.0,999,1730.0,3.0,1744,1733.0,-11.0,0,0,,0.0,0.0,0.0,0.0,0.0,2015-03-24,0,0,0.0,0,0.0,0.0,0.0,0.0,0.0
2015,3,25,3,UA,1094,N14107,IAD,MCO,1720,1727.0,7.0,21.0,1748.0,140.0,132.0,104.0,758,1932.0,7.0,1940,1939.0,-1.0,0,0,,0.0,0.0,0.0,0.0,0.0,2015-03-25,0,0,0.0,0,0.0,0.0,0.0,0.0,0.0
2015,2,17,2,WN,4900,N7813P,FLL,HOU,1725,1722.0,-3.0,6.0,1728.0,185.0,172.0,162.0,957,1910.0,4.0,1930,1914.0,-16.0,0,0,,0.0,0.0,0.0,0.0,0.0,2015-02-17,0,0,0.0,0,0.0,0.0,0.0,0.0,0.0
2015,3,22,7,DL,2097,N129DL,MSP,PHX,1745,1742.0,-3.0,41.0,1823.0,208.0,221.0,172.0,1276,1915.0,8.0,1913,1923.0,10.0,0,0,,0.0,0.0,0.0,0.0,0.0,2015-03-22,0,0,0.0,0,0.0,0.0,0.0,0.0,0.0
2015,3,21,6,US,1974,N813AW,DCA,FLL,1455,1457.0,2.0,10.0,1507.0,166.0,143.0,130.0,899,1717.0,3.0,1741,1720.0,-21.0,0,0,,0.0,0.0,0.0,0.0,0.0,2015-03-21,0,0,0.0,0,0.0,0.0,0.0,0.0,0.0
2015,3,25,3,WN,455,N558WN,ATL,LAS,1340,1340.0,0.0,9.0,1349.0,280.0,271.0,254.0,1747,1503.0,8.0,1520,1511.0,-9.0,0,0,,0.0,0.0,0.0,0.0,0.0,2015-03-25,0,0,0.0,0,0.0,0.0,0.0,0.0,0.0
2015,3,13,5,AA,1402,N3CSAA,ORD,RDU,2110,2132.0,22.0,10.0,2142.0,105.0,96.0,83.0,646,5.0,3.0,2355,8.0,13.0,0,0,,0.0,0.0,0.0,0.0,0.0,2015-03-13,1,0,0.0,0,0.0,0.0,0.0,0.0,0.0
2015,2,18,3,DL,1672,N910DE,ATL,BUF,810,809.0,-1.0,29.0,838.0,121.0,125.0,89.0,712,1007.0,7.0,1011,1014.0,3.0,0,0,,0.0,0.0,0.0,0.0,0.0,2015-02-18,0,0,0.0,0,0.0,0.0,0.0,0.0,0.0
2015,2,23,1,WN,8,N712SW,HRL,HOU,630,625.0,-5.0,8.0,633.0,60.0,55.0,41.0,277,714.0,6.0,730,720.0,-10.0,0,0,,0.0,0.0,0.0,0.0,0.0,2015-02-23,0,0,0.0,0,0.0,0.0,0.0,0.0,0.0
2015,2,20,5,DL,2674,N969AT,LGA,BOS,1000,1103.0,63.0,20.0,1123.0,75.0,64.0,35.0,184,1158.0,9.0,1115,1207.0,52.0,0,0,,29.0,0.0,0.0,23.0,0.0,2015-02-20,1,1,52.0,1,55.77,0.0,0.0,44.23,0.0
2015,2,25,3,NK,610,N630NK,FLL,BOS,700,655.0,-5.0,22.0,717.0,188.0,198.0,166.0,1237,1003.0,10.0,1008,1013.0,5.0,0,0,,0.0,0.0,0.0,0.0,0.0,2015-02-25,0,0,0.0,0,0.0,0.0,0.0,0.0,0.0
2015,2,25,3,EV,5091,N931EV,GSO,DTW,1650,1642.0,-8.0,23.0,1705.0,110.0,102.0,74.0,460,1819.0,5.0,1840,1824.0,-16.0,0,0,,0.0,0.0,0.0,0.0,0.0,2015-02-25,0,0,0.0,0,0.0,0.0,0.0,0.0,0.0
2015,2,24,2,WN,188,N653SW,BNA,MCI,1645,1642.0,-3.0,11.0,1653.0,100.0,97.0,79.0,491,1812.0,7.0,1825,1819.0,-6.0,0,0,,0.0,0.0,0.0,0.0,0.0,2015-02-24,0,0,0.0,0,0.0,0.0,0.0,0.0,0.0
2015,2,28,6,US,569,N576UW,SAN,PHX,1235,1234.0,-1.0,20.0,1254.0,76.0,74.0,48.0,304,1442.0,6.0,1451,1448.0,-3.0,0,0,,0.0,0.0,0.0,0.0,0.0,2015-02-28,0,0,0.0,0,0.0,0.0,0.0,0.0,0.0
2015,2,21,6,DL,664,N530US,LGA,PBI,1445,1436.0,-9.0,40.0,1516.0,190.0,198.0,144.0,1035,1740.0,14.0,1755,1754.0,-1.0,0,0,,0.0,0.0,0.0,0.0,0.0,2015-02-21,0,0,0.0,0,0.0,0.0,0.0,0.0,0.0
2015,3,5,4,EV,5090,N853AS,RDU,CVG,1130,1446.0,196.0,13.0,1459.0,98.0,89.0,72.0,390,1611.0,4.0,1308,1615.0,187.0,0,0,,0.0,0.0,0.0,187.0,0.0,2015-03-05,1,1,187.0,1,0.0,0.0,0.0,100.0,0.0
2015,2,16,1,WN,4900,N956WN,TPA,FLL,1545,1542.0,-3.0,6.0,1548.0,65.0,43.0,34.0,197,1622.0,3.0,1650,1625.0,-25.0,0,0,,0.0,0.0,0.0,0.0,0.0,2015-02-16,0,0,0.0,0,0.0,0.0,0.0,0.0,0.0
2015,3,11,3,US,528,N821AW,CMH,PHX,1740,1733.0,-7.0,18.0,1751.0,266.0,234.0,213.0,1670,1824.0,3.0,1906,1827.0,-39.0,0,0,,0.0,0.0,0.0,0.0,0.0,2015-03-11,0,0,0.0,0,0.0,0.0,0.0,0.0,0.0
2015,2,25,3,UA,1070,N15710,DEN,SNA,1121,1123.0,2.0,19.0,1142.0,146.0,136.0,113.0,846,1235.0,4.0,1247,1239.0,-8.0,0,0,,0.0,0.0,0.0,0.0,0.0,2015-02-25,0,0,0.0,0,0.0,0.0,0.0,0.0,0.0
2015,2,25,3,AS,365,N592AS,OAK,SEA,925,918.0,-7.0,8.0,926.0,115.0,117.0,103.0,671,1109.0,6.0,1120,1115.0,-5.0,0,0,,0.0,0.0,0.0,0.0,0.0,2015-02-25,0,0,0.0,0,0.0,0.0,0.0,0.0,0.0
2015,2,16,1,AS,2,N594AS,SEA,DCA,1417,1414.0,-3.0,19.0,1433.0,282.0,411.0,262.0,2329,2155.0,130.0,2159,5.0,126.0,0,0,,126.0,0.0,0.0,0.0,0.0,2015-02-16,0,1,126.0,1,100.0,0.0,0.0,0.0,0.0
2015,3,18,3,UA,1646,N53441,SFO,IAD,745,739.0,-6.0,12.0,751.0,310.0,268.0,251.0,2419,1502.0,5.0,1555,1507.0,-48.0,0,0,,0.0,0.0,0.0,0.0,0.0,2015-03-18,0,0,0.0,0,0.0,0.0,0.0,0.0,0.0
2015,2,19,4,B6,1202,N552JB,FLL,JFK,1515,1540.0,25.0,11.0,1551.0,171.0,156.0,140.0,1069,1811.0,5.0,1806,1816.0,10.0,0,0,,0.0,0.0,0.0,0.0,0.0,2015-02-19,1,0,0.0,0,0.0,0.0,0.0,0.0,0.0
2015,3,20,5,VX,715,N522VA,DAL,SFO,1445,1455.0,10.0,15.0,1510.0,230.0,219.0,199.0,1476,1629.0,5.0,1635,1634.0,-1.0,0,0,,0.0,0.0,0.0,0.0,0.0,2015-03-20,0,0,0.0,0,0.0,0.0,0.0,0.0,0.0
2015,3,9,1,MQ,3142,N508MQ,ASE,LAX,1806,1832.0,26.0,8.0,1840.0,132.0,120.0,99.0,737,1919.0,13.0,1918,1932.0,14.0,0,0,,0.0,0.0,0.0,0.0,0.0,2015-03-09,1,0,0.0,0,0.0,0.0,0.0,0.0,0.0
2015,3,4,3,EV,4952,N936EV,ATL,FWA,1021,1056.0,35.0,21.0,1117.0,106.0,98.0,73.0,508,1230.0,4.0,1207,1234.0,27.0,0,0,,0.0,0.0,27.0,0.0,0.0,2015-03-04,1,1,27.0,1,0.0,0.0,100.0,0.0,0.0
2015,3,24,2,OO,3461,N218AG,ONT,PDX,630,619.0,-11.0,12.0,631.0,137.0,136.0,122.0,838,833.0,2.0,847,835.0,-12.0,0,0,,0.0,0.0,0.0,0.0,0.0,2015-03-24,0,0,0.0,0,0.0,0.0,0.0,0.0,0.0
2015,3,14,6,DL,2249,N316NB,ATL,IAH,2202,2200.0,-2.0,13.0,2213.0,133.0,129.0,105.0,689,2258.0,11.0,2315,2309.0,-6.0,0,0,,0.0,0.0,0.0,0.0,0.0,2015-03-14,0,0,0.0,0,0.0,0.0,0.0,0.0,0.0
2015,2,24,2,DL,2407,N916DE,JFK,MCO,1604,1600.0,-4.0,26.0,1626.0,190.0,177.0,142.0,944,1848.0,9.0,1914,1857.0,-17.0,0,0,,0.0,0.0,0.0,0.0,0.0,2015-02-24,0,0,0.0,0,0.0,0.0,0.0,0.0,0.0
2015,3,25,3,OO,5396,N925SW,MKE,ORD,837,1300.0,263.0,21.0,1321.0,53.0,61.0,27.0,67,1348.0,13.0,930,1401.0,271.0,0,0,,8.0,0.0,263.0,0.0,0.0,2015-03-25,1,1,271.0,1,2.95,0.0,97.05,0.0,0.0
2015,2,18,3,B6,1790,N351JB,DCA,BOS,600,553.0,-7.0,23.0,616.0,84.0,82.0,55.0,399,711.0,4.0,724,715.0,-9.0,0,0,,0.0,0.0,0.0,0.0,0.0,2015-02-18,0,0,0.0,0,0.0,0.0,0.0,0.0,0.0
2015,3,18,3,DL,2182,N902DE,GSP,ATL,540,535.0,-5.0,13.0,548.0,57.0,49.0,28.0,153,616.0,8.0,637,624.0,-13.0,0,0,,0.0,0.0,0.0,0.0,0.0,2015-03-18,0,0,0.0,0,0.0,0.0,0.0,0.0,0.0
2015,2,27,5,US,1923,N768US,CLT,DTW,1120,1117.0,-3.0,10.0,1127.0,108.0,94.0,75.0,500,1242.0,9.0,1308,1251.0,-17.0,0,0,,0.0,0.0,0.0,0.0,0.0,2015-02-27,0,0,0.0,0,0.0,0.0,0.0,0.0,0.0
2015,3,12,4,WN,4816,N746SW,SJC,BUR,1945,2101.0,76.0,9.0,2110.0,60.0,57.0,45.0,296,2155.0,3.0,2045,2158.0,73.0,0,0,,0.0,0.0,0.0,73.0,0.0,2015-03-12,1,1,73.0,1,0.0,0.0,0.0,100.0,0.0
2015,2,17,2,US,610,N186US,SFO,PHX,600,554.0,-6.0,13.0,607.0,115.0,117.0,91.0,651,838.0,13.0,855,851.0,-4.0,0,0,,0.0,0.0,0.0,0.0,0.0,2015-02-17,0,0,0.0,0,0.0,0.0,0.0,0.0,0.0
2015,3,6,5,UA,621,N409UA,ORD,SEA,1200,1227.0,27.0,16.0,1243.0,276.0,271.0,244.0,1721,1447.0,11.0,1436,1458.0,22.0,0,0,,0.0,0.0,22.0,0.0,0.0,2015-03-06,1,1,22.0,1,0.0,0.0,100.0,0.0,0.0
2015,3,9,1,OO,3497,N215AG,COS,SEA,1210,1156.0,-14.0,13.0,1209.0,185.0,174.0,152.0,1068,1341.0,9.0,1415,1350.0,-25.0,0,0,,0.0,0.0,0.0,0.0,0.0,2015-03-09,0,0,0.0,0,0.0,0.0,0.0,0.0,0.0
2015,3,17,2,MQ,3035,N620MQ,BWI,ORD,1811,1802.0,-9.0,10.0,1812.0,149.0,176.0,119.0,622,1911.0,47.0,1940,1958.0,18.0,0,0,,18.0,0.0,0.0,0.0,0.0,2015-03-17,0,1,18.0,1,100.0,0.0,0.0,0.0,0.0
2015,3,9,1,DL,2038,N902DE,ATL,DCA,1520,1519.0,-1.0,31.0,1550.0,113.0,104.0,70.0,547,1700.0,3.0,1713,1703.0,-10.0,0,0,,0.0,0.0,0.0,0.0,0.0,2015-03-09,0,0,0.0,0,0.0,0.0,0.0,0.0,0.0
2015,3,14,6,OO,3483,N217AG,SAN,BOI,1900,1853.0,-7.0,9.0,1902.0,128.0,118.0,106.0,749,2148.0,3.0,2208,2151.0,-17.0,0,0,,0.0,0.0,0.0,0.0,0.0,2015-03-14,0,0,0.0,0,0.0,0.0,0.0,0.0,0.0
2015,2,14,6,US,1714,N123UW,PHL,ORD,2035,2158.0,83.0,63.0,2301.0,143.0,173.0,103.0,678,2344.0,7.0,2158,2351.0,113.0,0,0,,30.0,0.0,83.0,0.0,0.0,2015-02-14,1,1,113.0,1,26.55,0.0,73.45,0.0,0.0
2015,2,16,1,DL,1454,N676DL,LAX,ATL,1655,1659.0,4.0,20.0,1719.0,244.0,238.0,210.0,1947,2349.0,8.0,2359,2357.0,-2.0,0,0,,0.0,0.0,0.0,0.0,0.0,2015-02-16,0,0,0.0,0,0.0,0.0,0.0,0.0,0.0
2015,2,18,3,EV,4955,N844AS,ILM,ATL,1340,1331.0,-9.0,11.0,1342.0,93.0,92.0,74.0,377,1456.0,7.0,1513,1503.0,-10.0,0,0,,0.0,0.0,0.0,0.0,0.0,2015-02-18,0,0,0.0,0,0.0,0.0,0.0,0.0,0.0
2015,2,24,2,UA,1448,N78524,ORD,LAS,1220,1215.0,-5.0,12.0,1227.0,244.0,223.0,202.0,1514,1349.0,9.0,1424,1358.0,-26.0,0,0,,0.0,0.0,0.0,0.0,0.0,2015-02-24,0,0,0.0,0,0.0,0.0,0.0,0.0,0.0
2015,2,26,4,B6,1472,N594JB,FLL,LGA,2015,2114.0,59.0,16.0,2130.0,165.0,151.0,130.0,1076,2340.0,5.0,2300,2345.0,45.0,0,0,,0.0,0.0,9.0,36.0,0.0,2015-02-26,1,1,45.0,1,0.0,0.0,20.0,80.0,0.0
2015,3,13,5,AA,290,N3BJAA,AUS,JFK,1000,1004.0,4.0,17.0,1021.0,212.0,223.0,200.0,1521,1441.0,6.0,1432,1447.0,15.0,0,0,,15.0,0.0,0.0,0.0,0.0,2015-03-13,0,0,15.0,0,100.0,0.0,0.0,0.0,0.0
2015,3,18,3,OO,5495,N133SY,ORD,ATL,2034,2032.0,-2.0,15.0,2047.0,120.0,105.0,82.0,606,2309.0,8.0,2334,2317.0,-17.0,0,0,,0.0,0.0,0.0,0.0,0.0,2015-03-18,0,0,0.0,0,0.0,0.0,0.0,0.0,0.0
2015,2,16,1,AA,1149,N581AA,DFW,SJC,1640,1636.0,-4.0,21.0,1657.0,230.0,228.0,205.0,1438,1822.0,2.0,1830,1824.0,-6.0,0,0,,0.0,0.0,0.0,0.0,0.0,2015-02-16,0,0,0.0,0,0.0,0.0,0.0,0.0,0.0
2015,3,19,4,AS,812,N506AS,OGG,SJC,1350,1342.0,-8.0,12.0,1354.0,293.0,266.0,250.0,2355,2104.0,4.0,2143,2108.0,-35.0,0,0,,0.0,0.0,0.0,0.0,0.0,2015-03-19,0,0,0.0,0,0.0,0.0,0.0,0.0,0.0
2015,2,21,6,B6,2168,N526JB,PBI,HPN,1747,1901.0,74.0,14.0,1915.0,162.0,168.0,141.0,1056,2136.0,13.0,2029,2149.0,80.0,0,0,,6.0,0.0,33.0,41.0,0.0,2015-02-21,1,1,80.0,1,7.5,0.0,41.25,51.25,0.0
2015,2,22,7,WN,2153,N8308K,MDW,RSW,900,900.0,0.0,9.0,909.0,180.0,169.0,142.0,1105,1231.0,18.0,1300,1249.0,-11.0,0,0,,0.0,0.0,0.0,0.0,0.0,2015-02-22,0,0,0.0,0,0.0,0.0,0.0,0.0,0.0
2015,3,1,7,OO,4590,N779CA,DTW,SBN,1210,1208.0,-2.0,13.0,1221.0,63.0,60.0,37.0,157,1258.0,10.0,1313,1308.0,-5.0,0,0,,0.0,0.0,0.0,0.0,0.0,2015-03-01,0,0,0.0,0,0.0,0.0,0.0,0.0,0.0
2015,3,12,4,OO,2889,N864AS,LAX,MRY,1620,1614.0,-6.0,18.0,1632.0,68.0,67.0,45.0,266,1717.0,4.0,1728,1721.0,-7.0,0,0,,0.0,0.0,0.0,0.0,0.0,2015-03-12,0,0,0.0,0,0.0,0.0,0.0,0.0,0.0
2015,2,28,6,UA,1740,N26226,DEN,IAD,1537,1613.0,36.0,16.0,1629.0,195.0,174.0,151.0,1452,2100.0,7.0,2052,2107.0,15.0,0,0,,0.0,0.0,15.0,0.0,0.0,2015-02-28,1,0,15.0,0,0.0,0.0,100.0,0.0,0.0
2015,2,22,7,DL,1761,N919DE,ATL,PHL,1255,1300.0,5.0,19.0,1319.0,125.0,112.0,88.0,666,1447.0,5.0,1500,1452.0,-8.0,0,0,,0.0,0.0,0.0,0.0,0.0,2015-02-22,0,0,0.0,0,0.0,0.0,0.0,0.0,0.0
2015,2,13,5,WN,682,N7814B,ATL,HOU,1930,1924.0,-6.0,21.0,1945.0,145.0,135.0,109.0,696,2034.0,5.0,2055,2039.0,-16.0,0,0,,0.0,0.0,0.0,0.0,0.0,2015-02-13,0,0,0.0,0,0.0,0.0,0.0,0.0,0.0
2015,3,3,2,WN,4734,N670SW,AUS,DAL,1935,1941.0,6.0,12.0,1953.0,55.0,56.0,40.0,189,2033.0,4.0,2030,2037.0,7.0,0,0,,0.0,0.0,0.0,0.0,0.0,2015-03-03,0,0,0.0,0,0.0,0.0,0.0,0.0,0.0
2015,3,19,4,VX,963,N844VA,SAN,SFO,1725,1722.0,-3.0,17.0,1739.0,90.0,95.0,72.0,447,1851.0,6.0,1855,1857.0,2.0,0,0,,0.0,0.0,0.0,0.0,0.0,2015-03-19,0,0,0.0,0,0.0,0.0,0.0,0.0,0.0
2015,2,25,3,EV,5278,N744EV,RST,ATL,1434,1427.0,-7.0,23.0,1450.0,139.0,150.0,114.0,831,1744.0,13.0,1753,1757.0,4.0,0,0,,0.0,0.0,0.0,0.0,0.0,2015-02-25,0,0,0.0,0,0.0,0.0,0.0,0.0,0.0
2015,3,20,5,OO,5573,N948SW,DEN,TUS,755,837.0,42.0,21.0,858.0,124.0,127.0,100.0,639,938.0,6.0,859,944.0,45.0,0,0,,3.0,0.0,42.0,0.0,0.0,2015-03-20,1,1,45.0,1,6.67,0.0,93.33,0.0,0.0
2015,2,27,5,AA,243,N4YNAA,DFW,MSY,1150,1249.0,59.0,122.0,1451.0,80.0,188.0,61.0,447,1552.0,5.0,1310,1557.0,167.0,0,0,,108.0,0.0,0.0,31.0,28.0,2015-02-27,1,1,167.0,1,64.67,0.0,0.0,18.56,16.77
2015,2,13,5,US,1882,N833AW,LGA,CLT,959,957.0,-2.0,45.0,1042.0,134.0,149.0,94.0,544,1216.0,10.0,1213,1226.0,13.0,0,0,,0.0,0.0,0.0,0.0,0.0,2015-02-13,0,0,0.0,0,0.0,0.0,0.0,0.0,0.0
2015,2,23,1,MQ,2921,N602MQ,ORD,MSN,2045,2113.0,28.0,16.0,2129.0,47.0,45.0,26.0,108,2155.0,3.0,2132,2158.0,26.0,0,0,,0.0,0.0,0.0,0.0,26.0,2015-02-23,1,1,26.0,1,0.0,0.0,0.0,0.0,100.0
2015,2,25,3,WN,184,N8328A,BWI,PHX,735,728.0,-7.0,10.0,738.0,325.0,301.0,282.0,1999,1020.0,9.0,1100,1029.0,-31.0,0,0,,0.0,0.0,0.0,0.0,0.0,2015-02-25,0,0,0.0,0,0.0,0.0,0.0,0.0,0.0
2015,3,19,4,OO,4988,N594SW,AMA,DEN,1754,1750.0,-4.0,11.0,1801.0,81.0,79.0,61.0,359,1802.0,7.0,1815,1809.0,-6.0,0,0,,0.0,0.0,0.0,0.0,0.0,2015-03-19,0,0,0.0,0,0.0,0.0,0.0,0.0,0.0
2015,3,15,7,OO,6505,N952SW,DEN,TUS,1855,1848.0,-7.0,17.0,1905.0,124.0,111.0,90.0,639,1935.0,4.0,1959,1939.0,-20.0,0,0,,0.0,0.0,0.0,0.0,0.0,2015-03-15,0,0,0.0,0,0.0,0.0,0.0,0.0,0.0
2015,2,14,6,WN,4136,N387SW,BWI,BNA,750,747.0,-3.0,13.0,800.0,125.0,120.0,93.0,587,833.0,14.0,855,847.0,-8.0,0,0,,0.0,0.0,0.0,0.0,0.0,2015-02-14,0,0,0.0,0,0.0,0.0,0.0,0.0,0.0
2015,2,18,3,UA,1166,N36476,IAH,LAX,2108,2108.0,0.0,22.0,2130.0,227.0,238.0,189.0,1379,2239.0,27.0,2255,2306.0,11.0,0,0,,0.0,0.0,0.0,0.0,0.0,2015-02-18,0,0,0.0,0,0.0,0.0,0.0,0.0,0.0
2015,3,24,2,WN,742,N486WN,MDW,ATL,620,616.0,-4.0,21.0,637.0,115.0,109.0,81.0,591,858.0,7.0,915,905.0,-10.0,0,0,,0.0,0.0,0.0,0.0,0.0,2015-03-24,0,0,0.0,0,0.0,0.0,0.0,0.0,0.0
2015,2,27,5,B6,126,N558JB,BWI,BOS,1415,1616.0,121.0,10.0,1626.0,78.0,67.0,50.0,369,1716.0,7.0,1533,1723.0,110.0,0,0,,0.0,0.0,0.0,110.0,0.0,2015-02-27,1,1,110.0,1,0.0,0.0,0.0,100.0,0.0
2015,3,16,1,EV,5526,N919EV,ATL,MLU,1617,1614.0,-3.0,20.0,1634.0,98.0,86.0,63.0,448,1637.0,3.0,1655,1640.0,-15.0,0,0,,0.0,0.0,0.0,0.0,0.0,2015-03-16,0,0,0.0,0,0.0,0.0,0.0,0.0,0.0
2015,2,24,2,US,2038,N770UW,BUF,CLT,1855,1841.0,-14.0,11.0,1852.0,115.0,111.0,88.0,546,2020.0,12.0,2050,2032.0,-18.0,0,0,,0.0,0.0,0.0,0.0,0.0,2015-02-24,0,0,0.0,0,0.0,0.0,0.0,0.0,0.0
2015,2,13,5,DL,1190,N927AT,ATL,CAK,845,840.0,-5.0,10.0,850.0,98.0,91.0,77.0,528,1007.0,4.0,1023,1011.0,-12.0,0,0,,0.0,0.0,0.0,0.0,0.0,2015-02-13,0,0,0.0,0,0.0,0.0,0.0,0.0,0.0
2015,3,4,3,WN,4473,N285WN,SAN,BWI,805,815.0,10.0,14.0,829.0,295.0,262.0,244.0,2295,1533.0,4.0,1600,1537.0,-23.0,0,0,,0.0,0.0,0.0,0.0,0.0,2015-03-04,0,0,0.0,0,0.0,0.0,0.0,0.0,0.0
2015,3,10,2,AA,2495,N496AA,DFW,RNO,1005,959.0,-6.0,15.0,1014.0,218.0,197.0,177.0,1345,1111.0,5.0,1143,1116.0,-27.0,0,0,,0.0,0.0,0.0,0.0,0.0,2015-03-10,0,0,0.0,0,0.0,0.0,0.0,0.0,0.0
2015,2,17,2,WN,234,N355SW,PHX,MKE,1020,1032.0,12.0,12.0,1044.0,190.0,211.0,193.0,1460,1457.0,6.0,1430,1503.0,33.0,0,0,,21.0,0.0,12.0,0.0,0.0,2015-02-17,0,1,33.0,1,63.64,0.0,36.36,0.0,0.0
2015,3,18,3,DL,2389,N313US,SLC,PDX,1705,1659.0,-6.0,12.0,1711.0,113.0,111.0,95.0,630,1746.0,4.0,1758,1750.0,-8.0,0,0,,0.0,0.0,0.0,0.0,0.0,2015-03-18,0,0,0.0,0,0.0,0.0,0.0,0.0,0.0
2015,3,12,4,EV,5566,N837AS,CSG,ATL,1447,1458.0,11.0,16.0,1514.0,48.0,59.0,28.0,83,1542.0,15.0,1535,1557.0,22.0,0,0,,11.0,0.0,11.0,0.0,0.0,2015-03-12,0,1,22.0,1,50.0,0.0,50.0,0.0,0.0
2015,3,3,2,WN,376,N391SW,DAL,SAT,2105,2128.0,23.0,11.0,2139.0,65.0,65.0,51.0,248,2230.0,3.0,2210,2233.0,23.0,0,0,,0.0,0.0,0.0,23.0,0.0,2015-03-03,1,1,23.0,1,0.0,0.0,0.0,100.0,0.0
2015,3,12,4,F9,408,N906FR,LAX,DEN,2040,2056.0,16.0,23.0,2119.0,135.0,152.0,118.0,862,17.0,11.0,2355,28.0,33.0,0,0,,17.0,0.0,0.0,16.0,0.0,2015-03-12,1,1,33.0,1,51.52,0.0,0.0,48.48,0.0
2015,2,20,5,DL,2562,N975AT,ATL,ATW,1925,1925.0,0.0,18.0,1943.0,131.0,141.0,119.0,765,2042.0,4.0,2036,2046.0,10.0,0,0,,0.0,0.0,0.0,0.0,0.0,2015-02-20,0,0,0.0,0,0.0,0.0,0.0,0.0,0.0
2015,3,3,2,AA,1223,N3KNAA,EWR,DFW,900,851.0,-9.0,28.0,919.0,254.0,268.0,222.0,1372,1201.0,18.0,1214,1219.0,5.0,0,0,,0.0,0.0,0.0,0.0,0.0,2015-03-03,0,0,0.0,0,0.0,0.0,0.0,0.0,0.0
2015,3,25,3,WN,253,N271LV,SMF,LAX,2000,2009.0,9.0,9.0,2018.0,80.0,74.0,58.0,373,2116.0,7.0,2120,2123.0,3.0,0,0,,0.0,0.0,0.0,0.0,0.0,2015-03-25,0,0,0.0,0,0.0,0.0,0.0,0.0,0.0
2015,3,21,6,MQ,3234,N660MQ,CHA,DFW,1809,1809.0,0.0,8.0,1817.0,141.0,129.0,110.0,695,1907.0,11.0,1930,1918.0,-12.0,0,0,,0.0,0.0,0.0,0.0,0.0,2015-03-21,0,0,0.0,0,0.0,0.0,0.0,0.0,0.0
2015,3,14,6,MQ,3698,N518MQ,MAF,DFW,559,600.0,1.0,10.0,610.0,66.0,65.0,49.0,309,659.0,6.0,705,705.0,0.0,0,0,,0.0,0.0,0.0,0.0,0.0,2015-03-14,0,0,0.0,0,0.0,0.0,0.0,0.0,0.0
2015,2,13,5,DL,2355,N823DN,ATL,LAX,2140,2147.0,7.0,14.0,2201.0,316.0,268.0,249.0,1947,2310.0,5.0,2356,2315.0,-41.0,0,0,,0.0,0.0,0.0,0.0,0.0,2015-02-13,0,0,0.0,0,0.0,0.0,0.0,0.0,0.0
2015,3,4,3,OO,5267,N791SK,IAH,DFW,1433,1531.0,58.0,25.0,1556.0,73.0,77.0,44.0,224,1640.0,8.0,1546,1648.0,62.0,0,0,,4.0,0.0,58.0,0.0,0.0,2015-03-04,1,1,62.0,1,6.45,0.0,93.55,0.0,0.0
2015,3,23,1,UA,441,N598UA,JFK,LAX,600,601.0,1.0,16.0,617.0,381.0,382.0,347.0,2475,904.0,19.0,921,923.0,2.0,0,0,,0.0,0.0,0.0,0.0,0.0,2015-03-23,0,0,0.0,0,0.0,0.0,0.0,0.0,0.0
2015,3,1,7,EV,5669,N17169,EWR,ORF,1156,1150.0,-6.0,16.0,1206.0,78.0,71.0,51.0,284,1257.0,4.0,1314,1301.0,-13.0,0,0,,0.0,0.0,0.0,0.0,0.0,2015-03-01,0,0,0.0,0,0.0,0.0,0.0,0.0,0.0
2015,2,17,2,AA,326,N504AA,DFW,STL,1020,1050.0,30.0,16.0,1106.0,95.0,90.0,70.0,550,1216.0,4.0,1155,1220.0,25.0,0,0,,0.0,0.0,8.0,17.0,0.0,2015-02-17,1,1,25.0,1,0.0,0.0,32.0,68.0,0.0
2015,2,27,5,F9,1138,N221FR,LAS,CLE,1640,1642.0,2.0,15.0,1657.0,240.0,241.0,210.0,1824,2327.0,16.0,2340,2343.0,3.0,0,0,,0.0,0.0,0.0,0.0,0.0,2015-02-27,0,0,0.0,0,0.0,0.0,0.0,0.0,0.0
2015,3,3,2,US,2051,N278AY,PHL,MIA,955,1051.0,56.0,22.0,1113.0,182.0,153.0,124.0,1013,1317.0,7.0,1257,1324.0,27.0,0,0,,0.0,0.0,27.0,0.0,0.0,2015-03-03,1,1,27.0,1,0.0,0.0,100.0,0.0,0.0
2015,3,8,7,DL,199,N718TW,LAX,SEA,715,910.0,115.0,17.0,927.0,164.0,157.0,131.0,954,1138.0,9.0,959,1147.0,108.0,0,0,,0.0,0.0,108.0,0.0,0.0,2015-03-08,1,1,108.0,1,0.0,0.0,100.0,0.0,0.0
2015,3,14,6,EV,5035,N391CA,ERI,DTW,1335,1326.0,-9.0,37.0,1403.0,67.0,86.0,43.0,164,1446.0,6.0,1442,1452.0,10.0,0,0,,0.0,0.0,0.0,0.0,0.0,2015-03-14,0,0,0.0,0,0.0,0.0,0.0,0.0,0.0
2015,2,25,3,OO,7419,N440SW,MSP,ABR,2137,2135.0,-2.0,15.0,2150.0,85.0,63.0,44.0,257,2234.0,4.0,2302,2238.0,-24.0,0,0,,0.0,0.0,0.0,0.0,0.0,2015-02-25,0,0,0.0,0,0.0,0.0,0.0,0.0,0.0
2015,3,22,7,NK,478,N526NK,FLL,ORD,740,809.0,29.0,15.0,824.0,200.0,203.0,171.0,1182,1015.0,17.0,1000,1032.0,32.0,0,0,,3.0,0.0,29.0,0.0,0.0,2015-03-22,1,1,32.0,1,9.38,0.0,90.62,0.0,0.0
2015,3,3,2,US,797,N196UW,PHL,LAX,735,739.0,4.0,22.0,801.0,371.0,390.0,357.0,2402,1058.0,11.0,1046,1109.0,23.0,0,0,,19.0,0.0,4.0,0.0,0.0,2015-03-03,0,1,23.0,1,82.61,0.0,17.39,0.0,0.0
2015,3,8,7,WN,3921,N240WN,TUS,DEN,1630,1623.0,-7.0,7.0,1630.0,110.0,99.0,87.0,639,1857.0,5.0,1920,1902.0,-18.0,0,0,,0.0,0.0,0.0,0.0,0.0,2015-03-08,0,0,0.0,0,0.0,0.0,0.0,0.0,0.0
2015,3,14,6,WN,1737,N379SW,RNO,LAS,1400,1403.0,3.0,14.0,1417.0,70.0,72.0,51.0,345,1508.0,7.0,1510,1515.0,5.0,0,0,,0.0,0.0,0.0,0.0,0.0,2015-03-14,0,0,0.0,0,0.0,0.0,0.0,0.0,0.0
2015,3,10,2,DL,1266,N904DL,BUF,ATL,600,558.0,-2.0,21.0,619.0,137.0,140.0,110.0,712,809.0,9.0,817,818.0,1.0,0,0,,0.0,0.0,0.0,0.0,0.0,2015-03-10,0,0,0.0,0,0.0,0.0,0.0,0.0,0.0
2015,3,3,2,DL,2010,N978DL,ATL,SAV,2105,2104.0,-1.0,18.0,2122.0,65.0,60.0,36.0,214,2158.0,6.0,2210,2204.0,-6.0,0,0,,0.0,0.0,0.0,0.0,0.0,2015-03-03,0,0,0.0,0,0.0,0.0,0.0,0.0,0.0
2015,3,5,4,OO,4669,N601XJ,SLC,BIL,1105,1101.0,-4.0,17.0,1118.0,90.0,90.0,69.0,387,1227.0,4.0,1235,1231.0,-4.0,0,0,,0.0,0.0,0.0,0.0,0.0,2015-03-05,0,0,0.0,0,0.0,0.0,0.0,0.0,0.0
2015,3,2,1,US,1865,N152UW,CLT,MSP,1949,1958.0,9.0,12.0,2010.0,164.0,172.0,151.0,930,2141.0,9.0,2133,2150.0,17.0,0,0,,8.0,0.0,9.0,0.0,0.0,2015-03-02,0,1,17.0,1,47.06,0.0,52.94,0.0,0.0
2015,2,23,1,WN,317,N277WN,BWI,OAK,1655,1706.0,11.0,16.0,1722.0,375.0,356.0,334.0,2447,1956.0,6.0,2010,2002.0,-8.0,0,0,,0.0,0.0,0.0,0.0,0.0,2015-02-23,0,0,0.0,0,0.0,0.0,0.0,0.0,0.0
2015,3,3,2,HA,267,N485HA,KOA,HNL,1206,1207.0,1.0,9.0,1216.0,44.0,45.0,29.0,163,1245.0,7.0,1250,1252.0,2.0,0,0,,0.0,0.0,0.0,0.0,0.0,2015-03-03,0,0,0.0,0,0.0,0.0,0.0,0.0,0.0
2015,2,28,6,AS,710,N706AS,SJC,SLC,2055,2047.0,-8.0,8.0,2055.0,110.0,94.0,83.0,584,2318.0,3.0,2345,2321.0,-24.0,0,0,,0.0,0.0,0.0,0.0,0.0,2015-02-28,0,0,0.0,0,0.0,0.0,0.0,0.0,0.0
2015,2,22,7,OO,4793,N549CA,LAX,PHX,905,904.0,-1.0,16.0,920.0,90.0,83.0,56.0,370,1116.0,11.0,1135,1127.0,-8.0,0,0,,0.0,0.0,0.0,0.0,0.0,2015-02-22,0,0,0.0,0,0.0,0.0,0.0,0.0,0.0
2015,2,22,7,B6,123,N934JB,JFK,LAX,815,910.0,55.0,21.0,931.0,380.0,399.0,373.0,2475,1244.0,5.0,1135,1249.0,74.0,0,0,,19.0,0.0,0.0,0.0,55.0,2015-02-22,1,1,74.0,1,25.68,0.0,0.0,0.0,74.32
2015,3,10,2,AA,1420,N3EMAA,DFW,CLT,1340,1345.0,5.0,22.0,1407.0,136.0,151.0,121.0,936,1708.0,8.0,1656,1716.0,20.0,0,0,,20.0,0.0,0.0,0.0,0.0,2015-03-10,0,1,20.0,1,100.0,0.0,0.0,0.0,0.0
2015,3,7,6,EV,4430,N13968,EWR,SAV,1007,1006.0,-1.0,16.0,1022.0,146.0,142.0,122.0,708,1224.0,4.0,1233,1228.0,-5.0,0,0,,0.0,0.0,0.0,0.0,0.0,2015-03-07,0,0,0.0,0,0.0,0.0,0.0,0.0,0.0
2015,2,24,2,WN,4474,N788SA,ATL,BDL,1145,1140.0,-5.0,14.0,1154.0,135.0,130.0,112.0,859,1346.0,4.0,1400,1350.0,-10.0,0,0,,0.0,0.0,0.0,0.0,0.0,2015-02-24,0,0,0.0,0,0.0,0.0,0.0,0.0,0.0
2015,2,28,6,OO,5201,N127SY,ORD,STL,1242,1313.0,31.0,23.0,1336.0,74.0,85.0,56.0,258,1432.0,6.0,1356,1438.0,42.0,0,0,,11.0,0.0,31.0,0.0,0.0,2015-02-28,1,1,42.0,1,26.19,0.0,73.81,0.0,0.0
2015,3,20,5,EV,4914,N979EV,ATL,FSM,1557,1552.0,-5.0,18.0,1610.0,115.0,111.0,88.0,579,1638.0,5.0,1652,1643.0,-9.0,0,0,,0.0,0.0,0.0,0.0,0.0,2015-03-20,0,0,0.0,0,0.0,0.0,0.0,0.0,0.0
2015,3,14,6,WN,1304,N787SA,MCO,PHL,1815,2125.0,190.0,16.0,2141.0,145.0,133.0,106.0,861,2327.0,11.0,2040,2338.0,178.0,0,0,,0.0,0.0,0.0,178.0,0.0,2015-03-14,1,1,178.0,1,0.0,0.0,0.0,100.0,0.0
2015,3,18,3,US,411,N916US,CLT,MIA,1145,1142.0,-3.0,37.0,1219.0,131.0,133.0,88.0,650,1347.0,8.0,1356,1355.0,-1.0,0,0,,0.0,0.0,0.0,0.0,0.0,2015-03-18,0,0,0.0,0,0.0,0.0,0.0,0.0,0.0
2015,3,14,6,AA,397,N3HYAA,MIA,SJU,925,957.0,32.0,34.0,1031.0,156.0,169.0,127.0,1045,1238.0,8.0,1201,1246.0,45.0,0,0,,13.0,0.0,19.0,13.0,0.0,2015-03-14,1,1,45.0,1,28.89,0.0,42.22,28.89,0.0
2015,2,28,6,EV,4345,N12922,IAH,CRP,914,937.0,23.0,10.0,947.0,63.0,60.0,45.0,201,1032.0,5.0,1017,1037.0,20.0,0,0,,0.0,0.0,20.0,0.0,0.0,2015-02-28,1,1,20.0,1,0.0,0.0,100.0,0.0,0.0
2015,3,16,1,DL,1430,N910AT,TPA,JFK,1505,1507.0,2.0,11.0,1518.0,168.0,175.0,155.0,1005,1753.0,9.0,1753,1802.0,9.0,0,0,,0.0,0.0,0.0,0.0,0.0,2015-03-16,0,0,0.0,0,0.0,0.0,0.0,0.0,0.0
2015,3,1,7,DL,2556,N655DL,RSW,ATL,655,654.0,-1.0,13.0,707.0,108.0,107.0,79.0,515,826.0,15.0,843,841.0,-2.0,0,0,,0.0,0.0,0.0,0.0,0.0,2015-03-01,0,0,0.0,0,0.0,0.0,0.0,0.0,0.0
2015,2,17,2,UA,640,N805UA,IAH,AUS,1250,1246.0,-4.0,28.0,1314.0,58.0,65.0,34.0,140,1348.0,3.0,1348,1351.0,3.0,0,0,,0.0,0.0,0.0,0.0,0.0,2015-02-17,0,0,0.0,0,0.0,0.0,0.0,0.0,0.0
2015,2,21,6,EV,5555,N878AS,CAE,ATL,830,824.0,-6.0,8.0,832.0,65.0,63.0,42.0,192,914.0,13.0,935,927.0,-8.0,0,0,,0.0,0.0,0.0,0.0,0.0,2015-02-21,0,0,0.0,0,0.0,0.0,0.0,0.0,0.0
2015,3,18,3,MQ,3049,N653MQ,BMI,DFW,1618,1925.0,187.0,8.0,1933.0,137.0,117.0,101.0,690,2114.0,8.0,1835,2122.0,167.0,0,0,,0.0,0.0,109.0,58.0,0.0,2015-03-18,1,1,167.0,1,0.0,0.0,65.27,34.73,0.0
2015,3,11,3,US,2048,N839AW,PHL,IND,1745,1739.0,-6.0,29.0,1808.0,121.0,136.0,103.0,588,1951.0,4.0,1946,1955.0,9.0,0,0,,0.0,0.0,0.0,0.0,0.0,2015-03-11,0,0,0.0,0,0.0,0.0,0.0,0.0,0.0
2015,3,24,2,EV,5005,N611QX,DTW,ATW,1955,1948.0,-7.0,14.0,2002.0,87.0,75.0,54.0,296,1956.0,7.0,2022,2003.0,-19.0,0,0,,0.0,0.0,0.0,0.0,0.0,2015-03-24,0,0,0.0,0,0.0,0.0,0.0,0.0,0.0
2015,3,2,1,WN,805,N239WN,MSP,MDW,1645,1714.0,29.0,10.0,1724.0,95.0,79.0,64.0,349,1828.0,5.0,1820,1833.0,13.0,0,0,,0.0,0.0,0.0,0.0,0.0,2015-03-02,1,0,0.0,0,0.0,0.0,0.0,0.0,0.0
2015,3,1,7,OO,5261,N724SK,COS,IAH,850,847.0,-3.0,19.0,906.0,140.0,142.0,110.0,809,1156.0,13.0,1210,1209.0,-1.0,0,0,,0.0,0.0,0.0,0.0,0.0,2015-03-01,0,0,0.0,0,0.0,0.0,0.0,0.0,0.0
2015,3,2,1,WN,432,N707SA,PHX,LAX,1305,1314.0,9.0,23.0,1337.0,95.0,92.0,61.0,370,1338.0,8.0,1340,1346.0,6.0,0,0,,0.0,0.0,0.0,0.0,0.0,2015-03-02,0,0,0.0,0,0.0,0.0,0.0,0.0,0.0
2015,3,6,5,AS,472,N315AS,SEA,LAX,1420,1433.0,13.0,21.0,1454.0,147.0,160.0,126.0,954,1700.0,13.0,1647,1713.0,26.0,0,0,,26.0,0.0,0.0,0.0,0.0,2015-03-06,0,1,26.0,1,100.0,0.0,0.0,0.0,0.0
2015,3,8,7,WN,156,N281WN,MDW,OAK,840,845.0,5.0,11.0,856.0,290.0,270.0,252.0,1844,1108.0,7.0,1130,1115.0,-15.0,0,0,,0.0,0.0,0.0,0.0,0.0,2015-03-08,0,0,0.0,0,0.0,0.0,0.0,0.0,0.0
2015,3,20,5,NK,892,N502NK,MCO,DTW,2045,2032.0,-13.0,12.0,2044.0,155.0,162.0,136.0,957,2300.0,14.0,2320,2314.0,-6.0,0,0,,0.0,0.0,0.0,0.0,0.0,2015-03-20,0,0,0.0,0,0.0,0.0,0.0,0.0,0.0
2015,3,1,7,WN,556,N735SA,ATL,SAN,1540,1542.0,2.0,24.0,1606.0,315.0,337.0,301.0,1892,1807.0,12.0,1755,1819.0,24.0,0,0,,24.0,0.0,0.0,0.0,0.0,2015-03-01,0,1,24.0,1,100.0,0.0,0.0,0.0,0.0
2015,3,14,6,EV,4977,N842AS,MYR,ATL,1652,1701.0,9.0,23.0,1724.0,82.0,101.0,69.0,317,1833.0,9.0,1814,1842.0,28.0,0,0,,19.0,0.0,9.0,0.0,0.0,2015-03-14,0,1,28.0,1,67.86,0.0,32.14,0.0,0.0
2015,3,11,3,US,1862,N190UW,CLT,ORD,1145,1135.0,-10.0,25.0,1200.0,135.0,130.0,95.0,599,1235.0,10.0,1300,1245.0,-15.0,0,0,,0.0,0.0,0.0,0.0,0.0,2015-03-11,0,0,0.0,0,0.0,0.0,0.0,0.0,0.0
2015,2,19,4,WN,432,N613SW,MAF,DAL,910,905.0,-5.0,10.0,915.0,65.0,65.0,48.0,319,1003.0,7.0,1015,1010.0,-5.0,0,0,,0.0,0.0,0.0,0.0,0.0,2015-02-19,0,0,0.0,0,0.0,0.0,0.0,0.0,0.0
2015,3,2,1,DL,1378,N344NB,ATL,ORF,1525,1533.0,8.0,16.0,1549.0,102.0,87.0,68.0,516,1657.0,3.0,1707,1700.0,-7.0,0,0,,0.0,0.0,0.0,0.0,0.0,2015-03-02,0,0,0.0,0,0.0,0.0,0.0,0.0,0.0
2015,3,1,7,UA,726,N454UA,SFO,EWR,2340,9.0,29.0,12.0,21.0,319.0,284.0,263.0,2565,744.0,9.0,759,753.0,-6.0,0,0,,0.0,0.0,0.0,0.0,0.0,2015-03-01,1,0,0.0,0,0.0,0.0,0.0,0.0,0.0
2015,2,23,1,WN,3923,N7735A,ISP,BWI,1205,1208.0,3.0,14.0,1222.0,75.0,79.0,62.0,220,1324.0,3.0,1320,1327.0,7.0,0,0,,0.0,0.0,0.0,0.0,0.0,2015-02-23,0,0,0.0,0,0.0,0.0,0.0,0.0,0.0
2015,2,26,4,AA,1398,N4YTAA,ORD,AUS,2055,2235.0,100.0,11.0,2246.0,166.0,163.0,148.0,978,114.0,4.0,2341,118.0,97.0,0,0,,0.0,0.0,7.0,90.0,0.0,2015-02-26,1,1,97.0,1,0.0,0.0,7.22,92.78,0.0
2015,3,15,7,AA,2394,N3LCAA,DFW,SNA,1545,1547.0,2.0,17.0,1604.0,199.0,193.0,152.0,1205,1636.0,24.0,1704,1700.0,-4.0,0,0,,0.0,0.0,0.0,0.0,0.0,2015-03-15,0,0,0.0,0,0.0,0.0,0.0,0.0,0.0
2015,2,16,1,AA,937,N017AA,DFW,EGE,1648,1657.0,9.0,14.0,1711.0,135.0,174.0,156.0,721,1847.0,4.0,1803,1851.0,48.0,0,0,,39.0,0.0,9.0,0.0,0.0,2015-02-16,0,1,48.0,1,81.25,0.0,18.75,0.0,0.0
2015,2,20,5,DL,2183,N956AT,ATL,ORD,825,858.0,33.0,8.0,906.0,130.0,112.0,99.0,606,945.0,5.0,935,950.0,15.0,0,0,,0.0,0.0,0.0,0.0,15.0,2015-02-20,1,0,15.0,0,0.0,0.0,0.0,0.0,100.0
2015,3,22,7,DL,903,N674DL,ATL,BOS,2035,2035.0,0.0,15.0,2050.0,154.0,127.0,106.0,946,2236.0,6.0,2309,2242.0,-27.0,0,0,,0.0,0.0,0.0,0.0,0.0,2015-03-22,0,0,0.0,0,0.0,0.0,0.0,0.0,0.0
2015,2,23,1,F9,1256,N201FR,ORD,MIA,600,605.0,5.0,19.0,624.0,180.0,176.0,151.0,1197,955.0,6.0,1000,1001.0,1.0,0,0,,0.0,0.0,0.0,0.0,0.0,2015-02-23,0,0,0.0,0,0.0,0.0,0.0,0.0,0.0
2015,3,17,2,OO,4632,N439SW,SLC,MSO,1100,1159.0,59.0,17.0,1216.0,98.0,89.0,66.0,436,1322.0,6.0,1238,1328.0,50.0,0,0,,0.0,0.0,50.0,0.0,0.0,2015-03-17,1,1,50.0,1,0.0,0.0,100.0,0.0,0.0
2015,2,20,5,EV,4396,N11189,XNA,IAH,1448,1528.0,40.0,11.0,1539.0,103.0,96.0,74.0,438,1653.0,11.0,1631,1704.0,33.0,0,0,,0.0,0.0,0.0,33.0,0.0,2015-02-20,1,1,33.0,1,0.0,0.0,0.0,100.0,0.0
2015,3,26,4,UA,1198,N26210,LAX,ORD,30,37.0,7.0,13.0,50.0,247.0,247.0,222.0,1744,632.0,12.0,637,644.0,7.0,0,0,,0.0,0.0,0.0,0.0,0.0,2015-03-26,0,0,0.0,0,0.0,0.0,0.0,0.0,0.0
2015,2,14,6,OO,4571,N433SW,MSO,SLC,1304,1254.0,-10.0,14.0,1308.0,84.0,90.0,71.0,436,1419.0,5.0,1428,1424.0,-4.0,0,0,,0.0,0.0,0.0,0.0,0.0,2015-02-14,0,0,0.0,0,0.0,0.0,0.0,0.0,0.0
2015,2,17,2,WN,213,N955WN,FLL,DEN,1850,2118.0,148.0,8.0,2126.0,280.0,272.0,256.0,1703,2342.0,8.0,2130,2350.0,140.0,0,0,,0.0,0.0,5.0,135.0,0.0,2015-02-17,1,1,140.0,1,0.0,0.0,3.57,96.43,0.0
2015,2,19,4,AA,1140,N3BRAA,LGA,DFW,1733,1733.0,0.0,32.0,1805.0,252.0,245.0,201.0,1389,2026.0,12.0,2045,2038.0,-7.0,0,0,,0.0,0.0,0.0,0.0,0.0,2015-02-19,0,0,0.0,0,0.0,0.0,0.0,0.0,0.0
2015,3,4,3,US,525,N542UW,CLT,FLL,731,728.0,-3.0,34.0,802.0,120.0,140.0,101.0,631,943.0,5.0,931,948.0,17.0,0,0,,17.0,0.0,0.0,0.0,0.0,2015-03-04,0,1,17.0,1,100.0,0.0,0.0,0.0,0.0
2015,3,22,7,MQ,3638,N3AEMQ,COU,ORD,1243,1514.0,151.0,18.0,1532.0,80.0,76.0,51.0,315,1623.0,7.0,1403,1630.0,147.0,0,0,,0.0,0.0,147.0,0.0,0.0,2015-03-22,1,1,147.0,1,0.0,0.0,100.0,0.0,0.0
2015,3,16,1,UA,1184,N36207,SFO,PDX,2108,2105.0,-3.0,14.0,2119.0,102.0,93.0,75.0,550,2234.0,4.0,2250,2238.0,-12.0,0,0,,0.0,0.0,0.0,0.0,0.0,2015-03-16,0,0,0.0,0,0.0,0.0,0.0,0.0,0.0
2015,2,16,1,AA,1198,N3GDAA,DFW,FLL,1425,1452.0,27.0,12.0,1504.0,161.0,140.0,124.0,1119,1808.0,4.0,1806,1812.0,6.0,0,0,,0.0,0.0,0.0,0.0,0.0,2015-02-16,1,0,0.0,0,0.0,0.0,0.0,0.0,0.0
2015,3,5,4,OO,4722,N452SW,FWA,ATL,630,627.0,-3.0,28.0,655.0,115.0,143.0,104.0,508,839.0,11.0,825,850.0,25.0,0,0,,25.0,0.0,0.0,0.0,0.0,2015-03-05,0,1,25.0,1,100.0,0.0,0.0,0.0,0.0
2015,3,8,7,EV,4970,N730EV,LGA,SAV,1350,1349.0,-1.0,21.0,1410.0,150.0,139.0,113.0,722,1603.0,5.0,1620,1608.0,-12.0,0,0,,0.0,0.0,0.0,0.0,0.0,2015-03-08,0,0,0.0,0,0.0,0.0,0.0,0.0,0.0
2015,2,20,5,EV,5953,N16147,ORD,CID,1200,1200.0,0.0,33.0,1233.0,65.0,77.0,38.0,196,1311.0,6.0,1305,1317.0,12.0,0,0,,0.0,0.0,0.0,0.0,0.0,2015-02-20,0,0,0.0,0,0.0,0.0,0.0,0.0,0.0
2015,2,24,2,MQ,3028,N664MQ,DFW,SGF,1310,1450.0,100.0,24.0,1514.0,78.0,82.0,51.0,364,1605.0,7.0,1428,1612.0,104.0,0,0,,4.0,0.0,0.0,83.0,17.0,2015-02-24,1,1,104.0,1,3.85,0.0,0.0,79.81,16.35
2015,3,10,2,OO,4536,N613QX,SEA,PDX,2020,2016.0,-4.0,11.0,2027.0,55.0,42.0,27.0,129,2054.0,4.0,2115,2058.0,-17.0,0,0,,0.0,0.0,0.0,0.0,0.0,2015-03-10,0,0,0.0,0,0.0,0.0,0.0,0.0,0.0
2015,2,17,2,B6,207,N334JB,PWM,JFK,1055,1133.0,38.0,7.0,1140.0,74.0,91.0,70.0,273,1250.0,14.0,1209,1304.0,55.0,0,0,,17.0,0.0,9.0,29.0,0.0,2015-02-17,1,1,55.0,1,30.91,0.0,16.36,52.73,0.0
2015,3,22,7,EV,5234,N847AS,ATL,ILM,1642,1642.0,0.0,23.0,1705.0,82.0,78.0,52.0,377,1757.0,3.0,1804,1800.0,-4.0,0,0,,0.0,0.0,0.0,0.0,0.0,2015-03-22,0,0,0.0,0,0.0,0.0,0.0,0.0,0.0
2015,2,20,5,DL,1803,N900DE,ATL,RDU,1139,1138.0,-1.0,13.0,1151.0,80.0,69.0,50.0,356,1241.0,6.0,1259,1247.0,-12.0,0,0,,0.0,0.0,0.0,0.0,0.0,2015-02-20,0,0,0.0,0,0.0,0.0,0.0,0.0,0.0
2015,3,18,3,DL,770,N944DL,MCO,JFK,700,655.0,-5.0,14.0,709.0,155.0,152.0,126.0,944,915.0,12.0,935,927.0,-8.0,0,0,,0.0,0.0,0.0,0.0,0.0,2015-03-18,0,0,0.0,0,0.0,0.0,0.0,0.0,0.0
2015,2,15,7,UA,1107,N13110,MCO,EWR,800,751.0,-9.0,11.0,802.0,149.0,153.0,130.0,937,1012.0,12.0,1029,1024.0,-5.0,0,0,,0.0,0.0,0.0,0.0,0.0,2015-02-15,0,0,0.0,0,0.0,0.0,0.0,0.0,0.0
2015,3,24,2,UA,73,N66057,SFO,HNL,1610,1613.0,3.0,15.0,1628.0,338.0,318.0,297.0,2398,1825.0,6.0,1848,1831.0,-17.0,0,0,,0.0,0.0,0.0,0.0,0.0,2015-03-24,0,0,0.0,0,0.0,0.0,0.0,0.0,0.0
2015,3,11,3,OO,5242,N237SW,PSP,LAX,1910,1900.0,-10.0,4.0,1904.0,54.0,35.0,27.0,110,1931.0,4.0,2004,1935.0,-29.0,0,0,,0.0,0.0,0.0,0.0,0.0,2015-03-11,0,0,0.0,0,0.0,0.0,0.0,0.0,0.0
2015,3,11,3,WN,324,N7751A,STL,MSP,840,838.0,-2.0,10.0,848.0,90.0,81.0,66.0,448,954.0,5.0,1010,959.0,-11.0,0,0,,0.0,0.0,0.0,0.0,0.0,2015-03-11,0,0,0.0,0,0.0,0.0,0.0,0.0,0.0
2015,3,3,2,B6,813,N641JB,HPN,FLL,1529,1522.0,-7.0,16.0,1538.0,184.0,214.0,143.0,1097,1801.0,55.0,1833,1856.0,23.0,0,0,,23.0,0.0,0.0,0.0,0.0,2015-03-03,0,1,23.0,1,100.0,0.0,0.0,0.0,0.0
2015,3,24,2,DL,2156,N963AT,ATL,SYR,905,859.0,-6.0,16.0,915.0,129.0,126.0,106.0,794,1101.0,4.0,1114,1105.0,-9.0,0,0,,0.0,0.0,0.0,0.0,0.0,2015-03-24,0,0,0.0,0,0.0,0.0,0.0,0.0,0.0
2015,2,20,5,UA,1665,N17133,EWR,LAX,700,716.0,16.0,28.0,744.0,387.0,395.0,356.0,2454,1040.0,11.0,1027,1051.0,24.0,0,0,,8.0,0.0,16.0,0.0,0.0,2015-02-20,1,1,24.0,1,33.33,0.0,66.67,0.0,0.0
2015,3,17,2,WN,3417,N340LV,SAN,LAS,1545,1545.0,0.0,7.0,1552.0,70.0,59.0,49.0,258,1641.0,3.0,1655,1644.0,-11.0,0,0,,0.0,0.0,0.0,0.0,0.0,2015-03-17,0,0,0.0,0,0.0,0.0,0.0,0.0,0.0
2015,2,15,7,DL,1068,N906DE,ATL,RSW,940,936.0,-4.0,13.0,949.0,105.0,90.0,74.0,515,1103.0,3.0,1125,1106.0,-19.0,0,0,,0.0,0.0,0.0,0.0,0.0,2015-02-15,0,0,0.0,0,0.0,0.0,0.0,0.0,0.0
2015,3,10,2,UA,1529,N73299,RSW,EWR,1419,1429.0,10.0,10.0,1439.0,165.0,156.0,137.0,1068,1656.0,9.0,1704,1705.0,1.0,0,0,,0.0,0.0,0.0,0.0,0.0,2015-03-10,0,0,0.0,0,0.0,0.0,0.0,0.0,0.0
2015,3,6,5,UA,1628,N24702,EWR,CLE,1945,2008.0,23.0,12.0,2020.0,115.0,85.0,66.0,404,2126.0,7.0,2140,2133.0,-7.0,0,0,,0.0,0.0,0.0,0.0,0.0,2015-03-06,1,0,0.0,0,0.0,0.0,0.0,0.0,0.0
2015,3,1,7,OO,2692,N906SW,PSP,PHX,1510,1530.0,20.0,12.0,1542.0,65.0,67.0,46.0,261,1728.0,9.0,1715,1737.0,22.0,0,0,,2.0,0.0,0.0,20.0,0.0,2015-03-01,1,1,22.0,1,9.09,0.0,0.0,90.91,0.0
2015,3,9,1,DL,2169,N822DN,MCO,ATL,1330,1325.0,-5.0,10.0,1335.0,96.0,86.0,63.0,404,1438.0,13.0,1506,1451.0,-15.0,0,0,,0.0,0.0,0.0,0.0,0.0,2015-03-09,0,0,0.0,0,0.0,0.0,0.0,0.0,0.0
2015,2,27,5,OO,4977,N778SK,MTJ,ORD,1235,1227.0,-8.0,12.0,1239.0,165.0,157.0,131.0,1081,1550.0,14.0,1620,1604.0,-16.0,0,0,,0.0,0.0,0.0,0.0,0.0,2015-02-27,0,0,0.0,0,0.0,0.0,0.0,0.0,0.0
2015,3,7,6,OO,5304,N912SW,ONT,SFO,1740,1733.0,-7.0,14.0,1747.0,88.0,79.0,60.0,363,1847.0,5.0,1908,1852.0,-16.0,0,0,,0.0,0.0,0.0,0.0,0.0,2015-03-07,0,0,0.0,0,0.0,0.0,0.0,0.0,0.0
2015,3,24,2,UA,1406,N66828,IAH,DEN,2110,2110.0,0.0,15.0,2125.0,157.0,144.0,122.0,862,2227.0,7.0,2247,2234.0,-13.0,0,0,,0.0,0.0,0.0,0.0,0.0,2015-03-24,0,0,0.0,0,0.0,0.0,0.0,0.0,0.0
2015,3,25,3,WN,24,N524SW,HOU,DAL,1200,1157.0,-3.0,8.0,1205.0,60.0,54.0,43.0,239,1248.0,3.0,1300,1251.0,-9.0,0,0,,0.0,0.0,0.0,0.0,0.0,2015-03-25,0,0,0.0,0,0.0,0.0,0.0,0.0,0.0
2015,3,25,3,AS,92,N467AS,ANC,SEA,130,219.0,49.0,7.0,226.0,195.0,187.0,172.0,1448,618.0,8.0,545,626.0,41.0,0,0,,0.0,0.0,0.0,41.0,0.0,2015-03-25,1,1,41.0,1,0.0,0.0,0.0,100.0,0.0
2015,3,19,4,AA,2394,N3DVAA,SNA,DFW,1750,1740.0,-10.0,15.0,1755.0,164.0,181.0,147.0,1205,2222.0,19.0,2234,2241.0,7.0,0,0,,0.0,0.0,0.0,0.0,0.0,2015-03-19,0,0,0.0,0,0.0,0.0,0.0,0.0,0.0
2015,3,10,2,US,1869,N818AW,CLT,DTW,1300,1255.0,-5.0,18.0,1313.0,110.0,109.0,86.0,500,1439.0,5.0,1450,1444.0,-6.0,0,0,,0.0,0.0,0.0,0.0,0.0,2015-03-10,0,0,0.0,0,0.0,0.0,0.0,0.0,0.0
2015,3,3,2,AA,1450,N3KVAA,LAS,DFW,1328,1326.0,-2.0,18.0,1344.0,157.0,164.0,126.0,1055,1750.0,20.0,1805,1810.0,5.0,0,0,,0.0,0.0,0.0,0.0,0.0,2015-03-03,0,0,0.0,0,0.0,0.0,0.0,0.0,0.0
2015,2,15,7,F9,784,N206FR,LAS,DEN,2012,2010.0,-2.0,15.0,2025.0,106.0,106.0,86.0,628,2251.0,5.0,2258,2256.0,-2.0,0,0,,0.0,0.0,0.0,0.0,0.0,2015-02-15,0,0,0.0,0,0.0,0.0,0.0,0.0,0.0
2015,2,26,4,B6,1186,N296JB,RDU,JFK,1944,2021.0,37.0,18.0,2039.0,91.0,84.0,61.0,427,2140.0,5.0,2115,2145.0,30.0,0,0,,0.0,0.0,5.0,25.0,0.0,2015-02-26,1,1,30.0,1,0.0,0.0,16.67,83.33,0.0
2015,2,15,7,EV,5059,N136EV,ATL,GNV,1322,1317.0,-5.0,9.0,1326.0,71.0,60.0,48.0,300,1414.0,3.0,1433,1417.0,-16.0,0,0,,0.0,0.0,0.0,0.0,0.0,2015-02-15,0,0,0.0,0,0.0,0.0,0.0,0.0,0.0
2015,3,16,1,WN,4471,N8647A,MDW,RSW,720,715.0,-5.0,15.0,730.0,170.0,153.0,132.0,1105,1042.0,6.0,1110,1048.0,-22.0,0,0,,0.0,0.0,0.0,0.0,0.0,2015-03-16,0,0,0.0,0,0.0,0.0,0.0,0.0,0.0
2015,3,21,6,WN,1577,N956WN,BUF,MCO,1940,1932.0,-8.0,6.0,1938.0,160.0,143.0,129.0,1011,2147.0,8.0,2220,2155.0,-25.0,0,0,,0.0,0.0,0.0,0.0,0.0,2015-03-21,0,0,0.0,0,0.0,0.0,0.0,0.0,0.0
2015,3,6,5,UA,1182,N27908,SFO,LAX,1255,1346.0,51.0,30.0,1416.0,94.0,103.0,60.0,337,1516.0,13.0,1429,1529.0,60.0,0,0,,60.0,0.0,0.0,0.0,0.0,2015-03-06,1,1,60.0,1,100.0,0.0,0.0,0.0,0.0
2015,3,6,5,UA,1594,N25705,DCA,IAH,1515,1520.0,5.0,13.0,1533.0,221.0,217.0,193.0,1208,1746.0,11.0,1756,1757.0,1.0,0,0,,0.0,0.0,0.0,0.0,0.0,2015-03-06,0,0,0.0,0,0.0,0.0,0.0,0.0,0.0
2015,3,20,5,DL,2612,N935AT,ATL,EVV,2120,2117.0,-3.0,24.0,2141.0,80.0,86.0,56.0,350,2137.0,6.0,2140,2143.0,3.0,0,0,,0.0,0.0,0.0,0.0,0.0,2015-03-20,0,0,0.0,0,0.0,0.0,0.0,0.0,0.0
2015,3,11,3,UA,1740,N87507,LGA,DEN,756,800.0,4.0,14.0,814.0,276.0,256.0,233.0,1620,1007.0,9.0,1032,1016.0,-16.0,0,0,,0.0,0.0,0.0,0.0,0.0,2015-03-11,0,0,0.0,0,0.0,0.0,0.0,0.0,0.0
2015,3,23,1,UA,1431,N18220,BOS,LAX,600,609.0,9.0,33.0,642.0,397.0,418.0,366.0,2611,948.0,19.0,937,1007.0,30.0,0,0,,21.0,0.0,9.0,0.0,0.0,2015-03-23,0,1,30.0,1,70.0,0.0,30.0,0.0,0.0
2015,3,20,5,EV,5934,N15986,SCE,ORD,1655,1640.0,-15.0,14.0,1654.0,124.0,108.0,86.0,528,1720.0,8.0,1759,1728.0,-31.0,0,0,,0.0,0.0,0.0,0.0,0.0,2015-03-20,0,0,0.0,0,0.0,0.0,0.0,0.0,0.0
2015,3,19,4,NK,195,N633NK,MCO,FLL,2140,2135.0,-5.0,17.0,2152.0,58.0,57.0,35.0,177,2227.0,5.0,2238,2232.0,-6.0,0,0,,0.0,0.0,0.0,0.0,0.0,2015-03-19,0,0,0.0,0,0.0,0.0,0.0,0.0,0.0
2015,3,11,3,UA,338,N486UA,OMA,DEN,936,935.0,-1.0,23.0,958.0,104.0,96.0,65.0,472,1003.0,8.0,1020,1011.0,-9.0,0,0,,0.0,0.0,0.0,0.0,0.0,2015-03-11,0,0,0.0,0,0.0,0.0,0.0,0.0,0.0
2015,2,17,2,EV,5033,N921EV,ATL,ABE,1025,1323.0,178.0,10.0,1333.0,116.0,100.0,85.0,692,1458.0,5.0,1221,1503.0,162.0,0,0,,0.0,0.0,0.0,162.0,0.0,2015-02-17,1,1,162.0,1,0.0,0.0,0.0,100.0,0.0
2015,3,12,4,HA,102,N490HA,HNL,ITO,500,450.0,-10.0,8.0,458.0,49.0,50.0,38.0,216,536.0,4.0,549,540.0,-9.0,0,0,,0.0,0.0,0.0,0.0,0.0,2015-03-12,0,0,0.0,0,0.0,0.0,0.0,0.0,0.0
2015,3,10,2,UA,640,N842UA,IAH,SNA,1812,1809.0,-3.0,32.0,1841.0,224.0,215.0,179.0,1346,1940.0,4.0,1956,1944.0,-12.0,0,0,,0.0,0.0,0.0,0.0,0.0,2015-03-10,0,0,0.0,0,0.0,0.0,0.0,0.0,0.0
2015,3,15,7,AA,1210,N3ARAA,PHL,MIA,1330,1330.0,0.0,22.0,1352.0,178.0,167.0,135.0,1013,1607.0,10.0,1628,1617.0,-11.0,0,0,,0.0,0.0,0.0,0.0,0.0,2015-03-15,0,0,0.0,0,0.0,0.0,0.0,0.0,0.0
2015,2,19,4,AA,1695,N856AA,MCO,MIA,730,728.0,-2.0,23.0,751.0,62.0,64.0,34.0,192,825.0,7.0,832,832.0,0.0,0,0,,0.0,0.0,0.0,0.0,0.0,2015-02-19,0,0,0.0,0,0.0,0.0,0.0,0.0,0.0
2015,3,9,1,OO,5240,N764SK,ASE,ORD,720,716.0,-4.0,20.0,736.0,166.0,170.0,136.0,1013,1052.0,14.0,1106,1106.0,0.0,0,0,,0.0,0.0,0.0,0.0,0.0,2015-03-09,0,0,0.0,0,0.0,0.0,0.0,0.0,0.0
2015,3,1,7,WN,4368,N719SW,PHX,OAK,2000,2113.0,73.0,10.0,2123.0,115.0,106.0,89.0,646,2152.0,7.0,2055,2159.0,64.0,0,0,,0.0,0.0,31.0,33.0,0.0,2015-03-01,1,1,64.0,1,0.0,0.0,48.44,51.56,0.0
2015,2,24,2,US,1899,N560UW,CLT,MCO,1635,1803.0,88.0,18.0,1821.0,101.0,98.0,68.0,468,1929.0,12.0,1816,1941.0,85.0,0,0,,0.0,0.0,85.0,0.0,0.0,2015-02-24,1,1,85.0,1,0.0,0.0,100.0,0.0,0.0
2015,3,4,3,EV,4533,N13978,EWR,PWM,1510,1612.0,62.0,29.0,1641.0,75.0,94.0,46.0,284,1727.0,19.0,1625,1746.0,81.0,0,0,,19.0,0.0,62.0,0.0,0.0,2015-03-04,1,1,81.0,1,23.46,0.0,76.54,0.0,0.0
2015,2,23,1,HA,195,N489HA,OGG,HNL,1918,1911.0,-7.0,6.0,1917.0,35.0,38.0,23.0,100,1940.0,9.0,1953,1949.0,-4.0,0,0,,0.0,0.0,0.0,0.0,0.0,2015-02-23,0,0,0.0,0,0.0,0.0,0.0,0.0,0.0
2015,3,22,7,DL,1445,N924DL,DFW,ATL,1945,1953.0,8.0,13.0,2006.0,118.0,110.0,87.0,731,2233.0,10.0,2243,2243.0,0.0,0,0,,0.0,0.0,0.0,0.0,0.0,2015-03-22,0,0,0.0,0,0.0,0.0,0.0,0.0,0.0
2015,3,14,6,WN,1226,N7735A,PHX,DEN,2100,2056.0,-4.0,12.0,2108.0,105.0,108.0,91.0,602,2339.0,5.0,2345,2344.0,-1.0,0,0,,0.0,0.0,0.0,0.0,0.0,2015-03-14,0,0,0.0,0,0.0,0.0,0.0,0.0,0.0
2015,3,13,5,UA,1246,N33284,SEA,IAH,1152,1248.0,56.0,18.0,1306.0,258.0,247.0,225.0,1874,1851.0,4.0,1810,1855.0,45.0,0,0,,0.0,0.0,45.0,0.0,0.0,2015-03-13,1,1,45.0,1,0.0,0.0,100.0,0.0,0.0
2015,2,27,5,AA,1054,N3BTAA,ORD,SEA,1110,1105.0,-5.0,20.0,1125.0,277.0,262.0,236.0,1721,1321.0,6.0,1347,1327.0,-20.0,0,0,,0.0,0.0,0.0,0.0,0.0,2015-02-27,0,0,0.0,0,0.0,0.0,0.0,0.0,0.0
2015,2,13,5,EV,3273,N17159,IAH,GRK,1125,1121.0,-4.0,17.0,1138.0,58.0,55.0,35.0,166,1213.0,3.0,1223,1216.0,-7.0,0,0,,0.0,0.0,0.0,0.0,0.0,2015-02-13,0,0,0.0,0,0.0,0.0,0.0,0.0,0.0
2015,3,25,3,EV,5287,N751EV,MSP,RIC,1915,1913.0,-2.0,16.0,1929.0,149.0,138.0,118.0,970,2227.0,4.0,2244,2231.0,-13.0,0,0,,0.0,0.0,0.0,0.0,0.0,2015-03-25,0,0,0.0,0,0.0,0.0,0.0,0.0,0.0
2015,2,26,4,DL,2244,N349NB,DTW,MSP,835,840.0,5.0,32.0,912.0,130.0,115.0,80.0,528,932.0,3.0,945,935.0,-10.0,0,0,,0.0,0.0,0.0,0.0,0.0,2015-02-26,0,0,0.0,0,0.0,0.0,0.0,0.0,0.0
2015,3,10,2,WN,227,N387SW,RSW,MCI,1610,1610.0,0.0,19.0,1629.0,195.0,177.0,154.0,1155,1803.0,4.0,1825,1807.0,-18.0,0,0,,0.0,0.0,0.0,0.0,0.0,2015-03-10,0,0,0.0,0,0.0,0.0,0.0,0.0,0.0
2015,3,3,2,AS,682,N614AS,SEA,DEN,1325,1319.0,-6.0,15.0,1334.0,155.0,145.0,127.0,1024,1641.0,3.0,1700,1644.0,-16.0,0,0,,0.0,0.0,0.0,0.0,0.0,2015-03-03,0,0,0.0,0,0.0,0.0,0.0,0.0,0.0
2015,3,13,5,AA,134,N3FSAA,DCA,DFW,1745,1837.0,52.0,10.0,1847.0,216.0,196.0,173.0,1192,2040.0,13.0,2021,2053.0,32.0,0,0,,0.0,0.0,0.0,32.0,0.0,2015-03-13,1,1,32.0,1,0.0,0.0,0.0,100.0,0.0
2015,2,25,3,DL,2089,N314NB,MSP,SNA,945,1007.0,22.0,36.0,1043.0,243.0,249.0,207.0,1522,1210.0,6.0,1148,1216.0,28.0,0,0,,6.0,0.0,22.0,0.0,0.0,2015-02-25,1,1,28.0,1,21.43,0.0,78.57,0.0,0.0
2015,3,3,2,UA,541,N518UA,JFK,SFO,930,920.0,-10.0,28.0,948.0,399.0,403.0,368.0,2586,1256.0,7.0,1309,1303.0,-6.0,0,0,,0.0,0.0,0.0,0.0,0.0,2015-03-03,0,0,0.0,0,0.0,0.0,0.0,0.0,0.0
2015,2,17,2,AA,1019,N3EXAA,MIA,TPA,2149,2145.0,-4.0,9.0,2154.0,61.0,60.0,44.0,204,2238.0,7.0,2250,2245.0,-5.0,0,0,,0.0,0.0,0.0,0.0,0.0,2015-02-17,0,0,0.0,0,0.0,0.0,0.0,0.0,0.0
2015,2,14,6,WN,3728,N398SW,STL,LAS,955,951.0,-4.0,28.0,1019.0,220.0,230.0,197.0,1371,1136.0,5.0,1135,1141.0,6.0,0,0,,0.0,0.0,0.0,0.0,0.0,2015-02-14,0,0,0.0,0,0.0,0.0,0.0,0.0,0.0
2015,3,2,1,UA,258,N428UA,LAX,IAH,1805,1925.0,80.0,21.0,1946.0,189.0,190.0,165.0,1379,31.0,4.0,2314,35.0,81.0,0,0,,1.0,0.0,22.0,58.0,0.0,2015-03-02,1,1,81.0,1,1.23,0.0,27.16,71.6,0.0
2015,3,5,4,B6,1281,N231JB,BOS,RIC,1727,1942.0,135.0,13.0,1955.0,106.0,122.0,106.0,474,2141.0,3.0,1913,2144.0,151.0,0,0,,16.0,0.0,104.0,31.0,0.0,2015-03-05,1,1,151.0,1,10.6,0.0,68.87,20.53,0.0
2015,2,13,5,EV,5132,N847AS,HPN,DTW,1240,1232.0,-8.0,14.0,1246.0,116.0,108.0,88.0,505,1414.0,6.0,1436,1420.0,-16.0,0,0,,0.0,0.0,0.0,0.0,0.0,2015-02-13,0,0,0.0,0,0.0,0.0,0.0,0.0,0.0
2015,3,17,2,DL,1417,N919DL,CVG,ATL,1414,1413.0,-1.0,14.0,1427.0,101.0,87.0,67.0,373,1534.0,6.0,1555,1540.0,-15.0,0,0,,0.0,0.0,0.0,0.0,0.0,2015-03-17,0,0,0.0,0,0.0,0.0,0.0,0.0,0.0
2015,2,28,6,WN,2463,N933WN,ORF,MDW,1600,1601.0,1.0,7.0,1608.0,140.0,125.0,112.0,704,1700.0,6.0,1720,1706.0,-14.0,0,0,,0.0,0.0,0.0,0.0,0.0,2015-02-28,0,0,0.0,0,0.0,0.0,0.0,0.0,0.0
2015,3,22,7,DL,1684,N3763D,ATL,SJC,1930,1931.0,1.0,20.0,1951.0,323.0,304.0,281.0,2116,2132.0,3.0,2153,2135.0,-18.0,0,0,,0.0,0.0,0.0,0.0,0.0,2015-03-22,0,0,0.0,0,0.0,0.0,0.0,0.0,0.0
2015,2,21,6,B6,1347,N504JB,DCA,SJU,800,757.0,-3.0,18.0,815.0,221.0,213.0,187.0,1554,1222.0,8.0,1241,1230.0,-11.0,0,0,,0.0,0.0,0.0,0.0,0.0,2015-02-21,0,0,0.0,0,0.0,0.0,0.0,0.0,0.0
2015,3,11,3,AA,1484,N437AA,DFW,AUS,925,919.0,-6.0,17.0,936.0,58.0,65.0,43.0,190,1019.0,5.0,1023,1024.0,1.0,0,0,,0.0,0.0,0.0,0.0,0.0,2015-03-11,0,0,0.0,0,0.0,0.0,0.0,0.0,0.0
2015,3,8,7,HA,508,N477HA,LIH,OGG,930,920.0,-10.0,7.0,927.0,45.0,63.0,34.0,201,1001.0,22.0,1015,1023.0,8.0,0,0,,0.0,0.0,0.0,0.0,0.0,2015-03-08,0,0,0.0,0,0.0,0.0,0.0,0.0,0.0
2015,2,28,6,OO,2697,N897SK,PSP,PHX,1025,1021.0,-4.0,13.0,1034.0,63.0,64.0,42.0,261,1216.0,9.0,1228,1225.0,-3.0,0,0,,0.0,0.0,0.0,0.0,0.0,2015-02-28,0,0,0.0,0,0.0,0.0,0.0,0.0,0.0
2015,3,24,2,B6,298,N608JB,MCO,LGA,1011,1017.0,6.0,24.0,1041.0,151.0,154.0,122.0,950,1243.0,8.0,1242,1251.0,9.0,0,0,,0.0,0.0,0.0,0.0,0.0,2015-03-24,0,0,0.0,0,0.0,0.0,0.0,0.0,0.0
2015,2,25,3,EV,5063,N900EV,FAY,ATL,1210,1205.0,-5.0,18.0,1223.0,89.0,108.0,79.0,331,1342.0,11.0,1339,1353.0,14.0,0,0,,0.0,0.0,0.0,0.0,0.0,2015-02-25,0,0,0.0,0,0.0,0.0,0.0,0.0,0.0
2015,2,25,3,DL,2373,N684DA,ATL,MIA,1225,1253.0,28.0,61.0,1354.0,120.0,156.0,86.0,594,1520.0,9.0,1425,1529.0,64.0,0,0,,36.0,0.0,0.0,14.0,14.0,2015-02-25,1,1,64.0,1,56.25,0.0,0.0,21.88,21.88
2015,3,9,1,US,2118,N950UW,BOS,LGA,1800,1817.0,17.0,23.0,1840.0,84.0,69.0,41.0,184,1921.0,5.0,1924,1926.0,2.0,0,0,,0.0,0.0,0.0,0.0,0.0,2015-03-09,1,0,0.0,0,0.0,0.0,0.0,0.0,0.0
2015,3,13,5,US,2031,N730US,PHL,ATL,1620,1618.0,-2.0,33.0,1651.0,142.0,151.0,113.0,666,1844.0,5.0,1842,1849.0,7.0,0,0,,0.0,0.0,0.0,0.0,0.0,2015-03-13,0,0,0.0,0,0.0,0.0,0.0,0.0,0.0
2015,2,17,2,WN,4542,N270WN,PHX,DEN,540,607.0,27.0,7.0,614.0,115.0,107.0,94.0,602,748.0,6.0,735,754.0,19.0,0,0,,0.0,0.0,19.0,0.0,0.0,2015-02-17,1,1,19.0,1,0.0,0.0,100.0,0.0,0.0
2015,2,28,6,DL,1964,N903DE,JAX,ATL,1835,1833.0,-2.0,16.0,1849.0,85.0,82.0,53.0,270,1942.0,13.0,2000,1955.0,-5.0,0,0,,0.0,0.0,0.0,0.0,0.0,2015-02-28,0,0,0.0,0,0.0,0.0,0.0,0.0,0.0
2015,2,27,5,F9,907,N952FR,TTN,RDU,1955,2222.0,147.0,10.0,2232.0,86.0,82.0,67.0,373,2339.0,5.0,2121,2344.0,143.0,0,0,,0.0,0.0,0.0,143.0,0.0,2015-02-27,1,1,143.0,1,0.0,0.0,0.0,100.0,0.0
2015,2,20,5,B6,428,N534JB,MCO,EWR,2145,2139.0,-6.0,18.0,2157.0,144.0,156.0,132.0,937,9.0,6.0,9,15.0,6.0,0,0,,0.0,0.0,0.0,0.0,0.0,2015-02-20,0,0,0.0,0,0.0,0.0,0.0,0.0,0.0
2015,3,23,1,MQ,3460,N853MQ,DFW,GPT,1700,1726.0,26.0,12.0,1738.0,89.0,86.0,72.0,500,1850.0,2.0,1829,1852.0,23.0,0,0,,0.0,0.0,19.0,4.0,0.0,2015-03-23,1,1,23.0,1,0.0,0.0,82.61,17.39,0.0
2015,3,1,7,DL,2372,N901DA,TPA,ATL,1545,1604.0,19.0,12.0,1616.0,95.0,87.0,67.0,406,1723.0,8.0,1720,1731.0,11.0,0,0,,0.0,0.0,0.0,0.0,0.0,2015-03-01,1,0,0.0,0,0.0,0.0,0.0,0.0,0.0
2015,3,4,3,AA,1140,N3JWAA,LGA,DFW,1733,1808.0,35.0,30.0,1838.0,252.0,270.0,235.0,1389,2133.0,5.0,2045,2138.0,53.0,0,0,,18.0,0.0,4.0,31.0,0.0,2015-03-04,1,1,53.0,1,33.96,0.0,7.55,58.49,0.0
2015,3,3,2,DL,2249,N964DL,ATL,IAH,2158,2224.0,26.0,12.0,2236.0,138.0,128.0,105.0,689,2321.0,11.0,2316,2332.0,16.0,0,0,,0.0,0.0,16.0,0.0,0.0,2015-03-03,1,1,16.0,1,0.0,0.0,100.0,0.0,0.0
2015,2,16,1,UA,1175,N66828,PDX,IAH,1203,1159.0,-4.0,7.0,1206.0,242.0,246.0,210.0,1825,1736.0,29.0,1805,1805.0,0.0,0,0,,0.0,0.0,0.0,0.0,0.0,2015-02-16,0,0,0.0,0,0.0,0.0,0.0,0.0,0.0
2015,3,4,3,UA,537,N844UA,SFO,LAX,600,554.0,-6.0,9.0,603.0,92.0,74.0,54.0,337,657.0,11.0,732,708.0,-24.0,0,0,,0.0,0.0,0.0,0.0,0.0,2015-03-04,0,0,0.0,0,0.0,0.0,0.0,0.0,0.0
2015,3,24,2,EV,6057,N16999,ORD,BNA,1540,1537.0,-3.0,16.0,1553.0,92.0,87.0,64.0,409,1657.0,7.0,1712,1704.0,-8.0,0,0,,0.0,0.0,0.0,0.0,0.0,2015-03-24,0,0,0.0,0,0.0,0.0,0.0,0.0,0.0
2015,2,28,6,WN,3379,N421LV,LAS,DEN,1605,1605.0,0.0,16.0,1621.0,110.0,95.0,72.0,628,1833.0,7.0,1855,1840.0,-15.0,0,0,,0.0,0.0,0.0,0.0,0.0,2015-02-28,0,0,0.0,0,0.0,0.0,0.0,0.0,0.0
2015,2,16,1,US,891,N173US,MCO,CLT,1205,1157.0,-8.0,12.0,1209.0,103.0,96.0,77.0,468,1326.0,7.0,1348,1333.0,-15.0,0,0,,0.0,0.0,0.0,0.0,0.0,2015-02-16,0,0,0.0,0,0.0,0.0,0.0,0.0,0.0
2015,3,6,5,EV,5459,N614QX,LGA,BUF,1645,1819.0,94.0,22.0,1841.0,92.0,78.0,51.0,292,1932.0,5.0,1817,1937.0,80.0,0,0,,0.0,0.0,49.0,31.0,0.0,2015-03-06,1,1,80.0,1,0.0,0.0,61.25,38.75,0.0
2015,3,15,7,AA,1582,N5EWAA,BOS,MIA,1100,1058.0,-2.0,19.0,1117.0,220.0,197.0,171.0,1258,1408.0,7.0,1440,1415.0,-25.0,0,0,,0.0,0.0,0.0,0.0,0.0,2015-03-15,0,0,0.0,0,0.0,0.0,0.0,0.0,0.0
2015,3,4,3,WN,181,N8311Q,RNO,LAS,700,657.0,-3.0,22.0,719.0,85.0,83.0,56.0,345,815.0,5.0,825,820.0,-5.0,0,0,,0.0,0.0,0.0,0.0,0.0,2015-03-04,0,0,0.0,0,0.0,0.0,0.0,0.0,0.0
2015,3,19,4,AA,1670,N3LBAA,ORD,BOS,1400,1415.0,15.0,18.0,1433.0,133.0,137.0,100.0,867,1713.0,19.0,1713,1732.0,19.0,0,0,,4.0,0.0,0.0,15.0,0.0,2015-03-19,0,1,19.0,1,21.05,0.0,0.0,78.95,0.0
2015,2,19,4,DL,1083,N552NW,ATL,RDU,2200,2221.0,21.0,15.0,2236.0,82.0,70.0,50.0,356,2326.0,5.0,2322,2331.0,9.0,0,0,,0.0,0.0,0.0,0.0,0.0,2015-02-19,1,0,0.0,0,0.0,0.0,0.0,0.0,0.0
2015,3,9,1,WN,1521,N965WN,CLT,MDW,625,623.0,-2.0,11.0,634.0,125.0,118.0,95.0,584,709.0,12.0,730,721.0,-9.0,0,0,,0.0,0.0,0.0,0.0,0.0,2015-03-09,0,0,0.0,0,0.0,0.0,0.0,0.0,0.0
2015,2,17,2,AA,1425,N853AA,DFW,PHX,1915,1915.0,0.0,10.0,1925.0,159.0,142.0,126.0,868,2031.0,6.0,2054,2037.0,-17.0,0,0,,0.0,0.0,0.0,0.0,0.0,2015-02-17,0,0,0.0,0,0.0,0.0,0.0,0.0,0.0
2015,3,18,3,AA,1049,N3DLAA,DFW,RDU,1745,1742.0,-3.0,17.0,1759.0,142.0,162.0,138.0,1061,2117.0,7.0,2107,2124.0,17.0,0,0,,17.0,0.0,0.0,0.0,0.0,2015-03-18,0,1,17.0,1,100.0,0.0,0.0,0.0,0.0
2015,3,20,5,HA,181,N478HA,ITO,HNL,1302,1300.0,-2.0,8.0,1308.0,53.0,56.0,41.0,216,1349.0,7.0,1355,1356.0,1.0,0,0,,0.0,0.0,0.0,0.0,0.0,2015-03-20,0,0,0.0,0,0.0,0.0,0.0,0.0,0.0
2015,3,9,1,MQ,2944,N698MQ,FSM,DFW,1024,1021.0,-3.0,11.0,1032.0,66.0,95.0,46.0,227,1118.0,38.0,1130,1156.0,26.0,0,0,,26.0,0.0,0.0,0.0,0.0,2015-03-09,0,1,26.0,1,100.0,0.0,0.0,0.0,0.0
2015,2,25,3,VX,871,N846VA,DAL,LAX,800,800.0,0.0,43.0,843.0,205.0,228.0,177.0,1246,940.0,8.0,925,948.0,23.0,0,0,,0.0,0.0,0.0,0.0,23.0,2015-02-25,0,1,23.0,1,0.0,0.0,0.0,0.0,100.0
2015,3,14,6,B6,61,N648JB,BOS,SJU,830,839.0,9.0,14.0,853.0,242.0,218.0,200.0,1674,1213.0,4.0,1232,1217.0,-15.0,0,0,,0.0,0.0,0.0,0.0,0.0,2015-03-14,0,0,0.0,0,0.0,0.0,0.0,0.0,0.0
2015,3,10,2,WN,320,N392SW,DCA,HOU,1405,1404.0,-1.0,18.0,1422.0,215.0,211.0,190.0,1218,1632.0,3.0,1640,1635.0,-5.0,0,0,,0.0,0.0,0.0,0.0,0.0,2015-03-10,0,0,0.0,0,0.0,0.0,0.0,0.0,0.0
2015,2,20,5,OO,5161,N109SY,ORD,SAT,1216,1237.0,21.0,15.0,1252.0,191.0,171.0,153.0,1041,1525.0,3.0,1527,1528.0,1.0,0,0,,0.0,0.0,0.0,0.0,0.0,2015-02-20,1,0,0.0,0,0.0,0.0,0.0,0.0,0.0
2015,2,22,7,WN,1535,N8319F,MSP,PHX,1615,1615.0,0.0,12.0,1627.0,210.0,207.0,186.0,1276,1833.0,9.0,1845,1842.0,-3.0,0,0,,0.0,0.0,0.0,0.0,0.0,2015-02-22,0,0,0.0,0,0.0,0.0,0.0,0.0,0.0
2015,2,20,5,US,454,N581UW,SFO,PHX,1705,1658.0,-7.0,13.0,1711.0,122.0,112.0,90.0,651,1941.0,9.0,2007,1950.0,-17.0,0,0,,0.0,0.0,0.0,0.0,0.0,2015-02-20,0,0,0.0,0,0.0,0.0,0.0,0.0,0.0
2015,3,4,3,EV,4471,N24103,EWR,CLT,638,635.0,-3.0,24.0,659.0,126.0,143.0,113.0,529,852.0,6.0,844,858.0,14.0,0,0,,0.0,0.0,0.0,0.0,0.0,2015-03-04,0,0,0.0,0,0.0,0.0,0.0,0.0,0.0
2015,2,27,5,MQ,3080,N505MQ,ELP,ORD,1311,1337.0,26.0,19.0,1356.0,174.0,173.0,141.0,1236,1717.0,13.0,1705,1730.0,25.0,0,0,,0.0,0.0,0.0,25.0,0.0,2015-02-27,1,1,25.0,1,0.0,0.0,0.0,100.0,0.0
2015,2,16,1,UA,1635,N34282,EWR,PHX,1736,1811.0,35.0,21.0,1832.0,340.0,326.0,298.0,2133,2130.0,7.0,2116,2137.0,21.0,0,0,,0.0,0.0,21.0,0.0,0.0,2015-02-16,1,1,21.0,1,0.0,0.0,100.0,0.0,0.0
2015,2,15,7,WN,1167,N7721E,AUS,DAL,800,757.0,-3.0,10.0,807.0,60.0,54.0,41.0,189,848.0,3.0,900,851.0,-9.0,0,0,,0.0,0.0,0.0,0.0,0.0,2015-02-15,0,0,0.0,0,0.0,0.0,0.0,0.0,0.0
2015,3,24,2,EV,5078,N842AS,DTW,MHT,1007,1000.0,-7.0,12.0,1012.0,113.0,98.0,81.0,610,1133.0,5.0,1200,1138.0,-22.0,0,0,,0.0,0.0,0.0,0.0,0.0,2015-03-24,0,0,0.0,0,0.0,0.0,0.0,0.0,0.0
2015,3,2,1,EV,4922,N691CA,ATL,AVP,2100,2059.0,-1.0,16.0,2115.0,120.0,112.0,93.0,714,2248.0,3.0,2300,2251.0,-9.0,0,0,,0.0,0.0,0.0,0.0,0.0,2015-03-02,0,0,0.0,0,0.0,0.0,0.0,0.0,0.0
2015,3,22,7,WN,2527,N955WN,RNO,MDW,1445,1449.0,4.0,7.0,1456.0,220.0,213.0,191.0,1680,2007.0,15.0,2025,2022.0,-3.0,0,0,,0.0,0.0,0.0,0.0,0.0,2015-03-22,0,0,0.0,0,0.0,0.0,0.0,0.0,0.0
2015,3,8,7,DL,2559,N6705Y,SLC,BOI,2209,2206.0,-3.0,12.0,2218.0,66.0,62.0,47.0,290,2305.0,3.0,2315,2308.0,-7.0,0,0,,0.0,0.0,0.0,0.0,0.0,2015-03-08,0,0,0.0,0,0.0,0.0,0.0,0.0,0.0
2015,3,15,7,MQ,3618,N520MQ,ORD,LIT,1505,1503.0,-2.0,13.0,1516.0,106.0,87.0,71.0,552,1627.0,3.0,1651,1630.0,-21.0,0,0,,0.0,0.0,0.0,0.0,0.0,2015-03-15,0,0,0.0,0,0.0,0.0,0.0,0.0,0.0
2015,2,25,3,WN,380,N613SW,MCI,IND,800,808.0,8.0,11.0,819.0,80.0,80.0,64.0,451,1023.0,5.0,1020,1028.0,8.0,0,0,,0.0,0.0,0.0,0.0,0.0,2015-02-25,0,0,0.0,0,0.0,0.0,0.0,0.0,0.0
2015,3,4,3,VX,411,N640VA,JFK,LAX,1300,1254.0,-6.0,10.0,1304.0,385.0,403.0,387.0,2475,1631.0,6.0,1625,1637.0,12.0,0,0,,0.0,0.0,0.0,0.0,0.0,2015-03-04,0,0,0.0,0,0.0,0.0,0.0,0.0,0.0
2015,3,11,3,WN,2702,N930WN,DCA,ATL,1205,1217.0,12.0,11.0,1228.0,115.0,108.0,89.0,547,1357.0,8.0,1400,1405.0,5.0,0,0,,0.0,0.0,0.0,0.0,0.0,2015-03-11,0,0,0.0,0,0.0,0.0,0.0,0.0,0.0
2015,2,22,7,EV,3925,N17185,DEN,CLE,955,957.0,2.0,32.0,1029.0,178.0,168.0,130.0,1201,1439.0,6.0,1453,1445.0,-8.0,0,0,,0.0,0.0,0.0,0.0,0.0,2015-02-22,0,0,0.0,0,0.0,0.0,0.0,0.0,0.0
2015,3,22,7,OO,4770,N443SW,DIK,MSP,1115,1107.0,-8.0,11.0,1118.0,96.0,83.0,68.0,481,1326.0,4.0,1351,1330.0,-21.0,0,0,,0.0,0.0,0.0,0.0,0.0,2015-03-22,0,0,0.0,0,0.0,0.0,0.0,0.0,0.0
2015,2,24,2,AA,1246,N3HNAA,FLL,ORD,1455,1500.0,5.0,35.0,1535.0,203.0,228.0,184.0,1182,1739.0,9.0,1718,1748.0,30.0,0,0,,30.0,0.0,0.0,0.0,0.0,2015-02-24,0,1,30.0,1,100.0,0.0,0.0,0.0,0.0
2015,3,21,6,AA,1316,N3LYAA,SNA,DFW,730,723.0,-7.0,17.0,740.0,176.0,193.0,155.0,1205,1215.0,21.0,1226,1236.0,10.0,0,0,,0.0,0.0,0.0,0.0,0.0,2015-03-21,0,0,0.0,0,0.0,0.0,0.0,0.0,0.0
2015,3,15,7,WN,362,N600WN,PIT,MCO,1455,1534.0,39.0,1.0,1535.0,135.0,107.0,100.0,834,1715.0,6.0,1710,1721.0,11.0,0,0,,0.0,0.0,0.0,0.0,0.0,2015-03-15,1,0,0.0,0,0.0,0.0,0.0,0.0,0.0
2015,2,16,1,EV,5095,N857AS,ATL,GTR,1920,2002.0,42.0,17.0,2019.0,68.0,72.0,53.0,241,2012.0,2.0,1928,2014.0,46.0,0,0,,4.0,0.0,0.0,42.0,0.0,2015-02-16,1,1,46.0,1,8.7,0.0,0.0,91.3,0.0
2015,2,16,1,OO,6406,N743SK,EUG,SFO,1343,1430.0,47.0,13.0,1443.0,94.0,84.0,67.0,451,1550.0,4.0,1517,1554.0,37.0,0,0,,0.0,0.0,0.0,37.0,0.0,2015-02-16,1,1,37.0,1,0.0,0.0,0.0,100.0,0.0
2015,3,25,3,EV,2562,N879AS,DFW,TYS,1805,1824.0,19.0,21.0,1845.0,113.0,121.0,96.0,772,2121.0,4.0,2058,2125.0,27.0,0,0,,8.0,0.0,0.0,19.0,0.0,2015-03-25,1,1,27.0,1,29.63,0.0,0.0,70.37,0.0
2015,2,14,6,US,639,N556UW,FLL,CLT,1020,1017.0,-3.0,17.0,1034.0,121.0,131.0,102.0,631,1216.0,12.0,1221,1228.0,7.0,0,0,,0.0,0.0,0.0,0.0,0.0,2015-02-14,0,0,0.0,0,0.0,0.0,0.0,0.0,0.0
2015,3,4,3,NK,167,N636NK,ORD,PHX,2115,2109.0,-6.0,13.0,2122.0,229.0,232.0,215.0,1440,2357.0,4.0,4,1.0,-3.0,0,0,,0.0,0.0,0.0,0.0,0.0,2015-03-04,0,0,0.0,0,0.0,0.0,0.0,0.0,0.0
2015,3,16,1,DL,1994,N3734B,PHX,JFK,700,658.0,-2.0,14.0,712.0,282.0,284.0,262.0,2153,1434.0,8.0,1442,1442.0,0.0,0,0,,0.0,0.0,0.0,0.0,0.0,2015-03-16,0,0,0.0,0,0.0,0.0,0.0,0.0,0.0
2015,2,16,1,EV,4209,N48901,BTR,IAH,525,520.0,-5.0,13.0,533.0,72.0,71.0,52.0,253,625.0,6.0,637,631.0,-6.0,0,0,,0.0,0.0,0.0,0.0,0.0,2015-02-16,0,0,0.0,0,0.0,0.0,0.0,0.0,0.0
2015,2,24,2,OO,5399,N585SW,LAX,SBP,1846,1845.0,-1.0,27.0,1912.0,60.0,74.0,42.0,156,1954.0,5.0,1946,1959.0,13.0,0,0,,0.0,0.0,0.0,0.0,0.0,2015-02-24,0,0,0.0,0,0.0,0.0,0.0,0.0,0.0
2015,2,26,4,US,410,N672AW,PHX,SNA,845,838.0,-7.0,13.0,851.0,82.0,79.0,61.0,338,852.0,5.0,907,857.0,-10.0,0,0,,0.0,0.0,0.0,0.0,0.0,2015-02-26,0,0,0.0,0,0.0,0.0,0.0,0.0,0.0
2015,3,3,2,UA,1130,N36469,IAD,MSY,1706,1703.0,-3.0,13.0,1716.0,171.0,153.0,135.0,955,1831.0,5.0,1857,1836.0,-21.0,0,0,,0.0,0.0,0.0,0.0,0.0,2015-03-03,0,0,0.0,0,0.0,0.0,0.0,0.0,0.0
2015,2,13,5,DL,1248,N143DA,DTW,LAX,1542,1629.0,47.0,12.0,1641.0,323.0,282.0,251.0,1979,1752.0,19.0,1805,1811.0,6.0,0,0,,0.0,0.0,0.0,0.0,0.0,2015-02-13,1,0,0.0,0,0.0,0.0,0.0,0.0,0.0
2015,3,11,3,AS,817,N585AS,OAK,KOA,930,937.0,7.0,10.0,947.0,342.0,375.0,362.0,2378,1249.0,3.0,1212,1252.0,40.0,0,0,,33.0,0.0,7.0,0.0,0.0,2015-03-11,0,1,40.0,1,82.5,0.0,17.5,0.0,0.0
2015,3,21,6,UA,614,N406UA,ORD,DCA,2030,2138.0,68.0,9.0,2147.0,107.0,86.0,74.0,612,1.0,3.0,2317,4.0,47.0,0,0,,0.0,0.0,21.0,26.0,0.0,2015-03-21,1,1,47.0,1,0.0,0.0,44.68,55.32,0.0
2015,2,17,2,OO,4571,N455SW,SLC,MSO,1100,1059.0,-1.0,23.0,1122.0,99.0,110.0,81.0,436,1243.0,6.0,1239,1249.0,10.0,0,0,,0.0,0.0,0.0,0.0,0.0,2015-02-17,0,0,0.0,0,0.0,0.0,0.0,0.0,0.0
2015,2,13,5,WN,45,N669SW,HOU,GSP,1905,1917.0,12.0,9.0,1926.0,120.0,116.0,103.0,845,2209.0,4.0,2205,2213.0,8.0,0,0,,0.0,0.0,0.0,0.0,0.0,2015-02-13,0,0,0.0,0,0.0,0.0,0.0,0.0,0.0
2015,3,3,2,OO,4831,N821SK,PHX,LAX,2011,2009.0,-2.0,19.0,2028.0,99.0,97.0,53.0,370,2021.0,25.0,2050,2046.0,-4.0,0,0,,0.0,0.0,0.0,0.0,0.0,2015-03-03,0,0,0.0,0,0.0,0.0,0.0,0.0,0.0
2015,2,27,5,OO,4703,N807SK,SMF,LAX,1948,1950.0,2.0,15.0,2005.0,87.0,95.0,61.0,373,2106.0,19.0,2115,2125.0,10.0,0,0,,0.0,0.0,0.0,0.0,0.0,2015-02-27,0,0,0.0,0,0.0,0.0,0.0,0.0,0.0
2015,3,17,2,EV,4495,N18556,EWR,SAV,1341,1339.0,-2.0,68.0,1447.0,147.0,179.0,106.0,708,1633.0,5.0,1608,1638.0,30.0,0,0,,30.0,0.0,0.0,0.0,0.0,2015-03-17,0,1,30.0,1,100.0,0.0,0.0,0.0,0.0
2015,3,17,2,EV,5464,N605QX,ATL,MLI,2051,2049.0,-2.0,36.0,2125.0,116.0,130.0,91.0,633,2156.0,3.0,2147,2159.0,12.0,0,0,,0.0,0.0,0.0,0.0,0.0,2015-03-17,0,0,0.0,0,0.0,0.0,0.0,0.0,0.0
2015,3,16,1,WN,1336,N7714B,STL,BNA,1950,1944.0,-6.0,8.0,1952.0,65.0,54.0,42.0,272,2034.0,4.0,2055,2038.0,-17.0,0,0,,0.0,0.0,0.0,0.0,0.0,2015-03-16,0,0,0.0,0,0.0,0.0,0.0,0.0,0.0
2015,3,2,1,OO,4830,N454SW,MSP,ISN,1000,1106.0,66.0,18.0,1124.0,123.0,116.0,90.0,546,1254.0,8.0,1203,1302.0,59.0,0,0,,0.0,0.0,19.0,40.0,0.0,2015-03-02,1,1,59.0,1,0.0,0.0,32.2,67.8,0.0
2015,3,10,2,OO,3482,N219AG,SEA,SBA,1450,1656.0,126.0,16.0,1712.0,143.0,142.0,117.0,908,1909.0,9.0,1713,1918.0,125.0,0,0,,0.0,0.0,0.0,125.0,0.0,2015-03-10,1,1,125.0,1,0.0,0.0,0.0,100.0,0.0
2015,3,10,2,EV,4380,N16561,EWR,ROC,837,908.0,31.0,19.0,927.0,81.0,78.0,51.0,246,1018.0,8.0,958,1026.0,28.0,0,0,,0.0,0.0,28.0,0.0,0.0,2015-03-10,1,1,28.0,1,0.0,0.0,100.0,0.0,0.0
2015,2,16,1,EV,4378,N15574,MAF,IAH,813,803.0,-10.0,9.0,812.0,82.0,87.0,68.0,429,920.0,10.0,935,930.0,-5.0,0,0,,0.0,0.0,0.0,0.0,0.0,2015-02-16,0,0,0.0,0,0.0,0.0,0.0,0.0,0.0
2015,3,3,2,F9,1069,N209FR,ATL,ORD,1000,1336.0,216.0,10.0,1346.0,120.0,120.0,102.0,606,1428.0,8.0,1100,1436.0,216.0,0,0,,21.0,0.0,5.0,190.0,0.0,2015-03-03,1,1,216.0,1,9.72,0.0,2.31,87.96,0.0
2015,3,16,1,MQ,3008,N620MQ,ORD,IND,1400,1358.0,-2.0,12.0,1410.0,56.0,47.0,31.0,177,1541.0,4.0,1556,1545.0,-11.0,0,0,,0.0,0.0,0.0,0.0,0.0,2015-03-16,0,0,0.0,0,0.0,0.0,0.0,0.0,0.0
2015,3,17,2,US,516,N172US,PHX,SMF,2030,2024.0,-6.0,17.0,2041.0,123.0,109.0,88.0,647,2209.0,4.0,2233,2213.0,-20.0,0,0,,0.0,0.0,0.0,0.0,0.0,2015-03-17,0,0,0.0,0,0.0,0.0,0.0,0.0,0.0
2015,2,20,5,AA,1093,N3FLAA,DFW,SEA,2155,2157.0,2.0,12.0,2209.0,263.0,261.0,245.0,1660,14.0,4.0,18,18.0,0.0,0,0,,0.0,0.0,0.0,0.0,0.0,2015-02-20,0,0,0.0,0,0.0,0.0,0.0,0.0,0.0
2015,3,12,4,DL,1977,N932DN,ATL,ORD,1610,1611.0,1.0,16.0,1627.0,130.0,114.0,92.0,606,1659.0,6.0,1720,1705.0,-15.0,0,0,,0.0,0.0,0.0,0.0,0.0,2015-03-12,0,0,0.0,0,0.0,0.0,0.0,0.0,0.0
2015,3,8,7,B6,644,N615JB,PBI,EWR,746,740.0,-6.0,11.0,751.0,167.0,153.0,137.0,1023,1008.0,5.0,1033,1013.0,-20.0,0,0,,0.0,0.0,0.0,0.0,0.0,2015-03-08,0,0,0.0,0,0.0,0.0,0.0,0.0,0.0
2015,3,5,4,F9,1089,N948FR,RSW,ORD,1030,1053.0,23.0,20.0,1113.0,185.0,179.0,148.0,1120,1241.0,11.0,1235,1252.0,17.0,0,0,,0.0,0.0,12.0,5.0,0.0,2015-03-05,1,1,17.0,1,0.0,0.0,70.59,29.41,0.0
2015,3,25,3,WN,294,N8603F,LAX,BWI,1255,1304.0,9.0,11.0,1315.0,295.0,305.0,288.0,2329,2103.0,6.0,2050,2109.0,19.0,0,0,,10.0,0.0,9.0,0.0,0.0,2015-03-25,0,1,19.0,1,52.63,0.0,47.37,0.0,0.0
2015,2,16,1,AA,37,N3EPAA,DFW,SAN,2100,2101.0,1.0,19.0,2120.0,185.0,191.0,169.0,1171,2209.0,3.0,2205,2212.0,7.0,0,0,,0.0,0.0,0.0,0.0,0.0,2015-02-16,0,0,0.0,0,0.0,0.0,0.0,0.0,0.0
2015,3,5,4,EV,5043,N759EV,ATL,GSP,1659,1700.0,1.0,17.0,1717.0,54.0,50.0,28.0,153,1745.0,5.0,1753,1750.0,-3.0,0,0,,0.0,0.0,0.0,0.0,0.0,2015-03-05,0,0,0.0,0,0.0,0.0,0.0,0.0,0.0
2015,2,16,1,US,408,N644AW,PHX,PDX,1125,1132.0,7.0,18.0,1150.0,176.0,169.0,150.0,1009,1320.0,1.0,1321,1321.0,0.0,0,0,,0.0,0.0,0.0,0.0,0.0,2015-02-16,0,0,0.0,0,0.0,0.0,0.0,0.0,0.0
2015,2,16,1,OO,5168,N106SY,ORD,MSP,1815,1815.0,0.0,19.0,1834.0,90.0,83.0,60.0,334,1934.0,4.0,1945,1938.0,-7.0,0,0,,0.0,0.0,0.0,0.0,0.0,2015-02-16,0,0,0.0,0,0.0,0.0,0.0,0.0,0.0
2015,3,2,1,B6,994,N729JB,DEN,BOS,2319,2356.0,37.0,13.0,9.0,221.0,191.0,174.0,1754,503.0,4.0,500,507.0,7.0,0,0,,0.0,0.0,0.0,0.0,0.0,2015-03-02,1,0,0.0,0,0.0,0.0,0.0,0.0,0.0
2015,2,25,3,DL,2565,N384DA,LAS,SLC,1053,1112.0,19.0,10.0,1122.0,76.0,74.0,60.0,368,1322.0,4.0,1309,1326.0,17.0,0,0,,0.0,0.0,5.0,12.0,0.0,2015-02-25,1,1,17.0,1,0.0,0.0,29.41,70.59,0.0
2015,3,22,7,WN,606,N231WN,PIT,MCO,1100,1050.0,-10.0,9.0,1059.0,135.0,125.0,110.0,834,1249.0,6.0,1315,1255.0,-20.0,0,0,,0.0,0.0,0.0,0.0,0.0,2015-03-22,0,0,0.0,0,0.0,0.0,0.0,0.0,0.0
2015,3,17,2,AA,1168,N3KCAA,FLL,ORD,815,810.0,-5.0,16.0,826.0,201.0,198.0,171.0,1182,1017.0,11.0,1036,1028.0,-8.0,0,0,,0.0,0.0,0.0,0.0,0.0,2015-03-17,0,0,0.0,0,0.0,0.0,0.0,0.0,0.0
2015,3,11,3,UA,983,N836UA,OMA,ORD,1102,1105.0,3.0,16.0,1121.0,98.0,91.0,65.0,416,1226.0,10.0,1240,1236.0,-4.0,0,0,,0.0,0.0,0.0,0.0,0.0,2015-03-11,0,0,0.0,0,0.0,0.0,0.0,0.0,0.0
2015,3,15,7,WN,717,N713SW,MKE,MCO,800,756.0,-4.0,26.0,822.0,160.0,165.0,132.0,1066,1134.0,7.0,1140,1141.0,1.0,0,0,,0.0,0.0,0.0,0.0,0.0,2015-03-15,0,0,0.0,0,0.0,0.0,0.0,0.0,0.0
2015,3,23,1,DL,2657,N581NW,DTW,PHX,2000,2002.0,2.0,24.0,2026.0,259.0,267.0,232.0,1671,2118.0,11.0,2119,2129.0,10.0,0,0,,0.0,0.0,0.0,0.0,0.0,2015-03-23,0,0,0.0,0,0.0,0.0,0.0,0.0,0.0
2015,3,11,3,EV,4508,N13566,EWR,BTV,2141,2137.0,-4.0,17.0,2154.0,73.0,70.0,48.0,266,2242.0,5.0,2254,2247.0,-7.0,0,0,,0.0,0.0,0.0,0.0,0.0,2015-03-11,0,0,0.0,0,0.0,0.0,0.0,0.0,0.0
2015,3,3,2,DL,1844,N353NB,DFW,DTW,1112,1155.0,43.0,12.0,1207.0,154.0,147.0,124.0,986,1511.0,11.0,1446,1522.0,36.0,0,0,,0.0,0.0,0.0,36.0,0.0,2015-03-03,1,1,36.0,1,0.0,0.0,0.0,100.0,0.0
2015,3,4,3,MQ,3004,N632MQ,ORD,MSN,1150,1144.0,-6.0,11.0,1155.0,48.0,43.0,27.0,108,1222.0,5.0,1238,1227.0,-11.0,0,0,,0.0,0.0,0.0,0.0,0.0,2015-03-04,0,0,0.0,0,0.0,0.0,0.0,0.0,0.0
2015,3,18,3,OO,6329,N771SK,IAH,MSY,1311,1303.0,-8.0,38.0,1341.0,71.0,88.0,47.0,305,1428.0,3.0,1422,1431.0,9.0,0,0,,0.0,0.0,0.0,0.0,0.0,2015-03-18,0,0,0.0,0,0.0,0.0,0.0,0.0,0.0
2015,2,27,5,EV,4299,N11535,DCA,EWR,829,832.0,3.0,11.0,843.0,69.0,54.0,35.0,199,918.0,8.0,938,926.0,-12.0,0,0,,0.0,0.0,0.0,0.0,0.0,2015-02-27,0,0,0.0,0,0.0,0.0,0.0,0.0,0.0
2015,3,8,7,EV,4495,N13968,EWR,SAV,1005,958.0,-7.0,16.0,1014.0,146.0,141.0,121.0,708,1215.0,4.0,1231,1219.0,-12.0,0,0,,0.0,0.0,0.0,0.0,0.0,2015-03-08,0,0,0.0,0,0.0,0.0,0.0,0.0,0.0
2015,3,25,3,WN,1992,N369SW,LAS,SEA,940,1026.0,46.0,11.0,1037.0,160.0,155.0,139.0,867,1256.0,5.0,1220,1301.0,41.0,0,0,,0.0,0.0,12.0,29.0,0.0,2015-03-25,1,1,41.0,1,0.0,0.0,29.27,70.73,0.0
2015,2,24,2,US,853,N770UW,PBI,CLT,1350,1347.0,-3.0,13.0,1400.0,111.0,109.0,90.0,590,1530.0,6.0,1541,1536.0,-5.0,0,0,,0.0,0.0,0.0,0.0,0.0,2015-02-24,0,0,0.0,0,0.0,0.0,0.0,0.0,0.0
2015,2,25,3,DL,1674,N665DN,SLC,PDX,2210,2210.0,0.0,17.0,2227.0,122.0,123.0,101.0,630,2308.0,5.0,2312,2313.0,1.0,0,0,,0.0,0.0,0.0,0.0,0.0,2015-02-25,0,0,0.0,0,0.0,0.0,0.0,0.0,0.0
2015,2,20,5,B6,290,N190JB,DCA,BOS,831,1226.0,235.0,11.0,1237.0,87.0,83.0,69.0,399,1346.0,3.0,958,1349.0,231.0,0,0,,0.0,0.0,231.0,0.0,0.0,2015-02-20,1,1,231.0,1,0.0,0.0,100.0,0.0,0.0
2015,2,21,6,EV,3926,N11109,MFE,IAH,919,907.0,-12.0,8.0,915.0,74.0,67.0,53.0,316,1008.0,6.0,1033,1014.0,-19.0,0,0,,0.0,0.0,0.0,0.0,0.0,2015-02-21,0,0,0.0,0,0.0,0.0,0.0,0.0,0.0
2015,3,6,5,DL,1624,N935DN,MSP,PHL,1925,1949.0,24.0,12.0,2001.0,154.0,134.0,119.0,980,2300.0,3.0,2259,2303.0,4.0,0,0,,0.0,0.0,0.0,0.0,0.0,2015-03-06,1,0,0.0,0,0.0,0.0,0.0,0.0,0.0
2015,3,22,7,EV,5072,N131EV,IAH,ATL,1357,1352.0,-5.0,11.0,1403.0,123.0,110.0,83.0,689,1626.0,16.0,1700,1642.0,-18.0,0,0,,0.0,0.0,0.0,0.0,0.0,2015-03-22,0,0,0.0,0,0.0,0.0,0.0,0.0,0.0
2015,3,6,5,UA,565,N415UA,PHX,EWR,1759,1800.0,1.0,18.0,1818.0,278.0,275.0,241.0,2133,19.0,16.0,37,35.0,-2.0,0,0,,0.0,0.0,0.0,0.0,0.0,2015-03-06,0,0,0.0,0,0.0,0.0,0.0,0.0,0.0
2015,3,25,3,UA,1433,N27733,IAH,BOS,1920,2051.0,91.0,13.0,2104.0,219.0,192.0,173.0,1597,57.0,6.0,2359,103.0,64.0,0,0,,0.0,0.0,8.0,56.0,0.0,2015-03-25,1,1,64.0,1,0.0,0.0,12.5,87.5,0.0
2015,3,6,5,DL,2588,N340NW,MSP,BOS,1520,1523.0,3.0,8.0,1531.0,163.0,155.0,139.0,1124,1850.0,8.0,1903,1858.0,-5.0,0,0,,0.0,0.0,0.0,0.0,0.0,2015-03-06,0,0,0.0,0,0.0,0.0,0.0,0.0,0.0
2015,2,18,3,EV,4290,N18120,LFT,IAH,912,910.0,-2.0,9.0,919.0,67.0,55.0,40.0,201,959.0,6.0,1019,1005.0,-14.0,0,0,,0.0,0.0,0.0,0.0,0.0,2015-02-18,0,0,0.0,0,0.0,0.0,0.0,0.0,0.0
2015,3,12,4,US,1947,N738US,DCA,FLL,1715,1710.0,-5.0,12.0,1722.0,164.0,157.0,143.0,899,1945.0,2.0,1959,1947.0,-12.0,0,0,,0.0,0.0,0.0,0.0,0.0,2015-03-12,0,0,0.0,0,0.0,0.0,0.0,0.0,0.0
2015,3,19,4,OO,6536,N910SW,SLC,DEN,1517,1513.0,-4.0,11.0,1524.0,88.0,79.0,60.0,391,1624.0,8.0,1645,1632.0,-13.0,0,0,,0.0,0.0,0.0,0.0,0.0,2015-03-19,0,0,0.0,0,0.0,0.0,0.0,0.0,0.0
2015,3,12,4,MQ,3106,N856MQ,TYR,DFW,1920,1927.0,7.0,11.0,1938.0,49.0,54.0,23.0,102,2001.0,20.0,2009,2021.0,12.0,0,0,,0.0,0.0,0.0,0.0,0.0,2015-03-12,0,0,0.0,0,0.0,0.0,0.0,0.0,0.0
2015,3,3,2,WN,2602,N8626B,CMH,MDW,1750,1750.0,0.0,8.0,1758.0,75.0,66.0,53.0,283,1751.0,5.0,1805,1756.0,-9.0,0,0,,0.0,0.0,0.0,0.0,0.0,2015-03-03,0,0,0.0,0,0.0,0.0,0.0,0.0,0.0
2015,2,27,5,UA,228,N452UA,MCO,ORD,745,740.0,-5.0,13.0,753.0,174.0,166.0,143.0,1005,916.0,10.0,939,926.0,-13.0,0,0,,0.0,0.0,0.0,0.0,0.0,2015-02-27,0,0,0.0,0,0.0,0.0,0.0,0.0,0.0
2015,2,16,1,EV,4221,N11165,BTR,IAH,700,652.0,-8.0,14.0,706.0,72.0,73.0,52.0,253,758.0,7.0,812,805.0,-7.0,0,0,,0.0,0.0,0.0,0.0,0.0,2015-02-16,0,0,0.0,0,0.0,0.0,0.0,0.0,0.0
2015,3,20,5,MQ,3395,N519MQ,ORD,MEM,840,847.0,7.0,14.0,901.0,101.0,97.0,79.0,491,1020.0,4.0,1021,1024.0,3.0,0,0,,0.0,0.0,0.0,0.0,0.0,2015-03-20,0,0,0.0,0,0.0,0.0,0.0,0.0,0.0
2015,3,20,5,WN,181,N7751A,BNA,PHL,1000,958.0,-2.0,15.0,1013.0,115.0,105.0,83.0,675,1236.0,7.0,1255,1243.0,-12.0,0,0,,0.0,0.0,0.0,0.0,0.0,2015-03-20,0,0,0.0,0,0.0,0.0,0.0,0.0,0.0
2015,3,19,4,AA,1395,N3GKAA,ORD,TPA,720,726.0,6.0,11.0,737.0,151.0,140.0,125.0,1012,1042.0,4.0,1051,1046.0,-5.0,0,0,,0.0,0.0,0.0,0.0,0.0,2015-03-19,0,0,0.0,0,0.0,0.0,0.0,0.0,0.0
2015,3,14,6,US,1727,N155UW,PHL,LAS,1120,1123.0,3.0,27.0,1150.0,333.0,315.0,281.0,2176,1331.0,7.0,1353,1338.0,-15.0,0,0,,0.0,0.0,0.0,0.0,0.0,2015-03-14,0,0,0.0,0,0.0,0.0,0.0,0.0,0.0
2015,3,13,5,B6,1121,N612JB,PDX,LGB,700,656.0,-4.0,11.0,707.0,136.0,118.0,103.0,846,850.0,4.0,916,854.0,-22.0,0,0,,0.0,0.0,0.0,0.0,0.0,2015-03-13,0,0,0.0,0,0.0,0.0,0.0,0.0,0.0
2015,2,19,4,UA,1037,N73406,ORD,SFO,1206,1229.0,23.0,14.0,1243.0,292.0,278.0,259.0,1846,1502.0,5.0,1458,1507.0,9.0,0,0,,0.0,0.0,0.0,0.0,0.0,2015-02-19,1,0,0.0,0,0.0,0.0,0.0,0.0,0.0
2015,3,15,7,AA,58,N5DEAA,KOA,LAX,1326,1324.0,-2.0,9.0,1333.0,309.0,302.0,291.0,2504,2124.0,2.0,2135,2126.0,-9.0,0,0,,0.0,0.0,0.0,0.0,0.0,2015-03-15,0,0,0.0,0,0.0,0.0,0.0,0.0,0.0
2015,2,18,3,OO,2695,N906SW,FLG,PHX,1130,1125.0,-5.0,22.0,1147.0,48.0,56.0,30.0,119,1217.0,4.0,1218,1221.0,3.0,0,0,,0.0,0.0,0.0,0.0,0.0,2015-02-18,0,0,0.0,0,0.0,0.0,0.0,0.0,0.0
2015,2,22,7,DL,2151,N972DL,MIA,LGA,705,658.0,-7.0,22.0,720.0,179.0,174.0,144.0,1096,944.0,8.0,1004,952.0,-12.0,0,0,,0.0,0.0,0.0,0.0,0.0,2015-02-22,0,0,0.0,0,0.0,0.0,0.0,0.0,0.0
2015,2,26,4,WN,4826,N733SA,MDW,MCO,555,556.0,1.0,26.0,622.0,160.0,165.0,133.0,990,935.0,6.0,935,941.0,6.0,0,0,,0.0,0.0,0.0,0.0,0.0,2015-02-26,0,0,0.0,0,0.0,0.0,0.0,0.0,0.0
2015,3,4,3,UA,1760,N38451,CLE,TPA,735,735.0,0.0,13.0,748.0,162.0,145.0,128.0,927,956.0,4.0,1017,1000.0,-17.0,0,0,,0.0,0.0,0.0,0.0,0.0,2015-03-04,0,0,0.0,0,0.0,0.0,0.0,0.0,0.0
2015,3,3,2,EV,4490,N13989,IAH,TYS,1250,1434.0,104.0,12.0,1446.0,122.0,115.0,99.0,771,1725.0,4.0,1552,1729.0,97.0,0,0,,0.0,0.0,0.0,97.0,0.0,2015-03-03,1,1,97.0,1,0.0,0.0,0.0,100.0,0.0
2015,3,13,5,WN,2163,N431WN,LAX,SLC,2120,2127.0,7.0,8.0,2135.0,105.0,106.0,94.0,590,9.0,4.0,5,13.0,8.0,0,0,,0.0,0.0,0.0,0.0,0.0,2015-03-13,0,0,0.0,0,0.0,0.0,0.0,0.0,0.0
2015,3,2,1,MQ,2931,N820MQ,ORD,BMI,940,940.0,0.0,9.0,949.0,55.0,37.0,26.0,116,1015.0,2.0,1035,1017.0,-18.0,0,0,,0.0,0.0,0.0,0.0,0.0,2015-03-02,0,0,0.0,0,0.0,0.0,0.0,0.0,0.0
2015,2,23,1,DL,2381,N920DE,ATL,TLH,1347,1401.0,14.0,17.0,1418.0,68.0,66.0,41.0,223,1459.0,8.0,1455,1507.0,12.0,0,0,,0.0,0.0,0.0,0.0,0.0,2015-02-23,0,0,0.0,0,0.0,0.0,0.0,0.0,0.0
2015,3,12,4,AS,518,N607AS,SEA,SNA,1945,1940.0,-5.0,12.0,1952.0,153.0,141.0,125.0,978,2157.0,4.0,2218,2201.0,-17.0,0,0,,0.0,0.0,0.0,0.0,0.0,2015-03-12,0,0,0.0,0,0.0,0.0,0.0,0.0,0.0
2015,3,23,1,AS,626,N323AS,PDX,LAS,800,754.0,-6.0,10.0,804.0,125.0,134.0,104.0,763,948.0,20.0,1005,1008.0,3.0,0,0,,0.0,0.0,0.0,0.0,0.0,2015-03-23,0,0,0.0,0,0.0,0.0,0.0,0.0,0.0
2015,3,8,7,DL,1083,N334NB,ATL,ROA,2104,2101.0,-3.0,32.0,2133.0,86.0,96.0,58.0,357,2231.0,6.0,2230,2237.0,7.0,0,0,,0.0,0.0,0.0,0.0,0.0,2015-03-08,0,0,0.0,0,0.0,0.0,0.0,0.0,0.0
2015,2,19,4,DL,2030,N314NB,MDW,ATL,600,623.0,23.0,12.0,635.0,120.0,93.0,76.0,591,851.0,5.0,900,856.0,-4.0,0,0,,0.0,0.0,0.0,0.0,0.0,2015-02-19,1,0,0.0,0,0.0,0.0,0.0,0.0,0.0
2015,2,17,2,WN,2426,N938WN,LAS,DAL,805,812.0,7.0,14.0,826.0,155.0,152.0,134.0,1067,1240.0,4.0,1240,1244.0,4.0,0,0,,0.0,0.0,0.0,0.0,0.0,2015-02-17,0,0,0.0,0,0.0,0.0,0.0,0.0,0.0
2015,3,13,5,EV,5672,N16525,LCH,IAH,1703,1659.0,-4.0,17.0,1716.0,52.0,59.0,31.0,127,1747.0,11.0,1755,1758.0,3.0,0,0,,0.0,0.0,0.0,0.0,0.0,2015-03-13,0,0,0.0,0,0.0,0.0,0.0,0.0,0.0
2015,2,19,4,OO,5367,N568SW,SFO,RDD,1230,1350.0,80.0,14.0,1404.0,68.0,58.0,41.0,199,1445.0,3.0,1338,1448.0,70.0,0,0,,0.0,0.0,0.0,70.0,0.0,2015-02-19,1,1,70.0,1,0.0,0.0,0.0,100.0,0.0
2015,3,23,1,WN,1088,N428WN,PHX,SNA,1815,1821.0,6.0,6.0,1827.0,70.0,65.0,53.0,338,1920.0,6.0,1925,1926.0,1.0,0,0,,0.0,0.0,0.0,0.0,0.0,2015-03-23,0,0,0.0,0,0.0,0.0,0.0,0.0,0.0
2015,3,24,2,UA,298,N839UA,ATL,EWR,600,554.0,-6.0,19.0,613.0,131.0,122.0,96.0,746,749.0,7.0,811,756.0,-15.0,0,0,,0.0,0.0,0.0,0.0,0.0,2015-03-24,0,0,0.0,0,0.0,0.0,0.0,0.0,0.0
2015,3,16,1,WN,648,N610WN,PHX,SFO,1735,1741.0,6.0,12.0,1753.0,120.0,110.0,93.0,651,1926.0,5.0,1935,1931.0,-4.0,0,0,,0.0,0.0,0.0,0.0,0.0,2015-03-16,0,0,0.0,0,0.0,0.0,0.0,0.0,0.0
2015,2,27,5,WN,1773,N261WN,MCO,ISP,2025,2041.0,16.0,15.0,2056.0,145.0,132.0,113.0,971,2249.0,4.0,2250,2253.0,3.0,0,0,,0.0,0.0,0.0,0.0,0.0,2015-02-27,1,0,0.0,0,0.0,0.0,0.0,0.0,0.0
2015,2,20,5,OO,2582,N466SW,SJC,LAX,705,658.0,-7.0,31.0,729.0,83.0,96.0,54.0,308,823.0,11.0,828,834.0,6.0,0,0,,0.0,0.0,0.0,0.0,0.0,2015-02-20,0,0,0.0,0,0.0,0.0,0.0,0.0,0.0
2015,2,28,6,DL,2469,N929AT,ATL,MDW,1624,1622.0,-2.0,12.0,1634.0,119.0,109.0,91.0,591,1705.0,6.0,1723,1711.0,-12.0,0,0,,0.0,0.0,0.0,0.0,0.0,2015-02-28,0,0,0.0,0,0.0,0.0,0.0,0.0,0.0
2015,3,4,3,UA,1623,N38467,EWR,MCO,1024,1023.0,-1.0,11.0,1034.0,179.0,157.0,134.0,937,1248.0,12.0,1323,1300.0,-23.0,0,0,,0.0,0.0,0.0,0.0,0.0,2015-03-04,0,0,0.0,0,0.0,0.0,0.0,0.0,0.0
2015,3,11,3,DL,2024,N328NW,ATL,BWI,1905,1905.0,0.0,12.0,1917.0,114.0,94.0,77.0,577,2034.0,5.0,2059,2039.0,-20.0,0,0,,0.0,0.0,0.0,0.0,0.0,2015-03-11,0,0,0.0,0,0.0,0.0,0.0,0.0,0.0
2015,3,7,6,WN,138,N240WN,AUS,BWI,635,636.0,1.0,10.0,646.0,185.0,159.0,145.0,1342,1011.0,4.0,1040,1015.0,-25.0,0,0,,0.0,0.0,0.0,0.0,0.0,2015-03-07,0,0,0.0,0,0.0,0.0,0.0,0.0,0.0
2015,2,19,4,WN,3211,N255WN,CLE,BWI,600,757.0,117.0,32.0,829.0,85.0,95.0,58.0,314,927.0,5.0,725,932.0,127.0,0,0,,10.0,0.0,117.0,0.0,0.0,2015-02-19,1,1,127.0,1,7.87,0.0,92.13,0.0,0.0
2015,3,10,2,OO,4982,N564SW,SAN,LAX,1429,1451.0,22.0,19.0,1510.0,50.0,50.0,28.0,109,1538.0,3.0,1519,1541.0,22.0,0,0,,0.0,0.0,0.0,22.0,0.0,2015-03-10,1,1,22.0,1,0.0,0.0,0.0,100.0,0.0
2015,3,14,6,AA,1389,N4XKAA,DFW,LAS,1715,1714.0,-1.0,20.0,1734.0,183.0,158.0,129.0,1055,1743.0,9.0,1818,1752.0,-26.0,0,0,,0.0,0.0,0.0,0.0,0.0,2015-03-14,0,0,0.0,0,0.0,0.0,0.0,0.0,0.0
2015,2,28,6,UA,500,N819UA,IND,SFO,752,807.0,15.0,13.0,820.0,312.0,292.0,272.0,1943,952.0,7.0,1004,959.0,-5.0,0,0,,0.0,0.0,0.0,0.0,0.0,2015-02-28,0,0,0.0,0,0.0,0.0,0.0,0.0,0.0
2015,3,2,1,UA,360,N431UA,IAD,TPA,1750,1745.0,-5.0,13.0,1758.0,150.0,131.0,112.0,811,1950.0,6.0,2020,1956.0,-24.0,0,0,,0.0,0.0,0.0,0.0,0.0,2015-03-02,0,0,0.0,0,0.0,0.0,0.0,0.0,0.0
2015,3,23,1,UA,1574,N72405,ORD,TPA,2040,2245.0,125.0,29.0,2314.0,164.0,155.0,119.0,1012,213.0,7.0,24,220.0,116.0,0,0,,0.0,0.0,0.0,109.0,7.0,2015-03-23,1,1,116.0,1,0.0,0.0,0.0,93.97,6.03
2015,3,5,4,DL,1297,N352NW,SRQ,ATL,1510,1505.0,-5.0,17.0,1522.0,100.0,105.0,71.0,444,1633.0,17.0,1650,1650.0,0.0,0,0,,0.0,0.0,0.0,0.0,0.0,2015-03-05,0,0,0.0,0,0.0,0.0,0.0,0.0,0.0
2015,3,8,7,OO,2898,N465SW,TUS,LAX,1331,1324.0,-7.0,39.0,1403.0,97.0,119.0,70.0,451,1513.0,10.0,1508,1523.0,15.0,0,0,,15.0,0.0,0.0,0.0,0.0,2015-03-08,0,0,15.0,0,100.0,0.0,0.0,0.0,0.0
2015,3,20,5,EV,5066,N931EV,ATL,DHN,1728,1729.0,1.0,18.0,1747.0,58.0,54.0,32.0,170,1719.0,4.0,1726,1723.0,-3.0,0,0,,0.0,0.0,0.0,0.0,0.0,2015-03-20,0,0,0.0,0,0.0,0.0,0.0,0.0,0.0
2015,2,24,2,EV,5184,N870AS,HPN,DTW,600,559.0,-1.0,39.0,638.0,122.0,132.0,88.0,505,806.0,5.0,802,811.0,9.0,0,0,,0.0,0.0,0.0,0.0,0.0,2015-02-24,0,0,0.0,0,0.0,0.0,0.0,0.0,0.0
2015,3,10,2,US,445,N581UW,RDU,CLT,700,656.0,-4.0,13.0,709.0,64.0,46.0,29.0,130,738.0,4.0,804,742.0,-22.0,0,0,,0.0,0.0,0.0,0.0,0.0,2015-03-10,0,0,0.0,0,0.0,0.0,0.0,0.0,0.0
2015,3,2,1,OO,7393,N437SW,SGU,SLC,1140,1137.0,-3.0,5.0,1142.0,68.0,49.0,38.0,272,1220.0,6.0,1248,1226.0,-22.0,0,0,,0.0,0.0,0.0,0.0,0.0,2015-03-02,0,0,0.0,0,0.0,0.0,0.0,0.0,0.0
2015,2,16,1,F9,966,N939FR,UST,TTN,1505,1500.0,-5.0,10.0,1510.0,135.0,135.0,107.0,801,1657.0,18.0,1720,1715.0,-5.0,0,0,,0.0,0.0,0.0,0.0,0.0,2015-02-16,0,0,0.0,0,0.0,0.0,0.0,0.0,0.0
2015,3,3,2,HA,381,N478HA,ITO,HNL,1847,1910.0,23.0,11.0,1921.0,50.0,63.0,44.0,216,2005.0,8.0,1937,2013.0,36.0,0,0,,0.0,0.0,36.0,0.0,0.0,2015-03-03,1,1,36.0,1,0.0,0.0,100.0,0.0,0.0
2015,3,21,6,WN,3611,N217JC,LAX,SAT,1320,1339.0,19.0,9.0,1348.0,160.0,157.0,143.0,1211,1811.0,5.0,1800,1816.0,16.0,0,0,,0.0,0.0,16.0,0.0,0.0,2015-03-21,1,1,16.0,1,0.0,0.0,100.0,0.0,0.0
2015,3,13,5,AA,2363,N471AA,OKC,DFW,600,550.0,-10.0,16.0,606.0,59.0,67.0,40.0,175,646.0,11.0,659,657.0,-2.0,0,0,,0.0,0.0,0.0,0.0,0.0,2015-03-13,0,0,0.0,0,0.0,0.0,0.0,0.0,0.0
2015,3,18,3,DL,1291,N961DL,ATL,DTW,1340,1341.0,1.0,22.0,1403.0,115.0,122.0,87.0,594,1530.0,13.0,1535,1543.0,8.0,0,0,,0.0,0.0,0.0,0.0,0.0,2015-03-18,0,0,0.0,0,0.0,0.0,0.0,0.0,0.0
2015,3,18,3,DL,694,N982DL,PHL,ATL,2030,2024.0,-6.0,12.0,2036.0,139.0,129.0,105.0,666,2221.0,12.0,2249,2233.0,-16.0,0,0,,0.0,0.0,0.0,0.0,0.0,2015-03-18,0,0,0.0,0,0.0,0.0,0.0,0.0,0.0
2015,3,8,7,DL,1519,N549US,ATL,SRQ,1930,1930.0,0.0,16.0,1946.0,91.0,84.0,64.0,444,2050.0,4.0,2101,2054.0,-7.0,0,0,,0.0,0.0,0.0,0.0,0.0,2015-03-08,0,0,0.0,0,0.0,0.0,0.0,0.0,0.0
2015,3,23,1,UA,1762,N37420,RSW,IAH,1827,2014.0,107.0,10.0,2024.0,170.0,138.0,121.0,861,2125.0,7.0,2017,2132.0,75.0,0,0,,0.0,0.0,12.0,63.0,0.0,2015-03-23,1,1,75.0,1,0.0,0.0,16.0,84.0,0.0
2015,3,21,6,EV,5006,N852AS,ATL,DHN,1341,1337.0,-4.0,25.0,1402.0,57.0,62.0,33.0,170,1335.0,4.0,1338,1339.0,1.0,0,0,,0.0,0.0,0.0,0.0,0.0,2015-03-21,0,0,0.0,0,0.0,0.0,0.0,0.0,0.0
2015,2,20,5,DL,1210,N306DQ,HSV,ATL,700,657.0,-3.0,28.0,725.0,65.0,60.0,27.0,151,852.0,5.0,905,857.0,-8.0,0,0,,0.0,0.0,0.0,0.0,0.0,2015-02-20,0,0,0.0,0,0.0,0.0,0.0,0.0,0.0
2015,3,22,7,UA,312,N819UA,EWR,ORD,1920,2011.0,51.0,16.0,2027.0,155.0,154.0,120.0,719,2127.0,18.0,2055,2145.0,50.0,0,0,,50.0,0.0,0.0,0.0,0.0,2015-03-22,1,1,50.0,1,100.0,0.0,0.0,0.0,0.0
2015,3,11,3,DL,582,N987AT,DTW,LGA,2140,2134.0,-6.0,10.0,2144.0,99.0,81.0,66.0,502,2250.0,5.0,2319,2255.0,-24.0,0,0,,0.0,0.0,0.0,0.0,0.0,2015-03-11,0,0,0.0,0,0.0,0.0,0.0,0.0,0.0
2015,3,12,4,OO,5651,N718SK,DEN,PSC,1115,1112.0,-3.0,18.0,1130.0,153.0,147.0,124.0,852,1234.0,5.0,1248,1239.0,-9.0,0,0,,0.0,0.0,0.0,0.0,0.0,2015-03-12,0,0,0.0,0,0.0,0.0,0.0,0.0,0.0
2015,3,5,4,WN,2880,N7710A,ONT,SMF,1555,1558.0,3.0,5.0,1603.0,75.0,62.0,55.0,390,1658.0,2.0,1710,1700.0,-10.0,0,0,,0.0,0.0,0.0,0.0,0.0,2015-03-05,0,0,0.0,0,0.0,0.0,0.0,0.0,0.0
2015,3,21,6,AA,1310,N550AA,DFW,CLE,855,850.0,-5.0,20.0,910.0,152.0,164.0,137.0,1021,1227.0,7.0,1227,1234.0,7.0,0,0,,0.0,0.0,0.0,0.0,0.0,2015-03-21,0,0,0.0,0,0.0,0.0,0.0,0.0,0.0
2015,3,2,1,EV,3817,N14916,ORD,LEX,1600,1555.0,-5.0,17.0,1612.0,79.0,75.0,54.0,323,1806.0,4.0,1819,1810.0,-9.0,0,0,,0.0,0.0,0.0,0.0,0.0,2015-03-02,0,0,0.0,0,0.0,0.0,0.0,0.0,0.0
2015,2,26,4,DL,1282,N351NW,MIA,DTW,1135,1129.0,-6.0,14.0,1143.0,180.0,174.0,146.0,1145,1409.0,14.0,1435,1423.0,-12.0,0,0,,0.0,0.0,0.0,0.0,0.0,2015-02-26,0,0,0.0,0,0.0,0.0,0.0,0.0,0.0
2015,3,17,2,WN,815,N391SW,GSP,MDW,615,613.0,-2.0,10.0,623.0,110.0,111.0,97.0,562,700.0,4.0,705,704.0,-1.0,0,0,,0.0,0.0,0.0,0.0,0.0,2015-03-17,0,0,0.0,0,0.0,0.0,0.0,0.0,0.0
2015,2,20,5,OO,2697,N896SK,PSP,PHX,1025,1026.0,1.0,11.0,1037.0,63.0,61.0,40.0,261,1217.0,10.0,1228,1227.0,-1.0,0,0,,0.0,0.0,0.0,0.0,0.0,2015-02-20,0,0,0.0,0,0.0,0.0,0.0,0.0,0.0
2015,2,24,2,US,433,N582UW,MSP,PHX,730,726.0,-4.0,38.0,804.0,226.0,228.0,166.0,1276,950.0,24.0,1016,1014.0,-2.0,0,0,,0.0,0.0,0.0,0.0,0.0,2015-02-24,0,0,0.0,0,0.0,0.0,0.0,0.0,0.0
2015,3,11,3,DL,941,N955DN,MCI,ATL,600,556.0,-4.0,15.0,611.0,125.0,115.0,95.0,692,846.0,5.0,905,851.0,-14.0,0,0,,0.0,0.0,0.0,0.0,0.0,2015-03-11,0,0,0.0,0,0.0,0.0,0.0,0.0,0.0
2015,3,23,1,WN,247,N293WN,OAK,BUR,1715,1717.0,2.0,6.0,1723.0,60.0,57.0,48.0,325,1811.0,3.0,1815,1814.0,-1.0,0,0,,0.0,0.0,0.0,0.0,0.0,2015-03-23,0,0,0.0,0,0.0,0.0,0.0,0.0,0.0
2015,3,25,3,UA,429,N417UA,IAH,SLC,901,856.0,-5.0,24.0,920.0,199.0,193.0,165.0,1195,1105.0,4.0,1120,1109.0,-11.0,0,0,,0.0,0.0,0.0,0.0,0.0,2015-03-25,0,0,0.0,0,0.0,0.0,0.0,0.0,0.0
2015,2,23,1,UA,1554,N76254,EWR,DEN,1529,1541.0,12.0,15.0,1556.0,269.0,264.0,239.0,1605,1755.0,10.0,1758,1805.0,7.0,0,0,,0.0,0.0,0.0,0.0,0.0,2015-02-23,0,0,0.0,0,0.0,0.0,0.0,0.0,0.0
2015,3,7,6,AS,602,N323AS,SEA,LAS,605,603.0,-2.0,29.0,632.0,137.0,152.0,117.0,867,829.0,6.0,822,835.0,13.0,0,0,,0.0,0.0,0.0,0.0,0.0,2015-03-07,0,0,0.0,0,0.0,0.0,0.0,0.0,0.0
2015,3,7,6,AA,1375,N3HNAA,ORD,RSW,1020,1029.0,9.0,10.0,1039.0,165.0,153.0,137.0,1120,1356.0,6.0,1405,1402.0,-3.0,0,0,,0.0,0.0,0.0,0.0,0.0,2015-03-07,0,0,0.0,0,0.0,0.0,0.0,0.0,0.0
2015,3,21,6,EV,4727,N17115,SGF,ORD,805,804.0,-1.0,15.0,819.0,94.0,91.0,66.0,438,925.0,10.0,939,935.0,-4.0,0,0,,0.0,0.0,0.0,0.0,0.0,2015-03-21,0,0,0.0,0,0.0,0.0,0.0,0.0,0.0
2015,2,19,4,OO,5498,N916SW,DEN,STL,1231,1223.0,-8.0,15.0,1238.0,120.0,114.0,93.0,770,1511.0,6.0,1531,1517.0,-14.0,0,0,,0.0,0.0,0.0,0.0,0.0,2015-02-19,0,0,0.0,0,0.0,0.0,0.0,0.0,0.0
2015,2,19,4,AA,157,N4WLAA,DFW,PDX,1215,1210.0,-5.0,14.0,1224.0,255.0,252.0,231.0,1616,1415.0,7.0,1430,1422.0,-8.0,0,0,,0.0,0.0,0.0,0.0,0.0,2015-02-19,0,0,0.0,0,0.0,0.0,0.0,0.0,0.0
2015,2,17,2,WN,3770,N710SW,LAX,RNO,2055,2059.0,4.0,7.0,2106.0,80.0,71.0,59.0,391,2205.0,5.0,2215,2210.0,-5.0,0,0,,0.0,0.0,0.0,0.0,0.0,2015-02-17,0,0,0.0,0,0.0,0.0,0.0,0.0,0.0
2015,3,6,5,AA,2297,N573AA,AUS,DFW,1427,1435.0,8.0,15.0,1450.0,63.0,60.0,35.0,190,1525.0,10.0,1530,1535.0,5.0,0,0,,0.0,0.0,0.0,0.0,0.0,2015-03-06,0,0,0.0,0,0.0,0.0,0.0,0.0,0.0
2015,3,12,4,WN,222,N759GS,DEN,MCO,1800,1806.0,6.0,13.0,1819.0,200.0,210.0,191.0,1546,2330.0,6.0,2320,2336.0,16.0,0,0,,10.0,0.0,0.0,6.0,0.0,2015-03-12,0,1,16.0,1,62.5,0.0,0.0,37.5,0.0
2015,3,24,2,OO,6496,N956SW,LAX,COS,2018,2008.0,-10.0,14.0,2022.0,137.0,128.0,109.0,833,2311.0,5.0,2335,2316.0,-19.0,0,0,,0.0,0.0,0.0,0.0,0.0,2015-03-24,0,0,0.0,0,0.0,0.0,0.0,0.0,0.0
2015,3,7,6,DL,2231,N922AT,LGA,DTW,1645,1645.0,0.0,14.0,1659.0,130.0,102.0,83.0,502,1822.0,5.0,1855,1827.0,-28.0,0,0,,0.0,0.0,0.0,0.0,0.0,2015-03-07,0,0,0.0,0,0.0,0.0,0.0,0.0,0.0
2015,2,18,3,MQ,3287,N645MQ,SAF,DFW,1100,1114.0,14.0,11.0,1125.0,95.0,89.0,71.0,551,1336.0,7.0,1335,1343.0,8.0,0,0,,0.0,0.0,0.0,0.0,0.0,2015-02-18,0,0,0.0,0,0.0,0.0,0.0,0.0,0.0
2015,2,20,5,DL,1286,N972DL,ATL,LGA,1045,1212.0,87.0,17.0,1229.0,135.0,145.0,106.0,762,1415.0,22.0,1300,1437.0,97.0,0,0,,97.0,0.0,0.0,0.0,0.0,2015-02-20,1,1,97.0,1,100.0,0.0,0.0,0.0,0.0
2015,3,13,5,US,1751,N704US,PHL,RSW,2030,2033.0,3.0,15.0,2048.0,172.0,172.0,152.0,993,2320.0,5.0,2322,2325.0,3.0,0,0,,0.0,0.0,0.0,0.0,0.0,2015-03-13,0,0,0.0,0,0.0,0.0,0.0,0.0,0.0
2015,2,16,1,WN,1271,N204WN,PHL,FLL,630,641.0,11.0,10.0,651.0,190.0,153.0,139.0,992,910.0,4.0,940,914.0,-26.0,0,0,,0.0,0.0,0.0,0.0,0.0,2015-02-16,0,0,0.0,0,0.0,0.0,0.0,0.0,0.0
2015,3,10,2,MQ,2924,N511MQ,LGA,STL,1925,1924.0,-1.0,23.0,1947.0,172.0,178.0,146.0,888,2113.0,9.0,2117,2122.0,5.0,0,0,,0.0,0.0,0.0,0.0,0.0,2015-03-10,0,0,0.0,0,0.0,0.0,0.0,0.0,0.0
2015,3,18,3,AA,160,N3DEAA,BOS,ORD,1005,958.0,-7.0,15.0,1013.0,173.0,165.0,141.0,867,1134.0,9.0,1158,1143.0,-15.0,0,0,,0.0,0.0,0.0,0.0,0.0,2015-03-18,0,0,0.0,0,0.0,0.0,0.0,0.0,0.0
2015,2,14,6,OO,4580,N816SK,BNA,MSP,820,818.0,-2.0,9.0,827.0,139.0,140.0,123.0,695,1030.0,8.0,1039,1038.0,-1.0,0,0,,0.0,0.0,0.0,0.0,0.0,2015-02-14,0,0,0.0,0,0.0,0.0,0.0,0.0,0.0
2015,3,10,2,DL,1361,N945DN,MSP,BWI,1505,1502.0,-3.0,10.0,1512.0,144.0,133.0,115.0,936,1807.0,8.0,1829,1815.0,-14.0,0,0,,0.0,0.0,0.0,0.0,0.0,2015-03-10,0,0,0.0,0,0.0,0.0,0.0,0.0,0.0
2015,3,3,2,OO,2599,N466SW,LAX,ABQ,1935,1930.0,-5.0,14.0,1944.0,100.0,106.0,88.0,677,2212.0,4.0,2215,2216.0,1.0,0,0,,0.0,0.0,0.0,0.0,0.0,2015-03-03,0,0,0.0,0,0.0,0.0,0.0,0.0,0.0
2015,3,24,2,EV,4337,N17984,ICT,IAH,1838,1905.0,27.0,9.0,1914.0,107.0,95.0,80.0,542,2034.0,6.0,2025,2040.0,15.0,0,0,,0.0,0.0,0.0,15.0,0.0,2015-03-24,1,0,15.0,0,0.0,0.0,0.0,100.0,0.0
2015,3,15,7,WN,1016,N366SW,SFO,PHX,2145,2154.0,9.0,12.0,2206.0,115.0,113.0,93.0,651,2339.0,8.0,2340,2347.0,7.0,0,0,,0.0,0.0,0.0,0.0,0.0,2015-03-15,0,0,0.0,0,0.0,0.0,0.0,0.0,0.0
2015,3,2,1,OO,2586,N863AS,FAT,LAX,1125,1142.0,17.0,24.0,1206.0,66.0,82.0,43.0,209,1249.0,15.0,1231,1304.0,33.0,0,0,,16.0,0.0,0.0,17.0,0.0,2015-03-02,1,1,33.0,1,48.48,0.0,0.0,51.52,0.0
2015,3,15,7,EV,2523,N909EV,SHV,DFW,1220,1215.0,-5.0,8.0,1223.0,60.0,59.0,44.0,190,1307.0,7.0,1320,1314.0,-6.0,0,0,,0.0,0.0,0.0,0.0,0.0,2015-03-15,0,0,0.0,0,0.0,0.0,0.0,0.0,0.0
2015,2,18,3,UA,1405,N68834,PBI,EWR,1144,1151.0,7.0,12.0,1203.0,170.0,152.0,132.0,1023,1415.0,8.0,1434,1423.0,-11.0,0,0,,0.0,0.0,0.0,0.0,0.0,2015-02-18,0,0,0.0,0,0.0,0.0,0.0,0.0,0.0
2015,3,13,5,UA,1491,N33292,AUS,IAH,941,943.0,2.0,15.0,958.0,54.0,68.0,41.0,140,1039.0,12.0,1035,1051.0,16.0,0,0,,16.0,0.0,0.0,0.0,0.0,2015-03-13,0,1,16.0,1,100.0,0.0,0.0,0.0,0.0
2015,3,23,1,EV,4192,N13903,IAH,BRO,1140,1134.0,-6.0,17.0,1151.0,78.0,71.0,49.0,308,1240.0,5.0,1258,1245.0,-13.0,0,0,,0.0,0.0,0.0,0.0,0.0,2015-03-23,0,0,0.0,0,0.0,0.0,0.0,0.0,0.0
2015,2,19,4,NK,917,N635NK,LGA,DFW,1245,1301.0,16.0,31.0,1332.0,243.0,235.0,200.0,1389,1552.0,4.0,1548,1556.0,8.0,0,0,,0.0,0.0,0.0,0.0,0.0,2015-02-19,1,0,0.0,0,0.0,0.0,0.0,0.0,0.0
2015,2,24,2,MQ,3471,N508MQ,LGA,RDU,1700,1651.0,-9.0,29.0,1720.0,107.0,110.0,77.0,431,1837.0,4.0,1847,1841.0,-6.0,0,0,,0.0,0.0,0.0,0.0,0.0,2015-02-24,0,0,0.0,0,0.0,0.0,0.0,0.0,0.0
2015,3,23,1,WN,359,N710SW,AUS,BWI,515,511.0,-4.0,12.0,523.0,180.0,172.0,155.0,1342,858.0,5.0,915,903.0,-12.0,0,0,,0.0,0.0,0.0,0.0,0.0,2015-03-23,0,0,0.0,0,0.0,0.0,0.0,0.0,0.0
2015,3,24,2,EV,5333,N854AS,AVL,ATL,540,535.0,-5.0,11.0,546.0,60.0,50.0,33.0,164,619.0,6.0,640,625.0,-15.0,0,0,,0.0,0.0,0.0,0.0,0.0,2015-03-24,0,0,0.0,0,0.0,0.0,0.0,0.0,0.0
2015,3,3,2,WN,3760,N755SA,MAF,HOU,1025,1019.0,-6.0,6.0,1025.0,80.0,72.0,62.0,441,1127.0,4.0,1145,1131.0,-14.0,0,0,,0.0,0.0,0.0,0.0,0.0,2015-03-03,0,0,0.0,0,0.0,0.0,0.0,0.0,0.0
2015,2,18,3,OO,5384,N580SW,LAX,CLD,728,723.0,-5.0,15.0,738.0,46.0,49.0,30.0,86,808.0,4.0,814,812.0,-2.0,0,0,,0.0,0.0,0.0,0.0,0.0,2015-02-18,0,0,0.0,0,0.0,0.0,0.0,0.0,0.0
2015,2,19,4,EV,4469,N12135,TUS,IAH,1400,1414.0,14.0,13.0,1427.0,145.0,133.0,111.0,936,1718.0,9.0,1725,1727.0,2.0,0,0,,0.0,0.0,0.0,0.0,0.0,2015-02-19,0,0,0.0,0,0.0,0.0,0.0,0.0,0.0
2015,3,1,7,EV,4342,N12126,IAH,PIT,1015,1023.0,8.0,15.0,1038.0,169.0,158.0,133.0,1117,1351.0,10.0,1404,1401.0,-3.0,0,0,,0.0,0.0,0.0,0.0,0.0,2015-03-01,0,0,0.0,0,0.0,0.0,0.0,0.0,0.0
2015,3,18,3,DL,803,N900DE,CVG,MCO,940,949.0,9.0,11.0,1000.0,129.0,119.0,100.0,757,1140.0,8.0,1149,1148.0,-1.0,0,0,,0.0,0.0,0.0,0.0,0.0,2015-03-18,0,0,0.0,0,0.0,0.0,0.0,0.0,0.0
2015,2,15,7,DL,2537,N972DL,EWR,ATL,1804,1806.0,2.0,21.0,1827.0,171.0,142.0,115.0,746,2022.0,6.0,2055,2028.0,-27.0,0,0,,0.0,0.0,0.0,0.0,0.0,2015-02-15,0,0,0.0,0,0.0,0.0,0.0,0.0,0.0
2015,2,13,5,WN,46,N525SW,HOU,DAL,1730,1742.0,12.0,8.0,1750.0,60.0,60.0,46.0,239,1836.0,6.0,1830,1842.0,12.0,0,0,,0.0,0.0,0.0,0.0,0.0,2015-02-13,0,0,0.0,0,0.0,0.0,0.0,0.0,0.0
2015,3,14,6,US,1910,N570UW,ORD,CLT,550,546.0,-4.0,33.0,619.0,121.0,134.0,91.0,599,850.0,10.0,851,900.0,9.0,0,0,,0.0,0.0,0.0,0.0,0.0,2015-03-14,0,0,0.0,0,0.0,0.0,0.0,0.0,0.0
2015,2,16,1,OO,2623,N863AS,SAN,LAX,900,839.0,-21.0,12.0,851.0,45.0,53.0,26.0,109,917.0,15.0,945,932.0,-13.0,0,0,,0.0,0.0,0.0,0.0,0.0,2015-02-16,0,0,0.0,0,0.0,0.0,0.0,0.0,0.0
2015,3,9,1,DL,1670,N308DE,CHS,ATL,1000,957.0,-3.0,11.0,1008.0,78.0,74.0,47.0,259,1055.0,16.0,1118,1111.0,-7.0,0,0,,0.0,0.0,0.0,0.0,0.0,2015-03-09,0,0,0.0,0,0.0,0.0,0.0,0.0,0.0
2015,3,14,6,EV,4105,N11539,IAH,BHM,1415,1411.0,-4.0,10.0,1421.0,98.0,91.0,77.0,562,1538.0,4.0,1553,1542.0,-11.0,0,0,,0.0,0.0,0.0,0.0,0.0,2015-03-14,0,0,0.0,0,0.0,0.0,0.0,0.0,0.0
2015,3,21,6,WN,2683,N455WN,DEN,PDX,850,850.0,0.0,16.0,906.0,170.0,160.0,141.0,991,1027.0,3.0,1040,1030.0,-10.0,0,0,,0.0,0.0,0.0,0.0,0.0,2015-03-21,0,0,0.0,0,0.0,0.0,0.0,0.0,0.0
2015,3,11,3,AA,206,N852AA,DFW,MIA,755,752.0,-3.0,12.0,804.0,161.0,155.0,137.0,1121,1121.0,6.0,1136,1127.0,-9.0,0,0,,0.0,0.0,0.0,0.0,0.0,2015-03-11,0,0,0.0,0,0.0,0.0,0.0,0.0,0.0
2015,3,16,1,B6,1481,N304JB,BOS,RIC,626,626.0,0.0,15.0,641.0,108.0,93.0,75.0,474,756.0,3.0,814,759.0,-15.0,0,0,,0.0,0.0,0.0,0.0,0.0,2015-03-16,0,0,0.0,0,0.0,0.0,0.0,0.0,0.0
2015,2,24,2,DL,1524,N919DN,SRQ,ATL,1253,1320.0,27.0,13.0,1333.0,99.0,108.0,85.0,444,1458.0,10.0,1432,1508.0,36.0,0,0,,14.0,0.0,5.0,17.0,0.0,2015-02-24,1,1,36.0,1,38.89,0.0,13.89,47.22,0.0
2015,2,25,3,DL,2621,N539US,PHL,ATL,615,649.0,34.0,41.0,730.0,158.0,158.0,104.0,666,914.0,13.0,853,927.0,34.0,0,0,,0.0,0.0,34.0,0.0,0.0,2015-02-25,1,1,34.0,1,0.0,0.0,100.0,0.0,0.0
2015,3,5,4,OO,6347,N121SY,SFO,AUS,1457,1528.0,31.0,12.0,1540.0,216.0,211.0,195.0,1504,2055.0,4.0,2033,2059.0,26.0,0,0,,0.0,0.0,0.0,26.0,0.0,2015-03-05,1,1,26.0,1,0.0,0.0,0.0,100.0,0.0
2015,3,20,5,EV,5083,N839AS,GPT,ATL,1500,1449.0,-11.0,10.0,1459.0,77.0,74.0,55.0,352,1654.0,9.0,1717,1703.0,-14.0,0,0,,0.0,0.0,0.0,0.0,0.0,2015-03-20,0,0,0.0,0,0.0,0.0,0.0,0.0,0.0
2015,2,20,5,DL,1231,N929DN,DEN,MSP,600,552.0,-8.0,26.0,618.0,132.0,120.0,86.0,680,844.0,8.0,912,852.0,-20.0,0,0,,0.0,0.0,0.0,0.0,0.0,2015-02-20,0,0,0.0,0,0.0,0.0,0.0,0.0,0.0
2015,2,22,7,AA,1685,N561AA,ORD,MCO,1255,1326.0,31.0,31.0,1357.0,157.0,164.0,127.0,1005,1704.0,6.0,1632,1710.0,38.0,0,0,,7.0,0.0,31.0,0.0,0.0,2015-02-22,1,1,38.0,1,18.42,0.0,81.58,0.0,0.0
2015,3,9,1,EV,4208,N14543,IAH,BNA,845,910.0,25.0,19.0,929.0,113.0,110.0,84.0,657,1053.0,7.0,1038,1100.0,22.0,0,0,,0.0,0.0,22.0,0.0,0.0,2015-03-09,1,1,22.0,1,0.0,0.0,100.0,0.0,0.0
2015,2,16,1,NK,648,N606NK,SJU,FLL,1600,1737.0,97.0,14.0,1751.0,177.0,171.0,149.0,1046,1920.0,8.0,1757,1928.0,91.0,0,0,,1.0,0.0,15.0,75.0,0.0,2015-02-16,1,1,91.0,1,1.1,0.0,16.48,82.42,0.0
2015,3,3,2,EV,5132,N884AS,CHA,ATL,1517,1518.0,1.0,13.0,1531.0,53.0,48.0,27.0,106,1558.0,8.0,1610,1606.0,-4.0,0,0,,0.0,0.0,0.0,0.0,0.0,2015-03-03,0,0,0.0,0,0.0,0.0,0.0,0.0,0.0
2015,3,3,2,MQ,3441,N923MQ,TLH,DFW,620,618.0,-2.0,29.0,647.0,160.0,170.0,130.0,767,757.0,11.0,800,808.0,8.0,0,0,,0.0,0.0,0.0,0.0,0.0,2015-03-03,0,0,0.0,0,0.0,0.0,0.0,0.0,0.0
2015,2,26,4,WN,1044,N200WN,BWI,DAL,700,659.0,-1.0,37.0,736.0,215.0,227.0,185.0,1209,941.0,5.0,935,946.0,11.0,0,0,,0.0,0.0,0.0,0.0,0.0,2015-02-26,0,0,0.0,0,0.0,0.0,0.0,0.0,0.0
2015,3,2,1,OO,7373,N8884E,CPR,SLC,1706,1657.0,-9.0,35.0,1732.0,82.0,113.0,72.0,320,1844.0,6.0,1828,1850.0,22.0,0,0,,22.0,0.0,0.0,0.0,0.0,2015-03-02,0,1,22.0,1,100.0,0.0,0.0,0.0,0.0
2015,3,21,6,DL,201,N989AT,ATL,IAD,905,903.0,-2.0,15.0,918.0,106.0,89.0,70.0,534,1028.0,4.0,1051,1032.0,-19.0,0,0,,0.0,0.0,0.0,0.0,0.0,2015-03-21,0,0,0.0,0,0.0,0.0,0.0,0.0,0.0
2015,3,6,5,AA,2474,N3HSAA,LAX,DFW,1700,1709.0,9.0,13.0,1722.0,176.0,168.0,149.0,1235,2151.0,6.0,2156,2157.0,1.0,0,0,,0.0,0.0,0.0,0.0,0.0,2015-03-06,0,0,0.0,0,0.0,0.0,0.0,0.0,0.0
2015,3,10,2,US,856,N112US,CLT,DCA,1945,1943.0,-2.0,10.0,1953.0,74.0,79.0,65.0,331,2058.0,4.0,2059,2102.0,3.0,0,0,,0.0,0.0,0.0,0.0,0.0,2015-03-10,0,0,0.0,0,0.0,0.0,0.0,0.0,0.0
2015,3,21,6,WN,4521,N481WN,BWI,CLT,2030,2043.0,13.0,9.0,2052.0,85.0,72.0,57.0,361,2149.0,6.0,2155,2155.0,0.0,0,0,,0.0,0.0,0.0,0.0,0.0,2015-03-21,0,0,0.0,0,0.0,0.0,0.0,0.0,0.0
2015,3,16,1,WN,4818,N7752B,MSY,ATL,1225,1220.0,-5.0,10.0,1230.0,90.0,81.0,63.0,425,1433.0,8.0,1455,1441.0,-14.0,0,0,,0.0,0.0,0.0,0.0,0.0,2015-03-16,0,0,0.0,0,0.0,0.0,0.0,0.0,0.0
2015,2,28,6,DL,2446,N523US,ATL,FLL,1200,1201.0,1.0,28.0,1229.0,112.0,115.0,83.0,581,1352.0,4.0,1352,1356.0,4.0,0,0,,0.0,0.0,0.0,0.0,0.0,2015-02-28,0,0,0.0,0,0.0,0.0,0.0,0.0,0.0
2015,3,17,2,AA,2438,N3FEAA,MIA,SAT,1950,1946.0,-4.0,19.0,2005.0,198.0,181.0,158.0,1143,2143.0,4.0,2208,2147.0,-21.0,0,0,,0.0,0.0,0.0,0.0,0.0,2015-03-17,0,0,0.0,0,0.0,0.0,0.0,0.0,0.0
2015,3,1,7,DL,1980,N962DL,BHM,ATL,645,643.0,-2.0,15.0,658.0,69.0,57.0,30.0,134,828.0,12.0,854,840.0,-14.0,0,0,,0.0,0.0,0.0,0.0,0.0,2015-03-01,0,0,0.0,0,0.0,0.0,0.0,0.0,0.0
2015,2,24,2,UA,606,N830UA,ORD,EWR,1255,1314.0,19.0,10.0,1324.0,134.0,112.0,94.0,719,1558.0,8.0,1609,1606.0,-3.0,0,0,,0.0,0.0,0.0,0.0,0.0,2015-02-24,1,0,0.0,0,0.0,0.0,0.0,0.0,0.0
2015,3,14,6,EV,4382,N11176,EWR,DTW,1829,1823.0,-6.0,11.0,1834.0,126.0,101.0,81.0,488,1955.0,9.0,2035,2004.0,-31.0,0,0,,0.0,0.0,0.0,0.0,0.0,2015-03-14,0,0,0.0,0,0.0,0.0,0.0,0.0,0.0
2015,3,6,5,WN,711,N201LV,SAT,LAS,800,800.0,0.0,6.0,806.0,180.0,157.0,147.0,1069,833.0,4.0,900,837.0,-23.0,0,0,,0.0,0.0,0.0,0.0,0.0,2015-03-06,0,0,0.0,0,0.0,0.0,0.0,0.0,0.0
2015,3,2,1,HA,34,N374HA,OGG,LAX,1640,1634.0,-6.0,16.0,1650.0,305.0,310.0,283.0,2486,2333.0,11.0,2345,2344.0,-1.0,0,0,,0.0,0.0,0.0,0.0,0.0,2015-03-02,0,0,0.0,0,0.0,0.0,0.0,0.0,0.0
2015,3,20,5,DL,1823,N808DN,DTW,SEA,1935,1948.0,13.0,19.0,2007.0,294.0,298.0,272.0,1927,2139.0,7.0,2129,2146.0,17.0,0,0,,4.0,0.0,13.0,0.0,0.0,2015-03-20,0,1,17.0,1,23.53,0.0,76.47,0.0,0.0
2015,2,25,3,EV,5664,N12530,IAH,BTR,740,732.0,-8.0,25.0,757.0,63.0,73.0,44.0,253,841.0,4.0,843,845.0,2.0,0,0,,0.0,0.0,0.0,0.0,0.0,2015-02-25,0,0,0.0,0,0.0,0.0,0.0,0.0,0.0
2015,2,27,5,OO,5511,N750SK,IAH,OKC,1258,1250.0,-8.0,28.0,1318.0,84.0,95.0,59.0,395,1417.0,8.0,1422,1425.0,3.0,0,0,,0.0,0.0,0.0,0.0,0.0,2015-02-27,0,0,0.0,0,0.0,0.0,0.0,0.0,0.0
2015,3,17,2,AA,1318,N5BSAA,BOS,DFW,650,650.0,0.0,20.0,710.0,280.0,261.0,227.0,1562,957.0,14.0,1030,1011.0,-19.0,0,0,,0.0,0.0,0.0,0.0,0.0,2015-03-17,0,0,0.0,0,0.0,0.0,0.0,0.0,0.0
2015,3,17,2,OO,5464,N909SW,LAR,DEN,605,601.0,-4.0,12.0,613.0,56.0,49.0,28.0,113,641.0,9.0,701,650.0,-11.0,0,0,,0.0,0.0,0.0,0.0,0.0,2015-03-17,0,0,0.0,0,0.0,0.0,0.0,0.0,0.0
2015,2,26,4,DL,2146,N954DN,ROC,ATL,1738,1734.0,-4.0,49.0,1823.0,152.0,174.0,121.0,749,2024.0,4.0,2010,2028.0,18.0,0,0,,18.0,0.0,0.0,0.0,0.0,2015-02-26,0,1,18.0,1,100.0,0.0,0.0,0.0,0.0
2015,3,12,4,EV,4369,N12126,BHM,IAH,1457,1513.0,16.0,11.0,1524.0,113.0,125.0,99.0,562,1703.0,15.0,1650,1718.0,28.0,0,0,,12.0,0.0,10.0,6.0,0.0,2015-03-12,1,1,28.0,1,42.86,0.0,35.71,21.43,0.0
2015,3,24,2,EV,3940,N13995,ORD,PNS,850,908.0,18.0,21.0,929.0,136.0,145.0,120.0,794,1129.0,4.0,1106,1133.0,27.0,0,0,,9.0,0.0,18.0,0.0,0.0,2015-03-24,1,1,27.0,1,33.33,0.0,66.67,0.0,0.0
2015,3,19,4,EV,5393,N751EV,LGA,MHT,1132,1127.0,-5.0,25.0,1152.0,80.0,73.0,44.0,195,1236.0,4.0,1252,1240.0,-12.0,0,0,,0.0,0.0,0.0,0.0,0.0,2015-03-19,0,0,0.0,0,0.0,0.0,0.0,0.0,0.0
2015,3,7,6,EV,5481,N138EV,MLI,ATL,1115,1108.0,-7.0,11.0,1119.0,109.0,103.0,84.0,633,1343.0,8.0,1404,1351.0,-13.0,0,0,,0.0,0.0,0.0,0.0,0.0,2015-03-07,0,0,0.0,0,0.0,0.0,0.0,0.0,0.0
2015,2,13,5,OO,4521,N617QX,MSP,GRR,958,954.0,-4.0,23.0,1017.0,91.0,89.0,62.0,408,1219.0,4.0,1229,1223.0,-6.0,0,0,,0.0,0.0,0.0,0.0,0.0,2015-02-13,0,0,0.0,0,0.0,0.0,0.0,0.0,0.0
2015,3,25,3,US,2061,N624AW,TPA,CLT,510,507.0,-3.0,11.0,518.0,96.0,100.0,81.0,507,639.0,8.0,646,647.0,1.0,0,0,,0.0,0.0,0.0,0.0,0.0,2015-03-25,0,0,0.0,0,0.0,0.0,0.0,0.0,0.0
2015,3,12,4,US,1708,N715UW,PHL,BOS,2115,2108.0,-7.0,24.0,2132.0,78.0,84.0,54.0,280,2226.0,6.0,2233,2232.0,-1.0,0,0,,0.0,0.0,0.0,0.0,0.0,2015-03-12,0,0,0.0,0,0.0,0.0,0.0,0.0,0.0
2015,3,19,4,DL,2046,N675DL,PHX,ATL,1543,1550.0,7.0,16.0,1606.0,210.0,197.0,169.0,1587,2155.0,12.0,2213,2207.0,-6.0,0,0,,0.0,0.0,0.0,0.0,0.0,2015-03-19,0,0,0.0,0,0.0,0.0,0.0,0.0,0.0
2015,3,5,4,MQ,3024,N630MQ,GJT,DFW,700,1005.0,185.0,5.0,1010.0,140.0,119.0,104.0,773,1254.0,10.0,1020,1304.0,164.0,0,0,,0.0,0.0,0.0,0.0,164.0,2015-03-05,1,1,164.0,1,0.0,0.0,0.0,0.0,100.0
2015,2,17,2,WN,155,N760SW,AUS,HOU,705,706.0,1.0,10.0,716.0,50.0,45.0,32.0,148,748.0,3.0,755,751.0,-4.0,0,0,,0.0,0.0,0.0,0.0,0.0,2015-02-17,0,0,0.0,0,0.0,0.0,0.0,0.0,0.0
2015,3,7,6,EV,5013,N844AS,PHF,ATL,1730,1724.0,-6.0,10.0,1734.0,113.0,104.0,89.0,508,1903.0,5.0,1923,1908.0,-15.0,0,0,,0.0,0.0,0.0,0.0,0.0,2015-03-07,0,0,0.0,0,0.0,0.0,0.0,0.0,0.0
2015,3,24,2,WN,2852,N227WN,MKE,LAS,1920,1920.0,0.0,14.0,1934.0,240.0,230.0,212.0,1524,2106.0,4.0,2120,2110.0,-10.0,0,0,,0.0,0.0,0.0,0.0,0.0,2015-03-24,0,0,0.0,0,0.0,0.0,0.0,0.0,0.0
2015,3,9,1,DL,2394,N930DL,ATL,PHL,1737,1743.0,6.0,18.0,1801.0,128.0,111.0,88.0,666,1929.0,5.0,1945,1934.0,-11.0,0,0,,0.0,0.0,0.0,0.0,0.0,2015-03-09,0,0,0.0,0,0.0,0.0,0.0,0.0,0.0
2015,3,12,4,WN,4836,N298WN,RDU,MCO,615,609.0,-6.0,7.0,616.0,100.0,91.0,77.0,534,733.0,7.0,755,740.0,-15.0,0,0,,0.0,0.0,0.0,0.0,0.0,2015-03-12,0,0,0.0,0,0.0,0.0,0.0,0.0,0.0
2015,3,17,2,WN,4292,N493WN,MCO,ATL,805,801.0,-4.0,14.0,815.0,95.0,87.0,67.0,404,922.0,6.0,940,928.0,-12.0,0,0,,0.0,0.0,0.0,0.0,0.0,2015-03-17,0,0,0.0,0,0.0,0.0,0.0,0.0,0.0
2015,3,19,4,WN,1001,N632SW,LAS,SAN,2015,2041.0,26.0,12.0,2053.0,65.0,61.0,42.0,258,2135.0,7.0,2120,2142.0,22.0,0,0,,0.0,0.0,8.0,14.0,0.0,2015-03-19,1,1,22.0,1,0.0,0.0,36.36,63.64,0.0
2015,3,7,6,WN,1559,N718SW,BOS,HOU,1705,1704.0,-1.0,15.0,1719.0,275.0,261.0,244.0,1609,2023.0,2.0,2040,2025.0,-15.0,0,0,,0.0,0.0,0.0,0.0,0.0,2015-03-07,0,0,0.0,0,0.0,0.0,0.0,0.0,0.0
2015,3,6,5,EV,4155,N26549,AMA,IAH,1118,1117.0,-1.0,7.0,1124.0,97.0,83.0,70.0,517,1234.0,6.0,1255,1240.0,-15.0,0,0,,0.0,0.0,0.0,0.0,0.0,2015-03-06,0,0,0.0,0,0.0,0.0,0.0,0.0,0.0
2015,3,14,6,B6,1417,N662JB,AUS,LGB,1538,1657.0,79.0,13.0,1710.0,194.0,175.0,159.0,1226,1749.0,3.0,1652,1752.0,60.0,0,0,,0.0,0.0,1.0,59.0,0.0,2015-03-14,1,1,60.0,1,0.0,0.0,1.67,98.33,0.0
2015,3,4,3,UA,222,N456UA,SFO,ORD,1045,1045.0,0.0,15.0,1100.0,258.0,233.0,210.0,1846,1630.0,8.0,1703,1638.0,-25.0,0,0,,0.0,0.0,0.0,0.0,0.0,2015-03-04,0,0,0.0,0,0.0,0.0,0.0,0.0,0.0
2015,2,24,2,WN,537,N446WN,SAN,MCO,1135,1132.0,-3.0,9.0,1141.0,265.0,242.0,224.0,2149,1825.0,9.0,1900,1834.0,-26.0,0,0,,0.0,0.0,0.0,0.0,0.0,2015-02-24,0,0,0.0,0,0.0,0.0,0.0,0.0,0.0
2015,2,24,2,EV,5929,N13997,ORD,MSN,2000,2318.0,198.0,46.0,4.0,61.0,93.0,31.0,108,35.0,16.0,2101,51.0,230.0,0,0,,32.0,0.0,113.0,85.0,0.0,2015-02-24,1,1,230.0,1,13.91,0.0,49.13,36.96,0.0
2015,3,14,6,US,1949,N807AW,PHX,GEG,2010,2004.0,-6.0,16.0,2020.0,167.0,163.0,144.0,1020,2244.0,3.0,2257,2247.0,-10.0,0,0,,0.0,0.0,0.0,0.0,0.0,2015-03-14,0,0,0.0,0,0.0,0.0,0.0,0.0,0.0
2015,3,1,7,B6,966,N804JB,RSW,BOS,635,624.0,-11.0,9.0,633.0,181.0,179.0,163.0,1249,916.0,7.0,936,923.0,-13.0,0,0,,0.0,0.0,0.0,0.0,0.0,2015-03-01,0,0,0.0,0,0.0,0.0,0.0,0.0,0.0
2015,2,19,4,AA,1135,N505AA,BHM,DFW,700,700.0,0.0,12.0,712.0,134.0,126.0,102.0,597,854.0,12.0,914,906.0,-8.0,0,0,,0.0,0.0,0.0,0.0,0.0,2015-02-19,0,0,0.0,0,0.0,0.0,0.0,0.0,0.0
2015,3,3,2,B6,1534,N193JB,TPA,BDL,1407,1404.0,-3.0,12.0,1416.0,165.0,168.0,152.0,1111,1648.0,4.0,1652,1652.0,0.0,0,0,,0.0,0.0,0.0,0.0,0.0,2015-03-03,0,0,0.0,0,0.0,0.0,0.0,0.0,0.0
2015,3,19,4,OO,4714,N659BR,GRB,MSP,1430,1429.0,-1.0,12.0,1441.0,72.0,71.0,54.0,252,1535.0,5.0,1542,1540.0,-2.0,0,0,,0.0,0.0,0.0,0.0,0.0,2015-03-19,0,0,0.0,0,0.0,0.0,0.0,0.0,0.0
2015,3,5,4,EV,5023,N920EV,MOB,ATL,1745,1807.0,22.0,11.0,1818.0,72.0,78.0,60.0,302,2018.0,7.0,1957,2025.0,28.0,0,0,,6.0,0.0,1.0,21.0,0.0,2015-03-05,1,1,28.0,1,21.43,0.0,3.57,75.0,0.0
2015,3,23,1,WN,452,N764SW,PHX,DAL,1715,1725.0,10.0,7.0,1732.0,135.0,117.0,104.0,879,2116.0,6.0,2130,2122.0,-8.0,0,0,,0.0,0.0,0.0,0.0,0.0,2015-03-23,0,0,0.0,0,0.0,0.0,0.0,0.0,0.0
2015,2,20,5,US,2169,N833AW,DCA,BOS,830,1006.0,96.0,15.0,1021.0,90.0,84.0,63.0,399,1124.0,6.0,1000,1130.0,90.0,0,0,,0.0,0.0,90.0,0.0,0.0,2015-02-20,1,1,90.0,1,0.0,0.0,100.0,0.0,0.0
2015,2,22,7,DL,1979,N3752,LAS,DTW,2340,141.0,121.0,14.0,155.0,225.0,204.0,181.0,1749,756.0,9.0,625,805.0,100.0,0,0,,0.0,0.0,98.0,2.0,0.0,2015-02-22,1,1,100.0,1,0.0,0.0,98.0,2.0,0.0
2015,3,22,7,EV,4699,N14974,CRP,IAH,1258,1316.0,18.0,14.0,1330.0,62.0,62.0,39.0,201,1409.0,9.0,1400,1418.0,18.0,0,0,,0.0,0.0,5.0,13.0,0.0,2015-03-22,1,1,18.0,1,0.0,0.0,27.78,72.22,0.0
2015,3,12,4,AS,122,N551AS,ANC,PDX,30,24.0,-6.0,9.0,33.0,227.0,202.0,190.0,1542,443.0,3.0,517,446.0,-31.0,0,0,,0.0,0.0,0.0,0.0,0.0,2015-03-12,0,0,0.0,0,0.0,0.0,0.0,0.0,0.0
2015,2,19,4,DL,2346,N320US,ATL,MDW,1856,1855.0,-1.0,17.0,1912.0,123.0,121.0,98.0,591,1950.0,6.0,1959,1956.0,-3.0,0,0,,0.0,0.0,0.0,0.0,0.0,2015-02-19,0,0,0.0,0,0.0,0.0,0.0,0.0,0.0
2015,2,23,1,WN,4269,N8308K,MDW,DEN,1955,2009.0,14.0,9.0,2018.0,170.0,138.0,123.0,895,2121.0,6.0,2145,2127.0,-18.0,0,0,,0.0,0.0,0.0,0.0,0.0,2015-02-23,0,0,0.0,0,0.0,0.0,0.0,0.0,0.0
2015,2,16,1,WN,608,N458WN,BWI,JAX,1610,1609.0,-1.0,13.0,1622.0,130.0,119.0,102.0,663,1804.0,4.0,1820,1808.0,-12.0,0,0,,0.0,0.0,0.0,0.0,0.0,2015-02-16,0,0,0.0,0,0.0,0.0,0.0,0.0,0.0
2015,2,19,4,AA,1016,N009AA,DFW,ATL,1950,1948.0,-2.0,15.0,2003.0,114.0,114.0,91.0,731,2234.0,8.0,2244,2242.0,-2.0,0,0,,0.0,0.0,0.0,0.0,0.0,2015-02-19,0,0,0.0,0,0.0,0.0,0.0,0.0,0.0
2015,3,12,4,WN,3389,N7732A,SJC,BUR,1510,1510.0,0.0,8.0,1518.0,60.0,53.0,44.0,296,1602.0,1.0,1610,1603.0,-7.0,0,0,,0.0,0.0,0.0,0.0,0.0,2015-03-12,0,0,0.0,0,0.0,0.0,0.0,0.0,0.0
2015,3,17,2,WN,498,N658SW,PHX,SAT,1920,2021.0,61.0,14.0,2035.0,120.0,131.0,113.0,843,28.0,4.0,2320,32.0,72.0,0,0,,11.0,0.0,51.0,10.0,0.0,2015-03-17,1,1,72.0,1,15.28,0.0,70.83,13.89,0.0
2015,2,17,2,WN,4834,N624SW,SAN,LAS,1840,1912.0,32.0,9.0,1921.0,70.0,67.0,49.0,258,2010.0,9.0,1950,2019.0,29.0,0,0,,0.0,0.0,0.0,29.0,0.0,2015-02-17,1,1,29.0,1,0.0,0.0,0.0,100.0,0.0
2015,3,25,3,DL,2391,N312US,BOS,MSP,1606,1700.0,54.0,25.0,1725.0,195.0,211.0,181.0,1124,1926.0,5.0,1821,1931.0,70.0,0,0,,16.0,0.0,0.0,54.0,0.0,2015-03-25,1,1,70.0,1,22.86,0.0,0.0,77.14,0.0
2015,2,22,7,WN,2214,N903WN,MKE,LAS,1240,1258.0,18.0,11.0,1309.0,240.0,248.0,231.0,1524,1500.0,6.0,1440,1506.0,26.0,0,0,,8.0,0.0,10.0,8.0,0.0,2015-02-22,1,1,26.0,1,30.77,0.0,38.46,30.77,0.0
2015,2,27,5,OO,2634,N423SW,MKE,ORD,932,928.0,-4.0,10.0,938.0,63.0,50.0,20.0,67,958.0,20.0,1035,1018.0,-17.0,0,0,,0.0,0.0,0.0,0.0,0.0,2015-02-27,0,0,0.0,0,0.0,0.0,0.0,0.0,0.0
2015,3,11,3,WN,690,N747SA,TPA,ATL,1925,1932.0,7.0,13.0,1945.0,95.0,91.0,66.0,406,2051.0,12.0,2100,2103.0,3.0,0,0,,0.0,0.0,0.0,0.0,0.0,2015-03-11,0,0,0.0,0,0.0,0.0,0.0,0.0,0.0
2015,3,25,3,WN,4207,N7741C,SMF,LAX,2225,2219.0,-6.0,7.0,2226.0,80.0,70.0,59.0,373,2325.0,4.0,2345,2329.0,-16.0,0,0,,0.0,0.0,0.0,0.0,0.0,2015-03-25,0,0,0.0,0,0.0,0.0,0.0,0.0,0.0
2015,3,2,1,US,499,N548UW,CLT,DEN,2219,2315.0,56.0,23.0,2338.0,218.0,240.0,206.0,1337,104.0,11.0,2357,115.0,78.0,0,0,,22.0,0.0,56.0,0.0,0.0,2015-03-02,1,1,78.0,1,28.21,0.0,71.79,0.0,0.0
2015,3,2,1,DL,1259,N917DE,CVG,ATL,1821,1833.0,12.0,17.0,1850.0,99.0,94.0,65.0,373,1955.0,12.0,2000,2007.0,7.0,0,0,,0.0,0.0,0.0,0.0,0.0,2015-03-02,0,0,0.0,0,0.0,0.0,0.0,0.0,0.0
2015,3,19,4,EV,6003,N14105,MLU,IAH,1508,1510.0,2.0,8.0,1518.0,72.0,66.0,49.0,262,1607.0,9.0,1620,1616.0,-4.0,0,0,,0.0,0.0,0.0,0.0,0.0,2015-03-19,0,0,0.0,0,0.0,0.0,0.0,0.0,0.0
2015,3,13,5,B6,1784,N794JB,MCO,JFK,1536,1529.0,-7.0,15.0,1544.0,163.0,161.0,140.0,944,1804.0,6.0,1819,1810.0,-9.0,0,0,,0.0,0.0,0.0,0.0,0.0,2015-03-13,0,0,0.0,0,0.0,0.0,0.0,0.0,0.0
2015,3,5,4,DL,1938,N946DN,ATL,DCA,1620,1900.0,160.0,14.0,1914.0,110.0,140.0,69.0,547,2023.0,57.0,1810,2120.0,190.0,0,0,,30.0,0.0,0.0,16.0,144.0,2015-03-05,1,1,190.0,1,15.79,0.0,0.0,8.42,75.79
2015,3,21,6,OO,5525,N912SW,DEN,PSP,755,747.0,-8.0,15.0,802.0,142.0,123.0,102.0,776,844.0,6.0,917,850.0,-27.0,0,0,,0.0,0.0,0.0,0.0,0.0,2015-03-21,0,0,0.0,0,0.0,0.0,0.0,0.0,0.0
2015,3,24,2,AA,1450,N010AA,MCI,MIA,600,559.0,-1.0,18.0,617.0,190.0,174.0,147.0,1251,944.0,9.0,1010,953.0,-17.0,0,0,,0.0,0.0,0.0,0.0,0.0,2015-03-24,0,0,0.0,0,0.0,0.0,0.0,0.0,0.0
2015,3,18,3,EV,3962,N16918,SDF,ORD,2027,2020.0,-7.0,9.0,2029.0,83.0,109.0,57.0,287,2026.0,43.0,2050,2109.0,19.0,0,0,,19.0,0.0,0.0,0.0,0.0,2015-03-18,0,1,19.0,1,100.0,0.0,0.0,0.0,0.0
2015,3,9,1,DL,1548,N805DN,SEA,DTW,2300,2256.0,-4.0,15.0,2311.0,246.0,237.0,216.0,1927,547.0,6.0,606,553.0,-13.0,0,0,,0.0,0.0,0.0,0.0,0.0,2015-03-09,0,0,0.0,0,0.0,0.0,0.0,0.0,0.0
2015,3,7,6,DL,2122,N523US,PHX,DTW,1315,1319.0,4.0,20.0,1339.0,222.0,215.0,187.0,1671,1846.0,8.0,1857,1854.0,-3.0,0,0,,0.0,0.0,0.0,0.0,0.0,2015-03-07,0,0,0.0,0,0.0,0.0,0.0,0.0,0.0
2015,3,10,2,WN,1899,N715SW,PHX,IND,1815,1816.0,1.0,8.0,1824.0,195.0,215.0,202.0,1488,46.0,5.0,30,51.0,21.0,0,0,,21.0,0.0,0.0,0.0,0.0,2015-03-10,0,1,21.0,1,100.0,0.0,0.0,0.0,0.0
2015,3,6,5,OO,2856,N466SW,FAT,LAX,800,756.0,-4.0,73.0,909.0,75.0,123.0,40.0,209,949.0,10.0,915,959.0,44.0,0,0,,44.0,0.0,0.0,0.0,0.0,2015-03-06,0,1,44.0,1,100.0,0.0,0.0,0.0,0.0
2015,2,20,5,EV,5432,N837AS,LEX,DTW,1533,1528.0,-5.0,16.0,1544.0,79.0,86.0,61.0,296,1645.0,9.0,1652,1654.0,2.0,0,0,,0.0,0.0,0.0,0.0,0.0,2015-02-20,0,0,0.0,0,0.0,0.0,0.0,0.0,0.0
2015,3,7,6,UA,1215,N24702,LAS,DEN,1015,1010.0,-5.0,15.0,1025.0,111.0,109.0,84.0,628,1249.0,10.0,1306,1259.0,-7.0,0,0,,0.0,0.0,0.0,0.0,0.0,2015-03-07,0,0,0.0,0,0.0,0.0,0.0,0.0,0.0
2015,3,14,6,B6,2006,N612JB,FLL,EWR,612,610.0,-2.0,13.0,623.0,168.0,164.0,144.0,1065,847.0,7.0,900,854.0,-6.0,0,0,,0.0,0.0,0.0,0.0,0.0,2015-03-14,0,0,0.0,0,0.0,0.0,0.0,0.0,0.0
2015,3,5,4,DL,2459,N902DE,ATL,ICT,1921,2114.0,113.0,18.0,2132.0,149.0,142.0,120.0,782,2232.0,4.0,2050,2236.0,106.0,0,0,,0.0,0.0,106.0,0.0,0.0,2015-03-05,1,1,106.0,1,0.0,0.0,100.0,0.0,0.0
2015,2,26,4,DL,1964,N945DN,JAX,ATL,1835,1852.0,17.0,24.0,1916.0,85.0,,,270,2132.0,7.0,2000,2139.0,0.0,1,0,,0.0,0.0,0.0,0.0,0.0,2015-02-26,1,0,0.0,0,0.0,0.0,0.0,0.0,0.0
2015,3,8,7,AA,2320,N4XKAA,DFW,MSP,1245,1244.0,-1.0,23.0,1307.0,144.0,145.0,112.0,852,1459.0,10.0,1509,1509.0,0.0,0,0,,0.0,0.0,0.0,0.0,0.0,2015-03-08,0,0,0.0,0,0.0,0.0,0.0,0.0,0.0
2015,2,24,2,UA,590,N543UA,LAX,OGG,1425,1426.0,1.0,17.0,1443.0,351.0,344.0,323.0,2486,1806.0,4.0,1816,1810.0,-6.0,0,0,,0.0,0.0,0.0,0.0,0.0,2015-02-24,0,0,0.0,0,0.0,0.0,0.0,0.0,0.0
2015,3,22,7,WN,3839,N420WN,RNO,LAS,1240,1235.0,-5.0,9.0,1244.0,75.0,71.0,58.0,345,1342.0,4.0,1355,1346.0,-9.0,0,0,,0.0,0.0,0.0,0.0,0.0,2015-03-22,0,0,0.0,0,0.0,0.0,0.0,0.0,0.0
2015,3,8,7,WN,4003,N780SW,DEN,GRR,1110,1108.0,-2.0,8.0,1116.0,145.0,129.0,115.0,1015,1511.0,6.0,1535,1517.0,-18.0,0,0,,0.0,0.0,0.0,0.0,0.0,2015-03-08,0,0,0.0,0,0.0,0.0,0.0,0.0,0.0
2015,3,20,5,OO,4985,N134SY,SAT,ORD,1705,1714.0,9.0,11.0,1725.0,165.0,157.0,129.0,1041,1934.0,17.0,1950,1951.0,1.0,0,0,,0.0,0.0,0.0,0.0,0.0,2015-03-20,0,0,0.0,0,0.0,0.0,0.0,0.0,0.0
2015,3,24,2,UA,805,N462UA,AUS,SFO,738,732.0,-6.0,11.0,743.0,246.0,236.0,219.0,1504,922.0,6.0,944,928.0,-16.0,0,0,,0.0,0.0,0.0,0.0,0.0,2015-03-24,0,0,0.0,0,0.0,0.0,0.0,0.0,0.0
2015,3,12,4,EV,4436,N12540,MOB,IAH,625,624.0,-1.0,10.0,634.0,98.0,113.0,96.0,427,810.0,7.0,803,817.0,14.0,0,0,,0.0,0.0,0.0,0.0,0.0,2015-03-12,0,0,0.0,0,0.0,0.0,0.0,0.0,0.0
2015,3,24,2,AS,500,N566AS,SEA,SNA,1230,1225.0,-5.0,13.0,1238.0,155.0,140.0,124.0,978,1442.0,3.0,1505,1445.0,-20.0,0,0,,0.0,0.0,0.0,0.0,0.0,2015-03-24,0,0,0.0,0,0.0,0.0,0.0,0.0,0.0
2015,3,25,3,DL,1410,N311US,DEN,DTW,1600,1624.0,24.0,26.0,1650.0,168.0,161.0,129.0,1123,2059.0,6.0,2048,2105.0,17.0,0,0,,0.0,0.0,17.0,0.0,0.0,2015-03-25,1,1,17.0,1,0.0,0.0,100.0,0.0,0.0
2015,2,23,1,AA,1430,N4YPAA,MSP,ORD,1637,1647.0,10.0,13.0,1700.0,93.0,84.0,52.0,334,1752.0,19.0,1810,1811.0,1.0,0,0,,0.0,0.0,0.0,0.0,0.0,2015-02-23,0,0,0.0,0,0.0,0.0,0.0,0.0,0.0
2015,3,6,5,AA,145,N3FUAA,MIA,SAN,2005,2013.0,8.0,15.0,2028.0,345.0,334.0,312.0,2267,2240.0,7.0,2250,2247.0,-3.0,0,0,,0.0,0.0,0.0,0.0,0.0,2015-03-06,0,0,0.0,0,0.0,0.0,0.0,0.0,0.0
2015,2,21,6,OO,5570,N122SY,DFW,ORD,956,1012.0,16.0,13.0,1025.0,140.0,126.0,100.0,802,1205.0,13.0,1216,1218.0,2.0,0,0,,0.0,0.0,0.0,0.0,0.0,2015-02-21,1,0,0.0,0,0.0,0.0,0.0,0.0,0.0
2015,3,10,2,WN,1185,N558WN,STL,RDU,1945,1940.0,-5.0,8.0,1948.0,105.0,95.0,83.0,667,2211.0,4.0,2230,2215.0,-15.0,0,0,,0.0,0.0,0.0,0.0,0.0,2015-03-10,0,0,0.0,0,0.0,0.0,0.0,0.0,0.0
2015,3,9,1,B6,6,N595JB,FLL,EWR,1731,1858.0,87.0,12.0,1910.0,183.0,163.0,144.0,1065,2134.0,7.0,2034,2141.0,67.0,0,0,,0.0,0.0,67.0,0.0,0.0,2015-03-09,1,1,67.0,1,0.0,0.0,100.0,0.0,0.0
2015,2,24,2,WN,1159,N7732A,DCA,MDW,2055,2055.0,0.0,23.0,2118.0,140.0,129.0,99.0,601,2157.0,7.0,2215,2204.0,-11.0,0,0,,0.0,0.0,0.0,0.0,0.0,2015-02-24,0,0,0.0,0,0.0,0.0,0.0,0.0,0.0
2015,3,4,3,WN,2685,N380SW,LAX,MKE,1005,959.0,-6.0,14.0,1013.0,235.0,218.0,200.0,1756,1533.0,4.0,1600,1537.0,-23.0,0,0,,0.0,0.0,0.0,0.0,0.0,2015-03-04,0,0,0.0,0,0.0,0.0,0.0,0.0,0.0
2015,3,12,4,OO,6461,N709SK,MTJ,DEN,610,559.0,-11.0,10.0,609.0,65.0,56.0,38.0,196,647.0,8.0,715,655.0,-20.0,0,0,,0.0,0.0,0.0,0.0,0.0,2015-03-12,0,0,0.0,0,0.0,0.0,0.0,0.0,0.0
2015,2,28,6,AA,1412,N5CNAA,DFW,MIA,1350,1507.0,77.0,53.0,1600.0,162.0,178.0,120.0,1121,1900.0,5.0,1732,1905.0,93.0,0,0,,16.0,0.0,0.0,55.0,22.0,2015-02-28,1,1,93.0,1,17.2,0.0,0.0,59.14,23.66
2015,3,7,6,AA,1366,N3DWAA,DFW,TPA,1020,1032.0,12.0,19.0,1051.0,134.0,141.0,117.0,929,1348.0,5.0,1334,1353.0,19.0,0,0,,7.0,0.0,12.0,0.0,0.0,2015-03-07,0,1,19.0,1,36.84,0.0,63.16,0.0,0.0
2015,3,20,5,WN,2967,N7714B,BWI,LAX,1820,1910.0,50.0,11.0,1921.0,350.0,360.0,338.0,2329,2159.0,11.0,2110,2210.0,60.0,0,0,,10.0,0.0,0.0,50.0,0.0,2015-03-20,1,1,60.0,1,16.67,0.0,0.0,83.33,0.0
2015,2,18,3,OO,5430,N941SW,ORD,DLH,845,837.0,-8.0,20.0,857.0,95.0,97.0,70.0,397,1007.0,7.0,1020,1014.0,-6.0,0,0,,0.0,0.0,0.0,0.0,0.0,2015-02-18,0,0,0.0,0,0.0,0.0,0.0,0.0,0.0
2015,3,19,4,EV,5917,N12122,JAN,ORD,707,701.0,-6.0,17.0,718.0,133.0,140.0,113.0,677,911.0,10.0,920,921.0,1.0,0,0,,0.0,0.0,0.0,0.0,0.0,2015-03-19,0,0,0.0,0,0.0,0.0,0.0,0.0,0.0
2015,2,18,3,WN,1343,N271LV,BWI,ATL,1300,1318.0,18.0,9.0,1327.0,120.0,115.0,99.0,577,1506.0,7.0,1500,1513.0,13.0,0,0,,0.0,0.0,0.0,0.0,0.0,2015-02-18,1,0,0.0,0,0.0,0.0,0.0,0.0,0.0
2015,3,13,5,AA,2234,N3EYAA,TPA,MIA,1440,1432.0,-8.0,11.0,1443.0,65.0,56.0,36.0,204,1519.0,9.0,1545,1528.0,-17.0,0,0,,0.0,0.0,0.0,0.0,0.0,2015-03-13,0,0,0.0,0,0.0,0.0,0.0,0.0,0.0
2015,3,6,5,AS,140,N627AS,ANC,PDX,1140,1130.0,-10.0,15.0,1145.0,207.0,201.0,183.0,1542,1548.0,3.0,1607,1551.0,-16.0,0,0,,0.0,0.0,0.0,0.0,0.0,2015-03-06,0,0,0.0,0,0.0,0.0,0.0,0.0,0.0
2015,2,18,3,AA,1682,N3AYAA,PHX,SNA,1500,1510.0,10.0,24.0,1534.0,80.0,89.0,59.0,338,1533.0,6.0,1520,1539.0,19.0,0,0,,10.0,0.0,0.0,9.0,0.0,2015-02-18,0,1,19.0,1,52.63,0.0,0.0,47.37,0.0
2015,2,21,6,MQ,3085,N661MQ,DFW,TYS,1610,1608.0,-2.0,13.0,1621.0,117.0,109.0,88.0,772,1849.0,8.0,1907,1857.0,-10.0,0,0,,0.0,0.0,0.0,0.0,0.0,2015-02-21,0,0,0.0,0,0.0,0.0,0.0,0.0,0.0
2015,2,22,7,UA,320,N833UA,ORD,CMH,1804,1808.0,4.0,11.0,1819.0,80.0,61.0,44.0,296,2003.0,6.0,2024,2009.0,-15.0,0,0,,0.0,0.0,0.0,0.0,0.0,2015-02-22,0,0,0.0,0,0.0,0.0,0.0,0.0,0.0
2015,3,4,3,OO,4984,N764SK,SFO,EUG,2230,2230.0,0.0,27.0,2257.0,89.0,97.0,66.0,451,3.0,4.0,2359,7.0,8.0,0,0,,0.0,0.0,0.0,0.0,0.0,2015-03-04,0,0,0.0,0,0.0,0.0,0.0,0.0,0.0
2015,3,3,2,UA,1050,N14731,BOS,EWR,632,632.0,0.0,16.0,648.0,87.0,75.0,54.0,200,742.0,5.0,759,747.0,-12.0,0,0,,0.0,0.0,0.0,0.0,0.0,2015-03-03,0,0,0.0,0,0.0,0.0,0.0,0.0,0.0
2015,2,21,6,WN,2730,N8617E,BDL,MCO,1705,1706.0,1.0,65.0,1811.0,190.0,233.0,162.0,1050,2053.0,6.0,2015,2059.0,44.0,0,0,,44.0,0.0,0.0,0.0,0.0,2015-02-21,0,1,44.0,1,100.0,0.0,0.0,0.0,0.0
2015,2,22,7,EV,4275,N13970,IAH,CRP,1919,2006.0,47.0,25.0,2031.0,63.0,76.0,47.0,201,2118.0,4.0,2022,2122.0,60.0,0,0,,13.0,0.0,47.0,0.0,0.0,2015-02-22,1,1,60.0,1,21.67,0.0,78.33,0.0,0.0
2015,2,27,5,AS,822,N586AS,OGG,PDX,2310,2303.0,-7.0,11.0,2314.0,335.0,324.0,309.0,2562,623.0,4.0,645,627.0,-18.0,0,0,,0.0,0.0,0.0,0.0,0.0,2015-02-27,0,0,0.0,0,0.0,0.0,0.0,0.0,0.0
2015,2,15,7,OO,5645,N701BR,DEN,ELP,957,1022.0,25.0,25.0,1047.0,108.0,110.0,81.0,563,1208.0,4.0,1145,1212.0,27.0,0,0,,2.0,0.0,21.0,4.0,0.0,2015-02-15,1,1,27.0,1,7.41,0.0,77.78,14.81,0.0
2015,2,18,3,WN,844,N8314L,MDW,PHX,840,847.0,7.0,8.0,855.0,240.0,212.0,198.0,1444,1113.0,6.0,1140,1119.0,-21.0,0,0,,0.0,0.0,0.0,0.0,0.0,2015-02-18,0,0,0.0,0,0.0,0.0,0.0,0.0,0.0
2015,2,19,4,WN,4253,N633SW,ATL,PBI,1030,1033.0,3.0,12.0,1045.0,120.0,95.0,80.0,545,1205.0,3.0,1230,1208.0,-22.0,0,0,,0.0,0.0,0.0,0.0,0.0,2015-02-19,0,0,0.0,0,0.0,0.0,0.0,0.0,0.0
2015,2,14,6,UA,1500,N17245,LAX,IAH,46,121.0,35.0,13.0,134.0,188.0,189.0,170.0,1379,624.0,6.0,554,630.0,36.0,0,0,,1.0,0.0,35.0,0.0,0.0,2015-02-14,1,1,36.0,1,2.78,0.0,97.22,0.0,0.0
2015,3,7,6,UA,493,N657UA,EWR,ORD,1445,1454.0,9.0,37.0,1531.0,151.0,154.0,109.0,719,1620.0,8.0,1616,1628.0,12.0,0,0,,0.0,0.0,0.0,0.0,0.0,2015-03-07,0,0,0.0,0,0.0,0.0,0.0,0.0,0.0
2015,3,19,4,WN,1459,N8651A,SJC,MDW,915,909.0,-6.0,9.0,918.0,240.0,227.0,215.0,1838,1453.0,3.0,1515,1456.0,-19.0,0,0,,0.0,0.0,0.0,0.0,0.0,2015-03-19,0,0,0.0,0,0.0,0.0,0.0,0.0,0.0
2015,2,26,4,EV,4605,N15973,CLE,LGA,1926,2032.0,66.0,27.0,2059.0,98.0,114.0,75.0,419,2214.0,12.0,2104,2226.0,82.0,0,0,,82.0,0.0,0.0,0.0,0.0,2015-02-26,1,1,82.0,1,100.0,0.0,0.0,0.0,0.0
2015,2,27,5,B6,853,N328JB,FLL,SJU,826,821.0,-5.0,19.0,840.0,148.0,151.0,126.0,1046,1146.0,6.0,1154,1152.0,-2.0,0,0,,0.0,0.0,0.0,0.0,0.0,2015-02-27,0,0,0.0,0,0.0,0.0,0.0,0.0,0.0
2015,2,13,5,WN,1108,N799SW,SAN,HOU,1255,1324.0,29.0,10.0,1334.0,175.0,188.0,174.0,1313,1828.0,4.0,1750,1832.0,42.0,0,0,,13.0,0.0,24.0,5.0,0.0,2015-02-13,1,1,42.0,1,30.95,0.0,57.14,11.9,0.0
2015,3,13,5,OO,5543,N693BR,SFO,BOI,1351,1416.0,25.0,17.0,1433.0,100.0,100.0,78.0,522,1651.0,5.0,1631,1656.0,25.0,0,0,,0.0,0.0,25.0,0.0,0.0,2015-03-13,1,1,25.0,1,0.0,0.0,100.0,0.0,0.0
2015,3,15,7,WN,760,N763SW,OAK,BUR,1030,1027.0,-3.0,7.0,1034.0,65.0,60.0,50.0,325,1124.0,3.0,1135,1127.0,-8.0,0,0,,0.0,0.0,0.0,0.0,0.0,2015-03-15,0,0,0.0,0,0.0,0.0,0.0,0.0,0.0
2015,3,3,2,B6,164,N648JB,SRQ,JFK,1142,1144.0,2.0,18.0,1202.0,167.0,166.0,144.0,1041,1426.0,4.0,1429,1430.0,1.0,0,0,,0.0,0.0,0.0,0.0,0.0,2015-03-03,0,0,0.0,0,0.0,0.0,0.0,0.0,0.0
2015,2,13,5,MQ,3677,N905MQ,ORD,BNA,1030,1046.0,16.0,18.0,1104.0,89.0,81.0,59.0,409,1203.0,4.0,1159,1207.0,8.0,0,0,,0.0,0.0,0.0,0.0,0.0,2015-02-13,1,0,0.0,0,0.0,0.0,0.0,0.0,0.0
2015,3,18,3,AA,1367,N477AA,TPA,DFW,853,843.0,-10.0,14.0,857.0,172.0,164.0,137.0,929,1014.0,13.0,1045,1027.0,-18.0,0,0,,0.0,0.0,0.0,0.0,0.0,2015-03-18,0,0,0.0,0,0.0,0.0,0.0,0.0,0.0
2015,3,11,3,WN,2320,N237WN,ATL,DEN,1345,1349.0,4.0,15.0,1404.0,205.0,183.0,161.0,1199,1445.0,7.0,1510,1452.0,-18.0,0,0,,0.0,0.0,0.0,0.0,0.0,2015-03-11,0,0,0.0,0,0.0,0.0,0.0,0.0,0.0
2015,3,18,3,UA,256,N470UA,MIA,IAH,1130,1134.0,4.0,12.0,1146.0,174.0,156.0,138.0,964,1304.0,6.0,1324,1310.0,-14.0,0,0,,0.0,0.0,0.0,0.0,0.0,2015-03-18,0,0,0.0,0,0.0,0.0,0.0,0.0,0.0
2015,2,17,2,HA,157,N489HA,OGG,HNL,1041,1034.0,-7.0,9.0,1043.0,36.0,40.0,24.0,100,1107.0,7.0,1117,1114.0,-3.0,0,0,,0.0,0.0,0.0,0.0,0.0,2015-02-17,0,0,0.0,0,0.0,0.0,0.0,0.0,0.0
2015,3,14,6,EV,5165,N676CA,GRK,ATL,1230,1229.0,-1.0,10.0,1239.0,120.0,127.0,108.0,803,1527.0,9.0,1530,1536.0,6.0,0,0,,0.0,0.0,0.0,0.0,0.0,2015-03-14,0,0,0.0,0,0.0,0.0,0.0,0.0,0.0
2015,3,21,6,WN,1352,N7734H,TPA,ATL,1030,1132.0,62.0,11.0,1143.0,95.0,83.0,66.0,406,1249.0,6.0,1205,1255.0,50.0,0,0,,0.0,7.0,0.0,43.0,0.0,2015-03-21,1,1,50.0,1,0.0,14.0,0.0,86.0,0.0
2015,2,14,6,OO,4535,N807SK,LAS,LAX,1408,1406.0,-2.0,20.0,1426.0,71.0,68.0,42.0,236,1508.0,6.0,1519,1514.0,-5.0,0,0,,0.0,0.0,0.0,0.0,0.0,2015-02-14,0,0,0.0,0,0.0,0.0,0.0,0.0,0.0
2015,2,24,2,AA,971,N019AA,ELP,DFW,1315,1359.0,44.0,10.0,1409.0,103.0,91.0,69.0,551,1618.0,12.0,1558,1630.0,32.0,0,0,,0.0,0.0,0.0,32.0,0.0,2015-02-24,1,1,32.0,1,0.0,0.0,0.0,100.0,0.0
2015,2,25,3,OO,4785,N810SK,LAS,SEA,1705,1655.0,-10.0,14.0,1709.0,164.0,176.0,152.0,867,1941.0,10.0,1949,1951.0,2.0,0,0,,0.0,0.0,0.0,0.0,0.0,2015-02-25,0,0,0.0,0,0.0,0.0,0.0,0.0,0.0
2015,3,18,3,WN,700,N464WN,PHX,BWI,830,828.0,-2.0,10.0,838.0,245.0,250.0,236.0,1999,1534.0,4.0,1535,1538.0,3.0,0,0,,0.0,0.0,0.0,0.0,0.0,2015-03-18,0,0,0.0,0,0.0,0.0,0.0,0.0,0.0
2015,2,27,5,F9,610,N207FR,DEN,IND,2015,2040.0,25.0,12.0,2052.0,134.0,131.0,113.0,977,45.0,6.0,29,51.0,22.0,0,0,,0.0,0.0,2.0,20.0,0.0,2015-02-27,1,1,22.0,1,0.0,0.0,9.09,90.91,0.0
2015,3,6,5,EV,4105,N13566,IAH,BHM,1415,1432.0,17.0,14.0,1446.0,98.0,88.0,70.0,562,1556.0,4.0,1553,1600.0,7.0,0,0,,0.0,0.0,0.0,0.0,0.0,2015-03-06,1,0,0.0,0,0.0,0.0,0.0,0.0,0.0
2015,3,13,5,OO,4527,N806SK,BOI,MSP,1425,1643.0,138.0,19.0,1702.0,165.0,164.0,135.0,1142,2017.0,10.0,1810,2027.0,137.0,0,0,,0.0,0.0,0.0,137.0,0.0,2015-03-13,1,1,137.0,1,0.0,0.0,0.0,100.0,0.0
2015,3,15,7,WN,2962,N433LV,MDW,CLE,1725,1738.0,13.0,6.0,1744.0,65.0,56.0,43.0,307,1927.0,7.0,1930,1934.0,4.0,0,0,,0.0,0.0,0.0,0.0,0.0,2015-03-15,0,0,0.0,0,0.0,0.0,0.0,0.0,0.0
2015,3,4,3,DL,2389,N339NW,SLC,PDX,1705,1714.0,9.0,13.0,1727.0,113.0,110.0,91.0,630,1758.0,6.0,1758,1804.0,6.0,0,0,,0.0,0.0,0.0,0.0,0.0,2015-03-04,0,0,0.0,0,0.0,0.0,0.0,0.0,0.0
2015,3,3,2,UA,374,N433UA,ORD,IAH,1527,1756.0,149.0,17.0,1813.0,175.0,158.0,136.0,925,2029.0,5.0,1822,2034.0,132.0,0,0,,0.0,0.0,132.0,0.0,0.0,2015-03-03,1,1,132.0,1,0.0,0.0,100.0,0.0,0.0
2015,2,23,1,OO,4972,N113SY,ORD,MSP,1341,1425.0,44.0,16.0,1441.0,91.0,80.0,61.0,334,1542.0,3.0,1512,1545.0,33.0,0,0,,0.0,0.0,15.0,18.0,0.0,2015-02-23,1,1,33.0,1,0.0,0.0,45.45,54.55,0.0
2015,2,27,5,AA,1181,N3EWAA,DFW,LAS,1340,1651.0,191.0,84.0,1815.0,179.0,253.0,161.0,1055,1856.0,8.0,1439,1904.0,265.0,0,0,,74.0,0.0,0.0,13.0,178.0,2015-02-27,1,1,265.0,1,27.92,0.0,0.0,4.91,67.17
2015,3,20,5,B6,1352,N662JB,MCO,BOS,2052,2052.0,0.0,11.0,2103.0,167.0,167.0,151.0,1121,2334.0,5.0,2339,2339.0,0.0,0,0,,0.0,0.0,0.0,0.0,0.0,2015-03-20,0,0,0.0,0,0.0,0.0,0.0,0.0,0.0
2015,2,17,2,AS,688,N435AS,PDX,ORD,1025,1023.0,-2.0,11.0,1034.0,232.0,228.0,204.0,1739,1558.0,13.0,1617,1611.0,-6.0,0,0,,0.0,0.0,0.0,0.0,0.0,2015-02-17,0,0,0.0,0,0.0,0.0,0.0,0.0,0.0
2015,2,16,1,WN,1044,N775SW,BUR,DEN,1410,1411.0,1.0,9.0,1420.0,130.0,133.0,119.0,850,1719.0,5.0,1720,1724.0,4.0,0,0,,0.0,0.0,0.0,0.0,0.0,2015-02-16,0,0,0.0,0,0.0,0.0,0.0,0.0,0.0
2015,3,20,5,F9,423,N908FR,ATL,DEN,1810,1808.0,-2.0,22.0,1830.0,202.0,217.0,188.0,1199,1938.0,7.0,1932,1945.0,13.0,0,0,,0.0,0.0,0.0,0.0,0.0,2015-03-20,0,0,0.0,0,0.0,0.0,0.0,0.0,0.0
2015,3,13,5,DL,2177,N666DN,RSW,DTW,1550,1554.0,4.0,13.0,1607.0,172.0,160.0,143.0,1084,1830.0,4.0,1842,1834.0,-8.0,0,0,,0.0,0.0,0.0,0.0,0.0,2015-03-13,0,0,0.0,0,0.0,0.0,0.0,0.0,0.0
2015,3,23,1,WN,2519,N968WN,SJC,AUS,810,810.0,0.0,9.0,819.0,190.0,184.0,171.0,1476,1310.0,4.0,1320,1314.0,-6.0,0,0,,0.0,0.0,0.0,0.0,0.0,2015-03-23,0,0,0.0,0,0.0,0.0,0.0,0.0,0.0
2015,3,21,6,DL,2270,N364NW,CVG,SLC,1918,2122.0,124.0,10.0,2132.0,231.0,219.0,203.0,1450,2255.0,6.0,2109,2301.0,112.0,0,0,,0.0,0.0,112.0,0.0,0.0,2015-03-21,1,1,112.0,1,0.0,0.0,100.0,0.0,0.0
2015,3,24,2,DL,1463,N902DE,CHS,ATL,1247,1244.0,-3.0,8.0,1252.0,85.0,71.0,48.0,259,1340.0,15.0,1412,1355.0,-17.0,0,0,,0.0,0.0,0.0,0.0,0.0,2015-03-24,0,0,0.0,0,0.0,0.0,0.0,0.0,0.0
2015,2,21,6,WN,3101,N212WN,LAX,SJC,805,803.0,-2.0,10.0,813.0,70.0,61.0,47.0,308,900.0,4.0,915,904.0,-11.0,0,0,,0.0,0.0,0.0,0.0,0.0,2015-02-21,0,0,0.0,0,0.0,0.0,0.0,0.0,0.0
2015,3,19,4,NK,713,N515NK,MCO,IAH,1258,1251.0,-7.0,13.0,1304.0,161.0,147.0,127.0,854,1411.0,7.0,1439,1418.0,-21.0,0,0,,0.0,0.0,0.0,0.0,0.0,2015-03-19,0,0,0.0,0,0.0,0.0,0.0,0.0,0.0
2015,3,12,4,WN,4216,N289CT,DAL,DEN,1930,1938.0,8.0,12.0,1950.0,125.0,126.0,90.0,651,2020.0,24.0,2035,2044.0,9.0,0,0,,0.0,0.0,0.0,0.0,0.0,2015-03-12,0,0,0.0,0,0.0,0.0,0.0,0.0,0.0
2015,2,15,7,AS,21,N440AS,ORD,SEA,1930,1937.0,7.0,30.0,2007.0,277.0,274.0,239.0,1721,2206.0,5.0,2207,2211.0,4.0,0,0,,0.0,0.0,0.0,0.0,0.0,2015-02-15,0,0,0.0,0,0.0,0.0,0.0,0.0,0.0
2015,3,24,2,WN,743,N435WN,MDW,PHL,1855,1859.0,4.0,9.0,1908.0,110.0,104.0,90.0,668,2138.0,5.0,2145,2143.0,-2.0,0,0,,0.0,0.0,0.0,0.0,0.0,2015-03-24,0,0,0.0,0,0.0,0.0,0.0,0.0,0.0
2015,3,16,1,B6,321,N653JB,BOS,PBI,1910,1922.0,12.0,15.0,1937.0,194.0,165.0,147.0,1197,2204.0,3.0,2224,2207.0,-17.0,0,0,,0.0,0.0,0.0,0.0,0.0,2015-03-16,0,0,0.0,0,0.0,0.0,0.0,0.0,0.0
2015,2,13,5,EV,5676,N14568,BDL,EWR,1258,1257.0,-1.0,31.0,1328.0,67.0,87.0,45.0,116,1413.0,11.0,1405,1424.0,19.0,0,0,,19.0,0.0,0.0,0.0,0.0,2015-02-13,0,1,19.0,1,100.0,0.0,0.0,0.0,0.0
2015,3,25,3,WN,3131,N8606C,DEN,PHX,1735,1745.0,10.0,10.0,1755.0,115.0,95.0,79.0,602,1814.0,6.0,1830,1820.0,-10.0,0,0,,0.0,0.0,0.0,0.0,0.0,2015-03-25,0,0,0.0,0,0.0,0.0,0.0,0.0,0.0
2015,3,12,4,DL,2546,N342NB,SAN,SLC,1821,1819.0,-2.0,12.0,1831.0,108.0,115.0,99.0,626,2110.0,4.0,2109,2114.0,5.0,0,0,,0.0,0.0,0.0,0.0,0.0,2015-03-12,0,0,0.0,0,0.0,0.0,0.0,0.0,0.0
2015,3,13,5,DL,2567,N935AT,GRR,ATL,1100,1055.0,-5.0,12.0,1107.0,125.0,115.0,95.0,640,1242.0,8.0,1305,1250.0,-15.0,0,0,,0.0,0.0,0.0,0.0,0.0,2015-03-13,0,0,0.0,0,0.0,0.0,0.0,0.0,0.0
2015,3,25,3,DL,482,N394DA,JFK,AUS,1737,1731.0,-6.0,14.0,1745.0,266.0,258.0,238.0,1521,2043.0,6.0,2103,2049.0,-14.0,0,0,,0.0,0.0,0.0,0.0,0.0,2015-03-25,0,0,0.0,0,0.0,0.0,0.0,0.0,0.0
2015,3,19,4,WN,2156,N358SW,MCO,STL,630,624.0,-6.0,11.0,635.0,155.0,151.0,137.0,882,752.0,3.0,805,755.0,-10.0,0,0,,0.0,0.0,0.0,0.0,0.0,2015-03-19,0,0,0.0,0,0.0,0.0,0.0,0.0,0.0
2015,2,25,3,WN,1136,N8634A,HOU,LAX,920,931.0,11.0,15.0,946.0,230.0,231.0,207.0,1390,1113.0,9.0,1110,1122.0,12.0,0,0,,0.0,0.0,0.0,0.0,0.0,2015-02-25,0,0,0.0,0,0.0,0.0,0.0,0.0,0.0
2015,2,26,4,AS,548,N320AS,BLI,SEA,640,639.0,-1.0,10.0,649.0,37.0,39.0,19.0,93,708.0,10.0,717,718.0,1.0,0,0,,0.0,0.0,0.0,0.0,0.0,2015-02-26,0,0,0.0,0,0.0,0.0,0.0,0.0,0.0
2015,3,7,6,MQ,3020,N909MQ,DFW,TYR,1200,1231.0,31.0,25.0,1256.0,42.0,52.0,24.0,102,1320.0,3.0,1242,1323.0,41.0,0,0,,10.0,0.0,9.0,22.0,0.0,2015-03-07,1,1,41.0,1,24.39,0.0,21.95,53.66,0.0
2015,2,16,1,DL,86,N322US,MSP,DTW,1405,1421.0,16.0,21.0,1442.0,96.0,96.0,69.0,528,1651.0,6.0,1641,1657.0,16.0,0,0,,0.0,0.0,4.0,12.0,0.0,2015-02-16,1,1,16.0,1,0.0,0.0,25.0,75.0,0.0
2015,3,18,3,WN,287,N732SW,MDW,PIT,1640,1700.0,20.0,15.0,1715.0,75.0,78.0,57.0,402,1912.0,6.0,1855,1918.0,23.0,0,0,,3.0,0.0,6.0,14.0,0.0,2015-03-18,1,1,23.0,1,13.04,0.0,26.09,60.87,0.0
2015,3,15,7,UA,1285,N87507,LAX,SFO,2226,2248.0,22.0,20.0,2308.0,87.0,78.0,53.0,337,1.0,5.0,2353,6.0,13.0,0,0,,0.0,0.0,0.0,0.0,0.0,2015-03-15,1,0,0.0,0,0.0,0.0,0.0,0.0,0.0
2015,3,3,2,AS,710,N597AS,SJC,SLC,2055,2044.0,-11.0,8.0,2052.0,110.0,97.0,85.0,584,2317.0,4.0,2345,2321.0,-24.0,0,0,,0.0,0.0,0.0,0.0,0.0,2015-03-03,0,0,0.0,0,0.0,0.0,0.0,0.0,0.0
2015,3,22,7,US,1777,N701UW,DCA,RSW,1530,1537.0,7.0,25.0,1602.0,166.0,162.0,133.0,892,1815.0,4.0,1816,1819.0,3.0,0,0,,0.0,0.0,0.0,0.0,0.0,2015-03-22,0,0,0.0,0,0.0,0.0,0.0,0.0,0.0
2015,3,5,4,AA,1047,N4XVAA,DFW,ATL,1640,1803.0,83.0,19.0,1822.0,122.0,117.0,86.0,731,2048.0,12.0,1942,2100.0,78.0,0,0,,0.0,0.0,5.0,73.0,0.0,2015-03-05,1,1,78.0,1,0.0,0.0,6.41,93.59,0.0
2015,3,9,1,WN,3569,N8638A,MCO,SJU,1105,1102.0,-3.0,10.0,1112.0,165.0,154.0,139.0,1189,1331.0,5.0,1350,1336.0,-14.0,0,0,,0.0,0.0,0.0,0.0,0.0,2015-03-09,0,0,0.0,0,0.0,0.0,0.0,0.0,0.0
2015,2,25,3,WN,1023,N458WN,MDW,SFO,835,835.0,0.0,8.0,843.0,300.0,267.0,247.0,1855,1050.0,12.0,1135,1102.0,-33.0,0,0,,0.0,0.0,0.0,0.0,0.0,2015-02-25,0,0,0.0,0,0.0,0.0,0.0,0.0,0.0
2015,2,20,5,WN,102,N234WN,SAN,ATL,915,917.0,2.0,9.0,926.0,240.0,217.0,198.0,1892,1544.0,10.0,1615,1554.0,-21.0,0,0,,0.0,0.0,0.0,0.0,0.0,2015-02-20,0,0,0.0,0,0.0,0.0,0.0,0.0,0.0
2015,3,12,4,EV,5019,N837AS,ATL,GSP,1036,1034.0,-2.0,6.0,1040.0,58.0,54.0,45.0,153,1125.0,3.0,1134,1128.0,-6.0,0,0,,0.0,0.0,0.0,0.0,0.0,2015-03-12,0,0,0.0,0,0.0,0.0,0.0,0.0,0.0
2015,3,15,7,AA,2378,N3FFAA,LAX,SFO,1025,1043.0,18.0,31.0,1114.0,85.0,86.0,52.0,337,1206.0,3.0,1150,1209.0,19.0,0,0,,1.0,0.0,10.0,8.0,0.0,2015-03-15,1,1,19.0,1,5.26,0.0,52.63,42.11,0.0
2015,2,14,6,HA,48,N582HA,HNL,OAK,1430,1427.0,-3.0,34.0,1501.0,310.0,320.0,280.0,2409,2141.0,6.0,2140,2147.0,7.0,0,0,,0.0,0.0,0.0,0.0,0.0,2015-02-14,0,0,0.0,0,0.0,0.0,0.0,0.0,0.0
2015,3,3,2,WN,827,N704SW,DEN,JAX,1355,1355.0,0.0,21.0,1416.0,185.0,182.0,157.0,1447,1853.0,4.0,1900,1857.0,-3.0,0,0,,0.0,0.0,0.0,0.0,0.0,2015-03-03,0,0,0.0,0,0.0,0.0,0.0,0.0,0.0
2015,2,21,6,DL,2431,N315NB,ECP,ATL,1720,1715.0,-5.0,13.0,1728.0,76.0,65.0,40.0,240,1908.0,12.0,1936,1920.0,-16.0,0,0,,0.0,0.0,0.0,0.0,0.0,2015-02-21,0,0,0.0,0,0.0,0.0,0.0,0.0,0.0
2015,3,9,1,WN,1056,N526SW,HOU,OKC,1710,1717.0,7.0,14.0,1731.0,80.0,73.0,55.0,419,1826.0,4.0,1830,1830.0,0.0,0,0,,0.0,0.0,0.0,0.0,0.0,2015-03-09,0,0,0.0,0,0.0,0.0,0.0,0.0,0.0
2015,3,18,3,UA,1738,N24706,SNA,IAH,1256,1331.0,35.0,14.0,1345.0,192.0,189.0,158.0,1346,1823.0,17.0,1808,1840.0,32.0,0,0,,0.0,0.0,32.0,0.0,0.0,2015-03-18,1,1,32.0,1,0.0,0.0,100.0,0.0,0.0
2015,3,9,1,AA,1064,N3GGAA,AUS,MIA,605,631.0,26.0,18.0,649.0,183.0,153.0,132.0,1103,1001.0,3.0,1008,1004.0,-4.0,0,0,,0.0,0.0,0.0,0.0,0.0,2015-03-09,1,0,0.0,0,0.0,0.0,0.0,0.0,0.0
2015,3,1,7,AS,4,N587AS,SEA,DCA,815,814.0,-1.0,14.0,828.0,291.0,276.0,258.0,2329,1546.0,4.0,1606,1550.0,-16.0,0,0,,0.0,0.0,0.0,0.0,0.0,2015-03-01,0,0,0.0,0,0.0,0.0,0.0,0.0,0.0
2015,3,3,2,OO,6427,N903SW,RAP,DEN,600,558.0,-2.0,28.0,626.0,83.0,88.0,56.0,300,722.0,4.0,723,726.0,3.0,0,0,,0.0,0.0,0.0,0.0,0.0,2015-03-03,0,0,0.0,0,0.0,0.0,0.0,0.0,0.0
2015,3,21,6,OO,6271,N758SK,DEN,EUG,1850,1848.0,-2.0,14.0,1902.0,173.0,158.0,140.0,996,2022.0,4.0,2043,2026.0,-17.0,0,0,,0.0,0.0,0.0,0.0,0.0,2015-03-21,0,0,0.0,0,0.0,0.0,0.0,0.0,0.0
2015,2,28,6,US,614,N169UW,PHX,ATL,1615,1619.0,4.0,16.0,1635.0,206.0,196.0,174.0,1587,2129.0,6.0,2141,2135.0,-6.0,0,0,,0.0,0.0,0.0,0.0,0.0,2015-02-28,0,0,0.0,0,0.0,0.0,0.0,0.0,0.0
2015,3,18,3,UA,233,N596UA,LAX,JFK,1621,1659.0,38.0,22.0,1721.0,319.0,311.0,281.0,2475,102.0,8.0,40,110.0,30.0,0,0,,30.0,0.0,0.0,0.0,0.0,2015-03-18,1,1,30.0,1,100.0,0.0,0.0,0.0,0.0
2015,2,22,7,AS,362,N462AS,SEA,SMF,1425,1423.0,-2.0,12.0,1435.0,101.0,97.0,81.0,605,1556.0,4.0,1606,1600.0,-6.0,0,0,,0.0,0.0,0.0,0.0,0.0,2015-02-22,0,0,0.0,0,0.0,0.0,0.0,0.0,0.0
2015,2,17,2,OO,5236,N796SK,ORD,MSP,1721,1822.0,61.0,26.0,1848.0,89.0,94.0,59.0,334,1947.0,9.0,1850,1956.0,66.0,0,0,,5.0,0.0,61.0,0.0,0.0,2015-02-17,1,1,66.0,1,7.58,0.0,92.42,0.0,0.0
2015,3,9,1,DL,1836,N305DQ,CHS,ATL,730,726.0,-4.0,11.0,737.0,77.0,74.0,47.0,259,824.0,16.0,847,840.0,-7.0,0,0,,0.0,0.0,0.0,0.0,0.0,2015-03-09,0,0,0.0,0,0.0,0.0,0.0,0.0,0.0
2015,3,2,1,EV,5972,N14204,GUC,DEN,805,1205.0,240.0,23.0,1228.0,65.0,58.0,30.0,152,1258.0,5.0,910,1303.0,233.0,0,0,,0.0,0.0,233.0,0.0,0.0,2015-03-02,1,1,233.0,1,0.0,0.0,100.0,0.0,0.0
2015,3,1,7,OO,5593,N790SK,LAX,MSP,1715,1715.0,0.0,20.0,1735.0,219.0,190.0,167.0,1535,2222.0,3.0,2254,2225.0,-29.0,0,0,,0.0,0.0,0.0,0.0,0.0,2015-03-01,0,0,0.0,0,0.0,0.0,0.0,0.0,0.0
2015,3,1,7,AS,693,N607AS,GEG,SEA,1405,1355.0,-10.0,10.0,1405.0,60.0,58.0,43.0,224,1448.0,5.0,1505,1453.0,-12.0,0,0,,0.0,0.0,0.0,0.0,0.0,2015-03-01,0,0,0.0,0,0.0,0.0,0.0,0.0,0.0
2015,3,8,7,WN,613,N921WN,LAX,OAK,1430,1518.0,48.0,10.0,1528.0,75.0,70.0,55.0,337,1623.0,5.0,1545,1628.0,43.0,0,0,,0.0,0.0,5.0,38.0,0.0,2015-03-08,1,1,43.0,1,0.0,0.0,11.63,88.37,0.0
2015,2,13,5,MQ,3285,N637MQ,GRK,DFW,1215,1210.0,-5.0,10.0,1220.0,49.0,55.0,27.0,134,1247.0,18.0,1304,1305.0,1.0,0,0,,0.0,0.0,0.0,0.0,0.0,2015-02-13,0,0,0.0,0,0.0,0.0,0.0,0.0,0.0
2015,2,13,5,AS,386,N786AS,SFO,PSP,2140,2145.0,5.0,16.0,2201.0,79.0,90.0,70.0,421,2311.0,4.0,2259,2315.0,16.0,0,0,,16.0,0.0,0.0,0.0,0.0,2015-02-13,0,1,16.0,1,100.0,0.0,0.0,0.0,0.0
2015,3,4,3,WN,258,N7705A,HOU,RDU,845,840.0,-5.0,7.0,847.0,145.0,141.0,128.0,1050,1155.0,6.0,1210,1201.0,-9.0,0,0,,0.0,0.0,0.0,0.0,0.0,2015-03-04,0,0,0.0,0,0.0,0.0,0.0,0.0,0.0
2015,2,17,2,EV,4626,N15527,IAH,LRD,1431,1424.0,-7.0,15.0,1439.0,74.0,75.0,57.0,301,1536.0,3.0,1545,1539.0,-6.0,0,0,,0.0,0.0,0.0,0.0,0.0,2015-02-17,0,0,0.0,0,0.0,0.0,0.0,0.0,0.0
2015,2,20,5,WN,277,N7727A,ROC,BWI,1750,1751.0,1.0,13.0,1804.0,75.0,68.0,50.0,277,1854.0,5.0,1905,1859.0,-6.0,0,0,,0.0,0.0,0.0,0.0,0.0,2015-02-20,0,0,0.0,0,0.0,0.0,0.0,0.0,0.0
2015,3,18,3,WN,2587,N930WN,BNA,MSY,1330,1326.0,-4.0,10.0,1336.0,90.0,84.0,71.0,471,1447.0,3.0,1500,1450.0,-10.0,0,0,,0.0,0.0,0.0,0.0,0.0,2015-03-18,0,0,0.0,0,0.0,0.0,0.0,0.0,0.0
2015,3,18,3,US,2052,N768US,IND,CLT,1530,1525.0,-5.0,14.0,1539.0,95.0,88.0,67.0,427,1646.0,7.0,1705,1653.0,-12.0,0,0,,0.0,0.0,0.0,0.0,0.0,2015-03-18,0,0,0.0,0,0.0,0.0,0.0,0.0,0.0
2015,3,19,4,DL,1325,N3744F,MSY,LAX,600,610.0,10.0,13.0,623.0,270.0,237.0,219.0,1670,802.0,5.0,830,807.0,-23.0,0,0,,0.0,0.0,0.0,0.0,0.0,2015-03-19,0,0,0.0,0,0.0,0.0,0.0,0.0,0.0
2015,3,14,6,OO,2744,N889AS,MTJ,PHX,1200,1200.0,0.0,19.0,1219.0,93.0,97.0,65.0,419,1224.0,13.0,1233,1237.0,4.0,0,0,,0.0,0.0,0.0,0.0,0.0,2015-03-14,0,0,0.0,0,0.0,0.0,0.0,0.0,0.0
2015,3,1,7,DL,2197,N957DN,CMH,ATL,600,556.0,-4.0,97.0,733.0,103.0,179.0,75.0,447,848.0,7.0,743,855.0,72.0,0,0,,72.0,0.0,0.0,0.0,0.0,2015-03-01,0,1,72.0,1,100.0,0.0,0.0,0.0,0.0
2015,3,13,5,UA,381,N847UA,MSY,ORD,645,637.0,-8.0,11.0,648.0,152.0,156.0,107.0,837,835.0,38.0,917,913.0,-4.0,0,0,,0.0,0.0,0.0,0.0,0.0,2015-03-13,0,0,0.0,0,0.0,0.0,0.0,0.0,0.0
2015,2,28,6,WN,3233,N235WN,OAK,PDX,1800,1756.0,-4.0,14.0,1810.0,100.0,101.0,82.0,543,1932.0,5.0,1940,1937.0,-3.0,0,0,,0.0,0.0,0.0,0.0,0.0,2015-02-28,0,0,0.0,0,0.0,0.0,0.0,0.0,0.0
2015,2,19,4,UA,640,N813UA,PIT,IAH,723,722.0,-1.0,11.0,733.0,201.0,179.0,158.0,1117,911.0,10.0,944,921.0,-23.0,0,0,,0.0,0.0,0.0,0.0,0.0,2015-02-19,0,0,0.0,0,0.0,0.0,0.0,0.0,0.0
2015,3,23,1,NK,173,N516NK,LBE,TPA,730,715.0,-15.0,26.0,741.0,141.0,153.0,123.0,866,944.0,4.0,951,948.0,-3.0,0,0,,0.0,0.0,0.0,0.0,0.0,2015-03-23,0,0,0.0,0,0.0,0.0,0.0,0.0,0.0
2015,3,20,5,AA,43,N4WMAA,DTW,DFW,1449,1551.0,62.0,20.0,1611.0,186.0,192.0,160.0,986,1751.0,12.0,1655,1803.0,68.0,0,0,,6.0,0.0,6.0,56.0,0.0,2015-03-20,1,1,68.0,1,8.82,0.0,8.82,82.35,0.0
2015,2,23,1,UA,1153,N74856,LAX,EWR,657,705.0,8.0,12.0,717.0,313.0,277.0,256.0,2454,1433.0,9.0,1510,1442.0,-28.0,0,0,,0.0,0.0,0.0,0.0,0.0,2015-02-23,0,0,0.0,0,0.0,0.0,0.0,0.0,0.0
2015,3,8,7,US,2030,N949UW,PHL,PIT,1345,1344.0,-1.0,7.0,1351.0,75.0,64.0,54.0,268,1445.0,3.0,1500,1448.0,-12.0,0,0,,0.0,0.0,0.0,0.0,0.0,2015-03-08,0,0,0.0,0,0.0,0.0,0.0,0.0,0.0
2015,3,16,1,OO,5172,N131SY,ORD,BOI,1854,1858.0,4.0,20.0,1918.0,243.0,237.0,212.0,1437,2150.0,5.0,2157,2155.0,-2.0,0,0,,0.0,0.0,0.0,0.0,0.0,2015-03-16,0,0,0.0,0,0.0,0.0,0.0,0.0,0.0
2015,2,16,1,AA,344,N3FEAA,MIA,DEN,1355,1352.0,-3.0,20.0,1412.0,274.0,282.0,255.0,1709,1627.0,7.0,1629,1634.0,5.0,0,0,,0.0,0.0,0.0,0.0,0.0,2015-02-16,0,0,0.0,0,0.0,0.0,0.0,0.0,0.0
2015,2,16,1,OO,4665,N549CA,SLC,IDA,2150,2150.0,0.0,11.0,2201.0,60.0,53.0,37.0,188,2238.0,5.0,2250,2243.0,-7.0,0,0,,0.0,0.0,0.0,0.0,0.0,2015-02-16,0,0,0.0,0,0.0,0.0,0.0,0.0,0.0
2015,2,24,2,VX,964,N631VA,SFO,SAN,2045,2042.0,-3.0,9.0,2051.0,85.0,77.0,63.0,447,2154.0,5.0,2210,2159.0,-11.0,0,0,,0.0,0.0,0.0,0.0,0.0,2015-02-24,0,0,0.0,0,0.0,0.0,0.0,0.0,0.0
2015,3,3,2,WN,420,N285WN,LBB,DAL,950,947.0,-3.0,5.0,952.0,65.0,58.0,49.0,293,1041.0,4.0,1055,1045.0,-10.0,0,0,,0.0,0.0,0.0,0.0,0.0,2015-03-03,0,0,0.0,0,0.0,0.0,0.0,0.0,0.0
2015,3,23,1,WN,4475,N758SW,SAT,BWI,1315,1337.0,22.0,8.0,1345.0,190.0,176.0,166.0,1407,1731.0,2.0,1725,1733.0,8.0,0,0,,0.0,0.0,0.0,0.0,0.0,2015-03-23,1,0,0.0,0,0.0,0.0,0.0,0.0,0.0
2015,3,25,3,WN,4301,N246LV,STL,MDW,1810,1811.0,1.0,6.0,1817.0,65.0,75.0,46.0,251,1903.0,23.0,1915,1926.0,11.0,0,0,,0.0,0.0,0.0,0.0,0.0,2015-03-25,0,0,0.0,0,0.0,0.0,0.0,0.0,0.0
2015,3,19,4,DL,2110,N913DL,DFW,ATL,1315,1328.0,13.0,13.0,1341.0,125.0,113.0,89.0,731,1610.0,11.0,1620,1621.0,1.0,0,0,,0.0,0.0,0.0,0.0,0.0,2015-03-19,0,0,0.0,0,0.0,0.0,0.0,0.0,0.0
2015,3,6,5,OO,5495,N119SY,ORD,ATL,1715,1717.0,2.0,14.0,1731.0,120.0,103.0,83.0,606,1954.0,6.0,2015,2000.0,-15.0,0,0,,0.0,0.0,0.0,0.0,0.0,2015-03-06,0,0,0.0,0,0.0,0.0,0.0,0.0,0.0
2015,3,25,3,WN,1723,N663SW,RIC,ATL,1300,1254.0,-6.0,10.0,1304.0,105.0,100.0,85.0,481,1429.0,5.0,1445,1434.0,-11.0,0,0,,0.0,0.0,0.0,0.0,0.0,2015-03-25,0,0,0.0,0,0.0,0.0,0.0,0.0,0.0
2015,3,21,6,DL,2649,N953AT,JFK,TPA,1505,1536.0,31.0,13.0,1549.0,186.0,158.0,143.0,1005,1812.0,2.0,1811,1814.0,3.0,0,0,,0.0,0.0,0.0,0.0,0.0,2015-03-21,1,0,0.0,0,0.0,0.0,0.0,0.0,0.0
2015,3,3,2,AA,1355,N3DFAA,BOS,MIA,1910,1910.0,0.0,47.0,1957.0,219.0,218.0,168.0,1258,2245.0,3.0,2249,2248.0,-1.0,0,0,,0.0,0.0,0.0,0.0,0.0,2015-03-03,0,0,0.0,0,0.0,0.0,0.0,0.0,0.0
2015,3,7,6,WN,1793,N8634A,CMH,TPA,1425,1424.0,-1.0,10.0,1434.0,135.0,131.0,115.0,829,1629.0,6.0,1640,1635.0,-5.0,0,0,,0.0,0.0,0.0,0.0,0.0,2015-03-07,0,0,0.0,0,0.0,0.0,0.0,0.0,0.0
2015,2,16,1,B6,394,N368JB,MCO,HPN,700,657.0,-3.0,15.0,712.0,153.0,150.0,131.0,972,923.0,4.0,933,927.0,-6.0,0,0,,0.0,0.0,0.0,0.0,0.0,2015-02-16,0,0,0.0,0,0.0,0.0,0.0,0.0,0.0
2015,2,16,1,UA,1099,N76529,IAH,DEN,2115,2213.0,58.0,17.0,2230.0,154.0,143.0,119.0,862,2329.0,7.0,2249,2336.0,47.0,0,0,,0.0,0.0,32.0,15.0,0.0,2015-02-16,1,1,47.0,1,0.0,0.0,68.09,31.91,0.0
2015,3,24,2,EV,4560,N12996,ORD,CAE,1326,1326.0,0.0,12.0,1338.0,115.0,105.0,89.0,667,1607.0,4.0,1621,1611.0,-10.0,0,0,,0.0,0.0,0.0,0.0,0.0,2015-03-24,0,0,0.0,0,0.0,0.0,0.0,0.0,0.0
2015,2,18,3,OO,6302,N580SW,PSP,LAX,1724,1714.0,-10.0,16.0,1730.0,52.0,50.0,32.0,110,1802.0,2.0,1816,1804.0,-12.0,0,0,,0.0,0.0,0.0,0.0,0.0,2015-02-18,0,0,0.0,0,0.0,0.0,0.0,0.0,0.0
2015,3,6,5,EV,4159,N13908,BOS,CLE,1918,1922.0,4.0,19.0,1941.0,132.0,128.0,99.0,563,2120.0,10.0,2130,2130.0,0.0,0,0,,0.0,0.0,0.0,0.0,0.0,2015-03-06,0,0,0.0,0,0.0,0.0,0.0,0.0,0.0
2015,2,16,1,WN,1542,N515SW,DAL,AUS,1445,1445.0,0.0,14.0,1459.0,50.0,64.0,45.0,189,1544.0,5.0,1535,1549.0,14.0,0,0,,0.0,0.0,0.0,0.0,0.0,2015-02-16,0,0,0.0,0,0.0,0.0,0.0,0.0,0.0
2015,3,22,7,US,1945,N817AW,BDL,CLT,1710,1706.0,-4.0,12.0,1718.0,131.0,123.0,104.0,644,1902.0,7.0,1921,1909.0,-12.0,0,0,,0.0,0.0,0.0,0.0,0.0,2015-03-22,0,0,0.0,0,0.0,0.0,0.0,0.0,0.0
2015,3,21,6,AA,976,N496AA,DFW,IAH,1135,1130.0,-5.0,18.0,1148.0,66.0,78.0,46.0,224,1234.0,14.0,1241,1248.0,7.0,0,0,,0.0,0.0,0.0,0.0,0.0,2015-03-21,0,0,0.0,0,0.0,0.0,0.0,0.0,0.0
2015,3,7,6,WN,2910,N429WN,OAK,ABQ,2045,2056.0,11.0,7.0,2103.0,130.0,127.0,112.0,889,2355.0,8.0,2355,3.0,8.0,0,0,,0.0,0.0,0.0,0.0,0.0,2015-03-07,0,0,0.0,0,0.0,0.0,0.0,0.0,0.0
2015,3,2,1,B6,1146,N258JB,FLL,RIC,2059,2221.0,82.0,11.0,2232.0,132.0,129.0,114.0,805,26.0,4.0,2311,30.0,79.0,0,0,,0.0,0.0,0.0,79.0,0.0,2015-03-02,1,1,79.0,1,0.0,0.0,0.0,100.0,0.0
2015,3,3,2,MQ,3279,N649MQ,GSP,DFW,1805,1924.0,79.0,8.0,1932.0,179.0,176.0,160.0,862,2112.0,8.0,2004,2120.0,76.0,0,0,,0.0,0.0,23.0,53.0,0.0,2015-03-03,1,1,76.0,1,0.0,0.0,30.26,69.74,0.0
2015,2,19,4,WN,603,N638SW,MDW,PHL,700,700.0,0.0,10.0,710.0,115.0,106.0,91.0,668,941.0,5.0,955,946.0,-9.0,0,0,,0.0,0.0,0.0,0.0,0.0,2015-02-19,0,0,0.0,0,0.0,0.0,0.0,0.0,0.0
2015,2,20,5,EV,4133,N17560,EWR,PWM,1659,1656.0,-3.0,14.0,1710.0,75.0,75.0,55.0,284,1805.0,6.0,1814,1811.0,-3.0,0,0,,0.0,0.0,0.0,0.0,0.0,2015-02-20,0,0,0.0,0,0.0,0.0,0.0,0.0,0.0
2015,3,9,1,WN,552,N636WN,STL,FLL,1045,1040.0,-5.0,8.0,1048.0,160.0,150.0,139.0,1056,1407.0,3.0,1425,1410.0,-15.0,0,0,,0.0,0.0,0.0,0.0,0.0,2015-03-09,0,0,0.0,0,0.0,0.0,0.0,0.0,0.0
2015,3,2,1,US,1747,N124US,MSY,CLT,1620,1625.0,5.0,9.0,1634.0,106.0,99.0,82.0,651,1856.0,8.0,1906,1904.0,-2.0,0,0,,0.0,0.0,0.0,0.0,0.0,2015-03-02,0,0,0.0,0,0.0,0.0,0.0,0.0,0.0
2015,3,16,1,UA,1402,N64809,EWR,ORD,657,657.0,0.0,11.0,708.0,157.0,134.0,114.0,719,802.0,9.0,834,811.0,-23.0,0,0,,0.0,0.0,0.0,0.0,0.0,2015-03-16,0,0,0.0,0,0.0,0.0,0.0,0.0,0.0
2015,3,18,3,WN,379,N284WN,MDW,TPA,535,531.0,-4.0,13.0,544.0,150.0,142.0,125.0,997,849.0,4.0,905,853.0,-12.0,0,0,,0.0,0.0,0.0,0.0,0.0,2015-03-18,0,0,0.0,0,0.0,0.0,0.0,0.0,0.0
2015,2,21,6,AS,325,N464AS,SJC,SEA,1200,1159.0,-1.0,9.0,1208.0,120.0,129.0,111.0,697,1359.0,9.0,1400,1408.0,8.0,0,0,,0.0,0.0,0.0,0.0,0.0,2015-02-21,0,0,0.0,0,0.0,0.0,0.0,0.0,0.0
2015,3,10,2,WN,2882,N383SW,PDX,PHX,2145,2204.0,19.0,12.0,2216.0,150.0,140.0,122.0,1009,18.0,6.0,15,24.0,9.0,0,0,,0.0,0.0,0.0,0.0,0.0,2015-03-10,1,0,0.0,0,0.0,0.0,0.0,0.0,0.0
2015,3,18,3,US,755,N524UW,PHL,LAX,1600,1557.0,-3.0,30.0,1627.0,375.0,359.0,324.0,2402,1851.0,5.0,1915,1856.0,-19.0,0,0,,0.0,0.0,0.0,0.0,0.0,2015-03-18,0,0,0.0,0,0.0,0.0,0.0,0.0,0.0
2015,3,11,3,WN,1726,N262WN,SNA,DAL,730,730.0,0.0,13.0,743.0,170.0,179.0,161.0,1216,1224.0,5.0,1220,1229.0,9.0,0,0,,0.0,0.0,0.0,0.0,0.0,2015-03-11,0,0,0.0,0,0.0,0.0,0.0,0.0,0.0
2015,3,16,1,WN,238,N262WN,EWR,STL,700,700.0,0.0,12.0,712.0,160.0,140.0,124.0,872,816.0,4.0,840,820.0,-20.0,0,0,,0.0,0.0,0.0,0.0,0.0,2015-03-16,0,0,0.0,0,0.0,0.0,0.0,0.0,0.0
2015,2,19,4,OO,4671,N616QX,DEN,SLC,852,847.0,-5.0,16.0,903.0,97.0,95.0,71.0,391,1014.0,8.0,1029,1022.0,-7.0,0,0,,0.0,0.0,0.0,0.0,0.0,2015-02-19,0,0,0.0,0,0.0,0.0,0.0,0.0,0.0
2015,3,2,1,MQ,3613,N525MQ,ATL,ORD,1327,1330.0,3.0,15.0,1345.0,128.0,140.0,96.0,606,1421.0,29.0,1435,1450.0,15.0,0,0,,15.0,0.0,0.0,0.0,0.0,2015-03-02,0,0,15.0,0,100.0,0.0,0.0,0.0,0.0
2015,3,25,3,UA,1004,N33294,IAD,TPA,1750,1748.0,-2.0,15.0,1803.0,150.0,134.0,114.0,811,1957.0,5.0,2020,2002.0,-18.0,0,0,,0.0,0.0,0.0,0.0,0.0,2015-03-25,0,0,0.0,0,0.0,0.0,0.0,0.0,0.0
2015,3,11,3,DL,2053,N359NB,FNT,ATL,1755,1747.0,-8.0,8.0,1755.0,128.0,122.0,108.0,645,1943.0,6.0,2003,1949.0,-14.0,0,0,,0.0,0.0,0.0,0.0,0.0,2015-03-11,0,0,0.0,0,0.0,0.0,0.0,0.0,0.0
2015,3,18,3,AA,1384,N560AA,ORD,MSP,2055,2115.0,20.0,16.0,2131.0,85.0,81.0,61.0,334,2232.0,4.0,2220,2236.0,16.0,0,0,,0.0,0.0,16.0,0.0,0.0,2015-03-18,1,1,16.0,1,0.0,0.0,100.0,0.0,0.0
2015,3,7,6,AA,2293,N7AYAA,DFW,SFO,900,1043.0,103.0,17.0,1100.0,234.0,203.0,183.0,1464,1203.0,3.0,1054,1206.0,72.0,0,0,,0.0,0.0,72.0,0.0,0.0,2015-03-07,1,1,72.0,1,0.0,0.0,100.0,0.0,0.0
2015,2,19,4,HA,338,N488HA,HNL,KOA,647,641.0,-6.0,9.0,650.0,42.0,43.0,29.0,163,719.0,5.0,729,724.0,-5.0,0,0,,0.0,0.0,0.0,0.0,0.0,2015-02-19,0,0,0.0,0,0.0,0.0,0.0,0.0,0.0
2015,2,27,5,WN,470,N730SW,BWI,MDW,1555,1552.0,-3.0,15.0,1607.0,130.0,136.0,101.0,611,1648.0,20.0,1705,1708.0,3.0,0,0,,0.0,0.0,0.0,0.0,0.0,2015-02-27,0,0,0.0,0,0.0,0.0,0.0,0.0,0.0
2015,2,17,2,UA,1577,N24715,IAH,ORD,1640,1641.0,1.0,15.0,1656.0,165.0,157.0,129.0,925,1905.0,13.0,1925,1918.0,-7.0,0,0,,0.0,0.0,0.0,0.0,0.0,2015-02-17,0,0,0.0,0,0.0,0.0,0.0,0.0,0.0
2015,3,6,5,US,1936,N508AY,CLT,EWR,1215,1218.0,3.0,15.0,1233.0,108.0,98.0,73.0,529,1346.0,10.0,1403,1356.0,-7.0,0,0,,0.0,0.0,0.0,0.0,0.0,2015-03-06,0,0,0.0,0,0.0,0.0,0.0,0.0,0.0
2015,2,16,1,OO,2695,N885AS,FLG,PHX,1130,1129.0,-1.0,12.0,1141.0,48.0,43.0,26.0,119,1207.0,5.0,1218,1212.0,-6.0,0,0,,0.0,0.0,0.0,0.0,0.0,2015-02-16,0,0,0.0,0,0.0,0.0,0.0,0.0,0.0
2015,3,23,1,UA,1298,N27903,IAH,DEN,900,1200.0,180.0,13.0,1213.0,154.0,139.0,118.0,862,1311.0,8.0,1034,1319.0,165.0,0,0,,0.0,0.0,165.0,0.0,0.0,2015-03-23,1,1,165.0,1,0.0,0.0,100.0,0.0,0.0
2015,2,18,3,DL,1131,N914DE,FLL,LGA,1517,1610.0,53.0,17.0,1627.0,178.0,160.0,134.0,1076,1841.0,9.0,1815,1850.0,35.0,0,0,,0.0,0.0,5.0,30.0,0.0,2015-02-18,1,1,35.0,1,0.0,0.0,14.29,85.71,0.0
2015,2,18,3,UA,1111,N68805,EWR,LAS,1438,1434.0,-4.0,12.0,1446.0,350.0,319.0,300.0,2227,1646.0,7.0,1728,1653.0,-35.0,0,0,,0.0,0.0,0.0,0.0,0.0,2015-02-18,0,0,0.0,0,0.0,0.0,0.0,0.0,0.0
2015,2,23,1,DL,2498,N949DL,LGA,TPA,1900,1958.0,58.0,45.0,2043.0,196.0,191.0,142.0,1010,2305.0,4.0,2216,2309.0,53.0,0,0,,0.0,0.0,0.0,53.0,0.0,2015-02-23,1,1,53.0,1,0.0,0.0,0.0,100.0,0.0
2015,3,4,3,NK,121,N614NK,ORD,RSW,645,700.0,15.0,10.0,710.0,167.0,161.0,146.0,1120,1036.0,5.0,1032,1041.0,9.0,0,0,,0.0,0.0,0.0,0.0,0.0,2015-03-04,0,0,0.0,0,0.0,0.0,0.0,0.0,0.0
2015,3,16,1,UA,1047,N37290,EWR,LAX,1952,2102.0,70.0,17.0,2119.0,384.0,349.0,320.0,2454,2339.0,12.0,2316,2351.0,35.0,0,0,,0.0,0.0,20.0,15.0,0.0,2015-03-16,1,1,35.0,1,0.0,0.0,57.14,42.86,0.0
2015,3,17,2,NK,371,N622NK,FLL,BQN,2355,2350.0,-5.0,18.0,8.0,137.0,146.0,122.0,983,210.0,6.0,212,216.0,4.0,0,0,,0.0,0.0,0.0,0.0,0.0,2015-03-17,0,0,0.0,0,0.0,0.0,0.0,0.0,0.0
2015,3,24,2,UA,1654,N37298,IAH,MIA,1345,1342.0,-3.0,15.0,1357.0,144.0,137.0,112.0,964,1649.0,10.0,1709,1659.0,-10.0,0,0,,0.0,0.0,0.0,0.0,0.0,2015-03-24,0,0,0.0,0,0.0,0.0,0.0,0.0,0.0
2015,3,12,4,OO,4449,N438SW,SBN,DTW,645,638.0,-7.0,20.0,658.0,73.0,59.0,33.0,157,731.0,6.0,758,737.0,-21.0,0,0,,0.0,0.0,0.0,0.0,0.0,2015-03-12,0,0,0.0,0,0.0,0.0,0.0,0.0,0.0
2015,3,19,4,MQ,3407,N1EAMQ,CMH,LGA,1055,1247.0,112.0,11.0,1258.0,98.0,83.0,65.0,479,1403.0,7.0,1233,1410.0,97.0,0,0,,0.0,0.0,97.0,0.0,0.0,2015-03-19,1,1,97.0,1,0.0,0.0,100.0,0.0,0.0
2015,2,15,7,AA,232,N559AA,ATL,DFW,1849,1852.0,3.0,21.0,1913.0,151.0,160.0,123.0,731,2016.0,16.0,2020,2032.0,12.0,0,0,,0.0,0.0,0.0,0.0,0.0,2015-02-15,0,0,0.0,0,0.0,0.0,0.0,0.0,0.0
2015,3,18,3,NK,906,N601NK,DEN,IAH,1509,1603.0,54.0,11.0,1614.0,141.0,131.0,113.0,862,1907.0,7.0,1830,1914.0,44.0,0,0,,0.0,0.0,0.0,44.0,0.0,2015-03-18,1,1,44.0,1,0.0,0.0,0.0,100.0,0.0
2015,2,22,7,DL,1468,N331NW,MSY,ATL,1027,1026.0,-1.0,15.0,1041.0,80.0,84.0,58.0,425,1239.0,11.0,1247,1250.0,3.0,0,0,,0.0,0.0,0.0,0.0,0.0,2015-02-22,0,0,0.0,0,0.0,0.0,0.0,0.0,0.0
2015,3,23,1,OO,2754,N468CA,PHX,FLG,1957,1953.0,-4.0,19.0,2012.0,44.0,42.0,20.0,119,2032.0,3.0,2041,2035.0,-6.0,0,0,,0.0,0.0,0.0,0.0,0.0,2015-03-23,0,0,0.0,0,0.0,0.0,0.0,0.0,0.0
2015,3,23,1,EV,4349,N16170,MSY,ORD,1013,1340.0,207.0,8.0,1348.0,149.0,162.0,141.0,837,1609.0,13.0,1242,1622.0,220.0,0,0,,168.0,0.0,13.0,39.0,0.0,2015-03-23,1,1,220.0,1,76.36,0.0,5.91,17.73,0.0
2015,3,18,3,AA,132,N4XRAA,DFW,PHL,1345,1343.0,-2.0,30.0,1413.0,185.0,209.0,170.0,1303,1803.0,9.0,1750,1812.0,22.0,0,0,,22.0,0.0,0.0,0.0,0.0,2015-03-18,0,1,22.0,1,100.0,0.0,0.0,0.0,0.0
2015,3,2,1,B6,170,N267JB,FLL,BOS,1616,1611.0,-5.0,17.0,1628.0,192.0,200.0,175.0,1237,1923.0,8.0,1928,1931.0,3.0,0,0,,0.0,0.0,0.0,0.0,0.0,2015-03-02,0,0,0.0,0,0.0,0.0,0.0,0.0,0.0
2015,3,10,2,EV,5272,N724EV,ATL,GSO,1052,1053.0,1.0,22.0,1115.0,77.0,71.0,47.0,306,1202.0,2.0,1209,1204.0,-5.0,0,0,,0.0,0.0,0.0,0.0,0.0,2015-03-10,0,0,0.0,0,0.0,0.0,0.0,0.0,0.0
2015,3,1,7,WN,2957,N7738A,FLL,TPA,2130,2130.0,0.0,11.0,2141.0,65.0,49.0,34.0,197,2215.0,4.0,2235,2219.0,-16.0,0,0,,0.0,0.0,0.0,0.0,0.0,2015-03-01,0,0,0.0,0,0.0,0.0,0.0,0.0,0.0
2015,2,20,5,WN,4900,N630WN,FLL,HOU,1725,1725.0,0.0,10.0,1735.0,185.0,171.0,156.0,957,1911.0,5.0,1930,1916.0,-14.0,0,0,,0.0,0.0,0.0,0.0,0.0,2015-02-20,0,0,0.0,0,0.0,0.0,0.0,0.0,0.0
2015,3,14,6,UA,1245,N66803,SJU,IAH,639,633.0,-6.0,12.0,645.0,304.0,281.0,260.0,2007,1005.0,9.0,1043,1014.0,-29.0,0,0,,0.0,0.0,0.0,0.0,0.0,2015-03-14,0,0,0.0,0,0.0,0.0,0.0,0.0,0.0
2015,2,17,2,MQ,2944,N611MQ,DFW,FSM,900,902.0,2.0,21.0,923.0,59.0,67.0,40.0,227,1003.0,6.0,959,1009.0,10.0,0,0,,0.0,0.0,0.0,0.0,0.0,2015-02-17,0,0,0.0,0,0.0,0.0,0.0,0.0,0.0
2015,2,24,2,AA,352,N3CYAA,ORD,LGA,1845,1842.0,-3.0,12.0,1854.0,122.0,113.0,96.0,733,2130.0,5.0,2147,2135.0,-12.0,0,0,,0.0,0.0,0.0,0.0,0.0,2015-02-24,0,0,0.0,0,0.0,0.0,0.0,0.0,0.0
2015,3,25,3,DL,1996,N366NB,MSP,LGA,711,709.0,-2.0,10.0,719.0,163.0,148.0,130.0,1020,1029.0,8.0,1054,1037.0,-17.0,0,0,,0.0,0.0,0.0,0.0,0.0,2015-03-25,0,0,0.0,0,0.0,0.0,0.0,0.0,0.0
2015,2,26,4,B6,1209,N318JB,BOS,JAX,1632,1628.0,-4.0,12.0,1640.0,182.0,200.0,183.0,1010,1943.0,5.0,1934,1948.0,14.0,0,0,,0.0,0.0,0.0,0.0,0.0,2015-02-26,0,0,0.0,0,0.0,0.0,0.0,0.0,0.0
2015,3,17,2,WN,2700,N718SW,MCO,CAK,1505,1501.0,-4.0,6.0,1507.0,140.0,130.0,121.0,861,1708.0,3.0,1725,1711.0,-14.0,0,0,,0.0,0.0,0.0,0.0,0.0,2015-03-17,0,0,0.0,0,0.0,0.0,0.0,0.0,0.0
2015,3,4,3,US,1798,N942UW,CLT,PHL,2010,2013.0,3.0,15.0,2028.0,96.0,87.0,68.0,449,2136.0,4.0,2146,2140.0,-6.0,0,0,,0.0,0.0,0.0,0.0,0.0,2015-03-04,0,0,0.0,0,0.0,0.0,0.0,0.0,0.0
2015,3,14,6,WN,1287,N406WN,MCO,MDW,1410,1410.0,0.0,8.0,1418.0,170.0,150.0,136.0,990,1534.0,6.0,1600,1540.0,-20.0,0,0,,0.0,0.0,0.0,0.0,0.0,2015-03-14,0,0,0.0,0,0.0,0.0,0.0,0.0,0.0
2015,3,18,3,AA,125,N200AA,DFW,ATL,1410,1554.0,104.0,28.0,1622.0,119.0,128.0,93.0,731,1855.0,7.0,1709,1902.0,113.0,0,0,,9.0,0.0,49.0,55.0,0.0,2015-03-18,1,1,113.0,1,7.96,0.0,43.36,48.67,0.0
2015,2,24,2,EV,4173,N11121,BHM,IAH,1501,1444.0,-17.0,12.0,1456.0,114.0,116.0,98.0,562,1634.0,6.0,1655,1640.0,-15.0,0,0,,0.0,0.0,0.0,0.0,0.0,2015-02-24,0,0,0.0,0,0.0,0.0,0.0,0.0,0.0
2015,2,19,4,UA,1268,N37420,IAH,BWI,1917,1913.0,-4.0,15.0,1928.0,173.0,172.0,151.0,1235,2259.0,6.0,2310,2305.0,-5.0,0,0,,0.0,0.0,0.0,0.0,0.0,2015-02-19,0,0,0.0,0,0.0,0.0,0.0,0.0,0.0
2015,3,17,2,UA,1194,N73256,IAH,CLE,1548,1549.0,1.0,17.0,1606.0,157.0,151.0,129.0,1091,1915.0,5.0,1925,1920.0,-5.0,0,0,,0.0,0.0,0.0,0.0,0.0,2015-03-17,0,0,0.0,0,0.0,0.0,0.0,0.0,0.0
2015,3,11,3,OO,4467,N824SK,BNA,SLC,730,724.0,-6.0,28.0,752.0,233.0,222.0,183.0,1404,955.0,11.0,1023,1006.0,-17.0,0,0,,0.0,0.0,0.0,0.0,0.0,2015-03-11,0,0,0.0,0,0.0,0.0,0.0,0.0,0.0
2015,3,25,3,UA,1155,N24202,MIA,IAH,1130,1137.0,7.0,16.0,1153.0,175.0,167.0,142.0,964,1315.0,9.0,1325,1324.0,-1.0,0,0,,0.0,0.0,0.0,0.0,0.0,2015-03-25,0,0,0.0,0,0.0,0.0,0.0,0.0,0.0
2015,2,27,5,EV,5802,N15555,IAH,TYR,2000,2051.0,51.0,9.0,2100.0,49.0,43.0,29.0,163,2129.0,5.0,2049,2134.0,45.0,0,0,,0.0,0.0,0.0,45.0,0.0,2015-02-27,1,1,45.0,1,0.0,0.0,0.0,100.0,0.0
2015,3,20,5,DL,1592,N817DN,SAN,ATL,615,615.0,0.0,24.0,639.0,250.0,244.0,215.0,1892,1314.0,5.0,1325,1319.0,-6.0,0,0,,0.0,0.0,0.0,0.0,0.0,2015-03-20,0,0,0.0,0,0.0,0.0,0.0,0.0,0.0
2015,2,18,3,WN,755,N346SW,BWI,PVD,1400,1359.0,-1.0,9.0,1408.0,70.0,60.0,46.0,327,1454.0,5.0,1510,1459.0,-11.0,0,0,,0.0,0.0,0.0,0.0,0.0,2015-02-18,0,0,0.0,0,0.0,0.0,0.0,0.0,0.0
2015,2,16,1,DL,1930,N830DN,DTW,PBI,1002,1011.0,9.0,11.0,1022.0,183.0,160.0,144.0,1086,1246.0,5.0,1305,1251.0,-14.0,0,0,,0.0,0.0,0.0,0.0,0.0,2015-02-16,0,0,0.0,0,0.0,0.0,0.0,0.0,0.0
2015,3,6,5,WN,676,N469WN,PDX,SMF,1855,1851.0,-4.0,9.0,1900.0,85.0,83.0,70.0,479,2010.0,4.0,2020,2014.0,-6.0,0,0,,0.0,0.0,0.0,0.0,0.0,2015-03-06,0,0,0.0,0,0.0,0.0,0.0,0.0,0.0
2015,2,19,4,NK,301,N616NK,BWI,FLL,645,641.0,-4.0,10.0,651.0,156.0,147.0,128.0,925,859.0,9.0,921,908.0,-13.0,0,0,,0.0,0.0,0.0,0.0,0.0,2015-02-19,0,0,0.0,0,0.0,0.0,0.0,0.0,0.0
2015,3,16,1,AA,1124,N3CGAA,BOS,DFW,1745,1742.0,-3.0,20.0,1802.0,269.0,249.0,208.0,1562,2030.0,21.0,2114,2051.0,-23.0,0,0,,0.0,0.0,0.0,0.0,0.0,2015-03-16,0,0,0.0,0,0.0,0.0,0.0,0.0,0.0
2015,2,23,1,WN,1588,N732SW,MDW,BWI,745,743.0,-2.0,10.0,753.0,105.0,92.0,78.0,611,1011.0,4.0,1030,1015.0,-15.0,0,0,,0.0,0.0,0.0,0.0,0.0,2015-02-23,0,0,0.0,0,0.0,0.0,0.0,0.0,0.0
2015,3,2,1,DL,14,N697DL,SLC,ATL,940,1001.0,21.0,16.0,1017.0,222.0,195.0,174.0,1590,1511.0,5.0,1522,1516.0,-6.0,0,0,,0.0,0.0,0.0,0.0,0.0,2015-03-02,1,0,0.0,0,0.0,0.0,0.0,0.0,0.0
2015,2,27,5,EV,4696,N13969,SAT,IAH,1858,1845.0,-13.0,11.0,1856.0,67.0,57.0,37.0,191,1933.0,9.0,2005,1942.0,-23.0,0,0,,0.0,0.0,0.0,0.0,0.0,2015-02-27,0,0,0.0,0,0.0,0.0,0.0,0.0,0.0
2015,2,27,5,US,653,N817AW,PHX,ANC,1815,1819.0,4.0,10.0,1829.0,357.0,358.0,345.0,2552,2214.0,3.0,2212,2217.0,5.0,0,0,,0.0,0.0,0.0,0.0,0.0,2015-02-27,0,0,0.0,0,0.0,0.0,0.0,0.0,0.0
2015,3,2,1,DL,2622,N932DL,FLL,LGA,900,854.0,-6.0,12.0,906.0,175.0,217.0,157.0,1076,1143.0,48.0,1155,1231.0,36.0,0,0,,36.0,0.0,0.0,0.0,0.0,2015-03-02,0,1,36.0,1,100.0,0.0,0.0,0.0,0.0
2015,2,27,5,AA,1612,N3CHAA,ORD,BOS,1550,1542.0,-8.0,10.0,1552.0,132.0,126.0,106.0,867,1838.0,10.0,1902,1848.0,-14.0,0,0,,0.0,0.0,0.0,0.0,0.0,2015-02-27,0,0,0.0,0,0.0,0.0,0.0,0.0,0.0
2015,3,5,4,UA,300,N779UA,SFO,HNL,1125,1130.0,5.0,15.0,1145.0,327.0,323.0,304.0,2398,1449.0,4.0,1452,1453.0,1.0,0,0,,0.0,0.0,0.0,0.0,0.0,2015-03-05,0,0,0.0,0,0.0,0.0,0.0,0.0,0.0
2015,2,23,1,UA,1424,N37290,PDX,SFO,700,656.0,-4.0,14.0,710.0,114.0,101.0,82.0,550,832.0,5.0,854,837.0,-17.0,0,0,,0.0,0.0,0.0,0.0,0.0,2015-02-23,0,0,0.0,0,0.0,0.0,0.0,0.0,0.0
2015,3,22,7,WN,1001,N444WN,LAS,SAN,2015,2010.0,-5.0,10.0,2020.0,65.0,59.0,45.0,258,2105.0,4.0,2120,2109.0,-11.0,0,0,,0.0,0.0,0.0,0.0,0.0,2015-03-22,0,0,0.0,0,0.0,0.0,0.0,0.0,0.0
2015,3,17,2,UA,421,N423UA,EWR,ATL,1400,1355.0,-5.0,16.0,1411.0,153.0,132.0,110.0,746,1601.0,6.0,1633,1607.0,-26.0,0,0,,0.0,0.0,0.0,0.0,0.0,2015-03-17,0,0,0.0,0,0.0,0.0,0.0,0.0,0.0
2015,3,14,6,UA,1079,N33284,DEN,RSW,757,753.0,-4.0,19.0,812.0,217.0,226.0,203.0,1607,1335.0,4.0,1334,1339.0,5.0,0,0,,0.0,0.0,0.0,0.0,0.0,2015-03-14,0,0,0.0,0,0.0,0.0,0.0,0.0,0.0
2015,3,4,3,WN,1179,N8310C,MSP,DEN,645,653.0,8.0,14.0,707.0,135.0,141.0,118.0,680,805.0,9.0,800,814.0,14.0,0,0,,0.0,0.0,0.0,0.0,0.0,2015-03-04,0,0,0.0,0,0.0,0.0,0.0,0.0,0.0
2015,3,4,3,DL,482,N393DA,JFK,AUS,1737,1748.0,11.0,17.0,1805.0,266.0,273.0,251.0,1521,2116.0,5.0,2103,2121.0,18.0,0,0,,7.0,0.0,0.0,11.0,0.0,2015-03-04,0,1,18.0,1,38.89,0.0,0.0,61.11,0.0
2015,2,19,4,WN,2055,N480WN,PHX,SAN,1115,1115.0,0.0,14.0,1129.0,80.0,70.0,53.0,304,1122.0,3.0,1135,1125.0,-10.0,0,0,,0.0,0.0,0.0,0.0,0.0,2015-02-19,0,0,0.0,0,0.0,0.0,0.0,0.0,0.0
2015,2,27,5,WN,3659,N456WN,TPA,MSY,1430,1429.0,-1.0,9.0,1438.0,100.0,104.0,79.0,488,1457.0,16.0,1510,1513.0,3.0,0,0,,0.0,0.0,0.0,0.0,0.0,2015-02-27,0,0,0.0,0,0.0,0.0,0.0,0.0,0.0
2015,3,15,7,B6,643,N598JB,EWR,PBI,1114,1112.0,-2.0,19.0,1131.0,169.0,167.0,145.0,1023,1356.0,3.0,1403,1359.0,-4.0,0,0,,0.0,0.0,0.0,0.0,0.0,2015-03-15,0,0,0.0,0,0.0,0.0,0.0,0.0,0.0
2015,3,7,6,DL,1087,N910DN,ATL,DAB,1205,1203.0,-2.0,27.0,1230.0,76.0,84.0,54.0,366,1324.0,3.0,1321,1327.0,6.0,0,0,,0.0,0.0,0.0,0.0,0.0,2015-03-07,0,0,0.0,0,0.0,0.0,0.0,0.0,0.0
2015,3,16,1,EV,5258,N713EV,MCI,LGA,630,630.0,0.0,12.0,642.0,168.0,156.0,140.0,1107,1002.0,4.0,1018,1006.0,-12.0,0,0,,0.0,0.0,0.0,0.0,0.0,2015-03-16,0,0,0.0,0,0.0,0.0,0.0,0.0,0.0
2015,3,14,6,UA,200,N215UA,GUM,HNL,635,723.0,48.0,12.0,735.0,420.0,420.0,403.0,3801,1818.0,5.0,1735,1823.0,48.0,0,0,,0.0,0.0,48.0,0.0,0.0,2015-03-14,1,1,48.0,1,0.0,0.0,100.0,0.0,0.0
2015,3,23,1,DL,1593,N584NW,MSP,SFO,1438,1440.0,2.0,18.0,1458.0,242.0,251.0,227.0,1589,1645.0,6.0,1640,1651.0,11.0,0,0,,0.0,0.0,0.0,0.0,0.0,2015-03-23,0,0,0.0,0,0.0,0.0,0.0,0.0,0.0
2015,3,8,7,WN,2877,N438WN,MCO,BNA,830,827.0,-3.0,12.0,839.0,120.0,111.0,95.0,616,914.0,4.0,930,918.0,-12.0,0,0,,0.0,0.0,0.0,0.0,0.0,2015-03-08,0,0,0.0,0,0.0,0.0,0.0,0.0,0.0
2015,3,17,2,AA,375,N480AA,STL,DFW,605,600.0,-5.0,13.0,613.0,118.0,104.0,83.0,550,736.0,8.0,803,744.0,-19.0,0,0,,0.0,0.0,0.0,0.0,0.0,2015-03-17,0,0,0.0,0,0.0,0.0,0.0,0.0,0.0
2015,2,15,7,B6,601,N635JB,JFK,FLL,605,706.0,61.0,26.0,732.0,188.0,172.0,142.0,1069,954.0,4.0,913,958.0,45.0,0,0,,0.0,0.0,45.0,0.0,0.0,2015-02-15,1,1,45.0,1,0.0,0.0,100.0,0.0,0.0
2015,3,11,3,DL,503,N381DN,ATL,PDX,1940,1951.0,11.0,12.0,2003.0,329.0,312.0,295.0,2172,2158.0,5.0,2209,2203.0,-6.0,0,0,,0.0,0.0,0.0,0.0,0.0,2015-03-11,0,0,0.0,0,0.0,0.0,0.0,0.0,0.0
2015,3,25,3,UA,1732,N67845,MIA,IAH,600,606.0,6.0,35.0,641.0,175.0,185.0,141.0,964,802.0,9.0,755,811.0,16.0,0,0,,10.0,0.0,6.0,0.0,0.0,2015-03-25,0,1,16.0,1,62.5,0.0,37.5,0.0,0.0
2015,3,18,3,OO,4462,N631SK,SLC,ABQ,947,1041.0,54.0,18.0,1059.0,102.0,100.0,73.0,493,1212.0,9.0,1129,1221.0,52.0,0,0,,0.0,0.0,52.0,0.0,0.0,2015-03-18,1,1,52.0,1,0.0,0.0,100.0,0.0,0.0
2015,3,16,1,MQ,2930,N695MQ,ALO,ORD,652,643.0,-9.0,9.0,652.0,93.0,76.0,41.0,234,733.0,26.0,825,759.0,-26.0,0,0,,0.0,0.0,0.0,0.0,0.0,2015-03-16,0,0,0.0,0,0.0,0.0,0.0,0.0,0.0
2015,3,9,1,AA,1154,N4YRAA,DFW,MSP,1845,1855.0,10.0,13.0,1908.0,143.0,124.0,105.0,852,2053.0,6.0,2108,2059.0,-9.0,0,0,,0.0,0.0,0.0,0.0,0.0,2015-03-09,0,0,0.0,0,0.0,0.0,0.0,0.0,0.0
2015,3,24,2,UA,1278,N69839,SFO,LAX,2234,2229.0,-5.0,13.0,2242.0,85.0,84.0,53.0,337,2335.0,18.0,2359,2353.0,-6.0,0,0,,0.0,0.0,0.0,0.0,0.0,2015-03-24,0,0,0.0,0,0.0,0.0,0.0,0.0,0.0
2015,3,19,4,UA,1718,N16217,LAX,KOA,1620,1619.0,-1.0,13.0,1632.0,359.0,350.0,330.0,2504,1902.0,7.0,1919,1909.0,-10.0,0,0,,0.0,0.0,0.0,0.0,0.0,2015-03-19,0,0,0.0,0,0.0,0.0,0.0,0.0,0.0
2015,2,23,1,WN,1044,N299WN,BWI,DAL,700,706.0,6.0,10.0,716.0,215.0,211.0,195.0,1209,931.0,6.0,935,937.0,2.0,0,0,,0.0,0.0,0.0,0.0,0.0,2015-02-23,0,0,0.0,0,0.0,0.0,0.0,0.0,0.0
2015,3,12,4,DL,2084,N951DN,ATL,STL,1413,1430.0,17.0,15.0,1445.0,106.0,102.0,83.0,484,1508.0,4.0,1459,1512.0,13.0,0,0,,0.0,0.0,0.0,0.0,0.0,2015-03-12,1,0,0.0,0,0.0,0.0,0.0,0.0,0.0
2015,3,6,5,EV,4652,N36915,XNA,IAH,615,614.0,-1.0,24.0,638.0,110.0,105.0,75.0,438,753.0,6.0,805,759.0,-6.0,0,0,,0.0,0.0,0.0,0.0,0.0,2015-03-06,0,0,0.0,0,0.0,0.0,0.0,0.0,0.0
2015,3,2,1,MQ,3546,N900MQ,ORD,CMI,1040,1037.0,-3.0,9.0,1046.0,49.0,40.0,26.0,135,1112.0,5.0,1129,1117.0,-12.0,0,0,,0.0,0.0,0.0,0.0,0.0,2015-03-02,0,0,0.0,0,0.0,0.0,0.0,0.0,0.0
2015,3,16,1,US,657,N109UW,CLT,IAH,1305,1301.0,-4.0,19.0,1320.0,169.0,151.0,124.0,912,1424.0,8.0,1454,1432.0,-22.0,0,0,,0.0,0.0,0.0,0.0,0.0,2015-03-16,0,0,0.0,0,0.0,0.0,0.0,0.0,0.0
2015,2,25,3,AA,1143,N018AA,GUC,DFW,1450,1446.0,-4.0,13.0,1459.0,115.0,115.0,91.0,678,1730.0,11.0,1745,1741.0,-4.0,0,0,,0.0,0.0,0.0,0.0,0.0,2015-02-25,0,0,0.0,0,0.0,0.0,0.0,0.0,0.0
2015,2,15,7,DL,1761,N939DL,PHL,ATL,1540,1534.0,-6.0,13.0,1547.0,149.0,119.0,102.0,666,1729.0,4.0,1809,1733.0,-36.0,0,0,,0.0,0.0,0.0,0.0,0.0,2015-02-15,0,0,0.0,0,0.0,0.0,0.0,0.0,0.0
2015,3,7,6,AA,1141,N585AA,STL,DFW,800,758.0,-2.0,9.0,807.0,115.0,116.0,85.0,550,932.0,22.0,955,954.0,-1.0,0,0,,0.0,0.0,0.0,0.0,0.0,2015-03-07,0,0,0.0,0,0.0,0.0,0.0,0.0,0.0
2015,3,13,5,OO,5198,N774SK,OMA,IAH,540,534.0,-6.0,12.0,546.0,144.0,146.0,121.0,781,747.0,13.0,804,800.0,-4.0,0,0,,0.0,0.0,0.0,0.0,0.0,2015-03-13,0,0,0.0,0,0.0,0.0,0.0,0.0,0.0
2015,2,27,5,DL,1525,N945DN,ATL,BWI,1635,1633.0,-2.0,19.0,1652.0,110.0,97.0,71.0,577,1803.0,7.0,1825,1810.0,-15.0,0,0,,0.0,0.0,0.0,0.0,0.0,2015-02-27,0,0,0.0,0,0.0,0.0,0.0,0.0,0.0
2015,2,23,1,OO,4563,N800SK,LAS,LAX,1855,1852.0,-3.0,39.0,1931.0,70.0,94.0,48.0,236,2019.0,7.0,2005,2026.0,21.0,0,0,,21.0,0.0,0.0,0.0,0.0,2015-02-23,0,1,21.0,1,100.0,0.0,0.0,0.0,0.0
2015,3,3,2,B6,251,N633JB,BOS,MCO,1024,1018.0,-6.0,20.0,1038.0,190.0,182.0,153.0,1121,1311.0,9.0,1334,1320.0,-14.0,0,0,,0.0,0.0,0.0,0.0,0.0,2015-03-03,0,0,0.0,0,0.0,0.0,0.0,0.0,0.0
2015,3,16,1,US,1994,N941UW,PHL,ORD,1335,1333.0,-2.0,12.0,1345.0,140.0,131.0,110.0,678,1435.0,9.0,1455,1444.0,-11.0,0,0,,0.0,0.0,0.0,0.0,0.0,2015-03-16,0,0,0.0,0,0.0,0.0,0.0,0.0,0.0
2015,2,17,2,WN,689,N408WN,MKE,DEN,600,558.0,-2.0,9.0,607.0,170.0,139.0,123.0,896,710.0,7.0,750,717.0,-33.0,0,0,,0.0,0.0,0.0,0.0,0.0,2015-02-17,0,0,0.0,0,0.0,0.0,0.0,0.0,0.0
2015,3,25,3,DL,1112,N934AT,CHO,ATL,625,618.0,-7.0,13.0,631.0,100.0,94.0,74.0,457,745.0,7.0,805,752.0,-13.0,0,0,,0.0,0.0,0.0,0.0,0.0,2015-03-25,0,0,0.0,0,0.0,0.0,0.0,0.0,0.0
2015,3,16,1,WN,895,N242WN,MHT,MDW,1700,1704.0,4.0,11.0,1715.0,155.0,149.0,133.0,838,1828.0,5.0,1835,1833.0,-2.0,0,0,,0.0,0.0,0.0,0.0,0.0,2015-03-16,0,0,0.0,0,0.0,0.0,0.0,0.0,0.0
2015,3,19,4,AS,4,N513AS,SEA,DCA,820,817.0,-3.0,15.0,832.0,294.0,277.0,258.0,2329,1550.0,4.0,1614,1554.0,-20.0,0,0,,0.0,0.0,0.0,0.0,0.0,2015-03-19,0,0,0.0,0,0.0,0.0,0.0,0.0,0.0
2015,3,15,7,UA,1742,N73406,DEN,IAH,2015,2020.0,5.0,13.0,2033.0,134.0,129.0,110.0,862,2323.0,6.0,2329,2329.0,0.0,0,0,,0.0,0.0,0.0,0.0,0.0,2015-03-15,0,0,0.0,0,0.0,0.0,0.0,0.0,0.0
2015,2,15,7,EV,5685,N836AS,ATL,IAD,950,946.0,-4.0,16.0,1002.0,105.0,112.0,86.0,534,1128.0,10.0,1135,1138.0,3.0,0,0,,0.0,0.0,0.0,0.0,0.0,2015-02-15,0,0,0.0,0,0.0,0.0,0.0,0.0,0.0
2015,2,23,1,OO,6514,N923SW,DEN,CPR,2203,2202.0,-1.0,14.0,2216.0,66.0,59.0,41.0,230,2257.0,4.0,2309,2301.0,-8.0,0,0,,0.0,0.0,0.0,0.0,0.0,2015-02-23,0,0,0.0,0,0.0,0.0,0.0,0.0,0.0
2015,3,12,4,AA,2377,N504AA,ICT,DFW,1152,1151.0,-1.0,11.0,1202.0,83.0,76.0,60.0,328,1302.0,5.0,1315,1307.0,-8.0,0,0,,0.0,0.0,0.0,0.0,0.0,2015-03-12,0,0,0.0,0,0.0,0.0,0.0,0.0,0.0
2015,3,10,2,WN,986,N7721E,GRR,MCO,1505,1456.0,-9.0,9.0,1505.0,160.0,164.0,146.0,1024,1731.0,9.0,1745,1740.0,-5.0,0,0,,0.0,0.0,0.0,0.0,0.0,2015-03-10,0,0,0.0,0,0.0,0.0,0.0,0.0,0.0
2015,2,28,6,DL,2191,N921DN,ATL,TPA,1130,1125.0,-5.0,16.0,1141.0,84.0,90.0,70.0,406,1251.0,4.0,1254,1255.0,1.0,0,0,,0.0,0.0,0.0,0.0,0.0,2015-02-28,0,0,0.0,0,0.0,0.0,0.0,0.0,0.0
2015,3,25,3,OO,6218,N762SK,MMH,SFO,1725,1712.0,-13.0,18.0,1730.0,68.0,60.0,36.0,193,1806.0,6.0,1833,1812.0,-21.0,0,0,,0.0,0.0,0.0,0.0,0.0,2015-03-25,0,0,0.0,0,0.0,0.0,0.0,0.0,0.0
2015,3,21,6,WN,2538,N470WN,MDW,ALB,2005,2023.0,18.0,19.0,2042.0,105.0,106.0,85.0,717,2307.0,2.0,2250,2309.0,19.0,0,0,,1.0,0.0,16.0,2.0,0.0,2015-03-21,1,1,19.0,1,5.26,0.0,84.21,10.53,0.0
2015,3,12,4,EV,4327,N11193,EWR,MSY,707,658.0,-9.0,16.0,714.0,216.0,205.0,181.0,1167,915.0,8.0,943,923.0,-20.0,0,0,,0.0,0.0,0.0,0.0,0.0,2015-03-12,0,0,0.0,0,0.0,0.0,0.0,0.0,0.0
2015,3,23,1,DL,1744,N313US,ATL,MIA,2010,2011.0,1.0,16.0,2027.0,109.0,106.0,82.0,594,2149.0,8.0,2159,2157.0,-2.0,0,0,,0.0,0.0,0.0,0.0,0.0,2015-03-23,0,0,0.0,0,0.0,0.0,0.0,0.0,0.0
2015,3,22,7,WN,4037,N775SW,FLL,HOU,1905,1900.0,-5.0,9.0,1909.0,185.0,158.0,143.0,957,2032.0,6.0,2110,2038.0,-32.0,0,0,,0.0,0.0,0.0,0.0,0.0,2015-03-22,0,0,0.0,0,0.0,0.0,0.0,0.0,0.0
2015,3,9,1,AA,20,N797AA,SFO,JFK,1505,1500.0,-5.0,16.0,1516.0,322.0,329.0,301.0,2586,2317.0,12.0,2327,2329.0,2.0,0,0,,0.0,0.0,0.0,0.0,0.0,2015-03-09,0,0,0.0,0,0.0,0.0,0.0,0.0,0.0
2015,2,24,2,AA,2339,N4XVAA,DFW,ORD,1945,1943.0,-2.0,13.0,1956.0,132.0,122.0,102.0,802,2138.0,7.0,2157,2145.0,-12.0,0,0,,0.0,0.0,0.0,0.0,0.0,2015-02-24,0,0,0.0,0,0.0,0.0,0.0,0.0,0.0
2015,2,13,5,OO,5257,N728SK,JAC,SFO,1215,1214.0,-1.0,17.0,1231.0,149.0,153.0,124.0,737,1335.0,12.0,1344,1347.0,3.0,0,0,,0.0,0.0,0.0,0.0,0.0,2015-02-13,0,0,0.0,0,0.0,0.0,0.0,0.0,0.0
2015,2,15,7,WN,388,N8600F,PHX,SAN,1700,1702.0,2.0,7.0,1709.0,70.0,56.0,46.0,304,1655.0,3.0,1710,1658.0,-12.0,0,0,,0.0,0.0,0.0,0.0,0.0,2015-02-15,0,0,0.0,0,0.0,0.0,0.0,0.0,0.0
2015,3,1,7,DL,1480,N891AT,BOS,JFK,850,848.0,-2.0,18.0,906.0,81.0,81.0,44.0,187,950.0,19.0,1011,1009.0,-2.0,0,0,,0.0,0.0,0.0,0.0,0.0,2015-03-01,0,0,0.0,0,0.0,0.0,0.0,0.0,0.0
2015,3,12,4,WN,497,N290WN,ATL,TPA,1725,1744.0,19.0,15.0,1759.0,90.0,86.0,66.0,406,1905.0,5.0,1855,1910.0,15.0,0,0,,0.0,0.0,7.0,8.0,0.0,2015-03-12,1,0,15.0,0,0.0,0.0,46.67,53.33,0.0
2015,3,9,1,US,1723,N832AW,CLT,FLL,1955,1951.0,-4.0,12.0,2003.0,119.0,103.0,89.0,631,2132.0,2.0,2154,2134.0,-20.0,0,0,,0.0,0.0,0.0,0.0,0.0,2015-03-09,0,0,0.0,0,0.0,0.0,0.0,0.0,0.0
2015,3,13,5,EV,5936,N31131,ISN,DEN,814,1252.0,278.0,12.0,1304.0,126.0,104.0,85.0,576,1329.0,7.0,920,1336.0,256.0,0,0,,256.0,0.0,0.0,0.0,0.0,2015-03-13,1,1,256.0,1,100.0,0.0,0.0,0.0,0.0
2015,2,16,1,B6,1136,N834JB,LGB,SFO,2018,2136.0,78.0,11.0,2147.0,85.0,70.0,52.0,354,2239.0,7.0,2143,2246.0,63.0,0,0,,0.0,0.0,0.0,63.0,0.0,2015-02-16,1,1,63.0,1,0.0,0.0,0.0,100.0,0.0
2015,2,17,2,MQ,2984,N517MQ,DTW,ORD,1911,1904.0,-7.0,30.0,1934.0,84.0,156.0,46.0,235,1920.0,80.0,1935,2040.0,65.0,0,0,,65.0,0.0,0.0,0.0,0.0,2015-02-17,0,1,65.0,1,100.0,0.0,0.0,0.0,0.0
2015,3,12,4,WN,4296,N949WN,OAK,ONT,1400,1407.0,7.0,11.0,1418.0,70.0,68.0,52.0,362,1510.0,5.0,1510,1515.0,5.0,0,0,,0.0,0.0,0.0,0.0,0.0,2015-03-12,0,0,0.0,0,0.0,0.0,0.0,0.0,0.0
2015,3,20,5,VX,486,N845VA,LAX,LAS,1250,1253.0,3.0,15.0,1308.0,65.0,69.0,43.0,236,1351.0,11.0,1355,1402.0,7.0,0,0,,0.0,0.0,0.0,0.0,0.0,2015-03-20,0,0,0.0,0,0.0,0.0,0.0,0.0,0.0
2015,3,19,4,OO,6446,N780SK,DEN,ASE,1600,1559.0,-1.0,12.0,1611.0,48.0,42.0,27.0,125,1638.0,3.0,1648,1641.0,-7.0,0,0,,0.0,0.0,0.0,0.0,0.0,2015-03-19,0,0,0.0,0,0.0,0.0,0.0,0.0,0.0
2015,2,25,3,WN,277,N405WN,ROC,BWI,1750,1749.0,-1.0,9.0,1758.0,75.0,61.0,48.0,277,1846.0,4.0,1905,1850.0,-15.0,0,0,,0.0,0.0,0.0,0.0,0.0,2015-02-25,0,0,0.0,0,0.0,0.0,0.0,0.0,0.0
2015,3,25,3,WN,2524,N629SW,LGA,BNA,1725,1918.0,113.0,14.0,1932.0,160.0,139.0,119.0,764,2031.0,6.0,1905,2037.0,92.0,0,0,,0.0,0.0,3.0,89.0,0.0,2015-03-25,1,1,92.0,1,0.0,0.0,3.26,96.74,0.0
2015,2,20,5,WN,60,N294WN,SAT,HOU,1940,1935.0,-5.0,11.0,1946.0,50.0,50.0,32.0,192,2018.0,7.0,2030,2025.0,-5.0,0,0,,0.0,0.0,0.0,0.0,0.0,2015-02-20,0,0,0.0,0,0.0,0.0,0.0,0.0,0.0
2015,3,16,1,NK,604,N616NK,FLL,LGA,706,701.0,-5.0,12.0,713.0,174.0,182.0,165.0,1076,958.0,5.0,1000,1003.0,3.0,0,0,,0.0,0.0,0.0,0.0,0.0,2015-03-16,0,0,0.0,0,0.0,0.0,0.0,0.0,0.0
2015,3,13,5,WN,2587,N7741C,SAN,RNO,1825,1825.0,0.0,10.0,1835.0,90.0,93.0,78.0,488,1953.0,5.0,1955,1958.0,3.0,0,0,,0.0,0.0,0.0,0.0,0.0,2015-03-13,0,0,0.0,0,0.0,0.0,0.0,0.0,0.0
2015,2,21,6,WN,2824,N8652B,HOU,LAX,1825,1830.0,5.0,8.0,1838.0,230.0,213.0,200.0,1390,1958.0,5.0,2015,2003.0,-12.0,0,0,,0.0,0.0,0.0,0.0,0.0,2015-02-21,0,0,0.0,0,0.0,0.0,0.0,0.0,0.0
2015,2,19,4,WN,4212,N7734H,AUS,MDW,700,658.0,-2.0,11.0,709.0,155.0,158.0,141.0,972,930.0,6.0,935,936.0,1.0,0,0,,0.0,0.0,0.0,0.0,0.0,2015-02-19,0,0,0.0,0,0.0,0.0,0.0,0.0,0.0
2015,2,19,4,DL,984,N3762Y,MSY,LAX,1913,2005.0,52.0,11.0,2016.0,271.0,255.0,235.0,1670,2211.0,9.0,2144,2220.0,36.0,0,0,,0.0,0.0,12.0,24.0,0.0,2015-02-19,1,1,36.0,1,0.0,0.0,33.33,66.67,0.0
2015,3,2,1,MQ,3412,N820MQ,ORD,TYS,1240,1233.0,-7.0,13.0,1246.0,91.0,117.0,67.0,475,1453.0,37.0,1511,1530.0,19.0,0,0,,19.0,0.0,0.0,0.0,0.0,2015-03-02,0,1,19.0,1,100.0,0.0,0.0,0.0,0.0
2015,2,18,3,WN,31,N465WN,HOU,CLT,1605,1600.0,-5.0,8.0,1608.0,135.0,123.0,110.0,920,1858.0,5.0,1920,1903.0,-17.0,0,0,,0.0,0.0,0.0,0.0,0.0,2015-02-18,0,0,0.0,0,0.0,0.0,0.0,0.0,0.0
2015,3,13,5,WN,1194,N967WN,TUS,LAX,625,632.0,7.0,8.0,640.0,95.0,88.0,71.0,451,751.0,9.0,800,800.0,0.0,0,0,,0.0,0.0,0.0,0.0,0.0,2015-03-13,0,0,0.0,0,0.0,0.0,0.0,0.0,0.0
2015,2,27,5,AA,331,N3EDAA,LGA,ORD,1215,1221.0,6.0,23.0,1244.0,162.0,147.0,115.0,733,1339.0,9.0,1357,1348.0,-9.0,0,0,,0.0,0.0,0.0,0.0,0.0,2015-02-27,0,0,0.0,0,0.0,0.0,0.0,0.0,0.0
2015,3,13,5,AA,2441,N3DLAA,DFW,LAS,1445,1446.0,1.0,22.0,1508.0,182.0,175.0,143.0,1055,1531.0,10.0,1547,1541.0,-6.0,0,0,,0.0,0.0,0.0,0.0,0.0,2015-03-13,0,0,0.0,0,0.0,0.0,0.0,0.0,0.0
2015,3,22,7,B6,144,N192JB,CHS,DCA,700,651.0,-9.0,23.0,714.0,83.0,88.0,62.0,444,816.0,3.0,823,819.0,-4.0,0,0,,0.0,0.0,0.0,0.0,0.0,2015-03-22,0,0,0.0,0,0.0,0.0,0.0,0.0,0.0
2015,3,6,5,UA,737,N494UA,IAH,DEN,1735,1735.0,0.0,15.0,1750.0,154.0,151.0,122.0,862,1852.0,14.0,1909,1906.0,-3.0,0,0,,0.0,0.0,0.0,0.0,0.0,2015-03-06,0,0,0.0,0,0.0,0.0,0.0,0.0,0.0
2015,2,21,6,OO,4698,N807SK,LAX,SJC,1505,1459.0,-6.0,22.0,1521.0,76.0,76.0,51.0,308,1612.0,3.0,1621,1615.0,-6.0,0,0,,0.0,0.0,0.0,0.0,0.0,2015-02-21,0,0,0.0,0,0.0,0.0,0.0,0.0,0.0
2015,3,23,1,WN,1723,N627SW,ATL,JAX,1525,1522.0,-3.0,17.0,1539.0,75.0,64.0,42.0,270,1621.0,5.0,1640,1626.0,-14.0,0,0,,0.0,0.0,0.0,0.0,0.0,2015-03-23,0,0,0.0,0,0.0,0.0,0.0,0.0,0.0
2015,2,25,3,EV,6008,N14171,ORD,FAR,1200,1155.0,-5.0,22.0,1217.0,119.0,119.0,88.0,557,1345.0,9.0,1359,1354.0,-5.0,0,0,,0.0,0.0,0.0,0.0,0.0,2015-02-25,0,0,0.0,0,0.0,0.0,0.0,0.0,0.0
2015,2,19,4,B6,866,N805JB,SJU,ORD,1430,1532.0,62.0,9.0,1541.0,317.0,330.0,297.0,2072,1838.0,24.0,1747,1902.0,75.0,0,0,,13.0,0.0,11.0,51.0,0.0,2015-02-19,1,1,75.0,1,17.33,0.0,14.67,68.0,0.0
2015,3,23,1,NK,201,N515NK,FLL,STT,1255,1254.0,-1.0,16.0,1310.0,155.0,148.0,130.0,1107,1520.0,2.0,1530,1522.0,-8.0,0,0,,0.0,0.0,0.0,0.0,0.0,2015-03-23,0,0,0.0,0,0.0,0.0,0.0,0.0,0.0
2015,2,16,1,DL,2225,N979DL,ATL,PVD,931,926.0,-5.0,13.0,939.0,142.0,128.0,106.0,903,1125.0,9.0,1153,1134.0,-19.0,0,0,,0.0,0.0,0.0,0.0,0.0,2015-02-16,0,0,0.0,0,0.0,0.0,0.0,0.0,0.0
2015,3,1,7,WN,848,N8313F,MKE,LAX,1030,1026.0,-4.0,10.0,1036.0,275.0,322.0,289.0,1756,1325.0,23.0,1305,1348.0,43.0,0,0,,43.0,0.0,0.0,0.0,0.0,2015-03-01,0,1,43.0,1,100.0,0.0,0.0,0.0,0.0
2015,2,19,4,EV,4121,N18120,BNA,EWR,600,559.0,-1.0,53.0,652.0,133.0,167.0,104.0,748,936.0,10.0,913,946.0,33.0,0,0,,33.0,0.0,0.0,0.0,0.0,2015-02-19,0,1,33.0,1,100.0,0.0,0.0,0.0,0.0
2015,3,12,4,AS,852,N577AS,HNL,SEA,2135,28.0,173.0,14.0,42.0,345.0,276.0,256.0,2677,758.0,6.0,620,804.0,104.0,0,0,,0.0,0.0,0.0,104.0,0.0,2015-03-12,1,1,104.0,1,0.0,0.0,0.0,100.0,0.0
2015,3,1,7,US,1897,N914UY,ORD,CLT,1825,1831.0,6.0,17.0,1848.0,117.0,113.0,88.0,599,2116.0,8.0,2122,2124.0,2.0,0,0,,0.0,0.0,0.0,0.0,0.0,2015-03-01,0,0,0.0,0,0.0,0.0,0.0,0.0,0.0
2015,2,24,2,DL,1964,N905DE,JAX,ATL,1835,1942.0,67.0,8.0,1950.0,85.0,65.0,49.0,270,2039.0,8.0,2000,2047.0,47.0,0,0,,0.0,0.0,2.0,45.0,0.0,2015-02-24,1,1,47.0,1,0.0,0.0,4.26,95.74,0.0
2015,2,21,6,B6,822,N588JB,PBI,BOS,1530,1537.0,7.0,9.0,1546.0,181.0,173.0,155.0,1197,1821.0,9.0,1831,1830.0,-1.0,0,0,,0.0,0.0,0.0,0.0,0.0,2015-02-21,0,0,0.0,0,0.0,0.0,0.0,0.0,0.0
2015,2,15,7,WN,1968,N298WN,LAS,SLC,2125,2145.0,20.0,8.0,2153.0,80.0,69.0,58.0,368,2351.0,3.0,2345,2354.0,9.0,0,0,,0.0,0.0,0.0,0.0,0.0,2015-02-15,1,0,0.0,0,0.0,0.0,0.0,0.0,0.0
2015,3,25,3,WN,1205,N476WN,PHX,STL,740,740.0,0.0,22.0,802.0,175.0,171.0,145.0,1262,1227.0,4.0,1235,1231.0,-4.0,0,0,,0.0,0.0,0.0,0.0,0.0,2015-03-25,0,0,0.0,0,0.0,0.0,0.0,0.0,0.0
2015,2,23,1,WN,541,N7751A,CAK,ATL,600,557.0,-3.0,21.0,618.0,125.0,111.0,83.0,528,741.0,7.0,805,748.0,-17.0,0,0,,0.0,0.0,0.0,0.0,0.0,2015-02-23,0,0,0.0,0,0.0,0.0,0.0,0.0,0.0
2015,3,23,1,AA,2237,N3LBAA,DCA,DFW,1900,1917.0,17.0,9.0,1926.0,214.0,195.0,176.0,1192,2122.0,10.0,2134,2132.0,-2.0,0,0,,0.0,0.0,0.0,0.0,0.0,2015-03-23,1,0,0.0,0,0.0,0.0,0.0,0.0,0.0
2015,3,20,5,VX,89,N627VA,IAD,LAX,905,859.0,-6.0,41.0,940.0,350.0,363.0,310.0,2288,1150.0,12.0,1155,1202.0,7.0,0,0,,0.0,0.0,0.0,0.0,0.0,2015-03-20,0,0,0.0,0,0.0,0.0,0.0,0.0,0.0
2015,2,20,5,OO,6207,N785SK,DEN,HDN,758,759.0,1.0,17.0,816.0,55.0,60.0,38.0,141,854.0,5.0,853,859.0,6.0,0,0,,0.0,0.0,0.0,0.0,0.0,2015-02-20,0,0,0.0,0,0.0,0.0,0.0,0.0,0.0
2015,3,12,4,UA,1741,N37437,BWI,SFO,605,558.0,-7.0,10.0,608.0,379.0,351.0,335.0,2457,843.0,6.0,924,849.0,-35.0,0,0,,0.0,0.0,0.0,0.0,0.0,2015-03-12,0,0,0.0,0,0.0,0.0,0.0,0.0,0.0
2015,2,13,5,WN,4200,N248WN,SAN,DAL,1535,1531.0,-4.0,15.0,1546.0,170.0,184.0,165.0,1182,2031.0,4.0,2025,2035.0,10.0,0,0,,0.0,0.0,0.0,0.0,0.0,2015-02-13,0,0,0.0,0,0.0,0.0,0.0,0.0,0.0
2015,3,10,2,WN,3044,N8309C,LAX,BNA,635,630.0,-5.0,12.0,642.0,230.0,235.0,217.0,1797,1219.0,6.0,1225,1225.0,0.0,0,0,,0.0,0.0,0.0,0.0,0.0,2015-03-10,0,0,0.0,0,0.0,0.0,0.0,0.0,0.0
2015,2,22,7,US,2061,N717UW,CLT,IAH,739,754.0,15.0,12.0,806.0,170.0,169.0,151.0,912,937.0,6.0,929,943.0,14.0,0,0,,0.0,0.0,0.0,0.0,0.0,2015-02-22,0,0,0.0,0,0.0,0.0,0.0,0.0,0.0
2015,3,25,3,EV,4100,N14562,MEM,EWR,1636,1628.0,-8.0,14.0,1642.0,164.0,151.0,131.0,946,1953.0,6.0,2020,1959.0,-21.0,0,0,,0.0,0.0,0.0,0.0,0.0,2015-03-25,0,0,0.0,0,0.0,0.0,0.0,0.0,0.0
2015,2,13,5,OO,4972,N106SY,ORD,MSP,1341,1355.0,14.0,18.0,1413.0,91.0,88.0,65.0,334,1518.0,5.0,1512,1523.0,11.0,0,0,,0.0,0.0,0.0,0.0,0.0,2015-02-13,0,0,0.0,0,0.0,0.0,0.0,0.0,0.0
2015,3,20,5,EV,4125,N11539,EWR,GSO,822,817.0,-5.0,18.0,835.0,103.0,100.0,78.0,445,953.0,4.0,1005,957.0,-8.0,0,0,,0.0,0.0,0.0,0.0,0.0,2015-03-20,0,0,0.0,0,0.0,0.0,0.0,0.0,0.0
2015,2,25,3,DL,2270,N352NW,CVG,SLC,1915,1915.0,0.0,9.0,1924.0,235.0,215.0,201.0,1450,2045.0,5.0,2110,2050.0,-20.0,0,0,,0.0,0.0,0.0,0.0,0.0,2015-02-25,0,0,0.0,0,0.0,0.0,0.0,0.0,0.0
2015,3,20,5,EV,2570,N880AS,MEI,PIB,1440,1436.0,-4.0,11.0,1447.0,34.0,29.0,16.0,69,1503.0,2.0,1514,1505.0,-9.0,0,0,,0.0,0.0,0.0,0.0,0.0,2015-03-20,0,0,0.0,0,0.0,0.0,0.0,0.0,0.0
2015,3,15,7,DL,830,N3753,ATL,CMH,1855,1853.0,-2.0,15.0,1908.0,96.0,90.0,70.0,447,2018.0,5.0,2031,2023.0,-8.0,0,0,,0.0,0.0,0.0,0.0,0.0,2015-03-15,0,0,0.0,0,0.0,0.0,0.0,0.0,0.0
2015,3,15,7,US,668,N128UW,ORD,PHL,730,725.0,-5.0,14.0,739.0,122.0,109.0,91.0,678,1010.0,4.0,1032,1014.0,-18.0,0,0,,0.0,0.0,0.0,0.0,0.0,2015-03-15,0,0,0.0,0,0.0,0.0,0.0,0.0,0.0
2015,3,18,3,WN,3326,N362SW,SAN,SFO,2130,2313.0,103.0,14.0,2327.0,90.0,85.0,66.0,447,33.0,5.0,2300,38.0,98.0,0,0,,0.0,0.0,98.0,0.0,0.0,2015-03-18,1,1,98.0,1,0.0,0.0,100.0,0.0,0.0
2015,3,19,4,WN,4203,N8622A,MCO,LAS,1540,1537.0,-3.0,10.0,1547.0,325.0,311.0,286.0,2039,1733.0,15.0,1805,1748.0,-17.0,0,0,,0.0,0.0,0.0,0.0,0.0,2015-03-19,0,0,0.0,0,0.0,0.0,0.0,0.0,0.0
2015,2,13,5,WN,1137,N252WN,TUS,LAS,1945,1947.0,2.0,6.0,1953.0,80.0,65.0,54.0,365,1947.0,5.0,2005,1952.0,-13.0,0,0,,0.0,0.0,0.0,0.0,0.0,2015-02-13,0,0,0.0,0,0.0,0.0,0.0,0.0,0.0
2015,2,22,7,OO,2603,N464SW,LAX,SAN,1420,1427.0,7.0,34.0,1501.0,46.0,71.0,33.0,109,1534.0,4.0,1506,1538.0,32.0,0,0,,25.0,0.0,0.0,7.0,0.0,2015-02-22,0,1,32.0,1,78.12,0.0,0.0,21.88,0.0
2015,3,9,1,AA,233,N3DEAA,BWI,MIA,600,555.0,-5.0,14.0,609.0,167.0,149.0,128.0,946,817.0,7.0,847,824.0,-23.0,0,0,,0.0,0.0,0.0,0.0,0.0,2015-03-09,0,0,0.0,0,0.0,0.0,0.0,0.0,0.0
2015,3,3,2,MQ,3036,N905MQ,AZO,ORD,1635,1832.0,117.0,8.0,1840.0,63.0,74.0,32.0,122,1812.0,34.0,1638,1846.0,128.0,0,0,,11.0,0.0,0.0,112.0,5.0,2015-03-03,1,1,128.0,1,8.59,0.0,0.0,87.5,3.91
2015,2,26,4,EV,4247,N12172,IAH,BRO,1137,1151.0,14.0,17.0,1208.0,78.0,74.0,52.0,308,1300.0,5.0,1255,1305.0,10.0,0,0,,0.0,0.0,0.0,0.0,0.0,2015-02-26,0,0,0.0,0,0.0,0.0,0.0,0.0,0.0
2015,2,26,4,AA,1466,N474AA,DFW,PIT,1720,1734.0,14.0,12.0,1746.0,151.0,144.0,125.0,1067,2051.0,7.0,2051,2058.0,7.0,0,0,,0.0,0.0,0.0,0.0,0.0,2015-02-26,0,0,0.0,0,0.0,0.0,0.0,0.0,0.0
2015,3,4,3,DL,1787,N359NW,MSP,MSO,2148,2144.0,-4.0,9.0,2153.0,171.0,153.0,140.0,1013,2313.0,4.0,2339,2317.0,-22.0,0,0,,0.0,0.0,0.0,0.0,0.0,2015-03-04,0,0,0.0,0,0.0,0.0,0.0,0.0,0.0
2015,3,16,1,OO,5525,N793SK,SAT,DEN,2008,2005.0,-3.0,13.0,2018.0,139.0,127.0,103.0,794,2101.0,11.0,2127,2112.0,-15.0,0,0,,0.0,0.0,0.0,0.0,0.0,2015-03-16,0,0,0.0,0,0.0,0.0,0.0,0.0,0.0
2015,3,17,2,WN,4348,N923WN,LAS,DAL,1905,1906.0,1.0,13.0,1919.0,155.0,159.0,141.0,1067,2340.0,5.0,2340,2345.0,5.0,0,0,,0.0,0.0,0.0,0.0,0.0,2015-03-17,0,0,0.0,0,0.0,0.0,0.0,0.0,0.0
2015,2,15,7,UA,557,N830UA,PHL,SFO,628,637.0,9.0,39.0,716.0,382.0,392.0,350.0,2521,1006.0,3.0,950,1009.0,19.0,0,0,,10.0,0.0,9.0,0.0,0.0,2015-02-15,0,1,19.0,1,52.63,0.0,47.37,0.0,0.0
2015,2,19,4,DL,1330,N896AT,DTW,CLT,1355,1354.0,-1.0,17.0,1411.0,110.0,99.0,75.0,500,1526.0,7.0,1545,1533.0,-12.0,0,0,,0.0,0.0,0.0,0.0,0.0,2015-02-19,0,0,0.0,0,0.0,0.0,0.0,0.0,0.0
2015,3,23,1,AA,2340,N3GVAA,DCA,ORD,1855,2107.0,132.0,12.0,2119.0,131.0,120.0,103.0,612,2202.0,5.0,2006,2207.0,121.0,0,0,,0.0,0.0,0.0,121.0,0.0,2015-03-23,1,1,121.0,1,0.0,0.0,0.0,100.0,0.0
2015,3,11,3,AS,331,N756AS,SFO,SEA,1930,1923.0,-7.0,15.0,1938.0,125.0,136.0,114.0,679,2132.0,7.0,2135,2139.0,4.0,0,0,,0.0,0.0,0.0,0.0,0.0,2015-03-11,0,0,0.0,0,0.0,0.0,0.0,0.0,0.0
2015,3,13,5,DL,1821,N680DA,PHX,DTW,1416,1434.0,18.0,12.0,1446.0,224.0,216.0,196.0,1671,2102.0,8.0,2100,2110.0,10.0,0,0,,0.0,0.0,0.0,0.0,0.0,2015-03-13,1,0,0.0,0,0.0,0.0,0.0,0.0,0.0
2015,3,24,2,MQ,3482,N695MQ,SGF,DFW,1037,1027.0,-10.0,9.0,1036.0,88.0,83.0,64.0,364,1140.0,10.0,1205,1150.0,-15.0,0,0,,0.0,0.0,0.0,0.0,0.0,2015-03-24,0,0,0.0,0,0.0,0.0,0.0,0.0,0.0
2015,3,16,1,F9,1014,N933FR,TPA,PHL,1515,1509.0,-6.0,13.0,1522.0,145.0,160.0,141.0,920,1743.0,6.0,1740,1749.0,9.0,0,0,,0.0,0.0,0.0,0.0,0.0,2015-03-16,0,0,0.0,0,0.0,0.0,0.0,0.0,0.0
2015,3,2,1,OO,5551,N797SK,IAH,MTJ,1135,1130.0,-5.0,20.0,1150.0,162.0,176.0,153.0,927,1323.0,3.0,1317,1326.0,9.0,0,0,,0.0,0.0,0.0,0.0,0.0,2015-03-02,0,0,0.0,0,0.0,0.0,0.0,0.0,0.0
2015,2,19,4,AA,2248,N3LCAA,MIA,LGA,1907,1901.0,-6.0,35.0,1936.0,173.0,198.0,159.0,1096,2215.0,4.0,2200,2219.0,19.0,0,0,,19.0,0.0,0.0,0.0,0.0,2015-02-19,0,1,19.0,1,100.0,0.0,0.0,0.0,0.0
2015,3,18,3,WN,156,N743SW,OAK,SEA,1205,1212.0,7.0,6.0,1218.0,115.0,103.0,92.0,671,1350.0,5.0,1400,1355.0,-5.0,0,0,,0.0,0.0,0.0,0.0,0.0,2015-03-18,0,0,0.0,0,0.0,0.0,0.0,0.0,0.0
2015,2,24,2,HA,223,N485HA,HNL,LIH,2001,1955.0,-6.0,10.0,2005.0,37.0,36.0,21.0,102,2026.0,5.0,2038,2031.0,-7.0,0,0,,0.0,0.0,0.0,0.0,0.0,2015-02-24,0,0,0.0,0,0.0,0.0,0.0,0.0,0.0
2015,2,20,5,WN,3814,N358SW,PVD,BWI,1345,1408.0,23.0,9.0,1417.0,85.0,67.0,55.0,327,1512.0,3.0,1510,1515.0,5.0,0,0,,0.0,0.0,0.0,0.0,0.0,2015-02-20,1,0,0.0,0,0.0,0.0,0.0,0.0,0.0
2015,2,27,5,UA,555,N490UA,SAN,ORD,1400,1408.0,8.0,16.0,1424.0,246.0,239.0,199.0,1723,1943.0,24.0,2006,2007.0,1.0,0,0,,0.0,0.0,0.0,0.0,0.0,2015-02-27,0,0,0.0,0,0.0,0.0,0.0,0.0,0.0
2015,3,18,3,DL,1399,N321US,SLC,RNO,2140,2137.0,-3.0,26.0,2203.0,87.0,91.0,62.0,422,2205.0,3.0,2207,2208.0,1.0,0,0,,0.0,0.0,0.0,0.0,0.0,2015-03-18,0,0,0.0,0,0.0,0.0,0.0,0.0,0.0
2015,2,23,1,EV,4569,N12924,SAV,IAH,1355,1423.0,28.0,15.0,1438.0,170.0,175.0,151.0,851,1609.0,9.0,1545,1618.0,33.0,0,0,,5.0,0.0,8.0,20.0,0.0,2015-02-23,1,1,33.0,1,15.15,0.0,24.24,60.61,0.0
2015,3,6,5,AA,1046,N006AA,DFW,MCI,845,840.0,-5.0,11.0,851.0,90.0,82.0,68.0,460,959.0,3.0,1015,1002.0,-13.0,0,0,,0.0,0.0,0.0,0.0,0.0,2015-03-06,0,0,0.0,0,0.0,0.0,0.0,0.0,0.0
2015,3,23,1,EV,5447,N708EV,AVP,DTW,615,612.0,-3.0,12.0,624.0,105.0,97.0,78.0,399,742.0,7.0,800,749.0,-11.0,0,0,,0.0,0.0,0.0,0.0,0.0,2015-03-23,0,0,0.0,0,0.0,0.0,0.0,0.0,0.0
2015,3,15,7,UA,348,N210UA,OGG,ORD,1610,1613.0,3.0,10.0,1623.0,470.0,486.0,470.0,4184,513.0,6.0,500,519.0,19.0,0,0,,19.0,0.0,0.0,0.0,0.0,2015-03-15,0,1,19.0,1,100.0,0.0,0.0,0.0,0.0
2015,3,14,6,B6,700,N705JB,LAX,FLL,1515,1514.0,-1.0,11.0,1525.0,283.0,289.0,274.0,2342,2259.0,4.0,2258,2303.0,5.0,0,0,,0.0,0.0,0.0,0.0,0.0,2015-03-14,0,0,0.0,0,0.0,0.0,0.0,0.0,0.0
2015,2,27,5,F9,557,N933FR,DEN,SAN,1755,1803.0,8.0,8.0,1811.0,137.0,132.0,119.0,853,1910.0,5.0,1912,1915.0,3.0,0,0,,0.0,0.0,0.0,0.0,0.0,2015-02-27,0,0,0.0,0,0.0,0.0,0.0,0.0,0.0
2015,2,27,5,MQ,2930,N629MQ,ALO,ORD,652,643.0,-9.0,26.0,709.0,93.0,105.0,46.0,234,755.0,33.0,825,828.0,3.0,0,0,,0.0,0.0,0.0,0.0,0.0,2015-02-27,0,0,0.0,0,0.0,0.0,0.0,0.0,0.0
2015,2,15,7,OO,5487,N764SK,GJT,ASE,1415,1436.0,21.0,8.0,1444.0,45.0,,,89,,,1500,,0.0,1,0,,0.0,0.0,0.0,0.0,0.0,2015-02-15,1,0,0.0,0,0.0,0.0,0.0,0.0,0.0
2015,3,22,7,MQ,3083,N690MQ,FNT,ORD,551,543.0,-8.0,13.0,556.0,79.0,70.0,48.0,223,544.0,9.0,610,553.0,-17.0,0,0,,0.0,0.0,0.0,0.0,0.0,2015-03-22,0,0,0.0,0,0.0,0.0,0.0,0.0,0.0
2015,3,22,7,EV,5364,N709EV,DTW,EWR,1725,1719.0,-6.0,9.0,1728.0,101.0,79.0,61.0,488,1829.0,9.0,1906,1838.0,-28.0,0,0,,0.0,0.0,0.0,0.0,0.0,2015-03-22,0,0,0.0,0,0.0,0.0,0.0,0.0,0.0
2015,3,6,5,UA,1167,N76502,PHX,ORD,1925,1938.0,13.0,10.0,1948.0,205.0,194.0,178.0,1440,2346.0,6.0,2350,2352.0,2.0,0,0,,0.0,0.0,0.0,0.0,0.0,2015-03-06,0,0,0.0,0,0.0,0.0,0.0,0.0,0.0
2015,3,15,7,EV,4495,N16999,EWR,SAV,1005,1005.0,0.0,16.0,1021.0,146.0,140.0,109.0,708,1210.0,15.0,1231,1225.0,-6.0,0,0,,0.0,0.0,0.0,0.0,0.0,2015-03-15,0,0,0.0,0,0.0,0.0,0.0,0.0,0.0
2015,2,27,5,NK,330,N512NK,DFW,CLE,745,740.0,-5.0,12.0,752.0,151.0,136.0,117.0,1021,1049.0,7.0,1116,1056.0,-20.0,0,0,,0.0,0.0,0.0,0.0,0.0,2015-02-27,0,0,0.0,0,0.0,0.0,0.0,0.0,0.0
2015,2,17,2,DL,1763,N369NB,DFW,SLC,1747,1832.0,45.0,12.0,1844.0,172.0,169.0,153.0,989,2017.0,4.0,1939,2021.0,42.0,0,0,,0.0,0.0,42.0,0.0,0.0,2015-02-17,1,1,42.0,1,0.0,0.0,100.0,0.0,0.0
2015,3,4,3,US,527,N822AW,GEG,PHX,845,845.0,0.0,20.0,905.0,159.0,149.0,124.0,1020,1209.0,5.0,1224,1214.0,-10.0,0,0,,0.0,0.0,0.0,0.0,0.0,2015-03-04,0,0,0.0,0,0.0,0.0,0.0,0.0,0.0
2015,3,9,1,US,613,N769US,ATL,PHL,835,829.0,-6.0,22.0,851.0,122.0,119.0,92.0,666,1023.0,5.0,1037,1028.0,-9.0,0,0,,0.0,0.0,0.0,0.0,0.0,2015-03-09,0,0,0.0,0,0.0,0.0,0.0,0.0,0.0
2015,3,18,3,EV,2574,N687JS,DFW,CAE,2020,2018.0,-2.0,19.0,2037.0,131.0,138.0,115.0,922,2332.0,4.0,2331,2336.0,5.0,0,0,,0.0,0.0,0.0,0.0,0.0,2015-03-18,0,0,0.0,0,0.0,0.0,0.0,0.0,0.0
2015,3,19,4,F9,1302,N223FR,ORD,MIA,600,547.0,-13.0,18.0,605.0,180.0,173.0,149.0,1197,934.0,6.0,1000,940.0,-20.0,0,0,,0.0,0.0,0.0,0.0,0.0,2015-03-19,0,0,0.0,0,0.0,0.0,0.0,0.0,0.0
2015,2,13,5,AA,1391,N855AA,MCO,MIA,1150,1145.0,-5.0,21.0,1206.0,64.0,65.0,36.0,192,1242.0,8.0,1254,1250.0,-4.0,0,0,,0.0,0.0,0.0,0.0,0.0,2015-02-13,0,0,0.0,0,0.0,0.0,0.0,0.0,0.0
2015,3,23,1,DL,916,N6701,SLC,ATL,1515,1521.0,6.0,13.0,1534.0,216.0,191.0,172.0,1590,2026.0,6.0,2051,2032.0,-19.0,0,0,,0.0,0.0,0.0,0.0,0.0,2015-03-23,0,0,0.0,0,0.0,0.0,0.0,0.0,0.0
2015,2,24,2,WN,2217,N447WN,OAK,SAN,1145,1144.0,-1.0,6.0,1150.0,85.0,73.0,64.0,446,1254.0,3.0,1310,1257.0,-13.0,0,0,,0.0,0.0,0.0,0.0,0.0,2015-02-24,0,0,0.0,0,0.0,0.0,0.0,0.0,0.0
2015,3,23,1,WN,4335,N484WN,ICT,DAL,1525,1550.0,25.0,9.0,1559.0,75.0,66.0,55.0,333,1654.0,2.0,1640,1656.0,16.0,0,0,,0.0,0.0,1.0,15.0,0.0,2015-03-23,1,1,16.0,1,0.0,0.0,6.25,93.75,0.0
2015,2,13,5,WN,2680,N468WN,FLL,MDW,2045,2138.0,53.0,12.0,2150.0,200.0,185.0,170.0,1166,2340.0,3.0,2305,2343.0,38.0,0,0,,0.0,0.0,38.0,0.0,0.0,2015-02-13,1,1,38.0,1,0.0,0.0,100.0,0.0,0.0
2015,3,7,6,DL,1402,N525US,LAS,ATL,1351,1350.0,-1.0,14.0,1404.0,234.0,215.0,192.0,1747,2016.0,9.0,2045,2025.0,-20.0,0,0,,0.0,0.0,0.0,0.0,0.0,2015-03-07,0,0,0.0,0,0.0,0.0,0.0,0.0,0.0
2015,2,18,3,EV,5735,N833AS,IAD,PIT,2209,2205.0,-4.0,22.0,2227.0,62.0,67.0,40.0,182,2307.0,5.0,2311,2312.0,1.0,0,0,,0.0,0.0,0.0,0.0,0.0,2015-02-18,0,0,0.0,0,0.0,0.0,0.0,0.0,0.0
2015,3,21,6,NK,469,N522NK,DFW,LAS,1010,1000.0,-10.0,15.0,1015.0,180.0,155.0,136.0,1055,1031.0,4.0,1110,1035.0,-35.0,0,0,,0.0,0.0,0.0,0.0,0.0,2015-03-21,0,0,0.0,0,0.0,0.0,0.0,0.0,0.0
2015,3,12,4,B6,1286,N184JB,PIT,BOS,900,851.0,-9.0,8.0,859.0,94.0,80.0,68.0,496,1007.0,4.0,1034,1011.0,-23.0,0,0,,0.0,0.0,0.0,0.0,0.0,2015-03-12,0,0,0.0,0,0.0,0.0,0.0,0.0,0.0
2015,2,19,4,WN,231,N428WN,BNA,CHS,910,908.0,-2.0,8.0,916.0,80.0,71.0,56.0,439,1112.0,7.0,1130,1119.0,-11.0,0,0,,0.0,0.0,0.0,0.0,0.0,2015-02-19,0,0,0.0,0,0.0,0.0,0.0,0.0,0.0
2015,3,8,7,EV,4197,N11526,IAH,MCI,907,905.0,-2.0,16.0,921.0,124.0,106.0,84.0,643,1045.0,6.0,1111,1051.0,-20.0,0,0,,0.0,0.0,0.0,0.0,0.0,2015-03-08,0,0,0.0,0,0.0,0.0,0.0,0.0,0.0
2015,2,18,3,AA,1664,N4WLAA,SAT,DFW,1609,1602.0,-7.0,15.0,1617.0,71.0,84.0,50.0,247,1707.0,19.0,1720,1726.0,6.0,0,0,,0.0,0.0,0.0,0.0,0.0,2015-02-18,0,0,0.0,0,0.0,0.0,0.0,0.0,0.0
2015,3,12,4,DL,1105,N1402A,ATL,SLC,815,813.0,-2.0,24.0,837.0,255.0,239.0,207.0,1590,1004.0,8.0,1030,1012.0,-18.0,0,0,,0.0,0.0,0.0,0.0,0.0,2015-03-12,0,0,0.0,0,0.0,0.0,0.0,0.0,0.0
2015,3,8,7,UA,405,N408UA,BWI,ORD,635,641.0,6.0,13.0,654.0,138.0,123.0,106.0,622,740.0,4.0,753,744.0,-9.0,0,0,,0.0,0.0,0.0,0.0,0.0,2015-03-08,0,0,0.0,0,0.0,0.0,0.0,0.0,0.0
2015,2,24,2,EV,4355,N12195,IAH,JAX,1255,1253.0,-2.0,22.0,1315.0,125.0,133.0,107.0,817,1602.0,4.0,1600,1606.0,6.0,0,0,,0.0,0.0,0.0,0.0,0.0,2015-02-24,0,0,0.0,0,0.0,0.0,0.0,0.0,0.0
2015,3,14,6,AA,1511,N3JDAA,DFW,FLL,1020,1011.0,-9.0,13.0,1024.0,159.0,160.0,139.0,1119,1343.0,8.0,1359,1351.0,-8.0,0,0,,0.0,0.0,0.0,0.0,0.0,2015-03-14,0,0,0.0,0,0.0,0.0,0.0,0.0,0.0
2015,3,19,4,MQ,3339,N537MQ,ORD,SYR,1325,1336.0,11.0,18.0,1354.0,98.0,93.0,73.0,607,1607.0,2.0,1603,1609.0,6.0,0,0,,0.0,0.0,0.0,0.0,0.0,2015-03-19,0,0,0.0,0,0.0,0.0,0.0,0.0,0.0
2015,3,2,1,WN,4464,N960WN,SFO,SNA,1545,1545.0,0.0,6.0,1551.0,80.0,73.0,63.0,372,1654.0,4.0,1705,1658.0,-7.0,0,0,,0.0,0.0,0.0,0.0,0.0,2015-03-02,0,0,0.0,0,0.0,0.0,0.0,0.0,0.0
2015,3,12,4,UA,1485,N36476,ORD,LAX,905,904.0,-1.0,27.0,931.0,280.0,261.0,221.0,1744,1112.0,13.0,1145,1125.0,-20.0,0,0,,0.0,0.0,0.0,0.0,0.0,2015-03-12,0,0,0.0,0,0.0,0.0,0.0,0.0,0.0
2015,3,11,3,WN,279,N784SW,LGA,CAK,1035,1047.0,12.0,25.0,1112.0,110.0,100.0,71.0,397,1223.0,4.0,1225,1227.0,2.0,0,0,,0.0,0.0,0.0,0.0,0.0,2015-03-11,0,0,0.0,0,0.0,0.0,0.0,0.0,0.0
2015,2,18,3,EV,4164,N14950,CLE,DCA,836,833.0,-3.0,17.0,850.0,83.0,77.0,53.0,310,943.0,7.0,959,950.0,-9.0,0,0,,0.0,0.0,0.0,0.0,0.0,2015-02-18,0,0,0.0,0,0.0,0.0,0.0,0.0,0.0
2015,3,12,4,DL,1476,N369NW,SLC,GEG,2155,2154.0,-1.0,16.0,2210.0,99.0,100.0,79.0,546,2229.0,5.0,2234,2234.0,0.0,0,0,,0.0,0.0,0.0,0.0,0.0,2015-03-12,0,0,0.0,0,0.0,0.0,0.0,0.0,0.0
2015,3,14,6,WN,3002,N7815L,PHX,MCI,1805,1804.0,-1.0,11.0,1815.0,150.0,161.0,144.0,1044,2239.0,6.0,2235,2245.0,10.0,0,0,,0.0,0.0,0.0,0.0,0.0,2015-03-14,0,0,0.0,0,0.0,0.0,0.0,0.0,0.0
2015,3,23,1,WN,2144,N650SW,PDX,DEN,1600,1756.0,116.0,10.0,1806.0,145.0,139.0,123.0,991,2109.0,6.0,1925,2115.0,110.0,0,0,,0.0,0.0,43.0,67.0,0.0,2015-03-23,1,1,110.0,1,0.0,0.0,39.09,60.91,0.0
2015,3,15,7,AA,390,N3BBAA,ORD,RDU,1455,1539.0,44.0,15.0,1554.0,106.0,105.0,86.0,646,1820.0,4.0,1741,1824.0,43.0,0,0,,0.0,0.0,43.0,0.0,0.0,2015-03-15,1,1,43.0,1,0.0,0.0,100.0,0.0,0.0
2015,3,13,5,WN,424,N735SA,BNA,HOU,1155,1201.0,6.0,9.0,1210.0,125.0,117.0,103.0,670,1353.0,5.0,1400,1358.0,-2.0,0,0,,0.0,0.0,0.0,0.0,0.0,2015-03-13,0,0,0.0,0,0.0,0.0,0.0,0.0,0.0
2015,2,20,5,OO,2599,N866AS,LAX,ABQ,1935,1932.0,-3.0,14.0,1946.0,100.0,104.0,85.0,677,2211.0,5.0,2215,2216.0,1.0,0,0,,0.0,0.0,0.0,0.0,0.0,2015-02-20,0,0,0.0,0,0.0,0.0,0.0,0.0,0.0
2015,2,21,6,OO,4494,N689CA,MSP,FCA,1134,1132.0,-2.0,42.0,1214.0,180.0,191.0,145.0,1026,1339.0,4.0,1334,1343.0,9.0,0,0,,0.0,0.0,0.0,0.0,0.0,2015-02-21,0,0,0.0,0,0.0,0.0,0.0,0.0,0.0
2015,3,20,5,WN,725,N428WN,MCO,PHL,1800,1848.0,48.0,19.0,1907.0,145.0,155.0,128.0,861,2115.0,8.0,2025,2123.0,58.0,0,0,,58.0,0.0,0.0,0.0,0.0,2015-03-20,1,1,58.0,1,100.0,0.0,0.0,0.0,0.0
2015,2,16,1,WN,52,N7811F,HOU,DAL,1900,1911.0,11.0,12.0,1923.0,60.0,60.0,40.0,239,2003.0,8.0,2000,2011.0,11.0,0,0,,0.0,0.0,0.0,0.0,0.0,2015-02-16,0,0,0.0,0,0.0,0.0,0.0,0.0,0.0
2015,3,4,3,US,1801,N840AW,STL,CLT,559,552.0,-7.0,16.0,608.0,109.0,111.0,86.0,575,834.0,9.0,848,843.0,-5.0,0,0,,0.0,0.0,0.0,0.0,0.0,2015-03-04,0,0,0.0,0,0.0,0.0,0.0,0.0,0.0
2015,2,13,5,WN,1354,N277WN,TUL,MDW,1030,1027.0,-3.0,13.0,1040.0,100.0,105.0,88.0,583,1208.0,4.0,1210,1212.0,2.0,0,0,,0.0,0.0,0.0,0.0,0.0,2015-02-13,0,0,0.0,0,0.0,0.0,0.0,0.0,0.0
2015,2,25,3,EV,4579,N14570,IAH,BRO,1137,1135.0,-2.0,27.0,1202.0,78.0,89.0,58.0,308,1300.0,4.0,1255,1304.0,9.0,0,0,,0.0,0.0,0.0,0.0,0.0,2015-02-25,0,0,0.0,0,0.0,0.0,0.0,0.0,0.0
2015,2,14,6,UA,308,N487UA,IAH,SEA,1745,1800.0,15.0,19.0,1819.0,290.0,278.0,251.0,1874,2030.0,8.0,2035,2038.0,3.0,0,0,,0.0,0.0,0.0,0.0,0.0,2015-02-14,0,0,0.0,0,0.0,0.0,0.0,0.0,0.0
2015,3,1,7,NK,762,N521NK,ATL,ORD,928,1002.0,34.0,17.0,1019.0,117.0,129.0,95.0,606,1054.0,17.0,1025,1111.0,46.0,0,0,,12.0,0.0,8.0,26.0,0.0,2015-03-01,1,1,46.0,1,26.09,0.0,17.39,56.52,0.0
2015,3,15,7,NK,642,N527NK,TPA,DTW,1414,1400.0,-14.0,12.0,1412.0,159.0,178.0,144.0,983,1636.0,22.0,1653,1658.0,5.0,0,0,,0.0,0.0,0.0,0.0,0.0,2015-03-15,0,0,0.0,0,0.0,0.0,0.0,0.0,0.0
2015,3,10,2,B6,1245,N179JB,BOS,CLT,848,845.0,-3.0,18.0,903.0,143.0,148.0,121.0,728,1104.0,9.0,1111,1113.0,2.0,0,0,,0.0,0.0,0.0,0.0,0.0,2015-03-10,0,0,0.0,0,0.0,0.0,0.0,0.0,0.0
2015,3,4,3,US,785,N661AW,PHL,TPA,1555,1601.0,6.0,28.0,1629.0,167.0,169.0,138.0,920,1847.0,3.0,1842,1850.0,8.0,0,0,,0.0,0.0,0.0,0.0,0.0,2015-03-04,0,0,0.0,0,0.0,0.0,0.0,0.0,0.0
2015,3,21,6,DL,1160,N357NB,CVG,ATL,1145,1142.0,-3.0,13.0,1155.0,93.0,81.0,65.0,373,1300.0,3.0,1318,1303.0,-15.0,0,0,,0.0,0.0,0.0,0.0,0.0,2015-03-21,0,0,0.0,0,0.0,0.0,0.0,0.0,0.0
2015,3,9,1,WN,1983,N634SW,BWI,CMH,1840,1900.0,20.0,14.0,1914.0,80.0,78.0,60.0,337,2014.0,4.0,2000,2018.0,18.0,0,0,,0.0,0.0,5.0,13.0,0.0,2015-03-09,1,1,18.0,1,0.0,0.0,27.78,72.22,0.0
2015,3,15,7,MQ,3007,N534MQ,GRR,DFW,1325,1332.0,7.0,14.0,1346.0,175.0,152.0,127.0,931,1453.0,11.0,1520,1504.0,-16.0,0,0,,0.0,0.0,0.0,0.0,0.0,2015-03-15,0,0,0.0,0,0.0,0.0,0.0,0.0,0.0
2015,3,25,3,OO,5187,N774SK,SFO,ASE,855,851.0,-4.0,19.0,910.0,134.0,130.0,108.0,848,1158.0,3.0,1209,1201.0,-8.0,0,0,,0.0,0.0,0.0,0.0,0.0,2015-03-25,0,0,0.0,0,0.0,0.0,0.0,0.0,0.0
2015,3,23,1,MQ,3247,N619MQ,ORF,MIA,1745,1740.0,-5.0,11.0,1751.0,154.0,150.0,129.0,802,2000.0,10.0,2019,2010.0,-9.0,0,0,,0.0,0.0,0.0,0.0,0.0,2015-03-23,0,0,0.0,0,0.0,0.0,0.0,0.0,0.0
2015,3,10,2,EV,2523,N909EV,SHV,DFW,1220,1400.0,100.0,16.0,1416.0,60.0,68.0,45.0,190,1501.0,7.0,1320,1508.0,108.0,0,0,,8.0,0.0,0.0,100.0,0.0,2015-03-10,1,1,108.0,1,7.41,0.0,0.0,92.59,0.0
2015,3,11,3,DL,731,N913DE,LGA,DTW,600,557.0,-3.0,10.0,607.0,118.0,110.0,92.0,502,739.0,8.0,758,747.0,-11.0,0,0,,0.0,0.0,0.0,0.0,0.0,2015-03-11,0,0,0.0,0,0.0,0.0,0.0,0.0,0.0
2015,3,9,1,UA,1646,N37434,IAD,SEA,1856,1857.0,1.0,10.0,1907.0,356.0,341.0,325.0,2306,2132.0,6.0,2152,2138.0,-14.0,0,0,,0.0,0.0,0.0,0.0,0.0,2015-03-09,0,0,0.0,0,0.0,0.0,0.0,0.0,0.0
2015,3,19,4,OO,6340,N116SY,SFO,PDX,2245,2253.0,8.0,21.0,2314.0,108.0,108.0,82.0,550,36.0,5.0,33,41.0,8.0,0,0,,0.0,0.0,0.0,0.0,0.0,2015-03-19,0,0,0.0,0,0.0,0.0,0.0,0.0,0.0
2015,3,8,7,DL,853,N349NW,RSW,DTW,1125,1117.0,-8.0,10.0,1127.0,175.0,161.0,148.0,1084,1355.0,3.0,1420,1358.0,-22.0,0,0,,0.0,0.0,0.0,0.0,0.0,2015-03-08,0,0,0.0,0,0.0,0.0,0.0,0.0,0.0
2015,3,22,7,US,618,N832AW,PHX,BWI,1600,1555.0,-5.0,9.0,1604.0,248.0,241.0,227.0,1999,2251.0,5.0,2308,2256.0,-12.0,0,0,,0.0,0.0,0.0,0.0,0.0,2015-03-22,0,0,0.0,0,0.0,0.0,0.0,0.0,0.0
2015,2,27,5,AA,1091,N3EMAA,MIA,TPA,1950,1954.0,4.0,17.0,2011.0,64.0,62.0,41.0,204,2052.0,4.0,2054,2056.0,2.0,0,0,,0.0,0.0,0.0,0.0,0.0,2015-02-27,0,0,0.0,0,0.0,0.0,0.0,0.0,0.0
2015,2,25,3,US,496,N672AW,PHX,DEN,2255,2249.0,-6.0,12.0,2301.0,100.0,106.0,84.0,602,25.0,10.0,35,35.0,0.0,0,0,,0.0,0.0,0.0,0.0,0.0,2015-02-25,0,0,0.0,0,0.0,0.0,0.0,0.0,0.0
2015,2,26,4,WN,3581,N346SW,BOS,MKE,1735,1746.0,11.0,12.0,1758.0,170.0,155.0,138.0,860,1916.0,5.0,1925,1921.0,-4.0,0,0,,0.0,0.0,0.0,0.0,0.0,2015-02-26,0,0,0.0,0,0.0,0.0,0.0,0.0,0.0
2015,3,19,4,MQ,3108,N642MQ,DFW,TYR,2155,2151.0,-4.0,23.0,2214.0,41.0,48.0,21.0,102,2235.0,4.0,2236,2239.0,3.0,0,0,,0.0,0.0,0.0,0.0,0.0,2015-03-19,0,0,0.0,0,0.0,0.0,0.0,0.0,0.0
2015,3,1,7,B6,1070,N593JB,FLL,BOS,1832,1829.0,-3.0,18.0,1847.0,189.0,200.0,171.0,1237,2138.0,11.0,2141,2149.0,8.0,0,0,,0.0,0.0,0.0,0.0,0.0,2015-03-01,0,0,0.0,0,0.0,0.0,0.0,0.0,0.0
2015,3,11,3,UA,1593,N57439,EWR,MCO,1605,1626.0,21.0,10.0,1636.0,174.0,149.0,133.0,937,1849.0,6.0,1859,1855.0,-4.0,0,0,,0.0,0.0,0.0,0.0,0.0,2015-03-11,1,0,0.0,0,0.0,0.0,0.0,0.0,0.0
2015,3,11,3,US,596,N669AW,SMF,PHX,1616,1614.0,-2.0,9.0,1623.0,106.0,97.0,84.0,647,1747.0,4.0,1802,1751.0,-11.0,0,0,,0.0,0.0,0.0,0.0,0.0,2015-03-11,0,0,0.0,0,0.0,0.0,0.0,0.0,0.0
2015,3,11,3,DL,1902,N933DL,LGA,PBI,1445,1443.0,-2.0,32.0,1515.0,191.0,196.0,158.0,1035,1753.0,6.0,1756,1759.0,3.0,0,0,,0.0,0.0,0.0,0.0,0.0,2015-03-11,0,0,0.0,0,0.0,0.0,0.0,0.0,0.0
2015,3,19,4,EV,4982,N752EV,DTW,RIC,1520,1515.0,-5.0,12.0,1527.0,96.0,83.0,63.0,456,1630.0,8.0,1656,1638.0,-18.0,0,0,,0.0,0.0,0.0,0.0,0.0,2015-03-19,0,0,0.0,0,0.0,0.0,0.0,0.0,0.0
2015,2,26,4,OO,5232,N767SK,JAC,DEN,1737,1851.0,74.0,26.0,1917.0,93.0,96.0,62.0,406,2019.0,8.0,1910,2027.0,77.0,0,0,,3.0,0.0,0.0,74.0,0.0,2015-02-26,1,1,77.0,1,3.9,0.0,0.0,96.1,0.0
2015,3,18,3,WN,463,N924WN,SMF,BUR,1410,1406.0,-4.0,9.0,1415.0,65.0,64.0,53.0,358,1508.0,2.0,1515,1510.0,-5.0,0,0,,0.0,0.0,0.0,0.0,0.0,2015-03-18,0,0,0.0,0,0.0,0.0,0.0,0.0,0.0
2015,3,10,2,OO,6479,N724SK,PSP,DEN,1559,1633.0,34.0,21.0,1654.0,130.0,140.0,110.0,776,1944.0,9.0,1909,1953.0,44.0,0,0,,10.0,0.0,0.0,34.0,0.0,2015-03-10,1,1,44.0,1,22.73,0.0,0.0,77.27,0.0
2015,2,27,5,WN,477,N751SW,SAN,PDX,800,754.0,-6.0,12.0,806.0,160.0,155.0,140.0,933,1026.0,3.0,1040,1029.0,-11.0,0,0,,0.0,0.0,0.0,0.0,0.0,2015-02-27,0,0,0.0,0,0.0,0.0,0.0,0.0,0.0
2015,3,8,7,VX,97,N845VA,IAD,LAX,1705,1718.0,13.0,23.0,1741.0,350.0,356.0,323.0,2288,2004.0,10.0,1955,2014.0,19.0,0,0,,11.0,0.0,0.0,8.0,0.0,2015-03-08,0,1,19.0,1,57.89,0.0,0.0,42.11,0.0
2015,2,16,1,OO,4659,N813SK,LAX,PHX,2149,2145.0,-4.0,12.0,2157.0,89.0,78.0,63.0,370,2400.0,3.0,18,3.0,-15.0,0,0,,0.0,0.0,0.0,0.0,0.0,2015-02-16,0,0,0.0,0,0.0,0.0,0.0,0.0,0.0
2015,2,28,6,DL,2185,N907DL,FLL,JFK,800,757.0,-3.0,16.0,813.0,163.0,154.0,129.0,1069,1022.0,9.0,1043,1031.0,-12.0,0,0,,0.0,0.0,0.0,0.0,0.0,2015-02-28,0,0,0.0,0,0.0,0.0,0.0,0.0,0.0
2015,3,23,1,MQ,3291,N6EAMQ,DFW,MAF,2155,2206.0,11.0,8.0,2214.0,68.0,60.0,49.0,309,2303.0,3.0,2303,2306.0,3.0,0,0,,0.0,0.0,0.0,0.0,0.0,2015-03-23,0,0,0.0,0,0.0,0.0,0.0,0.0,0.0
2015,2,25,3,WN,134,N433LV,HOU,OKC,1035,1034.0,-1.0,10.0,1044.0,80.0,76.0,62.0,419,1146.0,4.0,1155,1150.0,-5.0,0,0,,0.0,0.0,0.0,0.0,0.0,2015-02-25,0,0,0.0,0,0.0,0.0,0.0,0.0,0.0
2015,3,16,1,AA,1074,N3LGAA,ORD,FLL,1455,1458.0,3.0,13.0,1511.0,184.0,163.0,145.0,1182,1836.0,5.0,1859,1841.0,-18.0,0,0,,0.0,0.0,0.0,0.0,0.0,2015-03-16,0,0,0.0,0,0.0,0.0,0.0,0.0,0.0
2015,2,21,6,WN,3838,N453WN,SJU,BWI,600,555.0,-5.0,17.0,612.0,255.0,269.0,248.0,1565,920.0,4.0,915,924.0,9.0,0,0,,0.0,0.0,0.0,0.0,0.0,2015-02-21,0,0,0.0,0,0.0,0.0,0.0,0.0,0.0
2015,3,22,7,EV,5075,N841AS,CAE,ATL,1000,955.0,-5.0,14.0,1009.0,62.0,80.0,53.0,192,1102.0,13.0,1102,1115.0,13.0,0,0,,0.0,0.0,0.0,0.0,0.0,2015-03-22,0,0,0.0,0,0.0,0.0,0.0,0.0,0.0
2015,3,15,7,WN,286,N788SA,SEA,PHX,1550,1652.0,62.0,15.0,1707.0,165.0,161.0,140.0,1107,1927.0,6.0,1835,1933.0,58.0,0,0,,8.0,0.0,0.0,50.0,0.0,2015-03-15,1,1,58.0,1,13.79,0.0,0.0,86.21,0.0
2015,2,22,7,US,725,N575UW,CLT,MCO,1450,1506.0,16.0,14.0,1520.0,102.0,90.0,71.0,468,1631.0,5.0,1632,1636.0,4.0,0,0,,0.0,0.0,0.0,0.0,0.0,2015-02-22,1,0,0.0,0,0.0,0.0,0.0,0.0,0.0
2015,2,22,7,AA,2322,N3DVAA,MIA,EWR,2105,2103.0,-2.0,16.0,2119.0,170.0,169.0,146.0,1085,2345.0,7.0,2355,2352.0,-3.0,0,0,,0.0,0.0,0.0,0.0,0.0,2015-02-22,0,0,0.0,0,0.0,0.0,0.0,0.0,0.0
2015,3,10,2,B6,672,N763JB,FLL,LGA,1831,1824.0,-7.0,14.0,1838.0,178.0,165.0,134.0,1076,2052.0,17.0,2129,2109.0,-20.0,0,0,,0.0,0.0,0.0,0.0,0.0,2015-03-10,0,0,0.0,0,0.0,0.0,0.0,0.0,0.0
2015,2,20,5,WN,620,N263WN,STL,DAL,600,557.0,-3.0,14.0,611.0,115.0,101.0,83.0,546,734.0,4.0,755,738.0,-17.0,0,0,,0.0,0.0,0.0,0.0,0.0,2015-02-20,0,0,0.0,0,0.0,0.0,0.0,0.0,0.0
2015,3,16,1,OO,4668,N554CA,SLC,DEN,940,935.0,-5.0,9.0,944.0,90.0,76.0,62.0,391,1046.0,5.0,1110,1051.0,-19.0,0,0,,0.0,0.0,0.0,0.0,0.0,2015-03-16,0,0,0.0,0,0.0,0.0,0.0,0.0,0.0
2015,2,13,5,F9,1112,N220FR,PHX,CLE,1805,1816.0,11.0,14.0,1830.0,230.0,238.0,214.0,1737,4.0,10.0,2355,14.0,19.0,0,0,,8.0,0.0,11.0,0.0,0.0,2015-02-13,0,1,19.0,1,42.11,0.0,57.89,0.0,0.0
2015,3,24,2,OO,6460,N755SK,SFO,PDX,1540,1556.0,16.0,32.0,1628.0,107.0,128.0,92.0,550,1800.0,4.0,1727,1804.0,37.0,0,0,,21.0,0.0,0.0,16.0,0.0,2015-03-24,1,1,37.0,1,56.76,0.0,0.0,43.24,0.0
2015,3,6,5,EV,5257,N716EV,CHA,ATL,1948,1958.0,10.0,26.0,2024.0,50.0,64.0,27.0,106,2051.0,11.0,2038,2102.0,24.0,0,0,,14.0,0.0,0.0,10.0,0.0,2015-03-06,0,1,24.0,1,58.33,0.0,0.0,41.67,0.0
2015,3,18,3,AS,574,N527AS,PDX,LAX,1425,1525.0,60.0,15.0,1540.0,143.0,141.0,114.0,834,1734.0,12.0,1648,1746.0,58.0,0,0,,0.0,0.0,13.0,45.0,0.0,2015-03-18,1,1,58.0,1,0.0,0.0,22.41,77.59,0.0
2015,3,10,2,DL,2091,N959DN,TPA,ATL,1245,1241.0,-4.0,9.0,1250.0,95.0,100.0,68.0,406,1358.0,23.0,1420,1421.0,1.0,0,0,,0.0,0.0,0.0,0.0,0.0,2015-03-10,0,0,0.0,0,0.0,0.0,0.0,0.0,0.0
2015,3,14,6,DL,323,N6700,ATL,SJU,829,829.0,0.0,14.0,843.0,203.0,198.0,181.0,1547,1144.0,3.0,1152,1147.0,-5.0,0,0,,0.0,0.0,0.0,0.0,0.0,2015-03-14,0,0,0.0,0,0.0,0.0,0.0,0.0,0.0
2015,3,1,7,US,1725,N551UW,DEN,CLT,120,117.0,-3.0,13.0,130.0,179.0,165.0,143.0,1337,553.0,9.0,619,602.0,-17.0,0,0,,0.0,0.0,0.0,0.0,0.0,2015-03-01,0,0,0.0,0,0.0,0.0,0.0,0.0,0.0
2015,3,25,3,EV,4311,N19554,GPT,IAH,1525,1520.0,-5.0,19.0,1539.0,90.0,105.0,73.0,376,1652.0,13.0,1655,1705.0,10.0,0,0,,0.0,0.0,0.0,0.0,0.0,2015-03-25,0,0,0.0,0,0.0,0.0,0.0,0.0,0.0
2015,3,3,2,AA,2395,N3GFAA,MIA,LGA,1230,1223.0,-7.0,13.0,1236.0,178.0,174.0,153.0,1096,1509.0,8.0,1528,1517.0,-11.0,0,0,,0.0,0.0,0.0,0.0,0.0,2015-03-03,0,0,0.0,0,0.0,0.0,0.0,0.0,0.0
2015,3,6,5,DL,1425,N919DE,ATL,BWI,1357,1437.0,40.0,16.0,1453.0,113.0,97.0,72.0,577,1605.0,9.0,1550,1614.0,24.0,0,0,,0.0,0.0,16.0,8.0,0.0,2015-03-06,1,1,24.0,1,0.0,0.0,66.67,33.33,0.0
2015,3,10,2,AA,1602,N4XSAA,DFW,BWI,940,936.0,-4.0,21.0,957.0,164.0,174.0,148.0,1217,1325.0,5.0,1324,1330.0,6.0,0,0,,0.0,0.0,0.0,0.0,0.0,2015-03-10,0,0,0.0,0,0.0,0.0,0.0,0.0,0.0
2015,3,25,3,US,609,N539UW,PBI,CLT,1445,1438.0,-7.0,20.0,1458.0,116.0,120.0,94.0,590,1632.0,6.0,1641,1638.0,-3.0,0,0,,0.0,0.0,0.0,0.0,0.0,2015-03-25,0,0,0.0,0,0.0,0.0,0.0,0.0,0.0
2015,2,17,2,WN,1265,N960WN,PVD,MCO,1910,1901.0,-9.0,23.0,1924.0,200.0,234.0,198.0,1072,2242.0,13.0,2230,2255.0,25.0,0,0,,25.0,0.0,0.0,0.0,0.0,2015-02-17,0,1,25.0,1,100.0,0.0,0.0,0.0,0.0
2015,3,20,5,UA,200,N213UA,GUM,HNL,635,632.0,-3.0,11.0,643.0,420.0,397.0,381.0,3801,1704.0,5.0,1735,1709.0,-26.0,0,0,,0.0,0.0,0.0,0.0,0.0,2015-03-20,0,0,0.0,0,0.0,0.0,0.0,0.0,0.0
2015,2,20,5,OO,4851,N161PQ,SLC,IDA,1111,1109.0,-2.0,19.0,1128.0,63.0,60.0,36.0,188,1204.0,5.0,1214,1209.0,-5.0,0,0,,0.0,0.0,0.0,0.0,0.0,2015-02-20,0,0,0.0,0,0.0,0.0,0.0,0.0,0.0
2015,2,20,5,MQ,3381,N640MQ,CRP,DFW,1029,1134.0,65.0,14.0,1148.0,81.0,91.0,72.0,354,1300.0,5.0,1150,1305.0,75.0,0,0,,10.0,0.0,1.0,64.0,0.0,2015-02-20,1,1,75.0,1,13.33,0.0,1.33,85.33,0.0
2015,2,25,3,F9,1071,N210FR,RSW,STL,1845,1853.0,8.0,17.0,1910.0,140.0,160.0,138.0,979,2028.0,5.0,2005,2033.0,28.0,0,0,,20.0,0.0,8.0,0.0,0.0,2015-02-25,0,1,28.0,1,71.43,0.0,28.57,0.0,0.0
2015,2,15,7,NK,442,N506NK,DFW,MCI,1945,2016.0,31.0,17.0,2033.0,88.0,89.0,66.0,460,2139.0,6.0,2113,2145.0,32.0,0,0,,1.0,0.0,0.0,31.0,0.0,2015-02-15,1,1,32.0,1,3.12,0.0,0.0,96.88,0.0
2015,2,17,2,US,629,N197UW,BOS,PHX,1618,1653.0,35.0,57.0,1750.0,357.0,374.0,311.0,2300,2101.0,6.0,2015,2107.0,52.0,0,0,,52.0,0.0,0.0,0.0,0.0,2015-02-17,1,1,52.0,1,100.0,0.0,0.0,0.0,0.0
2015,2,26,4,F9,608,N922FR,DEN,IND,1945,1937.0,-8.0,44.0,2021.0,134.0,166.0,117.0,977,18.0,5.0,2359,23.0,24.0,0,0,,24.0,0.0,0.0,0.0,0.0,2015-02-26,0,1,24.0,1,100.0,0.0,0.0,0.0,0.0
2015,2,26,4,EV,4340,N22971,IAH,CMH,1535,1533.0,-2.0,15.0,1548.0,154.0,175.0,142.0,986,1910.0,18.0,1909,1928.0,19.0,0,0,,19.0,0.0,0.0,0.0,0.0,2015-02-26,0,1,19.0,1,100.0,0.0,0.0,0.0,0.0
2015,3,21,6,AA,989,N858AA,LAS,MIA,1500,1511.0,11.0,14.0,1525.0,268.0,269.0,247.0,2174,2232.0,8.0,2228,2240.0,12.0,0,0,,0.0,0.0,0.0,0.0,0.0,2015-03-21,0,0,0.0,0,0.0,0.0,0.0,0.0,0.0
2015,2,27,5,DL,393,N921DN,ORD,ATL,1245,1300.0,15.0,14.0,1314.0,120.0,101.0,81.0,606,1535.0,6.0,1545,1541.0,-4.0,0,0,,0.0,0.0,0.0,0.0,0.0,2015-02-27,0,0,0.0,0,0.0,0.0,0.0,0.0,0.0
2015,3,20,5,EV,4501,N16919,ORD,HPN,1330,1329.0,-1.0,31.0,1400.0,127.0,142.0,98.0,738,1638.0,13.0,1637,1651.0,14.0,0,0,,0.0,0.0,0.0,0.0,0.0,2015-03-20,0,0,0.0,0,0.0,0.0,0.0,0.0,0.0
2015,3,21,6,WN,1373,N797MX,BHM,MCO,555,550.0,-5.0,9.0,559.0,90.0,82.0,66.0,479,805.0,7.0,825,812.0,-13.0,0,0,,0.0,0.0,0.0,0.0,0.0,2015-03-21,0,0,0.0,0,0.0,0.0,0.0,0.0,0.0
2015,3,2,1,EV,5442,N724EV,ORF,DTW,1110,1128.0,18.0,10.0,1138.0,118.0,118.0,103.0,529,1321.0,5.0,1308,1326.0,18.0,0,0,,0.0,0.0,18.0,0.0,0.0,2015-03-02,1,1,18.0,1,0.0,0.0,100.0,0.0,0.0
2015,3,13,5,WN,152,N8633A,OAK,HOU,1035,1031.0,-4.0,11.0,1042.0,220.0,241.0,225.0,1642,1627.0,5.0,1615,1632.0,17.0,0,0,,17.0,0.0,0.0,0.0,0.0,2015-03-13,0,1,17.0,1,100.0,0.0,0.0,0.0,0.0
2015,3,25,3,DL,1324,N3730B,BNA,ATL,645,639.0,-6.0,11.0,650.0,74.0,52.0,35.0,214,825.0,6.0,859,831.0,-28.0,0,0,,0.0,0.0,0.0,0.0,0.0,2015-03-25,0,0,0.0,0,0.0,0.0,0.0,0.0,0.0
2015,3,22,7,WN,4143,N652SW,TUS,LAX,745,808.0,23.0,10.0,818.0,95.0,99.0,80.0,451,938.0,9.0,920,947.0,27.0,0,0,,4.0,0.0,23.0,0.0,0.0,2015-03-22,1,1,27.0,1,14.81,0.0,85.19,0.0,0.0
2015,2,14,6,OO,5342,N973SW,DEN,MKE,1730,1720.0,-10.0,16.0,1736.0,144.0,140.0,112.0,896,2028.0,12.0,2054,2040.0,-14.0,0,0,,0.0,0.0,0.0,0.0,0.0,2015-02-14,0,0,0.0,0,0.0,0.0,0.0,0.0,0.0
2015,3,2,1,OO,5485,N967SW,COS,DEN,930,930.0,0.0,32.0,1002.0,60.0,59.0,19.0,73,1021.0,8.0,1030,1029.0,-1.0,0,0,,0.0,0.0,0.0,0.0,0.0,2015-03-02,0,0,0.0,0,0.0,0.0,0.0,0.0,0.0
2015,3,11,3,UA,1039,N16732,EWR,IAH,2120,2121.0,1.0,13.0,2134.0,237.0,225.0,199.0,1400,2353.0,13.0,17,6.0,-11.0,0,0,,0.0,0.0,0.0,0.0,0.0,2015-03-11,0,0,0.0,0,0.0,0.0,0.0,0.0,0.0
2015,2,13,5,WN,2276,N412WN,OAK,AUS,1100,1058.0,-2.0,10.0,1108.0,205.0,203.0,189.0,1497,1617.0,4.0,1625,1621.0,-4.0,0,0,,0.0,0.0,0.0,0.0,0.0,2015-02-13,0,0,0.0,0,0.0,0.0,0.0,0.0,0.0
2015,3,10,2,WN,2700,N233LV,ATL,FLL,2025,2024.0,-1.0,9.0,2033.0,110.0,102.0,89.0,581,2202.0,4.0,2215,2206.0,-9.0,0,0,,0.0,0.0,0.0,0.0,0.0,2015-03-10,0,0,0.0,0,0.0,0.0,0.0,0.0,0.0
2015,3,14,6,VX,162,N639VA,LAX,EWR,825,824.0,-1.0,12.0,836.0,309.0,318.0,301.0,2454,1637.0,5.0,1634,1642.0,8.0,0,0,,0.0,0.0,0.0,0.0,0.0,2015-03-14,0,0,0.0,0,0.0,0.0,0.0,0.0,0.0
2015,3,11,3,DL,2326,N533US,FLL,ATL,845,838.0,-7.0,12.0,850.0,115.0,98.0,79.0,581,1009.0,7.0,1040,1016.0,-24.0,0,0,,0.0,0.0,0.0,0.0,0.0,2015-03-11,0,0,0.0,0,0.0,0.0,0.0,0.0,0.0
2015,2,27,5,AS,591,N627AS,PSP,PDX,1135,1113.0,-22.0,9.0,1122.0,145.0,148.0,134.0,873,1336.0,5.0,1400,1341.0,-19.0,0,0,,0.0,0.0,0.0,0.0,0.0,2015-02-27,0,0,0.0,0,0.0,0.0,0.0,0.0,0.0
2015,2,22,7,US,507,N672AW,SNA,PHX,1000,955.0,-5.0,16.0,1011.0,74.0,80.0,53.0,338,1204.0,11.0,1214,1215.0,1.0,0,0,,0.0,0.0,0.0,0.0,0.0,2015-02-22,0,0,0.0,0,0.0,0.0,0.0,0.0,0.0
2015,3,11,3,OO,6295,N927SW,LAX,FAT,1834,1829.0,-5.0,24.0,1853.0,66.0,68.0,39.0,209,1932.0,5.0,1940,1937.0,-3.0,0,0,,0.0,0.0,0.0,0.0,0.0,2015-03-11,0,0,0.0,0,0.0,0.0,0.0,0.0,0.0
2015,3,19,4,DL,2499,N317NB,JFK,MSY,840,843.0,3.0,20.0,903.0,218.0,185.0,161.0,1182,1044.0,4.0,1118,1048.0,-30.0,0,0,,0.0,0.0,0.0,0.0,0.0,2015-03-19,0,0,0.0,0,0.0,0.0,0.0,0.0,0.0
2015,3,1,7,AA,1307,N3GJAA,BNA,LAX,1825,1819.0,-6.0,10.0,1829.0,273.0,278.0,253.0,1797,2042.0,15.0,2058,2057.0,-1.0,0,0,,0.0,0.0,0.0,0.0,0.0,2015-03-01,0,0,0.0,0,0.0,0.0,0.0,0.0,0.0
2015,3,11,3,US,2018,N561UW,CLT,RSW,1145,1142.0,-3.0,23.0,1205.0,120.0,123.0,92.0,600,1337.0,8.0,1345,1345.0,0.0,0,0,,0.0,0.0,0.0,0.0,0.0,2015-03-11,0,0,0.0,0,0.0,0.0,0.0,0.0,0.0
2015,2,16,1,OO,6512,N774SK,LAX,COS,924,923.0,-1.0,16.0,939.0,139.0,148.0,126.0,833,1245.0,6.0,1243,1251.0,8.0,0,0,,0.0,0.0,0.0,0.0,0.0,2015-02-16,0,0,0.0,0,0.0,0.0,0.0,0.0,0.0
2015,3,15,7,AS,816,N530AS,LIH,SEA,2245,2234.0,-11.0,15.0,2249.0,340.0,314.0,293.0,2701,642.0,6.0,725,648.0,-37.0,0,0,,0.0,0.0,0.0,0.0,0.0,2015-03-15,0,0,0.0,0,0.0,0.0,0.0,0.0,0.0
2015,3,3,2,AA,2324,N642AA,DFW,TUL,1940,2154.0,134.0,13.0,2207.0,62.0,55.0,37.0,237,2244.0,5.0,2042,2249.0,127.0,0,0,,0.0,0.0,0.0,127.0,0.0,2015-03-03,1,1,127.0,1,0.0,0.0,0.0,100.0,0.0
2015,2,17,2,AA,1600,N503AA,AUS,DFW,1849,1840.0,-9.0,12.0,1852.0,66.0,58.0,39.0,190,1931.0,7.0,1955,1938.0,-17.0,0,0,,0.0,0.0,0.0,0.0,0.0,2015-02-17,0,0,0.0,0,0.0,0.0,0.0,0.0,0.0
2015,3,8,7,DL,1671,N933DL,MIA,JFK,1210,1211.0,1.0,22.0,1233.0,185.0,171.0,139.0,1089,1452.0,10.0,1515,1502.0,-13.0,0,0,,0.0,0.0,0.0,0.0,0.0,2015-03-08,0,0,0.0,0,0.0,0.0,0.0,0.0,0.0
2015,2,25,3,EV,4863,N16963,AEX,IAH,1227,1243.0,16.0,20.0,1303.0,63.0,74.0,48.0,190,1351.0,6.0,1330,1357.0,27.0,0,0,,11.0,0.0,12.0,4.0,0.0,2015-02-25,1,1,27.0,1,40.74,0.0,44.44,14.81,0.0
2015,3,18,3,US,2124,N742PS,BOS,DCA,1800,1838.0,38.0,52.0,1930.0,102.0,126.0,72.0,399,2042.0,2.0,1942,2044.0,62.0,0,0,,24.0,0.0,18.0,20.0,0.0,2015-03-18,1,1,62.0,1,38.71,0.0,29.03,32.26,0.0
2015,3,14,6,DL,1611,N312US,MSP,FLL,1930,1959.0,29.0,13.0,2012.0,202.0,201.0,184.0,1487,16.0,4.0,2352,20.0,28.0,0,0,,0.0,0.0,28.0,0.0,0.0,2015-03-14,1,1,28.0,1,0.0,0.0,100.0,0.0,0.0
2015,2,16,1,AA,1525,N3JAAA,MIA,RDU,1525,1521.0,-4.0,15.0,1536.0,130.0,120.0,99.0,700,1715.0,6.0,1735,1721.0,-14.0,0,0,,0.0,0.0,0.0,0.0,0.0,2015-02-16,0,0,0.0,0,0.0,0.0,0.0,0.0,0.0
2015,2,27,5,WN,934,N931WN,BWI,FLL,1945,1945.0,0.0,11.0,1956.0,160.0,161.0,146.0,925,2222.0,4.0,2225,2226.0,1.0,0,0,,0.0,0.0,0.0,0.0,0.0,2015-02-27,0,0,0.0,0,0.0,0.0,0.0,0.0,0.0
2015,3,7,6,WN,2031,N421LV,ATL,BDL,1135,1135.0,0.0,14.0,1149.0,140.0,120.0,101.0,859,1330.0,5.0,1355,1335.0,-20.0,0,0,,0.0,0.0,0.0,0.0,0.0,2015-03-07,0,0,0.0,0,0.0,0.0,0.0,0.0,0.0
2015,3,20,5,OO,4632,N699BR,SLC,MSO,1100,1057.0,-3.0,18.0,1115.0,98.0,91.0,67.0,436,1222.0,6.0,1238,1228.0,-10.0,0,0,,0.0,0.0,0.0,0.0,0.0,2015-03-20,0,0,0.0,0,0.0,0.0,0.0,0.0,0.0
2015,2,22,7,OO,4708,N804SK,SLC,LGB,1650,1655.0,5.0,22.0,1717.0,115.0,124.0,98.0,588,1755.0,4.0,1745,1759.0,14.0,0,0,,0.0,0.0,0.0,0.0,0.0,2015-02-22,0,0,0.0,0,0.0,0.0,0.0,0.0,0.0
2015,3,23,1,DL,1626,N344NW,BHM,ATL,1612,1608.0,-4.0,27.0,1635.0,71.0,65.0,30.0,134,1805.0,8.0,1823,1813.0,-10.0,0,0,,0.0,0.0,0.0,0.0,0.0,2015-03-23,0,0,0.0,0,0.0,0.0,0.0,0.0,0.0
2015,2,18,3,AA,2492,N855AA,LAX,DFW,1815,1810.0,-5.0,15.0,1825.0,173.0,166.0,143.0,1235,2248.0,8.0,2308,2256.0,-12.0,0,0,,0.0,0.0,0.0,0.0,0.0,2015-02-18,0,0,0.0,0,0.0,0.0,0.0,0.0,0.0
2015,3,16,1,OO,4762,N8884E,PSP,SLC,620,615.0,-5.0,15.0,630.0,105.0,104.0,85.0,541,855.0,4.0,905,859.0,-6.0,0,0,,0.0,0.0,0.0,0.0,0.0,2015-03-16,0,0,0.0,0,0.0,0.0,0.0,0.0,0.0
2015,2,26,4,DL,622,N371NW,PDX,SLC,1025,1021.0,-4.0,14.0,1035.0,99.0,105.0,86.0,630,1301.0,5.0,1304,1306.0,2.0,0,0,,0.0,0.0,0.0,0.0,0.0,2015-02-26,0,0,0.0,0,0.0,0.0,0.0,0.0,0.0
2015,3,10,2,OO,4472,N611SK,SLC,GEG,1505,1500.0,-5.0,17.0,1517.0,105.0,107.0,86.0,546,1543.0,4.0,1550,1547.0,-3.0,0,0,,0.0,0.0,0.0,0.0,0.0,2015-03-10,0,0,0.0,0,0.0,0.0,0.0,0.0,0.0
2015,3,4,3,AS,27,N584AS,PHL,SEA,1740,1837.0,57.0,73.0,1950.0,365.0,430.0,351.0,2378,2241.0,6.0,2045,2247.0,122.0,0,0,,65.0,0.0,0.0,57.0,0.0,2015-03-04,1,1,122.0,1,53.28,0.0,0.0,46.72,0.0
2015,2,14,6,DL,2587,N541US,ATL,DAB,2205,2201.0,-4.0,17.0,2218.0,81.0,73.0,50.0,366,2308.0,6.0,2326,2314.0,-12.0,0,0,,0.0,0.0,0.0,0.0,0.0,2015-02-14,0,0,0.0,0,0.0,0.0,0.0,0.0,0.0
2015,2,17,2,WN,102,N259WN,OAK,SAN,700,702.0,2.0,11.0,713.0,85.0,89.0,75.0,446,828.0,3.0,825,831.0,6.0,0,0,,0.0,0.0,0.0,0.0,0.0,2015-02-17,0,0,0.0,0,0.0,0.0,0.0,0.0,0.0
2015,3,15,7,AA,1311,N3CCAA,CLT,ORD,1255,1253.0,-2.0,20.0,1313.0,127.0,125.0,97.0,599,1350.0,8.0,1402,1358.0,-4.0,0,0,,0.0,0.0,0.0,0.0,0.0,2015-03-15,0,0,0.0,0,0.0,0.0,0.0,0.0,0.0
2015,3,16,1,EV,5149,N979EV,ATL,XNA,1650,1640.0,-10.0,13.0,1653.0,115.0,107.0,91.0,589,1724.0,3.0,1745,1727.0,-18.0,0,0,,0.0,0.0,0.0,0.0,0.0,2015-03-16,0,0,0.0,0,0.0,0.0,0.0,0.0,0.0
2015,2,21,6,WN,3593,N364SW,LAS,AUS,1750,1749.0,-1.0,17.0,1806.0,155.0,150.0,127.0,1090,2213.0,6.0,2225,2219.0,-6.0,0,0,,0.0,0.0,0.0,0.0,0.0,2015-02-21,0,0,0.0,0,0.0,0.0,0.0,0.0,0.0
2015,3,20,5,EV,4688,N12924,MKE,IAH,1717,1718.0,1.0,24.0,1742.0,183.0,185.0,155.0,984,2017.0,6.0,2020,2023.0,3.0,0,0,,0.0,0.0,0.0,0.0,0.0,2015-03-20,0,0,0.0,0,0.0,0.0,0.0,0.0,0.0
2015,3,18,3,UA,334,N491UA,SEA,SFO,1211,1203.0,-8.0,18.0,1221.0,128.0,121.0,97.0,679,1358.0,6.0,1419,1404.0,-15.0,0,0,,0.0,0.0,0.0,0.0,0.0,2015-03-18,0,0,0.0,0,0.0,0.0,0.0,0.0,0.0
2015,3,3,2,UA,238,N486UA,IAH,DEN,1740,1814.0,34.0,14.0,1828.0,156.0,143.0,116.0,862,1924.0,13.0,1916,1937.0,21.0,0,0,,0.0,0.0,17.0,4.0,0.0,2015-03-03,1,1,21.0,1,0.0,0.0,80.95,19.05,0.0
2015,2,24,2,UA,277,N437UA,IAH,PHL,741,735.0,-6.0,24.0,759.0,198.0,177.0,147.0,1325,1126.0,6.0,1159,1132.0,-27.0,0,0,,0.0,0.0,0.0,0.0,0.0,2015-02-24,0,0,0.0,0,0.0,0.0,0.0,0.0,0.0
2015,2,28,6,AA,340,N466AA,DFW,HOU,2150,2159.0,9.0,57.0,2256.0,63.0,106.0,43.0,247,2339.0,6.0,2253,2345.0,52.0,0,0,,43.0,0.0,0.0,0.0,9.0,2015-02-28,0,1,52.0,1,82.69,0.0,0.0,0.0,17.31
2015,2,26,4,WN,1830,N456WN,MDW,EWR,600,556.0,-4.0,43.0,639.0,120.0,145.0,90.0,711,909.0,12.0,900,921.0,21.0,0,0,,21.0,0.0,0.0,0.0,0.0,2015-02-26,0,1,21.0,1,100.0,0.0,0.0,0.0,0.0
2015,3,10,2,WN,2604,N8606C,DEN,IND,2025,2019.0,-6.0,9.0,2028.0,140.0,156.0,140.0,977,48.0,7.0,45,55.0,10.0,0,0,,0.0,0.0,0.0,0.0,0.0,2015-03-10,0,0,0.0,0,0.0,0.0,0.0,0.0,0.0
2015,3,15,7,WN,4201,N756SA,BWI,SAT,1900,2103.0,123.0,10.0,2113.0,240.0,197.0,181.0,1407,2314.0,6.0,2200,2320.0,80.0,0,0,,0.0,0.0,6.0,74.0,0.0,2015-03-15,1,1,80.0,1,0.0,0.0,7.5,92.5,0.0
2015,2,26,4,AA,927,N499AA,DAY,DFW,1250,1256.0,6.0,15.0,1311.0,165.0,174.0,135.0,861,1426.0,24.0,1435,1450.0,15.0,0,0,,9.0,0.0,0.0,6.0,0.0,2015-02-26,0,0,15.0,0,60.0,0.0,0.0,40.0,0.0
2015,3,19,4,OO,3468,N227AG,SEA,OMA,1040,1032.0,-8.0,17.0,1049.0,184.0,182.0,160.0,1368,1529.0,5.0,1544,1534.0,-10.0,0,0,,0.0,0.0,0.0,0.0,0.0,2015-03-19,0,0,0.0,0,0.0,0.0,0.0,0.0,0.0
2015,3,15,7,EV,4419,N14542,CRP,IAH,711,708.0,-3.0,11.0,719.0,62.0,58.0,39.0,201,758.0,8.0,813,806.0,-7.0,0,0,,0.0,0.0,0.0,0.0,0.0,2015-03-15,0,0,0.0,0,0.0,0.0,0.0,0.0,0.0
2015,2,28,6,AA,1582,N5FLAA,BOS,MIA,1100,1107.0,7.0,24.0,1131.0,220.0,242.0,209.0,1258,1500.0,9.0,1440,1509.0,29.0,0,0,,22.0,0.0,7.0,0.0,0.0,2015-02-28,0,1,29.0,1,75.86,0.0,24.14,0.0,0.0
2015,3,20,5,F9,1421,N952FR,RSW,STL,1100,1105.0,5.0,14.0,1119.0,150.0,160.0,141.0,979,1240.0,5.0,1230,1245.0,15.0,0,0,,10.0,0.0,5.0,0.0,0.0,2015-03-20,0,0,15.0,0,66.67,0.0,33.33,0.0,0.0
2015,3,18,3,EV,4990,N936EV,ATW,DTW,1051,1046.0,-5.0,12.0,1058.0,79.0,59.0,42.0,296,1240.0,5.0,1310,1245.0,-25.0,0,0,,0.0,0.0,0.0,0.0,0.0,2015-03-18,0,0,0.0,0,0.0,0.0,0.0,0.0,0.0
2015,3,20,5,WN,669,N904WN,SJC,LAS,1645,1658.0,13.0,6.0,1704.0,80.0,70.0,58.0,386,1802.0,6.0,1805,1808.0,3.0,0,0,,0.0,0.0,0.0,0.0,0.0,2015-03-20,0,0,0.0,0,0.0,0.0,0.0,0.0,0.0
2015,3,4,3,WN,3138,N953WN,RNO,LAS,1225,1238.0,13.0,13.0,1251.0,75.0,76.0,58.0,345,1349.0,5.0,1340,1354.0,14.0,0,0,,0.0,0.0,0.0,0.0,0.0,2015-03-04,0,0,0.0,0,0.0,0.0,0.0,0.0,0.0
2015,3,8,7,WN,4097,N231WN,SAN,LAS,800,756.0,-4.0,12.0,808.0,70.0,63.0,47.0,258,855.0,4.0,910,859.0,-11.0,0,0,,0.0,0.0,0.0,0.0,0.0,2015-03-08,0,0,0.0,0,0.0,0.0,0.0,0.0,0.0
2015,2,17,2,WN,2504,N625SW,STL,OKC,1010,1032.0,22.0,10.0,1042.0,105.0,90.0,76.0,462,1158.0,4.0,1155,1202.0,7.0,0,0,,0.0,0.0,0.0,0.0,0.0,2015-02-17,1,0,0.0,0,0.0,0.0,0.0,0.0,0.0
2015,3,21,6,DL,1825,N939DL,BWI,ATL,845,1900.0,615.0,9.0,1909.0,117.0,102.0,87.0,577,2036.0,6.0,1042,2042.0,600.0,0,0,,0.0,0.0,600.0,0.0,0.0,2015-03-21,1,1,600.0,1,0.0,0.0,100.0,0.0,0.0
2015,3,17,2,UA,1299,N17139,BOS,SFO,600,548.0,-12.0,14.0,602.0,412.0,409.0,390.0,2704,932.0,5.0,952,937.0,-15.0,0,0,,0.0,0.0,0.0,0.0,0.0,2015-03-17,0,0,0.0,0,0.0,0.0,0.0,0.0,0.0
2015,3,9,1,DL,2345,N895AT,EWR,DTW,1630,1626.0,-4.0,9.0,1635.0,121.0,101.0,85.0,488,1800.0,7.0,1831,1807.0,-24.0,0,0,,0.0,0.0,0.0,0.0,0.0,2015-03-09,0,0,0.0,0,0.0,0.0,0.0,0.0,0.0
2015,3,10,2,UA,1029,N16701,ORD,DCA,1800,1801.0,1.0,17.0,1818.0,115.0,105.0,82.0,612,2040.0,6.0,2055,2046.0,-9.0,0,0,,0.0,0.0,0.0,0.0,0.0,2015-03-10,0,0,0.0,0,0.0,0.0,0.0,0.0,0.0
2015,2,25,3,WN,2152,N685SW,LAX,SFO,950,947.0,-3.0,12.0,959.0,90.0,72.0,56.0,337,1055.0,4.0,1120,1059.0,-21.0,0,0,,0.0,0.0,0.0,0.0,0.0,2015-02-25,0,0,0.0,0,0.0,0.0,0.0,0.0,0.0
2015,3,3,2,DL,2452,N994DL,ATL,RIC,1000,955.0,-5.0,18.0,1013.0,95.0,84.0,61.0,481,1114.0,5.0,1135,1119.0,-16.0,0,0,,0.0,0.0,0.0,0.0,0.0,2015-03-03,0,0,0.0,0,0.0,0.0,0.0,0.0,0.0
2015,2,22,7,EV,5284,N136EV,LNK,ATL,615,613.0,-2.0,14.0,627.0,142.0,132.0,113.0,841,920.0,5.0,937,925.0,-12.0,0,0,,0.0,0.0,0.0,0.0,0.0,2015-02-22,0,0,0.0,0,0.0,0.0,0.0,0.0,0.0
2015,3,4,3,EV,6030,N12569,DAY,ORD,730,724.0,-6.0,19.0,743.0,84.0,76.0,50.0,240,733.0,7.0,754,740.0,-14.0,0,0,,0.0,0.0,0.0,0.0,0.0,2015-03-04,0,0,0.0,0,0.0,0.0,0.0,0.0,0.0
2015,3,3,2,WN,319,N234WN,BWI,CHS,1415,1423.0,8.0,64.0,1527.0,100.0,141.0,69.0,472,1636.0,8.0,1555,1644.0,49.0,0,0,,41.0,0.0,8.0,0.0,0.0,2015-03-03,0,1,49.0,1,83.67,0.0,16.33,0.0,0.0
2015,3,8,7,WN,1045,N944WN,MDW,ICT,2100,2108.0,8.0,8.0,2116.0,115.0,101.0,89.0,589,2245.0,4.0,2255,2249.0,-6.0,0,0,,0.0,0.0,0.0,0.0,0.0,2015-03-08,0,0,0.0,0,0.0,0.0,0.0,0.0,0.0
2015,3,5,4,B6,1816,N346JB,JFK,SYR,2229,523.0,414.0,16.0,539.0,70.0,67.0,46.0,209,625.0,5.0,2339,630.0,411.0,0,0,,0.0,0.0,0.0,358.0,53.0,2015-03-05,1,1,411.0,1,0.0,0.0,0.0,87.1,12.9
2015,2,13,5,DL,2671,N894AT,BOS,LGA,900,903.0,3.0,37.0,940.0,76.0,95.0,46.0,184,1026.0,12.0,1016,1038.0,22.0,0,0,,22.0,0.0,0.0,0.0,0.0,2015-02-13,0,1,22.0,1,100.0,0.0,0.0,0.0,0.0
2015,2,23,1,WN,745,N600WN,FLL,TPA,1305,1321.0,16.0,17.0,1338.0,70.0,62.0,41.0,197,1419.0,4.0,1415,1423.0,8.0,0,0,,0.0,0.0,0.0,0.0,0.0,2015-02-23,1,0,0.0,0,0.0,0.0,0.0,0.0,0.0
2015,2,23,1,WN,572,N394SW,SEA,OAK,1630,1752.0,82.0,24.0,1816.0,120.0,128.0,99.0,671,1955.0,5.0,1830,2000.0,90.0,0,0,,8.0,0.0,4.0,78.0,0.0,2015-02-23,1,1,90.0,1,8.89,0.0,4.44,86.67,0.0
2015,3,6,5,WN,3497,N227WN,ATL,LGA,1645,1822.0,97.0,17.0,1839.0,125.0,121.0,97.0,762,2016.0,7.0,1850,2023.0,93.0,0,0,,93.0,0.0,0.0,0.0,0.0,2015-03-06,1,1,93.0,1,100.0,0.0,0.0,0.0,0.0
2015,2,18,3,AS,809,N514AS,PDX,OGG,1120,1116.0,-4.0,17.0,1133.0,374.0,369.0,347.0,2562,1520.0,5.0,1534,1525.0,-9.0,0,0,,0.0,0.0,0.0,0.0,0.0,2015-02-18,0,0,0.0,0,0.0,0.0,0.0,0.0,0.0
2015,3,17,2,OO,4710,N632SK,ATL,GRB,1914,1907.0,-7.0,20.0,1927.0,140.0,145.0,122.0,774,2029.0,3.0,2034,2032.0,-2.0,0,0,,0.0,0.0,0.0,0.0,0.0,2015-03-17,0,0,0.0,0,0.0,0.0,0.0,0.0,0.0
2015,2,23,1,DL,1319,N892AT,DTW,ORD,731,731.0,0.0,25.0,756.0,98.0,85.0,46.0,235,742.0,14.0,809,756.0,-13.0,0,0,,0.0,0.0,0.0,0.0,0.0,2015-02-23,0,0,0.0,0,0.0,0.0,0.0,0.0,0.0
2015,3,3,2,US,862,N808AW,MCO,DCA,1154,1147.0,-7.0,11.0,1158.0,125.0,126.0,111.0,759,1349.0,4.0,1359,1353.0,-6.0,0,0,,0.0,0.0,0.0,0.0,0.0,2015-03-03,0,0,0.0,0,0.0,0.0,0.0,0.0,0.0
2015,3,15,7,EV,4865,N13913,IAH,BTR,1535,1533.0,-2.0,8.0,1541.0,61.0,53.0,39.0,253,1620.0,6.0,1636,1626.0,-10.0,0,0,,0.0,0.0,0.0,0.0,0.0,2015-03-15,0,0,0.0,0,0.0,0.0,0.0,0.0,0.0
2015,3,12,4,UA,145,N66051,IAD,HNL,855,851.0,-4.0,22.0,913.0,647.0,658.0,629.0,4817,1342.0,7.0,1342,1349.0,7.0,0,0,,0.0,0.0,0.0,0.0,0.0,2015-03-12,0,0,0.0,0,0.0,0.0,0.0,0.0,0.0
2015,3,10,2,WN,787,N374SW,BWI,BUF,1635,1632.0,-3.0,16.0,1648.0,70.0,68.0,48.0,281,1736.0,4.0,1745,1740.0,-5.0,0,0,,0.0,0.0,0.0,0.0,0.0,2015-03-10,0,0,0.0,0,0.0,0.0,0.0,0.0,0.0
2015,3,3,2,EV,5075,N678CA,CAE,ATL,1000,957.0,-3.0,11.0,1008.0,63.0,67.0,43.0,192,1051.0,13.0,1103,1104.0,1.0,0,0,,0.0,0.0,0.0,0.0,0.0,2015-03-03,0,0,0.0,0,0.0,0.0,0.0,0.0,0.0
2015,2,15,7,WN,700,N606SW,DAL,STL,1325,1326.0,1.0,9.0,1335.0,95.0,85.0,74.0,546,1449.0,2.0,1500,1451.0,-9.0,0,0,,0.0,0.0,0.0,0.0,0.0,2015-02-15,0,0,0.0,0,0.0,0.0,0.0,0.0,0.0
2015,3,12,4,UA,1456,N17139,IAH,LAX,720,726.0,6.0,12.0,738.0,235.0,199.0,178.0,1379,836.0,9.0,915,845.0,-30.0,0,0,,0.0,0.0,0.0,0.0,0.0,2015-03-12,0,0,0.0,0,0.0,0.0,0.0,0.0,0.0
2015,3,23,1,DL,2066,N618DL,MSP,LAS,2135,2136.0,1.0,13.0,2149.0,203.0,195.0,174.0,1299,2243.0,8.0,2258,2251.0,-7.0,0,0,,0.0,0.0,0.0,0.0,0.0,2015-03-23,0,0,0.0,0,0.0,0.0,0.0,0.0,0.0
2015,3,6,5,B6,1885,N178JB,BUF,MCO,1939,1933.0,-6.0,10.0,1943.0,156.0,177.0,148.0,1011,2211.0,19.0,2215,2230.0,15.0,0,0,,15.0,0.0,0.0,0.0,0.0,2015-03-06,0,0,15.0,0,100.0,0.0,0.0,0.0,0.0
2015,3,23,1,WN,801,N445WN,IND,LAS,1325,1325.0,0.0,11.0,1336.0,250.0,247.0,232.0,1590,1428.0,4.0,1435,1432.0,-3.0,0,0,,0.0,0.0,0.0,0.0,0.0,2015-03-23,0,0,0.0,0,0.0,0.0,0.0,0.0,0.0
2015,3,6,5,WN,1142,N234WN,BWI,ROC,1035,1049.0,14.0,13.0,1102.0,75.0,63.0,44.0,277,1146.0,6.0,1150,1152.0,2.0,0,0,,0.0,0.0,0.0,0.0,0.0,2015-03-06,0,0,0.0,0,0.0,0.0,0.0,0.0,0.0
2015,3,6,5,DL,843,N988DL,MEM,ATL,1613,1611.0,-2.0,41.0,1652.0,89.0,94.0,48.0,332,1840.0,5.0,1842,1845.0,3.0,0,0,,0.0,0.0,0.0,0.0,0.0,2015-03-06,0,0,0.0,0,0.0,0.0,0.0,0.0,0.0
2015,3,18,3,WN,3681,N436WN,SAT,MCO,535,553.0,18.0,6.0,559.0,145.0,136.0,123.0,1041,902.0,7.0,900,909.0,9.0,0,0,,0.0,0.0,0.0,0.0,0.0,2015-03-18,1,0,0.0,0,0.0,0.0,0.0,0.0,0.0
2015,3,20,5,WN,595,N445WN,SAN,SJC,1010,1007.0,-3.0,14.0,1021.0,85.0,80.0,63.0,417,1124.0,3.0,1135,1127.0,-8.0,0,0,,0.0,0.0,0.0,0.0,0.0,2015-03-20,0,0,0.0,0,0.0,0.0,0.0,0.0,0.0
2015,2,16,1,UA,763,N421UA,DEN,SAN,1125,1354.0,149.0,33.0,1427.0,147.0,140.0,105.0,853,1512.0,2.0,1252,1514.0,142.0,0,0,,0.0,0.0,81.0,61.0,0.0,2015-02-16,1,1,142.0,1,0.0,0.0,57.04,42.96,0.0
2015,3,17,2,DL,1068,N525US,RSW,ATL,1214,1219.0,5.0,15.0,1234.0,116.0,111.0,81.0,515,1355.0,15.0,1410,1410.0,0.0,0,0,,0.0,0.0,0.0,0.0,0.0,2015-03-17,0,0,0.0,0,0.0,0.0,0.0,0.0,0.0
2015,2,19,4,OO,4712,N8968E,CIU,DTW,1533,1551.0,18.0,13.0,1604.0,82.0,64.0,43.0,284,1647.0,8.0,1655,1655.0,0.0,0,0,,0.0,0.0,0.0,0.0,0.0,2015-02-19,1,0,0.0,0,0.0,0.0,0.0,0.0,0.0
2015,3,2,1,OO,4574,N803SK,DTW,IAH,850,905.0,15.0,13.0,918.0,202.0,183.0,159.0,1075,1057.0,11.0,1112,1108.0,-4.0,0,0,,0.0,0.0,0.0,0.0,0.0,2015-03-02,0,0,0.0,0,0.0,0.0,0.0,0.0,0.0
2015,3,1,7,OO,5371,N569SW,LAX,SBP,1329,1329.0,0.0,18.0,1347.0,60.0,64.0,39.0,156,1426.0,7.0,1429,1433.0,4.0,0,0,,0.0,0.0,0.0,0.0,0.0,2015-03-01,0,0,0.0,0,0.0,0.0,0.0,0.0,0.0
2015,2,19,4,AS,75,N779AS,SEA,JNU,1110,1103.0,-7.0,17.0,1120.0,161.0,154.0,133.0,909,1233.0,4.0,1251,1237.0,-14.0,0,0,,0.0,0.0,0.0,0.0,0.0,2015-02-19,0,0,0.0,0,0.0,0.0,0.0,0.0,0.0
2015,2,14,6,UA,738,N495UA,SEA,DEN,1048,1155.0,67.0,15.0,1210.0,156.0,139.0,119.0,1024,1509.0,5.0,1424,1514.0,50.0,0,0,,5.0,0.0,0.0,45.0,0.0,2015-02-14,1,1,50.0,1,10.0,0.0,0.0,90.0,0.0
2015,2,17,2,MQ,3219,N654MQ,DFW,LBB,1240,1306.0,26.0,15.0,1321.0,67.0,66.0,48.0,282,1409.0,3.0,1347,1412.0,25.0,0,0,,0.0,0.0,25.0,0.0,0.0,2015-02-17,1,1,25.0,1,0.0,0.0,100.0,0.0,0.0
2015,3,16,1,OO,5166,N983SW,DEN,BIS,1425,1413.0,-12.0,14.0,1427.0,97.0,91.0,73.0,516,1640.0,4.0,1702,1644.0,-18.0,0,0,,0.0,0.0,0.0,0.0,0.0,2015-03-16,0,0,0.0,0,0.0,0.0,0.0,0.0,0.0
2015,3,1,7,WN,46,N625SW,CRP,HOU,1600,1555.0,-5.0,12.0,1607.0,55.0,46.0,29.0,187,1636.0,5.0,1655,1641.0,-14.0,0,0,,0.0,0.0,0.0,0.0,0.0,2015-03-01,0,0,0.0,0,0.0,0.0,0.0,0.0,0.0
2015,3,21,6,AA,1524,N566AA,DFW,LAS,910,959.0,49.0,17.0,1016.0,182.0,162.0,138.0,1055,1034.0,7.0,1012,1041.0,29.0,0,0,,0.0,0.0,9.0,20.0,0.0,2015-03-21,1,1,29.0,1,0.0,0.0,31.03,68.97,0.0
2015,3,11,3,EV,4975,N900EV,DTW,SBN,1525,1519.0,-6.0,27.0,1546.0,60.0,62.0,30.0,157,1616.0,5.0,1625,1621.0,-4.0,0,0,,0.0,0.0,0.0,0.0,0.0,2015-03-11,0,0,0.0,0,0.0,0.0,0.0,0.0,0.0
2015,2,19,4,WN,4751,N615SW,MKE,TPA,615,614.0,-1.0,12.0,626.0,180.0,175.0,127.0,1075,933.0,36.0,1015,1009.0,-6.0,0,0,,0.0,0.0,0.0,0.0,0.0,2015-02-19,0,0,0.0,0,0.0,0.0,0.0,0.0,0.0
2015,3,4,3,EV,4434,N14173,EWR,MHT,948,1019.0,31.0,23.0,1042.0,70.0,66.0,37.0,209,1119.0,6.0,1058,1125.0,27.0,0,0,,0.0,0.0,27.0,0.0,0.0,2015-03-04,1,1,27.0,1,0.0,0.0,100.0,0.0,0.0
2015,2,24,2,OO,6244,N787SK,PSP,IAH,1316,1323.0,7.0,12.0,1335.0,180.0,167.0,145.0,1269,1800.0,10.0,1816,1810.0,-6.0,0,0,,0.0,0.0,0.0,0.0,0.0,2015-02-24,0,0,0.0,0,0.0,0.0,0.0,0.0,0.0
2015,3,9,1,UA,285,N434UA,IAH,LGA,1745,1803.0,18.0,26.0,1829.0,208.0,204.0,173.0,1416,2222.0,5.0,2213,2227.0,14.0,0,0,,0.0,0.0,0.0,0.0,0.0,2015-03-09,1,0,0.0,0,0.0,0.0,0.0,0.0,0.0
2015,3,1,7,DL,2254,N911DE,MSN,DTW,1220,1400.0,100.0,10.0,1410.0,72.0,64.0,47.0,311,1557.0,7.0,1432,1604.0,92.0,0,0,,0.0,0.0,0.0,92.0,0.0,2015-03-01,1,1,92.0,1,0.0,0.0,0.0,100.0,0.0
2015,3,19,4,DL,1082,N312US,OAK,SLC,1130,1130.0,0.0,12.0,1142.0,103.0,103.0,84.0,588,1406.0,7.0,1413,1413.0,0.0,0,0,,0.0,0.0,0.0,0.0,0.0,2015-03-19,0,0,0.0,0,0.0,0.0,0.0,0.0,0.0
2015,2,22,7,HA,278,N484HA,HNL,KOA,1617,1610.0,-7.0,9.0,1619.0,43.0,43.0,28.0,163,1647.0,6.0,1700,1653.0,-7.0,0,0,,0.0,0.0,0.0,0.0,0.0,2015-02-22,0,0,0.0,0,0.0,0.0,0.0,0.0,0.0
2015,3,11,3,US,1782,N151UW,CLT,EWR,2220,2255.0,35.0,39.0,2334.0,102.0,118.0,74.0,529,48.0,5.0,2,53.0,51.0,0,0,,16.0,0.0,0.0,35.0,0.0,2015-03-11,1,1,51.0,1,31.37,0.0,0.0,68.63,0.0
2015,2,21,6,AA,41,N3CAAA,ORD,SEA,2050,2107.0,17.0,14.0,2121.0,275.0,285.0,226.0,1721,2307.0,45.0,2325,2352.0,27.0,0,0,,10.0,0.0,0.0,0.0,17.0,2015-02-21,1,1,27.0,1,37.04,0.0,0.0,0.0,62.96
2015,2,20,5,HA,132,N484HA,OGG,ITO,927,918.0,-9.0,7.0,925.0,37.0,37.0,25.0,121,950.0,5.0,1004,955.0,-9.0,0,0,,0.0,0.0,0.0,0.0,0.0,2015-02-20,0,0,0.0,0,0.0,0.0,0.0,0.0,0.0
2015,3,3,2,US,433,N578UW,MSP,PHX,730,728.0,-2.0,43.0,811.0,226.0,254.0,204.0,1276,1035.0,7.0,1016,1042.0,26.0,0,0,,26.0,0.0,0.0,0.0,0.0,2015-03-03,0,1,26.0,1,100.0,0.0,0.0,0.0,0.0
2015,3,10,2,WN,396,N213WN,BNA,PNS,2015,2012.0,-3.0,9.0,2021.0,75.0,73.0,61.0,391,2122.0,3.0,2130,2125.0,-5.0,0,0,,0.0,0.0,0.0,0.0,0.0,2015-03-10,0,0,0.0,0,0.0,0.0,0.0,0.0,0.0
2015,2,19,4,UA,1178,N76522,ORD,PSP,1157,1208.0,11.0,16.0,1224.0,256.0,252.0,230.0,1652,1414.0,6.0,1413,1420.0,7.0,0,0,,0.0,0.0,0.0,0.0,0.0,2015-02-19,0,0,0.0,0,0.0,0.0,0.0,0.0,0.0
2015,3,2,1,DL,1334,N959DN,ATL,RIC,725,724.0,-1.0,16.0,740.0,90.0,89.0,70.0,481,850.0,3.0,855,853.0,-2.0,0,0,,0.0,0.0,0.0,0.0,0.0,2015-03-02,0,0,0.0,0,0.0,0.0,0.0,0.0,0.0
2015,2,18,3,US,720,N580UW,PHX,CLT,1105,1105.0,0.0,24.0,1129.0,233.0,237.0,199.0,1773,1648.0,14.0,1658,1702.0,4.0,0,0,,0.0,0.0,0.0,0.0,0.0,2015-02-18,0,0,0.0,0,0.0,0.0,0.0,0.0,0.0
2015,3,19,4,OO,5425,N973SW,MKE,ORD,942,937.0,-5.0,9.0,946.0,53.0,47.0,23.0,67,1009.0,15.0,1035,1024.0,-11.0,0,0,,0.0,0.0,0.0,0.0,0.0,2015-03-19,0,0,0.0,0,0.0,0.0,0.0,0.0,0.0
2015,3,5,4,AA,2390,N3KUAA,PHX,DTW,1941,1943.0,2.0,26.0,2009.0,226.0,227.0,193.0,1671,122.0,8.0,127,130.0,3.0,0,0,,0.0,0.0,0.0,0.0,0.0,2015-03-05,0,0,0.0,0,0.0,0.0,0.0,0.0,0.0
2015,3,17,2,WN,303,N288WN,MCO,PIT,2205,2330.0,85.0,17.0,2347.0,135.0,140.0,118.0,834,145.0,5.0,20,150.0,90.0,0,0,,5.0,0.0,0.0,85.0,0.0,2015-03-17,1,1,90.0,1,5.56,0.0,0.0,94.44,0.0
2015,3,20,5,MQ,3312,N908MQ,DFW,BPT,1600,1914.0,194.0,27.0,1941.0,69.0,89.0,57.0,270,2038.0,5.0,1709,2043.0,214.0,0,0,,20.0,0.0,0.0,190.0,4.0,2015-03-20,1,1,214.0,1,9.35,0.0,0.0,88.79,1.87
2015,3,7,6,WN,930,N201LV,TPA,MEM,2005,1959.0,-6.0,12.0,2011.0,125.0,123.0,104.0,655,2055.0,7.0,2110,2102.0,-8.0,0,0,,0.0,0.0,0.0,0.0,0.0,2015-03-07,0,0,0.0,0,0.0,0.0,0.0,0.0,0.0
2015,3,24,2,WN,3054,N551WN,BWI,DTW,1825,1821.0,-4.0,11.0,1832.0,95.0,97.0,76.0,409,1948.0,10.0,2000,1958.0,-2.0,0,0,,0.0,0.0,0.0,0.0,0.0,2015-03-24,0,0,0.0,0,0.0,0.0,0.0,0.0,0.0
2015,3,9,1,EV,6008,N13997,LEX,ORD,1041,1040.0,-1.0,32.0,1112.0,95.0,95.0,58.0,323,1110.0,5.0,1116,1115.0,-1.0,0,0,,0.0,0.0,0.0,0.0,0.0,2015-03-09,0,0,0.0,0,0.0,0.0,0.0,0.0,0.0
2015,3,16,1,AS,744,N793AS,SFO,SLC,2050,2046.0,-4.0,11.0,2057.0,109.0,96.0,78.0,599,2315.0,7.0,2339,2322.0,-17.0,0,0,,0.0,0.0,0.0,0.0,0.0,2015-03-16,0,0,0.0,0,0.0,0.0,0.0,0.0,0.0
2015,3,10,2,DL,1193,N923AT,GSO,ATL,815,813.0,-2.0,14.0,827.0,91.0,78.0,56.0,306,923.0,8.0,946,931.0,-15.0,0,0,,0.0,0.0,0.0,0.0,0.0,2015-03-10,0,0,0.0,0,0.0,0.0,0.0,0.0,0.0
2015,3,24,2,UA,1583,N11206,SFO,EWR,602,603.0,1.0,18.0,621.0,328.0,319.0,293.0,2565,1414.0,8.0,1430,1422.0,-8.0,0,0,,0.0,0.0,0.0,0.0,0.0,2015-03-24,0,0,0.0,0,0.0,0.0,0.0,0.0,0.0
2015,3,10,2,WN,238,N781WN,EWR,STL,700,655.0,-5.0,18.0,713.0,160.0,172.0,151.0,872,844.0,3.0,840,847.0,7.0,0,0,,0.0,0.0,0.0,0.0,0.0,2015-03-10,0,0,0.0,0,0.0,0.0,0.0,0.0,0.0
2015,3,25,3,US,2039,N538UW,RSW,CLT,1910,1906.0,-4.0,15.0,1921.0,114.0,123.0,97.0,600,2058.0,11.0,2104,2109.0,5.0,0,0,,0.0,0.0,0.0,0.0,0.0,2015-03-25,0,0,0.0,0,0.0,0.0,0.0,0.0,0.0
2015,2,25,3,EV,6126,N14950,ELM,ORD,1722,1717.0,-5.0,7.0,1724.0,130.0,134.0,110.0,566,1814.0,17.0,1832,1831.0,-1.0,0,0,,0.0,0.0,0.0,0.0,0.0,2015-02-25,0,0,0.0,0,0.0,0.0,0.0,0.0,0.0
2015,3,5,4,WN,298,N8652B,MDW,CLE,2105,2145.0,40.0,11.0,2156.0,75.0,61.0,44.0,307,2340.0,6.0,2320,2346.0,26.0,0,0,,0.0,0.0,25.0,1.0,0.0,2015-03-05,1,1,26.0,1,0.0,0.0,96.15,3.85,0.0
2015,2,14,6,EV,2569,N877AS,DFW,LIT,1155,1149.0,-6.0,12.0,1201.0,67.0,60.0,46.0,304,1247.0,2.0,1302,1249.0,-13.0,0,0,,0.0,0.0,0.0,0.0,0.0,2015-02-14,0,0,0.0,0,0.0,0.0,0.0,0.0,0.0
2015,3,15,7,OO,6338,N745SK,LAX,SAN,2147,2145.0,-2.0,19.0,2204.0,54.0,51.0,26.0,109,2230.0,6.0,2241,2236.0,-5.0,0,0,,0.0,0.0,0.0,0.0,0.0,2015-03-15,0,0,0.0,0,0.0,0.0,0.0,0.0,0.0
2015,2,18,3,WN,7,N792SW,ATL,LGA,1355,1353.0,-2.0,20.0,1413.0,130.0,120.0,97.0,762,1550.0,3.0,1605,1553.0,-12.0,0,0,,0.0,0.0,0.0,0.0,0.0,2015-02-18,0,0,0.0,0,0.0,0.0,0.0,0.0,0.0
2015,3,18,3,F9,1282,N201FR,DEN,ORD,1015,1010.0,-5.0,14.0,1024.0,140.0,141.0,113.0,888,1317.0,14.0,1335,1331.0,-4.0,0,0,,0.0,0.0,0.0,0.0,0.0,2015-03-18,0,0,0.0,0,0.0,0.0,0.0,0.0,0.0
2015,3,9,1,AS,65,N797AS,JNU,ANC,1325,1319.0,-6.0,11.0,1330.0,103.0,103.0,88.0,571,1458.0,4.0,1508,1502.0,-6.0,0,0,,0.0,0.0,0.0,0.0,0.0,2015-03-09,0,0,0.0,0,0.0,0.0,0.0,0.0,0.0
2015,3,24,2,EV,4919,N884AS,ATL,PIA,2039,2036.0,-3.0,16.0,2052.0,108.0,108.0,87.0,565,2119.0,5.0,2127,2124.0,-3.0,0,0,,0.0,0.0,0.0,0.0,0.0,2015-03-24,0,0,0.0,0,0.0,0.0,0.0,0.0,0.0
2015,3,9,1,WN,376,N424WN,ONT,PHX,1340,1338.0,-2.0,8.0,1346.0,70.0,60.0,49.0,325,1435.0,3.0,1450,1438.0,-12.0,0,0,,0.0,0.0,0.0,0.0,0.0,2015-03-09,0,0,0.0,0,0.0,0.0,0.0,0.0,0.0
2015,3,14,6,DL,2309,N915AT,DTW,ATL,1045,1041.0,-4.0,16.0,1057.0,124.0,120.0,98.0,594,1235.0,6.0,1249,1241.0,-8.0,0,0,,0.0,0.0,0.0,0.0,0.0,2015-03-14,0,0,0.0,0,0.0,0.0,0.0,0.0,0.0
2015,3,11,3,US,1772,N156UW,CLT,DFW,919,914.0,-5.0,11.0,925.0,172.0,169.0,145.0,936,1050.0,13.0,1111,1103.0,-8.0,0,0,,0.0,0.0,0.0,0.0,0.0,2015-03-11,0,0,0.0,0,0.0,0.0,0.0,0.0,0.0
2015,2,21,6,DL,1219,N547US,MSP,LAX,1452,1452.0,0.0,12.0,1504.0,239.0,226.0,208.0,1535,1632.0,6.0,1651,1638.0,-13.0,0,0,,0.0,0.0,0.0,0.0,0.0,2015-02-21,0,0,0.0,0,0.0,0.0,0.0,0.0,0.0
2015,3,17,2,WN,4287,N902WN,LAS,SNA,1740,1806.0,26.0,11.0,1817.0,60.0,54.0,40.0,226,1857.0,3.0,1840,1900.0,20.0,0,0,,0.0,0.0,12.0,8.0,0.0,2015-03-17,1,1,20.0,1,0.0,0.0,60.0,40.0,0.0
2015,2,27,5,WN,1034,N923WN,MDW,SMF,855,851.0,-4.0,14.0,905.0,280.0,256.0,237.0,1790,1102.0,5.0,1135,1107.0,-28.0,0,0,,0.0,0.0,0.0,0.0,0.0,2015-02-27,0,0,0.0,0,0.0,0.0,0.0,0.0,0.0
2015,3,4,3,OO,6369,N738SK,TUS,SFO,550,535.0,-15.0,16.0,551.0,140.0,129.0,108.0,751,639.0,5.0,710,644.0,-26.0,0,0,,0.0,0.0,0.0,0.0,0.0,2015-03-04,0,0,0.0,0,0.0,0.0,0.0,0.0,0.0
2015,2,25,3,F9,778,N925FR,LAS,DEN,1535,1630.0,55.0,24.0,1654.0,107.0,123.0,87.0,628,1921.0,12.0,1822,1933.0,71.0,0,0,,71.0,0.0,0.0,0.0,0.0,2015-02-25,1,1,71.0,1,100.0,0.0,0.0,0.0,0.0
2015,3,12,4,WN,603,N7728D,SAN,LAS,655,651.0,-4.0,11.0,702.0,70.0,65.0,46.0,258,748.0,8.0,805,756.0,-9.0,0,0,,0.0,0.0,0.0,0.0,0.0,2015-03-12,0,0,0.0,0,0.0,0.0,0.0,0.0,0.0
2015,2,17,2,OO,7428,N461SW,PIH,SLC,700,652.0,-8.0,30.0,722.0,45.0,60.0,25.0,150,747.0,5.0,745,752.0,7.0,0,0,,0.0,0.0,0.0,0.0,0.0,2015-02-17,0,0,0.0,0,0.0,0.0,0.0,0.0,0.0
2015,3,19,4,B6,122,N580JB,PBI,BOS,2020,2150.0,90.0,15.0,2205.0,175.0,176.0,158.0,1197,43.0,3.0,2315,46.0,91.0,0,0,,1.0,0.0,36.0,54.0,0.0,2015-03-19,1,1,91.0,1,1.1,0.0,39.56,59.34,0.0
2015,3,20,5,WN,16,N242WN,ELP,HOU,630,624.0,-6.0,7.0,631.0,105.0,101.0,85.0,677,856.0,9.0,915,905.0,-10.0,0,0,,0.0,0.0,0.0,0.0,0.0,2015-03-20,0,0,0.0,0,0.0,0.0,0.0,0.0,0.0
2015,3,18,3,AA,2281,N019AA,ATL,LAX,1245,1238.0,-7.0,13.0,1251.0,298.0,273.0,255.0,1947,1406.0,5.0,1443,1411.0,-32.0,0,0,,0.0,0.0,0.0,0.0,0.0,2015-03-18,0,0,0.0,0,0.0,0.0,0.0,0.0,0.0
2015,2,16,1,B6,844,N309JB,CHS,DCA,1346,1549.0,123.0,18.0,1607.0,78.0,87.0,64.0,444,1711.0,5.0,1504,1716.0,132.0,0,0,,9.0,0.0,20.0,103.0,0.0,2015-02-16,1,1,132.0,1,6.82,0.0,15.15,78.03,0.0
2015,2,20,5,VX,169,N625VA,EWR,LAX,1725,1724.0,-1.0,12.0,1736.0,385.0,383.0,363.0,2454,2039.0,8.0,2050,2047.0,-3.0,0,0,,0.0,0.0,0.0,0.0,0.0,2015-02-20,0,0,0.0,0,0.0,0.0,0.0,0.0,0.0
2015,2,22,7,VX,1178,N632VA,SFO,EWR,1400,1416.0,16.0,16.0,1432.0,305.0,287.0,264.0,2565,2156.0,7.0,2205,2203.0,-2.0,0,0,,0.0,0.0,0.0,0.0,0.0,2015-02-22,1,0,0.0,0,0.0,0.0,0.0,0.0,0.0
2015,2,15,7,AA,1287,N4WPAA,ORD,STL,2007,2013.0,6.0,20.0,2033.0,68.0,91.0,49.0,258,2122.0,22.0,2115,2144.0,29.0,0,0,,23.0,0.0,0.0,0.0,6.0,2015-02-15,0,1,29.0,1,79.31,0.0,0.0,0.0,20.69
2015,2,23,1,DL,751,N995AT,ATL,GRR,1050,1050.0,0.0,14.0,1104.0,119.0,107.0,90.0,640,1234.0,3.0,1249,1237.0,-12.0,0,0,,0.0,0.0,0.0,0.0,0.0,2015-02-23,0,0,0.0,0,0.0,0.0,0.0,0.0,0.0
2015,2,14,6,OO,6228,N507CA,DEN,BOI,800,810.0,10.0,14.0,824.0,136.0,121.0,103.0,649,1007.0,4.0,1016,1011.0,-5.0,0,0,,0.0,0.0,0.0,0.0,0.0,2015-02-14,0,0,0.0,0,0.0,0.0,0.0,0.0,0.0
2015,3,8,7,AS,895,N565AS,SAN,HNL,1100,1056.0,-4.0,20.0,1116.0,382.0,402.0,377.0,2614,1433.0,5.0,1422,1438.0,16.0,0,0,,16.0,0.0,0.0,0.0,0.0,2015-03-08,0,1,16.0,1,100.0,0.0,0.0,0.0,0.0
2015,2,26,4,DL,2264,N947DN,SFO,MSP,1455,1454.0,-1.0,15.0,1509.0,219.0,219.0,198.0,1589,2027.0,6.0,2034,2033.0,-1.0,0,0,,0.0,0.0,0.0,0.0,0.0,2015-02-26,0,0,0.0,0,0.0,0.0,0.0,0.0,0.0
2015,3,19,4,OO,6255,N919SW,BOI,SFO,1825,1815.0,-10.0,12.0,1827.0,110.0,106.0,86.0,522,1853.0,8.0,1915,1901.0,-14.0,0,0,,0.0,0.0,0.0,0.0,0.0,2015-03-19,0,0,0.0,0,0.0,0.0,0.0,0.0,0.0
2015,3,14,6,OO,4512,N439SW,SLC,FCA,2155,2153.0,-2.0,9.0,2202.0,105.0,91.0,77.0,531,2319.0,5.0,2340,2324.0,-16.0,0,0,,0.0,0.0,0.0,0.0,0.0,2015-03-14,0,0,0.0,0,0.0,0.0,0.0,0.0,0.0
2015,3,8,7,WN,1005,N7813P,MDW,RSW,1705,1706.0,1.0,7.0,1713.0,165.0,154.0,143.0,1105,2036.0,4.0,2050,2040.0,-10.0,0,0,,0.0,0.0,0.0,0.0,0.0,2015-03-08,0,0,0.0,0,0.0,0.0,0.0,0.0,0.0
2015,3,25,3,DL,2596,N938DN,ORF,ATL,815,812.0,-3.0,12.0,824.0,116.0,117.0,96.0,516,1000.0,9.0,1011,1009.0,-2.0,0,0,,0.0,0.0,0.0,0.0,0.0,2015-03-25,0,0,0.0,0,0.0,0.0,0.0,0.0,0.0
2015,3,21,6,UA,622,N413UA,DSM,ORD,805,759.0,-6.0,12.0,811.0,85.0,80.0,48.0,299,859.0,20.0,930,919.0,-11.0,0,0,,0.0,0.0,0.0,0.0,0.0,2015-03-21,0,0,0.0,0,0.0,0.0,0.0,0.0,0.0
2015,2,26,4,UA,833,N836UA,BOI,DEN,710,706.0,-4.0,10.0,716.0,112.0,117.0,92.0,649,848.0,15.0,902,903.0,1.0,0,0,,0.0,0.0,0.0,0.0,0.0,2015-02-26,0,0,0.0,0,0.0,0.0,0.0,0.0,0.0
2015,3,25,3,WN,2681,N720WN,HOU,ECP,1010,1008.0,-2.0,8.0,1016.0,90.0,90.0,73.0,571,1129.0,9.0,1140,1138.0,-2.0,0,0,,0.0,0.0,0.0,0.0,0.0,2015-03-25,0,0,0.0,0,0.0,0.0,0.0,0.0,0.0
2015,3,9,1,WN,1034,N558WN,MCO,MKE,2005,2005.0,0.0,5.0,2010.0,180.0,156.0,145.0,1066,2135.0,6.0,2205,2141.0,-24.0,0,0,,0.0,0.0,0.0,0.0,0.0,2015-03-09,0,0,0.0,0,0.0,0.0,0.0,0.0,0.0
2015,3,10,2,UA,1157,N33294,LAS,DEN,1145,1137.0,-8.0,17.0,1154.0,111.0,114.0,92.0,628,1426.0,5.0,1436,1431.0,-5.0,0,0,,0.0,0.0,0.0,0.0,0.0,2015-03-10,0,0,0.0,0,0.0,0.0,0.0,0.0,0.0
2015,3,7,6,WN,505,N245WN,PIT,MDW,730,727.0,-3.0,20.0,747.0,100.0,94.0,69.0,402,756.0,5.0,810,801.0,-9.0,0,0,,0.0,0.0,0.0,0.0,0.0,2015-03-07,0,0,0.0,0,0.0,0.0,0.0,0.0,0.0
2015,2,13,5,UA,403,N819UA,EWR,DEN,1151,1202.0,11.0,22.0,1224.0,275.0,248.0,221.0,1605,1405.0,5.0,1426,1410.0,-16.0,0,0,,0.0,0.0,0.0,0.0,0.0,2015-02-13,0,0,0.0,0,0.0,0.0,0.0,0.0,0.0
2015,3,10,2,WN,700,N610WN,BWI,FLL,1615,1857.0,162.0,9.0,1906.0,160.0,148.0,134.0,925,2120.0,5.0,1855,2125.0,150.0,0,0,,0.0,0.0,150.0,0.0,0.0,2015-03-10,1,1,150.0,1,0.0,0.0,100.0,0.0,0.0
2015,3,5,4,EV,4217,N16919,IAH,BRO,901,934.0,33.0,26.0,1000.0,78.0,91.0,61.0,308,1101.0,4.0,1019,1105.0,46.0,0,0,,13.0,0.0,33.0,0.0,0.0,2015-03-05,1,1,46.0,1,28.26,0.0,71.74,0.0,0.0
2015,3,7,6,AA,2249,N473AA,DFW,IAH,930,1108.0,98.0,9.0,1117.0,65.0,56.0,42.0,224,1159.0,5.0,1035,1204.0,89.0,0,0,,0.0,0.0,10.0,79.0,0.0,2015-03-07,1,1,89.0,1,0.0,0.0,11.24,88.76,0.0
2015,3,13,5,OO,6293,N903SW,ACV,SFO,600,551.0,-9.0,16.0,607.0,74.0,68.0,48.0,250,655.0,4.0,714,659.0,-15.0,0,0,,0.0,0.0,0.0,0.0,0.0,2015-03-13,0,0,0.0,0,0.0,0.0,0.0,0.0,0.0
2015,2,23,1,DL,1663,N945DL,ATL,MKE,1648,1655.0,7.0,16.0,1711.0,130.0,124.0,101.0,669,1752.0,7.0,1758,1759.0,1.0,0,0,,0.0,0.0,0.0,0.0,0.0,2015-02-23,0,0,0.0,0,0.0,0.0,0.0,0.0,0.0
2015,3,11,3,AA,1017,N3JAAA,DFW,SEA,1820,1823.0,3.0,21.0,1844.0,264.0,259.0,230.0,1660,2034.0,8.0,2044,2042.0,-2.0,0,0,,0.0,0.0,0.0,0.0,0.0,2015-03-11,0,0,0.0,0,0.0,0.0,0.0,0.0,0.0
2015,3,3,2,UA,1101,N68811,SEA,IAH,545,538.0,-7.0,14.0,552.0,255.0,248.0,226.0,1874,1138.0,8.0,1200,1146.0,-14.0,0,0,,0.0,0.0,0.0,0.0,0.0,2015-03-03,0,0,0.0,0,0.0,0.0,0.0,0.0,0.0
2015,2,16,1,MQ,3682,N0EGMQ,ATL,LGA,1011,1016.0,5.0,11.0,1027.0,135.0,119.0,92.0,762,1159.0,16.0,1226,1215.0,-11.0,0,0,,0.0,0.0,0.0,0.0,0.0,2015-02-16,0,0,0.0,0,0.0,0.0,0.0,0.0,0.0
2015,2,18,3,DL,1252,N722TW,MSP,JFK,1124,1124.0,0.0,15.0,1139.0,157.0,153.0,133.0,1029,1452.0,5.0,1501,1457.0,-4.0,0,0,,0.0,0.0,0.0,0.0,0.0,2015-02-18,0,0,0.0,0,0.0,0.0,0.0,0.0,0.0
2015,3,6,5,B6,348,N595JB,LGB,OAK,1636,1633.0,-3.0,10.0,1643.0,78.0,75.0,61.0,353,1744.0,4.0,1754,1748.0,-6.0,0,0,,0.0,0.0,0.0,0.0,0.0,2015-03-06,0,0,0.0,0,0.0,0.0,0.0,0.0,0.0
2015,2,22,7,DL,2180,N903DE,ATL,MEM,1050,1106.0,16.0,28.0,1134.0,87.0,91.0,59.0,332,1133.0,4.0,1117,1137.0,20.0,0,0,,4.0,0.0,16.0,0.0,0.0,2015-02-22,1,1,20.0,1,20.0,0.0,80.0,0.0,0.0
2015,3,15,7,WN,3385,N742SW,ATL,LAX,2020,2034.0,14.0,11.0,2045.0,315.0,262.0,241.0,1947,2146.0,10.0,2235,2156.0,-39.0,0,0,,0.0,0.0,0.0,0.0,0.0,2015-03-15,0,0,0.0,0,0.0,0.0,0.0,0.0,0.0
2015,3,15,7,MQ,2992,N605MQ,IND,ORD,1915,1906.0,-9.0,12.0,1918.0,75.0,63.0,38.0,177,1856.0,13.0,1930,1909.0,-21.0,0,0,,0.0,0.0,0.0,0.0,0.0,2015-03-15,0,0,0.0,0,0.0,0.0,0.0,0.0,0.0
2015,2,28,6,B6,907,N805JB,BOS,STT,715,712.0,-3.0,14.0,726.0,245.0,232.0,215.0,1693,1201.0,3.0,1220,1204.0,-16.0,0,0,,0.0,0.0,0.0,0.0,0.0,2015-02-28,0,0,0.0,0,0.0,0.0,0.0,0.0,0.0
2015,2,28,6,WN,3594,N257WN,BWI,BOS,1210,1208.0,-2.0,8.0,1216.0,75.0,65.0,53.0,369,1309.0,4.0,1325,1313.0,-12.0,0,0,,0.0,0.0,0.0,0.0,0.0,2015-02-28,0,0,0.0,0,0.0,0.0,0.0,0.0,0.0
2015,3,3,2,WN,1811,N959WN,LAS,OAK,1720,1717.0,-3.0,14.0,1731.0,90.0,80.0,61.0,407,1832.0,5.0,1850,1837.0,-13.0,0,0,,0.0,0.0,0.0,0.0,0.0,2015-03-03,0,0,0.0,0,0.0,0.0,0.0,0.0,0.0
2015,2,13,5,EV,3811,N14904,ORD,ALB,901,850.0,-11.0,19.0,909.0,116.0,123.0,99.0,723,1148.0,5.0,1157,1153.0,-4.0,0,0,,0.0,0.0,0.0,0.0,0.0,2015-02-13,0,0,0.0,0,0.0,0.0,0.0,0.0,0.0
2015,2,24,2,DL,1640,N752AT,ATL,DTW,920,944.0,24.0,19.0,1003.0,119.0,114.0,88.0,594,1131.0,7.0,1119,1138.0,19.0,0,0,,0.0,0.0,0.0,19.0,0.0,2015-02-24,1,1,19.0,1,0.0,0.0,0.0,100.0,0.0
2015,3,3,2,AA,1633,N566AA,DFW,MSP,1045,1106.0,21.0,15.0,1121.0,143.0,121.0,104.0,852,1305.0,2.0,1308,1307.0,-1.0,0,0,,0.0,0.0,0.0,0.0,0.0,2015-03-03,1,0,0.0,0,0.0,0.0,0.0,0.0,0.0
2015,2,22,7,DL,799,N929AT,ATL,JAN,1730,1905.0,95.0,34.0,1939.0,85.0,103.0,62.0,341,1941.0,7.0,1755,1948.0,113.0,0,0,,18.0,0.0,95.0,0.0,0.0,2015-02-22,1,1,113.0,1,15.93,0.0,84.07,0.0,0.0
2015,3,14,6,OO,4464,N821SK,SLC,BNA,1725,1719.0,-6.0,14.0,1733.0,197.0,191.0,173.0,1404,2126.0,4.0,2142,2130.0,-12.0,0,0,,0.0,0.0,0.0,0.0,0.0,2015-03-14,0,0,0.0,0,0.0,0.0,0.0,0.0,0.0
2015,3,1,7,US,765,N762US,IAH,CLT,1355,1349.0,-6.0,11.0,1400.0,138.0,123.0,106.0,912,1646.0,6.0,1713,1652.0,-21.0,0,0,,0.0,0.0,0.0,0.0,0.0,2015-03-01,0,0,0.0,0,0.0,0.0,0.0,0.0,0.0
2015,3,8,7,US,1741,N710UW,DCA,PBI,1600,1704.0,64.0,14.0,1718.0,159.0,142.0,124.0,857,1922.0,4.0,1839,1926.0,47.0,0,0,,0.0,0.0,3.0,44.0,0.0,2015-03-08,1,1,47.0,1,0.0,0.0,6.38,93.62,0.0
2015,2,26,4,F9,1294,N928FR,DFW,CVG,1735,1721.0,-14.0,52.0,1813.0,125.0,156.0,99.0,812,2052.0,5.0,2040,2057.0,17.0,0,0,,17.0,0.0,0.0,0.0,0.0,2015-02-26,0,1,17.0,1,100.0,0.0,0.0,0.0,0.0
2015,3,2,1,B6,2416,N766JB,AUS,MCO,1640,1655.0,15.0,16.0,1711.0,144.0,145.0,125.0,994,2016.0,4.0,2004,2020.0,16.0,0,0,,1.0,0.0,7.0,8.0,0.0,2015-03-02,0,1,16.0,1,6.25,0.0,43.75,50.0,0.0
2015,2,13,5,DL,2471,N948DN,ATL,AUS,1407,1403.0,-4.0,26.0,1429.0,158.0,154.0,122.0,813,1531.0,6.0,1545,1537.0,-8.0,0,0,,0.0,0.0,0.0,0.0,0.0,2015-02-13,0,0,0.0,0,0.0,0.0,0.0,0.0,0.0
2015,2,18,3,AA,71,N3EHAA,DFW,SAN,1805,1802.0,-3.0,11.0,1813.0,186.0,170.0,157.0,1171,1850.0,2.0,1911,1852.0,-19.0,0,0,,0.0,0.0,0.0,0.0,0.0,2015-02-18,0,0,0.0,0,0.0,0.0,0.0,0.0,0.0
2015,3,1,7,EV,5346,N600QX,MSP,IAH,1130,1302.0,92.0,20.0,1322.0,175.0,181.0,150.0,1034,1552.0,11.0,1425,1603.0,98.0,0,0,,6.0,0.0,0.0,92.0,0.0,2015-03-01,1,1,98.0,1,6.12,0.0,0.0,93.88,0.0
2015,3,5,4,NK,409,N512NK,ORD,FLL,530,527.0,-3.0,12.0,539.0,181.0,185.0,166.0,1182,925.0,7.0,931,932.0,1.0,0,0,,0.0,0.0,0.0,0.0,0.0,2015-03-05,0,0,0.0,0,0.0,0.0,0.0,0.0,0.0
2015,2,15,7,WN,4573,N913WN,OAK,ONT,1815,1811.0,-4.0,8.0,1819.0,70.0,72.0,56.0,362,1915.0,8.0,1925,1923.0,-2.0,0,0,,0.0,0.0,0.0,0.0,0.0,2015-02-15,0,0,0.0,0,0.0,0.0,0.0,0.0,0.0
2015,2,16,1,AS,817,N530AS,OAK,KOA,940,930.0,-10.0,10.0,940.0,345.0,319.0,305.0,2378,1245.0,4.0,1325,1249.0,-36.0,0,0,,0.0,0.0,0.0,0.0,0.0,2015-02-16,0,0,0.0,0,0.0,0.0,0.0,0.0,0.0
2015,3,11,3,VX,933,N529VA,LAX,SFO,1530,1524.0,-6.0,13.0,1537.0,70.0,74.0,55.0,337,1632.0,6.0,1640,1638.0,-2.0,0,0,,0.0,0.0,0.0,0.0,0.0,2015-03-11,0,0,0.0,0,0.0,0.0,0.0,0.0,0.0
2015,2,25,3,WN,600,N477WN,MDW,SLC,850,854.0,4.0,18.0,912.0,215.0,205.0,179.0,1259,1111.0,8.0,1125,1119.0,-6.0,0,0,,0.0,0.0,0.0,0.0,0.0,2015-02-25,0,0,0.0,0,0.0,0.0,0.0,0.0,0.0
2015,3,22,7,WN,4287,N715SW,LAS,SNA,1740,1744.0,4.0,20.0,1804.0,60.0,66.0,42.0,226,1846.0,4.0,1840,1850.0,10.0,0,0,,0.0,0.0,0.0,0.0,0.0,2015-03-22,0,0,0.0,0,0.0,0.0,0.0,0.0,0.0
2015,3,9,1,MQ,3148,N660MQ,DFW,GCK,1225,1228.0,3.0,21.0,1249.0,86.0,89.0,58.0,404,1347.0,10.0,1351,1357.0,6.0,0,0,,0.0,0.0,0.0,0.0,0.0,2015-03-09,0,0,0.0,0,0.0,0.0,0.0,0.0,0.0
2015,3,2,1,UA,1633,N54241,DEN,GRR,1547,1549.0,2.0,11.0,1600.0,148.0,122.0,106.0,1015,1946.0,5.0,2015,1951.0,-24.0,0,0,,0.0,0.0,0.0,0.0,0.0,2015-03-02,0,0,0.0,0,0.0,0.0,0.0,0.0,0.0
2015,3,7,6,US,449,N667AW,PHX,BOI,2109,2108.0,-1.0,13.0,2121.0,132.0,124.0,107.0,735,2308.0,4.0,2321,2312.0,-9.0,0,0,,0.0,0.0,0.0,0.0,0.0,2015-03-07,0,0,0.0,0,0.0,0.0,0.0,0.0,0.0
2015,3,12,4,EV,4725,N13550,BTR,IAH,1601,1605.0,4.0,9.0,1614.0,69.0,72.0,57.0,253,1711.0,6.0,1710,1717.0,7.0,0,0,,0.0,0.0,0.0,0.0,0.0,2015-03-12,0,0,0.0,0,0.0,0.0,0.0,0.0,0.0
2015,3,15,7,WN,1550,N414WN,MDW,DAL,1310,1308.0,-2.0,6.0,1314.0,140.0,119.0,107.0,793,1501.0,6.0,1530,1507.0,-23.0,0,0,,0.0,0.0,0.0,0.0,0.0,2015-03-15,0,0,0.0,0,0.0,0.0,0.0,0.0,0.0
2015,3,9,1,EV,5066,N980EV,ATL,DHN,1728,1719.0,-9.0,13.0,1732.0,58.0,51.0,35.0,170,1707.0,3.0,1726,1710.0,-16.0,0,0,,0.0,0.0,0.0,0.0,0.0,2015-03-09,0,0,0.0,0,0.0,0.0,0.0,0.0,0.0
2015,2,19,4,OO,5163,N792SK,SUN,SFO,1405,1443.0,38.0,19.0,1502.0,118.0,123.0,98.0,587,1540.0,6.0,1503,1546.0,43.0,0,0,,5.0,0.0,0.0,38.0,0.0,2015-02-19,1,1,43.0,1,11.63,0.0,0.0,88.37,0.0
2015,3,1,7,B6,14,N561JB,LGB,JFK,2130,2225.0,55.0,9.0,2234.0,308.0,274.0,255.0,2465,549.0,10.0,538,559.0,21.0,0,0,,0.0,0.0,13.0,8.0,0.0,2015-03-01,1,1,21.0,1,0.0,0.0,61.9,38.1,0.0
2015,2,20,5,US,1930,N586UW,PDX,CLT,2225,2224.0,-1.0,12.0,2236.0,275.0,266.0,247.0,2282,543.0,7.0,600,550.0,-10.0,0,0,,0.0,0.0,0.0,0.0,0.0,2015-02-20,0,0,0.0,0,0.0,0.0,0.0,0.0,0.0
2015,2,14,6,OO,5425,N983SW,MKE,ORD,1632,1618.0,-14.0,12.0,1630.0,53.0,42.0,23.0,67,1653.0,7.0,1725,1700.0,-25.0,0,0,,0.0,0.0,0.0,0.0,0.0,2015-02-14,0,0,0.0,0,0.0,0.0,0.0,0.0,0.0
2015,2,13,5,AS,127,N577AS,SEA,FAI,2310,2306.0,-4.0,12.0,2318.0,245.0,211.0,195.0,1533,133.0,4.0,215,137.0,-38.0,0,0,,0.0,0.0,0.0,0.0,0.0,2015-02-13,0,0,0.0,0,0.0,0.0,0.0,0.0,0.0
2015,2,25,3,WN,1051,N466WN,MDW,SAT,900,905.0,5.0,14.0,919.0,185.0,165.0,147.0,1036,1146.0,4.0,1205,1150.0,-15.0,0,0,,0.0,0.0,0.0,0.0,0.0,2015-02-25,0,0,0.0,0,0.0,0.0,0.0,0.0,0.0
2015,3,7,6,WN,2538,N723SW,MDW,ALB,2005,2010.0,5.0,10.0,2020.0,105.0,99.0,84.0,717,2244.0,5.0,2250,2249.0,-1.0,0,0,,0.0,0.0,0.0,0.0,0.0,2015-03-07,0,0,0.0,0,0.0,0.0,0.0,0.0,0.0
2015,3,12,4,OO,4833,N633SK,OAK,LAX,930,1049.0,79.0,26.0,1115.0,85.0,86.0,51.0,337,1206.0,9.0,1055,1215.0,80.0,0,0,,1.0,0.0,0.0,79.0,0.0,2015-03-12,1,1,80.0,1,1.25,0.0,0.0,98.75,0.0
2015,3,21,6,WN,2301,N742SW,BNA,RSW,1640,1634.0,-6.0,9.0,1643.0,115.0,111.0,98.0,722,1921.0,4.0,1935,1925.0,-10.0,0,0,,0.0,0.0,0.0,0.0,0.0,2015-03-21,0,0,0.0,0,0.0,0.0,0.0,0.0,0.0
2015,2,22,7,AS,452,N558AS,SEA,LAX,1110,1105.0,-5.0,14.0,1119.0,152.0,146.0,124.0,954,1323.0,8.0,1342,1331.0,-11.0,0,0,,0.0,0.0,0.0,0.0,0.0,2015-02-22,0,0,0.0,0,0.0,0.0,0.0,0.0,0.0
2015,2,28,6,EV,3957,N13566,ORD,ALB,901,857.0,-4.0,12.0,909.0,116.0,107.0,89.0,723,1138.0,6.0,1157,1144.0,-13.0,0,0,,0.0,0.0,0.0,0.0,0.0,2015-02-28,0,0,0.0,0,0.0,0.0,0.0,0.0,0.0
2015,2,13,5,US,2158,N954UW,BOS,LGA,1000,1046.0,46.0,16.0,1102.0,82.0,67.0,44.0,184,1146.0,7.0,1122,1153.0,31.0,0,0,,0.0,0.0,29.0,2.0,0.0,2015-02-13,1,1,31.0,1,0.0,0.0,93.55,6.45,0.0
2015,3,23,1,DL,1618,N686DA,MCO,ATL,730,729.0,-1.0,14.0,743.0,99.0,99.0,74.0,404,857.0,11.0,909,908.0,-1.0,0,0,,0.0,0.0,0.0,0.0,0.0,2015-03-23,0,0,0.0,0,0.0,0.0,0.0,0.0,0.0
2015,3,20,5,DL,472,N156DL,JFK,LAX,815,1007.0,112.0,36.0,1043.0,387.0,389.0,338.0,2475,1321.0,15.0,1142,1336.0,114.0,0,0,,2.0,0.0,0.0,0.0,112.0,2015-03-20,1,1,114.0,1,1.75,0.0,0.0,0.0,98.25
2015,3,20,5,AA,387,N4YAAA,AUS,LAX,1220,1347.0,87.0,12.0,1359.0,208.0,191.0,168.0,1242,1447.0,11.0,1348,1458.0,70.0,0,0,,0.0,0.0,1.0,69.0,0.0,2015-03-20,1,1,70.0,1,0.0,0.0,1.43,98.57,0.0
2015,2,19,4,MQ,3526,N534MQ,LGA,CMH,1720,1733.0,13.0,34.0,1807.0,116.0,114.0,74.0,479,1921.0,6.0,1916,1927.0,11.0,0,0,,0.0,0.0,0.0,0.0,0.0,2015-02-19,0,0,0.0,0,0.0,0.0,0.0,0.0,0.0
2015,3,14,6,WN,1492,N787SA,MDW,BNA,645,639.0,-6.0,8.0,647.0,85.0,76.0,59.0,395,746.0,9.0,810,755.0,-15.0,0,0,,0.0,0.0,0.0,0.0,0.0,2015-03-14,0,0,0.0,0,0.0,0.0,0.0,0.0,0.0
2015,2,19,4,UA,1546,N77066,IAH,EWR,1605,1648.0,43.0,22.0,1710.0,204.0,215.0,179.0,1400,2109.0,14.0,2029,2123.0,54.0,0,0,,11.0,0.0,43.0,0.0,0.0,2015-02-19,1,1,54.0,1,20.37,0.0,79.63,0.0,0.0
2015,2,19,4,MQ,3623,N657MQ,DFW,CRP,2100,2123.0,23.0,10.0,2133.0,74.0,70.0,56.0,354,2229.0,4.0,2214,2233.0,19.0,0,0,,0.0,0.0,0.0,19.0,0.0,2015-02-19,1,1,19.0,1,0.0,0.0,0.0,100.0,0.0
2015,3,15,7,UA,1079,N76508,LAS,SFO,700,656.0,-4.0,20.0,716.0,95.0,90.0,65.0,414,821.0,5.0,835,826.0,-9.0,0,0,,0.0,0.0,0.0,0.0,0.0,2015-03-15,0,0,0.0,0,0.0,0.0,0.0,0.0,0.0
2015,3,15,7,WN,4206,N645SW,BWI,BDL,1645,1646.0,1.0,12.0,1658.0,65.0,68.0,51.0,283,1749.0,5.0,1750,1754.0,4.0,0,0,,0.0,0.0,0.0,0.0,0.0,2015-03-15,0,0,0.0,0,0.0,0.0,0.0,0.0,0.0
2015,3,15,7,B6,178,N635JB,LAS,BOS,1352,1441.0,49.0,15.0,1456.0,300.0,314.0,290.0,2381,2246.0,9.0,2152,2255.0,63.0,0,0,,63.0,0.0,0.0,0.0,0.0,2015-03-15,1,1,63.0,1,100.0,0.0,0.0,0.0,0.0
2015,3,10,2,WN,2464,N497WN,ISP,FLL,605,558.0,-7.0,19.0,617.0,185.0,181.0,157.0,1092,854.0,5.0,910,859.0,-11.0,0,0,,0.0,0.0,0.0,0.0,0.0,2015-03-10,0,0,0.0,0,0.0,0.0,0.0,0.0,0.0
2015,3,22,7,VX,917,N528VA,LAS,SFO,2030,2022.0,-8.0,14.0,2036.0,95.0,100.0,80.0,414,2156.0,6.0,2205,2202.0,-3.0,0,0,,0.0,0.0,0.0,0.0,0.0,2015-03-22,0,0,0.0,0,0.0,0.0,0.0,0.0,0.0
2015,2,18,3,WN,278,N7749B,DCA,DAL,2050,2041.0,-9.0,11.0,2052.0,225.0,186.0,168.0,1184,2240.0,7.0,2335,2247.0,-48.0,0,0,,0.0,0.0,0.0,0.0,0.0,2015-02-18,0,0,0.0,0,0.0,0.0,0.0,0.0,0.0
2015,3,10,2,OO,5176,N764SK,ASE,LAX,1330,1436.0,66.0,17.0,1453.0,131.0,125.0,96.0,737,1529.0,12.0,1441,1541.0,60.0,0,0,,0.0,0.0,51.0,9.0,0.0,2015-03-10,1,1,60.0,1,0.0,0.0,85.0,15.0,0.0
2015,2,16,1,WN,267,N8322X,PHX,SAN,1940,1942.0,2.0,8.0,1950.0,65.0,58.0,46.0,304,1936.0,4.0,1945,1940.0,-5.0,0,0,,0.0,0.0,0.0,0.0,0.0,2015-02-16,0,0,0.0,0,0.0,0.0,0.0,0.0,0.0
2015,3,17,2,US,2068,N578UW,CLT,LGA,1425,1506.0,41.0,50.0,1556.0,102.0,135.0,80.0,544,1716.0,5.0,1607,1721.0,74.0,0,0,,74.0,0.0,0.0,0.0,0.0,2015-03-17,1,1,74.0,1,100.0,0.0,0.0,0.0,0.0
2015,2,28,6,UA,1249,N68452,KOA,SFO,2315,2321.0,6.0,13.0,2334.0,309.0,308.0,288.0,2367,622.0,7.0,624,629.0,5.0,0,0,,0.0,0.0,0.0,0.0,0.0,2015-02-28,0,0,0.0,0,0.0,0.0,0.0,0.0,0.0
2015,3,3,2,WN,550,N767SW,SAN,HOU,825,822.0,-3.0,9.0,831.0,175.0,168.0,154.0,1313,1305.0,5.0,1320,1310.0,-10.0,0,0,,0.0,0.0,0.0,0.0,0.0,2015-03-03,0,0,0.0,0,0.0,0.0,0.0,0.0,0.0
2015,3,12,4,DL,2044,N998AT,ATL,DSM,1009,1005.0,-4.0,20.0,1025.0,131.0,125.0,102.0,743,1107.0,3.0,1120,1110.0,-10.0,0,0,,0.0,0.0,0.0,0.0,0.0,2015-03-12,0,0,0.0,0,0.0,0.0,0.0,0.0,0.0
2015,3,15,7,F9,788,N214FR,PDX,DEN,1020,1107.0,47.0,8.0,1115.0,146.0,130.0,115.0,991,1410.0,7.0,1346,1417.0,31.0,0,0,,31.0,0.0,0.0,0.0,0.0,2015-03-15,1,1,31.0,1,100.0,0.0,0.0,0.0,0.0
2015,3,6,5,US,2065,N122US,CLT,IAH,1120,1141.0,21.0,20.0,1201.0,169.0,178.0,142.0,912,1323.0,16.0,1309,1339.0,30.0,0,0,,9.0,0.0,21.0,0.0,0.0,2015-03-06,1,1,30.0,1,30.0,0.0,70.0,0.0,0.0
2015,3,17,2,VX,84,N622VA,SAN,SFO,700,701.0,1.0,14.0,715.0,89.0,82.0,63.0,447,818.0,5.0,829,823.0,-6.0,0,0,,0.0,0.0,0.0,0.0,0.0,2015-03-17,0,0,0.0,0,0.0,0.0,0.0,0.0,0.0
2015,2,17,2,EV,3948,N15910,LAN,ORD,1853,1939.0,46.0,15.0,1954.0,68.0,64.0,39.0,179,1933.0,10.0,1901,1943.0,42.0,0,0,,0.0,0.0,0.0,42.0,0.0,2015-02-17,1,1,42.0,1,0.0,0.0,0.0,100.0,0.0
2015,3,3,2,UA,362,N544UA,LIH,SFO,1411,1403.0,-8.0,10.0,1413.0,310.0,301.0,288.0,2447,2101.0,3.0,2121,2104.0,-17.0,0,0,,0.0,0.0,0.0,0.0,0.0,2015-03-03,0,0,0.0,0,0.0,0.0,0.0,0.0,0.0
2015,2,17,2,AA,2311,N3KXAA,DFW,SEA,1235,1236.0,1.0,17.0,1253.0,264.0,261.0,238.0,1660,1451.0,6.0,1459,1457.0,-2.0,0,0,,0.0,0.0,0.0,0.0,0.0,2015-02-17,0,0,0.0,0,0.0,0.0,0.0,0.0,0.0
2015,3,13,5,UA,686,N491UA,MSP,ORD,622,616.0,-6.0,18.0,634.0,99.0,81.0,53.0,334,727.0,10.0,801,737.0,-24.0,0,0,,0.0,0.0,0.0,0.0,0.0,2015-03-13,0,0,0.0,0,0.0,0.0,0.0,0.0,0.0
2015,2,26,4,MQ,2948,N514MQ,AMA,DFW,1958,1958.0,0.0,12.0,2010.0,72.0,70.0,46.0,312,2056.0,12.0,2110,2108.0,-2.0,0,0,,0.0,0.0,0.0,0.0,0.0,2015-02-26,0,0,0.0,0,0.0,0.0,0.0,0.0,0.0
2015,2,14,6,EV,3848,N12142,IAH,COS,907,905.0,-2.0,13.0,918.0,150.0,146.0,126.0,809,1024.0,7.0,1037,1031.0,-6.0,0,0,,0.0,0.0,0.0,0.0,0.0,2015-02-14,0,0,0.0,0,0.0,0.0,0.0,0.0,0.0
2015,3,19,4,WN,406,N786SW,MCI,MDW,1700,1701.0,1.0,11.0,1712.0,80.0,72.0,58.0,405,1810.0,3.0,1820,1813.0,-7.0,0,0,,0.0,0.0,0.0,0.0,0.0,2015-03-19,0,0,0.0,0,0.0,0.0,0.0,0.0,0.0
2015,2,13,5,EV,5806,N11544,IAD,ROC,1237,1234.0,-3.0,19.0,1253.0,77.0,77.0,51.0,288,1344.0,7.0,1354,1351.0,-3.0,0,0,,0.0,0.0,0.0,0.0,0.0,2015-02-13,0,0,0.0,0,0.0,0.0,0.0,0.0,0.0
2015,2,16,1,DL,2206,N954DL,ATL,ORF,1400,1420.0,20.0,10.0,1430.0,96.0,82.0,68.0,516,1538.0,4.0,1536,1542.0,6.0,0,0,,0.0,0.0,0.0,0.0,0.0,2015-02-16,1,0,0.0,0,0.0,0.0,0.0,0.0,0.0
2015,3,12,4,UA,1263,N57870,KOA,SFO,1250,1252.0,2.0,10.0,1302.0,303.0,263.0,246.0,2367,2008.0,7.0,2053,2015.0,-38.0,0,0,,0.0,0.0,0.0,0.0,0.0,2015-03-12,0,0,0.0,0,0.0,0.0,0.0,0.0,0.0
2015,3,7,6,WN,3163,N223WN,PHX,MSP,1835,1916.0,41.0,9.0,1925.0,180.0,165.0,152.0,1276,2257.0,4.0,2235,2301.0,26.0,0,0,,0.0,0.0,26.0,0.0,0.0,2015-03-07,1,1,26.0,1,0.0,0.0,100.0,0.0,0.0
2015,3,5,4,EV,5673,N12563,ORD,LNK,1535,1529.0,-6.0,12.0,1541.0,103.0,86.0,70.0,466,1651.0,4.0,1718,1655.0,-23.0,0,0,,0.0,0.0,0.0,0.0,0.0,2015-03-05,0,0,0.0,0,0.0,0.0,0.0,0.0,0.0
2015,2,17,2,WN,377,N8638A,LAS,BWI,1610,1613.0,3.0,10.0,1623.0,260.0,259.0,239.0,2106,2322.0,10.0,2330,2332.0,2.0,0,0,,0.0,0.0,0.0,0.0,0.0,2015-02-17,0,0,0.0,0,0.0,0.0,0.0,0.0,0.0
2015,3,6,5,AS,505,N548AS,SNA,SEA,2015,2005.0,-10.0,11.0,2016.0,159.0,159.0,140.0,978,2236.0,8.0,2254,2244.0,-10.0,0,0,,0.0,0.0,0.0,0.0,0.0,2015-03-06,0,0,0.0,0,0.0,0.0,0.0,0.0,0.0
2015,3,19,4,MQ,3093,N693MQ,ORD,TUL,900,938.0,38.0,27.0,1005.0,119.0,132.0,100.0,585,1145.0,5.0,1059,1150.0,51.0,0,0,,13.0,0.0,30.0,8.0,0.0,2015-03-19,1,1,51.0,1,25.49,0.0,58.82,15.69,0.0
2015,2,22,7,B6,261,N564JB,BOS,SJU,2120,2115.0,-5.0,14.0,2129.0,237.0,220.0,203.0,1674,152.0,3.0,217,155.0,-22.0,0,0,,0.0,0.0,0.0,0.0,0.0,2015-02-22,0,0,0.0,0,0.0,0.0,0.0,0.0,0.0
2015,3,14,6,OO,6508,N930EV,PDX,SFO,1802,1754.0,-8.0,10.0,1804.0,110.0,108.0,93.0,550,1937.0,5.0,1952,1942.0,-10.0,0,0,,0.0,0.0,0.0,0.0,0.0,2015-03-14,0,0,0.0,0,0.0,0.0,0.0,0.0,0.0
2015,3,13,5,OO,4455,N625CA,LAX,BOI,2005,2003.0,-2.0,21.0,2024.0,131.0,134.0,109.0,674,2313.0,4.0,2316,2317.0,1.0,0,0,,0.0,0.0,0.0,0.0,0.0,2015-03-13,0,0,0.0,0,0.0,0.0,0.0,0.0,0.0
2015,2,14,6,MQ,3276,N542MQ,CID,ORD,643,642.0,-1.0,10.0,652.0,72.0,96.0,42.0,196,734.0,44.0,755,818.0,23.0,0,0,,23.0,0.0,0.0,0.0,0.0,2015-02-14,0,1,23.0,1,100.0,0.0,0.0,0.0,0.0
2015,2,26,4,WN,974,N7713A,SAN,SEA,720,716.0,-4.0,11.0,727.0,180.0,192.0,175.0,1050,1022.0,6.0,1020,1028.0,8.0,0,0,,0.0,0.0,0.0,0.0,0.0,2015-02-26,0,0,0.0,0,0.0,0.0,0.0,0.0,0.0
2015,3,7,6,AS,127,N467AS,SEA,FAI,2310,2308.0,-2.0,9.0,2317.0,305.0,281.0,267.0,1533,244.0,5.0,315,249.0,-26.0,0,0,,0.0,0.0,0.0,0.0,0.0,2015-03-07,0,0,0.0,0,0.0,0.0,0.0,0.0,0.0
2015,2,28,6,WN,2903,N932WN,JAX,ATL,1310,1309.0,-1.0,18.0,1327.0,70.0,73.0,49.0,270,1416.0,6.0,1420,1422.0,2.0,0,0,,0.0,0.0,0.0,0.0,0.0,2015-02-28,0,0,0.0,0,0.0,0.0,0.0,0.0,0.0
2015,3,22,7,US,699,N749US,LAX,RDU,815,807.0,-8.0,27.0,834.0,280.0,280.0,249.0,2239,1543.0,4.0,1555,1547.0,-8.0,0,0,,0.0,0.0,0.0,0.0,0.0,2015-03-22,0,0,0.0,0,0.0,0.0,0.0,0.0,0.0
2015,3,6,5,B6,1717,N599JB,LGA,TPA,705,743.0,38.0,53.0,836.0,176.0,225.0,166.0,1010,1122.0,6.0,1001,1128.0,87.0,0,0,,49.0,0.0,38.0,0.0,0.0,2015-03-06,1,1,87.0,1,56.32,0.0,43.68,0.0,0.0
2015,3,6,5,B6,190,N562JB,SAN,JFK,1330,1601.0,151.0,14.0,1615.0,320.0,304.0,285.0,2446,2400.0,5.0,2150,5.0,135.0,0,0,,0.0,0.0,13.0,122.0,0.0,2015-03-06,1,1,135.0,1,0.0,0.0,9.63,90.37,0.0
2015,3,9,1,DL,839,N323US,DCA,ATL,600,557.0,-3.0,20.0,617.0,111.0,120.0,92.0,547,749.0,8.0,751,757.0,6.0,0,0,,0.0,0.0,0.0,0.0,0.0,2015-03-09,0,0,0.0,0,0.0,0.0,0.0,0.0,0.0
2015,2,19,4,WN,1271,N220WN,STL,MSP,1240,1245.0,5.0,8.0,1253.0,90.0,93.0,79.0,448,1412.0,6.0,1410,1418.0,8.0,0,0,,0.0,0.0,0.0,0.0,0.0,2015-02-19,0,0,0.0,0,0.0,0.0,0.0,0.0,0.0
2015,3,22,7,EV,2554,N685AE,VPS,DFW,1510,1503.0,-7.0,14.0,1517.0,140.0,140.0,112.0,641,1709.0,14.0,1730,1723.0,-7.0,0,0,,0.0,0.0,0.0,0.0,0.0,2015-03-22,0,0,0.0,0,0.0,0.0,0.0,0.0,0.0
2015,3,17,2,VX,491,N527VA,LAS,LAX,1920,1919.0,-1.0,13.0,1932.0,70.0,64.0,43.0,236,2015.0,8.0,2030,2023.0,-7.0,0,0,,0.0,0.0,0.0,0.0,0.0,2015-03-17,0,0,0.0,0,0.0,0.0,0.0,0.0,0.0
2015,3,21,6,EV,4113,N14916,EWR,IND,1656,1732.0,36.0,15.0,1747.0,141.0,125.0,105.0,645,1932.0,5.0,1917,1937.0,20.0,0,0,,0.0,0.0,20.0,0.0,0.0,2015-03-21,1,1,20.0,1,0.0,0.0,100.0,0.0,0.0
2015,2,15,7,DL,2473,N910DE,ATL,BUF,2050,2045.0,-5.0,18.0,2103.0,126.0,129.0,102.0,712,2245.0,9.0,2256,2254.0,-2.0,0,0,,0.0,0.0,0.0,0.0,0.0,2015-02-15,0,0,0.0,0,0.0,0.0,0.0,0.0,0.0
2015,2,20,5,OO,5454,N560SW,SFO,SMF,1045,1039.0,-6.0,20.0,1059.0,47.0,46.0,22.0,86,1121.0,4.0,1132,1125.0,-7.0,0,0,,0.0,0.0,0.0,0.0,0.0,2015-02-20,0,0,0.0,0,0.0,0.0,0.0,0.0,0.0
2015,3,2,1,AS,789,N548AS,MSY,SEA,1825,1829.0,4.0,21.0,1850.0,302.0,320.0,290.0,2086,2140.0,9.0,2127,2149.0,22.0,0,0,,22.0,0.0,0.0,0.0,0.0,2015-03-02,0,1,22.0,1,100.0,0.0,0.0,0.0,0.0
2015,3,6,5,UA,523,N428UA,DFW,DEN,1306,1301.0,-5.0,23.0,1324.0,130.0,128.0,99.0,641,1403.0,6.0,1416,1409.0,-7.0,0,0,,0.0,0.0,0.0,0.0,0.0,2015-03-06,0,0,0.0,0,0.0,0.0,0.0,0.0,0.0
2015,3,3,2,OO,4744,N910EV,SLC,RAP,944,942.0,-2.0,38.0,1020.0,101.0,119.0,66.0,508,1126.0,15.0,1125,1141.0,16.0,0,0,,16.0,0.0,0.0,0.0,0.0,2015-03-03,0,1,16.0,1,100.0,0.0,0.0,0.0,0.0
2015,2,26,4,AS,637,N315AS,PHX,SEA,800,754.0,-6.0,8.0,802.0,180.0,185.0,168.0,1107,950.0,9.0,1000,959.0,-1.0,0,0,,0.0,0.0,0.0,0.0,0.0,2015-02-26,0,0,0.0,0,0.0,0.0,0.0,0.0,0.0
2015,3,2,1,WN,871,N8612K,SJC,PHX,635,635.0,0.0,10.0,645.0,110.0,111.0,95.0,621,920.0,6.0,925,926.0,1.0,0,0,,0.0,0.0,0.0,0.0,0.0,2015-03-02,0,0,0.0,0,0.0,0.0,0.0,0.0,0.0
2015,3,24,2,DL,2330,N904DE,CAK,ATL,730,723.0,-7.0,21.0,744.0,112.0,110.0,81.0,528,905.0,8.0,922,913.0,-9.0,0,0,,0.0,0.0,0.0,0.0,0.0,2015-03-24,0,0,0.0,0,0.0,0.0,0.0,0.0,0.0
2015,2,20,5,OO,6436,N943SW,PDX,SFO,1845,1833.0,-12.0,13.0,1846.0,110.0,97.0,79.0,550,2005.0,5.0,2035,2010.0,-25.0,0,0,,0.0,0.0,0.0,0.0,0.0,2015-02-20,0,0,0.0,0,0.0,0.0,0.0,0.0,0.0
2015,3,4,3,WN,555,N7728D,OMA,DEN,1945,1950.0,5.0,7.0,1957.0,105.0,86.0,73.0,472,2010.0,6.0,2030,2016.0,-14.0,0,0,,0.0,0.0,0.0,0.0,0.0,2015-03-04,0,0,0.0,0,0.0,0.0,0.0,0.0,0.0
2015,2,13,5,OO,6522,N795SK,PHX,LAX,1904,1917.0,13.0,16.0,1933.0,86.0,83.0,57.0,370,1930.0,10.0,1930,1940.0,10.0,0,0,,0.0,0.0,0.0,0.0,0.0,2015-02-13,0,0,0.0,0,0.0,0.0,0.0,0.0,0.0
2015,2,15,7,VX,784,N625VA,SEA,LAX,805,811.0,6.0,9.0,820.0,155.0,135.0,119.0,954,1019.0,7.0,1040,1026.0,-14.0,0,0,,0.0,0.0,0.0,0.0,0.0,2015-02-15,0,0,0.0,0,0.0,0.0,0.0,0.0,0.0
2015,3,10,2,WN,167,N256WN,PHX,PIT,1105,1105.0,0.0,8.0,1113.0,225.0,219.0,207.0,1814,1740.0,4.0,1750,1744.0,-6.0,0,0,,0.0,0.0,0.0,0.0,0.0,2015-03-10,0,0,0.0,0,0.0,0.0,0.0,0.0,0.0
2015,2,14,6,EV,3947,N13913,MSN,ORD,1112,1136.0,24.0,21.0,1157.0,61.0,66.0,36.0,108,1233.0,9.0,1213,1242.0,29.0,0,0,,5.0,0.0,5.0,7.0,12.0,2015-02-14,1,1,29.0,1,17.24,0.0,17.24,24.14,41.38
2015,3,24,2,AA,1069,N3EDAA,DFW,DEN,2235,2229.0,-6.0,15.0,2244.0,118.0,117.0,95.0,641,2319.0,7.0,2333,2326.0,-7.0,0,0,,0.0,0.0,0.0,0.0,0.0,2015-03-24,0,0,0.0,0,0.0,0.0,0.0,0.0,0.0
2015,2,19,4,US,438,N831AW,IAH,PHX,550,548.0,-2.0,18.0,606.0,176.0,188.0,162.0,1009,748.0,8.0,746,756.0,10.0,0,0,,0.0,0.0,0.0,0.0,0.0,2015-02-19,0,0,0.0,0,0.0,0.0,0.0,0.0,0.0
2015,3,2,1,AS,584,N609AS,PDX,SNA,1530,1619.0,49.0,10.0,1629.0,135.0,131.0,116.0,859,1825.0,5.0,1745,1830.0,45.0,0,0,,0.0,0.0,0.0,45.0,0.0,2015-03-02,1,1,45.0,1,0.0,0.0,0.0,100.0,0.0
2015,2,17,2,AA,1018,N3FEAA,MIA,PHX,920,917.0,-3.0,14.0,931.0,327.0,311.0,293.0,1972,1224.0,4.0,1247,1228.0,-19.0,0,0,,0.0,0.0,0.0,0.0,0.0,2015-02-17,0,0,0.0,0,0.0,0.0,0.0,0.0,0.0
2015,2,21,6,MQ,3246,N657MQ,DFW,CVG,1615,1613.0,-2.0,17.0,1630.0,129.0,136.0,102.0,812,1912.0,17.0,1924,1929.0,5.0,0,0,,0.0,0.0,0.0,0.0,0.0,2015-02-21,0,0,0.0,0,0.0,0.0,0.0,0.0,0.0
2015,3,7,6,US,436,N816AW,PHX,CMH,1945,1943.0,-2.0,19.0,2002.0,218.0,219.0,188.0,1670,110.0,12.0,123,122.0,-1.0,0,0,,0.0,0.0,0.0,0.0,0.0,2015-03-07,0,0,0.0,0,0.0,0.0,0.0,0.0,0.0
2015,3,15,7,AS,715,N767AS,SLC,PDX,1850,2240.0,230.0,14.0,2254.0,114.0,109.0,91.0,630,2325.0,4.0,1944,2329.0,225.0,0,0,,0.0,0.0,0.0,225.0,0.0,2015-03-15,1,1,225.0,1,0.0,0.0,0.0,100.0,0.0
2015,3,9,1,OO,2896,N866AS,TUS,LAX,615,603.0,-12.0,17.0,620.0,101.0,116.0,76.0,451,736.0,23.0,756,759.0,3.0,0,0,,0.0,0.0,0.0,0.0,0.0,2015-03-09,0,0,0.0,0,0.0,0.0,0.0,0.0,0.0
2015,2,23,1,UA,1436,N69810,BWI,DEN,725,734.0,9.0,8.0,742.0,255.0,256.0,237.0,1491,939.0,11.0,940,950.0,10.0,0,0,,0.0,0.0,0.0,0.0,0.0,2015-02-23,0,0,0.0,0,0.0,0.0,0.0,0.0,0.0
2015,2,19,4,OO,5510,N765SK,DEN,OKC,1730,1942.0,132.0,13.0,1955.0,95.0,83.0,64.0,495,2159.0,6.0,2005,2205.0,120.0,0,0,,0.0,0.0,0.0,120.0,0.0,2015-02-19,1,1,120.0,1,0.0,0.0,0.0,100.0,0.0
2015,3,5,4,AA,1480,N3CUAA,CLT,JFK,1850,2319.0,269.0,16.0,2335.0,106.0,145.0,120.0,541,135.0,9.0,2036,144.0,308.0,0,0,,308.0,0.0,0.0,0.0,0.0,2015-03-05,1,1,308.0,1,100.0,0.0,0.0,0.0,0.0
2015,2,22,7,OO,4854,N8933B,TUL,MSP,1643,1641.0,-2.0,12.0,1653.0,122.0,111.0,88.0,615,1821.0,11.0,1845,1832.0,-13.0,0,0,,0.0,0.0,0.0,0.0,0.0,2015-02-22,0,0,0.0,0,0.0,0.0,0.0,0.0,0.0
2015,3,21,6,AA,330,N3CSAA,PBI,ORD,600,555.0,-5.0,10.0,605.0,197.0,193.0,174.0,1144,759.0,9.0,817,808.0,-9.0,0,0,,0.0,0.0,0.0,0.0,0.0,2015-03-21,0,0,0.0,0,0.0,0.0,0.0,0.0,0.0
2015,3,22,7,B6,578,N652JB,SFO,FLL,1428,1451.0,23.0,16.0,1507.0,316.0,316.0,294.0,2583,2301.0,6.0,2244,2307.0,23.0,0,0,,0.0,0.0,0.0,23.0,0.0,2015-03-22,1,1,23.0,1,0.0,0.0,0.0,100.0,0.0
2015,3,5,4,DL,2425,N323US,ATL,MSY,1255,1413.0,78.0,22.0,1435.0,94.0,114.0,86.0,425,1501.0,6.0,1329,1507.0,98.0,0,0,,20.0,0.0,0.0,78.0,0.0,2015-03-05,1,1,98.0,1,20.41,0.0,0.0,79.59,0.0
2015,3,6,5,DL,755,N954DL,CMH,ATL,1511,1507.0,-4.0,9.0,1516.0,99.0,85.0,71.0,447,1627.0,5.0,1650,1632.0,-18.0,0,0,,0.0,0.0,0.0,0.0,0.0,2015-03-06,0,0,0.0,0,0.0,0.0,0.0,0.0,0.0
2015,3,25,3,AS,346,N457AS,SEA,OAK,1025,1023.0,-2.0,15.0,1038.0,123.0,113.0,93.0,671,1211.0,5.0,1228,1216.0,-12.0,0,0,,0.0,0.0,0.0,0.0,0.0,2015-03-25,0,0,0.0,0,0.0,0.0,0.0,0.0,0.0
2015,2,13,5,WN,2238,N215WN,STL,BOS,1950,2112.0,82.0,10.0,2122.0,150.0,145.0,126.0,1047,28.0,9.0,2320,37.0,77.0,0,0,,0.0,0.0,0.0,77.0,0.0,2015-02-13,1,1,77.0,1,0.0,0.0,0.0,100.0,0.0
2015,2,24,2,WN,4881,N799SW,IND,ATL,1625,1637.0,12.0,10.0,1647.0,100.0,84.0,67.0,432,1754.0,7.0,1805,1801.0,-4.0,0,0,,0.0,0.0,0.0,0.0,0.0,2015-02-24,0,0,0.0,0,0.0,0.0,0.0,0.0,0.0
2015,2,23,1,B6,729,N784JB,MCO,BQN,2325,2321.0,-4.0,12.0,2333.0,163.0,143.0,127.0,1129,240.0,4.0,308,244.0,-24.0,0,0,,0.0,0.0,0.0,0.0,0.0,2015-02-23,0,0,0.0,0,0.0,0.0,0.0,0.0,0.0
2015,3,4,3,UA,769,N451UA,ROC,ORD,714,717.0,3.0,30.0,747.0,128.0,143.0,104.0,528,831.0,9.0,822,840.0,18.0,0,0,,18.0,0.0,0.0,0.0,0.0,2015-03-04,0,1,18.0,1,100.0,0.0,0.0,0.0,0.0
2015,3,17,2,AA,1203,N4YCAA,DFW,ABQ,1845,1839.0,-6.0,15.0,1854.0,113.0,100.0,77.0,569,1911.0,8.0,1938,1919.0,-19.0,0,0,,0.0,0.0,0.0,0.0,0.0,2015-03-17,0,0,0.0,0,0.0,0.0,0.0,0.0,0.0
2015,3,11,3,WN,584,N500WR,DEN,SLC,1245,1240.0,-5.0,10.0,1250.0,85.0,79.0,63.0,391,1353.0,6.0,1410,1359.0,-11.0,0,0,,0.0,0.0,0.0,0.0,0.0,2015-03-11,0,0,0.0,0,0.0,0.0,0.0,0.0,0.0
2015,3,7,6,MQ,3063,N827MQ,HPN,ORD,1026,1023.0,-3.0,18.0,1041.0,164.0,153.0,126.0,738,1147.0,9.0,1210,1156.0,-14.0,0,0,,0.0,0.0,0.0,0.0,0.0,2015-03-07,0,0,0.0,0,0.0,0.0,0.0,0.0,0.0
2015,2,24,2,DL,1068,N552NW,ATL,RSW,940,936.0,-4.0,20.0,956.0,105.0,99.0,76.0,515,1112.0,3.0,1125,1115.0,-10.0,0,0,,0.0,0.0,0.0,0.0,0.0,2015-02-24,0,0,0.0,0,0.0,0.0,0.0,0.0,0.0
2015,2,16,1,OO,4685,N800SK,SAT,DTW,1700,1849.0,109.0,12.0,1901.0,173.0,149.0,128.0,1214,2209.0,9.0,2053,2218.0,85.0,0,0,,0.0,0.0,0.0,85.0,0.0,2015-02-16,1,1,85.0,1,0.0,0.0,0.0,100.0,0.0
2015,3,11,3,OO,5626,N755SK,MEM,DEN,845,845.0,0.0,35.0,920.0,162.0,167.0,123.0,872,1023.0,9.0,1027,1032.0,5.0,0,0,,0.0,0.0,0.0,0.0,0.0,2015-03-11,0,0,0.0,0,0.0,0.0,0.0,0.0,0.0
2015,2,20,5,MQ,3240,N656MQ,DFW,PIA,1520,1529.0,9.0,10.0,1539.0,111.0,103.0,91.0,672,1710.0,2.0,1711,1712.0,1.0,0,0,,0.0,0.0,0.0,0.0,0.0,2015-02-20,0,0,0.0,0,0.0,0.0,0.0,0.0,0.0
2015,3,6,5,EV,4901,N981EV,EVV,DTW,1045,1035.0,-10.0,7.0,1042.0,85.0,69.0,57.0,363,1239.0,5.0,1310,1244.0,-26.0,0,0,,0.0,0.0,0.0,0.0,0.0,2015-03-06,0,0,0.0,0,0.0,0.0,0.0,0.0,0.0
2015,2,22,7,MQ,3604,N643MQ,DFW,SGF,1750,2037.0,167.0,27.0,2104.0,76.0,82.0,49.0,364,2153.0,6.0,1906,2159.0,173.0,0,0,,6.0,0.0,0.0,104.0,63.0,2015-02-22,1,1,173.0,1,3.47,0.0,0.0,60.12,36.42
2015,3,21,6,AA,1052,N3FUAA,MIA,TPA,1610,1604.0,-6.0,11.0,1615.0,64.0,54.0,39.0,204,1654.0,4.0,1714,1658.0,-16.0,0,0,,0.0,0.0,0.0,0.0,0.0,2015-03-21,0,0,0.0,0,0.0,0.0,0.0,0.0,0.0
2015,3,17,2,OO,4829,N437SW,LSE,MSP,1125,1120.0,-5.0,22.0,1142.0,59.0,57.0,30.0,119,1212.0,5.0,1224,1217.0,-7.0,0,0,,0.0,0.0,0.0,0.0,0.0,2015-03-17,0,0,0.0,0,0.0,0.0,0.0,0.0,0.0
2015,3,9,1,UA,698,N437UA,PDX,SFO,1328,1321.0,-7.0,12.0,1333.0,110.0,98.0,81.0,550,1454.0,5.0,1518,1459.0,-19.0,0,0,,0.0,0.0,0.0,0.0,0.0,2015-03-09,0,0,0.0,0,0.0,0.0,0.0,0.0,0.0
2015,3,11,3,MQ,3495,N610MQ,DFW,MSN,1605,1630.0,25.0,12.0,1642.0,132.0,120.0,104.0,821,1826.0,4.0,1817,1830.0,13.0,0,0,,0.0,0.0,0.0,0.0,0.0,2015-03-11,1,0,0.0,0,0.0,0.0,0.0,0.0,0.0
2015,3,1,7,WN,337,N8634A,PHX,SNA,1730,1750.0,20.0,6.0,1756.0,70.0,67.0,56.0,338,1752.0,5.0,1740,1757.0,17.0,0,0,,0.0,0.0,17.0,0.0,0.0,2015-03-01,1,1,17.0,1,0.0,0.0,100.0,0.0,0.0
2015,3,22,7,DL,1534,N924DN,IND,ATL,1732,1732.0,0.0,16.0,1748.0,98.0,95.0,68.0,432,1856.0,11.0,1910,1907.0,-3.0,0,0,,0.0,0.0,0.0,0.0,0.0,2015-03-22,0,0,0.0,0,0.0,0.0,0.0,0.0,0.0
2015,2,18,3,EV,3266,N29906,ORD,MEM,2100,2151.0,51.0,35.0,2226.0,114.0,123.0,79.0,491,2345.0,9.0,2254,2354.0,60.0,0,0,,9.0,0.0,2.0,49.0,0.0,2015-02-18,1,1,60.0,1,15.0,0.0,3.33,81.67,0.0
2015,3,25,3,AA,902,N456AA,PNS,DFW,708,708.0,0.0,7.0,715.0,126.0,114.0,102.0,604,857.0,5.0,914,902.0,-12.0,0,0,,0.0,0.0,0.0,0.0,0.0,2015-03-25,0,0,0.0,0,0.0,0.0,0.0,0.0,0.0
2015,2,19,4,NK,262,N629NK,FLL,ACY,1450,1448.0,-2.0,18.0,1506.0,151.0,153.0,129.0,977,1715.0,6.0,1721,1721.0,0.0,0,0,,0.0,0.0,0.0,0.0,0.0,2015-02-19,0,0,0.0,0,0.0,0.0,0.0,0.0,0.0
2015,2,21,6,UA,216,N828UA,SFO,SNA,1400,1444.0,44.0,11.0,1455.0,91.0,73.0,58.0,372,1553.0,4.0,1531,1557.0,26.0,0,0,,0.0,0.0,1.0,25.0,0.0,2015-02-21,1,1,26.0,1,0.0,0.0,3.85,96.15,0.0
2015,2,22,7,DL,1951,N710TW,ATL,MIA,1350,1407.0,17.0,24.0,1431.0,118.0,108.0,78.0,594,1549.0,6.0,1548,1555.0,7.0,0,0,,0.0,0.0,0.0,0.0,0.0,2015-02-22,1,0,0.0,0,0.0,0.0,0.0,0.0,0.0
2015,3,21,6,WN,2282,N267WN,PHX,MCO,1030,1033.0,3.0,19.0,1052.0,250.0,240.0,211.0,1849,1723.0,10.0,1740,1733.0,-7.0,0,0,,0.0,0.0,0.0,0.0,0.0,2015-03-21,0,0,0.0,0,0.0,0.0,0.0,0.0,0.0
2015,3,10,2,MQ,3420,N8EGMQ,ORD,BDL,1010,1013.0,3.0,12.0,1025.0,120.0,106.0,88.0,783,1253.0,6.0,1310,1259.0,-11.0,0,0,,0.0,0.0,0.0,0.0,0.0,2015-03-10,0,0,0.0,0,0.0,0.0,0.0,0.0,0.0
2015,3,13,5,OO,6205,N986CA,PSP,DEN,825,819.0,-6.0,12.0,831.0,130.0,133.0,115.0,776,1126.0,6.0,1135,1132.0,-3.0,0,0,,0.0,0.0,0.0,0.0,0.0,2015-03-13,0,0,0.0,0,0.0,0.0,0.0,0.0,0.0
2015,2,25,3,WN,661,N553WN,STL,MSY,845,859.0,14.0,10.0,909.0,105.0,119.0,105.0,604,1054.0,4.0,1030,1058.0,28.0,0,0,,14.0,0.0,14.0,0.0,0.0,2015-02-25,0,1,28.0,1,50.0,0.0,50.0,0.0,0.0
2015,2,13,5,WN,9,N912WN,ICT,DAL,700,700.0,0.0,9.0,709.0,85.0,67.0,54.0,333,803.0,4.0,825,807.0,-18.0,0,0,,0.0,0.0,0.0,0.0,0.0,2015-02-13,0,0,0.0,0,0.0,0.0,0.0,0.0,0.0
2015,3,18,3,UA,670,N514UA,IAD,ORD,2230,2225.0,-5.0,21.0,2246.0,126.0,134.0,103.0,589,2329.0,10.0,2336,2339.0,3.0,0,0,,0.0,0.0,0.0,0.0,0.0,2015-03-18,0,0,0.0,0,0.0,0.0,0.0,0.0,0.0
2015,3,2,1,UA,1047,N16701,EWR,CLE,1901,2143.0,162.0,21.0,2204.0,109.0,96.0,68.0,404,2312.0,7.0,2050,2319.0,149.0,0,0,,0.0,0.0,7.0,142.0,0.0,2015-03-02,1,1,149.0,1,0.0,0.0,4.7,95.3,0.0
2015,2,16,1,WN,4546,N777QC,ISP,FLL,1315,1318.0,3.0,8.0,1326.0,200.0,174.0,163.0,1092,1609.0,3.0,1635,1612.0,-23.0,0,0,,0.0,0.0,0.0,0.0,0.0,2015-02-16,0,0,0.0,0,0.0,0.0,0.0,0.0,0.0
2015,3,14,6,F9,557,N949FR,DEN,SAN,1740,1730.0,-10.0,9.0,1739.0,137.0,119.0,106.0,853,1825.0,4.0,1857,1829.0,-28.0,0,0,,0.0,0.0,0.0,0.0,0.0,2015-03-14,0,0,0.0,0,0.0,0.0,0.0,0.0,0.0
2015,3,21,6,WN,1862,N298WN,TPA,FLL,2055,2059.0,4.0,11.0,2110.0,60.0,62.0,43.0,197,2153.0,8.0,2155,2201.0,6.0,0,0,,0.0,0.0,0.0,0.0,0.0,2015-03-21,0,0,0.0,0,0.0,0.0,0.0,0.0,0.0
2015,3,18,3,WN,1437,N791SW,ROC,MDW,1645,1641.0,-4.0,11.0,1652.0,115.0,106.0,90.0,523,1722.0,5.0,1740,1727.0,-13.0,0,0,,0.0,0.0,0.0,0.0,0.0,2015-03-18,0,0,0.0,0,0.0,0.0,0.0,0.0,0.0
2015,2,23,1,WN,483,N395SW,ABQ,DEN,1030,1048.0,18.0,7.0,1055.0,80.0,65.0,51.0,349,1146.0,7.0,1150,1153.0,3.0,0,0,,0.0,0.0,0.0,0.0,0.0,2015-02-23,1,0,0.0,0,0.0,0.0,0.0,0.0,0.0
2015,2,28,6,B6,834,N806JB,SFO,BOS,2236,2243.0,7.0,11.0,2254.0,328.0,298.0,281.0,2704,635.0,6.0,704,641.0,-23.0,0,0,,0.0,0.0,0.0,0.0,0.0,2015-02-28,0,0,0.0,0,0.0,0.0,0.0,0.0,0.0
2015,3,21,6,AS,807,N513AS,BLI,HNL,1820,1825.0,5.0,13.0,1838.0,378.0,371.0,353.0,2715,2131.0,5.0,2138,2136.0,-2.0,0,0,,0.0,0.0,0.0,0.0,0.0,2015-03-21,0,0,0.0,0,0.0,0.0,0.0,0.0,0.0
2015,3,1,7,NK,972,N628NK,PHX,DFW,200,307.0,67.0,9.0,316.0,121.0,117.0,100.0,868,556.0,8.0,501,604.0,63.0,0,0,,5.0,0.0,58.0,0.0,0.0,2015-03-01,1,1,63.0,1,7.94,0.0,92.06,0.0,0.0
2015,2,14,6,OO,4988,N971SW,DEN,STL,955,948.0,-7.0,32.0,1020.0,126.0,135.0,99.0,770,1259.0,4.0,1301,1303.0,2.0,0,0,,0.0,0.0,0.0,0.0,0.0,2015-02-14,0,0,0.0,0,0.0,0.0,0.0,0.0,0.0
2015,3,16,1,WN,2348,N317WN,DEN,PHX,2050,2127.0,37.0,10.0,2137.0,110.0,103.0,87.0,602,2204.0,6.0,2140,2210.0,30.0,0,0,,0.0,0.0,19.0,11.0,0.0,2015-03-16,1,1,30.0,1,0.0,0.0,63.33,36.67,0.0
2015,3,12,4,UA,241,N442UA,BWI,ORD,635,625.0,-10.0,12.0,637.0,138.0,136.0,110.0,622,727.0,14.0,753,741.0,-12.0,0,0,,0.0,0.0,0.0,0.0,0.0,2015-03-12,0,0,0.0,0,0.0,0.0,0.0,0.0,0.0
2015,3,21,6,OO,4726,N426SW,SLC,MFR,2150,2144.0,-6.0,11.0,2155.0,114.0,99.0,85.0,575,2220.0,3.0,2244,2223.0,-21.0,0,0,,0.0,0.0,0.0,0.0,0.0,2015-03-21,0,0,0.0,0,0.0,0.0,0.0,0.0,0.0
2015,2,14,6,DL,1389,N583NW,LAS,DTW,1417,1553.0,96.0,24.0,1617.0,222.0,226.0,192.0,1749,2229.0,10.0,2059,2239.0,100.0,0,0,,4.0,0.0,0.0,96.0,0.0,2015-02-14,1,1,100.0,1,4.0,0.0,0.0,96.0,0.0
2015,3,17,2,EV,5295,N920EV,VLD,ATL,1614,1612.0,-2.0,14.0,1626.0,72.0,63.0,45.0,208,1711.0,4.0,1726,1715.0,-11.0,0,0,,0.0,0.0,0.0,0.0,0.0,2015-03-17,0,0,0.0,0,0.0,0.0,0.0,0.0,0.0
2015,2,21,6,OO,5206,N785SK,ORD,GUC,945,1044.0,59.0,18.0,1102.0,184.0,181.0,148.0,1031,1230.0,15.0,1149,1245.0,56.0,0,0,,0.0,0.0,0.0,56.0,0.0,2015-02-21,1,1,56.0,1,0.0,0.0,0.0,100.0,0.0
2015,2,17,2,AA,2229,N474AA,RIC,DFW,1752,1751.0,-1.0,21.0,1812.0,213.0,217.0,189.0,1158,2021.0,7.0,2025,2028.0,3.0,0,0,,0.0,0.0,0.0,0.0,0.0,2015-02-17,0,0,0.0,0,0.0,0.0,0.0,0.0,0.0
2015,3,9,1,WN,153,N706SW,MCO,RDU,1735,1808.0,33.0,8.0,1816.0,100.0,93.0,80.0,534,1936.0,5.0,1915,1941.0,26.0,0,0,,0.0,0.0,1.0,25.0,0.0,2015-03-09,1,1,26.0,1,0.0,0.0,3.85,96.15,0.0
2015,3,10,2,AA,2373,N502AA,DFW,BNA,2025,2153.0,88.0,14.0,2207.0,101.0,102.0,80.0,631,2327.0,8.0,2206,2335.0,89.0,0,0,,1.0,0.0,23.0,65.0,0.0,2015-03-10,1,1,89.0,1,1.12,0.0,25.84,73.03,0.0
2015,3,9,1,HA,114,N488HA,HNL,OGG,616,611.0,-5.0,12.0,623.0,36.0,39.0,21.0,100,644.0,6.0,652,650.0,-2.0,0,0,,0.0,0.0,0.0,0.0,0.0,2015-03-09,0,0,0.0,0,0.0,0.0,0.0,0.0,0.0
2015,3,13,5,MQ,3212,N613MQ,TYS,ORD,1248,1242.0,-6.0,9.0,1251.0,107.0,104.0,74.0,475,1305.0,21.0,1335,1326.0,-9.0,0,0,,0.0,0.0,0.0,0.0,0.0,2015-03-13,0,0,0.0,0,0.0,0.0,0.0,0.0,0.0
2015,3,23,1,WN,867,N913WN,LAS,OAK,1215,1213.0,-2.0,9.0,1222.0,90.0,84.0,70.0,407,1332.0,5.0,1345,1337.0,-8.0,0,0,,0.0,0.0,0.0,0.0,0.0,2015-03-23,0,0,0.0,0,0.0,0.0,0.0,0.0,0.0
2015,2,28,6,DL,769,N990DL,ATL,MKE,2206,2158.0,-8.0,13.0,2211.0,124.0,119.0,100.0,669,2251.0,6.0,2310,2257.0,-13.0,0,0,,0.0,0.0,0.0,0.0,0.0,2015-02-28,0,0,0.0,0,0.0,0.0,0.0,0.0,0.0
2015,3,25,3,EV,4683,N13566,IAH,LFT,2105,2102.0,-3.0,12.0,2114.0,58.0,53.0,33.0,201,2147.0,8.0,2203,2155.0,-8.0,0,0,,0.0,0.0,0.0,0.0,0.0,2015-03-25,0,0,0.0,0,0.0,0.0,0.0,0.0,0.0
2015,2,15,7,EV,4473,N13202,CVG,ORD,1655,1830.0,95.0,20.0,1850.0,84.0,94.0,58.0,265,1848.0,16.0,1719,1904.0,105.0,0,0,,10.0,0.0,17.0,78.0,0.0,2015-02-15,1,1,105.0,1,9.52,0.0,16.19,74.29,0.0
2015,2,20,5,DL,1841,N345NB,SYR,ATL,1753,1823.0,30.0,16.0,1839.0,157.0,136.0,113.0,794,2032.0,7.0,2030,2039.0,9.0,0,0,,0.0,0.0,0.0,0.0,0.0,2015-02-20,1,0,0.0,0,0.0,0.0,0.0,0.0,0.0
2015,3,12,4,OO,2898,N862AS,LAX,TUS,1134,1201.0,27.0,29.0,1230.0,87.0,96.0,63.0,451,1333.0,4.0,1301,1337.0,36.0,0,0,,9.0,0.0,0.0,27.0,0.0,2015-03-12,1,1,36.0,1,25.0,0.0,0.0,75.0,0.0
2015,2,24,2,AA,1637,N3KVAA,BDL,DFW,755,758.0,3.0,12.0,810.0,260.0,250.0,229.0,1471,1059.0,9.0,1115,1108.0,-7.0,0,0,,0.0,0.0,0.0,0.0,0.0,2015-02-24,0,0,0.0,0,0.0,0.0,0.0,0.0,0.0
2015,3,20,5,DL,1332,N673DL,LGA,ATL,1759,1757.0,-2.0,57.0,1854.0,168.0,181.0,115.0,762,2049.0,9.0,2047,2058.0,11.0,0,0,,0.0,0.0,0.0,0.0,0.0,2015-03-20,0,0,0.0,0,0.0,0.0,0.0,0.0,0.0
2015,3,7,6,UA,1256,N68834,IAH,SAN,1845,1926.0,41.0,23.0,1949.0,215.0,190.0,164.0,1303,2033.0,3.0,2020,2036.0,16.0,0,0,,0.0,0.0,6.0,10.0,0.0,2015-03-07,1,1,16.0,1,0.0,0.0,37.5,62.5,0.0
2015,2,15,7,WN,991,N428WN,BOI,GEG,1730,1743.0,13.0,6.0,1749.0,65.0,60.0,51.0,287,1740.0,3.0,1735,1743.0,8.0,0,0,,0.0,0.0,0.0,0.0,0.0,2015-02-15,0,0,0.0,0,0.0,0.0,0.0,0.0,0.0
2015,3,14,6,DL,1925,N987AT,DTW,BWI,1530,1527.0,-3.0,11.0,1538.0,93.0,88.0,65.0,409,1643.0,12.0,1703,1655.0,-8.0,0,0,,0.0,0.0,0.0,0.0,0.0,2015-03-14,0,0,0.0,0,0.0,0.0,0.0,0.0,0.0
2015,2,24,2,OO,4449,N783CA,ATL,CHA,1405,1412.0,7.0,37.0,1449.0,48.0,64.0,23.0,106,1512.0,4.0,1453,1516.0,23.0,0,0,,16.0,0.0,0.0,7.0,0.0,2015-02-24,0,1,23.0,1,69.57,0.0,0.0,30.43,0.0
2015,3,1,7,OO,5564,N910SW,CPR,DEN,2020,2017.0,-3.0,6.0,2023.0,68.0,60.0,46.0,230,2109.0,8.0,2128,2117.0,-11.0,0,0,,0.0,0.0,0.0,0.0,0.0,2015-03-01,0,0,0.0,0,0.0,0.0,0.0,0.0,0.0
2015,3,18,3,WN,3924,N240WN,CMH,RSW,1545,1540.0,-5.0,11.0,1551.0,140.0,137.0,121.0,930,1752.0,5.0,1805,1757.0,-8.0,0,0,,0.0,0.0,0.0,0.0,0.0,2015-03-18,0,0,0.0,0,0.0,0.0,0.0,0.0,0.0
2015,2,17,2,WN,1081,N477WN,HOU,DEN,735,730.0,-5.0,12.0,742.0,155.0,146.0,126.0,883,848.0,8.0,910,856.0,-14.0,0,0,,0.0,0.0,0.0,0.0,0.0,2015-02-17,0,0,0.0,0,0.0,0.0,0.0,0.0,0.0
2015,3,20,5,NK,725,N526NK,MCI,IAH,645,643.0,-2.0,10.0,653.0,112.0,121.0,106.0,643,839.0,5.0,837,844.0,7.0,0,0,,0.0,0.0,0.0,0.0,0.0,2015-03-20,0,0,0.0,0,0.0,0.0,0.0,0.0,0.0
2015,2,13,5,UA,1665,N36280,LAX,CLE,1309,1302.0,-7.0,18.0,1320.0,273.0,272.0,248.0,2052,2028.0,6.0,2042,2034.0,-8.0,0,0,,0.0,0.0,0.0,0.0,0.0,2015-02-13,0,0,0.0,0,0.0,0.0,0.0,0.0,0.0
2015,3,19,4,WN,570,N903WN,DEN,HOU,1230,1227.0,-3.0,12.0,1239.0,135.0,137.0,118.0,883,1537.0,7.0,1545,1544.0,-1.0,0,0,,0.0,0.0,0.0,0.0,0.0,2015-03-19,0,0,0.0,0,0.0,0.0,0.0,0.0,0.0
2015,2,13,5,AA,356,N005AA,DFW,ATL,1300,1300.0,0.0,13.0,1313.0,118.0,114.0,95.0,731,1548.0,6.0,1558,1554.0,-4.0,0,0,,0.0,0.0,0.0,0.0,0.0,2015-02-13,0,0,0.0,0,0.0,0.0,0.0,0.0,0.0
2015,3,8,7,EV,4599,N14993,IAH,PNS,1304,1304.0,0.0,18.0,1322.0,87.0,86.0,63.0,489,1425.0,5.0,1431,1430.0,-1.0,0,0,,0.0,0.0,0.0,0.0,0.0,2015-03-08,0,0,0.0,0,0.0,0.0,0.0,0.0,0.0
2015,3,19,4,US,1710,N578UW,CLT,SEA,735,728.0,-7.0,20.0,748.0,349.0,346.0,317.0,2279,1005.0,9.0,1024,1014.0,-10.0,0,0,,0.0,0.0,0.0,0.0,0.0,2015-03-19,0,0,0.0,0,0.0,0.0,0.0,0.0,0.0
2015,3,17,2,EV,3259,N34111,HPN,ORD,630,627.0,-3.0,15.0,642.0,154.0,171.0,143.0,738,805.0,13.0,804,818.0,14.0,0,0,,0.0,0.0,0.0,0.0,0.0,2015-03-17,0,0,0.0,0,0.0,0.0,0.0,0.0,0.0
2015,2,26,4,WN,283,N555LV,RSW,MDW,1540,1603.0,23.0,10.0,1613.0,185.0,164.0,147.0,1105,1740.0,7.0,1745,1747.0,2.0,0,0,,0.0,0.0,0.0,0.0,0.0,2015-02-26,1,0,0.0,0,0.0,0.0,0.0,0.0,0.0
2015,3,1,7,NK,107,N607NK,DFW,SAN,844,854.0,10.0,29.0,923.0,193.0,201.0,164.0,1171,1007.0,8.0,957,1015.0,18.0,0,0,,8.0,0.0,0.0,0.0,10.0,2015-03-01,0,1,18.0,1,44.44,0.0,0.0,0.0,55.56
2015,3,16,1,NK,174,N623NK,FLL,LGA,1608,1620.0,12.0,14.0,1634.0,172.0,180.0,159.0,1076,1913.0,7.0,1900,1920.0,20.0,0,0,,8.0,0.0,12.0,0.0,0.0,2015-03-16,0,1,20.0,1,40.0,0.0,60.0,0.0,0.0
2015,2,28,6,WN,4420,N8614M,LAS,BNA,1640,1649.0,9.0,16.0,1705.0,205.0,191.0,169.0,1587,2154.0,6.0,2205,2200.0,-5.0,0,0,,0.0,0.0,0.0,0.0,0.0,2015-02-28,0,0,0.0,0,0.0,0.0,0.0,0.0,0.0
2015,2,15,7,WN,1016,N788SA,SJC,SNA,1805,1854.0,49.0,11.0,1905.0,75.0,76.0,61.0,342,2006.0,4.0,1920,2010.0,50.0,0,0,,1.0,0.0,0.0,49.0,0.0,2015-02-15,1,1,50.0,1,2.0,0.0,0.0,98.0,0.0
2015,3,25,3,WN,566,N7747C,BNA,MSY,1900,1921.0,21.0,8.0,1929.0,90.0,82.0,70.0,471,2039.0,4.0,2030,2043.0,13.0,0,0,,0.0,0.0,0.0,0.0,0.0,2015-03-25,1,0,0.0,0,0.0,0.0,0.0,0.0,0.0
2015,2,26,4,NK,561,N512NK,LAS,LAX,1335,1333.0,-2.0,13.0,1346.0,68.0,66.0,44.0,236,1430.0,9.0,1443,1439.0,-4.0,0,0,,0.0,0.0,0.0,0.0,0.0,2015-02-26,0,0,0.0,0,0.0,0.0,0.0,0.0,0.0
2015,3,13,5,WN,1456,N685SW,BWI,MCI,2200,2253.0,53.0,8.0,2301.0,175.0,144.0,130.0,967,11.0,6.0,2355,17.0,22.0,0,0,,0.0,0.0,0.0,22.0,0.0,2015-03-13,1,1,22.0,1,0.0,0.0,0.0,100.0,0.0
2015,3,23,1,DL,795,N937DN,GRR,MSP,1605,1602.0,-3.0,9.0,1611.0,88.0,89.0,75.0,408,1626.0,5.0,1633,1631.0,-2.0,0,0,,0.0,0.0,0.0,0.0,0.0,2015-03-23,0,0,0.0,0,0.0,0.0,0.0,0.0,0.0
2015,3,14,6,DL,1868,N920DN,ATL,AUS,816,828.0,12.0,24.0,852.0,153.0,156.0,128.0,813,1000.0,4.0,949,1004.0,15.0,0,0,,3.0,0.0,11.0,1.0,0.0,2015-03-14,0,0,15.0,0,20.0,0.0,73.33,6.67,0.0
2015,2,26,4,WN,650,N406WN,BWI,LAS,640,702.0,22.0,47.0,749.0,335.0,344.0,293.0,2106,942.0,4.0,915,946.0,31.0,0,0,,9.0,0.0,22.0,0.0,0.0,2015-02-26,1,1,31.0,1,29.03,0.0,70.97,0.0,0.0
2015,3,5,4,MQ,3425,N678MQ,DSM,ORD,1003,1002.0,-1.0,8.0,1010.0,82.0,86.0,53.0,299,1103.0,25.0,1125,1128.0,3.0,0,0,,0.0,0.0,0.0,0.0,0.0,2015-03-05,0,0,0.0,0,0.0,0.0,0.0,0.0,0.0
2015,3,17,2,OO,4993,N471CA,ORD,IND,754,751.0,-3.0,31.0,822.0,59.0,73.0,37.0,177,959.0,5.0,953,1004.0,11.0,0,0,,0.0,0.0,0.0,0.0,0.0,2015-03-17,0,0,0.0,0,0.0,0.0,0.0,0.0,0.0
2015,3,23,1,WN,3151,N474WN,LAS,SEA,1245,1246.0,1.0,10.0,1256.0,155.0,153.0,135.0,867,1511.0,8.0,1520,1519.0,-1.0,0,0,,0.0,0.0,0.0,0.0,0.0,2015-03-23,0,0,0.0,0,0.0,0.0,0.0,0.0,0.0
2015,3,1,7,UA,681,N823UA,ORD,SFO,1605,1725.0,80.0,11.0,1736.0,290.0,285.0,269.0,1846,2005.0,5.0,1855,2010.0,75.0,0,0,,0.0,0.0,15.0,60.0,0.0,2015-03-01,1,1,75.0,1,0.0,0.0,20.0,80.0,0.0
2015,3,10,2,WN,60,N641SW,HOU,DAL,2000,2033.0,33.0,10.0,2043.0,60.0,54.0,39.0,239,2122.0,5.0,2100,2127.0,27.0,0,0,,0.0,0.0,0.0,27.0,0.0,2015-03-10,1,1,27.0,1,0.0,0.0,0.0,100.0,0.0
2015,3,21,6,AA,72,N854AA,DFW,MCO,600,555.0,-5.0,12.0,607.0,142.0,143.0,122.0,985,909.0,9.0,922,918.0,-4.0,0,0,,0.0,0.0,0.0,0.0,0.0,2015-03-21,0,0,0.0,0,0.0,0.0,0.0,0.0,0.0
2015,2,27,5,UA,1712,N18119,EWR,IAH,1715,1745.0,30.0,18.0,1803.0,247.0,247.0,221.0,1400,2044.0,8.0,2022,2052.0,30.0,0,0,,0.0,0.0,0.0,30.0,0.0,2015-02-27,1,1,30.0,1,0.0,0.0,0.0,100.0,0.0
2015,3,21,6,DL,2081,N961DL,ATL,TPA,1637,1635.0,-2.0,15.0,1650.0,88.0,80.0,62.0,406,1752.0,3.0,1805,1755.0,-10.0,0,0,,0.0,0.0,0.0,0.0,0.0,2015-03-21,0,0,0.0,0,0.0,0.0,0.0,0.0,0.0
2015,2,27,5,US,2059,N754UW,DCA,CLT,1155,1151.0,-4.0,19.0,1210.0,91.0,98.0,70.0,331,1320.0,9.0,1326,1329.0,3.0,0,0,,0.0,0.0,0.0,0.0,0.0,2015-02-27,0,0,0.0,0,0.0,0.0,0.0,0.0,0.0
2015,2,16,1,US,2144,N946UW,LGA,DCA,900,853.0,-7.0,19.0,912.0,83.0,68.0,46.0,214,958.0,3.0,1023,1001.0,-22.0,0,0,,0.0,0.0,0.0,0.0,0.0,2015-02-16,0,0,0.0,0,0.0,0.0,0.0,0.0,0.0
2015,3,12,4,AA,2208,N469AA,DFW,CLE,1420,1440.0,20.0,17.0,1457.0,156.0,141.0,121.0,1021,1758.0,3.0,1756,1801.0,5.0,0,0,,0.0,0.0,0.0,0.0,0.0,2015-03-12,1,0,0.0,0,0.0,0.0,0.0,0.0,0.0
2015,3,21,6,DL,1678,N904DL,ATL,SRQ,1049,1052.0,3.0,25.0,1117.0,86.0,98.0,68.0,444,1225.0,5.0,1215,1230.0,15.0,0,0,,15.0,0.0,0.0,0.0,0.0,2015-03-21,0,0,15.0,0,100.0,0.0,0.0,0.0,0.0
2015,3,10,2,MQ,3351,N922MQ,SAV,DFW,1728,1739.0,11.0,15.0,1754.0,182.0,161.0,137.0,925,1911.0,9.0,1930,1920.0,-10.0,0,0,,0.0,0.0,0.0,0.0,0.0,2015-03-10,0,0,0.0,0,0.0,0.0,0.0,0.0,0.0
2015,3,2,1,UA,1705,N69819,DEN,SFO,1514,1522.0,8.0,14.0,1536.0,159.0,163.0,139.0,967,1655.0,10.0,1653,1705.0,12.0,0,0,,0.0,0.0,0.0,0.0,0.0,2015-03-02,0,0,0.0,0,0.0,0.0,0.0,0.0,0.0
2015,2,28,6,B6,1294,N346JB,MCO,HPN,2029,2025.0,-4.0,15.0,2040.0,151.0,156.0,129.0,972,2249.0,12.0,2300,2301.0,1.0,0,0,,0.0,0.0,0.0,0.0,0.0,2015-02-28,0,0,0.0,0,0.0,0.0,0.0,0.0,0.0
2015,2,17,2,WN,2418,N363SW,LAS,PHX,520,516.0,-4.0,9.0,525.0,65.0,57.0,41.0,255,706.0,7.0,725,713.0,-12.0,0,0,,0.0,0.0,0.0,0.0,0.0,2015-02-17,0,0,0.0,0,0.0,0.0,0.0,0.0,0.0
2015,3,15,7,B6,1236,N296JB,SJU,STT,652,643.0,-9.0,14.0,657.0,35.0,34.0,17.0,68,714.0,3.0,727,717.0,-10.0,0,0,,0.0,0.0,0.0,0.0,0.0,2015-03-15,0,0,0.0,0,0.0,0.0,0.0,0.0,0.0
2015,2,13,5,WN,1837,N7811F,EWR,MDW,725,725.0,0.0,15.0,740.0,155.0,139.0,110.0,711,830.0,14.0,900,844.0,-16.0,0,0,,0.0,0.0,0.0,0.0,0.0,2015-02-13,0,0,0.0,0,0.0,0.0,0.0,0.0,0.0
2015,3,13,5,AA,2300,N4XSAA,DFW,ICT,2234,2231.0,-3.0,10.0,2241.0,73.0,65.0,50.0,328,2331.0,5.0,2347,2336.0,-11.0,0,0,,0.0,0.0,0.0,0.0,0.0,2015-03-13,0,0,0.0,0,0.0,0.0,0.0,0.0,0.0
2015,3,16,1,UA,1654,N14704,SAN,DEN,820,914.0,54.0,12.0,926.0,136.0,128.0,111.0,853,1217.0,5.0,1136,1222.0,46.0,0,0,,0.0,0.0,46.0,0.0,0.0,2015-03-16,1,1,46.0,1,0.0,0.0,100.0,0.0,0.0
2015,2,19,4,US,675,N908AW,HNL,PHX,2350,2341.0,-9.0,14.0,2355.0,353.0,358.0,316.0,2917,811.0,28.0,843,839.0,-4.0,0,0,,0.0,0.0,0.0,0.0,0.0,2015-02-19,0,0,0.0,0,0.0,0.0,0.0,0.0,0.0
2015,2,23,1,DL,2061,N519US,PHL,ATL,730,732.0,2.0,25.0,757.0,157.0,145.0,105.0,666,942.0,15.0,1007,957.0,-10.0,0,0,,0.0,0.0,0.0,0.0,0.0,2015-02-23,0,0,0.0,0,0.0,0.0,0.0,0.0,0.0
2015,3,3,2,WN,43,N235WN,HOU,MDW,1840,1845.0,5.0,6.0,1851.0,145.0,125.0,112.0,937,2043.0,7.0,2105,2050.0,-15.0,0,0,,0.0,0.0,0.0,0.0,0.0,2015-03-03,0,0,0.0,0,0.0,0.0,0.0,0.0,0.0
2015,3,23,1,EV,4100,N27152,EWR,MEM,1350,1347.0,-3.0,14.0,1401.0,187.0,178.0,151.0,946,1532.0,13.0,1557,1545.0,-12.0,0,0,,0.0,0.0,0.0,0.0,0.0,2015-03-23,0,0,0.0,0,0.0,0.0,0.0,0.0,0.0
2015,3,10,2,F9,1330,N214FR,ORD,TPA,1615,1615.0,0.0,22.0,1637.0,150.0,164.0,138.0,1012,1955.0,4.0,1945,1959.0,14.0,0,0,,0.0,0.0,0.0,0.0,0.0,2015-03-10,0,0,0.0,0,0.0,0.0,0.0,0.0,0.0
2015,2,15,7,EV,4110,N11107,IAH,TUL,1635,1631.0,-4.0,10.0,1641.0,90.0,75.0,60.0,429,1741.0,5.0,1805,1746.0,-19.0,0,0,,0.0,0.0,0.0,0.0,0.0,2015-02-15,0,0,0.0,0,0.0,0.0,0.0,0.0,0.0
2015,3,22,7,UA,1025,N17126,EWR,IAH,1520,1537.0,17.0,15.0,1552.0,241.0,241.0,217.0,1400,1829.0,9.0,1821,1838.0,17.0,0,0,,0.0,0.0,17.0,0.0,0.0,2015-03-22,1,1,17.0,1,0.0,0.0,100.0,0.0,0.0
2015,2,24,2,B6,4,N905JB,SJU,JFK,1256,1251.0,-5.0,19.0,1310.0,242.0,240.0,218.0,1598,1548.0,3.0,1558,1551.0,-7.0,0,0,,0.0,0.0,0.0,0.0,0.0,2015-02-24,0,0,0.0,0,0.0,0.0,0.0,0.0,0.0
2015,2,26,4,US,2141,N959UW,BOS,LGA,1900,1900.0,0.0,22.0,1922.0,81.0,78.0,53.0,184,2015.0,3.0,2021,2018.0,-3.0,0,0,,0.0,0.0,0.0,0.0,0.0,2015-02-26,0,0,0.0,0,0.0,0.0,0.0,0.0,0.0
2015,3,12,4,MQ,3376,N660MQ,FSD,DFW,1222,1216.0,-6.0,11.0,1227.0,133.0,124.0,104.0,737,1411.0,9.0,1435,1420.0,-15.0,0,0,,0.0,0.0,0.0,0.0,0.0,2015-03-12,0,0,0.0,0,0.0,0.0,0.0,0.0,0.0
2015,3,14,6,OO,2862,N869AS,LAX,SLC,1220,1214.0,-6.0,14.0,1228.0,110.0,113.0,96.0,590,1504.0,3.0,1510,1507.0,-3.0,0,0,,0.0,0.0,0.0,0.0,0.0,2015-03-14,0,0,0.0,0,0.0,0.0,0.0,0.0,0.0
2015,3,20,5,UA,437,N456UA,SFO,LAS,1340,1336.0,-4.0,14.0,1350.0,98.0,88.0,65.0,414,1455.0,9.0,1518,1504.0,-14.0,0,0,,0.0,0.0,0.0,0.0,0.0,2015-03-20,0,0,0.0,0,0.0,0.0,0.0,0.0,0.0
2015,3,23,1,EV,5007,N873AS,SHV,ATL,1325,1320.0,-5.0,11.0,1331.0,97.0,96.0,75.0,551,1546.0,10.0,1602,1556.0,-6.0,0,0,,0.0,0.0,0.0,0.0,0.0,2015-03-23,0,0,0.0,0,0.0,0.0,0.0,0.0,0.0
2015,2,17,2,DL,2096,N915DL,LGA,MSP,1420,1610.0,110.0,32.0,1642.0,190.0,190.0,154.0,1020,1816.0,4.0,1630,1820.0,110.0,0,0,,0.0,0.0,22.0,88.0,0.0,2015-02-17,1,1,110.0,1,0.0,0.0,20.0,80.0,0.0
2015,2,24,2,WN,3584,N215WN,SAN,OAK,1615,1635.0,20.0,7.0,1642.0,85.0,77.0,66.0,446,1748.0,4.0,1740,1752.0,12.0,0,0,,0.0,0.0,0.0,0.0,0.0,2015-02-24,1,0,0.0,0,0.0,0.0,0.0,0.0,0.0
2015,3,24,2,US,2172,N948UW,LGA,BOS,1500,1453.0,-7.0,26.0,1519.0,69.0,67.0,33.0,184,1552.0,8.0,1609,1600.0,-9.0,0,0,,0.0,0.0,0.0,0.0,0.0,2015-03-24,0,0,0.0,0,0.0,0.0,0.0,0.0,0.0
2015,3,7,6,AA,2462,N010AA,MIA,STL,1715,1738.0,23.0,27.0,1805.0,186.0,184.0,151.0,1068,1936.0,6.0,1921,1942.0,21.0,0,0,,0.0,0.0,21.0,0.0,0.0,2015-03-07,1,1,21.0,1,0.0,0.0,100.0,0.0,0.0
2015,3,4,3,AA,1246,N3LPAA,ORD,FLL,1005,1005.0,0.0,11.0,1016.0,183.0,170.0,155.0,1182,1351.0,4.0,1408,1355.0,-13.0,0,0,,0.0,0.0,0.0,0.0,0.0,2015-03-04,0,0,0.0,0,0.0,0.0,0.0,0.0,0.0
2015,2,23,1,DL,2563,N317NB,SLC,SNA,1501,1453.0,-8.0,17.0,1510.0,107.0,108.0,87.0,588,1537.0,4.0,1548,1541.0,-7.0,0,0,,0.0,0.0,0.0,0.0,0.0,2015-02-23,0,0,0.0,0,0.0,0.0,0.0,0.0,0.0
2015,2,20,5,EV,4874,N881AS,ATL,TYS,1500,1503.0,3.0,18.0,1521.0,54.0,50.0,29.0,152,1550.0,3.0,1554,1553.0,-1.0,0,0,,0.0,0.0,0.0,0.0,0.0,2015-02-20,0,0,0.0,0,0.0,0.0,0.0,0.0,0.0
2015,3,22,7,WN,585,N490WN,BWI,MCO,1555,1552.0,-3.0,18.0,1610.0,140.0,138.0,114.0,787,1804.0,6.0,1815,1810.0,-5.0,0,0,,0.0,0.0,0.0,0.0,0.0,2015-03-22,0,0,0.0,0,0.0,0.0,0.0,0.0,0.0
2015,3,24,2,AA,1015,N570AA,DFW,SAN,1535,1536.0,1.0,12.0,1548.0,196.0,182.0,168.0,1171,1636.0,2.0,1651,1638.0,-13.0,0,0,,0.0,0.0,0.0,0.0,0.0,2015-03-24,0,0,0.0,0,0.0,0.0,0.0,0.0,0.0
2015,3,2,1,AA,1389,N488AA,DFW,LAS,1715,1717.0,2.0,15.0,1732.0,183.0,180.0,157.0,1055,1809.0,8.0,1818,1817.0,-1.0,0,0,,0.0,0.0,0.0,0.0,0.0,2015-03-02,0,0,0.0,0,0.0,0.0,0.0,0.0,0.0
2015,3,2,1,UA,428,N431UA,IAH,IAD,1255,1253.0,-2.0,13.0,1306.0,175.0,166.0,148.0,1190,1634.0,5.0,1650,1639.0,-11.0,0,0,,0.0,0.0,0.0,0.0,0.0,2015-03-02,0,0,0.0,0,0.0,0.0,0.0,0.0,0.0
2015,2,20,5,MQ,3047,N663MQ,EVV,ORD,1009,1009.0,0.0,26.0,1035.0,86.0,140.0,62.0,273,1137.0,52.0,1135,1229.0,54.0,0,0,,54.0,0.0,0.0,0.0,0.0,2015-02-20,0,1,54.0,1,100.0,0.0,0.0,0.0,0.0
2015,3,5,4,US,506,N837AW,STL,PHX,725,1028.0,183.0,11.0,1039.0,227.0,190.0,175.0,1262,1234.0,4.0,1012,1238.0,146.0,0,0,,0.0,0.0,146.0,0.0,0.0,2015-03-05,1,1,146.0,1,0.0,0.0,100.0,0.0,0.0
2015,2,19,4,UA,1670,N73291,SFO,HNL,1915,1914.0,-1.0,18.0,1932.0,352.0,354.0,321.0,2398,2253.0,15.0,2307,2308.0,1.0,0,0,,0.0,0.0,0.0,0.0,0.0,2015-02-19,0,0,0.0,0,0.0,0.0,0.0,0.0,0.0
2015,3,15,7,WN,745,N8609A,LAS,PIT,935,937.0,2.0,21.0,958.0,245.0,257.0,233.0,1910,1651.0,3.0,1640,1654.0,14.0,0,0,,0.0,0.0,0.0,0.0,0.0,2015-03-15,0,0,0.0,0,0.0,0.0,0.0,0.0,0.0
2015,2,22,7,DL,2604,N542US,RSW,ATL,1911,1945.0,34.0,11.0,1956.0,114.0,110.0,89.0,515,2125.0,10.0,2105,2135.0,30.0,0,0,,0.0,0.0,13.0,17.0,0.0,2015-02-22,1,1,30.0,1,0.0,0.0,43.33,56.67,0.0
2015,2,16,1,WN,2418,N624SW,LAS,PHX,520,515.0,-5.0,10.0,525.0,65.0,55.0,39.0,255,704.0,6.0,725,710.0,-15.0,0,0,,0.0,0.0,0.0,0.0,0.0,2015-02-16,0,0,0.0,0,0.0,0.0,0.0,0.0,0.0
2015,3,10,2,UA,275,N595UA,LAX,JFK,803,801.0,-2.0,17.0,818.0,324.0,330.0,302.0,2475,1620.0,11.0,1627,1631.0,4.0,0,0,,0.0,0.0,0.0,0.0,0.0,2015-03-10,0,0,0.0,0,0.0,0.0,0.0,0.0,0.0
2015,3,24,2,WN,3473,N469WN,PIT,TPA,2105,2058.0,-7.0,9.0,2107.0,145.0,134.0,119.0,873,2306.0,6.0,2330,2312.0,-18.0,0,0,,0.0,0.0,0.0,0.0,0.0,2015-03-24,0,0,0.0,0,0.0,0.0,0.0,0.0,0.0
2015,3,11,3,UA,1529,N27733,SNA,IAH,1131,1130.0,-1.0,6.0,1136.0,192.0,180.0,168.0,1346,1624.0,6.0,1643,1630.0,-13.0,0,0,,0.0,0.0,0.0,0.0,0.0,2015-03-11,0,0,0.0,0,0.0,0.0,0.0,0.0,0.0
2015,3,22,7,UA,1604,N13110,ORD,IAD,1730,1725.0,-5.0,15.0,1740.0,110.0,99.0,76.0,589,1956.0,8.0,2020,2004.0,-16.0,0,0,,0.0,0.0,0.0,0.0,0.0,2015-03-22,0,0,0.0,0,0.0,0.0,0.0,0.0,0.0
2015,3,11,3,AA,360,N3AMAA,ORD,LGA,1605,1602.0,-3.0,20.0,1622.0,124.0,115.0,91.0,733,1853.0,4.0,1909,1857.0,-12.0,0,0,,0.0,0.0,0.0,0.0,0.0,2015-03-11,0,0,0.0,0,0.0,0.0,0.0,0.0,0.0
2015,2,21,6,OO,5310,N978SW,DEN,GCC,1951,2028.0,37.0,57.0,2125.0,82.0,104.0,43.0,313,2208.0,4.0,2113,2212.0,59.0,0,0,,22.0,0.0,0.0,37.0,0.0,2015-02-21,1,1,59.0,1,37.29,0.0,0.0,62.71,0.0
2015,3,9,1,WN,126,N498WN,TUS,SAN,635,635.0,0.0,8.0,643.0,75.0,72.0,58.0,368,741.0,6.0,750,747.0,-3.0,0,0,,0.0,0.0,0.0,0.0,0.0,2015-03-09,0,0,0.0,0,0.0,0.0,0.0,0.0,0.0
2015,2,20,5,DL,1915,N681DA,ATL,PHX,2145,2215.0,30.0,10.0,2225.0,261.0,255.0,239.0,1587,24.0,6.0,6,30.0,24.0,0,0,,0.0,0.0,24.0,0.0,0.0,2015-02-20,1,1,24.0,1,0.0,0.0,100.0,0.0,0.0
2015,3,19,4,AA,1219,N3KEAA,LGA,MIA,940,941.0,1.0,31.0,1012.0,202.0,186.0,147.0,1096,1239.0,8.0,1302,1247.0,-15.0,0,0,,0.0,0.0,0.0,0.0,0.0,2015-03-19,0,0,0.0,0,0.0,0.0,0.0,0.0,0.0
2015,2,17,2,DL,61,N623DL,SFO,ATL,1205,1159.0,-6.0,18.0,1217.0,278.0,260.0,235.0,2139,1912.0,7.0,1943,1919.0,-24.0,0,0,,0.0,0.0,0.0,0.0,0.0,2015-02-17,0,0,0.0,0,0.0,0.0,0.0,0.0,0.0
2015,2,20,5,EV,4725,N13566,BTR,IAH,1604,1557.0,-7.0,13.0,1610.0,69.0,77.0,58.0,253,1708.0,6.0,1713,1714.0,1.0,0,0,,0.0,0.0,0.0,0.0,0.0,2015-02-20,0,0,0.0,0,0.0,0.0,0.0,0.0,0.0
2015,2,16,1,DL,1800,N912DN,ATL,BOS,1635,1846.0,131.0,9.0,1855.0,156.0,131.0,108.0,946,2043.0,14.0,1911,2057.0,106.0,0,0,,106.0,0.0,0.0,0.0,0.0,2015-02-16,1,1,106.0,1,100.0,0.0,0.0,0.0,0.0
2015,3,23,1,EV,4211,N11565,RDU,ORD,1643,1944.0,181.0,9.0,1953.0,142.0,154.0,125.0,646,2058.0,20.0,1805,2118.0,193.0,0,0,,13.0,0.0,12.0,168.0,0.0,2015-03-23,1,1,193.0,1,6.74,0.0,6.22,87.05,0.0
2015,2,21,6,UA,1196,N30401,ORD,BOS,1625,1646.0,21.0,78.0,1804.0,133.0,200.0,113.0,867,2057.0,9.0,1938,2106.0,88.0,0,0,,67.0,0.0,21.0,0.0,0.0,2015-02-21,1,1,88.0,1,76.14,0.0,23.86,0.0,0.0
2015,3,20,5,OO,6486,N874AS,CPR,DEN,1702,1653.0,-9.0,9.0,1702.0,68.0,66.0,40.0,230,1742.0,17.0,1810,1759.0,-11.0,0,0,,0.0,0.0,0.0,0.0,0.0,2015-03-20,0,0,0.0,0,0.0,0.0,0.0,0.0,0.0
2015,3,3,2,AA,2297,N555AA,AUS,DFW,1427,1623.0,116.0,15.0,1638.0,63.0,70.0,43.0,190,1721.0,12.0,1530,1733.0,123.0,0,0,,7.0,0.0,8.0,108.0,0.0,2015-03-03,1,1,123.0,1,5.69,0.0,6.5,87.8,0.0
2015,2,21,6,DL,1408,N334NW,SLC,CVG,952,948.0,-4.0,20.0,1008.0,200.0,194.0,168.0,1450,1456.0,6.0,1512,1502.0,-10.0,0,0,,0.0,0.0,0.0,0.0,0.0,2015-02-21,0,0,0.0,0,0.0,0.0,0.0,0.0,0.0
2015,3,25,3,DL,1752,N910DE,SAV,ATL,1255,1252.0,-3.0,27.0,1319.0,84.0,81.0,43.0,214,1402.0,11.0,1419,1413.0,-6.0,0,0,,0.0,0.0,0.0,0.0,0.0,2015-03-25,0,0,0.0,0,0.0,0.0,0.0,0.0,0.0
2015,3,25,3,DL,2657,N595NW,DTW,PHX,2000,2010.0,10.0,11.0,2021.0,259.0,245.0,230.0,1671,2111.0,4.0,2119,2115.0,-4.0,0,0,,0.0,0.0,0.0,0.0,0.0,2015-03-25,0,0,0.0,0,0.0,0.0,0.0,0.0,0.0
2015,2,16,1,WN,4564,N647SW,LAX,PHX,945,944.0,-1.0,9.0,953.0,70.0,83.0,58.0,370,1151.0,16.0,1155,1207.0,12.0,0,0,,0.0,0.0,0.0,0.0,0.0,2015-02-16,0,0,0.0,0,0.0,0.0,0.0,0.0,0.0
2015,2,14,6,AA,332,N496AA,RDU,DFW,1540,1545.0,5.0,14.0,1559.0,193.0,186.0,166.0,1061,1745.0,6.0,1753,1751.0,-2.0,0,0,,0.0,0.0,0.0,0.0,0.0,2015-02-14,0,0,0.0,0,0.0,0.0,0.0,0.0,0.0
2015,2,24,2,DL,1642,N910AT,ATL,CAK,1516,1557.0,41.0,18.0,1615.0,107.0,103.0,80.0,528,1735.0,5.0,1703,1740.0,37.0,0,0,,0.0,0.0,37.0,0.0,0.0,2015-02-24,1,1,37.0,1,0.0,0.0,100.0,0.0,0.0
2015,3,10,2,MQ,3192,N607MQ,ORD,GRR,1525,1521.0,-4.0,12.0,1533.0,46.0,49.0,33.0,137,1706.0,4.0,1711,1710.0,-1.0,0,0,,0.0,0.0,0.0,0.0,0.0,2015-03-10,0,0,0.0,0,0.0,0.0,0.0,0.0,0.0
2015,2,20,5,AA,310,N566AA,MFE,DFW,604,557.0,-7.0,9.0,606.0,96.0,86.0,73.0,469,719.0,4.0,740,723.0,-17.0,0,0,,0.0,0.0,0.0,0.0,0.0,2015-02-20,0,0,0.0,0,0.0,0.0,0.0,0.0,0.0
2015,3,21,6,AS,515,N538AS,SNA,SEA,1725,1722.0,-3.0,7.0,1729.0,155.0,152.0,135.0,978,1944.0,10.0,2000,1954.0,-6.0,0,0,,0.0,0.0,0.0,0.0,0.0,2015-03-21,0,0,0.0,0,0.0,0.0,0.0,0.0,0.0
2015,3,14,6,EV,4343,N13969,IAH,OMA,1201,1204.0,3.0,23.0,1227.0,137.0,131.0,104.0,781,1411.0,4.0,1418,1415.0,-3.0,0,0,,0.0,0.0,0.0,0.0,0.0,2015-03-14,0,0,0.0,0,0.0,0.0,0.0,0.0,0.0
2015,2,23,1,EV,4235,N11107,ISN,IAH,1342,1438.0,56.0,12.0,1450.0,217.0,191.0,172.0,1330,1742.0,7.0,1719,1749.0,30.0,0,0,,16.0,0.0,0.0,14.0,0.0,2015-02-23,1,1,30.0,1,53.33,0.0,0.0,46.67,0.0
2015,3,7,6,HA,323,N478HA,HNL,LIH,2151,2200.0,9.0,9.0,2209.0,37.0,37.0,23.0,102,2232.0,5.0,2228,2237.0,9.0,0,0,,0.0,0.0,0.0,0.0,0.0,2015-03-07,0,0,0.0,0,0.0,0.0,0.0,0.0,0.0
2015,2,15,7,EV,4389,N13553,MEM,ORD,1815,1804.0,-11.0,20.0,1824.0,115.0,116.0,84.0,491,1948.0,12.0,2010,2000.0,-10.0,0,0,,0.0,0.0,0.0,0.0,0.0,2015-02-15,0,0,0.0,0,0.0,0.0,0.0,0.0,0.0
2015,3,11,3,WN,4026,N8326F,LAS,PDX,1435,1429.0,-6.0,10.0,1439.0,140.0,126.0,112.0,763,1631.0,4.0,1655,1635.0,-20.0,0,0,,0.0,0.0,0.0,0.0,0.0,2015-03-11,0,0,0.0,0,0.0,0.0,0.0,0.0,0.0
2015,3,24,2,AA,2333,N4YEAA,LAS,ORD,820,815.0,-5.0,15.0,830.0,215.0,216.0,183.0,1514,1333.0,18.0,1355,1351.0,-4.0,0,0,,0.0,0.0,0.0,0.0,0.0,2015-03-24,0,0,0.0,0,0.0,0.0,0.0,0.0,0.0
2015,3,12,4,UA,233,N502UA,LAX,JFK,1621,1624.0,3.0,17.0,1641.0,319.0,315.0,295.0,2475,36.0,3.0,40,39.0,-1.0,0,0,,0.0,0.0,0.0,0.0,0.0,2015-03-12,0,0,0.0,0,0.0,0.0,0.0,0.0,0.0
2015,3,10,2,OO,4478,N549CA,ORD,SLC,750,941.0,111.0,28.0,1009.0,217.0,200.0,166.0,1250,1155.0,6.0,1027,1201.0,94.0,0,0,,0.0,0.0,94.0,0.0,0.0,2015-03-10,1,1,94.0,1,0.0,0.0,100.0,0.0,0.0
2015,3,5,4,US,646,N679AW,BOI,PHX,700,710.0,10.0,21.0,731.0,123.0,122.0,97.0,735,908.0,4.0,903,912.0,9.0,0,0,,0.0,0.0,0.0,0.0,0.0,2015-03-05,0,0,0.0,0,0.0,0.0,0.0,0.0,0.0
2015,3,16,1,WN,2413,N200WN,SAN,ATL,850,854.0,4.0,8.0,902.0,240.0,251.0,235.0,1892,1557.0,8.0,1550,1605.0,15.0,0,0,,15.0,0.0,0.0,0.0,0.0,2015-03-16,0,0,15.0,0,100.0,0.0,0.0,0.0,0.0
2015,2,20,5,DL,1427,N823DN,ATL,FLL,2140,2219.0,39.0,13.0,2232.0,113.0,91.0,75.0,581,2347.0,3.0,2333,2350.0,17.0,0,0,,0.0,0.0,17.0,0.0,0.0,2015-02-20,1,1,17.0,1,0.0,0.0,100.0,0.0,0.0
2015,3,20,5,B6,959,N658JB,BDL,FLL,720,709.0,-11.0,39.0,748.0,192.0,215.0,167.0,1173,1035.0,9.0,1032,1044.0,12.0,0,0,,0.0,0.0,0.0,0.0,0.0,2015-03-20,0,0,0.0,0,0.0,0.0,0.0,0.0,0.0
2015,2,15,7,EV,5912,N12160,DEN,DIK,1908,1908.0,0.0,33.0,1941.0,101.0,106.0,69.0,488,2050.0,4.0,2049,2054.0,5.0,0,0,,0.0,0.0,0.0,0.0,0.0,2015-02-15,0,0,0.0,0,0.0,0.0,0.0,0.0,0.0
2015,3,10,2,HA,127,N493HA,KOA,HNL,1319,1314.0,-5.0,7.0,1321.0,44.0,43.0,29.0,163,1350.0,7.0,1403,1357.0,-6.0,0,0,,0.0,0.0,0.0,0.0,0.0,2015-03-10,0,0,0.0,0,0.0,0.0,0.0,0.0,0.0
2015,3,22,7,DL,2080,N314US,SLC,PHX,2023,2059.0,36.0,19.0,2118.0,96.0,99.0,75.0,507,2133.0,5.0,2059,2138.0,39.0,0,0,,3.0,0.0,7.0,29.0,0.0,2015-03-22,1,1,39.0,1,7.69,0.0,17.95,74.36,0.0
2015,2,16,1,DL,1686,N358NW,SLC,DTW,1000,1001.0,1.0,14.0,1015.0,208.0,191.0,172.0,1481,1507.0,5.0,1528,1512.0,-16.0,0,0,,0.0,0.0,0.0,0.0,0.0,2015-02-16,0,0,0.0,0,0.0,0.0,0.0,0.0,0.0
2015,2,27,5,OO,4570,N816SK,SJC,SLC,615,613.0,-2.0,16.0,629.0,120.0,115.0,92.0,584,901.0,7.0,915,908.0,-7.0,0,0,,0.0,0.0,0.0,0.0,0.0,2015-02-27,0,0,0.0,0,0.0,0.0,0.0,0.0,0.0
2015,3,18,3,UA,1083,N68805,LAX,ORD,1338,1336.0,-2.0,21.0,1357.0,247.0,245.0,212.0,1744,1929.0,12.0,1945,1941.0,-4.0,0,0,,0.0,0.0,0.0,0.0,0.0,2015-03-18,0,0,0.0,0,0.0,0.0,0.0,0.0,0.0
2015,3,18,3,WN,719,N487WN,BWI,MDW,750,748.0,-2.0,8.0,756.0,120.0,116.0,102.0,611,838.0,6.0,850,844.0,-6.0,0,0,,0.0,0.0,0.0,0.0,0.0,2015-03-18,0,0,0.0,0,0.0,0.0,0.0,0.0,0.0
2015,3,10,2,AA,1017,N3KAAA,DFW,SEA,1820,1837.0,17.0,14.0,1851.0,264.0,252.0,229.0,1660,2040.0,9.0,2044,2049.0,5.0,0,0,,0.0,0.0,0.0,0.0,0.0,2015-03-10,1,0,0.0,0,0.0,0.0,0.0,0.0,0.0
2015,2,23,1,WN,4107,N639SW,ATL,STL,1345,1342.0,-3.0,15.0,1357.0,105.0,105.0,87.0,484,1424.0,3.0,1430,1427.0,-3.0,0,0,,0.0,0.0,0.0,0.0,0.0,2015-02-23,0,0,0.0,0,0.0,0.0,0.0,0.0,0.0
2015,2,18,3,DL,2555,N585NW,DTW,FLL,1147,1145.0,-2.0,33.0,1218.0,192.0,191.0,154.0,1127,1452.0,4.0,1459,1456.0,-3.0,0,0,,0.0,0.0,0.0,0.0,0.0,2015-02-18,0,0,0.0,0,0.0,0.0,0.0,0.0,0.0
2015,2,25,3,US,599,N816AW,MCI,PHX,1455,1459.0,4.0,11.0,1510.0,170.0,164.0,147.0,1044,1637.0,6.0,1645,1643.0,-2.0,0,0,,0.0,0.0,0.0,0.0,0.0,2015-02-25,0,0,0.0,0,0.0,0.0,0.0,0.0,0.0
2015,3,1,7,B6,1951,N247JB,BOS,MCO,1750,1955.0,125.0,53.0,2048.0,190.0,223.0,163.0,1121,2331.0,7.0,2100,2338.0,158.0,0,0,,33.0,0.0,25.0,100.0,0.0,2015-03-01,1,1,158.0,1,20.89,0.0,15.82,63.29,0.0
2015,3,17,2,EV,4246,N12195,EWR,DTW,705,656.0,-9.0,14.0,710.0,121.0,125.0,95.0,488,845.0,16.0,906,901.0,-5.0,0,0,,0.0,0.0,0.0,0.0,0.0,2015-03-17,0,0,0.0,0,0.0,0.0,0.0,0.0,0.0
2015,2,19,4,B6,477,N766JB,JFK,JAX,1459,1459.0,0.0,35.0,1534.0,168.0,162.0,121.0,828,1735.0,6.0,1747,1741.0,-6.0,0,0,,0.0,0.0,0.0,0.0,0.0,2015-02-19,0,0,0.0,0,0.0,0.0,0.0,0.0,0.0
2015,3,23,1,WN,3044,N8309C,LAX,BNA,635,632.0,-3.0,9.0,641.0,230.0,210.0,195.0,1797,1156.0,6.0,1225,1202.0,-23.0,0,0,,0.0,0.0,0.0,0.0,0.0,2015-03-23,0,0,0.0,0,0.0,0.0,0.0,0.0,0.0
2015,2,22,7,B6,333,N656JB,MCO,SJU,2345,15.0,30.0,12.0,27.0,161.0,152.0,133.0,1189,340.0,7.0,326,347.0,21.0,0,0,,0.0,0.0,0.0,21.0,0.0,2015-02-22,1,1,21.0,1,0.0,0.0,0.0,100.0,0.0
2015,3,9,1,WN,638,N251WN,MCO,MDW,1355,1418.0,23.0,7.0,1425.0,170.0,148.0,137.0,990,1542.0,4.0,1545,1546.0,1.0,0,0,,0.0,0.0,0.0,0.0,0.0,2015-03-09,1,0,0.0,0,0.0,0.0,0.0,0.0,0.0
2015,3,14,6,US,2036,N813AW,JAX,CLT,1355,1353.0,-2.0,12.0,1405.0,82.0,83.0,63.0,328,1508.0,8.0,1517,1516.0,-1.0,0,0,,0.0,0.0,0.0,0.0,0.0,2015-03-14,0,0,0.0,0,0.0,0.0,0.0,0.0,0.0
2015,3,7,6,WN,1566,N7724A,TPA,AUS,1635,1706.0,31.0,11.0,1717.0,165.0,157.0,142.0,928,1839.0,4.0,1820,1843.0,23.0,0,0,,0.0,0.0,0.0,23.0,0.0,2015-03-07,1,1,23.0,1,0.0,0.0,0.0,100.0,0.0
2015,2,14,6,WN,3740,N610WN,FLL,BWI,1510,1551.0,41.0,9.0,1600.0,160.0,148.0,132.0,925,1812.0,7.0,1750,1819.0,29.0,0,0,,0.0,0.0,9.0,20.0,0.0,2015-02-14,1,1,29.0,1,0.0,0.0,31.03,68.97,0.0
2015,3,6,5,WN,430,N556WN,MDW,MCO,1020,1027.0,7.0,7.0,1034.0,155.0,152.0,135.0,990,1349.0,10.0,1355,1359.0,4.0,0,0,,0.0,0.0,0.0,0.0,0.0,2015-03-06,0,0,0.0,0,0.0,0.0,0.0,0.0,0.0
2015,3,25,3,OO,5377,N582SW,LAX,CLD,722,716.0,-6.0,13.0,729.0,48.0,41.0,24.0,86,753.0,4.0,810,757.0,-13.0,0,0,,0.0,0.0,0.0,0.0,0.0,2015-03-25,0,0,0.0,0,0.0,0.0,0.0,0.0,0.0
2015,2,16,1,UA,250,N492UA,SEA,DEN,537,525.0,-12.0,14.0,539.0,158.0,151.0,127.0,1024,846.0,10.0,915,856.0,-19.0,0,0,,0.0,0.0,0.0,0.0,0.0,2015-02-16,0,0,0.0,0,0.0,0.0,0.0,0.0,0.0
2015,3,10,2,DL,1760,N3737C,SEA,ANC,2159,2156.0,-3.0,15.0,2211.0,217.0,206.0,186.0,1448,17.0,5.0,36,22.0,-14.0,0,0,,0.0,0.0,0.0,0.0,0.0,2015-03-10,0,0,0.0,0,0.0,0.0,0.0,0.0,0.0
2015,2,23,1,DL,1666,N808DN,RDU,ATL,1718,1718.0,0.0,14.0,1732.0,102.0,82.0,64.0,356,1836.0,4.0,1900,1840.0,-20.0,0,0,,0.0,0.0,0.0,0.0,0.0,2015-02-23,0,0,0.0,0,0.0,0.0,0.0,0.0,0.0
2015,3,23,1,AA,1368,N3GNAA,SFO,DFW,806,848.0,42.0,9.0,857.0,204.0,182.0,167.0,1464,1344.0,6.0,1330,1350.0,20.0,0,0,,0.0,0.0,20.0,0.0,0.0,2015-03-23,1,1,20.0,1,0.0,0.0,100.0,0.0,0.0
2015,3,11,3,B6,2417,N579JB,MCO,AUS,1305,1259.0,-6.0,14.0,1313.0,172.0,161.0,143.0,994,1436.0,4.0,1457,1440.0,-17.0,0,0,,0.0,0.0,0.0,0.0,0.0,2015-03-11,0,0,0.0,0,0.0,0.0,0.0,0.0,0.0
2015,3,2,1,F9,1251,N910FR,MIA,DEN,1445,1447.0,2.0,15.0,1502.0,260.0,266.0,243.0,1709,1705.0,8.0,1705,1713.0,8.0,0,0,,0.0,0.0,0.0,0.0,0.0,2015-03-02,0,0,0.0,0,0.0,0.0,0.0,0.0,0.0
2015,3,2,1,WN,44,N438WN,ATL,HOU,1505,1501.0,-4.0,13.0,1514.0,145.0,126.0,110.0,696,1604.0,3.0,1630,1607.0,-23.0,0,0,,0.0,0.0,0.0,0.0,0.0,2015-03-02,0,0,0.0,0,0.0,0.0,0.0,0.0,0.0
2015,3,21,6,UA,422,N415UA,BZN,EWR,1300,1319.0,19.0,14.0,1333.0,249.0,249.0,210.0,1882,1903.0,25.0,1909,1928.0,19.0,0,0,,0.0,0.0,19.0,0.0,0.0,2015-03-21,1,1,19.0,1,0.0,0.0,100.0,0.0,0.0
2015,2,16,1,WN,346,N209WN,ATL,SAT,915,923.0,8.0,11.0,934.0,160.0,167.0,150.0,874,1104.0,6.0,1055,1110.0,15.0,0,0,,7.0,0.0,6.0,2.0,0.0,2015-02-16,0,0,15.0,0,46.67,0.0,40.0,13.33,0.0
2015,3,10,2,US,480,N830AW,PHX,IAH,858,851.0,-7.0,22.0,913.0,161.0,165.0,134.0,1009,1327.0,9.0,1339,1336.0,-3.0,0,0,,0.0,0.0,0.0,0.0,0.0,2015-03-10,0,0,0.0,0,0.0,0.0,0.0,0.0,0.0
2015,3,20,5,WN,1005,N939WN,MCO,MCI,1235,1321.0,46.0,7.0,1328.0,180.0,168.0,156.0,1072,1504.0,5.0,1435,1509.0,34.0,0,0,,0.0,0.0,5.0,29.0,0.0,2015-03-20,1,1,34.0,1,0.0,0.0,14.71,85.29,0.0
2015,3,21,6,MQ,3099,N624MQ,DFW,ACT,915,910.0,-5.0,13.0,923.0,38.0,44.0,27.0,89,950.0,4.0,953,954.0,1.0,0,0,,0.0,0.0,0.0,0.0,0.0,2015-03-21,0,0,0.0,0,0.0,0.0,0.0,0.0,0.0
2015,3,4,3,DL,2293,N368NB,ATL,ELP,1931,1935.0,4.0,21.0,1956.0,213.0,218.0,193.0,1282,2109.0,4.0,2104,2113.0,9.0,0,0,,0.0,0.0,0.0,0.0,0.0,2015-03-04,0,0,0.0,0,0.0,0.0,0.0,0.0,0.0
2015,2,27,5,DL,1287,N3755D,BNA,DTW,1626,1655.0,29.0,10.0,1705.0,95.0,84.0,67.0,456,1912.0,7.0,1901,1919.0,18.0,0,0,,0.0,0.0,18.0,0.0,0.0,2015-02-27,1,1,18.0,1,0.0,0.0,100.0,0.0,0.0
2015,2,24,2,EV,4500,N13979,SDF,EWR,1232,1321.0,49.0,13.0,1334.0,122.0,120.0,98.0,642,1512.0,9.0,1434,1521.0,47.0,0,0,,0.0,0.0,0.0,47.0,0.0,2015-02-24,1,1,47.0,1,0.0,0.0,0.0,100.0,0.0
2015,2,19,4,MQ,3494,N511MQ,DFW,XNA,750,750.0,0.0,13.0,803.0,64.0,66.0,49.0,280,852.0,4.0,854,856.0,2.0,0,0,,0.0,0.0,0.0,0.0,0.0,2015-02-19,0,0,0.0,0,0.0,0.0,0.0,0.0,0.0
2015,2,22,7,AA,2227,N013AA,MIA,IAH,1640,1747.0,67.0,11.0,1758.0,184.0,170.0,152.0,964,1930.0,7.0,1844,1937.0,53.0,0,0,,0.0,0.0,53.0,0.0,0.0,2015-02-22,1,1,53.0,1,0.0,0.0,100.0,0.0,0.0
2015,3,12,4,EV,4750,N16963,FSD,ORD,1103,1105.0,2.0,11.0,1116.0,102.0,95.0,70.0,462,1226.0,14.0,1245,1240.0,-5.0,0,0,,0.0,0.0,0.0,0.0,0.0,2015-03-12,0,0,0.0,0,0.0,0.0,0.0,0.0,0.0
2015,3,25,3,WN,2767,N397SW,CMH,BWI,1925,1932.0,7.0,7.0,1939.0,70.0,63.0,50.0,337,2029.0,6.0,2035,2035.0,0.0,0,0,,0.0,0.0,0.0,0.0,0.0,2015-03-25,0,0,0.0,0,0.0,0.0,0.0,0.0,0.0
2015,3,18,3,WN,3566,N7705A,BOS,MCI,920,922.0,2.0,15.0,937.0,220.0,210.0,189.0,1256,1146.0,6.0,1200,1152.0,-8.0,0,0,,0.0,0.0,0.0,0.0,0.0,2015-03-18,0,0,0.0,0,0.0,0.0,0.0,0.0,0.0
2015,3,16,1,EV,5381,N751EV,SAT,DTW,1650,1642.0,-8.0,15.0,1657.0,180.0,175.0,151.0,1214,2028.0,9.0,2050,2037.0,-13.0,0,0,,0.0,0.0,0.0,0.0,0.0,2015-03-16,0,0,0.0,0,0.0,0.0,0.0,0.0,0.0
2015,3,14,6,MQ,3375,N516MQ,DFW,XNA,750,823.0,33.0,15.0,838.0,64.0,64.0,44.0,280,922.0,5.0,854,927.0,33.0,0,0,,0.0,0.0,33.0,0.0,0.0,2015-03-14,1,1,33.0,1,0.0,0.0,100.0,0.0,0.0
2015,3,17,2,WN,2591,N340LV,PHX,SJC,2105,2107.0,2.0,7.0,2114.0,110.0,96.0,85.0,621,2239.0,4.0,2255,2243.0,-12.0,0,0,,0.0,0.0,0.0,0.0,0.0,2015-03-17,0,0,0.0,0,0.0,0.0,0.0,0.0,0.0
2015,3,23,1,OO,2835,N435SW,MKE,ORD,1456,1735.0,159.0,11.0,1746.0,54.0,54.0,26.0,67,1812.0,17.0,1550,1829.0,159.0,0,0,,0.0,0.0,0.0,159.0,0.0,2015-03-23,1,1,159.0,1,0.0,0.0,0.0,100.0,0.0
2015,3,13,5,OO,2872,N863AS,SMF,LAX,710,714.0,4.0,9.0,723.0,96.0,76.0,58.0,373,821.0,9.0,846,830.0,-16.0,0,0,,0.0,0.0,0.0,0.0,0.0,2015-03-13,0,0,0.0,0,0.0,0.0,0.0,0.0,0.0
2015,3,8,7,B6,548,N316JB,TPA,HPN,1509,1502.0,-7.0,24.0,1526.0,165.0,164.0,138.0,1032,1744.0,2.0,1754,1746.0,-8.0,0,0,,0.0,0.0,0.0,0.0,0.0,2015-03-08,0,0,0.0,0,0.0,0.0,0.0,0.0,0.0
2015,3,6,5,OO,4737,N779CA,MSP,DIK,1956,1954.0,-2.0,15.0,2009.0,113.0,95.0,76.0,481,2025.0,4.0,2049,2029.0,-20.0,0,0,,0.0,0.0,0.0,0.0,0.0,2015-03-06,0,0,0.0,0,0.0,0.0,0.0,0.0,0.0
2015,3,18,3,WN,884,N764SW,LAS,SFO,1135,1131.0,-4.0,9.0,1140.0,95.0,79.0,63.0,414,1243.0,7.0,1310,1250.0,-20.0,0,0,,0.0,0.0,0.0,0.0,0.0,2015-03-18,0,0,0.0,0,0.0,0.0,0.0,0.0,0.0
2015,2,23,1,UA,545,N806UA,EWR,ORD,1455,1500.0,5.0,22.0,1522.0,154.0,145.0,119.0,719,1621.0,4.0,1629,1625.0,-4.0,0,0,,0.0,0.0,0.0,0.0,0.0,2015-02-23,0,0,0.0,0,0.0,0.0,0.0,0.0,0.0
2015,3,20,5,OO,7403,N455CA,HIB,INL,2114,2114.0,0.0,8.0,2122.0,49.0,34.0,21.0,86,2143.0,5.0,2203,2148.0,-15.0,0,0,,0.0,0.0,0.0,0.0,0.0,2015-03-20,0,0,0.0,0,0.0,0.0,0.0,0.0,0.0
2015,3,25,3,WN,962,N941WN,BWI,FLL,1800,1803.0,3.0,9.0,1812.0,160.0,142.0,129.0,925,2021.0,4.0,2040,2025.0,-15.0,0,0,,0.0,0.0,0.0,0.0,0.0,2015-03-25,0,0,0.0,0,0.0,0.0,0.0,0.0,0.0
2015,3,14,6,AA,1529,N020AA,LAX,ATL,1535,1529.0,-6.0,37.0,1606.0,249.0,276.0,234.0,1947,2300.0,5.0,2244,2305.0,21.0,0,0,,21.0,0.0,0.0,0.0,0.0,2015-03-14,0,1,21.0,1,100.0,0.0,0.0,0.0,0.0
2015,3,17,2,UA,211,N473UA,ORD,PHL,1335,1331.0,-4.0,16.0,1347.0,132.0,103.0,78.0,678,1605.0,9.0,1647,1614.0,-33.0,0,0,,0.0,0.0,0.0,0.0,0.0,2015-03-17,0,0,0.0,0,0.0,0.0,0.0,0.0,0.0
2015,2,20,5,WN,4391,N902WN,SFO,DEN,600,556.0,-4.0,10.0,606.0,150.0,130.0,111.0,967,857.0,9.0,930,906.0,-24.0,0,0,,0.0,0.0,0.0,0.0,0.0,2015-02-20,0,0,0.0,0,0.0,0.0,0.0,0.0,0.0
2015,3,19,4,EV,2522,N906EV,LAW,DFW,605,558.0,-7.0,17.0,615.0,51.0,53.0,28.0,140,643.0,8.0,656,651.0,-5.0,0,0,,0.0,0.0,0.0,0.0,0.0,2015-03-19,0,0,0.0,0,0.0,0.0,0.0,0.0,0.0
2015,3,8,7,EV,6051,N12167,ORD,LIT,853,848.0,-5.0,24.0,912.0,116.0,119.0,87.0,552,1039.0,8.0,1049,1047.0,-2.0,0,0,,0.0,0.0,0.0,0.0,0.0,2015-03-08,0,0,0.0,0,0.0,0.0,0.0,0.0,0.0
2015,2,22,7,UA,1018,N76265,DTW,IAH,819,837.0,18.0,11.0,848.0,199.0,190.0,171.0,1075,1039.0,8.0,1038,1047.0,9.0,0,0,,0.0,0.0,0.0,0.0,0.0,2015-02-22,1,0,0.0,0,0.0,0.0,0.0,0.0,0.0
2015,3,9,1,DL,2155,N988DL,ATL,SRQ,1706,1717.0,11.0,8.0,1725.0,95.0,80.0,68.0,444,1833.0,4.0,1841,1837.0,-4.0,0,0,,0.0,0.0,0.0,0.0,0.0,2015-03-09,0,0,0.0,0,0.0,0.0,0.0,0.0,0.0
2015,3,3,2,HA,35,N583HA,PHX,HNL,800,755.0,-5.0,18.0,813.0,415.0,414.0,392.0,2917,1145.0,4.0,1155,1149.0,-6.0,0,0,,0.0,0.0,0.0,0.0,0.0,2015-03-03,0,0,0.0,0,0.0,0.0,0.0,0.0,0.0
2015,3,22,7,US,895,N162UW,ORD,PHL,1855,1859.0,4.0,20.0,1919.0,117.0,111.0,87.0,678,2146.0,4.0,2152,2150.0,-2.0,0,0,,0.0,0.0,0.0,0.0,0.0,2015-03-22,0,0,0.0,0,0.0,0.0,0.0,0.0,0.0
2015,3,18,3,UA,899,N822UA,ALB,ORD,630,647.0,17.0,18.0,705.0,153.0,140.0,118.0,723,803.0,4.0,803,807.0,4.0,0,0,,0.0,0.0,0.0,0.0,0.0,2015-03-18,1,0,0.0,0,0.0,0.0,0.0,0.0,0.0
2015,2,16,1,WN,4,N7721E,ELP,PHX,1005,957.0,-8.0,9.0,1006.0,80.0,80.0,58.0,347,1104.0,13.0,1125,1117.0,-8.0,0,0,,0.0,0.0,0.0,0.0,0.0,2015-02-16,0,0,0.0,0,0.0,0.0,0.0,0.0,0.0
2015,3,21,6,WN,2813,N555LV,MCO,RDU,1325,1323.0,-2.0,34.0,1357.0,100.0,117.0,80.0,534,1517.0,3.0,1505,1520.0,15.0,0,0,,15.0,0.0,0.0,0.0,0.0,2015-03-21,0,0,15.0,0,100.0,0.0,0.0,0.0,0.0
2015,2,14,6,AA,1150,N3DUAA,LAX,SFO,1220,1218.0,-2.0,16.0,1234.0,82.0,72.0,53.0,337,1327.0,3.0,1342,1330.0,-12.0,0,0,,0.0,0.0,0.0,0.0,0.0,2015-02-14,0,0,0.0,0,0.0,0.0,0.0,0.0,0.0
2015,3,24,2,B6,971,N527JB,LGA,FLL,1050,1048.0,-2.0,31.0,1119.0,193.0,177.0,142.0,1076,1341.0,4.0,1403,1345.0,-18.0,0,0,,0.0,0.0,0.0,0.0,0.0,2015-03-24,0,0,0.0,0,0.0,0.0,0.0,0.0,0.0
2015,3,25,3,UA,449,N846UA,EWR,BOS,1112,1125.0,13.0,10.0,1135.0,72.0,55.0,39.0,200,1214.0,6.0,1224,1220.0,-4.0,0,0,,0.0,0.0,0.0,0.0,0.0,2015-03-25,0,0,0.0,0,0.0,0.0,0.0,0.0,0.0
2015,3,22,7,B6,1197,N595JB,PVD,FLL,1713,1724.0,11.0,14.0,1738.0,196.0,191.0,169.0,1188,2027.0,8.0,2029,2035.0,6.0,0,0,,0.0,0.0,0.0,0.0,0.0,2015-03-22,0,0,0.0,0,0.0,0.0,0.0,0.0,0.0
2015,2,14,6,DL,1152,N723TW,HNL,SFO,2300,2259.0,-1.0,20.0,2319.0,318.0,331.0,304.0,2398,623.0,7.0,618,630.0,12.0,0,0,,0.0,0.0,0.0,0.0,0.0,2015-02-14,0,0,0.0,0,0.0,0.0,0.0,0.0,0.0
2015,2,28,6,AS,769,N565AS,BOS,SAN,1810,1800.0,-10.0,20.0,1820.0,400.0,415.0,392.0,2588,2152.0,3.0,2150,2155.0,5.0,0,0,,0.0,0.0,0.0,0.0,0.0,2015-02-28,0,0,0.0,0,0.0,0.0,0.0,0.0,0.0
2015,2,15,7,UA,1437,N17244,FLL,EWR,1355,1357.0,2.0,7.0,1404.0,185.0,188.0,153.0,1065,1637.0,28.0,1700,1705.0,5.0,0,0,,0.0,0.0,0.0,0.0,0.0,2015-02-15,0,0,0.0,0,0.0,0.0,0.0,0.0,0.0
2015,2,18,3,US,433,N536UW,PHX,SFO,1120,1114.0,-6.0,33.0,1147.0,134.0,134.0,97.0,651,1224.0,4.0,1234,1228.0,-6.0,0,0,,0.0,0.0,0.0,0.0,0.0,2015-02-18,0,0,0.0,0,0.0,0.0,0.0,0.0,0.0
2015,2,22,7,DL,2255,N593NW,MCO,DTW,605,603.0,-2.0,13.0,616.0,153.0,149.0,130.0,957,826.0,6.0,838,832.0,-6.0,0,0,,0.0,0.0,0.0,0.0,0.0,2015-02-22,0,0,0.0,0,0.0,0.0,0.0,0.0,0.0
2015,3,19,4,WN,4085,N465WN,MKE,ATL,1145,1142.0,-3.0,13.0,1155.0,120.0,111.0,90.0,669,1425.0,8.0,1445,1433.0,-12.0,0,0,,0.0,0.0,0.0,0.0,0.0,2015-03-19,0,0,0.0,0,0.0,0.0,0.0,0.0,0.0
2015,3,6,5,UA,472,N411UA,ORD,MDT,1332,1354.0,22.0,20.0,1414.0,102.0,97.0,72.0,594,1626.0,5.0,1614,1631.0,17.0,0,0,,0.0,0.0,7.0,10.0,0.0,2015-03-06,1,1,17.0,1,0.0,0.0,41.18,58.82,0.0
2015,2,24,2,UA,1560,N69839,RSW,EWR,1102,1111.0,9.0,10.0,1121.0,168.0,165.0,147.0,1068,1348.0,8.0,1350,1356.0,6.0,0,0,,0.0,0.0,0.0,0.0,0.0,2015-02-24,0,0,0.0,0,0.0,0.0,0.0,0.0,0.0
2015,2,14,6,DL,760,N542US,ATL,SMF,940,947.0,7.0,27.0,1014.0,318.0,312.0,280.0,2092,1154.0,5.0,1158,1159.0,1.0,0,0,,0.0,0.0,0.0,0.0,0.0,2015-02-14,0,0,0.0,0,0.0,0.0,0.0,0.0,0.0
2015,3,3,2,WN,136,N7729A,MKE,MCI,755,754.0,-1.0,46.0,840.0,110.0,133.0,81.0,436,1001.0,6.0,945,1007.0,22.0,0,0,,22.0,0.0,0.0,0.0,0.0,2015-03-03,0,1,22.0,1,100.0,0.0,0.0,0.0,0.0
2015,3,22,7,WN,171,N912WN,DEN,RDU,1815,1810.0,-5.0,8.0,1818.0,185.0,178.0,161.0,1436,2259.0,9.0,2320,2308.0,-12.0,0,0,,0.0,0.0,0.0,0.0,0.0,2015-03-22,0,0,0.0,0,0.0,0.0,0.0,0.0,0.0
2015,2,15,7,UA,1278,N17245,SFO,LAX,2230,2230.0,0.0,15.0,2245.0,82.0,70.0,51.0,337,2336.0,4.0,2352,2340.0,-12.0,0,0,,0.0,0.0,0.0,0.0,0.0,2015-02-15,0,0,0.0,0,0.0,0.0,0.0,0.0,0.0
2015,3,3,2,OO,3485,N219AG,SLC,SEA,1200,1152.0,-8.0,31.0,1223.0,125.0,138.0,103.0,689,1306.0,4.0,1305,1310.0,5.0,0,0,,0.0,0.0,0.0,0.0,0.0,2015-03-03,0,0,0.0,0,0.0,0.0,0.0,0.0,0.0
2015,3,15,7,OO,2750,N889AS,PHX,FLG,1510,1505.0,-5.0,18.0,1523.0,47.0,47.0,24.0,119,1547.0,5.0,1557,1552.0,-5.0,0,0,,0.0,0.0,0.0,0.0,0.0,2015-03-15,0,0,0.0,0,0.0,0.0,0.0,0.0,0.0
2015,3,21,6,MQ,3628,N905MQ,ORD,SDF,650,646.0,-4.0,17.0,703.0,76.0,65.0,43.0,287,846.0,5.0,906,851.0,-15.0,0,0,,0.0,0.0,0.0,0.0,0.0,2015-03-21,0,0,0.0,0,0.0,0.0,0.0,0.0,0.0
2015,3,13,5,UA,1192,N75433,IAH,SEA,1551,1613.0,22.0,15.0,1628.0,296.0,270.0,249.0,1874,1837.0,6.0,1847,1843.0,-4.0,0,0,,0.0,0.0,0.0,0.0,0.0,2015-03-13,1,0,0.0,0,0.0,0.0,0.0,0.0,0.0
2015,3,13,5,US,1940,N913US,CLT,ALB,2220,2235.0,15.0,19.0,2254.0,112.0,117.0,94.0,646,28.0,4.0,12,32.0,20.0,0,0,,5.0,0.0,0.0,15.0,0.0,2015-03-13,0,1,20.0,1,25.0,0.0,0.0,75.0,0.0
2015,3,5,4,AA,2343,N3FWAA,DFW,ORD,2050,2052.0,2.0,13.0,2105.0,122.0,117.0,96.0,802,2241.0,8.0,2252,2249.0,-3.0,0,0,,0.0,0.0,0.0,0.0,0.0,2015-03-05,0,0,0.0,0,0.0,0.0,0.0,0.0,0.0
2015,3,12,4,HA,132,N486HA,OGG,ITO,915,909.0,-6.0,6.0,915.0,37.0,38.0,28.0,121,943.0,4.0,952,947.0,-5.0,0,0,,0.0,0.0,0.0,0.0,0.0,2015-03-12,0,0,0.0,0,0.0,0.0,0.0,0.0,0.0
2015,3,18,3,OO,7369,N629BR,APN,DTW,1017,1014.0,-3.0,8.0,1022.0,65.0,46.0,33.0,198,1055.0,5.0,1122,1100.0,-22.0,0,0,,0.0,0.0,0.0,0.0,0.0,2015-03-18,0,0,0.0,0,0.0,0.0,0.0,0.0,0.0
2015,2,13,5,DL,434,N710TW,JFK,SFO,1129,1205.0,36.0,17.0,1222.0,396.0,362.0,339.0,2586,1501.0,6.0,1505,1507.0,2.0,0,0,,0.0,0.0,0.0,0.0,0.0,2015-02-13,1,0,0.0,0,0.0,0.0,0.0,0.0,0.0
2015,3,2,1,DL,1564,N917DL,ATL,RDU,1245,1328.0,43.0,11.0,1339.0,80.0,67.0,52.0,356,1431.0,4.0,1405,1435.0,30.0,0,0,,0.0,0.0,30.0,0.0,0.0,2015-03-02,1,1,30.0,1,0.0,0.0,100.0,0.0,0.0
2015,3,18,3,US,481,N667AW,PHL,DEN,750,754.0,4.0,29.0,823.0,269.0,274.0,240.0,1558,1023.0,5.0,1019,1028.0,9.0,0,0,,0.0,0.0,0.0,0.0,0.0,2015-03-18,0,0,0.0,0,0.0,0.0,0.0,0.0,0.0
2015,3,3,2,DL,1131,N971DL,LGA,FLL,1115,1214.0,59.0,29.0,1243.0,200.0,178.0,145.0,1076,1508.0,4.0,1435,1512.0,37.0,0,0,,0.0,0.0,0.0,37.0,0.0,2015-03-03,1,1,37.0,1,0.0,0.0,0.0,100.0,0.0
2015,3,2,1,US,1954,N917US,CLT,LGA,2020,2017.0,-3.0,35.0,2052.0,105.0,131.0,88.0,544,2220.0,8.0,2205,2228.0,23.0,0,0,,23.0,0.0,0.0,0.0,0.0,2015-03-02,0,1,23.0,1,100.0,0.0,0.0,0.0,0.0
2015,3,1,7,DL,1284,N923AT,DTW,MKE,1535,1534.0,-1.0,44.0,1618.0,81.0,97.0,47.0,237,1605.0,6.0,1556,1611.0,15.0,0,0,,15.0,0.0,0.0,0.0,0.0,2015-03-01,0,0,15.0,0,100.0,0.0,0.0,0.0,0.0
2015,2,27,5,OO,5421,N561SW,SBP,SFO,2043,2059.0,16.0,7.0,2106.0,67.0,64.0,53.0,190,2159.0,4.0,2150,2203.0,13.0,0,0,,0.0,0.0,0.0,0.0,0.0,2015-02-27,1,0,0.0,0,0.0,0.0,0.0,0.0,0.0
2015,3,24,2,US,1862,N568UW,CLT,ORD,1145,1141.0,-4.0,15.0,1156.0,135.0,139.0,108.0,599,1244.0,16.0,1300,1300.0,0.0,0,0,,0.0,0.0,0.0,0.0,0.0,2015-03-24,0,0,0.0,0,0.0,0.0,0.0,0.0,0.0
2015,2,23,1,EV,2571,N905EV,MEI,PIB,2102,2202.0,60.0,19.0,2221.0,33.0,44.0,22.0,69,2243.0,3.0,2135,2246.0,71.0,0,0,,11.0,0.0,0.0,60.0,0.0,2015-02-23,1,1,71.0,1,15.49,0.0,0.0,84.51,0.0
2015,2,20,5,MQ,3294,N546MQ,XNA,ORD,700,702.0,2.0,13.0,715.0,115.0,140.0,76.0,522,831.0,51.0,855,922.0,27.0,0,0,,27.0,0.0,0.0,0.0,0.0,2015-02-20,0,1,27.0,1,100.0,0.0,0.0,0.0,0.0
2015,2,15,7,DL,1785,N338NB,IAH,SLC,635,632.0,-3.0,15.0,647.0,205.0,189.0,170.0,1195,837.0,4.0,900,841.0,-19.0,0,0,,0.0,0.0,0.0,0.0,0.0,2015-02-15,0,0,0.0,0,0.0,0.0,0.0,0.0,0.0
2015,3,14,6,AA,1589,N3EVAA,LGA,MIA,2030,2022.0,-8.0,11.0,2033.0,200.0,177.0,161.0,1096,2314.0,5.0,2350,2319.0,-31.0,0,0,,0.0,0.0,0.0,0.0,0.0,2015-03-14,0,0,0.0,0,0.0,0.0,0.0,0.0,0.0
2015,3,4,3,F9,439,N912FR,OMA,DEN,625,622.0,-3.0,16.0,638.0,95.0,111.0,88.0,472,706.0,7.0,700,713.0,13.0,0,0,,0.0,0.0,0.0,0.0,0.0,2015-03-04,0,0,0.0,0,0.0,0.0,0.0,0.0,0.0
2015,3,15,7,WN,2995,N7721E,DTW,ATL,545,543.0,-2.0,13.0,556.0,120.0,108.0,88.0,594,724.0,7.0,745,731.0,-14.0,0,0,,0.0,0.0,0.0,0.0,0.0,2015-03-15,0,0,0.0,0,0.0,0.0,0.0,0.0,0.0
2015,3,12,4,AA,2306,N475AA,SMF,DFW,1132,1214.0,42.0,11.0,1225.0,198.0,197.0,180.0,1431,1725.0,6.0,1650,1731.0,41.0,0,0,,0.0,0.0,0.0,41.0,0.0,2015-03-12,1,1,41.0,1,0.0,0.0,0.0,100.0,0.0
2015,3,16,1,MQ,2982,N518MQ,DFW,CID,1435,1435.0,0.0,13.0,1448.0,113.0,106.0,88.0,685,1616.0,5.0,1628,1621.0,-7.0,0,0,,0.0,0.0,0.0,0.0,0.0,2015-03-16,0,0,0.0,0,0.0,0.0,0.0,0.0,0.0
2015,3,12,4,WN,1983,N638SW,TPA,BWI,1555,1555.0,0.0,8.0,1603.0,130.0,125.0,113.0,842,1756.0,4.0,1805,1800.0,-5.0,0,0,,0.0,0.0,0.0,0.0,0.0,2015-03-12,0,0,0.0,0,0.0,0.0,0.0,0.0,0.0
2015,3,18,3,DL,2305,N687DL,MSP,SFO,922,915.0,-7.0,12.0,927.0,253.0,243.0,218.0,1589,1105.0,13.0,1135,1118.0,-17.0,0,0,,0.0,0.0,0.0,0.0,0.0,2015-03-18,0,0,0.0,0,0.0,0.0,0.0,0.0,0.0
2015,3,1,7,US,2135,N947UW,DCA,LGA,1200,1208.0,8.0,59.0,1307.0,75.0,108.0,45.0,214,1352.0,4.0,1315,1356.0,41.0,0,0,,33.0,0.0,8.0,0.0,0.0,2015-03-01,0,1,41.0,1,80.49,0.0,19.51,0.0,0.0
2015,2,26,4,WN,4101,N7811F,LAS,RNO,1730,1850.0,80.0,9.0,1859.0,80.0,77.0,64.0,345,2003.0,4.0,1850,2007.0,77.0,0,0,,0.0,0.0,1.0,76.0,0.0,2015-02-26,1,1,77.0,1,0.0,0.0,1.3,98.7,0.0
2015,3,18,3,B6,2007,N623JB,PIT,FLL,728,725.0,-3.0,11.0,736.0,160.0,151.0,136.0,994,952.0,4.0,1008,956.0,-12.0,0,0,,0.0,0.0,0.0,0.0,0.0,2015-03-18,0,0,0.0,0,0.0,0.0,0.0,0.0,0.0
2015,2,23,1,WN,569,N245WN,BUR,SJC,1220,1227.0,7.0,10.0,1237.0,65.0,66.0,52.0,296,1329.0,4.0,1325,1333.0,8.0,0,0,,0.0,0.0,0.0,0.0,0.0,2015-02-23,0,0,0.0,0,0.0,0.0,0.0,0.0,0.0
2015,3,3,2,MQ,3269,N534MQ,ORD,BNA,845,856.0,11.0,70.0,1006.0,88.0,136.0,61.0,409,1107.0,5.0,1013,1112.0,59.0,0,0,,48.0,0.0,0.0,0.0,11.0,2015-03-03,0,1,59.0,1,81.36,0.0,0.0,0.0,18.64
2015,3,25,3,OO,5555,N771SK,SFO,TUS,1850,1848.0,-2.0,16.0,1904.0,122.0,124.0,103.0,751,2047.0,5.0,2052,2052.0,0.0,0,0,,0.0,0.0,0.0,0.0,0.0,2015-03-25,0,0,0.0,0,0.0,0.0,0.0,0.0,0.0
2015,3,23,1,EV,5379,N707EV,LGA,MCI,1110,1105.0,-5.0,37.0,1142.0,210.0,201.0,158.0,1107,1320.0,6.0,1340,1326.0,-14.0,0,0,,0.0,0.0,0.0,0.0,0.0,2015-03-23,0,0,0.0,0,0.0,0.0,0.0,0.0,0.0
2015,2,26,4,WN,4426,N248WN,BWI,PVD,1600,1611.0,11.0,9.0,1620.0,70.0,61.0,49.0,327,1709.0,3.0,1710,1712.0,2.0,0,0,,0.0,0.0,0.0,0.0,0.0,2015-02-26,0,0,0.0,0,0.0,0.0,0.0,0.0,0.0
2015,3,17,2,US,643,N523UW,RDU,CLT,1759,1754.0,-5.0,21.0,1815.0,60.0,66.0,41.0,130,1856.0,4.0,1859,1900.0,1.0,0,0,,0.0,0.0,0.0,0.0,0.0,2015-03-17,0,0,0.0,0,0.0,0.0,0.0,0.0,0.0
2015,2,13,5,DL,1457,N956DN,CLT,ATL,815,809.0,-6.0,16.0,825.0,82.0,59.0,39.0,226,904.0,4.0,937,908.0,-29.0,0,0,,0.0,0.0,0.0,0.0,0.0,2015-02-13,0,0,0.0,0,0.0,0.0,0.0,0.0,0.0
2015,2,25,3,WN,940,N906WN,DEN,ABQ,1520,1544.0,24.0,23.0,1607.0,75.0,77.0,50.0,349,1657.0,4.0,1635,1701.0,26.0,0,0,,2.0,0.0,5.0,19.0,0.0,2015-02-25,1,1,26.0,1,7.69,0.0,19.23,73.08,0.0
2015,2,19,4,WN,1482,N8623F,MDW,MSP,1515,1516.0,1.0,17.0,1533.0,95.0,97.0,75.0,349,1648.0,5.0,1650,1653.0,3.0,0,0,,0.0,0.0,0.0,0.0,0.0,2015-02-19,0,0,0.0,0,0.0,0.0,0.0,0.0,0.0
2015,3,21,6,DL,988,N908DE,OMA,ATL,1020,1030.0,10.0,22.0,1052.0,134.0,123.0,95.0,821,1327.0,6.0,1334,1333.0,-1.0,0,0,,0.0,0.0,0.0,0.0,0.0,2015-03-21,0,0,0.0,0,0.0,0.0,0.0,0.0,0.0
2015,3,22,7,UA,1566,N68807,MCO,IAH,1842,1841.0,-1.0,11.0,1852.0,163.0,152.0,133.0,854,2005.0,8.0,2025,2013.0,-12.0,0,0,,0.0,0.0,0.0,0.0,0.0,2015-03-22,0,0,0.0,0,0.0,0.0,0.0,0.0,0.0
2015,3,15,7,AA,1080,N013AA,EGE,ORD,1415,1509.0,54.0,9.0,1518.0,158.0,150.0,133.0,1007,1831.0,8.0,1753,1839.0,46.0,0,0,,0.0,0.0,0.0,46.0,0.0,2015-03-15,1,1,46.0,1,0.0,0.0,0.0,100.0,0.0
2015,3,18,3,AA,903,N012AA,EGE,DFW,1235,1232.0,-3.0,12.0,1244.0,125.0,125.0,103.0,721,1527.0,10.0,1540,1537.0,-3.0,0,0,,0.0,0.0,0.0,0.0,0.0,2015-03-18,0,0,0.0,0,0.0,0.0,0.0,0.0,0.0
2015,3,20,5,DL,1336,N356NW,SLC,RNO,1100,1056.0,-4.0,11.0,1107.0,87.0,76.0,60.0,422,1107.0,5.0,1127,1112.0,-15.0,0,0,,0.0,0.0,0.0,0.0,0.0,2015-03-20,0,0,0.0,0,0.0,0.0,0.0,0.0,0.0
2015,3,12,4,WN,3745,N296WN,CAK,MCO,540,537.0,-3.0,10.0,547.0,155.0,133.0,117.0,861,744.0,6.0,815,750.0,-25.0,0,0,,0.0,0.0,0.0,0.0,0.0,2015-03-12,0,0,0.0,0,0.0,0.0,0.0,0.0,0.0
2015,3,6,5,UA,1214,N87512,PDX,DEN,1527,1529.0,2.0,10.0,1539.0,154.0,143.0,125.0,991,1844.0,8.0,1901,1852.0,-9.0,0,0,,0.0,0.0,0.0,0.0,0.0,2015-03-06,0,0,0.0,0,0.0,0.0,0.0,0.0,0.0
2015,3,14,6,OO,4624,N817SK,FAT,SLC,620,613.0,-7.0,16.0,629.0,100.0,104.0,80.0,501,849.0,8.0,900,857.0,-3.0,0,0,,0.0,0.0,0.0,0.0,0.0,2015-03-14,0,0,0.0,0,0.0,0.0,0.0,0.0,0.0
2015,3,7,6,MQ,3261,N900MQ,MOB,DFW,1820,1936.0,76.0,7.0,1943.0,119.0,119.0,92.0,539,2115.0,20.0,2019,2135.0,76.0,0,0,,0.0,0.0,72.0,4.0,0.0,2015-03-07,1,1,76.0,1,0.0,0.0,94.74,5.26,0.0
2015,3,7,6,OO,7391,N427SW,GCC,SLC,1700,1650.0,-10.0,11.0,1701.0,91.0,79.0,64.0,410,1805.0,4.0,1831,1809.0,-22.0,0,0,,0.0,0.0,0.0,0.0,0.0,2015-03-07,0,0,0.0,0,0.0,0.0,0.0,0.0,0.0
2015,3,4,3,EV,4968,N857AS,MGM,ATL,1226,1258.0,32.0,5.0,1303.0,53.0,47.0,31.0,147,1434.0,11.0,1419,1445.0,26.0,0,0,,0.0,0.0,11.0,15.0,0.0,2015-03-04,1,1,26.0,1,0.0,0.0,42.31,57.69,0.0
2015,3,6,5,OO,4479,N554CA,SLC,DEN,1100,1056.0,-4.0,17.0,1113.0,84.0,81.0,56.0,391,1209.0,8.0,1224,1217.0,-7.0,0,0,,0.0,0.0,0.0,0.0,0.0,2015-03-06,0,0,0.0,0,0.0,0.0,0.0,0.0,0.0
2015,3,13,5,AS,73,N779AS,JNU,ANC,725,724.0,-1.0,11.0,735.0,99.0,98.0,82.0,571,857.0,5.0,904,902.0,-2.0,0,0,,0.0,0.0,0.0,0.0,0.0,2015-03-13,0,0,0.0,0,0.0,0.0,0.0,0.0,0.0
2015,3,10,2,US,1983,N195UW,CLT,PBI,1145,1145.0,0.0,27.0,1212.0,118.0,122.0,90.0,590,1342.0,5.0,1343,1347.0,4.0,0,0,,0.0,0.0,0.0,0.0,0.0,2015-03-10,0,0,0.0,0,0.0,0.0,0.0,0.0,0.0
2015,2,24,2,WN,2244,N280WN,PHL,MCO,1115,1125.0,10.0,10.0,1135.0,165.0,144.0,125.0,861,1340.0,9.0,1400,1349.0,-11.0,0,0,,0.0,0.0,0.0,0.0,0.0,2015-02-24,0,0,0.0,0,0.0,0.0,0.0,0.0,0.0
2015,3,5,4,EV,5290,N843AS,ABY,ATL,600,558.0,-2.0,12.0,610.0,50.0,47.0,30.0,145,640.0,5.0,650,645.0,-5.0,0,0,,0.0,0.0,0.0,0.0,0.0,2015-03-05,0,0,0.0,0,0.0,0.0,0.0,0.0,0.0
2015,3,17,2,WN,3507,N7742B,PDX,SJC,1140,1141.0,1.0,7.0,1148.0,100.0,101.0,91.0,569,1319.0,3.0,1320,1322.0,2.0,0,0,,0.0,0.0,0.0,0.0,0.0,2015-03-17,0,0,0.0,0,0.0,0.0,0.0,0.0,0.0
2015,3,1,7,UA,316,N470UA,PHX,IAD,830,829.0,-1.0,10.0,839.0,253.0,226.0,211.0,1956,1410.0,5.0,1443,1415.0,-28.0,0,0,,0.0,0.0,0.0,0.0,0.0,2015-03-01,0,0,0.0,0,0.0,0.0,0.0,0.0,0.0
2015,2,28,6,MQ,3463,N527MQ,LGA,RDU,1010,1001.0,-9.0,30.0,1031.0,108.0,116.0,79.0,431,1150.0,7.0,1158,1157.0,-1.0,0,0,,0.0,0.0,0.0,0.0,0.0,2015-02-28,0,0,0.0,0,0.0,0.0,0.0,0.0,0.0
2015,3,23,1,OO,4589,N814SK,SLC,LGB,1117,1352.0,155.0,29.0,1421.0,124.0,126.0,91.0,588,1452.0,6.0,1221,1458.0,157.0,0,0,,2.0,0.0,0.0,155.0,0.0,2015-03-23,1,1,157.0,1,1.27,0.0,0.0,98.73,0.0
2015,2,16,1,WN,2790,N420WN,PDX,OAK,1300,1300.0,0.0,10.0,1310.0,100.0,91.0,76.0,543,1426.0,5.0,1440,1431.0,-9.0,0,0,,0.0,0.0,0.0,0.0,0.0,2015-02-16,0,0,0.0,0,0.0,0.0,0.0,0.0,0.0
2015,2,22,7,AA,1661,N856AA,MIA,DFW,1055,1132.0,37.0,13.0,1145.0,203.0,194.0,167.0,1121,1332.0,14.0,1318,1346.0,28.0,0,0,,0.0,0.0,21.0,7.0,0.0,2015-02-22,1,1,28.0,1,0.0,0.0,75.0,25.0,0.0
2015,3,13,5,B6,1234,N281JB,SJU,MCO,1950,1945.0,-5.0,10.0,1955.0,188.0,180.0,164.0,1189,2239.0,6.0,2258,2245.0,-13.0,0,0,,0.0,0.0,0.0,0.0,0.0,2015-03-13,0,0,0.0,0,0.0,0.0,0.0,0.0,0.0
2015,2,19,4,EV,3936,N11184,ORD,ATW,1644,1702.0,18.0,13.0,1715.0,59.0,49.0,33.0,160,1748.0,3.0,1743,1751.0,8.0,0,0,,0.0,0.0,0.0,0.0,0.0,2015-02-19,1,0,0.0,0,0.0,0.0,0.0,0.0,0.0
2015,2,26,4,AA,1685,N4YNAA,ORD,MCO,1255,1528.0,153.0,21.0,1549.0,157.0,163.0,138.0,1005,1907.0,4.0,1632,1911.0,159.0,0,0,,6.0,0.0,0.0,148.0,5.0,2015-02-26,1,1,159.0,1,3.77,0.0,0.0,93.08,3.14
2015,2,25,3,DL,2572,N990AT,DTW,CLT,1010,1002.0,-8.0,24.0,1026.0,114.0,113.0,78.0,500,1144.0,11.0,1204,1155.0,-9.0,0,0,,0.0,0.0,0.0,0.0,0.0,2015-02-25,0,0,0.0,0,0.0,0.0,0.0,0.0,0.0
2015,3,22,7,AA,1292,N425AA,DFW,TUL,1045,1040.0,-5.0,13.0,1053.0,59.0,57.0,40.0,237,1133.0,4.0,1144,1137.0,-7.0,0,0,,0.0,0.0,0.0,0.0,0.0,2015-03-22,0,0,0.0,0,0.0,0.0,0.0,0.0,0.0
2015,3,7,6,AS,55,N762AS,BRW,FAI,1204,1139.0,-25.0,8.0,1147.0,81.0,85.0,74.0,503,1301.0,3.0,1325,1304.0,-21.0,0,0,,0.0,0.0,0.0,0.0,0.0,2015-03-07,0,0,0.0,0,0.0,0.0,0.0,0.0,0.0
2015,3,23,1,MQ,3061,N643MQ,AZO,ORD,1630,1816.0,106.0,7.0,1823.0,63.0,56.0,35.0,122,1758.0,14.0,1633,1812.0,99.0,0,0,,0.0,0.0,0.0,99.0,0.0,2015-03-23,1,1,99.0,1,0.0,0.0,0.0,100.0,0.0
2015,3,14,6,UA,1114,N78524,EWR,TPA,1945,2007.0,22.0,19.0,2026.0,182.0,172.0,148.0,997,2254.0,5.0,2247,2259.0,12.0,0,0,,0.0,0.0,0.0,0.0,0.0,2015-03-14,1,0,0.0,0,0.0,0.0,0.0,0.0,0.0
2015,2,27,5,VX,27,N845VA,JFK,SFO,1630,1629.0,-1.0,13.0,1642.0,405.0,393.0,374.0,2586,1956.0,6.0,2015,2002.0,-13.0,0,0,,0.0,0.0,0.0,0.0,0.0,2015-02-27,0,0,0.0,0,0.0,0.0,0.0,0.0,0.0
2015,2,13,5,UA,405,N855UA,MSY,IAH,1227,1222.0,-5.0,8.0,1230.0,79.0,66.0,51.0,305,1321.0,7.0,1346,1328.0,-18.0,0,0,,0.0,0.0,0.0,0.0,0.0,2015-02-13,0,0,0.0,0,0.0,0.0,0.0,0.0,0.0
2015,3,1,7,AS,55,N799AS,BRW,FAI,1204,1254.0,50.0,6.0,1300.0,81.0,75.0,65.0,503,1405.0,4.0,1325,1409.0,44.0,0,0,,0.0,0.0,0.0,44.0,0.0,2015-03-01,1,1,44.0,1,0.0,0.0,0.0,100.0,0.0
2015,3,7,6,WN,4877,N941WN,SAN,SJC,1730,1724.0,-6.0,8.0,1732.0,80.0,72.0,60.0,417,1832.0,4.0,1850,1836.0,-14.0,0,0,,0.0,0.0,0.0,0.0,0.0,2015-03-07,0,0,0.0,0,0.0,0.0,0.0,0.0,0.0
2015,2,24,2,WN,3400,N370SW,SJC,ONT,1930,1948.0,18.0,9.0,1957.0,70.0,66.0,52.0,333,2049.0,5.0,2040,2054.0,14.0,0,0,,0.0,0.0,0.0,0.0,0.0,2015-02-24,1,0,0.0,0,0.0,0.0,0.0,0.0,0.0
2015,3,20,5,MQ,3054,N659MQ,CVG,JFK,1250,1520.0,150.0,15.0,1535.0,121.0,120.0,94.0,589,1709.0,11.0,1451,1720.0,149.0,0,0,,149.0,0.0,0.0,0.0,0.0,2015-03-20,1,1,149.0,1,100.0,0.0,0.0,0.0,0.0
2015,3,11,3,AA,40,N3ALAA,ORD,DCA,610,608.0,-2.0,11.0,619.0,105.0,109.0,82.0,612,841.0,16.0,855,857.0,2.0,0,0,,0.0,0.0,0.0,0.0,0.0,2015-03-11,0,0,0.0,0,0.0,0.0,0.0,0.0,0.0
2015,3,14,6,WN,2917,N7814B,OAK,BUR,1635,1634.0,-1.0,10.0,1644.0,60.0,61.0,49.0,325,1733.0,2.0,1735,1735.0,0.0,0,0,,0.0,0.0,0.0,0.0,0.0,2015-03-14,0,0,0.0,0,0.0,0.0,0.0,0.0,0.0
2015,3,8,7,AA,1471,N478AA,DFW,DEN,845,1136.0,171.0,18.0,1154.0,126.0,123.0,94.0,641,1228.0,11.0,951,1239.0,168.0,0,0,,0.0,0.0,168.0,0.0,0.0,2015-03-08,1,1,168.0,1,0.0,0.0,100.0,0.0,0.0
2015,2,24,2,UA,1527,N35271,LAX,EWR,600,600.0,0.0,14.0,614.0,315.0,300.0,275.0,2454,1349.0,11.0,1415,1400.0,-15.0,0,0,,0.0,0.0,0.0,0.0,0.0,2015-02-24,0,0,0.0,0,0.0,0.0,0.0,0.0,0.0
2015,2,16,1,MQ,3134,N5PBMQ,STL,LGA,1320,1400.0,40.0,28.0,1428.0,132.0,143.0,108.0,888,1716.0,7.0,1632,1723.0,51.0,0,0,,11.0,0.0,0.0,25.0,15.0,2015-02-16,1,1,51.0,1,21.57,0.0,0.0,49.02,29.41
2015,3,22,7,WN,3633,N472WN,SAT,BNA,645,641.0,-4.0,17.0,658.0,120.0,114.0,91.0,822,829.0,6.0,845,835.0,-10.0,0,0,,0.0,0.0,0.0,0.0,0.0,2015-03-22,0,0,0.0,0,0.0,0.0,0.0,0.0,0.0
2015,3,14,6,DL,1502,N3759,TPA,CVG,1300,1255.0,-5.0,10.0,1305.0,130.0,112.0,98.0,773,1443.0,4.0,1510,1447.0,-23.0,0,0,,0.0,0.0,0.0,0.0,0.0,2015-03-14,0,0,0.0,0,0.0,0.0,0.0,0.0,0.0
2015,2,28,6,WN,3848,N370SW,SAN,SMF,635,824.0,109.0,8.0,832.0,100.0,85.0,75.0,480,947.0,2.0,815,949.0,94.0,0,0,,0.0,0.0,94.0,0.0,0.0,2015-02-28,1,1,94.0,1,0.0,0.0,100.0,0.0,0.0
2015,3,7,6,DL,2378,N3739P,SLC,SAN,1122,1119.0,-3.0,18.0,1137.0,110.0,104.0,82.0,626,1159.0,4.0,1212,1203.0,-9.0,0,0,,0.0,0.0,0.0,0.0,0.0,2015-03-07,0,0,0.0,0,0.0,0.0,0.0,0.0,0.0
2015,2,23,1,OO,4739,N426SW,IAD,DTW,945,937.0,-8.0,10.0,947.0,100.0,90.0,73.0,383,1100.0,7.0,1125,1107.0,-18.0,0,0,,0.0,0.0,0.0,0.0,0.0,2015-02-23,0,0,0.0,0,0.0,0.0,0.0,0.0,0.0
2015,3,1,7,EV,4589,N16546,JAN,IAH,640,627.0,-13.0,34.0,701.0,90.0,141.0,75.0,351,816.0,32.0,810,848.0,38.0,0,0,,38.0,0.0,0.0,0.0,0.0,2015-03-01,0,1,38.0,1,100.0,0.0,0.0,0.0,0.0
2015,3,19,4,AA,1144,N3GBAA,LGA,DFW,1845,1843.0,-2.0,50.0,1933.0,256.0,290.0,224.0,1389,2217.0,16.0,2201,2233.0,32.0,0,0,,32.0,0.0,0.0,0.0,0.0,2015-03-19,0,1,32.0,1,100.0,0.0,0.0,0.0,0.0
2015,2,24,2,AS,114,N464AS,ANC,SEA,215,207.0,-8.0,16.0,223.0,198.0,184.0,163.0,1448,606.0,5.0,633,611.0,-22.0,0,0,,0.0,0.0,0.0,0.0,0.0,2015-02-24,0,0,0.0,0,0.0,0.0,0.0,0.0,0.0
2015,3,22,7,MQ,3448,N665MQ,CHA,ORD,1204,1159.0,-5.0,9.0,1208.0,111.0,106.0,84.0,501,1232.0,13.0,1255,1245.0,-10.0,0,0,,0.0,0.0,0.0,0.0,0.0,2015-03-22,0,0,0.0,0,0.0,0.0,0.0,0.0,0.0
2015,2,23,1,DL,74,N727TW,MIA,ATL,1638,1642.0,4.0,16.0,1658.0,126.0,113.0,92.0,594,1830.0,5.0,1844,1835.0,-9.0,0,0,,0.0,0.0,0.0,0.0,0.0,2015-02-23,0,0,0.0,0,0.0,0.0,0.0,0.0,0.0
2015,3,14,6,WN,3714,N209WN,STL,RSW,1620,1812.0,112.0,9.0,1821.0,145.0,149.0,134.0,979,2135.0,6.0,1945,2141.0,116.0,0,0,,4.0,0.0,61.0,51.0,0.0,2015-03-14,1,1,116.0,1,3.45,0.0,52.59,43.97,0.0
2015,2,26,4,AS,610,N307AS,SEA,LAS,1330,1335.0,5.0,13.0,1348.0,142.0,128.0,107.0,867,1535.0,8.0,1552,1543.0,-9.0,0,0,,0.0,0.0,0.0,0.0,0.0,2015-02-26,0,0,0.0,0,0.0,0.0,0.0,0.0,0.0
2015,2,28,6,VX,260,N841VA,LAS,JFK,2210,2221.0,11.0,14.0,2235.0,289.0,248.0,225.0,2248,520.0,9.0,559,529.0,-30.0,0,0,,0.0,0.0,0.0,0.0,0.0,2015-02-28,0,0,0.0,0,0.0,0.0,0.0,0.0,0.0
2015,3,15,7,DL,732,N690DL,JAX,ATL,720,719.0,-1.0,14.0,733.0,82.0,66.0,43.0,270,816.0,9.0,842,825.0,-17.0,0,0,,0.0,0.0,0.0,0.0,0.0,2015-03-15,0,0,0.0,0,0.0,0.0,0.0,0.0,0.0
2015,3,3,2,DL,1121,N308DE,ATL,EYW,821,818.0,-3.0,11.0,829.0,104.0,98.0,85.0,646,954.0,2.0,1005,956.0,-9.0,0,0,,0.0,0.0,0.0,0.0,0.0,2015-03-03,0,0,0.0,0,0.0,0.0,0.0,0.0,0.0
2015,3,10,2,MQ,3254,N635MQ,DFW,SAV,1930,1929.0,-1.0,21.0,1950.0,133.0,143.0,117.0,925,2247.0,5.0,2243,2252.0,9.0,0,0,,0.0,0.0,0.0,0.0,0.0,2015-03-10,0,0,0.0,0,0.0,0.0,0.0,0.0,0.0
2015,2,23,1,HA,333,N476HA,HNL,LIH,942,940.0,-2.0,13.0,953.0,38.0,41.0,22.0,102,1015.0,6.0,1020,1021.0,1.0,0,0,,0.0,0.0,0.0,0.0,0.0,2015-02-23,0,0,0.0,0,0.0,0.0,0.0,0.0,0.0
2015,2,27,5,EV,6144,N11547,ABE,ORD,1702,1657.0,-5.0,10.0,1707.0,140.0,136.0,110.0,654,1757.0,16.0,1822,1813.0,-9.0,0,0,,0.0,0.0,0.0,0.0,0.0,2015-02-27,0,0,0.0,0,0.0,0.0,0.0,0.0,0.0
2015,3,12,4,B6,1142,N615JB,PBI,BDL,1303,1302.0,-1.0,14.0,1316.0,166.0,164.0,145.0,1133,1541.0,5.0,1549,1546.0,-3.0,0,0,,0.0,0.0,0.0,0.0,0.0,2015-03-12,0,0,0.0,0,0.0,0.0,0.0,0.0,0.0
2015,2,22,7,OO,4777,N685BR,DTW,OMA,835,828.0,-7.0,17.0,845.0,137.0,133.0,113.0,651,938.0,3.0,952,941.0,-11.0,0,0,,0.0,0.0,0.0,0.0,0.0,2015-02-22,0,0,0.0,0,0.0,0.0,0.0,0.0,0.0
2015,2,17,2,MQ,3471,N508MQ,RDU,LGA,1930,2211.0,161.0,42.0,2253.0,93.0,105.0,59.0,431,2352.0,4.0,2103,2356.0,173.0,0,0,,23.0,0.0,0.0,150.0,0.0,2015-02-17,1,1,173.0,1,13.29,0.0,0.0,86.71,0.0
2015,2,13,5,OO,4508,N554CA,LAX,BOI,1938,1932.0,-6.0,18.0,1950.0,123.0,117.0,95.0,674,2225.0,4.0,2241,2229.0,-12.0,0,0,,0.0,0.0,0.0,0.0,0.0,2015-02-13,0,0,0.0,0,0.0,0.0,0.0,0.0,0.0
2015,2,25,3,DL,788,N3752,FLL,JFK,1240,1245.0,5.0,12.0,1257.0,177.0,156.0,134.0,1069,1511.0,10.0,1537,1521.0,-16.0,0,0,,0.0,0.0,0.0,0.0,0.0,2015-02-25,0,0,0.0,0,0.0,0.0,0.0,0.0,0.0
2015,3,20,5,OO,5537,N969SW,DEN,FAT,1120,1116.0,-4.0,12.0,1128.0,147.0,124.0,109.0,844,1217.0,3.0,1247,1220.0,-27.0,0,0,,0.0,0.0,0.0,0.0,0.0,2015-03-20,0,0,0.0,0,0.0,0.0,0.0,0.0,0.0
2015,3,17,2,WN,2230,N438WN,DAL,SAT,2210,2203.0,-7.0,10.0,2213.0,65.0,67.0,53.0,248,2306.0,4.0,2315,2310.0,-5.0,0,0,,0.0,0.0,0.0,0.0,0.0,2015-03-17,0,0,0.0,0,0.0,0.0,0.0,0.0,0.0
2015,2,19,4,WN,129,N7711N,MSY,LAX,1435,1438.0,3.0,9.0,1447.0,270.0,273.0,258.0,1670,1705.0,6.0,1705,1711.0,6.0,0,0,,0.0,0.0,0.0,0.0,0.0,2015-02-19,0,0,0.0,0,0.0,0.0,0.0,0.0,0.0
2015,3,16,1,WN,389,N605SW,LAX,LAS,1405,1401.0,-4.0,12.0,1413.0,65.0,67.0,50.0,236,1503.0,5.0,1510,1508.0,-2.0,0,0,,0.0,0.0,0.0,0.0,0.0,2015-03-16,0,0,0.0,0,0.0,0.0,0.0,0.0,0.0
2015,3,3,2,OO,2707,N899SK,ABQ,PHX,1835,1828.0,-7.0,12.0,1840.0,94.0,77.0,59.0,328,1939.0,6.0,2009,1945.0,-24.0,0,0,,0.0,0.0,0.0,0.0,0.0,2015-03-03,0,0,0.0,0,0.0,0.0,0.0,0.0,0.0
2015,2,17,2,WN,578,N776WN,SDF,MDW,1235,1237.0,2.0,9.0,1246.0,80.0,61.0,47.0,271,1233.0,5.0,1255,1238.0,-17.0,0,0,,0.0,0.0,0.0,0.0,0.0,2015-02-17,0,0,0.0,0,0.0,0.0,0.0,0.0,0.0
2015,3,19,4,WN,4652,N7706A,SMF,LAX,1725,1732.0,7.0,26.0,1758.0,80.0,96.0,65.0,373,1903.0,5.0,1845,1908.0,23.0,0,0,,16.0,0.0,7.0,0.0,0.0,2015-03-19,0,1,23.0,1,69.57,0.0,30.43,0.0,0.0
2015,2,13,5,DL,793,N970AT,BOS,JFK,1753,1932.0,99.0,25.0,1957.0,82.0,81.0,45.0,187,2042.0,11.0,1915,2053.0,98.0,0,0,,0.0,0.0,49.0,49.0,0.0,2015-02-13,1,1,98.0,1,0.0,0.0,50.0,50.0,0.0
2015,3,21,6,AA,271,N5FDAA,LAX,OGG,1100,1056.0,-4.0,27.0,1123.0,372.0,386.0,353.0,2486,1416.0,6.0,1412,1422.0,10.0,0,0,,0.0,0.0,0.0,0.0,0.0,2015-03-21,0,0,0.0,0,0.0,0.0,0.0,0.0,0.0
2015,2,18,3,WN,585,N249WN,DTW,ATL,600,603.0,3.0,40.0,643.0,130.0,137.0,91.0,594,814.0,6.0,810,820.0,10.0,0,0,,0.0,0.0,0.0,0.0,0.0,2015-02-18,0,0,0.0,0,0.0,0.0,0.0,0.0,0.0
2015,3,10,2,OO,6537,N979SW,SLC,DEN,744,734.0,-10.0,22.0,756.0,96.0,94.0,62.0,391,858.0,10.0,920,908.0,-12.0,0,0,,0.0,0.0,0.0,0.0,0.0,2015-03-10,0,0,0.0,0,0.0,0.0,0.0,0.0,0.0
2015,3,13,5,EV,5390,N713EV,DTW,MDW,830,826.0,-4.0,14.0,840.0,75.0,65.0,45.0,228,825.0,6.0,845,831.0,-14.0,0,0,,0.0,0.0,0.0,0.0,0.0,2015-03-13,0,0,0.0,0,0.0,0.0,0.0,0.0,0.0
2015,3,5,4,WN,3300,N620SW,BOS,BWI,950,951.0,1.0,15.0,1006.0,100.0,124.0,103.0,369,1149.0,6.0,1130,1155.0,25.0,0,0,,25.0,0.0,0.0,0.0,0.0,2015-03-05,0,1,25.0,1,100.0,0.0,0.0,0.0,0.0
2015,2,21,6,AA,1054,N3LUAA,ORD,SEA,1110,1107.0,-3.0,17.0,1124.0,277.0,260.0,236.0,1721,1320.0,7.0,1347,1327.0,-20.0,0,0,,0.0,0.0,0.0,0.0,0.0,2015-02-21,0,0,0.0,0,0.0,0.0,0.0,0.0,0.0
2015,3,10,2,WN,4332,N417WN,MCO,MKE,1805,1908.0,63.0,9.0,1917.0,175.0,160.0,145.0,1066,2042.0,6.0,2000,2048.0,48.0,0,0,,0.0,0.0,15.0,33.0,0.0,2015-03-10,1,1,48.0,1,0.0,0.0,31.25,68.75,0.0
2015,3,22,7,AA,2336,N3BEAA,LAX,PBI,5,3.0,-2.0,24.0,27.0,284.0,291.0,262.0,2330,749.0,5.0,749,754.0,5.0,0,0,,0.0,0.0,0.0,0.0,0.0,2015-03-22,0,0,0.0,0,0.0,0.0,0.0,0.0,0.0
2015,3,14,6,B6,1435,N827JB,SFO,LGB,1022,1015.0,-7.0,10.0,1025.0,80.0,74.0,60.0,354,1125.0,4.0,1142,1129.0,-13.0,0,0,,0.0,0.0,0.0,0.0,0.0,2015-03-14,0,0,0.0,0,0.0,0.0,0.0,0.0,0.0
2015,3,3,2,WN,994,N340LV,BNA,CMH,1000,1013.0,13.0,9.0,1022.0,70.0,59.0,47.0,337,1209.0,3.0,1210,1212.0,2.0,0,0,,0.0,0.0,0.0,0.0,0.0,2015-03-03,0,0,0.0,0,0.0,0.0,0.0,0.0,0.0
2015,2,27,5,UA,1085,N27239,RDU,ORD,1756,1801.0,5.0,10.0,1811.0,137.0,153.0,110.0,646,1901.0,33.0,1913,1934.0,21.0,0,0,,21.0,0.0,0.0,0.0,0.0,2015-02-27,0,1,21.0,1,100.0,0.0,0.0,0.0,0.0
2015,2,26,4,US,2143,N952UW,LGA,DCA,1500,1454.0,-6.0,38.0,1532.0,81.0,95.0,54.0,214,1626.0,3.0,1621,1629.0,8.0,0,0,,0.0,0.0,0.0,0.0,0.0,2015-02-26,0,0,0.0,0,0.0,0.0,0.0,0.0,0.0
2015,3,22,7,US,1793,N585UW,CLT,PIT,2209,2205.0,-4.0,9.0,2214.0,77.0,71.0,58.0,366,2312.0,4.0,2326,2316.0,-10.0,0,0,,0.0,0.0,0.0,0.0,0.0,2015-03-22,0,0,0.0,0,0.0,0.0,0.0,0.0,0.0
2015,3,16,1,B6,951,N705JB,BOS,MCO,1523,1518.0,-5.0,12.0,1530.0,190.0,156.0,138.0,1121,1748.0,6.0,1833,1754.0,-39.0,0,0,,0.0,0.0,0.0,0.0,0.0,2015-03-16,0,0,0.0,0,0.0,0.0,0.0,0.0,0.0
2015,2,24,2,WN,4256,N634SW,DEN,LAS,2115,2115.0,0.0,10.0,2125.0,120.0,102.0,87.0,628,2152.0,5.0,2215,2157.0,-18.0,0,0,,0.0,0.0,0.0,0.0,0.0,2015-02-24,0,0,0.0,0,0.0,0.0,0.0,0.0,0.0
2015,2,19,4,OO,4684,N438SW,FWA,ATL,1719,1712.0,-7.0,14.0,1726.0,110.0,97.0,78.0,508,1844.0,5.0,1909,1849.0,-20.0,0,0,,0.0,0.0,0.0,0.0,0.0,2015-02-19,0,0,0.0,0,0.0,0.0,0.0,0.0,0.0
2015,2,18,3,OO,4482,N809CA,FWA,DTW,554,547.0,-7.0,12.0,559.0,61.0,49.0,30.0,128,629.0,7.0,655,636.0,-19.0,0,0,,0.0,0.0,0.0,0.0,0.0,2015-02-18,0,0,0.0,0,0.0,0.0,0.0,0.0,0.0
2015,3,15,7,DL,1994,N378DA,PHX,JFK,700,826.0,86.0,16.0,842.0,282.0,325.0,302.0,2153,1644.0,7.0,1442,1651.0,129.0,0,0,,43.0,0.0,0.0,0.0,86.0,2015-03-15,1,1,129.0,1,33.33,0.0,0.0,0.0,66.67
2015,3,11,3,MQ,3028,N651MQ,DFW,CLL,1015,1008.0,-7.0,30.0,1038.0,53.0,78.0,46.0,164,1124.0,2.0,1108,1126.0,18.0,0,0,,18.0,0.0,0.0,0.0,0.0,2015-03-11,0,1,18.0,1,100.0,0.0,0.0,0.0,0.0
2015,2,21,6,DL,2168,N129DL,MSP,LAX,915,913.0,-2.0,35.0,948.0,252.0,247.0,202.0,1535,1110.0,10.0,1127,1120.0,-7.0,0,0,,0.0,0.0,0.0,0.0,0.0,2015-02-21,0,0,0.0,0,0.0,0.0,0.0,0.0,0.0
2015,2,13,5,US,569,N199UW,PHX,MCO,1605,1602.0,-3.0,16.0,1618.0,234.0,239.0,213.0,1849,2151.0,10.0,2159,2201.0,2.0,0,0,,0.0,0.0,0.0,0.0,0.0,2015-02-13,0,0,0.0,0,0.0,0.0,0.0,0.0,0.0
2015,3,9,1,DL,853,N389DA,DTW,RSW,735,729.0,-6.0,47.0,816.0,175.0,194.0,143.0,1084,1039.0,4.0,1030,1043.0,13.0,0,0,,0.0,0.0,0.0,0.0,0.0,2015-03-09,0,0,0.0,0,0.0,0.0,0.0,0.0,0.0
2015,3,20,5,MQ,3041,N604MQ,DSM,DFW,1135,1201.0,26.0,13.0,1214.0,124.0,133.0,114.0,624,1408.0,6.0,1339,1414.0,35.0,0,0,,9.0,0.0,0.0,26.0,0.0,2015-03-20,1,1,35.0,1,25.71,0.0,0.0,74.29,0.0
2015,3,7,6,DL,354,N366NW,DTW,SJU,835,833.0,-2.0,28.0,901.0,264.0,278.0,248.0,1930,1409.0,2.0,1359,1411.0,12.0,0,0,,0.0,0.0,0.0,0.0,0.0,2015-03-07,0,0,0.0,0,0.0,0.0,0.0,0.0,0.0
2015,3,8,7,OO,5308,N954SW,SFO,ONT,950,945.0,-5.0,12.0,957.0,80.0,72.0,57.0,363,1054.0,3.0,1110,1057.0,-13.0,0,0,,0.0,0.0,0.0,0.0,0.0,2015-03-08,0,0,0.0,0,0.0,0.0,0.0,0.0,0.0
2015,3,4,3,WN,179,N367SW,PHX,SMF,805,801.0,-4.0,7.0,808.0,135.0,110.0,99.0,647,847.0,4.0,920,851.0,-29.0,0,0,,0.0,0.0,0.0,0.0,0.0,2015-03-04,0,0,0.0,0,0.0,0.0,0.0,0.0,0.0
2015,3,20,5,WN,415,N7751A,DEN,BWI,1625,1709.0,44.0,13.0,1722.0,195.0,175.0,153.0,1491,2155.0,9.0,2140,2204.0,24.0,0,0,,0.0,0.0,0.0,24.0,0.0,2015-03-20,1,1,24.0,1,0.0,0.0,0.0,100.0,0.0
2015,3,11,3,WN,2324,N703SW,MDW,DAL,1905,1907.0,2.0,10.0,1917.0,140.0,130.0,117.0,793,2114.0,3.0,2125,2117.0,-8.0,0,0,,0.0,0.0,0.0,0.0,0.0,2015-03-11,0,0,0.0,0,0.0,0.0,0.0,0.0,0.0
2015,2,15,7,WN,4200,N441WN,SAN,DAL,1535,1531.0,-4.0,10.0,1541.0,170.0,159.0,145.0,1182,2006.0,4.0,2025,2010.0,-15.0,0,0,,0.0,0.0,0.0,0.0,0.0,2015-02-15,0,0,0.0,0,0.0,0.0,0.0,0.0,0.0
2015,3,11,3,WN,2604,N8647A,DEN,IND,2025,2020.0,-5.0,10.0,2030.0,140.0,138.0,124.0,977,34.0,4.0,45,38.0,-7.0,0,0,,0.0,0.0,0.0,0.0,0.0,2015-03-11,0,0,0.0,0,0.0,0.0,0.0,0.0,0.0
2015,3,13,5,US,650,N535UW,BOS,CLT,600,600.0,0.0,29.0,629.0,156.0,145.0,111.0,728,820.0,5.0,836,825.0,-11.0,0,0,,0.0,0.0,0.0,0.0,0.0,2015-03-13,0,0,0.0,0,0.0,0.0,0.0,0.0,0.0
2015,3,2,1,EV,5842,N13133,DEN,SAF,1945,2106.0,81.0,14.0,2120.0,68.0,81.0,61.0,303,2221.0,6.0,2053,2227.0,94.0,0,0,,13.0,0.0,0.0,0.0,81.0,2015-03-02,1,1,94.0,1,13.83,0.0,0.0,0.0,86.17
2015,2,19,4,WN,349,N8314L,PHX,DEN,840,837.0,-3.0,15.0,852.0,120.0,102.0,81.0,602,1013.0,6.0,1040,1019.0,-21.0,0,0,,0.0,0.0,0.0,0.0,0.0,2015-02-19,0,0,0.0,0,0.0,0.0,0.0,0.0,0.0
2015,3,10,2,WN,427,N274WN,MCI,MSY,1300,1300.0,0.0,9.0,1309.0,110.0,111.0,98.0,689,1447.0,4.0,1450,1451.0,1.0,0,0,,0.0,0.0,0.0,0.0,0.0,2015-03-10,0,0,0.0,0,0.0,0.0,0.0,0.0,0.0
2015,2,25,3,WN,4295,N940WN,MSY,DCA,1935,1940.0,5.0,12.0,1952.0,140.0,138.0,121.0,969,2253.0,5.0,2255,2258.0,3.0,0,0,,0.0,0.0,0.0,0.0,0.0,2015-02-25,0,0,0.0,0,0.0,0.0,0.0,0.0,0.0
2015,2,14,6,B6,478,N623JB,JAX,JFK,1847,1910.0,23.0,47.0,1957.0,133.0,157.0,102.0,828,2139.0,8.0,2100,2147.0,47.0,0,0,,47.0,0.0,0.0,0.0,0.0,2015-02-14,1,1,47.0,1,100.0,0.0,0.0,0.0,0.0
2015,2,19,4,UA,1229,N69806,EWR,SFO,1735,1732.0,-3.0,13.0,1745.0,401.0,378.0,359.0,2565,2044.0,6.0,2116,2050.0,-26.0,0,0,,0.0,0.0,0.0,0.0,0.0,2015-02-19,0,0,0.0,0,0.0,0.0,0.0,0.0,0.0
2015,3,2,1,DL,1774,N697DL,ATL,RDU,1630,1631.0,1.0,16.0,1647.0,85.0,71.0,51.0,356,1738.0,4.0,1755,1742.0,-13.0,0,0,,0.0,0.0,0.0,0.0,0.0,2015-03-02,0,0,0.0,0,0.0,0.0,0.0,0.0,0.0
2015,2,15,7,DL,2392,N596NW,MSP,PHX,920,930.0,10.0,16.0,946.0,213.0,203.0,184.0,1276,1150.0,3.0,1153,1153.0,0.0,0,0,,0.0,0.0,0.0,0.0,0.0,2015-02-15,0,0,0.0,0,0.0,0.0,0.0,0.0,0.0
2015,3,8,7,AS,30,N419AS,PDX,BOS,740,805.0,25.0,23.0,828.0,313.0,311.0,283.0,2537,1611.0,5.0,1553,1616.0,23.0,0,0,,0.0,0.0,23.0,0.0,0.0,2015-03-08,1,1,23.0,1,0.0,0.0,100.0,0.0,0.0
2015,2,24,2,WN,372,N796SW,PHX,ABQ,1150,1149.0,-1.0,10.0,1159.0,65.0,59.0,44.0,328,1243.0,5.0,1255,1248.0,-7.0,0,0,,0.0,0.0,0.0,0.0,0.0,2015-02-24,0,0,0.0,0,0.0,0.0,0.0,0.0,0.0
2015,2,26,4,AA,2293,N631AA,DFW,SFO,900,856.0,-4.0,14.0,910.0,234.0,222.0,205.0,1464,1035.0,3.0,1054,1038.0,-16.0,0,0,,0.0,0.0,0.0,0.0,0.0,2015-02-26,0,0,0.0,0,0.0,0.0,0.0,0.0,0.0
2015,3,12,4,DL,1066,N912DE,ATL,BNA,956,955.0,-1.0,12.0,1007.0,68.0,51.0,36.0,214,943.0,3.0,1004,946.0,-18.0,0,0,,0.0,0.0,0.0,0.0,0.0,2015-03-12,0,0,0.0,0,0.0,0.0,0.0,0.0,0.0
2015,3,19,4,WN,767,N963WN,JAX,MDW,1050,1046.0,-4.0,8.0,1054.0,145.0,140.0,127.0,849,1201.0,5.0,1215,1206.0,-9.0,0,0,,0.0,0.0,0.0,0.0,0.0,2015-03-19,0,0,0.0,0,0.0,0.0,0.0,0.0,0.0
2015,3,7,6,DL,1162,N199DN,LAX,JFK,2140,2216.0,36.0,13.0,2229.0,317.0,291.0,268.0,2475,657.0,10.0,657,707.0,10.0,0,0,,0.0,0.0,0.0,0.0,0.0,2015-03-07,1,0,0.0,0,0.0,0.0,0.0,0.0,0.0
2015,3,4,3,WN,453,N744SW,DCA,TPA,1950,1950.0,0.0,9.0,1959.0,155.0,135.0,121.0,814,2200.0,5.0,2225,2205.0,-20.0,0,0,,0.0,0.0,0.0,0.0,0.0,2015-03-04,0,0,0.0,0,0.0,0.0,0.0,0.0,0.0
2015,2,22,7,US,548,N664AW,PDX,PHX,1515,1514.0,-1.0,9.0,1523.0,150.0,151.0,134.0,1009,1837.0,8.0,1845,1845.0,0.0,0,0,,0.0,0.0,0.0,0.0,0.0,2015-02-22,0,0,0.0,0,0.0,0.0,0.0,0.0,0.0
2015,3,8,7,B6,301,N645JB,JFK,FLL,1430,1429.0,-1.0,29.0,1458.0,195.0,195.0,153.0,1069,1731.0,13.0,1745,1744.0,-1.0,0,0,,0.0,0.0,0.0,0.0,0.0,2015-03-08,0,0,0.0,0,0.0,0.0,0.0,0.0,0.0
2015,3,18,3,NK,364,N530NK,DFW,MSY,1223,1218.0,-5.0,11.0,1229.0,83.0,82.0,66.0,447,1335.0,5.0,1346,1340.0,-6.0,0,0,,0.0,0.0,0.0,0.0,0.0,2015-03-18,0,0,0.0,0,0.0,0.0,0.0,0.0,0.0
2015,3,6,5,DL,2057,N924DL,LGA,MIA,1929,2034.0,65.0,31.0,2105.0,206.0,210.0,174.0,1096,2359.0,5.0,2255,4.0,69.0,0,0,,4.0,0.0,14.0,51.0,0.0,2015-03-06,1,1,69.0,1,5.8,0.0,20.29,73.91,0.0
2015,2,19,4,UA,1156,N75433,RSW,DEN,1550,1552.0,2.0,11.0,1603.0,260.0,256.0,237.0,1607,1800.0,8.0,1810,1808.0,-2.0,0,0,,0.0,0.0,0.0,0.0,0.0,2015-02-19,0,0,0.0,0,0.0,0.0,0.0,0.0,0.0
2015,3,17,2,DL,2282,N125DL,MSP,MCO,900,920.0,20.0,12.0,932.0,193.0,168.0,145.0,1310,1257.0,11.0,1313,1308.0,-5.0,0,0,,0.0,0.0,0.0,0.0,0.0,2015-03-17,1,0,0.0,0,0.0,0.0,0.0,0.0,0.0
2015,3,10,2,WN,512,N8619F,MCO,MDW,1025,1020.0,-5.0,9.0,1029.0,175.0,148.0,133.0,990,1142.0,6.0,1220,1148.0,-32.0,0,0,,0.0,0.0,0.0,0.0,0.0,2015-03-10,0,0,0.0,0,0.0,0.0,0.0,0.0,0.0
2015,2,23,1,US,602,N172US,PHX,LAS,850,857.0,7.0,12.0,909.0,73.0,74.0,53.0,255,902.0,9.0,903,911.0,8.0,0,0,,0.0,0.0,0.0,0.0,0.0,2015-02-23,0,0,0.0,0,0.0,0.0,0.0,0.0,0.0
2015,3,24,2,EV,5586,N528CA,ATL,FAY,1610,1603.0,-7.0,14.0,1617.0,80.0,62.0,45.0,331,1702.0,3.0,1730,1705.0,-25.0,0,0,,0.0,0.0,0.0,0.0,0.0,2015-03-24,0,0,0.0,0,0.0,0.0,0.0,0.0,0.0
2015,3,18,3,EV,2566,N673AE,DFW,SHV,2030,2025.0,-5.0,19.0,2044.0,56.0,58.0,32.0,190,2116.0,7.0,2126,2123.0,-3.0,0,0,,0.0,0.0,0.0,0.0,0.0,2015-03-18,0,0,0.0,0,0.0,0.0,0.0,0.0,0.0
2015,2,20,5,US,601,N667AW,BWI,PHX,1705,1703.0,-2.0,10.0,1713.0,309.0,323.0,307.0,1999,2020.0,6.0,2014,2026.0,12.0,0,0,,0.0,0.0,0.0,0.0,0.0,2015-02-20,0,0,0.0,0,0.0,0.0,0.0,0.0,0.0
2015,3,15,7,OO,5367,N701BR,ONT,SFO,1030,1021.0,-9.0,11.0,1032.0,88.0,75.0,60.0,363,1132.0,4.0,1158,1136.0,-22.0,0,0,,0.0,0.0,0.0,0.0,0.0,2015-03-15,0,0,0.0,0,0.0,0.0,0.0,0.0,0.0
2015,2,21,6,DL,2514,N925AT,EWR,ATL,745,747.0,2.0,21.0,808.0,156.0,141.0,110.0,746,958.0,10.0,1021,1008.0,-13.0,0,0,,0.0,0.0,0.0,0.0,0.0,2015-02-21,0,0,0.0,0,0.0,0.0,0.0,0.0,0.0
2015,2,24,2,DL,2035,N954DL,MKE,ATL,1643,1744.0,61.0,13.0,1757.0,137.0,108.0,87.0,669,2024.0,8.0,2000,2032.0,32.0,0,0,,0.0,0.0,0.0,32.0,0.0,2015-02-24,1,1,32.0,1,0.0,0.0,0.0,100.0,0.0
2015,2,20,5,DL,1204,N901DE,DTW,BDL,1745,1752.0,7.0,24.0,1816.0,100.0,100.0,71.0,549,1927.0,5.0,1925,1932.0,7.0,0,0,,0.0,0.0,0.0,0.0,0.0,2015-02-20,0,0,0.0,0,0.0,0.0,0.0,0.0,0.0
2015,3,16,1,B6,1253,N503JB,FLL,SJU,1920,1923.0,3.0,12.0,1935.0,149.0,137.0,121.0,1046,2136.0,4.0,2149,2140.0,-9.0,0,0,,0.0,0.0,0.0,0.0,0.0,2015-03-16,0,0,0.0,0,0.0,0.0,0.0,0.0,0.0
2015,3,7,6,DL,1561,N954DN,PHL,ATL,1400,1413.0,13.0,14.0,1427.0,136.0,116.0,98.0,666,1605.0,4.0,1616,1609.0,-7.0,0,0,,0.0,0.0,0.0,0.0,0.0,2015-03-07,0,0,0.0,0,0.0,0.0,0.0,0.0,0.0
2015,2,18,3,WN,458,N298WN,STL,SAT,2050,2053.0,3.0,6.0,2059.0,140.0,117.0,108.0,786,2247.0,3.0,2310,2250.0,-20.0,0,0,,0.0,0.0,0.0,0.0,0.0,2015-02-18,0,0,0.0,0,0.0,0.0,0.0,0.0,0.0
2015,2,24,2,WN,2228,N8322X,LAS,CMH,1625,1623.0,-2.0,12.0,1635.0,235.0,228.0,211.0,1771,2306.0,5.0,2320,2311.0,-9.0,0,0,,0.0,0.0,0.0,0.0,0.0,2015-02-24,0,0,0.0,0,0.0,0.0,0.0,0.0,0.0
2015,3,8,7,AA,2236,N3LAAA,DFW,PBI,2035,2049.0,14.0,17.0,2106.0,152.0,154.0,131.0,1102,17.0,6.0,7,23.0,16.0,0,0,,2.0,0.0,14.0,0.0,0.0,2015-03-08,0,1,16.0,1,12.5,0.0,87.5,0.0,0.0
2015,3,4,3,UA,1576,N12218,SFO,LAS,1514,1521.0,7.0,17.0,1538.0,93.0,90.0,67.0,414,1645.0,6.0,1647,1651.0,4.0,0,0,,0.0,0.0,0.0,0.0,0.0,2015-03-04,0,0,0.0,0,0.0,0.0,0.0,0.0,0.0
2015,3,21,6,OO,4493,N426SW,BZN,SLC,1305,1257.0,-8.0,14.0,1311.0,78.0,82.0,63.0,347,1414.0,5.0,1423,1419.0,-4.0,0,0,,0.0,0.0,0.0,0.0,0.0,2015-03-21,0,0,0.0,0,0.0,0.0,0.0,0.0,0.0
2015,2,22,7,DL,1296,N974DL,ATL,PIT,1950,2030.0,40.0,17.0,2047.0,102.0,97.0,73.0,526,2200.0,7.0,2132,2207.0,35.0,0,0,,0.0,0.0,28.0,7.0,0.0,2015-02-22,1,1,35.0,1,0.0,0.0,80.0,20.0,0.0
2015,2,19,4,HA,316,N492HA,HNL,OGG,1021,1037.0,16.0,11.0,1048.0,38.0,39.0,23.0,100,1111.0,5.0,1059,1116.0,17.0,0,0,,0.0,0.0,1.0,16.0,0.0,2015-02-19,1,1,17.0,1,0.0,0.0,5.88,94.12,0.0
2015,3,7,6,HA,394,N492HA,LIH,HNL,1349,1344.0,-5.0,6.0,1350.0,34.0,34.0,21.0,102,1411.0,7.0,1423,1418.0,-5.0,0,0,,0.0,0.0,0.0,0.0,0.0,2015-03-07,0,0,0.0,0,0.0,0.0,0.0,0.0,0.0
2015,3,19,4,EV,4646,N16987,CHS,EWR,545,611.0,26.0,13.0,624.0,115.0,113.0,90.0,628,754.0,10.0,740,804.0,24.0,0,0,,24.0,0.0,0.0,0.0,0.0,2015-03-19,1,1,24.0,1,100.0,0.0,0.0,0.0,0.0
2015,2,21,6,MQ,3100,N830MQ,MSN,ORD,1620,1627.0,7.0,8.0,1635.0,55.0,52.0,33.0,108,1708.0,11.0,1715,1719.0,4.0,0,0,,0.0,0.0,0.0,0.0,0.0,2015-02-21,0,0,0.0,0,0.0,0.0,0.0,0.0,0.0
2015,2,16,1,DL,2590,N925AT,CHA,ATL,1714,1712.0,-2.0,23.0,1735.0,65.0,71.0,34.0,106,1809.0,14.0,1819,1823.0,4.0,0,0,,0.0,0.0,0.0,0.0,0.0,2015-02-16,0,0,0.0,0,0.0,0.0,0.0,0.0,0.0
2015,3,15,7,US,717,N733UW,PHL,CLT,1720,1736.0,16.0,21.0,1757.0,107.0,99.0,70.0,449,1907.0,8.0,1907,1915.0,8.0,0,0,,0.0,0.0,0.0,0.0,0.0,2015-03-15,1,0,0.0,0,0.0,0.0,0.0,0.0,0.0
2015,3,8,7,AA,2459,N5DJAA,LAX,DFW,1530,1532.0,2.0,20.0,1552.0,181.0,178.0,153.0,1235,2025.0,5.0,2031,2030.0,-1.0,0,0,,0.0,0.0,0.0,0.0,0.0,2015-03-08,0,0,0.0,0,0.0,0.0,0.0,0.0,0.0
2015,3,2,1,WN,4107,N357SW,ATL,STL,1345,1346.0,1.0,16.0,1402.0,105.0,108.0,86.0,484,1428.0,6.0,1430,1434.0,4.0,0,0,,0.0,0.0,0.0,0.0,0.0,2015-03-02,0,0,0.0,0,0.0,0.0,0.0,0.0,0.0
2015,2,25,3,EV,5978,N15986,FAR,ORD,600,600.0,0.0,20.0,620.0,119.0,104.0,76.0,557,736.0,8.0,759,744.0,-15.0,0,0,,0.0,0.0,0.0,0.0,0.0,2015-02-25,0,0,0.0,0,0.0,0.0,0.0,0.0,0.0
2015,3,25,3,WN,2413,N487WN,BWI,TPA,1850,1910.0,20.0,7.0,1917.0,145.0,133.0,121.0,842,2118.0,5.0,2115,2123.0,8.0,0,0,,0.0,0.0,0.0,0.0,0.0,2015-03-25,1,0,0.0,0,0.0,0.0,0.0,0.0,0.0
2015,3,14,6,UA,1184,N76522,ORD,DEN,1924,1928.0,4.0,19.0,1947.0,165.0,145.0,118.0,888,2045.0,8.0,2109,2053.0,-16.0,0,0,,0.0,0.0,0.0,0.0,0.0,2015-03-14,0,0,0.0,0,0.0,0.0,0.0,0.0,0.0
2015,3,3,2,OO,5418,N291SW,SBP,SFO,1742,1809.0,27.0,11.0,1820.0,67.0,67.0,48.0,190,1908.0,8.0,1849,1916.0,27.0,0,0,,0.0,0.0,0.0,27.0,0.0,2015-03-03,1,1,27.0,1,0.0,0.0,0.0,100.0,0.0
2015,3,24,2,WN,4370,N7814B,SNA,DEN,1400,1405.0,5.0,6.0,1411.0,130.0,121.0,108.0,846,1659.0,7.0,1710,1706.0,-4.0,0,0,,0.0,0.0,0.0,0.0,0.0,2015-03-24,0,0,0.0,0,0.0,0.0,0.0,0.0,0.0
2015,3,11,3,DL,1518,N633DL,MCO,ATL,620,622.0,2.0,10.0,632.0,90.0,76.0,59.0,404,731.0,7.0,750,738.0,-12.0,0,0,,0.0,0.0,0.0,0.0,0.0,2015-03-11,0,0,0.0,0,0.0,0.0,0.0,0.0,0.0
2015,2,13,5,DL,1193,N961DL,GSO,ATL,815,811.0,-4.0,13.0,824.0,95.0,71.0,53.0,306,917.0,5.0,950,922.0,-28.0,0,0,,0.0,0.0,0.0,0.0,0.0,2015-02-13,0,0,0.0,0,0.0,0.0,0.0,0.0,0.0
2015,3,9,1,UA,1256,N34222,IAH,PBI,2057,2104.0,7.0,15.0,2119.0,139.0,133.0,114.0,956,13.0,4.0,16,17.0,1.0,0,0,,0.0,0.0,0.0,0.0,0.0,2015-03-09,0,0,0.0,0,0.0,0.0,0.0,0.0,0.0
2015,2,28,6,WN,2999,N416WN,DEN,PDX,1155,1217.0,22.0,10.0,1227.0,170.0,147.0,134.0,991,1341.0,3.0,1345,1344.0,-1.0,0,0,,0.0,0.0,0.0,0.0,0.0,2015-02-28,1,0,0.0,0,0.0,0.0,0.0,0.0,0.0
2015,2,13,5,DL,1349,N921DN,CLT,ATL,1700,1655.0,-5.0,22.0,1717.0,91.0,70.0,40.0,226,1757.0,8.0,1831,1805.0,-26.0,0,0,,0.0,0.0,0.0,0.0,0.0,2015-02-13,0,0,0.0,0,0.0,0.0,0.0,0.0,0.0
2015,3,12,4,AA,2321,N4YUAA,ORD,DFW,1135,1230.0,55.0,23.0,1253.0,150.0,138.0,110.0,802,1443.0,5.0,1405,1448.0,43.0,0,0,,0.0,0.0,43.0,0.0,0.0,2015-03-12,1,1,43.0,1,0.0,0.0,100.0,0.0,0.0
2015,3,25,3,US,568,N185UW,PDX,PHX,520,520.0,0.0,13.0,533.0,150.0,137.0,119.0,1009,732.0,5.0,750,737.0,-13.0,0,0,,0.0,0.0,0.0,0.0,0.0,2015-03-25,0,0,0.0,0,0.0,0.0,0.0,0.0,0.0
2015,3,10,2,OO,6197,N941SW,SFO,BUR,815,846.0,31.0,23.0,909.0,72.0,79.0,52.0,326,1001.0,4.0,927,1005.0,38.0,0,0,,7.0,0.0,31.0,0.0,0.0,2015-03-10,1,1,38.0,1,18.42,0.0,81.58,0.0,0.0
2015,3,15,7,WN,4201,N756SA,LAX,DEN,600,615.0,15.0,9.0,624.0,155.0,139.0,123.0,862,927.0,7.0,935,934.0,-1.0,0,0,,0.0,0.0,0.0,0.0,0.0,2015-03-15,0,0,0.0,0,0.0,0.0,0.0,0.0,0.0
2015,2,17,2,DL,1633,N908DL,HOU,ATL,1008,1004.0,-4.0,14.0,1018.0,117.0,100.0,81.0,696,1239.0,5.0,1305,1244.0,-21.0,0,0,,0.0,0.0,0.0,0.0,0.0,2015-02-17,0,0,0.0,0,0.0,0.0,0.0,0.0,0.0
2015,2,14,6,DL,1249,N908DL,PWM,ATL,700,1439.0,459.0,27.0,1506.0,195.0,192.0,157.0,1027,1743.0,8.0,1015,1751.0,456.0,0,0,,0.0,0.0,456.0,0.0,0.0,2015-02-14,1,1,456.0,1,0.0,0.0,100.0,0.0,0.0
2015,3,16,1,DL,2465,N908DL,ATL,BDL,1225,1222.0,-3.0,12.0,1234.0,140.0,138.0,123.0,859,1437.0,3.0,1445,1440.0,-5.0,0,0,,0.0,0.0,0.0,0.0,0.0,2015-03-16,0,0,0.0,0,0.0,0.0,0.0,0.0,0.0
2015,2,18,3,AA,1326,N3EYAA,TUL,ORD,801,756.0,-5.0,10.0,806.0,109.0,104.0,81.0,585,927.0,13.0,950,940.0,-10.0,0,0,,0.0,0.0,0.0,0.0,0.0,2015-02-18,0,0,0.0,0,0.0,0.0,0.0,0.0,0.0
2015,3,25,3,DL,798,N672DL,MCO,LAX,1012,1302.0,170.0,12.0,1314.0,343.0,341.0,300.0,2218,1514.0,29.0,1255,1543.0,168.0,0,0,,0.0,0.0,0.0,0.0,168.0,2015-03-25,1,1,168.0,1,0.0,0.0,0.0,0.0,100.0
2015,2,25,3,OO,4693,N813SK,SJC,SLC,1300,1251.0,-9.0,15.0,1306.0,115.0,113.0,92.0,584,1538.0,6.0,1555,1544.0,-11.0,0,0,,0.0,0.0,0.0,0.0,0.0,2015-02-25,0,0,0.0,0,0.0,0.0,0.0,0.0,0.0
2015,3,3,2,DL,2211,N924AT,GRR,ATL,620,616.0,-4.0,11.0,627.0,128.0,111.0,93.0,640,800.0,7.0,828,807.0,-21.0,0,0,,0.0,0.0,0.0,0.0,0.0,2015-03-03,0,0,0.0,0,0.0,0.0,0.0,0.0,0.0
2015,2,21,6,WN,3475,N390SW,BWI,TPA,1030,1133.0,63.0,36.0,1209.0,155.0,167.0,125.0,842,1414.0,6.0,1305,1420.0,75.0,0,0,,12.0,0.0,62.0,1.0,0.0,2015-02-21,1,1,75.0,1,16.0,0.0,82.67,1.33,0.0
2015,2,13,5,DL,2514,N920AT,EWR,ATL,745,743.0,-2.0,18.0,801.0,161.0,136.0,111.0,746,952.0,7.0,1026,959.0,-27.0,0,0,,0.0,0.0,0.0,0.0,0.0,2015-02-13,0,0,0.0,0,0.0,0.0,0.0,0.0,0.0
2015,3,4,3,AA,2321,N4XHAA,DFW,ORD,1650,1747.0,57.0,61.0,1848.0,139.0,161.0,89.0,802,2017.0,11.0,1909,2028.0,79.0,0,0,,22.0,0.0,57.0,0.0,0.0,2015-03-04,1,1,79.0,1,27.85,0.0,72.15,0.0,0.0
2015,3,16,1,HA,107,N479HA,KOA,HNL,613,609.0,-4.0,10.0,619.0,42.0,47.0,30.0,163,649.0,7.0,655,656.0,1.0,0,0,,0.0,0.0,0.0,0.0,0.0,2015-03-16,0,0,0.0,0,0.0,0.0,0.0,0.0,0.0
2015,2,19,4,DL,469,N710TW,SFO,JFK,1345,1338.0,-7.0,19.0,1357.0,322.0,312.0,283.0,2586,2140.0,10.0,2207,2150.0,-17.0,0,0,,0.0,0.0,0.0,0.0,0.0,2015-02-19,0,0,0.0,0,0.0,0.0,0.0,0.0,0.0
2015,3,8,7,WN,739,N8629A,FLL,BWI,1050,1044.0,-6.0,19.0,1103.0,165.0,142.0,119.0,925,1302.0,4.0,1335,1306.0,-29.0,0,0,,0.0,0.0,0.0,0.0,0.0,2015-03-08,0,0,0.0,0,0.0,0.0,0.0,0.0,0.0
2015,2,19,4,AA,1461,N4WPAA,DAY,DFW,652,657.0,5.0,32.0,729.0,178.0,173.0,120.0,861,829.0,21.0,850,850.0,0.0,0,0,,0.0,0.0,0.0,0.0,0.0,2015-02-19,0,0,0.0,0,0.0,0.0,0.0,0.0,0.0
2015,3,4,3,DL,423,N723TW,JFK,LAX,1200,1203.0,3.0,36.0,1239.0,385.0,431.0,365.0,2475,1544.0,30.0,1525,1614.0,49.0,0,0,,49.0,0.0,0.0,0.0,0.0,2015-03-04,0,1,49.0,1,100.0,0.0,0.0,0.0,0.0
2015,2,17,2,EV,5967,N27152,BNA,DEN,1555,1715.0,80.0,20.0,1735.0,199.0,202.0,169.0,1014,1924.0,13.0,1814,1937.0,83.0,0,0,,3.0,0.0,3.0,29.0,48.0,2015-02-17,1,1,83.0,1,3.61,0.0,3.61,34.94,57.83
2015,3,16,1,DL,2592,N3758Y,LAX,MSY,1715,1710.0,-5.0,17.0,1727.0,215.0,222.0,201.0,1670,2248.0,4.0,2250,2252.0,2.0,0,0,,0.0,0.0,0.0,0.0,0.0,2015-03-16,0,0,0.0,0,0.0,0.0,0.0,0.0,0.0
2015,3,12,4,UA,1206,N13716,CMH,ORD,1349,1348.0,-1.0,9.0,1357.0,83.0,82.0,55.0,296,1352.0,18.0,1412,1410.0,-2.0,0,0,,0.0,0.0,0.0,0.0,0.0,2015-03-12,0,0,0.0,0,0.0,0.0,0.0,0.0,0.0
2015,3,8,7,AS,123,N607AS,SEA,FAI,1345,1339.0,-6.0,13.0,1352.0,222.0,227.0,210.0,1533,1622.0,4.0,1627,1626.0,-1.0,0,0,,0.0,0.0,0.0,0.0,0.0,2015-03-08,0,0,0.0,0,0.0,0.0,0.0,0.0,0.0
2015,2,23,1,US,1873,N117UW,IAH,CLT,1740,1815.0,35.0,29.0,1844.0,139.0,137.0,104.0,912,2128.0,4.0,2059,2132.0,33.0,0,0,,0.0,0.0,2.0,31.0,0.0,2015-02-23,1,1,33.0,1,0.0,0.0,6.06,93.94,0.0
2015,3,14,6,MQ,3607,N613MQ,SGF,DFW,729,725.0,-4.0,14.0,739.0,96.0,87.0,61.0,364,840.0,12.0,905,852.0,-13.0,0,0,,0.0,0.0,0.0,0.0,0.0,2015-03-14,0,0,0.0,0,0.0,0.0,0.0,0.0,0.0
2015,3,17,2,DL,2084,N915DN,ATL,STL,1413,1411.0,-2.0,16.0,1427.0,106.0,97.0,77.0,484,1444.0,4.0,1459,1448.0,-11.0,0,0,,0.0,0.0,0.0,0.0,0.0,2015-03-17,0,0,0.0,0,0.0,0.0,0.0,0.0,0.0
2015,3,16,1,DL,1661,N924DN,ATL,PHL,1510,1509.0,-1.0,17.0,1526.0,134.0,133.0,113.0,666,1719.0,3.0,1724,1722.0,-2.0,0,0,,0.0,0.0,0.0,0.0,0.0,2015-03-16,0,0,0.0,0,0.0,0.0,0.0,0.0,0.0
2015,2,15,7,EV,5329,N528CA,DTW,ABE,2005,2000.0,-5.0,19.0,2019.0,97.0,75.0,53.0,425,2112.0,3.0,2142,2115.0,-27.0,0,0,,0.0,0.0,0.0,0.0,0.0,2015-02-15,0,0,0.0,0,0.0,0.0,0.0,0.0,0.0
2015,3,12,4,EV,3934,N15986,ORD,HSV,1920,1944.0,24.0,18.0,2002.0,100.0,93.0,70.0,510,2112.0,5.0,2100,2117.0,17.0,0,0,,0.0,0.0,0.0,17.0,0.0,2015-03-12,1,1,17.0,1,0.0,0.0,0.0,100.0,0.0
2015,3,11,3,AS,686,N307AS,PDX,ORD,1030,1025.0,-5.0,13.0,1038.0,237.0,221.0,203.0,1739,1601.0,5.0,1627,1606.0,-21.0,0,0,,0.0,0.0,0.0,0.0,0.0,2015-03-11,0,0,0.0,0,0.0,0.0,0.0,0.0,0.0
2015,2,26,4,WN,1261,N709SW,ATL,BOS,1715,1752.0,37.0,14.0,1806.0,155.0,122.0,102.0,946,1948.0,6.0,1950,1954.0,4.0,0,0,,0.0,0.0,0.0,0.0,0.0,2015-02-26,1,0,0.0,0,0.0,0.0,0.0,0.0,0.0
2015,2,19,4,NK,428,N602NK,TPA,MSP,2040,2044.0,4.0,9.0,2053.0,204.0,213.0,195.0,1306,2308.0,9.0,2304,2317.0,13.0,0,0,,0.0,0.0,0.0,0.0,0.0,2015-02-19,0,0,0.0,0,0.0,0.0,0.0,0.0,0.0
2015,2,28,6,OO,5216,N767SK,IAH,BZN,1036,1031.0,-5.0,15.0,1046.0,208.0,209.0,190.0,1385,1256.0,4.0,1304,1300.0,-4.0,0,0,,0.0,0.0,0.0,0.0,0.0,2015-02-28,0,0,0.0,0,0.0,0.0,0.0,0.0,0.0
2015,3,23,1,DL,2301,N361NW,RSW,CVG,1030,1023.0,-7.0,11.0,1034.0,147.0,136.0,119.0,879,1233.0,6.0,1257,1239.0,-18.0,0,0,,0.0,0.0,0.0,0.0,0.0,2015-03-23,0,0,0.0,0,0.0,0.0,0.0,0.0,0.0
2015,3,15,7,EV,4333,N12122,IAH,PIA,1900,1914.0,14.0,20.0,1934.0,140.0,138.0,112.0,802,2126.0,6.0,2120,2132.0,12.0,0,0,,0.0,0.0,0.0,0.0,0.0,2015-03-15,0,0,0.0,0,0.0,0.0,0.0,0.0,0.0
2015,3,6,5,WN,3479,N473WN,PDX,OAK,1835,2251.0,256.0,7.0,2258.0,100.0,93.0,80.0,543,18.0,6.0,2015,24.0,249.0,0,0,,0.0,0.0,249.0,0.0,0.0,2015-03-06,1,1,249.0,1,0.0,0.0,100.0,0.0,0.0
2015,3,3,2,AA,1404,N3GYAA,DCA,DFW,1459,1506.0,7.0,12.0,1518.0,212.0,234.0,180.0,1192,1718.0,42.0,1731,1800.0,29.0,0,0,,22.0,0.0,7.0,0.0,0.0,2015-03-03,0,1,29.0,1,75.86,0.0,24.14,0.0,0.0
2015,3,20,5,DL,1798,N968AT,ATL,EWR,1000,958.0,-2.0,31.0,1029.0,139.0,128.0,91.0,746,1200.0,6.0,1219,1206.0,-13.0,0,0,,0.0,0.0,0.0,0.0,0.0,2015-03-20,0,0,0.0,0,0.0,0.0,0.0,0.0,0.0
2015,2,25,3,EV,5016,N850AS,DTW,MDT,1525,1524.0,-1.0,12.0,1536.0,87.0,69.0,54.0,371,1630.0,3.0,1652,1633.0,-19.0,0,0,,0.0,0.0,0.0,0.0,0.0,2015-02-25,0,0,0.0,0,0.0,0.0,0.0,0.0,0.0
2015,3,17,2,HA,279,N486HA,KOA,HNL,1738,1727.0,-11.0,7.0,1734.0,44.0,43.0,29.0,163,1803.0,7.0,1822,1810.0,-12.0,0,0,,0.0,0.0,0.0,0.0,0.0,2015-03-17,0,0,0.0,0,0.0,0.0,0.0,0.0,0.0
2015,3,1,7,WN,4997,N340LV,HOU,TUL,730,726.0,-4.0,11.0,737.0,85.0,85.0,64.0,453,841.0,10.0,855,851.0,-4.0,0,0,,0.0,0.0,0.0,0.0,0.0,2015-03-01,0,0,0.0,0,0.0,0.0,0.0,0.0,0.0
2015,2,20,5,HA,124,N488HA,LIH,HNL,831,824.0,-7.0,6.0,830.0,32.0,30.0,18.0,102,848.0,6.0,903,854.0,-9.0,0,0,,0.0,0.0,0.0,0.0,0.0,2015-02-20,0,0,0.0,0,0.0,0.0,0.0,0.0,0.0
2015,3,10,2,UA,1176,N69818,EWR,PBI,1730,1833.0,63.0,14.0,1847.0,179.0,154.0,136.0,1023,2103.0,4.0,2029,2107.0,38.0,0,0,,0.0,0.0,38.0,0.0,0.0,2015-03-10,1,1,38.0,1,0.0,0.0,100.0,0.0,0.0
2015,3,9,1,UA,559,N489UA,CLE,ORD,1030,1029.0,-1.0,14.0,1043.0,95.0,72.0,54.0,315,1037.0,4.0,1105,1041.0,-24.0,0,0,,0.0,0.0,0.0,0.0,0.0,2015-03-09,0,0,0.0,0,0.0,0.0,0.0,0.0,0.0
2015,3,10,2,AA,1490,N3KDAA,PBI,LGA,1755,1801.0,6.0,10.0,1811.0,162.0,143.0,128.0,1035,2019.0,5.0,2037,2024.0,-13.0,0,0,,0.0,0.0,0.0,0.0,0.0,2015-03-10,0,0,0.0,0,0.0,0.0,0.0,0.0,0.0
2015,3,15,7,OO,5546,N964SW,DEN,LIT,958,953.0,-5.0,40.0,1033.0,125.0,147.0,103.0,771,1316.0,4.0,1303,1320.0,17.0,0,0,,17.0,0.0,0.0,0.0,0.0,2015-03-15,0,1,17.0,1,100.0,0.0,0.0,0.0,0.0
2015,3,4,3,DL,2261,N915AT,ATL,DAL,810,811.0,1.0,10.0,821.0,143.0,129.0,114.0,721,915.0,5.0,933,920.0,-13.0,0,0,,0.0,0.0,0.0,0.0,0.0,2015-03-04,0,0,0.0,0,0.0,0.0,0.0,0.0,0.0
2015,3,6,5,MQ,3498,N615MQ,ORD,OMA,1535,1539.0,4.0,9.0,1548.0,91.0,80.0,67.0,416,1655.0,4.0,1706,1659.0,-7.0,0,0,,0.0,0.0,0.0,0.0,0.0,2015-03-06,0,0,0.0,0,0.0,0.0,0.0,0.0,0.0
2015,2,23,1,MQ,2926,N688MQ,ORD,IND,650,654.0,4.0,10.0,704.0,53.0,44.0,30.0,177,834.0,4.0,843,838.0,-5.0,0,0,,0.0,0.0,0.0,0.0,0.0,2015-02-23,0,0,0.0,0,0.0,0.0,0.0,0.0,0.0
2015,3,9,1,EV,4889,N686BR,DTW,BHM,842,844.0,2.0,51.0,935.0,123.0,152.0,98.0,625,1013.0,3.0,945,1016.0,31.0,0,0,,29.0,0.0,2.0,0.0,0.0,2015-03-09,0,1,31.0,1,93.55,0.0,6.45,0.0,0.0
2015,2,15,7,DL,1920,N953AT,VPS,ATL,907,900.0,-7.0,15.0,915.0,77.0,64.0,42.0,250,1057.0,7.0,1124,1104.0,-20.0,0,0,,0.0,0.0,0.0,0.0,0.0,2015-02-15,0,0,0.0,0,0.0,0.0,0.0,0.0,0.0
2015,3,8,7,WN,102,N933WN,FLL,MSY,1750,1757.0,7.0,11.0,1808.0,135.0,115.0,98.0,674,1846.0,6.0,1905,1852.0,-13.0,0,0,,0.0,0.0,0.0,0.0,0.0,2015-03-08,0,0,0.0,0,0.0,0.0,0.0,0.0,0.0
2015,2,26,4,DL,1074,N344NB,SLC,MSP,1725,1723.0,-2.0,17.0,1740.0,149.0,144.0,123.0,991,2043.0,4.0,2054,2047.0,-7.0,0,0,,0.0,0.0,0.0,0.0,0.0,2015-02-26,0,0,0.0,0,0.0,0.0,0.0,0.0,0.0
2015,3,8,7,AA,2412,N021AA,EGE,DFW,1135,1120.0,-15.0,10.0,1130.0,127.0,125.0,100.0,721,1410.0,15.0,1442,1425.0,-17.0,0,0,,0.0,0.0,0.0,0.0,0.0,2015-03-08,0,0,0.0,0,0.0,0.0,0.0,0.0,0.0
2015,3,19,4,US,2044,N944UW,PHL,RDU,1550,1549.0,-1.0,13.0,1602.0,86.0,78.0,57.0,337,1659.0,8.0,1716,1707.0,-9.0,0,0,,0.0,0.0,0.0,0.0,0.0,2015-03-19,0,0,0.0,0,0.0,0.0,0.0,0.0,0.0
2015,3,6,5,MQ,3321,N620MQ,ORD,CWA,1345,1401.0,16.0,16.0,1417.0,63.0,56.0,39.0,212,1456.0,1.0,1448,1457.0,9.0,0,0,,0.0,0.0,0.0,0.0,0.0,2015-03-06,1,0,0.0,0,0.0,0.0,0.0,0.0,0.0
2015,2,27,5,MQ,3406,N683MQ,ORD,MSN,1805,1801.0,-4.0,17.0,1818.0,48.0,47.0,28.0,108,1846.0,2.0,1853,1848.0,-5.0,0,0,,0.0,0.0,0.0,0.0,0.0,2015-02-27,0,0,0.0,0,0.0,0.0,0.0,0.0,0.0
2015,3,14,6,F9,769,N228FR,DEN,LAS,807,809.0,2.0,10.0,819.0,113.0,101.0,84.0,628,843.0,7.0,900,850.0,-10.0,0,0,,0.0,0.0,0.0,0.0,0.0,2015-03-14,0,0,0.0,0,0.0,0.0,0.0,0.0,0.0
2015,2,23,1,EV,6120,N14180,DEN,SDF,1756,1806.0,10.0,24.0,1830.0,152.0,153.0,123.0,1024,2233.0,6.0,2228,2239.0,11.0,0,0,,0.0,0.0,0.0,0.0,0.0,2015-02-23,0,0,0.0,0,0.0,0.0,0.0,0.0,0.0
2015,3,19,4,US,453,N762US,CLT,AUS,1256,1255.0,-1.0,18.0,1313.0,190.0,183.0,158.0,1032,1451.0,7.0,1506,1458.0,-8.0,0,0,,0.0,0.0,0.0,0.0,0.0,2015-03-19,0,0,0.0,0,0.0,0.0,0.0,0.0,0.0
2015,2,24,2,DL,2077,N916DE,MCO,LGA,1959,2001.0,2.0,19.0,2020.0,149.0,152.0,124.0,950,2224.0,9.0,2228,2233.0,5.0,0,0,,0.0,0.0,0.0,0.0,0.0,2015-02-24,0,0,0.0,0,0.0,0.0,0.0,0.0,0.0
2015,3,16,1,EV,4704,N17196,CHS,IAH,1829,1818.0,-11.0,19.0,1837.0,176.0,183.0,155.0,925,2012.0,9.0,2025,2021.0,-4.0,0,0,,0.0,0.0,0.0,0.0,0.0,2015-03-16,0,0,0.0,0,0.0,0.0,0.0,0.0,0.0
2015,3,13,5,DL,1271,N955AT,LFT,ATL,600,558.0,-2.0,12.0,610.0,97.0,99.0,76.0,503,826.0,11.0,837,837.0,0.0,0,0,,0.0,0.0,0.0,0.0,0.0,2015-03-13,0,0,0.0,0,0.0,0.0,0.0,0.0,0.0
2015,2,27,5,EV,5937,N34110,DEN,SAF,1145,1142.0,-3.0,18.0,1200.0,68.0,75.0,55.0,303,1255.0,2.0,1253,1257.0,4.0,0,0,,0.0,0.0,0.0,0.0,0.0,2015-02-27,0,0,0.0,0,0.0,0.0,0.0,0.0,0.0
2015,3,12,4,DL,1862,N963DL,ATL,MSY,1356,1353.0,-3.0,20.0,1413.0,99.0,99.0,77.0,425,1430.0,2.0,1435,1432.0,-3.0,0,0,,0.0,0.0,0.0,0.0,0.0,2015-03-12,0,0,0.0,0,0.0,0.0,0.0,0.0,0.0
2015,3,9,1,DL,1084,N324NB,DTW,JFK,2030,2021.0,-9.0,13.0,2034.0,113.0,96.0,78.0,509,2152.0,5.0,2223,2157.0,-26.0,0,0,,0.0,0.0,0.0,0.0,0.0,2015-03-09,0,0,0.0,0,0.0,0.0,0.0,0.0,0.0
2015,2,28,6,WN,3742,N359SW,BWI,MCO,1825,1945.0,80.0,12.0,1957.0,145.0,134.0,115.0,787,2152.0,7.0,2050,2159.0,69.0,0,0,,0.0,0.0,60.0,9.0,0.0,2015-02-28,1,1,69.0,1,0.0,0.0,86.96,13.04,0.0
2015,3,23,1,WN,726,N8608N,GEG,DEN,605,600.0,-5.0,8.0,608.0,140.0,123.0,109.0,836,857.0,6.0,925,903.0,-22.0,0,0,,0.0,0.0,0.0,0.0,0.0,2015-03-23,0,0,0.0,0,0.0,0.0,0.0,0.0,0.0
2015,2,23,1,UA,1219,N25705,CLE,ORD,830,828.0,-2.0,47.0,915.0,94.0,117.0,64.0,315,919.0,6.0,904,925.0,21.0,0,0,,21.0,0.0,0.0,0.0,0.0,2015-02-23,0,1,21.0,1,100.0,0.0,0.0,0.0,0.0
2015,3,3,2,MQ,3694,N637MQ,FWA,ORD,1420,1630.0,130.0,13.0,1643.0,65.0,68.0,38.0,157,1621.0,17.0,1425,1638.0,133.0,0,0,,3.0,0.0,0.0,130.0,0.0,2015-03-03,1,1,133.0,1,2.26,0.0,0.0,97.74,0.0
2015,3,14,6,WN,3336,N7722B,RSW,BOS,1915,1907.0,-8.0,15.0,1922.0,185.0,169.0,147.0,1249,2149.0,7.0,2220,2156.0,-24.0,0,0,,0.0,0.0,0.0,0.0,0.0,2015-03-14,0,0,0.0,0,0.0,0.0,0.0,0.0,0.0
2015,3,23,1,WN,46,N760SW,LAS,SLC,750,830.0,40.0,11.0,841.0,75.0,68.0,54.0,368,1035.0,3.0,1005,1038.0,33.0,0,0,,0.0,0.0,33.0,0.0,0.0,2015-03-23,1,1,33.0,1,0.0,0.0,100.0,0.0,0.0
2015,2,16,1,US,481,N677AW,PHL,DEN,750,748.0,-2.0,15.0,803.0,269.0,275.0,251.0,1558,1014.0,9.0,1019,1023.0,4.0,0,0,,0.0,0.0,0.0,0.0,0.0,2015-02-16,0,0,0.0,0,0.0,0.0,0.0,0.0,0.0
2015,2,28,6,AA,1073,N3FHAA,PHL,MIA,2015,2034.0,19.0,27.0,2101.0,178.0,165.0,133.0,1013,2314.0,5.0,2313,2319.0,6.0,0,0,,0.0,0.0,0.0,0.0,0.0,2015-02-28,1,0,0.0,0,0.0,0.0,0.0,0.0,0.0
2015,2,24,2,DL,2653,N902DE,LGA,MIA,1540,1535.0,-5.0,25.0,1600.0,212.0,186.0,152.0,1096,1832.0,9.0,1912,1841.0,-31.0,0,0,,0.0,0.0,0.0,0.0,0.0,2015-02-24,0,0,0.0,0,0.0,0.0,0.0,0.0,0.0
2015,3,2,1,AS,591,N462AS,PSP,PDX,1135,1145.0,10.0,10.0,1155.0,145.0,138.0,124.0,873,1359.0,4.0,1400,1403.0,3.0,0,0,,0.0,0.0,0.0,0.0,0.0,2015-03-02,0,0,0.0,0,0.0,0.0,0.0,0.0,0.0
2015,2,18,3,OO,4576,N779CA,MSP,RAP,905,901.0,-4.0,12.0,913.0,111.0,99.0,83.0,489,936.0,4.0,956,940.0,-16.0,0,0,,0.0,0.0,0.0,0.0,0.0,2015-02-18,0,0,0.0,0,0.0,0.0,0.0,0.0,0.0
2015,2,26,4,WN,1437,N458WN,BWI,ISP,1355,1352.0,-3.0,10.0,1402.0,60.0,55.0,42.0,220,1444.0,3.0,1455,1447.0,-8.0,0,0,,0.0,0.0,0.0,0.0,0.0,2015-02-26,0,0,0.0,0,0.0,0.0,0.0,0.0,0.0
2015,3,6,5,OO,4594,N779CA,DTW,CMH,735,746.0,11.0,24.0,810.0,65.0,58.0,30.0,155,840.0,4.0,840,844.0,4.0,0,0,,0.0,0.0,0.0,0.0,0.0,2015-03-06,0,0,0.0,0,0.0,0.0,0.0,0.0,0.0
2015,3,19,4,DL,909,N587NW,DTW,LAX,2137,2134.0,-3.0,30.0,2204.0,307.0,313.0,262.0,1979,2326.0,21.0,2344,2347.0,3.0,0,0,,0.0,0.0,0.0,0.0,0.0,2015-03-19,0,0,0.0,0,0.0,0.0,0.0,0.0,0.0
2015,3,16,1,WN,1282,N649SW,OMA,DEN,2035,2114.0,39.0,6.0,2120.0,95.0,85.0,73.0,472,2133.0,6.0,2110,2139.0,29.0,0,0,,0.0,0.0,0.0,29.0,0.0,2015-03-16,1,1,29.0,1,0.0,0.0,0.0,100.0,0.0
2015,2,21,6,US,1709,N573UW,MSP,CLT,510,506.0,-4.0,18.0,524.0,156.0,159.0,130.0,930,834.0,11.0,846,845.0,-1.0,0,0,,0.0,0.0,0.0,0.0,0.0,2015-02-21,0,0,0.0,0,0.0,0.0,0.0,0.0,0.0
2015,2,16,1,MQ,3266,N681MQ,CRP,DFW,1757,1822.0,25.0,11.0,1833.0,83.0,82.0,59.0,354,1932.0,12.0,1920,1944.0,24.0,0,0,,0.0,0.0,0.0,24.0,0.0,2015-02-16,1,1,24.0,1,0.0,0.0,0.0,100.0,0.0
2015,3,14,6,WN,1929,N652SW,DEN,PHX,630,624.0,-6.0,9.0,633.0,125.0,93.0,78.0,602,651.0,6.0,735,657.0,-38.0,0,0,,0.0,0.0,0.0,0.0,0.0,2015-03-14,0,0,0.0,0,0.0,0.0,0.0,0.0,0.0
2015,2,23,1,B6,1466,N281JB,FLL,BUF,2020,2033.0,13.0,16.0,2049.0,173.0,175.0,155.0,1165,2324.0,4.0,2313,2328.0,15.0,0,0,,2.0,0.0,11.0,2.0,0.0,2015-02-23,0,0,15.0,0,13.33,0.0,73.33,13.33,0.0
2015,3,19,4,OO,4674,N779CA,MFR,SLC,620,611.0,-9.0,15.0,626.0,108.0,107.0,87.0,575,853.0,5.0,908,858.0,-10.0,0,0,,0.0,0.0,0.0,0.0,0.0,2015-03-19,0,0,0.0,0,0.0,0.0,0.0,0.0,0.0
2015,2,18,3,UA,720,N471UA,DEN,EWR,1112,1118.0,6.0,14.0,1132.0,218.0,211.0,190.0,1605,1642.0,7.0,1650,1649.0,-1.0,0,0,,0.0,0.0,0.0,0.0,0.0,2015-02-18,0,0,0.0,0,0.0,0.0,0.0,0.0,0.0
2015,3,8,7,HA,232,N486HA,HNL,KOA,2037,2027.0,-10.0,9.0,2036.0,43.0,47.0,33.0,163,2109.0,5.0,2120,2114.0,-6.0,0,0,,0.0,0.0,0.0,0.0,0.0,2015-03-08,0,0,0.0,0,0.0,0.0,0.0,0.0,0.0
2015,2,25,3,WN,160,N952WN,MKE,DCA,730,730.0,0.0,14.0,744.0,120.0,96.0,78.0,634,1002.0,4.0,1030,1006.0,-24.0,0,0,,0.0,0.0,0.0,0.0,0.0,2015-02-25,0,0,0.0,0,0.0,0.0,0.0,0.0,0.0
2015,2,22,7,US,719,N546UW,PHL,SFO,1800,2051.0,171.0,15.0,2106.0,387.0,396.0,351.0,2521,2357.0,30.0,2127,27.0,180.0,0,0,,9.0,0.0,171.0,0.0,0.0,2015-02-22,1,1,180.0,1,5.0,0.0,95.0,0.0,0.0
2015,3,13,5,OO,7391,N8965E,GCC,SLC,1700,1700.0,0.0,10.0,1710.0,91.0,81.0,65.0,410,1815.0,6.0,1831,1821.0,-10.0,0,0,,0.0,0.0,0.0,0.0,0.0,2015-03-13,0,0,0.0,0,0.0,0.0,0.0,0.0,0.0
2015,2,14,6,B6,1888,N231JB,MCO,ORH,919,911.0,-8.0,12.0,923.0,156.0,152.0,136.0,1091,1139.0,4.0,1155,1143.0,-12.0,0,0,,0.0,0.0,0.0,0.0,0.0,2015-02-14,0,0,0.0,0,0.0,0.0,0.0,0.0,0.0
2015,3,12,4,EV,5597,N707EV,LFT,ATL,1058,1053.0,-5.0,14.0,1107.0,97.0,98.0,74.0,503,1321.0,10.0,1335,1331.0,-4.0,0,0,,0.0,0.0,0.0,0.0,0.0,2015-03-12,0,0,0.0,0,0.0,0.0,0.0,0.0,0.0
2015,3,6,5,DL,1180,N6714Q,SLC,MCO,1701,1704.0,3.0,17.0,1721.0,242.0,235.0,214.0,1931,2255.0,4.0,2303,2259.0,-4.0,0,0,,0.0,0.0,0.0,0.0,0.0,2015-03-06,0,0,0.0,0,0.0,0.0,0.0,0.0,0.0
2015,3,18,3,EV,5017,N882AS,CSG,ATL,1218,1226.0,8.0,6.0,1232.0,46.0,46.0,24.0,83,1256.0,16.0,1304,1312.0,8.0,0,0,,0.0,0.0,0.0,0.0,0.0,2015-03-18,0,0,0.0,0,0.0,0.0,0.0,0.0,0.0
2015,2,13,5,DL,1775,N126DL,ATL,SFO,1625,1624.0,-1.0,25.0,1649.0,331.0,320.0,283.0,2139,1832.0,12.0,1856,1844.0,-12.0,0,0,,0.0,0.0,0.0,0.0,0.0,2015-02-13,0,0,0.0,0,0.0,0.0,0.0,0.0,0.0
2015,3,6,5,US,1765,N746UW,CLT,MCI,1611,1658.0,47.0,10.0,1708.0,153.0,151.0,137.0,808,1825.0,4.0,1744,1829.0,45.0,0,0,,0.0,0.0,10.0,35.0,0.0,2015-03-06,1,1,45.0,1,0.0,0.0,22.22,77.78,0.0
2015,3,15,7,WN,346,N352SW,DEN,SAT,1330,1340.0,10.0,9.0,1349.0,120.0,123.0,110.0,794,1639.0,4.0,1630,1643.0,13.0,0,0,,0.0,0.0,0.0,0.0,0.0,2015-03-15,0,0,0.0,0,0.0,0.0,0.0,0.0,0.0
2015,3,17,2,WN,795,N938WN,LAS,ABQ,730,726.0,-4.0,10.0,736.0,80.0,80.0,66.0,486,942.0,4.0,950,946.0,-4.0,0,0,,0.0,0.0,0.0,0.0,0.0,2015-03-17,0,0,0.0,0,0.0,0.0,0.0,0.0,0.0
2015,2,27,5,WN,955,N481WN,LAX,DEN,1400,1414.0,14.0,10.0,1424.0,140.0,122.0,106.0,862,1710.0,6.0,1720,1716.0,-4.0,0,0,,0.0,0.0,0.0,0.0,0.0,2015-02-27,0,0,0.0,0,0.0,0.0,0.0,0.0,0.0
2015,2,20,5,OO,4526,N611SK,DEN,SLC,1745,1817.0,32.0,14.0,1831.0,90.0,84.0,66.0,391,1937.0,4.0,1915,1941.0,26.0,0,0,,0.0,0.0,0.0,26.0,0.0,2015-02-20,1,1,26.0,1,0.0,0.0,0.0,100.0,0.0
2015,3,24,2,US,899,N737US,BWI,CLT,1030,1031.0,1.0,12.0,1043.0,92.0,83.0,60.0,361,1143.0,11.0,1202,1154.0,-8.0,0,0,,0.0,0.0,0.0,0.0,0.0,2015-03-24,0,0,0.0,0,0.0,0.0,0.0,0.0,0.0
2015,3,9,1,MQ,3323,N664MQ,ORD,CMI,1905,1900.0,-5.0,14.0,1914.0,49.0,54.0,30.0,135,1944.0,10.0,1954,1954.0,0.0,0,0,,0.0,0.0,0.0,0.0,0.0,2015-03-09,0,0,0.0,0,0.0,0.0,0.0,0.0,0.0
2015,3,9,1,WN,3494,N784SW,MHT,TPA,630,625.0,-5.0,8.0,633.0,205.0,192.0,179.0,1204,932.0,5.0,955,937.0,-18.0,0,0,,0.0,0.0,0.0,0.0,0.0,2015-03-09,0,0,0.0,0,0.0,0.0,0.0,0.0,0.0
2015,2,23,1,OO,6518,N718SK,SMF,LAX,1024,1023.0,-1.0,27.0,1050.0,97.0,115.0,61.0,373,1151.0,27.0,1201,1218.0,17.0,0,0,,17.0,0.0,0.0,0.0,0.0,2015-02-23,0,1,17.0,1,100.0,0.0,0.0,0.0,0.0
2015,3,16,1,US,1815,N713UW,LGA,CLT,845,841.0,-4.0,18.0,859.0,131.0,103.0,78.0,544,1017.0,7.0,1056,1024.0,-32.0,0,0,,0.0,0.0,0.0,0.0,0.0,2015-03-16,0,0,0.0,0,0.0,0.0,0.0,0.0,0.0
2015,3,3,2,UA,1425,N35271,EWR,FLL,810,805.0,-5.0,29.0,834.0,190.0,174.0,140.0,1065,1054.0,5.0,1120,1059.0,-21.0,0,0,,0.0,0.0,0.0,0.0,0.0,2015-03-03,0,0,0.0,0,0.0,0.0,0.0,0.0,0.0
2015,3,20,5,WN,36,N7734H,TPA,DCA,905,903.0,-2.0,13.0,916.0,135.0,126.0,105.0,814,1101.0,8.0,1120,1109.0,-11.0,0,0,,0.0,0.0,0.0,0.0,0.0,2015-03-20,0,0,0.0,0,0.0,0.0,0.0,0.0,0.0
2015,2,25,3,MQ,3612,N654MQ,DFW,XNA,2140,2143.0,3.0,13.0,2156.0,63.0,65.0,45.0,280,2241.0,7.0,2243,2248.0,5.0,0,0,,0.0,0.0,0.0,0.0,0.0,2015-02-25,0,0,0.0,0,0.0,0.0,0.0,0.0,0.0
2015,3,18,3,EV,4500,N15910,SDF,EWR,1220,1224.0,4.0,21.0,1245.0,122.0,128.0,91.0,642,1416.0,16.0,1422,1432.0,10.0,0,0,,0.0,0.0,0.0,0.0,0.0,2015-03-18,0,0,0.0,0,0.0,0.0,0.0,0.0,0.0
2015,3,5,4,DL,1733,N906DL,ECP,ATL,1151,1212.0,21.0,12.0,1224.0,74.0,63.0,42.0,240,1406.0,9.0,1405,1415.0,10.0,0,0,,0.0,0.0,0.0,0.0,0.0,2015-03-05,1,0,0.0,0,0.0,0.0,0.0,0.0,0.0
2015,3,21,6,US,435,N662AW,JFK,PHX,630,634.0,4.0,55.0,729.0,350.0,364.0,304.0,2153,933.0,5.0,920,938.0,18.0,0,0,,14.0,0.0,0.0,0.0,4.0,2015-03-21,0,1,18.0,1,77.78,0.0,0.0,0.0,22.22
2015,3,25,3,MQ,3270,N939MQ,CHA,DFW,1246,1242.0,-4.0,9.0,1251.0,149.0,153.0,129.0,695,1400.0,15.0,1415,1415.0,0.0,0,0,,0.0,0.0,0.0,0.0,0.0,2015-03-25,0,0,0.0,0,0.0,0.0,0.0,0.0,0.0
2015,3,15,7,US,2118,N958UW,LGA,BOS,1600,1611.0,11.0,49.0,1700.0,77.0,119.0,59.0,184,1759.0,11.0,1717,1810.0,53.0,0,0,,42.0,0.0,0.0,6.0,5.0,2015-03-15,0,1,53.0,1,79.25,0.0,0.0,11.32,9.43
2015,2,24,2,EV,5601,N678CA,FSD,ATL,615,842.0,147.0,19.0,901.0,152.0,140.0,118.0,954,1159.0,3.0,947,1202.0,135.0,0,0,,0.0,0.0,135.0,0.0,0.0,2015-02-24,1,1,135.0,1,0.0,0.0,100.0,0.0,0.0
2015,3,11,3,US,785,N673AW,PHL,TPA,1555,1601.0,6.0,18.0,1619.0,167.0,164.0,144.0,920,1843.0,2.0,1842,1845.0,3.0,0,0,,0.0,0.0,0.0,0.0,0.0,2015-03-11,0,0,0.0,0,0.0,0.0,0.0,0.0,0.0
2015,3,11,3,B6,218,N339JB,CLT,JFK,1052,1049.0,-3.0,9.0,1058.0,112.0,93.0,78.0,541,1216.0,6.0,1244,1222.0,-22.0,0,0,,0.0,0.0,0.0,0.0,0.0,2015-03-11,0,0,0.0,0,0.0,0.0,0.0,0.0,0.0
2015,3,5,4,MQ,2984,N523MQ,DTW,ORD,1911,1931.0,20.0,22.0,1953.0,84.0,80.0,46.0,235,1939.0,12.0,1935,1951.0,16.0,0,0,,0.0,0.0,1.0,15.0,0.0,2015-03-05,1,1,16.0,1,0.0,0.0,6.25,93.75,0.0
2015,2,17,2,US,626,N192UW,LGA,CLT,1300,1301.0,1.0,14.0,1315.0,120.0,142.0,119.0,544,1514.0,9.0,1500,1523.0,23.0,0,0,,22.0,0.0,1.0,0.0,0.0,2015-02-17,0,1,23.0,1,95.65,0.0,4.35,0.0,0.0
2015,2,22,7,OO,2597,N863AS,SAN,LAX,1820,1909.0,49.0,46.0,1955.0,49.0,84.0,25.0,109,2020.0,13.0,1909,2033.0,84.0,0,0,,35.0,0.0,0.0,49.0,0.0,2015-02-22,1,1,84.0,1,41.67,0.0,0.0,58.33,0.0
2015,3,8,7,DL,2339,N945DN,DCA,ATL,2000,1956.0,-4.0,18.0,2014.0,117.0,112.0,86.0,547,2140.0,8.0,2157,2148.0,-9.0,0,0,,0.0,0.0,0.0,0.0,0.0,2015-03-08,0,0,0.0,0,0.0,0.0,0.0,0.0,0.0
2015,2,23,1,DL,1471,N931DL,MSY,ATL,1115,1135.0,20.0,19.0,1154.0,88.0,84.0,60.0,425,1354.0,5.0,1343,1359.0,16.0,0,0,,0.0,0.0,0.0,16.0,0.0,2015-02-23,1,1,16.0,1,0.0,0.0,0.0,100.0,0.0
2015,3,24,2,WN,4813,N651SW,MDW,MCI,1900,1902.0,2.0,11.0,1913.0,85.0,86.0,69.0,405,2022.0,6.0,2025,2028.0,3.0,0,0,,0.0,0.0,0.0,0.0,0.0,2015-03-24,0,0,0.0,0,0.0,0.0,0.0,0.0,0.0
2015,3,18,3,VX,963,N623VA,SAN,SFO,1725,1723.0,-2.0,13.0,1736.0,90.0,82.0,65.0,447,1841.0,4.0,1855,1845.0,-10.0,0,0,,0.0,0.0,0.0,0.0,0.0,2015-03-18,0,0,0.0,0,0.0,0.0,0.0,0.0,0.0
2015,3,3,2,AA,232,N489AA,DFW,ATL,1505,1510.0,5.0,14.0,1524.0,120.0,115.0,87.0,731,1751.0,14.0,1805,1805.0,0.0,0,0,,0.0,0.0,0.0,0.0,0.0,2015-03-03,0,0,0.0,0,0.0,0.0,0.0,0.0,0.0
2015,2,25,3,EV,6138,N11184,ORD,OKC,906,925.0,19.0,24.0,949.0,143.0,129.0,99.0,693,1128.0,6.0,1129,1134.0,5.0,0,0,,0.0,0.0,0.0,0.0,0.0,2015-02-25,1,0,0.0,0,0.0,0.0,0.0,0.0,0.0
2015,3,22,7,WN,686,N223WN,PHX,ONT,835,833.0,-2.0,9.0,842.0,75.0,67.0,54.0,325,936.0,4.0,950,940.0,-10.0,0,0,,0.0,0.0,0.0,0.0,0.0,2015-03-22,0,0,0.0,0,0.0,0.0,0.0,0.0,0.0
2015,3,17,2,UA,1139,N17719,EWR,CLE,1755,1952.0,117.0,34.0,2026.0,114.0,117.0,80.0,404,2146.0,3.0,1949,2149.0,120.0,0,0,,3.0,0.0,0.0,71.0,46.0,2015-03-17,1,1,120.0,1,2.5,0.0,0.0,59.17,38.33
2015,3,25,3,DL,1470,N934AT,CLE,ATL,1113,1113.0,0.0,8.0,1121.0,109.0,103.0,88.0,554,1249.0,7.0,1302,1256.0,-6.0,0,0,,0.0,0.0,0.0,0.0,0.0,2015-03-25,0,0,0.0,0,0.0,0.0,0.0,0.0,0.0
2015,3,25,3,US,1842,N724UW,CLT,PIT,1315,1312.0,-3.0,22.0,1334.0,85.0,86.0,60.0,366,1434.0,4.0,1440,1438.0,-2.0,0,0,,0.0,0.0,0.0,0.0,0.0,2015-03-25,0,0,0.0,0,0.0,0.0,0.0,0.0,0.0
2015,3,8,7,WN,4030,N8624J,SAT,SAN,1015,1011.0,-4.0,12.0,1023.0,180.0,172.0,154.0,1129,1057.0,6.0,1115,1103.0,-12.0,0,0,,0.0,0.0,0.0,0.0,0.0,2015-03-08,0,0,0.0,0,0.0,0.0,0.0,0.0,0.0
2015,3,13,5,WN,3577,N7750A,BWI,RDU,2020,2035.0,15.0,32.0,2107.0,70.0,84.0,48.0,255,2155.0,4.0,2130,2159.0,29.0,0,0,,14.0,0.0,0.0,15.0,0.0,2015-03-13,0,1,29.0,1,48.28,0.0,0.0,51.72,0.0
2015,3,18,3,MQ,2955,N639MQ,DFW,MGM,1520,1522.0,2.0,15.0,1537.0,100.0,96.0,79.0,622,1656.0,2.0,1700,1658.0,-2.0,0,0,,0.0,0.0,0.0,0.0,0.0,2015-03-18,0,0,0.0,0,0.0,0.0,0.0,0.0,0.0
2015,3,13,5,MQ,3277,N664MQ,GRR,ORD,950,1009.0,19.0,17.0,1026.0,70.0,52.0,30.0,137,956.0,5.0,1000,1001.0,1.0,0,0,,0.0,0.0,0.0,0.0,0.0,2015-03-13,1,0,0.0,0,0.0,0.0,0.0,0.0,0.0
2015,3,3,2,HA,16,N380HA,HNL,SAN,1455,1454.0,-1.0,18.0,1512.0,315.0,335.0,298.0,2614,2210.0,19.0,2210,2229.0,19.0,0,0,,0.0,0.0,19.0,0.0,0.0,2015-03-03,0,1,19.0,1,0.0,0.0,100.0,0.0,0.0
2015,3,10,2,AS,679,N614AS,DEN,SEA,800,803.0,3.0,22.0,825.0,179.0,182.0,154.0,1024,959.0,6.0,959,1005.0,6.0,0,0,,0.0,0.0,0.0,0.0,0.0,2015-03-10,0,0,0.0,0,0.0,0.0,0.0,0.0,0.0
2015,3,14,6,AA,2375,N3HBAA,DFW,TPA,1455,1454.0,-1.0,16.0,1510.0,136.0,140.0,116.0,929,1806.0,8.0,1811,1814.0,3.0,0,0,,0.0,0.0,0.0,0.0,0.0,2015-03-14,0,0,0.0,0,0.0,0.0,0.0,0.0,0.0
2015,3,18,3,DL,52,N921DN,DTW,MSP,1000,958.0,-2.0,28.0,1026.0,115.0,121.0,91.0,528,1057.0,2.0,1055,1059.0,4.0,0,0,,0.0,0.0,0.0,0.0,0.0,2015-03-18,0,0,0.0,0,0.0,0.0,0.0,0.0,0.0
2015,2,19,4,OO,6274,N920SW,DEN,FAT,1845,1840.0,-5.0,13.0,1853.0,147.0,139.0,122.0,844,1955.0,4.0,2012,1959.0,-13.0,0,0,,0.0,0.0,0.0,0.0,0.0,2015-02-19,0,0,0.0,0,0.0,0.0,0.0,0.0,0.0
2015,2,27,5,EV,5139,N730EV,DTW,BDL,846,852.0,6.0,18.0,910.0,114.0,99.0,74.0,549,1024.0,7.0,1040,1031.0,-9.0,0,0,,0.0,0.0,0.0,0.0,0.0,2015-02-27,0,0,0.0,0,0.0,0.0,0.0,0.0,0.0
2015,3,2,1,WN,2139,N8659D,MDW,LAS,1335,1502.0,87.0,16.0,1518.0,245.0,264.0,242.0,1521,1720.0,6.0,1540,1726.0,106.0,0,0,,19.0,0.0,0.0,0.0,87.0,2015-03-02,1,1,106.0,1,17.92,0.0,0.0,0.0,82.08
2015,3,9,1,WN,1171,N391SW,HOU,BNA,640,640.0,0.0,19.0,659.0,105.0,109.0,83.0,670,822.0,7.0,825,829.0,4.0,0,0,,0.0,0.0,0.0,0.0,0.0,2015-03-09,0,0,0.0,0,0.0,0.0,0.0,0.0,0.0
2015,3,8,7,AA,1664,N574AA,SAT,DFW,1614,1641.0,27.0,10.0,1651.0,71.0,66.0,44.0,247,1735.0,12.0,1725,1747.0,22.0,0,0,,0.0,0.0,0.0,22.0,0.0,2015-03-08,1,1,22.0,1,0.0,0.0,0.0,100.0,0.0
2015,3,24,2,AA,2296,N505AA,DFW,JAX,1850,1852.0,2.0,7.0,1859.0,132.0,120.0,107.0,918,2146.0,6.0,2202,2152.0,-10.0,0,0,,0.0,0.0,0.0,0.0,0.0,2015-03-24,0,0,0.0,0,0.0,0.0,0.0,0.0,0.0
2015,3,14,6,OO,5499,N738SK,JAC,IAH,1355,1346.0,-9.0,17.0,1403.0,191.0,180.0,157.0,1265,1740.0,6.0,1806,1746.0,-20.0,0,0,,0.0,0.0,0.0,0.0,0.0,2015-03-14,0,0,0.0,0,0.0,0.0,0.0,0.0,0.0
2015,3,15,7,OO,6473,N939SW,EUG,DEN,1530,1531.0,1.0,14.0,1545.0,160.0,149.0,125.0,996,1850.0,10.0,1910,1900.0,-10.0,0,0,,0.0,0.0,0.0,0.0,0.0,2015-03-15,0,0,0.0,0,0.0,0.0,0.0,0.0,0.0
2015,3,7,6,AA,2495,N4WKAA,RNO,DFW,1229,1229.0,0.0,14.0,1243.0,186.0,190.0,167.0,1345,1730.0,9.0,1735,1739.0,4.0,0,0,,0.0,0.0,0.0,0.0,0.0,2015-03-07,0,0,0.0,0,0.0,0.0,0.0,0.0,0.0
2015,2,19,4,WN,4736,N969WN,MDW,OKC,835,841.0,6.0,11.0,852.0,130.0,114.0,98.0,691,1030.0,5.0,1045,1035.0,-10.0,0,0,,0.0,0.0,0.0,0.0,0.0,2015-02-19,0,0,0.0,0,0.0,0.0,0.0,0.0,0.0
2015,3,5,4,OO,3458,N224AG,SEA,SLC,1850,1841.0,-9.0,14.0,1855.0,125.0,106.0,88.0,689,2123.0,4.0,2155,2127.0,-28.0,0,0,,0.0,0.0,0.0,0.0,0.0,2015-03-05,0,0,0.0,0,0.0,0.0,0.0,0.0,0.0
2015,3,16,1,OO,5474,N579SW,LAX,CLD,1151,1147.0,-4.0,16.0,1203.0,48.0,46.0,25.0,86,1228.0,5.0,1239,1233.0,-6.0,0,0,,0.0,0.0,0.0,0.0,0.0,2015-03-16,0,0,0.0,0,0.0,0.0,0.0,0.0,0.0
2015,2,24,2,HA,116,N493HA,HNL,OGG,800,751.0,-9.0,12.0,803.0,37.0,37.0,21.0,100,824.0,4.0,837,828.0,-9.0,0,0,,0.0,0.0,0.0,0.0,0.0,2015-02-24,0,0,0.0,0,0.0,0.0,0.0,0.0,0.0
2015,3,5,4,MQ,3036,N619MQ,IND,ORD,1034,1112.0,38.0,20.0,1132.0,69.0,67.0,39.0,177,1111.0,8.0,1043,1119.0,36.0,0,0,,0.0,0.0,0.0,36.0,0.0,2015-03-05,1,1,36.0,1,0.0,0.0,0.0,100.0,0.0
2015,2,20,5,UA,428,N457UA,IAH,IAD,1255,1314.0,19.0,21.0,1335.0,175.0,163.0,137.0,1190,1652.0,5.0,1650,1657.0,7.0,0,0,,0.0,0.0,0.0,0.0,0.0,2015-02-20,1,0,0.0,0,0.0,0.0,0.0,0.0,0.0
2015,3,19,4,WN,3753,N487WN,DEN,SNA,1200,1157.0,-3.0,14.0,1211.0,145.0,130.0,111.0,846,1302.0,5.0,1325,1307.0,-18.0,0,0,,0.0,0.0,0.0,0.0,0.0,2015-03-19,0,0,0.0,0,0.0,0.0,0.0,0.0,0.0
2015,3,7,6,WN,1402,N214WN,FLL,PIT,2020,2017.0,-3.0,15.0,2032.0,170.0,151.0,130.0,994,2242.0,6.0,2310,2248.0,-22.0,0,0,,0.0,0.0,0.0,0.0,0.0,2015-03-07,0,0,0.0,0,0.0,0.0,0.0,0.0,0.0
2015,3,14,6,B6,929,N643JB,JFK,RSW,605,558.0,-7.0,18.0,616.0,188.0,189.0,167.0,1074,903.0,4.0,913,907.0,-6.0,0,0,,0.0,0.0,0.0,0.0,0.0,2015-03-14,0,0,0.0,0,0.0,0.0,0.0,0.0,0.0
2015,3,7,6,DL,2149,N946DN,ATL,JAX,1950,1948.0,-2.0,20.0,2008.0,68.0,68.0,43.0,270,2051.0,5.0,2058,2056.0,-2.0,0,0,,0.0,0.0,0.0,0.0,0.0,2015-03-07,0,0,0.0,0,0.0,0.0,0.0,0.0,0.0
2015,3,9,1,DL,30,N999DN,DFW,ATL,1725,1725.0,0.0,20.0,1745.0,125.0,121.0,93.0,731,2018.0,8.0,2030,2026.0,-4.0,0,0,,0.0,0.0,0.0,0.0,0.0,2015-03-09,0,0,0.0,0,0.0,0.0,0.0,0.0,0.0
2015,2,25,3,EV,5090,N391CA,DTW,RIC,1730,2045.0,195.0,20.0,2105.0,99.0,90.0,67.0,456,2212.0,3.0,1909,2215.0,186.0,0,0,,0.0,0.0,186.0,0.0,0.0,2015-02-25,1,1,186.0,1,0.0,0.0,100.0,0.0,0.0
2015,3,17,2,WN,488,N455WN,RSW,IND,2145,2242.0,57.0,12.0,2254.0,155.0,149.0,133.0,945,107.0,4.0,20,111.0,51.0,0,0,,0.0,0.0,0.0,51.0,0.0,2015-03-17,1,1,51.0,1,0.0,0.0,0.0,100.0,0.0
2015,3,12,4,WN,195,N627SW,SAN,SJC,1320,1319.0,-1.0,8.0,1327.0,80.0,76.0,65.0,417,1432.0,3.0,1440,1435.0,-5.0,0,0,,0.0,0.0,0.0,0.0,0.0,2015-03-12,0,0,0.0,0,0.0,0.0,0.0,0.0,0.0
2015,2,27,5,VX,90,N621VA,SFO,IAD,1405,1527.0,82.0,37.0,1604.0,295.0,301.0,257.0,2419,2321.0,7.0,2200,2328.0,88.0,0,0,,0.0,0.0,6.0,82.0,0.0,2015-02-27,1,1,88.0,1,0.0,0.0,6.82,93.18,0.0
2015,2,23,1,OO,5267,N796SK,TUS,IAH,850,838.0,-12.0,12.0,850.0,140.0,129.0,105.0,936,1135.0,12.0,1210,1147.0,-23.0,0,0,,0.0,0.0,0.0,0.0,0.0,2015-02-23,0,0,0.0,0,0.0,0.0,0.0,0.0,0.0
2015,3,20,5,US,1842,N730US,PVD,CLT,959,1006.0,7.0,10.0,1016.0,142.0,136.0,118.0,683,1214.0,8.0,1221,1222.0,1.0,0,0,,0.0,0.0,0.0,0.0,0.0,2015-03-20,0,0,0.0,0,0.0,0.0,0.0,0.0,0.0
2015,2,26,4,OO,4572,N461SW,SBN,DTW,1205,1211.0,6.0,15.0,1226.0,64.0,53.0,32.0,157,1258.0,6.0,1309,1304.0,-5.0,0,0,,0.0,0.0,0.0,0.0,0.0,2015-02-26,0,0,0.0,0,0.0,0.0,0.0,0.0,0.0
2015,3,8,7,OO,6268,N291SW,FAT,SFO,1605,1556.0,-9.0,8.0,1604.0,67.0,47.0,36.0,158,1640.0,3.0,1712,1643.0,-29.0,0,0,,0.0,0.0,0.0,0.0,0.0,2015-03-08,0,0,0.0,0,0.0,0.0,0.0,0.0,0.0
2015,3,23,1,WN,4818,N774SW,MSY,ATL,1225,1220.0,-5.0,9.0,1229.0,90.0,78.0,58.0,425,1427.0,11.0,1455,1438.0,-17.0,0,0,,0.0,0.0,0.0,0.0,0.0,2015-03-23,0,0,0.0,0,0.0,0.0,0.0,0.0,0.0
2015,3,9,1,UA,520,N420UA,MSP,ORD,622,620.0,-2.0,10.0,630.0,99.0,71.0,52.0,334,722.0,9.0,801,731.0,-30.0,0,0,,0.0,0.0,0.0,0.0,0.0,2015-03-09,0,0,0.0,0,0.0,0.0,0.0,0.0,0.0
2015,3,13,5,DL,1750,N1200K,ATL,JFK,2045,2049.0,4.0,30.0,2119.0,141.0,140.0,103.0,760,2302.0,7.0,2306,2309.0,3.0,0,0,,0.0,0.0,0.0,0.0,0.0,2015-03-13,0,0,0.0,0,0.0,0.0,0.0,0.0,0.0
2015,2,16,1,OO,4524,N812SK,SLC,GEG,1147,1143.0,-4.0,21.0,1204.0,115.0,120.0,94.0,546,1238.0,5.0,1242,1243.0,1.0,0,0,,0.0,0.0,0.0,0.0,0.0,2015-02-16,0,0,0.0,0,0.0,0.0,0.0,0.0,0.0
2015,2,19,4,DL,1081,N6709,ATL,PBI,2005,2024.0,19.0,15.0,2039.0,110.0,97.0,78.0,545,2157.0,4.0,2155,2201.0,6.0,0,0,,0.0,0.0,0.0,0.0,0.0,2015-02-19,1,0,0.0,0,0.0,0.0,0.0,0.0,0.0
2015,2,19,4,DL,1345,N903DA,TUS,ATL,715,714.0,-1.0,11.0,725.0,204.0,186.0,169.0,1541,1214.0,6.0,1239,1220.0,-19.0,0,0,,0.0,0.0,0.0,0.0,0.0,2015-02-19,0,0,0.0,0,0.0,0.0,0.0,0.0,0.0
2015,3,3,2,OO,4517,N823SK,LAX,PHX,1522,1522.0,0.0,20.0,1542.0,86.0,87.0,63.0,370,1745.0,4.0,1748,1749.0,1.0,0,0,,0.0,0.0,0.0,0.0,0.0,2015-03-03,0,0,0.0,0,0.0,0.0,0.0,0.0,0.0
2015,2,28,6,OO,2744,N875AS,MTJ,PHX,1200,1148.0,-12.0,11.0,1159.0,93.0,103.0,85.0,419,1324.0,7.0,1333,1331.0,-2.0,0,0,,0.0,0.0,0.0,0.0,0.0,2015-02-28,0,0,0.0,0,0.0,0.0,0.0,0.0,0.0
2015,2,25,3,UA,1478,N37290,IAH,MSY,1655,1654.0,-1.0,14.0,1708.0,65.0,72.0,48.0,305,1756.0,10.0,1800,1806.0,6.0,0,0,,0.0,0.0,0.0,0.0,0.0,2015-02-25,0,0,0.0,0,0.0,0.0,0.0,0.0,0.0
2015,2,15,7,HA,345,N484HA,HNL,LIH,1004,955.0,-9.0,19.0,1014.0,38.0,47.0,22.0,102,1036.0,6.0,1042,1042.0,0.0,0,0,,0.0,0.0,0.0,0.0,0.0,2015-02-15,0,0,0.0,0,0.0,0.0,0.0,0.0,0.0
2015,2,24,2,UA,1522,N12218,IAH,HDN,1138,1135.0,-3.0,12.0,1147.0,177.0,163.0,145.0,985,1312.0,6.0,1335,1318.0,-17.0,0,0,,0.0,0.0,0.0,0.0,0.0,2015-02-24,0,0,0.0,0,0.0,0.0,0.0,0.0,0.0
2015,3,10,2,DL,1540,N901DE,OKC,ATL,600,555.0,-5.0,11.0,606.0,125.0,113.0,94.0,761,840.0,8.0,905,848.0,-17.0,0,0,,0.0,0.0,0.0,0.0,0.0,2015-03-10,0,0,0.0,0,0.0,0.0,0.0,0.0,0.0
2015,2,25,3,AA,2464,N426AA,BNA,DFW,1315,1318.0,3.0,10.0,1328.0,128.0,124.0,99.0,631,1507.0,15.0,1523,1522.0,-1.0,0,0,,0.0,0.0,0.0,0.0,0.0,2015-02-25,0,0,0.0,0,0.0,0.0,0.0,0.0,0.0
2015,2,24,2,OO,2736,N875AS,PHX,YUM,821,829.0,8.0,24.0,853.0,57.0,58.0,31.0,160,924.0,3.0,918,927.0,9.0,0,0,,0.0,0.0,0.0,0.0,0.0,2015-02-24,0,0,0.0,0,0.0,0.0,0.0,0.0,0.0
2015,3,7,6,AA,262,N3ELAA,RSW,DFW,1335,1541.0,126.0,16.0,1557.0,182.0,176.0,155.0,1017,1732.0,5.0,1537,1737.0,120.0,0,0,,0.0,0.0,63.0,57.0,0.0,2015-03-07,1,1,120.0,1,0.0,0.0,52.5,47.5,0.0
2015,3,22,7,DL,64,N929DN,MIA,ATL,1520,1527.0,7.0,19.0,1546.0,125.0,120.0,92.0,594,1718.0,9.0,1725,1727.0,2.0,0,0,,0.0,0.0,0.0,0.0,0.0,2015-03-22,0,0,0.0,0,0.0,0.0,0.0,0.0,0.0
2015,3,19,4,OO,4720,N170PQ,SEA,PHX,730,723.0,-7.0,16.0,739.0,172.0,160.0,140.0,1107,959.0,4.0,1022,1003.0,-19.0,0,0,,0.0,0.0,0.0,0.0,0.0,2015-03-19,0,0,0.0,0,0.0,0.0,0.0,0.0,0.0
2015,3,10,2,WN,3929,N743SW,FNT,MCO,610,610.0,0.0,17.0,627.0,170.0,162.0,140.0,1011,847.0,5.0,900,852.0,-8.0,0,0,,0.0,0.0,0.0,0.0,0.0,2015-03-10,0,0,0.0,0,0.0,0.0,0.0,0.0,0.0
2015,3,22,7,EV,2574,N685AE,DFW,CAE,2020,2025.0,5.0,13.0,2038.0,131.0,129.0,109.0,922,2327.0,7.0,2331,2334.0,3.0,0,0,,0.0,0.0,0.0,0.0,0.0,2015-03-22,0,0,0.0,0,0.0,0.0,0.0,0.0,0.0
2015,3,16,1,WN,1428,N7708E,PHX,ONT,2100,2102.0,2.0,7.0,2109.0,65.0,57.0,46.0,325,2155.0,4.0,2205,2159.0,-6.0,0,0,,0.0,0.0,0.0,0.0,0.0,2015-03-16,0,0,0.0,0,0.0,0.0,0.0,0.0,0.0
2015,3,25,3,US,668,N732US,RSW,PHL,600,556.0,-4.0,20.0,616.0,158.0,159.0,132.0,993,828.0,7.0,838,835.0,-3.0,0,0,,0.0,0.0,0.0,0.0,0.0,2015-03-25,0,0,0.0,0,0.0,0.0,0.0,0.0,0.0
2015,3,15,7,EV,5052,N695CA,ATL,OAJ,2120,2234.0,74.0,14.0,2248.0,77.0,73.0,57.0,399,2345.0,2.0,2237,2347.0,70.0,0,0,,0.0,0.0,70.0,0.0,0.0,2015-03-15,1,1,70.0,1,0.0,0.0,100.0,0.0,0.0
2015,2,27,5,EV,4915,N848AS,FSM,ATL,1140,1138.0,-2.0,14.0,1152.0,100.0,100.0,79.0,579,1411.0,7.0,1420,1418.0,-2.0,0,0,,0.0,0.0,0.0,0.0,0.0,2015-02-27,0,0,0.0,0,0.0,0.0,0.0,0.0,0.0
2015,2,19,4,EV,5208,N738EV,BOS,RIC,850,853.0,3.0,28.0,921.0,110.0,124.0,90.0,474,1051.0,6.0,1040,1057.0,17.0,0,0,,14.0,0.0,3.0,0.0,0.0,2015-02-19,0,1,17.0,1,82.35,0.0,17.65,0.0,0.0
2015,2,17,2,WN,2331,N621SW,MSY,DAL,1100,1106.0,6.0,7.0,1113.0,85.0,86.0,75.0,436,1228.0,4.0,1225,1232.0,7.0,0,0,,0.0,0.0,0.0,0.0,0.0,2015-02-17,0,0,0.0,0,0.0,0.0,0.0,0.0,0.0
2015,2,14,6,AA,2343,N481AA,DFW,ORD,2050,2048.0,-2.0,21.0,2109.0,124.0,144.0,115.0,802,2304.0,8.0,2254,2312.0,18.0,0,0,,18.0,0.0,0.0,0.0,0.0,2015-02-14,0,1,18.0,1,100.0,0.0,0.0,0.0,0.0
2015,3,25,3,B6,962,N564JB,SJU,BOS,500,513.0,13.0,11.0,524.0,248.0,251.0,230.0,1674,914.0,10.0,908,924.0,16.0,0,0,,3.0,0.0,9.0,4.0,0.0,2015-03-25,0,1,16.0,1,18.75,0.0,56.25,25.0,0.0
2015,2,27,5,WN,1717,N7743B,DEN,ONT,2105,2200.0,55.0,12.0,2212.0,150.0,136.0,117.0,819,2309.0,7.0,2235,2316.0,41.0,0,0,,0.0,0.0,41.0,0.0,0.0,2015-02-27,1,1,41.0,1,0.0,0.0,100.0,0.0,0.0
2015,3,14,6,DL,846,N352NW,PHX,ATL,600,555.0,-5.0,16.0,611.0,208.0,212.0,190.0,1587,1221.0,6.0,1228,1227.0,-1.0,0,0,,0.0,0.0,0.0,0.0,0.0,2015-03-14,0,0,0.0,0,0.0,0.0,0.0,0.0,0.0
2015,2,13,5,OO,4628,N440SW,DTW,LAN,1210,1206.0,-4.0,19.0,1225.0,51.0,56.0,22.0,74,1247.0,15.0,1301,1302.0,1.0,0,0,,0.0,0.0,0.0,0.0,0.0,2015-02-13,0,0,0.0,0,0.0,0.0,0.0,0.0,0.0
2015,2,24,2,OO,4831,N816SK,SLC,SAT,946,941.0,-5.0,15.0,956.0,166.0,162.0,141.0,1087,1317.0,6.0,1332,1323.0,-9.0,0,0,,0.0,0.0,0.0,0.0,0.0,2015-02-24,0,0,0.0,0,0.0,0.0,0.0,0.0,0.0
2015,3,18,3,UA,298,N831UA,ATL,EWR,600,544.0,-16.0,25.0,609.0,131.0,134.0,102.0,746,751.0,7.0,811,758.0,-13.0,0,0,,0.0,0.0,0.0,0.0,0.0,2015-03-18,0,0,0.0,0,0.0,0.0,0.0,0.0,0.0
2015,2,19,4,UA,1225,N14228,SAN,EWR,615,607.0,-8.0,25.0,632.0,321.0,311.0,278.0,2425,1410.0,8.0,1436,1418.0,-18.0,0,0,,0.0,0.0,0.0,0.0,0.0,2015-02-19,0,0,0.0,0,0.0,0.0,0.0,0.0,0.0
2015,2,24,2,DL,2696,N991AT,LGA,BOS,2159,2158.0,-1.0,15.0,2213.0,63.0,64.0,44.0,184,2257.0,5.0,2302,2302.0,0.0,0,0,,0.0,0.0,0.0,0.0,0.0,2015-02-24,0,0,0.0,0,0.0,0.0,0.0,0.0,0.0
2015,2,28,6,AA,246,N5DJAA,KOA,LAX,2231,947.0,676.0,16.0,1003.0,304.0,311.0,287.0,2504,1650.0,8.0,535,1658.0,683.0,0,0,,7.0,0.0,652.0,24.0,0.0,2015-02-28,1,1,683.0,1,1.02,0.0,95.46,3.51,0.0
2015,2,14,6,WN,3954,N745SW,MCO,SJU,2035,2040.0,5.0,9.0,2049.0,160.0,150.0,135.0,1189,4.0,6.0,15,10.0,-5.0,0,0,,0.0,0.0,0.0,0.0,0.0,2015-02-14,0,0,0.0,0,0.0,0.0,0.0,0.0,0.0
2015,3,24,2,B6,61,N784JB,BOS,SJU,830,848.0,18.0,17.0,905.0,242.0,232.0,207.0,1674,1232.0,8.0,1232,1240.0,8.0,0,0,,0.0,0.0,0.0,0.0,0.0,2015-03-24,1,0,0.0,0,0.0,0.0,0.0,0.0,0.0
2015,3,11,3,F9,1358,N928FR,PHX,IAH,1920,1910.0,-10.0,13.0,1923.0,155.0,159.0,137.0,1009,2340.0,9.0,2355,2349.0,-6.0,0,0,,0.0,0.0,0.0,0.0,0.0,2015-03-11,0,0,0.0,0,0.0,0.0,0.0,0.0,0.0
2015,3,14,6,AA,1124,N3DGAA,BOS,DFW,1745,1803.0,18.0,19.0,1822.0,269.0,267.0,241.0,1562,2123.0,7.0,2114,2130.0,16.0,0,0,,0.0,0.0,5.0,11.0,0.0,2015-03-14,1,1,16.0,1,0.0,0.0,31.25,68.75,0.0
2015,2,16,1,WN,4833,N7815L,ELP,PHX,1920,2015.0,55.0,11.0,2026.0,80.0,78.0,60.0,347,2126.0,7.0,2040,2133.0,53.0,0,0,,0.0,0.0,0.0,53.0,0.0,2015-02-16,1,1,53.0,1,0.0,0.0,0.0,100.0,0.0
2015,2,15,7,WN,2585,N8308K,BWI,MCO,700,818.0,78.0,12.0,830.0,150.0,133.0,112.0,787,1022.0,9.0,930,1031.0,61.0,0,0,,0.0,61.0,0.0,0.0,0.0,2015-02-15,1,1,61.0,1,0.0,100.0,0.0,0.0,0.0
2015,3,22,7,MQ,3130,N639MQ,JAN,DFW,1353,1352.0,-1.0,16.0,1408.0,97.0,100.0,74.0,408,1522.0,10.0,1530,1532.0,2.0,0,0,,0.0,0.0,0.0,0.0,0.0,2015-03-22,0,0,0.0,0,0.0,0.0,0.0,0.0,0.0
2015,3,9,1,EV,4725,N16559,BTR,IAH,1601,1558.0,-3.0,15.0,1613.0,69.0,93.0,65.0,253,1718.0,13.0,1710,1731.0,21.0,0,0,,21.0,0.0,0.0,0.0,0.0,2015-03-09,0,1,21.0,1,100.0,0.0,0.0,0.0,0.0
2015,3,20,5,OO,2859,N864AS,SMF,LAX,1844,1936.0,52.0,13.0,1949.0,96.0,88.0,63.0,373,2052.0,12.0,2020,2104.0,44.0,0,0,,0.0,0.0,0.0,44.0,0.0,2015-03-20,1,1,44.0,1,0.0,0.0,0.0,100.0,0.0
2015,3,13,5,UA,1148,N34282,DEN,SNA,1902,1859.0,-3.0,21.0,1920.0,144.0,132.0,106.0,846,2006.0,5.0,2026,2011.0,-15.0,0,0,,0.0,0.0,0.0,0.0,0.0,2015-03-13,0,0,0.0,0,0.0,0.0,0.0,0.0,0.0
2015,3,9,1,DL,924,N931DL,MSP,ATL,730,724.0,-6.0,16.0,740.0,149.0,146.0,119.0,907,1039.0,11.0,1059,1050.0,-9.0,0,0,,0.0,0.0,0.0,0.0,0.0,2015-03-09,0,0,0.0,0,0.0,0.0,0.0,0.0,0.0
2015,2,18,3,WN,574,N291WN,PDX,OAK,830,828.0,-2.0,18.0,846.0,100.0,111.0,86.0,543,1012.0,7.0,1010,1019.0,9.0,0,0,,0.0,0.0,0.0,0.0,0.0,2015-02-18,0,0,0.0,0,0.0,0.0,0.0,0.0,0.0
2015,3,25,3,WN,687,N777QC,OKC,DEN,1055,1048.0,-7.0,11.0,1059.0,100.0,89.0,72.0,495,1111.0,6.0,1135,1117.0,-18.0,0,0,,0.0,0.0,0.0,0.0,0.0,2015-03-25,0,0,0.0,0,0.0,0.0,0.0,0.0,0.0
2015,3,20,5,OO,4504,N659BR,LSE,MSP,620,608.0,-12.0,9.0,617.0,65.0,41.0,28.0,119,645.0,4.0,725,649.0,-36.0,0,0,,0.0,0.0,0.0,0.0,0.0,2015-03-20,0,0,0.0,0,0.0,0.0,0.0,0.0,0.0
2015,3,23,1,WN,437,N670SW,BHM,TPA,810,804.0,-6.0,8.0,812.0,80.0,100.0,71.0,459,1023.0,21.0,1030,1044.0,14.0,0,0,,0.0,0.0,0.0,0.0,0.0,2015-03-23,0,0,0.0,0,0.0,0.0,0.0,0.0,0.0
2015,2,25,3,F9,358,N924FR,DEN,MKE,1053,1054.0,1.0,11.0,1105.0,132.0,128.0,111.0,896,1356.0,6.0,1405,1402.0,-3.0,0,0,,0.0,0.0,0.0,0.0,0.0,2015-02-25,0,0,0.0,0,0.0,0.0,0.0,0.0,0.0
2015,3,8,7,EV,4930,N134EV,AVP,ATL,600,554.0,-6.0,13.0,607.0,133.0,129.0,110.0,714,757.0,6.0,813,803.0,-10.0,0,0,,0.0,0.0,0.0,0.0,0.0,2015-03-08,0,0,0.0,0,0.0,0.0,0.0,0.0,0.0
2015,2,18,3,WN,2953,N8639B,BWI,SAN,1550,1555.0,5.0,10.0,1605.0,355.0,332.0,319.0,2295,1824.0,3.0,1845,1827.0,-18.0,0,0,,0.0,0.0,0.0,0.0,0.0,2015-02-18,0,0,0.0,0,0.0,0.0,0.0,0.0,0.0
2015,2,17,2,WN,460,N455WN,PIT,MCO,1935,2023.0,48.0,8.0,2031.0,145.0,151.0,134.0,834,2245.0,9.0,2200,2254.0,54.0,0,0,,6.0,0.0,0.0,48.0,0.0,2015-02-17,1,1,54.0,1,11.11,0.0,0.0,88.89,0.0
2015,2,27,5,DL,885,N892AT,GRR,ATL,1734,1733.0,-1.0,9.0,1742.0,141.0,129.0,95.0,640,1917.0,25.0,1955,1942.0,-13.0,0,0,,0.0,0.0,0.0,0.0,0.0,2015-02-27,0,0,0.0,0,0.0,0.0,0.0,0.0,0.0
2015,3,22,7,WN,2582,N498WN,DCA,MKE,1555,1553.0,-2.0,16.0,1609.0,130.0,121.0,101.0,634,1650.0,4.0,1705,1654.0,-11.0,0,0,,0.0,0.0,0.0,0.0,0.0,2015-03-22,0,0,0.0,0,0.0,0.0,0.0,0.0,0.0
2015,3,20,5,US,1719,N652AW,EWR,CLT,1310,1306.0,-4.0,33.0,1339.0,117.0,126.0,85.0,529,1504.0,8.0,1507,1512.0,5.0,0,0,,0.0,0.0,0.0,0.0,0.0,2015-03-20,0,0,0.0,0,0.0,0.0,0.0,0.0,0.0
2015,2,15,7,MQ,3031,N519MQ,ATL,LGA,1321,1321.0,0.0,13.0,1334.0,129.0,128.0,109.0,762,1523.0,6.0,1530,1529.0,-1.0,0,0,,0.0,0.0,0.0,0.0,0.0,2015-02-15,0,0,0.0,0,0.0,0.0,0.0,0.0,0.0
2015,2,26,4,DL,444,N709TW,SLC,JFK,1130,1138.0,8.0,29.0,1207.0,264.0,261.0,225.0,1990,1752.0,7.0,1754,1759.0,5.0,0,0,,0.0,0.0,0.0,0.0,0.0,2015-02-26,0,0,0.0,0,0.0,0.0,0.0,0.0,0.0
2015,3,25,3,UA,648,N474UA,RNO,DEN,600,554.0,-6.0,15.0,609.0,135.0,151.0,118.0,804,907.0,18.0,915,925.0,10.0,0,0,,0.0,0.0,0.0,0.0,0.0,2015-03-25,0,0,0.0,0,0.0,0.0,0.0,0.0,0.0
2015,3,19,4,EV,4359,N11551,IAH,JAN,1910,1902.0,-8.0,12.0,1914.0,74.0,70.0,53.0,351,2007.0,5.0,2024,2012.0,-12.0,0,0,,0.0,0.0,0.0,0.0,0.0,2015-03-19,0,0,0.0,0,0.0,0.0,0.0,0.0,0.0
2015,3,17,2,US,636,N677AW,PHX,LAS,1650,1644.0,-6.0,14.0,1658.0,66.0,59.0,40.0,255,1738.0,5.0,1756,1743.0,-13.0,0,0,,0.0,0.0,0.0,0.0,0.0,2015-03-17,0,0,0.0,0,0.0,0.0,0.0,0.0,0.0
2015,3,18,3,WN,39,N352SW,DAL,HOU,1600,1556.0,-4.0,8.0,1604.0,65.0,56.0,42.0,239,1646.0,6.0,1705,1652.0,-13.0,0,0,,0.0,0.0,0.0,0.0,0.0,2015-03-18,0,0,0.0,0,0.0,0.0,0.0,0.0,0.0
2015,2,21,6,HA,24,N590HA,OGG,OAK,1250,1239.0,-11.0,8.0,1247.0,295.0,302.0,289.0,2349,1936.0,5.0,1945,1941.0,-4.0,0,0,,0.0,0.0,0.0,0.0,0.0,2015-02-21,0,0,0.0,0,0.0,0.0,0.0,0.0,0.0
2015,2,15,7,WN,4511,N477WN,RSW,IND,1940,2006.0,26.0,12.0,2018.0,155.0,158.0,141.0,945,2239.0,5.0,2215,2244.0,29.0,0,0,,3.0,0.0,21.0,5.0,0.0,2015-02-15,1,1,29.0,1,10.34,0.0,72.41,17.24,0.0
2015,3,2,1,WN,243,N374SW,BWI,CHS,1950,1959.0,9.0,9.0,2008.0,100.0,85.0,70.0,472,2118.0,6.0,2130,2124.0,-6.0,0,0,,0.0,0.0,0.0,0.0,0.0,2015-03-02,0,0,0.0,0,0.0,0.0,0.0,0.0,0.0
2015,2,24,2,AA,179,N787AA,JFK,SFO,1030,1027.0,-3.0,15.0,1042.0,397.0,362.0,343.0,2586,1325.0,4.0,1407,1329.0,-38.0,0,0,,0.0,0.0,0.0,0.0,0.0,2015-02-24,0,0,0.0,0,0.0,0.0,0.0,0.0,0.0
2015,3,21,6,DL,425,N3761R,JFK,LAS,1700,1700.0,0.0,16.0,1716.0,346.0,347.0,324.0,2248,1940.0,7.0,1946,1947.0,1.0,0,0,,0.0,0.0,0.0,0.0,0.0,2015-03-21,0,0,0.0,0,0.0,0.0,0.0,0.0,0.0
2015,3,3,2,DL,1611,N683DA,MSP,FLL,1930,1925.0,-5.0,15.0,1940.0,205.0,193.0,174.0,1487,2334.0,4.0,2355,2338.0,-17.0,0,0,,0.0,0.0,0.0,0.0,0.0,2015-03-03,0,0,0.0,0,0.0,0.0,0.0,0.0,0.0
2015,3,25,3,MQ,3158,N932MQ,SGF,ORD,1127,1124.0,-3.0,12.0,1136.0,93.0,96.0,70.0,438,1246.0,14.0,1300,1300.0,0.0,0,0,,0.0,0.0,0.0,0.0,0.0,2015-03-25,0,0,0.0,0,0.0,0.0,0.0,0.0,0.0
2015,3,8,7,HA,190,N481HA,LIH,HNL,1706,1658.0,-8.0,5.0,1703.0,33.0,29.0,18.0,102,1721.0,6.0,1739,1727.0,-12.0,0,0,,0.0,0.0,0.0,0.0,0.0,2015-03-08,0,0,0.0,0,0.0,0.0,0.0,0.0,0.0
2015,3,23,1,MQ,3605,N682MQ,FWA,ORD,1833,2050.0,137.0,13.0,2103.0,62.0,116.0,44.0,157,2047.0,59.0,1835,2146.0,191.0,0,0,,54.0,0.0,0.0,137.0,0.0,2015-03-23,1,1,191.0,1,28.27,0.0,0.0,71.73,0.0
2015,3,3,2,AA,1542,N567AA,PHL,DFW,1656,1813.0,77.0,100.0,1953.0,239.0,311.0,205.0,1303,2218.0,6.0,1955,2224.0,149.0,0,0,,72.0,0.0,3.0,74.0,0.0,2015-03-03,1,1,149.0,1,48.32,0.0,2.01,49.66,0.0
2015,3,11,3,AA,1256,N3JGAA,MIA,DCA,1950,1946.0,-4.0,13.0,1959.0,150.0,137.0,117.0,919,2156.0,7.0,2220,2203.0,-17.0,0,0,,0.0,0.0,0.0,0.0,0.0,2015-03-11,0,0,0.0,0,0.0,0.0,0.0,0.0,0.0
2015,2,17,2,AA,1537,N3FMAA,ORD,MCO,720,829.0,69.0,12.0,841.0,153.0,153.0,135.0,1005,1156.0,6.0,1053,1202.0,69.0,0,0,,0.0,0.0,65.0,0.0,4.0,2015-02-17,1,1,69.0,1,0.0,0.0,94.2,0.0,5.8
2015,2,17,2,US,659,N653AW,PHL,RSW,1550,1551.0,1.0,23.0,1614.0,176.0,199.0,173.0,993,1907.0,3.0,1846,1910.0,24.0,0,0,,23.0,0.0,1.0,0.0,0.0,2015-02-17,0,1,24.0,1,95.83,0.0,4.17,0.0,0.0
2015,3,12,4,WN,44,N563WN,BUF,BWI,800,751.0,-9.0,7.0,758.0,80.0,74.0,50.0,281,848.0,17.0,920,905.0,-15.0,0,0,,0.0,0.0,0.0,0.0,0.0,2015-03-12,0,0,0.0,0,0.0,0.0,0.0,0.0,0.0
2015,2,19,4,EV,4401,N13997,MKE,EWR,712,707.0,-5.0,15.0,722.0,132.0,134.0,106.0,725,1008.0,13.0,1024,1021.0,-3.0,0,0,,0.0,0.0,0.0,0.0,0.0,2015-02-19,0,0,0.0,0,0.0,0.0,0.0,0.0,0.0
2015,3,19,4,US,597,N649AW,EWR,PHX,1015,1013.0,-2.0,17.0,1030.0,328.0,310.0,288.0,2133,1218.0,5.0,1243,1223.0,-20.0,0,0,,0.0,0.0,0.0,0.0,0.0,2015-03-19,0,0,0.0,0,0.0,0.0,0.0,0.0,0.0
2015,2,28,6,EV,5358,N857AS,ATL,ROA,2101,2055.0,-6.0,26.0,2121.0,82.0,82.0,51.0,357,2212.0,5.0,2223,2217.0,-6.0,0,0,,0.0,0.0,0.0,0.0,0.0,2015-02-28,0,0,0.0,0,0.0,0.0,0.0,0.0,0.0
2015,3,6,5,US,835,N290AY,CLT,SJU,940,1007.0,27.0,28.0,1035.0,208.0,215.0,176.0,1475,1431.0,11.0,1408,1442.0,34.0,0,0,,7.0,0.0,27.0,0.0,0.0,2015-03-06,1,1,34.0,1,20.59,0.0,79.41,0.0,0.0
2015,3,24,2,WN,4821,N466WN,LAS,IAD,1615,1626.0,11.0,8.0,1634.0,265.0,244.0,230.0,2065,2324.0,6.0,2340,2330.0,-10.0,0,0,,0.0,0.0,0.0,0.0,0.0,2015-03-24,0,0,0.0,0,0.0,0.0,0.0,0.0,0.0
2015,3,9,1,DL,1172,N662DN,ATL,EGE,1000,958.0,-2.0,17.0,1015.0,217.0,202.0,181.0,1312,1116.0,4.0,1137,1120.0,-17.0,0,0,,0.0,0.0,0.0,0.0,0.0,2015-03-09,0,0,0.0,0,0.0,0.0,0.0,0.0,0.0
2015,3,12,4,OO,4743,N821SK,SNA,SLC,1825,1821.0,-4.0,12.0,1833.0,104.0,103.0,87.0,588,2100.0,4.0,2109,2104.0,-5.0,0,0,,0.0,0.0,0.0,0.0,0.0,2015-03-12,0,0,0.0,0,0.0,0.0,0.0,0.0,0.0
2015,3,16,1,AA,303,N3HLAA,LGA,ORD,600,632.0,32.0,16.0,648.0,164.0,148.0,119.0,733,747.0,13.0,744,800.0,16.0,0,0,,0.0,0.0,16.0,0.0,0.0,2015-03-16,1,1,16.0,1,0.0,0.0,100.0,0.0,0.0
2015,3,11,3,WN,251,N253WN,MDW,PHL,1315,1319.0,4.0,7.0,1326.0,115.0,91.0,81.0,668,1547.0,3.0,1610,1550.0,-20.0,0,0,,0.0,0.0,0.0,0.0,0.0,2015-03-11,0,0,0.0,0,0.0,0.0,0.0,0.0,0.0
2015,3,5,4,WN,4588,N446WN,MDW,DSM,2115,2204.0,49.0,8.0,2212.0,80.0,62.0,50.0,306,2302.0,4.0,2235,2306.0,31.0,0,0,,0.0,0.0,30.0,1.0,0.0,2015-03-05,1,1,31.0,1,0.0,0.0,96.77,3.23,0.0
2015,2,26,4,UA,1188,N76528,LAX,SFO,1002,957.0,-5.0,10.0,1007.0,101.0,98.0,60.0,337,1107.0,28.0,1143,1135.0,-8.0,0,0,,0.0,0.0,0.0,0.0,0.0,2015-02-26,0,0,0.0,0,0.0,0.0,0.0,0.0,0.0
2015,3,7,6,MQ,3697,N609MQ,DFW,GPT,820,920.0,60.0,10.0,930.0,91.0,77.0,64.0,500,1034.0,3.0,951,1037.0,46.0,0,0,,0.0,0.0,2.0,44.0,0.0,2015-03-07,1,1,46.0,1,0.0,0.0,4.35,95.65,0.0
2015,3,6,5,AA,1286,N488AA,DFW,OMA,1345,1519.0,94.0,11.0,1530.0,104.0,97.0,81.0,583,1651.0,5.0,1529,1656.0,87.0,0,0,,0.0,0.0,0.0,87.0,0.0,2015-03-06,1,1,87.0,1,0.0,0.0,0.0,100.0,0.0
2015,3,25,3,AA,343,N3LAAA,LGA,ORD,1611,1611.0,0.0,11.0,1622.0,174.0,144.0,123.0,733,1725.0,10.0,1805,1735.0,-30.0,0,0,,0.0,0.0,0.0,0.0,0.0,2015-03-25,0,0,0.0,0,0.0,0.0,0.0,0.0,0.0
2015,2,25,3,MQ,3641,N692MQ,DSM,DFW,912,935.0,23.0,9.0,944.0,124.0,121.0,106.0,624,1130.0,6.0,1116,1136.0,20.0,0,0,,0.0,0.0,0.0,20.0,0.0,2015-02-25,1,1,20.0,1,0.0,0.0,0.0,100.0,0.0
2015,3,4,3,B6,111,N239JB,BOS,ORD,715,707.0,-8.0,18.0,725.0,175.0,201.0,176.0,867,921.0,7.0,910,928.0,18.0,0,0,,18.0,0.0,0.0,0.0,0.0,2015-03-04,0,1,18.0,1,100.0,0.0,0.0,0.0,0.0
2015,3,9,1,WN,3943,N487WN,TPA,BNA,1945,2003.0,18.0,12.0,2015.0,115.0,105.0,87.0,612,2042.0,6.0,2040,2048.0,8.0,0,0,,0.0,0.0,0.0,0.0,0.0,2015-03-09,1,0,0.0,0,0.0,0.0,0.0,0.0,0.0
2015,3,2,1,US,647,N601AW,TPA,PHX,710,758.0,48.0,9.0,807.0,303.0,287.0,270.0,1788,1037.0,8.0,1013,1045.0,32.0,0,0,,0.0,0.0,32.0,0.0,0.0,2015-03-02,1,1,32.0,1,0.0,0.0,100.0,0.0,0.0
2015,3,9,1,DL,2341,N3739P,MSP,OMA,2145,2140.0,-5.0,17.0,2157.0,70.0,70.0,49.0,282,2246.0,4.0,2255,2250.0,-5.0,0,0,,0.0,0.0,0.0,0.0,0.0,2015-03-09,0,0,0.0,0,0.0,0.0,0.0,0.0,0.0
2015,3,13,5,WN,667,N652SW,PHX,DEN,1925,1927.0,2.0,9.0,1936.0,110.0,105.0,81.0,602,2157.0,15.0,2215,2212.0,-3.0,0,0,,0.0,0.0,0.0,0.0,0.0,2015-03-13,0,0,0.0,0,0.0,0.0,0.0,0.0,0.0
2015,3,3,2,OO,6337,N913SW,TUS,DEN,1030,1206.0,96.0,15.0,1221.0,120.0,100.0,77.0,639,1338.0,8.0,1230,1346.0,76.0,0,0,,0.0,0.0,30.0,46.0,0.0,2015-03-03,1,1,76.0,1,0.0,0.0,39.47,60.53,0.0
2015,3,13,5,EV,2505,N906EV,LFT,DFW,1542,1536.0,-6.0,11.0,1547.0,83.0,81.0,61.0,351,1648.0,9.0,1705,1657.0,-8.0,0,0,,0.0,0.0,0.0,0.0,0.0,2015-03-13,0,0,0.0,0,0.0,0.0,0.0,0.0,0.0
2015,2,13,5,DL,1771,N925DL,MEM,ATL,1047,1043.0,-4.0,36.0,1119.0,83.0,88.0,47.0,332,1306.0,5.0,1310,1311.0,1.0,0,0,,0.0,0.0,0.0,0.0,0.0,2015-02-13,0,0,0.0,0,0.0,0.0,0.0,0.0,0.0
2015,3,7,6,WN,395,N433LV,SAN,LAS,835,832.0,-3.0,8.0,840.0,70.0,62.0,49.0,258,929.0,5.0,945,934.0,-11.0,0,0,,0.0,0.0,0.0,0.0,0.0,2015-03-07,0,0,0.0,0,0.0,0.0,0.0,0.0,0.0
2015,2,19,4,US,826,N538UW,LGA,CLT,759,751.0,-8.0,18.0,809.0,128.0,109.0,84.0,544,933.0,7.0,1007,940.0,-27.0,0,0,,0.0,0.0,0.0,0.0,0.0,2015-02-19,0,0,0.0,0,0.0,0.0,0.0,0.0,0.0
2015,2,23,1,WN,1002,N685SW,SMF,ONT,1825,1845.0,20.0,6.0,1851.0,75.0,66.0,56.0,390,1947.0,4.0,1940,1951.0,11.0,0,0,,0.0,0.0,0.0,0.0,0.0,2015-02-23,1,0,0.0,0,0.0,0.0,0.0,0.0,0.0
2015,3,25,3,OO,4638,N824SK,SLC,OKC,2005,2131.0,86.0,15.0,2146.0,136.0,139.0,119.0,866,45.0,5.0,2321,50.0,89.0,0,0,,3.0,0.0,0.0,86.0,0.0,2015-03-25,1,1,89.0,1,3.37,0.0,0.0,96.63,0.0
2015,3,21,6,US,482,N204UW,PHX,PHL,720,717.0,-3.0,19.0,736.0,258.0,247.0,224.0,2075,1420.0,4.0,1438,1424.0,-14.0,0,0,,0.0,0.0,0.0,0.0,0.0,2015-03-21,0,0,0.0,0,0.0,0.0,0.0,0.0,0.0
2015,3,16,1,HA,265,N476HA,OGG,HNL,1848,1849.0,1.0,7.0,1856.0,35.0,37.0,23.0,100,1919.0,7.0,1923,1926.0,3.0,0,0,,0.0,0.0,0.0,0.0,0.0,2015-03-16,0,0,0.0,0,0.0,0.0,0.0,0.0,0.0
2015,3,17,2,WN,1638,N8627B,TPA,LAS,640,640.0,0.0,9.0,649.0,315.0,262.0,249.0,1984,758.0,4.0,855,802.0,-53.0,0,0,,0.0,0.0,0.0,0.0,0.0,2015-03-17,0,0,0.0,0,0.0,0.0,0.0,0.0,0.0
2015,3,14,6,WN,2844,N786SW,MSP,PHX,2135,2147.0,12.0,12.0,2159.0,205.0,165.0,148.0,1276,2227.0,5.0,2300,2232.0,-28.0,0,0,,0.0,0.0,0.0,0.0,0.0,2015-03-14,0,0,0.0,0,0.0,0.0,0.0,0.0,0.0
2015,2,23,1,DL,2007,N955AT,SAV,ATL,530,526.0,-4.0,10.0,536.0,66.0,58.0,39.0,214,615.0,9.0,636,624.0,-12.0,0,0,,0.0,0.0,0.0,0.0,0.0,2015-02-23,0,0,0.0,0,0.0,0.0,0.0,0.0,0.0
2015,3,6,5,AS,344,N583AS,SEA,OAK,1610,1606.0,-4.0,11.0,1617.0,118.0,116.0,101.0,671,1758.0,4.0,1808,1802.0,-6.0,0,0,,0.0,0.0,0.0,0.0,0.0,2015-03-06,0,0,0.0,0,0.0,0.0,0.0,0.0,0.0
2015,2,28,6,EV,5026,N917EV,DTW,IAD,1948,2018.0,30.0,20.0,2038.0,94.0,81.0,56.0,383,2134.0,5.0,2122,2139.0,17.0,0,0,,0.0,0.0,17.0,0.0,0.0,2015-02-28,1,1,17.0,1,0.0,0.0,100.0,0.0,0.0
2015,2,16,1,B6,700,N559JB,LAX,FLL,1515,1701.0,106.0,32.0,1733.0,281.0,289.0,253.0,2342,46.0,4.0,2256,50.0,114.0,0,0,,8.0,0.0,5.0,101.0,0.0,2015-02-16,1,1,114.0,1,7.02,0.0,4.39,88.6,0.0
2015,2,24,2,WN,2965,N7717D,RSW,STL,700,656.0,-4.0,9.0,705.0,160.0,160.0,147.0,979,832.0,4.0,840,836.0,-4.0,0,0,,0.0,0.0,0.0,0.0,0.0,2015-02-24,0,0,0.0,0,0.0,0.0,0.0,0.0,0.0
2015,2,16,1,UA,1530,N41140,EWR,MCO,1715,1838.0,83.0,29.0,1907.0,182.0,177.0,141.0,937,2128.0,7.0,2017,2135.0,78.0,0,0,,0.0,0.0,0.0,12.0,66.0,2015-02-16,1,1,78.0,1,0.0,0.0,0.0,15.38,84.62
2015,3,12,4,AA,2244,N3CKAA,DFW,CLT,1845,1843.0,-2.0,12.0,1855.0,135.0,132.0,115.0,936,2150.0,5.0,2200,2155.0,-5.0,0,0,,0.0,0.0,0.0,0.0,0.0,2015-03-12,0,0,0.0,0,0.0,0.0,0.0,0.0,0.0
2015,3,24,2,WN,3946,N244WN,DAL,MAF,1535,1536.0,1.0,8.0,1544.0,70.0,64.0,52.0,319,1636.0,4.0,1645,1640.0,-5.0,0,0,,0.0,0.0,0.0,0.0,0.0,2015-03-24,0,0,0.0,0,0.0,0.0,0.0,0.0,0.0
2015,2,28,6,WN,6,N660SW,JAX,ATL,1840,1848.0,8.0,13.0,1901.0,70.0,72.0,54.0,270,1955.0,5.0,1950,2000.0,10.0,0,0,,0.0,0.0,0.0,0.0,0.0,2015-02-28,0,0,0.0,0,0.0,0.0,0.0,0.0,0.0
2015,3,23,1,WN,4201,N452WN,BOS,BWI,1650,1650.0,0.0,21.0,1711.0,95.0,86.0,62.0,369,1813.0,3.0,1825,1816.0,-9.0,0,0,,0.0,0.0,0.0,0.0,0.0,2015-03-23,0,0,0.0,0,0.0,0.0,0.0,0.0,0.0
2015,2,24,2,AA,29,N560AA,ONT,DFW,1230,1226.0,-4.0,7.0,1233.0,174.0,158.0,141.0,1188,1654.0,10.0,1724,1704.0,-20.0,0,0,,0.0,0.0,0.0,0.0,0.0,2015-02-24,0,0,0.0,0,0.0,0.0,0.0,0.0,0.0
2015,2,28,6,AA,2343,N586AA,ORD,DFW,1626,1817.0,111.0,22.0,1839.0,154.0,161.0,131.0,802,2050.0,8.0,1900,2058.0,118.0,0,0,,7.0,0.0,32.0,79.0,0.0,2015-02-28,1,1,118.0,1,5.93,0.0,27.12,66.95,0.0
2015,2,22,7,AA,259,N3CMAA,DFW,SFO,1025,1057.0,32.0,15.0,1112.0,235.0,223.0,206.0,1464,1238.0,2.0,1220,1240.0,20.0,0,0,,0.0,0.0,3.0,17.0,0.0,2015-02-22,1,1,20.0,1,0.0,0.0,15.0,85.0,0.0
2015,3,20,5,UA,1415,N16709,IAH,DEN,1132,1128.0,-4.0,19.0,1147.0,155.0,146.0,120.0,862,1247.0,7.0,1307,1254.0,-13.0,0,0,,0.0,0.0,0.0,0.0,0.0,2015-03-20,0,0,0.0,0,0.0,0.0,0.0,0.0,0.0
2015,3,8,7,US,753,N103US,CLT,PHX,2209,2211.0,2.0,13.0,2224.0,277.0,270.0,249.0,1773,2333.0,8.0,2346,2341.0,-5.0,0,0,,0.0,0.0,0.0,0.0,0.0,2015-03-08,0,0,0.0,0,0.0,0.0,0.0,0.0,0.0
2015,3,18,3,DL,17,N829DN,ATL,LAX,1759,1806.0,7.0,9.0,1815.0,316.0,278.0,253.0,1947,1928.0,16.0,2015,1944.0,-31.0,0,0,,0.0,0.0,0.0,0.0,0.0,2015-03-18,0,0,0.0,0,0.0,0.0,0.0,0.0,0.0
2015,2,24,2,DL,450,N3761R,JFK,ATL,1945,1940.0,-5.0,26.0,2006.0,170.0,150.0,111.0,760,2157.0,13.0,2235,2210.0,-25.0,0,0,,0.0,0.0,0.0,0.0,0.0,2015-02-24,0,0,0.0,0,0.0,0.0,0.0,0.0,0.0
2015,3,1,7,OO,5448,N932EV,SFO,RDM,1200,1414.0,134.0,19.0,1433.0,93.0,94.0,71.0,462,1544.0,4.0,1333,1548.0,135.0,0,0,,1.0,0.0,0.0,134.0,0.0,2015-03-01,1,1,135.0,1,0.74,0.0,0.0,99.26,0.0
2015,3,4,3,HA,15,N380HA,SAN,HNL,1000,959.0,-1.0,18.0,1017.0,380.0,387.0,359.0,2614,1416.0,10.0,1420,1426.0,6.0,0,0,,0.0,0.0,0.0,0.0,0.0,2015-03-04,0,0,0.0,0,0.0,0.0,0.0,0.0,0.0
2015,2,28,6,OO,4480,N187PQ,AUS,DTW,720,721.0,1.0,34.0,755.0,170.0,184.0,142.0,1149,1117.0,8.0,1110,1125.0,15.0,0,0,,14.0,0.0,1.0,0.0,0.0,2015-02-28,0,0,15.0,0,93.33,0.0,6.67,0.0,0.0
2015,2,17,2,DL,1656,N530US,ATL,PBI,1105,1106.0,1.0,35.0,1141.0,110.0,126.0,85.0,545,1306.0,6.0,1255,1312.0,17.0,0,0,,17.0,0.0,0.0,0.0,0.0,2015-02-17,0,1,17.0,1,100.0,0.0,0.0,0.0,0.0
2015,2,23,1,AA,1525,N3ESAA,RDU,MIA,1820,1811.0,-9.0,13.0,1824.0,131.0,135.0,109.0,700,2013.0,13.0,2031,2026.0,-5.0,0,0,,0.0,0.0,0.0,0.0,0.0,2015-02-23,0,0,0.0,0,0.0,0.0,0.0,0.0,0.0
2015,3,3,2,UA,537,N494UA,LAX,ORD,1009,1001.0,-8.0,12.0,1013.0,251.0,222.0,196.0,1744,1529.0,14.0,1620,1543.0,-37.0,0,0,,0.0,0.0,0.0,0.0,0.0,2015-03-03,0,0,0.0,0,0.0,0.0,0.0,0.0,0.0
2015,2,23,1,HA,48,N583HA,HNL,OAK,1430,1427.0,-3.0,17.0,1444.0,310.0,327.0,302.0,2409,2146.0,8.0,2140,2154.0,14.0,0,0,,0.0,0.0,0.0,0.0,0.0,2015-02-23,0,0,0.0,0,0.0,0.0,0.0,0.0,0.0
2015,3,23,1,DL,734,N963DN,LGA,MSP,1422,1437.0,15.0,25.0,1502.0,192.0,195.0,163.0,1020,1645.0,7.0,1634,1652.0,18.0,0,0,,3.0,0.0,9.0,6.0,0.0,2015-03-23,0,1,18.0,1,16.67,0.0,50.0,33.33,0.0
2015,3,9,1,UA,1180,N14120,EWR,MCO,1141,1139.0,-2.0,11.0,1150.0,174.0,155.0,133.0,937,1403.0,11.0,1435,1414.0,-21.0,0,0,,0.0,0.0,0.0,0.0,0.0,2015-03-09,0,0,0.0,0,0.0,0.0,0.0,0.0,0.0
2015,3,15,7,WN,842,N7812G,RDU,ATL,605,602.0,-3.0,13.0,615.0,90.0,88.0,68.0,356,723.0,7.0,735,730.0,-5.0,0,0,,0.0,0.0,0.0,0.0,0.0,2015-03-15,0,0,0.0,0,0.0,0.0,0.0,0.0,0.0
2015,2,19,4,DL,1816,N819DN,ATL,DEN,810,811.0,1.0,12.0,823.0,205.0,204.0,188.0,1199,931.0,4.0,935,935.0,0.0,0,0,,0.0,0.0,0.0,0.0,0.0,2015-02-19,0,0,0.0,0,0.0,0.0,0.0,0.0,0.0
2015,2,27,5,DL,2481,N893AT,ATL,OKC,1025,1025.0,0.0,9.0,1034.0,144.0,134.0,121.0,761,1135.0,4.0,1149,1139.0,-10.0,0,0,,0.0,0.0,0.0,0.0,0.0,2015-02-27,0,0,0.0,0,0.0,0.0,0.0,0.0,0.0
2015,3,19,4,US,564,N679AW,PHX,BOS,2350,2347.0,-3.0,17.0,4.0,280.0,268.0,241.0,2300,705.0,10.0,730,715.0,-15.0,0,0,,0.0,0.0,0.0,0.0,0.0,2015-03-19,0,0,0.0,0,0.0,0.0,0.0,0.0,0.0
2015,2,15,7,HA,325,N490HA,OGG,HNL,1700,1719.0,19.0,18.0,1737.0,35.0,49.0,24.0,100,1801.0,7.0,1735,1808.0,33.0,0,0,,11.0,0.0,3.0,19.0,0.0,2015-02-15,1,1,33.0,1,33.33,0.0,9.09,57.58,0.0
2015,2,17,2,B6,148,N547JB,LGB,OAK,705,702.0,-3.0,10.0,712.0,82.0,70.0,57.0,353,809.0,3.0,827,812.0,-15.0,0,0,,0.0,0.0,0.0,0.0,0.0,2015-02-17,0,0,0.0,0,0.0,0.0,0.0,0.0,0.0
2015,3,19,4,OO,2772,N907SW,YUM,PHX,1155,1148.0,-7.0,15.0,1203.0,52.0,61.0,37.0,160,1240.0,9.0,1247,1249.0,2.0,0,0,,0.0,0.0,0.0,0.0,0.0,2015-03-19,0,0,0.0,0,0.0,0.0,0.0,0.0,0.0
2015,3,24,2,WN,1874,N8641B,PHX,BNA,1510,1522.0,12.0,9.0,1531.0,190.0,177.0,163.0,1449,2014.0,5.0,2020,2019.0,-1.0,0,0,,0.0,0.0,0.0,0.0,0.0,2015-03-24,0,0,0.0,0,0.0,0.0,0.0,0.0,0.0
2015,3,16,1,WN,461,N7707C,SMF,SAN,2055,2101.0,6.0,8.0,2109.0,85.0,79.0,68.0,480,2217.0,3.0,2220,2220.0,0.0,0,0,,0.0,0.0,0.0,0.0,0.0,2015-03-16,0,0,0.0,0,0.0,0.0,0.0,0.0,0.0
2015,3,1,7,US,2167,N951UW,DCA,LGA,1800,2334.0,334.0,16.0,2350.0,82.0,66.0,43.0,214,33.0,7.0,1922,40.0,318.0,0,0,,0.0,0.0,10.0,308.0,0.0,2015-03-01,1,1,318.0,1,0.0,0.0,3.14,96.86,0.0
2015,2,22,7,DL,1287,N3757D,BNA,DTW,1626,1628.0,2.0,12.0,1640.0,95.0,85.0,64.0,456,1844.0,9.0,1901,1853.0,-8.0,0,0,,0.0,0.0,0.0,0.0,0.0,2015-02-22,0,0,0.0,0,0.0,0.0,0.0,0.0,0.0
2015,3,11,3,B6,1888,N239JB,MCO,ORH,919,908.0,-11.0,15.0,923.0,161.0,150.0,132.0,1091,1135.0,3.0,1200,1138.0,-22.0,0,0,,0.0,0.0,0.0,0.0,0.0,2015-03-11,0,0,0.0,0,0.0,0.0,0.0,0.0,0.0
2015,2,20,5,OO,5207,N765SK,SFO,SAN,1557,1551.0,-6.0,21.0,1612.0,92.0,94.0,69.0,447,1721.0,4.0,1729,1725.0,-4.0,0,0,,0.0,0.0,0.0,0.0,0.0,2015-02-20,0,0,0.0,0,0.0,0.0,0.0,0.0,0.0
2015,3,20,5,WN,799,N928WN,SDF,BWI,1815,1837.0,22.0,8.0,1845.0,85.0,83.0,69.0,495,1954.0,6.0,1940,2000.0,20.0,0,0,,0.0,0.0,14.0,6.0,0.0,2015-03-20,1,1,20.0,1,0.0,0.0,70.0,30.0,0.0
2015,2,19,4,UA,1720,N24224,SFO,PHL,2230,2228.0,-2.0,23.0,2251.0,319.0,309.0,274.0,2521,625.0,12.0,649,637.0,-12.0,0,0,,0.0,0.0,0.0,0.0,0.0,2015-02-19,0,0,0.0,0,0.0,0.0,0.0,0.0,0.0
2015,2,27,5,EV,5590,N605QX,ELM,DTW,1730,1720.0,-10.0,17.0,1737.0,86.0,83.0,63.0,332,1840.0,3.0,1856,1843.0,-13.0,0,0,,0.0,0.0,0.0,0.0,0.0,2015-02-27,0,0,0.0,0,0.0,0.0,0.0,0.0,0.0
2015,2,28,6,OO,5474,N584SW,LAX,CLD,1143,1216.0,33.0,19.0,1235.0,46.0,44.0,22.0,86,1257.0,3.0,1229,1300.0,31.0,0,0,,0.0,0.0,31.0,0.0,0.0,2015-02-28,1,1,31.0,1,0.0,0.0,100.0,0.0,0.0
2015,2,13,5,UA,492,N526UA,BOS,SFO,1431,1438.0,7.0,20.0,1458.0,404.0,394.0,355.0,2704,1753.0,19.0,1815,1812.0,-3.0,0,0,,0.0,0.0,0.0,0.0,0.0,2015-02-13,0,0,0.0,0,0.0,0.0,0.0,0.0,0.0
2015,2,27,5,UA,270,N462UA,MSP,DEN,905,908.0,3.0,20.0,928.0,146.0,143.0,96.0,680,1004.0,27.0,1031,1031.0,0.0,0,0,,0.0,0.0,0.0,0.0,0.0,2015-02-27,0,0,0.0,0,0.0,0.0,0.0,0.0,0.0
2015,3,21,6,WN,2187,N462WN,LAX,HOU,1730,1758.0,28.0,15.0,1813.0,180.0,179.0,161.0,1390,2254.0,3.0,2230,2257.0,27.0,0,0,,0.0,0.0,27.0,0.0,0.0,2015-03-21,1,1,27.0,1,0.0,0.0,100.0,0.0,0.0
2015,2,27,5,DL,834,N814DN,LAX,MSP,1115,1204.0,49.0,17.0,1221.0,217.0,199.0,180.0,1535,1721.0,2.0,1652,1723.0,31.0,0,0,,29.0,0.0,2.0,0.0,0.0,2015-02-27,1,1,31.0,1,93.55,0.0,6.45,0.0,0.0
2015,3,23,1,DL,2568,N921DN,PBI,ATL,545,544.0,-1.0,12.0,556.0,106.0,105.0,84.0,545,720.0,9.0,731,729.0,-2.0,0,0,,0.0,0.0,0.0,0.0,0.0,2015-03-23,0,0,0.0,0,0.0,0.0,0.0,0.0,0.0
2015,2,27,5,US,1998,N832AW,MSY,CLT,1820,1818.0,-2.0,9.0,1827.0,102.0,91.0,77.0,651,2044.0,5.0,2102,2049.0,-13.0,0,0,,0.0,0.0,0.0,0.0,0.0,2015-02-27,0,0,0.0,0,0.0,0.0,0.0,0.0,0.0
2015,2,15,7,WN,434,N469WN,MDW,PIT,1825,1828.0,3.0,17.0,1845.0,80.0,75.0,53.0,402,2038.0,5.0,2045,2043.0,-2.0,0,0,,0.0,0.0,0.0,0.0,0.0,2015-02-15,0,0,0.0,0,0.0,0.0,0.0,0.0,0.0
2015,3,4,3,EV,4200,N14186,CLE,LGA,1537,1533.0,-4.0,14.0,1547.0,102.0,99.0,61.0,419,1648.0,24.0,1719,1712.0,-7.0,0,0,,0.0,0.0,0.0,0.0,0.0,2015-03-04,0,0,0.0,0,0.0,0.0,0.0,0.0,0.0
2015,2,13,5,UA,1714,N87507,DEN,ICT,1811,1809.0,-2.0,11.0,1820.0,81.0,72.0,55.0,420,2015.0,6.0,2032,2021.0,-11.0,0,0,,0.0,0.0,0.0,0.0,0.0,2015-02-13,0,0,0.0,0,0.0,0.0,0.0,0.0,0.0
2015,3,2,1,AA,2428,N5CDAA,LAX,DFW,800,757.0,-3.0,18.0,815.0,175.0,184.0,144.0,1235,1239.0,22.0,1255,1301.0,6.0,0,0,,0.0,0.0,0.0,0.0,0.0,2015-03-02,0,0,0.0,0,0.0,0.0,0.0,0.0,0.0
2015,2,21,6,OO,5651,N471CA,CID,DEN,1705,1658.0,-7.0,14.0,1712.0,130.0,151.0,120.0,692,1812.0,17.0,1815,1829.0,14.0,0,0,,0.0,0.0,0.0,0.0,0.0,2015-02-21,0,0,0.0,0,0.0,0.0,0.0,0.0,0.0
2015,3,10,2,WN,267,N905WN,PHX,SJC,550,550.0,0.0,11.0,601.0,125.0,119.0,96.0,621,737.0,12.0,755,749.0,-6.0,0,0,,0.0,0.0,0.0,0.0,0.0,2015-03-10,0,0,0.0,0,0.0,0.0,0.0,0.0,0.0
2015,3,24,2,WN,804,N909WN,DEN,SJC,850,846.0,-4.0,10.0,856.0,160.0,147.0,134.0,948,1010.0,3.0,1030,1013.0,-17.0,0,0,,0.0,0.0,0.0,0.0,0.0,2015-03-24,0,0,0.0,0,0.0,0.0,0.0,0.0,0.0
2015,2,22,7,WN,391,N520SW,AUS,DAL,1630,1638.0,8.0,13.0,1651.0,55.0,53.0,35.0,189,1726.0,5.0,1725,1731.0,6.0,0,0,,0.0,0.0,0.0,0.0,0.0,2015-02-22,0,0,0.0,0,0.0,0.0,0.0,0.0,0.0
2015,2,25,3,WN,1982,N658SW,OKC,DAL,1345,1357.0,12.0,12.0,1409.0,55.0,50.0,35.0,181,1444.0,3.0,1440,1447.0,7.0,0,0,,0.0,0.0,0.0,0.0,0.0,2015-02-25,0,0,0.0,0,0.0,0.0,0.0,0.0,0.0
2015,3,11,3,EV,5009,N753EV,LGA,PIT,1644,1633.0,-11.0,13.0,1646.0,105.0,82.0,62.0,335,1748.0,7.0,1829,1755.0,-34.0,0,0,,0.0,0.0,0.0,0.0,0.0,2015-03-11,0,0,0.0,0,0.0,0.0,0.0,0.0,0.0
2015,2,24,2,WN,2326,N944WN,SFO,MDW,1355,1417.0,22.0,14.0,1431.0,250.0,248.0,226.0,1855,2017.0,8.0,2005,2025.0,20.0,0,0,,0.0,0.0,12.0,8.0,0.0,2015-02-24,1,1,20.0,1,0.0,0.0,60.0,40.0,0.0
2015,3,18,3,DL,2357,N654DL,MKE,DTW,919,912.0,-7.0,13.0,925.0,64.0,58.0,40.0,237,1105.0,5.0,1123,1110.0,-13.0,0,0,,0.0,0.0,0.0,0.0,0.0,2015-03-18,0,0,0.0,0,0.0,0.0,0.0,0.0,0.0
2015,2,23,1,WN,1836,N7728D,EWR,HOU,1745,1739.0,-6.0,22.0,1801.0,260.0,251.0,224.0,1411,2045.0,5.0,2105,2050.0,-15.0,0,0,,0.0,0.0,0.0,0.0,0.0,2015-02-23,0,0,0.0,0,0.0,0.0,0.0,0.0,0.0
2015,2,24,2,OO,4487,N781CA,GRB,DTW,1052,1046.0,-6.0,15.0,1101.0,83.0,67.0,46.0,287,1247.0,6.0,1315,1253.0,-22.0,0,0,,0.0,0.0,0.0,0.0,0.0,2015-02-24,0,0,0.0,0,0.0,0.0,0.0,0.0,0.0
2015,3,8,7,US,1978,N107US,CLT,IAH,930,926.0,-4.0,15.0,941.0,173.0,158.0,136.0,912,1057.0,7.0,1123,1104.0,-19.0,0,0,,0.0,0.0,0.0,0.0,0.0,2015-03-08,0,0,0.0,0,0.0,0.0,0.0,0.0,0.0
2015,3,9,1,UA,458,N812UA,MSP,ORD,1403,1356.0,-7.0,13.0,1409.0,91.0,74.0,54.0,334,1503.0,7.0,1534,1510.0,-24.0,0,0,,0.0,0.0,0.0,0.0,0.0,2015-03-09,0,0,0.0,0,0.0,0.0,0.0,0.0,0.0
2015,2,18,3,WN,1628,N650SW,DAL,HOU,600,601.0,1.0,29.0,630.0,60.0,73.0,39.0,239,709.0,5.0,700,714.0,14.0,0,0,,0.0,0.0,0.0,0.0,0.0,2015-02-18,0,0,0.0,0,0.0,0.0,0.0,0.0,0.0
2015,3,21,6,DL,2619,N901DA,FAR,MSP,500,454.0,-6.0,39.0,533.0,71.0,82.0,34.0,223,607.0,9.0,611,616.0,5.0,0,0,,0.0,0.0,0.0,0.0,0.0,2015-03-21,0,0,0.0,0,0.0,0.0,0.0,0.0,0.0
2015,3,3,2,EV,5024,N846AS,AGS,ATL,1513,1530.0,17.0,12.0,1542.0,57.0,64.0,41.0,143,1623.0,11.0,1610,1634.0,24.0,0,0,,7.0,0.0,12.0,5.0,0.0,2015-03-03,1,1,24.0,1,29.17,0.0,50.0,20.83,0.0
2015,3,18,3,MQ,3399,N624MQ,FSM,DFW,1850,1851.0,1.0,7.0,1858.0,69.0,57.0,40.0,227,1938.0,10.0,1959,1948.0,-11.0,0,0,,0.0,0.0,0.0,0.0,0.0,2015-03-18,0,0,0.0,0,0.0,0.0,0.0,0.0,0.0
2015,3,10,2,OO,6377,N925SW,DEN,TUL,1724,1720.0,-4.0,15.0,1735.0,96.0,105.0,83.0,541,1958.0,7.0,2000,2005.0,5.0,0,0,,0.0,0.0,0.0,0.0,0.0,2015-03-10,0,0,0.0,0,0.0,0.0,0.0,0.0,0.0
2015,3,7,6,F9,1163,N905FR,MCO,CLE,2030,2114.0,44.0,15.0,2129.0,145.0,151.0,127.0,895,2336.0,9.0,2255,2345.0,50.0,0,0,,20.0,0.0,20.0,10.0,0.0,2015-03-07,1,1,50.0,1,40.0,0.0,40.0,20.0,0.0
2015,3,19,4,VX,936,N847VA,SFO,LAX,1610,1623.0,13.0,10.0,1633.0,80.0,71.0,57.0,337,1730.0,4.0,1730,1734.0,4.0,0,0,,0.0,0.0,0.0,0.0,0.0,2015-03-19,0,0,0.0,0,0.0,0.0,0.0,0.0,0.0
2015,3,18,3,MQ,3610,N526MQ,LGA,DTW,635,638.0,3.0,21.0,659.0,120.0,149.0,93.0,502,832.0,35.0,835,907.0,32.0,0,0,,32.0,0.0,0.0,0.0,0.0,2015-03-18,0,1,32.0,1,100.0,0.0,0.0,0.0,0.0
2015,3,24,2,UA,1422,N37464,SMF,DEN,540,805.0,145.0,10.0,815.0,140.0,122.0,107.0,909,1102.0,5.0,900,1107.0,127.0,0,0,,0.0,0.0,127.0,0.0,0.0,2015-03-24,1,1,127.0,1,0.0,0.0,100.0,0.0,0.0
2015,2,22,7,US,593,N566UW,PHX,ORD,1010,1007.0,-3.0,28.0,1035.0,216.0,220.0,158.0,1440,1413.0,34.0,1446,1447.0,1.0,0,0,,0.0,0.0,0.0,0.0,0.0,2015-02-22,0,0,0.0,0,0.0,0.0,0.0,0.0,0.0
2015,2,18,3,DL,1797,N928DN,ATL,TPA,2035,2034.0,-1.0,13.0,2047.0,84.0,79.0,61.0,406,2148.0,5.0,2159,2153.0,-6.0,0,0,,0.0,0.0,0.0,0.0,0.0,2015-02-18,0,0,0.0,0,0.0,0.0,0.0,0.0,0.0
2015,3,23,1,HA,265,N486HA,OGG,HNL,1848,1844.0,-4.0,7.0,1851.0,35.0,36.0,23.0,100,1914.0,6.0,1923,1920.0,-3.0,0,0,,0.0,0.0,0.0,0.0,0.0,2015-03-23,0,0,0.0,0,0.0,0.0,0.0,0.0,0.0
2015,2,18,3,MQ,3075,N663MQ,GRB,ORD,1157,1153.0,-4.0,12.0,1205.0,73.0,68.0,46.0,173,1251.0,10.0,1310,1301.0,-9.0,0,0,,0.0,0.0,0.0,0.0,0.0,2015-02-18,0,0,0.0,0,0.0,0.0,0.0,0.0,0.0
2015,2,17,2,B6,921,N590JB,BOS,PBI,945,945.0,0.0,18.0,1003.0,205.0,207.0,186.0,1197,1309.0,3.0,1310,1312.0,2.0,0,0,,0.0,0.0,0.0,0.0,0.0,2015-02-17,0,0,0.0,0,0.0,0.0,0.0,0.0,0.0
2015,2,26,4,DL,188,N321NB,DTW,BOS,1540,1537.0,-3.0,12.0,1549.0,112.0,103.0,81.0,632,1710.0,10.0,1732,1720.0,-12.0,0,0,,0.0,0.0,0.0,0.0,0.0,2015-02-26,0,0,0.0,0,0.0,0.0,0.0,0.0,0.0
2015,2,26,4,WN,194,N261WN,LAS,BOI,925,921.0,-4.0,12.0,933.0,105.0,105.0,87.0,519,1200.0,6.0,1210,1206.0,-4.0,0,0,,0.0,0.0,0.0,0.0,0.0,2015-02-26,0,0,0.0,0,0.0,0.0,0.0,0.0,0.0
2015,3,9,1,DL,2395,N995DL,LGA,PBI,759,752.0,-7.0,27.0,819.0,191.0,179.0,148.0,1035,1047.0,4.0,1110,1051.0,-19.0,0,0,,0.0,0.0,0.0,0.0,0.0,2015-03-09,0,0,0.0,0,0.0,0.0,0.0,0.0,0.0
2015,3,17,2,WN,1340,N8629A,PHX,LAS,1715,1712.0,-3.0,6.0,1718.0,60.0,58.0,40.0,255,1758.0,12.0,1815,1810.0,-5.0,0,0,,0.0,0.0,0.0,0.0,0.0,2015-03-17,0,0,0.0,0,0.0,0.0,0.0,0.0,0.0
2015,3,5,4,DL,1816,N814DN,DEN,ATL,1035,1042.0,7.0,15.0,1057.0,177.0,169.0,148.0,1199,1525.0,6.0,1532,1531.0,-1.0,0,0,,0.0,0.0,0.0,0.0,0.0,2015-03-05,0,0,0.0,0,0.0,0.0,0.0,0.0,0.0
2015,3,18,3,MQ,2929,N693MQ,RST,ORD,1710,1701.0,-9.0,8.0,1709.0,80.0,63.0,43.0,268,1752.0,12.0,1830,1804.0,-26.0,0,0,,0.0,0.0,0.0,0.0,0.0,2015-03-18,0,0,0.0,0,0.0,0.0,0.0,0.0,0.0
2015,3,2,1,UA,1222,N38417,LAS,EWR,640,637.0,-3.0,20.0,657.0,294.0,260.0,231.0,2227,1348.0,9.0,1434,1357.0,-37.0,0,0,,0.0,0.0,0.0,0.0,0.0,2015-03-02,0,0,0.0,0,0.0,0.0,0.0,0.0,0.0
2015,2,20,5,OO,3474,N219AG,SEA,FAT,1340,1340.0,0.0,12.0,1352.0,120.0,108.0,92.0,748,1524.0,4.0,1540,1528.0,-12.0,0,0,,0.0,0.0,0.0,0.0,0.0,2015-02-20,0,0,0.0,0,0.0,0.0,0.0,0.0,0.0
2015,3,14,6,VX,407,N634VA,JFK,LAX,920,915.0,-5.0,45.0,1000.0,380.0,365.0,313.0,2475,1213.0,7.0,1240,1220.0,-20.0,0,0,,0.0,0.0,0.0,0.0,0.0,2015-03-14,0,0,0.0,0,0.0,0.0,0.0,0.0,0.0
2015,3,17,2,WN,3032,N719SW,MCO,BUF,1930,1925.0,-5.0,13.0,1938.0,155.0,157.0,139.0,1011,2157.0,5.0,2205,2202.0,-3.0,0,0,,0.0,0.0,0.0,0.0,0.0,2015-03-17,0,0,0.0,0,0.0,0.0,0.0,0.0,0.0
2015,3,22,7,AA,231,N3BXAA,ORD,LAS,1325,1343.0,18.0,23.0,1406.0,239.0,247.0,211.0,1514,1537.0,13.0,1524,1550.0,26.0,0,0,,8.0,0.0,18.0,0.0,0.0,2015-03-22,1,1,26.0,1,30.77,0.0,69.23,0.0,0.0
2015,3,23,1,EV,5862,N12967,ROA,ORD,1637,1955.0,198.0,10.0,2005.0,123.0,126.0,101.0,531,2046.0,15.0,1740,2101.0,201.0,0,0,,3.0,0.0,0.0,198.0,0.0,2015-03-23,1,1,201.0,1,1.49,0.0,0.0,98.51,0.0
2015,2,14,6,AA,1596,N3DFAA,DFW,SNA,1245,1241.0,-4.0,14.0,1255.0,197.0,179.0,159.0,1205,1334.0,6.0,1402,1340.0,-22.0,0,0,,0.0,0.0,0.0,0.0,0.0,2015-02-14,0,0,0.0,0,0.0,0.0,0.0,0.0,0.0
2015,3,12,4,MQ,3053,N935MQ,SAF,DFW,1100,1131.0,31.0,10.0,1141.0,95.0,100.0,85.0,551,1406.0,5.0,1335,1411.0,36.0,0,0,,5.0,0.0,0.0,31.0,0.0,2015-03-12,1,1,36.0,1,13.89,0.0,0.0,86.11,0.0
2015,3,12,4,WN,565,N763SW,MDW,PHL,750,747.0,-3.0,13.0,800.0,115.0,107.0,89.0,668,1029.0,5.0,1045,1034.0,-11.0,0,0,,0.0,0.0,0.0,0.0,0.0,2015-03-12,0,0,0.0,0,0.0,0.0,0.0,0.0,0.0
2015,2,18,3,US,1901,N118US,RDU,CLT,530,539.0,9.0,22.0,601.0,57.0,68.0,39.0,130,640.0,7.0,627,647.0,20.0,0,0,,11.0,0.0,9.0,0.0,0.0,2015-02-18,0,1,20.0,1,55.0,0.0,45.0,0.0,0.0
2015,3,22,7,OO,4584,N426SW,RAP,MSP,1150,1136.0,-14.0,12.0,1148.0,98.0,110.0,67.0,489,1355.0,31.0,1428,1426.0,-2.0,0,0,,0.0,0.0,0.0,0.0,0.0,2015-03-22,0,0,0.0,0,0.0,0.0,0.0,0.0,0.0
2015,3,25,3,WN,3142,N670SW,DAL,STL,2125,2144.0,19.0,9.0,2153.0,95.0,104.0,86.0,546,2319.0,9.0,2300,2328.0,28.0,0,0,,9.0,0.0,0.0,19.0,0.0,2015-03-25,1,1,28.0,1,32.14,0.0,0.0,67.86,0.0
2015,3,13,5,DL,1972,N3769L,AUS,JFK,815,809.0,-6.0,13.0,822.0,208.0,213.0,192.0,1521,1234.0,8.0,1243,1242.0,-1.0,0,0,,0.0,0.0,0.0,0.0,0.0,2015-03-13,0,0,0.0,0,0.0,0.0,0.0,0.0,0.0
2015,2,26,4,OO,4447,N915EV,CVG,MEM,1600,1722.0,82.0,40.0,1802.0,95.0,121.0,78.0,403,1820.0,3.0,1635,1823.0,108.0,0,0,,26.0,0.0,0.0,82.0,0.0,2015-02-26,1,1,108.0,1,24.07,0.0,0.0,75.93,0.0
2015,3,10,2,WN,429,N615SW,IND,MCO,905,902.0,-3.0,8.0,910.0,135.0,134.0,118.0,829,1108.0,8.0,1120,1116.0,-4.0,0,0,,0.0,0.0,0.0,0.0,0.0,2015-03-10,0,0,0.0,0,0.0,0.0,0.0,0.0,0.0
2015,3,8,7,DL,1168,N386DA,LAX,MIA,2155,2221.0,26.0,33.0,2254.0,290.0,298.0,262.0,2342,616.0,3.0,545,619.0,34.0,0,0,,8.0,0.0,26.0,0.0,0.0,2015-03-08,1,1,34.0,1,23.53,0.0,76.47,0.0,0.0
2015,3,20,5,OO,4719,N613QX,PHX,SEA,1819,1811.0,-8.0,12.0,1823.0,184.0,177.0,161.0,1107,2104.0,4.0,2123,2108.0,-15.0,0,0,,0.0,0.0,0.0,0.0,0.0,2015-03-20,0,0,0.0,0,0.0,0.0,0.0,0.0,0.0
2015,2,25,3,B6,1106,N640JB,ORD,JFK,1840,2000.0,80.0,52.0,2052.0,128.0,151.0,91.0,740,2323.0,8.0,2148,2331.0,103.0,0,0,,23.0,0.0,0.0,80.0,0.0,2015-02-25,1,1,103.0,1,22.33,0.0,0.0,77.67,0.0
2015,3,15,7,OO,5345,N929EV,FWA,ORD,1559,1556.0,-3.0,7.0,1603.0,65.0,46.0,32.0,157,1535.0,7.0,1604,1542.0,-22.0,0,0,,0.0,0.0,0.0,0.0,0.0,2015-03-15,0,0,0.0,0,0.0,0.0,0.0,0.0,0.0
2015,3,3,2,OO,4614,N448SW,GJT,SLC,655,652.0,-3.0,24.0,716.0,62.0,69.0,41.0,216,757.0,4.0,757,801.0,4.0,0,0,,0.0,0.0,0.0,0.0,0.0,2015-03-03,0,0,0.0,0,0.0,0.0,0.0,0.0,0.0
2015,2,20,5,MQ,3084,N635MQ,ORD,CMH,2130,2128.0,-2.0,16.0,2144.0,71.0,66.0,46.0,296,2330.0,4.0,2341,2334.0,-7.0,0,0,,0.0,0.0,0.0,0.0,0.0,2015-02-20,0,0,0.0,0,0.0,0.0,0.0,0.0,0.0
2015,3,6,5,WN,267,N8326F,MCO,BNA,1415,1417.0,2.0,18.0,1435.0,115.0,117.0,93.0,616,1508.0,6.0,1510,1514.0,4.0,0,0,,0.0,0.0,0.0,0.0,0.0,2015-03-06,0,0,0.0,0,0.0,0.0,0.0,0.0,0.0
2015,3,14,6,AS,527,N626AS,SNA,SEA,800,746.0,-14.0,11.0,757.0,169.0,178.0,159.0,978,1036.0,8.0,1049,1044.0,-5.0,0,0,,0.0,0.0,0.0,0.0,0.0,2015-03-14,0,0,0.0,0,0.0,0.0,0.0,0.0,0.0
2015,3,6,5,OO,6344,N110SY,DFW,SFO,845,843.0,-2.0,34.0,917.0,249.0,259.0,206.0,1464,1043.0,19.0,1054,1102.0,8.0,0,0,,0.0,0.0,0.0,0.0,0.0,2015-03-06,0,0,0.0,0,0.0,0.0,0.0,0.0,0.0
2015,2,20,5,DL,1752,N970AT,SAV,ATL,1300,1327.0,27.0,8.0,1335.0,76.0,58.0,44.0,214,1419.0,6.0,1416,1425.0,9.0,0,0,,0.0,0.0,0.0,0.0,0.0,2015-02-20,1,0,0.0,0,0.0,0.0,0.0,0.0,0.0
2015,2,14,6,F9,1110,N203FR,CLE,MCO,1315,1544.0,149.0,38.0,1622.0,145.0,175.0,125.0,895,1827.0,12.0,1540,1839.0,179.0,0,0,,63.0,0.0,0.0,87.0,29.0,2015-02-14,1,1,179.0,1,35.2,0.0,0.0,48.6,16.2
2015,2,20,5,US,609,N543UW,RSW,CLT,1455,1452.0,-3.0,10.0,1502.0,114.0,110.0,92.0,600,1634.0,8.0,1649,1642.0,-7.0,0,0,,0.0,0.0,0.0,0.0,0.0,2015-02-20,0,0,0.0,0,0.0,0.0,0.0,0.0,0.0
2015,2,17,2,US,1875,N112US,BWI,CLT,1344,1357.0,13.0,41.0,1438.0,91.0,127.0,79.0,361,1557.0,7.0,1515,1604.0,49.0,0,0,,36.0,0.0,13.0,0.0,0.0,2015-02-17,0,1,49.0,1,73.47,0.0,26.53,0.0,0.0
2015,2,13,5,AA,1324,N371AA,MIA,ORD,1650,1645.0,-5.0,13.0,1658.0,209.0,192.0,171.0,1197,1849.0,8.0,1919,1857.0,-22.0,0,0,,0.0,0.0,0.0,0.0,0.0,2015-02-13,0,0,0.0,0,0.0,0.0,0.0,0.0,0.0
2015,2,20,5,UA,1144,N35271,EWR,PBI,1454,1520.0,26.0,9.0,1529.0,179.0,152.0,139.0,1023,1748.0,4.0,1753,1752.0,-1.0,0,0,,0.0,0.0,0.0,0.0,0.0,2015-02-20,1,0,0.0,0,0.0,0.0,0.0,0.0,0.0
2015,2,24,2,HA,347,N491HA,KOA,HNL,1546,1548.0,2.0,9.0,1557.0,44.0,49.0,31.0,163,1628.0,9.0,1630,1637.0,7.0,0,0,,0.0,0.0,0.0,0.0,0.0,2015-02-24,0,0,0.0,0,0.0,0.0,0.0,0.0,0.0
2015,3,16,1,WN,3311,N8320J,HOU,LAX,1240,1238.0,-2.0,6.0,1244.0,225.0,205.0,175.0,1390,1339.0,24.0,1425,1403.0,-22.0,0,0,,0.0,0.0,0.0,0.0,0.0,2015-03-16,0,0,0.0,0,0.0,0.0,0.0,0.0,0.0
2015,2,23,1,AA,1147,N3BVAA,MIA,LAX,2100,2115.0,15.0,13.0,2128.0,355.0,390.0,359.0,2342,27.0,18.0,2355,45.0,50.0,0,0,,35.0,0.0,15.0,0.0,0.0,2015-02-23,0,1,50.0,1,70.0,0.0,30.0,0.0,0.0
2015,2,14,6,EV,2537,N906EV,MLU,DFW,641,634.0,-7.0,9.0,643.0,84.0,68.0,51.0,293,734.0,8.0,805,742.0,-23.0,0,0,,0.0,0.0,0.0,0.0,0.0,2015-02-14,0,0,0.0,0,0.0,0.0,0.0,0.0,0.0
2015,3,1,7,US,686,N562UW,CLT,PHL,1110,1118.0,8.0,14.0,1132.0,93.0,85.0,68.0,449,1240.0,3.0,1243,1243.0,0.0,0,0,,0.0,0.0,0.0,0.0,0.0,2015-03-01,0,0,0.0,0,0.0,0.0,0.0,0.0,0.0
2015,2,28,6,UA,542,N445UA,IAD,DEN,1605,1621.0,16.0,11.0,1632.0,240.0,236.0,220.0,1452,1812.0,5.0,1805,1817.0,12.0,0,0,,0.0,0.0,0.0,0.0,0.0,2015-02-28,1,0,0.0,0,0.0,0.0,0.0,0.0,0.0
2015,2,19,4,AS,650,N471AS,SEA,PHX,1455,1507.0,12.0,11.0,1518.0,161.0,160.0,143.0,1107,1841.0,6.0,1836,1847.0,11.0,0,0,,0.0,0.0,0.0,0.0,0.0,2015-02-19,0,0,0.0,0,0.0,0.0,0.0,0.0,0.0
2015,2,26,4,MQ,3195,N661MQ,DFW,ABI,1635,1634.0,-1.0,15.0,1649.0,47.0,52.0,33.0,158,1722.0,4.0,1722,1726.0,4.0,0,0,,0.0,0.0,0.0,0.0,0.0,2015-02-26,0,0,0.0,0,0.0,0.0,0.0,0.0,0.0
2015,3,20,5,WN,4008,N235WN,DEN,BUR,1840,1840.0,0.0,12.0,1852.0,145.0,124.0,109.0,850,1941.0,3.0,2005,1944.0,-21.0,0,0,,0.0,0.0,0.0,0.0,0.0,2015-03-20,0,0,0.0,0,0.0,0.0,0.0,0.0,0.0
2015,3,25,3,WN,4210,N458WN,PHL,MCO,700,652.0,-8.0,11.0,703.0,155.0,151.0,133.0,861,916.0,7.0,935,923.0,-12.0,0,0,,0.0,0.0,0.0,0.0,0.0,2015-03-25,0,0,0.0,0,0.0,0.0,0.0,0.0,0.0
2015,3,3,2,DL,2207,N954DL,ATL,CHS,2250,2307.0,17.0,18.0,2325.0,68.0,60.0,37.0,259,2.0,5.0,2358,7.0,9.0,0,0,,0.0,0.0,0.0,0.0,0.0,2015-03-03,1,0,0.0,0,0.0,0.0,0.0,0.0,0.0
2015,2,14,6,MQ,3192,N925MQ,GRR,ORD,1740,1751.0,11.0,27.0,1818.0,58.0,65.0,29.0,137,1747.0,9.0,1738,1756.0,18.0,0,0,,7.0,0.0,0.0,1.0,10.0,2015-02-14,0,1,18.0,1,38.89,0.0,0.0,5.56,55.56
2015,2,24,2,DL,1443,N919DE,IAH,ATL,1120,1156.0,36.0,10.0,1206.0,119.0,116.0,91.0,689,1437.0,15.0,1419,1452.0,33.0,0,0,,33.0,0.0,0.0,0.0,0.0,2015-02-24,1,1,33.0,1,100.0,0.0,0.0,0.0,0.0
2015,3,1,7,HA,188,N491HA,HNL,KOA,1519,1517.0,-2.0,11.0,1528.0,43.0,45.0,29.0,163,1557.0,5.0,1602,1602.0,0.0,0,0,,0.0,0.0,0.0,0.0,0.0,2015-03-01,0,0,0.0,0,0.0,0.0,0.0,0.0,0.0
2015,2,23,1,WN,1695,N215WN,PHX,SNA,1530,1533.0,3.0,6.0,1539.0,70.0,69.0,60.0,338,1539.0,3.0,1540,1542.0,2.0,0,0,,0.0,0.0,0.0,0.0,0.0,2015-02-23,0,0,0.0,0,0.0,0.0,0.0,0.0,0.0
2015,3,17,2,WN,903,N283WN,BWI,BOS,2210,2210.0,0.0,7.0,2217.0,80.0,73.0,59.0,369,2316.0,7.0,2330,2323.0,-7.0,0,0,,0.0,0.0,0.0,0.0,0.0,2015-03-17,0,0,0.0,0,0.0,0.0,0.0,0.0,0.0
2015,3,3,2,NK,341,N612NK,ACY,TPA,1338,1329.0,-9.0,9.0,1338.0,150.0,139.0,125.0,913,1543.0,5.0,1608,1548.0,-20.0,0,0,,0.0,0.0,0.0,0.0,0.0,2015-03-03,0,0,0.0,0,0.0,0.0,0.0,0.0,0.0
2015,3,2,1,WN,4107,N357SW,BWI,BUF,2205,2246.0,41.0,11.0,2257.0,70.0,84.0,60.0,281,2357.0,13.0,2315,10.0,55.0,0,0,,14.0,0.0,34.0,7.0,0.0,2015-03-02,1,1,55.0,1,25.45,0.0,61.82,12.73,0.0
2015,3,11,3,WN,891,N799SW,CMH,ATL,1805,1809.0,4.0,26.0,1835.0,95.0,103.0,70.0,447,1945.0,7.0,1940,1952.0,12.0,0,0,,0.0,0.0,0.0,0.0,0.0,2015-03-11,0,0,0.0,0,0.0,0.0,0.0,0.0,0.0
2015,2,17,2,EV,5911,N14542,ORD,PIA,1312,1308.0,-4.0,22.0,1330.0,57.0,61.0,31.0,130,1401.0,8.0,1409,1409.0,0.0,0,0,,0.0,0.0,0.0,0.0,0.0,2015-02-17,0,0,0.0,0,0.0,0.0,0.0,0.0,0.0
2015,2,16,1,OO,5591,N117SY,DCA,ORD,1545,1733.0,108.0,53.0,1826.0,138.0,166.0,106.0,612,1912.0,7.0,1703,1919.0,136.0,0,0,,28.0,0.0,0.0,79.0,29.0,2015-02-16,1,1,136.0,1,20.59,0.0,0.0,58.09,21.32
2015,2,24,2,AA,111,N3HAAA,ORD,SNA,1720,1727.0,7.0,9.0,1736.0,263.0,250.0,236.0,1726,1932.0,5.0,1943,1937.0,-6.0,0,0,,0.0,0.0,0.0,0.0,0.0,2015-02-24,0,0,0.0,0,0.0,0.0,0.0,0.0,0.0
2015,3,9,1,WN,2058,N927WN,JAX,HOU,1925,1924.0,-1.0,8.0,1932.0,155.0,140.0,124.0,816,2036.0,8.0,2100,2044.0,-16.0,0,0,,0.0,0.0,0.0,0.0,0.0,2015-03-09,0,0,0.0,0,0.0,0.0,0.0,0.0,0.0
2015,2,22,7,MQ,3404,N818MQ,TYR,DFW,1048,1053.0,5.0,8.0,1101.0,47.0,53.0,26.0,102,1127.0,19.0,1135,1146.0,11.0,0,0,,0.0,0.0,0.0,0.0,0.0,2015-02-22,0,0,0.0,0,0.0,0.0,0.0,0.0,0.0
2015,3,8,7,WN,333,N793SA,ISP,BWI,1820,1818.0,-2.0,9.0,1827.0,70.0,69.0,56.0,220,1923.0,4.0,1930,1927.0,-3.0,0,0,,0.0,0.0,0.0,0.0,0.0,2015-03-08,0,0,0.0,0,0.0,0.0,0.0,0.0,0.0
2015,3,9,1,WN,678,N222WN,BNA,LAX,745,742.0,-3.0,10.0,752.0,280.0,261.0,241.0,1797,953.0,10.0,1025,1003.0,-22.0,0,0,,0.0,0.0,0.0,0.0,0.0,2015-03-09,0,0,0.0,0,0.0,0.0,0.0,0.0,0.0
2015,2,16,1,OO,6297,N124SY,ORD,MSP,1341,1338.0,-3.0,31.0,1409.0,91.0,96.0,60.0,334,1509.0,5.0,1512,1514.0,2.0,0,0,,0.0,0.0,0.0,0.0,0.0,2015-02-16,0,0,0.0,0,0.0,0.0,0.0,0.0,0.0
2015,3,23,1,NK,597,N526NK,MSP,FLL,115,108.0,-7.0,29.0,137.0,206.0,217.0,179.0,1487,536.0,9.0,541,545.0,4.0,0,0,,0.0,0.0,0.0,0.0,0.0,2015-03-23,0,0,0.0,0,0.0,0.0,0.0,0.0,0.0
2015,3,3,2,WN,589,N8629A,DAL,DCA,1810,1807.0,-3.0,9.0,1816.0,165.0,148.0,134.0,1184,2130.0,5.0,2155,2135.0,-20.0,0,0,,0.0,0.0,0.0,0.0,0.0,2015-03-03,0,0,0.0,0,0.0,0.0,0.0,0.0,0.0
2015,3,6,5,EV,3921,N14543,IAH,TUL,1736,1813.0,37.0,16.0,1829.0,92.0,89.0,68.0,429,1937.0,5.0,1908,1942.0,34.0,0,0,,34.0,0.0,0.0,0.0,0.0,2015-03-06,1,1,34.0,1,100.0,0.0,0.0,0.0,0.0
2015,3,2,1,EV,5340,N138EV,DTW,AUS,1945,1944.0,-1.0,16.0,2000.0,192.0,193.0,171.0,1149,2151.0,6.0,2157,2157.0,0.0,0,0,,0.0,0.0,0.0,0.0,0.0,2015-03-02,0,0,0.0,0,0.0,0.0,0.0,0.0,0.0
2015,3,20,5,WN,527,N455WN,SMF,SEA,750,800.0,10.0,6.0,806.0,105.0,95.0,83.0,605,929.0,6.0,935,935.0,0.0,0,0,,0.0,0.0,0.0,0.0,0.0,2015-03-20,0,0,0.0,0,0.0,0.0,0.0,0.0,0.0
2015,3,23,1,EV,5912,N11119,DEN,DIK,1951,1952.0,1.0,11.0,2003.0,101.0,87.0,71.0,488,2114.0,5.0,2132,2119.0,-13.0,0,0,,0.0,0.0,0.0,0.0,0.0,2015-03-23,0,0,0.0,0,0.0,0.0,0.0,0.0,0.0
2015,3,22,7,WN,1993,N563WN,DEN,PHL,1120,1129.0,9.0,10.0,1139.0,205.0,193.0,177.0,1558,1636.0,6.0,1645,1642.0,-3.0,0,0,,0.0,0.0,0.0,0.0,0.0,2015-03-22,0,0,0.0,0,0.0,0.0,0.0,0.0,0.0
2015,2,16,1,DL,1776,N333NB,GEG,SLC,1025,1023.0,-2.0,12.0,1035.0,98.0,85.0,69.0,546,1244.0,4.0,1303,1248.0,-15.0,0,0,,0.0,0.0,0.0,0.0,0.0,2015-02-16,0,0,0.0,0,0.0,0.0,0.0,0.0,0.0
2015,3,3,2,DL,1283,N347NB,DEN,SLC,1905,1934.0,29.0,50.0,2024.0,84.0,116.0,61.0,391,2125.0,5.0,2029,2130.0,61.0,0,0,,32.0,0.0,0.0,29.0,0.0,2015-03-03,1,1,61.0,1,52.46,0.0,0.0,47.54,0.0
2015,3,5,4,DL,1519,N697DL,ATL,SRQ,1930,2016.0,46.0,26.0,2042.0,91.0,95.0,65.0,444,2147.0,4.0,2101,2151.0,50.0,0,0,,4.0,0.0,27.0,19.0,0.0,2015-03-05,1,1,50.0,1,8.0,0.0,54.0,38.0,0.0
2015,3,20,5,US,765,N812AW,DTW,CLT,1525,1524.0,-1.0,17.0,1541.0,110.0,93.0,72.0,500,1653.0,4.0,1715,1657.0,-18.0,0,0,,0.0,0.0,0.0,0.0,0.0,2015-03-20,0,0,0.0,0,0.0,0.0,0.0,0.0,0.0
2015,2,26,4,WN,1542,N374SW,DAL,AUS,1445,1521.0,36.0,13.0,1534.0,50.0,64.0,47.0,189,1621.0,4.0,1535,1625.0,50.0,0,0,,14.0,0.0,31.0,5.0,0.0,2015-02-26,1,1,50.0,1,28.0,0.0,62.0,10.0,0.0
2015,2,20,5,EV,5179,N181PQ,HPN,ATL,715,712.0,-3.0,13.0,725.0,152.0,144.0,112.0,780,917.0,19.0,947,936.0,-11.0,0,0,,0.0,0.0,0.0,0.0,0.0,2015-02-20,0,0,0.0,0,0.0,0.0,0.0,0.0,0.0
2015,2,23,1,MQ,3658,N628MQ,DFW,SGF,1905,1903.0,-2.0,9.0,1912.0,76.0,77.0,63.0,364,2015.0,5.0,2021,2020.0,-1.0,0,0,,0.0,0.0,0.0,0.0,0.0,2015-02-23,0,0,0.0,0,0.0,0.0,0.0,0.0,0.0
2015,3,10,2,AS,70,N703AS,JNU,SIT,2218,2213.0,-5.0,13.0,2226.0,37.0,38.0,21.0,95,2247.0,4.0,2255,2251.0,-4.0,0,0,,0.0,0.0,0.0,0.0,0.0,2015-03-10,0,0,0.0,0,0.0,0.0,0.0,0.0,0.0
2015,2,15,7,OO,4806,N554CA,LAX,OAK,1730,1724.0,-6.0,11.0,1735.0,86.0,70.0,55.0,337,1830.0,4.0,1856,1834.0,-22.0,0,0,,0.0,0.0,0.0,0.0,0.0,2015-02-15,0,0,0.0,0,0.0,0.0,0.0,0.0,0.0
2015,3,1,7,NK,777,N516NK,FLL,LAS,2020,2226.0,126.0,13.0,2239.0,333.0,325.0,306.0,2173,45.0,6.0,2253,51.0,118.0,0,0,,0.0,0.0,118.0,0.0,0.0,2015-03-01,1,1,118.0,1,0.0,0.0,100.0,0.0,0.0
2015,3,15,7,UA,302,N404UA,PDX,IAH,2359,2353.0,-6.0,9.0,2.0,241.0,229.0,215.0,1825,537.0,5.0,600,542.0,-18.0,0,0,,0.0,0.0,0.0,0.0,0.0,2015-03-15,0,0,0.0,0,0.0,0.0,0.0,0.0,0.0
2015,2,15,7,AA,1176,N3KXAA,DFW,SNA,855,853.0,-2.0,12.0,905.0,199.0,186.0,169.0,1205,954.0,5.0,1014,959.0,-15.0,0,0,,0.0,0.0,0.0,0.0,0.0,2015-02-15,0,0,0.0,0,0.0,0.0,0.0,0.0,0.0
2015,2,24,2,OO,5351,N959SW,ORD,CMX,2115,2137.0,22.0,14.0,2151.0,86.0,83.0,64.0,359,2355.0,5.0,2341,2400.0,19.0,0,0,,0.0,0.0,19.0,0.0,0.0,2015-02-24,1,1,19.0,1,0.0,0.0,100.0,0.0,0.0
2015,2,28,6,DL,2491,N929DL,ATL,SDF,2202,2202.0,0.0,11.0,2213.0,80.0,74.0,56.0,321,2309.0,7.0,2322,2316.0,-6.0,0,0,,0.0,0.0,0.0,0.0,0.0,2015-02-28,0,0,0.0,0,0.0,0.0,0.0,0.0,0.0
2015,3,24,2,DL,2455,N973DL,LGA,FLL,1705,1804.0,59.0,36.0,1840.0,204.0,192.0,154.0,1076,2114.0,2.0,2029,2116.0,47.0,0,0,,0.0,0.0,1.0,46.0,0.0,2015-03-24,1,1,47.0,1,0.0,0.0,2.13,97.87,0.0
2015,3,14,6,OO,2767,N898SK,PSP,PHX,1025,1022.0,-3.0,10.0,1032.0,63.0,65.0,46.0,261,1118.0,9.0,1128,1127.0,-1.0,0,0,,0.0,0.0,0.0,0.0,0.0,2015-03-14,0,0,0.0,0,0.0,0.0,0.0,0.0,0.0
2015,3,18,3,UA,1067,N17244,DEN,LGA,1110,1204.0,54.0,9.0,1213.0,224.0,198.0,184.0,1620,1717.0,5.0,1654,1722.0,28.0,0,0,,28.0,0.0,0.0,0.0,0.0,2015-03-18,1,1,28.0,1,100.0,0.0,0.0,0.0,0.0
2015,2,24,2,DL,1992,N589NW,MSP,MCO,1305,1304.0,-1.0,10.0,1314.0,193.0,168.0,149.0,1310,1643.0,9.0,1718,1652.0,-26.0,0,0,,0.0,0.0,0.0,0.0,0.0,2015-02-24,0,0,0.0,0,0.0,0.0,0.0,0.0,0.0
2015,2,15,7,DL,1384,N906DE,RSW,ATL,1215,1209.0,-6.0,15.0,1224.0,112.0,112.0,89.0,515,1353.0,8.0,1407,1401.0,-6.0,0,0,,0.0,0.0,0.0,0.0,0.0,2015-02-15,0,0,0.0,0,0.0,0.0,0.0,0.0,0.0
2015,3,1,7,AA,2418,N3ETAA,DFW,SAT,1525,1524.0,-1.0,17.0,1541.0,68.0,73.0,51.0,247,1632.0,5.0,1633,1637.0,4.0,0,0,,0.0,0.0,0.0,0.0,0.0,2015-03-01,0,0,0.0,0,0.0,0.0,0.0,0.0,0.0
2015,3,10,2,AS,832,N585AS,LIH,SEA,1310,1304.0,-6.0,9.0,1313.0,344.0,310.0,294.0,2701,2107.0,7.0,2154,2114.0,-40.0,0,0,,0.0,0.0,0.0,0.0,0.0,2015-03-10,0,0,0.0,0,0.0,0.0,0.0,0.0,0.0
2015,2,20,5,UA,1190,N69806,CLE,ORD,1350,1427.0,37.0,10.0,1437.0,89.0,84.0,57.0,315,1434.0,17.0,1419,1451.0,32.0,0,0,,0.0,0.0,0.0,32.0,0.0,2015-02-20,1,1,32.0,1,0.0,0.0,0.0,100.0,0.0
2015,3,2,1,AA,2389,N5CRAA,TUL,DFW,1045,1136.0,51.0,9.0,1145.0,73.0,72.0,48.0,237,1233.0,15.0,1158,1248.0,50.0,0,0,,0.0,0.0,50.0,0.0,0.0,2015-03-02,1,1,50.0,1,0.0,0.0,100.0,0.0,0.0
2015,3,23,1,AA,376,N568AA,DFW,IND,750,805.0,15.0,11.0,816.0,120.0,111.0,97.0,761,1053.0,3.0,1050,1056.0,6.0,0,0,,0.0,0.0,0.0,0.0,0.0,2015-03-23,0,0,0.0,0,0.0,0.0,0.0,0.0,0.0
2015,3,14,6,OO,5447,N928EV,ORD,MKE,805,757.0,-8.0,13.0,810.0,51.0,40.0,18.0,67,828.0,9.0,856,837.0,-19.0,0,0,,0.0,0.0,0.0,0.0,0.0,2015-03-14,0,0,0.0,0,0.0,0.0,0.0,0.0,0.0
2015,2,28,6,EV,5973,N16911,ORD,TUL,1545,1546.0,1.0,29.0,1615.0,126.0,144.0,109.0,585,1804.0,6.0,1751,1810.0,19.0,0,0,,18.0,0.0,1.0,0.0,0.0,2015-02-28,0,1,19.0,1,94.74,0.0,5.26,0.0,0.0
2015,3,7,6,WN,192,N8655D,MDW,TPA,1535,1537.0,2.0,10.0,1547.0,150.0,140.0,124.0,997,1851.0,6.0,1905,1857.0,-8.0,0,0,,0.0,0.0,0.0,0.0,0.0,2015-03-07,0,0,0.0,0,0.0,0.0,0.0,0.0,0.0
2015,2,19,4,OO,5509,N116SY,DFW,SFO,530,530.0,0.0,17.0,547.0,249.0,250.0,228.0,1464,735.0,5.0,739,740.0,1.0,0,0,,0.0,0.0,0.0,0.0,0.0,2015-02-19,0,0,0.0,0,0.0,0.0,0.0,0.0,0.0
2015,3,11,3,WN,867,N917WN,SNA,DEN,1610,1621.0,11.0,11.0,1632.0,135.0,127.0,111.0,846,1923.0,5.0,1925,1928.0,3.0,0,0,,0.0,0.0,0.0,0.0,0.0,2015-03-11,0,0,0.0,0,0.0,0.0,0.0,0.0,0.0
2015,3,14,6,EV,5662,N16149,DSM,IAH,520,510.0,-10.0,12.0,522.0,163.0,154.0,130.0,802,732.0,12.0,803,744.0,-19.0,0,0,,0.0,0.0,0.0,0.0,0.0,2015-03-14,0,0,0.0,0,0.0,0.0,0.0,0.0,0.0
2015,3,23,1,AS,800,N534AS,SMF,SEA,1955,1944.0,-11.0,20.0,2004.0,110.0,119.0,92.0,605,2136.0,7.0,2145,2143.0,-2.0,0,0,,0.0,0.0,0.0,0.0,0.0,2015-03-23,0,0,0.0,0,0.0,0.0,0.0,0.0,0.0
2015,3,12,4,EV,4085,N14162,SYR,EWR,1930,1917.0,-13.0,31.0,1948.0,78.0,86.0,41.0,195,2029.0,14.0,2048,2043.0,-5.0,0,0,,0.0,0.0,0.0,0.0,0.0,2015-03-12,0,0,0.0,0,0.0,0.0,0.0,0.0,0.0
2015,3,3,2,NK,199,N504NK,IAH,LAS,2237,2236.0,-1.0,9.0,2245.0,199.0,190.0,173.0,1222,2338.0,8.0,2356,2346.0,-10.0,0,0,,0.0,0.0,0.0,0.0,0.0,2015-03-03,0,0,0.0,0,0.0,0.0,0.0,0.0,0.0
2015,2,28,6,AA,1580,N630AA,MIA,JFK,1000,956.0,-4.0,20.0,1016.0,179.0,164.0,133.0,1089,1229.0,11.0,1259,1240.0,-19.0,0,0,,0.0,0.0,0.0,0.0,0.0,2015-02-28,0,0,0.0,0,0.0,0.0,0.0,0.0,0.0
2015,3,9,1,DL,1477,N557NW,ORD,ATL,700,654.0,-6.0,21.0,715.0,121.0,111.0,83.0,606,938.0,7.0,1001,945.0,-16.0,0,0,,0.0,0.0,0.0,0.0,0.0,2015-03-09,0,0,0.0,0,0.0,0.0,0.0,0.0,0.0
2015,2,23,1,MQ,3028,N681MQ,SGF,DFW,1455,1544.0,49.0,11.0,1555.0,89.0,90.0,67.0,364,1702.0,12.0,1624,1714.0,50.0,0,0,,1.0,0.0,5.0,44.0,0.0,2015-02-23,1,1,50.0,1,2.0,0.0,10.0,88.0,0.0
2015,2,19,4,WN,261,N965WN,LAS,ATL,1415,1427.0,12.0,19.0,1446.0,225.0,216.0,185.0,1747,2051.0,12.0,2100,2103.0,3.0,0,0,,0.0,0.0,0.0,0.0,0.0,2015-02-19,0,0,0.0,0,0.0,0.0,0.0,0.0,0.0
2015,3,19,4,DL,1679,N332NB,BIS,MSP,500,456.0,-4.0,10.0,506.0,85.0,69.0,54.0,386,600.0,5.0,625,605.0,-20.0,0,0,,0.0,0.0,0.0,0.0,0.0,2015-03-19,0,0,0.0,0,0.0,0.0,0.0,0.0,0.0
2015,3,23,1,WN,864,N766SW,TPA,MDW,630,754.0,84.0,13.0,807.0,165.0,,,997,1408.0,5.0,815,1413.0,0.0,1,0,,0.0,0.0,0.0,0.0,0.0,2015-03-23,1,0,0.0,0,0.0,0.0,0.0,0.0,0.0
2015,3,13,5,B6,333,N281JB,MCO,SJU,2345,2342.0,-3.0,12.0,2354.0,160.0,157.0,142.0,1189,216.0,3.0,225,219.0,-6.0,0,0,,0.0,0.0,0.0,0.0,0.0,2015-03-13,0,0,0.0,0,0.0,0.0,0.0,0.0,0.0
2015,2,18,3,EV,5299,N611QX,MSP,RST,1310,1307.0,-3.0,17.0,1324.0,49.0,39.0,19.0,76,1343.0,3.0,1359,1346.0,-13.0,0,0,,0.0,0.0,0.0,0.0,0.0,2015-02-18,0,0,0.0,0,0.0,0.0,0.0,0.0,0.0
2015,2,19,4,B6,50,N334JB,SAV,BOS,1147,1145.0,-2.0,13.0,1158.0,141.0,142.0,126.0,901,1404.0,3.0,1408,1407.0,-1.0,0,0,,0.0,0.0,0.0,0.0,0.0,2015-02-19,0,0,0.0,0,0.0,0.0,0.0,0.0,0.0
2015,3,13,5,WN,4335,N773SA,ABQ,OAK,1835,1830.0,-5.0,6.0,1836.0,155.0,149.0,127.0,889,1943.0,16.0,2010,1959.0,-11.0,0,0,,0.0,0.0,0.0,0.0,0.0,2015-03-13,0,0,0.0,0,0.0,0.0,0.0,0.0,0.0
2015,2,21,6,MQ,3027,N637MQ,MSN,ORD,857,852.0,-5.0,10.0,902.0,63.0,52.0,30.0,108,932.0,12.0,1000,944.0,-16.0,0,0,,0.0,0.0,0.0,0.0,0.0,2015-02-21,0,0,0.0,0,0.0,0.0,0.0,0.0,0.0
2015,2,17,2,OO,5323,N292SW,SFO,CEC,1200,1322.0,82.0,19.0,1341.0,97.0,88.0,65.0,304,1446.0,4.0,1337,1450.0,73.0,0,0,,0.0,0.0,0.0,73.0,0.0,2015-02-17,1,1,73.0,1,0.0,0.0,0.0,100.0,0.0
2015,2,26,4,US,555,N124US,PHL,SLC,1810,1815.0,5.0,23.0,1838.0,313.0,305.0,272.0,1927,2110.0,10.0,2123,2120.0,-3.0,0,0,,0.0,0.0,0.0,0.0,0.0,2015-02-26,0,0,0.0,0,0.0,0.0,0.0,0.0,0.0
2015,2,27,5,AS,694,N518AS,SEA,GEG,2140,2244.0,64.0,11.0,2255.0,53.0,52.0,37.0,224,2332.0,4.0,2233,2336.0,63.0,0,0,,0.0,0.0,63.0,0.0,0.0,2015-02-27,1,1,63.0,1,0.0,0.0,100.0,0.0,0.0
2015,2,22,7,WN,1932,N8324A,BWI,SAN,1035,1042.0,7.0,10.0,1052.0,355.0,368.0,355.0,2295,1347.0,3.0,1330,1350.0,20.0,0,0,,13.0,0.0,5.0,2.0,0.0,2015-02-22,0,1,20.0,1,65.0,0.0,25.0,10.0,0.0
2015,3,18,3,DL,2583,N3734B,CMH,ATL,700,657.0,-3.0,21.0,718.0,101.0,101.0,69.0,447,827.0,11.0,841,838.0,-3.0,0,0,,0.0,0.0,0.0,0.0,0.0,2015-03-18,0,0,0.0,0,0.0,0.0,0.0,0.0,0.0
2015,3,19,4,B6,728,N591JB,MCO,EWR,1015,1013.0,-2.0,19.0,1032.0,160.0,154.0,127.0,937,1239.0,8.0,1255,1247.0,-8.0,0,0,,0.0,0.0,0.0,0.0,0.0,2015-03-19,0,0,0.0,0,0.0,0.0,0.0,0.0,0.0
2015,3,5,4,NK,403,N606NK,ATL,FLL,1902,1901.0,-1.0,13.0,1914.0,112.0,111.0,87.0,581,2041.0,11.0,2054,2052.0,-2.0,0,0,,0.0,0.0,0.0,0.0,0.0,2015-03-05,0,0,0.0,0,0.0,0.0,0.0,0.0,0.0
2015,3,1,7,B6,1667,N298JB,BOS,CHS,1032,1029.0,-3.0,17.0,1046.0,150.0,154.0,127.0,818,1253.0,10.0,1302,1303.0,1.0,0,0,,0.0,0.0,0.0,0.0,0.0,2015-03-01,0,0,0.0,0,0.0,0.0,0.0,0.0,0.0
2015,3,16,1,US,471,N193UW,LAS,PHX,1000,955.0,-5.0,16.0,1011.0,66.0,64.0,45.0,255,1056.0,3.0,1106,1059.0,-7.0,0,0,,0.0,0.0,0.0,0.0,0.0,2015-03-16,0,0,0.0,0,0.0,0.0,0.0,0.0,0.0
2015,3,24,2,AA,1081,N3FPAA,IAD,LAX,800,754.0,-6.0,13.0,807.0,357.0,352.0,333.0,2288,1040.0,6.0,1057,1046.0,-11.0,0,0,,0.0,0.0,0.0,0.0,0.0,2015-03-24,0,0,0.0,0,0.0,0.0,0.0,0.0,0.0
2015,3,19,4,AS,636,N442AS,SEA,PHX,1120,1116.0,-4.0,13.0,1129.0,172.0,162.0,141.0,1107,1350.0,8.0,1412,1358.0,-14.0,0,0,,0.0,0.0,0.0,0.0,0.0,2015-03-19,0,0,0.0,0,0.0,0.0,0.0,0.0,0.0
2015,3,25,3,WN,601,N949WN,SNA,SMF,1145,1156.0,11.0,11.0,1207.0,85.0,83.0,68.0,404,1315.0,4.0,1310,1319.0,9.0,0,0,,0.0,0.0,0.0,0.0,0.0,2015-03-25,0,0,0.0,0,0.0,0.0,0.0,0.0,0.0
2015,2,28,6,AA,1435,N3MBAA,SFO,ORD,1225,1221.0,-4.0,10.0,1231.0,251.0,223.0,203.0,1846,1754.0,10.0,1836,1804.0,-32.0,0,0,,0.0,0.0,0.0,0.0,0.0,2015-02-28,0,0,0.0,0,0.0,0.0,0.0,0.0,0.0
2015,3,20,5,US,1840,N757UW,CLT,PIT,1805,1826.0,21.0,21.0,1847.0,81.0,88.0,62.0,366,1949.0,5.0,1926,1954.0,28.0,0,0,,7.0,0.0,4.0,17.0,0.0,2015-03-20,1,1,28.0,1,25.0,0.0,14.29,60.71,0.0
2015,3,20,5,OO,2860,N869AS,MRY,LAX,748,738.0,-10.0,9.0,747.0,77.0,80.0,48.0,266,835.0,23.0,905,858.0,-7.0,0,0,,0.0,0.0,0.0,0.0,0.0,2015-03-20,0,0,0.0,0,0.0,0.0,0.0,0.0,0.0
2015,3,22,7,MQ,2989,N534MQ,LBB,DFW,1139,1153.0,14.0,5.0,1158.0,66.0,66.0,54.0,282,1252.0,7.0,1245,1259.0,14.0,0,0,,0.0,0.0,0.0,0.0,0.0,2015-03-22,0,0,0.0,0,0.0,0.0,0.0,0.0,0.0
2015,3,25,3,DL,2367,N689DL,ATL,SAN,2145,2210.0,25.0,16.0,2226.0,293.0,269.0,249.0,1892,2335.0,4.0,2338,2339.0,1.0,0,0,,0.0,0.0,0.0,0.0,0.0,2015-03-25,1,0,0.0,0,0.0,0.0,0.0,0.0,0.0
2015,2,26,4,WN,4338,N460WN,OAK,PHX,600,555.0,-5.0,22.0,617.0,110.0,115.0,84.0,646,841.0,9.0,850,850.0,0.0,0,0,,0.0,0.0,0.0,0.0,0.0,2015-02-26,0,0,0.0,0,0.0,0.0,0.0,0.0,0.0
2015,3,3,2,AA,1014,N852AA,DFW,MIA,610,645.0,35.0,15.0,700.0,162.0,151.0,128.0,1121,1008.0,8.0,952,1016.0,24.0,0,0,,0.0,0.0,24.0,0.0,0.0,2015-03-03,1,1,24.0,1,0.0,0.0,100.0,0.0,0.0
2015,2,16,1,DL,1511,N3738B,DTW,DEN,841,900.0,19.0,27.0,927.0,203.0,207.0,172.0,1123,1019.0,8.0,1004,1027.0,23.0,0,0,,23.0,0.0,0.0,0.0,0.0,2015-02-16,1,1,23.0,1,100.0,0.0,0.0,0.0,0.0
2015,3,7,6,WN,1405,N649SW,PHX,MCI,1510,1506.0,-4.0,17.0,1523.0,145.0,144.0,121.0,1044,1824.0,6.0,1835,1830.0,-5.0,0,0,,0.0,0.0,0.0,0.0,0.0,2015-03-07,0,0,0.0,0,0.0,0.0,0.0,0.0,0.0
2015,2,23,1,DL,2325,N907DL,ATL,BWI,1110,1125.0,15.0,19.0,1144.0,110.0,103.0,78.0,577,1302.0,6.0,1300,1308.0,8.0,0,0,,0.0,0.0,0.0,0.0,0.0,2015-02-23,0,0,0.0,0,0.0,0.0,0.0,0.0,0.0
2015,3,5,4,DL,1138,N917DL,ATL,CVG,1610,1710.0,60.0,16.0,1726.0,86.0,75.0,53.0,373,1819.0,6.0,1736,1825.0,49.0,0,0,,0.0,0.0,7.0,42.0,0.0,2015-03-05,1,1,49.0,1,0.0,0.0,14.29,85.71,0.0
2015,3,17,2,DL,1140,N942DN,ATL,MSY,2255,2300.0,5.0,11.0,2311.0,92.0,79.0,65.0,425,2316.0,3.0,2327,2319.0,-8.0,0,0,,0.0,0.0,0.0,0.0,0.0,2015-03-17,0,0,0.0,0,0.0,0.0,0.0,0.0,0.0
2015,3,19,4,DL,2063,N902DA,DCA,MSP,835,829.0,-6.0,23.0,852.0,168.0,174.0,146.0,931,1018.0,5.0,1023,1023.0,0.0,0,0,,0.0,0.0,0.0,0.0,0.0,2015-03-19,0,0,0.0,0,0.0,0.0,0.0,0.0,0.0
2015,3,17,2,US,2040,N270AY,MCO,PHL,630,626.0,-4.0,26.0,652.0,134.0,164.0,133.0,861,905.0,5.0,844,910.0,26.0,0,0,,26.0,0.0,0.0,0.0,0.0,2015-03-17,0,1,26.0,1,100.0,0.0,0.0,0.0,0.0
2015,2,19,4,MQ,3059,N615MQ,ORD,CVG,735,804.0,29.0,13.0,817.0,73.0,61.0,43.0,265,1000.0,5.0,948,1005.0,17.0,0,0,,0.0,0.0,0.0,16.0,1.0,2015-02-19,1,1,17.0,1,0.0,0.0,0.0,94.12,5.88
2015,3,21,6,DL,422,N707TW,JFK,PHX,710,708.0,-2.0,80.0,828.0,332.0,401.0,318.0,2153,1046.0,3.0,942,1049.0,67.0,0,0,,67.0,0.0,0.0,0.0,0.0,2015-03-21,0,1,67.0,1,100.0,0.0,0.0,0.0,0.0
2015,3,22,7,MQ,3357,N535MQ,OKC,ORD,1135,1126.0,-9.0,11.0,1137.0,121.0,112.0,88.0,693,1305.0,13.0,1336,1318.0,-18.0,0,0,,0.0,0.0,0.0,0.0,0.0,2015-03-22,0,0,0.0,0,0.0,0.0,0.0,0.0,0.0
2015,3,8,7,NK,256,N618NK,RSW,BOS,1337,1334.0,-3.0,10.0,1344.0,182.0,180.0,159.0,1249,1623.0,11.0,1639,1634.0,-5.0,0,0,,0.0,0.0,0.0,0.0,0.0,2015-03-08,0,0,0.0,0,0.0,0.0,0.0,0.0,0.0
2015,3,21,6,AA,1690,N504AA,DFW,IAH,1300,1258.0,-2.0,21.0,1319.0,66.0,76.0,43.0,224,1402.0,12.0,1406,1414.0,8.0,0,0,,0.0,0.0,0.0,0.0,0.0,2015-03-21,0,0,0.0,0,0.0,0.0,0.0,0.0,0.0
2015,2,21,6,WN,2574,N684WN,BHM,TPA,715,716.0,1.0,12.0,728.0,85.0,95.0,79.0,459,947.0,4.0,940,951.0,11.0,0,0,,0.0,0.0,0.0,0.0,0.0,2015-02-21,0,0,0.0,0,0.0,0.0,0.0,0.0,0.0
2015,3,19,4,WN,3586,N776WN,OMA,STL,525,524.0,-1.0,10.0,534.0,75.0,68.0,49.0,342,623.0,9.0,640,632.0,-8.0,0,0,,0.0,0.0,0.0,0.0,0.0,2015-03-19,0,0,0.0,0,0.0,0.0,0.0,0.0,0.0
2015,3,10,2,WN,4335,N939WN,ABQ,OAK,1835,1829.0,-6.0,6.0,1835.0,155.0,149.0,132.0,889,1947.0,11.0,2010,1958.0,-12.0,0,0,,0.0,0.0,0.0,0.0,0.0,2015-03-10,0,0,0.0,0,0.0,0.0,0.0,0.0,0.0
2015,2,13,5,MQ,3632,N651MQ,CHS,MIA,1329,1335.0,6.0,37.0,1412.0,102.0,119.0,75.0,489,1527.0,7.0,1511,1534.0,23.0,0,0,,17.0,0.0,1.0,5.0,0.0,2015-02-13,0,1,23.0,1,73.91,0.0,4.35,21.74,0.0
2015,3,23,1,WN,4664,N289CT,SNA,OAK,1955,1950.0,-5.0,6.0,1956.0,80.0,79.0,63.0,371,2059.0,10.0,2115,2109.0,-6.0,0,0,,0.0,0.0,0.0,0.0,0.0,2015-03-23,0,0,0.0,0,0.0,0.0,0.0,0.0,0.0
2015,2,16,1,MQ,2922,N695MQ,DFW,CMI,1725,1803.0,38.0,15.0,1818.0,113.0,101.0,80.0,693,1938.0,6.0,1918,1944.0,26.0,0,0,,0.0,0.0,0.0,26.0,0.0,2015-02-16,1,1,26.0,1,0.0,0.0,0.0,100.0,0.0
2015,3,12,4,EV,3809,N16976,IAH,LEX,1027,1027.0,0.0,17.0,1044.0,129.0,123.0,101.0,828,1325.0,5.0,1336,1330.0,-6.0,0,0,,0.0,0.0,0.0,0.0,0.0,2015-03-12,0,0,0.0,0,0.0,0.0,0.0,0.0,0.0
2015,3,2,1,EV,2544,N908EV,DFW,FSD,2010,2053.0,43.0,16.0,2109.0,127.0,115.0,96.0,737,2245.0,3.0,2217,2248.0,31.0,0,0,,0.0,0.0,0.0,31.0,0.0,2015-03-02,1,1,31.0,1,0.0,0.0,0.0,100.0,0.0
2015,3,11,3,UA,206,N438UA,ORD,EWR,1859,1858.0,-1.0,22.0,1920.0,131.0,119.0,90.0,719,2150.0,7.0,2210,2157.0,-13.0,0,0,,0.0,0.0,0.0,0.0,0.0,2015-03-11,0,0,0.0,0,0.0,0.0,0.0,0.0,0.0
2015,3,16,1,DL,2267,N6703D,ATL,SAN,1105,1102.0,-3.0,24.0,1126.0,290.0,259.0,232.0,1892,1218.0,3.0,1255,1221.0,-34.0,0,0,,0.0,0.0,0.0,0.0,0.0,2015-03-16,0,0,0.0,0,0.0,0.0,0.0,0.0,0.0
2015,2,17,2,UA,1074,N39297,IAD,DEN,1235,1252.0,17.0,33.0,1325.0,242.0,250.0,206.0,1452,1451.0,11.0,1437,1502.0,25.0,0,0,,8.0,0.0,17.0,0.0,0.0,2015-02-17,1,1,25.0,1,32.0,0.0,68.0,0.0,0.0
2015,3,7,6,DL,829,N939DN,MSP,DTW,845,844.0,-1.0,14.0,858.0,99.0,95.0,74.0,528,1112.0,7.0,1124,1119.0,-5.0,0,0,,0.0,0.0,0.0,0.0,0.0,2015-03-07,0,0,0.0,0,0.0,0.0,0.0,0.0,0.0
2015,3,4,3,US,1763,N913US,SYR,CLT,810,809.0,-1.0,26.0,835.0,146.0,175.0,141.0,603,1056.0,8.0,1036,1104.0,28.0,0,0,,28.0,0.0,0.0,0.0,0.0,2015-03-04,0,1,28.0,1,100.0,0.0,0.0,0.0,0.0
2015,3,11,3,F9,1329,N214FR,TPA,ORD,2105,2107.0,2.0,11.0,2118.0,170.0,163.0,133.0,1012,2231.0,19.0,2255,2250.0,-5.0,0,0,,0.0,0.0,0.0,0.0,0.0,2015-03-11,0,0,0.0,0,0.0,0.0,0.0,0.0,0.0
2015,3,11,3,US,1788,N569UW,BOS,CLT,1910,1910.0,0.0,31.0,1941.0,148.0,163.0,127.0,728,2148.0,5.0,2138,2153.0,15.0,0,0,,15.0,0.0,0.0,0.0,0.0,2015-03-11,0,0,15.0,0,100.0,0.0,0.0,0.0,0.0
2015,3,3,2,DL,2025,N970DL,ATL,BWI,844,843.0,-1.0,16.0,859.0,108.0,100.0,77.0,577,1016.0,7.0,1032,1023.0,-9.0,0,0,,0.0,0.0,0.0,0.0,0.0,2015-03-03,0,0,0.0,0,0.0,0.0,0.0,0.0,0.0
2015,2,24,2,HA,166,N485HA,HNL,OGG,1400,1352.0,-8.0,12.0,1404.0,39.0,46.0,22.0,100,1426.0,12.0,1439,1438.0,-1.0,0,0,,0.0,0.0,0.0,0.0,0.0,2015-02-24,0,0,0.0,0,0.0,0.0,0.0,0.0,0.0
2015,2,18,3,EV,4672,N17185,MCI,EWR,1412,1414.0,2.0,12.0,1426.0,168.0,160.0,142.0,1092,1748.0,6.0,1800,1754.0,-6.0,0,0,,0.0,0.0,0.0,0.0,0.0,2015-02-18,0,0,0.0,0,0.0,0.0,0.0,0.0,0.0
2015,2,17,2,DL,1311,N359NB,SRQ,LGA,1500,1648.0,108.0,11.0,1659.0,163.0,145.0,128.0,1047,1907.0,6.0,1743,1913.0,90.0,0,0,,28.0,0.0,4.0,58.0,0.0,2015-02-17,1,1,90.0,1,31.11,0.0,4.44,64.44,0.0
2015,3,18,3,AA,971,N009AA,DFW,ELP,1147,1211.0,24.0,15.0,1226.0,105.0,96.0,78.0,551,1244.0,3.0,1232,1247.0,15.0,0,0,,0.0,0.0,15.0,0.0,0.0,2015-03-18,1,0,15.0,0,0.0,0.0,100.0,0.0,0.0
2015,3,24,2,MQ,3337,N827MQ,LEX,DFW,1235,1225.0,-10.0,12.0,1237.0,160.0,147.0,128.0,785,1345.0,7.0,1415,1352.0,-23.0,0,0,,0.0,0.0,0.0,0.0,0.0,2015-03-24,0,0,0.0,0,0.0,0.0,0.0,0.0,0.0
2015,3,11,3,EV,2571,N879AS,MEI,PIB,2102,2047.0,-15.0,14.0,2101.0,33.0,38.0,21.0,69,2122.0,3.0,2135,2125.0,-10.0,0,0,,0.0,0.0,0.0,0.0,0.0,2015-03-11,0,0,0.0,0,0.0,0.0,0.0,0.0,0.0
2015,2,26,4,OO,6301,N707SK,SNA,SFO,1245,1241.0,-4.0,9.0,1250.0,90.0,81.0,68.0,372,1358.0,4.0,1415,1402.0,-13.0,0,0,,0.0,0.0,0.0,0.0,0.0,2015-02-26,0,0,0.0,0,0.0,0.0,0.0,0.0,0.0
2015,3,1,7,DL,1852,N933DN,ATL,PBI,1221,1243.0,22.0,13.0,1256.0,110.0,95.0,77.0,545,1413.0,5.0,1411,1418.0,7.0,0,0,,0.0,0.0,0.0,0.0,0.0,2015-03-01,1,0,0.0,0,0.0,0.0,0.0,0.0,0.0
2015,2,20,5,EV,6045,N14950,ORD,TUL,800,751.0,-9.0,13.0,804.0,123.0,106.0,89.0,585,933.0,4.0,1003,937.0,-26.0,0,0,,0.0,0.0,0.0,0.0,0.0,2015-02-20,0,0,0.0,0,0.0,0.0,0.0,0.0,0.0
2015,2,21,6,HA,111,N484HA,ITO,OGG,810,805.0,-5.0,7.0,812.0,38.0,39.0,27.0,121,839.0,5.0,848,844.0,-4.0,0,0,,0.0,0.0,0.0,0.0,0.0,2015-02-21,0,0,0.0,0,0.0,0.0,0.0,0.0,0.0
2015,2,20,5,DL,2166,N925AT,ORD,DTW,1200,1155.0,-5.0,55.0,1250.0,75.0,111.0,49.0,235,1439.0,7.0,1415,1446.0,31.0,0,0,,31.0,0.0,0.0,0.0,0.0,2015-02-20,0,1,31.0,1,100.0,0.0,0.0,0.0,0.0
2015,3,2,1,DL,322,N6700,SJU,ATL,1343,1342.0,-1.0,12.0,1354.0,246.0,241.0,218.0,1547,1632.0,11.0,1649,1643.0,-6.0,0,0,,0.0,0.0,0.0,0.0,0.0,2015-03-02,0,0,0.0,0,0.0,0.0,0.0,0.0,0.0
2015,3,12,4,DL,1224,N906DE,ATL,BHM,1130,1130.0,0.0,10.0,1140.0,49.0,44.0,30.0,134,1110.0,4.0,1119,1114.0,-5.0,0,0,,0.0,0.0,0.0,0.0,0.0,2015-03-12,0,0,0.0,0,0.0,0.0,0.0,0.0,0.0
2015,2,17,2,B6,2008,N559JB,FLL,PIT,1800,1802.0,2.0,24.0,1826.0,158.0,154.0,123.0,994,2029.0,7.0,2038,2036.0,-2.0,0,0,,0.0,0.0,0.0,0.0,0.0,2015-02-17,0,0,0.0,0,0.0,0.0,0.0,0.0,0.0
2015,3,21,6,WN,3066,N929WN,SLC,DEN,1420,1416.0,-4.0,7.0,1423.0,80.0,70.0,56.0,391,1519.0,7.0,1540,1526.0,-14.0,0,0,,0.0,0.0,0.0,0.0,0.0,2015-03-21,0,0,0.0,0,0.0,0.0,0.0,0.0,0.0
2015,2,13,5,EV,5060,N753EV,SAV,LGA,1749,1844.0,55.0,27.0,1911.0,131.0,156.0,90.0,722,2041.0,39.0,2000,2120.0,80.0,0,0,,25.0,0.0,11.0,44.0,0.0,2015-02-13,1,1,80.0,1,31.25,0.0,13.75,55.0,0.0
2015,2,16,1,OO,6521,N780SK,DEN,SAN,757,852.0,55.0,35.0,927.0,148.0,151.0,112.0,853,1019.0,4.0,925,1023.0,58.0,0,0,,3.0,0.0,20.0,35.0,0.0,2015-02-16,1,1,58.0,1,5.17,0.0,34.48,60.34,0.0
2015,3,25,3,EV,4168,N13994,IAH,LIT,720,715.0,-5.0,13.0,728.0,82.0,72.0,55.0,374,823.0,4.0,842,827.0,-15.0,0,0,,0.0,0.0,0.0,0.0,0.0,2015-03-25,0,0,0.0,0,0.0,0.0,0.0,0.0,0.0
2015,3,24,2,EV,5344,N900EV,TRI,ATL,620,620.0,0.0,11.0,631.0,66.0,58.0,41.0,227,712.0,6.0,726,718.0,-8.0,0,0,,0.0,0.0,0.0,0.0,0.0,2015-03-24,0,0,0.0,0,0.0,0.0,0.0,0.0,0.0
2015,3,8,7,AA,1304,N473AA,DAY,DFW,1734,1725.0,-9.0,16.0,1741.0,166.0,161.0,140.0,861,1901.0,5.0,1920,1906.0,-14.0,0,0,,0.0,0.0,0.0,0.0,0.0,2015-03-08,0,0,0.0,0,0.0,0.0,0.0,0.0,0.0
2015,3,5,4,UA,447,N484UA,DEN,LAX,755,753.0,-2.0,10.0,803.0,157.0,149.0,110.0,862,853.0,29.0,932,922.0,-10.0,0,0,,0.0,0.0,0.0,0.0,0.0,2015-03-05,0,0,0.0,0,0.0,0.0,0.0,0.0,0.0
2015,2,24,2,AS,722,N767AS,SLC,LAX,700,655.0,-5.0,19.0,714.0,125.0,106.0,82.0,590,736.0,5.0,805,741.0,-24.0,0,0,,0.0,0.0,0.0,0.0,0.0,2015-02-24,0,0,0.0,0,0.0,0.0,0.0,0.0,0.0
2015,3,15,7,DL,2613,N953AT,EVV,ATL,600,556.0,-4.0,13.0,609.0,89.0,83.0,54.0,350,803.0,16.0,829,819.0,-10.0,0,0,,0.0,0.0,0.0,0.0,0.0,2015-03-15,0,0,0.0,0,0.0,0.0,0.0,0.0,0.0
2015,2,19,4,UA,380,N805UA,EWR,LAX,1430,1438.0,8.0,29.0,1507.0,376.0,389.0,352.0,2454,1759.0,8.0,1746,1807.0,21.0,0,0,,13.0,0.0,0.0,0.0,8.0,2015-02-19,0,1,21.0,1,61.9,0.0,0.0,0.0,38.1
2015,3,4,3,MQ,3374,N843MQ,JFK,RDU,1955,1952.0,-3.0,14.0,2006.0,106.0,98.0,80.0,427,2126.0,4.0,2141,2130.0,-11.0,0,0,,0.0,0.0,0.0,0.0,0.0,2015-03-04,0,0,0.0,0,0.0,0.0,0.0,0.0,0.0
2015,3,13,5,WN,2411,N648SW,ATL,JAX,1030,1036.0,6.0,15.0,1051.0,75.0,64.0,45.0,270,1136.0,4.0,1145,1140.0,-5.0,0,0,,0.0,0.0,0.0,0.0,0.0,2015-03-13,0,0,0.0,0,0.0,0.0,0.0,0.0,0.0
2015,2,21,6,EV,5883,N33182,ALB,ORD,1530,1615.0,45.0,33.0,1648.0,162.0,172.0,128.0,723,1756.0,11.0,1712,1807.0,55.0,0,0,,10.0,0.0,12.0,33.0,0.0,2015-02-21,1,1,55.0,1,18.18,0.0,21.82,60.0,0.0
2015,3,17,2,AS,51,N765AS,ANC,BRW,1740,1732.0,-8.0,7.0,1739.0,114.0,109.0,98.0,725,1917.0,4.0,1934,1921.0,-13.0,0,0,,0.0,0.0,0.0,0.0,0.0,2015-03-17,0,0,0.0,0,0.0,0.0,0.0,0.0,0.0
2015,3,2,1,WN,270,N425LV,MSY,BNA,800,814.0,14.0,10.0,824.0,85.0,82.0,68.0,471,932.0,4.0,925,936.0,11.0,0,0,,0.0,0.0,0.0,0.0,0.0,2015-03-02,0,0,0.0,0,0.0,0.0,0.0,0.0,0.0
2015,2,20,5,B6,121,N621JB,BOS,PBI,1715,1735.0,20.0,19.0,1754.0,204.0,184.0,162.0,1197,2036.0,3.0,2039,2039.0,0.0,0,0,,0.0,0.0,0.0,0.0,0.0,2015-02-20,1,0,0.0,0,0.0,0.0,0.0,0.0,0.0
2015,2,16,1,WN,4024,N8328A,MSY,MCO,1155,1215.0,20.0,7.0,1222.0,95.0,85.0,70.0,551,1432.0,8.0,1430,1440.0,10.0,0,0,,0.0,0.0,0.0,0.0,0.0,2015-02-16,1,0,0.0,0,0.0,0.0,0.0,0.0,0.0
2015,3,19,4,OO,7393,N779CA,SLC,SGU,946,943.0,-3.0,18.0,1001.0,62.0,62.0,40.0,272,1041.0,4.0,1048,1045.0,-3.0,0,0,,0.0,0.0,0.0,0.0,0.0,2015-03-19,0,0,0.0,0,0.0,0.0,0.0,0.0,0.0
2015,3,18,3,AS,677,N548AS,DEN,SEA,1300,1254.0,-6.0,13.0,1307.0,173.0,163.0,144.0,1024,1431.0,6.0,1453,1437.0,-16.0,0,0,,0.0,0.0,0.0,0.0,0.0,2015-03-18,0,0,0.0,0,0.0,0.0,0.0,0.0,0.0
2015,2,24,2,OO,2621,N417SW,LAX,FAT,1429,1428.0,-1.0,10.0,1438.0,58.0,54.0,39.0,209,1517.0,5.0,1527,1522.0,-5.0,0,0,,0.0,0.0,0.0,0.0,0.0,2015-02-24,0,0,0.0,0,0.0,0.0,0.0,0.0,0.0
2015,3,23,1,EV,4584,N17169,ELP,IAH,1728,1718.0,-10.0,8.0,1726.0,117.0,109.0,93.0,667,1959.0,8.0,2025,2007.0,-18.0,0,0,,0.0,0.0,0.0,0.0,0.0,2015-03-23,0,0,0.0,0,0.0,0.0,0.0,0.0,0.0
2015,3,23,1,WN,349,N747SA,PHX,SFO,2225,2249.0,24.0,6.0,2255.0,120.0,108.0,97.0,651,32.0,5.0,25,37.0,12.0,0,0,,0.0,0.0,0.0,0.0,0.0,2015-03-23,1,0,0.0,0,0.0,0.0,0.0,0.0,0.0
2015,2,17,2,AA,1167,N471AA,AUS,LAX,1955,1949.0,-6.0,10.0,1959.0,208.0,194.0,174.0,1242,2053.0,10.0,2123,2103.0,-20.0,0,0,,0.0,0.0,0.0,0.0,0.0,2015-02-17,0,0,0.0,0,0.0,0.0,0.0,0.0,0.0
2015,2,17,2,HA,173,N481HA,HNL,LIH,1351,1348.0,-3.0,17.0,1405.0,39.0,45.0,24.0,102,1429.0,4.0,1430,1433.0,3.0,0,0,,0.0,0.0,0.0,0.0,0.0,2015-02-17,0,0,0.0,0,0.0,0.0,0.0,0.0,0.0
2015,2,18,3,WN,3394,N368SW,SMF,SEA,1920,1920.0,0.0,9.0,1929.0,115.0,102.0,89.0,605,2058.0,4.0,2115,2102.0,-13.0,0,0,,0.0,0.0,0.0,0.0,0.0,2015-02-18,0,0,0.0,0,0.0,0.0,0.0,0.0,0.0
2015,3,2,1,WN,4525,N7714B,OAK,SNA,1205,1307.0,62.0,8.0,1315.0,80.0,76.0,64.0,371,1419.0,4.0,1325,1423.0,58.0,0,0,,0.0,0.0,0.0,58.0,0.0,2015-03-02,1,1,58.0,1,0.0,0.0,0.0,100.0,0.0
2015,3,22,7,DL,2476,N910DE,ATL,MSY,1855,1854.0,-1.0,17.0,1911.0,97.0,98.0,76.0,425,1927.0,5.0,1932,1932.0,0.0,0,0,,0.0,0.0,0.0,0.0,0.0,2015-03-22,0,0,0.0,0,0.0,0.0,0.0,0.0,0.0
2015,2,26,4,WN,1785,N466WN,HOU,EWR,1045,1055.0,10.0,11.0,1106.0,195.0,179.0,159.0,1411,1445.0,9.0,1500,1454.0,-6.0,0,0,,0.0,0.0,0.0,0.0,0.0,2015-02-26,0,0,0.0,0,0.0,0.0,0.0,0.0,0.0
2015,3,5,4,B6,1883,N715JB,JFK,MCO,1433,1544.0,71.0,121.0,1745.0,182.0,278.0,153.0,944,2018.0,4.0,1735,2022.0,167.0,0,0,,96.0,0.0,0.0,43.0,28.0,2015-03-05,1,1,167.0,1,57.49,0.0,0.0,25.75,16.77
2015,3,1,7,UA,272,N516UA,ORD,BOS,1310,1314.0,4.0,15.0,1329.0,137.0,116.0,91.0,867,1600.0,10.0,1627,1610.0,-17.0,0,0,,0.0,0.0,0.0,0.0,0.0,2015-03-01,0,0,0.0,0,0.0,0.0,0.0,0.0,0.0
2015,3,16,1,WN,1719,N8603F,DEN,MSP,1020,1016.0,-4.0,10.0,1026.0,120.0,101.0,86.0,680,1252.0,5.0,1320,1257.0,-23.0,0,0,,0.0,0.0,0.0,0.0,0.0,2015-03-16,0,0,0.0,0,0.0,0.0,0.0,0.0,0.0
2015,2,18,3,WN,1123,N636WN,BWI,MCO,1805,1825.0,20.0,10.0,1835.0,145.0,151.0,136.0,787,2051.0,5.0,2030,2056.0,26.0,0,0,,6.0,0.0,16.0,4.0,0.0,2015-02-18,1,1,26.0,1,23.08,0.0,61.54,15.38,0.0
2015,2,27,5,US,851,N557UW,PHL,DEN,1825,1835.0,10.0,24.0,1859.0,267.0,259.0,226.0,1558,2045.0,9.0,2052,2054.0,2.0,0,0,,0.0,0.0,0.0,0.0,0.0,2015-02-27,0,0,0.0,0,0.0,0.0,0.0,0.0,0.0
2015,3,5,4,US,574,N586UW,PHX,TPA,1605,1610.0,5.0,18.0,1628.0,221.0,214.0,191.0,1788,2139.0,5.0,2146,2144.0,-2.0,0,0,,0.0,0.0,0.0,0.0,0.0,2015-03-05,0,0,0.0,0,0.0,0.0,0.0,0.0,0.0
2015,3,9,1,US,2050,N586UW,CLT,LGA,1615,1615.0,0.0,29.0,1644.0,105.0,114.0,76.0,544,1800.0,9.0,1800,1809.0,9.0,0,0,,0.0,0.0,0.0,0.0,0.0,2015-03-09,0,0,0.0,0,0.0,0.0,0.0,0.0,0.0
2015,3,14,6,AA,2357,N3EJAA,DFW,SAN,900,859.0,-1.0,23.0,922.0,189.0,171.0,145.0,1171,947.0,3.0,1009,950.0,-19.0,0,0,,0.0,0.0,0.0,0.0,0.0,2015-03-14,0,0,0.0,0,0.0,0.0,0.0,0.0,0.0
2015,3,25,3,US,2030,N949UW,JAX,PHL,1050,1041.0,-9.0,11.0,1052.0,120.0,114.0,101.0,742,1233.0,2.0,1250,1235.0,-15.0,0,0,,0.0,0.0,0.0,0.0,0.0,2015-03-25,0,0,0.0,0,0.0,0.0,0.0,0.0,0.0
2015,3,8,7,OO,3464,N223AG,PDX,ONT,2030,2027.0,-3.0,12.0,2039.0,132.0,118.0,103.0,838,2222.0,3.0,2242,2225.0,-17.0,0,0,,0.0,0.0,0.0,0.0,0.0,2015-03-08,0,0,0.0,0,0.0,0.0,0.0,0.0,0.0
2015,2,14,6,EV,5305,N860AS,ORF,DTW,1655,1653.0,-2.0,20.0,1713.0,122.0,138.0,108.0,529,1901.0,10.0,1857,1911.0,14.0,0,0,,0.0,0.0,0.0,0.0,0.0,2015-02-14,0,0,0.0,0,0.0,0.0,0.0,0.0,0.0
2015,2,19,4,DL,105,N355NW,BOS,ATL,1445,1533.0,48.0,24.0,1557.0,185.0,160.0,132.0,946,1809.0,4.0,1750,1813.0,23.0,0,0,,0.0,0.0,12.0,11.0,0.0,2015-02-19,1,1,23.0,1,0.0,0.0,52.17,47.83,0.0
2015,3,6,5,UA,430,N807UA,ALB,ORD,1700,1716.0,16.0,13.0,1729.0,144.0,131.0,110.0,723,1819.0,8.0,1824,1827.0,3.0,0,0,,0.0,0.0,0.0,0.0,0.0,2015-03-06,1,0,0.0,0,0.0,0.0,0.0,0.0,0.0
2015,2,20,5,US,1753,N741UW,SAT,CLT,700,657.0,-3.0,19.0,716.0,160.0,158.0,131.0,1095,1027.0,8.0,1040,1035.0,-5.0,0,0,,0.0,0.0,0.0,0.0,0.0,2015-02-20,0,0,0.0,0,0.0,0.0,0.0,0.0,0.0
2015,3,2,1,VX,340,N854VA,SFO,FLL,820,836.0,16.0,21.0,857.0,315.0,309.0,285.0,2583,1642.0,3.0,1635,1645.0,10.0,0,0,,0.0,0.0,0.0,0.0,0.0,2015-03-02,1,0,0.0,0,0.0,0.0,0.0,0.0,0.0
2015,3,25,3,OO,5645,N764SK,DEN,ELP,1023,1021.0,-2.0,83.0,1144.0,106.0,170.0,82.0,563,1306.0,5.0,1209,1311.0,62.0,0,0,,62.0,0.0,0.0,0.0,0.0,2015-03-25,0,1,62.0,1,100.0,0.0,0.0,0.0,0.0
2015,2,16,1,WN,159,N7723E,LAS,PHX,835,833.0,-2.0,12.0,845.0,65.0,62.0,46.0,255,1031.0,4.0,1040,1035.0,-5.0,0,0,,0.0,0.0,0.0,0.0,0.0,2015-02-16,0,0,0.0,0,0.0,0.0,0.0,0.0,0.0
2015,2,19,4,OO,5641,N702SK,DEN,COS,1950,1943.0,-7.0,15.0,1958.0,36.0,36.0,17.0,73,2015.0,4.0,2026,2019.0,-7.0,0,0,,0.0,0.0,0.0,0.0,0.0,2015-02-19,0,0,0.0,0,0.0,0.0,0.0,0.0,0.0
2015,2,23,1,WN,981,N493WN,LAX,TUS,2130,2133.0,3.0,6.0,2139.0,75.0,64.0,53.0,451,2332.0,5.0,2345,2337.0,-8.0,0,0,,0.0,0.0,0.0,0.0,0.0,2015-02-23,0,0,0.0,0,0.0,0.0,0.0,0.0,0.0
2015,3,11,3,WN,4572,N490WN,BWI,SDF,2035,2035.0,0.0,11.0,2046.0,105.0,99.0,84.0,495,2210.0,4.0,2220,2214.0,-6.0,0,0,,0.0,0.0,0.0,0.0,0.0,2015-03-11,0,0,0.0,0,0.0,0.0,0.0,0.0,0.0
2015,3,18,3,DL,1475,N914DL,ATL,SAV,1640,1633.0,-7.0,22.0,1655.0,65.0,60.0,34.0,214,1729.0,4.0,1745,1733.0,-12.0,0,0,,0.0,0.0,0.0,0.0,0.0,2015-03-18,0,0,0.0,0,0.0,0.0,0.0,0.0,0.0
2015,2,25,3,WN,152,N209WN,DAL,AMA,1125,1143.0,18.0,14.0,1157.0,70.0,67.0,49.0,323,1246.0,4.0,1235,1250.0,15.0,0,0,,0.0,0.0,15.0,0.0,0.0,2015-02-25,1,0,15.0,0,0.0,0.0,100.0,0.0,0.0
2015,2,22,7,US,448,N537UW,SLC,CLT,30,49.0,19.0,33.0,122.0,225.0,228.0,189.0,1727,631.0,6.0,615,637.0,22.0,0,0,,3.0,0.0,19.0,0.0,0.0,2015-02-22,1,1,22.0,1,13.64,0.0,86.36,0.0,0.0
2015,3,6,5,B6,1052,N536JB,SJU,TPA,1316,1438.0,82.0,11.0,1449.0,194.0,174.0,157.0,1237,1626.0,6.0,1530,1632.0,62.0,0,0,,0.0,0.0,6.0,56.0,0.0,2015-03-06,1,1,62.0,1,0.0,0.0,9.68,90.32,0.0
2015,2,24,2,WN,4879,N7701B,FLL,LAS,600,623.0,23.0,9.0,632.0,350.0,330.0,316.0,2173,848.0,5.0,850,853.0,3.0,0,0,,0.0,0.0,0.0,0.0,0.0,2015-02-24,1,0,0.0,0,0.0,0.0,0.0,0.0,0.0
2015,2,24,2,UA,695,N841UA,LGA,ORD,2000,1956.0,-4.0,10.0,2006.0,169.0,134.0,121.0,733,2107.0,3.0,2149,2110.0,-39.0,0,0,,0.0,0.0,0.0,0.0,0.0,2015-02-24,0,0,0.0,0,0.0,0.0,0.0,0.0,0.0
2015,3,11,3,WN,757,N469WN,RNO,PHX,1630,1625.0,-5.0,8.0,1633.0,100.0,92.0,80.0,601,1753.0,4.0,1810,1757.0,-13.0,0,0,,0.0,0.0,0.0,0.0,0.0,2015-03-11,0,0,0.0,0,0.0,0.0,0.0,0.0,0.0
2015,2,21,6,EV,5571,N709EV,RIC,BOS,715,714.0,-1.0,21.0,735.0,104.0,98.0,70.0,474,845.0,7.0,859,852.0,-7.0,0,0,,0.0,0.0,0.0,0.0,0.0,2015-02-21,0,0,0.0,0,0.0,0.0,0.0,0.0,0.0
2015,3,21,6,UA,1147,N37298,FLL,IAH,1824,1843.0,19.0,12.0,1855.0,178.0,166.0,147.0,965,2022.0,7.0,2022,2029.0,7.0,0,0,,0.0,0.0,0.0,0.0,0.0,2015-03-21,1,0,0.0,0,0.0,0.0,0.0,0.0,0.0
2015,2,17,2,EV,5280,N754EV,LGA,CLE,1508,1739.0,151.0,33.0,1812.0,117.0,114.0,75.0,419,1927.0,6.0,1705,1933.0,148.0,0,0,,0.0,0.0,0.0,148.0,0.0,2015-02-17,1,1,148.0,1,0.0,0.0,0.0,100.0,0.0
2015,3,20,5,EV,5997,N13132,ISN,DEN,1747,1742.0,-5.0,20.0,1802.0,118.0,121.0,89.0,576,1831.0,12.0,1845,1843.0,-2.0,0,0,,0.0,0.0,0.0,0.0,0.0,2015-03-20,0,0,0.0,0,0.0,0.0,0.0,0.0,0.0
2015,2,13,5,AA,259,N3CYAA,SFO,DFW,1320,1318.0,-2.0,19.0,1337.0,205.0,204.0,172.0,1464,1829.0,13.0,1845,1842.0,-3.0,0,0,,0.0,0.0,0.0,0.0,0.0,2015-02-13,0,0,0.0,0,0.0,0.0,0.0,0.0,0.0
2015,3,16,1,B6,49,N228JB,BOS,SAV,835,832.0,-3.0,27.0,859.0,161.0,146.0,107.0,901,1046.0,12.0,1116,1058.0,-18.0,0,0,,0.0,0.0,0.0,0.0,0.0,2015-03-16,0,0,0.0,0,0.0,0.0,0.0,0.0,0.0
2015,3,7,6,DL,1767,N968DL,LGA,ATL,1000,1123.0,83.0,17.0,1140.0,167.0,133.0,112.0,762,1332.0,4.0,1247,1336.0,49.0,0,0,,0.0,0.0,49.0,0.0,0.0,2015-03-07,1,1,49.0,1,0.0,0.0,100.0,0.0,0.0
2015,3,7,6,AS,400,N618AS,PDX,SFO,1300,1250.0,-10.0,9.0,1259.0,106.0,98.0,83.0,550,1422.0,6.0,1446,1428.0,-18.0,0,0,,0.0,0.0,0.0,0.0,0.0,2015-03-07,0,0,0.0,0,0.0,0.0,0.0,0.0,0.0
2015,3,13,5,OO,7423,N432SW,BRD,MSP,528,526.0,-2.0,16.0,542.0,47.0,51.0,28.0,114,610.0,7.0,615,617.0,2.0,0,0,,0.0,0.0,0.0,0.0,0.0,2015-03-13,0,0,0.0,0,0.0,0.0,0.0,0.0,0.0
2015,3,9,1,DL,1933,N396DA,CVG,LAX,930,928.0,-2.0,15.0,943.0,305.0,283.0,254.0,1900,1057.0,14.0,1135,1111.0,-24.0,0,0,,0.0,0.0,0.0,0.0,0.0,2015-03-09,0,0,0.0,0,0.0,0.0,0.0,0.0,0.0
2015,3,9,1,DL,2479,N995AT,ATL,MDT,2051,2133.0,42.0,8.0,2141.0,113.0,95.0,82.0,620,2303.0,5.0,2244,2308.0,24.0,0,0,,0.0,0.0,24.0,0.0,0.0,2015-03-09,1,1,24.0,1,0.0,0.0,100.0,0.0,0.0
2015,3,25,3,EV,4714,N11544,EWR,PIT,1014,1008.0,-6.0,11.0,1019.0,90.0,78.0,62.0,319,1121.0,5.0,1144,1126.0,-18.0,0,0,,0.0,0.0,0.0,0.0,0.0,2015-03-25,0,0,0.0,0,0.0,0.0,0.0,0.0,0.0
2015,2,20,5,AA,1563,N4XHAA,TUL,DFW,1510,1502.0,-8.0,15.0,1517.0,70.0,65.0,45.0,237,1602.0,5.0,1620,1607.0,-13.0,0,0,,0.0,0.0,0.0,0.0,0.0,2015-02-20,0,0,0.0,0,0.0,0.0,0.0,0.0,0.0
2015,3,24,2,UA,1172,N68805,SFO,LAS,2005,1959.0,-6.0,17.0,2016.0,92.0,88.0,60.0,414,2116.0,11.0,2137,2127.0,-10.0,0,0,,0.0,0.0,0.0,0.0,0.0,2015-03-24,0,0,0.0,0,0.0,0.0,0.0,0.0,0.0
2015,3,18,3,DL,1872,N951DN,TPA,ATL,620,618.0,-2.0,9.0,627.0,89.0,82.0,66.0,406,733.0,7.0,749,740.0,-9.0,0,0,,0.0,0.0,0.0,0.0,0.0,2015-03-18,0,0,0.0,0,0.0,0.0,0.0,0.0,0.0
2015,2,25,3,DL,2031,N367NW,MDW,ATL,705,702.0,-3.0,18.0,720.0,119.0,108.0,85.0,591,945.0,5.0,1004,950.0,-14.0,0,0,,0.0,0.0,0.0,0.0,0.0,2015-02-25,0,0,0.0,0,0.0,0.0,0.0,0.0,0.0
2015,2,17,2,WN,562,N905WN,MDW,MCO,1545,1610.0,25.0,7.0,1617.0,155.0,151.0,132.0,990,1929.0,12.0,1920,1941.0,21.0,0,0,,0.0,0.0,15.0,6.0,0.0,2015-02-17,1,1,21.0,1,0.0,0.0,71.43,28.57,0.0
2015,2,23,1,DL,2511,N892AT,GPT,ATL,1719,1746.0,27.0,18.0,1804.0,85.0,76.0,51.0,352,1955.0,7.0,1944,2002.0,18.0,0,0,,0.0,0.0,0.0,18.0,0.0,2015-02-23,1,1,18.0,1,0.0,0.0,0.0,100.0,0.0
2015,3,18,3,AA,233,N3CVAA,BWI,MIA,600,557.0,-3.0,12.0,609.0,167.0,157.0,140.0,946,829.0,5.0,847,834.0,-13.0,0,0,,0.0,0.0,0.0,0.0,0.0,2015-03-18,0,0,0.0,0,0.0,0.0,0.0,0.0,0.0
2015,3,24,2,DL,754,N986DL,MSY,ATL,1215,1209.0,-6.0,11.0,1220.0,89.0,76.0,58.0,425,1418.0,7.0,1444,1425.0,-19.0,0,0,,0.0,0.0,0.0,0.0,0.0,2015-03-24,0,0,0.0,0,0.0,0.0,0.0,0.0,0.0
2015,3,14,6,AA,1127,N3EVAA,ORD,DEN,950,945.0,-5.0,13.0,958.0,153.0,144.0,124.0,888,1102.0,7.0,1123,1109.0,-14.0,0,0,,0.0,0.0,0.0,0.0,0.0,2015-03-14,0,0,0.0,0,0.0,0.0,0.0,0.0,0.0
2015,2,16,1,DL,845,N543US,PBI,ATL,1225,1223.0,-2.0,19.0,1242.0,115.0,131.0,88.0,545,1410.0,24.0,1420,1434.0,14.0,0,0,,0.0,0.0,0.0,0.0,0.0,2015-02-16,0,0,0.0,0,0.0,0.0,0.0,0.0,0.0
2015,3,15,7,F9,1343,N947FR,TPA,CLE,1630,1657.0,27.0,13.0,1710.0,145.0,158.0,135.0,927,1925.0,10.0,1855,1935.0,40.0,0,0,,13.0,0.0,14.0,13.0,0.0,2015-03-15,1,1,40.0,1,32.5,0.0,35.0,32.5,0.0
2015,3,18,3,AS,489,N556AS,SAN,SEA,1005,959.0,-6.0,14.0,1013.0,170.0,169.0,147.0,1050,1240.0,8.0,1255,1248.0,-7.0,0,0,,0.0,0.0,0.0,0.0,0.0,2015-03-18,0,0,0.0,0,0.0,0.0,0.0,0.0,0.0
2015,3,20,5,DL,1502,N384DA,CVG,TPA,930,928.0,-2.0,13.0,941.0,125.0,120.0,103.0,773,1124.0,4.0,1135,1128.0,-7.0,0,0,,0.0,0.0,0.0,0.0,0.0,2015-03-20,0,0,0.0,0,0.0,0.0,0.0,0.0,0.0
2015,2,18,3,AA,155,N3LGAA,ORD,LAX,1415,1411.0,-4.0,13.0,1424.0,266.0,257.0,241.0,1744,1625.0,3.0,1641,1628.0,-13.0,0,0,,0.0,0.0,0.0,0.0,0.0,2015-02-18,0,0,0.0,0,0.0,0.0,0.0,0.0,0.0
2015,2,19,4,WN,246,N423WN,LAS,LIT,1545,1721.0,96.0,13.0,1734.0,170.0,152.0,136.0,1294,2150.0,3.0,2035,2153.0,78.0,0,0,,0.0,0.0,49.0,29.0,0.0,2015-02-19,1,1,78.0,1,0.0,0.0,62.82,37.18,0.0
2015,3,17,2,NK,350,N605NK,ACY,BOS,1835,1847.0,12.0,15.0,1902.0,70.0,87.0,63.0,274,2005.0,9.0,1945,2014.0,29.0,0,0,,17.0,0.0,0.0,0.0,12.0,2015-03-17,0,1,29.0,1,58.62,0.0,0.0,0.0,41.38
2015,3,12,4,AA,1534,N4XYAA,PDX,DFW,600,554.0,-6.0,20.0,614.0,223.0,231.0,199.0,1616,1133.0,12.0,1143,1145.0,2.0,0,0,,0.0,0.0,0.0,0.0,0.0,2015-03-12,0,0,0.0,0,0.0,0.0,0.0,0.0,0.0
2015,3,5,4,OO,5322,N979SW,ORD,FWA,1900,1902.0,2.0,23.0,1925.0,58.0,61.0,33.0,157,2058.0,5.0,2058,2103.0,5.0,0,0,,0.0,0.0,0.0,0.0,0.0,2015-03-05,0,0,0.0,0,0.0,0.0,0.0,0.0,0.0
2015,3,12,4,MQ,2988,N518MQ,AMA,DFW,1103,1056.0,-7.0,9.0,1105.0,72.0,66.0,52.0,312,1157.0,5.0,1215,1202.0,-13.0,0,0,,0.0,0.0,0.0,0.0,0.0,2015-03-12,0,0,0.0,0,0.0,0.0,0.0,0.0,0.0
2015,2,18,3,EV,4410,N14904,IAH,BNA,1535,1532.0,-3.0,16.0,1548.0,113.0,113.0,91.0,657,1719.0,6.0,1728,1725.0,-3.0,0,0,,0.0,0.0,0.0,0.0,0.0,2015-02-18,0,0,0.0,0,0.0,0.0,0.0,0.0,0.0
2015,3,24,2,DL,769,N945DN,ATL,MKE,2216,2215.0,-1.0,9.0,2224.0,130.0,104.0,89.0,669,2253.0,6.0,2326,2259.0,-27.0,0,0,,0.0,0.0,0.0,0.0,0.0,2015-03-24,0,0,0.0,0,0.0,0.0,0.0,0.0,0.0
2015,2,15,7,UA,1428,N26226,IAD,DEN,1235,1259.0,24.0,18.0,1317.0,242.0,252.0,227.0,1452,1504.0,7.0,1437,1511.0,34.0,0,0,,10.0,0.0,0.0,0.0,24.0,2015-02-15,1,1,34.0,1,29.41,0.0,0.0,0.0,70.59
2015,3,14,6,WN,1394,N916WN,BWI,GSP,2110,2120.0,10.0,9.0,2129.0,90.0,81.0,68.0,426,2237.0,4.0,2240,2241.0,1.0,0,0,,0.0,0.0,0.0,0.0,0.0,2015-03-14,0,0,0.0,0,0.0,0.0,0.0,0.0,0.0
2015,3,7,6,AA,2318,N3DAAA,LAX,MIA,2155,2150.0,-5.0,19.0,2209.0,286.0,305.0,269.0,2342,638.0,17.0,641,655.0,14.0,0,0,,0.0,0.0,0.0,0.0,0.0,2015-03-07,0,0,0.0,0,0.0,0.0,0.0,0.0,0.0
2015,3,16,1,EV,4199,N12564,CLE,LGA,1056,1049.0,-7.0,16.0,1105.0,96.0,92.0,70.0,419,1215.0,6.0,1232,1221.0,-11.0,0,0,,0.0,0.0,0.0,0.0,0.0,2015-03-16,0,0,0.0,0,0.0,0.0,0.0,0.0,0.0
2015,2,16,1,WN,1354,N959WN,DAL,TUL,900,913.0,13.0,8.0,921.0,60.0,69.0,51.0,237,1012.0,10.0,1000,1022.0,22.0,0,0,,9.0,0.0,0.0,2.0,11.0,2015-02-16,0,1,22.0,1,40.91,0.0,0.0,9.09,50.0
2015,3,3,2,AA,1299,N3GCAA,DCA,MIA,1250,1250.0,0.0,19.0,1309.0,163.0,147.0,122.0,919,1511.0,6.0,1533,1517.0,-16.0,0,0,,0.0,0.0,0.0,0.0,0.0,2015-03-03,0,0,0.0,0,0.0,0.0,0.0,0.0,0.0
2015,2,20,5,DL,2505,N995AT,ATL,ICT,850,859.0,9.0,11.0,910.0,144.0,136.0,121.0,782,1011.0,4.0,1014,1015.0,1.0,0,0,,0.0,0.0,0.0,0.0,0.0,2015-02-20,0,0,0.0,0,0.0,0.0,0.0,0.0,0.0
2015,3,18,3,UA,1670,N73860,IAH,SFO,1542,1608.0,26.0,15.0,1623.0,255.0,231.0,209.0,1635,1752.0,7.0,1757,1759.0,2.0,0,0,,0.0,0.0,0.0,0.0,0.0,2015-03-18,1,0,0.0,0,0.0,0.0,0.0,0.0,0.0
2015,2,21,6,DL,2635,N991AT,ATL,MYR,950,945.0,-5.0,13.0,958.0,71.0,63.0,46.0,317,1044.0,4.0,1101,1048.0,-13.0,0,0,,0.0,0.0,0.0,0.0,0.0,2015-02-21,0,0,0.0,0,0.0,0.0,0.0,0.0,0.0
2015,2,22,7,DL,1801,N956DN,BOS,ATL,1100,1101.0,1.0,22.0,1123.0,190.0,183.0,153.0,946,1356.0,8.0,1410,1404.0,-6.0,0,0,,0.0,0.0,0.0,0.0,0.0,2015-02-22,0,0,0.0,0,0.0,0.0,0.0,0.0,0.0
2015,3,1,7,UA,572,N401UA,IAH,TPA,1020,1026.0,6.0,23.0,1049.0,121.0,120.0,94.0,787,1323.0,3.0,1321,1326.0,5.0,0,0,,0.0,0.0,0.0,0.0,0.0,2015-03-01,0,0,0.0,0,0.0,0.0,0.0,0.0,0.0
2015,2,24,2,MQ,2947,N532MQ,LIT,DFW,932,1027.0,55.0,12.0,1039.0,79.0,101.0,56.0,304,1135.0,33.0,1051,1208.0,77.0,0,0,,22.0,0.0,4.0,51.0,0.0,2015-02-24,1,1,77.0,1,28.57,0.0,5.19,66.23,0.0
2015,3,3,2,OO,5541,N791SK,ASE,IAH,1453,1557.0,64.0,9.0,1606.0,147.0,155.0,129.0,913,1915.0,17.0,1820,1932.0,72.0,0,0,,8.0,0.0,24.0,40.0,0.0,2015-03-03,1,1,72.0,1,11.11,0.0,33.33,55.56,0.0
2015,3,10,2,WN,862,N770SA,BWI,PVD,1430,1427.0,-3.0,9.0,1436.0,70.0,62.0,48.0,327,1524.0,5.0,1540,1529.0,-11.0,0,0,,0.0,0.0,0.0,0.0,0.0,2015-03-10,0,0,0.0,0,0.0,0.0,0.0,0.0,0.0
2015,3,20,5,WN,793,N425LV,LAX,PHX,815,816.0,1.0,14.0,830.0,75.0,80.0,60.0,370,930.0,6.0,930,936.0,6.0,0,0,,0.0,0.0,0.0,0.0,0.0,2015-03-20,0,0,0.0,0,0.0,0.0,0.0,0.0,0.0
2015,3,1,7,DL,1414,N309US,LAX,SLC,1025,1028.0,3.0,21.0,1049.0,108.0,98.0,72.0,590,1301.0,5.0,1313,1306.0,-7.0,0,0,,0.0,0.0,0.0,0.0,0.0,2015-03-01,0,0,0.0,0,0.0,0.0,0.0,0.0,0.0
2015,2,18,3,WN,160,N613SW,SAT,DAL,1630,1707.0,37.0,11.0,1718.0,60.0,60.0,45.0,248,1803.0,4.0,1730,1807.0,37.0,0,0,,0.0,0.0,13.0,24.0,0.0,2015-02-18,1,1,37.0,1,0.0,0.0,35.14,64.86,0.0
2015,3,4,3,WN,925,N417WN,OAK,BUR,1835,1836.0,1.0,7.0,1843.0,65.0,62.0,53.0,325,1936.0,2.0,1940,1938.0,-2.0,0,0,,0.0,0.0,0.0,0.0,0.0,2015-03-04,0,0,0.0,0,0.0,0.0,0.0,0.0,0.0
2015,2,18,3,WN,115,N8644C,PHX,MDW,740,735.0,-5.0,13.0,748.0,195.0,198.0,179.0,1444,1147.0,6.0,1155,1153.0,-2.0,0,0,,0.0,0.0,0.0,0.0,0.0,2015-02-18,0,0,0.0,0,0.0,0.0,0.0,0.0,0.0
2015,3,21,6,AA,1056,N499AA,PSP,DFW,722,716.0,-6.0,16.0,732.0,168.0,176.0,151.0,1126,1203.0,9.0,1210,1212.0,2.0,0,0,,0.0,0.0,0.0,0.0,0.0,2015-03-21,0,0,0.0,0,0.0,0.0,0.0,0.0,0.0
2015,2,28,6,AS,89,N581AS,SEA,ANC,2300,2300.0,0.0,11.0,2311.0,227.0,235.0,218.0,1448,149.0,6.0,147,155.0,8.0,0,0,,0.0,0.0,0.0,0.0,0.0,2015-02-28,0,0,0.0,0,0.0,0.0,0.0,0.0,0.0
2015,2,27,5,VX,956,N629VA,SFO,SAN,1125,1302.0,97.0,28.0,1330.0,95.0,92.0,59.0,447,1429.0,5.0,1300,1434.0,94.0,0,0,,0.0,0.0,0.0,94.0,0.0,2015-02-27,1,1,94.0,1,0.0,0.0,0.0,100.0,0.0
2015,2,21,6,WN,3127,N616SW,PHX,LAX,1945,1945.0,0.0,25.0,2010.0,80.0,87.0,57.0,370,2007.0,5.0,2005,2012.0,7.0,0,0,,0.0,0.0,0.0,0.0,0.0,2015-02-21,0,0,0.0,0,0.0,0.0,0.0,0.0,0.0
2015,3,13,5,MQ,3090,N918MQ,DFW,LCH,1805,1802.0,-3.0,19.0,1821.0,72.0,71.0,49.0,295,1910.0,3.0,1917,1913.0,-4.0,0,0,,0.0,0.0,0.0,0.0,0.0,2015-03-13,0,0,0.0,0,0.0,0.0,0.0,0.0,0.0
2015,2,23,1,AA,1127,N3BHAA,ORD,DEN,950,946.0,-4.0,17.0,1003.0,153.0,183.0,141.0,888,1124.0,25.0,1123,1149.0,26.0,0,0,,26.0,0.0,0.0,0.0,0.0,2015-02-23,0,1,26.0,1,100.0,0.0,0.0,0.0,0.0
2015,3,8,7,AS,798,N587AS,SAN,BOS,845,838.0,-7.0,14.0,852.0,332.0,334.0,304.0,2588,1656.0,16.0,1717,1712.0,-5.0,0,0,,0.0,0.0,0.0,0.0,0.0,2015-03-08,0,0,0.0,0,0.0,0.0,0.0,0.0,0.0
2015,3,9,1,WN,2600,N523SW,MSY,DAL,2100,2053.0,-7.0,7.0,2100.0,90.0,79.0,68.0,436,2208.0,4.0,2230,2212.0,-18.0,0,0,,0.0,0.0,0.0,0.0,0.0,2015-03-09,0,0,0.0,0,0.0,0.0,0.0,0.0,0.0
2015,2,23,1,WN,560,N240WN,PHX,ABQ,815,815.0,0.0,13.0,828.0,65.0,58.0,40.0,328,908.0,5.0,920,913.0,-7.0,0,0,,0.0,0.0,0.0,0.0,0.0,2015-02-23,0,0,0.0,0,0.0,0.0,0.0,0.0,0.0
2015,3,17,2,WN,205,N372SW,PBI,ATL,855,850.0,-5.0,12.0,902.0,115.0,103.0,81.0,545,1023.0,10.0,1050,1033.0,-17.0,0,0,,0.0,0.0,0.0,0.0,0.0,2015-03-17,0,0,0.0,0,0.0,0.0,0.0,0.0,0.0
2015,3,5,4,B6,623,N943JB,JFK,LAX,2125,2203.0,38.0,63.0,2306.0,392.0,398.0,331.0,2475,137.0,4.0,57,141.0,44.0,0,0,,6.0,0.0,0.0,30.0,8.0,2015-03-05,1,1,44.0,1,13.64,0.0,0.0,68.18,18.18
2015,3,15,7,US,699,N744P,RDU,LAX,1645,1657.0,12.0,18.0,1715.0,357.0,339.0,294.0,2239,1909.0,27.0,1942,1936.0,-6.0,0,0,,0.0,0.0,0.0,0.0,0.0,2015-03-15,0,0,0.0,0,0.0,0.0,0.0,0.0,0.0
2015,3,11,3,MQ,2969,N942MQ,CVG,ORD,830,826.0,-4.0,14.0,840.0,99.0,102.0,54.0,265,834.0,34.0,909,908.0,-1.0,0,0,,0.0,0.0,0.0,0.0,0.0,2015-03-11,0,0,0.0,0,0.0,0.0,0.0,0.0,0.0
2015,3,9,1,DL,1217,N831DN,DTW,LAS,1755,1752.0,-3.0,9.0,1801.0,268.0,246.0,230.0,1749,1851.0,7.0,1923,1858.0,-25.0,0,0,,0.0,0.0,0.0,0.0,0.0,2015-03-09,0,0,0.0,0,0.0,0.0,0.0,0.0,0.0
2015,3,17,2,DL,2346,N325US,ATL,MDW,1904,1900.0,-4.0,14.0,1914.0,119.0,117.0,99.0,591,1953.0,4.0,2003,1957.0,-6.0,0,0,,0.0,0.0,0.0,0.0,0.0,2015-03-17,0,0,0.0,0,0.0,0.0,0.0,0.0,0.0
2015,3,18,3,DL,2294,N926AT,GSO,ATL,600,559.0,-1.0,11.0,610.0,82.0,71.0,51.0,306,701.0,9.0,722,710.0,-12.0,0,0,,0.0,0.0,0.0,0.0,0.0,2015-03-18,0,0,0.0,0,0.0,0.0,0.0,0.0,0.0
2015,2,25,3,AA,1368,N3EHAA,SFO,DFW,806,800.0,-6.0,20.0,820.0,204.0,217.0,180.0,1464,1320.0,17.0,1330,1337.0,7.0,0,0,,0.0,0.0,0.0,0.0,0.0,2015-02-25,0,0,0.0,0,0.0,0.0,0.0,0.0,0.0
2015,3,12,4,MQ,3288,N670MQ,SPS,DFW,606,604.0,-2.0,9.0,613.0,44.0,44.0,29.0,113,642.0,6.0,650,648.0,-2.0,0,0,,0.0,0.0,0.0,0.0,0.0,2015-03-12,0,0,0.0,0,0.0,0.0,0.0,0.0,0.0
2015,3,21,6,OO,4597,N604SK,JAC,LAX,1220,1221.0,1.0,19.0,1240.0,146.0,148.0,118.0,784,1338.0,11.0,1346,1349.0,3.0,0,0,,0.0,0.0,0.0,0.0,0.0,2015-03-21,0,0,0.0,0,0.0,0.0,0.0,0.0,0.0
2015,3,5,4,DL,2535,N971DL,XNA,ATL,600,927.0,207.0,36.0,1003.0,105.0,129.0,81.0,589,1224.0,12.0,845,1236.0,231.0,0,0,,24.0,0.0,207.0,0.0,0.0,2015-03-05,1,1,231.0,1,10.39,0.0,89.61,0.0,0.0
2015,3,1,7,US,1908,N509AY,CLT,ORD,1800,1814.0,14.0,21.0,1835.0,129.0,132.0,102.0,599,1917.0,9.0,1909,1926.0,17.0,0,0,,3.0,0.0,14.0,0.0,0.0,2015-03-01,0,1,17.0,1,17.65,0.0,82.35,0.0,0.0
2015,2,23,1,DL,2269,N542US,ATL,MCO,1155,1150.0,-5.0,16.0,1206.0,85.0,83.0,58.0,404,1304.0,9.0,1320,1313.0,-7.0,0,0,,0.0,0.0,0.0,0.0,0.0,2015-02-23,0,0,0.0,0,0.0,0.0,0.0,0.0,0.0
2015,3,20,5,DL,1425,N911DE,BWI,ATL,1630,1628.0,-2.0,28.0,1656.0,125.0,128.0,95.0,577,1831.0,5.0,1835,1836.0,1.0,0,0,,0.0,0.0,0.0,0.0,0.0,2015-03-20,0,0,0.0,0,0.0,0.0,0.0,0.0,0.0
2015,3,15,7,AA,1072,N4YEAA,DFW,TPA,2040,2114.0,34.0,25.0,2139.0,133.0,142.0,113.0,929,32.0,4.0,2353,36.0,43.0,0,0,,9.0,0.0,28.0,6.0,0.0,2015-03-15,1,1,43.0,1,20.93,0.0,65.12,13.95,0.0
2015,3,15,7,OO,5609,N719SK,PSP,SFO,838,830.0,-8.0,18.0,848.0,93.0,87.0,63.0,421,951.0,6.0,1011,957.0,-14.0,0,0,,0.0,0.0,0.0,0.0,0.0,2015-03-15,0,0,0.0,0,0.0,0.0,0.0,0.0,0.0
2015,3,19,4,UA,395,N805UA,ORD,SAN,1627,1625.0,-2.0,47.0,1712.0,270.0,278.0,228.0,1723,1900.0,3.0,1857,1903.0,6.0,0,0,,0.0,0.0,0.0,0.0,0.0,2015-03-19,0,0,0.0,0,0.0,0.0,0.0,0.0,0.0
2015,3,19,4,OO,4814,N454SW,ICT,MSP,625,618.0,-7.0,20.0,638.0,113.0,108.0,78.0,545,756.0,10.0,818,806.0,-12.0,0,0,,0.0,0.0,0.0,0.0,0.0,2015-03-19,0,0,0.0,0,0.0,0.0,0.0,0.0,0.0
2015,3,1,7,UA,765,N458UA,DEN,LAX,1905,1918.0,13.0,23.0,1941.0,147.0,165.0,131.0,862,2052.0,11.0,2032,2103.0,31.0,0,0,,18.0,0.0,13.0,0.0,0.0,2015-03-01,0,1,31.0,1,58.06,0.0,41.94,0.0,0.0
2015,3,4,3,UA,1457,N38268,CLE,IAH,811,810.0,-1.0,9.0,819.0,195.0,203.0,182.0,1091,1021.0,12.0,1026,1033.0,7.0,0,0,,0.0,0.0,0.0,0.0,0.0,2015-03-04,0,0,0.0,0,0.0,0.0,0.0,0.0,0.0
2015,3,6,5,WN,3389,N406WN,BWI,MHT,1450,1524.0,34.0,10.0,1534.0,75.0,66.0,53.0,377,1627.0,3.0,1605,1630.0,25.0,0,0,,0.0,0.0,4.0,21.0,0.0,2015-03-06,1,1,25.0,1,0.0,0.0,16.0,84.0,0.0
2015,3,6,5,WN,3676,N619SW,PWM,BWI,1230,1233.0,3.0,9.0,1242.0,105.0,89.0,72.0,452,1354.0,8.0,1415,1402.0,-13.0,0,0,,0.0,0.0,0.0,0.0,0.0,2015-03-06,0,0,0.0,0,0.0,0.0,0.0,0.0,0.0
2015,3,4,3,AA,367,N3LJAA,LGA,ORD,2055,2049.0,-6.0,17.0,2106.0,160.0,159.0,134.0,733,2220.0,8.0,2235,2228.0,-7.0,0,0,,0.0,0.0,0.0,0.0,0.0,2015-03-04,0,0,0.0,0,0.0,0.0,0.0,0.0,0.0
2015,3,12,4,DL,1406,N125DL,LAX,DTW,2315,2339.0,24.0,20.0,2359.0,266.0,260.0,234.0,1979,653.0,6.0,641,659.0,18.0,0,0,,0.0,0.0,1.0,17.0,0.0,2015-03-12,1,1,18.0,1,0.0,0.0,5.56,94.44,0.0
2015,2,20,5,AA,2221,N3HDAA,PBI,DFW,1340,1335.0,-5.0,12.0,1347.0,198.0,205.0,184.0,1102,1551.0,9.0,1558,1600.0,2.0,0,0,,0.0,0.0,0.0,0.0,0.0,2015-02-20,0,0,0.0,0,0.0,0.0,0.0,0.0,0.0
2015,3,15,7,WN,4469,N7815L,MCO,AUS,1440,1441.0,1.0,11.0,1452.0,175.0,161.0,146.0,994,1618.0,4.0,1635,1622.0,-13.0,0,0,,0.0,0.0,0.0,0.0,0.0,2015-03-15,0,0,0.0,0,0.0,0.0,0.0,0.0,0.0
2015,3,18,3,EV,5779,N11109,IAH,HRL,906,903.0,-3.0,11.0,914.0,79.0,71.0,57.0,295,1011.0,3.0,1025,1014.0,-11.0,0,0,,0.0,0.0,0.0,0.0,0.0,2015-03-18,0,0,0.0,0,0.0,0.0,0.0,0.0,0.0
2015,2,20,5,EV,4565,N13965,EWR,SYR,2159,2157.0,-2.0,16.0,2213.0,67.0,62.0,38.0,195,2251.0,8.0,2306,2259.0,-7.0,0,0,,0.0,0.0,0.0,0.0,0.0,2015-02-20,0,0,0.0,0,0.0,0.0,0.0,0.0,0.0
2015,3,2,1,OO,6482,N956SW,DEN,GJT,755,756.0,1.0,14.0,810.0,60.0,64.0,47.0,212,857.0,3.0,855,900.0,5.0,0,0,,0.0,0.0,0.0,0.0,0.0,2015-03-02,0,0,0.0,0,0.0,0.0,0.0,0.0,0.0
2015,2,23,1,EV,5048,N872AS,MOB,ATL,735,730.0,-5.0,17.0,747.0,72.0,85.0,56.0,302,943.0,12.0,947,955.0,8.0,0,0,,0.0,0.0,0.0,0.0,0.0,2015-02-23,0,0,0.0,0,0.0,0.0,0.0,0.0,0.0
2015,3,8,7,WN,406,N418WN,BOS,MCI,1350,1348.0,-2.0,10.0,1358.0,220.0,209.0,195.0,1256,1613.0,4.0,1630,1617.0,-13.0,0,0,,0.0,0.0,0.0,0.0,0.0,2015-03-08,0,0,0.0,0,0.0,0.0,0.0,0.0,0.0
2015,2,20,5,OO,2718,N885AS,SBP,PHX,1610,1607.0,-3.0,9.0,1616.0,100.0,91.0,75.0,509,1831.0,7.0,1850,1838.0,-12.0,0,0,,0.0,0.0,0.0,0.0,0.0,2015-02-20,0,0,0.0,0,0.0,0.0,0.0,0.0,0.0
2015,3,14,6,WN,1728,N280WN,HOU,TUL,1845,1845.0,0.0,9.0,1854.0,85.0,75.0,62.0,453,1956.0,4.0,2010,2000.0,-10.0,0,0,,0.0,0.0,0.0,0.0,0.0,2015-03-14,0,0,0.0,0,0.0,0.0,0.0,0.0,0.0
2015,2,26,4,WN,1348,N7709A,MCO,GRR,1930,2127.0,117.0,18.0,2145.0,170.0,154.0,129.0,1024,2354.0,7.0,2220,1.0,101.0,0,0,,0.0,0.0,0.0,101.0,0.0,2015-02-26,1,1,101.0,1,0.0,0.0,0.0,100.0,0.0
2015,2,14,6,WN,2726,N446WN,BWI,SAT,1305,1342.0,37.0,13.0,1355.0,245.0,218.0,202.0,1407,1617.0,3.0,1610,1620.0,10.0,0,0,,0.0,0.0,0.0,0.0,0.0,2015-02-14,1,0,0.0,0,0.0,0.0,0.0,0.0,0.0
2015,3,1,7,NK,431,N621NK,RSW,DFW,1317,1406.0,49.0,9.0,1415.0,178.0,163.0,148.0,1017,1543.0,6.0,1515,1549.0,34.0,0,0,,0.0,0.0,34.0,0.0,0.0,2015-03-01,1,1,34.0,1,0.0,0.0,100.0,0.0,0.0
2015,3,2,1,WN,1871,N920WN,LGA,ATL,925,923.0,-2.0,20.0,943.0,170.0,155.0,123.0,762,1146.0,12.0,1215,1158.0,-17.0,0,0,,0.0,0.0,0.0,0.0,0.0,2015-03-02,0,0,0.0,0,0.0,0.0,0.0,0.0,0.0
2015,3,24,2,UA,1550,N27733,EGE,EWR,1224,1254.0,30.0,10.0,1304.0,244.0,221.0,202.0,1725,1826.0,9.0,1828,1835.0,7.0,0,0,,0.0,0.0,0.0,0.0,0.0,2015-03-24,1,0,0.0,0,0.0,0.0,0.0,0.0,0.0
2015,2,26,4,WN,469,N475WN,CAK,MCO,1245,1242.0,-3.0,25.0,1307.0,150.0,165.0,132.0,861,1519.0,8.0,1515,1527.0,12.0,0,0,,0.0,0.0,0.0,0.0,0.0,2015-02-26,0,0,0.0,0,0.0,0.0,0.0,0.0,0.0
2015,3,24,2,AA,386,N475AA,JAX,DFW,1822,1857.0,35.0,10.0,1907.0,173.0,156.0,143.0,918,2030.0,3.0,2015,2033.0,18.0,0,0,,0.0,0.0,0.0,18.0,0.0,2015-03-24,1,1,18.0,1,0.0,0.0,0.0,100.0,0.0
2015,3,10,2,WN,16,N356SW,DAL,LBB,1135,1127.0,-8.0,10.0,1137.0,65.0,58.0,45.0,293,1222.0,3.0,1240,1225.0,-15.0,0,0,,0.0,0.0,0.0,0.0,0.0,2015-03-10,0,0,0.0,0,0.0,0.0,0.0,0.0,0.0
2015,3,18,3,WN,492,N628SW,SJC,PHX,1955,2107.0,72.0,12.0,2119.0,105.0,104.0,89.0,621,2248.0,3.0,2140,2251.0,71.0,0,0,,0.0,0.0,0.0,71.0,0.0,2015-03-18,1,1,71.0,1,0.0,0.0,0.0,100.0,0.0
2015,2,17,2,AA,1199,N4WPAA,STL,ORD,730,726.0,-4.0,14.0,740.0,79.0,78.0,52.0,258,832.0,12.0,849,844.0,-5.0,0,0,,0.0,0.0,0.0,0.0,0.0,2015-02-17,0,0,0.0,0,0.0,0.0,0.0,0.0,0.0
2015,2,26,4,DL,1970,N908DL,MSY,ATL,915,919.0,4.0,11.0,930.0,82.0,79.0,59.0,425,1129.0,9.0,1137,1138.0,1.0,0,0,,0.0,0.0,0.0,0.0,0.0,2015-02-26,0,0,0.0,0,0.0,0.0,0.0,0.0,0.0
2015,3,22,7,WN,3,N554WN,MDW,BDL,1320,1326.0,6.0,14.0,1340.0,120.0,109.0,91.0,777,1611.0,4.0,1620,1615.0,-5.0,0,0,,0.0,0.0,0.0,0.0,0.0,2015-03-22,0,0,0.0,0,0.0,0.0,0.0,0.0,0.0
2015,3,21,6,US,2021,N587UW,PHX,MSP,2359,2357.0,-2.0,14.0,11.0,180.0,171.0,155.0,1276,446.0,2.0,459,448.0,-11.0,0,0,,0.0,0.0,0.0,0.0,0.0,2015-03-21,0,0,0.0,0,0.0,0.0,0.0,0.0,0.0
2015,3,5,4,EV,4896,N881AS,GSP,ATL,700,658.0,-2.0,24.0,722.0,56.0,65.0,36.0,153,758.0,5.0,756,803.0,7.0,0,0,,0.0,0.0,0.0,0.0,0.0,2015-03-05,0,0,0.0,0,0.0,0.0,0.0,0.0,0.0
2015,3,11,3,WN,2946,N248WN,PHX,SJC,835,833.0,-2.0,16.0,849.0,120.0,120.0,101.0,621,1030.0,3.0,1035,1033.0,-2.0,0,0,,0.0,0.0,0.0,0.0,0.0,2015-03-11,0,0,0.0,0,0.0,0.0,0.0,0.0,0.0
2015,3,22,7,VX,251,N853VA,LAS,SFO,1325,1334.0,9.0,27.0,1401.0,95.0,104.0,68.0,414,1509.0,9.0,1500,1518.0,18.0,0,0,,0.0,0.0,18.0,0.0,0.0,2015-03-22,0,1,18.0,1,0.0,0.0,100.0,0.0,0.0
2015,3,13,5,WN,313,N8307K,MDW,SJC,1740,1746.0,6.0,8.0,1754.0,285.0,260.0,245.0,1838,1959.0,7.0,2025,2006.0,-19.0,0,0,,0.0,0.0,0.0,0.0,0.0,2015-03-13,0,0,0.0,0,0.0,0.0,0.0,0.0,0.0
2015,3,13,5,DL,2394,N967DL,ATL,PHL,1737,1751.0,14.0,22.0,1813.0,128.0,125.0,98.0,666,1951.0,5.0,1945,1956.0,11.0,0,0,,0.0,0.0,0.0,0.0,0.0,2015-03-13,0,0,0.0,0,0.0,0.0,0.0,0.0,0.0
2015,3,23,1,EV,5065,N859AS,SGF,ATL,1737,1746.0,9.0,13.0,1759.0,99.0,93.0,74.0,563,2013.0,6.0,2016,2019.0,3.0,0,0,,0.0,0.0,0.0,0.0,0.0,2015-03-23,0,0,0.0,0,0.0,0.0,0.0,0.0,0.0
2015,2,20,5,VX,755,N636VA,SEA,SFO,1710,1709.0,-1.0,11.0,1720.0,125.0,111.0,92.0,679,1852.0,8.0,1915,1900.0,-15.0,0,0,,0.0,0.0,0.0,0.0,0.0,2015-02-20,0,0,0.0,0,0.0,0.0,0.0,0.0,0.0
2015,2,15,7,EV,5203,N760EV,MSP,MSN,1145,1140.0,-5.0,25.0,1205.0,62.0,66.0,38.0,228,1243.0,3.0,1247,1246.0,-1.0,0,0,,0.0,0.0,0.0,0.0,0.0,2015-02-15,0,0,0.0,0,0.0,0.0,0.0,0.0,0.0
2015,3,22,7,MQ,3323,N683MQ,ORD,CMI,1905,1903.0,-2.0,88.0,2031.0,49.0,115.0,25.0,135,2056.0,2.0,1954,2058.0,64.0,0,0,,64.0,0.0,0.0,0.0,0.0,2015-03-22,0,1,64.0,1,100.0,0.0,0.0,0.0,0.0
2015,3,1,7,WN,1781,N712SW,RDU,MCO,1715,1810.0,55.0,8.0,1818.0,110.0,92.0,75.0,534,1933.0,9.0,1905,1942.0,37.0,0,0,,0.0,0.0,9.0,28.0,0.0,2015-03-01,1,1,37.0,1,0.0,0.0,24.32,75.68,0.0
2015,3,19,4,UA,1203,N34282,IAH,MCO,720,719.0,-1.0,15.0,734.0,133.0,128.0,107.0,854,1021.0,6.0,1033,1027.0,-6.0,0,0,,0.0,0.0,0.0,0.0,0.0,2015-03-19,0,0,0.0,0,0.0,0.0,0.0,0.0,0.0
2015,2,25,3,DL,1337,N934DN,MSP,TUS,1115,1132.0,17.0,66.0,1238.0,210.0,248.0,179.0,1298,1437.0,3.0,1345,1440.0,55.0,0,0,,38.0,0.0,5.0,12.0,0.0,2015-02-25,1,1,55.0,1,69.09,0.0,9.09,21.82,0.0
2015,3,10,2,WN,475,N714CB,ALB,BWI,1855,1925.0,30.0,8.0,1933.0,80.0,81.0,60.0,289,2033.0,13.0,2015,2046.0,31.0,0,0,,1.0,0.0,0.0,30.0,0.0,2015-03-10,1,1,31.0,1,3.23,0.0,0.0,96.77,0.0
2015,3,2,1,DL,2012,N977DL,ATL,ORD,725,727.0,2.0,13.0,740.0,119.0,118.0,98.0,606,818.0,7.0,824,825.0,1.0,0,0,,0.0,0.0,0.0,0.0,0.0,2015-03-02,0,0,0.0,0,0.0,0.0,0.0,0.0,0.0
2015,3,10,2,MQ,3669,N634MQ,GSO,DFW,727,726.0,-1.0,17.0,743.0,203.0,197.0,169.0,999,932.0,11.0,950,943.0,-7.0,0,0,,0.0,0.0,0.0,0.0,0.0,2015-03-10,0,0,0.0,0,0.0,0.0,0.0,0.0,0.0
2015,3,4,3,WN,1026,N511SW,HOU,AUS,1430,1507.0,37.0,8.0,1515.0,50.0,50.0,38.0,148,1553.0,4.0,1520,1557.0,37.0,0,0,,0.0,0.0,37.0,0.0,0.0,2015-03-04,1,1,37.0,1,0.0,0.0,100.0,0.0,0.0
2015,3,14,6,WN,2287,N628SW,BNA,DEN,815,820.0,5.0,11.0,831.0,175.0,159.0,141.0,1014,952.0,7.0,1010,959.0,-11.0,0,0,,0.0,0.0,0.0,0.0,0.0,2015-03-14,0,0,0.0,0,0.0,0.0,0.0,0.0,0.0
2015,2,20,5,DL,2635,N986AT,ATL,MYR,950,948.0,-2.0,10.0,958.0,73.0,62.0,47.0,317,1045.0,5.0,1103,1050.0,-13.0,0,0,,0.0,0.0,0.0,0.0,0.0,2015-02-20,0,0,0.0,0,0.0,0.0,0.0,0.0,0.0
2015,3,15,7,MQ,3234,N906MQ,DFW,CHA,1450,1453.0,3.0,21.0,1514.0,110.0,114.0,90.0,695,1744.0,3.0,1740,1747.0,7.0,0,0,,0.0,0.0,0.0,0.0,0.0,2015-03-15,0,0,0.0,0,0.0,0.0,0.0,0.0,0.0
2015,3,9,1,US,642,N651AW,ONT,PHX,1240,1241.0,1.0,9.0,1250.0,73.0,65.0,49.0,325,1339.0,7.0,1353,1346.0,-7.0,0,0,,0.0,0.0,0.0,0.0,0.0,2015-03-09,0,0,0.0,0,0.0,0.0,0.0,0.0,0.0
2015,2,18,3,OO,4647,N429SW,GTF,SLC,1303,1258.0,-5.0,12.0,1310.0,87.0,85.0,65.0,463,1415.0,8.0,1430,1423.0,-7.0,0,0,,0.0,0.0,0.0,0.0,0.0,2015-02-18,0,0,0.0,0,0.0,0.0,0.0,0.0,0.0
2015,3,3,2,WN,7,N7725A,HOU,ATL,1030,1032.0,2.0,10.0,1042.0,115.0,111.0,88.0,696,1310.0,13.0,1325,1323.0,-2.0,0,0,,0.0,0.0,0.0,0.0,0.0,2015-03-03,0,0,0.0,0,0.0,0.0,0.0,0.0,0.0
2015,3,11,3,WN,711,N7740A,LAS,SMF,710,724.0,14.0,12.0,736.0,90.0,84.0,67.0,397,843.0,5.0,840,848.0,8.0,0,0,,0.0,0.0,0.0,0.0,0.0,2015-03-11,0,0,0.0,0,0.0,0.0,0.0,0.0,0.0
2015,3,21,6,WN,3692,N255WN,STL,DAL,550,548.0,-2.0,8.0,556.0,110.0,100.0,88.0,546,724.0,4.0,740,728.0,-12.0,0,0,,0.0,0.0,0.0,0.0,0.0,2015-03-21,0,0,0.0,0,0.0,0.0,0.0,0.0,0.0
2015,3,14,6,UA,14,N76064,HNL,EWR,2025,2028.0,3.0,21.0,2049.0,579.0,582.0,552.0,4962,1201.0,9.0,1204,1210.0,6.0,0,0,,0.0,0.0,0.0,0.0,0.0,2015-03-14,0,0,0.0,0,0.0,0.0,0.0,0.0,0.0
2015,3,24,2,DL,847,N333NW,BDL,MSP,620,618.0,-2.0,12.0,630.0,178.0,170.0,155.0,1050,805.0,3.0,818,808.0,-10.0,0,0,,0.0,0.0,0.0,0.0,0.0,2015-03-24,0,0,0.0,0,0.0,0.0,0.0,0.0,0.0
2015,2,13,5,UA,1025,N17122,EWR,IAH,1459,1519.0,20.0,16.0,1535.0,247.0,228.0,195.0,1400,1750.0,17.0,1806,1807.0,1.0,0,0,,0.0,0.0,0.0,0.0,0.0,2015-02-13,1,0,0.0,0,0.0,0.0,0.0,0.0,0.0
2015,2,20,5,WN,4107,N386SW,TPA,ATL,1130,1131.0,1.0,17.0,1148.0,95.0,96.0,69.0,406,1257.0,10.0,1305,1307.0,2.0,0,0,,0.0,0.0,0.0,0.0,0.0,2015-02-20,0,0,0.0,0,0.0,0.0,0.0,0.0,0.0
2015,3,2,1,WN,2429,N727SW,LAS,PDX,1015,1030.0,15.0,16.0,1046.0,140.0,133.0,110.0,763,1236.0,7.0,1235,1243.0,8.0,0,0,,0.0,0.0,0.0,0.0,0.0,2015-03-02,0,0,0.0,0,0.0,0.0,0.0,0.0,0.0
2015,2,13,5,OO,4512,N437SW,SLC,FCA,2155,2148.0,-7.0,18.0,2206.0,115.0,97.0,75.0,531,2321.0,4.0,2350,2325.0,-25.0,0,0,,0.0,0.0,0.0,0.0,0.0,2015-02-13,0,0,0.0,0,0.0,0.0,0.0,0.0,0.0
2015,2,19,4,WN,4566,N628SW,SAN,PHX,2105,2147.0,42.0,10.0,2157.0,70.0,57.0,44.0,304,2341.0,3.0,2315,2344.0,29.0,0,0,,0.0,0.0,0.0,29.0,0.0,2015-02-19,1,1,29.0,1,0.0,0.0,0.0,100.0,0.0
2015,2,19,4,WN,4736,N969WN,HOU,TPA,1340,1338.0,-2.0,10.0,1348.0,115.0,111.0,98.0,781,1626.0,3.0,1635,1629.0,-6.0,0,0,,0.0,0.0,0.0,0.0,0.0,2015-02-19,0,0,0.0,0,0.0,0.0,0.0,0.0,0.0
2015,3,15,7,AA,2346,N3DNAA,ORD,DCA,2205,2211.0,6.0,16.0,2227.0,100.0,102.0,75.0,612,42.0,11.0,45,53.0,8.0,0,0,,0.0,0.0,0.0,0.0,0.0,2015-03-15,0,0,0.0,0,0.0,0.0,0.0,0.0,0.0
2015,3,9,1,AS,384,N611AS,PDX,SFO,2130,2144.0,14.0,9.0,2153.0,112.0,98.0,84.0,550,2317.0,5.0,2322,2322.0,0.0,0,0,,0.0,0.0,0.0,0.0,0.0,2015-03-09,0,0,0.0,0,0.0,0.0,0.0,0.0,0.0
2015,2,28,6,AA,1432,N3LKAA,ORD,CLT,1502,1537.0,35.0,13.0,1550.0,116.0,101.0,79.0,599,1809.0,9.0,1758,1818.0,20.0,0,0,,0.0,0.0,20.0,0.0,0.0,2015-02-28,1,1,20.0,1,0.0,0.0,100.0,0.0,0.0
2015,2,15,7,US,1943,N916US,CLT,SEA,930,927.0,-3.0,18.0,945.0,352.0,349.0,322.0,2279,1207.0,9.0,1222,1216.0,-6.0,0,0,,0.0,0.0,0.0,0.0,0.0,2015-02-15,0,0,0.0,0,0.0,0.0,0.0,0.0,0.0
2015,2,20,5,AA,1159,N513AA,DFW,RDU,640,629.0,-11.0,9.0,638.0,149.0,137.0,125.0,1061,943.0,3.0,1009,946.0,-23.0,0,0,,0.0,0.0,0.0,0.0,0.0,2015-02-20,0,0,0.0,0,0.0,0.0,0.0,0.0,0.0
2015,3,22,7,EV,4266,N16571,IAH,BHM,852,851.0,-1.0,12.0,903.0,97.0,94.0,72.0,562,1015.0,10.0,1029,1025.0,-4.0,0,0,,0.0,0.0,0.0,0.0,0.0,2015-03-22,0,0,0.0,0,0.0,0.0,0.0,0.0,0.0
2015,3,18,3,AA,1615,N854AA,MIA,DFW,1145,1143.0,-2.0,15.0,1158.0,202.0,193.0,166.0,1121,1344.0,12.0,1407,1356.0,-11.0,0,0,,0.0,0.0,0.0,0.0,0.0,2015-03-18,0,0,0.0,0,0.0,0.0,0.0,0.0,0.0
2015,2,22,7,WN,1078,N216WR,STL,DEN,1350,1436.0,46.0,7.0,1443.0,145.0,144.0,128.0,770,1551.0,9.0,1515,1600.0,45.0,0,0,,0.0,0.0,13.0,32.0,0.0,2015-02-22,1,1,45.0,1,0.0,0.0,28.89,71.11,0.0
2015,3,15,7,AS,542,N537AS,SEA,PSP,1515,1702.0,107.0,45.0,1747.0,163.0,191.0,141.0,987,2008.0,5.0,1758,2013.0,135.0,0,0,,28.0,0.0,0.0,107.0,0.0,2015-03-15,1,1,135.0,1,20.74,0.0,0.0,79.26,0.0
2015,3,8,7,WN,490,N8329B,MDW,PHX,1230,1238.0,8.0,6.0,1244.0,230.0,213.0,200.0,1444,1404.0,7.0,1420,1411.0,-9.0,0,0,,0.0,0.0,0.0,0.0,0.0,2015-03-08,0,0,0.0,0,0.0,0.0,0.0,0.0,0.0
2015,3,15,7,B6,2680,N292JB,EWR,BOS,2100,2339.0,159.0,25.0,4.0,71.0,78.0,48.0,200,52.0,5.0,2211,57.0,166.0,0,0,,104.0,0.0,0.0,62.0,0.0,2015-03-15,1,1,166.0,1,62.65,0.0,0.0,37.35,0.0
2015,2,20,5,DL,950,N533US,TPA,ATL,1745,1739.0,-6.0,15.0,1754.0,101.0,101.0,66.0,406,1900.0,20.0,1926,1920.0,-6.0,0,0,,0.0,0.0,0.0,0.0,0.0,2015-02-20,0,0,0.0,0,0.0,0.0,0.0,0.0,0.0
2015,3,19,4,US,2144,N965UW,DCA,LGA,700,653.0,-7.0,14.0,707.0,77.0,70.0,41.0,214,748.0,15.0,817,803.0,-14.0,0,0,,0.0,0.0,0.0,0.0,0.0,2015-03-19,0,0,0.0,0,0.0,0.0,0.0,0.0,0.0
2015,2,26,4,NK,239,N606NK,BOS,RSW,1058,1046.0,-12.0,26.0,1112.0,211.0,233.0,202.0,1249,1434.0,5.0,1429,1439.0,10.0,0,0,,0.0,0.0,0.0,0.0,0.0,2015-02-26,0,0,0.0,0,0.0,0.0,0.0,0.0,0.0
2015,2,23,1,WN,306,N798SW,SFO,MDW,620,619.0,-1.0,11.0,630.0,250.0,232.0,215.0,1855,1205.0,6.0,1230,1211.0,-19.0,0,0,,0.0,0.0,0.0,0.0,0.0,2015-02-23,0,0,0.0,0,0.0,0.0,0.0,0.0,0.0
2015,2,17,2,WN,927,N7722B,HOU,ABQ,925,917.0,-8.0,9.0,926.0,135.0,140.0,128.0,759,1034.0,3.0,1040,1037.0,-3.0,0,0,,0.0,0.0,0.0,0.0,0.0,2015-02-17,0,0,0.0,0,0.0,0.0,0.0,0.0,0.0
2015,3,20,5,B6,317,N231JB,BOS,JFK,2040,2048.0,8.0,46.0,2134.0,80.0,114.0,57.0,187,2231.0,11.0,2200,2242.0,42.0,0,0,,34.0,0.0,6.0,2.0,0.0,2015-03-20,0,1,42.0,1,80.95,0.0,14.29,4.76,0.0
2015,3,25,3,AS,361,N433AS,SMF,SEA,1655,1652.0,-3.0,12.0,1704.0,105.0,112.0,93.0,605,1837.0,7.0,1840,1844.0,4.0,0,0,,0.0,0.0,0.0,0.0,0.0,2015-03-25,0,0,0.0,0,0.0,0.0,0.0,0.0,0.0
2015,3,10,2,AA,2222,N3CYAA,DFW,PHL,905,911.0,6.0,22.0,933.0,178.0,174.0,146.0,1303,1259.0,6.0,1303,1305.0,2.0,0,0,,0.0,0.0,0.0,0.0,0.0,2015-03-10,0,0,0.0,0,0.0,0.0,0.0,0.0,0.0
2015,2,15,7,DL,2164,N344NW,PDX,MSP,1315,1308.0,-7.0,8.0,1316.0,193.0,179.0,168.0,1426,1804.0,3.0,1828,1807.0,-21.0,0,0,,0.0,0.0,0.0,0.0,0.0,2015-02-15,0,0,0.0,0,0.0,0.0,0.0,0.0,0.0
2015,2,24,2,UA,436,N844UA,IAH,EWR,809,807.0,-2.0,21.0,828.0,202.0,189.0,162.0,1400,1210.0,6.0,1231,1216.0,-15.0,0,0,,0.0,0.0,0.0,0.0,0.0,2015-02-24,0,0,0.0,0,0.0,0.0,0.0,0.0,0.0
2015,3,12,4,AA,1203,N470AA,DFW,ABQ,1845,1840.0,-5.0,20.0,1900.0,113.0,97.0,75.0,569,1915.0,2.0,1938,1917.0,-21.0,0,0,,0.0,0.0,0.0,0.0,0.0,2015-03-12,0,0,0.0,0,0.0,0.0,0.0,0.0,0.0
2015,3,19,4,WN,104,N930WN,PHX,SLC,800,802.0,2.0,18.0,820.0,95.0,95.0,74.0,507,1034.0,3.0,1035,1037.0,2.0,0,0,,0.0,0.0,0.0,0.0,0.0,2015-03-19,0,0,0.0,0,0.0,0.0,0.0,0.0,0.0
2015,3,23,1,DL,1133,N974DL,BWI,ATL,2015,2011.0,-4.0,14.0,2025.0,120.0,110.0,87.0,577,2152.0,9.0,2215,2201.0,-14.0,0,0,,0.0,0.0,0.0,0.0,0.0,2015-03-23,0,0,0.0,0,0.0,0.0,0.0,0.0,0.0
2015,3,19,4,DL,2054,N3738B,JFK,PHX,730,728.0,-2.0,21.0,749.0,335.0,323.0,299.0,2153,948.0,3.0,1005,951.0,-14.0,0,0,,0.0,0.0,0.0,0.0,0.0,2015-03-19,0,0,0.0,0,0.0,0.0,0.0,0.0,0.0
2015,3,2,1,EV,3955,N17115,MAF,IAH,1049,1254.0,125.0,7.0,1301.0,86.0,72.0,60.0,429,1401.0,5.0,1215,1406.0,111.0,0,0,,0.0,0.0,0.0,111.0,0.0,2015-03-02,1,1,111.0,1,0.0,0.0,0.0,100.0,0.0
2015,3,22,7,MQ,3418,N505MQ,LGA,BNA,1200,1201.0,1.0,22.0,1223.0,156.0,153.0,125.0,764,1328.0,6.0,1336,1334.0,-2.0,0,0,,0.0,0.0,0.0,0.0,0.0,2015-03-22,0,0,0.0,0,0.0,0.0,0.0,0.0,0.0
2015,3,9,1,DL,2398,N966AT,ATL,TLH,1611,1610.0,-1.0,10.0,1620.0,67.0,50.0,36.0,223,1656.0,4.0,1718,1700.0,-18.0,0,0,,0.0,0.0,0.0,0.0,0.0,2015-03-09,0,0,0.0,0,0.0,0.0,0.0,0.0,0.0
2015,3,7,6,EV,4139,N14993,EWR,ATL,900,903.0,3.0,23.0,926.0,158.0,147.0,117.0,746,1123.0,7.0,1138,1130.0,-8.0,0,0,,0.0,0.0,0.0,0.0,0.0,2015-03-07,0,0,0.0,0,0.0,0.0,0.0,0.0,0.0
2015,3,10,2,DL,1666,N690DL,ATL,RDU,1500,1500.0,0.0,12.0,1512.0,88.0,71.0,56.0,356,1608.0,3.0,1628,1611.0,-17.0,0,0,,0.0,0.0,0.0,0.0,0.0,2015-03-10,0,0,0.0,0,0.0,0.0,0.0,0.0,0.0
2015,2,14,6,DL,1147,N603AT,MCI,DTW,820,810.0,-10.0,11.0,821.0,115.0,103.0,81.0,629,1042.0,11.0,1115,1053.0,-22.0,0,0,,0.0,0.0,0.0,0.0,0.0,2015-02-14,0,0,0.0,0,0.0,0.0,0.0,0.0,0.0
2015,3,18,3,US,836,N283AY,SJU,CLT,1425,1422.0,-3.0,14.0,1436.0,236.0,224.0,198.0,1475,1754.0,12.0,1821,1806.0,-15.0,0,0,,0.0,0.0,0.0,0.0,0.0,2015-03-18,0,0,0.0,0,0.0,0.0,0.0,0.0,0.0
2015,3,20,5,US,707,N744P,PHX,STL,2359,2352.0,-7.0,16.0,8.0,165.0,165.0,144.0,1262,432.0,5.0,444,437.0,-7.0,0,0,,0.0,0.0,0.0,0.0,0.0,2015-03-20,0,0,0.0,0,0.0,0.0,0.0,0.0,0.0
2015,2,13,5,DL,2036,N306DQ,EYW,ATL,1746,1740.0,-6.0,9.0,1749.0,124.0,114.0,95.0,646,1924.0,10.0,1950,1934.0,-16.0,0,0,,0.0,0.0,0.0,0.0,0.0,2015-02-13,0,0,0.0,0,0.0,0.0,0.0,0.0,0.0
2015,3,15,7,EV,4174,N13965,ORD,FNT,807,757.0,-10.0,8.0,805.0,70.0,56.0,44.0,223,949.0,4.0,1017,953.0,-24.0,0,0,,0.0,0.0,0.0,0.0,0.0,2015-03-15,0,0,0.0,0,0.0,0.0,0.0,0.0,0.0
2015,2,16,1,MQ,3220,N6EAMQ,PIT,ORD,1209,1213.0,4.0,16.0,1229.0,100.0,100.0,78.0,413,1247.0,6.0,1249,1253.0,4.0,0,0,,0.0,0.0,0.0,0.0,0.0,2015-02-16,0,0,0.0,0,0.0,0.0,0.0,0.0,0.0
2015,3,11,3,UA,1503,N78511,IAH,DEN,1735,1736.0,1.0,14.0,1750.0,155.0,156.0,120.0,862,1850.0,22.0,1910,1912.0,2.0,0,0,,0.0,0.0,0.0,0.0,0.0,2015-03-11,0,0,0.0,0,0.0,0.0,0.0,0.0,0.0
2015,3,8,7,OO,5385,N982SW,SFO,SMF,1555,1551.0,-4.0,17.0,1608.0,47.0,39.0,19.0,86,1627.0,3.0,1642,1630.0,-12.0,0,0,,0.0,0.0,0.0,0.0,0.0,2015-03-08,0,0,0.0,0,0.0,0.0,0.0,0.0,0.0
2015,2,18,3,US,425,N582UW,SEA,PHX,515,508.0,-7.0,12.0,520.0,164.0,155.0,140.0,1107,840.0,3.0,859,843.0,-16.0,0,0,,0.0,0.0,0.0,0.0,0.0,2015-02-18,0,0,0.0,0,0.0,0.0,0.0,0.0,0.0
2015,3,18,3,F9,146,N954FR,SEA,DEN,1020,1013.0,-7.0,14.0,1027.0,151.0,146.0,128.0,1024,1335.0,4.0,1351,1339.0,-12.0,0,0,,0.0,0.0,0.0,0.0,0.0,2015-03-18,0,0,0.0,0,0.0,0.0,0.0,0.0,0.0
2015,2,24,2,MQ,3217,N626MQ,ORF,JFK,1323,1318.0,-5.0,51.0,1409.0,87.0,115.0,58.0,290,1507.0,6.0,1450,1513.0,23.0,0,0,,23.0,0.0,0.0,0.0,0.0,2015-02-24,0,1,23.0,1,100.0,0.0,0.0,0.0,0.0
2015,3,17,2,DL,2203,N377DA,ATL,LAS,820,824.0,4.0,21.0,845.0,273.0,257.0,232.0,1747,937.0,4.0,953,941.0,-12.0,0,0,,0.0,0.0,0.0,0.0,0.0,2015-03-17,0,0,0.0,0,0.0,0.0,0.0,0.0,0.0
2015,3,24,2,DL,2142,N899AT,ATL,EWR,1625,1624.0,-1.0,14.0,1638.0,146.0,120.0,102.0,746,1820.0,4.0,1851,1824.0,-27.0,0,0,,0.0,0.0,0.0,0.0,0.0,2015-03-24,0,0,0.0,0,0.0,0.0,0.0,0.0,0.0
2015,2,15,7,OO,6468,N928EV,DEN,CPR,1626,1622.0,-4.0,24.0,1646.0,66.0,69.0,41.0,230,1727.0,4.0,1732,1731.0,-1.0,0,0,,0.0,0.0,0.0,0.0,0.0,2015-02-15,0,0,0.0,0,0.0,0.0,0.0,0.0,0.0
2015,3,8,7,WN,2671,N366SW,DEN,LAX,1435,1532.0,57.0,11.0,1543.0,150.0,138.0,120.0,862,1643.0,7.0,1605,1650.0,45.0,0,0,,0.0,0.0,4.0,41.0,0.0,2015-03-08,1,1,45.0,1,0.0,0.0,8.89,91.11,0.0
2015,3,4,3,UA,1703,N37468,ORD,SFO,657,655.0,-2.0,12.0,707.0,292.0,290.0,268.0,1846,935.0,10.0,949,945.0,-4.0,0,0,,0.0,0.0,0.0,0.0,0.0,2015-03-04,0,0,0.0,0,0.0,0.0,0.0,0.0,0.0
2015,3,18,3,UA,1431,N77865,LAX,HNL,1310,1310.0,0.0,24.0,1334.0,353.0,361.0,333.0,2556,1607.0,4.0,1603,1611.0,8.0,0,0,,0.0,0.0,0.0,0.0,0.0,2015-03-18,0,0,0.0,0,0.0,0.0,0.0,0.0,0.0
2015,3,19,4,DL,1961,N541US,RIC,ATL,600,558.0,-2.0,11.0,609.0,108.0,101.0,82.0,481,731.0,8.0,748,739.0,-9.0,0,0,,0.0,0.0,0.0,0.0,0.0,2015-03-19,0,0,0.0,0,0.0,0.0,0.0,0.0,0.0
2015,2,21,6,B6,1318,N247JB,JFK,BOS,1235,1246.0,11.0,9.0,1255.0,65.0,56.0,40.0,187,1335.0,7.0,1340,1342.0,2.0,0,0,,0.0,0.0,0.0,0.0,0.0,2015-02-21,0,0,0.0,0,0.0,0.0,0.0,0.0,0.0
2015,3,14,6,AA,2234,N3DVAA,TPA,MIA,1440,1447.0,7.0,16.0,1503.0,65.0,61.0,36.0,204,1539.0,9.0,1545,1548.0,3.0,0,0,,0.0,0.0,0.0,0.0,0.0,2015-03-14,0,0,0.0,0,0.0,0.0,0.0,0.0,0.0
2015,3,21,6,DL,1150,N584NW,HNL,LAX,714,714.0,0.0,20.0,734.0,331.0,307.0,280.0,2556,1514.0,7.0,1545,1521.0,-24.0,0,0,,0.0,0.0,0.0,0.0,0.0,2015-03-21,0,0,0.0,0,0.0,0.0,0.0,0.0,0.0
2015,3,15,7,OO,2896,N863AS,TUS,LAX,615,615.0,0.0,21.0,636.0,101.0,94.0,68.0,451,744.0,5.0,756,749.0,-7.0,0,0,,0.0,0.0,0.0,0.0,0.0,2015-03-15,0,0,0.0,0,0.0,0.0,0.0,0.0,0.0
2015,3,22,7,WN,1549,N8602F,SAN,MDW,1325,1328.0,3.0,12.0,1340.0,235.0,224.0,204.0,1728,1904.0,8.0,1920,1912.0,-8.0,0,0,,0.0,0.0,0.0,0.0,0.0,2015-03-22,0,0,0.0,0,0.0,0.0,0.0,0.0,0.0
2015,3,15,7,MQ,3335,N665MQ,PIA,ORD,1334,1329.0,-5.0,8.0,1337.0,71.0,48.0,29.0,130,1406.0,11.0,1445,1417.0,-28.0,0,0,,0.0,0.0,0.0,0.0,0.0,2015-03-15,0,0,0.0,0,0.0,0.0,0.0,0.0,0.0
2015,2,16,1,UA,1458,N68822,FLL,EWR,1400,1425.0,25.0,18.0,1443.0,185.0,183.0,145.0,1065,1708.0,20.0,1705,1728.0,23.0,0,0,,0.0,0.0,7.0,16.0,0.0,2015-02-16,1,1,23.0,1,0.0,0.0,30.43,69.57,0.0
2015,2,21,6,DL,450,N3750D,JFK,ATL,1945,1035.0,890.0,43.0,1118.0,167.0,176.0,122.0,760,1320.0,11.0,2232,1331.0,899.0,0,0,,9.0,0.0,890.0,0.0,0.0,2015-02-21,1,1,899.0,1,1.0,0.0,99.0,0.0,0.0
2015,2,26,4,WN,337,N8659D,PHX,SNA,1730,1738.0,8.0,7.0,1745.0,70.0,71.0,60.0,338,1745.0,4.0,1740,1749.0,9.0,0,0,,0.0,0.0,0.0,0.0,0.0,2015-02-26,0,0,0.0,0,0.0,0.0,0.0,0.0,0.0
2015,2,20,5,WN,842,N357SW,OAK,PHX,700,701.0,1.0,17.0,718.0,110.0,112.0,89.0,646,947.0,6.0,950,953.0,3.0,0,0,,0.0,0.0,0.0,0.0,0.0,2015-02-20,0,0,0.0,0,0.0,0.0,0.0,0.0,0.0
2015,3,2,1,DL,761,N369NW,LAS,CVG,2345,2342.0,-3.0,16.0,2358.0,219.0,198.0,175.0,1678,553.0,7.0,624,600.0,-24.0,0,0,,0.0,0.0,0.0,0.0,0.0,2015-03-02,0,0,0.0,0,0.0,0.0,0.0,0.0,0.0
2015,3,1,7,EV,5077,N882AS,ATL,GNV,815,813.0,-2.0,15.0,828.0,73.0,69.0,51.0,300,919.0,3.0,928,922.0,-6.0,0,0,,0.0,0.0,0.0,0.0,0.0,2015-03-01,0,0,0.0,0,0.0,0.0,0.0,0.0,0.0
2015,2,20,5,WN,805,N499WN,MDW,FLL,1900,1948.0,48.0,30.0,2018.0,180.0,174.0,141.0,1166,2339.0,3.0,2300,2342.0,42.0,0,0,,0.0,0.0,0.0,28.0,14.0,2015-02-20,1,1,42.0,1,0.0,0.0,0.0,66.67,33.33
2015,2,17,2,OO,4729,N487CA,RAP,SLC,1232,1220.0,-12.0,12.0,1232.0,108.0,89.0,73.0,508,1345.0,4.0,1420,1349.0,-31.0,0,0,,0.0,0.0,0.0,0.0,0.0,2015-02-17,0,0,0.0,0,0.0,0.0,0.0,0.0,0.0
2015,3,25,3,WN,2622,N264LV,TPA,CAK,1950,1949.0,-1.0,10.0,1959.0,140.0,132.0,118.0,894,2157.0,4.0,2210,2201.0,-9.0,0,0,,0.0,0.0,0.0,0.0,0.0,2015-03-25,0,0,0.0,0,0.0,0.0,0.0,0.0,0.0
2015,2,25,3,EV,4650,N12924,IAH,TUS,907,901.0,-6.0,15.0,916.0,169.0,170.0,145.0,936,1041.0,10.0,1056,1051.0,-5.0,0,0,,0.0,0.0,0.0,0.0,0.0,2015-02-25,0,0,0.0,0,0.0,0.0,0.0,0.0,0.0
2015,3,20,5,DL,2071,N932DL,RSW,LGA,1239,1223.0,-16.0,16.0,1239.0,171.0,181.0,159.0,1080,1518.0,6.0,1530,1524.0,-6.0,0,0,,0.0,0.0,0.0,0.0,0.0,2015-03-20,0,0,0.0,0,0.0,0.0,0.0,0.0,0.0
2015,3,11,3,UA,1634,N73259,IAH,BOS,1257,1305.0,8.0,20.0,1325.0,225.0,206.0,182.0,1597,1727.0,4.0,1742,1731.0,-11.0,0,0,,0.0,0.0,0.0,0.0,0.0,2015-03-11,0,0,0.0,0,0.0,0.0,0.0,0.0,0.0
2015,2,15,7,WN,2522,N363SW,SAN,SFO,1600,1601.0,1.0,11.0,1612.0,90.0,81.0,65.0,447,1717.0,5.0,1730,1722.0,-8.0,0,0,,0.0,0.0,0.0,0.0,0.0,2015-02-15,0,0,0.0,0,0.0,0.0,0.0,0.0,0.0
2015,3,25,3,DL,1165,N306DQ,CHS,ATL,1900,1857.0,-3.0,17.0,1914.0,91.0,82.0,55.0,259,2009.0,10.0,2031,2019.0,-12.0,0,0,,0.0,0.0,0.0,0.0,0.0,2015-03-25,0,0,0.0,0,0.0,0.0,0.0,0.0,0.0
2015,2,19,4,AS,162,N518AS,FAI,ANC,600,552.0,-8.0,9.0,601.0,78.0,56.0,43.0,261,644.0,4.0,718,648.0,-30.0,0,0,,0.0,0.0,0.0,0.0,0.0,2015-02-19,0,0,0.0,0,0.0,0.0,0.0,0.0,0.0
2015,3,9,1,EV,4137,N12163,RIC,ORD,1341,1344.0,3.0,13.0,1357.0,131.0,135.0,114.0,642,1451.0,8.0,1452,1459.0,7.0,0,0,,0.0,0.0,0.0,0.0,0.0,2015-03-09,0,0,0.0,0,0.0,0.0,0.0,0.0,0.0
2015,3,19,4,OO,4761,N603QX,SLC,PHX,1700,1656.0,-4.0,17.0,1713.0,104.0,97.0,77.0,507,1730.0,3.0,1744,1733.0,-11.0,0,0,,0.0,0.0,0.0,0.0,0.0,2015-03-19,0,0,0.0,0,0.0,0.0,0.0,0.0,0.0
2015,3,11,3,AS,822,N569AS,OGG,PDX,2305,14.0,69.0,12.0,26.0,314.0,266.0,251.0,2562,737.0,3.0,719,740.0,21.0,0,0,,0.0,0.0,0.0,21.0,0.0,2015-03-11,1,1,21.0,1,0.0,0.0,0.0,100.0,0.0
2015,2,26,4,DL,1439,N926DH,DCA,ATL,1100,1159.0,59.0,32.0,1231.0,125.0,136.0,98.0,547,1409.0,6.0,1305,1415.0,70.0,0,0,,26.0,0.0,0.0,0.0,44.0,2015-02-26,1,1,70.0,1,37.14,0.0,0.0,0.0,62.86
2015,2,23,1,DL,729,N357NW,LGA,DEN,815,833.0,18.0,31.0,904.0,282.0,287.0,248.0,1620,1112.0,8.0,1057,1120.0,23.0,0,0,,5.0,0.0,18.0,0.0,0.0,2015-02-23,1,1,23.0,1,21.74,0.0,78.26,0.0,0.0
2015,3,10,2,WN,4185,N526SW,HOU,AUS,1715,1717.0,2.0,11.0,1728.0,45.0,43.0,28.0,148,1756.0,4.0,1800,1800.0,0.0,0,0,,0.0,0.0,0.0,0.0,0.0,2015-03-10,0,0,0.0,0,0.0,0.0,0.0,0.0,0.0
2015,2,22,7,EV,4160,N11191,ORD,STL,1440,1451.0,11.0,12.0,1503.0,81.0,68.0,49.0,258,1552.0,7.0,1601,1559.0,-2.0,0,0,,0.0,0.0,0.0,0.0,0.0,2015-02-22,0,0,0.0,0,0.0,0.0,0.0,0.0,0.0
2015,3,8,7,OO,5431,N946SW,MKE,ORD,1320,1324.0,4.0,10.0,1334.0,53.0,41.0,21.0,67,1355.0,10.0,1413,1405.0,-8.0,0,0,,0.0,0.0,0.0,0.0,0.0,2015-03-08,0,0,0.0,0,0.0,0.0,0.0,0.0,0.0
2015,2,19,4,EV,5073,N707EV,RDU,DTW,930,932.0,2.0,15.0,947.0,112.0,111.0,89.0,501,1116.0,7.0,1122,1123.0,1.0,0,0,,0.0,0.0,0.0,0.0,0.0,2015-02-19,0,0,0.0,0,0.0,0.0,0.0,0.0,0.0
2015,3,6,5,AA,1009,N3LRAA,ORD,LAX,2025,2039.0,14.0,17.0,2056.0,272.0,257.0,225.0,1744,2241.0,15.0,2257,2256.0,-1.0,0,0,,0.0,0.0,0.0,0.0,0.0,2015-03-06,0,0,0.0,0,0.0,0.0,0.0,0.0,0.0
2015,3,8,7,WN,950,N238WN,STL,MSY,2140,2138.0,-2.0,9.0,2147.0,105.0,97.0,85.0,604,2312.0,3.0,2325,2315.0,-10.0,0,0,,0.0,0.0,0.0,0.0,0.0,2015-03-08,0,0,0.0,0,0.0,0.0,0.0,0.0,0.0
2015,2,18,3,WN,782,N623SW,MKE,FLL,1745,1745.0,0.0,14.0,1759.0,205.0,177.0,161.0,1243,2140.0,2.0,2210,2142.0,-28.0,0,0,,0.0,0.0,0.0,0.0,0.0,2015-02-18,0,0,0.0,0,0.0,0.0,0.0,0.0,0.0
2015,2,16,1,WN,37,N511SW,LBB,DAL,1350,1525.0,95.0,6.0,1531.0,65.0,61.0,51.0,293,1622.0,4.0,1455,1626.0,91.0,0,0,,0.0,0.0,79.0,12.0,0.0,2015-02-16,1,1,91.0,1,0.0,0.0,86.81,13.19,0.0
2015,2,18,3,NK,520,N508NK,LAS,MCI,100,58.0,-2.0,13.0,111.0,164.0,155.0,137.0,1139,528.0,5.0,544,533.0,-11.0,0,0,,0.0,0.0,0.0,0.0,0.0,2015-02-18,0,0,0.0,0,0.0,0.0,0.0,0.0,0.0
2015,3,15,7,UA,1602,N27724,EWR,ORD,1644,1851.0,127.0,39.0,1930.0,160.0,170.0,114.0,719,2024.0,17.0,1824,2041.0,137.0,0,0,,10.0,0.0,67.0,60.0,0.0,2015-03-15,1,1,137.0,1,7.3,0.0,48.91,43.8,0.0
2015,2,22,7,WN,4363,N283WN,SJU,MCO,1420,1411.0,-9.0,23.0,1434.0,195.0,196.0,167.0,1189,1621.0,6.0,1635,1627.0,-8.0,0,0,,0.0,0.0,0.0,0.0,0.0,2015-02-22,0,0,0.0,0,0.0,0.0,0.0,0.0,0.0
2015,3,13,5,DL,730,N826DN,SLC,LAX,1124,1137.0,13.0,23.0,1200.0,121.0,113.0,76.0,590,1216.0,14.0,1225,1230.0,5.0,0,0,,0.0,0.0,0.0,0.0,0.0,2015-03-13,0,0,0.0,0,0.0,0.0,0.0,0.0,0.0
2015,3,24,2,DL,1445,N939DL,DFW,ATL,1945,1941.0,-4.0,13.0,1954.0,118.0,106.0,88.0,731,2222.0,5.0,2243,2227.0,-16.0,0,0,,0.0,0.0,0.0,0.0,0.0,2015-03-24,0,0,0.0,0,0.0,0.0,0.0,0.0,0.0
2015,2,14,6,WN,2464,N8623F,MCO,MDW,1120,1141.0,21.0,17.0,1158.0,170.0,184.0,157.0,990,1335.0,10.0,1310,1345.0,35.0,0,0,,14.0,0.0,0.0,21.0,0.0,2015-02-14,1,1,35.0,1,40.0,0.0,0.0,60.0,0.0
2015,2,21,6,WN,4156,N773SA,HOU,PHX,1710,1704.0,-6.0,12.0,1716.0,175.0,172.0,154.0,1020,1850.0,6.0,1905,1856.0,-9.0,0,0,,0.0,0.0,0.0,0.0,0.0,2015-02-21,0,0,0.0,0,0.0,0.0,0.0,0.0,0.0
2015,2,27,5,B6,123,N947JB,JFK,LAX,815,811.0,-4.0,23.0,834.0,380.0,366.0,336.0,2475,1110.0,7.0,1135,1117.0,-18.0,0,0,,0.0,0.0,0.0,0.0,0.0,2015-02-27,0,0,0.0,0,0.0,0.0,0.0,0.0,0.0
2015,2,14,6,WN,3560,N252WN,LAS,PDX,1415,1414.0,-1.0,14.0,1428.0,145.0,131.0,114.0,763,1622.0,3.0,1640,1625.0,-15.0,0,0,,0.0,0.0,0.0,0.0,0.0,2015-02-14,0,0,0.0,0,0.0,0.0,0.0,0.0,0.0
2015,3,8,7,EV,6055,N18120,DEN,CMH,1055,1114.0,19.0,13.0,1127.0,166.0,161.0,136.0,1154,1543.0,12.0,1541,1555.0,14.0,0,0,,0.0,0.0,0.0,0.0,0.0,2015-03-08,1,0,0.0,0,0.0,0.0,0.0,0.0,0.0
2015,3,7,6,UA,1566,N38473,MCO,IAH,1842,2022.0,100.0,8.0,2030.0,163.0,141.0,122.0,854,2132.0,11.0,2025,2143.0,78.0,0,0,,0.0,0.0,0.0,78.0,0.0,2015-03-07,1,1,78.0,1,0.0,0.0,0.0,100.0,0.0
2015,3,23,1,AA,1694,N021AA,LAX,ATL,2240,2259.0,19.0,20.0,2319.0,255.0,247.0,217.0,1947,556.0,10.0,555,606.0,11.0,0,0,,0.0,0.0,0.0,0.0,0.0,2015-03-23,1,0,0.0,0,0.0,0.0,0.0,0.0,0.0
2015,3,8,7,OO,4743,N187PQ,SLC,SNA,1650,1646.0,-4.0,23.0,1709.0,119.0,110.0,80.0,588,1729.0,7.0,1749,1736.0,-13.0,0,0,,0.0,0.0,0.0,0.0,0.0,2015-03-08,0,0,0.0,0,0.0,0.0,0.0,0.0,0.0
2015,2,20,5,DL,454,N690DL,JFK,STT,835,839.0,4.0,31.0,910.0,242.0,247.0,211.0,1623,1341.0,5.0,1337,1346.0,9.0,0,0,,0.0,0.0,0.0,0.0,0.0,2015-02-20,0,0,0.0,0,0.0,0.0,0.0,0.0,0.0
2015,2,20,5,AA,284,N5FDAA,HNL,LAX,1600,1556.0,-4.0,16.0,1612.0,326.0,327.0,299.0,2556,2311.0,12.0,2326,2323.0,-3.0,0,0,,0.0,0.0,0.0,0.0,0.0,2015-02-20,0,0,0.0,0,0.0,0.0,0.0,0.0,0.0
2015,3,1,7,DL,2005,N6714Q,ATL,DTW,725,721.0,-4.0,15.0,736.0,118.0,109.0,86.0,594,902.0,8.0,923,910.0,-13.0,0,0,,0.0,0.0,0.0,0.0,0.0,2015-03-01,0,0,0.0,0,0.0,0.0,0.0,0.0,0.0
2015,2,19,4,US,1997,N152UW,PHL,RSW,1005,1018.0,13.0,24.0,1042.0,188.0,172.0,145.0,993,1307.0,3.0,1313,1310.0,-3.0,0,0,,0.0,0.0,0.0,0.0,0.0,2015-02-19,0,0,0.0,0,0.0,0.0,0.0,0.0,0.0
2015,3,6,5,OO,4623,N822SK,PDX,SEA,1235,1234.0,-1.0,13.0,1247.0,50.0,47.0,27.0,129,1314.0,7.0,1325,1321.0,-4.0,0,0,,0.0,0.0,0.0,0.0,0.0,2015-03-06,0,0,0.0,0,0.0,0.0,0.0,0.0,0.0
2015,2,27,5,AA,2385,N520AA,DFW,JAX,830,822.0,-8.0,17.0,839.0,130.0,142.0,104.0,918,1123.0,21.0,1140,1144.0,4.0,0,0,,0.0,0.0,0.0,0.0,0.0,2015-02-27,0,0,0.0,0,0.0,0.0,0.0,0.0,0.0
2015,2,17,2,UA,1059,N69813,DEN,SFO,1125,1135.0,10.0,17.0,1152.0,166.0,150.0,125.0,967,1257.0,8.0,1311,1305.0,-6.0,0,0,,0.0,0.0,0.0,0.0,0.0,2015-02-17,0,0,0.0,0,0.0,0.0,0.0,0.0,0.0
2015,3,13,5,UA,1725,N13248,DEN,SFO,600,559.0,-1.0,12.0,611.0,166.0,147.0,131.0,967,722.0,4.0,746,726.0,-20.0,0,0,,0.0,0.0,0.0,0.0,0.0,2015-03-13,0,0,0.0,0,0.0,0.0,0.0,0.0,0.0
2015,2,20,5,DL,801,N813DN,ATL,RSW,820,817.0,-3.0,13.0,830.0,99.0,89.0,72.0,515,942.0,4.0,959,946.0,-13.0,0,0,,0.0,0.0,0.0,0.0,0.0,2015-02-20,0,0,0.0,0,0.0,0.0,0.0,0.0,0.0
2015,2,26,4,EV,4190,N13992,IAH,TUL,1121,1126.0,5.0,15.0,1141.0,88.0,89.0,69.0,429,1250.0,5.0,1249,1255.0,6.0,0,0,,0.0,0.0,0.0,0.0,0.0,2015-02-26,0,0,0.0,0,0.0,0.0,0.0,0.0,0.0
2015,3,8,7,EV,4638,N11187,EWR,CVG,929,928.0,-1.0,23.0,951.0,136.0,132.0,102.0,569,1133.0,7.0,1145,1140.0,-5.0,0,0,,0.0,0.0,0.0,0.0,0.0,2015-03-08,0,0,0.0,0,0.0,0.0,0.0,0.0,0.0
2015,2,13,5,WN,292,N703SW,ATL,TPA,2040,2040.0,0.0,16.0,2056.0,90.0,80.0,60.0,406,2156.0,4.0,2210,2200.0,-10.0,0,0,,0.0,0.0,0.0,0.0,0.0,2015-02-13,0,0,0.0,0,0.0,0.0,0.0,0.0,0.0
2015,3,13,5,NK,893,N505NK,ORD,DFW,915,908.0,-7.0,15.0,923.0,148.0,149.0,122.0,802,1125.0,12.0,1143,1137.0,-6.0,0,0,,0.0,0.0,0.0,0.0,0.0,2015-03-13,0,0,0.0,0,0.0,0.0,0.0,0.0,0.0
2015,2,13,5,EV,5395,N710EV,LGA,MKE,856,850.0,-6.0,50.0,940.0,166.0,164.0,108.0,738,1028.0,6.0,1042,1034.0,-8.0,0,0,,0.0,0.0,0.0,0.0,0.0,2015-02-13,0,0,0.0,0,0.0,0.0,0.0,0.0,0.0
2015,2,16,1,WN,344,N270WN,SAN,PHX,1430,1430.0,0.0,10.0,1440.0,70.0,71.0,56.0,304,1636.0,5.0,1640,1641.0,1.0,0,0,,0.0,0.0,0.0,0.0,0.0,2015-02-16,0,0,0.0,0,0.0,0.0,0.0,0.0,0.0
2015,3,14,6,WN,2444,N8653A,SFO,MDW,630,628.0,-2.0,15.0,643.0,255.0,251.0,231.0,1855,1234.0,5.0,1245,1239.0,-6.0,0,0,,0.0,0.0,0.0,0.0,0.0,2015-03-14,0,0,0.0,0,0.0,0.0,0.0,0.0,0.0
2015,2,25,3,US,1910,N521UW,ORD,CLT,550,548.0,-2.0,12.0,600.0,121.0,105.0,85.0,599,825.0,8.0,851,833.0,-18.0,0,0,,0.0,0.0,0.0,0.0,0.0,2015-02-25,0,0,0.0,0,0.0,0.0,0.0,0.0,0.0
2015,2,15,7,MQ,3054,N635MQ,CVG,JFK,1250,1250.0,0.0,36.0,1326.0,121.0,137.0,96.0,589,1502.0,5.0,1451,1507.0,16.0,0,0,,16.0,0.0,0.0,0.0,0.0,2015-02-15,0,1,16.0,1,100.0,0.0,0.0,0.0,0.0
2015,2,27,5,B6,2680,N187JB,EWR,BOS,2100,2046.0,-14.0,20.0,2106.0,66.0,60.0,33.0,200,2139.0,7.0,2206,2146.0,-20.0,0,0,,0.0,0.0,0.0,0.0,0.0,2015-02-27,0,0,0.0,0,0.0,0.0,0.0,0.0,0.0
2015,3,12,4,UA,1211,N33289,ORD,LGA,1800,1837.0,37.0,13.0,1850.0,132.0,126.0,96.0,733,2126.0,17.0,2112,2143.0,31.0,0,0,,31.0,0.0,0.0,0.0,0.0,2015-03-12,1,1,31.0,1,100.0,0.0,0.0,0.0,0.0
2015,2,28,6,MQ,3545,N628MQ,MIA,EYW,1640,1649.0,9.0,9.0,1658.0,53.0,42.0,30.0,125,1728.0,3.0,1733,1731.0,-2.0,0,0,,0.0,0.0,0.0,0.0,0.0,2015-02-28,0,0,0.0,0,0.0,0.0,0.0,0.0,0.0
2015,2,24,2,OO,4488,N814SK,LAS,SLC,630,625.0,-5.0,24.0,649.0,86.0,99.0,66.0,368,855.0,9.0,856,904.0,8.0,0,0,,0.0,0.0,0.0,0.0,0.0,2015-02-24,0,0,0.0,0,0.0,0.0,0.0,0.0,0.0
2015,3,9,1,EV,4649,N16981,ROC,EWR,1306,1300.0,-6.0,35.0,1335.0,86.0,89.0,43.0,246,1418.0,11.0,1432,1429.0,-3.0,0,0,,0.0,0.0,0.0,0.0,0.0,2015-03-09,0,0,0.0,0,0.0,0.0,0.0,0.0,0.0
2015,3,1,7,OO,4826,N625CA,SLC,MSN,1415,1407.0,-8.0,22.0,1429.0,164.0,150.0,124.0,1174,1733.0,4.0,1759,1737.0,-22.0,0,0,,0.0,0.0,0.0,0.0,0.0,2015-03-01,0,0,0.0,0,0.0,0.0,0.0,0.0,0.0
2015,3,4,3,DL,1341,N319US,ATL,GSP,1210,1208.0,-2.0,16.0,1224.0,55.0,52.0,33.0,153,1257.0,3.0,1305,1300.0,-5.0,0,0,,0.0,0.0,0.0,0.0,0.0,2015-03-04,0,0,0.0,0,0.0,0.0,0.0,0.0,0.0
2015,3,14,6,WN,2800,N222WN,MHT,TPA,1815,2051.0,156.0,8.0,2059.0,205.0,197.0,185.0,1204,4.0,4.0,2140,8.0,148.0,0,0,,0.0,0.0,148.0,0.0,0.0,2015-03-14,1,1,148.0,1,0.0,0.0,100.0,0.0,0.0
2015,2,27,5,F9,745,N918FR,DEN,PHX,1235,1231.0,-4.0,8.0,1239.0,105.0,101.0,89.0,602,1408.0,4.0,1420,1412.0,-8.0,0,0,,0.0,0.0,0.0,0.0,0.0,2015-02-27,0,0,0.0,0,0.0,0.0,0.0,0.0,0.0
2015,3,6,5,B6,84,N805JB,MCO,JFK,1828,1907.0,39.0,21.0,1928.0,161.0,146.0,117.0,944,2125.0,8.0,2109,2133.0,24.0,0,0,,0.0,0.0,6.0,18.0,0.0,2015-03-06,1,1,24.0,1,0.0,0.0,25.0,75.0,0.0
2015,2,18,3,AA,1368,N3KJAA,SFO,DFW,806,803.0,-3.0,21.0,824.0,204.0,205.0,171.0,1464,1315.0,13.0,1330,1328.0,-2.0,0,0,,0.0,0.0,0.0,0.0,0.0,2015-02-18,0,0,0.0,0,0.0,0.0,0.0,0.0,0.0
2015,2,23,1,OO,4484,N416SW,DTW,DAY,1730,1723.0,-7.0,15.0,1738.0,66.0,52.0,31.0,166,1809.0,6.0,1836,1815.0,-21.0,0,0,,0.0,0.0,0.0,0.0,0.0,2015-02-23,0,0,0.0,0,0.0,0.0,0.0,0.0,0.0
2015,2,24,2,WN,313,N7710A,CLE,MDW,1425,1425.0,0.0,8.0,1433.0,80.0,73.0,58.0,307,1431.0,7.0,1445,1438.0,-7.0,0,0,,0.0,0.0,0.0,0.0,0.0,2015-02-24,0,0,0.0,0,0.0,0.0,0.0,0.0,0.0
2015,2,28,6,AS,315,N611AS,SFO,SEA,1545,1540.0,-5.0,19.0,1559.0,124.0,131.0,101.0,679,1740.0,11.0,1749,1751.0,2.0,0,0,,0.0,0.0,0.0,0.0,0.0,2015-02-28,0,0,0.0,0,0.0,0.0,0.0,0.0,0.0
2015,3,17,2,UA,1206,N67845,LAX,SFO,1955,2000.0,5.0,17.0,2017.0,91.0,75.0,51.0,337,2108.0,7.0,2126,2115.0,-11.0,0,0,,0.0,0.0,0.0,0.0,0.0,2015-03-17,0,0,0.0,0,0.0,0.0,0.0,0.0,0.0
2015,2,13,5,EV,3954,N18102,OMA,EWR,1146,1150.0,4.0,15.0,1205.0,167.0,172.0,143.0,1134,1528.0,14.0,1533,1542.0,9.0,0,0,,0.0,0.0,0.0,0.0,0.0,2015-02-13,0,0,0.0,0,0.0,0.0,0.0,0.0,0.0
2015,3,17,2,WN,950,N741SA,SJC,PHX,1125,1124.0,-1.0,9.0,1133.0,105.0,101.0,88.0,621,1301.0,4.0,1310,1305.0,-5.0,0,0,,0.0,0.0,0.0,0.0,0.0,2015-03-17,0,0,0.0,0,0.0,0.0,0.0,0.0,0.0
2015,3,12,4,DL,2285,N905DL,LGA,MCO,700,722.0,22.0,27.0,749.0,175.0,161.0,129.0,950,958.0,5.0,955,1003.0,8.0,0,0,,0.0,0.0,0.0,0.0,0.0,2015-03-12,1,0,0.0,0,0.0,0.0,0.0,0.0,0.0
2015,3,2,1,US,2061,N124US,TPA,CLT,510,509.0,-1.0,11.0,520.0,96.0,90.0,72.0,507,632.0,7.0,646,639.0,-7.0,0,0,,0.0,0.0,0.0,0.0,0.0,2015-03-02,0,0,0.0,0,0.0,0.0,0.0,0.0,0.0
2015,3,10,2,AA,1583,N3LUAA,ORD,PHX,1445,1457.0,12.0,13.0,1510.0,233.0,205.0,186.0,1440,1616.0,6.0,1638,1622.0,-16.0,0,0,,0.0,0.0,0.0,0.0,0.0,2015-03-10,0,0,0.0,0,0.0,0.0,0.0,0.0,0.0
2015,2,16,1,US,1894,N805AW,MCO,DCA,830,828.0,-2.0,14.0,842.0,123.0,126.0,100.0,759,1022.0,12.0,1033,1034.0,1.0,0,0,,0.0,0.0,0.0,0.0,0.0,2015-02-16,0,0,0.0,0,0.0,0.0,0.0,0.0,0.0
2015,3,17,2,AA,1528,N548AA,DFW,LAS,1025,1023.0,-2.0,19.0,1042.0,180.0,160.0,134.0,1055,1056.0,7.0,1125,1103.0,-22.0,0,0,,0.0,0.0,0.0,0.0,0.0,2015-03-17,0,0,0.0,0,0.0,0.0,0.0,0.0,0.0
2015,2,13,5,AA,1408,N482AA,DFW,OKC,2055,2052.0,-3.0,14.0,2106.0,56.0,54.0,35.0,175,2141.0,5.0,2151,2146.0,-5.0,0,0,,0.0,0.0,0.0,0.0,0.0,2015-02-13,0,0,0.0,0,0.0,0.0,0.0,0.0,0.0
2015,3,3,2,US,2143,N961UW,LGA,DCA,1500,1451.0,-9.0,23.0,1514.0,81.0,85.0,56.0,214,1610.0,6.0,1621,1616.0,-5.0,0,0,,0.0,0.0,0.0,0.0,0.0,2015-03-03,0,0,0.0,0,0.0,0.0,0.0,0.0,0.0
2015,3,4,3,EV,5460,N716EV,ATL,BMI,1454,1551.0,57.0,18.0,1609.0,98.0,95.0,75.0,533,1624.0,2.0,1532,1626.0,54.0,0,0,,0.0,0.0,54.0,0.0,0.0,2015-03-04,1,1,54.0,1,0.0,0.0,100.0,0.0,0.0
2015,3,2,1,NK,852,N611NK,MYR,DTW,2025,2013.0,-12.0,10.0,2023.0,117.0,124.0,107.0,636,2210.0,7.0,2222,2217.0,-5.0,0,0,,0.0,0.0,0.0,0.0,0.0,2015-03-02,0,0,0.0,0,0.0,0.0,0.0,0.0,0.0
2015,3,23,1,OO,7373,N431SW,SLC,CPR,1511,1513.0,2.0,16.0,1529.0,80.0,69.0,49.0,320,1618.0,4.0,1631,1622.0,-9.0,0,0,,0.0,0.0,0.0,0.0,0.0,2015-03-23,0,0,0.0,0,0.0,0.0,0.0,0.0,0.0
2015,3,13,5,UA,948,N410UA,ORD,SFO,900,858.0,-2.0,17.0,915.0,293.0,263.0,241.0,1846,1116.0,5.0,1153,1121.0,-32.0,0,0,,0.0,0.0,0.0,0.0,0.0,2015-03-13,0,0,0.0,0,0.0,0.0,0.0,0.0,0.0
2015,3,17,2,MQ,3020,N856MQ,DFW,TYR,1200,1157.0,-3.0,16.0,1213.0,42.0,44.0,25.0,102,1238.0,3.0,1242,1241.0,-1.0,0,0,,0.0,0.0,0.0,0.0,0.0,2015-03-17,0,0,0.0,0,0.0,0.0,0.0,0.0,0.0
2015,2,27,5,OO,4584,N936SW,RAP,MSP,1152,1140.0,-12.0,14.0,1154.0,98.0,107.0,84.0,489,1418.0,9.0,1430,1427.0,-3.0,0,0,,0.0,0.0,0.0,0.0,0.0,2015-02-27,0,0,0.0,0,0.0,0.0,0.0,0.0,0.0
2015,3,13,5,OO,5606,N946SW,SDF,ORD,1405,1403.0,-2.0,29.0,1432.0,93.0,93.0,54.0,287,1426.0,10.0,1438,1436.0,-2.0,0,0,,0.0,0.0,0.0,0.0,0.0,2015-03-13,0,0,0.0,0,0.0,0.0,0.0,0.0,0.0
2015,2,26,4,DL,1592,N824DN,SAN,ATL,630,629.0,-1.0,20.0,649.0,247.0,230.0,201.0,1892,1310.0,9.0,1337,1319.0,-18.0,0,0,,0.0,0.0,0.0,0.0,0.0,2015-02-26,0,0,0.0,0,0.0,0.0,0.0,0.0,0.0
2015,2,24,2,UA,297,N495UA,EWR,BOS,2005,2010.0,5.0,13.0,2023.0,73.0,63.0,46.0,200,2109.0,4.0,2118,2113.0,-5.0,0,0,,0.0,0.0,0.0,0.0,0.0,2015-02-24,0,0,0.0,0,0.0,0.0,0.0,0.0,0.0
2015,3,24,2,AS,560,N419AS,PDX,LAX,1855,1850.0,-5.0,12.0,1902.0,144.0,129.0,107.0,834,2049.0,10.0,2119,2059.0,-20.0,0,0,,0.0,0.0,0.0,0.0,0.0,2015-03-24,0,0,0.0,0,0.0,0.0,0.0,0.0,0.0
2015,2,17,2,MQ,3202,N621MQ,JFK,IND,1530,1539.0,9.0,34.0,1613.0,154.0,158.0,122.0,665,1815.0,2.0,1804,1817.0,13.0,0,0,,0.0,0.0,0.0,0.0,0.0,2015-02-17,0,0,0.0,0,0.0,0.0,0.0,0.0,0.0
2015,3,8,7,WN,1713,N409WN,RNO,LAS,1640,1636.0,-4.0,8.0,1644.0,75.0,70.0,52.0,345,1736.0,10.0,1755,1746.0,-9.0,0,0,,0.0,0.0,0.0,0.0,0.0,2015-03-08,0,0,0.0,0,0.0,0.0,0.0,0.0,0.0
2015,3,21,6,DL,1499,N951DL,MEM,ATL,600,558.0,-2.0,15.0,613.0,75.0,73.0,53.0,332,806.0,5.0,815,811.0,-4.0,0,0,,0.0,0.0,0.0,0.0,0.0,2015-03-21,0,0,0.0,0,0.0,0.0,0.0,0.0,0.0
2015,3,15,7,B6,219,N193JB,JFK,CLT,808,815.0,7.0,26.0,841.0,128.0,127.0,97.0,541,1018.0,4.0,1016,1022.0,6.0,0,0,,0.0,0.0,0.0,0.0,0.0,2015-03-15,0,0,0.0,0,0.0,0.0,0.0,0.0,0.0
2015,3,23,1,EV,4407,N24103,ORD,FNT,2030,2050.0,20.0,14.0,2104.0,70.0,53.0,35.0,223,2239.0,4.0,2240,2243.0,3.0,0,0,,0.0,0.0,0.0,0.0,0.0,2015-03-23,1,0,0.0,0,0.0,0.0,0.0,0.0,0.0
2015,3,9,1,UA,1267,N68802,IAH,FLL,1543,1556.0,13.0,13.0,1609.0,146.0,131.0,114.0,965,1903.0,4.0,1909,1907.0,-2.0,0,0,,0.0,0.0,0.0,0.0,0.0,2015-03-09,0,0,0.0,0,0.0,0.0,0.0,0.0,0.0
2015,3,4,3,US,547,N162UW,FLL,PHX,1700,1737.0,37.0,12.0,1749.0,314.0,283.0,266.0,1972,2015.0,5.0,2014,2020.0,6.0,0,0,,0.0,0.0,0.0,0.0,0.0,2015-03-04,1,0,0.0,0,0.0,0.0,0.0,0.0,0.0
2015,2,28,6,DL,1902,N925DL,PBI,LGA,1845,1843.0,-2.0,10.0,1853.0,168.0,149.0,134.0,1035,2107.0,5.0,2133,2112.0,-21.0,0,0,,0.0,0.0,0.0,0.0,0.0,2015-02-28,0,0,0.0,0,0.0,0.0,0.0,0.0,0.0
2015,3,15,7,F9,1015,N953FR,PHL,TPA,1145,1218.0,33.0,17.0,1235.0,155.0,154.0,131.0,920,1446.0,6.0,1420,1452.0,32.0,0,0,,0.0,0.0,0.0,32.0,0.0,2015-03-15,1,1,32.0,1,0.0,0.0,0.0,100.0,0.0
2015,2,18,3,DL,1473,N371DA,SEA,JFK,1128,1123.0,-5.0,15.0,1138.0,307.0,296.0,274.0,2422,1912.0,7.0,1935,1919.0,-16.0,0,0,,0.0,0.0,0.0,0.0,0.0,2015-02-18,0,0,0.0,0,0.0,0.0,0.0,0.0,0.0
2015,3,24,2,OO,7383,N913EV,SLC,CPR,1112,1107.0,-5.0,18.0,1125.0,81.0,70.0,48.0,320,1213.0,4.0,1233,1217.0,-16.0,0,0,,0.0,0.0,0.0,0.0,0.0,2015-03-24,0,0,0.0,0,0.0,0.0,0.0,0.0,0.0
2015,3,8,7,DL,1558,N394DA,LAX,TPA,1043,1050.0,7.0,17.0,1107.0,269.0,266.0,247.0,2158,1814.0,2.0,1812,1816.0,4.0,0,0,,0.0,0.0,0.0,0.0,0.0,2015-03-08,0,0,0.0,0,0.0,0.0,0.0,0.0,0.0
2015,2,18,3,OO,4598,N438SW,DTW,ATW,1205,1202.0,-3.0,14.0,1216.0,86.0,79.0,59.0,296,1215.0,6.0,1231,1221.0,-10.0,0,0,,0.0,0.0,0.0,0.0,0.0,2015-02-18,0,0,0.0,0,0.0,0.0,0.0,0.0,0.0
2015,3,14,6,EV,4269,N18557,CLE,IAD,1958,2109.0,71.0,8.0,2117.0,75.0,66.0,50.0,288,2207.0,8.0,2113,2215.0,62.0,0,0,,0.0,0.0,0.0,62.0,0.0,2015-03-14,1,1,62.0,1,0.0,0.0,0.0,100.0,0.0
2015,2,13,5,MQ,3308,N646MQ,DFW,SGF,2125,2120.0,-5.0,13.0,2133.0,72.0,77.0,60.0,364,2233.0,4.0,2237,2237.0,0.0,0,0,,0.0,0.0,0.0,0.0,0.0,2015-02-13,0,0,0.0,0,0.0,0.0,0.0,0.0,0.0
2015,3,4,3,WN,4563,N498WN,BDL,TPA,1435,1655.0,140.0,9.0,1704.0,195.0,184.0,171.0,1111,1955.0,4.0,1750,1959.0,129.0,0,0,,0.0,0.0,5.0,124.0,0.0,2015-03-04,1,1,129.0,1,0.0,0.0,3.88,96.12,0.0
2015,3,1,7,WN,2058,N511SW,HRL,AUS,1655,1711.0,16.0,11.0,1722.0,65.0,56.0,40.0,273,1802.0,5.0,1800,1807.0,7.0,0,0,,0.0,0.0,0.0,0.0,0.0,2015-03-01,1,0,0.0,0,0.0,0.0,0.0,0.0,0.0
2015,2,28,6,AS,518,N622AS,SEA,SNA,1950,1937.0,-13.0,10.0,1947.0,149.0,138.0,125.0,978,2152.0,3.0,2219,2155.0,-24.0,0,0,,0.0,0.0,0.0,0.0,0.0,2015-02-28,0,0,0.0,0,0.0,0.0,0.0,0.0,0.0
2015,2,15,7,WN,2780,N8303R,BWI,MDW,1710,1736.0,26.0,11.0,1747.0,130.0,129.0,110.0,611,1837.0,8.0,1820,1845.0,25.0,0,0,,0.0,0.0,24.0,1.0,0.0,2015-02-15,1,1,25.0,1,0.0,0.0,96.0,4.0,0.0
2015,2,22,7,AA,2451,N3ENAA,LGA,MIA,700,700.0,0.0,33.0,733.0,200.0,203.0,161.0,1096,1014.0,9.0,1020,1023.0,3.0,0,0,,0.0,0.0,0.0,0.0,0.0,2015-02-22,0,0,0.0,0,0.0,0.0,0.0,0.0,0.0
2015,3,19,4,MQ,3233,N516MQ,ORD,XNA,2040,2034.0,-6.0,27.0,2101.0,97.0,117.0,80.0,522,2221.0,10.0,2217,2231.0,14.0,0,0,,0.0,0.0,0.0,0.0,0.0,2015-03-19,0,0,0.0,0,0.0,0.0,0.0,0.0,0.0
2015,2,20,5,OO,5269,N786SK,TUS,IAH,615,608.0,-7.0,17.0,625.0,140.0,132.0,105.0,936,910.0,10.0,935,920.0,-15.0,0,0,,0.0,0.0,0.0,0.0,0.0,2015-02-20,0,0,0.0,0,0.0,0.0,0.0,0.0,0.0
2015,2,25,3,MQ,3033,N640MQ,ORD,SGF,1900,2211.0,191.0,80.0,2331.0,95.0,162.0,77.0,438,48.0,5.0,2035,53.0,258.0,0,0,,67.0,0.0,0.0,173.0,18.0,2015-02-25,1,1,258.0,1,25.97,0.0,0.0,67.05,6.98
2015,3,4,3,MQ,3439,N616MQ,DFW,TYS,730,727.0,-3.0,17.0,744.0,116.0,114.0,93.0,772,1017.0,4.0,1026,1021.0,-5.0,0,0,,0.0,0.0,0.0,0.0,0.0,2015-03-04,0,0,0.0,0,0.0,0.0,0.0,0.0,0.0
2015,2,20,5,DL,900,N324US,BOS,ATL,545,544.0,-1.0,19.0,603.0,192.0,164.0,133.0,946,816.0,12.0,857,828.0,-29.0,0,0,,0.0,0.0,0.0,0.0,0.0,2015-02-20,0,0,0.0,0,0.0,0.0,0.0,0.0,0.0
2015,3,9,1,WN,176,N7814B,MDW,TPA,1955,1949.0,-6.0,9.0,1958.0,150.0,143.0,130.0,997,2308.0,4.0,2325,2312.0,-13.0,0,0,,0.0,0.0,0.0,0.0,0.0,2015-03-09,0,0,0.0,0,0.0,0.0,0.0,0.0,0.0
2015,3,13,5,WN,2154,N317WN,SFO,SAN,920,920.0,0.0,9.0,929.0,85.0,76.0,65.0,447,1034.0,2.0,1045,1036.0,-9.0,0,0,,0.0,0.0,0.0,0.0,0.0,2015-03-13,0,0,0.0,0,0.0,0.0,0.0,0.0,0.0
2015,3,18,3,DL,1446,N662DN,PHX,ATL,730,726.0,-4.0,24.0,750.0,218.0,218.0,185.0,1587,1355.0,9.0,1408,1404.0,-4.0,0,0,,0.0,0.0,0.0,0.0,0.0,2015-03-18,0,0,0.0,0,0.0,0.0,0.0,0.0,0.0
2015,3,16,1,AS,838,N530AS,HNL,OAK,1410,1413.0,3.0,15.0,1428.0,312.0,277.0,258.0,2409,2146.0,4.0,2222,2150.0,-32.0,0,0,,0.0,0.0,0.0,0.0,0.0,2015-03-16,0,0,0.0,0,0.0,0.0,0.0,0.0,0.0
2015,2,28,6,HA,508,N488HA,LIH,OGG,1032,1027.0,-5.0,8.0,1035.0,45.0,51.0,35.0,201,1110.0,8.0,1117,1118.0,1.0,0,0,,0.0,0.0,0.0,0.0,0.0,2015-02-28,0,0,0.0,0,0.0,0.0,0.0,0.0,0.0
2015,3,22,7,WN,817,N713SW,MKE,RSW,2105,2059.0,-6.0,11.0,2110.0,170.0,162.0,146.0,1183,36.0,5.0,55,41.0,-14.0,0,0,,0.0,0.0,0.0,0.0,0.0,2015-03-22,0,0,0.0,0,0.0,0.0,0.0,0.0,0.0
2015,3,19,4,AA,1144,N3GBAA,DFW,LGA,1335,1346.0,11.0,22.0,1408.0,189.0,188.0,163.0,1389,1751.0,3.0,1744,1754.0,10.0,0,0,,0.0,0.0,0.0,0.0,0.0,2015-03-19,0,0,0.0,0,0.0,0.0,0.0,0.0,0.0
2015,2,19,4,VX,363,N526VA,BOS,LAX,720,715.0,-5.0,14.0,729.0,400.0,394.0,372.0,2611,1041.0,8.0,1100,1049.0,-11.0,0,0,,0.0,0.0,0.0,0.0,0.0,2015-02-19,0,0,0.0,0,0.0,0.0,0.0,0.0,0.0
2015,3,21,6,WN,2359,N467WN,SAN,LAS,2100,2215.0,75.0,11.0,2226.0,70.0,63.0,49.0,258,2315.0,3.0,2210,2318.0,68.0,0,0,,0.0,0.0,68.0,0.0,0.0,2015-03-21,1,1,68.0,1,0.0,0.0,100.0,0.0,0.0
2015,2,28,6,OO,5497,N593ML,DEN,MTJ,1537,1546.0,9.0,13.0,1559.0,58.0,58.0,42.0,196,1641.0,3.0,1635,1644.0,9.0,0,0,,0.0,0.0,0.0,0.0,0.0,2015-02-28,0,0,0.0,0,0.0,0.0,0.0,0.0,0.0
2015,2,24,2,AA,327,N3GRAA,LGA,ORD,1018,1006.0,-12.0,34.0,1040.0,167.0,169.0,123.0,733,1143.0,12.0,1205,1155.0,-10.0,0,0,,0.0,0.0,0.0,0.0,0.0,2015-02-24,0,0,0.0,0,0.0,0.0,0.0,0.0,0.0
2015,3,11,3,WN,1072,N729SW,SJC,ONT,1550,1550.0,0.0,8.0,1558.0,65.0,65.0,54.0,333,1652.0,3.0,1655,1655.0,0.0,0,0,,0.0,0.0,0.0,0.0,0.0,2015-03-11,0,0,0.0,0,0.0,0.0,0.0,0.0,0.0
2015,3,13,5,DL,437,N957AT,JFK,BOS,1030,1031.0,1.0,16.0,1047.0,70.0,59.0,36.0,187,1123.0,7.0,1140,1130.0,-10.0,0,0,,0.0,0.0,0.0,0.0,0.0,2015-03-13,0,0,0.0,0,0.0,0.0,0.0,0.0,0.0
2015,2,22,7,UA,1298,N26208,IAH,DEN,1010,1010.0,0.0,13.0,1023.0,156.0,190.0,127.0,862,1130.0,50.0,1146,1220.0,34.0,0,0,,34.0,0.0,0.0,0.0,0.0,2015-02-22,0,1,34.0,1,100.0,0.0,0.0,0.0,0.0
2015,3,4,3,EV,5366,N717EV,DTW,MDW,1540,1623.0,43.0,15.0,1638.0,71.0,70.0,51.0,228,1629.0,4.0,1551,1633.0,42.0,0,0,,0.0,0.0,0.0,42.0,0.0,2015-03-04,1,1,42.0,1,0.0,0.0,0.0,100.0,0.0
2015,3,5,4,VX,956,N638VA,SFO,SAN,1145,1140.0,-5.0,9.0,1149.0,95.0,84.0,71.0,447,1300.0,4.0,1320,1304.0,-16.0,0,0,,0.0,0.0,0.0,0.0,0.0,2015-03-05,0,0,0.0,0,0.0,0.0,0.0,0.0,0.0
2015,3,8,7,AA,1392,N485AA,DFW,SAT,1215,1246.0,31.0,20.0,1306.0,68.0,76.0,45.0,247,1351.0,11.0,1323,1402.0,39.0,0,0,,8.0,0.0,31.0,0.0,0.0,2015-03-08,1,1,39.0,1,20.51,0.0,79.49,0.0,0.0
2015,3,1,7,AA,2442,N858AA,LAX,DFW,930,1411.0,281.0,23.0,1434.0,173.0,182.0,148.0,1235,1902.0,11.0,1423,1913.0,290.0,0,0,,9.0,0.0,0.0,281.0,0.0,2015-03-01,1,1,290.0,1,3.1,0.0,0.0,96.9,0.0
2015,3,23,1,MQ,3294,N509MQ,XNA,ORD,700,935.0,155.0,14.0,949.0,115.0,142.0,96.0,522,1125.0,32.0,855,1157.0,182.0,0,0,,182.0,0.0,0.0,0.0,0.0,2015-03-23,1,1,182.0,1,100.0,0.0,0.0,0.0,0.0
2015,2,16,1,WN,749,N208WN,MDW,BOS,1320,1505.0,105.0,9.0,1514.0,135.0,119.0,100.0,861,1754.0,10.0,1635,1804.0,89.0,0,0,,85.0,0.0,0.0,4.0,0.0,2015-02-16,1,1,89.0,1,95.51,0.0,0.0,4.49,0.0
2015,2,26,4,DL,1717,N333NB,ORD,MSP,1709,1834.0,85.0,15.0,1849.0,88.0,72.0,55.0,334,1944.0,2.0,1837,1946.0,69.0,0,0,,0.0,0.0,0.0,65.0,4.0,2015-02-26,1,1,69.0,1,0.0,0.0,0.0,94.2,5.8
2015,3,18,3,AA,1596,N3ECAA,SNA,DFW,1450,1448.0,-2.0,11.0,1459.0,170.0,169.0,144.0,1205,1923.0,14.0,1940,1937.0,-3.0,0,0,,0.0,0.0,0.0,0.0,0.0,2015-03-18,0,0,0.0,0,0.0,0.0,0.0,0.0,0.0
2015,3,18,3,B6,1121,N703JB,PDX,LGB,700,655.0,-5.0,12.0,707.0,136.0,135.0,119.0,846,906.0,4.0,916,910.0,-6.0,0,0,,0.0,0.0,0.0,0.0,0.0,2015-03-18,0,0,0.0,0,0.0,0.0,0.0,0.0,0.0
2015,3,8,7,WN,4144,N919WN,DEN,ATL,1610,1614.0,4.0,10.0,1624.0,170.0,173.0,145.0,1199,2049.0,18.0,2100,2107.0,7.0,0,0,,0.0,0.0,0.0,0.0,0.0,2015-03-08,0,0,0.0,0,0.0,0.0,0.0,0.0,0.0
2015,3,25,3,EV,5662,N12530,IAH,LCH,1542,1535.0,-7.0,16.0,1551.0,51.0,45.0,24.0,127,1615.0,5.0,1633,1620.0,-13.0,0,0,,0.0,0.0,0.0,0.0,0.0,2015-03-25,0,0,0.0,0,0.0,0.0,0.0,0.0,0.0
2015,3,6,5,EV,2551,N903EV,DFW,BTR,1345,1555.0,130.0,21.0,1616.0,75.0,79.0,54.0,383,1710.0,4.0,1500,1714.0,134.0,0,0,,4.0,0.0,22.0,108.0,0.0,2015-03-06,1,1,134.0,1,2.99,0.0,16.42,80.6,0.0
2015,3,2,1,UA,1681,N73283,MIA,ORD,730,736.0,6.0,10.0,746.0,204.0,200.0,178.0,1197,944.0,12.0,954,956.0,2.0,0,0,,0.0,0.0,0.0,0.0,0.0,2015-03-02,0,0,0.0,0,0.0,0.0,0.0,0.0,0.0
2015,3,17,2,WN,200,N7715E,PHX,MDW,1340,1337.0,-3.0,11.0,1348.0,195.0,187.0,173.0,1444,1841.0,3.0,1855,1844.0,-11.0,0,0,,0.0,0.0,0.0,0.0,0.0,2015-03-17,0,0,0.0,0,0.0,0.0,0.0,0.0,0.0
2015,3,13,5,AA,70,N5DUAA,SAN,DFW,703,1253.0,350.0,17.0,1310.0,177.0,186.0,154.0,1171,1744.0,15.0,1200,1759.0,359.0,0,0,,9.0,0.0,350.0,0.0,0.0,2015-03-13,1,1,359.0,1,2.51,0.0,97.49,0.0,0.0
2015,3,14,6,F9,901,N939FR,ATL,DEN,855,853.0,-2.0,26.0,919.0,197.0,193.0,161.0,1199,1000.0,6.0,1012,1006.0,-6.0,0,0,,0.0,0.0,0.0,0.0,0.0,2015-03-14,0,0,0.0,0,0.0,0.0,0.0,0.0,0.0
2015,3,2,1,DL,2009,N325NB,MSP,DEN,1720,1742.0,22.0,13.0,1755.0,125.0,132.0,112.0,680,1847.0,7.0,1825,1854.0,29.0,0,0,,7.0,0.0,22.0,0.0,0.0,2015-03-02,1,1,29.0,1,24.14,0.0,75.86,0.0,0.0
2015,2,17,2,EV,3805,N17560,ORD,GSP,1320,1329.0,9.0,20.0,1349.0,106.0,111.0,85.0,578,1614.0,6.0,1606,1620.0,14.0,0,0,,0.0,0.0,0.0,0.0,0.0,2015-02-17,0,0,0.0,0,0.0,0.0,0.0,0.0,0.0
2015,3,21,6,MQ,3621,N815MQ,DFW,MAF,1822,1917.0,55.0,14.0,1931.0,71.0,69.0,53.0,309,2024.0,2.0,1933,2026.0,53.0,0,0,,0.0,0.0,53.0,0.0,0.0,2015-03-21,1,1,53.0,1,0.0,0.0,100.0,0.0,0.0
2015,3,25,3,OO,6523,N973SW,PHX,LAX,626,619.0,-7.0,41.0,700.0,90.0,106.0,61.0,370,801.0,4.0,756,805.0,9.0,0,0,,0.0,0.0,0.0,0.0,0.0,2015-03-25,0,0,0.0,0,0.0,0.0,0.0,0.0,0.0
2015,3,2,1,OO,5514,N961SW,DEN,TUL,1420,1417.0,-3.0,21.0,1438.0,94.0,98.0,74.0,541,1652.0,3.0,1654,1655.0,1.0,0,0,,0.0,0.0,0.0,0.0,0.0,2015-03-02,0,0,0.0,0,0.0,0.0,0.0,0.0,0.0
2015,3,14,6,OO,4466,N824SK,SJC,LAX,1026,1025.0,-1.0,11.0,1036.0,82.0,73.0,49.0,308,1125.0,13.0,1148,1138.0,-10.0,0,0,,0.0,0.0,0.0,0.0,0.0,2015-03-14,0,0,0.0,0,0.0,0.0,0.0,0.0,0.0
2015,3,1,7,WN,162,N415WN,DCA,BNA,1535,1532.0,-3.0,33.0,1605.0,130.0,140.0,100.0,562,1645.0,7.0,1645,1652.0,7.0,0,0,,0.0,0.0,0.0,0.0,0.0,2015-03-01,0,0,0.0,0,0.0,0.0,0.0,0.0,0.0
2015,3,22,7,EV,4725,N12567,IAH,BTR,1258,1252.0,-6.0,19.0,1311.0,61.0,65.0,39.0,253,1350.0,7.0,1359,1357.0,-2.0,0,0,,0.0,0.0,0.0,0.0,0.0,2015-03-22,0,0,0.0,0,0.0,0.0,0.0,0.0,0.0
2015,3,11,3,OO,5335,N295SW,CEC,SFO,600,550.0,-10.0,18.0,608.0,103.0,109.0,87.0,304,735.0,4.0,743,739.0,-4.0,0,0,,0.0,0.0,0.0,0.0,0.0,2015-03-11,0,0,0.0,0,0.0,0.0,0.0,0.0,0.0
2015,3,1,7,WN,4741,N621SW,SMF,SAN,840,839.0,-1.0,8.0,847.0,90.0,89.0,75.0,480,1002.0,6.0,1010,1008.0,-2.0,0,0,,0.0,0.0,0.0,0.0,0.0,2015-03-01,0,0,0.0,0,0.0,0.0,0.0,0.0,0.0
2015,3,8,7,AS,451,N546AS,LAX,SEA,1540,1538.0,-2.0,23.0,1601.0,163.0,164.0,138.0,954,1819.0,3.0,1823,1822.0,-1.0,0,0,,0.0,0.0,0.0,0.0,0.0,2015-03-08,0,0,0.0,0,0.0,0.0,0.0,0.0,0.0
2015,2,28,6,WN,4115,N367SW,CHS,BWI,815,814.0,-1.0,18.0,832.0,95.0,99.0,65.0,472,937.0,16.0,950,953.0,3.0,0,0,,0.0,0.0,0.0,0.0,0.0,2015-02-28,0,0,0.0,0,0.0,0.0,0.0,0.0,0.0
2015,3,9,1,HA,123,N490HA,HNL,LIH,725,724.0,-1.0,12.0,736.0,37.0,40.0,22.0,102,758.0,6.0,802,804.0,2.0,0,0,,0.0,0.0,0.0,0.0,0.0,2015-03-09,0,0,0.0,0,0.0,0.0,0.0,0.0,0.0
2015,3,21,6,EV,5007,N856AS,SHV,ATL,1535,1534.0,-1.0,7.0,1541.0,97.0,91.0,78.0,551,1759.0,6.0,1812,1805.0,-7.0,0,0,,0.0,0.0,0.0,0.0,0.0,2015-03-21,0,0,0.0,0,0.0,0.0,0.0,0.0,0.0
2015,2,17,2,UA,297,N842UA,ATL,EWR,616,634.0,18.0,13.0,647.0,133.0,109.0,84.0,746,811.0,12.0,829,823.0,-6.0,0,0,,0.0,0.0,0.0,0.0,0.0,2015-02-17,1,0,0.0,0,0.0,0.0,0.0,0.0,0.0
2015,3,21,6,WN,2886,N716SW,BWI,BUF,1505,1517.0,12.0,8.0,1525.0,70.0,66.0,53.0,281,1618.0,5.0,1615,1623.0,8.0,0,0,,0.0,0.0,0.0,0.0,0.0,2015-03-21,0,0,0.0,0,0.0,0.0,0.0,0.0,0.0
2015,2,19,4,MQ,3401,N690MQ,SHV,DFW,1626,1622.0,-4.0,8.0,1630.0,60.0,55.0,42.0,190,1712.0,5.0,1726,1717.0,-9.0,0,0,,0.0,0.0,0.0,0.0,0.0,2015-02-19,0,0,0.0,0,0.0,0.0,0.0,0.0,0.0
2015,3,14,6,UA,1734,N64809,ORD,MCO,1740,1740.0,0.0,27.0,1807.0,165.0,164.0,131.0,1005,2118.0,6.0,2125,2124.0,-1.0,0,0,,0.0,0.0,0.0,0.0,0.0,2015-03-14,0,0,0.0,0,0.0,0.0,0.0,0.0,0.0
2015,2,16,1,UA,1254,N39726,IAH,PHL,725,726.0,1.0,18.0,744.0,199.0,176.0,153.0,1325,1117.0,5.0,1144,1122.0,-22.0,0,0,,0.0,0.0,0.0,0.0,0.0,2015-02-16,0,0,0.0,0,0.0,0.0,0.0,0.0,0.0
2015,3,8,7,B6,1984,N805JB,MCO,JFK,1331,1400.0,29.0,13.0,1413.0,165.0,140.0,121.0,944,1614.0,6.0,1616,1620.0,4.0,0,0,,0.0,0.0,0.0,0.0,0.0,2015-03-08,1,0,0.0,0,0.0,0.0,0.0,0.0,0.0
2015,2,20,5,OO,4805,N630SK,GRB,MSP,705,659.0,-6.0,21.0,720.0,83.0,78.0,52.0,252,812.0,5.0,828,817.0,-11.0,0,0,,0.0,0.0,0.0,0.0,0.0,2015-02-20,0,0,0.0,0,0.0,0.0,0.0,0.0,0.0
2015,3,13,5,EV,6122,N11548,ORD,LEX,750,746.0,-4.0,18.0,804.0,81.0,77.0,55.0,323,959.0,4.0,1011,1003.0,-8.0,0,0,,0.0,0.0,0.0,0.0,0.0,2015-03-13,0,0,0.0,0,0.0,0.0,0.0,0.0,0.0
2015,2,15,7,OO,2575,N417SW,ABQ,LAX,1230,1227.0,-3.0,16.0,1243.0,124.0,117.0,94.0,677,1317.0,7.0,1334,1324.0,-10.0,0,0,,0.0,0.0,0.0,0.0,0.0,2015-02-15,0,0,0.0,0,0.0,0.0,0.0,0.0,0.0
2015,2,26,4,WN,1133,N908WN,IAD,MDW,1645,1655.0,10.0,9.0,1704.0,125.0,107.0,93.0,577,1737.0,5.0,1750,1742.0,-8.0,0,0,,0.0,0.0,0.0,0.0,0.0,2015-02-26,0,0,0.0,0,0.0,0.0,0.0,0.0,0.0
2015,3,21,6,OO,5342,N958SW,DEN,MKE,1715,1709.0,-6.0,11.0,1720.0,144.0,133.0,116.0,896,2016.0,6.0,2039,2022.0,-17.0,0,0,,0.0,0.0,0.0,0.0,0.0,2015-03-21,0,0,0.0,0,0.0,0.0,0.0,0.0,0.0
2015,2,17,2,MQ,3633,N696MQ,DFW,GRK,1825,1830.0,5.0,13.0,1843.0,46.0,61.0,29.0,134,1912.0,19.0,1911,1931.0,20.0,0,0,,20.0,0.0,0.0,0.0,0.0,2015-02-17,0,1,20.0,1,100.0,0.0,0.0,0.0,0.0
2015,2,18,3,AS,567,N586AS,LAX,PDX,1950,1945.0,-5.0,11.0,1956.0,143.0,127.0,112.0,834,2148.0,4.0,2213,2152.0,-21.0,0,0,,0.0,0.0,0.0,0.0,0.0,2015-02-18,0,0,0.0,0,0.0,0.0,0.0,0.0,0.0
2015,3,15,7,WN,347,N266WN,HOU,OKC,2150,2151.0,1.0,8.0,2159.0,80.0,74.0,60.0,419,2259.0,6.0,2310,2305.0,-5.0,0,0,,0.0,0.0,0.0,0.0,0.0,2015-03-15,0,0,0.0,0,0.0,0.0,0.0,0.0,0.0
2015,3,20,5,WN,4572,N566WN,FLL,BWI,1725,1721.0,-4.0,15.0,1736.0,155.0,152.0,131.0,925,1947.0,6.0,2000,1953.0,-7.0,0,0,,0.0,0.0,0.0,0.0,0.0,2015-03-20,0,0,0.0,0,0.0,0.0,0.0,0.0,0.0
2015,2,17,2,WN,315,N269WN,DEN,ONT,850,848.0,-2.0,21.0,909.0,140.0,129.0,102.0,819,951.0,6.0,1010,957.0,-13.0,0,0,,0.0,0.0,0.0,0.0,0.0,2015-02-17,0,0,0.0,0,0.0,0.0,0.0,0.0,0.0
2015,3,4,3,WN,1714,N775SW,DAL,LGA,1310,1337.0,27.0,6.0,1343.0,195.0,169.0,151.0,1381,1714.0,12.0,1725,1726.0,1.0,0,0,,0.0,0.0,0.0,0.0,0.0,2015-03-04,1,0,0.0,0,0.0,0.0,0.0,0.0,0.0
2015,2,22,7,UA,1254,N73445,LAS,IAH,38,32.0,-6.0,13.0,45.0,165.0,153.0,134.0,1222,459.0,6.0,523,505.0,-18.0,0,0,,0.0,0.0,0.0,0.0,0.0,2015-02-22,0,0,0.0,0,0.0,0.0,0.0,0.0,0.0
2015,2,20,5,EV,4322,N14573,ORD,BHM,1455,1459.0,4.0,57.0,1556.0,111.0,140.0,79.0,584,1715.0,4.0,1646,1719.0,33.0,0,0,,29.0,0.0,4.0,0.0,0.0,2015-02-20,0,1,33.0,1,87.88,0.0,12.12,0.0,0.0
2015,3,13,5,WN,2073,N243WN,BWI,MCO,2135,2201.0,26.0,11.0,2212.0,135.0,130.0,111.0,787,3.0,8.0,2350,11.0,21.0,0,0,,0.0,0.0,2.0,19.0,0.0,2015-03-13,1,1,21.0,1,0.0,0.0,9.52,90.48,0.0
2015,3,3,2,WN,4530,N905WN,BNA,STL,1835,1847.0,12.0,11.0,1858.0,70.0,63.0,46.0,272,1944.0,6.0,1945,1950.0,5.0,0,0,,0.0,0.0,0.0,0.0,0.0,2015-03-03,0,0,0.0,0,0.0,0.0,0.0,0.0,0.0
2015,3,14,6,WN,1262,N738CB,DCA,STL,1200,1212.0,12.0,10.0,1222.0,140.0,123.0,108.0,719,1310.0,5.0,1320,1315.0,-5.0,0,0,,0.0,0.0,0.0,0.0,0.0,2015-03-14,0,0,0.0,0,0.0,0.0,0.0,0.0,0.0
2015,3,25,3,DL,1398,N922DL,ATL,MHT,2040,2032.0,-8.0,14.0,2046.0,156.0,136.0,118.0,952,2244.0,4.0,2316,2248.0,-28.0,0,0,,0.0,0.0,0.0,0.0,0.0,2015-03-25,0,0,0.0,0,0.0,0.0,0.0,0.0,0.0
2015,2,18,3,OO,6268,N582SW,FAT,SFO,1707,1656.0,-11.0,9.0,1705.0,60.0,51.0,37.0,158,1742.0,5.0,1807,1747.0,-20.0,0,0,,0.0,0.0,0.0,0.0,0.0,2015-02-18,0,0,0.0,0,0.0,0.0,0.0,0.0,0.0
2015,3,24,2,MQ,3122,N640MQ,DFW,SGF,2010,2003.0,-7.0,11.0,2014.0,77.0,70.0,54.0,364,2108.0,5.0,2127,2113.0,-14.0,0,0,,0.0,0.0,0.0,0.0,0.0,2015-03-24,0,0,0.0,0,0.0,0.0,0.0,0.0,0.0
2015,3,12,4,WN,1877,N649SW,MSP,PHX,1045,1043.0,-2.0,8.0,1051.0,205.0,183.0,172.0,1276,1143.0,3.0,1210,1146.0,-24.0,0,0,,0.0,0.0,0.0,0.0,0.0,2015-03-12,0,0,0.0,0,0.0,0.0,0.0,0.0,0.0
2015,3,19,4,UA,1622,N17245,ORD,EWR,1405,1409.0,4.0,8.0,1417.0,130.0,106.0,87.0,719,1644.0,11.0,1715,1655.0,-20.0,0,0,,0.0,0.0,0.0,0.0,0.0,2015-03-19,0,0,0.0,0,0.0,0.0,0.0,0.0,0.0
2015,3,10,2,AA,305,N5BTAA,MIA,SFO,1420,1528.0,68.0,12.0,1540.0,387.0,340.0,323.0,2585,1803.0,5.0,1747,1808.0,21.0,0,0,,0.0,0.0,21.0,0.0,0.0,2015-03-10,1,1,21.0,1,0.0,0.0,100.0,0.0,0.0
2015,3,8,7,AA,137,N3GGAA,DCA,DFW,734,727.0,-7.0,13.0,740.0,221.0,208.0,190.0,1192,950.0,5.0,1015,955.0,-20.0,0,0,,0.0,0.0,0.0,0.0,0.0,2015-03-08,0,0,0.0,0,0.0,0.0,0.0,0.0,0.0
2015,3,2,1,DL,2597,N992DL,CLT,ATL,1430,1503.0,33.0,15.0,1518.0,80.0,65.0,44.0,226,1602.0,6.0,1550,1608.0,18.0,0,0,,0.0,0.0,2.0,16.0,0.0,2015-03-02,1,1,18.0,1,0.0,0.0,11.11,88.89,0.0
2015,3,13,5,MQ,3238,N611MQ,ORD,HSV,1510,1508.0,-2.0,16.0,1524.0,100.0,112.0,72.0,510,1636.0,24.0,1650,1700.0,10.0,0,0,,0.0,0.0,0.0,0.0,0.0,2015-03-13,0,0,0.0,0,0.0,0.0,0.0,0.0,0.0
2015,3,13,5,WN,2522,N927WN,TPA,PIT,930,925.0,-5.0,9.0,934.0,135.0,125.0,112.0,873,1126.0,4.0,1145,1130.0,-15.0,0,0,,0.0,0.0,0.0,0.0,0.0,2015-03-13,0,0,0.0,0,0.0,0.0,0.0,0.0,0.0
2015,3,13,5,MQ,3483,N683MQ,MIA,GNV,715,715.0,0.0,18.0,733.0,72.0,74.0,52.0,294,825.0,4.0,827,829.0,2.0,0,0,,0.0,0.0,0.0,0.0,0.0,2015-03-13,0,0,0.0,0,0.0,0.0,0.0,0.0,0.0
2015,3,3,2,DL,2425,N315US,MSY,ATL,1410,1411.0,1.0,13.0,1424.0,87.0,89.0,58.0,425,1622.0,18.0,1637,1640.0,3.0,0,0,,0.0,0.0,0.0,0.0,0.0,2015-03-03,0,0,0.0,0,0.0,0.0,0.0,0.0,0.0
2015,2,18,3,WN,472,N727SW,SNA,SJC,1755,1851.0,56.0,8.0,1859.0,75.0,67.0,54.0,342,1953.0,5.0,1910,1958.0,48.0,0,0,,0.0,0.0,9.0,39.0,0.0,2015-02-18,1,1,48.0,1,0.0,0.0,18.75,81.25,0.0
2015,3,8,7,HA,122,N480HA,HNL,ITO,727,720.0,-7.0,10.0,730.0,50.0,58.0,41.0,216,811.0,7.0,817,818.0,1.0,0,0,,0.0,0.0,0.0,0.0,0.0,2015-03-08,0,0,0.0,0,0.0,0.0,0.0,0.0,0.0
2015,2,24,2,UA,1424,N36476,ORD,SFO,810,810.0,0.0,17.0,827.0,285.0,250.0,228.0,1846,1015.0,5.0,1055,1020.0,-35.0,0,0,,0.0,0.0,0.0,0.0,0.0,2015-02-24,0,0,0.0,0,0.0,0.0,0.0,0.0,0.0
2015,3,8,7,EV,4609,N22909,CRP,IAH,1051,1051.0,0.0,12.0,1103.0,62.0,61.0,40.0,201,1143.0,9.0,1153,1152.0,-1.0,0,0,,0.0,0.0,0.0,0.0,0.0,2015-03-08,0,0,0.0,0,0.0,0.0,0.0,0.0,0.0
2015,3,14,6,AA,1448,N3AJAA,MIA,TPA,1950,2209.0,139.0,23.0,2232.0,64.0,69.0,41.0,204,2313.0,5.0,2054,2318.0,144.0,0,0,,5.0,0.0,120.0,19.0,0.0,2015-03-14,1,1,144.0,1,3.47,0.0,83.33,13.19,0.0
2015,2,15,7,DL,2447,N966DL,LGA,ATL,1659,1700.0,1.0,29.0,1729.0,179.0,149.0,115.0,762,1924.0,5.0,1958,1929.0,-29.0,0,0,,0.0,0.0,0.0,0.0,0.0,2015-02-15,0,0,0.0,0,0.0,0.0,0.0,0.0,0.0
2015,3,18,3,EV,4566,N41104,BIL,DEN,1014,1006.0,-8.0,13.0,1019.0,94.0,97.0,73.0,455,1132.0,11.0,1148,1143.0,-5.0,0,0,,0.0,0.0,0.0,0.0,0.0,2015-03-18,0,0,0.0,0,0.0,0.0,0.0,0.0,0.0
2015,2,14,6,EV,4910,N719EV,VPS,ATL,1436,1428.0,-8.0,11.0,1439.0,68.0,59.0,43.0,250,1622.0,5.0,1644,1627.0,-17.0,0,0,,0.0,0.0,0.0,0.0,0.0,2015-02-14,0,0,0.0,0,0.0,0.0,0.0,0.0,0.0
2015,3,9,1,US,1873,N117UW,CLT,TPA,2210,2209.0,-1.0,15.0,2224.0,98.0,95.0,74.0,507,2338.0,6.0,2348,2344.0,-4.0,0,0,,0.0,0.0,0.0,0.0,0.0,2015-03-09,0,0,0.0,0,0.0,0.0,0.0,0.0,0.0
2015,3,3,2,OO,3461,N218AG,ONT,PDX,600,553.0,-7.0,16.0,609.0,144.0,147.0,128.0,838,817.0,3.0,824,820.0,-4.0,0,0,,0.0,0.0,0.0,0.0,0.0,2015-03-03,0,0,0.0,0,0.0,0.0,0.0,0.0,0.0
2015,3,23,1,OO,5554,N934SW,ORD,DSM,737,1207.0,270.0,24.0,1231.0,80.0,82.0,55.0,299,1326.0,3.0,857,1329.0,272.0,0,0,,2.0,0.0,0.0,16.0,254.0,2015-03-23,1,1,272.0,1,0.74,0.0,0.0,5.88,93.38
2015,2,27,5,WN,1108,N791SW,SMF,SAN,1055,1056.0,1.0,9.0,1105.0,85.0,74.0,61.0,480,1206.0,4.0,1220,1210.0,-10.0,0,0,,0.0,0.0,0.0,0.0,0.0,2015-02-27,0,0,0.0,0,0.0,0.0,0.0,0.0,0.0
2015,3,21,6,AS,809,N579AS,PDX,OGG,1120,1110.0,-10.0,14.0,1124.0,380.0,382.0,362.0,2562,1426.0,6.0,1440,1432.0,-8.0,0,0,,0.0,0.0,0.0,0.0,0.0,2015-03-21,0,0,0.0,0,0.0,0.0,0.0,0.0,0.0
2015,2,23,1,DL,1764,N901DE,LGA,MCO,700,722.0,22.0,21.0,743.0,185.0,161.0,136.0,950,959.0,4.0,1005,1003.0,-2.0,0,0,,0.0,0.0,0.0,0.0,0.0,2015-02-23,1,0,0.0,0,0.0,0.0,0.0,0.0,0.0
2015,3,19,4,WN,3577,N552WN,PWM,BWI,1750,1755.0,5.0,7.0,1802.0,95.0,84.0,72.0,452,1914.0,5.0,1925,1919.0,-6.0,0,0,,0.0,0.0,0.0,0.0,0.0,2015-03-19,0,0,0.0,0,0.0,0.0,0.0,0.0,0.0
2015,2,21,6,AA,1269,N505AA,DFW,IAD,1505,1503.0,-2.0,11.0,1514.0,161.0,155.0,133.0,1172,1827.0,11.0,1846,1838.0,-8.0,0,0,,0.0,0.0,0.0,0.0,0.0,2015-02-21,0,0,0.0,0,0.0,0.0,0.0,0.0,0.0
