YEAR,MONTH,DAY,DAY_OF_WEEK,AIRLINE,FLIGHT_NUMBER,TAIL_NUMBER,ORIGIN_AIRPORT,DESTINATION_AIRPORT,SCHEDULED_DEPARTURE,DEPARTURE_TIME,DEPARTURE_DELAY,TAXI_OUT,WHEELS_OFF,SCHEDULED_TIME,ELAPSED_TIME,AIR_TIME,DISTANCE,WHEELS_ON,TAXI_IN,SCHEDULED_ARRIVAL,ARRIVAL_TIME,ARRIVAL_DELAY,DIVERTED,CANCELLED,CANCELLATION_REASON,AIR_SYSTEM_DELAY,SECURITY_DELAY,AIRLINE_DELAY,LATE_AIRCRAFT_DELAY,WEATHER_DELAY,date,flight_depart_delayed,AIR_SYSTEM_DELAY_pct,SECURITY_DELAY_pct,AIRLINE_DELAY_pct,LATE_AIRCRAFT_DELAY_pct,WEATHER_DELAY_pct
2015,7,6,1,OO,4849,N629BR,LAN,MSP,725,719.0,-6.0,11.0,730.0,95.0,100.0,85.0,455,755.0,4.0,800,759.0,-1.0,0,0,,0.0,0.0,0.0,0.0,0.0,2015-07-06,0,0.0,0.0,0.0,0.0,0.0
2015,6,26,5,UA,1980,N29129,MCO,EWR,1640,1636.0,-4.0,11.0,1647.0,185.0,174.0,124.0,937,1851.0,39.0,1945,1930.0,-15.0,0,0,,0.0,0.0,0.0,0.0,0.0,2015-06-26,0,0.0,0.0,0.0,0.0,0.0
2015,7,15,3,WN,982,N481WN,BUR,LAS,820,815.0,-5.0,8.0,823.0,60.0,54.0,41.0,223,904.0,5.0,920,909.0,-11.0,0,0,,0.0,0.0,0.0,0.0,0.0,2015-07-15,0,0.0,0.0,0.0,0.0,0.0
2015,6,21,7,OO,5292,N916SW,ORD,MBS,1007,1001.0,-6.0,10.0,1011.0,69.0,54.0,39.0,222,1150.0,5.0,1216,1155.0,-21.0,0,0,,0.0,0.0,0.0,0.0,0.0,2015-06-21,0,0.0,0.0,0.0,0.0,0.0
2015,7,10,5,B6,1384,N267JB,RDU,BOS,1822,1819.0,-3.0,15.0,1834.0,109.0,107.0,84.0,612,1958.0,8.0,2011,2006.0,-5.0,0,0,,0.0,0.0,0.0,0.0,0.0,2015-07-10,0,0.0,0.0,0.0,0.0,0.0
2015,7,1,3,AA,407,N534UW,PHX,SFO,1355,1357.0,2.0,14.0,1411.0,124.0,103.0,85.0,651,1536.0,4.0,1559,1540.0,-19.0,0,0,,0.0,0.0,0.0,0.0,0.0,2015-07-01,0,0.0,0.0,0.0,0.0,0.0
2015,6,23,2,EV,3933,N13550,IAH,OKC,1548,1543.0,-5.0,20.0,1603.0,90.0,89.0,62.0,395,1705.0,7.0,1718,1712.0,-6.0,0,0,,0.0,0.0,0.0,0.0,0.0,2015-06-23,0,0.0,0.0,0.0,0.0,0.0
2015,6,30,2,EV,4873,N937EV,ATL,CID,2115,2109.0,-6.0,27.0,2136.0,127.0,132.0,101.0,694,2217.0,4.0,2222,2221.0,-1.0,0,0,,0.0,0.0,0.0,0.0,0.0,2015-06-30,0,0.0,0.0,0.0,0.0,0.0
2015,7,12,7,UA,498,N417UA,SFO,SAN,2230,2228.0,-2.0,14.0,2242.0,95.0,86.0,69.0,447,2351.0,3.0,5,2354.0,-11.0,0,0,,0.0,0.0,0.0,0.0,0.0,2015-07-12,0,0.0,0.0,0.0,0.0,0.0
2015,7,14,2,OO,6256,N983SW,IDA,DEN,1728,1932.0,124.0,7.0,1939.0,93.0,86.0,71.0,458,2050.0,8.0,1901,2058.0,117.0,0,0,,0.0,0.0,0.0,117.0,0.0,2015-07-14,1,0.0,0.0,0.0,94.35,0.0
2015,6,15,1,UA,462,N483UA,LGA,IAH,1025,1026.0,1.0,19.0,1045.0,238.0,213.0,186.0,1416,1251.0,8.0,1323,1259.0,-24.0,0,0,,0.0,0.0,0.0,0.0,0.0,2015-06-15,0,0.0,0.0,0.0,0.0,0.0
2015,7,8,3,DL,1059,N360NW,SLC,BOS,947,945.0,-2.0,19.0,1004.0,282.0,277.0,253.0,2105,1617.0,5.0,1629,1622.0,-7.0,0,0,,0.0,0.0,0.0,0.0,0.0,2015-07-08,0,0.0,0.0,0.0,0.0,0.0
2015,7,19,7,WN,195,N761RR,MDW,LAX,1410,1434.0,24.0,6.0,1440.0,265.0,269.0,258.0,1750,1658.0,5.0,1635,1703.0,28.0,0,0,,4.0,0.0,24.0,0.0,0.0,2015-07-19,1,16.67,0.0,100.0,0.0,0.0
2015,7,8,3,DL,1163,N923AT,JAN,ATL,1143,1140.0,-3.0,14.0,1154.0,97.0,79.0,57.0,341,1351.0,8.0,1420,1359.0,-21.0,0,0,,0.0,0.0,0.0,0.0,0.0,2015-07-08,0,0.0,0.0,0.0,0.0,0.0
2015,7,16,4,AA,1705,N711UW,PIT,PHL,1820,1817.0,-3.0,35.0,1852.0,70.0,88.0,50.0,268,1942.0,3.0,1930,1945.0,15.0,0,0,,15.0,0.0,0.0,0.0,0.0,2015-07-16,0,-500.0,-0.0,-0.0,-0.0,-0.0
2015,7,5,7,UA,1949,N87512,ORD,SJU,730,735.0,5.0,12.0,747.0,290.0,290.0,273.0,2072,1320.0,5.0,1320,1325.0,5.0,0,0,,0.0,0.0,0.0,0.0,0.0,2015-07-05,0,0.0,0.0,0.0,0.0,0.0
2015,7,21,2,MQ,3258,N662MQ,ORD,BWI,1132,1130.0,-2.0,17.0,1147.0,119.0,106.0,84.0,622,1411.0,5.0,1431,1416.0,-15.0,0,0,,0.0,0.0,0.0,0.0,0.0,2015-07-21,0,0.0,0.0,0.0,0.0,0.0
2015,7,4,6,B6,493,N746JB,BOS,DEN,940,936.0,-4.0,13.0,949.0,267.0,249.0,232.0,1754,1141.0,4.0,1207,1145.0,-22.0,0,0,,0.0,0.0,0.0,0.0,0.0,2015-07-04,0,0.0,0.0,0.0,0.0,0.0
2015,7,4,6,WN,2241,N7722B,RDU,MCO,750,743.0,-7.0,8.0,751.0,100.0,88.0,73.0,534,904.0,7.0,930,911.0,-19.0,0,0,,0.0,0.0,0.0,0.0,0.0,2015-07-04,0,0.0,0.0,0.0,0.0,0.0
2015,6,18,4,OO,6435,N795SK,SAT,LAX,603,602.0,-1.0,17.0,619.0,189.0,186.0,164.0,1211,703.0,5.0,712,708.0,-4.0,0,0,,0.0,0.0,0.0,0.0,0.0,2015-06-18,0,0.0,0.0,0.0,0.0,0.0
2015,7,12,7,WN,851,N739GB,MDW,MCI,1230,1239.0,9.0,10.0,1249.0,80.0,74.0,59.0,405,1348.0,5.0,1350,1353.0,3.0,0,0,,0.0,0.0,0.0,0.0,0.0,2015-07-12,0,0.0,0.0,0.0,0.0,0.0
2015,7,1,3,F9,1250,N921FR,ORD,PHL,1905,1856.0,-9.0,22.0,1918.0,130.0,116.0,87.0,678,2145.0,7.0,2215,2152.0,-23.0,0,0,,0.0,0.0,0.0,0.0,0.0,2015-07-01,0,0.0,0.0,0.0,0.0,0.0
2015,7,9,4,MQ,3628,N856MQ,RDU,LGA,1055,1048.0,-7.0,40.0,1128.0,95.0,122.0,64.0,431,1232.0,18.0,1230,1250.0,20.0,0,0,,20.0,0.0,0.0,0.0,0.0,2015-07-09,0,-285.71,-0.0,-0.0,-0.0,-0.0
2015,7,6,1,WN,2791,N945WN,HOU,DEN,1615,1729.0,74.0,7.0,1736.0,150.0,132.0,118.0,883,1834.0,7.0,1745,1841.0,56.0,0,0,,0.0,0.0,56.0,0.0,0.0,2015-07-06,1,0.0,0.0,75.68,0.0,0.0
2015,7,9,4,DL,1460,N338NW,MIA,ATL,750,750.0,0.0,15.0,805.0,118.0,107.0,83.0,594,928.0,9.0,948,937.0,-11.0,0,0,,0.0,0.0,0.0,0.0,0.0,2015-07-09,0,0.0,0.0,0.0,0.0,0.0
2015,7,1,3,UA,1134,N54241,CLE,ORD,1747,1801.0,14.0,11.0,1812.0,93.0,87.0,59.0,315,1811.0,17.0,1820,1828.0,8.0,0,0,,0.0,0.0,0.0,0.0,0.0,2015-07-01,0,0.0,0.0,0.0,0.0,0.0
2015,6,25,4,WN,1875,N8608N,PHX,DEN,1445,1445.0,0.0,12.0,1457.0,105.0,97.0,81.0,602,1718.0,4.0,1730,1722.0,-8.0,0,0,,0.0,0.0,0.0,0.0,0.0,2015-06-25,0,0.0,0.0,0.0,0.0,0.0
2015,7,11,6,AA,793,N824AW,BOS,CLT,659,642.0,-17.0,13.0,655.0,138.0,122.0,105.0,728,840.0,4.0,917,844.0,-33.0,0,0,,0.0,0.0,0.0,0.0,0.0,2015-07-11,0,0.0,0.0,0.0,0.0,0.0
2015,7,15,3,OO,5231,N965SW,MOT,DEN,1320,1310.0,-10.0,7.0,1317.0,114.0,107.0,97.0,604,1354.0,3.0,1414,1357.0,-17.0,0,0,,0.0,0.0,0.0,0.0,0.0,2015-07-15,0,0.0,0.0,0.0,0.0,0.0
2015,7,13,1,DL,2050,N960DL,ORD,DTW,700,709.0,9.0,45.0,754.0,79.0,99.0,48.0,235,942.0,6.0,919,948.0,29.0,0,0,,20.0,0.0,0.0,0.0,9.0,2015-07-13,0,222.22,0.0,0.0,0.0,100.0
2015,6,18,4,OO,4494,N8923A,MSP,RST,1920,1929.0,9.0,23.0,1952.0,49.0,48.0,21.0,76,2013.0,4.0,2009,2017.0,8.0,0,0,,0.0,0.0,0.0,0.0,0.0,2015-06-18,0,0.0,0.0,0.0,0.0,0.0
2015,6,29,1,HA,4,N383HA,HNL,LAX,2210,2200.0,-10.0,16.0,2216.0,330.0,308.0,287.0,2556,603.0,5.0,640,608.0,-32.0,0,0,,0.0,0.0,0.0,0.0,0.0,2015-06-29,0,0.0,0.0,0.0,0.0,0.0
2015,7,21,2,DL,2795,N909DE,ATL,CMH,2225,2223.0,-2.0,25.0,2248.0,91.0,89.0,61.0,447,2349.0,3.0,2356,2352.0,-4.0,0,0,,0.0,0.0,0.0,0.0,0.0,2015-07-21,0,0.0,0.0,0.0,0.0,0.0
2015,7,12,7,DL,728,N6704Z,ANC,MSP,535,530.0,-5.0,20.0,550.0,317.0,338.0,308.0,2519,1358.0,10.0,1352,1408.0,16.0,0,0,,16.0,0.0,0.0,0.0,0.0,2015-07-12,0,-320.0,-0.0,-0.0,-0.0,-0.0
2015,6,27,6,EV,4687,N15986,EWR,CVG,1327,1329.0,2.0,11.0,1340.0,127.0,118.0,96.0,569,1516.0,11.0,1534,1527.0,-7.0,0,0,,0.0,0.0,0.0,0.0,0.0,2015-06-27,0,0.0,0.0,0.0,0.0,0.0
2015,7,1,3,DL,770,N3763D,SLC,MSP,2015,2019.0,4.0,16.0,2035.0,147.0,139.0,116.0,991,2331.0,7.0,2342,2338.0,-4.0,0,0,,0.0,0.0,0.0,0.0,0.0,2015-07-01,0,0.0,0.0,0.0,0.0,0.0
2015,7,14,2,WN,741,N769SW,ATL,TPA,1540,1545.0,5.0,14.0,1559.0,90.0,80.0,62.0,406,1701.0,4.0,1710,1705.0,-5.0,0,0,,0.0,0.0,0.0,0.0,0.0,2015-07-14,0,0.0,0.0,0.0,0.0,0.0
2015,6,16,2,HA,328,N486HA,HNL,OGG,1148,1143.0,-5.0,11.0,1154.0,39.0,44.0,22.0,100,1216.0,11.0,1227,1227.0,0.0,0,0,,0.0,0.0,0.0,0.0,0.0,2015-06-16,0,0.0,0.0,0.0,0.0,0.0
2015,6,14,7,F9,123,N924FR,DFW,DEN,1500,1505.0,5.0,18.0,1523.0,121.0,110.0,87.0,641,1550.0,5.0,1601,1555.0,-6.0,0,0,,0.0,0.0,0.0,0.0,0.0,2015-06-14,0,0.0,0.0,0.0,0.0,0.0
2015,7,11,6,WN,4054,N455WN,BWI,ORF,1150,1148.0,-2.0,14.0,1202.0,55.0,52.0,34.0,159,1236.0,4.0,1245,1240.0,-5.0,0,0,,0.0,0.0,0.0,0.0,0.0,2015-07-11,0,0.0,0.0,0.0,0.0,0.0
2015,6,14,7,OO,2848,N866AS,LAX,RNO,1720,1733.0,13.0,27.0,1800.0,81.0,94.0,62.0,391,1902.0,5.0,1841,1907.0,26.0,0,0,,13.0,0.0,13.0,0.0,0.0,2015-06-14,0,100.0,0.0,100.0,0.0,0.0
2015,7,2,4,AA,226,N474AA,DFW,MCI,1510,1527.0,17.0,14.0,1541.0,100.0,91.0,69.0,460,1650.0,8.0,1650,1658.0,8.0,0,0,,0.0,0.0,0.0,0.0,0.0,2015-07-02,1,0.0,0.0,0.0,0.0,0.0
2015,7,21,2,OO,5522,N932EV,PSC,DEN,600,557.0,-3.0,15.0,612.0,134.0,137.0,114.0,852,906.0,8.0,914,914.0,0.0,0,0,,0.0,0.0,0.0,0.0,0.0,2015-07-21,0,0.0,0.0,0.0,0.0,0.0
2015,6,21,7,DL,2384,N320US,SMF,SLC,615,613.0,-2.0,13.0,626.0,96.0,88.0,67.0,532,833.0,8.0,851,841.0,-10.0,0,0,,0.0,0.0,0.0,0.0,0.0,2015-06-21,0,0.0,0.0,0.0,0.0,0.0
2015,7,9,4,DL,1679,N935AT,EWR,DTW,1657,1759.0,62.0,50.0,1849.0,120.0,150.0,93.0,488,2022.0,7.0,1857,2029.0,92.0,0,0,,30.0,0.0,7.0,55.0,0.0,2015-07-09,1,48.39,0.0,11.29,88.71,0.0
2015,6,26,5,OO,6208,N791SK,ORD,CVG,645,643.0,-2.0,22.0,705.0,71.0,81.0,42.0,265,847.0,17.0,856,904.0,8.0,0,0,,0.0,0.0,0.0,0.0,0.0,2015-06-26,0,0.0,0.0,0.0,0.0,0.0
2015,7,16,4,WN,1072,N740SW,HOU,BOS,910,908.0,-2.0,18.0,926.0,230.0,229.0,201.0,1609,1347.0,10.0,1400,1357.0,-3.0,0,0,,0.0,0.0,0.0,0.0,0.0,2015-07-16,0,0.0,0.0,0.0,0.0,0.0
2015,7,19,7,AA,290,N870AA,MCO,JFK,1123,1149.0,26.0,13.0,1202.0,156.0,149.0,129.0,944,1411.0,7.0,1359,1418.0,19.0,0,0,,0.0,0.0,4.0,15.0,0.0,2015-07-19,1,0.0,0.0,15.38,57.69,0.0
2015,6,21,7,DL,881,N806DN,AUS,ATL,1432,1433.0,1.0,9.0,1442.0,139.0,125.0,106.0,813,1728.0,10.0,1751,1738.0,-13.0,0,0,,0.0,0.0,0.0,0.0,0.0,2015-06-21,0,0.0,0.0,0.0,0.0,0.0
2015,7,14,2,AA,1964,N714US,PWM,CLT,805,757.0,-8.0,11.0,808.0,145.0,145.0,130.0,813,1018.0,4.0,1030,1022.0,-8.0,0,0,,0.0,0.0,0.0,0.0,0.0,2015-07-14,0,0.0,0.0,0.0,0.0,0.0
2015,6,26,5,F9,261,N939FR,DEN,SNA,1030,1033.0,3.0,18.0,1051.0,139.0,136.0,113.0,846,1144.0,5.0,1149,1149.0,0.0,0,0,,0.0,0.0,0.0,0.0,0.0,2015-06-26,0,0.0,0.0,0.0,0.0,0.0
2015,7,15,3,EV,2694,N667GB,LIT,DFW,1948,2236.0,168.0,14.0,2250.0,82.0,71.0,46.0,304,2336.0,11.0,2110,2347.0,157.0,0,0,,0.0,0.0,0.0,157.0,0.0,2015-07-15,1,0.0,0.0,0.0,93.45,0.0
2015,7,1,3,AA,409,N174US,PHX,PDX,1650,1700.0,10.0,13.0,1713.0,155.0,148.0,131.0,1009,1924.0,4.0,1925,1928.0,3.0,0,0,,0.0,0.0,0.0,0.0,0.0,2015-07-01,0,0.0,0.0,0.0,0.0,0.0
2015,7,10,5,OO,4846,N487CA,FWA,ATL,630,705.0,35.0,14.0,719.0,107.0,107.0,85.0,508,844.0,8.0,817,852.0,35.0,0,0,,0.0,0.0,35.0,0.0,0.0,2015-07-10,1,0.0,0.0,100.0,0.0,0.0
2015,6,25,4,EV,5673,N13992,FAR,ORD,1113,1143.0,30.0,13.0,1156.0,112.0,112.0,82.0,557,1318.0,17.0,1305,1335.0,30.0,0,0,,0.0,0.0,0.0,30.0,0.0,2015-06-25,1,0.0,0.0,0.0,100.0,0.0
2015,7,1,3,AA,255,N799AA,JFK,LAX,1000,957.0,-3.0,29.0,1026.0,364.0,342.0,310.0,2475,1236.0,3.0,1304,1239.0,-25.0,0,0,,0.0,0.0,0.0,0.0,0.0,2015-07-01,0,0.0,0.0,0.0,0.0,0.0
2015,7,14,2,WN,108,N555LV,LAX,DEN,540,537.0,-3.0,16.0,553.0,140.0,135.0,112.0,862,845.0,7.0,900,852.0,-8.0,0,0,,0.0,0.0,0.0,0.0,0.0,2015-07-14,0,0.0,0.0,0.0,0.0,0.0
2015,7,17,5,F9,821,N923FR,MCI,DEN,615,615.0,0.0,13.0,628.0,101.0,105.0,83.0,533,651.0,9.0,656,700.0,4.0,0,0,,0.0,0.0,0.0,0.0,0.0,2015-07-17,0,0.0,0.0,0.0,0.0,0.0
2015,7,3,5,AA,1782,N117UW,IAH,CLT,1730,1737.0,7.0,12.0,1749.0,154.0,140.0,122.0,912,2051.0,6.0,2104,2057.0,-7.0,0,0,,0.0,0.0,0.0,0.0,0.0,2015-07-03,0,0.0,0.0,0.0,0.0,0.0
2015,7,2,4,UA,1962,N78501,DEN,LGA,1722,1735.0,13.0,13.0,1748.0,227.0,205.0,188.0,1620,2256.0,4.0,2309,2300.0,-9.0,0,0,,0.0,0.0,0.0,0.0,0.0,2015-07-02,0,0.0,0.0,0.0,0.0,0.0
2015,6,15,1,WN,3215,N256WN,DEN,BNA,545,541.0,-4.0,12.0,553.0,145.0,143.0,124.0,1014,857.0,7.0,910,904.0,-6.0,0,0,,0.0,0.0,0.0,0.0,0.0,2015-06-15,0,0.0,0.0,0.0,0.0,0.0
2015,6,22,1,UA,1297,N76288,IAH,SJU,1029,1208.0,99.0,13.0,1221.0,271.0,259.0,239.0,2007,1720.0,7.0,1600,1727.0,87.0,0,0,,0.0,0.0,23.0,64.0,0.0,2015-06-22,1,0.0,0.0,23.23,64.65,0.0
2015,7,14,2,UA,1618,N24706,JAC,IAH,751,749.0,-2.0,10.0,759.0,189.0,187.0,170.0,1265,1149.0,7.0,1200,1156.0,-4.0,0,0,,0.0,0.0,0.0,0.0,0.0,2015-07-14,0,0.0,0.0,0.0,0.0,0.0
2015,7,6,1,AA,573,N721UW,RSW,PHL,600,555.0,-5.0,12.0,607.0,158.0,151.0,133.0,993,820.0,6.0,838,826.0,-12.0,0,0,,0.0,0.0,0.0,0.0,0.0,2015-07-06,0,0.0,0.0,0.0,0.0,0.0
2015,7,3,5,OO,5462,N983CA,SPI,ORD,600,558.0,-2.0,17.0,615.0,57.0,58.0,33.0,174,648.0,8.0,657,656.0,-1.0,0,0,,0.0,0.0,0.0,0.0,0.0,2015-07-03,0,0.0,0.0,0.0,0.0,0.0
2015,7,20,1,DL,630,N834DN,DTW,ATL,1747,1744.0,-3.0,19.0,1803.0,122.0,124.0,94.0,594,1937.0,11.0,1949,1948.0,-1.0,0,0,,0.0,0.0,0.0,0.0,0.0,2015-07-20,0,0.0,0.0,0.0,0.0,0.0
2015,7,13,1,EV,2714,N629AE,VPS,DFW,1902,1857.0,-5.0,11.0,1908.0,131.0,132.0,93.0,641,2041.0,28.0,2113,2109.0,-4.0,0,0,,0.0,0.0,0.0,0.0,0.0,2015-07-13,0,0.0,0.0,0.0,0.0,0.0
2015,7,7,2,WN,2954,N601WN,ELP,AUS,1705,1702.0,-3.0,14.0,1716.0,90.0,97.0,79.0,528,1935.0,4.0,1935,1939.0,4.0,0,0,,0.0,0.0,0.0,0.0,0.0,2015-07-07,0,0.0,0.0,0.0,0.0,0.0
2015,6,14,7,B6,715,N316JB,DCA,JAX,1600,1554.0,-6.0,11.0,1605.0,119.0,107.0,91.0,634,1736.0,5.0,1759,1741.0,-18.0,0,0,,0.0,0.0,0.0,0.0,0.0,2015-06-14,0,0.0,0.0,0.0,0.0,0.0
2015,6,15,1,WN,2173,N227WN,SAN,SEA,1235,1247.0,12.0,7.0,1254.0,160.0,153.0,138.0,1050,1512.0,8.0,1515,1520.0,5.0,0,0,,0.0,0.0,0.0,0.0,0.0,2015-06-15,0,0.0,0.0,0.0,0.0,0.0
2015,6,14,7,B6,1083,N907JB,JFK,MCO,2046,2053.0,7.0,59.0,2152.0,177.0,191.0,126.0,944,2358.0,6.0,2343,4.0,21.0,0,0,,21.0,0.0,0.0,0.0,0.0,2015-06-14,0,300.0,0.0,0.0,0.0,0.0
2015,6,29,1,WN,689,N470WN,SFO,SNA,1735,1731.0,-4.0,15.0,1746.0,85.0,86.0,68.0,372,1854.0,3.0,1900,1857.0,-3.0,0,0,,0.0,0.0,0.0,0.0,0.0,2015-06-29,0,0.0,0.0,0.0,0.0,0.0
2015,7,3,5,AA,1673,N514AA,DFW,MSP,715,714.0,-1.0,22.0,736.0,149.0,148.0,120.0,852,936.0,6.0,944,942.0,-2.0,0,0,,0.0,0.0,0.0,0.0,0.0,2015-07-03,0,0.0,0.0,0.0,0.0,0.0
2015,7,8,3,AA,1073,N003AA,MSY,MIA,1250,1247.0,-3.0,10.0,1257.0,121.0,108.0,91.0,675,1528.0,7.0,1551,1535.0,-16.0,0,0,,0.0,0.0,0.0,0.0,0.0,2015-07-08,0,0.0,0.0,0.0,0.0,0.0
2015,7,14,2,UA,1444,N37267,ORD,OMA,1233,1239.0,6.0,17.0,1256.0,93.0,85.0,64.0,416,1400.0,4.0,1406,1404.0,-2.0,0,0,,0.0,0.0,0.0,0.0,0.0,2015-07-14,0,0.0,0.0,0.0,0.0,0.0
2015,6,28,7,EV,5791,N16149,BHM,IAH,1059,1058.0,-1.0,12.0,1110.0,111.0,102.0,82.0,562,1232.0,8.0,1250,1240.0,-10.0,0,0,,0.0,0.0,0.0,0.0,0.0,2015-06-28,0,0.0,0.0,0.0,0.0,0.0
2015,7,6,1,DL,2041,N358NB,ATL,JAN,1943,1942.0,-1.0,21.0,2003.0,85.0,74.0,50.0,341,1953.0,3.0,2008,1956.0,-12.0,0,0,,0.0,0.0,0.0,0.0,0.0,2015-07-06,0,0.0,0.0,0.0,0.0,0.0
2015,7,19,7,DL,659,N3732J,DTW,ATL,1910,1908.0,-2.0,20.0,1928.0,118.0,115.0,90.0,594,2058.0,5.0,2108,2103.0,-5.0,0,0,,0.0,0.0,0.0,0.0,0.0,2015-07-19,0,0.0,0.0,0.0,0.0,0.0
2015,7,4,6,EV,6117,N13989,EWR,STL,2030,2021.0,-9.0,14.0,2035.0,162.0,161.0,139.0,872,2154.0,8.0,2212,2202.0,-10.0,0,0,,0.0,0.0,0.0,0.0,0.0,2015-07-04,0,0.0,0.0,0.0,0.0,0.0
2015,7,6,1,OO,4856,N803SK,OAK,LAX,1633,1631.0,-2.0,17.0,1648.0,92.0,97.0,64.0,337,1752.0,16.0,1805,1808.0,3.0,0,0,,0.0,0.0,0.0,0.0,0.0,2015-07-06,0,0.0,0.0,0.0,0.0,0.0
2015,7,17,5,DL,2075,N918DH,MCI,ATL,1224,1221.0,-3.0,12.0,1233.0,126.0,107.0,89.0,692,1502.0,6.0,1530,1508.0,-22.0,0,0,,0.0,0.0,0.0,0.0,0.0,2015-07-17,0,0.0,0.0,0.0,0.0,0.0
2015,6,14,7,WN,796,N714CB,BNA,DTW,950,948.0,-2.0,10.0,958.0,95.0,86.0,67.0,456,1205.0,9.0,1225,1214.0,-11.0,0,0,,0.0,0.0,0.0,0.0,0.0,2015-06-14,0,0.0,0.0,0.0,0.0,0.0
2015,7,19,7,DL,1245,N927AT,ATL,FSD,2030,2028.0,-2.0,11.0,2039.0,158.0,145.0,130.0,954,2149.0,4.0,2208,2153.0,-15.0,0,0,,0.0,0.0,0.0,0.0,0.0,2015-07-19,0,0.0,0.0,0.0,0.0,0.0
2015,6,27,6,WN,4510,N448WN,OKC,HOU,1805,1843.0,38.0,9.0,1852.0,80.0,77.0,61.0,419,1953.0,7.0,1925,2000.0,35.0,0,0,,0.0,0.0,0.0,35.0,0.0,2015-06-27,1,0.0,0.0,0.0,92.11,0.0
2015,7,21,2,WN,374,N378SW,DEN,TUL,1050,1045.0,-5.0,25.0,1110.0,90.0,99.0,71.0,541,1321.0,3.0,1320,1324.0,4.0,0,0,,0.0,0.0,0.0,0.0,0.0,2015-07-21,0,0.0,0.0,0.0,0.0,0.0
2015,7,15,3,AA,386,N568AA,DFW,JAX,1505,1503.0,-2.0,9.0,1512.0,149.0,136.0,123.0,918,1815.0,4.0,1834,1819.0,-15.0,0,0,,0.0,0.0,0.0,0.0,0.0,2015-07-15,0,0.0,0.0,0.0,0.0,0.0
2015,6,18,4,DL,921,N963AT,TPA,JFK,1530,1522.0,-8.0,15.0,1537.0,178.0,171.0,138.0,1005,1755.0,18.0,1828,1813.0,-15.0,0,0,,0.0,0.0,0.0,0.0,0.0,2015-06-18,0,0.0,0.0,0.0,0.0,0.0
2015,7,7,2,B6,1392,N637JB,TPA,BOS,2010,2008.0,-2.0,15.0,2023.0,179.0,183.0,166.0,1185,2309.0,2.0,2309,2311.0,2.0,0,0,,0.0,0.0,0.0,0.0,0.0,2015-07-07,0,0.0,0.0,0.0,0.0,0.0
2015,7,7,2,EV,5162,N881AS,ATL,FAY,828,832.0,4.0,20.0,852.0,74.0,75.0,52.0,331,944.0,3.0,942,947.0,5.0,0,0,,0.0,0.0,0.0,0.0,0.0,2015-07-07,0,0.0,0.0,0.0,0.0,0.0
2015,7,7,2,WN,279,N476WN,ABQ,SAN,1600,1605.0,5.0,14.0,1619.0,105.0,105.0,88.0,628,1647.0,3.0,1645,1650.0,5.0,0,0,,0.0,0.0,0.0,0.0,0.0,2015-07-07,0,0.0,0.0,0.0,0.0,0.0
2015,7,10,5,OO,4525,N442SW,DTW,MKE,2011,2007.0,-4.0,23.0,2030.0,75.0,75.0,45.0,237,2015.0,7.0,2026,2022.0,-4.0,0,0,,0.0,0.0,0.0,0.0,0.0,2015-07-10,0,0.0,0.0,0.0,0.0,0.0
2015,6,17,3,AA,198,N3EWAA,BOS,JFK,1440,1438.0,-2.0,13.0,1451.0,86.0,69.0,46.0,187,1537.0,10.0,1606,1547.0,-19.0,0,0,,0.0,0.0,0.0,0.0,0.0,2015-06-17,0,0.0,0.0,0.0,0.0,0.0
2015,7,10,5,OO,4555,N601XJ,RDM,SLC,1232,1222.0,-10.0,18.0,1240.0,97.0,113.0,88.0,525,1508.0,7.0,1509,1515.0,6.0,0,0,,0.0,0.0,0.0,0.0,0.0,2015-07-10,0,0.0,0.0,0.0,0.0,0.0
2015,7,15,3,EV,4544,N18557,MEM,IAH,1450,1510.0,20.0,18.0,1528.0,113.0,98.0,73.0,468,1641.0,7.0,1643,1648.0,5.0,0,0,,0.0,0.0,0.0,0.0,0.0,2015-07-15,1,0.0,0.0,0.0,0.0,0.0
2015,7,18,6,EV,4652,N12900,XNA,IAH,620,640.0,20.0,9.0,649.0,103.0,94.0,79.0,438,808.0,6.0,803,814.0,11.0,0,0,,0.0,0.0,0.0,0.0,0.0,2015-07-18,1,0.0,0.0,0.0,0.0,0.0
2015,6,16,2,UA,751,N462UA,SFO,SEA,2004,2104.0,60.0,17.0,2121.0,126.0,114.0,89.0,679,2250.0,8.0,2210,2258.0,48.0,0,0,,0.0,0.0,17.0,31.0,0.0,2015-06-16,1,0.0,0.0,28.33,51.67,0.0
2015,6,19,5,DL,735,N916DN,ATL,BOS,850,908.0,18.0,17.0,925.0,155.0,139.0,115.0,946,1120.0,7.0,1125,1127.0,2.0,0,0,,0.0,0.0,0.0,0.0,0.0,2015-06-19,1,0.0,0.0,0.0,0.0,0.0
2015,7,1,3,DL,1582,N318NB,ATL,OMA,1528,1545.0,17.0,17.0,1602.0,150.0,134.0,113.0,821,1655.0,4.0,1658,1659.0,1.0,0,0,,0.0,0.0,0.0,0.0,0.0,2015-07-01,1,0.0,0.0,0.0,0.0,0.0
2015,7,11,6,OO,5574,N978SW,FAT,SFO,655,655.0,0.0,27.0,722.0,59.0,63.0,30.0,158,752.0,6.0,754,758.0,4.0,0,0,,0.0,0.0,0.0,0.0,0.0,2015-07-11,0,0.0,0.0,0.0,0.0,0.0
2015,6,27,6,DL,1164,N823DN,ATL,SEA,1910,1924.0,14.0,15.0,1939.0,320.0,306.0,283.0,2182,2122.0,8.0,2130,2130.0,0.0,0,0,,0.0,0.0,0.0,0.0,0.0,2015-06-27,0,0.0,0.0,0.0,0.0,0.0
2015,6,29,1,AA,1160,N4XXAA,DFW,RDU,705,657.0,-8.0,12.0,709.0,165.0,150.0,134.0,1061,1023.0,4.0,1050,1027.0,-23.0,0,0,,0.0,0.0,0.0,0.0,0.0,2015-06-29,0,0.0,0.0,0.0,0.0,0.0
2015,6,18,4,EV,3270,N14562,BUF,ORD,2048,2211.0,83.0,16.0,2227.0,109.0,109.0,81.0,473,2248.0,12.0,2137,2300.0,83.0,0,0,,0.0,0.0,0.0,83.0,0.0,2015-06-18,1,0.0,0.0,0.0,100.0,0.0
2015,7,16,4,EV,5582,N854AS,CRW,ATL,1143,1141.0,-2.0,13.0,1154.0,81.0,76.0,57.0,363,1251.0,6.0,1304,1257.0,-7.0,0,0,,0.0,0.0,0.0,0.0,0.0,2015-07-16,0,0.0,0.0,0.0,0.0,0.0
2015,7,10,5,OO,4978,N773SK,BOI,IAH,734,917.0,103.0,13.0,930.0,216.0,211.0,186.0,1482,1336.0,12.0,1210,1348.0,98.0,0,0,,0.0,0.0,98.0,0.0,0.0,2015-07-10,1,0.0,0.0,95.15,0.0,0.0
2015,6,28,7,DL,899,N957DN,PHX,MSP,1608,1834.0,146.0,14.0,1848.0,181.0,192.0,171.0,1276,2339.0,7.0,2109,2346.0,157.0,0,0,,11.0,0.0,5.0,45.0,96.0,2015-06-28,1,7.53,0.0,3.42,30.82,65.75
2015,7,16,4,AA,143,N3AFAA,DFW,BOS,2010,2019.0,9.0,10.0,2029.0,231.0,206.0,190.0,1562,39.0,6.0,101,45.0,-16.0,0,0,,0.0,0.0,0.0,0.0,0.0,2015-07-16,0,0.0,0.0,0.0,0.0,0.0
2015,7,8,3,AS,364,N315AS,SEA,OAK,1000,1001.0,1.0,12.0,1013.0,125.0,117.0,101.0,672,1154.0,4.0,1205,1158.0,-7.0,0,0,,0.0,0.0,0.0,0.0,0.0,2015-07-08,0,0.0,0.0,0.0,0.0,0.0
2015,6,22,1,WN,2152,N228WN,STL,PHX,1105,1100.0,-5.0,7.0,1107.0,190.0,174.0,160.0,1262,1147.0,7.0,1215,1154.0,-21.0,0,0,,0.0,0.0,0.0,0.0,0.0,2015-06-22,0,0.0,0.0,0.0,0.0,0.0
2015,7,17,5,WN,4004,N707SA,BOS,HOU,1810,1828.0,18.0,12.0,1840.0,265.0,226.0,208.0,1609,2108.0,6.0,2135,2114.0,-21.0,0,0,,0.0,0.0,0.0,0.0,0.0,2015-07-17,1,0.0,0.0,0.0,0.0,0.0
2015,7,13,1,WN,1545,N779SW,ROC,MDW,530,527.0,-3.0,7.0,534.0,110.0,96.0,84.0,523,558.0,5.0,620,603.0,-17.0,0,0,,0.0,0.0,0.0,0.0,0.0,2015-07-13,0,0.0,0.0,0.0,0.0,0.0
2015,7,22,3,WN,2007,N409WN,MDW,LGA,720,719.0,-1.0,14.0,733.0,135.0,109.0,89.0,725,1002.0,6.0,1035,1008.0,-27.0,0,0,,0.0,0.0,0.0,0.0,0.0,2015-07-22,0,0.0,0.0,0.0,0.0,0.0
2015,7,21,2,MQ,3142,N634MQ,BWI,ORD,1759,1806.0,7.0,18.0,1824.0,141.0,134.0,109.0,622,1913.0,7.0,1920,1920.0,0.0,0,0,,0.0,0.0,0.0,0.0,0.0,2015-07-21,0,0.0,0.0,0.0,0.0,0.0
2015,7,7,2,DL,1605,N318NB,PHL,ATL,625,622.0,-3.0,35.0,657.0,125.0,146.0,92.0,666,829.0,19.0,830,848.0,18.0,0,0,,18.0,0.0,0.0,0.0,0.0,2015-07-07,0,-600.0,-0.0,-0.0,-0.0,-0.0
2015,7,20,1,UA,1562,N54241,IAD,BOS,1718,1722.0,4.0,17.0,1739.0,95.0,86.0,62.0,413,1841.0,7.0,1853,1848.0,-5.0,0,0,,0.0,0.0,0.0,0.0,0.0,2015-07-20,0,0.0,0.0,0.0,0.0,0.0
2015,6,28,7,AA,245,N3LJAA,DCA,LAX,1705,1712.0,7.0,25.0,1737.0,340.0,327.0,298.0,2311,1935.0,4.0,1945,1939.0,-6.0,0,0,,0.0,0.0,0.0,0.0,0.0,2015-06-28,0,0.0,0.0,0.0,0.0,0.0
2015,6,28,7,EV,4377,N15973,EWR,JAX,1549,1722.0,93.0,21.0,1743.0,150.0,153.0,126.0,820,1949.0,6.0,1819,1955.0,96.0,0,0,,3.0,0.0,93.0,0.0,0.0,2015-06-28,1,3.23,0.0,100.0,0.0,0.0
2015,7,20,1,UA,1247,N75425,LAX,SFO,2005,2003.0,-2.0,22.0,2025.0,88.0,91.0,55.0,337,2120.0,14.0,2133,2134.0,1.0,0,0,,0.0,0.0,0.0,0.0,0.0,2015-07-20,0,0.0,0.0,0.0,0.0,0.0
2015,7,15,3,AA,563,N163US,PHX,SAN,2010,2011.0,1.0,19.0,2030.0,71.0,69.0,47.0,304,2117.0,3.0,2121,2120.0,-1.0,0,0,,0.0,0.0,0.0,0.0,0.0,2015-07-15,0,0.0,0.0,0.0,0.0,0.0
2015,6,20,6,OO,5201,N934SW,DEN,LNK,1405,1421.0,16.0,17.0,1438.0,87.0,78.0,57.0,423,1635.0,4.0,1632,1639.0,7.0,0,0,,0.0,0.0,0.0,0.0,0.0,2015-06-20,1,0.0,0.0,0.0,0.0,0.0
2015,7,7,2,AS,48,N713AS,ADQ,ANC,815,1825.0,610.0,4.0,1829.0,51.0,46.0,38.0,253,1907.0,4.0,906,1911.0,605.0,0,0,,0.0,0.0,605.0,0.0,0.0,2015-07-07,1,0.0,0.0,99.18,0.0,0.0
2015,6,25,4,OO,2799,N886AS,PSP,PHX,750,735.0,-15.0,15.0,750.0,82.0,100.0,51.0,261,841.0,34.0,912,915.0,3.0,0,0,,0.0,0.0,0.0,0.0,0.0,2015-06-25,0,0.0,0.0,0.0,0.0,0.0
2015,7,10,5,AA,1462,N3MMAA,ONT,DFW,600,605.0,5.0,8.0,613.0,185.0,171.0,151.0,1188,1044.0,12.0,1105,1056.0,-9.0,0,0,,0.0,0.0,0.0,0.0,0.0,2015-07-10,0,0.0,0.0,0.0,0.0,0.0
2015,6,20,6,NK,192,N527NK,MSP,DTW,1155,1313.0,78.0,13.0,1326.0,95.0,90.0,69.0,528,1535.0,8.0,1430,1543.0,73.0,0,0,,1.0,4.0,0.0,68.0,0.0,2015-06-20,1,1.28,5.13,0.0,87.18,0.0
2015,6,29,1,UA,1159,N39728,SNA,ORD,645,650.0,5.0,23.0,713.0,250.0,261.0,225.0,1726,1258.0,13.0,1255,1311.0,16.0,0,0,,16.0,0.0,0.0,0.0,0.0,2015-06-29,0,320.0,0.0,0.0,0.0,0.0
2015,7,14,2,WN,1502,N727SW,MDW,PIT,1545,1607.0,22.0,15.0,1622.0,75.0,77.0,56.0,402,1818.0,6.0,1800,1824.0,24.0,0,0,,2.0,0.0,1.0,21.0,0.0,2015-07-14,1,9.09,0.0,4.55,95.45,0.0
2015,7,17,5,F9,735,N925FR,ATL,CVG,810,805.0,-5.0,16.0,821.0,85.0,84.0,59.0,373,920.0,9.0,935,929.0,-6.0,0,0,,0.0,0.0,0.0,0.0,0.0,2015-07-17,0,0.0,0.0,0.0,0.0,0.0
2015,7,19,7,OO,4783,N803SK,SLC,HLN,2030,2141.0,71.0,13.0,2154.0,78.0,68.0,53.0,402,2247.0,2.0,2148,2249.0,61.0,0,0,,0.0,0.0,61.0,0.0,0.0,2015-07-19,1,0.0,0.0,85.92,0.0,0.0
2015,7,6,1,B6,606,N184JB,ORD,JFK,1634,1628.0,-6.0,51.0,1719.0,151.0,161.0,106.0,740,2005.0,4.0,2005,2009.0,4.0,0,0,,0.0,0.0,0.0,0.0,0.0,2015-07-06,0,0.0,0.0,0.0,0.0,0.0
2015,7,19,7,OO,7391,N935SW,SLC,GCC,1508,1500.0,-8.0,22.0,1522.0,85.0,84.0,56.0,410,1618.0,6.0,1633,1624.0,-9.0,0,0,,0.0,0.0,0.0,0.0,0.0,2015-07-19,0,0.0,0.0,0.0,0.0,0.0
2015,7,7,2,DL,2558,N935AT,EWR,ATL,859,859.0,0.0,33.0,932.0,146.0,144.0,105.0,746,1117.0,6.0,1125,1123.0,-2.0,0,0,,0.0,0.0,0.0,0.0,0.0,2015-07-07,0,0.0,0.0,0.0,0.0,0.0
2015,7,1,3,EV,5931,N18120,JAN,ORD,1243,1251.0,8.0,9.0,1300.0,142.0,142.0,125.0,677,1505.0,8.0,1505,1513.0,8.0,0,0,,0.0,0.0,0.0,0.0,0.0,2015-07-01,0,0.0,0.0,0.0,0.0,0.0
2015,7,15,3,AA,397,N3BSAA,SJU,MIA,1310,1358.0,48.0,18.0,1416.0,168.0,177.0,131.0,1045,1627.0,28.0,1558,1655.0,57.0,0,0,,9.0,0.0,0.0,48.0,0.0,2015-07-15,1,18.75,0.0,0.0,100.0,0.0
2015,6,28,7,DL,1522,N920AT,SDF,ATL,1001,1001.0,0.0,13.0,1014.0,84.0,77.0,55.0,321,1109.0,9.0,1125,1118.0,-7.0,0,0,,0.0,0.0,0.0,0.0,0.0,2015-06-28,0,0.0,0.0,0.0,0.0,0.0
2015,6,27,6,B6,484,N595JB,MCO,JFK,1906,2043.0,97.0,20.0,2103.0,173.0,182.0,157.0,944,2340.0,5.0,2159,2345.0,106.0,0,0,,106.0,0.0,0.0,0.0,0.0,2015-06-27,1,109.28,0.0,0.0,0.0,0.0
2015,7,10,5,OO,6435,N709SK,SAT,LAX,706,704.0,-2.0,16.0,720.0,190.0,196.0,171.0,1211,811.0,9.0,816,820.0,4.0,0,0,,0.0,0.0,0.0,0.0,0.0,2015-07-10,0,0.0,0.0,0.0,0.0,0.0
2015,6,19,5,DL,1569,N355NW,SLC,SAT,2015,2048.0,33.0,22.0,2110.0,160.0,160.0,135.0,1087,25.0,3.0,2355,28.0,33.0,0,0,,0.0,0.0,33.0,0.0,0.0,2015-06-19,1,0.0,0.0,100.0,0.0,0.0
2015,7,9,4,AA,1911,N766US,LAX,IAD,755,751.0,-4.0,20.0,811.0,305.0,292.0,268.0,2288,1539.0,4.0,1600,1543.0,-17.0,0,0,,0.0,0.0,0.0,0.0,0.0,2015-07-09,0,0.0,0.0,0.0,0.0,0.0
2015,6,28,7,DL,1920,N915AT,ATL,EWR,855,853.0,-2.0,12.0,905.0,132.0,108.0,90.0,746,1035.0,6.0,1107,1041.0,-26.0,0,0,,0.0,0.0,0.0,0.0,0.0,2015-06-28,0,0.0,0.0,0.0,0.0,0.0
2015,6,24,3,OO,5402,N934SW,SFO,SMF,1929,1929.0,0.0,17.0,1946.0,52.0,43.0,21.0,86,2007.0,5.0,2021,2012.0,-9.0,0,0,,0.0,0.0,0.0,0.0,0.0,2015-06-24,0,0.0,0.0,0.0,0.0,0.0
2015,7,15,3,AA,1334,N3JLAA,MIA,MCO,2135,2322.0,107.0,13.0,2335.0,68.0,55.0,38.0,192,13.0,4.0,2243,17.0,94.0,0,0,,0.0,0.0,94.0,0.0,0.0,2015-07-15,1,0.0,0.0,87.85,0.0,0.0
2015,6,29,1,UA,884,N545UA,LAX,ORD,1140,1143.0,3.0,13.0,1156.0,240.0,262.0,239.0,1744,1755.0,10.0,1740,1805.0,25.0,0,0,,25.0,0.0,0.0,0.0,0.0,2015-06-29,0,833.33,0.0,0.0,0.0,0.0
2015,7,16,4,AA,388,N3DPAA,DFW,SEA,1355,1357.0,2.0,20.0,1417.0,255.0,245.0,218.0,1660,1555.0,7.0,1610,1602.0,-8.0,0,0,,0.0,0.0,0.0,0.0,0.0,2015-07-16,0,0.0,0.0,0.0,0.0,0.0
2015,7,1,3,B6,523,N923JB,JFK,LAX,1640,1636.0,-4.0,29.0,1705.0,373.0,359.0,323.0,2475,1928.0,7.0,1953,1935.0,-18.0,0,0,,0.0,0.0,0.0,0.0,0.0,2015-07-01,0,0.0,0.0,0.0,0.0,0.0
2015,7,1,3,OO,5170,N768SK,IAH,SAT,1025,1025.0,0.0,16.0,1041.0,64.0,62.0,37.0,191,1118.0,9.0,1129,1127.0,-2.0,0,0,,0.0,0.0,0.0,0.0,0.0,2015-07-01,0,0.0,0.0,0.0,0.0,0.0
2015,7,16,4,WN,4444,N8609A,MDW,MHT,1325,1336.0,11.0,14.0,1350.0,130.0,123.0,103.0,838,1633.0,6.0,1635,1639.0,4.0,0,0,,0.0,0.0,0.0,0.0,0.0,2015-07-16,0,0.0,0.0,0.0,0.0,0.0
2015,6,18,4,WN,174,N740SW,LAS,BUR,1950,1959.0,9.0,8.0,2007.0,60.0,54.0,43.0,223,2050.0,3.0,2050,2053.0,3.0,0,0,,0.0,0.0,0.0,0.0,0.0,2015-06-18,0,0.0,0.0,0.0,0.0,0.0
2015,6,22,1,WN,3207,N766SW,FLL,ATL,1920,1919.0,-1.0,15.0,1934.0,120.0,112.0,88.0,581,2102.0,9.0,2120,2111.0,-9.0,0,0,,0.0,0.0,0.0,0.0,0.0,2015-06-22,0,0.0,0.0,0.0,0.0,0.0
2015,7,15,3,UA,821,N223UA,ORD,SFO,905,917.0,12.0,24.0,941.0,263.0,262.0,232.0,1846,1133.0,6.0,1128,1139.0,11.0,0,0,,0.0,0.0,0.0,0.0,0.0,2015-07-15,0,0.0,0.0,0.0,0.0,0.0
2015,7,17,5,B6,33,N274JB,BTV,JFK,1430,1422.0,-8.0,11.0,1433.0,90.0,69.0,53.0,266,1526.0,5.0,1600,1531.0,-29.0,0,0,,0.0,0.0,0.0,0.0,0.0,2015-07-17,0,0.0,0.0,0.0,0.0,0.0
2015,7,16,4,OO,4851,N439SW,GRB,MSP,930,923.0,-7.0,12.0,935.0,72.0,64.0,49.0,252,1024.0,3.0,1042,1027.0,-15.0,0,0,,0.0,0.0,0.0,0.0,0.0,2015-07-16,0,0.0,0.0,0.0,0.0,0.0
2015,6,19,5,WN,144,N8648A,DCA,AUS,1740,1739.0,-1.0,16.0,1755.0,205.0,195.0,173.0,1315,1948.0,6.0,2005,1954.0,-11.0,0,0,,0.0,0.0,0.0,0.0,0.0,2015-06-19,0,0.0,0.0,0.0,0.0,0.0
2015,6,16,2,US,629,N536UW,CLT,ORD,1501,1501.0,0.0,20.0,1521.0,131.0,138.0,93.0,599,1554.0,25.0,1612,1619.0,7.0,0,0,,0.0,0.0,0.0,0.0,0.0,2015-06-16,0,0.0,0.0,0.0,0.0,0.0
2015,7,12,7,DL,1582,N947DL,ATL,OMA,1528,1528.0,0.0,18.0,1546.0,151.0,138.0,117.0,821,1643.0,3.0,1659,1646.0,-13.0,0,0,,0.0,0.0,0.0,0.0,0.0,2015-07-12,0,0.0,0.0,0.0,0.0,0.0
2015,7,6,1,AA,2285,N3HVAA,MCO,JFK,1840,1935.0,55.0,56.0,2031.0,169.0,193.0,128.0,944,2239.0,9.0,2129,2248.0,79.0,0,0,,24.0,0.0,0.0,0.0,55.0,2015-07-06,1,43.64,0.0,0.0,0.0,100.0
2015,7,16,4,AA,2284,N3LAAA,ORD,DCA,2003,2000.0,-3.0,28.0,2028.0,117.0,119.0,81.0,612,2249.0,10.0,2300,2259.0,-1.0,0,0,,0.0,0.0,0.0,0.0,0.0,2015-07-16,0,0.0,0.0,0.0,0.0,0.0
2015,7,22,3,EV,5238,N861AS,CAE,ATL,1305,1259.0,-6.0,25.0,1324.0,75.0,75.0,37.0,192,1401.0,13.0,1420,1414.0,-6.0,0,0,,0.0,0.0,0.0,0.0,0.0,2015-07-22,0,0.0,0.0,0.0,0.0,0.0
2015,6,25,4,DL,2509,N990AT,ATL,GSP,1659,1657.0,-2.0,12.0,1709.0,65.0,49.0,31.0,153,1740.0,6.0,1804,1746.0,-18.0,0,0,,0.0,0.0,0.0,0.0,0.0,2015-06-25,0,0.0,0.0,0.0,0.0,0.0
2015,6,19,5,NK,500,N514NK,IAH,ORD,1839,26.0,347.0,11.0,37.0,156.0,136.0,114.0,925,231.0,11.0,2115,242.0,327.0,0,0,,0.0,0.0,327.0,0.0,0.0,2015-06-19,1,0.0,0.0,94.24,0.0,0.0
2015,6,14,7,WN,4030,N202WN,MDW,IAD,925,936.0,11.0,9.0,945.0,100.0,96.0,81.0,577,1206.0,6.0,1205,1212.0,7.0,0,0,,0.0,0.0,0.0,0.0,0.0,2015-06-14,0,0.0,0.0,0.0,0.0,0.0
2015,7,9,4,NK,823,N625NK,MYR,DFW,1205,1158.0,-7.0,8.0,1206.0,165.0,157.0,134.0,1048,1320.0,15.0,1350,1335.0,-15.0,0,0,,0.0,0.0,0.0,0.0,0.0,2015-07-09,0,0.0,0.0,0.0,0.0,0.0
2015,7,19,7,DL,2261,N907DA,DAY,ATL,610,609.0,-1.0,12.0,621.0,100.0,88.0,69.0,432,730.0,7.0,750,737.0,-13.0,0,0,,0.0,0.0,0.0,0.0,0.0,2015-07-19,0,0.0,0.0,0.0,0.0,0.0
2015,6,16,2,WN,4290,N660SW,LAX,SFO,700,738.0,38.0,8.0,746.0,80.0,71.0,58.0,337,844.0,5.0,820,849.0,29.0,0,0,,0.0,0.0,29.0,0.0,0.0,2015-06-16,1,0.0,0.0,76.32,0.0,0.0
2015,7,10,5,UA,611,N824UA,DSM,ORD,1127,1126.0,-1.0,12.0,1138.0,85.0,72.0,53.0,299,1231.0,7.0,1252,1238.0,-14.0,0,0,,0.0,0.0,0.0,0.0,0.0,2015-07-10,0,0.0,0.0,0.0,0.0,0.0
2015,7,14,2,OO,4529,N815SK,DTW,MDW,1210,1207.0,-3.0,21.0,1228.0,73.0,69.0,43.0,228,1211.0,5.0,1223,1216.0,-7.0,0,0,,0.0,0.0,0.0,0.0,0.0,2015-07-14,0,0.0,0.0,0.0,0.0,0.0
2015,6,29,1,EV,4998,N751EV,LGA,CMH,1318,1316.0,-2.0,21.0,1337.0,112.0,109.0,85.0,479,1502.0,3.0,1510,1505.0,-5.0,0,0,,0.0,0.0,0.0,0.0,0.0,2015-06-29,0,0.0,0.0,0.0,0.0,0.0
2015,7,1,3,WN,3937,N229WN,AUS,DAL,810,812.0,2.0,7.0,819.0,60.0,57.0,41.0,189,900.0,9.0,910,909.0,-1.0,0,0,,0.0,0.0,0.0,0.0,0.0,2015-07-01,0,0.0,0.0,0.0,0.0,0.0
2015,7,2,4,AS,89,N471AS,SEA,ANC,2225,2223.0,-2.0,12.0,2235.0,206.0,209.0,192.0,1448,47.0,5.0,51,52.0,1.0,0,0,,0.0,0.0,0.0,0.0,0.0,2015-07-02,0,0.0,0.0,0.0,0.0,0.0
2015,6,19,5,EV,5974,N14562,ORD,LIT,1930,2149.0,139.0,18.0,2207.0,111.0,111.0,78.0,552,2325.0,15.0,2121,2340.0,139.0,0,0,,0.0,0.0,91.0,48.0,0.0,2015-06-19,1,0.0,0.0,65.47,34.53,0.0
2015,6,23,2,US,2124,N763US,BOS,DCA,1800,2033.0,153.0,18.0,2051.0,98.0,103.0,80.0,399,2211.0,5.0,1938,2216.0,158.0,0,0,,158.0,0.0,0.0,0.0,0.0,2015-06-23,1,103.27,0.0,0.0,0.0,0.0
2015,7,8,3,AA,324,N3HKAA,DCA,ORD,1510,1502.0,-8.0,132.0,1714.0,132.0,249.0,98.0,612,1752.0,19.0,1622,1811.0,109.0,0,0,,109.0,0.0,0.0,0.0,0.0,2015-07-08,0,-1362.5,-0.0,-0.0,-0.0,-0.0
2015,7,14,2,OO,5574,N709BR,FAT,SFO,655,713.0,18.0,39.0,752.0,59.0,91.0,39.0,158,831.0,13.0,754,844.0,50.0,0,0,,32.0,0.0,18.0,0.0,0.0,2015-07-14,1,177.78,0.0,100.0,0.0,0.0
2015,6,14,7,EV,4881,N607LR,GPT,ATL,1005,1001.0,-4.0,9.0,1010.0,81.0,72.0,57.0,352,1207.0,6.0,1226,1213.0,-13.0,0,0,,0.0,0.0,0.0,0.0,0.0,2015-06-14,0,0.0,0.0,0.0,0.0,0.0
2015,7,14,2,UA,1108,N66841,SEA,EWR,2245,2322.0,37.0,14.0,2336.0,310.0,305.0,285.0,2402,721.0,6.0,655,727.0,32.0,0,0,,0.0,0.0,32.0,0.0,0.0,2015-07-14,1,0.0,0.0,86.49,0.0,0.0
2015,7,19,7,OO,4989,N943SW,BIS,DEN,1300,1257.0,-3.0,9.0,1306.0,100.0,92.0,80.0,516,1326.0,3.0,1340,1329.0,-11.0,0,0,,0.0,0.0,0.0,0.0,0.0,2015-07-19,0,0.0,0.0,0.0,0.0,0.0
2015,7,15,3,WN,1968,N273WN,DAL,PHX,605,606.0,1.0,12.0,618.0,145.0,140.0,124.0,879,622.0,4.0,630,626.0,-4.0,0,0,,0.0,0.0,0.0,0.0,0.0,2015-07-15,0,0.0,0.0,0.0,0.0,0.0
2015,7,15,3,UA,1738,N25705,ORD,SLC,924,951.0,27.0,11.0,1002.0,208.0,202.0,187.0,1250,1209.0,4.0,1152,1213.0,21.0,0,0,,0.0,0.0,5.0,16.0,0.0,2015-07-15,1,0.0,0.0,18.52,59.26,0.0
2015,7,21,2,DL,7,N908DE,ATL,MIA,859,903.0,4.0,22.0,925.0,111.0,120.0,92.0,594,1057.0,6.0,1050,1103.0,13.0,0,0,,0.0,0.0,0.0,0.0,0.0,2015-07-21,0,0.0,0.0,0.0,0.0,0.0
2015,7,2,4,WN,950,N398SW,BNA,RDU,1540,1554.0,14.0,8.0,1602.0,85.0,79.0,65.0,442,1807.0,6.0,1805,1813.0,8.0,0,0,,0.0,0.0,0.0,0.0,0.0,2015-07-02,0,0.0,0.0,0.0,0.0,0.0
2015,7,6,1,DL,1159,N320US,ATL,BUF,1329,1330.0,1.0,11.0,1341.0,118.0,108.0,93.0,712,1514.0,4.0,1527,1518.0,-9.0,0,0,,0.0,0.0,0.0,0.0,0.0,2015-07-06,0,0.0,0.0,0.0,0.0,0.0
2015,6,29,1,VX,1930,N640VA,SFO,LAX,800,758.0,-2.0,22.0,820.0,80.0,85.0,57.0,337,917.0,6.0,920,923.0,3.0,0,0,,0.0,0.0,0.0,0.0,0.0,2015-06-29,0,0.0,0.0,0.0,0.0,0.0
2015,6,26,5,US,585,N523UW,DFW,PHL,825,822.0,-3.0,16.0,838.0,199.0,180.0,156.0,1303,1214.0,8.0,1244,1222.0,-22.0,0,0,,0.0,0.0,0.0,0.0,0.0,2015-06-26,0,0.0,0.0,0.0,0.0,0.0
2015,7,21,2,WN,1341,N728SW,BUF,BWI,1640,1644.0,4.0,10.0,1654.0,70.0,58.0,45.0,281,1739.0,3.0,1750,1742.0,-8.0,0,0,,0.0,0.0,0.0,0.0,0.0,2015-07-21,0,0.0,0.0,0.0,0.0,0.0
2015,7,12,7,DL,1463,N349NW,CHS,ATL,1245,1258.0,13.0,22.0,1320.0,88.0,74.0,42.0,259,1402.0,10.0,1413,1412.0,-1.0,0,0,,0.0,0.0,0.0,0.0,0.0,2015-07-12,0,0.0,0.0,0.0,0.0,0.0
2015,7,16,4,UA,1244,N13750,EWR,ATL,2115,2118.0,3.0,15.0,2133.0,155.0,118.0,95.0,746,2308.0,8.0,2350,2316.0,-34.0,0,0,,0.0,0.0,0.0,0.0,0.0,2015-07-16,0,0.0,0.0,0.0,0.0,0.0
2015,7,11,6,AA,1457,N3ESAA,PHL,ORD,510,505.0,-5.0,12.0,517.0,135.0,122.0,104.0,678,601.0,6.0,625,607.0,-18.0,0,0,,0.0,0.0,0.0,0.0,0.0,2015-07-11,0,0.0,0.0,0.0,0.0,0.0
2015,7,19,7,WN,1963,N8628A,DEN,BWI,1825,1845.0,20.0,18.0,1903.0,210.0,196.0,171.0,1491,2354.0,7.0,2355,1.0,6.0,0,0,,0.0,0.0,0.0,0.0,0.0,2015-07-19,1,0.0,0.0,0.0,0.0,0.0
2015,7,20,1,WN,3297,N372SW,BOS,BNA,530,529.0,-1.0,20.0,549.0,170.0,170.0,145.0,942,714.0,5.0,720,719.0,-1.0,0,0,,0.0,0.0,0.0,0.0,0.0,2015-07-20,0,0.0,0.0,0.0,0.0,0.0
2015,7,2,4,DL,517,N3746H,MIA,JFK,1855,1919.0,24.0,21.0,1940.0,185.0,168.0,140.0,1089,2200.0,7.0,2200,2207.0,7.0,0,0,,0.0,0.0,0.0,0.0,0.0,2015-07-02,1,0.0,0.0,0.0,0.0,0.0
2015,7,2,4,WN,348,N967WN,LAS,IND,1635,1653.0,18.0,11.0,1704.0,210.0,201.0,184.0,1590,2308.0,6.0,2305,2314.0,9.0,0,0,,0.0,0.0,0.0,0.0,0.0,2015-07-02,1,0.0,0.0,0.0,0.0,0.0
2015,7,13,1,AS,518,N626AS,SEA,SNA,1945,1944.0,-1.0,11.0,1955.0,154.0,155.0,137.0,978,2212.0,7.0,2219,2219.0,0.0,0,0,,0.0,0.0,0.0,0.0,0.0,2015-07-13,0,0.0,0.0,0.0,0.0,0.0
2015,7,9,4,WN,578,N365SW,SLC,LAX,630,628.0,-2.0,9.0,637.0,110.0,125.0,93.0,590,710.0,23.0,720,733.0,13.0,0,0,,0.0,0.0,0.0,0.0,0.0,2015-07-09,0,0.0,0.0,0.0,0.0,0.0
2015,7,11,6,WN,1118,N440LV,ALB,BWI,535,529.0,-6.0,10.0,539.0,80.0,69.0,53.0,289,632.0,6.0,655,638.0,-17.0,0,0,,0.0,0.0,0.0,0.0,0.0,2015-07-11,0,0.0,0.0,0.0,0.0,0.0
2015,7,12,7,WN,856,N557WN,SEA,HOU,1510,1505.0,-5.0,22.0,1527.0,260.0,279.0,237.0,1894,2124.0,20.0,2130,2144.0,14.0,0,0,,0.0,0.0,0.0,0.0,0.0,2015-07-12,0,0.0,0.0,0.0,0.0,0.0
2015,7,17,5,NK,824,N528NK,ATL,BWI,713,953.0,160.0,17.0,1010.0,92.0,105.0,80.0,577,1130.0,8.0,845,1138.0,173.0,0,0,,13.0,0.0,0.0,160.0,0.0,2015-07-17,1,8.12,0.0,0.0,100.0,0.0
2015,6,29,1,US,1893,N741UW,CLT,SAT,1735,1738.0,3.0,10.0,1748.0,168.0,170.0,157.0,1095,1925.0,3.0,1923,1928.0,5.0,0,0,,0.0,0.0,0.0,0.0,0.0,2015-06-29,0,0.0,0.0,0.0,0.0,0.0
2015,6,15,1,WN,759,N7715E,TPA,ATL,610,605.0,-5.0,7.0,612.0,90.0,84.0,67.0,406,719.0,10.0,740,729.0,-11.0,0,0,,0.0,0.0,0.0,0.0,0.0,2015-06-15,0,0.0,0.0,0.0,0.0,0.0
2015,7,7,2,HA,364,N493HA,HNL,OGG,1330,1341.0,11.0,13.0,1354.0,39.0,41.0,20.0,100,1414.0,8.0,1409,1422.0,13.0,0,0,,0.0,0.0,0.0,0.0,0.0,2015-07-07,0,0.0,0.0,0.0,0.0,0.0
2015,7,20,1,F9,425,N941FR,ATL,DEN,2020,2036.0,16.0,16.0,2052.0,194.0,186.0,162.0,1199,2134.0,8.0,2134,2142.0,8.0,0,0,,0.0,0.0,0.0,0.0,0.0,2015-07-20,1,0.0,0.0,0.0,0.0,0.0
2015,6,16,2,DL,1265,N970AT,ATL,SAV,1230,1229.0,-1.0,17.0,1246.0,64.0,60.0,38.0,214,1324.0,5.0,1334,1329.0,-5.0,0,0,,0.0,0.0,0.0,0.0,0.0,2015-06-16,0,0.0,0.0,0.0,0.0,0.0
2015,7,15,3,F9,1120,N908FR,LAS,CVG,2245,2326.0,41.0,14.0,2340.0,225.0,224.0,201.0,1678,601.0,9.0,530,610.0,40.0,0,0,,0.0,0.0,40.0,0.0,0.0,2015-07-15,1,0.0,0.0,97.56,0.0,0.0
2015,7,19,7,UA,289,N830UA,DEN,AUS,1759,1908.0,69.0,9.0,1917.0,137.0,119.0,102.0,775,2159.0,8.0,2116,2207.0,51.0,0,0,,0.0,0.0,50.0,1.0,0.0,2015-07-19,1,0.0,0.0,72.46,1.45,0.0
2015,6,15,1,AS,566,N553AS,PDX,LAX,2010,1959.0,-11.0,12.0,2011.0,149.0,192.0,114.0,834,2205.0,66.0,2239,2311.0,32.0,0,0,,32.0,0.0,0.0,0.0,0.0,2015-06-15,0,-290.91,-0.0,-0.0,-0.0,-0.0
2015,6,30,2,UA,1239,N78438,LAX,MSY,1235,1255.0,20.0,12.0,1307.0,236.0,234.0,217.0,1670,1844.0,5.0,1831,1849.0,18.0,0,0,,0.0,0.0,0.0,18.0,0.0,2015-06-30,1,0.0,0.0,0.0,90.0,0.0
2015,6,23,2,DL,2628,N752AT,SAN,DTW,700,655.0,-5.0,30.0,725.0,260.0,257.0,221.0,1956,1406.0,6.0,1420,1412.0,-8.0,0,0,,0.0,0.0,0.0,0.0,0.0,2015-06-23,0,0.0,0.0,0.0,0.0,0.0
2015,7,18,6,WN,3600,N500WR,FLL,BNA,1850,1854.0,4.0,12.0,1906.0,140.0,126.0,108.0,793,1954.0,6.0,2010,2000.0,-10.0,0,0,,0.0,0.0,0.0,0.0,0.0,2015-07-18,0,0.0,0.0,0.0,0.0,0.0
2015,7,20,1,B6,952,N298JB,MCO,BOS,1430,1430.0,0.0,16.0,1446.0,175.0,182.0,150.0,1121,1716.0,16.0,1725,1732.0,7.0,0,0,,0.0,0.0,0.0,0.0,0.0,2015-07-20,0,0.0,0.0,0.0,0.0,0.0
2015,7,8,3,DL,433,N6703D,JFK,SAN,1929,1937.0,8.0,45.0,2022.0,370.0,378.0,328.0,2446,2250.0,5.0,2239,2255.0,16.0,0,0,,8.0,0.0,0.0,8.0,0.0,2015-07-08,0,100.0,0.0,0.0,100.0,0.0
2015,7,5,7,WN,590,N245WN,MDW,CMH,2225,2250.0,25.0,8.0,2258.0,65.0,56.0,45.0,283,43.0,3.0,30,46.0,16.0,0,0,,0.0,0.0,4.0,12.0,0.0,2015-07-05,1,0.0,0.0,16.0,48.0,0.0
2015,7,7,2,UA,1959,N68821,EWR,BOS,1727,1745.0,18.0,30.0,1815.0,81.0,78.0,41.0,200,1856.0,7.0,1848,1903.0,15.0,0,0,,15.0,0.0,0.0,0.0,0.0,2015-07-07,1,83.33,0.0,0.0,0.0,0.0
2015,7,7,2,AA,612,N182UW,SAN,PHX,955,952.0,-3.0,11.0,1003.0,78.0,68.0,47.0,304,1050.0,10.0,1113,1100.0,-13.0,0,0,,0.0,0.0,0.0,0.0,0.0,2015-07-07,0,0.0,0.0,0.0,0.0,0.0
2015,7,9,4,AA,1997,N738US,RIC,CLT,655,650.0,-5.0,14.0,704.0,71.0,81.0,48.0,257,752.0,19.0,806,811.0,5.0,0,0,,0.0,0.0,0.0,0.0,0.0,2015-07-09,0,0.0,0.0,0.0,0.0,0.0
2015,6,28,7,MQ,3284,N942MQ,MIA,PNS,1645,1643.0,-2.0,11.0,1654.0,105.0,95.0,80.0,530,1714.0,4.0,1730,1718.0,-12.0,0,0,,0.0,0.0,0.0,0.0,0.0,2015-06-28,0,0.0,0.0,0.0,0.0,0.0
2015,6,26,5,EV,5257,N752EV,ATL,CHA,1835,1910.0,35.0,9.0,1919.0,52.0,41.0,25.0,106,1944.0,7.0,1927,1951.0,24.0,0,0,,0.0,0.0,24.0,0.0,0.0,2015-06-26,1,0.0,0.0,68.57,0.0,0.0
2015,6,22,1,EV,5139,N751EV,DTW,PWM,1943,2039.0,56.0,16.0,2055.0,115.0,96.0,78.0,668,2213.0,2.0,2138,2215.0,37.0,0,0,,0.0,0.0,37.0,0.0,0.0,2015-06-22,1,0.0,0.0,66.07,0.0,0.0
2015,6,15,1,OO,4505,N608SK,SEA,BOI,1205,1203.0,-2.0,16.0,1219.0,90.0,89.0,67.0,399,1426.0,6.0,1435,1432.0,-3.0,0,0,,0.0,0.0,0.0,0.0,0.0,2015-06-15,0,0.0,0.0,0.0,0.0,0.0
2015,7,17,5,AA,634,N765US,PHX,PIT,1459,1459.0,0.0,29.0,1528.0,240.0,240.0,206.0,1814,2154.0,5.0,2159,2159.0,0.0,0,0,,0.0,0.0,0.0,0.0,0.0,2015-07-17,0,0.0,0.0,0.0,0.0,0.0
2015,6,27,6,WN,53,N407WN,DEN,ALB,1020,1019.0,-1.0,14.0,1033.0,220.0,205.0,189.0,1610,1542.0,2.0,1600,1544.0,-16.0,0,0,,0.0,0.0,0.0,0.0,0.0,2015-06-27,0,0.0,0.0,0.0,0.0,0.0
2015,7,11,6,WN,3362,N658SW,SEA,OAK,1635,1635.0,0.0,14.0,1649.0,125.0,119.0,99.0,672,1828.0,6.0,1840,1834.0,-6.0,0,0,,0.0,0.0,0.0,0.0,0.0,2015-07-11,0,0.0,0.0,0.0,0.0,0.0
2015,6,25,4,OO,6451,N702BR,PHX,LAX,1816,1922.0,66.0,26.0,1948.0,90.0,87.0,56.0,370,2044.0,5.0,1946,2049.0,63.0,0,0,,0.0,0.0,49.0,14.0,0.0,2015-06-25,1,0.0,0.0,74.24,21.21,0.0
2015,7,21,2,DL,1167,N808DN,SLC,BZN,2210,2208.0,-2.0,29.0,2237.0,76.0,87.0,53.0,347,2330.0,5.0,2326,2335.0,9.0,0,0,,0.0,0.0,0.0,0.0,0.0,2015-07-21,0,0.0,0.0,0.0,0.0,0.0
2015,7,6,1,WN,350,N717SA,LAX,SMF,1400,1400.0,0.0,18.0,1418.0,75.0,78.0,57.0,373,1515.0,3.0,1515,1518.0,3.0,0,0,,0.0,0.0,0.0,0.0,0.0,2015-07-06,0,0.0,0.0,0.0,0.0,0.0
2015,7,12,7,WN,679,N415WN,PHX,SJC,1415,1413.0,-2.0,9.0,1422.0,105.0,101.0,88.0,621,1550.0,4.0,1600,1554.0,-6.0,0,0,,0.0,0.0,0.0,0.0,0.0,2015-07-12,0,0.0,0.0,0.0,0.0,0.0
2015,6,29,1,DL,1357,N354NB,MSP,DTW,1745,1751.0,6.0,46.0,1837.0,100.0,131.0,80.0,528,2057.0,5.0,2025,2102.0,37.0,0,0,,31.0,0.0,6.0,0.0,0.0,2015-06-29,0,516.67,0.0,100.0,0.0,0.0
2015,7,15,3,AA,291,N3GYAA,JFK,MCO,1440,1510.0,30.0,75.0,1625.0,191.0,206.0,122.0,944,1827.0,9.0,1751,1836.0,45.0,0,0,,15.0,0.0,0.0,9.0,21.0,2015-07-15,1,50.0,0.0,0.0,30.0,70.0
2015,6,21,7,EV,5293,N146PQ,ATL,HSV,1543,1540.0,-3.0,21.0,1601.0,57.0,50.0,26.0,151,1527.0,3.0,1540,1530.0,-10.0,0,0,,0.0,0.0,0.0,0.0,0.0,2015-06-21,0,0.0,0.0,0.0,0.0,0.0
2015,6,23,2,AA,1292,N3ETAA,TUL,DFW,1430,1426.0,-4.0,17.0,1443.0,73.0,67.0,39.0,237,1522.0,11.0,1543,1533.0,-10.0,0,0,,0.0,0.0,0.0,0.0,0.0,2015-06-23,0,0.0,0.0,0.0,0.0,0.0
2015,7,12,7,UA,1767,N23708,MSN,ORD,1405,1405.0,0.0,15.0,1420.0,54.0,58.0,30.0,108,1450.0,13.0,1459,1503.0,4.0,0,0,,0.0,0.0,0.0,0.0,0.0,2015-07-12,0,0.0,0.0,0.0,0.0,0.0
2015,7,6,1,EV,4449,N14105,GPT,IAH,1534,1527.0,-7.0,13.0,1540.0,90.0,81.0,61.0,376,1641.0,7.0,1704,1648.0,-16.0,0,0,,0.0,0.0,0.0,0.0,0.0,2015-07-06,0,0.0,0.0,0.0,0.0,0.0
2015,7,2,4,WN,1871,N478WN,DEN,ONT,815,817.0,2.0,13.0,830.0,135.0,118.0,100.0,819,910.0,5.0,930,915.0,-15.0,0,0,,0.0,0.0,0.0,0.0,0.0,2015-07-02,0,0.0,0.0,0.0,0.0,0.0
2015,7,22,3,AA,1555,N3HTAA,ORD,DEN,720,717.0,-3.0,9.0,726.0,161.0,140.0,123.0,888,829.0,8.0,901,837.0,-24.0,0,0,,0.0,0.0,0.0,0.0,0.0,2015-07-22,0,0.0,0.0,0.0,0.0,0.0
2015,6,27,6,DL,1758,N3734B,ATL,TPA,2308,2331.0,23.0,11.0,2342.0,83.0,71.0,57.0,406,39.0,3.0,31,42.0,11.0,0,0,,0.0,0.0,0.0,0.0,0.0,2015-06-27,1,0.0,0.0,0.0,0.0,0.0
2015,6,29,1,DL,476,N198DN,LAX,JFK,910,910.0,0.0,22.0,932.0,345.0,369.0,318.0,2475,1750.0,29.0,1755,1819.0,24.0,0,0,,24.0,0.0,0.0,0.0,0.0,2015-06-29,0,inf,0.0,0.0,0.0,0.0
2015,7,17,5,WN,301,N8647A,SDF,TPA,715,710.0,-5.0,6.0,716.0,130.0,115.0,104.0,727,900.0,5.0,925,905.0,-20.0,0,0,,0.0,0.0,0.0,0.0,0.0,2015-07-17,0,0.0,0.0,0.0,0.0,0.0
2015,6,28,7,DL,662,N928AT,ATL,EVV,2155,2153.0,-2.0,12.0,2205.0,83.0,75.0,57.0,350,2202.0,6.0,2218,2208.0,-10.0,0,0,,0.0,0.0,0.0,0.0,0.0,2015-06-28,0,0.0,0.0,0.0,0.0,0.0
2015,6,18,4,WN,333,N720WN,DAL,DEN,1200,1226.0,26.0,14.0,1240.0,120.0,111.0,92.0,651,1312.0,5.0,1300,1317.0,17.0,0,0,,0.0,0.0,4.0,13.0,0.0,2015-06-18,1,0.0,0.0,15.38,50.0,0.0
2015,7,3,5,DL,1733,N961AT,ECP,ATL,1150,1402.0,132.0,3.0,1405.0,82.0,76.0,68.0,240,1613.0,5.0,1412,1618.0,126.0,0,0,,0.0,0.0,0.0,126.0,0.0,2015-07-03,1,0.0,0.0,0.0,95.45,0.0
2015,6,25,4,OO,4654,N443SW,HLN,SLC,635,633.0,-2.0,12.0,645.0,76.0,75.0,57.0,402,742.0,6.0,751,748.0,-3.0,0,0,,0.0,0.0,0.0,0.0,0.0,2015-06-25,0,0.0,0.0,0.0,0.0,0.0
2015,6,28,7,EV,5198,N882AS,CHA,ATL,1313,1310.0,-3.0,51.0,1401.0,62.0,86.0,28.0,106,1429.0,7.0,1415,1436.0,21.0,0,0,,21.0,0.0,0.0,0.0,0.0,2015-06-28,0,-700.0,-0.0,-0.0,-0.0,-0.0
2015,7,19,7,OO,4534,N439SW,TUL,MSP,720,720.0,0.0,14.0,734.0,123.0,127.0,106.0,615,920.0,7.0,923,927.0,4.0,0,0,,0.0,0.0,0.0,0.0,0.0,2015-07-19,0,0.0,0.0,0.0,0.0,0.0
2015,6,27,6,NK,424,N519NK,LAX,MSP,1847,2057.0,130.0,15.0,2112.0,208.0,216.0,192.0,1535,224.0,9.0,15,233.0,138.0,0,0,,109.0,0.0,29.0,0.0,0.0,2015-06-27,1,83.85,0.0,22.31,0.0,0.0
2015,6,29,1,WN,1357,N760SW,BWI,DAY,2210,2203.0,-7.0,11.0,2214.0,85.0,77.0,61.0,406,2315.0,5.0,2335,2320.0,-15.0,0,0,,0.0,0.0,0.0,0.0,0.0,2015-06-29,0,0.0,0.0,0.0,0.0,0.0
2015,6,25,4,UA,1636,N75858,HNL,LAX,1505,1458.0,-7.0,17.0,1515.0,325.0,353.0,303.0,2556,2318.0,33.0,2330,2351.0,21.0,0,0,,21.0,0.0,0.0,0.0,0.0,2015-06-25,0,-300.0,-0.0,-0.0,-0.0,-0.0
2015,6,22,1,MQ,3044,N831MQ,DFW,SPS,1300,1259.0,-1.0,15.0,1314.0,51.0,47.0,27.0,113,1341.0,5.0,1351,1346.0,-5.0,0,0,,0.0,0.0,0.0,0.0,0.0,2015-06-22,0,0.0,0.0,0.0,0.0,0.0
2015,7,13,1,AA,1909,N947UW,PHL,JAX,750,744.0,-6.0,21.0,805.0,139.0,125.0,99.0,742,944.0,5.0,1009,949.0,-20.0,0,0,,0.0,0.0,0.0,0.0,0.0,2015-07-13,0,0.0,0.0,0.0,0.0,0.0
2015,6,20,6,MQ,3478,N809MQ,RDU,JFK,1021,1012.0,-9.0,8.0,1020.0,94.0,85.0,71.0,427,1131.0,6.0,1155,1137.0,-18.0,0,0,,0.0,0.0,0.0,0.0,0.0,2015-06-20,0,0.0,0.0,0.0,0.0,0.0
2015,6,25,4,OO,6439,N937SW,DEN,BOI,1511,1511.0,0.0,14.0,1525.0,119.0,118.0,100.0,649,1705.0,4.0,1710,1709.0,-1.0,0,0,,0.0,0.0,0.0,0.0,0.0,2015-06-25,0,0.0,0.0,0.0,0.0,0.0
2015,7,13,1,B6,2008,N827JB,FLL,PIT,2010,2000.0,-10.0,17.0,2017.0,163.0,169.0,144.0,994,2241.0,8.0,2253,2249.0,-4.0,0,0,,0.0,0.0,0.0,0.0,0.0,2015-07-13,0,0.0,0.0,0.0,0.0,0.0
2015,7,16,4,B6,1410,N273JB,JAX,BOS,1915,1909.0,-6.0,17.0,1926.0,153.0,165.0,142.0,1010,2148.0,6.0,2148,2154.0,6.0,0,0,,0.0,0.0,0.0,0.0,0.0,2015-07-16,0,0.0,0.0,0.0,0.0,0.0
2015,6,17,3,WN,925,N417WN,TPA,PHX,1915,1923.0,8.0,12.0,1935.0,255.0,246.0,223.0,1788,2018.0,11.0,2030,2029.0,-1.0,0,0,,0.0,0.0,0.0,0.0,0.0,2015-06-17,0,0.0,0.0,0.0,0.0,0.0
2015,6,19,5,UA,1220,N37470,ORD,IAH,1220,1230.0,10.0,23.0,1253.0,162.0,172.0,137.0,925,1510.0,12.0,1502,1522.0,20.0,0,0,,10.0,0.0,10.0,0.0,0.0,2015-06-19,0,100.0,0.0,100.0,0.0,0.0
2015,6,16,2,WN,542,N7730A,CLE,MDW,730,730.0,0.0,9.0,739.0,75.0,75.0,58.0,307,737.0,8.0,745,745.0,0.0,0,0,,0.0,0.0,0.0,0.0,0.0,2015-06-16,0,0.0,0.0,0.0,0.0,0.0
2015,7,1,3,B6,325,N328JB,JFK,TPA,1459,1511.0,12.0,41.0,1552.0,195.0,180.0,136.0,1005,1808.0,3.0,1814,1811.0,-3.0,0,0,,0.0,0.0,0.0,0.0,0.0,2015-07-01,0,0.0,0.0,0.0,0.0,0.0
2015,7,18,6,AA,1130,N5ELAA,MIA,SFO,1405,1446.0,41.0,10.0,1456.0,353.0,330.0,317.0,2585,1713.0,3.0,1658,1716.0,18.0,0,0,,0.0,0.0,18.0,0.0,0.0,2015-07-18,1,0.0,0.0,43.9,0.0,0.0
2015,6,21,7,OO,4578,N487CA,ATL,SBN,1521,1518.0,-3.0,19.0,1537.0,118.0,123.0,100.0,566,1717.0,4.0,1719,1721.0,2.0,0,0,,0.0,0.0,0.0,0.0,0.0,2015-06-21,0,0.0,0.0,0.0,0.0,0.0
2015,7,13,1,DL,1169,N3764D,MIA,LAX,816,817.0,1.0,19.0,836.0,329.0,331.0,283.0,2342,1019.0,29.0,1045,1048.0,3.0,0,0,,0.0,0.0,0.0,0.0,0.0,2015-07-13,0,0.0,0.0,0.0,0.0,0.0
2015,7,22,3,EV,5330,N753EV,GSO,ATL,1700,1750.0,50.0,18.0,1808.0,82.0,77.0,54.0,306,1902.0,5.0,1822,1907.0,45.0,0,0,,0.0,0.0,36.0,9.0,0.0,2015-07-22,1,0.0,0.0,72.0,18.0,0.0
2015,7,11,6,AA,437,N579UW,PHX,ORD,1520,1516.0,-4.0,14.0,1530.0,213.0,200.0,168.0,1440,2018.0,18.0,2053,2036.0,-17.0,0,0,,0.0,0.0,0.0,0.0,0.0,2015-07-11,0,0.0,0.0,0.0,0.0,0.0
2015,7,17,5,WN,864,N385SW,STL,BWI,1130,1132.0,2.0,12.0,1144.0,120.0,118.0,99.0,738,1423.0,7.0,1430,1430.0,0.0,0,0,,0.0,0.0,0.0,0.0,0.0,2015-07-17,0,0.0,0.0,0.0,0.0,0.0
2015,6,22,1,WN,1259,N798SW,MDW,EWR,1725,1742.0,17.0,9.0,1751.0,120.0,110.0,89.0,711,2020.0,12.0,2025,2032.0,7.0,0,0,,0.0,0.0,0.0,0.0,0.0,2015-06-22,1,0.0,0.0,0.0,0.0,0.0
2015,6,25,4,WN,796,N727SW,MDW,ORF,1340,1411.0,31.0,6.0,1417.0,125.0,104.0,94.0,704,1651.0,4.0,1645,1655.0,10.0,0,0,,0.0,0.0,0.0,0.0,0.0,2015-06-25,1,0.0,0.0,0.0,0.0,0.0
2015,6,24,3,DL,306,N937AT,ORD,ATL,1000,1000.0,0.0,16.0,1016.0,119.0,103.0,82.0,606,1238.0,5.0,1259,1243.0,-16.0,0,0,,0.0,0.0,0.0,0.0,0.0,2015-06-24,0,0.0,0.0,0.0,0.0,0.0
2015,6,30,2,DL,787,N369NW,DEN,JFK,1123,1120.0,-3.0,32.0,1152.0,244.0,270.0,230.0,1626,1742.0,8.0,1727,1750.0,23.0,0,0,,23.0,0.0,0.0,0.0,0.0,2015-06-30,0,-766.67,-0.0,-0.0,-0.0,-0.0
2015,7,6,1,EV,4700,N13913,LIT,IAH,916,902.0,-14.0,12.0,914.0,89.0,89.0,61.0,374,1015.0,16.0,1045,1031.0,-14.0,0,0,,0.0,0.0,0.0,0.0,0.0,2015-07-06,0,0.0,0.0,0.0,0.0,0.0
2015,7,2,4,DL,1154,N750AT,LAX,ATL,54,54.0,0.0,35.0,129.0,260.0,274.0,231.0,1947,820.0,8.0,814,828.0,14.0,0,0,,0.0,0.0,0.0,0.0,0.0,2015-07-02,0,0.0,0.0,0.0,0.0,0.0
2015,7,6,1,AA,1642,N3JUAA,MIA,DCA,1830,1822.0,-8.0,16.0,1838.0,157.0,145.0,120.0,919,2038.0,9.0,2107,2047.0,-20.0,0,0,,0.0,0.0,0.0,0.0,0.0,2015-07-06,0,0.0,0.0,0.0,0.0,0.0
2015,7,2,4,OO,5303,N929EV,AVL,ORD,613,607.0,-6.0,14.0,621.0,107.0,113.0,86.0,536,647.0,13.0,700,700.0,0.0,0,0,,0.0,0.0,0.0,0.0,0.0,2015-07-02,0,0.0,0.0,0.0,0.0,0.0
2015,7,16,4,EV,4275,N16546,CLT,IAH,1702,1656.0,-6.0,16.0,1712.0,163.0,151.0,126.0,912,1818.0,9.0,1845,1827.0,-18.0,0,0,,0.0,0.0,0.0,0.0,0.0,2015-07-16,0,0.0,0.0,0.0,0.0,0.0
2015,7,17,5,WN,2950,N7722B,FLL,ATL,545,540.0,-5.0,13.0,553.0,120.0,107.0,85.0,581,718.0,9.0,745,727.0,-18.0,0,0,,0.0,0.0,0.0,0.0,0.0,2015-07-17,0,0.0,0.0,0.0,0.0,0.0
2015,7,1,3,AA,2135,N959UW,LGA,DCA,1400,1404.0,4.0,20.0,1424.0,81.0,82.0,42.0,214,1506.0,20.0,1521,1526.0,5.0,0,0,,0.0,0.0,0.0,0.0,0.0,2015-07-01,0,0.0,0.0,0.0,0.0,0.0
2015,7,12,7,EV,2623,N672AE,TYR,DFW,527,517.0,-10.0,11.0,528.0,54.0,56.0,29.0,102,557.0,16.0,621,613.0,-8.0,0,0,,0.0,0.0,0.0,0.0,0.0,2015-07-12,0,0.0,0.0,0.0,0.0,0.0
2015,6,22,1,AS,621,N461AS,LAS,PDX,2015,2031.0,16.0,12.0,2043.0,125.0,119.0,103.0,763,2226.0,4.0,2220,2230.0,10.0,0,0,,0.0,0.0,0.0,0.0,0.0,2015-06-22,1,0.0,0.0,0.0,0.0,0.0
2015,6,19,5,EV,5819,N21197,SDF,EWR,1949,2003.0,14.0,14.0,2017.0,125.0,115.0,93.0,642,2150.0,8.0,2154,2158.0,4.0,0,0,,0.0,0.0,0.0,0.0,0.0,2015-06-19,0,0.0,0.0,0.0,0.0,0.0
2015,7,9,4,UA,1636,N57864,HNL,LAX,1505,1502.0,-3.0,15.0,1517.0,325.0,330.0,294.0,2556,2311.0,21.0,2330,2332.0,2.0,0,0,,0.0,0.0,0.0,0.0,0.0,2015-07-09,0,0.0,0.0,0.0,0.0,0.0
2015,7,13,1,EV,2651,N672AE,AMA,DFW,1031,1023.0,-8.0,11.0,1034.0,78.0,93.0,50.0,312,1124.0,32.0,1149,1156.0,7.0,0,0,,0.0,0.0,0.0,0.0,0.0,2015-07-13,0,0.0,0.0,0.0,0.0,0.0
2015,7,20,1,DL,1844,N371NW,DTW,DFW,838,838.0,0.0,19.0,857.0,165.0,157.0,129.0,986,1006.0,9.0,1023,1015.0,-8.0,0,0,,0.0,0.0,0.0,0.0,0.0,2015-07-20,0,0.0,0.0,0.0,0.0,0.0
2015,7,22,3,AA,1602,N3KDAA,DCA,DFW,1659,1659.0,0.0,17.0,1716.0,203.0,196.0,164.0,1192,1900.0,15.0,1922,1915.0,-7.0,0,0,,0.0,0.0,0.0,0.0,0.0,2015-07-22,0,0.0,0.0,0.0,0.0,0.0
2015,7,15,3,NK,816,N532NK,IAH,MCI,925,927.0,2.0,17.0,944.0,116.0,110.0,87.0,643,1111.0,6.0,1121,1117.0,-4.0,0,0,,0.0,0.0,0.0,0.0,0.0,2015-07-15,0,0.0,0.0,0.0,0.0,0.0
2015,6,28,7,B6,1182,N283JB,RIC,BOS,1346,1349.0,3.0,25.0,1414.0,88.0,107.0,75.0,474,1529.0,7.0,1514,1536.0,22.0,0,0,,19.0,0.0,3.0,0.0,0.0,2015-06-28,0,633.33,0.0,100.0,0.0,0.0
2015,7,19,7,OO,2884,N869AS,TUS,LAX,1005,1003.0,-2.0,15.0,1018.0,95.0,96.0,74.0,451,1132.0,7.0,1140,1139.0,-1.0,0,0,,0.0,0.0,0.0,0.0,0.0,2015-07-19,0,0.0,0.0,0.0,0.0,0.0
2015,7,1,3,WN,398,N553WN,TUL,DEN,615,610.0,-5.0,9.0,619.0,105.0,95.0,77.0,541,636.0,9.0,700,645.0,-15.0,0,0,,0.0,0.0,0.0,0.0,0.0,2015-07-01,0,0.0,0.0,0.0,0.0,0.0
2015,7,2,4,B6,288,N768JB,LAX,BOS,739,906.0,87.0,18.0,924.0,333.0,312.0,289.0,2611,1713.0,5.0,1612,1718.0,66.0,0,0,,0.0,0.0,66.0,0.0,0.0,2015-07-02,1,0.0,0.0,75.86,0.0,0.0
2015,6,21,7,WN,4151,N764SW,DAL,SMF,2100,2224.0,84.0,11.0,2235.0,210.0,206.0,191.0,1442,2346.0,4.0,2230,2350.0,80.0,0,0,,0.0,0.0,0.0,80.0,0.0,2015-06-21,1,0.0,0.0,0.0,95.24,0.0
2015,6,18,4,WN,3237,N441WN,ATL,FLL,2220,50.0,150.0,12.0,102.0,110.0,96.0,80.0,581,222.0,4.0,10,226.0,136.0,0,0,,0.0,0.0,0.0,136.0,0.0,2015-06-18,1,0.0,0.0,0.0,90.67,0.0
2015,6,26,5,WN,35,N653SW,HOU,BNA,1645,1804.0,79.0,7.0,1811.0,110.0,103.0,91.0,670,1942.0,5.0,1835,1947.0,72.0,0,0,,0.0,0.0,11.0,61.0,0.0,2015-06-26,1,0.0,0.0,13.92,77.22,0.0
2015,7,16,4,WN,1069,N212WN,DEN,CAK,1820,1826.0,6.0,15.0,1841.0,175.0,162.0,144.0,1224,2305.0,3.0,2315,2308.0,-7.0,0,0,,0.0,0.0,0.0,0.0,0.0,2015-07-16,0,0.0,0.0,0.0,0.0,0.0
2015,6,28,7,DL,551,N137DL,SFO,ATL,2230,2237.0,7.0,16.0,2253.0,284.0,272.0,249.0,2139,602.0,7.0,614,609.0,-5.0,0,0,,0.0,0.0,0.0,0.0,0.0,2015-06-28,0,0.0,0.0,0.0,0.0,0.0
2015,6,15,1,US,794,N191UW,LAX,PHL,2345,2359.0,14.0,21.0,20.0,320.0,304.0,275.0,2402,755.0,8.0,805,803.0,-2.0,0,0,,0.0,0.0,0.0,0.0,0.0,2015-06-15,0,0.0,0.0,0.0,0.0,0.0
2015,7,17,5,B6,1677,N593JB,JFK,JAX,2030,2059.0,29.0,36.0,2135.0,162.0,152.0,110.0,828,2325.0,6.0,2312,2331.0,19.0,0,0,,0.0,0.0,19.0,0.0,0.0,2015-07-17,1,0.0,0.0,65.52,0.0,0.0
2015,7,4,6,DL,1185,N350NA,DEN,JFK,1020,1017.0,-3.0,20.0,1037.0,240.0,233.0,197.0,1626,1554.0,16.0,1620,1610.0,-10.0,0,0,,0.0,0.0,0.0,0.0,0.0,2015-07-04,0,0.0,0.0,0.0,0.0,0.0
2015,6,19,5,DL,930,N3741S,ATL,SJC,1925,1923.0,-2.0,20.0,1943.0,306.0,289.0,266.0,2116,2109.0,3.0,2131,2112.0,-19.0,0,0,,0.0,0.0,0.0,0.0,0.0,2015-06-19,0,0.0,0.0,0.0,0.0,0.0
2015,7,8,3,F9,424,N947FR,DEN,ATL,1400,1508.0,68.0,12.0,1520.0,173.0,203.0,156.0,1199,1956.0,35.0,1853,2031.0,98.0,0,0,,30.0,0.0,59.0,9.0,0.0,2015-07-08,1,44.12,0.0,86.76,13.24,0.0
2015,7,13,1,UA,1090,N75425,RDU,ORD,645,706.0,21.0,11.0,717.0,134.0,162.0,139.0,646,836.0,12.0,759,848.0,49.0,0,0,,28.0,0.0,0.0,0.0,21.0,2015-07-13,1,133.33,0.0,0.0,0.0,100.0
2015,7,8,3,AA,1856,N169UW,PHX,PHL,700,656.0,-4.0,16.0,712.0,276.0,265.0,241.0,2075,1413.0,8.0,1436,1421.0,-15.0,0,0,,0.0,0.0,0.0,0.0,0.0,2015-07-08,0,0.0,0.0,0.0,0.0,0.0
2015,7,3,5,UA,1502,N33289,FLL,IAH,1459,1449.0,-10.0,15.0,1504.0,161.0,154.0,132.0,966,1616.0,7.0,1640,1623.0,-17.0,0,0,,0.0,0.0,0.0,0.0,0.0,2015-07-03,0,0.0,0.0,0.0,0.0,0.0
2015,7,8,3,WN,896,N455WN,ATL,LGA,900,858.0,-2.0,11.0,909.0,140.0,130.0,110.0,762,1059.0,9.0,1120,1108.0,-12.0,0,0,,0.0,0.0,0.0,0.0,0.0,2015-07-08,0,0.0,0.0,0.0,0.0,0.0
2015,6,29,1,WN,174,N227WN,BUR,OAK,2125,2134.0,9.0,9.0,2143.0,70.0,62.0,46.0,325,2229.0,7.0,2235,2236.0,1.0,0,0,,0.0,0.0,0.0,0.0,0.0,2015-06-29,0,0.0,0.0,0.0,0.0,0.0
2015,7,14,2,OO,6389,N932SW,LAX,TUS,1947,1947.0,0.0,9.0,1956.0,92.0,79.0,66.0,451,2102.0,4.0,2119,2106.0,-13.0,0,0,,0.0,0.0,0.0,0.0,0.0,2015-07-14,0,0.0,0.0,0.0,0.0,0.0
2015,7,10,5,B6,762,N526JB,PBI,LGA,600,551.0,-9.0,17.0,608.0,164.0,157.0,135.0,1035,823.0,5.0,844,828.0,-16.0,0,0,,0.0,0.0,0.0,0.0,0.0,2015-07-10,0,0.0,0.0,0.0,0.0,0.0
2015,7,19,7,WN,5257,N921WN,SEA,SNA,610,612.0,2.0,8.0,620.0,165.0,150.0,137.0,978,837.0,5.0,855,842.0,-13.0,0,0,,0.0,0.0,0.0,0.0,0.0,2015-07-19,0,0.0,0.0,0.0,0.0,0.0
2015,7,5,7,B6,1716,N531JB,TPA,LGA,1120,1122.0,2.0,13.0,1135.0,160.0,151.0,133.0,1010,1348.0,5.0,1400,1353.0,-7.0,0,0,,0.0,0.0,0.0,0.0,0.0,2015-07-05,0,0.0,0.0,0.0,0.0,0.0
2015,6,22,1,WN,123,N202WN,MKE,STL,645,640.0,-5.0,9.0,649.0,75.0,63.0,50.0,317,739.0,4.0,800,743.0,-17.0,0,0,,0.0,0.0,0.0,0.0,0.0,2015-06-22,0,0.0,0.0,0.0,0.0,0.0
2015,6,24,3,AA,1044,N3AKAA,MIA,DTW,935,947.0,12.0,15.0,1002.0,189.0,174.0,153.0,1145,1235.0,6.0,1244,1241.0,-3.0,0,0,,0.0,0.0,0.0,0.0,0.0,2015-06-24,0,0.0,0.0,0.0,0.0,0.0
2015,7,12,7,AA,412,N829AW,OAK,PHX,1225,1304.0,39.0,11.0,1315.0,115.0,110.0,95.0,646,1450.0,4.0,1420,1454.0,34.0,0,0,,0.0,0.0,3.0,31.0,0.0,2015-07-12,1,0.0,0.0,7.69,79.49,0.0
2015,6,29,1,WN,2795,N8626B,DEN,HOU,1000,953.0,-7.0,19.0,1012.0,140.0,148.0,123.0,883,1315.0,6.0,1320,1321.0,1.0,0,0,,0.0,0.0,0.0,0.0,0.0,2015-06-29,0,0.0,0.0,0.0,0.0,0.0
2015,7,14,2,DL,1567,N130DL,ATL,SAN,1755,1753.0,-2.0,19.0,1812.0,272.0,257.0,235.0,1892,1907.0,3.0,1927,1910.0,-17.0,0,0,,0.0,0.0,0.0,0.0,0.0,2015-07-14,0,0.0,0.0,0.0,0.0,0.0
2015,6,30,2,B6,384,N623JB,MCO,JFK,2025,2124.0,59.0,30.0,2154.0,158.0,154.0,121.0,944,2355.0,3.0,2303,2358.0,55.0,0,0,,55.0,0.0,0.0,0.0,0.0,2015-06-30,1,93.22,0.0,0.0,0.0,0.0
2015,7,1,3,EV,4405,N14972,IAH,STL,715,725.0,10.0,21.0,746.0,131.0,122.0,96.0,667,922.0,5.0,926,927.0,1.0,0,0,,0.0,0.0,0.0,0.0,0.0,2015-07-01,0,0.0,0.0,0.0,0.0,0.0
2015,7,3,5,DL,2599,N327NB,ATL,BNA,1510,1528.0,18.0,15.0,1543.0,72.0,65.0,43.0,214,1526.0,7.0,1522,1533.0,11.0,0,0,,0.0,0.0,0.0,0.0,0.0,2015-07-03,1,0.0,0.0,0.0,0.0,0.0
2015,6,14,7,UA,234,N855UA,IAH,SEA,1526,1548.0,22.0,34.0,1622.0,285.0,285.0,238.0,1874,1820.0,13.0,1811,1833.0,22.0,0,0,,0.0,0.0,7.0,15.0,0.0,2015-06-14,1,0.0,0.0,31.82,68.18,0.0
2015,6,25,4,OO,2769,N907SW,TUS,PHX,1810,1810.0,0.0,22.0,1832.0,62.0,55.0,26.0,110,1858.0,7.0,1912,1905.0,-7.0,0,0,,0.0,0.0,0.0,0.0,0.0,2015-06-25,0,0.0,0.0,0.0,0.0,0.0
2015,7,12,7,EV,4350,N21537,LRD,IAH,1612,1602.0,-10.0,9.0,1611.0,81.0,73.0,57.0,301,1708.0,7.0,1733,1715.0,-18.0,0,0,,0.0,0.0,0.0,0.0,0.0,2015-07-12,0,0.0,0.0,0.0,0.0,0.0
2015,7,6,1,WN,4559,N282WN,SAN,BNA,620,620.0,0.0,14.0,634.0,250.0,232.0,214.0,1751,1208.0,4.0,1230,1212.0,-18.0,0,0,,0.0,0.0,0.0,0.0,0.0,2015-07-06,0,0.0,0.0,0.0,0.0,0.0
2015,6,17,3,AA,328,N3HWAA,LGA,ORD,1030,1230.0,120.0,27.0,1257.0,164.0,158.0,116.0,733,1353.0,15.0,1214,1408.0,114.0,0,0,,0.0,0.0,0.0,114.0,0.0,2015-06-17,1,0.0,0.0,0.0,95.0,0.0
2015,7,6,1,AA,228,N3DTAA,PHL,DFW,1340,1336.0,-4.0,13.0,1349.0,212.0,195.0,170.0,1303,1539.0,12.0,1612,1551.0,-21.0,0,0,,0.0,0.0,0.0,0.0,0.0,2015-07-06,0,0.0,0.0,0.0,0.0,0.0
2015,6,29,1,AA,63,N019AA,MIA,IAH,1945,2005.0,20.0,15.0,2020.0,163.0,155.0,130.0,964,2130.0,10.0,2128,2140.0,12.0,0,0,,0.0,0.0,0.0,0.0,0.0,2015-06-29,1,0.0,0.0,0.0,0.0,0.0
2015,7,14,2,WN,2878,N226WN,STL,MSY,1110,1115.0,5.0,7.0,1122.0,95.0,91.0,80.0,604,1242.0,4.0,1245,1246.0,1.0,0,0,,0.0,0.0,0.0,0.0,0.0,2015-07-14,0,0.0,0.0,0.0,0.0,0.0
2015,6,29,1,US,2144,N949UW,DCA,LGA,700,653.0,-7.0,14.0,707.0,75.0,76.0,42.0,214,749.0,20.0,815,809.0,-6.0,0,0,,0.0,0.0,0.0,0.0,0.0,2015-06-29,0,0.0,0.0,0.0,0.0,0.0
2015,6,29,1,DL,2110,N983DL,ATL,DFW,1115,1132.0,17.0,17.0,1149.0,135.0,132.0,103.0,731,1232.0,12.0,1230,1244.0,14.0,0,0,,0.0,0.0,0.0,0.0,0.0,2015-06-29,1,0.0,0.0,0.0,0.0,0.0
2015,7,22,3,WN,735,N274WN,MDW,EWR,605,601.0,-4.0,14.0,615.0,115.0,115.0,86.0,711,841.0,15.0,900,856.0,-4.0,0,0,,0.0,0.0,0.0,0.0,0.0,2015-07-22,0,0.0,0.0,0.0,0.0,0.0
2015,6,17,3,DL,1126,N997DL,CVG,ATL,1620,1618.0,-2.0,13.0,1631.0,93.0,83.0,64.0,373,1735.0,6.0,1753,1741.0,-12.0,0,0,,0.0,0.0,0.0,0.0,0.0,2015-06-17,0,0.0,0.0,0.0,0.0,0.0
2015,7,21,2,WN,1009,N7707C,SFO,MDW,1505,1512.0,7.0,13.0,1525.0,260.0,238.0,210.0,1855,2055.0,15.0,2125,2110.0,-15.0,0,0,,0.0,0.0,0.0,0.0,0.0,2015-07-21,0,0.0,0.0,0.0,0.0,0.0
2015,6,16,2,DL,2461,N996DL,ATL,MEM,1905,1941.0,36.0,18.0,1959.0,89.0,71.0,50.0,332,1949.0,3.0,1934,1952.0,18.0,0,0,,0.0,0.0,18.0,0.0,0.0,2015-06-16,1,0.0,0.0,50.0,0.0,0.0
2015,7,18,6,WN,1315,N362SW,PDX,OAK,1755,2041.0,166.0,10.0,2051.0,100.0,94.0,78.0,543,2209.0,6.0,1935,2215.0,160.0,0,0,,0.0,0.0,85.0,75.0,0.0,2015-07-18,1,0.0,0.0,51.2,45.18,0.0
2015,7,7,2,VX,201,N637VA,ORD,SFO,800,755.0,-5.0,17.0,812.0,275.0,257.0,237.0,1846,1009.0,3.0,1035,1012.0,-23.0,0,0,,0.0,0.0,0.0,0.0,0.0,2015-07-07,0,0.0,0.0,0.0,0.0,0.0
2015,7,2,4,AA,1593,N501AA,AUS,DFW,1659,1652.0,-7.0,13.0,1705.0,71.0,60.0,34.0,190,1739.0,13.0,1810,1752.0,-18.0,0,0,,0.0,0.0,0.0,0.0,0.0,2015-07-02,0,0.0,0.0,0.0,0.0,0.0
2015,6,30,2,WN,759,N558WN,TPA,ATL,610,606.0,-4.0,10.0,616.0,90.0,85.0,65.0,406,721.0,10.0,740,731.0,-9.0,0,0,,0.0,0.0,0.0,0.0,0.0,2015-06-30,0,0.0,0.0,0.0,0.0,0.0
2015,7,17,5,EV,6069,N12540,ORD,PWM,1347,1503.0,76.0,10.0,1513.0,145.0,129.0,110.0,900,1803.0,9.0,1712,1812.0,60.0,0,0,,60.0,0.0,0.0,0.0,0.0,2015-07-17,1,78.95,0.0,0.0,0.0,0.0
2015,6,23,2,WN,1532,N359SW,MSY,DAL,955,945.0,-10.0,11.0,956.0,80.0,80.0,64.0,436,1100.0,5.0,1115,1105.0,-10.0,0,0,,0.0,0.0,0.0,0.0,0.0,2015-06-23,0,0.0,0.0,0.0,0.0,0.0
2015,6,16,2,B6,925,N588JB,JFK,TPA,1029,1039.0,10.0,16.0,1055.0,172.0,156.0,136.0,1005,1311.0,4.0,1321,1315.0,-6.0,0,0,,0.0,0.0,0.0,0.0,0.0,2015-06-16,0,0.0,0.0,0.0,0.0,0.0
2015,7,18,6,VX,165,N627VA,EWR,LAX,1300,1257.0,-3.0,12.0,1309.0,350.0,354.0,327.0,2454,1536.0,15.0,1550,1551.0,1.0,0,0,,0.0,0.0,0.0,0.0,0.0,2015-07-18,0,0.0,0.0,0.0,0.0,0.0
2015,6,22,1,WN,662,N941WN,LAS,HOU,515,512.0,-3.0,11.0,523.0,180.0,176.0,160.0,1235,1003.0,5.0,1015,1008.0,-7.0,0,0,,0.0,0.0,0.0,0.0,0.0,2015-06-22,0,0.0,0.0,0.0,0.0,0.0
2015,6,18,4,OO,4754,N448SW,DTW,SBN,1754,1749.0,-5.0,33.0,1822.0,59.0,71.0,34.0,157,1856.0,4.0,1853,1900.0,7.0,0,0,,0.0,0.0,0.0,0.0,0.0,2015-06-18,0,0.0,0.0,0.0,0.0,0.0
2015,7,13,1,DL,2284,N372NW,SLC,SMF,1130,1147.0,17.0,14.0,1201.0,100.0,92.0,74.0,532,1215.0,4.0,1210,1219.0,9.0,0,0,,0.0,0.0,0.0,0.0,0.0,2015-07-13,1,0.0,0.0,0.0,0.0,0.0
2015,7,6,1,OO,6403,N743SK,SFO,PHX,910,1039.0,89.0,17.0,1056.0,128.0,117.0,95.0,651,1231.0,5.0,1118,1236.0,78.0,0,0,,0.0,0.0,78.0,0.0,0.0,2015-07-06,1,0.0,0.0,87.64,0.0,0.0
2015,7,21,2,DL,2627,N6704Z,JFK,PDX,800,801.0,1.0,18.0,819.0,365.0,349.0,329.0,2454,1048.0,2.0,1105,1050.0,-15.0,0,0,,0.0,0.0,0.0,0.0,0.0,2015-07-21,0,0.0,0.0,0.0,0.0,0.0
2015,7,9,4,WN,898,N7721E,SEA,LAS,1130,1158.0,28.0,23.0,1221.0,150.0,147.0,118.0,867,1419.0,6.0,1400,1425.0,25.0,0,0,,0.0,0.0,15.0,10.0,0.0,2015-07-09,1,0.0,0.0,53.57,35.71,0.0
2015,7,14,2,WN,4519,N466WN,SAT,STL,1705,1717.0,12.0,10.0,1727.0,125.0,119.0,105.0,786,1912.0,4.0,1910,1916.0,6.0,0,0,,0.0,0.0,0.0,0.0,0.0,2015-07-14,0,0.0,0.0,0.0,0.0,0.0
2015,6,22,1,WN,3949,N765SW,DCA,MKE,2055,2050.0,-5.0,10.0,2100.0,125.0,114.0,99.0,634,2139.0,5.0,2200,2144.0,-16.0,0,0,,0.0,0.0,0.0,0.0,0.0,2015-06-22,0,0.0,0.0,0.0,0.0,0.0
2015,6,25,4,AS,50,N768AS,BRW,ANC,1852,1900.0,8.0,7.0,1907.0,107.0,110.0,100.0,725,2047.0,3.0,2039,2050.0,11.0,0,0,,0.0,0.0,0.0,0.0,0.0,2015-06-25,0,0.0,0.0,0.0,0.0,0.0
2015,6,21,7,AA,1265,N3DYAA,MIA,PHL,1855,1943.0,48.0,16.0,1959.0,172.0,152.0,131.0,1013,2210.0,5.0,2147,2215.0,28.0,0,0,,0.0,0.0,16.0,12.0,0.0,2015-06-21,1,0.0,0.0,33.33,25.0,0.0
2015,7,22,3,WN,850,N7823A,MSP,DEN,1455,1501.0,6.0,10.0,1511.0,125.0,101.0,87.0,680,1538.0,4.0,1600,1542.0,-18.0,0,0,,0.0,0.0,0.0,0.0,0.0,2015-07-22,0,0.0,0.0,0.0,0.0,0.0
2015,6,30,2,WN,3743,N7709A,DCA,MCI,1530,1529.0,-1.0,26.0,1555.0,165.0,167.0,136.0,949,1711.0,5.0,1715,1716.0,1.0,0,0,,0.0,0.0,0.0,0.0,0.0,2015-06-30,0,0.0,0.0,0.0,0.0,0.0
2015,6,14,7,F9,247,N906FR,IAH,DEN,1435,1633.0,118.0,31.0,1704.0,148.0,156.0,116.0,862,1800.0,9.0,1603,1809.0,126.0,0,0,,8.0,0.0,0.0,118.0,0.0,2015-06-14,1,6.78,0.0,0.0,100.0,0.0
2015,7,3,5,OO,5572,N764SK,MOT,DEN,611,604.0,-7.0,22.0,626.0,110.0,110.0,80.0,604,646.0,8.0,701,654.0,-7.0,0,0,,0.0,0.0,0.0,0.0,0.0,2015-07-03,0,0.0,0.0,0.0,0.0,0.0
2015,6,24,3,WN,962,N913WN,SAT,DEN,2130,2301.0,91.0,8.0,2309.0,140.0,121.0,107.0,794,2356.0,6.0,2250,2.0,72.0,0,0,,68.0,0.0,0.0,4.0,0.0,2015-06-24,1,74.73,0.0,0.0,4.4,0.0
2015,7,16,4,EV,5197,N917EV,ATL,ABE,1444,1444.0,0.0,13.0,1457.0,128.0,127.0,111.0,692,1648.0,3.0,1652,1651.0,-1.0,0,0,,0.0,0.0,0.0,0.0,0.0,2015-07-16,0,0.0,0.0,0.0,0.0,0.0
2015,6,16,2,WN,2152,N758SW,STL,PHX,1105,1123.0,18.0,11.0,1134.0,190.0,186.0,168.0,1262,1222.0,7.0,1215,1229.0,14.0,0,0,,0.0,0.0,0.0,0.0,0.0,2015-06-16,1,0.0,0.0,0.0,0.0,0.0
2015,7,18,6,UA,1123,N17719,IAH,STT,900,928.0,28.0,16.0,944.0,285.0,278.0,252.0,2070,1456.0,10.0,1445,1506.0,21.0,0,0,,0.0,0.0,21.0,0.0,0.0,2015-07-18,1,0.0,0.0,75.0,0.0,0.0
2015,7,12,7,DL,2128,N533US,MCO,DTW,1400,1356.0,-4.0,10.0,1406.0,159.0,143.0,128.0,957,1614.0,5.0,1639,1619.0,-20.0,0,0,,0.0,0.0,0.0,0.0,0.0,2015-07-12,0,0.0,0.0,0.0,0.0,0.0
2015,7,17,5,EV,5175,N759EV,ALB,DTW,1240,1232.0,-8.0,11.0,1243.0,107.0,96.0,79.0,489,1402.0,6.0,1427,1408.0,-19.0,0,0,,0.0,0.0,0.0,0.0,0.0,2015-07-17,0,0.0,0.0,0.0,0.0,0.0
2015,7,8,3,DL,29,N912DE,ATL,DFW,1920,1918.0,-2.0,25.0,1943.0,138.0,128.0,97.0,731,2020.0,6.0,2038,2026.0,-12.0,0,0,,0.0,0.0,0.0,0.0,0.0,2015-07-08,0,0.0,0.0,0.0,0.0,0.0
2015,7,2,4,EV,4745,N12900,ORD,MHT,1834,1826.0,-8.0,37.0,1903.0,135.0,147.0,106.0,843,2149.0,4.0,2149,2153.0,4.0,0,0,,0.0,0.0,0.0,0.0,0.0,2015-07-02,0,0.0,0.0,0.0,0.0,0.0
2015,7,11,6,WN,3916,N394SW,SMF,SEA,1625,1626.0,1.0,7.0,1633.0,105.0,102.0,88.0,605,1801.0,7.0,1810,1808.0,-2.0,0,0,,0.0,0.0,0.0,0.0,0.0,2015-07-11,0,0.0,0.0,0.0,0.0,0.0
2015,7,21,2,WN,613,N426WN,MDW,RSW,1330,1326.0,-4.0,21.0,1347.0,170.0,168.0,143.0,1105,1710.0,4.0,1720,1714.0,-6.0,0,0,,0.0,0.0,0.0,0.0,0.0,2015-07-21,0,0.0,0.0,0.0,0.0,0.0
2015,7,8,3,AA,53,N3FCAA,DCA,LAX,835,908.0,33.0,19.0,927.0,353.0,336.0,305.0,2311,1132.0,12.0,1128,1144.0,16.0,0,0,,0.0,0.0,16.0,0.0,0.0,2015-07-08,1,0.0,0.0,48.48,0.0,0.0
2015,6,24,3,WN,2150,N7737E,IND,MCO,1705,1703.0,-2.0,7.0,1710.0,140.0,133.0,118.0,829,1908.0,8.0,1925,1916.0,-9.0,0,0,,0.0,0.0,0.0,0.0,0.0,2015-06-24,0,0.0,0.0,0.0,0.0,0.0
2015,6,16,2,AA,2289,N3BCAA,SAN,DFW,800,757.0,-3.0,41.0,838.0,187.0,204.0,149.0,1171,1307.0,14.0,1307,1321.0,14.0,0,0,,0.0,0.0,0.0,0.0,0.0,2015-06-16,0,0.0,0.0,0.0,0.0,0.0
2015,6,16,2,OO,5366,N960SW,DVL,JMS,550,541.0,-9.0,19.0,600.0,39.0,47.0,22.0,83,622.0,6.0,629,628.0,-1.0,0,0,,0.0,0.0,0.0,0.0,0.0,2015-06-16,0,0.0,0.0,0.0,0.0,0.0
2015,6,17,3,OO,4704,N604SK,PHX,SEA,710,704.0,-6.0,20.0,724.0,180.0,186.0,161.0,1107,1005.0,5.0,1010,1010.0,0.0,0,0,,0.0,0.0,0.0,0.0,0.0,2015-06-17,0,0.0,0.0,0.0,0.0,0.0
2015,6,14,7,DL,1790,N830DN,ATL,SAT,1050,1054.0,4.0,18.0,1112.0,138.0,135.0,112.0,874,1204.0,5.0,1208,1209.0,1.0,0,0,,0.0,0.0,0.0,0.0,0.0,2015-06-14,0,0.0,0.0,0.0,0.0,0.0
2015,6,18,4,OO,5616,N926SW,DEN,ISN,1004,959.0,-5.0,31.0,1030.0,109.0,126.0,93.0,576,1303.0,2.0,1253,1305.0,12.0,0,0,,0.0,0.0,0.0,0.0,0.0,2015-06-18,0,0.0,0.0,0.0,0.0,0.0
2015,6,14,7,MQ,3055,N650MQ,DFW,CMI,1830,1843.0,13.0,28.0,1911.0,129.0,124.0,93.0,692,2044.0,3.0,2039,2047.0,8.0,0,0,,0.0,0.0,0.0,0.0,0.0,2015-06-14,0,0.0,0.0,0.0,0.0,0.0
2015,7,20,1,AA,1462,N5CKAA,DFW,MIA,1155,1239.0,44.0,14.0,1253.0,180.0,163.0,141.0,1121,1614.0,8.0,1555,1622.0,27.0,0,0,,0.0,0.0,3.0,24.0,0.0,2015-07-20,1,0.0,0.0,6.82,54.55,0.0
2015,6,26,5,AA,1496,N3GEAA,LAS,ORD,35,35.0,0.0,13.0,48.0,205.0,207.0,189.0,1514,557.0,5.0,600,602.0,2.0,0,0,,0.0,0.0,0.0,0.0,0.0,2015-06-26,0,0.0,0.0,0.0,0.0,0.0
2015,6,26,5,WN,2770,N207WN,ATL,TPA,1100,1059.0,-1.0,13.0,1112.0,85.0,80.0,63.0,406,1215.0,4.0,1225,1219.0,-6.0,0,0,,0.0,0.0,0.0,0.0,0.0,2015-06-26,0,0.0,0.0,0.0,0.0,0.0
2015,6,30,2,WN,4282,N247WN,MCO,IND,1705,1705.0,0.0,14.0,1719.0,140.0,138.0,119.0,829,1918.0,5.0,1925,1923.0,-2.0,0,0,,0.0,0.0,0.0,0.0,0.0,2015-06-30,0,0.0,0.0,0.0,0.0,0.0
2015,7,3,5,DL,925,N375DA,LAX,SEA,1625,1629.0,4.0,11.0,1640.0,154.0,140.0,121.0,954,1841.0,8.0,1859,1849.0,-10.0,0,0,,0.0,0.0,0.0,0.0,0.0,2015-07-03,0,0.0,0.0,0.0,0.0,0.0
2015,7,9,4,DL,1500,N973DL,ATL,BOS,1345,1404.0,19.0,25.0,1429.0,164.0,152.0,116.0,946,1625.0,11.0,1629,1636.0,7.0,0,0,,0.0,0.0,0.0,0.0,0.0,2015-07-09,1,0.0,0.0,0.0,0.0,0.0
2015,6,22,1,WN,2168,N7739A,EWR,BNA,1555,1551.0,-4.0,18.0,1609.0,140.0,124.0,100.0,748,1649.0,6.0,1715,1655.0,-20.0,0,0,,0.0,0.0,0.0,0.0,0.0,2015-06-22,0,0.0,0.0,0.0,0.0,0.0
2015,7,12,7,OO,5614,N144SY,ORD,BDL,2058,2055.0,-3.0,17.0,2112.0,137.0,121.0,99.0,783,2351.0,5.0,15,2356.0,-19.0,0,0,,0.0,0.0,0.0,0.0,0.0,2015-07-12,0,0.0,0.0,0.0,0.0,0.0
2015,6,20,6,DL,770,N906AT,SAV,ATL,1015,1017.0,2.0,10.0,1027.0,72.0,55.0,37.0,214,1104.0,8.0,1127,1112.0,-15.0,0,0,,0.0,0.0,0.0,0.0,0.0,2015-06-20,0,0.0,0.0,0.0,0.0,0.0
2015,6,21,7,UA,255,N442UA,SFO,DEN,2030,2032.0,2.0,19.0,2051.0,146.0,136.0,112.0,967,2343.0,5.0,2356,2348.0,-8.0,0,0,,0.0,0.0,0.0,0.0,0.0,2015-06-21,0,0.0,0.0,0.0,0.0,0.0
2015,6,14,7,MQ,3084,N506MQ,DSM,ORD,1604,1635.0,31.0,8.0,1643.0,85.0,67.0,50.0,299,1733.0,9.0,1729,1742.0,13.0,0,0,,0.0,0.0,0.0,0.0,0.0,2015-06-14,1,0.0,0.0,0.0,0.0,0.0
2015,6,29,1,US,617,N752US,PHX,CMH,850,852.0,2.0,21.0,913.0,236.0,234.0,208.0,1670,1541.0,5.0,1546,1546.0,0.0,0,0,,0.0,0.0,0.0,0.0,0.0,2015-06-29,0,0.0,0.0,0.0,0.0,0.0
2015,6,18,4,WN,1343,N425LV,MDW,CLE,735,732.0,-3.0,17.0,749.0,65.0,72.0,48.0,307,937.0,7.0,940,944.0,4.0,0,0,,0.0,0.0,0.0,0.0,0.0,2015-06-18,0,0.0,0.0,0.0,0.0,0.0
2015,6,25,4,DL,1220,N994DL,DTW,DCA,1958,2249.0,171.0,12.0,2301.0,90.0,80.0,64.0,405,5.0,4.0,2128,9.0,161.0,0,0,,125.0,0.0,0.0,36.0,0.0,2015-06-25,1,73.1,0.0,0.0,21.05,0.0
2015,6,30,2,WN,477,N8637A,BWI,HOU,1055,1051.0,-4.0,19.0,1110.0,190.0,215.0,190.0,1246,1320.0,6.0,1305,1326.0,21.0,0,0,,21.0,0.0,0.0,0.0,0.0,2015-06-30,0,-525.0,-0.0,-0.0,-0.0,-0.0
2015,6,25,4,NK,562,N624NK,LAX,LAS,625,624.0,-1.0,26.0,650.0,67.0,76.0,46.0,236,736.0,4.0,732,740.0,8.0,0,0,,0.0,0.0,0.0,0.0,0.0,2015-06-25,0,0.0,0.0,0.0,0.0,0.0
2015,6,14,7,WN,3927,N228WN,DEN,EWR,1710,1728.0,18.0,24.0,1752.0,225.0,233.0,202.0,1605,2314.0,7.0,2255,2321.0,26.0,0,0,,8.0,0.0,0.0,4.0,14.0,2015-06-14,1,44.44,0.0,0.0,22.22,77.78
2015,7,1,3,AA,280,N861AA,DFW,MIA,1820,1829.0,9.0,12.0,1841.0,180.0,160.0,143.0,1121,2204.0,5.0,2220,2209.0,-11.0,0,0,,0.0,0.0,0.0,0.0,0.0,2015-07-01,0,0.0,0.0,0.0,0.0,0.0
2015,7,5,7,AS,335,N615AS,SJC,SEA,1535,1523.0,-12.0,6.0,1529.0,113.0,105.0,94.0,697,1703.0,5.0,1728,1708.0,-20.0,0,0,,0.0,0.0,0.0,0.0,0.0,2015-07-05,0,0.0,0.0,0.0,0.0,0.0
2015,7,14,2,AS,880,N559AS,HNL,SJC,1315,1304.0,-11.0,31.0,1335.0,308.0,322.0,287.0,2417,2122.0,4.0,2123,2126.0,3.0,0,0,,0.0,0.0,0.0,0.0,0.0,2015-07-14,0,0.0,0.0,0.0,0.0,0.0
2015,7,1,3,WN,1143,N278WN,ATL,BWI,1345,1353.0,8.0,22.0,1415.0,115.0,109.0,83.0,577,1538.0,4.0,1540,1542.0,2.0,0,0,,0.0,0.0,0.0,0.0,0.0,2015-07-01,0,0.0,0.0,0.0,0.0,0.0
2015,6,18,4,DL,1873,N935DL,ATL,MIA,1735,1832.0,57.0,67.0,1939.0,125.0,165.0,94.0,594,2113.0,4.0,1940,2117.0,97.0,0,0,,40.0,0.0,0.0,0.0,57.0,2015-06-18,1,70.18,0.0,0.0,0.0,100.0
2015,7,11,6,NK,147,N507NK,ACY,ATL,1045,1036.0,-9.0,15.0,1051.0,121.0,119.0,94.0,679,1225.0,10.0,1246,1235.0,-11.0,0,0,,0.0,0.0,0.0,0.0,0.0,2015-07-11,0,0.0,0.0,0.0,0.0,0.0
2015,6,17,3,US,895,N551UW,PDX,PHX,855,851.0,-4.0,10.0,901.0,153.0,142.0,129.0,1009,1110.0,3.0,1128,1113.0,-15.0,0,0,,0.0,0.0,0.0,0.0,0.0,2015-06-17,0,0.0,0.0,0.0,0.0,0.0
2015,7,17,5,F9,796,N207FR,PDX,DEN,600,550.0,-10.0,10.0,600.0,150.0,142.0,124.0,991,904.0,8.0,930,912.0,-18.0,0,0,,0.0,0.0,0.0,0.0,0.0,2015-07-17,0,0.0,0.0,0.0,0.0,0.0
2015,7,13,1,F9,1478,N929FR,LAX,ATL,2300,2303.0,3.0,20.0,2323.0,275.0,283.0,246.0,1947,629.0,17.0,635,646.0,11.0,0,0,,0.0,0.0,0.0,0.0,0.0,2015-07-13,0,0.0,0.0,0.0,0.0,0.0
2015,7,20,1,AS,327,N537AS,SJC,SEA,1000,951.0,-9.0,10.0,1001.0,121.0,133.0,114.0,697,1155.0,9.0,1201,1204.0,3.0,0,0,,0.0,0.0,0.0,0.0,0.0,2015-07-20,0,0.0,0.0,0.0,0.0,0.0
2015,6,26,5,AA,1232,N3JAAA,SFO,LAX,700,650.0,-10.0,12.0,702.0,94.0,88.0,61.0,337,803.0,15.0,834,818.0,-16.0,0,0,,0.0,0.0,0.0,0.0,0.0,2015-06-26,0,0.0,0.0,0.0,0.0,0.0
2015,7,20,1,WN,805,N7818L,DEN,BUR,815,813.0,-2.0,12.0,825.0,145.0,137.0,122.0,850,927.0,3.0,940,930.0,-10.0,0,0,,0.0,0.0,0.0,0.0,0.0,2015-07-20,0,0.0,0.0,0.0,0.0,0.0
2015,6,19,5,DL,2545,N915AT,ECP,ATL,942,950.0,8.0,10.0,1000.0,68.0,58.0,41.0,240,1141.0,7.0,1150,1148.0,-2.0,0,0,,0.0,0.0,0.0,0.0,0.0,2015-06-19,0,0.0,0.0,0.0,0.0,0.0
2015,7,11,6,DL,1769,N6713Y,ATL,MCO,2255,2308.0,13.0,11.0,2319.0,84.0,71.0,56.0,404,15.0,4.0,19,19.0,0.0,0,0,,0.0,0.0,0.0,0.0,0.0,2015-07-11,0,0.0,0.0,0.0,0.0,0.0
2015,7,21,2,DL,2123,N523US,JAX,ATL,830,827.0,-3.0,12.0,839.0,77.0,63.0,43.0,270,922.0,8.0,947,930.0,-17.0,0,0,,0.0,0.0,0.0,0.0,0.0,2015-07-21,0,0.0,0.0,0.0,0.0,0.0
2015,7,16,4,UA,590,N849UA,ORD,MSN,1229,1222.0,-7.0,16.0,1238.0,52.0,47.0,27.0,108,1305.0,4.0,1321,1309.0,-12.0,0,0,,0.0,0.0,0.0,0.0,0.0,2015-07-16,0,0.0,0.0,0.0,0.0,0.0
2015,6,30,2,WN,398,N427WN,LAS,ICT,915,914.0,-1.0,9.0,923.0,140.0,145.0,131.0,986,1334.0,5.0,1335,1339.0,4.0,0,0,,0.0,0.0,0.0,0.0,0.0,2015-06-30,0,0.0,0.0,0.0,0.0,0.0
2015,6,30,2,AA,17,N024AA,AUS,LAX,1220,1216.0,-4.0,7.0,1223.0,186.0,194.0,151.0,1242,1254.0,36.0,1326,1330.0,4.0,0,0,,0.0,0.0,0.0,0.0,0.0,2015-06-30,0,0.0,0.0,0.0,0.0,0.0
2015,6,15,1,US,456,N924US,PHX,SLC,1655,1650.0,-5.0,15.0,1705.0,94.0,130.0,107.0,507,1952.0,8.0,1929,2000.0,31.0,0,0,,31.0,0.0,0.0,0.0,0.0,2015-06-15,0,-620.0,-0.0,-0.0,-0.0,-0.0
2015,6,16,2,NK,747,N527NK,MSP,DFW,1850,2123.0,153.0,12.0,2135.0,143.0,140.0,119.0,852,2334.0,9.0,2113,2343.0,150.0,0,0,,0.0,0.0,150.0,0.0,0.0,2015-06-16,1,0.0,0.0,98.04,0.0,0.0
2015,7,12,7,WN,4095,N7748A,MSY,STL,545,542.0,-3.0,9.0,551.0,100.0,95.0,82.0,604,713.0,4.0,725,717.0,-8.0,0,0,,0.0,0.0,0.0,0.0,0.0,2015-07-12,0,0.0,0.0,0.0,0.0,0.0
2015,7,6,1,MQ,3431,N650MQ,ABI,DFW,527,520.0,-7.0,10.0,530.0,57.0,51.0,36.0,158,606.0,5.0,624,611.0,-13.0,0,0,,0.0,0.0,0.0,0.0,0.0,2015-07-06,0,0.0,0.0,0.0,0.0,0.0
2015,7,1,3,UA,527,N806UA,EWR,AUS,621,625.0,4.0,13.0,638.0,245.0,220.0,202.0,1504,900.0,5.0,926,905.0,-21.0,0,0,,0.0,0.0,0.0,0.0,0.0,2015-07-01,0,0.0,0.0,0.0,0.0,0.0
2015,6,20,6,AS,62,N799AS,KTN,SEA,1320,1322.0,2.0,7.0,1329.0,110.0,107.0,93.0,680,1602.0,7.0,1610,1609.0,-1.0,0,0,,0.0,0.0,0.0,0.0,0.0,2015-06-20,0,0.0,0.0,0.0,0.0,0.0
2015,6,21,7,EV,5088,N750EV,MSN,DTW,1050,1045.0,-5.0,11.0,1056.0,78.0,67.0,48.0,311,1244.0,8.0,1308,1252.0,-16.0,0,0,,0.0,0.0,0.0,0.0,0.0,2015-06-21,0,0.0,0.0,0.0,0.0,0.0
2015,7,19,7,OO,5508,N114SY,ATL,ORD,1024,1025.0,1.0,13.0,1038.0,134.0,113.0,97.0,606,1115.0,3.0,1138,1118.0,-20.0,0,0,,0.0,0.0,0.0,0.0,0.0,2015-07-19,0,0.0,0.0,0.0,0.0,0.0
2015,6,26,5,MQ,3328,N532MQ,DFW,ICT,850,850.0,0.0,21.0,911.0,82.0,77.0,51.0,328,1002.0,5.0,1012,1007.0,-5.0,0,0,,0.0,0.0,0.0,0.0,0.0,2015-06-26,0,0.0,0.0,0.0,0.0,0.0
2015,6,25,4,NK,201,N510NK,FLL,STT,1255,1255.0,0.0,17.0,1312.0,161.0,154.0,133.0,1107,1525.0,4.0,1536,1529.0,-7.0,0,0,,0.0,0.0,0.0,0.0,0.0,2015-06-25,0,0.0,0.0,0.0,0.0,0.0
2015,7,6,1,DL,991,N674DL,ATL,DTW,1204,1200.0,-4.0,21.0,1221.0,118.0,112.0,86.0,594,1347.0,5.0,1402,1352.0,-10.0,0,0,,0.0,0.0,0.0,0.0,0.0,2015-07-06,0,0.0,0.0,0.0,0.0,0.0
2015,7,10,5,DL,1069,N322US,OMA,ATL,550,548.0,-2.0,11.0,559.0,133.0,136.0,110.0,821,849.0,15.0,903,904.0,1.0,0,0,,0.0,0.0,0.0,0.0,0.0,2015-07-10,0,0.0,0.0,0.0,0.0,0.0
2015,7,22,3,EV,4205,N13118,RSW,IAH,1829,1810.0,-19.0,15.0,1825.0,163.0,147.0,125.0,861,1930.0,7.0,2012,1937.0,-35.0,0,0,,0.0,0.0,0.0,0.0,0.0,2015-07-22,0,0.0,0.0,0.0,0.0,0.0
2015,6,28,7,UA,1913,N27722,ORD,SNA,907,905.0,-2.0,20.0,925.0,260.0,254.0,227.0,1726,1112.0,7.0,1127,1119.0,-8.0,0,0,,0.0,0.0,0.0,0.0,0.0,2015-06-28,0,0.0,0.0,0.0,0.0,0.0
2015,6,16,2,DL,1631,N616DL,DCA,DTW,1245,1243.0,-2.0,15.0,1258.0,89.0,81.0,62.0,405,1400.0,4.0,1414,1404.0,-10.0,0,0,,0.0,0.0,0.0,0.0,0.0,2015-06-16,0,0.0,0.0,0.0,0.0,0.0
2015,6,16,2,MQ,3423,N644MQ,SAV,DFW,1910,2036.0,86.0,11.0,2047.0,165.0,164.0,137.0,925,2204.0,16.0,2055,2220.0,85.0,0,0,,0.0,0.0,0.0,5.0,80.0,2015-06-16,1,0.0,0.0,0.0,5.81,93.02
2015,6,18,4,UA,1456,N76269,SFO,EWR,1542,1831.0,169.0,16.0,1847.0,332.0,305.0,281.0,2565,228.0,8.0,14,236.0,142.0,0,0,,0.0,0.0,53.0,89.0,0.0,2015-06-18,1,0.0,0.0,31.36,52.66,0.0
2015,7,10,5,UA,1792,N69840,MCO,LAX,1856,1908.0,12.0,12.0,1920.0,314.0,303.0,275.0,2218,2055.0,16.0,2110,2111.0,1.0,0,0,,0.0,0.0,0.0,0.0,0.0,2015-07-10,0,0.0,0.0,0.0,0.0,0.0
2015,6,30,2,UA,1054,N16703,MSY,EWR,1215,1213.0,-2.0,8.0,1221.0,189.0,167.0,149.0,1167,1550.0,10.0,1624,1600.0,-24.0,0,0,,0.0,0.0,0.0,0.0,0.0,2015-06-30,0,0.0,0.0,0.0,0.0,0.0
2015,6,27,6,EV,4537,N34110,EWR,MEM,835,857.0,22.0,19.0,916.0,176.0,172.0,149.0,946,1045.0,4.0,1031,1049.0,18.0,0,0,,0.0,0.0,18.0,0.0,0.0,2015-06-27,1,0.0,0.0,81.82,0.0,0.0
2015,6,27,6,AA,2327,N424AA,DFW,ORD,1540,1534.0,-6.0,14.0,1548.0,153.0,126.0,107.0,802,1735.0,5.0,1813,1740.0,-33.0,0,0,,0.0,0.0,0.0,0.0,0.0,2015-06-27,0,0.0,0.0,0.0,0.0,0.0
2015,7,9,4,MQ,3676,N516MQ,STL,ORD,856,845.0,-11.0,18.0,903.0,80.0,74.0,48.0,258,951.0,8.0,1016,959.0,-17.0,0,0,,0.0,0.0,0.0,0.0,0.0,2015-07-09,0,0.0,0.0,0.0,0.0,0.0
2015,6,23,2,DL,853,N942DN,DTW,RSW,830,828.0,-2.0,21.0,849.0,170.0,162.0,139.0,1084,1108.0,2.0,1120,1110.0,-10.0,0,0,,0.0,0.0,0.0,0.0,0.0,2015-06-23,0,0.0,0.0,0.0,0.0,0.0
2015,7,21,2,AA,1145,N3LKAA,SFO,ORD,1110,1135.0,25.0,26.0,1201.0,260.0,275.0,209.0,1846,1730.0,40.0,1730,1810.0,40.0,0,0,,15.0,0.0,25.0,0.0,0.0,2015-07-21,1,60.0,0.0,100.0,0.0,0.0
2015,6,22,1,WN,2411,N298WN,TPA,ISP,1115,1112.0,-3.0,11.0,1123.0,160.0,148.0,133.0,1034,1336.0,4.0,1355,1340.0,-15.0,0,0,,0.0,0.0,0.0,0.0,0.0,2015-06-22,0,0.0,0.0,0.0,0.0,0.0
2015,7,6,1,WN,659,N247WN,OAK,PDX,1405,1400.0,-5.0,7.0,1407.0,90.0,81.0,71.0,543,1518.0,3.0,1535,1521.0,-14.0,0,0,,0.0,0.0,0.0,0.0,0.0,2015-07-06,0,0.0,0.0,0.0,0.0,0.0
2015,6,20,6,NK,630,N623NK,DEN,ORD,1334,1358.0,24.0,12.0,1410.0,155.0,161.0,130.0,888,1720.0,19.0,1709,1739.0,30.0,0,0,,6.0,0.0,0.0,24.0,0.0,2015-06-20,1,25.0,0.0,0.0,100.0,0.0
2015,7,1,3,DL,2456,N3760C,JFK,PDX,1700,1654.0,-6.0,33.0,1727.0,381.0,370.0,333.0,2454,2000.0,4.0,2021,2004.0,-17.0,0,0,,0.0,0.0,0.0,0.0,0.0,2015-07-01,0,0.0,0.0,0.0,0.0,0.0
2015,7,17,5,WN,3659,N474WN,PHX,SNA,935,935.0,0.0,13.0,948.0,75.0,71.0,54.0,338,1042.0,4.0,1050,1046.0,-4.0,0,0,,0.0,0.0,0.0,0.0,0.0,2015-07-17,0,0.0,0.0,0.0,0.0,0.0
2015,6,28,7,MQ,3539,N694MQ,ORD,CMI,2203,2159.0,-4.0,15.0,2214.0,56.0,43.0,26.0,135,2240.0,2.0,2259,2242.0,-17.0,0,0,,0.0,0.0,0.0,0.0,0.0,2015-06-28,0,0.0,0.0,0.0,0.0,0.0
2015,7,1,3,NK,708,N503NK,MSP,ORD,1133,1135.0,2.0,16.0,1151.0,86.0,85.0,55.0,334,1246.0,14.0,1259,1300.0,1.0,0,0,,0.0,0.0,0.0,0.0,0.0,2015-07-01,0,0.0,0.0,0.0,0.0,0.0
2015,6,20,6,DL,2415,N978AT,ATL,EWR,2200,2209.0,9.0,14.0,2223.0,135.0,129.0,109.0,746,12.0,6.0,15,18.0,3.0,0,0,,0.0,0.0,0.0,0.0,0.0,2015-06-20,0,0.0,0.0,0.0,0.0,0.0
2015,6,19,5,B6,159,N328JB,BOS,PHL,635,626.0,-9.0,16.0,642.0,88.0,82.0,60.0,280,742.0,6.0,803,748.0,-15.0,0,0,,0.0,0.0,0.0,0.0,0.0,2015-06-19,0,0.0,0.0,0.0,0.0,0.0
2015,6,24,3,DL,1296,N623DL,ATL,PIT,2030,2242.0,132.0,26.0,2308.0,104.0,104.0,72.0,526,20.0,6.0,2214,26.0,132.0,0,0,,0.0,0.0,0.0,0.0,132.0,2015-06-24,1,0.0,0.0,0.0,0.0,100.0
2015,7,16,4,WN,881,N7730A,DEN,LAX,1350,1357.0,7.0,13.0,1410.0,145.0,136.0,116.0,862,1506.0,7.0,1515,1513.0,-2.0,0,0,,0.0,0.0,0.0,0.0,0.0,2015-07-16,0,0.0,0.0,0.0,0.0,0.0
2015,6,22,1,UA,1166,N34460,TPA,IAH,1853,1905.0,12.0,12.0,1917.0,132.0,128.0,105.0,787,2002.0,11.0,2005,2013.0,8.0,0,0,,0.0,0.0,0.0,0.0,0.0,2015-06-22,0,0.0,0.0,0.0,0.0,0.0
2015,7,13,1,DL,2102,N939DN,ATL,BOS,1005,1000.0,-5.0,24.0,1024.0,161.0,157.0,125.0,946,1229.0,8.0,1246,1237.0,-9.0,0,0,,0.0,0.0,0.0,0.0,0.0,2015-07-13,0,0.0,0.0,0.0,0.0,0.0
2015,6,15,1,WN,1159,N264LV,DAY,BWI,1740,1942.0,122.0,11.0,1953.0,80.0,81.0,65.0,406,2058.0,5.0,1900,2103.0,123.0,0,0,,1.0,0.0,110.0,12.0,0.0,2015-06-15,1,0.82,0.0,90.16,9.84,0.0
2015,7,3,5,WN,1732,N8632A,FLL,DEN,1850,1852.0,2.0,16.0,1908.0,260.0,258.0,232.0,1703,2100.0,10.0,2110,2110.0,0.0,0,0,,0.0,0.0,0.0,0.0,0.0,2015-07-03,0,0.0,0.0,0.0,0.0,0.0
2015,6,26,5,DL,2305,N822DN,MSP,SFO,900,858.0,-2.0,20.0,918.0,245.0,231.0,205.0,1589,1043.0,6.0,1105,1049.0,-16.0,0,0,,0.0,0.0,0.0,0.0,0.0,2015-06-26,0,0.0,0.0,0.0,0.0,0.0
2015,6,16,2,WN,3651,N527SW,DAL,LBB,1145,1150.0,5.0,12.0,1202.0,60.0,61.0,46.0,293,1248.0,3.0,1245,1251.0,6.0,0,0,,0.0,0.0,0.0,0.0,0.0,2015-06-16,0,0.0,0.0,0.0,0.0,0.0
2015,7,19,7,AS,45,N756AS,ANC,BET,1915,1934.0,19.0,6.0,1940.0,70.0,67.0,58.0,399,2038.0,3.0,2025,2041.0,16.0,0,0,,0.0,0.0,16.0,0.0,0.0,2015-07-19,1,0.0,0.0,84.21,0.0,0.0
2015,7,16,4,AA,1621,N3EKAA,LGA,MIA,1550,1634.0,44.0,23.0,1657.0,213.0,168.0,137.0,1096,1914.0,8.0,1923,1922.0,-1.0,0,0,,0.0,0.0,0.0,0.0,0.0,2015-07-16,1,0.0,0.0,0.0,0.0,0.0
2015,7,5,7,AA,1773,N958UW,PHL,IAH,1135,1134.0,-1.0,11.0,1145.0,213.0,206.0,189.0,1325,1354.0,6.0,1408,1400.0,-8.0,0,0,,0.0,0.0,0.0,0.0,0.0,2015-07-05,0,0.0,0.0,0.0,0.0,0.0
2015,6,19,5,MQ,3587,N923MQ,MSN,ORD,1002,1002.0,0.0,20.0,1022.0,56.0,64.0,28.0,108,1050.0,16.0,1058,1106.0,8.0,0,0,,0.0,0.0,0.0,0.0,0.0,2015-06-19,0,0.0,0.0,0.0,0.0,0.0
2015,7,18,6,WN,1108,N280WN,CAK,TPA,1330,1415.0,45.0,7.0,1422.0,135.0,128.0,117.0,894,1619.0,4.0,1545,1623.0,38.0,0,0,,0.0,0.0,8.0,30.0,0.0,2015-07-18,1,0.0,0.0,17.78,66.67,0.0
2015,6,28,7,WN,129,N379SW,SJC,LAX,1030,1045.0,15.0,12.0,1057.0,75.0,86.0,64.0,308,1201.0,10.0,1145,1211.0,26.0,0,0,,26.0,0.0,0.0,0.0,0.0,2015-06-28,0,173.33,0.0,0.0,0.0,0.0
2015,6,14,7,DL,1198,N924DL,ATL,RIC,1656,1650.0,-6.0,16.0,1706.0,101.0,91.0,68.0,481,1814.0,7.0,1837,1821.0,-16.0,0,0,,0.0,0.0,0.0,0.0,0.0,2015-06-14,0,0.0,0.0,0.0,0.0,0.0
2015,7,15,3,EV,3949,N21154,ORF,IAH,1754,1751.0,-3.0,9.0,1800.0,199.0,166.0,149.0,1201,1929.0,8.0,2013,1937.0,-36.0,0,0,,0.0,0.0,0.0,0.0,0.0,2015-07-15,0,0.0,0.0,0.0,0.0,0.0
2015,6,28,7,DL,898,N3766,MSP,SLC,1430,1428.0,-2.0,12.0,1440.0,162.0,151.0,133.0,991,1553.0,6.0,1612,1559.0,-13.0,0,0,,0.0,0.0,0.0,0.0,0.0,2015-06-28,0,0.0,0.0,0.0,0.0,0.0
2015,7,20,1,DL,1630,N697DL,ATL,SAT,2110,2110.0,0.0,29.0,2139.0,146.0,148.0,110.0,874,2229.0,9.0,2236,2238.0,2.0,0,0,,0.0,0.0,0.0,0.0,0.0,2015-07-20,0,0.0,0.0,0.0,0.0,0.0
2015,7,15,3,F9,1457,N920FR,ATL,LAS,2040,2036.0,-4.0,12.0,2048.0,255.0,243.0,224.0,1747,2132.0,7.0,2155,2139.0,-16.0,0,0,,0.0,0.0,0.0,0.0,0.0,2015-07-15,0,0.0,0.0,0.0,0.0,0.0
2015,6,22,1,UA,633,N810UA,MCO,ORD,1245,1435.0,110.0,13.0,1448.0,182.0,166.0,150.0,1005,1618.0,3.0,1447,1621.0,94.0,0,0,,94.0,0.0,0.0,0.0,0.0,2015-06-22,1,85.45,0.0,0.0,0.0,0.0
2015,7,7,2,F9,520,N952FR,CLE,ATL,1500,1543.0,43.0,10.0,1553.0,110.0,102.0,83.0,554,1716.0,9.0,1650,1725.0,35.0,0,0,,15.0,0.0,4.0,16.0,0.0,2015-07-07,1,34.88,0.0,9.3,37.21,0.0
2015,7,16,4,WN,549,N957WN,FLL,MSY,535,529.0,-6.0,8.0,537.0,120.0,98.0,87.0,674,604.0,3.0,635,607.0,-28.0,0,0,,0.0,0.0,0.0,0.0,0.0,2015-07-16,0,0.0,0.0,0.0,0.0,0.0
2015,7,6,1,UA,1560,N66814,ORD,MCO,625,624.0,-1.0,17.0,641.0,155.0,148.0,126.0,1005,947.0,5.0,1000,952.0,-8.0,0,0,,0.0,0.0,0.0,0.0,0.0,2015-07-06,0,0.0,0.0,0.0,0.0,0.0
2015,7,6,1,MQ,3050,N504MQ,XNA,DFW,1506,1504.0,-2.0,9.0,1513.0,74.0,69.0,48.0,280,1601.0,12.0,1620,1613.0,-7.0,0,0,,0.0,0.0,0.0,0.0,0.0,2015-07-06,0,0.0,0.0,0.0,0.0,0.0
2015,7,10,5,MQ,3140,N902MQ,GJT,DFW,1039,1037.0,-2.0,17.0,1054.0,136.0,126.0,104.0,773,1338.0,5.0,1355,1343.0,-12.0,0,0,,0.0,0.0,0.0,0.0,0.0,2015-07-10,0,0.0,0.0,0.0,0.0,0.0
2015,7,16,4,WN,301,N8648A,SDF,TPA,715,711.0,-4.0,13.0,724.0,130.0,120.0,100.0,727,904.0,7.0,925,911.0,-14.0,0,0,,0.0,0.0,0.0,0.0,0.0,2015-07-16,0,0.0,0.0,0.0,0.0,0.0
2015,7,18,6,OO,4461,N807SK,SLC,SFO,830,823.0,-7.0,12.0,835.0,135.0,112.0,96.0,599,911.0,4.0,945,915.0,-30.0,0,0,,0.0,0.0,0.0,0.0,0.0,2015-07-18,0,0.0,0.0,0.0,0.0,0.0
2015,7,20,1,AA,1909,N948UW,BOS,PHL,530,528.0,-2.0,13.0,541.0,82.0,76.0,57.0,280,638.0,6.0,652,644.0,-8.0,0,0,,0.0,0.0,0.0,0.0,0.0,2015-07-20,0,0.0,0.0,0.0,0.0,0.0
2015,6,16,2,WN,1523,N450WN,MSY,HOU,755,753.0,-2.0,8.0,801.0,70.0,64.0,51.0,302,852.0,5.0,905,857.0,-8.0,0,0,,0.0,0.0,0.0,0.0,0.0,2015-06-16,0,0.0,0.0,0.0,0.0,0.0
2015,7,13,1,DL,971,N917DN,BIS,MSP,645,650.0,5.0,9.0,659.0,76.0,74.0,59.0,386,758.0,6.0,801,804.0,3.0,0,0,,0.0,0.0,0.0,0.0,0.0,2015-07-13,0,0.0,0.0,0.0,0.0,0.0
2015,7,3,5,DL,1798,N894AT,EWR,ATL,1305,1325.0,20.0,32.0,1357.0,148.0,146.0,107.0,746,1544.0,7.0,1533,1551.0,18.0,0,0,,0.0,0.0,7.0,11.0,0.0,2015-07-03,1,0.0,0.0,35.0,55.0,0.0
2015,7,3,5,AA,1488,N3LWAA,BOS,ORD,615,607.0,-8.0,10.0,617.0,168.0,147.0,123.0,867,720.0,14.0,803,734.0,-29.0,0,0,,0.0,0.0,0.0,0.0,0.0,2015-07-03,0,0.0,0.0,0.0,0.0,0.0
2015,6,30,2,WN,101,N8610A,DEN,SAN,625,623.0,-2.0,11.0,634.0,145.0,122.0,106.0,853,720.0,5.0,750,725.0,-25.0,0,0,,0.0,0.0,0.0,0.0,0.0,2015-06-30,0,0.0,0.0,0.0,0.0,0.0
2015,7,13,1,NK,654,N509NK,PDX,ORD,2354,108.0,74.0,11.0,119.0,231.0,220.0,198.0,1739,637.0,11.0,545,648.0,63.0,0,0,,52.0,0.0,11.0,0.0,0.0,2015-07-13,1,70.27,0.0,14.86,0.0,0.0
2015,7,8,3,AA,561,N509AY,CLT,PHX,740,739.0,-1.0,23.0,802.0,268.0,283.0,256.0,1773,918.0,4.0,908,922.0,14.0,0,0,,0.0,0.0,0.0,0.0,0.0,2015-07-08,0,0.0,0.0,0.0,0.0,0.0
2015,6,28,7,EV,4099,N21144,ORD,STL,659,652.0,-7.0,13.0,705.0,74.0,67.0,43.0,258,748.0,11.0,813,759.0,-14.0,0,0,,0.0,0.0,0.0,0.0,0.0,2015-06-28,0,0.0,0.0,0.0,0.0,0.0
2015,7,10,5,B6,2679,N258JB,BOS,EWR,1905,1904.0,-1.0,14.0,1918.0,85.0,78.0,55.0,200,2013.0,9.0,2030,2022.0,-8.0,0,0,,0.0,0.0,0.0,0.0,0.0,2015-07-10,0,0.0,0.0,0.0,0.0,0.0
2015,6,25,4,OO,4786,N613SK,PHX,SEA,1104,1058.0,-6.0,13.0,1111.0,175.0,190.0,142.0,1107,1333.0,35.0,1359,1408.0,9.0,0,0,,0.0,0.0,0.0,0.0,0.0,2015-06-25,0,0.0,0.0,0.0,0.0,0.0
2015,6,27,6,OO,6304,N124SY,BUR,SFO,1450,1449.0,-1.0,12.0,1501.0,85.0,66.0,51.0,326,1552.0,3.0,1615,1555.0,-20.0,0,0,,0.0,0.0,0.0,0.0,0.0,2015-06-27,0,0.0,0.0,0.0,0.0,0.0
2015,7,22,3,UA,455,N831UA,ORD,AUS,1323,1325.0,2.0,19.0,1344.0,164.0,152.0,128.0,978,1552.0,5.0,1607,1557.0,-10.0,0,0,,0.0,0.0,0.0,0.0,0.0,2015-07-22,0,0.0,0.0,0.0,0.0,0.0
2015,7,20,1,UA,3,N17730,SNA,IAH,1236,1232.0,-4.0,9.0,1241.0,204.0,198.0,182.0,1346,1743.0,7.0,1800,1750.0,-10.0,0,0,,0.0,0.0,0.0,0.0,0.0,2015-07-20,0,0.0,0.0,0.0,0.0,0.0
2015,7,4,6,OO,2949,N896SK,SAT,PHX,1425,1416.0,-9.0,13.0,1429.0,143.0,131.0,110.0,843,1419.0,8.0,1448,1427.0,-21.0,0,0,,0.0,0.0,0.0,0.0,0.0,2015-07-04,0,0.0,0.0,0.0,0.0,0.0
2015,7,13,1,B6,1223,N375JB,DCA,MCO,928,912.0,-16.0,30.0,942.0,131.0,134.0,99.0,759,1121.0,5.0,1139,1126.0,-13.0,0,0,,0.0,0.0,0.0,0.0,0.0,2015-07-13,0,0.0,0.0,0.0,0.0,0.0
2015,7,21,2,MQ,3521,N845MQ,LGA,GSO,1705,1833.0,88.0,92.0,2005.0,109.0,167.0,72.0,461,2117.0,3.0,1854,2120.0,146.0,0,0,,58.0,0.0,0.0,88.0,0.0,2015-07-21,1,65.91,0.0,0.0,100.0,0.0
2015,7,13,1,UA,883,N825UA,MSP,ORD,1125,1350.0,145.0,17.0,1407.0,88.0,88.0,51.0,334,1458.0,20.0,1253,1518.0,145.0,0,0,,0.0,0.0,0.0,145.0,0.0,2015-07-13,1,0.0,0.0,0.0,100.0,0.0
2015,6,29,1,WN,2439,N636WN,ELP,LAS,1545,1544.0,-1.0,14.0,1558.0,105.0,104.0,86.0,583,1624.0,4.0,1630,1628.0,-2.0,0,0,,0.0,0.0,0.0,0.0,0.0,2015-06-29,0,0.0,0.0,0.0,0.0,0.0
2015,7,19,7,MQ,3048,N686MQ,CID,ORD,843,844.0,1.0,12.0,856.0,68.0,60.0,37.0,196,933.0,11.0,951,944.0,-7.0,0,0,,0.0,0.0,0.0,0.0,0.0,2015-07-19,0,0.0,0.0,0.0,0.0,0.0
2015,6,20,6,EV,5233,N678CA,TUL,ATL,1115,1110.0,-5.0,18.0,1128.0,112.0,134.0,107.0,674,1415.0,9.0,1407,1424.0,17.0,0,0,,17.0,0.0,0.0,0.0,0.0,2015-06-20,0,-340.0,-0.0,-0.0,-0.0,-0.0
2015,6,24,3,AA,84,N3HMAA,JFK,BOS,730,730.0,0.0,65.0,835.0,76.0,110.0,37.0,187,912.0,8.0,846,920.0,34.0,0,0,,34.0,0.0,0.0,0.0,0.0,2015-06-24,0,inf,0.0,0.0,0.0,0.0
2015,7,8,3,DL,2068,N959DL,JFK,ATL,1940,1933.0,-7.0,57.0,2030.0,170.0,164.0,102.0,760,2212.0,5.0,2230,2217.0,-13.0,0,0,,0.0,0.0,0.0,0.0,0.0,2015-07-08,0,0.0,0.0,0.0,0.0,0.0
2015,6,26,5,US,840,N582UW,RDU,CLT,700,700.0,0.0,28.0,728.0,63.0,64.0,31.0,130,759.0,5.0,803,804.0,1.0,0,0,,0.0,0.0,0.0,0.0,0.0,2015-06-26,0,0.0,0.0,0.0,0.0,0.0
2015,7,18,6,NK,379,N609NK,ACY,MYR,645,639.0,-6.0,10.0,649.0,87.0,79.0,63.0,466,752.0,6.0,812,758.0,-14.0,0,0,,0.0,0.0,0.0,0.0,0.0,2015-07-18,0,0.0,0.0,0.0,0.0,0.0
2015,7,4,6,EV,3257,N13989,ORD,RIC,1046,1044.0,-2.0,10.0,1054.0,122.0,107.0,89.0,642,1323.0,8.0,1348,1331.0,-17.0,0,0,,0.0,0.0,0.0,0.0,0.0,2015-07-04,0,0.0,0.0,0.0,0.0,0.0
2015,7,9,4,DL,1121,N360NW,CVG,ATL,1143,1210.0,27.0,12.0,1222.0,93.0,80.0,63.0,373,1325.0,5.0,1316,1330.0,14.0,0,0,,0.0,0.0,0.0,0.0,0.0,2015-07-09,1,0.0,0.0,0.0,0.0,0.0
2015,7,4,6,AS,247,N551AS,SFO,PDX,2020,2017.0,-3.0,14.0,2031.0,100.0,91.0,73.0,550,2144.0,4.0,2200,2148.0,-12.0,0,0,,0.0,0.0,0.0,0.0,0.0,2015-07-04,0,0.0,0.0,0.0,0.0,0.0
2015,7,3,5,EV,5477,N759EV,DTW,IAH,849,857.0,8.0,21.0,918.0,184.0,183.0,153.0,1075,1051.0,9.0,1053,1100.0,7.0,0,0,,0.0,0.0,0.0,0.0,0.0,2015-07-03,0,0.0,0.0,0.0,0.0,0.0
2015,6,19,5,WN,805,N557WN,BUR,SJC,1020,1018.0,-2.0,7.0,1025.0,65.0,58.0,48.0,296,1113.0,3.0,1125,1116.0,-9.0,0,0,,0.0,0.0,0.0,0.0,0.0,2015-06-19,0,0.0,0.0,0.0,0.0,0.0
2015,7,4,6,AA,473,N680AW,ONT,PHX,1235,1226.0,-9.0,11.0,1237.0,73.0,71.0,54.0,325,1331.0,6.0,1348,1337.0,-11.0,0,0,,0.0,0.0,0.0,0.0,0.0,2015-07-04,0,0.0,0.0,0.0,0.0,0.0
2015,7,5,7,EV,5334,N936EV,ATL,ABY,1005,1001.0,-4.0,25.0,1026.0,54.0,57.0,29.0,145,1055.0,3.0,1059,1058.0,-1.0,0,0,,0.0,0.0,0.0,0.0,0.0,2015-07-05,0,0.0,0.0,0.0,0.0,0.0
2015,7,7,2,WN,3129,N384SW,DEN,MCI,2045,2056.0,11.0,10.0,2106.0,100.0,88.0,72.0,533,2318.0,6.0,2325,2324.0,-1.0,0,0,,0.0,0.0,0.0,0.0,0.0,2015-07-07,0,0.0,0.0,0.0,0.0,0.0
2015,7,18,6,OO,2953,N496CA,PHX,TUS,1025,1121.0,56.0,14.0,1135.0,59.0,41.0,23.0,110,1158.0,4.0,1124,1202.0,38.0,0,0,,0.0,0.0,0.0,38.0,0.0,2015-07-18,1,0.0,0.0,0.0,67.86,0.0
2015,7,22,3,AA,1161,N023AA,AUS,DFW,800,754.0,-6.0,10.0,804.0,70.0,64.0,38.0,190,842.0,16.0,910,858.0,-12.0,0,0,,0.0,0.0,0.0,0.0,0.0,2015-07-22,0,0.0,0.0,0.0,0.0,0.0
2015,7,20,1,UA,793,N844UA,LAX,IAH,2009,2048.0,39.0,17.0,2105.0,205.0,191.0,170.0,1379,155.0,4.0,134,159.0,25.0,0,0,,0.0,0.0,25.0,0.0,0.0,2015-07-20,1,0.0,0.0,64.1,0.0,0.0
2015,7,19,7,EV,4501,N14991,HPN,ORD,1729,1827.0,58.0,35.0,1902.0,146.0,164.0,122.0,738,2004.0,7.0,1855,2011.0,76.0,0,0,,21.0,0.0,18.0,37.0,0.0,2015-07-19,1,36.21,0.0,31.03,63.79,0.0
2015,7,14,2,WN,2348,N665WN,ONT,LAS,1635,1636.0,1.0,9.0,1645.0,65.0,67.0,40.0,197,1725.0,18.0,1740,1743.0,3.0,0,0,,0.0,0.0,0.0,0.0,0.0,2015-07-14,0,0.0,0.0,0.0,0.0,0.0
2015,7,7,2,WN,3950,N384SW,LAS,SJC,1055,1118.0,23.0,15.0,1133.0,80.0,78.0,58.0,386,1231.0,5.0,1215,1236.0,21.0,0,0,,0.0,0.0,3.0,18.0,0.0,2015-07-07,1,0.0,0.0,13.04,78.26,0.0
2015,7,9,4,UA,616,N843UA,ORD,DCA,1400,1357.0,-3.0,17.0,1414.0,119.0,109.0,87.0,612,1641.0,5.0,1659,1646.0,-13.0,0,0,,0.0,0.0,0.0,0.0,0.0,2015-07-09,0,0.0,0.0,0.0,0.0,0.0
2015,6,19,5,WN,2079,N685SW,MCO,PVD,1915,2237.0,202.0,14.0,2251.0,165.0,157.0,138.0,1072,109.0,5.0,2200,114.0,194.0,0,0,,0.0,0.0,11.0,183.0,0.0,2015-06-19,1,0.0,0.0,5.45,90.59,0.0
2015,7,9,4,MQ,3404,N653MQ,ORD,SUX,1321,1320.0,-1.0,13.0,1333.0,98.0,84.0,68.0,436,1441.0,3.0,1459,1444.0,-15.0,0,0,,0.0,0.0,0.0,0.0,0.0,2015-07-09,0,0.0,0.0,0.0,0.0,0.0
2015,7,6,1,UA,1401,N69833,IAH,IAD,715,716.0,1.0,14.0,730.0,194.0,172.0,153.0,1190,1103.0,5.0,1129,1108.0,-21.0,0,0,,0.0,0.0,0.0,0.0,0.0,2015-07-06,0,0.0,0.0,0.0,0.0,0.0
2015,7,17,5,OO,4446,N443SW,COS,SLC,1740,1732.0,-8.0,12.0,1744.0,97.0,93.0,77.0,411,1901.0,4.0,1917,1905.0,-12.0,0,0,,0.0,0.0,0.0,0.0,0.0,2015-07-17,0,0.0,0.0,0.0,0.0,0.0
2015,6,28,7,DL,1763,N372NW,SLC,DTW,940,1009.0,29.0,18.0,1027.0,211.0,210.0,184.0,1481,1531.0,8.0,1511,1539.0,28.0,0,0,,0.0,0.0,28.0,0.0,0.0,2015-06-28,1,0.0,0.0,96.55,0.0,0.0
2015,6,24,3,DL,1098,N961DL,ATL,OMA,1921,2346.0,265.0,22.0,8.0,150.0,139.0,112.0,821,100.0,5.0,2051,105.0,254.0,0,0,,0.0,0.0,0.0,174.0,80.0,2015-06-24,1,0.0,0.0,0.0,65.66,30.19
2015,7,11,6,WN,1227,N968WN,SNA,OAK,1945,1944.0,-1.0,7.0,1951.0,80.0,70.0,58.0,371,2049.0,5.0,2105,2054.0,-11.0,0,0,,0.0,0.0,0.0,0.0,0.0,2015-07-11,0,0.0,0.0,0.0,0.0,0.0
2015,7,8,3,WN,450,N286WN,DEN,IAD,1325,1432.0,67.0,9.0,1441.0,200.0,192.0,177.0,1452,1938.0,6.0,1845,1944.0,59.0,0,0,,0.0,0.0,48.0,11.0,0.0,2015-07-08,1,0.0,0.0,71.64,16.42,0.0
2015,6,21,7,WN,1184,N408WN,BUR,LAS,2000,1958.0,-2.0,9.0,2007.0,60.0,59.0,45.0,223,2052.0,5.0,2100,2057.0,-3.0,0,0,,0.0,0.0,0.0,0.0,0.0,2015-06-21,0,0.0,0.0,0.0,0.0,0.0
2015,7,3,5,DL,1106,N910DE,ATL,SRQ,1505,1544.0,39.0,12.0,1556.0,96.0,80.0,65.0,444,1701.0,3.0,1641,1704.0,23.0,0,0,,0.0,0.0,0.0,23.0,0.0,2015-07-03,1,0.0,0.0,0.0,58.97,0.0
2015,6,16,2,UA,1653,N37456,LAX,IAD,1311,1359.0,48.0,11.0,1410.0,303.0,311.0,287.0,2288,2157.0,13.0,2114,2210.0,56.0,0,0,,8.0,0.0,48.0,0.0,0.0,2015-06-16,1,16.67,0.0,100.0,0.0,0.0
2015,7,12,7,OO,7405,N454SW,SLC,TWF,1709,2033.0,204.0,29.0,2102.0,47.0,62.0,29.0,175,2131.0,4.0,1756,2135.0,219.0,0,0,,15.0,0.0,0.0,204.0,0.0,2015-07-12,1,7.35,0.0,0.0,100.0,0.0
2015,7,22,3,AA,1218,N005AA,MIA,IAH,710,711.0,1.0,11.0,722.0,163.0,138.0,120.0,964,822.0,7.0,853,829.0,-24.0,0,0,,0.0,0.0,0.0,0.0,0.0,2015-07-22,0,0.0,0.0,0.0,0.0,0.0
2015,6,15,1,OO,3447,N219AG,ONT,SEA,1745,1727.0,-18.0,13.0,1740.0,158.0,150.0,127.0,956,1947.0,10.0,2023,1957.0,-26.0,0,0,,0.0,0.0,0.0,0.0,0.0,2015-06-15,0,0.0,0.0,0.0,0.0,0.0
2015,7,5,7,WN,4202,N642WN,BWI,ISP,2220,29.0,129.0,12.0,41.0,65.0,56.0,40.0,220,121.0,4.0,2325,125.0,120.0,0,0,,0.0,0.0,118.0,2.0,0.0,2015-07-05,1,0.0,0.0,91.47,1.55,0.0
2015,6,21,7,DL,2548,N307DQ,ATL,CLE,2040,2054.0,14.0,23.0,2117.0,113.0,110.0,80.0,554,2237.0,7.0,2233,2244.0,11.0,0,0,,0.0,0.0,0.0,0.0,0.0,2015-06-21,0,0.0,0.0,0.0,0.0,0.0
2015,6,27,6,DL,1223,N368NW,SAT,SLC,700,703.0,3.0,21.0,724.0,170.0,182.0,152.0,1087,856.0,9.0,850,905.0,15.0,0,0,,15.0,0.0,0.0,0.0,0.0,2015-06-27,0,500.0,0.0,0.0,0.0,0.0
2015,6,15,1,WN,591,N8321D,LAX,MDW,610,652.0,42.0,11.0,703.0,245.0,233.0,213.0,1750,1236.0,9.0,1215,1245.0,30.0,0,0,,0.0,0.0,30.0,0.0,0.0,2015-06-15,1,0.0,0.0,71.43,0.0,0.0
2015,7,8,3,WN,1703,N633SW,BNA,JAX,800,759.0,-1.0,9.0,808.0,85.0,80.0,66.0,483,1014.0,5.0,1025,1019.0,-6.0,0,0,,0.0,0.0,0.0,0.0,0.0,2015-07-08,0,0.0,0.0,0.0,0.0,0.0
2015,7,3,5,AA,1945,N820AW,BNA,CLT,1705,1708.0,3.0,15.0,1723.0,81.0,69.0,48.0,328,1911.0,6.0,1926,1917.0,-9.0,0,0,,0.0,0.0,0.0,0.0,0.0,2015-07-03,0,0.0,0.0,0.0,0.0,0.0
2015,7,21,2,EV,5372,N878AS,GTR,ATL,1055,1049.0,-6.0,14.0,1103.0,70.0,75.0,50.0,241,1253.0,11.0,1305,1304.0,-1.0,0,0,,0.0,0.0,0.0,0.0,0.0,2015-07-21,0,0.0,0.0,0.0,0.0,0.0
2015,6,29,1,MQ,3333,N643MQ,IND,ORD,1223,1221.0,-2.0,9.0,1230.0,71.0,65.0,46.0,177,1216.0,10.0,1234,1226.0,-8.0,0,0,,0.0,0.0,0.0,0.0,0.0,2015-06-29,0,0.0,0.0,0.0,0.0,0.0
2015,7,4,6,AA,53,N3LYAA,DCA,LAX,840,833.0,-7.0,20.0,853.0,349.0,320.0,286.0,2311,1039.0,14.0,1129,1053.0,-36.0,0,0,,0.0,0.0,0.0,0.0,0.0,2015-07-04,0,0.0,0.0,0.0,0.0,0.0
2015,7,16,4,B6,2191,N705JB,BOS,TPA,724,903.0,99.0,16.0,919.0,195.0,177.0,158.0,1185,1157.0,3.0,1039,1200.0,81.0,0,0,,0.0,0.0,81.0,0.0,0.0,2015-07-16,1,0.0,0.0,81.82,0.0,0.0
2015,6,29,1,UA,1425,N16703,DEN,EWR,2335,2330.0,-5.0,14.0,2344.0,215.0,215.0,194.0,1605,458.0,7.0,510,505.0,-5.0,0,0,,0.0,0.0,0.0,0.0,0.0,2015-06-29,0,0.0,0.0,0.0,0.0,0.0
2015,6,25,4,DL,1803,N979DL,ATL,RDU,1131,1140.0,9.0,25.0,1205.0,81.0,88.0,58.0,356,1303.0,5.0,1252,1308.0,16.0,0,0,,7.0,0.0,9.0,0.0,0.0,2015-06-25,0,77.78,0.0,100.0,0.0,0.0
2015,7,21,2,EV,2656,N629AE,TYS,DFW,1135,1249.0,74.0,15.0,1304.0,144.0,140.0,110.0,772,1354.0,15.0,1259,1409.0,70.0,0,0,,0.0,0.0,0.0,70.0,0.0,2015-07-21,1,0.0,0.0,0.0,94.59,0.0
2015,7,7,2,UA,347,N462UA,DEN,LGA,806,803.0,-3.0,17.0,820.0,233.0,214.0,193.0,1620,1333.0,4.0,1359,1337.0,-22.0,0,0,,0.0,0.0,0.0,0.0,0.0,2015-07-07,0,0.0,0.0,0.0,0.0,0.0
2015,7,11,6,DL,1651,N965DN,MSP,LAS,1120,1117.0,-3.0,13.0,1130.0,196.0,194.0,174.0,1299,1224.0,7.0,1236,1231.0,-5.0,0,0,,0.0,0.0,0.0,0.0,0.0,2015-07-11,0,0.0,0.0,0.0,0.0,0.0
2015,6,16,2,AA,1336,N485AA,ORD,DFW,957,1003.0,6.0,8.0,1011.0,147.0,151.0,125.0,802,1216.0,18.0,1224,1234.0,10.0,0,0,,0.0,0.0,0.0,0.0,0.0,2015-06-16,0,0.0,0.0,0.0,0.0,0.0
2015,7,1,3,AA,718,N919US,SFO,PHL,825,823.0,-2.0,17.0,840.0,331.0,306.0,286.0,2521,1626.0,3.0,1656,1629.0,-27.0,0,0,,0.0,0.0,0.0,0.0,0.0,2015-07-01,0,0.0,0.0,0.0,0.0,0.0
2015,6,28,7,B6,122,N779JB,PBI,BOS,1930,2213.0,163.0,13.0,2226.0,179.0,162.0,143.0,1197,49.0,6.0,2229,55.0,146.0,0,0,,0.0,0.0,12.0,134.0,0.0,2015-06-28,1,0.0,0.0,7.36,82.21,0.0
2015,7,11,6,F9,1478,N912FR,LAX,ATL,2300,2256.0,-4.0,12.0,2308.0,275.0,275.0,230.0,1947,558.0,33.0,635,631.0,-4.0,0,0,,0.0,0.0,0.0,0.0,0.0,2015-07-11,0,0.0,0.0,0.0,0.0,0.0
2015,7,12,7,AA,2332,N8ADAA,DFW,ORD,830,829.0,-1.0,17.0,846.0,140.0,129.0,104.0,802,1030.0,8.0,1050,1038.0,-12.0,0,0,,0.0,0.0,0.0,0.0,0.0,2015-07-12,0,0.0,0.0,0.0,0.0,0.0
2015,6,26,5,AA,1328,N3JDAA,MIA,EWR,2100,2138.0,38.0,15.0,2153.0,181.0,178.0,158.0,1085,31.0,5.0,1,36.0,35.0,0,0,,0.0,0.0,0.0,35.0,0.0,2015-06-26,1,0.0,0.0,0.0,92.11,0.0
2015,6,25,4,US,1916,N730US,CLT,DCA,2210,2232.0,22.0,23.0,2255.0,75.0,91.0,66.0,331,1.0,2.0,2325,3.0,38.0,0,0,,38.0,0.0,0.0,0.0,0.0,2015-06-25,1,172.73,0.0,0.0,0.0,0.0
2015,7,3,5,OO,5523,N732SK,SNA,SFO,1752,1742.0,-10.0,15.0,1757.0,83.0,77.0,57.0,372,1854.0,5.0,1915,1859.0,-16.0,0,0,,0.0,0.0,0.0,0.0,0.0,2015-07-03,0,0.0,0.0,0.0,0.0,0.0
2015,6,24,3,AA,975,N4WKAA,ELP,DFW,645,639.0,-6.0,17.0,656.0,109.0,107.0,78.0,551,914.0,12.0,934,926.0,-8.0,0,0,,0.0,0.0,0.0,0.0,0.0,2015-06-24,0,0.0,0.0,0.0,0.0,0.0
2015,7,15,3,DL,762,N933AT,ATL,MDW,1630,1629.0,-1.0,17.0,1646.0,127.0,111.0,89.0,591,1715.0,5.0,1737,1720.0,-17.0,0,0,,0.0,0.0,0.0,0.0,0.0,2015-07-15,0,0.0,0.0,0.0,0.0,0.0
2015,7,5,7,WN,4367,N564WN,DEN,HOU,1245,1244.0,-1.0,7.0,1251.0,135.0,127.0,115.0,883,1546.0,5.0,1600,1551.0,-9.0,0,0,,0.0,0.0,0.0,0.0,0.0,2015-07-05,0,0.0,0.0,0.0,0.0,0.0
2015,7,3,5,OO,5505,N768SK,ONT,DEN,601,551.0,-10.0,19.0,610.0,138.0,136.0,112.0,819,902.0,5.0,919,907.0,-12.0,0,0,,0.0,0.0,0.0,0.0,0.0,2015-07-03,0,0.0,0.0,0.0,0.0,0.0
2015,7,22,3,DL,2190,N962DL,JFK,MIA,810,803.0,-7.0,30.0,833.0,195.0,189.0,148.0,1089,1101.0,11.0,1125,1112.0,-13.0,0,0,,0.0,0.0,0.0,0.0,0.0,2015-07-22,0,0.0,0.0,0.0,0.0,0.0
2015,7,11,6,B6,804,N527JB,SJU,JFK,2006,2101.0,55.0,8.0,2109.0,233.0,215.0,202.0,1598,31.0,5.0,2359,36.0,37.0,0,0,,0.0,0.0,0.0,37.0,0.0,2015-07-11,1,0.0,0.0,0.0,67.27,0.0
2015,6,29,1,OO,4673,N779CA,SLC,BUR,2010,2003.0,-7.0,12.0,2015.0,119.0,108.0,92.0,574,2047.0,4.0,2109,2051.0,-18.0,0,0,,0.0,0.0,0.0,0.0,0.0,2015-06-29,0,0.0,0.0,0.0,0.0,0.0
2015,7,9,4,WN,550,N245WN,MCI,SEA,750,749.0,-1.0,13.0,802.0,230.0,218.0,200.0,1489,922.0,5.0,940,927.0,-13.0,0,0,,0.0,0.0,0.0,0.0,0.0,2015-07-09,0,0.0,0.0,0.0,0.0,0.0
2015,6,24,3,WN,3213,N8649A,DAL,LGA,705,701.0,-4.0,9.0,710.0,210.0,187.0,174.0,1381,1104.0,4.0,1135,1108.0,-27.0,0,0,,0.0,0.0,0.0,0.0,0.0,2015-06-24,0,0.0,0.0,0.0,0.0,0.0
2015,7,6,1,OO,4468,N8903A,SLC,HLN,1550,1547.0,-3.0,16.0,1603.0,87.0,84.0,64.0,402,1707.0,4.0,1717,1711.0,-6.0,0,0,,0.0,0.0,0.0,0.0,0.0,2015-07-06,0,0.0,0.0,0.0,0.0,0.0
2015,6,24,3,WN,149,N612SW,BNA,MCI,710,705.0,-5.0,7.0,712.0,95.0,84.0,73.0,491,825.0,4.0,845,829.0,-16.0,0,0,,0.0,0.0,0.0,0.0,0.0,2015-06-24,0,0.0,0.0,0.0,0.0,0.0
2015,6,23,2,AA,1232,N3FKAA,LAX,IAD,940,1053.0,73.0,30.0,1123.0,300.0,403.0,363.0,2288,2026.0,10.0,1740,2036.0,176.0,0,0,,176.0,0.0,0.0,0.0,0.0,2015-06-23,1,241.1,0.0,0.0,0.0,0.0
2015,7,10,5,DL,1311,N315NB,BNA,DTW,630,626.0,-4.0,15.0,641.0,99.0,87.0,65.0,456,846.0,7.0,909,853.0,-16.0,0,0,,0.0,0.0,0.0,0.0,0.0,2015-07-10,0,0.0,0.0,0.0,0.0,0.0
2015,6,18,4,UA,1622,N29717,ATL,ORD,958,1327.0,209.0,18.0,1345.0,132.0,115.0,88.0,606,1413.0,9.0,1110,1422.0,192.0,0,0,,0.0,0.0,192.0,0.0,0.0,2015-06-18,1,0.0,0.0,91.87,0.0,0.0
2015,6,19,5,EV,5087,N137EV,FSD,MSP,1700,1658.0,-2.0,22.0,1720.0,66.0,63.0,34.0,196,1754.0,7.0,1806,1801.0,-5.0,0,0,,0.0,0.0,0.0,0.0,0.0,2015-06-19,0,0.0,0.0,0.0,0.0,0.0
2015,7,7,2,B6,1161,N529JB,LGA,PBI,1540,1631.0,51.0,24.0,1655.0,184.0,167.0,141.0,1035,1916.0,2.0,1844,1918.0,34.0,0,0,,0.0,0.0,13.0,21.0,0.0,2015-07-07,1,0.0,0.0,25.49,41.18,0.0
2015,6,15,1,DL,1962,N364NB,PHL,DTW,1255,1248.0,-7.0,12.0,1300.0,96.0,90.0,73.0,453,1413.0,5.0,1431,1418.0,-13.0,0,0,,0.0,0.0,0.0,0.0,0.0,2015-06-15,0,0.0,0.0,0.0,0.0,0.0
2015,7,19,7,OO,5497,N716SK,COS,DEN,1102,1057.0,-5.0,19.0,1116.0,49.0,49.0,23.0,73,1139.0,7.0,1151,1146.0,-5.0,0,0,,0.0,0.0,0.0,0.0,0.0,2015-07-19,0,0.0,0.0,0.0,0.0,0.0
2015,6,29,1,AA,88,N851AA,DFW,LAS,1845,1937.0,52.0,15.0,1952.0,179.0,161.0,137.0,1055,2009.0,9.0,1944,2018.0,34.0,0,0,,0.0,0.0,34.0,0.0,0.0,2015-06-29,1,0.0,0.0,65.38,0.0,0.0
2015,7,10,5,UA,1532,N35271,ORD,MSY,2050,2147.0,57.0,18.0,2205.0,142.0,125.0,103.0,837,2348.0,4.0,2312,2352.0,40.0,0,0,,0.0,0.0,40.0,0.0,0.0,2015-07-10,1,0.0,0.0,70.18,0.0,0.0
2015,7,9,4,WN,1207,N932WN,MCO,ALB,2020,2035.0,15.0,8.0,2043.0,160.0,166.0,154.0,1073,2317.0,4.0,2300,2321.0,21.0,0,0,,6.0,0.0,0.0,15.0,0.0,2015-07-09,0,40.0,0.0,0.0,100.0,0.0
2015,7,5,7,AA,2124,N769US,DCA,BOS,1530,1531.0,1.0,23.0,1554.0,92.0,97.0,67.0,399,1701.0,7.0,1702,1708.0,6.0,0,0,,0.0,0.0,0.0,0.0,0.0,2015-07-05,0,0.0,0.0,0.0,0.0,0.0
2015,6,16,2,US,1976,N162UW,CLT,EWR,2005,2027.0,22.0,26.0,2053.0,106.0,116.0,78.0,529,2211.0,12.0,2151,2223.0,32.0,0,0,,32.0,0.0,0.0,0.0,0.0,2015-06-16,1,145.45,0.0,0.0,0.0,0.0
2015,7,20,1,DL,2549,N356NW,MSP,BOS,1305,1334.0,29.0,9.0,1343.0,165.0,139.0,122.0,1124,1645.0,8.0,1650,1653.0,3.0,0,0,,0.0,0.0,0.0,0.0,0.0,2015-07-20,1,0.0,0.0,0.0,0.0,0.0
2015,7,22,3,OO,6448,N718SK,DFW,LAX,1624,1617.0,-7.0,16.0,1633.0,199.0,191.0,167.0,1235,1720.0,8.0,1743,1728.0,-15.0,0,0,,0.0,0.0,0.0,0.0,0.0,2015-07-22,0,0.0,0.0,0.0,0.0,0.0
2015,7,15,3,MQ,3222,N630MQ,ORD,DAY,1205,1202.0,-3.0,12.0,1214.0,80.0,64.0,43.0,240,1357.0,9.0,1425,1406.0,-19.0,0,0,,0.0,0.0,0.0,0.0,0.0,2015-07-15,0,0.0,0.0,0.0,0.0,0.0
2015,6,30,2,UA,737,N526UA,DEN,SFO,1742,2022.0,160.0,32.0,2054.0,162.0,164.0,123.0,967,2157.0,9.0,1924,2206.0,162.0,0,0,,2.0,0.0,4.0,156.0,0.0,2015-06-30,1,1.25,0.0,2.5,97.5,0.0
2015,7,21,2,WN,2320,N8618N,LAS,GEG,2135,2309.0,94.0,11.0,2320.0,135.0,121.0,106.0,806,106.0,4.0,2350,110.0,80.0,0,0,,0.0,0.0,0.0,80.0,0.0,2015-07-21,1,0.0,0.0,0.0,85.11,0.0
2015,6,19,5,UA,1431,N77867,LAX,HNL,1330,1342.0,12.0,18.0,1400.0,350.0,337.0,315.0,2556,1615.0,4.0,1620,1619.0,-1.0,0,0,,0.0,0.0,0.0,0.0,0.0,2015-06-19,0,0.0,0.0,0.0,0.0,0.0
2015,7,21,2,AA,2477,N5DKAA,DFW,LAX,1745,1745.0,0.0,12.0,1757.0,198.0,191.0,166.0,1235,1843.0,13.0,1903,1856.0,-7.0,0,0,,0.0,0.0,0.0,0.0,0.0,2015-07-21,0,0.0,0.0,0.0,0.0,0.0
2015,6,16,2,AA,2352,N3BCAA,SFO,DFW,1700,1712.0,12.0,10.0,1722.0,213.0,197.0,179.0,1464,2221.0,8.0,2233,2229.0,-4.0,0,0,,0.0,0.0,0.0,0.0,0.0,2015-06-16,0,0.0,0.0,0.0,0.0,0.0
2015,7,18,6,NK,313,N508NK,DTW,DFW,2005,2.0,237.0,16.0,18.0,156.0,155.0,133.0,986,131.0,6.0,2141,137.0,236.0,0,0,,1.0,0.0,46.0,189.0,0.0,2015-07-18,1,0.42,0.0,19.41,79.75,0.0
2015,7,6,1,DL,1980,N831DN,SLC,MSP,1700,1657.0,-3.0,25.0,1722.0,152.0,153.0,121.0,991,2023.0,7.0,2032,2030.0,-2.0,0,0,,0.0,0.0,0.0,0.0,0.0,2015-07-06,0,0.0,0.0,0.0,0.0,0.0
2015,6,28,7,AA,1367,N3CGAA,MIA,LGA,1915,1921.0,6.0,19.0,1940.0,178.0,164.0,139.0,1096,2159.0,6.0,2213,2205.0,-8.0,0,0,,0.0,0.0,0.0,0.0,0.0,2015-06-28,0,0.0,0.0,0.0,0.0,0.0
2015,7,6,1,WN,286,N217JC,LAX,HOU,555,554.0,-1.0,25.0,619.0,200.0,203.0,171.0,1390,1110.0,7.0,1115,1117.0,2.0,0,0,,0.0,0.0,0.0,0.0,0.0,2015-07-06,0,0.0,0.0,0.0,0.0,0.0
2015,7,21,2,OO,4851,N8884E,GRB,MSP,930,927.0,-3.0,11.0,938.0,72.0,62.0,45.0,252,1023.0,6.0,1042,1029.0,-13.0,0,0,,0.0,0.0,0.0,0.0,0.0,2015-07-21,0,0.0,0.0,0.0,0.0,0.0
2015,7,11,6,DL,2619,N3759,LAS,JFK,2230,2223.0,-7.0,11.0,2234.0,293.0,264.0,246.0,2248,540.0,7.0,623,547.0,-36.0,0,0,,0.0,0.0,0.0,0.0,0.0,2015-07-11,0,0.0,0.0,0.0,0.0,0.0
2015,7,11,6,B6,864,N375JB,JFK,HYA,1122,1117.0,-5.0,32.0,1149.0,66.0,77.0,36.0,196,1225.0,9.0,1228,1234.0,6.0,0,0,,0.0,0.0,0.0,0.0,0.0,2015-07-11,0,0.0,0.0,0.0,0.0,0.0
2015,6,21,7,DL,877,N830DN,LAX,IND,2233,2249.0,16.0,35.0,2324.0,243.0,249.0,210.0,1814,554.0,4.0,536,558.0,22.0,0,0,,6.0,0.0,0.0,16.0,0.0,2015-06-21,1,37.5,0.0,0.0,100.0,0.0
2015,7,11,6,AA,193,N3JEAA,ORD,SFO,1207,1206.0,-1.0,19.0,1225.0,286.0,276.0,253.0,1846,1438.0,4.0,1453,1442.0,-11.0,0,0,,0.0,0.0,0.0,0.0,0.0,2015-07-11,0,0.0,0.0,0.0,0.0,0.0
2015,7,13,1,DL,1599,N911DL,ATL,PIT,1105,1104.0,-1.0,22.0,1126.0,104.0,104.0,76.0,526,1242.0,6.0,1249,1248.0,-1.0,0,0,,0.0,0.0,0.0,0.0,0.0,2015-07-13,0,0.0,0.0,0.0,0.0,0.0
2015,6,26,5,B6,1024,N942JB,LAX,JFK,2305,2322.0,17.0,17.0,2339.0,327.0,316.0,294.0,2475,733.0,5.0,732,738.0,6.0,0,0,,0.0,0.0,0.0,0.0,0.0,2015-06-26,1,0.0,0.0,0.0,0.0,0.0
2015,7,2,4,MQ,3298,N516MQ,DFW,OKC,2200,2200.0,0.0,20.0,2220.0,62.0,64.0,39.0,175,2259.0,5.0,2302,2304.0,2.0,0,0,,0.0,0.0,0.0,0.0,0.0,2015-07-02,0,0.0,0.0,0.0,0.0,0.0
2015,7,7,2,WN,4569,N446WN,PIT,BNA,800,757.0,-3.0,7.0,804.0,90.0,75.0,63.0,462,807.0,5.0,830,812.0,-18.0,0,0,,0.0,0.0,0.0,0.0,0.0,2015-07-07,0,0.0,0.0,0.0,0.0,0.0
2015,6,29,1,MQ,3617,N630MQ,MEM,ORD,916,908.0,-8.0,11.0,919.0,118.0,111.0,91.0,491,1050.0,9.0,1114,1059.0,-15.0,0,0,,0.0,0.0,0.0,0.0,0.0,2015-06-29,0,0.0,0.0,0.0,0.0,0.0
2015,6,21,7,B6,2152,N821JB,SJU,TPA,401,404.0,3.0,10.0,414.0,174.0,165.0,151.0,1237,645.0,4.0,655,649.0,-6.0,0,0,,0.0,0.0,0.0,0.0,0.0,2015-06-21,0,0.0,0.0,0.0,0.0,0.0
2015,7,15,3,EV,3272,N14186,IAH,MLU,1403,1357.0,-6.0,10.0,1407.0,69.0,56.0,42.0,262,1449.0,4.0,1512,1453.0,-19.0,0,0,,0.0,0.0,0.0,0.0,0.0,2015-07-15,0,0.0,0.0,0.0,0.0,0.0
2015,6,17,3,OO,4486,N161PQ,BNA,MSP,614,624.0,10.0,16.0,640.0,136.0,124.0,101.0,695,821.0,7.0,830,828.0,-2.0,0,0,,0.0,0.0,0.0,0.0,0.0,2015-06-17,0,0.0,0.0,0.0,0.0,0.0
2015,7,2,4,WN,759,N485WN,STL,DEN,1140,1158.0,18.0,19.0,1217.0,130.0,139.0,113.0,770,1310.0,7.0,1250,1317.0,27.0,0,0,,9.0,0.0,6.0,12.0,0.0,2015-07-02,1,50.0,0.0,33.33,66.67,0.0
2015,7,5,7,EV,4729,N14920,ORD,CLT,2057,2052.0,-5.0,14.0,2106.0,116.0,112.0,85.0,599,2331.0,13.0,2353,2344.0,-9.0,0,0,,0.0,0.0,0.0,0.0,0.0,2015-07-05,0,0.0,0.0,0.0,0.0,0.0
2015,6,18,4,EV,2660,N677AE,DFW,ACT,1525,1529.0,4.0,10.0,1539.0,47.0,31.0,19.0,89,1558.0,2.0,1612,1600.0,-12.0,0,0,,0.0,0.0,0.0,0.0,0.0,2015-06-18,0,0.0,0.0,0.0,0.0,0.0
2015,6,16,2,WN,542,N700GS,DEN,HOU,2025,2051.0,26.0,22.0,2113.0,135.0,167.0,139.0,883,32.0,6.0,2340,38.0,58.0,0,0,,32.0,0.0,2.0,24.0,0.0,2015-06-16,1,123.08,0.0,7.69,92.31,0.0
2015,6,28,7,UA,756,N420UA,TPA,EWR,814,813.0,-1.0,14.0,827.0,160.0,141.0,120.0,997,1027.0,7.0,1054,1034.0,-20.0,0,0,,0.0,0.0,0.0,0.0,0.0,2015-06-28,0,0.0,0.0,0.0,0.0,0.0
2015,7,4,6,WN,3716,N737JW,ORF,TPA,1145,1213.0,28.0,6.0,1219.0,125.0,115.0,105.0,717,1404.0,4.0,1350,1408.0,18.0,0,0,,0.0,0.0,1.0,17.0,0.0,2015-07-04,1,0.0,0.0,3.57,60.71,0.0
2015,6,18,4,US,625,N769US,PHX,BOI,940,938.0,-2.0,15.0,953.0,124.0,130.0,111.0,735,1244.0,4.0,1244,1248.0,4.0,0,0,,0.0,0.0,0.0,0.0,0.0,2015-06-18,0,0.0,0.0,0.0,0.0,0.0
2015,7,22,3,AA,601,N661AW,BWI,PHX,1722,1726.0,4.0,10.0,1736.0,292.0,279.0,263.0,1999,1859.0,6.0,1914,1905.0,-9.0,0,0,,0.0,0.0,0.0,0.0,0.0,2015-07-22,0,0.0,0.0,0.0,0.0,0.0
2015,6,27,6,AA,2398,N4WMAA,DFW,BNA,1015,1023.0,8.0,22.0,1045.0,112.0,107.0,80.0,631,1205.0,5.0,1207,1210.0,3.0,0,0,,0.0,0.0,0.0,0.0,0.0,2015-06-27,0,0.0,0.0,0.0,0.0,0.0
2015,7,13,1,VX,251,N836VA,JFK,LAS,930,928.0,-2.0,38.0,1006.0,335.0,341.0,295.0,2248,1201.0,8.0,1205,1209.0,4.0,0,0,,0.0,0.0,0.0,0.0,0.0,2015-07-13,0,0.0,0.0,0.0,0.0,0.0
2015,6,16,2,US,1721,N165US,MSP,CLT,1205,1200.0,-5.0,10.0,1210.0,153.0,143.0,124.0,930,1514.0,9.0,1538,1523.0,-15.0,0,0,,0.0,0.0,0.0,0.0,0.0,2015-06-16,0,0.0,0.0,0.0,0.0,0.0
2015,7,4,6,NK,474,N512NK,ATL,PHL,2147,2144.0,-3.0,11.0,2155.0,115.0,106.0,89.0,666,2324.0,6.0,2342,2330.0,-12.0,0,0,,0.0,0.0,0.0,0.0,0.0,2015-07-04,0,0.0,0.0,0.0,0.0,0.0
2015,6,25,4,UA,1758,N76522,IAH,IAD,1708,1709.0,1.0,17.0,1726.0,192.0,203.0,174.0,1190,2120.0,12.0,2120,2132.0,12.0,0,0,,0.0,0.0,0.0,0.0,0.0,2015-06-25,0,0.0,0.0,0.0,0.0,0.0
2015,6,23,2,EV,5094,N136EV,ATL,AVP,2047,2043.0,-4.0,18.0,2101.0,117.0,117.0,96.0,714,2237.0,3.0,2244,2240.0,-4.0,0,0,,0.0,0.0,0.0,0.0,0.0,2015-06-23,0,0.0,0.0,0.0,0.0,0.0
2015,7,8,3,OO,6190,N932EV,DEN,PSC,1850,1935.0,45.0,13.0,1948.0,151.0,132.0,115.0,852,2043.0,4.0,2021,2047.0,26.0,0,0,,0.0,0.0,0.0,26.0,0.0,2015-07-08,1,0.0,0.0,0.0,57.78,0.0
2015,7,7,2,WN,3384,N457WN,FLL,BWI,1835,1832.0,-3.0,20.0,1852.0,170.0,179.0,119.0,925,2051.0,40.0,2125,2131.0,6.0,0,0,,0.0,0.0,0.0,0.0,0.0,2015-07-07,0,0.0,0.0,0.0,0.0,0.0
2015,7,6,1,OO,5608,N142SY,SAN,LAX,615,614.0,-1.0,19.0,633.0,70.0,49.0,23.0,109,656.0,7.0,725,703.0,-22.0,0,0,,0.0,0.0,0.0,0.0,0.0,2015-07-06,0,0.0,0.0,0.0,0.0,0.0
2015,7,21,2,AA,1015,N493AA,AUS,DFW,635,630.0,-5.0,9.0,639.0,66.0,55.0,37.0,190,716.0,9.0,741,725.0,-16.0,0,0,,0.0,0.0,0.0,0.0,0.0,2015-07-21,0,0.0,0.0,0.0,0.0,0.0
2015,6,25,4,US,2041,N723UW,ALB,CLT,1435,1518.0,43.0,19.0,1537.0,135.0,124.0,99.0,646,1716.0,6.0,1650,1722.0,32.0,0,0,,0.0,0.0,32.0,0.0,0.0,2015-06-25,1,0.0,0.0,74.42,0.0,0.0
2015,7,14,2,EV,2658,N685AE,DFW,TYS,1540,1545.0,5.0,14.0,1559.0,132.0,138.0,120.0,772,1859.0,4.0,1852,1903.0,11.0,0,0,,0.0,0.0,0.0,0.0,0.0,2015-07-14,0,0.0,0.0,0.0,0.0,0.0
2015,6,16,2,MQ,3181,N932MQ,ORD,CVG,1220,1318.0,58.0,14.0,1332.0,83.0,69.0,51.0,265,1523.0,4.0,1443,1527.0,44.0,0,0,,0.0,0.0,44.0,0.0,0.0,2015-06-16,1,0.0,0.0,75.86,0.0,0.0
2015,6,29,1,EV,5336,N847AS,FSM,ATL,655,643.0,-12.0,9.0,652.0,107.0,90.0,77.0,579,909.0,4.0,942,913.0,-29.0,0,0,,0.0,0.0,0.0,0.0,0.0,2015-06-29,0,0.0,0.0,0.0,0.0,0.0
2015,7,12,7,OO,4830,N8923A,ISN,MSP,1235,1257.0,22.0,14.0,1311.0,104.0,95.0,77.0,546,1428.0,4.0,1419,1432.0,13.0,0,0,,0.0,0.0,0.0,0.0,0.0,2015-07-12,1,0.0,0.0,0.0,0.0,0.0
2015,6,23,2,OO,5361,N916SW,ORD,DLH,1220,1226.0,6.0,26.0,1252.0,98.0,95.0,65.0,397,1357.0,4.0,1358,1401.0,3.0,0,0,,0.0,0.0,0.0,0.0,0.0,2015-06-23,0,0.0,0.0,0.0,0.0,0.0
2015,7,1,3,DL,1132,N331NW,PWM,ATL,1750,1853.0,63.0,20.0,1913.0,184.0,167.0,141.0,1027,2134.0,6.0,2054,2140.0,46.0,0,0,,0.0,0.0,0.0,0.0,46.0,2015-07-01,1,0.0,0.0,0.0,0.0,73.02
2015,6,22,1,EV,6064,N33182,ORD,ATW,907,903.0,-4.0,11.0,914.0,57.0,57.0,42.0,160,956.0,4.0,1004,1000.0,-4.0,0,0,,0.0,0.0,0.0,0.0,0.0,2015-06-22,0,0.0,0.0,0.0,0.0,0.0
2015,7,14,2,B6,1184,N646JB,MCO,JFK,600,556.0,-4.0,17.0,613.0,155.0,147.0,125.0,944,818.0,5.0,835,823.0,-12.0,0,0,,0.0,0.0,0.0,0.0,0.0,2015-07-14,0,0.0,0.0,0.0,0.0,0.0
2015,6,24,3,AS,157,N764AS,ANC,OTZ,635,622.0,-13.0,9.0,631.0,88.0,84.0,72.0,548,743.0,3.0,803,746.0,-17.0,0,0,,0.0,0.0,0.0,0.0,0.0,2015-06-24,0,0.0,0.0,0.0,0.0,0.0
2015,6,22,1,WN,1341,N623SW,BUF,BWI,1640,1642.0,2.0,7.0,1649.0,70.0,63.0,47.0,281,1736.0,9.0,1750,1745.0,-5.0,0,0,,0.0,0.0,0.0,0.0,0.0,2015-06-22,0,0.0,0.0,0.0,0.0,0.0
2015,6,29,1,EV,2632,N877AS,DFW,SAF,850,847.0,-3.0,11.0,858.0,110.0,91.0,76.0,551,914.0,4.0,940,918.0,-22.0,0,0,,0.0,0.0,0.0,0.0,0.0,2015-06-29,0,0.0,0.0,0.0,0.0,0.0
2015,7,1,3,OO,5166,N701SK,IAH,DFW,1438,1607.0,89.0,43.0,1650.0,74.0,93.0,45.0,224,1735.0,5.0,1552,1740.0,108.0,0,0,,19.0,0.0,89.0,0.0,0.0,2015-07-01,1,21.35,0.0,100.0,0.0,0.0
2015,7,6,1,WN,3850,N741SA,TPA,ATL,1515,1604.0,49.0,8.0,1612.0,90.0,77.0,63.0,406,1715.0,6.0,1645,1721.0,36.0,0,0,,0.0,0.0,0.0,19.0,17.0,2015-07-06,1,0.0,0.0,0.0,38.78,34.69
2015,6,18,4,OO,4676,N448SW,ATL,FWA,1352,1349.0,-3.0,22.0,1411.0,102.0,98.0,71.0,508,1522.0,5.0,1534,1527.0,-7.0,0,0,,0.0,0.0,0.0,0.0,0.0,2015-06-18,0,0.0,0.0,0.0,0.0,0.0
2015,6,19,5,WN,2425,N564WN,MDW,PDX,815,810.0,-5.0,11.0,821.0,260.0,259.0,244.0,1751,1025.0,4.0,1035,1029.0,-6.0,0,0,,0.0,0.0,0.0,0.0,0.0,2015-06-19,0,0.0,0.0,0.0,0.0,0.0
2015,6,28,7,WN,604,N8312C,CLE,BNA,635,632.0,-3.0,11.0,643.0,100.0,87.0,69.0,448,652.0,7.0,715,659.0,-16.0,0,0,,0.0,0.0,0.0,0.0,0.0,2015-06-28,0,0.0,0.0,0.0,0.0,0.0
2015,7,19,7,UA,690,N476UA,IAH,MCO,1505,1541.0,36.0,13.0,1554.0,155.0,138.0,120.0,854,1854.0,5.0,1840,1859.0,19.0,0,0,,0.0,0.0,19.0,0.0,0.0,2015-07-19,1,0.0,0.0,52.78,0.0,0.0
2015,6,18,4,WN,651,N221WN,BWI,DTW,730,728.0,-2.0,20.0,748.0,95.0,99.0,73.0,409,901.0,6.0,905,907.0,2.0,0,0,,0.0,0.0,0.0,0.0,0.0,2015-06-18,0,0.0,0.0,0.0,0.0,0.0
2015,6,29,1,DL,2151,N341NB,MIA,LGA,715,713.0,-2.0,13.0,726.0,182.0,171.0,142.0,1096,948.0,16.0,1017,1004.0,-13.0,0,0,,0.0,0.0,0.0,0.0,0.0,2015-06-29,0,0.0,0.0,0.0,0.0,0.0
2015,7,15,3,WN,4412,N694SW,OAK,DEN,1050,1121.0,31.0,11.0,1132.0,140.0,145.0,127.0,957,1439.0,7.0,1410,1446.0,36.0,0,0,,5.0,0.0,19.0,12.0,0.0,2015-07-15,1,16.13,0.0,61.29,38.71,0.0
2015,7,14,2,AA,689,N672AW,PHX,EWR,2155,2151.0,-4.0,18.0,2209.0,277.0,275.0,253.0,2133,522.0,4.0,532,526.0,-6.0,0,0,,0.0,0.0,0.0,0.0,0.0,2015-07-14,0,0.0,0.0,0.0,0.0,0.0
2015,7,18,6,AA,413,N199UW,EWR,PHX,1029,1027.0,-2.0,44.0,1111.0,303.0,321.0,271.0,2133,1242.0,6.0,1232,1248.0,16.0,0,0,,16.0,0.0,0.0,0.0,0.0,2015-07-18,0,-800.0,-0.0,-0.0,-0.0,-0.0
2015,7,10,5,AS,344,N705AS,SEA,OAK,1605,1556.0,-9.0,18.0,1614.0,120.0,123.0,100.0,672,1754.0,5.0,1805,1759.0,-6.0,0,0,,0.0,0.0,0.0,0.0,0.0,2015-07-10,0,0.0,0.0,0.0,0.0,0.0
2015,7,7,2,AA,2473,N869AA,LAX,DFW,1410,1409.0,-1.0,20.0,1429.0,201.0,186.0,155.0,1235,1904.0,11.0,1931,1915.0,-16.0,0,0,,0.0,0.0,0.0,0.0,0.0,2015-07-07,0,0.0,0.0,0.0,0.0,0.0
2015,6,22,1,WN,3763,N294WN,PDX,SMF,1530,1604.0,34.0,9.0,1613.0,85.0,83.0,70.0,479,1723.0,4.0,1655,1727.0,32.0,0,0,,0.0,0.0,8.0,24.0,0.0,2015-06-22,1,0.0,0.0,23.53,70.59,0.0
2015,7,7,2,UA,676,N673UA,IAH,EWR,1200,1207.0,7.0,20.0,1227.0,225.0,218.0,187.0,1400,1634.0,11.0,1645,1645.0,0.0,0,0,,0.0,0.0,0.0,0.0,0.0,2015-07-07,0,0.0,0.0,0.0,0.0,0.0
2015,7,5,7,UA,460,N550UA,DEN,LAX,1405,1413.0,8.0,30.0,1443.0,147.0,159.0,123.0,862,1546.0,6.0,1532,1552.0,20.0,0,0,,12.0,0.0,8.0,0.0,0.0,2015-07-05,0,150.0,0.0,100.0,0.0,0.0
2015,7,11,6,EV,5023,N858AS,MDT,DTW,1715,1710.0,-5.0,11.0,1721.0,84.0,84.0,67.0,371,1828.0,6.0,1839,1834.0,-5.0,0,0,,0.0,0.0,0.0,0.0,0.0,2015-07-11,0,0.0,0.0,0.0,0.0,0.0
2015,7,16,4,AA,286,N5DGAA,LIH,LAX,2201,2201.0,0.0,30.0,2231.0,330.0,323.0,286.0,2615,617.0,7.0,631,624.0,-7.0,0,0,,0.0,0.0,0.0,0.0,0.0,2015-07-16,0,0.0,0.0,0.0,0.0,0.0
2015,7,11,6,HA,124,N489HA,LIH,HNL,832,830.0,-2.0,8.0,838.0,32.0,36.0,22.0,102,900.0,6.0,904,906.0,2.0,0,0,,0.0,0.0,0.0,0.0,0.0,2015-07-11,0,0.0,0.0,0.0,0.0,0.0
2015,7,4,6,B6,1272,N637JB,FLL,LGA,1235,1237.0,2.0,15.0,1252.0,175.0,153.0,134.0,1076,1506.0,4.0,1530,1510.0,-20.0,0,0,,0.0,0.0,0.0,0.0,0.0,2015-07-04,0,0.0,0.0,0.0,0.0,0.0
2015,6,17,3,WN,688,N791SW,RNO,LAX,730,730.0,0.0,8.0,738.0,80.0,94.0,60.0,391,838.0,26.0,850,904.0,14.0,0,0,,0.0,0.0,0.0,0.0,0.0,2015-06-17,0,0.0,0.0,0.0,0.0,0.0
2015,6,19,5,EV,5526,N861AS,ATL,MLU,1630,1625.0,-5.0,13.0,1638.0,95.0,91.0,74.0,448,1652.0,4.0,1705,1656.0,-9.0,0,0,,0.0,0.0,0.0,0.0,0.0,2015-06-19,0,0.0,0.0,0.0,0.0,0.0
2015,6,28,7,DL,1714,N6709,MSP,MCO,706,711.0,5.0,12.0,723.0,190.0,177.0,158.0,1310,1101.0,7.0,1116,1108.0,-8.0,0,0,,0.0,0.0,0.0,0.0,0.0,2015-06-28,0,0.0,0.0,0.0,0.0,0.0
2015,6,18,4,UA,541,N587UA,JFK,SFO,845,838.0,-7.0,32.0,910.0,381.0,410.0,340.0,2586,1150.0,38.0,1206,1228.0,22.0,0,0,,22.0,0.0,0.0,0.0,0.0,2015-06-18,0,-314.29,-0.0,-0.0,-0.0,-0.0
2015,7,10,5,HA,222,N480HA,HNL,ITO,1438,1451.0,13.0,13.0,1504.0,51.0,51.0,33.0,216,1537.0,5.0,1529,1542.0,13.0,0,0,,0.0,0.0,0.0,0.0,0.0,2015-07-10,0,0.0,0.0,0.0,0.0,0.0
2015,7,21,2,DL,1203,N951DN,BZN,MSP,600,556.0,-4.0,10.0,606.0,133.0,125.0,110.0,874,856.0,5.0,913,901.0,-12.0,0,0,,0.0,0.0,0.0,0.0,0.0,2015-07-21,0,0.0,0.0,0.0,0.0,0.0
2015,7,21,2,MQ,3497,N669MQ,ORD,LSE,1222,1227.0,5.0,33.0,1300.0,78.0,79.0,42.0,215,1342.0,4.0,1340,1346.0,6.0,0,0,,0.0,0.0,0.0,0.0,0.0,2015-07-21,0,0.0,0.0,0.0,0.0,0.0
2015,6,24,3,WN,1751,N624SW,LAX,RNO,2130,2218.0,48.0,11.0,2229.0,75.0,71.0,58.0,391,2327.0,2.0,2245,2329.0,44.0,0,0,,0.0,0.0,21.0,23.0,0.0,2015-06-24,1,0.0,0.0,43.75,47.92,0.0
2015,7,2,4,AA,384,N491AA,DFW,PNS,1815,1812.0,-3.0,14.0,1826.0,108.0,97.0,78.0,604,1944.0,5.0,2003,1949.0,-14.0,0,0,,0.0,0.0,0.0,0.0,0.0,2015-07-02,0,0.0,0.0,0.0,0.0,0.0
2015,7,15,3,B6,1012,N806JB,ORD,BOS,1025,1046.0,21.0,20.0,1106.0,135.0,140.0,115.0,867,1401.0,5.0,1340,1406.0,26.0,0,0,,5.0,0.0,0.0,21.0,0.0,2015-07-15,1,23.81,0.0,0.0,100.0,0.0
2015,6,23,2,EV,5027,N717EV,IAD,DTW,600,558.0,-2.0,21.0,619.0,96.0,90.0,66.0,383,725.0,3.0,736,728.0,-8.0,0,0,,0.0,0.0,0.0,0.0,0.0,2015-06-23,0,0.0,0.0,0.0,0.0,0.0
2015,6,16,2,WN,838,N8646B,LGA,MDW,600,707.0,67.0,17.0,724.0,140.0,132.0,110.0,725,814.0,5.0,720,819.0,59.0,0,0,,0.0,0.0,59.0,0.0,0.0,2015-06-16,1,0.0,0.0,88.06,0.0,0.0
2015,7,16,4,OO,4594,N812SK,SJC,LAX,1828,1826.0,-2.0,38.0,1904.0,92.0,105.0,53.0,308,1957.0,14.0,2000,2011.0,11.0,0,0,,0.0,0.0,0.0,0.0,0.0,2015-07-16,0,0.0,0.0,0.0,0.0,0.0
2015,6,21,7,AA,2445,N851AA,JFK,MCO,700,853.0,113.0,40.0,933.0,178.0,184.0,132.0,944,1145.0,12.0,958,1157.0,119.0,0,0,,6.0,0.0,113.0,0.0,0.0,2015-06-21,1,5.31,0.0,100.0,0.0,0.0
2015,7,11,6,WN,4417,N635SW,OKC,PHX,945,948.0,3.0,7.0,955.0,135.0,137.0,124.0,833,959.0,6.0,1000,1005.0,5.0,0,0,,0.0,0.0,0.0,0.0,0.0,2015-07-11,0,0.0,0.0,0.0,0.0,0.0
2015,6,24,3,US,419,N667AW,PHL,LAS,2035,2030.0,-5.0,10.0,2040.0,317.0,307.0,275.0,2176,2215.0,22.0,2252,2237.0,-15.0,0,0,,0.0,0.0,0.0,0.0,0.0,2015-06-24,0,0.0,0.0,0.0,0.0,0.0
2015,7,13,1,WN,3503,N272WN,SAN,SFO,620,618.0,-2.0,16.0,634.0,95.0,85.0,64.0,447,738.0,5.0,755,743.0,-12.0,0,0,,0.0,0.0,0.0,0.0,0.0,2015-07-13,0,0.0,0.0,0.0,0.0,0.0
2015,6,26,5,DL,1414,N839DN,SLC,LAX,842,839.0,-3.0,19.0,858.0,123.0,139.0,83.0,590,921.0,37.0,945,958.0,13.0,0,0,,0.0,0.0,0.0,0.0,0.0,2015-06-26,0,0.0,0.0,0.0,0.0,0.0
2015,6,17,3,EV,5799,N27152,JAN,IAH,1143,1259.0,76.0,23.0,1322.0,81.0,122.0,83.0,351,1445.0,16.0,1304,1501.0,117.0,0,0,,45.0,0.0,41.0,31.0,0.0,2015-06-17,1,59.21,0.0,53.95,40.79,0.0
2015,7,16,4,AA,47,N3JCAA,ORD,PDX,1000,1239.0,159.0,28.0,1307.0,263.0,266.0,234.0,1739,1501.0,4.0,1223,1505.0,162.0,0,0,,3.0,0.0,67.0,92.0,0.0,2015-07-16,1,1.89,0.0,42.14,57.86,0.0
2015,7,8,3,UA,1717,N18243,SFO,ORD,2313,238.0,205.0,13.0,251.0,247.0,233.0,214.0,1846,825.0,6.0,520,831.0,191.0,0,0,,0.0,0.0,28.0,163.0,0.0,2015-07-08,1,0.0,0.0,13.66,79.51,0.0
2015,6,15,1,OO,7405,N452SW,TWF,SLC,1823,1824.0,1.0,11.0,1835.0,52.0,77.0,61.0,175,1936.0,5.0,1915,1941.0,26.0,0,0,,25.0,0.0,0.0,1.0,0.0,2015-06-15,0,2500.0,0.0,0.0,100.0,0.0
2015,6,28,7,NK,676,N620NK,MCO,ATL,2159,2152.0,-7.0,18.0,2210.0,84.0,85.0,60.0,404,2310.0,7.0,2323,2317.0,-6.0,0,0,,0.0,0.0,0.0,0.0,0.0,2015-06-28,0,0.0,0.0,0.0,0.0,0.0
2015,6,19,5,MQ,3626,N618MQ,PNS,DFW,1904,1902.0,-2.0,18.0,1920.0,121.0,128.0,98.0,604,2058.0,12.0,2105,2110.0,5.0,0,0,,0.0,0.0,0.0,0.0,0.0,2015-06-19,0,0.0,0.0,0.0,0.0,0.0
2015,7,14,2,EV,5526,N882AS,MLU,ATL,1741,1949.0,128.0,11.0,2000.0,94.0,120.0,100.0,448,2240.0,9.0,2015,2249.0,154.0,0,0,,26.0,0.0,24.0,104.0,0.0,2015-07-14,1,20.31,0.0,18.75,81.25,0.0
2015,6,19,5,AA,178,N859AA,MCO,LAX,1830,2247.0,257.0,16.0,2303.0,308.0,296.0,271.0,2218,34.0,9.0,2038,43.0,245.0,0,0,,0.0,0.0,46.0,199.0,0.0,2015-06-19,1,0.0,0.0,17.9,77.43,0.0
2015,6,24,3,UA,692,N490UA,ORD,LGA,1800,1758.0,-2.0,27.0,1825.0,140.0,130.0,99.0,733,2104.0,4.0,2120,2108.0,-12.0,0,0,,0.0,0.0,0.0,0.0,0.0,2015-06-24,0,0.0,0.0,0.0,0.0,0.0
2015,7,18,6,EV,6143,N12166,ORD,MLI,905,858.0,-7.0,22.0,920.0,55.0,53.0,27.0,139,947.0,4.0,1000,951.0,-9.0,0,0,,0.0,0.0,0.0,0.0,0.0,2015-07-18,0,0.0,0.0,0.0,0.0,0.0
2015,6,21,7,EV,4647,N13970,IAH,SAT,1250,1300.0,10.0,19.0,1319.0,62.0,65.0,41.0,191,1400.0,5.0,1352,1405.0,13.0,0,0,,0.0,0.0,0.0,0.0,0.0,2015-06-21,0,0.0,0.0,0.0,0.0,0.0
2015,7,16,4,DL,2638,N360NB,ATL,DCA,725,724.0,-1.0,12.0,736.0,107.0,92.0,77.0,547,853.0,3.0,912,856.0,-16.0,0,0,,0.0,0.0,0.0,0.0,0.0,2015-07-16,0,0.0,0.0,0.0,0.0,0.0
2015,7,1,3,UA,342,N449UA,BWI,IAH,540,544.0,4.0,11.0,555.0,184.0,197.0,161.0,1235,736.0,25.0,744,801.0,17.0,0,0,,17.0,0.0,0.0,0.0,0.0,2015-07-01,0,425.0,0.0,0.0,0.0,0.0
2015,7,3,5,F9,341,N935FR,DEN,BZN,1845,1839.0,-6.0,11.0,1850.0,97.0,96.0,79.0,524,2009.0,6.0,2022,2015.0,-7.0,0,0,,0.0,0.0,0.0,0.0,0.0,2015-07-03,0,0.0,0.0,0.0,0.0,0.0
2015,6,27,6,EV,4494,N17115,AMA,IAH,720,712.0,-8.0,24.0,736.0,103.0,120.0,81.0,517,857.0,15.0,903,912.0,9.0,0,0,,0.0,0.0,0.0,0.0,0.0,2015-06-27,0,0.0,0.0,0.0,0.0,0.0
2015,7,1,3,WN,329,N526SW,AUS,HOU,1600,1807.0,127.0,11.0,1818.0,50.0,53.0,36.0,148,1854.0,6.0,1650,1900.0,130.0,0,0,,3.0,0.0,0.0,127.0,0.0,2015-07-01,1,2.36,0.0,0.0,100.0,0.0
2015,6,30,2,B6,916,N944JB,SFO,JFK,2125,2117.0,-8.0,15.0,2132.0,324.0,332.0,313.0,2586,545.0,4.0,549,549.0,0.0,0,0,,0.0,0.0,0.0,0.0,0.0,2015-06-30,0,0.0,0.0,0.0,0.0,0.0
2015,6,15,1,WN,2525,N238WN,SAT,ATL,530,527.0,-3.0,6.0,533.0,145.0,132.0,118.0,874,831.0,8.0,855,839.0,-16.0,0,0,,0.0,0.0,0.0,0.0,0.0,2015-06-15,0,0.0,0.0,0.0,0.0,0.0
2015,6,28,7,WN,857,N647SW,AUS,DAL,1030,1036.0,6.0,9.0,1045.0,55.0,52.0,39.0,189,1124.0,4.0,1125,1128.0,3.0,0,0,,0.0,0.0,0.0,0.0,0.0,2015-06-28,0,0.0,0.0,0.0,0.0,0.0
2015,7,21,2,AA,1425,N434AA,STL,ORD,1754,1751.0,-3.0,15.0,1806.0,70.0,79.0,46.0,258,1852.0,18.0,1904,1910.0,6.0,0,0,,0.0,0.0,0.0,0.0,0.0,2015-07-21,0,0.0,0.0,0.0,0.0,0.0
2015,6,16,2,DL,2155,N979AT,ATL,FAY,1100,1059.0,-1.0,16.0,1115.0,78.0,70.0,48.0,331,1203.0,6.0,1218,1209.0,-9.0,0,0,,0.0,0.0,0.0,0.0,0.0,2015-06-16,0,0.0,0.0,0.0,0.0,0.0
2015,6,28,7,VX,420,N847VA,LAX,JFK,2300,2325.0,25.0,22.0,2347.0,325.0,339.0,306.0,2475,753.0,11.0,725,804.0,39.0,0,0,,0.0,0.0,0.0,25.0,14.0,2015-06-28,1,0.0,0.0,0.0,100.0,56.0
2015,6,28,7,US,680,N663AW,SNA,PHX,1000,1008.0,8.0,7.0,1015.0,77.0,65.0,54.0,338,1109.0,4.0,1117,1113.0,-4.0,0,0,,0.0,0.0,0.0,0.0,0.0,2015-06-28,0,0.0,0.0,0.0,0.0,0.0
2015,7,4,6,NK,972,N601NK,PHX,DFW,55,230.0,95.0,20.0,250.0,128.0,137.0,112.0,868,642.0,5.0,503,647.0,104.0,0,0,,104.0,0.0,0.0,0.0,0.0,2015-07-04,1,109.47,0.0,0.0,0.0,0.0
2015,7,13,1,AA,1929,N820AW,MSP,PHL,1612,1609.0,-3.0,27.0,1636.0,158.0,165.0,136.0,980,1952.0,2.0,1950,1954.0,4.0,0,0,,0.0,0.0,0.0,0.0,0.0,2015-07-13,0,0.0,0.0,0.0,0.0,0.0
2015,7,12,7,AA,183,N3DHAA,LAS,LAX,700,656.0,-4.0,17.0,713.0,76.0,67.0,44.0,236,757.0,6.0,816,803.0,-13.0,0,0,,0.0,0.0,0.0,0.0,0.0,2015-07-12,0,0.0,0.0,0.0,0.0,0.0
2015,6,19,5,MQ,3654,N632MQ,CMH,MIA,600,716.0,76.0,11.0,727.0,163.0,163.0,143.0,990,950.0,9.0,843,959.0,76.0,0,0,,0.0,0.0,76.0,0.0,0.0,2015-06-19,1,0.0,0.0,100.0,0.0,0.0
2015,6,21,7,DL,430,N713TW,JFK,SFO,1145,1156.0,11.0,16.0,1212.0,382.0,366.0,343.0,2586,1455.0,7.0,1507,1502.0,-5.0,0,0,,0.0,0.0,0.0,0.0,0.0,2015-06-21,0,0.0,0.0,0.0,0.0,0.0
2015,6,17,3,UA,1219,N69813,IAD,ORD,1217,1329.0,72.0,33.0,1402.0,122.0,137.0,88.0,589,1430.0,16.0,1319,1446.0,87.0,0,0,,15.0,0.0,44.0,28.0,0.0,2015-06-17,1,20.83,0.0,61.11,38.89,0.0
2015,7,21,2,DL,2676,N925AT,LGA,BOS,1459,1712.0,133.0,30.0,1742.0,86.0,71.0,31.0,184,1813.0,10.0,1625,1823.0,118.0,0,0,,113.0,0.0,0.0,5.0,0.0,2015-07-21,1,84.96,0.0,0.0,3.76,0.0
2015,7,9,4,AA,825,N117UW,PHL,MIA,1735,1735.0,0.0,14.0,1749.0,171.0,149.0,130.0,1013,1959.0,5.0,2026,2004.0,-22.0,0,0,,0.0,0.0,0.0,0.0,0.0,2015-07-09,0,0.0,0.0,0.0,0.0,0.0
2015,6,14,7,DL,1760,N377NW,DEN,LGA,1017,1013.0,-4.0,28.0,1041.0,236.0,229.0,193.0,1620,1554.0,8.0,1613,1602.0,-11.0,0,0,,0.0,0.0,0.0,0.0,0.0,2015-06-14,0,0.0,0.0,0.0,0.0,0.0
2015,7,20,1,UA,668,N466UA,IAH,SEA,925,925.0,0.0,16.0,941.0,277.0,275.0,247.0,1874,1148.0,12.0,1202,1200.0,-2.0,0,0,,0.0,0.0,0.0,0.0,0.0,2015-07-20,0,0.0,0.0,0.0,0.0,0.0
2015,6,15,1,WN,3402,N967WN,LIT,LAS,1740,1802.0,22.0,11.0,1813.0,190.0,179.0,164.0,1294,1857.0,4.0,1850,1901.0,11.0,0,0,,0.0,0.0,0.0,0.0,0.0,2015-06-15,1,0.0,0.0,0.0,0.0,0.0
2015,7,21,2,AS,687,N557AS,ORD,PDX,1730,1723.0,-7.0,18.0,1741.0,265.0,260.0,237.0,1739,1938.0,5.0,1955,1943.0,-12.0,0,0,,0.0,0.0,0.0,0.0,0.0,2015-07-21,0,0.0,0.0,0.0,0.0,0.0
2015,7,1,3,EV,5980,N16987,XNA,IAH,1852,2222.0,210.0,7.0,2229.0,98.0,88.0,68.0,438,2337.0,13.0,2030,2350.0,200.0,0,0,,0.0,0.0,0.0,200.0,0.0,2015-07-01,1,0.0,0.0,0.0,95.24,0.0
2015,7,2,4,MQ,3417,N907MQ,DSM,ORD,1928,1917.0,-11.0,9.0,1926.0,84.0,74.0,49.0,299,2015.0,16.0,2052,2031.0,-21.0,0,0,,0.0,0.0,0.0,0.0,0.0,2015-07-02,0,0.0,0.0,0.0,0.0,0.0
2015,7,9,4,B6,72,N729JB,SLC,JFK,2238,2236.0,-2.0,11.0,2247.0,262.0,242.0,224.0,1990,431.0,7.0,500,438.0,-22.0,0,0,,0.0,0.0,0.0,0.0,0.0,2015-07-09,0,0.0,0.0,0.0,0.0,0.0
2015,6,26,5,WN,1193,N272WN,SLC,PHX,530,524.0,-6.0,11.0,535.0,95.0,87.0,71.0,507,546.0,5.0,605,551.0,-14.0,0,0,,0.0,0.0,0.0,0.0,0.0,2015-06-26,0,0.0,0.0,0.0,0.0,0.0
2015,7,21,2,OO,4462,N821SK,ABQ,SLC,1220,1216.0,-4.0,17.0,1233.0,100.0,93.0,70.0,493,1343.0,6.0,1400,1349.0,-11.0,0,0,,0.0,0.0,0.0,0.0,0.0,2015-07-21,0,0.0,0.0,0.0,0.0,0.0
2015,7,17,5,EV,5668,N14977,MEM,IAH,1016,1007.0,-9.0,11.0,1018.0,103.0,93.0,75.0,468,1133.0,7.0,1159,1140.0,-19.0,0,0,,0.0,0.0,0.0,0.0,0.0,2015-07-17,0,0.0,0.0,0.0,0.0,0.0
2015,6,19,5,OO,4693,N823AS,DAY,MSP,715,710.0,-5.0,12.0,722.0,117.0,110.0,94.0,574,756.0,4.0,812,800.0,-12.0,0,0,,0.0,0.0,0.0,0.0,0.0,2015-06-19,0,0.0,0.0,0.0,0.0,0.0
2015,7,12,7,EV,5590,N748EV,ELM,DTW,1727,1722.0,-5.0,10.0,1732.0,82.0,65.0,51.0,332,1823.0,4.0,1849,1827.0,-22.0,0,0,,0.0,0.0,0.0,0.0,0.0,2015-07-12,0,0.0,0.0,0.0,0.0,0.0
2015,7,1,3,AA,304,N3ABAA,LGA,ORD,820,814.0,-6.0,20.0,834.0,159.0,145.0,111.0,733,925.0,14.0,959,939.0,-20.0,0,0,,0.0,0.0,0.0,0.0,0.0,2015-07-01,0,0.0,0.0,0.0,0.0,0.0
2015,7,14,2,OO,4585,N8932C,CVG,GRR,1606,1643.0,37.0,20.0,1703.0,67.0,75.0,48.0,268,1751.0,7.0,1713,1758.0,45.0,0,0,,8.0,0.0,0.0,0.0,37.0,2015-07-14,1,21.62,0.0,0.0,0.0,100.0
2015,7,8,3,VX,797,N629VA,LAX,SEA,1835,1835.0,0.0,8.0,1843.0,150.0,145.0,128.0,954,2051.0,9.0,2105,2100.0,-5.0,0,0,,0.0,0.0,0.0,0.0,0.0,2015-07-08,0,0.0,0.0,0.0,0.0,0.0
2015,7,13,1,WN,4821,N292WN,MCI,ABQ,1550,1812.0,142.0,14.0,1826.0,120.0,119.0,101.0,718,1907.0,4.0,1650,1911.0,141.0,0,0,,0.0,0.0,0.0,141.0,0.0,2015-07-13,1,0.0,0.0,0.0,99.3,0.0
2015,6,30,2,WN,835,N924WN,PHX,TUL,830,831.0,1.0,13.0,844.0,140.0,145.0,128.0,935,1252.0,4.0,1250,1256.0,6.0,0,0,,0.0,0.0,0.0,0.0,0.0,2015-06-30,0,0.0,0.0,0.0,0.0,0.0
2015,6,30,2,EV,4201,N13133,SAV,EWR,1238,1236.0,-2.0,11.0,1247.0,132.0,123.0,98.0,708,1425.0,14.0,1450,1439.0,-11.0,0,0,,0.0,0.0,0.0,0.0,0.0,2015-06-30,0,0.0,0.0,0.0,0.0,0.0
2015,6,16,2,WN,1428,N483WN,JAX,BWI,1900,1854.0,-6.0,9.0,1903.0,120.0,100.0,88.0,663,2031.0,3.0,2100,2034.0,-26.0,0,0,,0.0,0.0,0.0,0.0,0.0,2015-06-16,0,0.0,0.0,0.0,0.0,0.0
2015,7,11,6,B6,277,N607JB,FLL,SFO,1955,2110.0,75.0,14.0,2124.0,350.0,332.0,307.0,2584,2331.0,11.0,2245,2342.0,57.0,0,0,,0.0,0.0,57.0,0.0,0.0,2015-07-11,1,0.0,0.0,76.0,0.0,0.0
2015,7,10,5,DL,1231,N968AT,DCA,DTW,1927,1927.0,0.0,17.0,1944.0,93.0,86.0,63.0,405,2047.0,6.0,2100,2053.0,-7.0,0,0,,0.0,0.0,0.0,0.0,0.0,2015-07-10,0,0.0,0.0,0.0,0.0,0.0
2015,6,25,4,AA,192,N3GCAA,LAX,BOS,2130,2127.0,-3.0,18.0,2145.0,329.0,315.0,290.0,2611,535.0,7.0,559,542.0,-17.0,0,0,,0.0,0.0,0.0,0.0,0.0,2015-06-25,0,0.0,0.0,0.0,0.0,0.0
2015,6,22,1,F9,910,N949FR,DTW,TTN,1635,1620.0,-15.0,17.0,1637.0,94.0,91.0,68.0,464,1745.0,6.0,1809,1751.0,-18.0,0,0,,0.0,0.0,0.0,0.0,0.0,2015-06-22,0,0.0,0.0,0.0,0.0,0.0
2015,6,26,5,AA,6,N352AA,OGG,DFW,1715,1731.0,16.0,13.0,1744.0,443.0,433.0,416.0,3711,540.0,4.0,538,544.0,6.0,0,0,,0.0,0.0,0.0,0.0,0.0,2015-06-26,1,0.0,0.0,0.0,0.0,0.0
2015,7,5,7,MQ,3251,N907MQ,ORD,BIS,1215,1216.0,1.0,11.0,1227.0,146.0,118.0,104.0,716,1411.0,3.0,1441,1414.0,-27.0,0,0,,0.0,0.0,0.0,0.0,0.0,2015-07-05,0,0.0,0.0,0.0,0.0,0.0
2015,6,29,1,US,572,N758US,PHX,BOI,1655,1704.0,9.0,9.0,1713.0,122.0,116.0,103.0,735,1956.0,4.0,1957,2000.0,3.0,0,0,,0.0,0.0,0.0,0.0,0.0,2015-06-29,0,0.0,0.0,0.0,0.0,0.0
2015,6,29,1,AA,1412,N3CWAA,DFW,MIA,1340,1348.0,8.0,14.0,1402.0,179.0,226.0,155.0,1121,1737.0,57.0,1739,1834.0,55.0,0,0,,47.0,0.0,8.0,0.0,0.0,2015-06-29,0,587.5,0.0,100.0,0.0,0.0
2015,6,27,6,B6,790,N307JB,DCA,BOS,1640,1719.0,39.0,74.0,1833.0,93.0,159.0,78.0,399,1951.0,7.0,1813,1958.0,105.0,0,0,,66.0,0.0,0.0,23.0,16.0,2015-06-27,1,169.23,0.0,0.0,58.97,41.03
2015,7,5,7,AA,2488,N4XKAA,TPA,DFW,1123,1120.0,-3.0,8.0,1128.0,159.0,168.0,150.0,929,1258.0,10.0,1302,1308.0,6.0,0,0,,0.0,0.0,0.0,0.0,0.0,2015-07-05,0,0.0,0.0,0.0,0.0,0.0
2015,7,13,1,B6,223,N943JB,JFK,LAX,929,925.0,-4.0,43.0,1008.0,359.0,357.0,307.0,2475,1215.0,7.0,1228,1222.0,-6.0,0,0,,0.0,0.0,0.0,0.0,0.0,2015-07-13,0,0.0,0.0,0.0,0.0,0.0
2015,7,15,3,AA,1853,N123UW,IAH,CLT,520,516.0,-4.0,15.0,531.0,150.0,144.0,124.0,912,835.0,5.0,850,840.0,-10.0,0,0,,0.0,0.0,0.0,0.0,0.0,2015-07-15,0,0.0,0.0,0.0,0.0,0.0
2015,7,18,6,DL,1363,N936DN,MSP,RDU,1300,1301.0,1.0,17.0,1318.0,144.0,141.0,119.0,980,1617.0,5.0,1624,1622.0,-2.0,0,0,,0.0,0.0,0.0,0.0,0.0,2015-07-18,0,0.0,0.0,0.0,0.0,0.0
2015,6,22,1,OO,4976,N132SY,SFO,STL,1655,1650.0,-5.0,16.0,1706.0,253.0,226.0,202.0,1735,2228.0,8.0,2308,2236.0,-32.0,0,0,,0.0,0.0,0.0,0.0,0.0,2015-06-22,0,0.0,0.0,0.0,0.0,0.0
2015,7,17,5,MQ,3359,N657MQ,ORD,LEX,1210,1209.0,-1.0,19.0,1228.0,88.0,74.0,52.0,323,1420.0,3.0,1438,1423.0,-15.0,0,0,,0.0,0.0,0.0,0.0,0.0,2015-07-17,0,0.0,0.0,0.0,0.0,0.0
2015,6,19,5,B6,198,N565JB,MCO,LGA,600,555.0,-5.0,11.0,606.0,150.0,149.0,131.0,950,817.0,7.0,830,824.0,-6.0,0,0,,0.0,0.0,0.0,0.0,0.0,2015-06-19,0,0.0,0.0,0.0,0.0,0.0
2015,6,29,1,AA,2420,N3JXAA,LAX,DFW,615,613.0,-2.0,14.0,627.0,189.0,192.0,159.0,1235,1106.0,19.0,1124,1125.0,1.0,0,0,,0.0,0.0,0.0,0.0,0.0,2015-06-29,0,0.0,0.0,0.0,0.0,0.0
2015,7,16,4,OO,6214,N795SK,BHM,ORD,600,607.0,7.0,15.0,622.0,125.0,115.0,93.0,584,755.0,7.0,805,802.0,-3.0,0,0,,0.0,0.0,0.0,0.0,0.0,2015-07-16,0,0.0,0.0,0.0,0.0,0.0
2015,7,21,2,WN,424,N727SW,MDW,LIT,2055,2225.0,90.0,8.0,2233.0,100.0,86.0,73.0,544,2346.0,5.0,2235,2351.0,76.0,0,0,,0.0,0.0,35.0,41.0,0.0,2015-07-21,1,0.0,0.0,38.89,45.56,0.0
2015,7,1,3,UA,480,N484UA,RDU,SFO,1854,1852.0,-2.0,11.0,1903.0,344.0,323.0,306.0,2400,2109.0,6.0,2138,2115.0,-23.0,0,0,,0.0,0.0,0.0,0.0,0.0,2015-07-01,0,0.0,0.0,0.0,0.0,0.0
2015,6,29,1,WN,4904,N951WN,LAX,HOU,1715,1727.0,12.0,23.0,1750.0,200.0,209.0,179.0,1390,2249.0,7.0,2235,2256.0,21.0,0,0,,9.0,0.0,4.0,8.0,0.0,2015-06-29,0,75.0,0.0,33.33,66.67,0.0
2015,6,30,2,DL,1818,N586NW,ATL,MCO,700,659.0,-1.0,13.0,712.0,80.0,78.0,59.0,404,811.0,6.0,820,817.0,-3.0,0,0,,0.0,0.0,0.0,0.0,0.0,2015-06-30,0,0.0,0.0,0.0,0.0,0.0
2015,6,18,4,EV,4521,N16561,MKE,EWR,1035,1045.0,10.0,11.0,1056.0,126.0,134.0,118.0,725,1354.0,5.0,1341,1359.0,18.0,0,0,,8.0,0.0,1.0,9.0,0.0,2015-06-18,0,80.0,0.0,10.0,90.0,0.0
2015,6,29,1,OO,6305,N479CA,DEN,CPR,1524,1515.0,-9.0,22.0,1537.0,64.0,70.0,41.0,230,1618.0,7.0,1628,1625.0,-3.0,0,0,,0.0,0.0,0.0,0.0,0.0,2015-06-29,0,0.0,0.0,0.0,0.0,0.0
2015,7,2,4,AA,2242,N3GTAA,DFW,BNA,1324,1321.0,-3.0,9.0,1330.0,111.0,94.0,80.0,631,1450.0,5.0,1515,1455.0,-20.0,0,0,,0.0,0.0,0.0,0.0,0.0,2015-07-02,0,0.0,0.0,0.0,0.0,0.0
2015,7,22,3,MQ,3454,N694MQ,XNA,ORD,922,917.0,-5.0,9.0,926.0,113.0,94.0,78.0,522,1044.0,7.0,1115,1051.0,-24.0,0,0,,0.0,0.0,0.0,0.0,0.0,2015-07-22,0,0.0,0.0,0.0,0.0,0.0
2015,7,16,4,DL,2295,N377NW,SLC,SAN,835,824.0,-11.0,26.0,850.0,113.0,116.0,86.0,626,916.0,4.0,928,920.0,-8.0,0,0,,0.0,0.0,0.0,0.0,0.0,2015-07-16,0,0.0,0.0,0.0,0.0,0.0
2015,7,7,2,AA,1052,N467AA,ORD,RDU,1157,1152.0,-5.0,16.0,1208.0,122.0,109.0,90.0,646,1438.0,3.0,1459,1441.0,-18.0,0,0,,0.0,0.0,0.0,0.0,0.0,2015-07-07,0,0.0,0.0,0.0,0.0,0.0
2015,7,3,5,DL,2509,N534US,GRR,DTW,655,700.0,5.0,18.0,718.0,53.0,55.0,31.0,120,749.0,6.0,748,755.0,7.0,0,0,,0.0,0.0,0.0,0.0,0.0,2015-07-03,0,0.0,0.0,0.0,0.0,0.0
2015,6,25,4,AA,1060,N3HSAA,TUL,DFW,700,656.0,-4.0,16.0,712.0,70.0,65.0,43.0,237,755.0,6.0,810,801.0,-9.0,0,0,,0.0,0.0,0.0,0.0,0.0,2015-06-25,0,0.0,0.0,0.0,0.0,0.0
2015,7,7,2,AA,1288,N3CPAA,DFW,SNA,1715,1754.0,39.0,37.0,1831.0,192.0,201.0,158.0,1205,1909.0,6.0,1827,1915.0,48.0,0,0,,9.0,0.0,0.0,39.0,0.0,2015-07-07,1,23.08,0.0,0.0,100.0,0.0
2015,6,25,4,B6,2601,N198JB,BUF,JFK,1645,1753.0,68.0,14.0,1807.0,96.0,75.0,58.0,301,1905.0,3.0,1821,1908.0,47.0,0,0,,47.0,0.0,0.0,0.0,0.0,2015-06-25,1,69.12,0.0,0.0,0.0,0.0
2015,7,7,2,OO,2968,N907SW,YUM,PHX,1800,1828.0,28.0,12.0,1840.0,69.0,58.0,36.0,160,1916.0,10.0,1909,1926.0,17.0,0,0,,0.0,0.0,0.0,17.0,0.0,2015-07-07,1,0.0,0.0,0.0,60.71,0.0
2015,6,24,3,EV,4904,N712EV,TYS,DTW,1420,1519.0,59.0,11.0,1530.0,101.0,87.0,70.0,443,1640.0,6.0,1601,1646.0,45.0,0,0,,0.0,0.0,0.0,45.0,0.0,2015-06-24,1,0.0,0.0,0.0,76.27,0.0
2015,6,26,5,AA,1690,N015AA,ATL,LAX,715,715.0,0.0,16.0,731.0,277.0,268.0,238.0,1947,829.0,14.0,852,843.0,-9.0,0,0,,0.0,0.0,0.0,0.0,0.0,2015-06-26,0,0.0,0.0,0.0,0.0,0.0
2015,7,19,7,AA,2423,N3HMAA,MSP,DFW,1520,1513.0,-7.0,18.0,1531.0,147.0,152.0,122.0,852,1733.0,12.0,1747,1745.0,-2.0,0,0,,0.0,0.0,0.0,0.0,0.0,2015-07-19,0,0.0,0.0,0.0,0.0,0.0
2015,7,11,6,WN,4527,N560WN,SAN,LAS,1540,1548.0,8.0,8.0,1556.0,75.0,60.0,43.0,258,1639.0,9.0,1655,1648.0,-7.0,0,0,,0.0,0.0,0.0,0.0,0.0,2015-07-11,0,0.0,0.0,0.0,0.0,0.0
2015,6,23,2,US,469,N546UW,MCO,CLT,520,518.0,-2.0,14.0,532.0,96.0,95.0,74.0,468,646.0,7.0,656,653.0,-3.0,0,0,,0.0,0.0,0.0,0.0,0.0,2015-06-23,0,0.0,0.0,0.0,0.0,0.0
2015,6,27,6,OO,4528,N601XJ,MKE,DTW,550,545.0,-5.0,32.0,617.0,70.0,87.0,47.0,237,804.0,8.0,800,812.0,12.0,0,0,,0.0,0.0,0.0,0.0,0.0,2015-06-27,0,0.0,0.0,0.0,0.0,0.0
2015,7,17,5,HA,213,N481HA,HNL,LIH,1728,1725.0,-3.0,8.0,1733.0,37.0,39.0,21.0,102,1754.0,10.0,1805,1804.0,-1.0,0,0,,0.0,0.0,0.0,0.0,0.0,2015-07-17,0,0.0,0.0,0.0,0.0,0.0
2015,7,8,3,UA,1612,N77258,EWR,DFW,1335,1822.0,287.0,28.0,1850.0,215.0,209.0,173.0,1372,2043.0,8.0,1610,2051.0,281.0,0,0,,0.0,0.0,255.0,26.0,0.0,2015-07-08,1,0.0,0.0,88.85,9.06,0.0
2015,6,17,3,AA,2272,N4XRAA,SAT,DFW,600,554.0,-6.0,13.0,607.0,72.0,64.0,43.0,247,650.0,8.0,712,658.0,-14.0,0,0,,0.0,0.0,0.0,0.0,0.0,2015-06-17,0,0.0,0.0,0.0,0.0,0.0
2015,7,8,3,B6,716,N236JB,JAX,DCA,1305,1258.0,-7.0,10.0,1308.0,115.0,101.0,88.0,634,1436.0,3.0,1500,1439.0,-21.0,0,0,,0.0,0.0,0.0,0.0,0.0,2015-07-08,0,0.0,0.0,0.0,0.0,0.0
2015,6,23,2,HA,391,N490HA,ITO,HNL,2021,2017.0,-4.0,10.0,2027.0,49.0,58.0,41.0,216,2108.0,7.0,2110,2115.0,5.0,0,0,,0.0,0.0,0.0,0.0,0.0,2015-06-23,0,0.0,0.0,0.0,0.0,0.0
2015,6,14,7,NK,976,N603NK,DEN,DTW,1959,2011.0,12.0,13.0,2024.0,166.0,153.0,129.0,1123,33.0,11.0,45,44.0,-1.0,0,0,,0.0,0.0,0.0,0.0,0.0,2015-06-14,0,0.0,0.0,0.0,0.0,0.0
2015,7,18,6,AA,545,N152UW,LAX,PHX,1620,1639.0,19.0,38.0,1717.0,98.0,107.0,61.0,370,1818.0,8.0,1758,1826.0,28.0,0,0,,9.0,0.0,17.0,2.0,0.0,2015-07-18,1,47.37,0.0,89.47,10.53,0.0
2015,7,11,6,WN,3379,N384SW,SAN,TUS,1655,1737.0,42.0,10.0,1747.0,70.0,66.0,52.0,368,1839.0,4.0,1805,1843.0,38.0,0,0,,0.0,0.0,0.0,38.0,0.0,2015-07-11,1,0.0,0.0,0.0,90.48,0.0
2015,7,7,2,WN,1812,N352SW,ATL,AUS,830,829.0,-1.0,26.0,855.0,140.0,136.0,105.0,813,940.0,5.0,950,945.0,-5.0,0,0,,0.0,0.0,0.0,0.0,0.0,2015-07-07,0,0.0,0.0,0.0,0.0,0.0
2015,6,14,7,B6,948,N913JB,LAS,JFK,2238,2308.0,30.0,14.0,2322.0,297.0,298.0,270.0,2248,652.0,14.0,635,706.0,31.0,0,0,,1.0,0.0,7.0,23.0,0.0,2015-06-14,1,3.33,0.0,23.33,76.67,0.0
2015,7,14,2,AA,1855,N128UW,PBI,CLT,1200,1154.0,-6.0,9.0,1203.0,109.0,108.0,89.0,590,1332.0,10.0,1349,1342.0,-7.0,0,0,,0.0,0.0,0.0,0.0,0.0,2015-07-14,0,0.0,0.0,0.0,0.0,0.0
2015,6,16,2,WN,642,N620SW,HOU,SAN,1850,1959.0,69.0,10.0,2009.0,185.0,186.0,171.0,1313,2100.0,5.0,1955,2105.0,70.0,0,0,,1.0,0.0,0.0,69.0,0.0,2015-06-16,1,1.45,0.0,0.0,100.0,0.0
2015,6,22,1,UA,1188,N15712,EWR,ATL,1526,1540.0,14.0,22.0,1602.0,144.0,130.0,98.0,746,1740.0,10.0,1750,1750.0,0.0,0,0,,0.0,0.0,0.0,0.0,0.0,2015-06-22,0,0.0,0.0,0.0,0.0,0.0
2015,6,17,3,EV,4878,N608QX,DTW,BTV,1019,1036.0,17.0,15.0,1051.0,104.0,87.0,68.0,537,1159.0,4.0,1203,1203.0,0.0,0,0,,0.0,0.0,0.0,0.0,0.0,2015-06-17,1,0.0,0.0,0.0,0.0,0.0
2015,6,17,3,AA,2240,N3HEAA,MIA,LGA,1655,1651.0,-4.0,13.0,1704.0,179.0,161.0,142.0,1096,1926.0,6.0,1954,1932.0,-22.0,0,0,,0.0,0.0,0.0,0.0,0.0,2015-06-17,0,0.0,0.0,0.0,0.0,0.0
2015,7,12,7,MQ,3123,N3AEMQ,BNA,ORD,1921,1918.0,-3.0,9.0,1927.0,99.0,90.0,74.0,409,2041.0,7.0,2100,2048.0,-12.0,0,0,,0.0,0.0,0.0,0.0,0.0,2015-07-12,0,0.0,0.0,0.0,0.0,0.0
2015,7,7,2,OO,5566,N138SY,ORD,ATL,1741,1742.0,1.0,39.0,1821.0,129.0,145.0,100.0,606,2101.0,6.0,2050,2107.0,17.0,0,0,,16.0,0.0,1.0,0.0,0.0,2015-07-07,0,1600.0,0.0,100.0,0.0,0.0
2015,7,1,3,DL,1845,N368NW,DEN,LGA,1610,1612.0,2.0,35.0,1647.0,234.0,226.0,183.0,1620,2150.0,8.0,2204,2158.0,-6.0,0,0,,0.0,0.0,0.0,0.0,0.0,2015-07-01,0,0.0,0.0,0.0,0.0,0.0
2015,7,11,6,WN,2125,N522SW,DAL,MSY,840,852.0,12.0,8.0,900.0,80.0,74.0,62.0,436,1002.0,4.0,1000,1006.0,6.0,0,0,,0.0,0.0,0.0,0.0,0.0,2015-07-11,0,0.0,0.0,0.0,0.0,0.0
2015,6,26,5,EV,5373,N853AS,ATL,MGM,2312,2310.0,-2.0,17.0,2327.0,51.0,48.0,27.0,147,2254.0,4.0,2303,2258.0,-5.0,0,0,,0.0,0.0,0.0,0.0,0.0,2015-06-26,0,0.0,0.0,0.0,0.0,0.0
2015,7,10,5,HA,257,N475HA,KOA,HNL,1428,1432.0,4.0,9.0,1441.0,44.0,43.0,29.0,163,1510.0,5.0,1512,1515.0,3.0,0,0,,0.0,0.0,0.0,0.0,0.0,2015-07-10,0,0.0,0.0,0.0,0.0,0.0
2015,7,13,1,WN,354,N495WN,MSP,DEN,605,559.0,-6.0,9.0,608.0,120.0,115.0,101.0,680,649.0,5.0,705,654.0,-11.0,0,0,,0.0,0.0,0.0,0.0,0.0,2015-07-13,0,0.0,0.0,0.0,0.0,0.0
2015,6,24,3,AA,1261,N4XEAA,LAX,AUS,1155,1154.0,-1.0,15.0,1209.0,182.0,178.0,159.0,1242,1648.0,4.0,1657,1652.0,-5.0,0,0,,0.0,0.0,0.0,0.0,0.0,2015-06-24,0,0.0,0.0,0.0,0.0,0.0
2015,7,7,2,NK,298,N622NK,LAS,IAH,3,4.0,1.0,13.0,17.0,177.0,183.0,153.0,1222,450.0,17.0,500,507.0,7.0,0,0,,0.0,0.0,0.0,0.0,0.0,2015-07-07,0,0.0,0.0,0.0,0.0,0.0
2015,7,3,5,AA,680,N660AW,PHX,DCA,1240,1240.0,0.0,9.0,1249.0,264.0,240.0,225.0,1979,1934.0,6.0,2004,1940.0,-24.0,0,0,,0.0,0.0,0.0,0.0,0.0,2015-07-03,0,0.0,0.0,0.0,0.0,0.0
2015,7,21,2,DL,176,N903DE,DFW,ATL,1550,1549.0,-1.0,18.0,1607.0,138.0,124.0,98.0,731,1845.0,8.0,1908,1853.0,-15.0,0,0,,0.0,0.0,0.0,0.0,0.0,2015-07-21,0,0.0,0.0,0.0,0.0,0.0
2015,6,14,7,AA,1401,N437AA,ORD,DFW,1904,1905.0,1.0,27.0,1932.0,154.0,146.0,116.0,802,2128.0,3.0,2138,2131.0,-7.0,0,0,,0.0,0.0,0.0,0.0,0.0,2015-06-14,0,0.0,0.0,0.0,0.0,0.0
2015,6,30,2,UA,2000,N832UA,SFO,PHX,1127,1128.0,1.0,19.0,1147.0,129.0,119.0,97.0,651,1324.0,3.0,1336,1327.0,-9.0,0,0,,0.0,0.0,0.0,0.0,0.0,2015-06-30,0,0.0,0.0,0.0,0.0,0.0
2015,6,19,5,WN,1276,N919WN,PHX,ONT,540,537.0,-3.0,10.0,547.0,70.0,63.0,49.0,325,636.0,4.0,650,640.0,-10.0,0,0,,0.0,0.0,0.0,0.0,0.0,2015-06-19,0,0.0,0.0,0.0,0.0,0.0
2015,7,5,7,WN,1529,N767SW,DAL,MDW,745,746.0,1.0,11.0,757.0,130.0,132.0,116.0,793,953.0,5.0,955,958.0,3.0,0,0,,0.0,0.0,0.0,0.0,0.0,2015-07-05,0,0.0,0.0,0.0,0.0,0.0
2015,7,18,6,AS,150,N307AS,ANC,LAX,2310,2304.0,-6.0,11.0,2315.0,322.0,300.0,282.0,2345,457.0,7.0,532,504.0,-28.0,0,0,,0.0,0.0,0.0,0.0,0.0,2015-07-18,0,0.0,0.0,0.0,0.0,0.0
2015,6,22,1,DL,2087,N362NW,MSP,MCI,701,654.0,-7.0,12.0,706.0,87.0,101.0,83.0,393,829.0,6.0,828,835.0,7.0,0,0,,0.0,0.0,0.0,0.0,0.0,2015-06-22,0,0.0,0.0,0.0,0.0,0.0
2015,6,21,7,MQ,3394,N906MQ,CMI,ORD,959,957.0,-2.0,15.0,1012.0,63.0,61.0,38.0,135,1050.0,8.0,1102,1058.0,-4.0,0,0,,0.0,0.0,0.0,0.0,0.0,2015-06-21,0,0.0,0.0,0.0,0.0,0.0
2015,6,27,6,OO,2788,N899SK,ABQ,PHX,1835,1922.0,47.0,34.0,1956.0,93.0,104.0,64.0,328,2000.0,6.0,1908,2006.0,58.0,0,0,,11.0,0.0,0.0,47.0,0.0,2015-06-27,1,23.4,0.0,0.0,100.0,0.0
2015,6,28,7,UA,1686,N23707,CLE,DEN,905,902.0,-3.0,11.0,913.0,195.0,193.0,169.0,1201,1002.0,13.0,1020,1015.0,-5.0,0,0,,0.0,0.0,0.0,0.0,0.0,2015-06-28,0,0.0,0.0,0.0,0.0,0.0
2015,7,2,4,DL,921,N583NW,MSP,MKE,705,701.0,-4.0,24.0,725.0,69.0,75.0,49.0,297,814.0,2.0,814,816.0,2.0,0,0,,0.0,0.0,0.0,0.0,0.0,2015-07-02,0,0.0,0.0,0.0,0.0,0.0
2015,7,4,6,B6,803,N794JB,JFK,SJU,1653,1654.0,1.0,22.0,1716.0,251.0,226.0,201.0,1598,2037.0,3.0,2104,2040.0,-24.0,0,0,,0.0,0.0,0.0,0.0,0.0,2015-07-04,0,0.0,0.0,0.0,0.0,0.0
2015,7,14,2,WN,3573,N928WN,ATL,DCA,2050,132.0,282.0,19.0,151.0,100.0,98.0,74.0,547,305.0,5.0,2230,310.0,280.0,0,0,,0.0,0.0,280.0,0.0,0.0,2015-07-14,1,0.0,0.0,99.29,0.0,0.0
2015,7,12,7,DL,2176,N925DL,BNA,ATL,1725,1729.0,4.0,34.0,1803.0,72.0,83.0,38.0,214,1941.0,11.0,1937,1952.0,15.0,0,0,,15.0,0.0,0.0,0.0,0.0,2015-07-12,0,375.0,0.0,0.0,0.0,0.0
2015,6,19,5,OO,4785,N613QX,SJC,SEA,1243,1247.0,4.0,12.0,1259.0,130.0,123.0,103.0,697,1442.0,8.0,1453,1450.0,-3.0,0,0,,0.0,0.0,0.0,0.0,0.0,2015-06-19,0,0.0,0.0,0.0,0.0,0.0
2015,7,14,2,DL,2466,N130DL,PDX,ATL,850,849.0,-1.0,15.0,904.0,284.0,273.0,250.0,2172,1614.0,8.0,1634,1622.0,-12.0,0,0,,0.0,0.0,0.0,0.0,0.0,2015-07-14,0,0.0,0.0,0.0,0.0,0.0
2015,6,24,3,MQ,3078,N651MQ,ORD,GRR,1659,1655.0,-4.0,9.0,1704.0,65.0,40.0,25.0,137,1829.0,6.0,1904,1835.0,-29.0,0,0,,0.0,0.0,0.0,0.0,0.0,2015-06-24,0,0.0,0.0,0.0,0.0,0.0
2015,6,29,1,WN,2320,N8318F,HOU,LAS,1930,1949.0,19.0,6.0,1955.0,185.0,166.0,155.0,1235,2030.0,5.0,2035,2035.0,0.0,0,0,,0.0,0.0,0.0,0.0,0.0,2015-06-29,1,0.0,0.0,0.0,0.0,0.0
2015,7,4,6,UA,1411,N36247,IAH,PDX,2119,2120.0,1.0,19.0,2139.0,261.0,248.0,226.0,1825,2325.0,3.0,2340,2328.0,-12.0,0,0,,0.0,0.0,0.0,0.0,0.0,2015-07-04,0,0.0,0.0,0.0,0.0,0.0
2015,7,14,2,EV,2629,N879AS,CHA,DFW,602,554.0,-8.0,16.0,610.0,130.0,133.0,108.0,695,658.0,9.0,712,707.0,-5.0,0,0,,0.0,0.0,0.0,0.0,0.0,2015-07-14,0,0.0,0.0,0.0,0.0,0.0
2015,7,10,5,MQ,3076,N608MQ,ORD,MSN,1646,1642.0,-4.0,18.0,1700.0,59.0,47.0,26.0,108,1726.0,3.0,1745,1729.0,-16.0,0,0,,0.0,0.0,0.0,0.0,0.0,2015-07-10,0,0.0,0.0,0.0,0.0,0.0
2015,6,23,2,AA,1580,N3JGAA,PHL,DFW,520,520.0,0.0,20.0,540.0,209.0,194.0,167.0,1303,727.0,7.0,749,734.0,-15.0,0,0,,0.0,0.0,0.0,0.0,0.0,2015-06-23,0,0.0,0.0,0.0,0.0,0.0
2015,6,14,7,DL,1765,N672DL,RSW,ATL,1440,1455.0,15.0,11.0,1506.0,114.0,105.0,81.0,515,1627.0,13.0,1634,1640.0,6.0,0,0,,0.0,0.0,0.0,0.0,0.0,2015-06-14,0,0.0,0.0,0.0,0.0,0.0
2015,7,1,3,DL,1743,N952DL,CLE,ATL,725,722.0,-3.0,11.0,733.0,110.0,97.0,77.0,554,850.0,9.0,915,859.0,-16.0,0,0,,0.0,0.0,0.0,0.0,0.0,2015-07-01,0,0.0,0.0,0.0,0.0,0.0
2015,6,20,6,UA,1164,N26208,IAH,FLL,1022,1024.0,2.0,17.0,1041.0,156.0,143.0,123.0,966,1344.0,3.0,1358,1347.0,-11.0,0,0,,0.0,0.0,0.0,0.0,0.0,2015-06-20,0,0.0,0.0,0.0,0.0,0.0
2015,6,23,2,EV,5159,N872AS,LFT,ATL,1805,2117.0,192.0,12.0,2129.0,103.0,90.0,74.0,503,2343.0,4.0,2048,2347.0,179.0,0,0,,0.0,0.0,177.0,2.0,0.0,2015-06-23,1,0.0,0.0,92.19,1.04,0.0
2015,6,18,4,WN,104,N203WN,MDW,MSP,2210,2243.0,33.0,9.0,2252.0,80.0,75.0,59.0,349,2351.0,7.0,2330,2358.0,28.0,0,0,,0.0,0.0,0.0,28.0,0.0,2015-06-18,1,0.0,0.0,0.0,84.85,0.0
2015,6,27,6,WN,1491,N211WN,HOU,SEA,920,1137.0,137.0,6.0,1143.0,275.0,259.0,247.0,1894,1350.0,6.0,1155,1356.0,121.0,0,0,,0.0,0.0,121.0,0.0,0.0,2015-06-27,1,0.0,0.0,88.32,0.0,0.0
2015,6,22,1,WN,3314,N752SW,PIT,MDW,1055,1050.0,-5.0,12.0,1102.0,85.0,84.0,66.0,402,1108.0,6.0,1120,1114.0,-6.0,0,0,,0.0,0.0,0.0,0.0,0.0,2015-06-22,0,0.0,0.0,0.0,0.0,0.0
2015,7,17,5,WN,58,N522SW,ELP,HOU,1615,1610.0,-5.0,18.0,1628.0,115.0,116.0,93.0,677,1901.0,5.0,1910,1906.0,-4.0,0,0,,0.0,0.0,0.0,0.0,0.0,2015-07-17,0,0.0,0.0,0.0,0.0,0.0
2015,6,21,7,B6,584,N950JB,MCO,JFK,935,928.0,-7.0,24.0,952.0,156.0,163.0,133.0,944,1205.0,6.0,1211,1211.0,0.0,0,0,,0.0,0.0,0.0,0.0,0.0,2015-06-21,0,0.0,0.0,0.0,0.0,0.0
2015,7,17,5,UA,1267,N37464,DEN,LAX,1845,1849.0,4.0,15.0,1904.0,152.0,148.0,122.0,862,2006.0,11.0,2017,2017.0,0.0,0,0,,0.0,0.0,0.0,0.0,0.0,2015-07-17,0,0.0,0.0,0.0,0.0,0.0
2015,7,8,3,DL,2474,N3733Z,JFK,SJU,910,908.0,-2.0,30.0,938.0,240.0,230.0,197.0,1598,1255.0,3.0,1310,1258.0,-12.0,0,0,,0.0,0.0,0.0,0.0,0.0,2015-07-08,0,0.0,0.0,0.0,0.0,0.0
2015,7,17,5,DL,1977,N926DH,ATL,ORD,1605,1602.0,-3.0,10.0,1612.0,135.0,144.0,117.0,606,1709.0,17.0,1720,1726.0,6.0,0,0,,0.0,0.0,0.0,0.0,0.0,2015-07-17,0,0.0,0.0,0.0,0.0,0.0
2015,6,16,2,EV,4680,N12142,IAH,OMA,1702,1933.0,151.0,19.0,1952.0,136.0,124.0,100.0,781,2132.0,5.0,1918,2137.0,139.0,0,0,,0.0,0.0,0.0,139.0,0.0,2015-06-16,1,0.0,0.0,0.0,92.05,0.0
2015,7,13,1,WN,476,N947WN,LGA,DEN,1005,1000.0,-5.0,42.0,1042.0,265.0,285.0,225.0,1620,1227.0,18.0,1230,1245.0,15.0,0,0,,15.0,0.0,0.0,0.0,0.0,2015-07-13,0,-300.0,-0.0,-0.0,-0.0,-0.0
2015,6,30,2,DL,856,N818DA,SAN,JFK,1250,1438.0,108.0,21.0,1459.0,340.0,355.0,325.0,2446,2324.0,9.0,2130,2333.0,123.0,0,0,,123.0,0.0,0.0,0.0,0.0,2015-06-30,1,113.89,0.0,0.0,0.0,0.0
2015,7,10,5,WN,889,N600WN,BNA,BWI,1750,1810.0,20.0,10.0,1820.0,105.0,112.0,81.0,587,2041.0,21.0,2035,2102.0,27.0,0,0,,7.0,0.0,1.0,19.0,0.0,2015-07-10,1,35.0,0.0,5.0,95.0,0.0
2015,6,28,7,AA,1187,N020AA,LAX,AUS,1420,1412.0,-8.0,19.0,1431.0,182.0,184.0,161.0,1242,1912.0,4.0,1922,1916.0,-6.0,0,0,,0.0,0.0,0.0,0.0,0.0,2015-06-28,0,0.0,0.0,0.0,0.0,0.0
2015,6,19,5,B6,1171,N618JB,LGA,FLL,1441,1436.0,-5.0,29.0,1505.0,193.0,181.0,144.0,1076,1729.0,8.0,1754,1737.0,-17.0,0,0,,0.0,0.0,0.0,0.0,0.0,2015-06-19,0,0.0,0.0,0.0,0.0,0.0
2015,6,29,1,WN,1907,N244WN,RNO,LAS,1625,1622.0,-3.0,12.0,1634.0,75.0,71.0,53.0,345,1727.0,6.0,1740,1733.0,-7.0,0,0,,0.0,0.0,0.0,0.0,0.0,2015-06-29,0,0.0,0.0,0.0,0.0,0.0
2015,6,22,1,DL,2581,N915DN,STL,MSP,1515,1537.0,22.0,11.0,1548.0,93.0,82.0,66.0,448,1654.0,5.0,1648,1659.0,11.0,0,0,,0.0,0.0,0.0,0.0,0.0,2015-06-22,1,0.0,0.0,0.0,0.0,0.0
2015,6,20,6,MQ,3215,N620MQ,ROW,DFW,700,658.0,-2.0,4.0,702.0,95.0,95.0,71.0,435,913.0,20.0,935,933.0,-2.0,0,0,,0.0,0.0,0.0,0.0,0.0,2015-06-20,0,0.0,0.0,0.0,0.0,0.0
2015,7,12,7,DL,147,N584NW,SLC,ATL,1350,1400.0,10.0,17.0,1417.0,229.0,208.0,183.0,1590,1920.0,8.0,1939,1928.0,-11.0,0,0,,0.0,0.0,0.0,0.0,0.0,2015-07-12,0,0.0,0.0,0.0,0.0,0.0
2015,6,19,5,B6,1717,N520JB,LGA,TPA,729,725.0,-4.0,11.0,736.0,173.0,149.0,135.0,1010,951.0,3.0,1022,954.0,-28.0,0,0,,0.0,0.0,0.0,0.0,0.0,2015-06-19,0,0.0,0.0,0.0,0.0,0.0
2015,7,3,5,UA,1906,N33292,IAH,LGA,720,741.0,21.0,26.0,807.0,219.0,223.0,194.0,1416,1221.0,3.0,1159,1224.0,25.0,0,0,,4.0,0.0,21.0,0.0,0.0,2015-07-03,1,19.05,0.0,100.0,0.0,0.0
2015,6,29,1,WN,4170,N7818L,LAS,SAN,1020,1019.0,-1.0,12.0,1031.0,65.0,73.0,43.0,258,1114.0,18.0,1125,1132.0,7.0,0,0,,0.0,0.0,0.0,0.0,0.0,2015-06-29,0,0.0,0.0,0.0,0.0,0.0
2015,6,30,2,WN,200,N205WN,CAK,BOS,1645,1640.0,-5.0,11.0,1651.0,100.0,99.0,76.0,549,1807.0,12.0,1825,1819.0,-6.0,0,0,,0.0,0.0,0.0,0.0,0.0,2015-06-30,0,0.0,0.0,0.0,0.0,0.0
2015,7,20,1,AA,1824,N955UW,BOS,PHL,830,826.0,-4.0,24.0,850.0,90.0,86.0,57.0,280,947.0,5.0,1000,952.0,-8.0,0,0,,0.0,0.0,0.0,0.0,0.0,2015-07-20,0,0.0,0.0,0.0,0.0,0.0
2015,7,21,2,WN,282,N8626B,SJU,MCO,1845,1850.0,5.0,13.0,1903.0,180.0,172.0,151.0,1189,2134.0,8.0,2145,2142.0,-3.0,0,0,,0.0,0.0,0.0,0.0,0.0,2015-07-21,0,0.0,0.0,0.0,0.0,0.0
2015,7,10,5,OO,4641,N823SK,SLC,FAT,2010,2009.0,-1.0,20.0,2029.0,97.0,100.0,76.0,501,2045.0,4.0,2047,2049.0,2.0,0,0,,0.0,0.0,0.0,0.0,0.0,2015-07-10,0,0.0,0.0,0.0,0.0,0.0
2015,7,15,3,DL,1942,N922AT,ATL,EWR,1235,1324.0,49.0,9.0,1333.0,143.0,156.0,137.0,746,1550.0,10.0,1458,1600.0,62.0,0,0,,62.0,0.0,0.0,0.0,0.0,2015-07-15,1,126.53,0.0,0.0,0.0,0.0
2015,6,29,1,WN,3593,N436WN,MCO,PVD,2120,2134.0,14.0,9.0,2143.0,155.0,143.0,128.0,1072,2351.0,6.0,2355,2357.0,2.0,0,0,,0.0,0.0,0.0,0.0,0.0,2015-06-29,0,0.0,0.0,0.0,0.0,0.0
2015,6,16,2,DL,2130,N966DL,CVG,ATL,1835,1840.0,5.0,16.0,1856.0,102.0,90.0,68.0,373,2004.0,6.0,2017,2010.0,-7.0,0,0,,0.0,0.0,0.0,0.0,0.0,2015-06-16,0,0.0,0.0,0.0,0.0,0.0
2015,7,22,3,UA,1290,N38443,ORD,BWI,1410,1422.0,12.0,15.0,1437.0,122.0,101.0,82.0,622,1659.0,4.0,1712,1703.0,-9.0,0,0,,0.0,0.0,0.0,0.0,0.0,2015-07-22,0,0.0,0.0,0.0,0.0,0.0
2015,6,25,4,US,510,N663AW,DCA,LAS,825,819.0,-6.0,42.0,901.0,308.0,336.0,285.0,2089,1046.0,9.0,1033,1055.0,22.0,0,0,,22.0,0.0,0.0,0.0,0.0,2015-06-25,0,-366.67,-0.0,-0.0,-0.0,-0.0
2015,7,3,5,MQ,3580,N641MQ,JFK,BNA,1500,1504.0,4.0,19.0,1523.0,167.0,137.0,113.0,765,1616.0,5.0,1647,1621.0,-26.0,0,0,,0.0,0.0,0.0,0.0,0.0,2015-07-03,0,0.0,0.0,0.0,0.0,0.0
2015,6,16,2,OO,7407,N8903A,SLC,TWF,2200,2155.0,-5.0,14.0,2209.0,47.0,46.0,29.0,175,2238.0,3.0,2247,2241.0,-6.0,0,0,,0.0,0.0,0.0,0.0,0.0,2015-06-16,0,0.0,0.0,0.0,0.0,0.0
2015,6,18,4,MQ,3330,N543MQ,ORD,OKC,1339,1338.0,-1.0,21.0,1359.0,127.0,133.0,103.0,693,1542.0,9.0,1546,1551.0,5.0,0,0,,0.0,0.0,0.0,0.0,0.0,2015-06-18,0,0.0,0.0,0.0,0.0,0.0
2015,7,11,6,AA,1111,N3BWAA,LGA,DFW,654,651.0,-3.0,12.0,703.0,227.0,208.0,182.0,1389,905.0,14.0,941,919.0,-22.0,0,0,,0.0,0.0,0.0,0.0,0.0,2015-07-11,0,0.0,0.0,0.0,0.0,0.0
2015,7,6,1,MQ,3513,N843MQ,LGA,RIC,2120,2223.0,63.0,16.0,2239.0,83.0,69.0,48.0,292,2327.0,5.0,2243,2332.0,49.0,0,0,,0.0,0.0,0.0,49.0,0.0,2015-07-06,1,0.0,0.0,0.0,77.78,0.0
2015,7,10,5,B6,759,N179JB,BOS,PHL,1210,1205.0,-5.0,15.0,1220.0,94.0,85.0,63.0,280,1323.0,7.0,1344,1330.0,-14.0,0,0,,0.0,0.0,0.0,0.0,0.0,2015-07-10,0,0.0,0.0,0.0,0.0,0.0
2015,7,15,3,AA,327,N3AVAA,DEN,ORD,705,703.0,-2.0,15.0,718.0,149.0,148.0,113.0,888,1011.0,20.0,1034,1031.0,-3.0,0,0,,0.0,0.0,0.0,0.0,0.0,2015-07-15,0,0.0,0.0,0.0,0.0,0.0
2015,7,20,1,AA,1312,N3DMAA,PHX,JFK,1235,1231.0,-4.0,17.0,1248.0,301.0,275.0,250.0,2153,1958.0,8.0,2036,2006.0,-30.0,0,0,,0.0,0.0,0.0,0.0,0.0,2015-07-20,0,0.0,0.0,0.0,0.0,0.0
2015,6,14,7,NK,501,N508NK,MCI,LAS,2103,2127.0,24.0,9.0,2136.0,183.0,182.0,151.0,1139,2207.0,22.0,2206,2229.0,23.0,0,0,,0.0,0.0,0.0,23.0,0.0,2015-06-14,1,0.0,0.0,0.0,95.83,0.0
2015,7,15,3,EV,5781,N14125,IAH,LFT,1343,1336.0,-7.0,13.0,1349.0,61.0,57.0,37.0,201,1426.0,7.0,1444,1433.0,-11.0,0,0,,0.0,0.0,0.0,0.0,0.0,2015-07-15,0,0.0,0.0,0.0,0.0,0.0
2015,7,15,3,EV,5931,N14907,JAN,ORD,1237,1229.0,-8.0,8.0,1237.0,142.0,120.0,105.0,677,1422.0,7.0,1459,1429.0,-30.0,0,0,,0.0,0.0,0.0,0.0,0.0,2015-07-15,0,0.0,0.0,0.0,0.0,0.0
2015,7,1,3,WN,539,N497WN,DEN,SMF,2215,2212.0,-3.0,10.0,2222.0,145.0,137.0,121.0,909,2323.0,6.0,2340,2329.0,-11.0,0,0,,0.0,0.0,0.0,0.0,0.0,2015-07-01,0,0.0,0.0,0.0,0.0,0.0
2015,7,1,3,AA,1863,N967UW,RDU,PHL,655,647.0,-8.0,13.0,700.0,85.0,72.0,56.0,337,756.0,3.0,820,759.0,-21.0,0,0,,0.0,0.0,0.0,0.0,0.0,2015-07-01,0,0.0,0.0,0.0,0.0,0.0
2015,6,14,7,OO,4969,N982SW,DEN,LBB,955,955.0,0.0,32.0,1027.0,86.0,102.0,63.0,456,1230.0,7.0,1221,1237.0,16.0,0,0,,16.0,0.0,0.0,0.0,0.0,2015-06-14,0,inf,0.0,0.0,0.0,0.0
2015,6,25,4,MQ,3691,N819MQ,EVV,ORD,616,641.0,25.0,11.0,652.0,93.0,86.0,54.0,272,746.0,21.0,749,807.0,18.0,0,0,,18.0,0.0,0.0,0.0,0.0,2015-06-25,1,72.0,0.0,0.0,0.0,0.0
2015,6,29,1,WN,1116,N442WN,SEA,MDW,1800,1758.0,-2.0,17.0,1815.0,245.0,228.0,206.0,1733,2341.0,5.0,5,2346.0,-19.0,0,0,,0.0,0.0,0.0,0.0,0.0,2015-06-29,0,0.0,0.0,0.0,0.0,0.0
2015,7,16,4,WN,988,N458WN,MDW,RDU,645,645.0,0.0,9.0,654.0,105.0,100.0,88.0,632,922.0,3.0,930,925.0,-5.0,0,0,,0.0,0.0,0.0,0.0,0.0,2015-07-16,0,0.0,0.0,0.0,0.0,0.0
2015,7,9,4,WN,537,N472WN,IND,LAS,2030,2037.0,7.0,9.0,2046.0,235.0,228.0,214.0,1590,2120.0,5.0,2125,2125.0,0.0,0,0,,0.0,0.0,0.0,0.0,0.0,2015-07-09,0,0.0,0.0,0.0,0.0,0.0
2015,7,9,4,DL,1790,N804DN,SAT,ATL,1309,1311.0,2.0,17.0,1328.0,151.0,143.0,120.0,874,1628.0,6.0,1640,1634.0,-6.0,0,0,,0.0,0.0,0.0,0.0,0.0,2015-07-09,0,0.0,0.0,0.0,0.0,0.0
2015,6,20,6,US,1712,N660AW,PDX,PHX,1115,1114.0,-1.0,14.0,1128.0,154.0,156.0,135.0,1009,1343.0,7.0,1349,1350.0,1.0,0,0,,0.0,0.0,0.0,0.0,0.0,2015-06-20,0,0.0,0.0,0.0,0.0,0.0
2015,7,17,5,OO,6486,N980SW,DEN,MSO,1905,1859.0,-6.0,16.0,1915.0,123.0,126.0,101.0,679,2056.0,9.0,2108,2105.0,-3.0,0,0,,0.0,0.0,0.0,0.0,0.0,2015-07-17,0,0.0,0.0,0.0,0.0,0.0
2015,7,5,7,OO,4776,N427SW,FSD,MSP,1109,1101.0,-8.0,18.0,1119.0,61.0,59.0,34.0,196,1153.0,7.0,1210,1200.0,-10.0,0,0,,0.0,0.0,0.0,0.0,0.0,2015-07-05,0,0.0,0.0,0.0,0.0,0.0
2015,7,11,6,EV,6069,N14920,DAY,ORD,1011,1000.0,-11.0,10.0,1010.0,72.0,68.0,46.0,240,956.0,12.0,1023,1008.0,-15.0,0,0,,0.0,0.0,0.0,0.0,0.0,2015-07-11,0,0.0,0.0,0.0,0.0,0.0
2015,7,4,6,WN,2321,N376SW,DEN,OMA,1850,1857.0,7.0,8.0,1905.0,85.0,76.0,65.0,472,2110.0,3.0,2115,2113.0,-2.0,0,0,,0.0,0.0,0.0,0.0,0.0,2015-07-04,0,0.0,0.0,0.0,0.0,0.0
2015,6,24,3,MQ,3159,N638MQ,DFW,SJT,1655,1657.0,2.0,16.0,1713.0,64.0,68.0,48.0,229,1801.0,4.0,1759,1805.0,6.0,0,0,,0.0,0.0,0.0,0.0,0.0,2015-06-24,0,0.0,0.0,0.0,0.0,0.0
2015,7,15,3,AA,1836,N562UW,ATL,PHX,815,809.0,-6.0,19.0,828.0,240.0,256.0,202.0,1587,850.0,35.0,915,925.0,10.0,0,0,,0.0,0.0,0.0,0.0,0.0,2015-07-15,0,0.0,0.0,0.0,0.0,0.0
2015,7,19,7,EV,5429,N916EV,ATL,MLU,1950,1950.0,0.0,15.0,2005.0,94.0,81.0,63.0,448,2008.0,3.0,2024,2011.0,-13.0,0,0,,0.0,0.0,0.0,0.0,0.0,2015-07-19,0,0.0,0.0,0.0,0.0,0.0
2015,7,7,2,VX,762,N853VA,DAL,LGA,700,655.0,-5.0,13.0,708.0,195.0,202.0,179.0,1381,1107.0,10.0,1115,1117.0,2.0,0,0,,0.0,0.0,0.0,0.0,0.0,2015-07-07,0,0.0,0.0,0.0,0.0,0.0
2015,7,16,4,EV,4882,N839AS,AGS,ATL,800,802.0,2.0,12.0,814.0,63.0,59.0,37.0,143,851.0,10.0,903,901.0,-2.0,0,0,,0.0,0.0,0.0,0.0,0.0,2015-07-16,0,0.0,0.0,0.0,0.0,0.0
2015,7,22,3,WN,21,N900WN,HOU,PDX,1345,1348.0,3.0,6.0,1354.0,265.0,262.0,238.0,1843,1552.0,18.0,1610,1610.0,0.0,0,0,,0.0,0.0,0.0,0.0,0.0,2015-07-22,0,0.0,0.0,0.0,0.0,0.0
2015,7,11,6,AA,1430,N3ADAA,DFW,BOS,1345,1344.0,-1.0,17.0,1401.0,229.0,218.0,196.0,1562,1817.0,5.0,1834,1822.0,-12.0,0,0,,0.0,0.0,0.0,0.0,0.0,2015-07-11,0,0.0,0.0,0.0,0.0,0.0
2015,7,13,1,B6,1206,N607JB,PDX,JFK,2226,2222.0,-4.0,15.0,2237.0,306.0,299.0,281.0,2454,618.0,3.0,632,621.0,-11.0,0,0,,0.0,0.0,0.0,0.0,0.0,2015-07-13,0,0.0,0.0,0.0,0.0,0.0
2015,7,17,5,AA,1561,N501AA,DFW,AUS,1009,1003.0,-6.0,13.0,1016.0,55.0,49.0,32.0,190,1048.0,4.0,1104,1052.0,-12.0,0,0,,0.0,0.0,0.0,0.0,0.0,2015-07-17,0,0.0,0.0,0.0,0.0,0.0
2015,7,18,6,DL,1635,N971AT,FLL,JFK,725,726.0,1.0,11.0,737.0,170.0,166.0,137.0,1069,954.0,18.0,1015,1012.0,-3.0,0,0,,0.0,0.0,0.0,0.0,0.0,2015-07-18,0,0.0,0.0,0.0,0.0,0.0
2015,7,11,6,WN,2108,N451WN,IND,MCO,1750,1846.0,56.0,11.0,1857.0,140.0,129.0,108.0,829,2045.0,10.0,2010,2055.0,45.0,0,0,,0.0,0.0,45.0,0.0,0.0,2015-07-11,1,0.0,0.0,80.36,0.0,0.0
2015,7,5,7,EV,5023,N925EV,MOB,ATL,1743,1736.0,-7.0,18.0,1754.0,77.0,81.0,53.0,302,1947.0,10.0,2000,1957.0,-3.0,0,0,,0.0,0.0,0.0,0.0,0.0,2015-07-05,0,0.0,0.0,0.0,0.0,0.0
2015,6,15,1,OO,2878,N869AS,ABQ,LAX,605,604.0,-1.0,10.0,614.0,116.0,107.0,92.0,677,646.0,5.0,701,651.0,-10.0,0,0,,0.0,0.0,0.0,0.0,0.0,2015-06-15,0,0.0,0.0,0.0,0.0,0.0
2015,6,17,3,AA,1032,N438AA,SAT,DFW,500,456.0,-4.0,10.0,506.0,68.0,61.0,44.0,247,550.0,7.0,608,557.0,-11.0,0,0,,0.0,0.0,0.0,0.0,0.0,2015-06-17,0,0.0,0.0,0.0,0.0,0.0
2015,7,15,3,AA,797,N580UW,PHL,LAX,730,726.0,-4.0,23.0,749.0,349.0,326.0,294.0,2402,943.0,9.0,1019,952.0,-27.0,0,0,,0.0,0.0,0.0,0.0,0.0,2015-07-15,0,0.0,0.0,0.0,0.0,0.0
2015,7,5,7,DL,1826,N820DN,FLL,ATL,1550,1546.0,-4.0,19.0,1605.0,125.0,111.0,87.0,581,1732.0,5.0,1755,1737.0,-18.0,0,0,,0.0,0.0,0.0,0.0,0.0,2015-07-05,0,0.0,0.0,0.0,0.0,0.0
2015,7,2,4,WN,3133,N7734H,SAN,PHX,1505,1544.0,39.0,8.0,1552.0,70.0,70.0,53.0,304,1645.0,9.0,1615,1654.0,39.0,0,0,,0.0,0.0,8.0,31.0,0.0,2015-07-02,1,0.0,0.0,20.51,79.49,0.0
2015,6,19,5,DL,195,N355NW,PHL,SLC,1638,1632.0,-6.0,15.0,1647.0,296.0,271.0,253.0,1927,1900.0,3.0,1934,1903.0,-31.0,0,0,,0.0,0.0,0.0,0.0,0.0,2015-06-19,0,0.0,0.0,0.0,0.0,0.0
2015,7,3,5,WN,2504,N8621A,PHX,MDW,1520,1530.0,10.0,8.0,1538.0,210.0,194.0,179.0,1444,2037.0,7.0,2050,2044.0,-6.0,0,0,,0.0,0.0,0.0,0.0,0.0,2015-07-03,0,0.0,0.0,0.0,0.0,0.0
2015,6,16,2,WN,1778,N902WN,DCA,STL,1215,1216.0,1.0,17.0,1233.0,130.0,125.0,105.0,719,1318.0,3.0,1325,1321.0,-4.0,0,0,,0.0,0.0,0.0,0.0,0.0,2015-06-16,0,0.0,0.0,0.0,0.0,0.0
2015,7,5,7,OO,5429,N967SW,ORD,MKG,859,851.0,-8.0,15.0,906.0,55.0,48.0,27.0,118,1033.0,6.0,1054,1039.0,-15.0,0,0,,0.0,0.0,0.0,0.0,0.0,2015-07-05,0,0.0,0.0,0.0,0.0,0.0
2015,6,24,3,EV,4750,N15574,FSD,ORD,1123,1113.0,-10.0,27.0,1140.0,100.0,114.0,68.0,462,1248.0,19.0,1303,1307.0,4.0,0,0,,0.0,0.0,0.0,0.0,0.0,2015-06-24,0,0.0,0.0,0.0,0.0,0.0
2015,7,20,1,DL,2292,N910DN,PHX,MSP,905,856.0,-9.0,23.0,919.0,187.0,182.0,153.0,1276,1352.0,6.0,1412,1358.0,-14.0,0,0,,0.0,0.0,0.0,0.0,0.0,2015-07-20,0,0.0,0.0,0.0,0.0,0.0
2015,7,20,1,AA,999,N3JMAA,JFK,ORD,705,702.0,-3.0,20.0,722.0,166.0,152.0,119.0,740,821.0,13.0,851,834.0,-17.0,0,0,,0.0,0.0,0.0,0.0,0.0,2015-07-20,0,0.0,0.0,0.0,0.0,0.0
2015,6,26,5,EV,5009,N936EV,CAE,LGA,1700,1654.0,-6.0,10.0,1704.0,119.0,109.0,90.0,617,1834.0,9.0,1859,1843.0,-16.0,0,0,,0.0,0.0,0.0,0.0,0.0,2015-06-26,0,0.0,0.0,0.0,0.0,0.0
2015,6,24,3,WN,480,N8303R,DEN,LAX,820,818.0,-2.0,20.0,838.0,145.0,155.0,114.0,862,932.0,21.0,945,953.0,8.0,0,0,,0.0,0.0,0.0,0.0,0.0,2015-06-24,0,0.0,0.0,0.0,0.0,0.0
2015,7,16,4,B6,814,N304JB,FLL,HPN,1841,1840.0,-1.0,16.0,1856.0,179.0,183.0,161.0,1097,2137.0,6.0,2140,2143.0,3.0,0,0,,0.0,0.0,0.0,0.0,0.0,2015-07-16,0,0.0,0.0,0.0,0.0,0.0
2015,7,16,4,OO,5514,N758SK,DEN,EUG,2208,2221.0,13.0,12.0,2233.0,165.0,145.0,128.0,996,2341.0,5.0,2353,2346.0,-7.0,0,0,,0.0,0.0,0.0,0.0,0.0,2015-07-16,0,0.0,0.0,0.0,0.0,0.0
2015,6,19,5,WN,2952,N473WN,HOU,PHX,645,641.0,-4.0,11.0,652.0,155.0,156.0,143.0,1020,715.0,2.0,720,717.0,-3.0,0,0,,0.0,0.0,0.0,0.0,0.0,2015-06-19,0,0.0,0.0,0.0,0.0,0.0
2015,7,8,3,DL,2808,N654DL,SMF,ATL,2325,2329.0,4.0,11.0,2340.0,265.0,259.0,242.0,2092,642.0,6.0,650,648.0,-2.0,0,0,,0.0,0.0,0.0,0.0,0.0,2015-07-08,0,0.0,0.0,0.0,0.0,0.0
2015,7,14,2,OO,4740,N614SK,GEG,SEA,550,630.0,40.0,19.0,649.0,70.0,72.0,47.0,224,736.0,6.0,700,742.0,42.0,0,0,,2.0,0.0,40.0,0.0,0.0,2015-07-14,1,5.0,0.0,100.0,0.0,0.0
2015,6,28,7,B6,1039,N179JB,BOS,AUS,648,648.0,0.0,12.0,700.0,252.0,251.0,235.0,1698,955.0,4.0,1000,959.0,-1.0,0,0,,0.0,0.0,0.0,0.0,0.0,2015-06-28,0,0.0,0.0,0.0,0.0,0.0
2015,6,25,4,DL,811,N301NB,ATL,MSY,1800,1757.0,-3.0,19.0,1816.0,100.0,92.0,63.0,425,1819.0,10.0,1840,1829.0,-11.0,0,0,,0.0,0.0,0.0,0.0,0.0,2015-06-25,0,0.0,0.0,0.0,0.0,0.0
2015,6,30,2,WN,1158,N457WN,FLL,CMH,1535,1535.0,0.0,9.0,1544.0,160.0,142.0,128.0,973,1752.0,5.0,1815,1757.0,-18.0,0,0,,0.0,0.0,0.0,0.0,0.0,2015-06-30,0,0.0,0.0,0.0,0.0,0.0
2015,7,14,2,MQ,3683,N628MQ,COU,DFW,612,606.0,-6.0,22.0,628.0,110.0,109.0,72.0,489,740.0,15.0,802,755.0,-7.0,0,0,,0.0,0.0,0.0,0.0,0.0,2015-07-14,0,0.0,0.0,0.0,0.0,0.0
2015,6,21,7,B6,14,N760JB,LGB,JFK,2110,2108.0,-2.0,12.0,2120.0,315.0,308.0,289.0,2465,509.0,7.0,525,516.0,-9.0,0,0,,0.0,0.0,0.0,0.0,0.0,2015-06-21,0,0.0,0.0,0.0,0.0,0.0
2015,7,20,1,AA,334,N3KTAA,LAS,ORD,505,514.0,9.0,53.0,607.0,222.0,240.0,172.0,1514,1059.0,15.0,1047,1114.0,27.0,0,0,,18.0,0.0,9.0,0.0,0.0,2015-07-20,0,200.0,0.0,100.0,0.0,0.0
2015,6,29,1,WN,2150,N293WN,IND,MCO,1705,1704.0,-1.0,15.0,1719.0,140.0,135.0,113.0,829,1912.0,7.0,1925,1919.0,-6.0,0,0,,0.0,0.0,0.0,0.0,0.0,2015-06-29,0,0.0,0.0,0.0,0.0,0.0
2015,7,18,6,OO,4666,N8982A,DTW,PLN,1200,1200.0,0.0,18.0,1218.0,68.0,69.0,47.0,243,1305.0,4.0,1308,1309.0,1.0,0,0,,0.0,0.0,0.0,0.0,0.0,2015-07-18,0,0.0,0.0,0.0,0.0,0.0
2015,6,28,7,WN,2329,N7710A,DAL,DCA,900,858.0,-2.0,10.0,908.0,175.0,158.0,141.0,1184,1229.0,7.0,1255,1236.0,-19.0,0,0,,0.0,0.0,0.0,0.0,0.0,2015-06-28,0,0.0,0.0,0.0,0.0,0.0
2015,6,19,5,DL,764,N551NW,MKE,ATL,1006,1002.0,-4.0,18.0,1020.0,118.0,123.0,100.0,669,1300.0,5.0,1304,1305.0,1.0,0,0,,0.0,0.0,0.0,0.0,0.0,2015-06-19,0,0.0,0.0,0.0,0.0,0.0
2015,7,9,4,AA,1704,N923US,LAX,CLT,1310,1315.0,5.0,16.0,1331.0,299.0,287.0,262.0,2125,2053.0,9.0,2109,2102.0,-7.0,0,0,,0.0,0.0,0.0,0.0,0.0,2015-07-09,0,0.0,0.0,0.0,0.0,0.0
2015,7,12,7,DL,2643,N3735D,MIA,LAX,1753,1749.0,-4.0,26.0,1815.0,337.0,312.0,279.0,2342,1954.0,7.0,2030,2001.0,-29.0,0,0,,0.0,0.0,0.0,0.0,0.0,2015-07-12,0,0.0,0.0,0.0,0.0,0.0
2015,7,22,3,WN,617,N345SA,RSW,PIT,1210,1200.0,-10.0,9.0,1209.0,150.0,142.0,128.0,966,1417.0,5.0,1440,1422.0,-18.0,0,0,,0.0,0.0,0.0,0.0,0.0,2015-07-22,0,0.0,0.0,0.0,0.0,0.0
2015,6,28,7,WN,2055,N8627B,LAS,PDX,2010,2006.0,-4.0,11.0,2017.0,125.0,113.0,97.0,763,2154.0,5.0,2215,2159.0,-16.0,0,0,,0.0,0.0,0.0,0.0,0.0,2015-06-28,0,0.0,0.0,0.0,0.0,0.0
2015,7,8,3,WN,44,N7813P,BHM,MCO,2045,2042.0,-3.0,8.0,2050.0,90.0,81.0,66.0,479,2256.0,7.0,2315,2303.0,-12.0,0,0,,0.0,0.0,0.0,0.0,0.0,2015-07-08,0,0.0,0.0,0.0,0.0,0.0
2015,7,13,1,AA,2346,N4XBAA,ORD,DFW,1454,1456.0,2.0,15.0,1511.0,152.0,153.0,116.0,802,1707.0,22.0,1726,1729.0,3.0,0,0,,0.0,0.0,0.0,0.0,0.0,2015-07-13,0,0.0,0.0,0.0,0.0,0.0
2015,6,28,7,WN,141,N8649A,LAS,RNO,2055,2055.0,0.0,10.0,2105.0,75.0,69.0,52.0,345,2157.0,7.0,2210,2204.0,-6.0,0,0,,0.0,0.0,0.0,0.0,0.0,2015-06-28,0,0.0,0.0,0.0,0.0,0.0
2015,7,8,3,HA,333,N486HA,HNL,LIH,807,827.0,20.0,8.0,835.0,37.0,36.0,22.0,102,857.0,6.0,844,903.0,19.0,0,0,,0.0,0.0,4.0,15.0,0.0,2015-07-08,1,0.0,0.0,20.0,75.0,0.0
2015,7,17,5,OO,4756,N445SW,SBN,DTW,1016,1011.0,-5.0,16.0,1027.0,62.0,67.0,47.0,157,1114.0,4.0,1118,1118.0,0.0,0,0,,0.0,0.0,0.0,0.0,0.0,2015-07-17,0,0.0,0.0,0.0,0.0,0.0
2015,7,6,1,AA,1785,N814AW,MCI,CLT,1821,1902.0,41.0,21.0,1923.0,132.0,161.0,128.0,808,2231.0,12.0,2133,2243.0,70.0,0,0,,29.0,0.0,0.0,20.0,21.0,2015-07-06,1,70.73,0.0,0.0,48.78,51.22
2015,7,13,1,EV,4279,N13908,EWR,GSP,805,757.0,-8.0,34.0,831.0,125.0,144.0,106.0,594,1017.0,4.0,1010,1021.0,11.0,0,0,,0.0,0.0,0.0,0.0,0.0,2015-07-13,0,0.0,0.0,0.0,0.0,0.0
2015,7,5,7,AS,118,N402AS,ANC,SEA,800,751.0,-9.0,9.0,800.0,200.0,192.0,177.0,1448,1157.0,6.0,1220,1203.0,-17.0,0,0,,0.0,0.0,0.0,0.0,0.0,2015-07-05,0,0.0,0.0,0.0,0.0,0.0
2015,7,12,7,WN,521,N419WN,LAS,SAT,1525,1546.0,21.0,9.0,1555.0,160.0,149.0,137.0,1069,2012.0,3.0,2005,2015.0,10.0,0,0,,0.0,0.0,0.0,0.0,0.0,2015-07-12,1,0.0,0.0,0.0,0.0,0.0
2015,6,27,6,EV,4999,N709EV,ATL,TVC,1543,1600.0,17.0,18.0,1618.0,129.0,123.0,95.0,769,1753.0,10.0,1752,1803.0,11.0,0,0,,0.0,0.0,0.0,0.0,0.0,2015-06-27,1,0.0,0.0,0.0,0.0,0.0
2015,6,16,2,OO,5611,N139SY,LAX,SAN,2230,2230.0,0.0,32.0,2302.0,55.0,63.0,29.0,109,2331.0,2.0,2325,2333.0,8.0,0,0,,0.0,0.0,0.0,0.0,0.0,2015-06-16,0,0.0,0.0,0.0,0.0,0.0
2015,7,11,6,OO,4534,N675BR,TUL,MSP,720,715.0,-5.0,13.0,728.0,122.0,123.0,101.0,615,909.0,9.0,922,918.0,-4.0,0,0,,0.0,0.0,0.0,0.0,0.0,2015-07-11,0,0.0,0.0,0.0,0.0,0.0
2015,7,5,7,AA,429,N542UW,PHL,SAN,2025,2022.0,-3.0,11.0,2033.0,330.0,312.0,296.0,2370,2229.0,5.0,2255,2234.0,-21.0,0,0,,0.0,0.0,0.0,0.0,0.0,2015-07-05,0,0.0,0.0,0.0,0.0,0.0
2015,6,20,6,WN,1117,N210WN,JAX,BNA,1945,2038.0,53.0,16.0,2054.0,90.0,90.0,69.0,483,2103.0,5.0,2015,2108.0,53.0,0,0,,0.0,0.0,0.0,53.0,0.0,2015-06-20,1,0.0,0.0,0.0,100.0,0.0
2015,6,15,1,NK,718,N604NK,DFW,LGA,745,826.0,41.0,30.0,856.0,209.0,216.0,178.0,1389,1254.0,8.0,1214,1302.0,48.0,0,0,,48.0,0.0,0.0,0.0,0.0,2015-06-15,1,117.07,0.0,0.0,0.0,0.0
2015,6,15,1,US,574,N676AW,PHL,SFO,750,746.0,-4.0,32.0,818.0,370.0,360.0,324.0,2521,1042.0,4.0,1100,1046.0,-14.0,0,0,,0.0,0.0,0.0,0.0,0.0,2015-06-15,0,0.0,0.0,0.0,0.0,0.0
2015,6,30,2,B6,1684,N907JB,MCO,JFK,720,714.0,-6.0,11.0,725.0,159.0,139.0,117.0,944,922.0,11.0,959,933.0,-26.0,0,0,,0.0,0.0,0.0,0.0,0.0,2015-06-30,0,0.0,0.0,0.0,0.0,0.0
2015,7,6,1,AA,2426,N5EJAA,DFW,TUL,1845,1924.0,39.0,16.0,1940.0,75.0,60.0,41.0,237,2021.0,3.0,2000,2024.0,24.0,0,0,,0.0,0.0,24.0,0.0,0.0,2015-07-06,1,0.0,0.0,61.54,0.0,0.0
2015,6,24,3,AA,1155,N3HPAA,LAX,ORD,1630,1706.0,36.0,21.0,1727.0,242.0,244.0,210.0,1744,2257.0,13.0,2232,2310.0,38.0,0,0,,2.0,0.0,5.0,31.0,0.0,2015-06-24,1,5.56,0.0,13.89,86.11,0.0
2015,7,18,6,DL,630,N831DN,DTW,ATL,1747,1749.0,2.0,13.0,1802.0,121.0,107.0,84.0,594,1926.0,10.0,1948,1936.0,-12.0,0,0,,0.0,0.0,0.0,0.0,0.0,2015-07-18,0,0.0,0.0,0.0,0.0,0.0
2015,7,12,7,B6,760,N281JB,PHL,BOS,2059,2059.0,0.0,31.0,2130.0,78.0,89.0,54.0,280,2224.0,4.0,2217,2228.0,11.0,0,0,,0.0,0.0,0.0,0.0,0.0,2015-07-12,0,0.0,0.0,0.0,0.0,0.0
2015,7,10,5,EV,5015,N936EV,CAK,DTW,1940,1927.0,-13.0,8.0,1935.0,54.0,46.0,31.0,133,2006.0,7.0,2034,2013.0,-21.0,0,0,,0.0,0.0,0.0,0.0,0.0,2015-07-10,0,0.0,0.0,0.0,0.0,0.0
2015,7,11,6,MQ,3602,N825MQ,ROC,ORD,1142,1146.0,4.0,11.0,1157.0,115.0,108.0,82.0,528,1219.0,15.0,1237,1234.0,-3.0,0,0,,0.0,0.0,0.0,0.0,0.0,2015-07-11,0,0.0,0.0,0.0,0.0,0.0
2015,6,19,5,DL,1468,N910AT,MCI,SLC,1445,1441.0,-4.0,13.0,1454.0,153.0,154.0,124.0,920,1558.0,17.0,1618,1615.0,-3.0,0,0,,0.0,0.0,0.0,0.0,0.0,2015-06-19,0,0.0,0.0,0.0,0.0,0.0
2015,6,15,1,DL,1665,N3751B,SLC,LAX,1705,1739.0,34.0,12.0,1751.0,120.0,101.0,84.0,590,1815.0,5.0,1805,1820.0,15.0,0,0,,0.0,0.0,2.0,13.0,0.0,2015-06-15,1,0.0,0.0,5.88,38.24,0.0
2015,7,11,6,MQ,3283,N645MQ,MLI,DFW,1413,1431.0,18.0,9.0,1440.0,132.0,121.0,99.0,691,1619.0,13.0,1625,1632.0,7.0,0,0,,0.0,0.0,0.0,0.0,0.0,2015-07-11,1,0.0,0.0,0.0,0.0,0.0
2015,6,29,1,DL,2329,N681DA,RSW,DTW,1545,1558.0,13.0,13.0,1611.0,168.0,157.0,139.0,1084,1830.0,5.0,1833,1835.0,2.0,0,0,,0.0,0.0,0.0,0.0,0.0,2015-06-29,0,0.0,0.0,0.0,0.0,0.0
2015,7,19,7,B6,1304,N586JB,SJU,JFK,1534,1533.0,-1.0,10.0,1543.0,244.0,228.0,215.0,1598,1918.0,3.0,1938,1921.0,-17.0,0,0,,0.0,0.0,0.0,0.0,0.0,2015-07-19,0,0.0,0.0,0.0,0.0,0.0
2015,7,12,7,OO,6337,N905SW,FCA,DEN,1410,1449.0,39.0,19.0,1508.0,132.0,123.0,98.0,752,1646.0,6.0,1622,1652.0,30.0,0,0,,0.0,0.0,0.0,30.0,0.0,2015-07-12,1,0.0,0.0,0.0,76.92,0.0
2015,6,14,7,MQ,3441,N698MQ,ABI,DFW,1827,1835.0,8.0,6.0,1841.0,58.0,51.0,34.0,158,1915.0,11.0,1925,1926.0,1.0,0,0,,0.0,0.0,0.0,0.0,0.0,2015-06-14,0,0.0,0.0,0.0,0.0,0.0
2015,6,22,1,DL,2381,N803DN,SLC,SFO,2145,2210.0,25.0,16.0,2226.0,124.0,123.0,85.0,599,2251.0,22.0,2249,2313.0,24.0,0,0,,0.0,0.0,0.0,24.0,0.0,2015-06-22,1,0.0,0.0,0.0,96.0,0.0
2015,7,20,1,AA,1393,N856AA,DFW,SFO,1855,1853.0,-2.0,20.0,1913.0,231.0,222.0,197.0,1464,2030.0,5.0,2046,2035.0,-11.0,0,0,,0.0,0.0,0.0,0.0,0.0,2015-07-20,0,0.0,0.0,0.0,0.0,0.0
2015,6,18,4,MQ,3380,N515MQ,ORD,MDT,1458,1725.0,147.0,36.0,1801.0,107.0,115.0,76.0,594,2017.0,3.0,1745,2020.0,155.0,0,0,,106.0,0.0,0.0,49.0,0.0,2015-06-18,1,72.11,0.0,0.0,33.33,0.0
2015,7,15,3,EV,4237,N26549,ORF,ORD,1646,1938.0,172.0,23.0,2001.0,135.0,143.0,110.0,717,2051.0,10.0,1801,2101.0,180.0,0,0,,19.0,0.0,8.0,153.0,0.0,2015-07-15,1,11.05,0.0,4.65,88.95,0.0
2015,7,17,5,OO,4781,N463SW,MSP,SBN,1915,1914.0,-1.0,25.0,1939.0,92.0,112.0,56.0,411,2135.0,31.0,2147,2206.0,19.0,0,0,,19.0,0.0,0.0,0.0,0.0,2015-07-17,0,-1900.0,-0.0,-0.0,-0.0,-0.0
2015,6,29,1,EV,4650,N16911,CRP,IAH,706,656.0,-10.0,18.0,714.0,65.0,74.0,45.0,201,759.0,11.0,811,810.0,-1.0,0,0,,0.0,0.0,0.0,0.0,0.0,2015-06-29,0,0.0,0.0,0.0,0.0,0.0
2015,6,26,5,B6,301,N665JB,JFK,FLL,1429,1443.0,14.0,19.0,1502.0,195.0,191.0,168.0,1069,1750.0,4.0,1744,1754.0,10.0,0,0,,0.0,0.0,0.0,0.0,0.0,2015-06-26,0,0.0,0.0,0.0,0.0,0.0
2015,7,18,6,DL,472,N624AG,JFK,LAX,820,820.0,0.0,18.0,838.0,370.0,364.0,311.0,2475,1049.0,35.0,1130,1124.0,-6.0,0,0,,0.0,0.0,0.0,0.0,0.0,2015-07-18,0,0.0,0.0,0.0,0.0,0.0
2015,7,8,3,MQ,3668,N506MQ,LGA,XNA,1359,1416.0,17.0,13.0,1429.0,191.0,198.0,179.0,1147,1628.0,6.0,1610,1634.0,24.0,0,0,,7.0,0.0,17.0,0.0,0.0,2015-07-08,1,41.18,0.0,100.0,0.0,0.0
2015,7,9,4,MQ,3214,N931MQ,ORD,ALO,1315,1311.0,-4.0,12.0,1323.0,70.0,56.0,42.0,234,1405.0,2.0,1425,1407.0,-18.0,0,0,,0.0,0.0,0.0,0.0,0.0,2015-07-09,0,0.0,0.0,0.0,0.0,0.0
2015,7,21,2,UA,661,N832UA,ORD,CLE,1049,1217.0,88.0,22.0,1239.0,79.0,74.0,47.0,315,1426.0,5.0,1308,1431.0,83.0,0,0,,0.0,0.0,7.0,76.0,0.0,2015-07-21,1,0.0,0.0,7.95,86.36,0.0
2015,7,1,3,AA,1930,N179UW,PDX,CLT,2215,2213.0,-2.0,10.0,2223.0,287.0,283.0,265.0,2282,548.0,8.0,602,556.0,-6.0,0,0,,0.0,0.0,0.0,0.0,0.0,2015-07-01,0,0.0,0.0,0.0,0.0,0.0
2015,7,1,3,AS,814,N579AS,OGG,SAN,2300,2251.0,-9.0,11.0,2302.0,321.0,333.0,316.0,2541,718.0,6.0,721,724.0,3.0,0,0,,0.0,0.0,0.0,0.0,0.0,2015-07-01,0,0.0,0.0,0.0,0.0,0.0
2015,7,14,2,AA,1146,N3FSAA,LGA,DFW,1630,2120.0,290.0,15.0,2135.0,245.0,212.0,192.0,1389,2347.0,5.0,1935,2352.0,257.0,0,0,,0.0,0.0,0.0,257.0,0.0,2015-07-14,1,0.0,0.0,0.0,88.62,0.0
2015,7,3,5,F9,223,N208FR,ATL,AUS,1520,1517.0,-3.0,19.0,1536.0,140.0,135.0,108.0,813,1624.0,8.0,1640,1632.0,-8.0,0,0,,0.0,0.0,0.0,0.0,0.0,2015-07-03,0,0.0,0.0,0.0,0.0,0.0
2015,7,16,4,EV,6021,N12552,ABE,ORD,644,634.0,-10.0,11.0,645.0,123.0,119.0,96.0,654,721.0,12.0,747,733.0,-14.0,0,0,,0.0,0.0,0.0,0.0,0.0,2015-07-16,0,0.0,0.0,0.0,0.0,0.0
2015,7,4,6,WN,611,N477WN,TPA,ATL,615,611.0,-4.0,9.0,620.0,90.0,81.0,66.0,406,726.0,6.0,745,732.0,-13.0,0,0,,0.0,0.0,0.0,0.0,0.0,2015-07-04,0,0.0,0.0,0.0,0.0,0.0
2015,6,17,3,EV,5335,N920EV,ABY,ATL,1719,1757.0,38.0,5.0,1802.0,61.0,45.0,34.0,145,1836.0,6.0,1820,1842.0,22.0,0,0,,0.0,0.0,22.0,0.0,0.0,2015-06-17,1,0.0,0.0,57.89,0.0,0.0
2015,7,2,4,F9,145,N221FR,DEN,SEA,2030,2200.0,90.0,12.0,2212.0,169.0,164.0,143.0,1024,2335.0,9.0,2219,2344.0,85.0,0,0,,34.0,0.0,4.0,47.0,0.0,2015-07-02,1,37.78,0.0,4.44,52.22,0.0
2015,7,8,3,WN,1899,N968WN,ATL,DTW,1525,1620.0,55.0,16.0,1636.0,125.0,110.0,86.0,594,1802.0,8.0,1730,1810.0,40.0,0,0,,0.0,0.0,40.0,0.0,0.0,2015-07-08,1,0.0,0.0,72.73,0.0,0.0
2015,6,28,7,WN,1181,N8647A,DEN,STL,2050,2050.0,0.0,14.0,2104.0,120.0,110.0,92.0,770,2336.0,4.0,2350,2340.0,-10.0,0,0,,0.0,0.0,0.0,0.0,0.0,2015-06-28,0,0.0,0.0,0.0,0.0,0.0
2015,6,17,3,UA,1168,N66848,EWR,LAX,2028,2031.0,3.0,13.0,2044.0,382.0,347.0,312.0,2454,2256.0,22.0,2350,2318.0,-32.0,0,0,,0.0,0.0,0.0,0.0,0.0,2015-06-17,0,0.0,0.0,0.0,0.0,0.0
2015,6,16,2,OO,6440,N135SY,LAX,SFO,1129,1136.0,7.0,25.0,1201.0,91.0,90.0,62.0,337,1303.0,3.0,1300,1306.0,6.0,0,0,,0.0,0.0,0.0,0.0,0.0,2015-06-16,0,0.0,0.0,0.0,0.0,0.0
2015,7,14,2,OO,5563,N957SW,BOI,DEN,1714,1814.0,60.0,22.0,1836.0,115.0,125.0,92.0,649,2008.0,11.0,1909,2019.0,70.0,0,0,,10.0,0.0,0.0,60.0,0.0,2015-07-14,1,16.67,0.0,0.0,100.0,0.0
2015,7,8,3,DL,2665,N891AT,BOS,LGA,700,658.0,-2.0,37.0,735.0,79.0,97.0,43.0,184,818.0,17.0,819,835.0,16.0,0,0,,16.0,0.0,0.0,0.0,0.0,2015-07-08,0,-800.0,-0.0,-0.0,-0.0,-0.0
2015,7,18,6,DL,432,N892AT,JFK,MSP,1830,1906.0,36.0,51.0,1957.0,207.0,215.0,160.0,1029,2137.0,4.0,2057,2141.0,44.0,0,0,,8.0,0.0,28.0,8.0,0.0,2015-07-18,1,22.22,0.0,77.78,22.22,0.0
2015,6,24,3,EV,4442,N11199,IAH,HOB,1823,1854.0,31.0,15.0,1909.0,98.0,89.0,70.0,501,1919.0,4.0,1901,1923.0,22.0,0,0,,22.0,0.0,0.0,0.0,0.0,2015-06-24,1,70.97,0.0,0.0,0.0,0.0
2015,7,3,5,AA,2341,N3JLAA,PDX,ORD,700,715.0,15.0,12.0,727.0,240.0,229.0,205.0,1739,1252.0,12.0,1300,1304.0,4.0,0,0,,0.0,0.0,0.0,0.0,0.0,2015-07-03,0,0.0,0.0,0.0,0.0,0.0
2015,7,21,2,OO,4850,N806SK,FAR,MSP,1736,1724.0,-12.0,25.0,1749.0,63.0,71.0,42.0,223,1831.0,4.0,1839,1835.0,-4.0,0,0,,0.0,0.0,0.0,0.0,0.0,2015-07-21,0,0.0,0.0,0.0,0.0,0.0
2015,7,12,7,EV,6008,N11164,ORD,BIL,1940,1938.0,-2.0,16.0,1954.0,181.0,190.0,168.0,1060,2142.0,6.0,2141,2148.0,7.0,0,0,,0.0,0.0,0.0,0.0,0.0,2015-07-12,0,0.0,0.0,0.0,0.0,0.0
2015,6,24,3,WN,24,N527SW,HOU,DAL,1200,1156.0,-4.0,10.0,1206.0,60.0,55.0,41.0,239,1247.0,4.0,1300,1251.0,-9.0,0,0,,0.0,0.0,0.0,0.0,0.0,2015-06-24,0,0.0,0.0,0.0,0.0,0.0
2015,7,4,6,NK,812,N642NK,DFW,TPA,755,751.0,-4.0,28.0,819.0,150.0,154.0,120.0,929,1119.0,6.0,1125,1125.0,0.0,0,0,,0.0,0.0,0.0,0.0,0.0,2015-07-04,0,0.0,0.0,0.0,0.0,0.0
2015,6,30,2,UA,1104,N26208,ANC,DEN,2346,2349.0,3.0,17.0,6.0,314.0,293.0,268.0,2405,634.0,8.0,700,642.0,-18.0,0,0,,0.0,0.0,0.0,0.0,0.0,2015-06-30,0,0.0,0.0,0.0,0.0,0.0
2015,6,17,3,DL,1275,N946DN,DCA,MSP,1658,1705.0,7.0,14.0,1719.0,161.0,155.0,138.0,931,1837.0,3.0,1839,1840.0,1.0,0,0,,0.0,0.0,0.0,0.0,0.0,2015-06-17,0,0.0,0.0,0.0,0.0,0.0
2015,7,3,5,UA,1985,N38454,EWR,LAX,700,658.0,-2.0,15.0,713.0,355.0,356.0,314.0,2454,927.0,27.0,955,954.0,-1.0,0,0,,0.0,0.0,0.0,0.0,0.0,2015-07-03,0,0.0,0.0,0.0,0.0,0.0
2015,7,3,5,UA,1747,N38451,EWR,SAN,1457,1505.0,8.0,9.0,1514.0,354.0,329.0,316.0,2425,1730.0,4.0,1751,1734.0,-17.0,0,0,,0.0,0.0,0.0,0.0,0.0,2015-07-03,0,0.0,0.0,0.0,0.0,0.0
2015,7,16,4,EV,5149,N854AS,XNA,ATL,1757,1752.0,-5.0,9.0,1801.0,107.0,96.0,81.0,589,2022.0,6.0,2044,2028.0,-16.0,0,0,,0.0,0.0,0.0,0.0,0.0,2015-07-16,0,0.0,0.0,0.0,0.0,0.0
2015,6,22,1,WN,2254,N697SW,LAS,PHX,1905,1940.0,35.0,11.0,1951.0,65.0,66.0,47.0,255,2038.0,8.0,2010,2046.0,36.0,0,0,,1.0,0.0,14.0,21.0,0.0,2015-06-22,1,2.86,0.0,40.0,60.0,0.0
2015,6,17,3,DL,1293,N938DL,MSY,ATL,1620,1616.0,-4.0,17.0,1633.0,94.0,90.0,60.0,425,1833.0,13.0,1854,1846.0,-8.0,0,0,,0.0,0.0,0.0,0.0,0.0,2015-06-17,0,0.0,0.0,0.0,0.0,0.0
2015,6,23,2,AA,1140,N3HPAA,DFW,LAX,2220,2231.0,11.0,14.0,2245.0,197.0,179.0,157.0,1235,2322.0,8.0,2337,2330.0,-7.0,0,0,,0.0,0.0,0.0,0.0,0.0,2015-06-23,0,0.0,0.0,0.0,0.0,0.0
2015,6,28,7,WN,2007,N643SW,MDW,LGA,720,718.0,-2.0,9.0,727.0,135.0,120.0,100.0,725,1007.0,11.0,1035,1018.0,-17.0,0,0,,0.0,0.0,0.0,0.0,0.0,2015-06-28,0,0.0,0.0,0.0,0.0,0.0
2015,7,14,2,WN,3215,N498WN,EWR,AUS,1345,1350.0,5.0,17.0,1407.0,230.0,217.0,197.0,1504,1624.0,3.0,1635,1627.0,-8.0,0,0,,0.0,0.0,0.0,0.0,0.0,2015-07-14,0,0.0,0.0,0.0,0.0,0.0
2015,6,24,3,OO,2885,N868CA,LAX,EUG,940,1002.0,22.0,10.0,1012.0,126.0,113.0,99.0,748,1151.0,4.0,1146,1155.0,9.0,0,0,,0.0,0.0,0.0,0.0,0.0,2015-06-24,1,0.0,0.0,0.0,0.0,0.0
2015,7,8,3,F9,124,N912FR,DEN,DFW,600,558.0,-2.0,10.0,608.0,111.0,107.0,87.0,641,835.0,10.0,851,845.0,-6.0,0,0,,0.0,0.0,0.0,0.0,0.0,2015-07-08,0,0.0,0.0,0.0,0.0,0.0
2015,7,17,5,EV,4237,N13132,ORD,JAN,1940,1941.0,1.0,68.0,2049.0,121.0,160.0,88.0,677,2217.0,4.0,2141,2221.0,40.0,0,0,,39.0,0.0,1.0,0.0,0.0,2015-07-17,0,3900.0,0.0,100.0,0.0,0.0
2015,7,12,7,DL,1738,N960DN,ATL,DCA,1820,1829.0,9.0,31.0,1900.0,116.0,114.0,79.0,547,2019.0,4.0,2016,2023.0,7.0,0,0,,0.0,0.0,0.0,0.0,0.0,2015-07-12,0,0.0,0.0,0.0,0.0,0.0
2015,6,21,7,DL,63,N928DL,CVG,BOS,1603,1609.0,6.0,9.0,1618.0,132.0,116.0,98.0,752,1756.0,9.0,1815,1805.0,-10.0,0,0,,0.0,0.0,0.0,0.0,0.0,2015-06-21,0,0.0,0.0,0.0,0.0,0.0
2015,7,14,2,UA,1507,N33266,EWR,BOS,559,558.0,-1.0,12.0,610.0,76.0,61.0,44.0,200,654.0,5.0,715,659.0,-16.0,0,0,,0.0,0.0,0.0,0.0,0.0,2015-07-14,0,0.0,0.0,0.0,0.0,0.0
2015,7,15,3,MQ,3363,N614MQ,LEX,ORD,1832,1827.0,-5.0,22.0,1849.0,97.0,95.0,64.0,323,1853.0,9.0,1909,1902.0,-7.0,0,0,,0.0,0.0,0.0,0.0,0.0,2015-07-15,0,0.0,0.0,0.0,0.0,0.0
2015,6,27,6,WN,4241,N292WN,BWI,CMH,2140,2311.0,91.0,7.0,2318.0,75.0,65.0,54.0,337,12.0,4.0,2255,16.0,81.0,0,0,,0.0,0.0,16.0,65.0,0.0,2015-06-27,1,0.0,0.0,17.58,71.43,0.0
2015,7,17,5,AS,131,N705AS,PDX,ANC,935,930.0,-5.0,11.0,941.0,223.0,244.0,227.0,1542,1228.0,6.0,1218,1234.0,16.0,0,0,,16.0,0.0,0.0,0.0,0.0,2015-07-17,0,-320.0,-0.0,-0.0,-0.0,-0.0
2015,6,16,2,AS,610,N556AS,SEA,LAS,1355,1351.0,-4.0,16.0,1407.0,147.0,138.0,116.0,867,1603.0,6.0,1622,1609.0,-13.0,0,0,,0.0,0.0,0.0,0.0,0.0,2015-06-16,0,0.0,0.0,0.0,0.0,0.0
2015,6,16,2,WN,452,N646SW,BWI,MCO,925,922.0,-3.0,10.0,932.0,130.0,128.0,110.0,787,1122.0,8.0,1135,1130.0,-5.0,0,0,,0.0,0.0,0.0,0.0,0.0,2015-06-16,0,0.0,0.0,0.0,0.0,0.0
2015,7,1,3,F9,326,N929FR,DEN,MSP,609,608.0,-1.0,15.0,623.0,111.0,109.0,89.0,680,852.0,5.0,900,857.0,-3.0,0,0,,0.0,0.0,0.0,0.0,0.0,2015-07-01,0,0.0,0.0,0.0,0.0,0.0
2015,7,6,1,WN,688,N932WN,RNO,LAX,730,745.0,15.0,24.0,809.0,80.0,95.0,64.0,391,913.0,7.0,850,920.0,30.0,0,0,,30.0,0.0,0.0,0.0,0.0,2015-07-06,0,200.0,0.0,0.0,0.0,0.0
2015,7,6,1,EV,4668,N14993,IAH,MCI,907,902.0,-5.0,16.0,918.0,124.0,120.0,96.0,643,1054.0,8.0,1111,1102.0,-9.0,0,0,,0.0,0.0,0.0,0.0,0.0,2015-07-06,0,0.0,0.0,0.0,0.0,0.0
2015,6,21,7,WN,683,N714CB,CMH,STL,850,849.0,-1.0,8.0,857.0,80.0,77.0,62.0,409,859.0,7.0,910,906.0,-4.0,0,0,,0.0,0.0,0.0,0.0,0.0,2015-06-21,0,0.0,0.0,0.0,0.0,0.0
2015,7,17,5,B6,487,N510JB,BOS,LAX,1727,1724.0,-3.0,29.0,1753.0,378.0,390.0,351.0,2611,2044.0,10.0,2045,2054.0,9.0,0,0,,0.0,0.0,0.0,0.0,0.0,2015-07-17,0,0.0,0.0,0.0,0.0,0.0
2015,7,9,4,DL,513,N943DN,SAN,MSP,1435,1429.0,-6.0,13.0,1442.0,214.0,194.0,177.0,1532,1939.0,4.0,2009,1943.0,-26.0,0,0,,0.0,0.0,0.0,0.0,0.0,2015-07-09,0,0.0,0.0,0.0,0.0,0.0
2015,6,19,5,DL,542,N801DZ,DTW,SEA,1350,1348.0,-2.0,11.0,1359.0,285.0,282.0,263.0,1927,1522.0,8.0,1535,1530.0,-5.0,0,0,,0.0,0.0,0.0,0.0,0.0,2015-06-19,0,0.0,0.0,0.0,0.0,0.0
2015,6,27,6,OO,6484,N477CA,RNO,SFO,856,847.0,-9.0,20.0,907.0,74.0,69.0,45.0,192,952.0,4.0,1010,956.0,-14.0,0,0,,0.0,0.0,0.0,0.0,0.0,2015-06-27,0,0.0,0.0,0.0,0.0,0.0
2015,6,28,7,US,450,N186US,PHX,SLC,1345,1344.0,-1.0,18.0,1402.0,96.0,98.0,73.0,507,1615.0,7.0,1621,1622.0,1.0,0,0,,0.0,0.0,0.0,0.0,0.0,2015-06-28,0,0.0,0.0,0.0,0.0,0.0
2015,7,1,3,AS,62,N779AS,SIT,KTN,1144,1140.0,-4.0,9.0,1149.0,49.0,46.0,33.0,183,1222.0,4.0,1233,1226.0,-7.0,0,0,,0.0,0.0,0.0,0.0,0.0,2015-07-01,0,0.0,0.0,0.0,0.0,0.0
2015,6,15,1,WN,4478,N400WN,LAS,OAK,715,737.0,22.0,13.0,750.0,85.0,87.0,66.0,407,856.0,8.0,840,904.0,24.0,0,0,,2.0,0.0,12.0,10.0,0.0,2015-06-15,1,9.09,0.0,54.55,45.45,0.0
2015,6,20,6,DL,1301,N836DN,BWI,MSP,830,831.0,1.0,15.0,846.0,155.0,153.0,133.0,936,959.0,5.0,1005,1004.0,-1.0,0,0,,0.0,0.0,0.0,0.0,0.0,2015-06-20,0,0.0,0.0,0.0,0.0,0.0
2015,6,22,1,WN,2433,N7734H,LAX,MCI,1755,1825.0,30.0,7.0,1832.0,195.0,174.0,162.0,1363,2314.0,5.0,2310,2319.0,9.0,0,0,,0.0,0.0,0.0,0.0,0.0,2015-06-22,1,0.0,0.0,0.0,0.0,0.0
2015,7,20,1,AA,653,N665AW,PHX,ANC,1945,1944.0,-1.0,15.0,1959.0,336.0,329.0,311.0,2552,10.0,3.0,21,13.0,-8.0,0,0,,0.0,0.0,0.0,0.0,0.0,2015-07-20,0,0.0,0.0,0.0,0.0,0.0
2015,6,25,4,UA,568,N484UA,BOS,IAD,1934,1947.0,13.0,32.0,2019.0,103.0,125.0,82.0,413,2141.0,11.0,2117,2152.0,35.0,0,0,,22.0,0.0,9.0,4.0,0.0,2015-06-25,0,169.23,0.0,69.23,30.77,0.0
2015,6,26,5,WN,4290,N7710A,LAX,SFO,700,658.0,-2.0,17.0,715.0,80.0,69.0,48.0,337,803.0,4.0,820,807.0,-13.0,0,0,,0.0,0.0,0.0,0.0,0.0,2015-06-26,0,0.0,0.0,0.0,0.0,0.0
2015,7,6,1,HA,326,N477HA,HNL,OGG,1652,1659.0,7.0,15.0,1714.0,37.0,42.0,21.0,100,1735.0,6.0,1729,1741.0,12.0,0,0,,0.0,0.0,0.0,0.0,0.0,2015-07-06,0,0.0,0.0,0.0,0.0,0.0
2015,6,19,5,EV,2694,N629AE,DFW,ACT,2200,2227.0,27.0,23.0,2250.0,44.0,44.0,18.0,89,2308.0,3.0,2244,2311.0,27.0,0,0,,0.0,0.0,27.0,0.0,0.0,2015-06-19,1,0.0,0.0,100.0,0.0,0.0
2015,7,11,6,AS,11,N413AS,EWR,SEA,1720,1720.0,0.0,14.0,1734.0,380.0,322.0,301.0,2402,1935.0,7.0,2040,1942.0,-58.0,0,0,,0.0,0.0,0.0,0.0,0.0,2015-07-11,0,0.0,0.0,0.0,0.0,0.0
2015,7,9,4,EV,5093,N853AS,ATL,DHN,1934,1944.0,10.0,21.0,2005.0,59.0,53.0,30.0,170,1935.0,2.0,1933,1937.0,4.0,0,0,,0.0,0.0,0.0,0.0,0.0,2015-07-09,0,0.0,0.0,0.0,0.0,0.0
2015,7,9,4,F9,223,N228FR,AUS,DEN,1720,1751.0,31.0,10.0,1801.0,128.0,165.0,143.0,775,1924.0,12.0,1828,1936.0,68.0,0,0,,65.0,0.0,3.0,0.0,0.0,2015-07-09,1,209.68,0.0,9.68,0.0,0.0
2015,7,22,3,WN,1280,N7706A,DCA,MSY,1530,1526.0,-4.0,13.0,1539.0,155.0,145.0,129.0,969,1648.0,3.0,1705,1651.0,-14.0,0,0,,0.0,0.0,0.0,0.0,0.0,2015-07-22,0,0.0,0.0,0.0,0.0,0.0
2015,7,15,3,WN,658,N7813P,BWI,LAS,2035,2045.0,10.0,13.0,2058.0,305.0,291.0,273.0,2106,2231.0,5.0,2240,2236.0,-4.0,0,0,,0.0,0.0,0.0,0.0,0.0,2015-07-15,0,0.0,0.0,0.0,0.0,0.0
2015,7,16,4,AA,982,N3FNAA,MIA,STL,1400,1401.0,1.0,7.0,1408.0,166.0,160.0,141.0,1068,1529.0,12.0,1546,1541.0,-5.0,0,0,,0.0,0.0,0.0,0.0,0.0,2015-07-16,0,0.0,0.0,0.0,0.0,0.0
2015,7,17,5,DL,373,N824DN,DTW,SFO,1532,1605.0,33.0,21.0,1626.0,302.0,302.0,274.0,2079,1800.0,7.0,1734,1807.0,33.0,0,0,,0.0,0.0,19.0,14.0,0.0,2015-07-17,1,0.0,0.0,57.58,42.42,0.0
2015,7,16,4,WN,4166,N499WN,ONT,MDW,555,556.0,1.0,14.0,610.0,240.0,226.0,206.0,1706,1136.0,6.0,1155,1142.0,-13.0,0,0,,0.0,0.0,0.0,0.0,0.0,2015-07-16,0,0.0,0.0,0.0,0.0,0.0
2015,6,30,2,OO,6354,N932EV,LEX,ORD,1640,1633.0,-7.0,17.0,1650.0,85.0,95.0,69.0,323,1659.0,9.0,1705,1708.0,3.0,0,0,,0.0,0.0,0.0,0.0,0.0,2015-06-30,0,0.0,0.0,0.0,0.0,0.0
2015,6,21,7,EV,5667,N18120,GRK,IAH,535,602.0,27.0,10.0,612.0,62.0,46.0,29.0,166,641.0,7.0,637,648.0,11.0,0,0,,0.0,0.0,0.0,0.0,0.0,2015-06-21,1,0.0,0.0,0.0,0.0,0.0
2015,6,24,3,AA,380,N487AA,ORD,LGA,1010,1038.0,28.0,14.0,1052.0,130.0,117.0,94.0,733,1326.0,9.0,1320,1335.0,15.0,0,0,,0.0,0.0,15.0,0.0,0.0,2015-06-24,1,0.0,0.0,53.57,0.0,0.0
2015,7,13,1,WN,1645,N733SA,LAS,LAX,530,528.0,-2.0,9.0,537.0,65.0,57.0,41.0,236,618.0,7.0,635,625.0,-10.0,0,0,,0.0,0.0,0.0,0.0,0.0,2015-07-13,0,0.0,0.0,0.0,0.0,0.0
2015,7,3,5,AA,185,N787AA,JFK,LAX,2100,2244.0,104.0,31.0,2315.0,364.0,347.0,312.0,2475,127.0,4.0,4,131.0,87.0,0,0,,0.0,0.0,87.0,0.0,0.0,2015-07-03,1,0.0,0.0,83.65,0.0,0.0
2015,6,29,1,UA,577,N812UA,EWR,MSY,1945,2307.0,202.0,16.0,2323.0,194.0,174.0,155.0,1167,58.0,3.0,2159,101.0,182.0,0,0,,0.0,0.0,13.0,169.0,0.0,2015-06-29,1,0.0,0.0,6.44,83.66,0.0
2015,6,30,2,AS,122,N570AS,ANC,PDX,40,32.0,-8.0,12.0,44.0,213.0,224.0,207.0,1542,511.0,5.0,513,516.0,3.0,0,0,,0.0,0.0,0.0,0.0,0.0,2015-06-30,0,0.0,0.0,0.0,0.0,0.0
2015,7,5,7,AA,2051,N586UW,PHL,MIA,1000,954.0,-6.0,35.0,1029.0,181.0,178.0,135.0,1013,1244.0,8.0,1301,1252.0,-9.0,0,0,,0.0,0.0,0.0,0.0,0.0,2015-07-05,0,0.0,0.0,0.0,0.0,0.0
2015,6,16,2,OO,6208,N709SK,ORD,CVG,645,708.0,23.0,12.0,720.0,71.0,60.0,41.0,265,901.0,7.0,856,908.0,12.0,0,0,,0.0,0.0,0.0,0.0,0.0,2015-06-16,1,0.0,0.0,0.0,0.0,0.0
2015,7,19,7,DL,2198,N953DL,MSP,ALB,1915,1931.0,16.0,24.0,1955.0,146.0,146.0,117.0,980,2252.0,5.0,2241,2257.0,16.0,0,0,,0.0,0.0,0.0,16.0,0.0,2015-07-19,1,0.0,0.0,0.0,100.0,0.0
2015,7,12,7,AA,2514,N4XDAA,LAS,DFW,1612,1759.0,107.0,13.0,1812.0,168.0,150.0,133.0,1055,2225.0,4.0,2100,2229.0,89.0,0,0,,0.0,0.0,88.0,1.0,0.0,2015-07-12,1,0.0,0.0,82.24,0.93,0.0
2015,6,21,7,WN,4106,N243WN,LAS,SLC,815,810.0,-5.0,7.0,817.0,75.0,70.0,56.0,368,1013.0,7.0,1030,1020.0,-10.0,0,0,,0.0,0.0,0.0,0.0,0.0,2015-06-21,0,0.0,0.0,0.0,0.0,0.0
2015,7,16,4,WN,777,N8657B,LAS,DEN,1130,1138.0,8.0,10.0,1148.0,115.0,97.0,81.0,628,1409.0,6.0,1425,1415.0,-10.0,0,0,,0.0,0.0,0.0,0.0,0.0,2015-07-16,0,0.0,0.0,0.0,0.0,0.0
2015,7,21,2,UA,322,N802UA,SFO,IAH,1212,1226.0,14.0,13.0,1239.0,240.0,224.0,204.0,1635,1803.0,7.0,1812,1810.0,-2.0,0,0,,0.0,0.0,0.0,0.0,0.0,2015-07-21,0,0.0,0.0,0.0,0.0,0.0
2015,7,14,2,WN,1309,N706SW,MDW,PIT,630,633.0,3.0,9.0,642.0,80.0,71.0,57.0,402,839.0,5.0,850,844.0,-6.0,0,0,,0.0,0.0,0.0,0.0,0.0,2015-07-14,0,0.0,0.0,0.0,0.0,0.0
2015,7,17,5,WN,163,N736SA,LGA,MDW,1755,1838.0,43.0,27.0,1905.0,155.0,175.0,124.0,725,2009.0,24.0,1930,2033.0,63.0,0,0,,20.0,0.0,8.0,35.0,0.0,2015-07-17,1,46.51,0.0,18.6,81.4,0.0
2015,7,2,4,HA,56,N383HA,OGG,LAX,2140,2137.0,-3.0,11.0,2148.0,310.0,311.0,291.0,2486,539.0,9.0,550,548.0,-2.0,0,0,,0.0,0.0,0.0,0.0,0.0,2015-07-02,0,0.0,0.0,0.0,0.0,0.0
2015,7,17,5,DL,751,N348NB,ATL,GRR,1100,1100.0,0.0,15.0,1115.0,113.0,104.0,87.0,640,1242.0,2.0,1253,1244.0,-9.0,0,0,,0.0,0.0,0.0,0.0,0.0,2015-07-17,0,0.0,0.0,0.0,0.0,0.0
2015,7,22,3,OO,4483,N817SK,FAR,SLC,1730,1722.0,-8.0,11.0,1733.0,151.0,134.0,118.0,866,1831.0,5.0,1901,1836.0,-25.0,0,0,,0.0,0.0,0.0,0.0,0.0,2015-07-22,0,0.0,0.0,0.0,0.0,0.0
2015,6,28,7,MQ,3295,N604MQ,DFW,RAP,1835,1826.0,-9.0,11.0,1837.0,153.0,138.0,123.0,835,1940.0,4.0,2008,1944.0,-24.0,0,0,,0.0,0.0,0.0,0.0,0.0,2015-06-28,0,0.0,0.0,0.0,0.0,0.0
2015,7,10,5,WN,847,N260WN,LAS,BWI,1755,1815.0,20.0,10.0,1825.0,270.0,248.0,234.0,2106,119.0,4.0,125,123.0,-2.0,0,0,,0.0,0.0,0.0,0.0,0.0,2015-07-10,1,0.0,0.0,0.0,0.0,0.0
2015,7,22,3,EV,5212,N186PQ,CLE,MSP,1540,1531.0,-9.0,9.0,1540.0,124.0,103.0,92.0,622,1612.0,2.0,1644,1614.0,-30.0,0,0,,0.0,0.0,0.0,0.0,0.0,2015-07-22,0,0.0,0.0,0.0,0.0,0.0
2015,6,17,3,WN,1713,N8632A,LAX,MDW,1355,1427.0,32.0,16.0,1443.0,240.0,235.0,210.0,1750,2013.0,9.0,1955,2022.0,27.0,0,0,,0.0,0.0,0.0,27.0,0.0,2015-06-17,1,0.0,0.0,0.0,84.38,0.0
2015,7,7,2,F9,1262,N919FR,LAS,ORD,2325,2325.0,0.0,16.0,2341.0,215.0,207.0,182.0,1514,443.0,9.0,500,452.0,-8.0,0,0,,0.0,0.0,0.0,0.0,0.0,2015-07-07,0,0.0,0.0,0.0,0.0,0.0
2015,7,14,2,DL,1815,N967DL,MSP,ATL,910,926.0,16.0,13.0,939.0,143.0,161.0,137.0,907,1256.0,11.0,1233,1307.0,34.0,0,0,,18.0,0.0,16.0,0.0,0.0,2015-07-14,1,112.5,0.0,100.0,0.0,0.0
2015,6,28,7,AA,1673,N477AA,MSP,DFW,1028,1024.0,-4.0,18.0,1042.0,150.0,145.0,113.0,852,1235.0,14.0,1258,1249.0,-9.0,0,0,,0.0,0.0,0.0,0.0,0.0,2015-06-28,0,0.0,0.0,0.0,0.0,0.0
2015,7,10,5,B6,1407,N375JB,JFK,IAD,1759,1756.0,-3.0,16.0,1812.0,98.0,69.0,46.0,228,1858.0,7.0,1937,1905.0,-32.0,0,0,,0.0,0.0,0.0,0.0,0.0,2015-07-10,0,0.0,0.0,0.0,0.0,0.0
2015,7,5,7,WN,350,N401WN,LAX,SMF,1400,1402.0,2.0,15.0,1417.0,75.0,77.0,58.0,373,1515.0,4.0,1515,1519.0,4.0,0,0,,0.0,0.0,0.0,0.0,0.0,2015-07-05,0,0.0,0.0,0.0,0.0,0.0
2015,7,2,4,AA,1847,N965UW,PHL,MSP,1345,1345.0,0.0,24.0,1409.0,169.0,173.0,141.0,980,1530.0,8.0,1534,1538.0,4.0,0,0,,0.0,0.0,0.0,0.0,0.0,2015-07-02,0,0.0,0.0,0.0,0.0,0.0
2015,7,14,2,WN,756,N567WN,STL,LAS,530,528.0,-2.0,8.0,536.0,205.0,195.0,183.0,1371,639.0,4.0,655,643.0,-12.0,0,0,,0.0,0.0,0.0,0.0,0.0,2015-07-14,0,0.0,0.0,0.0,0.0,0.0
2015,6,14,7,DL,2,N6714Q,JFK,PDX,1835,1900.0,25.0,69.0,2009.0,380.0,432.0,357.0,2454,2306.0,6.0,2155,2312.0,77.0,0,0,,52.0,0.0,0.0,25.0,0.0,2015-06-14,1,208.0,0.0,0.0,100.0,0.0
2015,6,15,1,WN,2151,N460WN,HOU,MSY,535,537.0,2.0,7.0,544.0,65.0,55.0,45.0,302,629.0,3.0,640,632.0,-8.0,0,0,,0.0,0.0,0.0,0.0,0.0,2015-06-15,0,0.0,0.0,0.0,0.0,0.0
2015,7,2,4,WN,999,N7710A,TPA,PVD,1525,1549.0,24.0,16.0,1605.0,170.0,165.0,145.0,1136,1830.0,4.0,1815,1834.0,19.0,0,0,,0.0,0.0,4.0,15.0,0.0,2015-07-02,1,0.0,0.0,16.67,62.5,0.0
2015,7,9,4,WN,4103,N7711N,ATL,DCA,950,954.0,4.0,18.0,1012.0,115.0,107.0,83.0,547,1135.0,6.0,1145,1141.0,-4.0,0,0,,0.0,0.0,0.0,0.0,0.0,2015-07-09,0,0.0,0.0,0.0,0.0,0.0
2015,7,11,6,DL,301,N351NB,BZN,LGA,1315,1320.0,5.0,17.0,1337.0,251.0,251.0,230.0,1894,1927.0,4.0,1926,1931.0,5.0,0,0,,0.0,0.0,0.0,0.0,0.0,2015-07-11,0,0.0,0.0,0.0,0.0,0.0
2015,6,26,5,DL,1960,N692DL,FAI,MSP,2130,2157.0,27.0,9.0,2206.0,314.0,292.0,278.0,2466,544.0,5.0,544,549.0,5.0,0,0,,0.0,0.0,0.0,0.0,0.0,2015-06-26,1,0.0,0.0,0.0,0.0,0.0
2015,7,19,7,WN,356,N640SW,LAX,OAK,2305,30.0,85.0,17.0,47.0,70.0,73.0,50.0,337,137.0,6.0,15,143.0,88.0,0,0,,3.0,0.0,12.0,73.0,0.0,2015-07-19,1,3.53,0.0,14.12,85.88,0.0
2015,6,29,1,UA,318,N417UA,SFO,DEN,1615,1613.0,-2.0,19.0,1632.0,158.0,156.0,130.0,967,1942.0,7.0,1953,1949.0,-4.0,0,0,,0.0,0.0,0.0,0.0,0.0,2015-06-29,0,0.0,0.0,0.0,0.0,0.0
2015,6,18,4,UA,1059,N13718,ORD,IAH,1918,2121.0,123.0,33.0,2154.0,164.0,173.0,134.0,925,8.0,6.0,2202,14.0,132.0,0,0,,9.0,0.0,36.0,87.0,0.0,2015-06-18,1,7.32,0.0,29.27,70.73,0.0
2015,7,21,2,DL,1198,N905DL,RIC,ATL,1917,1957.0,40.0,16.0,2013.0,110.0,92.0,67.0,481,2120.0,9.0,2107,2129.0,22.0,0,0,,0.0,0.0,0.0,22.0,0.0,2015-07-21,1,0.0,0.0,0.0,55.0,0.0
2015,7,12,7,DL,2851,N391DA,SAT,JFK,745,827.0,42.0,8.0,835.0,240.0,222.0,208.0,1587,1303.0,6.0,1245,1309.0,24.0,0,0,,0.0,0.0,24.0,0.0,0.0,2015-07-12,1,0.0,0.0,57.14,0.0,0.0
2015,7,14,2,AA,1280,N468AA,DFW,DTW,720,715.0,-5.0,12.0,727.0,170.0,152.0,131.0,986,1038.0,9.0,1110,1047.0,-23.0,0,0,,0.0,0.0,0.0,0.0,0.0,2015-07-14,0,0.0,0.0,0.0,0.0,0.0
2015,6,30,2,UA,1075,N33714,EWR,SNA,1900,1917.0,17.0,23.0,1940.0,372.0,349.0,321.0,2434,2201.0,5.0,2212,2206.0,-6.0,0,0,,0.0,0.0,0.0,0.0,0.0,2015-06-30,1,0.0,0.0,0.0,0.0,0.0
2015,6,25,4,UA,1187,N78448,BOS,SFO,1446,1821.0,215.0,23.0,1844.0,391.0,382.0,352.0,2704,2136.0,7.0,1817,2143.0,206.0,0,0,,0.0,0.0,17.0,189.0,0.0,2015-06-25,1,0.0,0.0,7.91,87.91,0.0
2015,7,4,6,AA,197,N3DJAA,ORD,LAS,2037,2034.0,-3.0,15.0,2049.0,245.0,230.0,199.0,1514,2208.0,16.0,2242,2224.0,-18.0,0,0,,0.0,0.0,0.0,0.0,0.0,2015-07-04,0,0.0,0.0,0.0,0.0,0.0
2015,7,8,3,WN,884,N931WN,SFO,DEN,555,552.0,-3.0,8.0,600.0,155.0,149.0,133.0,967,913.0,8.0,930,921.0,-9.0,0,0,,0.0,0.0,0.0,0.0,0.0,2015-07-08,0,0.0,0.0,0.0,0.0,0.0
2015,7,2,4,WN,105,N409WN,BWI,SDF,1705,1701.0,-4.0,17.0,1718.0,105.0,102.0,81.0,495,1839.0,4.0,1850,1843.0,-7.0,0,0,,0.0,0.0,0.0,0.0,0.0,2015-07-02,0,0.0,0.0,0.0,0.0,0.0
2015,7,5,7,OO,2880,N868CA,LAX,ABQ,1345,1337.0,-8.0,16.0,1353.0,118.0,117.0,95.0,677,1628.0,6.0,1643,1634.0,-9.0,0,0,,0.0,0.0,0.0,0.0,0.0,2015-07-05,0,0.0,0.0,0.0,0.0,0.0
2015,7,11,6,NK,734,N505NK,DFW,DTW,1945,2007.0,22.0,16.0,2023.0,156.0,155.0,127.0,986,2330.0,12.0,2321,2342.0,21.0,0,0,,0.0,0.0,21.0,0.0,0.0,2015-07-11,1,0.0,0.0,95.45,0.0,0.0
2015,7,5,7,OO,2978,N906SW,DRO,PHX,625,624.0,-1.0,17.0,641.0,77.0,82.0,56.0,351,637.0,9.0,642,646.0,4.0,0,0,,0.0,0.0,0.0,0.0,0.0,2015-07-05,0,0.0,0.0,0.0,0.0,0.0
2015,6,18,4,US,461,N581UW,CLT,SFO,930,928.0,-2.0,13.0,941.0,327.0,303.0,283.0,2296,1124.0,7.0,1157,1131.0,-26.0,0,0,,0.0,0.0,0.0,0.0,0.0,2015-06-18,0,0.0,0.0,0.0,0.0,0.0
2015,7,7,2,VX,874,N527VA,DAL,LGA,1630,1749.0,79.0,12.0,1801.0,200.0,225.0,204.0,1381,2225.0,9.0,2050,2234.0,104.0,0,0,,79.0,0.0,0.0,0.0,25.0,2015-07-07,1,100.0,0.0,0.0,0.0,31.65
2015,6,25,4,AA,152,N3HMAA,DCA,DFW,1345,1345.0,0.0,13.0,1358.0,193.0,184.0,160.0,1192,1538.0,11.0,1558,1549.0,-9.0,0,0,,0.0,0.0,0.0,0.0,0.0,2015-06-25,0,0.0,0.0,0.0,0.0,0.0
2015,7,15,3,AA,1993,N920US,CLT,LAX,735,737.0,2.0,15.0,752.0,308.0,289.0,264.0,2125,916.0,10.0,943,926.0,-17.0,0,0,,0.0,0.0,0.0,0.0,0.0,2015-07-15,0,0.0,0.0,0.0,0.0,0.0
2015,7,7,2,AA,1282,N585AA,ABQ,DFW,623,631.0,8.0,12.0,643.0,109.0,110.0,81.0,569,904.0,17.0,912,921.0,9.0,0,0,,0.0,0.0,0.0,0.0,0.0,2015-07-07,0,0.0,0.0,0.0,0.0,0.0
2015,6,21,7,US,494,N523UW,PHX,DEN,1855,1850.0,-5.0,14.0,1904.0,110.0,115.0,81.0,602,2125.0,20.0,2145,2145.0,0.0,0,0,,0.0,0.0,0.0,0.0,0.0,2015-06-21,0,0.0,0.0,0.0,0.0,0.0
2015,6,27,6,WN,3446,N405WN,MCI,OAK,1625,1632.0,7.0,9.0,1641.0,220.0,203.0,188.0,1489,1749.0,6.0,1805,1755.0,-10.0,0,0,,0.0,0.0,0.0,0.0,0.0,2015-06-27,0,0.0,0.0,0.0,0.0,0.0
2015,7,15,3,AA,481,N550UW,PHL,DEN,800,820.0,20.0,50.0,910.0,251.0,266.0,212.0,1558,1042.0,4.0,1011,1046.0,35.0,0,0,,15.0,0.0,11.0,9.0,0.0,2015-07-15,1,75.0,0.0,55.0,45.0,0.0
2015,6,18,4,US,1722,N813AW,CLT,DCA,940,942.0,2.0,18.0,1000.0,86.0,79.0,58.0,331,1058.0,3.0,1106,1101.0,-5.0,0,0,,0.0,0.0,0.0,0.0,0.0,2015-06-18,0,0.0,0.0,0.0,0.0,0.0
2015,7,13,1,OO,4773,N463SW,SLC,PSC,1520,1513.0,-7.0,23.0,1536.0,100.0,103.0,76.0,521,1552.0,4.0,1600,1556.0,-4.0,0,0,,0.0,0.0,0.0,0.0,0.0,2015-07-13,0,0.0,0.0,0.0,0.0,0.0
2015,7,10,5,EV,2672,N677AE,DFW,VPS,1640,1639.0,-1.0,14.0,1653.0,117.0,111.0,91.0,641,1824.0,6.0,1837,1830.0,-7.0,0,0,,0.0,0.0,0.0,0.0,0.0,2015-07-10,0,0.0,0.0,0.0,0.0,0.0
2015,7,20,1,AA,354,N4WLAA,ORD,TUS,2010,2005.0,-5.0,15.0,2020.0,222.0,208.0,184.0,1437,2124.0,9.0,2152,2133.0,-19.0,0,0,,0.0,0.0,0.0,0.0,0.0,2015-07-20,0,0.0,0.0,0.0,0.0,0.0
2015,7,9,4,DL,109,N587NW,ATL,MCO,1655,1700.0,5.0,12.0,1712.0,100.0,85.0,64.0,404,1816.0,9.0,1835,1825.0,-10.0,0,0,,0.0,0.0,0.0,0.0,0.0,2015-07-09,0,0.0,0.0,0.0,0.0,0.0
2015,7,17,5,B6,428,N586JB,MCO,EWR,2120,2117.0,-3.0,13.0,2130.0,151.0,154.0,134.0,937,2344.0,7.0,2351,2351.0,0.0,0,0,,0.0,0.0,0.0,0.0,0.0,2015-07-17,0,0.0,0.0,0.0,0.0,0.0
2015,7,1,3,EV,5001,N133EV,GSO,ATL,1959,2120.0,81.0,8.0,2128.0,79.0,65.0,49.0,306,2217.0,8.0,2118,2225.0,67.0,0,0,,0.0,0.0,17.0,50.0,0.0,2015-07-01,1,0.0,0.0,20.99,61.73,0.0
2015,7,5,7,WN,24,N521SW,HOU,DAL,1200,1158.0,-2.0,8.0,1206.0,60.0,55.0,44.0,239,1250.0,3.0,1300,1253.0,-7.0,0,0,,0.0,0.0,0.0,0.0,0.0,2015-07-05,0,0.0,0.0,0.0,0.0,0.0
2015,7,18,6,WN,1588,N567WN,SMF,LAS,845,843.0,-2.0,7.0,850.0,80.0,72.0,61.0,397,951.0,4.0,1005,955.0,-10.0,0,0,,0.0,0.0,0.0,0.0,0.0,2015-07-18,0,0.0,0.0,0.0,0.0,0.0
2015,6,24,3,EV,4340,N22909,IAH,CMH,1622,1627.0,5.0,14.0,1641.0,165.0,151.0,129.0,986,1950.0,8.0,2007,1958.0,-9.0,0,0,,0.0,0.0,0.0,0.0,0.0,2015-06-24,0,0.0,0.0,0.0,0.0,0.0
2015,7,5,7,DL,1648,N978AT,MDW,ATL,1219,1217.0,-2.0,9.0,1226.0,121.0,105.0,90.0,591,1456.0,6.0,1520,1502.0,-18.0,0,0,,0.0,0.0,0.0,0.0,0.0,2015-07-05,0,0.0,0.0,0.0,0.0,0.0
2015,7,8,3,EV,5155,N710EV,LGA,CHS,1352,1351.0,-1.0,30.0,1421.0,137.0,122.0,88.0,641,1549.0,4.0,1609,1553.0,-16.0,0,0,,0.0,0.0,0.0,0.0,0.0,2015-07-08,0,0.0,0.0,0.0,0.0,0.0
2015,7,22,3,OO,7414,N463SW,RHI,MSP,716,716.0,0.0,13.0,729.0,53.0,59.0,37.0,190,806.0,9.0,809,815.0,6.0,0,0,,0.0,0.0,0.0,0.0,0.0,2015-07-22,0,0.0,0.0,0.0,0.0,0.0
2015,6,26,5,VX,766,N529VA,DAL,LGA,1035,1124.0,49.0,9.0,1133.0,200.0,191.0,171.0,1381,1524.0,11.0,1455,1535.0,40.0,0,0,,0.0,0.0,0.0,40.0,0.0,2015-06-26,1,0.0,0.0,0.0,81.63,0.0
2015,6,17,3,WN,836,N8305E,AUS,BNA,1330,1326.0,-4.0,7.0,1333.0,120.0,113.0,100.0,756,1513.0,6.0,1530,1519.0,-11.0,0,0,,0.0,0.0,0.0,0.0,0.0,2015-06-17,0,0.0,0.0,0.0,0.0,0.0
2015,7,13,1,EV,4917,N842AS,ATL,LEX,1805,1817.0,12.0,10.0,1827.0,78.0,66.0,51.0,304,1918.0,5.0,1923,1923.0,0.0,0,0,,0.0,0.0,0.0,0.0,0.0,2015-07-13,0,0.0,0.0,0.0,0.0,0.0
2015,7,16,4,NK,424,N523NK,LAX,MSP,1847,1839.0,-8.0,9.0,1848.0,208.0,197.0,182.0,1535,2350.0,6.0,15,2356.0,-19.0,0,0,,0.0,0.0,0.0,0.0,0.0,2015-07-16,0,0.0,0.0,0.0,0.0,0.0
2015,6,14,7,WN,245,N766SW,SMF,BUR,1550,1552.0,2.0,9.0,1601.0,70.0,72.0,58.0,358,1659.0,5.0,1700,1704.0,4.0,0,0,,0.0,0.0,0.0,0.0,0.0,2015-06-14,0,0.0,0.0,0.0,0.0,0.0
2015,7,20,1,B6,1274,N656JB,CHS,JFK,1001,959.0,-2.0,14.0,1013.0,115.0,105.0,87.0,636,1140.0,4.0,1156,1144.0,-12.0,0,0,,0.0,0.0,0.0,0.0,0.0,2015-07-20,0,0.0,0.0,0.0,0.0,0.0
2015,7,20,1,UA,1173,N24212,DEN,SAN,1515,1546.0,31.0,11.0,1557.0,141.0,135.0,117.0,853,1654.0,7.0,1636,1701.0,25.0,0,0,,0.0,0.0,5.0,20.0,0.0,2015-07-20,1,0.0,0.0,16.13,64.52,0.0
2015,7,10,5,AA,190,N4XUAA,DFW,SAT,1625,1623.0,-2.0,9.0,1632.0,64.0,54.0,42.0,247,1714.0,3.0,1729,1717.0,-12.0,0,0,,0.0,0.0,0.0,0.0,0.0,2015-07-10,0,0.0,0.0,0.0,0.0,0.0
2015,7,7,2,UA,1576,N16709,MCI,ORD,1820,1914.0,54.0,30.0,1944.0,99.0,108.0,58.0,403,2042.0,20.0,1959,2102.0,63.0,0,0,,16.0,0.0,0.0,47.0,0.0,2015-07-07,1,29.63,0.0,0.0,87.04,0.0
2015,7,6,1,AA,2276,N574AA,DFW,IND,2015,2217.0,122.0,16.0,2233.0,135.0,131.0,111.0,761,124.0,4.0,2330,128.0,118.0,0,0,,0.0,0.0,31.0,87.0,0.0,2015-07-06,1,0.0,0.0,25.41,71.31,0.0
2015,6,20,6,AA,2445,N862AA,JFK,MCO,700,703.0,3.0,17.0,720.0,178.0,154.0,125.0,944,925.0,12.0,958,937.0,-21.0,0,0,,0.0,0.0,0.0,0.0,0.0,2015-06-20,0,0.0,0.0,0.0,0.0,0.0
2015,6,14,7,OO,4645,N631SK,SLC,LGB,2015,2012.0,-3.0,20.0,2032.0,116.0,116.0,88.0,588,2100.0,8.0,2111,2108.0,-3.0,0,0,,0.0,0.0,0.0,0.0,0.0,2015-06-14,0,0.0,0.0,0.0,0.0,0.0
2015,7,4,6,EV,4728,N16559,CLL,IAH,1415,1412.0,-3.0,12.0,1424.0,40.0,40.0,22.0,74,1446.0,6.0,1455,1452.0,-3.0,0,0,,0.0,0.0,0.0,0.0,0.0,2015-07-04,0,0.0,0.0,0.0,0.0,0.0
2015,6,14,7,MQ,3635,N653MQ,JAX,MIA,859,856.0,-3.0,14.0,910.0,76.0,75.0,56.0,335,1006.0,5.0,1015,1011.0,-4.0,0,0,,0.0,0.0,0.0,0.0,0.0,2015-06-14,0,0.0,0.0,0.0,0.0,0.0
2015,6,19,5,EV,2695,N672AE,DFW,BRO,2220,103.0,163.0,12.0,115.0,96.0,90.0,69.0,482,224.0,9.0,2356,233.0,157.0,0,0,,0.0,0.0,157.0,0.0,0.0,2015-06-19,1,0.0,0.0,96.32,0.0,0.0
2015,7,21,2,WN,201,N511SW,DAL,HOU,630,631.0,1.0,12.0,643.0,60.0,60.0,42.0,239,725.0,6.0,730,731.0,1.0,0,0,,0.0,0.0,0.0,0.0,0.0,2015-07-21,0,0.0,0.0,0.0,0.0,0.0
2015,7,19,7,DL,2613,N958AT,EVV,ATL,600,554.0,-6.0,13.0,607.0,80.0,71.0,53.0,350,800.0,5.0,820,805.0,-15.0,0,0,,0.0,0.0,0.0,0.0,0.0,2015-07-19,0,0.0,0.0,0.0,0.0,0.0
2015,7,8,3,DL,2528,N970AT,CLE,ATL,1421,1420.0,-1.0,16.0,1436.0,109.0,99.0,76.0,554,1552.0,7.0,1610,1559.0,-11.0,0,0,,0.0,0.0,0.0,0.0,0.0,2015-07-08,0,0.0,0.0,0.0,0.0,0.0
2015,6,27,6,UA,1163,N39463,SAN,ORD,635,648.0,13.0,15.0,703.0,252.0,238.0,212.0,1723,1235.0,11.0,1247,1246.0,-1.0,0,0,,0.0,0.0,0.0,0.0,0.0,2015-06-27,0,0.0,0.0,0.0,0.0,0.0
2015,6,16,2,DL,1302,N905DE,SDF,ATL,1232,1227.0,-5.0,21.0,1248.0,96.0,81.0,54.0,321,1342.0,6.0,1408,1348.0,-20.0,0,0,,0.0,0.0,0.0,0.0,0.0,2015-06-16,0,0.0,0.0,0.0,0.0,0.0
2015,7,13,1,AA,2209,N4WPAA,OMA,DFW,600,619.0,19.0,14.0,633.0,114.0,100.0,82.0,583,755.0,4.0,754,759.0,5.0,0,0,,0.0,0.0,0.0,0.0,0.0,2015-07-13,1,0.0,0.0,0.0,0.0,0.0
2015,6,27,6,AA,138,N3BEAA,DFW,DCA,1850,1845.0,-5.0,23.0,1908.0,190.0,174.0,144.0,1192,2232.0,7.0,2300,2239.0,-21.0,0,0,,0.0,0.0,0.0,0.0,0.0,2015-06-27,0,0.0,0.0,0.0,0.0,0.0
2015,6,27,6,DL,2626,N329NB,JAC,MSP,1112,1110.0,-2.0,11.0,1121.0,136.0,135.0,115.0,872,1416.0,9.0,1428,1425.0,-3.0,0,0,,0.0,0.0,0.0,0.0,0.0,2015-06-27,0,0.0,0.0,0.0,0.0,0.0
2015,7,15,3,AA,406,N913US,PDX,PHX,520,513.0,-7.0,12.0,525.0,154.0,146.0,131.0,1009,736.0,3.0,754,739.0,-15.0,0,0,,0.0,0.0,0.0,0.0,0.0,2015-07-15,0,0.0,0.0,0.0,0.0,0.0
2015,7,2,4,WN,696,N253WN,MCO,ABQ,1010,1001.0,-9.0,12.0,1013.0,220.0,214.0,197.0,1553,1130.0,5.0,1150,1135.0,-15.0,0,0,,0.0,0.0,0.0,0.0,0.0,2015-07-02,0,0.0,0.0,0.0,0.0,0.0
2015,6,22,1,DL,1546,N670DN,ATL,PHX,821,822.0,1.0,26.0,848.0,229.0,221.0,191.0,1587,859.0,4.0,910,903.0,-7.0,0,0,,0.0,0.0,0.0,0.0,0.0,2015-06-22,0,0.0,0.0,0.0,0.0,0.0
2015,6,16,2,US,408,N673AW,PHX,PDX,1025,1019.0,-6.0,24.0,1043.0,163.0,170.0,141.0,1009,1304.0,5.0,1308,1309.0,1.0,0,0,,0.0,0.0,0.0,0.0,0.0,2015-06-16,0,0.0,0.0,0.0,0.0,0.0
2015,7,10,5,OO,4774,N693CA,PSC,SLC,1130,1117.0,-13.0,10.0,1127.0,95.0,86.0,72.0,521,1339.0,4.0,1405,1343.0,-22.0,0,0,,0.0,0.0,0.0,0.0,0.0,2015-07-10,0,0.0,0.0,0.0,0.0,0.0
2015,6,17,3,HA,201,N477HA,ITO,HNL,725,719.0,-6.0,8.0,727.0,50.0,50.0,35.0,216,802.0,7.0,815,809.0,-6.0,0,0,,0.0,0.0,0.0,0.0,0.0,2015-06-17,0,0.0,0.0,0.0,0.0,0.0
2015,7,14,2,OO,4564,N416SW,MSP,MOT,902,856.0,-6.0,12.0,908.0,93.0,83.0,67.0,449,1015.0,4.0,1035,1019.0,-16.0,0,0,,0.0,0.0,0.0,0.0,0.0,2015-07-14,0,0.0,0.0,0.0,0.0,0.0
2015,7,17,5,VX,730,N522VA,DAL,DCA,710,709.0,-1.0,11.0,720.0,165.0,166.0,151.0,1184,1051.0,4.0,1055,1055.0,0.0,0,0,,0.0,0.0,0.0,0.0,0.0,2015-07-17,0,0.0,0.0,0.0,0.0,0.0
2015,7,3,5,OO,4457,N460SW,MSP,BIS,909,908.0,-1.0,13.0,921.0,89.0,78.0,61.0,386,1022.0,4.0,1038,1026.0,-12.0,0,0,,0.0,0.0,0.0,0.0,0.0,2015-07-03,0,0.0,0.0,0.0,0.0,0.0
2015,6,23,2,AA,2303,N555AA,DFW,ORD,1015,1028.0,13.0,17.0,1045.0,148.0,139.0,108.0,802,1233.0,14.0,1243,1247.0,4.0,0,0,,0.0,0.0,0.0,0.0,0.0,2015-06-23,0,0.0,0.0,0.0,0.0,0.0
2015,6,18,4,EV,5103,N606LR,CLE,MSP,1945,1944.0,-1.0,8.0,1952.0,110.0,105.0,94.0,622,2026.0,3.0,2035,2029.0,-6.0,0,0,,0.0,0.0,0.0,0.0,0.0,2015-06-18,0,0.0,0.0,0.0,0.0,0.0
2015,6,20,6,UA,428,N459UA,IAH,PBI,1300,1252.0,-8.0,35.0,1327.0,159.0,165.0,126.0,956,1633.0,4.0,1639,1637.0,-2.0,0,0,,0.0,0.0,0.0,0.0,0.0,2015-06-20,0,0.0,0.0,0.0,0.0,0.0
2015,7,7,2,WN,3500,N670SW,SAN,TUS,1810,1810.0,0.0,9.0,1819.0,70.0,64.0,53.0,368,1912.0,2.0,1920,1914.0,-6.0,0,0,,0.0,0.0,0.0,0.0,0.0,2015-07-07,0,0.0,0.0,0.0,0.0,0.0
2015,7,8,3,AA,708,N541UW,CLT,LAX,1645,1807.0,82.0,54.0,1901.0,316.0,361.0,294.0,2125,2055.0,13.0,1901,2108.0,127.0,0,0,,45.0,0.0,0.0,8.0,74.0,2015-07-08,1,54.88,0.0,0.0,9.76,90.24
2015,6,29,1,UA,1194,N69810,IAH,MSY,1324,1531.0,127.0,12.0,1543.0,75.0,64.0,45.0,305,1628.0,7.0,1439,1635.0,116.0,0,0,,0.0,0.0,0.0,116.0,0.0,2015-06-29,1,0.0,0.0,0.0,91.34,0.0
2015,6,19,5,US,1799,N913US,CLT,SFO,1807,1842.0,35.0,41.0,1923.0,328.0,345.0,298.0,2296,2121.0,6.0,2035,2127.0,52.0,0,0,,17.0,0.0,35.0,0.0,0.0,2015-06-19,1,48.57,0.0,100.0,0.0,0.0
2015,7,18,6,WN,980,N736SA,DEN,SAT,1040,1046.0,6.0,9.0,1055.0,125.0,124.0,110.0,794,1345.0,5.0,1345,1350.0,5.0,0,0,,0.0,0.0,0.0,0.0,0.0,2015-07-18,0,0.0,0.0,0.0,0.0,0.0
2015,7,19,7,WN,661,N486WN,SEA,PHX,1550,1614.0,24.0,10.0,1624.0,170.0,162.0,147.0,1107,1851.0,5.0,1840,1856.0,16.0,0,0,,0.0,0.0,11.0,5.0,0.0,2015-07-19,1,0.0,0.0,45.83,20.83,0.0
2015,7,17,5,DL,1500,N968DL,ATL,BOS,1345,1345.0,0.0,16.0,1401.0,164.0,147.0,120.0,946,1601.0,11.0,1629,1612.0,-17.0,0,0,,0.0,0.0,0.0,0.0,0.0,2015-07-17,0,0.0,0.0,0.0,0.0,0.0
2015,6,23,2,WN,3506,N648SW,SJC,SAN,630,626.0,-4.0,13.0,639.0,85.0,82.0,66.0,417,745.0,3.0,755,748.0,-7.0,0,0,,0.0,0.0,0.0,0.0,0.0,2015-06-23,0,0.0,0.0,0.0,0.0,0.0
2015,7,15,3,EV,3940,N17185,ORD,PNS,946,943.0,-3.0,25.0,1008.0,142.0,136.0,107.0,794,1155.0,4.0,1208,1159.0,-9.0,0,0,,0.0,0.0,0.0,0.0,0.0,2015-07-15,0,0.0,0.0,0.0,0.0,0.0
2015,6,28,7,DL,2100,N556NW,ATL,BOS,1913,2108.0,115.0,21.0,2129.0,162.0,145.0,115.0,946,2324.0,9.0,2155,2333.0,98.0,0,0,,98.0,0.0,0.0,0.0,0.0,2015-06-28,1,85.22,0.0,0.0,0.0,0.0
2015,6,20,6,US,1998,N541UW,SJU,CLT,1755,1758.0,3.0,24.0,1822.0,220.0,251.0,192.0,1475,2134.0,35.0,2135,2209.0,34.0,0,0,,31.0,0.0,3.0,0.0,0.0,2015-06-20,0,1033.33,0.0,100.0,0.0,0.0
2015,7,12,7,OO,4493,N426SW,CHO,ATL,1700,1652.0,-8.0,13.0,1705.0,94.0,95.0,71.0,457,1816.0,11.0,1834,1827.0,-7.0,0,0,,0.0,0.0,0.0,0.0,0.0,2015-07-12,0,0.0,0.0,0.0,0.0,0.0
2015,7,20,1,F9,1106,N951FR,SFO,IAH,855,1057.0,122.0,13.0,1110.0,225.0,238.0,214.0,1635,1644.0,11.0,1440,1655.0,135.0,0,0,,16.0,0.0,4.0,115.0,0.0,2015-07-20,1,13.11,0.0,3.28,94.26,0.0
2015,7,14,2,EV,4993,N708EV,RIC,BOS,1729,1759.0,30.0,26.0,1825.0,101.0,109.0,74.0,474,1939.0,9.0,1910,1948.0,38.0,0,0,,8.0,0.0,0.0,30.0,0.0,2015-07-14,1,26.67,0.0,0.0,100.0,0.0
2015,6,26,5,OO,5359,N903SW,ORD,AVL,1409,1406.0,-3.0,36.0,1442.0,111.0,116.0,76.0,536,1658.0,4.0,1700,1702.0,2.0,0,0,,0.0,0.0,0.0,0.0,0.0,2015-06-26,0,0.0,0.0,0.0,0.0,0.0
2015,7,15,3,OO,4684,N821SK,MSP,HLN,1938,1939.0,1.0,21.0,2000.0,159.0,145.0,121.0,913,2101.0,3.0,2117,2104.0,-13.0,0,0,,0.0,0.0,0.0,0.0,0.0,2015-07-15,0,0.0,0.0,0.0,0.0,0.0
2015,7,22,3,DL,2797,N334NW,PBI,LGA,655,650.0,-5.0,15.0,705.0,169.0,153.0,133.0,1035,918.0,5.0,944,923.0,-21.0,0,0,,0.0,0.0,0.0,0.0,0.0,2015-07-22,0,0.0,0.0,0.0,0.0,0.0
2015,6,20,6,NK,816,N504NK,MCI,DTW,1205,1311.0,66.0,16.0,1327.0,114.0,109.0,86.0,629,1553.0,7.0,1459,1600.0,61.0,0,0,,49.0,0.0,12.0,0.0,0.0,2015-06-20,1,74.24,0.0,18.18,0.0,0.0
2015,7,7,2,DL,2185,N6716C,AUS,ATL,600,613.0,13.0,12.0,625.0,133.0,124.0,104.0,813,909.0,8.0,913,917.0,4.0,0,0,,0.0,0.0,0.0,0.0,0.0,2015-07-07,0,0.0,0.0,0.0,0.0,0.0
2015,7,22,3,EV,4390,N14905,CLE,IAD,1018,1011.0,-7.0,12.0,1023.0,80.0,70.0,50.0,288,1113.0,8.0,1138,1121.0,-17.0,0,0,,0.0,0.0,0.0,0.0,0.0,2015-07-22,0,0.0,0.0,0.0,0.0,0.0
2015,7,13,1,WN,2974,N691WN,BNA,PIT,1820,1829.0,9.0,8.0,1837.0,85.0,80.0,68.0,462,2045.0,4.0,2045,2049.0,4.0,0,0,,0.0,0.0,0.0,0.0,0.0,2015-07-13,0,0.0,0.0,0.0,0.0,0.0
2015,7,16,4,UA,479,N473UA,ORD,BUF,737,759.0,22.0,15.0,814.0,88.0,80.0,62.0,473,1016.0,3.0,1005,1019.0,14.0,0,0,,0.0,0.0,0.0,0.0,0.0,2015-07-16,1,0.0,0.0,0.0,0.0,0.0
2015,6,21,7,OO,4773,N442SW,SLC,PSC,1520,1516.0,-4.0,13.0,1529.0,100.0,102.0,83.0,521,1552.0,6.0,1600,1558.0,-2.0,0,0,,0.0,0.0,0.0,0.0,0.0,2015-06-21,0,0.0,0.0,0.0,0.0,0.0
2015,6,17,3,WN,2437,N396SW,SMF,SEA,2020,2025.0,5.0,12.0,2037.0,105.0,101.0,82.0,605,2159.0,7.0,2205,2206.0,1.0,0,0,,0.0,0.0,0.0,0.0,0.0,2015-06-17,0,0.0,0.0,0.0,0.0,0.0
2015,7,6,1,EV,2698,N877AS,DFW,BTR,1840,2324.0,284.0,10.0,2334.0,86.0,70.0,54.0,383,28.0,6.0,2006,34.0,268.0,0,0,,0.0,0.0,169.0,99.0,0.0,2015-07-06,1,0.0,0.0,59.51,34.86,0.0
2015,7,17,5,UA,1758,N14231,PHX,DEN,1140,1159.0,19.0,9.0,1208.0,108.0,92.0,75.0,602,1423.0,8.0,1428,1431.0,3.0,0,0,,0.0,0.0,0.0,0.0,0.0,2015-07-17,1,0.0,0.0,0.0,0.0,0.0
2015,7,9,4,DL,129,N3749D,LAX,SEA,1300,1257.0,-3.0,18.0,1315.0,160.0,157.0,134.0,954,1529.0,5.0,1540,1534.0,-6.0,0,0,,0.0,0.0,0.0,0.0,0.0,2015-07-09,0,0.0,0.0,0.0,0.0,0.0
2015,7,1,3,WN,833,N557WN,CHS,BWI,735,733.0,-2.0,9.0,742.0,90.0,77.0,64.0,472,846.0,4.0,905,850.0,-15.0,0,0,,0.0,0.0,0.0,0.0,0.0,2015-07-01,0,0.0,0.0,0.0,0.0,0.0
2015,6,17,3,MQ,3051,N642MQ,SPS,DFW,533,539.0,6.0,15.0,554.0,46.0,56.0,28.0,113,622.0,13.0,619,635.0,16.0,0,0,,10.0,0.0,6.0,0.0,0.0,2015-06-17,0,166.67,0.0,100.0,0.0,0.0
2015,7,20,1,DL,30,N994DL,DFW,ATL,1716,1714.0,-2.0,22.0,1736.0,137.0,129.0,99.0,731,2015.0,8.0,2033,2023.0,-10.0,0,0,,0.0,0.0,0.0,0.0,0.0,2015-07-20,0,0.0,0.0,0.0,0.0,0.0
2015,7,21,2,WN,9,N521SW,ELP,DAL,545,542.0,-3.0,8.0,550.0,100.0,91.0,79.0,562,809.0,4.0,825,813.0,-12.0,0,0,,0.0,0.0,0.0,0.0,0.0,2015-07-21,0,0.0,0.0,0.0,0.0,0.0
2015,6,21,7,OO,6224,N954SW,RDM,DEN,545,543.0,-2.0,9.0,552.0,145.0,138.0,119.0,898,851.0,10.0,910,901.0,-9.0,0,0,,0.0,0.0,0.0,0.0,0.0,2015-06-21,0,0.0,0.0,0.0,0.0,0.0
2015,7,20,1,UA,1492,N77261,PBI,EWR,2011,2009.0,-2.0,11.0,2020.0,174.0,163.0,141.0,1023,2241.0,11.0,2305,2252.0,-13.0,0,0,,0.0,0.0,0.0,0.0,0.0,2015-07-20,0,0.0,0.0,0.0,0.0,0.0
2015,6,26,5,AA,64,N864AA,MIA,JFK,1240,1300.0,20.0,19.0,1319.0,184.0,161.0,136.0,1089,1535.0,6.0,1544,1541.0,-3.0,0,0,,0.0,0.0,0.0,0.0,0.0,2015-06-26,1,0.0,0.0,0.0,0.0,0.0
2015,6,20,6,UA,410,N412UA,IAH,DEN,722,728.0,6.0,26.0,754.0,154.0,149.0,115.0,862,849.0,8.0,856,857.0,1.0,0,0,,0.0,0.0,0.0,0.0,0.0,2015-06-20,0,0.0,0.0,0.0,0.0,0.0
2015,6,20,6,WN,2275,N7731A,STL,LAX,915,908.0,-7.0,7.0,915.0,240.0,215.0,200.0,1592,1035.0,8.0,1115,1043.0,-32.0,0,0,,0.0,0.0,0.0,0.0,0.0,2015-06-20,0,0.0,0.0,0.0,0.0,0.0
2015,7,21,2,DL,2018,N551NW,MCO,ATL,1120,1119.0,-1.0,13.0,1132.0,105.0,76.0,59.0,404,1231.0,4.0,1305,1235.0,-30.0,0,0,,0.0,0.0,0.0,0.0,0.0,2015-07-21,0,0.0,0.0,0.0,0.0,0.0
2015,6,14,7,MQ,3421,N630MQ,ORD,TOL,2150,2146.0,-4.0,12.0,2158.0,64.0,49.0,35.0,213,2333.0,2.0,2354,2335.0,-19.0,0,0,,0.0,0.0,0.0,0.0,0.0,2015-06-14,0,0.0,0.0,0.0,0.0,0.0
2015,7,2,4,UA,1662,N39463,SFO,ORD,1515,1511.0,-4.0,17.0,1528.0,263.0,247.0,216.0,1846,2104.0,14.0,2138,2118.0,-20.0,0,0,,0.0,0.0,0.0,0.0,0.0,2015-07-02,0,0.0,0.0,0.0,0.0,0.0
2015,6,25,4,US,735,N667AW,PHL,LAS,1555,1608.0,13.0,42.0,1650.0,322.0,345.0,298.0,2176,1848.0,5.0,1817,1853.0,36.0,0,0,,23.0,0.0,10.0,3.0,0.0,2015-06-25,0,176.92,0.0,76.92,23.08,0.0
2015,6,26,5,OO,5616,N945SW,HLN,DEN,710,709.0,-1.0,12.0,721.0,107.0,108.0,87.0,594,848.0,9.0,857,857.0,0.0,0,0,,0.0,0.0,0.0,0.0,0.0,2015-06-26,0,0.0,0.0,0.0,0.0,0.0
2015,7,17,5,WN,119,N422WN,CMH,RSW,535,530.0,-5.0,16.0,546.0,145.0,137.0,117.0,930,743.0,4.0,800,747.0,-13.0,0,0,,0.0,0.0,0.0,0.0,0.0,2015-07-17,0,0.0,0.0,0.0,0.0,0.0
2015,6,20,6,UA,1400,N14250,CLE,IAH,555,553.0,-2.0,15.0,608.0,175.0,170.0,150.0,1091,738.0,5.0,750,743.0,-7.0,0,0,,0.0,0.0,0.0,0.0,0.0,2015-06-20,0,0.0,0.0,0.0,0.0,0.0
2015,7,19,7,UA,1764,N57857,IAH,MCO,850,903.0,13.0,19.0,922.0,146.0,140.0,115.0,854,1217.0,6.0,1216,1223.0,7.0,0,0,,0.0,0.0,0.0,0.0,0.0,2015-07-19,0,0.0,0.0,0.0,0.0,0.0
2015,6,24,3,EV,4415,N14198,BHM,IAH,1621,1851.0,150.0,11.0,1902.0,113.0,104.0,86.0,562,2028.0,7.0,1814,2035.0,141.0,0,0,,0.0,0.0,0.0,141.0,0.0,2015-06-24,1,0.0,0.0,0.0,94.0,0.0
2015,6,26,5,US,1752,N940UW,PHL,SJU,1805,1800.0,-5.0,36.0,1836.0,250.0,241.0,200.0,1576,2156.0,5.0,2215,2201.0,-14.0,0,0,,0.0,0.0,0.0,0.0,0.0,2015-06-26,0,0.0,0.0,0.0,0.0,0.0
2015,7,11,6,OO,5551,N979SW,CID,ORD,718,710.0,-8.0,9.0,719.0,66.0,59.0,37.0,196,756.0,13.0,824,809.0,-15.0,0,0,,0.0,0.0,0.0,0.0,0.0,2015-07-11,0,0.0,0.0,0.0,0.0,0.0
2015,6,25,4,WN,866,N934WN,BDL,MCO,1000,1014.0,14.0,8.0,1022.0,170.0,161.0,143.0,1050,1245.0,10.0,1250,1255.0,5.0,0,0,,0.0,0.0,0.0,0.0,0.0,2015-06-25,0,0.0,0.0,0.0,0.0,0.0
2015,6,27,6,OO,2789,N896SK,SAT,PHX,615,610.0,-5.0,16.0,626.0,143.0,130.0,108.0,843,614.0,6.0,638,620.0,-18.0,0,0,,0.0,0.0,0.0,0.0,0.0,2015-06-27,0,0.0,0.0,0.0,0.0,0.0
2015,7,2,4,VX,241,N634VA,ORD,LAX,1725,1742.0,17.0,27.0,1809.0,260.0,260.0,225.0,1744,1954.0,8.0,1945,2002.0,17.0,0,0,,0.0,0.0,0.0,17.0,0.0,2015-07-02,1,0.0,0.0,0.0,100.0,0.0
2015,6,27,6,WN,1992,N929WN,PDX,DEN,1930,2122.0,112.0,10.0,2132.0,150.0,138.0,123.0,991,35.0,5.0,2300,40.0,100.0,0,0,,0.0,0.0,0.0,100.0,0.0,2015-06-27,1,0.0,0.0,0.0,89.29,0.0
2015,6,27,6,WN,3184,N729SW,LAX,SMF,2145,2227.0,42.0,12.0,2239.0,75.0,72.0,55.0,373,2334.0,5.0,2300,2339.0,39.0,0,0,,0.0,0.0,39.0,0.0,0.0,2015-06-27,1,0.0,0.0,92.86,0.0,0.0
2015,6,29,1,AA,2278,N3LCAA,LAX,ORD,500,452.0,-8.0,13.0,505.0,248.0,251.0,225.0,1744,1050.0,13.0,1108,1103.0,-5.0,0,0,,0.0,0.0,0.0,0.0,0.0,2015-06-29,0,0.0,0.0,0.0,0.0,0.0
2015,6,26,5,UA,741,N474UA,ORD,SFO,1910,1915.0,5.0,27.0,1942.0,285.0,258.0,226.0,1846,2128.0,5.0,2155,2133.0,-22.0,0,0,,0.0,0.0,0.0,0.0,0.0,2015-06-26,0,0.0,0.0,0.0,0.0,0.0
2015,7,6,1,NK,717,N602NK,PHL,MYR,735,727.0,-8.0,16.0,743.0,94.0,87.0,68.0,473,851.0,3.0,909,854.0,-15.0,0,0,,0.0,0.0,0.0,0.0,0.0,2015-07-06,0,0.0,0.0,0.0,0.0,0.0
2015,6,23,2,WN,5,N644SW,MCI,BOS,1210,1248.0,38.0,8.0,1256.0,180.0,170.0,157.0,1256,1633.0,5.0,1610,1638.0,28.0,0,0,,28.0,0.0,0.0,0.0,0.0,2015-06-23,1,73.68,0.0,0.0,0.0,0.0
2015,6,30,2,UA,1621,N15751,IAH,EWR,1250,1315.0,25.0,17.0,1332.0,227.0,253.0,220.0,1400,1812.0,16.0,1737,1828.0,51.0,0,0,,51.0,0.0,0.0,0.0,0.0,2015-06-30,1,204.0,0.0,0.0,0.0,0.0
2015,6,19,5,AA,1412,N3JHAA,DFW,MIA,1340,1409.0,29.0,9.0,1418.0,179.0,163.0,145.0,1121,1743.0,9.0,1739,1752.0,13.0,0,0,,0.0,0.0,0.0,0.0,0.0,2015-06-19,1,0.0,0.0,0.0,0.0,0.0
2015,6,25,4,WN,644,N414WN,BHM,TPA,920,925.0,5.0,9.0,934.0,85.0,76.0,63.0,459,1137.0,4.0,1145,1141.0,-4.0,0,0,,0.0,0.0,0.0,0.0,0.0,2015-06-25,0,0.0,0.0,0.0,0.0,0.0
2015,7,4,6,EV,5064,N751EV,CLE,DTW,1332,1328.0,-4.0,31.0,1359.0,62.0,65.0,28.0,95,1427.0,6.0,1434,1433.0,-1.0,0,0,,0.0,0.0,0.0,0.0,0.0,2015-07-04,0,0.0,0.0,0.0,0.0,0.0
2015,7,17,5,HA,1,N385HA,LAX,HNL,840,836.0,-4.0,17.0,853.0,360.0,342.0,321.0,2556,1114.0,4.0,1140,1118.0,-22.0,0,0,,0.0,0.0,0.0,0.0,0.0,2015-07-17,0,0.0,0.0,0.0,0.0,0.0
2015,7,21,2,AA,375,N487AA,DEN,DFW,1617,1619.0,2.0,22.0,1641.0,122.0,150.0,116.0,641,1937.0,12.0,1919,1949.0,30.0,0,0,,30.0,0.0,0.0,0.0,0.0,2015-07-21,0,1500.0,0.0,0.0,0.0,0.0
2015,7,3,5,DL,1536,N3771K,BWI,DTW,1300,1258.0,-2.0,14.0,1312.0,91.0,83.0,65.0,409,1417.0,4.0,1431,1421.0,-10.0,0,0,,0.0,0.0,0.0,0.0,0.0,2015-07-03,0,0.0,0.0,0.0,0.0,0.0
2015,7,21,2,OO,3447,N227AG,ONT,SEA,1745,1738.0,-7.0,12.0,1750.0,158.0,141.0,126.0,956,1956.0,3.0,2023,1959.0,-24.0,0,0,,0.0,0.0,0.0,0.0,0.0,2015-07-21,0,0.0,0.0,0.0,0.0,0.0
2015,7,1,3,EV,3960,N14920,EWR,SYR,1659,1701.0,2.0,15.0,1716.0,79.0,74.0,44.0,195,1800.0,15.0,1818,1815.0,-3.0,0,0,,0.0,0.0,0.0,0.0,0.0,2015-07-01,0,0.0,0.0,0.0,0.0,0.0
2015,7,5,7,B6,71,N527JB,JFK,SLC,1934,1931.0,-3.0,39.0,2010.0,325.0,317.0,262.0,1990,2232.0,16.0,2259,2248.0,-11.0,0,0,,0.0,0.0,0.0,0.0,0.0,2015-07-05,0,0.0,0.0,0.0,0.0,0.0
2015,6,21,7,DL,836,N666US,HNL,ATL,1550,1547.0,-3.0,19.0,1606.0,498.0,497.0,473.0,4502,559.0,5.0,608,604.0,-4.0,0,0,,0.0,0.0,0.0,0.0,0.0,2015-06-21,0,0.0,0.0,0.0,0.0,0.0
2015,7,18,6,WN,1091,N923WN,MCO,LAS,1055,1056.0,1.0,25.0,1121.0,285.0,281.0,252.0,2039,1233.0,4.0,1240,1237.0,-3.0,0,0,,0.0,0.0,0.0,0.0,0.0,2015-07-18,0,0.0,0.0,0.0,0.0,0.0
2015,6,24,3,WN,1514,N244WN,LAS,AMA,1035,1029.0,-6.0,15.0,1044.0,120.0,118.0,97.0,758,1421.0,6.0,1435,1427.0,-8.0,0,0,,0.0,0.0,0.0,0.0,0.0,2015-06-24,0,0.0,0.0,0.0,0.0,0.0
2015,6,19,5,AA,1465,N3LVAA,TPA,MIA,1751,1750.0,-1.0,13.0,1803.0,74.0,73.0,50.0,204,1853.0,10.0,1905,1903.0,-2.0,0,0,,0.0,0.0,0.0,0.0,0.0,2015-06-19,0,0.0,0.0,0.0,0.0,0.0
2015,7,9,4,EV,4161,N11191,LNK,ORD,510,456.0,-14.0,16.0,512.0,98.0,104.0,71.0,466,623.0,17.0,648,640.0,-8.0,0,0,,0.0,0.0,0.0,0.0,0.0,2015-07-09,0,0.0,0.0,0.0,0.0,0.0
2015,6,15,1,UA,1940,N78511,DEN,ORD,1736,1914.0,98.0,18.0,1932.0,155.0,173.0,115.0,888,2227.0,40.0,2111,2307.0,116.0,0,0,,59.0,0.0,0.0,57.0,0.0,2015-06-15,1,60.2,0.0,0.0,58.16,0.0
2015,7,14,2,DL,2487,N926AT,MSP,PHL,702,659.0,-3.0,16.0,715.0,152.0,160.0,134.0,980,1029.0,10.0,1034,1039.0,5.0,0,0,,0.0,0.0,0.0,0.0,0.0,2015-07-14,0,0.0,0.0,0.0,0.0,0.0
2015,7,3,5,HA,1,N383HA,LAX,HNL,840,843.0,3.0,15.0,858.0,360.0,323.0,304.0,2556,1102.0,4.0,1140,1106.0,-34.0,0,0,,0.0,0.0,0.0,0.0,0.0,2015-07-03,0,0.0,0.0,0.0,0.0,0.0
2015,7,2,4,AA,1477,N3LKAA,RSW,ORD,1341,1336.0,-5.0,15.0,1351.0,188.0,191.0,163.0,1120,1534.0,13.0,1549,1547.0,-2.0,0,0,,0.0,0.0,0.0,0.0,0.0,2015-07-02,0,0.0,0.0,0.0,0.0,0.0
2015,7,15,3,DL,495,N975AT,JFK,CHS,1359,1439.0,40.0,11.0,1450.0,131.0,105.0,87.0,636,1617.0,7.0,1610,1624.0,14.0,0,0,,0.0,0.0,0.0,0.0,0.0,2015-07-15,1,0.0,0.0,0.0,0.0,0.0
2015,6,16,2,OO,5349,N593ML,DLH,ORD,1122,1247.0,85.0,18.0,1305.0,93.0,102.0,66.0,397,1411.0,18.0,1255,1429.0,94.0,0,0,,9.0,0.0,17.0,68.0,0.0,2015-06-16,1,10.59,0.0,20.0,80.0,0.0
2015,6,22,1,WN,1425,N770SA,ABQ,LAS,545,543.0,-2.0,7.0,550.0,90.0,78.0,68.0,486,558.0,3.0,615,601.0,-14.0,0,0,,0.0,0.0,0.0,0.0,0.0,2015-06-22,0,0.0,0.0,0.0,0.0,0.0
2015,6,24,3,AA,25,N3FKAA,DFW,PHL,1230,1447.0,137.0,14.0,1501.0,206.0,188.0,167.0,1303,1848.0,7.0,1656,1855.0,119.0,0,0,,0.0,0.0,12.0,107.0,0.0,2015-06-24,1,0.0,0.0,8.76,78.1,0.0
2015,7,1,3,DL,1547,N918DE,DTW,MKE,1547,1544.0,-3.0,18.0,1602.0,69.0,61.0,41.0,237,1543.0,2.0,1556,1545.0,-11.0,0,0,,0.0,0.0,0.0,0.0,0.0,2015-07-01,0,0.0,0.0,0.0,0.0,0.0
2015,6,15,1,DL,1971,N911DE,ATL,CHS,1755,1903.0,68.0,10.0,1913.0,78.0,54.0,41.0,259,1954.0,3.0,1913,1957.0,44.0,0,0,,0.0,0.0,0.0,44.0,0.0,2015-06-15,1,0.0,0.0,0.0,64.71,0.0
2015,6,16,2,OO,5219,N976SW,ORD,BNA,2105,2100.0,-5.0,14.0,2114.0,97.0,80.0,59.0,409,2213.0,7.0,2242,2220.0,-22.0,0,0,,0.0,0.0,0.0,0.0,0.0,2015-06-16,0,0.0,0.0,0.0,0.0,0.0
2015,7,22,3,AA,1009,N3GEAA,MCO,DFW,1305,1259.0,-6.0,11.0,1310.0,165.0,156.0,134.0,985,1424.0,11.0,1450,1435.0,-15.0,0,0,,0.0,0.0,0.0,0.0,0.0,2015-07-22,0,0.0,0.0,0.0,0.0,0.0
2015,7,16,4,DL,1136,N958DN,ATL,RSW,1402,1407.0,5.0,19.0,1426.0,108.0,96.0,74.0,515,1540.0,3.0,1550,1543.0,-7.0,0,0,,0.0,0.0,0.0,0.0,0.0,2015-07-16,0,0.0,0.0,0.0,0.0,0.0
2015,7,12,7,AA,1769,N539UW,CLT,MCI,1955,2117.0,82.0,14.0,2131.0,140.0,148.0,123.0,808,2234.0,11.0,2115,2245.0,90.0,0,0,,8.0,0.0,82.0,0.0,0.0,2015-07-12,1,9.76,0.0,100.0,0.0,0.0
2015,6,24,3,UA,310,N430UA,ORD,LAX,1345,1344.0,-1.0,17.0,1401.0,271.0,250.0,222.0,1744,1543.0,11.0,1616,1554.0,-22.0,0,0,,0.0,0.0,0.0,0.0,0.0,2015-06-24,0,0.0,0.0,0.0,0.0,0.0
2015,6,19,5,EV,4115,N12201,ORD,FAR,1930,1929.0,-1.0,33.0,2002.0,118.0,128.0,89.0,557,2131.0,6.0,2128,2137.0,9.0,0,0,,0.0,0.0,0.0,0.0,0.0,2015-06-19,0,0.0,0.0,0.0,0.0,0.0
2015,7,21,2,UA,1757,N35204,SJC,IAH,620,615.0,-5.0,18.0,633.0,235.0,232.0,205.0,1608,1158.0,9.0,1215,1207.0,-8.0,0,0,,0.0,0.0,0.0,0.0,0.0,2015-07-21,0,0.0,0.0,0.0,0.0,0.0
2015,6,14,7,WN,848,N619SW,PNS,BNA,1430,1432.0,2.0,7.0,1439.0,80.0,75.0,62.0,391,1541.0,6.0,1550,1547.0,-3.0,0,0,,0.0,0.0,0.0,0.0,0.0,2015-06-14,0,0.0,0.0,0.0,0.0,0.0
2015,7,5,7,WN,795,N499WN,HOU,MSY,1100,1100.0,0.0,11.0,1111.0,65.0,59.0,46.0,302,1157.0,2.0,1205,1159.0,-6.0,0,0,,0.0,0.0,0.0,0.0,0.0,2015-07-05,0,0.0,0.0,0.0,0.0,0.0
2015,7,12,7,AA,445,N538UW,ATL,CLT,700,657.0,-3.0,11.0,708.0,76.0,64.0,41.0,226,749.0,12.0,816,801.0,-15.0,0,0,,0.0,0.0,0.0,0.0,0.0,2015-07-12,0,0.0,0.0,0.0,0.0,0.0
2015,7,9,4,EV,4612,N13118,MHT,EWR,1740,2141.0,241.0,12.0,2153.0,79.0,64.0,45.0,209,2238.0,7.0,1859,2245.0,226.0,0,0,,226.0,0.0,0.0,0.0,0.0,2015-07-09,1,93.78,0.0,0.0,0.0,0.0
2015,7,7,2,DL,1230,N350NA,SLC,PSC,2026,2028.0,2.0,11.0,2039.0,96.0,85.0,69.0,521,2048.0,5.0,2102,2053.0,-9.0,0,0,,0.0,0.0,0.0,0.0,0.0,2015-07-07,0,0.0,0.0,0.0,0.0,0.0
2015,6,29,1,OO,6324,N915SW,MFR,DEN,1441,1434.0,-7.0,10.0,1444.0,159.0,147.0,127.0,964,1751.0,10.0,1820,1801.0,-19.0,0,0,,0.0,0.0,0.0,0.0,0.0,2015-06-29,0,0.0,0.0,0.0,0.0,0.0
2015,6,15,1,AA,1521,N3DTAA,MIA,RDU,1530,1538.0,8.0,10.0,1548.0,125.0,114.0,98.0,700,1726.0,6.0,1735,1732.0,-3.0,0,0,,0.0,0.0,0.0,0.0,0.0,2015-06-15,0,0.0,0.0,0.0,0.0,0.0
2015,6,19,5,B6,1273,N608JB,JFK,CHS,710,719.0,9.0,32.0,751.0,130.0,125.0,90.0,636,921.0,3.0,920,924.0,4.0,0,0,,0.0,0.0,0.0,0.0,0.0,2015-06-19,0,0.0,0.0,0.0,0.0,0.0
2015,7,2,4,B6,433,N306JB,DCA,PBI,1240,1240.0,0.0,19.0,1259.0,142.0,141.0,118.0,857,1457.0,4.0,1502,1501.0,-1.0,0,0,,0.0,0.0,0.0,0.0,0.0,2015-07-02,0,0.0,0.0,0.0,0.0,0.0
2015,6,22,1,UA,1092,N25705,IAH,MIA,715,712.0,-3.0,17.0,729.0,168.0,148.0,127.0,964,1036.0,4.0,1103,1040.0,-23.0,0,0,,0.0,0.0,0.0,0.0,0.0,2015-06-22,0,0.0,0.0,0.0,0.0,0.0
2015,7,19,7,EV,2692,N908EV,DFW,GRK,2205,2158.0,-7.0,12.0,2210.0,50.0,41.0,26.0,134,2236.0,3.0,2255,2239.0,-16.0,0,0,,0.0,0.0,0.0,0.0,0.0,2015-07-19,0,0.0,0.0,0.0,0.0,0.0
2015,6,30,2,DL,1372,N669DN,ATL,JAX,725,722.0,-3.0,15.0,737.0,65.0,64.0,45.0,270,822.0,4.0,830,826.0,-4.0,0,0,,0.0,0.0,0.0,0.0,0.0,2015-06-30,0,0.0,0.0,0.0,0.0,0.0
2015,6,29,1,EV,5081,N861AS,ATL,BTR,2041,2039.0,-2.0,15.0,2054.0,86.0,86.0,66.0,448,2100.0,5.0,2107,2105.0,-2.0,0,0,,0.0,0.0,0.0,0.0,0.0,2015-06-29,0,0.0,0.0,0.0,0.0,0.0
2015,6,23,2,US,457,N182UW,PHX,SLC,1005,1010.0,5.0,18.0,1028.0,99.0,93.0,65.0,507,1233.0,10.0,1244,1243.0,-1.0,0,0,,0.0,0.0,0.0,0.0,0.0,2015-06-23,0,0.0,0.0,0.0,0.0,0.0
2015,7,22,3,EV,4957,N741EV,GSO,LGA,604,558.0,-6.0,11.0,609.0,86.0,80.0,64.0,461,713.0,5.0,730,718.0,-12.0,0,0,,0.0,0.0,0.0,0.0,0.0,2015-07-22,0,0.0,0.0,0.0,0.0,0.0
2015,7,20,1,WN,3397,N736SA,PHX,HOU,1935,1954.0,19.0,13.0,2007.0,150.0,147.0,128.0,1020,15.0,6.0,5,21.0,16.0,0,0,,0.0,0.0,3.0,13.0,0.0,2015-07-20,1,0.0,0.0,15.79,68.42,0.0
2015,7,1,3,EV,5900,N23139,SYR,ORD,1025,1013.0,-12.0,15.0,1028.0,119.0,143.0,117.0,607,1125.0,11.0,1124,1136.0,12.0,0,0,,0.0,0.0,0.0,0.0,0.0,2015-07-01,0,0.0,0.0,0.0,0.0,0.0
2015,6,17,3,UA,1249,N77430,LAS,IAH,1825,1832.0,7.0,10.0,1842.0,184.0,172.0,152.0,1222,2314.0,10.0,2329,2324.0,-5.0,0,0,,0.0,0.0,0.0,0.0,0.0,2015-06-17,0,0.0,0.0,0.0,0.0,0.0
2015,6,16,2,AA,938,N3DSAA,JFK,SJU,2005,1958.0,-7.0,23.0,2021.0,252.0,239.0,197.0,1598,2338.0,19.0,17,2357.0,-20.0,0,0,,0.0,0.0,0.0,0.0,0.0,2015-06-16,0,0.0,0.0,0.0,0.0,0.0
2015,7,1,3,DL,1301,N979DL,BWI,MSP,830,1143.0,193.0,14.0,1157.0,155.0,156.0,138.0,936,1315.0,4.0,1005,1319.0,194.0,0,0,,1.0,0.0,193.0,0.0,0.0,2015-07-01,1,0.52,0.0,100.0,0.0,0.0
2015,6,22,1,WN,3659,N490WN,PHX,SNA,935,932.0,-3.0,9.0,941.0,75.0,63.0,50.0,338,1031.0,4.0,1050,1035.0,-15.0,0,0,,0.0,0.0,0.0,0.0,0.0,2015-06-22,0,0.0,0.0,0.0,0.0,0.0
2015,6,18,4,OO,6433,N771SK,LAX,FAT,2306,2306.0,0.0,19.0,2325.0,69.0,64.0,39.0,209,4.0,6.0,15,10.0,-5.0,0,0,,0.0,0.0,0.0,0.0,0.0,2015-06-18,0,0.0,0.0,0.0,0.0,0.0
2015,7,3,5,DL,2074,N997AT,ATL,LEX,1919,1918.0,-1.0,13.0,1931.0,79.0,71.0,54.0,304,2025.0,4.0,2038,2029.0,-9.0,0,0,,0.0,0.0,0.0,0.0,0.0,2015-07-03,0,0.0,0.0,0.0,0.0,0.0
2015,6,22,1,EV,4631,N14916,BRO,IAH,1915,1906.0,-9.0,10.0,1916.0,75.0,69.0,53.0,308,2009.0,6.0,2030,2015.0,-15.0,0,0,,0.0,0.0,0.0,0.0,0.0,2015-06-22,0,0.0,0.0,0.0,0.0,0.0
2015,7,6,1,AA,620,N180US,ONT,PHX,625,635.0,10.0,16.0,651.0,77.0,75.0,50.0,325,741.0,9.0,742,750.0,8.0,0,0,,0.0,0.0,0.0,0.0,0.0,2015-07-06,0,0.0,0.0,0.0,0.0,0.0
2015,6,14,7,UA,640,N492UA,ORD,PHL,2050,2050.0,0.0,26.0,2116.0,128.0,125.0,94.0,678,2350.0,5.0,2358,2355.0,-3.0,0,0,,0.0,0.0,0.0,0.0,0.0,2015-06-14,0,0.0,0.0,0.0,0.0,0.0
2015,7,3,5,OO,6203,N924SW,FAT,DEN,751,743.0,-8.0,16.0,759.0,142.0,143.0,119.0,844,1058.0,8.0,1113,1106.0,-7.0,0,0,,0.0,0.0,0.0,0.0,0.0,2015-07-03,0,0.0,0.0,0.0,0.0,0.0
2015,7,2,4,AA,2315,N5FNAA,MCO,MIA,1930,1939.0,9.0,19.0,1958.0,68.0,73.0,43.0,192,2041.0,11.0,2038,2052.0,14.0,0,0,,0.0,0.0,0.0,0.0,0.0,2015-07-02,0,0.0,0.0,0.0,0.0,0.0
2015,7,8,3,DL,2106,N325US,BOI,SLC,1310,1301.0,-9.0,12.0,1313.0,68.0,64.0,43.0,290,1356.0,9.0,1418,1405.0,-13.0,0,0,,0.0,0.0,0.0,0.0,0.0,2015-07-08,0,0.0,0.0,0.0,0.0,0.0
2015,7,12,7,EV,5281,N712EV,VPS,ATL,914,909.0,-5.0,10.0,919.0,75.0,69.0,51.0,250,1110.0,8.0,1129,1118.0,-11.0,0,0,,0.0,0.0,0.0,0.0,0.0,2015-07-12,0,0.0,0.0,0.0,0.0,0.0
2015,7,1,3,UA,1911,N87531,MIA,IAH,1455,1512.0,17.0,24.0,1536.0,173.0,166.0,136.0,964,1652.0,6.0,1648,1658.0,10.0,0,0,,0.0,0.0,0.0,0.0,0.0,2015-07-01,1,0.0,0.0,0.0,0.0,0.0
2015,6,21,7,MQ,3214,N656MQ,ALO,ORD,1450,1451.0,1.0,10.0,1501.0,71.0,64.0,41.0,234,1542.0,13.0,1601,1555.0,-6.0,0,0,,0.0,0.0,0.0,0.0,0.0,2015-06-21,0,0.0,0.0,0.0,0.0,0.0
2015,6,17,3,NK,417,N629NK,DTW,FLL,645,645.0,0.0,20.0,705.0,176.0,176.0,151.0,1127,936.0,5.0,941,941.0,0.0,0,0,,0.0,0.0,0.0,0.0,0.0,2015-06-17,0,0.0,0.0,0.0,0.0,0.0
2015,7,12,7,WN,4148,N275WN,MDW,OKC,825,844.0,19.0,5.0,849.0,125.0,106.0,96.0,691,1025.0,5.0,1030,1030.0,0.0,0,0,,0.0,0.0,0.0,0.0,0.0,2015-07-12,1,0.0,0.0,0.0,0.0,0.0
2015,7,9,4,WN,2077,N263WN,ATL,MDW,2055,2102.0,7.0,20.0,2122.0,125.0,116.0,82.0,591,2144.0,14.0,2200,2158.0,-2.0,0,0,,0.0,0.0,0.0,0.0,0.0,2015-07-09,0,0.0,0.0,0.0,0.0,0.0
2015,6,19,5,EV,5189,N738EV,RIC,DTW,620,614.0,-6.0,9.0,623.0,103.0,90.0,76.0,456,739.0,5.0,803,744.0,-19.0,0,0,,0.0,0.0,0.0,0.0,0.0,2015-06-19,0,0.0,0.0,0.0,0.0,0.0
2015,7,21,2,MQ,3486,N662MQ,ORD,MQT,1820,1817.0,-3.0,30.0,1847.0,83.0,87.0,51.0,303,2038.0,6.0,2043,2044.0,1.0,0,0,,0.0,0.0,0.0,0.0,0.0,2015-07-21,0,0.0,0.0,0.0,0.0,0.0
2015,6,29,1,WN,528,N706SW,DEN,MSP,1700,1658.0,-2.0,15.0,1713.0,115.0,124.0,101.0,680,1954.0,8.0,1955,2002.0,7.0,0,0,,0.0,0.0,0.0,0.0,0.0,2015-06-29,0,0.0,0.0,0.0,0.0,0.0
2015,6,24,3,AA,40,N3CHAA,BOS,ORD,1930,1923.0,-7.0,17.0,1940.0,166.0,167.0,141.0,867,2101.0,9.0,2116,2110.0,-6.0,0,0,,0.0,0.0,0.0,0.0,0.0,2015-06-24,0,0.0,0.0,0.0,0.0,0.0
2015,7,8,3,WN,723,N625SW,HOU,BNA,1210,1218.0,8.0,9.0,1227.0,110.0,111.0,94.0,670,1401.0,8.0,1400,1409.0,9.0,0,0,,0.0,0.0,0.0,0.0,0.0,2015-07-08,0,0.0,0.0,0.0,0.0,0.0
2015,6,25,4,WN,1451,N271LV,BDL,BWI,1215,1210.0,-5.0,5.0,1215.0,70.0,54.0,46.0,283,1301.0,3.0,1325,1304.0,-21.0,0,0,,0.0,0.0,0.0,0.0,0.0,2015-06-25,0,0.0,0.0,0.0,0.0,0.0
2015,7,15,3,UA,1228,N23707,ORD,DCA,1400,1356.0,-4.0,18.0,1414.0,119.0,106.0,84.0,612,1638.0,4.0,1659,1642.0,-17.0,0,0,,0.0,0.0,0.0,0.0,0.0,2015-07-15,0,0.0,0.0,0.0,0.0,0.0
2015,7,18,6,DL,109,N954DL,ATL,MCO,1655,1726.0,31.0,21.0,1747.0,96.0,89.0,58.0,404,1845.0,10.0,1831,1855.0,24.0,0,0,,0.0,0.0,0.0,0.0,24.0,2015-07-18,1,0.0,0.0,0.0,0.0,77.42
2015,6,25,4,HA,18,N370HA,HNL,LAS,1515,1509.0,-6.0,16.0,1525.0,340.0,357.0,328.0,2762,2353.0,13.0,2355,6.0,11.0,0,0,,0.0,0.0,0.0,0.0,0.0,2015-06-25,0,0.0,0.0,0.0,0.0,0.0
2015,6,19,5,AA,1298,N3KJAA,DFW,SNA,715,709.0,-6.0,16.0,725.0,190.0,178.0,157.0,1205,802.0,5.0,825,807.0,-18.0,0,0,,0.0,0.0,0.0,0.0,0.0,2015-06-19,0,0.0,0.0,0.0,0.0,0.0
2015,7,9,4,DL,844,N311US,DFW,SLC,1925,2036.0,71.0,20.0,2056.0,164.0,171.0,144.0,989,2220.0,7.0,2109,2227.0,78.0,0,0,,7.0,0.0,8.0,63.0,0.0,2015-07-09,1,9.86,0.0,11.27,88.73,0.0
2015,7,2,4,UA,621,N477UA,IAH,TPA,1059,1105.0,6.0,14.0,1119.0,137.0,129.0,112.0,787,1411.0,3.0,1416,1414.0,-2.0,0,0,,0.0,0.0,0.0,0.0,0.0,2015-07-02,0,0.0,0.0,0.0,0.0,0.0
2015,7,2,4,AA,1846,N704US,DCA,TPA,1145,1146.0,1.0,19.0,1205.0,137.0,155.0,131.0,814,1416.0,5.0,1402,1421.0,19.0,0,0,,18.0,0.0,1.0,0.0,0.0,2015-07-02,0,1800.0,0.0,100.0,0.0,0.0
2015,6,24,3,VX,744,N629VA,SFO,SEA,1420,1420.0,0.0,12.0,1432.0,115.0,110.0,89.0,679,1601.0,9.0,1615,1610.0,-5.0,0,0,,0.0,0.0,0.0,0.0,0.0,2015-06-24,0,0.0,0.0,0.0,0.0,0.0
2015,7,21,2,EV,2615,N672AE,TYS,ORD,1145,1130.0,-15.0,22.0,1152.0,107.0,119.0,80.0,475,1212.0,17.0,1232,1229.0,-3.0,0,0,,0.0,0.0,0.0,0.0,0.0,2015-07-21,0,0.0,0.0,0.0,0.0,0.0
2015,7,13,1,B6,1245,N216JB,BOS,CLT,836,1103.0,147.0,19.0,1122.0,138.0,135.0,111.0,728,1313.0,5.0,1054,1318.0,144.0,0,0,,0.0,0.0,116.0,0.0,28.0,2015-07-13,1,0.0,0.0,78.91,0.0,19.05
2015,6,22,1,DL,991,N950DN,ATL,DTW,1215,1213.0,-2.0,16.0,1229.0,115.0,117.0,89.0,594,1358.0,12.0,1410,1410.0,0.0,0,0,,0.0,0.0,0.0,0.0,0.0,2015-06-22,0,0.0,0.0,0.0,0.0,0.0
2015,6,20,6,WN,1252,N263WN,BWI,DEN,1800,1829.0,29.0,16.0,1845.0,245.0,261.0,240.0,1491,2045.0,5.0,2005,2050.0,45.0,0,0,,16.0,0.0,28.0,1.0,0.0,2015-06-20,1,55.17,0.0,96.55,3.45,0.0
2015,6,25,4,AA,1567,N4XJAA,STL,LAX,800,838.0,38.0,9.0,847.0,240.0,234.0,203.0,1592,1010.0,22.0,1000,1032.0,32.0,0,0,,0.0,0.0,32.0,0.0,0.0,2015-06-25,1,0.0,0.0,84.21,0.0,0.0
2015,7,13,1,AA,1913,N753US,CLT,PHL,635,630.0,-5.0,14.0,644.0,96.0,89.0,71.0,449,755.0,4.0,811,759.0,-12.0,0,0,,0.0,0.0,0.0,0.0,0.0,2015-07-13,0,0.0,0.0,0.0,0.0,0.0
2015,7,12,7,AS,472,N318AS,SEA,LAX,1445,1452.0,7.0,21.0,1513.0,169.0,163.0,131.0,954,1724.0,11.0,1734,1735.0,1.0,0,0,,0.0,0.0,0.0,0.0,0.0,2015-07-12,0,0.0,0.0,0.0,0.0,0.0
2015,7,14,2,DL,2403,N953AT,CHO,ATL,640,633.0,-7.0,9.0,642.0,96.0,77.0,64.0,457,746.0,4.0,816,750.0,-26.0,0,0,,0.0,0.0,0.0,0.0,0.0,2015-07-14,0,0.0,0.0,0.0,0.0,0.0
2015,7,9,4,DL,2236,N340NW,ATL,PHL,1345,1345.0,0.0,29.0,1414.0,132.0,135.0,99.0,666,1553.0,7.0,1557,1600.0,3.0,0,0,,0.0,0.0,0.0,0.0,0.0,2015-07-09,0,0.0,0.0,0.0,0.0,0.0
2015,7,17,5,UA,1479,N79402,ORD,SAN,1220,1255.0,35.0,17.0,1312.0,255.0,245.0,223.0,1723,1455.0,5.0,1435,1500.0,25.0,0,0,,0.0,0.0,2.0,23.0,0.0,2015-07-17,1,0.0,0.0,5.71,65.71,0.0
2015,7,19,7,DL,1991,N635DL,MSP,ATL,520,545.0,25.0,9.0,554.0,140.0,131.0,114.0,907,848.0,8.0,840,856.0,16.0,0,0,,0.0,0.0,16.0,0.0,0.0,2015-07-19,1,0.0,0.0,64.0,0.0,0.0
2015,6,18,4,US,1780,N802AW,DTW,CLT,655,651.0,-4.0,11.0,702.0,106.0,97.0,78.0,500,820.0,8.0,841,828.0,-13.0,0,0,,0.0,0.0,0.0,0.0,0.0,2015-06-18,0,0.0,0.0,0.0,0.0,0.0
2015,6,17,3,AS,457,N453AS,LAX,SEA,1735,1748.0,13.0,19.0,1807.0,159.0,152.0,125.0,954,2012.0,8.0,2014,2020.0,6.0,0,0,,0.0,0.0,0.0,0.0,0.0,2015-06-17,0,0.0,0.0,0.0,0.0,0.0
2015,6,23,2,WN,3,N755SA,LAS,BDL,1800,1833.0,33.0,10.0,1843.0,295.0,267.0,251.0,2297,154.0,6.0,155,200.0,5.0,0,0,,0.0,0.0,0.0,0.0,0.0,2015-06-23,1,0.0,0.0,0.0,0.0,0.0
2015,6,21,7,US,2164,N944UW,DCA,LGA,1500,1535.0,35.0,41.0,1616.0,86.0,93.0,47.0,214,1703.0,5.0,1626,1708.0,42.0,0,0,,7.0,0.0,7.0,28.0,0.0,2015-06-21,1,20.0,0.0,20.0,80.0,0.0
2015,7,10,5,NK,676,N625NK,FLL,MCO,2018,2015.0,-3.0,10.0,2025.0,61.0,67.0,33.0,177,2058.0,24.0,2119,2122.0,3.0,0,0,,0.0,0.0,0.0,0.0,0.0,2015-07-10,0,0.0,0.0,0.0,0.0,0.0
2015,7,20,1,WN,339,N417WN,FLL,BNA,1925,2137.0,132.0,10.0,2147.0,135.0,124.0,106.0,793,2233.0,8.0,2040,2241.0,121.0,0,0,,0.0,0.0,121.0,0.0,0.0,2015-07-20,1,0.0,0.0,91.67,0.0,0.0
2015,7,13,1,HA,286,N490HA,HNL,OGG,553,545.0,-8.0,9.0,554.0,40.0,38.0,23.0,100,617.0,6.0,633,623.0,-10.0,0,0,,0.0,0.0,0.0,0.0,0.0,2015-07-13,0,0.0,0.0,0.0,0.0,0.0
2015,6,19,5,US,1818,N751UW,CLT,PBI,2210,2207.0,-3.0,15.0,2222.0,105.0,105.0,85.0,590,2347.0,5.0,2355,2352.0,-3.0,0,0,,0.0,0.0,0.0,0.0,0.0,2015-06-19,0,0.0,0.0,0.0,0.0,0.0
2015,7,1,3,AA,2182,N3EJAA,DFW,LGA,1400,1400.0,0.0,13.0,1413.0,214.0,197.0,179.0,1389,1812.0,5.0,1834,1817.0,-17.0,0,0,,0.0,0.0,0.0,0.0,0.0,2015-07-01,0,0.0,0.0,0.0,0.0,0.0
2015,7,7,2,AA,561,N152UW,PHX,LAS,1010,1003.0,-7.0,18.0,1021.0,73.0,71.0,43.0,255,1104.0,10.0,1123,1114.0,-9.0,0,0,,0.0,0.0,0.0,0.0,0.0,2015-07-07,0,0.0,0.0,0.0,0.0,0.0
2015,6,18,4,MQ,3109,N932MQ,SGF,ORD,1150,1231.0,41.0,12.0,1243.0,99.0,90.0,70.0,438,1353.0,8.0,1329,1401.0,32.0,0,0,,0.0,0.0,2.0,30.0,0.0,2015-06-18,1,0.0,0.0,4.88,73.17,0.0
2015,7,17,5,DL,1989,N376NW,DTW,CLT,1955,1950.0,-5.0,16.0,2006.0,107.0,95.0,70.0,500,2116.0,9.0,2142,2125.0,-17.0,0,0,,0.0,0.0,0.0,0.0,0.0,2015-07-17,0,0.0,0.0,0.0,0.0,0.0
2015,6,20,6,AA,225,N357AA,DFW,HNL,1400,1414.0,14.0,27.0,1441.0,494.0,493.0,461.0,3784,1722.0,5.0,1714,1727.0,13.0,0,0,,0.0,0.0,0.0,0.0,0.0,2015-06-20,0,0.0,0.0,0.0,0.0,0.0
2015,6,20,6,WN,3372,N782SA,GEG,LAS,1430,1431.0,1.0,13.0,1444.0,135.0,126.0,107.0,806,1631.0,6.0,1645,1637.0,-8.0,0,0,,0.0,0.0,0.0,0.0,0.0,2015-06-20,0,0.0,0.0,0.0,0.0,0.0
2015,7,9,4,B6,1586,N368JB,MCO,BUF,1735,1731.0,-4.0,18.0,1749.0,155.0,148.0,127.0,1011,1956.0,3.0,2010,1959.0,-11.0,0,0,,0.0,0.0,0.0,0.0,0.0,2015-07-09,0,0.0,0.0,0.0,0.0,0.0
2015,6,29,1,US,1750,N723UW,CLT,DCA,1800,1754.0,-6.0,11.0,1805.0,84.0,73.0,60.0,331,1905.0,2.0,1924,1907.0,-17.0,0,0,,0.0,0.0,0.0,0.0,0.0,2015-06-29,0,0.0,0.0,0.0,0.0,0.0
2015,6,23,2,UA,1403,N24729,PDX,ORD,619,617.0,-2.0,11.0,628.0,236.0,211.0,190.0,1739,1138.0,10.0,1215,1148.0,-27.0,0,0,,0.0,0.0,0.0,0.0,0.0,2015-06-23,0,0.0,0.0,0.0,0.0,0.0
2015,7,13,1,NK,224,N635NK,ORD,LGA,552,546.0,-6.0,13.0,559.0,128.0,146.0,107.0,733,846.0,26.0,900,912.0,12.0,0,0,,0.0,0.0,0.0,0.0,0.0,2015-07-13,0,0.0,0.0,0.0,0.0,0.0
2015,6,26,5,DL,1295,N301NB,PIT,ATL,1119,1150.0,31.0,10.0,1200.0,104.0,95.0,80.0,526,1320.0,5.0,1303,1325.0,22.0,0,0,,0.0,0.0,1.0,21.0,0.0,2015-06-26,1,0.0,0.0,3.23,67.74,0.0
2015,7,12,7,AA,232,N3CYAA,DFW,ATL,1515,1519.0,4.0,16.0,1535.0,139.0,139.0,105.0,731,1820.0,18.0,1834,1838.0,4.0,0,0,,0.0,0.0,0.0,0.0,0.0,2015-07-12,0,0.0,0.0,0.0,0.0,0.0
2015,7,18,6,B6,269,N524JB,BOS,FLL,615,613.0,-2.0,19.0,632.0,197.0,182.0,156.0,1237,908.0,7.0,932,915.0,-17.0,0,0,,0.0,0.0,0.0,0.0,0.0,2015-07-18,0,0.0,0.0,0.0,0.0,0.0
2015,7,13,1,DL,1829,N534US,DTW,MIA,738,735.0,-3.0,18.0,753.0,177.0,167.0,133.0,1145,1006.0,16.0,1035,1022.0,-13.0,0,0,,0.0,0.0,0.0,0.0,0.0,2015-07-13,0,0.0,0.0,0.0,0.0,0.0
2015,7,2,4,AA,1732,N767UW,CLT,DCA,735,731.0,-4.0,9.0,740.0,79.0,66.0,51.0,331,831.0,6.0,854,837.0,-17.0,0,0,,0.0,0.0,0.0,0.0,0.0,2015-07-02,0,0.0,0.0,0.0,0.0,0.0
2015,7,3,5,DL,958,N962DN,CLT,MSP,830,824.0,-6.0,11.0,835.0,162.0,140.0,126.0,930,941.0,3.0,1012,944.0,-28.0,0,0,,0.0,0.0,0.0,0.0,0.0,2015-07-03,0,0.0,0.0,0.0,0.0,0.0
2015,7,9,4,MQ,3681,N520MQ,ORD,OKC,727,725.0,-2.0,20.0,745.0,126.0,119.0,96.0,693,921.0,3.0,933,924.0,-9.0,0,0,,0.0,0.0,0.0,0.0,0.0,2015-07-09,0,0.0,0.0,0.0,0.0,0.0
2015,7,19,7,B6,1886,N318JB,PIT,BOS,2022,2042.0,20.0,10.0,2052.0,88.0,90.0,75.0,496,2207.0,5.0,2150,2212.0,22.0,0,0,,2.0,0.0,3.0,17.0,0.0,2015-07-19,1,10.0,0.0,15.0,85.0,0.0
2015,7,19,7,EV,4874,N135EV,CID,ATL,1110,1110.0,0.0,11.0,1121.0,119.0,133.0,111.0,694,1412.0,11.0,1409,1423.0,14.0,0,0,,0.0,0.0,0.0,0.0,0.0,2015-07-19,0,0.0,0.0,0.0,0.0,0.0
2015,7,13,1,MQ,3105,N689MQ,DFW,DRO,2200,2215.0,15.0,14.0,2229.0,124.0,113.0,95.0,674,2304.0,4.0,2304,2308.0,4.0,0,0,,0.0,0.0,0.0,0.0,0.0,2015-07-13,0,0.0,0.0,0.0,0.0,0.0
2015,6,17,3,UA,1021,N47414,LAX,EWR,600,603.0,3.0,22.0,625.0,327.0,323.0,291.0,2454,1416.0,10.0,1427,1426.0,-1.0,0,0,,0.0,0.0,0.0,0.0,0.0,2015-06-17,0,0.0,0.0,0.0,0.0,0.0
2015,6,15,1,MQ,3247,N663MQ,FNT,ORD,537,527.0,-10.0,23.0,550.0,82.0,72.0,41.0,223,531.0,8.0,559,539.0,-20.0,0,0,,0.0,0.0,0.0,0.0,0.0,2015-06-15,0,0.0,0.0,0.0,0.0,0.0
2015,6,30,2,EV,5961,N14905,SCE,ORD,709,659.0,-10.0,7.0,706.0,108.0,110.0,87.0,528,733.0,16.0,757,749.0,-8.0,0,0,,0.0,0.0,0.0,0.0,0.0,2015-06-30,0,0.0,0.0,0.0,0.0,0.0
2015,7,8,3,AA,1717,N668AW,CLT,FLL,2205,2209.0,4.0,12.0,2221.0,111.0,103.0,88.0,632,2349.0,3.0,2356,2352.0,-4.0,0,0,,0.0,0.0,0.0,0.0,0.0,2015-07-08,0,0.0,0.0,0.0,0.0,0.0
2015,7,10,5,HA,285,N483HA,OGG,HNL,701,652.0,-9.0,6.0,658.0,35.0,36.0,23.0,100,721.0,7.0,736,728.0,-8.0,0,0,,0.0,0.0,0.0,0.0,0.0,2015-07-10,0,0.0,0.0,0.0,0.0,0.0
2015,7,14,2,EV,5248,N867AS,ATL,SGF,1250,1308.0,18.0,12.0,1320.0,106.0,101.0,85.0,563,1345.0,4.0,1336,1349.0,13.0,0,0,,0.0,0.0,0.0,0.0,0.0,2015-07-14,1,0.0,0.0,0.0,0.0,0.0
2015,6,28,7,OO,6440,N130SY,LAX,SFO,1230,1230.0,0.0,18.0,1248.0,87.0,70.0,49.0,337,1337.0,3.0,1357,1340.0,-17.0,0,0,,0.0,0.0,0.0,0.0,0.0,2015-06-28,0,0.0,0.0,0.0,0.0,0.0
2015,6,17,3,WN,274,N944WN,LAS,IAD,925,938.0,13.0,8.0,946.0,275.0,251.0,239.0,2065,1645.0,4.0,1700,1649.0,-11.0,0,0,,0.0,0.0,0.0,0.0,0.0,2015-06-17,0,0.0,0.0,0.0,0.0,0.0
2015,7,1,3,EV,5491,N919EV,OAJ,ATL,600,551.0,-9.0,12.0,603.0,84.0,82.0,66.0,399,709.0,4.0,724,713.0,-11.0,0,0,,0.0,0.0,0.0,0.0,0.0,2015-07-01,0,0.0,0.0,0.0,0.0,0.0
2015,7,16,4,AS,727,N305AS,IAH,SEA,510,503.0,-7.0,27.0,530.0,280.0,279.0,244.0,1874,734.0,8.0,750,742.0,-8.0,0,0,,0.0,0.0,0.0,0.0,0.0,2015-07-16,0,0.0,0.0,0.0,0.0,0.0
2015,6,14,7,EV,4984,N723EV,MSP,GRB,957,954.0,-3.0,15.0,1009.0,68.0,64.0,47.0,252,1056.0,2.0,1105,1058.0,-7.0,0,0,,0.0,0.0,0.0,0.0,0.0,2015-06-14,0,0.0,0.0,0.0,0.0,0.0
2015,7,14,2,B6,1186,N239JB,RDU,JFK,1954,2232.0,158.0,23.0,2255.0,111.0,89.0,63.0,427,2358.0,3.0,2145,1.0,136.0,0,0,,0.0,0.0,84.0,52.0,0.0,2015-07-14,1,0.0,0.0,53.16,32.91,0.0
2015,7,16,4,NK,615,N632NK,FLL,TPA,2150,2141.0,-9.0,12.0,2153.0,55.0,54.0,37.0,197,2230.0,5.0,2245,2235.0,-10.0,0,0,,0.0,0.0,0.0,0.0,0.0,2015-07-16,0,0.0,0.0,0.0,0.0,0.0
2015,6,22,1,EV,4294,N11547,SAV,EWR,1735,1735.0,0.0,14.0,1749.0,132.0,133.0,112.0,708,1941.0,7.0,1947,1948.0,1.0,0,0,,0.0,0.0,0.0,0.0,0.0,2015-06-22,0,0.0,0.0,0.0,0.0,0.0
2015,7,20,1,WN,3238,N8612K,SNA,LAS,1245,1243.0,-2.0,8.0,1251.0,65.0,56.0,39.0,226,1330.0,9.0,1350,1339.0,-11.0,0,0,,0.0,0.0,0.0,0.0,0.0,2015-07-20,0,0.0,0.0,0.0,0.0,0.0
2015,6,30,2,EV,2636,N680AE,VPS,DFW,735,729.0,-6.0,10.0,739.0,128.0,132.0,107.0,641,926.0,15.0,943,941.0,-2.0,0,0,,0.0,0.0,0.0,0.0,0.0,2015-06-30,0,0.0,0.0,0.0,0.0,0.0
2015,7,9,4,UA,1976,N23708,MSP,ORD,1624,1659.0,35.0,11.0,1710.0,95.0,71.0,51.0,334,1801.0,9.0,1759,1810.0,11.0,0,0,,0.0,0.0,0.0,0.0,0.0,2015-07-09,1,0.0,0.0,0.0,0.0,0.0
2015,7,10,5,OO,4623,N613QX,PDX,SEA,1352,1345.0,-7.0,16.0,1401.0,54.0,50.0,31.0,129,1432.0,3.0,1446,1435.0,-11.0,0,0,,0.0,0.0,0.0,0.0,0.0,2015-07-10,0,0.0,0.0,0.0,0.0,0.0
2015,7,11,6,DL,1173,N3744F,MSP,DTW,1015,1008.0,-7.0,14.0,1022.0,103.0,89.0,69.0,528,1231.0,6.0,1258,1237.0,-21.0,0,0,,0.0,0.0,0.0,0.0,0.0,2015-07-11,0,0.0,0.0,0.0,0.0,0.0
2015,7,10,5,EV,4713,N11565,ORD,ERI,2105,2057.0,-8.0,21.0,2118.0,84.0,87.0,61.0,398,2319.0,5.0,2329,2324.0,-5.0,0,0,,0.0,0.0,0.0,0.0,0.0,2015-07-10,0,0.0,0.0,0.0,0.0,0.0
2015,6,17,3,WN,4558,N710SW,SFO,MKE,1335,1333.0,-2.0,45.0,1418.0,245.0,259.0,209.0,1845,1947.0,5.0,1940,1952.0,12.0,0,0,,0.0,0.0,0.0,0.0,0.0,2015-06-17,0,0.0,0.0,0.0,0.0,0.0
2015,7,12,7,EV,5087,N883AS,MLU,ATL,1128,1133.0,5.0,18.0,1151.0,98.0,106.0,75.0,448,1406.0,13.0,1406,1419.0,13.0,0,0,,0.0,0.0,0.0,0.0,0.0,2015-07-12,0,0.0,0.0,0.0,0.0,0.0
2015,7,21,2,DL,2287,N907DA,MSP,BZN,858,855.0,-3.0,14.0,909.0,145.0,137.0,119.0,874,1008.0,4.0,1023,1012.0,-11.0,0,0,,0.0,0.0,0.0,0.0,0.0,2015-07-21,0,0.0,0.0,0.0,0.0,0.0
2015,6,18,4,MQ,3340,N663MQ,DFW,LIT,2150,2300.0,70.0,15.0,2315.0,77.0,72.0,51.0,304,6.0,6.0,2307,12.0,65.0,0,0,,0.0,0.0,19.0,46.0,0.0,2015-06-18,1,0.0,0.0,27.14,65.71,0.0
2015,6,17,3,OO,6415,N934SW,BNA,DEN,842,837.0,-5.0,14.0,851.0,173.0,173.0,150.0,1014,1021.0,9.0,1035,1030.0,-5.0,0,0,,0.0,0.0,0.0,0.0,0.0,2015-06-17,0,0.0,0.0,0.0,0.0,0.0
2015,6,18,4,B6,1403,N804JB,JFK,SJU,533,528.0,-5.0,21.0,549.0,224.0,219.0,192.0,1598,901.0,6.0,917,907.0,-10.0,0,0,,0.0,0.0,0.0,0.0,0.0,2015-06-18,0,0.0,0.0,0.0,0.0,0.0
2015,7,13,1,EV,2734,N879AS,MEI,PIB,1435,1443.0,8.0,9.0,1452.0,30.0,28.0,16.0,69,1508.0,3.0,1505,1511.0,6.0,0,0,,0.0,0.0,0.0,0.0,0.0,2015-07-13,0,0.0,0.0,0.0,0.0,0.0
2015,6,16,2,WN,890,N8329B,HOU,BWI,820,824.0,4.0,7.0,831.0,185.0,168.0,156.0,1246,1207.0,5.0,1225,1212.0,-13.0,0,0,,0.0,0.0,0.0,0.0,0.0,2015-06-16,0,0.0,0.0,0.0,0.0,0.0
2015,7,9,4,WN,1546,N278WN,AMA,LAS,1505,1502.0,-3.0,5.0,1507.0,125.0,130.0,111.0,758,1458.0,14.0,1510,1512.0,2.0,0,0,,0.0,0.0,0.0,0.0,0.0,2015-07-09,0,0.0,0.0,0.0,0.0,0.0
2015,6,27,6,EV,5334,N900EV,ABY,ATL,1200,1200.0,0.0,5.0,1205.0,57.0,51.0,38.0,145,1243.0,8.0,1257,1251.0,-6.0,0,0,,0.0,0.0,0.0,0.0,0.0,2015-06-27,0,0.0,0.0,0.0,0.0,0.0
2015,6,23,2,AA,313,N3JGAA,MIA,BWI,1905,1911.0,6.0,83.0,2034.0,156.0,260.0,171.0,946,2325.0,6.0,2141,2331.0,110.0,0,0,,110.0,0.0,0.0,0.0,0.0,2015-06-23,0,1833.33,0.0,0.0,0.0,0.0
2015,7,16,4,DL,795,N333NW,MSP,GRR,1315,1312.0,-3.0,20.0,1332.0,79.0,79.0,54.0,408,1526.0,5.0,1534,1531.0,-3.0,0,0,,0.0,0.0,0.0,0.0,0.0,2015-07-16,0,0.0,0.0,0.0,0.0,0.0
2015,7,6,1,WN,4493,N259WN,LAS,DEN,1010,1019.0,9.0,9.0,1028.0,110.0,106.0,85.0,628,1253.0,12.0,1300,1305.0,5.0,0,0,,0.0,0.0,0.0,0.0,0.0,2015-07-06,0,0.0,0.0,0.0,0.0,0.0
2015,7,7,2,WN,756,N251WN,BUR,SMF,1115,1112.0,-3.0,9.0,1121.0,70.0,68.0,56.0,358,1217.0,3.0,1225,1220.0,-5.0,0,0,,0.0,0.0,0.0,0.0,0.0,2015-07-07,0,0.0,0.0,0.0,0.0,0.0
2015,7,11,6,AA,351,N483AA,IAH,DFW,1606,1706.0,60.0,12.0,1718.0,79.0,81.0,41.0,224,1759.0,28.0,1725,1827.0,62.0,0,0,,2.0,0.0,0.0,60.0,0.0,2015-07-11,1,3.33,0.0,0.0,100.0,0.0
2015,7,18,6,AA,1457,N3MAAA,PHL,ORD,510,509.0,-1.0,10.0,519.0,135.0,122.0,106.0,678,605.0,6.0,625,611.0,-14.0,0,0,,0.0,0.0,0.0,0.0,0.0,2015-07-18,0,0.0,0.0,0.0,0.0,0.0
2015,7,10,5,MQ,3164,N618MQ,ORD,FNT,1640,1639.0,-1.0,14.0,1653.0,71.0,54.0,37.0,223,1830.0,3.0,1851,1833.0,-18.0,0,0,,0.0,0.0,0.0,0.0,0.0,2015-07-10,0,0.0,0.0,0.0,0.0,0.0
2015,7,3,5,DL,1841,N3740C,SJU,JFK,1400,1357.0,-3.0,14.0,1411.0,240.0,237.0,198.0,1598,1729.0,25.0,1800,1754.0,-6.0,0,0,,0.0,0.0,0.0,0.0,0.0,2015-07-03,0,0.0,0.0,0.0,0.0,0.0
2015,6,24,3,WN,723,N751SW,MCI,BWI,2010,2028.0,18.0,10.0,2038.0,150.0,131.0,115.0,967,2333.0,6.0,2340,2339.0,-1.0,0,0,,0.0,0.0,0.0,0.0,0.0,2015-06-24,1,0.0,0.0,0.0,0.0,0.0
2015,7,20,1,OO,5480,N957SW,DEN,GTF,1456,1458.0,2.0,14.0,1512.0,113.0,105.0,88.0,624,1640.0,3.0,1649,1643.0,-6.0,0,0,,0.0,0.0,0.0,0.0,0.0,2015-07-20,0,0.0,0.0,0.0,0.0,0.0
2015,7,6,1,HA,26,N396HA,HNL,PDX,1405,1406.0,1.0,14.0,1420.0,325.0,348.0,327.0,2603,2247.0,7.0,2230,2254.0,24.0,0,0,,0.0,0.0,24.0,0.0,0.0,2015-07-06,0,0.0,0.0,2400.0,0.0,0.0
2015,6,27,6,B6,481,N266JB,DCA,RSW,1521,1545.0,24.0,55.0,1640.0,153.0,184.0,126.0,892,1846.0,3.0,1754,1849.0,55.0,0,0,,31.0,0.0,10.0,14.0,0.0,2015-06-27,1,129.17,0.0,41.67,58.33,0.0
2015,7,15,3,EV,4243,N11547,EWR,STL,1015,1255.0,160.0,30.0,1325.0,157.0,165.0,125.0,872,1430.0,10.0,1152,1440.0,168.0,0,0,,8.0,0.0,6.0,154.0,0.0,2015-07-15,1,5.0,0.0,3.75,96.25,0.0
2015,6,27,6,US,848,N801AW,RDU,CLT,1120,1115.0,-5.0,19.0,1134.0,61.0,67.0,37.0,130,1211.0,11.0,1221,1222.0,1.0,0,0,,0.0,0.0,0.0,0.0,0.0,2015-06-27,0,0.0,0.0,0.0,0.0,0.0
2015,6,23,2,WN,2433,N406WN,SMF,LAX,1600,1612.0,12.0,14.0,1626.0,80.0,82.0,58.0,373,1724.0,10.0,1720,1734.0,14.0,0,0,,0.0,0.0,0.0,0.0,0.0,2015-06-23,0,0.0,0.0,0.0,0.0,0.0
2015,7,3,5,OO,2890,N869AS,LAX,SLC,1849,1845.0,-4.0,20.0,1905.0,106.0,108.0,83.0,590,2128.0,5.0,2135,2133.0,-2.0,0,0,,0.0,0.0,0.0,0.0,0.0,2015-07-03,0,0.0,0.0,0.0,0.0,0.0
2015,7,9,4,WN,134,N204WN,ATL,PBI,2215,2211.0,-4.0,23.0,2234.0,110.0,107.0,80.0,545,2354.0,4.0,5,2358.0,-7.0,0,0,,0.0,0.0,0.0,0.0,0.0,2015-07-09,0,0.0,0.0,0.0,0.0,0.0
2015,7,21,2,WN,895,N8630B,MCO,MDW,1915,1933.0,18.0,11.0,1944.0,175.0,161.0,138.0,990,2102.0,12.0,2110,2114.0,4.0,0,0,,0.0,0.0,0.0,0.0,0.0,2015-07-21,1,0.0,0.0,0.0,0.0,0.0
2015,6,29,1,MQ,3499,N686MQ,DFW,GRR,1510,1512.0,2.0,14.0,1526.0,157.0,147.0,129.0,931,1835.0,4.0,1847,1839.0,-8.0,0,0,,0.0,0.0,0.0,0.0,0.0,2015-06-29,0,0.0,0.0,0.0,0.0,0.0
2015,7,20,1,DL,2311,N971AT,JFK,BOS,700,655.0,-5.0,15.0,710.0,85.0,67.0,45.0,187,755.0,7.0,825,802.0,-23.0,0,0,,0.0,0.0,0.0,0.0,0.0,2015-07-20,0,0.0,0.0,0.0,0.0,0.0
2015,6,29,1,WN,915,N340LV,LAX,OAK,1015,1013.0,-2.0,10.0,1023.0,70.0,67.0,51.0,337,1114.0,6.0,1125,1120.0,-5.0,0,0,,0.0,0.0,0.0,0.0,0.0,2015-06-29,0,0.0,0.0,0.0,0.0,0.0
2015,7,21,2,B6,283,N588JB,JFK,MCO,1545,1613.0,28.0,43.0,1656.0,187.0,185.0,137.0,944,1913.0,5.0,1852,1918.0,26.0,0,0,,0.0,0.0,12.0,14.0,0.0,2015-07-21,1,0.0,0.0,42.86,50.0,0.0
2015,7,1,3,B6,83,N705JB,JFK,MCO,1213,1211.0,-2.0,15.0,1226.0,169.0,158.0,138.0,944,1444.0,5.0,1502,1449.0,-13.0,0,0,,0.0,0.0,0.0,0.0,0.0,2015-07-01,0,0.0,0.0,0.0,0.0,0.0
2015,6,16,2,DL,1598,N968AT,GRR,DTW,600,558.0,-2.0,10.0,608.0,51.0,54.0,32.0,120,640.0,12.0,651,652.0,1.0,0,0,,0.0,0.0,0.0,0.0,0.0,2015-06-16,0,0.0,0.0,0.0,0.0,0.0
2015,7,20,1,OO,4667,N418SW,FWA,DTW,605,600.0,-5.0,6.0,606.0,49.0,45.0,31.0,128,637.0,8.0,654,645.0,-9.0,0,0,,0.0,0.0,0.0,0.0,0.0,2015-07-20,0,0.0,0.0,0.0,0.0,0.0
2015,6,16,2,WN,4913,N382SW,ROC,BWI,1840,1858.0,18.0,11.0,1909.0,70.0,64.0,48.0,277,1957.0,5.0,1950,2002.0,12.0,0,0,,0.0,0.0,0.0,0.0,0.0,2015-06-16,1,0.0,0.0,0.0,0.0,0.0
2015,7,13,1,AA,1596,N485AA,DFW,SAT,2225,2221.0,-4.0,10.0,2231.0,67.0,53.0,40.0,247,2311.0,3.0,2332,2314.0,-18.0,0,0,,0.0,0.0,0.0,0.0,0.0,2015-07-13,0,0.0,0.0,0.0,0.0,0.0
2015,7,2,4,DL,2253,N589NW,MSP,SEA,1735,1731.0,-4.0,12.0,1743.0,219.0,215.0,196.0,1399,1859.0,7.0,1914,1906.0,-8.0,0,0,,0.0,0.0,0.0,0.0,0.0,2015-07-02,0,0.0,0.0,0.0,0.0,0.0
2015,7,18,6,MQ,3087,N681MQ,DFW,MHK,900,853.0,-7.0,17.0,910.0,93.0,85.0,64.0,431,1014.0,4.0,1033,1018.0,-15.0,0,0,,0.0,0.0,0.0,0.0,0.0,2015-07-18,0,0.0,0.0,0.0,0.0,0.0
2015,7,13,1,WN,16,N424WN,HOU,DAL,1000,959.0,-1.0,6.0,1005.0,60.0,51.0,40.0,239,1045.0,5.0,1100,1050.0,-10.0,0,0,,0.0,0.0,0.0,0.0,0.0,2015-07-13,0,0.0,0.0,0.0,0.0,0.0
2015,7,17,5,DL,1745,N378NW,SMF,MSP,700,656.0,-4.0,10.0,706.0,201.0,196.0,179.0,1517,1205.0,7.0,1221,1212.0,-9.0,0,0,,0.0,0.0,0.0,0.0,0.0,2015-07-17,0,0.0,0.0,0.0,0.0,0.0
2015,7,7,2,AA,2441,N483AA,DFW,OKC,1855,1850.0,-5.0,22.0,1912.0,68.0,58.0,30.0,175,1942.0,6.0,2003,1948.0,-15.0,0,0,,0.0,0.0,0.0,0.0,0.0,2015-07-07,0,0.0,0.0,0.0,0.0,0.0
2015,6,24,3,B6,886,N630JB,RDU,JFK,1010,1017.0,7.0,24.0,1041.0,98.0,92.0,64.0,427,1145.0,4.0,1148,1149.0,1.0,0,0,,0.0,0.0,0.0,0.0,0.0,2015-06-24,0,0.0,0.0,0.0,0.0,0.0
2015,6,27,6,WN,1530,N428WN,OMA,LAS,1440,1452.0,12.0,10.0,1502.0,170.0,155.0,138.0,1099,1520.0,7.0,1530,1527.0,-3.0,0,0,,0.0,0.0,0.0,0.0,0.0,2015-06-27,0,0.0,0.0,0.0,0.0,0.0
2015,7,4,6,DL,1540,N911DE,OKC,ATL,600,557.0,-3.0,12.0,609.0,128.0,125.0,106.0,761,855.0,7.0,908,902.0,-6.0,0,0,,0.0,0.0,0.0,0.0,0.0,2015-07-04,0,0.0,0.0,0.0,0.0,0.0
2015,6,23,2,AS,322,N703AS,SEA,SJC,1605,1600.0,-5.0,11.0,1611.0,120.0,117.0,100.0,697,1751.0,6.0,1805,1757.0,-8.0,0,0,,0.0,0.0,0.0,0.0,0.0,2015-06-23,0,0.0,0.0,0.0,0.0,0.0
2015,7,20,1,OO,7415,N426SW,MSP,RHI,1954,1952.0,-2.0,19.0,2011.0,66.0,61.0,34.0,190,2045.0,8.0,2100,2053.0,-7.0,0,0,,0.0,0.0,0.0,0.0,0.0,2015-07-20,0,0.0,0.0,0.0,0.0,0.0
2015,7,8,3,DL,2027,N369NW,MSP,SFO,2152,2213.0,21.0,19.0,2232.0,245.0,226.0,203.0,1589,2355.0,4.0,2357,2359.0,2.0,0,0,,0.0,0.0,0.0,0.0,0.0,2015-07-08,1,0.0,0.0,0.0,0.0,0.0
2015,6,24,3,WN,268,N782SA,OAK,MCI,1750,1749.0,-1.0,9.0,1758.0,195.0,194.0,177.0,1489,2255.0,8.0,2305,2303.0,-2.0,0,0,,0.0,0.0,0.0,0.0,0.0,2015-06-24,0,0.0,0.0,0.0,0.0,0.0
2015,7,14,2,AA,244,N3MNAA,DFW,EWR,1405,1549.0,104.0,19.0,1608.0,213.0,230.0,197.0,1372,2025.0,14.0,1838,2039.0,121.0,0,0,,121.0,0.0,0.0,0.0,0.0,2015-07-14,1,116.35,0.0,0.0,0.0,0.0
2015,7,9,4,UA,308,N467UA,LGA,IAH,1350,1358.0,8.0,33.0,1431.0,236.0,220.0,182.0,1416,1633.0,5.0,1646,1638.0,-8.0,0,0,,0.0,0.0,0.0,0.0,0.0,2015-07-09,0,0.0,0.0,0.0,0.0,0.0
2015,7,12,7,EV,5947,N14904,ORD,AVP,2059,2055.0,-4.0,23.0,2118.0,113.0,113.0,85.0,632,2343.0,5.0,2352,2348.0,-4.0,0,0,,0.0,0.0,0.0,0.0,0.0,2015-07-12,0,0.0,0.0,0.0,0.0,0.0
2015,7,13,1,AA,1017,N3KTAA,MIA,ORD,1211,1207.0,-4.0,19.0,1226.0,200.0,211.0,179.0,1197,1425.0,13.0,1431,1438.0,7.0,0,0,,0.0,0.0,0.0,0.0,0.0,2015-07-13,0,0.0,0.0,0.0,0.0,0.0
2015,7,17,5,OO,4496,N554CA,SLC,IAH,855,855.0,0.0,20.0,915.0,186.0,172.0,149.0,1195,1244.0,3.0,1301,1247.0,-14.0,0,0,,0.0,0.0,0.0,0.0,0.0,2015-07-17,0,0.0,0.0,0.0,0.0,0.0
2015,6,16,2,US,1715,N831AW,BDL,CLT,1255,1252.0,-3.0,11.0,1303.0,128.0,123.0,93.0,644,1436.0,19.0,1503,1455.0,-8.0,0,0,,0.0,0.0,0.0,0.0,0.0,2015-06-16,0,0.0,0.0,0.0,0.0,0.0
2015,6,25,4,WN,1430,N738CB,MCI,BNA,600,611.0,11.0,10.0,621.0,85.0,81.0,66.0,491,727.0,5.0,725,732.0,7.0,0,0,,0.0,0.0,0.0,0.0,0.0,2015-06-25,0,0.0,0.0,0.0,0.0,0.0
2015,7,1,3,AA,657,N732US,RSW,CLT,1015,1011.0,-4.0,10.0,1021.0,113.0,107.0,86.0,600,1147.0,11.0,1208,1158.0,-10.0,0,0,,0.0,0.0,0.0,0.0,0.0,2015-07-01,0,0.0,0.0,0.0,0.0,0.0
2015,7,3,5,UA,625,N818UA,SAT,ORD,1351,1339.0,-12.0,14.0,1353.0,177.0,160.0,134.0,1041,1607.0,12.0,1648,1619.0,-29.0,0,0,,0.0,0.0,0.0,0.0,0.0,2015-07-03,0,0.0,0.0,0.0,0.0,0.0
2015,7,14,2,VX,456,N528VA,AUS,DAL,1935,1921.0,-14.0,8.0,1929.0,55.0,50.0,38.0,189,2007.0,4.0,2030,2011.0,-19.0,0,0,,0.0,0.0,0.0,0.0,0.0,2015-07-14,0,0.0,0.0,0.0,0.0,0.0
2015,6,26,5,OO,5410,N980SW,EAU,ORD,1851,1908.0,17.0,12.0,1920.0,77.0,77.0,47.0,268,2007.0,18.0,2008,2025.0,17.0,0,0,,1.0,0.0,0.0,16.0,0.0,2015-06-26,1,5.88,0.0,0.0,94.12,0.0
2015,6,26,5,OO,2863,N464SW,SLC,LAX,705,658.0,-7.0,18.0,716.0,119.0,118.0,88.0,590,744.0,12.0,804,756.0,-8.0,0,0,,0.0,0.0,0.0,0.0,0.0,2015-06-26,0,0.0,0.0,0.0,0.0,0.0
2015,7,22,3,DL,2223,N722TW,PDX,JFK,1155,1204.0,9.0,12.0,1216.0,325.0,294.0,273.0,2454,1949.0,9.0,2020,1958.0,-22.0,0,0,,0.0,0.0,0.0,0.0,0.0,2015-07-22,0,0.0,0.0,0.0,0.0,0.0
2015,7,20,1,EV,5314,N707EV,MDT,DTW,1124,1118.0,-6.0,12.0,1130.0,90.0,86.0,64.0,371,1234.0,10.0,1254,1244.0,-10.0,0,0,,0.0,0.0,0.0,0.0,0.0,2015-07-20,0,0.0,0.0,0.0,0.0,0.0
2015,7,9,4,AA,2222,N858AA,AUS,DFW,1425,1433.0,8.0,13.0,1446.0,66.0,66.0,43.0,190,1529.0,10.0,1531,1539.0,8.0,0,0,,0.0,0.0,0.0,0.0,0.0,2015-07-09,0,0.0,0.0,0.0,0.0,0.0
2015,6,26,5,US,599,N818AW,PHX,SJC,1640,1640.0,0.0,13.0,1653.0,107.0,100.0,84.0,621,1817.0,3.0,1827,1820.0,-7.0,0,0,,0.0,0.0,0.0,0.0,0.0,2015-06-26,0,0.0,0.0,0.0,0.0,0.0
2015,7,6,1,EV,4933,N857AS,CHA,ATL,700,656.0,-4.0,8.0,704.0,46.0,48.0,34.0,106,738.0,6.0,746,744.0,-2.0,0,0,,0.0,0.0,0.0,0.0,0.0,2015-07-06,0,0.0,0.0,0.0,0.0,0.0
2015,7,15,3,WN,2425,N914WN,PDX,PHX,1115,1444.0,209.0,7.0,1451.0,155.0,145.0,132.0,1009,1703.0,6.0,1350,1709.0,199.0,0,0,,0.0,0.0,4.0,195.0,0.0,2015-07-15,1,0.0,0.0,1.91,93.3,0.0
2015,6,20,6,WN,4054,N485WN,BWI,ORF,1150,1150.0,0.0,11.0,1201.0,55.0,44.0,29.0,159,1230.0,4.0,1245,1234.0,-11.0,0,0,,0.0,0.0,0.0,0.0,0.0,2015-06-20,0,0.0,0.0,0.0,0.0,0.0
2015,7,19,7,UA,1914,N87513,IAH,SJU,2359,56.0,57.0,9.0,105.0,273.0,260.0,246.0,2007,611.0,5.0,532,616.0,44.0,0,0,,0.0,0.0,24.0,20.0,0.0,2015-07-19,1,0.0,0.0,42.11,35.09,0.0
2015,7,2,4,EV,3925,N29906,IAH,BTR,1431,1429.0,-2.0,12.0,1441.0,67.0,59.0,39.0,253,1520.0,8.0,1538,1528.0,-10.0,0,0,,0.0,0.0,0.0,0.0,0.0,2015-07-02,0,0.0,0.0,0.0,0.0,0.0
2015,6,27,6,DL,1302,N937AT,ATL,SDF,1032,1031.0,-1.0,20.0,1051.0,78.0,73.0,50.0,321,1141.0,3.0,1150,1144.0,-6.0,0,0,,0.0,0.0,0.0,0.0,0.0,2015-06-27,0,0.0,0.0,0.0,0.0,0.0
2015,6,16,2,UA,1551,N68880,PBI,EWR,1135,1315.0,100.0,15.0,1330.0,171.0,159.0,136.0,1023,1546.0,8.0,1426,1554.0,88.0,0,0,,0.0,0.0,5.0,83.0,0.0,2015-06-16,1,0.0,0.0,5.0,83.0,0.0
2015,6,25,4,AA,345,N3KHAA,LGA,ORD,1640,1637.0,-3.0,21.0,1658.0,178.0,164.0,126.0,733,1804.0,17.0,1838,1821.0,-17.0,0,0,,0.0,0.0,0.0,0.0,0.0,2015-06-25,0,0.0,0.0,0.0,0.0,0.0
2015,6,22,1,MQ,3310,N603MQ,SJT,DFW,1634,1619.0,-15.0,4.0,1623.0,66.0,55.0,42.0,229,1705.0,9.0,1740,1714.0,-26.0,0,0,,0.0,0.0,0.0,0.0,0.0,2015-06-22,0,0.0,0.0,0.0,0.0,0.0
2015,7,7,2,DL,711,N356NW,SMF,MSP,40,29.0,-11.0,10.0,39.0,198.0,189.0,175.0,1517,534.0,4.0,558,538.0,-20.0,0,0,,0.0,0.0,0.0,0.0,0.0,2015-07-07,0,0.0,0.0,0.0,0.0,0.0
2015,7,12,7,B6,2092,N273JB,ACK,JFK,1644,1641.0,-3.0,31.0,1712.0,76.0,74.0,37.0,199,1749.0,6.0,1800,1755.0,-5.0,0,0,,0.0,0.0,0.0,0.0,0.0,2015-07-12,0,0.0,0.0,0.0,0.0,0.0
2015,7,9,4,MQ,3670,N939MQ,ORD,GRR,1832,1829.0,-3.0,18.0,1847.0,66.0,48.0,26.0,137,2013.0,4.0,2038,2017.0,-21.0,0,0,,0.0,0.0,0.0,0.0,0.0,2015-07-09,0,0.0,0.0,0.0,0.0,0.0
2015,7,15,3,AA,1473,N4YSAA,ATL,DFW,1446,1444.0,-2.0,14.0,1458.0,139.0,123.0,101.0,731,1539.0,8.0,1605,1547.0,-18.0,0,0,,0.0,0.0,0.0,0.0,0.0,2015-07-15,0,0.0,0.0,0.0,0.0,0.0
2015,7,22,3,WN,232,N730SW,CAK,MCO,1200,1156.0,-4.0,10.0,1206.0,140.0,168.0,149.0,861,1435.0,9.0,1420,1444.0,24.0,0,0,,24.0,0.0,0.0,0.0,0.0,2015-07-22,0,-600.0,-0.0,-0.0,-0.0,-0.0
2015,6,29,1,WN,2263,N296WN,AUS,DAL,1840,1847.0,7.0,8.0,1855.0,55.0,55.0,38.0,189,1933.0,9.0,1935,1942.0,7.0,0,0,,0.0,0.0,0.0,0.0,0.0,2015-06-29,0,0.0,0.0,0.0,0.0,0.0
2015,6,26,5,DL,382,N910DN,JAX,ATL,1959,2016.0,17.0,15.0,2031.0,79.0,70.0,44.0,270,2115.0,11.0,2118,2126.0,8.0,0,0,,0.0,0.0,0.0,0.0,0.0,2015-06-26,1,0.0,0.0,0.0,0.0,0.0
2015,7,12,7,WN,695,N8324A,DAL,BWI,605,605.0,0.0,10.0,615.0,180.0,167.0,150.0,1209,945.0,7.0,1005,952.0,-13.0,0,0,,0.0,0.0,0.0,0.0,0.0,2015-07-12,0,0.0,0.0,0.0,0.0,0.0
2015,7,5,7,OO,4715,N8965E,MSP,ISN,2158,2155.0,-3.0,37.0,2232.0,114.0,132.0,89.0,546,1.0,6.0,2352,7.0,15.0,0,0,,15.0,0.0,0.0,0.0,0.0,2015-07-05,0,-500.0,-0.0,-0.0,-0.0,-0.0
2015,6,15,1,DL,1092,N918DL,GSP,ATL,700,657.0,-3.0,23.0,720.0,55.0,58.0,31.0,153,751.0,4.0,755,755.0,0.0,0,0,,0.0,0.0,0.0,0.0,0.0,2015-06-15,0,0.0,0.0,0.0,0.0,0.0
2015,7,1,3,DL,2143,N340NB,MSP,PIT,1514,1514.0,0.0,13.0,1527.0,117.0,102.0,86.0,726,1753.0,3.0,1811,1756.0,-15.0,0,0,,0.0,0.0,0.0,0.0,0.0,2015-07-01,0,0.0,0.0,0.0,0.0,0.0
2015,7,12,7,MQ,3437,N630MQ,PIA,ORD,1017,1005.0,-12.0,18.0,1023.0,58.0,60.0,31.0,130,1054.0,11.0,1115,1105.0,-10.0,0,0,,0.0,0.0,0.0,0.0,0.0,2015-07-12,0,0.0,0.0,0.0,0.0,0.0
2015,6,18,4,US,1770,N833AW,CLT,ORF,919,916.0,-3.0,11.0,927.0,65.0,62.0,48.0,290,1015.0,3.0,1024,1018.0,-6.0,0,0,,0.0,0.0,0.0,0.0,0.0,2015-06-18,0,0.0,0.0,0.0,0.0,0.0
2015,6,28,7,AS,164,N762AS,ANC,ADK,1455,1441.0,-14.0,23.0,1504.0,184.0,180.0,152.0,1192,1636.0,5.0,1659,1641.0,-18.0,0,0,,0.0,0.0,0.0,0.0,0.0,2015-06-28,0,0.0,0.0,0.0,0.0,0.0
2015,7,5,7,WN,3943,N376SW,PHX,SJC,1810,2002.0,112.0,9.0,2011.0,105.0,102.0,89.0,621,2140.0,4.0,1955,2144.0,109.0,0,0,,0.0,0.0,2.0,107.0,0.0,2015-07-05,1,0.0,0.0,1.79,95.54,0.0
2015,6,26,5,WN,4105,N225WN,DEN,LAS,535,532.0,-3.0,15.0,547.0,110.0,105.0,84.0,628,611.0,6.0,625,617.0,-8.0,0,0,,0.0,0.0,0.0,0.0,0.0,2015-06-26,0,0.0,0.0,0.0,0.0,0.0
2015,7,17,5,EV,5236,N840AS,ATL,MOB,1245,1238.0,-7.0,12.0,1250.0,72.0,75.0,58.0,302,1248.0,5.0,1257,1253.0,-4.0,0,0,,0.0,0.0,0.0,0.0,0.0,2015-07-17,0,0.0,0.0,0.0,0.0,0.0
2015,7,17,5,MQ,3146,N647MQ,BMI,ORD,1831,1818.0,-13.0,21.0,1839.0,59.0,96.0,41.0,116,1920.0,34.0,1930,1954.0,24.0,0,0,,24.0,0.0,0.0,0.0,0.0,2015-07-17,0,-184.62,-0.0,-0.0,-0.0,-0.0
2015,6,21,7,WN,1354,N234WN,MCO,AUS,1520,1523.0,3.0,11.0,1534.0,155.0,151.0,134.0,994,1648.0,6.0,1655,1654.0,-1.0,0,0,,0.0,0.0,0.0,0.0,0.0,2015-06-21,0,0.0,0.0,0.0,0.0,0.0
2015,7,11,6,HA,33,N375HA,LAX,OGG,1055,1047.0,-8.0,21.0,1108.0,350.0,339.0,303.0,2486,1311.0,15.0,1345,1326.0,-19.0,0,0,,0.0,0.0,0.0,0.0,0.0,2015-07-11,0,0.0,0.0,0.0,0.0,0.0
2015,6,23,2,DL,311,N139DL,LAX,MSP,1300,1259.0,-1.0,16.0,1315.0,212.0,201.0,180.0,1535,1815.0,5.0,1832,1820.0,-12.0,0,0,,0.0,0.0,0.0,0.0,0.0,2015-06-23,0,0.0,0.0,0.0,0.0,0.0
2015,7,11,6,WN,1380,N602SW,SAN,SJC,1915,1909.0,-6.0,7.0,1916.0,75.0,82.0,60.0,417,2016.0,15.0,2030,2031.0,1.0,0,0,,0.0,0.0,0.0,0.0,0.0,2015-07-11,0,0.0,0.0,0.0,0.0,0.0
2015,7,9,4,UA,1136,N23721,MIA,IAH,1844,1845.0,1.0,17.0,1902.0,156.0,146.0,124.0,964,2006.0,5.0,2020,2011.0,-9.0,0,0,,0.0,0.0,0.0,0.0,0.0,2015-07-09,0,0.0,0.0,0.0,0.0,0.0
2015,6,27,6,WN,1504,N629SW,ECP,STL,1125,1142.0,17.0,10.0,1152.0,105.0,103.0,89.0,634,1321.0,4.0,1310,1325.0,15.0,0,0,,0.0,0.0,0.0,15.0,0.0,2015-06-27,1,0.0,0.0,0.0,88.24,0.0
2015,6,24,3,WN,2505,N635SW,TPA,BWI,755,748.0,-7.0,8.0,756.0,135.0,133.0,120.0,842,956.0,5.0,1010,1001.0,-9.0,0,0,,0.0,0.0,0.0,0.0,0.0,2015-06-24,0,0.0,0.0,0.0,0.0,0.0
2015,7,1,3,DL,357,N370NW,LGA,ATL,1730,1728.0,-2.0,86.0,1854.0,172.0,200.0,109.0,762,2043.0,5.0,2022,2048.0,26.0,0,0,,26.0,0.0,0.0,0.0,0.0,2015-07-01,0,-1300.0,-0.0,-0.0,-0.0,-0.0
2015,6,16,2,AA,162,N5ESAA,HNL,LAX,1220,1218.0,-2.0,17.0,1235.0,333.0,320.0,292.0,2556,2027.0,11.0,2053,2038.0,-15.0,0,0,,0.0,0.0,0.0,0.0,0.0,2015-06-16,0,0.0,0.0,0.0,0.0,0.0
2015,7,3,5,AA,1842,N750UW,MIA,CLT,959,956.0,-3.0,19.0,1015.0,136.0,126.0,98.0,650,1153.0,9.0,1215,1202.0,-13.0,0,0,,0.0,0.0,0.0,0.0,0.0,2015-07-03,0,0.0,0.0,0.0,0.0,0.0
2015,6,18,4,EV,4228,N12528,IAH,GRK,1437,1523.0,46.0,12.0,1535.0,59.0,48.0,33.0,166,1608.0,3.0,1536,1611.0,35.0,0,0,,0.0,0.0,35.0,0.0,0.0,2015-06-18,1,0.0,0.0,76.09,0.0,0.0
2015,7,20,1,MQ,3219,N826MQ,RIC,LGA,945,939.0,-6.0,14.0,953.0,92.0,76.0,51.0,292,1044.0,11.0,1117,1055.0,-22.0,0,0,,0.0,0.0,0.0,0.0,0.0,2015-07-20,0,0.0,0.0,0.0,0.0,0.0
2015,7,13,1,DL,1472,N981DL,ATL,TPA,835,832.0,-3.0,15.0,847.0,83.0,78.0,58.0,406,945.0,5.0,958,950.0,-8.0,0,0,,0.0,0.0,0.0,0.0,0.0,2015-07-13,0,0.0,0.0,0.0,0.0,0.0
2015,7,21,2,EV,5287,N754EV,MSP,RIC,1724,1729.0,5.0,36.0,1805.0,145.0,163.0,123.0,970,2108.0,4.0,2049,2112.0,23.0,0,0,,18.0,0.0,5.0,0.0,0.0,2015-07-21,0,360.0,0.0,100.0,0.0,0.0
2015,7,18,6,DL,706,N985AT,LAX,LAS,1500,1530.0,30.0,45.0,1615.0,72.0,95.0,45.0,236,1700.0,5.0,1612,1705.0,53.0,0,0,,23.0,0.0,0.0,0.0,30.0,2015-07-18,1,76.67,0.0,0.0,0.0,100.0
2015,7,21,2,B6,915,N923JB,JFK,SFO,1630,1627.0,-3.0,30.0,1657.0,398.0,402.0,359.0,2586,1956.0,13.0,2008,2009.0,1.0,0,0,,0.0,0.0,0.0,0.0,0.0,2015-07-21,0,0.0,0.0,0.0,0.0,0.0
2015,7,15,3,WN,1027,N566WN,MKE,MCI,745,751.0,6.0,7.0,758.0,85.0,75.0,65.0,436,903.0,3.0,910,906.0,-4.0,0,0,,0.0,0.0,0.0,0.0,0.0,2015-07-15,0,0.0,0.0,0.0,0.0,0.0
2015,6,21,7,EV,6133,N14972,ORD,TVC,824,824.0,0.0,13.0,837.0,67.0,59.0,40.0,224,1017.0,6.0,1031,1023.0,-8.0,0,0,,0.0,0.0,0.0,0.0,0.0,2015-06-21,0,0.0,0.0,0.0,0.0,0.0
2015,7,10,5,NK,202,N603NK,DFW,BWI,1330,1457.0,87.0,17.0,1514.0,185.0,176.0,151.0,1217,1845.0,8.0,1735,1853.0,78.0,0,0,,1.0,0.0,2.0,75.0,0.0,2015-07-10,1,1.15,0.0,2.3,86.21,0.0
2015,6,28,7,B6,971,N661JB,LGA,FLL,1048,1050.0,2.0,19.0,1109.0,187.0,174.0,149.0,1076,1338.0,6.0,1355,1344.0,-11.0,0,0,,0.0,0.0,0.0,0.0,0.0,2015-06-28,0,0.0,0.0,0.0,0.0,0.0
2015,7,4,6,WN,2629,N478WN,BWI,BUF,2015,2013.0,-2.0,5.0,2018.0,70.0,53.0,44.0,281,2102.0,4.0,2125,2106.0,-19.0,0,0,,0.0,0.0,0.0,0.0,0.0,2015-07-04,0,0.0,0.0,0.0,0.0,0.0
2015,6,29,1,WN,783,N703SW,HOU,PIT,2110,2106.0,-4.0,6.0,2112.0,165.0,150.0,139.0,1131,31.0,5.0,55,36.0,-19.0,0,0,,0.0,0.0,0.0,0.0,0.0,2015-06-29,0,0.0,0.0,0.0,0.0,0.0
2015,7,9,4,B6,1884,N534JB,MCO,JFK,1611,1631.0,20.0,23.0,1654.0,173.0,172.0,146.0,944,1920.0,3.0,1904,1923.0,19.0,0,0,,19.0,0.0,0.0,0.0,0.0,2015-07-09,1,95.0,0.0,0.0,0.0,0.0
2015,6,20,6,OO,4615,N809SK,SLC,ABQ,2150,2135.0,-15.0,11.0,2146.0,93.0,85.0,67.0,493,2253.0,7.0,2323,2300.0,-23.0,0,0,,0.0,0.0,0.0,0.0,0.0,2015-06-20,0,0.0,0.0,0.0,0.0,0.0
2015,7,10,5,AA,2428,N493AA,RDU,DFW,610,611.0,1.0,12.0,623.0,175.0,176.0,159.0,1061,802.0,5.0,805,807.0,2.0,0,0,,0.0,0.0,0.0,0.0,0.0,2015-07-10,0,0.0,0.0,0.0,0.0,0.0
2015,7,18,6,AA,63,N010AA,MIA,IAH,1945,2128.0,103.0,44.0,2212.0,163.0,181.0,127.0,964,2319.0,10.0,2128,2329.0,121.0,0,0,,18.0,0.0,103.0,0.0,0.0,2015-07-18,1,17.48,0.0,100.0,0.0,0.0
2015,7,20,1,MQ,3252,N658MQ,LRD,DFW,1755,1744.0,-11.0,12.0,1756.0,92.0,90.0,64.0,396,1900.0,14.0,1927,1914.0,-13.0,0,0,,0.0,0.0,0.0,0.0,0.0,2015-07-20,0,0.0,0.0,0.0,0.0,0.0
2015,7,3,5,AA,140,N4WNAA,DFW,SJC,1855,1909.0,14.0,18.0,1927.0,225.0,205.0,183.0,1438,2030.0,4.0,2040,2034.0,-6.0,0,0,,0.0,0.0,0.0,0.0,0.0,2015-07-03,0,0.0,0.0,0.0,0.0,0.0
2015,7,9,4,AA,1708,N112US,ORD,PHL,1645,1650.0,5.0,27.0,1717.0,130.0,137.0,107.0,678,2004.0,3.0,1955,2007.0,12.0,0,0,,0.0,0.0,0.0,0.0,0.0,2015-07-09,0,0.0,0.0,0.0,0.0,0.0
2015,7,15,3,OO,4509,N603SK,SLC,BOI,1706,1744.0,38.0,13.0,1757.0,72.0,61.0,45.0,290,1842.0,3.0,1818,1845.0,27.0,0,0,,0.0,0.0,17.0,10.0,0.0,2015-07-15,1,0.0,0.0,44.74,26.32,0.0
2015,7,1,3,DL,1250,N958DN,ATL,MCI,1205,1203.0,-2.0,10.0,1213.0,127.0,115.0,97.0,692,1250.0,8.0,1312,1258.0,-14.0,0,0,,0.0,0.0,0.0,0.0,0.0,2015-07-01,0,0.0,0.0,0.0,0.0,0.0
2015,6,16,2,B6,617,N806JB,BOS,JFK,700,700.0,0.0,21.0,721.0,75.0,73.0,40.0,187,801.0,12.0,815,813.0,-2.0,0,0,,0.0,0.0,0.0,0.0,0.0,2015-06-16,0,0.0,0.0,0.0,0.0,0.0
2015,7,11,6,WN,4054,N455WN,BNA,FLL,1650,1740.0,50.0,9.0,1749.0,130.0,124.0,111.0,793,2040.0,4.0,2000,2044.0,44.0,0,0,,0.0,0.0,0.0,44.0,0.0,2015-07-11,1,0.0,0.0,0.0,88.0,0.0
2015,6,24,3,AA,1302,N3HAAA,DFW,FLL,715,714.0,-1.0,17.0,731.0,179.0,169.0,148.0,1119,1059.0,4.0,1114,1103.0,-11.0,0,0,,0.0,0.0,0.0,0.0,0.0,2015-06-24,0,0.0,0.0,0.0,0.0,0.0
2015,7,4,6,EV,5130,N871AS,ATL,CAE,1025,1022.0,-3.0,15.0,1037.0,59.0,58.0,40.0,192,1117.0,3.0,1124,1120.0,-4.0,0,0,,0.0,0.0,0.0,0.0,0.0,2015-07-04,0,0.0,0.0,0.0,0.0,0.0
2015,7,10,5,AA,1747,N104UW,RDU,CLT,1759,2048.0,169.0,10.0,2058.0,59.0,46.0,32.0,130,2130.0,4.0,1858,2134.0,156.0,0,0,,0.0,0.0,0.0,156.0,0.0,2015-07-10,1,0.0,0.0,0.0,92.31,0.0
2015,6,30,2,US,2133,N958UW,DCA,LGA,900,900.0,0.0,38.0,938.0,90.0,84.0,41.0,214,1019.0,5.0,1030,1024.0,-6.0,0,0,,0.0,0.0,0.0,0.0,0.0,2015-06-30,0,0.0,0.0,0.0,0.0,0.0
2015,7,2,4,AA,2035,N714US,PVD,CLT,1915,1915.0,0.0,12.0,1927.0,129.0,125.0,104.0,683,2111.0,9.0,2124,2120.0,-4.0,0,0,,0.0,0.0,0.0,0.0,0.0,2015-07-02,0,0.0,0.0,0.0,0.0,0.0
2015,6,28,7,EV,6022,N18120,FSD,ORD,1820,2057.0,157.0,13.0,2110.0,97.0,93.0,68.0,462,2218.0,12.0,1957,2230.0,153.0,0,0,,0.0,0.0,0.0,153.0,0.0,2015-06-28,1,0.0,0.0,0.0,97.45,0.0
2015,7,16,4,WN,2505,N385SW,BNA,MCI,1210,1244.0,34.0,10.0,1254.0,95.0,88.0,74.0,491,1408.0,4.0,1345,1412.0,27.0,0,0,,0.0,0.0,0.0,27.0,0.0,2015-07-16,1,0.0,0.0,0.0,79.41,0.0
2015,7,1,3,OO,7376,N427SW,BTM,SLC,635,627.0,-8.0,6.0,633.0,82.0,63.0,53.0,358,726.0,4.0,757,730.0,-27.0,0,0,,0.0,0.0,0.0,0.0,0.0,2015-07-01,0,0.0,0.0,0.0,0.0,0.0
2015,6,27,6,F9,337,N920FR,MSP,DEN,830,937.0,67.0,15.0,952.0,121.0,111.0,88.0,680,1020.0,8.0,931,1028.0,57.0,0,0,,0.0,0.0,0.0,57.0,0.0,2015-06-27,1,0.0,0.0,0.0,85.07,0.0
2015,6,18,4,DL,1769,N662DN,ATL,MCO,2312,40.0,88.0,14.0,54.0,86.0,79.0,61.0,404,155.0,4.0,38,159.0,81.0,0,0,,0.0,0.0,2.0,59.0,20.0,2015-06-18,1,0.0,0.0,2.27,67.05,22.73
2015,7,22,3,WN,1259,N7742B,MDW,EWR,1725,1743.0,18.0,16.0,1759.0,120.0,119.0,91.0,711,2030.0,12.0,2025,2042.0,17.0,0,0,,17.0,0.0,0.0,0.0,0.0,2015-07-22,1,94.44,0.0,0.0,0.0,0.0
2015,6,15,1,DL,2386,N910DN,ATL,LGA,2140,2232.0,52.0,18.0,2250.0,138.0,128.0,107.0,762,37.0,3.0,2358,40.0,42.0,0,0,,0.0,0.0,33.0,9.0,0.0,2015-06-15,1,0.0,0.0,63.46,17.31,0.0
2015,7,2,4,EV,5319,N761ND,DTW,ORF,848,844.0,-4.0,23.0,907.0,107.0,107.0,81.0,529,1028.0,3.0,1035,1031.0,-4.0,0,0,,0.0,0.0,0.0,0.0,0.0,2015-07-02,0,0.0,0.0,0.0,0.0,0.0
2015,6,21,7,EV,4982,N712EV,MSP,FSD,1115,1114.0,-1.0,16.0,1130.0,60.0,53.0,33.0,196,1203.0,4.0,1215,1207.0,-8.0,0,0,,0.0,0.0,0.0,0.0,0.0,2015-06-21,0,0.0,0.0,0.0,0.0,0.0
2015,7,22,3,WN,3496,N496WN,OAK,LAX,1130,1130.0,0.0,8.0,1138.0,80.0,73.0,56.0,337,1234.0,9.0,1250,1243.0,-7.0,0,0,,0.0,0.0,0.0,0.0,0.0,2015-07-22,0,0.0,0.0,0.0,0.0,0.0
2015,7,10,5,UA,1677,N54241,IAD,IAH,1230,1239.0,9.0,11.0,1250.0,195.0,175.0,155.0,1190,1425.0,9.0,1445,1434.0,-11.0,0,0,,0.0,0.0,0.0,0.0,0.0,2015-07-10,0,0.0,0.0,0.0,0.0,0.0
2015,6,29,1,HA,333,N475HA,HNL,LIH,807,802.0,-5.0,12.0,814.0,37.0,38.0,21.0,102,835.0,5.0,844,840.0,-4.0,0,0,,0.0,0.0,0.0,0.0,0.0,2015-06-29,0,0.0,0.0,0.0,0.0,0.0
2015,6,29,1,OO,4995,N765SK,CVG,ORD,620,758.0,98.0,16.0,814.0,80.0,73.0,46.0,265,800.0,11.0,640,811.0,91.0,0,0,,0.0,0.0,91.0,0.0,0.0,2015-06-29,1,0.0,0.0,92.86,0.0,0.0
2015,7,16,4,OO,5186,N706SK,CMH,IAH,615,610.0,-5.0,15.0,625.0,159.0,158.0,132.0,986,737.0,11.0,754,748.0,-6.0,0,0,,0.0,0.0,0.0,0.0,0.0,2015-07-16,0,0.0,0.0,0.0,0.0,0.0
2015,6,16,2,UA,1166,N77430,LAX,EWR,2344,30.0,46.0,19.0,49.0,320.0,301.0,272.0,2454,821.0,10.0,804,831.0,27.0,0,0,,0.0,0.0,25.0,2.0,0.0,2015-06-16,1,0.0,0.0,54.35,4.35,0.0
2015,7,17,5,WN,3209,N966WN,MDW,LAS,1520,1519.0,-1.0,9.0,1528.0,230.0,225.0,210.0,1521,1658.0,6.0,1710,1704.0,-6.0,0,0,,0.0,0.0,0.0,0.0,0.0,2015-07-17,0,0.0,0.0,0.0,0.0,0.0
2015,6,15,1,US,1945,N751UW,CLT,CLE,2020,2026.0,6.0,20.0,2046.0,92.0,88.0,61.0,430,2147.0,7.0,2152,2154.0,2.0,0,0,,0.0,0.0,0.0,0.0,0.0,2015-06-15,0,0.0,0.0,0.0,0.0,0.0
2015,6,30,2,DL,2117,N816DN,SLC,PDX,1130,1129.0,-1.0,14.0,1143.0,108.0,101.0,85.0,630,1208.0,2.0,1218,1210.0,-8.0,0,0,,0.0,0.0,0.0,0.0,0.0,2015-06-30,0,0.0,0.0,0.0,0.0,0.0
2015,6,15,1,UA,1262,N77518,DEN,SEA,806,804.0,-2.0,12.0,816.0,170.0,166.0,142.0,1024,938.0,12.0,956,950.0,-6.0,0,0,,0.0,0.0,0.0,0.0,0.0,2015-06-15,0,0.0,0.0,0.0,0.0,0.0
2015,6,24,3,US,1954,N562UW,SFO,PHX,915,913.0,-2.0,13.0,926.0,119.0,114.0,89.0,651,1055.0,12.0,1114,1107.0,-7.0,0,0,,0.0,0.0,0.0,0.0,0.0,2015-06-24,0,0.0,0.0,0.0,0.0,0.0
2015,6,26,5,US,1747,N118US,RDU,CLT,1759,1755.0,-4.0,19.0,1814.0,59.0,57.0,35.0,130,1849.0,3.0,1858,1852.0,-6.0,0,0,,0.0,0.0,0.0,0.0,0.0,2015-06-26,0,0.0,0.0,0.0,0.0,0.0
2015,7,19,7,AA,617,N836AW,CMH,LAX,1635,1648.0,13.0,15.0,1703.0,293.0,282.0,262.0,1995,1825.0,5.0,1828,1830.0,2.0,0,0,,0.0,0.0,0.0,0.0,0.0,2015-07-19,0,0.0,0.0,0.0,0.0,0.0
2015,6,26,5,UA,1476,N37263,DEN,IAD,1845,1855.0,10.0,14.0,1909.0,207.0,184.0,161.0,1452,2350.0,9.0,12,2359.0,-13.0,0,0,,0.0,0.0,0.0,0.0,0.0,2015-06-26,0,0.0,0.0,0.0,0.0,0.0
2015,7,5,7,UA,1251,N67845,PHL,ORD,827,827.0,0.0,17.0,844.0,139.0,120.0,97.0,678,921.0,6.0,946,927.0,-19.0,0,0,,0.0,0.0,0.0,0.0,0.0,2015-07-05,0,0.0,0.0,0.0,0.0,0.0
2015,7,3,5,OO,6495,N136SY,COS,LAX,725,719.0,-6.0,22.0,741.0,161.0,174.0,121.0,833,842.0,31.0,906,913.0,7.0,0,0,,0.0,0.0,0.0,0.0,0.0,2015-07-03,0,0.0,0.0,0.0,0.0,0.0
2015,7,9,4,EV,5086,N538CA,ATL,HOU,1250,1251.0,1.0,21.0,1312.0,122.0,122.0,96.0,696,1348.0,5.0,1352,1353.0,1.0,0,0,,0.0,0.0,0.0,0.0,0.0,2015-07-09,0,0.0,0.0,0.0,0.0,0.0
2015,6,23,2,WN,327,N387SW,PHX,LAX,1350,1450.0,60.0,8.0,1458.0,80.0,69.0,55.0,370,1553.0,6.0,1510,1559.0,49.0,0,0,,0.0,0.0,5.0,44.0,0.0,2015-06-23,1,0.0,0.0,8.33,73.33,0.0
2015,6,17,3,F9,1262,N912FR,LAS,ORD,2325,10.0,45.0,9.0,19.0,215.0,198.0,182.0,1514,521.0,7.0,500,528.0,28.0,0,0,,20.0,0.0,8.0,0.0,0.0,2015-06-17,1,44.44,0.0,17.78,0.0,0.0
2015,6,26,5,WN,2159,N965WN,FLL,BDL,1855,1908.0,13.0,24.0,1932.0,185.0,181.0,152.0,1173,2204.0,5.0,2200,2209.0,9.0,0,0,,0.0,0.0,0.0,0.0,0.0,2015-06-26,0,0.0,0.0,0.0,0.0,0.0
2015,6,19,5,DL,2202,N3760C,PHX,LAX,626,624.0,-2.0,21.0,645.0,89.0,82.0,57.0,370,742.0,4.0,755,746.0,-9.0,0,0,,0.0,0.0,0.0,0.0,0.0,2015-06-19,0,0.0,0.0,0.0,0.0,0.0
2015,6,16,2,F9,552,N209FR,SAN,DEN,1759,1856.0,57.0,24.0,1920.0,131.0,159.0,125.0,853,2225.0,10.0,2110,2235.0,85.0,0,0,,85.0,0.0,0.0,0.0,0.0,2015-06-16,1,149.12,0.0,0.0,0.0,0.0
2015,6,28,7,OO,6539,N141SY,ORD,MSP,1440,1444.0,4.0,29.0,1513.0,95.0,93.0,54.0,334,1607.0,10.0,1615,1617.0,2.0,0,0,,0.0,0.0,0.0,0.0,0.0,2015-06-28,0,0.0,0.0,0.0,0.0,0.0
2015,6,22,1,OO,5612,N786SK,SFO,SNA,725,746.0,21.0,14.0,800.0,97.0,83.0,63.0,372,903.0,6.0,902,909.0,7.0,0,0,,0.0,0.0,0.0,0.0,0.0,2015-06-22,1,0.0,0.0,0.0,0.0,0.0
2015,6,17,3,AA,32,N783AA,LAX,JFK,1415,1407.0,-8.0,39.0,1446.0,341.0,334.0,288.0,2475,2234.0,7.0,2256,2241.0,-15.0,0,0,,0.0,0.0,0.0,0.0,0.0,2015-06-17,0,0.0,0.0,0.0,0.0,0.0
2015,6,15,1,HA,206,N486HA,HNL,OGG,505,506.0,1.0,14.0,520.0,36.0,43.0,21.0,100,541.0,8.0,541,549.0,8.0,0,0,,0.0,0.0,0.0,0.0,0.0,2015-06-15,0,0.0,0.0,0.0,0.0,0.0
2015,6,16,2,US,1745,N754UW,IAH,CLT,1159,1156.0,-3.0,18.0,1214.0,151.0,193.0,127.0,912,1521.0,48.0,1530,1609.0,39.0,0,0,,39.0,0.0,0.0,0.0,0.0,2015-06-16,0,-1300.0,-0.0,-0.0,-0.0,-0.0
2015,6,16,2,WN,505,N8301J,CLE,BWI,540,538.0,-2.0,7.0,545.0,85.0,64.0,49.0,314,634.0,8.0,705,642.0,-23.0,0,0,,0.0,0.0,0.0,0.0,0.0,2015-06-16,0,0.0,0.0,0.0,0.0,0.0
2015,6,15,1,OO,6326,N915SW,SFO,SBA,1905,2110.0,125.0,24.0,2134.0,81.0,73.0,44.0,262,2218.0,5.0,2026,2223.0,117.0,0,0,,0.0,0.0,17.0,100.0,0.0,2015-06-15,1,0.0,0.0,13.6,80.0,0.0
2015,7,2,4,UA,447,N467UA,DEN,LAX,812,810.0,-2.0,12.0,822.0,153.0,151.0,111.0,862,913.0,28.0,945,941.0,-4.0,0,0,,0.0,0.0,0.0,0.0,0.0,2015-07-02,0,0.0,0.0,0.0,0.0,0.0
2015,7,20,1,DL,2399,N908DE,RIC,ATL,1420,1419.0,-1.0,15.0,1434.0,108.0,91.0,69.0,481,1543.0,7.0,1608,1550.0,-18.0,0,0,,0.0,0.0,0.0,0.0,0.0,2015-07-20,0,0.0,0.0,0.0,0.0,0.0
2015,7,20,1,OO,5305,N945SW,SBA,LAX,955,937.0,-18.0,14.0,951.0,60.0,67.0,30.0,89,1021.0,23.0,1055,1044.0,-11.0,0,0,,0.0,0.0,0.0,0.0,0.0,2015-07-20,0,0.0,0.0,0.0,0.0,0.0
2015,6,27,6,UA,618,N802UA,IAH,ORD,1735,1740.0,5.0,19.0,1759.0,169.0,152.0,121.0,925,2000.0,12.0,2024,2012.0,-12.0,0,0,,0.0,0.0,0.0,0.0,0.0,2015-06-27,0,0.0,0.0,0.0,0.0,0.0
2015,7,11,6,UA,651,N440UA,ORD,BDL,1740,1750.0,10.0,25.0,1815.0,131.0,126.0,95.0,783,2050.0,6.0,2051,2056.0,5.0,0,0,,0.0,0.0,0.0,0.0,0.0,2015-07-11,0,0.0,0.0,0.0,0.0,0.0
2015,6,23,2,WN,819,N725SW,SAN,LAS,1535,1559.0,24.0,11.0,1610.0,70.0,74.0,44.0,258,1654.0,19.0,1645,1713.0,28.0,0,0,,4.0,0.0,6.0,18.0,0.0,2015-06-23,1,16.67,0.0,25.0,75.0,0.0
2015,6,28,7,OO,4461,N803SK,SLC,SFO,830,917.0,47.0,11.0,928.0,136.0,113.0,98.0,599,1006.0,4.0,946,1010.0,24.0,0,0,,0.0,0.0,0.0,0.0,24.0,2015-06-28,1,0.0,0.0,0.0,0.0,51.06
2015,7,5,7,F9,1119,N947FR,CVG,LAS,2040,2037.0,-3.0,10.0,2047.0,240.0,240.0,220.0,1678,2127.0,10.0,2140,2137.0,-3.0,0,0,,0.0,0.0,0.0,0.0,0.0,2015-07-05,0,0.0,0.0,0.0,0.0,0.0
2015,7,9,4,WN,41,N365SW,LAX,SLC,750,809.0,19.0,13.0,822.0,100.0,97.0,81.0,590,1043.0,3.0,1030,1046.0,16.0,0,0,,0.0,0.0,5.0,11.0,0.0,2015-07-09,1,0.0,0.0,26.32,57.89,0.0
2015,7,8,3,AA,2399,N3KRAA,TPA,ORD,1411,1411.0,0.0,9.0,1420.0,173.0,160.0,145.0,1012,1545.0,6.0,1604,1551.0,-13.0,0,0,,0.0,0.0,0.0,0.0,0.0,2015-07-08,0,0.0,0.0,0.0,0.0,0.0
2015,6,22,1,DL,482,N824DN,JFK,SEA,1845,1855.0,10.0,19.0,1914.0,391.0,401.0,352.0,2422,2206.0,30.0,2216,2236.0,20.0,0,0,,10.0,0.0,10.0,0.0,0.0,2015-06-22,0,100.0,0.0,100.0,0.0,0.0
2015,7,14,2,AA,2455,N856AA,DFW,LAX,2150,2147.0,-3.0,19.0,2206.0,202.0,178.0,153.0,1235,2239.0,6.0,2312,2245.0,-27.0,0,0,,0.0,0.0,0.0,0.0,0.0,2015-07-14,0,0.0,0.0,0.0,0.0,0.0
2015,7,3,5,DL,1525,N927DN,ATL,BWI,1628,1656.0,28.0,14.0,1710.0,118.0,101.0,79.0,577,1829.0,8.0,1826,1837.0,11.0,0,0,,0.0,0.0,0.0,0.0,0.0,2015-07-03,1,0.0,0.0,0.0,0.0,0.0
2015,6,24,3,WN,190,N7726A,SAT,MSY,1310,1310.0,0.0,7.0,1317.0,95.0,81.0,69.0,494,1426.0,5.0,1445,1431.0,-14.0,0,0,,0.0,0.0,0.0,0.0,0.0,2015-06-24,0,0.0,0.0,0.0,0.0,0.0
2015,7,3,5,OO,5516,N764SK,DEN,FAT,805,804.0,-1.0,22.0,826.0,139.0,136.0,109.0,844,915.0,5.0,924,920.0,-4.0,0,0,,0.0,0.0,0.0,0.0,0.0,2015-07-03,0,0.0,0.0,0.0,0.0,0.0
2015,6,24,3,WN,417,N553WN,BUR,LAS,1450,1451.0,1.0,9.0,1500.0,60.0,55.0,42.0,223,1542.0,4.0,1550,1546.0,-4.0,0,0,,0.0,0.0,0.0,0.0,0.0,2015-06-24,0,0.0,0.0,0.0,0.0,0.0
2015,6,17,3,US,632,N571UW,PHX,JFK,2140,2208.0,28.0,13.0,2221.0,290.0,271.0,252.0,2153,533.0,6.0,530,539.0,9.0,0,0,,0.0,0.0,0.0,0.0,0.0,2015-06-17,1,0.0,0.0,0.0,0.0,0.0
2015,7,13,1,AA,1324,N3DAAA,LGA,MIA,2045,2106.0,21.0,45.0,2151.0,188.0,188.0,136.0,1096,7.0,7.0,2353,14.0,21.0,0,0,,0.0,0.0,0.0,21.0,0.0,2015-07-13,1,0.0,0.0,0.0,100.0,0.0
2015,7,15,3,DL,1146,N901DE,DAB,ATL,730,726.0,-4.0,18.0,744.0,86.0,80.0,56.0,366,840.0,6.0,856,846.0,-10.0,0,0,,0.0,0.0,0.0,0.0,0.0,2015-07-15,0,0.0,0.0,0.0,0.0,0.0
2015,6,22,1,MQ,3383,N508MQ,ATL,LGA,915,911.0,-4.0,17.0,928.0,145.0,128.0,104.0,762,1112.0,7.0,1140,1119.0,-21.0,0,0,,0.0,0.0,0.0,0.0,0.0,2015-06-22,0,0.0,0.0,0.0,0.0,0.0
2015,7,13,1,DL,387,N966DL,LGA,DTW,2055,2049.0,-6.0,47.0,2136.0,125.0,132.0,80.0,502,2256.0,5.0,2300,2301.0,1.0,0,0,,0.0,0.0,0.0,0.0,0.0,2015-07-13,0,0.0,0.0,0.0,0.0,0.0
2015,7,21,2,DL,2177,N679DA,DTW,RSW,1205,1208.0,3.0,14.0,1222.0,172.0,164.0,146.0,1084,1448.0,4.0,1457,1452.0,-5.0,0,0,,0.0,0.0,0.0,0.0,0.0,2015-07-21,0,0.0,0.0,0.0,0.0,0.0
2015,7,16,4,AA,614,N540UW,LAX,PHX,1240,1249.0,9.0,31.0,1320.0,93.0,96.0,60.0,370,1420.0,5.0,1413,1425.0,12.0,0,0,,0.0,0.0,0.0,0.0,0.0,2015-07-16,0,0.0,0.0,0.0,0.0,0.0
2015,7,6,1,WN,2690,N8313F,SJC,DEN,1410,1413.0,3.0,8.0,1421.0,145.0,152.0,136.0,948,1737.0,8.0,1735,1745.0,10.0,0,0,,0.0,0.0,0.0,0.0,0.0,2015-07-06,0,0.0,0.0,0.0,0.0,0.0
2015,7,16,4,DL,1072,N328NW,ATL,PIT,2211,2208.0,-3.0,16.0,2224.0,104.0,101.0,75.0,526,2339.0,10.0,2355,2349.0,-6.0,0,0,,0.0,0.0,0.0,0.0,0.0,2015-07-16,0,0.0,0.0,0.0,0.0,0.0
2015,7,14,2,DL,1931,N301NB,JAN,ATL,600,558.0,-2.0,9.0,607.0,78.0,67.0,52.0,341,759.0,6.0,818,805.0,-13.0,0,0,,0.0,0.0,0.0,0.0,0.0,2015-07-14,0,0.0,0.0,0.0,0.0,0.0
2015,6,23,2,WN,542,N246LV,LAS,OAK,1225,1226.0,1.0,13.0,1239.0,85.0,81.0,63.0,407,1342.0,5.0,1350,1347.0,-3.0,0,0,,0.0,0.0,0.0,0.0,0.0,2015-06-23,0,0.0,0.0,0.0,0.0,0.0
2015,6,22,1,AS,615,N524AS,LAS,SEA,700,655.0,-5.0,17.0,712.0,149.0,158.0,132.0,867,924.0,9.0,929,933.0,4.0,0,0,,0.0,0.0,0.0,0.0,0.0,2015-06-22,0,0.0,0.0,0.0,0.0,0.0
2015,6,30,2,WN,609,N7710A,CLE,PHX,1935,1935.0,0.0,5.0,1940.0,250.0,230.0,218.0,1737,2018.0,7.0,2045,2025.0,-20.0,0,0,,0.0,0.0,0.0,0.0,0.0,2015-06-30,0,0.0,0.0,0.0,0.0,0.0
2015,7,10,5,EV,2721,N687JS,TYS,ORD,633,627.0,-6.0,12.0,639.0,110.0,91.0,72.0,475,651.0,7.0,723,658.0,-25.0,0,0,,0.0,0.0,0.0,0.0,0.0,2015-07-10,0,0.0,0.0,0.0,0.0,0.0
2015,7,9,4,WN,3920,N385SW,OAK,BUR,1955,2001.0,6.0,13.0,2014.0,65.0,68.0,52.0,325,2106.0,3.0,2100,2109.0,9.0,0,0,,0.0,0.0,0.0,0.0,0.0,2015-07-09,0,0.0,0.0,0.0,0.0,0.0
2015,7,21,2,DL,2585,N964DN,MSN,MSP,720,715.0,-5.0,12.0,727.0,61.0,57.0,41.0,228,808.0,4.0,821,812.0,-9.0,0,0,,0.0,0.0,0.0,0.0,0.0,2015-07-21,0,0.0,0.0,0.0,0.0,0.0
2015,6,27,6,UA,1610,N53442,SAN,IAD,700,710.0,10.0,12.0,722.0,305.0,287.0,268.0,2253,1450.0,7.0,1505,1457.0,-8.0,0,0,,0.0,0.0,0.0,0.0,0.0,2015-06-27,0,0.0,0.0,0.0,0.0,0.0
2015,6,22,1,US,676,N553UW,PHL,LAS,1755,1751.0,-4.0,22.0,1813.0,325.0,301.0,272.0,2176,1945.0,7.0,2020,1952.0,-28.0,0,0,,0.0,0.0,0.0,0.0,0.0,2015-06-22,0,0.0,0.0,0.0,0.0,0.0
2015,7,19,7,F9,915,N926FR,ORD,DEN,850,849.0,-1.0,38.0,927.0,155.0,169.0,122.0,888,1029.0,9.0,1025,1038.0,13.0,0,0,,0.0,0.0,0.0,0.0,0.0,2015-07-19,0,0.0,0.0,0.0,0.0,0.0
2015,7,4,6,OO,5635,N986SW,LAX,SMF,735,726.0,-9.0,22.0,748.0,91.0,85.0,59.0,373,847.0,4.0,906,851.0,-15.0,0,0,,0.0,0.0,0.0,0.0,0.0,2015-07-04,0,0.0,0.0,0.0,0.0,0.0
2015,6,21,7,B6,1887,N294JB,ORH,MCO,1101,1054.0,-7.0,12.0,1106.0,167.0,162.0,146.0,1091,1332.0,4.0,1348,1336.0,-12.0,0,0,,0.0,0.0,0.0,0.0,0.0,2015-06-21,0,0.0,0.0,0.0,0.0,0.0
2015,7,18,6,EV,5065,N854AS,SGF,ATL,1801,1838.0,37.0,17.0,1855.0,105.0,129.0,102.0,563,2137.0,10.0,2046,2147.0,61.0,0,0,,24.0,0.0,23.0,14.0,0.0,2015-07-18,1,64.86,0.0,62.16,37.84,0.0
2015,6,20,6,F9,216,N924FR,DEN,AUS,1820,1815.0,-5.0,10.0,1825.0,122.0,121.0,104.0,775,2109.0,7.0,2122,2116.0,-6.0,0,0,,0.0,0.0,0.0,0.0,0.0,2015-06-20,0,0.0,0.0,0.0,0.0,0.0
2015,6,25,4,OO,4804,N430SW,CVG,MSP,931,1135.0,124.0,19.0,1154.0,118.0,119.0,91.0,596,1225.0,9.0,1029,1234.0,125.0,0,0,,1.0,0.0,0.0,124.0,0.0,2015-06-25,1,0.81,0.0,0.0,100.0,0.0
2015,7,7,2,OO,2922,N988CA,MKE,ORD,948,939.0,-9.0,13.0,952.0,51.0,52.0,25.0,67,1017.0,14.0,1039,1031.0,-8.0,0,0,,0.0,0.0,0.0,0.0,0.0,2015-07-07,0,0.0,0.0,0.0,0.0,0.0
2015,6,18,4,AA,2421,N5CDAA,STT,MIA,1552,1654.0,62.0,20.0,1714.0,173.0,178.0,139.0,1107,1933.0,19.0,1845,1952.0,67.0,0,0,,5.0,0.0,17.0,45.0,0.0,2015-06-18,1,8.06,0.0,27.42,72.58,0.0
2015,6,16,2,WN,174,N966WN,RDU,MCO,1000,1010.0,10.0,9.0,1019.0,95.0,86.0,72.0,534,1131.0,5.0,1135,1136.0,1.0,0,0,,0.0,0.0,0.0,0.0,0.0,2015-06-16,0,0.0,0.0,0.0,0.0,0.0
2015,6,19,5,WN,3828,N789SW,TUL,HOU,2125,2123.0,-2.0,8.0,2131.0,85.0,81.0,67.0,453,2238.0,6.0,2250,2244.0,-6.0,0,0,,0.0,0.0,0.0,0.0,0.0,2015-06-19,0,0.0,0.0,0.0,0.0,0.0
2015,6,30,2,AS,800,N564AS,SMF,SEA,1955,1949.0,-6.0,13.0,2002.0,103.0,104.0,82.0,605,2124.0,9.0,2138,2133.0,-5.0,0,0,,0.0,0.0,0.0,0.0,0.0,2015-06-30,0,0.0,0.0,0.0,0.0,0.0
2015,6,22,1,WN,3241,N632SW,STL,ATL,625,625.0,0.0,12.0,637.0,95.0,119.0,72.0,484,849.0,35.0,900,924.0,24.0,0,0,,24.0,0.0,0.0,0.0,0.0,2015-06-22,0,inf,0.0,0.0,0.0,0.0
2015,6,17,3,B6,460,N516JB,FLL,BDL,2058,2054.0,-4.0,10.0,2104.0,177.0,164.0,149.0,1173,2333.0,5.0,2355,2338.0,-17.0,0,0,,0.0,0.0,0.0,0.0,0.0,2015-06-17,0,0.0,0.0,0.0,0.0,0.0
2015,6,25,4,UA,528,N832UA,BOS,ORD,2046,2056.0,10.0,25.0,2121.0,158.0,172.0,130.0,867,2231.0,17.0,2224,2248.0,24.0,0,0,,14.0,0.0,10.0,0.0,0.0,2015-06-25,0,140.0,0.0,100.0,0.0,0.0
2015,6,23,2,UA,948,N528UA,DEN,ORD,1745,1739.0,-6.0,12.0,1751.0,153.0,154.0,106.0,888,2037.0,36.0,2118,2113.0,-5.0,0,0,,0.0,0.0,0.0,0.0,0.0,2015-06-23,0,0.0,0.0,0.0,0.0,0.0
2015,7,20,1,OO,5364,N930SW,MKE,ORD,1420,1412.0,-8.0,23.0,1435.0,49.0,57.0,22.0,67,1457.0,12.0,1509,1509.0,0.0,0,0,,0.0,0.0,0.0,0.0,0.0,2015-07-20,0,0.0,0.0,0.0,0.0,0.0
2015,6,14,7,WN,2959,N7701B,LAS,SAN,2210,2205.0,-5.0,9.0,2214.0,60.0,55.0,42.0,258,2256.0,4.0,2310,2300.0,-10.0,0,0,,0.0,0.0,0.0,0.0,0.0,2015-06-14,0,0.0,0.0,0.0,0.0,0.0
2015,7,17,5,WN,248,N289CT,MDW,OAK,1820,1828.0,8.0,15.0,1843.0,275.0,281.0,260.0,1844,2103.0,6.0,2055,2109.0,14.0,0,0,,0.0,0.0,0.0,0.0,0.0,2015-07-17,0,0.0,0.0,0.0,0.0,0.0
2015,7,2,4,WN,4129,N259WN,PHX,BUR,1850,1914.0,24.0,9.0,1923.0,80.0,69.0,57.0,369,2020.0,3.0,2010,2023.0,13.0,0,0,,0.0,0.0,0.0,0.0,0.0,2015-07-02,1,0.0,0.0,0.0,0.0,0.0
2015,6,28,7,EV,4939,N186PQ,TUL,ATL,1534,1617.0,43.0,17.0,1634.0,115.0,105.0,83.0,674,1857.0,5.0,1829,1902.0,33.0,0,0,,0.0,0.0,33.0,0.0,0.0,2015-06-28,1,0.0,0.0,76.74,0.0,0.0
2015,7,13,1,DL,2118,N588NW,ATL,MCO,755,805.0,10.0,14.0,819.0,79.0,78.0,59.0,404,918.0,5.0,914,923.0,9.0,0,0,,0.0,0.0,0.0,0.0,0.0,2015-07-13,0,0.0,0.0,0.0,0.0,0.0
2015,6,26,5,US,495,N186US,PHX,LAX,1010,1011.0,1.0,20.0,1031.0,94.0,82.0,53.0,370,1124.0,9.0,1144,1133.0,-11.0,0,0,,0.0,0.0,0.0,0.0,0.0,2015-06-26,0,0.0,0.0,0.0,0.0,0.0
2015,7,5,7,UA,1635,N66828,LAS,SFO,1305,1258.0,-7.0,37.0,1335.0,111.0,109.0,66.0,414,1441.0,6.0,1456,1447.0,-9.0,0,0,,0.0,0.0,0.0,0.0,0.0,2015-07-05,0,0.0,0.0,0.0,0.0,0.0
2015,7,10,5,WN,679,N788SA,BOS,BWI,535,539.0,4.0,10.0,549.0,95.0,81.0,62.0,369,651.0,9.0,710,700.0,-10.0,0,0,,0.0,0.0,0.0,0.0,0.0,2015-07-10,0,0.0,0.0,0.0,0.0,0.0
2015,7,19,7,WN,598,N390SW,DEN,OKC,2050,2130.0,40.0,8.0,2138.0,90.0,85.0,73.0,495,2351.0,4.0,2320,2355.0,35.0,0,0,,0.0,0.0,0.0,35.0,0.0,2015-07-19,1,0.0,0.0,0.0,87.5,0.0
2015,7,20,1,EV,2677,N903EV,TYS,DFW,1626,1703.0,37.0,17.0,1720.0,138.0,144.0,116.0,772,1816.0,11.0,1744,1827.0,43.0,0,0,,6.0,0.0,37.0,0.0,0.0,2015-07-20,1,16.22,0.0,100.0,0.0,0.0
2015,7,19,7,WN,450,N282WN,DEN,IAD,1325,1325.0,0.0,10.0,1335.0,200.0,183.0,163.0,1452,1818.0,10.0,1845,1828.0,-17.0,0,0,,0.0,0.0,0.0,0.0,0.0,2015-07-19,0,0.0,0.0,0.0,0.0,0.0
2015,7,4,6,F9,1040,N929FR,CVG,RSW,1420,1448.0,28.0,9.0,1457.0,135.0,146.0,122.0,879,1659.0,15.0,1635,1714.0,39.0,0,0,,11.0,0.0,0.0,28.0,0.0,2015-07-04,1,39.29,0.0,0.0,100.0,0.0
2015,7,5,7,EV,5111,N916EV,ATL,DHN,1000,952.0,-8.0,31.0,1023.0,60.0,72.0,36.0,170,959.0,5.0,1000,1004.0,4.0,0,0,,0.0,0.0,0.0,0.0,0.0,2015-07-05,0,0.0,0.0,0.0,0.0,0.0
2015,7,15,3,WN,896,N961WN,MDW,STL,1730,1800.0,30.0,19.0,1819.0,60.0,73.0,48.0,251,1907.0,6.0,1830,1913.0,43.0,0,0,,13.0,0.0,19.0,11.0,0.0,2015-07-15,1,43.33,0.0,63.33,36.67,0.0
2015,6,25,4,F9,931,N926FR,TTN,CLT,1225,1216.0,-9.0,13.0,1229.0,105.0,92.0,73.0,484,1342.0,6.0,1410,1348.0,-22.0,0,0,,0.0,0.0,0.0,0.0,0.0,2015-06-25,0,0.0,0.0,0.0,0.0,0.0
2015,7,6,1,B6,494,N789JB,DEN,BOS,1259,1254.0,-5.0,14.0,1308.0,240.0,240.0,221.0,1754,1849.0,5.0,1859,1854.0,-5.0,0,0,,0.0,0.0,0.0,0.0,0.0,2015-07-06,0,0.0,0.0,0.0,0.0,0.0
2015,7,21,2,AA,678,N206UW,SJU,PHL,1248,1240.0,-8.0,17.0,1257.0,242.0,232.0,209.0,1576,1626.0,6.0,1650,1632.0,-18.0,0,0,,0.0,0.0,0.0,0.0,0.0,2015-07-21,0,0.0,0.0,0.0,0.0,0.0
2015,6,20,6,EV,3944,N16999,PNS,IAH,1507,1507.0,0.0,15.0,1522.0,104.0,99.0,75.0,489,1637.0,9.0,1651,1646.0,-5.0,0,0,,0.0,0.0,0.0,0.0,0.0,2015-06-20,0,0.0,0.0,0.0,0.0,0.0
2015,7,21,2,DL,345,N896AT,ATL,SHV,1548,1545.0,-3.0,19.0,1604.0,107.0,98.0,73.0,551,1617.0,6.0,1635,1623.0,-12.0,0,0,,0.0,0.0,0.0,0.0,0.0,2015-07-21,0,0.0,0.0,0.0,0.0,0.0
2015,7,21,2,DL,2457,N903DE,ATL,BDL,725,719.0,-6.0,22.0,741.0,139.0,134.0,108.0,859,929.0,4.0,944,933.0,-11.0,0,0,,0.0,0.0,0.0,0.0,0.0,2015-07-21,0,0.0,0.0,0.0,0.0,0.0
2015,6,16,2,UA,1254,N69824,IAD,DEN,836,836.0,0.0,14.0,850.0,233.0,225.0,196.0,1452,1006.0,15.0,1029,1021.0,-8.0,0,0,,0.0,0.0,0.0,0.0,0.0,2015-06-16,0,0.0,0.0,0.0,0.0,0.0
2015,7,12,7,AA,454,N156UW,LAX,PHX,1740,1752.0,12.0,13.0,1805.0,96.0,83.0,61.0,370,1906.0,9.0,1916,1915.0,-1.0,0,0,,0.0,0.0,0.0,0.0,0.0,2015-07-12,0,0.0,0.0,0.0,0.0,0.0
2015,7,16,4,DL,2325,N941DL,ATL,BWI,1120,1119.0,-1.0,10.0,1129.0,105.0,96.0,81.0,577,1250.0,5.0,1305,1255.0,-10.0,0,0,,0.0,0.0,0.0,0.0,0.0,2015-07-16,0,0.0,0.0,0.0,0.0,0.0
2015,6,17,3,US,775,N938UW,SJU,PHL,835,825.0,-10.0,13.0,838.0,232.0,224.0,207.0,1576,1205.0,4.0,1227,1209.0,-18.0,0,0,,0.0,0.0,0.0,0.0,0.0,2015-06-17,0,0.0,0.0,0.0,0.0,0.0
2015,6,20,6,B6,1182,N374JB,RIC,BOS,1346,1342.0,-4.0,11.0,1353.0,88.0,82.0,64.0,474,1457.0,7.0,1514,1504.0,-10.0,0,0,,0.0,0.0,0.0,0.0,0.0,2015-06-20,0,0.0,0.0,0.0,0.0,0.0
2015,7,13,1,AA,52,N3LTAA,LAX,DCA,1310,1304.0,-6.0,15.0,1319.0,314.0,296.0,275.0,2311,2054.0,6.0,2124,2100.0,-24.0,0,0,,0.0,0.0,0.0,0.0,0.0,2015-07-13,0,0.0,0.0,0.0,0.0,0.0
2015,7,6,1,WN,253,N604SW,GSP,HOU,945,941.0,-4.0,9.0,950.0,135.0,136.0,120.0,845,1050.0,7.0,1100,1057.0,-3.0,0,0,,0.0,0.0,0.0,0.0,0.0,2015-07-06,0,0.0,0.0,0.0,0.0,0.0
2015,7,9,4,DL,2156,N920DN,ATL,SYR,905,903.0,-2.0,12.0,915.0,129.0,117.0,100.0,794,1055.0,5.0,1114,1100.0,-14.0,0,0,,0.0,0.0,0.0,0.0,0.0,2015-07-09,0,0.0,0.0,0.0,0.0,0.0
2015,6,18,4,US,454,N183UW,PHX,SLC,2015,2020.0,5.0,12.0,2032.0,98.0,90.0,74.0,507,2246.0,4.0,2253,2250.0,-3.0,0,0,,0.0,0.0,0.0,0.0,0.0,2015-06-18,0,0.0,0.0,0.0,0.0,0.0
2015,6,19,5,DL,1650,N530US,JAX,ATL,530,528.0,-2.0,11.0,539.0,67.0,58.0,43.0,270,622.0,4.0,637,626.0,-11.0,0,0,,0.0,0.0,0.0,0.0,0.0,2015-06-19,0,0.0,0.0,0.0,0.0,0.0
2015,7,4,6,DL,1273,N919DE,ATL,CVG,1500,1457.0,-3.0,16.0,1513.0,92.0,77.0,54.0,373,1607.0,7.0,1632,1614.0,-18.0,0,0,,0.0,0.0,0.0,0.0,0.0,2015-07-04,0,0.0,0.0,0.0,0.0,0.0
2015,6,24,3,VX,904,N521VA,SFO,LAS,1020,1018.0,-2.0,10.0,1028.0,90.0,85.0,68.0,414,1136.0,7.0,1150,1143.0,-7.0,0,0,,0.0,0.0,0.0,0.0,0.0,2015-06-24,0,0.0,0.0,0.0,0.0,0.0
2015,7,6,1,UA,1778,N12218,DEN,ORD,1624,1631.0,7.0,10.0,1641.0,146.0,133.0,114.0,888,1935.0,9.0,1950,1944.0,-6.0,0,0,,0.0,0.0,0.0,0.0,0.0,2015-07-06,0,0.0,0.0,0.0,0.0,0.0
2015,7,10,5,MQ,3492,N663MQ,DFW,PNS,1015,1013.0,-2.0,15.0,1028.0,108.0,107.0,87.0,604,1155.0,5.0,1203,1200.0,-3.0,0,0,,0.0,0.0,0.0,0.0,0.0,2015-07-10,0,0.0,0.0,0.0,0.0,0.0
2015,7,21,2,WN,898,N615SW,OAK,LAX,2110,2203.0,53.0,20.0,2223.0,80.0,88.0,63.0,337,2326.0,5.0,2230,2331.0,61.0,0,0,,14.0,0.0,0.0,47.0,0.0,2015-07-21,1,26.42,0.0,0.0,88.68,0.0
2015,7,22,3,MQ,3176,N836MQ,ABI,DFW,810,805.0,-5.0,11.0,816.0,63.0,71.0,35.0,158,851.0,25.0,913,916.0,3.0,0,0,,0.0,0.0,0.0,0.0,0.0,2015-07-22,0,0.0,0.0,0.0,0.0,0.0
2015,7,19,7,WN,232,N275WN,ATL,CAK,945,943.0,-2.0,14.0,957.0,100.0,94.0,75.0,528,1112.0,5.0,1125,1117.0,-8.0,0,0,,0.0,0.0,0.0,0.0,0.0,2015-07-19,0,0.0,0.0,0.0,0.0,0.0
2015,7,8,3,AA,90,N491AA,DFW,ORD,515,531.0,16.0,9.0,540.0,143.0,124.0,110.0,802,730.0,5.0,738,735.0,-3.0,0,0,,0.0,0.0,0.0,0.0,0.0,2015-07-08,1,0.0,0.0,0.0,0.0,0.0
2015,7,2,4,B6,1273,N521JB,JFK,CHS,710,708.0,-2.0,22.0,730.0,130.0,125.0,95.0,636,905.0,8.0,920,913.0,-7.0,0,0,,0.0,0.0,0.0,0.0,0.0,2015-07-02,0,0.0,0.0,0.0,0.0,0.0
2015,7,20,1,AA,415,N655AW,MSP,PHX,725,724.0,-1.0,11.0,735.0,210.0,177.0,160.0,1276,815.0,6.0,855,821.0,-34.0,0,0,,0.0,0.0,0.0,0.0,0.0,2015-07-20,0,0.0,0.0,0.0,0.0,0.0
2015,7,22,3,OO,4681,N548CA,EUG,SLC,610,607.0,-3.0,16.0,623.0,107.0,107.0,81.0,618,844.0,10.0,857,854.0,-3.0,0,0,,0.0,0.0,0.0,0.0,0.0,2015-07-22,0,0.0,0.0,0.0,0.0,0.0
2015,6,25,4,WN,287,N526SW,HOU,HRL,2205,2358.0,113.0,6.0,4.0,55.0,51.0,43.0,277,47.0,2.0,2300,49.0,109.0,0,0,,0.0,0.0,0.0,109.0,0.0,2015-06-25,1,0.0,0.0,0.0,96.46,0.0
2015,7,10,5,UA,1163,N37252,SAN,ORD,645,645.0,0.0,19.0,704.0,247.0,238.0,204.0,1723,1228.0,15.0,1252,1243.0,-9.0,0,0,,0.0,0.0,0.0,0.0,0.0,2015-07-10,0,0.0,0.0,0.0,0.0,0.0
2015,7,15,3,WN,550,N737JW,SEA,SMF,1015,1022.0,7.0,19.0,1041.0,110.0,106.0,82.0,605,1203.0,5.0,1205,1208.0,3.0,0,0,,0.0,0.0,0.0,0.0,0.0,2015-07-15,0,0.0,0.0,0.0,0.0,0.0
2015,7,1,3,VX,406,N622VA,LAX,JFK,1040,1043.0,3.0,20.0,1103.0,335.0,338.0,304.0,2475,1907.0,14.0,1915,1921.0,6.0,0,0,,0.0,0.0,0.0,0.0,0.0,2015-07-01,0,0.0,0.0,0.0,0.0,0.0
2015,6,25,4,AA,2358,N569AA,DFW,MSY,1344,1409.0,25.0,11.0,1420.0,93.0,83.0,69.0,447,1529.0,3.0,1517,1532.0,15.0,0,0,,0.0,0.0,7.0,8.0,0.0,2015-06-25,1,0.0,0.0,28.0,32.0,0.0
2015,6,29,1,WN,1638,N8659D,LAX,DEN,1215,1220.0,5.0,15.0,1235.0,135.0,142.0,120.0,862,1535.0,7.0,1530,1542.0,12.0,0,0,,0.0,0.0,0.0,0.0,0.0,2015-06-29,0,0.0,0.0,0.0,0.0,0.0
2015,6,18,4,WN,2502,N705SW,DAL,SAT,600,559.0,-1.0,7.0,606.0,60.0,53.0,42.0,248,648.0,4.0,700,652.0,-8.0,0,0,,0.0,0.0,0.0,0.0,0.0,2015-06-18,0,0.0,0.0,0.0,0.0,0.0
2015,7,2,4,B6,1885,N258JB,BOS,PIT,1801,1753.0,-8.0,24.0,1817.0,105.0,109.0,81.0,496,1938.0,4.0,1946,1942.0,-4.0,0,0,,0.0,0.0,0.0,0.0,0.0,2015-07-02,0,0.0,0.0,0.0,0.0,0.0
2015,7,22,3,DL,1801,N939AT,ABE,ATL,615,614.0,-1.0,10.0,624.0,120.0,108.0,93.0,692,757.0,5.0,815,802.0,-13.0,0,0,,0.0,0.0,0.0,0.0,0.0,2015-07-22,0,0.0,0.0,0.0,0.0,0.0
2015,7,9,4,OO,6289,N971SW,SFO,MSO,1010,1006.0,-4.0,13.0,1019.0,130.0,137.0,119.0,769,1318.0,5.0,1320,1323.0,3.0,0,0,,0.0,0.0,0.0,0.0,0.0,2015-07-09,0,0.0,0.0,0.0,0.0,0.0
2015,6,25,4,DL,2826,N971AT,JFK,CHS,1643,1657.0,14.0,30.0,1727.0,130.0,127.0,93.0,636,1900.0,4.0,1853,1904.0,11.0,0,0,,0.0,0.0,0.0,0.0,0.0,2015-06-25,0,0.0,0.0,0.0,0.0,0.0
2015,7,7,2,DL,1382,N555NW,DEN,ATL,1145,1147.0,2.0,17.0,1204.0,180.0,164.0,142.0,1199,1626.0,5.0,1645,1631.0,-14.0,0,0,,0.0,0.0,0.0,0.0,0.0,2015-07-07,0,0.0,0.0,0.0,0.0,0.0
2015,7,3,5,DL,1186,N929DN,ATL,LGA,945,1017.0,32.0,18.0,1035.0,134.0,126.0,101.0,762,1216.0,7.0,1159,1223.0,24.0,0,0,,0.0,0.0,0.0,0.0,24.0,2015-07-03,1,0.0,0.0,0.0,0.0,75.0
2015,7,8,3,EV,2635,N667GB,SHV,DFW,632,629.0,-3.0,7.0,636.0,66.0,68.0,46.0,190,722.0,15.0,738,737.0,-1.0,0,0,,0.0,0.0,0.0,0.0,0.0,2015-07-08,0,0.0,0.0,0.0,0.0,0.0
2015,7,8,3,UA,1463,N37462,ORD,SEA,1228,1402.0,94.0,17.0,1419.0,272.0,250.0,223.0,1721,1602.0,10.0,1500,1612.0,72.0,0,0,,0.0,0.0,15.0,57.0,0.0,2015-07-08,1,0.0,0.0,15.96,60.64,0.0
2015,7,18,6,AA,1928,N708UW,PBI,CLT,1910,1903.0,-7.0,12.0,1915.0,115.0,129.0,100.0,590,2055.0,17.0,2105,2112.0,7.0,0,0,,0.0,0.0,0.0,0.0,0.0,2015-07-18,0,0.0,0.0,0.0,0.0,0.0
2015,6,18,4,WN,768,N705SW,SAT,DAL,730,725.0,-5.0,15.0,740.0,60.0,66.0,48.0,248,828.0,3.0,830,831.0,1.0,0,0,,0.0,0.0,0.0,0.0,0.0,2015-06-18,0,0.0,0.0,0.0,0.0,0.0
2015,6,30,2,EV,4882,N612QX,CHA,ATL,1606,1623.0,17.0,14.0,1637.0,54.0,44.0,25.0,106,1702.0,5.0,1700,1707.0,7.0,0,0,,0.0,0.0,0.0,0.0,0.0,2015-06-30,1,0.0,0.0,0.0,0.0,0.0
2015,7,11,6,WN,1940,N478WN,MCO,PHL,840,848.0,8.0,7.0,855.0,145.0,133.0,120.0,861,1055.0,6.0,1105,1101.0,-4.0,0,0,,0.0,0.0,0.0,0.0,0.0,2015-07-11,0,0.0,0.0,0.0,0.0,0.0
2015,6,23,2,US,1793,N174US,CLT,PIT,2210,2210.0,0.0,29.0,2239.0,76.0,88.0,54.0,366,2333.0,5.0,2326,2338.0,12.0,0,0,,0.0,0.0,0.0,0.0,0.0,2015-06-23,0,0.0,0.0,0.0,0.0,0.0
2015,7,11,6,WN,2327,N231WN,GSP,BWI,1220,1217.0,-3.0,9.0,1226.0,85.0,72.0,58.0,426,1324.0,5.0,1345,1329.0,-16.0,0,0,,0.0,0.0,0.0,0.0,0.0,2015-07-11,0,0.0,0.0,0.0,0.0,0.0
2015,7,8,3,WN,266,N634SW,MCO,RDU,840,836.0,-4.0,8.0,844.0,100.0,96.0,85.0,534,1009.0,3.0,1020,1012.0,-8.0,0,0,,0.0,0.0,0.0,0.0,0.0,2015-07-08,0,0.0,0.0,0.0,0.0,0.0
2015,7,20,1,OO,4823,N430SW,FWA,ATL,1728,1755.0,27.0,1.0,1756.0,106.0,95.0,86.0,508,1922.0,8.0,1914,1930.0,16.0,0,0,,0.0,0.0,16.0,0.0,0.0,2015-07-20,1,0.0,0.0,59.26,0.0,0.0
2015,6,28,7,EV,5597,N917EV,LFT,ATL,1121,1113.0,-8.0,11.0,1124.0,108.0,98.0,78.0,503,1342.0,9.0,1409,1351.0,-18.0,0,0,,0.0,0.0,0.0,0.0,0.0,2015-06-28,0,0.0,0.0,0.0,0.0,0.0
2015,7,2,4,B6,2116,N284JB,JAX,DCA,1025,1023.0,-2.0,18.0,1041.0,115.0,106.0,85.0,634,1206.0,3.0,1220,1209.0,-11.0,0,0,,0.0,0.0,0.0,0.0,0.0,2015-07-02,0,0.0,0.0,0.0,0.0,0.0
2015,6,28,7,DL,858,N318NB,SLC,IAH,2005,2006.0,1.0,14.0,2020.0,181.0,167.0,147.0,1195,2347.0,6.0,6,2353.0,-13.0,0,0,,0.0,0.0,0.0,0.0,0.0,2015-06-28,0,0.0,0.0,0.0,0.0,0.0
2015,7,15,3,WN,163,N933WN,LGA,MDW,1755,2044.0,169.0,30.0,2114.0,155.0,152.0,101.0,725,2155.0,21.0,1930,2216.0,166.0,0,0,,0.0,0.0,6.0,160.0,0.0,2015-07-15,1,0.0,0.0,3.55,94.67,0.0
2015,6,23,2,DL,1256,N969DL,GPT,ATL,630,622.0,-8.0,15.0,637.0,82.0,79.0,53.0,352,830.0,11.0,852,841.0,-11.0,0,0,,0.0,0.0,0.0,0.0,0.0,2015-06-23,0,0.0,0.0,0.0,0.0,0.0
2015,6,24,3,DL,2426,N992DL,MSY,ATL,1815,2105.0,170.0,11.0,2116.0,95.0,105.0,64.0,425,2320.0,30.0,2050,2350.0,180.0,0,0,,10.0,0.0,22.0,148.0,0.0,2015-06-24,1,5.88,0.0,12.94,87.06,0.0
2015,6,21,7,EV,5107,N853AS,ATL,AGS,1737,1734.0,-3.0,15.0,1749.0,56.0,50.0,31.0,143,1820.0,4.0,1833,1824.0,-9.0,0,0,,0.0,0.0,0.0,0.0,0.0,2015-06-21,0,0.0,0.0,0.0,0.0,0.0
2015,7,9,4,DL,1409,N922AT,DTW,BGR,2013,2012.0,-1.0,15.0,2027.0,119.0,109.0,91.0,750,2158.0,3.0,2212,2201.0,-11.0,0,0,,0.0,0.0,0.0,0.0,0.0,2015-07-09,0,0.0,0.0,0.0,0.0,0.0
2015,6,23,2,WN,4412,N345SA,STL,EWR,1810,1930.0,80.0,8.0,1938.0,140.0,129.0,112.0,872,2230.0,9.0,2130,2239.0,69.0,0,0,,0.0,0.0,0.0,16.0,53.0,2015-06-23,1,0.0,0.0,0.0,20.0,66.25
2015,7,10,5,DL,2487,N336NB,PHL,MSP,1128,1123.0,-5.0,24.0,1147.0,167.0,176.0,140.0,980,1307.0,12.0,1315,1319.0,4.0,0,0,,0.0,0.0,0.0,0.0,0.0,2015-07-10,0,0.0,0.0,0.0,0.0,0.0
2015,6,19,5,OO,4674,N432SW,MFR,SLC,620,614.0,-6.0,6.0,620.0,103.0,91.0,76.0,575,836.0,9.0,903,845.0,-18.0,0,0,,0.0,0.0,0.0,0.0,0.0,2015-06-19,0,0.0,0.0,0.0,0.0,0.0
2015,7,18,6,DL,336,N906AT,TPA,LGA,1525,1530.0,5.0,22.0,1552.0,164.0,178.0,149.0,1010,1821.0,7.0,1809,1828.0,19.0,0,0,,19.0,0.0,0.0,0.0,0.0,2015-07-18,0,380.0,0.0,0.0,0.0,0.0
2015,7,22,3,OO,2955,N885AS,PHX,FLG,1215,1206.0,-9.0,19.0,1225.0,50.0,46.0,24.0,119,1249.0,3.0,1305,1252.0,-13.0,0,0,,0.0,0.0,0.0,0.0,0.0,2015-07-22,0,0.0,0.0,0.0,0.0,0.0
2015,7,13,1,B6,350,N328JB,TPA,DCA,730,725.0,-5.0,25.0,750.0,133.0,188.0,148.0,814,1018.0,15.0,943,1033.0,50.0,0,0,,50.0,0.0,0.0,0.0,0.0,2015-07-13,0,-1000.0,-0.0,-0.0,-0.0,-0.0
2015,7,6,1,UA,352,N838UA,MSY,IAH,926,926.0,0.0,14.0,940.0,73.0,76.0,48.0,305,1028.0,14.0,1039,1042.0,3.0,0,0,,0.0,0.0,0.0,0.0,0.0,2015-07-06,0,0.0,0.0,0.0,0.0,0.0
2015,7,21,2,WN,576,N467WN,DCA,ATL,1630,1630.0,0.0,39.0,1709.0,115.0,130.0,79.0,547,1828.0,12.0,1825,1840.0,15.0,0,0,,15.0,0.0,0.0,0.0,0.0,2015-07-21,0,inf,0.0,0.0,0.0,0.0
2015,6,18,4,B6,411,N658JB,JFK,LAS,946,945.0,-1.0,19.0,1004.0,332.0,341.0,315.0,2248,1219.0,7.0,1218,1226.0,8.0,0,0,,0.0,0.0,0.0,0.0,0.0,2015-06-18,0,0.0,0.0,0.0,0.0,0.0
2015,7,2,4,WN,1899,N281WN,ATL,DTW,1525,1614.0,49.0,40.0,1654.0,125.0,131.0,86.0,594,1820.0,5.0,1730,1825.0,55.0,0,0,,6.0,0.0,11.0,38.0,0.0,2015-07-02,1,12.24,0.0,22.45,77.55,0.0
2015,7,14,2,WN,966,N423WN,BWI,SDF,825,845.0,20.0,14.0,859.0,100.0,104.0,84.0,495,1023.0,6.0,1005,1029.0,24.0,0,0,,4.0,0.0,20.0,0.0,0.0,2015-07-14,1,20.0,0.0,100.0,0.0,0.0
2015,6,29,1,OO,5245,N760SK,IAH,BHM,1016,1019.0,3.0,16.0,1035.0,110.0,96.0,77.0,562,1152.0,3.0,1206,1155.0,-11.0,0,0,,0.0,0.0,0.0,0.0,0.0,2015-06-29,0,0.0,0.0,0.0,0.0,0.0
2015,6,30,2,WN,322,N362SW,ATL,PIT,2205,2328.0,83.0,11.0,2339.0,100.0,93.0,77.0,526,56.0,5.0,2345,101.0,76.0,0,0,,0.0,0.0,62.0,14.0,0.0,2015-06-30,1,0.0,0.0,74.7,16.87,0.0
2015,7,22,3,MQ,3443,N831MQ,DFW,GRK,1340,1337.0,-3.0,13.0,1350.0,50.0,42.0,26.0,134,1416.0,3.0,1430,1419.0,-11.0,0,0,,0.0,0.0,0.0,0.0,0.0,2015-07-22,0,0.0,0.0,0.0,0.0,0.0
2015,7,20,1,WN,637,N7719A,STL,LGA,1920,1941.0,21.0,9.0,1950.0,145.0,125.0,110.0,888,2240.0,6.0,2245,2246.0,1.0,0,0,,0.0,0.0,0.0,0.0,0.0,2015-07-20,1,0.0,0.0,0.0,0.0,0.0
2015,6,28,7,HA,380,N483HA,HNL,ITO,1745,1738.0,-7.0,8.0,1746.0,51.0,49.0,36.0,216,1822.0,5.0,1836,1827.0,-9.0,0,0,,0.0,0.0,0.0,0.0,0.0,2015-06-28,0,0.0,0.0,0.0,0.0,0.0
2015,7,22,3,EV,5295,N917EV,ATL,VLD,1454,1451.0,-3.0,12.0,1503.0,65.0,52.0,36.0,208,1539.0,4.0,1559,1543.0,-16.0,0,0,,0.0,0.0,0.0,0.0,0.0,2015-07-22,0,0.0,0.0,0.0,0.0,0.0
2015,7,10,5,EV,4196,N16541,IAH,IND,1335,1355.0,20.0,12.0,1407.0,150.0,133.0,114.0,844,1701.0,7.0,1705,1708.0,3.0,0,0,,0.0,0.0,0.0,0.0,0.0,2015-07-10,1,0.0,0.0,0.0,0.0,0.0
2015,6,26,5,OO,4813,N603QX,SEA,SIT,1715,1708.0,-7.0,14.0,1722.0,150.0,140.0,122.0,861,1824.0,4.0,1845,1828.0,-17.0,0,0,,0.0,0.0,0.0,0.0,0.0,2015-06-26,0,0.0,0.0,0.0,0.0,0.0
2015,6,18,4,DL,1691,N835DN,PDX,DTW,2259,2317.0,18.0,12.0,2329.0,247.0,229.0,210.0,1953,559.0,7.0,606,606.0,0.0,0,0,,0.0,0.0,0.0,0.0,0.0,2015-06-18,1,0.0,0.0,0.0,0.0,0.0
2015,7,5,7,EV,5668,N13550,MEM,IAH,1016,1022.0,6.0,16.0,1038.0,103.0,103.0,79.0,468,1157.0,8.0,1159,1205.0,6.0,0,0,,0.0,0.0,0.0,0.0,0.0,2015-07-05,0,0.0,0.0,0.0,0.0,0.0
2015,6,25,4,WN,898,N389SW,SEA,LAS,1130,1129.0,-1.0,15.0,1144.0,150.0,151.0,132.0,867,1356.0,4.0,1400,1400.0,0.0,0,0,,0.0,0.0,0.0,0.0,0.0,2015-06-25,0,0.0,0.0,0.0,0.0,0.0
2015,7,13,1,B6,1273,N566JB,JFK,CHS,710,708.0,-2.0,26.0,734.0,130.0,122.0,92.0,636,906.0,4.0,920,910.0,-10.0,0,0,,0.0,0.0,0.0,0.0,0.0,2015-07-13,0,0.0,0.0,0.0,0.0,0.0
2015,7,18,6,DL,1700,N3764D,LAX,SLC,1140,1206.0,26.0,33.0,1239.0,106.0,115.0,78.0,590,1457.0,4.0,1426,1501.0,35.0,0,0,,9.0,0.0,0.0,2.0,24.0,2015-07-18,1,34.62,0.0,0.0,7.69,92.31
2015,7,12,7,MQ,3364,N933MQ,ORD,LEX,1544,1541.0,-3.0,13.0,1554.0,78.0,68.0,50.0,323,1744.0,5.0,1802,1749.0,-13.0,0,0,,0.0,0.0,0.0,0.0,0.0,2015-07-12,0,0.0,0.0,0.0,0.0,0.0
2015,7,2,4,UA,1922,N77520,EWR,SEA,1945,2356.0,251.0,13.0,9.0,368.0,330.0,310.0,2402,219.0,7.0,2253,226.0,213.0,0,0,,0.0,0.0,81.0,132.0,0.0,2015-07-02,1,0.0,0.0,32.27,52.59,0.0
2015,6,30,2,DL,29,N915DL,ATL,DFW,1915,1914.0,-1.0,13.0,1927.0,138.0,124.0,106.0,731,2013.0,5.0,2033,2018.0,-15.0,0,0,,0.0,0.0,0.0,0.0,0.0,2015-06-30,0,0.0,0.0,0.0,0.0,0.0
2015,7,14,2,B6,938,N571JB,BQN,JFK,932,937.0,5.0,10.0,947.0,236.0,218.0,205.0,1576,1312.0,3.0,1328,1315.0,-13.0,0,0,,0.0,0.0,0.0,0.0,0.0,2015-07-14,0,0.0,0.0,0.0,0.0,0.0
2015,6,30,2,AA,2469,N368AA,DFW,LAX,1015,1014.0,-1.0,19.0,1033.0,192.0,243.0,142.0,1235,1055.0,82.0,1127,1217.0,50.0,0,0,,50.0,0.0,0.0,0.0,0.0,2015-06-30,0,-5000.0,-0.0,-0.0,-0.0,-0.0
2015,6,28,7,US,416,N822AW,PHX,STL,1210,1217.0,7.0,14.0,1231.0,178.0,177.0,160.0,1262,1711.0,3.0,1708,1714.0,6.0,0,0,,0.0,0.0,0.0,0.0,0.0,2015-06-28,0,0.0,0.0,0.0,0.0,0.0
2015,7,14,2,WN,834,N449WN,LAS,BUR,1045,1044.0,-1.0,12.0,1056.0,60.0,58.0,43.0,223,1139.0,3.0,1145,1142.0,-3.0,0,0,,0.0,0.0,0.0,0.0,0.0,2015-07-14,0,0.0,0.0,0.0,0.0,0.0
2015,6,19,5,DL,1725,N689DL,ATL,SEA,1345,1348.0,3.0,15.0,1403.0,324.0,314.0,287.0,2182,1550.0,12.0,1609,1602.0,-7.0,0,0,,0.0,0.0,0.0,0.0,0.0,2015-06-19,0,0.0,0.0,0.0,0.0,0.0
2015,6,24,3,WN,3831,N709SW,MKE,BOS,810,817.0,7.0,7.0,824.0,130.0,115.0,97.0,860,1101.0,11.0,1120,1112.0,-8.0,0,0,,0.0,0.0,0.0,0.0,0.0,2015-06-24,0,0.0,0.0,0.0,0.0,0.0
2015,7,12,7,DL,1620,N908DE,OMA,MSP,650,645.0,-5.0,9.0,654.0,65.0,64.0,47.0,282,741.0,8.0,755,749.0,-6.0,0,0,,0.0,0.0,0.0,0.0,0.0,2015-07-12,0,0.0,0.0,0.0,0.0,0.0
2015,7,15,3,WN,123,N265WN,STL,OMA,845,841.0,-4.0,12.0,853.0,75.0,72.0,54.0,342,947.0,6.0,1000,953.0,-7.0,0,0,,0.0,0.0,0.0,0.0,0.0,2015-07-15,0,0.0,0.0,0.0,0.0,0.0
2015,6,25,4,WN,4232,N214WN,DEN,LAS,1620,1631.0,11.0,10.0,1641.0,115.0,98.0,83.0,628,1704.0,5.0,1715,1709.0,-6.0,0,0,,0.0,0.0,0.0,0.0,0.0,2015-06-25,0,0.0,0.0,0.0,0.0,0.0
2015,6,28,7,DL,2528,N920AT,CLE,ATL,1422,1431.0,9.0,11.0,1442.0,106.0,97.0,79.0,554,1601.0,7.0,1608,1608.0,0.0,0,0,,0.0,0.0,0.0,0.0,0.0,2015-06-28,0,0.0,0.0,0.0,0.0,0.0
2015,6,29,1,HA,308,N487HA,HNL,KOA,1900,1857.0,-3.0,8.0,1905.0,43.0,44.0,31.0,163,1936.0,5.0,1943,1941.0,-2.0,0,0,,0.0,0.0,0.0,0.0,0.0,2015-06-29,0,0.0,0.0,0.0,0.0,0.0
2015,6,28,7,DL,1064,N987AT,ATL,MYR,1221,1227.0,6.0,14.0,1241.0,73.0,62.0,45.0,317,1326.0,3.0,1334,1329.0,-5.0,0,0,,0.0,0.0,0.0,0.0,0.0,2015-06-28,0,0.0,0.0,0.0,0.0,0.0
2015,6,26,5,UA,1474,N37408,ORD,MCO,1910,1923.0,13.0,44.0,2007.0,163.0,192.0,143.0,1005,2330.0,5.0,2253,2335.0,42.0,0,0,,29.0,0.0,0.0,13.0,0.0,2015-06-26,0,223.08,0.0,0.0,100.0,0.0
2015,7,9,4,EV,2697,N906EV,DFW,BTR,1740,1740.0,0.0,23.0,1803.0,78.0,84.0,58.0,383,1901.0,3.0,1858,1904.0,6.0,0,0,,0.0,0.0,0.0,0.0,0.0,2015-07-09,0,0.0,0.0,0.0,0.0,0.0
2015,7,20,1,B6,589,N323JB,BOS,DCA,1100,1100.0,0.0,18.0,1118.0,94.0,87.0,66.0,399,1224.0,3.0,1234,1227.0,-7.0,0,0,,0.0,0.0,0.0,0.0,0.0,2015-07-20,0,0.0,0.0,0.0,0.0,0.0
2015,7,10,5,AA,394,N3HUAA,ORD,LGA,715,714.0,-1.0,22.0,736.0,133.0,141.0,98.0,733,1014.0,21.0,1028,1035.0,7.0,0,0,,0.0,0.0,0.0,0.0,0.0,2015-07-10,0,0.0,0.0,0.0,0.0,0.0
2015,6,28,7,VX,204,N844VA,SFO,ORD,1135,1136.0,1.0,16.0,1152.0,250.0,270.0,231.0,1846,1743.0,23.0,1745,1806.0,21.0,0,0,,21.0,0.0,0.0,0.0,0.0,2015-06-28,0,2100.0,0.0,0.0,0.0,0.0
2015,6,17,3,DL,960,N908DL,IND,ATL,600,555.0,-5.0,10.0,605.0,89.0,83.0,66.0,432,711.0,7.0,729,718.0,-11.0,0,0,,0.0,0.0,0.0,0.0,0.0,2015-06-17,0,0.0,0.0,0.0,0.0,0.0
2015,7,17,5,DL,2553,N3767,ATL,SAT,1414,1421.0,7.0,14.0,1435.0,149.0,133.0,115.0,874,1530.0,4.0,1543,1534.0,-9.0,0,0,,0.0,0.0,0.0,0.0,0.0,2015-07-17,0,0.0,0.0,0.0,0.0,0.0
2015,7,22,3,WN,40,N511SW,CRP,HOU,1420,1419.0,-1.0,7.0,1426.0,55.0,45.0,32.0,187,1458.0,6.0,1515,1504.0,-11.0,0,0,,0.0,0.0,0.0,0.0,0.0,2015-07-22,0,0.0,0.0,0.0,0.0,0.0
2015,7,22,3,UA,271,N478UA,PHL,DEN,1537,1532.0,-5.0,17.0,1549.0,274.0,263.0,219.0,1558,1728.0,27.0,1811,1755.0,-16.0,0,0,,0.0,0.0,0.0,0.0,0.0,2015-07-22,0,0.0,0.0,0.0,0.0,0.0
2015,6,19,5,EV,4217,N15986,BRO,IAH,1049,1040.0,-9.0,6.0,1046.0,79.0,69.0,58.0,308,1144.0,5.0,1208,1149.0,-19.0,0,0,,0.0,0.0,0.0,0.0,0.0,2015-06-19,0,0.0,0.0,0.0,0.0,0.0
2015,6,15,1,DL,2382,N335NB,SNA,MSP,1300,1336.0,36.0,10.0,1346.0,211.0,207.0,177.0,1522,1843.0,20.0,1831,1903.0,32.0,0,0,,0.0,0.0,32.0,0.0,0.0,2015-06-15,1,0.0,0.0,88.89,0.0,0.0
2015,7,11,6,AS,405,N713AS,SJC,PDX,645,642.0,-3.0,10.0,652.0,97.0,100.0,86.0,569,818.0,4.0,822,822.0,0.0,0,0,,0.0,0.0,0.0,0.0,0.0,2015-07-11,0,0.0,0.0,0.0,0.0,0.0
2015,7,13,1,AA,1723,N814AW,BDL,CLT,1705,1738.0,33.0,18.0,1756.0,129.0,114.0,89.0,644,1925.0,7.0,1914,1932.0,18.0,0,0,,0.0,0.0,0.0,18.0,0.0,2015-07-13,1,0.0,0.0,0.0,54.55,0.0
2015,7,19,7,WN,183,N927WN,SJC,SNA,1350,1359.0,9.0,10.0,1409.0,75.0,74.0,60.0,342,1509.0,4.0,1505,1513.0,8.0,0,0,,0.0,0.0,0.0,0.0,0.0,2015-07-19,0,0.0,0.0,0.0,0.0,0.0
2015,7,8,3,AA,614,N189UW,LAX,PHX,1240,1246.0,6.0,14.0,1300.0,93.0,76.0,57.0,370,1357.0,5.0,1413,1402.0,-11.0,0,0,,0.0,0.0,0.0,0.0,0.0,2015-07-08,0,0.0,0.0,0.0,0.0,0.0
2015,6,28,7,DL,2333,N336NW,MSP,SLC,1920,1924.0,4.0,10.0,1934.0,170.0,153.0,136.0,991,2050.0,7.0,2110,2057.0,-13.0,0,0,,0.0,0.0,0.0,0.0,0.0,2015-06-28,0,0.0,0.0,0.0,0.0,0.0
2015,7,21,2,AA,916,N3BVAA,MIA,DCA,2115,2209.0,54.0,26.0,2235.0,157.0,149.0,119.0,919,34.0,4.0,2352,38.0,46.0,0,0,,0.0,0.0,0.0,30.0,16.0,2015-07-21,1,0.0,0.0,0.0,55.56,29.63
2015,6,25,4,DL,2006,N951DN,SYR,ATL,1800,1754.0,-6.0,22.0,1816.0,142.0,136.0,107.0,794,2003.0,7.0,2022,2010.0,-12.0,0,0,,0.0,0.0,0.0,0.0,0.0,2015-06-25,0,0.0,0.0,0.0,0.0,0.0
2015,6,22,1,WN,2161,N419WN,BWI,SEA,1400,1423.0,23.0,12.0,1435.0,345.0,351.0,329.0,2335,1704.0,10.0,1645,1714.0,29.0,0,0,,6.0,0.0,22.0,1.0,0.0,2015-06-22,1,26.09,0.0,95.65,4.35,0.0
2015,7,16,4,AA,1046,N436AA,MCI,DFW,1112,1107.0,-5.0,17.0,1124.0,98.0,96.0,69.0,460,1233.0,10.0,1250,1243.0,-7.0,0,0,,0.0,0.0,0.0,0.0,0.0,2015-07-16,0,0.0,0.0,0.0,0.0,0.0
2015,6,22,1,EV,4386,N13970,ELP,IAH,1258,1249.0,-9.0,9.0,1258.0,121.0,115.0,100.0,667,1538.0,6.0,1559,1544.0,-15.0,0,0,,0.0,0.0,0.0,0.0,0.0,2015-06-22,0,0.0,0.0,0.0,0.0,0.0
2015,7,3,5,B6,307,N351JB,PWM,JFK,1534,1527.0,-7.0,12.0,1539.0,86.0,71.0,56.0,273,1635.0,3.0,1700,1638.0,-22.0,0,0,,0.0,0.0,0.0,0.0,0.0,2015-07-03,0,0.0,0.0,0.0,0.0,0.0
2015,6,22,1,OO,4654,N685BR,HLN,SLC,635,632.0,-3.0,8.0,640.0,76.0,75.0,58.0,402,738.0,9.0,751,747.0,-4.0,0,0,,0.0,0.0,0.0,0.0,0.0,2015-06-22,0,0.0,0.0,0.0,0.0,0.0
2015,7,13,1,AA,1239,N3LGAA,SEA,ORD,1524,1529.0,5.0,10.0,1539.0,237.0,235.0,207.0,1721,2106.0,18.0,2121,2124.0,3.0,0,0,,0.0,0.0,0.0,0.0,0.0,2015-07-13,0,0.0,0.0,0.0,0.0,0.0
2015,7,4,6,UA,774,N405UA,SFO,ORD,1329,1325.0,-4.0,17.0,1342.0,264.0,249.0,223.0,1846,1925.0,9.0,1953,1934.0,-19.0,0,0,,0.0,0.0,0.0,0.0,0.0,2015-07-04,0,0.0,0.0,0.0,0.0,0.0
2015,7,4,6,WN,663,N741SA,RSW,MDW,1305,1259.0,-6.0,9.0,1308.0,175.0,158.0,143.0,1105,1431.0,6.0,1500,1437.0,-23.0,0,0,,0.0,0.0,0.0,0.0,0.0,2015-07-04,0,0.0,0.0,0.0,0.0,0.0
2015,7,8,3,DL,2016,N927DN,DEN,ATL,1715,1727.0,12.0,26.0,1753.0,184.0,190.0,156.0,1199,2229.0,8.0,2219,2237.0,18.0,0,0,,6.0,0.0,8.0,4.0,0.0,2015-07-08,0,50.0,0.0,66.67,33.33,0.0
2015,6,18,4,DL,2642,N904DA,CLT,ATL,1705,2225.0,320.0,24.0,2249.0,83.0,79.0,37.0,226,2326.0,18.0,1828,2344.0,316.0,0,0,,0.0,0.0,316.0,0.0,0.0,2015-06-18,1,0.0,0.0,98.75,0.0,0.0
2015,6,20,6,WN,4425,N776WN,ELP,AUS,1145,1144.0,-1.0,14.0,1158.0,90.0,89.0,70.0,528,1408.0,5.0,1415,1413.0,-2.0,0,0,,0.0,0.0,0.0,0.0,0.0,2015-06-20,0,0.0,0.0,0.0,0.0,0.0
2015,6,26,5,US,1782,N119US,CLT,EWR,2215,2341.0,86.0,15.0,2356.0,102.0,97.0,78.0,529,114.0,4.0,2357,118.0,81.0,0,0,,0.0,0.0,0.0,0.0,81.0,2015-06-26,1,0.0,0.0,0.0,0.0,94.19
2015,7,8,3,WN,4106,N746SW,SMF,LAX,2215,2222.0,7.0,6.0,2228.0,80.0,96.0,70.0,373,2338.0,20.0,2335,2358.0,23.0,0,0,,16.0,0.0,0.0,7.0,0.0,2015-07-08,0,228.57,0.0,0.0,100.0,0.0
2015,7,5,7,OO,5447,N934SW,ORD,DLH,1604,1628.0,24.0,21.0,1649.0,98.0,88.0,59.0,397,1748.0,8.0,1742,1756.0,14.0,0,0,,0.0,0.0,0.0,0.0,0.0,2015-07-05,1,0.0,0.0,0.0,0.0,0.0
2015,6,22,1,AA,2240,N3EEAA,MIA,LGA,1655,1655.0,0.0,21.0,1716.0,179.0,181.0,149.0,1096,1945.0,11.0,1954,1956.0,2.0,0,0,,0.0,0.0,0.0,0.0,0.0,2015-06-22,0,0.0,0.0,0.0,0.0,0.0
2015,7,3,5,UA,145,N76065,IAD,HNL,855,859.0,4.0,11.0,910.0,614.0,602.0,571.0,4817,1241.0,20.0,1309,1301.0,-8.0,0,0,,0.0,0.0,0.0,0.0,0.0,2015-07-03,0,0.0,0.0,0.0,0.0,0.0
2015,6,22,1,AA,1344,N590AA,ORD,AUS,1115,1340.0,145.0,23.0,1403.0,154.0,161.0,133.0,978,1616.0,5.0,1349,1621.0,152.0,0,0,,7.0,0.0,0.0,145.0,0.0,2015-06-22,1,4.83,0.0,0.0,100.0,0.0
2015,7,4,6,AA,1351,N3KMAA,BWI,DFW,701,656.0,-5.0,13.0,709.0,199.0,197.0,169.0,1217,858.0,15.0,920,913.0,-7.0,0,0,,0.0,0.0,0.0,0.0,0.0,2015-07-04,0,0.0,0.0,0.0,0.0,0.0
2015,7,20,1,DL,1995,N916DE,ATL,BHM,2228,2223.0,-5.0,22.0,2245.0,52.0,50.0,24.0,134,2209.0,4.0,2220,2213.0,-7.0,0,0,,0.0,0.0,0.0,0.0,0.0,2015-07-20,0,0.0,0.0,0.0,0.0,0.0
2015,6,24,3,OO,5269,N136SY,ORD,MCI,1740,1740.0,0.0,25.0,1805.0,97.0,96.0,64.0,403,1909.0,7.0,1917,1916.0,-1.0,0,0,,0.0,0.0,0.0,0.0,0.0,2015-06-24,0,0.0,0.0,0.0,0.0,0.0
2015,6,22,1,OO,5608,N744SK,LAX,SEA,847,854.0,7.0,30.0,924.0,167.0,170.0,129.0,954,1133.0,11.0,1134,1144.0,10.0,0,0,,0.0,0.0,0.0,0.0,0.0,2015-06-22,0,0.0,0.0,0.0,0.0,0.0
2015,7,3,5,OO,5164,N133SY,ORD,CLE,637,632.0,-5.0,14.0,646.0,79.0,77.0,57.0,315,843.0,6.0,856,849.0,-7.0,0,0,,0.0,0.0,0.0,0.0,0.0,2015-07-03,0,0.0,0.0,0.0,0.0,0.0
2015,7,12,7,EV,4285,N16178,IAH,GSP,1920,1918.0,-2.0,21.0,1939.0,142.0,146.0,119.0,837,2238.0,6.0,2242,2244.0,2.0,0,0,,0.0,0.0,0.0,0.0,0.0,2015-07-12,0,0.0,0.0,0.0,0.0,0.0
2015,6,19,5,B6,1199,N661JB,LGA,MCO,1315,1323.0,8.0,44.0,1407.0,165.0,183.0,133.0,950,1620.0,6.0,1600,1626.0,26.0,0,0,,18.0,0.0,8.0,0.0,0.0,2015-06-19,0,225.0,0.0,100.0,0.0,0.0
2015,7,1,3,WN,687,N697SW,PHX,OAK,545,545.0,0.0,12.0,557.0,120.0,109.0,91.0,646,728.0,6.0,745,734.0,-11.0,0,0,,0.0,0.0,0.0,0.0,0.0,2015-07-01,0,0.0,0.0,0.0,0.0,0.0
2015,6,22,1,B6,1481,N307JB,BOS,RIC,705,659.0,-6.0,13.0,712.0,102.0,94.0,76.0,474,828.0,5.0,847,833.0,-14.0,0,0,,0.0,0.0,0.0,0.0,0.0,2015-06-22,0,0.0,0.0,0.0,0.0,0.0
2015,7,16,4,DL,2104,N926DL,ATL,PVD,1515,1515.0,0.0,29.0,1544.0,157.0,158.0,123.0,903,1747.0,6.0,1752,1753.0,1.0,0,0,,0.0,0.0,0.0,0.0,0.0,2015-07-16,0,0.0,0.0,0.0,0.0,0.0
2015,6,29,1,US,756,N767UW,BUF,CLT,1150,1150.0,0.0,7.0,1157.0,110.0,113.0,91.0,546,1328.0,15.0,1340,1343.0,3.0,0,0,,0.0,0.0,0.0,0.0,0.0,2015-06-29,0,0.0,0.0,0.0,0.0,0.0
2015,7,6,1,AA,2200,N3FYAA,DFW,FLL,2000,1957.0,-3.0,12.0,2009.0,176.0,160.0,144.0,1119,2333.0,4.0,2356,2337.0,-19.0,0,0,,0.0,0.0,0.0,0.0,0.0,2015-07-06,0,0.0,0.0,0.0,0.0,0.0
2015,7,18,6,AA,1927,N826AW,LAX,IAD,2240,2331.0,51.0,26.0,2357.0,308.0,296.0,267.0,2288,724.0,3.0,648,727.0,39.0,0,0,,0.0,0.0,39.0,0.0,0.0,2015-07-18,1,0.0,0.0,76.47,0.0,0.0
2015,7,21,2,WN,1254,N747SA,HOU,ABQ,2210,2354.0,104.0,6.0,2400.0,125.0,113.0,102.0,759,42.0,5.0,2315,47.0,92.0,0,0,,0.0,0.0,83.0,9.0,0.0,2015-07-21,1,0.0,0.0,79.81,8.65,0.0
2015,6,19,5,WN,3232,N242WN,PDX,DEN,530,602.0,32.0,15.0,617.0,150.0,142.0,120.0,991,917.0,7.0,900,924.0,24.0,0,0,,0.0,0.0,0.0,0.0,24.0,2015-06-19,1,0.0,0.0,0.0,0.0,75.0
2015,7,16,4,AS,138,N534AS,ANC,ORD,2325,2319.0,-6.0,10.0,2329.0,365.0,349.0,328.0,2846,757.0,11.0,830,808.0,-22.0,0,0,,0.0,0.0,0.0,0.0,0.0,2015-07-16,0,0.0,0.0,0.0,0.0,0.0
2015,6,25,4,UA,273,N822UA,SFO,SEA,600,554.0,-6.0,19.0,613.0,126.0,117.0,90.0,679,743.0,8.0,806,751.0,-15.0,0,0,,0.0,0.0,0.0,0.0,0.0,2015-06-25,0,0.0,0.0,0.0,0.0,0.0
2015,7,21,2,DL,2580,N959AT,DTW,GRR,2019,2016.0,-3.0,21.0,2037.0,51.0,49.0,25.0,120,2102.0,3.0,2110,2105.0,-5.0,0,0,,0.0,0.0,0.0,0.0,0.0,2015-07-21,0,0.0,0.0,0.0,0.0,0.0
2015,7,20,1,WN,4210,N8660A,DEN,CMH,1005,1001.0,-4.0,15.0,1016.0,165.0,154.0,134.0,1154,1430.0,5.0,1450,1435.0,-15.0,0,0,,0.0,0.0,0.0,0.0,0.0,2015-07-20,0,0.0,0.0,0.0,0.0,0.0
2015,6,28,7,DL,1327,N961AT,CLE,ATL,845,842.0,-3.0,14.0,856.0,108.0,97.0,78.0,554,1014.0,5.0,1033,1019.0,-14.0,0,0,,0.0,0.0,0.0,0.0,0.0,2015-06-28,0,0.0,0.0,0.0,0.0,0.0
2015,6,30,2,B6,1790,N238JB,DCA,BOS,600,548.0,-12.0,11.0,559.0,86.0,85.0,62.0,399,701.0,12.0,726,713.0,-13.0,0,0,,0.0,0.0,0.0,0.0,0.0,2015-06-30,0,0.0,0.0,0.0,0.0,0.0
2015,7,19,7,EV,4595,N16170,MFE,IAH,1616,1613.0,-3.0,8.0,1621.0,80.0,75.0,59.0,316,1720.0,8.0,1736,1728.0,-8.0,0,0,,0.0,0.0,0.0,0.0,0.0,2015-07-19,0,0.0,0.0,0.0,0.0,0.0
2015,6,21,7,OO,4680,N432SW,EUG,SLC,1230,1228.0,-2.0,9.0,1237.0,110.0,98.0,84.0,618,1501.0,5.0,1520,1506.0,-14.0,0,0,,0.0,0.0,0.0,0.0,0.0,2015-06-21,0,0.0,0.0,0.0,0.0,0.0
2015,7,16,4,AA,2008,N200UU,MCO,PHL,1940,1940.0,0.0,13.0,1953.0,144.0,140.0,123.0,861,2156.0,4.0,2204,2200.0,-4.0,0,0,,0.0,0.0,0.0,0.0,0.0,2015-07-16,0,0.0,0.0,0.0,0.0,0.0
2015,7,1,3,WN,509,N407WN,MCO,MSY,1015,1016.0,1.0,11.0,1027.0,95.0,94.0,81.0,551,1048.0,2.0,1050,1050.0,0.0,0,0,,0.0,0.0,0.0,0.0,0.0,2015-07-01,0,0.0,0.0,0.0,0.0,0.0
2015,6,25,4,OO,5361,N943SW,FWA,ORD,1009,1004.0,-5.0,9.0,1013.0,62.0,49.0,33.0,157,946.0,7.0,1011,953.0,-18.0,0,0,,0.0,0.0,0.0,0.0,0.0,2015-06-25,0,0.0,0.0,0.0,0.0,0.0
2015,7,21,2,EV,4242,N11191,CRW,IAH,1650,1651.0,1.0,9.0,1700.0,159.0,153.0,137.0,975,1817.0,7.0,1829,1824.0,-5.0,0,0,,0.0,0.0,0.0,0.0,0.0,2015-07-21,0,0.0,0.0,0.0,0.0,0.0
2015,7,19,7,AA,1898,N190UW,CLT,JFK,2209,2206.0,-3.0,13.0,2219.0,110.0,100.0,77.0,541,2336.0,10.0,2359,2346.0,-13.0,0,0,,0.0,0.0,0.0,0.0,0.0,2015-07-19,0,0.0,0.0,0.0,0.0,0.0
2015,7,18,6,OO,6299,N702BR,DSM,DEN,1714,1704.0,-10.0,14.0,1718.0,121.0,115.0,92.0,589,1750.0,9.0,1815,1759.0,-16.0,0,0,,0.0,0.0,0.0,0.0,0.0,2015-07-18,0,0.0,0.0,0.0,0.0,0.0
2015,6,17,3,EV,5040,N166PQ,ATL,HPN,1605,1626.0,21.0,16.0,1642.0,144.0,139.0,120.0,780,1842.0,3.0,1829,1845.0,16.0,0,0,,0.0,0.0,1.0,15.0,0.0,2015-06-17,1,0.0,0.0,4.76,71.43,0.0
2015,7,5,7,F9,702,N214FR,MSY,ATL,1620,1605.0,-15.0,8.0,1613.0,85.0,98.0,74.0,425,1827.0,16.0,1845,1843.0,-2.0,0,0,,0.0,0.0,0.0,0.0,0.0,2015-07-05,0,0.0,0.0,0.0,0.0,0.0
2015,7,7,2,B6,385,N354JB,ROC,JFK,832,828.0,-4.0,8.0,836.0,81.0,71.0,57.0,264,933.0,6.0,953,939.0,-14.0,0,0,,0.0,0.0,0.0,0.0,0.0,2015-07-07,0,0.0,0.0,0.0,0.0,0.0
2015,7,22,3,OO,4686,N433SW,RAP,MSP,1600,1555.0,-5.0,16.0,1611.0,93.0,104.0,82.0,489,1833.0,6.0,1833,1839.0,6.0,0,0,,0.0,0.0,0.0,0.0,0.0,2015-07-22,0,0.0,0.0,0.0,0.0,0.0
2015,7,10,5,WN,1347,N355SW,BWI,FLL,1615,1614.0,-1.0,16.0,1630.0,155.0,144.0,123.0,925,1833.0,5.0,1850,1838.0,-12.0,0,0,,0.0,0.0,0.0,0.0,0.0,2015-07-10,0,0.0,0.0,0.0,0.0,0.0
2015,6,30,2,WN,498,N8325D,SEA,SJC,1935,1928.0,-7.0,12.0,1940.0,125.0,121.0,103.0,697,2123.0,6.0,2140,2129.0,-11.0,0,0,,0.0,0.0,0.0,0.0,0.0,2015-06-30,0,0.0,0.0,0.0,0.0,0.0
2015,7,5,7,OO,5507,N920SW,TUS,DEN,1300,1244.0,-16.0,12.0,1256.0,120.0,110.0,87.0,639,1523.0,11.0,1600,1534.0,-26.0,0,0,,0.0,0.0,0.0,0.0,0.0,2015-07-05,0,0.0,0.0,0.0,0.0,0.0
2015,7,2,4,DL,1969,N325US,MSP,RDU,1508,1508.0,0.0,14.0,1522.0,147.0,132.0,114.0,980,1816.0,4.0,1835,1820.0,-15.0,0,0,,0.0,0.0,0.0,0.0,0.0,2015-07-02,0,0.0,0.0,0.0,0.0,0.0
2015,6,27,6,WN,4549,N8318F,PHL,PHX,1350,1355.0,5.0,12.0,1407.0,305.0,301.0,283.0,2075,1550.0,6.0,1555,1556.0,1.0,0,0,,0.0,0.0,0.0,0.0,0.0,2015-06-27,0,0.0,0.0,0.0,0.0,0.0
2015,7,11,6,NK,241,N502NK,CLE,ATL,600,555.0,-5.0,12.0,607.0,115.0,92.0,74.0,554,721.0,6.0,755,727.0,-28.0,0,0,,0.0,0.0,0.0,0.0,0.0,2015-07-11,0,0.0,0.0,0.0,0.0,0.0
2015,7,2,4,MQ,3310,N696MQ,DFW,SJT,1445,1441.0,-4.0,10.0,1451.0,58.0,48.0,37.0,229,1528.0,1.0,1543,1529.0,-14.0,0,0,,0.0,0.0,0.0,0.0,0.0,2015-07-02,0,0.0,0.0,0.0,0.0,0.0
2015,7,19,7,UA,1536,N56859,OGG,LAX,1150,1314.0,84.0,12.0,1326.0,311.0,306.0,280.0,2486,2106.0,14.0,2001,2120.0,79.0,0,0,,0.0,0.0,79.0,0.0,0.0,2015-07-19,1,0.0,0.0,94.05,0.0,0.0
2015,7,21,2,DL,1336,N368NB,SLC,RNO,1102,1106.0,4.0,21.0,1127.0,85.0,86.0,61.0,422,1128.0,4.0,1127,1132.0,5.0,0,0,,0.0,0.0,0.0,0.0,0.0,2015-07-21,0,0.0,0.0,0.0,0.0,0.0
2015,7,9,4,AA,1155,N3FYAA,LAX,ORD,1635,1631.0,-4.0,11.0,1642.0,250.0,222.0,203.0,1744,2205.0,8.0,2245,2213.0,-32.0,0,0,,0.0,0.0,0.0,0.0,0.0,2015-07-09,0,0.0,0.0,0.0,0.0,0.0
2015,7,16,4,OO,4785,N613QX,SJC,SEA,1243,1241.0,-2.0,24.0,1305.0,130.0,133.0,104.0,697,1449.0,5.0,1453,1454.0,1.0,0,0,,0.0,0.0,0.0,0.0,0.0,2015-07-16,0,0.0,0.0,0.0,0.0,0.0
2015,7,11,6,WN,4425,N225WN,SLC,LAS,2010,2004.0,-6.0,16.0,2020.0,80.0,96.0,59.0,368,2019.0,21.0,2030,2040.0,10.0,0,0,,0.0,0.0,0.0,0.0,0.0,2015-07-11,0,0.0,0.0,0.0,0.0,0.0
2015,6,15,1,US,1991,N678AW,PHL,ORD,940,935.0,-5.0,13.0,948.0,142.0,145.0,122.0,678,1050.0,10.0,1102,1100.0,-2.0,0,0,,0.0,0.0,0.0,0.0,0.0,2015-06-15,0,0.0,0.0,0.0,0.0,0.0
2015,6,30,2,UA,1660,N12221,ORD,DEN,1226,1254.0,28.0,12.0,1306.0,152.0,140.0,121.0,888,1407.0,7.0,1358,1414.0,16.0,0,0,,0.0,0.0,15.0,1.0,0.0,2015-06-30,1,0.0,0.0,53.57,3.57,0.0
2015,7,6,1,EV,4422,N12540,PIT,EWR,833,828.0,-5.0,12.0,840.0,87.0,78.0,59.0,319,939.0,7.0,1000,946.0,-14.0,0,0,,0.0,0.0,0.0,0.0,0.0,2015-07-06,0,0.0,0.0,0.0,0.0,0.0
2015,6,21,7,WN,4043,N658SW,PDX,DEN,935,931.0,-4.0,13.0,944.0,145.0,138.0,119.0,991,1243.0,6.0,1300,1249.0,-11.0,0,0,,0.0,0.0,0.0,0.0,0.0,2015-06-21,0,0.0,0.0,0.0,0.0,0.0
2015,7,13,1,UA,1958,N77430,IAH,ORD,1252,1615.0,203.0,17.0,1632.0,168.0,160.0,127.0,925,1839.0,16.0,1540,1855.0,195.0,0,0,,0.0,0.0,11.0,184.0,0.0,2015-07-13,1,0.0,0.0,5.42,90.64,0.0
2015,6,14,7,AS,21,N317AS,ORD,SEA,1940,1933.0,-7.0,17.0,1950.0,267.0,266.0,235.0,1721,2145.0,14.0,2207,2159.0,-8.0,0,0,,0.0,0.0,0.0,0.0,0.0,2015-06-14,0,0.0,0.0,0.0,0.0,0.0
2015,7,9,4,AA,2055,N971UY,PHL,MIA,735,730.0,-5.0,11.0,741.0,171.0,144.0,129.0,1013,950.0,4.0,1026,954.0,-32.0,0,0,,0.0,0.0,0.0,0.0,0.0,2015-07-09,0,0.0,0.0,0.0,0.0,0.0
2015,6,26,5,WN,190,N395SW,SAT,MSY,1310,1307.0,-3.0,7.0,1314.0,95.0,82.0,71.0,494,1425.0,4.0,1445,1429.0,-16.0,0,0,,0.0,0.0,0.0,0.0,0.0,2015-06-26,0,0.0,0.0,0.0,0.0,0.0
2015,6,23,2,OO,4666,N821SK,LAX,OAK,1850,1929.0,39.0,14.0,1943.0,82.0,74.0,56.0,337,2039.0,4.0,2012,2043.0,31.0,0,0,,0.0,0.0,3.0,28.0,0.0,2015-06-23,1,0.0,0.0,7.69,71.79,0.0
2015,7,4,6,DL,997,N550NW,JAX,ATL,920,917.0,-3.0,12.0,929.0,75.0,63.0,43.0,270,1012.0,8.0,1035,1020.0,-15.0,0,0,,0.0,0.0,0.0,0.0,0.0,2015-07-04,0,0.0,0.0,0.0,0.0,0.0
2015,7,5,7,WN,43,N514SW,DAL,HOU,1700,1702.0,2.0,7.0,1709.0,65.0,55.0,43.0,239,1752.0,5.0,1805,1757.0,-8.0,0,0,,0.0,0.0,0.0,0.0,0.0,2015-07-05,0,0.0,0.0,0.0,0.0,0.0
2015,7,19,7,DL,2040,N723TW,SFO,JFK,1600,1647.0,47.0,12.0,1659.0,343.0,300.0,275.0,2586,34.0,13.0,43,47.0,4.0,0,0,,0.0,0.0,0.0,0.0,0.0,2015-07-19,1,0.0,0.0,0.0,0.0,0.0
2015,7,15,3,AA,2016,N711UW,PHL,MSP,920,920.0,0.0,34.0,954.0,165.0,180.0,142.0,980,1116.0,4.0,1105,1120.0,15.0,0,0,,15.0,0.0,0.0,0.0,0.0,2015-07-15,0,inf,0.0,0.0,0.0,0.0
2015,7,9,4,AA,309,N3GXAA,MIA,LGA,1230,1259.0,29.0,30.0,1329.0,178.0,179.0,145.0,1096,1554.0,4.0,1528,1558.0,30.0,0,0,,1.0,0.0,2.0,27.0,0.0,2015-07-09,1,3.45,0.0,6.9,93.1,0.0
2015,7,19,7,AA,1223,N3DUAA,JFK,DFW,1455,1538.0,43.0,24.0,1602.0,244.0,230.0,181.0,1391,1803.0,25.0,1759,1828.0,29.0,0,0,,0.0,0.0,29.0,0.0,0.0,2015-07-19,1,0.0,0.0,67.44,0.0,0.0
2015,6,23,2,WN,150,N416WN,CLE,MDW,1015,1018.0,3.0,12.0,1030.0,70.0,68.0,52.0,307,1022.0,4.0,1025,1026.0,1.0,0,0,,0.0,0.0,0.0,0.0,0.0,2015-06-23,0,0.0,0.0,0.0,0.0,0.0
2015,6,30,2,WN,1636,N777QC,DAL,ICT,755,752.0,-3.0,8.0,800.0,70.0,68.0,55.0,333,855.0,5.0,905,900.0,-5.0,0,0,,0.0,0.0,0.0,0.0,0.0,2015-06-30,0,0.0,0.0,0.0,0.0,0.0
2015,7,1,3,AA,1861,N713UW,JAX,CLT,1755,1752.0,-3.0,12.0,1804.0,88.0,73.0,54.0,328,1858.0,7.0,1923,1905.0,-18.0,0,0,,0.0,0.0,0.0,0.0,0.0,2015-07-01,0,0.0,0.0,0.0,0.0,0.0
2015,7,15,3,AA,755,N569UW,PHL,LAX,1800,1907.0,67.0,15.0,1922.0,363.0,321.0,300.0,2402,2122.0,6.0,2103,2128.0,25.0,0,0,,0.0,0.0,2.0,23.0,0.0,2015-07-15,1,0.0,0.0,2.99,34.33,0.0
2015,6,23,2,EV,4148,N11547,CVG,EWR,607,602.0,-5.0,13.0,615.0,113.0,113.0,90.0,569,745.0,10.0,800,755.0,-5.0,0,0,,0.0,0.0,0.0,0.0,0.0,2015-06-23,0,0.0,0.0,0.0,0.0,0.0
2015,6,20,6,F9,406,N902FR,LAX,DEN,1434,1422.0,-12.0,13.0,1435.0,135.0,130.0,110.0,862,1725.0,7.0,1749,1732.0,-17.0,0,0,,0.0,0.0,0.0,0.0,0.0,2015-06-20,0,0.0,0.0,0.0,0.0,0.0
2015,7,21,2,MQ,3436,N902MQ,ORD,LIT,1325,1322.0,-3.0,15.0,1337.0,113.0,97.0,78.0,552,1455.0,4.0,1518,1459.0,-19.0,0,0,,0.0,0.0,0.0,0.0,0.0,2015-07-21,0,0.0,0.0,0.0,0.0,0.0
2015,6,19,5,US,1763,N523UW,SMF,CLT,2305,2302.0,-3.0,10.0,2312.0,285.0,272.0,253.0,2244,625.0,9.0,650,634.0,-16.0,0,0,,0.0,0.0,0.0,0.0,0.0,2015-06-19,0,0.0,0.0,0.0,0.0,0.0
2015,7,15,3,WN,113,N8322X,MDW,SLC,820,823.0,3.0,16.0,839.0,200.0,200.0,180.0,1259,1039.0,4.0,1040,1043.0,3.0,0,0,,0.0,0.0,0.0,0.0,0.0,2015-07-15,0,0.0,0.0,0.0,0.0,0.0
2015,7,10,5,OO,2972,N468CA,PHX,SBA,1350,1345.0,-5.0,20.0,1405.0,97.0,100.0,68.0,455,1513.0,12.0,1527,1525.0,-2.0,0,0,,0.0,0.0,0.0,0.0,0.0,2015-07-10,0,0.0,0.0,0.0,0.0,0.0
2015,7,12,7,MQ,3397,N625MQ,ORD,BWI,845,853.0,8.0,16.0,909.0,123.0,110.0,88.0,622,1137.0,6.0,1148,1143.0,-5.0,0,0,,0.0,0.0,0.0,0.0,0.0,2015-07-12,0,0.0,0.0,0.0,0.0,0.0
2015,6,25,4,DL,2511,N826DN,SLC,ANC,2019,2027.0,8.0,16.0,2043.0,291.0,290.0,269.0,2125,2312.0,5.0,2310,2317.0,7.0,0,0,,0.0,0.0,0.0,0.0,0.0,2015-06-25,0,0.0,0.0,0.0,0.0,0.0
2015,6,23,2,US,454,N178US,LAX,PHX,1745,1800.0,15.0,17.0,1817.0,88.0,81.0,60.0,370,1917.0,4.0,1913,1921.0,8.0,0,0,,0.0,0.0,0.0,0.0,0.0,2015-06-23,0,0.0,0.0,0.0,0.0,0.0
2015,7,3,5,UA,741,N474UA,ORD,SFO,1905,1909.0,4.0,21.0,1930.0,287.0,255.0,230.0,1846,2120.0,4.0,2152,2124.0,-28.0,0,0,,0.0,0.0,0.0,0.0,0.0,2015-07-03,0,0.0,0.0,0.0,0.0,0.0
2015,7,15,3,DL,2365,N347NB,MSP,FCA,1155,1148.0,-7.0,28.0,1216.0,168.0,180.0,148.0,1026,1344.0,4.0,1343,1348.0,5.0,0,0,,0.0,0.0,0.0,0.0,0.0,2015-07-15,0,0.0,0.0,0.0,0.0,0.0
2015,7,20,1,WN,3920,N286WN,DAL,OAK,1730,1726.0,-4.0,6.0,1732.0,220.0,216.0,204.0,1468,1856.0,6.0,1910,1902.0,-8.0,0,0,,0.0,0.0,0.0,0.0,0.0,2015-07-20,0,0.0,0.0,0.0,0.0,0.0
2015,6,27,6,OO,4483,N693CA,DEN,SEA,1659,1659.0,0.0,17.0,1716.0,175.0,166.0,140.0,1024,1836.0,9.0,1854,1845.0,-9.0,0,0,,0.0,0.0,0.0,0.0,0.0,2015-06-27,0,0.0,0.0,0.0,0.0,0.0
2015,7,18,6,WN,4324,N654SW,MHT,MCO,1325,1336.0,11.0,10.0,1346.0,185.0,179.0,162.0,1142,1628.0,7.0,1630,1635.0,5.0,0,0,,0.0,0.0,0.0,0.0,0.0,2015-07-18,0,0.0,0.0,0.0,0.0,0.0
2015,6,27,6,DL,1482,N6709,RDU,ATL,715,715.0,0.0,45.0,800.0,93.0,111.0,59.0,356,859.0,7.0,848,906.0,18.0,0,0,,18.0,0.0,0.0,0.0,0.0,2015-06-27,0,inf,0.0,0.0,0.0,0.0
2015,6,18,4,DL,776,N903DE,ATL,SRQ,2217,32.0,135.0,11.0,43.0,93.0,77.0,62.0,444,145.0,4.0,2350,149.0,119.0,0,0,,0.0,0.0,0.0,100.0,19.0,2015-06-18,1,0.0,0.0,0.0,74.07,14.07
2015,7,8,3,UA,1790,N37456,EWR,TPA,1206,1343.0,97.0,15.0,1358.0,166.0,149.0,126.0,997,1604.0,8.0,1452,1612.0,80.0,0,0,,0.0,0.0,7.0,73.0,0.0,2015-07-08,1,0.0,0.0,7.22,75.26,0.0
2015,7,6,1,WN,4484,N353SW,LAX,SFO,905,957.0,52.0,12.0,1009.0,80.0,67.0,50.0,337,1059.0,5.0,1025,1104.0,39.0,0,0,,0.0,0.0,0.0,0.0,39.0,2015-07-06,1,0.0,0.0,0.0,0.0,75.0
2015,7,16,4,WN,1699,N620SW,STL,LAX,1335,1444.0,69.0,9.0,1453.0,240.0,249.0,217.0,1592,1630.0,23.0,1535,1653.0,78.0,0,0,,9.0,0.0,62.0,7.0,0.0,2015-07-16,1,13.04,0.0,89.86,10.14,0.0
2015,6,20,6,DL,2035,N352NB,MKE,ATL,1656,1733.0,37.0,13.0,1746.0,124.0,119.0,101.0,669,2027.0,5.0,2000,2032.0,32.0,0,0,,0.0,0.0,0.0,32.0,0.0,2015-06-20,1,0.0,0.0,0.0,86.49,0.0
2015,6,15,1,OO,6505,N796SK,DEN,TUS,1855,1852.0,-3.0,12.0,1904.0,123.0,104.0,87.0,639,1931.0,5.0,1958,1936.0,-22.0,0,0,,0.0,0.0,0.0,0.0,0.0,2015-06-15,0,0.0,0.0,0.0,0.0,0.0
2015,7,20,1,WN,870,N622SW,DAL,BNA,1320,1345.0,25.0,11.0,1356.0,105.0,102.0,85.0,623,1521.0,6.0,1505,1527.0,22.0,0,0,,0.0,0.0,5.0,17.0,0.0,2015-07-20,1,0.0,0.0,20.0,68.0,0.0
2015,7,18,6,DL,1235,N961AT,ATL,MDT,940,1006.0,26.0,16.0,1022.0,114.0,109.0,88.0,620,1150.0,5.0,1134,1155.0,21.0,0,0,,0.0,0.0,15.0,6.0,0.0,2015-07-18,1,0.0,0.0,57.69,23.08,0.0
2015,7,5,7,AA,551,N510UW,SAN,PHX,1240,1235.0,-5.0,9.0,1244.0,76.0,73.0,54.0,304,1338.0,10.0,1356,1348.0,-8.0,0,0,,0.0,0.0,0.0,0.0,0.0,2015-07-05,0,0.0,0.0,0.0,0.0,0.0
2015,6,30,2,EV,5264,N936EV,FAY,ATL,1815,1815.0,0.0,15.0,1830.0,86.0,84.0,58.0,331,1928.0,11.0,1941,1939.0,-2.0,0,0,,0.0,0.0,0.0,0.0,0.0,2015-06-30,0,0.0,0.0,0.0,0.0,0.0
2015,7,11,6,WN,1881,N647SW,MCO,CMH,1610,1634.0,24.0,8.0,1642.0,130.0,123.0,110.0,802,1832.0,5.0,1820,1837.0,17.0,0,0,,0.0,0.0,17.0,0.0,0.0,2015-07-11,1,0.0,0.0,70.83,0.0,0.0
2015,7,12,7,DL,1224,N932DN,DCA,ATL,1700,1655.0,-5.0,10.0,1705.0,121.0,94.0,77.0,547,1822.0,7.0,1901,1829.0,-32.0,0,0,,0.0,0.0,0.0,0.0,0.0,2015-07-12,0,0.0,0.0,0.0,0.0,0.0
2015,6,24,3,B6,50,N306JB,SAV,BOS,1415,1409.0,-6.0,11.0,1420.0,138.0,131.0,116.0,901,1616.0,4.0,1633,1620.0,-13.0,0,0,,0.0,0.0,0.0,0.0,0.0,2015-06-24,0,0.0,0.0,0.0,0.0,0.0
2015,6,15,1,EV,3269,N17560,IAH,SHV,1756,1814.0,18.0,22.0,1836.0,65.0,59.0,32.0,192,1908.0,5.0,1901,1913.0,12.0,0,0,,0.0,0.0,0.0,0.0,0.0,2015-06-15,1,0.0,0.0,0.0,0.0,0.0
2015,7,19,7,AA,1752,N937UW,PHX,PHL,855,853.0,-2.0,19.0,912.0,284.0,317.0,256.0,2075,1628.0,42.0,1639,1710.0,31.0,0,0,,31.0,0.0,0.0,0.0,0.0,2015-07-19,0,-1550.0,-0.0,-0.0,-0.0,-0.0
2015,7,18,6,OO,5530,N719SK,IAH,COS,1740,1734.0,-6.0,36.0,1810.0,143.0,148.0,107.0,809,1857.0,5.0,1903,1902.0,-1.0,0,0,,0.0,0.0,0.0,0.0,0.0,2015-07-18,0,0.0,0.0,0.0,0.0,0.0
2015,6,14,7,OO,4492,N430SW,IND,DTW,1539,1919.0,220.0,9.0,1928.0,73.0,66.0,50.0,231,2018.0,7.0,1652,2025.0,213.0,0,0,,0.0,0.0,199.0,14.0,0.0,2015-06-14,1,0.0,0.0,90.45,6.36,0.0
2015,7,6,1,EV,3814,N21129,ORD,GSP,720,716.0,-4.0,20.0,736.0,108.0,110.0,82.0,578,958.0,8.0,1008,1006.0,-2.0,0,0,,0.0,0.0,0.0,0.0,0.0,2015-07-06,0,0.0,0.0,0.0,0.0,0.0
2015,7,11,6,MQ,3301,N508MQ,ORD,GRR,2150,2150.0,0.0,17.0,2207.0,57.0,47.0,24.0,137,2331.0,6.0,2347,2337.0,-10.0,0,0,,0.0,0.0,0.0,0.0,0.0,2015-07-11,0,0.0,0.0,0.0,0.0,0.0
2015,7,4,6,AA,243,N491AA,DFW,SAT,1655,1700.0,5.0,13.0,1713.0,69.0,57.0,41.0,247,1754.0,3.0,1804,1757.0,-7.0,0,0,,0.0,0.0,0.0,0.0,0.0,2015-07-04,0,0.0,0.0,0.0,0.0,0.0
2015,7,22,3,WN,2520,N8653A,BDL,MDW,1720,1715.0,-5.0,14.0,1729.0,145.0,143.0,125.0,777,1834.0,4.0,1845,1838.0,-7.0,0,0,,0.0,0.0,0.0,0.0,0.0,2015-07-22,0,0.0,0.0,0.0,0.0,0.0
2015,6,19,5,MQ,3251,N695MQ,BIS,ORD,1512,1505.0,-7.0,19.0,1524.0,137.0,134.0,93.0,716,1657.0,22.0,1729,1719.0,-10.0,0,0,,0.0,0.0,0.0,0.0,0.0,2015-06-19,0,0.0,0.0,0.0,0.0,0.0
2015,6,22,1,MQ,3141,N628MQ,BWI,JFK,1245,1235.0,-10.0,18.0,1253.0,71.0,67.0,39.0,184,1332.0,10.0,1356,1342.0,-14.0,0,0,,0.0,0.0,0.0,0.0,0.0,2015-06-22,0,0.0,0.0,0.0,0.0,0.0
2015,7,12,7,UA,1441,N67845,ORD,IAH,517,515.0,-2.0,41.0,556.0,158.0,165.0,119.0,925,755.0,5.0,755,800.0,5.0,0,0,,0.0,0.0,0.0,0.0,0.0,2015-07-12,0,0.0,0.0,0.0,0.0,0.0
2015,7,17,5,WN,1430,N913WN,MCI,BNA,600,556.0,-4.0,13.0,609.0,85.0,84.0,65.0,491,714.0,6.0,725,720.0,-5.0,0,0,,0.0,0.0,0.0,0.0,0.0,2015-07-17,0,0.0,0.0,0.0,0.0,0.0
2015,6,29,1,WN,258,N354SW,MAF,HOU,2000,1952.0,-8.0,6.0,1958.0,85.0,72.0,60.0,441,2058.0,6.0,2125,2104.0,-21.0,0,0,,0.0,0.0,0.0,0.0,0.0,2015-06-29,0,0.0,0.0,0.0,0.0,0.0
2015,7,1,3,AA,1556,N455AA,IAD,DFW,1524,1518.0,-6.0,18.0,1536.0,198.0,201.0,168.0,1172,1724.0,15.0,1742,1739.0,-3.0,0,0,,0.0,0.0,0.0,0.0,0.0,2015-07-01,0,0.0,0.0,0.0,0.0,0.0
2015,7,22,3,AA,2159,N833AW,BOS,DCA,600,554.0,-6.0,14.0,608.0,89.0,81.0,63.0,399,711.0,4.0,729,715.0,-14.0,0,0,,0.0,0.0,0.0,0.0,0.0,2015-07-22,0,0.0,0.0,0.0,0.0,0.0
2015,7,19,7,AA,1786,N711UW,PHL,FLL,1940,1942.0,2.0,18.0,2000.0,172.0,151.0,130.0,992,2210.0,3.0,2232,2213.0,-19.0,0,0,,0.0,0.0,0.0,0.0,0.0,2015-07-19,0,0.0,0.0,0.0,0.0,0.0
2015,7,17,5,AA,829,N708UW,JAX,CLT,700,656.0,-4.0,13.0,709.0,83.0,85.0,63.0,328,812.0,9.0,823,821.0,-2.0,0,0,,0.0,0.0,0.0,0.0,0.0,2015-07-17,0,0.0,0.0,0.0,0.0,0.0
2015,7,22,3,AA,407,N188US,PHX,SFO,1355,1355.0,0.0,16.0,1411.0,124.0,115.0,94.0,651,1545.0,5.0,1559,1550.0,-9.0,0,0,,0.0,0.0,0.0,0.0,0.0,2015-07-22,0,0.0,0.0,0.0,0.0,0.0
2015,7,1,3,DL,1959,N345NW,DTW,TPA,834,831.0,-3.0,15.0,846.0,157.0,142.0,124.0,983,1050.0,3.0,1111,1053.0,-18.0,0,0,,0.0,0.0,0.0,0.0,0.0,2015-07-01,0,0.0,0.0,0.0,0.0,0.0
2015,6,25,4,WN,1907,N7706A,LAS,LAX,1815,1818.0,3.0,23.0,1841.0,65.0,69.0,41.0,236,1922.0,5.0,1920,1927.0,7.0,0,0,,0.0,0.0,0.0,0.0,0.0,2015-06-25,0,0.0,0.0,0.0,0.0,0.0
2015,7,1,3,DL,1665,N362NW,DFW,SLC,1423,1423.0,0.0,14.0,1437.0,162.0,149.0,129.0,989,1546.0,6.0,1605,1552.0,-13.0,0,0,,0.0,0.0,0.0,0.0,0.0,2015-07-01,0,0.0,0.0,0.0,0.0,0.0
2015,7,21,2,AA,1183,N859AA,DFW,SFO,2025,2112.0,47.0,10.0,2122.0,230.0,208.0,193.0,1464,2235.0,5.0,2215,2240.0,25.0,0,0,,0.0,0.0,14.0,11.0,0.0,2015-07-21,1,0.0,0.0,29.79,23.4,0.0
2015,7,17,5,DL,1777,N970DL,ATL,ORD,1725,1724.0,-1.0,16.0,1740.0,138.0,148.0,117.0,606,1837.0,15.0,1843,1852.0,9.0,0,0,,0.0,0.0,0.0,0.0,0.0,2015-07-17,0,0.0,0.0,0.0,0.0,0.0
2015,6,26,5,UA,584,N529UA,ORD,LAX,1958,1955.0,-3.0,55.0,2050.0,265.0,321.0,224.0,1744,2234.0,42.0,2223,2316.0,53.0,0,0,,53.0,0.0,0.0,0.0,0.0,2015-06-26,0,-1766.67,-0.0,-0.0,-0.0,-0.0
2015,6,15,1,AS,502,N612AS,SEA,SNA,905,856.0,-9.0,14.0,910.0,164.0,154.0,137.0,978,1127.0,3.0,1149,1130.0,-19.0,0,0,,0.0,0.0,0.0,0.0,0.0,2015-06-15,0,0.0,0.0,0.0,0.0,0.0
2015,7,18,6,EV,4671,N48901,IAH,IND,715,711.0,-4.0,21.0,732.0,151.0,166.0,136.0,844,1048.0,9.0,1046,1057.0,11.0,0,0,,0.0,0.0,0.0,0.0,0.0,2015-07-18,0,0.0,0.0,0.0,0.0,0.0
2015,7,1,3,OO,4512,N783CA,DTW,CVG,1356,1347.0,-9.0,20.0,1407.0,71.0,64.0,40.0,229,1447.0,4.0,1507,1451.0,-16.0,0,0,,0.0,0.0,0.0,0.0,0.0,2015-07-01,0,0.0,0.0,0.0,0.0,0.0
2015,6,22,1,OO,6421,N132SY,SFO,BUR,1250,1247.0,-3.0,21.0,1308.0,85.0,79.0,55.0,326,1403.0,3.0,1415,1406.0,-9.0,0,0,,0.0,0.0,0.0,0.0,0.0,2015-06-22,0,0.0,0.0,0.0,0.0,0.0
2015,6,26,5,EV,4177,N13997,XNA,IAH,1439,1501.0,22.0,11.0,1512.0,101.0,108.0,88.0,438,1640.0,9.0,1620,1649.0,29.0,0,0,,7.0,0.0,1.0,21.0,0.0,2015-06-26,1,31.82,0.0,4.55,95.45,0.0
2015,6,16,2,AA,1273,N3KPAA,DFW,SFO,2200,2214.0,14.0,11.0,2225.0,226.0,222.0,193.0,1464,2338.0,18.0,2346,2356.0,10.0,0,0,,0.0,0.0,0.0,0.0,0.0,2015-06-16,0,0.0,0.0,0.0,0.0,0.0
2015,7,5,7,WN,4141,N361SW,DAL,AUS,750,748.0,-2.0,18.0,806.0,50.0,59.0,35.0,189,841.0,6.0,840,847.0,7.0,0,0,,0.0,0.0,0.0,0.0,0.0,2015-07-05,0,0.0,0.0,0.0,0.0,0.0
2015,7,12,7,AA,599,N663AW,PHX,SJC,1640,1648.0,8.0,9.0,1657.0,107.0,99.0,87.0,621,1824.0,3.0,1827,1827.0,0.0,0,0,,0.0,0.0,0.0,0.0,0.0,2015-07-12,0,0.0,0.0,0.0,0.0,0.0
2015,7,12,7,WN,801,N626SW,AUS,DAL,1535,1544.0,9.0,9.0,1553.0,60.0,50.0,37.0,189,1630.0,4.0,1635,1634.0,-1.0,0,0,,0.0,0.0,0.0,0.0,0.0,2015-07-12,0,0.0,0.0,0.0,0.0,0.0
2015,7,12,7,OO,5178,N143SY,PIT,ORD,1934,1937.0,3.0,9.0,1946.0,94.0,103.0,81.0,413,2007.0,13.0,2008,2020.0,12.0,0,0,,0.0,0.0,0.0,0.0,0.0,2015-07-12,0,0.0,0.0,0.0,0.0,0.0
2015,7,4,6,AA,2477,N866AA,DFW,LAX,1745,1744.0,-1.0,14.0,1758.0,196.0,199.0,152.0,1235,1830.0,33.0,1901,1903.0,2.0,0,0,,0.0,0.0,0.0,0.0,0.0,2015-07-04,0,0.0,0.0,0.0,0.0,0.0
2015,7,20,1,AA,2501,N3JFAA,DFW,BNA,2155,2155.0,0.0,15.0,2210.0,114.0,103.0,82.0,631,2332.0,6.0,2349,2338.0,-11.0,0,0,,0.0,0.0,0.0,0.0,0.0,2015-07-20,0,0.0,0.0,0.0,0.0,0.0
2015,6,28,7,DL,1330,N893AT,TVC,DTW,1026,1021.0,-5.0,14.0,1035.0,57.0,64.0,42.0,207,1117.0,8.0,1123,1125.0,2.0,0,0,,0.0,0.0,0.0,0.0,0.0,2015-06-28,0,0.0,0.0,0.0,0.0,0.0
2015,6,25,4,AA,258,N3FWAA,DTW,DFW,1353,1347.0,-6.0,21.0,1408.0,171.0,176.0,141.0,986,1529.0,14.0,1544,1543.0,-1.0,0,0,,0.0,0.0,0.0,0.0,0.0,2015-06-25,0,0.0,0.0,0.0,0.0,0.0
2015,7,11,6,B6,702,N294JB,JFK,BUF,2144,2140.0,-4.0,26.0,2206.0,96.0,78.0,50.0,301,2256.0,2.0,2320,2258.0,-22.0,0,0,,0.0,0.0,0.0,0.0,0.0,2015-07-11,0,0.0,0.0,0.0,0.0,0.0
2015,6,30,2,US,445,N165US,CLT,DEN,929,1052.0,83.0,10.0,1102.0,209.0,194.0,175.0,1337,1157.0,9.0,1058,1206.0,68.0,0,0,,0.0,0.0,68.0,0.0,0.0,2015-06-30,1,0.0,0.0,81.93,0.0,0.0
2015,7,19,7,DL,1096,N363NW,DTW,MSP,1200,1158.0,-2.0,13.0,1211.0,113.0,107.0,91.0,528,1242.0,3.0,1253,1245.0,-8.0,0,0,,0.0,0.0,0.0,0.0,0.0,2015-07-19,0,0.0,0.0,0.0,0.0,0.0
2015,7,15,3,AA,547,N558UW,PHX,DFW,2010,2004.0,-6.0,13.0,2017.0,144.0,134.0,114.0,868,11.0,7.0,34,18.0,-16.0,0,0,,0.0,0.0,0.0,0.0,0.0,2015-07-15,0,0.0,0.0,0.0,0.0,0.0
2015,7,16,4,AA,1567,N468AA,STL,LAX,800,754.0,-6.0,12.0,806.0,244.0,254.0,211.0,1592,937.0,31.0,1004,1008.0,4.0,0,0,,0.0,0.0,0.0,0.0,0.0,2015-07-16,0,0.0,0.0,0.0,0.0,0.0
2015,7,5,7,OO,4742,N452SW,MSP,LNK,1121,1116.0,-5.0,20.0,1136.0,82.0,80.0,56.0,331,1232.0,4.0,1243,1236.0,-7.0,0,0,,0.0,0.0,0.0,0.0,0.0,2015-07-05,0,0.0,0.0,0.0,0.0,0.0
2015,6,25,4,OO,2863,N955SW,SLC,LAX,705,704.0,-1.0,46.0,750.0,119.0,147.0,89.0,590,819.0,12.0,804,831.0,27.0,0,0,,27.0,0.0,0.0,0.0,0.0,2015-06-25,0,-2700.0,-0.0,-0.0,-0.0,-0.0
2015,7,16,4,UA,112,N12114,EWR,MCO,615,615.0,0.0,12.0,627.0,165.0,138.0,117.0,937,824.0,9.0,900,833.0,-27.0,0,0,,0.0,0.0,0.0,0.0,0.0,2015-07-16,0,0.0,0.0,0.0,0.0,0.0
2015,7,18,6,DL,2109,N532US,ATL,SNA,1000,1024.0,24.0,12.0,1036.0,271.0,255.0,239.0,1919,1135.0,4.0,1131,1139.0,8.0,0,0,,0.0,0.0,0.0,0.0,0.0,2015-07-18,1,0.0,0.0,0.0,0.0,0.0
2015,6,18,4,DL,2352,N913DE,ALB,ATL,600,555.0,-5.0,14.0,609.0,151.0,142.0,122.0,853,811.0,6.0,831,817.0,-14.0,0,0,,0.0,0.0,0.0,0.0,0.0,2015-06-18,0,0.0,0.0,0.0,0.0,0.0
2015,6,28,7,AA,1224,N566AA,MCI,DFW,801,800.0,-1.0,14.0,814.0,99.0,94.0,66.0,460,920.0,14.0,940,934.0,-6.0,0,0,,0.0,0.0,0.0,0.0,0.0,2015-06-28,0,0.0,0.0,0.0,0.0,0.0
2015,6,15,1,VX,360,N633VA,LAX,BOS,815,814.0,-1.0,24.0,838.0,335.0,339.0,306.0,2611,1644.0,9.0,1650,1653.0,3.0,0,0,,0.0,0.0,0.0,0.0,0.0,2015-06-15,0,0.0,0.0,0.0,0.0,0.0
2015,6,24,3,NK,511,N620NK,LAS,SAN,1324,1317.0,-7.0,13.0,1330.0,66.0,64.0,45.0,258,1415.0,6.0,1430,1421.0,-9.0,0,0,,0.0,0.0,0.0,0.0,0.0,2015-06-24,0,0.0,0.0,0.0,0.0,0.0
2015,7,5,7,MQ,3497,N625MQ,ORD,LSE,1222,1220.0,-2.0,16.0,1236.0,78.0,57.0,39.0,215,1315.0,2.0,1340,1317.0,-23.0,0,0,,0.0,0.0,0.0,0.0,0.0,2015-07-05,0,0.0,0.0,0.0,0.0,0.0
2015,7,16,4,WN,302,N627SW,MHT,BWI,1705,1720.0,15.0,8.0,1728.0,90.0,78.0,65.0,377,1833.0,5.0,1835,1838.0,3.0,0,0,,0.0,0.0,0.0,0.0,0.0,2015-07-16,0,0.0,0.0,0.0,0.0,0.0
2015,7,3,5,WN,1027,N368SW,BWI,ECP,1505,1501.0,-4.0,10.0,1511.0,130.0,132.0,119.0,798,1610.0,3.0,1615,1613.0,-2.0,0,0,,0.0,0.0,0.0,0.0,0.0,2015-07-03,0,0.0,0.0,0.0,0.0,0.0
2015,7,2,4,WN,683,N372SW,BWI,CMH,705,944.0,159.0,15.0,959.0,75.0,78.0,60.0,337,1059.0,3.0,820,1102.0,162.0,0,0,,3.0,0.0,159.0,0.0,0.0,2015-07-02,1,1.89,0.0,100.0,0.0,0.0
2015,7,22,3,WN,569,N714CB,SFO,MDW,535,532.0,-3.0,10.0,542.0,255.0,231.0,205.0,1855,1107.0,16.0,1150,1123.0,-27.0,0,0,,0.0,0.0,0.0,0.0,0.0,2015-07-22,0,0.0,0.0,0.0,0.0,0.0
2015,6,16,2,WN,4731,N703SW,MDW,SFO,2020,2053.0,33.0,13.0,2106.0,285.0,270.0,252.0,1855,2318.0,5.0,2305,2323.0,18.0,0,0,,0.0,0.0,0.0,18.0,0.0,2015-06-16,1,0.0,0.0,0.0,54.55,0.0
2015,7,17,5,AA,1029,N3CGAA,DFW,LAS,1020,1015.0,-5.0,16.0,1031.0,176.0,166.0,142.0,1055,1053.0,8.0,1116,1101.0,-15.0,0,0,,0.0,0.0,0.0,0.0,0.0,2015-07-17,0,0.0,0.0,0.0,0.0,0.0
2015,7,16,4,EV,5667,N14907,GRK,IAH,540,530.0,-10.0,10.0,540.0,60.0,49.0,32.0,166,612.0,7.0,640,619.0,-21.0,0,0,,0.0,0.0,0.0,0.0,0.0,2015-07-16,0,0.0,0.0,0.0,0.0,0.0
2015,6,23,2,B6,695,N329JB,HPN,MCO,2045,2119.0,34.0,21.0,2140.0,151.0,168.0,141.0,972,1.0,6.0,2316,7.0,51.0,0,0,,17.0,0.0,14.0,20.0,0.0,2015-06-23,1,50.0,0.0,41.18,58.82,0.0
2015,6,16,2,OO,6213,N765SK,CVG,ORD,747,758.0,11.0,9.0,807.0,76.0,68.0,49.0,265,756.0,10.0,803,806.0,3.0,0,0,,0.0,0.0,0.0,0.0,0.0,2015-06-16,0,0.0,0.0,0.0,0.0,0.0
2015,7,11,6,AA,450,N659AW,CLT,ATL,930,926.0,-4.0,15.0,941.0,77.0,65.0,42.0,226,1023.0,8.0,1047,1031.0,-16.0,0,0,,0.0,0.0,0.0,0.0,0.0,2015-07-11,0,0.0,0.0,0.0,0.0,0.0
2015,7,1,3,AA,770,N202UW,PHL,SJU,750,747.0,-3.0,15.0,802.0,244.0,219.0,199.0,1576,1121.0,5.0,1154,1126.0,-28.0,0,0,,0.0,0.0,0.0,0.0,0.0,2015-07-01,0,0.0,0.0,0.0,0.0,0.0
2015,7,10,5,WN,613,N7816B,MCI,MDW,1130,1126.0,-4.0,10.0,1136.0,80.0,71.0,57.0,405,1233.0,4.0,1250,1237.0,-13.0,0,0,,0.0,0.0,0.0,0.0,0.0,2015-07-10,0,0.0,0.0,0.0,0.0,0.0
2015,7,6,1,UA,453,N447UA,DEN,BOI,1850,1904.0,14.0,12.0,1916.0,118.0,107.0,91.0,649,2047.0,4.0,2048,2051.0,3.0,0,0,,0.0,0.0,0.0,0.0,0.0,2015-07-06,0,0.0,0.0,0.0,0.0,0.0
2015,7,9,4,AA,1938,N725UW,IAH,CLT,1010,1002.0,-8.0,10.0,1012.0,153.0,149.0,124.0,912,1316.0,15.0,1343,1331.0,-12.0,0,0,,0.0,0.0,0.0,0.0,0.0,2015-07-09,0,0.0,0.0,0.0,0.0,0.0
2015,7,13,1,DL,1602,N3731T,LAS,ATL,600,554.0,-6.0,12.0,606.0,240.0,230.0,213.0,1747,1239.0,5.0,1300,1244.0,-16.0,0,0,,0.0,0.0,0.0,0.0,0.0,2015-07-13,0,0.0,0.0,0.0,0.0,0.0
2015,7,3,5,B6,127,N571JB,EWR,MCO,1129,1129.0,0.0,9.0,1138.0,151.0,143.0,131.0,937,1349.0,3.0,1400,1352.0,-8.0,0,0,,0.0,0.0,0.0,0.0,0.0,2015-07-03,0,0.0,0.0,0.0,0.0,0.0
2015,7,4,6,HA,349,N490HA,KOA,OGG,913,902.0,-11.0,7.0,909.0,33.0,33.0,19.0,84,928.0,7.0,946,935.0,-11.0,0,0,,0.0,0.0,0.0,0.0,0.0,2015-07-04,0,0.0,0.0,0.0,0.0,0.0
2015,6,19,5,WN,355,N7821L,DCA,DAL,900,1000.0,60.0,11.0,1011.0,190.0,174.0,159.0,1184,1150.0,4.0,1110,1154.0,44.0,0,0,,0.0,0.0,0.0,44.0,0.0,2015-06-19,1,0.0,0.0,0.0,73.33,0.0
2015,7,7,2,OO,4676,N823SK,PSC,MSP,715,705.0,-10.0,15.0,720.0,173.0,168.0,147.0,1254,1147.0,6.0,1208,1153.0,-15.0,0,0,,0.0,0.0,0.0,0.0,0.0,2015-07-07,0,0.0,0.0,0.0,0.0,0.0
2015,7,10,5,UA,648,N834UA,PHL,IAH,1741,1756.0,15.0,27.0,1823.0,225.0,215.0,173.0,1325,2016.0,15.0,2026,2031.0,5.0,0,0,,0.0,0.0,0.0,0.0,0.0,2015-07-10,0,0.0,0.0,0.0,0.0,0.0
2015,7,10,5,WN,3412,N358SW,MSP,ATL,1645,1648.0,3.0,8.0,1656.0,150.0,135.0,119.0,907,1955.0,8.0,2015,2003.0,-12.0,0,0,,0.0,0.0,0.0,0.0,0.0,2015-07-10,0,0.0,0.0,0.0,0.0,0.0
2015,7,13,1,AA,2487,N4YCAA,CMH,DFW,800,749.0,-11.0,9.0,758.0,160.0,140.0,119.0,926,857.0,12.0,940,909.0,-31.0,0,0,,0.0,0.0,0.0,0.0,0.0,2015-07-13,0,0.0,0.0,0.0,0.0,0.0
2015,6,18,4,DL,1066,N303DQ,BNA,ATL,1030,1029.0,-1.0,11.0,1040.0,70.0,56.0,37.0,214,1217.0,8.0,1240,1225.0,-15.0,0,0,,0.0,0.0,0.0,0.0,0.0,2015-06-18,0,0.0,0.0,0.0,0.0,0.0
2015,7,18,6,EV,4995,N371CA,ALB,DTW,605,559.0,-6.0,11.0,610.0,103.0,90.0,74.0,489,724.0,5.0,748,729.0,-19.0,0,0,,0.0,0.0,0.0,0.0,0.0,2015-07-18,0,0.0,0.0,0.0,0.0,0.0
2015,7,14,2,AA,1789,N104UW,CLT,PBI,1419,1507.0,48.0,11.0,1518.0,108.0,110.0,95.0,590,1653.0,4.0,1607,1657.0,50.0,0,0,,2.0,0.0,3.0,45.0,0.0,2015-07-14,1,4.17,0.0,6.25,93.75,0.0
2015,7,19,7,OO,4705,N812SK,LAX,OAK,1850,2210.0,200.0,51.0,2301.0,82.0,110.0,53.0,337,2354.0,6.0,2012,2400.0,228.0,0,0,,28.0,0.0,10.0,190.0,0.0,2015-07-19,1,14.0,0.0,5.0,95.0,0.0
2015,7,8,3,WN,559,N281WN,SFO,SNA,1400,1500.0,60.0,10.0,1510.0,90.0,79.0,65.0,372,1615.0,4.0,1530,1619.0,49.0,0,0,,0.0,0.0,0.0,49.0,0.0,2015-07-08,1,0.0,0.0,0.0,81.67,0.0
2015,7,19,7,DL,2366,N324US,SLC,DTW,1110,1108.0,-2.0,15.0,1123.0,212.0,183.0,159.0,1481,1602.0,9.0,1642,1611.0,-31.0,0,0,,0.0,0.0,0.0,0.0,0.0,2015-07-19,0,0.0,0.0,0.0,0.0,0.0
2015,6,23,2,MQ,3675,N524MQ,CMH,LGA,550,633.0,43.0,12.0,645.0,99.0,93.0,74.0,479,759.0,7.0,729,806.0,37.0,0,0,,0.0,0.0,37.0,0.0,0.0,2015-06-23,1,0.0,0.0,86.05,0.0,0.0
2015,7,5,7,WN,51,N520SW,DAL,HOU,1900,1856.0,-4.0,8.0,1904.0,65.0,73.0,44.0,239,1948.0,21.0,2005,2009.0,4.0,0,0,,0.0,0.0,0.0,0.0,0.0,2015-07-05,0,0.0,0.0,0.0,0.0,0.0
2015,6,29,1,US,1960,N114UW,CLT,BWI,945,942.0,-3.0,24.0,1006.0,90.0,82.0,53.0,361,1059.0,5.0,1115,1104.0,-11.0,0,0,,0.0,0.0,0.0,0.0,0.0,2015-06-29,0,0.0,0.0,0.0,0.0,0.0
2015,7,9,4,DL,2313,N909DE,MSP,CMH,1318,1311.0,-7.0,19.0,1330.0,105.0,107.0,81.0,626,1551.0,7.0,1603,1558.0,-5.0,0,0,,0.0,0.0,0.0,0.0,0.0,2015-07-09,0,0.0,0.0,0.0,0.0,0.0
2015,7,16,4,B6,500,N537JB,LGB,ANC,1942,1948.0,6.0,22.0,2010.0,313.0,335.0,306.0,2360,16.0,7.0,2355,23.0,28.0,0,0,,22.0,0.0,6.0,0.0,0.0,2015-07-16,0,366.67,0.0,100.0,0.0,0.0
2015,7,22,3,EV,4492,N14558,MSY,IAH,1517,1506.0,-11.0,13.0,1519.0,81.0,73.0,54.0,305,1613.0,6.0,1638,1619.0,-19.0,0,0,,0.0,0.0,0.0,0.0,0.0,2015-07-22,0,0.0,0.0,0.0,0.0,0.0
2015,6,15,1,OO,2756,N897SK,PHX,SAT,1235,1230.0,-5.0,17.0,1247.0,140.0,129.0,109.0,843,1636.0,3.0,1655,1639.0,-16.0,0,0,,0.0,0.0,0.0,0.0,0.0,2015-06-15,0,0.0,0.0,0.0,0.0,0.0
2015,6,16,2,DL,2636,N934DN,CLE,ATL,605,604.0,-1.0,11.0,615.0,110.0,90.0,75.0,554,730.0,4.0,755,734.0,-21.0,0,0,,0.0,0.0,0.0,0.0,0.0,2015-06-16,0,0.0,0.0,0.0,0.0,0.0
2015,6,15,1,WN,156,N8601C,RNO,LAS,700,654.0,-6.0,13.0,707.0,85.0,71.0,52.0,345,759.0,6.0,825,805.0,-20.0,0,0,,0.0,0.0,0.0,0.0,0.0,2015-06-15,0,0.0,0.0,0.0,0.0,0.0
2015,7,15,3,OO,3430,N171SY,SLC,PDX,730,723.0,-7.0,24.0,747.0,121.0,119.0,91.0,630,818.0,4.0,831,822.0,-9.0,0,0,,0.0,0.0,0.0,0.0,0.0,2015-07-15,0,0.0,0.0,0.0,0.0,0.0
2015,7,11,6,AA,1477,N3LYAA,RSW,ORD,1340,1331.0,-9.0,8.0,1339.0,188.0,170.0,156.0,1120,1515.0,6.0,1548,1521.0,-27.0,0,0,,0.0,0.0,0.0,0.0,0.0,2015-07-11,0,0.0,0.0,0.0,0.0,0.0
2015,6,25,4,AA,357,N4YUAA,SAT,DFW,1609,1603.0,-6.0,14.0,1617.0,76.0,65.0,45.0,247,1702.0,6.0,1725,1708.0,-17.0,0,0,,0.0,0.0,0.0,0.0,0.0,2015-06-25,0,0.0,0.0,0.0,0.0,0.0
2015,7,22,3,UA,1523,N77430,BOS,SFO,1448,1452.0,4.0,15.0,1507.0,391.0,385.0,362.0,2704,1809.0,8.0,1819,1817.0,-2.0,0,0,,0.0,0.0,0.0,0.0,0.0,2015-07-22,0,0.0,0.0,0.0,0.0,0.0
2015,6,23,2,WN,802,N8324A,MHT,MDW,1145,1135.0,-10.0,11.0,1146.0,145.0,149.0,135.0,838,1301.0,3.0,1310,1304.0,-6.0,0,0,,0.0,0.0,0.0,0.0,0.0,2015-06-23,0,0.0,0.0,0.0,0.0,0.0
2015,7,1,3,UA,195,N18223,SFO,LAS,911,905.0,-6.0,17.0,922.0,97.0,98.0,70.0,414,1032.0,11.0,1048,1043.0,-5.0,0,0,,0.0,0.0,0.0,0.0,0.0,2015-07-01,0,0.0,0.0,0.0,0.0,0.0
2015,7,8,3,DL,2470,N338NB,JAC,SLC,700,655.0,-5.0,10.0,705.0,62.0,49.0,36.0,205,741.0,3.0,802,744.0,-18.0,0,0,,0.0,0.0,0.0,0.0,0.0,2015-07-08,0,0.0,0.0,0.0,0.0,0.0
2015,7,9,4,OO,3454,N227AG,PDX,BUR,1215,1212.0,-3.0,14.0,1226.0,129.0,128.0,110.0,817,1416.0,4.0,1424,1420.0,-4.0,0,0,,0.0,0.0,0.0,0.0,0.0,2015-07-09,0,0.0,0.0,0.0,0.0,0.0
2015,7,10,5,WN,3412,N358SW,STL,MSP,1440,1452.0,12.0,8.0,1500.0,85.0,77.0,66.0,448,1606.0,3.0,1605,1609.0,4.0,0,0,,0.0,0.0,0.0,0.0,0.0,2015-07-10,0,0.0,0.0,0.0,0.0,0.0
2015,6,25,4,DL,1397,N549US,SEA,OGG,1825,1820.0,-5.0,17.0,1837.0,352.0,351.0,329.0,2640,2106.0,5.0,2117,2111.0,-6.0,0,0,,0.0,0.0,0.0,0.0,0.0,2015-06-25,0,0.0,0.0,0.0,0.0,0.0
2015,7,18,6,DL,422,N832DN,JFK,SEA,710,811.0,61.0,128.0,1019.0,369.0,463.0,329.0,2422,1248.0,6.0,1019,1254.0,155.0,0,0,,110.0,0.0,45.0,0.0,0.0,2015-07-18,1,180.33,0.0,73.77,0.0,0.0
2015,7,7,2,DL,1360,N970AT,ATL,BHM,1230,1226.0,-4.0,18.0,1244.0,54.0,49.0,26.0,134,1210.0,5.0,1224,1215.0,-9.0,0,0,,0.0,0.0,0.0,0.0,0.0,2015-07-07,0,0.0,0.0,0.0,0.0,0.0
2015,7,20,1,WN,2795,N8648A,SMF,DEN,545,545.0,0.0,9.0,554.0,145.0,137.0,120.0,909,854.0,8.0,910,902.0,-8.0,0,0,,0.0,0.0,0.0,0.0,0.0,2015-07-20,0,0.0,0.0,0.0,0.0,0.0
2015,6,15,1,OO,6390,N103SY,MCI,SFO,1705,1712.0,7.0,19.0,1731.0,238.0,243.0,220.0,1499,1911.0,4.0,1903,1915.0,12.0,0,0,,0.0,0.0,0.0,0.0,0.0,2015-06-15,0,0.0,0.0,0.0,0.0,0.0
2015,7,17,5,AA,1813,N102UW,CLT,TPA,745,740.0,-5.0,22.0,802.0,99.0,106.0,76.0,507,918.0,8.0,924,926.0,2.0,0,0,,0.0,0.0,0.0,0.0,0.0,2015-07-17,0,0.0,0.0,0.0,0.0,0.0
2015,6,15,1,OO,4675,N813SK,OAK,LAX,1429,1433.0,4.0,22.0,1455.0,91.0,86.0,57.0,337,1552.0,7.0,1600,1559.0,-1.0,0,0,,0.0,0.0,0.0,0.0,0.0,2015-06-15,0,0.0,0.0,0.0,0.0,0.0
2015,6,29,1,WN,3659,N245WN,DEN,PHX,805,801.0,-4.0,19.0,820.0,110.0,106.0,82.0,602,842.0,5.0,855,847.0,-8.0,0,0,,0.0,0.0,0.0,0.0,0.0,2015-06-29,0,0.0,0.0,0.0,0.0,0.0
2015,7,15,3,MQ,3344,N518MQ,DTW,ORD,1854,1858.0,4.0,15.0,1913.0,82.0,76.0,48.0,235,1901.0,13.0,1916,1914.0,-2.0,0,0,,0.0,0.0,0.0,0.0,0.0,2015-07-15,0,0.0,0.0,0.0,0.0,0.0
2015,7,1,3,EV,5782,N12900,IAH,BRO,1150,1312.0,82.0,35.0,1347.0,76.0,113.0,73.0,308,1500.0,5.0,1306,1505.0,119.0,0,0,,37.0,0.0,0.0,0.0,82.0,2015-07-01,1,45.12,0.0,0.0,0.0,100.0
2015,7,8,3,MQ,3676,N508MQ,ORD,STL,700,658.0,-2.0,14.0,712.0,76.0,69.0,50.0,258,802.0,5.0,816,807.0,-9.0,0,0,,0.0,0.0,0.0,0.0,0.0,2015-07-08,0,0.0,0.0,0.0,0.0,0.0
2015,6,16,2,DL,1146,N523US,DAB,ATL,730,733.0,3.0,11.0,744.0,86.0,76.0,57.0,366,841.0,8.0,856,849.0,-7.0,0,0,,0.0,0.0,0.0,0.0,0.0,2015-06-16,0,0.0,0.0,0.0,0.0,0.0
2015,7,13,1,AA,437,N185UW,ORD,PHL,2205,2159.0,-6.0,38.0,2237.0,127.0,133.0,89.0,678,106.0,6.0,112,112.0,0.0,0,0,,0.0,0.0,0.0,0.0,0.0,2015-07-13,0,0.0,0.0,0.0,0.0,0.0
2015,7,22,3,WN,3299,N741SA,TPA,BHM,1810,1824.0,14.0,8.0,1832.0,85.0,75.0,64.0,459,1836.0,3.0,1835,1839.0,4.0,0,0,,0.0,0.0,0.0,0.0,0.0,2015-07-22,0,0.0,0.0,0.0,0.0,0.0
2015,7,9,4,B6,526,N621JB,TPA,JFK,1013,1008.0,-5.0,15.0,1023.0,166.0,158.0,140.0,1005,1243.0,3.0,1259,1246.0,-13.0,0,0,,0.0,0.0,0.0,0.0,0.0,2015-07-09,0,0.0,0.0,0.0,0.0,0.0
2015,6,15,1,US,2029,N178US,CLT,SFO,1635,1733.0,58.0,21.0,1754.0,330.0,324.0,296.0,2296,1950.0,7.0,1905,1957.0,52.0,0,0,,0.0,0.0,50.0,2.0,0.0,2015-06-15,1,0.0,0.0,86.21,3.45,0.0
2015,7,2,4,DL,1939,N960AT,ATL,PIT,1210,1209.0,-1.0,12.0,1221.0,102.0,100.0,77.0,526,1338.0,11.0,1352,1349.0,-3.0,0,0,,0.0,0.0,0.0,0.0,0.0,2015-07-02,0,0.0,0.0,0.0,0.0,0.0
2015,6,19,5,AA,1471,N3CNAA,MIA,PHX,2005,2026.0,21.0,21.0,2047.0,292.0,275.0,248.0,1972,2155.0,6.0,2157,2201.0,4.0,0,0,,0.0,0.0,0.0,0.0,0.0,2015-06-19,1,0.0,0.0,0.0,0.0,0.0
2015,7,10,5,DL,1589,N981DL,FLL,ATL,1145,1142.0,-3.0,17.0,1159.0,122.0,103.0,78.0,581,1317.0,8.0,1347,1325.0,-22.0,0,0,,0.0,0.0,0.0,0.0,0.0,2015-07-10,0,0.0,0.0,0.0,0.0,0.0
2015,6,17,3,OO,5553,N139SY,PDX,SFO,1631,1642.0,11.0,11.0,1653.0,109.0,104.0,90.0,550,1823.0,3.0,1820,1826.0,6.0,0,0,,0.0,0.0,0.0,0.0,0.0,2015-06-17,0,0.0,0.0,0.0,0.0,0.0
2015,6,30,2,F9,787,N918FR,DEN,PDX,745,746.0,1.0,9.0,755.0,157.0,144.0,130.0,991,905.0,5.0,922,910.0,-12.0,0,0,,0.0,0.0,0.0,0.0,0.0,2015-06-30,0,0.0,0.0,0.0,0.0,0.0
2015,6,25,4,OO,5199,N939SW,SFO,SLC,1154,1154.0,0.0,18.0,1212.0,118.0,117.0,90.0,599,1442.0,9.0,1452,1451.0,-1.0,0,0,,0.0,0.0,0.0,0.0,0.0,2015-06-25,0,0.0,0.0,0.0,0.0,0.0
2015,7,22,3,EV,5125,N921EV,PIA,ATL,1611,1606.0,-5.0,20.0,1626.0,105.0,108.0,83.0,565,1849.0,5.0,1856,1854.0,-2.0,0,0,,0.0,0.0,0.0,0.0,0.0,2015-07-22,0,0.0,0.0,0.0,0.0,0.0
2015,6,14,7,EV,4943,N748EV,BNA,LGA,1241,1237.0,-4.0,13.0,1250.0,134.0,134.0,115.0,764,1545.0,6.0,1555,1551.0,-4.0,0,0,,0.0,0.0,0.0,0.0,0.0,2015-06-14,0,0.0,0.0,0.0,0.0,0.0
2015,7,8,3,AA,577,N925UY,PHL,LAS,800,755.0,-5.0,14.0,809.0,323.0,298.0,277.0,2176,946.0,7.0,1023,953.0,-30.0,0,0,,0.0,0.0,0.0,0.0,0.0,2015-07-08,0,0.0,0.0,0.0,0.0,0.0
2015,6,19,5,US,468,N920US,CLT,DEN,1625,1625.0,0.0,30.0,1655.0,215.0,227.0,186.0,1337,1801.0,11.0,1800,1812.0,12.0,0,0,,0.0,0.0,0.0,0.0,0.0,2015-06-19,0,0.0,0.0,0.0,0.0,0.0
2015,7,1,3,DL,671,N125DL,SFO,ATL,2220,2217.0,-3.0,20.0,2237.0,279.0,275.0,249.0,2139,546.0,6.0,559,552.0,-7.0,0,0,,0.0,0.0,0.0,0.0,0.0,2015-07-01,0,0.0,0.0,0.0,0.0,0.0
2015,7,7,2,UA,249,N209UA,SFO,IAD,725,719.0,-6.0,18.0,737.0,301.0,291.0,266.0,2419,1503.0,7.0,1526,1510.0,-16.0,0,0,,0.0,0.0,0.0,0.0,0.0,2015-07-07,0,0.0,0.0,0.0,0.0,0.0
2015,6,29,1,EV,5345,N752EV,RIC,LGA,1210,1159.0,-11.0,23.0,1222.0,79.0,84.0,49.0,292,1311.0,12.0,1329,1323.0,-6.0,0,0,,0.0,0.0,0.0,0.0,0.0,2015-06-29,0,0.0,0.0,0.0,0.0,0.0
2015,7,13,1,B6,2275,N586JB,BDL,SJU,2045,2207.0,82.0,21.0,2228.0,229.0,250.0,223.0,1666,211.0,6.0,34,217.0,103.0,0,0,,21.0,0.0,7.0,75.0,0.0,2015-07-13,1,25.61,0.0,8.54,91.46,0.0
2015,6,29,1,DL,796,N345NB,IND,ATL,955,956.0,1.0,10.0,1006.0,88.0,87.0,64.0,432,1110.0,13.0,1123,1123.0,0.0,0,0,,0.0,0.0,0.0,0.0,0.0,2015-06-29,0,0.0,0.0,0.0,0.0,0.0
2015,7,16,4,AS,79,N307AS,SEA,JNU,2005,2101.0,56.0,17.0,2118.0,145.0,148.0,127.0,909,2225.0,4.0,2130,2229.0,59.0,0,0,,3.0,0.0,0.0,56.0,0.0,2015-07-16,1,5.36,0.0,0.0,100.0,0.0
2015,6,22,1,US,2002,N825AW,MCI,CLT,1015,1009.0,-6.0,15.0,1024.0,132.0,128.0,106.0,808,1310.0,7.0,1327,1317.0,-10.0,0,0,,0.0,0.0,0.0,0.0,0.0,2015-06-22,0,0.0,0.0,0.0,0.0,0.0
2015,7,8,3,WN,367,N739GB,BDL,MCO,1620,1620.0,0.0,13.0,1633.0,175.0,157.0,134.0,1050,1847.0,10.0,1915,1857.0,-18.0,0,0,,0.0,0.0,0.0,0.0,0.0,2015-07-08,0,0.0,0.0,0.0,0.0,0.0
2015,6,19,5,OO,6257,N125SY,ORD,DTW,1410,1408.0,-2.0,26.0,1434.0,81.0,82.0,53.0,235,1627.0,3.0,1631,1630.0,-1.0,0,0,,0.0,0.0,0.0,0.0,0.0,2015-06-19,0,0.0,0.0,0.0,0.0,0.0
2015,7,5,7,EV,2661,N907EV,DFW,CAE,1510,1538.0,28.0,21.0,1559.0,154.0,145.0,121.0,922,1900.0,3.0,1844,1903.0,19.0,0,0,,0.0,0.0,19.0,0.0,0.0,2015-07-05,1,0.0,0.0,67.86,0.0,0.0
2015,6,16,2,DL,1450,N654DL,LAS,MSP,55,52.0,-3.0,13.0,105.0,182.0,171.0,153.0,1299,538.0,5.0,557,543.0,-14.0,0,0,,0.0,0.0,0.0,0.0,0.0,2015-06-16,0,0.0,0.0,0.0,0.0,0.0
2015,6,25,4,EV,3925,N13118,IAH,BTR,1430,1436.0,6.0,12.0,1448.0,67.0,80.0,56.0,253,1544.0,12.0,1537,1556.0,19.0,0,0,,13.0,0.0,6.0,0.0,0.0,2015-06-25,0,216.67,0.0,100.0,0.0,0.0
2015,7,12,7,B6,411,N583JB,JFK,LAS,946,944.0,-2.0,15.0,959.0,332.0,316.0,296.0,2248,1155.0,5.0,1218,1200.0,-18.0,0,0,,0.0,0.0,0.0,0.0,0.0,2015-07-12,0,0.0,0.0,0.0,0.0,0.0
2015,6,20,6,WN,1037,N635SW,MCO,PHL,2110,2202.0,52.0,14.0,2216.0,145.0,157.0,130.0,861,26.0,13.0,2335,39.0,64.0,0,0,,12.0,0.0,13.0,39.0,0.0,2015-06-20,1,23.08,0.0,25.0,75.0,0.0
2015,6,27,6,US,2023,N552UW,MSP,PHX,1120,1110.0,-10.0,14.0,1124.0,198.0,174.0,156.0,1276,1200.0,4.0,1238,1204.0,-34.0,0,0,,0.0,0.0,0.0,0.0,0.0,2015-06-27,0,0.0,0.0,0.0,0.0,0.0
2015,6,22,1,DL,2195,N331NB,MSP,GRB,1527,1524.0,-3.0,11.0,1535.0,65.0,54.0,40.0,252,1615.0,3.0,1632,1618.0,-14.0,0,0,,0.0,0.0,0.0,0.0,0.0,2015-06-22,0,0.0,0.0,0.0,0.0,0.0
2015,7,2,4,WN,585,N605SW,PDX,LAS,1940,1939.0,-1.0,16.0,1955.0,130.0,134.0,114.0,763,2149.0,4.0,2150,2153.0,3.0,0,0,,0.0,0.0,0.0,0.0,0.0,2015-07-02,0,0.0,0.0,0.0,0.0,0.0
2015,6,24,3,UA,1084,N25705,EWR,AUS,649,656.0,7.0,11.0,707.0,236.0,223.0,206.0,1504,933.0,6.0,945,939.0,-6.0,0,0,,0.0,0.0,0.0,0.0,0.0,2015-06-24,0,0.0,0.0,0.0,0.0,0.0
2015,7,3,5,DL,2310,N915DL,DFW,ATL,1045,1140.0,55.0,13.0,1153.0,134.0,124.0,102.0,731,1435.0,9.0,1359,1444.0,45.0,0,0,,0.0,0.0,6.0,39.0,0.0,2015-07-03,1,0.0,0.0,10.91,70.91,0.0
2015,7,2,4,UA,994,N433UA,SAT,EWR,1155,1210.0,15.0,10.0,1220.0,243.0,215.0,195.0,1569,1635.0,10.0,1658,1645.0,-13.0,0,0,,0.0,0.0,0.0,0.0,0.0,2015-07-02,0,0.0,0.0,0.0,0.0,0.0
2015,7,15,3,OO,6217,N142SY,DCA,ORD,1850,1848.0,-2.0,17.0,1905.0,133.0,120.0,98.0,612,1943.0,5.0,2003,1948.0,-15.0,0,0,,0.0,0.0,0.0,0.0,0.0,2015-07-15,0,0.0,0.0,0.0,0.0,0.0
2015,7,17,5,WN,2335,N378SW,MCO,BWI,735,734.0,-1.0,6.0,740.0,130.0,128.0,109.0,787,929.0,13.0,945,942.0,-3.0,0,0,,0.0,0.0,0.0,0.0,0.0,2015-07-17,0,0.0,0.0,0.0,0.0,0.0
2015,6,18,4,DL,1053,N948DL,PBI,ATL,1919,2053.0,94.0,16.0,2109.0,116.0,96.0,74.0,545,2223.0,6.0,2115,2229.0,74.0,0,0,,0.0,0.0,5.0,69.0,0.0,2015-06-18,1,0.0,0.0,5.32,73.4,0.0
2015,6,15,1,AS,832,N562AS,LIH,SEA,1305,1250.0,-15.0,11.0,1301.0,345.0,334.0,312.0,2701,2113.0,11.0,2150,2124.0,-26.0,0,0,,0.0,0.0,0.0,0.0,0.0,2015-06-15,0,0.0,0.0,0.0,0.0,0.0
2015,7,20,1,MQ,3442,N644MQ,ROC,ORD,720,717.0,-3.0,28.0,745.0,118.0,121.0,83.0,528,808.0,10.0,818,818.0,0.0,0,0,,0.0,0.0,0.0,0.0,0.0,2015-07-20,0,0.0,0.0,0.0,0.0,0.0
2015,7,19,7,AA,220,N030AA,TPA,MIA,1855,1901.0,6.0,12.0,1913.0,67.0,66.0,37.0,204,1950.0,17.0,2002,2007.0,5.0,0,0,,0.0,0.0,0.0,0.0,0.0,2015-07-19,0,0.0,0.0,0.0,0.0,0.0
2015,6,15,1,AA,1591,N3GVAA,SJU,DFW,710,654.0,-16.0,9.0,703.0,303.0,296.0,273.0,2165,1036.0,14.0,1113,1050.0,-23.0,0,0,,0.0,0.0,0.0,0.0,0.0,2015-06-15,0,0.0,0.0,0.0,0.0,0.0
2015,7,14,2,UA,1250,N57852,SFO,IAH,843,844.0,1.0,32.0,916.0,232.0,249.0,209.0,1635,1445.0,8.0,1435,1453.0,18.0,0,0,,18.0,0.0,0.0,0.0,0.0,2015-07-14,0,1800.0,0.0,0.0,0.0,0.0
2015,7,19,7,UA,1904,N18220,EWR,PHX,705,839.0,94.0,12.0,851.0,313.0,283.0,264.0,2133,1015.0,7.0,918,1022.0,64.0,0,0,,0.0,0.0,37.0,27.0,0.0,2015-07-19,1,0.0,0.0,39.36,28.72,0.0
2015,7,4,6,EV,4707,N16147,IAH,HRL,1501,1501.0,0.0,12.0,1513.0,68.0,63.0,47.0,295,1600.0,4.0,1609,1604.0,-5.0,0,0,,0.0,0.0,0.0,0.0,0.0,2015-07-04,0,0.0,0.0,0.0,0.0,0.0
2015,7,10,5,DL,1413,N333NB,ATL,LIT,1916,1914.0,-2.0,14.0,1928.0,97.0,81.0,61.0,453,1929.0,6.0,1953,1935.0,-18.0,0,0,,0.0,0.0,0.0,0.0,0.0,2015-07-10,0,0.0,0.0,0.0,0.0,0.0
2015,7,12,7,HA,545,N487HA,OGG,HNL,1821,1820.0,-1.0,7.0,1827.0,35.0,36.0,22.0,100,1849.0,7.0,1856,1856.0,0.0,0,0,,0.0,0.0,0.0,0.0,0.0,2015-07-12,0,0.0,0.0,0.0,0.0,0.0
2015,6,26,5,WN,877,N361SW,SAN,PHX,700,659.0,-1.0,10.0,709.0,80.0,73.0,54.0,304,803.0,9.0,820,812.0,-8.0,0,0,,0.0,0.0,0.0,0.0,0.0,2015-06-26,0,0.0,0.0,0.0,0.0,0.0
2015,6,24,3,WN,1463,N551WN,MCO,MDW,2225,209.0,224.0,9.0,218.0,160.0,145.0,131.0,990,329.0,5.0,5,334.0,209.0,0,0,,0.0,0.0,102.0,107.0,0.0,2015-06-24,1,0.0,0.0,45.54,47.77,0.0
2015,7,8,3,AA,1341,N3ECAA,SJU,MIA,1025,1015.0,-10.0,8.0,1023.0,168.0,151.0,136.0,1045,1239.0,7.0,1313,1246.0,-27.0,0,0,,0.0,0.0,0.0,0.0,0.0,2015-07-08,0,0.0,0.0,0.0,0.0,0.0
2015,6,17,3,OO,4802,N633SK,SEA,SJC,1915,1929.0,14.0,19.0,1948.0,127.0,125.0,102.0,697,2130.0,4.0,2122,2134.0,12.0,0,0,,0.0,0.0,0.0,0.0,0.0,2015-06-17,0,0.0,0.0,0.0,0.0,0.0
2015,7,5,7,DL,234,N721TW,PIT,JFK,1731,1735.0,4.0,12.0,1747.0,99.0,89.0,69.0,340,1856.0,8.0,1910,1904.0,-6.0,0,0,,0.0,0.0,0.0,0.0,0.0,2015-07-05,0,0.0,0.0,0.0,0.0,0.0
2015,6,18,4,EV,4706,N16183,LFT,IAH,1415,1423.0,8.0,12.0,1435.0,64.0,59.0,39.0,201,1514.0,8.0,1519,1522.0,3.0,0,0,,0.0,0.0,0.0,0.0,0.0,2015-06-18,0,0.0,0.0,0.0,0.0,0.0
2015,7,17,5,AA,1897,N169UW,PHL,CLT,1935,2014.0,39.0,11.0,2025.0,112.0,84.0,64.0,449,2129.0,9.0,2127,2138.0,11.0,0,0,,0.0,0.0,0.0,0.0,0.0,2015-07-17,1,0.0,0.0,0.0,0.0,0.0
2015,7,14,2,MQ,3692,N620MQ,DFW,TUL,715,719.0,4.0,13.0,732.0,70.0,65.0,47.0,237,819.0,5.0,825,824.0,-1.0,0,0,,0.0,0.0,0.0,0.0,0.0,2015-07-14,0,0.0,0.0,0.0,0.0,0.0
2015,7,11,6,B6,1678,N584JB,JAX,JFK,600,600.0,0.0,11.0,611.0,139.0,122.0,106.0,828,757.0,5.0,819,802.0,-17.0,0,0,,0.0,0.0,0.0,0.0,0.0,2015-07-11,0,0.0,0.0,0.0,0.0,0.0
2015,7,4,6,MQ,3449,N505MQ,BNA,ORD,1228,1224.0,-4.0,8.0,1232.0,102.0,83.0,68.0,409,1340.0,7.0,1410,1347.0,-23.0,0,0,,0.0,0.0,0.0,0.0,0.0,2015-07-04,0,0.0,0.0,0.0,0.0,0.0
2015,6,14,7,B6,1521,N537JB,PDX,LGB,1315,1345.0,30.0,14.0,1359.0,139.0,135.0,116.0,846,1555.0,5.0,1534,1600.0,26.0,0,0,,0.0,0.0,26.0,0.0,0.0,2015-06-14,1,0.0,0.0,86.67,0.0,0.0
2015,7,15,3,UA,1586,N68821,SFO,ORD,630,625.0,-5.0,14.0,639.0,258.0,246.0,214.0,1846,1213.0,18.0,1248,1231.0,-17.0,0,0,,0.0,0.0,0.0,0.0,0.0,2015-07-15,0,0.0,0.0,0.0,0.0,0.0
2015,6,22,1,DL,1195,N967AT,IAD,ATL,1736,1736.0,0.0,56.0,1832.0,137.0,140.0,74.0,534,1946.0,10.0,1953,1956.0,3.0,0,0,,0.0,0.0,0.0,0.0,0.0,2015-06-22,0,0.0,0.0,0.0,0.0,0.0
2015,7,9,4,MQ,3448,N534MQ,ORD,OKC,1700,1700.0,0.0,11.0,1711.0,135.0,114.0,98.0,693,1849.0,5.0,1915,1854.0,-21.0,0,0,,0.0,0.0,0.0,0.0,0.0,2015-07-09,0,0.0,0.0,0.0,0.0,0.0
2015,6,22,1,EV,5990,N14905,LNK,ORD,1444,1519.0,35.0,6.0,1525.0,99.0,88.0,71.0,466,1636.0,11.0,1623,1647.0,24.0,0,0,,0.0,0.0,0.0,24.0,0.0,2015-06-22,1,0.0,0.0,0.0,68.57,0.0
2015,7,2,4,WN,746,N708SW,LAS,RNO,1235,1248.0,13.0,9.0,1257.0,75.0,65.0,52.0,345,1349.0,4.0,1350,1353.0,3.0,0,0,,0.0,0.0,0.0,0.0,0.0,2015-07-02,0,0.0,0.0,0.0,0.0,0.0
2015,7,20,1,WN,3937,N751SW,DAL,ATL,950,951.0,1.0,13.0,1004.0,130.0,122.0,101.0,721,1245.0,8.0,1300,1253.0,-7.0,0,0,,0.0,0.0,0.0,0.0,0.0,2015-07-20,0,0.0,0.0,0.0,0.0,0.0
2015,6,30,2,WN,900,N705SW,SAN,IAD,1520,1609.0,49.0,8.0,1617.0,295.0,310.0,290.0,2253,7.0,12.0,2315,19.0,64.0,0,0,,15.0,0.0,0.0,0.0,49.0,2015-06-30,1,30.61,0.0,0.0,0.0,100.0
2015,7,15,3,AA,261,N4YDAA,SLC,DFW,1530,1537.0,7.0,10.0,1547.0,159.0,147.0,132.0,989,1859.0,5.0,1909,1904.0,-5.0,0,0,,0.0,0.0,0.0,0.0,0.0,2015-07-15,0,0.0,0.0,0.0,0.0,0.0
2015,7,19,7,WN,3393,N498WN,BWI,SDF,1125,1125.0,0.0,14.0,1139.0,100.0,95.0,74.0,495,1253.0,7.0,1305,1300.0,-5.0,0,0,,0.0,0.0,0.0,0.0,0.0,2015-07-19,0,0.0,0.0,0.0,0.0,0.0
2015,7,15,3,OO,4638,N161PQ,SLC,OKC,2005,2049.0,44.0,12.0,2101.0,139.0,120.0,105.0,866,2346.0,3.0,2324,2349.0,25.0,0,0,,0.0,0.0,25.0,0.0,0.0,2015-07-15,1,0.0,0.0,56.82,0.0,0.0
2015,7,11,6,B6,218,N183JB,CLT,JFK,1011,1003.0,-8.0,27.0,1030.0,112.0,107.0,77.0,541,1147.0,3.0,1203,1150.0,-13.0,0,0,,0.0,0.0,0.0,0.0,0.0,2015-07-11,0,0.0,0.0,0.0,0.0,0.0
2015,6,21,7,EV,5070,N741EV,DCA,DTW,1059,1056.0,-3.0,11.0,1107.0,92.0,79.0,63.0,405,1210.0,5.0,1231,1215.0,-16.0,0,0,,0.0,0.0,0.0,0.0,0.0,2015-06-21,0,0.0,0.0,0.0,0.0,0.0
2015,7,2,4,DL,2445,N958AT,DAL,ATL,1830,1852.0,22.0,10.0,1902.0,130.0,113.0,96.0,721,2138.0,7.0,2140,2145.0,5.0,0,0,,0.0,0.0,0.0,0.0,0.0,2015-07-02,1,0.0,0.0,0.0,0.0,0.0
2015,7,2,4,OO,5585,N784SK,SFO,OKC,1041,1035.0,-6.0,20.0,1055.0,204.0,206.0,180.0,1384,1555.0,6.0,1605,1601.0,-4.0,0,0,,0.0,0.0,0.0,0.0,0.0,2015-07-02,0,0.0,0.0,0.0,0.0,0.0
2015,7,18,6,B6,1579,N763JB,DCA,FLL,2025,2200.0,95.0,13.0,2213.0,149.0,137.0,121.0,899,14.0,3.0,2254,17.0,83.0,0,0,,0.0,0.0,11.0,72.0,0.0,2015-07-18,1,0.0,0.0,11.58,75.79,0.0
2015,7,8,3,DL,2804,N378DA,SEA,ANC,2159,2215.0,16.0,18.0,2233.0,210.0,204.0,183.0,1448,36.0,3.0,29,39.0,10.0,0,0,,0.0,0.0,0.0,0.0,0.0,2015-07-08,1,0.0,0.0,0.0,0.0,0.0
2015,7,10,5,F9,1400,N201FR,SEA,CLE,2330,2323.0,-7.0,12.0,2335.0,260.0,261.0,244.0,2021,639.0,5.0,650,644.0,-6.0,0,0,,0.0,0.0,0.0,0.0,0.0,2015-07-10,0,0.0,0.0,0.0,0.0,0.0
2015,7,22,3,UA,1979,N37267,PHL,IAH,950,959.0,9.0,17.0,1016.0,202.0,183.0,160.0,1325,1156.0,6.0,1212,1202.0,-10.0,0,0,,0.0,0.0,0.0,0.0,0.0,2015-07-22,0,0.0,0.0,0.0,0.0,0.0
2015,7,13,1,WN,4746,N8323C,PHX,MDW,650,652.0,2.0,10.0,702.0,200.0,255.0,180.0,1444,1202.0,65.0,1210,1307.0,57.0,0,0,,57.0,0.0,0.0,0.0,0.0,2015-07-13,0,2850.0,0.0,0.0,0.0,0.0
2015,6,26,5,DL,2635,N391DA,ATL,JFK,815,814.0,-1.0,16.0,830.0,134.0,129.0,106.0,760,1016.0,7.0,1029,1023.0,-6.0,0,0,,0.0,0.0,0.0,0.0,0.0,2015-06-26,0,0.0,0.0,0.0,0.0,0.0
2015,7,12,7,AA,1471,N3HVAA,MIA,PHX,2005,2023.0,18.0,20.0,2043.0,292.0,276.0,241.0,1972,2144.0,15.0,2157,2159.0,2.0,0,0,,0.0,0.0,0.0,0.0,0.0,2015-07-12,1,0.0,0.0,0.0,0.0,0.0
2015,7,7,2,F9,424,N922FR,ATL,CLE,1935,1924.0,-11.0,18.0,1942.0,105.0,106.0,78.0,554,2100.0,10.0,2120,2110.0,-10.0,0,0,,0.0,0.0,0.0,0.0,0.0,2015-07-07,0,0.0,0.0,0.0,0.0,0.0
2015,7,18,6,AA,1654,N496AA,FAT,DFW,1234,1225.0,-9.0,16.0,1241.0,196.0,226.0,168.0,1313,1729.0,42.0,1750,1811.0,21.0,0,0,,21.0,0.0,0.0,0.0,0.0,2015-07-18,0,-233.33,-0.0,-0.0,-0.0,-0.0
2015,6,29,1,OO,5235,N874AS,ORD,RAP,845,844.0,-1.0,22.0,906.0,142.0,154.0,127.0,779,1013.0,5.0,1007,1018.0,11.0,0,0,,0.0,0.0,0.0,0.0,0.0,2015-06-29,0,0.0,0.0,0.0,0.0,0.0
2015,6,30,2,US,1986,N804AW,PHL,MSP,1810,1837.0,27.0,69.0,1946.0,187.0,223.0,145.0,980,2111.0,9.0,2017,2120.0,63.0,0,0,,36.0,0.0,2.0,25.0,0.0,2015-06-30,1,133.33,0.0,7.41,92.59,0.0
2015,6,25,4,WN,1161,N474WN,SAN,SJC,1925,1944.0,19.0,7.0,1951.0,75.0,67.0,57.0,417,2048.0,3.0,2040,2051.0,11.0,0,0,,0.0,0.0,0.0,0.0,0.0,2015-06-25,1,0.0,0.0,0.0,0.0,0.0
2015,6,26,5,DL,2297,N680DA,JAX,ATL,1549,1548.0,-1.0,16.0,1604.0,86.0,68.0,41.0,270,1645.0,11.0,1715,1656.0,-19.0,0,0,,0.0,0.0,0.0,0.0,0.0,2015-06-26,0,0.0,0.0,0.0,0.0,0.0
2015,7,11,6,WN,1242,N364SW,ONT,SMF,1940,1940.0,0.0,7.0,1947.0,70.0,70.0,59.0,390,2046.0,4.0,2050,2050.0,0.0,0,0,,0.0,0.0,0.0,0.0,0.0,2015-07-11,0,0.0,0.0,0.0,0.0,0.0
2015,6,21,7,UA,1075,N14219,EWR,SNA,1900,1934.0,34.0,50.0,2024.0,372.0,372.0,315.0,2434,2239.0,7.0,2212,2246.0,34.0,0,0,,0.0,0.0,34.0,0.0,0.0,2015-06-21,1,0.0,0.0,100.0,0.0,0.0
2015,6,26,5,B6,1098,N509JB,DCA,BDL,1837,2052.0,135.0,12.0,2104.0,81.0,70.0,52.0,313,2156.0,6.0,1958,2202.0,124.0,0,0,,0.0,0.0,8.0,116.0,0.0,2015-06-26,1,0.0,0.0,5.93,85.93,0.0
2015,7,5,7,MQ,3454,N657MQ,XNA,ORD,922,915.0,-7.0,23.0,938.0,113.0,132.0,86.0,522,1104.0,23.0,1115,1127.0,12.0,0,0,,0.0,0.0,0.0,0.0,0.0,2015-07-05,0,0.0,0.0,0.0,0.0,0.0
2015,6,24,3,WN,1905,N340LV,OAK,ONT,1030,1029.0,-1.0,13.0,1042.0,75.0,77.0,59.0,362,1141.0,5.0,1145,1146.0,1.0,0,0,,0.0,0.0,0.0,0.0,0.0,2015-06-24,0,0.0,0.0,0.0,0.0,0.0
2015,6,30,2,EV,2654,N904EV,BPT,DFW,1115,1108.0,-7.0,12.0,1120.0,72.0,70.0,46.0,270,1206.0,12.0,1227,1218.0,-9.0,0,0,,0.0,0.0,0.0,0.0,0.0,2015-06-30,0,0.0,0.0,0.0,0.0,0.0
2015,7,22,3,WN,1523,N397SW,HOU,CLT,945,942.0,-3.0,17.0,959.0,145.0,144.0,121.0,920,1300.0,6.0,1310,1306.0,-4.0,0,0,,0.0,0.0,0.0,0.0,0.0,2015-07-22,0,0.0,0.0,0.0,0.0,0.0
2015,7,7,2,WN,419,N570WN,AUS,MDW,1815,1824.0,9.0,13.0,1837.0,155.0,149.0,129.0,972,2046.0,7.0,2050,2053.0,3.0,0,0,,0.0,0.0,0.0,0.0,0.0,2015-07-07,0,0.0,0.0,0.0,0.0,0.0
2015,7,19,7,AA,28,N3GJAA,LAX,MIA,1215,1213.0,-2.0,33.0,1246.0,320.0,326.0,285.0,2342,2031.0,8.0,2035,2039.0,4.0,0,0,,0.0,0.0,0.0,0.0,0.0,2015-07-19,0,0.0,0.0,0.0,0.0,0.0
2015,7,4,6,WN,1179,N227WN,SEA,SMF,1050,1048.0,-2.0,9.0,1057.0,110.0,98.0,85.0,605,1222.0,4.0,1240,1226.0,-14.0,0,0,,0.0,0.0,0.0,0.0,0.0,2015-07-04,0,0.0,0.0,0.0,0.0,0.0
2015,7,1,3,AA,175,N3GMAA,DCA,DFW,659,658.0,-1.0,18.0,716.0,193.0,191.0,161.0,1192,857.0,12.0,912,909.0,-3.0,0,0,,0.0,0.0,0.0,0.0,0.0,2015-07-01,0,0.0,0.0,0.0,0.0,0.0
2015,7,15,3,WN,1302,N7742B,OMA,STL,2010,2017.0,7.0,7.0,2024.0,65.0,61.0,49.0,342,2113.0,5.0,2115,2118.0,3.0,0,0,,0.0,0.0,0.0,0.0,0.0,2015-07-15,0,0.0,0.0,0.0,0.0,0.0
2015,6,19,5,EV,4604,N27152,RIC,IAH,1752,1811.0,19.0,16.0,1827.0,187.0,188.0,164.0,1157,2011.0,8.0,1959,2019.0,20.0,0,0,,10.0,0.0,1.0,9.0,0.0,2015-06-19,1,52.63,0.0,5.26,47.37,0.0
2015,7,10,5,NK,762,N532NK,ATL,ORD,1155,1152.0,-3.0,16.0,1208.0,124.0,109.0,85.0,606,1233.0,8.0,1259,1241.0,-18.0,0,0,,0.0,0.0,0.0,0.0,0.0,2015-07-10,0,0.0,0.0,0.0,0.0,0.0
2015,7,12,7,WN,106,N927WN,ABQ,PDX,1010,1007.0,-3.0,7.0,1014.0,165.0,150.0,140.0,1111,1134.0,3.0,1155,1137.0,-18.0,0,0,,0.0,0.0,0.0,0.0,0.0,2015-07-12,0,0.0,0.0,0.0,0.0,0.0
2015,6,22,1,WN,348,N7712G,LAS,IND,1635,1630.0,-5.0,10.0,1640.0,210.0,210.0,194.0,1590,2254.0,6.0,2305,2300.0,-5.0,0,0,,0.0,0.0,0.0,0.0,0.0,2015-06-22,0,0.0,0.0,0.0,0.0,0.0
2015,7,20,1,WN,789,N700GS,SNA,HOU,825,842.0,17.0,11.0,853.0,195.0,186.0,169.0,1357,1342.0,6.0,1340,1348.0,8.0,0,0,,0.0,0.0,0.0,0.0,0.0,2015-07-20,1,0.0,0.0,0.0,0.0,0.0
2015,6,24,3,UA,465,N453UA,EWR,IAH,1535,1538.0,3.0,12.0,1550.0,225.0,207.0,188.0,1400,1758.0,7.0,1820,1805.0,-15.0,0,0,,0.0,0.0,0.0,0.0,0.0,2015-06-24,0,0.0,0.0,0.0,0.0,0.0
2015,7,15,3,AA,2466,N3CAAA,LAX,LAS,1600,1621.0,21.0,14.0,1635.0,80.0,67.0,47.0,236,1722.0,6.0,1720,1728.0,8.0,0,0,,0.0,0.0,0.0,0.0,0.0,2015-07-15,1,0.0,0.0,0.0,0.0,0.0
2015,7,9,4,AA,574,N677AW,PHX,TPA,1510,1507.0,-3.0,12.0,1519.0,241.0,237.0,221.0,1788,2200.0,4.0,2211,2204.0,-7.0,0,0,,0.0,0.0,0.0,0.0,0.0,2015-07-09,0,0.0,0.0,0.0,0.0,0.0
2015,7,18,6,EV,5141,N146PQ,ATL,BHM,1528,1547.0,19.0,20.0,1607.0,57.0,49.0,27.0,134,1534.0,2.0,1525,1536.0,11.0,0,0,,0.0,0.0,0.0,0.0,0.0,2015-07-18,1,0.0,0.0,0.0,0.0,0.0
2015,7,2,4,DL,2792,N910DN,RDU,DTW,600,559.0,-1.0,13.0,612.0,102.0,102.0,73.0,501,725.0,16.0,742,741.0,-1.0,0,0,,0.0,0.0,0.0,0.0,0.0,2015-07-02,0,0.0,0.0,0.0,0.0,0.0
2015,6,30,2,WN,4195,N528SW,DAL,AUS,1245,1247.0,2.0,10.0,1257.0,50.0,51.0,33.0,189,1330.0,8.0,1335,1338.0,3.0,0,0,,0.0,0.0,0.0,0.0,0.0,2015-06-30,0,0.0,0.0,0.0,0.0,0.0
2015,7,6,1,WN,2592,N7717D,SLC,MDW,820,818.0,-2.0,9.0,827.0,185.0,184.0,171.0,1259,1218.0,4.0,1225,1222.0,-3.0,0,0,,0.0,0.0,0.0,0.0,0.0,2015-07-06,0,0.0,0.0,0.0,0.0,0.0
2015,7,22,3,DL,1564,N325NB,RDU,ATL,1445,1440.0,-5.0,18.0,1458.0,97.0,76.0,54.0,356,1552.0,4.0,1622,1556.0,-26.0,0,0,,0.0,0.0,0.0,0.0,0.0,2015-07-22,0,0.0,0.0,0.0,0.0,0.0
2015,7,2,4,OO,2802,N821AS,PHX,SBP,1350,1349.0,-1.0,12.0,1401.0,101.0,86.0,70.0,509,1511.0,4.0,1531,1515.0,-16.0,0,0,,0.0,0.0,0.0,0.0,0.0,2015-07-02,0,0.0,0.0,0.0,0.0,0.0
2015,6,27,6,EV,3265,N14542,IAH,BNA,845,905.0,20.0,23.0,928.0,124.0,125.0,97.0,657,1105.0,5.0,1049,1110.0,21.0,0,0,,1.0,0.0,0.0,20.0,0.0,2015-06-27,1,5.0,0.0,0.0,100.0,0.0
2015,7,3,5,MQ,3336,N526MQ,DFW,OKC,715,711.0,-4.0,14.0,725.0,64.0,73.0,52.0,175,817.0,7.0,819,824.0,5.0,0,0,,0.0,0.0,0.0,0.0,0.0,2015-07-03,0,0.0,0.0,0.0,0.0,0.0
2015,7,17,5,EV,5267,N611QX,MSP,PIT,1932,1932.0,0.0,45.0,2017.0,125.0,139.0,88.0,726,2245.0,6.0,2237,2251.0,14.0,0,0,,0.0,0.0,0.0,0.0,0.0,2015-07-17,0,0.0,0.0,0.0,0.0,0.0
2015,7,3,5,DL,2603,N6700,SJC,SLC,615,622.0,7.0,17.0,639.0,109.0,101.0,81.0,584,900.0,3.0,904,903.0,-1.0,0,0,,0.0,0.0,0.0,0.0,0.0,2015-07-03,0,0.0,0.0,0.0,0.0,0.0
2015,7,12,7,WN,3129,N290WN,OAK,DEN,1625,1724.0,59.0,10.0,1734.0,145.0,135.0,114.0,957,2028.0,11.0,1950,2039.0,49.0,0,0,,0.0,0.0,46.0,3.0,0.0,2015-07-12,1,0.0,0.0,77.97,5.08,0.0
2015,7,16,4,UA,1218,N15751,SLC,ORD,1240,1250.0,10.0,12.0,1302.0,184.0,171.0,153.0,1250,1635.0,6.0,1644,1641.0,-3.0,0,0,,0.0,0.0,0.0,0.0,0.0,2015-07-16,0,0.0,0.0,0.0,0.0,0.0
2015,7,16,4,DL,1617,N966DL,PBI,ATL,540,535.0,-5.0,10.0,545.0,104.0,94.0,78.0,545,703.0,6.0,724,709.0,-15.0,0,0,,0.0,0.0,0.0,0.0,0.0,2015-07-16,0,0.0,0.0,0.0,0.0,0.0
2015,6,14,7,WN,862,N8635F,SJC,SEA,2100,2107.0,7.0,6.0,2113.0,115.0,109.0,95.0,697,2248.0,8.0,2255,2256.0,1.0,0,0,,0.0,0.0,0.0,0.0,0.0,2015-06-14,0,0.0,0.0,0.0,0.0,0.0
2015,7,21,2,EV,6072,N13975,IND,ORD,1950,2032.0,42.0,10.0,2042.0,75.0,75.0,40.0,177,2022.0,25.0,2005,2047.0,42.0,0,0,,0.0,0.0,12.0,30.0,0.0,2015-07-21,1,0.0,0.0,28.57,71.43,0.0
2015,7,5,7,AA,1263,N5FAAA,JFK,LAS,705,703.0,-2.0,26.0,729.0,339.0,333.0,300.0,2248,929.0,7.0,944,936.0,-8.0,0,0,,0.0,0.0,0.0,0.0,0.0,2015-07-05,0,0.0,0.0,0.0,0.0,0.0
2015,7,20,1,AA,235,N3CKAA,JFK,BOS,2015,2011.0,-4.0,25.0,2036.0,88.0,68.0,37.0,187,2113.0,6.0,2143,2119.0,-24.0,0,0,,0.0,0.0,0.0,0.0,0.0,2015-07-20,0,0.0,0.0,0.0,0.0,0.0
2015,7,12,7,OO,4518,N692CA,DTW,MSN,1737,1755.0,18.0,18.0,1813.0,76.0,72.0,50.0,311,1803.0,4.0,1753,1807.0,14.0,0,0,,0.0,0.0,0.0,0.0,0.0,2015-07-12,1,0.0,0.0,0.0,0.0,0.0
2015,7,22,3,EV,2639,N908EV,BTR,DFW,803,756.0,-7.0,10.0,806.0,89.0,95.0,70.0,383,916.0,15.0,932,931.0,-1.0,0,0,,0.0,0.0,0.0,0.0,0.0,2015-07-22,0,0.0,0.0,0.0,0.0,0.0
2015,7,17,5,DL,1893,N549US,DTW,ATL,830,846.0,16.0,23.0,909.0,120.0,117.0,84.0,594,1033.0,10.0,1030,1043.0,13.0,0,0,,0.0,0.0,0.0,0.0,0.0,2015-07-17,1,0.0,0.0,0.0,0.0,0.0
2015,7,10,5,AA,1370,N3BUAA,ORD,TUL,2028,2027.0,-1.0,10.0,2037.0,119.0,98.0,84.0,585,2201.0,4.0,2227,2205.0,-22.0,0,0,,0.0,0.0,0.0,0.0,0.0,2015-07-10,0,0.0,0.0,0.0,0.0,0.0
2015,6,16,2,OO,6420,N770SK,DEN,SHV,959,1200.0,121.0,26.0,1226.0,128.0,165.0,113.0,792,1519.0,26.0,1307,1545.0,158.0,0,0,,37.0,0.0,121.0,0.0,0.0,2015-06-16,1,30.58,0.0,100.0,0.0,0.0
2015,7,14,2,DL,738,N935AT,ORD,ATL,1115,1115.0,0.0,11.0,1126.0,120.0,97.0,81.0,606,1347.0,5.0,1415,1352.0,-23.0,0,0,,0.0,0.0,0.0,0.0,0.0,2015-07-14,0,0.0,0.0,0.0,0.0,0.0
2015,7,13,1,AA,1805,N121UW,CLT,IAH,2220,2228.0,8.0,22.0,2250.0,149.0,147.0,114.0,912,2344.0,11.0,2349,2355.0,6.0,0,0,,0.0,0.0,0.0,0.0,0.0,2015-07-13,0,0.0,0.0,0.0,0.0,0.0
2015,7,19,7,F9,1137,N918FR,AUS,LAS,2215,2203.0,-12.0,13.0,2216.0,180.0,165.0,138.0,1090,2234.0,14.0,2315,2248.0,-27.0,0,0,,0.0,0.0,0.0,0.0,0.0,2015-07-19,0,0.0,0.0,0.0,0.0,0.0
2015,7,17,5,DL,1293,N959AT,MSY,ATL,1615,1616.0,1.0,19.0,1635.0,95.0,86.0,59.0,425,1834.0,8.0,1850,1842.0,-8.0,0,0,,0.0,0.0,0.0,0.0,0.0,2015-07-17,0,0.0,0.0,0.0,0.0,0.0
2015,7,21,2,EV,4379,N34110,CLE,IAH,1729,1722.0,-7.0,8.0,1730.0,185.0,162.0,148.0,1091,1858.0,6.0,1934,1904.0,-30.0,0,0,,0.0,0.0,0.0,0.0,0.0,2015-07-21,0,0.0,0.0,0.0,0.0,0.0
2015,6,26,5,NK,116,N524NK,DEN,DFW,1520,1526.0,6.0,27.0,1553.0,112.0,133.0,102.0,641,1835.0,4.0,1812,1839.0,27.0,0,0,,21.0,0.0,6.0,0.0,0.0,2015-06-26,0,350.0,0.0,100.0,0.0,0.0
2015,6,19,5,WN,2157,N759GS,LAS,SJC,2050,2231.0,101.0,13.0,2244.0,80.0,76.0,59.0,386,2343.0,4.0,2210,2347.0,97.0,0,0,,0.0,0.0,0.0,97.0,0.0,2015-06-19,1,0.0,0.0,0.0,96.04,0.0
2015,7,16,4,UA,1297,N75429,IAH,SJU,1015,1019.0,4.0,11.0,1030.0,267.0,257.0,241.0,2007,1531.0,5.0,1542,1536.0,-6.0,0,0,,0.0,0.0,0.0,0.0,0.0,2015-07-16,0,0.0,0.0,0.0,0.0,0.0
2015,7,9,4,WN,240,N566WN,CAK,LGA,1555,1615.0,20.0,10.0,1625.0,85.0,87.0,62.0,397,1727.0,15.0,1720,1742.0,22.0,0,0,,22.0,0.0,0.0,0.0,0.0,2015-07-09,1,110.0,0.0,0.0,0.0,0.0
2015,6,29,1,DL,1065,N923DL,BDL,ATL,600,557.0,-3.0,15.0,612.0,148.0,147.0,124.0,859,816.0,8.0,828,824.0,-4.0,0,0,,0.0,0.0,0.0,0.0,0.0,2015-06-29,0,0.0,0.0,0.0,0.0,0.0
2015,7,13,1,OO,4779,N461SW,DIK,MSP,525,515.0,-10.0,12.0,527.0,98.0,96.0,76.0,481,743.0,8.0,803,751.0,-12.0,0,0,,0.0,0.0,0.0,0.0,0.0,2015-07-13,0,0.0,0.0,0.0,0.0,0.0
2015,7,7,2,B6,14,N586JB,LGB,JFK,2110,2109.0,-1.0,12.0,2121.0,315.0,306.0,283.0,2465,504.0,11.0,525,515.0,-10.0,0,0,,0.0,0.0,0.0,0.0,0.0,2015-07-07,0,0.0,0.0,0.0,0.0,0.0
2015,6,28,7,WN,4062,N7813P,FLL,TPA,1005,1003.0,-2.0,7.0,1010.0,60.0,48.0,36.0,197,1046.0,5.0,1105,1051.0,-14.0,0,0,,0.0,0.0,0.0,0.0,0.0,2015-06-28,0,0.0,0.0,0.0,0.0,0.0
2015,7,13,1,WN,464,N7739A,ATL,OKC,2100,2109.0,9.0,20.0,2129.0,135.0,125.0,101.0,761,2210.0,4.0,2215,2214.0,-1.0,0,0,,0.0,0.0,0.0,0.0,0.0,2015-07-13,0,0.0,0.0,0.0,0.0,0.0
2015,6,25,4,AA,1179,N473AA,DFW,MSY,1219,1217.0,-2.0,23.0,1240.0,96.0,100.0,69.0,447,1349.0,8.0,1355,1357.0,2.0,0,0,,0.0,0.0,0.0,0.0,0.0,2015-06-25,0,0.0,0.0,0.0,0.0,0.0
2015,7,9,4,AA,85,N796AA,JFK,SFO,1530,1611.0,41.0,26.0,1637.0,405.0,392.0,361.0,2586,1938.0,5.0,1915,1943.0,28.0,0,0,,28.0,0.0,0.0,0.0,0.0,2015-07-09,1,68.29,0.0,0.0,0.0,0.0
2015,7,20,1,B6,207,N351JB,PWM,JFK,1337,1334.0,-3.0,9.0,1343.0,82.0,62.0,46.0,273,1429.0,7.0,1459,1436.0,-23.0,0,0,,0.0,0.0,0.0,0.0,0.0,2015-07-20,0,0.0,0.0,0.0,0.0,0.0
2015,6,17,3,WN,5488,N638SW,DAL,MCI,1245,1322.0,37.0,11.0,1333.0,85.0,86.0,70.0,460,1443.0,5.0,1410,1448.0,38.0,0,0,,1.0,0.0,5.0,32.0,0.0,2015-06-17,1,2.7,0.0,13.51,86.49,0.0
2015,6,14,7,DL,2582,N915AT,ATL,ABE,2056,2053.0,-3.0,12.0,2105.0,127.0,116.0,100.0,692,2245.0,4.0,2303,2249.0,-14.0,0,0,,0.0,0.0,0.0,0.0,0.0,2015-06-14,0,0.0,0.0,0.0,0.0,0.0
2015,6,23,2,DL,1648,N956AT,MDW,ATL,1229,1224.0,-5.0,12.0,1236.0,121.0,110.0,91.0,591,1507.0,7.0,1530,1514.0,-16.0,0,0,,0.0,0.0,0.0,0.0,0.0,2015-06-23,0,0.0,0.0,0.0,0.0,0.0
2015,6,29,1,DL,1656,N962DL,ATL,SAV,1515,1514.0,-1.0,19.0,1533.0,69.0,63.0,39.0,214,1612.0,5.0,1624,1617.0,-7.0,0,0,,0.0,0.0,0.0,0.0,0.0,2015-06-29,0,0.0,0.0,0.0,0.0,0.0
2015,7,13,1,OO,4690,N604SK,SEA,GEG,936,926.0,-10.0,30.0,956.0,70.0,73.0,38.0,224,1034.0,5.0,1046,1039.0,-7.0,0,0,,0.0,0.0,0.0,0.0,0.0,2015-07-13,0,0.0,0.0,0.0,0.0,0.0
2015,6,19,5,DL,1982,N368NB,LGA,MIA,1530,1525.0,-5.0,36.0,1601.0,208.0,187.0,148.0,1096,1829.0,3.0,1858,1832.0,-26.0,0,0,,0.0,0.0,0.0,0.0,0.0,2015-06-19,0,0.0,0.0,0.0,0.0,0.0
2015,7,8,3,OO,5615,N967SW,SBA,SFO,2018,2029.0,11.0,8.0,2037.0,69.0,61.0,49.0,262,2126.0,4.0,2127,2130.0,3.0,0,0,,0.0,0.0,0.0,0.0,0.0,2015-07-08,0,0.0,0.0,0.0,0.0,0.0
2015,7,18,6,AA,25,N3ATAA,DFW,PHL,1230,1300.0,30.0,16.0,1316.0,206.0,195.0,175.0,1303,1711.0,4.0,1656,1715.0,19.0,0,0,,0.0,0.0,7.0,12.0,0.0,2015-07-18,1,0.0,0.0,23.33,40.0,0.0
2015,7,19,7,WN,779,N608SW,ALB,BWI,835,828.0,-7.0,9.0,837.0,80.0,66.0,52.0,289,929.0,5.0,955,934.0,-21.0,0,0,,0.0,0.0,0.0,0.0,0.0,2015-07-19,0,0.0,0.0,0.0,0.0,0.0
2015,7,11,6,AA,1582,N514AA,DFW,CLE,2010,2007.0,-3.0,13.0,2020.0,166.0,147.0,129.0,1021,2329.0,5.0,2356,2334.0,-22.0,0,0,,0.0,0.0,0.0,0.0,0.0,2015-07-11,0,0.0,0.0,0.0,0.0,0.0
2015,6,24,3,DL,1697,N979DL,IAD,ATL,710,707.0,-3.0,17.0,724.0,106.0,98.0,72.0,534,836.0,9.0,856,845.0,-11.0,0,0,,0.0,0.0,0.0,0.0,0.0,2015-06-24,0,0.0,0.0,0.0,0.0,0.0
2015,7,20,1,AA,2499,N3CHAA,ORD,PHL,910,909.0,-1.0,24.0,933.0,129.0,115.0,84.0,678,1157.0,7.0,1219,1204.0,-15.0,0,0,,0.0,0.0,0.0,0.0,0.0,2015-07-20,0,0.0,0.0,0.0,0.0,0.0
2015,6,18,4,WN,682,N240WN,LAS,BUR,1505,1503.0,-2.0,10.0,1513.0,65.0,57.0,45.0,223,1558.0,2.0,1610,1600.0,-10.0,0,0,,0.0,0.0,0.0,0.0,0.0,2015-06-18,0,0.0,0.0,0.0,0.0,0.0
2015,6,24,3,OO,5259,N758SK,ORD,ORF,1409,1532.0,83.0,50.0,1622.0,133.0,151.0,97.0,717,1859.0,4.0,1722,1903.0,101.0,0,0,,18.0,0.0,71.0,12.0,0.0,2015-06-24,1,21.69,0.0,85.54,14.46,0.0
2015,6,14,7,NK,713,N603NK,MCO,IAH,1526,1532.0,6.0,14.0,1546.0,153.0,149.0,122.0,854,1648.0,13.0,1659,1701.0,2.0,0,0,,0.0,0.0,0.0,0.0,0.0,2015-06-14,0,0.0,0.0,0.0,0.0,0.0
2015,7,20,1,DL,899,N958DN,PHX,MSP,1602,1557.0,-5.0,19.0,1616.0,181.0,183.0,155.0,1276,2051.0,9.0,2103,2100.0,-3.0,0,0,,0.0,0.0,0.0,0.0,0.0,2015-07-20,0,0.0,0.0,0.0,0.0,0.0
2015,7,8,3,WN,4859,N447WN,STL,MDW,1445,1510.0,25.0,14.0,1524.0,60.0,62.0,39.0,251,1603.0,9.0,1545,1612.0,27.0,0,0,,2.0,0.0,20.0,5.0,0.0,2015-07-08,1,8.0,0.0,80.0,20.0,0.0
2015,6,21,7,MQ,3301,N690MQ,ORD,GRR,2150,2146.0,-4.0,24.0,2210.0,58.0,51.0,23.0,137,2333.0,4.0,2348,2337.0,-11.0,0,0,,0.0,0.0,0.0,0.0,0.0,2015-06-21,0,0.0,0.0,0.0,0.0,0.0
2015,7,1,3,AA,1487,N3JUAA,DFW,ATL,1645,1918.0,153.0,29.0,1947.0,134.0,164.0,105.0,731,2232.0,30.0,1959,2302.0,183.0,0,0,,30.0,0.0,11.0,142.0,0.0,2015-07-01,1,19.61,0.0,7.19,92.81,0.0
2015,7,1,3,DL,896,N357NB,SLC,JAC,2000,2001.0,1.0,23.0,2024.0,60.0,72.0,43.0,205,2107.0,6.0,2100,2113.0,13.0,0,0,,0.0,0.0,0.0,0.0,0.0,2015-07-01,0,0.0,0.0,0.0,0.0,0.0
2015,7,12,7,OO,7431,N427SW,SLC,PIH,2151,2148.0,-3.0,14.0,2202.0,51.0,43.0,25.0,150,2227.0,4.0,2242,2231.0,-11.0,0,0,,0.0,0.0,0.0,0.0,0.0,2015-07-12,0,0.0,0.0,0.0,0.0,0.0
2015,6,19,5,B6,135,N562JB,JFK,PHX,2000,2005.0,5.0,35.0,2040.0,332.0,340.0,299.0,2153,2239.0,6.0,2232,2245.0,13.0,0,0,,0.0,0.0,0.0,0.0,0.0,2015-06-19,0,0.0,0.0,0.0,0.0,0.0
2015,6,26,5,DL,2375,N816DN,SLC,SFO,1105,1103.0,-2.0,12.0,1115.0,124.0,121.0,104.0,599,1159.0,5.0,1209,1204.0,-5.0,0,0,,0.0,0.0,0.0,0.0,0.0,2015-06-26,0,0.0,0.0,0.0,0.0,0.0
2015,7,1,3,EV,3965,N15986,ORD,SGF,911,906.0,-5.0,21.0,927.0,96.0,93.0,68.0,438,1035.0,4.0,1047,1039.0,-8.0,0,0,,0.0,0.0,0.0,0.0,0.0,2015-07-01,0,0.0,0.0,0.0,0.0,0.0
2015,7,14,2,EV,4697,N13970,LRD,IAH,651,643.0,-8.0,9.0,652.0,77.0,73.0,57.0,301,749.0,7.0,808,756.0,-12.0,0,0,,0.0,0.0,0.0,0.0,0.0,2015-07-14,0,0.0,0.0,0.0,0.0,0.0
2015,7,18,6,WN,2936,N376SW,DEN,AUS,1015,1014.0,-1.0,17.0,1031.0,125.0,128.0,106.0,775,1317.0,5.0,1320,1322.0,2.0,0,0,,0.0,0.0,0.0,0.0,0.0,2015-07-18,0,0.0,0.0,0.0,0.0,0.0
2015,7,14,2,WN,2232,N230WN,BWI,PVD,605,600.0,-5.0,9.0,609.0,75.0,69.0,52.0,327,701.0,8.0,720,709.0,-11.0,0,0,,0.0,0.0,0.0,0.0,0.0,2015-07-14,0,0.0,0.0,0.0,0.0,0.0
2015,7,5,7,VX,338,N634VA,LAX,FLL,2145,2207.0,22.0,10.0,2217.0,305.0,295.0,280.0,2343,557.0,5.0,550,602.0,12.0,0,0,,0.0,0.0,0.0,0.0,0.0,2015-07-05,1,0.0,0.0,0.0,0.0,0.0
2015,7,21,2,DL,2322,N910DN,MIA,MSP,1545,1538.0,-7.0,12.0,1550.0,240.0,206.0,185.0,1501,1755.0,9.0,1845,1804.0,-41.0,0,0,,0.0,0.0,0.0,0.0,0.0,2015-07-21,0,0.0,0.0,0.0,0.0,0.0
2015,7,10,5,UA,1581,N36476,TPA,IAD,1352,1352.0,0.0,9.0,1401.0,140.0,125.0,106.0,811,1547.0,10.0,1612,1557.0,-15.0,0,0,,0.0,0.0,0.0,0.0,0.0,2015-07-10,0,0.0,0.0,0.0,0.0,0.0
2015,6,23,2,EV,5069,N850AS,DTW,BHM,1405,1419.0,14.0,15.0,1434.0,119.0,105.0,86.0,625,1500.0,4.0,1504,1504.0,0.0,0,0,,0.0,0.0,0.0,0.0,0.0,2015-06-23,0,0.0,0.0,0.0,0.0,0.0
2015,6,15,1,WN,175,N8302F,LAS,STL,1155,1155.0,0.0,11.0,1206.0,185.0,177.0,161.0,1371,1647.0,5.0,1700,1652.0,-8.0,0,0,,0.0,0.0,0.0,0.0,0.0,2015-06-15,0,0.0,0.0,0.0,0.0,0.0
2015,7,8,3,DL,2110,N907DE,ATL,DFW,1130,1144.0,14.0,13.0,1157.0,135.0,180.0,157.0,731,1334.0,10.0,1245,1344.0,59.0,0,0,,45.0,0.0,14.0,0.0,0.0,2015-07-08,0,321.43,0.0,100.0,0.0,0.0
2015,7,1,3,MQ,3242,N909MQ,DFW,SJT,2200,2242.0,42.0,13.0,2255.0,64.0,55.0,38.0,229,2333.0,4.0,2304,2337.0,33.0,0,0,,0.0,0.0,33.0,0.0,0.0,2015-07-01,1,0.0,0.0,78.57,0.0,0.0
2015,6,20,6,DL,1342,N997DL,ATL,IND,1025,1025.0,0.0,15.0,1040.0,88.0,85.0,66.0,432,1146.0,4.0,1153,1150.0,-3.0,0,0,,0.0,0.0,0.0,0.0,0.0,2015-06-20,0,0.0,0.0,0.0,0.0,0.0
2015,6,19,5,DL,1564,N349NB,ATL,RDU,1235,1234.0,-1.0,25.0,1259.0,85.0,83.0,56.0,356,1355.0,2.0,1400,1357.0,-3.0,0,0,,0.0,0.0,0.0,0.0,0.0,2015-06-19,0,0.0,0.0,0.0,0.0,0.0
2015,7,2,4,OO,6394,N709BR,ELP,DEN,701,656.0,-5.0,18.0,714.0,113.0,131.0,109.0,563,903.0,4.0,854,907.0,13.0,0,0,,0.0,0.0,0.0,0.0,0.0,2015-07-02,0,0.0,0.0,0.0,0.0,0.0
2015,6,18,4,UA,1561,N77525,DEN,EWR,1711,1923.0,132.0,18.0,1941.0,237.0,215.0,188.0,1605,49.0,9.0,2308,58.0,110.0,0,0,,0.0,0.0,35.0,75.0,0.0,2015-06-18,1,0.0,0.0,26.52,56.82,0.0
2015,6,21,7,AS,635,N560AS,DFW,PDX,800,800.0,0.0,16.0,816.0,239.0,241.0,219.0,1616,955.0,6.0,959,1001.0,2.0,0,0,,0.0,0.0,0.0,0.0,0.0,2015-06-21,0,0.0,0.0,0.0,0.0,0.0
2015,7,9,4,B6,1223,N179JB,DCA,MCO,928,922.0,-6.0,18.0,940.0,131.0,138.0,107.0,759,1127.0,13.0,1139,1140.0,1.0,0,0,,0.0,0.0,0.0,0.0,0.0,2015-07-09,0,0.0,0.0,0.0,0.0,0.0
2015,6,30,2,AA,2232,N4YBAA,SJC,DFW,1150,1151.0,1.0,16.0,1207.0,214.0,222.0,188.0,1438,1715.0,18.0,1724,1733.0,9.0,0,0,,0.0,0.0,0.0,0.0,0.0,2015-06-30,0,0.0,0.0,0.0,0.0,0.0
2015,7,9,4,EV,3965,N13970,ROA,ORD,704,657.0,-7.0,15.0,712.0,113.0,117.0,94.0,531,746.0,8.0,757,754.0,-3.0,0,0,,0.0,0.0,0.0,0.0,0.0,2015-07-09,0,0.0,0.0,0.0,0.0,0.0
2015,6,18,4,OO,6344,N979SW,SFO,ACV,1040,1136.0,56.0,22.0,1158.0,77.0,71.0,44.0,250,1242.0,5.0,1157,1247.0,50.0,0,0,,0.0,0.0,50.0,0.0,0.0,2015-06-18,1,0.0,0.0,89.29,0.0,0.0
2015,6,15,1,DL,1119,N330NW,MSY,ATL,1310,1306.0,-4.0,15.0,1321.0,95.0,88.0,63.0,425,1524.0,10.0,1545,1534.0,-11.0,0,0,,0.0,0.0,0.0,0.0,0.0,2015-06-15,0,0.0,0.0,0.0,0.0,0.0
2015,6,29,1,US,463,N916US,TPA,CLT,1715,1709.0,-6.0,9.0,1718.0,104.0,98.0,75.0,507,1833.0,14.0,1859,1847.0,-12.0,0,0,,0.0,0.0,0.0,0.0,0.0,2015-06-29,0,0.0,0.0,0.0,0.0,0.0
2015,7,21,2,DL,1952,N978AT,DSM,ATL,600,548.0,-12.0,15.0,603.0,125.0,114.0,93.0,743,836.0,6.0,905,842.0,-23.0,0,0,,0.0,0.0,0.0,0.0,0.0,2015-07-21,0,0.0,0.0,0.0,0.0,0.0
2015,7,15,3,WN,156,N8607M,RNO,LAS,700,656.0,-4.0,8.0,704.0,85.0,74.0,50.0,345,754.0,16.0,825,810.0,-15.0,0,0,,0.0,0.0,0.0,0.0,0.0,2015-07-15,0,0.0,0.0,0.0,0.0,0.0
2015,6,19,5,DL,1845,N3756,BOS,MSP,1845,1854.0,9.0,15.0,1909.0,193.0,187.0,164.0,1124,2053.0,8.0,2058,2101.0,3.0,0,0,,0.0,0.0,0.0,0.0,0.0,2015-06-19,0,0.0,0.0,0.0,0.0,0.0
2015,7,11,6,VX,441,N526VA,DAL,AUS,850,843.0,-7.0,9.0,852.0,55.0,49.0,34.0,189,926.0,6.0,945,932.0,-13.0,0,0,,0.0,0.0,0.0,0.0,0.0,2015-07-11,0,0.0,0.0,0.0,0.0,0.0
2015,6,14,7,OO,6347,N924SW,TVC,ORD,1815,1806.0,-9.0,23.0,1829.0,72.0,78.0,45.0,224,1814.0,10.0,1827,1824.0,-3.0,0,0,,0.0,0.0,0.0,0.0,0.0,2015-06-14,0,0.0,0.0,0.0,0.0,0.0
2015,7,14,2,WN,332,N717SA,PNS,BNA,1015,1010.0,-5.0,8.0,1018.0,80.0,76.0,62.0,391,1120.0,6.0,1135,1126.0,-9.0,0,0,,0.0,0.0,0.0,0.0,0.0,2015-07-14,0,0.0,0.0,0.0,0.0,0.0
2015,7,14,2,DL,2072,N550NW,GEG,MSP,720,716.0,-4.0,11.0,727.0,163.0,158.0,141.0,1175,1148.0,6.0,1203,1154.0,-9.0,0,0,,0.0,0.0,0.0,0.0,0.0,2015-07-14,0,0.0,0.0,0.0,0.0,0.0
2015,7,16,4,AA,1571,N3LYAA,ORD,LAX,955,951.0,-4.0,26.0,1017.0,268.0,272.0,237.0,1744,1214.0,9.0,1223,1223.0,0.0,0,0,,0.0,0.0,0.0,0.0,0.0,2015-07-16,0,0.0,0.0,0.0,0.0,0.0
2015,6,18,4,MQ,3210,N661MQ,MAF,DFW,1800,1823.0,23.0,10.0,1833.0,77.0,79.0,53.0,309,1926.0,16.0,1917,1942.0,25.0,0,0,,2.0,0.0,19.0,4.0,0.0,2015-06-18,1,8.7,0.0,82.61,17.39,0.0
2015,7,12,7,UA,912,N512UA,LAX,JFK,2212,2223.0,11.0,16.0,2239.0,324.0,308.0,286.0,2475,625.0,6.0,636,631.0,-5.0,0,0,,0.0,0.0,0.0,0.0,0.0,2015-07-12,0,0.0,0.0,0.0,0.0,0.0
2015,7,7,2,AA,1945,N769US,CLT,CLE,2020,2013.0,-7.0,11.0,2024.0,92.0,87.0,68.0,430,2132.0,8.0,2152,2140.0,-12.0,0,0,,0.0,0.0,0.0,0.0,0.0,2015-07-07,0,0.0,0.0,0.0,0.0,0.0
2015,6,26,5,WN,171,N726SW,MDW,DCA,1725,1725.0,0.0,10.0,1735.0,110.0,92.0,77.0,601,1952.0,5.0,2015,1957.0,-18.0,0,0,,0.0,0.0,0.0,0.0,0.0,2015-06-26,0,0.0,0.0,0.0,0.0,0.0
2015,6,30,2,B6,163,N304JB,JFK,SRQ,736,732.0,-4.0,18.0,750.0,177.0,173.0,151.0,1041,1021.0,4.0,1033,1025.0,-8.0,0,0,,0.0,0.0,0.0,0.0,0.0,2015-06-30,0,0.0,0.0,0.0,0.0,0.0
2015,6,20,6,UA,1456,N35204,SFO,ATL,1556,1556.0,0.0,11.0,1607.0,284.0,262.0,245.0,2139,2312.0,6.0,2340,2318.0,-22.0,0,0,,0.0,0.0,0.0,0.0,0.0,2015-06-20,0,0.0,0.0,0.0,0.0,0.0
2015,6,27,6,AS,455,N548AS,LAX,SEA,745,736.0,-9.0,20.0,756.0,165.0,150.0,120.0,954,956.0,10.0,1030,1006.0,-24.0,0,0,,0.0,0.0,0.0,0.0,0.0,2015-06-27,0,0.0,0.0,0.0,0.0,0.0
2015,7,6,1,WN,2174,N707SA,JAX,LAS,1015,1013.0,-2.0,14.0,1027.0,280.0,268.0,247.0,1965,1134.0,7.0,1155,1141.0,-14.0,0,0,,0.0,0.0,0.0,0.0,0.0,2015-07-06,0,0.0,0.0,0.0,0.0,0.0
2015,7,1,3,OO,4562,N418SW,MOT,MSP,910,1111.0,121.0,16.0,1127.0,90.0,83.0,63.0,449,1230.0,4.0,1040,1234.0,114.0,0,0,,0.0,0.0,0.0,114.0,0.0,2015-07-01,1,0.0,0.0,0.0,94.21,0.0
2015,7,4,6,AA,1840,N803AW,CLT,PIT,1805,1801.0,-4.0,30.0,1831.0,85.0,90.0,56.0,366,1927.0,4.0,1930,1931.0,1.0,0,0,,0.0,0.0,0.0,0.0,0.0,2015-07-04,0,0.0,0.0,0.0,0.0,0.0
2015,6,22,1,DL,2379,N923DL,LGA,MSP,1447,1446.0,-1.0,41.0,1527.0,183.0,190.0,146.0,1020,1653.0,3.0,1650,1656.0,6.0,0,0,,0.0,0.0,0.0,0.0,0.0,2015-06-22,0,0.0,0.0,0.0,0.0,0.0
2015,6,21,7,US,2010,N181UW,PHX,LAX,2250,2258.0,8.0,10.0,2308.0,87.0,82.0,60.0,370,8.0,12.0,17,20.0,3.0,0,0,,0.0,0.0,0.0,0.0,0.0,2015-06-21,0,0.0,0.0,0.0,0.0,0.0
2015,6,30,2,B6,127,N624JB,EWR,MCO,1129,1119.0,-10.0,18.0,1137.0,151.0,159.0,135.0,937,1352.0,6.0,1400,1358.0,-2.0,0,0,,0.0,0.0,0.0,0.0,0.0,2015-06-30,0,0.0,0.0,0.0,0.0,0.0
2015,7,12,7,AA,2379,N5ELAA,MIA,STT,1900,1904.0,4.0,17.0,1921.0,164.0,162.0,142.0,1107,2143.0,3.0,2144,2146.0,2.0,0,0,,0.0,0.0,0.0,0.0,0.0,2015-07-12,0,0.0,0.0,0.0,0.0,0.0
2015,6,20,6,OO,4743,N679CA,SNA,SLC,1829,1829.0,0.0,10.0,1839.0,99.0,96.0,82.0,588,2101.0,4.0,2108,2105.0,-3.0,0,0,,0.0,0.0,0.0,0.0,0.0,2015-06-20,0,0.0,0.0,0.0,0.0,0.0
2015,7,19,7,EV,5331,N849AS,ATL,AVL,1835,2012.0,97.0,11.0,2023.0,59.0,48.0,33.0,164,2056.0,4.0,1934,2100.0,86.0,0,0,,0.0,0.0,0.0,86.0,0.0,2015-07-19,1,0.0,0.0,0.0,88.66,0.0
2015,6,24,3,EV,5116,N754EV,LGA,CLE,1725,1721.0,-4.0,37.0,1758.0,117.0,110.0,67.0,419,1905.0,6.0,1922,1911.0,-11.0,0,0,,0.0,0.0,0.0,0.0,0.0,2015-06-24,0,0.0,0.0,0.0,0.0,0.0
2015,7,12,7,WN,4745,N7738A,MCI,TPA,1735,1834.0,59.0,12.0,1846.0,155.0,148.0,131.0,1048,2157.0,5.0,2110,2202.0,52.0,0,0,,0.0,0.0,0.0,52.0,0.0,2015-07-12,1,0.0,0.0,0.0,88.14,0.0
2015,7,17,5,EV,4611,N14923,ATW,ORD,550,547.0,-3.0,16.0,603.0,60.0,62.0,38.0,160,641.0,8.0,650,649.0,-1.0,0,0,,0.0,0.0,0.0,0.0,0.0,2015-07-17,0,0.0,0.0,0.0,0.0,0.0
2015,7,18,6,OO,5625,N693BR,SFO,BFL,1550,1544.0,-6.0,14.0,1558.0,77.0,58.0,40.0,238,1638.0,4.0,1707,1642.0,-25.0,0,0,,0.0,0.0,0.0,0.0,0.0,2015-07-18,0,0.0,0.0,0.0,0.0,0.0
2015,7,7,2,AA,674,N762US,ONT,PHX,1925,1918.0,-7.0,10.0,1928.0,72.0,67.0,52.0,325,2020.0,5.0,2037,2025.0,-12.0,0,0,,0.0,0.0,0.0,0.0,0.0,2015-07-07,0,0.0,0.0,0.0,0.0,0.0
2015,6,15,1,NK,610,N522NK,FLL,BOS,900,1248.0,228.0,12.0,1300.0,188.0,189.0,164.0,1237,1544.0,13.0,1208,1557.0,229.0,0,0,,1.0,0.0,5.0,223.0,0.0,2015-06-15,1,0.44,0.0,2.19,97.81,0.0
2015,6,24,3,DL,764,N696DL,MKE,ATL,958,955.0,-3.0,9.0,1004.0,118.0,100.0,87.0,669,1231.0,4.0,1256,1235.0,-21.0,0,0,,0.0,0.0,0.0,0.0,0.0,2015-06-24,0,0.0,0.0,0.0,0.0,0.0
2015,6,20,6,WN,3370,N292WN,SJC,LAS,1955,1955.0,0.0,9.0,2004.0,80.0,71.0,57.0,386,2101.0,5.0,2115,2106.0,-9.0,0,0,,0.0,0.0,0.0,0.0,0.0,2015-06-20,0,0.0,0.0,0.0,0.0,0.0
2015,7,8,3,OO,6247,N784SK,OTH,DEN,1400,1355.0,-5.0,19.0,1414.0,153.0,177.0,145.0,1040,1739.0,13.0,1733,1752.0,19.0,0,0,,19.0,0.0,0.0,0.0,0.0,2015-07-08,0,-380.0,-0.0,-0.0,-0.0,-0.0
2015,6,14,7,OO,5160,N765SK,IAH,ONT,919,912.0,-7.0,34.0,946.0,209.0,232.0,182.0,1334,1048.0,16.0,1048,1104.0,16.0,0,0,,16.0,0.0,0.0,0.0,0.0,2015-06-14,0,-228.57,-0.0,-0.0,-0.0,-0.0
2015,7,7,2,WN,4393,N7736A,TUS,SAN,1240,1240.0,0.0,10.0,1250.0,70.0,69.0,57.0,368,1347.0,2.0,1350,1349.0,-1.0,0,0,,0.0,0.0,0.0,0.0,0.0,2015-07-07,0,0.0,0.0,0.0,0.0,0.0
2015,7,9,4,AA,1937,N549UW,CLT,BOS,1130,1128.0,-2.0,15.0,1143.0,131.0,123.0,95.0,728,1318.0,13.0,1341,1331.0,-10.0,0,0,,0.0,0.0,0.0,0.0,0.0,2015-07-09,0,0.0,0.0,0.0,0.0,0.0
2015,7,14,2,WN,4107,N7744A,BUF,MCO,1205,1205.0,0.0,7.0,1212.0,160.0,146.0,132.0,1011,1424.0,7.0,1445,1431.0,-14.0,0,0,,0.0,0.0,0.0,0.0,0.0,2015-07-14,0,0.0,0.0,0.0,0.0,0.0
2015,7,18,6,AA,1721,N921US,DFW,CLT,1210,1210.0,0.0,21.0,1231.0,164.0,210.0,180.0,936,1631.0,9.0,1554,1640.0,46.0,0,0,,46.0,0.0,0.0,0.0,0.0,2015-07-18,0,inf,0.0,0.0,0.0,0.0
2015,7,2,4,B6,299,N625JB,LGA,MCO,1730,1930.0,120.0,26.0,1956.0,170.0,155.0,126.0,950,2202.0,3.0,2020,2205.0,105.0,0,0,,0.0,0.0,2.0,103.0,0.0,2015-07-02,1,0.0,0.0,1.67,85.83,0.0
2015,7,10,5,EV,5491,N131EV,OAJ,ATL,600,552.0,-8.0,13.0,605.0,84.0,75.0,58.0,399,703.0,4.0,724,707.0,-17.0,0,0,,0.0,0.0,0.0,0.0,0.0,2015-07-10,0,0.0,0.0,0.0,0.0,0.0
2015,6,27,6,WN,4578,N7703A,LAX,ATL,655,727.0,32.0,8.0,735.0,270.0,271.0,254.0,1947,1449.0,9.0,1425,1458.0,33.0,0,0,,1.0,0.0,32.0,0.0,0.0,2015-06-27,1,3.12,0.0,100.0,0.0,0.0
2015,7,22,3,UA,797,N853UA,EWR,LAX,600,559.0,-1.0,19.0,618.0,363.0,357.0,328.0,2454,846.0,10.0,903,856.0,-7.0,0,0,,0.0,0.0,0.0,0.0,0.0,2015-07-22,0,0.0,0.0,0.0,0.0,0.0
2015,6,27,6,WN,1894,N8610A,DCA,DAL,1950,1947.0,-3.0,13.0,2000.0,190.0,190.0,168.0,1184,2148.0,9.0,2200,2157.0,-3.0,0,0,,0.0,0.0,0.0,0.0,0.0,2015-06-27,0,0.0,0.0,0.0,0.0,0.0
2015,6,19,5,EV,4496,N11140,CRP,IAH,1713,1831.0,78.0,11.0,1842.0,66.0,59.0,39.0,201,1921.0,9.0,1819,1930.0,71.0,0,0,,0.0,0.0,0.0,71.0,0.0,2015-06-19,1,0.0,0.0,0.0,91.03,0.0
2015,7,18,6,B6,1185,N206JB,JFK,RDU,1836,1845.0,9.0,46.0,1931.0,122.0,114.0,63.0,427,2034.0,5.0,2038,2039.0,1.0,0,0,,0.0,0.0,0.0,0.0,0.0,2015-07-18,0,0.0,0.0,0.0,0.0,0.0
2015,6,17,3,WN,3324,N391SW,RSW,IND,1520,1521.0,1.0,11.0,1532.0,150.0,147.0,131.0,945,1743.0,5.0,1750,1748.0,-2.0,0,0,,0.0,0.0,0.0,0.0,0.0,2015-06-17,0,0.0,0.0,0.0,0.0,0.0
2015,6,18,4,WN,599,N520SW,SAT,DAL,1950,2035.0,45.0,8.0,2043.0,60.0,63.0,42.0,248,2125.0,13.0,2050,2138.0,48.0,0,0,,3.0,0.0,36.0,9.0,0.0,2015-06-18,1,6.67,0.0,80.0,20.0,0.0
2015,7,12,7,HA,20,N583HA,HNL,SMF,1245,1244.0,-1.0,19.0,1303.0,310.0,312.0,287.0,2462,2050.0,6.0,2055,2056.0,1.0,0,0,,0.0,0.0,0.0,0.0,0.0,2015-07-12,0,0.0,0.0,0.0,0.0,0.0
2015,6,23,2,DL,1772,N6715C,PHX,ATL,1309,1309.0,0.0,16.0,1325.0,233.0,229.0,203.0,1587,1948.0,10.0,2002,1958.0,-4.0,0,0,,0.0,0.0,0.0,0.0,0.0,2015-06-23,0,0.0,0.0,0.0,0.0,0.0
2015,7,5,7,WN,1302,N7705A,LAX,SMF,1120,1114.0,-6.0,29.0,1143.0,75.0,91.0,58.0,373,1241.0,4.0,1235,1245.0,10.0,0,0,,0.0,0.0,0.0,0.0,0.0,2015-07-05,0,0.0,0.0,0.0,0.0,0.0
2015,6,28,7,WN,4100,N7731A,SAT,MCO,1555,1622.0,27.0,7.0,1629.0,170.0,148.0,132.0,1041,1941.0,9.0,1945,1950.0,5.0,0,0,,0.0,0.0,0.0,0.0,0.0,2015-06-28,1,0.0,0.0,0.0,0.0,0.0
2015,7,2,4,WN,1267,N233LV,BUF,BWI,1025,1019.0,-6.0,9.0,1028.0,65.0,60.0,46.0,281,1114.0,5.0,1130,1119.0,-11.0,0,0,,0.0,0.0,0.0,0.0,0.0,2015-07-02,0,0.0,0.0,0.0,0.0,0.0
2015,7,13,1,UA,1968,N67827,SAN,EWR,2135,2144.0,9.0,14.0,2158.0,314.0,300.0,279.0,2425,537.0,7.0,549,544.0,-5.0,0,0,,0.0,0.0,0.0,0.0,0.0,2015-07-13,0,0.0,0.0,0.0,0.0,0.0
2015,6,22,1,WN,4543,N8653A,FLL,SJU,2015,2011.0,-4.0,13.0,2024.0,160.0,146.0,128.0,1046,2232.0,5.0,2255,2237.0,-18.0,0,0,,0.0,0.0,0.0,0.0,0.0,2015-06-22,0,0.0,0.0,0.0,0.0,0.0
2015,7,16,4,OO,5543,N507CA,BOI,SFO,1041,1031.0,-10.0,40.0,1111.0,112.0,129.0,85.0,522,1136.0,4.0,1133,1140.0,7.0,0,0,,0.0,0.0,0.0,0.0,0.0,2015-07-16,0,0.0,0.0,0.0,0.0,0.0
2015,7,16,4,OO,6293,N932SW,ACV,SFO,2005,1952.0,-13.0,11.0,2003.0,67.0,60.0,46.0,250,2049.0,3.0,2112,2052.0,-20.0,0,0,,0.0,0.0,0.0,0.0,0.0,2015-07-16,0,0.0,0.0,0.0,0.0,0.0
2015,7,9,4,DL,1146,N911DL,DAB,ATL,730,726.0,-4.0,13.0,739.0,86.0,82.0,56.0,366,835.0,13.0,856,848.0,-8.0,0,0,,0.0,0.0,0.0,0.0,0.0,2015-07-09,0,0.0,0.0,0.0,0.0,0.0
2015,7,8,3,WN,56,N633SW,HOU,DAL,1930,1944.0,14.0,8.0,1952.0,60.0,55.0,40.0,239,2032.0,7.0,2030,2039.0,9.0,0,0,,0.0,0.0,0.0,0.0,0.0,2015-07-08,0,0.0,0.0,0.0,0.0,0.0
2015,7,6,1,OO,6417,N797SK,SFO,SNA,1538,1534.0,-4.0,17.0,1551.0,98.0,92.0,69.0,372,1700.0,6.0,1716,1706.0,-10.0,0,0,,0.0,0.0,0.0,0.0,0.0,2015-07-06,0,0.0,0.0,0.0,0.0,0.0
2015,6,18,4,WN,266,N387SW,IND,MCO,555,551.0,-4.0,10.0,601.0,130.0,127.0,110.0,829,751.0,7.0,805,758.0,-7.0,0,0,,0.0,0.0,0.0,0.0,0.0,2015-06-18,0,0.0,0.0,0.0,0.0,0.0
2015,6,19,5,UA,621,N473UA,IAH,MSY,2125,2144.0,19.0,12.0,2156.0,70.0,56.0,41.0,305,2237.0,3.0,2235,2240.0,5.0,0,0,,0.0,0.0,0.0,0.0,0.0,2015-06-19,1,0.0,0.0,0.0,0.0,0.0
2015,7,14,2,B6,1237,N827JB,BOS,DTW,1615,1711.0,56.0,22.0,1733.0,134.0,128.0,103.0,632,1916.0,3.0,1829,1919.0,50.0,0,0,,0.0,0.0,50.0,0.0,0.0,2015-07-14,1,0.0,0.0,89.29,0.0,0.0
2015,6,23,2,AA,144,N467AA,LBB,DFW,816,812.0,-4.0,11.0,823.0,74.0,67.0,45.0,282,908.0,11.0,930,919.0,-11.0,0,0,,0.0,0.0,0.0,0.0,0.0,2015-06-23,0,0.0,0.0,0.0,0.0,0.0
2015,7,6,1,UA,520,N419UA,MSY,EWR,1210,1206.0,-4.0,11.0,1217.0,187.0,170.0,151.0,1167,1548.0,8.0,1617,1556.0,-21.0,0,0,,0.0,0.0,0.0,0.0,0.0,2015-07-06,0,0.0,0.0,0.0,0.0,0.0
2015,7,20,1,WN,696,N7742B,OAK,BUR,1420,1418.0,-2.0,6.0,1424.0,65.0,60.0,51.0,325,1515.0,3.0,1525,1518.0,-7.0,0,0,,0.0,0.0,0.0,0.0,0.0,2015-07-20,0,0.0,0.0,0.0,0.0,0.0
2015,6,17,3,US,1972,N174US,CLT,EWR,1505,1620.0,75.0,15.0,1635.0,112.0,103.0,81.0,529,1756.0,7.0,1657,1803.0,66.0,0,0,,0.0,0.0,6.0,60.0,0.0,2015-06-17,1,0.0,0.0,8.0,80.0,0.0
2015,6,27,6,B6,804,N590JB,SJU,JFK,2006,2015.0,9.0,8.0,2023.0,233.0,216.0,204.0,1598,2347.0,4.0,2359,2351.0,-8.0,0,0,,0.0,0.0,0.0,0.0,0.0,2015-06-27,0,0.0,0.0,0.0,0.0,0.0
2015,6,16,2,AA,102,N387AA,HNL,DFW,2043,2039.0,-4.0,31.0,2110.0,457.0,477.0,435.0,3784,925.0,11.0,920,936.0,16.0,0,0,,16.0,0.0,0.0,0.0,0.0,2015-06-16,0,-400.0,-0.0,-0.0,-0.0,-0.0
2015,6,24,3,DL,2764,N987AT,SFO,LAX,1900,2322.0,262.0,20.0,2342.0,90.0,79.0,53.0,337,35.0,6.0,2030,41.0,251.0,0,0,,0.0,0.0,0.0,251.0,0.0,2015-06-24,1,0.0,0.0,0.0,95.8,0.0
2015,7,7,2,EV,4735,N13975,CLE,MKE,706,738.0,32.0,14.0,752.0,80.0,78.0,61.0,328,753.0,3.0,726,756.0,30.0,0,0,,30.0,0.0,0.0,0.0,0.0,2015-07-07,1,93.75,0.0,0.0,0.0,0.0
2015,7,10,5,WN,1721,N797MX,PDX,PHX,2155,2209.0,14.0,12.0,2221.0,155.0,153.0,135.0,1009,36.0,6.0,30,42.0,12.0,0,0,,0.0,0.0,0.0,0.0,0.0,2015-07-10,0,0.0,0.0,0.0,0.0,0.0
2015,7,10,5,UA,575,N854UA,CLE,ORD,1555,1551.0,-4.0,15.0,1606.0,94.0,73.0,51.0,315,1557.0,7.0,1629,1604.0,-25.0,0,0,,0.0,0.0,0.0,0.0,0.0,2015-07-10,0,0.0,0.0,0.0,0.0,0.0
2015,6,22,1,WN,876,N659SW,LAS,ABQ,1530,1606.0,36.0,11.0,1617.0,85.0,84.0,67.0,486,1824.0,6.0,1755,1830.0,35.0,0,0,,0.0,0.0,35.0,0.0,0.0,2015-06-22,1,0.0,0.0,97.22,0.0,0.0
2015,7,5,7,AA,2260,N4XPAA,DFW,PSP,1705,1700.0,-5.0,20.0,1720.0,183.0,170.0,145.0,1126,1745.0,5.0,1808,1750.0,-18.0,0,0,,0.0,0.0,0.0,0.0,0.0,2015-07-05,0,0.0,0.0,0.0,0.0,0.0
2015,6,29,1,EV,4170,N11107,MKE,EWR,1609,1612.0,3.0,13.0,1625.0,135.0,132.0,110.0,725,1915.0,9.0,1924,1924.0,0.0,0,0,,0.0,0.0,0.0,0.0,0.0,2015-06-29,0,0.0,0.0,0.0,0.0,0.0
2015,7,8,3,AA,2152,N965UW,LGA,BOS,700,653.0,-7.0,12.0,705.0,68.0,63.0,44.0,184,749.0,7.0,808,756.0,-12.0,0,0,,0.0,0.0,0.0,0.0,0.0,2015-07-08,0,0.0,0.0,0.0,0.0,0.0
2015,7,14,2,WN,109,N524SW,OKC,HOU,1530,1524.0,-6.0,11.0,1535.0,80.0,82.0,66.0,419,1641.0,5.0,1650,1646.0,-4.0,0,0,,0.0,0.0,0.0,0.0,0.0,2015-07-14,0,0.0,0.0,0.0,0.0,0.0
2015,7,20,1,OO,4749,N805SK,ONT,SLC,1630,1629.0,-1.0,33.0,1702.0,102.0,122.0,79.0,558,1921.0,10.0,1912,1931.0,19.0,0,0,,19.0,0.0,0.0,0.0,0.0,2015-07-20,0,-1900.0,-0.0,-0.0,-0.0,-0.0
2015,6,16,2,EV,2623,N903EV,DFW,CAE,710,708.0,-2.0,21.0,729.0,154.0,154.0,130.0,922,1039.0,3.0,1044,1042.0,-2.0,0,0,,0.0,0.0,0.0,0.0,0.0,2015-06-16,0,0.0,0.0,0.0,0.0,0.0
2015,6,17,3,WN,2702,N718SW,RSW,MDW,800,755.0,-5.0,9.0,804.0,170.0,162.0,147.0,1105,931.0,6.0,950,937.0,-13.0,0,0,,0.0,0.0,0.0,0.0,0.0,2015-06-17,0,0.0,0.0,0.0,0.0,0.0
2015,6,16,2,AA,1062,N4XUAA,DFW,MCI,710,703.0,-7.0,21.0,724.0,100.0,99.0,65.0,460,829.0,13.0,850,842.0,-8.0,0,0,,0.0,0.0,0.0,0.0,0.0,2015-06-16,0,0.0,0.0,0.0,0.0,0.0
2015,7,15,3,F9,1290,N947FR,AUS,ORD,1000,1036.0,36.0,11.0,1047.0,155.0,151.0,134.0,978,1301.0,6.0,1235,1307.0,32.0,0,0,,18.0,0.0,4.0,10.0,0.0,2015-07-15,1,50.0,0.0,11.11,27.78,0.0
2015,7,10,5,AA,1856,N560UW,PHX,PHL,700,656.0,-4.0,19.0,715.0,276.0,285.0,261.0,2075,1436.0,5.0,1436,1441.0,5.0,0,0,,0.0,0.0,0.0,0.0,0.0,2015-07-10,0,0.0,0.0,0.0,0.0,0.0
2015,7,7,2,AA,563,N920US,DCA,PHX,1715,1730.0,15.0,17.0,1747.0,293.0,279.0,256.0,1979,1903.0,6.0,1908,1909.0,1.0,0,0,,0.0,0.0,0.0,0.0,0.0,2015-07-07,0,0.0,0.0,0.0,0.0,0.0
2015,6,25,4,WN,1425,N413WN,ABQ,LAS,545,542.0,-3.0,10.0,552.0,90.0,82.0,69.0,486,601.0,3.0,615,604.0,-11.0,0,0,,0.0,0.0,0.0,0.0,0.0,2015-06-25,0,0.0,0.0,0.0,0.0,0.0
2015,7,19,7,WN,182,N796SW,BNA,PHX,2035,2050.0,15.0,6.0,2056.0,215.0,199.0,186.0,1449,2202.0,7.0,2210,2209.0,-1.0,0,0,,0.0,0.0,0.0,0.0,0.0,2015-07-19,0,0.0,0.0,0.0,0.0,0.0
2015,7,5,7,WN,530,N7707C,MDW,DAL,545,541.0,-4.0,14.0,555.0,130.0,118.0,102.0,793,737.0,2.0,755,739.0,-16.0,0,0,,0.0,0.0,0.0,0.0,0.0,2015-07-05,0,0.0,0.0,0.0,0.0,0.0
2015,7,16,4,WN,688,N687SW,CMH,BWI,2155,2202.0,7.0,10.0,2212.0,80.0,74.0,54.0,337,2306.0,10.0,2315,2316.0,1.0,0,0,,0.0,0.0,0.0,0.0,0.0,2015-07-16,0,0.0,0.0,0.0,0.0,0.0
2015,7,14,2,UA,1763,N78524,EWR,MSY,955,1003.0,8.0,10.0,1013.0,194.0,166.0,151.0,1167,1144.0,5.0,1209,1149.0,-20.0,0,0,,0.0,0.0,0.0,0.0,0.0,2015-07-14,0,0.0,0.0,0.0,0.0,0.0
2015,7,15,3,UA,466,N452UA,SAN,SFO,1314,1343.0,29.0,16.0,1359.0,101.0,96.0,69.0,447,1508.0,11.0,1455,1519.0,24.0,0,0,,0.0,0.0,0.0,24.0,0.0,2015-07-15,1,0.0,0.0,0.0,82.76,0.0
2015,7,18,6,EV,4217,N15574,BRO,IAH,1051,1042.0,-9.0,13.0,1055.0,79.0,74.0,53.0,308,1148.0,8.0,1210,1156.0,-14.0,0,0,,0.0,0.0,0.0,0.0,0.0,2015-07-18,0,0.0,0.0,0.0,0.0,0.0
2015,7,19,7,WN,585,N670SW,PDX,LAS,1940,1941.0,1.0,8.0,1949.0,130.0,120.0,107.0,763,2136.0,5.0,2150,2141.0,-9.0,0,0,,0.0,0.0,0.0,0.0,0.0,2015-07-19,0,0.0,0.0,0.0,0.0,0.0
2015,7,22,3,F9,735,N953FR,ATL,CVG,810,808.0,-2.0,12.0,820.0,85.0,78.0,59.0,373,919.0,7.0,935,926.0,-9.0,0,0,,0.0,0.0,0.0,0.0,0.0,2015-07-22,0,0.0,0.0,0.0,0.0,0.0
2015,6,20,6,EV,5236,N860AS,ATL,MOB,1245,1244.0,-1.0,20.0,1304.0,71.0,73.0,49.0,302,1253.0,4.0,1256,1257.0,1.0,0,0,,0.0,0.0,0.0,0.0,0.0,2015-06-20,0,0.0,0.0,0.0,0.0,0.0
2015,7,13,1,AA,2215,N4YSAA,DTW,DFW,750,746.0,-4.0,14.0,800.0,174.0,157.0,129.0,986,909.0,14.0,944,923.0,-21.0,0,0,,0.0,0.0,0.0,0.0,0.0,2015-07-13,0,0.0,0.0,0.0,0.0,0.0
2015,7,11,6,DL,2338,N963DN,ATL,DCA,1020,1017.0,-3.0,16.0,1033.0,107.0,98.0,78.0,547,1151.0,4.0,1207,1155.0,-12.0,0,0,,0.0,0.0,0.0,0.0,0.0,2015-07-11,0,0.0,0.0,0.0,0.0,0.0
2015,7,12,7,OO,4487,N822SK,LAX,BOI,2100,2116.0,16.0,16.0,2132.0,125.0,115.0,94.0,674,6.0,5.0,5,11.0,6.0,0,0,,0.0,0.0,0.0,0.0,0.0,2015-07-12,1,0.0,0.0,0.0,0.0,0.0
2015,6,25,4,US,636,N161UW,PHX,LAS,1655,1702.0,7.0,10.0,1712.0,66.0,58.0,41.0,255,1753.0,7.0,1801,1800.0,-1.0,0,0,,0.0,0.0,0.0,0.0,0.0,2015-06-25,0,0.0,0.0,0.0,0.0,0.0
2015,7,20,1,EV,3931,N15973,ORD,ICT,913,907.0,-6.0,23.0,930.0,119.0,126.0,98.0,588,1108.0,5.0,1112,1113.0,1.0,0,0,,0.0,0.0,0.0,0.0,0.0,2015-07-20,0,0.0,0.0,0.0,0.0,0.0
2015,6,24,3,EV,4355,N14902,JAX,IAH,1859,1852.0,-7.0,14.0,1906.0,141.0,133.0,112.0,817,1958.0,7.0,2020,2005.0,-15.0,0,0,,0.0,0.0,0.0,0.0,0.0,2015-06-24,0,0.0,0.0,0.0,0.0,0.0
2015,6,19,5,F9,223,N210FR,IAD,ATL,1250,1246.0,-4.0,17.0,1303.0,110.0,103.0,79.0,534,1422.0,7.0,1440,1429.0,-11.0,0,0,,0.0,0.0,0.0,0.0,0.0,2015-06-19,0,0.0,0.0,0.0,0.0,0.0
2015,6,22,1,B6,431,N603JB,LGA,SRQ,1330,1322.0,-8.0,21.0,1343.0,187.0,165.0,139.0,1047,1602.0,5.0,1637,1607.0,-30.0,0,0,,0.0,0.0,0.0,0.0,0.0,2015-06-22,0,0.0,0.0,0.0,0.0,0.0
2015,7,3,5,EV,5584,N841AS,ATL,AVL,1344,1451.0,67.0,14.0,1505.0,55.0,51.0,35.0,164,1540.0,2.0,1439,1542.0,63.0,0,0,,0.0,0.0,38.0,25.0,0.0,2015-07-03,1,0.0,0.0,56.72,37.31,0.0
2015,6,29,1,B6,783,N337JB,BOS,RDU,2101,2054.0,-7.0,13.0,2107.0,113.0,114.0,96.0,612,2243.0,5.0,2254,2248.0,-6.0,0,0,,0.0,0.0,0.0,0.0,0.0,2015-06-29,0,0.0,0.0,0.0,0.0,0.0
2015,7,8,3,AA,175,N3GPAA,DCA,DFW,659,655.0,-4.0,15.0,710.0,193.0,202.0,172.0,1192,902.0,15.0,912,917.0,5.0,0,0,,0.0,0.0,0.0,0.0,0.0,2015-07-08,0,0.0,0.0,0.0,0.0,0.0
2015,7,14,2,DL,2086,N960DN,ATL,LGA,1845,1925.0,40.0,27.0,1952.0,148.0,149.0,108.0,762,2140.0,14.0,2113,2154.0,41.0,0,0,,41.0,0.0,0.0,0.0,0.0,2015-07-14,1,102.5,0.0,0.0,0.0,0.0
2015,6,22,1,EV,5677,N13979,CVG,EWR,904,859.0,-5.0,10.0,909.0,120.0,106.0,89.0,569,1038.0,7.0,1104,1045.0,-19.0,0,0,,0.0,0.0,0.0,0.0,0.0,2015-06-22,0,0.0,0.0,0.0,0.0,0.0
2015,6,25,4,MQ,3300,N928MQ,ORD,DAY,820,817.0,-3.0,14.0,831.0,71.0,63.0,41.0,240,1012.0,8.0,1031,1020.0,-11.0,0,0,,0.0,0.0,0.0,0.0,0.0,2015-06-25,0,0.0,0.0,0.0,0.0,0.0
2015,7,6,1,AA,1836,N922US,PHX,LAS,1035,1027.0,-8.0,17.0,1044.0,74.0,72.0,47.0,255,1131.0,8.0,1149,1139.0,-10.0,0,0,,0.0,0.0,0.0,0.0,0.0,2015-07-06,0,0.0,0.0,0.0,0.0,0.0
2015,7,10,5,AA,2272,N571AA,SAT,DFW,600,548.0,-12.0,16.0,604.0,72.0,74.0,42.0,247,646.0,16.0,712,702.0,-10.0,0,0,,0.0,0.0,0.0,0.0,0.0,2015-07-10,0,0.0,0.0,0.0,0.0,0.0
2015,7,1,3,MQ,3182,N642MQ,ORD,FNT,836,835.0,-1.0,22.0,857.0,68.0,67.0,41.0,223,1038.0,4.0,1044,1042.0,-2.0,0,0,,0.0,0.0,0.0,0.0,0.0,2015-07-01,0,0.0,0.0,0.0,0.0,0.0
2015,6,27,6,WN,4441,N468WN,BWI,BDL,1140,1154.0,14.0,10.0,1204.0,70.0,60.0,44.0,283,1248.0,6.0,1250,1254.0,4.0,0,0,,0.0,0.0,0.0,0.0,0.0,2015-06-27,0,0.0,0.0,0.0,0.0,0.0
2015,7,10,5,AA,82,N3DTAA,DFW,SFO,1200,1259.0,59.0,34.0,1333.0,230.0,236.0,198.0,1464,1451.0,4.0,1350,1455.0,65.0,0,0,,65.0,0.0,0.0,0.0,0.0,2015-07-10,1,110.17,0.0,0.0,0.0,0.0
2015,7,6,1,WN,121,N8609A,BNA,DEN,1540,1539.0,-1.0,10.0,1549.0,170.0,152.0,134.0,1014,1703.0,8.0,1730,1711.0,-19.0,0,0,,0.0,0.0,0.0,0.0,0.0,2015-07-06,0,0.0,0.0,0.0,0.0,0.0
2015,6,30,2,WN,3508,N374SW,ATL,MCO,1900,1904.0,4.0,7.0,1911.0,95.0,69.0,59.0,404,2010.0,3.0,2035,2013.0,-22.0,0,0,,0.0,0.0,0.0,0.0,0.0,2015-06-30,0,0.0,0.0,0.0,0.0,0.0
2015,7,14,2,B6,475,N632JB,PVD,MCO,610,559.0,-11.0,12.0,611.0,169.0,155.0,139.0,1072,830.0,4.0,859,834.0,-25.0,0,0,,0.0,0.0,0.0,0.0,0.0,2015-07-14,0,0.0,0.0,0.0,0.0,0.0
2015,6,19,5,WN,3948,N428WN,SFO,SAN,1635,1808.0,93.0,5.0,1813.0,90.0,76.0,68.0,447,1921.0,3.0,1805,1924.0,79.0,0,0,,0.0,0.0,78.0,1.0,0.0,2015-06-19,1,0.0,0.0,83.87,1.08,0.0
2015,7,3,5,EV,5992,N12157,EWR,OMA,659,654.0,-5.0,18.0,712.0,194.0,193.0,171.0,1134,903.0,4.0,913,907.0,-6.0,0,0,,0.0,0.0,0.0,0.0,0.0,2015-07-03,0,0.0,0.0,0.0,0.0,0.0
2015,6,22,1,AA,2226,N394AA,MIA,ORD,825,819.0,-6.0,11.0,830.0,199.0,182.0,157.0,1197,1007.0,14.0,1044,1021.0,-23.0,0,0,,0.0,0.0,0.0,0.0,0.0,2015-06-22,0,0.0,0.0,0.0,0.0,0.0
2015,6,23,2,MQ,3499,N658MQ,GRR,DFW,1915,1911.0,-4.0,11.0,1922.0,165.0,152.0,130.0,931,2032.0,11.0,2100,2043.0,-17.0,0,0,,0.0,0.0,0.0,0.0,0.0,2015-06-23,0,0.0,0.0,0.0,0.0,0.0
2015,7,6,1,WN,2878,N738CB,LAX,OAK,1550,1600.0,10.0,12.0,1612.0,70.0,70.0,52.0,337,1704.0,6.0,1700,1710.0,10.0,0,0,,0.0,0.0,0.0,0.0,0.0,2015-07-06,0,0.0,0.0,0.0,0.0,0.0
2015,6,19,5,MQ,3522,N514MQ,LGA,CMH,830,823.0,-7.0,24.0,847.0,108.0,104.0,76.0,479,1003.0,4.0,1018,1007.0,-11.0,0,0,,0.0,0.0,0.0,0.0,0.0,2015-06-19,0,0.0,0.0,0.0,0.0,0.0
2015,7,14,2,WN,4472,N959WN,GEG,BOI,1600,1642.0,42.0,9.0,1651.0,60.0,55.0,43.0,287,1834.0,3.0,1800,1837.0,37.0,0,0,,0.0,0.0,2.0,35.0,0.0,2015-07-14,1,0.0,0.0,4.76,83.33,0.0
2015,6,19,5,DL,2849,N3752,BNA,LAX,1826,1837.0,11.0,13.0,1850.0,264.0,249.0,226.0,1797,2036.0,10.0,2050,2046.0,-4.0,0,0,,0.0,0.0,0.0,0.0,0.0,2015-06-19,0,0.0,0.0,0.0,0.0,0.0
2015,7,13,1,EV,5081,N979EV,ATL,BTR,2041,2041.0,0.0,11.0,2052.0,86.0,79.0,65.0,448,2057.0,3.0,2107,2100.0,-7.0,0,0,,0.0,0.0,0.0,0.0,0.0,2015-07-13,0,0.0,0.0,0.0,0.0,0.0
2015,7,13,1,OO,3432,N173SY,PDX,STL,1010,1001.0,-9.0,18.0,1019.0,235.0,224.0,201.0,1708,1540.0,5.0,1605,1545.0,-20.0,0,0,,0.0,0.0,0.0,0.0,0.0,2015-07-13,0,0.0,0.0,0.0,0.0,0.0
2015,6,25,4,US,567,N584UW,SAN,PHX,630,628.0,-2.0,31.0,659.0,88.0,94.0,53.0,304,752.0,10.0,758,802.0,4.0,0,0,,0.0,0.0,0.0,0.0,0.0,2015-06-25,0,0.0,0.0,0.0,0.0,0.0
2015,7,18,6,WN,4516,N259WN,ROC,MDW,645,639.0,-6.0,23.0,702.0,105.0,110.0,81.0,523,723.0,6.0,730,729.0,-1.0,0,0,,0.0,0.0,0.0,0.0,0.0,2015-07-18,0,0.0,0.0,0.0,0.0,0.0
2015,7,16,4,B6,14,N804JB,LGB,JFK,2110,2258.0,108.0,9.0,2307.0,315.0,304.0,289.0,2465,656.0,6.0,525,702.0,97.0,0,0,,0.0,0.0,0.0,97.0,0.0,2015-07-16,1,0.0,0.0,0.0,89.81,0.0
2015,7,12,7,DL,2311,N964AT,JFK,BOS,700,700.0,0.0,16.0,716.0,85.0,63.0,41.0,187,757.0,6.0,825,803.0,-22.0,0,0,,0.0,0.0,0.0,0.0,0.0,2015-07-12,0,0.0,0.0,0.0,0.0,0.0
2015,6,30,2,UA,1698,N37287,DEN,CLE,1418,1418.0,0.0,12.0,1430.0,175.0,171.0,152.0,1201,1902.0,7.0,1913,1909.0,-4.0,0,0,,0.0,0.0,0.0,0.0,0.0,2015-06-30,0,0.0,0.0,0.0,0.0,0.0
2015,6,25,4,UA,1151,N25705,DSM,ORD,1128,1208.0,40.0,12.0,1220.0,82.0,74.0,53.0,299,1313.0,9.0,1250,1322.0,32.0,0,0,,0.0,0.0,12.0,20.0,0.0,2015-06-25,1,0.0,0.0,30.0,50.0,0.0
2015,7,15,3,OO,5321,N908SW,ORD,DLH,2237,2223.0,-14.0,35.0,2258.0,98.0,107.0,69.0,397,7.0,3.0,15,10.0,-5.0,0,0,,0.0,0.0,0.0,0.0,0.0,2015-07-15,0,0.0,0.0,0.0,0.0,0.0
2015,7,15,3,DL,849,N360NB,MSY,ATL,615,614.0,-1.0,12.0,626.0,90.0,84.0,64.0,425,830.0,8.0,845,838.0,-7.0,0,0,,0.0,0.0,0.0,0.0,0.0,2015-07-15,0,0.0,0.0,0.0,0.0,0.0
2015,6,29,1,MQ,3136,N503MQ,ORD,STL,1101,1059.0,-2.0,17.0,1116.0,70.0,81.0,42.0,258,1158.0,22.0,1211,1220.0,9.0,0,0,,0.0,0.0,0.0,0.0,0.0,2015-06-29,0,0.0,0.0,0.0,0.0,0.0
2015,7,5,7,UA,792,N436UA,PHX,DEN,1611,1617.0,6.0,10.0,1627.0,107.0,109.0,92.0,602,1859.0,7.0,1858,1906.0,8.0,0,0,,0.0,0.0,0.0,0.0,0.0,2015-07-05,0,0.0,0.0,0.0,0.0,0.0
2015,7,15,3,AA,222,N3AFAA,SNA,DFW,1422,1422.0,0.0,11.0,1433.0,183.0,178.0,153.0,1205,1906.0,14.0,1925,1920.0,-5.0,0,0,,0.0,0.0,0.0,0.0,0.0,2015-07-15,0,0.0,0.0,0.0,0.0,0.0
2015,7,16,4,AA,346,N434AA,JAX,DFW,615,617.0,2.0,17.0,634.0,158.0,146.0,122.0,918,736.0,7.0,753,743.0,-10.0,0,0,,0.0,0.0,0.0,0.0,0.0,2015-07-16,0,0.0,0.0,0.0,0.0,0.0
2015,6,25,4,MQ,3173,N696MQ,ORD,CVG,737,730.0,-7.0,33.0,803.0,77.0,115.0,48.0,265,951.0,34.0,954,1025.0,31.0,0,0,,31.0,0.0,0.0,0.0,0.0,2015-06-25,0,-442.86,-0.0,-0.0,-0.0,-0.0
2015,7,19,7,WN,4731,N7723E,MDW,SFO,2020,2022.0,2.0,11.0,2033.0,285.0,273.0,256.0,1855,2249.0,6.0,2305,2255.0,-10.0,0,0,,0.0,0.0,0.0,0.0,0.0,2015-07-19,0,0.0,0.0,0.0,0.0,0.0
2015,6,30,2,DL,1307,N969DL,ATL,RIC,1539,1537.0,-2.0,29.0,1606.0,100.0,101.0,67.0,481,1713.0,5.0,1719,1718.0,-1.0,0,0,,0.0,0.0,0.0,0.0,0.0,2015-06-30,0,0.0,0.0,0.0,0.0,0.0
2015,6,19,5,B6,1475,N827JB,BOS,OAK,1925,1925.0,0.0,14.0,1939.0,391.0,381.0,362.0,2694,2241.0,5.0,2256,2246.0,-10.0,0,0,,0.0,0.0,0.0,0.0,0.0,2015-06-19,0,0.0,0.0,0.0,0.0,0.0
2015,6,25,4,EV,5105,N186PQ,ATL,JAN,1623,1657.0,34.0,23.0,1720.0,85.0,80.0,51.0,341,1711.0,6.0,1648,1717.0,29.0,0,0,,0.0,0.0,0.0,29.0,0.0,2015-06-25,1,0.0,0.0,0.0,85.29,0.0
2015,6,27,6,EV,2649,N901EV,FSM,DFW,1022,1037.0,15.0,8.0,1045.0,63.0,53.0,40.0,227,1125.0,5.0,1125,1130.0,5.0,0,0,,0.0,0.0,0.0,0.0,0.0,2015-06-27,0,0.0,0.0,0.0,0.0,0.0
2015,7,18,6,WN,4349,N621SW,JAX,ATL,1150,1141.0,-9.0,7.0,1148.0,70.0,67.0,45.0,270,1233.0,15.0,1300,1248.0,-12.0,0,0,,0.0,0.0,0.0,0.0,0.0,2015-07-18,0,0.0,0.0,0.0,0.0,0.0
2015,6,19,5,MQ,3615,N510MQ,ORD,CLE,720,723.0,3.0,21.0,744.0,83.0,71.0,47.0,315,931.0,3.0,943,934.0,-9.0,0,0,,0.0,0.0,0.0,0.0,0.0,2015-06-19,0,0.0,0.0,0.0,0.0,0.0
2015,7,11,6,EV,2639,N907EV,DFW,JAN,1045,1043.0,-2.0,23.0,1106.0,87.0,98.0,69.0,408,1215.0,6.0,1212,1221.0,9.0,0,0,,0.0,0.0,0.0,0.0,0.0,2015-07-11,0,0.0,0.0,0.0,0.0,0.0
2015,7,13,1,AA,975,N3GWAA,ABQ,DFW,800,804.0,4.0,11.0,815.0,107.0,93.0,78.0,569,1033.0,4.0,1047,1037.0,-10.0,0,0,,0.0,0.0,0.0,0.0,0.0,2015-07-13,0,0.0,0.0,0.0,0.0,0.0
2015,6,20,6,UA,1979,N28478,IAH,CLE,1602,1623.0,21.0,13.0,1636.0,166.0,154.0,136.0,1091,1952.0,5.0,1948,1957.0,9.0,0,0,,0.0,0.0,0.0,0.0,0.0,2015-06-20,1,0.0,0.0,0.0,0.0,0.0
2015,7,20,1,OO,3430,N170SY,SLC,PDX,730,729.0,-1.0,14.0,743.0,121.0,113.0,95.0,630,818.0,4.0,831,822.0,-9.0,0,0,,0.0,0.0,0.0,0.0,0.0,2015-07-20,0,0.0,0.0,0.0,0.0,0.0
2015,7,4,6,WN,2650,N8648A,MDW,LAX,1350,1354.0,4.0,10.0,1404.0,260.0,245.0,224.0,1750,1548.0,11.0,1610,1559.0,-11.0,0,0,,0.0,0.0,0.0,0.0,0.0,2015-07-04,0,0.0,0.0,0.0,0.0,0.0
2015,6,18,4,UA,234,N828UA,MFE,IAH,1055,2233.0,698.0,12.0,2245.0,77.0,66.0,47.0,316,2332.0,7.0,1212,2339.0,687.0,0,0,,0.0,0.0,687.0,0.0,0.0,2015-06-18,1,0.0,0.0,98.42,0.0,0.0
2015,6,23,2,OO,5243,N909SW,DAY,ORD,1725,1723.0,-2.0,8.0,1731.0,76.0,60.0,45.0,240,1716.0,7.0,1741,1723.0,-18.0,0,0,,0.0,0.0,0.0,0.0,0.0,2015-06-23,0,0.0,0.0,0.0,0.0,0.0
2015,7,20,1,WN,610,N779SW,LAS,SNA,1320,1547.0,147.0,9.0,1556.0,65.0,56.0,42.0,226,1638.0,5.0,1425,1643.0,138.0,0,0,,0.0,0.0,6.0,132.0,0.0,2015-07-20,1,0.0,0.0,4.08,89.8,0.0
2015,6,25,4,OO,6332,N959SW,DEN,GJT,1417,1416.0,-1.0,14.0,1430.0,58.0,54.0,36.0,212,1506.0,4.0,1515,1510.0,-5.0,0,0,,0.0,0.0,0.0,0.0,0.0,2015-06-25,0,0.0,0.0,0.0,0.0,0.0
2015,7,20,1,WN,921,N274WN,SEA,SAN,1845,1853.0,8.0,10.0,1903.0,165.0,150.0,135.0,1050,2118.0,5.0,2130,2123.0,-7.0,0,0,,0.0,0.0,0.0,0.0,0.0,2015-07-20,0,0.0,0.0,0.0,0.0,0.0
2015,6,16,2,DL,30,N933DL,DFW,ATL,1712,1718.0,6.0,31.0,1749.0,136.0,142.0,101.0,731,2030.0,10.0,2028,2040.0,12.0,0,0,,0.0,0.0,0.0,0.0,0.0,2015-06-16,0,0.0,0.0,0.0,0.0,0.0
2015,6,22,1,DL,1477,N380DA,ORD,ATL,700,729.0,29.0,18.0,747.0,118.0,108.0,82.0,606,1009.0,8.0,958,1017.0,19.0,0,0,,0.0,0.0,19.0,0.0,0.0,2015-06-22,1,0.0,0.0,65.52,0.0,0.0
2015,7,4,6,EV,4506,N12921,MLU,IAH,600,551.0,-9.0,14.0,605.0,67.0,63.0,43.0,262,648.0,6.0,707,654.0,-13.0,0,0,,0.0,0.0,0.0,0.0,0.0,2015-07-04,0,0.0,0.0,0.0,0.0,0.0
2015,6,20,6,MQ,3627,N514MQ,DTW,LGA,1600,1556.0,-4.0,35.0,1631.0,111.0,161.0,121.0,502,1832.0,5.0,1751,1837.0,46.0,0,0,,46.0,0.0,0.0,0.0,0.0,2015-06-20,0,-1150.0,-0.0,-0.0,-0.0,-0.0
2015,7,8,3,UA,1130,N39728,SNA,EWR,1630,1648.0,18.0,9.0,1657.0,312.0,290.0,273.0,2434,30.0,8.0,42,38.0,-4.0,0,0,,0.0,0.0,0.0,0.0,0.0,2015-07-08,1,0.0,0.0,0.0,0.0,0.0
2015,6,27,6,OO,6489,N790SK,COS,IAH,605,558.0,-7.0,13.0,611.0,145.0,126.0,105.0,809,856.0,8.0,930,904.0,-26.0,0,0,,0.0,0.0,0.0,0.0,0.0,2015-06-27,0,0.0,0.0,0.0,0.0,0.0
2015,7,14,2,OO,4562,N438SW,MSP,MOT,705,659.0,-6.0,13.0,712.0,98.0,86.0,67.0,449,819.0,6.0,843,825.0,-18.0,0,0,,0.0,0.0,0.0,0.0,0.0,2015-07-14,0,0.0,0.0,0.0,0.0,0.0
2015,7,17,5,WN,840,N424WN,PHL,MCO,1650,1736.0,46.0,10.0,1746.0,155.0,129.0,110.0,861,1936.0,9.0,1925,1945.0,20.0,0,0,,0.0,0.0,1.0,19.0,0.0,2015-07-17,1,0.0,0.0,2.17,41.3,0.0
2015,6,20,6,AA,397,N3GPAA,SJU,MIA,1317,1315.0,-2.0,26.0,1341.0,168.0,175.0,138.0,1045,1559.0,11.0,1605,1610.0,5.0,0,0,,0.0,0.0,0.0,0.0,0.0,2015-06-20,0,0.0,0.0,0.0,0.0,0.0
2015,7,1,3,NK,191,N527NK,DTW,MSP,1510,1541.0,31.0,9.0,1550.0,101.0,104.0,90.0,528,1620.0,5.0,1551,1625.0,34.0,0,0,,3.0,0.0,31.0,0.0,0.0,2015-07-01,1,9.68,0.0,100.0,0.0,0.0
2015,6,24,3,WN,343,N790SW,DEN,SJC,2115,2133.0,18.0,15.0,2148.0,150.0,145.0,124.0,948,2252.0,6.0,2245,2258.0,13.0,0,0,,0.0,0.0,0.0,0.0,0.0,2015-06-24,1,0.0,0.0,0.0,0.0,0.0
2015,6,27,6,EV,4563,N29917,IAD,CLE,815,811.0,-4.0,21.0,832.0,79.0,81.0,54.0,288,926.0,6.0,934,932.0,-2.0,0,0,,0.0,0.0,0.0,0.0,0.0,2015-06-27,0,0.0,0.0,0.0,0.0,0.0
2015,7,11,6,DL,773,N3749D,ATL,PDX,1300,1302.0,2.0,12.0,1314.0,306.0,286.0,272.0,2172,1446.0,2.0,1506,1448.0,-18.0,0,0,,0.0,0.0,0.0,0.0,0.0,2015-07-11,0,0.0,0.0,0.0,0.0,0.0
2015,6,23,2,DL,313,N354NB,PBI,LGA,1554,1725.0,91.0,13.0,1738.0,176.0,212.0,190.0,1035,2048.0,9.0,1850,2057.0,127.0,0,0,,127.0,0.0,0.0,0.0,0.0,2015-06-23,1,139.56,0.0,0.0,0.0,0.0
2015,6,29,1,AS,752,N302AS,SEA,MCI,1020,1020.0,0.0,23.0,1043.0,200.0,208.0,176.0,1489,1539.0,9.0,1540,1548.0,8.0,0,0,,0.0,0.0,0.0,0.0,0.0,2015-06-29,0,0.0,0.0,0.0,0.0,0.0
2015,7,8,3,EV,6062,N12145,CVG,ORD,1738,1728.0,-10.0,14.0,1742.0,81.0,75.0,53.0,265,1735.0,8.0,1759,1743.0,-16.0,0,0,,0.0,0.0,0.0,0.0,0.0,2015-07-08,0,0.0,0.0,0.0,0.0,0.0
2015,7,2,4,B6,1006,N715JB,LGB,SEA,1355,1352.0,-3.0,9.0,1401.0,149.0,145.0,126.0,965,1607.0,10.0,1624,1617.0,-7.0,0,0,,0.0,0.0,0.0,0.0,0.0,2015-07-02,0,0.0,0.0,0.0,0.0,0.0
2015,7,5,7,AA,2067,N757UW,CLT,DTW,1800,1757.0,-3.0,29.0,1826.0,111.0,116.0,77.0,500,1943.0,10.0,1951,1953.0,2.0,0,0,,0.0,0.0,0.0,0.0,0.0,2015-07-05,0,0.0,0.0,0.0,0.0,0.0
2015,7,9,4,DL,2104,N940DL,ATL,PVD,1515,1533.0,18.0,17.0,1550.0,157.0,146.0,123.0,903,1753.0,6.0,1752,1759.0,7.0,0,0,,0.0,0.0,0.0,0.0,0.0,2015-07-09,1,0.0,0.0,0.0,0.0,0.0
2015,7,7,2,OO,4807,N8968E,SLC,HLN,1107,1106.0,-1.0,21.0,1127.0,88.0,88.0,64.0,402,1231.0,3.0,1235,1234.0,-1.0,0,0,,0.0,0.0,0.0,0.0,0.0,2015-07-07,0,0.0,0.0,0.0,0.0,0.0
2015,6,15,1,WN,4411,N708SW,MSY,SAN,1410,1427.0,17.0,8.0,1435.0,225.0,208.0,197.0,1599,1552.0,3.0,1555,1555.0,0.0,0,0,,0.0,0.0,0.0,0.0,0.0,2015-06-15,1,0.0,0.0,0.0,0.0,0.0
2015,7,3,5,DL,826,N920DL,CLT,ATL,1825,1821.0,-4.0,28.0,1849.0,87.0,80.0,43.0,226,1932.0,9.0,1952,1941.0,-11.0,0,0,,0.0,0.0,0.0,0.0,0.0,2015-07-03,0,0.0,0.0,0.0,0.0,0.0
2015,7,4,6,F9,1071,N210FR,IAD,MIA,610,601.0,-9.0,15.0,616.0,155.0,168.0,148.0,921,844.0,5.0,845,849.0,4.0,0,0,,0.0,0.0,0.0,0.0,0.0,2015-07-04,0,0.0,0.0,0.0,0.0,0.0
2015,7,3,5,DL,678,N393DA,MSY,MSP,1555,1600.0,5.0,11.0,1611.0,162.0,160.0,139.0,1039,1830.0,10.0,1837,1840.0,3.0,0,0,,0.0,0.0,0.0,0.0,0.0,2015-07-03,0,0.0,0.0,0.0,0.0,0.0
2015,7,1,3,B6,2589,N504JB,LAS,SFO,1648,1740.0,52.0,12.0,1752.0,94.0,81.0,62.0,414,1854.0,7.0,1822,1901.0,39.0,0,0,,0.0,0.0,0.0,39.0,0.0,2015-07-01,1,0.0,0.0,0.0,75.0,0.0
2015,7,9,4,DL,1061,N3759,MCO,LAX,1907,1901.0,-6.0,14.0,1915.0,318.0,301.0,277.0,2218,2052.0,10.0,2125,2102.0,-23.0,0,0,,0.0,0.0,0.0,0.0,0.0,2015-07-09,0,0.0,0.0,0.0,0.0,0.0
2015,7,2,4,B6,1013,N789JB,JFK,LGB,1823,1830.0,7.0,34.0,1904.0,371.0,360.0,323.0,2465,2127.0,3.0,2134,2130.0,-4.0,0,0,,0.0,0.0,0.0,0.0,0.0,2015-07-02,0,0.0,0.0,0.0,0.0,0.0
2015,6,15,1,OO,4830,N809CA,ISN,MSP,1240,1223.0,-17.0,30.0,1253.0,104.0,111.0,74.0,546,1407.0,7.0,1424,1414.0,-10.0,0,0,,0.0,0.0,0.0,0.0,0.0,2015-06-15,0,0.0,0.0,0.0,0.0,0.0
2015,6,29,1,B6,1753,N190JB,FLL,SJU,1010,1017.0,7.0,14.0,1031.0,161.0,155.0,136.0,1046,1247.0,5.0,1251,1252.0,1.0,0,0,,0.0,0.0,0.0,0.0,0.0,2015-06-29,0,0.0,0.0,0.0,0.0,0.0
2015,7,9,4,EV,6087,N14916,FSD,ORD,1817,1814.0,-3.0,14.0,1828.0,99.0,108.0,65.0,462,1933.0,29.0,1956,2002.0,6.0,0,0,,0.0,0.0,0.0,0.0,0.0,2015-07-09,0,0.0,0.0,0.0,0.0,0.0
2015,7,4,6,EV,6105,N16147,CLT,IAH,625,623.0,-2.0,15.0,638.0,157.0,153.0,131.0,912,749.0,7.0,802,756.0,-6.0,0,0,,0.0,0.0,0.0,0.0,0.0,2015-07-04,0,0.0,0.0,0.0,0.0,0.0
2015,7,6,1,DL,845,N928DL,PBI,ATL,1220,1237.0,17.0,14.0,1251.0,114.0,101.0,76.0,545,1407.0,11.0,1414,1418.0,4.0,0,0,,0.0,0.0,0.0,0.0,0.0,2015-07-06,1,0.0,0.0,0.0,0.0,0.0
2015,6,23,2,DL,2304,N814DN,ATL,TPA,2205,2241.0,36.0,12.0,2253.0,89.0,70.0,55.0,406,2348.0,3.0,2334,2351.0,17.0,0,0,,0.0,0.0,17.0,0.0,0.0,2015-06-23,1,0.0,0.0,47.22,0.0,0.0
2015,6,28,7,MQ,3718,N933MQ,DFW,TUL,835,829.0,-6.0,11.0,840.0,65.0,59.0,45.0,237,925.0,3.0,940,928.0,-12.0,0,0,,0.0,0.0,0.0,0.0,0.0,2015-06-28,0,0.0,0.0,0.0,0.0,0.0
2015,6,29,1,WN,1098,N651SW,MKE,MCI,1640,1635.0,-5.0,8.0,1643.0,85.0,77.0,65.0,436,1748.0,4.0,1805,1752.0,-13.0,0,0,,0.0,0.0,0.0,0.0,0.0,2015-06-29,0,0.0,0.0,0.0,0.0,0.0
2015,7,2,4,MQ,3177,N830MQ,MGM,DFW,1905,1857.0,-8.0,9.0,1906.0,122.0,127.0,100.0,622,2046.0,18.0,2107,2104.0,-3.0,0,0,,0.0,0.0,0.0,0.0,0.0,2015-07-02,0,0.0,0.0,0.0,0.0,0.0
2015,7,12,7,OO,5204,N938SW,DSM,DEN,1730,1723.0,-7.0,10.0,1733.0,121.0,110.0,93.0,589,1806.0,7.0,1831,1813.0,-18.0,0,0,,0.0,0.0,0.0,0.0,0.0,2015-07-12,0,0.0,0.0,0.0,0.0,0.0
2015,7,17,5,UA,1212,N13718,ORD,JAC,1222,1222.0,0.0,18.0,1240.0,191.0,190.0,168.0,1162,1428.0,4.0,1433,1432.0,-1.0,0,0,,0.0,0.0,0.0,0.0,0.0,2015-07-17,0,0.0,0.0,0.0,0.0,0.0
2015,6,21,7,DL,2134,N939DN,PHX,MSP,1325,1317.0,-8.0,16.0,1333.0,185.0,183.0,158.0,1276,1811.0,9.0,1830,1820.0,-10.0,0,0,,0.0,0.0,0.0,0.0,0.0,2015-06-21,0,0.0,0.0,0.0,0.0,0.0
2015,7,21,2,WN,966,N372SW,BWI,SDF,825,820.0,-5.0,18.0,838.0,100.0,104.0,83.0,495,1001.0,3.0,1005,1004.0,-1.0,0,0,,0.0,0.0,0.0,0.0,0.0,2015-07-21,0,0.0,0.0,0.0,0.0,0.0
2015,6,21,7,HA,121,N479HA,ITO,HNL,849,842.0,-7.0,6.0,848.0,50.0,43.0,32.0,216,920.0,5.0,939,925.0,-14.0,0,0,,0.0,0.0,0.0,0.0,0.0,2015-06-21,0,0.0,0.0,0.0,0.0,0.0
2015,7,17,5,NK,657,N514NK,FLL,MSY,700,654.0,-6.0,12.0,706.0,114.0,107.0,89.0,674,735.0,6.0,754,741.0,-13.0,0,0,,0.0,0.0,0.0,0.0,0.0,2015-07-17,0,0.0,0.0,0.0,0.0,0.0
2015,6,22,1,WN,3846,N738CB,LGA,MKE,800,758.0,-2.0,15.0,813.0,140.0,128.0,108.0,738,901.0,5.0,920,906.0,-14.0,0,0,,0.0,0.0,0.0,0.0,0.0,2015-06-22,0,0.0,0.0,0.0,0.0,0.0
2015,6,19,5,MQ,3219,N531MQ,MSY,ORD,1818,1810.0,-8.0,11.0,1821.0,161.0,151.0,110.0,837,2011.0,30.0,2059,2041.0,-18.0,0,0,,0.0,0.0,0.0,0.0,0.0,2015-06-19,0,0.0,0.0,0.0,0.0,0.0
2015,6,16,2,EV,5435,N860AS,MLU,ATL,600,556.0,-4.0,12.0,608.0,90.0,100.0,77.0,448,825.0,11.0,830,836.0,6.0,0,0,,0.0,0.0,0.0,0.0,0.0,2015-06-16,0,0.0,0.0,0.0,0.0,0.0
2015,6,19,5,AA,157,N598AA,OKC,DFW,810,811.0,1.0,13.0,824.0,68.0,60.0,33.0,175,857.0,14.0,918,911.0,-7.0,0,0,,0.0,0.0,0.0,0.0,0.0,2015-06-19,0,0.0,0.0,0.0,0.0,0.0
2015,6,28,7,MQ,3336,N649MQ,XNA,DFW,500,505.0,5.0,9.0,514.0,74.0,61.0,45.0,280,559.0,7.0,614,606.0,-8.0,0,0,,0.0,0.0,0.0,0.0,0.0,2015-06-28,0,0.0,0.0,0.0,0.0,0.0
2015,7,1,3,OO,6473,N938SW,DEN,EUG,1139,1131.0,-8.0,19.0,1150.0,169.0,170.0,147.0,996,1317.0,4.0,1328,1321.0,-7.0,0,0,,0.0,0.0,0.0,0.0,0.0,2015-07-01,0,0.0,0.0,0.0,0.0,0.0
2015,7,9,4,WN,718,N448WN,HOU,MCO,625,631.0,6.0,10.0,641.0,135.0,135.0,119.0,849,940.0,6.0,940,946.0,6.0,0,0,,0.0,0.0,0.0,0.0,0.0,2015-07-09,0,0.0,0.0,0.0,0.0,0.0
2015,6,29,1,UA,1296,N33103,LAX,KOA,930,949.0,19.0,15.0,1004.0,339.0,336.0,318.0,2504,1222.0,3.0,1209,1225.0,16.0,0,0,,0.0,0.0,16.0,0.0,0.0,2015-06-29,1,0.0,0.0,84.21,0.0,0.0
2015,6,28,7,WN,4168,N217JC,EWR,AUS,1345,1337.0,-8.0,15.0,1352.0,230.0,228.0,205.0,1504,1617.0,8.0,1635,1625.0,-10.0,0,0,,0.0,0.0,0.0,0.0,0.0,2015-06-28,0,0.0,0.0,0.0,0.0,0.0
2015,7,16,4,OO,5596,N730SK,IAH,MEM,1430,1440.0,10.0,13.0,1453.0,95.0,87.0,69.0,468,1602.0,5.0,1605,1607.0,2.0,0,0,,0.0,0.0,0.0,0.0,0.0,2015-07-16,0,0.0,0.0,0.0,0.0,0.0
2015,7,8,3,DL,1198,N971DL,RIC,ATL,1917,1914.0,-3.0,17.0,1931.0,110.0,102.0,68.0,481,2039.0,17.0,2107,2056.0,-11.0,0,0,,0.0,0.0,0.0,0.0,0.0,2015-07-08,0,0.0,0.0,0.0,0.0,0.0
2015,7,21,2,UA,1531,N66808,EWR,SEA,654,700.0,6.0,16.0,716.0,363.0,366.0,337.0,2402,953.0,13.0,957,1006.0,9.0,0,0,,0.0,0.0,0.0,0.0,0.0,2015-07-21,0,0.0,0.0,0.0,0.0,0.0
2015,7,4,6,WN,2495,N276WN,SNA,SEA,905,902.0,-3.0,7.0,909.0,160.0,155.0,127.0,978,1116.0,21.0,1145,1137.0,-8.0,0,0,,0.0,0.0,0.0,0.0,0.0,2015-07-04,0,0.0,0.0,0.0,0.0,0.0
2015,7,11,6,AA,2206,N3EKAA,MIA,DCA,1650,1649.0,-1.0,17.0,1706.0,156.0,151.0,129.0,919,1915.0,5.0,1926,1920.0,-6.0,0,0,,0.0,0.0,0.0,0.0,0.0,2015-07-11,0,0.0,0.0,0.0,0.0,0.0
2015,6,19,5,OO,4524,N459SW,PLN,DTW,1334,1331.0,-3.0,12.0,1343.0,76.0,74.0,51.0,243,1434.0,11.0,1450,1445.0,-5.0,0,0,,0.0,0.0,0.0,0.0,0.0,2015-06-19,0,0.0,0.0,0.0,0.0,0.0
2015,6,16,2,WN,3590,N684WN,ATL,MSP,2100,2100.0,0.0,34.0,2134.0,160.0,160.0,122.0,907,2236.0,4.0,2240,2240.0,0.0,0,0,,0.0,0.0,0.0,0.0,0.0,2015-06-16,0,0.0,0.0,0.0,0.0,0.0
2015,6,19,5,OO,6356,N507CA,SBA,SFO,1800,1805.0,5.0,20.0,1825.0,65.0,71.0,48.0,262,1913.0,3.0,1905,1916.0,11.0,0,0,,0.0,0.0,0.0,0.0,0.0,2015-06-19,0,0.0,0.0,0.0,0.0,0.0
2015,6,29,1,NK,763,N612NK,ORD,MSP,1940,2056.0,76.0,12.0,2108.0,85.0,74.0,56.0,334,2204.0,6.0,2105,2210.0,65.0,0,0,,65.0,0.0,0.0,0.0,0.0,2015-06-29,1,85.53,0.0,0.0,0.0,0.0
2015,7,19,7,WN,4471,N728SW,CHS,BWI,1940,1934.0,-6.0,23.0,1957.0,95.0,96.0,68.0,472,2105.0,5.0,2115,2110.0,-5.0,0,0,,0.0,0.0,0.0,0.0,0.0,2015-07-19,0,0.0,0.0,0.0,0.0,0.0
2015,6,24,3,WN,366,N939WN,MCI,MKE,820,816.0,-4.0,11.0,827.0,85.0,87.0,72.0,436,939.0,4.0,945,943.0,-2.0,0,0,,0.0,0.0,0.0,0.0,0.0,2015-06-24,0,0.0,0.0,0.0,0.0,0.0
2015,7,22,3,WN,118,N8325D,PHL,LAS,630,624.0,-6.0,10.0,634.0,315.0,303.0,289.0,2176,823.0,4.0,845,827.0,-18.0,0,0,,0.0,0.0,0.0,0.0,0.0,2015-07-22,0,0.0,0.0,0.0,0.0,0.0
2015,7,21,2,EV,4226,N11544,BRO,IAH,1329,1318.0,-11.0,13.0,1331.0,81.0,77.0,57.0,308,1428.0,7.0,1450,1435.0,-15.0,0,0,,0.0,0.0,0.0,0.0,0.0,2015-07-21,0,0.0,0.0,0.0,0.0,0.0
2015,7,22,3,DL,1364,N6711M,MCI,ATL,1819,1815.0,-4.0,13.0,1828.0,125.0,137.0,95.0,692,2103.0,29.0,2124,2132.0,8.0,0,0,,0.0,0.0,0.0,0.0,0.0,2015-07-22,0,0.0,0.0,0.0,0.0,0.0
2015,7,9,4,WN,4273,N965WN,DAL,SAT,2140,2138.0,-2.0,7.0,2145.0,60.0,52.0,41.0,248,2226.0,4.0,2240,2230.0,-10.0,0,0,,0.0,0.0,0.0,0.0,0.0,2015-07-09,0,0.0,0.0,0.0,0.0,0.0
2015,6,19,5,B6,928,N715JB,MCO,EWR,1325,1327.0,2.0,29.0,1356.0,165.0,167.0,127.0,937,1603.0,11.0,1610,1614.0,4.0,0,0,,0.0,0.0,0.0,0.0,0.0,2015-06-19,0,0.0,0.0,0.0,0.0,0.0
2015,6,18,4,EV,4407,N12157,ORD,FNT,2058,2112.0,14.0,40.0,2152.0,66.0,79.0,34.0,223,2326.0,5.0,2304,2331.0,27.0,0,0,,13.0,0.0,0.0,14.0,0.0,2015-06-18,0,92.86,0.0,0.0,100.0,0.0
2015,6,29,1,WN,2961,N7725A,PDX,OAK,1020,1019.0,-1.0,6.0,1025.0,105.0,97.0,84.0,543,1149.0,7.0,1205,1156.0,-9.0,0,0,,0.0,0.0,0.0,0.0,0.0,2015-06-29,0,0.0,0.0,0.0,0.0,0.0
2015,6,20,6,DL,723,N318NB,ATL,BUF,1025,1039.0,14.0,14.0,1053.0,120.0,111.0,93.0,712,1226.0,4.0,1225,1230.0,5.0,0,0,,0.0,0.0,0.0,0.0,0.0,2015-06-20,0,0.0,0.0,0.0,0.0,0.0
2015,7,16,4,AA,2474,N4XLAA,DFW,SMF,1900,1950.0,50.0,13.0,2003.0,226.0,204.0,184.0,1431,2107.0,7.0,2046,2114.0,28.0,0,0,,0.0,0.0,12.0,16.0,0.0,2015-07-16,1,0.0,0.0,24.0,32.0,0.0
2015,6,26,5,OO,4981,N758SK,ORF,ORD,2034,2024.0,-10.0,11.0,2035.0,131.0,130.0,105.0,717,2120.0,14.0,2145,2134.0,-11.0,0,0,,0.0,0.0,0.0,0.0,0.0,2015-06-26,0,0.0,0.0,0.0,0.0,0.0
2015,7,4,6,DL,1920,N979AT,EWR,ATL,1145,1140.0,-5.0,8.0,1148.0,140.0,118.0,107.0,746,1335.0,3.0,1405,1338.0,-27.0,0,0,,0.0,0.0,0.0,0.0,0.0,2015-07-04,0,0.0,0.0,0.0,0.0,0.0
2015,6,18,4,UA,1976,N73283,LAX,IAH,2011,2153.0,102.0,13.0,2206.0,200.0,179.0,160.0,1379,246.0,6.0,131,252.0,81.0,0,0,,0.0,0.0,14.0,67.0,0.0,2015-06-18,1,0.0,0.0,13.73,65.69,0.0
2015,7,14,2,OO,4477,N607SK,STL,SLC,1825,1813.0,-12.0,10.0,1823.0,183.0,176.0,156.0,1156,1959.0,10.0,2028,2009.0,-19.0,0,0,,0.0,0.0,0.0,0.0,0.0,2015-07-14,0,0.0,0.0,0.0,0.0,0.0
2015,6,29,1,DL,2594,N354NW,LGA,DEN,800,758.0,-2.0,16.0,814.0,257.0,232.0,211.0,1620,945.0,5.0,1017,950.0,-27.0,0,0,,0.0,0.0,0.0,0.0,0.0,2015-06-29,0,0.0,0.0,0.0,0.0,0.0
2015,7,11,6,WN,4481,N646SW,MCI,IND,1135,1140.0,5.0,11.0,1151.0,80.0,81.0,63.0,451,1354.0,7.0,1355,1401.0,6.0,0,0,,0.0,0.0,0.0,0.0,0.0,2015-07-11,0,0.0,0.0,0.0,0.0,0.0
2015,6,24,3,WN,4575,N734SA,SMF,LAX,525,525.0,0.0,6.0,531.0,85.0,71.0,59.0,373,630.0,6.0,650,636.0,-14.0,0,0,,0.0,0.0,0.0,0.0,0.0,2015-06-24,0,0.0,0.0,0.0,0.0,0.0
2015,7,14,2,MQ,3058,N515MQ,ABQ,ORD,1355,1436.0,41.0,6.0,1442.0,173.0,153.0,136.0,1118,1758.0,11.0,1748,1809.0,21.0,0,0,,0.0,0.0,18.0,3.0,0.0,2015-07-14,1,0.0,0.0,43.9,7.32,0.0
2015,7,15,3,OO,6328,N986SW,DEN,RAP,1511,1512.0,1.0,16.0,1528.0,69.0,85.0,65.0,300,1633.0,4.0,1620,1637.0,17.0,0,0,,16.0,0.0,0.0,1.0,0.0,2015-07-15,0,1600.0,0.0,0.0,100.0,0.0
2015,7,16,4,HA,120,N484HA,HNL,KOA,800,752.0,-8.0,10.0,802.0,43.0,43.0,28.0,163,830.0,5.0,843,835.0,-8.0,0,0,,0.0,0.0,0.0,0.0,0.0,2015-07-16,0,0.0,0.0,0.0,0.0,0.0
2015,6,20,6,DL,2515,N942DN,ATL,LGA,1245,1307.0,22.0,18.0,1325.0,141.0,132.0,110.0,762,1515.0,4.0,1506,1519.0,13.0,0,0,,0.0,0.0,0.0,0.0,0.0,2015-06-20,1,0.0,0.0,0.0,0.0,0.0
2015,6,24,3,UA,439,N495UA,ORD,LAS,2242,2238.0,-4.0,30.0,2308.0,238.0,238.0,202.0,1514,30.0,6.0,40,36.0,-4.0,0,0,,0.0,0.0,0.0,0.0,0.0,2015-06-24,0,0.0,0.0,0.0,0.0,0.0
2015,7,15,3,OO,2921,N498CA,ORD,ICT,2030,2031.0,1.0,20.0,2051.0,126.0,114.0,88.0,588,2219.0,6.0,2236,2225.0,-11.0,0,0,,0.0,0.0,0.0,0.0,0.0,2015-07-15,0,0.0,0.0,0.0,0.0,0.0
2015,7,17,5,AA,487,N152UW,SAN,CLT,1055,1050.0,-5.0,18.0,1108.0,280.0,270.0,238.0,2077,1806.0,14.0,1835,1820.0,-15.0,0,0,,0.0,0.0,0.0,0.0,0.0,2015-07-17,0,0.0,0.0,0.0,0.0,0.0
2015,6,24,3,UA,1738,N39418,MSP,ORD,640,640.0,0.0,13.0,653.0,85.0,107.0,53.0,334,746.0,41.0,805,827.0,22.0,0,0,,22.0,0.0,0.0,0.0,0.0,2015-06-24,0,inf,0.0,0.0,0.0,0.0
2015,7,6,1,AA,35,N3EVAA,ORD,CLT,2149,2241.0,52.0,10.0,2251.0,119.0,96.0,79.0,599,110.0,7.0,48,117.0,29.0,0,0,,0.0,0.0,0.0,29.0,0.0,2015-07-06,1,0.0,0.0,0.0,55.77,0.0
2015,6,15,1,WN,557,N7702A,ATL,MDW,800,823.0,23.0,19.0,842.0,115.0,126.0,86.0,591,908.0,21.0,855,929.0,34.0,0,0,,11.0,0.0,23.0,0.0,0.0,2015-06-15,1,47.83,0.0,100.0,0.0,0.0
2015,6,22,1,AA,944,N438AA,DFW,TUS,1715,1720.0,5.0,16.0,1736.0,142.0,120.0,102.0,813,1718.0,2.0,1737,1720.0,-17.0,0,0,,0.0,0.0,0.0,0.0,0.0,2015-06-22,0,0.0,0.0,0.0,0.0,0.0
2015,6,20,6,OO,6241,N726SK,OKC,SFO,815,815.0,0.0,16.0,831.0,220.0,228.0,208.0,1384,959.0,4.0,955,1003.0,8.0,0,0,,0.0,0.0,0.0,0.0,0.0,2015-06-20,0,0.0,0.0,0.0,0.0,0.0
2015,6,16,2,EV,5127,N758EV,BDL,RDU,700,651.0,-9.0,13.0,704.0,104.0,103.0,84.0,532,828.0,6.0,844,834.0,-10.0,0,0,,0.0,0.0,0.0,0.0,0.0,2015-06-16,0,0.0,0.0,0.0,0.0,0.0
2015,6,24,3,B6,704,N950JB,SJU,JFK,1832,1904.0,32.0,17.0,1921.0,242.0,228.0,205.0,1598,2246.0,6.0,2234,2252.0,18.0,0,0,,0.0,0.0,18.0,0.0,0.0,2015-06-24,1,0.0,0.0,56.25,0.0,0.0
2015,7,13,1,OO,6524,N791SK,GRR,DEN,1712,1719.0,7.0,15.0,1734.0,173.0,182.0,162.0,1015,1816.0,5.0,1805,1821.0,16.0,0,0,,9.0,0.0,0.0,7.0,0.0,2015-07-13,0,128.57,0.0,0.0,100.0,0.0
2015,7,3,5,DL,333,N124DE,LAX,DTW,1130,1129.0,-1.0,31.0,1200.0,273.0,280.0,240.0,1979,1900.0,9.0,1903,1909.0,6.0,0,0,,0.0,0.0,0.0,0.0,0.0,2015-07-03,0,0.0,0.0,0.0,0.0,0.0
2015,6,23,2,OO,6422,N956SW,SFO,SMX,2235,6.0,91.0,20.0,26.0,72.0,64.0,40.0,216,106.0,4.0,2347,110.0,83.0,0,0,,0.0,0.0,83.0,0.0,0.0,2015-06-23,1,0.0,0.0,91.21,0.0,0.0
2015,7,1,3,AS,142,N517AS,ANC,LAX,1430,1426.0,-4.0,10.0,1436.0,325.0,327.0,304.0,2345,2040.0,13.0,2055,2053.0,-2.0,0,0,,0.0,0.0,0.0,0.0,0.0,2015-07-01,0,0.0,0.0,0.0,0.0,0.0
2015,6,25,4,US,890,N523UW,CLT,DFW,2215,2222.0,7.0,33.0,2255.0,152.0,164.0,122.0,936,2357.0,9.0,2347,6.0,19.0,0,0,,12.0,0.0,7.0,0.0,0.0,2015-06-25,0,171.43,0.0,100.0,0.0,0.0
2015,6,15,1,B6,655,N265JB,SYR,MCO,750,746.0,-4.0,11.0,757.0,165.0,157.0,140.0,1053,1017.0,6.0,1035,1023.0,-12.0,0,0,,0.0,0.0,0.0,0.0,0.0,2015-06-15,0,0.0,0.0,0.0,0.0,0.0
2015,6,14,7,WN,1101,N279WN,PHX,OAK,1630,1639.0,9.0,6.0,1645.0,110.0,104.0,92.0,646,1817.0,6.0,1820,1823.0,3.0,0,0,,0.0,0.0,0.0,0.0,0.0,2015-06-14,0,0.0,0.0,0.0,0.0,0.0
2015,7,1,3,HA,110,N475HA,LIH,HNL,700,651.0,-9.0,7.0,658.0,32.0,32.0,18.0,102,716.0,7.0,732,723.0,-9.0,0,0,,0.0,0.0,0.0,0.0,0.0,2015-07-01,0,0.0,0.0,0.0,0.0,0.0
2015,7,9,4,AA,1975,N161UW,CLT,LAX,2015,2053.0,38.0,36.0,2129.0,310.0,331.0,272.0,2125,2301.0,23.0,2225,2324.0,59.0,0,0,,59.0,0.0,0.0,0.0,0.0,2015-07-09,1,155.26,0.0,0.0,0.0,0.0
2015,6,28,7,EV,5151,N848AS,ATL,TRI,1647,1642.0,-5.0,17.0,1659.0,64.0,61.0,40.0,227,1739.0,4.0,1751,1743.0,-8.0,0,0,,0.0,0.0,0.0,0.0,0.0,2015-06-28,0,0.0,0.0,0.0,0.0,0.0
2015,7,3,5,OO,5566,N765SK,CVG,ORD,1432,1431.0,-1.0,25.0,1456.0,81.0,82.0,49.0,265,1445.0,8.0,1453,1453.0,0.0,0,0,,0.0,0.0,0.0,0.0,0.0,2015-07-03,0,0.0,0.0,0.0,0.0,0.0
2015,7,17,5,WN,1030,N500WR,RDU,BWI,705,705.0,0.0,4.0,709.0,80.0,59.0,40.0,255,749.0,15.0,825,804.0,-21.0,0,0,,0.0,0.0,0.0,0.0,0.0,2015-07-17,0,0.0,0.0,0.0,0.0,0.0
2015,6,16,2,US,459,N173US,PHX,DEN,839,843.0,4.0,34.0,917.0,109.0,125.0,82.0,602,1139.0,9.0,1128,1148.0,20.0,0,0,,16.0,0.0,0.0,4.0,0.0,2015-06-16,0,400.0,0.0,0.0,100.0,0.0
2015,6,22,1,AS,612,N516AS,SEA,LAS,700,736.0,36.0,19.0,755.0,148.0,148.0,123.0,867,958.0,6.0,928,1004.0,36.0,0,0,,0.0,0.0,36.0,0.0,0.0,2015-06-22,1,0.0,0.0,100.0,0.0,0.0
2015,7,6,1,DL,1940,N919DL,IAH,ATL,810,806.0,-4.0,11.0,817.0,127.0,121.0,100.0,689,1057.0,10.0,1117,1107.0,-10.0,0,0,,0.0,0.0,0.0,0.0,0.0,2015-07-06,0,0.0,0.0,0.0,0.0,0.0
2015,7,20,1,HA,188,N490HA,HNL,KOA,1514,1509.0,-5.0,15.0,1524.0,47.0,47.0,27.0,163,1551.0,5.0,1601,1556.0,-5.0,0,0,,0.0,0.0,0.0,0.0,0.0,2015-07-20,0,0.0,0.0,0.0,0.0,0.0
2015,7,2,4,EV,5052,N607LR,ATL,OAJ,2110,2110.0,0.0,20.0,2130.0,78.0,79.0,55.0,399,2225.0,4.0,2228,2229.0,1.0,0,0,,0.0,0.0,0.0,0.0,0.0,2015-07-02,0,0.0,0.0,0.0,0.0,0.0
2015,7,16,4,MQ,3136,N525MQ,STL,ORD,1250,1256.0,6.0,15.0,1311.0,80.0,72.0,46.0,258,1357.0,11.0,1410,1408.0,-2.0,0,0,,0.0,0.0,0.0,0.0,0.0,2015-07-16,0,0.0,0.0,0.0,0.0,0.0
2015,6,16,2,DL,1378,N333NW,ATL,ORF,1530,1533.0,3.0,24.0,1557.0,106.0,102.0,74.0,516,1711.0,4.0,1716,1715.0,-1.0,0,0,,0.0,0.0,0.0,0.0,0.0,2015-06-16,0,0.0,0.0,0.0,0.0,0.0
2015,7,20,1,EV,5065,N916EV,ATL,SGF,1643,1701.0,18.0,18.0,1719.0,111.0,102.0,80.0,563,1739.0,4.0,1734,1743.0,9.0,0,0,,0.0,0.0,0.0,0.0,0.0,2015-07-20,1,0.0,0.0,0.0,0.0,0.0
2015,7,21,2,OO,2894,N862AS,FAT,LAX,1915,1908.0,-7.0,40.0,1948.0,78.0,104.0,51.0,209,2039.0,13.0,2033,2052.0,19.0,0,0,,19.0,0.0,0.0,0.0,0.0,2015-07-21,0,-271.43,-0.0,-0.0,-0.0,-0.0
2015,7,3,5,B6,553,N621JB,JFK,PBI,1359,1415.0,16.0,23.0,1438.0,180.0,163.0,138.0,1028,1656.0,2.0,1659,1658.0,-1.0,0,0,,0.0,0.0,0.0,0.0,0.0,2015-07-03,1,0.0,0.0,0.0,0.0,0.0
2015,7,10,5,VX,420,N848VA,LAX,JFK,2255,2249.0,-6.0,9.0,2258.0,330.0,315.0,289.0,2475,647.0,17.0,725,704.0,-21.0,0,0,,0.0,0.0,0.0,0.0,0.0,2015-07-10,0,0.0,0.0,0.0,0.0,0.0
2015,6,26,5,AS,465,N320AS,LAX,SEA,1100,1104.0,4.0,20.0,1124.0,159.0,146.0,120.0,954,1324.0,6.0,1339,1330.0,-9.0,0,0,,0.0,0.0,0.0,0.0,0.0,2015-06-26,0,0.0,0.0,0.0,0.0,0.0
2015,6,27,6,MQ,3168,N908MQ,SGF,ORD,910,904.0,-6.0,11.0,915.0,99.0,92.0,68.0,438,1023.0,13.0,1049,1036.0,-13.0,0,0,,0.0,0.0,0.0,0.0,0.0,2015-06-27,0,0.0,0.0,0.0,0.0,0.0
2015,7,4,6,UA,1902,N79521,EWR,TPA,600,557.0,-3.0,10.0,607.0,166.0,150.0,136.0,997,823.0,4.0,846,827.0,-19.0,0,0,,0.0,0.0,0.0,0.0,0.0,2015-07-04,0,0.0,0.0,0.0,0.0,0.0
2015,7,14,2,AA,1273,N3BMAA,SJU,DFW,1610,1609.0,-1.0,16.0,1625.0,304.0,284.0,263.0,2165,1948.0,5.0,2014,1953.0,-21.0,0,0,,0.0,0.0,0.0,0.0,0.0,2015-07-14,0,0.0,0.0,0.0,0.0,0.0
2015,6,30,2,WN,1710,N514SW,DAL,LBB,1515,1514.0,-1.0,9.0,1523.0,65.0,60.0,46.0,293,1609.0,5.0,1620,1614.0,-6.0,0,0,,0.0,0.0,0.0,0.0,0.0,2015-06-30,0,0.0,0.0,0.0,0.0,0.0
2015,6,17,3,DL,2478,N997AT,ATL,JAN,1500,1502.0,2.0,15.0,1517.0,81.0,69.0,49.0,341,1506.0,5.0,1521,1511.0,-10.0,0,0,,0.0,0.0,0.0,0.0,0.0,2015-06-17,0,0.0,0.0,0.0,0.0,0.0
2015,7,12,7,DL,754,N920DE,ATL,MSY,1055,1054.0,-1.0,19.0,1113.0,94.0,89.0,60.0,425,1113.0,10.0,1129,1123.0,-6.0,0,0,,0.0,0.0,0.0,0.0,0.0,2015-07-12,0,0.0,0.0,0.0,0.0,0.0
2015,7,3,5,DL,2092,N346NB,MSP,STL,1115,1112.0,-3.0,8.0,1120.0,85.0,76.0,64.0,448,1224.0,4.0,1240,1228.0,-12.0,0,0,,0.0,0.0,0.0,0.0,0.0,2015-07-03,0,0.0,0.0,0.0,0.0,0.0
2015,6,22,1,WN,339,N687SW,BNA,PHL,2120,2131.0,11.0,8.0,2139.0,115.0,114.0,98.0,675,17.0,8.0,15,25.0,10.0,0,0,,0.0,0.0,0.0,0.0,0.0,2015-06-22,0,0.0,0.0,0.0,0.0,0.0
2015,7,20,1,UA,1688,N67812,IAD,ORD,815,835.0,20.0,12.0,847.0,120.0,102.0,83.0,589,910.0,7.0,915,917.0,2.0,0,0,,0.0,0.0,0.0,0.0,0.0,2015-07-20,1,0.0,0.0,0.0,0.0,0.0
2015,7,10,5,WN,1193,N295WN,SLC,PHX,530,526.0,-4.0,10.0,536.0,95.0,89.0,74.0,507,550.0,5.0,605,555.0,-10.0,0,0,,0.0,0.0,0.0,0.0,0.0,2015-07-10,0,0.0,0.0,0.0,0.0,0.0
2015,6,27,6,EV,5957,N27190,SDF,ORD,1746,1800.0,14.0,16.0,1816.0,89.0,79.0,55.0,287,1811.0,8.0,1815,1819.0,4.0,0,0,,0.0,0.0,0.0,0.0,0.0,2015-06-27,0,0.0,0.0,0.0,0.0,0.0
2015,6,27,6,DL,1452,N355NW,ABQ,ATL,615,610.0,-5.0,13.0,623.0,184.0,175.0,156.0,1269,1059.0,6.0,1119,1105.0,-14.0,0,0,,0.0,0.0,0.0,0.0,0.0,2015-06-27,0,0.0,0.0,0.0,0.0,0.0
2015,6,16,2,UA,466,N809UA,IAH,AUS,1535,1736.0,121.0,15.0,1751.0,61.0,54.0,28.0,140,1819.0,11.0,1636,1830.0,114.0,0,0,,0.0,0.0,0.0,88.0,26.0,2015-06-16,1,0.0,0.0,0.0,72.73,21.49
2015,6,29,1,WN,121,N8649A,BNA,DEN,1540,1535.0,-5.0,8.0,1543.0,170.0,150.0,135.0,1014,1658.0,7.0,1730,1705.0,-25.0,0,0,,0.0,0.0,0.0,0.0,0.0,2015-06-29,0,0.0,0.0,0.0,0.0,0.0
2015,6,24,3,WN,3949,N273WN,DCA,MKE,2055,2050.0,-5.0,9.0,2059.0,125.0,110.0,97.0,634,2136.0,4.0,2200,2140.0,-20.0,0,0,,0.0,0.0,0.0,0.0,0.0,2015-06-24,0,0.0,0.0,0.0,0.0,0.0
2015,6,22,1,DL,733,N545US,DTW,SEA,1522,1527.0,5.0,38.0,1605.0,288.0,330.0,288.0,1927,1753.0,4.0,1710,1757.0,47.0,0,0,,47.0,0.0,0.0,0.0,0.0,2015-06-22,0,940.0,0.0,0.0,0.0,0.0
2015,7,5,7,DL,1251,N837DN,ATL,TPA,1905,1903.0,-2.0,14.0,1917.0,88.0,75.0,58.0,406,2015.0,3.0,2033,2018.0,-15.0,0,0,,0.0,0.0,0.0,0.0,0.0,2015-07-05,0,0.0,0.0,0.0,0.0,0.0
2015,6,14,7,B6,404,N640JB,LGB,BOS,2128,2121.0,-7.0,15.0,2136.0,324.0,325.0,298.0,2602,534.0,12.0,552,546.0,-6.0,0,0,,0.0,0.0,0.0,0.0,0.0,2015-06-14,0,0.0,0.0,0.0,0.0,0.0
2015,7,9,4,WN,3564,N352SW,BWI,BUF,1705,1818.0,73.0,14.0,1832.0,65.0,64.0,47.0,281,1919.0,3.0,1810,1922.0,72.0,0,0,,46.0,0.0,0.0,26.0,0.0,2015-07-09,1,63.01,0.0,0.0,35.62,0.0
2015,7,9,4,WN,4206,N235WN,MSP,MDW,735,730.0,-5.0,14.0,744.0,90.0,89.0,65.0,349,849.0,10.0,905,859.0,-6.0,0,0,,0.0,0.0,0.0,0.0,0.0,2015-07-09,0,0.0,0.0,0.0,0.0,0.0
2015,6,17,3,MQ,3697,N657MQ,IND,ORD,2105,2102.0,-3.0,9.0,2111.0,71.0,52.0,38.0,177,2049.0,5.0,2116,2054.0,-22.0,0,0,,0.0,0.0,0.0,0.0,0.0,2015-06-17,0,0.0,0.0,0.0,0.0,0.0
2015,7,9,4,WN,2340,N792SW,BUR,PHX,755,752.0,-3.0,8.0,800.0,80.0,67.0,55.0,369,855.0,4.0,915,859.0,-16.0,0,0,,0.0,0.0,0.0,0.0,0.0,2015-07-09,0,0.0,0.0,0.0,0.0,0.0
2015,6,24,3,AA,2484,N3CXAA,DFW,SEA,2200,2200.0,0.0,21.0,2221.0,254.0,247.0,218.0,1660,2359.0,8.0,14,7.0,-7.0,0,0,,0.0,0.0,0.0,0.0,0.0,2015-06-24,0,0.0,0.0,0.0,0.0,0.0
2015,6,16,2,WN,372,N280WN,MSY,HOU,1025,1032.0,7.0,8.0,1040.0,70.0,66.0,51.0,302,1131.0,7.0,1135,1138.0,3.0,0,0,,0.0,0.0,0.0,0.0,0.0,2015-06-16,0,0.0,0.0,0.0,0.0,0.0
2015,6,17,3,WN,825,N285WN,SJC,PHX,2245,2253.0,8.0,6.0,2259.0,115.0,98.0,87.0,621,26.0,5.0,40,31.0,-9.0,0,0,,0.0,0.0,0.0,0.0,0.0,2015-06-17,0,0.0,0.0,0.0,0.0,0.0
2015,7,17,5,DL,323,N696DL,ATL,SJU,818,816.0,-2.0,13.0,829.0,216.0,200.0,185.0,1547,1134.0,2.0,1154,1136.0,-18.0,0,0,,0.0,0.0,0.0,0.0,0.0,2015-07-17,0,0.0,0.0,0.0,0.0,0.0
2015,7,15,3,WN,2952,N473WN,HOU,PHX,645,645.0,0.0,12.0,657.0,155.0,149.0,132.0,1020,709.0,5.0,720,714.0,-6.0,0,0,,0.0,0.0,0.0,0.0,0.0,2015-07-15,0,0.0,0.0,0.0,0.0,0.0
2015,6,19,5,WN,913,N8308K,TPA,BWI,620,619.0,-1.0,32.0,651.0,145.0,148.0,111.0,842,842.0,5.0,845,847.0,2.0,0,0,,0.0,0.0,0.0,0.0,0.0,2015-06-19,0,0.0,0.0,0.0,0.0,0.0
2015,7,4,6,AA,164,N796AA,SFO,JFK,845,836.0,-9.0,11.0,847.0,357.0,325.0,304.0,2586,1651.0,10.0,1742,1701.0,-41.0,0,0,,0.0,0.0,0.0,0.0,0.0,2015-07-04,0,0.0,0.0,0.0,0.0,0.0
2015,7,10,5,AA,2327,N541AA,DFW,ORD,1540,1538.0,-2.0,15.0,1553.0,153.0,154.0,105.0,802,1738.0,34.0,1813,1812.0,-1.0,0,0,,0.0,0.0,0.0,0.0,0.0,2015-07-10,0,0.0,0.0,0.0,0.0,0.0
2015,6,19,5,OO,7393,N935SW,SGU,SLC,1140,1148.0,8.0,14.0,1202.0,68.0,67.0,46.0,272,1248.0,7.0,1248,1255.0,7.0,0,0,,0.0,0.0,0.0,0.0,0.0,2015-06-19,0,0.0,0.0,0.0,0.0,0.0
2015,7,22,3,OO,6325,N776SK,SAN,LAX,1122,1115.0,-7.0,22.0,1137.0,56.0,60.0,23.0,109,1200.0,15.0,1218,1215.0,-3.0,0,0,,0.0,0.0,0.0,0.0,0.0,2015-07-22,0,0.0,0.0,0.0,0.0,0.0
2015,7,3,5,B6,2036,N354JB,DTW,BOS,1027,1017.0,-10.0,10.0,1027.0,107.0,99.0,84.0,632,1151.0,5.0,1214,1156.0,-18.0,0,0,,0.0,0.0,0.0,0.0,0.0,2015-07-03,0,0.0,0.0,0.0,0.0,0.0
2015,7,15,3,DL,732,N675DL,JAX,ATL,730,728.0,-2.0,17.0,745.0,77.0,74.0,46.0,270,831.0,11.0,847,842.0,-5.0,0,0,,0.0,0.0,0.0,0.0,0.0,2015-07-15,0,0.0,0.0,0.0,0.0,0.0
2015,7,19,7,AS,153,N764AS,ANC,OTZ,1645,1703.0,18.0,8.0,1711.0,92.0,91.0,80.0,548,1831.0,3.0,1817,1834.0,17.0,0,0,,0.0,0.0,17.0,0.0,0.0,2015-07-19,1,0.0,0.0,94.44,0.0,0.0
2015,7,12,7,NK,311,N629NK,ACY,MCO,745,739.0,-6.0,9.0,748.0,136.0,120.0,104.0,852,932.0,7.0,1001,939.0,-22.0,0,0,,0.0,0.0,0.0,0.0,0.0,2015-07-12,0,0.0,0.0,0.0,0.0,0.0
2015,6,24,3,OO,4537,N693CA,ORD,SLC,643,736.0,53.0,19.0,755.0,207.0,220.0,189.0,1250,1004.0,12.0,910,1016.0,66.0,0,0,,13.0,0.0,53.0,0.0,0.0,2015-06-24,1,24.53,0.0,100.0,0.0,0.0
2015,7,1,3,B6,1447,N231JB,HPN,TPA,845,839.0,-6.0,17.0,856.0,162.0,171.0,151.0,1032,1127.0,3.0,1127,1130.0,3.0,0,0,,0.0,0.0,0.0,0.0,0.0,2015-07-01,0,0.0,0.0,0.0,0.0,0.0
2015,6,28,7,DL,775,N316US,SLC,GEG,830,823.0,-7.0,15.0,838.0,102.0,97.0,77.0,546,855.0,5.0,912,900.0,-12.0,0,0,,0.0,0.0,0.0,0.0,0.0,2015-06-28,0,0.0,0.0,0.0,0.0,0.0
2015,7,5,7,UA,453,N483UA,DEN,BOI,1853,1848.0,-5.0,14.0,1902.0,118.0,109.0,92.0,649,2034.0,3.0,2051,2037.0,-14.0,0,0,,0.0,0.0,0.0,0.0,0.0,2015-07-05,0,0.0,0.0,0.0,0.0,0.0
2015,7,20,1,OO,4730,N633SK,SLC,DEN,2015,2012.0,-3.0,16.0,2028.0,94.0,88.0,59.0,391,2127.0,13.0,2149,2140.0,-9.0,0,0,,0.0,0.0,0.0,0.0,0.0,2015-07-20,0,0.0,0.0,0.0,0.0,0.0
2015,7,1,3,DL,1443,N342NB,IAH,ATL,1108,1103.0,-5.0,13.0,1116.0,132.0,128.0,109.0,689,1405.0,6.0,1420,1411.0,-9.0,0,0,,0.0,0.0,0.0,0.0,0.0,2015-07-01,0,0.0,0.0,0.0,0.0,0.0
2015,6,22,1,OO,4486,N822SK,BNA,MSP,614,727.0,73.0,12.0,739.0,136.0,142.0,124.0,695,943.0,6.0,830,949.0,79.0,0,0,,79.0,0.0,0.0,0.0,0.0,2015-06-22,1,108.22,0.0,0.0,0.0,0.0
2015,6,15,1,AA,1461,N007AA,TPA,MIA,900,858.0,-2.0,14.0,912.0,63.0,60.0,38.0,204,950.0,8.0,1003,958.0,-5.0,0,0,,0.0,0.0,0.0,0.0,0.0,2015-06-15,0,0.0,0.0,0.0,0.0,0.0
2015,6,26,5,OO,5585,N760SK,OKC,IAH,1723,1734.0,11.0,14.0,1748.0,85.0,83.0,63.0,395,1851.0,6.0,1848,1857.0,9.0,0,0,,0.0,0.0,0.0,0.0,0.0,2015-06-26,0,0.0,0.0,0.0,0.0,0.0
2015,7,22,3,UA,1206,N36247,DEN,PIT,1040,1047.0,7.0,15.0,1102.0,180.0,166.0,144.0,1290,1526.0,7.0,1540,1533.0,-7.0,0,0,,0.0,0.0,0.0,0.0,0.0,2015-07-22,0,0.0,0.0,0.0,0.0,0.0
2015,7,4,6,WN,1064,N792SW,ABQ,MCI,945,946.0,1.0,12.0,958.0,110.0,112.0,96.0,718,1234.0,4.0,1235,1238.0,3.0,0,0,,0.0,0.0,0.0,0.0,0.0,2015-07-04,0,0.0,0.0,0.0,0.0,0.0
2015,6,22,1,DL,2276,N944DL,MCO,LGA,645,638.0,-7.0,18.0,656.0,149.0,167.0,128.0,950,904.0,21.0,914,925.0,11.0,0,0,,0.0,0.0,0.0,0.0,0.0,2015-06-22,0,0.0,0.0,0.0,0.0,0.0
2015,6,16,2,VX,169,N847VA,EWR,LAX,1729,1944.0,135.0,23.0,2007.0,371.0,352.0,324.0,2454,2231.0,5.0,2040,2236.0,116.0,0,0,,116.0,0.0,0.0,0.0,0.0,2015-06-16,1,85.93,0.0,0.0,0.0,0.0
2015,7,18,6,NK,261,N506NK,PHL,ORD,610,604.0,-6.0,18.0,622.0,134.0,146.0,104.0,678,706.0,24.0,724,730.0,6.0,0,0,,0.0,0.0,0.0,0.0,0.0,2015-07-18,0,0.0,0.0,0.0,0.0,0.0
2015,6,17,3,DL,700,N916DL,MSY,LGA,1705,1704.0,-1.0,14.0,1718.0,183.0,170.0,148.0,1183,2046.0,8.0,2108,2054.0,-14.0,0,0,,0.0,0.0,0.0,0.0,0.0,2015-06-17,0,0.0,0.0,0.0,0.0,0.0
2015,6,15,1,AA,2293,N439AA,DFW,IAD,1832,1904.0,32.0,11.0,1915.0,185.0,162.0,145.0,1172,2240.0,6.0,2237,2246.0,9.0,0,0,,0.0,0.0,0.0,0.0,0.0,2015-06-15,1,0.0,0.0,0.0,0.0,0.0
2015,6,24,3,WN,3297,N611SW,BOS,BNA,530,526.0,-4.0,18.0,544.0,170.0,158.0,135.0,942,659.0,5.0,720,704.0,-16.0,0,0,,0.0,0.0,0.0,0.0,0.0,2015-06-24,0,0.0,0.0,0.0,0.0,0.0
2015,7,5,7,UA,353,N468UA,PDX,SFO,1327,1321.0,-6.0,9.0,1330.0,108.0,100.0,85.0,550,1455.0,6.0,1515,1501.0,-14.0,0,0,,0.0,0.0,0.0,0.0,0.0,2015-07-05,0,0.0,0.0,0.0,0.0,0.0
2015,6,29,1,B6,190,N821JB,SAN,JFK,1252,1251.0,-1.0,14.0,1305.0,330.0,336.0,318.0,2446,2123.0,4.0,2122,2127.0,5.0,0,0,,0.0,0.0,0.0,0.0,0.0,2015-06-29,0,0.0,0.0,0.0,0.0,0.0
2015,7,14,2,DL,1588,N978DL,MYR,ATL,655,650.0,-5.0,12.0,702.0,77.0,73.0,49.0,317,751.0,12.0,812,803.0,-9.0,0,0,,0.0,0.0,0.0,0.0,0.0,2015-07-14,0,0.0,0.0,0.0,0.0,0.0
2015,6,18,4,WN,1214,N777QC,DEN,FLL,1130,1130.0,0.0,11.0,1141.0,230.0,227.0,212.0,1703,1713.0,4.0,1720,1717.0,-3.0,0,0,,0.0,0.0,0.0,0.0,0.0,2015-06-18,0,0.0,0.0,0.0,0.0,0.0
2015,7,12,7,OO,4454,N454SW,SLC,BZN,949,939.0,-10.0,18.0,957.0,81.0,75.0,53.0,347,1050.0,4.0,1110,1054.0,-16.0,0,0,,0.0,0.0,0.0,0.0,0.0,2015-07-12,0,0.0,0.0,0.0,0.0,0.0
2015,6,29,1,WN,771,N385SW,STL,MCI,705,701.0,-4.0,7.0,708.0,60.0,56.0,45.0,237,753.0,4.0,805,757.0,-8.0,0,0,,0.0,0.0,0.0,0.0,0.0,2015-06-29,0,0.0,0.0,0.0,0.0,0.0
2015,7,10,5,AA,2407,N3CJAA,SEA,DFW,830,823.0,-7.0,17.0,840.0,233.0,233.0,206.0,1660,1406.0,10.0,1423,1416.0,-7.0,0,0,,0.0,0.0,0.0,0.0,0.0,2015-07-10,0,0.0,0.0,0.0,0.0,0.0
2015,7,1,3,AA,2474,N567AA,DFW,SMF,1900,1859.0,-1.0,14.0,1913.0,226.0,199.0,178.0,1431,2011.0,7.0,2046,2018.0,-28.0,0,0,,0.0,0.0,0.0,0.0,0.0,2015-07-01,0,0.0,0.0,0.0,0.0,0.0
2015,7,3,5,DL,1672,N365NB,ATL,BUF,825,823.0,-2.0,23.0,846.0,120.0,126.0,100.0,712,1026.0,3.0,1025,1029.0,4.0,0,0,,0.0,0.0,0.0,0.0,0.0,2015-07-03,0,0.0,0.0,0.0,0.0,0.0
2015,7,14,2,MQ,3421,N691MQ,ORD,TOL,2150,2145.0,-5.0,13.0,2158.0,64.0,53.0,36.0,213,2334.0,4.0,2354,2338.0,-16.0,0,0,,0.0,0.0,0.0,0.0,0.0,2015-07-14,0,0.0,0.0,0.0,0.0,0.0
2015,7,6,1,DL,811,N899AT,MSY,ATL,1915,1915.0,0.0,17.0,1932.0,90.0,87.0,65.0,425,2137.0,5.0,2145,2142.0,-3.0,0,0,,0.0,0.0,0.0,0.0,0.0,2015-07-06,0,0.0,0.0,0.0,0.0,0.0
2015,7,6,1,NK,561,N634NK,LAS,LAX,1328,1332.0,4.0,27.0,1359.0,72.0,81.0,45.0,236,1444.0,9.0,1440,1453.0,13.0,0,0,,0.0,0.0,0.0,0.0,0.0,2015-07-06,0,0.0,0.0,0.0,0.0,0.0
2015,7,7,2,AA,1717,N109UW,BWI,CLT,1915,1918.0,3.0,16.0,1934.0,85.0,90.0,55.0,361,2029.0,19.0,2040,2048.0,8.0,0,0,,0.0,0.0,0.0,0.0,0.0,2015-07-07,0,0.0,0.0,0.0,0.0,0.0
2015,7,7,2,DL,1123,N623DL,SLC,ATL,710,700.0,-10.0,22.0,722.0,216.0,224.0,195.0,1590,1237.0,7.0,1246,1244.0,-2.0,0,0,,0.0,0.0,0.0,0.0,0.0,2015-07-07,0,0.0,0.0,0.0,0.0,0.0
2015,7,10,5,WN,798,N621SW,ELP,PHX,1700,1657.0,-3.0,10.0,1707.0,70.0,75.0,59.0,347,1706.0,6.0,1710,1712.0,2.0,0,0,,0.0,0.0,0.0,0.0,0.0,2015-07-10,0,0.0,0.0,0.0,0.0,0.0
2015,6,20,6,HA,230,N485HA,OGG,KOA,1014,1008.0,-6.0,7.0,1015.0,32.0,33.0,21.0,84,1036.0,5.0,1046,1041.0,-5.0,0,0,,0.0,0.0,0.0,0.0,0.0,2015-06-20,0,0.0,0.0,0.0,0.0,0.0
2015,7,18,6,AA,707,N918US,PHL,PHX,820,820.0,0.0,27.0,847.0,302.0,312.0,283.0,2075,1030.0,2.0,1022,1032.0,10.0,0,0,,0.0,0.0,0.0,0.0,0.0,2015-07-18,0,0.0,0.0,0.0,0.0,0.0
2015,6,23,2,DL,1950,N364NW,DTW,DEN,1551,1553.0,2.0,10.0,1603.0,193.0,174.0,158.0,1123,1641.0,6.0,1704,1647.0,-17.0,0,0,,0.0,0.0,0.0,0.0,0.0,2015-06-23,0,0.0,0.0,0.0,0.0,0.0
2015,7,19,7,B6,101,N648JB,FLL,LAX,1943,2225.0,162.0,35.0,2300.0,315.0,326.0,285.0,2343,45.0,6.0,2158,51.0,173.0,0,0,,173.0,0.0,0.0,0.0,0.0,2015-07-19,1,106.79,0.0,0.0,0.0,0.0
2015,7,11,6,EV,4608,N29906,ORD,CVG,859,947.0,48.0,14.0,1001.0,70.0,65.0,45.0,265,1146.0,6.0,1109,1152.0,43.0,0,0,,0.0,0.0,43.0,0.0,0.0,2015-07-11,1,0.0,0.0,89.58,0.0,0.0
2015,7,16,4,F9,1264,N201FR,LAS,ORD,1105,1115.0,10.0,11.0,1126.0,220.0,202.0,182.0,1514,1628.0,9.0,1645,1637.0,-8.0,0,0,,0.0,0.0,0.0,0.0,0.0,2015-07-16,0,0.0,0.0,0.0,0.0,0.0
2015,7,19,7,OO,4694,N824SK,HLN,MSP,600,551.0,-9.0,22.0,613.0,144.0,147.0,121.0,913,914.0,4.0,924,918.0,-6.0,0,0,,0.0,0.0,0.0,0.0,0.0,2015-07-19,0,0.0,0.0,0.0,0.0,0.0
2015,6,30,2,WN,854,N378SW,PIT,MCO,950,941.0,-9.0,10.0,951.0,130.0,133.0,116.0,834,1147.0,7.0,1200,1154.0,-6.0,0,0,,0.0,0.0,0.0,0.0,0.0,2015-06-30,0,0.0,0.0,0.0,0.0,0.0
2015,6,29,1,WN,468,N8635F,SNA,SMF,2125,2125.0,0.0,8.0,2133.0,80.0,75.0,63.0,404,2236.0,4.0,2245,2240.0,-5.0,0,0,,0.0,0.0,0.0,0.0,0.0,2015-06-29,0,0.0,0.0,0.0,0.0,0.0
2015,7,12,7,WN,352,N480WN,ABQ,OAK,1855,1912.0,17.0,12.0,1924.0,145.0,136.0,120.0,889,2024.0,4.0,2020,2028.0,8.0,0,0,,0.0,0.0,0.0,0.0,0.0,2015-07-12,1,0.0,0.0,0.0,0.0,0.0
2015,6,30,2,B6,1105,N708JB,JFK,ORD,1043,1041.0,-2.0,20.0,1101.0,153.0,142.0,110.0,740,1151.0,12.0,1216,1203.0,-13.0,0,0,,0.0,0.0,0.0,0.0,0.0,2015-06-30,0,0.0,0.0,0.0,0.0,0.0
2015,7,14,2,WN,4478,N723SW,MSP,DEN,1800,1838.0,38.0,12.0,1850.0,125.0,148.0,130.0,680,2000.0,6.0,1905,2006.0,61.0,0,0,,23.0,0.0,7.0,31.0,0.0,2015-07-14,1,60.53,0.0,18.42,81.58,0.0
2015,7,4,6,DL,796,N939DL,ATL,IND,810,809.0,-1.0,18.0,827.0,85.0,85.0,63.0,432,930.0,4.0,935,934.0,-1.0,0,0,,0.0,0.0,0.0,0.0,0.0,2015-07-04,0,0.0,0.0,0.0,0.0,0.0
2015,7,4,6,OO,5478,N943SW,DEN,LAR,1900,1852.0,-8.0,15.0,1907.0,55.0,41.0,22.0,113,1929.0,4.0,1955,1933.0,-22.0,0,0,,0.0,0.0,0.0,0.0,0.0,2015-07-04,0,0.0,0.0,0.0,0.0,0.0
2015,6,16,2,AA,1431,N4YPAA,COS,DFW,1120,1127.0,7.0,23.0,1150.0,110.0,116.0,81.0,592,1411.0,12.0,1410,1423.0,13.0,0,0,,0.0,0.0,0.0,0.0,0.0,2015-06-16,0,0.0,0.0,0.0,0.0,0.0
2015,7,12,7,NK,821,N502NK,BWI,ATL,900,859.0,-1.0,13.0,912.0,105.0,100.0,78.0,577,1030.0,9.0,1045,1039.0,-6.0,0,0,,0.0,0.0,0.0,0.0,0.0,2015-07-12,0,0.0,0.0,0.0,0.0,0.0
2015,6,27,6,DL,826,N950DN,ATL,CLT,1625,1642.0,17.0,119.0,1841.0,78.0,173.0,45.0,226,1926.0,9.0,1743,1935.0,112.0,0,0,,112.0,0.0,0.0,0.0,0.0,2015-06-27,1,658.82,0.0,0.0,0.0,0.0
2015,6,16,2,EV,4860,N11176,DEN,LFT,959,1000.0,1.0,20.0,1020.0,166.0,158.0,133.0,978,1333.0,5.0,1345,1338.0,-7.0,0,0,,0.0,0.0,0.0,0.0,0.0,2015-06-16,0,0.0,0.0,0.0,0.0,0.0
2015,7,9,4,WN,503,N908WN,SFO,SNA,1955,2002.0,7.0,9.0,2011.0,95.0,93.0,63.0,372,2114.0,21.0,2130,2135.0,5.0,0,0,,0.0,0.0,0.0,0.0,0.0,2015-07-09,0,0.0,0.0,0.0,0.0,0.0
2015,7,13,1,AS,67,N756AS,KTN,SIT,1720,1704.0,-16.0,15.0,1719.0,47.0,53.0,34.0,183,1753.0,4.0,1807,1757.0,-10.0,0,0,,0.0,0.0,0.0,0.0,0.0,2015-07-13,0,0.0,0.0,0.0,0.0,0.0
2015,7,6,1,EV,5156,N900EV,ATL,AEX,2054,2052.0,-2.0,26.0,2118.0,98.0,99.0,70.0,500,2128.0,3.0,2132,2131.0,-1.0,0,0,,0.0,0.0,0.0,0.0,0.0,2015-07-06,0,0.0,0.0,0.0,0.0,0.0
2015,7,18,6,F9,356,N921FR,DEN,MKE,830,825.0,-5.0,10.0,835.0,137.0,123.0,107.0,896,1122.0,6.0,1147,1128.0,-19.0,0,0,,0.0,0.0,0.0,0.0,0.0,2015-07-18,0,0.0,0.0,0.0,0.0,0.0
2015,6,15,1,HA,164,N477HA,LIH,HNL,1903,1854.0,-9.0,7.0,1901.0,33.0,33.0,20.0,102,1921.0,6.0,1936,1927.0,-9.0,0,0,,0.0,0.0,0.0,0.0,0.0,2015-06-15,0,0.0,0.0,0.0,0.0,0.0
2015,7,1,3,WN,745,N293WN,TPA,HOU,710,707.0,-3.0,8.0,715.0,130.0,126.0,112.0,781,807.0,6.0,820,813.0,-7.0,0,0,,0.0,0.0,0.0,0.0,0.0,2015-07-01,0,0.0,0.0,0.0,0.0,0.0
2015,6,16,2,NK,365,N507NK,MSY,DFW,1543,1748.0,125.0,10.0,1758.0,97.0,85.0,67.0,447,1905.0,8.0,1720,1913.0,113.0,0,0,,38.0,0.0,0.0,75.0,0.0,2015-06-16,1,30.4,0.0,0.0,60.0,0.0
2015,7,21,2,WN,1048,N783SW,SAN,RNO,1125,1130.0,5.0,9.0,1139.0,90.0,81.0,68.0,488,1247.0,4.0,1255,1251.0,-4.0,0,0,,0.0,0.0,0.0,0.0,0.0,2015-07-21,0,0.0,0.0,0.0,0.0,0.0
2015,7,19,7,MQ,3401,N670MQ,GRB,ORD,1345,1341.0,-4.0,9.0,1350.0,63.0,54.0,35.0,173,1425.0,10.0,1448,1435.0,-13.0,0,0,,0.0,0.0,0.0,0.0,0.0,2015-07-19,0,0.0,0.0,0.0,0.0,0.0
2015,7,5,7,OO,5195,N771SK,RDU,IAH,610,603.0,-7.0,18.0,621.0,162.0,162.0,140.0,1042,741.0,4.0,752,745.0,-7.0,0,0,,0.0,0.0,0.0,0.0,0.0,2015-07-05,0,0.0,0.0,0.0,0.0,0.0
2015,7,5,7,AA,1960,N814AW,CLT,BWI,945,939.0,-6.0,21.0,1000.0,90.0,85.0,58.0,361,1058.0,6.0,1115,1104.0,-11.0,0,0,,0.0,0.0,0.0,0.0,0.0,2015-07-05,0,0.0,0.0,0.0,0.0,0.0
2015,7,6,1,EV,6068,N15980,SGF,ORD,1440,1518.0,38.0,12.0,1530.0,105.0,98.0,73.0,438,1643.0,13.0,1625,1656.0,31.0,0,0,,6.0,0.0,0.0,25.0,0.0,2015-07-06,1,15.79,0.0,0.0,65.79,0.0
2015,7,16,4,DL,2211,N321NB,GRR,ATL,630,626.0,-4.0,8.0,634.0,115.0,101.0,87.0,640,801.0,6.0,825,807.0,-18.0,0,0,,0.0,0.0,0.0,0.0,0.0,2015-07-16,0,0.0,0.0,0.0,0.0,0.0
2015,7,4,6,AA,1674,N3HFAA,FLL,DFW,1350,1340.0,-10.0,14.0,1354.0,190.0,168.0,149.0,1119,1523.0,5.0,1600,1528.0,-32.0,0,0,,0.0,0.0,0.0,0.0,0.0,2015-07-04,0,0.0,0.0,0.0,0.0,0.0
2015,7,12,7,WN,927,N215WN,HOU,LAX,900,907.0,7.0,16.0,923.0,205.0,196.0,173.0,1390,1016.0,7.0,1025,1023.0,-2.0,0,0,,0.0,0.0,0.0,0.0,0.0,2015-07-12,0,0.0,0.0,0.0,0.0,0.0
2015,6,17,3,AA,1316,N3CXAA,DFW,SLC,1100,1155.0,55.0,15.0,1210.0,166.0,159.0,133.0,989,1323.0,11.0,1246,1334.0,48.0,0,0,,0.0,0.0,48.0,0.0,0.0,2015-06-17,1,0.0,0.0,87.27,0.0,0.0
2015,7,10,5,OO,6509,N750SK,ICT,IAH,610,606.0,-4.0,18.0,624.0,105.0,110.0,84.0,542,748.0,8.0,755,756.0,1.0,0,0,,0.0,0.0,0.0,0.0,0.0,2015-07-10,0,0.0,0.0,0.0,0.0,0.0
2015,7,16,4,EV,2668,N678AE,DFW,ACT,1710,1709.0,-1.0,10.0,1719.0,45.0,31.0,18.0,89,1737.0,3.0,1755,1740.0,-15.0,0,0,,0.0,0.0,0.0,0.0,0.0,2015-07-16,0,0.0,0.0,0.0,0.0,0.0
2015,7,2,4,DL,1862,N359NB,ATL,MSY,1355,1354.0,-1.0,21.0,1415.0,93.0,84.0,59.0,425,1414.0,4.0,1428,1418.0,-10.0,0,0,,0.0,0.0,0.0,0.0,0.0,2015-07-02,0,0.0,0.0,0.0,0.0,0.0
2015,7,14,2,EV,5015,N853AS,DTW,CAK,1749,1803.0,14.0,16.0,1819.0,58.0,51.0,30.0,133,1849.0,5.0,1847,1854.0,7.0,0,0,,0.0,0.0,0.0,0.0,0.0,2015-07-14,0,0.0,0.0,0.0,0.0,0.0
2015,6,21,7,WN,2699,N360SW,PHX,SAN,720,719.0,-1.0,12.0,731.0,70.0,64.0,48.0,304,819.0,4.0,830,823.0,-7.0,0,0,,0.0,0.0,0.0,0.0,0.0,2015-06-21,0,0.0,0.0,0.0,0.0,0.0
2015,6,27,6,AS,860,N423AS,HNL,SEA,800,751.0,-9.0,15.0,806.0,349.0,328.0,307.0,2677,1613.0,6.0,1649,1619.0,-30.0,0,0,,0.0,0.0,0.0,0.0,0.0,2015-06-27,0,0.0,0.0,0.0,0.0,0.0
2015,7,22,3,AA,114,N3MLAA,ORD,SNA,705,700.0,-5.0,11.0,711.0,259.0,244.0,228.0,1726,859.0,5.0,924,904.0,-20.0,0,0,,0.0,0.0,0.0,0.0,0.0,2015-07-22,0,0.0,0.0,0.0,0.0,0.0
2015,7,16,4,WN,291,N7703A,RNO,LAS,1410,1411.0,1.0,9.0,1420.0,75.0,70.0,55.0,345,1515.0,6.0,1525,1521.0,-4.0,0,0,,0.0,0.0,0.0,0.0,0.0,2015-07-16,0,0.0,0.0,0.0,0.0,0.0
2015,6,21,7,OO,6334,N738SK,GRR,DEN,934,925.0,-9.0,13.0,938.0,164.0,177.0,153.0,1015,1011.0,11.0,1018,1022.0,4.0,0,0,,0.0,0.0,0.0,0.0,0.0,2015-06-21,0,0.0,0.0,0.0,0.0,0.0
2015,7,16,4,DL,1235,N957AT,ATL,MDT,940,940.0,0.0,15.0,955.0,116.0,107.0,86.0,620,1121.0,6.0,1136,1127.0,-9.0,0,0,,0.0,0.0,0.0,0.0,0.0,2015-07-16,0,0.0,0.0,0.0,0.0,0.0
2015,6,18,4,US,1724,N958UW,PHL,BOS,715,711.0,-4.0,27.0,738.0,76.0,87.0,55.0,280,833.0,5.0,831,838.0,7.0,0,0,,0.0,0.0,0.0,0.0,0.0,2015-06-18,0,0.0,0.0,0.0,0.0,0.0
2015,7,6,1,DL,1958,N3733Z,LAX,RDU,1030,1029.0,-1.0,20.0,1049.0,296.0,288.0,265.0,2239,1814.0,3.0,1826,1817.0,-9.0,0,0,,0.0,0.0,0.0,0.0,0.0,2015-07-06,0,0.0,0.0,0.0,0.0,0.0
2015,7,20,1,HA,334,N477HA,HNL,OGG,1502,1456.0,-6.0,12.0,1508.0,37.0,40.0,21.0,100,1529.0,7.0,1539,1536.0,-3.0,0,0,,0.0,0.0,0.0,0.0,0.0,2015-07-20,0,0.0,0.0,0.0,0.0,0.0
2015,6,27,6,WN,1373,N626SW,SJC,BUR,1955,2021.0,26.0,7.0,2028.0,60.0,59.0,50.0,296,2118.0,2.0,2055,2120.0,25.0,0,0,,0.0,0.0,22.0,3.0,0.0,2015-06-27,1,0.0,0.0,84.62,11.54,0.0
2015,6,25,4,OO,5568,N766SK,DEN,ASE,2145,2143.0,-2.0,11.0,2154.0,46.0,37.0,23.0,125,2217.0,3.0,2231,2220.0,-11.0,0,0,,0.0,0.0,0.0,0.0,0.0,2015-06-25,0,0.0,0.0,0.0,0.0,0.0
2015,6,23,2,EV,3263,N14920,IAH,LCH,2117,2107.0,-10.0,13.0,2120.0,50.0,46.0,28.0,127,2148.0,5.0,2207,2153.0,-14.0,0,0,,0.0,0.0,0.0,0.0,0.0,2015-06-23,0,0.0,0.0,0.0,0.0,0.0
2015,6,19,5,OO,5551,N699BR,CID,ORD,530,526.0,-4.0,18.0,544.0,69.0,72.0,38.0,196,622.0,16.0,639,638.0,-1.0,0,0,,0.0,0.0,0.0,0.0,0.0,2015-06-19,0,0.0,0.0,0.0,0.0,0.0
2015,6,30,2,OO,6380,N128SY,SFO,BOI,1103,1100.0,-3.0,32.0,1132.0,102.0,104.0,69.0,522,1341.0,3.0,1345,1344.0,-1.0,0,0,,0.0,0.0,0.0,0.0,0.0,2015-06-30,0,0.0,0.0,0.0,0.0,0.0
2015,7,19,7,OO,6236,N719SK,DEN,SUN,1848,1855.0,7.0,20.0,1915.0,109.0,105.0,82.0,557,2037.0,3.0,2037,2040.0,3.0,0,0,,0.0,0.0,0.0,0.0,0.0,2015-07-19,0,0.0,0.0,0.0,0.0,0.0
2015,6,17,3,WN,457,N218WN,BHM,TPA,1400,1505.0,65.0,14.0,1519.0,85.0,85.0,66.0,459,1725.0,5.0,1625,1730.0,65.0,0,0,,0.0,0.0,51.0,14.0,0.0,2015-06-17,1,0.0,0.0,78.46,21.54,0.0
2015,6,17,3,MQ,3647,N525MQ,ORD,RIC,1839,1839.0,0.0,22.0,1901.0,129.0,119.0,91.0,642,2132.0,6.0,2148,2138.0,-10.0,0,0,,0.0,0.0,0.0,0.0,0.0,2015-06-17,0,0.0,0.0,0.0,0.0,0.0
2015,7,17,5,AA,1084,N3JBAA,MIA,LGA,600,553.0,-7.0,16.0,609.0,176.0,176.0,156.0,1096,845.0,4.0,856,849.0,-7.0,0,0,,0.0,0.0,0.0,0.0,0.0,2015-07-17,0,0.0,0.0,0.0,0.0,0.0
2015,6,20,6,US,898,N156UW,SFO,CLT,2220,2222.0,2.0,14.0,2236.0,295.0,278.0,259.0,2296,555.0,5.0,615,600.0,-15.0,0,0,,0.0,0.0,0.0,0.0,0.0,2015-06-20,0,0.0,0.0,0.0,0.0,0.0
2015,6,24,3,WN,403,N445WN,DEN,BWI,1305,1343.0,38.0,10.0,1353.0,205.0,182.0,170.0,1491,1843.0,2.0,1830,1845.0,15.0,0,0,,0.0,0.0,5.0,10.0,0.0,2015-06-24,1,0.0,0.0,13.16,26.32,0.0
2015,6,29,1,WN,35,N627SW,HOU,BNA,1645,1707.0,22.0,8.0,1715.0,110.0,106.0,93.0,670,1848.0,5.0,1835,1853.0,18.0,0,0,,0.0,0.0,0.0,18.0,0.0,2015-06-29,1,0.0,0.0,0.0,81.82,0.0
2015,7,20,1,EV,2709,N687JS,DFW,GPT,1658,1703.0,5.0,23.0,1726.0,97.0,98.0,69.0,500,1835.0,6.0,1835,1841.0,6.0,0,0,,0.0,0.0,0.0,0.0,0.0,2015-07-20,0,0.0,0.0,0.0,0.0,0.0
2015,6,24,3,AA,1287,N3HGAA,MIA,ORD,659,703.0,4.0,33.0,736.0,200.0,202.0,159.0,1197,915.0,10.0,919,925.0,6.0,0,0,,0.0,0.0,0.0,0.0,0.0,2015-06-24,0,0.0,0.0,0.0,0.0,0.0
2015,7,22,3,AA,1709,N654AW,EWR,CLT,645,639.0,-6.0,17.0,656.0,109.0,111.0,88.0,529,824.0,6.0,834,830.0,-4.0,0,0,,0.0,0.0,0.0,0.0,0.0,2015-07-22,0,0.0,0.0,0.0,0.0,0.0
2015,7,18,6,WN,4586,N685SW,SLC,LAS,1425,1635.0,130.0,11.0,1646.0,80.0,101.0,61.0,368,1647.0,29.0,1445,1716.0,151.0,0,0,,21.0,0.0,0.0,8.0,122.0,2015-07-18,1,16.15,0.0,0.0,6.15,93.85
2015,6,18,4,DL,2183,N926AT,ATL,ORD,855,901.0,6.0,37.0,938.0,120.0,144.0,87.0,606,1005.0,20.0,955,1025.0,30.0,0,0,,30.0,0.0,0.0,0.0,0.0,2015-06-18,0,500.0,0.0,0.0,0.0,0.0
2015,7,22,3,B6,641,N247JB,BOS,CLE,1615,1615.0,0.0,22.0,1637.0,126.0,124.0,95.0,563,1812.0,7.0,1821,1819.0,-2.0,0,0,,0.0,0.0,0.0,0.0,0.0,2015-07-22,0,0.0,0.0,0.0,0.0,0.0
2015,6,20,6,AA,1685,N4XYAA,SLC,DFW,1122,1119.0,-3.0,19.0,1138.0,159.0,154.0,125.0,989,1443.0,10.0,1501,1453.0,-8.0,0,0,,0.0,0.0,0.0,0.0,0.0,2015-06-20,0,0.0,0.0,0.0,0.0,0.0
2015,7,12,7,AA,150,N4XCAA,DFW,ELP,845,838.0,-7.0,21.0,859.0,100.0,97.0,71.0,551,910.0,5.0,925,915.0,-10.0,0,0,,0.0,0.0,0.0,0.0,0.0,2015-07-12,0,0.0,0.0,0.0,0.0,0.0
2015,7,19,7,AS,8,N468AS,SEA,EWR,800,753.0,-7.0,22.0,815.0,318.0,315.0,280.0,2402,1555.0,13.0,1618,1608.0,-10.0,0,0,,0.0,0.0,0.0,0.0,0.0,2015-07-19,0,0.0,0.0,0.0,0.0,0.0
2015,7,9,4,UA,620,N514UA,SFO,ORD,830,831.0,1.0,26.0,857.0,255.0,257.0,221.0,1846,1438.0,10.0,1445,1448.0,3.0,0,0,,0.0,0.0,0.0,0.0,0.0,2015-07-09,0,0.0,0.0,0.0,0.0,0.0
2015,7,20,1,EV,4703,N15910,MOB,IAH,1841,1833.0,-8.0,8.0,1841.0,93.0,76.0,64.0,427,1945.0,4.0,2014,1949.0,-25.0,0,0,,0.0,0.0,0.0,0.0,0.0,2015-07-20,0,0.0,0.0,0.0,0.0,0.0
2015,6,30,2,B6,901,N706JB,JFK,FLL,829,825.0,-4.0,25.0,850.0,190.0,180.0,150.0,1069,1120.0,5.0,1139,1125.0,-14.0,0,0,,0.0,0.0,0.0,0.0,0.0,2015-06-30,0,0.0,0.0,0.0,0.0,0.0
2015,6,23,2,EV,4260,N18120,CHS,IAH,1846,1924.0,38.0,12.0,1936.0,158.0,148.0,128.0,925,2044.0,8.0,2024,2052.0,28.0,0,0,,0.0,0.0,0.0,28.0,0.0,2015-06-23,1,0.0,0.0,0.0,73.68,0.0
2015,7,8,3,EV,4945,N724EV,MSN,LGA,625,651.0,26.0,10.0,701.0,137.0,124.0,108.0,812,949.0,6.0,942,955.0,13.0,0,0,,0.0,0.0,0.0,0.0,0.0,2015-07-08,1,0.0,0.0,0.0,0.0,0.0
2015,7,10,5,WN,291,N760SW,LAS,SJC,1600,1559.0,-1.0,13.0,1612.0,80.0,76.0,60.0,386,1712.0,3.0,1720,1715.0,-5.0,0,0,,0.0,0.0,0.0,0.0,0.0,2015-07-10,0,0.0,0.0,0.0,0.0,0.0
2015,7,13,1,AA,1996,N554UW,LAX,CLT,1120,1119.0,-1.0,20.0,1139.0,302.0,283.0,251.0,2125,1850.0,12.0,1922,1902.0,-20.0,0,0,,0.0,0.0,0.0,0.0,0.0,2015-07-13,0,0.0,0.0,0.0,0.0,0.0
2015,7,2,4,DL,1844,N980DL,DTW,DFW,838,835.0,-3.0,22.0,857.0,165.0,163.0,137.0,986,1014.0,4.0,1023,1018.0,-5.0,0,0,,0.0,0.0,0.0,0.0,0.0,2015-07-02,0,0.0,0.0,0.0,0.0,0.0
2015,6,21,7,UA,595,N522UA,LAX,MCO,2233,2304.0,31.0,22.0,2326.0,291.0,292.0,265.0,2218,651.0,5.0,624,656.0,32.0,0,0,,1.0,0.0,31.0,0.0,0.0,2015-06-21,1,3.23,0.0,100.0,0.0,0.0
2015,7,3,5,OO,6231,N133SY,DAY,ORD,1400,1358.0,-2.0,12.0,1410.0,75.0,61.0,42.0,240,1352.0,7.0,1415,1359.0,-16.0,0,0,,0.0,0.0,0.0,0.0,0.0,2015-07-03,0,0.0,0.0,0.0,0.0,0.0
2015,6,16,2,AA,395,N3LSAA,ORD,SJU,830,827.0,-3.0,13.0,840.0,293.0,283.0,256.0,2072,1356.0,14.0,1423,1410.0,-13.0,0,0,,0.0,0.0,0.0,0.0,0.0,2015-06-16,0,0.0,0.0,0.0,0.0,0.0
2015,7,22,3,B6,380,N584JB,LGB,LAS,1138,1146.0,8.0,15.0,1201.0,68.0,61.0,40.0,231,1241.0,6.0,1246,1247.0,1.0,0,0,,0.0,0.0,0.0,0.0,0.0,2015-07-22,0,0.0,0.0,0.0,0.0,0.0
2015,7,14,2,EV,2669,N909EV,FSM,DFW,1416,1410.0,-6.0,8.0,1418.0,66.0,57.0,38.0,227,1456.0,11.0,1522,1507.0,-15.0,0,0,,0.0,0.0,0.0,0.0,0.0,2015-07-14,0,0.0,0.0,0.0,0.0,0.0
2015,7,10,5,EV,5166,N839AS,ATL,BTR,910,909.0,-1.0,17.0,926.0,88.0,87.0,65.0,448,931.0,5.0,938,936.0,-2.0,0,0,,0.0,0.0,0.0,0.0,0.0,2015-07-10,0,0.0,0.0,0.0,0.0,0.0
2015,6,21,7,WN,2791,N706SW,DEN,BOS,1825,1829.0,4.0,8.0,1837.0,235.0,217.0,200.0,1754,2357.0,9.0,20,6.0,-14.0,0,0,,0.0,0.0,0.0,0.0,0.0,2015-06-21,0,0.0,0.0,0.0,0.0,0.0
2015,6,28,7,OO,7426,N460SW,MSP,INL,1126,1122.0,-4.0,19.0,1141.0,73.0,68.0,44.0,255,1225.0,5.0,1239,1230.0,-9.0,0,0,,0.0,0.0,0.0,0.0,0.0,2015-06-28,0,0.0,0.0,0.0,0.0,0.0
2015,7,8,3,NK,450,N603NK,FLL,PBG,2240,2248.0,8.0,18.0,2306.0,186.0,196.0,168.0,1334,154.0,10.0,146,204.0,18.0,0,0,,10.0,0.0,1.0,7.0,0.0,2015-07-08,0,125.0,0.0,12.5,87.5,0.0
2015,6,28,7,AA,291,N3EXAA,JFK,MCO,1435,1431.0,-4.0,37.0,1508.0,191.0,205.0,149.0,944,1737.0,19.0,1746,1756.0,10.0,0,0,,0.0,0.0,0.0,0.0,0.0,2015-06-28,0,0.0,0.0,0.0,0.0,0.0
2015,6,17,3,MQ,3585,N669MQ,RAP,DFW,1609,1635.0,26.0,10.0,1645.0,141.0,147.0,120.0,835,1945.0,17.0,1930,2002.0,32.0,0,0,,6.0,0.0,0.0,0.0,26.0,2015-06-17,1,23.08,0.0,0.0,0.0,100.0
2015,6,30,2,EV,2681,N909EV,SHV,DFW,1644,1644.0,0.0,7.0,1651.0,61.0,75.0,41.0,190,1732.0,27.0,1745,1759.0,14.0,0,0,,0.0,0.0,0.0,0.0,0.0,2015-06-30,0,0.0,0.0,0.0,0.0,0.0
2015,6,24,3,DL,997,N983AT,ATL,MEM,1740,2143.0,243.0,15.0,2158.0,89.0,74.0,52.0,332,2150.0,7.0,1809,2157.0,228.0,0,0,,0.0,0.0,43.0,185.0,0.0,2015-06-24,1,0.0,0.0,17.7,76.13,0.0
2015,7,5,7,AS,374,N767AS,SEA,SMF,1215,1227.0,12.0,18.0,1245.0,110.0,107.0,84.0,605,1409.0,5.0,1405,1414.0,9.0,0,0,,0.0,0.0,0.0,0.0,0.0,2015-07-05,0,0.0,0.0,0.0,0.0,0.0
2015,6,15,1,DL,1536,N382DA,DTW,BWI,1028,1027.0,-1.0,14.0,1041.0,95.0,87.0,66.0,409,1147.0,7.0,1203,1154.0,-9.0,0,0,,0.0,0.0,0.0,0.0,0.0,2015-06-15,0,0.0,0.0,0.0,0.0,0.0
2015,7,6,1,EV,5128,N884AS,MGM,ATL,545,537.0,-8.0,18.0,555.0,48.0,67.0,36.0,147,731.0,13.0,733,744.0,11.0,0,0,,0.0,0.0,0.0,0.0,0.0,2015-07-06,0,0.0,0.0,0.0,0.0,0.0
2015,6,19,5,AS,831,N565AS,SEA,OGG,1900,1855.0,-5.0,16.0,1911.0,360.0,358.0,336.0,2640,2147.0,6.0,2200,2153.0,-7.0,0,0,,0.0,0.0,0.0,0.0,0.0,2015-06-19,0,0.0,0.0,0.0,0.0,0.0
2015,7,2,4,AA,433,N551UW,SFO,PHL,1335,1332.0,-3.0,25.0,1357.0,323.0,317.0,287.0,2521,2144.0,5.0,2158,2149.0,-9.0,0,0,,0.0,0.0,0.0,0.0,0.0,2015-07-02,0,0.0,0.0,0.0,0.0,0.0
2015,7,20,1,B6,266,N537JB,LGB,SMF,1523,1601.0,38.0,12.0,1613.0,78.0,75.0,60.0,387,1713.0,3.0,1641,1716.0,35.0,0,0,,0.0,0.0,0.0,35.0,0.0,2015-07-20,1,0.0,0.0,0.0,92.11,0.0
2015,6,25,4,DL,530,N3764D,ANC,SEA,1330,1321.0,-9.0,21.0,1342.0,200.0,209.0,180.0,1448,1742.0,8.0,1750,1750.0,0.0,0,0,,0.0,0.0,0.0,0.0,0.0,2015-06-25,0,0.0,0.0,0.0,0.0,0.0
2015,7,21,2,UA,1497,N64809,SFO,SEA,2029,2028.0,-1.0,14.0,2042.0,124.0,120.0,96.0,679,2218.0,10.0,2233,2228.0,-5.0,0,0,,0.0,0.0,0.0,0.0,0.0,2015-07-21,0,0.0,0.0,0.0,0.0,0.0
2015,6,27,6,EV,5970,N13913,ORD,BHM,1537,1552.0,15.0,12.0,1604.0,114.0,103.0,83.0,584,1727.0,8.0,1731,1735.0,4.0,0,0,,0.0,0.0,0.0,0.0,0.0,2015-06-27,0,0.0,0.0,0.0,0.0,0.0
2015,6,29,1,WN,707,N8315C,HOU,DEN,1045,1045.0,0.0,12.0,1057.0,145.0,147.0,125.0,883,1202.0,10.0,1210,1212.0,2.0,0,0,,0.0,0.0,0.0,0.0,0.0,2015-06-29,0,0.0,0.0,0.0,0.0,0.0
2015,6,29,1,UA,1603,N37408,SEA,ORD,2251,2312.0,21.0,15.0,2327.0,229.0,208.0,189.0,1721,436.0,4.0,440,440.0,0.0,0,0,,0.0,0.0,0.0,0.0,0.0,2015-06-29,1,0.0,0.0,0.0,0.0,0.0
2015,7,18,6,MQ,3514,N530MQ,RDU,LGA,625,620.0,-5.0,9.0,629.0,93.0,83.0,63.0,431,732.0,11.0,758,743.0,-15.0,0,0,,0.0,0.0,0.0,0.0,0.0,2015-07-18,0,0.0,0.0,0.0,0.0,0.0
2015,6,24,3,EV,4667,N17146,ORF,EWR,1230,1231.0,1.0,15.0,1246.0,88.0,99.0,77.0,284,1403.0,7.0,1358,1410.0,12.0,0,0,,0.0,0.0,0.0,0.0,0.0,2015-06-24,0,0.0,0.0,0.0,0.0,0.0
2015,7,8,3,UA,1594,N68836,IAD,MCO,1738,1929.0,111.0,23.0,1952.0,136.0,126.0,98.0,758,2130.0,5.0,1954,2135.0,101.0,0,0,,0.0,0.0,0.0,75.0,26.0,2015-07-08,1,0.0,0.0,0.0,67.57,23.42
2015,7,17,5,EV,5363,N741EV,LIT,DTW,1732,1800.0,28.0,20.0,1820.0,131.0,143.0,116.0,705,2116.0,7.0,2043,2123.0,40.0,0,0,,12.0,0.0,28.0,0.0,0.0,2015-07-17,1,42.86,0.0,100.0,0.0,0.0
2015,7,3,5,B6,56,N348JB,IAD,BOS,820,811.0,-9.0,17.0,828.0,87.0,79.0,59.0,413,927.0,3.0,947,930.0,-17.0,0,0,,0.0,0.0,0.0,0.0,0.0,2015-07-03,0,0.0,0.0,0.0,0.0,0.0
2015,6,18,4,OO,5511,N109SY,DTW,ORD,1720,1740.0,20.0,21.0,1801.0,85.0,78.0,48.0,235,1749.0,9.0,1745,1758.0,13.0,0,0,,0.0,0.0,0.0,0.0,0.0,2015-06-18,1,0.0,0.0,0.0,0.0,0.0
2015,7,1,3,AA,526,N757UW,PHX,RNO,2245,2303.0,18.0,15.0,2318.0,102.0,94.0,75.0,601,33.0,4.0,27,37.0,10.0,0,0,,0.0,0.0,0.0,0.0,0.0,2015-07-01,1,0.0,0.0,0.0,0.0,0.0
2015,7,7,2,EV,2628,N680AE,VPS,DFW,557,557.0,0.0,12.0,609.0,136.0,132.0,109.0,641,758.0,11.0,813,809.0,-4.0,0,0,,0.0,0.0,0.0,0.0,0.0,2015-07-07,0,0.0,0.0,0.0,0.0,0.0
2015,7,9,4,OO,5378,N913SW,ORD,PAH,2105,2100.0,-5.0,14.0,2114.0,77.0,72.0,53.0,342,2207.0,5.0,2222,2212.0,-10.0,0,0,,0.0,0.0,0.0,0.0,0.0,2015-07-09,0,0.0,0.0,0.0,0.0,0.0
2015,7,9,4,OO,5178,N106SY,PIT,ORD,1932,1924.0,-8.0,12.0,1936.0,94.0,90.0,67.0,413,1943.0,11.0,2006,1954.0,-12.0,0,0,,0.0,0.0,0.0,0.0,0.0,2015-07-09,0,0.0,0.0,0.0,0.0,0.0
2015,7,20,1,DL,2087,N6701,MSP,MCI,658,651.0,-7.0,22.0,713.0,80.0,89.0,59.0,393,812.0,8.0,818,820.0,2.0,0,0,,0.0,0.0,0.0,0.0,0.0,2015-07-20,0,0.0,0.0,0.0,0.0,0.0
2015,6,19,5,US,2057,N187US,ORD,CLT,535,1001.0,266.0,15.0,1016.0,111.0,102.0,80.0,599,1236.0,7.0,826,1243.0,257.0,0,0,,0.0,0.0,257.0,0.0,0.0,2015-06-19,1,0.0,0.0,96.62,0.0,0.0
2015,7,14,2,WN,768,N219WN,DEN,MCI,1040,1056.0,16.0,13.0,1109.0,95.0,92.0,72.0,533,1321.0,7.0,1315,1328.0,13.0,0,0,,0.0,0.0,0.0,0.0,0.0,2015-07-14,1,0.0,0.0,0.0,0.0,0.0
2015,6,20,6,HA,236,N477HA,HNL,OGG,1753,1750.0,-3.0,10.0,1800.0,37.0,41.0,24.0,100,1824.0,7.0,1830,1831.0,1.0,0,0,,0.0,0.0,0.0,0.0,0.0,2015-06-20,0,0.0,0.0,0.0,0.0,0.0
2015,7,13,1,UA,1010,N57862,IAH,LAX,2128,56.0,208.0,13.0,109.0,206.0,184.0,160.0,1379,149.0,11.0,2254,200.0,186.0,0,0,,0.0,0.0,7.0,179.0,0.0,2015-07-13,1,0.0,0.0,3.37,86.06,0.0
2015,7,5,7,WN,565,N435WN,SLC,OAK,2130,2126.0,-4.0,11.0,2137.0,105.0,101.0,84.0,588,2201.0,6.0,2215,2207.0,-8.0,0,0,,0.0,0.0,0.0,0.0,0.0,2015-07-05,0,0.0,0.0,0.0,0.0,0.0
2015,7,20,1,UA,1914,N69804,SFO,IAH,1420,1445.0,25.0,20.0,1505.0,245.0,225.0,201.0,1635,2026.0,4.0,2025,2030.0,5.0,0,0,,0.0,0.0,0.0,0.0,0.0,2015-07-20,1,0.0,0.0,0.0,0.0,0.0
2015,6,27,6,WN,4252,N624SW,LAS,LAX,2100,2100.0,0.0,17.0,2117.0,70.0,68.0,41.0,236,2158.0,10.0,2210,2208.0,-2.0,0,0,,0.0,0.0,0.0,0.0,0.0,2015-06-27,0,0.0,0.0,0.0,0.0,0.0
2015,6,25,4,F9,822,N928FR,DEN,MCI,1930,2011.0,41.0,21.0,2032.0,93.0,154.0,121.0,533,2333.0,12.0,2203,2345.0,102.0,0,0,,61.0,0.0,26.0,15.0,0.0,2015-06-25,1,148.78,0.0,63.41,36.59,0.0
2015,7,12,7,DL,1282,N901DE,FLL,DTW,1559,1556.0,-3.0,16.0,1612.0,186.0,186.0,159.0,1127,1851.0,11.0,1905,1902.0,-3.0,0,0,,0.0,0.0,0.0,0.0,0.0,2015-07-12,0,0.0,0.0,0.0,0.0,0.0
2015,6,16,2,WN,3304,N427WN,ATL,CAK,2210,2211.0,1.0,18.0,2229.0,95.0,95.0,71.0,528,2340.0,6.0,2345,2346.0,1.0,0,0,,0.0,0.0,0.0,0.0,0.0,2015-06-16,0,0.0,0.0,0.0,0.0,0.0
2015,6,23,2,UA,1559,N73251,ORD,SFO,1040,1039.0,-1.0,9.0,1048.0,276.0,260.0,246.0,1846,1254.0,5.0,1316,1259.0,-17.0,0,0,,0.0,0.0,0.0,0.0,0.0,2015-06-23,0,0.0,0.0,0.0,0.0,0.0
2015,6,22,1,WN,449,N609SW,ATL,DTW,2105,2059.0,-6.0,21.0,2120.0,120.0,119.0,92.0,594,2252.0,6.0,2305,2258.0,-7.0,0,0,,0.0,0.0,0.0,0.0,0.0,2015-06-22,0,0.0,0.0,0.0,0.0,0.0
2015,6,19,5,AA,1004,N006AA,DFW,AUS,700,655.0,-5.0,11.0,706.0,58.0,52.0,33.0,190,739.0,8.0,758,747.0,-11.0,0,0,,0.0,0.0,0.0,0.0,0.0,2015-06-19,0,0.0,0.0,0.0,0.0,0.0
2015,7,16,4,WN,4262,N774SW,LAS,BNA,1920,1947.0,27.0,14.0,2001.0,215.0,209.0,189.0,1587,110.0,6.0,55,116.0,21.0,0,0,,0.0,0.0,2.0,19.0,0.0,2015-07-16,1,0.0,0.0,7.41,70.37,0.0
2015,6,19,5,WN,796,N7741C,MDW,ORF,1340,1341.0,1.0,20.0,1401.0,125.0,122.0,97.0,704,1638.0,5.0,1645,1643.0,-2.0,0,0,,0.0,0.0,0.0,0.0,0.0,2015-06-19,0,0.0,0.0,0.0,0.0,0.0
2015,7,13,1,WN,1255,N360SW,AUS,BNA,510,538.0,28.0,10.0,548.0,120.0,114.0,98.0,756,726.0,6.0,710,732.0,22.0,0,0,,0.0,0.0,22.0,0.0,0.0,2015-07-13,1,0.0,0.0,78.57,0.0,0.0
2015,6,18,4,WN,1092,N8329B,MKE,SEA,1245,1253.0,8.0,10.0,1303.0,260.0,262.0,244.0,1694,1507.0,8.0,1505,1515.0,10.0,0,0,,0.0,0.0,0.0,0.0,0.0,2015-06-18,0,0.0,0.0,0.0,0.0,0.0
2015,6,15,1,UA,1156,N69835,SFO,EWR,851,853.0,2.0,20.0,913.0,339.0,346.0,319.0,2565,1732.0,7.0,1730,1739.0,9.0,0,0,,0.0,0.0,0.0,0.0,0.0,2015-06-15,0,0.0,0.0,0.0,0.0,0.0
2015,7,13,1,DL,1732,N953AT,CLE,ATL,1632,1638.0,6.0,7.0,1645.0,115.0,99.0,86.0,554,1811.0,6.0,1827,1817.0,-10.0,0,0,,0.0,0.0,0.0,0.0,0.0,2015-07-13,0,0.0,0.0,0.0,0.0,0.0
2015,7,17,5,OO,4563,N548CA,SLC,PHX,1500,1456.0,-4.0,26.0,1522.0,100.0,106.0,75.0,507,1537.0,5.0,1540,1542.0,2.0,0,0,,0.0,0.0,0.0,0.0,0.0,2015-07-17,0,0.0,0.0,0.0,0.0,0.0
2015,6,29,1,WN,4129,N7724A,PHX,BUR,1850,1929.0,39.0,9.0,1938.0,80.0,69.0,57.0,369,2035.0,3.0,2010,2038.0,28.0,0,0,,0.0,0.0,0.0,28.0,0.0,2015-06-29,1,0.0,0.0,0.0,71.79,0.0
2015,6,22,1,US,855,N744P,PHX,IAH,2150,2237.0,47.0,12.0,2249.0,152.0,149.0,130.0,1009,259.0,7.0,222,306.0,44.0,0,0,,0.0,0.0,44.0,0.0,0.0,2015-06-22,1,0.0,0.0,93.62,0.0,0.0
2015,7,6,1,OO,4790,N608SK,PDX,SEA,1550,1545.0,-5.0,14.0,1559.0,50.0,48.0,29.0,129,1628.0,5.0,1640,1633.0,-7.0,0,0,,0.0,0.0,0.0,0.0,0.0,2015-07-06,0,0.0,0.0,0.0,0.0,0.0
2015,7,16,4,MQ,3310,N922MQ,SJT,DFW,1625,1618.0,-7.0,17.0,1635.0,69.0,66.0,41.0,229,1716.0,8.0,1734,1724.0,-10.0,0,0,,0.0,0.0,0.0,0.0,0.0,2015-07-16,0,0.0,0.0,0.0,0.0,0.0
2015,6,17,3,EV,5946,N22909,BHM,ORD,600,637.0,37.0,11.0,648.0,129.0,145.0,120.0,584,848.0,14.0,809,902.0,53.0,0,0,,53.0,0.0,0.0,0.0,0.0,2015-06-17,1,143.24,0.0,0.0,0.0,0.0
2015,6,18,4,DL,468,N721TW,SFO,JFK,1320,1357.0,37.0,17.0,1414.0,350.0,310.0,284.0,2586,2158.0,9.0,2210,2207.0,-3.0,0,0,,0.0,0.0,0.0,0.0,0.0,2015-06-18,1,0.0,0.0,0.0,0.0,0.0
2015,7,21,2,DL,1865,N393DA,ATL,MIA,1000,1003.0,3.0,25.0,1028.0,123.0,111.0,82.0,594,1150.0,4.0,1203,1154.0,-9.0,0,0,,0.0,0.0,0.0,0.0,0.0,2015-07-21,0,0.0,0.0,0.0,0.0,0.0
2015,7,10,5,WN,348,N789SW,LAS,IND,1635,1654.0,19.0,12.0,1706.0,210.0,198.0,179.0,1590,2305.0,7.0,2305,2312.0,7.0,0,0,,0.0,0.0,0.0,0.0,0.0,2015-07-10,1,0.0,0.0,0.0,0.0,0.0
2015,7,15,3,UA,609,N820UA,DCA,ORD,945,946.0,1.0,9.0,955.0,123.0,115.0,97.0,612,1032.0,9.0,1048,1041.0,-7.0,0,0,,0.0,0.0,0.0,0.0,0.0,2015-07-15,0,0.0,0.0,0.0,0.0,0.0
2015,7,12,7,AA,2488,N548AA,DFW,TPA,710,810.0,60.0,16.0,826.0,153.0,159.0,140.0,929,1146.0,3.0,1043,1149.0,66.0,0,0,,6.0,0.0,60.0,0.0,0.0,2015-07-12,1,10.0,0.0,100.0,0.0,0.0
2015,7,8,3,OO,5574,N494CA,FAT,SFO,655,739.0,44.0,20.0,759.0,59.0,54.0,30.0,158,829.0,4.0,754,833.0,39.0,0,0,,0.0,0.0,39.0,0.0,0.0,2015-07-08,1,0.0,0.0,88.64,0.0,0.0
2015,7,17,5,DL,2024,N319US,ATL,BWI,1923,1919.0,-4.0,10.0,1929.0,119.0,106.0,92.0,577,2101.0,4.0,2122,2105.0,-17.0,0,0,,0.0,0.0,0.0,0.0,0.0,2015-07-17,0,0.0,0.0,0.0,0.0,0.0
2015,7,19,7,WN,2597,N254WN,OKC,DAL,1720,1719.0,-1.0,7.0,1726.0,50.0,44.0,33.0,181,1759.0,4.0,1810,1803.0,-7.0,0,0,,0.0,0.0,0.0,0.0,0.0,2015-07-19,0,0.0,0.0,0.0,0.0,0.0
2015,6,26,5,MQ,3016,N528MQ,ORD,XNA,950,956.0,6.0,13.0,1009.0,99.0,95.0,79.0,522,1128.0,3.0,1129,1131.0,2.0,0,0,,0.0,0.0,0.0,0.0,0.0,2015-06-26,0,0.0,0.0,0.0,0.0,0.0
2015,6,20,6,DL,1955,N140LL,ATL,LAX,1620,1649.0,29.0,15.0,1704.0,288.0,257.0,233.0,1947,1757.0,9.0,1808,1806.0,-2.0,0,0,,0.0,0.0,0.0,0.0,0.0,2015-06-20,1,0.0,0.0,0.0,0.0,0.0
2015,6,24,3,EV,5114,N754EV,LGA,RIC,811,836.0,25.0,42.0,918.0,99.0,97.0,50.0,292,1008.0,5.0,950,1013.0,23.0,0,0,,0.0,0.0,11.0,12.0,0.0,2015-06-24,1,0.0,0.0,44.0,48.0,0.0
2015,6,28,7,WN,4429,N7742B,ATL,SAT,950,945.0,-5.0,16.0,1001.0,150.0,156.0,121.0,874,1102.0,19.0,1120,1121.0,1.0,0,0,,0.0,0.0,0.0,0.0,0.0,2015-06-28,0,0.0,0.0,0.0,0.0,0.0
2015,6,25,4,EV,4893,N853AS,ATL,GNV,1934,1933.0,-1.0,29.0,2002.0,76.0,80.0,47.0,300,2049.0,4.0,2050,2053.0,3.0,0,0,,0.0,0.0,0.0,0.0,0.0,2015-06-25,0,0.0,0.0,0.0,0.0,0.0
2015,7,9,4,MQ,3341,N939MQ,DSM,ORD,940,930.0,-10.0,10.0,940.0,83.0,81.0,62.0,299,1042.0,9.0,1103,1051.0,-12.0,0,0,,0.0,0.0,0.0,0.0,0.0,2015-07-09,0,0.0,0.0,0.0,0.0,0.0
2015,6,22,1,US,1801,N749US,CLT,PIT,945,944.0,-1.0,25.0,1009.0,87.0,83.0,55.0,366,1104.0,3.0,1112,1107.0,-5.0,0,0,,0.0,0.0,0.0,0.0,0.0,2015-06-22,0,0.0,0.0,0.0,0.0,0.0
2015,6,24,3,EV,4978,N132EV,MSP,CLE,1912,1910.0,-2.0,22.0,1932.0,111.0,105.0,74.0,622,2146.0,9.0,2203,2155.0,-8.0,0,0,,0.0,0.0,0.0,0.0,0.0,2015-06-24,0,0.0,0.0,0.0,0.0,0.0
2015,7,17,5,WN,2410,N733SA,MDW,BOI,1620,1634.0,14.0,13.0,1647.0,220.0,220.0,203.0,1448,1910.0,4.0,1900,1914.0,14.0,0,0,,0.0,0.0,0.0,0.0,0.0,2015-07-17,0,0.0,0.0,0.0,0.0,0.0
2015,6,27,6,WN,4531,N559WN,CAK,TPA,950,1019.0,29.0,14.0,1033.0,140.0,145.0,125.0,894,1238.0,6.0,1210,1244.0,34.0,0,0,,5.0,0.0,29.0,0.0,0.0,2015-06-27,1,17.24,0.0,100.0,0.0,0.0
2015,6,18,4,HA,118,N480HA,HNL,KOA,705,656.0,-9.0,12.0,708.0,43.0,48.0,29.0,163,737.0,7.0,748,744.0,-4.0,0,0,,0.0,0.0,0.0,0.0,0.0,2015-06-18,0,0.0,0.0,0.0,0.0,0.0
2015,7,12,7,WN,2410,N951WN,BUF,MDW,1510,1508.0,-2.0,12.0,1520.0,95.0,95.0,79.0,468,1539.0,4.0,1545,1543.0,-2.0,0,0,,0.0,0.0,0.0,0.0,0.0,2015-07-12,0,0.0,0.0,0.0,0.0,0.0
2015,7,10,5,UA,1402,N13718,EWR,ATL,1325,1324.0,-1.0,27.0,1351.0,153.0,144.0,105.0,746,1536.0,12.0,1558,1548.0,-10.0,0,0,,0.0,0.0,0.0,0.0,0.0,2015-07-10,0,0.0,0.0,0.0,0.0,0.0
2015,7,15,3,DL,692,N905DL,ATL,MIA,1500,1623.0,83.0,24.0,1647.0,125.0,113.0,83.0,594,1810.0,6.0,1705,1816.0,71.0,0,0,,0.0,0.0,71.0,0.0,0.0,2015-07-15,1,0.0,0.0,85.54,0.0,0.0
2015,6,25,4,UA,380,N851UA,AUS,IAH,700,705.0,5.0,12.0,717.0,60.0,49.0,29.0,140,746.0,8.0,800,754.0,-6.0,0,0,,0.0,0.0,0.0,0.0,0.0,2015-06-25,0,0.0,0.0,0.0,0.0,0.0
2015,6,22,1,US,1711,N195UW,ATL,CLT,1535,1551.0,16.0,23.0,1614.0,87.0,75.0,47.0,226,1701.0,5.0,1702,1706.0,4.0,0,0,,0.0,0.0,0.0,0.0,0.0,2015-06-22,1,0.0,0.0,0.0,0.0,0.0
2015,7,3,5,EV,2694,N633AE,LIT,DFW,1951,2024.0,33.0,10.0,2034.0,79.0,64.0,49.0,304,2123.0,5.0,2110,2128.0,18.0,0,0,,0.0,0.0,9.0,9.0,0.0,2015-07-03,1,0.0,0.0,27.27,27.27,0.0
2015,7,7,2,DL,2124,N932DL,MSY,ATL,715,714.0,-1.0,14.0,728.0,93.0,87.0,63.0,425,931.0,10.0,948,941.0,-7.0,0,0,,0.0,0.0,0.0,0.0,0.0,2015-07-07,0,0.0,0.0,0.0,0.0,0.0
2015,7,4,6,OO,5189,N732SK,PHX,IAH,1022,1016.0,-6.0,17.0,1033.0,163.0,160.0,131.0,1009,1444.0,12.0,1505,1456.0,-9.0,0,0,,0.0,0.0,0.0,0.0,0.0,2015-07-04,0,0.0,0.0,0.0,0.0,0.0
2015,6,14,7,B6,2269,N505JB,BOS,FLL,1122,1118.0,-4.0,14.0,1132.0,201.0,185.0,167.0,1237,1419.0,4.0,1443,1423.0,-20.0,0,0,,0.0,0.0,0.0,0.0,0.0,2015-06-14,0,0.0,0.0,0.0,0.0,0.0
2015,7,9,4,WN,323,N749SW,PHX,SMF,800,832.0,32.0,16.0,848.0,120.0,111.0,91.0,647,1019.0,4.0,1000,1023.0,23.0,0,0,,0.0,0.0,6.0,17.0,0.0,2015-07-09,1,0.0,0.0,18.75,53.12,0.0
2015,7,11,6,OO,5410,N923SW,EAU,ORD,1853,1838.0,-15.0,19.0,1857.0,77.0,88.0,51.0,268,1948.0,18.0,2010,2006.0,-4.0,0,0,,0.0,0.0,0.0,0.0,0.0,2015-07-11,0,0.0,0.0,0.0,0.0,0.0
2015,6,24,3,DL,1533,N961DL,SRQ,ATL,600,554.0,-6.0,11.0,605.0,90.0,84.0,67.0,444,712.0,6.0,730,718.0,-12.0,0,0,,0.0,0.0,0.0,0.0,0.0,2015-06-24,0,0.0,0.0,0.0,0.0,0.0
2015,7,18,6,WN,1753,N8654B,OAK,HOU,710,703.0,-7.0,9.0,712.0,225.0,220.0,203.0,1642,1235.0,8.0,1255,1243.0,-12.0,0,0,,0.0,0.0,0.0,0.0,0.0,2015-07-18,0,0.0,0.0,0.0,0.0,0.0
2015,7,19,7,AA,202,N3KWAA,LAX,BOS,1230,1230.0,0.0,9.0,1239.0,340.0,311.0,293.0,2611,2032.0,9.0,2110,2041.0,-29.0,0,0,,0.0,0.0,0.0,0.0,0.0,2015-07-19,0,0.0,0.0,0.0,0.0,0.0
2015,7,12,7,AA,1237,N3EPAA,ATL,DFW,935,933.0,-2.0,15.0,948.0,138.0,133.0,103.0,731,1031.0,15.0,1053,1046.0,-7.0,0,0,,0.0,0.0,0.0,0.0,0.0,2015-07-12,0,0.0,0.0,0.0,0.0,0.0
2015,6,16,2,UA,1290,N37409,FLL,ORD,1102,1054.0,-8.0,15.0,1109.0,198.0,206.0,150.0,1182,1239.0,41.0,1320,1320.0,0.0,0,0,,0.0,0.0,0.0,0.0,0.0,2015-06-16,0,0.0,0.0,0.0,0.0,0.0
2015,6,18,4,EV,4199,N17138,MKE,CLE,600,556.0,-4.0,27.0,623.0,75.0,85.0,50.0,328,813.0,8.0,815,821.0,6.0,0,0,,0.0,0.0,0.0,0.0,0.0,2015-06-18,0,0.0,0.0,0.0,0.0,0.0
2015,7,10,5,EV,5248,N131EV,ATL,SGF,1259,1323.0,24.0,15.0,1338.0,106.0,104.0,86.0,563,1404.0,3.0,1345,1407.0,22.0,0,0,,0.0,0.0,22.0,0.0,0.0,2015-07-10,1,0.0,0.0,91.67,0.0,0.0
2015,6,25,4,EV,5118,N758EV,BDL,CLE,710,705.0,-5.0,23.0,728.0,94.0,105.0,78.0,476,846.0,4.0,844,850.0,6.0,0,0,,0.0,0.0,0.0,0.0,0.0,2015-06-25,0,0.0,0.0,0.0,0.0,0.0
2015,7,1,3,WN,2263,N494WN,AUS,DAL,1840,1856.0,16.0,9.0,1905.0,55.0,53.0,39.0,189,1944.0,5.0,1935,1949.0,14.0,0,0,,0.0,0.0,0.0,0.0,0.0,2015-07-01,1,0.0,0.0,0.0,0.0,0.0
2015,7,6,1,UA,228,N493UA,AUS,ORD,916,913.0,-3.0,13.0,926.0,168.0,160.0,142.0,978,1148.0,5.0,1204,1153.0,-11.0,0,0,,0.0,0.0,0.0,0.0,0.0,2015-07-06,0,0.0,0.0,0.0,0.0,0.0
2015,7,14,2,DL,2280,N906AT,LGA,TPA,825,830.0,5.0,27.0,857.0,183.0,167.0,137.0,1010,1114.0,3.0,1128,1117.0,-11.0,0,0,,0.0,0.0,0.0,0.0,0.0,2015-07-14,0,0.0,0.0,0.0,0.0,0.0
2015,6,20,6,F9,558,N932FR,SAN,DEN,1900,1902.0,2.0,14.0,1916.0,132.0,138.0,114.0,853,2210.0,10.0,2212,2220.0,8.0,0,0,,0.0,0.0,0.0,0.0,0.0,2015-06-20,0,0.0,0.0,0.0,0.0,0.0
2015,6,22,1,DL,1541,N322US,DCA,MSP,1932,1944.0,12.0,11.0,1955.0,160.0,151.0,137.0,931,2112.0,3.0,2112,2115.0,3.0,0,0,,0.0,0.0,0.0,0.0,0.0,2015-06-22,0,0.0,0.0,0.0,0.0,0.0
2015,7,15,3,OO,5171,N131SY,CLT,ORD,1719,1746.0,27.0,24.0,1810.0,130.0,130.0,98.0,599,1848.0,8.0,1829,1856.0,27.0,0,0,,0.0,0.0,0.0,27.0,0.0,2015-07-15,1,0.0,0.0,0.0,100.0,0.0
2015,6,24,3,DL,2674,N985AT,LGA,BOS,1000,955.0,-5.0,66.0,1101.0,84.0,109.0,34.0,184,1135.0,9.0,1124,1144.0,20.0,0,0,,20.0,0.0,0.0,0.0,0.0,2015-06-24,0,-400.0,-0.0,-0.0,-0.0,-0.0
2015,7,1,3,OO,6472,N787SK,DEN,PHX,2156,2150.0,-6.0,14.0,2204.0,119.0,108.0,89.0,602,2233.0,5.0,2255,2238.0,-17.0,0,0,,0.0,0.0,0.0,0.0,0.0,2015-07-01,0,0.0,0.0,0.0,0.0,0.0
2015,6,23,2,US,1755,N954UW,PHL,RDU,2030,2309.0,159.0,23.0,2332.0,84.0,82.0,56.0,337,28.0,3.0,2154,31.0,157.0,0,0,,0.0,0.0,108.0,49.0,0.0,2015-06-23,1,0.0,0.0,67.92,30.82,0.0
2015,6,15,1,EV,5087,N134EV,MSP,FSD,1521,1515.0,-6.0,21.0,1536.0,63.0,56.0,32.0,196,1608.0,3.0,1624,1611.0,-13.0,0,0,,0.0,0.0,0.0,0.0,0.0,2015-06-15,0,0.0,0.0,0.0,0.0,0.0
2015,7,17,5,OO,7386,N809CA,DTW,ESC,2130,2128.0,-2.0,22.0,2150.0,78.0,80.0,52.0,306,2242.0,6.0,2248,2248.0,0.0,0,0,,0.0,0.0,0.0,0.0,0.0,2015-07-17,0,0.0,0.0,0.0,0.0,0.0
2015,6,24,3,UA,1255,N68452,CLE,ORD,1433,1431.0,-2.0,12.0,1443.0,86.0,71.0,52.0,315,1435.0,7.0,1459,1442.0,-17.0,0,0,,0.0,0.0,0.0,0.0,0.0,2015-06-24,0,0.0,0.0,0.0,0.0,0.0
2015,6,28,7,UA,1243,N14230,IAH,BWI,1924,2009.0,45.0,19.0,2028.0,190.0,170.0,144.0,1235,2352.0,7.0,2334,2359.0,25.0,0,0,,0.0,0.0,21.0,4.0,0.0,2015-06-28,1,0.0,0.0,46.67,8.89,0.0
2015,7,11,6,WN,1414,N7718B,STL,ATL,1925,1927.0,2.0,13.0,1940.0,95.0,85.0,65.0,484,2145.0,7.0,2200,2152.0,-8.0,0,0,,0.0,0.0,0.0,0.0,0.0,2015-07-11,0,0.0,0.0,0.0,0.0,0.0
2015,7,9,4,AA,2038,N710UW,CLT,PVD,2204,2200.0,-4.0,13.0,2213.0,112.0,107.0,89.0,683,2342.0,5.0,2356,2347.0,-9.0,0,0,,0.0,0.0,0.0,0.0,0.0,2015-07-09,0,0.0,0.0,0.0,0.0,0.0
2015,6,20,6,US,618,N653AW,PHX,BWI,1520,1535.0,15.0,17.0,1552.0,266.0,319.0,281.0,1999,2333.0,21.0,2246,2354.0,68.0,0,0,,53.0,0.0,15.0,0.0,0.0,2015-06-20,0,353.33,0.0,100.0,0.0,0.0
2015,6,20,6,WN,1389,N221WN,HOU,ATL,1845,1902.0,17.0,10.0,1912.0,120.0,109.0,93.0,696,2145.0,6.0,2145,2151.0,6.0,0,0,,0.0,0.0,0.0,0.0,0.0,2015-06-20,1,0.0,0.0,0.0,0.0,0.0
2015,6,28,7,WN,1795,N901WN,MCO,PIT,1320,1447.0,87.0,16.0,1503.0,135.0,127.0,107.0,834,1650.0,4.0,1535,1654.0,79.0,0,0,,0.0,0.0,79.0,0.0,0.0,2015-06-28,1,0.0,0.0,90.8,0.0,0.0
2015,6,14,7,WN,4140,N634SW,BNA,CLE,1540,1544.0,4.0,8.0,1552.0,85.0,81.0,67.0,448,1759.0,6.0,1805,1805.0,0.0,0,0,,0.0,0.0,0.0,0.0,0.0,2015-06-14,0,0.0,0.0,0.0,0.0,0.0
2015,6,15,1,AS,558,N614AS,PDX,LAX,640,638.0,-2.0,17.0,655.0,150.0,145.0,119.0,834,854.0,9.0,910,903.0,-7.0,0,0,,0.0,0.0,0.0,0.0,0.0,2015-06-15,0,0.0,0.0,0.0,0.0,0.0
2015,6,20,6,WN,1557,N963WN,MKE,ATL,1130,1126.0,-4.0,8.0,1134.0,125.0,133.0,118.0,669,1432.0,7.0,1435,1439.0,4.0,0,0,,0.0,0.0,0.0,0.0,0.0,2015-06-20,0,0.0,0.0,0.0,0.0,0.0
2015,7,1,3,WN,701,N617SW,BWI,IND,2215,2216.0,1.0,11.0,2227.0,100.0,100.0,85.0,516,2352.0,4.0,2355,2356.0,1.0,0,0,,0.0,0.0,0.0,0.0,0.0,2015-07-01,0,0.0,0.0,0.0,0.0,0.0
2015,7,15,3,AA,128,N484AA,DFW,IAD,2021,2222.0,121.0,14.0,2236.0,185.0,166.0,146.0,1172,202.0,6.0,26,208.0,102.0,0,0,,0.0,0.0,102.0,0.0,0.0,2015-07-15,1,0.0,0.0,84.3,0.0,0.0
2015,7,13,1,OO,5538,N918SW,MFR,SFO,1037,1024.0,-13.0,25.0,1049.0,88.0,94.0,66.0,329,1155.0,3.0,1205,1158.0,-7.0,0,0,,0.0,0.0,0.0,0.0,0.0,2015-07-13,0,0.0,0.0,0.0,0.0,0.0
2015,7,9,4,NK,200,N517NK,IAH,ORD,600,600.0,0.0,7.0,607.0,163.0,136.0,119.0,925,806.0,10.0,843,816.0,-27.0,0,0,,0.0,0.0,0.0,0.0,0.0,2015-07-09,0,0.0,0.0,0.0,0.0,0.0
2015,7,13,1,WN,117,N789SW,MKE,BOS,2035,2120.0,45.0,16.0,2136.0,130.0,138.0,114.0,860,30.0,8.0,2345,38.0,53.0,0,0,,8.0,0.0,0.0,45.0,0.0,2015-07-13,1,17.78,0.0,0.0,100.0,0.0
2015,7,11,6,DL,1493,N948DL,AVL,ATL,630,624.0,-6.0,13.0,637.0,60.0,48.0,31.0,164,708.0,4.0,730,712.0,-18.0,0,0,,0.0,0.0,0.0,0.0,0.0,2015-07-11,0,0.0,0.0,0.0,0.0,0.0
2015,6,24,3,EV,4284,N12195,SDF,EWR,735,731.0,-4.0,13.0,744.0,123.0,111.0,90.0,642,914.0,8.0,938,922.0,-16.0,0,0,,0.0,0.0,0.0,0.0,0.0,2015-06-24,0,0.0,0.0,0.0,0.0,0.0
2015,7,6,1,WN,4189,N361SW,BWI,TPA,1120,1118.0,-2.0,8.0,1126.0,140.0,130.0,118.0,842,1324.0,4.0,1340,1328.0,-12.0,0,0,,0.0,0.0,0.0,0.0,0.0,2015-07-06,0,0.0,0.0,0.0,0.0,0.0
2015,6,16,2,OO,5221,N910SW,ORD,SDF,731,735.0,4.0,15.0,750.0,82.0,77.0,56.0,287,946.0,6.0,953,952.0,-1.0,0,0,,0.0,0.0,0.0,0.0,0.0,2015-06-16,0,0.0,0.0,0.0,0.0,0.0
2015,7,1,3,AA,1291,N472AA,MKE,DFW,705,658.0,-7.0,24.0,722.0,153.0,157.0,123.0,853,925.0,10.0,938,935.0,-3.0,0,0,,0.0,0.0,0.0,0.0,0.0,2015-07-01,0,0.0,0.0,0.0,0.0,0.0
2015,7,19,7,WN,372,N745SW,BWI,MSY,810,809.0,-1.0,9.0,818.0,160.0,141.0,128.0,998,926.0,4.0,950,930.0,-20.0,0,0,,0.0,0.0,0.0,0.0,0.0,2015-07-19,0,0.0,0.0,0.0,0.0,0.0
2015,7,1,3,EV,4212,N14907,EWR,MKE,1525,1523.0,-2.0,18.0,1541.0,151.0,155.0,118.0,725,1639.0,19.0,1656,1658.0,2.0,0,0,,0.0,0.0,0.0,0.0,0.0,2015-07-01,0,0.0,0.0,0.0,0.0,0.0
2015,6,21,7,EV,3933,N11176,EWR,DTW,913,911.0,-2.0,28.0,939.0,121.0,126.0,90.0,488,1109.0,8.0,1114,1117.0,3.0,0,0,,0.0,0.0,0.0,0.0,0.0,2015-06-21,0,0.0,0.0,0.0,0.0,0.0
2015,6,21,7,AA,2462,N864AA,DFW,LAX,840,1030.0,110.0,18.0,1048.0,196.0,214.0,159.0,1235,1127.0,37.0,956,1204.0,128.0,0,0,,18.0,0.0,43.0,67.0,0.0,2015-06-21,1,16.36,0.0,39.09,60.91,0.0
2015,6,18,4,DL,2121,N927AT,JAN,ATL,907,904.0,-3.0,10.0,914.0,83.0,75.0,52.0,341,1106.0,13.0,1130,1119.0,-11.0,0,0,,0.0,0.0,0.0,0.0,0.0,2015-06-18,0,0.0,0.0,0.0,0.0,0.0
2015,6,14,7,DL,323,N6707A,ATL,SJU,820,831.0,11.0,14.0,845.0,218.0,205.0,186.0,1547,1151.0,5.0,1158,1156.0,-2.0,0,0,,0.0,0.0,0.0,0.0,0.0,2015-06-14,0,0.0,0.0,0.0,0.0,0.0
2015,7,15,3,WN,1875,N8658A,PHX,DEN,1445,1523.0,38.0,7.0,1530.0,105.0,119.0,106.0,602,1816.0,6.0,1730,1822.0,52.0,0,0,,14.0,0.0,13.0,25.0,0.0,2015-07-15,1,36.84,0.0,34.21,65.79,0.0
2015,7,2,4,UA,231,N475UA,IAD,SAN,1222,1218.0,-4.0,10.0,1228.0,323.0,293.0,281.0,2253,1409.0,2.0,1445,1411.0,-34.0,0,0,,0.0,0.0,0.0,0.0,0.0,2015-07-02,0,0.0,0.0,0.0,0.0,0.0
2015,7,2,4,OO,4618,N822SK,SLC,SAT,951,949.0,-2.0,15.0,1004.0,169.0,161.0,137.0,1087,1321.0,9.0,1340,1330.0,-10.0,0,0,,0.0,0.0,0.0,0.0,0.0,2015-07-02,0,0.0,0.0,0.0,0.0,0.0
2015,7,6,1,WN,816,N7811F,MKE,DEN,1350,1350.0,0.0,8.0,1358.0,150.0,144.0,130.0,896,1508.0,6.0,1520,1514.0,-6.0,0,0,,0.0,0.0,0.0,0.0,0.0,2015-07-06,0,0.0,0.0,0.0,0.0,0.0
2015,6,15,1,US,602,N918US,DFW,PHX,615,610.0,-5.0,18.0,628.0,144.0,145.0,119.0,868,627.0,8.0,639,635.0,-4.0,0,0,,0.0,0.0,0.0,0.0,0.0,2015-06-15,0,0.0,0.0,0.0,0.0,0.0
2015,7,7,2,EV,5166,N917EV,ATL,BTR,910,1011.0,61.0,19.0,1030.0,88.0,89.0,66.0,448,1036.0,4.0,938,1040.0,62.0,0,0,,1.0,0.0,57.0,4.0,0.0,2015-07-07,1,1.64,0.0,93.44,6.56,0.0
2015,6,28,7,WN,520,N521SW,DAL,MAF,1510,1518.0,8.0,8.0,1526.0,65.0,60.0,49.0,319,1615.0,3.0,1615,1618.0,3.0,0,0,,0.0,0.0,0.0,0.0,0.0,2015-06-28,0,0.0,0.0,0.0,0.0,0.0
2015,6,25,4,US,1840,N813AW,CLT,PIT,1805,1902.0,57.0,13.0,1915.0,85.0,72.0,55.0,366,2010.0,4.0,1930,2014.0,44.0,0,0,,0.0,0.0,44.0,0.0,0.0,2015-06-25,1,0.0,0.0,77.19,0.0,0.0
2015,7,1,3,DL,109,N581NW,ATL,MCO,1655,1656.0,1.0,24.0,1720.0,100.0,91.0,59.0,404,1819.0,8.0,1835,1827.0,-8.0,0,0,,0.0,0.0,0.0,0.0,0.0,2015-07-01,0,0.0,0.0,0.0,0.0,0.0
2015,7,16,4,DL,1075,N953AT,ATL,HSV,2311,2309.0,-2.0,11.0,2320.0,55.0,45.0,29.0,151,2249.0,5.0,2306,2254.0,-12.0,0,0,,0.0,0.0,0.0,0.0,0.0,2015-07-16,0,0.0,0.0,0.0,0.0,0.0
2015,7,19,7,OO,6278,N920SW,RAP,DEN,551,550.0,-1.0,17.0,607.0,76.0,80.0,55.0,300,702.0,8.0,707,710.0,3.0,0,0,,0.0,0.0,0.0,0.0,0.0,2015-07-19,0,0.0,0.0,0.0,0.0,0.0
2015,6,29,1,UA,1182,N57864,LAX,OGG,1721,1737.0,16.0,15.0,1752.0,331.0,311.0,290.0,2486,1942.0,6.0,1952,1948.0,-4.0,0,0,,0.0,0.0,0.0,0.0,0.0,2015-06-29,1,0.0,0.0,0.0,0.0,0.0
2015,6,14,7,EV,2640,N629AE,TYS,DFW,818,814.0,-4.0,12.0,826.0,142.0,140.0,112.0,772,918.0,16.0,940,934.0,-6.0,0,0,,0.0,0.0,0.0,0.0,0.0,2015-06-14,0,0.0,0.0,0.0,0.0,0.0
2015,6,27,6,OO,6190,N962SW,DEN,PSC,1845,1840.0,-5.0,19.0,1859.0,151.0,143.0,120.0,852,1959.0,4.0,2016,2003.0,-13.0,0,0,,0.0,0.0,0.0,0.0,0.0,2015-06-27,0,0.0,0.0,0.0,0.0,0.0
2015,7,6,1,F9,335,N939FR,MSP,DEN,1830,2054.0,144.0,14.0,2108.0,121.0,123.0,102.0,680,2150.0,7.0,1931,2157.0,146.0,0,0,,18.0,0.0,128.0,0.0,0.0,2015-07-06,1,12.5,0.0,88.89,0.0,0.0
2015,7,17,5,DL,959,N945DN,MCI,MSP,1705,1716.0,11.0,12.0,1728.0,84.0,84.0,66.0,393,1834.0,6.0,1829,1840.0,11.0,0,0,,0.0,0.0,0.0,0.0,0.0,2015-07-17,0,0.0,0.0,0.0,0.0,0.0
2015,6,15,1,B6,28,N630JB,MCO,EWR,755,749.0,-6.0,14.0,803.0,155.0,151.0,130.0,937,1013.0,7.0,1030,1020.0,-10.0,0,0,,0.0,0.0,0.0,0.0,0.0,2015-06-15,0,0.0,0.0,0.0,0.0,0.0
2015,7,7,2,DL,2497,N938AT,CAE,ATL,550,546.0,-4.0,10.0,556.0,60.0,51.0,35.0,192,631.0,6.0,650,637.0,-13.0,0,0,,0.0,0.0,0.0,0.0,0.0,2015-07-07,0,0.0,0.0,0.0,0.0,0.0
2015,7,22,3,MQ,3675,N543MQ,CMH,LGA,550,610.0,20.0,14.0,624.0,99.0,87.0,65.0,479,729.0,8.0,729,737.0,8.0,0,0,,0.0,0.0,0.0,0.0,0.0,2015-07-22,1,0.0,0.0,0.0,0.0,0.0
2015,7,17,5,OO,5478,N925SW,MAF,DEN,2030,2038.0,8.0,11.0,2049.0,120.0,105.0,82.0,563,2111.0,12.0,2130,2123.0,-7.0,0,0,,0.0,0.0,0.0,0.0,0.0,2015-07-17,0,0.0,0.0,0.0,0.0,0.0
2015,7,19,7,AA,2281,N3LKAA,ORD,SJC,1755,1752.0,-3.0,11.0,1803.0,276.0,254.0,238.0,1829,2001.0,5.0,2031,2006.0,-25.0,0,0,,0.0,0.0,0.0,0.0,0.0,2015-07-19,0,0.0,0.0,0.0,0.0,0.0
2015,7,6,1,WN,143,N691WN,SFO,SAN,600,559.0,-1.0,41.0,640.0,95.0,117.0,72.0,447,752.0,4.0,735,756.0,21.0,0,0,,21.0,0.0,0.0,0.0,0.0,2015-07-06,0,-2100.0,-0.0,-0.0,-0.0,-0.0
2015,7,16,4,EV,4750,N13995,FSD,ORD,1130,1126.0,-4.0,27.0,1153.0,95.0,104.0,67.0,462,1300.0,10.0,1305,1310.0,5.0,0,0,,0.0,0.0,0.0,0.0,0.0,2015-07-16,0,0.0,0.0,0.0,0.0,0.0
2015,6,29,1,OO,6254,N771SK,LAS,LAX,600,552.0,-8.0,16.0,608.0,72.0,65.0,40.0,236,648.0,9.0,712,657.0,-15.0,0,0,,0.0,0.0,0.0,0.0,0.0,2015-06-29,0,0.0,0.0,0.0,0.0,0.0
2015,7,4,6,EV,4751,N16546,IAH,SAT,909,904.0,-5.0,12.0,916.0,64.0,57.0,38.0,191,954.0,7.0,1013,1001.0,-12.0,0,0,,0.0,0.0,0.0,0.0,0.0,2015-07-04,0,0.0,0.0,0.0,0.0,0.0
2015,7,16,4,UA,864,N495UA,SFO,RNO,2326,7.0,41.0,23.0,30.0,64.0,58.0,31.0,192,101.0,4.0,30,105.0,35.0,0,0,,0.0,0.0,0.0,35.0,0.0,2015-07-16,1,0.0,0.0,0.0,85.37,0.0
2015,7,18,6,HA,320,N486HA,HNL,OGG,850,850.0,0.0,10.0,900.0,37.0,37.0,20.0,100,920.0,7.0,927,927.0,0.0,0,0,,0.0,0.0,0.0,0.0,0.0,2015-07-18,0,0.0,0.0,0.0,0.0,0.0
2015,6,15,1,AA,262,N3GYAA,MIA,LGA,1545,1538.0,-7.0,71.0,1649.0,176.0,241.0,165.0,1096,1934.0,5.0,1841,1939.0,58.0,0,0,,58.0,0.0,0.0,0.0,0.0,2015-06-15,0,-828.57,-0.0,-0.0,-0.0,-0.0
2015,7,19,7,WN,3562,N521SW,MAF,DAL,935,928.0,-7.0,12.0,940.0,70.0,71.0,55.0,319,1035.0,4.0,1045,1039.0,-6.0,0,0,,0.0,0.0,0.0,0.0,0.0,2015-07-19,0,0.0,0.0,0.0,0.0,0.0
2015,7,15,3,WN,1694,N238WN,AUS,PHX,700,659.0,-1.0,12.0,711.0,140.0,132.0,116.0,872,707.0,4.0,720,711.0,-9.0,0,0,,0.0,0.0,0.0,0.0,0.0,2015-07-15,0,0.0,0.0,0.0,0.0,0.0
2015,6,18,4,WN,232,N265WN,MSY,HOU,1610,1725.0,75.0,8.0,1733.0,70.0,67.0,51.0,302,1824.0,8.0,1720,1832.0,72.0,0,0,,0.0,0.0,3.0,69.0,0.0,2015-06-18,1,0.0,0.0,4.0,92.0,0.0
2015,7,13,1,WN,358,N913WN,OAK,HOU,1830,1929.0,59.0,9.0,1938.0,225.0,218.0,202.0,1642,100.0,7.0,15,107.0,52.0,0,0,,0.0,0.0,47.0,5.0,0.0,2015-07-13,1,0.0,0.0,79.66,8.47,0.0
2015,7,19,7,B6,533,N623JB,BDL,TPA,1112,1109.0,-3.0,19.0,1128.0,179.0,204.0,173.0,1111,1421.0,12.0,1411,1433.0,22.0,0,0,,22.0,0.0,0.0,0.0,0.0,2015-07-19,0,-733.33,-0.0,-0.0,-0.0,-0.0
2015,7,15,3,EV,5167,N136EV,LEX,ATL,1824,1825.0,1.0,12.0,1837.0,85.0,88.0,52.0,304,1929.0,24.0,1949,1953.0,4.0,0,0,,0.0,0.0,0.0,0.0,0.0,2015-07-15,0,0.0,0.0,0.0,0.0,0.0
2015,6,16,2,DL,1489,N347NB,ATL,IAH,1350,1619.0,149.0,14.0,1633.0,130.0,123.0,100.0,689,1713.0,9.0,1500,1722.0,142.0,0,0,,142.0,0.0,0.0,0.0,0.0,2015-06-16,1,95.3,0.0,0.0,0.0,0.0
2015,6,25,4,DL,589,N825DN,MSP,SEA,1115,1116.0,1.0,15.0,1131.0,217.0,226.0,198.0,1399,1249.0,13.0,1252,1302.0,10.0,0,0,,0.0,0.0,0.0,0.0,0.0,2015-06-25,0,0.0,0.0,0.0,0.0,0.0
2015,6,19,5,WN,658,N787SA,DEN,RDU,1245,1245.0,0.0,14.0,1259.0,195.0,195.0,176.0,1436,1755.0,5.0,1800,1800.0,0.0,0,0,,0.0,0.0,0.0,0.0,0.0,2015-06-19,0,0.0,0.0,0.0,0.0,0.0
2015,7,9,4,MQ,3490,N614MQ,FAR,ORD,556,548.0,-8.0,12.0,600.0,114.0,111.0,78.0,557,718.0,21.0,750,739.0,-11.0,0,0,,0.0,0.0,0.0,0.0,0.0,2015-07-09,0,0.0,0.0,0.0,0.0,0.0
2015,6,26,5,EV,4962,N611QX,GSO,LGA,604,601.0,-3.0,9.0,610.0,86.0,75.0,62.0,461,712.0,4.0,730,716.0,-14.0,0,0,,0.0,0.0,0.0,0.0,0.0,2015-06-26,0,0.0,0.0,0.0,0.0,0.0
2015,6,17,3,OO,5391,N938SW,MRY,LAX,2026,2020.0,-6.0,31.0,2051.0,87.0,106.0,55.0,266,2146.0,20.0,2153,2206.0,13.0,0,0,,0.0,0.0,0.0,0.0,0.0,2015-06-17,0,0.0,0.0,0.0,0.0,0.0
2015,7,13,1,VX,169,N849VA,EWR,LAX,1729,1719.0,-10.0,16.0,1735.0,361.0,366.0,341.0,2454,2016.0,9.0,2030,2025.0,-5.0,0,0,,0.0,0.0,0.0,0.0,0.0,2015-07-13,0,0.0,0.0,0.0,0.0,0.0
2015,7,22,3,WN,2335,N608SW,BWI,MHT,1025,1027.0,2.0,18.0,1045.0,80.0,82.0,61.0,377,1146.0,3.0,1145,1149.0,4.0,0,0,,0.0,0.0,0.0,0.0,0.0,2015-07-22,0,0.0,0.0,0.0,0.0,0.0
2015,7,1,3,UA,1472,N17229,ATL,IAH,1857,2023.0,86.0,17.0,2040.0,142.0,118.0,94.0,689,2114.0,7.0,2019,2121.0,62.0,0,0,,7.0,0.0,0.0,55.0,0.0,2015-07-01,1,8.14,0.0,0.0,63.95,0.0
2015,6,29,1,B6,206,N580JB,LGB,SEA,1937,1930.0,-7.0,15.0,1945.0,152.0,144.0,119.0,965,2144.0,10.0,2209,2154.0,-15.0,0,0,,0.0,0.0,0.0,0.0,0.0,2015-06-29,0,0.0,0.0,0.0,0.0,0.0
2015,6,25,4,WN,4190,N936WN,OAK,MDW,1330,1336.0,6.0,11.0,1347.0,245.0,241.0,227.0,1844,1934.0,3.0,1935,1937.0,2.0,0,0,,0.0,0.0,0.0,0.0,0.0,2015-06-25,0,0.0,0.0,0.0,0.0,0.0
2015,7,20,1,AA,2064,N182UW,CLT,LGA,1145,1141.0,-4.0,23.0,1204.0,115.0,108.0,79.0,544,1323.0,6.0,1340,1329.0,-11.0,0,0,,0.0,0.0,0.0,0.0,0.0,2015-07-20,0,0.0,0.0,0.0,0.0,0.0
2015,7,16,4,UA,1934,N87507,SAN,EWR,1641,1647.0,6.0,10.0,1657.0,323.0,293.0,277.0,2425,34.0,6.0,104,40.0,-24.0,0,0,,0.0,0.0,0.0,0.0,0.0,2015-07-16,0,0.0,0.0,0.0,0.0,0.0
2015,7,3,5,WN,1384,N379SW,LAX,OAK,1440,1445.0,5.0,6.0,1451.0,70.0,60.0,49.0,337,1540.0,5.0,1550,1545.0,-5.0,0,0,,0.0,0.0,0.0,0.0,0.0,2015-07-03,0,0.0,0.0,0.0,0.0,0.0
2015,6,19,5,NK,245,N613NK,ORD,LAS,1534,1557.0,23.0,20.0,1617.0,227.0,219.0,193.0,1514,1730.0,6.0,1721,1736.0,15.0,0,0,,0.0,0.0,15.0,0.0,0.0,2015-06-19,1,0.0,0.0,65.22,0.0,0.0
2015,6,14,7,WN,1071,N485WN,DEN,IAD,1825,1845.0,20.0,10.0,1855.0,200.0,191.0,168.0,1452,2343.0,13.0,2345,2356.0,11.0,0,0,,0.0,0.0,0.0,0.0,0.0,2015-06-14,1,0.0,0.0,0.0,0.0,0.0
2015,7,4,6,UA,1487,N76504,DFW,IAH,640,641.0,1.0,11.0,652.0,72.0,61.0,38.0,224,730.0,12.0,752,742.0,-10.0,0,0,,0.0,0.0,0.0,0.0,0.0,2015-07-04,0,0.0,0.0,0.0,0.0,0.0
2015,6,29,1,F9,1035,N921FR,CVG,FLL,750,747.0,-3.0,9.0,756.0,145.0,153.0,138.0,932,1014.0,6.0,1015,1020.0,5.0,0,0,,0.0,0.0,0.0,0.0,0.0,2015-06-29,0,0.0,0.0,0.0,0.0,0.0
2015,6,19,5,OO,4517,N187PQ,PHX,LAX,1615,1625.0,10.0,13.0,1638.0,90.0,80.0,56.0,370,1734.0,11.0,1745,1745.0,0.0,0,0,,0.0,0.0,0.0,0.0,0.0,2015-06-19,0,0.0,0.0,0.0,0.0,0.0
2015,7,8,3,B6,411,N641JB,JFK,LAS,946,1019.0,33.0,22.0,1041.0,332.0,332.0,301.0,2248,1242.0,9.0,1218,1251.0,33.0,0,0,,0.0,0.0,33.0,0.0,0.0,2015-07-08,1,0.0,0.0,100.0,0.0,0.0
2015,7,3,5,AS,364,N477AS,SEA,OAK,1000,1014.0,14.0,13.0,1027.0,125.0,115.0,98.0,672,1205.0,4.0,1205,1209.0,4.0,0,0,,0.0,0.0,0.0,0.0,0.0,2015-07-03,0,0.0,0.0,0.0,0.0,0.0
2015,7,19,7,OO,2884,N869AS,LAX,TUS,804,758.0,-6.0,28.0,826.0,96.0,102.0,70.0,451,936.0,4.0,940,940.0,0.0,0,0,,0.0,0.0,0.0,0.0,0.0,2015-07-19,0,0.0,0.0,0.0,0.0,0.0
2015,7,9,4,UA,259,N851UA,ORD,BNA,1910,2029.0,79.0,20.0,2049.0,99.0,85.0,59.0,409,2148.0,6.0,2049,2154.0,65.0,0,0,,0.0,0.0,12.0,53.0,0.0,2015-07-09,1,0.0,0.0,15.19,67.09,0.0
2015,6,25,4,WN,795,N399WN,TUL,HOU,855,858.0,3.0,10.0,908.0,90.0,86.0,70.0,453,1018.0,6.0,1025,1024.0,-1.0,0,0,,0.0,0.0,0.0,0.0,0.0,2015-06-25,0,0.0,0.0,0.0,0.0,0.0
2015,7,11,6,DL,346,N373NW,SEA,SLC,1130,1147.0,17.0,19.0,1206.0,120.0,112.0,88.0,689,1434.0,5.0,1430,1439.0,9.0,0,0,,0.0,0.0,0.0,0.0,0.0,2015-07-11,1,0.0,0.0,0.0,0.0,0.0
2015,7,13,1,DL,463,N378DA,JFK,SJU,1200,1203.0,3.0,23.0,1226.0,233.0,226.0,201.0,1598,1547.0,2.0,1553,1549.0,-4.0,0,0,,0.0,0.0,0.0,0.0,0.0,2015-07-13,0,0.0,0.0,0.0,0.0,0.0
2015,6,26,5,EV,2620,N667GB,LAW,DFW,507,458.0,-9.0,12.0,510.0,50.0,57.0,27.0,140,537.0,18.0,557,555.0,-2.0,0,0,,0.0,0.0,0.0,0.0,0.0,2015-06-26,0,0.0,0.0,0.0,0.0,0.0
2015,7,5,7,UA,201,N214UA,HNL,GUM,1420,1423.0,3.0,15.0,1438.0,460.0,433.0,411.0,3801,1729.0,7.0,1800,1736.0,-24.0,0,0,,0.0,0.0,0.0,0.0,0.0,2015-07-05,0,0.0,0.0,0.0,0.0,0.0
2015,6,27,6,WN,1627,N453WN,OAK,ONT,635,631.0,-4.0,9.0,640.0,75.0,72.0,59.0,362,739.0,4.0,750,743.0,-7.0,0,0,,0.0,0.0,0.0,0.0,0.0,2015-06-27,0,0.0,0.0,0.0,0.0,0.0
2015,7,13,1,AA,1747,N102UW,CLT,PIT,1959,1959.0,0.0,21.0,2020.0,80.0,85.0,60.0,366,2120.0,4.0,2119,2124.0,5.0,0,0,,0.0,0.0,0.0,0.0,0.0,2015-07-13,0,0.0,0.0,0.0,0.0,0.0
2015,7,4,6,AA,793,N753US,BOS,CLT,659,654.0,-5.0,13.0,707.0,138.0,127.0,112.0,728,859.0,2.0,917,901.0,-16.0,0,0,,0.0,0.0,0.0,0.0,0.0,2015-07-04,0,0.0,0.0,0.0,0.0,0.0
2015,7,16,4,DL,2789,N357NW,JFK,SLC,1600,1802.0,122.0,29.0,1831.0,336.0,295.0,263.0,1990,2054.0,3.0,1936,2057.0,81.0,0,0,,0.0,0.0,1.0,80.0,0.0,2015-07-16,1,0.0,0.0,0.82,65.57,0.0
2015,7,14,2,AA,1835,N172US,PHL,TPA,955,1005.0,10.0,47.0,1052.0,164.0,191.0,138.0,920,1310.0,6.0,1239,1316.0,37.0,0,0,,27.0,0.0,10.0,0.0,0.0,2015-07-14,0,270.0,0.0,100.0,0.0,0.0
2015,6,23,2,WN,4519,N764SW,DEN,SAT,1335,1421.0,46.0,10.0,1431.0,120.0,114.0,100.0,794,1711.0,4.0,1635,1715.0,40.0,0,0,,0.0,0.0,9.0,31.0,0.0,2015-06-23,1,0.0,0.0,19.57,67.39,0.0
2015,7,12,7,WN,4291,N7712G,LGA,STL,625,623.0,-2.0,11.0,634.0,160.0,145.0,123.0,888,737.0,11.0,805,748.0,-17.0,0,0,,0.0,0.0,0.0,0.0,0.0,2015-07-12,0,0.0,0.0,0.0,0.0,0.0
2015,6,23,2,US,1722,N828AW,CLT,DCA,940,936.0,-4.0,13.0,949.0,86.0,74.0,53.0,331,1042.0,8.0,1106,1050.0,-16.0,0,0,,0.0,0.0,0.0,0.0,0.0,2015-06-23,0,0.0,0.0,0.0,0.0,0.0
2015,6,19,5,WN,876,N557WN,SJC,SNA,1200,1158.0,-2.0,12.0,1210.0,75.0,74.0,58.0,342,1308.0,4.0,1315,1312.0,-3.0,0,0,,0.0,0.0,0.0,0.0,0.0,2015-06-19,0,0.0,0.0,0.0,0.0,0.0
2015,6,20,6,DL,2307,N934AT,ATL,SAV,1930,1927.0,-3.0,14.0,1941.0,71.0,72.0,40.0,214,2021.0,18.0,2041,2039.0,-2.0,0,0,,0.0,0.0,0.0,0.0,0.0,2015-06-20,0,0.0,0.0,0.0,0.0,0.0
2015,7,21,2,AA,360,N3ATAA,ORD,DCA,650,650.0,0.0,19.0,709.0,115.0,106.0,84.0,612,933.0,3.0,945,936.0,-9.0,0,0,,0.0,0.0,0.0,0.0,0.0,2015-07-21,0,0.0,0.0,0.0,0.0,0.0
2015,7,18,6,WN,2567,N204WN,MDW,RDU,1445,1645.0,120.0,12.0,1657.0,110.0,97.0,81.0,632,1918.0,4.0,1735,1922.0,107.0,0,0,,0.0,0.0,0.0,107.0,0.0,2015-07-18,1,0.0,0.0,0.0,89.17,0.0
2015,7,7,2,DL,2452,N961DL,ATL,RIC,950,948.0,-2.0,16.0,1004.0,97.0,91.0,67.0,481,1111.0,8.0,1127,1119.0,-8.0,0,0,,0.0,0.0,0.0,0.0,0.0,2015-07-07,0,0.0,0.0,0.0,0.0,0.0
2015,6,16,2,OO,5193,N752SK,CHS,ORD,1659,1824.0,85.0,15.0,1839.0,137.0,152.0,119.0,760,1938.0,18.0,1816,1956.0,100.0,0,0,,15.0,0.0,8.0,77.0,0.0,2015-06-16,1,17.65,0.0,9.41,90.59,0.0
2015,6,16,2,WN,4546,N473WN,BWI,JAX,1325,1331.0,6.0,12.0,1343.0,115.0,108.0,91.0,663,1514.0,5.0,1520,1519.0,-1.0,0,0,,0.0,0.0,0.0,0.0,0.0,2015-06-16,0,0.0,0.0,0.0,0.0,0.0
2015,7,16,4,OO,4448,N816SK,ONT,SLC,615,609.0,-6.0,19.0,628.0,109.0,106.0,76.0,558,844.0,11.0,904,855.0,-9.0,0,0,,0.0,0.0,0.0,0.0,0.0,2015-07-16,0,0.0,0.0,0.0,0.0,0.0
2015,7,18,6,AA,179,N788AA,JFK,SFO,1030,1044.0,14.0,59.0,1143.0,380.0,448.0,385.0,2586,1508.0,4.0,1350,1512.0,82.0,0,0,,68.0,0.0,0.0,0.0,14.0,2015-07-18,0,485.71,0.0,0.0,0.0,100.0
2015,6,17,3,OO,2895,N955SW,LAX,SAN,1710,1709.0,-1.0,15.0,1724.0,47.0,51.0,29.0,109,1753.0,7.0,1757,1800.0,3.0,0,0,,0.0,0.0,0.0,0.0,0.0,2015-06-17,0,0.0,0.0,0.0,0.0,0.0
2015,7,21,2,DL,860,N315NB,SNA,MSP,645,641.0,-4.0,25.0,706.0,225.0,215.0,183.0,1522,1209.0,7.0,1230,1216.0,-14.0,0,0,,0.0,0.0,0.0,0.0,0.0,2015-07-21,0,0.0,0.0,0.0,0.0,0.0
2015,6,26,5,AA,2291,N850AA,DFW,MCO,1350,1349.0,-1.0,17.0,1406.0,164.0,150.0,129.0,985,1715.0,4.0,1734,1719.0,-15.0,0,0,,0.0,0.0,0.0,0.0,0.0,2015-06-26,0,0.0,0.0,0.0,0.0,0.0
2015,7,12,7,DL,1117,N694DL,ATL,SNA,1945,1945.0,0.0,30.0,2015.0,280.0,286.0,247.0,1919,2122.0,9.0,2125,2131.0,6.0,0,0,,0.0,0.0,0.0,0.0,0.0,2015-07-12,0,0.0,0.0,0.0,0.0,0.0
2015,6,29,1,NK,969,N627NK,BWI,ORD,620,619.0,-1.0,11.0,630.0,118.0,116.0,94.0,622,704.0,11.0,718,715.0,-3.0,0,0,,0.0,0.0,0.0,0.0,0.0,2015-06-29,0,0.0,0.0,0.0,0.0,0.0
2015,7,14,2,WN,4030,N759GS,MDW,IAD,925,923.0,-2.0,9.0,932.0,100.0,91.0,77.0,577,1149.0,5.0,1205,1154.0,-11.0,0,0,,0.0,0.0,0.0,0.0,0.0,2015-07-14,0,0.0,0.0,0.0,0.0,0.0
2015,6,29,1,DL,1173,N321NB,ATL,BNA,1920,1920.0,0.0,22.0,1942.0,71.0,63.0,36.0,214,1918.0,5.0,1931,1923.0,-8.0,0,0,,0.0,0.0,0.0,0.0,0.0,2015-06-29,0,0.0,0.0,0.0,0.0,0.0
2015,7,10,5,AS,833,N508AS,PDX,HNL,705,701.0,-4.0,14.0,715.0,353.0,344.0,327.0,2603,942.0,3.0,958,945.0,-13.0,0,0,,0.0,0.0,0.0,0.0,0.0,2015-07-10,0,0.0,0.0,0.0,0.0,0.0
2015,7,9,4,WN,4859,N705SW,STL,MDW,1445,1455.0,10.0,7.0,1502.0,60.0,54.0,42.0,251,1544.0,5.0,1545,1549.0,4.0,0,0,,0.0,0.0,0.0,0.0,0.0,2015-07-09,0,0.0,0.0,0.0,0.0,0.0
2015,6,19,5,AA,1168,N7BRAA,ORD,MIA,1015,1106.0,51.0,13.0,1119.0,185.0,169.0,149.0,1197,1448.0,7.0,1420,1455.0,35.0,0,0,,0.0,0.0,35.0,0.0,0.0,2015-06-19,1,0.0,0.0,68.63,0.0,0.0
2015,7,3,5,AA,2203,N3JNAA,MIA,LAS,2130,7.0,157.0,30.0,37.0,310.0,304.0,266.0,2174,203.0,8.0,2340,211.0,151.0,0,0,,0.0,0.0,0.0,76.0,75.0,2015-07-03,1,0.0,0.0,0.0,48.41,47.77
2015,7,12,7,EV,5050,N922EV,ABE,DTW,1258,1346.0,48.0,12.0,1358.0,101.0,83.0,67.0,425,1505.0,4.0,1439,1509.0,30.0,0,0,,0.0,0.0,0.0,30.0,0.0,2015-07-12,1,0.0,0.0,0.0,62.5,0.0
2015,6,18,4,F9,676,N925FR,DEN,MCO,700,652.0,-8.0,12.0,704.0,214.0,221.0,200.0,1546,1224.0,9.0,1234,1233.0,-1.0,0,0,,0.0,0.0,0.0,0.0,0.0,2015-06-18,0,0.0,0.0,0.0,0.0,0.0
2015,7,17,5,AA,1804,N814AW,ATL,PHL,820,818.0,-2.0,20.0,838.0,130.0,124.0,97.0,666,1015.0,7.0,1030,1022.0,-8.0,0,0,,0.0,0.0,0.0,0.0,0.0,2015-07-17,0,0.0,0.0,0.0,0.0,0.0
2015,7,19,7,UA,1026,N38268,ORD,IAH,617,619.0,2.0,16.0,635.0,160.0,151.0,128.0,925,843.0,7.0,857,850.0,-7.0,0,0,,0.0,0.0,0.0,0.0,0.0,2015-07-19,0,0.0,0.0,0.0,0.0,0.0
2015,6,19,5,EV,4925,N920EV,ATL,PIA,905,907.0,2.0,17.0,924.0,106.0,100.0,80.0,565,944.0,3.0,951,947.0,-4.0,0,0,,0.0,0.0,0.0,0.0,0.0,2015-06-19,0,0.0,0.0,0.0,0.0,0.0
2015,7,15,3,OO,4522,N935SW,FCA,SLC,1330,1324.0,-6.0,15.0,1339.0,103.0,99.0,77.0,531,1456.0,7.0,1513,1503.0,-10.0,0,0,,0.0,0.0,0.0,0.0,0.0,2015-07-15,0,0.0,0.0,0.0,0.0,0.0
2015,7,21,2,MQ,3627,N520MQ,DTW,LGA,1730,1827.0,57.0,93.0,2000.0,109.0,169.0,70.0,502,2110.0,6.0,1919,2116.0,117.0,0,0,,117.0,0.0,0.0,0.0,0.0,2015-07-21,1,205.26,0.0,0.0,0.0,0.0
2015,7,8,3,AA,1895,N951UW,PHL,AUS,929,923.0,-6.0,13.0,936.0,217.0,201.0,181.0,1430,1137.0,7.0,1206,1144.0,-22.0,0,0,,0.0,0.0,0.0,0.0,0.0,2015-07-08,0,0.0,0.0,0.0,0.0,0.0
2015,6,30,2,DL,401,N3734B,AUS,JFK,1216,1255.0,39.0,20.0,1315.0,233.0,223.0,197.0,1521,1732.0,6.0,1709,1738.0,29.0,0,0,,29.0,0.0,0.0,0.0,0.0,2015-06-30,1,74.36,0.0,0.0,0.0,0.0
2015,6,24,3,WN,501,N266WN,BNA,MSY,2000,2022.0,22.0,7.0,2029.0,85.0,76.0,66.0,471,2135.0,3.0,2125,2138.0,13.0,0,0,,0.0,0.0,0.0,0.0,0.0,2015-06-24,1,0.0,0.0,0.0,0.0,0.0
2015,6,14,7,MQ,3647,N518MQ,ORD,RIC,1839,1839.0,0.0,38.0,1917.0,129.0,130.0,87.0,642,2144.0,5.0,2148,2149.0,1.0,0,0,,0.0,0.0,0.0,0.0,0.0,2015-06-14,0,0.0,0.0,0.0,0.0,0.0
2015,6,25,4,EV,5134,N718EV,RIC,LGA,1030,1023.0,-7.0,10.0,1033.0,84.0,84.0,46.0,292,1119.0,28.0,1154,1147.0,-7.0,0,0,,0.0,0.0,0.0,0.0,0.0,2015-06-25,0,0.0,0.0,0.0,0.0,0.0
2015,7,16,4,DL,1294,N961DL,RDU,ATL,1100,1100.0,0.0,17.0,1117.0,84.0,82.0,57.0,356,1214.0,8.0,1224,1222.0,-2.0,0,0,,0.0,0.0,0.0,0.0,0.0,2015-07-16,0,0.0,0.0,0.0,0.0,0.0
2015,7,21,2,WN,1985,N523SW,ELP,DAL,905,859.0,-6.0,15.0,914.0,100.0,99.0,78.0,562,1132.0,6.0,1145,1138.0,-7.0,0,0,,0.0,0.0,0.0,0.0,0.0,2015-07-21,0,0.0,0.0,0.0,0.0,0.0
2015,6,15,1,EV,5595,N979EV,ATL,EWN,2120,2214.0,54.0,16.0,2230.0,79.0,84.0,64.0,433,2334.0,4.0,2239,2338.0,59.0,0,0,,5.0,0.0,54.0,0.0,0.0,2015-06-15,1,9.26,0.0,100.0,0.0,0.0
2015,6,24,3,US,821,N114UW,MIA,CLT,835,825.0,-10.0,18.0,843.0,128.0,129.0,100.0,650,1023.0,11.0,1043,1034.0,-9.0,0,0,,0.0,0.0,0.0,0.0,0.0,2015-06-24,0,0.0,0.0,0.0,0.0,0.0
2015,7,14,2,UA,1917,N23707,IAH,SNA,2110,2129.0,19.0,16.0,2145.0,199.0,189.0,166.0,1346,2231.0,7.0,2229,2238.0,9.0,0,0,,0.0,0.0,0.0,0.0,0.0,2015-07-14,1,0.0,0.0,0.0,0.0,0.0
2015,6,17,3,AS,94,N469AS,ANC,SEA,125,146.0,21.0,8.0,154.0,203.0,196.0,176.0,1448,550.0,12.0,548,602.0,14.0,0,0,,0.0,0.0,0.0,0.0,0.0,2015-06-17,1,0.0,0.0,0.0,0.0,0.0
2015,7,14,2,WN,3651,N515SW,DAL,LBB,1145,1138.0,-7.0,14.0,1152.0,60.0,62.0,44.0,293,1236.0,4.0,1245,1240.0,-5.0,0,0,,0.0,0.0,0.0,0.0,0.0,2015-07-14,0,0.0,0.0,0.0,0.0,0.0
2015,7,9,4,AA,227,N3KJAA,SNA,ORD,1740,1734.0,-6.0,9.0,1743.0,236.0,210.0,195.0,1726,2258.0,6.0,2336,2304.0,-32.0,0,0,,0.0,0.0,0.0,0.0,0.0,2015-07-09,0,0.0,0.0,0.0,0.0,0.0
2015,6,30,2,DL,1749,N360NB,DTW,PHL,1949,2114.0,85.0,10.0,2124.0,97.0,89.0,69.0,453,2233.0,10.0,2126,2243.0,77.0,0,0,,0.0,0.0,20.0,57.0,0.0,2015-06-30,1,0.0,0.0,23.53,67.06,0.0
2015,7,7,2,EV,4765,N12564,ORD,GRR,730,957.0,147.0,30.0,1027.0,54.0,62.0,25.0,137,1152.0,7.0,924,1159.0,155.0,0,0,,8.0,0.0,91.0,56.0,0.0,2015-07-07,1,5.44,0.0,61.9,38.1,0.0
2015,6,30,2,WN,1558,N242WN,SJC,LAX,1315,1324.0,9.0,15.0,1339.0,70.0,73.0,53.0,308,1432.0,5.0,1425,1437.0,12.0,0,0,,0.0,0.0,0.0,0.0,0.0,2015-06-30,0,0.0,0.0,0.0,0.0,0.0
2015,6,22,1,EV,2707,N675AE,DFW,SHV,2030,2030.0,0.0,25.0,2055.0,65.0,66.0,36.0,190,2131.0,5.0,2135,2136.0,1.0,0,0,,0.0,0.0,0.0,0.0,0.0,2015-06-22,0,0.0,0.0,0.0,0.0,0.0
2015,7,15,3,F9,607,N202FR,IND,DEN,1825,2031.0,126.0,65.0,2136.0,155.0,204.0,129.0,977,2145.0,10.0,1900,2155.0,175.0,0,0,,175.0,0.0,0.0,0.0,0.0,2015-07-15,1,138.89,0.0,0.0,0.0,0.0
2015,6,16,2,AA,1445,N471AA,SAN,DFW,1409,1414.0,5.0,43.0,1457.0,186.0,204.0,153.0,1171,1930.0,8.0,1915,1938.0,23.0,0,0,,23.0,0.0,0.0,0.0,0.0,2015-06-16,0,460.0,0.0,0.0,0.0,0.0
2015,6,24,3,OO,6259,N908SW,FAR,DEN,2002,2000.0,-2.0,7.0,2007.0,121.0,124.0,98.0,627,2045.0,19.0,2103,2104.0,1.0,0,0,,0.0,0.0,0.0,0.0,0.0,2015-06-24,0,0.0,0.0,0.0,0.0,0.0
2015,6,22,1,DL,333,N138DL,LAX,DTW,1135,1132.0,-3.0,19.0,1151.0,270.0,262.0,234.0,1979,1845.0,9.0,1905,1854.0,-11.0,0,0,,0.0,0.0,0.0,0.0,0.0,2015-06-22,0,0.0,0.0,0.0,0.0,0.0
2015,7,5,7,OO,2929,N423SW,ORD,MKE,1120,1116.0,-4.0,9.0,1125.0,46.0,34.0,21.0,67,1146.0,4.0,1206,1150.0,-16.0,0,0,,0.0,0.0,0.0,0.0,0.0,2015-07-05,0,0.0,0.0,0.0,0.0,0.0
2015,7,15,3,MQ,3401,N932MQ,GRB,ORD,1345,1338.0,-7.0,5.0,1343.0,63.0,52.0,35.0,173,1418.0,12.0,1448,1430.0,-18.0,0,0,,0.0,0.0,0.0,0.0,0.0,2015-07-15,0,0.0,0.0,0.0,0.0,0.0
2015,7,4,6,WN,3015,N418WN,LAS,DTW,930,929.0,-1.0,12.0,941.0,240.0,231.0,211.0,1749,1612.0,8.0,1630,1620.0,-10.0,0,0,,0.0,0.0,0.0,0.0,0.0,2015-07-04,0,0.0,0.0,0.0,0.0,0.0
2015,7,14,2,WN,50,N567WN,SFO,LAS,2220,2311.0,51.0,8.0,2319.0,90.0,75.0,63.0,414,22.0,4.0,2350,26.0,36.0,0,0,,0.0,0.0,7.0,29.0,0.0,2015-07-14,1,0.0,0.0,13.73,56.86,0.0
2015,6,25,4,WN,3763,N488WN,MCO,ATL,855,854.0,-1.0,8.0,902.0,90.0,78.0,62.0,404,1004.0,8.0,1025,1012.0,-13.0,0,0,,0.0,0.0,0.0,0.0,0.0,2015-06-25,0,0.0,0.0,0.0,0.0,0.0
2015,7,14,2,WN,2761,N569WN,MCO,PHL,2210,2323.0,73.0,5.0,2328.0,140.0,130.0,117.0,861,125.0,8.0,30,133.0,63.0,0,0,,0.0,0.0,0.0,63.0,0.0,2015-07-14,1,0.0,0.0,0.0,86.3,0.0
2015,7,7,2,OO,2941,N821AS,SLC,PHX,820,810.0,-10.0,12.0,822.0,110.0,125.0,73.0,507,835.0,40.0,910,915.0,5.0,0,0,,0.0,0.0,0.0,0.0,0.0,2015-07-07,0,0.0,0.0,0.0,0.0,0.0
2015,7,2,4,F9,146,N229FR,SEA,DEN,1020,1014.0,-6.0,17.0,1031.0,154.0,147.0,119.0,1024,1330.0,11.0,1354,1341.0,-13.0,0,0,,0.0,0.0,0.0,0.0,0.0,2015-07-02,0,0.0,0.0,0.0,0.0,0.0
2015,7,21,2,DL,2122,N309US,DTW,BDL,854,900.0,6.0,21.0,921.0,99.0,94.0,68.0,549,1029.0,5.0,1033,1034.0,1.0,0,0,,0.0,0.0,0.0,0.0,0.0,2015-07-21,0,0.0,0.0,0.0,0.0,0.0
2015,6,29,1,DL,2044,N368NB,SNA,SLC,1340,1334.0,-6.0,10.0,1344.0,104.0,98.0,83.0,588,1607.0,5.0,1624,1612.0,-12.0,0,0,,0.0,0.0,0.0,0.0,0.0,2015-06-29,0,0.0,0.0,0.0,0.0,0.0
2015,7,17,5,AA,1836,N555AY,PHX,LAS,1035,1029.0,-6.0,20.0,1049.0,74.0,73.0,44.0,255,1133.0,9.0,1149,1142.0,-7.0,0,0,,0.0,0.0,0.0,0.0,0.0,2015-07-17,0,0.0,0.0,0.0,0.0,0.0
2015,7,9,4,WN,245,N407WN,PHX,OKC,1935,1937.0,2.0,7.0,1944.0,125.0,110.0,100.0,833,2324.0,3.0,2340,2327.0,-13.0,0,0,,0.0,0.0,0.0,0.0,0.0,2015-07-09,0,0.0,0.0,0.0,0.0,0.0
2015,6,30,2,WN,4470,N285WN,AMA,DAL,935,931.0,-4.0,14.0,945.0,70.0,69.0,51.0,323,1036.0,4.0,1045,1040.0,-5.0,0,0,,0.0,0.0,0.0,0.0,0.0,2015-06-30,0,0.0,0.0,0.0,0.0,0.0
2015,7,8,3,EV,3838,N13992,BTV,ORD,946,949.0,3.0,16.0,1005.0,144.0,156.0,124.0,763,1109.0,16.0,1110,1125.0,15.0,0,0,,12.0,0.0,3.0,0.0,0.0,2015-07-08,0,400.0,0.0,100.0,0.0,0.0
2015,7,1,3,WN,1257,N267WN,ABQ,PHX,1620,1845.0,145.0,21.0,1906.0,70.0,88.0,59.0,328,1905.0,8.0,1630,1913.0,163.0,0,0,,49.0,0.0,0.0,114.0,0.0,2015-07-01,1,33.79,0.0,0.0,78.62,0.0
2015,7,4,6,EV,4696,N14198,EWR,MHT,1029,1019.0,-10.0,13.0,1032.0,66.0,54.0,34.0,209,1106.0,7.0,1135,1113.0,-22.0,0,0,,0.0,0.0,0.0,0.0,0.0,2015-07-04,0,0.0,0.0,0.0,0.0,0.0
2015,6,16,2,AA,1391,N3DRAA,MIA,DFW,2125,2142.0,17.0,20.0,2202.0,189.0,172.0,143.0,1121,2325.0,9.0,2334,2334.0,0.0,0,0,,0.0,0.0,0.0,0.0,0.0,2015-06-16,1,0.0,0.0,0.0,0.0,0.0
2015,7,5,7,DL,2288,N326US,ATL,BHM,2319,2322.0,3.0,15.0,2337.0,52.0,41.0,23.0,134,2300.0,3.0,2311,2303.0,-8.0,0,0,,0.0,0.0,0.0,0.0,0.0,2015-07-05,0,0.0,0.0,0.0,0.0,0.0
2015,6,28,7,US,475,N587UW,CLT,SFO,2000,2011.0,11.0,22.0,2033.0,323.0,317.0,289.0,2296,2222.0,6.0,2223,2228.0,5.0,0,0,,0.0,0.0,0.0,0.0,0.0,2015-06-28,0,0.0,0.0,0.0,0.0,0.0
2015,7,13,1,OO,5609,N929SW,SFO,MRY,1535,1530.0,-5.0,25.0,1555.0,56.0,56.0,27.0,77,1622.0,4.0,1631,1626.0,-5.0,0,0,,0.0,0.0,0.0,0.0,0.0,2015-07-13,0,0.0,0.0,0.0,0.0,0.0
2015,7,10,5,DL,1303,N995AT,BNA,DTW,845,838.0,-7.0,12.0,850.0,99.0,95.0,71.0,456,1101.0,12.0,1124,1113.0,-11.0,0,0,,0.0,0.0,0.0,0.0,0.0,2015-07-10,0,0.0,0.0,0.0,0.0,0.0
2015,6,27,6,OO,2897,N464SW,SAN,LAX,1642,1807.0,85.0,18.0,1825.0,43.0,49.0,24.0,109,1849.0,7.0,1725,1856.0,91.0,0,0,,6.0,0.0,0.0,85.0,0.0,2015-06-27,1,7.06,0.0,0.0,100.0,0.0
2015,7,15,3,WN,1722,N8302F,PVD,MDW,545,543.0,-2.0,13.0,556.0,160.0,164.0,125.0,842,701.0,26.0,725,727.0,2.0,0,0,,0.0,0.0,0.0,0.0,0.0,2015-07-15,0,0.0,0.0,0.0,0.0,0.0
2015,6,26,5,WN,1677,N379SW,DAL,LIT,800,758.0,-2.0,17.0,815.0,65.0,68.0,47.0,296,902.0,4.0,905,906.0,1.0,0,0,,0.0,0.0,0.0,0.0,0.0,2015-06-26,0,0.0,0.0,0.0,0.0,0.0
2015,7,16,4,EV,5092,N842AS,EVV,DTW,1035,1036.0,1.0,20.0,1056.0,82.0,91.0,60.0,363,1256.0,11.0,1257,1307.0,10.0,0,0,,0.0,0.0,0.0,0.0,0.0,2015-07-16,0,0.0,0.0,0.0,0.0,0.0
2015,7,17,5,WN,838,N8639B,LGA,MDW,600,838.0,158.0,11.0,849.0,140.0,121.0,103.0,725,932.0,7.0,720,939.0,139.0,0,0,,0.0,0.0,139.0,0.0,0.0,2015-07-17,1,0.0,0.0,87.97,0.0,0.0
2015,7,19,7,OO,4500,N432SW,SLC,BIL,1730,1721.0,-9.0,19.0,1740.0,84.0,82.0,60.0,387,1840.0,3.0,1854,1843.0,-11.0,0,0,,0.0,0.0,0.0,0.0,0.0,2015-07-19,0,0.0,0.0,0.0,0.0,0.0
2015,6,25,4,OO,2830,N423SW,ORD,ICT,1324,1324.0,0.0,30.0,1354.0,119.0,121.0,84.0,588,1518.0,7.0,1523,1525.0,2.0,0,0,,0.0,0.0,0.0,0.0,0.0,2015-06-25,0,0.0,0.0,0.0,0.0,0.0
2015,6,25,4,WN,693,N422WN,SAT,LAS,2035,2053.0,18.0,6.0,2059.0,165.0,155.0,144.0,1069,2123.0,5.0,2120,2128.0,8.0,0,0,,0.0,0.0,0.0,0.0,0.0,2015-06-25,1,0.0,0.0,0.0,0.0,0.0
2015,7,10,5,AS,509,N548AS,SNA,SEA,1120,1112.0,-8.0,14.0,1126.0,150.0,154.0,133.0,978,1339.0,7.0,1350,1346.0,-4.0,0,0,,0.0,0.0,0.0,0.0,0.0,2015-07-10,0,0.0,0.0,0.0,0.0,0.0
2015,7,6,1,DL,338,N335NB,BOS,DTW,1105,1100.0,-5.0,17.0,1117.0,130.0,109.0,88.0,632,1245.0,4.0,1315,1249.0,-26.0,0,0,,0.0,0.0,0.0,0.0,0.0,2015-07-06,0,0.0,0.0,0.0,0.0,0.0
2015,7,11,6,B6,2380,N324JB,EWR,BOS,1122,1113.0,-9.0,10.0,1123.0,62.0,49.0,35.0,200,1158.0,4.0,1224,1202.0,-22.0,0,0,,0.0,0.0,0.0,0.0,0.0,2015-07-11,0,0.0,0.0,0.0,0.0,0.0
2015,7,18,6,MQ,3642,N656MQ,MIA,BHM,1415,1414.0,-1.0,31.0,1445.0,116.0,131.0,97.0,661,1522.0,3.0,1511,1525.0,14.0,0,0,,0.0,0.0,0.0,0.0,0.0,2015-07-18,0,0.0,0.0,0.0,0.0,0.0
2015,6,17,3,MQ,3352,N641MQ,MIA,EYW,1100,1059.0,-1.0,20.0,1119.0,49.0,55.0,32.0,125,1151.0,3.0,1149,1154.0,5.0,0,0,,0.0,0.0,0.0,0.0,0.0,2015-06-17,0,0.0,0.0,0.0,0.0,0.0
2015,7,12,7,UA,1912,N57864,SFO,BOS,1143,1144.0,1.0,18.0,1202.0,347.0,328.0,301.0,2704,2003.0,9.0,2030,2012.0,-18.0,0,0,,0.0,0.0,0.0,0.0,0.0,2015-07-12,0,0.0,0.0,0.0,0.0,0.0
2015,6,27,6,MQ,3276,N645MQ,LRD,DFW,801,940.0,99.0,10.0,950.0,89.0,89.0,65.0,396,1055.0,14.0,930,1109.0,99.0,0,0,,0.0,0.0,99.0,0.0,0.0,2015-06-27,1,0.0,0.0,100.0,0.0,0.0
2015,6,29,1,OO,5173,N760SK,DEN,CMH,1945,1944.0,-1.0,17.0,2001.0,170.0,165.0,143.0,1154,24.0,5.0,35,29.0,-6.0,0,0,,0.0,0.0,0.0,0.0,0.0,2015-06-29,0,0.0,0.0,0.0,0.0,0.0
2015,6,21,7,AA,1224,N4WPAA,MCI,DFW,801,807.0,6.0,15.0,822.0,99.0,107.0,82.0,460,944.0,10.0,940,954.0,14.0,0,0,,0.0,0.0,0.0,0.0,0.0,2015-06-21,0,0.0,0.0,0.0,0.0,0.0
2015,6,15,1,AS,153,N756AS,ANC,OTZ,1645,1644.0,-1.0,8.0,1652.0,87.0,90.0,79.0,548,1811.0,3.0,1812,1814.0,2.0,0,0,,0.0,0.0,0.0,0.0,0.0,2015-06-15,0,0.0,0.0,0.0,0.0,0.0
2015,7,7,2,AA,2407,N3ASAA,SEA,DFW,830,830.0,0.0,21.0,851.0,233.0,241.0,208.0,1660,1419.0,12.0,1423,1431.0,8.0,0,0,,0.0,0.0,0.0,0.0,0.0,2015-07-07,0,0.0,0.0,0.0,0.0,0.0
2015,7,15,3,VX,26,N637VA,SFO,JFK,1520,1534.0,14.0,15.0,1549.0,330.0,337.0,307.0,2586,2356.0,15.0,2350,11.0,21.0,0,0,,7.0,0.0,7.0,7.0,0.0,2015-07-15,0,50.0,0.0,50.0,50.0,0.0
2015,6,24,3,DL,1351,N920AT,CLE,ATL,1030,1025.0,-5.0,6.0,1031.0,105.0,83.0,73.0,554,1144.0,4.0,1215,1148.0,-27.0,0,0,,0.0,0.0,0.0,0.0,0.0,2015-06-24,0,0.0,0.0,0.0,0.0,0.0
2015,6,30,2,US,678,N939UW,SJU,PHL,1248,1341.0,53.0,18.0,1359.0,242.0,262.0,230.0,1576,1749.0,14.0,1650,1803.0,73.0,0,0,,20.0,0.0,24.0,29.0,0.0,2015-06-30,1,37.74,0.0,45.28,54.72,0.0
2015,7,21,2,DL,2281,N921DL,IND,ATL,1855,1855.0,0.0,19.0,1914.0,104.0,113.0,65.0,432,2019.0,29.0,2039,2048.0,9.0,0,0,,0.0,0.0,0.0,0.0,0.0,2015-07-21,0,0.0,0.0,0.0,0.0,0.0
2015,7,8,3,WN,2939,N389SW,PWM,BWI,1810,1813.0,3.0,6.0,1819.0,95.0,80.0,70.0,452,1929.0,4.0,1945,1933.0,-12.0,0,0,,0.0,0.0,0.0,0.0,0.0,2015-07-08,0,0.0,0.0,0.0,0.0,0.0
2015,7,11,6,UA,1695,N18220,SEA,EWR,2349,2351.0,2.0,15.0,6.0,310.0,302.0,278.0,2402,744.0,9.0,759,753.0,-6.0,0,0,,0.0,0.0,0.0,0.0,0.0,2015-07-11,0,0.0,0.0,0.0,0.0,0.0
2015,6,15,1,UA,303,N428UA,LGA,IAH,1825,2106.0,161.0,22.0,2128.0,234.0,208.0,179.0,1416,2327.0,7.0,2119,2334.0,135.0,0,0,,0.0,0.0,0.0,132.0,3.0,2015-06-15,1,0.0,0.0,0.0,81.99,1.86
2015,7,16,4,AA,188,N3JPAA,DFW,RSW,1405,1416.0,11.0,10.0,1426.0,161.0,174.0,157.0,1017,1803.0,7.0,1746,1810.0,24.0,0,0,,13.0,0.0,0.0,11.0,0.0,2015-07-16,0,118.18,0.0,0.0,100.0,0.0
2015,6,16,2,OO,5434,N976SW,MKG,ORD,2011,1958.0,-13.0,21.0,2019.0,59.0,66.0,27.0,118,1946.0,18.0,2010,2004.0,-6.0,0,0,,0.0,0.0,0.0,0.0,0.0,2015-06-16,0,0.0,0.0,0.0,0.0,0.0
2015,6,14,7,US,648,N912UY,SAN,PHL,2220,2311.0,51.0,11.0,2322.0,306.0,293.0,277.0,2370,659.0,5.0,626,704.0,38.0,0,0,,0.0,0.0,0.0,38.0,0.0,2015-06-14,1,0.0,0.0,0.0,74.51,0.0
2015,7,13,1,AS,625,N305AS,PHX,SEA,1100,1049.0,-11.0,11.0,1100.0,169.0,169.0,151.0,1107,1331.0,7.0,1349,1338.0,-11.0,0,0,,0.0,0.0,0.0,0.0,0.0,2015-07-13,0,0.0,0.0,0.0,0.0,0.0
2015,6,21,7,AA,2439,N3AUAA,DFW,DCA,1955,2120.0,85.0,15.0,2135.0,181.0,174.0,156.0,1192,111.0,3.0,2356,114.0,78.0,0,0,,0.0,0.0,78.0,0.0,0.0,2015-06-21,1,0.0,0.0,91.76,0.0,0.0
2015,7,14,2,AA,1847,N760US,CLT,PHL,1120,1118.0,-2.0,13.0,1131.0,98.0,99.0,69.0,449,1240.0,17.0,1258,1257.0,-1.0,0,0,,0.0,0.0,0.0,0.0,0.0,2015-07-14,0,0.0,0.0,0.0,0.0,0.0
2015,6,18,4,EV,4208,N24103,IAH,PNS,715,717.0,2.0,21.0,738.0,97.0,93.0,68.0,489,846.0,4.0,852,850.0,-2.0,0,0,,0.0,0.0,0.0,0.0,0.0,2015-06-18,0,0.0,0.0,0.0,0.0,0.0
2015,6,17,3,US,2138,N840AW,DCA,BOS,2200,2209.0,9.0,9.0,2218.0,86.0,75.0,60.0,399,2318.0,6.0,2326,2324.0,-2.0,0,0,,0.0,0.0,0.0,0.0,0.0,2015-06-17,0,0.0,0.0,0.0,0.0,0.0
2015,6,25,4,DL,1592,N815DN,SAN,ATL,615,612.0,-3.0,21.0,633.0,270.0,249.0,222.0,1892,1315.0,6.0,1345,1321.0,-24.0,0,0,,0.0,0.0,0.0,0.0,0.0,2015-06-25,0,0.0,0.0,0.0,0.0,0.0
2015,7,1,3,MQ,3410,N647MQ,ORD,TOL,1645,1644.0,-1.0,13.0,1657.0,67.0,47.0,32.0,213,1829.0,2.0,1852,1831.0,-21.0,0,0,,0.0,0.0,0.0,0.0,0.0,2015-07-01,0,0.0,0.0,0.0,0.0,0.0
2015,6,16,2,WN,359,N491WN,EWR,DEN,1205,1158.0,-7.0,19.0,1217.0,250.0,258.0,222.0,1605,1359.0,17.0,1415,1416.0,1.0,0,0,,0.0,0.0,0.0,0.0,0.0,2015-06-16,0,0.0,0.0,0.0,0.0,0.0
2015,6,25,4,WN,1364,N409WN,BWI,SAN,2100,2147.0,47.0,23.0,2210.0,325.0,336.0,309.0,2295,19.0,4.0,2325,23.0,58.0,0,0,,11.0,0.0,0.0,2.0,45.0,2015-06-25,1,23.4,0.0,0.0,4.26,95.74
2015,7,17,5,WN,1048,N760SW,BNA,SAN,840,858.0,18.0,9.0,907.0,250.0,240.0,228.0,1751,1055.0,3.0,1050,1058.0,8.0,0,0,,0.0,0.0,0.0,0.0,0.0,2015-07-17,1,0.0,0.0,0.0,0.0,0.0
2015,6,24,3,US,1987,N580UW,CLT,ORD,810,811.0,1.0,46.0,857.0,130.0,150.0,92.0,599,929.0,12.0,920,941.0,21.0,0,0,,20.0,0.0,1.0,0.0,0.0,2015-06-24,0,2000.0,0.0,100.0,0.0,0.0
2015,7,11,6,EV,4149,N15980,FNT,ORD,614,602.0,-12.0,5.0,607.0,70.0,62.0,50.0,223,557.0,7.0,624,604.0,-20.0,0,0,,0.0,0.0,0.0,0.0,0.0,2015-07-11,0,0.0,0.0,0.0,0.0,0.0
2015,7,16,4,NK,415,N621NK,LBE,MYR,1452,1450.0,-2.0,16.0,1506.0,86.0,82.0,60.0,456,1606.0,6.0,1618,1612.0,-6.0,0,0,,0.0,0.0,0.0,0.0,0.0,2015-07-16,0,0.0,0.0,0.0,0.0,0.0
2015,6,28,7,WN,1225,N227WN,BWI,PDX,955,955.0,0.0,10.0,1005.0,340.0,316.0,302.0,2358,1207.0,4.0,1235,1211.0,-24.0,0,0,,0.0,0.0,0.0,0.0,0.0,2015-06-28,0,0.0,0.0,0.0,0.0,0.0
2015,6,15,1,WN,801,N635SW,AUS,DAL,1535,1623.0,48.0,9.0,1632.0,60.0,49.0,36.0,189,1708.0,4.0,1635,1712.0,37.0,0,0,,0.0,0.0,1.0,36.0,0.0,2015-06-15,1,0.0,0.0,2.08,75.0,0.0
2015,6,25,4,NK,906,N525NK,IAH,DTW,1921,2001.0,40.0,15.0,2016.0,159.0,161.0,141.0,1075,2337.0,5.0,2300,2342.0,42.0,0,0,,2.0,0.0,20.0,20.0,0.0,2015-06-25,1,5.0,0.0,50.0,50.0,0.0
2015,7,12,7,AA,464,N172US,SAN,PHX,1925,1923.0,-2.0,12.0,1935.0,76.0,68.0,51.0,304,2026.0,5.0,2041,2031.0,-10.0,0,0,,0.0,0.0,0.0,0.0,0.0,2015-07-12,0,0.0,0.0,0.0,0.0,0.0
2015,7,21,2,DL,1807,N3760C,CVG,SEA,935,935.0,0.0,16.0,951.0,285.0,289.0,259.0,1965,1110.0,14.0,1120,1124.0,4.0,0,0,,0.0,0.0,0.0,0.0,0.0,2015-07-21,0,0.0,0.0,0.0,0.0,0.0
2015,6,27,6,B6,932,N368JB,HOU,BOS,1815,1822.0,7.0,9.0,1831.0,223.0,204.0,189.0,1609,2240.0,6.0,2258,2246.0,-12.0,0,0,,0.0,0.0,0.0,0.0,0.0,2015-06-27,0,0.0,0.0,0.0,0.0,0.0
2015,7,22,3,AS,706,N584AS,SEA,SLC,1355,1356.0,1.0,32.0,1428.0,123.0,149.0,110.0,689,1718.0,7.0,1658,1725.0,27.0,0,0,,27.0,0.0,0.0,0.0,0.0,2015-07-22,0,2700.0,0.0,0.0,0.0,0.0
2015,7,10,5,WN,857,N383SW,BNA,AUS,800,758.0,-2.0,15.0,813.0,120.0,123.0,103.0,756,956.0,5.0,1000,1001.0,1.0,0,0,,0.0,0.0,0.0,0.0,0.0,2015-07-10,0,0.0,0.0,0.0,0.0,0.0
2015,7,13,1,OO,4526,N429SW,DTW,FWA,1559,1557.0,-2.0,28.0,1625.0,53.0,65.0,30.0,128,1655.0,7.0,1652,1702.0,10.0,0,0,,0.0,0.0,0.0,0.0,0.0,2015-07-13,0,0.0,0.0,0.0,0.0,0.0
2015,6,19,5,OO,4610,N641CA,SLC,SUN,1115,1114.0,-1.0,20.0,1134.0,69.0,75.0,51.0,222,1225.0,4.0,1224,1229.0,5.0,0,0,,0.0,0.0,0.0,0.0,0.0,2015-06-19,0,0.0,0.0,0.0,0.0,0.0
2015,7,19,7,AA,1948,N953UW,PHL,PIT,2040,2046.0,6.0,14.0,2100.0,76.0,63.0,45.0,268,2145.0,4.0,2156,2149.0,-7.0,0,0,,0.0,0.0,0.0,0.0,0.0,2015-07-19,0,0.0,0.0,0.0,0.0,0.0
2015,6,30,2,US,1964,N732US,CLT,MCI,1135,1132.0,-3.0,20.0,1152.0,144.0,143.0,119.0,808,1251.0,4.0,1259,1255.0,-4.0,0,0,,0.0,0.0,0.0,0.0,0.0,2015-06-30,0,0.0,0.0,0.0,0.0,0.0
2015,7,7,2,EV,5336,N933EV,FSM,ATL,700,818.0,78.0,9.0,827.0,107.0,101.0,87.0,579,1054.0,5.0,947,1059.0,72.0,0,0,,0.0,0.0,72.0,0.0,0.0,2015-07-07,1,0.0,0.0,92.31,0.0,0.0
2015,6,21,7,WN,263,N626SW,LAS,LAX,1605,1633.0,28.0,13.0,1646.0,70.0,66.0,42.0,236,1728.0,11.0,1715,1739.0,24.0,0,0,,0.0,0.0,10.0,14.0,0.0,2015-06-21,1,0.0,0.0,35.71,50.0,0.0
2015,7,1,3,EV,4419,N15983,EWR,XNA,813,812.0,-1.0,22.0,834.0,189.0,191.0,164.0,1131,1018.0,5.0,1022,1023.0,1.0,0,0,,0.0,0.0,0.0,0.0,0.0,2015-07-01,0,0.0,0.0,0.0,0.0,0.0
2015,6,30,2,UA,1130,N69804,LAX,EWR,1749,1745.0,-4.0,16.0,1801.0,314.0,351.0,328.0,2454,229.0,7.0,203,236.0,33.0,0,0,,33.0,0.0,0.0,0.0,0.0,2015-06-30,0,-825.0,-0.0,-0.0,-0.0,-0.0
2015,7,9,4,DL,2637,N954DL,ATL,BWI,2214,2202.0,-12.0,25.0,2227.0,116.0,119.0,84.0,577,2351.0,10.0,10,1.0,-9.0,0,0,,0.0,0.0,0.0,0.0,0.0,2015-07-09,0,0.0,0.0,0.0,0.0,0.0
2015,6,16,2,VX,166,N624VA,LAX,EWR,1235,1241.0,6.0,25.0,1306.0,325.0,317.0,286.0,2454,2052.0,6.0,2100,2058.0,-2.0,0,0,,0.0,0.0,0.0,0.0,0.0,2015-06-16,0,0.0,0.0,0.0,0.0,0.0
2015,6,26,5,MQ,3187,N928MQ,DBQ,ORD,1136,1141.0,5.0,44.0,1225.0,62.0,86.0,36.0,147,1301.0,6.0,1238,1307.0,29.0,0,0,,29.0,0.0,0.0,0.0,0.0,2015-06-26,0,580.0,0.0,0.0,0.0,0.0
2015,6,19,5,US,2046,N119US,CLT,RSW,1620,1617.0,-3.0,20.0,1637.0,116.0,111.0,89.0,600,1806.0,2.0,1816,1808.0,-8.0,0,0,,0.0,0.0,0.0,0.0,0.0,2015-06-19,0,0.0,0.0,0.0,0.0,0.0
2015,7,15,3,MQ,3636,N935MQ,CID,DFW,1414,1421.0,7.0,11.0,1432.0,129.0,124.0,96.0,685,1608.0,17.0,1623,1625.0,2.0,0,0,,0.0,0.0,0.0,0.0,0.0,2015-07-15,0,0.0,0.0,0.0,0.0,0.0
2015,6,29,1,WN,3054,N202WN,AUS,PDX,1845,1855.0,10.0,9.0,1904.0,245.0,239.0,221.0,1715,2045.0,9.0,2050,2054.0,4.0,0,0,,0.0,0.0,0.0,0.0,0.0,2015-06-29,0,0.0,0.0,0.0,0.0,0.0
2015,6,29,1,B6,1379,N279JB,DCA,FLL,1024,1021.0,-3.0,17.0,1038.0,158.0,152.0,128.0,899,1246.0,7.0,1302,1253.0,-9.0,0,0,,0.0,0.0,0.0,0.0,0.0,2015-06-29,0,0.0,0.0,0.0,0.0,0.0
2015,7,9,4,WN,4570,N8656B,BNA,LAS,1715,1708.0,-7.0,24.0,1732.0,235.0,237.0,208.0,1587,1900.0,5.0,1910,1905.0,-5.0,0,0,,0.0,0.0,0.0,0.0,0.0,2015-07-09,0,0.0,0.0,0.0,0.0,0.0
2015,7,10,5,UA,262,N471UA,ORD,LAX,1232,1231.0,-1.0,16.0,1247.0,262.0,253.0,231.0,1744,1438.0,6.0,1454,1444.0,-10.0,0,0,,0.0,0.0,0.0,0.0,0.0,2015-07-10,0,0.0,0.0,0.0,0.0,0.0
2015,7,6,1,AA,202,N3FWAA,LAX,BOS,1230,1221.0,-9.0,18.0,1239.0,340.0,333.0,309.0,2611,2048.0,6.0,2110,2054.0,-16.0,0,0,,0.0,0.0,0.0,0.0,0.0,2015-07-06,0,0.0,0.0,0.0,0.0,0.0
2015,7,13,1,AA,1982,N177US,CLT,BOS,940,939.0,-1.0,18.0,957.0,134.0,131.0,104.0,728,1141.0,9.0,1154,1150.0,-4.0,0,0,,0.0,0.0,0.0,0.0,0.0,2015-07-13,0,0.0,0.0,0.0,0.0,0.0
2015,7,19,7,DL,1308,N671DN,AUS,ATL,755,1257.0,302.0,18.0,1315.0,132.0,156.0,124.0,813,1619.0,14.0,1107,1633.0,326.0,0,0,,24.0,0.0,302.0,0.0,0.0,2015-07-19,1,7.95,0.0,100.0,0.0,0.0
2015,6,26,5,DL,1622,N314US,LAS,DTW,945,942.0,-3.0,53.0,1035.0,238.0,263.0,203.0,1749,1658.0,7.0,1643,1705.0,22.0,0,0,,22.0,0.0,0.0,0.0,0.0,2015-06-26,0,-733.33,-0.0,-0.0,-0.0,-0.0
2015,7,15,3,WN,255,N797MX,MHT,BWI,900,920.0,20.0,9.0,929.0,90.0,82.0,67.0,377,1036.0,6.0,1030,1042.0,12.0,0,0,,0.0,0.0,0.0,0.0,0.0,2015-07-15,1,0.0,0.0,0.0,0.0,0.0
2015,6,14,7,UA,1615,N12225,SJU,EWR,1359,1440.0,41.0,10.0,1450.0,250.0,237.0,214.0,1608,1824.0,13.0,1809,1837.0,28.0,0,0,,0.0,0.0,8.0,20.0,0.0,2015-06-14,1,0.0,0.0,19.51,48.78,0.0
2015,7,2,4,AA,491,N537UW,PHX,LAX,735,745.0,10.0,39.0,824.0,92.0,104.0,53.0,370,917.0,12.0,907,929.0,22.0,0,0,,12.0,0.0,0.0,10.0,0.0,2015-07-02,0,120.0,0.0,0.0,100.0,0.0
2015,6,27,6,NK,730,N605NK,LAX,ORD,830,848.0,18.0,14.0,902.0,245.0,241.0,221.0,1744,1443.0,6.0,1435,1449.0,14.0,0,0,,0.0,0.0,0.0,0.0,0.0,2015-06-27,1,0.0,0.0,0.0,0.0,0.0
2015,7,6,1,AS,727,N549AS,IAH,SEA,510,509.0,-1.0,11.0,520.0,280.0,250.0,234.0,1874,714.0,5.0,750,719.0,-31.0,0,0,,0.0,0.0,0.0,0.0,0.0,2015-07-06,0,0.0,0.0,0.0,0.0,0.0
2015,7,9,4,AA,1873,N822AW,CLT,TPA,2210,2213.0,3.0,20.0,2233.0,92.0,90.0,68.0,507,2341.0,2.0,2342,2343.0,1.0,0,0,,0.0,0.0,0.0,0.0,0.0,2015-07-09,0,0.0,0.0,0.0,0.0,0.0
2015,7,10,5,AA,423,N925UY,TPA,CLT,1903,1912.0,9.0,12.0,1924.0,104.0,101.0,84.0,507,2048.0,5.0,2047,2053.0,6.0,0,0,,0.0,0.0,0.0,0.0,0.0,2015-07-10,0,0.0,0.0,0.0,0.0,0.0
2015,6,25,4,MQ,3118,N694MQ,ORD,FSD,1038,1036.0,-2.0,9.0,1045.0,103.0,88.0,73.0,462,1158.0,6.0,1221,1204.0,-17.0,0,0,,0.0,0.0,0.0,0.0,0.0,2015-06-25,0,0.0,0.0,0.0,0.0,0.0
2015,6,26,5,DL,549,N658DL,ATL,SJU,1818,1901.0,43.0,13.0,1914.0,228.0,210.0,194.0,1547,2228.0,3.0,2206,2231.0,25.0,0,0,,0.0,0.0,23.0,2.0,0.0,2015-06-26,1,0.0,0.0,53.49,4.65,0.0
2015,7,1,3,UA,766,N596UA,JFK,SFO,1207,1200.0,-7.0,21.0,1221.0,384.0,360.0,333.0,2586,1454.0,6.0,1531,1500.0,-31.0,0,0,,0.0,0.0,0.0,0.0,0.0,2015-07-01,0,0.0,0.0,0.0,0.0,0.0
2015,7,5,7,NK,356,N604NK,SAN,LAS,1520,1515.0,-5.0,11.0,1526.0,71.0,69.0,50.0,258,1616.0,8.0,1631,1624.0,-7.0,0,0,,0.0,0.0,0.0,0.0,0.0,2015-07-05,0,0.0,0.0,0.0,0.0,0.0
2015,6,17,3,US,1808,N926UW,PHX,CLT,505,505.0,0.0,12.0,517.0,242.0,241.0,213.0,1773,1150.0,16.0,1207,1206.0,-1.0,0,0,,0.0,0.0,0.0,0.0,0.0,2015-06-17,0,0.0,0.0,0.0,0.0,0.0
2015,6,20,6,NK,548,N609NK,MYR,BWI,1710,1913.0,123.0,8.0,1921.0,85.0,144.0,75.0,399,2036.0,61.0,1835,2137.0,182.0,0,0,,59.0,0.0,123.0,0.0,0.0,2015-06-20,1,47.97,0.0,100.0,0.0,0.0
2015,6,29,1,UA,1231,N73860,HNL,LAX,700,700.0,0.0,15.0,715.0,340.0,322.0,302.0,2556,1517.0,5.0,1540,1522.0,-18.0,0,0,,0.0,0.0,0.0,0.0,0.0,2015-06-29,0,0.0,0.0,0.0,0.0,0.0
2015,7,15,3,DL,1876,N837DN,LAX,DTW,1335,1416.0,41.0,19.0,1435.0,270.0,257.0,232.0,1979,2127.0,6.0,2105,2133.0,28.0,0,0,,9.0,0.0,19.0,0.0,0.0,2015-07-15,1,21.95,0.0,46.34,0.0,0.0
2015,7,10,5,UA,521,N834UA,IAH,PHX,2111,2115.0,4.0,14.0,2129.0,167.0,154.0,134.0,1009,2143.0,6.0,2158,2149.0,-9.0,0,0,,0.0,0.0,0.0,0.0,0.0,2015-07-10,0,0.0,0.0,0.0,0.0,0.0
2015,6,17,3,AA,1210,N3HAAA,MSP,DFW,1340,1531.0,111.0,34.0,1605.0,148.0,177.0,128.0,852,1813.0,15.0,1608,1828.0,140.0,0,0,,140.0,0.0,0.0,0.0,0.0,2015-06-17,1,126.13,0.0,0.0,0.0,0.0
2015,7,14,2,DL,2381,N840DN,SLC,SFO,2150,2242.0,52.0,30.0,2312.0,120.0,131.0,97.0,599,2349.0,4.0,2250,2353.0,63.0,0,0,,63.0,0.0,0.0,0.0,0.0,2015-07-14,1,121.15,0.0,0.0,0.0,0.0
2015,7,9,4,AA,1746,N151UW,PHL,MCO,1130,1203.0,33.0,10.0,1213.0,149.0,127.0,108.0,861,1401.0,9.0,1359,1410.0,11.0,0,0,,0.0,0.0,0.0,0.0,0.0,2015-07-09,1,0.0,0.0,0.0,0.0,0.0
2015,6,21,7,OO,6470,N740SK,LAX,SLC,1937,1934.0,-3.0,16.0,1950.0,108.0,100.0,81.0,590,2211.0,3.0,2225,2214.0,-11.0,0,0,,0.0,0.0,0.0,0.0,0.0,2015-06-21,0,0.0,0.0,0.0,0.0,0.0
2015,6,23,2,US,2001,N551UW,CLT,PHL,725,722.0,-3.0,17.0,739.0,95.0,97.0,76.0,449,855.0,4.0,900,859.0,-1.0,0,0,,0.0,0.0,0.0,0.0,0.0,2015-06-23,0,0.0,0.0,0.0,0.0,0.0
2015,6,16,2,DL,350,N919DN,BOS,ATL,1840,1839.0,-1.0,26.0,1905.0,180.0,159.0,127.0,946,2112.0,6.0,2140,2118.0,-22.0,0,0,,0.0,0.0,0.0,0.0,0.0,2015-06-16,0,0.0,0.0,0.0,0.0,0.0
2015,7,11,6,DL,1826,N802DN,ATL,FLL,1300,1308.0,8.0,12.0,1320.0,111.0,103.0,84.0,581,1444.0,7.0,1451,1451.0,0.0,0,0,,0.0,0.0,0.0,0.0,0.0,2015-07-11,0,0.0,0.0,0.0,0.0,0.0
2015,7,20,1,DL,1717,N937DN,ORD,MSP,1712,1944.0,152.0,21.0,2005.0,88.0,78.0,53.0,334,2058.0,4.0,1840,2102.0,142.0,0,0,,0.0,0.0,5.0,137.0,0.0,2015-07-20,1,0.0,0.0,3.29,90.13,0.0
2015,7,20,1,MQ,3212,N833MQ,HPN,ORD,700,652.0,-8.0,10.0,702.0,155.0,146.0,113.0,738,755.0,23.0,835,818.0,-17.0,0,0,,0.0,0.0,0.0,0.0,0.0,2015-07-20,0,0.0,0.0,0.0,0.0,0.0
2015,6,14,7,UA,635,N472UA,ORD,SEA,906,1137.0,151.0,15.0,1152.0,258.0,254.0,231.0,1721,1343.0,8.0,1124,1351.0,147.0,0,0,,0.0,0.0,68.0,79.0,0.0,2015-06-14,1,0.0,0.0,45.03,52.32,0.0
2015,7,16,4,DL,2594,N375NC,LGA,DEN,815,822.0,7.0,35.0,857.0,266.0,256.0,215.0,1620,1032.0,6.0,1041,1038.0,-3.0,0,0,,0.0,0.0,0.0,0.0,0.0,2015-07-16,0,0.0,0.0,0.0,0.0,0.0
2015,6,29,1,UA,1739,N28478,TPA,DEN,827,819.0,-8.0,14.0,833.0,233.0,230.0,201.0,1506,954.0,15.0,1020,1009.0,-11.0,0,0,,0.0,0.0,0.0,0.0,0.0,2015-06-29,0,0.0,0.0,0.0,0.0,0.0
2015,6,21,7,EV,4621,N17108,IAH,JAN,901,851.0,-10.0,11.0,902.0,82.0,66.0,52.0,351,954.0,3.0,1023,957.0,-26.0,0,0,,0.0,0.0,0.0,0.0,0.0,2015-06-21,0,0.0,0.0,0.0,0.0,0.0
2015,7,6,1,MQ,3123,N542MQ,BNA,ORD,1921,2109.0,108.0,20.0,2129.0,99.0,116.0,88.0,409,2257.0,8.0,2100,2305.0,125.0,0,0,,125.0,0.0,0.0,0.0,0.0,2015-07-06,1,115.74,0.0,0.0,0.0,0.0
2015,7,9,4,DL,2283,N686DA,DTW,ATL,600,553.0,-7.0,16.0,609.0,113.0,117.0,89.0,594,738.0,12.0,753,750.0,-3.0,0,0,,0.0,0.0,0.0,0.0,0.0,2015-07-09,0,0.0,0.0,0.0,0.0,0.0
2015,6,14,7,UA,1746,N26208,LAS,CLE,928,948.0,20.0,13.0,1001.0,247.0,236.0,214.0,1824,1635.0,9.0,1635,1644.0,9.0,0,0,,0.0,0.0,0.0,0.0,0.0,2015-06-14,1,0.0,0.0,0.0,0.0,0.0
2015,7,17,5,DL,1729,N993AT,DTW,BUF,1546,1542.0,-4.0,17.0,1559.0,64.0,64.0,41.0,241,1640.0,6.0,1650,1646.0,-4.0,0,0,,0.0,0.0,0.0,0.0,0.0,2015-07-17,0,0.0,0.0,0.0,0.0,0.0
2015,6,27,6,WN,4526,N228WN,SAT,BNA,1155,1154.0,-1.0,10.0,1204.0,135.0,120.0,104.0,822,1348.0,6.0,1410,1354.0,-16.0,0,0,,0.0,0.0,0.0,0.0,0.0,2015-06-27,0,0.0,0.0,0.0,0.0,0.0
2015,7,4,6,WN,316,N425LV,DEN,SAN,1435,1433.0,-2.0,8.0,1441.0,135.0,126.0,114.0,853,1535.0,4.0,1550,1539.0,-11.0,0,0,,0.0,0.0,0.0,0.0,0.0,2015-07-04,0,0.0,0.0,0.0,0.0,0.0
2015,6,15,1,WN,246,N618WN,MKE,BWI,1910,2206.0,176.0,19.0,2225.0,115.0,115.0,91.0,641,56.0,5.0,2205,101.0,176.0,0,0,,0.0,0.0,0.0,176.0,0.0,2015-06-15,1,0.0,0.0,0.0,100.0,0.0
2015,6,15,1,US,2139,N830AW,DCA,BOS,930,937.0,7.0,14.0,951.0,85.0,83.0,62.0,399,1053.0,7.0,1055,1100.0,5.0,0,0,,0.0,0.0,0.0,0.0,0.0,2015-06-15,0,0.0,0.0,0.0,0.0,0.0
2015,7,16,4,UA,1951,N75436,LAX,ORD,39,102.0,23.0,17.0,119.0,251.0,235.0,206.0,1744,645.0,12.0,650,657.0,7.0,0,0,,0.0,0.0,0.0,0.0,0.0,2015-07-16,1,0.0,0.0,0.0,0.0,0.0
2015,7,7,2,WN,3313,N236WN,LAS,LIT,1205,1207.0,2.0,13.0,1220.0,180.0,180.0,162.0,1294,1702.0,5.0,1705,1707.0,2.0,0,0,,0.0,0.0,0.0,0.0,0.0,2015-07-07,0,0.0,0.0,0.0,0.0,0.0
2015,7,13,1,WN,468,N8633A,SNA,SMF,2125,2126.0,1.0,18.0,2144.0,80.0,86.0,65.0,404,2249.0,3.0,2245,2252.0,7.0,0,0,,0.0,0.0,0.0,0.0,0.0,2015-07-13,0,0.0,0.0,0.0,0.0,0.0
2015,6,15,1,US,550,N553UW,PHX,BOS,2359,2.0,3.0,14.0,16.0,294.0,284.0,260.0,2300,736.0,10.0,753,746.0,-7.0,0,0,,0.0,0.0,0.0,0.0,0.0,2015-06-15,0,0.0,0.0,0.0,0.0,0.0
2015,6,23,2,AA,1594,N4WTAA,MSY,DFW,615,612.0,-3.0,9.0,621.0,98.0,87.0,65.0,447,726.0,13.0,753,739.0,-14.0,0,0,,0.0,0.0,0.0,0.0,0.0,2015-06-23,0,0.0,0.0,0.0,0.0,0.0
2015,6,16,2,WN,614,N292WN,PHX,ONT,1920,1931.0,11.0,9.0,1940.0,65.0,59.0,46.0,325,2026.0,4.0,2025,2030.0,5.0,0,0,,0.0,0.0,0.0,0.0,0.0,2015-06-16,0,0.0,0.0,0.0,0.0,0.0
2015,7,4,6,VX,449,N528VA,DAL,AUS,1645,1637.0,-8.0,7.0,1644.0,50.0,46.0,32.0,189,1716.0,7.0,1735,1723.0,-12.0,0,0,,0.0,0.0,0.0,0.0,0.0,2015-07-04,0,0.0,0.0,0.0,0.0,0.0
2015,7,20,1,MQ,3422,N923MQ,IND,ORD,1415,1410.0,-5.0,11.0,1421.0,70.0,61.0,38.0,177,1359.0,12.0,1425,1411.0,-14.0,0,0,,0.0,0.0,0.0,0.0,0.0,2015-07-20,0,0.0,0.0,0.0,0.0,0.0
2015,7,2,4,UA,1981,N38727,IAH,LGA,845,845.0,0.0,18.0,903.0,219.0,202.0,180.0,1416,1303.0,4.0,1324,1307.0,-17.0,0,0,,0.0,0.0,0.0,0.0,0.0,2015-07-02,0,0.0,0.0,0.0,0.0,0.0
2015,6,17,3,OO,4600,N604SK,SEA,BOI,2044,2137.0,53.0,14.0,2151.0,89.0,79.0,60.0,399,2351.0,5.0,2313,2356.0,43.0,0,0,,0.0,0.0,0.0,43.0,0.0,2015-06-17,1,0.0,0.0,0.0,81.13,0.0
2015,7,7,2,OO,5399,N964SW,LAX,SBP,1905,1859.0,-6.0,17.0,1916.0,59.0,52.0,31.0,156,1947.0,4.0,2004,1951.0,-13.0,0,0,,0.0,0.0,0.0,0.0,0.0,2015-07-07,0,0.0,0.0,0.0,0.0,0.0
2015,6,30,2,AA,151,N3FPAA,DEN,ORD,1730,1729.0,-1.0,19.0,1748.0,150.0,156.0,114.0,888,2042.0,23.0,2100,2105.0,5.0,0,0,,0.0,0.0,0.0,0.0,0.0,2015-06-30,0,0.0,0.0,0.0,0.0,0.0
2015,6,27,6,HA,394,N483HA,LIH,HNL,1336,1342.0,6.0,6.0,1348.0,34.0,32.0,21.0,102,1409.0,5.0,1410,1414.0,4.0,0,0,,0.0,0.0,0.0,0.0,0.0,2015-06-27,0,0.0,0.0,0.0,0.0,0.0
2015,6,19,5,WN,41,N273WN,LAX,SLC,750,756.0,6.0,7.0,803.0,100.0,92.0,82.0,590,1025.0,3.0,1030,1028.0,-2.0,0,0,,0.0,0.0,0.0,0.0,0.0,2015-06-19,0,0.0,0.0,0.0,0.0,0.0
2015,6,29,1,WN,188,N293WN,MCO,ATL,2000,2004.0,4.0,10.0,2014.0,90.0,82.0,61.0,404,2115.0,11.0,2130,2126.0,-4.0,0,0,,0.0,0.0,0.0,0.0,0.0,2015-06-29,0,0.0,0.0,0.0,0.0,0.0
2015,7,21,2,WN,2162,N945WN,DAL,MSY,1735,1735.0,0.0,8.0,1743.0,80.0,74.0,63.0,436,1846.0,3.0,1855,1849.0,-6.0,0,0,,0.0,0.0,0.0,0.0,0.0,2015-07-21,0,0.0,0.0,0.0,0.0,0.0
2015,6,28,7,WN,4723,N403WN,PHX,RDU,1010,1125.0,75.0,7.0,1132.0,260.0,242.0,232.0,1891,1824.0,3.0,1730,1827.0,57.0,0,0,,0.0,0.0,57.0,0.0,0.0,2015-06-28,1,0.0,0.0,76.0,0.0,0.0
2015,7,10,5,F9,796,N209FR,PDX,DEN,600,553.0,-7.0,10.0,603.0,150.0,150.0,131.0,991,914.0,9.0,930,923.0,-7.0,0,0,,0.0,0.0,0.0,0.0,0.0,2015-07-10,0,0.0,0.0,0.0,0.0,0.0
2015,6,29,1,DL,513,N956DN,SAN,MSP,1500,1454.0,-6.0,14.0,1508.0,214.0,228.0,199.0,1532,2027.0,15.0,2034,2042.0,8.0,0,0,,0.0,0.0,0.0,0.0,0.0,2015-06-29,0,0.0,0.0,0.0,0.0,0.0
2015,7,21,2,WN,4321,N754SW,MDW,CLE,1105,1110.0,5.0,8.0,1118.0,65.0,59.0,48.0,307,1306.0,3.0,1310,1309.0,-1.0,0,0,,0.0,0.0,0.0,0.0,0.0,2015-07-21,0,0.0,0.0,0.0,0.0,0.0
2015,7,5,7,EV,4226,N14573,BRO,IAH,1329,1314.0,-15.0,6.0,1320.0,81.0,70.0,56.0,308,1416.0,8.0,1450,1424.0,-26.0,0,0,,0.0,0.0,0.0,0.0,0.0,2015-07-05,0,0.0,0.0,0.0,0.0,0.0
2015,7,2,4,WN,692,N416WN,BWI,ATL,2150,2255.0,65.0,15.0,2310.0,115.0,103.0,82.0,577,32.0,6.0,2345,38.0,53.0,0,0,,0.0,0.0,1.0,52.0,0.0,2015-07-02,1,0.0,0.0,1.54,80.0,0.0
2015,6,14,7,OO,2793,N897SK,ELP,PHX,1223,1216.0,-7.0,12.0,1228.0,82.0,90.0,62.0,347,1230.0,16.0,1245,1246.0,1.0,0,0,,0.0,0.0,0.0,0.0,0.0,2015-06-14,0,0.0,0.0,0.0,0.0,0.0
2015,7,22,3,AA,2240,N3JTAA,MIA,LGA,1655,1738.0,43.0,38.0,1816.0,179.0,189.0,142.0,1096,2038.0,9.0,1954,2047.0,53.0,0,0,,10.0,0.0,0.0,0.0,43.0,2015-07-22,1,23.26,0.0,0.0,0.0,100.0
2015,7,3,5,WN,672,N935WN,MDW,SFO,1250,1314.0,24.0,15.0,1329.0,275.0,261.0,239.0,1855,1528.0,7.0,1525,1535.0,10.0,0,0,,0.0,0.0,0.0,0.0,0.0,2015-07-03,1,0.0,0.0,0.0,0.0,0.0
2015,7,10,5,OO,4531,N825SK,SLC,IDA,2151,2202.0,11.0,17.0,2219.0,50.0,47.0,28.0,188,2247.0,2.0,2241,2249.0,8.0,0,0,,0.0,0.0,0.0,0.0,0.0,2015-07-10,0,0.0,0.0,0.0,0.0,0.0
2015,6,19,5,AA,385,N011AA,ATL,MIA,939,934.0,-5.0,16.0,950.0,116.0,130.0,87.0,594,1117.0,27.0,1135,1144.0,9.0,0,0,,0.0,0.0,0.0,0.0,0.0,2015-06-19,0,0.0,0.0,0.0,0.0,0.0
2015,7,1,3,OO,5546,N125SY,ORD,DTW,1044,1111.0,27.0,14.0,1125.0,83.0,69.0,48.0,235,1313.0,7.0,1307,1320.0,13.0,0,0,,0.0,0.0,0.0,0.0,0.0,2015-07-01,1,0.0,0.0,0.0,0.0,0.0
2015,7,5,7,WN,4455,N243WN,PDX,SJC,1110,1104.0,-6.0,8.0,1112.0,105.0,94.0,83.0,569,1235.0,3.0,1255,1238.0,-17.0,0,0,,0.0,0.0,0.0,0.0,0.0,2015-07-05,0,0.0,0.0,0.0,0.0,0.0
2015,7,14,2,WN,1726,N901WN,SAT,PHX,2010,2008.0,-2.0,7.0,2015.0,135.0,137.0,115.0,843,2010.0,15.0,2025,2025.0,0.0,0,0,,0.0,0.0,0.0,0.0,0.0,2015-07-14,0,0.0,0.0,0.0,0.0,0.0
2015,7,5,7,EV,5674,N16178,ORD,ATL,600,620.0,20.0,13.0,633.0,127.0,114.0,95.0,606,908.0,6.0,907,914.0,7.0,0,0,,0.0,0.0,0.0,0.0,0.0,2015-07-05,1,0.0,0.0,0.0,0.0,0.0
2015,6,26,5,MQ,3150,N691MQ,DFW,JLN,2020,2200.0,100.0,38.0,2238.0,85.0,95.0,53.0,327,2331.0,4.0,2145,2335.0,110.0,0,0,,10.0,0.0,0.0,41.0,59.0,2015-06-26,1,10.0,0.0,0.0,41.0,59.0
2015,7,20,1,AS,67,N779AS,SEA,KTN,1540,1536.0,-4.0,15.0,1551.0,113.0,120.0,101.0,680,1632.0,4.0,1633,1636.0,3.0,0,0,,0.0,0.0,0.0,0.0,0.0,2015-07-20,0,0.0,0.0,0.0,0.0,0.0
2015,7,4,6,AA,581,N575UW,SAN,PHL,1115,1110.0,-5.0,16.0,1126.0,320.0,301.0,275.0,2370,1901.0,10.0,1935,1911.0,-24.0,0,0,,0.0,0.0,0.0,0.0,0.0,2015-07-04,0,0.0,0.0,0.0,0.0,0.0
2015,6,28,7,WN,1802,N8628A,MDW,SAN,2045,2119.0,34.0,10.0,2129.0,250.0,227.0,214.0,1728,2303.0,3.0,2255,2306.0,11.0,0,0,,0.0,0.0,0.0,0.0,0.0,2015-06-28,1,0.0,0.0,0.0,0.0,0.0
2015,7,7,2,DL,2766,N910AT,LAX,SFO,905,935.0,30.0,31.0,1006.0,80.0,92.0,57.0,337,1103.0,4.0,1025,1107.0,42.0,0,0,,42.0,0.0,0.0,0.0,0.0,2015-07-07,1,140.0,0.0,0.0,0.0,0.0
2015,6,24,3,UA,463,N413UA,ORD,SEA,1242,1259.0,17.0,16.0,1315.0,268.0,260.0,236.0,1721,1511.0,8.0,1510,1519.0,9.0,0,0,,0.0,0.0,0.0,0.0,0.0,2015-06-24,1,0.0,0.0,0.0,0.0,0.0
2015,7,10,5,EV,5203,N611QX,MYR,DTW,1110,1105.0,-5.0,9.0,1114.0,124.0,110.0,95.0,636,1249.0,6.0,1314,1255.0,-19.0,0,0,,0.0,0.0,0.0,0.0,0.0,2015-07-10,0,0.0,0.0,0.0,0.0,0.0
2015,6,16,2,DL,1585,N921DL,LGA,MCO,1730,2025.0,175.0,23.0,2048.0,180.0,155.0,127.0,950,2255.0,5.0,2030,2300.0,150.0,0,0,,0.0,0.0,0.0,150.0,0.0,2015-06-16,1,0.0,0.0,0.0,85.71,0.0
2015,7,2,4,AA,1951,N560UW,CLT,PHX,955,951.0,-4.0,23.0,1014.0,266.0,247.0,219.0,1773,1053.0,5.0,1121,1058.0,-23.0,0,0,,0.0,0.0,0.0,0.0,0.0,2015-07-02,0,0.0,0.0,0.0,0.0,0.0
2015,6,22,1,OO,2894,N466SW,FAT,LAX,1906,2000.0,54.0,12.0,2012.0,76.0,59.0,41.0,209,2053.0,6.0,2022,2059.0,37.0,0,0,,0.0,0.0,0.0,37.0,0.0,2015-06-22,1,0.0,0.0,0.0,68.52,0.0
2015,7,22,3,DL,2061,N983DL,PHL,ATL,745,744.0,-1.0,31.0,815.0,137.0,133.0,91.0,666,946.0,11.0,1002,957.0,-5.0,0,0,,0.0,0.0,0.0,0.0,0.0,2015-07-22,0,0.0,0.0,0.0,0.0,0.0
2015,6,29,1,WN,4453,N723SW,CHS,MDW,1800,1752.0,-8.0,12.0,1804.0,135.0,127.0,112.0,745,1856.0,3.0,1915,1859.0,-16.0,0,0,,0.0,0.0,0.0,0.0,0.0,2015-06-29,0,0.0,0.0,0.0,0.0,0.0
2015,7,4,6,F9,902,N926FR,ATL,TTN,2145,2201.0,16.0,21.0,2222.0,121.0,150.0,95.0,701,2357.0,34.0,2346,31.0,45.0,0,0,,29.0,0.0,16.0,0.0,0.0,2015-07-04,1,181.25,0.0,100.0,0.0,0.0
2015,7,10,5,B6,905,N625JB,JFK,ORD,636,636.0,0.0,27.0,703.0,153.0,165.0,119.0,740,802.0,19.0,809,821.0,12.0,0,0,,0.0,0.0,0.0,0.0,0.0,2015-07-10,0,0.0,0.0,0.0,0.0,0.0
2015,7,16,4,EV,5225,N724EV,GRB,MSP,1140,1134.0,-6.0,14.0,1148.0,66.0,68.0,52.0,252,1240.0,2.0,1246,1242.0,-4.0,0,0,,0.0,0.0,0.0,0.0,0.0,2015-07-16,0,0.0,0.0,0.0,0.0,0.0
2015,7,16,4,DL,551,N353NB,MSP,IND,956,953.0,-3.0,11.0,1004.0,91.0,86.0,71.0,503,1215.0,4.0,1227,1219.0,-8.0,0,0,,0.0,0.0,0.0,0.0,0.0,2015-07-16,0,0.0,0.0,0.0,0.0,0.0
2015,7,18,6,UA,1267,N24715,CMH,DEN,1701,1706.0,5.0,8.0,1714.0,191.0,190.0,171.0,1154,1805.0,11.0,1812,1816.0,4.0,0,0,,0.0,0.0,0.0,0.0,0.0,2015-07-18,0,0.0,0.0,0.0,0.0,0.0
2015,6,20,6,UA,591,N823UA,DEN,OKC,1302,1245.0,-17.0,22.0,1307.0,99.0,95.0,68.0,495,1515.0,5.0,1541,1520.0,-21.0,0,0,,0.0,0.0,0.0,0.0,0.0,2015-06-20,0,0.0,0.0,0.0,0.0,0.0
2015,7,12,7,WN,699,N480WN,MCO,DAL,650,651.0,1.0,11.0,702.0,155.0,140.0,124.0,973,806.0,5.0,825,811.0,-14.0,0,0,,0.0,0.0,0.0,0.0,0.0,2015-07-12,0,0.0,0.0,0.0,0.0,0.0
2015,6,14,7,WN,864,N386SW,BWI,MHT,1510,1521.0,11.0,11.0,1532.0,80.0,76.0,61.0,377,1633.0,4.0,1630,1637.0,7.0,0,0,,0.0,0.0,0.0,0.0,0.0,2015-06-14,0,0.0,0.0,0.0,0.0,0.0
2015,7,14,2,AA,1175,N3AJAA,LGA,MIA,1228,1240.0,12.0,23.0,1303.0,201.0,208.0,172.0,1096,1555.0,13.0,1549,1608.0,19.0,0,0,,7.0,0.0,0.0,12.0,0.0,2015-07-14,0,58.33,0.0,0.0,100.0,0.0
2015,6,23,2,US,1955,N766US,PHL,TPA,1545,1543.0,-2.0,14.0,1557.0,159.0,145.0,128.0,920,1805.0,3.0,1824,1808.0,-16.0,0,0,,0.0,0.0,0.0,0.0,0.0,2015-06-23,0,0.0,0.0,0.0,0.0,0.0
2015,7,1,3,WN,3651,N521SW,DAL,LBB,1145,1315.0,90.0,11.0,1326.0,60.0,59.0,45.0,293,1411.0,3.0,1245,1414.0,89.0,0,0,,0.0,0.0,69.0,20.0,0.0,2015-07-01,1,0.0,0.0,76.67,22.22,0.0
2015,7,5,7,MQ,3324,N856MQ,ORD,CMH,2145,2137.0,-8.0,15.0,2152.0,80.0,67.0,46.0,296,2338.0,6.0,5,2344.0,-21.0,0,0,,0.0,0.0,0.0,0.0,0.0,2015-07-05,0,0.0,0.0,0.0,0.0,0.0
2015,6,22,1,DL,2431,N996DL,ATL,ECP,1941,1940.0,-1.0,23.0,2003.0,72.0,67.0,42.0,240,1945.0,2.0,1953,1947.0,-6.0,0,0,,0.0,0.0,0.0,0.0,0.0,2015-06-22,0,0.0,0.0,0.0,0.0,0.0
2015,7,16,4,WN,3855,N228WN,OMA,LAX,1530,1535.0,5.0,9.0,1544.0,205.0,200.0,176.0,1330,1640.0,15.0,1655,1655.0,0.0,0,0,,0.0,0.0,0.0,0.0,0.0,2015-07-16,0,0.0,0.0,0.0,0.0,0.0
2015,6,30,2,DL,2341,N904DE,MSP,OMA,1924,1935.0,11.0,17.0,1952.0,74.0,63.0,41.0,282,2033.0,5.0,2038,2038.0,0.0,0,0,,0.0,0.0,0.0,0.0,0.0,2015-06-30,0,0.0,0.0,0.0,0.0,0.0
2015,7,17,5,WN,3408,N250WN,ONT,SJC,735,734.0,-1.0,9.0,743.0,65.0,64.0,52.0,333,835.0,3.0,840,838.0,-2.0,0,0,,0.0,0.0,0.0,0.0,0.0,2015-07-17,0,0.0,0.0,0.0,0.0,0.0
2015,7,15,3,DL,1635,N926AT,FLL,JFK,725,720.0,-5.0,14.0,734.0,170.0,203.0,178.0,1069,1032.0,11.0,1015,1043.0,28.0,0,0,,28.0,0.0,0.0,0.0,0.0,2015-07-15,0,-560.0,-0.0,-0.0,-0.0,-0.0
2015,6,29,1,B6,927,N648JB,EWR,MCO,1249,1303.0,14.0,26.0,1329.0,156.0,173.0,135.0,937,1544.0,12.0,1525,1556.0,31.0,0,0,,17.0,0.0,4.0,10.0,0.0,2015-06-29,0,121.43,0.0,28.57,71.43,0.0
2015,6,25,4,WN,266,N355SW,MCO,RDU,840,922.0,42.0,11.0,933.0,100.0,106.0,91.0,534,1104.0,4.0,1020,1108.0,48.0,0,0,,6.0,0.0,4.0,38.0,0.0,2015-06-25,1,14.29,0.0,9.52,90.48,0.0
2015,7,4,6,AA,835,N546UW,CLT,SJU,955,1008.0,13.0,44.0,1052.0,234.0,235.0,182.0,1475,1354.0,9.0,1349,1403.0,14.0,0,0,,0.0,0.0,0.0,0.0,0.0,2015-07-04,0,0.0,0.0,0.0,0.0,0.0
2015,7,2,4,MQ,3474,N806MQ,RDU,JFK,1815,1907.0,52.0,37.0,1944.0,107.0,114.0,69.0,427,2053.0,8.0,2002,2101.0,59.0,0,0,,7.0,0.0,13.0,39.0,0.0,2015-07-02,1,13.46,0.0,25.0,75.0,0.0
2015,7,14,2,EV,2630,N901EV,DFW,BPT,900,855.0,-5.0,24.0,919.0,73.0,86.0,59.0,270,1018.0,3.0,1013,1021.0,8.0,0,0,,0.0,0.0,0.0,0.0,0.0,2015-07-14,0,0.0,0.0,0.0,0.0,0.0
2015,6,29,1,VX,312,N852VA,LAX,MCO,835,848.0,13.0,24.0,912.0,305.0,301.0,270.0,2218,1642.0,7.0,1640,1649.0,9.0,0,0,,0.0,0.0,0.0,0.0,0.0,2015-06-29,0,0.0,0.0,0.0,0.0,0.0
2015,6,22,1,WN,1094,N8623F,MDW,DEN,1600,1617.0,17.0,12.0,1629.0,155.0,160.0,138.0,895,1747.0,10.0,1735,1757.0,22.0,0,0,,5.0,0.0,17.0,0.0,0.0,2015-06-22,1,29.41,0.0,100.0,0.0,0.0
2015,7,3,5,WN,542,N736SA,CLE,MDW,635,738.0,63.0,12.0,750.0,75.0,66.0,49.0,307,739.0,5.0,650,744.0,54.0,0,0,,54.0,0.0,0.0,0.0,0.0,2015-07-03,1,85.71,0.0,0.0,0.0,0.0
2015,7,13,1,WN,3832,N930WN,MDW,SLC,2035,2313.0,158.0,10.0,2323.0,205.0,202.0,185.0,1259,128.0,7.0,2300,135.0,155.0,0,0,,0.0,0.0,142.0,13.0,0.0,2015-07-13,1,0.0,0.0,89.87,8.23,0.0
2015,7,13,1,VX,714,N527VA,SFO,DAL,1325,1326.0,1.0,12.0,1338.0,210.0,204.0,186.0,1476,1844.0,6.0,1855,1850.0,-5.0,0,0,,0.0,0.0,0.0,0.0,0.0,2015-07-13,0,0.0,0.0,0.0,0.0,0.0
2015,7,19,7,OO,4771,N693CA,SNA,SLC,1637,1643.0,6.0,13.0,1656.0,101.0,100.0,83.0,588,1919.0,4.0,1918,1923.0,5.0,0,0,,0.0,0.0,0.0,0.0,0.0,2015-07-19,0,0.0,0.0,0.0,0.0,0.0
2015,6,24,3,US,731,N722US,CLT,MIA,1805,1805.0,0.0,25.0,1830.0,125.0,134.0,100.0,650,2010.0,9.0,2010,2019.0,9.0,0,0,,0.0,0.0,0.0,0.0,0.0,2015-06-24,0,0.0,0.0,0.0,0.0,0.0
2015,6,25,4,WN,716,N7813P,BNA,DEN,530,537.0,7.0,7.0,544.0,165.0,152.0,139.0,1014,703.0,6.0,715,709.0,-6.0,0,0,,0.0,0.0,0.0,0.0,0.0,2015-06-25,0,0.0,0.0,0.0,0.0,0.0
2015,6,16,2,DL,2450,N6712B,JFK,SAN,840,839.0,-1.0,35.0,914.0,358.0,354.0,315.0,2446,1129.0,4.0,1138,1133.0,-5.0,0,0,,0.0,0.0,0.0,0.0,0.0,2015-06-16,0,0.0,0.0,0.0,0.0,0.0
2015,6,28,7,UA,1753,N57870,SFO,MCO,2230,2241.0,11.0,26.0,2307.0,324.0,312.0,281.0,2446,648.0,5.0,654,653.0,-1.0,0,0,,0.0,0.0,0.0,0.0,0.0,2015-06-28,0,0.0,0.0,0.0,0.0,0.0
2015,6,19,5,AS,660,N306AS,SEA,DFW,2350,2350.0,0.0,14.0,4.0,220.0,213.0,194.0,1660,518.0,5.0,530,523.0,-7.0,0,0,,0.0,0.0,0.0,0.0,0.0,2015-06-19,0,0.0,0.0,0.0,0.0,0.0
2015,6,25,4,AA,1607,N3LFAA,ATL,DFW,805,803.0,-2.0,17.0,820.0,144.0,133.0,103.0,731,903.0,13.0,929,916.0,-13.0,0,0,,0.0,0.0,0.0,0.0,0.0,2015-06-25,0,0.0,0.0,0.0,0.0,0.0
2015,7,8,3,DL,1825,N330NW,BWI,ATL,900,858.0,-2.0,11.0,909.0,114.0,95.0,77.0,577,1026.0,7.0,1054,1033.0,-21.0,0,0,,0.0,0.0,0.0,0.0,0.0,2015-07-08,0,0.0,0.0,0.0,0.0,0.0
2015,6,14,7,UA,602,N434UA,IAH,PIT,1954,2133.0,99.0,24.0,2157.0,175.0,202.0,145.0,1117,122.0,33.0,2349,155.0,126.0,0,0,,27.0,0.0,22.0,77.0,0.0,2015-06-14,1,27.27,0.0,22.22,77.78,0.0
2015,7,20,1,WN,801,N522SW,AUS,DAL,1535,1609.0,34.0,8.0,1617.0,60.0,49.0,37.0,189,1654.0,4.0,1635,1658.0,23.0,0,0,,0.0,0.0,2.0,21.0,0.0,2015-07-20,1,0.0,0.0,5.88,61.76,0.0
2015,6,26,5,WN,824,N241WN,TUS,DEN,1655,1705.0,10.0,8.0,1713.0,115.0,105.0,89.0,639,1942.0,8.0,1950,1950.0,0.0,0,0,,0.0,0.0,0.0,0.0,0.0,2015-06-26,0,0.0,0.0,0.0,0.0,0.0
2015,6,24,3,AA,379,N4UCAA,MKE,DFW,1830,1828.0,-2.0,12.0,1840.0,153.0,145.0,120.0,853,2040.0,13.0,2103,2053.0,-10.0,0,0,,0.0,0.0,0.0,0.0,0.0,2015-06-24,0,0.0,0.0,0.0,0.0,0.0
2015,6,21,7,DL,1586,N902DE,ATL,LGA,1345,1344.0,-1.0,16.0,1400.0,149.0,125.0,100.0,762,1540.0,9.0,1614,1549.0,-25.0,0,0,,0.0,0.0,0.0,0.0,0.0,2015-06-21,0,0.0,0.0,0.0,0.0,0.0
2015,7,18,6,WN,974,N486WN,SAT,SAN,935,936.0,1.0,9.0,945.0,170.0,164.0,143.0,1129,1008.0,12.0,1025,1020.0,-5.0,0,0,,0.0,0.0,0.0,0.0,0.0,2015-07-18,0,0.0,0.0,0.0,0.0,0.0
2015,7,1,3,B6,1159,N316JB,BOS,PHL,1848,1847.0,-1.0,23.0,1910.0,94.0,90.0,62.0,280,2012.0,5.0,2022,2017.0,-5.0,0,0,,0.0,0.0,0.0,0.0,0.0,2015-07-01,0,0.0,0.0,0.0,0.0,0.0
2015,7,12,7,UA,448,N514UA,ORD,BOS,1101,1053.0,-8.0,12.0,1105.0,146.0,126.0,110.0,867,1355.0,4.0,1427,1359.0,-28.0,0,0,,0.0,0.0,0.0,0.0,0.0,2015-07-12,0,0.0,0.0,0.0,0.0,0.0
2015,7,9,4,EV,5044,N730EV,BTV,DTW,605,601.0,-4.0,28.0,629.0,113.0,130.0,94.0,537,803.0,8.0,758,811.0,13.0,0,0,,0.0,0.0,0.0,0.0,0.0,2015-07-09,0,0.0,0.0,0.0,0.0,0.0
2015,6,25,4,WN,3474,N8614M,DEN,SDF,1825,1835.0,10.0,15.0,1850.0,150.0,151.0,132.0,1024,2302.0,4.0,2255,2306.0,11.0,0,0,,0.0,0.0,0.0,0.0,0.0,2015-06-25,0,0.0,0.0,0.0,0.0,0.0
2015,6,20,6,DL,1911,N591NW,ATL,SMF,940,947.0,7.0,17.0,1004.0,295.0,282.0,261.0,2092,1125.0,4.0,1135,1129.0,-6.0,0,0,,0.0,0.0,0.0,0.0,0.0,2015-06-20,0,0.0,0.0,0.0,0.0,0.0
2015,7,5,7,AA,299,N3KGAA,DFW,TUL,2145,2141.0,-4.0,15.0,2156.0,67.0,59.0,41.0,237,2237.0,3.0,2252,2240.0,-12.0,0,0,,0.0,0.0,0.0,0.0,0.0,2015-07-05,0,0.0,0.0,0.0,0.0,0.0
2015,7,11,6,AA,182,N3AKAA,LAX,LAS,1810,1815.0,5.0,15.0,1830.0,78.0,58.0,39.0,236,1909.0,4.0,1928,1913.0,-15.0,0,0,,0.0,0.0,0.0,0.0,0.0,2015-07-11,0,0.0,0.0,0.0,0.0,0.0
2015,6,22,1,OO,2759,N821AS,PHX,FLG,1335,1331.0,-4.0,17.0,1348.0,48.0,49.0,26.0,119,1414.0,6.0,1423,1420.0,-3.0,0,0,,0.0,0.0,0.0,0.0,0.0,2015-06-22,0,0.0,0.0,0.0,0.0,0.0
2015,6,26,5,F9,1285,N229FR,ORD,DEN,1745,2008.0,143.0,45.0,2053.0,155.0,181.0,124.0,888,2157.0,12.0,1920,2209.0,169.0,0,0,,126.0,0.0,0.0,43.0,0.0,2015-06-26,1,88.11,0.0,0.0,30.07,0.0
2015,7,17,5,AA,572,N764US,AUS,PHX,1530,1526.0,-4.0,10.0,1536.0,138.0,143.0,127.0,872,1543.0,6.0,1548,1549.0,1.0,0,0,,0.0,0.0,0.0,0.0,0.0,2015-07-17,0,0.0,0.0,0.0,0.0,0.0
2015,7,8,3,OO,4608,N614SK,PDX,SEA,915,915.0,0.0,16.0,931.0,50.0,49.0,27.0,129,958.0,6.0,1005,1004.0,-1.0,0,0,,0.0,0.0,0.0,0.0,0.0,2015-07-08,0,0.0,0.0,0.0,0.0,0.0
2015,6,24,3,WN,4114,N441WN,SAT,DEN,1405,1407.0,2.0,9.0,1416.0,135.0,117.0,101.0,794,1457.0,7.0,1520,1504.0,-16.0,0,0,,0.0,0.0,0.0,0.0,0.0,2015-06-24,0,0.0,0.0,0.0,0.0,0.0
2015,7,15,3,AS,831,N560AS,SEA,OGG,1900,1854.0,-6.0,11.0,1905.0,360.0,335.0,318.0,2640,2123.0,6.0,2200,2129.0,-31.0,0,0,,0.0,0.0,0.0,0.0,0.0,2015-07-15,0,0.0,0.0,0.0,0.0,0.0
2015,7,11,6,WN,960,N626SW,MSY,HOU,1630,1629.0,-1.0,6.0,1635.0,70.0,60.0,49.0,302,1724.0,5.0,1740,1729.0,-11.0,0,0,,0.0,0.0,0.0,0.0,0.0,2015-07-11,0,0.0,0.0,0.0,0.0,0.0
2015,7,5,7,EV,3940,N15555,ORD,PNS,946,943.0,-3.0,17.0,1000.0,142.0,151.0,129.0,794,1209.0,5.0,1208,1214.0,6.0,0,0,,0.0,0.0,0.0,0.0,0.0,2015-07-05,0,0.0,0.0,0.0,0.0,0.0
2015,6,24,3,US,684,N901AW,PHX,LIH,1015,1014.0,-1.0,34.0,1048.0,405.0,382.0,323.0,2979,1311.0,25.0,1400,1336.0,-24.0,0,0,,0.0,0.0,0.0,0.0,0.0,2015-06-24,0,0.0,0.0,0.0,0.0,0.0
2015,6,17,3,B6,112,N292JB,ORD,BOS,1910,1918.0,8.0,27.0,1945.0,140.0,132.0,102.0,867,2227.0,3.0,2230,2230.0,0.0,0,0,,0.0,0.0,0.0,0.0,0.0,2015-06-17,0,0.0,0.0,0.0,0.0,0.0
2015,7,3,5,DL,2069,N662DN,ATL,MCO,955,1029.0,34.0,24.0,1053.0,93.0,87.0,58.0,404,1151.0,5.0,1128,1156.0,28.0,0,0,,0.0,0.0,0.0,0.0,28.0,2015-07-03,1,0.0,0.0,0.0,0.0,82.35
2015,7,10,5,AA,1959,N766US,DCA,TPA,1925,1920.0,-5.0,13.0,1933.0,141.0,133.0,116.0,814,2129.0,4.0,2146,2133.0,-13.0,0,0,,0.0,0.0,0.0,0.0,0.0,2015-07-10,0,0.0,0.0,0.0,0.0,0.0
2015,6,28,7,VX,251,N851VA,LAS,SFO,1255,1247.0,-8.0,20.0,1307.0,90.0,84.0,61.0,414,1408.0,3.0,1425,1411.0,-14.0,0,0,,0.0,0.0,0.0,0.0,0.0,2015-06-28,0,0.0,0.0,0.0,0.0,0.0
2015,6,17,3,F9,566,N920FR,RDU,DEN,600,833.0,153.0,10.0,843.0,220.0,224.0,196.0,1436,959.0,18.0,740,1017.0,157.0,0,0,,17.0,0.0,140.0,0.0,0.0,2015-06-17,1,11.11,0.0,91.5,0.0,0.0
2015,6,16,2,AA,1371,N3GGAA,DFW,LGA,1000,955.0,-5.0,17.0,1012.0,208.0,207.0,182.0,1389,1414.0,8.0,1428,1422.0,-6.0,0,0,,0.0,0.0,0.0,0.0,0.0,2015-06-16,0,0.0,0.0,0.0,0.0,0.0
2015,7,10,5,DL,662,N354NB,BHM,ATL,917,917.0,0.0,15.0,932.0,61.0,52.0,30.0,134,1102.0,7.0,1118,1109.0,-9.0,0,0,,0.0,0.0,0.0,0.0,0.0,2015-07-10,0,0.0,0.0,0.0,0.0,0.0
2015,6,22,1,DL,1451,N923DN,MSP,BWI,1011,1139.0,88.0,29.0,1208.0,152.0,171.0,131.0,936,1519.0,11.0,1343,1530.0,107.0,0,0,,19.0,0.0,69.0,19.0,0.0,2015-06-22,1,21.59,0.0,78.41,21.59,0.0
2015,6,30,2,MQ,3106,N935MQ,DFW,DRO,1441,1458.0,17.0,11.0,1509.0,121.0,108.0,93.0,674,1542.0,4.0,1542,1546.0,4.0,0,0,,0.0,0.0,0.0,0.0,0.0,2015-06-30,1,0.0,0.0,0.0,0.0,0.0
2015,6,28,7,DL,1116,N927AT,MDW,ATL,1545,1537.0,-8.0,40.0,1617.0,120.0,126.0,81.0,591,1838.0,5.0,1845,1843.0,-2.0,0,0,,0.0,0.0,0.0,0.0,0.0,2015-06-28,0,0.0,0.0,0.0,0.0,0.0
2015,7,22,3,EV,4653,N12530,IAH,MOB,1645,1645.0,0.0,15.0,1700.0,86.0,83.0,62.0,427,1802.0,6.0,1811,1808.0,-3.0,0,0,,0.0,0.0,0.0,0.0,0.0,2015-07-22,0,0.0,0.0,0.0,0.0,0.0
2015,6,24,3,AA,1010,N4XJAA,DFW,STL,2005,2004.0,-1.0,9.0,2013.0,106.0,85.0,74.0,550,2127.0,2.0,2151,2129.0,-22.0,0,0,,0.0,0.0,0.0,0.0,0.0,2015-06-24,0,0.0,0.0,0.0,0.0,0.0
2015,7,1,3,NK,801,N587NK,MCO,SJU,1216,1211.0,-5.0,15.0,1226.0,174.0,165.0,145.0,1189,1451.0,5.0,1510,1456.0,-14.0,0,0,,0.0,0.0,0.0,0.0,0.0,2015-07-01,0,0.0,0.0,0.0,0.0,0.0
2015,6,14,7,WN,4566,N8657B,MDW,SAN,1435,1432.0,-3.0,12.0,1444.0,250.0,235.0,220.0,1728,1624.0,3.0,1645,1627.0,-18.0,0,0,,0.0,0.0,0.0,0.0,0.0,2015-06-14,0,0.0,0.0,0.0,0.0,0.0
2015,6,24,3,WN,317,N202WN,PHL,MDW,2055,2206.0,71.0,11.0,2217.0,145.0,121.0,105.0,668,2302.0,5.0,2220,2307.0,47.0,0,0,,0.0,0.0,0.0,47.0,0.0,2015-06-24,1,0.0,0.0,0.0,66.2,0.0
2015,6,16,2,OO,6433,N715SK,SLC,LAX,2026,2136.0,70.0,18.0,2154.0,116.0,137.0,87.0,590,2221.0,32.0,2122,2253.0,91.0,0,0,,21.0,0.0,0.0,70.0,0.0,2015-06-16,1,30.0,0.0,0.0,100.0,0.0
2015,6,18,4,DL,793,N993AT,BOS,JFK,1755,1752.0,-3.0,46.0,1838.0,95.0,108.0,43.0,187,1921.0,19.0,1930,1940.0,10.0,0,0,,0.0,0.0,0.0,0.0,0.0,2015-06-18,0,0.0,0.0,0.0,0.0,0.0
2015,6,29,1,F9,162,N938FR,DEN,MSN,1520,1512.0,-8.0,13.0,1525.0,122.0,126.0,108.0,826,1813.0,5.0,1822,1818.0,-4.0,0,0,,0.0,0.0,0.0,0.0,0.0,2015-06-29,0,0.0,0.0,0.0,0.0,0.0
2015,7,1,3,AS,1,N586AS,DCA,SEA,800,756.0,-4.0,18.0,814.0,335.0,345.0,319.0,2329,1033.0,8.0,1035,1041.0,6.0,0,0,,0.0,0.0,0.0,0.0,0.0,2015-07-01,0,0.0,0.0,0.0,0.0,0.0
2015,7,2,4,DL,2238,N918DH,ATL,DCA,1320,1319.0,-1.0,11.0,1330.0,105.0,89.0,74.0,547,1444.0,4.0,1505,1448.0,-17.0,0,0,,0.0,0.0,0.0,0.0,0.0,2015-07-02,0,0.0,0.0,0.0,0.0,0.0
2015,6,20,6,WN,3690,N251WN,IND,LAS,1600,1620.0,20.0,10.0,1630.0,235.0,227.0,209.0,1590,1659.0,8.0,1655,1707.0,12.0,0,0,,0.0,0.0,0.0,0.0,0.0,2015-06-20,1,0.0,0.0,0.0,0.0,0.0
2015,7,7,2,WN,3235,N7712G,STL,RSW,1115,1110.0,-5.0,8.0,1118.0,150.0,141.0,128.0,979,1426.0,5.0,1445,1431.0,-14.0,0,0,,0.0,0.0,0.0,0.0,0.0,2015-07-07,0,0.0,0.0,0.0,0.0,0.0
2015,6,30,2,UA,1591,N33203,SFO,ORD,1550,1627.0,37.0,15.0,1642.0,249.0,234.0,209.0,1846,2211.0,10.0,2159,2221.0,22.0,0,0,,5.0,0.0,0.0,17.0,0.0,2015-06-30,1,13.51,0.0,0.0,45.95,0.0
2015,6,25,4,B6,1553,N328JB,FLL,SJU,1550,1544.0,-6.0,11.0,1555.0,158.0,141.0,127.0,1046,1802.0,3.0,1828,1805.0,-23.0,0,0,,0.0,0.0,0.0,0.0,0.0,2015-06-25,0,0.0,0.0,0.0,0.0,0.0
2015,6,24,3,US,1907,N810AW,PIT,CLT,1205,1200.0,-5.0,10.0,1210.0,88.0,84.0,61.0,366,1311.0,13.0,1333,1324.0,-9.0,0,0,,0.0,0.0,0.0,0.0,0.0,2015-06-24,0,0.0,0.0,0.0,0.0,0.0
2015,7,12,7,OO,4613,N608SK,PDX,SEA,600,552.0,-8.0,15.0,607.0,54.0,52.0,30.0,129,637.0,7.0,654,644.0,-10.0,0,0,,0.0,0.0,0.0,0.0,0.0,2015-07-12,0,0.0,0.0,0.0,0.0,0.0
2015,6,28,7,DL,1146,N953DL,DAB,ATL,730,726.0,-4.0,11.0,737.0,83.0,75.0,54.0,366,831.0,10.0,853,841.0,-12.0,0,0,,0.0,0.0,0.0,0.0,0.0,2015-06-28,0,0.0,0.0,0.0,0.0,0.0
2015,7,15,3,UA,234,N474UA,IAH,SEA,1539,1539.0,0.0,20.0,1559.0,276.0,261.0,235.0,1874,1754.0,6.0,1815,1800.0,-15.0,0,0,,0.0,0.0,0.0,0.0,0.0,2015-07-15,0,0.0,0.0,0.0,0.0,0.0
2015,7,11,6,UA,300,N213UA,SFO,HNL,1250,1318.0,28.0,16.0,1334.0,321.0,312.0,284.0,2398,1518.0,12.0,1511,1530.0,19.0,0,0,,0.0,0.0,19.0,0.0,0.0,2015-07-11,1,0.0,0.0,67.86,0.0,0.0
2015,7,7,2,AA,2002,N751UW,CLT,BOS,1415,1413.0,-2.0,19.0,1432.0,126.0,129.0,99.0,728,1611.0,11.0,1621,1622.0,1.0,0,0,,0.0,0.0,0.0,0.0,0.0,2015-07-07,0,0.0,0.0,0.0,0.0,0.0
2015,7,2,4,WN,3036,N560WN,ATL,DCA,1830,1824.0,-6.0,18.0,1842.0,110.0,97.0,74.0,547,1956.0,5.0,2020,2001.0,-19.0,0,0,,0.0,0.0,0.0,0.0,0.0,2015-07-02,0,0.0,0.0,0.0,0.0,0.0
2015,7,14,2,EV,5284,N134EV,LNK,ATL,600,552.0,-8.0,9.0,601.0,134.0,139.0,113.0,841,854.0,17.0,914,911.0,-3.0,0,0,,0.0,0.0,0.0,0.0,0.0,2015-07-14,0,0.0,0.0,0.0,0.0,0.0
2015,6,16,2,US,2033,N945UW,PHL,BOS,1015,1009.0,-6.0,20.0,1029.0,88.0,77.0,53.0,280,1122.0,4.0,1143,1126.0,-17.0,0,0,,0.0,0.0,0.0,0.0,0.0,2015-06-16,0,0.0,0.0,0.0,0.0,0.0
2015,7,12,7,DL,2518,N955AT,ATL,VPS,2219,2219.0,0.0,32.0,2251.0,73.0,78.0,41.0,250,2232.0,5.0,2232,2237.0,5.0,0,0,,0.0,0.0,0.0,0.0,0.0,2015-07-12,0,0.0,0.0,0.0,0.0,0.0
2015,6,28,7,WN,637,N7728D,PHX,STL,1400,1425.0,25.0,11.0,1436.0,170.0,193.0,172.0,1262,1928.0,10.0,1850,1938.0,48.0,0,0,,23.0,0.0,25.0,0.0,0.0,2015-06-28,1,92.0,0.0,100.0,0.0,0.0
2015,6,29,1,DL,815,N829DN,SEA,DTW,933,929.0,-4.0,13.0,942.0,251.0,244.0,224.0,1927,1626.0,7.0,1644,1633.0,-11.0,0,0,,0.0,0.0,0.0,0.0,0.0,2015-06-29,0,0.0,0.0,0.0,0.0,0.0
2015,6,29,1,WN,727,N7815L,BWI,MDW,1925,1928.0,3.0,10.0,1938.0,125.0,122.0,93.0,611,2011.0,19.0,2030,2030.0,0.0,0,0,,0.0,0.0,0.0,0.0,0.0,2015-06-29,0,0.0,0.0,0.0,0.0,0.0
2015,6,30,2,WN,55,N515SW,HOU,CRP,2205,2259.0,54.0,8.0,2307.0,50.0,44.0,32.0,187,2339.0,4.0,2255,2343.0,48.0,0,0,,0.0,0.0,0.0,48.0,0.0,2015-06-30,1,0.0,0.0,0.0,88.89,0.0
2015,6,19,5,MQ,3016,N648MQ,ORD,XNA,950,949.0,-1.0,10.0,959.0,99.0,112.0,82.0,522,1121.0,20.0,1129,1141.0,12.0,0,0,,0.0,0.0,0.0,0.0,0.0,2015-06-19,0,0.0,0.0,0.0,0.0,0.0
2015,7,7,2,WN,1990,N352SW,RDU,MCO,1655,1718.0,23.0,5.0,1723.0,100.0,91.0,76.0,534,1839.0,10.0,1835,1849.0,14.0,0,0,,0.0,0.0,0.0,0.0,0.0,2015-07-07,1,0.0,0.0,0.0,0.0,0.0
2015,7,9,4,B6,1271,N608JB,LGA,FLL,1945,2125.0,100.0,37.0,2202.0,182.0,194.0,153.0,1076,35.0,4.0,2247,39.0,112.0,0,0,,12.0,0.0,10.0,90.0,0.0,2015-07-09,1,12.0,0.0,10.0,90.0,0.0
2015,7,9,4,DL,1582,N954DL,ATL,OMA,1528,1526.0,-2.0,38.0,1604.0,151.0,152.0,111.0,821,1655.0,3.0,1659,1658.0,-1.0,0,0,,0.0,0.0,0.0,0.0,0.0,2015-07-09,0,0.0,0.0,0.0,0.0,0.0
2015,7,12,7,DL,1668,N834DN,LAX,MSP,1505,1503.0,-2.0,17.0,1520.0,210.0,188.0,167.0,1535,2007.0,4.0,2035,2011.0,-24.0,0,0,,0.0,0.0,0.0,0.0,0.0,2015-07-12,0,0.0,0.0,0.0,0.0,0.0
2015,7,12,7,OO,7438,N455SW,EKO,SLC,1405,1353.0,-12.0,8.0,1401.0,54.0,49.0,36.0,200,1537.0,5.0,1559,1542.0,-17.0,0,0,,0.0,0.0,0.0,0.0,0.0,2015-07-12,0,0.0,0.0,0.0,0.0,0.0
2015,6,23,2,F9,676,N934FR,DEN,MCO,700,657.0,-3.0,16.0,713.0,214.0,215.0,192.0,1546,1225.0,7.0,1234,1232.0,-2.0,0,0,,0.0,0.0,0.0,0.0,0.0,2015-06-23,0,0.0,0.0,0.0,0.0,0.0
2015,7,12,7,WN,2696,N418WN,BWI,FLL,1845,2118.0,153.0,13.0,2131.0,150.0,139.0,123.0,925,2334.0,3.0,2115,2337.0,142.0,0,0,,0.0,0.0,142.0,0.0,0.0,2015-07-12,1,0.0,0.0,92.81,0.0,0.0
2015,7,9,4,DL,1172,N3735D,LAX,CVG,1215,1242.0,27.0,13.0,1255.0,255.0,232.0,215.0,1900,1930.0,4.0,1930,1934.0,4.0,0,0,,0.0,0.0,0.0,0.0,0.0,2015-07-09,1,0.0,0.0,0.0,0.0,0.0
2015,7,20,1,AA,578,N543UW,SMF,PHL,2150,2155.0,5.0,16.0,2211.0,302.0,284.0,264.0,2458,535.0,4.0,552,539.0,-13.0,0,0,,0.0,0.0,0.0,0.0,0.0,2015-07-20,0,0.0,0.0,0.0,0.0,0.0
2015,6,29,1,AA,46,N3CRAA,SJC,ORD,1100,1054.0,-6.0,13.0,1107.0,261.0,280.0,242.0,1829,1709.0,25.0,1721,1734.0,13.0,0,0,,0.0,0.0,0.0,0.0,0.0,2015-06-29,0,0.0,0.0,0.0,0.0,0.0
2015,7,16,4,EV,2655,N904EV,CAE,DFW,1117,1114.0,-3.0,12.0,1126.0,162.0,168.0,143.0,922,1249.0,13.0,1259,1302.0,3.0,0,0,,0.0,0.0,0.0,0.0,0.0,2015-07-16,0,0.0,0.0,0.0,0.0,0.0
2015,7,21,2,B6,427,N317JB,BOS,BWI,805,800.0,-5.0,35.0,835.0,89.0,107.0,65.0,369,940.0,7.0,934,947.0,13.0,0,0,,0.0,0.0,0.0,0.0,0.0,2015-07-21,0,0.0,0.0,0.0,0.0,0.0
2015,6,20,6,OO,2884,N868CA,LAX,TUS,805,810.0,5.0,19.0,829.0,90.0,90.0,66.0,451,935.0,5.0,935,940.0,5.0,0,0,,0.0,0.0,0.0,0.0,0.0,2015-06-20,0,0.0,0.0,0.0,0.0,0.0
2015,6,18,4,WN,178,N908WN,DAL,AUS,1910,1907.0,-3.0,9.0,1916.0,50.0,50.0,35.0,189,1951.0,6.0,2000,1957.0,-3.0,0,0,,0.0,0.0,0.0,0.0,0.0,2015-06-18,0,0.0,0.0,0.0,0.0,0.0
2015,6,28,7,WN,818,N8628A,JAX,DEN,915,915.0,0.0,14.0,929.0,220.0,218.0,198.0,1447,1047.0,6.0,1055,1053.0,-2.0,0,0,,0.0,0.0,0.0,0.0,0.0,2015-06-28,0,0.0,0.0,0.0,0.0,0.0
2015,7,6,1,WN,639,N378SW,IND,RSW,715,732.0,17.0,11.0,743.0,145.0,144.0,129.0,945,952.0,4.0,940,956.0,16.0,0,0,,0.0,0.0,16.0,0.0,0.0,2015-07-06,1,0.0,0.0,94.12,0.0,0.0
2015,7,5,7,AS,342,N440AS,SEA,OAK,615,610.0,-5.0,11.0,621.0,125.0,116.0,101.0,672,802.0,4.0,820,806.0,-14.0,0,0,,0.0,0.0,0.0,0.0,0.0,2015-07-05,0,0.0,0.0,0.0,0.0,0.0
2015,7,13,1,WN,1621,N210WN,SMF,SNA,1040,1038.0,-2.0,9.0,1047.0,80.0,82.0,68.0,404,1155.0,5.0,1200,1200.0,0.0,0,0,,0.0,0.0,0.0,0.0,0.0,2015-07-13,0,0.0,0.0,0.0,0.0,0.0
2015,7,13,1,WN,28,N619SW,CLT,HOU,1045,1105.0,20.0,10.0,1115.0,160.0,134.0,119.0,920,1214.0,5.0,1225,1219.0,-6.0,0,0,,0.0,0.0,0.0,0.0,0.0,2015-07-13,1,0.0,0.0,0.0,0.0,0.0
2015,7,7,2,F9,1136,N947FR,LAS,AUS,2355,2344.0,-11.0,14.0,2358.0,155.0,157.0,135.0,1090,413.0,8.0,430,421.0,-9.0,0,0,,0.0,0.0,0.0,0.0,0.0,2015-07-07,0,0.0,0.0,0.0,0.0,0.0
2015,7,12,7,MQ,3053,N656MQ,DFW,AMA,1438,1427.0,-11.0,17.0,1444.0,68.0,75.0,52.0,312,1536.0,6.0,1546,1542.0,-4.0,0,0,,0.0,0.0,0.0,0.0,0.0,2015-07-12,0,0.0,0.0,0.0,0.0,0.0
2015,7,17,5,WN,1438,N654SW,TPA,BNA,1955,2008.0,13.0,12.0,2020.0,105.0,115.0,92.0,612,2052.0,11.0,2040,2103.0,23.0,0,0,,10.0,0.0,0.0,13.0,0.0,2015-07-17,0,76.92,0.0,0.0,100.0,0.0
2015,7,21,2,DL,1953,N995AT,ATL,DSM,2054,2111.0,17.0,15.0,2126.0,138.0,119.0,100.0,743,2206.0,4.0,2212,2210.0,-2.0,0,0,,0.0,0.0,0.0,0.0,0.0,2015-07-21,1,0.0,0.0,0.0,0.0,0.0
2015,7,20,1,OO,4776,N936SW,MSP,FSD,919,917.0,-2.0,27.0,944.0,68.0,67.0,34.0,196,1018.0,6.0,1027,1024.0,-3.0,0,0,,0.0,0.0,0.0,0.0,0.0,2015-07-20,0,0.0,0.0,0.0,0.0,0.0
2015,7,22,3,EV,4239,N11140,IAH,JAN,1657,1657.0,0.0,16.0,1713.0,83.0,77.0,58.0,351,1811.0,3.0,1820,1814.0,-6.0,0,0,,0.0,0.0,0.0,0.0,0.0,2015-07-22,0,0.0,0.0,0.0,0.0,0.0
2015,6,21,7,UA,1693,N56859,EWR,LAX,902,902.0,0.0,19.0,921.0,358.0,341.0,315.0,2454,1136.0,7.0,1200,1143.0,-17.0,0,0,,0.0,0.0,0.0,0.0,0.0,2015-06-21,0,0.0,0.0,0.0,0.0,0.0
2015,6,19,5,OO,4972,N790SK,OMA,IAH,1414,1415.0,1.0,11.0,1426.0,138.0,127.0,111.0,781,1617.0,5.0,1632,1622.0,-10.0,0,0,,0.0,0.0,0.0,0.0,0.0,2015-06-19,0,0.0,0.0,0.0,0.0,0.0
2015,7,5,7,EV,4527,N11536,IND,EWR,1116,1104.0,-12.0,14.0,1118.0,125.0,116.0,95.0,645,1253.0,7.0,1321,1300.0,-21.0,0,0,,0.0,0.0,0.0,0.0,0.0,2015-07-05,0,0.0,0.0,0.0,0.0,0.0
2015,7,3,5,DL,1865,N964DL,ATL,MIA,1000,1253.0,173.0,15.0,1308.0,122.0,105.0,85.0,594,1433.0,5.0,1202,1438.0,156.0,0,0,,0.0,0.0,4.0,152.0,0.0,2015-07-03,1,0.0,0.0,2.31,87.86,0.0
2015,7,7,2,AA,2467,N866AA,DFW,LAX,1645,1642.0,-3.0,15.0,1657.0,200.0,205.0,167.0,1235,1744.0,23.0,1805,1807.0,2.0,0,0,,0.0,0.0,0.0,0.0,0.0,2015-07-07,0,0.0,0.0,0.0,0.0,0.0
2015,6,22,1,DL,2233,N918DE,LGA,MSP,1615,1623.0,8.0,38.0,1701.0,193.0,207.0,165.0,1020,1846.0,4.0,1828,1850.0,22.0,0,0,,14.0,0.0,0.0,8.0,0.0,2015-06-22,0,175.0,0.0,0.0,100.0,0.0
2015,6,20,6,OO,4503,N187PQ,PDX,LAX,931,931.0,0.0,16.0,947.0,149.0,159.0,119.0,834,1146.0,24.0,1200,1210.0,10.0,0,0,,0.0,0.0,0.0,0.0,0.0,2015-06-20,0,0.0,0.0,0.0,0.0,0.0
2015,6,21,7,AS,400,N403AS,PDX,SFO,1325,1320.0,-5.0,11.0,1331.0,110.0,101.0,84.0,550,1455.0,6.0,1515,1501.0,-14.0,0,0,,0.0,0.0,0.0,0.0,0.0,2015-06-21,0,0.0,0.0,0.0,0.0,0.0
2015,6,19,5,EV,4881,N147PQ,ATL,GPT,910,908.0,-2.0,20.0,928.0,80.0,76.0,52.0,352,920.0,4.0,930,924.0,-6.0,0,0,,0.0,0.0,0.0,0.0,0.0,2015-06-19,0,0.0,0.0,0.0,0.0,0.0
2015,7,9,4,AA,2190,N438AA,MFE,DFW,1559,1556.0,-3.0,11.0,1607.0,101.0,96.0,75.0,469,1722.0,10.0,1740,1732.0,-8.0,0,0,,0.0,0.0,0.0,0.0,0.0,2015-07-09,0,0.0,0.0,0.0,0.0,0.0
2015,7,5,7,MQ,3406,N674MQ,ORD,EVV,1549,1548.0,-1.0,19.0,1607.0,70.0,67.0,44.0,272,1651.0,4.0,1659,1655.0,-4.0,0,0,,0.0,0.0,0.0,0.0,0.0,2015-07-05,0,0.0,0.0,0.0,0.0,0.0
2015,6,26,5,B6,683,N708JB,JFK,MCO,710,703.0,-7.0,39.0,742.0,168.0,183.0,135.0,944,957.0,9.0,958,1006.0,8.0,0,0,,0.0,0.0,0.0,0.0,0.0,2015-06-26,0,0.0,0.0,0.0,0.0,0.0
2015,7,22,3,AA,547,N188US,SFO,PHX,1705,1701.0,-4.0,21.0,1722.0,124.0,128.0,96.0,651,1858.0,11.0,1909,1909.0,0.0,0,0,,0.0,0.0,0.0,0.0,0.0,2015-07-22,0,0.0,0.0,0.0,0.0,0.0
2015,7,11,6,OO,4634,N603SK,SLC,BOI,1118,1104.0,-14.0,16.0,1120.0,74.0,68.0,47.0,290,1207.0,5.0,1232,1212.0,-20.0,0,0,,0.0,0.0,0.0,0.0,0.0,2015-07-11,0,0.0,0.0,0.0,0.0,0.0
2015,6,25,4,OO,6242,N932EV,AMA,DEN,842,828.0,-14.0,12.0,840.0,81.0,87.0,71.0,359,851.0,4.0,903,855.0,-8.0,0,0,,0.0,0.0,0.0,0.0,0.0,2015-06-25,0,0.0,0.0,0.0,0.0,0.0
2015,7,19,7,DL,16,N840DN,LAX,ATL,915,915.0,0.0,24.0,939.0,275.0,267.0,235.0,1947,1634.0,8.0,1650,1642.0,-8.0,0,0,,0.0,0.0,0.0,0.0,0.0,2015-07-19,0,0.0,0.0,0.0,0.0,0.0
2015,6,18,4,HA,42,N385HA,OGG,SFO,1435,1434.0,-1.0,9.0,1443.0,295.0,288.0,271.0,2338,2214.0,8.0,2230,2222.0,-8.0,0,0,,0.0,0.0,0.0,0.0,0.0,2015-06-18,0,0.0,0.0,0.0,0.0,0.0
2015,6,15,1,DL,108,N525US,MCO,ATL,1635,1628.0,-7.0,16.0,1644.0,114.0,88.0,57.0,404,1741.0,15.0,1829,1756.0,-33.0,0,0,,0.0,0.0,0.0,0.0,0.0,2015-06-15,0,0.0,0.0,0.0,0.0,0.0
2015,6,26,5,UA,1170,N68801,ORD,LAX,1222,1255.0,33.0,22.0,1317.0,256.0,250.0,219.0,1744,1456.0,9.0,1438,1505.0,27.0,0,0,,0.0,0.0,14.0,13.0,0.0,2015-06-26,1,0.0,0.0,42.42,39.39,0.0
2015,6,28,7,WN,887,N913WN,MSP,DEN,1055,1136.0,41.0,14.0,1150.0,120.0,109.0,89.0,680,1219.0,6.0,1155,1225.0,30.0,0,0,,0.0,0.0,0.0,30.0,0.0,2015-06-28,1,0.0,0.0,0.0,73.17,0.0
2015,6,14,7,UA,371,N837UA,EWR,RDU,1430,1444.0,14.0,32.0,1516.0,94.0,108.0,72.0,416,1628.0,4.0,1604,1632.0,28.0,0,0,,14.0,0.0,14.0,0.0,0.0,2015-06-14,0,100.0,0.0,100.0,0.0,0.0
2015,6,29,1,DL,2367,N832DN,ATL,SAN,2206,2202.0,-4.0,12.0,2214.0,265.0,250.0,234.0,1892,2308.0,4.0,2331,2312.0,-19.0,0,0,,0.0,0.0,0.0,0.0,0.0,2015-06-29,0,0.0,0.0,0.0,0.0,0.0
2015,6,14,7,VX,360,N633VA,LAX,BOS,815,823.0,8.0,10.0,833.0,335.0,347.0,301.0,2611,1634.0,36.0,1650,1710.0,20.0,0,0,,12.0,0.0,8.0,0.0,0.0,2015-06-14,0,150.0,0.0,100.0,0.0,0.0
2015,6,22,1,MQ,3302,N1EAMQ,DFW,LIT,2020,2150.0,90.0,13.0,2203.0,80.0,65.0,47.0,304,2250.0,5.0,2140,2255.0,75.0,0,0,,0.0,0.0,75.0,0.0,0.0,2015-06-22,1,0.0,0.0,83.33,0.0,0.0
2015,7,1,3,DL,799,N956AT,JAN,ATL,1844,2029.0,105.0,7.0,2036.0,92.0,73.0,60.0,341,2236.0,6.0,2116,2242.0,86.0,0,0,,0.0,0.0,86.0,0.0,0.0,2015-07-01,1,0.0,0.0,81.9,0.0,0.0
2015,7,15,3,WN,326,N282WN,LAS,ONT,2220,2258.0,38.0,9.0,2307.0,50.0,49.0,35.0,197,2342.0,5.0,2310,2347.0,37.0,0,0,,0.0,0.0,37.0,0.0,0.0,2015-07-15,1,0.0,0.0,97.37,0.0,0.0
2015,7,10,5,AA,572,N767UW,AUS,PHX,1530,1527.0,-3.0,12.0,1539.0,138.0,138.0,120.0,872,1539.0,6.0,1548,1545.0,-3.0,0,0,,0.0,0.0,0.0,0.0,0.0,2015-07-10,0,0.0,0.0,0.0,0.0,0.0
2015,6,23,2,UA,670,N846UA,OMA,ORD,1817,1823.0,6.0,14.0,1837.0,103.0,92.0,58.0,416,1935.0,20.0,2000,1955.0,-5.0,0,0,,0.0,0.0,0.0,0.0,0.0,2015-06-23,0,0.0,0.0,0.0,0.0,0.0
2015,7,1,3,DL,1224,N931DN,DCA,ATL,1700,1914.0,134.0,81.0,2035.0,121.0,176.0,82.0,547,2157.0,13.0,1901,2210.0,189.0,0,0,,189.0,0.0,0.0,0.0,0.0,2015-07-01,1,141.04,0.0,0.0,0.0,0.0
2015,6,20,6,OO,6303,N788SK,DEN,IAH,1330,1324.0,-6.0,10.0,1334.0,146.0,155.0,136.0,862,1650.0,9.0,1656,1659.0,3.0,0,0,,0.0,0.0,0.0,0.0,0.0,2015-06-20,0,0.0,0.0,0.0,0.0,0.0
2015,7,4,6,WN,1178,N901WN,MSY,BNA,835,831.0,-4.0,6.0,837.0,85.0,76.0,65.0,471,942.0,5.0,1000,947.0,-13.0,0,0,,0.0,0.0,0.0,0.0,0.0,2015-07-04,0,0.0,0.0,0.0,0.0,0.0
2015,6,18,4,WN,1577,N715SW,BDL,MDW,530,526.0,-4.0,10.0,536.0,145.0,142.0,125.0,777,641.0,7.0,655,648.0,-7.0,0,0,,0.0,0.0,0.0,0.0,0.0,2015-06-18,0,0.0,0.0,0.0,0.0,0.0
2015,7,12,7,WN,3151,N8311Q,BWI,LAS,1745,1742.0,-3.0,11.0,1753.0,305.0,297.0,280.0,2106,1933.0,6.0,1950,1939.0,-11.0,0,0,,0.0,0.0,0.0,0.0,0.0,2015-07-12,0,0.0,0.0,0.0,0.0,0.0
2015,6,19,5,WN,912,N210WN,MDW,BWI,1945,2042.0,57.0,17.0,2059.0,110.0,108.0,85.0,611,2324.0,6.0,2235,2330.0,55.0,0,0,,0.0,0.0,55.0,0.0,0.0,2015-06-19,1,0.0,0.0,96.49,0.0,0.0
2015,7,8,3,UA,867,N568UA,LAX,JFK,1247,1319.0,32.0,16.0,1335.0,342.0,312.0,291.0,2475,2126.0,5.0,2129,2131.0,2.0,0,0,,0.0,0.0,0.0,0.0,0.0,2015-07-08,1,0.0,0.0,0.0,0.0,0.0
2015,6,14,7,EV,2688,N677AE,DFW,LAW,2155,2201.0,6.0,18.0,2219.0,55.0,59.0,38.0,140,2257.0,3.0,2250,2300.0,10.0,0,0,,0.0,0.0,0.0,0.0,0.0,2015-06-14,0,0.0,0.0,0.0,0.0,0.0
2015,7,15,3,UA,1027,N69829,PHL,ORD,643,711.0,28.0,20.0,731.0,137.0,133.0,105.0,678,816.0,8.0,800,824.0,24.0,0,0,,0.0,0.0,0.0,0.0,24.0,2015-07-15,1,0.0,0.0,0.0,0.0,85.71
2015,7,4,6,B6,1198,N625JB,MCO,LGA,1617,1608.0,-9.0,16.0,1624.0,162.0,146.0,125.0,950,1829.0,5.0,1859,1834.0,-25.0,0,0,,0.0,0.0,0.0,0.0,0.0,2015-07-04,0,0.0,0.0,0.0,0.0,0.0
2015,7,13,1,DL,899,N948DN,PHX,MSP,1602,2028.0,266.0,18.0,2046.0,181.0,175.0,153.0,1276,119.0,4.0,2103,123.0,260.0,0,0,,0.0,0.0,260.0,0.0,0.0,2015-07-13,1,0.0,0.0,97.74,0.0,0.0
2015,6,19,5,B6,552,N652JB,SJU,TPA,2017,2023.0,6.0,11.0,2034.0,175.0,168.0,152.0,1237,2306.0,5.0,2312,2311.0,-1.0,0,0,,0.0,0.0,0.0,0.0,0.0,2015-06-19,0,0.0,0.0,0.0,0.0,0.0
2015,7,18,6,UA,517,N805UA,BDL,ORD,857,852.0,-5.0,11.0,903.0,158.0,138.0,121.0,783,1004.0,6.0,1035,1010.0,-25.0,0,0,,0.0,0.0,0.0,0.0,0.0,2015-07-18,0,0.0,0.0,0.0,0.0,0.0
2015,7,6,1,UA,243,N829UA,CMH,DEN,1701,1717.0,16.0,14.0,1731.0,194.0,205.0,170.0,1154,1821.0,21.0,1815,1842.0,27.0,0,0,,11.0,0.0,5.0,11.0,0.0,2015-07-06,1,68.75,0.0,31.25,68.75,0.0
2015,7,21,2,AA,275,N513AA,DFW,EWR,1002,1042.0,40.0,32.0,1114.0,207.0,214.0,173.0,1372,1507.0,9.0,1429,1516.0,47.0,0,0,,31.0,0.0,0.0,16.0,0.0,2015-07-21,1,77.5,0.0,0.0,40.0,0.0
2015,7,9,4,DL,2009,N395DN,BOS,MSP,1843,1905.0,22.0,25.0,1930.0,189.0,200.0,168.0,1124,2118.0,7.0,2052,2125.0,33.0,0,0,,11.0,0.0,5.0,17.0,0.0,2015-07-09,1,50.0,0.0,22.73,77.27,0.0
2015,7,15,3,AA,2261,N481AA,DFW,TPA,1510,1642.0,92.0,11.0,1653.0,153.0,137.0,123.0,929,1956.0,3.0,1843,1959.0,76.0,0,0,,0.0,0.0,0.0,76.0,0.0,2015-07-15,1,0.0,0.0,0.0,82.61,0.0
2015,6,24,3,DL,1503,N910DL,DTW,ATL,1345,1342.0,-3.0,18.0,1400.0,120.0,114.0,89.0,594,1529.0,7.0,1545,1536.0,-9.0,0,0,,0.0,0.0,0.0,0.0,0.0,2015-06-24,0,0.0,0.0,0.0,0.0,0.0
2015,6,15,1,DL,431,N706TW,JFK,SFO,1815,1827.0,12.0,39.0,1906.0,410.0,460.0,411.0,2586,2257.0,10.0,2205,2307.0,62.0,0,0,,50.0,0.0,0.0,12.0,0.0,2015-06-15,0,416.67,0.0,0.0,100.0,0.0
2015,6,22,1,EV,5127,N758EV,BDL,RDU,700,658.0,-2.0,13.0,711.0,104.0,93.0,76.0,532,827.0,4.0,844,831.0,-13.0,0,0,,0.0,0.0,0.0,0.0,0.0,2015-06-22,0,0.0,0.0,0.0,0.0,0.0
2015,7,16,4,UA,656,N825UA,ORD,BUF,1422,1429.0,7.0,10.0,1439.0,102.0,86.0,72.0,473,1651.0,4.0,1704,1655.0,-9.0,0,0,,0.0,0.0,0.0,0.0,0.0,2015-07-16,0,0.0,0.0,0.0,0.0,0.0
2015,6,29,1,NK,710,N587NK,SJU,FLL,1610,1824.0,134.0,11.0,1835.0,165.0,157.0,137.0,1046,2052.0,9.0,1855,2101.0,126.0,0,0,,0.0,0.0,0.0,126.0,0.0,2015-06-29,1,0.0,0.0,0.0,94.03,0.0
2015,7,8,3,F9,915,N902FR,ORD,DEN,850,904.0,14.0,28.0,932.0,155.0,177.0,140.0,888,1052.0,9.0,1025,1101.0,36.0,0,0,,22.0,0.0,14.0,0.0,0.0,2015-07-08,0,157.14,0.0,100.0,0.0,0.0
2015,7,8,3,B6,2479,N197JB,BOS,EWR,1126,1120.0,-6.0,30.0,1150.0,93.0,95.0,50.0,200,1240.0,15.0,1259,1255.0,-4.0,0,0,,0.0,0.0,0.0,0.0,0.0,2015-07-08,0,0.0,0.0,0.0,0.0,0.0
2015,7,9,4,DL,2687,N891AT,BOS,LGA,1700,1654.0,-6.0,20.0,1714.0,79.0,70.0,43.0,184,1757.0,7.0,1819,1804.0,-15.0,0,0,,0.0,0.0,0.0,0.0,0.0,2015-07-09,0,0.0,0.0,0.0,0.0,0.0
2015,7,1,3,AA,1014,N3FBAA,SJU,MIA,600,603.0,3.0,24.0,627.0,163.0,174.0,140.0,1045,847.0,10.0,843,857.0,14.0,0,0,,0.0,0.0,0.0,0.0,0.0,2015-07-01,0,0.0,0.0,0.0,0.0,0.0
2015,6,29,1,DL,2306,N305DQ,ATL,CHS,1905,1901.0,-4.0,13.0,1914.0,75.0,57.0,40.0,259,1954.0,4.0,2020,1958.0,-22.0,0,0,,0.0,0.0,0.0,0.0,0.0,2015-06-29,0,0.0,0.0,0.0,0.0,0.0
2015,7,6,1,UA,203,N829UA,ORD,MSP,906,900.0,-6.0,21.0,921.0,94.0,81.0,54.0,334,1015.0,6.0,1040,1021.0,-19.0,0,0,,0.0,0.0,0.0,0.0,0.0,2015-07-06,0,0.0,0.0,0.0,0.0,0.0
2015,6,23,2,OO,4640,N805SK,SLC,DFW,830,825.0,-5.0,19.0,844.0,156.0,156.0,128.0,989,1152.0,9.0,1206,1201.0,-5.0,0,0,,0.0,0.0,0.0,0.0,0.0,2015-06-23,0,0.0,0.0,0.0,0.0,0.0
2015,7,20,1,WN,2674,N7816B,PIT,MDW,1525,1518.0,-7.0,14.0,1532.0,85.0,84.0,62.0,402,1534.0,8.0,1550,1542.0,-8.0,0,0,,0.0,0.0,0.0,0.0,0.0,2015-07-20,0,0.0,0.0,0.0,0.0,0.0
2015,6,21,7,WN,788,N7738A,HOU,ATL,750,748.0,-2.0,12.0,800.0,120.0,113.0,96.0,696,1036.0,5.0,1050,1041.0,-9.0,0,0,,0.0,0.0,0.0,0.0,0.0,2015-06-21,0,0.0,0.0,0.0,0.0,0.0
2015,7,4,6,DL,942,N972AT,SDF,ATL,840,837.0,-3.0,17.0,854.0,88.0,89.0,64.0,321,958.0,8.0,1008,1006.0,-2.0,0,0,,0.0,0.0,0.0,0.0,0.0,2015-07-04,0,0.0,0.0,0.0,0.0,0.0
2015,7,18,6,AA,1522,N3LFAA,SFO,ORD,2355,2356.0,1.0,17.0,13.0,244.0,229.0,204.0,1846,537.0,8.0,559,545.0,-14.0,0,0,,0.0,0.0,0.0,0.0,0.0,2015-07-18,0,0.0,0.0,0.0,0.0,0.0
2015,7,15,3,HA,222,N488HA,HNL,ITO,1438,1451.0,13.0,11.0,1502.0,51.0,53.0,37.0,216,1539.0,5.0,1529,1544.0,15.0,0,0,,0.0,0.0,2.0,13.0,0.0,2015-07-15,0,0.0,0.0,15.38,100.0,0.0
2015,6,25,4,WN,2054,N436WN,OAK,PHX,2115,2118.0,3.0,6.0,2124.0,115.0,109.0,97.0,646,2301.0,6.0,2310,2307.0,-3.0,0,0,,0.0,0.0,0.0,0.0,0.0,2015-06-25,0,0.0,0.0,0.0,0.0,0.0
2015,7,2,4,DL,1696,N905DL,BDL,ATL,1249,1248.0,-1.0,16.0,1304.0,161.0,155.0,130.0,859,1514.0,9.0,1530,1523.0,-7.0,0,0,,0.0,0.0,0.0,0.0,0.0,2015-07-02,0,0.0,0.0,0.0,0.0,0.0
2015,6,30,2,US,1881,N921US,PHL,PHX,1810,1839.0,29.0,107.0,2026.0,317.0,378.0,265.0,2075,2151.0,6.0,2027,2157.0,90.0,0,0,,61.0,0.0,9.0,20.0,0.0,2015-06-30,1,210.34,0.0,31.03,68.97,0.0
2015,7,17,5,MQ,3099,N512MQ,BUF,ORD,1148,1137.0,-11.0,16.0,1153.0,110.0,106.0,76.0,473,1209.0,14.0,1238,1223.0,-15.0,0,0,,0.0,0.0,0.0,0.0,0.0,2015-07-17,0,0.0,0.0,0.0,0.0,0.0
2015,7,7,2,DL,1107,N523US,ATL,LAS,1921,1922.0,1.0,21.0,1943.0,260.0,249.0,223.0,1747,2026.0,5.0,2041,2031.0,-10.0,0,0,,0.0,0.0,0.0,0.0,0.0,2015-07-07,0,0.0,0.0,0.0,0.0,0.0
2015,6,25,4,DL,629,N523US,ATL,DTW,915,921.0,6.0,13.0,934.0,112.0,109.0,91.0,594,1105.0,5.0,1107,1110.0,3.0,0,0,,0.0,0.0,0.0,0.0,0.0,2015-06-25,0,0.0,0.0,0.0,0.0,0.0
2015,7,9,4,F9,607,N206FR,ATL,IND,1615,1621.0,6.0,18.0,1639.0,85.0,88.0,64.0,432,1743.0,6.0,1740,1749.0,9.0,0,0,,0.0,0.0,0.0,0.0,0.0,2015-07-09,0,0.0,0.0,0.0,0.0,0.0
2015,7,8,3,OO,3007,N496CA,PHX,PSP,840,836.0,-4.0,18.0,854.0,76.0,69.0,45.0,261,939.0,6.0,956,945.0,-11.0,0,0,,0.0,0.0,0.0,0.0,0.0,2015-07-08,0,0.0,0.0,0.0,0.0,0.0
2015,6,15,1,EV,4303,N18556,IAH,GPT,1655,1759.0,64.0,20.0,1819.0,78.0,87.0,62.0,376,1921.0,5.0,1813,1926.0,73.0,0,0,,9.0,0.0,59.0,5.0,0.0,2015-06-15,1,14.06,0.0,92.19,7.81,0.0
2015,7,13,1,AS,741,N303AS,MCI,SEA,640,632.0,-8.0,15.0,647.0,224.0,233.0,208.0,1489,815.0,10.0,824,825.0,1.0,0,0,,0.0,0.0,0.0,0.0,0.0,2015-07-13,0,0.0,0.0,0.0,0.0,0.0
2015,7,17,5,VX,919,N530VA,LAS,SFO,1715,1710.0,-5.0,15.0,1725.0,90.0,86.0,60.0,414,1825.0,11.0,1845,1836.0,-9.0,0,0,,0.0,0.0,0.0,0.0,0.0,2015-07-17,0,0.0,0.0,0.0,0.0,0.0
2015,7,18,6,DL,459,N391DA,JFK,BOS,2210,2308.0,58.0,21.0,2329.0,89.0,69.0,40.0,187,9.0,8.0,2339,17.0,38.0,0,0,,0.0,0.0,38.0,0.0,0.0,2015-07-18,1,0.0,0.0,65.52,0.0,0.0
2015,6,17,3,WN,278,N204WN,BNA,MCO,545,543.0,-2.0,9.0,552.0,105.0,102.0,83.0,616,815.0,10.0,830,825.0,-5.0,0,0,,0.0,0.0,0.0,0.0,0.0,2015-06-17,0,0.0,0.0,0.0,0.0,0.0
2015,6,20,6,WN,2019,N919WN,DTW,PHX,705,703.0,-2.0,23.0,726.0,270.0,254.0,217.0,1671,803.0,14.0,835,817.0,-18.0,0,0,,0.0,0.0,0.0,0.0,0.0,2015-06-20,0,0.0,0.0,0.0,0.0,0.0
2015,7,16,4,WN,35,N771SA,HOU,BNA,1645,1753.0,68.0,14.0,1807.0,110.0,107.0,87.0,670,1934.0,6.0,1835,1940.0,65.0,0,0,,0.0,0.0,0.0,65.0,0.0,2015-07-16,1,0.0,0.0,0.0,95.59,0.0
2015,6,28,7,OO,5357,N978SW,DEN,MAF,2215,2211.0,-4.0,15.0,2226.0,100.0,94.0,76.0,563,42.0,3.0,55,45.0,-10.0,0,0,,0.0,0.0,0.0,0.0,0.0,2015-06-28,0,0.0,0.0,0.0,0.0,0.0
2015,7,5,7,MQ,3091,N617MQ,DFW,BPT,2145,2306.0,81.0,8.0,2314.0,69.0,52.0,41.0,270,2355.0,3.0,2254,2358.0,64.0,0,0,,0.0,0.0,12.0,52.0,0.0,2015-07-05,1,0.0,0.0,14.81,64.2,0.0
2015,6,16,2,B6,1182,N323JB,RIC,BOS,1345,1335.0,-10.0,11.0,1346.0,92.0,84.0,67.0,474,1453.0,6.0,1517,1459.0,-18.0,0,0,,0.0,0.0,0.0,0.0,0.0,2015-06-16,0,0.0,0.0,0.0,0.0,0.0
2015,6,30,2,DL,677,N337NB,MSP,FAR,1936,1937.0,1.0,15.0,1952.0,63.0,59.0,40.0,223,2032.0,4.0,2039,2036.0,-3.0,0,0,,0.0,0.0,0.0,0.0,0.0,2015-06-30,0,0.0,0.0,0.0,0.0,0.0
2015,6,19,5,WN,21,N431WN,PHX,DEN,2130,2130.0,0.0,8.0,2138.0,110.0,97.0,82.0,602,2400.0,7.0,20,7.0,-13.0,0,0,,0.0,0.0,0.0,0.0,0.0,2015-06-19,0,0.0,0.0,0.0,0.0,0.0
2015,6,29,1,WN,241,N387SW,MCO,CAK,1940,1949.0,9.0,9.0,1958.0,130.0,127.0,114.0,861,2152.0,4.0,2150,2156.0,6.0,0,0,,0.0,0.0,0.0,0.0,0.0,2015-06-29,0,0.0,0.0,0.0,0.0,0.0
2015,7,15,3,UA,1210,N66814,EWR,LAS,1253,1343.0,50.0,15.0,1358.0,324.0,306.0,285.0,2227,1543.0,6.0,1517,1549.0,32.0,0,0,,0.0,0.0,23.0,9.0,0.0,2015-07-15,1,0.0,0.0,46.0,18.0,0.0
2015,7,21,2,F9,1168,N952FR,MCO,CVG,1430,1426.0,-4.0,23.0,1449.0,130.0,140.0,109.0,757,1638.0,8.0,1640,1646.0,6.0,0,0,,0.0,0.0,0.0,0.0,0.0,2015-07-21,0,0.0,0.0,0.0,0.0,0.0
2015,7,9,4,B6,208,N354JB,JFK,PWM,1144,1141.0,-3.0,18.0,1159.0,77.0,64.0,44.0,273,1243.0,2.0,1301,1245.0,-16.0,0,0,,0.0,0.0,0.0,0.0,0.0,2015-07-09,0,0.0,0.0,0.0,0.0,0.0
2015,7,12,7,EV,5235,N751EV,DTW,SAV,1536,1534.0,-2.0,21.0,1555.0,124.0,119.0,93.0,705,1728.0,5.0,1740,1733.0,-7.0,0,0,,0.0,0.0,0.0,0.0,0.0,2015-07-12,0,0.0,0.0,0.0,0.0,0.0
2015,6,25,4,EV,4479,N12142,IAH,SDF,1306,1300.0,-6.0,21.0,1321.0,139.0,143.0,115.0,788,1616.0,7.0,1625,1623.0,-2.0,0,0,,0.0,0.0,0.0,0.0,0.0,2015-06-25,0,0.0,0.0,0.0,0.0,0.0
2015,7,13,1,WN,248,N273WN,MDW,OAK,1820,2003.0,103.0,10.0,2013.0,275.0,275.0,259.0,1844,2232.0,6.0,2055,2238.0,103.0,0,0,,0.0,0.0,66.0,37.0,0.0,2015-07-13,1,0.0,0.0,64.08,35.92,0.0
2015,7,20,1,F9,916,N927FR,ORD,TTN,1000,1004.0,4.0,22.0,1026.0,120.0,120.0,90.0,693,1256.0,8.0,1300,1304.0,4.0,0,0,,0.0,0.0,0.0,0.0,0.0,2015-07-20,0,0.0,0.0,0.0,0.0,0.0
2015,6,17,3,MQ,3395,N603MQ,TUL,ORD,1541,1606.0,25.0,15.0,1621.0,121.0,119.0,89.0,585,1750.0,15.0,1742,1805.0,23.0,0,0,,0.0,0.0,6.0,17.0,0.0,2015-06-17,1,0.0,0.0,24.0,68.0,0.0
2015,6,20,6,US,688,N817AW,OAK,PHX,610,601.0,-9.0,14.0,615.0,119.0,111.0,90.0,646,745.0,7.0,809,752.0,-17.0,0,0,,0.0,0.0,0.0,0.0,0.0,2015-06-20,0,0.0,0.0,0.0,0.0,0.0
2015,6,30,2,WN,1114,N744SW,HOU,SAT,2210,2339.0,89.0,6.0,2345.0,50.0,47.0,37.0,192,22.0,4.0,2300,26.0,86.0,0,0,,0.0,0.0,14.0,72.0,0.0,2015-06-30,1,0.0,0.0,15.73,80.9,0.0
2015,6,15,1,DL,814,N366NB,BHM,ATL,1314,1308.0,-6.0,19.0,1327.0,67.0,64.0,35.0,134,1502.0,10.0,1521,1512.0,-9.0,0,0,,0.0,0.0,0.0,0.0,0.0,2015-06-15,0,0.0,0.0,0.0,0.0,0.0
2015,7,4,6,WN,723,N612SW,DAL,OKC,825,821.0,-4.0,10.0,831.0,50.0,48.0,35.0,181,906.0,3.0,915,909.0,-6.0,0,0,,0.0,0.0,0.0,0.0,0.0,2015-07-04,0,0.0,0.0,0.0,0.0,0.0
2015,6,21,7,B6,602,N594JB,PHX,BOS,2154,2202.0,8.0,16.0,2218.0,291.0,287.0,263.0,2300,541.0,8.0,545,549.0,4.0,0,0,,0.0,0.0,0.0,0.0,0.0,2015-06-21,0,0.0,0.0,0.0,0.0,0.0
2015,7,4,6,OO,4624,N187PQ,FAT,SLC,624,635.0,11.0,14.0,649.0,94.0,87.0,69.0,501,858.0,4.0,858,902.0,4.0,0,0,,0.0,0.0,0.0,0.0,0.0,2015-07-04,0,0.0,0.0,0.0,0.0,0.0
2015,7,22,3,DL,2457,N947DL,ATL,BDL,725,724.0,-1.0,16.0,740.0,139.0,128.0,106.0,859,926.0,6.0,944,932.0,-12.0,0,0,,0.0,0.0,0.0,0.0,0.0,2015-07-22,0,0.0,0.0,0.0,0.0,0.0
2015,6,22,1,OO,4533,N805SK,DTW,IAH,856,851.0,-5.0,34.0,925.0,184.0,175.0,138.0,1075,1043.0,3.0,1100,1046.0,-14.0,0,0,,0.0,0.0,0.0,0.0,0.0,2015-06-22,0,0.0,0.0,0.0,0.0,0.0
2015,7,7,2,MQ,3325,N663MQ,RIC,ORD,1501,1532.0,31.0,8.0,1540.0,142.0,120.0,104.0,642,1624.0,8.0,1623,1632.0,9.0,0,0,,0.0,0.0,0.0,0.0,0.0,2015-07-07,1,0.0,0.0,0.0,0.0,0.0
2015,6,29,1,EV,2669,N909EV,FSM,DFW,1419,1428.0,9.0,4.0,1432.0,63.0,60.0,37.0,227,1509.0,19.0,1522,1528.0,6.0,0,0,,0.0,0.0,0.0,0.0,0.0,2015-06-29,0,0.0,0.0,0.0,0.0,0.0
2015,7,19,7,UA,1977,N35407,SEA,ORD,2323,2330.0,7.0,11.0,2341.0,226.0,211.0,196.0,1721,457.0,4.0,509,501.0,-8.0,0,0,,0.0,0.0,0.0,0.0,0.0,2015-07-19,0,0.0,0.0,0.0,0.0,0.0
2015,6,14,7,MQ,3136,N501MQ,ORD,STL,1101,1207.0,66.0,18.0,1225.0,70.0,66.0,43.0,258,1308.0,5.0,1211,1313.0,62.0,0,0,,0.0,0.0,62.0,0.0,0.0,2015-06-14,1,0.0,0.0,93.94,0.0,0.0
2015,6,21,7,WN,3038,N254WN,ATL,RSW,1340,1337.0,-3.0,12.0,1349.0,100.0,91.0,74.0,515,1503.0,5.0,1520,1508.0,-12.0,0,0,,0.0,0.0,0.0,0.0,0.0,2015-06-21,0,0.0,0.0,0.0,0.0,0.0
2015,6,26,5,US,691,N579UW,ATL,CLT,1040,1039.0,-1.0,14.0,1053.0,77.0,67.0,43.0,226,1136.0,10.0,1157,1146.0,-11.0,0,0,,0.0,0.0,0.0,0.0,0.0,2015-06-26,0,0.0,0.0,0.0,0.0,0.0
2015,7,7,2,WN,1778,N451WN,STL,DAL,1355,1413.0,18.0,7.0,1420.0,95.0,90.0,78.0,546,1538.0,5.0,1530,1543.0,13.0,0,0,,0.0,0.0,0.0,0.0,0.0,2015-07-07,1,0.0,0.0,0.0,0.0,0.0
2015,7,17,5,WN,3331,N411WN,MDW,OAK,1215,1226.0,11.0,24.0,1250.0,275.0,276.0,248.0,1844,1458.0,4.0,1450,1502.0,12.0,0,0,,0.0,0.0,0.0,0.0,0.0,2015-07-17,0,0.0,0.0,0.0,0.0,0.0
2015,7,20,1,OO,5505,N472CA,DEN,FAT,1105,1102.0,-3.0,12.0,1114.0,142.0,134.0,117.0,844,1211.0,5.0,1227,1216.0,-11.0,0,0,,0.0,0.0,0.0,0.0,0.0,2015-07-20,0,0.0,0.0,0.0,0.0,0.0
2015,7,14,2,UA,1169,N57864,IAH,LAX,725,739.0,14.0,17.0,756.0,218.0,202.0,176.0,1379,852.0,9.0,903,901.0,-2.0,0,0,,0.0,0.0,0.0,0.0,0.0,2015-07-14,0,0.0,0.0,0.0,0.0,0.0
2015,6,23,2,EV,5335,N847AS,ABY,ATL,1719,1710.0,-9.0,9.0,1719.0,61.0,69.0,46.0,145,1805.0,14.0,1820,1819.0,-1.0,0,0,,0.0,0.0,0.0,0.0,0.0,2015-06-23,0,0.0,0.0,0.0,0.0,0.0
2015,6,15,1,WN,3664,N258WN,DTW,ATL,1255,1312.0,17.0,7.0,1319.0,110.0,97.0,81.0,594,1440.0,9.0,1445,1449.0,4.0,0,0,,0.0,0.0,0.0,0.0,0.0,2015-06-15,1,0.0,0.0,0.0,0.0,0.0
2015,7,1,3,DL,637,N327NW,SLC,LAX,1500,1504.0,4.0,12.0,1516.0,121.0,103.0,85.0,590,1541.0,6.0,1601,1547.0,-14.0,0,0,,0.0,0.0,0.0,0.0,0.0,2015-07-01,0,0.0,0.0,0.0,0.0,0.0
2015,6,21,7,AA,235,N3KEAA,JFK,BOS,2029,2041.0,12.0,44.0,2125.0,88.0,86.0,37.0,187,2202.0,5.0,2157,2207.0,10.0,0,0,,0.0,0.0,0.0,0.0,0.0,2015-06-21,0,0.0,0.0,0.0,0.0,0.0
2015,6,16,2,DL,1510,N995AT,SAV,ATL,830,830.0,0.0,9.0,839.0,73.0,66.0,51.0,214,930.0,6.0,943,936.0,-7.0,0,0,,0.0,0.0,0.0,0.0,0.0,2015-06-16,0,0.0,0.0,0.0,0.0,0.0
2015,7,21,2,EV,4939,N691CA,ATL,TUL,1335,1331.0,-4.0,26.0,1357.0,117.0,125.0,93.0,674,1430.0,6.0,1432,1436.0,4.0,0,0,,0.0,0.0,0.0,0.0,0.0,2015-07-21,0,0.0,0.0,0.0,0.0,0.0
2015,6,15,1,WN,3330,N559WN,RIC,ATL,1305,1300.0,-5.0,11.0,1311.0,100.0,86.0,68.0,481,1419.0,7.0,1445,1426.0,-19.0,0,0,,0.0,0.0,0.0,0.0,0.0,2015-06-15,0,0.0,0.0,0.0,0.0,0.0
2015,6,21,7,WN,351,N387SW,PDX,SMF,2005,2004.0,-1.0,9.0,2013.0,85.0,85.0,72.0,479,2125.0,4.0,2130,2129.0,-1.0,0,0,,0.0,0.0,0.0,0.0,0.0,2015-06-21,0,0.0,0.0,0.0,0.0,0.0
2015,7,12,7,AA,1637,N5CNAA,MIA,MCO,700,737.0,37.0,16.0,753.0,67.0,63.0,39.0,192,832.0,8.0,807,840.0,33.0,0,0,,0.0,0.0,33.0,0.0,0.0,2015-07-12,1,0.0,0.0,89.19,0.0,0.0
2015,6,26,5,EV,5059,N981EV,GNV,ATL,1500,1536.0,36.0,15.0,1551.0,76.0,72.0,50.0,300,1641.0,7.0,1616,1648.0,32.0,0,0,,0.0,0.0,0.0,32.0,0.0,2015-06-26,1,0.0,0.0,0.0,88.89,0.0
2015,7,21,2,NK,855,N632NK,LBE,ORD,1645,1737.0,52.0,10.0,1747.0,95.0,87.0,70.0,459,1757.0,7.0,1720,1804.0,44.0,0,0,,0.0,0.0,0.0,44.0,0.0,2015-07-21,1,0.0,0.0,0.0,84.62,0.0
2015,7,15,3,OO,5188,N951SW,DEN,SBA,1127,1123.0,-4.0,19.0,1142.0,156.0,157.0,133.0,916,1255.0,5.0,1303,1300.0,-3.0,0,0,,0.0,0.0,0.0,0.0,0.0,2015-07-15,0,0.0,0.0,0.0,0.0,0.0
2015,7,13,1,F9,822,N906FR,DEN,MCI,1940,1943.0,3.0,18.0,2001.0,93.0,97.0,70.0,533,2211.0,9.0,2213,2220.0,7.0,0,0,,0.0,0.0,0.0,0.0,0.0,2015-07-13,0,0.0,0.0,0.0,0.0,0.0
2015,6,18,4,US,1839,N822AW,PHL,MSP,1125,1118.0,-7.0,35.0,1153.0,167.0,187.0,145.0,980,1318.0,7.0,1312,1325.0,13.0,0,0,,0.0,0.0,0.0,0.0,0.0,2015-06-18,0,0.0,0.0,0.0,0.0,0.0
2015,7,18,6,AS,711,N403AS,STL,SEA,640,640.0,0.0,23.0,703.0,252.0,265.0,235.0,1709,858.0,7.0,852,905.0,13.0,0,0,,0.0,0.0,0.0,0.0,0.0,2015-07-18,0,0.0,0.0,0.0,0.0,0.0
2015,7,5,7,NK,851,N620NK,DTW,MYR,1227,1457.0,150.0,9.0,1506.0,107.0,133.0,91.0,636,1637.0,33.0,1414,1710.0,176.0,0,0,,26.0,0.0,150.0,0.0,0.0,2015-07-05,1,17.33,0.0,100.0,0.0,0.0
2015,7,4,6,NK,380,N613NK,FLL,DTW,2020,2010.0,-10.0,9.0,2019.0,175.0,158.0,141.0,1127,2240.0,8.0,2315,2248.0,-27.0,0,0,,0.0,0.0,0.0,0.0,0.0,2015-07-04,0,0.0,0.0,0.0,0.0,0.0
2015,7,14,2,F9,288,N953FR,DEN,STL,1959,2026.0,27.0,29.0,2055.0,120.0,136.0,102.0,770,2337.0,5.0,2259,2342.0,43.0,0,0,,16.0,0.0,0.0,27.0,0.0,2015-07-14,1,59.26,0.0,0.0,100.0,0.0
2015,6,24,3,WN,1149,N222WN,HOU,CLT,2045,2341.0,176.0,8.0,2349.0,145.0,128.0,115.0,920,244.0,5.0,10,249.0,159.0,0,0,,0.0,0.0,15.0,144.0,0.0,2015-06-24,1,0.0,0.0,8.52,81.82,0.0
2015,7,8,3,AA,1998,N562UW,MIA,CLT,1910,2036.0,86.0,25.0,2101.0,128.0,137.0,102.0,650,2243.0,10.0,2118,2253.0,95.0,0,0,,9.0,0.0,0.0,86.0,0.0,2015-07-08,1,10.47,0.0,0.0,100.0,0.0
2015,7,6,1,WN,1722,N8324A,PVD,MDW,545,548.0,3.0,8.0,556.0,160.0,130.0,116.0,842,652.0,6.0,725,658.0,-27.0,0,0,,0.0,0.0,0.0,0.0,0.0,2015-07-06,0,0.0,0.0,0.0,0.0,0.0
2015,7,21,2,UA,296,N817UA,OKC,DEN,1730,2013.0,163.0,37.0,2050.0,109.0,110.0,68.0,495,2058.0,5.0,1819,2103.0,164.0,0,0,,1.0,0.0,8.0,155.0,0.0,2015-07-21,1,0.61,0.0,4.91,95.09,0.0
2015,6,26,5,WN,308,N916WN,BNA,LGA,1020,1048.0,28.0,8.0,1056.0,130.0,112.0,99.0,764,1335.0,5.0,1330,1340.0,10.0,0,0,,0.0,0.0,0.0,0.0,0.0,2015-06-26,1,0.0,0.0,0.0,0.0,0.0
2015,6,24,3,WN,3241,N7709A,STL,ATL,625,816.0,111.0,12.0,828.0,95.0,86.0,65.0,484,1033.0,9.0,900,1042.0,102.0,0,0,,0.0,0.0,102.0,0.0,0.0,2015-06-24,1,0.0,0.0,91.89,0.0,0.0
2015,6,27,6,OO,3456,N218AG,PDX,BUR,640,636.0,-4.0,10.0,646.0,131.0,132.0,119.0,817,845.0,3.0,851,848.0,-3.0,0,0,,0.0,0.0,0.0,0.0,0.0,2015-06-27,0,0.0,0.0,0.0,0.0,0.0
2015,6,17,3,US,1981,N818AW,DTW,CLT,1920,1958.0,38.0,22.0,2020.0,105.0,109.0,82.0,500,2142.0,5.0,2105,2147.0,42.0,0,0,,4.0,0.0,0.0,38.0,0.0,2015-06-17,1,10.53,0.0,0.0,100.0,0.0
2015,6,28,7,AS,630,N558AS,PDX,DFW,2355,2350.0,-5.0,13.0,3.0,220.0,224.0,206.0,1616,529.0,5.0,535,534.0,-1.0,0,0,,0.0,0.0,0.0,0.0,0.0,2015-06-28,0,0.0,0.0,0.0,0.0,0.0
2015,7,2,4,EV,4407,N12163,ORD,FNT,2111,2120.0,9.0,14.0,2134.0,66.0,54.0,36.0,223,2310.0,4.0,2317,2314.0,-3.0,0,0,,0.0,0.0,0.0,0.0,0.0,2015-07-02,0,0.0,0.0,0.0,0.0,0.0
2015,7,15,3,WN,728,N317WN,CMH,MCO,1235,1427.0,112.0,9.0,1436.0,130.0,118.0,103.0,802,1619.0,6.0,1445,1625.0,100.0,0,0,,0.0,0.0,0.0,14.0,86.0,2015-07-15,1,0.0,0.0,0.0,12.5,76.79
2015,7,15,3,OO,6332,N794SK,DEN,PHX,1454,1452.0,-2.0,18.0,1510.0,114.0,122.0,96.0,602,1546.0,8.0,1548,1554.0,6.0,0,0,,0.0,0.0,0.0,0.0,0.0,2015-07-15,0,0.0,0.0,0.0,0.0,0.0
2015,7,3,5,AA,1484,N424AA,DFW,AUS,900,859.0,-1.0,15.0,914.0,64.0,54.0,35.0,190,949.0,4.0,1004,953.0,-11.0,0,0,,0.0,0.0,0.0,0.0,0.0,2015-07-03,0,0.0,0.0,0.0,0.0,0.0
2015,7,21,2,DL,1175,N340NB,MSP,DEN,735,732.0,-3.0,10.0,742.0,120.0,113.0,97.0,680,819.0,6.0,835,825.0,-10.0,0,0,,0.0,0.0,0.0,0.0,0.0,2015-07-21,0,0.0,0.0,0.0,0.0,0.0
2015,6,14,7,OO,5459,N824AS,SFO,SBP,900,1049.0,109.0,23.0,1112.0,69.0,64.0,38.0,190,1150.0,3.0,1009,1153.0,104.0,0,0,,0.0,0.0,104.0,0.0,0.0,2015-06-14,1,0.0,0.0,95.41,0.0,0.0
2015,6,29,1,DL,760,N581NW,SMF,ATL,1240,1239.0,-1.0,14.0,1253.0,276.0,270.0,251.0,2092,2004.0,5.0,2016,2009.0,-7.0,0,0,,0.0,0.0,0.0,0.0,0.0,2015-06-29,0,0.0,0.0,0.0,0.0,0.0
2015,6,21,7,AA,2255,N856AA,DFW,MCO,655,654.0,-1.0,62.0,756.0,158.0,209.0,140.0,985,1116.0,7.0,1033,1123.0,50.0,0,0,,50.0,0.0,0.0,0.0,0.0,2015-06-21,0,-5000.0,-0.0,-0.0,-0.0,-0.0
2015,7,12,7,WN,102,N448WN,SMF,ONT,2200,49.0,169.0,8.0,57.0,75.0,70.0,57.0,390,154.0,5.0,2315,159.0,164.0,0,0,,0.0,0.0,0.0,164.0,0.0,2015-07-12,1,0.0,0.0,0.0,97.04,0.0
2015,7,11,6,OO,6473,N919SW,DEN,EUG,1132,1125.0,-7.0,13.0,1138.0,170.0,156.0,140.0,996,1258.0,3.0,1322,1301.0,-21.0,0,0,,0.0,0.0,0.0,0.0,0.0,2015-07-11,0,0.0,0.0,0.0,0.0,0.0
2015,7,17,5,WN,2592,N8320J,DEN,SLC,600,555.0,-5.0,12.0,607.0,95.0,79.0,63.0,391,710.0,4.0,735,714.0,-21.0,0,0,,0.0,0.0,0.0,0.0,0.0,2015-07-17,0,0.0,0.0,0.0,0.0,0.0
2015,7,11,6,OO,6421,N117SY,SFO,BUR,1352,1409.0,17.0,20.0,1429.0,85.0,76.0,51.0,326,1520.0,5.0,1517,1525.0,8.0,0,0,,0.0,0.0,0.0,0.0,0.0,2015-07-11,1,0.0,0.0,0.0,0.0,0.0
2015,7,20,1,AA,1093,N3LSAA,DFW,SJU,715,726.0,11.0,10.0,736.0,300.0,283.0,265.0,2165,1301.0,8.0,1315,1309.0,-6.0,0,0,,0.0,0.0,0.0,0.0,0.0,2015-07-20,0,0.0,0.0,0.0,0.0,0.0
2015,7,11,6,DL,2541,N921AT,DSM,ATL,1145,1143.0,-2.0,10.0,1153.0,130.0,123.0,107.0,743,1440.0,6.0,1455,1446.0,-9.0,0,0,,0.0,0.0,0.0,0.0,0.0,2015-07-11,0,0.0,0.0,0.0,0.0,0.0
2015,7,3,5,DL,2447,N309US,MSP,MEM,1335,1332.0,-3.0,9.0,1341.0,115.0,106.0,91.0,700,1512.0,6.0,1530,1518.0,-12.0,0,0,,0.0,0.0,0.0,0.0,0.0,2015-07-03,0,0.0,0.0,0.0,0.0,0.0
2015,7,13,1,MQ,3296,N9EAMQ,BNA,ORD,600,745.0,105.0,16.0,801.0,107.0,115.0,90.0,409,931.0,9.0,747,940.0,113.0,0,0,,113.0,0.0,0.0,0.0,0.0,2015-07-13,1,107.62,0.0,0.0,0.0,0.0
2015,7,13,1,B6,605,N236JB,JFK,ORD,1256,1401.0,65.0,30.0,1431.0,160.0,146.0,105.0,740,1516.0,11.0,1436,1527.0,51.0,0,0,,51.0,0.0,0.0,0.0,0.0,2015-07-13,1,78.46,0.0,0.0,0.0,0.0
2015,7,1,3,B6,478,N608JB,JAX,JFK,1827,1849.0,22.0,18.0,1907.0,153.0,140.0,114.0,828,2101.0,8.0,2100,2109.0,9.0,0,0,,0.0,0.0,0.0,0.0,0.0,2015-07-01,1,0.0,0.0,0.0,0.0,0.0
2015,6,21,7,UA,1983,N24702,SEA,DEN,714,708.0,-6.0,10.0,718.0,162.0,144.0,126.0,1024,1024.0,8.0,1056,1032.0,-24.0,0,0,,0.0,0.0,0.0,0.0,0.0,2015-06-21,0,0.0,0.0,0.0,0.0,0.0
2015,7,14,2,B6,1451,N505JB,BOS,MCO,1930,2047.0,77.0,20.0,2107.0,180.0,167.0,143.0,1121,2330.0,4.0,2230,2334.0,64.0,0,0,,0.0,0.0,12.0,52.0,0.0,2015-07-14,1,0.0,0.0,15.58,67.53,0.0
2015,7,13,1,WN,3232,N950WN,PDX,DEN,530,528.0,-2.0,12.0,540.0,150.0,149.0,131.0,991,851.0,6.0,900,857.0,-3.0,0,0,,0.0,0.0,0.0,0.0,0.0,2015-07-13,0,0.0,0.0,0.0,0.0,0.0
2015,6,18,4,EV,5208,N538CA,IAH,MSP,1035,1112.0,37.0,17.0,1129.0,165.0,155.0,128.0,1034,1337.0,10.0,1320,1347.0,27.0,0,0,,0.0,0.0,0.0,27.0,0.0,2015-06-18,1,0.0,0.0,0.0,72.97,0.0
2015,6,19,5,AS,239,N585AS,SAN,SEA,1950,1946.0,-4.0,18.0,2004.0,160.0,183.0,142.0,1050,2226.0,23.0,2230,2249.0,19.0,0,0,,19.0,0.0,0.0,0.0,0.0,2015-06-19,0,-475.0,-0.0,-0.0,-0.0,-0.0
2015,7,8,3,OO,4539,N659BR,TUS,SLC,715,708.0,-7.0,16.0,724.0,111.0,113.0,92.0,601,956.0,5.0,1006,1001.0,-5.0,0,0,,0.0,0.0,0.0,0.0,0.0,2015-07-08,0,0.0,0.0,0.0,0.0,0.0
2015,7,21,2,WN,200,N950WN,MCI,MDW,935,932.0,-3.0,7.0,939.0,80.0,69.0,57.0,405,1036.0,5.0,1055,1041.0,-14.0,0,0,,0.0,0.0,0.0,0.0,0.0,2015-07-21,0,0.0,0.0,0.0,0.0,0.0
2015,7,20,1,EV,4263,N11164,IAH,MKE,1255,1257.0,2.0,26.0,1323.0,160.0,167.0,132.0,984,1535.0,9.0,1535,1544.0,9.0,0,0,,0.0,0.0,0.0,0.0,0.0,2015-07-20,0,0.0,0.0,0.0,0.0,0.0
2015,7,18,6,AA,1507,N585AA,TUS,DFW,1300,1256.0,-4.0,8.0,1304.0,142.0,137.0,112.0,813,1656.0,17.0,1722,1713.0,-9.0,0,0,,0.0,0.0,0.0,0.0,0.0,2015-07-18,0,0.0,0.0,0.0,0.0,0.0
2015,6,19,5,OO,4769,N440SW,TUS,SLC,1010,1003.0,-7.0,15.0,1018.0,112.0,107.0,87.0,601,1245.0,5.0,1302,1250.0,-12.0,0,0,,0.0,0.0,0.0,0.0,0.0,2015-06-19,0,0.0,0.0,0.0,0.0,0.0
2015,7,3,5,AA,2523,N4YNAA,SLC,DFW,1122,1149.0,27.0,20.0,1209.0,159.0,150.0,121.0,989,1510.0,9.0,1501,1519.0,18.0,0,0,,0.0,0.0,7.0,11.0,0.0,2015-07-03,1,0.0,0.0,25.93,40.74,0.0
2015,7,19,7,WN,810,N515SW,HOU,MAF,2015,2014.0,-1.0,10.0,2024.0,75.0,74.0,61.0,441,2125.0,3.0,2130,2128.0,-2.0,0,0,,0.0,0.0,0.0,0.0,0.0,2015-07-19,0,0.0,0.0,0.0,0.0,0.0
2015,6,21,7,DL,2126,N659DL,PIT,ATL,805,805.0,0.0,15.0,820.0,105.0,97.0,74.0,526,934.0,8.0,950,942.0,-8.0,0,0,,0.0,0.0,0.0,0.0,0.0,2015-06-21,0,0.0,0.0,0.0,0.0,0.0
2015,7,2,4,UA,1106,N75433,SAN,SFO,615,624.0,9.0,32.0,656.0,97.0,95.0,60.0,447,756.0,3.0,752,759.0,7.0,0,0,,0.0,0.0,0.0,0.0,0.0,2015-07-02,0,0.0,0.0,0.0,0.0,0.0
2015,6,14,7,EV,5904,N15910,CMH,ORD,1349,1338.0,-11.0,12.0,1350.0,81.0,76.0,51.0,296,1341.0,13.0,1410,1354.0,-16.0,0,0,,0.0,0.0,0.0,0.0,0.0,2015-06-14,0,0.0,0.0,0.0,0.0,0.0
2015,6,21,7,AA,57,N3GSAA,MIA,DEN,2015,2020.0,5.0,23.0,2043.0,264.0,248.0,218.0,1709,2221.0,7.0,2239,2228.0,-11.0,0,0,,0.0,0.0,0.0,0.0,0.0,2015-06-21,0,0.0,0.0,0.0,0.0,0.0
2015,7,14,2,OO,6387,N105SY,LAS,SFO,1726,1823.0,57.0,18.0,1841.0,99.0,89.0,68.0,414,1949.0,3.0,1905,1952.0,47.0,0,0,,0.0,0.0,0.0,47.0,0.0,2015-07-14,1,0.0,0.0,0.0,82.46,0.0
2015,6,28,7,EV,5409,N738EV,DTW,MDW,2002,2001.0,-1.0,21.0,2022.0,80.0,71.0,44.0,228,2006.0,6.0,2022,2012.0,-10.0,0,0,,0.0,0.0,0.0,0.0,0.0,2015-06-28,0,0.0,0.0,0.0,0.0,0.0
2015,6,22,1,OO,2776,N889AS,PHX,DRO,2140,2223.0,43.0,11.0,2234.0,75.0,65.0,50.0,351,24.0,4.0,2355,28.0,33.0,0,0,,0.0,0.0,0.0,33.0,0.0,2015-06-22,1,0.0,0.0,0.0,76.74,0.0
2015,7,10,5,OO,6201,N479CA,DEN,FCA,1956,1959.0,3.0,23.0,2022.0,134.0,140.0,113.0,752,2215.0,4.0,2210,2219.0,9.0,0,0,,0.0,0.0,0.0,0.0,0.0,2015-07-10,0,0.0,0.0,0.0,0.0,0.0
2015,7,19,7,WN,232,N272WN,DEN,PDX,2215,2219.0,4.0,12.0,2231.0,160.0,149.0,134.0,991,2345.0,3.0,2355,2348.0,-7.0,0,0,,0.0,0.0,0.0,0.0,0.0,2015-07-19,0,0.0,0.0,0.0,0.0,0.0
2015,6,24,3,EV,4165,N29906,FNT,ORD,1645,1635.0,-10.0,11.0,1646.0,75.0,58.0,41.0,223,1627.0,6.0,1700,1633.0,-27.0,0,0,,0.0,0.0,0.0,0.0,0.0,2015-06-24,0,0.0,0.0,0.0,0.0,0.0
2015,6,18,4,US,1857,N581UW,SFO,CLT,1300,1302.0,2.0,14.0,1316.0,306.0,293.0,268.0,2296,2044.0,11.0,2106,2055.0,-11.0,0,0,,0.0,0.0,0.0,0.0,0.0,2015-06-18,0,0.0,0.0,0.0,0.0,0.0
2015,6,30,2,B6,487,N561JB,BOS,LAX,1712,1801.0,49.0,15.0,1816.0,377.0,348.0,326.0,2611,2042.0,7.0,2029,2049.0,20.0,0,0,,0.0,0.0,0.0,0.0,20.0,2015-06-30,1,0.0,0.0,0.0,0.0,40.82
2015,7,4,6,EV,5261,N920EV,ATL,SHV,2100,2120.0,20.0,12.0,2132.0,105.0,96.0,80.0,551,2152.0,4.0,2145,2156.0,11.0,0,0,,0.0,0.0,0.0,0.0,0.0,2015-07-04,1,0.0,0.0,0.0,0.0,0.0
2015,7,4,6,AA,1992,N839AW,DCA,FLL,830,825.0,-5.0,19.0,844.0,156.0,157.0,136.0,899,1100.0,2.0,1106,1102.0,-4.0,0,0,,0.0,0.0,0.0,0.0,0.0,2015-07-04,0,0.0,0.0,0.0,0.0,0.0
2015,7,12,7,AA,1821,N747UW,MSY,CLT,1245,1251.0,6.0,13.0,1304.0,115.0,105.0,85.0,651,1529.0,7.0,1540,1536.0,-4.0,0,0,,0.0,0.0,0.0,0.0,0.0,2015-07-12,0,0.0,0.0,0.0,0.0,0.0
2015,7,10,5,AA,713,N508AY,PHL,CLT,635,631.0,-4.0,15.0,646.0,100.0,90.0,68.0,449,754.0,7.0,815,801.0,-14.0,0,0,,0.0,0.0,0.0,0.0,0.0,2015-07-10,0,0.0,0.0,0.0,0.0,0.0
2015,7,15,3,EV,4475,N14203,IAH,MSY,2115,2218.0,63.0,9.0,2227.0,73.0,63.0,48.0,305,2315.0,6.0,2228,2321.0,53.0,0,0,,0.0,0.0,53.0,0.0,0.0,2015-07-15,1,0.0,0.0,84.13,0.0,0.0
2015,6,22,1,DL,1499,N900DE,MEM,ATL,600,600.0,0.0,13.0,613.0,76.0,73.0,52.0,332,805.0,8.0,816,813.0,-3.0,0,0,,0.0,0.0,0.0,0.0,0.0,2015-06-22,0,0.0,0.0,0.0,0.0,0.0
2015,6,23,2,B6,552,N608JB,SJU,TPA,2017,2050.0,33.0,9.0,2059.0,175.0,172.0,160.0,1237,2339.0,3.0,2312,2342.0,30.0,0,0,,0.0,0.0,17.0,13.0,0.0,2015-06-23,1,0.0,0.0,51.52,39.39,0.0
2015,6,17,3,WN,555,N354SW,MCO,BHM,815,809.0,-6.0,17.0,826.0,90.0,90.0,69.0,479,835.0,4.0,845,839.0,-6.0,0,0,,0.0,0.0,0.0,0.0,0.0,2015-06-17,0,0.0,0.0,0.0,0.0,0.0
2015,7,5,7,AA,1459,N4XGAA,DFW,MCI,1820,1819.0,-1.0,14.0,1833.0,100.0,90.0,71.0,460,1944.0,5.0,2000,1949.0,-11.0,0,0,,0.0,0.0,0.0,0.0,0.0,2015-07-05,0,0.0,0.0,0.0,0.0,0.0
2015,7,2,4,OO,4567,N437SW,MSP,GRB,1320,1320.0,0.0,21.0,1341.0,64.0,69.0,43.0,252,1424.0,5.0,1424,1429.0,5.0,0,0,,0.0,0.0,0.0,0.0,0.0,2015-07-02,0,0.0,0.0,0.0,0.0,0.0
2015,6,15,1,US,620,N178US,ONT,PHX,625,624.0,-1.0,20.0,644.0,77.0,73.0,49.0,325,733.0,4.0,742,737.0,-5.0,0,0,,0.0,0.0,0.0,0.0,0.0,2015-06-15,0,0.0,0.0,0.0,0.0,0.0
2015,7,21,2,MQ,3335,N824MQ,AZO,ORD,1540,1533.0,-7.0,14.0,1547.0,60.0,52.0,28.0,122,1515.0,10.0,1540,1525.0,-15.0,0,0,,0.0,0.0,0.0,0.0,0.0,2015-07-21,0,0.0,0.0,0.0,0.0,0.0
2015,6,16,2,B6,271,N644JB,LGA,FLL,945,938.0,-7.0,23.0,1001.0,183.0,173.0,144.0,1076,1225.0,6.0,1248,1231.0,-17.0,0,0,,0.0,0.0,0.0,0.0,0.0,2015-06-16,0,0.0,0.0,0.0,0.0,0.0
2015,6,30,2,UA,1686,N69840,DEN,SFO,1124,1122.0,-2.0,13.0,1135.0,161.0,140.0,118.0,967,1233.0,9.0,1305,1242.0,-23.0,0,0,,0.0,0.0,0.0,0.0,0.0,2015-06-30,0,0.0,0.0,0.0,0.0,0.0
2015,6,14,7,B6,1011,N249JB,BOS,ORD,1645,1704.0,19.0,14.0,1718.0,169.0,190.0,149.0,867,1847.0,27.0,1834,1914.0,40.0,0,0,,40.0,0.0,0.0,0.0,0.0,2015-06-14,1,210.53,0.0,0.0,0.0,0.0
2015,6,24,3,AS,44,N792AS,BET,ANC,1325,1317.0,-8.0,5.0,1322.0,70.0,68.0,59.0,399,1421.0,4.0,1435,1425.0,-10.0,0,0,,0.0,0.0,0.0,0.0,0.0,2015-06-24,0,0.0,0.0,0.0,0.0,0.0
2015,7,12,7,WN,3496,N7717D,OAK,LAX,1130,1129.0,-1.0,15.0,1144.0,80.0,77.0,57.0,337,1241.0,5.0,1250,1246.0,-4.0,0,0,,0.0,0.0,0.0,0.0,0.0,2015-07-12,0,0.0,0.0,0.0,0.0,0.0
2015,7,6,1,DL,774,N6708D,SAT,ATL,600,600.0,0.0,14.0,614.0,145.0,149.0,129.0,874,923.0,6.0,925,929.0,4.0,0,0,,0.0,0.0,0.0,0.0,0.0,2015-07-06,0,0.0,0.0,0.0,0.0,0.0
2015,7,17,5,B6,1698,N520JB,ANC,SEA,1609,1614.0,5.0,9.0,1623.0,205.0,191.0,175.0,1448,2018.0,7.0,2034,2025.0,-9.0,0,0,,0.0,0.0,0.0,0.0,0.0,2015-07-17,0,0.0,0.0,0.0,0.0,0.0
2015,7,18,6,UA,1523,N37287,BOS,SFO,1448,1516.0,28.0,17.0,1533.0,391.0,389.0,362.0,2704,1835.0,10.0,1819,1845.0,26.0,0,0,,0.0,0.0,20.0,6.0,0.0,2015-07-18,1,0.0,0.0,71.43,21.43,0.0
2015,6,24,3,B6,325,N354JB,JFK,TPA,1459,1451.0,-8.0,30.0,1521.0,195.0,185.0,139.0,1005,1740.0,16.0,1814,1756.0,-18.0,0,0,,0.0,0.0,0.0,0.0,0.0,2015-06-24,0,0.0,0.0,0.0,0.0,0.0
2015,7,8,3,AA,1765,N751UW,DCA,CLT,1345,1352.0,7.0,17.0,1409.0,87.0,79.0,51.0,331,1500.0,11.0,1512,1511.0,-1.0,0,0,,0.0,0.0,0.0,0.0,0.0,2015-07-08,0,0.0,0.0,0.0,0.0,0.0
2015,7,19,7,WN,569,N613SW,BNA,MCO,1420,1443.0,23.0,8.0,1451.0,115.0,112.0,97.0,616,1728.0,7.0,1715,1735.0,20.0,0,0,,0.0,0.0,8.0,12.0,0.0,2015-07-19,1,0.0,0.0,34.78,52.17,0.0
2015,7,1,3,AA,1334,N5FRAA,MIA,MCO,2130,2153.0,23.0,25.0,2218.0,69.0,75.0,39.0,192,2257.0,11.0,2239,2308.0,29.0,0,0,,6.0,0.0,23.0,0.0,0.0,2015-07-01,1,26.09,0.0,100.0,0.0,0.0
2015,7,17,5,F9,163,N939FR,MSN,DEN,1955,1955.0,0.0,11.0,2006.0,134.0,144.0,124.0,826,2110.0,9.0,2109,2119.0,10.0,0,0,,0.0,0.0,0.0,0.0,0.0,2015-07-17,0,0.0,0.0,0.0,0.0,0.0
2015,7,3,5,WN,198,N8644C,MDW,BWI,1320,1321.0,1.0,17.0,1338.0,110.0,105.0,84.0,611,1602.0,4.0,1610,1606.0,-4.0,0,0,,0.0,0.0,0.0,0.0,0.0,2015-07-03,0,0.0,0.0,0.0,0.0,0.0
2015,7,19,7,AA,357,N489AA,SAT,DFW,1604,1558.0,-6.0,14.0,1612.0,76.0,59.0,41.0,247,1653.0,4.0,1720,1657.0,-23.0,0,0,,0.0,0.0,0.0,0.0,0.0,2015-07-19,0,0.0,0.0,0.0,0.0,0.0
2015,7,5,7,OO,6191,N923SW,DEN,BFL,1110,1100.0,-10.0,14.0,1114.0,153.0,141.0,121.0,845,1215.0,6.0,1243,1221.0,-22.0,0,0,,0.0,0.0,0.0,0.0,0.0,2015-07-05,0,0.0,0.0,0.0,0.0,0.0
2015,7,6,1,WN,1495,N522SW,MAF,DAL,1645,1639.0,-6.0,10.0,1649.0,70.0,71.0,56.0,319,1745.0,5.0,1755,1750.0,-5.0,0,0,,0.0,0.0,0.0,0.0,0.0,2015-07-06,0,0.0,0.0,0.0,0.0,0.0
2015,6,20,6,MQ,3348,N9EAMQ,ORD,COU,2200,2200.0,0.0,96.0,2336.0,81.0,195.0,96.0,315,112.0,3.0,2321,115.0,114.0,0,0,,114.0,0.0,0.0,0.0,0.0,2015-06-20,0,inf,0.0,0.0,0.0,0.0
2015,7,16,4,AA,1515,N3DPAA,MSY,DFW,1107,1103.0,-4.0,9.0,1112.0,97.0,91.0,66.0,447,1218.0,16.0,1244,1234.0,-10.0,0,0,,0.0,0.0,0.0,0.0,0.0,2015-07-16,0,0.0,0.0,0.0,0.0,0.0
2015,7,6,1,EV,4559,N18120,EWR,MSP,629,622.0,-7.0,23.0,645.0,184.0,190.0,159.0,1008,824.0,8.0,833,832.0,-1.0,0,0,,0.0,0.0,0.0,0.0,0.0,2015-07-06,0,0.0,0.0,0.0,0.0,0.0
2015,6,28,7,DL,1629,N891AT,CLT,DTW,1247,1245.0,-2.0,35.0,1320.0,101.0,115.0,77.0,500,1437.0,3.0,1428,1440.0,12.0,0,0,,0.0,0.0,0.0,0.0,0.0,2015-06-28,0,0.0,0.0,0.0,0.0,0.0
2015,7,20,1,AA,785,N552UW,PHX,LAS,2240,2300.0,20.0,13.0,2313.0,64.0,60.0,39.0,255,2352.0,8.0,2344,2400.0,16.0,0,0,,0.0,0.0,16.0,0.0,0.0,2015-07-20,1,0.0,0.0,80.0,0.0,0.0
2015,7,9,4,UA,1205,N57868,KOA,LAX,1322,1342.0,20.0,11.0,1353.0,328.0,320.0,275.0,2504,2128.0,34.0,2150,2202.0,12.0,0,0,,0.0,0.0,0.0,0.0,0.0,2015-07-09,1,0.0,0.0,0.0,0.0,0.0
2015,7,19,7,MQ,3164,N905MQ,ORD,FNT,1640,1803.0,83.0,8.0,1811.0,71.0,51.0,38.0,223,1949.0,5.0,1851,1954.0,63.0,0,0,,0.0,0.0,63.0,0.0,0.0,2015-07-19,1,0.0,0.0,75.9,0.0,0.0
2015,6,24,3,OO,2753,N907SW,TUS,PHX,1205,1155.0,-10.0,9.0,1204.0,48.0,44.0,27.0,110,1231.0,8.0,1253,1239.0,-14.0,0,0,,0.0,0.0,0.0,0.0,0.0,2015-06-24,0,0.0,0.0,0.0,0.0,0.0
2015,6,28,7,DL,943,N382DA,SEA,ANC,1205,1209.0,4.0,22.0,1231.0,204.0,198.0,172.0,1448,1423.0,4.0,1429,1427.0,-2.0,0,0,,0.0,0.0,0.0,0.0,0.0,2015-06-28,0,0.0,0.0,0.0,0.0,0.0
2015,7,2,4,B6,82,N373JB,RIC,BOS,1505,1537.0,32.0,7.0,1544.0,90.0,80.0,69.0,474,1653.0,4.0,1635,1657.0,22.0,0,0,,0.0,0.0,10.0,12.0,0.0,2015-07-02,1,0.0,0.0,31.25,37.5,0.0
2015,6,16,2,NK,564,N506NK,SAN,ORD,1350,1611.0,141.0,13.0,1624.0,235.0,279.0,218.0,1723,2202.0,48.0,1945,2250.0,185.0,0,0,,44.0,0.0,18.0,123.0,0.0,2015-06-16,1,31.21,0.0,12.77,87.23,0.0
2015,6,26,5,US,457,N189UW,DFW,PHX,820,832.0,12.0,17.0,849.0,157.0,153.0,118.0,868,847.0,18.0,857,905.0,8.0,0,0,,0.0,0.0,0.0,0.0,0.0,2015-06-26,0,0.0,0.0,0.0,0.0,0.0
2015,7,1,3,WN,44,N263WN,HOU,DAL,1700,1803.0,63.0,18.0,1821.0,60.0,65.0,42.0,239,1903.0,5.0,1800,1908.0,68.0,0,0,,5.0,0.0,3.0,60.0,0.0,2015-07-01,1,7.94,0.0,4.76,95.24,0.0
2015,7,15,3,NK,912,N618NK,MCO,ORD,1717,1727.0,10.0,14.0,1741.0,183.0,186.0,150.0,1005,1911.0,22.0,1920,1933.0,13.0,0,0,,0.0,0.0,0.0,0.0,0.0,2015-07-15,0,0.0,0.0,0.0,0.0,0.0
2015,7,14,2,OO,5160,N746SK,IAH,ONT,907,917.0,10.0,14.0,931.0,201.0,177.0,159.0,1334,1010.0,4.0,1028,1014.0,-14.0,0,0,,0.0,0.0,0.0,0.0,0.0,2015-07-14,0,0.0,0.0,0.0,0.0,0.0
2015,6,22,1,AA,1473,N487AA,ATL,DFW,1446,1451.0,5.0,17.0,1508.0,139.0,132.0,110.0,731,1558.0,5.0,1605,1603.0,-2.0,0,0,,0.0,0.0,0.0,0.0,0.0,2015-06-22,0,0.0,0.0,0.0,0.0,0.0
2015,6,23,2,WN,1721,N937WN,PDX,PHX,2155,2249.0,54.0,8.0,2257.0,155.0,143.0,131.0,1009,108.0,4.0,30,112.0,42.0,0,0,,0.0,0.0,0.0,42.0,0.0,2015-06-23,1,0.0,0.0,0.0,77.78,0.0
2015,7,8,3,WN,922,N937WN,SDF,MDW,1705,1704.0,-1.0,10.0,1714.0,70.0,66.0,50.0,271,1704.0,6.0,1715,1710.0,-5.0,0,0,,0.0,0.0,0.0,0.0,0.0,2015-07-08,0,0.0,0.0,0.0,0.0,0.0
2015,6,28,7,US,1873,N768US,SYR,CLT,1859,1849.0,-10.0,9.0,1858.0,121.0,113.0,95.0,603,2033.0,9.0,2100,2042.0,-18.0,0,0,,0.0,0.0,0.0,0.0,0.0,2015-06-28,0,0.0,0.0,0.0,0.0,0.0
2015,6,28,7,HA,248,N489HA,HNL,KOA,1742,1736.0,-6.0,11.0,1747.0,47.0,44.0,28.0,163,1815.0,5.0,1829,1820.0,-9.0,0,0,,0.0,0.0,0.0,0.0,0.0,2015-06-28,0,0.0,0.0,0.0,0.0,0.0
2015,7,6,1,WN,1114,N728SW,PNS,HOU,1950,2013.0,23.0,8.0,2021.0,95.0,109.0,70.0,488,2131.0,31.0,2125,2202.0,37.0,0,0,,14.0,0.0,0.0,23.0,0.0,2015-07-06,1,60.87,0.0,0.0,100.0,0.0
2015,6,30,2,US,651,N924US,SLC,PHX,2020,2009.0,-11.0,8.0,2017.0,99.0,88.0,74.0,507,2031.0,6.0,2059,2037.0,-22.0,0,0,,0.0,0.0,0.0,0.0,0.0,2015-06-30,0,0.0,0.0,0.0,0.0,0.0
2015,7,17,5,AS,117,N508AS,SEA,FAI,1950,2053.0,63.0,16.0,2109.0,216.0,222.0,202.0,1533,2331.0,4.0,2226,2335.0,69.0,0,0,,6.0,0.0,0.0,63.0,0.0,2015-07-17,1,9.52,0.0,0.0,100.0,0.0
2015,6,23,2,UA,593,N526UA,LAX,BOS,730,728.0,-2.0,36.0,804.0,334.0,332.0,292.0,2611,1556.0,4.0,1604,1600.0,-4.0,0,0,,0.0,0.0,0.0,0.0,0.0,2015-06-23,0,0.0,0.0,0.0,0.0,0.0
2015,7,12,7,EV,4209,N11535,IAH,MAF,715,715.0,0.0,19.0,734.0,89.0,85.0,63.0,429,837.0,3.0,844,840.0,-4.0,0,0,,0.0,0.0,0.0,0.0,0.0,2015-07-12,0,0.0,0.0,0.0,0.0,0.0
2015,7,1,3,EV,3942,N14204,ORD,ROA,703,715.0,12.0,21.0,736.0,107.0,99.0,72.0,531,948.0,6.0,950,954.0,4.0,0,0,,0.0,0.0,0.0,0.0,0.0,2015-07-01,0,0.0,0.0,0.0,0.0,0.0
2015,7,2,4,DL,1686,N354NB,MSP,RAP,1936,1936.0,0.0,12.0,1948.0,102.0,87.0,71.0,489,1959.0,4.0,2018,2003.0,-15.0,0,0,,0.0,0.0,0.0,0.0,0.0,2015-07-02,0,0.0,0.0,0.0,0.0,0.0
2015,6,25,4,UA,1159,N33289,EWR,PHX,1911,1939.0,28.0,38.0,2017.0,328.0,322.0,277.0,2133,2154.0,7.0,2139,2201.0,22.0,0,0,,0.0,0.0,4.0,18.0,0.0,2015-06-25,1,0.0,0.0,14.29,64.29,0.0
2015,7,10,5,B6,183,N517JB,JFK,MCO,820,819.0,-1.0,21.0,840.0,173.0,167.0,129.0,944,1049.0,17.0,1113,1106.0,-7.0,0,0,,0.0,0.0,0.0,0.0,0.0,2015-07-10,0,0.0,0.0,0.0,0.0,0.0
2015,7,14,2,WN,1193,N919WN,SNA,SJC,835,836.0,1.0,7.0,843.0,70.0,67.0,56.0,342,939.0,4.0,945,943.0,-2.0,0,0,,0.0,0.0,0.0,0.0,0.0,2015-07-14,0,0.0,0.0,0.0,0.0,0.0
2015,7,10,5,WN,851,N244WN,ATL,CMH,940,952.0,12.0,12.0,1004.0,100.0,83.0,67.0,447,1111.0,4.0,1120,1115.0,-5.0,0,0,,0.0,0.0,0.0,0.0,0.0,2015-07-10,0,0.0,0.0,0.0,0.0,0.0
2015,6,22,1,AA,1568,N3KMAA,MCI,DFW,1635,1629.0,-6.0,17.0,1646.0,99.0,96.0,68.0,460,1754.0,11.0,1814,1805.0,-9.0,0,0,,0.0,0.0,0.0,0.0,0.0,2015-06-22,0,0.0,0.0,0.0,0.0,0.0
2015,6,17,3,MQ,3236,N826MQ,ORD,AZO,1650,1714.0,24.0,9.0,1723.0,61.0,37.0,26.0,122,1849.0,2.0,1851,1851.0,0.0,0,0,,0.0,0.0,0.0,0.0,0.0,2015-06-17,1,0.0,0.0,0.0,0.0,0.0
2015,6,21,7,US,563,N556UW,PHX,SAN,2010,2007.0,-3.0,17.0,2024.0,71.0,67.0,45.0,304,2109.0,5.0,2121,2114.0,-7.0,0,0,,0.0,0.0,0.0,0.0,0.0,2015-06-21,0,0.0,0.0,0.0,0.0,0.0
2015,7,14,2,WN,1225,N937WN,BWI,PDX,955,1016.0,21.0,14.0,1030.0,340.0,331.0,313.0,2358,1243.0,4.0,1235,1247.0,12.0,0,0,,0.0,0.0,0.0,0.0,0.0,2015-07-14,1,0.0,0.0,0.0,0.0,0.0
2015,7,15,3,EV,4166,N19554,EWR,BDL,1425,1426.0,1.0,13.0,1439.0,56.0,43.0,22.0,116,1501.0,8.0,1521,1509.0,-12.0,0,0,,0.0,0.0,0.0,0.0,0.0,2015-07-15,0,0.0,0.0,0.0,0.0,0.0
2015,7,9,4,WN,857,N603SW,BNA,AUS,800,758.0,-2.0,10.0,808.0,120.0,125.0,110.0,756,958.0,5.0,1000,1003.0,3.0,0,0,,0.0,0.0,0.0,0.0,0.0,2015-07-09,0,0.0,0.0,0.0,0.0,0.0
2015,7,18,6,AA,244,N3BMAA,DFW,EWR,1355,1349.0,-6.0,29.0,1418.0,214.0,214.0,177.0,1372,1815.0,8.0,1829,1823.0,-6.0,0,0,,0.0,0.0,0.0,0.0,0.0,2015-07-18,0,0.0,0.0,0.0,0.0,0.0
2015,7,20,1,WN,4448,N601WN,LIT,MDW,1835,1938.0,63.0,8.0,1946.0,95.0,118.0,101.0,544,2127.0,9.0,2010,2136.0,86.0,0,0,,23.0,0.0,0.0,63.0,0.0,2015-07-20,1,36.51,0.0,0.0,100.0,0.0
2015,6,30,2,AA,1356,N4WKAA,DFW,AUS,830,826.0,-4.0,13.0,839.0,55.0,68.0,50.0,190,929.0,5.0,925,934.0,9.0,0,0,,0.0,0.0,0.0,0.0,0.0,2015-06-30,0,0.0,0.0,0.0,0.0,0.0
2015,7,18,6,F9,658,N931FR,SFO,DEN,1010,1024.0,14.0,13.0,1037.0,147.0,137.0,117.0,967,1334.0,7.0,1337,1341.0,4.0,0,0,,0.0,0.0,0.0,0.0,0.0,2015-07-18,0,0.0,0.0,0.0,0.0,0.0
2015,7,20,1,AA,1344,N567AA,ORD,AUS,1128,1125.0,-3.0,14.0,1139.0,152.0,150.0,131.0,978,1350.0,5.0,1400,1355.0,-5.0,0,0,,0.0,0.0,0.0,0.0,0.0,2015-07-20,0,0.0,0.0,0.0,0.0,0.0
2015,7,2,4,AA,1222,N3GSAA,ORD,DCA,1700,1719.0,19.0,28.0,1747.0,128.0,110.0,79.0,612,2006.0,3.0,2008,2009.0,1.0,0,0,,0.0,0.0,0.0,0.0,0.0,2015-07-02,1,0.0,0.0,0.0,0.0,0.0
2015,7,8,3,AA,1004,N008AA,DFW,AUS,700,655.0,-5.0,9.0,704.0,58.0,48.0,34.0,190,738.0,5.0,758,743.0,-15.0,0,0,,0.0,0.0,0.0,0.0,0.0,2015-07-08,0,0.0,0.0,0.0,0.0,0.0
2015,6,29,1,AA,1673,N4XWAA,DFW,MSP,715,715.0,0.0,11.0,726.0,149.0,136.0,121.0,852,927.0,4.0,944,931.0,-13.0,0,0,,0.0,0.0,0.0,0.0,0.0,2015-06-29,0,0.0,0.0,0.0,0.0,0.0
2015,6,26,5,DL,2362,N712TW,LAX,JFK,1615,1610.0,-5.0,12.0,1622.0,335.0,308.0,290.0,2475,12.0,6.0,50,18.0,-32.0,0,0,,0.0,0.0,0.0,0.0,0.0,2015-06-26,0,0.0,0.0,0.0,0.0,0.0
2015,7,16,4,DL,2136,N341NB,ATL,ELP,1100,1057.0,-3.0,17.0,1114.0,189.0,176.0,156.0,1282,1150.0,3.0,1209,1153.0,-16.0,0,0,,0.0,0.0,0.0,0.0,0.0,2015-07-16,0,0.0,0.0,0.0,0.0,0.0
2015,6,28,7,WN,5699,N653SW,BOS,MKE,1545,1618.0,33.0,14.0,1632.0,155.0,144.0,125.0,860,1737.0,5.0,1720,1742.0,22.0,0,0,,0.0,0.0,3.0,19.0,0.0,2015-06-28,1,0.0,0.0,9.09,57.58,0.0
2015,7,21,2,WN,1263,N296WN,SNA,PHX,1810,1825.0,15.0,12.0,1837.0,75.0,69.0,50.0,338,1927.0,7.0,1925,1934.0,9.0,0,0,,0.0,0.0,0.0,0.0,0.0,2015-07-21,0,0.0,0.0,0.0,0.0,0.0
2015,7,10,5,DL,913,N323US,TVC,MSP,1627,1704.0,37.0,15.0,1719.0,82.0,77.0,56.0,376,1715.0,6.0,1649,1721.0,32.0,0,0,,0.0,0.0,0.0,32.0,0.0,2015-07-10,1,0.0,0.0,0.0,86.49,0.0
2015,6,26,5,WN,569,N492WN,MDW,BNA,1230,1227.0,-3.0,18.0,1245.0,75.0,79.0,56.0,395,1341.0,5.0,1345,1346.0,1.0,0,0,,0.0,0.0,0.0,0.0,0.0,2015-06-26,0,0.0,0.0,0.0,0.0,0.0
2015,7,5,7,OO,5252,N784SK,ASE,DEN,1342,1637.0,175.0,11.0,1648.0,53.0,50.0,32.0,125,1720.0,7.0,1435,1727.0,172.0,0,0,,0.0,0.0,0.0,172.0,0.0,2015-07-05,1,0.0,0.0,0.0,98.29,0.0
2015,7,17,5,DL,2016,N906DA,ATL,DEN,1510,1507.0,-3.0,13.0,1520.0,202.0,195.0,177.0,1199,1617.0,5.0,1632,1622.0,-10.0,0,0,,0.0,0.0,0.0,0.0,0.0,2015-07-17,0,0.0,0.0,0.0,0.0,0.0
2015,6,23,2,UA,707,N449UA,LAS,SFO,1018,1023.0,5.0,14.0,1037.0,107.0,107.0,64.0,414,1141.0,29.0,1205,1210.0,5.0,0,0,,0.0,0.0,0.0,0.0,0.0,2015-06-23,0,0.0,0.0,0.0,0.0,0.0
2015,7,6,1,DL,1618,N612DL,MCO,ATL,720,807.0,47.0,30.0,837.0,104.0,97.0,58.0,404,935.0,9.0,904,944.0,40.0,0,0,,0.0,0.0,0.0,40.0,0.0,2015-07-06,1,0.0,0.0,0.0,85.11,0.0
2015,7,8,3,DL,445,N391DA,JFK,AUS,1835,1834.0,-1.0,81.0,1955.0,260.0,275.0,189.0,1521,2204.0,5.0,2155,2209.0,14.0,0,0,,0.0,0.0,0.0,0.0,0.0,2015-07-08,0,0.0,0.0,0.0,0.0,0.0
2015,7,19,7,OO,5644,N124SY,ATL,ORD,1451,1901.0,250.0,12.0,1913.0,137.0,109.0,88.0,606,1941.0,9.0,1608,1950.0,222.0,0,0,,0.0,0.0,0.0,222.0,0.0,2015-07-19,1,0.0,0.0,0.0,88.8,0.0
2015,6,25,4,OO,4517,N816SK,PHX,LAX,1615,1612.0,-3.0,16.0,1628.0,90.0,75.0,55.0,370,1723.0,4.0,1745,1727.0,-18.0,0,0,,0.0,0.0,0.0,0.0,0.0,2015-06-25,0,0.0,0.0,0.0,0.0,0.0
2015,7,17,5,B6,327,N598JB,EWR,MCO,1700,1658.0,-2.0,16.0,1714.0,163.0,146.0,122.0,937,1916.0,8.0,1943,1924.0,-19.0,0,0,,0.0,0.0,0.0,0.0,0.0,2015-07-17,0,0.0,0.0,0.0,0.0,0.0
2015,7,5,7,EV,4529,N14904,EWR,BTV,805,823.0,18.0,17.0,840.0,78.0,72.0,50.0,266,930.0,5.0,923,935.0,12.0,0,0,,0.0,0.0,0.0,0.0,0.0,2015-07-05,1,0.0,0.0,0.0,0.0,0.0
2015,7,1,3,B6,1916,N279JB,BUF,BOS,1905,1939.0,34.0,11.0,1950.0,79.0,87.0,63.0,395,2053.0,13.0,2024,2106.0,42.0,0,0,,8.0,0.0,9.0,25.0,0.0,2015-07-01,1,23.53,0.0,26.47,73.53,0.0
2015,6,17,3,DL,1810,N927DA,DFW,ATL,1840,1958.0,78.0,13.0,2011.0,132.0,129.0,106.0,731,2257.0,10.0,2152,2307.0,75.0,0,0,,0.0,0.0,14.0,61.0,0.0,2015-06-17,1,0.0,0.0,17.95,78.21,0.0
2015,7,15,3,AA,1793,N167US,DFW,CLT,1725,1719.0,-6.0,22.0,1741.0,162.0,165.0,135.0,936,2056.0,8.0,2107,2104.0,-3.0,0,0,,0.0,0.0,0.0,0.0,0.0,2015-07-15,0,0.0,0.0,0.0,0.0,0.0
2015,6,17,3,DL,2455,N346NB,IAH,DTW,1451,1623.0,92.0,42.0,1705.0,171.0,186.0,137.0,1075,2022.0,7.0,1842,2029.0,107.0,0,0,,15.0,0.0,0.0,92.0,0.0,2015-06-17,1,16.3,0.0,0.0,100.0,0.0
2015,7,20,1,OO,7416,N915EV,MSP,RHI,1419,1419.0,0.0,14.0,1433.0,62.0,51.0,32.0,190,1505.0,5.0,1521,1510.0,-11.0,0,0,,0.0,0.0,0.0,0.0,0.0,2015-07-20,0,0.0,0.0,0.0,0.0,0.0
2015,6,23,2,B6,703,N637JB,JFK,SJU,1450,1505.0,15.0,22.0,1527.0,248.0,231.0,205.0,1598,1852.0,4.0,1858,1856.0,-2.0,0,0,,0.0,0.0,0.0,0.0,0.0,2015-06-23,0,0.0,0.0,0.0,0.0,0.0
2015,7,16,4,AA,2482,N3JYAA,AUS,DFW,1959,2057.0,58.0,10.0,2107.0,69.0,52.0,38.0,190,2145.0,4.0,2108,2149.0,41.0,0,0,,0.0,0.0,0.0,41.0,0.0,2015-07-16,1,0.0,0.0,0.0,70.69,0.0
2015,6,15,1,DL,1932,N667DN,LAS,DTW,615,610.0,-5.0,27.0,637.0,234.0,246.0,210.0,1749,1307.0,9.0,1309,1316.0,7.0,0,0,,0.0,0.0,0.0,0.0,0.0,2015-06-15,0,0.0,0.0,0.0,0.0,0.0
2015,6,21,7,OO,7420,N430SW,IMT,MSP,1305,1252.0,-13.0,14.0,1306.0,79.0,76.0,48.0,257,1354.0,14.0,1424,1408.0,-16.0,0,0,,0.0,0.0,0.0,0.0,0.0,2015-06-21,0,0.0,0.0,0.0,0.0,0.0
2015,6,25,4,OO,4495,N8942A,RAP,MSP,755,746.0,-9.0,18.0,804.0,101.0,98.0,68.0,489,1012.0,12.0,1036,1024.0,-12.0,0,0,,0.0,0.0,0.0,0.0,0.0,2015-06-25,0,0.0,0.0,0.0,0.0,0.0
2015,6,14,7,OO,5158,N783SK,IAH,BFL,2110,2104.0,-6.0,15.0,2119.0,211.0,196.0,178.0,1428,2217.0,3.0,2241,2220.0,-21.0,0,0,,0.0,0.0,0.0,0.0,0.0,2015-06-14,0,0.0,0.0,0.0,0.0,0.0
2015,6,14,7,F9,122,N906FR,DEN,DFW,1700,1847.0,107.0,14.0,1901.0,108.0,111.0,90.0,641,2131.0,7.0,1948,2138.0,110.0,0,0,,3.0,0.0,0.0,107.0,0.0,2015-06-14,1,2.8,0.0,0.0,100.0,0.0
2015,6,22,1,WN,1027,N636WN,MKE,MCI,745,739.0,-6.0,6.0,745.0,85.0,86.0,76.0,436,901.0,4.0,910,905.0,-5.0,0,0,,0.0,0.0,0.0,0.0,0.0,2015-06-22,0,0.0,0.0,0.0,0.0,0.0
2015,6,16,2,WN,1342,N642WN,BWI,MHT,705,701.0,-4.0,10.0,711.0,80.0,75.0,60.0,377,811.0,5.0,825,816.0,-9.0,0,0,,0.0,0.0,0.0,0.0,0.0,2015-06-16,0,0.0,0.0,0.0,0.0,0.0
2015,7,11,6,AA,281,N5CHAA,MIA,DFW,600,558.0,-2.0,19.0,617.0,186.0,176.0,149.0,1121,746.0,8.0,806,754.0,-12.0,0,0,,0.0,0.0,0.0,0.0,0.0,2015-07-11,0,0.0,0.0,0.0,0.0,0.0
2015,6,16,2,OO,2892,N862AS,LAX,EUG,1955,1951.0,-4.0,38.0,2029.0,122.0,144.0,101.0,748,2210.0,5.0,2157,2215.0,18.0,0,0,,18.0,0.0,0.0,0.0,0.0,2015-06-16,0,-450.0,-0.0,-0.0,-0.0,-0.0
2015,7,14,2,AA,2279,N3CGAA,ORD,LAX,2210,2215.0,5.0,16.0,2231.0,273.0,259.0,236.0,1744,27.0,7.0,43,34.0,-9.0,0,0,,0.0,0.0,0.0,0.0,0.0,2015-07-14,0,0.0,0.0,0.0,0.0,0.0
2015,7,4,6,OO,6205,N915SW,DEN,LNK,1745,1735.0,-10.0,33.0,1808.0,81.0,94.0,59.0,423,2007.0,2.0,2006,2009.0,3.0,0,0,,0.0,0.0,0.0,0.0,0.0,2015-07-04,0,0.0,0.0,0.0,0.0,0.0
2015,7,15,3,WN,4197,N8635F,PHX,MCI,1745,1741.0,-4.0,12.0,1753.0,150.0,147.0,131.0,1044,2204.0,4.0,2215,2208.0,-7.0,0,0,,0.0,0.0,0.0,0.0,0.0,2015-07-15,0,0.0,0.0,0.0,0.0,0.0
2015,6,22,1,MQ,3160,N830MQ,DFW,SAF,1520,1516.0,-4.0,14.0,1530.0,113.0,98.0,78.0,551,1548.0,6.0,1613,1554.0,-19.0,0,0,,0.0,0.0,0.0,0.0,0.0,2015-06-22,0,0.0,0.0,0.0,0.0,0.0
2015,7,10,5,VX,321,N625VA,FLL,LAX,705,710.0,5.0,11.0,721.0,320.0,320.0,297.0,2343,918.0,12.0,925,930.0,5.0,0,0,,0.0,0.0,0.0,0.0,0.0,2015-07-10,0,0.0,0.0,0.0,0.0,0.0
2015,7,19,7,WN,4082,N260WN,MSY,HOU,805,800.0,-5.0,8.0,808.0,70.0,57.0,45.0,302,853.0,4.0,915,857.0,-18.0,0,0,,0.0,0.0,0.0,0.0,0.0,2015-07-19,0,0.0,0.0,0.0,0.0,0.0
2015,7,7,2,OO,6265,N108SY,ORD,DCA,700,813.0,73.0,10.0,823.0,118.0,96.0,80.0,612,1043.0,6.0,958,1049.0,51.0,0,0,,0.0,0.0,39.0,12.0,0.0,2015-07-07,1,0.0,0.0,53.42,16.44,0.0
2015,6,23,2,WN,4037,N7740A,SAN,SFO,1900,1945.0,45.0,8.0,1953.0,85.0,77.0,64.0,447,2057.0,5.0,2025,2102.0,37.0,0,0,,0.0,0.0,37.0,0.0,0.0,2015-06-23,1,0.0,0.0,82.22,0.0,0.0
2015,7,7,2,VX,411,N633VA,JFK,LAX,1300,1256.0,-4.0,20.0,1316.0,355.0,354.0,324.0,2475,1540.0,10.0,1555,1550.0,-5.0,0,0,,0.0,0.0,0.0,0.0,0.0,2015-07-07,0,0.0,0.0,0.0,0.0,0.0
2015,6,29,1,US,1827,N954UW,BOS,PHL,930,926.0,-4.0,26.0,952.0,89.0,94.0,63.0,280,1055.0,5.0,1059,1100.0,1.0,0,0,,0.0,0.0,0.0,0.0,0.0,2015-06-29,0,0.0,0.0,0.0,0.0,0.0
2015,6,16,2,WN,4395,N360SW,SFO,LAX,650,647.0,-3.0,10.0,657.0,90.0,72.0,56.0,337,753.0,6.0,820,759.0,-21.0,0,0,,0.0,0.0,0.0,0.0,0.0,2015-06-16,0,0.0,0.0,0.0,0.0,0.0
2015,6,20,6,AA,2214,N569AA,ABQ,DFW,1105,1056.0,-9.0,10.0,1106.0,105.0,105.0,82.0,569,1328.0,13.0,1350,1341.0,-9.0,0,0,,0.0,0.0,0.0,0.0,0.0,2015-06-20,0,0.0,0.0,0.0,0.0,0.0
2015,7,4,6,UA,1280,N14214,ORD,ANC,1550,1546.0,-4.0,15.0,1601.0,396.0,417.0,396.0,2846,1937.0,6.0,1926,1943.0,17.0,0,0,,17.0,0.0,0.0,0.0,0.0,2015-07-04,0,-425.0,-0.0,-0.0,-0.0,-0.0
2015,6,14,7,AA,1362,N861AA,DFW,MCO,1850,1853.0,3.0,54.0,1947.0,168.0,189.0,129.0,985,2256.0,6.0,2238,2302.0,24.0,0,0,,24.0,0.0,0.0,0.0,0.0,2015-06-14,0,800.0,0.0,0.0,0.0,0.0
2015,7,20,1,WN,4493,N466WN,LAS,DEN,1010,1023.0,13.0,13.0,1036.0,110.0,102.0,82.0,628,1258.0,7.0,1300,1305.0,5.0,0,0,,0.0,0.0,0.0,0.0,0.0,2015-07-20,0,0.0,0.0,0.0,0.0,0.0
2015,7,1,3,DL,1941,N994DL,MHT,ATL,649,642.0,-7.0,18.0,700.0,176.0,166.0,142.0,952,922.0,6.0,945,928.0,-17.0,0,0,,0.0,0.0,0.0,0.0,0.0,2015-07-01,0,0.0,0.0,0.0,0.0,0.0
2015,7,20,1,OO,4697,N679CA,CVG,ORD,2006,2044.0,38.0,10.0,2054.0,78.0,65.0,48.0,265,2042.0,7.0,2024,2049.0,25.0,0,0,,0.0,0.0,0.0,25.0,0.0,2015-07-20,1,0.0,0.0,0.0,65.79,0.0
2015,6,20,6,DL,1050,N916DN,ATL,RSW,2052,2108.0,16.0,15.0,2123.0,101.0,92.0,71.0,515,2234.0,6.0,2233,2240.0,7.0,0,0,,0.0,0.0,0.0,0.0,0.0,2015-06-20,1,0.0,0.0,0.0,0.0,0.0
2015,7,18,6,OO,6448,N788SK,DFW,LAX,1641,1829.0,108.0,13.0,1842.0,199.0,190.0,162.0,1235,1924.0,15.0,1800,1939.0,99.0,0,0,,0.0,0.0,0.0,99.0,0.0,2015-07-18,1,0.0,0.0,0.0,91.67,0.0
2015,6,27,6,OO,6392,N954SW,RDM,DEN,1506,1555.0,49.0,18.0,1613.0,145.0,146.0,120.0,898,1913.0,8.0,1831,1921.0,50.0,0,0,,1.0,0.0,0.0,45.0,4.0,2015-06-27,1,2.04,0.0,0.0,91.84,8.16
2015,7,5,7,F9,337,N922FR,ATL,MSP,615,612.0,-3.0,19.0,631.0,155.0,161.0,130.0,907,741.0,12.0,750,753.0,3.0,0,0,,0.0,0.0,0.0,0.0,0.0,2015-07-05,0,0.0,0.0,0.0,0.0,0.0
2015,6,16,2,OO,5413,N701BR,MKE,ORD,1626,1621.0,-5.0,13.0,1634.0,53.0,51.0,24.0,67,1658.0,14.0,1719,1712.0,-7.0,0,0,,0.0,0.0,0.0,0.0,0.0,2015-06-16,0,0.0,0.0,0.0,0.0,0.0
2015,6,16,2,WN,1694,N550WN,SNA,SJC,950,1006.0,16.0,13.0,1019.0,70.0,74.0,57.0,342,1116.0,4.0,1100,1120.0,20.0,0,0,,4.0,0.0,0.0,16.0,0.0,2015-06-16,1,25.0,0.0,0.0,100.0,0.0
2015,7,15,3,AS,445,N303AS,LAX,SEA,705,711.0,6.0,16.0,727.0,164.0,159.0,135.0,954,942.0,8.0,949,950.0,1.0,0,0,,0.0,0.0,0.0,0.0,0.0,2015-07-15,0,0.0,0.0,0.0,0.0,0.0
2015,7,9,4,OO,4617,N631SK,BOI,SEA,1853,1948.0,55.0,12.0,2000.0,86.0,77.0,60.0,399,2000.0,5.0,1919,2005.0,46.0,0,0,,0.0,0.0,0.0,46.0,0.0,2015-07-09,1,0.0,0.0,0.0,83.64,0.0
2015,7,19,7,WN,5699,N358SW,MKE,MSP,1755,1805.0,10.0,25.0,1830.0,75.0,76.0,47.0,297,1917.0,4.0,1910,1921.0,11.0,0,0,,0.0,0.0,0.0,0.0,0.0,2015-07-19,0,0.0,0.0,0.0,0.0,0.0
2015,6,14,7,DL,1095,N992DL,CLT,ATL,1325,1324.0,-1.0,18.0,1342.0,80.0,66.0,43.0,226,1425.0,5.0,1445,1430.0,-15.0,0,0,,0.0,0.0,0.0,0.0,0.0,2015-06-14,0,0.0,0.0,0.0,0.0,0.0
2015,6,30,2,WN,580,N7712G,FLL,STL,1710,1708.0,-2.0,16.0,1724.0,170.0,155.0,134.0,1057,1838.0,5.0,1900,1843.0,-17.0,0,0,,0.0,0.0,0.0,0.0,0.0,2015-06-30,0,0.0,0.0,0.0,0.0,0.0
2015,7,3,5,AS,73,N793AS,JNU,ANC,727,713.0,-14.0,14.0,727.0,98.0,114.0,97.0,571,904.0,3.0,905,907.0,2.0,0,0,,0.0,0.0,0.0,0.0,0.0,2015-07-03,0,0.0,0.0,0.0,0.0,0.0
2015,7,7,2,DL,2812,N342NW,RNO,SLC,630,627.0,-3.0,11.0,638.0,86.0,84.0,61.0,422,839.0,12.0,856,851.0,-5.0,0,0,,0.0,0.0,0.0,0.0,0.0,2015-07-07,0,0.0,0.0,0.0,0.0,0.0
2015,7,6,1,EV,4219,N12163,PWM,ORD,1640,2002.0,202.0,40.0,2042.0,160.0,175.0,130.0,900,2152.0,5.0,1820,2157.0,217.0,0,0,,176.0,0.0,15.0,26.0,0.0,2015-07-06,1,87.13,0.0,7.43,12.87,0.0
2015,7,20,1,UA,1962,N54241,TPA,IAD,909,909.0,0.0,15.0,924.0,139.0,127.0,107.0,811,1111.0,5.0,1128,1116.0,-12.0,0,0,,0.0,0.0,0.0,0.0,0.0,2015-07-20,0,0.0,0.0,0.0,0.0,0.0
2015,7,3,5,B6,1553,N535JB,FLL,SJU,1550,1743.0,113.0,11.0,1754.0,158.0,148.0,133.0,1046,2007.0,4.0,1828,2011.0,103.0,0,0,,0.0,0.0,2.0,101.0,0.0,2015-07-03,1,0.0,0.0,1.77,89.38,0.0
2015,6,25,4,WN,1518,N8658A,BWI,SJU,820,821.0,1.0,23.0,844.0,255.0,243.0,213.0,1565,1217.0,7.0,1235,1224.0,-11.0,0,0,,0.0,0.0,0.0,0.0,0.0,2015-06-25,0,0.0,0.0,0.0,0.0,0.0
2015,7,10,5,DL,2244,N608AT,SMF,LAX,1719,1759.0,40.0,11.0,1810.0,91.0,84.0,63.0,373,1913.0,10.0,1850,1923.0,33.0,0,0,,0.0,0.0,7.0,26.0,0.0,2015-07-10,1,0.0,0.0,17.5,65.0,0.0
2015,7,4,6,WN,140,N758SW,SDF,LAS,1230,1230.0,0.0,7.0,1237.0,240.0,224.0,212.0,1624,1309.0,5.0,1330,1314.0,-16.0,0,0,,0.0,0.0,0.0,0.0,0.0,2015-07-04,0,0.0,0.0,0.0,0.0,0.0
2015,7,10,5,OO,5504,N760SK,MFR,SFO,1330,1352.0,22.0,28.0,1420.0,86.0,96.0,63.0,329,1523.0,5.0,1456,1528.0,32.0,0,0,,32.0,0.0,0.0,0.0,0.0,2015-07-10,1,145.45,0.0,0.0,0.0,0.0
2015,7,20,1,WN,245,N934WN,SMF,BUR,1550,1545.0,-5.0,8.0,1553.0,70.0,66.0,55.0,358,1648.0,3.0,1700,1651.0,-9.0,0,0,,0.0,0.0,0.0,0.0,0.0,2015-07-20,0,0.0,0.0,0.0,0.0,0.0
2015,7,18,6,UA,283,N537UA,ORD,SEA,2245,2339.0,54.0,20.0,2359.0,261.0,251.0,225.0,1721,144.0,6.0,106,150.0,44.0,0,0,,0.0,0.0,44.0,0.0,0.0,2015-07-18,1,0.0,0.0,81.48,0.0,0.0
2015,6,18,4,EV,4596,N26545,STL,EWR,1601,1700.0,59.0,8.0,1708.0,152.0,145.0,125.0,872,2013.0,12.0,1933,2025.0,52.0,0,0,,36.0,0.0,0.0,16.0,0.0,2015-06-18,1,61.02,0.0,0.0,27.12,0.0
2015,6,22,1,WN,2761,N558WN,ATL,JAX,1220,1213.0,-7.0,12.0,1225.0,65.0,61.0,44.0,270,1309.0,5.0,1325,1314.0,-11.0,0,0,,0.0,0.0,0.0,0.0,0.0,2015-06-22,0,0.0,0.0,0.0,0.0,0.0
2015,6,28,7,EV,4745,N16561,DSM,ORD,733,723.0,-10.0,12.0,735.0,82.0,89.0,53.0,299,828.0,24.0,855,852.0,-3.0,0,0,,0.0,0.0,0.0,0.0,0.0,2015-06-28,0,0.0,0.0,0.0,0.0,0.0
2015,6,18,4,DL,2514,N914DN,BOS,ATL,1600,1613.0,13.0,30.0,1643.0,174.0,192.0,142.0,946,1905.0,20.0,1854,1925.0,31.0,0,0,,18.0,0.0,13.0,0.0,0.0,2015-06-18,0,138.46,0.0,100.0,0.0,0.0
2015,6,20,6,MQ,3167,N654MQ,LIT,ORD,1912,1900.0,-12.0,13.0,1913.0,118.0,177.0,104.0,552,2057.0,60.0,2110,2157.0,47.0,0,0,,47.0,0.0,0.0,0.0,0.0,2015-06-20,0,-391.67,-0.0,-0.0,-0.0,-0.0
2015,6,25,4,US,685,N647AW,SEA,PHL,40,128.0,48.0,12.0,140.0,303.0,272.0,256.0,2378,856.0,4.0,843,900.0,17.0,0,0,,0.0,0.0,1.0,16.0,0.0,2015-06-25,1,0.0,0.0,2.08,33.33,0.0
2015,6,30,2,MQ,3174,N923MQ,ORD,SGF,2000,2003.0,3.0,14.0,2017.0,97.0,79.0,62.0,438,2119.0,3.0,2137,2122.0,-15.0,0,0,,0.0,0.0,0.0,0.0,0.0,2015-06-30,0,0.0,0.0,0.0,0.0,0.0
2015,7,20,1,F9,295,N954FR,TPA,DEN,730,722.0,-8.0,12.0,734.0,221.0,208.0,192.0,1506,846.0,4.0,911,850.0,-21.0,0,0,,0.0,0.0,0.0,0.0,0.0,2015-07-20,0,0.0,0.0,0.0,0.0,0.0
2015,6,30,2,UA,1541,N57868,IAH,LAS,1759,2241.0,282.0,23.0,2304.0,188.0,168.0,137.0,1222,2321.0,8.0,1907,2329.0,262.0,0,0,,0.0,0.0,0.0,227.0,35.0,2015-06-30,1,0.0,0.0,0.0,80.5,12.41
2015,6,19,5,DL,2658,N892AT,BDL,DTW,1230,1220.0,-10.0,11.0,1231.0,117.0,111.0,91.0,549,1402.0,9.0,1427,1411.0,-16.0,0,0,,0.0,0.0,0.0,0.0,0.0,2015-06-19,0,0.0,0.0,0.0,0.0,0.0
2015,7,2,4,AA,2144,N955UW,LGA,DCA,900,858.0,-2.0,39.0,937.0,82.0,85.0,43.0,214,1020.0,3.0,1022,1023.0,1.0,0,0,,0.0,0.0,0.0,0.0,0.0,2015-07-02,0,0.0,0.0,0.0,0.0,0.0
2015,7,3,5,WN,160,N408WN,SEA,PHX,1610,1607.0,-3.0,13.0,1620.0,170.0,170.0,151.0,1107,1851.0,6.0,1900,1857.0,-3.0,0,0,,0.0,0.0,0.0,0.0,0.0,2015-07-03,0,0.0,0.0,0.0,0.0,0.0
2015,6,14,7,AA,1265,N3JUAA,MIA,PHL,1855,1852.0,-3.0,14.0,1906.0,172.0,166.0,146.0,1013,2132.0,6.0,2147,2138.0,-9.0,0,0,,0.0,0.0,0.0,0.0,0.0,2015-06-14,0,0.0,0.0,0.0,0.0,0.0
2015,6,25,4,DL,1475,N983AT,ATL,SAV,1631,1630.0,-1.0,25.0,1655.0,72.0,72.0,42.0,214,1737.0,5.0,1743,1742.0,-1.0,0,0,,0.0,0.0,0.0,0.0,0.0,2015-06-25,0,0.0,0.0,0.0,0.0,0.0
2015,7,6,1,OO,4674,N601XJ,MFR,SLC,620,613.0,-7.0,9.0,622.0,103.0,92.0,79.0,575,841.0,4.0,903,845.0,-18.0,0,0,,0.0,0.0,0.0,0.0,0.0,2015-07-06,0,0.0,0.0,0.0,0.0,0.0
2015,6,22,1,F9,333,N223FR,MSP,DEN,600,554.0,-6.0,15.0,609.0,120.0,144.0,124.0,680,713.0,5.0,700,718.0,18.0,0,0,,18.0,0.0,0.0,0.0,0.0,2015-06-22,0,-300.0,-0.0,-0.0,-0.0,-0.0
2015,7,3,5,EV,2648,N879AS,DFW,TYR,1205,1205.0,0.0,25.0,1230.0,52.0,52.0,24.0,102,1254.0,3.0,1257,1257.0,0.0,0,0,,0.0,0.0,0.0,0.0,0.0,2015-07-03,0,0.0,0.0,0.0,0.0,0.0
2015,7,12,7,DL,1080,N633DL,STL,ATL,705,701.0,-4.0,12.0,713.0,95.0,85.0,65.0,484,918.0,8.0,940,926.0,-14.0,0,0,,0.0,0.0,0.0,0.0,0.0,2015-07-12,0,0.0,0.0,0.0,0.0,0.0
2015,7,9,4,UA,1568,N69838,DEN,BOS,1305,1308.0,3.0,12.0,1320.0,235.0,217.0,197.0,1754,1837.0,8.0,1900,1845.0,-15.0,0,0,,0.0,0.0,0.0,0.0,0.0,2015-07-09,0,0.0,0.0,0.0,0.0,0.0
2015,7,8,3,DL,1241,N911DL,DFW,ATL,930,925.0,-5.0,17.0,942.0,130.0,129.0,104.0,731,1226.0,8.0,1240,1234.0,-6.0,0,0,,0.0,0.0,0.0,0.0,0.0,2015-07-08,0,0.0,0.0,0.0,0.0,0.0
2015,6,27,6,B6,1472,N521JB,FLL,LGA,2005,2024.0,19.0,21.0,2045.0,175.0,175.0,143.0,1076,2308.0,11.0,2300,2319.0,19.0,0,0,,0.0,0.0,0.0,19.0,0.0,2015-06-27,1,0.0,0.0,0.0,100.0,0.0
2015,7,7,2,MQ,3358,N501MQ,BUF,ORD,530,525.0,-5.0,12.0,537.0,108.0,100.0,75.0,473,552.0,13.0,618,605.0,-13.0,0,0,,0.0,0.0,0.0,0.0,0.0,2015-07-07,0,0.0,0.0,0.0,0.0,0.0
2015,7,16,4,AA,1945,N764US,CLT,CLE,2020,2020.0,0.0,21.0,2041.0,92.0,86.0,60.0,430,2141.0,5.0,2152,2146.0,-6.0,0,0,,0.0,0.0,0.0,0.0,0.0,2015-07-16,0,0.0,0.0,0.0,0.0,0.0
2015,7,15,3,MQ,3271,N527MQ,ASE,DFW,1617,1633.0,16.0,12.0,1645.0,127.0,137.0,117.0,701,1942.0,8.0,1924,1950.0,26.0,0,0,,10.0,0.0,0.0,0.0,16.0,2015-07-15,1,62.5,0.0,0.0,0.0,100.0
2015,7,5,7,DL,2378,N828DN,SLC,SAN,1120,1118.0,-2.0,10.0,1128.0,110.0,100.0,87.0,626,1155.0,3.0,1210,1158.0,-12.0,0,0,,0.0,0.0,0.0,0.0,0.0,2015-07-05,0,0.0,0.0,0.0,0.0,0.0
2015,6,30,2,B6,1274,N537JB,CHS,JFK,1001,958.0,-3.0,15.0,1013.0,115.0,100.0,79.0,636,1132.0,6.0,1156,1138.0,-18.0,0,0,,0.0,0.0,0.0,0.0,0.0,2015-06-30,0,0.0,0.0,0.0,0.0,0.0
2015,7,12,7,WN,3656,N428WN,LGA,BNA,830,829.0,-1.0,16.0,845.0,150.0,142.0,112.0,764,937.0,14.0,1000,951.0,-9.0,0,0,,0.0,0.0,0.0,0.0,0.0,2015-07-12,0,0.0,0.0,0.0,0.0,0.0
2015,6,17,3,WN,325,N8610A,PHX,LAX,1625,1816.0,111.0,8.0,1824.0,80.0,70.0,54.0,370,1918.0,8.0,1745,1926.0,101.0,0,0,,0.0,0.0,101.0,0.0,0.0,2015-06-17,1,0.0,0.0,90.99,0.0,0.0
2015,7,10,5,WN,753,N8309C,OAK,LAS,1035,1035.0,0.0,14.0,1049.0,85.0,82.0,61.0,407,1150.0,7.0,1200,1157.0,-3.0,0,0,,0.0,0.0,0.0,0.0,0.0,2015-07-10,0,0.0,0.0,0.0,0.0,0.0
2015,7,1,3,WN,2425,N560WN,MDW,PDX,815,816.0,1.0,19.0,835.0,260.0,265.0,242.0,1751,1037.0,4.0,1035,1041.0,6.0,0,0,,0.0,0.0,0.0,0.0,0.0,2015-07-01,0,0.0,0.0,0.0,0.0,0.0
2015,7,21,2,DL,1332,N359NB,DTW,GRB,1007,1004.0,-3.0,10.0,1014.0,75.0,65.0,51.0,287,1005.0,4.0,1022,1009.0,-13.0,0,0,,0.0,0.0,0.0,0.0,0.0,2015-07-21,0,0.0,0.0,0.0,0.0,0.0
2015,7,14,2,OO,4753,N607SK,ONT,SLC,1015,1002.0,-13.0,14.0,1016.0,103.0,95.0,77.0,558,1233.0,4.0,1258,1237.0,-21.0,0,0,,0.0,0.0,0.0,0.0,0.0,2015-07-14,0,0.0,0.0,0.0,0.0,0.0
2015,6,27,6,WN,1660,N949WN,MCO,MDW,1515,1524.0,9.0,6.0,1530.0,165.0,143.0,133.0,990,1643.0,4.0,1700,1647.0,-13.0,0,0,,0.0,0.0,0.0,0.0,0.0,2015-06-27,0,0.0,0.0,0.0,0.0,0.0
2015,7,2,4,EV,4339,N17159,RIC,IAH,758,752.0,-6.0,12.0,804.0,187.0,181.0,160.0,1157,944.0,9.0,1005,953.0,-12.0,0,0,,0.0,0.0,0.0,0.0,0.0,2015-07-02,0,0.0,0.0,0.0,0.0,0.0
2015,7,21,2,MQ,3381,N601MQ,MOB,DFW,1907,1929.0,22.0,17.0,1946.0,113.0,110.0,80.0,539,2106.0,13.0,2100,2119.0,19.0,0,0,,0.0,0.0,0.0,19.0,0.0,2015-07-21,1,0.0,0.0,0.0,86.36,0.0
2015,7,1,3,EV,4988,N146PQ,BDL,MSP,1107,1107.0,0.0,15.0,1122.0,173.0,169.0,152.0,1050,1254.0,2.0,1300,1256.0,-4.0,0,0,,0.0,0.0,0.0,0.0,0.0,2015-07-01,0,0.0,0.0,0.0,0.0,0.0
2015,6,23,2,NK,872,N624NK,OAK,ORD,839,831.0,-8.0,9.0,840.0,245.0,249.0,207.0,1836,1407.0,33.0,1444,1440.0,-4.0,0,0,,0.0,0.0,0.0,0.0,0.0,2015-06-23,0,0.0,0.0,0.0,0.0,0.0
2015,7,9,4,HA,30,N389HA,OGG,SEA,1455,1457.0,2.0,11.0,1508.0,325.0,324.0,307.0,2640,2315.0,6.0,2320,2321.0,1.0,0,0,,0.0,0.0,0.0,0.0,0.0,2015-07-09,0,0.0,0.0,0.0,0.0,0.0
2015,7,1,3,MQ,3049,N501MQ,MEM,DFW,1259,1244.0,-15.0,10.0,1254.0,96.0,98.0,63.0,431,1357.0,25.0,1435,1422.0,-13.0,0,0,,0.0,0.0,0.0,0.0,0.0,2015-07-01,0,0.0,0.0,0.0,0.0,0.0
2015,6,21,7,US,1980,N110UW,TPA,CLT,510,507.0,-3.0,10.0,517.0,95.0,93.0,74.0,507,631.0,9.0,645,640.0,-5.0,0,0,,0.0,0.0,0.0,0.0,0.0,2015-06-21,0,0.0,0.0,0.0,0.0,0.0
2015,7,17,5,OO,7365,N8933B,ABR,MSP,510,510.0,0.0,11.0,521.0,71.0,63.0,47.0,257,608.0,5.0,621,613.0,-8.0,0,0,,0.0,0.0,0.0,0.0,0.0,2015-07-17,0,0.0,0.0,0.0,0.0,0.0
2015,6,16,2,WN,656,N747SA,SAN,SJC,635,632.0,-3.0,24.0,656.0,80.0,94.0,67.0,417,803.0,3.0,755,806.0,11.0,0,0,,0.0,0.0,0.0,0.0,0.0,2015-06-16,0,0.0,0.0,0.0,0.0,0.0
2015,7,20,1,AA,1300,N3HEAA,MSY,DFW,1748,1733.0,-15.0,8.0,1741.0,97.0,83.0,65.0,447,1846.0,10.0,1925,1856.0,-29.0,0,0,,0.0,0.0,0.0,0.0,0.0,2015-07-20,0,0.0,0.0,0.0,0.0,0.0
2015,6,27,6,WN,2464,N918WN,CMH,MDW,935,931.0,-4.0,8.0,939.0,70.0,64.0,48.0,283,927.0,8.0,945,935.0,-10.0,0,0,,0.0,0.0,0.0,0.0,0.0,2015-06-27,0,0.0,0.0,0.0,0.0,0.0
2015,6,21,7,US,1871,N563UW,LAS,CLT,1130,1127.0,-3.0,12.0,1139.0,263.0,245.0,221.0,1916,1820.0,12.0,1853,1832.0,-21.0,0,0,,0.0,0.0,0.0,0.0,0.0,2015-06-21,0,0.0,0.0,0.0,0.0,0.0
2015,7,2,4,HA,148,N483HA,HNL,KOA,1311,1306.0,-5.0,21.0,1327.0,47.0,59.0,33.0,163,1400.0,5.0,1358,1405.0,7.0,0,0,,0.0,0.0,0.0,0.0,0.0,2015-07-02,0,0.0,0.0,0.0,0.0,0.0
2015,6,17,3,OO,4770,N953SW,MSP,DIK,1001,958.0,-3.0,18.0,1016.0,109.0,110.0,86.0,481,1042.0,6.0,1050,1048.0,-2.0,0,0,,0.0,0.0,0.0,0.0,0.0,2015-06-17,0,0.0,0.0,0.0,0.0,0.0
2015,7,20,1,WN,411,N412WN,LAS,OAK,1040,1042.0,2.0,10.0,1052.0,85.0,79.0,62.0,407,1154.0,7.0,1205,1201.0,-4.0,0,0,,0.0,0.0,0.0,0.0,0.0,2015-07-20,0,0.0,0.0,0.0,0.0,0.0
2015,6,18,4,AA,2193,N3DPAA,ORD,MIA,1841,2046.0,125.0,12.0,2058.0,203.0,181.0,157.0,1197,35.0,12.0,2304,47.0,103.0,0,0,,0.0,0.0,3.0,100.0,0.0,2015-06-18,1,0.0,0.0,2.4,80.0,0.0
2015,6,30,2,MQ,3414,N622MQ,ROC,ORD,1511,1503.0,-8.0,14.0,1517.0,118.0,106.0,82.0,528,1539.0,10.0,1609,1549.0,-20.0,0,0,,0.0,0.0,0.0,0.0,0.0,2015-06-30,0,0.0,0.0,0.0,0.0,0.0
2015,6,18,4,EV,5566,N843AS,ATL,CSG,1313,1313.0,0.0,13.0,1326.0,38.0,32.0,17.0,83,1343.0,2.0,1351,1345.0,-6.0,0,0,,0.0,0.0,0.0,0.0,0.0,2015-06-18,0,0.0,0.0,0.0,0.0,0.0
2015,6,17,3,AA,1159,N3GPAA,SAN,DFW,1555,1704.0,69.0,16.0,1720.0,185.0,172.0,151.0,1171,2151.0,5.0,2100,2156.0,56.0,0,0,,0.0,0.0,15.0,41.0,0.0,2015-06-17,1,0.0,0.0,21.74,59.42,0.0
2015,7,14,2,DL,1718,N588NW,MCO,ATL,820,819.0,-1.0,29.0,848.0,100.0,95.0,61.0,404,949.0,5.0,1000,954.0,-6.0,0,0,,0.0,0.0,0.0,0.0,0.0,2015-07-14,0,0.0,0.0,0.0,0.0,0.0
2015,6,28,7,MQ,3254,N535MQ,ORD,XNA,2020,2016.0,-4.0,19.0,2035.0,110.0,108.0,86.0,522,2201.0,3.0,2210,2204.0,-6.0,0,0,,0.0,0.0,0.0,0.0,0.0,2015-06-28,0,0.0,0.0,0.0,0.0,0.0
2015,6,28,7,EV,4138,N15985,ORD,RAP,1910,1906.0,-4.0,35.0,1941.0,145.0,154.0,113.0,779,2034.0,6.0,2035,2040.0,5.0,0,0,,0.0,0.0,0.0,0.0,0.0,2015-06-28,0,0.0,0.0,0.0,0.0,0.0
2015,6,29,1,EV,4191,N17169,EWR,BNA,1926,1920.0,-6.0,25.0,1945.0,150.0,162.0,114.0,748,2039.0,23.0,2056,2102.0,6.0,0,0,,0.0,0.0,0.0,0.0,0.0,2015-06-29,0,0.0,0.0,0.0,0.0,0.0
2015,6,17,3,DL,1561,N951DL,ATL,PHL,1110,1109.0,-1.0,19.0,1128.0,129.0,126.0,100.0,666,1308.0,7.0,1319,1315.0,-4.0,0,0,,0.0,0.0,0.0,0.0,0.0,2015-06-17,0,0.0,0.0,0.0,0.0,0.0
2015,7,4,6,EV,4884,N538CA,CLE,MSP,730,726.0,-4.0,14.0,740.0,114.0,118.0,98.0,622,818.0,6.0,824,824.0,0.0,0,0,,0.0,0.0,0.0,0.0,0.0,2015-07-04,0,0.0,0.0,0.0,0.0,0.0
2015,6,22,1,DL,355,N543US,ABQ,ATL,1300,1257.0,-3.0,18.0,1315.0,191.0,181.0,158.0,1269,1753.0,5.0,1811,1758.0,-13.0,0,0,,0.0,0.0,0.0,0.0,0.0,2015-06-22,0,0.0,0.0,0.0,0.0,0.0
2015,6,29,1,WN,835,N563WN,TUL,HOU,1320,1320.0,0.0,10.0,1330.0,90.0,87.0,70.0,453,1440.0,7.0,1450,1447.0,-3.0,0,0,,0.0,0.0,0.0,0.0,0.0,2015-06-29,0,0.0,0.0,0.0,0.0,0.0
2015,6,15,1,NK,705,N588NK,FLL,SJU,1046,1248.0,122.0,14.0,1302.0,157.0,148.0,129.0,1046,1511.0,5.0,1323,1516.0,113.0,0,0,,0.0,0.0,113.0,0.0,0.0,2015-06-15,1,0.0,0.0,92.62,0.0,0.0
2015,6,28,7,EV,2710,N626AE,MLU,DFW,1358,1423.0,25.0,11.0,1434.0,79.0,74.0,51.0,293,1525.0,12.0,1517,1537.0,20.0,0,0,,0.0,0.0,0.0,20.0,0.0,2015-06-28,1,0.0,0.0,0.0,80.0,0.0
2015,7,7,2,OO,6249,N782SK,ASE,DEN,700,745.0,45.0,30.0,815.0,51.0,77.0,40.0,125,855.0,7.0,751,902.0,71.0,0,0,,26.0,0.0,45.0,0.0,0.0,2015-07-07,1,57.78,0.0,100.0,0.0,0.0
2015,7,12,7,UA,1105,N33714,DEN,EWR,600,556.0,-4.0,14.0,610.0,220.0,217.0,194.0,1605,1124.0,9.0,1140,1133.0,-7.0,0,0,,0.0,0.0,0.0,0.0,0.0,2015-07-12,0,0.0,0.0,0.0,0.0,0.0
2015,6,14,7,AA,375,N4YFAA,DFW,MKE,2015,2032.0,17.0,16.0,2048.0,149.0,143.0,118.0,853,2246.0,9.0,2244,2255.0,11.0,0,0,,0.0,0.0,0.0,0.0,0.0,2015-06-14,1,0.0,0.0,0.0,0.0,0.0
2015,6,26,5,AS,173,N594AS,SEA,KTN,1425,1427.0,2.0,15.0,1442.0,116.0,110.0,91.0,680,1513.0,4.0,1521,1517.0,-4.0,0,0,,0.0,0.0,0.0,0.0,0.0,2015-06-26,0,0.0,0.0,0.0,0.0,0.0
2015,6,19,5,UA,536,N841UA,EWR,MSP,1415,1410.0,-5.0,12.0,1422.0,180.0,167.0,149.0,1008,1551.0,6.0,1615,1557.0,-18.0,0,0,,0.0,0.0,0.0,0.0,0.0,2015-06-19,0,0.0,0.0,0.0,0.0,0.0
2015,6,29,1,DL,1639,N353NW,MCI,SLC,550,545.0,-5.0,14.0,559.0,158.0,139.0,122.0,920,701.0,3.0,728,704.0,-24.0,0,0,,0.0,0.0,0.0,0.0,0.0,2015-06-29,0,0.0,0.0,0.0,0.0,0.0
2015,6,15,1,WN,4523,N709SW,DCA,STL,1855,1852.0,-3.0,28.0,1920.0,130.0,136.0,98.0,719,1958.0,10.0,2005,2008.0,3.0,0,0,,0.0,0.0,0.0,0.0,0.0,2015-06-15,0,0.0,0.0,0.0,0.0,0.0
2015,6,21,7,OO,4471,N447SW,FCA,SLC,1330,1324.0,-6.0,14.0,1338.0,103.0,103.0,83.0,531,1501.0,6.0,1513,1507.0,-6.0,0,0,,0.0,0.0,0.0,0.0,0.0,2015-06-21,0,0.0,0.0,0.0,0.0,0.0
2015,7,20,1,UA,1933,N38727,IAH,EWR,1907,2243.0,216.0,11.0,2254.0,210.0,180.0,164.0,1400,238.0,5.0,2337,243.0,186.0,0,0,,0.0,0.0,35.0,151.0,0.0,2015-07-20,1,0.0,0.0,16.2,69.91,0.0
2015,7,16,4,UA,1709,N39415,ORD,SMF,1222,1237.0,15.0,16.0,1253.0,266.0,254.0,231.0,1781,1444.0,7.0,1448,1451.0,3.0,0,0,,0.0,0.0,0.0,0.0,0.0,2015-07-16,0,0.0,0.0,0.0,0.0,0.0
2015,7,20,1,EV,4404,N48901,MEM,EWR,1633,1624.0,-9.0,16.0,1640.0,168.0,169.0,135.0,946,1955.0,18.0,2021,2013.0,-8.0,0,0,,0.0,0.0,0.0,0.0,0.0,2015-07-20,0,0.0,0.0,0.0,0.0,0.0
2015,7,3,5,DL,897,N935DN,MCO,ATL,1730,1730.0,0.0,25.0,1755.0,109.0,116.0,66.0,404,1901.0,25.0,1919,1926.0,7.0,0,0,,0.0,0.0,0.0,0.0,0.0,2015-07-03,0,0.0,0.0,0.0,0.0,0.0
2015,7,1,3,OO,6338,N103SY,SAN,SFO,1940,1951.0,11.0,12.0,2003.0,97.0,83.0,68.0,447,2111.0,3.0,2117,2114.0,-3.0,0,0,,0.0,0.0,0.0,0.0,0.0,2015-07-01,0,0.0,0.0,0.0,0.0,0.0
2015,6,17,3,DL,517,N924DN,BOS,ATL,1100,1057.0,-3.0,20.0,1117.0,170.0,155.0,129.0,946,1326.0,6.0,1350,1332.0,-18.0,0,0,,0.0,0.0,0.0,0.0,0.0,2015-06-17,0,0.0,0.0,0.0,0.0,0.0
2015,6,20,6,EV,2636,N675AE,DFW,ICT,1045,1102.0,17.0,9.0,1111.0,87.0,65.0,53.0,328,1204.0,3.0,1212,1207.0,-5.0,0,0,,0.0,0.0,0.0,0.0,0.0,2015-06-20,1,0.0,0.0,0.0,0.0,0.0
2015,7,8,3,AA,177,N787AA,JFK,SFO,1800,1757.0,-3.0,60.0,1857.0,404.0,442.0,375.0,2586,2212.0,7.0,2144,2219.0,35.0,0,0,,35.0,0.0,0.0,0.0,0.0,2015-07-08,0,-1166.67,-0.0,-0.0,-0.0,-0.0
2015,6,22,1,MQ,3354,N833MQ,ABI,DFW,1508,1503.0,-5.0,8.0,1511.0,55.0,80.0,36.0,158,1547.0,36.0,1603,1623.0,20.0,0,0,,20.0,0.0,0.0,0.0,0.0,2015-06-22,0,-400.0,-0.0,-0.0,-0.0,-0.0
2015,7,14,2,AA,562,N661AW,SJC,PHX,1228,1228.0,0.0,12.0,1240.0,112.0,111.0,90.0,621,1410.0,9.0,1420,1419.0,-1.0,0,0,,0.0,0.0,0.0,0.0,0.0,2015-07-14,0,0.0,0.0,0.0,0.0,0.0
2015,7,6,1,DL,2849,N975DL,DCA,MSP,1050,1056.0,6.0,10.0,1106.0,157.0,134.0,119.0,931,1205.0,5.0,1227,1210.0,-17.0,0,0,,0.0,0.0,0.0,0.0,0.0,2015-07-06,0,0.0,0.0,0.0,0.0,0.0
2015,6,27,6,B6,880,N636JB,LGB,LAS,1301,1300.0,-1.0,18.0,1318.0,69.0,86.0,47.0,231,1405.0,21.0,1410,1426.0,16.0,0,0,,16.0,0.0,0.0,0.0,0.0,2015-06-27,0,-1600.0,-0.0,-0.0,-0.0,-0.0
2015,7,12,7,DL,194,N354NW,SLC,PHL,940,940.0,0.0,13.0,953.0,258.0,241.0,216.0,1927,1529.0,12.0,1558,1541.0,-17.0,0,0,,0.0,0.0,0.0,0.0,0.0,2015-07-12,0,0.0,0.0,0.0,0.0,0.0
2015,6,22,1,VX,1355,N852VA,BOS,SFO,1015,1034.0,19.0,12.0,1046.0,390.0,389.0,371.0,2704,1357.0,6.0,1345,1403.0,18.0,0,0,,0.0,0.0,18.0,0.0,0.0,2015-06-22,1,0.0,0.0,94.74,0.0,0.0
2015,7,16,4,F9,335,N905FR,MSP,DEN,1830,1833.0,3.0,27.0,1900.0,121.0,138.0,102.0,680,1942.0,9.0,1931,1951.0,20.0,0,0,,20.0,0.0,0.0,0.0,0.0,2015-07-16,0,666.67,0.0,0.0,0.0,0.0
2015,6,30,2,B6,1034,N623JB,SJU,MCO,1642,1638.0,-4.0,12.0,1650.0,177.0,164.0,149.0,1189,1919.0,3.0,1939,1922.0,-17.0,0,0,,0.0,0.0,0.0,0.0,0.0,2015-06-30,0,0.0,0.0,0.0,0.0,0.0
2015,7,7,2,WN,3229,N7811F,LAS,BUR,805,826.0,21.0,10.0,836.0,60.0,55.0,42.0,223,918.0,3.0,905,921.0,16.0,0,0,,0.0,0.0,15.0,1.0,0.0,2015-07-07,1,0.0,0.0,71.43,4.76,0.0
2015,6,28,7,OO,4606,N633SK,SJC,SLC,1635,1743.0,68.0,14.0,1757.0,110.0,104.0,81.0,584,2018.0,9.0,1925,2027.0,62.0,0,0,,0.0,0.0,0.0,62.0,0.0,2015-06-28,1,0.0,0.0,0.0,91.18,0.0
2015,7,16,4,WN,1208,N274WN,MKE,LGA,1120,1111.0,-9.0,7.0,1118.0,130.0,128.0,116.0,738,1414.0,5.0,1430,1419.0,-11.0,0,0,,0.0,0.0,0.0,0.0,0.0,2015-07-16,0,0.0,0.0,0.0,0.0,0.0
2015,7,11,6,AA,32,N794AA,LAX,JFK,1415,1440.0,25.0,16.0,1456.0,344.0,304.0,281.0,2475,2237.0,7.0,2259,2244.0,-15.0,0,0,,0.0,0.0,0.0,0.0,0.0,2015-07-11,1,0.0,0.0,0.0,0.0,0.0
2015,7,17,5,WN,1621,N938WN,SNA,DEN,1235,1313.0,38.0,8.0,1321.0,130.0,123.0,109.0,846,1610.0,6.0,1545,1616.0,31.0,0,0,,0.0,0.0,0.0,31.0,0.0,2015-07-17,1,0.0,0.0,0.0,81.58,0.0
2015,7,13,1,DL,480,N713TW,JFK,SFO,1430,1431.0,1.0,26.0,1457.0,389.0,402.0,364.0,2586,1801.0,12.0,1759,1813.0,14.0,0,0,,0.0,0.0,0.0,0.0,0.0,2015-07-13,0,0.0,0.0,0.0,0.0,0.0
2015,6,20,6,AS,249,N513AS,SAN,PDX,1825,1816.0,-9.0,22.0,1838.0,139.0,147.0,119.0,933,2037.0,6.0,2044,2043.0,-1.0,0,0,,0.0,0.0,0.0,0.0,0.0,2015-06-20,0,0.0,0.0,0.0,0.0,0.0
2015,6,21,7,AA,1335,N3BDAA,DFW,LAS,2220,2216.0,-4.0,19.0,2235.0,172.0,161.0,134.0,1055,2249.0,8.0,2312,2257.0,-15.0,0,0,,0.0,0.0,0.0,0.0,0.0,2015-06-21,0,0.0,0.0,0.0,0.0,0.0
2015,7,10,5,EV,5390,N761ND,DTW,MDW,745,742.0,-3.0,11.0,753.0,71.0,55.0,40.0,228,733.0,4.0,756,737.0,-19.0,0,0,,0.0,0.0,0.0,0.0,0.0,2015-07-10,0,0.0,0.0,0.0,0.0,0.0
2015,6,26,5,WN,610,N915WN,MKE,LAS,1055,1052.0,-3.0,12.0,1104.0,225.0,216.0,197.0,1524,1221.0,7.0,1240,1228.0,-12.0,0,0,,0.0,0.0,0.0,0.0,0.0,2015-06-26,0,0.0,0.0,0.0,0.0,0.0
2015,7,15,3,MQ,3627,N9EAMQ,LGA,DTW,1445,1459.0,14.0,38.0,1537.0,123.0,131.0,87.0,502,1704.0,6.0,1648,1710.0,22.0,0,0,,8.0,0.0,0.0,8.0,6.0,2015-07-15,0,57.14,0.0,0.0,57.14,42.86
2015,7,9,4,B6,1379,N231JB,DCA,FLL,1024,1018.0,-6.0,16.0,1034.0,158.0,146.0,121.0,899,1235.0,9.0,1302,1244.0,-18.0,0,0,,0.0,0.0,0.0,0.0,0.0,2015-07-09,0,0.0,0.0,0.0,0.0,0.0
2015,7,21,2,DL,1987,N954DN,MSP,STL,1502,1459.0,-3.0,10.0,1509.0,83.0,77.0,64.0,448,1613.0,3.0,1625,1616.0,-9.0,0,0,,0.0,0.0,0.0,0.0,0.0,2015-07-21,0,0.0,0.0,0.0,0.0,0.0
2015,7,5,7,EV,2638,N677AE,SHV,DFW,804,803.0,-1.0,12.0,815.0,66.0,80.0,49.0,190,904.0,19.0,910,923.0,13.0,0,0,,0.0,0.0,0.0,0.0,0.0,2015-07-05,0,0.0,0.0,0.0,0.0,0.0
2015,6,24,3,WN,429,N8638A,SJU,FLL,1510,1515.0,5.0,16.0,1531.0,165.0,160.0,140.0,1046,1751.0,4.0,1755,1755.0,0.0,0,0,,0.0,0.0,0.0,0.0,0.0,2015-06-24,0,0.0,0.0,0.0,0.0,0.0
2015,7,18,6,MQ,3482,N535MQ,COU,ORD,500,454.0,-6.0,18.0,512.0,85.0,69.0,45.0,315,557.0,6.0,625,603.0,-22.0,0,0,,0.0,0.0,0.0,0.0,0.0,2015-07-18,0,0.0,0.0,0.0,0.0,0.0
2015,7,6,1,UA,864,N547UA,DEN,SFO,1854,1943.0,49.0,13.0,1956.0,166.0,143.0,123.0,967,2059.0,7.0,2040,2106.0,26.0,0,0,,0.0,0.0,9.0,17.0,0.0,2015-07-06,1,0.0,0.0,18.37,34.69,0.0
2015,7,4,6,UA,544,N411UA,JAC,DEN,1202,1152.0,-10.0,12.0,1204.0,85.0,76.0,59.0,406,1303.0,5.0,1327,1308.0,-19.0,0,0,,0.0,0.0,0.0,0.0,0.0,2015-07-04,0,0.0,0.0,0.0,0.0,0.0
2015,6,16,2,OO,5180,N776SK,ONT,IAH,1151,1208.0,17.0,30.0,1238.0,207.0,208.0,173.0,1334,1731.0,5.0,1718,1736.0,18.0,0,0,,18.0,0.0,0.0,0.0,0.0,2015-06-16,1,105.88,0.0,0.0,0.0,0.0
2015,6,28,7,EV,6163,N11187,COS,DEN,1054,1059.0,5.0,24.0,1123.0,48.0,53.0,21.0,73,1144.0,8.0,1142,1152.0,10.0,0,0,,0.0,0.0,0.0,0.0,0.0,2015-06-28,0,0.0,0.0,0.0,0.0,0.0
2015,7,6,1,WN,901,N931WN,MDW,DEN,940,950.0,10.0,14.0,1004.0,150.0,149.0,129.0,895,1113.0,6.0,1110,1119.0,9.0,0,0,,0.0,0.0,0.0,0.0,0.0,2015-07-06,0,0.0,0.0,0.0,0.0,0.0
2015,6,22,1,AA,1,N792AA,JFK,LAX,900,850.0,-10.0,30.0,920.0,369.0,381.0,314.0,2475,1134.0,37.0,1209,1211.0,2.0,0,0,,0.0,0.0,0.0,0.0,0.0,2015-06-22,0,0.0,0.0,0.0,0.0,0.0
2015,7,8,3,DL,1546,N6716C,PHX,ATL,1000,1000.0,0.0,16.0,1016.0,230.0,220.0,193.0,1587,1629.0,11.0,1650,1640.0,-10.0,0,0,,0.0,0.0,0.0,0.0,0.0,2015-07-08,0,0.0,0.0,0.0,0.0,0.0
2015,7,2,4,AA,2398,N4XFAA,DFW,BNA,1015,1028.0,13.0,14.0,1042.0,112.0,112.0,90.0,631,1212.0,8.0,1207,1220.0,13.0,0,0,,0.0,0.0,0.0,0.0,0.0,2015-07-02,0,0.0,0.0,0.0,0.0,0.0
2015,6,29,1,NK,728,N625NK,TPA,ORD,1030,1029.0,-1.0,12.0,1041.0,165.0,169.0,143.0,1012,1204.0,14.0,1215,1218.0,3.0,0,0,,0.0,0.0,0.0,0.0,0.0,2015-06-29,0,0.0,0.0,0.0,0.0,0.0
2015,7,22,3,DL,1212,N582NW,LAX,MSP,650,729.0,39.0,13.0,742.0,212.0,186.0,169.0,1535,1231.0,4.0,1222,1235.0,13.0,0,0,,0.0,0.0,0.0,0.0,0.0,2015-07-22,1,0.0,0.0,0.0,0.0,0.0
2015,7,11,6,AS,858,N538AS,LIH,SAN,1035,1013.0,-22.0,20.0,1033.0,329.0,339.0,312.0,2676,1845.0,7.0,1904,1852.0,-12.0,0,0,,0.0,0.0,0.0,0.0,0.0,2015-07-11,0,0.0,0.0,0.0,0.0,0.0
2015,6,14,7,US,855,N765US,PHX,IAH,2150,2143.0,-7.0,13.0,2156.0,152.0,153.0,126.0,1009,202.0,14.0,222,216.0,-6.0,0,0,,0.0,0.0,0.0,0.0,0.0,2015-06-14,0,0.0,0.0,0.0,0.0,0.0
2015,6,27,6,WN,1192,N366SW,BNA,ECP,850,852.0,2.0,9.0,901.0,75.0,70.0,58.0,401,959.0,3.0,1005,1002.0,-3.0,0,0,,0.0,0.0,0.0,0.0,0.0,2015-06-27,0,0.0,0.0,0.0,0.0,0.0
2015,7,16,4,F9,1463,N912FR,LGA,ATL,940,927.0,-13.0,54.0,1021.0,155.0,166.0,102.0,762,1203.0,10.0,1215,1213.0,-2.0,0,0,,0.0,0.0,0.0,0.0,0.0,2015-07-16,0,0.0,0.0,0.0,0.0,0.0
2015,7,6,1,B6,357,N375JB,BOS,IAD,1520,1554.0,34.0,28.0,1622.0,98.0,126.0,93.0,413,1755.0,5.0,1658,1800.0,62.0,0,0,,62.0,0.0,0.0,0.0,0.0,2015-07-06,1,182.35,0.0,0.0,0.0,0.0
2015,7,20,1,MQ,3144,N6EAMQ,DFW,OKC,1726,1725.0,-1.0,22.0,1747.0,61.0,59.0,34.0,175,1821.0,3.0,1827,1824.0,-3.0,0,0,,0.0,0.0,0.0,0.0,0.0,2015-07-20,0,0.0,0.0,0.0,0.0,0.0
2015,6,24,3,AS,689,N323AS,GEG,SEA,950,946.0,-4.0,13.0,959.0,62.0,62.0,42.0,224,1041.0,7.0,1052,1048.0,-4.0,0,0,,0.0,0.0,0.0,0.0,0.0,2015-06-24,0,0.0,0.0,0.0,0.0,0.0
2015,7,19,7,MQ,3498,N674MQ,ORD,MDT,821,818.0,-3.0,17.0,835.0,110.0,102.0,80.0,594,1055.0,5.0,1111,1100.0,-11.0,0,0,,0.0,0.0,0.0,0.0,0.0,2015-07-19,0,0.0,0.0,0.0,0.0,0.0
2015,7,15,3,EV,5608,N741EV,GSO,ATL,1248,1242.0,-6.0,22.0,1304.0,75.0,82.0,52.0,306,1356.0,8.0,1403,1404.0,1.0,0,0,,0.0,0.0,0.0,0.0,0.0,2015-07-15,0,0.0,0.0,0.0,0.0,0.0
2015,6,21,7,US,437,N925UY,PHX,ORD,1520,1518.0,-2.0,12.0,1530.0,213.0,203.0,177.0,1440,2027.0,14.0,2053,2041.0,-12.0,0,0,,0.0,0.0,0.0,0.0,0.0,2015-06-21,0,0.0,0.0,0.0,0.0,0.0
2015,7,6,1,WN,830,N466WN,MSY,BNA,1910,1907.0,-3.0,8.0,1915.0,90.0,85.0,73.0,471,2028.0,4.0,2040,2032.0,-8.0,0,0,,0.0,0.0,0.0,0.0,0.0,2015-07-06,0,0.0,0.0,0.0,0.0,0.0
2015,6,28,7,DL,2107,N3753,MSP,ORD,1937,1947.0,10.0,25.0,2012.0,88.0,89.0,53.0,334,2105.0,11.0,2105,2116.0,11.0,0,0,,0.0,0.0,0.0,0.0,0.0,2015-06-28,0,0.0,0.0,0.0,0.0,0.0
2015,6,14,7,UA,401,N476UA,SFO,CLE,2230,2224.0,-6.0,25.0,2249.0,279.0,269.0,238.0,2161,547.0,6.0,609,553.0,-16.0,0,0,,0.0,0.0,0.0,0.0,0.0,2015-06-14,0,0.0,0.0,0.0,0.0,0.0
2015,6,20,6,OO,4475,N8933B,SLC,HLN,1730,1719.0,-11.0,19.0,1738.0,87.0,83.0,61.0,402,1839.0,3.0,1857,1842.0,-15.0,0,0,,0.0,0.0,0.0,0.0,0.0,2015-06-20,0,0.0,0.0,0.0,0.0,0.0
2015,7,22,3,WN,2525,N7723E,SAN,SJC,1310,1309.0,-1.0,7.0,1316.0,75.0,73.0,60.0,417,1416.0,6.0,1425,1422.0,-3.0,0,0,,0.0,0.0,0.0,0.0,0.0,2015-07-22,0,0.0,0.0,0.0,0.0,0.0
2015,7,11,6,AA,690,N935UW,LIH,PHX,2110,2100.0,-10.0,13.0,2113.0,360.0,364.0,348.0,2979,601.0,3.0,610,604.0,-6.0,0,0,,0.0,0.0,0.0,0.0,0.0,2015-07-11,0,0.0,0.0,0.0,0.0,0.0
2015,7,10,5,DL,1052,N941DN,ATL,MKE,1205,1203.0,-2.0,13.0,1216.0,119.0,106.0,88.0,669,1244.0,5.0,1304,1249.0,-15.0,0,0,,0.0,0.0,0.0,0.0,0.0,2015-07-10,0,0.0,0.0,0.0,0.0,0.0
2015,7,10,5,WN,1027,N362SW,BNA,BWI,1145,1144.0,-1.0,9.0,1153.0,100.0,95.0,80.0,587,1413.0,6.0,1425,1419.0,-6.0,0,0,,0.0,0.0,0.0,0.0,0.0,2015-07-10,0,0.0,0.0,0.0,0.0,0.0
2015,6,28,7,AS,64,N764AS,ANC,JNU,1220,1214.0,-6.0,6.0,1220.0,98.0,91.0,82.0,571,1342.0,3.0,1358,1345.0,-13.0,0,0,,0.0,0.0,0.0,0.0,0.0,2015-06-28,0,0.0,0.0,0.0,0.0,0.0
2015,7,8,3,WN,1870,N909WN,ECP,DAL,1535,1616.0,41.0,9.0,1625.0,125.0,105.0,90.0,674,1755.0,6.0,1740,1801.0,21.0,0,0,,0.0,0.0,0.0,6.0,15.0,2015-07-08,1,0.0,0.0,0.0,14.63,36.59
2015,6,30,2,MQ,3266,N508MQ,ORD,JAX,1549,1556.0,7.0,15.0,1611.0,142.0,127.0,108.0,864,1859.0,4.0,1911,1903.0,-8.0,0,0,,0.0,0.0,0.0,0.0,0.0,2015-06-30,0,0.0,0.0,0.0,0.0,0.0
2015,7,15,3,WN,4904,N7744A,SJC,LAX,1520,1523.0,3.0,13.0,1536.0,75.0,72.0,55.0,308,1631.0,4.0,1635,1635.0,0.0,0,0,,0.0,0.0,0.0,0.0,0.0,2015-07-15,0,0.0,0.0,0.0,0.0,0.0
2015,6,25,4,DL,1110,N553NW,ATL,MCO,1805,1834.0,29.0,13.0,1847.0,100.0,97.0,66.0,404,1953.0,18.0,1945,2011.0,26.0,0,0,,0.0,0.0,0.0,0.0,26.0,2015-06-25,1,0.0,0.0,0.0,0.0,89.66
2015,7,7,2,UA,405,N815UA,DEN,SNA,1550,1544.0,-6.0,12.0,1556.0,148.0,134.0,116.0,846,1652.0,6.0,1718,1658.0,-20.0,0,0,,0.0,0.0,0.0,0.0,0.0,2015-07-07,0,0.0,0.0,0.0,0.0,0.0
2015,6,25,4,EV,4555,N11194,LCH,IAH,545,550.0,5.0,10.0,600.0,51.0,41.0,24.0,127,624.0,7.0,636,631.0,-5.0,0,0,,0.0,0.0,0.0,0.0,0.0,2015-06-25,0,0.0,0.0,0.0,0.0,0.0
2015,7,8,3,WN,4170,N754SW,SAN,PHX,1155,1202.0,7.0,8.0,1210.0,70.0,71.0,51.0,304,1301.0,12.0,1305,1313.0,8.0,0,0,,0.0,0.0,0.0,0.0,0.0,2015-07-08,0,0.0,0.0,0.0,0.0,0.0
2015,7,16,4,UA,671,N548UA,OGG,LAX,2210,2213.0,3.0,10.0,2223.0,312.0,303.0,280.0,2486,603.0,13.0,622,616.0,-6.0,0,0,,0.0,0.0,0.0,0.0,0.0,2015-07-16,0,0.0,0.0,0.0,0.0,0.0
2015,7,7,2,AA,1287,N3BFAA,MIA,ORD,659,658.0,-1.0,22.0,720.0,200.0,222.0,184.0,1197,924.0,16.0,919,940.0,21.0,0,0,,21.0,0.0,0.0,0.0,0.0,2015-07-07,0,-2100.0,-0.0,-0.0,-0.0,-0.0
2015,7,16,4,WN,3034,N709SW,TPA,MSY,1435,1456.0,21.0,10.0,1506.0,90.0,90.0,74.0,488,1520.0,6.0,1505,1526.0,21.0,0,0,,0.0,0.0,9.0,12.0,0.0,2015-07-16,1,0.0,0.0,42.86,57.14,0.0
2015,6,18,4,AA,32,N792AA,LAX,JFK,1415,1623.0,128.0,17.0,1640.0,341.0,314.0,283.0,2475,23.0,14.0,2256,37.0,101.0,0,0,,0.0,0.0,101.0,0.0,0.0,2015-06-18,1,0.0,0.0,78.91,0.0,0.0
2015,7,2,4,WN,530,N481WN,MDW,DAL,545,541.0,-4.0,14.0,555.0,130.0,129.0,111.0,793,746.0,4.0,755,750.0,-5.0,0,0,,0.0,0.0,0.0,0.0,0.0,2015-07-02,0,0.0,0.0,0.0,0.0,0.0
2015,7,6,1,EV,5015,N846AS,DTW,CAK,1749,1746.0,-3.0,17.0,1803.0,58.0,50.0,31.0,133,1834.0,2.0,1847,1836.0,-11.0,0,0,,0.0,0.0,0.0,0.0,0.0,2015-07-06,0,0.0,0.0,0.0,0.0,0.0
2015,6,22,1,US,1981,N755US,DTW,CLT,1920,1945.0,25.0,19.0,2004.0,105.0,113.0,77.0,500,2121.0,17.0,2105,2138.0,33.0,0,0,,8.0,0.0,0.0,25.0,0.0,2015-06-22,1,32.0,0.0,0.0,100.0,0.0
2015,7,8,3,WN,1470,N7718B,MDW,EWR,1955,2008.0,13.0,7.0,2015.0,120.0,106.0,93.0,711,2248.0,6.0,2255,2254.0,-1.0,0,0,,0.0,0.0,0.0,0.0,0.0,2015-07-08,0,0.0,0.0,0.0,0.0,0.0
2015,6,20,6,AA,1580,N3KJAA,PHL,DFW,520,517.0,-3.0,15.0,532.0,209.0,212.0,187.0,1303,739.0,10.0,749,749.0,0.0,0,0,,0.0,0.0,0.0,0.0,0.0,2015-06-20,0,0.0,0.0,0.0,0.0,0.0
2015,6,18,4,UA,424,N806UA,MCI,ORD,1810,1850.0,40.0,13.0,1903.0,103.0,81.0,58.0,403,2001.0,10.0,1953,2011.0,18.0,0,0,,7.0,0.0,0.0,11.0,0.0,2015-06-18,1,17.5,0.0,0.0,27.5,0.0
2015,7,8,3,EV,6183,N14916,LBB,IAH,1640,1811.0,91.0,9.0,1820.0,100.0,94.0,77.0,458,1937.0,8.0,1820,1945.0,85.0,0,0,,0.0,0.0,0.0,85.0,0.0,2015-07-08,1,0.0,0.0,0.0,93.41,0.0
2015,6,18,4,WN,4031,N208WN,OAK,SAN,620,618.0,-2.0,9.0,627.0,90.0,80.0,66.0,446,733.0,5.0,750,738.0,-12.0,0,0,,0.0,0.0,0.0,0.0,0.0,2015-06-18,0,0.0,0.0,0.0,0.0,0.0
2015,6,26,5,AA,323,N4YPAA,DFW,STL,700,658.0,-2.0,13.0,711.0,104.0,112.0,78.0,550,829.0,21.0,844,850.0,6.0,0,0,,0.0,0.0,0.0,0.0,0.0,2015-06-26,0,0.0,0.0,0.0,0.0,0.0
2015,7,7,2,WN,858,N625SW,TUL,DEN,2045,2113.0,28.0,10.0,2123.0,115.0,102.0,83.0,541,2146.0,9.0,2140,2155.0,15.0,0,0,,0.0,0.0,5.0,10.0,0.0,2015-07-07,1,0.0,0.0,17.86,35.71,0.0
2015,6,19,5,WN,2411,N417WN,BNA,TPA,755,750.0,-5.0,12.0,802.0,105.0,101.0,84.0,612,1026.0,5.0,1040,1031.0,-9.0,0,0,,0.0,0.0,0.0,0.0,0.0,2015-06-19,0,0.0,0.0,0.0,0.0,0.0
2015,6,30,2,HA,183,N490HA,HNL,LIH,1616,1611.0,-5.0,9.0,1620.0,38.0,36.0,23.0,102,1643.0,4.0,1654,1647.0,-7.0,0,0,,0.0,0.0,0.0,0.0,0.0,2015-06-30,0,0.0,0.0,0.0,0.0,0.0
2015,7,8,3,WN,2333,N7733B,SAT,ATL,1805,1812.0,7.0,17.0,1829.0,145.0,151.0,122.0,874,2131.0,12.0,2130,2143.0,13.0,0,0,,0.0,0.0,0.0,0.0,0.0,2015-07-08,0,0.0,0.0,0.0,0.0,0.0
2015,7,3,5,DL,2187,N540US,PDX,SLC,1011,1013.0,2.0,13.0,1026.0,103.0,102.0,83.0,630,1249.0,6.0,1254,1255.0,1.0,0,0,,0.0,0.0,0.0,0.0,0.0,2015-07-03,0,0.0,0.0,0.0,0.0,0.0
2015,6,29,1,DL,1585,N918DL,LGA,MCO,1729,1728.0,-1.0,23.0,1751.0,178.0,162.0,133.0,950,2004.0,6.0,2027,2010.0,-17.0,0,0,,0.0,0.0,0.0,0.0,0.0,2015-06-29,0,0.0,0.0,0.0,0.0,0.0
2015,6,26,5,AA,248,N4XYAA,DFW,BNA,700,655.0,-5.0,11.0,706.0,112.0,101.0,84.0,631,830.0,6.0,852,836.0,-16.0,0,0,,0.0,0.0,0.0,0.0,0.0,2015-06-26,0,0.0,0.0,0.0,0.0,0.0
2015,6,28,7,DL,1786,N832DN,ATL,LGA,1445,1453.0,8.0,16.0,1509.0,140.0,120.0,92.0,762,1641.0,12.0,1705,1653.0,-12.0,0,0,,0.0,0.0,0.0,0.0,0.0,2015-06-28,0,0.0,0.0,0.0,0.0,0.0
2015,7,21,2,DL,2637,N919DL,ATL,BWI,2214,2213.0,-1.0,18.0,2231.0,116.0,104.0,79.0,577,2350.0,7.0,10,2357.0,-13.0,0,0,,0.0,0.0,0.0,0.0,0.0,2015-07-21,0,0.0,0.0,0.0,0.0,0.0
2015,6,25,4,EV,2659,N879AS,DFW,SHV,1515,1524.0,9.0,36.0,1600.0,62.0,75.0,33.0,190,1633.0,6.0,1617,1639.0,22.0,0,0,,13.0,0.0,9.0,0.0,0.0,2015-06-25,0,144.44,0.0,100.0,0.0,0.0
2015,7,6,1,AA,1511,N3BXAA,DFW,MIA,1510,1519.0,9.0,28.0,1547.0,180.0,184.0,147.0,1121,1914.0,9.0,1910,1923.0,13.0,0,0,,0.0,0.0,0.0,0.0,0.0,2015-07-06,0,0.0,0.0,0.0,0.0,0.0
2015,6,17,3,OO,5614,N134SY,ORD,BDL,2051,2059.0,8.0,24.0,2123.0,137.0,122.0,94.0,783,2357.0,4.0,8,1.0,-7.0,0,0,,0.0,0.0,0.0,0.0,0.0,2015-06-17,0,0.0,0.0,0.0,0.0,0.0
2015,6,25,4,AS,95,N593AS,SEA,ANC,2155,2151.0,-4.0,18.0,2209.0,207.0,205.0,183.0,1448,12.0,4.0,22,16.0,-6.0,0,0,,0.0,0.0,0.0,0.0,0.0,2015-06-25,0,0.0,0.0,0.0,0.0,0.0
2015,7,15,3,UA,1258,N39728,IAH,SNA,1430,1448.0,18.0,15.0,1503.0,199.0,190.0,169.0,1346,1552.0,6.0,1549,1558.0,9.0,0,0,,0.0,0.0,0.0,0.0,0.0,2015-07-15,1,0.0,0.0,0.0,0.0,0.0
2015,6,25,4,WN,694,N429WN,MDW,LAS,1315,1351.0,36.0,10.0,1401.0,230.0,212.0,195.0,1521,1516.0,7.0,1505,1523.0,18.0,0,0,,0.0,0.0,2.0,16.0,0.0,2015-06-25,1,0.0,0.0,5.56,44.44,0.0
2015,7,13,1,HA,258,N490HA,HNL,KOA,1204,1159.0,-5.0,10.0,1209.0,44.0,45.0,29.0,163,1238.0,6.0,1248,1244.0,-4.0,0,0,,0.0,0.0,0.0,0.0,0.0,2015-07-13,0,0.0,0.0,0.0,0.0,0.0
2015,6,19,5,EV,5786,N14920,VPS,IAH,1504,1628.0,84.0,10.0,1638.0,111.0,109.0,83.0,528,1801.0,16.0,1655,1817.0,82.0,0,0,,0.0,0.0,0.0,82.0,0.0,2015-06-19,1,0.0,0.0,0.0,97.62,0.0
2015,6,28,7,US,671,N193UW,PHX,PDX,2015,2030.0,15.0,11.0,2041.0,159.0,147.0,130.0,1009,2251.0,6.0,2254,2257.0,3.0,0,0,,0.0,0.0,0.0,0.0,0.0,2015-06-28,0,0.0,0.0,0.0,0.0,0.0
2015,7,18,6,WN,2167,N8325D,ISP,MCO,705,701.0,-4.0,8.0,709.0,160.0,141.0,126.0,971,915.0,7.0,945,922.0,-23.0,0,0,,0.0,0.0,0.0,0.0,0.0,2015-07-18,0,0.0,0.0,0.0,0.0,0.0
2015,6,22,1,AS,479,N528AS,LAX,SEA,1610,1604.0,-6.0,13.0,1617.0,159.0,148.0,125.0,954,1822.0,10.0,1849,1832.0,-17.0,0,0,,0.0,0.0,0.0,0.0,0.0,2015-06-22,0,0.0,0.0,0.0,0.0,0.0
2015,6,19,5,US,1749,N117UW,MIA,PHL,1625,1628.0,3.0,16.0,1644.0,168.0,155.0,136.0,1013,1900.0,3.0,1913,1903.0,-10.0,0,0,,0.0,0.0,0.0,0.0,0.0,2015-06-19,0,0.0,0.0,0.0,0.0,0.0
2015,6,16,2,AA,1044,N3JNAA,IAH,MIA,500,451.0,-9.0,25.0,516.0,151.0,166.0,126.0,964,822.0,15.0,831,837.0,6.0,0,0,,0.0,0.0,0.0,0.0,0.0,2015-06-16,0,0.0,0.0,0.0,0.0,0.0
2015,7,10,5,WN,604,N8614M,CLE,BNA,635,631.0,-4.0,9.0,640.0,100.0,86.0,70.0,448,650.0,7.0,715,657.0,-18.0,0,0,,0.0,0.0,0.0,0.0,0.0,2015-07-10,0,0.0,0.0,0.0,0.0,0.0
2015,6,20,6,DL,1206,N945DL,ATL,GSO,2200,2202.0,2.0,17.0,2219.0,79.0,76.0,53.0,306,2312.0,6.0,2319,2318.0,-1.0,0,0,,0.0,0.0,0.0,0.0,0.0,2015-06-20,0,0.0,0.0,0.0,0.0,0.0
2015,7,7,2,DL,2399,N959DN,ATL,RIC,1205,1202.0,-3.0,10.0,1212.0,94.0,83.0,66.0,481,1318.0,7.0,1339,1325.0,-14.0,0,0,,0.0,0.0,0.0,0.0,0.0,2015-07-07,0,0.0,0.0,0.0,0.0,0.0
2015,7,14,2,B6,501,N637JB,ANC,LGB,110,204.0,54.0,9.0,213.0,313.0,286.0,273.0,2360,746.0,4.0,723,750.0,27.0,0,0,,0.0,0.0,0.0,27.0,0.0,2015-07-14,1,0.0,0.0,0.0,50.0,0.0
2015,6,17,3,WN,3745,N435WN,SEA,OAK,1335,1501.0,86.0,20.0,1521.0,125.0,124.0,100.0,672,1701.0,4.0,1540,1705.0,85.0,0,0,,0.0,0.0,4.0,81.0,0.0,2015-06-17,1,0.0,0.0,4.65,94.19,0.0
2015,6,25,4,UA,1270,N73251,IAD,AUS,1720,2025.0,185.0,21.0,2046.0,204.0,212.0,177.0,1297,2243.0,14.0,1944,2257.0,193.0,0,0,,8.0,0.0,0.0,185.0,0.0,2015-06-25,1,4.32,0.0,0.0,100.0,0.0
2015,6,27,6,WN,3606,N8611F,LAS,SJC,1550,1549.0,-1.0,14.0,1603.0,85.0,73.0,53.0,386,1656.0,6.0,1715,1702.0,-13.0,0,0,,0.0,0.0,0.0,0.0,0.0,2015-06-27,0,0.0,0.0,0.0,0.0,0.0
2015,6,23,2,DL,2544,N396DA,SLC,SEA,940,938.0,-2.0,16.0,954.0,125.0,132.0,103.0,689,1037.0,13.0,1045,1050.0,5.0,0,0,,0.0,0.0,0.0,0.0,0.0,2015-06-23,0,0.0,0.0,0.0,0.0,0.0
2015,7,19,7,DL,1818,N584NW,ATL,MCO,655,656.0,1.0,15.0,711.0,80.0,79.0,59.0,404,810.0,5.0,815,815.0,0.0,0,0,,0.0,0.0,0.0,0.0,0.0,2015-07-19,0,0.0,0.0,0.0,0.0,0.0
2015,7,19,7,DL,2294,N370NB,DFW,MSP,645,637.0,-8.0,14.0,651.0,144.0,152.0,133.0,852,904.0,5.0,909,909.0,0.0,0,0,,0.0,0.0,0.0,0.0,0.0,2015-07-19,0,0.0,0.0,0.0,0.0,0.0
2015,6,20,6,DL,943,N3768,SEA,ANC,1205,1301.0,56.0,18.0,1319.0,204.0,212.0,184.0,1448,1523.0,10.0,1429,1533.0,64.0,0,0,,8.0,0.0,56.0,0.0,0.0,2015-06-20,1,14.29,0.0,100.0,0.0,0.0
2015,6,25,4,WN,516,N8632A,SJC,SAN,935,929.0,-6.0,9.0,938.0,80.0,76.0,63.0,417,1041.0,4.0,1055,1045.0,-10.0,0,0,,0.0,0.0,0.0,0.0,0.0,2015-06-25,0,0.0,0.0,0.0,0.0,0.0
2015,7,4,6,MQ,3362,N641MQ,ORD,EVV,924,918.0,-6.0,14.0,932.0,73.0,63.0,47.0,272,1019.0,2.0,1037,1021.0,-16.0,0,0,,0.0,0.0,0.0,0.0,0.0,2015-07-04,0,0.0,0.0,0.0,0.0,0.0
2015,6,19,5,WN,185,N966WN,MSY,DAL,1255,1251.0,-4.0,7.0,1258.0,80.0,79.0,66.0,436,1404.0,6.0,1415,1410.0,-5.0,0,0,,0.0,0.0,0.0,0.0,0.0,2015-06-19,0,0.0,0.0,0.0,0.0,0.0
2015,7,7,2,OO,7396,N601XJ,TWF,SLC,628,620.0,-8.0,9.0,629.0,52.0,43.0,30.0,175,659.0,4.0,720,703.0,-17.0,0,0,,0.0,0.0,0.0,0.0,0.0,2015-07-07,0,0.0,0.0,0.0,0.0,0.0
2015,6,26,5,US,623,N536UW,DEN,PHX,800,813.0,13.0,16.0,829.0,128.0,124.0,79.0,602,848.0,29.0,908,917.0,9.0,0,0,,0.0,0.0,0.0,0.0,0.0,2015-06-26,0,0.0,0.0,0.0,0.0,0.0
2015,6,16,2,AA,1509,N3ACAA,BOS,MIA,1105,1104.0,-1.0,23.0,1127.0,211.0,198.0,167.0,1258,1414.0,8.0,1436,1422.0,-14.0,0,0,,0.0,0.0,0.0,0.0,0.0,2015-06-16,0,0.0,0.0,0.0,0.0,0.0
2015,7,15,3,OO,4627,N8884E,TVC,MSP,1625,1623.0,-2.0,18.0,1641.0,84.0,97.0,76.0,376,1657.0,3.0,1649,1700.0,11.0,0,0,,0.0,0.0,0.0,0.0,0.0,2015-07-15,0,0.0,0.0,0.0,0.0,0.0
2015,6,17,3,EV,4927,N933EV,ROA,ATL,1357,1453.0,56.0,10.0,1503.0,87.0,74.0,58.0,357,1601.0,6.0,1524,1607.0,43.0,0,0,,0.0,0.0,0.0,43.0,0.0,2015-06-17,1,0.0,0.0,0.0,76.79,0.0
2015,7,13,1,WN,2319,N8612K,BWI,STL,2015,2055.0,40.0,15.0,2110.0,135.0,131.0,109.0,738,2159.0,7.0,2130,2206.0,36.0,0,0,,0.0,0.0,0.0,36.0,0.0,2015-07-13,1,0.0,0.0,0.0,90.0,0.0
2015,6,30,2,WN,3582,N907WN,EWR,MDW,2055,2240.0,105.0,34.0,2314.0,150.0,162.0,126.0,711,20.0,2.0,2225,22.0,117.0,0,0,,12.0,0.0,0.0,105.0,0.0,2015-06-30,1,11.43,0.0,0.0,100.0,0.0
2015,7,21,2,WN,910,N207WN,OKC,DEN,2030,2133.0,63.0,11.0,2144.0,100.0,87.0,69.0,495,2153.0,7.0,2110,2200.0,50.0,0,0,,0.0,0.0,1.0,49.0,0.0,2015-07-21,1,0.0,0.0,1.59,77.78,0.0
2015,6,28,7,DL,1865,N992DL,MIA,ATL,1245,1253.0,8.0,13.0,1306.0,122.0,104.0,85.0,594,1431.0,6.0,1447,1437.0,-10.0,0,0,,0.0,0.0,0.0,0.0,0.0,2015-06-28,0,0.0,0.0,0.0,0.0,0.0
2015,6,21,7,UA,440,N854UA,SNA,DEN,1753,1743.0,-10.0,10.0,1753.0,144.0,128.0,113.0,846,2046.0,5.0,2117,2051.0,-26.0,0,0,,0.0,0.0,0.0,0.0,0.0,2015-06-21,0,0.0,0.0,0.0,0.0,0.0
2015,6,30,2,WN,1079,N558WN,ONT,OAK,1735,1858.0,83.0,6.0,1904.0,75.0,61.0,50.0,362,1954.0,5.0,1850,1959.0,69.0,0,0,,0.0,0.0,2.0,67.0,0.0,2015-06-30,1,0.0,0.0,2.41,80.72,0.0
2015,7,8,3,UA,1698,N81449,EWR,DEN,758,1006.0,128.0,21.0,1027.0,256.0,256.0,224.0,1605,1211.0,11.0,1014,1222.0,128.0,0,0,,0.0,0.0,128.0,0.0,0.0,2015-07-08,1,0.0,0.0,100.0,0.0,0.0
2015,7,20,1,WN,460,N8626B,BNA,MCI,1450,1507.0,17.0,9.0,1516.0,95.0,87.0,73.0,491,1629.0,5.0,1625,1634.0,9.0,0,0,,0.0,0.0,0.0,0.0,0.0,2015-07-20,1,0.0,0.0,0.0,0.0,0.0
2015,7,3,5,UA,825,N469UA,IAH,LAS,1127,1149.0,22.0,15.0,1204.0,196.0,170.0,150.0,1222,1234.0,5.0,1243,1239.0,-4.0,0,0,,0.0,0.0,0.0,0.0,0.0,2015-07-03,1,0.0,0.0,0.0,0.0,0.0
2015,7,5,7,AA,1330,N425AA,DFW,ELP,1200,1230.0,30.0,16.0,1246.0,107.0,91.0,73.0,551,1259.0,2.0,1247,1301.0,14.0,0,0,,0.0,0.0,0.0,0.0,0.0,2015-07-05,1,0.0,0.0,0.0,0.0,0.0
2015,6,24,3,WN,4274,N701GS,LIT,BWI,1545,1635.0,50.0,11.0,1646.0,145.0,130.0,113.0,912,1939.0,6.0,1910,1945.0,35.0,0,0,,0.0,0.0,3.0,32.0,0.0,2015-06-24,1,0.0,0.0,6.0,64.0,0.0
2015,7,8,3,WN,566,N410WN,BNA,MSY,1545,1544.0,-1.0,9.0,1553.0,90.0,76.0,63.0,471,1656.0,4.0,1715,1700.0,-15.0,0,0,,0.0,0.0,0.0,0.0,0.0,2015-07-08,0,0.0,0.0,0.0,0.0,0.0
2015,7,2,4,AS,68,N786AS,JNU,SIT,836,822.0,-14.0,6.0,828.0,37.0,34.0,25.0,95,853.0,3.0,913,856.0,-17.0,0,0,,0.0,0.0,0.0,0.0,0.0,2015-07-02,0,0.0,0.0,0.0,0.0,0.0
2015,7,15,3,AA,143,N3JFAA,DFW,BOS,2010,2017.0,7.0,18.0,2035.0,231.0,217.0,190.0,1562,45.0,9.0,101,54.0,-7.0,0,0,,0.0,0.0,0.0,0.0,0.0,2015-07-15,0,0.0,0.0,0.0,0.0,0.0
2015,7,7,2,DL,2534,N3759,LAX,BOS,914,912.0,-2.0,18.0,930.0,348.0,335.0,310.0,2611,1740.0,7.0,1802,1747.0,-15.0,0,0,,0.0,0.0,0.0,0.0,0.0,2015-07-07,0,0.0,0.0,0.0,0.0,0.0
2015,6,21,7,UA,348,N779UA,OGG,ORD,1610,1615.0,5.0,8.0,1623.0,470.0,462.0,448.0,4184,451.0,6.0,500,457.0,-3.0,0,0,,0.0,0.0,0.0,0.0,0.0,2015-06-21,0,0.0,0.0,0.0,0.0,0.0
2015,7,4,6,EV,5243,N868AS,ATL,CID,1105,1059.0,-6.0,18.0,1117.0,127.0,124.0,99.0,694,1156.0,7.0,1212,1203.0,-9.0,0,0,,0.0,0.0,0.0,0.0,0.0,2015-07-04,0,0.0,0.0,0.0,0.0,0.0
2015,7,10,5,DL,447,N199DN,JFK,LAX,1656,1655.0,-1.0,32.0,1727.0,394.0,384.0,340.0,2475,2007.0,12.0,2030,2019.0,-11.0,0,0,,0.0,0.0,0.0,0.0,0.0,2015-07-10,0,0.0,0.0,0.0,0.0,0.0
2015,6,19,5,DL,859,N6702,BOS,MSP,1437,1436.0,-1.0,26.0,1502.0,187.0,203.0,169.0,1124,1651.0,8.0,1644,1659.0,15.0,0,0,,15.0,0.0,0.0,0.0,0.0,2015-06-19,0,-1500.0,-0.0,-0.0,-0.0,-0.0
2015,7,16,4,F9,1276,N912FR,ATL,ORD,1255,1252.0,-3.0,14.0,1306.0,125.0,111.0,90.0,606,1336.0,7.0,1400,1343.0,-17.0,0,0,,0.0,0.0,0.0,0.0,0.0,2015-07-16,0,0.0,0.0,0.0,0.0,0.0
2015,6,29,1,EV,4231,N12552,IAH,BTR,2125,2151.0,26.0,12.0,2203.0,64.0,64.0,40.0,253,2243.0,12.0,2229,2255.0,26.0,0,0,,0.0,0.0,26.0,0.0,0.0,2015-06-29,1,0.0,0.0,100.0,0.0,0.0
2015,6,18,4,DL,2588,N341NB,MSP,BOS,1500,1459.0,-1.0,22.0,1521.0,167.0,161.0,133.0,1124,1834.0,6.0,1847,1840.0,-7.0,0,0,,0.0,0.0,0.0,0.0,0.0,2015-06-18,0,0.0,0.0,0.0,0.0,0.0
2015,7,5,7,WN,826,N203WN,DEN,SEA,1545,1553.0,8.0,19.0,1612.0,170.0,163.0,136.0,1024,1728.0,8.0,1735,1736.0,1.0,0,0,,0.0,0.0,0.0,0.0,0.0,2015-07-05,0,0.0,0.0,0.0,0.0,0.0
2015,6,29,1,NK,332,N517NK,ATL,ACY,1415,1410.0,-5.0,12.0,1422.0,118.0,106.0,87.0,679,1549.0,7.0,1613,1556.0,-17.0,0,0,,0.0,0.0,0.0,0.0,0.0,2015-06-29,0,0.0,0.0,0.0,0.0,0.0
2015,6,23,2,WN,1094,N8624J,MDW,DEN,1600,1559.0,-1.0,8.0,1607.0,155.0,140.0,126.0,895,1713.0,6.0,1735,1719.0,-16.0,0,0,,0.0,0.0,0.0,0.0,0.0,2015-06-23,0,0.0,0.0,0.0,0.0,0.0
2015,6,15,1,OO,4610,N633SK,SLC,SUN,1115,1309.0,114.0,12.0,1321.0,69.0,55.0,39.0,222,1400.0,4.0,1224,1404.0,100.0,0,0,,0.0,0.0,97.0,3.0,0.0,2015-06-15,1,0.0,0.0,85.09,2.63,0.0
2015,7,20,1,UA,330,N828UA,BWI,SFO,605,556.0,-9.0,10.0,606.0,355.0,341.0,325.0,2457,831.0,6.0,900,837.0,-23.0,0,0,,0.0,0.0,0.0,0.0,0.0,2015-07-20,0,0.0,0.0,0.0,0.0,0.0
2015,6,21,7,MQ,3154,N906MQ,ORD,MSN,2155,2153.0,-2.0,9.0,2202.0,56.0,37.0,25.0,108,2227.0,3.0,2251,2230.0,-21.0,0,0,,0.0,0.0,0.0,0.0,0.0,2015-06-21,0,0.0,0.0,0.0,0.0,0.0
2015,6,29,1,EV,4352,N13550,IND,EWR,1310,1340.0,30.0,10.0,1350.0,125.0,117.0,102.0,645,1532.0,5.0,1515,1537.0,22.0,0,0,,0.0,0.0,0.0,22.0,0.0,2015-06-29,1,0.0,0.0,0.0,73.33,0.0
2015,7,12,7,DL,798,N995AT,TYS,ATL,1657,1657.0,0.0,10.0,1707.0,72.0,46.0,30.0,152,1737.0,6.0,1809,1743.0,-26.0,0,0,,0.0,0.0,0.0,0.0,0.0,2015-07-12,0,0.0,0.0,0.0,0.0,0.0
2015,7,3,5,DL,2610,N549US,HNL,SEA,2215,2206.0,-9.0,20.0,2226.0,340.0,357.0,315.0,2677,641.0,22.0,655,703.0,8.0,0,0,,0.0,0.0,0.0,0.0,0.0,2015-07-03,0,0.0,0.0,0.0,0.0,0.0
2015,7,6,1,UA,1128,N27722,EWR,ATL,630,627.0,-3.0,11.0,638.0,155.0,123.0,104.0,746,822.0,8.0,905,830.0,-35.0,0,0,,0.0,0.0,0.0,0.0,0.0,2015-07-06,0,0.0,0.0,0.0,0.0,0.0
2015,7,14,2,NK,600,N526NK,ATL,DFW,1829,1853.0,24.0,11.0,1904.0,132.0,119.0,101.0,731,1945.0,7.0,1941,1952.0,11.0,0,0,,0.0,0.0,0.0,0.0,0.0,2015-07-14,1,0.0,0.0,0.0,0.0,0.0
2015,6,22,1,EV,5023,N916EV,ATL,MOB,1656,1652.0,-4.0,20.0,1712.0,82.0,70.0,47.0,302,1659.0,3.0,1718,1702.0,-16.0,0,0,,0.0,0.0,0.0,0.0,0.0,2015-06-22,0,0.0,0.0,0.0,0.0,0.0
2015,7,8,3,OO,6374,N472CA,LNK,DEN,1712,1703.0,-9.0,6.0,1709.0,91.0,95.0,80.0,423,1729.0,9.0,1743,1738.0,-5.0,0,0,,0.0,0.0,0.0,0.0,0.0,2015-07-08,0,0.0,0.0,0.0,0.0,0.0
2015,7,13,1,EV,4108,N11127,ORD,DSM,1556,1645.0,49.0,19.0,1704.0,84.0,75.0,51.0,299,1755.0,5.0,1720,1800.0,40.0,0,0,,0.0,0.0,0.0,40.0,0.0,2015-07-13,1,0.0,0.0,0.0,81.63,0.0
2015,6,28,7,HA,291,N488HA,ITO,HNL,1500,1450.0,-10.0,7.0,1457.0,52.0,49.0,36.0,216,1533.0,6.0,1552,1539.0,-13.0,0,0,,0.0,0.0,0.0,0.0,0.0,2015-06-28,0,0.0,0.0,0.0,0.0,0.0
2015,7,14,2,EV,4994,N923EV,ATL,SHV,1905,1908.0,3.0,15.0,1923.0,107.0,101.0,83.0,551,1946.0,3.0,1952,1949.0,-3.0,0,0,,0.0,0.0,0.0,0.0,0.0,2015-07-14,0,0.0,0.0,0.0,0.0,0.0
2015,7,16,4,WN,924,N773SA,BUR,OAK,1645,1645.0,0.0,11.0,1656.0,65.0,64.0,48.0,325,1744.0,5.0,1750,1749.0,-1.0,0,0,,0.0,0.0,0.0,0.0,0.0,2015-07-16,0,0.0,0.0,0.0,0.0,0.0
2015,7,10,5,DL,959,N901DA,MCI,MSP,1705,1704.0,-1.0,64.0,1808.0,84.0,129.0,59.0,393,1907.0,6.0,1829,1913.0,44.0,0,0,,44.0,0.0,0.0,0.0,0.0,2015-07-10,0,-4400.0,-0.0,-0.0,-0.0,-0.0
2015,6,30,2,MQ,3508,N534MQ,XNA,LGA,605,604.0,-1.0,20.0,624.0,177.0,176.0,151.0,1147,955.0,5.0,1002,1000.0,-2.0,0,0,,0.0,0.0,0.0,0.0,0.0,2015-06-30,0,0.0,0.0,0.0,0.0,0.0
2015,7,20,1,WN,679,N249WN,BHM,MDW,930,928.0,-2.0,5.0,933.0,110.0,94.0,84.0,570,1057.0,5.0,1120,1102.0,-18.0,0,0,,0.0,0.0,0.0,0.0,0.0,2015-07-20,0,0.0,0.0,0.0,0.0,0.0
2015,6,17,3,AA,325,N3DGAA,LGA,ORD,905,919.0,14.0,25.0,944.0,159.0,155.0,116.0,733,1040.0,14.0,1044,1054.0,10.0,0,0,,0.0,0.0,0.0,0.0,0.0,2015-06-17,0,0.0,0.0,0.0,0.0,0.0
2015,7,19,7,OO,2956,N896SK,SAT,PHX,1825,1825.0,0.0,14.0,1839.0,143.0,152.0,118.0,843,1837.0,20.0,1848,1857.0,9.0,0,0,,0.0,0.0,0.0,0.0,0.0,2015-07-19,0,0.0,0.0,0.0,0.0,0.0
2015,7,3,5,WN,295,N8607M,MDW,SAN,810,854.0,44.0,20.0,914.0,250.0,241.0,216.0,1728,1050.0,5.0,1020,1055.0,35.0,0,0,,0.0,0.0,2.0,33.0,0.0,2015-07-03,1,0.0,0.0,4.55,75.0,0.0
2015,7,8,3,AS,91,N305AS,SEA,ANC,900,918.0,18.0,14.0,932.0,208.0,200.0,180.0,1448,1132.0,6.0,1128,1138.0,10.0,0,0,,0.0,0.0,0.0,0.0,0.0,2015-07-08,1,0.0,0.0,0.0,0.0,0.0
2015,6,23,2,WN,4634,N765SW,BWI,BUF,610,1022.0,252.0,8.0,1030.0,65.0,61.0,50.0,281,1120.0,3.0,715,1123.0,248.0,0,0,,0.0,0.0,248.0,0.0,0.0,2015-06-23,1,0.0,0.0,98.41,0.0,0.0
2015,6,22,1,AA,2456,N4YFAA,TPA,DFW,1246,1326.0,40.0,9.0,1335.0,159.0,139.0,125.0,929,1440.0,5.0,1425,1445.0,20.0,0,0,,0.0,0.0,18.0,2.0,0.0,2015-06-22,1,0.0,0.0,45.0,5.0,0.0
2015,7,3,5,AA,1897,N912UY,PHL,CLT,1935,1949.0,14.0,13.0,2002.0,112.0,103.0,82.0,449,2124.0,8.0,2127,2132.0,5.0,0,0,,0.0,0.0,0.0,0.0,0.0,2015-07-03,0,0.0,0.0,0.0,0.0,0.0
2015,7,15,3,MQ,3157,N518MQ,ORD,DSM,1155,1156.0,1.0,12.0,1208.0,82.0,61.0,45.0,299,1253.0,4.0,1317,1257.0,-20.0,0,0,,0.0,0.0,0.0,0.0,0.0,2015-07-15,0,0.0,0.0,0.0,0.0,0.0
2015,7,17,5,F9,776,N921FR,LAS,DEN,1615,1613.0,-2.0,14.0,1627.0,112.0,107.0,84.0,628,1851.0,9.0,1907,1900.0,-7.0,0,0,,0.0,0.0,0.0,0.0,0.0,2015-07-17,0,0.0,0.0,0.0,0.0,0.0
2015,6,28,7,US,1854,N580UW,PHX,CLT,1445,1449.0,4.0,13.0,1502.0,243.0,241.0,207.0,1773,2129.0,21.0,2148,2150.0,2.0,0,0,,0.0,0.0,0.0,0.0,0.0,2015-06-28,0,0.0,0.0,0.0,0.0,0.0
2015,7,8,3,UA,661,N474UA,IAH,ORD,520,624.0,64.0,13.0,637.0,169.0,154.0,118.0,925,835.0,23.0,809,858.0,49.0,0,0,,0.0,0.0,49.0,0.0,0.0,2015-07-08,1,0.0,0.0,76.56,0.0,0.0
2015,6,20,6,F9,1323,N227FR,ORD,SLC,1547,1543.0,-4.0,16.0,1559.0,207.0,199.0,179.0,1250,1758.0,4.0,1814,1802.0,-12.0,0,0,,0.0,0.0,0.0,0.0,0.0,2015-06-20,0,0.0,0.0,0.0,0.0,0.0
2015,6,19,5,AA,82,N3ELAA,DFW,SFO,1200,1205.0,5.0,21.0,1226.0,230.0,237.0,208.0,1464,1354.0,8.0,1350,1402.0,12.0,0,0,,0.0,0.0,0.0,0.0,0.0,2015-06-19,0,0.0,0.0,0.0,0.0,0.0
2015,7,19,7,WN,1274,N930WN,DEN,BNA,1505,1504.0,-1.0,9.0,1513.0,150.0,135.0,122.0,1014,1815.0,4.0,1835,1819.0,-16.0,0,0,,0.0,0.0,0.0,0.0,0.0,2015-07-19,0,0.0,0.0,0.0,0.0,0.0
2015,6,19,5,MQ,3415,N620MQ,DFW,SAV,1505,1532.0,27.0,18.0,1550.0,151.0,150.0,125.0,925,1855.0,7.0,1836,1902.0,26.0,0,0,,0.0,0.0,26.0,0.0,0.0,2015-06-19,1,0.0,0.0,96.3,0.0,0.0
2015,7,21,2,EV,5326,N719EV,IAH,DTW,1452,1453.0,1.0,14.0,1507.0,169.0,159.0,134.0,1075,1821.0,11.0,1841,1832.0,-9.0,0,0,,0.0,0.0,0.0,0.0,0.0,2015-07-21,0,0.0,0.0,0.0,0.0,0.0
2015,6,28,7,WN,1337,N708SW,BUR,SMF,1500,1507.0,7.0,8.0,1515.0,70.0,64.0,53.0,358,1608.0,3.0,1610,1611.0,1.0,0,0,,0.0,0.0,0.0,0.0,0.0,2015-06-28,0,0.0,0.0,0.0,0.0,0.0
2015,7,8,3,DL,1737,N371NW,MSP,DLH,2202,2158.0,-4.0,18.0,2216.0,51.0,46.0,25.0,144,2241.0,3.0,2253,2244.0,-9.0,0,0,,0.0,0.0,0.0,0.0,0.0,2015-07-08,0,0.0,0.0,0.0,0.0,0.0
2015,6,22,1,DL,1382,N519US,DEN,ATL,1140,1152.0,12.0,16.0,1208.0,175.0,169.0,148.0,1199,1636.0,5.0,1635,1641.0,6.0,0,0,,0.0,0.0,0.0,0.0,0.0,2015-06-22,0,0.0,0.0,0.0,0.0,0.0
2015,6,20,6,US,699,N836AW,RDU,LAX,1700,1708.0,8.0,16.0,1724.0,324.0,315.0,278.0,2239,1902.0,21.0,1924,1923.0,-1.0,0,0,,0.0,0.0,0.0,0.0,0.0,2015-06-20,0,0.0,0.0,0.0,0.0,0.0
2015,6,24,3,WN,1703,N611SW,BNA,JAX,800,830.0,30.0,8.0,838.0,85.0,78.0,66.0,483,1044.0,4.0,1025,1048.0,23.0,0,0,,0.0,0.0,23.0,0.0,0.0,2015-06-24,1,0.0,0.0,76.67,0.0,0.0
2015,6,24,3,WN,1534,N647SW,RDU,BNA,1650,1932.0,162.0,10.0,1942.0,85.0,88.0,72.0,442,1954.0,6.0,1715,2000.0,165.0,0,0,,3.0,0.0,3.0,159.0,0.0,2015-06-24,1,1.85,0.0,1.85,98.15,0.0
2015,7,13,1,DL,2800,N913DL,LGA,PBI,1845,1912.0,27.0,22.0,1934.0,193.0,166.0,139.0,1035,2153.0,5.0,2158,2158.0,0.0,0,0,,0.0,0.0,0.0,0.0,0.0,2015-07-13,1,0.0,0.0,0.0,0.0,0.0
2015,7,11,6,UA,1650,N15751,ORD,DTW,2110,2109.0,-1.0,13.0,2122.0,87.0,65.0,47.0,235,2309.0,5.0,2337,2314.0,-23.0,0,0,,0.0,0.0,0.0,0.0,0.0,2015-07-11,0,0.0,0.0,0.0,0.0,0.0
2015,6,15,1,WN,688,N426WN,MCO,CMH,1910,1933.0,23.0,7.0,1940.0,135.0,117.0,104.0,802,2124.0,6.0,2125,2130.0,5.0,0,0,,0.0,0.0,0.0,0.0,0.0,2015-06-15,1,0.0,0.0,0.0,0.0,0.0
2015,6,18,4,WN,523,N551WN,LAS,MSY,750,750.0,0.0,13.0,803.0,205.0,197.0,180.0,1500,1303.0,4.0,1315,1307.0,-8.0,0,0,,0.0,0.0,0.0,0.0,0.0,2015-06-18,0,0.0,0.0,0.0,0.0,0.0
2015,7,19,7,WN,2511,N670SW,LAS,OAK,1530,1535.0,5.0,10.0,1545.0,90.0,78.0,63.0,407,1648.0,5.0,1700,1653.0,-7.0,0,0,,0.0,0.0,0.0,0.0,0.0,2015-07-19,0,0.0,0.0,0.0,0.0,0.0
2015,7,15,3,F9,658,N935FR,SFO,DEN,1010,1006.0,-4.0,18.0,1024.0,147.0,143.0,118.0,967,1322.0,7.0,1337,1329.0,-8.0,0,0,,0.0,0.0,0.0,0.0,0.0,2015-07-15,0,0.0,0.0,0.0,0.0,0.0
2015,6,19,5,WN,3763,N408WN,MSY,MCO,530,524.0,-6.0,10.0,534.0,105.0,101.0,84.0,551,758.0,7.0,815,805.0,-10.0,0,0,,0.0,0.0,0.0,0.0,0.0,2015-06-19,0,0.0,0.0,0.0,0.0,0.0
2015,7,9,4,AA,1954,N161UW,SFO,PHX,915,910.0,-5.0,13.0,923.0,119.0,110.0,91.0,651,1054.0,6.0,1114,1100.0,-14.0,0,0,,0.0,0.0,0.0,0.0,0.0,2015-07-09,0,0.0,0.0,0.0,0.0,0.0
2015,7,5,7,WN,185,N749SW,DCA,MSY,1040,1042.0,2.0,12.0,1054.0,160.0,179.0,165.0,969,1239.0,2.0,1220,1241.0,21.0,0,0,,21.0,0.0,0.0,0.0,0.0,2015-07-05,0,1050.0,0.0,0.0,0.0,0.0
2015,7,13,1,WN,380,N425LV,STL,MDW,540,536.0,-4.0,7.0,543.0,65.0,61.0,48.0,251,631.0,6.0,645,637.0,-8.0,0,0,,0.0,0.0,0.0,0.0,0.0,2015-07-13,0,0.0,0.0,0.0,0.0,0.0
2015,6,18,4,WN,378,N484WN,PHX,LAX,655,651.0,-4.0,9.0,700.0,80.0,78.0,60.0,370,800.0,9.0,815,809.0,-6.0,0,0,,0.0,0.0,0.0,0.0,0.0,2015-06-18,0,0.0,0.0,0.0,0.0,0.0
2015,7,1,3,MQ,3241,N631MQ,MLI,ORD,1826,1823.0,-3.0,8.0,1831.0,61.0,54.0,29.0,139,1900.0,17.0,1927,1917.0,-10.0,0,0,,0.0,0.0,0.0,0.0,0.0,2015-07-01,0,0.0,0.0,0.0,0.0,0.0
2015,7,10,5,WN,156,N8667D,RNO,LAS,700,656.0,-4.0,8.0,704.0,85.0,64.0,53.0,345,757.0,3.0,825,800.0,-25.0,0,0,,0.0,0.0,0.0,0.0,0.0,2015-07-10,0,0.0,0.0,0.0,0.0,0.0
2015,6,19,5,WN,2615,N8312C,SEA,BWI,630,637.0,7.0,10.0,647.0,300.0,275.0,260.0,2335,1407.0,5.0,1430,1412.0,-18.0,0,0,,0.0,0.0,0.0,0.0,0.0,2015-06-19,0,0.0,0.0,0.0,0.0,0.0
2015,7,14,2,DL,2354,N339NW,LGA,DTW,1655,1703.0,8.0,35.0,1738.0,135.0,127.0,88.0,502,1906.0,4.0,1910,1910.0,0.0,0,0,,0.0,0.0,0.0,0.0,0.0,2015-07-14,0,0.0,0.0,0.0,0.0,0.0
2015,7,5,7,WN,335,N432WN,MCO,SAT,1610,1605.0,-5.0,12.0,1617.0,160.0,148.0,132.0,1041,1729.0,4.0,1750,1733.0,-17.0,0,0,,0.0,0.0,0.0,0.0,0.0,2015-07-05,0,0.0,0.0,0.0,0.0,0.0
2015,7,21,2,AA,2150,N802AW,DCA,BOS,2100,2058.0,-2.0,55.0,2153.0,86.0,120.0,61.0,399,2254.0,4.0,2226,2258.0,32.0,0,0,,32.0,0.0,0.0,0.0,0.0,2015-07-21,0,-1600.0,-0.0,-0.0,-0.0,-0.0
2015,6,27,6,WN,2196,N920WN,LAS,OAK,1730,1911.0,101.0,11.0,1922.0,90.0,75.0,58.0,407,2020.0,6.0,1900,2026.0,86.0,0,0,,0.0,0.0,82.0,4.0,0.0,2015-06-27,1,0.0,0.0,81.19,3.96,0.0
2015,7,14,2,WN,709,N626SW,DEN,AUS,735,739.0,4.0,12.0,751.0,120.0,125.0,109.0,775,1040.0,4.0,1035,1044.0,9.0,0,0,,0.0,0.0,0.0,0.0,0.0,2015-07-14,0,0.0,0.0,0.0,0.0,0.0
2015,7,10,5,UA,1231,N57869,HNL,LAX,700,656.0,-4.0,16.0,712.0,340.0,325.0,297.0,2556,1509.0,12.0,1540,1521.0,-19.0,0,0,,0.0,0.0,0.0,0.0,0.0,2015-07-10,0,0.0,0.0,0.0,0.0,0.0
2015,6,24,3,OO,7373,N454SW,SLC,CPR,1511,1505.0,-6.0,18.0,1523.0,80.0,73.0,49.0,320,1612.0,6.0,1631,1618.0,-13.0,0,0,,0.0,0.0,0.0,0.0,0.0,2015-06-24,0,0.0,0.0,0.0,0.0,0.0
2015,6,27,6,B6,390,N228JB,DCA,BOS,1119,1109.0,-10.0,9.0,1118.0,84.0,80.0,68.0,399,1226.0,3.0,1243,1229.0,-14.0,0,0,,0.0,0.0,0.0,0.0,0.0,2015-06-27,0,0.0,0.0,0.0,0.0,0.0
2015,7,1,3,NK,719,N611NK,DEN,LAS,1817,1809.0,-8.0,11.0,1820.0,108.0,108.0,90.0,628,1850.0,7.0,1905,1857.0,-8.0,0,0,,0.0,0.0,0.0,0.0,0.0,2015-07-01,0,0.0,0.0,0.0,0.0,0.0
2015,6,27,6,DL,1323,N389DA,DEN,SLC,615,614.0,-1.0,15.0,629.0,88.0,88.0,69.0,391,738.0,4.0,743,742.0,-1.0,0,0,,0.0,0.0,0.0,0.0,0.0,2015-06-27,0,0.0,0.0,0.0,0.0,0.0
2015,7,16,4,AA,1298,N3FCAA,DFW,SNA,715,713.0,-2.0,14.0,727.0,190.0,190.0,171.0,1205,818.0,5.0,825,823.0,-2.0,0,0,,0.0,0.0,0.0,0.0,0.0,2015-07-16,0,0.0,0.0,0.0,0.0,0.0
2015,6,30,2,VX,1935,N855VA,LAX,SFO,850,847.0,-3.0,12.0,859.0,80.0,72.0,49.0,337,948.0,11.0,1010,959.0,-11.0,0,0,,0.0,0.0,0.0,0.0,0.0,2015-06-30,0,0.0,0.0,0.0,0.0,0.0
2015,7,17,5,AA,2190,N501AA,MFE,DFW,1559,1852.0,173.0,9.0,1901.0,101.0,81.0,68.0,469,2009.0,4.0,1740,2013.0,153.0,0,0,,0.0,0.0,145.0,8.0,0.0,2015-07-17,1,0.0,0.0,83.82,4.62,0.0
2015,7,15,3,WN,3314,N614SW,PIT,MDW,1055,1052.0,-3.0,12.0,1104.0,85.0,86.0,63.0,402,1107.0,11.0,1120,1118.0,-2.0,0,0,,0.0,0.0,0.0,0.0,0.0,2015-07-15,0,0.0,0.0,0.0,0.0,0.0
2015,7,3,5,OO,5295,N980SW,ORD,CMX,1022,1019.0,-3.0,10.0,1029.0,85.0,73.0,57.0,359,1226.0,6.0,1247,1232.0,-15.0,0,0,,0.0,0.0,0.0,0.0,0.0,2015-07-03,0,0.0,0.0,0.0,0.0,0.0
2015,6,30,2,B6,672,N562JB,FLL,LGA,1750,1853.0,63.0,45.0,1938.0,178.0,207.0,154.0,1076,2212.0,8.0,2048,2220.0,92.0,0,0,,92.0,0.0,0.0,0.0,0.0,2015-06-30,1,146.03,0.0,0.0,0.0,0.0
2015,6,24,3,WN,2882,N8655D,DEN,BNA,1005,1003.0,-2.0,20.0,1023.0,150.0,150.0,123.0,1014,1326.0,7.0,1335,1333.0,-2.0,0,0,,0.0,0.0,0.0,0.0,0.0,2015-06-24,0,0.0,0.0,0.0,0.0,0.0
2015,7,19,7,UA,1981,N73256,IAH,LGA,845,844.0,-1.0,14.0,858.0,219.0,212.0,193.0,1416,1311.0,5.0,1324,1316.0,-8.0,0,0,,0.0,0.0,0.0,0.0,0.0,2015-07-19,0,0.0,0.0,0.0,0.0,0.0
2015,7,15,3,DL,2224,N359NB,MSP,BIL,915,912.0,-3.0,10.0,922.0,124.0,117.0,103.0,748,1005.0,4.0,1019,1009.0,-10.0,0,0,,0.0,0.0,0.0,0.0,0.0,2015-07-15,0,0.0,0.0,0.0,0.0,0.0
2015,6,21,7,HA,257,N475HA,KOA,HNL,1428,1423.0,-5.0,8.0,1431.0,44.0,44.0,29.0,163,1500.0,7.0,1512,1507.0,-5.0,0,0,,0.0,0.0,0.0,0.0,0.0,2015-06-21,0,0.0,0.0,0.0,0.0,0.0
2015,7,5,7,AA,130,N3AUAA,ORD,JFK,1308,1306.0,-2.0,11.0,1317.0,140.0,132.0,104.0,740,1601.0,17.0,1628,1618.0,-10.0,0,0,,0.0,0.0,0.0,0.0,0.0,2015-07-05,0,0.0,0.0,0.0,0.0,0.0
2015,7,5,7,AA,1847,N957UW,PHL,MSP,1345,1345.0,0.0,17.0,1402.0,169.0,167.0,137.0,980,1519.0,13.0,1534,1532.0,-2.0,0,0,,0.0,0.0,0.0,0.0,0.0,2015-07-05,0,0.0,0.0,0.0,0.0,0.0
2015,6,19,5,WN,2427,N7719A,DCA,ATL,1930,1935.0,5.0,13.0,1948.0,115.0,118.0,79.0,547,2107.0,26.0,2125,2133.0,8.0,0,0,,0.0,0.0,0.0,0.0,0.0,2015-06-19,0,0.0,0.0,0.0,0.0,0.0
2015,6,24,3,AA,2229,N3FKAA,RSW,DFW,1205,1203.0,-2.0,17.0,1220.0,170.0,160.0,138.0,1017,1338.0,5.0,1355,1343.0,-12.0,0,0,,0.0,0.0,0.0,0.0,0.0,2015-06-24,0,0.0,0.0,0.0,0.0,0.0
2015,7,16,4,AA,2084,N762US,PHX,STL,2355,2350.0,-5.0,10.0,2400.0,172.0,165.0,143.0,1262,423.0,12.0,447,435.0,-12.0,0,0,,0.0,0.0,0.0,0.0,0.0,2015-07-16,0,0.0,0.0,0.0,0.0,0.0
2015,6,22,1,AA,2185,N4XCAA,ORD,MSP,2037,2043.0,6.0,42.0,2125.0,98.0,108.0,62.0,334,2227.0,4.0,2215,2231.0,16.0,0,0,,10.0,0.0,6.0,0.0,0.0,2015-06-22,0,166.67,0.0,100.0,0.0,0.0
2015,7,8,3,AA,1913,N752US,CLT,PHL,635,633.0,-2.0,15.0,648.0,96.0,97.0,79.0,449,807.0,3.0,811,810.0,-1.0,0,0,,0.0,0.0,0.0,0.0,0.0,2015-07-08,0,0.0,0.0,0.0,0.0,0.0
2015,6,20,6,WN,1365,N8310C,PDX,MDW,615,613.0,-2.0,10.0,623.0,240.0,220.0,204.0,1751,1147.0,6.0,1215,1153.0,-22.0,0,0,,0.0,0.0,0.0,0.0,0.0,2015-06-20,0,0.0,0.0,0.0,0.0,0.0
2015,6,19,5,EV,5107,N839AS,ATL,AGS,1737,1742.0,5.0,17.0,1759.0,56.0,48.0,28.0,143,1827.0,3.0,1833,1830.0,-3.0,0,0,,0.0,0.0,0.0,0.0,0.0,2015-06-19,0,0.0,0.0,0.0,0.0,0.0
2015,7,18,6,DL,1133,N957AT,ATL,ABE,1938,1947.0,9.0,15.0,2002.0,125.0,118.0,99.0,692,2141.0,4.0,2143,2145.0,2.0,0,0,,0.0,0.0,0.0,0.0,0.0,2015-07-18,0,0.0,0.0,0.0,0.0,0.0
2015,7,13,1,OO,5310,N952SW,DEN,GCC,2200,2152.0,-8.0,16.0,2208.0,77.0,67.0,46.0,313,2254.0,5.0,2317,2259.0,-18.0,0,0,,0.0,0.0,0.0,0.0,0.0,2015-07-13,0,0.0,0.0,0.0,0.0,0.0
2015,7,7,2,OO,4841,N603SK,LAS,SEA,1815,1806.0,-9.0,19.0,1825.0,163.0,160.0,134.0,867,2039.0,7.0,2058,2046.0,-12.0,0,0,,0.0,0.0,0.0,0.0,0.0,2015-07-07,0,0.0,0.0,0.0,0.0,0.0
2015,7,1,3,DL,2595,N930DL,JFK,ATL,1750,1856.0,66.0,32.0,1928.0,178.0,152.0,106.0,760,2114.0,14.0,2048,2128.0,40.0,0,0,,40.0,0.0,0.0,0.0,0.0,2015-07-01,1,60.61,0.0,0.0,0.0,0.0
2015,6,16,2,UA,1609,N76265,ATL,DEN,1645,1811.0,86.0,19.0,1830.0,199.0,180.0,153.0,1199,1903.0,8.0,1804,1911.0,67.0,0,0,,0.0,0.0,0.0,53.0,14.0,2015-06-16,1,0.0,0.0,0.0,61.63,16.28
2015,6,18,4,HA,215,N478HA,OGG,HNL,1323,1323.0,0.0,11.0,1334.0,37.0,40.0,21.0,100,1355.0,8.0,1400,1403.0,3.0,0,0,,0.0,0.0,0.0,0.0,0.0,2015-06-18,0,0.0,0.0,0.0,0.0,0.0
2015,7,9,4,UA,1477,N39423,LAX,SFO,2234,2312.0,38.0,20.0,2332.0,83.0,88.0,57.0,337,29.0,11.0,2357,40.0,43.0,0,0,,43.0,0.0,0.0,0.0,0.0,2015-07-09,1,113.16,0.0,0.0,0.0,0.0
2015,6,19,5,DL,1579,N912DN,ATL,RSW,2305,2303.0,-2.0,11.0,2314.0,99.0,88.0,73.0,515,27.0,4.0,44,31.0,-13.0,0,0,,0.0,0.0,0.0,0.0,0.0,2015-06-19,0,0.0,0.0,0.0,0.0,0.0
2015,6,27,6,UA,1079,N14230,DEN,TPA,1443,1438.0,-5.0,13.0,1451.0,209.0,198.0,181.0,1506,1952.0,4.0,2012,1956.0,-16.0,0,0,,0.0,0.0,0.0,0.0,0.0,2015-06-27,0,0.0,0.0,0.0,0.0,0.0
2015,7,8,3,DL,1087,N917DL,DAB,ATL,1405,1402.0,-3.0,18.0,1420.0,96.0,83.0,57.0,366,1517.0,8.0,1541,1525.0,-16.0,0,0,,0.0,0.0,0.0,0.0,0.0,2015-07-08,0,0.0,0.0,0.0,0.0,0.0
2015,6,20,6,WN,3819,N520SW,HRL,HOU,1645,1640.0,-5.0,8.0,1648.0,65.0,58.0,44.0,277,1732.0,6.0,1750,1738.0,-12.0,0,0,,0.0,0.0,0.0,0.0,0.0,2015-06-20,0,0.0,0.0,0.0,0.0,0.0
2015,6,19,5,DL,2615,N933DL,SRQ,ATL,1733,1729.0,-4.0,10.0,1739.0,100.0,84.0,68.0,444,1847.0,6.0,1913,1853.0,-20.0,0,0,,0.0,0.0,0.0,0.0,0.0,2015-06-19,0,0.0,0.0,0.0,0.0,0.0
2015,6,19,5,US,491,N207UW,PHX,LAX,735,732.0,-3.0,19.0,751.0,92.0,83.0,58.0,370,849.0,6.0,907,855.0,-12.0,0,0,,0.0,0.0,0.0,0.0,0.0,2015-06-19,0,0.0,0.0,0.0,0.0,0.0
2015,6,20,6,UA,1461,N36472,EWR,IAH,1200,1203.0,3.0,14.0,1217.0,215.0,214.0,188.0,1400,1425.0,12.0,1435,1437.0,2.0,0,0,,0.0,0.0,0.0,0.0,0.0,2015-06-20,0,0.0,0.0,0.0,0.0,0.0
2015,6,23,2,OO,4508,N454SW,SLC,IDA,945,940.0,-5.0,15.0,955.0,63.0,54.0,34.0,188,1029.0,5.0,1048,1034.0,-14.0,0,0,,0.0,0.0,0.0,0.0,0.0,2015-06-23,0,0.0,0.0,0.0,0.0,0.0
2015,6,23,2,AS,361,N627AS,SMF,SEA,1755,1742.0,-13.0,13.0,1755.0,100.0,99.0,82.0,605,1917.0,4.0,1935,1921.0,-14.0,0,0,,0.0,0.0,0.0,0.0,0.0,2015-06-23,0,0.0,0.0,0.0,0.0,0.0
2015,7,6,1,OO,2863,N868CA,SLC,LAX,720,714.0,-6.0,20.0,734.0,121.0,141.0,87.0,590,801.0,34.0,821,835.0,14.0,0,0,,0.0,0.0,0.0,0.0,0.0,2015-07-06,0,0.0,0.0,0.0,0.0,0.0
2015,7,16,4,WN,4170,N963WN,LAS,SAN,1020,1019.0,-1.0,10.0,1029.0,65.0,59.0,43.0,258,1112.0,6.0,1125,1118.0,-7.0,0,0,,0.0,0.0,0.0,0.0,0.0,2015-07-16,0,0.0,0.0,0.0,0.0,0.0
2015,7,8,3,AA,1283,N3FSAA,SEA,ORD,2359,2359.0,0.0,10.0,9.0,231.0,225.0,210.0,1721,539.0,5.0,550,544.0,-6.0,0,0,,0.0,0.0,0.0,0.0,0.0,2015-07-08,0,0.0,0.0,0.0,0.0,0.0
2015,6,21,7,EV,4377,N14974,EWR,JAX,1549,1628.0,39.0,18.0,1646.0,150.0,141.0,115.0,820,1841.0,8.0,1819,1849.0,30.0,0,0,,0.0,0.0,30.0,0.0,0.0,2015-06-21,1,0.0,0.0,76.92,0.0,0.0
2015,7,16,4,AS,42,N768AS,BET,ANC,820,808.0,-12.0,8.0,816.0,65.0,66.0,55.0,399,911.0,3.0,925,914.0,-11.0,0,0,,0.0,0.0,0.0,0.0,0.0,2015-07-16,0,0.0,0.0,0.0,0.0,0.0
2015,7,1,3,AA,2083,N836AW,STL,PHX,2045,2042.0,-3.0,14.0,2056.0,193.0,211.0,172.0,1262,2148.0,25.0,2158,2213.0,15.0,0,0,,15.0,0.0,0.0,0.0,0.0,2015-07-01,0,-500.0,-0.0,-0.0,-0.0,-0.0
2015,7,15,3,WN,761,N768SW,MCI,LAS,950,947.0,-3.0,11.0,958.0,175.0,175.0,157.0,1139,1035.0,7.0,1045,1042.0,-3.0,0,0,,0.0,0.0,0.0,0.0,0.0,2015-07-15,0,0.0,0.0,0.0,0.0,0.0
2015,6,22,1,UA,1430,N61881,DEN,SEA,1845,1919.0,34.0,20.0,1939.0,170.0,172.0,142.0,1024,2101.0,10.0,2035,2111.0,36.0,0,0,,2.0,0.0,15.0,19.0,0.0,2015-06-22,1,5.88,0.0,44.12,55.88,0.0
2015,7,3,5,AA,1405,N4WJAA,MSP,ORD,930,947.0,17.0,11.0,958.0,90.0,78.0,55.0,334,1053.0,12.0,1100,1105.0,5.0,0,0,,0.0,0.0,0.0,0.0,0.0,2015-07-03,1,0.0,0.0,0.0,0.0,0.0
2015,7,10,5,AA,364,N3CPAA,ORD,LGA,1510,1535.0,25.0,69.0,1644.0,136.0,175.0,101.0,733,1925.0,5.0,1826,1930.0,64.0,0,0,,64.0,0.0,0.0,0.0,0.0,2015-07-10,1,256.0,0.0,0.0,0.0,0.0
2015,7,20,1,MQ,3515,N645MQ,DFW,MLI,2010,2007.0,-3.0,13.0,2020.0,125.0,110.0,94.0,691,2154.0,3.0,2215,2157.0,-18.0,0,0,,0.0,0.0,0.0,0.0,0.0,2015-07-20,0,0.0,0.0,0.0,0.0,0.0
2015,6,16,2,DL,1167,N334NB,DCA,DTW,600,557.0,-3.0,18.0,615.0,90.0,82.0,61.0,405,716.0,3.0,730,719.0,-11.0,0,0,,0.0,0.0,0.0,0.0,0.0,2015-06-16,0,0.0,0.0,0.0,0.0,0.0
2015,7,1,3,AS,336,N622AS,SEA,SJC,2055,2221.0,86.0,26.0,2247.0,123.0,133.0,103.0,697,30.0,4.0,2258,34.0,96.0,0,0,,10.0,0.0,28.0,58.0,0.0,2015-07-01,1,11.63,0.0,32.56,67.44,0.0
2015,6,25,4,DL,1882,N309US,DTW,SLC,1218,1217.0,-1.0,17.0,1234.0,233.0,228.0,205.0,1481,1359.0,6.0,1411,1405.0,-6.0,0,0,,0.0,0.0,0.0,0.0,0.0,2015-06-25,0,0.0,0.0,0.0,0.0,0.0
2015,7,17,5,AA,1960,N119US,CLT,BWI,945,941.0,-4.0,17.0,958.0,90.0,78.0,55.0,361,1053.0,6.0,1115,1059.0,-16.0,0,0,,0.0,0.0,0.0,0.0,0.0,2015-07-17,0,0.0,0.0,0.0,0.0,0.0
2015,7,13,1,AA,1986,N754UW,PHL,MSP,1810,1806.0,-4.0,25.0,1831.0,187.0,172.0,142.0,980,1953.0,5.0,2017,1958.0,-19.0,0,0,,0.0,0.0,0.0,0.0,0.0,2015-07-13,0,0.0,0.0,0.0,0.0,0.0
2015,6,25,4,MQ,3638,N504MQ,ORD,XNA,1322,1357.0,35.0,27.0,1424.0,105.0,106.0,75.0,522,1539.0,4.0,1507,1543.0,36.0,0,0,,7.0,0.0,0.0,29.0,0.0,2015-06-25,1,20.0,0.0,0.0,82.86,0.0
2015,7,9,4,AA,1230,N3MJAA,SEA,DFW,25,35.0,10.0,11.0,46.0,233.0,225.0,210.0,1660,616.0,4.0,618,620.0,2.0,0,0,,0.0,0.0,0.0,0.0,0.0,2015-07-09,0,0.0,0.0,0.0,0.0,0.0
2015,6,20,6,DL,884,N988AT,TPA,LGA,1145,1139.0,-6.0,15.0,1154.0,161.0,159.0,140.0,1010,1414.0,4.0,1426,1418.0,-8.0,0,0,,0.0,0.0,0.0,0.0,0.0,2015-06-20,0,0.0,0.0,0.0,0.0,0.0
2015,7,9,4,DL,62,N973DL,BOS,CVG,1709,1712.0,3.0,20.0,1732.0,142.0,137.0,111.0,752,1923.0,6.0,1931,1929.0,-2.0,0,0,,0.0,0.0,0.0,0.0,0.0,2015-07-09,0,0.0,0.0,0.0,0.0,0.0
2015,7,22,3,OO,4561,N8903A,SLC,SJC,1502,1502.0,0.0,23.0,1525.0,121.0,120.0,93.0,584,1558.0,4.0,1603,1602.0,-1.0,0,0,,0.0,0.0,0.0,0.0,0.0,2015-07-22,0,0.0,0.0,0.0,0.0,0.0
2015,7,16,4,WN,5363,N766SW,ATL,FLL,1150,1212.0,22.0,12.0,1224.0,110.0,111.0,94.0,581,1358.0,5.0,1340,1403.0,23.0,0,0,,1.0,0.0,9.0,13.0,0.0,2015-07-16,1,4.55,0.0,40.91,59.09,0.0
2015,6,17,3,DL,1494,N977DL,ATL,PHL,840,837.0,-3.0,19.0,856.0,123.0,131.0,99.0,666,1035.0,13.0,1043,1048.0,5.0,0,0,,0.0,0.0,0.0,0.0,0.0,2015-06-17,0,0.0,0.0,0.0,0.0,0.0
2015,6,26,5,DL,2060,N398DA,ORD,MSP,904,904.0,0.0,29.0,933.0,89.0,98.0,61.0,334,1034.0,8.0,1033,1042.0,9.0,0,0,,0.0,0.0,0.0,0.0,0.0,2015-06-26,0,0.0,0.0,0.0,0.0,0.0
2015,6,14,7,DL,1354,N1608,LAX,ATL,2210,2201.0,-9.0,46.0,2247.0,259.0,278.0,228.0,1947,535.0,4.0,529,539.0,10.0,0,0,,0.0,0.0,0.0,0.0,0.0,2015-06-14,0,0.0,0.0,0.0,0.0,0.0
2015,6,16,2,AS,654,N558AS,SEA,PHX,2115,2116.0,1.0,9.0,2125.0,164.0,155.0,140.0,1107,2345.0,6.0,2359,2351.0,-8.0,0,0,,0.0,0.0,0.0,0.0,0.0,2015-06-16,0,0.0,0.0,0.0,0.0,0.0
2015,6,28,7,WN,1367,N257WN,RDU,MCO,1945,1941.0,-4.0,8.0,1949.0,100.0,96.0,82.0,534,2111.0,6.0,2125,2117.0,-8.0,0,0,,0.0,0.0,0.0,0.0,0.0,2015-06-28,0,0.0,0.0,0.0,0.0,0.0
2015,7,16,4,NK,847,N631NK,LGA,ORD,835,833.0,-2.0,32.0,905.0,150.0,156.0,109.0,733,954.0,15.0,1005,1009.0,4.0,0,0,,0.0,0.0,0.0,0.0,0.0,2015-07-16,0,0.0,0.0,0.0,0.0,0.0
2015,7,1,3,DL,1968,N955AT,DTW,GRB,1545,1539.0,-6.0,20.0,1559.0,76.0,75.0,51.0,287,1550.0,4.0,1601,1554.0,-7.0,0,0,,0.0,0.0,0.0,0.0,0.0,2015-07-01,0,0.0,0.0,0.0,0.0,0.0
2015,6,19,5,NK,985,N605NK,DTW,MSY,1539,1537.0,-2.0,13.0,1550.0,156.0,143.0,126.0,926,1656.0,4.0,1715,1700.0,-15.0,0,0,,0.0,0.0,0.0,0.0,0.0,2015-06-19,0,0.0,0.0,0.0,0.0,0.0
2015,6,20,6,WN,1077,N768SW,STL,OKC,1015,1008.0,-7.0,5.0,1013.0,85.0,74.0,65.0,462,1118.0,4.0,1140,1122.0,-18.0,0,0,,0.0,0.0,0.0,0.0,0.0,2015-06-20,0,0.0,0.0,0.0,0.0,0.0
2015,6,21,7,DL,2319,N352NW,LGA,MSP,954,1008.0,14.0,21.0,1029.0,191.0,175.0,150.0,1020,1159.0,4.0,1205,1203.0,-2.0,0,0,,0.0,0.0,0.0,0.0,0.0,2015-06-21,0,0.0,0.0,0.0,0.0,0.0
2015,6,24,3,UA,697,N819UA,LAS,SFO,1658,1651.0,-7.0,16.0,1707.0,97.0,80.0,60.0,414,1807.0,4.0,1835,1811.0,-24.0,0,0,,0.0,0.0,0.0,0.0,0.0,2015-06-24,0,0.0,0.0,0.0,0.0,0.0
2015,7,17,5,UA,411,N412UA,LAX,IAH,2357,13.0,16.0,45.0,58.0,200.0,215.0,166.0,1379,544.0,4.0,517,548.0,31.0,0,0,,15.0,0.0,16.0,0.0,0.0,2015-07-17,1,93.75,0.0,100.0,0.0,0.0
2015,6,21,7,DL,2525,N961AT,ATL,BHM,1814,1811.0,-3.0,14.0,1825.0,58.0,42.0,24.0,134,1749.0,4.0,1812,1753.0,-19.0,0,0,,0.0,0.0,0.0,0.0,0.0,2015-06-21,0,0.0,0.0,0.0,0.0,0.0
2015,6,21,7,OO,7363,N426SW,MSP,ABR,1349,1347.0,-2.0,16.0,1403.0,72.0,67.0,47.0,257,1450.0,4.0,1501,1454.0,-7.0,0,0,,0.0,0.0,0.0,0.0,0.0,2015-06-21,0,0.0,0.0,0.0,0.0,0.0
2015,7,12,7,AS,47,N779AS,ANC,ADQ,630,617.0,-13.0,10.0,627.0,56.0,53.0,41.0,253,708.0,2.0,726,710.0,-16.0,0,0,,0.0,0.0,0.0,0.0,0.0,2015-07-12,0,0.0,0.0,0.0,0.0,0.0
2015,7,16,4,WN,184,N390SW,MCI,LAX,740,738.0,-2.0,18.0,756.0,205.0,228.0,206.0,1363,922.0,4.0,905,926.0,21.0,0,0,,21.0,0.0,0.0,0.0,0.0,2015-07-16,0,-1050.0,-0.0,-0.0,-0.0,-0.0
2015,6,25,4,B6,434,N661JB,SFO,BOS,700,656.0,-4.0,15.0,711.0,335.0,312.0,291.0,2704,1502.0,6.0,1535,1508.0,-27.0,0,0,,0.0,0.0,0.0,0.0,0.0,2015-06-25,0,0.0,0.0,0.0,0.0,0.0
2015,7,4,6,OO,3495,N225AG,FAT,SEA,1135,1141.0,6.0,8.0,1149.0,125.0,108.0,94.0,748,1323.0,6.0,1340,1329.0,-11.0,0,0,,0.0,0.0,0.0,0.0,0.0,2015-07-04,0,0.0,0.0,0.0,0.0,0.0
2015,7,22,3,EV,4894,N738EV,LGA,CLE,908,902.0,-6.0,46.0,948.0,122.0,123.0,69.0,419,1057.0,8.0,1110,1105.0,-5.0,0,0,,0.0,0.0,0.0,0.0,0.0,2015-07-22,0,0.0,0.0,0.0,0.0,0.0
2015,7,16,4,AA,1780,N747UW,CLT,CLE,950,943.0,-7.0,31.0,1014.0,100.0,101.0,64.0,430,1118.0,6.0,1130,1124.0,-6.0,0,0,,0.0,0.0,0.0,0.0,0.0,2015-07-16,0,0.0,0.0,0.0,0.0,0.0
2015,6,24,3,OO,6340,N956SW,SMX,SFO,600,602.0,2.0,10.0,612.0,66.0,52.0,37.0,216,649.0,5.0,706,654.0,-12.0,0,0,,0.0,0.0,0.0,0.0,0.0,2015-06-24,0,0.0,0.0,0.0,0.0,0.0
2015,6,26,5,B6,207,N279JB,PWM,JFK,1337,1333.0,-4.0,17.0,1350.0,82.0,69.0,48.0,273,1438.0,4.0,1459,1442.0,-17.0,0,0,,0.0,0.0,0.0,0.0,0.0,2015-06-26,0,0.0,0.0,0.0,0.0,0.0
2015,7,9,4,DL,2048,N390DA,JFK,SAN,910,907.0,-3.0,31.0,938.0,359.0,355.0,321.0,2446,1159.0,3.0,1209,1202.0,-7.0,0,0,,0.0,0.0,0.0,0.0,0.0,2015-07-09,0,0.0,0.0,0.0,0.0,0.0
2015,7,6,1,AA,2012,N967UW,PHL,BOS,615,610.0,-5.0,10.0,620.0,74.0,70.0,49.0,280,709.0,11.0,729,720.0,-9.0,0,0,,0.0,0.0,0.0,0.0,0.0,2015-07-06,0,0.0,0.0,0.0,0.0,0.0
2015,6,26,5,WN,1383,N634SW,DEN,TUS,825,826.0,1.0,13.0,839.0,110.0,104.0,87.0,639,906.0,4.0,915,910.0,-5.0,0,0,,0.0,0.0,0.0,0.0,0.0,2015-06-26,0,0.0,0.0,0.0,0.0,0.0
2015,6,30,2,US,1782,N119US,CLT,EWR,2215,2234.0,19.0,21.0,2255.0,102.0,114.0,79.0,529,14.0,14.0,2357,28.0,31.0,0,0,,31.0,0.0,0.0,0.0,0.0,2015-06-30,1,163.16,0.0,0.0,0.0,0.0
2015,7,13,1,WN,2342,N8632A,LAS,RDU,945,944.0,-1.0,11.0,955.0,270.0,254.0,236.0,2026,1651.0,7.0,1715,1658.0,-17.0,0,0,,0.0,0.0,0.0,0.0,0.0,2015-07-13,0,0.0,0.0,0.0,0.0,0.0
2015,6,18,4,DL,1605,N997AT,SDF,ATL,1945,2109.0,84.0,18.0,2127.0,94.0,81.0,56.0,321,2223.0,7.0,2119,2230.0,71.0,0,0,,0.0,0.0,47.0,24.0,0.0,2015-06-18,1,0.0,0.0,55.95,28.57,0.0
2015,7,18,6,UA,558,N492UA,DFW,ORD,610,607.0,-3.0,14.0,621.0,144.0,139.0,107.0,802,808.0,18.0,834,826.0,-8.0,0,0,,0.0,0.0,0.0,0.0,0.0,2015-07-18,0,0.0,0.0,0.0,0.0,0.0
2015,7,15,3,UA,325,N480UA,BOS,ORD,1803,1817.0,14.0,11.0,1828.0,172.0,149.0,125.0,867,1933.0,13.0,1955,1946.0,-9.0,0,0,,0.0,0.0,0.0,0.0,0.0,2015-07-15,0,0.0,0.0,0.0,0.0,0.0
2015,7,4,6,B6,308,N192JB,JFK,PWM,1329,1320.0,-9.0,25.0,1345.0,81.0,74.0,45.0,273,1430.0,4.0,1450,1434.0,-16.0,0,0,,0.0,0.0,0.0,0.0,0.0,2015-07-04,0,0.0,0.0,0.0,0.0,0.0
2015,6,24,3,OO,4504,N822SK,MSP,MSN,705,657.0,-8.0,22.0,719.0,67.0,66.0,36.0,228,755.0,8.0,812,803.0,-9.0,0,0,,0.0,0.0,0.0,0.0,0.0,2015-06-24,0,0.0,0.0,0.0,0.0,0.0
2015,6,26,5,DL,880,N323NB,RSW,LGA,800,754.0,-6.0,11.0,805.0,172.0,158.0,140.0,1080,1025.0,7.0,1052,1032.0,-20.0,0,0,,0.0,0.0,0.0,0.0,0.0,2015-06-26,0,0.0,0.0,0.0,0.0,0.0
2015,6,21,7,DL,454,N692DL,JFK,ATL,630,629.0,-1.0,39.0,708.0,155.0,153.0,103.0,760,851.0,11.0,905,902.0,-3.0,0,0,,0.0,0.0,0.0,0.0,0.0,2015-06-21,0,0.0,0.0,0.0,0.0,0.0
2015,7,3,5,WN,3488,N436WN,ATL,RIC,1340,1355.0,15.0,22.0,1417.0,100.0,92.0,68.0,481,1525.0,2.0,1520,1527.0,7.0,0,0,,0.0,0.0,0.0,0.0,0.0,2015-07-03,0,0.0,0.0,0.0,0.0,0.0
2015,6,16,2,UA,1062,N71411,SFO,MSP,1107,1123.0,16.0,29.0,1152.0,227.0,209.0,176.0,1589,1648.0,4.0,1654,1652.0,-2.0,0,0,,0.0,0.0,0.0,0.0,0.0,2015-06-16,1,0.0,0.0,0.0,0.0,0.0
2015,6,21,7,UA,1555,N75436,EWR,MIA,745,1031.0,166.0,17.0,1048.0,186.0,162.0,141.0,1085,1309.0,4.0,1051,1313.0,142.0,0,0,,0.0,0.0,142.0,0.0,0.0,2015-06-21,1,0.0,0.0,85.54,0.0,0.0
2015,7,17,5,EV,4327,N25134,EWR,DTW,630,627.0,-3.0,17.0,644.0,118.0,106.0,82.0,488,806.0,7.0,828,813.0,-15.0,0,0,,0.0,0.0,0.0,0.0,0.0,2015-07-17,0,0.0,0.0,0.0,0.0,0.0
2015,7,10,5,AA,2498,N3ERAA,MIA,IAH,2110,2106.0,-4.0,13.0,2119.0,165.0,143.0,121.0,964,2220.0,9.0,2255,2229.0,-26.0,0,0,,0.0,0.0,0.0,0.0,0.0,2015-07-10,0,0.0,0.0,0.0,0.0,0.0
2015,7,16,4,WN,1544,N8614M,PVD,MCO,700,702.0,2.0,7.0,709.0,170.0,150.0,136.0,1072,925.0,7.0,950,932.0,-18.0,0,0,,0.0,0.0,0.0,0.0,0.0,2015-07-16,0,0.0,0.0,0.0,0.0,0.0
2015,7,19,7,DL,1156,N3752,PDX,ATL,637,627.0,-10.0,16.0,643.0,283.0,304.0,279.0,2172,1422.0,9.0,1420,1431.0,11.0,0,0,,0.0,0.0,0.0,0.0,0.0,2015-07-19,0,0.0,0.0,0.0,0.0,0.0
2015,7,2,4,OO,6250,N750SK,DEN,DRO,1737,1733.0,-4.0,19.0,1752.0,70.0,65.0,43.0,251,1835.0,3.0,1847,1838.0,-9.0,0,0,,0.0,0.0,0.0,0.0,0.0,2015-07-02,0,0.0,0.0,0.0,0.0,0.0
2015,7,10,5,EV,2680,N685AE,DFW,LIT,1810,1818.0,8.0,17.0,1835.0,73.0,71.0,50.0,304,1925.0,4.0,1923,1929.0,6.0,0,0,,0.0,0.0,0.0,0.0,0.0,2015-07-10,0,0.0,0.0,0.0,0.0,0.0
2015,6,14,7,F9,1174,N207FR,MCO,IAD,2040,2049.0,9.0,12.0,2101.0,135.0,130.0,110.0,758,2251.0,8.0,2255,2259.0,4.0,0,0,,0.0,0.0,0.0,0.0,0.0,2015-06-14,0,0.0,0.0,0.0,0.0,0.0
2015,7,4,6,DL,110,N549US,ATL,LAX,831,829.0,-2.0,22.0,851.0,274.0,275.0,244.0,1947,955.0,9.0,1005,1004.0,-1.0,0,0,,0.0,0.0,0.0,0.0,0.0,2015-07-04,0,0.0,0.0,0.0,0.0,0.0
2015,7,5,7,AS,585,N626AS,SNA,PDX,1845,1833.0,-12.0,9.0,1842.0,130.0,132.0,116.0,859,2038.0,7.0,2055,2045.0,-10.0,0,0,,0.0,0.0,0.0,0.0,0.0,2015-07-05,0,0.0,0.0,0.0,0.0,0.0
2015,6,21,7,DL,1416,N533US,JAX,ATL,1705,1702.0,-3.0,15.0,1717.0,87.0,64.0,42.0,270,1759.0,7.0,1832,1806.0,-26.0,0,0,,0.0,0.0,0.0,0.0,0.0,2015-06-21,0,0.0,0.0,0.0,0.0,0.0
2015,6,27,6,WN,1129,N636WN,PHX,MCI,1010,1009.0,-1.0,9.0,1018.0,155.0,151.0,136.0,1044,1434.0,6.0,1445,1440.0,-5.0,0,0,,0.0,0.0,0.0,0.0,0.0,2015-06-27,0,0.0,0.0,0.0,0.0,0.0
2015,7,22,3,WN,531,N655WN,LIT,DAL,935,942.0,7.0,7.0,949.0,60.0,58.0,45.0,296,1034.0,6.0,1035,1040.0,5.0,0,0,,0.0,0.0,0.0,0.0,0.0,2015-07-22,0,0.0,0.0,0.0,0.0,0.0
2015,7,8,3,NK,259,N502NK,ACY,FLL,700,659.0,-1.0,11.0,710.0,150.0,154.0,131.0,977,921.0,12.0,930,933.0,3.0,0,0,,0.0,0.0,0.0,0.0,0.0,2015-07-08,0,0.0,0.0,0.0,0.0,0.0
2015,6,18,4,OO,6372,N782SK,FSD,DEN,625,620.0,-5.0,11.0,631.0,98.0,84.0,66.0,483,637.0,7.0,703,644.0,-19.0,0,0,,0.0,0.0,0.0,0.0,0.0,2015-06-18,0,0.0,0.0,0.0,0.0,0.0
2015,7,3,5,DL,2389,N6703D,SLC,PDX,1710,1729.0,19.0,16.0,1745.0,106.0,106.0,87.0,630,1812.0,3.0,1756,1815.0,19.0,0,0,,0.0,0.0,0.0,19.0,0.0,2015-07-03,1,0.0,0.0,0.0,100.0,0.0
2015,7,19,7,WN,111,N498WN,MDW,EWR,1420,1447.0,27.0,14.0,1501.0,125.0,114.0,89.0,711,1730.0,11.0,1725,1741.0,16.0,0,0,,0.0,0.0,11.0,5.0,0.0,2015-07-19,1,0.0,0.0,40.74,18.52,0.0
2015,6,25,4,AA,1658,N488AA,DFW,ORD,1140,1136.0,-4.0,11.0,1147.0,148.0,137.0,113.0,802,1340.0,13.0,1408,1353.0,-15.0,0,0,,0.0,0.0,0.0,0.0,0.0,2015-06-25,0,0.0,0.0,0.0,0.0,0.0
2015,7,12,7,WN,2772,N388SW,BNA,JAX,1620,1620.0,0.0,7.0,1627.0,85.0,78.0,67.0,483,1834.0,4.0,1845,1838.0,-7.0,0,0,,0.0,0.0,0.0,0.0,0.0,2015-07-12,0,0.0,0.0,0.0,0.0,0.0
2015,6,16,2,DL,2629,N808DN,ORD,DTW,1634,1631.0,-3.0,21.0,1652.0,85.0,86.0,57.0,235,1849.0,8.0,1859,1857.0,-2.0,0,0,,0.0,0.0,0.0,0.0,0.0,2015-06-16,0,0.0,0.0,0.0,0.0,0.0
2015,6,15,1,WN,547,N610WN,MCO,BWI,1545,1618.0,33.0,10.0,1628.0,135.0,124.0,110.0,787,1818.0,4.0,1800,1822.0,22.0,0,0,,13.0,0.0,0.0,9.0,0.0,2015-06-15,1,39.39,0.0,0.0,27.27,0.0
2015,7,2,4,UA,1003,N79279,LAS,LAX,917,913.0,-4.0,17.0,930.0,84.0,73.0,43.0,236,1013.0,13.0,1041,1026.0,-15.0,0,0,,0.0,0.0,0.0,0.0,0.0,2015-07-02,0,0.0,0.0,0.0,0.0,0.0
2015,7,15,3,AA,2121,N956UW,BOS,LGA,1100,1101.0,1.0,93.0,1234.0,74.0,146.0,48.0,184,1322.0,5.0,1214,1327.0,73.0,0,0,,73.0,0.0,0.0,0.0,0.0,2015-07-15,0,7300.0,0.0,0.0,0.0,0.0
2015,7,21,2,MQ,3048,N643MQ,CID,ORD,843,838.0,-5.0,20.0,858.0,68.0,65.0,38.0,196,936.0,7.0,951,943.0,-8.0,0,0,,0.0,0.0,0.0,0.0,0.0,2015-07-21,0,0.0,0.0,0.0,0.0,0.0
2015,7,16,4,WN,189,N625SW,ATL,TPA,2100,2123.0,23.0,13.0,2136.0,85.0,74.0,58.0,406,2234.0,3.0,2225,2237.0,12.0,0,0,,0.0,0.0,0.0,0.0,0.0,2015-07-16,1,0.0,0.0,0.0,0.0,0.0
2015,6,26,5,WN,647,N367SW,MHT,BWI,555,550.0,-5.0,9.0,559.0,90.0,96.0,76.0,377,715.0,11.0,725,726.0,1.0,0,0,,0.0,0.0,0.0,0.0,0.0,2015-06-26,0,0.0,0.0,0.0,0.0,0.0
2015,6,16,2,EV,4087,N16987,EWR,IND,922,1134.0,132.0,13.0,1147.0,133.0,122.0,101.0,645,1328.0,8.0,1135,1336.0,121.0,0,0,,0.0,0.0,121.0,0.0,0.0,2015-06-16,1,0.0,0.0,91.67,0.0,0.0
2015,7,8,3,OO,6385,N908SW,SMF,DEN,1002,1015.0,13.0,16.0,1031.0,145.0,151.0,129.0,909,1340.0,6.0,1327,1346.0,19.0,0,0,,6.0,0.0,0.0,13.0,0.0,2015-07-08,0,46.15,0.0,0.0,100.0,0.0
2015,6,28,7,OO,3468,N225AG,SEA,OMA,930,921.0,-9.0,11.0,932.0,187.0,172.0,158.0,1368,1410.0,3.0,1437,1413.0,-24.0,0,0,,0.0,0.0,0.0,0.0,0.0,2015-06-28,0,0.0,0.0,0.0,0.0,0.0
2015,7,3,5,WN,2240,N934WN,DAL,SNA,910,910.0,0.0,11.0,921.0,180.0,177.0,160.0,1216,1001.0,6.0,1010,1007.0,-3.0,0,0,,0.0,0.0,0.0,0.0,0.0,2015-07-03,0,0.0,0.0,0.0,0.0,0.0
2015,6,20,6,DL,528,N983AT,SAV,ATL,630,628.0,-2.0,11.0,639.0,61.0,52.0,36.0,214,715.0,5.0,731,720.0,-11.0,0,0,,0.0,0.0,0.0,0.0,0.0,2015-06-20,0,0.0,0.0,0.0,0.0,0.0
2015,6,29,1,DL,2800,N315US,MSP,GRB,1954,1959.0,5.0,10.0,2009.0,69.0,58.0,42.0,252,2051.0,6.0,2103,2057.0,-6.0,0,0,,0.0,0.0,0.0,0.0,0.0,2015-06-29,0,0.0,0.0,0.0,0.0,0.0
2015,7,21,2,EV,5924,N12163,MDT,ORD,1022,1008.0,-14.0,6.0,1014.0,115.0,109.0,94.0,594,1048.0,9.0,1117,1057.0,-20.0,0,0,,0.0,0.0,0.0,0.0,0.0,2015-07-21,0,0.0,0.0,0.0,0.0,0.0
2015,7,2,4,EV,4436,N15572,MOB,IAH,630,902.0,152.0,24.0,926.0,91.0,96.0,66.0,427,1032.0,6.0,801,1038.0,157.0,0,0,,5.0,0.0,152.0,0.0,0.0,2015-07-02,1,3.29,0.0,100.0,0.0,0.0
2015,7,4,6,NK,293,N616NK,PDX,LAS,1915,1903.0,-12.0,10.0,1913.0,130.0,128.0,112.0,763,2105.0,6.0,2125,2111.0,-14.0,0,0,,0.0,0.0,0.0,0.0,0.0,2015-07-04,0,0.0,0.0,0.0,0.0,0.0
2015,7,7,2,DL,1159,N330NW,ATL,BUF,1329,1328.0,-1.0,13.0,1341.0,118.0,115.0,99.0,712,1520.0,3.0,1527,1523.0,-4.0,0,0,,0.0,0.0,0.0,0.0,0.0,2015-07-07,0,0.0,0.0,0.0,0.0,0.0
2015,6,24,3,OO,5344,N916SW,FWA,ORD,523,513.0,-10.0,18.0,531.0,62.0,55.0,31.0,157,502.0,6.0,525,508.0,-17.0,0,0,,0.0,0.0,0.0,0.0,0.0,2015-06-24,0,0.0,0.0,0.0,0.0,0.0
2015,6,14,7,AA,2448,N3BPAA,MIA,CLT,1255,1302.0,7.0,16.0,1318.0,128.0,120.0,95.0,650,1453.0,9.0,1503,1502.0,-1.0,0,0,,0.0,0.0,0.0,0.0,0.0,2015-06-14,0,0.0,0.0,0.0,0.0,0.0
2015,6,22,1,UA,1919,N27239,IAH,SAN,2120,2115.0,-5.0,22.0,2137.0,196.0,184.0,158.0,1303,2215.0,4.0,2236,2219.0,-17.0,0,0,,0.0,0.0,0.0,0.0,0.0,2015-06-22,0,0.0,0.0,0.0,0.0,0.0
2015,7,14,2,OO,5186,N745SK,IAH,MEM,1026,1022.0,-4.0,17.0,1039.0,95.0,94.0,71.0,468,1150.0,6.0,1201,1156.0,-5.0,0,0,,0.0,0.0,0.0,0.0,0.0,2015-07-14,0,0.0,0.0,0.0,0.0,0.0
2015,6,16,2,AA,2260,N503AA,DFW,PSP,1705,1740.0,35.0,13.0,1753.0,183.0,161.0,143.0,1126,1816.0,5.0,1808,1821.0,13.0,0,0,,0.0,0.0,0.0,0.0,0.0,2015-06-16,1,0.0,0.0,0.0,0.0,0.0
2015,7,17,5,B6,122,N536JB,PBI,BOS,1930,2039.0,69.0,14.0,2053.0,179.0,182.0,161.0,1197,2334.0,7.0,2229,2341.0,72.0,0,0,,3.0,0.0,6.0,63.0,0.0,2015-07-17,1,4.35,0.0,8.7,91.3,0.0
2015,7,17,5,AA,2496,N864AA,DFW,LAX,1540,1537.0,-3.0,14.0,1551.0,205.0,191.0,162.0,1235,1633.0,15.0,1705,1648.0,-17.0,0,0,,0.0,0.0,0.0,0.0,0.0,2015-07-17,0,0.0,0.0,0.0,0.0,0.0
2015,7,11,6,WN,30,N281WN,MDW,OAK,830,824.0,-6.0,16.0,840.0,280.0,274.0,247.0,1844,1047.0,11.0,1110,1058.0,-12.0,0,0,,0.0,0.0,0.0,0.0,0.0,2015-07-11,0,0.0,0.0,0.0,0.0,0.0
2015,7,15,3,DL,16,N830DN,LAX,ATL,920,924.0,4.0,20.0,944.0,275.0,261.0,236.0,1947,1640.0,5.0,1655,1645.0,-10.0,0,0,,0.0,0.0,0.0,0.0,0.0,2015-07-15,0,0.0,0.0,0.0,0.0,0.0
2015,6,18,4,DL,2481,N960DL,ATL,OKC,1025,1023.0,-2.0,14.0,1037.0,129.0,122.0,105.0,761,1122.0,3.0,1134,1125.0,-9.0,0,0,,0.0,0.0,0.0,0.0,0.0,2015-06-18,0,0.0,0.0,0.0,0.0,0.0
2015,6,18,4,UA,1425,N66837,DEN,EWR,2340,23.0,43.0,10.0,33.0,215.0,195.0,178.0,1605,531.0,7.0,515,538.0,23.0,0,0,,0.0,0.0,23.0,0.0,0.0,2015-06-18,1,0.0,0.0,53.49,0.0,0.0
2015,7,22,3,HA,332,N488HA,HNL,ITO,647,642.0,-5.0,8.0,650.0,53.0,51.0,38.0,216,728.0,5.0,740,733.0,-7.0,0,0,,0.0,0.0,0.0,0.0,0.0,2015-07-22,0,0.0,0.0,0.0,0.0,0.0
2015,7,17,5,EV,4948,N709EV,LGA,CLE,1559,1551.0,-8.0,39.0,1630.0,122.0,127.0,72.0,419,1742.0,16.0,1801,1758.0,-3.0,0,0,,0.0,0.0,0.0,0.0,0.0,2015-07-17,0,0.0,0.0,0.0,0.0,0.0
2015,7,14,2,WN,1985,N523SW,ELP,DAL,905,1001.0,56.0,7.0,1008.0,100.0,95.0,83.0,562,1231.0,5.0,1145,1236.0,51.0,0,0,,0.0,0.0,0.0,51.0,0.0,2015-07-14,1,0.0,0.0,0.0,91.07,0.0
2015,6,27,6,MQ,3600,N630MQ,TUL,DFW,935,935.0,0.0,15.0,950.0,72.0,74.0,45.0,237,1035.0,14.0,1047,1049.0,2.0,0,0,,0.0,0.0,0.0,0.0,0.0,2015-06-27,0,0.0,0.0,0.0,0.0,0.0
2015,6,24,3,DL,2389,N633DL,PDX,SLC,1826,2214.0,228.0,13.0,2227.0,104.0,98.0,79.0,630,46.0,6.0,2110,52.0,222.0,0,0,,0.0,0.0,0.0,222.0,0.0,2015-06-24,1,0.0,0.0,0.0,97.37,0.0
2015,6,29,1,EV,4702,N14180,ORD,CLT,1735,1817.0,42.0,27.0,1844.0,121.0,127.0,90.0,599,2114.0,10.0,2036,2124.0,48.0,0,0,,6.0,0.0,5.0,37.0,0.0,2015-06-29,1,14.29,0.0,11.9,88.1,0.0
2015,7,8,3,F9,915,N902FR,TTN,ORD,700,648.0,-12.0,11.0,659.0,130.0,127.0,109.0,693,748.0,7.0,810,755.0,-15.0,0,0,,0.0,0.0,0.0,0.0,0.0,2015-07-08,0,0.0,0.0,0.0,0.0,0.0
2015,7,7,2,EV,4374,N13988,EWR,ROC,828,822.0,-6.0,36.0,858.0,85.0,90.0,48.0,246,946.0,6.0,953,952.0,-1.0,0,0,,0.0,0.0,0.0,0.0,0.0,2015-07-07,0,0.0,0.0,0.0,0.0,0.0
2015,6,15,1,WN,101,N713SW,SAN,SJC,840,838.0,-2.0,10.0,848.0,75.0,76.0,60.0,417,948.0,6.0,955,954.0,-1.0,0,0,,0.0,0.0,0.0,0.0,0.0,2015-06-15,0,0.0,0.0,0.0,0.0,0.0
2015,7,8,3,MQ,3352,N653MQ,EYW,MIA,1209,1211.0,2.0,12.0,1223.0,42.0,43.0,26.0,125,1249.0,5.0,1251,1254.0,3.0,0,0,,0.0,0.0,0.0,0.0,0.0,2015-07-08,0,0.0,0.0,0.0,0.0,0.0
2015,6,17,3,WN,1806,N8633A,SNA,PHX,820,816.0,-4.0,9.0,825.0,75.0,64.0,48.0,338,913.0,7.0,935,920.0,-15.0,0,0,,0.0,0.0,0.0,0.0,0.0,2015-06-17,0,0.0,0.0,0.0,0.0,0.0
2015,7,22,3,AA,608,N913US,DFW,CLT,845,844.0,-1.0,13.0,857.0,157.0,146.0,124.0,936,1201.0,9.0,1222,1210.0,-12.0,0,0,,0.0,0.0,0.0,0.0,0.0,2015-07-22,0,0.0,0.0,0.0,0.0,0.0
2015,7,8,3,OO,5336,N952SW,SFO,ONT,1714,1808.0,54.0,15.0,1823.0,90.0,80.0,61.0,363,1924.0,4.0,1844,1928.0,44.0,0,0,,0.0,0.0,0.0,44.0,0.0,2015-07-08,1,0.0,0.0,0.0,81.48,0.0
2015,7,19,7,AS,77,N779AS,GST,JNU,1740,2036.0,176.0,4.0,2040.0,24.0,27.0,18.0,41,2058.0,5.0,1804,2103.0,179.0,0,0,,3.0,47.0,0.0,129.0,0.0,2015-07-19,1,1.7,26.7,0.0,73.3,0.0
2015,6,30,2,DL,2159,N918DL,LGA,PBI,1845,1951.0,66.0,31.0,2022.0,183.0,189.0,151.0,1035,2253.0,7.0,2148,2300.0,72.0,0,0,,6.0,0.0,26.0,40.0,0.0,2015-06-30,1,9.09,0.0,39.39,60.61,0.0
2015,6,24,3,NK,779,N612NK,LGA,FLL,1945,2014.0,29.0,40.0,2054.0,180.0,185.0,137.0,1076,2311.0,8.0,2245,2319.0,34.0,0,0,,13.0,0.0,21.0,0.0,0.0,2015-06-24,1,44.83,0.0,72.41,0.0,0.0
2015,7,9,4,WN,4731,N705SW,CLE,MDW,1900,1911.0,11.0,9.0,1920.0,80.0,68.0,55.0,307,1915.0,4.0,1920,1919.0,-1.0,0,0,,0.0,0.0,0.0,0.0,0.0,2015-07-09,0,0.0,0.0,0.0,0.0,0.0
2015,7,12,7,WN,829,N383SW,BWI,ORF,2210,2221.0,11.0,16.0,2237.0,50.0,55.0,32.0,159,2309.0,7.0,2300,2316.0,16.0,0,0,,5.0,0.0,0.0,11.0,0.0,2015-07-12,0,45.45,0.0,0.0,100.0,0.0
2015,7,8,3,WN,2242,N684WN,OAK,SLC,1140,1138.0,-2.0,9.0,1147.0,100.0,105.0,89.0,588,1416.0,7.0,1420,1423.0,3.0,0,0,,0.0,0.0,0.0,0.0,0.0,2015-07-08,0,0.0,0.0,0.0,0.0,0.0
2015,7,10,5,UA,1166,N68823,LAX,EWR,2347,4.0,17.0,17.0,21.0,318.0,309.0,283.0,2454,804.0,9.0,805,813.0,8.0,0,0,,0.0,0.0,0.0,0.0,0.0,2015-07-10,1,0.0,0.0,0.0,0.0,0.0
2015,7,4,6,WN,769,N8614M,LAS,MSY,1045,1043.0,-2.0,10.0,1053.0,210.0,207.0,190.0,1500,1603.0,7.0,1615,1610.0,-5.0,0,0,,0.0,0.0,0.0,0.0,0.0,2015-07-04,0,0.0,0.0,0.0,0.0,0.0
2015,7,16,4,UA,596,N808UA,DEN,LGA,1235,1233.0,-2.0,11.0,1244.0,233.0,210.0,192.0,1620,1756.0,7.0,1828,1803.0,-25.0,0,0,,0.0,0.0,0.0,0.0,0.0,2015-07-16,0,0.0,0.0,0.0,0.0,0.0
2015,6,15,1,DL,2202,N3751B,PHX,LAX,626,737.0,71.0,39.0,816.0,89.0,115.0,59.0,370,915.0,17.0,755,932.0,97.0,0,0,,26.0,0.0,71.0,0.0,0.0,2015-06-15,1,36.62,0.0,100.0,0.0,0.0
2015,7,8,3,B6,264,N793JB,SEA,JFK,2150,2219.0,29.0,19.0,2238.0,309.0,317.0,291.0,2422,629.0,7.0,559,636.0,37.0,0,0,,8.0,0.0,0.0,29.0,0.0,2015-07-08,1,27.59,0.0,0.0,100.0,0.0
2015,6,28,7,NK,254,N503NK,DFW,BOS,835,829.0,-6.0,13.0,842.0,215.0,215.0,191.0,1562,1253.0,11.0,1310,1304.0,-6.0,0,0,,0.0,0.0,0.0,0.0,0.0,2015-06-28,0,0.0,0.0,0.0,0.0,0.0
2015,7,5,7,AA,1752,N206UW,PHL,SJU,1805,1759.0,-6.0,19.0,1818.0,250.0,214.0,192.0,1576,2130.0,3.0,2215,2133.0,-42.0,0,0,,0.0,0.0,0.0,0.0,0.0,2015-07-05,0,0.0,0.0,0.0,0.0,0.0
2015,7,2,4,DL,2260,N908DA,BUF,MSP,705,702.0,-3.0,9.0,711.0,127.0,117.0,104.0,735,755.0,4.0,812,759.0,-13.0,0,0,,0.0,0.0,0.0,0.0,0.0,2015-07-02,0,0.0,0.0,0.0,0.0,0.0
2015,7,22,3,UA,825,N411UA,TPA,IAH,930,924.0,-6.0,12.0,936.0,136.0,121.0,103.0,787,1019.0,6.0,1046,1025.0,-21.0,0,0,,0.0,0.0,0.0,0.0,0.0,2015-07-22,0,0.0,0.0,0.0,0.0,0.0
2015,6,22,1,B6,1234,N524JB,SJU,MCO,2030,2027.0,-3.0,9.0,2036.0,171.0,174.0,154.0,1189,2310.0,11.0,2321,2321.0,0.0,0,0,,0.0,0.0,0.0,0.0,0.0,2015-06-22,0,0.0,0.0,0.0,0.0,0.0
2015,6,26,5,US,639,N584UW,PHX,ONT,1945,1956.0,11.0,10.0,2006.0,70.0,58.0,43.0,325,2049.0,5.0,2055,2054.0,-1.0,0,0,,0.0,0.0,0.0,0.0,0.0,2015-06-26,0,0.0,0.0,0.0,0.0,0.0
2015,7,4,6,DL,1992,N682DA,MSP,MCO,1311,1309.0,-2.0,12.0,1321.0,189.0,187.0,169.0,1310,1710.0,6.0,1720,1716.0,-4.0,0,0,,0.0,0.0,0.0,0.0,0.0,2015-07-04,0,0.0,0.0,0.0,0.0,0.0
2015,6,14,7,WN,2696,N925WN,DEN,BDL,1005,1002.0,-3.0,25.0,1027.0,220.0,221.0,190.0,1671,1537.0,6.0,1545,1543.0,-2.0,0,0,,0.0,0.0,0.0,0.0,0.0,2015-06-14,0,0.0,0.0,0.0,0.0,0.0
2015,7,4,6,MQ,3275,N500MQ,ORD,BNA,1959,1957.0,-2.0,16.0,2013.0,87.0,79.0,59.0,409,2112.0,4.0,2126,2116.0,-10.0,0,0,,0.0,0.0,0.0,0.0,0.0,2015-07-04,0,0.0,0.0,0.0,0.0,0.0
2015,7,11,6,VX,358,N361VA,SFO,BOS,2130,2129.0,-1.0,11.0,2140.0,340.0,308.0,290.0,2704,530.0,7.0,610,537.0,-33.0,0,0,,0.0,0.0,0.0,0.0,0.0,2015-07-11,0,0.0,0.0,0.0,0.0,0.0
2015,7,8,3,WN,3220,N207WN,IND,TPA,1125,1122.0,-3.0,12.0,1134.0,130.0,123.0,107.0,837,1321.0,4.0,1335,1325.0,-10.0,0,0,,0.0,0.0,0.0,0.0,0.0,2015-07-08,0,0.0,0.0,0.0,0.0,0.0
2015,6,18,4,WN,637,N259WN,PHX,STL,1400,1407.0,7.0,7.0,1414.0,170.0,166.0,156.0,1262,1850.0,3.0,1850,1853.0,3.0,0,0,,0.0,0.0,0.0,0.0,0.0,2015-06-18,0,0.0,0.0,0.0,0.0,0.0
2015,7,11,6,B6,603,N637JB,BOS,PHX,1829,1828.0,-1.0,11.0,1839.0,334.0,319.0,304.0,2300,2043.0,4.0,2103,2047.0,-16.0,0,0,,0.0,0.0,0.0,0.0,0.0,2015-07-11,0,0.0,0.0,0.0,0.0,0.0
2015,7,21,2,UA,262,N484UA,ORD,LAX,1232,1226.0,-6.0,46.0,1312.0,262.0,289.0,232.0,1744,1504.0,11.0,1454,1515.0,21.0,0,0,,21.0,0.0,0.0,0.0,0.0,2015-07-21,0,-350.0,-0.0,-0.0,-0.0,-0.0
2015,7,6,1,OO,7373,N446SW,SLC,CPR,1511,1503.0,-8.0,30.0,1533.0,80.0,89.0,50.0,320,1623.0,9.0,1631,1632.0,1.0,0,0,,0.0,0.0,0.0,0.0,0.0,2015-07-06,0,0.0,0.0,0.0,0.0,0.0
2015,6,23,2,F9,916,N902FR,DEN,ORD,600,556.0,-4.0,9.0,605.0,145.0,137.0,114.0,888,859.0,14.0,925,913.0,-12.0,0,0,,0.0,0.0,0.0,0.0,0.0,2015-06-23,0,0.0,0.0,0.0,0.0,0.0
2015,7,14,2,MQ,3047,N694MQ,ORD,FSD,1309,1307.0,-2.0,12.0,1319.0,98.0,89.0,72.0,462,1431.0,5.0,1447,1436.0,-11.0,0,0,,0.0,0.0,0.0,0.0,0.0,2015-07-14,0,0.0,0.0,0.0,0.0,0.0
2015,6,29,1,WN,2957,N8621A,MCI,PDX,1515,1513.0,-2.0,7.0,1520.0,220.0,206.0,195.0,1482,1635.0,4.0,1655,1639.0,-16.0,0,0,,0.0,0.0,0.0,0.0,0.0,2015-06-29,0,0.0,0.0,0.0,0.0,0.0
2015,7,12,7,UA,843,N810UA,BUF,ORD,1411,1607.0,116.0,11.0,1618.0,107.0,94.0,73.0,473,1631.0,10.0,1458,1641.0,103.0,0,0,,0.0,0.0,10.0,93.0,0.0,2015-07-12,1,0.0,0.0,8.62,80.17,0.0
2015,7,21,2,DL,1894,N836DN,SFO,CVG,2255,2304.0,9.0,28.0,2332.0,273.0,256.0,224.0,2036,616.0,4.0,628,620.0,-8.0,0,0,,0.0,0.0,0.0,0.0,0.0,2015-07-21,0,0.0,0.0,0.0,0.0,0.0
2015,7,11,6,B6,1494,N258JB,MCO,HPN,1510,1515.0,5.0,23.0,1538.0,165.0,168.0,142.0,972,1800.0,3.0,1755,1803.0,8.0,0,0,,0.0,0.0,0.0,0.0,0.0,2015-07-11,0,0.0,0.0,0.0,0.0,0.0
2015,7,18,6,EV,4892,N605QX,ECP,ATL,848,840.0,-8.0,14.0,854.0,69.0,61.0,42.0,240,1036.0,5.0,1057,1041.0,-16.0,0,0,,0.0,0.0,0.0,0.0,0.0,2015-07-18,0,0.0,0.0,0.0,0.0,0.0
2015,6,17,3,AA,2398,N4YLAA,DFW,BNA,1015,1400.0,225.0,12.0,1412.0,112.0,101.0,83.0,631,1535.0,6.0,1207,1541.0,214.0,0,0,,0.0,0.0,92.0,122.0,0.0,2015-06-17,1,0.0,0.0,40.89,54.22,0.0
2015,6,24,3,WN,32,N521SW,DAL,SAT,1600,1607.0,7.0,7.0,1614.0,60.0,55.0,44.0,248,1658.0,4.0,1700,1702.0,2.0,0,0,,0.0,0.0,0.0,0.0,0.0,2015-06-24,0,0.0,0.0,0.0,0.0,0.0
2015,7,13,1,AS,646,N618AS,SEA,PHX,1415,1409.0,-6.0,20.0,1429.0,190.0,178.0,152.0,1107,1701.0,6.0,1725,1707.0,-18.0,0,0,,0.0,0.0,0.0,0.0,0.0,2015-07-13,0,0.0,0.0,0.0,0.0,0.0
2015,7,15,3,DL,1913,N963AT,LIT,ATL,1000,958.0,-2.0,11.0,1009.0,93.0,87.0,70.0,453,1219.0,6.0,1233,1225.0,-8.0,0,0,,0.0,0.0,0.0,0.0,0.0,2015-07-15,0,0.0,0.0,0.0,0.0,0.0
2015,7,2,4,OO,5574,N915SW,FAT,SFO,655,646.0,-9.0,10.0,656.0,59.0,44.0,29.0,158,725.0,5.0,754,730.0,-24.0,0,0,,0.0,0.0,0.0,0.0,0.0,2015-07-02,0,0.0,0.0,0.0,0.0,0.0
2015,6,24,3,WN,1193,N720WN,SNA,SJC,835,841.0,6.0,6.0,847.0,70.0,65.0,55.0,342,942.0,4.0,945,946.0,1.0,0,0,,0.0,0.0,0.0,0.0,0.0,2015-06-24,0,0.0,0.0,0.0,0.0,0.0
2015,7,16,4,UA,1655,N39450,ORD,SFO,1136,1133.0,-3.0,14.0,1147.0,279.0,267.0,247.0,1846,1354.0,6.0,1415,1400.0,-15.0,0,0,,0.0,0.0,0.0,0.0,0.0,2015-07-16,0,0.0,0.0,0.0,0.0,0.0
2015,6,23,2,MQ,3404,N679MQ,ORD,SUX,1320,1319.0,-1.0,10.0,1329.0,98.0,86.0,71.0,436,1440.0,5.0,1458,1445.0,-13.0,0,0,,0.0,0.0,0.0,0.0,0.0,2015-06-23,0,0.0,0.0,0.0,0.0,0.0
2015,6,23,2,WN,1249,N276WN,PHX,BUR,1330,1334.0,4.0,11.0,1345.0,80.0,81.0,67.0,369,1452.0,3.0,1450,1455.0,5.0,0,0,,0.0,0.0,0.0,0.0,0.0,2015-06-23,0,0.0,0.0,0.0,0.0,0.0
2015,7,20,1,AA,82,N3MAAA,SFO,ORD,1440,1438.0,-2.0,16.0,1454.0,262.0,246.0,212.0,1846,2026.0,18.0,2102,2044.0,-18.0,0,0,,0.0,0.0,0.0,0.0,0.0,2015-07-20,0,0.0,0.0,0.0,0.0,0.0
2015,6,17,3,AA,87,N3HNAA,ORD,RNO,1720,1720.0,0.0,14.0,1734.0,266.0,247.0,227.0,1671,1921.0,6.0,1946,1927.0,-19.0,0,0,,0.0,0.0,0.0,0.0,0.0,2015-06-17,0,0.0,0.0,0.0,0.0,0.0
2015,6,29,1,AA,34,N791AA,LAX,JFK,800,758.0,-2.0,28.0,826.0,343.0,336.0,299.0,2475,1625.0,9.0,1643,1634.0,-9.0,0,0,,0.0,0.0,0.0,0.0,0.0,2015-06-29,0,0.0,0.0,0.0,0.0,0.0
2015,6,27,6,DL,1753,N317NB,MSP,CLT,1016,1010.0,-6.0,9.0,1019.0,152.0,132.0,117.0,930,1316.0,6.0,1348,1322.0,-26.0,0,0,,0.0,0.0,0.0,0.0,0.0,2015-06-27,0,0.0,0.0,0.0,0.0,0.0
2015,6,15,1,AS,557,N506AS,LAX,PDX,1245,1242.0,-3.0,11.0,1253.0,140.0,127.0,112.0,834,1445.0,4.0,1505,1449.0,-16.0,0,0,,0.0,0.0,0.0,0.0,0.0,2015-06-15,0,0.0,0.0,0.0,0.0,0.0
2015,7,3,5,AA,632,N152UW,PHX,JFK,2140,2136.0,-4.0,9.0,2145.0,290.0,274.0,257.0,2153,502.0,8.0,530,510.0,-20.0,0,0,,0.0,0.0,0.0,0.0,0.0,2015-07-03,0,0.0,0.0,0.0,0.0,0.0
2015,7,12,7,DL,2413,N958DL,MSP,PHL,1503,1501.0,-2.0,13.0,1514.0,149.0,145.0,125.0,980,1819.0,7.0,1832,1826.0,-6.0,0,0,,0.0,0.0,0.0,0.0,0.0,2015-07-12,0,0.0,0.0,0.0,0.0,0.0
2015,7,19,7,WN,550,N936WN,SMF,BUR,1235,1311.0,36.0,9.0,1320.0,70.0,76.0,56.0,358,1416.0,11.0,1345,1427.0,42.0,0,0,,6.0,0.0,3.0,33.0,0.0,2015-07-19,1,16.67,0.0,8.33,91.67,0.0
2015,6,23,2,AS,101,N537AS,SEA,ANC,1525,1528.0,3.0,17.0,1545.0,202.0,214.0,194.0,1448,1759.0,3.0,1747,1802.0,15.0,0,0,,15.0,0.0,0.0,0.0,0.0,2015-06-23,0,500.0,0.0,0.0,0.0,0.0
2015,7,15,3,OO,4467,N800SK,BNA,SLC,730,725.0,-5.0,16.0,741.0,224.0,213.0,189.0,1404,950.0,8.0,1014,958.0,-16.0,0,0,,0.0,0.0,0.0,0.0,0.0,2015-07-15,0,0.0,0.0,0.0,0.0,0.0
2015,7,11,6,AA,1357,N5EUAA,JFK,SJU,830,833.0,3.0,24.0,857.0,254.0,236.0,208.0,1598,1225.0,4.0,1244,1229.0,-15.0,0,0,,0.0,0.0,0.0,0.0,0.0,2015-07-11,0,0.0,0.0,0.0,0.0,0.0
2015,7,1,3,EV,2686,N672AE,TYR,DFW,1825,1825.0,0.0,8.0,1833.0,51.0,78.0,32.0,102,1905.0,38.0,1916,1943.0,27.0,0,0,,27.0,0.0,0.0,0.0,0.0,2015-07-01,0,inf,0.0,0.0,0.0,0.0
2015,7,19,7,WN,745,N7815L,LAS,SEA,1445,1440.0,-5.0,13.0,1453.0,155.0,153.0,124.0,867,1657.0,16.0,1720,1713.0,-7.0,0,0,,0.0,0.0,0.0,0.0,0.0,2015-07-19,0,0.0,0.0,0.0,0.0,0.0
2015,7,6,1,AA,518,N917UY,LAS,PHX,2115,2257.0,102.0,19.0,2316.0,70.0,69.0,44.0,255,2400.0,6.0,2225,6.0,101.0,0,0,,0.0,0.0,0.0,101.0,0.0,2015-07-06,1,0.0,0.0,0.0,99.02,0.0
2015,7,21,2,WN,100,N214WN,DCA,IND,750,746.0,-4.0,7.0,753.0,105.0,88.0,76.0,500,909.0,5.0,935,914.0,-21.0,0,0,,0.0,0.0,0.0,0.0,0.0,2015-07-21,0,0.0,0.0,0.0,0.0,0.0
2015,7,17,5,WN,903,N475WN,LAS,OMA,1955,2020.0,25.0,13.0,2033.0,155.0,144.0,126.0,1099,39.0,5.0,30,44.0,14.0,0,0,,0.0,0.0,0.0,0.0,0.0,2015-07-17,1,0.0,0.0,0.0,0.0,0.0
2015,7,14,2,OO,2948,N906SW,PHX,DRO,854,849.0,-5.0,24.0,913.0,90.0,82.0,54.0,351,1107.0,4.0,1124,1111.0,-13.0,0,0,,0.0,0.0,0.0,0.0,0.0,2015-07-14,0,0.0,0.0,0.0,0.0,0.0
2015,7,6,1,WN,240,N967WN,LGA,DEN,1755,1830.0,35.0,34.0,1904.0,285.0,262.0,222.0,1620,2046.0,6.0,2040,2052.0,12.0,0,0,,0.0,0.0,0.0,0.0,0.0,2015-07-06,1,0.0,0.0,0.0,0.0,0.0
2015,6,24,3,UA,352,N469UA,IAH,TPA,1257,1312.0,15.0,25.0,1337.0,136.0,141.0,112.0,787,1629.0,4.0,1613,1633.0,20.0,0,0,,5.0,0.0,15.0,0.0,0.0,2015-06-24,0,33.33,0.0,100.0,0.0,0.0
2015,6,18,4,NK,770,N509NK,ATL,DTW,1655,1759.0,64.0,29.0,1828.0,120.0,134.0,97.0,594,2005.0,8.0,1855,2013.0,78.0,0,0,,14.0,0.0,10.0,0.0,54.0,2015-06-18,1,21.88,0.0,15.62,0.0,84.38
2015,7,19,7,WN,671,N8631A,MDW,MHT,2155,2152.0,-3.0,11.0,2203.0,120.0,107.0,92.0,838,35.0,4.0,55,39.0,-16.0,0,0,,0.0,0.0,0.0,0.0,0.0,2015-07-19,0,0.0,0.0,0.0,0.0,0.0
2015,7,12,7,F9,735,N919FR,ATL,CVG,810,1723.0,553.0,20.0,1743.0,85.0,93.0,63.0,373,1846.0,10.0,935,1856.0,561.0,0,0,,8.0,0.0,57.0,496.0,0.0,2015-07-12,1,1.45,0.0,10.31,89.69,0.0
2015,7,2,4,WN,851,N738CB,CMH,MDW,1150,1217.0,27.0,9.0,1226.0,65.0,65.0,52.0,283,1218.0,4.0,1155,1222.0,27.0,0,0,,10.0,0.0,0.0,17.0,0.0,2015-07-02,1,37.04,0.0,0.0,62.96,0.0
2015,7,7,2,DL,2671,N891AT,BOS,LGA,900,901.0,1.0,28.0,929.0,79.0,73.0,41.0,184,1010.0,4.0,1019,1014.0,-5.0,0,0,,0.0,0.0,0.0,0.0,0.0,2015-07-07,0,0.0,0.0,0.0,0.0,0.0
2015,6,14,7,AA,375,N4WMAA,DEN,DFW,1628,1624.0,-4.0,14.0,1638.0,122.0,119.0,95.0,641,1913.0,10.0,1930,1923.0,-7.0,0,0,,0.0,0.0,0.0,0.0,0.0,2015-06-14,0,0.0,0.0,0.0,0.0,0.0
2015,6,30,2,UA,1581,N16701,IAH,PIT,715,720.0,5.0,23.0,743.0,178.0,175.0,147.0,1117,1110.0,5.0,1113,1115.0,2.0,0,0,,0.0,0.0,0.0,0.0,0.0,2015-06-30,0,0.0,0.0,0.0,0.0,0.0
2015,7,21,2,WN,1889,N601WN,PHX,SAN,810,810.0,0.0,14.0,824.0,75.0,70.0,51.0,304,915.0,5.0,925,920.0,-5.0,0,0,,0.0,0.0,0.0,0.0,0.0,2015-07-21,0,0.0,0.0,0.0,0.0,0.0
2015,7,17,5,AA,1605,N491AA,DFW,ONT,1840,2007.0,87.0,13.0,2020.0,189.0,173.0,154.0,1188,2054.0,6.0,1949,2100.0,71.0,0,0,,0.0,0.0,20.0,51.0,0.0,2015-07-17,1,0.0,0.0,22.99,58.62,0.0
2015,6,18,4,NK,823,N602NK,MYR,DFW,1205,1431.0,146.0,9.0,1440.0,165.0,161.0,139.0,1048,1559.0,13.0,1350,1612.0,142.0,0,0,,0.0,0.0,142.0,0.0,0.0,2015-06-18,1,0.0,0.0,97.26,0.0,0.0
2015,6,22,1,DL,1366,N325NB,MSP,IND,1315,1338.0,23.0,12.0,1350.0,90.0,89.0,73.0,503,1603.0,4.0,1545,1607.0,22.0,0,0,,0.0,0.0,0.0,22.0,0.0,2015-06-22,1,0.0,0.0,0.0,95.65,0.0
2015,6,29,1,AA,1630,N3GBAA,DFW,BWI,1840,1856.0,16.0,19.0,1915.0,192.0,182.0,158.0,1217,2253.0,5.0,2252,2258.0,6.0,0,0,,0.0,0.0,0.0,0.0,0.0,2015-06-29,1,0.0,0.0,0.0,0.0,0.0
2015,7,1,3,UA,1943,N34222,SNA,SFO,1638,1847.0,129.0,10.0,1857.0,91.0,69.0,56.0,372,1953.0,3.0,1809,1956.0,107.0,0,0,,0.0,0.0,0.0,107.0,0.0,2015-07-01,1,0.0,0.0,0.0,82.95,0.0
2015,6,25,4,US,617,N768US,CMH,LAX,1635,1625.0,-10.0,10.0,1635.0,289.0,271.0,254.0,1995,1749.0,7.0,1824,1756.0,-28.0,0,0,,0.0,0.0,0.0,0.0,0.0,2015-06-25,0,0.0,0.0,0.0,0.0,0.0
2015,7,3,5,AS,67,N797AS,KTN,SIT,1720,1737.0,17.0,10.0,1747.0,47.0,49.0,36.0,183,1823.0,3.0,1807,1826.0,19.0,0,0,,4.0,0.0,0.0,15.0,0.0,2015-07-03,1,23.53,0.0,0.0,88.24,0.0
2015,6,20,6,OO,4733,N604SK,SJC,SEA,1925,1923.0,-2.0,21.0,1944.0,124.0,129.0,100.0,697,2124.0,8.0,2129,2132.0,3.0,0,0,,0.0,0.0,0.0,0.0,0.0,2015-06-20,0,0.0,0.0,0.0,0.0,0.0
2015,6,25,4,MQ,3545,N906MQ,LFT,DFW,1619,1613.0,-6.0,10.0,1623.0,91.0,82.0,57.0,351,1720.0,15.0,1750,1735.0,-15.0,0,0,,0.0,0.0,0.0,0.0,0.0,2015-06-25,0,0.0,0.0,0.0,0.0,0.0
2015,6,23,2,DL,412,N154DL,LAX,JFK,1130,1129.0,-1.0,15.0,1144.0,345.0,389.0,346.0,2475,2030.0,28.0,2015,2058.0,43.0,0,0,,43.0,0.0,0.0,0.0,0.0,2015-06-23,0,-4300.0,-0.0,-0.0,-0.0,-0.0
2015,7,6,1,DL,2349,N970AT,ATL,MOB,2314,2317.0,3.0,16.0,2333.0,74.0,65.0,46.0,302,2319.0,3.0,2328,2322.0,-6.0,0,0,,0.0,0.0,0.0,0.0,0.0,2015-07-06,0,0.0,0.0,0.0,0.0,0.0
2015,6,16,2,B6,1077,N646JB,BOS,LAS,828,825.0,-3.0,16.0,841.0,351.0,342.0,319.0,2381,1100.0,7.0,1119,1107.0,-12.0,0,0,,0.0,0.0,0.0,0.0,0.0,2015-06-16,0,0.0,0.0,0.0,0.0,0.0
2015,6,30,2,MQ,3057,N657MQ,ORD,CVG,2136,2132.0,-4.0,11.0,2143.0,72.0,75.0,43.0,265,2326.0,21.0,2348,2347.0,-1.0,0,0,,0.0,0.0,0.0,0.0,0.0,2015-06-30,0,0.0,0.0,0.0,0.0,0.0
2015,7,5,7,OO,6253,N794SK,DEN,ONT,2208,2251.0,43.0,13.0,2304.0,136.0,126.0,108.0,819,2352.0,5.0,2324,2357.0,33.0,0,0,,0.0,0.0,0.0,33.0,0.0,2015-07-05,1,0.0,0.0,0.0,76.74,0.0
2015,6,14,7,EV,6043,N12563,ORD,LAN,1036,1202.0,86.0,13.0,1215.0,61.0,59.0,38.0,179,1353.0,8.0,1237,1401.0,84.0,0,0,,0.0,0.0,84.0,0.0,0.0,2015-06-14,1,0.0,0.0,97.67,0.0,0.0
2015,6,15,1,OO,2750,N821AS,YUM,PHX,1153,1136.0,-17.0,17.0,1153.0,62.0,67.0,38.0,160,1231.0,12.0,1255,1243.0,-12.0,0,0,,0.0,0.0,0.0,0.0,0.0,2015-06-15,0,0.0,0.0,0.0,0.0,0.0
2015,7,20,1,AA,1415,N4XCAA,TUS,DFW,514,509.0,-5.0,10.0,519.0,136.0,130.0,112.0,813,911.0,8.0,930,919.0,-11.0,0,0,,0.0,0.0,0.0,0.0,0.0,2015-07-20,0,0.0,0.0,0.0,0.0,0.0
2015,6,27,6,DL,918,N685DA,MSP,ANC,901,911.0,10.0,23.0,934.0,344.0,353.0,326.0,2519,1200.0,4.0,1145,1204.0,19.0,0,0,,9.0,0.0,10.0,0.0,0.0,2015-06-27,0,90.0,0.0,100.0,0.0,0.0
2015,6,23,2,UA,1110,N76517,LAS,ORD,1409,1422.0,13.0,15.0,1437.0,225.0,242.0,176.0,1514,1933.0,51.0,1954,2024.0,30.0,0,0,,17.0,0.0,0.0,0.0,13.0,2015-06-23,0,130.77,0.0,0.0,0.0,100.0
2015,7,1,3,OO,6253,N738SK,DEN,ONT,1930,1930.0,0.0,15.0,1945.0,142.0,123.0,104.0,819,2029.0,4.0,2052,2033.0,-19.0,0,0,,0.0,0.0,0.0,0.0,0.0,2015-07-01,0,0.0,0.0,0.0,0.0,0.0
2015,7,19,7,WN,665,N916WN,BWI,BOS,625,620.0,-5.0,9.0,629.0,85.0,79.0,61.0,369,730.0,9.0,750,739.0,-11.0,0,0,,0.0,0.0,0.0,0.0,0.0,2015-07-19,0,0.0,0.0,0.0,0.0,0.0
2015,6,20,6,US,647,N667AW,TPA,PHX,735,733.0,-2.0,11.0,744.0,266.0,255.0,231.0,1788,835.0,13.0,901,848.0,-13.0,0,0,,0.0,0.0,0.0,0.0,0.0,2015-06-20,0,0.0,0.0,0.0,0.0,0.0
2015,7,15,3,NK,734,N532NK,DFW,DTW,1945,2020.0,35.0,27.0,2047.0,156.0,170.0,133.0,986,2400.0,10.0,2321,10.0,49.0,0,0,,14.0,0.0,12.0,23.0,0.0,2015-07-15,1,40.0,0.0,34.29,65.71,0.0
2015,7,12,7,UA,1170,N67846,LAX,HNL,1611,1608.0,-3.0,13.0,1621.0,357.0,330.0,312.0,2556,1833.0,5.0,1908,1838.0,-30.0,0,0,,0.0,0.0,0.0,0.0,0.0,2015-07-12,0,0.0,0.0,0.0,0.0,0.0
2015,6,15,1,WN,1113,N390SW,BWI,MCO,725,721.0,-4.0,13.0,734.0,135.0,125.0,106.0,787,920.0,6.0,940,926.0,-14.0,0,0,,0.0,0.0,0.0,0.0,0.0,2015-06-15,0,0.0,0.0,0.0,0.0,0.0
2015,7,4,6,DL,2613,N989AT,EVV,ATL,600,604.0,4.0,11.0,615.0,79.0,79.0,62.0,350,817.0,6.0,819,823.0,4.0,0,0,,0.0,0.0,0.0,0.0,0.0,2015-07-04,0,0.0,0.0,0.0,0.0,0.0
2015,7,1,3,WN,1473,N567WN,BNA,DEN,1935,2002.0,27.0,7.0,2009.0,170.0,157.0,145.0,1014,2134.0,5.0,2125,2139.0,14.0,0,0,,0.0,0.0,0.0,0.0,0.0,2015-07-01,1,0.0,0.0,0.0,0.0,0.0
2015,7,14,2,NK,147,N521NK,ACY,ATL,1045,1041.0,-4.0,9.0,1050.0,121.0,118.0,103.0,679,1233.0,6.0,1246,1239.0,-7.0,0,0,,0.0,0.0,0.0,0.0,0.0,2015-07-14,0,0.0,0.0,0.0,0.0,0.0
2015,6,18,4,AA,2431,N4UBAA,SJC,DFW,1020,1015.0,-5.0,13.0,1028.0,211.0,206.0,180.0,1438,1528.0,13.0,1551,1541.0,-10.0,0,0,,0.0,0.0,0.0,0.0,0.0,2015-06-18,0,0.0,0.0,0.0,0.0,0.0
2015,6,26,5,EV,4976,N740EV,MSP,BNA,959,958.0,-1.0,18.0,1016.0,127.0,127.0,104.0,695,1200.0,5.0,1206,1205.0,-1.0,0,0,,0.0,0.0,0.0,0.0,0.0,2015-06-26,0,0.0,0.0,0.0,0.0,0.0
2015,7,3,5,AA,93,N3GYAA,ORD,LAS,1717,1714.0,-3.0,16.0,1730.0,248.0,213.0,192.0,1514,1842.0,5.0,1925,1847.0,-38.0,0,0,,0.0,0.0,0.0,0.0,0.0,2015-07-03,0,0.0,0.0,0.0,0.0,0.0
2015,7,8,3,DL,1215,N912DL,ILM,ATL,725,729.0,4.0,13.0,742.0,87.0,77.0,58.0,377,840.0,6.0,852,846.0,-6.0,0,0,,0.0,0.0,0.0,0.0,0.0,2015-07-08,0,0.0,0.0,0.0,0.0,0.0
2015,7,8,3,WN,1111,N246LV,LAX,PHX,1155,1255.0,60.0,21.0,1316.0,75.0,84.0,56.0,370,1412.0,7.0,1310,1419.0,69.0,0,0,,9.0,0.0,58.0,2.0,0.0,2015-07-08,1,15.0,0.0,96.67,3.33,0.0
2015,6,28,7,NK,723,N514NK,DTW,FLL,820,820.0,0.0,7.0,827.0,179.0,180.0,167.0,1127,1114.0,6.0,1119,1120.0,1.0,0,0,,0.0,0.0,0.0,0.0,0.0,2015-06-28,0,0.0,0.0,0.0,0.0,0.0
2015,6,21,7,WN,4538,N7725A,SDF,BWI,1450,1535.0,45.0,10.0,1545.0,90.0,81.0,69.0,495,1654.0,2.0,1620,1656.0,36.0,0,0,,0.0,0.0,0.0,36.0,0.0,2015-06-21,1,0.0,0.0,0.0,80.0,0.0
2015,6,30,2,DL,1068,N910DL,RSW,ATL,1209,1202.0,-7.0,16.0,1218.0,110.0,103.0,81.0,515,1339.0,6.0,1359,1345.0,-14.0,0,0,,0.0,0.0,0.0,0.0,0.0,2015-06-30,0,0.0,0.0,0.0,0.0,0.0
2015,6,18,4,UA,1279,N26210,DEN,BZN,1120,1153.0,33.0,12.0,1205.0,102.0,91.0,72.0,524,1317.0,7.0,1302,1324.0,22.0,0,0,,0.0,0.0,9.0,13.0,0.0,2015-06-18,1,0.0,0.0,27.27,39.39,0.0
2015,6,29,1,UA,1553,N73256,ORD,LGA,1505,1755.0,170.0,39.0,1834.0,139.0,144.0,99.0,733,2113.0,6.0,1824,2119.0,175.0,0,0,,5.0,0.0,3.0,167.0,0.0,2015-06-29,1,2.94,0.0,1.76,98.24,0.0
2015,6,23,2,US,660,N663AW,CLT,EWR,1116,1130.0,14.0,29.0,1159.0,104.0,117.0,82.0,529,1321.0,6.0,1300,1327.0,27.0,0,0,,27.0,0.0,0.0,0.0,0.0,2015-06-23,0,192.86,0.0,0.0,0.0,0.0
2015,6,29,1,WN,263,N649SW,LAS,LAX,1605,1612.0,7.0,28.0,1640.0,70.0,77.0,42.0,236,1722.0,7.0,1715,1729.0,14.0,0,0,,0.0,0.0,0.0,0.0,0.0,2015-06-29,0,0.0,0.0,0.0,0.0,0.0
2015,6,14,7,EV,4955,N857AS,ILM,ATL,1250,1245.0,-5.0,12.0,1257.0,90.0,79.0,58.0,377,1355.0,9.0,1420,1404.0,-16.0,0,0,,0.0,0.0,0.0,0.0,0.0,2015-06-14,0,0.0,0.0,0.0,0.0,0.0
2015,6,16,2,AA,1108,N3KAAA,LGA,DFW,1255,1253.0,-2.0,21.0,1314.0,234.0,229.0,182.0,1389,1516.0,26.0,1549,1542.0,-7.0,0,0,,0.0,0.0,0.0,0.0,0.0,2015-06-16,0,0.0,0.0,0.0,0.0,0.0
2015,6,21,7,EV,5028,N195PQ,ATL,LEX,954,1046.0,52.0,17.0,1103.0,72.0,69.0,48.0,304,1151.0,4.0,1106,1155.0,49.0,0,0,,0.0,0.0,49.0,0.0,0.0,2015-06-21,1,0.0,0.0,94.23,0.0,0.0
2015,6,19,5,OO,2825,N930EV,ORD,MKE,1120,1227.0,67.0,36.0,1303.0,46.0,57.0,17.0,67,1320.0,4.0,1206,1324.0,78.0,0,0,,11.0,0.0,0.0,67.0,0.0,2015-06-19,1,16.42,0.0,0.0,100.0,0.0
2015,7,5,7,DL,702,N974DL,LGA,ATL,2100,2127.0,27.0,20.0,2147.0,152.0,129.0,105.0,762,2332.0,4.0,2332,2336.0,4.0,0,0,,0.0,0.0,0.0,0.0,0.0,2015-07-05,1,0.0,0.0,0.0,0.0,0.0
2015,6,28,7,AA,1083,N4WJAA,MSY,DFW,800,752.0,-8.0,9.0,801.0,96.0,88.0,73.0,447,914.0,6.0,936,920.0,-16.0,0,0,,0.0,0.0,0.0,0.0,0.0,2015-06-28,0,0.0,0.0,0.0,0.0,0.0
2015,7,21,2,F9,1271,N210FR,MCO,ORD,1835,1826.0,-9.0,19.0,1845.0,180.0,190.0,142.0,1005,2007.0,29.0,2035,2036.0,1.0,0,0,,0.0,0.0,0.0,0.0,0.0,2015-07-21,0,0.0,0.0,0.0,0.0,0.0
2015,6,24,3,DL,1071,N534US,MKE,MSP,645,636.0,-9.0,14.0,650.0,78.0,67.0,50.0,297,740.0,3.0,803,743.0,-20.0,0,0,,0.0,0.0,0.0,0.0,0.0,2015-06-24,0,0.0,0.0,0.0,0.0,0.0
2015,7,13,1,AA,131,N3CGAA,JFK,ORD,1705,1700.0,-5.0,26.0,1726.0,186.0,160.0,113.0,740,1819.0,21.0,1911,1840.0,-31.0,0,0,,0.0,0.0,0.0,0.0,0.0,2015-07-13,0,0.0,0.0,0.0,0.0,0.0
2015,7,11,6,WN,1317,N280WN,GRR,STL,1250,1242.0,-8.0,9.0,1251.0,80.0,73.0,61.0,382,1252.0,3.0,1310,1255.0,-15.0,0,0,,0.0,0.0,0.0,0.0,0.0,2015-07-11,0,0.0,0.0,0.0,0.0,0.0
2015,6,17,3,OO,2884,N863AS,LAX,TUS,805,759.0,-6.0,16.0,815.0,90.0,88.0,66.0,451,921.0,6.0,935,927.0,-8.0,0,0,,0.0,0.0,0.0,0.0,0.0,2015-06-17,0,0.0,0.0,0.0,0.0,0.0
2015,6,19,5,AA,1577,N3MHAA,CLT,DFW,1305,1301.0,-4.0,17.0,1318.0,165.0,158.0,135.0,936,1433.0,6.0,1450,1439.0,-11.0,0,0,,0.0,0.0,0.0,0.0,0.0,2015-06-19,0,0.0,0.0,0.0,0.0,0.0
2015,6,28,7,WN,4155,N417WN,DCA,MDW,1555,1615.0,20.0,11.0,1626.0,120.0,118.0,90.0,601,1656.0,17.0,1655,1713.0,18.0,0,0,,0.0,0.0,16.0,2.0,0.0,2015-06-28,1,0.0,0.0,80.0,10.0,0.0
2015,7,13,1,OO,4602,N8965E,ATW,DTW,1434,1450.0,16.0,13.0,1503.0,77.0,67.0,47.0,296,1650.0,7.0,1651,1657.0,6.0,0,0,,0.0,0.0,0.0,0.0,0.0,2015-07-13,1,0.0,0.0,0.0,0.0,0.0
2015,7,12,7,NK,968,N623NK,ORD,BWI,2120,2116.0,-4.0,12.0,2128.0,112.0,101.0,83.0,622,2351.0,6.0,12,2357.0,-15.0,0,0,,0.0,0.0,0.0,0.0,0.0,2015-07-12,0,0.0,0.0,0.0,0.0,0.0
2015,7,15,3,WN,28,N736SA,DAL,STL,1435,1530.0,55.0,10.0,1540.0,95.0,93.0,79.0,546,1659.0,4.0,1610,1703.0,53.0,0,0,,0.0,0.0,53.0,0.0,0.0,2015-07-15,1,0.0,0.0,96.36,0.0,0.0
2015,7,19,7,MQ,3041,N659MQ,DFW,LIT,1455,1447.0,-8.0,21.0,1508.0,74.0,85.0,56.0,304,1604.0,8.0,1609,1612.0,3.0,0,0,,0.0,0.0,0.0,0.0,0.0,2015-07-19,0,0.0,0.0,0.0,0.0,0.0
2015,7,7,2,DL,1462,N324NB,PIT,ATL,1755,1809.0,14.0,10.0,1819.0,109.0,91.0,74.0,526,1933.0,7.0,1944,1940.0,-4.0,0,0,,0.0,0.0,0.0,0.0,0.0,2015-07-07,0,0.0,0.0,0.0,0.0,0.0
2015,7,20,1,DL,2841,N399DA,LAX,SEA,1625,1625.0,0.0,18.0,1643.0,157.0,149.0,126.0,954,1849.0,5.0,1902,1854.0,-8.0,0,0,,0.0,0.0,0.0,0.0,0.0,2015-07-20,0,0.0,0.0,0.0,0.0,0.0
2015,7,13,1,WN,1896,N622SW,MCI,IND,1115,1133.0,18.0,12.0,1145.0,80.0,77.0,60.0,451,1345.0,5.0,1335,1350.0,15.0,0,0,,0.0,0.0,7.0,8.0,0.0,2015-07-13,1,0.0,0.0,38.89,44.44,0.0
2015,7,5,7,EV,5555,N854AS,CAE,ATL,830,831.0,1.0,13.0,844.0,67.0,64.0,42.0,192,926.0,9.0,937,935.0,-2.0,0,0,,0.0,0.0,0.0,0.0,0.0,2015-07-05,0,0.0,0.0,0.0,0.0,0.0
2015,6,19,5,OO,6532,N753SK,COS,DEN,1010,1001.0,-9.0,26.0,1027.0,49.0,55.0,20.0,73,1047.0,9.0,1059,1056.0,-3.0,0,0,,0.0,0.0,0.0,0.0,0.0,2015-06-19,0,0.0,0.0,0.0,0.0,0.0
2015,7,10,5,DL,1126,N910DL,CVG,ATL,1620,1657.0,37.0,9.0,1706.0,94.0,85.0,72.0,373,1818.0,4.0,1754,1822.0,28.0,0,0,,0.0,0.0,0.0,28.0,0.0,2015-07-10,1,0.0,0.0,0.0,75.68,0.0
2015,7,6,1,AA,761,N568UW,SEA,CLT,700,657.0,-3.0,23.0,720.0,299.0,307.0,273.0,2279,1453.0,11.0,1459,1504.0,5.0,0,0,,0.0,0.0,0.0,0.0,0.0,2015-07-06,0,0.0,0.0,0.0,0.0,0.0
2015,7,18,6,UA,1541,N76288,IAH,SEA,1755,2006.0,131.0,12.0,2018.0,278.0,251.0,229.0,1874,2207.0,10.0,2033,2217.0,104.0,0,0,,0.0,0.0,17.0,87.0,0.0,2015-07-18,1,0.0,0.0,12.98,66.41,0.0
2015,7,7,2,VX,337,N837VA,FLL,LAX,1845,1859.0,14.0,10.0,1909.0,330.0,307.0,290.0,2343,2059.0,7.0,2115,2106.0,-9.0,0,0,,0.0,0.0,0.0,0.0,0.0,2015-07-07,0,0.0,0.0,0.0,0.0,0.0
2015,6,22,1,DL,866,N917DE,PVD,DTW,555,550.0,-5.0,15.0,605.0,121.0,115.0,93.0,615,738.0,7.0,756,745.0,-11.0,0,0,,0.0,0.0,0.0,0.0,0.0,2015-06-22,0,0.0,0.0,0.0,0.0,0.0
2015,6,18,4,WN,355,N497WN,MDW,DCA,540,535.0,-5.0,11.0,546.0,105.0,88.0,73.0,601,759.0,4.0,825,803.0,-22.0,0,0,,0.0,0.0,0.0,0.0,0.0,2015-06-18,0,0.0,0.0,0.0,0.0,0.0
2015,7,5,7,WN,4429,N429WN,BWI,BOS,1815,1812.0,-3.0,10.0,1822.0,90.0,80.0,61.0,369,1923.0,9.0,1945,1932.0,-13.0,0,0,,0.0,0.0,0.0,0.0,0.0,2015-07-05,0,0.0,0.0,0.0,0.0,0.0
2015,7,4,6,UA,612,N843UA,IAH,SAN,1145,1144.0,-1.0,12.0,1156.0,195.0,179.0,162.0,1303,1238.0,5.0,1300,1243.0,-17.0,0,0,,0.0,0.0,0.0,0.0,0.0,2015-07-04,0,0.0,0.0,0.0,0.0,0.0
2015,6,21,7,DL,2341,N958DL,MSP,OMA,2156,2226.0,30.0,10.0,2236.0,69.0,58.0,45.0,282,2321.0,3.0,2305,2324.0,19.0,0,0,,0.0,0.0,0.0,19.0,0.0,2015-06-21,1,0.0,0.0,0.0,63.33,0.0
2015,6,17,3,UA,1926,N39415,LAX,IAD,745,827.0,42.0,12.0,839.0,308.0,326.0,311.0,2288,1650.0,3.0,1553,1653.0,60.0,0,0,,18.0,0.0,42.0,0.0,0.0,2015-06-17,1,42.86,0.0,100.0,0.0,0.0
2015,6,21,7,DL,31,N900DE,ATL,MEM,2205,2336.0,91.0,16.0,2352.0,80.0,69.0,48.0,332,2340.0,5.0,2225,2345.0,80.0,0,0,,0.0,0.0,80.0,0.0,0.0,2015-06-21,1,0.0,0.0,87.91,0.0,0.0
2015,6,30,2,WN,802,N8600F,DEN,AUS,1625,1626.0,1.0,10.0,1636.0,125.0,118.0,102.0,775,1918.0,6.0,1930,1924.0,-6.0,0,0,,0.0,0.0,0.0,0.0,0.0,2015-06-30,0,0.0,0.0,0.0,0.0,0.0
2015,7,15,3,OO,4607,N601XJ,SLC,COS,1400,1355.0,-5.0,21.0,1416.0,102.0,196.0,73.0,411,1529.0,102.0,1542,1711.0,89.0,0,0,,89.0,0.0,0.0,0.0,0.0,2015-07-15,0,-1780.0,-0.0,-0.0,-0.0,-0.0
2015,6,23,2,OO,6381,N727SK,VPS,IAH,1117,1117.0,0.0,20.0,1137.0,110.0,112.0,81.0,528,1258.0,11.0,1307,1309.0,2.0,0,0,,0.0,0.0,0.0,0.0,0.0,2015-06-23,0,0.0,0.0,0.0,0.0,0.0
2015,7,17,5,NK,185,N617NK,CLE,LAX,1718,1707.0,-11.0,9.0,1716.0,302.0,298.0,282.0,2052,1858.0,7.0,1920,1905.0,-15.0,0,0,,0.0,0.0,0.0,0.0,0.0,2015-07-17,0,0.0,0.0,0.0,0.0,0.0
2015,7,17,5,DL,2676,N983AT,LGA,BOS,1459,1453.0,-6.0,22.0,1515.0,86.0,65.0,33.0,184,1548.0,10.0,1625,1558.0,-27.0,0,0,,0.0,0.0,0.0,0.0,0.0,2015-07-17,0,0.0,0.0,0.0,0.0,0.0
2015,6,19,5,EV,5924,N16149,MDT,ORD,1027,1017.0,-10.0,10.0,1027.0,118.0,121.0,106.0,594,1113.0,5.0,1125,1118.0,-7.0,0,0,,0.0,0.0,0.0,0.0,0.0,2015-06-19,0,0.0,0.0,0.0,0.0,0.0
2015,6,14,7,WN,3329,N8654B,PHL,DEN,1840,2047.0,127.0,41.0,2128.0,270.0,261.0,213.0,1558,2301.0,7.0,2110,2308.0,118.0,0,0,,0.0,0.0,0.0,0.0,118.0,2015-06-14,1,0.0,0.0,0.0,0.0,92.91
2015,6,14,7,OO,5166,N724SK,IAH,DFW,1438,1510.0,32.0,15.0,1525.0,74.0,66.0,46.0,224,1611.0,5.0,1552,1616.0,24.0,0,0,,0.0,0.0,0.0,24.0,0.0,2015-06-14,1,0.0,0.0,0.0,75.0,0.0
2015,6,24,3,B6,136,N536JB,PHX,JFK,2323,2320.0,-3.0,17.0,2337.0,291.0,276.0,256.0,2153,653.0,3.0,714,656.0,-18.0,0,0,,0.0,0.0,0.0,0.0,0.0,2015-06-24,0,0.0,0.0,0.0,0.0,0.0
2015,7,5,7,AA,2134,N959UW,DCA,BOS,1830,1929.0,59.0,19.0,1948.0,91.0,91.0,67.0,399,2055.0,5.0,2001,2100.0,59.0,0,0,,0.0,0.0,0.0,59.0,0.0,2015-07-05,1,0.0,0.0,0.0,100.0,0.0
2015,7,6,1,EV,2615,N624AE,TYS,ORD,1145,1211.0,26.0,9.0,1220.0,107.0,111.0,77.0,475,1237.0,25.0,1232,1302.0,30.0,0,0,,4.0,0.0,0.0,26.0,0.0,2015-07-06,1,15.38,0.0,0.0,100.0,0.0
2015,6,15,1,DL,2224,N316NB,MSP,BIL,914,911.0,-3.0,18.0,929.0,129.0,131.0,108.0,748,1017.0,5.0,1023,1022.0,-1.0,0,0,,0.0,0.0,0.0,0.0,0.0,2015-06-15,0,0.0,0.0,0.0,0.0,0.0
2015,7,18,6,UA,522,N441UA,SFO,PDX,2259,2312.0,13.0,20.0,2332.0,106.0,103.0,74.0,550,46.0,9.0,45,55.0,10.0,0,0,,0.0,0.0,0.0,0.0,0.0,2015-07-18,0,0.0,0.0,0.0,0.0,0.0
2015,7,2,4,AS,321,N613AS,SJC,SEA,630,625.0,-5.0,10.0,635.0,115.0,114.0,95.0,697,810.0,9.0,825,819.0,-6.0,0,0,,0.0,0.0,0.0,0.0,0.0,2015-07-02,0,0.0,0.0,0.0,0.0,0.0
2015,6,27,6,AS,55,N762AS,BRW,FAI,1145,1129.0,-16.0,10.0,1139.0,80.0,90.0,76.0,503,1255.0,4.0,1305,1259.0,-6.0,0,0,,0.0,0.0,0.0,0.0,0.0,2015-06-27,0,0.0,0.0,0.0,0.0,0.0
2015,7,14,2,DL,2028,N523US,DTW,MCO,1221,1222.0,1.0,15.0,1237.0,158.0,152.0,129.0,957,1446.0,8.0,1459,1454.0,-5.0,0,0,,0.0,0.0,0.0,0.0,0.0,2015-07-14,0,0.0,0.0,0.0,0.0,0.0
2015,7,2,4,UA,464,N830UA,PDX,DEN,1112,1103.0,-9.0,11.0,1114.0,157.0,145.0,126.0,991,1420.0,8.0,1449,1428.0,-21.0,0,0,,0.0,0.0,0.0,0.0,0.0,2015-07-02,0,0.0,0.0,0.0,0.0,0.0
2015,7,8,3,DL,824,N371NW,PHX,DTW,605,557.0,-8.0,15.0,612.0,237.0,224.0,201.0,1671,1233.0,8.0,1302,1241.0,-21.0,0,0,,0.0,0.0,0.0,0.0,0.0,2015-07-08,0,0.0,0.0,0.0,0.0,0.0
2015,7,10,5,EV,2620,N675AE,LAW,DFW,504,500.0,-4.0,7.0,507.0,53.0,41.0,30.0,140,537.0,4.0,557,541.0,-16.0,0,0,,0.0,0.0,0.0,0.0,0.0,2015-07-10,0,0.0,0.0,0.0,0.0,0.0
2015,6,23,2,B6,883,N789JB,JFK,MCO,2000,2051.0,51.0,49.0,2140.0,179.0,180.0,128.0,944,2348.0,3.0,2259,2351.0,52.0,0,0,,1.0,0.0,51.0,0.0,0.0,2015-06-23,1,1.96,0.0,100.0,0.0,0.0
2015,7,10,5,WN,1084,N8661A,IND,DEN,620,622.0,2.0,8.0,630.0,170.0,146.0,133.0,977,643.0,5.0,710,648.0,-22.0,0,0,,0.0,0.0,0.0,0.0,0.0,2015-07-10,0,0.0,0.0,0.0,0.0,0.0
2015,6,23,2,DL,1448,N3765,ATL,DTW,1905,1911.0,6.0,13.0,1924.0,119.0,107.0,87.0,594,2051.0,7.0,2104,2058.0,-6.0,0,0,,0.0,0.0,0.0,0.0,0.0,2015-06-23,0,0.0,0.0,0.0,0.0,0.0
2015,7,7,2,NK,107,N526NK,DFW,SAN,855,850.0,-5.0,20.0,910.0,173.0,191.0,163.0,1171,953.0,8.0,948,1001.0,13.0,0,0,,0.0,0.0,0.0,0.0,0.0,2015-07-07,0,0.0,0.0,0.0,0.0,0.0
2015,6,29,1,US,856,N104UW,CLT,DCA,1940,2004.0,24.0,10.0,2014.0,78.0,76.0,61.0,331,2115.0,5.0,2058,2120.0,22.0,0,0,,0.0,0.0,0.0,22.0,0.0,2015-06-29,1,0.0,0.0,0.0,91.67,0.0
2015,7,6,1,DL,1113,N956DN,ATL,ORF,726,725.0,-1.0,17.0,742.0,93.0,93.0,72.0,516,854.0,4.0,859,858.0,-1.0,0,0,,0.0,0.0,0.0,0.0,0.0,2015-07-06,0,0.0,0.0,0.0,0.0,0.0
2015,7,15,3,AA,2022,N664AW,PHL,FLL,1540,1604.0,24.0,43.0,1647.0,173.0,184.0,134.0,992,1901.0,7.0,1833,1908.0,35.0,0,0,,11.0,0.0,24.0,0.0,0.0,2015-07-15,1,45.83,0.0,100.0,0.0,0.0
2015,7,9,4,DL,2123,N523US,JAX,ATL,830,826.0,-4.0,13.0,839.0,77.0,65.0,41.0,270,920.0,11.0,947,931.0,-16.0,0,0,,0.0,0.0,0.0,0.0,0.0,2015-07-09,0,0.0,0.0,0.0,0.0,0.0
2015,7,7,2,UA,1965,N73406,IAD,RDU,1809,1803.0,-6.0,13.0,1816.0,70.0,55.0,38.0,224,1854.0,4.0,1919,1858.0,-21.0,0,0,,0.0,0.0,0.0,0.0,0.0,2015-07-07,0,0.0,0.0,0.0,0.0,0.0
2015,7,21,2,UA,1412,N37408,PHX,ORD,1034,1030.0,-4.0,26.0,1056.0,210.0,209.0,168.0,1440,1544.0,15.0,1604,1559.0,-5.0,0,0,,0.0,0.0,0.0,0.0,0.0,2015-07-21,0,0.0,0.0,0.0,0.0,0.0
2015,7,13,1,OO,6297,N133SY,ORD,CLT,1347,1442.0,55.0,17.0,1459.0,117.0,111.0,88.0,599,1727.0,6.0,1644,1733.0,49.0,0,0,,0.0,0.0,2.0,47.0,0.0,2015-07-13,1,0.0,0.0,3.64,85.45,0.0
2015,7,17,5,EV,4982,N582CA,MSP,FSD,1130,1122.0,-8.0,35.0,1157.0,60.0,73.0,34.0,196,1231.0,4.0,1230,1235.0,5.0,0,0,,0.0,0.0,0.0,0.0,0.0,2015-07-17,0,0.0,0.0,0.0,0.0,0.0
2015,6,30,2,WN,545,N488WN,IAD,SAN,700,700.0,0.0,13.0,713.0,310.0,283.0,265.0,2253,838.0,5.0,910,843.0,-27.0,0,0,,0.0,0.0,0.0,0.0,0.0,2015-06-30,0,0.0,0.0,0.0,0.0,0.0
2015,6,20,6,WN,3549,N480WN,CMH,MDW,1805,1800.0,-5.0,11.0,1811.0,65.0,67.0,52.0,283,1803.0,4.0,1810,1807.0,-3.0,0,0,,0.0,0.0,0.0,0.0,0.0,2015-06-20,0,0.0,0.0,0.0,0.0,0.0
2015,6,15,1,EV,5181,N710EV,DTW,CLE,1939,1951.0,12.0,18.0,2009.0,52.0,49.0,25.0,95,2034.0,6.0,2031,2040.0,9.0,0,0,,0.0,0.0,0.0,0.0,0.0,2015-06-15,0,0.0,0.0,0.0,0.0,0.0
2015,6,24,3,OO,5463,N702BR,SFO,SMF,1423,1420.0,-3.0,19.0,1439.0,55.0,43.0,20.0,86,1459.0,4.0,1518,1503.0,-15.0,0,0,,0.0,0.0,0.0,0.0,0.0,2015-06-24,0,0.0,0.0,0.0,0.0,0.0
2015,7,5,7,DL,1383,N317NB,PIT,ATL,1900,1902.0,2.0,9.0,1911.0,111.0,95.0,77.0,526,2028.0,9.0,2051,2037.0,-14.0,0,0,,0.0,0.0,0.0,0.0,0.0,2015-07-05,0,0.0,0.0,0.0,0.0,0.0
2015,7,14,2,AA,2483,N4YRAA,DFW,IAH,2155,2151.0,-4.0,10.0,2201.0,72.0,55.0,37.0,224,2238.0,8.0,2307,2246.0,-21.0,0,0,,0.0,0.0,0.0,0.0,0.0,2015-07-14,0,0.0,0.0,0.0,0.0,0.0
2015,6,23,2,VX,733,N530VA,DCA,DAL,1150,1158.0,8.0,9.0,1207.0,185.0,175.0,161.0,1184,1348.0,5.0,1355,1353.0,-2.0,0,0,,0.0,0.0,0.0,0.0,0.0,2015-06-23,0,0.0,0.0,0.0,0.0,0.0
2015,6,15,1,DL,2200,N920DN,MSP,MSN,1320,1314.0,-6.0,31.0,1345.0,59.0,74.0,38.0,228,1423.0,5.0,1419,1428.0,9.0,0,0,,0.0,0.0,0.0,0.0,0.0,2015-06-15,0,0.0,0.0,0.0,0.0,0.0
2015,7,20,1,B6,1373,N599JB,JFK,CHS,1346,1350.0,4.0,24.0,1414.0,132.0,116.0,88.0,636,1542.0,4.0,1558,1546.0,-12.0,0,0,,0.0,0.0,0.0,0.0,0.0,2015-07-20,0,0.0,0.0,0.0,0.0,0.0
2015,6,22,1,EV,4719,N15973,CAK,ORD,625,618.0,-7.0,12.0,630.0,83.0,86.0,63.0,343,633.0,11.0,648,644.0,-4.0,0,0,,0.0,0.0,0.0,0.0,0.0,2015-06-22,0,0.0,0.0,0.0,0.0,0.0
2015,6,23,2,WN,153,N745SW,HOU,LGA,1850,2020.0,90.0,10.0,2030.0,210.0,195.0,181.0,1428,31.0,4.0,2320,35.0,75.0,0,0,,0.0,0.0,41.0,34.0,0.0,2015-06-23,1,0.0,0.0,45.56,37.78,0.0
2015,7,7,2,OO,5240,N708SK,ASE,ORD,752,746.0,-6.0,14.0,800.0,157.0,156.0,129.0,1013,1109.0,13.0,1129,1122.0,-7.0,0,0,,0.0,0.0,0.0,0.0,0.0,2015-07-07,0,0.0,0.0,0.0,0.0,0.0
2015,6,28,7,OO,4768,N607SK,SEA,GEG,1110,1121.0,11.0,19.0,1140.0,67.0,59.0,35.0,224,1215.0,5.0,1217,1220.0,3.0,0,0,,0.0,0.0,0.0,0.0,0.0,2015-06-28,0,0.0,0.0,0.0,0.0,0.0
2015,7,19,7,AS,80,N706AS,ANC,SEA,1000,953.0,-7.0,8.0,1001.0,210.0,204.0,188.0,1448,1409.0,8.0,1430,1417.0,-13.0,0,0,,0.0,0.0,0.0,0.0,0.0,2015-07-19,0,0.0,0.0,0.0,0.0,0.0
2015,7,19,7,B6,998,N641JB,ANC,SEA,40,45.0,5.0,14.0,59.0,202.0,195.0,175.0,1448,454.0,6.0,502,500.0,-2.0,0,0,,0.0,0.0,0.0,0.0,0.0,2015-07-19,0,0.0,0.0,0.0,0.0,0.0
2015,7,19,7,AA,492,N575UW,PHL,DFW,2050,2053.0,3.0,18.0,2111.0,215.0,200.0,175.0,1303,2306.0,7.0,2325,2313.0,-12.0,0,0,,0.0,0.0,0.0,0.0,0.0,2015-07-19,0,0.0,0.0,0.0,0.0,0.0
2015,7,1,3,DL,1291,N590NW,SEA,ATL,845,855.0,10.0,22.0,917.0,290.0,269.0,241.0,2182,1618.0,6.0,1635,1624.0,-11.0,0,0,,0.0,0.0,0.0,0.0,0.0,2015-07-01,0,0.0,0.0,0.0,0.0,0.0
2015,7,19,7,VX,769,N527VA,LGA,DAL,1850,1841.0,-9.0,14.0,1855.0,220.0,210.0,188.0,1381,2103.0,8.0,2130,2111.0,-19.0,0,0,,0.0,0.0,0.0,0.0,0.0,2015-07-19,0,0.0,0.0,0.0,0.0,0.0
2015,7,20,1,AA,1171,N3LKAA,SJC,ORD,700,656.0,-4.0,16.0,712.0,252.0,248.0,218.0,1829,1250.0,14.0,1312,1304.0,-8.0,0,0,,0.0,0.0,0.0,0.0,0.0,2015-07-20,0,0.0,0.0,0.0,0.0,0.0
2015,7,18,6,AA,2067,N824AW,CLT,DTW,1800,2228.0,268.0,14.0,2242.0,111.0,95.0,74.0,500,2356.0,7.0,1951,3.0,252.0,0,0,,0.0,0.0,252.0,0.0,0.0,2015-07-18,1,0.0,0.0,94.03,0.0,0.0
2015,7,1,3,B6,454,N556JB,PBI,JFK,1952,1956.0,4.0,18.0,2014.0,176.0,182.0,159.0,1028,2253.0,5.0,2248,2258.0,10.0,0,0,,0.0,0.0,0.0,0.0,0.0,2015-07-01,0,0.0,0.0,0.0,0.0,0.0
2015,6,25,4,US,662,N183UW,CLT,SFO,730,730.0,0.0,10.0,740.0,323.0,304.0,287.0,2296,927.0,7.0,953,934.0,-19.0,0,0,,0.0,0.0,0.0,0.0,0.0,2015-06-25,0,0.0,0.0,0.0,0.0,0.0
2015,7,16,4,OO,6224,N938SW,DEN,CID,1001,953.0,-8.0,14.0,1007.0,119.0,104.0,86.0,692,1233.0,4.0,1300,1237.0,-23.0,0,0,,0.0,0.0,0.0,0.0,0.0,2015-07-16,0,0.0,0.0,0.0,0.0,0.0
2015,6,23,2,WN,313,N912WN,MDW,MCO,1725,1726.0,1.0,11.0,1737.0,155.0,167.0,135.0,990,2052.0,21.0,2100,2113.0,13.0,0,0,,0.0,0.0,0.0,0.0,0.0,2015-06-23,0,0.0,0.0,0.0,0.0,0.0
2015,6,16,2,B6,714,N283JB,DFW,BOS,1807,1911.0,64.0,13.0,1924.0,228.0,202.0,184.0,1562,2328.0,5.0,2255,2333.0,38.0,0,0,,0.0,0.0,2.0,36.0,0.0,2015-06-16,1,0.0,0.0,3.12,56.25,0.0
2015,6,23,2,AA,2466,N3BWAA,LAS,LAX,1825,1823.0,-2.0,14.0,1837.0,77.0,58.0,39.0,236,1916.0,5.0,1942,1921.0,-21.0,0,0,,0.0,0.0,0.0,0.0,0.0,2015-06-23,0,0.0,0.0,0.0,0.0,0.0
2015,7,10,5,AA,599,N830AW,STL,PHX,1430,1422.0,-8.0,11.0,1433.0,192.0,192.0,175.0,1262,1528.0,6.0,1542,1534.0,-8.0,0,0,,0.0,0.0,0.0,0.0,0.0,2015-07-10,0,0.0,0.0,0.0,0.0,0.0
2015,7,5,7,DL,1863,N987AT,ATL,LIT,1050,1042.0,-8.0,15.0,1057.0,95.0,86.0,65.0,453,1102.0,6.0,1125,1108.0,-17.0,0,0,,0.0,0.0,0.0,0.0,0.0,2015-07-05,0,0.0,0.0,0.0,0.0,0.0
2015,7,4,6,UA,73,N59053,SFO,HNL,1605,1605.0,0.0,13.0,1618.0,329.0,302.0,280.0,2398,1758.0,9.0,1834,1807.0,-27.0,0,0,,0.0,0.0,0.0,0.0,0.0,2015-07-04,0,0.0,0.0,0.0,0.0,0.0
2015,7,17,5,WN,653,N7813P,MDW,BUF,1630,1705.0,35.0,13.0,1718.0,85.0,77.0,61.0,468,1919.0,3.0,1855,1922.0,27.0,0,0,,0.0,0.0,2.0,25.0,0.0,2015-07-17,1,0.0,0.0,5.71,71.43,0.0
2015,6,17,3,EV,5295,N844AS,VLD,ATL,1630,1628.0,-2.0,7.0,1635.0,71.0,59.0,45.0,208,1720.0,7.0,1741,1727.0,-14.0,0,0,,0.0,0.0,0.0,0.0,0.0,2015-06-17,0,0.0,0.0,0.0,0.0,0.0
2015,6,30,2,MQ,3283,N681MQ,DFW,MLI,1149,1146.0,-3.0,19.0,1205.0,122.0,126.0,103.0,691,1348.0,4.0,1351,1352.0,1.0,0,0,,0.0,0.0,0.0,0.0,0.0,2015-06-30,0,0.0,0.0,0.0,0.0,0.0
2015,7,2,4,AA,718,N186US,SFO,PHL,825,819.0,-6.0,16.0,835.0,331.0,320.0,292.0,2521,1627.0,12.0,1656,1639.0,-17.0,0,0,,0.0,0.0,0.0,0.0,0.0,2015-07-02,0,0.0,0.0,0.0,0.0,0.0
2015,7,15,3,AA,1535,N4YRAA,MCI,DFW,1919,1927.0,8.0,12.0,1939.0,99.0,89.0,69.0,460,2048.0,8.0,2058,2056.0,-2.0,0,0,,0.0,0.0,0.0,0.0,0.0,2015-07-15,0,0.0,0.0,0.0,0.0,0.0
2015,6,30,2,AA,2412,N590AA,SAT,DFW,842,901.0,19.0,13.0,914.0,76.0,66.0,43.0,247,957.0,10.0,958,1007.0,9.0,0,0,,0.0,0.0,0.0,0.0,0.0,2015-06-30,1,0.0,0.0,0.0,0.0,0.0
2015,7,11,6,EV,5366,N722EV,MDW,DTW,1630,1625.0,-5.0,11.0,1636.0,74.0,61.0,42.0,228,1818.0,8.0,1844,1826.0,-18.0,0,0,,0.0,0.0,0.0,0.0,0.0,2015-07-11,0,0.0,0.0,0.0,0.0,0.0
2015,6,23,2,EV,5941,N19554,ORD,AVP,1400,1354.0,-6.0,13.0,1407.0,113.0,94.0,78.0,632,1625.0,3.0,1653,1628.0,-25.0,0,0,,0.0,0.0,0.0,0.0,0.0,2015-06-23,0,0.0,0.0,0.0,0.0,0.0
2015,6,24,3,US,1702,N536UW,PHL,FLL,1750,1745.0,-5.0,9.0,1754.0,179.0,140.0,128.0,992,2002.0,3.0,2049,2005.0,-44.0,0,0,,0.0,0.0,0.0,0.0,0.0,2015-06-24,0,0.0,0.0,0.0,0.0,0.0
2015,7,15,3,DL,2648,N893AT,ATL,CAE,2305,2344.0,39.0,26.0,10.0,54.0,64.0,34.0,192,44.0,4.0,2359,48.0,49.0,0,0,,10.0,0.0,39.0,0.0,0.0,2015-07-15,1,25.64,0.0,100.0,0.0,0.0
2015,7,7,2,WN,1428,N950WN,OMA,MDW,1310,1309.0,-1.0,8.0,1317.0,85.0,72.0,60.0,423,1417.0,4.0,1435,1421.0,-14.0,0,0,,0.0,0.0,0.0,0.0,0.0,2015-07-07,0,0.0,0.0,0.0,0.0,0.0
2015,6,23,2,WN,166,N369SW,STL,RDU,905,914.0,9.0,9.0,923.0,105.0,105.0,90.0,667,1153.0,6.0,1150,1159.0,9.0,0,0,,0.0,0.0,0.0,0.0,0.0,2015-06-23,0,0.0,0.0,0.0,0.0,0.0
2015,7,2,4,UA,1481,N75428,ORD,LAX,2051,2050.0,-1.0,17.0,2107.0,270.0,275.0,223.0,1744,2250.0,35.0,2321,2325.0,4.0,0,0,,0.0,0.0,0.0,0.0,0.0,2015-07-02,0,0.0,0.0,0.0,0.0,0.0
2015,6,23,2,US,2043,N748UW,PHX,AUS,840,836.0,-4.0,22.0,858.0,144.0,142.0,115.0,872,1253.0,5.0,1304,1258.0,-6.0,0,0,,0.0,0.0,0.0,0.0,0.0,2015-06-23,0,0.0,0.0,0.0,0.0,0.0
2015,7,9,4,EV,4124,N17159,IAH,CLT,1909,1908.0,-1.0,20.0,1928.0,151.0,156.0,122.0,912,2230.0,14.0,2240,2244.0,4.0,0,0,,0.0,0.0,0.0,0.0,0.0,2015-07-09,0,0.0,0.0,0.0,0.0,0.0
2015,7,12,7,DL,1144,N327NB,RDU,DTW,1638,1631.0,-7.0,13.0,1644.0,110.0,98.0,79.0,501,1803.0,6.0,1828,1809.0,-19.0,0,0,,0.0,0.0,0.0,0.0,0.0,2015-07-12,0,0.0,0.0,0.0,0.0,0.0
2015,7,16,4,B6,81,N828JB,JFK,RNO,1951,1952.0,1.0,27.0,2019.0,377.0,350.0,319.0,2411,2238.0,4.0,2308,2242.0,-26.0,0,0,,0.0,0.0,0.0,0.0,0.0,2015-07-16,0,0.0,0.0,0.0,0.0,0.0
2015,7,2,4,OO,4451,N812SK,SLC,MSY,1710,1721.0,11.0,15.0,1736.0,202.0,188.0,169.0,1428,2125.0,4.0,2132,2129.0,-3.0,0,0,,0.0,0.0,0.0,0.0,0.0,2015-07-02,0,0.0,0.0,0.0,0.0,0.0
2015,6,22,1,US,829,N714US,JAX,CLT,700,748.0,48.0,11.0,759.0,83.0,67.0,52.0,328,851.0,4.0,823,855.0,32.0,0,0,,0.0,0.0,32.0,0.0,0.0,2015-06-22,1,0.0,0.0,66.67,0.0,0.0
2015,6,23,2,MQ,3570,N604MQ,SGF,DFW,940,938.0,-2.0,12.0,950.0,88.0,85.0,55.0,364,1045.0,18.0,1108,1103.0,-5.0,0,0,,0.0,0.0,0.0,0.0,0.0,2015-06-23,0,0.0,0.0,0.0,0.0,0.0
2015,7,10,5,UA,326,N845UA,IAH,IND,1925,2245.0,200.0,26.0,2311.0,150.0,137.0,106.0,844,157.0,5.0,2255,202.0,187.0,0,0,,0.0,0.0,6.0,181.0,0.0,2015-07-10,1,0.0,0.0,3.0,90.5,0.0
2015,6,18,4,AA,1255,N4YNAA,TUL,DFW,506,504.0,-2.0,16.0,520.0,73.0,67.0,45.0,237,605.0,6.0,619,611.0,-8.0,0,0,,0.0,0.0,0.0,0.0,0.0,2015-06-18,0,0.0,0.0,0.0,0.0,0.0
2015,7,19,7,AS,851,N594AS,SEA,HNL,935,929.0,-6.0,17.0,946.0,373.0,367.0,332.0,2677,1218.0,18.0,1248,1236.0,-12.0,0,0,,0.0,0.0,0.0,0.0,0.0,2015-07-19,0,0.0,0.0,0.0,0.0,0.0
2015,6,27,6,DL,878,N840DN,SAN,DTW,2245,2240.0,-5.0,15.0,2255.0,257.0,257.0,232.0,1956,547.0,10.0,602,557.0,-5.0,0,0,,0.0,0.0,0.0,0.0,0.0,2015-06-27,0,0.0,0.0,0.0,0.0,0.0
2015,7,18,6,DL,2317,N541US,LAS,DTW,1421,2317.0,536.0,14.0,2331.0,239.0,206.0,185.0,1749,536.0,7.0,2120,543.0,503.0,0,0,,0.0,0.0,503.0,0.0,0.0,2015-07-18,1,0.0,0.0,93.84,0.0,0.0
2015,7,2,4,AA,1992,N741UW,FLL,DCA,1150,1148.0,-2.0,11.0,1159.0,155.0,130.0,115.0,899,1354.0,4.0,1425,1358.0,-27.0,0,0,,0.0,0.0,0.0,0.0,0.0,2015-07-02,0,0.0,0.0,0.0,0.0,0.0
2015,7,16,4,WN,274,N908WN,IAD,MDW,1735,1828.0,53.0,17.0,1845.0,140.0,107.0,85.0,577,1910.0,5.0,1855,1915.0,20.0,0,0,,0.0,0.0,1.0,19.0,0.0,2015-07-16,1,0.0,0.0,1.89,35.85,0.0
2015,6,15,1,UA,758,N505UA,SFO,JFK,700,706.0,6.0,18.0,724.0,346.0,363.0,341.0,2586,1605.0,4.0,1546,1609.0,23.0,0,0,,17.0,0.0,6.0,0.0,0.0,2015-06-15,0,283.33,0.0,100.0,0.0,0.0
2015,6,27,6,WN,1366,N929WN,DEN,SFO,825,821.0,-4.0,10.0,831.0,160.0,139.0,124.0,967,935.0,5.0,1005,940.0,-25.0,0,0,,0.0,0.0,0.0,0.0,0.0,2015-06-27,0,0.0,0.0,0.0,0.0,0.0
2015,7,5,7,AA,895,N576UW,PDX,PHX,855,856.0,1.0,9.0,905.0,153.0,153.0,138.0,1009,1123.0,6.0,1128,1129.0,1.0,0,0,,0.0,0.0,0.0,0.0,0.0,2015-07-05,0,0.0,0.0,0.0,0.0,0.0
2015,6,16,2,AA,1357,N5ENAA,SJU,JFK,1335,1402.0,27.0,12.0,1414.0,253.0,245.0,210.0,1598,1744.0,23.0,1748,1807.0,19.0,0,0,,0.0,0.0,0.0,19.0,0.0,2015-06-16,1,0.0,0.0,0.0,70.37,0.0
2015,6,20,6,MQ,3537,N691MQ,DFW,JLN,1249,1246.0,-3.0,15.0,1301.0,80.0,70.0,52.0,327,1353.0,3.0,1409,1356.0,-13.0,0,0,,0.0,0.0,0.0,0.0,0.0,2015-06-20,0,0.0,0.0,0.0,0.0,0.0
2015,7,12,7,AA,315,N854AA,SAT,DFW,1430,1441.0,11.0,13.0,1454.0,74.0,74.0,47.0,247,1541.0,14.0,1544,1555.0,11.0,0,0,,0.0,0.0,0.0,0.0,0.0,2015-07-12,0,0.0,0.0,0.0,0.0,0.0
2015,6,18,4,WN,1103,N450WN,MSY,FLL,1550,1548.0,-2.0,14.0,1602.0,115.0,112.0,94.0,674,1836.0,4.0,1845,1840.0,-5.0,0,0,,0.0,0.0,0.0,0.0,0.0,2015-06-18,0,0.0,0.0,0.0,0.0,0.0
2015,7,17,5,UA,1975,N37422,SAN,IAD,700,649.0,-11.0,18.0,707.0,306.0,297.0,272.0,2253,1439.0,7.0,1506,1446.0,-20.0,0,0,,0.0,0.0,0.0,0.0,0.0,2015-07-17,0,0.0,0.0,0.0,0.0,0.0
2015,7,22,3,MQ,3410,N942MQ,ORD,TOL,1645,1642.0,-3.0,17.0,1659.0,67.0,53.0,34.0,213,1833.0,2.0,1852,1835.0,-17.0,0,0,,0.0,0.0,0.0,0.0,0.0,2015-07-22,0,0.0,0.0,0.0,0.0,0.0
2015,7,2,4,WN,740,N963WN,BWI,OKC,2035,2114.0,39.0,15.0,2129.0,185.0,183.0,163.0,1180,2312.0,5.0,2240,2317.0,37.0,0,0,,0.0,0.0,9.0,28.0,0.0,2015-07-02,1,0.0,0.0,23.08,71.79,0.0
2015,7,10,5,WN,2404,N8607M,MDW,SEA,815,814.0,-1.0,13.0,827.0,270.0,248.0,224.0,1733,1011.0,11.0,1045,1022.0,-23.0,0,0,,0.0,0.0,0.0,0.0,0.0,2015-07-10,0,0.0,0.0,0.0,0.0,0.0
2015,7,6,1,WN,609,N283WN,MCI,FLL,940,939.0,-1.0,12.0,951.0,185.0,173.0,156.0,1242,1327.0,5.0,1345,1332.0,-13.0,0,0,,0.0,0.0,0.0,0.0,0.0,2015-07-06,0,0.0,0.0,0.0,0.0,0.0
2015,7,14,2,UA,1242,N27239,EWR,SFO,1851,2220.0,209.0,29.0,2249.0,383.0,400.0,364.0,2565,153.0,7.0,2214,200.0,226.0,0,0,,17.0,0.0,31.0,178.0,0.0,2015-07-14,1,8.13,0.0,14.83,85.17,0.0
2015,7,13,1,AA,2211,N3DYAA,DFW,SNA,2030,2030.0,0.0,11.0,2041.0,191.0,169.0,152.0,1205,2113.0,6.0,2141,2119.0,-22.0,0,0,,0.0,0.0,0.0,0.0,0.0,2015-07-13,0,0.0,0.0,0.0,0.0,0.0
2015,6,23,2,EV,5680,N12136,EWR,STL,903,907.0,4.0,47.0,954.0,166.0,183.0,127.0,872,1101.0,9.0,1049,1110.0,21.0,0,0,,17.0,0.0,4.0,0.0,0.0,2015-06-23,0,425.0,0.0,100.0,0.0,0.0
2015,6,25,4,DL,2579,N916DE,DTW,PVD,1401,1401.0,0.0,19.0,1420.0,108.0,100.0,77.0,615,1537.0,4.0,1549,1541.0,-8.0,0,0,,0.0,0.0,0.0,0.0,0.0,2015-06-25,0,0.0,0.0,0.0,0.0,0.0
2015,6,15,1,DL,2365,N319NB,MSP,FCA,1150,1145.0,-5.0,11.0,1156.0,174.0,158.0,143.0,1026,1319.0,4.0,1344,1323.0,-21.0,0,0,,0.0,0.0,0.0,0.0,0.0,2015-06-15,0,0.0,0.0,0.0,0.0,0.0
2015,6,22,1,WN,568,N8605E,MCO,MDW,1600,1558.0,-2.0,7.0,1605.0,165.0,154.0,142.0,990,1727.0,5.0,1745,1732.0,-13.0,0,0,,0.0,0.0,0.0,0.0,0.0,2015-06-22,0,0.0,0.0,0.0,0.0,0.0
2015,7,8,3,AA,97,N3AUAA,DFW,SEA,1545,1550.0,5.0,16.0,1606.0,256.0,242.0,220.0,1660,1746.0,6.0,1801,1752.0,-9.0,0,0,,0.0,0.0,0.0,0.0,0.0,2015-07-08,0,0.0,0.0,0.0,0.0,0.0
2015,7,11,6,AA,685,N651AW,SEA,PHL,35,30.0,-5.0,15.0,45.0,303.0,312.0,293.0,2378,838.0,4.0,838,842.0,4.0,0,0,,0.0,0.0,0.0,0.0,0.0,2015-07-11,0,0.0,0.0,0.0,0.0,0.0
2015,6,24,3,NK,360,N642NK,OAK,LAS,1417,1415.0,-2.0,11.0,1426.0,86.0,89.0,68.0,407,1534.0,10.0,1543,1544.0,1.0,0,0,,0.0,0.0,0.0,0.0,0.0,2015-06-24,0,0.0,0.0,0.0,0.0,0.0
2015,6,16,2,WN,613,N953WN,MCI,MDW,1130,1131.0,1.0,14.0,1145.0,80.0,75.0,55.0,405,1240.0,6.0,1250,1246.0,-4.0,0,0,,0.0,0.0,0.0,0.0,0.0,2015-06-16,0,0.0,0.0,0.0,0.0,0.0
2015,6,18,4,EV,5807,N15574,CMH,EWR,2037,2122.0,45.0,23.0,2145.0,108.0,111.0,76.0,463,2301.0,12.0,2225,2313.0,48.0,0,0,,3.0,0.0,9.0,36.0,0.0,2015-06-18,1,6.67,0.0,20.0,80.0,0.0
2015,6,19,5,WN,987,N463WN,HOU,TPA,1640,1636.0,-4.0,9.0,1645.0,120.0,115.0,101.0,781,1926.0,5.0,1940,1931.0,-9.0,0,0,,0.0,0.0,0.0,0.0,0.0,2015-06-19,0,0.0,0.0,0.0,0.0,0.0
2015,6,23,2,B6,283,N796JB,JFK,MCO,1545,1554.0,9.0,46.0,1640.0,187.0,204.0,134.0,944,1854.0,24.0,1852,1918.0,26.0,0,0,,17.0,0.0,9.0,0.0,0.0,2015-06-23,0,188.89,0.0,100.0,0.0,0.0
2015,7,10,5,AA,1811,N569UW,PHL,TPA,740,749.0,9.0,18.0,807.0,160.0,146.0,125.0,920,1012.0,3.0,1020,1015.0,-5.0,0,0,,0.0,0.0,0.0,0.0,0.0,2015-07-10,0,0.0,0.0,0.0,0.0,0.0
2015,6,16,2,US,2058,N128UW,PHL,BOS,2015,2010.0,-5.0,19.0,2029.0,76.0,90.0,67.0,280,2136.0,4.0,2131,2140.0,9.0,0,0,,0.0,0.0,0.0,0.0,0.0,2015-06-16,0,0.0,0.0,0.0,0.0,0.0
2015,7,3,5,AA,825,N122US,PHL,MIA,1735,1747.0,12.0,23.0,1810.0,171.0,164.0,135.0,1013,2025.0,6.0,2026,2031.0,5.0,0,0,,0.0,0.0,0.0,0.0,0.0,2015-07-03,0,0.0,0.0,0.0,0.0,0.0
2015,6,28,7,UA,1747,N57111,EWR,LAX,1700,1720.0,20.0,19.0,1739.0,363.0,342.0,312.0,2454,1951.0,11.0,2003,2002.0,-1.0,0,0,,0.0,0.0,0.0,0.0,0.0,2015-06-28,1,0.0,0.0,0.0,0.0,0.0
2015,7,15,3,WN,1778,N792SW,SJC,LAS,2210,2210.0,0.0,8.0,2218.0,85.0,70.0,58.0,386,2316.0,4.0,2335,2320.0,-15.0,0,0,,0.0,0.0,0.0,0.0,0.0,2015-07-15,0,0.0,0.0,0.0,0.0,0.0
2015,7,9,4,AA,1164,N3CVAA,DFW,LGA,1710,1709.0,-1.0,22.0,1731.0,218.0,263.0,230.0,1389,2221.0,11.0,2148,2232.0,44.0,0,0,,44.0,0.0,0.0,0.0,0.0,2015-07-09,0,-4400.0,-0.0,-0.0,-0.0,-0.0
2015,7,17,5,VX,871,N623VA,DAL,LAX,750,758.0,8.0,16.0,814.0,180.0,191.0,165.0,1246,859.0,10.0,850,909.0,19.0,0,0,,19.0,0.0,0.0,0.0,0.0,2015-07-17,0,237.5,0.0,0.0,0.0,0.0
2015,6,15,1,B6,56,N281JB,IAD,BOS,915,911.0,-4.0,14.0,925.0,88.0,81.0,60.0,413,1025.0,7.0,1043,1032.0,-11.0,0,0,,0.0,0.0,0.0,0.0,0.0,2015-06-15,0,0.0,0.0,0.0,0.0,0.0
2015,7,21,2,DL,1813,N949AT,ATL,HOU,1505,1506.0,1.0,20.0,1526.0,134.0,122.0,98.0,696,1604.0,4.0,1619,1608.0,-11.0,0,0,,0.0,0.0,0.0,0.0,0.0,2015-07-21,0,0.0,0.0,0.0,0.0,0.0
2015,7,22,3,AA,644,N839AW,PHX,ONT,1655,1653.0,-2.0,11.0,1704.0,69.0,65.0,50.0,325,1754.0,4.0,1804,1758.0,-6.0,0,0,,0.0,0.0,0.0,0.0,0.0,2015-07-22,0,0.0,0.0,0.0,0.0,0.0
2015,6,30,2,OO,4785,N608SK,SJC,SEA,1243,1505.0,142.0,13.0,1518.0,130.0,109.0,88.0,697,1646.0,8.0,1453,1654.0,121.0,0,0,,0.0,0.0,0.0,121.0,0.0,2015-06-30,1,0.0,0.0,0.0,85.21,0.0
2015,6,22,1,HA,383,N488HA,ITO,HNL,1113,1104.0,-9.0,9.0,1113.0,53.0,58.0,36.0,216,1149.0,13.0,1206,1202.0,-4.0,0,0,,0.0,0.0,0.0,0.0,0.0,2015-06-22,0,0.0,0.0,0.0,0.0,0.0
2015,7,8,3,EV,4302,N10575,LGA,CLE,1311,1512.0,121.0,75.0,1627.0,109.0,149.0,68.0,419,1735.0,6.0,1500,1741.0,161.0,0,0,,40.0,0.0,31.0,90.0,0.0,2015-07-08,1,33.06,0.0,25.62,74.38,0.0
2015,7,5,7,UA,1929,N76519,LAX,LAS,1259,1302.0,3.0,20.0,1322.0,77.0,70.0,39.0,236,1401.0,11.0,1416,1412.0,-4.0,0,0,,0.0,0.0,0.0,0.0,0.0,2015-07-05,0,0.0,0.0,0.0,0.0,0.0
2015,7,10,5,EV,4275,N18556,IAH,CRP,1920,1917.0,-3.0,24.0,1941.0,59.0,70.0,39.0,201,2020.0,7.0,2019,2027.0,8.0,0,0,,0.0,0.0,0.0,0.0,0.0,2015-07-10,0,0.0,0.0,0.0,0.0,0.0
2015,7,12,7,WN,4112,N353SW,LAX,SFO,1840,1853.0,13.0,6.0,1859.0,75.0,66.0,55.0,337,1954.0,5.0,1955,1959.0,4.0,0,0,,0.0,0.0,0.0,0.0,0.0,2015-07-12,0,0.0,0.0,0.0,0.0,0.0
2015,7,12,7,AA,1987,N191UW,CLT,ORD,810,909.0,59.0,14.0,923.0,130.0,118.0,100.0,599,1003.0,4.0,920,1007.0,47.0,0,0,,0.0,0.0,3.0,44.0,0.0,2015-07-12,1,0.0,0.0,5.08,74.58,0.0
2015,6,17,3,UA,1270,N38459,ORD,IAD,830,833.0,3.0,49.0,922.0,116.0,141.0,87.0,589,1149.0,5.0,1126,1154.0,28.0,0,0,,28.0,0.0,0.0,0.0,0.0,2015-06-17,0,933.33,0.0,0.0,0.0,0.0
2015,7,20,1,MQ,3189,N542MQ,ORD,ABQ,2010,2041.0,31.0,19.0,2100.0,184.0,175.0,151.0,1118,2231.0,5.0,2214,2236.0,22.0,0,0,,0.0,0.0,22.0,0.0,0.0,2015-07-20,1,0.0,0.0,70.97,0.0,0.0
2015,7,14,2,MQ,3321,N628MQ,DFW,ROW,1520,1515.0,-5.0,10.0,1525.0,92.0,81.0,64.0,435,1529.0,7.0,1552,1536.0,-16.0,0,0,,0.0,0.0,0.0,0.0,0.0,2015-07-14,0,0.0,0.0,0.0,0.0,0.0
2015,7,8,3,DL,434,N624AG,JFK,SFO,900,903.0,3.0,40.0,943.0,390.0,380.0,334.0,2586,1217.0,6.0,1230,1223.0,-7.0,0,0,,0.0,0.0,0.0,0.0,0.0,2015-07-08,0,0.0,0.0,0.0,0.0,0.0
2015,6,19,5,US,2157,N948UW,LGA,DCA,1600,1623.0,23.0,46.0,1709.0,90.0,89.0,41.0,214,1750.0,2.0,1730,1752.0,22.0,0,0,,0.0,0.0,20.0,2.0,0.0,2015-06-19,1,0.0,0.0,86.96,8.7,0.0
2015,7,12,7,B6,717,N339JB,BOS,JFK,1018,1021.0,3.0,13.0,1034.0,75.0,61.0,40.0,187,1114.0,8.0,1133,1122.0,-11.0,0,0,,0.0,0.0,0.0,0.0,0.0,2015-07-12,0,0.0,0.0,0.0,0.0,0.0
2015,6,15,1,WN,766,N413WN,SMF,SAN,640,638.0,-2.0,7.0,645.0,85.0,78.0,68.0,480,753.0,3.0,805,756.0,-9.0,0,0,,0.0,0.0,0.0,0.0,0.0,2015-06-15,0,0.0,0.0,0.0,0.0,0.0
2015,6,14,7,AA,1654,N599AA,FAT,DFW,1234,1232.0,-2.0,15.0,1247.0,196.0,197.0,171.0,1313,1738.0,11.0,1750,1749.0,-1.0,0,0,,0.0,0.0,0.0,0.0,0.0,2015-06-14,0,0.0,0.0,0.0,0.0,0.0
2015,7,3,5,NK,610,N530NK,TPA,FLL,710,704.0,-6.0,11.0,715.0,58.0,57.0,36.0,197,751.0,10.0,808,801.0,-7.0,0,0,,0.0,0.0,0.0,0.0,0.0,2015-07-03,0,0.0,0.0,0.0,0.0,0.0
2015,6,28,7,AA,1168,N7ASAA,ORD,MIA,1015,1013.0,-2.0,33.0,1046.0,185.0,208.0,149.0,1197,1415.0,26.0,1420,1441.0,21.0,0,0,,21.0,0.0,0.0,0.0,0.0,2015-06-28,0,-1050.0,-0.0,-0.0,-0.0,-0.0
2015,6,27,6,WN,2632,N637SW,HOU,ATL,1140,1342.0,122.0,7.0,1349.0,120.0,115.0,101.0,696,1630.0,7.0,1440,1637.0,117.0,0,0,,0.0,0.0,0.0,0.0,117.0,2015-06-27,1,0.0,0.0,0.0,0.0,95.9
2015,7,14,2,AA,2312,N471AA,ORD,DFW,1020,1015.0,-5.0,12.0,1027.0,152.0,133.0,109.0,802,1216.0,12.0,1252,1228.0,-24.0,0,0,,0.0,0.0,0.0,0.0,0.0,2015-07-14,0,0.0,0.0,0.0,0.0,0.0
2015,7,10,5,AA,1961,N118US,MSY,CLT,730,726.0,-4.0,11.0,737.0,117.0,114.0,91.0,651,1008.0,12.0,1027,1020.0,-7.0,0,0,,0.0,0.0,0.0,0.0,0.0,2015-07-10,0,0.0,0.0,0.0,0.0,0.0
2015,7,3,5,DL,2812,N364NW,RNO,SLC,630,625.0,-5.0,13.0,638.0,85.0,83.0,61.0,422,839.0,9.0,855,848.0,-7.0,0,0,,0.0,0.0,0.0,0.0,0.0,2015-07-03,0,0.0,0.0,0.0,0.0,0.0
2015,7,18,6,AA,183,N3BKAA,LAS,LAX,700,654.0,-6.0,14.0,708.0,76.0,66.0,41.0,236,749.0,11.0,816,800.0,-16.0,0,0,,0.0,0.0,0.0,0.0,0.0,2015-07-18,0,0.0,0.0,0.0,0.0,0.0
2015,7,13,1,OO,4988,N742SK,SFO,ACV,2000,1955.0,-5.0,21.0,2016.0,68.0,66.0,40.0,250,2056.0,5.0,2108,2101.0,-7.0,0,0,,0.0,0.0,0.0,0.0,0.0,2015-07-13,0,0.0,0.0,0.0,0.0,0.0
2015,7,2,4,EV,4925,N936EV,ATL,PIA,905,854.0,-11.0,20.0,914.0,105.0,117.0,93.0,565,947.0,4.0,950,951.0,1.0,0,0,,0.0,0.0,0.0,0.0,0.0,2015-07-02,0,0.0,0.0,0.0,0.0,0.0
2015,6,29,1,MQ,3654,N619MQ,MIA,PNS,920,918.0,-2.0,12.0,930.0,108.0,107.0,91.0,530,1001.0,4.0,1008,1005.0,-3.0,0,0,,0.0,0.0,0.0,0.0,0.0,2015-06-29,0,0.0,0.0,0.0,0.0,0.0
2015,7,18,6,AA,572,N749US,PHX,BOI,1655,1655.0,0.0,17.0,1712.0,122.0,121.0,102.0,735,1954.0,2.0,1957,1956.0,-1.0,0,0,,0.0,0.0,0.0,0.0,0.0,2015-07-18,0,0.0,0.0,0.0,0.0,0.0
2015,7,18,6,AS,15,N413AS,BOS,SEA,1855,1929.0,34.0,17.0,1946.0,385.0,354.0,329.0,2496,2215.0,8.0,2220,2223.0,3.0,0,0,,0.0,0.0,0.0,0.0,0.0,2015-07-18,1,0.0,0.0,0.0,0.0,0.0
2015,6,30,2,UA,406,N845UA,BIL,DEN,1315,1313.0,-2.0,12.0,1325.0,89.0,80.0,63.0,455,1428.0,5.0,1444,1433.0,-11.0,0,0,,0.0,0.0,0.0,0.0,0.0,2015-06-30,0,0.0,0.0,0.0,0.0,0.0
2015,7,16,4,WN,4570,N8604K,SJU,MCO,745,742.0,-3.0,16.0,758.0,185.0,182.0,158.0,1189,1036.0,8.0,1050,1044.0,-6.0,0,0,,0.0,0.0,0.0,0.0,0.0,2015-07-16,0,0.0,0.0,0.0,0.0,0.0
2015,6,20,6,AA,2363,N3GFAA,FLL,DFW,710,729.0,19.0,10.0,739.0,187.0,165.0,145.0,1119,904.0,10.0,917,914.0,-3.0,0,0,,0.0,0.0,0.0,0.0,0.0,2015-06-20,1,0.0,0.0,0.0,0.0,0.0
2015,6,18,4,EV,5554,N135EV,ATL,FSD,1909,2025.0,76.0,29.0,2054.0,155.0,155.0,122.0,954,2156.0,4.0,2044,2200.0,76.0,0,0,,0.0,0.0,56.0,20.0,0.0,2015-06-18,1,0.0,0.0,73.68,26.32,0.0
2015,7,9,4,EV,5604,N871AS,ATL,CAE,1516,1513.0,-3.0,24.0,1537.0,65.0,64.0,36.0,192,1613.0,4.0,1621,1617.0,-4.0,0,0,,0.0,0.0,0.0,0.0,0.0,2015-07-09,0,0.0,0.0,0.0,0.0,0.0
2015,7,9,4,DL,1745,N372NW,SMF,MSP,700,658.0,-2.0,9.0,707.0,201.0,197.0,184.0,1517,1211.0,4.0,1221,1215.0,-6.0,0,0,,0.0,0.0,0.0,0.0,0.0,2015-07-09,0,0.0,0.0,0.0,0.0,0.0
2015,7,6,1,UA,1951,N76504,ORD,SEA,907,903.0,-4.0,19.0,922.0,268.0,265.0,236.0,1721,1118.0,10.0,1135,1128.0,-7.0,0,0,,0.0,0.0,0.0,0.0,0.0,2015-07-06,0,0.0,0.0,0.0,0.0,0.0
2015,7,6,1,WN,803,N203WN,MDW,OMA,1855,2222.0,207.0,41.0,2303.0,80.0,111.0,67.0,423,10.0,3.0,2015,13.0,238.0,0,0,,31.0,0.0,0.0,10.0,197.0,2015-07-06,1,14.98,0.0,0.0,4.83,95.17
2015,6,30,2,DL,159,N986DL,BOS,DTW,1230,1225.0,-5.0,13.0,1238.0,124.0,116.0,97.0,632,1415.0,6.0,1434,1421.0,-13.0,0,0,,0.0,0.0,0.0,0.0,0.0,2015-06-30,0,0.0,0.0,0.0,0.0,0.0
2015,6,30,2,WN,2493,N8312C,LAX,MDW,1125,1122.0,-3.0,9.0,1131.0,235.0,231.0,217.0,1750,1708.0,5.0,1720,1713.0,-7.0,0,0,,0.0,0.0,0.0,0.0,0.0,2015-06-30,0,0.0,0.0,0.0,0.0,0.0
2015,7,1,3,WN,706,N960WN,MDW,MEM,2205,2205.0,0.0,25.0,2230.0,95.0,110.0,80.0,480,2350.0,5.0,2340,2355.0,15.0,0,0,,15.0,0.0,0.0,0.0,0.0,2015-07-01,0,inf,0.0,0.0,0.0,0.0
2015,7,15,3,AA,1654,N590AA,DFW,FAT,1025,1027.0,2.0,26.0,1053.0,208.0,202.0,172.0,1313,1145.0,4.0,1153,1149.0,-4.0,0,0,,0.0,0.0,0.0,0.0,0.0,2015-07-15,0,0.0,0.0,0.0,0.0,0.0
2015,7,1,3,DL,2452,N969DL,RIC,ATL,1208,1204.0,-4.0,19.0,1223.0,108.0,97.0,73.0,481,1336.0,5.0,1356,1341.0,-15.0,0,0,,0.0,0.0,0.0,0.0,0.0,2015-07-01,0,0.0,0.0,0.0,0.0,0.0
2015,7,18,6,OO,4575,N609SK,SLC,SMF,829,855.0,26.0,10.0,905.0,105.0,92.0,76.0,532,921.0,6.0,914,927.0,13.0,0,0,,0.0,0.0,0.0,0.0,0.0,2015-07-18,1,0.0,0.0,0.0,0.0,0.0
2015,7,15,3,MQ,3090,N649MQ,CMI,ORD,1818,1808.0,-10.0,21.0,1829.0,68.0,61.0,32.0,135,1901.0,8.0,1926,1909.0,-17.0,0,0,,0.0,0.0,0.0,0.0,0.0,2015-07-15,0,0.0,0.0,0.0,0.0,0.0
2015,7,7,2,NK,245,N637NK,ORD,LAS,1534,1622.0,48.0,42.0,1704.0,227.0,256.0,211.0,1514,1835.0,3.0,1721,1838.0,77.0,0,0,,29.0,0.0,7.0,41.0,0.0,2015-07-07,1,60.42,0.0,14.58,85.42,0.0
2015,7,4,6,UA,1071,N37298,EWR,BQN,2100,2100.0,0.0,21.0,2121.0,234.0,230.0,198.0,1585,39.0,11.0,54,50.0,-4.0,0,0,,0.0,0.0,0.0,0.0,0.0,2015-07-04,0,0.0,0.0,0.0,0.0,0.0
2015,7,5,7,AA,572,N817AW,CLT,AUS,1305,1257.0,-8.0,17.0,1314.0,159.0,171.0,147.0,1032,1441.0,7.0,1444,1448.0,4.0,0,0,,0.0,0.0,0.0,0.0,0.0,2015-07-05,0,0.0,0.0,0.0,0.0,0.0
2015,7,9,4,UA,497,N801UA,EWR,SFO,723,730.0,7.0,20.0,750.0,375.0,368.0,342.0,2565,1032.0,6.0,1038,1038.0,0.0,0,0,,0.0,0.0,0.0,0.0,0.0,2015-07-09,0,0.0,0.0,0.0,0.0,0.0
2015,6,27,6,EV,3926,N14991,IAH,MFE,715,708.0,-7.0,13.0,721.0,74.0,69.0,50.0,316,811.0,6.0,829,817.0,-12.0,0,0,,0.0,0.0,0.0,0.0,0.0,2015-06-27,0,0.0,0.0,0.0,0.0,0.0
2015,6,30,2,EV,4917,N538CA,IAH,MSP,735,732.0,-3.0,20.0,752.0,170.0,179.0,146.0,1034,1018.0,13.0,1025,1031.0,6.0,0,0,,0.0,0.0,0.0,0.0,0.0,2015-06-30,0,0.0,0.0,0.0,0.0,0.0
2015,6,24,3,DL,1287,N317NB,DTW,BNA,1520,1519.0,-1.0,18.0,1537.0,90.0,89.0,64.0,456,1541.0,7.0,1550,1548.0,-2.0,0,0,,0.0,0.0,0.0,0.0,0.0,2015-06-24,0,0.0,0.0,0.0,0.0,0.0
2015,6,18,4,US,1714,N924US,PHL,ORD,2035,17.0,222.0,14.0,31.0,141.0,127.0,108.0,678,119.0,5.0,2156,124.0,208.0,0,0,,0.0,0.0,140.0,68.0,0.0,2015-06-18,1,0.0,0.0,63.06,30.63,0.0
2015,6,30,2,US,2130,N832AW,DCA,BOS,730,725.0,-5.0,16.0,741.0,84.0,87.0,65.0,399,846.0,6.0,854,852.0,-2.0,0,0,,0.0,0.0,0.0,0.0,0.0,2015-06-30,0,0.0,0.0,0.0,0.0,0.0
2015,6,26,5,AA,197,N3LKAA,BOS,ORD,1735,1744.0,9.0,19.0,1803.0,180.0,184.0,147.0,867,1930.0,18.0,1935,1948.0,13.0,0,0,,0.0,0.0,0.0,0.0,0.0,2015-06-26,0,0.0,0.0,0.0,0.0,0.0
2015,6,16,2,AS,63,N579AS,SEA,SIT,1135,1133.0,-2.0,13.0,1146.0,140.0,131.0,114.0,861,1240.0,4.0,1255,1244.0,-11.0,0,0,,0.0,0.0,0.0,0.0,0.0,2015-06-16,0,0.0,0.0,0.0,0.0,0.0
2015,6,22,1,AA,1406,N855AA,MIA,JFK,2130,2302.0,92.0,12.0,2314.0,185.0,175.0,153.0,1089,147.0,10.0,35,157.0,82.0,0,0,,0.0,0.0,82.0,0.0,0.0,2015-06-22,1,0.0,0.0,89.13,0.0,0.0
2015,6,18,4,AA,227,N3JFAA,SNA,ORD,1740,1745.0,5.0,11.0,1756.0,236.0,229.0,212.0,1726,2328.0,6.0,2336,2334.0,-2.0,0,0,,0.0,0.0,0.0,0.0,0.0,2015-06-18,0,0.0,0.0,0.0,0.0,0.0
2015,6,18,4,NK,440,N519NK,CLE,BOS,1840,1937.0,57.0,8.0,1945.0,112.0,91.0,76.0,563,2101.0,7.0,2032,2108.0,36.0,0,0,,36.0,0.0,0.0,0.0,0.0,2015-06-18,1,63.16,0.0,0.0,0.0,0.0
2015,7,13,1,DL,2499,N309US,SLC,MSP,835,829.0,-6.0,15.0,844.0,149.0,140.0,116.0,991,1140.0,9.0,1204,1149.0,-15.0,0,0,,0.0,0.0,0.0,0.0,0.0,2015-07-13,0,0.0,0.0,0.0,0.0,0.0
2015,6,15,1,WN,2263,N270WN,DAL,FLL,2010,2014.0,4.0,10.0,2024.0,165.0,155.0,142.0,1108,2346.0,3.0,2355,2349.0,-6.0,0,0,,0.0,0.0,0.0,0.0,0.0,2015-06-15,0,0.0,0.0,0.0,0.0,0.0
2015,6,17,3,OO,3463,N224AG,ONT,PDX,915,913.0,-2.0,14.0,927.0,133.0,133.0,116.0,838,1123.0,3.0,1128,1126.0,-2.0,0,0,,0.0,0.0,0.0,0.0,0.0,2015-06-17,0,0.0,0.0,0.0,0.0,0.0
2015,7,19,7,WN,3671,N903WN,HOU,LAS,1205,1200.0,-5.0,8.0,1208.0,185.0,171.0,157.0,1235,1245.0,6.0,1310,1251.0,-19.0,0,0,,0.0,0.0,0.0,0.0,0.0,2015-07-19,0,0.0,0.0,0.0,0.0,0.0
2015,7,1,3,EV,5086,N200PQ,ATL,HOU,1250,1248.0,-2.0,20.0,1308.0,122.0,128.0,102.0,696,1350.0,6.0,1352,1356.0,4.0,0,0,,0.0,0.0,0.0,0.0,0.0,2015-07-01,0,0.0,0.0,0.0,0.0,0.0
2015,6,28,7,MQ,3157,N531MQ,DSM,ORD,1346,1353.0,7.0,12.0,1405.0,83.0,74.0,50.0,299,1455.0,12.0,1509,1507.0,-2.0,0,0,,0.0,0.0,0.0,0.0,0.0,2015-06-28,0,0.0,0.0,0.0,0.0,0.0
2015,7,8,3,EV,5142,N740EV,MSP,FAR,926,950.0,24.0,16.0,1006.0,64.0,59.0,40.0,223,1046.0,3.0,1030,1049.0,19.0,0,0,,0.0,0.0,19.0,0.0,0.0,2015-07-08,1,0.0,0.0,79.17,0.0,0.0
2015,6,27,6,UA,833,N845UA,DEN,CLE,1110,1058.0,-12.0,24.0,1122.0,184.0,173.0,145.0,1201,1547.0,4.0,1614,1551.0,-23.0,0,0,,0.0,0.0,0.0,0.0,0.0,2015-06-27,0,0.0,0.0,0.0,0.0,0.0
2015,7,12,7,AA,1477,N3LDAA,RSW,ORD,1340,1334.0,-6.0,12.0,1346.0,188.0,184.0,165.0,1120,1531.0,7.0,1548,1538.0,-10.0,0,0,,0.0,0.0,0.0,0.0,0.0,2015-07-12,0,0.0,0.0,0.0,0.0,0.0
2015,6,24,3,US,495,N185UW,PHX,LAX,1010,1006.0,-4.0,17.0,1023.0,94.0,99.0,59.0,370,1122.0,23.0,1144,1145.0,1.0,0,0,,0.0,0.0,0.0,0.0,0.0,2015-06-24,0,0.0,0.0,0.0,0.0,0.0
2015,6,15,1,OO,6536,N923SW,SLC,DEN,1522,1538.0,16.0,16.0,1554.0,93.0,85.0,62.0,391,1656.0,7.0,1655,1703.0,8.0,0,0,,0.0,0.0,0.0,0.0,0.0,2015-06-15,1,0.0,0.0,0.0,0.0,0.0
2015,6,26,5,DL,852,N323US,LAS,ATL,930,930.0,0.0,66.0,1036.0,249.0,287.0,214.0,1747,1710.0,7.0,1639,1717.0,38.0,0,0,,38.0,0.0,0.0,0.0,0.0,2015-06-26,0,inf,0.0,0.0,0.0,0.0
2015,6,25,4,OO,5655,N132SY,SFO,AUS,1600,1634.0,34.0,25.0,1659.0,230.0,224.0,195.0,1504,2214.0,4.0,2150,2218.0,28.0,0,0,,0.0,0.0,28.0,0.0,0.0,2015-06-25,1,0.0,0.0,82.35,0.0,0.0
2015,6,15,1,WN,840,N277WN,MDW,PHL,1315,1424.0,69.0,23.0,1447.0,120.0,116.0,86.0,668,1713.0,7.0,1615,1720.0,65.0,0,0,,0.0,0.0,52.0,13.0,0.0,2015-06-15,1,0.0,0.0,75.36,18.84,0.0
2015,6,23,2,US,1958,N717UW,PBI,DCA,1200,1204.0,4.0,11.0,1215.0,139.0,142.0,124.0,857,1419.0,7.0,1419,1426.0,7.0,0,0,,0.0,0.0,0.0,0.0,0.0,2015-06-23,0,0.0,0.0,0.0,0.0,0.0
2015,7,9,4,UA,1773,N68836,DEN,EWR,2356,1.0,5.0,14.0,15.0,213.0,211.0,181.0,1605,516.0,16.0,529,532.0,3.0,0,0,,0.0,0.0,0.0,0.0,0.0,2015-07-09,0,0.0,0.0,0.0,0.0,0.0
2015,6,14,7,AA,1651,N3KCAA,PBI,ORD,1655,1707.0,12.0,12.0,1719.0,193.0,196.0,173.0,1144,1912.0,11.0,1908,1923.0,15.0,0,0,,3.0,0.0,12.0,0.0,0.0,2015-06-14,0,25.0,0.0,100.0,0.0,0.0
2015,6,22,1,AA,2263,N493AA,CMH,DFW,1125,1134.0,9.0,11.0,1145.0,160.0,142.0,121.0,926,1246.0,10.0,1305,1256.0,-9.0,0,0,,0.0,0.0,0.0,0.0,0.0,2015-06-22,0,0.0,0.0,0.0,0.0,0.0
2015,6,22,1,OO,4505,N632SK,SEA,BOI,1205,1201.0,-4.0,30.0,1231.0,90.0,102.0,62.0,399,1433.0,10.0,1435,1443.0,8.0,0,0,,0.0,0.0,0.0,0.0,0.0,2015-06-22,0,0.0,0.0,0.0,0.0,0.0
2015,6,23,2,B6,494,N662JB,DEN,BOS,1259,1422.0,83.0,16.0,1438.0,240.0,243.0,223.0,1754,2021.0,4.0,1859,2025.0,86.0,0,0,,59.0,0.0,0.0,27.0,0.0,2015-06-23,1,71.08,0.0,0.0,32.53,0.0
2015,7,22,3,HA,127,N480HA,KOA,HNL,1318,1315.0,-3.0,9.0,1324.0,44.0,45.0,29.0,163,1353.0,7.0,1402,1400.0,-2.0,0,0,,0.0,0.0,0.0,0.0,0.0,2015-07-22,0,0.0,0.0,0.0,0.0,0.0
2015,7,10,5,OO,4585,N809SK,MSN,SLC,1830,1827.0,-3.0,14.0,1841.0,191.0,171.0,152.0,1174,2013.0,5.0,2041,2018.0,-23.0,0,0,,0.0,0.0,0.0,0.0,0.0,2015-07-10,0,0.0,0.0,0.0,0.0,0.0
2015,6,23,2,WN,739,N293WN,BHM,LAS,1105,1113.0,8.0,9.0,1122.0,235.0,219.0,205.0,1618,1247.0,5.0,1300,1252.0,-8.0,0,0,,0.0,0.0,0.0,0.0,0.0,2015-06-23,0,0.0,0.0,0.0,0.0,0.0
2015,7,17,5,WN,332,N484WN,PNS,BNA,1015,1009.0,-6.0,7.0,1016.0,80.0,74.0,62.0,391,1118.0,5.0,1135,1123.0,-12.0,0,0,,0.0,0.0,0.0,0.0,0.0,2015-07-17,0,0.0,0.0,0.0,0.0,0.0
2015,6,23,2,DL,2441,N921DL,ATL,MEM,811,818.0,7.0,23.0,841.0,77.0,78.0,51.0,332,832.0,4.0,828,836.0,8.0,0,0,,0.0,0.0,0.0,0.0,0.0,2015-06-23,0,0.0,0.0,0.0,0.0,0.0
2015,7,19,7,WN,2161,N275WN,MSY,ATL,635,629.0,-6.0,9.0,638.0,85.0,83.0,64.0,425,842.0,10.0,900,852.0,-8.0,0,0,,0.0,0.0,0.0,0.0,0.0,2015-07-19,0,0.0,0.0,0.0,0.0,0.0
2015,7,8,3,AA,142,N5DFAA,HNL,LAX,2230,2219.0,-11.0,27.0,2246.0,330.0,328.0,286.0,2556,632.0,15.0,700,647.0,-13.0,0,0,,0.0,0.0,0.0,0.0,0.0,2015-07-08,0,0.0,0.0,0.0,0.0,0.0
2015,6,27,6,DL,2003,N3743H,JFK,PDX,2005,2022.0,17.0,29.0,2051.0,377.0,378.0,332.0,2454,2323.0,17.0,2322,2340.0,18.0,0,0,,1.0,0.0,0.0,17.0,0.0,2015-06-27,1,5.88,0.0,0.0,100.0,0.0
2015,6,21,7,UA,1587,N36472,PDX,ORD,24,26.0,2.0,10.0,36.0,238.0,212.0,189.0,1739,545.0,13.0,622,558.0,-24.0,0,0,,0.0,0.0,0.0,0.0,0.0,2015-06-21,0,0.0,0.0,0.0,0.0,0.0
2015,6,30,2,DL,2265,N125DL,ATL,SFO,950,949.0,-1.0,23.0,1012.0,310.0,291.0,261.0,2139,1133.0,7.0,1200,1140.0,-20.0,0,0,,0.0,0.0,0.0,0.0,0.0,2015-06-30,0,0.0,0.0,0.0,0.0,0.0
2015,6,26,5,HA,361,N483HA,ITO,HNL,1839,1835.0,-4.0,8.0,1843.0,50.0,49.0,36.0,216,1919.0,5.0,1929,1924.0,-5.0,0,0,,0.0,0.0,0.0,0.0,0.0,2015-06-26,0,0.0,0.0,0.0,0.0,0.0
2015,7,12,7,UA,529,N831UA,EWR,SNA,1303,1302.0,-1.0,13.0,1315.0,354.0,344.0,326.0,2434,1541.0,5.0,1557,1546.0,-11.0,0,0,,0.0,0.0,0.0,0.0,0.0,2015-07-12,0,0.0,0.0,0.0,0.0,0.0
2015,6,26,5,WN,2263,N458WN,DAL,FLL,2010,2316.0,186.0,11.0,2327.0,165.0,156.0,141.0,1108,248.0,4.0,2355,252.0,177.0,0,0,,0.0,0.0,7.0,170.0,0.0,2015-06-26,1,0.0,0.0,3.76,91.4,0.0
2015,7,8,3,MQ,3498,N654MQ,MDT,ORD,1139,1132.0,-7.0,8.0,1140.0,126.0,126.0,102.0,594,1222.0,16.0,1245,1238.0,-7.0,0,0,,0.0,0.0,0.0,0.0,0.0,2015-07-08,0,0.0,0.0,0.0,0.0,0.0
2015,6,22,1,OO,4826,N170PQ,IAH,MSP,1810,2130.0,200.0,24.0,2154.0,168.0,159.0,129.0,1034,3.0,6.0,2058,9.0,191.0,0,0,,0.0,0.0,0.0,191.0,0.0,2015-06-22,1,0.0,0.0,0.0,95.5,0.0
2015,6,15,1,AA,2341,N3AJAA,PDX,ORD,700,658.0,-2.0,14.0,712.0,240.0,251.0,223.0,1739,1255.0,14.0,1300,1309.0,9.0,0,0,,0.0,0.0,0.0,0.0,0.0,2015-06-15,0,0.0,0.0,0.0,0.0,0.0
2015,7,9,4,DL,2425,N920AT,ATL,MSY,1255,1253.0,-2.0,14.0,1307.0,92.0,79.0,62.0,425,1309.0,3.0,1327,1312.0,-15.0,0,0,,0.0,0.0,0.0,0.0,0.0,2015-07-09,0,0.0,0.0,0.0,0.0,0.0
2015,7,18,6,DL,1695,N911DE,ATL,CMH,1431,1432.0,1.0,13.0,1445.0,94.0,87.0,69.0,447,1554.0,5.0,1605,1559.0,-6.0,0,0,,0.0,0.0,0.0,0.0,0.0,2015-07-18,0,0.0,0.0,0.0,0.0,0.0
2015,6,17,3,EV,5599,N137EV,MSN,MSP,930,955.0,25.0,11.0,1006.0,71.0,57.0,43.0,228,1049.0,3.0,1041,1052.0,11.0,0,0,,0.0,0.0,0.0,0.0,0.0,2015-06-17,1,0.0,0.0,0.0,0.0,0.0
2015,7,9,4,AA,1758,N172US,PHL,MCO,1015,1010.0,-5.0,31.0,1041.0,157.0,154.0,113.0,861,1234.0,10.0,1252,1244.0,-8.0,0,0,,0.0,0.0,0.0,0.0,0.0,2015-07-09,0,0.0,0.0,0.0,0.0,0.0
2015,7,1,3,UA,1629,N66803,LAX,ORD,803,759.0,-4.0,17.0,816.0,252.0,238.0,215.0,1744,1351.0,6.0,1415,1357.0,-18.0,0,0,,0.0,0.0,0.0,0.0,0.0,2015-07-01,0,0.0,0.0,0.0,0.0,0.0
2015,7,7,2,MQ,3598,N656MQ,ORD,EVV,1216,1231.0,15.0,11.0,1242.0,80.0,59.0,44.0,272,1326.0,4.0,1336,1330.0,-6.0,0,0,,0.0,0.0,0.0,0.0,0.0,2015-07-07,0,0.0,0.0,0.0,0.0,0.0
2015,6,16,2,WN,556,N8650F,AUS,BWI,600,559.0,-1.0,16.0,615.0,200.0,192.0,164.0,1342,959.0,12.0,1020,1011.0,-9.0,0,0,,0.0,0.0,0.0,0.0,0.0,2015-06-16,0,0.0,0.0,0.0,0.0,0.0
2015,6,28,7,WN,1284,N562WN,BOS,BWI,1400,1502.0,62.0,11.0,1513.0,90.0,81.0,66.0,369,1619.0,4.0,1530,1623.0,53.0,0,0,,0.0,0.0,3.0,50.0,0.0,2015-06-28,1,0.0,0.0,4.84,80.65,0.0
2015,6,18,4,EV,2703,N906EV,GRK,DFW,700,649.0,-11.0,9.0,658.0,54.0,51.0,32.0,134,730.0,10.0,754,740.0,-14.0,0,0,,0.0,0.0,0.0,0.0,0.0,2015-06-18,0,0.0,0.0,0.0,0.0,0.0
2015,6,15,1,WN,112,N368SW,SAN,SFO,810,911.0,61.0,10.0,921.0,85.0,84.0,70.0,447,1031.0,4.0,935,1035.0,60.0,0,0,,60.0,0.0,0.0,0.0,0.0,2015-06-15,1,98.36,0.0,0.0,0.0,0.0
2015,7,21,2,AA,144,N4XDAA,LBB,DFW,800,755.0,-5.0,9.0,804.0,74.0,67.0,46.0,282,850.0,12.0,914,902.0,-12.0,0,0,,0.0,0.0,0.0,0.0,0.0,2015-07-21,0,0.0,0.0,0.0,0.0,0.0
2015,7,1,3,AA,2373,N857AA,LAX,DFW,1805,1805.0,0.0,16.0,1821.0,182.0,197.0,169.0,1235,2310.0,12.0,2307,2322.0,15.0,0,0,,15.0,0.0,0.0,0.0,0.0,2015-07-01,0,inf,0.0,0.0,0.0,0.0
2015,7,8,3,UA,1489,N37437,LAX,EWR,2046,2310.0,144.0,17.0,2327.0,318.0,299.0,272.0,2454,659.0,10.0,504,709.0,125.0,0,0,,0.0,0.0,0.0,125.0,0.0,2015-07-08,1,0.0,0.0,0.0,86.81,0.0
2015,6,26,5,UA,1448,N67827,DEN,EWR,1405,1413.0,8.0,13.0,1426.0,235.0,240.0,193.0,1605,1939.0,34.0,2000,2013.0,13.0,0,0,,0.0,0.0,0.0,0.0,0.0,2015-06-26,0,0.0,0.0,0.0,0.0,0.0
2015,6,30,2,AA,28,N3EFAA,LAX,MIA,1215,1209.0,-6.0,19.0,1228.0,314.0,318.0,287.0,2342,2015.0,12.0,2029,2027.0,-2.0,0,0,,0.0,0.0,0.0,0.0,0.0,2015-06-30,0,0.0,0.0,0.0,0.0,0.0
2015,7,10,5,WN,576,N216WR,FLL,IND,1100,1054.0,-6.0,13.0,1107.0,165.0,146.0,129.0,1005,1316.0,4.0,1345,1320.0,-25.0,0,0,,0.0,0.0,0.0,0.0,0.0,2015-07-10,0,0.0,0.0,0.0,0.0,0.0
2015,6,30,2,NK,567,N525NK,DTW,ATL,1912,2336.0,264.0,15.0,2351.0,115.0,110.0,89.0,594,120.0,6.0,2107,126.0,259.0,0,0,,174.0,0.0,0.0,0.0,85.0,2015-06-30,1,65.91,0.0,0.0,0.0,32.2
2015,7,7,2,DL,2559,N840DN,SFO,ATL,955,954.0,-1.0,14.0,1008.0,293.0,275.0,257.0,2139,1725.0,4.0,1748,1729.0,-19.0,0,0,,0.0,0.0,0.0,0.0,0.0,2015-07-07,0,0.0,0.0,0.0,0.0,0.0
2015,7,5,7,WN,1592,N457WN,LAS,MKE,1250,1252.0,2.0,33.0,1325.0,205.0,220.0,183.0,1524,1828.0,4.0,1815,1832.0,17.0,0,0,,17.0,0.0,0.0,0.0,0.0,2015-07-05,0,850.0,0.0,0.0,0.0,0.0
2015,6,24,3,WN,707,N8608N,DEN,PHX,1300,1255.0,-5.0,14.0,1309.0,110.0,109.0,87.0,602,1336.0,8.0,1350,1344.0,-6.0,0,0,,0.0,0.0,0.0,0.0,0.0,2015-06-24,0,0.0,0.0,0.0,0.0,0.0
2015,6,26,5,AS,169,N764AS,DLG,ANC,1240,1255.0,15.0,5.0,1300.0,70.0,63.0,54.0,329,1354.0,4.0,1350,1358.0,8.0,0,0,,0.0,0.0,0.0,0.0,0.0,2015-06-26,0,0.0,0.0,0.0,0.0,0.0
2015,7,16,4,EV,5563,N611QX,MSP,ORF,1917,1917.0,0.0,21.0,1938.0,164.0,152.0,127.0,1045,2245.0,4.0,2301,2249.0,-12.0,0,0,,0.0,0.0,0.0,0.0,0.0,2015-07-16,0,0.0,0.0,0.0,0.0,0.0
2015,6,19,5,DL,2454,N332NB,SAT,DTW,710,709.0,-1.0,17.0,726.0,187.0,185.0,160.0,1214,1106.0,8.0,1117,1114.0,-3.0,0,0,,0.0,0.0,0.0,0.0,0.0,2015-06-19,0,0.0,0.0,0.0,0.0,0.0
2015,7,10,5,DL,329,N375DA,MCO,JFK,1137,1136.0,-1.0,11.0,1147.0,157.0,137.0,121.0,944,1348.0,5.0,1414,1353.0,-21.0,0,0,,0.0,0.0,0.0,0.0,0.0,2015-07-10,0,0.0,0.0,0.0,0.0,0.0
2015,6,18,4,DL,1238,N352NW,DEN,LGA,1605,1701.0,56.0,16.0,1717.0,234.0,211.0,188.0,1620,2225.0,7.0,2159,2232.0,33.0,0,0,,33.0,0.0,0.0,0.0,0.0,2015-06-18,1,58.93,0.0,0.0,0.0,0.0
2015,6,17,3,WN,1030,N8329B,AUS,PHX,1225,1222.0,-3.0,13.0,1235.0,140.0,136.0,119.0,872,1234.0,4.0,1245,1238.0,-7.0,0,0,,0.0,0.0,0.0,0.0,0.0,2015-06-17,0,0.0,0.0,0.0,0.0,0.0
2015,7,4,6,AA,1213,N481AA,DFW,SAT,819,823.0,4.0,11.0,834.0,62.0,55.0,41.0,247,915.0,3.0,921,918.0,-3.0,0,0,,0.0,0.0,0.0,0.0,0.0,2015-07-04,0,0.0,0.0,0.0,0.0,0.0
2015,7,8,3,AA,685,N663AW,SEA,PHL,35,36.0,1.0,11.0,47.0,303.0,294.0,274.0,2378,821.0,9.0,838,830.0,-8.0,0,0,,0.0,0.0,0.0,0.0,0.0,2015-07-08,0,0.0,0.0,0.0,0.0,0.0
2015,7,14,2,UA,302,N463UA,IAH,DFW,2123,2308.0,105.0,12.0,2320.0,71.0,57.0,41.0,224,1.0,4.0,2234,5.0,91.0,0,0,,0.0,0.0,0.0,91.0,0.0,2015-07-14,1,0.0,0.0,0.0,86.67,0.0
2015,7,11,6,EV,5053,N720EV,RIC,DTW,1245,1241.0,-4.0,9.0,1250.0,109.0,104.0,89.0,456,1419.0,6.0,1434,1425.0,-9.0,0,0,,0.0,0.0,0.0,0.0,0.0,2015-07-11,0,0.0,0.0,0.0,0.0,0.0
2015,7,1,3,EV,5193,N750EV,BOS,DTW,916,1019.0,63.0,29.0,1048.0,134.0,131.0,94.0,632,1222.0,8.0,1130,1230.0,60.0,0,0,,0.0,0.0,0.0,60.0,0.0,2015-07-01,1,0.0,0.0,0.0,95.24,0.0
2015,6,14,7,OO,4619,N8903A,SLC,IDA,1130,1134.0,4.0,21.0,1155.0,61.0,59.0,33.0,188,1228.0,5.0,1231,1233.0,2.0,0,0,,0.0,0.0,0.0,0.0,0.0,2015-06-14,0,0.0,0.0,0.0,0.0,0.0
2015,7,13,1,EV,2647,N673AE,TYR,DFW,1016,1005.0,-11.0,8.0,1013.0,53.0,55.0,26.0,102,1039.0,21.0,1109,1100.0,-9.0,0,0,,0.0,0.0,0.0,0.0,0.0,2015-07-13,0,0.0,0.0,0.0,0.0,0.0
2015,6,27,6,US,2022,N967UW,ATL,PHL,1245,1240.0,-5.0,136.0,1456.0,126.0,242.0,101.0,666,1637.0,5.0,1451,1642.0,111.0,0,0,,111.0,0.0,0.0,0.0,0.0,2015-06-27,0,-2220.0,-0.0,-0.0,-0.0,-0.0
2015,7,16,4,WN,3121,N614SW,BWI,BDL,625,631.0,6.0,14.0,645.0,70.0,66.0,47.0,283,732.0,5.0,735,737.0,2.0,0,0,,0.0,0.0,0.0,0.0,0.0,2015-07-16,0,0.0,0.0,0.0,0.0,0.0
2015,7,10,5,UA,1960,N38473,SFO,LAX,1044,1211.0,87.0,25.0,1236.0,93.0,90.0,54.0,337,1330.0,11.0,1217,1341.0,84.0,0,0,,0.0,0.0,2.0,82.0,0.0,2015-07-10,1,0.0,0.0,2.3,94.25,0.0
2015,6,23,2,AA,1394,N3DTAA,MCO,LAX,710,708.0,-2.0,13.0,721.0,305.0,298.0,276.0,2218,857.0,9.0,915,906.0,-9.0,0,0,,0.0,0.0,0.0,0.0,0.0,2015-06-23,0,0.0,0.0,0.0,0.0,0.0
2015,6,15,1,EV,5588,N981EV,LGA,CAE,1945,2135.0,110.0,25.0,2200.0,143.0,116.0,87.0,617,2327.0,4.0,2208,2331.0,83.0,0,0,,0.0,0.0,0.0,83.0,0.0,2015-06-15,1,0.0,0.0,0.0,75.45,0.0
2015,6,21,7,WN,4966,N496WN,SAT,MDW,1400,1412.0,12.0,13.0,1425.0,160.0,155.0,137.0,1036,1642.0,5.0,1640,1647.0,7.0,0,0,,0.0,0.0,0.0,0.0,0.0,2015-06-21,0,0.0,0.0,0.0,0.0,0.0
2015,6,30,2,UA,1411,N37427,LAX,BWI,859,902.0,3.0,13.0,915.0,309.0,304.0,286.0,2329,1701.0,5.0,1708,1706.0,-2.0,0,0,,0.0,0.0,0.0,0.0,0.0,2015-06-30,0,0.0,0.0,0.0,0.0,0.0
2015,7,8,3,AA,1561,N483AA,AUS,DFW,1152,1407.0,135.0,11.0,1418.0,68.0,61.0,41.0,190,1459.0,9.0,1300,1508.0,128.0,0,0,,0.0,0.0,0.0,0.0,128.0,2015-07-08,1,0.0,0.0,0.0,0.0,94.81
2015,7,22,3,F9,1017,N919FR,PHL,TPA,1525,1510.0,-15.0,19.0,1529.0,160.0,172.0,147.0,920,1756.0,6.0,1805,1802.0,-3.0,0,0,,0.0,0.0,0.0,0.0,0.0,2015-07-22,0,0.0,0.0,0.0,0.0,0.0
2015,6,18,4,WN,2600,N8313F,PHX,MDW,1035,1034.0,-1.0,26.0,1100.0,205.0,209.0,177.0,1444,1557.0,6.0,1600,1603.0,3.0,0,0,,0.0,0.0,0.0,0.0,0.0,2015-06-18,0,0.0,0.0,0.0,0.0,0.0
2015,6,22,1,WN,1532,N526SW,DAL,LIT,1200,1158.0,-2.0,15.0,1213.0,65.0,70.0,49.0,296,1302.0,6.0,1305,1308.0,3.0,0,0,,0.0,0.0,0.0,0.0,0.0,2015-06-22,0,0.0,0.0,0.0,0.0,0.0
2015,7,2,4,DL,1541,N370NW,DCA,MSP,1923,1926.0,3.0,14.0,1940.0,159.0,147.0,125.0,931,2045.0,8.0,2102,2053.0,-9.0,0,0,,0.0,0.0,0.0,0.0,0.0,2015-07-02,0,0.0,0.0,0.0,0.0,0.0
2015,6,29,1,AA,1506,N3AKAA,DFW,FLL,1345,1415.0,30.0,14.0,1429.0,178.0,204.0,182.0,1119,1831.0,8.0,1743,1839.0,56.0,0,0,,26.0,0.0,0.0,30.0,0.0,2015-06-29,1,86.67,0.0,0.0,100.0,0.0
2015,7,2,4,WN,3937,N566WN,DAL,ATL,950,956.0,6.0,9.0,1005.0,130.0,117.0,100.0,721,1245.0,8.0,1300,1253.0,-7.0,0,0,,0.0,0.0,0.0,0.0,0.0,2015-07-02,0,0.0,0.0,0.0,0.0,0.0
2015,7,14,2,WN,795,N398SW,SAT,DAL,1445,1443.0,-2.0,14.0,1457.0,65.0,64.0,42.0,248,1539.0,8.0,1550,1547.0,-3.0,0,0,,0.0,0.0,0.0,0.0,0.0,2015-07-14,0,0.0,0.0,0.0,0.0,0.0
2015,7,20,1,WN,4321,N456WN,MDW,CLE,1105,1117.0,12.0,9.0,1126.0,65.0,57.0,45.0,307,1311.0,3.0,1310,1314.0,4.0,0,0,,0.0,0.0,0.0,0.0,0.0,2015-07-20,0,0.0,0.0,0.0,0.0,0.0
2015,7,17,5,UA,1645,N39475,SFO,IAD,545,545.0,0.0,18.0,603.0,320.0,307.0,282.0,2419,1345.0,7.0,1405,1352.0,-13.0,0,0,,0.0,0.0,0.0,0.0,0.0,2015-07-17,0,0.0,0.0,0.0,0.0,0.0
2015,7,9,4,OO,6325,N116SY,SAN,LAX,1122,1119.0,-3.0,32.0,1151.0,56.0,66.0,27.0,109,1218.0,7.0,1218,1225.0,7.0,0,0,,0.0,0.0,0.0,0.0,0.0,2015-07-09,0,0.0,0.0,0.0,0.0,0.0
2015,7,13,1,AA,526,N753US,IND,PHX,2115,2126.0,11.0,81.0,2247.0,219.0,278.0,194.0,1488,2301.0,3.0,2154,2304.0,70.0,0,0,,59.0,0.0,0.0,2.0,9.0,2015-07-13,0,536.36,0.0,0.0,18.18,81.82
2015,7,8,3,DL,1804,N822DN,DTW,FLL,1000,954.0,-6.0,12.0,1006.0,175.0,165.0,148.0,1127,1234.0,5.0,1255,1239.0,-16.0,0,0,,0.0,0.0,0.0,0.0,0.0,2015-07-08,0,0.0,0.0,0.0,0.0,0.0
2015,7,10,5,UA,1422,N77525,EWR,SFO,2019,2054.0,35.0,24.0,2118.0,381.0,363.0,333.0,2565,2351.0,6.0,2340,2357.0,17.0,0,0,,17.0,0.0,0.0,0.0,0.0,2015-07-10,1,48.57,0.0,0.0,0.0,0.0
2015,6,29,1,WN,1613,N208WN,EWR,PHX,1250,1320.0,30.0,18.0,1338.0,315.0,298.0,274.0,2133,1512.0,6.0,1505,1518.0,13.0,0,0,,0.0,0.0,0.0,0.0,0.0,2015-06-29,1,0.0,0.0,0.0,0.0,0.0
2015,7,7,2,MQ,3525,N939MQ,XNA,ORD,1914,1859.0,-15.0,16.0,1915.0,111.0,106.0,76.0,522,2031.0,14.0,2105,2045.0,-20.0,0,0,,0.0,0.0,0.0,0.0,0.0,2015-07-07,0,0.0,0.0,0.0,0.0,0.0
2015,7,4,6,B6,489,N323JB,BOS,DCA,1014,1009.0,-5.0,12.0,1021.0,92.0,88.0,73.0,399,1134.0,3.0,1146,1137.0,-9.0,0,0,,0.0,0.0,0.0,0.0,0.0,2015-07-04,0,0.0,0.0,0.0,0.0,0.0
2015,6,26,5,WN,850,N474WN,MSP,DEN,1455,1457.0,2.0,11.0,1508.0,125.0,112.0,94.0,680,1542.0,7.0,1600,1549.0,-11.0,0,0,,0.0,0.0,0.0,0.0,0.0,2015-06-26,0,0.0,0.0,0.0,0.0,0.0
2015,7,5,7,DL,2365,N344NB,FCA,MSP,1438,1433.0,-5.0,10.0,1443.0,150.0,134.0,120.0,1026,1743.0,4.0,1808,1747.0,-21.0,0,0,,0.0,0.0,0.0,0.0,0.0,2015-07-05,0,0.0,0.0,0.0,0.0,0.0
2015,7,21,2,DL,472,N712TW,JFK,LAX,820,819.0,-1.0,23.0,842.0,370.0,374.0,333.0,2475,1115.0,18.0,1130,1133.0,3.0,0,0,,0.0,0.0,0.0,0.0,0.0,2015-07-21,0,0.0,0.0,0.0,0.0,0.0
2015,6,30,2,OO,7381,N454SW,COD,SLC,1252,1257.0,5.0,14.0,1311.0,75.0,79.0,59.0,298,1410.0,6.0,1407,1416.0,9.0,0,0,,0.0,0.0,0.0,0.0,0.0,2015-06-30,0,0.0,0.0,0.0,0.0,0.0
2015,7,5,7,OO,2935,N928EV,ORD,MKE,1710,1706.0,-4.0,17.0,1723.0,64.0,49.0,24.0,67,1747.0,8.0,1814,1755.0,-19.0,0,0,,0.0,0.0,0.0,0.0,0.0,2015-07-05,0,0.0,0.0,0.0,0.0,0.0
2015,6,20,6,OO,5625,N938SW,SFO,BFL,1719,1711.0,-8.0,18.0,1729.0,77.0,69.0,47.0,238,1816.0,4.0,1836,1820.0,-16.0,0,0,,0.0,0.0,0.0,0.0,0.0,2015-06-20,0,0.0,0.0,0.0,0.0,0.0
2015,7,10,5,EV,6117,N26545,BDL,EWR,1556,1558.0,2.0,19.0,1617.0,68.0,61.0,32.0,116,1649.0,10.0,1704,1659.0,-5.0,0,0,,0.0,0.0,0.0,0.0,0.0,2015-07-10,0,0.0,0.0,0.0,0.0,0.0
2015,6,21,7,DL,2356,N320NB,ATL,TLH,905,904.0,-1.0,14.0,918.0,62.0,53.0,36.0,223,954.0,3.0,1007,957.0,-10.0,0,0,,0.0,0.0,0.0,0.0,0.0,2015-06-21,0,0.0,0.0,0.0,0.0,0.0
2015,7,8,3,EV,6017,N21537,ORD,FNT,738,753.0,15.0,10.0,803.0,66.0,49.0,34.0,223,937.0,5.0,944,942.0,-2.0,0,0,,0.0,0.0,0.0,0.0,0.0,2015-07-08,0,0.0,0.0,0.0,0.0,0.0
2015,6,16,2,EV,4543,N13161,STL,EWR,1537,1709.0,92.0,63.0,1812.0,152.0,192.0,115.0,872,2107.0,14.0,1909,2121.0,132.0,0,0,,89.0,0.0,40.0,3.0,0.0,2015-06-16,1,96.74,0.0,43.48,3.26,0.0
2015,7,4,6,DL,424,N702TW,JFK,PIT,1600,1601.0,1.0,26.0,1627.0,111.0,90.0,60.0,340,1727.0,4.0,1751,1731.0,-20.0,0,0,,0.0,0.0,0.0,0.0,0.0,2015-07-04,0,0.0,0.0,0.0,0.0,0.0
2015,7,21,2,UA,1921,N62883,SEA,IAH,19,17.0,-2.0,14.0,31.0,246.0,239.0,216.0,1874,607.0,9.0,625,616.0,-9.0,0,0,,0.0,0.0,0.0,0.0,0.0,2015-07-21,0,0.0,0.0,0.0,0.0,0.0
2015,6,24,3,WN,1062,N764SW,LAS,RNO,1755,1817.0,22.0,7.0,1824.0,75.0,61.0,51.0,345,1915.0,3.0,1910,1918.0,8.0,0,0,,0.0,0.0,0.0,0.0,0.0,2015-06-24,1,0.0,0.0,0.0,0.0,0.0
2015,7,22,3,AA,1052,N4XYAA,RDU,DFW,1545,1541.0,-4.0,11.0,1552.0,176.0,169.0,146.0,1061,1718.0,12.0,1741,1730.0,-11.0,0,0,,0.0,0.0,0.0,0.0,0.0,2015-07-22,0,0.0,0.0,0.0,0.0,0.0
2015,6,29,1,US,454,N586UW,LAX,PHX,1745,1741.0,-4.0,17.0,1758.0,88.0,94.0,64.0,370,1902.0,13.0,1913,1915.0,2.0,0,0,,0.0,0.0,0.0,0.0,0.0,2015-06-29,0,0.0,0.0,0.0,0.0,0.0
2015,6,28,7,UA,1688,N77518,BOS,DEN,755,800.0,5.0,9.0,809.0,272.0,245.0,227.0,1754,956.0,9.0,1027,1005.0,-22.0,0,0,,0.0,0.0,0.0,0.0,0.0,2015-06-28,0,0.0,0.0,0.0,0.0,0.0
2015,7,17,5,WN,2161,N794SW,BWI,SEA,1400,1429.0,29.0,11.0,1440.0,345.0,326.0,307.0,2335,1647.0,8.0,1645,1655.0,10.0,0,0,,0.0,0.0,0.0,0.0,0.0,2015-07-17,1,0.0,0.0,0.0,0.0,0.0
2015,6,19,5,EV,4702,N17115,ORD,CLT,1735,1731.0,-4.0,28.0,1759.0,121.0,121.0,84.0,599,2023.0,9.0,2036,2032.0,-4.0,0,0,,0.0,0.0,0.0,0.0,0.0,2015-06-19,0,0.0,0.0,0.0,0.0,0.0
2015,6,17,3,WN,269,N907WN,BWI,SAT,755,752.0,-3.0,16.0,808.0,215.0,209.0,189.0,1407,1017.0,4.0,1030,1021.0,-9.0,0,0,,0.0,0.0,0.0,0.0,0.0,2015-06-17,0,0.0,0.0,0.0,0.0,0.0
2015,7,21,2,AA,971,N5ENAA,EGE,DFW,745,743.0,-2.0,17.0,800.0,126.0,128.0,97.0,721,1037.0,14.0,1051,1051.0,0.0,0,0,,0.0,0.0,0.0,0.0,0.0,2015-07-21,0,0.0,0.0,0.0,0.0,0.0
2015,7,14,2,EV,6052,N14204,LEX,ORD,1404,1354.0,-10.0,17.0,1411.0,91.0,103.0,69.0,323,1420.0,17.0,1435,1437.0,2.0,0,0,,0.0,0.0,0.0,0.0,0.0,2015-07-14,0,0.0,0.0,0.0,0.0,0.0
2015,7,14,2,EV,4988,N135EV,BDL,MSP,1107,1109.0,2.0,12.0,1121.0,173.0,157.0,141.0,1050,1242.0,4.0,1300,1246.0,-14.0,0,0,,0.0,0.0,0.0,0.0,0.0,2015-07-14,0,0.0,0.0,0.0,0.0,0.0
2015,7,6,1,DL,1112,N965DL,DCA,ATL,1900,1918.0,18.0,24.0,1942.0,121.0,112.0,81.0,547,2103.0,7.0,2101,2110.0,9.0,0,0,,0.0,0.0,0.0,0.0,0.0,2015-07-06,1,0.0,0.0,0.0,0.0,0.0
2015,7,10,5,WN,4461,N431WN,LAX,SMF,815,816.0,1.0,8.0,824.0,75.0,71.0,59.0,373,923.0,4.0,930,927.0,-3.0,0,0,,0.0,0.0,0.0,0.0,0.0,2015-07-10,0,0.0,0.0,0.0,0.0,0.0
2015,6,25,4,MQ,3048,N694MQ,ORD,CID,710,707.0,-3.0,12.0,719.0,67.0,51.0,33.0,196,752.0,6.0,817,758.0,-19.0,0,0,,0.0,0.0,0.0,0.0,0.0,2015-06-25,0,0.0,0.0,0.0,0.0,0.0
2015,7,8,3,AA,2159,N749US,BOS,DCA,600,552.0,-8.0,11.0,603.0,89.0,80.0,63.0,399,706.0,6.0,729,712.0,-17.0,0,0,,0.0,0.0,0.0,0.0,0.0,2015-07-08,0,0.0,0.0,0.0,0.0,0.0
2015,7,15,3,WN,871,N763SW,RNO,PHX,530,525.0,-5.0,8.0,533.0,100.0,93.0,79.0,601,652.0,6.0,710,658.0,-12.0,0,0,,0.0,0.0,0.0,0.0,0.0,2015-07-15,0,0.0,0.0,0.0,0.0,0.0
2015,6,25,4,DL,2209,N312US,MSP,SFO,1945,1940.0,-5.0,19.0,1959.0,256.0,230.0,204.0,1589,2123.0,7.0,2201,2130.0,-31.0,0,0,,0.0,0.0,0.0,0.0,0.0,2015-06-25,0,0.0,0.0,0.0,0.0,0.0
2015,7,10,5,WN,1814,N232WN,MSY,HOU,2120,2114.0,-6.0,7.0,2121.0,70.0,61.0,48.0,302,2209.0,6.0,2230,2215.0,-15.0,0,0,,0.0,0.0,0.0,0.0,0.0,2015-07-10,0,0.0,0.0,0.0,0.0,0.0
2015,7,21,2,HA,265,N493HA,OGG,HNL,1858,1855.0,-3.0,10.0,1905.0,35.0,37.0,22.0,100,1927.0,5.0,1933,1932.0,-1.0,0,0,,0.0,0.0,0.0,0.0,0.0,2015-07-21,0,0.0,0.0,0.0,0.0,0.0
2015,6,19,5,AA,1483,N864AA,IAH,DFW,630,623.0,-7.0,17.0,640.0,75.0,66.0,41.0,224,721.0,8.0,745,729.0,-16.0,0,0,,0.0,0.0,0.0,0.0,0.0,2015-06-19,0,0.0,0.0,0.0,0.0,0.0
2015,7,6,1,AA,1921,N715UW,CLT,JAX,1945,1945.0,0.0,17.0,2002.0,73.0,75.0,53.0,328,2055.0,5.0,2058,2100.0,2.0,0,0,,0.0,0.0,0.0,0.0,0.0,2015-07-06,0,0.0,0.0,0.0,0.0,0.0
2015,6,30,2,UA,1725,N19117,SFO,OGG,920,931.0,11.0,13.0,944.0,325.0,320.0,299.0,2338,1143.0,8.0,1145,1151.0,6.0,0,0,,0.0,0.0,0.0,0.0,0.0,2015-06-30,0,0.0,0.0,0.0,0.0,0.0
2015,6,27,6,AA,134,N3DGAA,MIA,SEA,2000,2034.0,34.0,19.0,2053.0,390.0,383.0,350.0,2724,2343.0,14.0,2330,2357.0,27.0,0,0,,0.0,0.0,0.0,22.0,5.0,2015-06-27,1,0.0,0.0,0.0,64.71,14.71
2015,7,6,1,AA,386,N482AA,JAX,DFW,1925,1922.0,-3.0,11.0,1933.0,158.0,150.0,130.0,918,2043.0,9.0,2103,2052.0,-11.0,0,0,,0.0,0.0,0.0,0.0,0.0,2015-07-06,0,0.0,0.0,0.0,0.0,0.0
2015,7,22,3,AA,1078,N3JBAA,MIA,EWR,715,718.0,3.0,22.0,740.0,180.0,172.0,142.0,1085,1002.0,8.0,1015,1010.0,-5.0,0,0,,0.0,0.0,0.0,0.0,0.0,2015-07-22,0,0.0,0.0,0.0,0.0,0.0
2015,7,19,7,B6,1589,N583JB,DTW,FLL,730,729.0,-1.0,19.0,748.0,177.0,168.0,144.0,1127,1012.0,5.0,1027,1017.0,-10.0,0,0,,0.0,0.0,0.0,0.0,0.0,2015-07-19,0,0.0,0.0,0.0,0.0,0.0
2015,6,17,3,WN,3933,N761RR,PHX,DAL,1230,1249.0,19.0,9.0,1258.0,135.0,138.0,125.0,879,1703.0,4.0,1645,1707.0,22.0,0,0,,3.0,0.0,19.0,0.0,0.0,2015-06-17,1,15.79,0.0,100.0,0.0,0.0
2015,7,19,7,AA,1949,N812AW,STL,PHX,1750,1811.0,21.0,16.0,1827.0,196.0,189.0,168.0,1262,1915.0,5.0,1906,1920.0,14.0,0,0,,0.0,0.0,0.0,0.0,0.0,2015-07-19,1,0.0,0.0,0.0,0.0,0.0
2015,7,13,1,OO,2957,N944SW,PSP,PHX,1510,1613.0,63.0,20.0,1633.0,67.0,73.0,47.0,261,1720.0,6.0,1617,1726.0,69.0,0,0,,6.0,0.0,59.0,4.0,0.0,2015-07-13,1,9.52,0.0,93.65,6.35,0.0
2015,7,16,4,AA,1292,N3FHAA,DFW,TUL,1225,1222.0,-3.0,21.0,1243.0,73.0,65.0,41.0,237,1324.0,3.0,1338,1327.0,-11.0,0,0,,0.0,0.0,0.0,0.0,0.0,2015-07-16,0,0.0,0.0,0.0,0.0,0.0
2015,6,15,1,US,835,N578UW,CLT,SJU,955,951.0,-4.0,32.0,1023.0,234.0,274.0,202.0,1475,1345.0,40.0,1349,1425.0,36.0,0,0,,36.0,0.0,0.0,0.0,0.0,2015-06-15,0,-900.0,-0.0,-0.0,-0.0,-0.0
2015,6,15,1,US,1970,N540UW,FLL,CLT,1020,1023.0,3.0,12.0,1035.0,118.0,114.0,94.0,632,1209.0,8.0,1218,1217.0,-1.0,0,0,,0.0,0.0,0.0,0.0,0.0,2015-06-15,0,0.0,0.0,0.0,0.0,0.0
2015,6,16,2,US,707,N537UW,PHL,PHX,820,819.0,-1.0,27.0,846.0,302.0,312.0,267.0,2075,1013.0,18.0,1022,1031.0,9.0,0,0,,0.0,0.0,0.0,0.0,0.0,2015-06-16,0,0.0,0.0,0.0,0.0,0.0
2015,7,22,3,OO,5602,N762SK,IAH,AUS,1039,1038.0,-1.0,17.0,1055.0,57.0,52.0,29.0,140,1124.0,6.0,1136,1130.0,-6.0,0,0,,0.0,0.0,0.0,0.0,0.0,2015-07-22,0,0.0,0.0,0.0,0.0,0.0
2015,7,7,2,EV,4712,N14179,IAH,TYS,1300,1256.0,-4.0,11.0,1307.0,133.0,125.0,111.0,771,1558.0,3.0,1613,1601.0,-12.0,0,0,,0.0,0.0,0.0,0.0,0.0,2015-07-07,0,0.0,0.0,0.0,0.0,0.0
2015,7,18,6,WN,4407,N209WN,PIT,ATL,820,817.0,-3.0,9.0,826.0,105.0,84.0,70.0,526,936.0,5.0,1005,941.0,-24.0,0,0,,0.0,0.0,0.0,0.0,0.0,2015-07-18,0,0.0,0.0,0.0,0.0,0.0
2015,7,4,6,EV,5308,N842AS,ATL,MGM,2055,2053.0,-2.0,16.0,2109.0,48.0,55.0,34.0,147,2043.0,5.0,2043,2048.0,5.0,0,0,,0.0,0.0,0.0,0.0,0.0,2015-07-04,0,0.0,0.0,0.0,0.0,0.0
2015,7,14,2,F9,1275,N932FR,ORD,ATL,1445,1503.0,18.0,22.0,1525.0,120.0,177.0,148.0,606,1853.0,7.0,1745,1900.0,75.0,0,0,,57.0,0.0,0.0,18.0,0.0,2015-07-14,1,316.67,0.0,0.0,100.0,0.0
2015,7,7,2,WN,494,N8640D,SLC,LAS,1710,1720.0,10.0,12.0,1732.0,80.0,72.0,55.0,368,1727.0,5.0,1730,1732.0,2.0,0,0,,0.0,0.0,0.0,0.0,0.0,2015-07-07,0,0.0,0.0,0.0,0.0,0.0
2015,7,7,2,AA,122,N854AA,DFW,MCO,1015,1026.0,11.0,25.0,1051.0,160.0,196.0,153.0,985,1424.0,18.0,1355,1442.0,47.0,0,0,,36.0,0.0,0.0,11.0,0.0,2015-07-07,0,327.27,0.0,0.0,100.0,0.0
2015,7,11,6,OO,5516,N973SW,LNK,DEN,654,647.0,-7.0,4.0,651.0,91.0,77.0,66.0,423,657.0,7.0,725,704.0,-21.0,0,0,,0.0,0.0,0.0,0.0,0.0,2015-07-11,0,0.0,0.0,0.0,0.0,0.0
2015,7,8,3,OO,5252,N905SW,DEN,DSM,1659,1713.0,14.0,21.0,1734.0,103.0,107.0,82.0,589,1956.0,4.0,1942,2000.0,18.0,0,0,,4.0,0.0,9.0,5.0,0.0,2015-07-08,0,28.57,0.0,64.29,35.71,0.0
2015,6,26,5,DL,1709,N369NB,ATL,BNA,2310,2309.0,-1.0,11.0,2320.0,65.0,55.0,39.0,214,2259.0,5.0,2315,2304.0,-11.0,0,0,,0.0,0.0,0.0,0.0,0.0,2015-06-26,0,0.0,0.0,0.0,0.0,0.0
2015,7,9,4,WN,319,N425LV,PHX,CMH,845,1640.0,475.0,10.0,1650.0,225.0,208.0,194.0,1670,2304.0,4.0,1530,2308.0,458.0,0,0,,0.0,0.0,458.0,0.0,0.0,2015-07-09,1,0.0,0.0,96.42,0.0,0.0
2015,7,16,4,DL,1373,N934DL,TPA,ATL,1340,1338.0,-2.0,26.0,1404.0,100.0,109.0,69.0,406,1513.0,14.0,1520,1527.0,7.0,0,0,,0.0,0.0,0.0,0.0,0.0,2015-07-16,0,0.0,0.0,0.0,0.0,0.0
2015,6,30,2,DL,323,N684DA,ATL,SJU,820,819.0,-1.0,10.0,829.0,216.0,210.0,196.0,1547,1145.0,4.0,1156,1149.0,-7.0,0,0,,0.0,0.0,0.0,0.0,0.0,2015-06-30,0,0.0,0.0,0.0,0.0,0.0
2015,6,19,5,AA,362,N3BGAA,DFW,PHL,1820,1920.0,60.0,14.0,1934.0,207.0,188.0,168.0,1303,2322.0,6.0,2247,2328.0,41.0,0,0,,0.0,0.0,41.0,0.0,0.0,2015-06-19,1,0.0,0.0,68.33,0.0,0.0
2015,7,6,1,WN,503,N256WN,SFO,SNA,1955,1948.0,-7.0,6.0,1954.0,95.0,90.0,63.0,372,2057.0,21.0,2130,2118.0,-12.0,0,0,,0.0,0.0,0.0,0.0,0.0,2015-07-06,0,0.0,0.0,0.0,0.0,0.0
2015,6,15,1,WN,739,N455WN,MDW,BHM,855,854.0,-1.0,32.0,926.0,95.0,113.0,78.0,570,1044.0,3.0,1030,1047.0,17.0,0,0,,17.0,0.0,0.0,0.0,0.0,2015-06-15,0,-1700.0,-0.0,-0.0,-0.0,-0.0
2015,7,20,1,AA,623,N927UW,PHX,SAN,1020,1012.0,-8.0,33.0,1045.0,75.0,110.0,74.0,304,1159.0,3.0,1135,1202.0,27.0,0,0,,27.0,0.0,0.0,0.0,0.0,2015-07-20,0,-337.5,-0.0,-0.0,-0.0,-0.0
2015,6,17,3,EV,6077,N12201,DEN,CMH,1055,1258.0,123.0,23.0,1321.0,174.0,161.0,132.0,1154,1733.0,6.0,1549,1739.0,110.0,0,0,,0.0,0.0,0.0,110.0,0.0,2015-06-17,1,0.0,0.0,0.0,89.43,0.0
2015,6,29,1,US,1737,N581UW,SEA,PHX,515,515.0,0.0,16.0,531.0,166.0,162.0,144.0,1107,755.0,2.0,801,757.0,-4.0,0,0,,0.0,0.0,0.0,0.0,0.0,2015-06-29,0,0.0,0.0,0.0,0.0,0.0
2015,7,12,7,AA,969,N7CBAA,MIA,DFW,1100,1055.0,-5.0,23.0,1118.0,185.0,184.0,142.0,1121,1240.0,19.0,1305,1259.0,-6.0,0,0,,0.0,0.0,0.0,0.0,0.0,2015-07-12,0,0.0,0.0,0.0,0.0,0.0
2015,7,12,7,OO,2860,N866AS,SAF,LAX,835,850.0,15.0,12.0,902.0,129.0,126.0,104.0,710,946.0,10.0,944,956.0,12.0,0,0,,0.0,0.0,0.0,0.0,0.0,2015-07-12,0,0.0,0.0,0.0,0.0,0.0
2015,6,18,4,WN,1254,N473WN,TPA,HOU,2015,2026.0,11.0,14.0,2040.0,130.0,129.0,106.0,781,2126.0,9.0,2125,2135.0,10.0,0,0,,0.0,0.0,0.0,0.0,0.0,2015-06-18,0,0.0,0.0,0.0,0.0,0.0
2015,7,11,6,OO,4737,N8965E,MSP,DIK,1953,1948.0,-5.0,11.0,1959.0,110.0,86.0,70.0,481,2009.0,5.0,2043,2014.0,-29.0,0,0,,0.0,0.0,0.0,0.0,0.0,2015-07-11,0,0.0,0.0,0.0,0.0,0.0
2015,7,17,5,AA,1826,N829AW,PHX,LAS,1359,1403.0,4.0,10.0,1413.0,69.0,63.0,43.0,255,1456.0,10.0,1508,1506.0,-2.0,0,0,,0.0,0.0,0.0,0.0,0.0,2015-07-17,0,0.0,0.0,0.0,0.0,0.0
2015,7,10,5,OO,4518,N820SK,DTW,MSN,1737,1732.0,-5.0,18.0,1750.0,76.0,70.0,48.0,311,1738.0,4.0,1753,1742.0,-11.0,0,0,,0.0,0.0,0.0,0.0,0.0,2015-07-10,0,0.0,0.0,0.0,0.0,0.0
2015,7,9,4,HA,178,N489HA,HNL,KOA,1441,1439.0,-2.0,18.0,1457.0,49.0,53.0,29.0,163,1526.0,6.0,1530,1532.0,2.0,0,0,,0.0,0.0,0.0,0.0,0.0,2015-07-09,0,0.0,0.0,0.0,0.0,0.0
2015,7,10,5,WN,3859,N632SW,LAX,SFO,1450,1504.0,14.0,18.0,1522.0,70.0,79.0,57.0,337,1619.0,4.0,1600,1623.0,23.0,0,0,,21.0,0.0,0.0,2.0,0.0,2015-07-10,0,150.0,0.0,0.0,14.29,0.0
2015,6,23,2,WN,290,N651SW,STL,OKC,1000,1000.0,0.0,14.0,1014.0,85.0,85.0,67.0,462,1121.0,4.0,1125,1125.0,0.0,0,0,,0.0,0.0,0.0,0.0,0.0,2015-06-23,0,0.0,0.0,0.0,0.0,0.0
2015,7,5,7,EV,4762,N11181,GRR,EWR,937,935.0,-2.0,11.0,946.0,112.0,119.0,93.0,605,1119.0,15.0,1129,1134.0,5.0,0,0,,0.0,0.0,0.0,0.0,0.0,2015-07-05,0,0.0,0.0,0.0,0.0,0.0
2015,6,23,2,AA,145,N3EHAA,AUS,LAX,725,728.0,3.0,8.0,736.0,188.0,187.0,157.0,1242,813.0,22.0,833,835.0,2.0,0,0,,0.0,0.0,0.0,0.0,0.0,2015-06-23,0,0.0,0.0,0.0,0.0,0.0
2015,7,15,3,B6,597,N789JB,BOS,SEA,700,656.0,-4.0,17.0,713.0,361.0,365.0,341.0,2496,954.0,7.0,1001,1001.0,0.0,0,0,,0.0,0.0,0.0,0.0,0.0,2015-07-15,0,0.0,0.0,0.0,0.0,0.0
2015,7,9,4,DL,1181,N964AT,LAS,SLC,630,626.0,-4.0,11.0,637.0,78.0,87.0,56.0,368,833.0,20.0,848,853.0,5.0,0,0,,0.0,0.0,0.0,0.0,0.0,2015-07-09,0,0.0,0.0,0.0,0.0,0.0
2015,7,18,6,AA,275,N4WKAA,DFW,EWR,1002,1002.0,0.0,55.0,1057.0,207.0,242.0,179.0,1372,1456.0,8.0,1429,1504.0,35.0,0,0,,35.0,0.0,0.0,0.0,0.0,2015-07-18,0,inf,0.0,0.0,0.0,0.0
2015,6,27,6,DL,2591,N395DN,SJC,MSP,1230,1231.0,1.0,17.0,1248.0,217.0,222.0,194.0,1576,1802.0,11.0,1807,1813.0,6.0,0,0,,0.0,0.0,0.0,0.0,0.0,2015-06-27,0,0.0,0.0,0.0,0.0,0.0
2015,6,29,1,EV,3959,N14907,MSN,ORD,1841,1838.0,-3.0,9.0,1847.0,59.0,78.0,32.0,108,1919.0,37.0,1940,1956.0,16.0,0,0,,16.0,0.0,0.0,0.0,0.0,2015-06-29,0,-533.33,-0.0,-0.0,-0.0,-0.0
2015,6,21,7,WN,3147,N365SW,LAS,SMF,1245,1245.0,0.0,16.0,1301.0,85.0,88.0,68.0,397,1409.0,4.0,1410,1413.0,3.0,0,0,,0.0,0.0,0.0,0.0,0.0,2015-06-21,0,0.0,0.0,0.0,0.0,0.0
2015,6,26,5,EV,2643,N908EV,DFW,GRK,1208,1302.0,54.0,18.0,1320.0,57.0,45.0,25.0,134,1345.0,2.0,1305,1347.0,42.0,0,0,,0.0,0.0,42.0,0.0,0.0,2015-06-26,1,0.0,0.0,77.78,0.0,0.0
2015,7,6,1,B6,358,N552JB,BUR,JFK,2139,2140.0,1.0,17.0,2157.0,320.0,320.0,300.0,2465,557.0,3.0,559,600.0,1.0,0,0,,0.0,0.0,0.0,0.0,0.0,2015-07-06,0,0.0,0.0,0.0,0.0,0.0
2015,6,24,3,WN,1780,N364SW,PHX,ONT,1300,1402.0,62.0,11.0,1413.0,65.0,60.0,46.0,325,1459.0,3.0,1405,1502.0,57.0,0,0,,0.0,0.0,57.0,0.0,0.0,2015-06-24,1,0.0,0.0,91.94,0.0,0.0
2015,6,14,7,OO,4611,N675BR,MSP,SBN,1310,1305.0,-5.0,22.0,1327.0,90.0,94.0,68.0,411,1535.0,4.0,1540,1539.0,-1.0,0,0,,0.0,0.0,0.0,0.0,0.0,2015-06-14,0,0.0,0.0,0.0,0.0,0.0
2015,6,29,1,B6,1621,N570JB,PDX,LGB,1841,1851.0,10.0,13.0,1904.0,138.0,141.0,125.0,846,2109.0,3.0,2059,2112.0,13.0,0,0,,0.0,0.0,0.0,0.0,0.0,2015-06-29,0,0.0,0.0,0.0,0.0,0.0
2015,6,17,3,DL,2547,N810DN,SEA,MSP,1850,1901.0,11.0,12.0,1913.0,189.0,172.0,156.0,1399,2349.0,4.0,2359,2353.0,-6.0,0,0,,0.0,0.0,0.0,0.0,0.0,2015-06-17,0,0.0,0.0,0.0,0.0,0.0
2015,6,30,2,UA,1985,N53442,LAX,IAD,905,914.0,9.0,16.0,930.0,305.0,300.0,278.0,2288,1708.0,6.0,1710,1714.0,4.0,0,0,,0.0,0.0,0.0,0.0,0.0,2015-06-30,0,0.0,0.0,0.0,0.0,0.0
2015,7,2,4,DL,835,N916DL,JAX,DTW,655,652.0,-3.0,10.0,702.0,145.0,140.0,121.0,813,903.0,9.0,920,912.0,-8.0,0,0,,0.0,0.0,0.0,0.0,0.0,2015-07-02,0,0.0,0.0,0.0,0.0,0.0
2015,6,29,1,WN,4649,N485WN,LAS,BWI,1640,1710.0,30.0,16.0,1726.0,275.0,282.0,261.0,2106,47.0,5.0,15,52.0,37.0,0,0,,7.0,0.0,19.0,11.0,0.0,2015-06-29,1,23.33,0.0,63.33,36.67,0.0
2015,7,8,3,OO,5308,N945SW,ORD,AVL,658,710.0,12.0,23.0,733.0,111.0,103.0,75.0,536,948.0,5.0,949,953.0,4.0,0,0,,0.0,0.0,0.0,0.0,0.0,2015-07-08,0,0.0,0.0,0.0,0.0,0.0
2015,7,8,3,DL,2369,N595NW,ATL,MCO,1255,1253.0,-2.0,18.0,1311.0,90.0,88.0,61.0,404,1412.0,9.0,1425,1421.0,-4.0,0,0,,0.0,0.0,0.0,0.0,0.0,2015-07-08,0,0.0,0.0,0.0,0.0,0.0
2015,7,9,4,WN,1161,N757LV,MCI,SAN,1735,1742.0,7.0,11.0,1753.0,195.0,207.0,189.0,1334,1902.0,7.0,1850,1909.0,19.0,0,0,,12.0,0.0,5.0,2.0,0.0,2015-07-09,0,171.43,0.0,71.43,28.57,0.0
2015,7,11,6,WN,4542,N345SA,TUS,LAS,605,601.0,-4.0,7.0,608.0,75.0,65.0,54.0,365,702.0,4.0,720,706.0,-14.0,0,0,,0.0,0.0,0.0,0.0,0.0,2015-07-11,0,0.0,0.0,0.0,0.0,0.0
2015,6,18,4,WN,3238,N8311Q,SNA,LAS,1245,1242.0,-3.0,12.0,1254.0,65.0,61.0,44.0,226,1338.0,5.0,1350,1343.0,-7.0,0,0,,0.0,0.0,0.0,0.0,0.0,2015-06-18,0,0.0,0.0,0.0,0.0,0.0
2015,7,9,4,UA,1543,N16713,ATL,IAH,838,838.0,0.0,21.0,859.0,127.0,121.0,93.0,689,932.0,7.0,945,939.0,-6.0,0,0,,0.0,0.0,0.0,0.0,0.0,2015-07-09,0,0.0,0.0,0.0,0.0,0.0
2015,7,4,6,VX,715,N522VA,DAL,SFO,1520,1512.0,-8.0,7.0,1519.0,215.0,194.0,180.0,1476,1619.0,7.0,1655,1626.0,-29.0,0,0,,0.0,0.0,0.0,0.0,0.0,2015-07-04,0,0.0,0.0,0.0,0.0,0.0
2015,7,21,2,DL,845,N959DN,PBI,ATL,1220,1231.0,11.0,9.0,1240.0,114.0,92.0,75.0,545,1355.0,8.0,1414,1403.0,-11.0,0,0,,0.0,0.0,0.0,0.0,0.0,2015-07-21,0,0.0,0.0,0.0,0.0,0.0
2015,6,27,6,OO,4683,N824SK,GFK,MSP,1514,1507.0,-7.0,12.0,1519.0,70.0,63.0,46.0,284,1605.0,5.0,1624,1610.0,-14.0,0,0,,0.0,0.0,0.0,0.0,0.0,2015-06-27,0,0.0,0.0,0.0,0.0,0.0
2015,6,30,2,WN,478,N216WR,SNA,SJC,1625,1620.0,-5.0,8.0,1628.0,70.0,63.0,51.0,342,1719.0,4.0,1735,1723.0,-12.0,0,0,,0.0,0.0,0.0,0.0,0.0,2015-06-30,0,0.0,0.0,0.0,0.0,0.0
2015,7,14,2,MQ,3242,N652MQ,DFW,SJT,2200,2216.0,16.0,9.0,2225.0,61.0,56.0,43.0,229,2308.0,4.0,2301,2312.0,11.0,0,0,,0.0,0.0,0.0,0.0,0.0,2015-07-14,1,0.0,0.0,0.0,0.0,0.0
2015,6,23,2,OO,6216,N772SK,SFO,SNA,1040,1038.0,-2.0,17.0,1055.0,103.0,87.0,64.0,372,1159.0,6.0,1223,1205.0,-18.0,0,0,,0.0,0.0,0.0,0.0,0.0,2015-06-23,0,0.0,0.0,0.0,0.0,0.0
2015,7,13,1,AS,633,N556AS,PHX,SEA,1500,1449.0,-11.0,10.0,1459.0,170.0,163.0,146.0,1107,1725.0,7.0,1750,1732.0,-18.0,0,0,,0.0,0.0,0.0,0.0,0.0,2015-07-13,0,0.0,0.0,0.0,0.0,0.0
2015,6,20,6,OO,4679,N455CA,MSP,LAN,1925,1924.0,-1.0,17.0,1941.0,92.0,87.0,65.0,455,2146.0,5.0,2157,2151.0,-6.0,0,0,,0.0,0.0,0.0,0.0,0.0,2015-06-20,0,0.0,0.0,0.0,0.0,0.0
2015,7,15,3,UA,1460,N24224,EWR,LAS,1945,2043.0,58.0,26.0,2109.0,336.0,322.0,287.0,2227,2256.0,9.0,2221,2305.0,44.0,0,0,,0.0,0.0,14.0,30.0,0.0,2015-07-15,1,0.0,0.0,24.14,51.72,0.0
2015,7,3,5,MQ,3435,N503MQ,OKC,ORD,1211,1208.0,-3.0,11.0,1219.0,126.0,121.0,94.0,693,1353.0,16.0,1417,1409.0,-8.0,0,0,,0.0,0.0,0.0,0.0,0.0,2015-07-03,0,0.0,0.0,0.0,0.0,0.0
2015,7,1,3,EV,5590,N608QX,ELM,DTW,1727,1723.0,-4.0,35.0,1758.0,82.0,96.0,57.0,332,1855.0,4.0,1849,1859.0,10.0,0,0,,0.0,0.0,0.0,0.0,0.0,2015-07-01,0,0.0,0.0,0.0,0.0,0.0
2015,7,19,7,OO,6352,N975SW,BOI,SFO,1754,1752.0,-2.0,16.0,1808.0,106.0,104.0,82.0,522,1830.0,6.0,1840,1836.0,-4.0,0,0,,0.0,0.0,0.0,0.0,0.0,2015-07-19,0,0.0,0.0,0.0,0.0,0.0
2015,7,12,7,DL,1760,N902DE,DCA,ATL,2000,2000.0,0.0,18.0,2018.0,117.0,101.0,75.0,547,2133.0,8.0,2157,2141.0,-16.0,0,0,,0.0,0.0,0.0,0.0,0.0,2015-07-12,0,0.0,0.0,0.0,0.0,0.0
2015,6,30,2,AA,104,N855AA,DCA,JFK,1759,1803.0,4.0,38.0,1841.0,87.0,90.0,41.0,213,1922.0,11.0,1926,1933.0,7.0,0,0,,0.0,0.0,0.0,0.0,0.0,2015-06-30,0,0.0,0.0,0.0,0.0,0.0
2015,7,7,2,AA,636,N667AW,MSP,PHX,1435,1526.0,51.0,10.0,1536.0,195.0,186.0,172.0,1276,1628.0,4.0,1550,1632.0,42.0,0,0,,0.0,0.0,42.0,0.0,0.0,2015-07-07,1,0.0,0.0,82.35,0.0,0.0
2015,6,25,4,DL,1175,N929DN,MSP,DEN,730,727.0,-3.0,12.0,739.0,123.0,111.0,93.0,680,812.0,6.0,833,818.0,-15.0,0,0,,0.0,0.0,0.0,0.0,0.0,2015-06-25,0,0.0,0.0,0.0,0.0,0.0
2015,7,18,6,UA,1027,N19117,EWR,MCO,1459,1454.0,-5.0,12.0,1506.0,169.0,157.0,135.0,937,1721.0,10.0,1748,1731.0,-17.0,0,0,,0.0,0.0,0.0,0.0,0.0,2015-07-18,0,0.0,0.0,0.0,0.0,0.0
2015,7,9,4,B6,232,N547JB,LGB,SLC,811,807.0,-4.0,8.0,815.0,97.0,93.0,82.0,588,1037.0,3.0,1048,1040.0,-8.0,0,0,,0.0,0.0,0.0,0.0,0.0,2015-07-09,0,0.0,0.0,0.0,0.0,0.0
2015,7,18,6,WN,2577,N7732A,DAL,CHS,820,818.0,-2.0,11.0,829.0,155.0,146.0,127.0,977,1136.0,8.0,1155,1144.0,-11.0,0,0,,0.0,0.0,0.0,0.0,0.0,2015-07-18,0,0.0,0.0,0.0,0.0,0.0
2015,6,25,4,NK,341,N533NK,ACY,TPA,1025,1022.0,-3.0,10.0,1032.0,142.0,133.0,119.0,913,1231.0,4.0,1247,1235.0,-12.0,0,0,,0.0,0.0,0.0,0.0,0.0,2015-06-25,0,0.0,0.0,0.0,0.0,0.0
2015,7,15,3,WN,1961,N776WN,DAL,TPA,2015,2030.0,15.0,17.0,2047.0,140.0,140.0,118.0,917,2345.0,5.0,2335,2350.0,15.0,0,0,,0.0,0.0,9.0,6.0,0.0,2015-07-15,0,0.0,0.0,60.0,40.0,0.0
2015,7,16,4,OO,7365,N809CA,ABR,MSP,510,510.0,0.0,19.0,529.0,71.0,71.0,44.0,257,613.0,8.0,621,621.0,0.0,0,0,,0.0,0.0,0.0,0.0,0.0,2015-07-16,0,0.0,0.0,0.0,0.0,0.0
2015,7,8,3,DL,1788,N895AT,MEM,ATL,1853,1847.0,-6.0,18.0,1905.0,87.0,76.0,49.0,332,2054.0,9.0,2120,2103.0,-17.0,0,0,,0.0,0.0,0.0,0.0,0.0,2015-07-08,0,0.0,0.0,0.0,0.0,0.0
2015,6,15,1,OO,5314,N925SW,SBA,LAX,1125,1119.0,-6.0,11.0,1130.0,60.0,52.0,27.0,89,1157.0,14.0,1225,1211.0,-14.0,0,0,,0.0,0.0,0.0,0.0,0.0,2015-06-15,0,0.0,0.0,0.0,0.0,0.0
2015,6,15,1,EV,4996,N398CA,HOU,ATL,810,800.0,-10.0,13.0,813.0,119.0,123.0,103.0,696,1056.0,7.0,1109,1103.0,-6.0,0,0,,0.0,0.0,0.0,0.0,0.0,2015-06-15,0,0.0,0.0,0.0,0.0,0.0
2015,6,29,1,MQ,3486,N662MQ,ORD,MQT,1820,1836.0,16.0,36.0,1912.0,83.0,88.0,47.0,303,2059.0,5.0,2043,2104.0,21.0,0,0,,16.0,0.0,0.0,5.0,0.0,2015-06-29,1,100.0,0.0,0.0,31.25,0.0
2015,7,6,1,UA,594,N818UA,PHX,EWR,2233,2310.0,37.0,12.0,2322.0,296.0,262.0,243.0,2133,625.0,7.0,629,632.0,3.0,0,0,,0.0,0.0,0.0,0.0,0.0,2015-07-06,1,0.0,0.0,0.0,0.0,0.0
2015,6,25,4,WN,1495,N521SW,DAL,AUS,1830,1828.0,-2.0,9.0,1837.0,55.0,47.0,33.0,189,1910.0,5.0,1925,1915.0,-10.0,0,0,,0.0,0.0,0.0,0.0,0.0,2015-06-25,0,0.0,0.0,0.0,0.0,0.0
2015,7,10,5,DL,2443,N969AT,ATL,EWR,730,753.0,23.0,13.0,806.0,129.0,118.0,99.0,746,945.0,6.0,939,951.0,12.0,0,0,,0.0,0.0,0.0,0.0,0.0,2015-07-10,1,0.0,0.0,0.0,0.0,0.0
2015,6,18,4,DL,2567,N934DL,ATL,ICT,1459,1454.0,-5.0,16.0,1510.0,139.0,126.0,107.0,782,1557.0,3.0,1618,1600.0,-18.0,0,0,,0.0,0.0,0.0,0.0,0.0,2015-06-18,0,0.0,0.0,0.0,0.0,0.0
2015,7,7,2,EV,4871,N855AS,BTR,ATL,830,825.0,-5.0,14.0,839.0,90.0,89.0,67.0,448,1046.0,8.0,1100,1054.0,-6.0,0,0,,0.0,0.0,0.0,0.0,0.0,2015-07-07,0,0.0,0.0,0.0,0.0,0.0
2015,6,26,5,WN,3027,N258WN,ALB,FLL,735,809.0,34.0,9.0,818.0,190.0,174.0,158.0,1204,1056.0,7.0,1045,1103.0,18.0,0,0,,0.0,0.0,0.0,0.0,18.0,2015-06-26,1,0.0,0.0,0.0,0.0,52.94
2015,7,20,1,WN,4170,N932WN,BDL,LAS,715,712.0,-3.0,9.0,721.0,330.0,316.0,303.0,2297,924.0,4.0,945,928.0,-17.0,0,0,,0.0,0.0,0.0,0.0,0.0,2015-07-20,0,0.0,0.0,0.0,0.0,0.0
2015,7,8,3,EV,5601,N710EV,CHS,LGA,1644,1716.0,32.0,46.0,1802.0,125.0,145.0,90.0,641,1932.0,9.0,1849,1941.0,52.0,0,0,,20.0,0.0,32.0,0.0,0.0,2015-07-08,1,62.5,0.0,100.0,0.0,0.0
2015,6,27,6,OO,6531,N728SK,SAT,LAX,1238,1228.0,-10.0,14.0,1242.0,192.0,178.0,154.0,1211,1316.0,10.0,1350,1326.0,-24.0,0,0,,0.0,0.0,0.0,0.0,0.0,2015-06-27,0,0.0,0.0,0.0,0.0,0.0
2015,7,11,6,DL,1133,N930AT,ATL,ABE,1938,1936.0,-2.0,21.0,1957.0,125.0,124.0,99.0,692,2136.0,4.0,2143,2140.0,-3.0,0,0,,0.0,0.0,0.0,0.0,0.0,2015-07-11,0,0.0,0.0,0.0,0.0,0.0
2015,6,16,2,B6,1141,N353JB,BDL,PBI,1712,1720.0,8.0,17.0,1737.0,173.0,172.0,153.0,1133,2010.0,2.0,2005,2012.0,7.0,0,0,,0.0,0.0,0.0,0.0,0.0,2015-06-16,0,0.0,0.0,0.0,0.0,0.0
2015,6,16,2,EV,3809,N16178,IAH,RIC,1326,1404.0,38.0,86.0,1530.0,176.0,250.0,152.0,1157,1902.0,12.0,1722,1914.0,112.0,0,0,,74.0,0.0,7.0,0.0,31.0,2015-06-16,1,194.74,0.0,18.42,0.0,81.58
2015,6,22,1,OO,2772,N889AS,PHX,SBA,1350,1434.0,44.0,11.0,1445.0,97.0,84.0,68.0,455,1553.0,5.0,1527,1558.0,31.0,0,0,,0.0,0.0,31.0,0.0,0.0,2015-06-22,1,0.0,0.0,70.45,0.0,0.0
2015,6,27,6,EV,6128,N11191,JAN,IAH,1053,1055.0,2.0,7.0,1102.0,77.0,73.0,57.0,351,1159.0,9.0,1210,1208.0,-2.0,0,0,,0.0,0.0,0.0,0.0,0.0,2015-06-27,0,0.0,0.0,0.0,0.0,0.0
2015,7,10,5,EV,2730,N830AS,PIB,MEI,640,631.0,-9.0,11.0,642.0,30.0,32.0,17.0,69,659.0,4.0,710,703.0,-7.0,0,0,,0.0,0.0,0.0,0.0,0.0,2015-07-10,0,0.0,0.0,0.0,0.0,0.0
2015,7,21,2,WN,694,N967WN,LAS,PHX,1545,1543.0,-2.0,19.0,1602.0,70.0,70.0,45.0,255,1647.0,6.0,1655,1653.0,-2.0,0,0,,0.0,0.0,0.0,0.0,0.0,2015-07-21,0,0.0,0.0,0.0,0.0,0.0
2015,7,12,7,WN,204,N601WN,BWI,ORF,1720,1720.0,0.0,11.0,1731.0,55.0,45.0,31.0,159,1802.0,3.0,1815,1805.0,-10.0,0,0,,0.0,0.0,0.0,0.0,0.0,2015-07-12,0,0.0,0.0,0.0,0.0,0.0
2015,6,21,7,WN,5888,N612SW,DAL,MAF,2130,2139.0,9.0,7.0,2146.0,65.0,59.0,49.0,319,2235.0,3.0,2235,2238.0,3.0,0,0,,0.0,0.0,0.0,0.0,0.0,2015-06-21,0,0.0,0.0,0.0,0.0,0.0
2015,6,29,1,AS,634,N472AS,SEA,PHX,710,707.0,-3.0,23.0,730.0,168.0,185.0,152.0,1107,1002.0,10.0,958,1012.0,14.0,0,0,,0.0,0.0,0.0,0.0,0.0,2015-06-29,0,0.0,0.0,0.0,0.0,0.0
2015,6,15,1,US,546,N197UW,DFW,PHX,2025,2035.0,10.0,16.0,2051.0,156.0,158.0,132.0,868,2103.0,10.0,2101,2113.0,12.0,0,0,,0.0,0.0,0.0,0.0,0.0,2015-06-15,0,0.0,0.0,0.0,0.0,0.0
2015,6,21,7,DL,2852,N6711M,ATL,MSP,1501,1501.0,0.0,18.0,1519.0,164.0,147.0,127.0,907,1626.0,2.0,1645,1628.0,-17.0,0,0,,0.0,0.0,0.0,0.0,0.0,2015-06-21,0,0.0,0.0,0.0,0.0,0.0
2015,7,3,5,OO,6394,N701BR,ELP,DEN,701,658.0,-3.0,11.0,709.0,113.0,105.0,89.0,563,838.0,5.0,854,843.0,-11.0,0,0,,0.0,0.0,0.0,0.0,0.0,2015-07-03,0,0.0,0.0,0.0,0.0,0.0
2015,7,2,4,AS,530,N592AS,SEA,ONT,700,704.0,4.0,25.0,729.0,155.0,160.0,130.0,956,939.0,5.0,935,944.0,9.0,0,0,,0.0,0.0,0.0,0.0,0.0,2015-07-02,0,0.0,0.0,0.0,0.0,0.0
2015,6,16,2,UA,679,N443UA,PDX,ORD,1032,1044.0,12.0,10.0,1054.0,236.0,222.0,197.0,1739,1611.0,15.0,1628,1626.0,-2.0,0,0,,0.0,0.0,0.0,0.0,0.0,2015-06-16,0,0.0,0.0,0.0,0.0,0.0
2015,7,15,3,OO,4599,N823SK,CVG,DEN,921,920.0,-1.0,14.0,934.0,178.0,163.0,141.0,1069,955.0,8.0,1019,1003.0,-16.0,0,0,,0.0,0.0,0.0,0.0,0.0,2015-07-15,0,0.0,0.0,0.0,0.0,0.0
2015,7,7,2,UA,1282,N68811,SEA,ORD,1356,1400.0,4.0,15.0,1415.0,234.0,239.0,205.0,1721,1940.0,19.0,1950,1959.0,9.0,0,0,,0.0,0.0,0.0,0.0,0.0,2015-07-07,0,0.0,0.0,0.0,0.0,0.0
2015,6,26,5,OO,4474,N783CA,ATL,FWA,905,903.0,-2.0,16.0,919.0,97.0,103.0,83.0,508,1042.0,4.0,1042,1046.0,4.0,0,0,,0.0,0.0,0.0,0.0,0.0,2015-06-26,0,0.0,0.0,0.0,0.0,0.0
2015,7,21,2,B6,211,N590JB,LAS,LGB,948,1001.0,13.0,18.0,1019.0,64.0,64.0,42.0,231,1101.0,4.0,1052,1105.0,13.0,0,0,,0.0,0.0,0.0,0.0,0.0,2015-07-21,0,0.0,0.0,0.0,0.0,0.0
2015,6,22,1,OO,4690,N608SK,SEA,GEG,939,936.0,-3.0,13.0,949.0,70.0,57.0,38.0,224,1027.0,6.0,1049,1033.0,-16.0,0,0,,0.0,0.0,0.0,0.0,0.0,2015-06-22,0,0.0,0.0,0.0,0.0,0.0
2015,7,22,3,DL,1522,N894AT,SDF,ATL,1004,959.0,-5.0,14.0,1013.0,86.0,75.0,56.0,321,1109.0,5.0,1130,1114.0,-16.0,0,0,,0.0,0.0,0.0,0.0,0.0,2015-07-22,0,0.0,0.0,0.0,0.0,0.0
2015,6,30,2,UA,1197,N17244,ANC,SFO,1550,1557.0,7.0,21.0,1618.0,285.0,282.0,255.0,2018,2133.0,6.0,2135,2139.0,4.0,0,0,,0.0,0.0,0.0,0.0,0.0,2015-06-30,0,0.0,0.0,0.0,0.0,0.0
2015,7,13,1,UA,1189,N33262,LAX,LAS,2209,2220.0,11.0,12.0,2232.0,75.0,62.0,44.0,236,2316.0,6.0,2324,2322.0,-2.0,0,0,,0.0,0.0,0.0,0.0,0.0,2015-07-13,0,0.0,0.0,0.0,0.0,0.0
2015,7,16,4,WN,1778,N283WN,DCA,STL,1215,1211.0,-4.0,12.0,1223.0,130.0,120.0,103.0,719,1306.0,5.0,1325,1311.0,-14.0,0,0,,0.0,0.0,0.0,0.0,0.0,2015-07-16,0,0.0,0.0,0.0,0.0,0.0
2015,7,22,3,WN,4913,N387SW,LAX,AUS,600,558.0,-2.0,15.0,613.0,185.0,177.0,158.0,1242,1051.0,4.0,1105,1055.0,-10.0,0,0,,0.0,0.0,0.0,0.0,0.0,2015-07-22,0,0.0,0.0,0.0,0.0,0.0
2015,7,9,4,B6,312,N183JB,ORD,BOS,1512,1518.0,6.0,16.0,1534.0,144.0,132.0,111.0,867,1825.0,5.0,1836,1830.0,-6.0,0,0,,0.0,0.0,0.0,0.0,0.0,2015-07-09,0,0.0,0.0,0.0,0.0,0.0
2015,6,18,4,WN,3318,N781WN,LAS,CLE,1650,1703.0,13.0,13.0,1716.0,235.0,234.0,214.0,1824,2350.0,7.0,2345,2357.0,12.0,0,0,,0.0,0.0,0.0,0.0,0.0,2015-06-18,0,0.0,0.0,0.0,0.0,0.0
2015,7,22,3,WN,414,N221WN,BDL,MDW,1140,1417.0,157.0,9.0,1426.0,140.0,137.0,125.0,777,1531.0,3.0,1300,1534.0,154.0,0,0,,0.0,0.0,25.0,129.0,0.0,2015-07-22,1,0.0,0.0,15.92,82.17,0.0
2015,7,2,4,UA,1716,N68801,MSY,ORD,1900,1904.0,4.0,10.0,1914.0,151.0,151.0,131.0,837,2125.0,10.0,2131,2135.0,4.0,0,0,,0.0,0.0,0.0,0.0,0.0,2015-07-02,0,0.0,0.0,0.0,0.0,0.0
2015,7,5,7,DL,1910,N904DE,ATL,DFW,1350,1346.0,-4.0,16.0,1402.0,139.0,124.0,102.0,731,1444.0,6.0,1509,1450.0,-19.0,0,0,,0.0,0.0,0.0,0.0,0.0,2015-07-05,0,0.0,0.0,0.0,0.0,0.0
2015,6,30,2,WN,470,N449WN,SNA,SJC,2125,2157.0,32.0,8.0,2205.0,70.0,81.0,51.0,342,2256.0,22.0,2235,2318.0,43.0,0,0,,11.0,0.0,0.0,32.0,0.0,2015-06-30,1,34.38,0.0,0.0,100.0,0.0
2015,6,23,2,WN,1107,N224WN,TUS,DEN,615,610.0,-5.0,7.0,617.0,110.0,100.0,85.0,639,842.0,8.0,905,850.0,-15.0,0,0,,0.0,0.0,0.0,0.0,0.0,2015-06-23,0,0.0,0.0,0.0,0.0,0.0
2015,6,24,3,DL,1604,N822DN,DTW,FLL,734,734.0,0.0,22.0,756.0,174.0,171.0,144.0,1127,1020.0,5.0,1028,1025.0,-3.0,0,0,,0.0,0.0,0.0,0.0,0.0,2015-06-24,0,0.0,0.0,0.0,0.0,0.0
2015,7,8,3,WN,4097,N910WN,IND,DEN,1520,1518.0,-2.0,11.0,1529.0,165.0,157.0,140.0,977,1549.0,6.0,1605,1555.0,-10.0,0,0,,0.0,0.0,0.0,0.0,0.0,2015-07-08,0,0.0,0.0,0.0,0.0,0.0
2015,7,5,7,WN,150,N554WN,CLE,MDW,1015,1010.0,-5.0,5.0,1015.0,70.0,56.0,46.0,307,1001.0,5.0,1025,1006.0,-19.0,0,0,,0.0,0.0,0.0,0.0,0.0,2015-07-05,0,0.0,0.0,0.0,0.0,0.0
2015,6,30,2,DL,1403,N989AT,ECP,ATL,1739,1738.0,-1.0,20.0,1758.0,77.0,80.0,43.0,240,1941.0,17.0,1956,1958.0,2.0,0,0,,0.0,0.0,0.0,0.0,0.0,2015-06-30,0,0.0,0.0,0.0,0.0,0.0
2015,7,8,3,AA,1328,N3HWAA,MIA,EWR,2100,2053.0,-7.0,14.0,2107.0,181.0,181.0,156.0,1085,2343.0,11.0,1,2354.0,-7.0,0,0,,0.0,0.0,0.0,0.0,0.0,2015-07-08,0,0.0,0.0,0.0,0.0,0.0
2015,7,3,5,AA,1864,N733UW,CLT,DCA,1635,1644.0,9.0,11.0,1655.0,86.0,78.0,59.0,331,1754.0,8.0,1801,1802.0,1.0,0,0,,0.0,0.0,0.0,0.0,0.0,2015-07-03,0,0.0,0.0,0.0,0.0,0.0
2015,7,5,7,WN,559,N959WN,BNA,DEN,925,920.0,-5.0,10.0,930.0,165.0,152.0,137.0,1014,1047.0,5.0,1110,1052.0,-18.0,0,0,,0.0,0.0,0.0,0.0,0.0,2015-07-05,0,0.0,0.0,0.0,0.0,0.0
2015,7,12,7,WN,3232,N265WN,PDX,DEN,530,525.0,-5.0,9.0,534.0,150.0,147.0,130.0,991,844.0,8.0,900,852.0,-8.0,0,0,,0.0,0.0,0.0,0.0,0.0,2015-07-12,0,0.0,0.0,0.0,0.0,0.0
2015,7,9,4,HA,16,N383HA,HNL,SAN,1340,1346.0,6.0,14.0,1400.0,320.0,335.0,313.0,2614,2213.0,8.0,2200,2221.0,21.0,0,0,,0.0,0.0,21.0,0.0,0.0,2015-07-09,0,0.0,0.0,350.0,0.0,0.0
2015,6,23,2,AA,919,N007AA,TPA,MIA,2155,2150.0,-5.0,9.0,2159.0,65.0,56.0,41.0,204,2240.0,6.0,2300,2246.0,-14.0,0,0,,0.0,0.0,0.0,0.0,0.0,2015-06-23,0,0.0,0.0,0.0,0.0,0.0
2015,6,14,7,DL,2548,N301DQ,ATL,CLE,2040,2043.0,3.0,13.0,2056.0,113.0,99.0,80.0,554,2216.0,6.0,2233,2222.0,-11.0,0,0,,0.0,0.0,0.0,0.0,0.0,2015-06-14,0,0.0,0.0,0.0,0.0,0.0
2015,6,20,6,B6,123,N944JB,JFK,LAX,820,817.0,-3.0,27.0,844.0,364.0,343.0,307.0,2475,1051.0,9.0,1124,1100.0,-24.0,0,0,,0.0,0.0,0.0,0.0,0.0,2015-06-20,0,0.0,0.0,0.0,0.0,0.0
2015,7,22,3,DL,785,N581NW,MSP,ATL,1315,1315.0,0.0,21.0,1336.0,145.0,143.0,115.0,907,1631.0,7.0,1640,1638.0,-2.0,0,0,,0.0,0.0,0.0,0.0,0.0,2015-07-22,0,0.0,0.0,0.0,0.0,0.0
2015,6,18,4,OO,4844,N437SW,FAR,MSP,1930,1920.0,-10.0,16.0,1936.0,59.0,66.0,44.0,223,2020.0,6.0,2029,2026.0,-3.0,0,0,,0.0,0.0,0.0,0.0,0.0,2015-06-18,0,0.0,0.0,0.0,0.0,0.0
2015,6,28,7,AA,243,N4XSAA,SAT,DFW,1844,1838.0,-6.0,10.0,1848.0,76.0,62.0,44.0,247,1932.0,8.0,2000,1940.0,-20.0,0,0,,0.0,0.0,0.0,0.0,0.0,2015-06-28,0,0.0,0.0,0.0,0.0,0.0
2015,6,20,6,UA,1165,N19117,ORD,EWR,1505,1536.0,31.0,15.0,1551.0,145.0,121.0,91.0,719,1822.0,15.0,1830,1837.0,7.0,0,0,,0.0,0.0,0.0,0.0,0.0,2015-06-20,1,0.0,0.0,0.0,0.0,0.0
2015,7,10,5,B6,1808,N375JB,IAD,JFK,2022,2016.0,-6.0,15.0,2031.0,98.0,68.0,45.0,228,2116.0,8.0,2200,2124.0,-36.0,0,0,,0.0,0.0,0.0,0.0,0.0,2015-07-10,0,0.0,0.0,0.0,0.0,0.0
2015,7,9,4,OO,4981,N760SK,AUS,IAH,1347,1343.0,-4.0,11.0,1354.0,58.0,62.0,43.0,140,1437.0,8.0,1445,1445.0,0.0,0,0,,0.0,0.0,0.0,0.0,0.0,2015-07-09,0,0.0,0.0,0.0,0.0,0.0
2015,6,27,6,WN,4482,N8620H,LAS,SMF,2145,2147.0,2.0,11.0,2158.0,80.0,74.0,58.0,397,2256.0,5.0,2305,2301.0,-4.0,0,0,,0.0,0.0,0.0,0.0,0.0,2015-06-27,0,0.0,0.0,0.0,0.0,0.0
2015,7,11,6,WN,1486,N8664J,BWI,SJU,900,903.0,3.0,30.0,933.0,245.0,253.0,215.0,1565,1308.0,8.0,1305,1316.0,11.0,0,0,,0.0,0.0,0.0,0.0,0.0,2015-07-11,0,0.0,0.0,0.0,0.0,0.0
2015,7,13,1,B6,1262,N595JB,PBI,LGA,1841,1847.0,6.0,10.0,1857.0,169.0,173.0,158.0,1035,2135.0,5.0,2130,2140.0,10.0,0,0,,0.0,0.0,0.0,0.0,0.0,2015-07-13,0,0.0,0.0,0.0,0.0,0.0
2015,6,15,1,UA,509,N488UA,IAH,ORD,1015,1306.0,171.0,23.0,1329.0,160.0,158.0,123.0,925,1532.0,12.0,1255,1544.0,169.0,0,0,,0.0,0.0,43.0,126.0,0.0,2015-06-15,1,0.0,0.0,25.15,73.68,0.0
2015,7,10,5,WN,753,N8661A,LAS,MCI,1250,1326.0,36.0,13.0,1339.0,165.0,147.0,130.0,1139,1749.0,4.0,1735,1753.0,18.0,0,0,,0.0,0.0,18.0,0.0,0.0,2015-07-10,1,0.0,0.0,50.0,0.0,0.0
2015,7,10,5,OO,4556,N692CA,BNA,MSP,1615,1614.0,-1.0,14.0,1628.0,132.0,135.0,118.0,695,1826.0,3.0,1827,1829.0,2.0,0,0,,0.0,0.0,0.0,0.0,0.0,2015-07-10,0,0.0,0.0,0.0,0.0,0.0
2015,7,19,7,AA,592,N757UW,PHX,MCI,1610,1621.0,11.0,13.0,1634.0,152.0,151.0,132.0,1044,2046.0,6.0,2042,2052.0,10.0,0,0,,0.0,0.0,0.0,0.0,0.0,2015-07-19,0,0.0,0.0,0.0,0.0,0.0
2015,7,7,2,DL,1401,N905DE,MSP,TPA,910,906.0,-4.0,16.0,922.0,187.0,186.0,165.0,1306,1307.0,5.0,1317,1312.0,-5.0,0,0,,0.0,0.0,0.0,0.0,0.0,2015-07-07,0,0.0,0.0,0.0,0.0,0.0
2015,6,22,1,AA,2466,N3AMAA,LAS,LAX,1825,1839.0,14.0,23.0,1902.0,77.0,70.0,42.0,236,1944.0,5.0,1942,1949.0,7.0,0,0,,0.0,0.0,0.0,0.0,0.0,2015-06-22,0,0.0,0.0,0.0,0.0,0.0
2015,6,28,7,OO,5259,N959SW,GRB,ORD,915,915.0,0.0,15.0,930.0,58.0,65.0,37.0,173,1007.0,13.0,1013,1020.0,7.0,0,0,,0.0,0.0,0.0,0.0,0.0,2015-06-28,0,0.0,0.0,0.0,0.0,0.0
2015,7,5,7,AA,375,N4UBAA,DFW,MKE,2015,2011.0,-4.0,16.0,2027.0,149.0,157.0,133.0,853,2240.0,8.0,2244,2248.0,4.0,0,0,,0.0,0.0,0.0,0.0,0.0,2015-07-05,0,0.0,0.0,0.0,0.0,0.0
2015,6,19,5,DL,496,N809DN,JFK,SEA,1045,1042.0,-3.0,13.0,1055.0,365.0,365.0,343.0,2422,1338.0,9.0,1350,1347.0,-3.0,0,0,,0.0,0.0,0.0,0.0,0.0,2015-06-19,0,0.0,0.0,0.0,0.0,0.0
2015,7,12,7,UA,315,N418UA,IAH,ORD,1432,1424.0,-8.0,27.0,1451.0,164.0,168.0,125.0,925,1656.0,16.0,1716,1712.0,-4.0,0,0,,0.0,0.0,0.0,0.0,0.0,2015-07-12,0,0.0,0.0,0.0,0.0,0.0
2015,6,17,3,WN,542,N7735A,DEN,HOU,2025,2032.0,7.0,8.0,2040.0,135.0,133.0,119.0,883,2339.0,6.0,2340,2345.0,5.0,0,0,,0.0,0.0,0.0,0.0,0.0,2015-06-17,0,0.0,0.0,0.0,0.0,0.0
2015,6,24,3,WN,3472,N294WN,SEA,OAK,2150,2214.0,24.0,16.0,2230.0,125.0,114.0,93.0,672,3.0,5.0,2355,8.0,13.0,0,0,,0.0,0.0,0.0,0.0,0.0,2015-06-24,1,0.0,0.0,0.0,0.0,0.0
2015,7,10,5,AA,2485,N853AA,DFW,LAX,1150,1150.0,0.0,12.0,1202.0,204.0,195.0,174.0,1235,1256.0,9.0,1314,1305.0,-9.0,0,0,,0.0,0.0,0.0,0.0,0.0,2015-07-10,0,0.0,0.0,0.0,0.0,0.0
2015,7,14,2,DL,160,N965DN,DEN,MSP,1100,1108.0,8.0,11.0,1119.0,112.0,103.0,86.0,680,1345.0,6.0,1352,1351.0,-1.0,0,0,,0.0,0.0,0.0,0.0,0.0,2015-07-14,0,0.0,0.0,0.0,0.0,0.0
2015,6,15,1,EV,2718,N903EV,DFW,PIA,1500,1606.0,66.0,16.0,1622.0,117.0,110.0,87.0,672,1749.0,7.0,1657,1756.0,59.0,0,0,,0.0,0.0,59.0,0.0,0.0,2015-06-15,1,0.0,0.0,89.39,0.0,0.0
2015,6,24,3,EV,5677,N16999,EWR,MEM,1410,1400.0,-10.0,24.0,1424.0,172.0,182.0,152.0,946,1556.0,6.0,1602,1602.0,0.0,0,0,,0.0,0.0,0.0,0.0,0.0,2015-06-24,0,0.0,0.0,0.0,0.0,0.0
2015,6,29,1,B6,687,N828JB,BOS,LAX,1952,2007.0,15.0,17.0,2024.0,376.0,349.0,318.0,2611,2242.0,14.0,2308,2256.0,-12.0,0,0,,0.0,0.0,0.0,0.0,0.0,2015-06-29,0,0.0,0.0,0.0,0.0,0.0
2015,7,8,3,UA,1474,N39423,LAX,SFO,1643,1737.0,54.0,20.0,1757.0,88.0,76.0,51.0,337,1848.0,5.0,1811,1853.0,42.0,0,0,,0.0,0.0,9.0,33.0,0.0,2015-07-08,1,0.0,0.0,16.67,61.11,0.0
2015,7,15,3,DL,281,N3745B,DTW,SEA,1205,1203.0,-2.0,10.0,1213.0,290.0,284.0,265.0,1927,1338.0,9.0,1355,1347.0,-8.0,0,0,,0.0,0.0,0.0,0.0,0.0,2015-07-15,0,0.0,0.0,0.0,0.0,0.0
2015,6,29,1,B6,2115,N309JB,DCA,JAX,1019,1013.0,-6.0,17.0,1030.0,121.0,119.0,98.0,634,1208.0,4.0,1220,1212.0,-8.0,0,0,,0.0,0.0,0.0,0.0,0.0,2015-06-29,0,0.0,0.0,0.0,0.0,0.0
2015,7,16,4,WN,1778,N283WN,DAL,TUL,1605,1615.0,10.0,8.0,1623.0,55.0,54.0,42.0,237,1705.0,4.0,1700,1709.0,9.0,0,0,,0.0,0.0,0.0,0.0,0.0,2015-07-16,0,0.0,0.0,0.0,0.0,0.0
2015,7,18,6,WN,3267,N8667D,BOS,DEN,1725,1741.0,16.0,23.0,1804.0,295.0,301.0,272.0,1754,2036.0,6.0,2020,2042.0,22.0,0,0,,6.0,0.0,3.0,13.0,0.0,2015-07-18,1,37.5,0.0,18.75,81.25,0.0
2015,6,21,7,AA,2404,N858AA,LAX,DFW,500,506.0,6.0,15.0,521.0,192.0,194.0,168.0,1235,1009.0,11.0,1012,1020.0,8.0,0,0,,0.0,0.0,0.0,0.0,0.0,2015-06-21,0,0.0,0.0,0.0,0.0,0.0
2015,7,8,3,AA,1473,N469AA,ATL,DFW,1446,1446.0,0.0,18.0,1504.0,139.0,144.0,112.0,731,1556.0,14.0,1605,1610.0,5.0,0,0,,0.0,0.0,0.0,0.0,0.0,2015-07-08,0,0.0,0.0,0.0,0.0,0.0
2015,6,20,6,DL,2069,N540US,MCO,ATL,1220,1223.0,3.0,11.0,1234.0,110.0,71.0,55.0,404,1329.0,5.0,1410,1334.0,-36.0,0,0,,0.0,0.0,0.0,0.0,0.0,2015-06-20,0,0.0,0.0,0.0,0.0,0.0
2015,7,3,5,AA,1971,N119US,MSP,CLT,1735,2205.0,270.0,13.0,2218.0,153.0,142.0,123.0,930,121.0,6.0,2108,127.0,259.0,0,0,,0.0,0.0,37.0,222.0,0.0,2015-07-03,1,0.0,0.0,13.7,82.22,0.0
2015,6,21,7,DL,940,N557NW,MKE,ATL,1814,1812.0,-2.0,10.0,1822.0,126.0,129.0,110.0,669,2112.0,9.0,2120,2121.0,1.0,0,0,,0.0,0.0,0.0,0.0,0.0,2015-06-21,0,0.0,0.0,0.0,0.0,0.0
2015,7,18,6,AA,862,N751UW,DCA,MCO,840,835.0,-5.0,24.0,859.0,146.0,132.0,99.0,759,1038.0,9.0,1106,1047.0,-19.0,0,0,,0.0,0.0,0.0,0.0,0.0,2015-07-18,0,0.0,0.0,0.0,0.0,0.0
2015,7,18,6,WN,1055,N278WN,IND,DEN,1940,2011.0,31.0,8.0,2019.0,165.0,151.0,137.0,977,2036.0,6.0,2025,2042.0,17.0,0,0,,0.0,0.0,2.0,15.0,0.0,2015-07-18,1,0.0,0.0,6.45,48.39,0.0
2015,6,25,4,EV,4478,N12569,JAN,IAH,1643,1633.0,-10.0,13.0,1646.0,83.0,87.0,59.0,351,1745.0,15.0,1806,1800.0,-6.0,0,0,,0.0,0.0,0.0,0.0,0.0,2015-06-25,0,0.0,0.0,0.0,0.0,0.0
2015,6,15,1,OO,2857,N868CA,MRY,LAX,740,735.0,-5.0,15.0,750.0,78.0,74.0,49.0,266,839.0,10.0,858,849.0,-9.0,0,0,,0.0,0.0,0.0,0.0,0.0,2015-06-15,0,0.0,0.0,0.0,0.0,0.0
2015,7,22,3,NK,761,N514NK,ORD,MSP,928,925.0,-3.0,21.0,946.0,85.0,85.0,59.0,334,1045.0,5.0,1053,1050.0,-3.0,0,0,,0.0,0.0,0.0,0.0,0.0,2015-07-22,0,0.0,0.0,0.0,0.0,0.0
2015,6,24,3,WN,1249,N562WN,OAK,BOI,900,900.0,0.0,12.0,912.0,85.0,89.0,74.0,512,1126.0,3.0,1125,1129.0,4.0,0,0,,0.0,0.0,0.0,0.0,0.0,2015-06-24,0,0.0,0.0,0.0,0.0,0.0
2015,6,19,5,UA,1526,N73406,PHL,SFO,630,638.0,8.0,11.0,649.0,370.0,356.0,329.0,2521,918.0,16.0,940,934.0,-6.0,0,0,,0.0,0.0,0.0,0.0,0.0,2015-06-19,0,0.0,0.0,0.0,0.0,0.0
2015,6,26,5,WN,16,N418WN,LGA,HOU,635,656.0,21.0,41.0,737.0,230.0,243.0,196.0,1428,953.0,6.0,925,959.0,34.0,0,0,,13.0,0.0,21.0,0.0,0.0,2015-06-26,1,61.9,0.0,100.0,0.0,0.0
2015,7,16,4,WN,834,N383SW,LAS,BUR,1045,1051.0,6.0,11.0,1102.0,60.0,60.0,47.0,223,1149.0,2.0,1145,1151.0,6.0,0,0,,0.0,0.0,0.0,0.0,0.0,2015-07-16,0,0.0,0.0,0.0,0.0,0.0
2015,7,10,5,DL,951,N335NW,SLC,MCO,2250,2244.0,-6.0,13.0,2257.0,263.0,248.0,230.0,1931,447.0,5.0,513,452.0,-21.0,0,0,,0.0,0.0,0.0,0.0,0.0,2015-07-10,0,0.0,0.0,0.0,0.0,0.0
2015,6,15,1,WN,824,N483WN,MCI,LAS,1330,1546.0,136.0,10.0,1556.0,175.0,169.0,155.0,1139,1631.0,4.0,1425,1635.0,130.0,0,0,,0.0,0.0,1.0,129.0,0.0,2015-06-15,1,0.0,0.0,0.74,94.85,0.0
2015,7,12,7,OO,5168,N479CA,DEN,LIT,1945,1944.0,-1.0,12.0,1956.0,126.0,117.0,99.0,771,2235.0,6.0,2251,2241.0,-10.0,0,0,,0.0,0.0,0.0,0.0,0.0,2015-07-12,0,0.0,0.0,0.0,0.0,0.0
2015,6,30,2,AA,1440,N3CBAA,DFW,AUS,2040,2159.0,79.0,13.0,2212.0,61.0,51.0,33.0,190,2245.0,5.0,2141,2250.0,69.0,0,0,,0.0,0.0,0.0,69.0,0.0,2015-06-30,1,0.0,0.0,0.0,87.34,0.0
2015,6,16,2,EV,2696,N877AS,BTR,DFW,1527,1547.0,20.0,41.0,1628.0,86.0,138.0,60.0,383,1728.0,37.0,1653,1805.0,72.0,0,0,,52.0,0.0,20.0,0.0,0.0,2015-06-16,1,260.0,0.0,100.0,0.0,0.0
2015,6,19,5,DL,713,N950DN,DCA,ATL,1600,1556.0,-4.0,14.0,1610.0,118.0,103.0,79.0,547,1729.0,10.0,1758,1739.0,-19.0,0,0,,0.0,0.0,0.0,0.0,0.0,2015-06-19,0,0.0,0.0,0.0,0.0,0.0
2015,7,6,1,OO,4519,N8933B,MSP,BIS,1320,1318.0,-2.0,15.0,1333.0,87.0,83.0,65.0,386,1438.0,3.0,1447,1441.0,-6.0,0,0,,0.0,0.0,0.0,0.0,0.0,2015-07-06,0,0.0,0.0,0.0,0.0,0.0
2015,7,2,4,EV,3947,N21537,ORD,GRB,1553,1553.0,0.0,17.0,1610.0,60.0,55.0,34.0,173,1644.0,4.0,1653,1648.0,-5.0,0,0,,0.0,0.0,0.0,0.0,0.0,2015-07-02,0,0.0,0.0,0.0,0.0,0.0
2015,6,18,4,OO,4759,N823AS,MSP,DAY,2010,2001.0,-9.0,15.0,2016.0,110.0,99.0,74.0,574,2230.0,10.0,2300,2240.0,-20.0,0,0,,0.0,0.0,0.0,0.0,0.0,2015-06-18,0,0.0,0.0,0.0,0.0,0.0
2015,6,17,3,US,893,N700UW,CLT,ORD,1300,1300.0,0.0,18.0,1318.0,126.0,115.0,88.0,599,1346.0,9.0,1406,1355.0,-11.0,0,0,,0.0,0.0,0.0,0.0,0.0,2015-06-17,0,0.0,0.0,0.0,0.0,0.0
2015,7,11,6,WN,4613,N369SW,ONT,DEN,1450,1501.0,11.0,8.0,1509.0,135.0,118.0,103.0,819,1752.0,7.0,1805,1759.0,-6.0,0,0,,0.0,0.0,0.0,0.0,0.0,2015-07-11,0,0.0,0.0,0.0,0.0,0.0
2015,7,8,3,OO,2950,N477CA,YUM,PHX,1155,1139.0,-16.0,11.0,1150.0,60.0,61.0,36.0,160,1226.0,14.0,1255,1240.0,-15.0,0,0,,0.0,0.0,0.0,0.0,0.0,2015-07-08,0,0.0,0.0,0.0,0.0,0.0
2015,6,23,2,EV,4282,N15910,ORD,BTV,1348,1452.0,64.0,18.0,1510.0,133.0,118.0,93.0,763,1743.0,7.0,1701,1750.0,49.0,0,0,,0.0,0.0,39.0,10.0,0.0,2015-06-23,1,0.0,0.0,60.94,15.62,0.0
2015,7,16,4,MQ,3692,N674MQ,DFW,TUL,715,709.0,-6.0,12.0,721.0,70.0,62.0,45.0,237,806.0,5.0,825,811.0,-14.0,0,0,,0.0,0.0,0.0,0.0,0.0,2015-07-16,0,0.0,0.0,0.0,0.0,0.0
2015,6,22,1,AA,1217,N480AA,DAY,DFW,630,643.0,13.0,12.0,655.0,153.0,144.0,118.0,861,753.0,14.0,803,807.0,4.0,0,0,,0.0,0.0,0.0,0.0,0.0,2015-06-22,0,0.0,0.0,0.0,0.0,0.0
2015,7,18,6,WN,4364,N724SW,BWI,FLL,1730,1929.0,119.0,12.0,1941.0,155.0,143.0,126.0,925,2147.0,5.0,2005,2152.0,107.0,0,0,,0.0,0.0,0.0,107.0,0.0,2015-07-18,1,0.0,0.0,0.0,89.92,0.0
2015,7,8,3,DL,2061,N904DE,PHL,ATL,745,744.0,-1.0,27.0,811.0,137.0,137.0,87.0,666,938.0,23.0,1002,1001.0,-1.0,0,0,,0.0,0.0,0.0,0.0,0.0,2015-07-08,0,0.0,0.0,0.0,0.0,0.0
2015,7,11,6,WN,1231,N741SA,BOS,MCI,620,619.0,-1.0,19.0,638.0,205.0,191.0,167.0,1256,825.0,5.0,845,830.0,-15.0,0,0,,0.0,0.0,0.0,0.0,0.0,2015-07-11,0,0.0,0.0,0.0,0.0,0.0
2015,7,1,3,MQ,3253,N902MQ,GRR,ORD,1110,1101.0,-9.0,14.0,1115.0,61.0,58.0,31.0,137,1046.0,13.0,1111,1059.0,-12.0,0,0,,0.0,0.0,0.0,0.0,0.0,2015-07-01,0,0.0,0.0,0.0,0.0,0.0
2015,7,20,1,MQ,3281,N908MQ,ORD,CID,2028,2024.0,-4.0,26.0,2050.0,71.0,69.0,35.0,196,2125.0,8.0,2139,2133.0,-6.0,0,0,,0.0,0.0,0.0,0.0,0.0,2015-07-20,0,0.0,0.0,0.0,0.0,0.0
2015,7,3,5,DL,1435,N817DN,LAX,MSP,25,22.0,-3.0,24.0,46.0,210.0,216.0,188.0,1535,554.0,4.0,555,558.0,3.0,0,0,,0.0,0.0,0.0,0.0,0.0,2015-07-03,0,0.0,0.0,0.0,0.0,0.0
2015,7,2,4,WN,201,N521SW,DAL,HOU,630,629.0,-1.0,10.0,639.0,60.0,64.0,41.0,239,720.0,13.0,730,733.0,3.0,0,0,,0.0,0.0,0.0,0.0,0.0,2015-07-02,0,0.0,0.0,0.0,0.0,0.0
2015,7,9,4,AA,1264,N3EYAA,DFW,BOS,900,856.0,-4.0,14.0,910.0,231.0,217.0,192.0,1562,1322.0,11.0,1351,1333.0,-18.0,0,0,,0.0,0.0,0.0,0.0,0.0,2015-07-09,0,0.0,0.0,0.0,0.0,0.0
2015,7,7,2,DL,1536,N397DA,BWI,DTW,1245,1245.0,0.0,12.0,1257.0,92.0,82.0,66.0,409,1403.0,4.0,1417,1407.0,-10.0,0,0,,0.0,0.0,0.0,0.0,0.0,2015-07-07,0,0.0,0.0,0.0,0.0,0.0
2015,7,20,1,WN,1355,N637SW,MCO,BWI,1015,1012.0,-3.0,8.0,1020.0,130.0,122.0,110.0,787,1210.0,4.0,1225,1214.0,-11.0,0,0,,0.0,0.0,0.0,0.0,0.0,2015-07-20,0,0.0,0.0,0.0,0.0,0.0
2015,6,27,6,DL,1185,N372NW,SLC,GEG,2130,2208.0,38.0,16.0,2224.0,102.0,95.0,74.0,546,2238.0,5.0,2212,2243.0,31.0,0,0,,0.0,0.0,0.0,31.0,0.0,2015-06-27,1,0.0,0.0,0.0,81.58,0.0
2015,6,15,1,WN,3855,N959WN,OMA,LAX,1530,1613.0,43.0,12.0,1625.0,205.0,193.0,175.0,1330,1720.0,6.0,1655,1726.0,31.0,0,0,,0.0,0.0,11.0,20.0,0.0,2015-06-15,1,0.0,0.0,25.58,46.51,0.0
2015,7,7,2,AA,2425,N3HPAA,DFW,LAX,1050,1054.0,4.0,19.0,1113.0,206.0,188.0,165.0,1235,1158.0,4.0,1216,1202.0,-14.0,0,0,,0.0,0.0,0.0,0.0,0.0,2015-07-07,0,0.0,0.0,0.0,0.0,0.0
2015,7,14,2,AA,674,N813AW,ONT,PHX,1925,2001.0,36.0,8.0,2009.0,72.0,57.0,45.0,325,2054.0,4.0,2037,2058.0,21.0,0,0,,0.0,0.0,0.0,21.0,0.0,2015-07-14,1,0.0,0.0,0.0,58.33,0.0
2015,7,7,2,WN,363,N8311Q,DEN,SAN,1420,1457.0,37.0,18.0,1515.0,140.0,142.0,120.0,853,1615.0,4.0,1540,1619.0,39.0,0,0,,2.0,0.0,37.0,0.0,0.0,2015-07-07,1,5.41,0.0,100.0,0.0,0.0
2015,6,27,6,UA,1903,N73406,PHX,IAH,1550,1549.0,-1.0,10.0,1559.0,160.0,150.0,128.0,1009,2007.0,12.0,2030,2019.0,-11.0,0,0,,0.0,0.0,0.0,0.0,0.0,2015-06-27,0,0.0,0.0,0.0,0.0,0.0
2015,7,21,2,AA,2333,N555AA,DFW,ORF,1832,1900.0,28.0,16.0,1916.0,186.0,166.0,146.0,1212,2242.0,4.0,2238,2246.0,8.0,0,0,,0.0,0.0,0.0,0.0,0.0,2015-07-21,1,0.0,0.0,0.0,0.0,0.0
2015,6,20,6,OO,5175,N745SK,SLC,IAH,954,951.0,-3.0,13.0,1004.0,186.0,170.0,150.0,1195,1334.0,7.0,1400,1341.0,-19.0,0,0,,0.0,0.0,0.0,0.0,0.0,2015-06-20,0,0.0,0.0,0.0,0.0,0.0
2015,7,18,6,DL,859,N350NA,BOS,MSP,1430,1431.0,1.0,15.0,1446.0,188.0,176.0,157.0,1124,1623.0,4.0,1638,1627.0,-11.0,0,0,,0.0,0.0,0.0,0.0,0.0,2015-07-18,0,0.0,0.0,0.0,0.0,0.0
2015,7,13,1,AA,970,N586AA,MCI,DFW,1246,1251.0,5.0,16.0,1307.0,99.0,88.0,64.0,460,1411.0,8.0,1425,1419.0,-6.0,0,0,,0.0,0.0,0.0,0.0,0.0,2015-07-13,0,0.0,0.0,0.0,0.0,0.0
2015,6,18,4,WN,2415,N638SW,LAX,OAK,1655,1708.0,13.0,7.0,1715.0,75.0,69.0,55.0,337,1810.0,7.0,1810,1817.0,7.0,0,0,,0.0,0.0,0.0,0.0,0.0,2015-06-18,0,0.0,0.0,0.0,0.0,0.0
2015,7,2,4,DL,1482,N6706Q,RDU,ATL,715,816.0,61.0,25.0,841.0,94.0,87.0,55.0,356,936.0,7.0,849,943.0,54.0,0,0,,0.0,0.0,54.0,0.0,0.0,2015-07-02,1,0.0,0.0,88.52,0.0,0.0
2015,7,20,1,DL,716,N928DN,LGA,ATL,1459,1520.0,21.0,35.0,1555.0,170.0,143.0,104.0,762,1739.0,4.0,1749,1743.0,-6.0,0,0,,0.0,0.0,0.0,0.0,0.0,2015-07-20,1,0.0,0.0,0.0,0.0,0.0
2015,7,3,5,WN,2076,N643SW,PHX,SAN,910,906.0,-4.0,16.0,922.0,80.0,67.0,48.0,304,1010.0,3.0,1030,1013.0,-17.0,0,0,,0.0,0.0,0.0,0.0,0.0,2015-07-03,0,0.0,0.0,0.0,0.0,0.0
2015,7,12,7,WN,874,N756SA,OAK,PHX,1035,1032.0,-3.0,12.0,1044.0,110.0,104.0,90.0,646,1214.0,2.0,1225,1216.0,-9.0,0,0,,0.0,0.0,0.0,0.0,0.0,2015-07-12,0,0.0,0.0,0.0,0.0,0.0
2015,6,21,7,WN,3934,N340LV,SAN,SFO,1440,1701.0,141.0,13.0,1714.0,85.0,81.0,63.0,447,1817.0,5.0,1605,1822.0,137.0,0,0,,0.0,0.0,2.0,135.0,0.0,2015-06-21,1,0.0,0.0,1.42,95.74,0.0
2015,6,25,4,US,1770,N724UW,BDL,CLT,600,559.0,-1.0,13.0,612.0,124.0,116.0,96.0,644,748.0,7.0,804,755.0,-9.0,0,0,,0.0,0.0,0.0,0.0,0.0,2015-06-25,0,0.0,0.0,0.0,0.0,0.0
2015,6,18,4,US,662,N167US,CLT,SFO,730,727.0,-3.0,11.0,738.0,323.0,299.0,283.0,2296,921.0,5.0,953,926.0,-27.0,0,0,,0.0,0.0,0.0,0.0,0.0,2015-06-18,0,0.0,0.0,0.0,0.0,0.0
2015,7,10,5,WN,36,N556WN,DAL,ABQ,1640,1647.0,7.0,15.0,1702.0,100.0,104.0,85.0,580,1727.0,4.0,1720,1731.0,11.0,0,0,,0.0,0.0,0.0,0.0,0.0,2015-07-10,0,0.0,0.0,0.0,0.0,0.0
2015,6,30,2,OO,4470,N631SK,OMA,SLC,1750,1800.0,10.0,11.0,1811.0,150.0,132.0,117.0,840,1908.0,4.0,1920,1912.0,-8.0,0,0,,0.0,0.0,0.0,0.0,0.0,2015-06-30,0,0.0,0.0,0.0,0.0,0.0
2015,7,2,4,EV,4231,N17108,STL,IAH,1814,1830.0,16.0,12.0,1842.0,126.0,124.0,97.0,667,2019.0,15.0,2020,2034.0,14.0,0,0,,0.0,0.0,0.0,0.0,0.0,2015-07-02,1,0.0,0.0,0.0,0.0,0.0
2015,6,14,7,WN,303,N496WN,SMF,SNA,1040,1039.0,-1.0,9.0,1048.0,80.0,82.0,68.0,404,1156.0,5.0,1200,1201.0,1.0,0,0,,0.0,0.0,0.0,0.0,0.0,2015-06-14,0,0.0,0.0,0.0,0.0,0.0
2015,7,22,3,EV,5056,N870AS,ATL,SHV,815,813.0,-2.0,16.0,829.0,105.0,100.0,80.0,551,849.0,4.0,900,853.0,-7.0,0,0,,0.0,0.0,0.0,0.0,0.0,2015-07-22,0,0.0,0.0,0.0,0.0,0.0
